message,concepts
"(1, 1, 2, 0)","[(15, 0, 1)]"
"(1, 1, 5, 0)","[(9, 0, 1), (9, 0, 1), (9, 11, 1), (9, 0, 1)]"
"(1, 1, 21, 0)","[(4, 0, 1), (8, 0, 1), (8, 0, 1), (4, 0, 1), (4, 0, 1), (8, 0, 1), (8, 0, 1), (4, 0, 1), (4, 0, 1), (4, 0, 1)]"
"(1, 1, 23, 0)","[(11, 0, 6)]"
"(1, 1, 30, 0)","[(1, 0, 1), (1, 0, 1), (1, 0, 1), (1, 0, 1), (1, 0, 1), (1, 0, 1), (1, 0, 1), (1, 0, 1), (1, 0, 1), (8, 0, 1)]"
"(1, 2, 2, 0)","[(11, 11, 1)]"
"(1, 4, 5, 0)","[(9, 0, 12)]"
"(1, 4, 21, 0)","[(4, 11, 12), (4, 11, 12), (4, 11, 12), (4, 11, 12)]"
"(1, 4, 23, 0)","[(2, 0, 12), (15, 0, 12), (7, 0, 12), (7, 0, 12), (2, 0, 12), (2, 0, 12), (2, 0, 12), (2, 0, 12), (7, 0, 12), (12, 0, 12), (7, 0, 12), (15, 0, 12), (7, 0, 12)]"
"(1, 4, 41, 0)","[(4, 0, 12)]"
"(1, 4, 43, 0)","[(10, 13, 12)]"
"(1, 5, 5, 0)","[(9, 0, 9), (9, 0, 9), (9, 11, 6), (9, 0, 6), (9, 0, 6), (9, 0, 9), (9, 0, 9)]"
"(1, 5, 12, 0)","[(8, 0, 9)]"
"(1, 5, 21, 0)","[(4, 11, 9), (4, 11, 9), (4, 0, 9)]"
"(1, 5, 22, 0)","[(9, 11, 9)]"
"(1, 5, 23, 0)","[(2, 0, 9), (15, 0, 9)]"
"(1, 5, 41, 0)","[(4, 0, 9), (4, 0, 9), (4, 0, 9), (4, 0, 9), (4, 11, 9), (4, 0, 9), (4, 0, 9)]"
"(1, 8, 7, 0)","[(8, 11, 9)]"
"(1, 10, 8, 0)","[(0, 0, 9), (0, 0, 9), (0, 0, 9), (0, 0, 9), (14, 0, 9), (14, 0, 9), (14, 0, 9), (0, 0, 9), (14, 0, 9), (4, 0, 9)]"
"(1, 10, 16, 0)","[(1, 0, 9), (6, 0, 9)]"
"(1, 10, 41, 0)","[(14, 0, 9)]"
"(1, 10, 44, 0)","[(3, 0, 9), (3, 0, 9)]"
"(1, 14, 1, 0)","[(9, 11, 1)]"
"(1, 14, 2, 0)","[(11, 11, 1), (12, '?', 1), (11, 11, 1), (12, 0, 1), (15, 0, 1)]"
"(1, 14, 5, 0)","[(9, 11, 1), (9, 11, 1), (9, 11, 1), (9, 11, 1)]"
"(1, 14, 20, 0)","[(4, 11, 1), (4, 11, 1), (4, 11, 1)]"
"(1, 14, 21, 0)","[(4, 11, 1), (4, 0, 1)]"
"(1, 14, 23, 0)","[(12, 0, 1), (12, 0, 1), (10, 0, 10)]"
"(1, 14, 24, 0)","[(15, 0, 1), (15, 0, 1), (12, 0, 1), (12, 0, 1), (12, 0, 1), (15, 0, 1), (15, 0, 1), (15, 0, 1), (12, 0, 1), (15, 0, 1)]"
"(1, 14, 30, 0)","[(8, 0, 1)]"
"(1, 16, 5, 0)","[(9, 11, 9)]"
"(1, 18, 18, 0)","[(8, 11, 1)]"
"(1, 20, 8, 0)","[(0, 0, 6)]"
"(1, 20, 16, 0)","[(1, 0, 6), (1, 0, 6), (6, 0, 6), (1, 0, 6), (6, 0, 6), (6, 0, 6), (6, 0, 6)]"
"(1, 20, 20, 0)","[(13, 0, 1), (13, 0, 1), (13, 0, 1), (13, 0, 1), (13, 0, 1), (3, 0, 1), (13, 0, 1), (3, 0, 1), (0, 0, 1), (0, 0, 1)]"
"(1, 20, 21, 0)","[(4, 0, 6), (13, 0, 1)]"
"(1, 20, 25, 0)","[(3, 0, 1), (0, 0, 1), (0, 0, 1), (3, 0, 1), (3, 0, 1), (14, 0, 1)]"
"(1, 20, 30, 0)","[(6, 0, 1), (6, 0, 1), (6, 0, 1), (6, 0, 1), (6, 0, 1), (6, 0, 1), (6, 0, 1), (6, 0, 1)]"
"(1, 25, 8, 0)","[(0, 0, 6), (13, 0, 6), (0, 0, 6), (14, 0, 6), (13, 0, 6)]"
"(1, 25, 16, 0)","[(5, 0, 6), (5, 0, 6), (5, 0, 6), (6, 0, 6), (1, 0, 6), (5, 0, 6), (5, 0, 6), (5, 0, 6)]"
"(1, 26, 8, 0)","[(0, 0, 6), (14, 0, 6), (14, 0, 6), (0, 0, 6)]"
"(1, 26, 16, 0)","[(5, 0, 6), (5, 0, 6), (6, 0, 6), (6, 0, 6), (1, 0, 6), (1, 0, 6), (1, 0, 6), (5, 0, 6), (5, 0, 6), (6, 0, 6)]"
"(1, 26, 21, 0)","[(13, 0, 6), (4, 0, 6), (4, 0, 6), (13, 0, 6), (13, 0, 6)]"
"(1, 26, 26, 0)","[(14, 0, 6)]"
"(1, 26, 41, 0)","[(14, 0, 6)]"
"(1, 28, 5, 0)","[(9, 0, 6), (9, 11, 6), (9, 0, 6), (9, 11, 6), (9, 11, 6), (9, 11, 6), (9, 0, 6)]"
"(1, 28, 23, 0)","[(7, 0, 6), (11, 11, 6), (12, 11, 6), (12, 0, 6), (10, 0, 6), (11, 11, 6), (12, 11, 6), (12, 11, 6)]"
"(1, 28, 43, 0)","[(15, 11, 6), (15, 11, 6)]"
"(1, 29, 8, 0)","[(13, 0, 12)]"
"(1, 29, 12, 0)","[(8, 0, 12)]"
"(1, 29, 16, 0)","[(1, 0, 12), (1, 0, 12), (1, 0, 12), (1, 0, 12), (6, 0, 12), (1, 0, 12), (6, 0, 12), (6, 0, 12), (6, 0, 12), (6, 0, 12), (1, 0, 12), (1, 0, 12), (6, 0, 12)]"
"(1, 29, 21, 0)","[(4, 0, 12), (13, 0, 12), (13, 0, 12), (13, 0, 12), (13, 0, 12), (13, 0, 12), (14, 0, 12), (0, 0, 12)]"
"(1, 29, 41, 0)","[(13, 0, 12), (0, 0, 12), (14, 0, 12), (14, 0, 12), (13, 0, 12), (3, 0, 12), (13, 0, 12), (3, 0, 12), (13, 0, 12), (14, 0, 12), (3, 0, 12), (0, 0, 12), (14, 0, 12), (3, 0, 12), (0, 0, 12), (0, 0, 12), (3, 0, 12), (3, 0, 12)]"
"(1, 29, 44, 0)","[(3, 0, 12), (14, 0, 12), (0, 0, 12), (14, 0, 12), (3, 0, 12), (3, 0, 12), (0, 0, 12)]"
"(1, 31, 41, 0)","[(4, 0, 6), (4, 0, 6)]"
"(1, 34, 5, 0)","[(9, 0, 12), (9, 0, 12), (9, 0, 12), (9, 0, 12), (9, 0, 12), (9, 0, 12), (9, 0, 12)]"
"(1, 34, 12, 0)","[('?', 0, 12), ('?', 0, 12), ('?', 0, 12), ('?', 0, 12), (8, 0, 12), ('?', 11, 12), ('?', 0, 12), ('?', 0, 12), ('?', 11, 12), ('?', 0, 12), ('?', 0, 12), ('?', 0, 12), ('?', 11, 12), (8, 0, 12)]"
"(1, 34, 21, 0)","[(4, 11, 12), (4, 11, 12), (4, 11, 12), (4, 0, 12)]"
"(1, 34, 23, 0)","[(7, 0, 12), (12, 11, 12), (15, 0, 12), (11, 0, 12), (15, 0, 12), (10, 0, 12), (12, 11, 12), (12, 0, 12), (12, 11, 12), (10, 0, 12), (15, 0, 12), (15, 0, 12), (10, 0, 12), (12, 11, 12), (10, 0, 12), (12, 11, 12), (11, 0, 12), (7, 0, 12), (10, 0, 12), (15, 0, 12), (15, 0, 12), (12, 11, 12), (11, 0, 12), (7, 0, 12), (11, 0, 12), (2, 0, 12), (10, 0, 12), (7, 0, 12), (2, 0, 12)]"
"(1, 34, 41, 0)","[(8, 0, 12), (4, 0, 12), (4, 0, 12), (4, 0, 12)]"
"(1, 34, 43, 0)","[(10, 11, 12), (15, 11, 12), (10, 11, 12), (10, 11, 12), (2, 11, 12), (2, 11, 12), (15, 11, 12), (15, 11, 12), (15, 11, 12), (10, 11, 12), (10, 11, 12), (2, 11, 12), (15, 11, 12), (15, 11, 12), (2, 11, 12), (10, 11, 12), (10, 11, 12), (2, 11, 12), (10, 11, 12)]"
"(1, 35, 30, 0)","[(8, 0, 1), (8, 0, 1)]"
"(1, 36, 5, 0)","[(9, 0, 6), (9, 0, 6)]"
"(1, 36, 10, 0)","[(4, 13, 6)]"
"(1, 36, 23, 0)","[(7, 0, 6), (7, 0, 6), (10, 0, 6), (10, 0, 6), (7, 0, 6), (7, 0, 6), (7, 0, 6), (7, 0, 6)]"
"(1, 41, 16, 0)","[(1, 0, 9), (6, 0, 9), (6, 0, 9), (1, 0, 9), (1, 0, 9), (6, 0, 9), (1, 0, 9), (6, 0, 9), (1, 0, 9), (1, 0, 9)]"
"(1, 41, 21, 0)","[(0, 0, 9)]"
"(1, 41, 26, 0)","[(0, 0, 9)]"
"(1, 41, 41, 0)","[(3, 0, 9), (0, 0, 9), (0, 0, 9)]"
"(1, 45, 5, 0)","[(9, 0, 9), (9, 11, 9)]"
"(1, 45, 12, 0)","[(8, 0, 9), (8, 0, 9), (8, 0, 9)]"
"(1, 45, 19, 0)","[(8, 0, 9)]"
"(1, 45, 21, 0)","[(4, 11, 9), (4, 11, 9), (4, 1, '?'), (4, 11, 9), (4, 0, 9), (4, 0, 9)]"
"(1, 45, 23, 0)","[(10, 0, 9), (15, 0, 9), (10, 0, 9), (2, 0, 9), (2, 0, 9), (15, 0, 9), (2, 0, 9), (10, 0, 9), (15, 0, 9), (2, 0, 9), (10, 0, 9), (10, 0, 9), (10, 0, 9), (11, 11, 9), (2, 0, 9), (15, 0, 9), (2, 0, 9), (15, 0, 9), (10, 0, 9)]"
"(1, 45, 43, 0)","[(10, 11, 9), (10, 11, 9), (15, 11, 9), (10, 11, 9), (10, 11, 9)]"
"(1, 49, 5, 0)","[(9, 11, 6), (9, 11, 6), (9, 11, 6)]"
"(1, 49, 23, 0)","[(11, 11, 6), (10, 0, 6), (11, 0, 6), (11, 11, 6)]"
"(1, 49, 43, 0)","[(15, 11, 6), (7, 11, 6), (15, 11, 6), (7, 11, 6), (10, 11, 6), (10, 11, 6), (7, 11, 6), (10, 11, 6), (15, 11, 6), (15, 11, 6)]"
"(2, 2, 2, 0)","[(11, 2, 1), (11, 8, 1), (12, 4, 1), (12, 3, 1), (12, 4, 1), (12, 3, 1), (11, 8, 1), (11, 4, 1), (12, 8, 1), (11, 4, 1), (11, 8, 1), (12, 8, 1)]"
"(2, 14, 2, 0)","[(11, 15, 1)]"
"(2, 23, 43, 0)","[(11, 3, '?')]"
"(2, 46, 23, 0)","[(12, 2, 11)]"
"(3, 8, 7, 0)","[(8, 1, 9), (8, 1, 9), (8, 11, 9), (8, '?', 9), (8, 13, 9), (8, 6, 9), (8, 13, 9)]"
"(3, 8, 8, 0)","[(14, 6, 9)]"
"(3, 8, 39, 0)","[(8, 6, 9), (8, 6, 9), (8, 11, 9)]"
"(3, 25, 8, 0)","[(0, 13, 6), (14, 13, 6), (13, 6, 6), (3, 1, 6), (0, 13, 6), (0, 6, 6), (13, 13, 6), (14, 1, 6), (3, 6, 6), (0, 13, 6), (14, 1, 6)]"
"(3, 25, 12, 0)","[(1, 13, 6), (1, 1, 6), (6, 5, 6)]"
"(3, 25, 16, 0)","[(5, 1, 6), (1, 10, 6), (5, 12, 6), (1, 10, 6), (5, 6, 6)]"
"(3, 25, 21, 0)","[(14, 12, 6), (0, 5, 6), (3, 12, 6), (3, 12, 6)]"
"(3, 25, 26, 0)","[(0, 11, 6)]"
"(3, 26, 8, 0)","[(3, 6, 6), (3, 1, 6), (3, 1, 6), (3, 6, 6), (14, 1, 6), (3, 1, 6), (3, 13, 6), (14, 13, 6), (3, 6, 6), (3, 13, 6), (0, 6, 6), (14, 6, 6), (0, 13, 6), (0, 1, 6), (14, 1, 6), (0, 6, 6), (13, 6, 6), (0, 13, 6), (13, 13, 6), (14, 13, 6), (0, 1, 6), (13, 6, 6), (13, 1, 6), (13, 13, 6), (14, 13, 6), (3, 6, 6), (0, 13, 6), (14, 1, 6), (0, 1, 6), (3, 13, 6), (0, 13, 6), (0, 1, 6), (3, 6, 6), (3, 13, 6), (3, 6, 6), (0, 6, 6), (14, 13, 6), (14, 1, 6), (0, 6, 6), (3, 1, 6), (0, 6, 6)]"
"(3, 26, 12, 0)","[(6, 5, 6), (1, 13, 6), (1, 12, 6), (6, 5, 6), (1, 11, 6), (6, 5, 6), (6, 11, 6), (6, 5, 6), (6, 5, 6), (1, 12, 6), (1, 1, 6), (1, 12, 6), (1, 1, 6), (1, 13, 6), (1, 11, 6), (1, 13, 6), (1, 1, 6), (1, '?', 6), (6, 11, 6), (1, 11, 6), (6, 11, 6), (1, 9, 6), (1, 13, 6), (1, 1, 6), (1, 12, 6), (1, 11, 6), (1, '?', 6), (6, 11, 6), (6, 11, 6)]"
"(3, 26, 16, 0)","[(1, 6, 6), (5, 9, 6), (5, 11, 6), (5, 1, 6), (5, 1, 6), (5, 6, 6), (5, 12, 6), (1, 10, 6), (5, 5, 6), (5, 12, 6), (5, 6, 6), (5, 1, 6), (5, 13, 6), (1, 6, 6), (5, 11, 6), (5, 6, 6), (5, 13, 6), (5, 12, 6), (1, 10, 6), (5, 13, 6), (1, 6, 6), (5, 6, 6), (6, 10, 6), (5, 11, 6), (5, 12, 6), (6, 10, 6), (5, 13, 6), (5, 11, 6), (6, 6, 6), (5, 12, 6), (6, 10, 6), (5, 5, 6), (5, 1, 6), (5, 13, 6), (1, 10, 6), (5, 1, 6), (5, 11, 6), (1, 6, 6), (6, 6, 6), (5, 13, 6)]"
"(3, 26, 19, 0)","[(6, 6, 6), (1, 6, 6), (6, 6, 6), (1, 6, 6)]"
"(3, 26, 21, 0)","[(13, 11, 6), (14, 12, 6), (0, 11, 6), (0, 5, 6), (14, 12, 6), (0, 0, 6), (13, 1, 6), (0, 12, 6), (0, 12, 6), (0, 5, 6), (13, 10, 6), (3, 12, 6), (13, 12, 6), (14, 5, 6), (14, 12, 6), (13, 6, 6), (0, 9, 6), (0, 12, 6), (14, 5, 6), (14, 12, 6), (0, 12, 6), (13, 10, 6), (0, 5, 6)]"
"(3, 26, 26, 0)","[(0, 6, 6), (0, 11, 6), (3, 5, 6), (3, 5, 6), (0, 12, 6), (0, 13, 6), (3, 11, 6), (3, 12, 6), (3, 5, 6), (0, 11, 6), (3, 12, 6), (0, 11, 6), (3, 11, 6), (13, 11, 6), (0, 0, 6), (14, 6, 6)]"
"(3, 26, 41, 0)","[(0, 9, 6)]"
"(3, 29, 7, 0)","[(8, 9, 12), (8, '?', 12), (8, 9, 12), (8, 9, 12), (8, 9, 12)]"
"(3, 29, 8, 0)","[(3, 6, 12), (14, 13, 12), (0, 13, 12), (14, 1, 12), (0, 13, 12), (3, 1, 12), (14, 6, 12), (3, 6, 12), (14, 1, 12), (13, 13, 12), (3, 1, 12), (0, 13, 12), (3, 13, 12), (3, 1, 12), (14, 13, 12), (14, 6, 12), (0, 13, 12), (3, 6, 12), (14, 1, 12), (0, 6, 12), (14, 6, 12), (14, 1, 12), (13, 13, 12), (14, 6, 12), (14, 13, 12), (3, 13, 12), (14, 13, 12), (14, 6, 12), (14, 13, 12), (14, 1, 12), (3, 13, 12), (0, 13, 12), (14, 6, 12)]"
"(3, 29, 12, 0)","[(6, 5, 12), (6, 11, 12), (6, 11, 12), (1, '?', 12), (6, 5, 12), (1, 5, 12), (6, 5, 12), (1, 5, 12), (6, 11, 12), (6, 5, 12), (1, 13, 12), (1, 13, 12), (1, 13, 12), (6, 9, 12), (1, '?', 12), (1, 13, 12), (1, 1, 12), (6, 5, 12), (6, 9, 12), (1, 13, 12), (1, 1, 12), (1, 1, 12), (1, 5, 12), (1, '?', 12), (1, 9, 12), (6, 5, 12), (1, 13, 12), (1, 1, 12), (6, 11, 12), (1, 1, 12), (1, '?', 12), (6, 13, 12)]"
"(3, 29, 16, 0)","[(1, 10, 12), (5, 10, 12), (5, 12, 12), (5, 6, 12), (1, 10, 12), (5, 13, 12), (1, 10, 12), (6, 10, 12), (5, 11, 12), (1, 10, 12), (5, 1, 12), (1, 6, 12), (1, 10, 12), (5, 12, 12), (6, 10, 12), (6, 1, 12), (5, 5, 12), (5, 11, 12), (5, 5, 12), (5, 5, 12), (5, 1, 12), (6, 10, 12), (6, 10, 12), (5, 11, 12), (5, 12, 12), (6, 10, 12), (5, 13, 12), (5, 11, 12), (5, 12, 12), (5, 5, 12), (5, 1, 12), (6, 10, 12), (1, 6, 12), (5, 1, 12), (5, 13, 12), (6, 10, 12)]"
"(3, 29, 19, 0)","[(5, 13, 12), (1, 6, 12), (6, 1, 12), (1, 6, 12), (6, 1, 12), (1, 6, 12), (1, 1, 12), (1, 6, 12), (1, 6, 12), (5, 1, 12), (1, 1, 12), (1, 1, 12), (1, 1, 12), (1, 6, 12), (6, 1, 12)]"
"(3, 29, 21, 0)","[(14, 11, 12), (13, 11, 12), (13, 11, 12), (0, 12, 12), (0, 6, 12), (0, 5, 12), (13, 10, 12), (14, 12, 12), (0, 12, 12), (13, 11, 12), (13, 5, 12), (0, 12, 12), (0, 11, 12), (3, 12, 12), (0, 5, 12), (3, 11, 12), (0, 10, 12), (13, 10, 12), (3, 11, 12), (3, 12, 12), (3, 11, 12), (0, 5, 12), (0, 10, 12), (0, 5, 12), (0, 10, 12), (13, 5, 12), (13, 11, 12), (14, 11, 12), (0, 10, 12), (0, 12, 12), (0, 5, 12), (13, 11, 12), (0, 11, 12), (3, 5, 12), (14, 12, 12), (3, 12, 12), (3, 11, 12), (13, 11, 12), (3, 11, 12)]"
"(3, 29, 26, 0)","[(13, 11, 12)]"
"(3, 29, 39, 0)","[(8, 12, 12), (8, 12, 12), (8, 12, 12), (8, 1, 12), (8, 10, 12), (8, 6, 12), (8, 1, 12), (8, '?', 12), (8, 6, 12), (8, 6, 12), (8, 1, 12), (8, 1, 12), (8, 10, 12), (8, 12, 12), (8, 6, 12), (8, 10, 12), (8, 10, 12), (8, 6, 12), (8, 6, 12), (8, 6, 12)]"
"(3, 29, 41, 0)","[(14, 9, 12), (3, 9, 12), (0, 9, 12), (13, 9, 12), (13, 13, 12), (3, 1, 12), (3, 6, 12), (0, 6, 12), (3, 9, 12)]"
"(3, 33, 7, 0)","[(8, 9, 6), (8, 13, 6), (8, 13, 6), (8, 10, 9)]"
"(3, 33, 39, 0)","[(8, 1, 6), (8, 1, 6), (8, 9, 6), (8, 6, 6), (8, 12, 6), (8, 11, 6), (8, 6, 6), (8, 13, 6), (8, 9, 6), (8, 13, 6), (8, 6, 6), (8, 11, 6), (8, 6, 6), (8, 10, 6), (8, 12, 6)]"
"(3, 34, 7, 0)","[(8, 12, 12), ('?', 5, 12)]"
"(3, 41, 8, 0)","[(3, 1, 9), (0, 1, 9), (3, 1, 9), (0, 13, 9), (0, 13, 9), (13, 6, 9), (0, 13, 9), (14, 13, 9), (13, 1, 9), (3, 6, 9), (3, 6, 9), (13, 1, 9), (0, 1, 9), (14, 6, 9), (3, 6, 9), (14, 6, 9), (14, 13, 9), (13, 13, 9), (13, 13, 9), (14, 13, 9), (3, 1, 9), (14, 13, 9), (13, 1, 9), (13, 6, 9), (3, 1, 9)]"
"(3, 41, 12, 0)","[(6, 9, 9), (6, 13, 9), (6, 13, 9), (1, 1, 9), (1, 1, 9), (6, 12, 9), (6, 1, 9), (6, 13, 9), (1, 1, 9), (6, 13, 9), (6, 1, 9), (6, 12, 9), (6, 12, 9), (1, 11, 9), (1, 11, 9), (1, 11, 9), (6, 12, 9), (6, 5, 9), (6, 5, 9), (6, 5, 9), (1, '?', 9), (6, 1, 9), (1, 11, 9), (6, 1, 9), (1, 12, 9), (6, 12, 9), (1, 1, 9), (6, 5, 9), (6, 13, 9), (6, 13, 9), (1, '?', 9)]"
"(3, 41, 16, 0)","[(5, 12, 9), (6, 10, 9), (5, 10, 9), (5, 5, 9), (5, 12, 9), (5, 10, 9), (5, 10, 9), (1, 10, 9), (5, 11, 9), (5, 12, 9), (5, 1, 9), (5, 5, 9), (5, 12, 9), (5, 5, 9), (5, 5, 9), (5, 13, 9), (5, 1, 9), (1, 10, 9), (1, 10, 9), (5, 11, 9), (5, 5, 9), (1, 10, 9), (5, 12, 9), (6, 10, 9)]"
"(3, 41, 19, 0)","[(6, 6, 9), (1, 6, 9), (1, 6, 9), (1, 6, 9), (6, 6, 9), (1, 6, 9), (1, 6, 9), (6, 6, 9), (6, 6, 9), (6, 6, 9), (1, 6, 9), (6, 6, 9)]"
"(3, 41, 21, 0)","[(13, 10, 9), (13, 10, 9), (13, 10, 9), (13, 12, 9), (0, 12, 9), (13, 12, 9), (14, 12, 9)]"
"(3, 41, 26, 0)","[(0, 12, 9), (13, 5, 9), (0, 5, 9), (0, 12, 9), (14, 11, 9), (0, 10, 9), (3, 12, 9), (14, 5, 9), (0, 12, 9), (3, 5, 9), (0, 11, 9), (0, 11, 9), (0, 5, 9), (0, 11, 9), (0, 11, 9), (0, 10, 9), (13, 10, 9), (13, 5, 9), (3, 10, 9), (3, 12, 9), (3, 5, 9), (3, 12, 9), (13, 10, 9), (14, 5, 9), (3, 10, 9), (0, 12, 9), (3, 5, 9), (0, 10, 9), (0, 11, 9), (0, 11, 9), (0, 11, 9), (3, 12, 9), (14, 9, 9), (3, 5, 9), (3, 10, 9), (0, 5, 9)]"
"(3, 41, 41, 0)","[(3, '?', 9), (0, 5, 9), (3, 12, 9), (14, 5, 9), (14, 5, 9), (0, '?', 9), (3, '?', 9), (0, 12, 9), (13, 6, 9), (0, '?', 9)]"
"(3, 44, 8, 0)","[(0, 1, 9), (13, 13, 9), (0, 13, 9), (13, 13, 9), (13, 13, 9)]"
"(3, 44, 12, 0)","[(1, 11, 9)]"
"(3, 44, 19, 0)","[(5, 13, 9)]"
"(3, 44, 26, 0)","[(3, 10, 9)]"
"(3, 49, 39, 0)","[('?', 10, 6), ('?', 6, 6), ('?', 10, 6), ('?', 6, 6)]"
"(4, 4, 4, 0)","[(9, 2, 14), (9, 15, 14), (9, 7, 14), (9, 15, 13), (9, 15, 14), (9, 8, 14), (5, 7, 14), (9, 2, 13), (9, 8, 14), (9, 7, 13), (9, 4, 13), (9, 8, 13), (9, 8, 13), (9, 8, 14), (9, 2, 13), (9, 2, 13), (9, 4, 13), (9, 7, 14), (9, 8, 13), (9, 15, 14), (9, 8, 13), (9, 15, 13), (9, 8, 13)]"
"(4, 4, 29, 0)","[(4, 15, 13), (4, 2, 14), (4, 7, 13), (4, 8, 14), (4, 2, 13), (4, 3, 13), (4, 2, 14), (4, 4, 14), (4, 14, 14), (4, 8, 13), (4, 14, 14), (4, 8, 14), (4, 8, 13), (4, 8, 14), (4, 15, 14), (4, 2, 13), (4, 4, 14), (4, 2, 13)]"
"(4, 4, 41, 0)","[(4, 15, 14)]"
"(4, 4, 44, 0)","[(4, 15, 14), (4, 15, 13), (4, 7, 13), (4, 15, 14)]"
"(4, 5, 5, 0)","[(9, 0, 14), (9, 0, 13), (9, 0, 13), (9, 0, 14), (9, 0, 13), (9, 0, 13)]"
"(4, 5, 12, 0)","[('?', 0, 14), ('?', 0, 14), ('?', 0, 13), ('?', 0, 14), (8, 0, 14), ('?', 0, 13), (8, 0, 13)]"
"(4, 5, 21, 0)","[(4, 11, 14), (4, 0, 14), (4, 0, 13), (4, 0, 14), (9, 0, 13)]"
"(4, 5, 41, 0)","[(4, 0, 14), (4, 0, 13), (4, 0, 13), (4, 0, 14), (4, 11, 13), (4, 0, 13), (4, 11, 13), (4, 0, 13), (4, 0, 14), (4, 0, 14)]"
"(4, 7, 7, 0)","[('?', 7, 13), ('?', 7, 14), ('?', 15, 13), (5, 14, 13), ('?', 7, 13), ('?', 3, 14), ('?', 15, 13), ('?', 3, 13), ('?', 4, 14), ('?', 8, 14), ('?', 2, 13), ('?', 3, 14), ('?', 7, 13), ('?', 7, 13), ('?', 14, 14), ('?', 14, 13), ('?', 9, 14), ('?', 15, 13), ('?', 4, 13), ('?', 7, 13), ('?', 14, 14), ('?', 4, 13), ('?', 2, 13), ('?', 14, 13), ('?', 14, 14), ('?', 15, 13), ('?', 3, 14), ('?', 8, 13), ('?', 14, 14), ('?', 8, 14), ('?', 7, 14), ('?', 14, 14), ('?', 8, 14), ('?', 14, 13), ('?', 3, 14), ('?', 15, 14), ('?', 3, 13), ('?', 3, 14), ('?', 4, 13)]"
"(4, 7, 11, 0)","[(7, 7, 13)]"
"(4, 7, 43, 0)","[(10, 4, 13), (7, 15, 13), (2, 3, 13), (7, 7, 13), (2, 8, 13), (10, 3, 13), (2, 14, 13), (2, 8, 13), (15, 4, 13), (2, 15, 13), (2, 3, 13), (2, 8, 13), (10, 14, 13), (10, 8, 13), (2, 8, 13), (7, 3, 13), (7, 8, 13), (15, 4, 13), (7, 2, 13), (7, 3, 13), (15, 4, 13), (7, 15, 13), (10, 4, 13), (7, 15, 13), (10, 4, 13), (10, 14, 13), (7, 8, 13), (15, 4, 13), (10, 4, 13), (10, 14, 13), (7, 3, 13), (2, 14, 13), (7, 8, 13), (15, 4, 13), (10, 4, 13), (10, 8, 13), (7, 3, 13), (2, 8, 13), (2, 3, 13), (7, 3, 13), (2, 14, 13), (10, 14, 13), (15, 4, 13), (7, 3, 13), (7, 8, 13)]"
"(4, 8, 8, 0)","[(8, 0, 14), (4, 13, 14), (4, 13, 14), (4, 13, 14)]"
"(4, 13, 2, 0)","[(11, 14, 14)]"
"(4, 13, 4, 0)","[(9, 3, 14)]"
"(4, 13, 8, 0)","[(4, 1, 13)]"
"(4, 13, 13, 0)","[(9, 14, 14), (9, 14, 14), (9, 15, 13), (9, 14, 14), (9, 7, 13), (9, 8, 14), (9, 7, 14), (9, 8, 14), (9, '?', 13), (9, 15, 14), (9, 9, 14), (9, 8, 14), (9, 7, 13), (9, '?', 14), (9, 13, 13), (9, 7, 14), (9, 7, 13), (9, 14, 14), (9, 15, 14), (9, 2, 13), (9, 2, 13), (9, 8, 14), (9, 7, 13), (9, '?', 13), (9, '?', 13), (9, 4, 13), (9, 2, 14), (9, '?', 13), (9, 7, 13), (9, 2, 14), (9, 3, 14), (9, 8, 14), (9, 15, 14), (9, 7, 14), (9, 7, 14), (9, 2, 13), (9, '?', 14), (9, 14, 14), (9, 3, 14), (9, 15, 13), (9, 15, 14), (9, 8, 13), (9, 2, 14), (9, 9, 14), (9, 4, 13), (9, 15, 13), (9, '?', 13), (9, 2, 14), (9, 7, 13), (9, 2, 13), (9, 4, 13), (9, 15, 14), (9, 8, 13), (9, 9, 14), (9, 7, 14), (9, 8, 13), (9, 8, 13), (9, '?', 13), (9, 15, 13), (9, 3, 14), (9, 4, 13), (9, 14, 14), (9, 7, 13), (9, 3, 14), (9, 2, 14), (9, 7, 14), (9, '?', 14), (9, 14, 14)]"
"(4, 13, 15, 0)","[(9, 3, 14), (9, 4, 13)]"
"(4, 13, 22, 0)","[(9, '?', 14), (9, 8, 13)]"
"(4, 13, 23, 0)","[(11, 14, 14), (11, 4, 14), (12, 8, 14)]"
"(4, 13, 37, 0)","[(12, 14, 14), (12, 8, 14), (11, 15, 14), (12, 2, 14), (12, 15, 14), (11, 3, 14), (11, 3, 14), (12, 14, 14), (12, 7, 14), (12, 14, 14), (12, 2, 14), (12, 15, 14), (12, 14, 14), (12, 7, 14), (11, 7, 14), (12, 8, 14), (12, 14, 14), (11, 4, 14), (12, 8, 14), (12, 3, 14), (11, 8, 14), (12, 3, 14), (12, 7, 14), (12, 7, 14), (12, 14, 14), (11, 8, 14), (12, 2, 14), (11, 15, 14), (12, 14, 14), (12, 7, 14), (11, 2, 14), (11, 3, 14), (11, 3, 14), (11, 14, 14), (11, 14, 14), (12, 7, 14), (11, 8, 14), (11, 14, 14), (11, 7, 14), (12, 3, 14)]"
"(4, 13, 39, 0)","[(9, 2, 13)]"
"(4, 13, 41, 0)","[(4, 13, 13), (4, 15, 13), (4, 7, 13), (4, 15, 14), (4, 2, 14), (4, 3, 13), (4, '?', 14), (4, 2, 14), (4, 15, 13), (4, '?', 13), (4, '?', 13), (4, 3, 13), (4, 2, 14), (4, '?', 13), (4, 4, 14), (4, 9, 14), (4, '?', 13), (4, 14, 14), (4, 8, 14), (4, 7, 13), (4, 15, 14), (4, 8, 14), (4, 15, 13), (4, 15, 14), (4, 1, 13), (4, 15, 13), (4, 15, 14), (4, 2, 13), (4, 4, 14), (4, 14, 14), (4, 8, 13), (4, 14, 14), (4, '?', 14), (4, 15, 13), (4, 15, 13), (4, '?', 14), (4, 14, 14), (4, 2, 13), (4, 9, 14), (4, 8, 14), (4, 9, 14), (4, 8, 14), (4, 15, 14), (4, '?', 13), (4, 9, 14), (4, '?', 14), (4, 4, 14), (4, 2, 14), (4, 2, 14), (4, '?', 14), (4, 7, 13), (4, 8, 14), (4, 2, 13), (4, 14, 14), (4, 4, 14), (4, '?', 14), (4, 8, 13), (4, '?', 13), (4, 8, 14)]"
"(4, 15, 4, 0)","[(9, 8, 14), (5, 14, 13), (9, 14, 14)]"
"(4, 15, 13, 0)","[(9, 4, 13)]"
"(4, 15, 15, 0)","[(9, 14, 14), (9, 7, 13)]"
"(4, 15, 29, 0)","[(4, 8, 13), (4, 4, 14)]"
"(4, 15, 41, 0)","[(4, 8, 13), (4, 14, 14), (4, 14, 14)]"
"(4, 15, 44, 0)","[(4, 3, 13), (4, 7, 13)]"
"(4, 19, 7, 0)","[('?', 9, 14), ('?', 13, 14), ('?', 13, 13), ('?', 9, 14), ('?', 13, 14), ('?', 1, 13), ('?', 1, 13), ('?', 13, 13), ('?', 13, 13), ('?', 9, 14), ('?', 13, 13), ('?', 1, 13)]"
"(4, 19, 8, 0)","[(4, 13, 14), (4, 13, 14), (8, 0, 14), (4, 13, 14), (4, 13, 14), (4, 13, 13), (4, 1, 13), (4, 13, 14), (8, 0, 14), (4, 13, 13), (4, 13, 14)]"
"(4, 19, 12, 0)","[('?', 0, 14)]"
"(4, 19, 19, 0)","[('?', 1, 14)]"
"(4, 19, 21, 0)","[(4, 1, 13), (4, 1, 14), (4, 0, 13), (4, 9, 14), (4, 9, 14), (4, 1, 13), (4, 1, 14), (4, 9, 14)]"
"(4, 19, 22, 0)","[(9, 1, 14), (9, 1, 14), (9, 9, 14), (9, 13, 13), (9, 1, 14), (9, 1, 14), (9, 13, 13), (9, 1, 14), (9, 13, 13), (9, 1, 14)]"
"(4, 19, 23, 0)","[(11, 13, 13), (11, 1, 13), (11, 13, 13)]"
"(4, 19, 39, 0)","[(8, 0, 13), (8, 0, 13), ('?', 1, 14), ('?', 13, 13), ('?', 1, 14), (8, 0, 13), ('?', 1, 14), ('?', 1, 13)]"
"(4, 22, 21, 0)","[(4, 9, 14), (4, 9, 14)]"
"(4, 22, 22, 0)","[(9, 9, 14), (9, 9, 14), (9, 9, 14)]"
"(4, 22, 44, 0)","[(4, 9, 14)]"
"(4, 23, 17, 0)","[(12, 4, 13), (12, 8, 13), (11, 8, 13), (12, 3, 13)]"
"(4, 23, 23, 0)","[(12, 4, 13), (11, 8, 13), (11, 4, 14), (11, 8, 13)]"
"(4, 23, 37, 0)","[(11, 8, 14), (11, 2, 14), (11, 15, 14), (12, 2, 14), (11, 8, 14), (12, 7, 14), (12, 8, 14), (12, 2, 14), (12, 3, 14), (11, 7, 14), (12, 7, 14), (12, 8, 14), (12, 8, 14)]"
"(4, 23, 43, 0)","[(12, 2, 13), (11, 2, 13), (12, 2, 13), (11, 3, 13), (12, 2, 13), (11, 2, 13), (12, 3, 13), (11, 2, 13), (12, 8, 13), (12, 2, 13), (11, 8, 13), (12, 2, 13)]"
"(4, 37, 17, 0)","[(10, 3, 13)]"
"(4, 37, 37, 0)","[(10, 7, 14), (15, 3, 14), (10, 2, 14), (7, 15, 14), (2, 14, 14), (15, 2, 14), (15, 3, 14), (10, 7, 14), (10, 14, 14), (7, 15, 14), (2, 15, 14), (15, 15, 14), (2, 7, 14), (2, 7, 14), (15, 4, 14), (10, 2, 14), (2, 15, 14), (7, 14, 14), (7, 14, 14), (10, 3, 14), (7, 2, 14), (2, 2, 14), (7, 15, 14), (15, 8, 14), (7, 2, 14), (7, 8, 14), (2, 3, 14), (10, 14, 14), (10, 7, 14), (7, 8, 14), (2, 2, 14), (10, 8, 14), (15, 15, 14), (10, 14, 14), (10, 3, 14), (2, 14, 14), (15, 7, 14), (2, 7, 14), (10, 2, 14), (10, 3, 14), (15, 7, 14), (10, 3, 14), (10, 3, 14), (10, 7, 14), (15, 7, 14), (7, 8, 14), (7, 15, 14), (10, 3, 14), (2, 15, 14), (15, 7, 14), (2, 2, 14), (7, 15, 14), (15, 7, 14), (15, 15, 14), (15, 7, 14)]"
"(4, 37, 43, 0)","[(15, 14, 13)]"
"(4, 39, 7, 0)","[('?', 9, 13), ('?', 9, 13), ('?', 9, 13), ('?', 7, 13), ('?', 2, 13), ('?', 3, 13), ('?', 7, 13), ('?', 2, 13), ('?', 3, 13), ('?', 9, 13), ('?', 14, 13), ('?', 8, 13), ('?', 2, 13), ('?', 8, 13), ('?', 3, 13), ('?', 8, 13), ('?', 8, 13), ('?', 15, 13), ('?', 7, 13), ('?', 3, 13), ('?', 14, 13), ('?', 9, 13), ('?', 15, 13), ('?', 14, 13), ('?', 4, 13), ('?', 8, 13), ('?', 2, 13), ('?', 3, 13), ('?', 4, 13), ('?', 4, 13)]"
"(4, 39, 23, 0)","[(12, 4, 13), (12, 3, 13), (11, 3, 13), (11, 8, 13), (12, 4, 13), (11, 3, 13), (11, 4, 14), (11, 2, 13), (12, 15, 13), (11, 14, 14), (12, 4, 13), (11, 3, 13), (12, 4, 13), (12, 3, 13), (11, 8, 13), (12, 3, 13), (11, 3, 13), (12, 15, 13), (12, 15, 14), (11, 3, 14), (12, 8, 13), (11, 3, 13), (11, 3, 13), (11, 4, 14), (12, 8, 13), (12, 4, 13), (12, 15, 13), (12, 3, 13), (12, 4, 13), (11, 4, 14), (12, 3, 13), (11, 8, 13), (11, 4, 14), (12, 8, 13), (12, 4, 13)]"
"(4, 39, 37, 0)","[(11, 8, 14)]"
"(4, 39, 39, 0)","[('?', '?', 13), ('?', '?', 13), ('?', '?', 13), ('?', 13, 13), ('?', 15, 13), ('?', 14, 13), ('?', 2, 13), ('?', 2, 13), ('?', 13, 13), ('?', '?', 13)]"
"(4, 39, 43, 0)","[(10, 2, 13), (7, 15, 13), (15, 14, 13), (2, 2, 13), (7, 2, 13), (7, 15, 13), (10, 13, 13), (2, 15, 13), (7, 15, 13), (7, 2, 13), (7, 7, 13), (7, 7, 13), (2, 15, 13), (10, 3, 13), (2, 1, 13), (2, 15, 13), (15, 2, 13), (7, 8, 13), (10, 4, 13), (10, 4, 13), (7, 3, 13), (7, 7, 13), (2, 15, 13), (2, '?', 13), (7, 15, 13), (10, 8, 13), (10, 14, 13), (2, 8, 13), (2, 2, 13), (10, 14, 13), (2, 15, 13), (7, 7, 13), (2, 8, 13), (2, 8, 13), (7, 2, 13), (10, 4, 13), (7, 2, 13), (7, 7, 13), (15, 2, 13), (2, 8, 13), (2, 3, 13), (2, 15, 13), (10, 8, 13), (7, 8, 13), (2, '?', 13), (7, 7, 13), (10, 8, 13), (7, 1, 13), (2, 15, 13), (15, 2, 13), (15, 4, 13), (2, 3, 13), (7, 7, 13), (2, 15, 13), (7, 8, 13), (7, 15, 13), (2, 2, 13), (2, 14, 13), (10, 2, 13)]"
"(4, 40, 7, 0)","[(8, 7, 13)]"
"(4, 40, 37, 0)","[(2, 9, 14), (7, 1, 14), (10, 1, 14), (7, 1, 14), (7, 1, 14), (7, 9, 14)]"
"(4, 40, 43, 0)","[(10, 1, 13), (2, 13, 13), (2, 13, 13), (15, 1, 13), (7, 1, 13), (7, 1, 13), (2, 1, 13), (7, 13, 13), (10, 1, 13), (10, 1, 13), (7, 1, 13), (2, 1, 13), (7, 13, 13), (15, 1, 13), (2, 13, 13)]"
"(4, 41, 4, 0)","[(5, 7, 13)]"
"(4, 41, 7, 0)","[(5, 14, 13)]"
"(4, 41, 16, 0)","[(6, 0, 13), (5, 0, 13), (5, 0, 13), (6, 0, 13), (5, 0, 14), (6, 0, 13), (1, 0, 13), (6, 0, 13), (1, 0, 14), (6, 0, 13), (1, 0, 14), (5, 0, 13), (1, 0, 14), (5, 0, 14), (1, 0, 14), (5, 0, 14)]"
"(4, 41, 21, 0)","[(13, 0, 14)]"
"(4, 41, 40, 0)","[(5, 14, 13)]"
"(4, 41, 41, 0)","[(0, 0, 13), (13, 0, 14), (0, 0, 13), (13, 0, 14), (13, 0, 13), (13, 0, 13), (0, 0, 13), (13, 0, 14), (14, 0, 13), (3, 0, 13), (13, 0, 13), (0, 0, 13), (13, 0, 14), (0, 0, 13), (14, 0, 13), (0, 0, 14), (0, 0, 14), (0, 0, 13), (0, 0, 14), (0, 0, 14), (13, 0, 13), (4, 1, 14), (14, 0, 14), (0, 0, 13), (0, 0, 14), (3, 0, 13)]"
"(4, 41, 44, 0)","[(14, 0, 14), (13, 0, 14), (14, 0, 14), (14, 0, 14), (14, 0, 13), (13, 0, 14), (3, 0, 13), (3, 0, 13)]"
"(4, 41, 47, 0)","[(5, 7, 13)]"
"(4, 43, 17, 0)","[(10, 8, 13), (10, 8, 13), (10, 14, 13), (15, 14, 13), (10, 8, 13), (2, 2, 13), (15, 14, 13), (2, 2, 13), (10, 2, 13), (15, 2, 13), (15, 2, 13), (10, 3, 13), (10, 14, 13), (10, 2, 13), (2, 2, 13), (15, 14, 13), (10, 3, 13), (10, 14, 13), (10, 2, 13), (15, 2, 13), (7, 15, 13), (15, 2, 13), (2, 3, 13), (15, 2, 13), (10, 3, 13)]"
"(4, 43, 37, 0)","[(7, 2, 5), (2, 2, 5)]"
"(4, 43, 43, 0)","[(2, 2, 13), (15, 14, 13), (10, 2, 13), (2, 14, 13), (10, 8, 13), (2, 15, 13), (10, 2, 13), (15, 2, 13), (2, 3, 13)]"
"(4, 44, 4, 0)","[(5, 15, 14), (5, 15, 14), (5, 15, 14)]"
"(4, 44, 8, 0)","[(14, 0, 14)]"
"(4, 44, 16, 0)","[(1, 0, 14), (5, 0, 13), (1, 0, 13), (5, 0, 14), (5, 0, 14), (5, 0, 14), (5, 0, 13), (5, 0, 13), (5, 0, 14), (5, 0, 14)]"
"(4, 44, 29, 0)","[(0, 7, 13), (0, 7, 13)]"
"(4, 44, 44, 0)","[(13, 0, 13), (13, 0, 13), (0, 0, 13), (14, 0, 13), (14, 0, 13), (14, 0, 13), (13, 0, 13), (5, 0, 13), (0, 0, 14), (0, 0, 13), (14, 0, 13), (3, 0, 13), (0, 0, 14), (3, 0, 13), (14, 0, 14), (3, 0, 13), (13, 0, 13), (14, 0, 14)]"
"(4, 45, 16, 0)","[(1, 0, 13)]"
"(4, 45, 21, 0)","[(4, 0, 14), (4, 0, 13)]"
"(4, 45, 23, 0)","[(11, 0, 13), (15, 0, 13), (7, 0, 13), (2, 0, 13), (7, 0, 13), (7, 0, 13), (11, 0, 13), (2, 0, 13), (2, 0, 13)]"
"(4, 46, 17, 0)","[(11, 3, 13), (12, 8, 13), (12, 9, 13), (12, 8, 13), (11, 3, 13), (12, 8, 13), (12, 15, 13), (12, 3, 13), (12, 15, 13), (12, 15, 13)]"
"(4, 46, 23, 0)","[(11, 8, 13), (11, 7, 14)]"
"(4, 46, 37, 0)","[(11, 3, 14), (11, 14, 14), (12, 2, 14), (12, 15, 14), (12, 2, 14), (11, 3, 14), (12, 14, 14), (12, 14, 14), (11, 7, 14), (11, 7, 14), (11, 2, 14), (12, 3, 14), (12, 15, 14), (12, 15, 14), (11, 2, 14), (12, 15, 14), (12, 2, 14), (12, 7, 14), (11, 15, 14)]"
"(4, 48, 4, 0)","[(9, 15, 13)]"
"(4, 48, 13, 0)","[(9, 2, 13)]"
"(4, 48, 15, 0)","[(9, 4, 13), (9, 4, 13), (9, 15, 13)]"
"(4, 48, 22, 0)","[(9, 7, 13)]"
"(4, 48, 29, 0)","[(4, 2, 13)]"
"(4, 48, 41, 0)","[(4, 7, 13), (4, 3, 13), (4, 15, 13), (4, 2, 13)]"
"(4, 48, 44, 0)","[(4, 7, 13), (4, 8, 13)]"
"(5, 5, 5, 0)","[(9, 0, 5), (9, 0, 5), (9, 0, 5), (9, 0, 5), (9, 0, 5), (9, 0, 5), (9, 0, 5), (9, 0, 5)]"
"(5, 5, 12, 0)","[('?', 0, 5)]"
"(5, 5, 21, 0)","[(4, 0, 5)]"
"(5, 5, 23, 0)","[(11, 0, 5)]"
"(5, 5, 41, 0)","[(4, 0, 5), (4, 0, 5), (4, 0, '?'), (4, 0, 5)]"
"(5, 8, 12, 0)","[(8, 0, 5), (8, 0, 5)]"
"(5, 29, 16, 0)","[(6, 0, 5)]"
"(5, 29, 44, 0)","[(0, 0, 5), (0, 0, 5), (14, 0, 5), (14, 0, 5)]"
"(5, 34, 12, 0)","[('?', 0, 5), ('?', 0, 5), ('?', 0, 5), ('?', 0, 5), ('?', 0, 5), ('?', 0, 5), ('?', 0, 5)]"
"(5, 34, 21, 0)","[(4, 0, 5), (4, 0, 5)]"
"(5, 34, 23, 0)","[(12, 0, 5)]"
"(5, 41, 8, 0)","[(13, 0, 5), (13, 0, 5)]"
"(5, 41, 16, 0)","[(6, 0, 5), (5, 0, 5), (1, 0, 5), (1, 0, 5), (5, 0, 5), (1, 0, 5), (5, 0, 5), (1, 0, 5)]"
"(5, 41, 21, 0)","[(4, 0, 5), (0, 0, 12)]"
"(5, 41, 41, 0)","[(3, 0, 5), (0, 0, 5), (3, 0, 5), (13, 0, 5), (0, 0, 5), (0, 0, 5), (3, 0, 5), (13, 0, 5)]"
"(5, 41, 44, 0)","[(14, 0, 5), (14, 0, 5), (14, 0, 5), (3, 0, 5), (13, 0, 5), (14, 0, 5)]"
"(5, 44, 16, 0)","[(5, 0, 5), (1, 0, 5), (1, 0, 5), (6, 0, 5), (5, 0, 5), (1, 0, 5), (6, 0, 5), (5, 0, 5)]"
"(5, 44, 44, 0)","[(14, 0, 5), (3, 0, 5), (14, 0, 5), (3, 0, 5), (0, 0, 5), (3, 0, 5), (0, 0, 5)]"
"(5, 45, 12, 0)","[('?', 0, 5), (8, 0, 5), (8, 0, 5), (8, 0, 5), (8, 0, 5), ('?', 0, 5)]"
"(5, 45, 21, 0)","[(4, 0, 5)]"
"(5, 45, 23, 0)","[(2, 0, 5), (11, 0, 5), (11, 0, 5), (11, 0, 5), (12, 0, 5), (11, 0, 5), (12, 0, 5), (2, 0, 5), (11, 0, 5), (12, 0, 5)]"
"(6, 3, 38, 0)","[(8, 5, 0)]"
"(6, 3, 51, 0)","[(8, 14, 0)]"
"(6, 6, 39, 0)","[(8, '?', '?')]"
"(6, 6, 51, 0)","[(8, 2, 0), (8, 2, 0)]"
"(6, 7, 7, 0)","[(8, 14, 5), (8, 2, '?'), (8, 14, 3), (8, 8, '?'), (8, 2, '?'), (8, 8, '?')]"
"(6, 16, 39, 0)","[(8, 5, '?')]"
"(6, 28, 49, 0)","[(8, 13, 0)]"
"(6, 31, 51, 0)","[(8, 4, 0), (8, 3, 0), (8, 4, 0), (8, 8, 0), (8, 8, 0)]"
"(6, 39, 7, 0)","[(8, '?', '?')]"
"(6, 39, 39, 0)","[(8, 6, '?'), (8, 1, '?'), (8, 6, '?'), (8, 5, '?')]"
"(6, 49, 49, 0)","[(8, 9, 0)]"
"(6, 51, 31, 0)","[(8, 14, 0)]"
"(6, 51, 38, 0)","[(8, 3, 0)]"
"(6, 51, 51, 0)","[(8, 8, 0), (8, 15, 0), (8, 15, 0), (8, 14, 0), (8, 3, 0), (8, 14, 0)]"
"(7, 7, 7, 0)","[('?', 8, 14), ('?', 7, 14), ('?', 7, 14), ('?', 15, 14), ('?', 13, 14), ('?', 15, 14), ('?', '?', 14), ('?', 14, 14), ('?', '?', 14), ('?', 4, 14), ('?', '?', 14), ('?', 4, 14), ('?', 15, 14), ('?', 3, 14), ('?', 9, 14), ('?', 3, 14), ('?', 15, 14), ('?', 3, 14), ('?', 7, 14), ('?', 9, 14), ('?', 13, 14), ('?', '?', 14), ('?', 8, 14), ('?', '?', 14), ('?', 15, 14), ('?', 8, 14), ('?', '?', 14), ('?', 9, 14), ('?', 4, 14), ('?', 1, 14), ('?', 8, 14), ('?', 8, 14), ('?', 9, 14), ('?', 4, 14), ('?', 7, 14), ('?', 14, 14), ('?', 1, 14), ('?', '?', 14), ('?', 15, 14), ('?', 8, 14), ('?', 4, 14)]"
"(7, 7, 37, 0)","[(10, 2, 14), (2, 12, 14), (15, 13, 14), (15, 6, 14), (7, 12, 14), (15, '?', 14), (7, 9, 14), (10, 6, 14), (15, 6, 14), (10, '?', 14), (15, 2, 14), (10, 12, 14), (7, 6, 14), (15, '?', 14), (7, '?', 14), (15, '?', 14), (10, 12, 14), (7, '?', 14), (10, '?', 14), (7, '?', 14), (10, '?', 14), (15, 3, 14), (15, 3, 14), (15, 7, 14), (10, '?', 14), (10, 6, 14), (7, '?', 14), (15, '?', 14), (10, 2, 14), (10, 12, 14), (7, 2, 14), (15, 3, 14), (15, 6, 14), (10, '?', 14), (15, '?', 14), (15, '?', 14), (7, 13, 14), (7, 6, 14), (7, 9, 14), (10, '?', 14), (10, 6, 14)]"
"(7, 7, 39, 0)","[('?', 6, 14), ('?', 6, 14), ('?', 6, 14), ('?', 6, 14), ('?', 1, 14), ('?', 6, 14), ('?', 13, 14), ('?', 6, 14), ('?', 6, 14)]"
"(7, 37, 37, 0)","[(15, 8, 14), (10, 8, 14), (10, 4, 14), (15, 4, 14), (15, 15, 14), (10, 4, 14), (7, 8, 14), (2, 3, 14), (2, 15, 14), (15, 7, 14), (7, 4, 14), (2, 2, 14), (2, 3, 14), (15, 15, 14), (10, 7, 14), (15, 15, 14), (2, 3, 14), (15, 8, 14), (2, 14, 14), (15, 7, 14), (10, 8, 14), (7, 15, 14), (10, 4, 14), (2, 2, 14), (15, 4, 14), (10, 2, 14), (15, 4, 14), (15, 8, 14), (7, 14, 14), (15, 15, 14), (7, 4, 14), (10, 8, 14), (2, 15, 14), (7, 2, 14), (10, 7, 14), (7, 8, 14), (15, 8, 14), (10, 2, 14), (15, 15, 14), (2, 15, 14), (10, 2, 14), (15, 2, 14), (2, 2, 14), (10, 4, 14), (15, 2, 14), (2, 15, 14), (2, 14, 14), (10, 7, 14), (10, 14, 14), (10, 14, 14), (10, 8, 14), (7, 14, 14), (10, 14, 14), (15, 4, 14), (2, 3, 14), (7, 4, 14), (2, 7, 14), (10, 4, 14), (7, 8, 14), (2, 7, 14), (10, 8, 14), (15, 15, 14), (7, 4, 14), (7, 8, 14), (7, 14, 14), (15, 3, 14), (10, 7, 14), (7, 2, 14), (7, 8, 14), (2, 14, 14), (7, 2, 14), (15, 4, 14), (15, 8, 14), (7, 15, 14), (7, 4, 14), (10, 2, 14), (7, 14, 14), (15, 2, 14), (7, 15, 14), (10, 3, 14), (7, 14, 14), (10, 2, 14), (2, 15, 14), (15, 8, 14), (7, 15, 14), (10, 4, 14), (7, 4, 14), (15, 3, 14), (15, 7, 14), (10, 8, 14), (10, 7, 14), (15, 3, 14), (7, 14, 14), (2, 14, 14), (15, 8, 14), (2, 14, 14), (15, 2, 14), (15, 3, 14), (10, 4, 14)]"
"(7, 39, 37, 0)","[(10, 6, 14), (7, '?', 14), (15, '?', 14), (10, 6, 14), (7, '?', 14)]"
"(7, 40, 37, 0)","[(7, 13, 14), (15, 1, 14), (15, 1, 14), (7, 13, 14)]"
"(8, 8, 8, 0)","[(0, 6, 2), (13, 6, 2), (13, 6, 2), (14, 6, 2), (13, 6, 2), (13, 6, 2), (14, 6, 2), (0, 6, 2), (3, 6, 2), (3, 6, 2)]"
"(8, 8, 12, 0)","[(6, 9, 2)]"
"(8, 8, 19, 0)","[(6, 6, 2), (6, 6, 2)]"
"(8, 16, 12, 0)","[(6, 12, 2)]"
"(8, 19, 7, 0)","[(8, 5, 2), (8, 9, 2), (8, 10, 2), (8, 12, 2), (8, 9, 2), (8, 11, 2), (8, 1, 2), (8, 13, 2), (8, 13, 2), (8, 13, 2), (8, 12, 2), (8, 9, 2), (8, 12, 2), (8, 5, 2), (8, 13, 2), (8, 9, 2), (8, 5, 2), (8, 9, 2), (8, 5, 2)]"
"(8, 19, 39, 0)","[(8, 10, 2)]"
"(8, 39, 7, 0)","[(8, 11, 2), (8, '?', 2), (8, 9, 2), (8, '?', 2), (8, 9, 2), (8, 11, 2), (8, 1, 2), (8, 13, 2), (8, 13, 2), (8, 5, 2), (8, 13, 2), (8, 1, 2), (8, 10, 2), (8, 5, 2), (8, 13, 2), (8, 1, 2), (8, 13, 2), (8, 12, 2), (8, 5, 2), (8, 11, 2), (8, 13, 2), (8, 1, 2), (8, 11, 2), (8, 1, 2), (8, 12, 2), (8, 9, 2), (8, 5, 2), (8, '?', 2), (8, '?', 2), (8, 12, 2), (8, 11, 2), (8, 9, 2)]"
"(8, 39, 39, 0)","[(8, 10, 2)]"
"(8, 41, 12, 0)","[(1, 1, 2)]"
"(9, 1, 1, 0)","[(9, 11, 8)]"
"(9, 1, 2, 0)","[(15, 0, 8), (10, 0, 8)]"
"(9, 1, 5, 0)","[(9, 11, 8), (9, 0, 8), (9, 0, 8), (9, 0, 8), (9, 11, 8), (9, 0, 8), (9, 0, 8), (9, 0, 8), (9, 10, 8), (9, 11, 8), (9, 11, 8)]"
"(9, 1, 10, 0)","[(4, 1, 8), (4, 13, 8), (4, 9, 8), (4, 1, 8), (4, 1, 8), (4, 1, 8), (4, 9, 8), (4, 9, 8), (4, 13, 8), (4, 13, 8), (4, 13, 8), (4, 1, 8)]"
"(9, 1, 20, 0)","[(4, 13, 8), (4, 10, 8), (4, 10, 8), (4, 10, 8), (4, 11, 8), (4, 11, 8), (4, 11, 8)]"
"(9, 1, 21, 0)","[(4, 5, 8), (4, 10, 8), (4, 11, 8), (4, 10, 8), (4, 10, 8), (4, 12, 8), (4, 11, 8), (4, 11, 8), (4, 12, 8), (4, 5, 8), (4, 11, 8), (4, 5, 8), (4, 11, 8), (4, 5, 8)]"
"(9, 1, 22, 0)","[(9, 13, 8), (9, 1, 8), (9, 12, 8), (9, 13, 8), (9, 13, 8), (9, 1, 8), (9, 13, 8), (9, 13, 8), (9, 12, 8), (9, 12, 8), (9, 1, 8), (9, 13, 8), (9, 12, 8), (9, 12, 8), (9, 12, 8)]"
"(9, 1, 23, 0)","[(11, 0, 8), (15, 0, 8), (15, 0, 8), (12, 0, 8), (15, 0, 8), (2, 0, 8), (2, 0, 8), (2, 0, 8), (10, 0, 8), (11, 0, 15), (15, 0, 8), (2, 0, 8), (12, 0, 8), (2, 0, 8)]"
"(9, 1, 24, 0)","[(11, 0, 15), (11, 0, 15), (2, 0, 15), (2, 0, 15), (4, 6, 8), (15, 0, 15), (12, 11, 8)]"
"(9, 1, 26, 0)","[(4, 5, 8), (4, 13, 8)]"
"(9, 1, 30, 0)","[('?', 0, 8), (1, 0, 8), ('?', 0, 8), (15, 0, 8), ('?', 0, 8), ('?', 0, 8)]"
"(9, 2, 2, 0)","[(12, 13, 8), (11, 9, 8)]"
"(9, 2, 17, 0)","[(12, 8, 15), (11, 4, 8)]"
"(9, 2, 23, 0)","[(12, 9, 11), (11, 9, 11), (11, 6, 11), (12, 13, 11), (11, 6, 11), (11, 13, 11), (11, 11, 11), (11, 12, 11), (11, 9, 11), (12, 13, 11), (12, 12, 11), (12, 13, 11), (11, 9, 11), (11, 13, 11), (12, 11, 11)]"
"(9, 2, 37, 0)","[(11, 6, 11), (11, 12, 11), (12, 9, 11), (12, 12, 11), (11, 12, 11), (12, 13, 11), (12, 12, 11), (11, 5, 11), (12, 10, 11), (11, 6, 11), (11, 5, 11), (12, 5, 11), (12, 9, 11), (12, 10, 11), (12, 10, 11), (12, 5, 11), (11, 12, 11), (11, 12, 11)]"
"(9, 3, 26, 0)","[(4, 5, 8)]"
"(9, 4, 4, 0)","[(9, 3, 4), (9, 4, 3), (9, 7, 4), (9, 3, 4), (9, 15, 4), (9, 4, 3), (9, 2, 4), (9, 4, 4), (9, 2, 4), (9, 7, 4), (9, 2, 4), (9, 4, 3), (9, 4, 3)]"
"(9, 4, 7, 0)","[('?', 4, 3)]"
"(9, 4, 29, 0)","[(4, 8, 3), (4, 4, 3), (4, 14, 4), (4, 15, 4), (4, 2, 4), (4, 2, 3)]"
"(9, 4, 40, 0)","[('?', 4, 4), ('?', 4, 3)]"
"(9, 5, 5, 0)","[(9, 11, 7), (9, 11, 7), (9, 11, 7), (9, 11, 7), (9, 11, 7), (9, 11, 7)]"
"(9, 5, 10, 0)","[(4, 11, 7), (4, 11, 7)]"
"(9, 5, 12, 0)","[(1, 0, 7), ('?', 0, 7), ('?', 0, 7), ('?', 0, 7), ('?', 0, 7)]"
"(9, 5, 16, 0)","[(1, 0, 7), (1, 0, 7)]"
"(9, 5, 21, 0)","[(4, 0, 7), (4, 0, 7)]"
"(9, 5, 23, 0)","[(7, 0, 7), (7, 0, 7), (10, 0, 7), (10, 0, 7), (10, 0, 7), (10, 0, 7)]"
"(9, 5, 39, 0)","[('?', 0, 7), ('?', 0, 7), (1, 0, 7)]"
"(9, 6, 7, 0)","[(8, 14, 7), (8, 15, 11), (8, 2, 11), (8, 7, 11), (8, 2, 7), (8, 14, 7), (8, 15, 7), (8, 15, 7), (8, 14, 7), (8, 3, 7), (8, 14, 7), (8, 3, 7), (8, 15, 7), (8, 8, 7), (8, 14, 7), (8, 3, 7), (8, 2, 7), (8, 2, 11), (8, 8, 7), (8, 14, 7), (8, 8, 7), (8, 15, 11), (8, 15, 11), (8, 3, 7), (8, 2, 11)]"
"(9, 6, 16, 0)","[(8, 0, 11)]"
"(9, 6, 18, 0)","[(8, 10, 8)]"
"(9, 6, 31, 0)","[(8, 8, 8)]"
"(9, 6, 38, 0)","[(8, 7, 8), (8, 3, 11)]"
"(9, 6, 39, 0)","[(8, 9, 11), (8, 6, 11), (8, 1, 11), (8, 9, 11), (8, 8, 11), (8, 9, 11), (8, 1, 11), (8, 6, 11), (8, 6, 11), (8, 1, 11), (8, 9, 11), (8, 1, 11), (8, 6, 11), (8, 11, 11), (8, 11, 7), (8, 1, 11), (8, 11, 11), (8, 1, 11), (8, 13, 7), (8, 6, 7), (8, 13, 7)]"
"(9, 6, 49, 0)","[(8, '?', 8), (8, 1, 8), (8, 5, 8), (8, 12, 8), (8, 13, 8), (8, 1, 8), (8, 5, 8), (8, '?', 8), ('?', 1, 8), (8, 1, 8), (8, 10, 8), (8, 5, 8), (8, 1, 8), (8, 13, 8), (8, 13, 8)]"
"(9, 6, 50, 0)","[(8, 7, 8)]"
"(9, 6, 51, 0)","[(8, 7, 8), (8, 14, 8), (8, 3, 11), (8, 2, 8), (8, 3, 11), (8, 14, 8), (8, 8, 11), (8, 15, 11), (8, 7, 8), (8, 2, 11), (8, 7, 8), (8, 2, 11), (8, 4, 11), (8, 2, 11), (8, 3, 11), (8, 15, 11), (8, 2, 11), (8, 14, 11), (8, 7, 11), (8, 15, 8), (8, 14, 11), (8, 2, 8), (8, 8, 11), (8, 8, 11), (8, 14, 11), (8, 2, 8), (8, 14, 8), (8, 3, 8), (8, 14, 8), (8, 4, 11), (8, 15, 8), (8, 3, 8), (8, 3, 8)]"
"(9, 7, 7, 0)","[('?', 8, 7), ('?', 3, 7), ('?', 8, 7), ('?', 3, 7), (8, 15, 7), ('?', 3, 7), ('?', 14, 7), ('?', 15, 7), ('?', 4, 7), ('?', 15, 7)]"
"(9, 8, 8, 0)","[(4, 13, 4), (4, 1, 4), (4, 1, 4), (4, 13, 4)]"
"(9, 8, 12, 0)","[(8, 5, 4), (8, 5, 4)]"
"(9, 8, 39, 0)","[(8, 1, 4), (8, 5, 4), (8, 6, 4), (8, 10, 4)]"
"(9, 9, 7, 0)","[('?', 8, 11)]"
"(9, 9, 8, 0)","[(13, 6, 7)]"
"(9, 9, 28, 0)","[(13, 1, 8), (13, 1, 8), (13, 1, 8)]"
"(9, 9, 50, 0)","[('?', 8, 8), ('?', 8, 8)]"
"(9, 9, 51, 0)","[('?', 15, 8), ('?', 3, 8), ('?', 3, 8), ('?', 3, 8), ('?', 3, 8), ('?', 4, 8), ('?', 15, 8), ('?', 8, 8), ('?', 8, 8), ('?', 8, 8), ('?', 8, 8), ('?', 3, 8), ('?', 14, 8), ('?', 8, 8)]"
"(9, 10, 7, 0)","[(8, 5, 7), (8, 5, 7), (8, 2, 7)]"
"(9, 10, 8, 0)","[(4, 13, 7), (4, 1, 7), (4, 13, 7), (14, 0, 7), (3, 0, 7), (4, 13, 7), (13, 6, 7), (4, 13, 7), (0, 6, 7), (13, 1, 7)]"
"(9, 10, 16, 0)","[(1, 0, 7)]"
"(9, 10, 39, 0)","[(8, 6, 7), (13, 1, 7), (8, 6, 7), (8, 1, 7), (8, 13, 7), (8, 1, 7), (8, 6, 7), (8, 1, 7)]"
"(9, 10, 41, 0)","[(3, 0, 7), (3, 0, 7), (14, 0, 7)]"
"(9, 11, 11, 0)","[(15, 14, 15), (15, 14, 15), (15, 14, 15), (15, 2, 15), (2, 15, 15), (15, 3, 15), (10, 3, 15), (2, 4, 15), (15, 3, 15), (10, '?', 15), (15, 2, 15), (15, 3, 15), (2, 15, 15), (15, 4, 15), (15, 8, 15), (15, 8, 15), (15, 7, 15), (15, 14, 15)]"
"(9, 11, 17, 0)","[(7, 4, 15), (10, 15, 15), (7, 4, 15), (15, 3, 15), (15, 7, 15), (7, 8, 15), (15, 7, 15), (2, 14, 15), (7, 7, 15), (2, 2, 15), (15, 15, 15), (10, 15, 15), (7, 8, 15), (7, 4, 15), (7, 3, 15), (10, 3, 15), (7, 15, 15), (15, 14, 15), (15, 2, 15), (2, 2, 15), (15, 15, 15), (7, 15, 15), (2, 15, 15), (15, 4, 15), (15, 15, 15), (7, 7, 15), (15, 2, 15), (7, 3, 15), (2, 14, 15), (2, 14, 15), (7, 14, 15), (2, 4, 15), (15, 14, 15), (2, 14, 15), (2, 7, 15), (7, 3, 15), (7, 7, 15), (15, 15, 15), (15, 4, 15), (2, 4, 15), (15, 4, 15), (2, 14, 15), (7, 14, 15), (15, 15, 15), (7, 8, 15), (2, 15, 15), (7, 14, 15), (2, 7, 15), (7, 7, 15), (15, 3, 15)]"
"(9, 13, 8, 0)","[(4, 13, 7)]"
"(9, 13, 10, 0)","[(4, 5, 7), (4, 9, 7)]"
"(9, 13, 13, 0)","[(9, 5, 7), (9, '?', 7), (9, 14, 7), (9, '?', 7), (9, 12, 7), (9, 13, 7), (9, 10, 7), (9, 8, 7), (9, 12, 7), (9, '?', 7), (9, 12, 7), (9, 9, 7), (9, 1, 7), (9, 1, 7), (9, 1, 7), (9, 10, 7), (9, 13, 7), (9, 11, 7), (9, 9, 7), (9, '?', 7), (9, 14, 7), (9, '?', 7), (9, 7, 7), (9, 3, 7), (9, 2, 7), (9, 2, 7), (9, 9, 7), (9, 9, 7), (9, 7, 7), (9, 8, 7), (9, 14, 7), (9, 3, 7), (9, 13, 7), (9, 8, 7), (9, 3, 7), (9, 1, 7), (9, 3, 7), (9, 13, 7), (9, 7, 7), (9, 8, 7), (9, 5, 7), (9, 14, 7), (9, 7, 7), (9, 7, 7), (9, 12, 7), (9, 5, 7), (9, 9, 7), (9, '?', 7), (9, 13, 7), (9, 1, 7), (9, 13, 7), (9, '?', 7), (9, 5, 7), (9, 3, 7), (9, 7, 7), (9, 2, 7), (9, 12, 7), (9, 1, 7), (9, 12, 7), (9, 8, 7), (9, 9, 7), (9, 10, 7), (9, 8, 7), (9, '?', 7)]"
"(9, 13, 21, 0)","[(4, 6, 7)]"
"(9, 13, 22, 0)","[(9, 5, 7), (9, 5, 7), (9, 12, 7)]"
"(9, 13, 39, 0)","[('?', '?', 7), (0, 1, 7)]"
"(9, 13, 41, 0)","[(4, 11, 7), (4, 15, 7), (4, 1, 7), (4, 5, 7), (4, 2, 7), (4, 5, 7), (4, 1, 7), (4, 2, 7), (4, 3, 7), (4, '?', 7), (4, 2, 7), (4, 1, 7), (4, 4, 7), (4, 9, 7), (4, 2, 7), (4, 1, 7), (4, 5, 7), (4, 3, 7), (4, 4, 7), (4, 5, 7), (4, 3, 7), (4, 15, 7), (4, '?', 7), (4, 8, 7), (4, 9, 7), (4, 9, 7), (4, 2, 7), (4, 4, 7), (4, 13, 7), (4, '?', 7), (4, 6, 7), (4, 13, 7), (4, 4, 7), (4, 4, 7), (4, 8, 7), (4, 15, 7), (4, 9, 7), (4, 14, 7), (4, 3, 7), (4, 13, 7), (4, 8, 7), (4, 14, 7), (4, 1, 7), (4, 1, 7), (4, '?', 7), (4, 13, 7), (4, '?', 7), (4, 1, 7), (4, 11, 7), (4, 14, 7), (4, 15, 7), (4, 8, 7), (4, 15, 7), (4, 3, 7), (4, 3, 7), (4, 15, 7), (4, 9, 7), (4, 9, 7)]"
"(9, 13, 44, 0)","[(4, 2, 7), (4, 15, 7)]"
"(9, 14, 1, 0)","[(9, 11, 15), (9, 11, 15), (9, 4, 15), (9, 4, 15), (9, 11, 15), (9, '?', 15), (9, 1, 15), (9, 11, 15), (9, 1, 15), (9, 1, 15), (9, 11, 15)]"
"(9, 14, 2, 0)","[(12, 2, 15), (11, 8, 15), (12, 3, 15), (11, 4, 15), (11, 7, 15), (12, 14, 15), (12, 14, 15), (11, 8, 15), (11, 4, 15), (11, 7, 15), (11, 4, 15), (11, 7, 15), (11, 8, 15), (11, 4, 15), (12, 4, 15), (12, 14, 15), (11, 2, 15), (11, 4, 15), (11, 4, 15), (11, 8, 15), (12, 4, 15), (11, 3, 15), (11, 15, 15), (11, 7, 15), (12, 14, 15), (11, 2, 15), (11, 3, 15), (11, 3, 15), (12, 3, 15), (12, 7, 15), (12, 8, 15), (11, 2, 8), (11, 8, 15), (12, 7, 15), (12, 15, 15), (12, 14, 15), (12, 8, 15), (12, 7, 15), (12, 4, 15), (11, 14, 15), (12, 4, 15), (11, 7, 15), (11, 3, 15), (12, 2, 15), (11, 2, 15), (12, 8, 15), (11, 14, 15), (11, 15, 15), (12, 3, 15), (11, 4, 15), (12, 15, 15), (11, 14, 15), (11, 4, 15), (11, 15, 15), (11, 14, 15), (11, 2, 15), (12, 14, 15), (11, 2, 15), (11, 8, 15), (11, 2, 8), (12, 3, 15), (12, 15, 15), (12, 14, 15), (11, 15, 15), (11, 7, 15), (12, 4, 15), (12, 3, 15), (12, 2, 15), (12, 2, 15), (11, 2, 8), (12, 15, 15), (11, 8, 15), (11, 14, 15), (11, 14, 8), (11, 8, 15), (12, 4, 15), (12, 2, 15), (11, 7, 15), (12, 15, 15)]"
"(9, 14, 4, 0)","[(9, 7, 15), (9, 2, 8), (9, 7, 8), (9, 7, 15), (9, 15, 8), (9, 7, 15), (9, 7, 8), (9, 4, 15), (9, 2, 8), (9, 14, 15), (9, 15, 15), (9, 3, 8), (9, 2, 8), (9, 15, 8), (9, 1, 15), (9, 15, 15), (9, 2, 15), (9, 2, 15), (9, 15, 15), (9, 8, 8), (9, 2, 15), (9, 3, 15), (9, 14, 15), (9, 3, 8), (9, 2, 15), (9, 3, 15), (9, 7, 15), (9, 15, 15), (9, 3, 15), (9, 8, 15), (9, 14, 15), (9, 7, 15), (9, 8, 8), (9, 14, 8), (9, 8, 15), (9, 7, 15), (9, 15, 15), (9, 3, 15), (9, 3, 15), (9, 3, 8), (9, 14, 15), (9, 8, 15), (9, 2, 15), (9, 3, 15), (9, 3, 15)]"
"(9, 14, 5, 0)","[(9, 0, 15), (9, 0, 15), (9, 0, 15), (9, 0, 15), (9, 0, 15), (9, 0, 15), (9, 11, 15), (9, 0, 15), (9, 0, 15)]"
"(9, 14, 7, 0)","[('?', 3, 15)]"
"(9, 14, 10, 0)","[(4, 13, 15), (4, 9, 15), (4, 13, 15), (4, 13, 15), (4, 1, 15), (4, 13, 15)]"
"(9, 14, 11, 0)","[(15, 3, 15), (7, 14, 15), (15, 2, 15), (2, 7, 15), (7, 3, 15), (15, 14, 15), (10, 1, 15), (15, 8, 15), (2, 15, 15), (2, 8, 15), (2, 15, 15), (15, '?', 15), (2, 7, 15), (15, 14, 15), (15, 15, 15), (2, 4, 15), (7, 7, 15), (2, 1, 15), (2, 14, 15), (2, 15, 15), (7, 1, 15), (7, '?', 15), (10, 3, 15), (2, 4, 15), (15, 3, 15), (2, 2, 15), (15, 13, 15), (2, 2, 15), (7, '?', 15), (2, 8, 15), (7, 15, 15), (7, 8, 15), (10, 15, 15), (7, 3, 15), (10, '?', 15), (15, 8, 15), (2, 3, 15), (2, 1, 15), (7, 8, 15), (2, 8, 15), (7, 8, 15), (15, '?', 15), (10, 8, 15), (15, 7, 15), (2, 3, 15), (7, '?', 15), (2, 14, 15), (15, 4, 15), (15, 4, 15), (7, '?', 15), (7, 14, 15), (7, 13, 15), (2, 3, 15), (7, 4, 15), (7, 14, 15), (2, 2, 15), (7, 1, 15), (7, '?', 15), (10, 13, 15), (15, 8, 15), (7, 4, 15), (10, 3, 15), (15, '?', 15), (15, 2, 15), (10, '?', 15), (10, '?', 15), (7, 3, 15), (15, 7, 15), (15, 13, 15), (2, 15, 15), (10, 3, 15), (15, 2, 15), (2, 3, 15), (10, 3, 15), (2, 14, 15), (7, 7, 15), (10, 15, 15), (7, 15, 15), (7, 3, 15), (2, 15, 15), (2, 3, 15), (10, '?', 15), (7, 4, 15), (15, 7, 15), (7, 14, 15), (7, 15, 15), (10, 15, 15), (15, 3, 15), (15, 2, 15), (2, 7, 15), (7, '?', 15), (15, '?', 15), (2, 3, 15), (7, 3, 15), (2, 14, 15), (15, 14, 15), (7, 15, 15), (15, 8, 15), (15, 4, 15), (2, 7, 15), (2, 14, 15), (2, 8, 15), (15, '?', 15), (10, 8, 15), (15, '?', 15), (10, '?', 15), (15, 7, 15), (10, '?', 15), (2, 13, 15), (2, 4, 15), (10, 13, 15), (15, 2, 15), (2, 8, 15), (7, '?', 15), (7, 3, 15), (7, 15, 15), (10, 15, 15)]"
"(9, 14, 13, 0)","[(9, 14, 15), (9, 4, 15), (9, 14, 15), (9, 8, 15), (9, 1, 15), (9, 9, 15), (9, 5, 15), (9, 15, 15), (9, 5, 15), (9, 9, 15), (9, 6, 15), (9, 14, 15), (9, 15, 15), (9, '?', 15), (9, 14, 15), (9, 4, 15), (9, 8, 15), (9, 14, 15), (9, 2, 15), (9, 9, 15), (9, '?', 15), (9, 8, 15), (9, 9, 15), (9, 3, 15), (9, 6, 15), (9, 8, 15), (9, 6, 15), (9, 5, 15), (9, '?', 15), (9, '?', 15), (9, '?', 15), (9, 9, 15), (9, 9, 15), (9, 6, 15), (9, 8, 15), (9, '?', 15), (9, 15, 15), (9, 4, 15), (9, 2, 15), (9, 5, 15), (9, 9, 15), (9, 7, 15), (9, 2, 15), (9, '?', 15), (9, '?', 15)]"
"(9, 14, 17, 0)","[(11, 3, 15), (12, 2, 15), (11, 3, 15), (11, 3, 15), (11, 7, 15), (12, 4, 15), (12, 7, 15), (12, 8, 15), (11, 3, 15), (11, 4, 15), (12, 8, 15), (12, 4, 15), (12, 14, 15), (12, 3, 15), (11, 15, 15), (11, 15, 15), (12, 15, 15), (11, 2, 15), (11, 2, 15), (12, 3, 15), (11, 2, 15), (12, 7, 15), (12, 4, 15), (12, 14, 15), (11, 8, 15), (12, 8, 15), (11, 3, 15), (12, 2, 15), (12, 8, 15), (12, 8, 15), (12, 15, 15), (12, 4, 15)]"
"(9, 14, 18, 0)","[('?', 11, 15), ('?', '?', 15), ('?', 11, 15), ('?', 4, 15), ('?', 2, 15), ('?', '?', 15), ('?', '?', 15), ('?', '?', 15), ('?', 14, 15), ('?', 3, 15), ('?', 2, 15), ('?', 4, 15), ('?', 4, 15), ('?', 3, 15), ('?', 3, 15), ('?', '?', 15), ('?', '?', 15), ('?', '?', 15), ('?', 2, 15), ('?', '?', 15), ('?', 9, 15), ('?', 9, 15), ('?', 11, 15)]"
"(9, 14, 20, 0)","[(4, 13, 15), (4, 3, 15), (4, 9, 15), (4, 13, 15), (4, 4, 15), (4, 10, 15), (4, 0, 15), (4, 15, 15), (4, 14, 15), (4, 14, 15), (4, 13, 15), (4, 1, 15), (4, 4, 15), (4, 11, 15), (4, 9, 15), (4, 15, 15), (4, 13, 15), (4, 14, 15), (4, 9, 15), (4, 14, 15), (4, 1, 15), (4, 1, 15), (4, 1, 15), (4, 9, 15), (4, 3, 15), (4, 9, 15), (4, 1, 15), (4, 1, 15), (4, 9, 15), (4, 2, 15), (4, 13, 15), (4, 3, 15), (4, 4, 15), (4, 2, 15), (4, 3, 15), (4, 9, 15), (4, 7, 15), (4, 7, 15), (4, 14, 15), (4, 7, 15), (4, 2, 15), (4, 8, 15), (4, 1, 15)]"
"(9, 14, 21, 0)","[(4, 0, 15), (4, 11, 15), (4, 11, 15), (4, 0, 15), (4, 11, 15), (4, 0, 15), (4, 11, 15), (4, 10, 15), (4, 11, 15), (4, 0, 15), (4, 11, 15), (4, 0, 15), (4, 0, 15), (4, 11, 15), (4, 0, 15), (4, 9, 15), (4, 10, 15), (4, 10, 15)]"
"(9, 14, 22, 0)","[(9, 9, 15), (9, 6, 15), (9, 5, 15), (9, 5, 15), (9, 1, 15), (9, 9, 15), (9, 6, 15), (9, 1, 15), (9, 5, 15)]"
"(9, 14, 23, 0)","[(15, 0, 15), (15, 0, 15), (10, 0, 15)]"
"(9, 14, 24, 0)","[(2, 0, 15), (15, 0, 15), (11, '?', 15), (2, 0, 15), (10, 0, 15), (11, '?', 15), (11, 1, 15), (12, 13, 15), (12, 7, 15), (11, 1, 15), (12, 1, 15), (12, 0, 15), (12, 13, 15), (12, 6, 15), (12, 0, 15), (11, '?', 15), (2, 0, 15), (12, '?', 15), (11, 13, 15), (10, 0, 15), (12, 1, 15), (2, 0, 15), (12, '?', 15), (12, '?', 15), (12, '?', 15), (12, 0, 15), (11, '?', 15), (11, '?', 15), (15, 0, 15), (11, 12, 15), (11, 9, 15), (12, 1, 15), (12, '?', 15), (11, 0, 15), (12, 11, 15), (12, 9, 15), (12, 9, 15), (10, 0, 15), (12, 1, 15), (12, 1, 15), (10, 0, 15), (11, '?', 15), (11, '?', 15), (12, 9, 15), (12, 0, 15), (12, 6, 15), (11, 1, 15), (12, 6, 15), (10, 0, 15), (10, 0, 15), (11, 11, 15), (11, '?', 15), (2, 0, 15), (12, 11, 15), (15, 0, 15), (11, 13, 15), (11, '?', 15), (15, 0, 15), (12, 1, 15), (12, 11, 15), (12, 6, 15), (12, 1, 15), (12, 13, 15), (11, 13, 15), (11, 0, 15), (10, 0, 15), (12, 13, 15), (12, 1, 15)]"
"(9, 14, 25, 0)","[(4, 15, 8), (4, 14, 8), (4, 3, 8), (4, 8, 8), (4, 7, 8), (4, 14, 8), (4, 14, 8), (4, 3, 8), (4, 3, 8), (4, 4, 15), (4, 14, 8), (4, 8, 8), (4, 3, 8)]"
"(9, 14, 29, 0)","[(4, 15, 15), (4, 8, 15), (4, 14, 15), (4, 3, 15), (4, 3, 15), (4, 4, 15), (4, 15, 15), (4, 14, 15), (4, 8, 15), (4, 2, 15), (4, 14, 15), (4, 8, 15)]"
"(9, 14, 30, 0)","[(1, 0, 15)]"
"(9, 14, 32, 0)","[(4, 7, 15), (4, 8, 15)]"
"(9, 14, 39, 0)","[('?', '?', 15)]"
"(9, 14, 44, 0)","[(4, 3, 15), (4, 4, 15), (4, 7, 8), (4, 2, 15), (4, 4, 15), (4, 2, 15), (4, 9, 15), (4, 7, 15), (4, 2, 8), (4, 2, 15), (4, 7, 15), (4, 4, 15)]"
"(9, 14, 51, 0)","[('?', 2, 15), ('?', 7, 15), ('?', 15, 15), ('?', 7, 15), ('?', 2, 15), ('?', 4, 15), ('?', 15, 15), ('?', 15, 15), ('?', 15, 15), ('?', 7, 15), ('?', 3, 15), ('?', 14, 15), ('?', 8, 15), ('?', 8, 15), ('?', 15, 15), ('?', 14, 15), ('?', 7, 15), ('?', 14, 15), ('?', 14, 15), ('?', 2, 15), ('?', 14, 15), ('?', 2, 15), ('?', 8, 15), ('?', 7, 15), ('?', 4, 15), ('?', 2, 15), ('?', 14, 15), ('?', 8, 15), ('?', 7, 15), ('?', 2, 15), ('?', 4, 15), ('?', 15, 15), ('?', 4, 15), ('?', 15, 15), ('?', 15, 15)]"
"(9, 15, 4, 0)","[(9, 2, 7), (9, 14, 7), (9, 7, 7), (9, 14, 7), (9, 2, 7), (9, 14, 7), (9, 3, 7), (9, 7, 7), (9, 2, 7), (9, 3, 7), (9, 14, 7), (9, 8, 7), (9, 3, 7), (9, 2, 7), (9, 8, 7)]"
"(9, 15, 7, 0)","[('?', 15, 7), (8, 15, 7), (8, 14, 7), ('?', 15, 7), ('?', 4, 7), ('?', 3, 7), ('?', 14, 7), (8, 2, 7), ('?', 4, 7), ('?', 15, 7), ('?', 14, 7), ('?', 14, 7), ('?', 8, 7), (8, 7, 7), (8, 7, 7), ('?', 3, 7), (8, 2, 7), ('?', 7, 7), ('?', 8, 7), ('?', 7, 7), ('?', 14, 7), ('?', 7, 7), ('?', 7, 7), ('?', 14, 7), ('?', 3, 7), (8, 8, 7), ('?', 8, 7), ('?', 14, 7), (8, 7, 7), ('?', 4, 7), ('?', 4, 7), ('?', 15, 7), (8, 2, 7), (8, 7, 7), ('?', 3, 7), ('?', 7, 7), ('?', 14, 7), (8, 15, 7)]"
"(9, 15, 13, 0)","[(9, 3, 7)]"
"(9, 15, 29, 0)","[(4, 3, 7), (4, 2, 7), (4, 3, 7), (4, 8, 7), (4, 2, 7), (4, 14, 7), (4, 8, 7), (4, 14, 7)]"
"(9, 15, 41, 0)","[(4, 3, 7), (4, 14, 7)]"
"(9, 15, 44, 0)","[(4, 14, 7), (4, 4, 7), (4, 14, 7)]"
"(9, 16, 5, 0)","[(9, 11, 7), (9, 11, 7)]"
"(9, 16, 7, 0)","[(8, 13, 7), ('?', 9, 7), (8, 1, 7), (8, 1, 7), (8, 9, 7), (8, 11, 7), ('?', 5, 7), ('?', 12, 7), (8, 1, 7), ('?', 12, 7), (8, 5, 7), (8, 9, 7), ('?', 9, 7), (8, 9, 7), (8, 1, 7), ('?', 5, 7), ('?', 12, 7), ('?', 5, 7), (8, 9, 7), (8, 13, 7), (8, 5, 7), ('?', 12, 7), ('?', 12, 7), (8, 9, 7), ('?', 5, 7), (8, 9, 7), ('?', 12, 7), ('?', 9, 7), ('?', 9, 7), (8, 5, 7)]"
"(9, 16, 8, 0)","[(13, 1, 7), (13, 1, 7)]"
"(9, 16, 10, 0)","[(4, 6, 7), (4, 5, 7), (4, 11, 7)]"
"(9, 16, 13, 0)","[(9, 10, 7), (9, 10, 7)]"
"(9, 16, 16, 0)","[(13, 6, 7), (5, 6, 7)]"
"(9, 16, 21, 0)","[(4, 6, 7), (13, 12, 7), (4, 5, 7), (4, 6, 7), (4, 6, 7), (4, 6, 7)]"
"(9, 16, 22, 0)","[(9, 10, 7), (9, 10, 7), (9, 5, 7)]"
"(9, 16, 23, 0)","[(11, 6, 7), (7, 0, 7)]"
"(9, 16, 37, 0)","[(11, 10, 7)]"
"(9, 16, 39, 0)","[('?', 11, 7), ('?', 10, 7), ('?', 1, 7), ('?', 10, 7), ('?', 11, 7), ('?', 1, 7), (8, 11, 7), ('?', 10, 7), (13, 6, 7), (8, 12, 7), ('?', 10, 7), ('?', 11, 7), (8, 10, 7), (8, 6, 7), ('?', 11, 7), ('?', 10, 7), ('?', 10, 7), (8, 10, 7), (8, 12, 7), (8, 11, 7), (8, 10, 7), (8, 10, 7), (8, 13, 7), (8, 10, 7), (8, 11, 7), ('?', 0, 7), ('?', 11, 7), ('?', 1, 7), (8, 10, 7), (8, 13, 7), (8, 11, 7), (8, 11, 7), (8, 1, 7), ('?', 1, 7), ('?', 11, 7), ('?', 1, 7), ('?', 1, 7), ('?', 11, 7), ('?', 11, 7), ('?', 10, 7), ('?', 10, 7)]"
"(9, 16, 41, 0)","[(4, 5, 7), (8, 0, 7)]"
"(9, 17, 17, 0)","[(7, 14, 15), (2, 3, 15), (7, 3, 15), (15, 14, 8), (7, 7, 8), (15, 8, 15), (15, 3, 15), (10, 3, 15), (10, 8, 15), (15, 3, 15), (10, 3, 15), (15, 7, 8), (2, 8, 15), (15, 7, 8)]"
"(9, 17, 37, 0)","[(15, 13, 11), (15, 10, 11), (10, 5, 11), (7, 5, 11), (15, 10, 11), (7, 10, 11), (7, 10, 11), (10, 5, 11), (7, 5, 11), (7, 6, 11), (7, 13, 11), (15, 12, 11), (10, 5, 11), (2, 5, 11), (10, 13, 11), (2, 5, 11), (15, 13, 11), (15, 10, 11), (2, 1, 11), (2, 5, 11), (15, 12, 11), (15, 10, 11), (15, 13, 11), (7, 13, 11), (15, 10, 11), (15, 5, 11), (2, 5, 11), (2, 5, 11), (7, 5, 11), (2, 6, 11), (2, 13, 11)]"
"(9, 18, 1, 0)","[('?', 10, 15)]"
"(9, 18, 2, 0)","[(11, 9, 15), (12, 9, 15), (11, 9, 15), (11, 11, 15), (11, 13, 15), (11, 12, 15), (11, 11, 15), (12, 5, 15), (12, 13, 15), (11, 5, 15), (11, 12, 15), (11, 9, 15), (11, 12, 15), (12, 13, 15), (12, 12, 15), (11, 6, 15), (11, 5, 15), (11, 5, 15), (12, 5, 15), (12, 11, 15), (12, 12, 15), (11, 11, 15), (11, 13, 15), (12, 1, 15), (11, 5, 15), (11, 6, 15), (12, 12, 15), (11, 5, 15), (12, 5, 15), (11, 1, 15), (12, 9, 15), (11, 11, 15), (12, 5, 15), (11, 9, 15), (12, 11, 15), (12, 6, 15), (11, 9, 15), (12, 9, 15), (12, 9, 15), (12, 13, 15), (12, 11, 15), (12, 12, 15), (12, 13, 15), (12, 9, 15), (11, 6, 15), (12, 6, 15), (12, 13, 15), (11, 5, 15), (11, 1, 15), (11, 9, 15), (12, 6, 15), (12, 9, 15), (12, 12, 15), (11, 13, 15)]"
"(9, 18, 11, 0)","[(10, 5, 15), (7, 6, 15), (2, 12, 15), (15, 9, 15), (7, 11, 15), (10, 13, 15), (10, 6, 15), (7, 12, 15), (10, 10, 15), (15, 5, 15), (10, 6, 15), (10, 6, 15), (7, 11, 15), (15, 9, 15), (10, 1, 15), (10, 10, 15), (7, 1, 15), (2, 5, 15), (7, 12, 15), (2, 12, 15), (7, 5, 15), (10, '?', 15), (2, 9, 15), (15, 11, 15), (2, 11, 15), (7, 10, 15), (15, 13, 15), (2, 12, 15), (2, 9, 15), (10, 6, 15), (2, 1, 15), (7, 13, 15), (15, 10, 15), (7, 12, 15), (2, 13, 15), (15, 9, 15), (15, '?', 15), (10, 12, 15), (7, 12, 15), (7, 6, 15), (10, 6, 15), (2, 13, 15), (10, 10, 15), (7, 10, 15), (10, 5, 15), (15, 10, 15), (2, 1, 15), (15, 13, 15), (10, 10, 15), (7, 5, 15), (2, 11, 15), (10, 13, 15), (10, 5, 15), (15, 9, 15), (10, 5, 15), (7, 1, 15), (7, 1, 15), (7, 11, 15), (15, 9, 15), (2, 9, 15), (15, 13, 15), (10, 12, 15), (15, 5, 15), (7, 5, 15), (2, 5, 15), (10, 1, 15), (10, 11, 15), (2, 2, 15), (7, 10, 15), (15, 12, 15), (2, 11, 15), (2, 13, 15), (2, 11, 15), (7, 13, 15), (7, 6, 15), (15, 13, 15), (15, 5, 15), (15, 12, 15), (10, 13, 15), (7, 12, 15), (10, 12, 15), (2, 6, 15), (10, 11, 15), (15, 12, 15), (2, 13, 15), (15, 11, 15), (15, 10, 15), (2, 12, 15), (10, 11, 15), (15, '?', 15), (7, 13, 15), (10, 6, 15), (2, 12, 15), (7, 10, 15), (15, 11, 15), (2, 11, 15), (7, 1, 15), (10, 11, 15), (7, 5, 15), (2, 6, 15), (10, 1, 15), (2, 9, 15), (15, 10, 15), (2, 5, 15), (7, 6, 15), (15, 12, 15), (7, 11, 15), (10, 12, 15), (10, 6, 15), (2, 9, 15), (10, 1, 15), (10, 11, 15), (2, 11, 15), (15, 10, 15), (2, 12, 15), (10, 11, 15), (7, 1, 15), (15, 11, 15), (7, 1, 15), (7, 11, 15), (15, 12, 15), (15, 5, 15), (10, 13, 15), (2, 12, 15), (10, 11, 15), (10, 10, 15), (7, 12, 15), (15, 5, 15), (10, 6, 15)]"
"(9, 18, 13, 0)","[(9, 6, 15)]"
"(9, 18, 17, 0)","[(10, 5, 15), (10, 10, 15), (7, 5, 15), (7, 10, 15), (2, 13, 15), (10, 12, 15), (7, 13, 15), (2, 6, 15), (10, 5, 15), (2, 6, 15), (7, 5, 15), (15, 10, 15), (7, 10, 15), (10, 1, 15), (2, 12, 15), (2, 13, 15), (2, 11, 15), (10, 12, 15), (7, 13, 15), (10, 10, 15), (7, 13, 15), (10, 12, 15), (7, 12, 15), (2, 13, 15), (15, 10, 15), (7, 6, 15), (2, 11, 15), (7, 5, 15), (2, 13, 15), (7, 5, 15), (10, 1, 15), (10, 13, 15), (15, 11, 15), (15, 12, 15), (2, 1, 15), (10, 13, 15), (2, 9, 15), (2, 2, 15), (7, 10, 15), (15, 10, 15), (15, 9, 15), (2, 6, 15), (10, 10, 15), (7, 12, 15), (15, 13, 15), (7, 12, 15), (10, 6, 15), (10, 12, 15), (10, 12, 15), (2, 5, 15), (2, 1, 15), (7, 1, 15), (2, 11, 15), (15, 5, 15), (15, 12, 15)]"
"(9, 18, 18, 0)","[('?', 11, 15), ('?', 11, 15), ('?', 10, 15), ('?', 11, 15), ('?', 11, 15), ('?', 10, 15), (13, 1, 15), ('?', 9, 15), (8, 6, 15), ('?', 9, 15), ('?', 11, 15), ('?', 9, 15), ('?', 11, 15), ('?', 9, 15), ('?', 10, 15), ('?', 11, 15), ('?', 9, 15)]"
"(9, 18, 20, 0)","[(4, 10, 15), (4, 10, 15)]"
"(9, 18, 21, 0)","[(4, 10, 15)]"
"(9, 18, 22, 0)","[(9, 5, 15)]"
"(9, 18, 24, 0)","[(11, 12, 15), (12, 5, 15), (11, 11, 8), (11, 12, 15), (11, 5, 15), (11, 6, 15), (11, 12, 15), (11, 6, 15), (11, 5, 15), (12, 12, 15), (11, 6, 15), (11, 12, 15), (11, 6, 15), (12, 11, 15), (12, 5, 15), (11, 6, 15)]"
"(9, 18, 38, 0)","[(7, 6, 15)]"
"(9, 18, 39, 0)","[(11, 9, 15)]"
"(9, 18, 49, 0)","[('?', 10, 15), ('?', 10, 15), ('?', 10, 15), ('?', 10, 15), ('?', 10, 15)]"
"(9, 19, 7, 0)","[('?', 13, 4)]"
"(9, 19, 8, 0)","[(4, 13, 4)]"
"(9, 19, 12, 0)","[('?', 1, 4)]"
"(9, 19, 19, 0)","[('?', 1, 4), ('?', 1, 4), ('?', 1, 4)]"
"(9, 19, 21, 0)","[(4, 5, 4)]"
"(9, 19, 22, 0)","[(9, 5, 4), (9, 1, 4), (9, 13, 4), (9, 1, 4), (9, 1, 4), (9, 5, 4)]"
"(9, 19, 39, 0)","[('?', 1, 4), ('?', 1, 4), ('?', 1, 4)]"
"(9, 19, 44, 0)","[(4, 13, 4), (4, 13, 4), (4, 1, 4), (4, 1, 4)]"
"(9, 20, 16, 0)","[(5, 0, 11), (8, 0, 15)]"
"(9, 20, 20, 0)","[(3, 0, 15)]"
"(9, 20, 25, 0)","[(3, 0, 15), (13, 0, 15), (3, 0, 8), (0, 0, 15), (14, 0, 15), (14, 0, 8), (13, 0, 8), (13, 0, 15), (13, 0, 8), (14, 0, 15), (3, 0, 15), (13, 0, 8), (13, 0, 8), (13, 0, 15), (0, 0, 8), (14, 0, 15), (14, 0, 15), (3, 0, 8), (0, 0, 15), (13, 0, 15), (0, 0, 15), (14, 0, 15), (0, 0, 15), (14, 0, 8), (0, 0, 15), (13, 0, 15), (3, 0, 15), (14, 0, 10), (3, 0, 15), (0, 0, 15), (14, 0, 15), (14, 0, 15), (14, 0, 15), (13, 0, 15), (3, 0, 15), (3, 0, 8), (14, 0, 8), (3, 0, 15), (3, 0, 15), (14, 0, 15), (13, 0, 15)]"
"(9, 20, 26, 0)","[(3, 0, 8), (0, 0, 15), (0, 0, 8), (3, 0, 8), (14, 0, 8), (0, 0, 8), (13, 0, 8), (0, 0, 8), (0, 0, 8), (3, 0, 8), (14, 0, 8), (0, 0, 8), (13, 0, 8), (0, 0, 8), (14, 0, 8), (13, 0, 8), (0, 0, 8), (13, 0, 8), (3, 0, 8), (13, 0, 8), (0, 0, 11), (14, 0, 8), (14, 0, 8), (14, 0, 8)]"
"(9, 20, 30, 0)","[(5, 0, 8), (1, 0, 15), (6, 0, 8), (5, 0, 15), (6, 0, 15), (6, 0, 11), (1, 0, 8), (8, 0, 15), (8, 0, 15), (6, 0, 15), (5, 0, 15), (1, 0, 15), (5, 0, 8), (5, 0, 8), (1, 0, 8), (6, 0, 15), (1, 0, 15), (5, 0, 15), (5, 0, 15), (5, 0, 15), (8, 0, 15), (6, 0, 11), (6, 0, 15), (5, 0, 15), (6, 0, 15), (8, 0, 15), (5, 0, 15), (5, 0, 15), (8, 0, 15), (1, 0, 15), (6, 0, 8), (6, 0, 8), (5, 0, 15), (8, 0, 15), (8, 0, 15), (1, 0, 15), (6, 0, 11), (5, 0, 8), (5, 0, 11), (6, 0, 11), (6, 0, 15), (1, 0, 8), (6, 0, 8), (1, 0, 15), (6, 0, 8), (6, 0, 8)]"
"(9, 20, 51, 0)","[(8, 3, 8), (8, 2, 8)]"
"(9, 21, 8, 0)","[(13, 6, 7), (13, 12, 7), (13, 12, 7), (13, 5, 7), (13, 5, 7), (3, 6, 7), (0, 6, 7)]"
"(9, 21, 16, 0)","[(13, 10, 7), (13, 10, 7)]"
"(9, 21, 21, 0)","[(13, 10, 7), (3, 0, 7), (13, 10, 7), (13, 12, 7), (13, 12, 7), (13, 10, 7), (13, 12, 7), (13, 10, 7), (13, 10, 7), (3, 0, 7), (13, 12, 7)]"
"(9, 21, 26, 0)","[(3, 0, 7), (3, 0, 7), (14, 0, 7), (14, 0, 7), (13, 0, 7), (13, 0, 7), (13, 0, 7), (14, 0, 7), (13, 0, 7), (3, 0, 7)]"
"(9, 21, 39, 0)","[(8, 12, 7), (8, 12, 7), (8, 12, 7), (8, 12, 7), (8, 12, 7), (8, 10, 7), (8, 12, 7), (8, 10, 7), (8, 10, 7), (8, 12, 7), (6, 12, 7), (8, 12, 7)]"
"(9, 21, 41, 0)","[(13, 5, 7), (13, 6, 7), (13, 0, 7), (13, 0, 7), (14, 0, 7), (13, 5, 7), (13, 0, 7), (13, 0, 7), (13, 5, 7), (13, 10, 7), (3, 0, 7)]"
"(9, 22, 4, 0)","[(9, 9, 7)]"
"(9, 22, 22, 0)","[(9, 1, 7), (9, 9, 7), (9, 1, 7), (9, 1, 7), (9, 5, 7), (9, 13, 7), (9, 13, 7)]"
"(9, 23, 23, 0)","[(12, 12, 7), (11, 9, 7), (11, 6, 7), (12, 11, 7), (12, 11, 7), (12, 6, 7), (11, '?', 7), (11, 6, 7), (11, 14, 7), (11, '?', 7), (11, 7, 7), (11, 6, 7), (11, 6, 7), (11, 5, 7), (11, 14, 7), (11, 8, 7), (12, 10, 7), (11, 3, 7), (11, '?', 7), (12, '?', 7), (11, 9, 7), (11, 10, 7), (12, 10, 7), (11, 5, 7), (11, 10, 7), (11, 14, 7), (11, 6, 7), (12, 12, 7), (12, 1, 7), (12, 1, 7), (11, 8, 7), (12, 6, 7), (12, 10, 7), (11, 2, 7), (12, 11, 7), (11, 9, 7), (11, '?', 7), (12, 10, 7), (11, 7, 7), (12, 12, 7), (11, 14, 7), (11, 8, 7), (11, 7, 7), (11, 11, 7), (12, '?', 7), (12, 15, 7), (11, 3, 7), (12, 11, 7), (12, 11, 7), (11, 11, 7), (12, 6, 7), (11, 9, 7), (12, 11, 7), (11, 12, 7), (12, 13, 7), (11, '?', 7), (11, 1, 7), (12, 12, 7), (11, 9, 7), (11, 3, 7), (11, 8, 7), (12, 8, 7), (11, '?', 7), (12, '?', 7), (11, 6, 7), (12, 12, 7), (11, 8, 7), (11, '?', 7), (12, 12, 7), (12, 1, 7), (11, '?', 7), (11, 14, 7), (11, 9, 7), (11, 9, 7), (11, 14, 7), (11, 5, 7), (11, 1, 7), (11, 2, 7), (12, 13, 7), (12, 11, 7), (12, '?', 7), (11, 10, 7), (12, 12, 7), (12, 13, 7), (12, '?', 7), (12, 12, 7), (11, 12, 7), (11, 14, 7), (12, 13, 7), (12, 2, 7), (11, 8, 7), (11, 12, 7), (11, 10, 7), (12, 13, 7), (11, 2, 7), (11, 9, 7), (12, 6, 7), (11, 10, 7), (11, 5, 7), (11, 7, 7), (11, 10, 7), (12, 13, 7), (11, 5, 7), (12, 13, 7)]"
"(9, 23, 37, 0)","[(12, 6, 7), (12, 6, 7), (12, 6, 7), (12, 10, 7), (12, 10, 7), (11, 12, 7), (11, 1, 7), (12, 10, 7), (12, 10, 7), (12, 13, 7), (12, 1, 7), (11, 1, 7), (12, 6, 7), (12, 1, 7), (11, 5, 7), (12, 6, 7), (11, 12, 7), (11, 10, 7), (12, 1, 7), (12, 13, 7), (11, 12, 7), (12, 10, 7), (12, 1, 7), (11, 12, 7), (12, 12, 7)]"
"(9, 23, 43, 0)","[(11, 7, 7)]"
"(9, 24, 2, 0)","[(11, 9, 8), (12, 13, 8), (11, 1, 15), (11, 5, 8), (12, 12, 8), (12, 11, 8), (11, 11, 8), (12, 6, 8), (11, 6, 8), (12, 11, 8), (12, 6, 8), (12, 12, 8), (11, 11, 8), (11, 5, 8), (12, 10, 8), (11, 9, 8), (12, 6, 8), (12, 12, 8), (12, 6, 8), (11, 13, 8)]"
"(9, 24, 17, 0)","[(15, 9, 8), (2, 1, 8), (10, 12, 8), (15, 13, 8), (10, 13, 8), (15, 13, 8), (10, 13, 8), (7, 1, 8), (7, 9, 8), (10, 1, 8), (2, 1, 8), (2, 13, 8), (15, 1, 8), (2, 1, 8), (10, 1, 8), (15, 1, 8), (2, 13, 8), (15, 12, 8), (15, 9, 8), (15, 9, 8), (10, 12, 8), (10, 1, 8), (15, 12, 8), (2, 13, 8), (7, 9, 8), (10, 13, 8), (7, 9, 8), (10, 9, 8), (15, 13, 8), (10, 13, 8), (15, 13, 8), (15, 1, 8)]"
"(9, 24, 23, 0)","[(11, 6, 11), (12, 10, 11), (12, 10, 11)]"
"(9, 24, 24, 0)","[(11, 11, 8)]"
"(9, 24, 37, 0)","[(10, 1, 11), (15, 13, 11), (7, 6, 11), (7, 1, 11), (15, 11, 11), (10, 1, 11), (7, 10, 11), (2, 9, 11), (10, 10, 11), (7, 9, 11), (10, 13, 11), (7, 11, 11), (7, 5, 11), (10, 1, 11), (7, 9, 11), (2, 9, 11), (2, 11, 11), (2, 11, 11), (7, 1, 11), (7, 11, 11), (15, 1, 11), (10, 10, 11), (15, 11, 11), (2, 9, 11), (2, 1, 11), (15, 11, 11), (2, 11, 11), (10, 6, 11), (7, 9, 11), (10, 10, 11), (10, 1, 11), (7, 6, 11), (2, 9, 11), (10, 1, 11), (10, 1, 11), (10, 5, 11), (2, 1, 11), (2, 11, 11), (15, 1, 11), (7, 1, 11), (10, 13, 11), (2, 9, 11), (2, 11, 11), (7, 13, 11), (15, 11, 11), (7, 9, 11), (7, 1, 11), (15, 9, 11), (7, 11, 11)]"
"(9, 24, 38, 0)","[(7, 10, 8), (7, 11, 8), (2, 13, 8), (7, 12, 8), (10, 10, 8), (15, 12, 8), (15, 5, 8), (7, 10, 8), (15, 12, 8), (10, 5, 8), (15, 10, 8), (10, 12, 8), (10, 6, 8), (15, 9, 8), (10, 10, 8), (7, 10, 8), (7, 11, 8), (7, 12, 8), (2, 12, 8), (7, 11, 8), (10, 5, 8), (2, 10, 8), (7, 11, 8), (7, 12, 8), (2, 6, 8), (2, 6, 8), (15, 5, 8), (2, 11, 8), (2, 10, 8), (7, 11, 8), (10, 10, 8), (7, 9, 8), (15, 9, 8), (10, 5, 8), (15, 1, 8), (10, 9, 8), (2, 12, 8), (2, 5, 8), (7, 12, 8), (7, 11, 8), (10, 1, 8), (10, 6, 8), (2, 11, 8), (15, 5, 8), (2, 10, 8), (2, 11, 8), (10, 5, 8)]"
"(9, 25, 10, 0)","[(13, 0, 11), (13, 0, 11)]"
"(9, 25, 16, 0)","[(5, 0, 11)]"
"(9, 25, 26, 0)","[(0, 0, 11), (13, 0, 11), (14, 0, 11)]"
"(9, 25, 30, 0)","[(1, 0, 11), (6, 0, 11)]"
"(9, 25, 41, 0)","[(3, 0, 11), (14, 0, 11), (0, 0, 11)]"
"(9, 25, 44, 0)","[(0, 0, 11), (3, 0, 11)]"
"(9, 25, 49, 0)","[(13, 1, 11)]"
"(9, 26, 8, 0)","[(13, 5, 7), (0, 1, 7), (0, 6, 7), (13, 6, 7), (0, 6, 7)]"
"(9, 26, 16, 0)","[(6, 0, 11), (1, 0, 11), (1, 0, 11), (1, 0, 11), (1, 0, 11), (5, 0, 11), (5, 0, 11), (1, 0, 11), (1, 0, 11), (13, 1, 7), (6, 0, 11), (6, 0, 11), (6, 0, 11), (1, 0, 11), (5, 0, 11)]"
"(9, 26, 21, 0)","[(13, 0, 11), (13, 0, 11)]"
"(9, 26, 26, 0)","[(3, 0, 11), (14, 0, 11), (13, 0, 11), (0, 0, 11), (0, 0, 8), (13, 0, 11), (3, 0, 11), (0, 0, 11), (3, 0, 11), (13, 0, 7), (14, 0, 11), (14, 0, 11), (3, 0, 11), (3, 0, 11)]"
"(9, 26, 39, 0)","[(0, 1, 7), (6, 9, 7), (6, 9, 7)]"
"(9, 26, 41, 0)","[(14, 0, 11), (14, 0, 11)]"
"(9, 28, 1, 0)","[(9, 11, 8), (9, 11, 8), (9, 11, 8)]"
"(9, 28, 5, 0)","[(9, 0, 11), (9, 0, 11), (9, 0, 11), (9, 0, 11), (9, 0, 11), (9, 0, 11), (9, 0, 11)]"
"(9, 28, 12, 0)","[('?', 0, 11), ('?', 0, 11), ('?', 0, 11)]"
"(9, 28, 16, 0)","[(8, 0, 11)]"
"(9, 28, 23, 0)","[(10, 0, 11), (12, 0, 11), (2, 0, 11), (7, 0, 11), (15, 0, 11), (7, 0, 11), (2, 0, 11), (10, 0, 11), (10, 0, 11), (15, 0, 11), (7, 0, 11), (10, 0, 11), (10, 0, 11), (2, 0, 11), (12, 0, 11), (10, 0, 11), (2, 0, 11), (2, 0, 11), (7, 0, 11), (7, 0, 11), (12, 0, 11)]"
"(9, 28, 24, 0)","[(12, 11, 8)]"
"(9, 28, 30, 0)","[(2, 0, 8), (10, 0, 8), (11, 11, 8)]"
"(9, 28, 38, 0)","[(7, 11, 8)]"
"(9, 28, 39, 0)","[('?', 0, 11), ('?', 0, 11), ('?', 0, 11)]"
"(9, 28, 41, 0)","[(8, 0, 11), (8, 0, 11)]"
"(9, 29, 7, 0)","[(8, 14, 3)]"
"(9, 29, 12, 0)","[(8, 1, 3), (8, 11, 3), (8, 13, 3), (8, 13, 3), (8, 13, 3), (8, 11, 3)]"
"(9, 29, 19, 0)","[(8, 1, 3), (8, 12, 3)]"
"(9, 29, 29, 0)","[(13, 8, 3)]"
"(9, 29, 39, 0)","[(8, 9, 3), (8, 12, 3), (8, 11, 3), (8, 11, 3)]"
"(9, 29, 40, 0)","[(8, 4, 3), (8, 7, 3), (8, 7, 3), (8, 8, 3), (8, 3, 3), (8, 7, 3), (8, 15, 3), (8, 4, 3), (8, 3, 3), (8, 4, 3), (8, 4, 3), (8, 2, 3)]"
"(9, 30, 30, 0)","[(10, 0, 8)]"
"(9, 31, 2, 0)","[(11, 13, 8), (11, 14, 8), (11, 14, 8), (11, 14, 8), (11, 3, 8), (11, '?', 8), (11, 4, 8), (12, 14, 8), (11, 3, 8), (11, 4, 8), (11, 4, 8), (12, '?', 8), (11, 13, 8)]"
"(9, 31, 20, 0)","[(4, 1, 8)]"
"(9, 31, 23, 0)","[(12, 11, 11), (11, 0, 8), (11, 4, 11), (11, 4, 11), (12, 11, 11), (11, 4, 11), (11, 7, 11)]"
"(9, 31, 25, 0)","[(4, 2, 8), (4, 15, 8)]"
"(9, 31, 26, 0)","[(4, 15, 8), (4, 3, 8), (4, 15, 8), (4, 3, 8), (4, 14, 8), (4, 15, 8)]"
"(9, 31, 38, 0)","[(10, 13, 8), (10, 13, 8)]"
"(9, 32, 7, 0)","[(8, 3, 7)]"
"(9, 32, 8, 0)","[(14, 1, 7)]"
"(9, 32, 25, 0)","[(13, 8, 11)]"
"(9, 32, 29, 0)","[(13, 8, 7), (13, 8, 7), (13, 8, 7)]"
"(9, 33, 7, 0)","[(8, 7, 11), (8, 15, 11), (8, 13, 7), (8, 9, '?'), (8, 2, 11), (8, 3, 11), (8, 2, 11), (8, 14, 11), (8, 14, 7), (8, 3, '?'), (8, 15, 11), (8, 4, 11)]"
"(9, 33, 16, 0)","[(8, 0, 11)]"
"(9, 33, 18, 0)","[(8, 12, 8), (8, 6, 15), (8, 5, 15), (8, 1, 8), (8, 12, 8), (8, 13, 8), (8, 5, 8), (8, 13, 8), (8, 1, 8), (8, 13, 8), (8, 12, 8), (8, 11, 8), (8, 5, 8), (8, 5, 8), (8, 11, 8), (8, '?', 8), (8, '?', 8), (8, '?', 8), (8, 10, 8), (8, '?', 8), (8, 1, 15), (8, 13, 8)]"
"(9, 33, 39, 0)","[(8, 9, 11), (8, 11, 11), (8, 9, 11), (8, 0, 11), (8, 6, 11), (8, 9, 11), (8, 6, 11), (8, 9, 11), (8, 9, 11), (8, 11, 11), (8, 11, 11), (8, 6, 11), (8, 1, 11), (8, 11, 11), (8, 6, 11), (8, 1, 11), (8, 1, 11)]"
"(9, 33, 49, 0)","[(8, 1, 8), (8, 10, 8), (8, 12, 8), (8, '?', 8), (8, 1, 8), (8, 1, 8)]"
"(9, 33, 50, 0)","[(8, 7, 8)]"
"(9, 33, 51, 0)","[(8, 2, 15), (8, 15, 11), (8, 14, 11), (8, 14, 8), (8, 3, 11), (8, 15, 8), (8, 4, 11), (8, 4, 11), (8, 15, 8), (8, 8, 8), (8, 3, 8), (8, 4, 11), (8, 4, 11), (8, 14, 11), (8, 8, 8), (8, 7, 8), (8, 3, 8), (8, 14, 11), (8, 2, 11), (8, 8, 8), (8, 15, 8), (8, 7, 8), (8, 8, 11), (8, 8, 8), (8, 14, 8), (8, 14, 11), (8, 2, 8), (8, 8, 11), (8, 8, 8), (8, 8, 11), (8, 15, 8), (8, 14, 8), (8, 2, 8), (8, 3, 11), (8, 8, '?')]"
"(9, 34, 22, 0)","[(9, 5, 4), (9, 13, 3), (9, 1, 3)]"
"(9, 34, 39, 0)","[(8, 12, 3)]"
"(9, 34, 44, 0)","[(4, 13, 3)]"
"(9, 35, 18, 0)","[(8, 12, 8)]"
"(9, 35, 38, 0)","[(8, 12, 8)]"
"(9, 35, 49, 0)","[(8, 10, 8), (8, 10, 8), (8, 10, 8), (8, 12, 8)]"
"(9, 36, 4, 0)","[(9, 3, 11), (9, 7, 11), (9, 4, 11), (9, 8, 11), (9, 2, 11), (9, 4, 11), (9, 8, 11), (9, 15, 11), (9, 7, 11), (9, 2, 11), (9, 4, 11), (9, 8, 11), (9, 2, 11), (9, 7, 11), (9, 3, 11), (9, 2, 11), (9, 2, 11), (9, 14, 11), (9, 3, 11), (9, 14, 11), (9, 14, 11), (9, 15, 11)]"
"(9, 36, 7, 0)","[('?', 8, 11), ('?', 2, 11), ('?', 3, 11), ('?', 4, 11), (8, 7, 11), ('?', 3, 11), ('?', 2, 11), ('?', 7, 11), ('?', 4, 11), ('?', 4, 11), ('?', 8, 11), ('?', 15, 11), ('?', 15, 11), ('?', 7, 11), (8, 7, 11), ('?', 2, 11), ('?', 8, 11), ('?', 7, 11), ('?', 8, 11), ('?', 4, 11), ('?', 4, 11), ('?', 3, 11), ('?', 8, 11), ('?', 15, 11), ('?', 15, 11), ('?', 2, 11), ('?', 15, 11), ('?', 3, 11), ('?', 3, 11), ('?', 3, 11)]"
"(9, 36, 8, 0)","[(4, 9, 11), (4, 9, 11), (8, 0, 11), (4, 6, 11), (8, 0, 11), (4, 9, 11), (4, 6, 11), (4, 13, 11)]"
"(9, 36, 10, 0)","[(4, 9, 7), (4, 13, 11)]"
"(9, 36, 22, 0)","[(9, 1, 11), (9, 1, 11), (9, 6, 11), (9, 13, 11), (9, 1, 11), (9, 13, 11), (9, 6, 11), (9, 6, 11), (9, 9, 11), (9, 13, 11)]"
"(9, 36, 23, 0)","[(15, 0, 11), (11, 11, 11), (15, 0, 11), (7, 0, 11), (12, 0, 11), (7, 0, 11), (7, 0, 11), (12, 1, 11)]"
"(9, 36, 29, 0)","[(4, 14, 11), (4, 14, 11), (4, 2, 11), (4, 15, 11), (4, 15, 11)]"
"(9, 36, 37, 0)","[(2, 1, 11), (7, 5, 11)]"
"(9, 36, 39, 0)","[('?', 13, 11), ('?', 1, 11), ('?', 13, 11), ('?', 9, 11), (2, 1, 11), ('?', 9, 11), ('?', 1, 11), ('?', 13, 11), ('?', 1, 11), ('?', 7, 11), ('?', 1, 11)]"
"(9, 36, 41, 0)","[(4, '?', 11), (4, 9, 11), (4, 13, 11)]"
"(9, 36, 43, 0)","[(15, 1, 11), (2, 1, 11)]"
"(9, 36, 44, 0)","[(4, 15, 11)]"
"(9, 36, 48, 0)","[(9, 3, 11), (9, 15, 11)]"
"(9, 36, 49, 0)","[(13, 1, 11), (13, 1, 11)]"
"(9, 37, 37, 0)","[(15, 6, 7), (15, 6, 7), (2, 12, 7), (15, 12, 7), (7, 12, 7), (10, 9, 7), (10, 12, 7), (15, 9, 7), (15, 12, 7), (15, 12, 7), (10, 12, 7), (2, 12, 7), (2, 12, 7), (7, 6, 7), (2, 9, 7), (2, 13, 7), (2, 12, 7), (15, 6, 7), (15, 12, 7), (15, 1, 7), (15, 1, 7), (15, 12, 7), (2, 9, 7), (2, 2, 7), (2, 12, 7)]"
"(9, 38, 11, 0)","[(7, 14, 8), (10, 3, 8)]"
"(9, 38, 17, 0)","[(10, 14, 8), (7, 2, 8), (15, 14, 8), (2, 4, 8), (10, 4, 8), (15, 4, 8), (10, 7, 8), (15, 8, 8), (10, 14, 8), (7, 14, 8), (10, 8, 8), (2, 4, 8), (7, 4, 8), (10, 3, 8), (7, 8, 8), (2, 14, 8), (7, 2, 8), (10, 14, 8), (15, 3, 8), (7, 7, 8), (15, 4, 8), (7, 4, 8), (7, 4, 8), (10, 7, 8), (7, 15, 8), (2, 3, 8), (7, 15, 8), (10, 7, 8), (10, 8, 8), (7, 14, 8), (10, 3, 8), (7, 7, 8), (15, 7, 8), (2, 8, 8), (15, 7, 8), (10, 8, 8), (7, 8, 8), (10, 3, 8), (15, 4, 8), (10, 4, 8), (7, 8, 8), (10, 7, 8), (7, 4, 8), (15, 15, 8), (10, 7, 8), (7, 2, 8), (7, 8, 8), (15, 15, 8), (7, 8, 8), (10, 8, 8), (2, 8, 8), (15, 3, 8), (15, 8, 8), (2, 14, 8)]"
"(9, 38, 37, 0)","[(7, 15, 11), (7, 3, 11), (2, 2, 11), (15, 9, 11), (7, 7, 11), (2, 14, 11), (7, 3, 11), (7, 3, 11), (15, 14, 11), (2, 3, 11), (7, '?', 11), (7, 7, 11), (2, 14, 11), (2, 3, 11), (2, 3, 11), (15, 7, 11), (7, 15, 11), (2, 3, 11), (7, 3, 11), (10, 13, 11), (2, 4, 11), (7, 3, 11), (7, 4, 11), (7, 14, 11), (15, 14, 11), (2, 3, 11), (2, 8, 11), (2, 3, 11), (10, '?', 11)]"
"(9, 38, 38, 0)","[(7, 14, 8), (7, 8, 8), (2, 3, 8), (15, 15, 8), (10, 4, 8), (15, '?', 8), (10, 7, 8), (2, 8, 8), (15, '?', 8), (15, 15, 8), (7, 2, 8), (2, 4, 8), (2, '?', 8), (15, 8, 8), (15, 15, 8), (7, 7, 8), (15, 7, 8), (15, 8, 8), (15, 14, 8), (15, '?', 8), (15, 14, 8), (15, 3, 8), (15, '?', 8), (15, 4, 8), (10, 2, 8), (15, 7, 8), (15, 4, 8), (7, 15, 8), (10, 4, 8), (15, 14, 8), (15, 4, 8), (15, 4, 8), (15, '?', 8), (7, 2, 8), (10, 2, 8), (7, 7, 8), (7, 15, 8), (15, 14, 8), (2, 14, 8), (10, 14, 8), (7, 2, 8), (10, 4, 8), (2, 8, 8), (15, 7, 8), (15, 8, 8)]"
"(9, 39, 7, 0)","[(8, 7, 7), (8, 9, 7), ('?', 3, 7), (8, 7, 7), ('?', 15, 7), ('?', 8, 7), (8, 15, 7), (8, 9, 7), ('?', 9, 7), ('?', 15, 7), (8, 7, 7)]"
"(9, 39, 8, 0)","[(0, 1, 7), (0, 1, 7)]"
"(9, 39, 21, 0)","[(13, 12, 7)]"
"(9, 39, 23, 0)","[(12, 10, 7), (11, 12, 7), (11, 6, 7), (11, 6, 7), (11, '?', 7), (11, 5, 7), (11, 10, 7)]"
"(9, 39, 39, 0)","[('?', 5, 7), ('?', '?', 7), (8, 9, 7), ('?', 12, 7), ('?', 1, 7), (8, 5, 7), (8, '?', 7), (8, '?', 7), (8, 7, 7), (8, '?', 7), ('?', 9, 7), ('?', '?', 7), ('?', 7, 7), ('?', '?', 7), (13, 1, 7), ('?', 12, 7), ('?', '?', 7), ('?', 5, 7), (8, 5, 7), ('?', 7, 7), ('?', '?', 7), (8, 6, 7), (8, 6, 7), (8, 13, 7), ('?', 7, 7), ('?', 7, 7), ('?', 9, 7), (8, '?', 7), (8, 5, 7), (8, '?', 7), ('?', 4, 7), (2, 10, 7), ('?', 5, 7), ('?', 1, 7), ('?', 9, 7), (8, '?', 7), ('?', 10, 7), ('?', 1, 7), ('?', '?', 7), ('?', 12, 7), ('?', 10, 7), (8, '?', 7), (8, 7, 7), ('?', 4, 7)]"
"(9, 39, 41, 0)","[(13, 1, 7)]"
"(9, 39, 43, 0)","[(15, 6, 7), (10, 6, 7), (2, 2, 7), (2, '?', 7), (10, 6, 7), (7, 5, 7), (15, 1, 7), (10, 6, 7), (2, 10, 7), (2, 2, 7), (2, 11, 7), (2, 10, 7), (10, '?', 7), (10, 6, 7), (7, 9, 7), (10, 9, 7), (10, '?', 7), (10, 1, 7), (10, 9, 7), (7, 14, 7), (10, '?', 7), (2, 7, 7), (7, '?', 7), (2, '?', 7), (7, 12, 7), (7, 2, 7), (10, 1, 7), (10, 15, 7), (2, 3, 7), (2, 10, 7), (10, 13, 7), (10, 6, 7), (7, 10, 7), (2, '?', 7), (7, 5, 7), (7, 6, 7), (10, '?', 7), (10, 9, 7), (7, 7, 7), (2, 12, 7), (10, 6, 7), (2, 2, 7), (10, '?', 7), (2, 10, 7), (2, 15, 7), (7, 6, 7), (10, 13, 7), (10, '?', 7), (7, '?', 7), (10, '?', 7), (10, 12, 7), (7, 10, 7), (2, 10, 7)]"
"(9, 40, 40, 0)","[(8, 8, 4)]"
"(9, 41, 7, 0)","[(8, 7, 4), (8, 7, 4), (8, 7, 4)]"
"(9, 41, 8, 0)","[(0, 0, 4)]"
"(9, 41, 16, 0)","[(5, 0, 4), (5, 0, 4), (1, 0, 4)]"
"(9, 41, 21, 0)","[(3, 0, 4), (3, 0, 4)]"
"(9, 43, 37, 0)","[(7, 6, 7), (10, 6, 7), (15, 12, 7), (2, 13, 7), (15, 5, 7), (10, 6, 7), (10, 12, 7), (15, 6, 7), (15, 6, 7), (15, 12, 7), (10, 12, 7), (2, 13, 7), (2, 11, 7), (15, 9, 7), (2, 13, 7), (10, 6, 7), (7, 9, 7), (7, 12, 7), (10, 11, 7), (7, 11, 7), (7, 12, 7), (7, 9, 7), (2, 13, 7), (15, 12, 7), (2, 9, 7), (15, 5, 7), (15, 5, 7), (10, 12, 7), (15, 5, 7), (15, 1, 7), (7, 9, 7), (15, 12, 7), (7, 9, 7), (7, 13, 7), (10, 6, 7), (2, 10, 7), (2, 2, 7), (7, 12, 7), (15, 5, 7), (2, 13, 7), (2, 11, 7), (2, 13, 7), (7, 12, 7), (2, 11, 7), (2, 9, 7), (15, 1, 7), (7, 5, 7), (10, 12, 7), (7, 13, 7), (7, 5, 7), (7, 6, 7)]"
"(9, 43, 43, 0)","[(2, 8, 7), (7, 11, 7), (7, 13, 7), (7, 14, 7), (7, 13, 7), (15, 9, 7), (2, 15, 7), (7, 10, 7), (15, 15, 7), (7, 12, 7), (15, 6, 7), (2, 15, 7), (2, '?', 7), (10, 12, 7), (15, 7, 7), (7, 6, 7), (7, 15, 7), (15, 1, 7), (10, '?', 7), (2, 3, 7), (15, 2, 7), (7, 14, 7), (7, '?', 7), (15, 15, 7), (15, 1, 7), (7, 8, 7), (10, 13, 7), (15, 2, 7), (7, 7, 7), (10, 11, 7), (2, 7, 7), (7, 9, 7), (7, 2, 7), (15, 8, 7), (2, 9, 7), (7, 13, 7), (10, '?', 7), (15, 5, 7), (7, 10, 7), (2, 15, 7), (15, 11, 7), (7, 2, 7), (10, 15, 7), (10, 9, 7), (7, 13, 7), (7, 11, 7), (15, 8, 7), (10, 11, 7), (7, 2, 7), (7, 8, 7), (15, 15, 7), (15, 8, 7), (10, 9, 7), (10, 11, 7), (2, 8, 7), (7, 7, 7), (7, 12, 7), (15, 11, 7), (7, 7, 7), (7, 13, 7), (10, 13, 7), (7, 15, 7), (2, '?', 7), (10, 13, 7), (15, 11, 7), (15, 4, 7), (15, 11, 7), (10, 2, 7), (15, 2, 7), (2, 7, 7), (2, 13, 7), (7, 5, 7), (7, 5, 7), (2, 8, 7), (2, 2, 7), (10, 13, 7), (2, 11, 7), (15, 9, 7), (10, 2, 7), (7, 8, 7), (2, 11, 7), (10, 9, 7), (10, 9, 7), (15, 5, 7), (10, 1, 7), (15, 7, 7), (7, 2, 7), (2, 11, 7), (2, 9, 7), (7, 15, 7), (10, 14, 7), (7, 13, 7), (10, 2, 7), (10, 13, 7), (10, 11, 7), (10, 11, 7), (7, '?', 7), (10, 4, 7), (15, 4, 7), (15, 2, 7), (2, 8, 7), (15, 1, 7), (7, 6, 7), (7, 8, 7), (7, 8, 7), (7, 5, 7), (2, 11, 7), (10, 1, 7), (10, 14, 7), (10, 9, 7), (15, 7, 7), (2, 7, 7), (10, 11, 7), (10, 9, 7), (7, 2, 7), (10, 11, 7), (10, 15, 7), (7, 2, 7), (7, 11, 7), (2, 8, 7), (7, 7, 7), (10, 4, 7), (2, 7, 7), (10, 1, 7), (15, 14, 7), (10, 2, 7), (2, 12, 7), (7, '?', 7), (7, 2, 7), (7, 11, 7), (2, '?', 7), (10, 1, 7), (7, 8, 7), (7, 10, 7), (7, '?', 7), (7, 13, 7), (7, 11, 7), (10, 4, 7), (7, 12, 7), (7, '?', 7), (7, 5, 7), (2, '?', 7), (10, 2, 7), (7, '?', 7), (2, 3, 7), (2, 12, 7), (15, 11, 7), (2, 11, 7), (10, 14, 7)]"
"(9, 44, 8, 0)","[(0, 1, 4), (4, 0, 4), (0, 1, 4), (0, 1, 4)]"
"(9, 44, 16, 0)","[(5, 0, 4), (1, 0, 4), (1, 0, 4), (1, 0, 4), (5, 0, 4)]"
"(9, 44, 40, 0)","[(8, 8, 4)]"
"(9, 44, 44, 0)","[(13, 0, 4), (0, 0, 4), (3, 0, 4), (3, 0, 4), (3, 0, 4), (13, 0, 4)]"
"(9, 45, 8, 0)","[(8, 0, 7), (8, 0, 7), (4, 1, 7)]"
"(9, 45, 10, 0)","[(8, 0, 7), (8, 0, 7)]"
"(9, 45, 21, 0)","[(4, 11, 7)]"
"(9, 45, 23, 0)","[(10, 0, 4), (11, 11, 7), (11, 11, 7), (2, 0, 7), (7, 0, 7), (10, 0, 7), (11, 11, 7), (11, 11, 7), (10, 0, 7), (7, 0, 7), (10, 0, 7), (11, 11, 7)]"
"(9, 45, 37, 0)","[(11, 1, 7)]"
"(9, 45, 43, 0)","[(2, 11, 7)]"
"(9, 46, 2, 0)","[(12, 3, 8), (11, 14, 8), (11, 14, 8), (12, 14, 8), (12, '?', 8), (11, 14, 8), (11, 3, 8), (12, 3, 8)]"
"(9, 46, 17, 0)","[(11, 14, 8), (12, 3, 8), (12, 14, 8), (12, 3, 8), (11, 3, 8), (11, 7, 8), (12, 4, 8), (11, 4, 8), (12, 4, 8), (12, 4, 8), (11, 7, 8), (11, 4, 8), (11, 7, 8), (11, 4, 8), (12, 4, 8), (11, 14, 8), (12, 14, 8), (11, 7, 8), (12, 4, 8)]"
"(9, 46, 23, 0)","[(12, 4, 11), (12, 4, 11), (12, 9, 11), (12, 7, 11), (12, 3, 11), (12, 4, 11), (12, 8, 11), (12, 15, 11), (12, 4, 11), (12, 9, 11), (12, 15, 11), (12, 13, 11), (12, 8, 11), (12, 2, 11), (12, 3, 11), (12, 7, 11), (12, 3, 11), (12, 4, 11), (12, 15, 11), (12, 8, 11), (12, 7, 11), (12, 2, 11), (12, 1, 11), (12, 8, 11)]"
"(9, 46, 37, 0)","[(12, 8, 11), (12, 15, 11)]"
"(9, 46, 46, 0)","[(12, 8, 11)]"
"(9, 47, 7, 0)","[(8, 15, 7), (8, 8, 7), (8, 8, 7), (8, 15, 7), (8, 8, 7)]"
"(9, 48, 4, 0)","[(9, 14, 4), (9, 15, 4), (9, 3, 4), (9, 8, 4), (9, 7, 4), (9, 7, 4), (9, 8, 4), (9, 8, 4), (9, 7, 4)]"
"(9, 48, 7, 0)","[('?', 7, 4), ('?', 3, 4), ('?', 4, 4), ('?', 7, 4), ('?', 7, 4), ('?', 3, 4), ('?', 3, 4), ('?', 3, 4), ('?', 3, 4), ('?', 3, 4), ('?', 2, 4), ('?', 4, 4), ('?', 2, 4), ('?', 3, 4)]"
"(9, 48, 15, 0)","[(9, 3, 7)]"
"(9, 48, 29, 0)","[(4, 3, 4), (4, 15, 4), (4, 7, 4), (4, 7, 4), (4, 15, 4), (4, 8, 4), (4, 15, 4), (4, 8, 4), (4, 3, 4), (4, 3, 4), (4, 7, 4), (4, 14, 4), (4, 15, 4), (4, 14, 4), (4, 14, 4), (4, 14, 4)]"
"(9, 48, 39, 0)","[('?', 4, 4)]"
"(9, 48, 41, 0)","[(4, 7, 4), (4, 15, 4), (4, 4, 4)]"
"(9, 48, 44, 0)","[(4, 2, 4), (4, 8, 4), (4, 3, 4), (4, 2, 4)]"
"(9, 49, 1, 0)","[(9, 5, 8), (9, 10, 8), (9, 10, 8), (9, 10, 8), (9, 5, 8)]"
"(9, 49, 2, 0)","[(12, 10, 8), (11, 5, 8), (12, 10, 8), (11, 6, 8), (12, 10, 8), (11, 5, 8), (11, 13, 8), (11, 10, 8), (12, 13, 8), (12, 11, 8), (11, 10, 8), (11, 5, 8), (12, 6, 8), (11, 6, 8), (11, 10, 8), (12, 12, 8), (12, 12, 8), (12, 12, 8), (12, 10, 8), (11, 10, 8), (11, 12, 8), (11, 12, 8), (12, 12, 8), (12, 10, 8), (12, 12, 8), (12, 10, 8), (12, 10, 8), (11, 10, 8)]"
"(9, 49, 3, 0)","[(4, 6, 8)]"
"(9, 49, 5, 0)","[(9, 10, 11), (9, 13, 11), (9, 10, 11), (9, 10, 11), (9, 11, 11), (9, 11, 11), (9, 11, 11), (9, 11, 11), (9, 11, 11), ('?', 0, 11)]"
"(9, 49, 8, 0)","[(4, 6, 11)]"
"(9, 49, 9, 0)","[('?', 13, 8)]"
"(9, 49, 12, 0)","[('?', 0, 11)]"
"(9, 49, 13, 0)","[(9, 5, 11), (9, 1, 11), (9, 13, 11), (9, 12, 11), (9, 6, 11), (9, 9, 11), (9, 5, 11), (9, 9, 11), (9, 1, 11), (9, 12, 11), (9, 5, 11), (9, 10, 11), (9, 5, 11), (9, 1, 11)]"
"(9, 49, 16, 0)","[(9, 1, 11)]"
"(9, 49, 18, 0)","[(8, 11, 8), (8, 11, 8)]"
"(9, 49, 20, 0)","[(4, 10, 8), (4, 10, 8)]"
"(9, 49, 21, 0)","[(4, 6, 11), (4, 12, 8), (4, 5, 8), (4, 10, 11), (4, 10, 11), (4, 10, 11)]"
"(9, 49, 22, 0)","[(9, 6, 11), (9, 12, 11), (9, 5, 11), (9, 12, 11), (9, 12, 11), (9, 5, 11), (9, 5, 8), (9, 12, 11), (9, 10, 11), (9, 10, 11)]"
"(9, 49, 23, 0)","[(11, 5, 11), (12, 6, 11), (11, 5, 11), (11, 13, 11), (12, 1, 11), (12, 1, 11), (11, 12, 11), (11, 12, 11), (12, 10, 11), (12, 11, 11), (12, 13, 11), (12, 10, 11), (12, 5, 11), (12, 10, 11), (12, 12, 11), (12, 12, 11), (12, 1, 11), (12, 10, 11), (11, 5, 11), (12, 1, 11), (12, 5, 11), (11, 5, 11), (12, 6, 11), (11, 11, 11), (11, 12, 11), (11, 6, 11), (12, 12, 11), (12, 12, 11)]"
"(9, 49, 24, 0)","[(11, 11, 8), (11, 11, 8)]"
"(9, 49, 26, 0)","[(4, 10, 11)]"
"(9, 49, 37, 0)","[(10, 6, 11), (15, 5, 11), (10, 6, 11), (10, 10, 11), (7, 6, 11), (10, 5, 11), (15, 13, 11), (15, 12, 11), (7, 10, 11), (2, 6, 11), (15, 9, 11), (10, 6, 11), (2, 5, 11), (7, 10, 11), (7, 5, 11), (7, 10, 11), (7, 11, 11), (10, 10, 11), (15, 12, 11), (15, 5, 11), (2, 11, 11), (15, 12, 11), (15, 10, 11), (15, 5, 11), (15, 13, 11), (10, 1, 11), (15, 11, 11), (7, 11, 11), (10, 1, 11), (7, 1, 11), (2, 11, 11), (10, 5, 11), (10, 13, 11), (15, 13, 11), (15, 5, 11), (7, 9, 11), (2, 6, 11), (7, 5, 11), (15, 12, 11), (10, 10, 11), (15, 10, 11), (7, 9, 11), (2, 5, 11), (15, 5, 11), (10, 10, 11), (2, 5, 11), (10, 13, 11), (7, 13, 11), (7, 10, 11), (2, 9, 11), (10, 5, 11), (10, 13, 11), (15, 9, 11), (15, 1, 11), (15, 10, 11), (10, 5, 11), (15, 12, 11), (15, 5, 11), (15, 10, 11), (7, 1, 11), (10, 6, 11), (15, 9, 11), (15, 12, 11), (7, 6, 11), (7, 5, 11)]"
"(9, 49, 38, 0)","[(2, 10, 8), (2, 5, 8), (10, 13, 8), (10, 10, 8), (15, 1, 8), (10, 5, 8), (2, 10, 8), (2, 11, 8), (2, 5, 8), (2, 5, 8), (10, 13, 8), (15, 10, 8), (2, 1, 8), (2, 10, 8), (7, 12, 8), (7, 12, 8), (15, 10, 8), (15, 12, 8), (2, 12, 8), (10, 10, 8), (10, 10, 8), (15, 10, 8), (7, 10, 8), (2, 1, 8), (15, 10, 8), (15, 5, 8), (10, 5, 8), (2, 6, 8), (2, 10, 8), (7, 10, 8), (10, 5, 8), (15, 12, 8), (7, 10, 8), (7, 12, 8), (2, 11, 8), (10, 13, 8), (10, 10, 8), (10, 5, 8), (15, 13, 8), (7, 11, 8), (10, 5, 8), (7, 1, 8), (7, 12, 8), (2, 13, 8), (10, 5, 8), (15, 5, 8), (7, 10, 8), (15, 10, 8), (7, 9, 8), (15, 1, 8), (2, 5, 8), (7, 10, 8), (2, 1, 8), (2, 5, 8), (15, 10, 8)]"
"(9, 49, 39, 0)","[('?', 10, 11), ('?', 10, 11), ('?', 11, 11), ('?', 12, 11), ('?', 1, 11), (15, 12, 11), ('?', 10, 11), ('?', 10, 11), ('?', 10, 11), ('?', 11, 11), ('?', 5, 11), ('?', 5, 11), ('?', 12, 11), ('?', 9, 11), ('?', 10, 11), ('?', 10, 11), ('?', 5, 11), ('?', 12, 11), ('?', 5, 11), ('?', 9, 11), ('?', 12, 11), ('?', 5, 11), ('?', 11, 11), ('?', 10, 11), ('?', 11, 11), ('?', 12, 11), ('?', 10, 11), ('?', 11, 11), ('?', 11, 11), ('?', 12, 11), ('?', 12, 11), ('?', 11, 11), ('?', 5, 11)]"
"(9, 49, 41, 0)","[(4, 13, 11), (4, 13, 11), (4, 10, 11), (4, 6, 11), (4, 13, 11), (4, '?', 11), (4, 6, 11), (4, 10, 11), (4, 6, 11), (4, 6, 11), (4, 6, 11)]"
"(9, 49, 43, 0)","[(7, 1, 11), (10, 1, 11), (2, 5, 11), (7, 11, 11), (2, 1, 11), (7, 1, 11)]"
"(9, 49, 44, 0)","[(4, 9, 11), (4, 6, 11)]"
"(9, 49, 49, 0)","[('?', 11, 8), ('?', 6, 8), ('?', 12, 8), ('?', 11, 8), ('?', 12, 8), ('?', 13, 8), ('?', 11, 8), (8, 11, 8), ('?', 11, 8), (8, 11, 8), ('?', 13, 8), ('?', 1, 8), ('?', 12, 8), ('?', 1, 8), ('?', 12, 8), ('?', 12, 8), ('?', 13, 8), (8, 11, 8), ('?', 6, 8), ('?', 12, 8), ('?', 6, 8), ('?', 1, 8), ('?', 12, 8), ('?', 11, 8), ('?', 6, 8), (8, 5, 8), (8, 10, 8), ('?', 13, 8), ('?', 6, 8), (8, 11, 8), ('?', 13, 8)]"
"(9, 50, 1, 0)","[(9, 12, 8), (9, 1, 8), (9, 7, 8), (9, 15, 8), (9, '?', 8), (9, 7, 8), (9, 8, 8), (9, 11, 8), (9, 12, 8), (9, '?', 8), (9, 3, 8), (9, 1, 8), (9, 9, 8), (9, 12, 8), (9, 2, 8), (9, 14, 8), (9, 15, 8), (9, 8, 8), (9, 7, 8), (9, 12, 8), (9, 8, 8), (9, 5, 8), (9, 14, 8), (9, 9, 8), (9, 14, 8), (9, 7, 8), (9, 10, 8), (9, 8, 8), (9, 14, 8), (9, 1, 8), (9, 5, 8), (9, '?', 8), (9, 15, 8), (9, 15, 8), (9, 5, 8), (9, 5, 8), (9, 2, 8), (9, '?', 8), (9, '?', 8), (9, 13, 8), (9, 9, 8), (9, 7, 8), (9, 13, 8), (9, 8, 8), (9, 3, 8), (9, 10, 8), (9, 1, 8), (9, 1, 8), (9, 5, 8)]"
"(9, 50, 2, 0)","[(12, 13, 8), (12, '?', 8), (11, 9, 8), (11, 5, 8), (12, 13, 8), (11, '?', 8), (12, '?', 8), (12, 13, 8), (11, 7, 8), (11, 6, 8), (11, 7, 8), (11, '?', 8), (12, 3, 8), (11, 9, 8), (12, 13, 8), (11, '?', 8), (11, 9, 8), (11, 9, 8), (11, 9, 8), (12, 13, 8), (12, 6, 8), (11, 5, 8), (11, 10, 8), (12, 4, 8), (11, 9, 8), (11, '?', 8), (11, 6, 8), (11, 7, 8), (11, 7, 8), (11, 12, 8), (12, 13, 8), (12, '?', 8), (12, 12, 8), (11, 6, 8), (12, '?', 8), (11, 3, 8), (12, 6, 8), (11, 11, 8), (12, 13, 8), (12, 6, 8), (12, 4, 8), (11, 10, 8), (12, 3, 8), (11, '?', 8), (12, 10, 8), (12, 14, 8), (11, 3, 8), (11, '?', 8)]"
"(9, 50, 3, 0)","[(9, 10, 8), ('?', 6, 8)]"
"(9, 50, 4, 0)","[(9, 7, 8)]"
"(9, 50, 5, 0)","[(9, 11, 11), (9, 11, 11)]"
"(9, 50, 7, 0)","[('?', 7, 11), ('?', 2, 11), ('?', 15, 11)]"
"(9, 50, 11, 0)","[(10, '?', 8), (10, 3, 8), (15, 14, 8), (7, 15, 8), (2, 13, 8), (7, 15, 8)]"
"(9, 50, 13, 0)","[(9, '?', 11), (9, 2, 11), (9, 15, 11), (9, 11, 11), (9, 1, 11), (9, 14, 11), (9, 7, 11), (9, '?', 11), (9, 15, 11), (9, 2, 11), (9, 15, 11), (9, '?', 11), (9, 8, 11), (9, 9, 11), (9, 14, 11), (9, 9, 11), (9, 12, 11), (9, '?', 11), (9, 15, 8), (9, 10, 11), (9, 4, 11), (9, 7, 11), (9, '?', 11), (9, '?', 11), (9, 8, 11), (9, '?', 11), (9, 15, 11), (9, 8, 11), (9, 6, 11), (9, 14, 11), (9, 14, 11), (9, 13, 11), (9, 5, 11), (9, 8, 11), (9, 3, 11), (9, 6, 11), (9, 1, 11), (9, '?', 11), (9, 6, 11), (9, 5, 11), (9, 8, 11), (9, 7, 11), (9, 13, 11), (9, 3, 11)]"
"(9, 50, 14, 0)","[(9, 7, 8)]"
"(9, 50, 15, 0)","[(9, 4, 11), (9, 15, 11), (9, 7, 11), (9, 4, 11), (9, 3, 11), (9, 8, 11), (9, 14, 11), (9, 3, 11), (9, 3, 11), (9, 4, 11)]"
"(9, 50, 18, 0)","[(8, 15, 8)]"
"(9, 50, 20, 0)","[(4, 2, 8), (4, 6, 8), (4, 9, 8), (4, 7, 8), (4, 8, 8), (4, '?', 8), (4, '?', 8), (4, 8, 8), (4, 12, 8), (4, 8, 8), (4, '?', 8), (4, 2, 8), (4, 9, 8), (4, 5, 8), (4, 6, 8), (4, 7, 8), (4, 8, 8), (4, 6, 8), (4, 8, 8), (4, 3, 8), (4, '?', 8), (4, '?', 8), (4, 12, 8), (4, 2, 8), (4, 6, 8), (4, 14, 8), (4, 12, 8), (4, 9, 8), (4, 6, 8), (4, 3, 8), (4, 2, 8), (4, 2, 8), (4, 7, 8), (4, 5, 8), (4, 9, 8), (4, 3, 8), (4, 8, 8), (4, 2, 8), (4, 6, 8), (4, 1, 8), (4, 15, 8), (4, 7, 8), (4, 2, 8), (4, 14, 8), (4, 7, 8)]"
"(9, 50, 23, 0)","[(11, '?', 11), (12, 6, 11), (12, '?', 11), (11, '?', 11), (11, 6, 11), (12, '?', 11), (11, 13, 11), (12, 5, 11), (12, 9, 11), (12, 6, 11), (12, 9, 11), (11, 13, 11), (11, '?', 11), (12, 13, 11), (12, 15, 11), (11, 2, 11), (11, 14, 11), (11, 14, 11), (11, '?', 11), (11, 13, 11), (12, 7, 11), (12, '?', 11), (12, '?', 11), (11, 4, 11), (11, 13, 11), (11, '?', 11), (11, 9, 11), (11, '?', 11), (11, 9, 11), (11, 14, 11), (11, 15, 11), (11, 5, 11), (11, 13, 11), (12, '?', 11), (11, 9, 11), (12, 5, 11), (12, 13, 11), (12, 11, 11), (11, 2, 11), (11, '?', 11), (12, 15, 11), (12, 13, 11), (11, 7, 11), (11, 7, 11), (12, 6, 11), (11, 15, 11), (11, 9, 11), (11, 9, 11), (12, 6, 11), (11, 15, 11), (11, 9, 11), (11, 15, 11), (12, 15, 11), (12, 9, 11), (11, '?', 11), (11, 14, 11), (12, 7, 11), (12, '?', 11), (11, 7, 11), (12, 3, 11), (12, 4, 11), (11, 14, 11), (12, 1, 11), (11, 2, 11), (11, '?', 11), (12, 11, 11), (12, 15, 11), (11, 14, 11), (11, 13, 11), (12, 9, 11), (11, 2, 11)]"
"(9, 50, 24, 0)","[(11, 9, 8)]"
"(9, 50, 26, 0)","[(4, 2, 8), (4, 7, 8), (4, '?', 8), (4, 15, 8), (4, 15, 8), (4, '?', 8), (4, '?', 8)]"
"(9, 50, 30, 0)","[(1, 0, 8), (15, 0, 11), (15, 0, 8), (15, 0, 8), (11, 11, 8)]"
"(9, 50, 31, 0)","[(9, 15, 8), (9, 7, 8), (9, 2, 8), (9, 3, 8), (9, 3, 8), (9, 8, 8)]"
"(9, 50, 37, 0)","[(2, '?', 11), (7, 2, 11), (10, 6, 11), (7, '?', 11), (10, '?', 11), (7, 15, 11), (10, '?', 11), (7, 3, 11), (7, '?', 11), (15, 9, 11), (2, 6, 11), (15, 13, 11), (15, 9, 11), (10, 13, 11), (7, 9, 11), (10, '?', 11), (7, 4, 11), (10, '?', 11), (2, '?', 11), (7, 9, 11), (15, 9, 11), (7, 13, 11), (7, 13, 11), (10, 5, 11), (7, '?', 11), (15, 7, 11), (2, '?', 11), (7, 8, 11), (2, 2, 11), (10, 2, 11), (15, 9, 11)]"
"(9, 50, 38, 0)","[(7, '?', 8), (2, '?', 8), (2, 6, 8), (7, 14, 8), (2, 3, 8), (7, '?', 8), (10, 3, 8), (7, '?', 8), (15, '?', 8), (2, 14, 8), (7, 2, 8), (2, 3, 8), (15, 13, 8), (7, 2, 8), (7, 4, 8), (2, 14, 8), (2, 4, 8), (2, 3, 8), (7, '?', 8), (7, 9, 8), (10, 6, 8), (2, 11, 8), (10, 6, 8), (2, 1, 8), (10, 2, 8), (15, 3, 8), (10, 3, 8), (10, 8, 8), (10, 4, 8), (15, 3, 8), (7, 8, 8), (15, 8, 8), (7, 4, 8), (7, 8, 8), (10, 8, 8), (7, '?', 8), (10, 6, 8), (2, 8, 8), (2, '?', 8), (10, 6, 8), (10, 2, 8), (7, 4, 8), (10, 1, 8), (7, 9, 8), (7, 4, 8), (10, 2, 8), (10, '?', 8), (10, '?', 8), (10, 9, 8), (7, 14, 8), (10, 12, 8), (2, 12, 8), (15, '?', 8), (7, 15, 8), (10, '?', 8), (10, 4, 8), (10, 14, 8), (15, 9, 8), (2, 4, 8), (10, 14, 8), (15, 12, 8), (15, 13, 8), (2, 8, 8), (2, 14, 8), (15, 15, 8), (10, 1, 8), (2, 4, 8), (2, '?', 8), (2, 6, 8), (10, 14, 8), (7, 7, 8), (15, 7, 8), (2, 1, 8), (10, 2, 8), (7, '?', 8), (2, 6, 8), (2, '?', 8), (10, '?', 8), (2, 13, 8), (15, 12, 8), (2, '?', 8), (10, 6, 8), (15, 1, 8), (7, 9, 8), (2, 4, 8), (7, 2, 8), (2, 11, 8), (15, '?', 8), (10, 9, 8), (7, 4, 8), (10, 9, 8), (2, 3, 8), (2, '?', 8), (2, 10, 8), (2, 4, 8), (2, 12, 8), (10, 6, 8), (7, '?', 8), (10, 9, 8), (7, 11, 8), (15, 9, 8), (2, 14, 8), (15, 1, 8), (2, 4, 8), (10, 13, 8), (7, 15, 8), (7, 1, 8), (10, 2, 8), (7, 14, 8), (10, 8, 8), (2, '?', 8), (10, '?', 8), (10, '?', 8), (10, 7, 8), (15, 5, 8), (2, 6, 8), (10, 9, 8), (7, 7, 8), (10, 3, 8), (7, 12, 8), (10, 7, 8), (10, 2, 8), (10, 2, 8), (7, 14, 8), (2, 14, 8), (10, 14, 8), (15, 1, 8), (2, '?', 8), (15, 12, 8), (10, 12, 8), (7, '?', 8), (10, '?', 8)]"
"(9, 50, 39, 0)","[('?', 1, 11), ('?', 3, 11), ('?', 15, 11), ('?', 9, 11), (2, '?', 11), ('?', 7, 11), ('?', 9, 11), ('?', 4, 11), ('?', 7, 11), ('?', 1, 11), ('?', '?', 11), ('?', 9, 11), ('?', '?', 11), ('?', '?', 11), ('?', '?', 11), ('?', 11, 11), ('?', 7, 11), (2, 13, 11), ('?', 4, 11), ('?', 8, 11), ('?', '?', 11), ('?', 5, 11), ('?', 8, 11), ('?', 2, 11), ('?', 4, 11), (2, 1, 11), ('?', '?', 11), ('?', 4, 11), ('?', 7, 11), ('?', '?', 11), ('?', 1, 11), ('?', 2, 11), ('?', 9, 11), ('?', 5, 11), ('?', 13, 11), ('?', 9, 11), ('?', 3, 11), ('?', '?', 11), ('?', '?', 11), ('?', 12, 11), ('?', 15, 11), (2, 13, 11)]"
"(9, 50, 41, 0)","[(4, '?', 11), (4, '?', 11), (4, 15, 11), (4, '?', 11), (4, '?', 11), (4, 2, 11), (4, 2, 11), (4, 14, 11), (4, 14, 11), (4, 15, 11), (4, 2, 11), (4, 2, 11), (4, 14, 11), (4, '?', 11), (4, 14, 11), (4, 9, 11), (4, 2, 11), (4, 15, 11), (4, 14, 11), (4, 9, 11)]"
"(9, 50, 43, 0)","[(10, '?', 11), (15, 1, 11), (10, 2, 11), (2, 11, 11), (15, 11, 11), (2, '?', 11), (7, '?', 11), (10, '?', 11), (7, 7, 11), (2, 9, 11), (7, 4, 11), (10, 2, 11), (15, 1, 11), (2, 1, 11), (7, 13, 11), (7, 5, 11), (10, 13, 11), (7, '?', 11), (7, 9, 11), (2, 9, 11), (15, 1, 11)]"
"(9, 50, 49, 0)","[('?', '?', 8), ('?', 7, 8), ('?', 7, 8), ('?', 6, 8), ('?', 4, 8), ('?', 7, 8), ('?', '?', 8), ('?', 6, 8), ('?', 4, 8), ('?', '?', 8), ('?', '?', 8), ('?', 13, 8), ('?', 12, 8), ('?', '?', 8), ('?', '?', 8), ('?', 13, 8), ('?', '?', 8), ('?', 11, 8), ('?', 1, 8), ('?', 12, 8)]"
"(9, 50, 50, 0)","[('?', 8, 8), ('?', 14, 8), ('?', 1, 8), ('?', 1, 8), ('?', '?', 8), ('?', 3, 8), ('?', 4, 8), ('?', 4, 8), ('?', 3, 8), ('?', 1, 8), ('?', 4, 8), ('?', 14, 8), ('?', 4, 8), ('?', 15, 8)]"
"(9, 50, 51, 0)","[('?', 4, 8), ('?', 3, 8), ('?', 7, 8), ('?', 15, 8), ('?', 3, 8), ('?', 3, 8), ('?', 15, 8), ('?', 7, 8), ('?', 14, 8), ('?', 14, 8), ('?', 7, 8), ('?', 14, 8), ('?', 15, 8)]"
"(9, 51, 2, 0)","[(11, 4, 8)]"
"(9, 51, 7, 0)","[('?', 3, '?')]"
"(9, 51, 38, 0)","[(10, 8, 8)]"
"(9, 51, 51, 0)","[('?', 7, 8), ('?', 4, 8), ('?', 14, 8), ('?', 7, 8), ('?', 8, 8), ('?', 14, 8), ('?', 15, 8)]"
"(11, 2, 2, 0)","[(12, 7, 1), (12, 8, 1), (12, 7, 1), (12, 4, 1), (11, 15, 1), (12, 7, 1), (12, 4, 1), (12, 4, 1), (12, 7, 1), (12, 8, 1), (12, 8, 1), (11, 15, 1), (12, 4, 1), (11, 4, 1), (11, 4, 1), (11, 8, 1), (12, 7, 1), (12, 8, 1), (11, 15, 1), (11, 7, 1)]"
"(11, 11, 11, 0)","[(7, 2, 1), (7, 4, 1), (15, 15, 1), (2, 2, 1), (10, 4, 1), (2, 3, 1), (2, 4, 1), (7, 3, 1), (7, 2, 1), (15, 8, 1), (15, 15, 1), (2, 7, 1), (10, 8, 1), (7, 2, 1), (15, 7, 1), (7, 4, 1), (7, 15, 1), (7, 4, 1), (2, 15, 1), (10, 2, 1), (7, 15, 1), (15, 3, 1), (10, 15, 1), (2, '?', 1), (7, 7, 1), (7, 15, 1), (15, 4, 1), (2, 2, 1), (10, 3, 1), (15, 4, 1), (15, 15, 1), (10, 14, 1), (15, 4, 1), (10, 15, 1), (15, 4, 1), (2, 3, 1), (2, 7, 1), (15, 15, 1), (10, 14, 1), (2, 15, 1), (15, 15, 1), (10, 14, 1), (15, 3, 1), (10, 2, 1), (7, 8, 1), (2, 3, 1), (10, 2, 1), (10, 4, 1), (10, 3, 1), (2, 2, 1), (10, 4, 1), (10, 15, 1), (7, 3, 1), (2, 15, 1), (2, 2, 1), (15, 2, 1), (10, 15, 1), (10, 14, 1), (7, 7, 1), (15, 8, 1), (7, 3, 1), (15, 3, 1), (2, 2, 1), (7, 8, 1), (10, 14, 1), (7, 2, 1), (10, 2, 1), (7, 15, 1), (7, 7, 1)]"
"(11, 11, 17, 0)","[(10, 14, 1), (15, 8, 1), (10, 2, 1), (15, 3, 1), (10, 2, 1), (10, 4, 1), (2, 2, 1), (15, 7, 1), (10, 15, 1), (7, 8, 1), (10, 4, 1), (2, 4, 1), (7, 3, 1), (7, 7, 1), (10, 8, 1), (10, 4, 1), (15, 7, 1), (10, 15, 1), (10, 8, 1), (2, 15, 1), (2, 4, 1), (7, 8, 1), (7, 15, 1), (2, 7, 1), (15, 2, 1), (2, 7, 1), (10, 8, 1), (2, 3, 1), (15, 2, 1), (15, 8, 1), (10, 3, 1), (15, 4, 1), (15, 7, 1), (7, 4, 1), (10, 14, 1), (7, 8, 1), (15, 8, 1), (10, 8, 1)]"
"(11, 14, 2, 0)","[(12, 3, 1), (12, 7, 1), (11, 15, 1), (12, 3, 1), (11, 8, 1), (11, 8, 1), (12, 4, 1), (12, 8, 1)]"
"(11, 14, 18, 0)","[(2, 14, 1)]"
"(11, 17, 17, 0)","[(2, 7, 1), (7, 14, 1), (2, 14, 1), (10, 4, 1), (7, 3, 1), (7, 2, 1), (15, 3, 1), (7, 4, 1), (15, 15, 1), (15, 15, 1), (15, 3, 1), (10, 3, 1), (2, 7, 1), (7, 2, 1), (15, 3, 1), (7, 7, 1), (2, 3, 1), (2, 15, 1), (10, 8, 1), (7, 3, 1), (2, 4, 1), (2, 14, 1), (2, 4, 1), (2, 3, 1), (10, 3, 1), (15, 4, 1), (7, 14, 1), (2, 4, 1), (7, 14, 1), (7, 14, 1), (7, 4, 1), (15, 15, 1), (15, 3, 1), (15, 2, 1), (2, 15, 1)]"
"(11, 18, 11, 0)","[(15, 8, 1)]"
"(11, 51, 17, 0)","[(15, 14, 1)]"
"(13, 4, 13, 0)","[(9, 2, 5)]"
"(13, 4, 22, 0)","[(9, 2, 5), (9, 9, 5)]"
"(13, 4, 29, 0)","[(4, 4, 5)]"
"(13, 4, 41, 0)","[(4, 4, 5)]"
"(13, 7, 7, 0)","[('?', 7, 5), ('?', 4, 5), ('?', '?', 5), (2, 7, 5), ('?', 7, 5), ('?', 7, 5)]"
"(13, 13, 7, 0)","[(9, 4, 5), ('?', 9, 5), ('?', '?', 5)]"
"(13, 13, 13, 0)","[(9, 5, 5), (9, 8, 5), (9, '?', 5), (9, 9, 5), (9, '?', 5), (9, 2, 5), (9, '?', 5), (9, 12, 5), (9, 12, 5), (9, '?', 5), (9, 2, 5), (9, 3, 5), (9, 4, 5), (9, 5, 5), (9, 5, 5), (9, '?', 5), (9, 5, 5), (9, 7, 5), (9, 14, 5), (9, 8, 5), (9, 4, 5), (9, 2, 5), (9, 3, 5), (9, 7, 5), (9, 5, 5), (9, 5, 5), (9, 9, 5), (9, 12, 5), (9, 12, 5), (9, 9, 5), (9, '?', 5)]"
"(13, 13, 21, 0)","[(4, 12, 5), (4, 10, 5), (4, 6, 5), (4, 6, 5)]"
"(13, 13, 22, 0)","[(9, 12, 5)]"
"(13, 13, 39, 0)","[('?', '?', 5), ('?', 9, 5), ('?', 9, 5), ('?', '?', 5), ('?', 9, 5)]"
"(13, 13, 41, 0)","[(4, 4, 5), (4, 2, 5), (4, 9, 5), (4, 2, 5), (4, '?', 5), (4, '?', 5), (4, 10, 5), (4, 2, 5), (4, 9, 5), (4, 12, 5), (4, 2, 5), (4, 1, 5), (4, 4, 5), (4, 4, 5), (4, '?', 5), (4, 12, 5), (4, 7, 5), (4, '?', 5), (4, '?', 5), (4, '?', 5), (4, 4, 5), (4, '?', 5), (4, 6, 5), (4, 1, 5), (4, 7, 5), (4, 1, 5), (4, 4, 5), (4, 9, 5), (4, '?', 5), (4, 14, 5), (4, 1, 5), (4, 7, 5), (4, 3, 5), (4, 1, 5)]"
"(13, 15, 4, 0)","[(9, 7, 5)]"
"(13, 15, 7, 0)","[('?', 4, 5), ('?', 2, 5), ('?', 2, 5)]"
"(13, 15, 13, 0)","[(9, 4, 5), (9, 14, 5), (9, 4, 5), (9, '?', 5)]"
"(13, 15, 29, 0)","[(4, 8, 5), (4, 7, 5), (4, 8, 5), (4, 3, 5), (4, 8, 5)]"
"(13, 15, 41, 0)","[(4, 15, 5), (4, 14, 5), (4, 7, 5)]"
"(13, 22, 22, 0)","[(9, 5, 5)]"
"(13, 23, 23, 0)","[(12, 9, 5), (11, 2, 5), (12, '?', 5), (11, 3, 5), (12, 9, 5), (12, 10, 5), (11, '?', 5), (12, 9, 5), (11, '?', 5), (12, 14, 5), (11, 10, 5), (11, 14, 5), (12, 6, 5), (11, 9, 5), (12, 14, 5), (11, 9, 5), (12, '?', 5), (11, 15, 5), (11, 12, 5), (11, 13, 5), (11, 8, 5), (11, 7, 5), (12, 9, 5), (11, 12, 5), (11, '?', 5), (11, 5, 5), (11, 3, 5), (12, '?', 5), (11, 14, 5), (11, 12, 5), (11, 3, 5), (12, 7, 5), (12, 14, 5), (11, 13, 5), (11, 7, 5), (11, 14, 5), (11, 5, 5), (11, 12, 5), (11, 8, 5), (11, 9, 5), (12, '?', 5), (12, 12, 5)]"
"(13, 23, 43, 0)","[(12, '?', 5), (12, 4, 5), (11, 2, 5), (12, 4, 5), (11, '?', 5), (11, 2, 5), (12, 7, 5), (12, 4, 5), (12, 3, 5), (12, 3, 5), (11, 4, 5), (11, '?', 5), (11, 2, 5), (12, 4, 5), (11, 4, 5), (12, 14, 5), (11, 4, 5), (11, '?', 5), (11, 3, 5), (12, 4, 5), (12, 3, 5), (12, 4, 5), (12, 7, 5), (12, 4, 5), (11, 4, 5), (12, 3, 5), (11, '?', 5), (11, 4, 5), (11, 15, 5), (11, 8, 5), (11, 8, 5)]"
"(13, 34, 21, 0)","[(4, 12, 5), (4, 12, 5), (4, 10, 5)]"
"(13, 39, 7, 0)","[('?', 9, 5), ('?', 2, 5), ('?', '?', 5), ('?', '?', 5)]"
"(13, 39, 23, 0)","[(11, 8, 5), (11, 6, 5), ('?', 4, 5)]"
"(13, 39, 39, 0)","[('?', '?', 5), ('?', 9, 5)]"
"(13, 39, 43, 0)","[(2, 14, 5), (2, 2, 5), ('?', '?', 5)]"
"(13, 41, 41, 0)","[(0, 9, 5)]"
"(13, 43, 43, 0)","[(15, 7, 5), (7, 4, 5), (15, 2, 5), (2, 2, 5), (2, 3, 5), (10, 10, 5), (15, 4, 5), (2, 7, 5), (7, 2, 5), (2, 3, 5), (15, 15, 5), (10, 14, 5), (15, 2, 5), (15, 2, 5), (7, 2, 5), (2, 3, 5), (10, '?', 5), (10, 8, 5), (7, 2, 5), (7, 15, 5), (7, 4, 5), (7, 4, 5), (7, 15, 5), (15, '?', 5), (7, 4, 5), (7, 15, 5), (2, 2, 5), (10, '?', 5), (7, '?', 5), (15, '?', 5), (7, '?', 5), (15, '?', 5), (7, 5, 5), (7, 9, 5), (10, '?', 5), (2, 2, 5), (15, 2, 5), (15, '?', 5), (15, 2, 5), (7, '?', 5), (7, 3, 5), (7, 7, 5), (10, 2, 5), (15, '?', 5), (15, 4, 5), (2, 2, 5), (10, '?', 5), (10, 6, 5), (7, 2, 5), (10, '?', 5), (10, 2, 5), (2, 14, 5), (2, 9, 5), (10, 7, 5), (15, '?', 5), (7, 7, 5), (7, 3, 5), (7, '?', 5), (7, 9, 5), (2, 4, 5), (10, 8, 5), (15, '?', 5), (7, '?', 5), (15, '?', 5), (10, '?', 5), (7, 2, 5), (7, 2, 5), (15, 8, 5), (2, 7, 5), (10, 3, 5), (2, 4, 5)]"
"(13, 45, 41, 0)","[(4, 1, 5)]"
"(13, 48, 13, 0)","[(9, 3, 5), (9, 8, 5), (9, '?', 5), (9, 7, 5), (9, 3, 5), (9, 14, 5), (9, 3, 5), (9, 3, 5), (9, 14, 5), (9, 3, 5), (9, 8, 5), (9, 14, 5)]"
"(13, 48, 29, 0)","[(4, 14, 5), (4, 14, 5), (4, 15, 5)]"
"(13, 48, 41, 0)","[(4, 14, 5), (4, 7, 5), (4, 8, 5), (4, 14, 5), (4, 14, 5), (4, 15, 5), (4, 15, 5)]"
"(14, 1, 2, 0)","[(15, 0, 10)]"
"(14, 1, 12, 0)","[('?', 0, 10)]"
"(14, 1, 20, 0)","[(4, 11, 10), (4, 11, 10), (4, 11, 10)]"
"(14, 1, 21, 0)","[(4, 11, 10), (4, 11, 10), (4, 11, 10), (4, 11, 10)]"
"(14, 1, 23, 0)","[(11, 0, 10), (12, 0, 10), (11, 0, 10), (7, 0, 10), (11, 0, 10), (15, 0, 10), (11, 0, 10), (15, 0, 10), (11, 0, 10), (7, 0, 10), (11, 0, 10), (11, 0, 10)]"
"(14, 1, 24, 0)","[(15, 0, 10), (12, 0, 10), (10, 0, 10), (15, 0, 10)]"
"(14, 1, 30, 0)","[('?', 0, 10), ('?', 0, 10), ('?', 0, 10), ('?', 0, 10)]"
"(14, 2, 17, 0)","[(12, 3, 10), (12, 8, 10), (12, 8, 10), (12, 3, 10), (12, 4, 10), (12, 3, 10), (12, 4, 10), (12, 3, 10), (12, 8, 10), (12, 4, 10)]"
"(14, 2, 23, 0)","[(12, 4, 6), (12, 4, 6), (12, 4, 6)]"
"(14, 4, 4, 0)","[(9, 15, 12), (9, 4, 12), (9, 4, 12), (9, 4, 12), (9, 2, 12), (9, 3, 12), (9, 4, 12), (9, 15, 12), (9, 3, 12), (9, 2, 12), (9, 15, 12), (9, 3, 12), (9, 15, 12)]"
"(14, 4, 7, 0)","[('?', 14, 12), ('?', 7, 12), ('?', 15, 12), ('?', 14, 12), ('?', 15, 12), ('?', 4, 12), (8, 14, 12), ('?', 8, 12), ('?', 3, 12), ('?', 7, 12), ('?', 8, 12), ('?', 8, 12), ('?', 8, 12), ('?', 8, 12), ('?', 14, 12), ('?', 7, 12), ('?', 3, 12)]"
"(14, 4, 22, 0)","[(9, 4, 12)]"
"(14, 4, 23, 0)","[(11, 7, 12), (12, 4, 12), (11, 3, 12), (12, 14, 12), (11, 14, 12), (11, 15, 12), (11, 7, 12), (11, 3, 12), (11, 2, 12), (12, 2, 12), (11, 3, 12), (12, 4, 12), (12, 8, 12), (11, 4, 12), (12, 8, 12), (12, 7, 12), (11, 15, 12), (11, 15, 12), (11, 15, 12), (12, 2, 12), (11, 3, 12), (12, 8, 12), (12, 15, 12), (11, 7, 12), (12, 3, 12), (12, 8, 12), (11, 8, 12), (12, 8, 12), (12, 15, 12), (11, 3, 12), (12, 14, 12), (12, 4, 12), (11, 2, 12)]"
"(14, 4, 29, 0)","[(4, 15, 12), (4, 2, 12), (4, 3, 12), (4, 14, 12), (4, 4, 12), (4, 3, 12), (4, 14, 12), (4, 2, 12), (4, 3, 12), (4, 15, 12), (4, 2, 12), (4, 15, 12), (4, 15, 12), (4, 3, 12), (4, 8, 12), (4, 8, 12), (4, 15, 12), (4, 8, 12)]"
"(14, 4, 43, 0)","[(2, 15, 12), (10, 3, 12), (7, 3, 12), (2, 8, 12), (7, 14, 12), (10, 2, 12), (15, 3, 6), (10, 15, 12), (2, 3, 12), (15, 4, 12), (15, 7, 12), (2, 15, 12), (15, 14, 12), (15, 14, 12), (15, 14, 12), (2, 2, 12), (15, 14, 12), (10, 2, 12), (10, 14, 12), (10, 3, 12), (2, 8, 12), (2, 8, 12), (15, 7, 12), (10, 3, 12), (10, 4, 12), (15, 7, 12), (10, 4, 12), (10, 14, 12), (10, 4, 12), (10, 4, 12), (10, 7, 12), (7, 2, 12), (15, 14, 12), (7, 14, 12), (10, 7, 12), (15, 4, 12), (10, 7, 12), (10, 2, 12), (15, 14, 12), (2, 7, 12), (10, 14, 12), (2, 7, 12), (2, 8, 12), (7, 4, 12), (10, 4, 12), (15, 3, 12), (15, 4, 12), (10, 8, 12), (10, 8, 12), (15, 2, 12), (10, 14, 12), (2, 8, 12), (15, 2, 12), (10, 8, 12), (2, 3, 12), (10, 7, 12), (7, 4, 12), (7, 4, 12), (7, 7, 12), (10, 3, 12), (15, 14, 12), (15, 3, 12), (15, 4, 12), (15, 14, 12), (7, 4, 12), (7, 7, 12), (7, 14, 12), (15, 3, 9)]"
"(14, 4, 44, 0)","[(4, 4, 12), (4, 4, 12)]"
"(14, 7, 7, 0)","[(8, 14, 12)]"
"(14, 11, 11, 0)","[(15, 2, 10), (10, 3, 10), (2, 8, 10), (10, 14, 10), (10, 4, 10), (2, 2, 10), (10, 4, 10), (2, 3, 10), (10, 4, 10), (2, 4, 10), (2, 2, 10), (2, 14, 10), (15, 3, 10), (15, 4, 10), (7, 3, 10), (10, 7, 10), (15, 7, 10), (10, 8, 10), (7, 4, 10), (15, 3, 10), (7, 8, 10), (15, 4, 10), (7, 14, 10), (7, 7, 10), (2, 8, 10), (2, 7, 10), (15, 14, 10), (2, 7, 10), (15, 3, 10), (7, 9, 10), (15, 2, 10), (10, 8, 10), (2, 7, 10), (2, 14, 10), (15, 7, 10), (15, 7, 10), (10, 4, 10), (7, 4, 10), (2, 4, 10), (2, 7, 10), (7, 4, 10), (2, 4, 10), (2, 7, 10), (7, 3, 10), (15, 8, 10), (2, 8, 10), (15, 4, 10), (7, 8, 10), (2, 8, 10), (2, 7, 10), (2, 7, 10), (2, 7, 10), (10, 8, 10)]"
"(14, 11, 17, 0)","[(7, 14, 10), (2, 4, 10), (2, 14, 10), (15, 14, 10), (10, 4, 10), (2, 2, 10), (15, 2, 10), (15, 2, 10), (15, 14, 10), (2, 2, 10), (10, 2, 10), (10, 7, 10), (10, 15, 10), (7, 15, 10), (7, 14, 10), (2, 14, 10), (2, 14, 10), (7, 14, 10), (15, 4, 10), (15, 14, 10), (7, 3, 10), (15, 2, 10), (15, 2, 10), (15, 2, 10), (2, 2, 10), (2, 2, 10), (2, 8, 10)]"
"(14, 14, 1, 0)","[(9, 5, 10), (9, 13, 10), (9, 13, 10)]"
"(14, 14, 2, 0)","[(11, 2, 10), (12, 4, 10), (11, 2, 10), (12, 14, 10), (12, 7, 10), (11, 8, 10), (11, 15, 10), (12, 3, 10), (12, 14, 10), (12, 2, 10), (11, 2, 10), (11, 3, 10), (12, 7, 10), (12, 2, 10), (12, 14, 10), (12, 15, 10), (11, 15, 10), (12, 15, 10), (11, 3, 10), (11, 2, 10), (12, 14, 10), (12, 15, 10), (11, 2, 10), (11, 3, 10), (11, 15, 10), (11, 3, 10), (12, 7, 10), (12, 2, 10), (12, 8, 10), (11, 2, 10), (11, 15, 10), (12, 2, 10), (12, 15, 10), (12, 14, 10), (12, 2, 10), (12, 7, 10), (12, 14, 10), (12, 14, 10), (12, 2, 10), (12, 7, 10), (11, 15, 10), (12, 8, 10), (11, 8, 10), (11, 8, 10), (11, 8, 10), (12, 7, 10), (11, 3, 10), (12, 2, 10), (11, 8, 10), (12, 8, 10), (11, 2, 10), (12, 2, 10), (12, 4, 10), (11, 8, 10), (11, 2, 10), (12, 7, 10), (12, 15, 10), (12, 15, 10), (11, 2, 10), (12, 8, 10), (11, 15, 10), (11, 2, 10), (12, 3, 10), (12, 14, 10), (12, 14, 10), (12, 4, 10), (11, 8, 10), (11, 3, 10), (12, 4, 10), (11, 3, 10), (12, 15, 10), (11, 8, 10), (12, 7, 10), (11, 3, 10), (11, 8, 10), (12, 8, 10)]"
"(14, 14, 4, 0)","[(9, 4, 10), (9, 8, 10), (9, 7, 10), (9, 15, 10), (9, 4, 10), (9, 8, 10), (9, 3, 10), (9, 4, 10), (9, 8, 10), (9, 3, 10), (9, 8, 10), (9, 3, 10), (9, 8, 10), (9, 3, 10), (9, 4, 10), (9, 4, 10), (9, 4, 10), (9, 15, 10), (9, 3, 10), (9, 15, 10), (9, 3, 10), (9, 15, 10), (9, 3, 10)]"
"(14, 14, 8, 0)","[(4, 13, 10)]"
"(14, 14, 10, 0)","[(4, 13, 10), (4, 9, 10), (4, 9, 10), (4, 9, 10), (4, 13, 10), (4, 13, 10), (4, 9, 10)]"
"(14, 14, 11, 0)","[(15, 9, 10), (15, '?', 10), (10, 15, 10), (15, 3, 10), (2, 8, 10), (10, 3, 10), (15, '?', 10), (10, 2, 10), (7, '?', 10), (10, 7, 10), (10, 14, 10), (10, '?', 10), (10, 15, 10), (10, 2, 10), (10, 15, 10), (10, 15, 10), (10, 14, 10), (15, 2, 10), (2, 2, 10), (2, 14, 10), (7, 3, 10), (10, 3, 10), (10, 15, 10), (2, 3, 10), (7, 15, 10), (10, '?', 10), (10, 8, 10), (10, 14, 10), (15, 3, 10), (7, 14, 10), (2, 14, 10), (15, 2, 10), (15, 14, 10), (15, 8, 10), (10, 7, 10), (15, 7, 10), (10, 4, 10), (10, 14, 10), (10, 2, 10), (2, 2, 10), (10, 2, 10), (2, 2, 10), (15, 8, 10), (10, 14, 10), (15, 8, 10), (2, 3, 10), (7, 15, 10), (10, 2, 10), (10, 2, 10), (15, 4, 10), (10, 2, 10), (10, 15, 10), (10, '?', 10), (15, 4, 10)]"
"(14, 14, 13, 0)","[(9, 7, 10), (9, 14, 10), (9, 14, 10), (9, 7, 10)]"
"(14, 14, 14, 0)","[('?', 14, 10)]"
"(14, 14, 17, 0)","[(11, 3, 10)]"
"(14, 14, 18, 0)","[('?', 1, 10), ('?', 13, 10), ('?', 9, 10), ('?', 14, 10), ('?', 14, 10)]"
"(14, 14, 20, 0)","[(4, 9, 10), (4, 4, 10), (4, 1, 10), (4, 4, 10), (4, '?', 10), (4, '?', 10), (4, 13, 10), (4, 9, 10), (4, 4, 10), (4, 13, 10), (4, 3, 10), (4, 3, 10), (4, 8, 10), (4, 1, 10), (4, 8, 10), (4, 3, 10), (4, '?', 10), (4, 7, 10), (4, 7, 10), (4, 2, 10), (4, '?', 10), (4, 7, 10), (4, 4, 10), (4, 13, 10), (4, 9, 10), (4, 2, 10), (4, '?', 10), (4, 9, 10), (4, 2, 10), (4, '?', 10), (4, 7, 10), (4, '?', 10)]"
"(14, 14, 22, 0)","[(9, 9, 10), (9, 9, 10), (9, 13, 10), (9, 9, 10), (9, 13, 10), (9, 9, 10), (9, 9, 10), (9, 9, 10), (9, 13, 10), (9, 9, 10), (9, 13, 10), (9, 13, 10)]"
"(14, 14, 23, 0)","[(11, 15, 10), (2, 0, 10), (7, 0, 10), (7, 0, 10), (10, 0, 10), (2, 0, 10)]"
"(14, 14, 24, 0)","[(15, 0, 10), (2, 0, 10), (7, 0, 10), (12, '?', 10), (12, 13, 10), (2, 0, 10), (2, 0, 10), (12, '?', 10), (15, 0, 10), (2, 0, 10), (12, 13, 10), (7, 0, 10), (12, 0, 10), (7, 0, 10), (11, 13, 10), (12, '?', 10), (2, 0, 10), (12, 13, 10), (10, 0, 10), (12, '?', 10), (12, '?', 10), (10, 0, 10)]"
"(14, 14, 29, 0)","[(4, 3, 10), (4, 3, 10), (4, 3, 10), (4, 8, 10), (4, 8, 10), (4, 4, 10), (4, 14, 10), (4, 2, 10), (4, 3, 10), (4, 15, 10), (4, 14, 10), (4, 3, 10), (4, 8, 10), (4, 8, 10), (4, 2, 10), (4, 2, 10), (4, 14, 10)]"
"(14, 14, 30, 0)","[('?', 0, 10)]"
"(14, 14, 41, 0)","[(4, 2, 10)]"
"(14, 14, 44, 0)","[(4, 7, 10), (4, 2, 10), (4, 15, 10), (4, 14, 10), (4, 8, 10), (4, 15, 10), (4, 4, 10), (4, 14, 10), (4, 15, 10), (4, 15, 10), (4, 15, 10), (4, 14, 10), (4, 15, 10), (4, 15, 10), (4, 7, 10), (4, 15, 10), (4, 8, 10), (4, 7, 10), (4, 2, 10)]"
"(14, 14, 48, 0)","[(9, 14, 10), (9, 4, 10), (9, 7, 10), (9, 14, 10), (9, 7, 10), (9, 15, 10), (9, 14, 10), (9, 14, 10), (9, 4, 10), (9, 15, 10), (9, 15, 10), (9, 7, 10), (9, 4, 10), (9, 8, 10), (9, 3, 10), (9, 15, 10), (9, 8, 10), (9, 14, 10), (9, 7, 10), (9, 7, 10), (9, 14, 10)]"
"(14, 14, 51, 0)","[('?', 3, 10), ('?', 7, 10), ('?', 3, 10), ('?', 8, 10), ('?', 7, 10), ('?', 7, 10), ('?', 7, 10), ('?', 8, 10), ('?', 14, 10), ('?', 3, 10), ('?', 15, 10), ('?', 7, 10), ('?', 14, 10), ('?', 8, 10), ('?', 15, 10), ('?', 3, 10), ('?', 14, 10), ('?', 3, 10), ('?', 15, 10), ('?', 7, 10), ('?', 15, 10), ('?', 3, 10), ('?', 3, 10), ('?', 8, 10), ('?', 7, 10), ('?', 15, 10), ('?', 3, 10), ('?', 8, 10), ('?', 15, 10), ('?', 7, 10), ('?', 8, 10), ('?', 14, 10), ('?', 8, 10), ('?', 7, 10), (4, 4, 10), ('?', 15, 10), ('?', 15, 10), ('?', 8, 10)]"
"(14, 15, 7, 0)","[(8, 8, 9)]"
"(14, 15, 23, 0)","[(12, 4, 9)]"
"(14, 15, 43, 0)","[(10, 15, 9), (15, 3, 9), (2, 4, 9), (2, 3, 9), (2, 4, 9), (15, 15, 9), (7, 15, 9), (2, 3, 9), (15, 2, 9), (2, 2, 9), (10, 3, 9), (2, 4, 9), (15, 15, 9), (15, 8, 9), (15, 8, 9), (2, 14, 9), (2, 2, 9), (2, 8, 9), (10, 15, 9), (15, 15, 9), (2, 8, 9), (2, 4, 9)]"
"(14, 17, 17, 0)","[(10, 3, 10), (10, 3, 10), (2, 14, 10), (15, 4, 10), (10, 2, 10), (15, 4, 10), (7, 7, 10), (2, 4, 10), (15, 3, 10), (7, 8, 10), (10, 4, 10), (2, 3, 10), (2, 7, 10), (7, 4, 10), (10, 3, 10), (10, 8, 10), (2, 3, 10), (2, 4, 10), (10, 14, 10), (15, 3, 10), (15, 8, 10), (2, 3, 10), (7, 8, 10), (10, 7, 10), (2, 3, 10), (15, 8, 10), (15, 8, 10), (10, 8, 10), (10, 4, 10), (7, 8, 10), (2, 4, 10), (10, 3, 10), (7, 4, 10), (15, 7, 10), (2, 4, 10), (15, 7, 10), (7, 14, 10), (7, 7, 10), (10, 3, 10), (2, 4, 10), (15, 7, 10), (7, 8, 10), (7, 7, 10), (10, 8, 10), (10, 7, 10), (15, 3, 10), (15, 7, 10), (2, 8, 10), (2, 3, 10)]"
"(14, 18, 11, 0)","[(15, '?', 10), (2, '?', 10), (10, 9, 10), (15, '?', 10), (10, '?', 10), (7, '?', 10), (15, 9, 10), (7, 1, 10), (2, 9, 10), (15, 11, 10), (7, '?', 10), (10, '?', 10), (15, '?', 10), (2, '?', 10), (2, '?', 10), (7, '?', 10), (2, 9, 10), (7, '?', 10), (2, 9, 10), (7, 9, 10), (10, '?', 10), (7, 9, 10), (2, '?', 10), (7, '?', 10), (10, 9, 10), (10, '?', 10), (2, 9, 10), (2, 9, 10), (2, 9, 10), (10, 15, 10), (2, '?', 10), (15, '?', 10), (2, 9, 10), (7, 9, 10), (7, '?', 10), (7, '?', 10), (12, 1, 10), (2, '?', 10), (10, '?', 10), (15, 9, 10), (10, 9, 10), (15, '?', 10)]"
"(14, 18, 18, 0)","[('?', 13, 10), ('?', 13, 10), ('?', 9, 10), ('?', 1, 10), ('?', 1, 10), ('?', 1, 10), ('?', 9, 10), ('?', 13, 10), ('?', 13, 10), ('?', 9, 10), ('?', 9, 10), ('?', 13, 10), ('?', 13, 10), ('?', 9, 10), ('?', 13, 10), ('?', 9, 10), ('?', 1, 10), ('?', 13, 10)]"
"(14, 20, 20, 0)","[(0, 0, 10), (3, 0, 10), (3, 0, 10), (0, 0, 10), (0, 0, 10), (0, 0, 10), (14, 0, 10), (3, 0, 10), (3, 0, 10), (3, 0, 10), (14, 0, 10), (0, 0, 10), (14, 0, 10), (3, 0, 10), (3, 0, 10), (0, 0, 10), (0, 0, 10)]"
"(14, 20, 25, 0)","[(14, 0, 10), (14, 0, 10), (3, 0, 10), (14, 0, 10), (3, 0, 10)]"
"(14, 20, 30, 0)","[(1, 0, 10), (6, 0, 10), (1, 0, 10), (6, 0, 10), (6, 0, 10), (8, 0, 10), (8, 0, 10), (6, 0, 10), (8, 0, 10), (8, 0, 10), (6, 0, 10), (6, 0, 10), (8, 0, 10), (8, 0, 10), (6, 0, 10), (1, 0, 10), (6, 0, 10), (1, 0, 10), (8, 0, 10), (6, 0, 10), (1, 0, 10), (8, 0, 10), (1, 0, 10), (1, 0, 10)]"
"(14, 25, 7, 0)","[(1, 3, 6), (6, 2, 6), (6, 7, 6), (6, 2, 6), (6, 15, 6), (1, 8, 6), (1, 3, 6), (6, 8, 6)]"
"(14, 25, 12, 0)","[(1, 14, 6), (6, 9, 6), (1, 14, 6), (1, 14, 6), (1, 14, 6), (1, 4, 6), (6, 2, 6), (6, 2, 6), (6, 14, 6), (1, 15, 6), (1, 15, 6), (6, 2, 6), (1, 15, 6), (1, 14, 6)]"
"(14, 25, 16, 0)","[(5, 7, 6), (5, '?', 6)]"
"(14, 25, 19, 0)","[(5, '?', 6)]"
"(14, 25, 40, 0)","[(6, 15, 6), (6, 7, 6), (6, 3, 6), (1, 4, 6), (1, 14, 6), (6, 4, 6), (1, 4, 6), (1, 7, 6), (1, 4, 6), (1, 3, 6), (1, 3, 6), (1, 7, 6), (1, 7, 6), (1, 4, 6), (6, 3, 6), (1, 8, 6), (6, 3, 6)]"
"(14, 25, 44, 0)","[(3, 3, 6), (14, 2, 6), (0, 8, 6), (0, 4, 6), (0, 15, 6), (0, 4, 6), (14, 3, 6), (14, 3, 6), (3, 2, 6), (3, 7, 6), (0, 2, 6), (13, 4, 6), (3, 7, 6), (13, 3, 6), (14, 2, 6), (13, 4, 6), (14, 3, 6), (0, 14, 6), (14, 2, 6), (0, 8, 6), (0, 3, 6), (13, 7, 6), (13, 7, 6), (14, 15, 6), (13, 3, 6), (3, 3, 6), (13, 7, 6), (13, 8, 6), (14, 15, 6), (3, 7, 6), (13, 4, 6), (13, 4, 6), (13, 3, 6), (3, 2, 6), (0, 2, 6), (0, 4, 6), (13, 15, 6), (13, 4, 6), (13, 4, 6), (14, 2, 6), (0, 7, 6), (0, 2, 6), (0, 14, 6), (0, 3, 6), (14, 3, 6), (13, 3, 6), (13, 8, 6), (0, 2, 6), (13, 7, 6), (14, 3, 6), (13, 7, 6), (0, 15, 6), (0, 3, 6)]"
"(14, 25, 47, 0)","[(5, 2, 6), (5, 2, 6)]"
"(14, 25, 48, 0)","[(5, 7, 6), (5, 4, 6), (5, 15, 6), (5, 8, 6), (5, 7, 6), (5, 8, 6), (5, 8, 6), (5, 15, 6), (5, 7, 6), (5, 7, 6), (5, 8, 6), (5, 4, 6), (5, 2, 6), (14, 4, 6)]"
"(14, 26, 12, 0)","[(6, 7, 6), (1, 4, 6)]"
"(14, 29, 4, 0)","[(5, 14, 12), (5, 4, 12), (14, 15, 12), (5, 2, 12), (5, 8, 12), (14, 4, 12), (5, 2, 12), (5, 3, 12), (14, 4, 12), (5, 8, 12), (5, 3, 12), (5, 3, 12), (5, 8, 12), (14, 4, 12), (5, 14, 12), (5, 4, 12), (5, 8, 12), (5, 2, 12), (5, 4, 12), (5, 3, 12), (5, 14, 12), (5, 4, 12), (5, 14, 12)]"
"(14, 29, 7, 0)","[(8, 8, 12), (8, 14, 12), (8, 2, 12), (8, 2, 12), (8, 8, 12), (8, 14, 12), (8, 4, 12), (8, 7, 12), (8, 2, 12), (8, 8, 12), (8, 2, 12)]"
"(14, 29, 8, 0)","[(13, 13, 12)]"
"(14, 29, 29, 0)","[(13, 14, 12), (13, 2, 12), (0, 3, 12), (3, 3, 12), (13, 4, 12), (3, 3, 12), (0, 3, 12), (3, 3, 12), (13, 4, 12), (14, 7, 12), (13, 4, 12), (13, 7, 12), (14, 3, 12), (3, 3, 12), (3, 3, 12), (14, 3, 12), (0, 3, 12), (14, 3, 12)]"
"(14, 29, 40, 0)","[(1, 3, 12), (1, 8, 12), (6, 2, 12), (1, 15, 12), (6, 8, 12), (6, 4, 12), (6, 7, 12), (1, 3, 12), (6, 8, 12), (1, 4, 12), (1, 7, 12), (6, 2, 12), (1, 8, 12), (1, 15, 12), (1, 3, 12), (6, 14, 12), (6, 4, 12), (6, 2, 12), (1, 8, 12), (1, 8, 12), (1, 8, 12), (6, 2, 12), (6, 2, 12), (6, 2, 12), (1, 2, 12), (1, 4, 12), (1, 4, 12), (1, 8, 12), (6, 15, 12), (1, 2, 12), (1, 15, 12), (6, 4, 12), (1, 3, 12), (1, 4, 12), (1, 15, 12)]"
"(14, 29, 47, 0)","[(5, 14, 12), (5, 3, 12), (5, 14, 12), (5, 14, 12)]"
"(14, 31, 23, 0)","[(12, 7, 6)]"
"(14, 31, 24, 0)","[(12, '?', 10)]"
"(14, 31, 43, 0)","[(15, 2, 6), (2, 14, 6), (15, 2, 6), (10, 2, 6), (7, 15, 6), (7, 8, 6), (15, 2, 6), (15, 2, 6)]"
"(14, 33, 7, 0)","[(8, 14, 6), (8, 14, 6), (8, 3, 9), (8, 3, 9), (8, 11, 6), (8, 8, 9), (8, 14, 6), (8, 4, 9), (8, 14, 9), (8, 4, 9), (8, 3, 6), (8, 14, 6), (8, 4, 6), (8, 15, 6), (8, 15, 9), (8, 2, 6), (8, 14, 6), (8, 7, 6), (8, 4, 9), (8, 3, 6), (8, 15, 9), (8, 4, 6), (8, 4, 6), (8, 7, 6)]"
"(14, 36, 4, 0)","[(9, 2, 6)]"
"(14, 36, 5, 0)","[(9, 14, 6)]"
"(14, 36, 7, 0)","[('?', 14, 6)]"
"(14, 36, 8, 0)","[(4, 15, 6)]"
"(14, 36, 10, 0)","[(4, 15, 6), (4, 15, 6), (4, 15, 6), (4, 3, 6), (4, 13, 6), (4, 14, 6)]"
"(14, 36, 21, 0)","[(4, 14, 6)]"
"(14, 36, 22, 0)","[(9, 7, 6), (9, 8, 6), (9, 14, 6), (9, 14, 6), (9, 15, 6), (9, 2, 6), (9, 8, 6)]"
"(14, 36, 41, 0)","[(4, 4, 6)]"
"(14, 36, 43, 0)","[(15, 2, 6), (7, 8, 6), (2, 8, 6)]"
"(14, 36, 44, 0)","[(4, 7, 6), (4, 8, 6), (4, 2, 6), (4, 8, 6), (4, 2, 6), (4, 14, 6), (4, 7, 6)]"
"(14, 36, 48, 0)","[(9, 7, 6), (9, 7, 6), (9, 7, 6), (9, 7, 6), (9, 4, 6), (9, 2, 6), (9, 4, 6), (9, 8, 6)]"
"(14, 41, 12, 0)","[(1, 7, 9), (6, 7, 9), (6, 15, 9), (1, 3, 9), (1, 7, 9), (1, 8, 9), (1, 7, 9), (6, 14, 9)]"
"(14, 41, 29, 0)","[(0, 14, 12), (3, 3, 9), (14, 8, 12), (13, 3, 9), (3, 15, 12), (0, 15, 12), (0, 14, 12), (13, 3, 9), (3, 3, 9)]"
"(14, 41, 41, 0)","[(0, 7, 9), (14, 2, 9), (14, 7, 9), (14, 9, 9), (13, 2, 9), (0, 7, 9), (0, 4, 9), (3, 7, 9), (0, 15, 9), (0, 14, 9), (13, 14, 9)]"
"(14, 41, 44, 0)","[(13, 7, 9), (0, 7, 9), (0, 4, 9), (3, 8, 9), (13, 7, 9), (13, 7, 9), (14, 15, 9), (3, 14, 9), (14, 7, 9), (0, 4, 9), (0, 8, 9), (14, 8, 9), (13, 7, 9), (3, 7, 9), (0, 8, 9), (3, 15, 9), (14, 15, 9), (0, 15, 12), (3, 8, 9), (0, 8, 9), (13, 7, 9), (0, 4, 9), (13, 4, 9), (14, 8, 9), (14, 14, 9), (0, 7, 9), (3, 3, 9), (14, 7, 9), (14, 14, 9), (3, 15, 9)]"
"(14, 41, 47, 0)","[(5, 8, 9), (5, 15, 9), (5, 15, 9)]"
"(14, 44, 7, 0)","[(6, 14, 9), (8, 15, 9), (6, 14, 9), (6, 14, 9), (6, 14, 9), (6, 14, 9), (6, 7, 9), (1, 15, 9), (1, 3, 9)]"
"(14, 44, 12, 0)","[(6, 2, 9), (1, 2, 9), (6, 14, 9), (1, 2, 9), (1, 2, 9), (6, 4, 9), (6, 2, 9), (6, 2, 9), (6, 2, 9)]"
"(14, 44, 16, 0)","[(5, '?', 9), (5, '?', 9)]"
"(14, 44, 29, 0)","[(13, 7, 12), (14, 7, 12), (14, 14, 12), (14, 8, 12), (3, 7, 12), (14, 7, 12), (14, 8, 12), (3, 3, 9), (3, 7, 12), (13, 14, 12), (3, 14, 12), (3, 8, 12), (14, 14, 12), (3, 8, 12), (13, 3, 9), (14, 7, 12), (14, 15, 12), (0, 14, 12), (14, 15, 12), (14, 14, 12), (3, 8, 12), (3, 3, 9), (14, 7, 12), (3, 8, 12), (3, 15, 12), (13, 7, 12), (3, 3, 9), (3, 14, 12), (13, 14, 12), (14, 14, 12), (0, 15, 12), (14, 14, 12), (3, 14, 12), (14, 8, 12), (14, 7, 12), (0, 4, 12), (3, 7, 12), (14, 15, 12), (3, 7, 12), (0, 15, 12), (3, 14, 12), (13, 2, 12), (3, 15, 12), (3, 14, 12), (14, 14, 12), (3, 8, 12), (0, 4, 12), (0, 15, 12), (14, 8, 12), (14, 14, 12), (13, 14, 12), (0, 14, 12), (14, 15, 12), (14, 15, 12)]"
"(14, 44, 40, 0)","[(6, 8, 12), (6, 7, 12), (1, 8, 9), (1, 3, 9), (1, 15, 12), (1, 15, 12), (1, 3, 9), (6, 4, 9), (6, 7, 12), (6, 4, 9), (6, 14, 12), (6, 14, 12), (6, 7, 12), (1, 7, 9), (6, 15, 12), (1, 3, 9), (1, 3, 9), (6, 7, 12), (6, 8, 12)]"
"(14, 44, 41, 0)","[(0, 14, 9)]"
"(14, 44, 44, 0)","[(14, 7, 9), (0, 14, 9), (3, 15, 9), (14, 2, 9), (14, 15, 9), (13, 2, 9), (13, 2, 9), (13, 8, 9), (13, 8, 9), (13, 3, 9), (0, 14, 9), (0, 8, 9), (0, 14, 9), (13, 2, 9), (0, 7, 9), (13, 8, 9), (14, 7, 9), (0, 15, 9), (13, 2, 9), (14, 7, 9), (14, 8, 9), (0, 15, 9), (14, 14, 9), (14, 14, 9), (0, 4, 9), (3, 14, 9), (14, 7, 9), (0, 14, 9), (3, 14, 9), (13, 4, 9), (13, 7, 9), (13, 7, 9), (0, 4, 9), (14, 4, 9), (3, 7, 9), (14, 15, 9), (0, 2, 9), (13, 8, 9), (14, 2, 9), (13, 2, 9), (13, 2, 9), (0, 8, 9), (14, 2, 9), (14, 15, 9), (13, 14, 9), (14, 14, 9), (13, 8, 9), (13, 4, 9), (3, 8, 9), (14, 2, 9), (14, 4, 9), (0, 15, 9), (14, 14, 9), (3, 8, 9), (3, 7, 9), (14, 14, 9), (13, 14, 9), (13, 8, 9), (3, 15, 9), (14, 4, 9), (0, 14, 9), (13, 4, 9), (0, 8, 9), (13, 4, 9), (14, 14, 12), (0, 4, 9), (0, 7, 9), (3, 8, 9), (14, 14, 9), (3, 8, 9), (13, 4, 9)]"
"(14, 44, 47, 0)","[(5, 2, 9), (5, 3, 9), (5, 3, 9), (5, 8, 9), (5, 8, 9), (5, 14, 9), (5, 2, 9), (5, 15, 9), (5, 7, 9), (5, 15, 9), (5, 7, 9), (5, 3, 9)]"
"(14, 44, 48, 0)","[(5, 8, 9), (5, 8, 9), (5, 14, 9), (5, 14, 9), (5, 7, 9), (5, 14, 9)]"
"(14, 45, 23, 0)","[(15, 0, 9), (2, 0, 9)]"
"(14, 48, 4, 0)","[(9, 14, 12)]"
"(14, 48, 7, 0)","[('?', 2, 9), ('?', 4, 9), ('?', 4, 9), ('?', 2, 9), ('?', 2, 9), ('?', 3, 9), (8, 3, 9), ('?', 14, 9), ('?', 8, 9), ('?', 7, 9), ('?', 15, 12), (8, 7, 12), ('?', 15, 9), ('?', 8, 9), (8, 14, 12), (8, 3, 9), ('?', 7, 9), ('?', 14, 12), ('?', 4, 9), ('?', 14, 9), (8, 14, 9), (8, 8, 12), ('?', 8, 9), ('?', 7, 9), ('?', 15, 9), ('?', 15, 9), ('?', 7, 9), ('?', 14, 9), ('?', 3, 9), ('?', 7, 9), ('?', 3, 9), ('?', 8, 9), ('?', 4, 9), ('?', 2, 9), ('?', 4, 9), (8, 14, 12), ('?', 2, '?'), ('?', 14, 9), (8, 7, 12), ('?', 15, 9), ('?', 8, 9), ('?', 8, 9)]"
"(14, 48, 22, 0)","[(9, 4, 9), (9, 15, 9), (9, 3, 9), (9, 7, 9), (9, 8, 9), (9, 4, 9), (9, 4, 9), (9, 14, 12)]"
"(14, 48, 23, 0)","[(12, 14, 9), (11, 14, 9), (11, 8, 9), (11, 7, 9), (12, 2, 9), (12, 4, 9), (12, 8, 9), (11, 7, 9), (11, 3, 9), (12, 14, 9), (12, 3, 9), (12, 15, 9), (11, 15, 9), (12, 15, 9), (12, 3, 9), (12, 4, 9), (11, 4, 9), (11, 3, 9), (12, 14, 9), (12, 4, 9), (12, 2, 9), (11, 15, 9), (11, 7, 9), (11, 7, 9), (11, 8, 9), (11, 4, 9), (11, 15, 9), (12, 2, 9)]"
"(14, 48, 41, 0)","[(4, 3, 9)]"
"(14, 48, 43, 0)","[(7, 8, 9), (7, 4, 9), (15, 8, 9), (2, 7, 9), (10, 3, 9), (7, 7, 9), (2, 7, 9), (7, 2, 9), (10, 14, 9), (15, 8, 9), (7, 3, 9), (10, 8, 9), (7, 7, 9), (7, 4, 9), (2, 4, 9), (7, 14, 9), (2, 15, 9), (15, 14, 9), (15, 15, 9), (7, 2, 9), (15, 2, 9), (2, 4, 9), (2, 7, 9), (2, 8, 9), (10, 15, 9), (10, 8, 9), (10, 2, 9), (15, 8, 9), (7, 14, 9), (2, 3, 9), (2, 15, 9), (15, 14, 9), (7, 8, 9), (2, 7, 9), (2, 15, 9), (7, 2, 9), (2, 7, 9), (2, 8, 9), (2, 15, 9)]"
"(14, 48, 44, 0)","[(4, 8, 9), (4, 3, 9), (4, 14, 9), (4, 4, 9), (4, 8, 9), (4, 4, 9), (4, 7, '?'), (4, 8, 9), (4, 8, 9), (4, 14, 9), (4, 4, 9), (4, 8, 9), (4, 3, 9)]"
"(14, 48, 48, 0)","[(9, 4, 9)]"
"(14, 50, 7, 0)","[('?', 14, 6), ('?', 8, 6), ('?', 15, 6), ('?', 8, 6), ('?', 8, 6), ('?', 14, 6), ('?', 15, 6), ('?', 3, 6), ('?', 15, 6)]"
"(14, 50, 22, 0)","[(9, 14, 6)]"
"(14, 50, 23, 0)","[(12, 8, 6), (12, 15, 6), (11, 8, 6), (12, 15, 6), (11, 14, 6), (11, 3, 6), (11, 15, 6), (12, 8, 6), (12, 8, 6), (11, 14, 6), (11, 14, 6), (11, 14, 6), (12, 3, 6), (12, 14, 6), (12, 3, 6), (12, 9, 6), (11, 14, 6), (12, 14, 6), (11, 3, 6), (12, 3, 6), (11, 3, 6), (11, 8, 6), (12, 14, 6), (11, 3, 6), (11, 15, 6), (11, 3, 6), (11, 2, 6)]"
"(14, 50, 43, 0)","[(15, 8, 6), (7, 15, 6), (15, 14, 6), (2, 14, 6), (7, 8, 6), (2, 3, 6), (7, 8, 6), (2, 4, 6), (10, 2, 6), (2, 14, 6), (2, 15, 6), (10, 14, 6), (10, 14, 6), (15, 15, 6), (10, 15, 6), (7, 15, 6), (2, 15, 6), (2, 15, 6), (10, 14, 6), (15, 14, 6), (15, 15, 6), (2, 8, 6), (7, 15, 6), (15, 14, 6), (15, 8, 6), (10, 3, 6), (15, 3, 6), (15, 14, 6), (15, 3, 6), (7, 3, 6), (2, 3, 6), (15, 15, 6), (7, 14, 6), (10, 14, 6), (7, 3, 6), (2, 3, 6), (15, 8, 6), (2, 8, 6), (2, 3, 6), (2, 15, 6), (2, 3, 6), (10, 2, 6), (15, 8, 6), (10, 14, 6)]"
"(14, 50, 44, 0)","[(4, '?', 6)]"
"(14, 51, 7, 0)","[('?', 7, 6), ('?', 7, 6), ('?', 7, 6), ('?', 8, 6), ('?', 7, 6)]"
"(14, 51, 11, 0)","[(7, 14, 10), (7, 15, 10), (7, 15, 10), (7, 7, 10), (10, 7, 10), (7, 8, 10), (7, 4, 10), (7, 15, 10), (10, 15, 10), (7, 15, 10), (7, 7, 10), (7, 4, 10), (7, 14, 10)]"
"(14, 51, 14, 0)","[('?', 14, 10), ('?', 7, 10)]"
"(14, 51, 17, 0)","[(7, 7, 10), (7, 7, 10), (7, 8, 10)]"
"(14, 51, 23, 0)","[(11, 7, 6), (11, 4, 6), (11, 7, 6), (12, 8, 6), (11, 7, 6), (11, 7, 6), (11, 4, 6), (12, 7, 6), (12, 7, 6), (12, 7, 6), (12, 7, 6)]"
"(14, 51, 43, 0)","[(10, 7, 6), (15, 4, 6), (15, 7, 6), (2, 8, 6), (15, 4, 6), (15, 4, 6), (10, 7, 6), (2, 4, 6), (2, 7, 6), (2, 7, 6), (2, 7, 6), (15, 4, 6), (2, 7, 6), (2, 4, 6), (15, 7, 6)]"
"(15, 4, 4, 0)","[(9, 2, 5), (9, 2, 5), (9, 8, 5), (9, 8, 5), (9, 8, 5), (9, 4, 5), (9, 7, 5), (9, 14, 5), (9, 8, 5), (9, 2, 5), (9, 3, 5), (9, 4, 5), (9, 4, 5), (9, 2, 5), (9, 8, 5), (9, 7, 5)]"
"(15, 4, 7, 0)","[('?', 8, 5), ('?', 7, 5), ('?', 2, 5), ('?', 2, 5), ('?', 4, 5), ('?', 2, 5), ('?', 2, 5), ('?', 4, 5), ('?', 8, 5)]"
"(15, 4, 12, 0)","[('?', 2, 5)]"
"(15, 4, 29, 0)","[(4, 15, 5), (4, 4, 5), (4, 8, 5), (4, 2, 5), (4, 2, 5), (4, 3, 5), (4, 15, 5), (4, 2, 5), (4, 8, 5), (4, 2, 5), (4, 15, 5), (4, 8, 5), (4, 15, 5), (4, 14, 5), (4, 14, 5), (4, 3, 5), (4, 3, 5), (4, 3, 5), (4, 14, 5), (4, 7, 5)]"
"(15, 7, 7, 0)","[('?', 7, 5), ('?', 2, 5), ('?', 8, 5), ('?', 4, 5), ('?', 8, 5), ('?', 7, 5)]"
"(15, 7, 43, 0)","[(2, 14, 5), (7, 14, 5), (2, 14, 5), (10, 14, 5), (2, 14, 5), (10, 14, 5), ('?', 4, 5), ('?', 4, 5)]"
"(15, 23, 23, 0)","[(12, 14, 5), (12, 7, 5), (12, 15, 5), (11, 3, 5), (12, 4, 5), (12, 14, 5), (12, 15, 5), (11, 14, 5), (11, 15, 5), (12, 15, 5), (11, 14, 5)]"
"(15, 23, 37, 0)","[(11, 3, 5), (12, 4, 5), (11, 7, 5), (12, 3, 5), (11, 2, 5), (12, 3, 5), (11, 4, 5), (11, 15, 5), (12, 15, 5), (11, 14, 5), (11, 8, 5), (11, 2, 5), (12, 3, 5), (11, 8, 5), (11, 8, 5), (12, 3, 5), (11, 2, 5), (12, 14, 5), (12, 15, 5), (12, 14, 5), (11, 3, 5), (12, 4, 5), (11, 15, 5), (11, 7, 5), (12, 7, 5), (12, 15, 5), (12, 14, 5), (11, 7, 5), (12, 7, 5), (11, 7, 5)]"
"(15, 23, 43, 0)","[(11, 7, 5), (11, 7, 5), (12, 3, 5), (11, 4, 5), (12, 15, 5), (11, 15, 5), (11, 8, 5), (12, 14, 5), (11, 15, 5), (12, 15, 5), (11, 8, 5)]"
"(15, 43, 7, 0)","[('?', 7, 5)]"
"(15, 43, 37, 0)","[(7, 14, 5), (10, 3, 5), (15, 7, 5), (2, 4, 5), (2, 14, 5), (2, 2, 5), (15, 2, 5), (2, 3, 5), (7, 14, 5), (7, 14, 5), (10, 7, 5), (10, 3, 5), (7, 2, 5), (2, 14, 5), (2, 8, 5), (10, 3, 5), (10, 7, 5), (2, 3, 5), (10, 7, 5), (2, 2, 5), (2, 4, 5), (7, 4, 5), (2, 8, 5), (10, 2, 5), (7, 2, 5), (2, 7, 5), (7, 15, 5), (2, 14, 5), (15, 8, 5), (2, 8, 5), (10, 3, 5), (7, 7, 5), (7, 14, 5), (7, 7, 5), (2, 7, 5), (15, 7, 5), (15, 2, 5), (10, 2, 5), (15, 8, 5), (2, 2, 5), (7, 7, 5), (10, 8, 5), (15, 4, 5), (7, 7, 5), (2, 8, 5), (2, 4, 5), (10, 2, 5), (15, 4, 5), (2, 3, 5), (2, 14, 5), (10, 8, 5), (10, 7, 5), (15, 8, 5), (2, 4, 5), (7, 15, 5)]"
"(15, 43, 43, 0)","[(10, 14, 5), (7, 15, 5), (10, 7, 5), (10, 2, 5), (10, 3, 5), (15, 15, 5), (15, 7, 5), (7, 15, 5), (2, 8, 5), (15, 7, 5), (15, 15, 5), (10, 7, 5), (10, 14, 5), (7, 3, 5), (7, 3, 5), (15, 8, 5), (2, 8, 5), (15, 8, 5), (15, 2, 5), (15, 15, 5), (15, 7, 5), (10, 8, 5), (15, 15, 5), (7, 14, 5), (15, 7, 5), (7, 14, 5), (7, 7, 5), (10, 3, 5), (15, 15, 5), (15, 15, 5), (7, 4, 5), (10, 14, 5), (10, 7, 5), (10, 8, 5), (7, 15, 5), (10, 7, 5), (2, 7, 5), ('?', 4, 5), (10, 3, 5), (10, 14, 5), (15, 15, 5), (15, 4, 5), (7, 14, 5), (15, 8, 5), (10, 8, 5), (7, 14, 5), (15, 8, 5), (15, 15, 5), (10, 8, 5), (10, 2, 5), (10, 14, 5), (10, 8, 5), (15, 15, 5), (10, 14, 5), (15, 2, 5), (10, 14, 5), (2, 3, 5), (7, 3, 5), (7, 3, 5)]"
"(15, 48, 7, 0)","[('?', 8, 5), ('?', 8, 5)]"
"(15, 48, 29, 0)","[(4, 8, 5)]"
"(15, 48, 44, 0)","[(4, 3, 5)]"
"(16, 4, 4, 0)","[(9, 9, 5)]"
"(16, 4, 7, 0)","[('?', 9, 5)]"
"(16, 4, 21, 0)","[(4, 9, 5), (4, 9, 5), (4, 9, 5)]"
"(16, 4, 22, 0)","[(9, 9, 5)]"
"(16, 7, 7, 0)","[('?', 9, 5), ('?', 12, 5), ('?', 12, 5), ('?', 12, 5), ('?', 12, 5)]"
"(16, 16, 7, 0)","[('?', 11, 5), ('?', 11, 5)]"
"(16, 23, 23, 0)","[(11, 6, 5), (12, 9, 5), (12, 10, 5), (12, 12, 5), (11, 10, 5), (12, 12, 5), (12, 6, 5), (12, 12, 5), (11, 12, 5), (11, 6, 5), (11, 6, 5), (11, 12, 5), (11, 6, 5), (11, 10, 5)]"
"(16, 23, 37, 0)","[(11, 6, 5), (11, 12, 5), (11, 6, 5), (11, 5, 5), (12, 5, 5), (12, 6, 5), (12, 12, 5), (11, 5, 5), (11, 5, 5), (12, 5, 5), (12, 12, 5), (11, 5, 5), (11, 10, 5), (12, 10, 5), (12, 10, 5), (12, 6, 5), (11, 6, 5), (12, 5, 5), (12, 10, 5), (12, 6, 5), (12, 5, 5), (11, 5, 5), (12, 6, 5), (11, 5, 5), (12, 6, 5), (12, 10, 5), (12, 5, 5), (12, 5, 5), (11, 10, 5), (11, 6, 5), (12, 12, 5), (12, 10, 5)]"
"(16, 23, 43, 0)","[(12, 9, 5), (12, 5, 5)]"
"(16, 29, 41, 0)","[(0, 1, 5)]"
"(16, 29, 44, 0)","[(13, 1, 5)]"
"(16, 34, 7, 0)","[('?', 5, 5), ('?', 5, 5), ('?', 5, 5), ('?', 5, 5), ('?', 5, 5), ('?', 6, 5)]"
"(16, 34, 12, 0)","[('?', 11, 5), ('?', 1, 5), ('?', 11, 5), ('?', 11, 5)]"
"(16, 34, 21, 0)","[(4, 10, 5), (4, 12, 5), (4, 10, 5), (4, 12, 5), (4, 12, 5), (4, 10, 5), (4, 6, 5), (4, 6, 5), (4, 6, 5), (4, 12, 5), (4, 10, 5), (4, 12, 5)]"
"(16, 34, 22, 0)","[(9, 12, 5), (9, 12, 5), (9, 12, 5), (9, 5, 5), (9, 12, 5)]"
"(16, 39, 7, 0)","[('?', 6, 5), ('?', 6, 5), ('?', 12, 5), ('?', 10, 5), ('?', 6, 5), ('?', 6, 5), ('?', 6, 5), ('?', 12, 5), ('?', 12, 5), ('?', 6, 5), ('?', 5, 5)]"
"(16, 39, 39, 0)","[('?', 6, 5), ('?', 10, 5)]"
"(16, 39, 43, 0)","[(2, 5, 5), (10, 6, 2)]"
"(16, 40, 7, 0)","[('?', 12, 5)]"
"(16, 43, 37, 0)","[(10, 5, 5), (10, 12, 5), (7, 10, 5), (7, 5, 5), (15, 12, 5), (7, 10, 5), (10, 5, 5), (15, 12, 5), (15, 12, 5), (15, 6, 5), (15, 12, 5), (2, 5, 5), (2, 10, 5), (2, 10, 5), (10, 6, 5), (15, 6, 5), (2, 10, 5), (7, 10, 5), (2, 10, 5), (7, 10, 5), (7, 10, 5), (10, 5, 5), (2, 5, 5), (15, 6, 5), (7, 5, 5), (10, 10, 5), (7, 10, 5), (10, 5, 5), (2, 5, 5), (15, 6, 5), (2, 5, 5), (10, 6, 5), (15, 6, 5), (2, 10, 5), (2, 10, 5), (2, 10, 5)]"
"(16, 43, 43, 0)","[(10, 6, 2), (10, 5, 5), (7, 12, 5), (10, 5, 5), (15, 6, 5), (15, 12, 5), (10, 10, 5), (2, 5, 5), (7, 5, 5), (10, 5, 5), (2, 12, 5), (10, 10, 5), (7, 12, 5), (2, 12, 5), (10, 6, 5), (10, 12, 5), (10, 5, 5), (2, 12, 5), (15, 6, 5), (10, 10, 5), (10, 10, 5), (15, 6, 5), (15, 9, 5), (7, 5, 5), (10, 10, 5), (10, 6, 5), (2, 5, 5), (7, 9, 5), (7, 12, 5), (10, 12, 5), (10, 12, 5), (10, 6, 5), (2, 5, 5), (7, 12, 5), (10, 6, 5), (7, 10, 5), (15, 12, 5), (2, 10, 5), (10, 5, 5), (2, 5, 5), (2, 12, 5), (7, 5, 5), (7, 5, 5), (7, 12, 5)]"
"(16, 45, 7, 0)","[('?', 11, 5)]"
"(16, 45, 12, 0)","[('?', 1, 5), ('?', 11, 5)]"
"(16, 45, 21, 0)","[(4, 1, 5)]"
"(16, 45, 23, 0)","[('?', 1, 5)]"
"(17, 2, 2, 0)","[(12, 3, 1), (12, 3, 1), (11, 4, 1)]"
"(17, 2, 17, 0)","[(7, 2, 1), (11, 2, 8), (12, 3, 10)]"
"(17, 2, 37, 0)","[(12, 2, 11), (12, 4, 11), (11, 2, 11), (12, 7, 11), (11, 2, 11), (12, 3, 11), (12, 7, 11), (12, 4, 11), (12, 7, 11), (11, 4, 11), (11, 14, 11), (12, 2, 11), (12, 8, 11), (12, 4, 11)]"
"(17, 7, 43, 0)","[(15, 3, 7), (15, 14, 7)]"
"(17, 11, 17, 0)","[(10, 3, 1), (10, 8, 1), (2, 3, 1), (2, 3, 1), (2, 2, 1)]"
"(17, 17, 11, 0)","[(15, 8, 1)]"
"(17, 17, 17, 0)","[(7, 3, 1), (10, 2, 1), (7, 7, 1), (7, 7, 1), (15, 8, 1), (2, 3, 1), (2, 7, 1), (10, 3, 1), (15, 7, 1), (2, 7, 1), (15, 7, 1), (2, 7, 1)]"
"(17, 17, 37, 0)","[(2, 14, 11), (15, 15, 11), (2, 15, 11), (7, 3, 11), (15, 2, 11), (7, 2, 11), (15, 7, 11), (10, 7, 11), (15, 7, 11), (7, 7, 11), (10, 15, 11), (15, 2, 11), (2, 2, 11), (15, 7, 11), (15, 7, 11), (10, 15, 11), (7, 2, 11), (10, 7, 11), (2, 7, 11), (15, 2, 11), (2, 2, 11), (15, 15, 11), (10, 7, 11), (2, 7, 11), (2, 3, 11), (7, 7, 11), (2, 3, 11), (10, 15, 11), (2, 7, 11), (2, 3, 11), (10, 15, 11), (15, 3, 11), (15, 7, 11), (2, 3, 11), (10, 15, 11), (15, 15, 11), (15, 2, 11)]"
"(17, 23, 23, 0)","[(12, 4, 7), (12, 8, 7), (12, 14, 7), (12, 4, 7), (12, 15, 7), (12, 2, 7), (12, 8, 7), (12, 14, 7), (12, 14, 7), (12, 8, 7), (12, 2, 7)]"
"(17, 23, 37, 0)","[(12, 4, 7), (11, 8, 7), (12, 15, 7), (12, 14, 7), (12, 4, 7), (12, 2, 7), (11, 7, 7), (11, 7, 7), (12, 4, 7), (11, 3, 7), (11, 2, 7), (12, 2, 7), (12, 14, 7), (12, 8, 7), (12, 14, 7), (12, 14, 7), (11, 8, 7), (11, 3, 7), (12, 14, 7), (12, 4, 7), (11, 3, 7), (12, 2, 7), (12, 8, 7), (12, 15, 7), (12, 15, 7), (12, 4, 7), (12, 8, 7)]"
"(17, 23, 43, 0)","[(12, 15, 7), (11, 2, 7), (12, 4, 7), (11, 2, 7), (11, 2, 7), (12, 2, 7), (11, 8, 7), (12, 4, 7), (12, 14, 7), (12, 14, 7), (11, 3, 7), (11, 3, 7)]"
"(17, 37, 37, 0)","[(2, 3, 7), (2, 3, 7), (2, 2, 7), (2, 3, 7), (2, 15, 7), (15, 3, 7), (15, 3, 7), (2, 15, 7), (15, 7, 7), (15, 7, 7), (2, 3, 7), (10, 15, 7), (2, 15, 7), (15, 2, 11), (15, 14, 7), (15, 3, 7), (2, 15, 7), (7, 15, 7), (10, 14, 7)]"
"(17, 38, 37, 0)","[(15, 3, 11), (15, 3, 11), (10, 14, 11), (2, 8, 11), (7, 7, 11), (7, 8, 11), (2, 14, 11), (7, 4, 11), (10, 2, 11), (10, 14, 11), (7, 8, 11), (2, 4, 11), (10, 3, 11), (7, 8, 11), (7, 14, 11), (10, 7, 11), (7, 14, 11), (10, 8, 11), (7, 2, 11), (7, 4, 11), (15, 4, 11), (2, 2, 11), (10, 8, 11), (2, 2, 11), (2, 2, 11), (7, 7, 11), (2, 8, 11), (7, 7, 11), (2, 14, 11), (2, 4, 11), (7, 14, 11), (7, 8, 11), (7, 4, 11), (2, 4, 11), (15, 2, 11), (7, 2, 11), (15, 4, 11), (10, 14, 11), (10, 3, 11), (10, 2, 11), (2, 8, 11), (15, 14, 11), (10, 14, 11), (10, 3, 11), (15, 3, 11), (15, 15, 11)]"
"(17, 43, 37, 0)","[(10, 2, 7), (10, 4, 7), (7, 7, 7), (15, 7, 7), (10, 4, 7), (15, 4, 7), (2, 8, 7), (7, 14, 7), (15, 3, 7), (10, 15, 7), (15, 14, 7), (15, 2, 7), (2, 8, 7), (10, 15, 7), (7, 7, 7), (7, 15, 7), (2, 2, 7), (15, 2, 7), (10, 4, 7), (15, 3, 7), (15, 7, 7), (15, 8, 7), (7, 15, 7), (15, 15, 7), (2, 7, 7), (10, 15, 7), (7, 15, 7), (15, 3, 7), (10, 14, 7), (15, 14, 7), (2, 7, 7), (10, 4, 7), (15, 15, 7), (10, 14, 7), (10, 4, 7), (15, 4, 7), (2, 7, 7), (7, 7, 7), (7, 8, 7), (15, 8, 7), (15, 4, 7), (2, 7, 7), (7, 14, 7)]"
"(17, 43, 43, 0)","[(15, 15, 7), (15, 8, '?'), (7, 8, 7), (7, 14, 7), (15, 14, 7), (15, 2, 7), (15, 4, 7), (15, 2, 7), (2, 2, 7), (15, 2, 7), (15, 4, 7), (10, 4, 7), (15, 3, 7), (15, 14, 7), (10, 2, 7), (15, 15, 7), (15, 15, 7), (15, 4, 7), (15, 3, 7)]"
"(17, 46, 23, 0)","[(12, 2, 11)]"
"(17, 46, 37, 0)","[(12, 2, 11), (12, 15, 11), (11, 14, 11)]"
"(18, 1, 21, 0)","[(4, 11, 10)]"
"(18, 1, 30, 0)","[('?', 0, 10)]"
"(18, 2, 2, 0)","[(12, 1, 10)]"
"(18, 4, 7, 0)","[('?', 9, 12), ('?', 9, 12)]"
"(18, 4, 10, 0)","[(4, 9, 12), (4, 9, 12)]"
"(18, 4, 21, 0)","[(4, 5, 12), (4, 9, 12), (4, 9, 12)]"
"(18, 4, 22, 0)","[(9, 13, 12), (9, 13, 12), (9, 1, 12), (9, 1, 12)]"
"(18, 4, 23, 0)","[(11, 13, 12), (12, 1, 12), (12, 1, 12), (12, 9, 12), (11, 1, 12), (11, 13, 12), (11, 13, 12), (12, 1, 12), (11, 1, 12), (11, 13, 12), (12, 9, 12)]"
"(18, 4, 39, 0)","[('?', 1, 12), ('?', 1, 12), ('?', 9, 12), ('?', 1, 12)]"
"(18, 4, 43, 0)","[(2, 13, 12), (2, 13, 12), (2, 13, 12), (10, 1, 12), (10, 9, 12), (10, 9, 12), (7, 13, 12), (2, 1, 12), (10, 1, 12), (10, 13, 12), (10, 9, 12), (2, 9, 12), (7, 13, 12), (10, 9, 12), (2, 9, 12), (10, 13, 12)]"
"(18, 8, 7, 0)","[(8, 1, 9), (8, 10, 9), (8, 6, 9), (8, 12, 9), (8, 1, 9), (8, 6, 9), (8, 10, 9), (8, 1, 9), (8, 9, 9), (8, 1, 9), (8, 1, 9), (8, 9, 9), (8, 6, 9), (8, 6, 9), (8, 10, 9), (8, 6, 9), (8, 5, 9), (8, 13, 9), (8, 5, 9), (8, 13, 9), (8, 10, 9), (8, 11, 9), (8, 9, 9)]"
"(18, 8, 8, 0)","[(3, 6, 9), (4, 13, 9), (13, 1, 9)]"
"(18, 11, 11, 0)","[(15, 9, 10), (7, 1, 10), (15, 9, 10), (7, 13, 10), (10, 9, 10), (7, 1, 10), (7, 9, 10), (10, 13, 10)]"
"(18, 11, 17, 0)","[(10, 9, 10), (7, 9, 10), (10, 9, 10), (15, 9, 10), (2, 13, 10), (10, 9, 10), (10, 13, 10), (10, 13, 10), (2, 13, 10), (2, 9, 10), (2, 12, 10)]"
"(18, 14, 1, 0)","[(9, 5, 10), (9, 6, 10), (9, 10, 10), (9, 5, 10), (9, 6, 10), (9, 6, 10), (9, 12, 10), (9, 5, 10), (9, 5, 10), (9, 6, 10), (9, 5, 10), (9, 13, 10), (9, 12, 10), (9, 5, 10), (9, 12, 10), (9, 5, 10), (9, 12, 10), (4, 5, 10), (9, 10, 10), (9, 10, 10), (9, 10, 10)]"
"(18, 14, 2, 0)","[(12, 1, 10), (12, 13, 10), (11, 13, 10), (11, 12, 10), (12, 6, 10), (12, 13, 10), (12, 13, 10), (11, 13, 10), (11, 13, 10), (12, 1, 10), (12, 13, 10), (12, 1, 10)]"
"(18, 14, 11, 0)","[(10, 13, 10), (7, 13, 10), (10, 13, 10), (7, 9, 10), (2, 13, 10), (7, 13, 10), (7, 1, 10), (10, 13, 10), (7, 9, 10), (2, 13, 10), (10, 13, 10), (2, 13, 10), (2, 13, 10), (2, 13, 10), (7, 13, 10), (2, 13, 10)]"
"(18, 14, 18, 0)","[('?', 1, 10), ('?', 1, 10), ('?', 1, 10)]"
"(18, 14, 20, 0)","[(4, 6, 10), (4, 6, 10), (4, 10, 10), (4, 5, 10), (4, 6, 10), (4, 5, 10), (4, 1, 10), (4, 6, 10), (4, 12, 10), (4, 6, 10), (4, 12, 10), (4, 10, 10), (4, 6, 10), (4, 6, 10), (4, 6, 10), (4, 1, 10), (4, 10, 10)]"
"(18, 14, 21, 0)","[(4, 12, 10), (4, 12, 10), (4, 12, 10), (4, 5, 10), (4, 12, 10), (4, 10, 10), (4, 10, 10), (4, 1, 10), (4, 5, 10), (4, 1, 10), (4, 10, 10), (4, 10, 10), (4, 10, 10), (4, 5, 10), (4, 10, 10)]"
"(18, 14, 22, 0)","[(9, 12, 10), (9, 6, 10), (9, 12, 10), (9, 6, 10), (9, 10, 10), (9, 9, 10), (9, 5, 10), (9, 5, 10), (9, 6, 10)]"
"(18, 14, 23, 0)","[(11, 0, 10), (11, 0, 10), (15, 0, 10)]"
"(18, 14, 24, 0)","[(12, 12, 10), (12, 1, 10), (11, 6, 10), (11, 13, 10), (12, 6, 10), (11, 12, 10), (12, 1, 10), (11, 6, 10), (11, 6, 10), (12, 5, 10), (11, 12, 10), (11, 5, 10), (11, 5, 10), (12, 5, 10), (12, 6, 10), (11, 6, 10), (12, 0, 10), (11, 13, 10), (11, 13, 10), (12, 1, 10), (11, 13, 10), (12, 12, 10), (11, 6, 10), (11, 5, 10), (11, 5, 10), (12, 12, 10)]"
"(18, 16, 5, 0)","[(9, 10, 9)]"
"(18, 16, 7, 0)","[('?', 10, 9), ('?', 6, 9), ('?', 5, 9), ('?', 1, 9), ('?', 6, 9), ('?', 5, 9), ('?', 6, 9), ('?', 5, 9), ('?', 9, 9), (8, 10, 9), (8, 10, 9), ('?', 13, 9), ('?', 6, 9), ('?', 10, 9)]"
"(18, 16, 8, 0)","[(4, 6, 9), (4, 6, 9), (4, 6, 9), (4, 6, 9), (4, 6, 9)]"
"(18, 16, 21, 0)","[(4, 10, 9), (4, 12, 9), (4, 12, 9), (4, 12, 9), (4, 5, 9), (4, 5, 9), (4, 12, 9), (4, 10, 9), (4, 5, 9)]"
"(18, 16, 22, 0)","[(9, 6, 9), (9, 6, 9), (9, 10, 9), (9, 6, 9), (9, 12, 9), (9, 6, 9), (9, 12, 9), (9, 10, 9), (9, 12, 9), (9, 12, 9)]"
"(18, 16, 23, 0)","[(11, 5, 9), (11, 12, 9), (12, 6, 9), (12, 6, 9), (12, 5, 9), (11, 5, 9), (12, 10, 9), (11, 6, 9), (12, 5, 9), (11, 6, 9), (11, 12, 9), (12, 6, 9), (11, 5, 9), (11, 10, 9), (12, 5, 9), (12, 6, 9), (11, 6, 9), (12, 5, 9), (12, 5, 9), (12, 6, 9)]"
"(18, 16, 39, 0)","[('?', 10, 9), ('?', 10, 9), ('?', 10, 9)]"
"(18, 16, 43, 0)","[(10, 12, 9), (15, 12, 9), (2, 5, 9), (10, 5, 9), (2, 6, 9), (2, 5, 9), (2, 10, 9), (2, 10, 9), (15, 10, 9), (15, 6, 9), (15, 6, 9), (15, 6, 9), (7, 9, 9), (7, 6, 9), (15, 12, 9), (10, 10, 9), (2, 10, 9), (7, 10, 9), (2, 5, 9), (2, 12, 9), (2, 10, 9), (15, 12, 9), (10, 12, 9), (2, 5, 9), (15, 10, 9), (10, 10, 9), (7, 6, 9), (2, 12, 9), (2, 5, 9), (10, 12, 9), (7, 10, 9), (15, 12, 9), (10, 10, 9), (15, 6, 9), (15, 5, 9), (2, 12, 9), (7, 9, 9), (10, 6, 9), (2, 12, 9), (10, 6, 9), (7, 5, 9), (2, 6, 9), (10, 6, 9), (2, 12, 9), (15, 10, 9), (2, 5, 9), (15, 5, 9), (10, 12, 9), (7, 6, 9), (10, 5, 9), (7, 6, 9)]"
"(18, 17, 37, 0)","[(15, 1, 1)]"
"(18, 18, 1, 0)","[(9, 10, 10)]"
"(18, 18, 2, 0)","[(12, 10, 10), (11, 10, 10), (11, 12, 10), (12, 6, 10), (11, 12, 10), (11, 10, 10), (11, 6, 10), (11, 12, 10), (11, 6, 10), (12, 6, 10), (11, 10, 10), (11, 5, 10), (12, 12, 10), (11, 5, 10), (11, 5, 10), (11, 10, 10), (12, 12, 10), (12, 6, 10), (12, 12, 10), (11, 12, 10), (12, 10, 10), (12, 5, 10), (11, 5, 10), (12, 10, 10), (12, 10, 10), (11, 5, 10), (11, 5, 10), (12, 5, 10), (12, 5, 10), (11, 6, 10)]"
"(18, 18, 11, 0)","[(10, 5, 10), (10, 10, 10), (2, 10, 10), (7, 11, 10), (2, 10, 10), (15, 10, 10), (7, 11, 10), (2, 10, 10), (15, 11, 10), (15, 11, 10), (15, 5, 10), (2, 12, 10), (15, 5, 10), (7, 5, 10), (10, 11, 10), (2, 5, 10), (7, 10, 10), (7, 11, 10), (2, 10, 10), ('?', 12, 10), (10, 5, 10), (7, 10, 10), (10, 11, 10), (2, 12, 10), (7, 11, 10), (10, 6, 10), (7, 10, 10), (7, 11, 10), (15, 5, 10), (15, 10, 10), (2, 13, 10), (10, 10, 10), (15, 5, 10), (10, 5, 10), (10, 11, 10), (15, 6, 10), (10, 6, 10), (10, 11, 10), (15, 11, 10), (2, 5, 10), (7, 5, 10), (10, 11, 10), (2, 12, 10), (7, 11, 10), (15, 10, 10), (10, 6, 10), (10, 10, 10), (2, 10, 10), (10, 5, 10), (2, 10, 10), (15, 5, 10), (15, 9, 10), (7, 10, 10), (7, 5, 10), (10, 11, 10), (15, 11, 10), (15, 5, 10), (10, 10, 10), ('?', 12, 10), (15, 6, 10), (7, 5, 10), (15, 11, 10), (7, 11, 10), (15, 9, 10), (7, 1, 10), (10, 11, 10), (15, 11, 10), (15, 5, 10), (15, 10, 10), (15, 10, 10), (7, 5, 10), (10, 11, 10), (7, 10, 10), (2, 5, 10), (2, 10, 10), (10, 6, 10), (2, 5, 10), (10, 5, 10), (7, 10, 10), (15, 6, 10), (15, 6, 10), (2, 10, 10), (15, 10, 10), (15, 6, 10), (7, 5, 10), (10, 10, 10), (15, 6, 10)]"
"(18, 18, 17, 0)","[(2, 5, 10), (15, 5, 10), (10, 6, 10), (10, 10, 10), (10, 10, 10), (10, 6, 10), (2, 5, 10), (15, 5, 10), (10, 5, 10), (10, 6, 10), (10, 5, 10), (10, 10, 10), (7, 5, 10), (7, 5, 10), (10, 5, 10), (15, 6, 10), (7, 10, 10)]"
"(18, 18, 18, 0)","[('?', 12, 10), ('?', 6, 10), ('?', 10, 10), ('?', 12, 10), ('?', 9, 10), ('?', 5, 10), ('?', 6, 10), ('?', 5, 10), ('?', 6, 10), ('?', 10, 10), ('?', 6, 10), ('?', 6, 10), ('?', 5, 10), ('?', 6, 10), ('?', 6, 10), ('?', 5, 10), ('?', 5, 10), ('?', 10, 10), ('?', 10, 10), ('?', 10, 10), ('?', 12, 10), ('?', 10, 10), ('?', 10, 10), ('?', 5, 10), ('?', 12, 10), ('?', 5, 10), ('?', 5, 10), ('?', 6, 10), ('?', 12, 10), ('?', 10, 10), ('?', 12, 10)]"
"(18, 18, 22, 0)","[(9, 12, 10), (9, 10, 10), (9, 10, 10)]"
"(18, 18, 24, 0)","[(11, 10, 10), (12, 10, 10), (12, 6, 10), (12, 5, 10), (12, 10, 10), (12, 10, 10), (11, 10, 10), (11, 10, 10), (11, 10, 10), (11, 10, 10)]"
"(18, 22, 10, 0)","[(4, 9, 9)]"
"(18, 22, 21, 0)","[(4, 10, 9)]"
"(18, 22, 22, 0)","[(9, 1, 9), (9, 1, 9), (9, 1, 9), (9, 1, 9)]"
"(18, 22, 23, 0)","[(12, 9, 9), (12, 9, 9)]"
"(18, 22, 44, 0)","[(4, 9, 9)]"
"(18, 23, 23, 0)","[(12, 6, 9)]"
"(18, 25, 8, 0)","[(0, 1, 6), (14, 13, 6), (3, 6, 6), (0, 13, 6), (0, 1, 6), (14, 9, 6), (14, 1, 6), (14, 1, 6), (13, 1, 6), (14, 13, 6), (13, 9, 6), (0, 1, 6), (13, 1, 6), (0, 6, 6), (14, 9, 6), (3, 13, 6), (13, 1, 6), (13, 6, 6), (3, 1, 6), (0, 9, 6), (0, 1, 6), (3, 1, 6), (0, 9, 6), (0, 9, 6), (13, 13, 6), (3, 1, 6)]"
"(18, 25, 12, 0)","[(1, 13, 6), (6, 9, 6), (1, 9, 6), (1, 9, 6), (6, 1, 6), (6, 9, 6), (1, 13, 6), (6, 9, 6), (1, 13, 6), (6, 9, 6)]"
"(18, 25, 16, 0)","[(5, 5, 6), (5, 9, 6), (5, 5, 6), (5, 5, 6), (5, 6, 6), (5, 5, 6)]"
"(18, 25, 19, 0)","[(1, 1, 6), (6, 1, 6), (5, 13, 6), (6, 1, 6), (1, 1, 6), (6, 1, 6), (1, 6, 6), (5, 1, 6), (1, 6, 6), (6, 1, 6), (6, 6, 6), (5, 1, 6), (5, 13, 6), (5, 9, 6), (6, 6, 6)]"
"(18, 25, 41, 0)","[(14, 9, 6), (13, 9, 6), (0, 9, 6)]"
"(18, 25, 44, 0)","[(14, 9, 6), (13, 9, 6), (13, 9, 6), (14, 9, 6), (14, 9, 6), (13, 9, 6), (14, 9, 6)]"
"(18, 28, 23, 0)","[(11, 1, 6), (11, 1, 6), (11, 1, 6), (11, 1, 6), (12, 1, 6), (11, 1, 6)]"
"(18, 29, 4, 0)","[(5, 9, 12)]"
"(18, 29, 7, 0)","[(8, 11, 12), (8, 10, 12), (8, 9, 12), (8, 13, 12), (8, 10, 12), (8, 5, 12), (8, 12, 12), (8, 9, 12), (8, 9, 12), (8, 5, 12), (8, 9, 12), (8, 11, 12), (8, '?', 12), (8, 13, 12), (8, 13, 12)]"
"(18, 29, 8, 0)","[(0, 1, 12), (3, 13, 12), (3, 1, 12), (0, 13, 12), (3, 13, 12), (0, 13, 12), (14, 6, 12), (3, 6, 12), (3, 6, 12), (0, 6, 12), (14, 1, 12), (3, 6, 12), (14, 6, 12), (14, 13, 12), (0, 6, 12), (0, 13, 12), (3, 1, 12), (3, 1, 12), (14, 1, 12), (13, 13, 12), (13, 13, 12), (0, 1, 12), (3, 13, 12), (14, 6, 12), (3, 1, 12), (14, 1, 12)]"
"(18, 29, 12, 0)","[(1, 13, 12), (6, 9, 12), (1, 9, 12), (1, 13, 12), (1, 5, 12), (1, 9, 12), (1, 9, 12), (6, 9, 12), (6, 13, 12), (6, 9, 12), (1, 5, 12), (6, 13, 12), (6, 9, 12), (1, 13, 12), (6, 9, 12), (6, 13, 12)]"
"(18, 29, 16, 0)","[(5, 6, 12), (5, 6, 12), (5, 6, 12), (5, 6, 12), (5, 6, 12)]"
"(18, 29, 19, 0)","[(5, 13, 12), (5, 1, 12), (5, 1, 12), (6, 1, 12), (5, 13, 12), (6, 1, 12), (1, 6, 12), (6, 1, 12), (5, 1, 12), (6, 1, 12), (1, 1, 12)]"
"(18, 29, 39, 0)","[(8, 1, 12), (8, 1, 12), (8, 12, 12), (8, 6, 12)]"
"(18, 29, 41, 0)","[(13, 9, 12), (0, 6, 12)]"
"(18, 29, 44, 0)","[(3, 9, 12), (13, 9, 12), (0, 9, 12), (14, 9, 12), (14, 9, 12), (0, 9, 12), (14, 9, 12), (13, 9, 12), (3, 9, 12), (13, 9, 12), (0, 9, 12), (3, 9, 12)]"
"(18, 33, 7, 0)","[(8, 9, 6), (8, 9, 9), (8, 1, 6), (8, 9, 9), (8, 9, 6), (8, 10, 9), (8, 9, 6), (8, 13, 6), (8, 1, 6), (8, 12, 6), (8, 12, 6), (8, 13, 6), (8, 12, 6), (8, 9, 6), (8, 13, 6)]"
"(18, 33, 39, 0)","[(8, 6, 6), (8, 6, 6), (8, 10, 6), (8, 11, 6), (8, 1, 6), (8, 6, 6), (8, 12, 6), (8, 10, 6)]"
"(18, 34, 7, 0)","[('?', 5, 12), ('?', 12, 12), ('?', 6, 12), ('?', 5, 12), ('?', 6, 12), ('?', 6, 12), ('?', 12, 12), ('?', 12, 12), ('?', 6, 12), ('?', 12, 12), ('?', 12, 12), ('?', 12, 12), (8, 12, 12), ('?', 6, 12)]"
"(18, 34, 8, 0)","[(4, 1, 12)]"
"(18, 34, 10, 0)","[(4, 1, 12)]"
"(18, 34, 21, 0)","[(4, 5, 12), (4, 1, 12), (4, 12, 12), (4, 1, 12), (4, 12, 12), (4, 9, 12), (4, 5, 12), (4, 5, 12), (4, 12, 12), (4, 5, 12), (4, 5, 12), (4, 12, 12), (4, 12, 12), (4, 9, 12), (4, 6, 12), (4, 12, 12)]"
"(18, 34, 22, 0)","[(9, 12, 12), (9, 12, 12), (9, 5, 12), (9, 12, 12), (9, 5, 12), (9, 5, 12), (9, 5, 12), (9, 6, 12), (9, 12, 12), (9, 13, 12), (9, 10, 12), (9, 6, 12), (9, 12, 12), (9, 10, 12), (9, 10, 12), (9, 10, 12)]"
"(18, 34, 23, 0)","[(12, 10, 12), (11, 10, 12), (11, 10, 12), (11, 6, 12), (12, 1, 12), (11, 12, 12), (12, 5, 12), (11, 13, 12), (12, 10, 12), (11, 12, 12), (11, 12, 12), (11, 12, 12), (12, 10, 12), (11, 6, 12), (12, 6, 12)]"
"(18, 34, 39, 0)","[('?', 1, 12), ('?', 5, 12), ('?', 6, 12), ('?', 5, 12)]"
"(18, 34, 43, 0)","[(2, 5, 12), (10, 12, 12), (7, 6, 12), (7, 12, 12), (2, 10, 12), (15, 10, 12), (2, 13, 12), (7, 12, 12), (10, 12, 12), (10, 6, 12), (10, 6, 12), (7, 10, 12), (10, 1, 12), (10, 6, 12), (15, 10, 12), (2, 9, 12), (15, 12, 12), (10, 12, 12), (2, 12, 12), (15, 10, 12), (2, 12, 12), (2, 6, 12), (10, 5, 12), (2, 6, 12), (2, 6, 12), (2, 5, 12), (15, 12, 12), (7, 6, 12), (15, 10, 12), (7, 5, 12), (2, 6, 12), (7, 6, 12), (10, 12, 12), (2, 10, 12), (10, 12, 12), (10, 5, 12), (2, 12, 12), (15, 12, 12), (2, 10, 12), (7, 5, 12), (10, 5, 12), (2, 12, 12), (10, 12, 12), (15, 12, 12), (10, 5, 12), (15, 12, 12), (2, 5, 12), (7, 10, 12), (15, 12, 12), (2, 5, 12), (10, 12, 12), (10, 10, 12), (15, 6, 12), (15, 12, 12), (15, 10, 12), (7, 5, 12), (15, 12, 12), (7, 10, 12), (15, 6, 12), (15, 6, 12)]"
"(18, 36, 7, 0)","[('?', 13, 6)]"
"(18, 36, 8, 0)","[(4, 1, 6), (4, 1, 6)]"
"(18, 36, 10, 0)","[(4, 9, 6), (4, 5, 6)]"
"(18, 36, 19, 0)","[('?', 1, 6)]"
"(18, 36, 21, 0)","[(4, 5, 6), (4, 1, 6), (4, 9, 6), (4, 5, 6), (4, 5, 6), (4, 9, 6)]"
"(18, 36, 22, 0)","[(9, 13, 6), (9, 9, 6), (9, 5, 6), (9, 5, 6), (9, 1, 6), (9, 5, 6), (9, 5, 6), (9, 9, 6), (9, 13, 6)]"
"(18, 36, 23, 0)","[(11, 9, 6), (12, 1, 6), (11, 13, 6), (12, 9, 6), (12, 1, 6)]"
"(18, 36, 39, 0)","[('?', 1, 6), ('?', 1, 6), ('?', 1, 6), ('?', 1, 6), ('?', 1, 6)]"
"(18, 36, 43, 0)","[(10, 9, 6), (15, 13, 6), (10, 1, 6), (2, 9, 6), (15, 13, 6), (7, 1, 6), (10, 13, 6), (7, 13, 6), (10, 1, 6), (7, 1, 6), (7, 13, 6), (2, 9, 6), (7, 1, 6), (15, 9, 6), (7, 1, 6), (10, 13, 6), (10, 1, 6), (15, 13, 6), (10, 9, 6), (10, 9, 6), (15, 9, 6), (10, 9, 6), (10, 13, 6), (10, 1, 6), (15, 13, 6), (10, 1, 6), (10, 1, 6), (10, 9, 6), (10, 13, 6), (7, 1, 6), (7, 1, 6), (2, 9, 6), (15, 9, 6)]"
"(18, 41, 8, 0)","[(0, 1, 9), (13, 6, 9), (14, 6, 9)]"
"(18, 43, 43, 0)","[(15, 9, 9), (15, 9, 9), (7, 6, 9)]"
"(18, 44, 7, 0)","[(1, 9, 9)]"
"(18, 44, 8, 0)","[(13, 1, 9), (13, 13, 9), (0, 5, 9), (3, 1, 9), (13, 6, 9), (3, 1, 9), (3, 6, 9), (3, 6, 9), (3, 1, 9), (14, 6, 9), (3, 5, 9), (3, 6, 9), (0, 6, 12), (14, 6, 9), (13, 1, 9), (0, 1, 9), (13, 1, 9), (13, 6, 9), (13, 6, 9), (0, 13, 9), (0, 1, 9), (3, 6, 9), (3, 1, 9), (3, 6, 9), (13, 1, 9), (3, 1, 12), (0, 1, 9)]"
"(18, 44, 12, 0)","[(1, 9, 9), (1, 9, 9), (1, 9, 9), (6, 9, 9), (1, 9, 9), (6, 9, 9), (6, 9, 9), (6, 9, 9), (1, 9, 9), (6, 9, 9), (1, 9, 9)]"
"(18, 44, 19, 0)","[(1, 1, 9), (6, 1, 9), (5, 13, 9), (1, 1, 9), (6, 1, 9), (5, 1, 9), (5, 1, 9), (1, 1, 9), (6, 1, 9), (1, 1, 9), (6, 1, 9), (1, 6, 9), (6, 6, 9), (5, 1, 9)]"
"(18, 44, 41, 0)","[(0, 9, 9), (3, 9, 9), (14, 9, 9), (13, 5, 9), (13, 9, 9), (0, 9, 9), (14, 9, 9), (3, 9, 9), (13, 9, 9), (0, 9, 9), (0, 9, 9), (13, 9, 9), (3, 5, 9), (13, 5, 9), (3, '?', 9), (0, 9, 9), (13, 5, 9), (0, 9, 9)]"
"(18, 44, 44, 0)","[(14, 9, 9), (0, 9, 9), (3, 9, 9), (0, 9, 9), (3, 9, 9), (0, 1, 9), (14, 9, 9)]"
"(18, 45, 7, 0)","[('?', 13, 9), ('?', 13, 9), ('?', 1, 9), ('?', 13, 9), ('?', 13, 9), ('?', 13, 9)]"
"(18, 45, 8, 0)","[(4, 1, 9), (4, 13, 9)]"
"(18, 45, 23, 0)","[(12, 1, 9), (12, 1, 9), (11, 1, 9), (11, 1, 9), (11, 1, 9), (12, 1, 9), (12, 1, 9), (11, 1, 9), (11, 1, 9)]"
"(18, 45, 43, 0)","[(2, 13, 9), (15, 1, 9), (2, 1, 9), (15, 1, 9), (10, 1, 9), (15, 1, 9), (7, 13, 9), (15, 1, 9), (15, 6, 9), (2, 13, 9), (2, 13, 9), (10, 1, 12), (15, 1, 9), (7, 1, 9), (2, 1, 9), (7, 1, 9), (2, 13, 9), (15, 1, 9), (7, 1, 9), (10, 1, 9), (7, 9, 9), (7, 1, 9), (15, 1, 9), (10, 1, 9)]"
"(18, 48, 7, 0)","[('?', 9, 9), ('?', 9, 9), ('?', 9, 9)]"
"(18, 48, 23, 0)","[(11, 13, 9), (12, 9, 9), (11, 13, 9), (11, 13, 9)]"
"(18, 49, 5, 0)","[(9, 10, 6)]"
"(18, 49, 7, 0)","[('?', 12, 6), ('?', 12, 6), ('?', 10, 6), ('?', 12, 6), ('?', 12, 6), ('?', 12, 6), ('?', 13, 6), ('?', 12, 6), ('?', 12, 6)]"
"(18, 49, 8, 0)","[(4, 12, 6)]"
"(18, 49, 21, 0)","[(4, 6, 6), (4, 5, 6), (4, 6, 6)]"
"(18, 49, 22, 0)","[(9, 10, 6), (9, 10, 6), (9, 10, 6), (9, 10, 6)]"
"(18, 49, 23, 0)","[(11, 10, 6), (11, 10, 6), (11, 10, 6), (12, 12, 6), (12, 5, 6), (12, 5, 6), (12, 12, 6), (12, 12, 6), (11, 5, 6), (11, 10, 6), (11, 5, 6), (11, 12, 6), (11, 12, 6), (11, 10, 6)]"
"(18, 49, 39, 0)","[('?', 6, 6), ('?', 6, 6), ('?', 6, 6), ('?', 13, 6), ('?', 10, 6), ('?', 6, 6), ('?', 10, 6), ('?', 10, 6), ('?', 10, 6)]"
"(18, 49, 43, 0)","[(15, 1, 6), (2, 10, 6), (15, 12, 6), (2, 12, 6), (2, 10, 6), (7, 10, 6), (10, 12, 6), (10, 12, 6), (10, 10, 6), (7, 12, 6), (15, 12, 6), (2, 6, 6), (10, 10, 6), (7, 12, 6), (2, 5, 6), (10, 10, 6), (15, 5, 6), (2, 12, 6), (15, 6, 6), (10, 10, 6), (10, 6, 6), (15, 5, 6), (2, 6, 6), (15, 6, 6), (10, 12, 6), (15, 12, 6), (7, 12, 6), (15, 5, 6), (7, 12, 6)]"
"(18, 50, 23, 0)","[(12, 9, 6)]"
"(19, 4, 23, 0)","[(2, 0, 2)]"
"(19, 5, 8, 0)","[(4, 0, 2)]"
"(19, 5, 21, 0)","[(4, 0, 2), (4, 0, 2), (4, 10, 2), (4, 11, 2), (4, 0, 2)]"
"(19, 7, 43, 0)","[(7, 1, 2)]"
"(19, 8, 8, 0)","[(4, 13, 2)]"
"(19, 8, 16, 0)","[(8, 0, 2)]"
"(19, 12, 23, 0)","[(11, 11, 2), (12, 13, 2), (11, 11, 2)]"
"(19, 13, 13, 0)","[(9, 6, 2), (9, 12, 2), (9, 5, 2), (9, 12, 2)]"
"(19, 13, 21, 0)","[(4, 5, 2), (4, 5, 2)]"
"(19, 13, 41, 0)","[(4, 6, 2), (4, 10, 2), (4, 5, 2), (4, 6, 2), (4, 5, 2), (4, 10, 2), (4, 5, 2), (4, 10, 2)]"
"(19, 16, 12, 0)","[('?', 11, 2)]"
"(19, 19, 7, 0)","[('?', 13, 2), ('?', 6, 2), ('?', 13, 2), ('?', 13, 2), ('?', 13, 2)]"
"(19, 19, 23, 0)","[(12, 13, 2)]"
"(19, 19, 41, 0)","[(4, 1, 2)]"
"(19, 22, 8, 0)","[(4, 1, 2), (4, 13, 2), (4, 13, 2)]"
"(19, 22, 21, 0)","[(4, 10, 2), (4, 6, 2), (4, 6, 2)]"
"(19, 22, 22, 0)","[(9, 12, 2), (9, 6, 2), (9, 12, 2), (9, 12, 2), (9, 6, 2), (9, 5, 2), (9, 12, 2)]"
"(19, 23, 23, 0)","[(11, 12, 2), (12, 13, 2), (11, 12, 2), (12, 6, 2), (11, 12, 2), (11, 12, 2), (11, 5, 2), (12, 6, 2), (12, 12, 2), (12, 9, 2)]"
"(19, 23, 43, 0)","[(12, 12, 2), (11, 12, 2), (11, 12, 2), (12, 6, 2), (12, 6, 2), (12, 12, 2), (12, 12, 2), (12, 5, 2), (11, 12, 2), (12, 12, 2), (11, 5, 2), (12, 5, 2), (11, 12, 2), (12, 12, 2), (12, 5, 2), (12, 12, 2), (11, 12, 2), (12, 12, 2)]"
"(19, 29, 16, 0)","[(6, 0, 2)]"
"(19, 34, 23, 0)","[(12, 0, 2), (12, 0, 2)]"
"(19, 39, 7, 0)","[('?', 6, 2), ('?', 10, 2), ('?', 5, 2), ('?', 13, 2), ('?', 5, 2), ('?', 6, 2), ('?', 5, 2), ('?', 5, 2), ('?', 11, 2), ('?', 10, 2), ('?', 5, 2), ('?', 6, 2), ('?', 5, 2), ('?', 5, 2), ('?', 5, 2), (8, 10, 2), ('?', 6, 2), ('?', 13, 2)]"
"(19, 39, 23, 0)","[(11, 10, 2), (11, 11, 2), (11, 10, 2), (11, 11, 2), (12, 1, 2), (11, '?', 2), (11, 10, 2), (11, '?', 2), (12, 5, 2), (11, '?', 2), (11, 11, 2), (12, '?', 2), (11, 5, 2), (12, 6, 2), (12, 6, 2), (11, 5, 2), (11, 5, 2), (12, 5, 2), (12, 5, 2), (11, 6, 2), (11, '?', 2), (11, 6, 2), (11, 6, 2), (11, 5, 2), (11, '?', 2), (11, '?', 2), (11, 10, 2), (11, 10, 2), (11, 11, 2), (12, 6, 2), (11, 10, 2), (11, 10, 2), (11, 6, 2), (12, 1, 2), (12, 1, 2), (11, 10, 2)]"
"(19, 39, 39, 0)","[('?', 10, 2), ('?', 11, 2), ('?', 10, 2), ('?', 10, 2), ('?', 10, 2), ('?', 10, 2), ('?', 11, 2)]"
"(19, 39, 43, 0)","[(7, 11, 2), (10, 11, 2), (2, 13, 2), (2, 13, 2), (7, 6, 2), (10, 1, 2), (10, 13, 2), (15, 11, 2), (10, 5, 2), (15, 1, 2), (2, 1, 2), (2, 1, 2), (2, 5, 2), (2, 5, 2), (10, 1, 2), (2, 5, 2), (2, 13, 2), (7, 6, 2), (7, 1, 2), (10, 1, 2), (15, 13, 2), (15, 1, 2), (15, 1, 2), (10, 13, 2), (15, 13, 2), (10, 1, 2), (2, 1, 2), (15, 13, 2), (2, 5, 2), (7, 13, 2), (10, 12, 2), (2, 1, 2), (7, 12, 2), (2, 5, 2), (10, 6, 2), (7, 1, 2), (7, 11, 2), (10, 5, 2), (2, 5, 2), (10, 1, 2), (10, 6, 2), (10, 13, 2), (7, 13, 2), (10, 5, 2), (7, 11, 2), (10, 11, 2), (7, 6, 2), (7, 11, 2), (10, 5, 2), (10, 12, 2), (7, 1, 2)]"
"(19, 40, 23, 0)","[(10, 0, 2), (12, 1, 2), (12, 1, 2), (12, 13, 2), (12, 13, 2), (12, 1, 2)]"
"(19, 40, 43, 0)","[(15, 11, 2), (2, 1, 2), (2, 1, 2), (2, 13, 2), (10, 13, 2), (15, 11, 2), (7, 11, 2), (2, 1, 2), (7, 13, 2), (15, 1, 2), (10, 1, 2), (10, 1, 2), (10, 13, 2), (7, 1, 2), (7, 11, 2), (15, 11, 2), (2, 9, 2), (10, 11, 2), (15, 1, 2), (2, 13, 2), (10, 13, 2), (10, 13, 2), (7, 11, 2), (7, 13, 2), (7, 13, 2), (15, 13, 2), (7, 13, 2), (7, 1, 2), (7, 13, 2), (2, 1, 2), (2, 1, 2), (10, 13, 2), (10, 11, 2), (10, 11, 2), (15, 13, 2), (15, 11, 2), (2, 13, 2), (15, 11, 2), (15, 13, 2), (15, 1, 2), (15, 11, 2), (15, 11, 2)]"
"(19, 41, 16, 0)","[(6, 0, 2)]"
"(19, 43, 43, 0)","[(2, 5, 2), (10, 12, 2), (10, 5, 2), (2, 5, 2), (15, 12, 2), (15, 12, 2), (15, 12, 2), (7, 5, 2), (7, 5, 2), (15, 12, 2), (7, 12, 2), (10, 6, 2), (7, 12, 2), (15, 12, 2), (10, 5, 2), (7, 5, 2), (10, 12, 2), (7, 12, 2), (10, 12, 2), (7, 6, 2), (7, 12, 2), (2, 5, 2), (10, 6, 2), (10, 5, 2), (7, 12, 2), (10, 6, 2), (10, 5, 2), (15, 12, 2), (7, 12, 2), (7, 5, 2), (7, 6, 2), (2, 5, 2), (7, 6, 2), (7, 6, 2), (7, 6, 2), (7, 5, 2), (10, 5, 2)]"
"(19, 44, 16, 0)","[(6, 0, 2), (6, 0, 2), (6, 0, 2), (6, 0, 2)]"
"(19, 45, 12, 0)","[('?', 11, 2), (8, 0, 2)]"
"(19, 45, 23, 0)","[(12, 0, 2), (15, 0, 2), (11, 11, 2)]"
"(20, 11, 11, 0)","[(8, 13, 10), (8, '?', 10), (8, 14, 10), (8, 2, 10), (8, 15, 10), (8, 14, 10), (8, 7, 10), (8, '?', 10), (8, '?', 10), (8, 14, 10), (8, 2, 10), (8, 13, 10), (8, '?', 10), (8, '?', 10), (8, 1, 10), (8, 2, 10), (8, '?', 10), (8, 7, 10)]"
"(20, 11, 17, 0)","[(8, 15, 10), (8, 4, 10), (8, 3, 10), (8, 3, 10), (8, 3, 10), (8, 15, 10), (8, 3, 10), (8, 4, 10), (8, 14, 10), (8, 4, 10), (8, 3, 10), (8, 15, 10), (8, 4, 10), (8, 2, 10), (8, 3, 10), (8, 2, 10), (8, 7, 10), (8, 4, 10), (8, 2, 10), (8, 15, 10), (8, 3, 10), (8, 2, 10), (8, 3, 10), (8, 3, 10), (8, 14, 10), (8, 4, 10), (8, 14, 10), (8, 14, 10), (8, 2, 10), (8, 15, 10)]"
"(20, 14, 11, 0)","[(1, '?', 10), (1, '?', 10), (1, 2, 10), (1, 1, 10), (6, 7, 10), (1, 1, 10), (6, '?', 10), (1, 13, 10), (6, '?', 10), (1, '?', 10), (6, 1, 10), (6, 7, 10), (1, 13, 10), (6, '?', 10), (1, '?', 10), (6, '?', 10), (1, 3, 10), (1, 13, 10), (6, 7, 10), (6, 1, 10), (6, '?', 10), (6, '?', 10), (1, 1, 10), (6, 1, 10), (1, '?', 10), (1, '?', 10), (6, '?', 10), (6, 1, 10), (6, '?', 10), (1, '?', 10), (8, 13, 10), (1, '?', 10), (6, '?', 10)]"
"(20, 14, 14, 0)","[(3, '?', 10), (0, 2, 10), (14, 13, 10), (3, 13, 10), (0, 1, 10), (3, 13, 10), (0, '?', 10), (0, 8, 10), (0, 13, 10), (13, 14, 10), (3, 1, 10), (3, 2, 10), (3, 2, 10), (13, 6, 10), (0, 13, 10), (0, '?', 10), (3, 8, 10), (0, 14, 10), (0, 2, 10), (14, 1, 10), (0, 14, 10), (3, 9, 10), (0, 1, 10), (0, 2, 10), (3, 1, 10), (13, '?', 10), (3, 9, 10), (14, 5, 10), (14, 9, 10), (14, 13, 10), (3, '?', 10), (3, 5, 10), (3, '?', 10), (13, '?', 10), (13, '?', 10), (13, 13, 10), (14, 1, 10), (14, 1, 10), (3, 1, 10), (3, 9, 10), (0, '?', 10), (14, 1, 10), (0, '?', 10), (14, 1, 10), (0, 13, 10), (13, 13, 10), (3, 2, 10), (0, 8, 10), (13, 5, 10), (3, 2, 10), (0, 15, 10), (0, '?', 10), (13, 13, 10), (3, 9, 10), (3, 6, 10), (13, 9, 10), (0, 7, 10), (3, 11, 10), (3, 6, 10), (3, '?', 10), (14, 6, 10), (0, 6, 10), (13, 6, 10), (0, 14, 10), (13, '?', 10), (3, 5, 10), (0, 8, 10), (0, 7, 10), (0, 14, 10), (13, '?', 10), (14, 1, 10), (3, 13, 10), (3, '?', 10), (13, 13, 10), (13, '?', 10), (0, 2, 10), (13, 14, 10), (13, 4, 10), (13, 6, 10), (3, 2, 10), (3, 3, 10), (0, 15, 10), (0, 12, 10), (13, 9, 10), (0, 13, 10), (3, 9, 10), (0, '?', 10), (3, 3, 10), (3, '?', 10), (13, 15, 10), (13, 8, 10), (3, 1, 10), (13, 13, 10), (13, 3, 10), (0, 15, 10), (14, 13, 10), (0, 13, 10), (14, 9, 10), (14, 8, 10), (3, '?', 10), (14, 13, 10), (0, 7, 10), (3, 1, 10), (14, 8, 10), (0, 2, 10), (13, 14, 10), (3, 4, 10), (3, 3, 10), (3, '?', 10), (3, 4, 10), (0, 14, 10), (0, 13, 10), (0, 4, 10), (14, 8, 10), (3, 1, 10)]"
"(20, 14, 17, 0)","[(1, 14, 10), (6, 4, 10), (6, 8, 10), (6, 4, 10), (6, 4, 10), (6, 8, 10), (6, 4, 10), (6, 7, 10), (6, 14, 10), (6, 14, 10), (6, 3, 10), (6, 8, 10), (1, 7, 10), (1, 3, 10), (1, 8, 10), (1, 7, 10), (1, 2, 10), (6, 15, 10), (6, 15, 10), (6, 3, 10), (6, 3, 10), (6, 15, 10), (6, 3, 10), (1, 14, 10), (1, 14, 10), (1, 8, 10), (1, 8, 10), (6, 3, 10), (1, 7, 10), (1, 4, 10), (6, 4, 10), (6, 7, 10), (1, 14, 10), (6, 2, 10), (6, 3, 10), (6, 14, 10), (6, 7, 10), (6, 7, 10), (6, 15, 10), (6, 15, 10), (1, 14, 10), (6, 15, 10), (1, 7, 10), (6, 3, 10), (1, 14, 10), (1, 8, 10), (6, 14, 10), (1, 3, 10), (1, 14, 10), (6, 8, 10), (1, 14, 10), (1, 3, 10), (1, 2, 10)]"
"(20, 14, 18, 0)","[(5, '?', 10), (5, 9, 10), (5, 7, 10), (5, '?', 10), (5, 7, 10), (5, 8, 10), (5, '?', 10), (5, 12, 10), (5, 6, 10), (5, 7, 10), (5, 7, 10), (3, 8, 10), (5, 5, 10), (5, 7, 10), (5, '?', 10), (5, 9, 10), (5, 9, 10), (5, 9, 10), (5, '?', 10), (5, 14, 10), (5, 9, 10), (5, 5, 10), (5, 7, 10), (3, 2, 10), (5, '?', 10), (5, 13, 10), (5, 13, 10), (8, 6, 10), (5, 6, 10), (5, 9, 10), (5, 6, 10), (5, 7, 10), (5, 12, 10), (5, '?', 10), (5, 11, 10)]"
"(20, 14, 20, 0)","[(0, 1, 10), (13, 3, 10)]"
"(20, 14, 25, 0)","[(0, 15, 10), (13, 15, 10)]"
"(20, 14, 35, 0)","[(3, 5, 10), (14, 5, 10), (3, 5, 10), (13, 5, 10)]"
"(20, 14, 50, 0)","[(5, 2, 10), (5, 3, 10)]"
"(20, 14, 51, 0)","[(5, 4, 10), (5, 15, 10), (5, 4, 10), (14, 7, 10), (13, 15, 10), (14, 14, 10), (5, 8, 10), (14, 14, 10), (13, 4, 10), (5, 3, 10), (5, 15, 10), (14, 4, 10), (13, 7, 10), (5, 3, 10), (3, 4, 10), (5, 15, 10), (3, 3, 10), (13, 7, 10), (14, 14, 10), (3, 8, 10), (0, 4, 10), (14, 8, 10), (13, 15, 10), (0, 14, 10), (5, 15, 10), (3, 3, 10), (5, 2, 10), (5, 3, 10), (5, 14, 10), (13, 15, 10), (13, 8, 10), (3, 4, 10), (13, 15, 10), (5, 14, 10), (5, 2, 10), (14, 7, 10), (13, 4, 10), (5, 4, 10), (3, 8, 10), (13, 8, 10), (0, 15, 10), (0, 8, 10), (14, 4, 10), (0, 14, 10), (0, 7, 10), (14, 7, 10), (5, 2, 10), (5, 14, 10), (3, 8, 10), (14, 14, 10), (14, 7, 10), (13, 3, 10), (14, 4, 10), (13, 15, 10), (14, 14, 10), (14, 4, 10), (5, 2, 10), (13, 8, 10), (0, 3, 10), (3, 4, 10), (0, 3, 10), (0, 3, 10), (5, 4, 10), (5, 2, 10), (14, 4, 10), (5, 4, 10), (0, 14, 10), (13, 3, 10), (14, 4, 10), (5, 4, 10), (0, 8, 10), (3, 8, 10), (14, 4, 10), (5, 4, 10), (14, 14, 10), (5, 14, 10), (5, 15, 10), (14, 7, 10), (5, 8, 10), (5, 15, 10)]"
"(20, 18, 11, 0)","[(8, 11, 10), (8, 1, 10), (8, 11, 10), (8, 1, 10), (8, '?', 10), (8, 13, 10), (8, 13, 10), (8, 6, 10), (1, 5, 10), (8, 1, 10), (8, 13, 10), (8, 1, 10), (8, 6, 10), (8, 1, 10), (8, 13, 10), (8, '?', 10), (8, 11, 10)]"
"(20, 18, 18, 0)","[(5, 11, 10)]"
"(20, 20, 20, 0)","[(13, '?', 1), (3, 1, 1), (3, '?', 1), (14, '?', 1), (3, 2, 1), (3, 2, 1), (3, 2, 1), (0, 2, 1), (3, '?', 1), (14, '?', 1), (14, 9, 1), (3, '?', 1), (14, '?', 1), (13, '?', 1), (13, 1, 1), (0, '?', 1), (14, '?', 1), (13, 9, 1), (0, 8, 1), (3, 2, 1), (13, 9, 1), (0, 8, 1), (0, '?', 1), (3, 2, 1), (0, '?', 1), (3, 8, 1), (3, '?', 1), (14, 2, 1), (3, 9, 1), (3, 2, 1), (0, '?', 1), (13, 1, 1), (13, 9, 1), (3, 6, 1), (3, 1, 1), (3, 2, 1), (0, 9, 1), (0, '?', 1), (0, 1, 1), (3, '?', 1), (13, '?', 1), (3, '?', 1), (0, '?', 1), (3, 1, 1), (14, 9, 1), (3, 9, 1), (0, 1, 1), (3, 14, 1), (13, 13, 1), (13, 1, 1), (13, '?', 1), (0, 2, 1), (14, '?', 1), (13, '?', 1), (14, '?', 1), (0, '?', 1), (3, '?', 1), (0, 13, 1), (0, '?', 1), (3, '?', 1), (13, 1, 1), (13, '?', 1), (13, 13, 1), (3, 9, 1), (3, '?', 1)]"
"(20, 20, 25, 0)","[(14, 2, 1), (14, 8, 1), (14, 8, 1), (14, 4, 1), (3, 14, 1), (13, 4, 1), (0, 8, 1), (0, 8, 1), (14, 15, 1), (0, 4, 1), (0, 15, 1), (0, 3, 1), (13, 4, 1), (14, 3, 1), (0, 15, 1), (3, 14, 1), (14, 4, 1), (13, 7, 1), (3, 15, 1), (0, 8, 1), (3, 7, 1), (14, 4, 1), (14, 15, 1), (13, 8, 1), (3, 15, 1), (0, 8, 1), (14, 2, 1), (14, 2, 1), (14, 15, 1), (0, 4, 1), (13, 4, 1), (13, 8, 1), (13, 7, 1), (13, 3, 1), (14, 3, 1), (14, 15, 1), (13, 14, 1), (13, 4, 1), (3, 7, 1), (0, 3, 1), (13, 8, 1), (13, 4, 1), (13, 3, 1), (13, 15, 1), (14, 2, 1), (14, 3, 1), (13, 14, 1), (13, 7, 1), (0, 4, 1), (14, 15, 1), (3, 7, 1), (14, 8, 1), (13, 4, 1), (13, 8, 1), (3, 14, 1), (13, 14, 1), (14, 3, 1), (3, 15, 1), (3, 7, 1), (14, 8, 1), (3, 14, 1), (0, 15, 1), (14, 2, 1), (14, 3, 1), (3, 2, 1), (0, 3, 1), (0, 3, 1), (14, 2, 1), (13, 15, 1), (13, 15, 1), (0, 4, 1), (3, 2, 1), (13, 8, 1), (14, 15, 1), (13, 14, 1), (13, 3, 1), (3, 15, 1), (14, 7, 1), (0, 15, 1), (0, 3, 1), (3, 14, 1), (13, 4, 1), (13, 8, 1)]"
"(20, 20, 35, 0)","[(0, 1, 1), (0, 13, 1), (3, 1, 1), (3, 6, 1), (3, 1, 1), (13, 1, 1), (0, 13, 1), (3, 1, 1), (13, 13, 1), (0, 6, 1), (3, 1, 1), (13, 1, 1), (0, 6, 1), (14, 6, 1)]"
"(20, 20, 38, 0)","[(6, 9, 1), (1, 5, 1), (6, 9, 1), (1, 5, 1), (6, 1, 1), (6, 7, 1), (1, 1, 1), (6, '?', 1), (6, '?', 1), (6, 1, 1), (6, 2, 1), (6, 3, 1), (6, 7, 1), (6, '?', 1), (6, '?', 1), (1, 6, 1), (6, 1, 1), (6, '?', 1), (1, 1, 1), (1, 1, 1)]"
"(20, 20, 49, 0)","[(5, '?', 1), (5, 1, 1), (5, 6, 1), (5, 11, 1), (5, 1, 1), (5, 13, 1), (5, 11, 1), (5, 11, 1)]"
"(20, 20, 50, 0)","[(5, 8, 1), (5, 8, 1), (5, 9, 1), (5, '?', 1), (5, 1, 1), (5, 9, 1), (5, 13, 1), (5, 7, 1), (5, 13, 1), (5, '?', 1), (5, 2, 1), (5, 15, 1), (5, 7, 1), (5, 1, 1), (5, 3, 1), (5, 6, 1), (5, 8, 1), (5, 9, 1), (5, 2, 1), (5, 7, 1), (5, 7, 1), (5, 3, 1), (5, 1, 1), (5, 2, 1), (5, 14, 1), (5, '?', 1), (5, 1, 1), (5, '?', 1), (5, 2, 1), (5, 2, 1), (5, 1, 1), (5, 6, 1), (5, 1, 1), (5, 9, 1), (5, 7, 1), (5, 2, 1), (5, 13, 1), (5, '?', 1), (5, 8, 1), (5, 8, 1), (5, 7, 1), (5, 8, 1), (5, 6, 1), (5, 13, 1), (14, 4, 1), (5, '?', 1), (5, 6, 1)]"
"(20, 20, 51, 0)","[(6, 4, 1), (6, 4, 1), (6, 7, 1), (1, 15, 1), (1, 14, 1), (1, 4, 1), (6, 7, 1), (6, 14, 1), (6, 14, 1), (1, 14, 1), (5, 14, 1), (6, 7, 1), (1, 15, 1), (6, 7, 1), (1, 4, 1), (1, 14, 1), (6, 7, 1), (1, 14, 1), (5, 14, 1), (1, 4, 1), (6, 3, 1), (6, 7, 1), (6, 7, 1), (6, 14, 1), (1, 4, 1), (6, 4, 1), (6, 2, 1), (6, 14, 1), (1, 4, 1), (1, 14, 1), (1, 15, 1)]"
"(20, 26, 11, 0)","[(1, 2, 10)]"
"(20, 35, 11, 0)","[(1, 11, 10), (6, 5, 10), (6, 11, 10), (6, 11, 10), (6, 6, 10), (6, 6, 10), (1, 11, 10), (6, 11, 10), (6, 6, 10), (6, 11, 10), (1, 11, 10), (6, 6, 10), (1, 6, 10), (6, 11, 10), (1, 11, 10), (1, 11, 10), (1, 5, 10), (1, 11, 10)]"
"(20, 35, 14, 0)","[(14, 11, 10), (0, 11, 10), (13, 12, 10), (3, 10, 10), (3, 11, 10), (0, 5, 10), (13, 12, 10), (14, 12, 10), (13, 5, 10), (13, 5, 10), (14, 12, 10), (14, 5, 10), (14, 5, 10), (13, 6, 10), (13, 12, 10), (14, 12, 10), (3, 11, 10), (14, 12, 10), (0, 12, 10), (3, 6, 10), (13, 12, 10), (14, 5, 10), (13, 11, 10), (13, 12, 10), (13, 6, 10), (3, 10, 10), (13, 11, 10), (14, 5, 10), (14, 5, 10), (13, 11, 10), (0, 5, 10), (14, 11, 10), (14, 12, 10), (0, 11, 10), (3, 11, 10), (3, 10, 10), (3, 10, 10), (14, 11, 10), (0, 11, 10), (0, 5, 10), (13, 11, 10), (13, 11, 10), (3, 11, 10), (13, 12, 10), (3, 11, 10), (14, 11, 10), (13, 11, 10)]"
"(20, 35, 18, 0)","[(1, 6, 10), (6, 10, 10), (6, 10, 10), (5, 12, 10), (1, 6, 10), (6, 10, 10), (6, 10, 10), (6, 10, 10), (6, 6, 10), (5, 12, 10), (5, 10, 10), (5, 12, 10), (5, 11, 10), (6, 10, 10), (5, 10, 10), (1, 6, 10), (5, 5, 1), (5, 11, 10), (5, 12, 10), (5, 10, 10), (5, 5, 10), (5, 10, 10), (5, 5, 10), (5, 10, 10), (5, 10, 10), (6, 10, 10), (6, 10, 10)]"
"(20, 35, 20, 0)","[(0, 11, 1), (0, 6, 1), (0, 1, 1), (13, 13, 1), (0, 9, 1), (3, 1, 1), (0, 6, 1), (13, 13, 1), (0, 13, 1), (13, 6, 1), (13, 1, 1), (0, 11, 1), (13, 10, 1), (13, 5, 1), (0, 9, 1), (13, 13, 1), (13, 12, 1), (3, 5, 1), (0, 10, 1), (13, 6, 1), (0, 1, 1), (14, 5, 1), (0, 10, 1), (13, 9, 1), (13, 5, 1), (0, 6, 1), (13, 10, 1), (0, 10, 1), (3, 5, 1), (0, 11, 1), (0, 10, 1), (13, 6, 1), (0, 6, 1), (13, 11, 1), (13, 5, 1), (13, 12, 1), (14, 9, 1), (3, 12, 1), (3, 12, 1), (13, 6, 1), (13, 6, 1), (3, 11, 1), (0, 13, 1), (0, 11, 1), (13, 11, 1), (3, 12, 1), (0, 5, 1), (3, 11, 1), (13, 10, 1)]"
"(20, 35, 35, 0)","[(13, 6, 1), (13, 5, 1), (14, 10, 1), (14, 10, 1), (14, 11, 1), (3, 5, 1), (0, 10, 1), (0, 11, 1), (14, 6, 1), (3, 11, 1), (14, 5, 1), (14, 11, 1), (14, 12, 1), (0, 5, 1), (3, 11, 1), (0, 10, 1), (3, 12, 1), (3, 5, 1), (3, 12, 1), (13, 6, 1), (3, 9, 1), (13, 10, 1), (14, 11, 1), (13, 11, 1), (3, 11, 1), (3, 11, 1), (3, 11, 1), (14, 12, 1), (14, 6, 1), (3, 5, 1), (3, 10, 1), (0, 5, 1), (3, 11, 1), (14, 12, 1), (14, 10, 1), (13, 11, 1), (13, 12, 1), (0, 10, 1), (13, 11, 1), (13, 11, 1), (0, 11, 1), (13, 11, 1), (3, 10, 1), (14, 10, 1), (13, 5, 1), (3, 10, 1), (13, 12, 1), (14, 11, 1), (3, 5, 1), (3, 12, 1), (13, 12, 1)]"
"(20, 35, 38, 0)","[(6, 10, 1), (6, 11, 1), (1, 6, 1), (6, 10, 1), (6, 5, 10), (6, 9, 1), (6, 11, 1), (1, 6, 1), (6, 10, 1), (1, 6, 1), (6, 6, 1), (1, 5, 1), (6, 13, 1), (1, 5, 1), (6, 10, 1), (6, 13, 1), (6, 13, 1), (1, 12, 1), (1, 10, 1), (6, 6, 1), (1, 10, 1), (6, 10, 1), (6, 11, 1), (6, 10, 10), (1, 10, 1), (6, 1, 1), (6, 11, 1), (1, 12, 1), (1, 5, 1), (6, 6, 1), (1, 12, 1), (1, 12, 1), (1, 10, 1), (6, 5, 10), (1, 10, 1), (6, 6, 1), (6, 11, 1), (1, 10, 1), (6, 13, 1), (6, 10, 1), (1, 5, 1), (1, 12, 1), (1, 10, 1)]"
"(20, 35, 49, 0)","[(5, 10, 1), (5, 11, 1), (5, 11, 1), (5, 5, 1), (5, 11, 1), (5, 13, 1), (5, 13, 1), (5, 12, 1), (5, 12, 1), (5, 12, 1), (5, 10, 1), (5, 13, 1), (5, 5, 1), (5, 12, 1), (5, 5, 1), (5, 5, 1), (5, 12, 1)]"
"(20, 35, 50, 0)","[(5, '?', 1), (5, 12, 1), (5, 11, 1), (5, 12, 1), (5, 6, 1)]"
"(20, 49, 38, 0)","[(1, 1, 1)]"
"(20, 50, 38, 0)","[(1, 1, 1)]"
"(20, 50, 50, 0)","[(5, 9, 1)]"
"(20, 51, 51, 0)","[(1, 15, 1)]"
"(21, 4, 7, 0)","[(8, 8, 5)]"
"(21, 7, 7, 0)","[(8, 15, 5), (8, 14, 5), (8, 15, 5), (8, 7, 5), (8, 15, 5), (8, 8, 5), (8, 8, 5), (8, 3, 5), (8, 2, 5), (8, 4, 5), (8, 2, 5), (8, 15, 5), (8, 3, 5), (8, 3, 5), (8, 3, 5), (8, 4, 5), (8, 14, 5), (8, 14, 5), (8, 14, 5), (8, 14, 5), (8, 4, 5), (8, 8, 5), (8, '?', 5), (8, '?', 5), ('?', 7, 5), (8, 14, 5), (8, 7, 5), (8, 14, 5), (8, 7, 5), (8, 7, 5), (8, '?', 5), (8, 15, 5), (8, 15, 5), (8, 2, 5)]"
"(21, 8, 8, 0)","[(13, 1, 5), (3, 6, 5), (0, 13, 5), (14, 6, 5), (0, 6, 5)]"
"(21, 8, 12, 0)","[(1, 13, 5)]"
"(21, 16, 12, 0)","[(6, 12, '?'), (1, 12, '?'), (1, 12, '?'), (1, 12, '?')]"
"(21, 16, 16, 0)","[(5, 10, 5), (5, 10, 5), (5, 11, 5), (5, 5, '?')]"
"(21, 19, 7, 0)","[(8, 11, 5), (8, 9, 5), (8, 9, 5), (8, 9, 5), (8, 11, 5), (8, 9, 5), (8, 9, 5), (8, 11, 5), (8, 11, 5), (8, 13, 5), (8, 11, 5), (8, 9, 5), (8, 5, 5), (8, 12, 5), (8, 13, 5), (8, 13, 5), (8, 13, 5), (8, 13, 5), (8, 11, 5), (8, 11, 5), (8, 12, 5), (8, 5, 5), (8, 6, 5), (8, 9, 5)]"
"(21, 19, 12, 0)","[(1, 1, 5), (1, 1, 5), (1, 1, 5)]"
"(21, 19, 39, 0)","[(8, 6, 5), (8, 6, 5), (8, 6, 5), (8, 6, 5), (8, 6, 5), (8, 6, 5), (8, 6, 5), (8, 6, 5)]"
"(21, 21, 12, 0)","[(6, 11, 5)]"
"(21, 21, 16, 0)","[(1, 10, 5), (5, 11, 5), (1, 10, 5), (5, 10, 5), (5, 10, 5)]"
"(21, 21, 21, 0)","[(0, 10, 12), (13, 10, 12), (13, 10, 5), (13, 10, 12), (14, 10, 12), (14, 10, 12), (14, 11, 5), (14, 10, '?'), (14, 10, 5), (13, 10, 12), (0, 10, '?'), (13, 10, 12), (13, 5, 5), (13, 5, 13), (3, 10, 5), (13, 10, 5), (0, 10, 12), (14, 12, 5), (14, 11, 5), (3, 10, 12), (14, 11, 5), (13, 10, 12), (13, 11, 5), (13, 12, 5), (0, 11, 5), (0, 11, 5), (3, 10, 12), (13, 10, 12), (14, 12, 12), (3, 10, 5), (3, 12, 5), (3, 10, 5), (14, 10, 5), (13, 10, 5), (3, 10, 5), (0, 10, 12), (14, 10, 12), (3, 11, 12), (3, 10, 12), (14, 12, 12), (13, 10, 5), (13, 10, 12), (14, 10, 12), (3, 10, 5), (14, 11, 12), (14, 10, 12), (14, 10, 5), (3, 10, 12)]"
"(21, 21, 26, 0)","[(14, 11, 5), (0, 11, 5), (0, 11, 5), (14, 11, 5), (14, 11, 5), (14, 10, 5), (14, 11, 12)]"
"(21, 21, 41, 0)","[(14, 10, 9), (14, 10, 9)]"
"(21, 26, 12, 0)","[(6, 5, 9), (1, 12, 9)]"
"(21, 29, 4, 0)","[(14, 4, 5), (5, 3, 5), (5, 4, 5), (5, 8, 5), (5, 2, 5), (14, 4, 5), (5, 3, 5), (5, 8, 5), (5, 7, 5)]"
"(21, 29, 7, 0)","[(6, 14, 5)]"
"(21, 29, 8, 0)","[(0, 6, 5), (3, 13, 5), (0, 13, 5), (0, 13, 5), (3, 13, 5), (3, 6, 5), (0, 13, 5), (13, 13, 5), (0, 13, 5), (3, 13, 5), (13, 13, 5), (3, 13, 5), (3, 13, 5), (0, 13, 5)]"
"(21, 29, 12, 0)","[(1, 12, 5), (1, 12, 5), (1, 1, 5), (6, 11, 5), (6, 11, 5), (6, 12, 13), (1, 12, 5), (1, 11, 5), (6, 5, 5), (1, 5, 5), (1, 13, 5), (6, 12, 5), (1, 12, 5), (6, 11, 5), (1, 5, 12), (6, 11, 12), (1, 12, 5), (1, 5, 12), (6, 12, 5), (6, 12, 13), (1, 5, 5), (6, 5, 13), (6, 11, 5), (1, 13, 5), (1, 11, 5), (6, 11, 5), (1, 11, 5), (6, 12, 5), (6, 5, 5), (6, 11, 5), (1, 13, 5), (6, 11, 5), (6, 12, 5), (1, 12, 5), (1, 13, 5), (1, 11, 5), (6, 11, 5)]"
"(21, 29, 16, 0)","[(5, 6, 5), (5, 11, 5), (1, 10, 5), (1, 10, 5), (5, 9, 5), (5, 11, 5), (1, 10, 5), (5, 10, 12), (5, 9, 5)]"
"(21, 29, 19, 0)","[(1, 6, 5), (5, 1, 5), (5, 1, 5), (5, 1, 5), (1, 6, 5), (5, 13, 5), (5, 9, 5), (5, 1, 5), (1, 6, 5), (5, 9, 5), (5, 1, 5), (1, 6, 5), (5, 9, 5), (1, 6, 5), (5, 13, 5), (1, 6, 5), (5, 6, 5), (5, 6, 5)]"
"(21, 29, 21, 0)","[(13, 11, 5), (3, 5, 5), (0, 12, 5), (13, 11, 5), (3, 11, 5), (3, 5, 5), (14, 11, 5), (3, 11, 5), (3, 12, 5), (14, 10, 5), (3, 10, 12), (3, 11, 5), (14, 11, 5), (0, 11, 5), (3, 11, 5), (3, 11, 5), (3, 5, 5), (3, 11, 5), (13, 11, 5), (13, 11, 5), (3, 11, 5), (0, 11, 5), (0, 11, 12), (3, 5, 5), (3, 11, 12), (14, 11, 5)]"
"(21, 29, 29, 0)","[(0, 3, 5), (14, 14, 5), (14, 4, 5), (0, 8, 5), (14, 14, 5), (3, 4, 5), (0, 8, 5), (0, 4, 5), (14, 2, 5), (3, 7, 5), (14, 7, 5), (0, 4, 5), (3, 4, 5), (3, 7, 5), (3, 4, 5), (3, 4, 5), (14, 7, 5), (0, 2, 5), (0, 4, 5), (14, 7, 5), (14, 7, 5), (3, 4, 5), (0, 2, 5), (0, 2, 5), (0, 4, 5), (3, 4, 5), (13, 8, 5), (0, 2, 5), (14, 2, 5), (3, 7, 5), (0, 7, 5), (14, 2, 5), (14, 7, 5)]"
"(21, 29, 40, 0)","[(1, 8, 5), (6, 3, 5), (6, 8, 5), (6, 2, 5), (1, 8, 5), (6, 14, 5), (1, 7, 5), (1, 8, 5), (1, 4, 5), (1, 4, 5), (6, 2, 5), (6, 14, 5), (1, 4, 5), (1, 8, 5), (6, 8, 5), (1, 4, 5), (1, 4, 5), (6, 14, 5), (6, 2, 5), (1, 7, 5), (1, 2, 5), (1, 8, 5), (6, 3, 5), (6, 7, 5), (6, 14, 5), (6, 8, 5), (1, 7, 5), (1, 7, 5), (1, 14, 5), (6, 2, 5), (1, 2, 5)]"
"(21, 29, 41, 0)","[(0, 12, 12)]"
"(21, 29, 44, 0)","[(0, 1, 5), (14, 9, 5), (0, 1, 5), (14, 9, 5), (3, 9, 5), (3, 9, 5), (0, 9, 5), (3, 9, 5), (3, 9, 5), (0, 9, 5), (0, 9, 5), (14, 9, 5), (0, 1, 5), (3, 9, 5), (14, 9, 5), (14, 9, 5), (14, 9, 5), (14, 9, 5), (3, 9, 5), (0, 1, 5), (3, 9, 5)]"
"(21, 29, 47, 0)","[(5, 14, 5)]"
"(21, 34, 7, 0)","[(8, 5, 5), (8, 5, 5), (8, 5, 12), (8, 12, 5), (8, 5, 5), (8, 5, 5), (8, 5, 5), (8, 11, 5)]"
"(21, 34, 12, 0)","[(1, 12, 5), (1, 12, 5)]"
"(21, 39, 7, 0)","[(8, 2, 5), (8, 2, 5), (8, 9, 5), (8, '?', 5), (8, '?', 5), (8, '?', 5), (8, 4, 5), (8, 11, 5), (8, '?', 5), (8, 4, 5), (8, '?', 5), (8, 12, 5), (8, 12, 5), (8, 11, 2), (8, 12, 5), (8, 12, 5), (8, 11, 5), (8, 4, 5), (8, 10, 2), (8, 5, 5)]"
"(21, 40, 7, 0)","[(8, 4, 5), (8, 7, 5), (8, 2, 5), (8, 3, 5), (8, 14, 5), (8, 4, 5), (8, 2, 5), (8, 4, 5), (8, 7, 5), (8, 8, 5), (8, 8, 5), (8, 3, 5), (8, 15, 5), (8, 8, 5), (8, 15, 5), (8, 3, 5), (8, 8, 5), (8, 7, 5)]"
"(21, 41, 4, 0)","[(5, '?', 5), (14, 4, 5), (14, 4, 5), (14, 4, 5)]"
"(21, 41, 7, 0)","[(1, 2, 5)]"
"(21, 41, 8, 0)","[(3, 6, 5), (0, 13, 5), (13, 13, 5), (14, 6, 5), (0, 13, 5), (3, 6, 5), (3, 13, 5), (0, 6, 5), (0, 13, 5), (0, 6, 5), (13, 13, 5), (3, 13, 5), (14, 6, 5), (0, 6, 5), (14, 6, 5), (13, 1, 5), (0, 6, 5), (3, 6, 5), (13, 13, 5), (0, 6, 5), (3, 6, 5), (14, 6, 5), (0, 6, 5), (3, 6, 5), (13, 13, 5), (3, 13, 5), (14, 6, 5)]"
"(21, 41, 12, 0)","[(6, '?', 5), (6, 9, 5), (6, 9, 5), (6, '?', 5), (6, 5, 5), (1, 5, 5), (1, 5, 5), (1, 11, 5), (6, '?', 5), (6, 9, 5), (6, 12, 5), (1, 1, 5), (6, 5, 5), (6, 12, 5), (1, 5, 5), (1, 5, 5), (6, 5, 5), (6, '?', 5), (1, 11, 5), (1, 1, 5), (1, 11, 5), (1, 12, 5), (6, '?', 5), (6, '?', 5), (1, 1, 5), (1, 1, 5), (1, 5, 5), (6, 12, 5), (6, '?', 5), (6, '?', 5), (1, 5, 5), (6, 12, 5), (1, 5, 5), (1, 11, 5), (6, '?', 5)]"
"(21, 41, 16, 0)","[(5, 6, 5), (5, '?', 5), (1, 10, 5), (5, 11, 5), (5, 13, 5), (1, 10, 5), (5, 9, 5), (5, 13, 5), (5, 11, 5), (5, '?', 5), (5, 1, 5), (5, '?', 5), (5, 11, 5), (5, '?', 5), (5, 11, 5), (5, '?', 5), (5, 10, 5), (5, 1, 5), (5, 11, 9), (5, 10, 5), (1, 10, 5), (1, 10, 5), (5, 10, 5), (5, '?', 5), (5, 6, 5), (5, 6, 5), (5, 1, 5)]"
"(21, 41, 19, 0)","[(6, 6, 5), (5, 13, 5), (5, 1, 5), (6, 6, 5), (1, 6, 5), (6, 6, 5), (5, 13, 5), (6, 6, 5), (6, 6, 5), (1, 6, 5), (6, 6, 5), (6, 6, 5), (6, 6, 5), (5, 13, 5)]"
"(21, 41, 21, 0)","[(3, 11, 5), (0, 11, 5), (0, 11, 5), (3, 10, 5), (13, 12, 5), (13, 12, 5), (14, 11, 5), (3, 5, 5), (3, 10, 12), (14, 12, 5), (13, 12, 5), (14, 5, 5), (13, 11, 5), (0, 12, 5), (3, 10, 12), (3, 10, 5), (14, 11, 9), (14, 12, 5), (13, 11, 5), (13, 5, 5), (3, 10, 5), (3, 12, 5), (13, 10, 5), (14, 11, 9), (13, 10, 5), (14, 12, 9), (14, 10, 9), (14, 12, 5), (14, 11, 12), (13, 12, 5), (3, 12, 5), (0, 12, 5), (3, 12, 5), (14, 12, 5), (14, 12, 5), (14, 12, 5), (14, 12, 5), (3, 12, 5), (13, 10, 5), (13, 5, 5), (13, 5, 5), (3, 12, 5), (0, 12, 5), (13, 12, 5), (13, 12, 5), (13, 11, 5)]"
"(21, 41, 26, 0)","[(3, 11, 5), (13, 5, '?'), (14, 11, 9), (14, 11, 9)]"
"(21, 41, 29, 0)","[(3, 15, 5), (0, 7, 5), (0, 8, 5), (14, 2, 5), (13, 4, 5), (0, 3, 5), (13, 14, 5), (0, 4, 5), (14, 4, 5), (13, 4, 5), (14, 14, 5), (14, 15, 5), (3, 7, 5), (3, 7, 5), (0, 8, 5), (14, 2, 5), (0, 7, 5), (13, 14, 5), (13, 8, 5), (0, 15, 5), (13, 8, 5), (0, 14, 5), (0, 7, 5), (0, 7, 5), (0, 14, 5), (0, 8, 5), (13, 14, 5), (0, 3, 5), (14, 8, 5), (13, 4, 5), (0, 14, 5), (0, 2, 5), (14, 15, 5), (3, 7, 5), (0, 15, 5), (13, 14, 5), (0, 15, 5), (14, 14, 5), (0, 7, 5), (14, 7, 5), (3, 15, 5), (14, 15, 5), (0, 7, 5), (3, 7, 5), (0, 3, 5), (0, 14, 5), (3, 7, 5), (14, 7, 5), (13, 4, 5), (14, 8, 5), (14, 4, 5), (13, 14, 5), (0, 4, 5), (13, 2, 5), (0, 8, 5), (13, 8, 5), (0, 3, 5), (13, 4, 5), (3, 15, 5), (14, 15, 5), (13, 8, 5), (0, 3, 5), (13, 2, 5), (0, 15, 5), (14, 8, 5), (14, 2, 5), (13, 2, 5), (3, 15, 5), (13, 14, 5), (0, 7, 5), (14, 8, 5), (13, 4, 5), (0, 14, 5), (14, 8, 5), (14, 8, 5), (13, 2, 5), (13, 2, 5), (0, 8, 5), (13, 2, 5), (0, 2, 5), (0, 2, 5), (14, 2, 5), (0, 2, 5), (3, 15, 5), (14, 15, 5), (14, 7, 5), (14, 14, 5), (13, 8, 5), (0, 3, 5), (0, 7, 5), (14, 7, 5), (0, 14, 5), (0, 2, 5), (13, 14, 5), (0, 15, 5), (0, 14, 5), (14, 2, 5), (13, 2, 5)]"
"(21, 41, 39, 0)","[(6, 5, 5), (6, 6, 5)]"
"(21, 41, 40, 0)","[(6, 8, 5), (1, 7, 5), (6, 14, 5), (6, 7, 5), (1, 2, 5), (6, 15, 5), (6, 15, 5), (6, 8, 5), (1, 14, 5), (1, 7, 5), (6, 2, 5), (6, 7, 5), (1, 8, 5), (1, 8, 5), (6, 3, 5), (1, 8, 5), (6, 7, 5), (6, 15, 5), (6, 3, 5), (1, 4, 5), (6, 3, 5), (6, 2, 5), (1, 14, 5), (6, 8, 5), (6, 15, 5), (6, 3, 5), (1, 7, 5), (1, 2, 5), (6, 8, 5), (6, 7, 5), (1, 2, 5), (6, 8, 5), (1, 7, 5), (6, 3, 5), (6, 15, 5), (6, 15, 5), (6, 15, 5), (6, 2, 5), (1, 14, 5), (6, 7, 5), (1, 14, 5)]"
"(21, 41, 41, 0)","[(13, '?', 5), (13, '?', 5), (14, '?', 5), (13, '?', 5), (3, 9, 5), (13, 11, 5), (14, 6, 5), (0, 11, 5), (14, 5, 5), (0, 12, 5), (14, 5, 5), (0, 6, 5), (0, '?', 5), (14, 9, 5), (14, '?', 5), (14, '?', 5), (13, 1, 5), (14, '?', 5), (3, 6, 5), (3, 5, 5), (0, 9, 5), (13, '?', 5), (14, 5, 5), (0, '?', 5), (13, '?', 5), (14, 5, 5), (0, '?', 5), (13, 5, 5), (13, 1, 5), (14, 6, 5), (0, 9, 5), (3, 9, 5), (0, '?', 5), (13, 11, 5), (13, '?', 5), (14, '?', 5), (0, 9, 5), (0, 12, 5), (13, 1, 5), (0, '?', 5), (0, '?', 5), (0, 11, 5), (14, '?', 5), (13, 1, 5), (0, 9, 5), (14, '?', 5), (13, 5, 5), (13, '?', 5), (14, '?', 5), (14, '?', 5), (0, '?', 5), (13, '?', 5), (0, 1, 5), (14, '?', 5), (14, 9, 5)]"
"(21, 41, 44, 0)","[(13, '?', 5), (3, 9, 5), (0, 1, 5)]"
"(21, 41, 47, 0)","[(5, 2, 5), (5, 15, 5), (5, 15, 5), (5, 4, 5), (5, 15, 5), (5, 4, 5), (5, 4, 5), (5, 2, 5), (5, 8, 5), (5, 2, 5), (5, 15, 5), (5, 7, 5), (5, 14, 5), (5, 7, 5), (5, 14, 5), (5, 2, 5), (5, 7, 5), (5, 3, 5), (5, 15, 5), (5, 15, 5), (5, 15, 5), (5, 3, 5), (5, 7, 5), (5, 3, 5), (5, 14, 5), (5, 14, 5), (5, 2, 5), (5, 2, 5), (5, 3, 5), (5, 8, 5)]"
"(21, 44, 4, 0)","[(5, 14, 5), (5, 14, 5), (5, 14, 5), (5, 7, 5), (5, 14, 5), (14, 4, 5), (5, 3, 5), (5, 8, 5)]"
"(21, 44, 8, 0)","[(0, 6, 5), (13, 13, 5)]"
"(21, 44, 12, 0)","[(1, 1, 5), (1, 13, 5), (1, 1, 5)]"
"(21, 44, 16, 0)","[(5, 10, 5), (5, 6, 5), (5, 10, 5), (5, 10, 12), (5, 10, 12), (5, 10, 12)]"
"(21, 44, 21, 0)","[(14, 10, 12), (14, 10, 5), (3, 10, 5), (13, 5, 5)]"
"(21, 44, 29, 0)","[(3, 15, 5), (14, 14, 5), (3, 15, 5), (0, 14, 5), (0, 14, 5), (13, 8, 5), (13, 14, 5), (13, 4, 5), (14, 8, 5), (3, 15, 5), (13, 8, 5), (0, 15, 5), (0, 15, 5), (3, 15, 5), (13, 2, 5), (14, 15, 5), (0, 4, 5), (14, 14, 5), (0, 8, 5), (14, 8, 5), (3, 15, 5), (14, 14, 5)]"
"(21, 44, 40, 0)","[(6, 14, 5), (6, 7, 5), (6, 14, 5), (6, 15, 5), (1, 2, 5)]"
"(21, 44, 47, 0)","[(5, 2, 5)]"
"(21, 48, 7, 0)","[(1, 14, 5)]"
"(21, 48, 40, 0)","[(1, 2, 5), (1, 14, 5), (1, 7, 5), (6, 7, 5)]"
"(22, 4, 5, 0)","[(9, 9, 5)]"
"(23, 7, 7, 0)","[('?', 2, 3)]"
"(23, 7, 37, 0)","[('?', 2, 3)]"
"(23, 23, 37, 0)","[(11, 8, 3), (12, 2, 3), (11, 4, 3), (12, 2, 3), (12, 15, 3), (12, 4, 3), (11, 4, 3), (11, 8, 3), (11, 15, 3), (11, 1, 3), (12, 14, 3), (11, 7, 3), (11, 4, 3), (11, 3, 3), (11, 3, 3), (12, 4, 3), (11, 15, 3), (12, 9, '?'), (11, 7, 3)]"
"(23, 23, 38, 0)","[(11, 9, 4)]"
"(23, 34, 37, 0)","[(11, 13, 3), (11, 11, 3), (11, 1, 3), (11, 1, 3), (11, 1, 3), (11, 11, 3)]"
"(23, 37, 37, 0)","[('?', 2, 3), (11, 7, 3), (11, 8, 3), (12, 2, 3), (12, 14, 3), (12, 8, 3), (11, 8, 3), (12, 2, 3), (12, 8, 3), (12, 8, 3), ('?', 2, 3), (12, 15, 3), (11, 15, 3), (12, 14, 3), (11, 15, 3), (12, 2, 3), (12, 2, 3), (11, 15, 3), (12, 15, 3), (12, 14, 3), (12, 4, 3), (11, 8, 3), (11, 4, 3), (12, 8, 3), (11, 15, 3)]"
"(23, 39, 23, 0)","[(12, 10, 14), (11, 5, 3)]"
"(23, 45, 37, 0)","[(11, 9, 3)]"
"(23, 46, 37, 0)","[(12, 12, 3), (12, 15, 3), (11, '?', 3), (11, 15, 3), (11, 6, 3), (11, 6, 3), (12, 9, 3), (12, 9, 3), (11, 12, 3), (12, '?', 3), (12, 9, 3), (11, 9, 3), (11, 10, 3), (11, 1, 3), (12, 12, 3), (12, '?', 3), (11, 12, 3), (12, 9, 3), (12, 12, 3), (12, 1, 3), (12, 9, 3), (12, 6, 3), (11, '?', 3), (11, 10, 3), (11, '?', 3), (11, 6, 3), (12, 10, 3), (12, '?', 3), (11, 9, 3), (12, 9, 3), (11, 10, 3), (12, '?', 3), (11, 5, 3), (11, 5, 3), (11, 9, 3), (11, '?', 3), (12, 12, 3), (12, 9, 3), (11, '?', 3), (11, 9, 3), (11, 10, 3), (11, '?', 3), (12, 1, 3), (12, '?', 3), (11, 9, 3), (12, 12, 3), (11, 6, 3), (12, 1, 3), (11, 10, 3), (11, 6, 3), (11, 5, 3), (11, 12, 3), (11, 12, 3), (11, '?', 3), (12, 1, 3), (11, '?', 3), (12, 1, 3), (11, 6, 3), (11, '?', 3), (12, 1, 3), (11, 12, 3)]"
"(24, 2, 2, 0)","[(12, 5, 1), (12, 5, 1), (12, 6, 1), (11, 11, 1), (12, 5, 1), (12, 9, 1), (12, 1, 1), (12, 8, 1), (11, 9, 1), (11, 6, 1), (11, 13, 1), (12, 11, 1), (12, 9, 1), (11, 6, 1), (11, 1, 1), (11, 13, 1), (12, 6, 1), (12, 11, 1), (11, 12, 1), (12, '?', 1), (11, 1, 1), (12, 1, 1), (12, '?', 1), (11, 10, 1), (12, 6, 1), (11, 6, 1), (12, 10, 1), (12, 9, 1), (12, 10, 1), (11, 10, 1), (11, 6, 1), (12, 10, 1), (12, 6, 1), (12, 6, 1), (11, 11, 1), (11, 6, 1), (11, 12, 1), (11, 10, 1), (11, '?', 1), (11, 8, 1), (12, 9, 1), (11, '?', 1), (11, 9, 1), (12, 10, 1), (11, 12, 1), (11, 2, 1), (12, 10, 1), (11, 12, 1), (12, 10, 1), (11, 10, 1), (11, '?', 1), (12, 6, 1), (11, 6, 1), (11, '?', 1), (11, 7, 1), (11, 9, 1), (11, 9, 1), (11, '?', 1), (12, 5, 1), (12, 9, 1), (11, 10, 1)]"
"(24, 2, 23, 0)","[(12, 11, 1), (11, 9, 1), (11, 13, 1), (12, 9, 1), (11, 11, 1), (12, 11, 1), (12, 5, 1), (12, 13, 1), (11, 12, 1), (12, 5, 1), (11, 1, 1), (11, 1, 1), (12, 11, 1), (12, 1, 1), (12, 5, 1), (12, 9, 1), (11, 9, 1), (11, 1, 1), (11, 1, 1), (11, 13, 1), (11, 9, 1), (11, 9, 1), (12, 1, 1)]"
"(24, 2, 37, 0)","[(11, 12, 1)]"
"(24, 11, 2, 0)","[(12, 3, 1)]"
"(24, 11, 11, 0)","[(15, 9, 1), (2, '?', 1), (2, 9, 1), (15, '?', 1), (15, '?', 1), (10, '?', 1), (2, '?', 1), (15, '?', 1), (7, 5, 1), (15, 1, 1), (7, 11, 1), (10, 6, 1), (15, 9, 1), (7, 9, 1), (15, 2, 1), (15, 11, 1), (10, '?', 1), (2, 9, 1), (7, 9, 1), (10, '?', 1), (15, 2, 1), (10, '?', 1), (2, 12, 1), (15, 13, 1), (2, '?', 1), (2, 3, 1), (10, '?', 1), (15, '?', 1), (15, 13, 1), (15, '?', 1), (15, '?', 1), (7, 9, 1), (10, 1, 1), (2, '?', 1), (7, 10, 1), (15, 9, 1), (2, 9, 1), (10, 13, 1), (15, 9, 1), (10, '?', 1), (10, 13, 1), (15, '?', 1), (15, 9, 1), (2, 1, 1), (10, 6, 1), (15, 2, 1), (10, 6, 1), (15, 1, 1), (7, 13, 1), (10, 13, 1), (15, 1, 1)]"
"(24, 11, 17, 0)","[(7, 9, 1), (15, 2, 1), (15, 2, 1), (2, '?', 1)]"
"(24, 11, 24, 0)","[(15, 10, 1), (7, 11, 1), (15, 11, 1)]"
"(24, 11, 37, 0)","[(10, 13, 1), (7, 5, 1)]"
"(24, 11, 38, 0)","[(2, 11, 1)]"
"(24, 11, 43, 0)","[(15, 11, 1), (10, 13, 1)]"
"(24, 14, 2, 0)","[(12, '?', 1), (11, 2, 1), (12, 4, 1), (11, 2, 1), (12, 13, 1), (12, 1, 1), (12, '?', 1), (12, '?', 1), (11, 13, 1), (11, 7, 1), (11, '?', 1), (11, '?', 1), (11, 2, 1), (12, 1, 1), (11, 7, 1), (11, '?', 1), (12, 13, 1), (11, 2, 1), (12, '?', 1), (12, '?', 1), (12, 9, 1), (11, 4, 1), (12, 11, 1), (12, 13, 1), (11, 2, 1), (12, 13, 1), (11, 11, 1), (11, 1, 1), (11, 15, 1), (12, 13, 1), (11, 7, 1), (11, 13, 1), (11, '?', 1), (12, 1, 1)]"
"(24, 14, 23, 0)","[(11, 11, 1), (11, 1, 1)]"
"(24, 14, 24, 0)","[(11, 1, 1)]"
"(24, 14, 38, 0)","[(2, 11, 1)]"
"(24, 17, 37, 0)","[(10, 5, 1), (2, 5, 1), (15, 9, 1), (2, 5, 1), (7, 10, 1), (7, 6, 1), (2, 5, 1), (7, 10, 1), (2, 12, 1), (15, 10, 1), (15, 10, 1), (7, 12, 1), (7, 12, 1), (7, 6, 1), (2, 10, 1), (7, 12, 1), (15, 9, 1), (7, 10, 1), (2, 12, 1), (7, 12, 1), (15, 9, 1), (10, 10, 1), (10, 5, 1), (2, 12, 1), (15, 10, 1), (2, 9, 1), (2, 9, 1), (10, 5, 1), (2, 5, 1), (2, 6, 1)]"
"(24, 17, 43, 0)","[(2, 12, 1), (10, 13, 1), (10, 13, 1), (15, 13, 1), (2, 13, 1), (2, 9, 1), (2, 13, 1), (2, 13, 1), (15, 9, 1), (7, 9, 1), (2, 9, 1), (2, 12, 1), (2, 9, 1)]"
"(24, 18, 11, 0)","[(2, 1, 1), (7, 12, 1), (15, 11, 1), (2, 1, 1), (2, 5, 1)]"
"(24, 24, 2, 0)","[(11, 6, 1), (11, 10, 1)]"
"(24, 24, 11, 0)","[(15, 11, 1), (7, 9, 1), (2, 10, 1), (15, 10, 1), (7, 9, 1), (7, 5, 1), (10, 6, 1), (2, 13, 1), (10, 1, 1), (15, 13, 1), (7, 11, 1), (10, 1, 1), (7, 6, 1), (7, 13, 1), (10, 10, 1), (10, 6, 1), (2, 9, 1), (7, 10, 1), (2, 5, 1), (10, 1, 1), (7, 13, 1), (7, 11, 1), (2, 13, 1), (2, 13, 1), (2, 10, 1), (15, 13, 1), (2, 6, 1), (7, 13, 1), (2, 12, 1), (10, 6, 1), (2, 11, 1), (7, 5, 1), (7, 12, 1), (7, 11, 1), (10, 1, 1), (15, 11, 1), (7, 11, 1), (15, 10, 1), (7, 6, 1), (2, 11, 1), (2, 13, 1), (10, 1, 1), (10, 5, 1), (10, 5, 1), (2, 10, 1), (7, 5, 1), (15, 11, 1), (10, 5, 1), (7, 5, 1), (2, 11, 1), (10, 13, 1), (2, 5, 1), (2, 10, 1), (2, 6, 1), (2, 10, 1), (2, 6, 1), (2, 11, 1), (10, 10, 1), (15, 10, 1), (2, 1, 1), (7, 10, 1), (10, 1, 1), (7, 13, 1), (2, 1, 1), (7, 10, 1), (7, 12, 1), (7, 5, 1), (15, 1, 1), (2, 10, 1)]"
"(24, 24, 17, 0)","[(2, 11, 1), (15, 1, 1), (15, 13, 1), (15, 13, 1), (10, 10, 1)]"
"(24, 24, 37, 0)","[(2, 6, 1), (2, 6, 1), (2, 11, 1), (2, 11, 1), (10, 13, 1), (7, 6, 1)]"
"(24, 24, 43, 0)","[(7, 13, 1)]"
"(24, 38, 11, 0)","[(10, 6, 1), (10, 10, 1), (7, 5, 1), (10, 6, 1), (2, 13, 1), (7, 12, 1)]"
"(24, 38, 37, 0)","[(10, 5, 1), (2, 6, 1), (10, 10, 1)]"
"(25, 3, 8, 0)","[(14, 13, 0), (0, 6, 0), (13, 1, 0)]"
"(25, 3, 12, 0)","[(6, 5, 0)]"
"(25, 3, 21, 0)","[(14, 5, 0), (13, 5, 0)]"
"(25, 3, 26, 0)","[(13, 11, 0), (14, 11, 0), (14, 11, 0), (14, 10, 0), (14, 12, 0), (0, 9, 0), (14, 10, 0), (13, 5, 0), (3, 11, 0), (0, 11, 0), (13, 12, 0), (13, 11, 0), (0, 11, 0), (13, 5, 0), (0, 11, 0), (13, 10, 0), (14, 10, 0), (14, 5, 0), (0, 10, 0), (14, 12, 0), (0, 11, 0), (13, 11, 0), (3, 10, 0), (13, 5, 0), (0, 9, 0)]"
"(25, 3, 38, 0)","[(1, 11, 0), (1, 11, 0), (6, 5, 0), (6, 12, 0)]"
"(25, 3, 49, 0)","[(1, 10, 0), (5, 5, 0), (6, 10, 0), (6, 10, 0), (14, 9, 0)]"
"(25, 3, 50, 0)","[(5, 9, 0), (5, 6, 0)]"
"(25, 8, 7, 0)","[(1, 13, '?'), (1, 13, '?')]"
"(25, 8, 8, 0)","[(0, 6, '?'), (14, 6, '?'), (14, 6, '?'), (13, 13, '?'), (0, 6, '?'), (14, 13, '?'), (13, 6, '?'), (3, 13, '?'), (0, 6, '?'), (3, 1, '?'), (0, 6, '?'), (3, 1, '?'), (14, 13, '?'), (13, 13, '?'), (13, 6, '?'), (0, 6, '?'), (13, 13, '?'), (0, 13, '?'), (3, 13, '?'), (3, 6, '?'), (14, 6, '?'), (0, 13, '?'), (3, 1, '?'), (13, 1, '?'), (13, 1, '?'), (13, 6, '?'), (14, 13, '?'), (0, 13, '?'), (0, 6, '?'), (13, 13, '?'), (0, 13, '?'), (14, 13, '?'), (14, 13, '?'), (0, 1, '?'), (13, 13, '?')]"
"(25, 8, 12, 0)","[(6, 9, '?'), (1, 13, '?'), (6, 13, 9), (1, 5, '?'), (1, 13, '?')]"
"(25, 8, 16, 0)","[(5, 6, '?'), (5, 6, '?'), (5, 6, '?'), (5, 1, '?'), (5, 6, '?')]"
"(25, 8, 19, 0)","[(5, 1, '?'), (5, 13, '?'), (5, 13, '?'), (5, 13, '?'), (5, 1, '?'), (5, 13, '?')]"
"(25, 8, 26, 0)","[(0, 1, '?'), (0, 1, '?'), (0, 1, '?')]"
"(25, 8, 39, 0)","[(6, 6, '?'), (6, 6, '?')]"
"(25, 11, 11, 0)","[(8, 13, 10)]"
"(25, 11, 17, 0)","[(8, 14, 10), (8, 7, 10), (8, 4, 10), (8, 15, 10), (8, 7, 10), (8, 7, 10), (8, 4, 10), (8, 3, 10), (8, 15, 10), (8, 7, 10)]"
"(25, 14, 11, 0)","[(6, 1, 10), (1, 1, 10), (1, 13, 10), (6, 1, 10), (1, 13, 10), (1, 13, 10), (8, 13, 10), (1, 13, 10), (1, 1, 10), (6, 1, 10), (1, 1, 10), (1, 13, 10), (6, 1, 10)]"
"(25, 14, 14, 0)","[(3, 9, 10), (0, 1, 10), (0, 1, 10), (3, 13, 10), (13, 13, 10), (3, 13, 10), (0, 1, 10), (13, 13, 10), (3, 1, 10), (14, 9, 10), (0, 1, 10), (3, 13, 10), (3, 9, 10), (0, 1, 10), (3, 1, 10), (14, 1, 10), (14, 1, 10), (14, 9, 10), (3, 13, 10), (3, 6, 10), (13, 9, 10), (13, '?', 10), (3, 13, 10), (14, 9, 10), (14, 9, 10), (13, 9, 10), (14, 13, 10), (0, 8, 10), (3, 9, 10), (14, 13, 10), (3, 13, 10), (3, 13, 10), (0, 7, 10), (0, 6, 10), (0, 8, 10), (13, 9, 10), (3, 9, 10), (3, 1, 10), (14, 13, 10), (13, 14, 10), (14, 8, 10), (3, 8, 10), (14, 6, 10)]"
"(25, 14, 17, 0)","[(6, 8, 10), (6, 3, 10), (6, 14, 10), (1, 7, 10), (6, 8, 10), (6, 14, 10), (6, 2, 10), (6, 15, 10), (6, 8, 10), (1, 8, 10), (1, 3, 10), (6, 8, 10), (6, 14, 10), (6, 14, 10), (6, 14, 10), (1, 2, 10), (6, 4, 10), (1, 8, 10), (6, 4, 10), (6, 2, 10), (1, 3, 10), (6, 2, 10), (1, 7, 10), (6, 2, 10), (1, 4, 10), (6, 8, 10), (6, 8, 10), (1, 14, 10), (1, 4, 10), (6, 2, 10), (1, 8, 10), (6, 4, 10), (1, 8, 10), (1, 4, 10), (1, 8, 10), (1, 14, 10), (6, 2, 10), (6, 2, 10), (6, 4, 10)]"
"(25, 14, 18, 0)","[(5, 6, 10), (5, 13, 10), (5, 9, 10), (6, 6, 10), (5, 13, 10), (5, 5, 10), (5, 13, 10), (5, 13, 10)]"
"(25, 14, 25, 0)","[(0, 15, 10)]"
"(25, 14, 36, 0)","[(3, 3, 10)]"
"(25, 14, 51, 0)","[(14, 7, 10), (5, 8, 10), (0, 4, 10), (0, 3, 10), (13, 7, 10), (0, 15, 10), (5, 3, 10), (3, 2, 10), (14, 8, 10), (5, 8, 10), (3, 4, 10), (13, 7, 10), (0, 4, 10), (0, 14, 10), (13, 3, 10), (13, 4, 10), (13, 15, 10), (5, 4, 10), (5, 14, 10), (13, 4, 10), (13, 8, 10), (13, 7, 10), (13, 4, 10), (13, 7, 10), (0, 4, 10), (14, 14, 10), (0, 4, 10), (13, 3, 10), (5, 2, 10), (0, 4, 10), (5, 3, 10), (3, 4, 10), (5, 8, 10), (5, 14, 10), (13, 4, 10), (0, 3, 10), (0, 8, 10), (0, 7, 10), (13, 8, 10), (3, 2, 10), (3, 2, 10), (0, 3, 10), (0, 15, 10), (14, 4, 10), (0, 7, 10), (5, 4, 10), (14, 8, 10), (3, 3, 10), (5, 8, 10), (5, 15, 10), (13, 15, 10), (13, 4, 10), (14, 4, 10), (0, 3, 10), (0, 8, 10), (13, 14, 10), (0, 3, 10), (14, 14, 10), (3, 8, 10), (13, 7, 10), (14, 14, 10), (5, 7, 10), (13, 8, 10), (14, 8, 10), (0, 3, 10), (3, 8, 10), (5, 8, 10), (5, 8, 10), (5, 2, 10), (5, 3, 10)]"
"(25, 16, 7, 0)","[(1, 9, '?'), (6, 9, '?'), (1, 5, '?'), (6, 9, '?'), (6, 9, '?'), (1, 9, '?'), (6, 9, '?')]"
"(25, 16, 12, 0)","[(1, 12, '?'), (6, 11, '?'), (1, 12, '?'), (6, 12, '?'), (1, 12, '?'), (6, 12, '?'), (1, 5, '?'), (1, 12, '?'), (1, 12, '?'), (1, 12, '?')]"
"(25, 16, 16, 0)","[(5, 11, '?'), (5, 11, '?'), (5, 11, '?'), (5, 11, '?'), (5, 6, '?'), (5, 12, '?'), (5, 6, '?'), (5, 12, '?'), (5, 12, '?'), (5, 11, '?'), (5, 5, '?'), (5, 5, '?'), (5, 12, '?'), (5, 11, '?')]"
"(25, 16, 39, 0)","[(1, 10, '?'), (6, 10, '?'), (6, 10, '?'), (6, 6, '?'), (6, 10, '?')]"
"(25, 18, 7, 0)","[(6, 9, 0)]"
"(25, 18, 11, 0)","[(6, 11, 10), (8, 11, 10), (1, 5, 10), (1, 6, 10)]"
"(25, 18, 12, 0)","[(1, 5, 0), (1, 5, 0), (1, 5, 0)]"
"(25, 18, 18, 0)","[(5, 6, 10), (1, 6, 10), (5, 6, 10), (1, 6, 10), (5, 9, 10), (5, 6, 10), (5, 5, 10)]"
"(25, 18, 49, 0)","[(5, 1, 1), (5, 9, 1), (5, 9, 1)]"
"(25, 20, 20, 0)","[(13, 9, 1), (0, 9, 1)]"
"(25, 20, 25, 0)","[(13, 8, 1), (0, 15, 1), (13, 15, 1), (14, 8, 1), (13, 7, 1), (0, 15, 1), (13, 7, 1), (0, 15, 1), (0, 4, 1), (14, 3, 1), (0, 3, 1), (3, 14, 1), (14, 7, 1), (0, 4, 1), (3, 14, 1), (14, 15, 1), (0, 4, 1), (13, 15, 1), (0, 8, 1), (13, 15, 1), (13, 7, 1), (13, 14, 1), (13, 4, 1), (3, 15, 1), (0, 8, 1), (0, 15, 1), (3, 15, 1), (13, 14, 1), (13, 15, 1), (13, 15, 1), (14, 7, 1), (3, 8, 1), (14, 15, 1), (0, 2, 1), (14, 2, 1), (13, 14, 1), (14, 7, 1), (13, 7, 1), (0, 15, 1), (14, 8, 1), (13, 7, 1), (14, 3, 1), (0, 3, 1), (3, 15, 1), (3, 8, 1), (14, 7, 1), (3, 8, 1), (13, 4, 1), (13, 3, 1), (13, 3, 1), (0, 4, 1), (13, 3, 1), (13, 8, 1), (14, 8, 1), (3, 15, 1), (14, 7, 1), (3, 7, 1), (3, 8, 1), (13, 3, 1), (0, 3, 1), (14, 3, 1), (14, 7, 1), (13, 8, 1), (13, 3, 1), (0, 3, 1), (3, 7, 1), (13, 15, 1), (0, 8, 1), (13, 3, 1)]"
"(25, 20, 38, 0)","[(6, 4, 1)]"
"(25, 20, 50, 0)","[(5, 2, 1), (5, 8, 1), (5, 14, 1), (5, 14, 1), (5, 8, 1), (5, 3, 1), (5, 15, 1), (5, 8, 1), (5, 3, 1), (5, 3, 1), (5, 3, 1)]"
"(25, 20, 51, 0)","[(14, 4, 1), (1, 15, 1), (6, 4, 1), (1, 14, 1), (1, 4, 1), (1, 14, 1), (6, 3, 1), (6, 2, 1), (6, 4, 1), (1, 4, 1), (6, 2, 1), (6, 7, 1), (6, 3, 1), (14, 4, 1), (1, 15, 1), (6, 3, 1), (1, 14, 1), (1, 14, 1), (6, 14, 1)]"
"(25, 21, 21, 0)","[(0, 5, '?'), (13, 12, '?'), (3, 10, '?'), (13, 5, '?'), (13, 10, '?'), (13, 5, '?'), (13, 5, '?'), (13, 10, '?'), (0, 10, '?'), (0, 5, '?'), (13, 10, '?'), (0, 5, '?'), (13, 5, '?'), (0, 5, '?'), (13, 5, '?'), (0, 5, '?'), (0, 5, '?'), (0, 10, '?'), (13, 10, '?'), (13, 10, '?'), (13, 10, '?'), (13, 10, '?'), (13, 12, '?')]"
"(25, 21, 26, 0)","[(13, 10, '?'), (0, 10, '?'), (14, 10, '?'), (0, 10, '?'), (14, 10, '?'), (3, 11, '?'), (3, 10, '?'), (3, 11, '?'), (14, 11, '?'), (3, 10, '?'), (0, 11, '?'), (14, 10, '?'), (0, 10, '?'), (0, 11, '?'), (14, 11, '?'), (3, 10, '?'), (3, 11, '?'), (14, 10, '?'), (14, 11, '?'), (0, 11, '?'), (0, 11, '?'), (14, 11, '?'), (13, 10, '?'), (0, 10, '?'), (14, 10, '?'), (14, 10, '?'), (3, 10, '?'), (14, 10, '?'), (14, 10, '?')]"
"(25, 25, 8, 0)","[(13, 13, 6), (13, 1, 6), (13, 13, 6), (13, 1, 6), (13, 1, 6)]"
"(25, 25, 12, 0)","[(6, '?', 6)]"
"(25, 25, 16, 0)","[(5, 6, 6)]"
"(25, 25, 44, 0)","[(14, 4, 6), (3, 8, 0), (14, 3, 6), (0, 8, 6)]"
"(25, 25, 48, 0)","[(14, 4, 6), (14, 4, 6), (14, 4, 6), (5, 4, 6), (5, 7, 6), (5, 2, 6)]"
"(25, 26, 8, 0)","[(13, 1, '?')]"
"(25, 28, 7, 0)","[(6, 1, 0), (6, 13, 0)]"
"(25, 28, 8, 0)","[(0, 1, 0), (3, 1, 0), (0, 1, 0), (0, 1, '?'), (0, 1, 0), (3, 1, 0), (14, 1, 0), (3, 13, 0), (13, 13, 0), (14, 1, 0), (0, 6, 0), (0, 6, 0), (14, 1, 0), (14, 1, 0), (0, 13, 0), (3, 1, 0), (14, 13, 0), (14, 1, 0), (14, 13, 0), (0, 6, 0), (14, 1, 0), (3, 13, 0), (0, 1, 0), (3, 1, 0), (0, 13, 0), (0, 6, 0)]"
"(25, 28, 16, 0)","[(1, 6, 0)]"
"(25, 28, 19, 0)","[(1, 6, 0), (1, 6, 0)]"
"(25, 28, 26, 0)","[(0, 1, 0), (13, 6, 0)]"
"(25, 28, 38, 0)","[(6, 13, 0), (1, 13, 0), (1, 1, 0), (1, 11, 0), (1, 1, 0), (1, 1, 0), (1, 13, 0), (1, 1, 0), (1, 11, 0), (1, 13, 0), (1, 11, 0)]"
"(25, 28, 39, 0)","[(6, 1, 0)]"
"(25, 28, 43, 0)","[(1, 13, 0)]"
"(25, 28, 49, 0)","[(14, 9, 0)]"
"(25, 29, 4, 0)","[(14, 4, 12)]"
"(25, 29, 16, 0)","[(5, 9, 12)]"
"(25, 29, 29, 0)","[(3, 3, '?')]"
"(25, 29, 40, 0)","[(6, 3, '?'), (1, 3, '?')]"
"(25, 31, 26, 0)","[(13, 2, 0)]"
"(25, 35, 11, 0)","[(1, 5, 10), (6, 5, 10), (1, 5, 10), (6, 11, 10), (1, 5, 10), (1, 11, 10), (6, 5, 10), (1, 6, 10), (6, 5, 10), (6, 5, 10), (6, 6, 10), (1, 5, 10), (6, 5, 10), (1, 5, 10), (6, 5, 10)]"
"(25, 35, 12, 0)","[(6, 5, 0)]"
"(25, 35, 14, 0)","[(0, 6, 10), (13, 6, 10), (3, 6, 10), (0, 5, 10), (3, 5, 10), (3, 10, 10), (0, 6, 10), (13, 12, 10), (0, 5, 10), (0, 12, 10), (14, 6, 10), (0, 6, 10), (13, 11, 10), (13, 12, 10), (3, 10, 10), (14, 12, 10), (0, 5, 10), (13, 6, 10), (14, 5, 10), (0, 11, 10), (3, 6, 10), (0, 5, 10), (13, 5, 10), (14, 5, 10), (14, 11, 10), (3, 5, 10), (14, 6, 10), (13, 6, 10), (13, 5, 10), (0, 5, 10), (14, 12, 10), (14, 11, 10), (14, 12, 10), (14, 6, 10), (0, 12, 10), (14, 6, 10), (0, 11, 10), (14, 12, 10), (14, 11, 10), (0, 11, 10), (0, 5, 10), (0, 12, 10)]"
"(25, 35, 18, 0)","[(5, 5, 10), (5, 12, 10), (5, 6, 10), (5, 10, 10), (5, 10, 10), (5, 11, 10), (6, 6, 10), (6, 10, 10), (5, 12, 10), (5, 6, 10), (5, 5, 10), (5, 12, 1), (6, 6, 1)]"
"(25, 35, 20, 0)","[(0, 9, 1), (13, 9, 1), (13, 13, 1), (13, 9, 1), (0, 9, 1), (0, 13, 1), (3, 9, 1), (0, 9, 1), (0, 13, 1), (0, 1, 1), (0, 13, 1), (0, 5, 1), (14, 9, 1), (0, 5, 1), (0, 13, 1), (0, 1, 1), (13, 6, 1), (3, 6, 1), (13, 9, 1), (0, 5, 1), (13, 1, 1), (0, 1, 1), (3, 5, 1)]"
"(25, 35, 21, 0)","[(14, 12, 0)]"
"(25, 35, 25, 0)","[(3, 9, 1), (0, 1, 1), (14, 9, 1), (14, 9, 1)]"
"(25, 35, 26, 0)","[(3, 10, 0), (13, 10, 0), (0, 12, 0), (0, 11, 0), (3, 10, 0), (14, 11, 0), (14, 10, 0), (3, 5, 0), (3, 10, 0), (14, 10, 0), (13, 12, 0), (13, 5, 0), (3, 5, 0), (3, 10, 0), (0, 10, 0), (3, 10, 0), (13, 10, 0), (13, 10, 0), (0, 10, 0), (14, 10, 0), (13, 10, 0)]"
"(25, 35, 35, 0)","[(13, 12, 1), (0, 11, 1), (14, 10, 1), (3, 6, 1), (14, 9, 1), (14, 5, 1), (3, 9, 1), (13, 6, 1), (3, 10, 1), (14, 5, 1), (13, 11, 1), (13, 12, 1), (13, 5, 1), (13, 10, 1), (14, 5, 1), (0, 6, 1), (3, 6, 1), (14, 5, 1), (14, 12, 1), (14, 9, 1), (14, 10, 1), (0, 10, 1), (14, 10, 1), (3, 5, 1), (14, 10, 1), (13, 5, 1), (14, 12, 1), (13, 10, 1), (0, 5, 1), (3, 6, 1), (3, 12, 1), (14, 6, 1), (13, 5, 1), (0, 10, 1), (14, 12, 1), (0, 5, 1), (13, 11, 1), (14, 12, 1), (0, 11, 1), (3, 5, 1), (14, 6, 1), (13, 12, 1), (3, 12, 1), (0, 6, 1), (3, 11, 1), (3, 10, 1)]"
"(25, 35, 38, 0)","[(6, 9, 1), (6, 11, 1), (6, 9, 1), (6, 1, 1), (1, 5, 1), (1, 10, 1), (6, 1, 1), (1, 6, 1), (1, 5, 1), (1, 12, 1), (6, 9, 1), (1, 12, 1), (1, 12, 0), (6, 13, 1), (6, 6, 1), (1, 6, 1)]"
"(25, 35, 49, 0)","[(5, 1, 1), (5, 5, 0), (5, 10, 1), (5, 11, 1), (5, 6, 1), (5, 5, 0), (5, 5, 0), (6, 10, 0), (5, 10, 1), (5, 10, 1), (5, 10, 0), (5, 5, 1), (5, 5, 1), (6, 6, 1), (6, 10, 0), (5, 10, 1), (5, 5, 1), (6, 10, 1), (6, 6, 1), (5, 10, 1), (1, 10, 1)]"
"(25, 36, 48, 0)","[(14, 4, 6)]"
"(25, 41, 7, 0)","[(6, 9, '?'), (6, 15, '?'), (1, 15, '?')]"
"(25, 41, 8, 0)","[(13, 1, '?'), (13, 1, '?'), (3, 1, '?')]"
"(25, 41, 26, 0)","[(13, 9, '?'), (3, 9, '?'), (14, 9, '?'), (14, 9, '?'), (14, 9, '?'), (13, 9, '?'), (13, 9, '?'), (14, 9, '?'), (13, 9, '?'), (13, 9, '?'), (14, 9, '?'), (14, 9, '?')]"
"(25, 41, 29, 0)","[(13, 3, '?'), (3, 3, '?'), (14, 3, '?'), (13, 3, '?')]"
"(25, 41, 40, 0)","[(1, 14, '?')]"
"(25, 41, 44, 0)","[(14, 8, '?'), (13, 14, '?'), (13, 14, '?'), (14, 14, '?'), (3, 15, '?'), (13, 2, '?'), (3, 14, '?')]"
"(25, 41, 47, 0)","[(5, 15, '?'), (5, 3, '?')]"
"(25, 44, 4, 0)","[(5, 3, '?'), (5, 2, '?')]"
"(25, 44, 8, 0)","[(3, 1, '?')]"
"(25, 44, 16, 0)","[(5, 9, '?'), (5, 9, '?')]"
"(25, 44, 21, 0)","[(0, 5, '?')]"
"(25, 44, 26, 0)","[(3, 9, '?'), (14, 9, '?')]"
"(25, 44, 29, 0)","[(13, 3, '?'), (14, 3, '?'), (14, 2, '?'), (3, 3, '?'), (3, 3, '?'), (14, 2, '?'), (3, 3, '?'), (14, 3, '?'), (3, 2, '?'), (13, 3, '?'), (0, 4, '?'), (3, 3, '?'), (3, 3, '?')]"
"(25, 44, 44, 0)","[(3, 8, '?'), (0, 14, '?'), (0, 14, '?'), (0, 4, '?'), (14, 7, '?'), (13, 2, '?'), (0, 14, '?'), (14, 2, '?'), (0, 7, '?'), (14, 7, '?'), (0, 4, '?'), (3, 8, '?'), (13, 14, '?'), (0, 8, '?'), (14, 8, '?'), (14, 8, '?'), (0, 7, '?'), (0, 7, '?'), (14, 8, '?'), (14, 14, '?'), (13, 7, '?'), (3, 2, '?'), (0, 7, '?'), (0, 14, '?'), (14, 14, '?'), (0, 2, '?'), (0, 15, '?'), (3, 7, '?'), (0, 8, '?'), (14, 15, '?'), (0, 8, '?'), (3, 8, '?'), (0, 7, '?'), (3, 15, '?'), (0, 8, '?'), (0, 14, '?'), (3, 14, '?'), (3, 14, '?'), (13, 2, '?'), (3, 8, '?'), (3, 8, '?'), (0, 2, '?'), (14, 8, '?')]"
"(25, 44, 47, 0)","[(5, 14, '?'), (5, 15, '?'), (5, 15, '?'), (5, 2, '?'), (5, 14, '?'), (5, 3, '?'), (5, 3, '?'), (5, 15, '?'), (5, 2, '?'), (5, 2, '?'), (5, 7, '?'), (5, 2, '?'), (5, 14, '?')]"
"(25, 44, 48, 0)","[(5, 15, '?'), (5, 15, '?')]"
"(25, 48, 7, 0)","[(6, 14, '?'), (6, 14, '?'), (6, 3, '?'), (6, 14, '?'), (1, 15, '?'), (1, 14, '?'), (6, 15, '?'), (6, 14, '?'), (6, 15, '?'), (6, 14, '?'), (1, 8, '?'), (1, 14, '?'), (1, 14, '?'), (1, 7, '?'), (6, 14, '?'), (6, 14, '?')]"
"(25, 48, 40, 0)","[(1, 3, '?'), (1, 14, '?'), (1, 3, '?'), (1, 15, '?'), (1, 7, '?'), (1, 7, '?'), (6, 3, '?')]"
"(25, 48, 48, 0)","[(5, 7, '?')]"
"(25, 49, 12, 0)","[(1, 12, 0)]"
"(25, 49, 16, 0)","[(5, 9, 0)]"
"(25, 49, 26, 0)","[(14, 9, 0), (14, 9, 0)]"
"(25, 49, 38, 0)","[(1, 1, 1), (1, 12, 0), (6, 9, 0)]"
"(25, 49, 49, 0)","[(5, 9, 0), (6, 10, 0), (5, 6, 0), (1, 6, 0), (6, 12, 0), (5, 9, 0), (5, 9, 0), (5, 6, 0), (5, 1, 0), (5, 5, 0), (14, 9, 0), (5, 5, 0)]"
"(25, 50, 16, 0)","[(5, 1, 0)]"
"(25, 50, 49, 0)","[(5, 6, 0)]"
"(25, 50, 50, 0)","[(5, 15, 0), (5, '?', 0)]"
"(25, 51, 7, 0)","[(6, 2, 0), (1, 2, 0), (1, 7, 0), (1, 7, 0), (6, 15, 0), (6, 4, 0), (1, 2, 0), (6, 15, 0), (1, 8, 0), (6, 14, 0), (1, 15, 0), (6, 15, 0), (6, 15, 0), (6, 14, 0), (1, 15, 0), (1, 15, 0), (6, 14, 0), (6, 2, 0), (1, 7, 0), (1, 8, 0), (1, 4, 0)]"
"(25, 51, 25, 0)","[(0, 15, 0), (13, 7, 0), (13, 14, 0), (13, 4, 0), (13, 3, 0), (0, 15, 0), (3, 7, 0), (0, 15, 0), (0, 14, 0), (13, 14, 0), (0, 14, 0), (3, 3, 0)]"
"(25, 51, 26, 0)","[(14, 15, 0), (14, 14, 0), (13, 4, 0), (13, 14, 0), (13, 3, 0), (0, 14, 0), (0, 7, 0), (13, 8, 0), (13, 2, 0), (3, 7, 0)]"
"(25, 51, 38, 0)","[(6, 14, 0), (6, 15, 0), (6, 2, 0), (6, 4, 0)]"
"(25, 51, 44, 0)","[(13, 7, 0), (14, 7, 0), (0, 3, 0), (0, 7, 0), (3, 3, 0), (0, 7, 0), (3, 8, 0), (13, 3, 0), (3, 8, 0), (13, 7, 0), (14, 2, 0), (13, 7, 0), (3, 7, 0), (3, 8, 0), (3, 7, 0), (3, 15, 0), (3, 7, 0), (3, 8, 0), (0, 15, 0), (0, 7, 0), (3, 7, 0), (13, 8, 0), (14, 4, 0), (3, 3, 0), (14, 8, 0), (3, 3, 0), (3, 2, 0), (0, 7, 0), (3, 8, 0)]"
"(25, 51, 48, 0)","[(5, 2, 0), (5, 14, 0), (5, 4, 0), (5, 4, 0), (5, 3, 0), (5, 2, 0), (14, 8, 0), (5, 3, 0), (5, 3, 0), (5, 8, 0), (5, 7, 0), (14, 4, 0), (5, 4, 0), (14, 7, 0), (13, 4, 0), (14, 2, 0), (14, 2, 0), (14, 7, 0), (14, 8, 0), (3, 2, 0), (14, 8, 0), (0, 3, 0), (0, 4, 0), (14, 2, 0)]"
"(25, 51, 50, 0)","[(5, 7, 0), (5, 15, 0), (5, 3, 0), (5, 15, 0), (5, 15, 0), (5, 14, 0), (5, 14, 0), (5, 14, 0)]"
"(25, 51, 51, 0)","[(1, 15, 1), (14, 8, 0), (14, 4, 0), (14, 15, 0), (13, 14, 0), (0, 15, 0), (14, 15, 0)]"
"(26, 3, 8, 0)","[(0, 13, 0), (13, 13, 0), (14, 13, 0), (0, 13, 0), (3, 13, 0), (13, 13, 0), (13, 1, 0), (14, 13, 0), (14, 13, 0), (13, 13, 0), (14, 13, 0), (0, 13, 0), (0, 13, 0), (3, 13, 0), (0, 13, 0)]"
"(26, 3, 12, 0)","[(6, 13, 0)]"
"(26, 3, 21, 0)","[(13, 12, 0)]"
"(26, 3, 26, 0)","[(13, 10, 0), (13, 6, 0), (14, '?', 0), (13, '?', 0), (3, 13, 0), (0, 10, 0), (0, '?', 0), (13, 10, 0), (13, '?', 0), (13, 13, 0), (13, '?', 0), (3, 11, 0), (13, 5, 0), (3, 13, 0), (14, 11, 0), (0, 12, 0), (3, 5, 0), (13, 1, 0), (14, 5, 0), (0, 9, 0), (3, 1, 0), (13, '?', 0), (0, 13, 0), (14, 12, 0), (13, 13, 0), (13, 5, 0), (13, 13, 0), (13, '?', 0), (14, 12, 0), (3, '?', 0), (14, '?', 0), (0, 10, 0), (0, 11, 0), (3, 11, 0), (14, '?', 0), (13, 13, 0), (14, 11, 0), (13, 1, 0), (14, 11, 0), (13, 10, 0), (13, 14, 0), (13, '?', 0), (0, 3, 0), (13, 11, 0), (13, 6, 0), (0, 11, 0), (13, '?', 0), (13, '?', 0), (0, 12, 0), (14, 1, 0), (14, 1, 0), (0, 9, 0), (13, 5, 0), (0, '?', 0), (13, 13, 0), (3, '?', 0), (13, 10, 0), (13, 12, 0), (0, 11, 0), (13, 1, 0), (3, 5, 0), (14, 9, 0), (13, 11, 0), (3, '?', 0), (3, 5, 0), (13, 6, 0), (0, '?', 0), (3, '?', 0), (3, '?', 0), (13, 6, 0), (3, 5, 0), (0, 6, 0), (0, 7, 0), (3, 5, 0), (0, 1, 0), (3, 10, 0), (13, 12, 0), (14, 12, 0), (13, 12, 0), (3, '?', 0), (14, 12, 0), (13, 12, 0), (13, '?', 0), (3, 10, 0), (13, 11, 0), (14, 11, 0), (13, 5, 0), (3, 11, 0), (0, '?', 0), (0, 12, 0), (13, 1, 0), (14, 5, 0), (0, 10, 0), (3, 5, 0), (13, '?', 0), (0, '?', 0)]"
"(26, 3, 38, 0)","[(6, 9, 0), (6, '?', 0), (1, '?', 0), (6, '?', 0), (6, 5, 0), (6, '?', 0), (6, '?', 0), (1, 1, 0), (1, '?', 0), (1, '?', 0), (6, '?', 0), (6, 9, 0), (6, 9, 0), (6, 1, 0), (6, 12, 0), (6, '?', 0), (1, 5, 0), (6, 12, 0), (1, 12, 0), (6, 12, 0), (1, 5, 0), (6, 1, 0), (1, 9, 0), (1, '?', 0), (1, 5, 0), (1, 11, 0), (6, '?', 0), (6, 9, 0), (1, '?', 0), (1, 13, 0), (1, 12, 0), (1, '?', 0), (1, 5, 0), (6, '?', 0), (1, 9, 0), (1, 9, 0), (1, 5, 0), (6, 5, 0), (1, '?', 0), (1, '?', 0), (6, 12, 0), (1, 13, 0), (6, 1, 0), (1, '?', 0), (1, 9, 0), (1, 12, 0), (6, 12, 0), (6, 9, 0), (1, '?', 0), (1, 12, 0), (1, 13, 0), (6, 1, 0), (1, 9, 0), (6, 13, 0)]"
"(26, 3, 39, 0)","[(1, 6, 0), (1, 6, 0), (14, '?', 0)]"
"(26, 3, 41, 0)","[(0, 1, 0), (0, 13, 0), (3, 1, 0), (3, '?', 0), (0, '?', 0)]"
"(26, 3, 49, 0)","[(5, 5, 0), (5, 10, 0), (6, 10, 0), (6, 10, 0), (5, 10, 0), (5, 10, 0), (1, 10, 0), (1, 10, 0), (6, 10, 0), (5, 10, 0), (1, 10, 0), (14, 9, 0), (5, 10, 0), (5, 10, 0), (1, 10, 0)]"
"(26, 3, 50, 0)","[(5, 6, 0), (5, 6, 0), (5, 1, 0), (5, 5, 0), (5, '?', 0), (5, '?', 0), (5, 6, 0), (5, 5, 0), (5, 1, 0), (14, 9, 0), (5, 6, 0), (5, '?', 0), (5, 6, 0), (5, '?', 0), (5, '?', 0), (1, 6, 0), (1, 6, 0), (5, '?', 0), (5, '?', 0), (5, 9, 0)]"
"(26, 8, 7, 0)","[(1, 13, '?'), (1, '?', '?')]"
"(26, 8, 8, 0)","[(13, 1, '?'), (0, 1, '?'), (3, 1, '?'), (13, 6, '?'), (0, 1, '?'), (13, 13, '?'), (3, 6, '?'), (14, 6, '?'), (14, 13, '?'), (0, 13, '?'), (13, 1, '?'), (14, 6, '?'), (3, 13, '?'), (3, 1, '?'), (0, 13, '?'), (14, 6, '?'), (13, 13, '?'), (14, 13, '?'), (3, 13, '?'), (14, 6, '?'), (3, 13, '?'), (0, 13, '?'), (13, 13, '?'), (14, 13, '?'), (14, 13, '?'), (3, 13, '?'), (13, 6, '?'), (3, 6, '?'), (0, 13, '?'), (14, 6, '?'), (13, 6, '?'), (3, 1, '?'), (3, 6, '?'), (13, 13, '?'), (3, 1, '?')]"
"(26, 8, 12, 0)","[(1, 13, '?'), (1, '?', '?'), (1, '?', '?'), (1, 13, '?'), (1, 13, '?')]"
"(26, 8, 16, 0)","[(6, 6, '?'), (5, 13, '?')]"
"(26, 8, 19, 0)","[(6, 6, '?'), (6, 6, '?'), (5, 13, '?'), (5, 13, '?')]"
"(26, 8, 39, 0)","[(6, 6, '?')]"
"(26, 14, 25, 0)","[(0, 15, 10)]"
"(26, 14, 26, 0)","[(3, 14, 0)]"
"(26, 14, 44, 0)","[(14, 4, 6)]"
"(26, 16, 7, 0)","[(1, 5, '?'), (1, 9, '?')]"
"(26, 16, 12, 0)","[(6, 11, '?'), (6, 11, '?'), (6, 12, '?'), (6, 11, '?'), (6, 11, '?'), (6, 11, '?'), (6, 11, '?'), (6, 12, '?'), (6, 12, '?'), (1, 5, '?'), (1, 5, '?'), (6, 11, '?')]"
"(26, 16, 16, 0)","[(5, 11, '?'), (5, 5, '?'), (5, 12, '?'), (5, 12, '?'), (5, 12, '?'), (6, 10, '?'), (5, 5, '?'), (5, 12, 9), (5, 11, '?'), (5, 5, '?')]"
"(26, 16, 39, 0)","[(1, 10, '?'), (6, 10, '?'), (6, 10, '?'), (1, 10, '?'), (6, 6, '?'), (1, 10, '?'), (1, 10, '?'), (6, 10, '?'), (1, 10, '?'), (1, 10, '?'), (6, 10, '?'), (6, 10, '?')]"
"(26, 16, 43, 0)","[(1, 5, '?')]"
"(26, 20, 17, 0)","[(1, 2, 10)]"
"(26, 21, 12, 0)","[(6, 12, '?')]"
"(26, 21, 21, 0)","[(13, 12, '?'), (14, 12, 9)]"
"(26, 21, 26, 0)","[(13, '?', '?'), (14, 11, '?'), (13, 5, '?'), (13, 12, '?'), (0, 11, '?'), (0, 11, '?'), (13, 12, '?'), (3, 10, '?'), (3, 10, '?'), (0, 11, '?'), (14, 11, '?'), (14, 11, '?'), (0, 11, '?'), (3, 11, '?'), (14, 11, '?'), (0, 5, '?'), (13, 12, '?'), (13, 5, '?'), (3, 11, '?'), (0, 10, '?'), (3, 11, '?'), (13, 5, '?'), (3, 10, '?'), (0, 11, '?'), (3, 11, '?')]"
"(26, 26, 12, 0)","[(1, 13, 6)]"
"(26, 26, 40, 0)","[(1, 3, '?')]"
"(26, 28, 8, 0)","[(14, 13, 0), (3, 13, 0), (14, 1, 0), (13, 6, 0)]"
"(26, 28, 26, 0)","[(3, 1, 0), (0, 6, 0), (13, 6, 0)]"
"(26, 28, 28, 0)","[(13, 6, 0)]"
"(26, 28, 38, 0)","[(6, 1, 0), (6, 1, 0), (1, 1, 0), (6, 1, 0), (1, 1, 0)]"
"(26, 28, 41, 0)","[(0, 6, 0), (0, 1, 0)]"
"(26, 28, 50, 0)","[(5, 1, 0)]"
"(26, 29, 16, 0)","[(5, 9, 5)]"
"(26, 31, 25, 0)","[(0, 4, 0)]"
"(26, 31, 26, 0)","[(3, 2, 0), (13, 3, 0), (14, 8, 0), (3, 4, 0), (3, 4, 0), (0, 14, 0), (0, 3, 0), (14, '?', 0), (0, '?', 0), (13, 3, 0), (3, 2, 0), (13, 2, 0), (3, 8, 0), (14, '?', 0), (13, 14, 0), (3, 2, 0), (3, 15, 0), (3, 4, 0), (3, 15, 0), (13, 2, 0), (3, 15, 0), (13, 4, 0), (13, 8, 0), (13, 3, 0), (13, 8, 0), (3, 15, 0), (13, 3, 0), (14, 2, 0), (13, 8, 0), (0, '?', 0), (13, 8, 0), (13, 14, 0), (0, 15, 0), (13, 4, 0), (3, 15, 0), (14, 7, 0), (3, 3, 0), (13, 4, 0), (3, 3, 0), (14, 14, 0), (3, 2, 0), (13, 2, 0), (14, 4, 0), (0, 7, 0), (3, 2, 0), (13, 3, 0), (3, 4, 0), (13, 8, 0), (3, 3, 0), (14, 4, 0), (0, 15, 0), (13, 7, 0), (3, 8, 0), (0, 4, 0), (14, '?', 0), (3, '?', 0), (3, 4, 0), (3, 7, 0), (13, 14, 0), (0, '?', 0), (3, 14, 0)]"
"(26, 31, 38, 0)","[(6, 7, 0), (1, 3, 0), (6, 2, 0), (6, 7, 0), (1, 3, 0), (1, 2, 0), (1, 2, 0), (6, 7, 0), (1, 4, 0), (1, 2, 0), (1, 8, 0), (6, 7, 0), (6, 2, 0), (6, 2, 0), (1, 15, 0), (1, 8, 0), (6, 2, 0)]"
"(26, 31, 50, 0)","[(5, 8, 0), (5, 2, 0), (5, 7, 0), (5, 14, 0), (5, 3, 0), (5, 8, 0), (5, 7, 0), (5, 3, 0), (5, 4, 0), (5, 3, 0), (5, 8, 0)]"
"(26, 35, 20, 0)","[(13, 5, 1)]"
"(26, 35, 26, 0)","[(0, 11, 0), (14, 10, 0), (0, 10, 0)]"
"(26, 35, 38, 0)","[(1, 5, 1)]"
"(26, 39, 7, 0)","[(6, 9, '?'), (8, 11, '?')]"
"(26, 39, 12, 0)","[(1, 13, 0)]"
"(26, 39, 43, 0)","[(8, 11, '?')]"
"(26, 41, 4, 0)","[(14, 4, '?'), (14, 4, '?'), (14, 4, '?'), (14, 4, '?')]"
"(26, 41, 7, 0)","[(1, '?', '?'), (1, 4, '?'), (1, 4, '?')]"
"(26, 41, 8, 0)","[(13, 1, '?'), (3, 1, '?'), (3, 13, '?'), (0, 6, '?'), (3, 6, '?')]"
"(26, 41, 12, 0)","[(1, '?', '?'), (1, 9, '?'), (1, '?', '?'), (1, '?', '?'), (1, 9, '?'), (1, '?', '?'), (1, 2, '?'), (1, 11, 9), (1, 11, 9), (1, 11, 9), (1, 9, '?'), (1, 9, '?'), (1, 5, '?')]"
"(26, 41, 16, 0)","[(5, '?', '?'), (5, 1, '?'), (5, 9, '?'), (5, 1, '?'), (5, '?', '?'), (5, 9, '?'), (5, '?', '?'), (5, 9, '?'), (5, 1, '?'), (5, 9, '?'), (5, 11, '?'), (5, 9, '?'), (5, 13, '?'), (5, '?', '?'), (5, '?', '?'), (5, '?', '?'), (5, 9, '?'), (5, 5, 9), (5, '?', '?'), (5, 1, '?'), (5, 9, '?'), (5, 10, 9), (5, '?', '?'), (5, '?', '?'), (5, 13, '?'), (5, 6, '?'), (5, 11, 4), (5, 6, '?'), (5, 1, '?')]"
"(26, 41, 21, 0)","[(3, 10, 9), (14, 10, 9)]"
"(26, 41, 26, 0)","[(13, 9, '?'), (3, 9, '?'), (3, '?', '?'), (0, '?', '?'), (3, 9, '?'), (13, 9, '?'), (13, '?', '?'), (3, '?', '?'), (14, 9, '?'), (0, '?', '?'), (3, 9, '?'), (14, 9, '?'), (14, 11, 9), (13, 9, '?'), (13, '?', '?'), (3, 9, '?'), (13, '?', '?'), (0, '?', '?'), (3, '?', '?'), (13, '?', '?'), (3, '?', '?'), (0, '?', '?')]"
"(26, 41, 29, 0)","[(0, 14, 14), (0, 2, 14), (13, 8, 14), (13, 3, '?'), (0, 15, 14), (14, 3, '?'), (14, 3, '?')]"
"(26, 41, 40, 0)","[(6, 15, '?'), (1, 4, '?'), (1, 8, 5), (1, 14, '?'), (1, 15, '?')]"
"(26, 41, 41, 0)","[(0, '?', '?'), (3, '?', '?'), (13, '?', '?'), (13, 2, '?'), (3, '?', '?'), (13, '?', '?'), (3, '?', '?')]"
"(26, 41, 44, 0)","[(3, 7, '?'), (13, '?', '?'), (0, 15, '?'), (14, 14, '?'), (3, 15, '?'), (14, 7, '?'), (13, 15, '?'), (0, 7, '?'), (14, 14, '?'), (0, 14, '?'), (0, 7, '?'), (3, 15, '?'), (13, 7, '?'), (13, 7, '?'), (3, 2, '?'), (13, 15, '?'), (14, 14, '?'), (13, 15, '?'), (3, 7, '?'), (13, 7, '?'), (14, 8, '?'), (13, 15, '?'), (3, 7, '?'), (0, 4, '?'), (3, '?', '?'), (3, 15, '?'), (0, 7, '?'), (0, 4, '?'), (0, '?', '?'), (14, 15, '?'), (0, 2, '?'), (13, 15, '?'), (0, 2, '?'), (0, 15, '?'), (0, 2, '?'), (0, 15, '?'), (14, 2, '?'), (0, 7, '?'), (14, 15, '?'), (13, 14, '?')]"
"(26, 41, 47, 0)","[(5, 3, '?'), (5, 7, '?'), (5, 15, '?'), (5, 3, '?'), (5, 7, '?'), (5, 3, 5), (5, 7, '?'), (14, 4, '?'), (5, 7, '?'), (5, 2, '?')]"
"(26, 41, 48, 0)","[(14, 4, '?'), (14, 4, '?')]"
"(26, 41, 50, 0)","[(5, '?', '?')]"
"(26, 44, 4, 0)","[(14, 4, '?')]"
"(26, 44, 26, 0)","[(3, 9, '?')]"
"(26, 44, 29, 0)","[(3, 2, '?'), (13, 3, '?'), (13, 3, '?'), (14, 7, '?'), (14, 3, '?'), (14, 7, '?'), (14, 2, '?'), (0, 8, '?'), (0, 4, '?'), (14, 3, '?'), (13, 3, '?'), (14, 3, '?'), (13, 2, '?'), (14, 3, '?'), (13, 2, 13)]"
"(26, 44, 44, 0)","[(0, 2, '?'), (3, 8, '?'), (14, 8, '?'), (0, 15, '?'), (3, 2, '?'), (0, 8, '?'), (13, 2, '?'), (14, 8, '?'), (0, 4, '?'), (3, 7, '?'), (13, 15, '?'), (0, 4, '?'), (3, 14, '?'), (14, 8, '?'), (0, 2, '?'), (3, 7, '?'), (14, 15, '?'), (3, 14, '?'), (13, 14, '?'), (3, 8, '?'), (14, 14, '?'), (14, 15, '?'), (13, 7, '?'), (13, 2, '?'), (14, 15, '?'), (3, 7, '?'), (3, 15, '?'), (3, 7, '?'), (13, 14, '?'), (3, 14, '?'), (3, 2, '?'), (3, 2, '?'), (0, 15, '?'), (3, 15, '?'), (0, 14, '?'), (14, 15, '?'), (13, 7, '?'), (0, 14, '?')]"
"(26, 44, 47, 0)","[(5, 8, 5)]"
"(26, 48, 7, 0)","[(1, 15, '?'), (1, 2, '?'), (6, 4, '?'), (6, 4, '?'), (1, 14, '?'), (1, 2, '?'), (6, 4, '?'), (1, 14, '?'), (1, 8, '?'), (1, 7, '?'), (6, 4, '?'), (6, 15, '?'), (1, 7, '?'), (6, 14, '?'), (1, 8, '?'), (1, 15, '?'), (1, 14, '?'), (1, 2, '?'), (1, 2, '?'), (6, 3, '?'), (6, 3, '?'), (1, 4, '?'), (6, 4, '?'), (1, 8, '?'), (1, 8, '?'), (6, 15, '?'), (6, 15, '?'), (1, 15, '?')]"
"(26, 48, 12, 0)","[(1, 4, '?')]"
"(26, 48, 15, 0)","[(5, 3, '?')]"
"(26, 48, 40, 0)","[(1, 4, '?'), (6, 3, '?'), (1, 4, '?')]"
"(26, 48, 43, 0)","[(1, 8, '?')]"
"(26, 48, 47, 0)","[(5, 15, '?'), (5, 14, '?'), (5, 8, 5), (5, 2, '?')]"
"(26, 48, 48, 0)","[(5, 7, '?'), (5, 7, '?'), (5, 2, '?'), (5, 14, '?'), (5, 14, '?'), (5, 15, '?'), (5, 14, '?')]"
"(26, 50, 50, 0)","[(5, 8, 0), (5, 3, 0), (5, 14, 0), (5, 7, 0), (5, 14, 0), (5, 7, 0), (5, 3, 0), (5, 14, 0), (5, 15, 0), (5, 2, 0), (5, 8, 0), (5, '?', 0), (5, 4, 0), (5, 8, 0), (5, 14, 0), (5, 15, 0)]"
"(26, 51, 2, 0)","[(14, 4, 0)]"
"(26, 51, 7, 0)","[(6, 7, 0), (1, 15, 0), (1, 15, 0), (1, 8, 0), (6, 14, 0)]"
"(26, 51, 17, 0)","[(1, 4, 0)]"
"(26, 51, 25, 0)","[(13, 8, 0), (13, 8, 0), (3, 15, 0)]"
"(26, 51, 26, 0)","[(3, 4, 0), (14, 7, 0), (13, 3, 0), (14, 8, 0), (14, 14, 0), (3, 15, 0), (14, 14, 0), (0, 4, 0), (14, 8, 0), (0, 15, 0), (0, 7, 0), (14, 14, 0), (13, 4, 0), (13, 4, 0), (3, 14, 0), (3, 15, 0), (14, 15, 0), (0, 14, 0), (3, 3, 0), (14, 15, 0), (3, 14, 0), (0, 4, 0), (0, 14, 0), (14, 14, 0), (14, 14, 0), (0, 14, 0), (13, 7, 0), (3, 2, 0), (14, 15, 0), (3, 14, 0), (13, 4, 0), (3, 14, 0), (0, 14, 0), (0, 14, 0), (0, 15, 0), (14, 2, 0), (14, 15, 0), (0, 4, 0), (14, 2, 0), (14, 15, 0), (14, 7, 0), (14, 2, 0), (13, 7, 0), (13, 14, 0)]"
"(26, 51, 38, 0)","[(1, 7, 0), (1, 4, 0), (1, 7, 0), (6, 14, 0), (6, 4, 0), (6, 7, 0), (1, 7, 0), (6, 7, 0), (6, 4, 0), (1, 4, 0), (1, 3, 0), (6, 4, 0), (6, 7, 0), (1, 8, 0), (1, 3, 0), (6, 7, 0), (1, 7, 0), (1, 15, 0), (1, 2, 0), (1, 15, 0), (1, 4, 0), (1, 4, 0), (1, 8, 0), (1, 4, 0), (6, 15, 0), (6, 4, 0), (1, 3, 0)]"
"(26, 51, 44, 0)","[(3, 8, 0)]"
"(26, 51, 50, 0)","[(5, 14, 0), (5, 2, 0), (5, 2, 0), (5, 7, 0), (5, 4, 0)]"
"(26, 51, 51, 0)","[(14, 14, 0), (14, 4, 0), (14, 2, 0), (14, 14, 0)]"
"(27, 8, 7, 0)","[(8, 1, '?'), (8, 13, '?'), (8, 13, '?'), (8, 13, '?')]"
"(27, 8, 39, 0)","[(8, 1, '?'), (8, 1, '?')]"
"(27, 18, 49, 0)","[(8, 1, 1)]"
"(27, 19, 7, 0)","[(8, 13, '?'), (8, 1, '?'), (8, 1, '?'), (8, 1, '?'), (8, 13, '?')]"
"(27, 28, 49, 0)","[(8, 1, 0), (8, 1, 0), (8, 1, 0), (8, 1, 0), (8, 1, 0), (8, 1, 0), (8, 13, 0), (8, 13, 0), (8, 1, 0), (8, 1, 0), (8, 1, 0)]"
"(27, 33, 49, 0)","[(8, 13, 0), (8, 13, 0), (8, 1, 0)]"
"(27, 39, 7, 0)","[(8, 13, '?'), (8, 13, '?')]"
"(27, 39, 39, 0)","[(8, 13, '?')]"
"(27, 49, 39, 0)","[(8, 13, 0)]"
"(28, 1, 1, 0)","[(9, 13, 0)]"
"(28, 1, 2, 0)","[(11, 13, 0), (11, 13, 0), (15, 0, 0), (11, 11, 0), (15, 0, 0)]"
"(28, 1, 5, 0)","[(9, 11, 0), (9, 0, 0), (9, 0, 1), (9, 0, 0), (9, 11, 0), (9, 0, 1), (9, 0, 0), (9, 11, 0), (9, 0, 1), (9, 0, 1), (9, 0, 0), (9, 0, 0), (12, 0, 0), (9, 11, 0), (9, 0, 0)]"
"(28, 1, 10, 0)","[(4, 13, 0), (4, 1, 0), (4, 9, 0), (4, 13, 0), (4, 1, 0)]"
"(28, 1, 20, 0)","[(4, 11, 1), (14, 0, 0)]"
"(28, 1, 21, 0)","[(4, 11, 0), (4, 11, 0), (4, 0, 0), (4, 11, 0), (4, 0, 0), (4, 11, 0)]"
"(28, 1, 22, 0)","[(9, 1, 0), (9, 13, 0), (9, 13, 0), (9, 1, 0)]"
"(28, 1, 23, 0)","[(12, 0, 0), (15, 0, 0), (15, 0, 0), (12, 0, 6), (11, 0, 6), (12, 0, 6), (12, 0, 0), (12, 0, 0), (11, 0, 6), (12, 0, 0), (11, 0, 6), (11, 0, 6)]"
"(28, 1, 24, 0)","[(10, 0, 0), (12, 0, 10)]"
"(28, 1, 26, 0)","[(4, 0, 0), (4, 0, 0), (4, 0, 0), (4, 0, 0), (4, 0, 0)]"
"(28, 1, 30, 0)","[(15, 0, 0), (2, 0, 0), (2, 0, 0), (12, 0, 0), (2, 0, 0), (12, 0, 0), (10, 0, 0), (15, 0, 0), (15, 0, 0), ('?', 0, 0), (11, 0, 8), (12, 0, 0), ('?', 0, 0), (15, 0, 0), (10, 0, 0)]"
"(28, 2, 2, 0)","[(11, 11, 0), (12, 13, 0), (12, 1, 0), (12, 1, 0), (12, 13, 0), (12, 1, 0)]"
"(28, 3, 26, 0)","[(4, 11, 0), (4, 1, 0), (14, 0, 0), (4, 1, 0), (13, 0, 0), (4, 13, 0), (13, 6, 0), (4, 11, 0), (4, 11, 0)]"
"(28, 5, 5, 0)","[(9, 11, 9), (9, 0, '?'), (9, 0, 9), (9, 0, '?'), (9, 11, '?'), (9, 0, '?'), (9, 11, '?'), (9, 0, '?'), (9, 0, '?'), (9, 0, '?'), (9, 0, 9), (9, 11, '?'), (9, 0, '?'), (9, 11, '?'), (9, 11, '?'), (9, 11, '?'), (9, 0, 9), (9, 0, '?')]"
"(28, 5, 8, 0)","[(8, 0, 9)]"
"(28, 5, 12, 0)","[('?', 0, '?'), ('?', 0, '?'), ('?', 0, '?'), ('?', 0, 7), ('?', 0, '?'), ('?', 0, '?'), ('?', 0, '?'), ('?', 0, '?'), ('?', 0, '?'), ('?', 0, '?'), ('?', 0, '?'), (8, 0, '?')]"
"(28, 5, 21, 0)","[(4, 0, 7), (4, 11, '?'), (4, 0, 7), (4, 0, '?'), (4, 0, '?')]"
"(28, 5, 23, 0)","[(11, 0, '?'), (2, 0, '?'), (7, 0, '?'), (11, 0, 4), (7, 0, '?'), (11, 0, 9), (12, 0, '?'), (11, 0, '?'), (12, 0, '?'), (7, 0, '?'), (2, 0, 7), (11, 0, '?'), (11, 0, '?'), (2, 0, '?'), (11, 0, 4), (11, 0, 4), (2, 0, '?'), (7, 0, '?'), (7, 0, '?'), (2, 0, '?'), (2, 0, '?'), (7, 0, '?'), (11, 0, 9), (11, 0, 4), (7, 0, '?'), (11, 0, '?'), (7, 0, 4), (2, 0, 7), (11, 0, '?'), (2, 0, '?'), (11, 0, '?'), (11, 0, '?'), (11, 0, '?')]"
"(28, 5, 26, 0)","[(4, 11, '?'), (4, 0, '?'), (4, 0, '?')]"
"(28, 5, 41, 0)","[(4, 0, 7), (4, 11, '?'), (4, 1, '?'), (4, 0, 7), (4, 11, '?'), (4, 0, 4), (4, 11, '?'), (4, 0, '?'), (4, 11, '?')]"
"(28, 10, 12, 0)","[(8, 0, '?'), (8, 0, '?'), (8, 0, '?'), (8, 0, '?'), (8, 0, '?'), (8, 0, '?')]"
"(28, 10, 23, 0)","[(8, 0, '?')]"
"(28, 13, 13, 0)","[(9, 1, '?'), (9, 13, '?'), (9, 1, '?')]"
"(28, 13, 41, 0)","[(4, 1, '?'), (4, 13, '?'), (4, 1, '?'), (4, 13, '?')]"
"(28, 14, 1, 0)","[(9, 11, 1)]"
"(28, 14, 5, 0)","[(9, 0, 1)]"
"(28, 14, 20, 0)","[(4, 11, 1)]"
"(28, 14, 23, 0)","[(12, 0, 10)]"
"(28, 16, 7, 0)","[('?', 1, '?'), ('?', 1, '?')]"
"(28, 16, 12, 0)","[('?', 1, '?')]"
"(28, 16, 23, 0)","[(2, 0, 7), (7, 0, 7), (12, 0, 7), (2, 0, 7), (12, 0, 7), (2, 0, 7), (2, 0, 7)]"
"(28, 16, 39, 0)","[('?', 1, '?'), ('?', 1, '?'), ('?', 1, '?')]"
"(28, 16, 43, 0)","[(2, 1, '?')]"
"(28, 18, 18, 0)","[('?', 11, 1), ('?', 11, 1), ('?', 11, 1), ('?', 11, 1), ('?', 11, 1), ('?', 11, 1), ('?', 11, 1)]"
"(28, 20, 20, 0)","[(13, 0, 0), (14, 0, 1), (3, 0, 1), (3, 0, 1), (0, 0, 1), (14, 0, 1), (14, 0, 1), (13, 0, 1), (14, 0, 1), (14, 0, 0), (14, 0, 1), (0, 0, 0), (3, 0, 0)]"
"(28, 20, 21, 0)","[(0, 0, 0)]"
"(28, 20, 25, 0)","[(13, 0, 0)]"
"(28, 20, 26, 0)","[(13, 0, 0), (14, 0, 0), (13, 0, 0), (0, 0, 0), (0, 0, 0), (3, 0, 0), (0, 0, 0), (3, 0, 0), (0, 0, 0), (13, 0, 0), (3, 0, 0), (13, 0, 0), (13, 0, 0), (0, 0, 0), (13, 0, 0), (5, 0, 0), (3, 0, 0), (3, 0, 0), (0, 0, 0), (3, 0, 0), (14, 0, 0), (3, 0, 0), (3, 0, 0), (14, 0, 0), (14, 0, 0), (0, 0, 0)]"
"(28, 20, 28, 0)","[(6, 0, 0), (6, 0, 0), (5, 0, 0), (5, 0, 0)]"
"(28, 20, 30, 0)","[(5, 0, 0), (5, 0, 0), (6, 0, 0), (1, 0, 0), (6, 0, 0), (1, 0, 0), (1, 0, 0), (1, 0, 0), (5, 0, 0), (1, 0, 0), (5, 0, 0), (1, 0, 0), (1, 0, 0), (5, 0, 0), (6, 0, 0)]"
"(28, 20, 49, 0)","[(6, 0, 0), (6, 0, 0), (6, 0, 0), (6, 0, 0)]"
"(28, 20, 50, 0)","[(5, 0, 0)]"
"(28, 22, 8, 0)","[(4, 13, '?'), (4, 1, '?'), (4, 13, '?'), (4, 1, '?'), (4, 13, '?'), (4, 1, '?'), (4, 1, '?')]"
"(28, 22, 21, 0)","[(4, 13, '?')]"
"(28, 22, 22, 0)","[(9, 13, '?'), (9, 13, '?'), (9, 1, '?'), (9, 1, '?'), (9, 13, '?'), (9, 1, '?'), (9, 13, '?'), (9, 1, '?'), (9, 1, '?'), (9, 1, '?')]"
"(28, 23, 23, 0)","[(11, 1, '?'), (12, 13, '?'), (11, 1, '?'), (12, 11, '?'), (12, 1, '?'), (11, 13, '?'), (11, 13, '?'), (10, 0, 7), (11, 13, '?'), (11, 13, '?'), (12, 11, '?'), (12, 13, '?'), (12, 13, '?'), (11, 1, '?'), (12, 11, '?'), (11, 13, '?'), (12, 11, '?'), (12, 11, '?'), (12, 11, '?'), (12, 9, '?'), (12, 1, '?'), (12, 11, '?'), (11, 13, '?'), (12, 13, '?'), (11, 13, '?')]"
"(28, 23, 37, 0)","[(11, 1, '?'), (12, 1, '?'), (12, 13, '?'), (12, 13, '?'), (12, 1, '?'), (12, 1, '?')]"
"(28, 23, 43, 0)","[(12, 13, '?'), (11, 13, '?'), (11, 13, '?'), (12, 13, '?'), (11, 1, '?'), (11, 1, '?'), (11, 1, '?')]"
"(28, 24, 2, 0)","[(12, 1, 0)]"
"(28, 26, 16, 0)","[(1, 0, 6)]"
"(28, 26, 26, 0)","[(14, 0, 6), (0, 0, 0), (14, 0, 6)]"
"(28, 28, 1, 0)","[(9, 1, 0), (9, 13, 0), (9, 1, 0), (9, 11, 0), (9, 1, 0), (9, 13, 0), (9, 13, 0), (9, 11, 0), (9, 13, 0), (9, 13, 0), (9, 11, 0), (9, 1, 0)]"
"(28, 28, 2, 0)","[(11, 11, 0), (12, 13, 0), (12, 0, 0), (11, 11, 0), (12, 1, 0), (12, 13, 0), (12, 1, 0), (11, 13, 0), (12, 11, 0), (12, 1, 0), (11, 11, 0), (11, 13, 0), (11, 13, 0), (12, 11, 0), (12, 11, 0), (12, 13, 0), (11, 13, 0), (11, 13, 0)]"
"(28, 28, 5, 0)","[(9, 0, 6)]"
"(28, 28, 17, 0)","[(7, 13, 0)]"
"(28, 28, 20, 0)","[(4, 13, 0), (4, 13, 0), (4, 13, 0), (4, 13, 0)]"
"(28, 28, 23, 0)","[(12, 0, 6), (12, 0, 6), (12, 11, 6), (12, 0, 6)]"
"(28, 28, 24, 0)","[(12, 11, 0), (12, 11, 0), (12, 11, 0)]"
"(28, 28, 26, 0)","[(0, 6, 0), (0, 1, 0)]"
"(28, 28, 28, 0)","[(13, 1, 0)]"
"(28, 28, 30, 0)","[('?', 0, 0), ('?', 0, 0), (10, 0, 0), ('?', 0, 0), (2, 0, 0), (2, 0, 0), ('?', 0, 0), ('?', 0, 0), (2, 0, 8), (10, 0, 0), (2, 0, 0), (2, 0, 0), (15, 0, 0), (2, 0, 0), (10, 0, 0), ('?', 0, 0)]"
"(28, 28, 38, 0)","[(2, 1, 0), (15, 13, 0), (2, 13, 0), (2, 13, 0), (7, 13, 0), (2, 13, 0), (2, 1, 0), (10, 1, 0), (15, 13, 0), (10, 13, 0), (10, 1, 0), (7, 13, 0), (10, 13, 0), (15, 13, 0), (15, 13, 0), (2, 13, 0), (7, 13, 0), (7, 13, 0), (7, 1, 0), (15, 13, 0), (2, 1, 0), (10, 1, 0), (10, 13, 0)]"
"(28, 28, 43, 0)","[(15, 1, 6)]"
"(28, 28, 49, 0)","[('?', 11, 0), (1, 1, 0), ('?', 13, 0), ('?', 13, 0), ('?', 1, 0), ('?', 1, 0), ('?', 1, 0), ('?', 13, 0), ('?', 1, 0), ('?', 13, 0), ('?', 13, 0), ('?', 13, 0), ('?', 1, 0), ('?', 1, 0), ('?', 13, 0), ('?', 1, 0), ('?', 1, 0), ('?', 13, 0), ('?', 13, 0), ('?', 13, 0), ('?', 1, 0)]"
"(28, 28, 50, 0)","[('?', 1, 0)]"
"(28, 31, 23, 0)","[(12, 0, 6), (11, 0, 6), (12, 0, 6)]"
"(28, 31, 30, 0)","[(11, 0, 8)]"
"(28, 34, 23, 0)","[(12, 0, 12), (12, 0, 12)]"
"(28, 38, 11, 0)","[(10, 9, 0), (10, 1, 0), (10, 9, 0), (2, 1, 0), (10, 13, 0)]"
"(28, 38, 17, 0)","[(2, 9, 0), (10, 9, 0), (7, 1, 0), (10, 13, 0), (10, 13, 0), (10, 1, 0), (15, 13, 0), (10, 9, 0)]"
"(28, 38, 38, 0)","[(10, 1, 0), (10, 1, 0), (10, 9, 0), (7, '?', 0), (2, 13, 0), (7, 1, 0), (10, 1, 0)]"
"(28, 39, 23, 0)","[(12, 0, 7), (11, 11, 13), (12, 0, 7), (11, 11, 7), (12, 0, 7), (11, 11, 7)]"
"(28, 39, 43, 0)","[(7, 11, '?'), (7, 1, '?'), (7, 11, '?'), (10, 13, '?'), (7, 11, '?'), (7, 13, '?'), (2, 1, '?'), (2, 11, '?'), (7, 13, '?'), (7, 11, '?'), (7, 13, '?'), (2, 1, '?'), (2, 1, '?'), (7, 11, '?'), (10, 11, '?'), (7, 13, '?'), (7, 1, '?'), (10, 13, '?'), (10, 13, '?'), (7, 1, '?'), (7, 11, '?'), (2, 11, '?'), (10, 11, '?'), (7, 11, '?'), (7, 1, '?'), (7, 11, '?'), (2, 1, '?'), (7, 13, '?'), (7, 1, '?'), (10, 11, '?'), (2, 11, '?'), (7, 1, '?'), (2, 11, '?')]"
"(28, 41, 8, 0)","[(3, 0, 9), (0, 0, '?')]"
"(28, 41, 16, 0)","[(5, 0, '?'), (1, 0, '?'), (6, 0, '?'), (1, 0, '?'), (1, 0, '?'), (1, 0, '?'), (6, 0, '?'), (5, 0, '?'), (6, 0, '?'), (1, 0, '?'), (6, 0, '?'), (1, 0, '?'), (5, 0, '?'), (6, 0, '?'), (5, 0, '?'), (5, 0, '?'), (5, 0, '?'), (5, 0, '?'), (6, 0, '?'), (6, 0, '?'), (1, 0, '?'), (6, 0, '?'), (1, 0, '?')]"
"(28, 41, 21, 0)","[(0, 0, 9), (4, 11, '?'), (4, 0, '?')]"
"(28, 41, 26, 0)","[(0, 0, '?'), (4, 0, '?'), (3, 0, 9), (3, 0, 9), (0, 0, '?')]"
"(28, 41, 41, 0)","[(0, 0, '?'), (0, 0, '?'), (3, 0, 9), (3, 0, 9), (14, 0, 9), (14, 0, 9), (0, 1, '?'), (14, 0, 9)]"
"(28, 43, 37, 0)","[(15, 13, '?')]"
"(28, 43, 43, 0)","[(15, 11, '?'), (15, 13, '?'), (15, 13, '?'), (15, 13, '?'), (7, 1, '?'), (15, 11, '?'), (15, 11, '?'), (10, 11, '?'), (10, 11, '?'), (15, 13, '?'), (15, 11, '?'), (15, 11, '?'), (10, 13, '?'), (15, 9, '?'), (7, 13, '?'), (10, 13, '?'), (15, 13, '?'), (15, 13, '?'), (10, 11, '?'), (15, 13, '?'), (2, 11, '?'), (10, 13, '?'), (10, 11, '?'), (10, 13, '?'), (10, 13, '?'), (10, 11, '?'), (7, 11, '?'), (7, 13, '?'), (7, 13, '?'), (7, 13, '?'), (15, 11, '?'), (10, 13, '?'), (2, 1, '?'), (15, 13, '?'), (10, 11, '?'), (10, 13, '?'), (15, 13, '?')]"
"(28, 44, 16, 0)","[(6, 0, '?')]"
"(28, 45, 12, 0)","[(8, 0, 9)]"
"(28, 45, 23, 0)","[(12, 13, 9), (7, 0, '?'), (12, 0, '?'), (12, 0, '?'), (7, 0, '?'), (12, 0, '?'), (12, 0, '?'), (12, 0, '?'), (2, 0, '?'), (7, 0, 7), (10, 0, 4), (10, 0, 4), (11, 0, 4), (10, 0, 4), (11, 0, 4), (12, 0, '?'), (12, 0, 7), (12, 0, '?')]"
"(28, 45, 43, 0)","[(2, 1, '?'), (2, 1, '?')]"
"(28, 49, 1, 0)","[(9, 13, 0), (9, 13, 0)]"
"(28, 49, 2, 0)","[(11, 11, 0), (12, 11, 0), (11, 11, 0), (11, 11, 0)]"
"(28, 49, 5, 0)","[(9, 1, 6)]"
"(28, 49, 23, 0)","[(11, 11, 11), (12, 0, 6)]"
"(28, 49, 38, 0)","[(2, 1, 0), (2, 1, 0), (7, 11, 0), (10, 11, 0), (7, 11, 0), (10, 11, 0), (7, 1, 0), (7, 11, 0), (7, 13, 0), (10, 11, 0), (10, 11, 0), (7, 1, 0), (10, 11, 0), (2, 13, 0), (7, 11, 0), (7, 11, 0), (7, 11, 0), (7, 13, 0), (7, 11, 0), (10, 11, 0), (10, 11, 0), (7, 1, 0)]"
"(28, 49, 43, 0)","[(10, 11, 6), (7, 1, 6), (7, 11, 6), (10, 11, 6), (7, 11, 6), (10, 11, 6), (7, 11, 6), (7, 11, 6), (15, 11, 6), (15, 11, 6)]"
"(28, 49, 49, 0)","[('?', 11, 0), ('?', 11, 0), ('?', 11, 0), ('?', 11, 0), ('?', 11, 0), ('?', 11, 0)]"
"(28, 50, 2, 0)","[(12, 11, 0)]"
"(29, 4, 4, 0)","[(5, 7, 14), (5, 7, 14), (5, 7, 14)]"
"(29, 5, 16, 0)","[(1, 0, 13)]"
"(29, 7, 7, 0)","[(8, 4, 13), (8, 14, 13), (8, 3, 13), (8, 8, 13), (8, 14, 13), (8, 2, 13), (8, 3, 14), (8, 7, 13), (8, 3, 13), (8, 8, 14), (8, 7, 14), (8, 2, 14), (8, 3, 14), (8, 8, 13), (8, 4, 13), (8, 14, 13), (8, 4, 13), (8, 2, 14), (8, 2, 14), (8, 2, 14), (8, 3, 14), (8, 2, 14), (8, 2, 13), (8, 8, 14), (8, 14, 13), (8, 2, 14)]"
"(29, 8, 8, 0)","[(0, 1, 14), (3, 6, 13), (13, 1, 14), (13, 6, 14), (0, 6, 13), (0, 13, 13), (13, 6, 14), (13, 13, 13), (0, 6, 14), (13, 1, 13), (13, 1, 13), (0, 13, 13), (14, 13, 13), (3, 6, 14), (14, 6, 13), (0, 1, 14), (3, 6, 14), (13, 13, 14), (13, 13, 13), (0, 6, 13), (3, 6, 13), (3, 6, 14), (3, 6, 13), (0, 13, 14), (0, 13, 13), (13, 1, 13), (13, 1, 14), (14, 1, 14), (3, 6, 13), (14, 13, 13), (0, 13, 13), (14, 13, 13), (0, 6, 14), (13, 1, 14), (14, 6, 13), (14, 13, 13), (13, 6, 14), (0, 6, 14), (0, 6, 14), (13, 13, 13), (14, 6, 13), (3, 13, 13), (0, 6, 14), (0, 13, 13), (3, 6, 13), (14, 6, 13), (0, 6, 14), (0, 13, 14), (0, 1, 13), (0, 6, 13), (13, 13, 13), (0, 13, 13), (13, 13, 14), (14, 13, 13), (0, 6, 13), (0, 6, 13), (14, 13, 13), (13, 13, 13), (0, 6, 13), (0, 13, 14), (14, 13, 13), (14, 6, 13), (14, 13, 13), (0, 13, 13), (13, 1, 14), (13, 13, 14), (13, 6, 14), (3, 6, 13), (0, 13, 14)]"
"(29, 8, 12, 0)","[(1, 13, 13), (6, 13, 13), (6, 13, 13), (6, 13, 13), (1, 13, 13), (1, 13, 13), (6, 13, 13), (1, 13, 13), (1, 13, 13), (1, 13, 13), (6, 13, 13), (1, 13, 13), (1, 13, 14), (6, 1, 13), (1, 13, 14), (6, 13, 13), (1, 1, 14), (1, 13, 14), (6, 13, 13)]"
"(29, 8, 16, 0)","[(6, 0, 14)]"
"(29, 8, 19, 0)","[(6, 6, 14), (6, 1, 13), (6, 6, 14), (6, 6, 14), (6, 6, 13), (5, 1, 13), (6, 1, 13), (6, 1, 14), (6, 6, 14), (6, 6, 13), (6, 6, 13), (5, 13, 14), (6, 1, 14), (5, 13, 13), (6, 6, 13), (6, 6, 13), (5, 1, 13), (6, 6, 13), (1, 6, 14), (5, 1, 13), (1, 1, 14), (6, 6, 14), (1, 6, 13), (6, 6, 13), (5, 1, 13), (5, 6, 14)]"
"(29, 8, 21, 0)","[(14, 11, 13)]"
"(29, 8, 39, 0)","[(6, 6, 13)]"
"(29, 12, 7, 0)","[(8, 9, 13), (8, 5, 13)]"
"(29, 16, 7, 0)","[(8, 10, 14), (8, 9, 14)]"
"(29, 16, 12, 0)","[(1, 5, 13), (1, 11, 13), (1, 5, 13), ('?', 11, 13), (6, 5, 14), (1, 5, 13), (1, 11, 14), (6, 5, 14), (1, 12, 13)]"
"(29, 16, 16, 0)","[(5, 5, 14), (5, 11, 13), (1, 10, 13), (1, 10, 13), (5, 6, 13), (5, 6, 13), (5, 11, 13), (5, 6, 13), (5, 6, 13), (1, 10, 14), (5, 10, 14), (5, 10, 13), (5, 11, 14), (1, 10, 13), (5, 6, 13)]"
"(29, 16, 39, 0)","[(1, 10, 13)]"
"(29, 19, 7, 0)","[(8, 13, 14), (8, 13, 14), (8, 13, 14), (8, 1, 14), (8, 12, 14), (8, 6, 13), (8, 9, 14), (8, 9, 14), (8, 1, 13), (8, 1, 14), (8, 1, 13), (8, 9, 14), (8, 12, 14), (8, 13, 13), (8, 13, 13), (8, 13, 14), (8, 13, 14), (8, 10, 14), (8, 9, 13), (8, 12, 14), (8, 6, 14), (8, 1, 13), (8, 1, 14), (8, 10, 14), (8, 13, 13), (8, 12, 14), (8, 13, 14), (8, 13, 14), (8, 1, 14), (8, 11, 13), (8, 9, 14), (8, 1, 13), (8, 6, 14), (8, 11, 13), (8, 6, 14), (8, 9, 14), (8, 13, 13)]"
"(29, 19, 12, 0)","[(8, 0, 13), (6, 1, 14)]"
"(29, 19, 19, 0)","[(6, 1, 14)]"
"(29, 19, 39, 0)","[(8, 6, 13), (8, 6, 13), (8, 0, 13), (8, 6, 14)]"
"(29, 21, 12, 0)","[(1, 5, 13), (1, 5, 13), (1, 11, 14), (1, 5, 13), (1, 11, 14), (1, 12, 14), (1, 12, 13), (6, 11, 14), (1, 12, 14), (1, 12, 13), (6, 11, 14), (6, 11, 14), (1, 5, 13), (6, 12, 13), (6, 12, 13), (6, 11, 14), (6, 5, 13), (1, 12, 14), (6, 11, 14), (6, 5, 13), (1, 5, 14), (6, 5, 13), (1, 12, 13), (6, 12, 13), (1, 12, 14), (6, 12, 13), (6, 5, 14), (1, 12, 14), (6, 5, 13), (6, 11, 14), (1, 5, 14), (1, 5, 14), (6, 12, 13), (6, 5, 13)]"
"(29, 21, 16, 0)","[(5, 10, 14), (1, 10, 13), (1, 12, 13), (5, 12, 13), (5, 10, 14), (6, 10, 14), (5, 12, 14), (5, 10, 13), (1, 10, 13), (1, 10, 13), (5, 5, 14), (5, 10, 13), (5, 10, 14), (1, 10, 14), (5, 10, 14), (1, 10, 14), (5, 10, 13), (5, 12, 13), (5, 11, 14), (5, 12, 13), (5, 11, 14), (6, 10, 14), (5, 12, 14), (5, 11, 13), (5, 12, 14), (5, 12, 14), (5, 10, 13), (5, 10, 14), (5, 12, 13), (5, 10, 13), (5, 12, 13), (5, 12, 13), (5, 12, 13), (6, 10, 14), (5, 5, 14)]"
"(29, 21, 19, 0)","[(1, 10, 14)]"
"(29, 21, 21, 0)","[(3, 10, 13), (0, 10, 14), (3, 5, 13), (13, 11, 13), (3, 10, 13), (14, 5, 13), (3, 10, 13), (13, 5, 13), (0, 5, 13), (14, 12, 13), (0, 5, 13), (0, 12, 14), (3, 12, 14), (3, 10, 13), (3, 11, 13), (3, 10, 13), (13, 11, 13), (3, 12, 14), (13, 11, 14), (3, 5, 14), (13, 11, 14), (3, 5, 13), (14, 12, 13), (13, 5, 13), (3, 10, 13), (14, 12, 13), (13, 5, 13), (14, 10, 14), (3, 5, 13), (13, 11, 14), (3, 5, 14), (0, 10, 14), (14, 5, 13), (0, 5, 13), (0, 10, 14), (13, 11, 14), (0, 10, 14), (0, 5, 13), (3, 5, 14), (14, 12, 13), (0, 12, 14), (3, 11, 14), (14, 11, 14), (13, 5, 13), (13, 5, 13), (3, 10, 14), (14, 12, 13), (3, 12, 14), (0, 5, 13), (3, 5, 14), (3, 5, 13), (3, 11, 14), (3, 11, 13), (0, 5, 13), (14, 12, 13), (3, 11, 14), (14, 10, 14), (3, 10, 14), (0, 10, 14), (3, 12, 14), (14, 5, 14), (3, 10, 13), (0, 12, 14), (13, 5, 14), (3, 12, 14), (3, 10, 14), (3, 11, 14), (0, 10, 14), (3, 12, 14), (13, 11, 13), (13, 5, 14), (0, 5, 13), (14, 12, 13), (13, 5, 13), (0, 12, 14), (14, 5, 14), (14, 10, 14), (3, 5, 13), (14, 10, 14), (14, 10, 14), (14, 5, 14), (3, 12, 14), (13, 5, 13), (14, 12, 13)]"
"(29, 21, 26, 0)","[(14, 12, 13), (0, 12, 14), (14, 11, 13), (14, 11, 13), (14, 5, 14), (3, 12, 14), (13, 5, 13)]"
"(29, 21, 39, 0)","[(6, 10, 14), (1, 12, 13), (6, 12, 13)]"
"(29, 26, 8, 0)","[(14, 5, 13)]"
"(29, 26, 12, 0)","[(1, 5, 14)]"
"(29, 26, 16, 0)","[(5, 11, 13), (6, 10, 14), (5, 12, 14), (5, 12, 14)]"
"(29, 26, 21, 0)","[(0, 10, 14), (3, 11, 13), (0, 5, 13), (3, 11, 14), (13, 5, 14), (14, 5, 14), (3, 12, 14), (3, 5, 13), (0, 10, 14), (14, 5, 13), (13, 5, 14), (14, 5, 14), (0, 10, 14)]"
"(29, 26, 41, 0)","[(14, 10, 14)]"
"(29, 29, 4, 0)","[(14, 4, 14), (5, 4, 14), (5, 8, 14), (14, 4, 13), (5, 2, 14), (14, 4, 14), (5, 2, 14), (5, 3, 14), (14, 4, 14), (5, 3, 14), (5, 2, 14), (14, 4, 14), (5, 8, 14), (5, 4, 14), (14, 3, 13), (5, 4, 14), (14, 4, 14), (5, 4, 14), (14, 3, 14)]"
"(29, 29, 8, 0)","[(13, 1, 14), (0, 1, 14), (3, 13, 13), (3, 6, 14), (0, 1, 14), (0, 13, 14), (13, 1, 14), (0, 1, 14), (0, 1, 13), (3, 13, 13), (0, 1, 14), (13, 13, 14), (0, 1, 14), (0, 1, 14), (14, 1, 14), (3, 13, 13)]"
"(29, 29, 12, 0)","[(6, 13, 13), (6, 9, 14), (1, 9, 13), (6, 9, 14), (6, 9, 14), (6, 9, 14), (6, 9, 14), (6, 9, 14), (6, 9, 13), (6, 9, 13), (6, 13, 13), (6, 9, 13), (6, 9, 14), (1, 9, 14), (6, 9, 13), (6, 9, 13), (6, 9, 13), (1, 9, 13)]"
"(29, 29, 19, 0)","[(1, 1, 14), (1, 1, 14), (5, 13, 14), (6, 1, 13), (5, 1, 14), (5, 1, 14), (5, 1, 14)]"
"(29, 29, 21, 0)","[(14, 11, 14)]"
"(29, 29, 29, 0)","[(14, 2, 14), (3, 3, 14), (3, 7, 14), (3, 8, 13), (3, 14, 14), (0, 4, 13), (3, 2, 13), (3, 4, 14), (14, 2, 14), (14, 8, 14), (3, 4, 13), (3, 4, 14), (14, 7, 14), (3, 4, 13), (3, 7, 13), (3, 8, 14), (14, 7, 14), (3, 8, 14), (0, 4, 14), (14, 2, 14), (14, 2, 13), (3, 2, 13), (14, 8, 14), (3, 14, 14), (3, 7, 14), (0, 4, 13), (14, 8, 14), (3, 2, 13), (13, 7, 14), (0, 2, 14), (3, 4, 14), (13, 7, 14), (14, 3, 13), (0, 7, 14), (3, 7, 13), (13, 4, 14), (14, 3, 13), (14, 8, 14), (0, 7, 13), (13, 2, 14), (13, 7, 14), (3, 3, 14), (14, 2, 14), (0, 7, 13), (0, 4, 13), (0, 8, 14), (14, 3, 13), (3, 7, 14), (3, 2, 13), (13, 4, 14), (14, 8, 14), (14, 3, 14), (14, 7, 14), (3, 8, 14), (14, 2, 14), (3, 2, 13), (14, 8, 14), (0, 3, 13), (0, 4, 13), (3, 8, 13), (14, 8, 14), (0, 7, 14), (3, 8, 13), (3, 2, 14), (0, 7, 14), (0, 7, 14), (14, 14, 13), (3, 8, 14), (0, 4, 14)]"
"(29, 29, 40, 0)","[(6, 2, 13), (1, 4, 13), (1, 4, 13), (6, 2, 13)]"
"(29, 29, 44, 0)","[(3, 1, 13), (3, 9, 14), (3, 1, 13), (3, 1, 13), (3, 9, 14), (3, 9, 14), (14, 9, 14), (3, 9, 14), (14, 9, 14), (14, 9, 14), (3, 9, 13), (13, 1, 13), (3, 9, 14), (14, 9, 14), (3, 9, 14)]"
"(29, 34, 12, 0)","[(1, 11, 13)]"
"(29, 39, 7, 0)","[(8, 1, 13), (8, '?', 13), (8, 1, 14), (8, 13, 13), (8, 1, 14), (8, 14, 13), (8, 1, 13), (8, 11, 13), (8, 6, 13), (8, 9, 13), (8, 14, 13), (8, 9, 13), (8, 13, 14), (8, 7, 13), (8, 11, 13), (8, 11, 13), (8, 5, 13), (8, 14, 13), (8, 2, 13), (8, 5, 13), (8, 9, 14), (8, 7, 13), (8, '?', 13), (8, '?', 13), (8, 3, 13), (8, 6, 13), (8, 2, 13), (8, 11, 13), (8, 14, 13), (8, '?', 13), (8, 9, 13), (8, '?', 13), (8, '?', 13), (8, 12, 14), (8, 11, 13), (8, 11, 13), (8, 1, 13), (8, 8, 13), (8, 13, 13), (8, 13, 13), (8, 1, 14), (8, 6, 14), (8, 14, 13), (8, 9, 13), (8, 11, 13), (8, 12, 14), (8, 13, 14), (8, '?', 13), (8, 9, 14), (8, '?', 13), (8, 13, 13), (8, 7, 13), (8, 9, 13), (8, 9, 13)]"
"(29, 39, 12, 0)","[(1, 6, 13), (1, 11, 13), (1, 6, 13)]"
"(29, 39, 39, 0)","[(8, 6, 13), (8, 5, 13), (8, 5, 13), (8, 6, 13), (8, 1, 13), (8, 10, 14), (8, 13, 13), (8, 6, 14), (8, 10, 14), (8, 12, 14), (8, 6, 14), (8, 5, 13), (8, 6, 14), (8, 11, 13), (8, 10, 14), (8, 12, 14), (8, 10, 14), (8, 13, 13), (1, 12, 13)]"
"(29, 40, 7, 0)","[(8, 2, 13), (8, 8, 13), (8, 3, 13), (1, 14, 14), (8, 7, 14), (8, 3, 14), (8, 8, 13), (8, 7, 14), (8, 4, 13), (8, 7, 14), (8, 3, 13), (8, 7, 13), (8, 8, 14), (8, 8, 14), (8, 3, 14), (8, 4, 13), (8, 3, 13), (8, 8, 13), (8, 3, 14), (8, 4, 13), (8, 7, 13), (8, 3, 13), (8, 3, 14), (8, 2, 13), (8, 7, 14), (8, 3, 13), (8, 8, 13), (8, 3, 13), (8, 8, 14)]"
"(29, 40, 12, 0)","[(1, 9, 14), (1, 9, 13)]"
"(29, 40, 40, 0)","[(1, 15, 13), (1, 3, 14), (1, 4, 13), (6, 7, 14), (1, 2, 14), (6, 4, 13), (6, 14, 13), (1, 15, 13), (1, 15, 13), (6, 3, 14), (6, 8, 14), (6, 14, 13), (6, 3, 14), (1, 3, 14), (1, 15, 13), (1, 15, 13), (6, 7, 14), (1, 8, 13), (6, 14, 13), (1, 2, 14), (1, 7, 13), (1, 3, 13), (6, 2, 14), (1, 14, 13), (1, 4, 13), (1, 4, 14), (1, 4, 14), (1, 14, 14), (1, 2, 13), (6, 8, 14), (6, 7, 14), (1, 8, 13), (6, 15, 14), (6, 4, 13), (1, 3, 13), (1, 4, 13), (6, 4, 13), (1, 3, 14), (1, 15, 13), (1, 2, 13), (1, 9, 14), (6, 2, 14), (6, 3, 14), (1, 14, 13), (6, 8, 14), (1, 14, 13), (6, 14, 13), (1, 3, 14), (1, 14, 13), (6, 2, 14), (1, 7, 13), (6, 2, 14), (1, 4, 13), (6, 4, 14), (1, 2, 14), (6, 3, 14), (1, 3, 14), (6, 4, 13), (1, 4, 14), (8, 3, 14), (6, 3, 14), (1, 14, 14), (1, 4, 14), (6, 8, 14), (1, 2, 14), (1, 3, 14), (1, 14, 14), (6, 8, 14), (1, 7, 13), (6, 8, 14), (1, 8, 13), (1, 2, 14), (1, 2, 14), (1, 4, 14), (1, 4, 14)]"
"(29, 41, 4, 0)","[(5, 4, 14), (14, 4, 13), (14, 4, 14), (14, 4, 14), (5, 4, 14), (3, 4, 13), (14, 4, 14), (14, 4, 13), (14, 4, 13), (14, 4, 13), (3, 4, 13), (14, 4, 13), (3, 4, 13)]"
"(29, 41, 8, 0)","[(13, 6, 14), (14, 1, 14), (13, 13, 14), (0, 13, 14), (14, 1, 14), (14, 1, 14), (13, 1, 14), (13, 6, 14), (0, 1, 13), (13, 13, 14), (0, 6, 14), (3, 6, 14), (14, 6, 13), (13, 1, 13), (0, 13, 13), (0, 13, 14), (13, 1, 13), (14, 1, 14), (3, 6, 13), (13, 1, 14), (0, 6, 14), (14, 6, 13), (13, 6, 14), (3, 6, 14), (13, 6, 14), (13, 1, 14), (0, 13, 14), (0, 6, 13), (3, 6, 14), (0, 1, 13), (14, 6, 13), (3, 6, 13), (0, 6, 14)]"
"(29, 41, 12, 0)","[(1, 9, 13), (6, 1, 13), (1, 9, 13), (1, 11, 14), (6, 1, 14), (1, 13, 13), (1, 9, 14), (6, 1, 13), (1, 9, 14), (1, 5, 13), (6, '?', 14), (6, 9, 13), (6, '?', 14), (1, 13, 13), (1, 9, 14), (6, 9, 13), (6, 5, 14), (1, 5, 14), (6, 1, 14), (6, 9, 14), (6, 9, 14), (6, '?', 14), (6, '?', 14), (1, 11, 14), (1, 9, 14), (1, 13, 14), (1, 13, 14), (1, '?', 13), (1, 1, 14), (1, 11, 14), (6, '?', 14), (1, 13, 14), (6, 5, 13), (1, 13, 14), (6, '?', 14), (6, 4, 14), (1, 11, 14), (1, 12, 14), (1, 9, 14), (6, 4, 13), (6, '?', 14), (6, 4, 14), (1, 13, 13), (1, 5, 14), (1, 11, 13), (6, 1, 14), (6, '?', 14), (1, 9, 13), (6, 11, 14), (1, 12, 13), (6, 5, 14), (1, 12, 14), (1, '?', 13), (6, 13, 13), (6, 5, 14), (1, '?', 13), (1, 1, 14), (1, 9, 13), (1, 11, 14), (1, '?', 13), (6, 9, 13), (1, 1, 14), (1, 9, 13), (6, 5, 14), (1, 11, 13), (1, 1, 14), (6, '?', 14), (1, '?', 13), (6, 1, 13), (6, 1, 13), (1, 11, 14), (6, 1, 13), (6, 6, 13), (1, '?', 13), (1, 6, 13), (1, 5, 13), (1, 5, 14)]"
"(29, 41, 16, 0)","[(1, 10, 14), (1, 10, 14), (5, 11, 13), (5, 6, 13), (1, 10, 13), (5, 1, 13), (5, 1, 13), (5, 11, 14), (5, 12, 14), (5, 11, 13), (5, 11, 14), (5, 10, 13), (5, 11, 13), (5, 10, 14), (5, 11, 13), (5, 10, 14), (5, 12, 13), (1, 10, 14), (5, 1, 13), (5, 1, 13), (5, 11, 14), (5, 13, 14), (6, 10, 14), (5, 5, 14), (5, 6, 14), (5, 11, 14), (5, 5, 14), (5, 1, 14), (5, 11, 14), (5, 6, 13), (5, 12, 14), (1, 0, 13), (1, 0, 14), (5, 6, 14), (5, 5, 14), (5, 1, 14), (5, 6, 14), (5, 11, 14), (5, 11, 13), (5, 10, 14), (6, 0, 13), (5, 5, 14)]"
"(29, 41, 19, 0)","[(5, 13, 14), (5, 13, 13), (1, 6, 13), (5, 13, 13), (5, 13, 13), (1, 6, 14), (5, 13, 14), (1, 6, 14), (1, 6, 14), (1, 6, 14), (5, 13, 13), (5, 13, 14), (1, 6, 14), (6, 6, 14), (5, 13, 14), (1, 6, 14), (1, 6, 14), (6, 6, 14), (5, 13, 14), (1, 6, 13), (5, 13, 13), (1, 6, 14), (6, 6, 14), (5, 13, 13), (5, 1, 14)]"
"(29, 41, 21, 0)","[(14, '?', 13), (3, 11, 14), (14, 10, 14), (3, 10, 14), (14, 11, 14), (3, 11, 13), (3, 11, 13), (3, 11, 14), (13, 5, 14), (14, 11, 13), (14, 11, 14), (13, 11, 14), (14, 11, 13), (3, 5, 13), (0, 12, 14), (13, 11, 13), (3, 10, 14), (3, 11, 13), (3, 5, 14), (14, 11, 14), (13, 11, 13), (13, 11, 14), (3, 10, 14), (3, 5, 14), (13, 11, 13), (13, 11, 13), (14, 5, 14), (14, 11, 14), (13, 5, 14), (3, 11, 13), (13, 11, 14), (13, 11, 14), (3, 10, 14), (14, 11, 13), (14, 11, 14), (3, 11, 14), (14, 5, 14), (14, 5, 14), (3, 11, 14), (0, 10, 14), (3, 5, 13), (13, 5, 14), (3, 11, 13), (3, 11, 13), (3, 5, 14)]"
"(29, 41, 26, 0)","[(14, 11, 14), (13, 5, 14)]"
"(29, 41, 29, 0)","[(14, 2, 14), (14, 7, 14), (3, 14, 14), (3, 4, 14), (0, 2, 14), (0, 3, 13), (13, 15, 14), (14, 15, 13), (0, 2, 14), (3, 7, 14), (3, 15, 13), (0, 8, 14), (13, 7, 13), (3, 8, 14), (0, 7, 14), (0, 7, 14), (3, 4, 14), (14, 3, 14), (0, 15, 14), (14, 15, 14), (0, 14, 13), (0, 15, 14), (13, 2, 14), (0, 8, 14), (0, 4, 14), (14, 14, 13), (3, 4, 14), (13, 8, 13), (13, 7, 14), (14, 4, 14), (13, 4, 14), (0, 15, 13), (3, 15, 13), (13, 8, 14), (14, 8, 13), (3, 2, 14), (3, 7, 13), (14, 3, 14), (0, 7, 13), (14, 15, 14), (14, 15, 14), (0, 8, 14), (13, 4, 14), (13, 4, 14), (13, 15, 14), (3, 3, 14), (13, 3, 13), (0, 14, 14), (0, 4, 14), (3, 4, 13), (3, 4, 14), (14, 8, 13), (0, 8, 13), (3, 4, 13), (0, 8, 14), (3, 7, 14), (13, 15, 14), (0, 7, 14), (0, 8, 14), (3, 2, 13), (14, 7, 14), (3, 14, 14), (3, 15, 13), (13, 8, 13), (3, 14, 14), (14, 2, 13), (0, 4, 13), (14, 7, 13), (14, 8, 13), (14, 15, 13), (3, 7, 13), (3, 8, 14), (0, 2, 14), (14, 8, 14), (14, 2, 14), (14, 3, 14), (14, 8, 13), (0, 14, 13), (13, 15, 14), (13, 7, 13), (3, 7, 14), (0, 15, 13), (3, 3, 14), (0, 14, 14), (3, 7, 14), (14, 15, 13), (3, 4, 14), (13, 2, 13), (13, 15, 14), (14, 8, 14), (13, 3, 13), (3, 8, 13), (3, 8, 13), (0, 3, 13), (3, 14, 14), (14, 14, 13), (14, 7, 14), (14, 15, 14), (13, 4, 14), (3, 3, 14), (13, 8, 13), (0, 8, 13), (3, 15, 13), (13, 4, 13), (3, 4, 13), (13, 15, 14), (0, 14, 14), (14, 8, 13), (0, 15, 13), (3, 7, 13), (3, 2, 14), (14, 15, 14), (3, 7, 13), (13, 2, 14), (13, 3, 13), (0, 7, 14), (0, 15, 14), (13, 2, 13), (13, 2, 14), (13, 2, 13), (13, 7, 13), (0, 14, 13), (13, 8, 14), (13, 8, 14), (13, 4, 13), (14, 3, 13), (14, 3, 14), (14, 15, 14), (14, 8, 14), (0, 8, 14), (13, 7, 13), (14, 3, 14), (3, 8, 13), (13, 3, 13), (14, 8, 13), (3, 8, 13), (3, 2, 13), (14, 15, 14), (13, 7, 13), (13, 8, 14), (13, 8, 14), (13, 7, 13), (13, 7, 13), (14, 15, 13), (13, 8, 13), (13, 4, 13), (3, 14, 14), (14, 8, 13), (14, 7, 14), (13, 7, 14), (0, 14, 13), (13, 7, 14), (14, 7, 14), (0, 15, 14), (13, 15, 14), (3, 2, 14), (14, 7, 13), (3, 2, 13), (3, 2, 14), (14, 2, 13), (14, 2, 13), (0, 15, 14), (3, 15, 13), (0, 8, 13), (13, 8, 13), (14, 15, 14), (3, 8, 13), (13, 7, 14), (3, 15, 13), (3, 4, 14), (13, 2, 14), (3, 15, 13), (14, 3, 14), (14, 7, 14), (13, 8, 14), (3, 3, 14), (14, 15, 14), (0, 14, 14), (0, 15, 13), (0, 2, 14), (14, 2, 14), (0, 14, 14), (0, 15, 13), (0, 7, 14), (3, 7, 14), (14, 7, 13), (13, 2, 14), (3, 7, 14)]"
"(29, 41, 39, 0)","[(1, 10, 14), (1, 6, 13), (6, 10, 14), (1, 10, 14)]"
"(29, 41, 40, 0)","[(6, 14, 13), (6, 14, 13), (6, 2, 14), (6, 4, 13), (1, 14, 13), (6, 15, 13), (1, 14, 14), (6, 7, 14), (6, 14, 13), (1, 2, 13), (6, 15, 14), (1, 3, 13), (6, 4, 14), (6, 4, 13), (1, 4, 13), (6, 2, 13), (1, 2, 14), (6, 15, 13), (1, 2, 13), (6, 15, 14), (6, 2, 14), (1, 14, 13), (6, 2, 13), (1, 14, 13), (1, 3, 14), (6, 8, 14), (6, 14, 13), (1, 4, 13), (6, 2, 13), (1, 14, 13), (1, 3, 13), (1, 15, 13), (1, 8, 13), (1, 3, 13), (1, 2, 13), (1, 8, 13), (6, 8, 14), (6, 4, 13), (6, 8, 14), (1, 3, 14), (1, 3, 13), (1, 8, 13), (6, 2, 13), (6, 4, 14), (6, 15, 13), (6, 4, 13), (6, 15, 14), (1, 7, 13), (6, 15, 13), (6, 7, 14), (6, 7, 14), (1, 4, 14), (6, 3, 14), (1, 14, 14), (6, 8, 14), (6, 15, 13), (6, 2, 13), (1, 7, 13), (6, 3, 14), (6, 2, 13), (6, 15, 14), (1, 14, 13), (6, 15, 14), (6, 15, 13), (1, 7, 13), (1, 3, 13), (1, 14, 13), (1, 7, 13), (1, 15, 13), (1, 3, 14), (6, 15, 14), (6, 4, 14), (1, 14, 14), (1, 3, 13), (1, 3, 13), (1, 7, 13), (1, 2, 13), (6, 15, 14), (1, 15, 13), (6, 7, 14), (1, 8, 13), (6, 15, 13), (1, 3, 13), (6, 2, 14)]"
"(29, 41, 41, 0)","[(13, '?', 14), (0, 9, 14), (14, 9, 14), (14, '?', 13), (13, '?', 14), (0, '?', 14), (0, '?', 14), (3, 9, 13), (13, '?', 13), (13, '?', 13), (3, '?', 13), (0, 9, 14), (3, '?', 14), (0, '?', 14), (14, 14, 13), (0, 9, 14), (13, '?', 13), (3, '?', 14), (0, 1, 14), (0, 9, 14), (3, '?', 14), (13, '?', 14), (14, '?', 13), (13, '?', 14), (13, '?', 14), (3, '?', 14), (6, 0, 13), (0, '?', 13), (0, '?', 13), (0, 9, 14), (0, 9, 14), (3, 13, 13), (13, '?', 14), (0, '?', 14), (14, '?', 13), (13, '?', 14), (0, 9, 14), (13, '?', 13), (14, '?', 13), (14, 9, 14), (3, '?', 13), (13, '?', 14), (13, '?', 13), (3, 9, 13), (3, '?', 14), (0, '?', 14), (14, 9, 14), (3, '?', 13)]"
"(29, 41, 44, 0)","[(3, 9, 14), (3, 13, 13), (3, 9, 13), (0, 9, 14), (3, '?', 13), (13, '?', 13), (0, '?', 13), (3, 1, 13), (14, '?', 13), (0, '?', 14), (13, '?', 13), (0, '?', 13), (3, 9, 13), (13, '?', 13), (0, '?', 14), (3, '?', 13), (0, 2, 14), (0, 7, 13), (3, 1, 13), (0, 1, 13), (14, 9, 14), (13, 4, 14), (3, 13, 13), (13, 1, 13), (3, 9, 14), (3, 9, 13), (0, 3, 13), (0, 9, 14), (3, 9, 14), (0, '?', 13), (3, '?', 14), (13, 1, 13), (0, 1, 13), (3, 1, 13), (14, 14, 13), (3, '?', 14)]"
"(29, 41, 47, 0)","[(5, 7, 14), (5, 15, 14), (5, 8, 13), (5, 8, 13), (5, 3, 14), (5, 15, 14), (5, 3, 13), (5, 8, 13), (5, 8, 14), (5, 3, 14), (5, 3, 13), (5, 3, 13), (5, 3, 13), (5, 2, 14), (5, 8, 14), (5, 3, 13), (5, 7, 14), (5, 3, 14), (5, 3, 14), (5, 8, 14), (5, 3, 13), (5, 7, 14), (5, 4, 14), (5, 8, 13), (5, 15, 14), (5, 4, 14), (5, 15, 14), (5, 7, 14), (5, 2, 14), (5, 2, 14), (5, 3, 14), (5, 8, 14), (5, 8, 14), (5, 7, 14), (5, 4, 14), (5, 3, 14), (5, 3, 14), (5, 7, 13), (5, 7, 13), (5, 4, 14), (5, 7, 13), (5, 7, 13), (5, 3, 13), (5, 7, 13)]"
"(29, 41, 48, 0)","[(5, 8, 13)]"
"(29, 44, 4, 0)","[(14, 4, 13), (14, 3, 13), (14, 4, 13), (5, 8, 13), (5, 3, 13), (5, 8, 13), (5, 2, 14), (14, 4, 13)]"
"(29, 44, 5, 0)","[(0, 0, 14)]"
"(29, 44, 12, 0)","[(1, 9, 13)]"
"(29, 44, 16, 0)","[(6, 0, 14), (6, 0, 13)]"
"(29, 44, 19, 0)","[(5, 13, 13)]"
"(29, 44, 29, 0)","[(0, 15, 13), (0, 8, 14), (14, 7, 13), (0, 3, 13), (0, 3, 13), (0, 4, 14), (14, 15, 13), (0, 7, 13), (0, 4, 13), (13, 4, 13), (0, 4, 13), (14, 14, 13), (3, 8, 13), (3, 7, 13), (3, 7, 13), (13, 2, 13), (0, 15, 13), (13, 2, 13), (3, 15, 13), (0, 3, 13), (0, 4, 14), (3, 15, 13), (13, 7, 13), (0, 4, 13), (0, 14, 14), (0, 14, 13), (13, 2, 14), (14, 15, 13), (13, 2, 14), (0, 14, 13), (0, 7, 13), (13, 4, 13), (0, 8, 13), (14, 3, 13), (13, 3, 13), (0, 14, 13), (0, 15, 14), (13, 4, 13), (13, 3, 13), (0, 3, 13), (14, 14, 13), (14, 15, 13), (0, 2, 14), (13, 7, 13), (0, 14, 14), (14, 7, 13), (13, 8, 13), (0, 8, 13), (13, 8, 13), (13, 2, 14), (0, 15, 14), (0, 14, 13), (0, 8, 13), (13, 8, 14), (13, 2, 13), (13, 4, 13), (13, 8, 13)]"
"(29, 44, 40, 0)","[(5, 8, 13)]"
"(29, 44, 44, 0)","[(13, '?', 13), (0, '?', 13), (3, '?', 13), (0, 1, 13)]"
"(29, 45, 16, 0)","[(1, 0, 13)]"
"(31, 1, 23, 0)","[(11, 0, 6), (12, 11, 6), (11, 0, 6)]"
"(31, 2, 23, 0)","[(12, 3, 6)]"
"(31, 4, 4, 0)","[(9, 4, 12), (9, 3, 12), (9, 14, 12)]"
"(31, 4, 5, 0)","[(9, 2, 12), (9, '?', 12), (9, '?', 12), (9, 2, 12), (9, 3, 12)]"
"(31, 4, 7, 0)","[('?', 15, 12), ('?', 15, 12), ('?', 8, 12), ('?', 15, 12), ('?', 14, 12), ('?', 14, 12), ('?', 4, 12), ('?', 7, 12), ('?', 14, 12), ('?', 4, 12), ('?', 14, 12), ('?', 7, 12), ('?', 15, 12), ('?', 7, 12), ('?', 3, 12), ('?', 4, 12), ('?', 14, 12), ('?', 7, 12), ('?', 3, 12), ('?', 7, 12), ('?', 8, 12), ('?', 4, 12), ('?', 4, 12), ('?', 4, 12)]"
"(31, 4, 12, 0)","[('?', 9, 12)]"
"(31, 4, 13, 0)","[(9, 14, 12), (9, 14, 12), (9, 3, 12), (9, 14, 12), (9, 3, 12), (9, 2, 12), (9, 2, 12), (9, 4, 12), (9, 15, 12), (9, 15, 12), (9, 4, 12), (9, 14, 12), (9, 14, 12), (9, 2, 12), (9, 15, 12), (9, 15, 12), (9, 14, 12), (9, 15, 12), (9, 3, 12)]"
"(31, 4, 21, 0)","[(4, 4, 12), (4, 15, 12), (4, 14, 12), (4, 14, 12), (4, 14, 12), (4, 7, 12), (4, 8, 12), (4, 3, 12)]"
"(31, 4, 23, 0)","[(12, 3, 12), (12, 2, 12), (12, 4, 12), (12, 3, 12), (12, 3, 12), (11, 15, 12), (12, 7, 12), (12, 2, 12), (11, 3, 12), (11, 4, 12), (12, 3, 12), (11, 7, 12), (11, 4, 12), (11, 8, 12), (12, 7, 12), (11, 14, 12), (11, 8, 12), (11, 7, 12), (12, 14, 12), (11, 15, 12), (12, 8, 12), (12, 2, 12), (12, 7, 12), (12, 4, 12), (12, 14, 12), (12, 2, 12), (12, 14, 12), (11, 2, 12), (12, 15, 12), (11, 14, 12), (12, 7, 12), (11, 15, 12), (11, 4, 12), (12, 14, 12), (11, 4, 12), (12, 7, 12), (11, 3, 12), (11, 2, 12), (12, 15, 12), (11, 2, 12), (11, 8, 12), (12, 8, 12), (12, 8, 12), (12, 7, 12), (12, 15, 12), (11, 4, 12), (12, 8, 12), (11, 4, 12), (11, 3, 12), (12, 7, 12), (11, 2, 12), (12, 15, 12), (11, 2, 12), (12, 4, 12), (11, 4, 12), (12, 14, 12), (11, 2, 12), (12, 15, 12), (12, 14, 12), (12, 3, 12), (12, 2, 12), (11, 4, 12), (12, 4, 12)]"
"(31, 4, 29, 0)","[(4, 8, 12), (4, 8, 12), (4, 4, 12), (4, 4, 12), (4, 4, 12), (4, 3, 12), (4, 7, 12), (4, 15, 12), (4, 2, 12), (4, 14, 12), (4, 4, 12), (4, 2, 12), (4, 2, 12), (4, 8, 12), (4, 7, 12)]"
"(31, 4, 41, 0)","[(4, 7, 12), (4, 14, 12), (4, 8, 12), (4, 15, 12), (4, 8, 12), (4, 2, 12), (4, 3, 12), (4, 4, 12), (4, 3, 12), (4, 4, 12), (4, 14, 12), (4, 8, 12)]"
"(31, 4, 43, 0)","[(2, 3, 12), (10, 3, 12), (10, 15, 12), (10, 7, 12), (10, 8, 12), (2, 3, 12), (10, 15, 12), (10, 2, 12), (2, 2, 12), (10, 15, 12), (2, 8, 12), (10, 3, 12), (10, 15, 12), (7, 4, 12), (10, 15, 12), (2, 7, 12), (2, 4, 12), (10, 7, 12), (10, 15, 12), (10, 15, 12), (15, 14, 12), (15, 3, 12), (7, 2, 12), (2, 4, 12), (2, 3, 12), (7, 3, 12), (10, 14, 12), (10, 8, 12), (7, 4, 12), (7, 4, 12), (7, 14, 12), (7, 3, 12), (15, 3, 12), (15, 7, 12), (7, 4, 12), (10, 8, 12), (15, 3, 12), (10, 14, 12), (10, 4, 12), (10, 14, 12), (10, 7, 12), (10, 15, 12), (10, 14, 12), (7, 2, 12), (10, 8, 12), (15, 3, 12), (2, 4, 12), (2, 7, 12), (10, 8, 12), (7, 14, 12), (2, 2, 12), (2, 4, 12), (2, 3, 12), (15, 4, 12), (2, 15, 12), (10, 2, 12), (15, 4, 12), (2, 7, 12), (2, 8, 12), (10, 2, 12), (7, 2, 12), (7, 14, 12), (2, 2, 12), (2, 4, 12), (2, 15, 12), (10, 2, 12), (2, 4, 12), (10, 2, 12), (15, 7, 12), (7, 7, 12), (15, 4, 12), (7, 3, 12), (2, 15, 12), (15, 2, 12), (2, 15, 12), (7, 7, 12), (15, 2, 12), (7, 3, 12), (7, 3, 12), (7, 14, 12), (15, 7, 12), (7, 2, 12), (7, 4, 12), (7, 3, 12), (15, 4, 12), (2, 2, 12), (7, 2, 12), (10, 4, 12), (15, 3, 12), (10, 4, 12), (2, 15, 12), (7, 7, 12), (15, 7, 12), (2, 2, 12), (2, 3, 12), (7, 3, 12), (10, 7, 12), (7, 7, 12), (2, 15, 12), (2, 8, 12)]"
"(31, 4, 44, 0)","[(4, 2, 12)]"
"(31, 5, 5, 0)","[(9, 11, 9), (9, 11, 9), (9, 11, 9), (9, 11, 9), (9, 11, 9), (9, 1, 9)]"
"(31, 5, 8, 0)","[(4, 13, 9)]"
"(31, 5, 23, 0)","[(11, 0, 9), (12, 11, 9), (11, 0, 9), (11, 0, 9), (11, 0, 9), (12, 11, 9), (11, 0, 9), (11, 0, 9)]"
"(31, 5, 41, 0)","[(4, 1, 9)]"
"(31, 6, 7, 0)","[(8, 4, 9), (8, 7, 9), (8, 3, 9), (8, 15, 9)]"
"(31, 8, 7, 0)","[(8, 8, 9), (8, 9, 9), (8, 1, 9), (8, 5, 9), (8, 5, 9), (8, '?', 9), (8, 13, 9), (8, '?', 9), (8, 4, 9), (8, '?', 9), (8, 1, 9), (8, 3, 9), (8, 4, 9), (8, 7, 9), (8, 8, 9), (8, 5, 9), (8, 7, 9), (8, 8, 9), (8, 5, 9), (8, 7, 9), (8, 7, 9), (8, '?', 9), (8, 3, 9), (8, 12, 9), (8, '?', 9), (8, 14, 9), (8, 11, 9), (8, 10, 9), (8, 8, 9), (8, '?', 9), (8, 12, 9), (8, 8, 9), (8, 9, 9), (8, 14, 9), (8, 15, 9), (8, 9, 9), (8, 3, 9), (8, 4, 9), (8, 5, 9)]"
"(31, 10, 7, 0)","[(8, 14, 9), (8, 7, 9), (8, 15, 9), (8, 4, 9)]"
"(31, 13, 5, 0)","[(9, 15, 9), (9, 3, 9), (9, 1, 9), (9, 15, 9), (9, 7, 9), (9, '?', 9), (9, 3, 9), (9, '?', 9), (9, '?', 9)]"
"(31, 13, 8, 0)","[(4, 13, 9)]"
"(31, 13, 13, 0)","[(9, 4, 9), (9, 7, 9), (9, 8, 9), (9, 8, 9), (9, 7, 9), (9, 8, 9), (9, '?', 9), (9, 8, 9)]"
"(31, 13, 21, 0)","[(4, 1, 9)]"
"(31, 13, 22, 0)","[(9, 8, 9), (9, 15, 9), (9, '?', 9), (9, 1, 9)]"
"(31, 13, 23, 0)","[(11, '?', 9), (11, '?', 9), (11, '?', 9), (11, '?', 9), (11, 14, 9), (11, '?', 9), (12, '?', 9), (11, '?', 9), (12, 9, 9)]"
"(31, 13, 41, 0)","[(4, 14, 9), (4, 8, 9), (4, 3, 9), (4, 9, 9), (4, 9, 9), (4, 9, 9), (4, 9, 9), (4, 9, 9), (4, 9, 9), (4, 1, 9)]"
"(31, 14, 2, 0)","[(11, 15, 10)]"
"(31, 15, 7, 0)","[('?', 7, 9)]"
"(31, 15, 13, 0)","[(9, 4, 9)]"
"(31, 15, 15, 0)","[(9, 7, 9)]"
"(31, 15, 23, 0)","[(12, 2, 9), (11, 7, 9)]"
"(31, 15, 43, 0)","[(2, 2, 9), (15, 2, 9), (2, 14, 9), (7, 4, 9), (15, 3, 9)]"
"(31, 15, 48, 0)","[(9, 7, 9)]"
"(31, 16, 5, 0)","[(9, 10, 9)]"
"(31, 16, 7, 0)","[('?', 5, 9), ('?', 6, 9), ('?', 13, 9), (8, 11, 9), (8, 11, 9), ('?', '?', 9), ('?', '?', 9), ('?', 5, 9), ('?', 2, 9), ('?', 1, 9), ('?', '?', 9), ('?', '?', 9), ('?', 4, 9), ('?', '?', 9), ('?', 5, 9), ('?', '?', 9), ('?', 1, 9), ('?', 9, 9), (8, 12, 9), ('?', '?', 9), ('?', 6, 9), ('?', '?', 9), ('?', '?', 9), ('?', '?', 9), ('?', 1, 9), ('?', 6, 9), ('?', 9, 9), ('?', 13, 9), ('?', 5, 9), (9, 6, 9), ('?', 1, 9), ('?', 5, 9)]"
"(31, 16, 8, 0)","[(4, 6, 9), (4, 10, 9), (4, 10, 9), (4, 6, 9)]"
"(31, 16, 21, 0)","[(4, 6, 9), (4, 12, 9), (4, 5, 9), (4, 12, 9), (4, 5, 9), (4, 1, 9), (4, 5, 9), (4, 5, 9), (4, 12, 9), (4, 12, 9)]"
"(31, 16, 22, 0)","[(9, 12, 9), (9, 10, 9)]"
"(31, 16, 23, 0)","[(12, 10, 9), (12, 13, 9), (11, 13, 9), (11, 5, 9), (11, 12, 9), (11, 12, 9), (11, '?', 9), (12, 5, 9), (11, 10, 9), (11, 6, 9), (11, 13, 9), (12, 11, 9), (11, '?', 9), (12, 1, 9), (11, 6, 9), (12, 13, 9), (12, 10, 9), (12, 9, 9), (11, 5, 9), (11, '?', 9), (11, 12, 9), (11, 13, 9), (12, 9, 9), (11, 5, 9), (11, 1, 9), (12, 13, 9), (12, 9, 9), (12, 13, 9), (12, 10, 9), (11, 5, 9), (12, 5, 9), (12, 6, 9), (12, 11, 9), (12, 6, 9), (12, 10, 9), (11, 10, 9), (11, 5, 9), (12, 1, 9), (12, 13, 9), (11, 5, 9), (11, 5, 9), (12, 5, 9), (12, '?', 9), (12, 6, 9), (11, 11, 9), (12, 5, 9), (12, 5, 9), (11, 10, 9), (11, 6, 9), (11, 13, 9), (11, 10, 9), (12, 10, 9), (12, 10, 9), (11, 12, 9), (11, '?', 9), (12, 11, 9), (12, 10, 9), (11, 12, 9), (12, 11, 9), (12, 10, 9)]"
"(31, 16, 39, 0)","[('?', 10, 9), ('?', 10, 9), (9, 12, 9), (9, 10, 9), ('?', 1, 9)]"
"(31, 16, 41, 0)","[(4, 1, 9), (4, 11, 9), (4, 10, 9), (4, 5, 9)]"
"(31, 16, 43, 0)","[(2, '?', 9), (7, 12, 9), (7, 12, 9), (10, '?', 9), (7, 5, 9), (15, '?', 9), (2, 1, 9), (10, 6, 9), (10, 1, 9), (2, 12, 9), (15, '?', 9), (15, 10, 9), (15, '?', 9), (2, 10, 9), (10, '?', 9), (2, '?', 9), (7, 12, 9), (2, 11, 9), (2, 6, 9), (2, 6, 9), (2, '?', 9), (2, 6, 9), (7, 13, 9), (10, 12, 9), (2, 6, 9), (15, 12, 9), (7, 5, 9), (7, 5, 9), (7, 6, 9), (15, 5, 9), (7, 5, 9), (10, 5, 9), (10, 5, 9), (7, 5, 9), (10, 10, 9), (10, 12, 9), (7, 9, 9), (15, 5, 9), (2, 6, 9), (2, 6, 9), (15, '?', 9), (2, '?', 9), (2, 6, 9), (7, 5, 9), (15, 10, 9), (15, '?', 9), (2, 12, 9), (15, 9, 9), (2, 13, 9), (15, 9, 9), (15, 10, 9), (10, '?', 9), (15, 5, 9), (15, 6, 9), (7, 10, 9), (10, 10, 9), (10, '?', 9), (2, 10, 9), (10, '?', 9), (7, 10, 9), (10, 1, 9), (2, 2, 9), (15, 5, 9), (10, 12, 9), (7, 6, 9), (15, '?', 9), (10, 5, 9), (7, 12, 9), (10, '?', 9), (10, 1, 9), (15, 6, 9), (7, 13, 9), (2, '?', 9), (15, '?', 9), (10, 12, 9), (7, 6, 9), (15, 12, 9), (7, 10, 9), (10, 6, 9), (2, '?', 9), (15, 5, 9), (7, 1, 9), (2, 10, 9), (7, 12, 9), (2, 12, 9), (2, '?', 9), (7, 13, 9), (10, 6, 9), (15, 5, 9), (10, 10, 9), (2, 11, 9), (10, 10, 9), (10, 6, 9), (7, 10, 9), (10, 5, 9), (7, 12, 9), (10, 10, 9), (10, 6, 9), (2, 10, 9), (10, 12, 9), (10, '?', 9), (7, 12, 9)]"
"(31, 20, 48, 0)","[(14, 4, 6)]"
"(31, 21, 39, 0)","[(8, 10, 9)]"
"(31, 22, 5, 0)","[(9, 15, 9)]"
"(31, 22, 23, 0)","[(11, 13, 9)]"
"(31, 23, 23, 0)","[(11, 3, '?')]"
"(31, 25, 7, 0)","[(1, 7, 6)]"
"(31, 25, 8, 0)","[(13, '?', 6)]"
"(31, 25, 12, 0)","[(1, 9, 6), (6, 15, 6), (6, 9, 6), (1, 15, 6), (1, 14, 6), (1, 15, 6), (1, 8, 6), (1, 15, 6)]"
"(31, 25, 16, 0)","[(5, '?', 6), (5, 2, 6), (5, 9, 6), (5, '?', 6), (5, 9, 6), (5, '?', 6), (5, 15, 6)]"
"(31, 25, 21, 0)","[(13, '?', 6), (13, '?', 6)]"
"(31, 25, 26, 0)","[(14, '?', 6), (0, '?', 6), (0, '?', 6), (13, '?', 6)]"
"(31, 25, 41, 0)","[(0, 14, 6), (3, 3, 6), (0, 7, 6), (13, 8, 6), (13, 8, 6), (14, '?', 6), (14, 2, 6), (14, 15, 6), (0, 14, 6), (14, 15, 6), (0, 7, 6), (0, 15, 6), (13, 15, 6), (0, 2, 6), (0, 4, 6), (3, 7, 6), (0, 7, 6), (14, '?', 6), (3, 3, 6), (0, 2, 6), (3, 3, 6), (0, 15, 6), (0, 2, 6), (14, '?', 6), (0, 14, 6), (14, 15, 6), (13, 8, 6), (14, '?', 6), (13, 15, 6), (13, 8, 6), (0, 14, 6), (3, 3, 6), (3, 3, 6), (13, 7, 6), (0, 3, 6), (3, 2, 6), (0, 8, 6), (13, 3, 6), (13, '?', 6), (0, 3, 6), (0, 3, 6), (0, 8, 6), (13, 7, 6), (0, 15, 6)]"
"(31, 25, 44, 0)","[(13, 15, 6), (0, 7, 6), (3, 7, 6), (0, 15, 6), (13, 3, 6), (0, 7, 6), (0, 14, 6), (13, 15, 6), (14, 15, 6), (0, 3, 6), (14, 3, 6), (3, 2, 6), (13, 15, 6)]"
"(31, 25, 47, 0)","[(5, 15, 6), (5, 2, 6)]"
"(31, 25, 48, 0)","[(5, 4, 6), (5, 2, 6), (5, 15, 6), (5, 15, 6), (5, 8, 6), (5, 7, 6), (5, 2, 6), (5, 4, 6), (5, 4, 6), (14, 3, 6), (14, 3, 6)]"
"(31, 26, 7, 0)","[(6, 15, 6), (6, 15, 6), (1, 8, 6)]"
"(31, 26, 8, 0)","[(13, '?', 6)]"
"(31, 26, 12, 0)","[(6, 7, 6), (1, 7, 6), (6, 15, 6), (6, 4, 6), (1, 8, 6), (1, 8, 6), (1, 4, 6), (6, 3, 6), (6, 14, 6), (6, 2, 6), (6, 14, 6), (1, 14, 6), (6, 2, 6), (1, 9, 6), (6, 4, 6), (1, 15, 6), (6, 7, 6), (6, '?', 6), (1, 9, 6), (1, 8, 6), (1, 14, 6), (6, 3, 6), (6, 2, 6), (6, 14, 6), (1, 15, 6), (6, '?', 6), (6, '?', 6), (6, '?', 6), (6, 8, 6), (6, 8, 6), (1, 7, 6), (6, 9, 6), (6, 15, 6), (6, 14, 6), (6, 8, 6), (1, 9, 6), (6, 3, 6), (6, 8, 6), (6, 15, 6), (6, 4, 6), (6, 3, 6), (6, 15, 6), (6, 7, 6), (1, '?', 6), (1, '?', 6), (6, 4, 6), (1, '?', 6), (6, 14, 6), (6, 15, 6), (6, 14, 6), (1, 4, 6), (1, '?', 6), (1, 15, 6), (1, 8, 6), (1, 7, 6), (6, '?', 6), (6, 8, 6), (1, '?', 6), (6, '?', 6), (6, 8, 6), (1, 15, 6), (1, 3, 6), (1, 9, 6), (1, 14, 6), (6, 4, 6), (6, 14, 6), (1, '?', 6)]"
"(31, 26, 16, 0)","[(5, 1, 6), (5, '?', 6), (5, 1, 6), (5, 9, 6), (5, 9, 6), (5, 9, 6), (5, 2, 6), (5, 12, 6), (5, 6, 6), (5, '?', 6)]"
"(31, 26, 21, 0)","[(0, 9, 6), (0, '?', 6), (13, '?', 6), (13, 9, 6)]"
"(31, 26, 26, 0)","[(0, '?', 6), (3, 7, 6), (0, '?', 6), (14, '?', 6), (0, '?', 6), (0, '?', 6), (14, '?', 6), (13, 4, 6), (0, 0, 6), (13, '?', 6), (0, '?', 6), (13, 9, 6)]"
"(31, 26, 44, 0)","[(14, 2, 6), (13, 4, 6), (3, 2, 6), (0, 7, 6), (0, 3, 6), (0, 14, 6), (3, 2, 6), (14, 2, 6), (0, 7, 6), (13, 4, 6), (13, 4, 6), (3, 2, 6), (0, 4, 6), (0, 4, 6), (0, 4, 6), (3, 7, 6), (0, 4, 6), (13, 7, 6), (13, 3, 6), (3, 3, 6), (3, 2, 6), (3, 2, 6)]"
"(31, 26, 48, 0)","[(5, 8, 6), (5, 7, 6), (5, 4, 6), (5, 4, 6), (5, 15, 6)]"
"(31, 28, 5, 0)","[(9, 1, 6), (9, 1, 6), (9, 1, 6), (9, 11, 6), (9, 1, 6)]"
"(31, 28, 21, 0)","[(4, 1, 6), (4, 1, 6)]"
"(31, 28, 23, 0)","[(11, 11, 6), (11, 11, 6), (11, 1, 6), (12, 1, 6), (11, 1, 6), (12, 1, 6)]"
"(31, 28, 41, 0)","[(4, 0, 6), (4, 0, 6)]"
"(31, 28, 43, 0)","[(10, 13, 6), (7, 11, 6), (2, 1, 6), (7, 13, 6), (2, 1, 6), (15, 1, 6), (10, 11, 6)]"
"(31, 29, 4, 0)","[(5, 4, 12), (5, 8, 12), (14, 4, 12), (5, 3, 12), (5, 3, 12), (5, 2, 12), (5, 2, 12), (5, 14, 12), (5, 8, 12), (5, 8, 12), (5, 4, 12), (5, 2, 12), (5, 8, 12), (14, 4, 12), (5, 2, 12), (14, 4, 12), (5, 14, 12), (5, 4, 12), (5, 3, 12), (5, 2, 12)]"
"(31, 29, 7, 0)","[(8, 13, 12), (8, 9, 12), (8, 13, 12), (8, 8, 12), (8, 8, 12), (8, 7, 12), (8, 4, 12), (8, 7, 12), (8, 7, 12), (8, 2, 12), (8, 4, 12), (8, 11, 12), (8, 2, 12), (8, 8, 12), (8, 7, 12), (8, 14, 12), (8, 14, 12), (8, 7, 12), (8, 13, 12), (8, 7, 12), (8, 8, 12), (8, 14, 12)]"
"(31, 29, 12, 0)","[(1, '?', 12), (6, '?', 12), (6, 9, 12), (1, '?', 12), (6, '?', 12), (1, '?', 12), (6, '?', 12), (6, '?', 12), (6, '?', 12), (1, 9, 12), (6, '?', 12), (1, '?', 12), (6, 9, 12), (1, 9, 12), (6, '?', 12), (1, '?', 12)]"
"(31, 29, 16, 0)","[(5, 13, 12), (5, 9, 12), (5, 6, 12), (5, 9, 12), (5, 1, 12), (5, 9, 12)]"
"(31, 29, 29, 0)","[(0, 4, 12), (13, 14, 12), (3, 3, 12), (14, 8, 12), (3, 14, 12), (0, 4, 12), (13, 2, 12), (3, 7, 12), (13, 14, 12), (13, 4, 12), (14, 3, 12), (13, 2, 12), (13, 4, 12), (3, 7, 12), (13, 4, 12), (14, 3, 12), (14, 8, 12), (13, 2, 12), (13, 4, 12), (13, 7, 12), (3, 7, 12), (13, 4, 12), (14, 15, 12), (13, 7, 12), (14, 3, 12), (3, 3, 12), (3, 3, 12), (13, 14, 12), (3, 14, 12), (14, 15, 12), (0, 15, 12), (14, 7, 12), (3, 8, 12), (13, 14, 12), (14, 3, 12), (0, 4, 12), (13, 14, 12), (0, 4, 12), (13, 14, 12), (3, 8, 12), (0, 15, 12), (3, 7, 12), (13, 2, 12), (14, 7, 12), (14, 14, 12), (14, 15, 12), (13, 2, 12), (3, 3, 12), (3, 15, 12), (13, 7, 12)]"
"(31, 29, 39, 0)","[(8, '?', 12), (8, 11, 12), (8, 1, 12), (8, '?', 12), (8, '?', 12), (8, 1, 12)]"
"(31, 29, 40, 0)","[(6, 14, 12), (6, 3, 12), (6, 2, 12), (6, 14, 12), (1, 15, 12), (1, 2, 12), (1, 7, 12), (6, 15, 12), (1, 7, 12), (1, 15, 12), (1, 7, 12), (1, 8, 12), (1, 2, 12), (6, 14, 12), (1, 2, 12), (6, 4, 12), (1, 2, 12), (6, 4, 12), (6, 8, 12), (6, 7, 12), (1, 4, 12), (6, 7, 12), (6, 4, 12), (1, 7, 12), (6, 2, 12), (1, 2, 12), (6, 15, 12), (6, 3, 12), (1, 3, 12), (1, 3, 12), (1, 3, 12), (1, 7, 12), (1, 4, 12), (6, 8, 12), (6, 4, 12), (1, 7, 12), (1, 9, 12), (6, 15, 12), (6, 2, 12), (1, 15, 12), (6, 15, 12), (1, 3, 12), (6, 7, 12), (6, 7, 12), (6, 8, 12)]"
"(31, 29, 41, 0)","[(3, '?', 12), (13, 9, 12), (3, '?', 12), (0, 9, 12), (3, 9, 12), (13, 9, 12), (14, 9, 12), (0, 9, 12), (3, '?', 12), (14, 9, 12), (14, 9, 12), (3, 9, 12), (3, '?', 12), (14, 9, 12), (13, 9, 12), (3, 9, 12), (13, 9, 12)]"
"(31, 29, 47, 0)","[(5, 14, 12)]"
"(31, 31, 5, 0)","[(9, 14, 6), (9, 8, 6), (9, 13, 6), (9, 15, 6), (9, 15, 6), (9, 4, 6), (9, 14, 6), (9, 9, 6), (9, 2, 6), (9, 9, 6), (9, 7, 6), (9, 13, 6), (9, 4, 6), (9, 15, 6), (9, 13, 6), (9, 13, 6), (9, 2, 6)]"
"(31, 31, 7, 0)","[('?', 7, 6), ('?', 3, 6), ('?', 3, 6), ('?', 14, 6), ('?', 8, 6), ('?', 3, 6), ('?', 7, 6), ('?', 15, 6), ('?', 14, 6), ('?', 7, 6), ('?', 8, 6)]"
"(31, 31, 13, 0)","[(9, 4, 6), (9, 2, 6), (9, 14, 6), (9, 15, 6)]"
"(31, 31, 21, 0)","[(4, '?', 6), (4, 1, 6), (4, 2, 6), (4, 8, 6), (4, '?', 6), (4, 14, 6), (4, 14, 6), (4, '?', 6), (4, '?', 6), (4, 15, 6), (4, '?', 6), (4, 13, 6), (4, 9, 6), (4, 7, 6), (4, 15, 6), (4, 7, 6), (4, 6, 6), (4, 5, 6), (4, 9, 6), (4, 13, 6), (4, 15, 6), (4, 13, 6), (4, '?', 6), (4, 1, 6), (4, 13, 6), (4, 13, 6), (4, 7, 6), (4, 12, 6), (4, 12, 6), (4, 3, 6), (4, 5, 6), (4, 14, 6), (4, 13, 6)]"
"(31, 31, 22, 0)","[(9, 13, 6), (9, 14, 6), (9, 2, 6)]"
"(31, 31, 23, 0)","[(11, 12, 6), (11, 9, 6), (12, 12, 6), (11, '?', 6), (11, 9, 6), (11, 14, 6), (11, 2, 6), (12, 9, 6), (12, 14, 6), (12, 9, 6), (12, 9, 6), (12, 4, 6), (11, 9, 6), (12, 3, 6), (11, 4, 6), (11, '?', 6), (12, 12, 6), (11, 5, 6), (11, 13, 6), (11, 9, 6), (11, '?', 6), (11, 12, 6), (12, 15, 6), (11, 14, 6), (12, 7, 6), (11, 7, 6), (12, 7, 6), (11, 3, 6), (11, 14, 6), (11, 7, 6), (11, '?', 6), (11, 2, 6), (11, 9, 6), (12, 14, 6), (11, 3, 6), (12, 3, 6), (11, 4, 6), (11, 8, 6), (12, 14, 6), (11, 7, 6), (11, 15, 6), (12, 8, 6), (12, 12, 6), (11, 2, 6), (11, '?', 6), (11, 4, 6), (12, 14, 6), (12, 15, 6), (11, 8, 6), (11, '?', 6), (12, 8, 6), (12, 9, 6), (11, 2, 6), (12, 12, 6), (11, 8, 6), (12, 4, 6), (12, 9, 6), (12, 1, 6), (12, 3, 6), (12, 3, 6), (12, 4, 6), (11, 13, 6), (11, 13, 6), (12, 15, 6), (11, '?', 6), (12, 5, 6), (11, 9, 6), (11, 13, 6), (11, 4, 6), (11, 14, 6), (11, 2, 6), (12, 9, 6), (11, 7, 6), (11, 2, 6), (11, 7, 6), (11, 5, 6), (11, 8, 6), (11, 4, 6), (11, 12, 6), (12, 15, 6), (11, 2, 6), (11, 15, 6), (12, 4, 6), (11, 15, 6), (11, 12, 6), (11, 14, 6), (11, 3, 6), (11, 3, 6), (12, 14, 6), (11, 11, 6)]"
"(31, 31, 26, 0)","[(4, 7, 6), (4, 4, 6), (4, 15, 6), (4, 8, 6), (4, 7, 6), (4, 4, 6), (4, '?', 6), (4, 2, 6), (4, 15, 6), (4, 14, 6), (4, 4, 6), (4, 4, 6), (4, 14, 6), (4, 9, 6)]"
"(31, 31, 41, 0)","[(4, 0, 6), (4, 2, 6), (4, 3, 6), (4, 3, 6), (4, 8, 6), (4, 8, 6), (4, 2, 6), (4, '?', 6), (4, 9, 6), (4, 15, 6), (4, 9, 6)]"
"(31, 31, 43, 0)","[(15, 4, 6), (15, 9, 6), (15, '?', 6), (7, 3, 6), (7, 8, 6), (2, 15, 6), (2, 15, 6), (10, 14, 6), (2, 3, 6), (10, 3, 6), (10, 2, 6), (2, 4, 6), (7, 14, 6), (7, 14, 6), (15, 14, 6), (2, '?', 6), (15, 2, 6), (10, 2, 6), (10, 2, 6), (15, 3, 6), (7, 3, 6), (10, 7, 6), (15, 13, 6), (10, '?', 6), (7, '?', 6), (15, 15, 6), (7, 3, 6), (2, 14, 6), (10, 13, 6), (2, 4, 6), (10, '?', 6), (2, 8, 6), (15, '?', 6), (7, 8, 6), (15, 7, 6), (7, 8, 6), (2, 4, 6), (10, 7, 6), (10, 7, 6), (2, 15, 6), (10, 15, 6), (7, 15, 6), (2, 7, 6), (10, 3, 6), (10, 3, 6), (10, 15, 6), (2, 3, 6), (10, 3, 6), (15, 8, 6), (7, '?', 6), (15, 9, 6), (10, 7, 6), (10, 2, 6), (2, 4, 6), (15, 7, 6), (7, 3, 6), (15, 14, 6), (10, 7, 6), (2, 8, 6), (15, 9, 6), (2, 9, 6), (2, '?', 6), (2, '?', 6), (7, 15, 6), (15, 3, 6), (15, 3, 6), (10, 3, 6), (2, '?', 6), (2, 15, 6), (15, 4, 6), (2, 14, 6), (15, 4, 6), (2, 4, 6), (7, 3, 6), (2, 9, 6), (15, 7, 6), (15, 15, 6), (7, 15, 6), (15, 7, 6), (15, 9, 6), (7, 15, 6), (10, '?', 6), (10, 14, 6), (2, '?', 6), (2, '?', 6), (7, '?', 6), (10, 15, 6), (7, '?', 6), (10, '?', 6), (15, 14, 6), (2, 7, 6), (7, '?', 6), (10, '?', 6), (15, 14, 6), (7, 3, 6), (15, 8, 6), (15, 3, 6), (10, 7, 6), (2, 15, 6), (10, 13, 6), (2, '?', 6), (10, '?', 6), (15, 3, 6), (15, 14, 6), (10, 13, 6), (2, '?', 6), (10, '?', 6), (15, 15, 6), (10, 3, 6), (15, '?', 6), (7, '?', 6), (15, 7, 6), (10, 3, 6), (15, 9, 6), (15, 15, 6), (7, 14, 6), (15, 2, 6), (10, 2, 6), (2, 14, 6), (10, 14, 6), (15, 13, 6), (2, '?', 6), (15, 15, 6), (10, 6, 6), (15, 2, 6), (10, 3, 6)]"
"(31, 31, 44, 0)","[(4, 3, 6)]"
"(31, 31, 48, 0)","[(9, 2, 6)]"
"(31, 33, 7, 0)","[(8, 15, 6), (8, 4, 6), (8, 14, 9), (8, 15, 9), (8, 7, 6), (8, 12, 6), (8, 12, 9), (8, 15, 6), (8, 7, 6), (8, 7, 6), (8, 4, 6), (8, 14, 6), (8, 3, 6), (8, 3, 6), (8, 2, 6), (8, 4, 6), (8, 3, 6), (8, 9, 9), (8, 15, 6), (8, 2, 6), (8, 15, 6), (8, 2, 6), (8, 4, 6), (8, 2, 6), (8, 15, 6), (8, 8, 9), (8, 14, 6), (8, 14, 6), (8, 2, 6), (8, 15, 6), (8, 4, 6), (8, 7, 6), (8, 8, 9), (8, 7, 6), (8, 3, 6), (8, 15, 6)]"
"(31, 33, 39, 0)","[(8, 11, 6), (8, 11, 6), (8, 1, 6)]"
"(31, 34, 5, 0)","[(9, 5, 12), (9, 5, 12), (9, '?', 12), (9, 5, 12), (9, '?', 12), (9, 1, 12), (9, 1, 12), (9, 5, 12), (9, 5, 12), (9, '?', 12), (9, 6, 12)]"
"(31, 34, 7, 0)","[('?', 5, 12), ('?', 9, 12), (8, 5, 12), ('?', 1, 12), ('?', 9, 12)]"
"(31, 34, 12, 0)","[('?', 9, 12), ('?', 11, 12), ('?', 11, 12), ('?', 11, 12), ('?', 1, 12), ('?', 11, 12), ('?', 9, 12), ('?', 9, 12), ('?', 11, 12)]"
"(31, 34, 13, 0)","[(9, 10, 12), (9, 6, 12), (9, '?', 12), (9, 1, 12), (9, 1, 12)]"
"(31, 34, 21, 0)","[(4, 6, 12), (4, 1, 12), (4, 6, 12), (4, '?', 12), (4, 1, 12), (4, 6, 12), (4, 6, 12), (4, 5, 12), (4, '?', 12), (4, '?', 12), (4, 1, 12), (4, 11, 12), (4, '?', 12), (4, '?', 12), (4, 6, 12), (4, 12, 12), (4, '?', 12)]"
"(31, 34, 22, 0)","[(9, 13, 12), (9, 13, 12), (9, 10, 12), (9, 13, 12), (9, 12, 12)]"
"(31, 34, 23, 0)","[(11, 13, 12), (11, 10, 12), (11, 1, 12), (11, 12, 12), (12, '?', 12), (12, 1, 12), (12, 10, 12), (12, 10, 12), (12, 5, 12), (12, 6, 12), (12, '?', 12), (11, 1, 12), (12, '?', 12), (12, 9, 12), (11, 13, 12), (11, 6, 12), (11, 10, 12), (11, 0, 12), (12, '?', 12), (11, 1, 12), (11, 1, 12), (11, 6, 12), (11, '?', 12), (12, 9, 12), (11, 6, 12), (11, '?', 12), (12, '?', 12), (11, 7, 12), (12, 9, 12), (12, '?', 12), (12, 5, 12), (12, 5, 12), (12, 6, 12), (11, 0, 12), (12, 10, 12), (11, 10, 12), (11, 1, 12), (11, '?', 12), (11, 6, 12), (11, '?', 12), (11, '?', 12), (11, 1, 12), (12, 6, 12), (11, 1, 12), (11, 10, 12), (12, 6, 12), (11, 6, 12), (11, 14, 12), (11, 13, 12), (12, 5, 12), (12, 1, 12), (12, '?', 12), (11, 1, 12), (12, 9, 12), (12, 5, 12), (12, 11, 12), (11, 13, 12), (11, 7, 12), (12, 5, 12), (11, 10, 12), (11, 12, 12), (12, 6, 12), (12, 11, 12), (12, 10, 12), (12, 6, 12), (12, 5, 12), (11, 15, 12), (11, '?', 12), (11, '?', 12), (11, 7, 12), (12, 9, 12), (12, 10, 12), (11, 0, 12), (11, 12, 12), (11, 6, 12)]"
"(31, 34, 39, 0)","[('?', 9, 12), ('?', 1, 12)]"
"(31, 34, 41, 0)","[(4, 9, 12), (4, 9, 12)]"
"(31, 34, 43, 0)","[(7, 1, 12), (10, 10, 12), (10, 12, 12), (10, 10, 12), (7, 6, 12), (2, 1, 12), (7, 12, 12), (2, 11, 12), (7, 6, 12), (7, '?', 12), (10, 10, 12), (15, 10, 12), (7, 6, 12), (2, 11, 12), (2, 13, 12), (7, 12, 12), (10, 12, 12), (2, 11, 12), (2, '?', 12), (10, 9, 12), (10, 5, 12), (2, 6, 12), (10, 6, 12), (7, 5, 12), (2, 9, 12), (7, 6, 12), (7, 5, 12), (15, 10, 12), (2, 1, 12), (2, 13, 12), (2, 9, 12), (2, '?', 12), (10, 5, 12), (2, 6, 12), (10, 9, 12), (2, 10, 12), (7, 10, 12), (7, 6, 12), (7, '?', 12), (7, 2, 12), (2, 6, 12), (10, 13, 12), (10, 6, 12), (15, 11, 12), (10, 1, 12), (2, 5, 12), (7, 1, 12), (2, 9, 12), (2, '?', 12), (10, 1, 12), (2, 7, 12), (7, 6, 12), (2, '?', 12), (10, 1, 12), (2, 10, 12), (10, 1, 12), (7, 5, 12), (7, 12, 12), (2, 1, 12), (2, 13, 12), (15, 10, 12), (10, 10, 12), (10, 6, 12), (10, 12, 12), (7, 13, 12), (7, 1, 12), (10, 6, 12), (2, 5, 12), (7, '?', 12), (2, 10, 12), (10, 10, 12), (10, 13, 12), (7, 12, 12), (7, 10, 12), (2, 9, 12), (10, 1, 12), (7, '?', 12), (7, 10, 12), (2, 13, 12), (7, 10, 12), (2, 10, 12), (7, 13, 12), (10, 13, 12), (7, 12, 12), (2, 7, 12), (10, 6, 12), (2, 1, 12), (2, '?', 12), (2, 1, 12), (2, '?', 12), (7, 1, 12), (2, 5, 12), (15, 6, 12), (10, 10, 12), (10, 10, 12), (10, 11, 12), (2, 6, 12), (7, 13, 12), (15, 2, 12), (7, 2, 12), (7, 1, 12), (15, 6, 12), (7, '?', 12), (7, 13, 12), (2, 12, 12), (10, 9, 12), (15, 3, 12), (2, 9, 12), (10, 13, 12), (2, 9, 12), (2, 6, 12), (7, 12, 12), (7, 12, 12), (2, '?', 12), (2, '?', 12), (10, 1, 12), (7, '?', 12), (7, 5, 12), (10, 9, 12), (10, 5, 12), (2, 5, 12), (7, 1, 12), (10, 5, 12), (7, '?', 12), (7, 10, 12), (7, 6, 12)]"
"(31, 36, 5, 0)","[(9, 15, 6), (9, 8, 6), (9, 8, 6), (9, 4, 6), (9, 9, 6), (9, 7, 6)]"
"(31, 36, 13, 0)","[(9, 8, 6)]"
"(31, 36, 15, 0)","[(9, 7, 6)]"
"(31, 36, 22, 0)","[(9, 15, 6), (9, 4, 6), (9, 15, 6)]"
"(31, 36, 41, 0)","[(4, 9, 6)]"
"(31, 36, 43, 0)","[(10, 2, 6), (2, 9, 6), (2, 3, 6), (15, 8, 6)]"
"(31, 39, 7, 0)","[('?', 7, 9)]"
"(31, 39, 23, 0)","[(12, 1, 9), (11, 1, 9), (12, 6, 9), (11, 13, 9), (12, 1, 9)]"
"(31, 39, 43, 0)","[(15, 9, 9), (7, 2, 9), (15, 9, 9), (10, '?', 9), (7, 9, 9)]"
"(31, 41, 7, 0)","[(6, 15, 9)]"
"(31, 41, 8, 0)","[(13, 1, 9)]"
"(31, 41, 12, 0)","[(1, 8, 9), (1, 9, 9), (1, 15, 9), (6, 15, 9), (1, '?', 9), (6, 8, 9), (1, '?', 9), (1, 15, 9), (6, 8, 9), (1, 2, 9), (6, 4, 9), (6, 8, 9), (1, 8, 9), (6, 2, 9), (1, '?', 9), (1, 7, 9), (1, 2, 9), (6, 15, 9), (6, 14, 9), (6, 2, 9), (1, 15, 9), (6, 2, 9), (6, 15, 9), (6, 2, 9), (1, '?', 9), (1, 8, 9), (6, 7, 9), (6, 7, 9), (1, 15, 9), (1, '?', 9), (1, '?', 9), (6, 4, 9), (1, 7, 9), (6, 4, 9), (1, 9, 9), (6, 15, 9), (6, 8, 9), (6, 8, 9), (6, 9, 9), (1, 2, 9), (6, 8, 9), (6, 9, 9), (1, 7, 9), (6, 9, 9), (1, 8, 9), (1, 2, 9), (6, 7, 9)]"
"(31, 41, 16, 0)","[(5, '?', 9), (5, '?', 9), (5, 2, 9), (5, '?', 9)]"
"(31, 41, 19, 0)","[(5, 1, 9)]"
"(31, 41, 26, 0)","[(13, 9, 9), (13, '?', 9), (14, 9, 9)]"
"(31, 41, 29, 0)","[(3, 14, 12), (0, 14, 12), (13, 3, 9), (13, 3, 9), (3, 3, 9)]"
"(31, 41, 40, 0)","[(6, 4, 9), (1, 3, 9), (6, 4, 9), (1, 8, 9), (1, 3, 9)]"
"(31, 41, 41, 0)","[(13, '?', 9), (13, '?', 9), (0, '?', 9), (3, '?', 9), (0, 9, 9), (3, 14, 9), (3, '?', 9), (0, '?', 9), (0, '?', 9), (0, '?', 9), (13, '?', 9), (3, '?', 9), (0, '?', 9), (0, '?', 9), (13, 9, 9), (13, 9, 9), (3, 15, 9), (0, '?', 9), (13, 5, 9), (13, '?', 9), (3, '?', 9), (13, '?', 9), (14, 9, 9), (13, 9, 9)]"
"(31, 41, 44, 0)","[(0, 7, 9), (14, 8, 9), (13, 4, 9), (3, 7, 9), (0, 2, 9), (13, 7, 9), (0, 2, 9), (0, 4, 9), (0, 2, 9), (14, 2, 9), (14, 15, 9), (0, 15, 9), (14, 2, 9), (0, 2, 9), (14, 2, 9), (0, 4, 9), (14, 8, 9), (14, 14, 9), (14, 15, 9), (14, 7, 9), (14, 8, 9), (3, 15, 9), (3, 8, 9), (0, 8, 9), (13, 14, 9), (0, 2, 9), (13, 14, 9), (0, 7, 9), (13, 4, 9), (0, 15, 9), (0, 2, 9), (14, 15, 9), (13, 14, 9), (14, 8, 9), (13, 8, 9), (0, 7, 9), (3, 15, 9), (0, 4, 9), (0, 14, 9), (13, 2, 9), (0, 8, 9)]"
"(31, 41, 47, 0)","[(5, 15, 9), (5, 2, 9), (5, 2, 9), (5, 7, 9), (5, 8, 9), (5, 7, 9), (5, 2, 9), (5, 2, 9), (5, 8, 9), (5, 7, 9), (5, 14, 9), (5, 3, 9), (5, 2, 9), (5, 15, 9), (5, 3, 9), (5, 14, 9), (5, 3, 9)]"
"(31, 41, 48, 0)","[(14, 4, 9)]"
"(31, 43, 43, 0)","[(15, '?', 9), (7, 9, 9), (15, 2, 12)]"
"(31, 44, 16, 0)","[(5, '?', 9)]"
"(31, 44, 29, 0)","[(13, 2, 12)]"
"(31, 44, 41, 0)","[(3, 15, 9)]"
"(31, 44, 44, 0)","[(14, 4, 9), (3, 14, 9)]"
"(31, 44, 47, 0)","[(5, 7, 9), (5, 8, 9), (5, 7, 9)]"
"(31, 45, 7, 0)","[(8, 11, 9)]"
"(31, 45, 21, 0)","[(4, 1, 9), (4, 11, 9), (4, 11, 9), (4, 1, 9)]"
"(31, 45, 23, 0)","[(11, 11, 9), (11, 11, 9), (11, 11, 9), (11, 11, 9), (11, 11, 9), (11, 13, 9), (11, 11, 9)]"
"(31, 45, 43, 0)","[(10, 11, 9), (7, 13, 9), (7, 13, 9), (2, 11, 9), (2, 13, 9), (2, 1, 9), (2, 1, 9), (10, 11, 9), (2, 13, 9), (7, 13, 9), (2, 13, 9), (10, 1, 9), (7, 1, 9), (10, 11, 9), (15, 1, 9), (15, 11, 9), (2, 11, 9), (2, 1, 9), (10, 11, 9), (7, 1, 9), (2, 11, 9), (10, 1, 9), (7, 1, 9), (2, 13, 9), (2, 1, 9), (15, '?', 9), (7, 13, 9), (10, 11, 9), (2, 1, 9), (15, 11, 9)]"
"(31, 48, 5, 0)","[(9, 7, 9), (9, '?', 9), (9, 8, 9)]"
"(31, 48, 7, 0)","[('?', 2, 9), ('?', 2, 9), ('?', 8, 9), ('?', 15, 9), ('?', 2, 9), ('?', 14, 9), ('?', 8, 9), ('?', 3, 9), ('?', 15, 9), ('?', 3, 9), ('?', 7, 9)]"
"(31, 48, 13, 0)","[(9, 3, 9), (9, 4, 9), (9, 3, 9)]"
"(31, 48, 22, 0)","[(9, 4, 9), (9, 3, 9), (9, 15, 9), (9, 15, 9), (9, 7, 9), (9, 4, 9), (9, 3, 9)]"
"(31, 48, 23, 0)","[(11, 14, 9), (12, 15, 9), (12, 2, 9), (11, 3, 9), (12, 8, 9), (11, 15, 9), (11, 4, 9), (11, 8, 9), (11, 14, 9), (11, 15, 9), (12, 8, 9), (11, 2, 9), (12, 2, 9), (11, 15, 9), (12, 2, 9), (12, 14, 9), (12, 8, 9), (11, 4, 9), (11, 7, 9), (12, 14, 9), (12, 8, 9), (12, 2, 9), (12, 15, 9), (12, '?', 9), (12, 14, 9), (12, 8, 9), (11, 8, 9), (11, 8, 9), (12, 14, 9), (11, 14, 9), (11, 2, 9), (11, 3, 9), (11, 2, 9), (11, 2, 9), (12, 3, 9), (12, 2, 9), (12, 8, 9), (12, 15, 9), (12, 15, 9), (12, 4, 9), (12, 11, 9), (12, 8, 9), (11, 15, 9), (12, 3, 9), (11, 3, 9), (11, 14, 9), (12, 15, 9), (12, 14, 9), (11, 2, 9), (11, 7, 9), (11, 2, 9), (11, 2, 9), (12, 15, 9), (12, 4, 9), (12, 4, 9), (11, 8, 9), (12, 15, 9), (11, 3, 9), (11, 7, 9), (12, 14, 9), (11, 3, 9), (11, 4, 9), (11, 14, 9), (11, 8, 9), (11, 7, 9), (11, 4, 9), (11, 2, 9), (11, 3, 9), (11, 4, 9), (11, 15, 9), (11, 8, 9), (11, 14, 9)]"
"(31, 48, 39, 0)","[('?', 9, 9)]"
"(31, 48, 41, 0)","[(4, 8, 9), (4, 14, 9), (4, 4, 9), (4, 3, 9), (4, 14, 9), (4, 4, 9), (4, 3, 9), (4, 14, 9), (4, 8, 9), (4, 3, 9), (4, 14, 9), (4, 3, 9), (4, 4, 9)]"
"(31, 48, 43, 0)","[(10, 3, 9), (10, 2, 9), (15, 3, 9), (15, 3, 9), (2, 15, 9), (7, 14, 9), (15, 3, 9), (2, 14, 9), (10, 2, 9), (7, 4, 9), (2, 15, 9), (7, 2, 9), (2, 14, 9), (7, 7, 9), (7, 15, 9), (15, 2, 9), (10, 15, 9), (10, 2, 9), (10, 14, 9), (7, 4, 9), (7, 14, 9), (10, 14, 9), (7, 15, 9), (2, 14, 9), (2, 15, 9), (7, 2, 9), (10, 15, 9), (15, 14, 9), (2, 3, 9), (10, 8, 9), (7, 3, 9), (15, 15, 9), (10, 15, 9), (10, 14, 9), (7, 15, 9), (7, 8, 9), (7, 8, 9), (10, 14, 9), (15, 9, 9), (2, 14, 9), (10, 3, 9), (15, 14, 9), (7, 4, 9), (2, 8, 9), (15, 14, 9), (10, 2, 9), (2, 8, 9), (15, 15, 9), (7, 15, 9), (2, 4, 9), (15, 8, 9), (10, 15, 9), (10, 14, 9), (7, 3, 9), (7, 15, 9), (7, 14, 9), (2, 3, 9), (10, 2, 9), (7, 15, 9), (7, 3, 9), (7, 3, 9), (2, 2, 9), (2, 8, 9), (15, 2, 9), (2, 4, 9), (15, 4, 9), (7, 4, 9), (2, 15, 9), (15, 4, 9), (15, 2, 9), (10, 14, 9), (2, 2, 9), (2, 7, 9), (7, 7, 9), (15, 14, 9), (7, 7, 9), (2, 14, 9), (15, 2, 9), (7, 15, 9), (2, 7, 9), (15, 3, 9), (7, 14, 9), (15, 4, 9), (15, 14, 9), (7, 14, 9), (10, 2, 9), (2, 2, 9), (7, 9, 9), (10, 3, 9), (7, 3, 9), (10, 3, 9), (10, 2, 9), (15, 8, 9), (2, 14, 9), (7, 8, 9), (10, 14, 9), (2, 2, 9), (7, 8, 9), (7, 7, 9), (7, 2, 9), (7, 14, 9), (15, 4, 9), (15, 2, 9)]"
"(31, 48, 44, 0)","[(4, 3, 9), (4, 3, 9)]"
"(31, 49, 5, 0)","[(9, 1, 6), (9, 10, 6), (9, 5, 6), (9, 5, 6), (9, 5, 6), (9, 10, 6), (9, 5, 6), (9, 10, 6)]"
"(31, 49, 7, 0)","[('?', 5, 6)]"
"(31, 49, 8, 0)","[(4, 12, 6)]"
"(31, 49, 21, 0)","[(4, 5, 6), (4, 6, 6), (4, 6, 6), (4, 6, 6), (4, 6, 6), (4, 12, 6), (4, 12, 6), (4, 12, 6)]"
"(31, 49, 23, 0)","[(11, 12, 6), (11, 5, 6), (11, 1, 6), (11, 13, 6), (11, 11, 6), (11, 13, 6), (11, 13, 6), (11, 10, 6), (11, 12, 6), (11, 5, 6), (11, 1, 6), (11, 1, 6), (11, 10, 6), (12, 1, 6), (11, 12, 6), (11, 5, 6), (11, 10, 6)]"
"(31, 49, 39, 0)","[('?', 5, 6), ('?', 10, 6), ('?', 5, 6), ('?', 13, 6), ('?', 13, 6), ('?', 13, 6), ('?', 6, 6), ('?', 13, 6), ('?', 1, 6), ('?', 13, 6), ('?', 6, 6), ('?', 1, 6)]"
"(31, 49, 43, 0)","[(2, 12, 6), (15, 12, 6), (2, 1, 6), (10, 1, 6), (2, 1, 6), (7, 10, 6), (7, 6, 6), (15, 10, 6), (15, 5, 6), (2, 1, 6), (2, 1, 6), (15, 10, 6), (15, 12, 6), (2, 12, 6), (7, 6, 6), (2, 12, 6), (2, 10, 6), (2, 5, 6), (15, 1, 6), (2, 6, 6), (2, 5, 6), (2, 12, 6), (10, 12, 6), (15, 1, 6), (15, 12, 6), (2, 5, 6), (2, 10, 6), (15, 6, 6), (7, 10, 6), (7, 10, 6), (2, 10, 6), (7, 1, 6), (2, 6, 6), (7, 12, 6), (7, 6, 6), (2, 6, 6), (2, 5, 6), (7, 13, 6), (2, 6, 6), (7, 5, 6), (2, 5, 6), (10, 12, 6), (2, 5, 6), (7, 6, 6), (7, 13, 6), (2, 10, 6), (15, 5, 6), (15, 10, 6), (15, 13, 6), (2, 6, 6), (10, 10, 6), (15, 6, 6), (15, 1, 6), (15, 13, 6), (2, 6, 6), (15, 1, 6), (7, 13, 6), (7, 13, 6), (10, 12, 6), (15, 12, 6), (15, 10, 6), (2, 12, 6), (7, 5, 6), (2, 12, 6), (7, 13, 6), (2, 5, 6), (15, 11, 6), (7, 13, 6), (15, 6, 6), (7, 12, 6), (7, 10, 6), (7, 10, 6), (15, 1, 6), (15, 5, 6), (15, 10, 6), (7, 1, 6), (15, 5, 6), (10, 1, 6), (7, 6, 6), (10, 12, 6), (15, 5, 6), (15, 11, 6), (15, 1, 6), (7, 5, 6), (10, 10, 6), (2, 10, 6), (10, 1, 6), (2, 12, 6), (10, 6, 6), (7, 10, 6), (10, 6, 6), (10, 13, 6)]"
"(31, 50, 7, 0)","[('?', 3, 6), ('?', 15, 6), ('?', 3, 6), ('?', 15, 6), ('?', 3, 6), ('?', 15, 6), ('?', 15, 6), ('?', 15, 6)]"
"(31, 50, 23, 0)","[(12, 8, 6), (12, 15, 6)]"
"(31, 50, 43, 0)","[(2, 8, 6), (10, 15, 6), (10, 15, 6), (10, 2, 6)]"
"(31, 51, 23, 0)","[(12, 4, 6), (12, 7, 6), (12, 7, 6), (12, 8, 6)]"
"(31, 51, 43, 0)","[(2, 7, 6), (15, '?', 6), (2, 7, 6), (15, 7, 6)]"
"(32, 3, 3, 0)","[(0, 11, 8), (3, 11, 8), (3, 5, 8), (0, 5, 8), (3, 13, 8), (3, 12, 8), (0, 11, 8), (13, 11, 8), (3, 6, 8), (3, 13, 8), (14, 6, 8), (14, 6, 8), (3, 12, 8), (14, 6, 8), (3, 11, 8), (0, 5, 8), (0, 11, 8), (0, 11, 8), (3, 5, 8), (13, 6, 8), (13, 11, 8), (14, 9, 8), (13, 5, 8), (0, 11, 8), (3, 12, 8), (3, 12, 8), (13, 12, 8)]"
"(32, 3, 26, 0)","[(3, 1, 8), (5, 0, 8)]"
"(32, 3, 30, 0)","[(6, 0, 8), (6, 0, 8), (5, 0, 8), (5, 0, 8)]"
"(32, 3, 35, 0)","[(0, 11, 8), (3, 10, 8), (13, 12, 8), (0, 10, 8), (13, 11, 8), (13, 12, 8), (0, 10, 8), (14, 11, 8), (0, 11, 8), (0, 10, 8), (3, 10, 8), (14, 12, 8), (13, 11, 8), (3, 11, 8)]"
"(32, 3, 38, 0)","[(6, 3, 8), (1, 5, 8), (1, 9, 8), (6, 13, 8), (6, 5, 8), (5, 13, 8), (6, 2, 8), (6, 11, 8), (6, 13, 8), (6, '?', 8), (1, '?', 8), (1, 12, 8), (6, 9, 8), (6, 12, 8), (6, 4, 8), (1, 11, 8), (1, 2, 8), (1, '?', 8), (1, 7, 8), (1, 13, 8), (1, 7, 8), (1, 13, 8), (6, 3, 8), (1, 11, 8), (1, '?', 8), (6, 8, 8), (1, 11, 8), (6, 13, 8), (1, '?', 8), (6, '?', 8), (1, 5, 8), (6, '?', 8), (1, '?', 8), (1, 5, 8), (6, 2, 8), (6, 1, 8), (6, '?', 8), (6, 13, 8), (1, 12, 8), (6, '?', 8), (6, 12, 8), (6, 12, 8), (6, 5, 8), (1, 5, 8), (6, 11, 8), (1, 7, 8), (6, 13, 8), (1, 13, 8), (6, '?', 8), (1, 4, 8), (1, 12, 8), (6, 13, 8), (1, 9, 8), (1, 9, 8), (1, 5, 8), (6, 9, 8), (1, 2, 8), (1, '?', 8), (6, '?', 8), (1, 11, 8), (1, '?', 8), (6, 1, 8), (1, '?', 8), (6, 2, 8), (6, 4, 8), (1, 10, 8), (6, 13, 8), (6, 5, 8), (1, 8, 8), (6, 11, 8), (6, 9, 8), (6, 8, 8), (6, 9, 8), (6, 9, 8), (1, 12, 8)]"
"(32, 3, 49, 0)","[(1, 10, 8), (5, 11, 8), (5, 10, 8), (5, 11, 8), (5, 13, 8), (1, 10, 8), (5, 10, 8), (6, 6, 8), (5, 12, 8), (5, 11, 8), (5, 10, 8), (5, 5, 8), (5, 12, 8), (6, 6, 8), (1, 10, 8), (1, 10, 8), (5, 10, 8), (5, 12, 8)]"
"(32, 3, 50, 0)","[(5, 13, 8), (5, '?', 8), (5, '?', 8), (1, 6, 8), (5, '?', 8), (5, 6, 8), (5, 9, 8), (6, 6, 8), (5, 12, 8), (1, 6, 8), (5, 4, 8), (5, 6, 8), (5, 1, 8), (5, 11, 8), (5, 6, 8), (1, 6, 8), (5, 11, 8), (1, 6, 8), (5, 1, 8), (5, 6, 8), (5, '?', 8), (5, 9, 8), (5, 11, 8), (5, 1, 8), (5, 1, 8), (5, 13, 8), (5, 11, 8), (6, 6, 8), (5, '?', 8), (5, 6, 8), (5, 13, 8)]"
"(32, 4, 4, 0)","[(5, 4, 3), (14, 4, 3), (5, 7, 3), (14, 4, 3)]"
"(32, 4, 7, 0)","[(6, 3, 3), (6, 4, 3)]"
"(32, 4, 29, 0)","[(13, 3, 3), (0, 4, 3)]"
"(32, 4, 40, 0)","[(1, 7, 3), (1, 14, 3), (1, 7, 3), (1, 8, 3), (6, 14, 3), (6, 7, 3), (1, 14, 3), (1, 8, 3), (1, 14, 3), (14, 4, 3), (6, 15, 3), (6, 15, 3), (6, 4, 3), (1, 7, 3), (6, 4, 3), (6, 3, 3), (6, 14, 3), (1, 3, 3)]"
"(32, 6, 38, 0)","[(8, 3, 11), ('?', 15, 11), (1, 2, 8)]"
"(32, 6, 39, 0)","[(1, 12, 7)]"
"(32, 6, 43, 0)","[(6, 15, 7)]"
"(32, 6, 49, 0)","[('?', 12, 11)]"
"(32, 8, 8, 0)","[(3, 6, 4), (0, 6, 4), (14, 6, 4), (14, 6, 4), (14, 6, 4), (0, 6, 4), (0, 5, 4), (0, 6, 4), (3, 6, 4), (0, 6, 4), (0, 6, 4), (0, 6, 4), (3, 6, 4), (14, 6, 4), (0, 6, 4), (14, 6, 4), (13, 6, 4), (0, 6, 4), (14, 6, 4), (3, 6, 4)]"
"(32, 8, 12, 0)","[(6, 9, 4), (6, 13, 4), (1, 11, 4), (6, 13, 4), (6, 13, 4), (6, 9, 4), (6, 13, 4), (6, 9, 4), (6, 5, 4), (6, 13, 4), (1, 5, 4), (6, 13, 4)]"
"(32, 8, 16, 0)","[(5, 12, 4), (5, 6, 4), (5, 12, 4), (5, 6, 4)]"
"(32, 8, 19, 0)","[(6, 6, 4), (5, 6, 4), (5, 6, 4), (5, 6, 4), (5, 13, 4)]"
"(32, 8, 21, 0)","[(0, 10, 4), (13, 11, 4), (13, 12, 4)]"
"(32, 8, 41, 0)","[(0, 6, 4), (13, 6, 4)]"
"(32, 9, 3, 0)","[(3, 9, 8), (13, 6, 8), (13, 6, 8), (0, '?', 8), (14, 6, 8), (14, 6, 8), (3, 6, 8), (14, 1, 8), (14, 9, 8), (13, 13, 8), (13, 9, 8), (3, 6, 8), (13, 13, 8), (13, 6, 8), (14, 1, 8), (13, 1, 8), (13, 6, 8), (14, 13, 8), (13, 13, 8), (0, '?', 8), (0, '?', 8), (14, 13, 8), (0, 9, 8), (3, 1, 8), (14, 9, 8), (3, 6, 8), (3, 6, 8), (13, 9, 8), (13, 6, 8), (13, 13, 8), (0, 6, 8), (3, 13, 8), (13, 6, 8), (0, 6, 8), (13, 6, 8), (13, 13, 8)]"
"(32, 9, 9, 0)","[(0, 9, 8), (13, '?', 8), (13, '?', 8), (13, '?', 8), (13, 9, 8), (13, '?', 8), (0, 8, 8), (13, 8, 8), (3, 3, 8)]"
"(32, 9, 11, 0)","[(1, 5, 15), (6, 5, 15), (6, 5, 15)]"
"(32, 9, 14, 0)","[(3, 5, 15), (3, 6, 15), (14, 1, 15), (3, 1, 15), (3, 6, 15), (14, 9, 15), (14, 1, 15), (13, 13, 15), (3, 6, 15), (14, 1, 15), (14, 9, 15), (14, 13, 15), (0, 5, 15), (3, 13, 15), (3, 13, 15), (14, 13, 15), (14, 9, 15), (0, 1, 15), (14, 1, 15), (3, 6, 15), (14, 9, 15), (0, 1, 15), (3, 6, 15), (0, 1, 15), (14, 1, 15), (14, 9, 15), (14, 6, 15), (14, 9, 15), (14, 9, 15), (0, 9, 15), (0, 1, 15), (14, 1, 15), (13, 1, 15), (0, 5, 15), (0, 9, 15), (3, 5, 15), (14, 13, 15)]"
"(32, 9, 18, 0)","[(6, 6, 15), (8, 6, 15), (1, 6, 15), (1, 6, 15)]"
"(32, 9, 20, 0)","[(0, 3, 8), (3, 9, 8), (14, 14, 8), (0, 15, 8), (13, 14, 8), (3, 2, 8), (0, 3, 8)]"
"(32, 9, 24, 0)","[(6, 1, 8), (6, 1, 8)]"
"(32, 9, 25, 0)","[(14, 15, 8), (0, 7, 8), (0, 15, 8), (0, 15, 8), (13, 3, 8), (13, 15, 8), (13, 4, 8), (0, 4, 8), (14, 7, 8), (13, 15, 8), (0, 15, 8), (3, 3, 8), (3, 14, 8), (13, 3, 8), (14, 2, 8), (13, 14, 8), (14, 15, 8), (13, 15, 8), (14, 14, 8), (13, 15, 8), (0, 4, 8), (14, 2, 8), (0, 8, 8), (0, 15, 8), (0, 8, 8), (13, 15, 8), (0, 3, 8), (3, 7, 8), (3, 14, 8), (3, 6, 8), (0, 4, 8), (14, 2, 8), (14, 15, 8), (13, 8, 8), (13, 4, 8), (3, 15, 8), (3, 7, 8), (13, 8, 8), (0, 8, 8), (0, 8, 8), (14, 15, 8), (0, 7, 8)]"
"(32, 9, 26, 0)","[(13, 2, 8), (13, 9, 8), (0, 9, 8), (14, 14, 8), (3, 14, 8), (0, 4, 8), (3, 15, 8), (0, 9, 8), (0, 7, 8), (13, 14, 8), (14, 14, 8), (14, 2, 8), (0, 7, 8), (13, '?', 8), (3, 14, 8), (3, 2, 8), (13, 9, 8), (13, 15, 8), (14, 2, 8), (3, 7, 8), (3, 15, 8), (0, 15, 8), (14, 2, 8), (13, 3, 8), (0, 4, 8), (0, '?', 8), (13, 8, 8), (0, '?', 8), (13, 3, 8), (0, 3, 8), (13, 2, 8), (0, 7, 8), (3, 7, 8), (0, 2, 8), (13, 2, 8), (14, 7, 8), (13, '?', 8), (0, 15, 8), (3, 3, 8), (0, '?', 8), (14, 7, 8), (3, 14, 8), (13, 15, 8), (3, 14, 8), (0, 4, 8), (3, 2, 8), (13, 9, 8), (0, 4, 8), (13, 14, 8), (13, '?', 8), (13, 8, 8), (13, 4, 8), (13, 14, 8), (13, '?', 8), (3, 15, 8), (0, 3, 8), (0, '?', 8), (13, 9, 8), (13, 2, 8), (0, 7, 8), (3, 15, 8), (0, 2, 8), (3, 15, 8), (0, 3, 8), (13, 4, 8), (14, 4, 8), (13, 4, 8), (14, 1, 8), (13, 8, 8), (3, 3, 8), (14, 7, 8), (14, 4, 8), (3, 8, 8), (0, 15, 8), (14, 14, 8), (13, 14, 8), (0, 3, 8), (3, 7, 8), (3, 7, 8), (3, 2, 8), (0, 15, 8), (0, 2, 8), (13, 2, 8), (13, 3, 8), (3, 14, 8), (3, 8, 8), (13, '?', 8), (0, '?', 8), (0, 2, 8), (13, 4, 8), (3, 7, 8)]"
"(32, 9, 28, 0)","[(13, 1, 8)]"
"(32, 9, 31, 0)","[(0, 15, 8), (0, 2, 8)]"
"(32, 9, 32, 0)","[(14, 4, 8), (14, 14, 8), (13, 14, 8)]"
"(32, 9, 35, 0)","[(0, 6, 8), (14, 13, 8), (13, 10, 11), (14, 13, 8), (13, 1, 8), (14, 13, 8), (14, 6, 8), (13, 13, 8), (13, 9, 8), (14, 6, 8), (14, 6, 8), (0, 9, 8), (13, 13, 8), (0, 5, 8), (14, 9, 8), (3, 6, 8), (0, 9, 8), (3, 6, 8), (0, 6, 8), (0, 9, 8), (3, 6, 8), (14, 9, 8), (0, 9, 8), (0, 6, 8), (3, 9, 8), (0, 6, 8), (13, 9, 8), (14, 13, 8), (0, 6, 8), (3, 1, 8), (14, 6, 8), (3, 9, 8), (14, 1, 8), (14, 6, 8), (13, 13, 8), (14, 13, 8), (3, 5, 8), (13, 13, 8), (3, 1, 8), (3, 9, 8), (14, 13, 8), (13, 6, 8), (14, 9, 8)]"
"(32, 9, 38, 0)","[(1, 9, 8), (8, 3, 8), (6, 9, 8), (1, 13, 8), (1, 13, 8), (6, 9, 8), (1, 13, 8), (1, 9, 8), (6, 9, 8), (1, 9, 8), (6, 13, 8)]"
"(32, 9, 46, 0)","[(13, 15, 8), (14, 15, 8), (0, 4, 8), (13, 14, 8), (13, 15, 8), (13, 4, 8), (13, 4, 8), (13, 2, 8)]"
"(32, 9, 49, 0)","[(6, 1, 8), (5, 5, 8), (5, 9, 8), (5, 1, 8), (5, 13, 8), (6, 1, 8), (6, 1, 8), (5, 13, 8), (1, 6, 8), (1, 6, 8)]"
"(32, 9, 50, 0)","[(5, 8, 8), (5, 3, 8), (5, 4, 8), (5, 8, 8), (5, 8, 8), (5, 3, 8), (5, 3, 8), (14, 4, 8), (14, 4, 8), (5, 3, 8)]"
"(32, 9, 51, 0)","[(14, 4, 8)]"
"(32, 11, 11, 0)","[(8, 4, 15), (8, 2, 15), (8, 8, 15), (8, 3, 15), (8, 4, 15), (8, 4, 15), (8, 4, 15), (8, 14, 15), (8, 5, 15), (8, 8, 15), (8, '?', 15), (8, '?', 15), (8, '?', 15), (8, 14, 15), (8, '?', 15), (8, 2, 15), (8, 14, 15), (8, 2, 15), (8, 2, 15), (8, 14, 15), (8, 8, 15), (8, '?', 15), (8, 4, 15), (8, 2, 15), (8, '?', 15), (8, 2, 15), (8, '?', 15), (8, '?', 15), (8, 8, 15), (8, 14, 15), (8, 8, 15), (8, 14, 15)]"
"(32, 11, 17, 0)","[(8, 3, 15), (8, 14, 15), (6, 3, 15), (8, 3, 15), (8, 3, 15), (8, 8, 15), (8, 8, 15), (8, 8, 15), (8, 14, 15), (8, 3, 15), (8, 14, 15), (8, 2, 15), (8, 3, 15), (8, 4, 15), (8, 3, 15)]"
"(32, 11, 38, 0)","[(8, 3, 15), (8, 3, 15)]"
"(32, 14, 11, 0)","[(6, 7, 15), (6, 2, 15), (1, 9, 15), (6, 3, 15), (6, 13, 15), (1, 7, 15), (1, 7, 15), (6, 9, 15), (6, 5, 15), (6, 9, 15), (6, 14, 15), (6, '?', 15), (1, 15, 15), (6, 8, 15), (6, 1, 15), (1, 15, 15), (1, 7, 15), (6, 13, 15), (1, 3, 15), (1, 2, 15), (1, '?', 15), (1, 2, 15), (1, 2, 15), (1, 9, 15), (6, 2, 15), (6, 4, 15), (1, 2, 15), (6, '?', 15), (6, 15, 15), (1, '?', 15), (6, 3, 15), (6, '?', 15), (6, 2, 15), (1, 5, 15), (1, 14, 15), (6, 8, 15), (6, 11, 15), (6, '?', 15), (6, 7, 15), (1, '?', 15), (1, 7, 15), (1, 1, 15), (1, 4, 15), (6, 13, 15), (6, 9, 15), (6, 3, 15), (1, 11, 15), (6, 2, 15), (1, 4, 15), (6, '?', 15), ('?', 3, 15), (1, '?', 15), (6, 9, 15), (6, 13, 15), (6, 1, 15), (1, 5, 15), (1, 9, 15), (8, 14, 15), (6, 13, 15), (6, 11, 15), (6, '?', 15), (1, 1, 15), (1, 14, 15), (6, 7, 15), (1, 15, 15), (6, 4, 15), (1, 3, 15), (6, 9, 15), (6, 15, 15), (6, 11, 15), (6, 8, 15), (1, 11, 15), (6, 5, 15), (1, 9, 15), (1, 9, 15), (6, '?', 15), (6, 11, 15), (6, 6, 15), (6, 7, 15), (6, 15, 15), (1, '?', 15), (6, 3, 15), (6, 15, 15), (6, 7, 15), (1, '?', 15), (1, '?', 15), (1, '?', 15), (1, 15, 15), (6, 6, 15), (1, '?', 15), (1, 3, 15), (6, 9, 15), (1, 13, 15), (6, 2, 15), (1, 7, 15)]"
"(32, 14, 14, 0)","[(3, 13, 15), (14, '?', 15), (14, 2, 15), (13, 2, 15), (13, 7, 15), (14, 7, 15), (3, 13, 15), (0, 6, 15), (3, 13, 15), (13, 3, 15), (0, 1, 15), (14, 9, 15), (0, '?', 15), (13, 13, 15), (0, '?', 15), (3, 1, 15), (0, 1, 15), (0, 6, 15), (0, 3, 15), (13, 6, 15), (14, 2, 15), (13, 13, 15), (13, 15, 15), (0, '?', 15), (0, '?', 15), (13, 2, 15), (13, 7, 15), (13, 1, 15), (13, 6, 15), (0, 1, 15), (0, 6, 15), (0, '?', 15), (3, 13, 15), (0, '?', 15), (13, '?', 15), (14, 7, 15), (0, 14, 15), (13, 15, 15), (13, 15, 15), (14, 8, 15), (13, 2, 15), (0, 5, 15), (13, 1, 15), (14, 6, 15), (13, '?', 15), (13, 1, 15), (14, 6, 15), (0, 6, 15), (13, 2, 15), (13, 13, 15), (14, 7, 15), (0, 9, 15), (13, '?', 15), (13, 6, 15), (13, 13, 15), (14, 13, 15), (14, 13, 15), (13, '?', 15), (0, 6, 15), (14, '?', 15), (14, '?', 15), (13, 4, 15), (14, '?', 15), (13, 14, 15), (3, 6, 15), (0, 4, 15), (0, '?', 15), (14, 4, 15), (14, 2, 15), (13, 14, 15), (14, 6, 15), (14, '?', 15), (3, 14, 15), (14, 6, 15), (14, '?', 15), (0, 9, 15), (0, 5, 15), (14, 13, 15), (14, 4, 15), (14, 8, 15), (13, 1, 15), (13, '?', 15), (14, 2, 15), (13, 2, 15), (13, 15, 15), (0, 9, 15), (0, '?', 15), (13, 14, 15), (14, '?', 15), (0, 6, 15), (14, 2, 15), (13, '?', 15), (3, 15, 15), (13, '?', 15), (0, 6, 15), (13, 13, 15)]"
"(32, 14, 17, 0)","[(1, 14, 15), (6, 4, 15), (1, 15, 15), (1, 14, 15), (6, 15, 15), (1, 3, 15), (6, 7, 15), (1, 14, 15), (1, 4, 15), (6, 4, 15), (1, 14, 15), (6, 14, 15), (1, 15, 15), (6, 3, 15), (1, 4, 15), (1, 7, 15), (6, 4, 15), (6, 7, 15), (1, 15, 15), (1, 14, 15), (6, 4, 15), (1, 2, 15), (1, 4, 15), (1, 14, 15), (6, 2, 15), (1, 14, 15), (6, 14, 15), (6, 14, 15), (6, 3, 15), (6, 15, 15), (6, 15, 15), (6, 8, 15), (6, 8, 15), (6, 4, 15), (6, 8, 15), (1, 4, 15), (6, 14, 15), (6, 3, 15), (6, 7, 15), (1, 4, 15), (6, 15, 15), (6, 8, 15), (1, 4, 15), (6, 4, 15), (1, 4, 15), (6, 7, 15), (6, 15, 15), (6, 14, 15), (6, 4, 15), (1, 7, 15), (6, 3, 15)]"
"(32, 14, 18, 0)","[(5, 4, 15), (5, 3, 15), (5, 7, 15), (6, 6, 15), (5, 7, 15), (5, 2, 15), (5, '?', 15), (5, '?', 15), (5, '?', 15), (5, 2, 15), (5, 3, 15), (5, 8, 15), (5, 4, 15), (5, 2, 15), (5, 2, 15), (5, 9, 15), (14, 3, 15), (5, 3, 15), (5, '?', 15), (5, 8, 15), (5, 8, 15), (5, 3, 15), (5, '?', 15), (5, 13, 15), (5, 8, 15), (5, 2, 15), (5, 9, 15), (5, 4, 15), (5, '?', 15), (5, 4, 15), (5, 4, 15), (5, 9, 15), (5, 13, 15), (5, 9, 15), (1, 6, 15), (5, 13, 15), (5, '?', 15), (5, 5, 15), (5, 13, 15), (5, 5, 15), (14, 3, 15), (5, 5, 15), (5, '?', 15), (5, 3, 15), (5, 7, 15), (14, 14, 15)]"
"(32, 14, 20, 0)","[(3, 3, 15), (14, 8, 15), (3, 14, 15), (0, 3, 15), (0, 3, 15), (13, 2, 15), (13, 14, 15), (3, 15, 15), (13, 4, 15), (3, 3, 15), (0, 8, 15), (13, 7, 15), (0, 8, 15), (3, 3, 15), (3, 3, 15), (13, 8, 15), (13, 4, 15), (0, 14, 15), (14, 3, 15), (3, 15, 15), (13, 15, 15), (13, 7, 15), (13, 15, 15), (3, 3, 15), (3, 3, 15), (13, 8, 15), (13, 3, 15), (13, 3, 15), (3, 15, 15), (0, 7, 15), (13, 7, 15), (13, 3, 15), (0, 7, 15), (3, 8, 15), (0, 8, 15), (3, 3, 15), (14, 2, 15), (13, 15, 15)]"
"(32, 14, 25, 0)","[(13, 4, 15), (0, 3, 15), (3, 3, 15), (0, 7, 15), (0, 3, 15), (14, 8, 15), (0, 4, 15), (14, 3, 15), (3, 15, 15), (0, 14, 15), (13, 3, 15), (14, 7, 15), (14, 14, 15), (3, 8, 15), (13, 15, 15), (0, 4, 15), (0, 14, 15), (3, 14, 15), (3, 15, 15), (3, 15, 15), (13, 2, 15), (3, 15, 15), (0, 3, 15), (13, 8, 15), (0, 4, 15), (0, 14, 15), (3, 8, 15), (13, 3, 15), (3, 14, 15), (0, 4, 15), (0, 7, 15), (14, 14, 15), (0, 8, 15), (0, 8, 15), (3, 14, 15), (13, 4, 15), (3, 8, 15), (14, 2, 15), (13, 2, 15), (3, 14, 15), (0, 7, 15), (3, 15, 15), (13, 7, 15), (0, 4, 15), (0, 8, 15), (3, 14, 15), (0, 14, 15), (13, 8, 15), (3, 3, 15), (14, 2, 15), (0, 4, 15), (13, 7, 15), (0, 8, 15), (13, 14, 15), (13, 7, 15), (0, 4, 15), (0, 7, 15), (13, 8, 15), (0, 4, 15), (13, 14, 15), (14, 8, 15), (0, 14, 15), (13, 15, 15)]"
"(32, 14, 32, 0)","[(14, 7, 15), (14, 7, 15), (13, 4, 15), (0, 14, 15), (0, 14, 15), (13, 8, 15), (0, 14, 15), (13, 7, 15)]"
"(32, 14, 38, 0)","[(1, 3, 15), (1, 3, 15)]"
"(32, 14, 50, 0)","[(5, 3, 15), (14, 4, 15)]"
"(32, 14, 51, 0)","[(5, 3, 15), (5, 2, 15), (5, 8, 15), (14, 4, 15), (14, 14, 15), (14, 14, 15), (5, 4, 15), (5, 7, 15), (5, 3, 15), (5, 4, 15), (5, 4, 15), (14, 4, 15), (14, 4, 15), (5, 3, 15), (14, 4, 15), (14, 4, 15), (5, 3, 15), (5, 2, 15), (0, 3, 15), (14, 14, 15), (14, 3, 15), (5, 8, 15), (14, 14, 15), (5, 7, 15), (5, 7, 15), (5, 2, 15), (5, 8, 15), (5, 8, 15), (14, 14, 15), (14, 7, 15)]"
"(32, 16, 7, 0)","[(1, 9, '?')]"
"(32, 16, 12, 0)","[(6, 11, 7), (6, 12, 4), (1, 11, 7), (6, 12, 7), (6, 11, 7), (1, 5, 7), (6, 12, 7), (1, 12, 7), (6, 11, 7)]"
"(32, 16, 16, 0)","[(5, 6, 7), (5, 11, 4), (6, 10, 7), (5, 10, 3), (1, 10, 7)]"
"(32, 16, 41, 0)","[(13, 6, 4)]"
"(32, 18, 11, 0)","[(1, 1, 15), (8, 10, 15), (1, 1, 15), (8, 13, 15), (6, 5, 15), (1, 13, 15), (8, 13, 15), (8, 11, 15), (8, 9, 15), (8, 13, 15), (8, 5, 15), (1, 5, 15), (8, 9, 15), (8, 1, 15), (8, 1, 15), (8, 5, 15), (8, 9, 15), (8, 1, 15), (6, 1, 15), (8, 9, 15), (8, 11, 15), (8, 11, 15), (6, 13, 15), (8, 1, 15), (8, 5, 15), (8, 13, 15), (6, 9, 15), (1, 13, 15), (1, 5, 15), (8, 5, 15), (1, 9, 15), (8, 9, 15), (1, 13, 15), (8, 5, 15), (1, 1, 15), (8, 1, 15), (1, 13, 15), (1, 9, 15), (8, 6, 15), (1, 5, 15), (8, 9, 15), (6, 13, 15), (6, 5, 15), (6, 5, 15), (8, 13, 15), (6, 5, 15), (8, 11, 15), (8, 1, 15), (8, 1, 15), (6, 12, 15), (6, 1, 15), (8, 5, 15), (8, 9, 15), (6, 1, 15), (8, 6, 15), (6, 9, 15), (8, 13, 15), (8, 9, 15), (1, 1, 15), (1, 1, 15), (8, 11, 15), (8, 9, 15), (1, 1, 15), (8, 6, 15), (1, 9, 15), (1, 1, 15), (6, 5, 15), (6, 9, 15), (1, 5, 15), (8, 5, 15), (6, 11, 15), (8, 11, 15), (1, 5, 15), (8, 13, 15), (1, 9, 15)]"
"(32, 18, 14, 0)","[(13, 1, 15), (14, 9, 15), (0, 1, 15), (0, 1, 15), (3, 1, 15), (3, 1, 15)]"
"(32, 18, 18, 0)","[(6, 6, 15), (6, 6, 15), (8, 1, 15), (8, 10, 15), (6, 6, 15), (8, 6, 15), (5, 13, 15), (5, 9, 15), (8, 10, 15), (1, 6, 15), (5, 9, 15), (8, 10, 15), (8, 10, 15), (6, 6, 15), (5, 9, 15), (5, 9, 15), (6, 6, 15), (5, 9, 15), (6, 6, 15), (5, 13, 15), (1, 6, 15), (5, 13, 15)]"
"(32, 18, 49, 0)","[(5, 1, 8), (5, 1, 8), (5, 1, 8)]"
"(32, 19, 12, 0)","[(6, 5, 4), (1, 1, 4), (6, 5, 4), (1, 11, 4), (6, 5, 4), (1, 11, 4)]"
"(32, 19, 19, 0)","[(1, 1, 4), (1, 1, 4), (6, 6, 4)]"
"(32, 20, 14, 0)","[(13, '?', 15), (13, 13, 15)]"
"(32, 20, 30, 0)","[(6, 0, 8)]"
"(32, 21, 12, 0)","[(6, 12, 4), (6, 12, 4), (6, 12, 7)]"
"(32, 21, 16, 0)","[(6, 10, 4), (6, 10, 4), (5, 12, 4), (1, 10, 4), (6, 10, 4), (6, 10, 4)]"
"(32, 21, 21, 0)","[(13, 12, 4), (0, 5, 4), (13, 12, 4), (13, 12, 4), (14, 10, 4), (13, 12, 4), (3, 12, 4), (3, 12, 4), (13, 5, 4), (13, 5, 4), (14, 12, 4), (13, 10, 4), (14, 12, 4), (14, 10, 4), (3, 10, 4), (3, 10, 4), (0, 12, 7), (0, 10, 7)]"
"(32, 21, 39, 0)","[(1, 10, 7)]"
"(32, 24, 38, 0)","[(1, 13, 8), (6, 9, 8), (1, 9, 8), (1, 13, 8), (1, 13, 8)]"
"(32, 25, 8, 0)","[(0, 13, 7)]"
"(32, 25, 9, 0)","[(13, 1, 11), (0, 9, 11), (0, 9, 8), (13, 1, 11)]"
"(32, 25, 14, 0)","[(3, 5, 15), (3, 5, 15), (13, 5, 15), (14, 6, 15), (0, 5, 15), (3, 5, 15), (3, 5, 15)]"
"(32, 25, 17, 0)","[(6, 8, 11), (1, 8, 11)]"
"(32, 25, 25, 0)","[(0, 9, 11), (0, 13, 11), (3, 6, 11), (0, 13, 11), (0, 13, 11), (3, 13, 11), (0, 1, 11), (3, 9, 11), (0, 6, 11), (0, 13, 11), (14, 13, 11), (0, 6, 11), (3, 9, 11), (0, 1, 11), (14, 13, 11), (14, 13, 11), (14, 13, 11), (0, 13, 11), (14, 13, 11)]"
"(32, 25, 26, 0)","[(0, 13, 11), (0, 1, 11), (3, 6, 11), (14, 9, 11), (0, 5, 11), (3, 13, 11), (14, 1, 11), (3, 9, 11), (13, '?', 11), (14, 9, 11), (14, 6, 11), (0, 6, 11), (3, 13, 11), (0, 6, 11), (14, 9, 11), (14, 1, 11), (0, 13, 11), (3, 13, 11), (14, 6, 11)]"
"(32, 25, 32, 0)","[(14, 9, 11), (14, 9, 11)]"
"(32, 25, 35, 0)","[(3, 12, 11), (0, 5, 11), (0, 12, 11), (14, 12, 11), (0, 10, 11), (0, 10, 11), (13, 5, 11), (3, 5, 15), (14, 5, 11), (14, 10, 11), (3, 10, 11), (14, 5, 11), (0, 5, 11), (14, 6, 11), (14, 10, 11), (13, 5, 11), (13, 11, 11), (13, 11, 11), (14, 12, 11), (3, 12, 11), (13, 5, 11), (3, 12, 11), (0, 12, 11), (0, 10, 11), (3, 11, 11), (0, 11, 11), (3, 11, 11), (13, 13, 11), (3, 11, 11), (14, 12, 11), (13, 11, 11), (0, 12, 11), (13, 11, 11), (0, 12, 11), (14, 6, 11)]"
"(32, 25, 38, 0)","[(1, 1, 11), (1, 5, 11), (1, 12, 11), (6, 1, 11), (1, 5, 11), (6, '?', 11), (1, 13, 11), (6, 13, 11), (6, 13, 11), (6, 12, 11), (1, 9, 11), (1, 1, 11), (6, 5, 11), (6, 12, 11), (1, 1, 11)]"
"(32, 25, 49, 0)","[(5, 5, 11), (5, 13, 11), (5, 13, 11), (5, 1, 11), (6, 6, 11), (5, 9, 11), (6, 6, 11), (6, 5, 11), (1, 10, 11), (6, 6, 11), (5, 5, 11), (5, 1, 11), (5, 13, 11), (5, 9, 11), (1, 6, 11), (5, 12, 11), (5, 9, 11), (1, 10, 11), (5, 6, 11), (5, 1, 11)]"
"(32, 25, 50, 0)","[(5, 4, 11)]"
"(32, 26, 3, 0)","[(0, 5, 11), (3, 12, 11), (3, 13, 8)]"
"(32, 26, 7, 0)","[(1, 3, 7), (1, 4, 7), (6, 3, 7), (1, 7, 7), (6, 3, 7), (6, 3, 7), (6, 14, 7), (6, 4, 7), (6, 3, 7), (1, 14, 7), (1, 15, 7), (1, 15, 7), (1, 3, 7), (6, 14, 7), (6, 15, 7), (6, 14, 7), (1, 4, 7), (1, 2, 7), (6, 3, 7), (1, 14, 7), (6, 14, 7), (6, 3, 7), (1, 15, 7), (1, 7, 7), (6, 3, 7), (1, 3, 7), (6, 14, 7), (1, 14, 7), (1, 14, 7), (6, 8, 7), (1, 14, 7), (1, 3, 7), (6, 14, 7), (6, 8, 7), (6, 8, 7), (6, 15, 7), (6, 8, 7), (6, 15, 7), (6, 8, 7), (6, 8, 7), (1, 2, 7), (1, 15, 7), (6, 15, 7), (6, 15, 7)]"
"(32, 26, 8, 0)","[(3, 1, 7), (13, 13, 7), (3, 13, 7), (3, 13, 7), (14, 1, 7), (0, 13, 7), (13, 13, 7), (3, 11, 7), (3, 5, 7), (0, 12, 7), (14, 13, 7), (3, 13, 7), (0, 12, 7), (13, 13, 7), (14, 1, 7), (13, 13, 7), (14, 5, 7), (0, 12, 7), (13, 11, 7), (3, 13, 7), (13, 13, 7), (0, 6, 7), (3, 6, 7), (13, 11, 7), (3, 13, 7), (3, 1, 7), (14, 13, 7), (0, 12, 7), (3, 13, 7), (13, 13, 7), (0, 6, 7), (3, 6, 7), (13, 11, 7), (3, 1, 7), (0, 13, 7), (3, 10, 7), (3, 1, 7), (13, 6, 7), (3, 6, 7), (3, 1, 7), (3, 5, 7)]"
"(32, 26, 12, 0)","[(6, 4, 7), (1, 5, 7), (1, 5, 7), (6, 9, 7), (1, 13, 7), (1, '?', 7), (6, 5, 7), (1, 11, 7), (6, 9, 7), (6, 4, 7), (1, 7, 7), (1, 12, 7), (6, 9, 7), (6, 13, 7), (1, '?', 7), (1, '?', 7), (6, 11, 7), (1, '?', 7), (1, 5, 7), (1, 5, 7), (6, 1, 7), (1, 2, 7), (1, 1, 7), (1, 12, 7), (6, 5, 7), (1, 2, 7), (6, 4, 7), (1, 9, 7), (6, 12, 7), (1, '?', 7), (1, 7, 7), (6, 4, 7), (6, 12, 7), (6, 11, 7), (1, 9, 7), (1, 13, 7), (1, 13, 7), (1, 9, 7), (6, 12, 7), (6, 1, 7), (6, 1, 7), (1, 1, 7), (6, 13, 7), (1, 11, 7), (6, 13, 7), (1, 13, 7), (6, 1, 7), (1, 2, 7), (6, 5, 7), (6, 5, 7), (6, 12, 7), (6, 5, 7), (6, 11, 7), (6, 4, 7), (1, '?', 7), (6, 3, 7), (1, 1, 7), (6, 1, 7), (1, 5, 7), (1, 9, 7)]"
"(32, 26, 16, 0)","[(5, 6, 7), (5, 11, 7), (1, 10, 7), (5, 8, 7), (6, 10, 7), (5, 7, 7), (5, 13, 7), (5, 13, 7), (6, 10, 7), (5, 1, 7)]"
"(32, 26, 17, 0)","[(6, 4, 11), (1, 2, 11)]"
"(32, 26, 19, 0)","[(5, 1, 7), (5, 1, 7), (5, 1, 7), (5, 1, 7)]"
"(32, 26, 21, 0)","[(0, 10, 7), (14, 5, 7), (14, 5, 7), (13, 12, 7), (0, 13, 7), (0, '?', 7), (3, 5, 7), (14, 11, 7), (0, 12, 7), (3, 5, 7), (3, 11, 7), (3, 5, 7), (13, 11, 7), (0, 5, 7), (3, 11, 7), (13, 11, 7), (14, 5, 7), (13, 11, 7), (3, 11, 7)]"
"(32, 26, 26, 0)","[(13, '?', 11), (14, 13, 11), (0, 8, 11), (13, 13, 11), (14, 1, 11), (3, 6, 11), (3, 2, 11), (3, 6, 11), (14, 12, 11), (14, 8, 11), (0, 12, 11), (14, '?', 11), (3, '?', 11), (3, 6, 11), (14, '?', 11), (3, 13, 11), (0, 8, 11), (0, 13, 11), (0, 2, 11), (13, 7, 11), (14, '?', 11), (13, 1, 11), (13, 1, 11), (3, 7, 11), (14, '?', 11), (13, '?', 11), (13, 1, 11), (0, 13, 11), (0, 8, 11), (14, 13, 11), (14, 9, 11), (13, 13, 11), (13, 13, 11), (3, 6, 11), (3, '?', 11), (0, 12, 11), (3, '?', 11), (14, 12, 11), (3, 6, 11), (13, 7, 11), (0, 1, 11), (3, '?', 11), (14, 13, 11), (13, '?', 11), (3, 13, 11), (13, 13, 11), (14, '?', 11), (0, 1, 11), (13, '?', 11), (0, 9, 11), (0, 12, 11), (14, 1, 11), (14, 4, 11), (14, 12, 11), (13, '?', 11), (13, '?', 11), (0, 6, 11), (14, 1, 11), (3, 15, 11), (0, 5, 11), (13, 11, 11), (3, 7, 11), (3, 13, 11), (14, '?', 11), (0, 9, 11), (14, 1, 11), (13, 4, 11), (0, 5, 11), (14, '?', 11), (0, 8, 11), (14, 5, 11), (13, 8, 11), (14, 7, 11), (3, 3, 11), (13, 1, 11), (0, 6, 11), (3, 13, 11), (13, 5, 11), (0, 13, 11), (3, 9, 11), (0, 9, 11), (0, 1, 11), (3, 12, 11), (3, 3, 11), (13, '?', 11), (0, 4, 11), (14, 6, 11), (14, 8, 11), (14, '?', 11), (3, 9, 11), (14, 12, 11), (3, 7, 11), (0, 12, 11), (14, 6, 11), (13, 8, 11), (13, 2, 11), (14, 13, 11), (0, 9, 11), (14, 1, 11), (3, 6, 11), (0, 9, 11), (3, 12, 11), (0, 6, 11), (3, 4, 11), (14, '?', 11), (13, 8, 11), (14, 7, 11), (0, 5, 11), (14, 6, 11), (13, 7, 11), (0, 6, 11), (14, 8, 11), (0, 15, 11), (0, 15, 11)]"
"(32, 26, 29, 0)","[(13, 3, 7), (3, 4, 7), (0, 8, 7), (3, 7, 7)]"
"(32, 26, 35, 0)","[(0, 11, 11), (0, 5, 11), (3, 10, 11), (13, 5, 11), (0, 11, 11), (14, 5, 11), (0, 10, 11), (0, 10, 11), (3, 10, 11), (3, 10, 11), (0, 11, 11), (3, 10, 11), (14, 5, 11), (14, 10, 11), (0, 11, 11), (3, 10, 11), (0, 12, 11), (3, 12, 11), (0, 10, 11), (3, 11, 11), (0, 11, 11), (3, 11, 11), (3, 11, 11), (0, 11, 11), (14, 5, 11), (13, 11, 11), (14, 5, 11), (0, 11, 11), (0, 10, 11), (0, 11, 11), (14, 5, 11), (13, 11, 11), (13, 10, 11), (13, 11, 11)]"
"(32, 26, 37, 0)","[(6, 4, 11)]"
"(32, 26, 38, 0)","[(1, 5, 11), (1, 1, 11), (6, 9, 11), (6, 9, 11), (6, '?', 11), (6, '?', 11), (1, 7, 11), (6, 7, 11), (6, '?', 11), (1, 9, 11), (1, 5, 11), (1, 1, 11), (6, 8, 11), (6, 7, 11), (1, '?', 11), (1, 4, 11), (1, '?', 11), (1, 8, 11), (1, 12, 11), (1, 13, 11), (1, 4, 11), (6, 3, 11), (1, 1, 11), (1, 8, 11), (6, 4, 11), (6, 2, 11), (1, '?', 11), (1, 8, 11), (1, 9, 11), (6, 2, 11), (6, 8, 11), (1, 5, 11), (1, 13, 11), (6, 1, 11), (1, 9, 11), (1, 12, 11), (1, 15, 11), (6, '?', 11), (1, 5, 11), (1, 1, 11), (6, 5, 11), (6, 2, 11), (6, 5, 11), (1, '?', 11), (6, 9, 11), (1, 4, 11), (6, 7, 11), (1, '?', 11), (6, 5, 11), (6, 8, 11), (1, 2, 11), (6, 3, 11), (1, 5, 11), (1, 13, 11), (6, 12, 11), (1, 9, 11), (1, 7, 11), (6, 1, 11), (6, 13, 11), (6, 3, 11), (6, 9, 11), (6, 1, 11), (1, 7, 11), (1, '?', 11), (6, '?', 11), (1, 3, 11), (6, 1, 11), (6, 8, 11), (1, 3, 11), (6, '?', 11), (1, 13, 11), (6, 1, 11), (1, 13, 11), (6, 3, 11), (1, 13, 11), (6, 8, 11), (6, 4, 11), (6, 3, 11), (6, 2, 11), (6, 8, 11), (6, 1, 11), (6, 5, 11), (6, 12, 11), (1, 1, 11), (1, 8, 11), (6, 4, 11), (1, 15, 11), (6, 4, 11), (6, 12, 11), (1, '?', 11), (1, 1, 11), (6, 2, 11), (6, 4, 11), (1, 9, 11), (6, 9, 11), (1, 2, 11), (6, 5, 11)]"
"(32, 26, 39, 0)","[(6, 1, 7), (1, 6, 7), (6, 6, 7), (1, 12, 7), (1, 9, 7), (1, 12, 7), (1, 1, 7), (1, 9, 7), (1, 7, 7), (1, 11, 7), (1, 4, 7), (6, 6, 7), (6, 6, 7), (1, '?', 7)]"
"(32, 26, 41, 0)","[(14, 1, 7), (3, '?', 7), (13, 4, 7), (0, 9, 7), (13, 3, 7), (0, '?', 7), (3, '?', 7), (13, 8, 7), (3, 9, 7), (0, 7, 7), (3, 9, 7), (0, 7, 7), (0, '?', 7), (13, 7, 7), (3, 15, 7), (3, 14, 7), (0, 2, 7), (0, '?', 7), (3, 9, 7), (3, '?', 7), (14, 9, 7), (0, 7, 7), (0, 7, 7), (0, 4, 7), (3, 9, 7), (3, 4, 7), (3, 4, 7), (3, 4, 7), (0, '?', 7), (14, 9, 7), (13, 4, 7), (0, 2, 7), (13, 9, 7), (3, 7, 7), (13, 9, 7), (0, 3, 7), (0, '?', 7), (3, 4, 7), (14, 9, 7), (13, 7, 7), (0, 4, 7), (14, 8, 7), (13, 3, 7), (3, '?', 7), (0, '?', 7), (3, 5, 7), (14, 2, 7), (0, 2, 7), (14, 2, 7), (14, 9, 7), (13, 7, 7), (3, 15, 7), (3, '?', 7), (13, 3, 7), (13, 7, 7), (0, 4, 7), (3, 3, 7), (14, 15, 7), (0, 12, 7), (14, 9, 7), (0, 9, 7), (0, 8, 7), (14, 15, 7), (3, 4, 7), (3, 3, 7), (14, 5, 7), (0, 5, 7), (3, 2, 7), (0, 9, 7), (3, 2, 7), (0, 9, 7), (13, 7, 7), (0, 7, 7), (3, 5, 7)]"
"(32, 26, 44, 0)","[(3, 2, 7), (14, 8, 7), (0, 3, 7), (3, 14, 7), (3, 7, 7), (0, 15, 7), (0, 15, 7), (14, 2, 7), (3, 2, 7), (0, 2, 7)]"
"(32, 26, 48, 0)","[(5, 3, 7), (5, 7, 7), (5, 15, 7), (5, 4, 7), (5, 15, 7), (14, 3, 7), (5, 15, 7), (14, 8, 7), (5, 7, 7), (5, 4, 7), (5, 14, 7), (5, 4, 7), (5, 8, 7), (5, 4, 7), (5, 15, 7), (5, 14, 7), (5, 15, 7), (5, 7, 7), (5, 14, 7), (5, 3, 7), (5, 4, 7), (5, 14, 7), (5, 7, 7)]"
"(32, 26, 49, 0)","[(1, 6, 11), (5, 12, 11), (5, 12, 11), (5, 12, 11), (5, 6, 11), (5, 6, 11), (5, 12, 11), (5, 9, 11), (6, 10, 11), (6, 6, 11), (6, 10, 11), (1, 6, 11), (6, 6, 11), (1, 10, 11), (5, 12, 11), (5, 6, 11), (6, 6, 11), (6, 10, 11), (6, 10, 11), (5, 12, 11), (5, 5, 11), (1, 6, 11), (6, 6, 11), (5, 6, 11), (1, 10, 11), (5, 6, 11), (1, 10, 11), (5, 5, 11), (5, 9, 11), (5, '?', 11), (5, 5, 11), (5, 5, 11), (1, 6, 11)]"
"(32, 26, 50, 0)","[(5, '?', 11), (5, 1, 11), (5, 2, 11), (5, 2, 11), (5, 8, 11), (5, 3, 11), (5, 13, 11), (5, 3, 11), (5, 1, 11), (5, '?', 11), (5, 1, 11), (5, '?', 11), (5, 2, 11), (5, 7, 11), (5, '?', 11), (5, 7, 11), (5, 13, 11), (5, 1, 11), (5, 2, 11), (5, 7, 11), (5, 3, 11), (5, 1, 11), (5, 7, 11), (5, 9, 11), (5, '?', 11), (5, 4, 11), (5, 13, 11), (14, 4, 11), (5, 6, 11), (5, 7, 11), (5, 1, 11), (5, 6, 11), (5, 2, 11), (5, 15, 11), (5, 8, 11), (5, 6, 11), (6, 6, 11), (5, 7, 11), (5, '?', 11), (5, 13, 11), (5, 5, 11), (5, 7, 11), (5, 4, 11)]"
"(32, 26, 51, 0)","[(1, 3, 11)]"
"(32, 29, 4, 0)","[(5, 14, 3), (13, 3, 3), (5, 8, 3), (14, 3, 3), (5, 7, 3), (5, 15, 3), (14, 4, 3), (0, 3, 3), (0, 3, 3), (5, 8, 3), (5, 15, 3), (5, 7, 3), (14, 4, 3), (5, 7, 3), (14, 2, 3), (5, 15, 3), (5, 14, 3), (5, 7, 3), (14, 2, 3)]"
"(32, 29, 7, 0)","[(6, 3, 3), (1, 8, 3), (6, 4, 3), (6, 7, 3), (6, 15, 3), (1, 14, 3), (1, 2, 3), (6, 15, 3), (6, 3, 3), (1, 2, 3), (6, 3, 3), (6, 7, 3), (6, 4, 3), (1, 8, 3), (6, 14, 3), (6, 14, 3), (1, 8, 3), (1, 14, 3), (1, 14, 3), (6, 14, 3), (6, 15, 3), (1, 14, 3), (6, 4, 3)]"
"(32, 29, 8, 0)","[(0, 1, 3), (3, 13, 3), (0, 13, 3), (3, 1, 3), (0, 6, 3), (3, 6, 3), (3, 1, 3), (14, 1, 3), (13, 13, 3), (13, 13, 3), (3, 1, 3), (13, 6, 3), (3, 13, 3), (3, 6, 3), (14, 13, 3), (3, 1, 3), (0, 13, 3), (3, 6, 3), (14, 6, 3), (13, 13, 3), (13, 6, 3), (13, 13, 3), (13, 1, 3), (3, 6, 3), (14, 13, 3), (13, 13, 3), (13, 13, 3), (0, 1, 3), (3, 13, 3), (0, 13, 3), (14, 13, 3), (0, 1, 3), (3, 1, 3), (0, 13, 3), (0, 6, 3), (0, 6, 3), (3, 13, 3), (13, 1, 3), (14, 13, 3), (14, 1, 3), (13, 13, 3), (14, 6, 3), (0, 6, 3), (0, 6, 3), (3, 6, 3), (13, 1, 3), (14, 6, 3), (0, 1, 3), (13, 6, 3), (14, 6, 3), (13, 6, 3), (0, 13, 3), (14, 13, 3), (13, 6, 3), (14, 6, 3), (0, 13, 3), (13, 13, 3), (3, 6, 3), (13, 1, 3), (14, 6, 3), (13, 13, 3), (14, 13, 3), (0, 6, 3), (14, 1, 3)]"
"(32, 29, 12, 0)","[(6, 13, 3), (1, 13, 3), (6, 5, 3), (1, 13, 3), (1, 12, 3), (1, 5, 3), (1, 5, 3), (1, 11, 3), (6, 13, 3), (1, 11, 3), (1, 11, 3), (1, 1, 3), (1, 12, 3), (1, 13, 3)]"
"(32, 29, 15, 0)","[(14, 4, 3)]"
"(32, 29, 16, 0)","[(5, 13, 3), (5, 10, 3), (1, 6, 3), (5, 11, 3), (5, 10, 3), (5, 1, 3), (5, 11, 3), (5, 9, 3), (5, 11, 3), (5, 1, 3), (5, 1, 3), (5, 11, 3), (5, 9, 3), (5, 1, 3), (5, 10, 3), (5, 1, 3), (5, 1, 3), (5, 1, 3), (5, 10, 3), (5, 13, 3), (5, 10, 3), (5, 9, 3), (5, 11, 3), (5, 10, 3)]"
"(32, 29, 19, 0)","[(1, 1, 3), (1, 6, 3), (1, 1, 3), (1, 6, 3), (1, 1, 3), (1, 1, 3), (5, 13, 3), (3, 13, 3), (5, 13, 3), (3, 13, 3), (5, 1, 3)]"
"(32, 29, 21, 0)","[(0, 10, 3), (14, 5, 3), (3, 5, 3), (14, 12, 3), (3, 5, 3), (0, 10, 3), (0, 5, 3), (14, 12, 3), (14, 10, 3), (0, 12, 3), (0, 5, 3), (13, 12, 3), (13, 12, 3), (14, 10, 3), (14, 12, 3), (0, 12, 3), (14, 12, 3), (14, 12, 3), (14, 10, 3), (14, 10, 3), (0, 10, 3), (14, 5, 3), (0, 5, 3), (13, 12, 3), (14, 5, 3), (13, 12, 3), (0, 12, 3), (14, 10, 3), (3, 10, 3), (0, 12, 3), (0, 10, 3), (3, 10, 3), (3, 10, 3), (14, 12, 3), (3, 5, 3), (14, 12, 3), (0, 12, 3), (0, 5, 3), (14, 10, 3), (3, 10, 3), (0, 12, 3)]"
"(32, 29, 26, 0)","[(3, 8, 3), (13, '?', 3), (14, 5, 3), (0, 14, 3), (3, 11, 3), (13, '?', 3), (3, 14, 3), (0, 15, 3), (13, 15, 3), (0, 15, 3), (14, 14, 3), (13, 14, 3), (3, 5, 3), (13, 8, 3), (3, 11, 3), (3, 8, 3), (3, 6, 3), (3, 10, 3), (3, 6, 3), (0, 6, 3), (14, 6, 3), (3, 10, 3), (0, 9, 3), (14, 12, 3), (14, 6, 3), (0, 6, 3), (0, 13, 3), (0, 5, 3), (0, 10, 3), (3, 13, 3), (13, 8, 3), (13, 6, 3), (14, 9, 3), (0, 4, 3), (3, 9, 3), (0, 4, 3), (0, 2, 3), (0, 12, 3), (3, 14, 3), (3, 5, 3), (0, 6, 3), (13, 14, 3), (14, 5, 3), (13, 8, 3), (13, 15, 3), (14, 12, 3), (0, 5, 3), (3, 5, 3), (3, 5, 3), (13, 9, 3), (13, 9, 3), (0, 9, 3), (3, 10, 3), (3, 11, 3), (14, 5, 3), (14, 5, 3), (13, 12, 3), (0, 9, 3), (3, 6, 3), (0, 10, 3), (13, 14, 3), (3, 11, 3), (13, 9, 3), (0, 10, 3), (0, 5, 3), (0, 5, 3), (3, 11, 3), (13, 14, 3), (14, 14, 3), (13, 9, 3), (0, 9, 3), (3, 10, 3), (3, '?', 3), (13, 8, 3), (13, 9, 3)]"
"(32, 29, 29, 0)","[(14, 15, 3), (0, 14, 3), (14, 14, 3), (14, 15, 3), (0, 3, 3), (14, 14, 3), (3, 3, 3), (3, 14, 3), (3, 14, 3), (14, 15, 3), (3, 4, 3), (3, 3, 3), (13, 14, 3), (13, 8, 3), (14, 15, 3), (13, 3, 3), (14, 15, 3), (14, 14, 3), (3, 4, 3), (0, 2, 3), (3, 14, 3), (0, 4, 3), (0, 2, 3), (3, 4, 3), (14, 3, 3), (3, 8, 3), (14, 7, 3), (0, 14, 3), (14, 15, 3), (14, 14, 3), (3, 3, 3), (0, 15, 3), (13, 15, 3), (3, 4, 3), (0, 7, 3), (0, 15, 3), (3, 7, 3), (14, 7, 3), (14, 2, 3), (14, 2, 3), (14, 7, 3), (14, 2, 3), (13, 3, 3), (3, 7, 3), (3, 4, 3), (13, 8, 3), (3, 3, 3), (13, 15, 3), (3, 14, 3), (14, 3, 3), (14, 15, 3), (0, 4, 3), (14, 2, 3), (3, 7, 3), (13, 14, 3), (0, 7, 3), (3, 4, 3), (13, 8, 3), (13, 3, 3), (14, 3, 3), (14, 3, 3), (3, 3, 3), (3, 4, 3), (3, 14, 3), (3, 7, 3), (14, 7, 3), (14, 7, 3), (14, 14, 3), (3, 7, 3), (0, 7, 3), (13, 14, 3), (0, 7, 3), (0, 4, 3), (14, 7, 3), (14, 14, 3), (3, 4, 3)]"
"(32, 29, 39, 0)","[(1, 7, 3), (1, 1, 3), (5, 13, 3), (6, '?', 3), (6, 12, 3), (6, '?', 3), (1, '?', 3), (1, 12, 3), (1, 1, 3), (1, 13, 3), (1, 5, 3), (6, 5, 3), (1, 6, 3), (6, 12, 3), (6, 5, 3), (6, '?', 3), (6, 12, 3), (6, 7, 3), (6, 5, 3), (1, 1, 3), (6, 9, 3), (6, 7, 3), (6, '?', 3), (1, 6, 3), (6, 9, 3), (6, 13, 3), (1, '?', 3), (1, 5, 3), (6, 13, 3), (6, 12, 3), (1, 11, 3), (6, 5, 3), (6, 7, 3), (6, 9, 3), (1, 6, 3), (1, '?', 3), (1, 7, 3), (6, 5, 3), (6, 12, 3), (1, 5, 3), (1, 12, 3), (1, 2, 3), (6, '?', 3), (6, '?', 3), (1, '?', 3), (1, 6, 3), (1, 5, 3), (6, '?', 3), (1, 9, 3), (1, 6, 3), (6, '?', 3), (1, 5, 3), (1, 12, 3), (1, 9, 3), (1, 1, 3), (1, 9, 3), (1, 7, 3), (6, 13, 3), (1, 11, 3), (1, 5, 3), (6, 10, 3), (6, 7, 3), (1, 9, 3), (6, '?', 3), (1, 12, 3), (1, 9, 3), (1, 2, 3), (6, 9, 3), (1, 11, 3), (5, 13, 3), (1, 6, 3), (1, 12, 3), (6, 12, 3), (6, 13, 3), (1, 2, 3), (6, 10, 3), (6, 5, 3), (1, '?', 3), (1, 12, 3), (1, 11, 3), (1, 11, 3), (1, 11, 3), (6, 5, 3), (1, 5, 3), (6, 5, 3), (6, 7, 3)]"
"(32, 29, 40, 0)","[(1, 3, 3), (1, 7, 3), (6, 4, 3), (1, 14, 3), (1, 2, 3), (1, 8, 3), (6, 7, 3), (1, 2, 3)]"
"(32, 29, 41, 0)","[(0, 15, 3), (0, 1, 3), (14, 9, 3), (0, 9, 3), (13, '?', 3), (3, 1, 3), (3, '?', 3), (13, '?', 3), (3, '?', 3), (3, 3, 3), (0, 9, 3), (3, 9, 3), (0, 7, 3), (3, 7, 3), (0, '?', 3), (0, '?', 3), (0, 2, 3), (13, 3, 3), (0, '?', 3), (0, 3, 3), (13, '?', 3), (0, 3, 3), (0, 7, 3), (0, 4, 3), (3, 14, 3), (13, 9, 3), (0, 15, 3), (0, 4, 3), (3, 8, 3), (0, 2, 3), (13, 3, 3), (0, 2, 3), (3, '?', 3), (13, '?', 3), (3, '?', 3), (13, 13, 3), (3, 7, 3), (0, 9, 3), (0, '?', 3), (3, 14, 3), (0, 14, 3), (3, 8, 3), (0, 15, 3), (0, 7, 3), (3, 3, 3), (0, 14, 3), (13, 8, 3), (3, 8, 3), (13, 15, 3), (3, 8, 3), (3, '?', 3), (14, 6, 3), (14, 7, 3), (13, '?', 3), (3, '?', 3), (0, 4, 3), (0, 4, 3), (0, 3, 3), (14, 15, 3), (3, 9, 3), (0, 3, 3), (13, 15, 3), (3, '?', 3), (13, 6, 3), (3, 4, 3), (0, 15, 3), (14, 7, 3), (0, 13, 3), (13, 1, 3), (0, 3, 3), (14, 9, 3)]"
"(32, 29, 44, 0)","[(0, 9, 3), (14, 9, 3), (3, 9, 3), (3, 9, 3), (14, 9, 3), (14, 9, 3), (14, 9, 3), (0, 9, 3), (14, 9, 3), (13, 9, 3), (14, 9, 3), (3, 9, 3), (3, 9, 3)]"
"(32, 29, 49, 0)","[(6, 10, 3), (6, 10, 3), (6, 10, 3), (6, 10, 3), (5, 10, 3), (6, 10, 3)]"
"(32, 29, 50, 0)","[(5, '?', 3), (5, 14, 3), (5, '?', 3), (5, 3, 3), (5, 9, 3), (5, 9, 3), (5, 14, 3), (5, 3, 3), (5, 3, 3), (5, 14, 3), (5, 4, 3), (5, 14, 3), (5, '?', 3), (5, '?', 3), (5, 3, 3), (5, 8, 3), (5, 3, 3), (5, 3, 3), (5, '?', 3), (5, 4, 3), (5, 15, 3), (5, 8, 3), (5, 7, 3), (14, 4, 3), (14, 4, 3), (5, 14, 3), (5, 3, 3), (5, 4, 3), (5, 15, 3), (5, 7, 3), (5, 7, 3), (5, '?', 3), (5, 9, 3), (5, 8, 3), (5, 4, 3), (5, 8, 3), (5, 3, 3), (5, 15, 3), (5, '?', 3), (5, 4, 3), (14, 4, 3), (5, 11, 3)]"
"(32, 31, 38, 0)","[(6, 2, 8), (6, 14, 8)]"
"(32, 31, 50, 0)","[(5, 15, 8)]"
"(32, 32, 4, 0)","[(13, 3, 7), (5, 14, 7), (5, 4, 7), (5, 8, 7), (14, 3, 7), (5, 3, 7), (5, 14, 7), (5, 3, 7), (5, 14, 7), (5, 4, 11), (5, 3, 7)]"
"(32, 32, 7, 0)","[(1, 9, 7), (1, 3, 7), (1, 14, 7), (1, 7, 7), (1, 9, 7), (6, 14, 7), (1, 7, 7), (6, 15, 7), (6, 8, 7), (6, 8, 7), (1, 15, 7), (6, 9, 7), (1, 2, 7), (1, 7, 7), (6, 15, 7)]"
"(32, 32, 8, 0)","[(3, 6, 7), (3, 6, 7), (14, 13, 7), (13, 13, 7), (3, 1, 7), (14, 13, 7), (3, 13, 7), (3, 13, 7), (14, 1, 7), (14, 13, 7), (0, 13, 7), (0, 13, 7), (0, 6, 7), (14, 13, 7), (0, 13, 7), (0, 13, 7), (14, 13, 7), (14, 13, 7), (0, 6, 7), (14, 13, 7), (14, 1, 7)]"
"(32, 32, 9, 0)","[(3, 3, 8), (3, 5, 8), (3, 2, 8), (13, 3, 8), (3, 2, 8), (3, 2, 8), (3, 15, 8), (14, 7, 8), (3, 14, 8), (14, 7, 8), (3, 14, 8), (14, 7, 8), (13, 4, 8), (14, 14, 8), (0, 8, 8), (14, 7, 8)]"
"(32, 32, 12, 0)","[(1, 13, 7), (6, 9, 7), (6, 13, 7), (1, 13, 7), (1, 13, 7), (6, 9, 7), (1, 11, 7), (1, 12, 7), (6, 9, 7), (1, 11, 7), (6, 1, 7), (1, 13, 7), (1, 13, 7)]"
"(32, 32, 14, 0)","[(14, 2, 8), (13, 4, 15), (0, 8, 15), (3, 8, 15), (14, 7, 8), (14, 8, 15)]"
"(32, 32, 16, 0)","[(5, 6, 7), (5, 11, 7), (5, 11, 7), (5, 5, 7), (5, 6, 7), (6, 10, 7), (5, 6, 7), (1, 10, 7), (5, 11, 7), (1, 10, 7), (1, 10, 7), (5, 5, 7), (5, 5, 7), (5, 11, 7), (5, 6, 7), (5, 11, 7), (5, 5, 7), (5, 13, 7)]"
"(32, 32, 17, 0)","[(1, 2, 11), (6, 14, 11), (1, 3, 11), (6, 8, 15), (1, 2, 11), (1, 7, 15), (1, 4, 11), (1, 3, 11), (1, 8, 8), (6, 8, 11), (6, 3, 11), (6, 3, 11), (6, 4, 11), (1, 3, 11), (1, 7, 11), (6, 7, 11), (1, 7, 11), (6, 7, 11), (6, 2, 11), (1, 14, 11), (6, 2, 11), (1, 8, 8), (6, 14, 11), (6, 14, 11), (1, 8, 8), (1, 14, 11), (6, 3, 11), (6, 14, 11), (1, 3, 11), (1, 3, 11), (1, 2, 11), (6, 14, 11), (1, 8, 11), (6, 3, 11), (1, 14, 11), (1, 15, 11), (1, 2, 11), (6, 7, 11), (1, 4, 11)]"
"(32, 32, 19, 0)","[(5, 13, 7), (6, 6, 7), (6, 1, 7), (5, 13, 7), (5, 13, 7), (5, 1, 7), (5, 13, 7), (1, 1, 7), (6, 1, 7), (1, 6, 7), (5, 13, 7), (1, 1, 7), (5, 1, 7), (1, 1, 7)]"
"(32, 32, 21, 0)","[(14, 5, 7), (14, 10, 7), (0, 12, 7), (0, 10, 7), (3, 10, 7), (14, 10, 7), (3, 10, 7), (14, 11, 7), (3, 5, 7), (3, 11, 7), (14, 5, 7), (14, 10, 7), (0, 12, 7), (0, 10, 7), (0, 10, 7), (14, 10, 7), (3, 11, 7), (3, 11, 7), (0, 10, 7), (0, 10, 7), (14, 10, 7), (14, 10, 7), (3, 11, 7), (3, 10, 7), (13, 11, 7), (14, 10, 7), (14, 11, 7), (14, 11, 7), (14, 10, 7), (0, 5, 7), (14, 5, 7), (14, 11, 7), (14, 5, 7), (3, 5, 7), (0, 5, 7), (14, 11, 7), (0, 5, 7), (3, 10, 7)]"
"(32, 32, 25, 0)","[(13, 14, 11), (3, 4, 11), (13, 3, 8), (3, 8, 8), (3, 3, 8), (13, 8, 8), (3, 8, 8), (13, 2, 8), (3, 8, 8), (3, 8, 8), (3, 8, 8), (3, 15, 8), (3, 14, 8), (3, 3, 11), (0, 2, 11), (3, 3, 8), (3, 3, 11), (3, 4, 11), (0, 2, 11), (13, 15, 11), (3, 15, 8), (13, 3, 11), (0, 4, 11), (3, 7, 11), (0, 4, 11), (14, 2, 11), (0, 2, 11), (13, 4, 11), (13, 15, 11), (3, 14, 11), (0, 15, 11), (13, 3, 11), (13, 15, 11), (13, 15, 11), (3, 7, 11), (13, 3, 11), (13, 14, 11), (13, 2, 11)]"
"(32, 32, 26, 0)","[(14, 14, 11), (3, 7, 11), (13, 8, 11), (3, 14, 11), (3, 14, 11), (0, 15, 11), (3, 14, 11), (14, 8, 11), (13, 15, 11), (14, 2, 11), (13, 2, 11), (14, 7, 11), (13, 3, 11), (13, 3, 11), (13, 14, 11), (13, 3, 11), (3, 14, 11), (0, 15, 11), (14, 14, 11), (3, 14, 11), (3, 7, 11), (14, 14, 11), (0, 8, 11), (0, 8, 11), (3, 3, 11), (3, 15, 11), (13, 14, 11), (3, 4, 11), (3, 2, 11), (13, 3, 11), (3, 4, 11), (13, 2, 11), (0, 8, 11), (3, 8, 8), (14, 8, 11), (13, 8, 11), (14, 14, 11), (13, 14, 11), (14, 14, 11), (14, 14, 11), (3, '?', 11), (0, 4, 11), (14, 2, 11), (14, 2, 11), (13, 14, 11), (13, 14, 11), (14, 8, 11), (13, 4, 11), (13, 8, 11), (13, 14, 11), (14, 4, 11), (0, 15, 11), (3, 3, 11), (13, 14, 11), (3, 15, 11), (3, 3, 11), (14, 7, 11), (13, 4, 11), (13, 2, 11), (13, 15, 11), (14, 2, 11), (14, 14, 11), (14, 14, 11), (13, 4, 11), (14, 2, 11), (13, 7, 11), (13, 7, 11), (3, 4, 11), (14, 2, 11), (3, 15, 11), (13, 15, 11), (0, 4, 11), (13, 7, 11), (3, 2, 11), (14, 7, 11), (3, 14, 11), (13, 2, 11)]"
"(32, 32, 29, 0)","[(0, 8, 7), (3, 3, 7), (13, 3, '?'), (0, 4, 7), (13, 4, 7), (13, 4, 7), (0, 9, 7), (13, 4, 7), (0, 4, 7), (0, 3, 7), (14, 9, 7), (13, 4, 7), (13, 4, 7), (13, 9, 7), (13, 3, 7), (0, 9, 7), (0, 3, 7), (0, 8, 7), (3, 3, 7), (0, 2, 7), (0, 3, 7), (14, 9, 7), (0, 8, 7), (3, 3, 7), (0, 9, 7), (14, 9, 7), (0, 3, 7), (3, 9, 7), (3, 3, 7), (13, 4, 7), (13, 4, 7), (0, 4, 7), (13, 9, 7), (3, 9, 7), (13, 9, 7), (3, 4, 7), (3, 4, 7), (13, 9, 7), (0, 3, 7), (0, 4, 7), (3, 4, 7), (3, 9, 7), (0, 2, 7)]"
"(32, 32, 32, 0)","[(13, 4, 11), (14, 4, 11), (3, 15, 11), (0, 2, 8), (13, 8, 11), (5, 3, 11), (0, 4, 11), (14, 8, 11), (14, 14, 11), (14, 7, 11), (5, 3, 11), (0, 3, 8), (0, 8, 11), (0, 8, 11), (3, 15, 11), (13, 4, 11), (13, 3, 11), (0, 8, 11), (14, 8, 11), (13, 4, 11), (3, 2, 11), (13, 4, 11), (0, 15, 11), (0, 4, 11), (3, 2, 8), (5, 3, 11), (13, 2, 11), (14, 14, 11), (14, 7, 11), (3, 2, 11), (3, 2, 11), (3, 14, 11), (3, 3, 11), (3, 2, 11), (14, 2, 8), (14, 2, 11), (0, 2, 11), (14, 4, 11), (0, 4, 11), (3, 14, 11), (0, 15, 11), (3, 4, 11)]"
"(32, 32, 35, 0)","[(13, 5, 8)]"
"(32, 32, 36, 0)","[(3, 3, 8)]"
"(32, 32, 37, 0)","[(6, 4, 11), (1, 14, 11), (1, 2, 11), (1, 4, 11)]"
"(32, 32, 38, 0)","[(6, 8, 11), (6, 14, 11), (1, 5, 8), (1, 14, 11), (6, 14, 11), (1, 14, 11), (1, 5, 11), (1, 14, 11), (1, 12, 11), (6, 2, 11), (6, 9, 11), (6, 13, 11), (6, 9, 11), (6, 12, 11), (1, 12, 11), (6, 14, 11)]"
"(32, 32, 39, 0)","[(1, 6, 7), (6, 6, 7), (5, 13, 7), (6, 6, 7), (1, 10, 7), (1, 10, 7), (1, 10, 7), (1, 6, 7), (6, 6, 7), (1, 6, 7), (1, 6, 7), (6, 10, 7)]"
"(32, 32, 40, 0)","[(1, 4, 7), (6, 4, 7), (1, 2, 7), (6, 4, 7), (1, 14, 7), (1, 15, 7), (6, 4, 7), (1, 4, 7), (1, 9, 7), (6, 4, 7), (1, 4, 7), (1, 2, 7), (1, 2, 7), (1, 14, 7), (1, 3, 7), (1, 14, 7), (1, 3, 7), (1, 4, 7)]"
"(32, 32, 41, 0)","[(0, 15, 7), (14, 8, 7), (0, 7, 7), (3, 15, 7), (3, 4, 7), (14, 15, 7), (3, 14, 7), (14, 15, 7), (13, 7, 7), (14, 8, 7), (14, 9, 7), (0, 15, 7), (3, 15, 7), (14, 15, 7), (3, 7, 7), (14, 15, 7), (3, 7, 7)]"
"(32, 32, 44, 0)","[(3, 14, 7), (0, 3, 7), (0, 2, 7), (14, 2, 7), (14, 8, 7), (3, 7, 7), (3, 14, 7), (3, 7, 7), (0, 2, 7), (3, 14, 7), (13, 7, 7), (14, 2, 7), (14, 15, 7), (0, 15, 7), (0, 15, 7), (13, 7, 7), (3, 14, 7), (3, 2, 7), (14, 2, 7), (14, 2, 7), (14, 8, 7), (3, 2, 7), (3, 15, 7), (0, 4, 7), (0, 7, 7), (14, 2, 7), (0, 7, 7), (0, 15, 7), (0, 3, 7), (13, 7, 7), (14, 15, 7), (3, 3, '?'), (14, 2, 7), (3, 14, 7)]"
"(32, 32, 47, 0)","[(5, 14, 7)]"
"(32, 32, 48, 0)","[(5, 7, 7), (5, 8, 7), (5, 3, 7), (5, 7, 7), (14, 3, 7), (14, 3, 7), (13, 7, 7), (5, 7, 7), (14, 3, 7), (5, 3, 7), (14, 3, 7), (14, 3, 7), (5, 8, 7), (5, 3, 7)]"
"(32, 32, 49, 0)","[(1, 1, 7), (1, 6, 11), (6, 10, 11), (5, 5, 11), (1, 6, 11), (5, 6, 8), (1, 10, 11), (6, 10, 11), (6, 10, 11), (5, 5, 11), (6, 9, 11), (1, 10, 11), (6, 10, 11), (5, 12, 11), (1, 10, 11)]"
"(32, 32, 50, 0)","[(5, 15, 11), (5, 8, 11), (5, 15, 11), (5, 8, 8), (5, 4, 11), (5, 4, 11), (5, 15, 11), (5, 7, 11), (5, 3, 11), (5, 8, 11), (5, 7, 11), (5, 4, 11), (5, 2, 11), (5, 15, 11), (5, 2, 11), (5, 15, 11), (5, 8, 11), (5, 8, 11), (5, 15, 11), (5, 4, 11)]"
"(32, 32, 51, 0)","[(14, 3, 15), (5, 3, 11)]"
"(32, 34, 7, 0)","[(6, 9, 3), (6, 9, 3)]"
"(32, 34, 12, 0)","[(6, 12, 3), (1, 9, 3), (1, 13, 3), (6, 9, 3)]"
"(32, 34, 16, 0)","[(6, 10, 3), (6, 10, 3), (6, 10, 3)]"
"(32, 34, 39, 0)","[(6, 12, 3), (6, 12, 3)]"
"(32, 35, 3, 0)","[(13, 12, 8), (14, 5, 8), (0, 12, 8), (3, 12, 8), (14, 11, 8), (14, 12, 8), (14, 12, 8)]"
"(32, 35, 8, 0)","[(3, 10, 7), (3, 10, 7), (3, 10, 7)]"
"(32, 35, 9, 0)","[(0, 5, 8)]"
"(32, 35, 11, 0)","[(1, 11, 15), (1, 11, 15), (6, 12, 15), (6, 12, 15), (6, 11, 15), (1, 5, 15), (1, 11, 15), (8, 10, 15), (1, 9, 15), (1, 13, 15), (1, 5, 15), (1, 11, 15), (1, 11, 15), (6, 12, 15), (6, 12, 15), (6, 11, 15), (6, 12, 15), (1, 11, 15), (6, 11, 15), (6, 12, 15), (6, 11, 15)]"
"(32, 35, 12, 0)","[(6, 5, 7)]"
"(32, 35, 14, 0)","[(0, 5, 15), (3, 11, 15), (14, 11, 15), (13, 6, 15), (14, 11, 15), (13, 6, 15), (13, 1, 15), (14, 13, 15), (13, 5, 15), (3, 13, 15), (3, 5, 15), (13, 5, 15), (13, 11, 15), (3, 6, 15), (13, 6, 15), (13, 5, 15), (13, 10, 15), (13, 11, 15), (3, 5, 15), (0, 6, 15), (3, 11, 15), (13, 13, 15), (13, 6, 15), (3, 5, 15), (13, 6, 15), (3, 1, 15), (14, 6, 15), (0, 5, 15), (3, 11, 15), (13, 13, 15), (0, 11, 15), (13, 1, 15), (13, 5, 15), (14, 11, 15), (13, 11, 15), (3, 6, 15), (14, 6, 15), (3, 11, 15), (13, 13, 15), (13, 10, 15), (13, 5, 15), (13, 11, 15), (13, 5, 15), (3, 11, 15), (14, 11, 15), (13, 11, 15), (13, 6, 15), (0, 11, 15), (13, 5, 15), (3, 6, 15), (14, 13, 15), (13, 11, 15), (0, 11, 15)]"
"(32, 35, 16, 0)","[(6, 10, 7), (6, 10, 7), (1, 10, 7), (13, 10, 7)]"
"(32, 35, 18, 0)","[(6, 10, 15), (5, 5, 15), (6, 10, 15), (5, 5, 15), (6, 10, 15), (5, 11, 15), (5, 12, 15), (5, 5, 15), (5, 5, 15), (5, 5, 15), (5, 11, 15), (5, 12, 15), (5, 12, 15), (5, 11, 15), (5, 12, 15), (5, 12, 15), (5, 11, 15), (5, 11, 15), (5, 12, 15), (5, 5, 15), (5, 12, 15), (6, 10, 15), (6, 10, 15), (5, 12, 15), (5, 12, 15)]"
"(32, 35, 21, 0)","[(13, 10, 7), (0, 10, 7), (3, 10, 7), (14, 11, 7)]"
"(32, 35, 35, 0)","[(14, 5, 8), (3, 10, 8), (14, 10, 11), (0, 10, 8), (0, 5, 8), (13, 10, 15), (3, 10, 15), (3, 12, 15), (13, 10, 8), (13, 11, 8), (0, 10, 15), (0, 12, 8), (13, 12, 15), (0, 10, 15), (13, 5, 8), (3, 12, 15), (14, 5, 8), (0, 12, 8), (0, 10, 8), (3, 11, 8), (3, 10, 15), (14, 11, 8), (0, 5, 8), (13, 12, 15), (3, 11, 8), (3, 5, 8), (13, 12, 15), (14, 11, 15), (3, 10, 8), (3, 12, 8), (14, 10, 15), (14, 12, 8), (13, 10, 11), (3, 10, 15), (3, 5, 8), (0, 11, 8), (0, 12, 8), (0, 12, 8), (0, 5, 8), (3, 11, 8), (14, 10, 15), (14, 10, 15), (0, 10, 8), (0, 10, 15), (0, 10, 15), (13, 10, 15), (14, 12, 8), (13, 12, 15), (13, 12, 15), (13, 12, 15), (13, 12, 15), (13, 10, 15), (13, 11, 8), (14, 11, 8), (13, 10, 8), (3, 10, 15), (14, 5, 8), (13, 11, 8), (0, 11, 15), (13, 11, 8), (0, 12, 8), (0, 10, 15), (0, 5, 8), (14, 11, 8), (0, 5, 8), (3, 12, 8), (0, 11, 8), (3, 10, 8), (13, 12, 8), (0, 10, 8), (14, 10, 11), (13, 12, 8), (13, 12, 15), (3, 10, 15), (13, 11, 15), (3, 10, 8), (13, 10, 15), (3, 5, 8), (14, 10, 15), (3, 5, 8), (13, 10, 8), (13, 10, 15), (3, 11, 8), (14, 11, 8), (0, 11, 8), (13, 5, 8), (3, 10, 15), (3, 12, 15), (3, 10, 8), (13, 10, 15), (14, 10, 15), (13, 10, 8), (13, 5, 8), (14, 10, 15), (13, 5, 8), (13, 12, 8), (13, 10, 8), (13, 11, 8), (3, 10, 15), (0, 12, 8), (0, 10, 15), (3, 12, 15), (3, 10, 15), (14, 12, 8), (13, 10, 8), (13, 10, 8), (14, 12, 8), (3, 11, 8), (13, 10, 15), (3, 12, 8), (3, 11, 8), (14, 5, 8), (0, 10, 8), (3, 12, 15), (14, 11, 8), (3, 12, 15), (14, 12, 8), (13, 5, 8), (14, 11, 8), (14, 10, 11), (14, 10, 11), (13, 10, 8), (3, 5, 8), (14, 10, 15), (0, 10, 15)]"
"(32, 35, 38, 0)","[(6, 5, 8), (6, 11, 8), (6, 13, 8), (6, 5, 8), (1, 11, 8), (1, 11, 8), (6, 5, 11), (6, 5, 8), (6, 11, 11), (6, 11, 11), (1, 12, 8), (1, 12, 8), (6, 11, 8), (6, 11, 8), (6, 11, 11), (1, 12, 8), (6, 12, 15), (1, 12, 8), (6, 12, 8), (6, 11, 11), (6, 11, 11), (1, 5, 8), (6, 5, 8), (6, 5, 8), (6, 11, 11), (6, 13, 8), (1, 11, 8), (6, 11, 11), (1, 11, 8), (6, 11, 11), (6, 12, 8)]"
"(32, 35, 49, 0)","[(5, 5, 8), (5, 10, 8), (5, 11, 8), (5, 12, 8), (5, 5, 8), (5, 12, 8), (5, 12, 8), (5, 11, 8), (5, 12, 8), (5, 5, 8), (5, 5, 8), (5, 10, 8), (1, 10, 8), (5, 10, 8)]"
"(32, 38, 11, 0)","[(8, 15, 8)]"
"(32, 38, 17, 0)","[(1, 7, 8), (1, 8, 8), (6, 3, 8)]"
"(32, 38, 38, 0)","[(6, 3, 8), (1, 4, 8), (6, 14, 8), (1, 4, 8), (1, 14, 8), (6, 3, 8), (1, 2, 8), (1, 14, 8), (1, 14, 8), (1, 7, 8), (1, 7, 8), (6, 2, 8), (1, 2, 8), (6, 2, 8), (1, 14, 8), (6, 14, 8), (1, 2, 8), (1, 2, 8), (6, 3, 8), (1, 9, 8), (6, 3, 8)]"
"(32, 40, 40, 0)","[(1, 3, 3), (6, 3, 3), (1, 3, 3), (6, 3, 3), (6, 15, 3), (1, 3, 3), (1, 3, 3), (1, 2, 3), (6, 4, 3), (1, 3, 3), (1, 3, 3), (1, 3, 3), (6, 3, 3), (1, 14, 3)]"
"(32, 41, 4, 0)","[(14, 3, 4), (14, 15, 4), (14, 3, 4), (14, 3, 4)]"
"(32, 41, 7, 0)","[(6, 8, 4), (6, 15, 4), (6, 8, 4), (6, 3, 4), (1, 4, 4), (6, 15, 4)]"
"(32, 41, 8, 0)","[(14, 13, 4), (14, 13, 4), (14, 13, 4), (13, 5, 4), (13, 6, 4), (13, 5, 4), (3, 6, 4), (14, 13, 4), (0, 13, 4)]"
"(32, 41, 12, 0)","[(1, 9, 4), (6, '?', 4), (6, 5, 4), (6, 5, 4), (6, 9, 4), (1, 11, 4), (1, 9, 4), (1, '?', 4), (1, 11, 4), (1, '?', 4), (6, 12, 4), (1, '?', 4), (1, 5, 4), (1, 5, 4), (6, '?', 4), (6, 7, 4), (1, '?', 4), (6, '?', 4), (1, 11, 4), (6, 9, 4), (6, 12, 4), (1, 5, 4), (6, 9, 4), (6, '?', 4), (1, 5, 4), (1, 11, 4), (1, 11, 4), (1, 9, 4), (6, 13, 4), (6, 5, 4), (1, 1, 4), (1, 1, 4), (1, 1, 4), (6, '?', 4), (6, 5, 4), (1, 5, 4), (1, 9, 4), (1, '?', 4), (6, '?', 4), (6, 13, 4), (1, 1, 4), (1, 9, 4), (1, 5, 4), (6, '?', 4), (1, 1, 4), (1, 1, 4), (1, 9, 4), (1, '?', 4), (6, 9, 4), (1, 9, 4), (1, '?', 4), (6, '?', 4), (6, 12, 4)]"
"(32, 41, 16, 0)","[(1, 10, 4), (5, 11, 4), (1, 10, 4), (5, 9, 4), (5, '?', 4), (5, 10, 4), (6, 6, 4), (6, 10, 4), (5, 1, 4), (5, 10, 4), (5, 9, 4), (5, 13, 4), (5, '?', 4), (5, '?', 4), (5, 9, 4), (6, 10, 4), (5, 9, 4), (5, '?', 4), (5, 10, 4), (6, 10, 4), (5, 10, 4), (6, 10, 4), (5, 12, 4), (1, 10, 4), (5, 9, 4), (5, 9, 4), (5, 11, 4), (5, '?', 4), (5, 6, 4), (6, 6, 4), (5, 11, 4), (5, 12, 4), (5, 9, 4), (5, 10, 4), (5, 12, 4), (5, 10, 4), (5, '?', 4), (5, 11, 4), (5, 9, 4), (5, 6, 4), (1, 10, 4), (1, 10, 4), (5, 12, 4), (5, '?', 4), (1, 10, 4), (5, 10, 4), (14, 13, 4), (5, 12, 4)]"
"(32, 41, 19, 0)","[(5, 1, 4), (5, 13, 4), (5, 1, 4), (6, 6, 4), (5, '?', 4), (5, 13, 4)]"
"(32, 41, 21, 0)","[(3, 10, 4), (13, 5, 4), (14, 10, 4), (13, 10, 4), (0, 11, 4), (0, 11, 4), (3, 12, 4), (3, 10, 4), (13, 12, 4), (3, 10, 4), (13, 12, 4), (3, 12, 4), (13, 5, 4), (13, 11, 4), (13, 11, 4), (0, 11, 4), (13, 12, 4), (13, 10, 4), (14, 12, 4), (13, 11, 4), (14, 12, 4), (0, 11, 4), (0, 11, 4), (14, 12, 4), (14, 10, 4), (13, 10, 4), (13, 12, 4), (0, 11, 4), (0, 10, 4), (14, 5, 4), (13, 11, 4), (13, 10, 4), (13, 11, 4), (3, 10, 4), (13, 11, 4), (3, 12, 4), (14, 5, 4), (13, 11, 4), (13, 11, 4)]"
"(32, 41, 23, 0)","[(14, 14, 4), (14, 3, 4), (14, 14, 4), (14, 3, 4), (14, 3, 4), (14, 4, 4)]"
"(32, 41, 26, 0)","[(14, 10, 4), (0, 10, 4), (0, 10, 4)]"
"(32, 41, 29, 0)","[(13, 15, 4), (0, 14, 4), (13, 15, 4), (14, 2, 4), (3, 14, 4), (0, 15, 4), (0, 7, 4), (3, 2, 4), (0, 2, 4), (0, 3, 4), (0, 15, 4), (3, 3, 4), (0, 4, 4), (13, 7, 4), (3, 8, 4), (3, 2, 4), (14, 7, 4), (0, 7, 4), (13, 14, 4), (3, 4, 4), (3, 8, 4), (3, 14, 4), (0, 8, 4), (0, 8, 4), (0, 8, 4), (0, 4, 4), (13, 8, 4), (3, 15, 4), (0, 7, 4), (3, 4, 4), (13, 15, 4), (3, 3, 4), (3, 14, 4), (3, 15, 4), (0, 14, 4), (0, 8, 4), (14, 2, 4), (13, 14, 4), (3, 3, 4), (14, 7, 4), (3, 3, 4), (13, 15, 4), (0, 4, 4), (0, 7, 4), (0, 15, 4), (3, 15, 4), (0, 3, 4), (3, 7, 4), (3, 4, 4), (3, 14, 4), (0, 3, 4), (13, 4, 4), (14, 7, 4), (0, 7, 4), (13, 8, 4), (3, 15, 4), (3, 4, 4), (14, 15, 4), (13, 15, 4), (13, 15, 4), (13, 3, 4), (14, 7, 4), (13, 7, 4), (14, '?', 4), (13, 3, 4), (3, 7, 4), (0, 15, 4), (0, 3, 4), (13, 3, 4), (3, 7, 4), (0, 4, 4), (13, 7, 4), (13, 15, 4), (3, 2, 4), (13, 8, 4), (3, 3, 4), (0, 4, 4), (13, 15, 4), (3, 2, 4), (3, 4, 4), (0, 14, 4), (3, 7, 4), (3, 2, 4), (0, 4, 4), (13, 4, 4), (3, 3, 4), (13, 7, 4), (13, 8, 4), (3, 15, 4), (13, 4, 4), (13, 4, 4), (13, 14, 4)]"
"(32, 41, 39, 0)","[(1, '?', 4)]"
"(32, 41, 40, 0)","[(6, 3, 4), (1, 4, 4), (1, 15, 4), (6, 8, 4), (1, 2, 4), (1, 3, 4), (6, 3, 4), (1, 4, 4), (1, 7, 4), (1, 15, 4), (6, 8, 4), (1, 3, 4), (1, 14, 4), (1, 7, 4), (6, 14, 4), (1, 14, 4), (14, 4, 4), (1, 2, 4), (14, 15, 4), (1, 3, 4), (1, 3, 4), (1, 7, 4), (1, 3, 4), (1, 14, 4), (1, 14, 4), (6, 14, 4), (1, 7, 4), (14, 14, 4), (1, 14, 4), (6, 3, 4), (1, 4, 4), (1, 4, 4), (6, 7, 4), (1, 7, 4), (6, 8, 4), (6, 14, 4), (6, 3, 4), (6, 8, 4), (1, 3, 4), (1, 15, 4), (6, 3, 4), (6, 14, 4), (1, 15, 4), (1, 14, 4), (6, 8, 4), (1, 3, 4), (1, 2, 4), (6, 15, 4), (1, 15, 4), (1, 15, 4), (1, 15, 4), (1, 14, 4), (6, 3, 4), (1, 2, 4), (1, 4, 4), (1, 15, 4), (6, 15, 4), (14, 3, 4), (14, 3, 4)]"
"(32, 41, 41, 0)","[(3, '?', 4), (3, '?', 4), (3, '?', 4), (0, 9, 4), (0, 13, 4), (13, 6, 4), (3, 1, 4), (14, '?', 4), (3, '?', 4), (3, 9, 4), (14, 5, 4), (3, 1, 4), (14, '?', 4), (0, 13, 4), (3, '?', 4), (0, 9, 4), (0, 13, 4), (13, '?', 4), (14, 9, 4), (13, '?', 4), (3, 9, 4), (3, 1, 4), (14, '?', 4), (0, 13, 4), (14, '?', 4), (0, 5, 4), (0, 9, 4), (3, 1, 4), (13, '?', 4), (13, '?', 4), (0, 1, 4), (0, 5, 4), (0, 1, 4), (14, 9, 4), (14, '?', 4), (0, 1, 4), (3, '?', 4), (3, 1, 4), (3, 9, 4), (14, '?', 4), (13, 4, 4), (13, '?', 4), (3, 6, 4), (14, 9, 4), (0, 1, 4), (13, 14, 4), (14, '?', 4), (13, '?', 4), (13, '?', 4), (3, '?', 4), (14, '?', 4), (3, '?', 4), (0, 13, 4), (0, 1, 4), (3, 7, 4), (0, 9, 4), (0, 11, 4)]"
"(32, 41, 44, 0)","[(13, 7, '?'), (0, 15, 4), (13, 15, 4), (0, 14, 4), (3, 2, 4), (3, 2, 4), (14, '?', 4), (3, 2, 4)]"
"(32, 41, 47, 0)","[(5, 3, 4), (5, 3, 4), (5, 2, 4), (5, 3, 4), (5, 14, 4), (5, 8, 4), (5, 15, 4), (5, 14, 4), (5, 7, 4), (5, 8, 4), (5, 7, 4), (5, 14, 4), (5, 2, 4), (5, 3, 4), (14, 15, 4), (5, 3, 4), (5, 14, 4), (5, 8, 4), (5, 8, 4)]"
"(32, 41, 48, 0)","[(14, 15, 4), (14, 4, 4), (14, 15, 4), (14, 15, 4), (5, 7, 4), (5, 15, 4), (14, 4, 4), (5, 14, 4), (5, 2, 4), (14, 15, 4), (14, 8, 4), (14, 8, 4), (5, 15, 4), (14, 4, 4), (5, 8, 4), (5, 3, 4), (14, 7, 4), (14, 4, 4), (14, 8, 4), (5, 2, 4), (5, 2, 4), (5, 8, 4)]"
"(32, 44, 4, 0)","[(14, 14, 4), (5, 2, 4), (5, 2, 4), (14, 3, 4), (14, 14, 4), (14, 4, 4), (14, 8, 4), (5, 15, 4), (5, 8, 4), (5, 8, 4), (5, 7, 4), (5, 8, 4), (14, 14, 4), (5, 7, 4), (5, 3, 4), (5, 2, 4), (14, 8, 4), (5, 15, 4), (5, 8, 4)]"
"(32, 44, 8, 0)","[(14, 13, 4), (0, 13, 4), (0, 13, 4), (14, 13, 4), (14, 13, 4)]"
"(32, 44, 12, 0)","[(1, '?', 4), (1, 9, 4), (1, 5, 4), (6, 9, 4)]"
"(32, 44, 16, 0)","[(1, 10, 4), (5, 10, 4), (5, 1, 4)]"
"(32, 44, 19, 0)","[(5, 1, 4), (5, 13, 4), (5, 13, 4), (5, 13, 4)]"
"(32, 44, 21, 0)","[(14, 5, 4), (0, 11, 4), (0, 10, 4), (3, 10, 4), (3, 10, 4), (3, 12, 4), (0, 5, 4), (0, 11, 4), (14, 10, 4), (13, 11, 4), (13, 10, 4), (13, 10, 4), (14, 12, 4), (0, 5, 4), (0, 10, 4), (0, 5, 4), (14, 12, 4), (14, 12, 4), (14, 10, 4), (0, 10, 4), (14, 10, 4)]"
"(32, 44, 29, 0)","[(13, 2, 4), (14, 2, 4), (13, 2, 4), (0, 8, 4), (14, 8, 4), (14, 2, 4), (13, 3, 4), (3, 14, 4), (0, 7, 4), (14, 7, 4), (3, 7, 4), (13, 8, 4), (0, 8, 4), (3, 8, 4), (3, 4, 4), (0, 4, 4), (3, 7, 4), (3, 7, 4), (3, 8, 4), (13, 8, 4), (14, 2, 4), (13, 14, 4), (0, 4, 4), (3, 7, 4), (0, 7, 4), (13, 7, 4), (13, 2, 4), (0, 3, 4), (13, 2, 4), (0, 2, 4), (0, 14, 4), (3, 3, 4), (14, 2, 4), (13, 4, 4), (3, 7, 4), (3, 14, 4), (14, 2, 4), (13, 8, 4), (0, 2, 4), (14, 2, 4), (14, 7, 4), (0, 8, 4), (3, 4, 4), (0, 15, 4), (14, 15, 4), (13, 2, 4), (13, 8, 4), (14, 8, 4), (0, 7, 4), (0, 14, 4), (3, 8, 4), (3, 2, 4), (13, 3, 4), (0, 3, 4), (0, 15, 4), (0, 2, 4), (3, 8, 4), (0, 4, 4), (0, 14, 4), (13, 7, 4), (3, 4, 4), (0, 2, 4), (3, 8, 4), (13, 2, 4), (0, 3, 4), (0, 15, 4), (13, 3, 4), (0, 2, 4), (3, 14, 4), (14, 2, 4), (0, 14, 4)]"
"(32, 44, 40, 0)","[(6, 3, 4), (1, 2, 4), (6, 14, 4), (1, 7, 4), (1, 7, 4), (6, 14, 4), (1, 2, 4), (1, 7, 4), (1, 15, 4), (1, 4, 4), (1, 3, 4), (6, 15, 4), (1, 7, 4), (1, 2, 4), (6, 8, 4), (1, 3, 4), (6, 7, 4)]"
"(32, 44, 44, 0)","[(3, 9, 4), (14, 9, 4), (3, 9, 4), (0, 9, 4), (14, 9, 4), (14, 9, 4), (14, 9, 4), (3, 9, 4), (0, 9, 4), (3, 9, 4), (3, 9, 4), (14, 9, 4), (3, 9, 4), (0, 9, 4), (3, 15, 4), (3, 9, 4)]"
"(32, 44, 47, 0)","[(5, 15, 4), (5, 3, 4), (5, 15, 4), (5, 14, 4)]"
"(32, 44, 48, 0)","[(14, 8, 4), (14, 8, 4), (5, 3, 4)]"
"(32, 45, 12, 0)","[(1, 9, 4)]"
"(32, 48, 40, 0)","[(6, 7, 4), (6, 7, 4), (6, 15, 4), (1, 7, '?'), (6, 7, 4)]"
"(32, 49, 20, 0)","[(13, 10, 11)]"
"(32, 49, 26, 0)","[(13, 1, 11)]"
"(32, 49, 35, 0)","[(13, 10, 11), (13, 10, 11), (13, 10, 11)]"
"(32, 49, 38, 0)","[(1, 5, 8), (1, 5, 8)]"
"(32, 49, 49, 0)","[(5, 6, 8), (5, 13, 8), (5, 9, 8), (6, 6, 8), (5, 9, 8), (5, 5, 8), (5, 9, 8), (5, 1, 8)]"
"(32, 50, 50, 0)","[(5, 8, 8), (5, 14, 8), (5, 8, 8), (5, 14, 8), (5, 8, 8), (5, 8, 8), (5, 14, 8), (5, 4, 8), (5, 15, 8), (5, 4, 8), (5, '?', 8), (5, 3, 8), (5, 11, 8), (5, 3, 8), (5, 14, 8), (5, 14, 8), (5, 9, 8)]"
"(32, 51, 17, 0)","[(8, 3, '?'), (6, 8, 8), (6, 2, 8), (6, 3, 8), (6, 8, 8), (6, 8, 8), (1, 8, 8), (6, 8, 8), (1, 14, 8), (1, 8, 8), (6, 3, 8), (8, 4, 15)]"
"(32, 51, 38, 0)","[(1, 2, 8), (1, 14, 8), (6, 4, 8), (6, 4, 8), (6, 4, 8), (1, 4, 8), (6, 8, 8), (6, 4, 8), (1, 8, 8), (6, 4, 8), (6, 14, 8), (6, 14, 8), (6, 14, 8), (6, 14, 8), (1, 4, 8), (1, 2, 8), (6, 2, 8), (6, 8, 8), (6, 4, 8), (1, 7, 8)]"
"(32, 51, 43, 0)","[(8, 3, '?')]"
"(32, 51, 50, 0)","[(5, 4, 8), (5, 15, 8), (5, 3, 8), (5, 15, 8), (5, 15, 8), (5, 3, 8), (5, 15, 8), (5, 14, 8), (14, 4, 8)]"
"(33, 7, 7, 0)","[(8, 2, '?'), (8, 14, 4), (8, 2, '?'), (8, 15, '?'), (8, 2, '?'), (8, 4, '?'), (8, 7, '?'), (8, 4, '?'), (8, 7, '?'), (8, 15, '?'), (8, 8, 4), (8, 14, 4), (8, 3, 4), (8, 2, '?'), (8, 7, '?'), (8, 4, '?'), (8, 4, 4), (8, 7, '?'), (8, 7, '?'), (8, 15, 4), (8, 15, '?'), (8, 2, '?'), (8, 14, 4), (8, 15, 4), (8, 8, 4), (8, 8, '?'), (8, 15, '?'), (8, 15, 4), (8, 4, 4), (8, 7, '?'), (8, 7, '?'), (8, 2, '?'), (8, 15, 4), (8, 14, 4), (8, 8, 4), (8, 7, '?'), (8, 8, '?'), (8, 4, '?'), (8, 14, 4), (8, 15, '?'), (8, 3, 4), (8, 7, '?'), (8, 14, 4), (8, 15, '?'), (8, 4, '?'), (8, 7, 4), (8, 8, '?')]"
"(33, 18, 11, 0)","[(8, 6, 10), (8, 5, 10), (8, 1, 10), (8, 6, 10), (8, 6, 10)]"
"(33, 18, 18, 0)","[(8, 6, 10)]"
"(33, 18, 38, 0)","[(1, 9, 0), (6, 9, 0), (1, 9, 0)]"
"(33, 19, 7, 0)","[(8, 13, '?'), (8, 13, 4), (8, 5, '?'), (8, 13, 4), (8, 9, '?'), (8, 9, '?'), (8, 1, 4), (8, 9, '?'), (8, 5, '?')]"
"(33, 19, 12, 0)","[(8, 13, 4), (8, 12, 4)]"
"(33, 19, 39, 0)","[(8, 6, '?'), (8, 13, 4)]"
"(33, 28, 38, 0)","[(8, 9, 0), (6, 13, 0)]"
"(33, 28, 39, 0)","[(8, 13, 0), (8, 6, 0)]"
"(33, 28, 49, 0)","[(8, 6, 0)]"
"(33, 29, 7, 0)","[(8, 3, 3)]"
"(33, 31, 38, 0)","[(8, 7, 0)]"
"(33, 34, 7, 0)","[(8, 11, 12)]"
"(33, 35, 38, 0)","[(1, 12, 0), (1, 5, 0), (6, 5, 0)]"
"(33, 39, 7, 0)","[(8, 5, '?'), (8, 5, '?'), (8, 11, '?'), (8, 11, '?'), (8, '?', '?'), (8, 5, '?'), (8, '?', '?'), (8, 9, '?'), (8, 11, '?'), (8, 7, 4)]"
"(33, 39, 39, 0)","[(8, 6, '?'), (8, 5, '?'), (8, 6, '?'), (8, '?', '?'), (8, 5, '?'), (8, '?', '?')]"
"(33, 40, 7, 0)","[(8, 8, 3), (8, 4, 4), (8, 14, 4), (8, 7, 4), (8, 15, 4), (8, 2, 4), (8, 3, 4), (8, 2, 4), (8, 4, 3), (8, 2, 4), (8, 4, 4), (8, 2, 4), (8, 4, 4), (8, 15, 4), (8, 3, 4), (8, 15, 4), (8, 8, 4), (8, 8, 4), (8, 3, 4), (8, 2, 4), (8, 15, 4), (8, 15, 4), (8, 3, 4), (8, 2, 4), (8, 3, 4), (8, 2, 4)]"
"(33, 40, 40, 0)","[(8, 3, 4)]"
"(33, 48, 7, 0)","[(8, 4, 4), (8, 7, 4), (8, 4, '?')]"
"(33, 49, 12, 0)","[(8, 9, 0)]"
"(33, 49, 38, 0)","[(8, 5, 0), (8, 9, 0), (8, 12, 0), (8, 11, 0), (8, 5, 0), (8, 12, 0), (8, 5, 0), (8, 5, 0), (8, 5, 0), (8, 10, 0), (8, 5, 0), (8, 12, 0), (8, 11, 0), (8, 12, 0), (8, 9, 0), (8, 12, 0), (8, 11, 0), (8, 11, 0), (8, 9, 0), (8, 11, 0), (8, 10, 0), (8, 11, 0), (8, 11, 0), (8, 5, 0), (8, 10, 0), (8, 11, 0), (8, 12, 0), (8, 11, 0), (8, 12, 0), (8, 10, 0), (8, 11, 0)]"
"(33, 49, 39, 0)","[(8, 6, 0), (8, 6, 0), (8, 9, 0), (8, 6, 0)]"
"(33, 49, 49, 0)","[(8, 6, 0), (8, 6, 0), (8, 10, 0), (8, 10, 0), (8, 10, 0)]"
"(33, 51, 7, 0)","[(8, 3, '?')]"
"(33, 51, 17, 0)","[(8, 3, '?'), (8, 3, '?'), (8, 3, '?')]"
"(33, 51, 38, 0)","[(8, 4, 0), (8, 4, 0), (8, 2, 0), (8, 14, 0), (8, 3, 0), (8, 2, 0), (8, 7, 0), (8, 15, 0), (8, 2, 0), (8, 15, 0), (8, 4, 0), (1, 15, 0), (8, 14, 0), (8, 2, 0), (8, 8, 0), (8, 3, 0), (8, 4, 0), (8, 2, 0), (8, 8, 0), (8, 14, 0), (8, 3, 0), (8, 4, 0), (8, 3, 0), (8, 2, 0), (8, 15, 0), (8, 3, 0), (8, 3, 0), (8, 7, 0), (8, 15, 0), (8, 15, 0)]"
"(34, 2, 17, 0)","[(11, 10, 13)]"
"(34, 5, 5, 0)","[(9, 0, 13), (9, 11, 13), (9, 0, 13), (9, 0, 14), (9, 11, 13), (9, 0, 14), (9, 0, 14), (9, 0, 14), (9, 11, 13), (9, 11, 13), (9, 0, 14), (9, 0, 14), (9, 0, 13), (9, 0, 14), (9, 0, 14), (9, 0, 13), (9, 11, 13), (9, 11, 13)]"
"(34, 5, 12, 0)","[('?', 0, 13), ('?', 0, 14), ('?', 0, 13), ('?', 0, 14), ('?', 0, 14), ('?', 0, 14), ('?', 11, 13), ('?', 0, 14), (8, 0, 14)]"
"(34, 5, 16, 0)","[(1, 0, 13)]"
"(34, 5, 21, 0)","[(4, 11, 13), (4, 11, 13), (4, 5, 13), (4, 0, 14), (8, 0, 14), (4, 11, 14), (4, 11, 14), (8, 0, 14), (4, 11, 13), (4, 11, 14)]"
"(34, 5, 23, 0)","[(7, 0, 13), (11, 0, 14), (11, 0, 14), (11, 0, 14), (15, 0, 14), (11, 0, 13), (11, 0, 14), (11, 0, 14)]"
"(34, 5, 37, 0)","[(12, 0, 14), (10, 0, 14), (12, 11, 14), (2, 0, 14), (7, 0, 14), (10, 0, 14), (12, 0, 14), (12, 0, 14), (12, 0, 14)]"
"(34, 5, 39, 0)","[(8, 0, 13)]"
"(34, 5, 41, 0)","[(4, 1, 14), (4, 11, 13), (4, 1, 13), (4, 11, 14)]"
"(34, 7, 7, 0)","[('?', 12, 14), ('?', 12, 14), ('?', 12, 14), ('?', 12, 14), ('?', 12, 13), ('?', 12, 14)]"
"(34, 7, 37, 0)","[(7, 6, 14), (10, 5, 14), (10, 5, 14), (7, 6, 14), (7, 6, 14), (15, 12, 14), (2, 5, 14), (7, 5, 14), (7, 13, 14), (7, 13, 14), (2, 5, 14), (7, 9, 14), (7, '?', 14), (2, 13, 14), (15, 10, 14), (2, 5, 14), (7, 13, 14), (2, 5, 14), (2, 13, 14), (10, 11, 14), (10, 5, 14), (15, 11, 14), (15, 10, 14), (2, 6, 14), (7, 11, 14), (7, 10, 14), (2, 9, 14), (2, 11, 14), (2, 5, 14), (15, 5, 14), (2, 9, 14), (7, 11, 14), (2, 11, 14), (7, 11, 14), (10, 12, 14), (7, 5, 14), (10, 6, 14), (15, 10, 14), (7, 10, 14), (15, 6, 14), (2, 13, 14), (2, 10, 14), (7, 10, 14), (15, 10, 14), (10, 13, 14), (2, 12, 14), (10, 6, 14), (2, 5, 14), (10, 1, 14), (10, 13, 14), (7, 1, 14), (2, 10, 14), (15, '?', 14), (2, 5, 14), (7, 1, 14), (7, 11, 14), (15, 1, 14), (7, 5, 14), (10, 5, 14), (15, 13, 14), (2, 13, 14), (2, 13, 14), (15, 10, 14), (10, 13, 14), (2, 12, 14), (2, 13, 14), (15, 11, 14), (7, 9, 14), (2, 5, 14), (7, 12, 14), (10, 13, 14), (7, 10, 14)]"
"(34, 7, 39, 0)","[('?', 12, 14)]"
"(34, 7, 43, 0)","[(15, 11, 13)]"
"(34, 12, 7, 0)","[('?', 12, 13), ('?', 5, 13)]"
"(34, 12, 43, 0)","[(7, 13, 13)]"
"(34, 13, 5, 0)","[(9, 11, 13), (9, 5, 14)]"
"(34, 13, 13, 0)","[(9, 1, 14), (9, 5, 14), (9, 12, 14), (9, '?', 14), (9, 12, 13), (9, 6, 13), (9, 13, 13), (9, 6, 13), (9, 10, 14), (9, 13, 13), (9, 12, 13), (9, 12, 14), (9, 10, 14), (9, 6, 13), (9, 5, 13), (9, 10, 14), (9, 10, 14), (9, 5, 13), (9, 12, 13), (9, 6, 13), (9, 5, 13), (9, 12, 13), (9, 5, 13), (9, 5, 13), (9, 5, 13), (9, 6, 13), (9, 10, 13), (9, 10, 13), (9, 6, 13), (9, 2, 14), (9, 5, 13), (9, 10, 13), (9, 5, 14), (9, 5, 13), (9, 10, 13), (9, 1, 14), (9, 12, 14), (9, 5, 14), (9, '?', 14), (9, 12, 14), (9, 5, 14)]"
"(34, 13, 21, 0)","[(4, 12, 13), (4, 5, 13), (4, 12, 13)]"
"(34, 13, 22, 0)","[(9, 5, 14), (9, 5, 14), (9, 10, 13), (9, '?', 14), (9, 13, 13), (9, '?', 14), (9, 12, 14), (9, 12, 14)]"
"(34, 13, 23, 0)","[(12, 11, 14), (11, 14, 14), (11, 2, 14), (12, 9, 13), (11, 2, 14), (12, 9, 13)]"
"(34, 13, 26, 0)","[(4, 5, 13), (4, 12, 14), (4, 12, 13)]"
"(34, 13, 37, 0)","[(11, 12, 14), (11, 5, 14), (11, '?', 14), (12, 9, 14), (11, 7, 14), (12, 9, 14), (11, 12, 14), (12, 5, 14), (11, '?', 14), (11, 13, 14), (11, 12, 14), (11, 6, 14), (12, 1, 14), (11, 13, 14), (11, '?', 14), (11, 1, 14), (12, 1, 14), (11, 12, 14), (11, '?', 14), (11, 13, 14), (12, 9, 14), (11, 15, 14), (12, 9, 14), (11, 13, 14), (11, 13, 14), (11, '?', 14), (11, 13, 14), (11, 1, 14), (11, 6, 14), (11, 1, 14), (12, 6, 14), (11, 14, 14), (11, 8, 14), (11, 5, 14), (11, 8, 14), (12, 13, 14), (11, 6, 14), (11, 10, 14), (12, 12, 14), (11, 12, 14), (12, 9, 14), (12, 11, 14), (12, 12, 14), (12, 5, 14), (11, 6, 14), (12, 9, 14), (11, 10, 14), (11, '?', 14), (12, 6, 14), (12, 1, 14), (12, 11, 14), (12, 6, 14)]"
"(34, 13, 39, 0)","[(9, 10, 14)]"
"(34, 13, 41, 0)","[(4, 13, 14), (4, '?', 14), (4, 6, 14), (4, 6, 14), (4, 6, 13), (4, 6, 14), (4, 6, 13), (4, 6, 14), (4, 12, 14), (4, 6, 14), (4, 1, 14), (4, 5, 14), (4, 6, 14), (4, 5, 13), (4, 6, 14), (4, 5, 14), (4, 5, 13), (4, 6, 14), (4, '?', 14), (4, 6, 14), (4, 6, 13), (4, 5, 14), (4, 5, 14), (4, 6, 13), (4, 12, 13), (4, 12, 13), (4, 5, 14), (4, 5, 14), (4, 5, 14), (4, 12, 14), (4, 5, 13), (4, 6, 14)]"
"(34, 16, 12, 0)","[('?', 11, 13), ('?', 11, 13)]"
"(34, 16, 21, 0)","[(4, 6, 13)]"
"(34, 16, 39, 0)","[('?', 11, 13)]"
"(34, 19, 7, 0)","[('?', 12, 14), ('?', 13, 14), (8, 0, 13)]"
"(34, 19, 23, 0)","[(11, 9, 13), (11, 1, 13), (11, 13, 13), (12, 13, 14), (11, 13, 13), (12, 13, 14), (12, 13, 14), (12, 11, 14), (12, 13, 13), (11, 13, 14), (12, 13, 14), (11, 13, 13), (12, 13, 13)]"
"(34, 19, 37, 0)","[(11, 1, 14), (12, 9, 14), (12, 13, 14), (12, 1, 14), (12, 13, 14), (11, 1, 14), (12, 13, 14)]"
"(34, 19, 39, 0)","[('?', 1, 14)]"
"(34, 22, 21, 0)","[(4, 6, 13), (4, 12, 14), (4, 12, 13), (4, 5, 13), (4, 6, 13), (4, 6, 13), (4, 12, 13), (4, 12, 14), (4, 1, 14), (4, 12, 13), (4, 1, 14), (4, 12, 13), (4, 5, 13)]"
"(34, 22, 22, 0)","[(9, 5, 13), (9, 10, 13), (9, 5, 14), (9, 12, 14), (9, 10, 14), (9, 10, 13), (9, 12, 14), (9, 10, 14), (9, 12, 13), (9, 12, 13), (9, 10, 14), (9, 12, 14)]"
"(34, 23, 17, 0)","[(12, 6, 13), (12, 12, 13), (11, 12, 13), (11, 12, 13), (11, 12, 13), (12, 12, 13), (11, 10, 13), (12, 9, 13), (12, 12, 13), (12, 5, 13)]"
"(34, 23, 23, 0)","[(11, 10, 13), (12, 5, 13), (12, 5, 13), (11, 2, 13), (11, 10, 13), (12, 6, 13), (11, 2, 13)]"
"(34, 23, 37, 0)","[(11, 10, 14)]"
"(34, 23, 38, 0)","[(12, 5, 13)]"
"(34, 23, 43, 0)","[(11, 12, 13), (12, 2, 13), (12, 2, 13), (11, 12, 5), (12, 2, 13), (11, 2, 13)]"
"(34, 34, 39, 0)","[('?', 11, 13)]"
"(34, 38, 11, 0)","[(2, 6, 13), (7, 5, 13)]"
"(34, 38, 17, 0)","[(7, 5, 13), (10, 6, 13), (7, 5, 13), (10, 10, 13), (10, 12, 13), (2, 6, 13), (2, 5, 13), (10, 5, 13), (10, 6, 13), (7, 12, 13), (15, 6, 13), (10, 12, 13), (7, 6, 13), (7, 5, 13), (10, 10, 13), (10, 5, 13), (2, 5, 13), (10, 5, 13), (10, 10, 13), (10, 12, 13), (7, 10, 13), (10, 10, 13), (7, 5, 13), (15, 6, 13), (2, 5, 13), (2, 10, 13), (2, 10, 13), (2, 5, 13), (10, 5, 13), (2, 10, 13), (10, 5, 13), (15, 6, 13), (10, 5, 13)]"
"(34, 38, 37, 0)","[(15, 12, 14), (15, 12, 14), (10, 12, 14), (10, 6, 14), (2, 6, 14), (2, 10, 14), (15, 10, 14), (15, 5, 14), (7, 6, 14), (2, 10, 14), (15, 6, 14), (7, 5, 14), (10, 12, 14), (7, 6, 14), (2, 10, 14), (15, 10, 14), (15, 6, 14), (15, 5, 14), (15, 12, 14), (15, 12, 14), (7, 12, 14), (2, 12, 14), (15, 12, 14), (7, 12, 14), (10, 5, 14), (7, 10, 14), (10, 12, 14), (7, 12, 14), (2, 12, 14), (15, 10, 14), (15, 5, 14), (2, 6, 14), (2, 12, 14), (7, 10, 14), (7, 12, 14), (2, 6, 14), (15, 5, 14), (2, 10, 14), (7, 6, 14), (10, 6, 14), (7, 5, 14), (15, 6, 14), (2, 5, 14), (2, 10, 14), (10, 12, 14), (7, 5, 14), (15, 5, 14), (7, 10, 14), (7, 6, 14), (2, 10, 14), (15, 10, 14), (2, 6, 14), (15, 5, 14), (7, 12, 14), (2, 10, 14), (2, 12, 14), (10, 5, 14)]"
"(34, 38, 38, 0)","[(2, 6, 13), (7, 5, 13), (15, 6, 13), (2, 10, 13), (7, 10, 13), (7, 10, 13), (2, 10, 13), (15, 6, 13), (10, 6, 13), (2, 5, 13), (7, 6, 13)]"
"(34, 38, 43, 0)","[(7, 5, 13), (15, 10, 13), (15, 10, 13), (7, 12, 13), (10, 10, 13), (15, 10, 13), (7, 12, 13), (10, 12, 13), (10, 5, 13), (15, 6, 13), (2, 6, 13), (2, 6, 13), (2, 6, 13), (10, 12, 13), (7, '?', 13), (15, 10, 13), (10, 12, 13), (7, 6, 13)]"
"(34, 39, 7, 0)","[('?', 12, 13), ('?', 12, 14), ('?', 6, 14), ('?', 5, 13), ('?', 12, 13), ('?', 12, 13)]"
"(34, 39, 23, 0)","[(11, 6, 13), (11, 9, 13), (12, 9, 13), (12, 9, 13), (12, 6, 13), (12, 5, 13), (12, '?', 13), (12, '?', 13), (11, 9, 13), (11, 6, 13), (12, 5, 13), (11, 9, 13), (12, 9, 13), (11, 9, 13), (11, 11, 13), (12, 6, 13), (11, 10, 13), (12, 6, 14), (11, 5, 14), (12, 6, 14), (11, 9, 13), (12, 6, 13), (11, 6, 13), (12, '?', 13), (12, '?', 13), (12, '?', 13), (11, 10, 13), (11, 12, 13), (11, 2, 13), (11, 10, 13), (12, '?', 13), (11, 1, 13), (11, 13, 13), (11, 6, 14), (11, 9, 13), (11, 11, 13), (11, 11, 13), (11, 11, 13), (11, 6, 13), (11, 1, 13), (12, 13, 13), (12, 6, 13), (11, 6, 13), (11, 1, 13), (12, '?', 13), (12, 13, 13), (11, 6, 13), (12, 9, 13)]"
"(34, 39, 37, 0)","[(12, 6, 14), (2, 12, 14), (15, 6, 14), (10, 11, 14), (2, 13, 14), (7, 11, 14), (10, 6, 14), (10, 13, 14), (10, 1, 14)]"
"(34, 39, 39, 0)","[('?', 6, 13), ('?', 1, 13), ('?', 6, 13), (8, 6, 14), ('?', 5, 13), ('?', 5, 13), ('?', 12, 13), ('?', '?', 13), ('?', 6, 13), ('?', '?', 13), ('?', 6, 13), ('?', 1, 13), ('?', 6, 13), ('?', 12, 13), ('?', '?', 13), ('?', '?', 13), ('?', 6, 13), ('?', 5, 13), ('?', 6, 13)]"
"(34, 39, 43, 0)","[(15, 13, 13), (7, 1, 13), (7, 10, 13), (7, '?', 13), (10, '?', 13), (7, 1, 13), (7, '?', 13), (7, '?', 13), (7, 12, 13), (7, 12, 13), (10, 12, 13), (7, 6, 13), (15, 1, 13), (15, 6, 13), (15, 6, 13), (7, 10, 13), (10, '?', 13), (7, 6, 13), (2, '?', 13), (15, 1, 13), (7, 6, 13), (10, 6, 13), (10, 10, 13), (7, 2, 13), (7, '?', 13), (2, 10, 13), (10, 9, 13), (7, '?', 13), (10, '?', 13), (15, 13, 13), (7, 11, 13), (2, 1, 13), (10, '?', 13), (10, 13, 13), (10, 1, 13), (2, 6, 13), (2, 5, 13), (2, '?', 13), (15, 13, 13), (15, 13, 13), (10, 5, 13), (7, 2, 13), (7, 5, 13), (2, 5, 13), (7, 1, 13), (10, 13, 13), (15, 1, 13), (7, 6, 13), (15, 1, 13), (10, '?', 13), (10, 9, 13), (15, 1, 13), (7, 2, 13), (10, '?', 13), (10, 9, 13), (7, 12, 13), (2, '?', 13), (15, 13, 13), (7, '?', 13), (10, 1, 13), (2, 13, 13), (7, 6, 13), (10, 9, 13), (15, 1, 13), (10, 11, 13), (2, 5, 13), (7, '?', 13), (7, 13, 13), (7, '?', 13), (7, 10, 13), (7, 13, 13), (7, 10, 13), (2, 3, 13), (7, 5, 13), (7, 12, 13), (7, 11, 13), (15, 10, 13), (2, 10, 13), (10, '?', 13), (2, '?', 13), (10, 6, 13), (15, 13, 13), (10, 5, 13), (7, 1, 13), (10, 10, 13), (15, 11, 13)]"
"(34, 40, 7, 0)","[('?', 9, 14)]"
"(34, 40, 37, 0)","[(2, 9, 14), (15, 11, 14), (15, 11, 14), (15, 13, 14), (10, 13, 14), (7, 9, 14), (2, 11, 14), (2, 13, 14), (7, 11, 14), (10, 1, 14), (7, 11, 14), (7, 13, 14), (2, 11, 14), (10, 11, 14), (7, 1, 14), (10, 1, 14), (2, 11, 14), (15, 13, 14), (2, 11, 14), (10, 11, 14), (15, 11, 14), (10, 1, 14), (10, 1, 14), (7, 9, 14), (15, 11, 14), (7, 13, 14), (15, 11, 14), (7, 9, 14), (15, 1, 14), (15, 13, 14), (7, 1, 14), (10, 11, 14), (15, 1, 14), (7, 1, 14), (10, 1, 14), (10, 11, 14), (15, 1, 14), (15, 13, 14), (15, 13, 14), (10, 1, 14), (15, 11, 14), (10, 13, 14), (2, 13, 14), (2, 11, 14), (15, 1, 14), (10, 1, 14), (7, 13, 14), (15, 1, 14), (7, 1, 14), (2, 9, 14), (7, 1, 14)]"
"(34, 40, 43, 0)","[(7, 1, 13), (15, 13, 13), (15, 1, 13), (10, 1, 13), (7, 13, 13), (15, 11, 13), (10, 11, 13), (10, 9, 13), (15, 1, 13), (10, 11, 13), (7, 11, 13), (10, 9, 13), (10, 11, 13), (15, 11, 13), (7, 11, 13), (10, 13, 13), (15, 11, 13), (10, 13, 13), (10, 11, 13), (15, 11, 13), (10, 9, 13), (10, 11, 13), (10, 9, 13), (10, 13, 13), (7, 13, 13), (2, 1, 13), (2, 13, 13), (10, 13, 13), (15, 11, 13), (10, 1, 13), (10, 13, 13), (2, 1, 13), (10, 11, 13), (15, 13, 13), (15, 11, 13), (7, 13, 13), (10, 1, 13)]"
"(34, 41, 16, 0)","[(6, 0, 14), (6, 0, 13), (6, 0, 14), (6, 0, 14), (5, 0, 14), (1, 0, 14), (6, 0, 14)]"
"(34, 41, 41, 0)","[(4, 1, 14)]"
"(34, 43, 37, 0)","[(7, 12, 5), (10, 12, 5), (2, 12, 5), (10, 12, 5), (15, 12, 5), (10, 12, 5), (2, 12, 5), (7, 12, 5), (15, 12, 5)]"
"(34, 43, 43, 0)","[(10, 12, 2), (10, 12, 13), (15, 6, 13), (10, 12, 2)]"
"(34, 45, 12, 0)","[('?', 0, 13)]"
"(34, 45, 16, 0)","[(8, 0, 14)]"
"(34, 45, 23, 0)","[(11, 0, 13), (11, 0, 13), (15, 0, 14), (12, 11, 14), (11, 0, 13), (11, 0, 14), (12, 0, 14), (15, 0, 13), (11, 0, 13), (12, 0, 13), (11, 0, 14), (7, 0, 14), (15, 0, 14), (7, 0, 14), (10, 0, 14), (12, 0, 13), (10, 0, 14), (12, 11, 14), (15, 0, 13), (2, 0, 14), (7, 0, 13), (11, 11, 13), (2, 0, 13), (11, 11, 13), (2, 0, 14), (2, 0, 13), (15, 0, 14), (7, 0, 13), (15, 0, 14), (11, 0, 14), (15, 0, 14), (15, 0, 13), (15, 0, 13), (7, 0, 14), (7, 0, 13), (15, 0, 14), (2, 0, 14), (15, 0, 13), (7, 0, 14), (12, 0, 14), (11, 0, 13), (11, 0, 14), (2, 0, 13), (12, 0, 14), (7, 0, 13), (15, 0, 14), (10, 0, 14), (11, 0, 13), (15, 0, 14), (12, 0, 14), (12, 0, 13), (2, 0, 13), (11, 0, 14), (10, 0, 14), (15, 0, 13), (11, 1, 13), (2, 0, 14), (12, 11, 14), (2, 0, 14), (11, 0, 13), (12, 0, 14), (12, 11, 14), (2, 0, 13), (12, 0, 13), (2, 0, 13), (12, 0, 13), (7, 0, 13)]"
"(34, 45, 37, 0)","[(10, 0, 14), (10, 0, 14), (10, 0, 14), (12, 11, 14), (10, 0, 14)]"
"(34, 46, 17, 0)","[(11, 12, 13), (12, 5, 13), (12, 12, 13), (12, 5, 13), (12, 6, 13), (11, 12, 13), (11, 6, 13), (12, 12, 13)]"
"(34, 46, 23, 0)","[(12, 10, 14)]"
"(34, 46, 37, 0)","[(12, 12, 14), (12, 12, 14), (11, 12, 14), (12, 12, 14), (11, 10, 14), (12, 5, 14), (11, 5, 14), (11, 12, 14), (11, 10, 14), (11, 10, 14), (12, 10, 14), (11, 6, 14), (12, 6, 14), (12, 12, 14), (12, 6, 14), (12, 12, 14), (11, 6, 14), (12, 5, 14), (12, 5, 14), (11, 12, 14), (11, 12, 14), (12, 10, 14), (12, 10, 14), (12, 12, 14), (11, 10, 14), (11, 6, 14), (12, 6, 14), (12, 10, 14), (12, 6, 14), (11, 5, 14), (12, 10, 14), (12, 5, 14), (12, 10, 14), (12, 5, 14), (12, 5, 14)]"
"(35, 8, 7, 0)","[(8, 12, 9), (8, 12, 9)]"
"(35, 8, 8, 0)","[(14, 6, 9)]"
"(35, 11, 11, 0)","[(8, 1, 10), (8, 5, 10), (8, 5, 10), (8, 5, 10)]"
"(35, 11, 17, 0)","[(8, 5, 10)]"
"(35, 14, 51, 0)","[(8, 15, 1), (8, 7, 1), (8, 4, 1), (8, 7, 1), (8, 4, 1), (8, 15, 1), (8, 7, 1), (8, 7, 1), (8, 4, 1), (8, 2, 1), (8, 3, 1), (8, 7, 1), (8, 2, 1), (8, 15, 1), (8, 4, 1), (8, 7, 1), (8, 2, 1), (8, 4, 1), (8, 3, 1), (8, 2, 1), (8, 2, 1), (8, 4, 1), (8, 7, 1), (8, 3, 1), (8, 4, 1)]"
"(35, 16, 7, 0)","[(8, 12, 9)]"
"(35, 16, 12, 0)","[(1, 12, 9), (1, 12, 9), (6, 12, '?'), (1, 12, 9)]"
"(35, 16, 16, 0)","[(5, 12, 9)]"
"(35, 18, 11, 0)","[(8, 12, 10), (8, 12, 10), (8, 11, 10), (8, 5, 10), (8, 5, 10), (8, 12, 10)]"
"(35, 18, 18, 0)","[(8, 13, 1), (8, 10, 10), (8, 10, 10), (8, 10, 10), ('?', 12, 10), (8, 10, 10), (8, 6, 10), (8, 1, 1)]"
"(35, 18, 24, 0)","[(8, 11, 1)]"
"(35, 18, 30, 0)","[(8, 11, 1)]"
"(35, 18, 38, 0)","[(8, 5, 10), (8, 5, 10), (8, 11, 1)]"
"(35, 18, 49, 0)","[(8, 1, 1), (8, 11, 1), (8, 6, 1), (8, 13, 1), (8, 5, 1), (8, 10, 1), (8, 1, 1), (8, 1, 1), (8, 9, 1), (8, 10, 1), (8, 12, 10), (8, 10, 1), (8, 9, 1), (8, 12, 1), (8, 13, 1), (8, 6, 1), (8, 5, 1), (8, 10, 1), (8, 10, 10), (8, 10, 1), (8, 10, 1), (8, 10, 1), (8, 6, 1), (8, 12, 1), (8, 6, 1), (8, 6, 1), (8, 6, 1), (8, 9, 1), (8, 13, 1), (8, 9, 1), (8, 12, 1), (8, 12, 1), (8, 6, 1), (8, 5, 1), (8, 12, 10), (8, 5, 1), (8, 12, 1), (8, 11, 1), (8, 6, 1), (8, 12, 1), (8, 10, 1), (8, 10, 1), (8, 12, 1), (8, 12, 1), (8, 5, 1), (8, 10, 1), (8, 5, 1)]"
"(35, 18, 51, 0)","[(8, 13, 1), (8, 13, 1), (8, '?', 1), (8, '?', 1), (8, '?', 1), (8, '?', 1), (8, 7, 1), (8, 7, 1), (8, 4, 1), (8, '?', 1), (8, 13, 1), (8, 3, 1), (8, 1, 1), (8, 1, 1), (8, 13, 1), (8, 13, 1), (8, 9, 1), (8, '?', 1), (8, '?', 1), (8, 9, 1)]"
"(35, 21, 21, 0)","[(0, 12, 9), (13, 10, 9), (14, 12, 9), (13, 10, 9), (14, 12, 6), (13, 10, 6), (3, 10, 9), (0, 10, 9), (14, 12, 9), (14, 12, 9), (0, 10, 9)]"
"(35, 21, 26, 0)","[(13, 12, 9)]"
"(35, 25, 8, 0)","[(3, 5, 6), (14, 5, 6), (3, 5, 6), (14, 6, 6), (13, 13, 6), (3, 13, 6), (0, 6, 6), (3, 5, 6), (13, 13, 6), (14, 5, 6), (3, 5, 6), (14, 6, 6), (3, 5, 6), (14, 6, 6), (3, 5, 6), (14, 13, 6), (14, 6, 6)]"
"(35, 25, 12, 0)","[(6, 5, 6), (6, 11, 6), (6, 5, 6), (6, 11, 6), (6, 11, 6), (1, 12, 6), (1, 12, 6), (1, 12, 6), (6, 5, 6), (1, 11, 6), (1, 12, 6), (1, 11, 6)]"
"(35, 25, 16, 0)","[(5, 5, 6), (6, 10, 6), (6, 10, 6), (5, 11, 6), (5, 11, 6), (5, 12, 6), (5, 5, 6)]"
"(35, 25, 19, 0)","[(1, 10, 6), (1, 10, 6), (1, 10, 6), (6, 6, 6)]"
"(35, 25, 21, 0)","[(13, 10, 6), (14, 5, 6), (13, 10, 6), (13, 11, 6), (14, 12, 6), (13, 10, 6), (13, 12, 6), (14, 5, 6), (3, 11, 6), (14, 6, 6), (3, 11, 6), (0, 11, 6), (3, 11, 6), (13, 11, 6), (13, 11, 6), (3, 11, 6), (3, 11, 6), (3, 11, 6), (0, 11, 6), (13, 12, 6), (13, 12, 6), (13, 11, 6), (0, 11, 6), (13, 11, 6), (13, 12, 6), (0, 5, 6)]"
"(35, 25, 26, 0)","[(0, 11, 6), (13, 11, 6)]"
"(35, 25, 44, 0)","[(0, 5, 6)]"
"(35, 29, 8, 0)","[(14, 13, 12), (13, 13, 12), (13, 13, 12), (3, 13, 12)]"
"(35, 29, 12, 0)","[(6, 13, 12), (6, 13, 12), (6, 11, 12), (6, 13, 12), (6, 11, 12), (6, 5, 12)]"
"(35, 29, 16, 0)","[(5, 5, 12), (5, 11, 12), (6, 10, 12), (5, 10, 12), (5, 5, 12), (5, 5, 12), (5, 12, 12), (1, 10, 12), (1, 10, 12), (5, 11, 12), (5, 5, 12), (6, 10, 12), (5, 5, 12), (5, 12, 12)]"
"(35, 29, 21, 0)","[(0, 12, 12), (3, 5, 12), (13, 11, 12), (14, 12, 12), (3, 5, 12), (3, 10, 12), (0, 10, 12), (0, 11, 12), (14, 11, 12), (0, 10, 12), (3, 5, 12), (13, 5, 12), (0, 12, 12), (14, 11, 12), (3, 5, 12), (13, 5, 12), (3, 5, 12), (3, 12, 12), (3, 11, 12), (13, 5, 12), (0, 11, 12), (0, 11, 12), (3, 5, 12), (13, 11, 12), (13, 5, 12), (0, 11, 12), (3, 5, 12), (0, 12, 12), (3, 12, 12), (3, 12, 12), (0, 11, 12), (3, 12, 12), (13, 5, 12), (0, 12, 12), (0, 12, 12), (3, 12, 12)]"
"(35, 33, 7, 0)","[(8, 11, 6), (8, 12, 6), (8, 12, 6)]"
"(35, 33, 39, 0)","[(8, 10, 6), (8, 10, 6)]"
"(35, 35, 11, 0)","[(8, 12, 10)]"
"(35, 35, 20, 0)","[(13, 10, 1)]"
"(35, 35, 35, 0)","[(13, 10, 1), (13, 10, 1), (13, 12, 1)]"
"(35, 35, 38, 0)","[(6, 11, 1), (6, 10, 1)]"
"(35, 35, 49, 0)","[(8, 6, 1)]"
"(35, 41, 8, 0)","[(0, 13, 9)]"
"(35, 41, 12, 0)","[(1, 12, 9), (1, 12, 9), (6, 13, 9), (1, 12, 9), (6, 13, 9)]"
"(35, 41, 16, 0)","[(6, 10, 9), (6, 10, 9), (1, 10, 9)]"
"(35, 41, 19, 0)","[(5, 13, 9)]"
"(35, 41, 21, 0)","[(0, 11, 9), (14, 12, 9), (13, 12, 9)]"
"(35, 41, 26, 0)","[(3, 10, 9), (14, 10, 9), (3, 12, 9)]"
"(35, 44, 8, 0)","[(0, 5, 9), (14, 13, 9), (14, 5, 9), (14, 13, 9), (13, 13, 9), (0, 5, 9)]"
"(35, 44, 12, 0)","[(6, 12, 9), (1, 12, 9), (6, 5, 9), (6, 12, 9), (6, 5, 9), (6, 12, 9), (1, 12, 9)]"
"(35, 44, 16, 0)","[(6, 10, 9), (5, 12, 9), (5, 10, 9), (1, 10, 9), (5, 5, 9), (6, 10, 9), (5, 11, 9), (5, 10, 9), (5, 13, 9), (5, 11, 9), (5, 5, 9), (5, 11, 9), (5, 12, 9), (1, 10, 9), (6, 10, 9), (5, 10, 9), (5, 10, 9), (1, 10, 9)]"
"(35, 44, 19, 0)","[(5, 13, 9)]"
"(35, 44, 21, 0)","[(14, 5, 9), (3, 12, 9), (13, 5, 9), (14, 5, 9), (0, 10, 9), (14, 10, 9), (14, 5, 9), (3, 10, 9), (14, 12, 9), (14, 11, 9), (14, 5, 9), (0, 10, 9), (3, 12, 9), (13, 5, 9), (0, 12, 9), (13, 12, 9), (13, 12, 9), (0, 5, 9), (0, 11, 9), (0, 12, 9), (0, 11, 9), (14, 5, 9), (3, 10, 9), (0, 10, 9)]"
"(35, 44, 41, 0)","[(0, 5, 9), (0, 5, 9), (13, 5, 9), (3, 12, 9)]"
"(35, 49, 39, 0)","[(8, 10, 6)]"
"(37, 37, 37, 0)","[(15, 14, 3), (7, 15, 3), (10, 15, 3), (7, 8, 3), (2, 2, 3), (7, 7, 3), (10, 15, 3), (2, 8, 3), (7, 3, 3), (2, 8, 3), (7, 4, 3), (7, 4, 3), (7, 3, 3), (7, 7, 3), (10, 2, 3), (2, 4, 3), (2, 3, 3), (2, 8, 3), (7, 15, 3), (10, 14, 3), (7, 4, 3), (7, 3, 3), (15, 15, 3), (15, 3, 3), (2, 4, 3), (15, 3, 3), (15, 8, 3), (10, 7, 3), (10, 2, 3), (7, 4, 3), (7, 8, 3), (7, 3, 3), (15, 8, 3), (7, 7, 3), (15, 2, 3), (7, 3, 3), (7, 2, 3), (15, 4, 3), (2, 4, 3), (10, 7, 3), (10, 14, 3), (10, 2, 3), (7, 7, 3), (15, 8, 3), (10, 3, 3), (7, 8, 3), (7, 8, 3), (10, 2, 3), (7, 4, 3), (10, 14, 3), (2, 3, 3), (15, 2, 3), (2, 2, 3), (10, 14, 3), (15, 14, 3), (2, 4, 3), (10, 15, 3), (2, 8, 3), (15, 14, 3), (2, 2, 3), (7, 3, 3), (10, 7, 3), (10, 3, 3), (15, 8, 3), (2, 3, 3), (2, 4, 3), (2, 4, 3), (10, 2, 3), (2, 3, 3), (2, 3, 3), (15, 15, 3), (7, 2, 3), (10, 4, 3), (7, 7, 3), (2, 3, 3), (15, 4, 3), (10, 14, 3), (10, 15, 3), (10, 3, 3), (10, 7, 3), (7, 7, 3), (7, 2, 3), (10, 4, 3), (7, 15, 3), (7, 15, 3), (2, 3, 3), (7, 2, 3)]"
"(38, 7, 43, 0)","[(7, 8, 4), (2, 8, 4), (15, 4, 4), (7, 4, 4), (2, 8, 4), (10, 14, 4), (2, 15, 4), (2, 15, 4), (15, 7, 4), (15, 3, 4), (15, 2, 4), (10, 7, 4), (7, 14, 4), (2, 8, 4), (15, 14, 4), (7, 7, 4), (7, 14, 4), (2, 15, 4), (2, 3, 4), (7, 2, 4), (10, 14, 4), (7, 15, 4), (2, '?', 4), (7, 4, 4), (15, 4, 4), (10, 2, 4), (15, 15, 4), (7, 3, 4), (7, 3, 4), (15, 15, 4), (10, 14, 4), (2, 8, 4), (7, 3, 4), (2, 3, 4), (7, 2, 4), (10, 7, 4), (10, 4, 4), (15, 14, 4), (10, 8, 4), (7, 7, 4), (7, 3, 4), (7, 14, 4), (7, 3, 4), (7, 14, 4), (2, 4, 4), (15, 15, 4), (10, 2, 4), (7, 8, 4), (7, 2, 4), (15, 3, 4), (10, 7, 4), (2, 3, 4), (15, 4, 4), (7, 7, 4), (2, 8, 4), (2, 14, 4), (7, 15, 4), (2, 4, 4), (2, 14, 4), (10, 8, 4), (7, 8, 4), (2, 3, 4), (7, 4, 4), (7, 7, 4), (7, 4, 4), (2, 3, 4), (2, 2, 4), (2, 14, 4), (15, 3, 4), (7, 15, 4), (15, 15, 4), (10, 2, 4), (10, 14, 4), (10, 2, 4), (10, 7, 4), (10, 14, 4), (7, 2, 4), (7, 14, 4), (10, 8, 4), (7, 4, 4), (15, 14, 4), (15, 2, 4), (2, '?', 4), (15, 15, 4), (2, 14, 4), (15, 2, 4), (2, 14, 4), (15, 7, 4), (7, 3, 4), (7, 15, 4), (2, 2, 4), (15, 15, 4), (7, 15, 4), (10, 8, 4), (7, 7, 4), (2, 15, 4), (2, 14, 4)]"
"(38, 23, 23, 0)","[(11, '?', 4), (12, 7, 4), (12, 8, 4), (12, 2, 4), (12, 7, 4), (12, 8, 4), (11, 15, 4), (11, '?', 4), (12, 3, 4), (11, 14, 4), (11, 15, 4), (11, 3, 4), (11, 2, 4), (12, 3, 4), (12, 8, 4), (12, 3, 4), (12, 7, 4), (12, 8, 4)]"
"(38, 23, 37, 0)","[(11, 14, 4), (12, 14, 4), (11, 2, 4), (12, 4, 4), (12, 4, 4), (12, 2, 4), (11, 2, 4), (12, 7, 4), (12, 8, 4), (12, 3, 4), (11, 2, 4), (11, 3, 4), (12, 14, 4), (12, 4, 4), (11, 14, 4), (11, 15, 4), (12, 3, 4), (12, 4, 4), (12, 14, 4), (12, 8, 4), (12, 4, 4), (12, 9, 4), (12, 8, 4), (12, 8, 4), (12, 4, 4), (12, 2, 4), (12, 3, 4)]"
"(38, 23, 43, 0)","[(11, 14, 4), (12, 3, 4), (11, '?', 4), (12, 2, 4), (11, 7, 4), (12, 2, 4), (11, 3, 4), (11, 7, 4), (11, 3, 4), (12, 4, 4), (12, 4, 4), (12, 2, 4), (12, 7, 4), (11, 2, 4), (12, 4, 4), (11, 2, 4), (11, 2, 4), (11, 7, 4)]"
"(38, 37, 37, 0)","[(2, 2, 4), (15, 3, 4), (2, 3, 4), (2, 4, 4), (2, 4, 4), (2, 4, 4), (2, 14, 4), (2, 3, 4), (10, 4, 4), (2, 14, 4), (2, 3, 4), (2, 8, 4), (2, 15, 4), (2, 15, 4), (10, 4, 4), (15, 14, 4), (10, 14, 4), (2, 3, 4), (2, 8, 4), (2, 4, 4), (2, 15, 4), (2, 14, 4), (2, 4, 4)]"
"(38, 38, 17, 0)","[(15, 8, 8)]"
"(38, 38, 37, 0)","[(15, 4, 11), (15, 3, 11), (15, 3, 11), (2, 8, 11), (15, 3, 11), (10, 8, 11), (10, 2, 11), (2, 7, 11), (10, 8, 11), (2, 14, 11), (15, 4, 11), (15, 14, 11), (2, 15, 11), (7, 15, 11), (10, 7, 11), (2, 7, 11), (10, 8, 11), (15, 14, 11), (2, 15, 11), (7, 14, 11), (15, 14, 11), (7, 8, 11), (15, 4, 11), (10, 7, 11), (10, 2, 11), (2, 2, 11), (2, 7, 11), (2, 14, 11), (2, 14, 11), (10, 3, 11), (2, 4, 11), (15, 4, 11), (7, 7, 11), (7, 14, 11), (7, 3, 11), (2, 7, 11), (7, 8, 11), (15, 14, 11), (7, 4, 11), (10, 15, 11), (15, 2, 11), (7, 15, 11), (2, 8, 11), (7, 14, 11), (15, 3, 11), (2, 8, 11), (10, 14, 11), (10, 14, 11), (15, 2, 11), (2, 4, 11), (15, 15, 11), (15, 15, 11), (7, 8, 11), (2, 4, 11), (15, 14, 11), (2, 4, 11), (2, 14, 11), (2, 7, 11), (10, 8, 11), (10, 3, 11), (2, 15, 11), (2, 8, 11), (10, 8, 11), (2, 15, 11), (2, 4, 11), (10, 3, 11), (15, 14, 11), (10, 8, 11)]"
"(38, 39, 23, 0)","[(12, 14, 4), (11, 7, 4), (11, 7, 4), (12, 14, 4), (11, 3, 4), (11, 14, 4), (12, 7, 4), (12, 14, 4), (11, 2, 4), (11, 14, 4), (11, 3, 4), (12, 7, 4), (11, 7, 4), (11, 3, 4), (11, 14, 4), (12, 14, 4), (11, 15, 4), (12, 3, 4), (11, 15, 4), (12, 2, 4), (11, 15, 4), (12, 14, 4)]"
"(38, 39, 43, 0)","[(2, 2, 4), (2, 2, 4), (15, 2, 4), (7, 15, 4), (2, '?', 4), (10, 2, 4), (7, '?', 4), (2, 15, 4), (7, 2, 4), (15, 2, 4), (2, '?', 4), (10, 7, 4)]"
"(38, 43, 37, 0)","[(2, 2, 4), (7, 3, 4), (10, 2, 4), (7, 8, 4), (15, 7, 4), (15, 14, 4), (15, 7, 4), (10, 8, 4), (7, 2, 4), (15, 2, 4), (15, 3, 4), (15, 14, 4), (15, 7, 4), (7, 14, 4), (7, 14, 4), (7, 7, 4), (10, 7, 4), (10, 8, 4), (15, 14, 4), (10, 8, 4), (2, 2, 4), (15, 15, 4), (7, 4, 4), (7, 3, 4), (15, 14, 4), (15, 2, 4), (10, 4, 4), (7, 14, 4), (10, 4, 4), (7, 14, 4), (7, 8, 4), (10, 14, 4), (15, 7, 4), (2, 14, 4)]"
"(38, 43, 43, 0)","[(7, 15, 4), (10, 2, 4), (10, 7, 4), (10, 7, 4), (7, 7, 4), (2, 4, 4), (10, 2, 4), (7, 15, 4), (2, 2, 4), (2, 8, 4), (7, 8, 4), (15, 3, 4), (10, 8, 4), (7, 7, 4), (10, 2, 4), (7, 8, 4), (7, 15, 4), (15, 3, 4), (2, 2, 4), (15, 2, 4), (7, 2, 4), (15, 15, 4), (7, 15, 4), (10, 14, 4), (7, 8, 4), (15, 3, 4), (15, 4, 4)]"
"(38, 48, 7, 0)","[('?', 4, 4)]"
"(38, 48, 40, 0)","[('?', 4, 4)]"
"(38, 50, 37, 0)","[(7, 2, 11), (10, 2, 11), (10, 15, 11), (7, 4, 11), (10, 2, 11), (10, 15, 11), (2, 7, 11), (2, '?', 11), (10, 7, 11), (7, 15, 11), (2, 15, 11), (10, 14, 11), (15, 4, 11), (10, 3, 11), (15, 15, 11), (10, 2, 11), (7, 14, 11)]"
"(39, 39, 43, 0)","[(10, 6, 2)]"
"(41, 7, 7, 0)","[(8, 7, 2), (8, 3, 2), (8, 8, 2), (8, 7, 2), (8, 15, 2), (8, 15, 2), (8, 8, 2), (8, 15, 2), (8, 15, 2), (8, 15, 2), (8, 3, 2), (8, 3, 2), (8, 7, 2), (8, 8, 2), (8, 3, 2), (8, 15, 2), (8, 8, 2)]"
"(41, 8, 8, 0)","[(3, 6, 2)]"
"(41, 8, 12, 0)","[(6, 13, 2), (1, 11, 2)]"
"(41, 12, 12, 0)","[(1, '?', 2), (1, 12, 2)]"
"(41, 16, 16, 0)","[(5, 11, 2), (5, 5, 2), (1, 10, 2), (6, 10, 2), (5, 6, 2), (5, 11, 2), (1, 10, 2)]"
"(41, 16, 39, 0)","[(1, 10, 2)]"
"(41, 21, 8, 0)","[(13, 12, 2)]"
"(41, 21, 12, 0)","[(6, 12, 2), (6, 12, 2), (6, 11, 2), (6, 11, 2)]"
"(41, 21, 16, 0)","[(5, 5, 2), (14, 11, 2)]"
"(41, 21, 21, 0)","[(14, 11, 2), (0, 10, 2), (3, 10, 2), (0, 11, 2), (0, 11, 2), (3, 12, 2), (13, 12, 2), (0, 12, 2), (14, 11, 2), (13, 10, 2)]"
"(41, 21, 26, 0)","[(14, 11, 2), (3, 10, 2), (14, 5, 2), (3, 10, 2), (13, 11, 2), (13, 11, 2), (0, 12, 2), (3, 10, 2), (14, 11, 2), (3, 12, 2), (14, 11, 2)]"
"(41, 21, 41, 0)","[(13, 11, 2), (0, 11, 2), (0, 5, 2), (0, 11, 2), (13, 5, 2), (0, 5, 2), (0, 5, 2), (14, 5, 2)]"
"(41, 29, 29, 0)","[(14, 15, 2), (13, 14, 2), (13, 3, 2), (3, 4, 2), (3, 15, 2), (3, 15, 2), (14, 7, 2), (14, 8, 2), (13, 8, 2), (13, 8, 2), (0, 8, 2)]"
"(41, 29, 41, 0)","[(3, 8, 2)]"
"(41, 39, 7, 0)","[(8, '?', 2), (8, 9, 2), (8, '?', 2), (8, 8, 2)]"
"(41, 40, 40, 0)","[(6, 8, 2), (1, 3, 2), (6, 2, 2), (6, 8, 2)]"
"(41, 41, 4, 0)","[(14, 3, 2), (5, 14, 2), (14, 3, 2), (14, 4, 2), (14, 4, 2), (5, 14, 2), (14, 3, 2), (5, 4, 2), (14, 3, 2), (5, 14, 2), (14, 15, 2), (5, 14, 2), (14, 7, 2), (14, 3, 2), (5, 15, 2)]"
"(41, 41, 8, 0)","[(3, 6, 2), (0, 6, 2), (13, 5, 2), (14, 13, 2), (13, 13, 2), (14, 6, 2), (13, 6, 2), (14, 6, 2), (0, 13, 2), (3, 6, 2), (3, 6, 2), (0, 6, 2), (0, 6, 2)]"
"(41, 41, 12, 0)","[(1, 13, 2), (1, '?', 2), (6, 1, 2), (6, 1, 2), (6, 5, 2), (1, '?', 2), (1, 1, 2), (6, 11, 2), (1, 13, 2), (1, 13, 2), (1, 1, 2), (6, 6, 2), (6, 6, 2), (1, 9, 2), (1, 9, 2), (6, 5, 2), (1, 13, 2), (6, 1, 2), (1, '?', 2), (1, 13, 2), (6, 1, 2), (1, 1, 2), (1, 13, 2), (1, '?', 2), (1, 11, 2), (1, 5, 2), (1, 1, 2), (6, 6, 2), (6, 5, 2)]"
"(41, 41, 16, 0)","[(5, 1, 2), (5, 9, 2), (5, 11, 2), (5, 6, 2), (5, 6, 2), (5, 6, 2), (5, 6, 2), (1, 6, 2), (5, 6, 2), (5, 6, 2), (5, 9, 2), (5, 1, 2), (5, 6, 2), (5, '?', 2)]"
"(41, 41, 19, 0)","[(5, '?', 2), (1, 6, 2), (5, 13, 2), (5, '?', 2), (5, '?', 2), (5, '?', 2), (6, 6, 2)]"
"(41, 41, 21, 0)","[(13, 12, 2), (0, 12, 2), (13, 10, 2), (13, 12, 2), (0, 12, 2), (0, 11, 2), (0, 11, 2)]"
"(41, 41, 26, 0)","[(13, 11, 2), (3, 12, 2), (3, 10, 2)]"
"(41, 41, 29, 0)","[(13, 7, 2), (0, 15, 2), (0, 14, 2), (14, 3, 2), (13, 7, 2), (14, 15, 2), (3, 2, 2), (3, 8, 2), (3, 4, 2), (3, 2, 2), (13, 14, 2), (14, 15, 2), (0, 7, 2), (14, 8, 2), (13, 8, 2), (3, 14, 2), (13, 15, 2), (0, 14, 2), (0, 7, 2), (3, 2, 2), (3, 2, 2), (3, 14, 2), (3, 8, 2), (13, 3, 2), (0, 7, 2), (0, 4, 2), (13, 7, 2), (0, 7, 2), (0, 15, 2), (14, 2, 2), (3, 14, 2), (0, 15, 2), (3, 2, 2), (14, 7, 2), (0, 2, 2), (13, 15, 2), (0, 14, 2), (0, 3, 2), (13, 3, 2), (0, 2, 2), (0, 3, 2), (3, 15, 2), (0, 14, 2), (13, 15, 2), (0, 2, 2), (0, 7, 2), (14, 2, 2), (13, 15, 2), (3, 15, 2), (3, 2, 2), (0, 8, 2), (0, 4, 2), (3, 4, 2), (3, 3, 2), (0, 8, 2), (14, 2, 2), (3, 2, 2), (13, 3, 2), (13, 14, 2), (3, 4, 2), (3, 4, 2), (0, 8, 2), (13, 7, 2), (13, 7, 2), (0, 7, 2), (0, 14, 2), (3, 14, 2), (3, 2, 2), (3, 3, 2), (0, 2, 2), (13, 7, 2), (13, 15, 2), (0, 2, 2)]"
"(41, 41, 40, 0)","[(1, 2, 2), (1, 2, 2), (1, 7, 2), (1, 3, 2), (6, 8, 2), (1, 3, 2), (1, 8, 2), (1, 15, 2), (1, 8, 2), (1, 4, 2), (1, 3, 2), (6, 7, 2), (6, 2, 2), (6, 7, 2), (1, 8, 2), (6, 2, 2), (1, 15, 2), (6, 7, 2), (6, 3, 2), (1, 14, 2), (1, 14, 2), (6, 3, 2), (6, 8, 2), (1, 4, 2), (6, 8, 2), (6, 2, 2), (1, 7, 2), (6, 8, 2), (1, 8, 2), (6, 2, 2), (6, 7, 2), (1, 7, 2), (1, 7, 2), (1, 4, 2), (6, 7, 2), (1, 2, 2), (6, 14, 2), (6, 3, 2), (6, 2, 2), (1, 14, 2), (1, 2, 2), (1, 4, 2), (5, 4, 2)]"
"(41, 41, 41, 0)","[(13, 9, 2), (0, 9, 2), (13, 9, 2), (3, 9, 2), (3, '?', 2), (0, 1, 2), (13, '?', 2), (3, 13, 2), (0, 1, 2), (14, 13, 2), (3, '?', 2), (3, '?', 2), (13, 5, 2), (0, 9, 2), (13, '?', 2), (0, 13, 2), (13, 9, 2), (0, 5, 2), (14, 13, 2), (3, '?', 2), (0, 6, 2), (13, '?', 2), (0, 13, 2), (3, 1, 2), (3, '?', 2), (13, '?', 2), (0, 13, 2), (0, 12, 2), (3, 13, 2), (0, 13, 2), (3, 1, 2), (13, 13, 2), (13, 9, 2), (3, '?', 2), (13, 13, 2), (13, 9, 2), (14, 13, 2), (13, '?', 2), (3, '?', 2), (3, 1, 2), (0, 9, 2), (0, 5, 2), (3, 1, 2), (3, 1, 2), (3, 13, 2), (3, '?', 2)]"
"(41, 41, 47, 0)","[(5, 2, 2), (5, 7, 2), (5, 7, 2), (5, 14, 2), (5, 7, 2), (5, 2, 2), (5, 7, 2), (5, 7, 2)]"
"(41, 41, 48, 0)","[(14, 3, 2), (5, 3, 2)]"
"(41, 44, 4, 0)","[(14, 3, 2)]"
"(41, 44, 29, 0)","[(13, 15, 2), (0, 15, 2), (13, 7, 2), (14, 8, 2), (13, 14, 2), (13, 14, 2), (0, 2, 2), (13, 14, 2), (13, 7, 2)]"
"(41, 48, 4, 0)","[(5, 14, 2)]"
"(41, 48, 7, 0)","[(6, 3, 2)]"
"(41, 48, 40, 0)","[(6, 14, 2), (6, 14, 2), (6, 14, 2)]"
"(41, 48, 48, 0)","[(5, 15, 2), (5, 8, 2), (5, 14, 2)]"
"(42, 4, 4, 0)","[(9, 14, 3), ('?', 7, 3), (9, 3, 3), (9, 7, 3), (9, 2, 3), (9, 7, 3), (9, 3, 3), (9, 14, 3), (9, 7, 3), (9, 3, 3), (9, 2, 3)]"
"(42, 4, 7, 0)","[('?', 15, 3), ('?', 15, 3), ('?', 14, 3), ('?', 7, 3), ('?', 7, 3), ('?', 14, 3), ('?', 4, 3), ('?', 4, 3), ('?', 4, 3), ('?', 2, 3), ('?', 4, 3), ('?', 15, 3), ('?', 7, 3), ('?', 7, 3)]"
"(42, 4, 13, 0)","[(9, 4, 3), (9, 2, 3), (9, 14, 3), (9, 2, 3), (9, 15, 3), (9, 14, 3), (9, 3, 3), (9, 7, 3), (9, 4, 3), (9, 15, 3), (9, 15, 3), (9, 2, 3), (9, 3, 3), (9, 14, 3), (9, 2, 3), (9, 2, 3), (9, 7, 3), (9, 4, 3), (9, 7, 3), (9, 7, 3), (9, 7, 3), (9, 15, 3), (9, 4, 3), (9, 14, 3), (9, 15, 3), (9, 3, 3), (9, 7, 3), (9, 14, 3), (9, 7, 3), (9, 3, 3)]"
"(42, 4, 22, 0)","[(9, 15, 3)]"
"(42, 4, 29, 0)","[(4, 15, 3), (4, 4, 3), (4, 2, 3), (4, 3, 3), (4, 8, 3), (4, 2, 3), (4, 15, 3), (4, 15, 3), (4, 3, 3), (4, 3, 3)]"
"(42, 4, 40, 0)","[('?', 14, 3)]"
"(42, 4, 41, 0)","[(4, 3, 3), (4, 4, 3), (4, '?', 3), (4, '?', 3), (4, 4, 3), (4, 8, 3), (4, 15, 3), (4, 4, 3), (4, 3, 3), (4, 15, 3), (4, 15, 3), (4, 8, 3), (4, '?', 3), (4, 4, 3), (4, '?', 3), (4, 3, 3), (4, 2, 3), (4, '?', 3), (4, 2, 3), (4, 9, 3), (4, 4, 3), (4, 8, 3), (4, '?', 3), (4, 2, 3), (4, 2, 3), (4, 8, 3), (4, 8, 3), (4, '?', 3)]"
"(42, 4, 44, 0)","[(4, 4, 3), (4, 15, 3), (4, 15, 3)]"
"(42, 5, 5, 0)","[(9, 11, 4), (9, 11, 4), (9, 11, 4), (9, 11, 4), (9, 11, 4)]"
"(42, 5, 12, 0)","[('?', 0, 4), (15, 0, 4), ('?', 0, 4), ('?', 0, 4), (15, 0, 4), ('?', 0, 4), ('?', 11, 4), ('?', 0, 4), ('?', 11, 4), ('?', 0, 4), ('?', 0, 4), ('?', 0, 4), ('?', 0, 4)]"
"(42, 5, 13, 0)","[(9, 10, 4), (9, 11, 4)]"
"(42, 5, 23, 0)","[(15, 0, 4), (10, 0, 4), (10, 0, 4), (15, 0, 4), (15, 0, 4), (12, 0, 4), (7, 0, 4), (7, 0, 4), (7, 0, 4), (10, 0, 4), (12, 0, 4)]"
"(42, 5, 41, 0)","[(4, 13, 4), (4, 0, 4), (4, 0, 4), (4, 0, 4), (4, 0, 4), (4, 0, 4)]"
"(42, 7, 7, 0)","[('?', 8, 3), ('?', 8, 3), ('?', 8, 3), (8, 14, 3), (8, 14, 4), ('?', 4, 3), ('?', 2, 3), ('?', 8, 3), ('?', 5, 3), ('?', 7, 3), ('?', 14, 3), ('?', 8, 3), (8, 8, 4), ('?', 7, 3), ('?', 15, 3), ('?', 14, 3), ('?', 14, 3), ('?', 14, 3), ('?', 15, 3), ('?', 8, 3), ('?', 9, 3), ('?', 4, 3), ('?', 14, 3), ('?', 15, 3), ('?', 15, 3), ('?', 15, 3), ('?', 15, 3), ('?', 8, 3)]"
"(42, 7, 37, 0)","[(15, 6, 3), (10, 12, 3), (2, 10, 3), (2, 1, 3), (10, 1, 3), (10, 13, 3), (2, 1, 3), (15, 13, 3), (15, 13, 3), (15, 13, 3), (2, 11, 3), (10, 11, 3), (15, 12, 3), (2, 11, 3), (2, 11, 3), (7, 11, 3), (15, 11, 3), (2, 13, 3), (10, 1, 3), (7, 11, 3), (15, 13, 3), (7, 11, 3), (7, 13, 3), (10, 13, 3), (7, 11, 3), (2, 12, 3), (2, 13, 3), (7, 13, 3), (10, 1, 3), (2, 10, 3), (15, 10, 3), (10, 1, 3), (2, 11, 3), (2, 13, 3), (15, 5, 3), (15, 12, 3), (10, 9, 3), (15, 1, 3), (2, 10, 3), (7, 13, 3), (7, 11, 3), (7, 1, 3), (15, 1, 3), (2, 13, 3), (15, 12, 3), (7, 9, 3), (2, 11, 3), (7, 13, 3), (10, 13, 3), (10, 6, 3), (10, 11, 3), (7, 6, 3), (2, 13, 3), (15, 12, 3), (2, 10, 3), (10, 13, 3), (7, 11, 3), (2, 6, 3), (15, 5, 3), (10, 6, 3), (10, 13, 3), (2, 13, 3), (7, 6, 3), (15, 6, 3), (7, 12, 3), (7, 11, 3), (10, 5, 3), (15, 13, 3), (2, 6, 3), (10, 1, 3), (15, 5, 3), (10, 11, 3), (10, 1, 3), (15, 1, 3), (7, 13, 3), (2, 1, 3), (10, 6, 3), (15, 10, 3)]"
"(42, 8, 12, 0)","[(8, 12, 4), (8, 13, 4), (8, 5, 4), (8, 12, 4), (8, 12, 4)]"
"(42, 8, 19, 0)","[(8, 6, 4)]"
"(42, 8, 39, 0)","[(8, 10, 4), (8, 1, 4), (8, 6, 4), (8, 6, 4), (8, 13, 4), (8, 10, 4), (8, 6, 4), (8, 12, 4), (8, 5, 4), (8, 1, 4), (8, 1, 4), (8, 13, 4), (8, 12, 4), (8, 10, 4), (8, 1, 4), (8, 10, 4), (8, 5, 4), (8, 12, 4), (8, 10, 4), (8, 5, 4), (8, 6, 4), (8, 1, 4)]"
"(42, 8, 41, 0)","[(4, 6, 4), (4, 6, 4), (4, 6, 4)]"
"(42, 13, 13, 0)","[(9, 1, 4), (9, 5, 4), (9, 1, 14), (9, 1, 4), (9, 6, 4), (9, 6, 4), (9, 1, 4), (9, '?', 4), (9, 11, 4), (9, 1, 4), (9, 13, 4), (9, 13, 4), (9, 6, 4), (9, 13, 4), (9, '?', 4), (9, 1, 4), (9, 6, 4), (9, 13, 4), (9, 11, 4), (9, 6, 4), (9, 13, 4), (9, 6, 4), (9, 6, 4)]"
"(42, 13, 22, 0)","[(9, 5, 4)]"
"(42, 13, 41, 0)","[(4, 6, 4), (4, 5, 4), (4, 5, 4), (4, 5, 4), (4, 12, 4), (4, 5, 4)]"
"(42, 16, 12, 0)","[('?', 0, 4)]"
"(42, 16, 13, 0)","[(9, 10, 4)]"
"(42, 16, 21, 0)","[(4, 6, 4), (4, 6, 4), (4, 6, 4)]"
"(42, 16, 22, 0)","[(9, 5, 4), (9, 10, 4)]"
"(42, 16, 39, 0)","[('?', 11, 4)]"
"(42, 16, 41, 0)","[(4, 6, 4)]"
"(42, 19, 5, 0)","[(13, 6, 4)]"
"(42, 19, 7, 0)","[('?', 9, 4), ('?', 9, 4), ('?', 12, 4), ('?', 12, 4), ('?', 13, 4), ('?', 5, 4), ('?', 5, 4), ('?', 12, 4), ('?', 12, 4), ('?', 5, 4), ('?', 12, 4), ('?', 5, 4), ('?', 5, 4), ('?', 9, 4), ('?', 9, 4), ('?', 13, 4)]"
"(42, 19, 12, 0)","[(8, 12, 4)]"
"(42, 19, 13, 0)","[(9, 10, 4), (9, 10, 4), (9, 1, 4), (9, 10, 4)]"
"(42, 19, 21, 0)","[(4, 5, 4), (4, 12, 4), (4, 6, 4), (4, 5, 4), (4, 1, 4), (4, 12, 4)]"
"(42, 19, 22, 0)","[(9, 10, 4), (9, 5, 4), (9, 6, 4), (9, 5, 4)]"
"(42, 19, 39, 0)","[('?', 12, 4), ('?', 11, 4), ('?', 11, 4), ('?', 13, 4), ('?', 12, 4), ('?', 1, 4)]"
"(42, 19, 41, 0)","[(4, 13, 4), (4, 12, 4), (4, 13, 4), (13, 6, 4), (4, 12, 4), (4, 12, 4), (4, 12, 4), (4, 1, 4), (4, 1, 4), (4, 12, 4), (4, 12, 4), (4, 13, 4), (4, 1, 4)]"
"(42, 19, 44, 0)","[(4, 1, 4)]"
"(42, 22, 22, 0)","[(9, 5, 4), (9, 5, 4)]"
"(42, 23, 23, 0)","[(12, 5, 4), (11, 13, 4), (12, 13, 4), (11, 6, 4), (11, 13, 4), (12, 1, 4), (11, 5, 4), (12, 9, 4), (12, 6, 4), (12, 9, 4), (12, 1, 4), (11, 5, 4), (11, 10, 4), (12, 6, 4), (11, 10, 4)]"
"(42, 23, 37, 0)","[(12, 6, 4), (12, 6, 4), (12, 6, 4), (12, 13, 4), (11, 10, 4), (12, 1, 4), (11, 10, 4), (12, 1, 4), (11, 10, 4), (11, 6, 4), (11, 10, 4), (11, 6, 4)]"
"(42, 23, 43, 0)","[(12, 13, 4), (12, 9, 4), (12, 13, 4)]"
"(42, 29, 7, 0)","[(8, 8, 3), (8, 3, 3), (8, 15, 3), (8, 7, 3), (8, 3, 3), (8, 2, 3), (8, 7, 3), (8, 3, 3), (8, 2, 3), (8, 4, 3), (8, 15, 3), (8, 15, 3), (8, 14, 3), (8, 2, 3), (8, 2, 3)]"
"(42, 29, 12, 0)","[(8, 9, 3), (8, 12, 3)]"
"(42, 29, 29, 0)","[(4, 3, 3), (0, 2, 3)]"
"(42, 29, 39, 0)","[(8, 11, 3), (8, 11, 3), (8, '?', 3), (8, 11, 3), (8, 15, 3), (8, 8, 3), (8, '?', 3), (8, 8, 3), (8, 14, 3), (8, '?', 3), (8, '?', 3), (8, 7, 3), (8, 15, 3), (8, 9, 3), (8, 1, 3), (8, 1, 3), (8, 4, 3), (8, 9, 3), (8, '?', 3), (8, 14, 3), (8, 8, 3), (8, 14, 3), (8, 8, 3), (8, 13, 3), (8, '?', 3), (8, 1, 3), (8, 9, 3), (8, 11, 3), (8, 4, 3), (8, 11, 3), (8, 12, 3), (8, 8, 3), (8, 8, 3), (8, 12, 3), (8, 1, 3), (8, 14, 3), (8, '?', 3), (8, 4, 3), (8, 9, 3), (8, 1, 3), (8, 9, 3), (8, 4, 3), (8, 13, 3), (8, 3, 3), (8, 13, 3), (8, '?', 3), (8, 13, 3), (8, 15, 3), (8, 12, 3), (8, 12, 3), (8, 2, 3), (8, '?', 3), (8, 3, 3)]"
"(42, 29, 40, 0)","[(8, 7, 3), (8, 15, 3), (8, 2, 3), (8, 2, 3), (8, 2, 3)]"
"(42, 31, 23, 0)","[(11, 11, 11)]"
"(42, 34, 5, 0)","[(9, 11, 3), (9, 11, 3), (9, 11, 3), (9, 11, 3), (9, 11, 3), (9, 11, 3), (9, 11, 3)]"
"(42, 34, 7, 0)","[('?', 5, 3), ('?', 9, 3), ('?', 5, 3), ('?', 9, 3), ('?', 9, 3), ('?', 13, 3), ('?', 13, 3), ('?', 5, 3), ('?', 5, 3)]"
"(42, 34, 8, 0)","[(4, 6, 3), (4, 6, 3)]"
"(42, 34, 12, 0)","[('?', 11, 3), ('?', 13, 3), ('?', 11, 3), ('?', 11, 3), ('?', 11, 3), ('?', 11, 3), ('?', 1, 3)]"
"(42, 34, 13, 0)","[(9, 13, 3), (9, 9, 3), (9, 12, 3), (9, 1, 3), (9, '?', 3), (9, 12, 3), (9, 11, 3), (9, 5, 3), (9, '?', 3), (9, 1, 3), (9, '?', 3), (9, 13, 3), (9, 5, 3), (9, 12, 3), (9, 13, 3), (9, 5, 3), (9, 12, 3), (9, 1, 3), (9, 12, 3), (9, 11, 3), (9, '?', 3), (9, 9, 3), (9, '?', 3), (9, 9, 3), (9, 12, 3), (9, '?', 3), (9, '?', 3), (9, 5, 3), (9, 9, 3), (9, 12, 3), (9, 13, 3), (9, 5, 3), (9, '?', 3), (9, 15, 3), (9, '?', 3), (9, '?', 3), (9, 13, 3), (9, 11, 3), (9, 15, 3), (9, 13, 3)]"
"(42, 34, 19, 0)","[('?', 13, 3), ('?', 1, 3), ('?', 1, 3)]"
"(42, 34, 21, 0)","[(4, 5, 3), (4, 9, 3), (4, 10, 3), (4, 6, 3), (4, 11, 3), (4, 10, 3), (4, 10, 3), (4, 5, 3), (4, 12, 3), (4, 10, 3)]"
"(42, 34, 22, 0)","[(9, 5, 3), (9, 1, 3), (9, 13, 3), (9, 9, 3), (9, 5, 3), (9, 5, 3)]"
"(42, 34, 26, 0)","[(4, 10, 3)]"
"(42, 34, 39, 0)","[('?', 1, 3), ('?', 13, 3), ('?', 9, 3), ('?', 1, 3), ('?', 1, 3), ('?', 13, 3), ('?', 11, 3), ('?', 11, 3), ('?', 1, 3), ('?', 1, 3), ('?', 13, 3), ('?', 1, 3)]"
"(42, 34, 41, 0)","[(4, 11, 3), (4, 5, 3), (4, 13, 3), (4, '?', 3), (4, 6, 3), (4, '?', 3), (4, 12, 3), (4, 10, 3), (4, 6, 3), (4, 6, 3), (4, 11, 3), (4, 5, 3), (4, 12, 3), (4, 13, 3), (4, 10, 3), (4, 12, 3), (4, 9, 3), (4, 11, 3), (4, 10, 3), (4, 13, 3), (4, 11, 3), (4, 9, 3), (4, 12, 3), (4, 5, 3), (4, 12, 3), (4, 9, 3), (4, 5, 3), (4, 11, 3), (4, 5, 3), (4, 13, 3), (4, 5, 3), (4, '?', 3)]"
"(42, 34, 44, 0)","[(4, 5, 3), (4, 6, 3)]"
"(42, 37, 37, 0)","[(2, 12, 3), (10, 12, 3), (2, 5, 3), (15, 10, 3), (10, 6, 3), (7, 12, 3), (2, 5, 3), (7, 6, 3), (10, 5, 3), (7, 12, 3), (15, 10, 3), (7, 10, 3), (15, 6, 3), (7, 10, 3), (7, 12, 3), (7, 10, 3), (15, 10, 3), (15, 5, 3), (2, 6, 3), (10, 12, 3), (2, 6, 3), (2, 6, 3), (10, 6, 3), (15, 12, 3), (2, 10, 3), (15, 5, 3), (2, 12, 3), (2, 5, 3), (7, 12, 3), (7, 12, 3), (7, 6, 3), (2, 6, 3), (2, 5, 3), (15, 10, 3), (2, 10, 3), (10, 12, 3), (2, 6, 3), (10, 12, 3), (10, 12, 3), (15, 10, 3), (2, 12, 3), (7, 12, 3), (15, 10, 3), (10, 12, 3), (15, 9, 3), (2, 12, 3), (15, 6, 3), (10, 6, 3), (7, 12, 3), (2, 12, 3), (10, 6, 3), (2, 6, 3), (2, 5, 3), (10, 6, 3), (10, 5, 3), (7, 6, 3), (15, 6, 3), (15, 5, 3), (7, 12, 3), (2, 12, 3), (2, 12, 3), (2, 5, 3)]"
"(42, 39, 7, 0)","[('?', 1, 4)]"
"(42, 39, 23, 0)","[(11, 6, 4), (11, 1, 4), (12, 5, 4), (12, '?', 4), (12, 1, 4), (11, '?', 4), (11, 13, 4), (12, 5, 4), (11, 10, 4), (12, 13, 4), (11, 10, 4), (11, 6, 4), (12, 9, 4), (12, 1, 4), (11, 11, 4), (12, 13, 4), (12, 5, 4), (12, 6, 4), (11, 5, 4), (11, 6, 4), (11, 9, 4), (11, 9, 4), (11, 5, 4), (12, 6, 4), (11, 5, 4), (12, '?', 4), (11, '?', 4), (12, 5, 4), (12, '?', 4), (11, 6, 4), (11, '?', 4), (11, 13, 4), (11, 9, 4), (12, 9, 4), (12, 5, 4), (11, 5, 4), (11, 9, 4), (12, '?', 4), (11, 9, 4), (12, 6, 4), (12, 13, 4), (12, '?', 4), (12, 13, 4), (12, 5, 4), (12, 9, 4), (12, 6, 4), (11, 5, 4), (12, 5, 4), (12, '?', 4), (12, '?', 4), (12, 5, 4), (11, 10, 4)]"
"(42, 39, 39, 0)","[('?', 5, 4), ('?', 9, 4), ('?', 13, 4), ('?', 9, 4), ('?', 5, 4), ('?', 9, 4), ('?', 12, 4), ('?', 9, 4)]"
"(42, 39, 43, 0)","[(15, 10, 4), (7, 6, 4), (2, 9, 4), (15, 11, 4), (10, 13, 4), (7, 13, 4), (2, 10, 4), (10, 10, 4), (10, 6, 4), (7, 6, 4), (7, 13, 4), (2, 11, 4), (10, 13, 4), (2, 11, 4), (10, 6, 4), (2, 11, 4), (15, 10, 4), (7, 12, 4), (2, 10, 4), (10, 6, 4), (2, '?', 4), (7, 12, 4), (2, 11, 4), (10, 6, 4), (2, 9, 4), (2, 1, 4), (2, 5, 4), (10, 13, 4), (10, 13, 4), (15, 6, 4), (10, '?', 4), (2, 11, 4), (7, 6, 4), (15, 6, 4), (7, 13, 4), (2, '?', 4), (2, 6, 4), (15, 13, 4), (10, 9, 4), (10, 1, 4), (2, 6, 4), (10, 9, 4), (2, 10, 4), (7, 12, 4), (7, '?', 4), (7, 10, 4), (15, 6, 4), (7, 5, 4), (10, '?', 4), (15, 10, 4), (2, 1, 4), (15, 6, 4), (10, 11, 4), (2, 9, 4), (10, 11, 4), (10, 11, 4), (7, 6, 4), (7, 13, 4), (10, 9, 4), (10, 1, 4), (10, 13, 4), (10, 1, 4), (10, 9, 4), (2, 6, 4), (10, 10, 4), (2, 6, 4), (7, 13, 4), (7, 5, 4), (10, 1, 4), (2, 10, 4), (10, '?', 4), (10, 6, 4), (10, 9, 4), (2, 5, 4), (15, 11, 4), (7, '?', 4), (7, 13, 4), (7, '?', 4), (2, 10, 4), (7, '?', 4), (2, 10, 4), (10, 1, 4), (15, 12, 4), (10, 6, 4), (10, 9, 4), (10, '?', 4), (10, 12, 4), (7, 6, 4), (2, 10, 4), (15, 6, 4), (10, '?', 4), (2, 10, 4), (15, 10, 4), (2, 5, 4), (10, 1, 4), (15, 6, 4)]"
"(42, 40, 37, 0)","[(10, 13, 3), (7, 1, 3), (10, 1, 3), (7, 1, 3), (7, 1, 3), (7, 9, 3), (7, 11, 3), (2, 11, 3), (10, 11, 3), (15, 11, 3), (2, 1, 3), (10, 11, 3), (7, 11, 3), (10, 5, 3), (2, 1, 3), (7, 13, 3), (7, 1, 3), (10, 9, 3), (10, 11, 3), (10, 1, 3), (10, 1, 3), (7, 1, 3), (7, 13, 3), (7, 13, 3), (2, 11, 3), (15, 1, 3), (2, 11, 3), (10, 13, 3), (7, 13, 3), (2, 1, 3), (10, 1, 3), (10, 13, 3), (2, 11, 3), (15, 13, 3), (7, 1, 3), (15, 11, 3), (10, 13, 3), (15, 1, 3), (10, 13, 3), (15, 11, 3), (15, 1, 3)]"
"(42, 41, 7, 0)","[(8, 8, 4), (8, 2, 4)]"
"(42, 41, 16, 0)","[(1, 0, 4), (5, 0, 4), (5, 0, 4), (5, 0, 4), (1, 0, 4), (1, 0, 4)]"
"(42, 41, 21, 0)","[(3, 0, 4), (0, 0, 4), (0, 0, 4), (13, 0, 4), (13, 0, 4), (13, 0, 4)]"
"(42, 41, 26, 0)","[(0, 0, 4)]"
"(42, 41, 41, 0)","[(3, 0, 4), (13, 0, 4), (0, 0, 4), (0, 0, 4), (3, 0, 4), (0, 0, 4)]"
"(42, 43, 37, 0)","[(2, 6, 4), (15, 5, 4), (2, 6, 4), (10, 12, 4), (2, 5, 4), (15, 12, 4), (2, 5, 4), (2, 9, 4), (7, 5, 4), (7, 10, 4), (15, 13, 4), (15, 6, 4), (15, 6, 4), (7, 12, 4), (15, 13, 4), (10, 10, 4), (10, 10, 4), (2, 9, 4), (10, 12, 4), (15, 12, 4), (15, 10, 4), (10, 10, 4), (7, 5, 4), (7, 10, 4), (2, 6, 4), (10, 12, 4), (15, 5, 4), (15, 5, 4), (2, 6, 4), (7, 6, 4), (15, 5, 4), (7, 5, 4), (7, 12, 4), (2, 5, 4), (10, 10, 4), (7, 12, 4)]"
"(42, 43, 43, 0)","[(7, 6, 4), (10, 12, 4), (2, 9, 4), (7, '?', 4), (10, 13, 4), (15, 13, 4), (15, 12, 4), (15, 5, 4), (7, 12, 4), (7, 10, 4), (15, 13, 4), (2, 5, 4), (10, 13, 4), (15, 13, 4), (10, 10, 4), (10, 6, 4), (10, 9, 4), (10, 12, 4), (10, 9, 4), (7, 12, 4), (10, 12, 4), (15, 10, 4), (15, 12, 4), (15, 5, 4), (15, 6, 4), (15, 5, 4), (7, 10, 4), (10, 12, 4), (10, 13, 4), (2, 9, 4), (15, 13, 4), (7, 13, 4), (15, 6, 4), (10, 12, 4), (15, 11, 4), (7, 6, 4), (7, 5, 4), (15, 13, 4), (7, 10, 4), (15, 10, 4), (10, 6, 4), (15, 12, 4), (15, 13, 4)]"
"(42, 45, 5, 0)","[(9, 11, 4)]"
"(42, 45, 23, 0)","[(12, 11, 4), (11, 11, 4), (12, 11, 4), (11, 11, 4), (11, 1, 4), (12, 11, 4), (11, 1, 4), (15, 0, 4), (12, 11, 4), (7, 0, 4), (11, 1, 4), (11, 1, 4), (15, 0, 4), (15, 0, 4), (12, 11, 4), (7, 0, 4), (7, 0, 4), (10, 0, 4), (12, 11, 4), (11, 11, 4), (12, 0, 4), (11, 1, 4), (11, 11, 4), (11, 11, 4), (12, 0, 4), (11, 1, 4)]"
"(42, 45, 37, 0)","[(2, 1, 4), (2, 1, 4), (2, 1, 4)]"
"(42, 45, 43, 0)","[(2, 1, 4), (10, 1, 4), (2, 11, 4), (15, 11, 4), (15, 11, 4), (2, 11, 4), (15, 11, 4), (15, 11, 4), (2, 1, 4), (2, 11, 4), (2, 11, 4), (2, 1, 4), (2, 1, 4), (15, 11, 4)]"
"(42, 48, 7, 0)","[('?', 7, 4), ('?', 2, 4), ('?', 2, 4), ('?', 2, 4), ('?', 2, 4), ('?', 4, 4), ('?', 4, 4)]"
"(42, 48, 13, 0)","[(9, '?', 4), (9, 4, 4), (9, 8, 4), (9, '?', 4), (9, 3, 4), (9, 4, 4), (9, '?', 4), (9, 3, 4), (9, 15, 4), (9, 7, 4), (9, 4, 4), (9, '?', 4), (9, 14, 4), (9, 14, 4), (9, '?', 4), (9, 14, 4), (9, 4, 4), (9, 3, 4), (9, 15, 4), (9, 3, 4), (9, 4, 4), (9, 7, 4), (9, 14, 4), (9, 8, 4), (9, 8, 4), (9, 7, 4), (9, 2, 4), (9, 7, 4), (9, 3, 4), (9, '?', 4), (9, 4, 4), (9, 15, 4), (9, 3, 4), (9, 2, 4), (9, 2, 4), (9, 14, 4), (9, '?', 4), (9, 2, 4), (9, 4, 4), (9, 14, 4), (9, 8, 4), (9, 8, 4)]"
"(42, 48, 15, 0)","[(9, 2, 4), (9, 8, 4), (9, 14, 4)]"
"(42, 48, 39, 0)","[('?', 7, 4)]"
"(42, 48, 41, 0)","[(4, 4, 4), (4, 7, 4), (4, 4, 4), (4, 3, 4), (4, 4, 4), (4, 4, 4), (4, 8, 4), (4, 8, 4), (4, 8, 4), (4, 14, 4), (4, 4, 4), (4, 14, 4), (4, 8, 4), (4, 3, 4), (4, 2, 4), (4, 2, 4), (4, 7, 4), (4, 14, 4), (4, 14, 4), (4, 4, 4), (4, 15, 4), (4, 8, 4), (4, 15, 4), (4, 3, 4), (4, 2, 4), (4, 4, 4)]"
"(42, 48, 44, 0)","[(4, 15, 4)]"
"(42, 48, 48, 0)","[(9, 15, 4)]"
"(42, 49, 43, 0)","[(7, 11, 11)]"
"(42, 50, 23, 0)","[(11, 6, 11)]"
"(43, 7, 37, 0)","[(15, 9, 3), (10, 5, 3), (7, 9, 3), (10, '?', 3), (15, 12, 3), (15, 5, 3), (15, 9, 3), (2, '?', 3), (7, 9, 3), (15, 5, 3), (10, 5, 3), (7, 10, 3), (15, '?', 3), (15, 6, 3), (2, 1, 3), (10, 9, 3), (10, 9, 3), (2, 5, 3), (15, '?', 3), (7, 10, 3), (15, 15, 3), (10, '?', 3), (15, 9, 3), (10, 9, 3), (7, '?', 3), (10, 12, 3), (15, 11, 3), (10, 5, 3), (7, '?', 3), (15, '?', 3), (2, '?', 3), (15, '?', 3), (15, 9, 3), (15, 9, 3), (7, 15, 3), (2, 12, 3), (7, '?', 3), (7, 9, 3), (7, 10, 3), (7, 6, 3), (7, '?', 3), (15, '?', 3), (10, 9, 3), (7, 7, 3), (15, 11, 3), ('?', 8, 3), (10, 11, 3), (15, 11, 3), (7, 9, 3), (15, 9, 3), (10, '?', 3), (10, '?', 3), (2, '?', 3), (7, '?', 3), (10, 15, 3), (15, 6, 3), (15, 5, 3), (7, 9, 3), (10, 5, 3), (10, 9, 3), (2, 10, 3), (7, 4, 3), (2, '?', 3), (15, 13, 3), (15, 11, 3), (7, 10, 3), (10, 5, 3), (15, '?', 3), (15, 6, 3), (7, '?', 3), (7, 6, 3)]"
"(43, 37, 37, 0)","[(15, 2, 3), (10, 3, 3), (10, 14, 3), (2, 2, 3), (7, 15, 3), (7, 7, 3), (10, 3, 3), (15, 8, 3), (15, 3, 3), (10, 7, 3), (10, 14, 3), (7, 2, 3), (10, 2, 3), (10, 3, 3), (2, '?', 3), (7, 15, 3), (7, 4, 3), (15, 4, 3), (7, 15, 3), (7, 8, 3), (7, 4, 3), (2, '?', 3), (15, 15, 3), (7, 4, 3), (7, 8, 3), (15, 4, 3), (7, 8, 3), (7, 7, 3), (10, 2, 3), (2, 4, 3), (10, 4, 3), (15, 15, 3), (10, 4, 3), (15, 2, 3), (2, 4, 3), (2, 2, 3), (2, 8, 3), (2, 8, 3), (2, '?', 3), (15, 2, 3), (15, 3, 3), (10, 3, 3), (7, 3, 3), (10, 3, 3), (7, 2, 3), (15, 3, 3), (10, 4, 3), (7, 2, 3), (2, 3, 3), (15, 8, 3), (15, 8, 3), (2, 2, 3), (10, 7, 3), (10, 7, 3), (15, '?', 3), (2, 4, 3), (15, 14, 3), (7, '?', 3), (10, 15, 3), (15, 2, 3), (15, 2, 3), (10, 4, 3), (2, 3, 3), (10, 15, 3), (15, 4, 3), (7, 2, 3), (10, 15, 3), (10, '?', 3), (2, 8, 3), (15, 8, 3), (7, 8, 3)]"
"(43, 40, 37, 0)","[(15, 9, 3)]"
"(43, 43, 37, 0)","[(2, '?', 3), (15, 15, 3), (2, '?', 3), (15, 4, 3), (15, 4, 3), (15, 15, 3), (10, '?', 3), (15, 4, 3), (10, 4, 3), (10, 4, 3)]"
"(43, 43, 43, 0)","[(15, 9, '?'), (15, 9, '?')]"
"(44, 4, 4, 0)","[(5, 15, 2), (5, 4, 2), (5, 4, 2)]"
"(44, 7, 7, 0)","[(8, 7, 2), (8, 15, 2), (8, 2, 2), (8, 3, 2), (8, 3, 2), (8, 7, 2)]"
"(44, 8, 8, 0)","[(0, 6, 2), (13, 6, 2), (13, 6, 2), (13, 6, 2), (13, 13, 2), (14, 6, 2), (14, 6, 2), (0, 6, 2), (3, 6, 2)]"
"(44, 8, 12, 0)","[(6, 13, 2), (6, 13, 2), (1, 13, 2), (6, 9, 2), (1, 11, 2), (6, 13, 2), (1, 5, 2), (6, 13, 2), (6, 9, 2), (1, 12, 2), (6, 9, 2), (1, 5, 2), (6, 9, 2), (6, 9, 2)]"
"(44, 8, 16, 0)","[(5, 5, 2), (5, 5, 2), (5, 5, 2), (5, 10, 2), (5, 13, 2)]"
"(44, 8, 19, 0)","[(6, 6, 2), (5, 6, 2), (1, 10, 2), (5, 1, 2), (6, 1, 2), (1, 1, 2)]"
"(44, 12, 12, 0)","[(1, 12, 2), (1, 12, 2), (6, 12, 2), (6, 9, 2)]"
"(44, 16, 12, 0)","[(6, 11, 2), (1, 12, 2), (1, 12, 2), (6, 12, 2)]"
"(44, 16, 16, 0)","[(6, 10, 2), (5, 11, 2), (6, 10, 2), (5, 11, 2), (5, 10, 2), (1, 10, 2), (5, 11, 2)]"
"(44, 16, 39, 0)","[(1, 10, 2)]"
"(44, 19, 12, 0)","[(6, 13, 2), (6, 13, 2)]"
"(44, 19, 19, 0)","[(6, 1, 2), (5, 1, 2)]"
"(44, 21, 12, 0)","[(6, 5, 2), (1, 11, 2), (6, 12, 2), (1, 12, 2), (6, 11, 2), (6, 12, 2), (1, 12, 2), (6, 12, 2), (6, 12, 2)]"
"(44, 21, 16, 0)","[(5, 5, 2), (5, 10, 2), (5, 10, 2), (14, 11, 2), (6, 10, 2)]"
"(44, 21, 21, 0)","[(0, 10, 2), (0, 12, 2), (13, 11, 2), (0, 5, 2), (3, 10, 2), (3, 10, 2), (3, 12, 2), (13, 10, 2), (14, 11, 2), (13, 5, 2), (14, 5, 2), (13, 10, 2), (13, 11, 2), (0, 10, 2), (13, 5, 2), (3, 12, 2), (0, 10, 2), (14, 5, 2), (13, 10, 2), (13, 11, 2), (13, 10, 2), (3, 10, 2), (13, 5, 2), (3, 10, 2), (0, 12, 2), (13, 11, 2), (13, 5, 2), (14, 5, 2), (0, 11, 2), (14, 5, 2), (0, 11, 2), (0, 11, 2), (14, 5, 2), (13, 5, 2), (3, 12, 2), (0, 11, 2), (13, 12, 2), (13, 10, 2), (13, 10, 2)]"
"(44, 21, 39, 0)","[(6, 10, 2)]"
"(44, 21, 44, 0)","[(3, 12, 2)]"
"(44, 29, 4, 0)","[(5, 8, 2), (5, 8, 2), (5, 2, 2), (14, 4, 2), (14, 4, 2), (14, 4, 2), (5, 2, 2), (5, 2, 2), (5, 3, 2), (5, 4, 2), (14, 15, 2), (5, 8, 2), (5, 4, 2), (5, 3, 2), (14, 4, 2), (5, 3, 2), (5, 8, 2)]"
"(44, 29, 8, 0)","[(13, 13, 2), (0, 5, 2), (3, 6, 2), (0, 5, 2)]"
"(44, 29, 12, 0)","[(1, 12, 2), (6, 9, 2), (1, 9, 2)]"
"(44, 29, 16, 0)","[(5, 11, 2)]"
"(44, 29, 19, 0)","[(1, 6, 2), (1, 6, 2), (5, 1, 2), (5, 1, 2), (6, 6, 2), (1, 6, 2), (5, 13, 2), (1, 6, 2), (1, 6, 2)]"
"(44, 29, 21, 0)","[(0, 12, 2)]"
"(44, 29, 29, 0)","[(0, 3, 2), (13, 7, 2), (13, 8, 2), (14, 3, 2), (3, 8, 2), (13, 8, 2), (3, 3, 2), (14, 7, 2), (14, 7, 2), (3, 15, 2), (3, 8, 2), (13, 8, 2), (14, 2, 2), (13, 8, 2), (0, 7, 2), (14, 2, 2), (3, 2, 2), (13, 3, 2), (0, 14, 2), (13, 3, 2), (0, 4, 2), (3, 3, 2), (0, 7, 2), (14, 7, 2), (13, 3, 2), (14, 2, 2), (14, 7, 2), (0, 8, 2), (0, 14, 2), (0, 8, 2), (3, 3, 2), (3, 3, 2), (0, 3, 2), (0, 3, 2), (14, 8, 2), (0, 7, 2), (0, 3, 2), (3, 8, 2), (0, 2, 2), (0, 8, 2), (14, 2, 2), (3, 3, 2), (0, 8, 2)]"
"(44, 29, 44, 0)","[(0, 9, 2), (0, 1, 2), (3, 9, 2), (3, 13, 2), (0, 9, 2), (3, 9, 2), (3, 1, 2), (0, 1, 2), (3, 9, 2), (14, 13, 2), (3, 1, 2), (14, 13, 2), (3, 9, 2), (0, 1, 2), (0, 9, 2), (3, 13, 2), (3, 13, 2), (14, 13, 2), (3, 1, 2), (13, 9, 2), (0, 1, 2), (3, 13, 2), (13, 9, 2), (14, 13, 2), (13, 13, 2), (0, 1, 2)]"
"(44, 39, 7, 0)","[(8, '?', 2)]"
"(44, 40, 7, 0)","[(8, 3, 2), (8, 3, 2), (8, 2, 2), (8, 2, 2), (8, 15, 2), (8, 2, 2), (8, 7, 2), (8, 2, 2), (8, 3, 2), (8, 2, 2)]"
"(44, 40, 12, 0)","[(1, 9, 2), (1, 9, 2)]"
"(44, 40, 40, 0)","[(6, 4, 2), (6, 2, 2), (1, 15, 2), (6, 4, 2), (1, 4, 2), (6, 8, 2), (1, 3, 2), (6, 3, 2), (6, 7, 2), (1, 15, 2), (1, 2, 2), (6, 3, 2), (1, 8, 2), (6, 14, 2), (1, 3, 2), (1, 4, 2), (1, 7, 2), (1, 14, 2), (1, 4, 2), (1, 8, 2), (1, 7, 2), (1, 2, 2), (6, 14, 2), (1, 3, 2), (1, 14, 2), (1, 15, 2), (6, 8, 2), (1, 3, 2), (6, 4, 2), (6, 3, 2), (1, 7, 2), (6, 4, 2), (1, 15, 2), (6, 3, 2), (6, 14, 2), (6, 2, 2), (6, 3, 2), (1, 2, 2), (1, 7, 2), (1, 14, 2)]"
"(44, 41, 8, 0)","[(13, 13, 2), (14, 13, 2)]"
"(44, 41, 12, 0)","[(6, 5, 2), (1, 9, 2), (6, 1, 2), (1, 5, 2), (1, 9, 2), (6, 11, 2), (6, 11, 2), (6, 5, 2), (1, '?', 2), (1, 11, 2), (1, 5, 2), (1, 5, 2), (6, 9, 2), (6, 1, 2), (1, 11, 2), (1, 9, 2), (1, '?', 2), (6, 9, 2), (1, 5, 2), (1, 1, 2), (6, 5, 2)]"
"(44, 41, 16, 0)","[(5, '?', 2), (5, 10, 2), (6, 6, 2), (5, 10, 2), (5, 9, 2), (5, 9, 2), (5, 10, 2), (5, 9, 2), (5, '?', 2)]"
"(44, 41, 19, 0)","[(5, 13, 2), (1, 6, 2), (5, 13, 2), (5, 1, 2), (5, 6, 2), (5, 9, 2), (5, 13, 2)]"
"(44, 41, 21, 0)","[(13, 12, 2), (13, 10, 2)]"
"(44, 41, 29, 0)","[(14, 8, 2), (3, 3, 2)]"
"(44, 41, 40, 0)","[(6, 4, 2), (6, 4, 2)]"
"(44, 41, 41, 0)","[(0, 1, 2)]"
"(44, 41, 44, 0)","[(0, 1, 2), (3, 1, 2), (3, 9, 2), (13, 9, 2)]"
"(44, 41, 47, 0)","[(5, 7, 2)]"
"(44, 44, 4, 0)","[(5, 15, 2), (14, 3, 2), (5, 3, 2), (14, 15, 2), (5, 4, 2), (14, 4, 2), (14, 15, 2), (5, 14, 2), (5, 15, 2), (14, 15, 2)]"
"(44, 44, 19, 0)","[(5, 9, 2)]"
"(44, 44, 29, 0)","[(13, 15, 2), (0, 4, 2), (13, 3, 2), (13, 14, 2), (0, 8, 2), (3, 14, 2), (3, 8, 2), (14, 2, 2), (3, 15, 2), (0, 3, 2), (0, 3, 2), (13, '?', 2), (13, 15, 2), (3, 14, 2), (13, 14, 2), (13, 14, 2), (13, 14, 2), (0, 14, 2)]"
"(44, 44, 40, 0)","[(6, 14, 2)]"
"(44, 44, 44, 0)","[(0, 1, 2), (3, 13, 2)]"
"(44, 48, 47, 0)","[(5, 8, 2)]"
"(45, 4, 23, 0)","[(2, 0, 5)]"
"(45, 19, 12, 0)","[('?', 1, 5), ('?', 1, 5)]"
"(45, 22, 21, 0)","[(4, 1, 5), (4, 1, 5)]"
"(45, 23, 23, 0)","[(12, 13, 5), (12, 13, 5), (11, 1, 5), (11, 13, 5)]"
"(45, 23, 37, 0)","[(11, 13, 5), (11, 9, 5), (11, 13, 5), (11, 9, 5), (11, 9, 5), (11, 9, 5), (12, 13, 5), (12, 9, 5), ('?', 1, 5), (11, 1, 5), (11, 1, 5), (11, 1, 5), (11, 1, 5), (11, 1, 5), (12, 13, 5), (12, 9, 5), (11, 13, 4), (11, 1, 5)]"
"(45, 23, 43, 0)","[(11, 1, 5), (12, 13, 5), (12, 13, 5), (11, 1, 5), (11, 13, 5)]"
"(45, 29, 16, 0)","[(6, 0, 5), (6, 0, 5), (6, 0, 5)]"
"(45, 29, 44, 0)","[(14, 0, 5)]"
"(45, 34, 12, 0)","[('?', 1, 5), (8, 0, 5)]"
"(45, 43, 37, 0)","[(7, 9, 5), (15, 9, 5), (2, 9, 5), (15, 9, 5), (2, 9, 5), (15, 13, 5), (2, 9, 5), (15, 1, 5), (10, 13, 5), (7, 11, 5), (10, 13, 5), (10, 11, 5), (2, 1, 5), (10, 9, 5), (10, 13, 5), (10, 13, 5), (7, 13, 5), (2, 1, 5), (10, 13, 5), (2, 1, 5), (10, 9, 5), (7, 1, 5), (7, 9, 5), (10, 13, 5), (2, 1, 5), (2, 1, 5), (2, 11, 5), (15, 13, 5), (7, 11, 5), (15, 13, 5), (7, 13, 5), (2, 11, 5), (15, 1, 5), (15, 1, 5), (2, 9, 5), (15, 1, 5), (2, 9, 5), (15, 9, 5), (15, 13, 5), (7, 11, 5), (10, 13, 5), (10, 13, 5)]"
"(45, 43, 43, 0)","[(7, 9, 5), (2, 11, 5), (15, 9, 5), (7, 9, 5), (7, 1, 5), (7, 9, 5), (2, 11, 5), (2, 1, 5), (10, 11, 5), (15, 9, 5), (7, 11, 5), (7, 11, 5), (15, 1, 5), (15, 13, 5), (10, '?', 5), (15, 1, 5), (10, '?', 5), (10, 9, 5), (10, 9, 5), (7, 11, 5), (10, 11, 5), (15, 1, 5), (7, 13, 5), (10, 9, 5), (2, 1, 5), (7, 9, 5), (10, 11, 5), (10, 11, 5), (2, 9, 5), (7, 13, 5), (7, 13, 5), (10, 11, 5), (15, '?', 5), (15, 1, 5), (2, 11, 5), (2, 9, 5), (10, 11, 5), (15, 13, 5), (10, 11, 5), (7, 11, 5), (2, 11, 5), (15, 13, 5), (7, 1, 5), (2, 1, 5), (10, 9, 5), (7, 13, 5), (2, 11, 5), (7, 11, 5), (15, 13, 5), (2, 11, 5), (2, 9, 5), (10, 11, 5), (7, 13, 5), (15, 9, 5)]"
"(45, 44, 16, 0)","[(6, 0, 5)]"
"(45, 45, 12, 0)","[('?', 1, 5), (8, 0, 5)]"
"(45, 45, 23, 0)","[(10, 0, 5), (11, 0, 5), (15, 0, 5), (10, 0, 5), (15, 0, 5), (15, 0, 5), (11, 0, 5), (12, 0, 5), (10, 0, 5), (11, 0, 5), (12, 0, 5), (10, 0, 5), (10, 0, 5), (12, 0, 5), (12, 0, 5), (15, 0, 5), (10, 0, 5), (15, 0, 5), (2, 0, 5), (10, 0, 5), (11, 0, 5), (2, 0, 5), (10, 0, 5), (2, 0, 5), (2, 0, 5)]"
"(46, 1, 23, 0)","[(11, 0, 8), (12, 0, 8)]"
"(46, 1, 30, 0)","[(12, 0, 8), (11, 0, 8), (1, 0, 8), (12, 0, 8), ('?', 0, 8)]"
"(46, 5, 5, 0)","[(9, 0, 3), (9, 0, 3)]"
"(46, 5, 12, 0)","[('?', 0, 3), ('?', 0, 3), ('?', 0, 3), ('?', 0, 3), ('?', 0, 3), ('?', 0, 3), (9, 0, 3), (8, 0, 3), ('?', 0, 3)]"
"(46, 5, 16, 0)","[(8, 0, 3)]"
"(46, 5, 21, 0)","[(4, 0, 3), (4, 0, 3)]"
"(46, 5, 23, 0)","[(12, 0, 4)]"
"(46, 5, 26, 0)","[(4, 0, 3)]"
"(46, 5, 37, 0)","[(11, 0, 3)]"
"(46, 5, 41, 0)","[(4, 0, 3), (8, 0, 3), (4, 0, 3), (8, 0, 3), (8, 0, 3), (4, 0, 3)]"
"(46, 20, 30, 0)","[(1, 0, 8)]"
"(46, 23, 37, 0)","[(11, 9, 4), (12, 1, 4), (12, 9, 4)]"
"(46, 28, 24, 0)","[(11, 0, 8)]"
"(46, 28, 30, 0)","[(12, 0, 8), (11, 0, 8)]"
"(46, 34, 5, 0)","[(9, 0, 3), (9, 0, 3), (9, 0, 3), (9, 0, 3)]"
"(46, 34, 8, 0)","[(4, 13, 3)]"
"(46, 34, 16, 0)","[(8, 0, 3), (8, 0, 3)]"
"(46, 34, 21, 0)","[(4, 0, 3), (8, 0, 3)]"
"(46, 34, 37, 0)","[(15, 0, 3), (15, 0, 3), (2, 0, 3), (11, 11, 3), (10, 0, 3), (11, 0, 3), (2, 0, 3), (11, 0, 3), (10, 0, 3), (15, 0, 3), (15, 0, 3), (12, 0, 3), (15, 0, 3), (7, 0, 3), (2, 0, 3), (10, 0, 3), (7, 0, 3), (12, 0, 3), (10, 0, 3), (7, 0, 3), (7, 0, 3), (15, 0, 3), (7, 0, 3), (2, 0, 3), (10, 0, 3), (2, 0, 3), (11, 11, 3), (2, 0, 3), (11, 11, 3), (11, 0, 3), (15, 0, 3), (10, 0, 3), (12, 0, 3), (2, 0, 3), (10, 0, 3), (15, 0, 3), (7, 0, 3), (7, 0, 3), (10, 0, 3), (2, 0, 3), (7, 0, 3)]"
"(46, 34, 41, 0)","[(4, 11, 3)]"
"(46, 34, 44, 0)","[(4, 13, 3)]"
"(46, 37, 37, 0)","[(12, 4, 3), (12, 8, 3), (12, 8, 3), (11, 15, 3), (12, 4, 3), (11, 15, 3), (12, 2, 3), (11, 4, 3), (11, 8, 3), (12, 8, 3), (12, 15, 3), ('?', 4, 3), (11, 4, 3), (11, 8, 3), (11, 3, 3), (12, 2, 3), (11, 7, 3), (11, 7, 3), (11, 4, 3), (12, 2, 3), (12, 4, 3), (11, 7, 3), (12, 14, 3), (12, 4, 3), (11, 10, 3), (11, 7, 3), (11, 8, 3), (11, 3, 3), (12, 4, 3)]"
"(46, 41, 16, 0)","[(6, 0, 3), ('?', 0, 3), (6, 0, 3), (3, 0, 3), (6, 0, 3), (6, 0, 3), (6, 0, 3), (6, 0, 3), (6, 0, 3), (6, 0, 3), (3, 0, 3)]"
"(46, 41, 26, 0)","[(0, 0, 3), (3, 0, 3), (0, 0, 3), (14, 0, 3), (0, 0, 3), (13, 0, 3), (14, 0, 3), (3, 0, 3), (14, 0, 3), (0, 0, 3), (14, 0, 3), (13, 0, 3)]"
"(46, 41, 41, 0)","[(14, 0, 3), (0, 0, 3), (13, 0, 3), (13, 0, 3)]"
"(46, 41, 44, 0)","[(0, 0, 3), (3, 0, 3), (0, 0, 3), (13, 0, 3), (0, 0, 3), (13, 0, 3)]"
"(46, 44, 16, 0)","[(6, 0, 3), (6, 0, 3)]"
"(46, 44, 44, 0)","[(13, 0, 3), (13, 0, 3), (13, 0, 3), (14, 0, 3)]"
"(46, 45, 23, 0)","[(11, 1, 4), (12, 1, 4), (12, 0, 4), (11, 0, 4), (11, 0, 3), (11, 0, 3), (7, 0, 4)]"
"(46, 45, 37, 0)","[(11, 13, 3), (11, 1, 3), (11, 9, 3), (12, 0, 3), (11, 13, 3), (11, 11, 3), (11, 13, 3), (11, 1, 3), (12, 0, 3), (11, 13, 3), (12, 0, 3), (11, 11, 3), (11, 13, 3), (11, 1, 3), (12, 0, 3), (11, 0, 3), (15, 0, 3), (11, 13, 3), (15, 0, 3), (11, 0, 3), (11, 11, 3), (11, 13, 3)]"
"(46, 46, 37, 0)","[(12, 1, 3), (11, 5, 3), (12, 6, 3), (11, 12, 3), (12, 6, 3), (12, 10, 3), (12, 12, 3), (11, 6, 3), (12, 9, 3), (12, 10, 3), (12, 10, 3), (12, 14, 3), (12, 6, 3), (11, 9, 3), (11, 12, 3), (12, 10, 3), (12, 9, 3), (11, 5, 3), (11, 9, 3), (12, 12, 3), (11, 6, 3), (12, 12, 3), (12, 6, 3), (12, 10, 3), (12, 10, 3), (12, 10, 3), (12, 6, 3), (11, 12, 3), (12, 6, 3), (11, 5, 3)]"
"(46, 49, 30, 0)","[(1, 0, 8)]"
"(46, 50, 2, 0)","[(12, 0, 8), (12, 0, 8)]"
"(46, 50, 30, 0)","[(12, 0, 8), (10, 0, 8), ('?', 0, 8)]"
"(48, 4, 4, 0)","[(9, 4, 2), (9, 2, 2), (9, 3, 2), (9, 8, 2), (9, 2, 2), (9, 7, 2), (9, 7, 2), (9, 2, 2), (9, 4, 2), (9, 7, 2), (9, 4, 2), (9, 7, 2), (9, 3, 2), (9, 3, 2), (9, 4, 2), (9, 3, 2), (9, 8, 2)]"
"(48, 4, 7, 0)","[('?', 8, 2), ('?', 4, 2), ('?', 8, 2), ('?', 8, 2), ('?', 3, 2), ('?', 4, 2)]"
"(48, 4, 29, 0)","[(4, 15, 2), (4, 14, 2), (4, 3, 2), (4, 14, 2), (4, 3, 2)]"
"(48, 4, 44, 0)","[(4, 9, 2)]"
"(48, 5, 5, 0)","[(9, 0, 2), (9, 11, 2), (9, 0, 2), (9, 0, 2), (9, 0, 2), (9, 11, 2), (9, 0, 2), (9, 0, 2), (9, 11, 2), (9, 11, 2), (9, 11, 2)]"
"(48, 5, 12, 0)","[('?', 0, 2), ('?', 0, 2), ('?', 0, 2), ('?', 0, 2), (8, 0, 2), ('?', 0, 2)]"
"(48, 5, 21, 0)","[(4, 11, 2)]"
"(48, 5, 23, 0)","[(12, 0, 2), (15, 0, 2), (15, 0, 2), (12, 0, 2), (15, 0, 2), (7, 0, 2), (7, 0, 2), (15, 0, 2), (7, 0, 2), (2, 0, 2)]"
"(48, 5, 39, 0)","[('?', 0, 2)]"
"(48, 5, 41, 0)","[(4, 0, 2), (4, 0, 2), (4, 0, 2), (4, 0, 2), (4, '?', 2), (4, 0, 2)]"
"(48, 7, 7, 0)","[('?', 8, 2), ('?', 3, 2), ('?', 3, 2), ('?', 3, 2)]"
"(48, 7, 43, 0)","[(15, 8, 2), (10, 14, 2), (15, 8, 2), (7, 4, 2), (10, 14, 2), (10, 2, 2), (10, 2, 2), (2, 7, 2), (10, 4, 2), (15, 8, 2), (15, 7, 2), (2, 4, 2), (10, 4, 2), (2, 15, 2), (10, 3, 2), (10, 3, 2), (10, 14, 2), (15, 15, 2), (15, 8, 2), (7, 3, 2), (15, 14, 2), (15, 3, 2), (7, 8, 2), (2, 4, 2), (2, 14, 2), (15, 3, 2), (10, 4, 2), (15, 8, 2), (2, 7, 2), (7, 8, 2), (10, 4, 2), (10, 3, 2), (10, 14, 2), (10, 14, 2), (10, 3, 2), (15, 14, 2), (7, 3, 2), (10, 14, 2), (7, 4, 2)]"
"(48, 8, 8, 0)","[(4, 10, 2)]"
"(48, 8, 12, 0)","[(8, 0, 2)]"
"(48, 8, 16, 0)","[(8, 0, 2)]"
"(48, 13, 5, 0)","[(9, '?', 2)]"
"(48, 13, 13, 0)","[(9, 5, 2), (9, 1, 2), (9, '?', 2), (9, '?', 2), (9, 6, 2), (9, 6, 2), (9, 11, 2), (9, 5, 2), (9, '?', 2), (9, 8, 2), (9, 13, 2), (9, '?', 2), (9, 6, 2), (9, 1, 2), (9, 13, 2), (9, 1, 2), (9, 12, 2), (9, 6, 2), (9, '?', 2), (9, '?', 2), (9, 11, 2), (9, 12, 2), (9, 13, 2), (9, 8, 2), (9, 1, 2), (9, 5, 2), (9, 2, 2), (9, 5, 2), (9, 11, 2), (9, 5, 2), (9, 5, 2), (9, 5, 2), (9, 13, 2), (9, '?', 2), (9, 5, 2)]"
"(48, 13, 41, 0)","[(4, 9, 2), (4, 1, 2), (4, 9, 2), (4, 6, 2), (4, 6, 2), (4, 1, 2), (4, 13, 2), (4, 9, 2), (4, 1, 2), (4, 5, 2), (4, 13, 2), (4, 9, 2), (4, 10, 2), (4, 13, 2), (4, 13, 2), (4, '?', 2), (4, '?', 2), (4, '?', 2), (4, 1, 2), (4, 10, 2), (4, 9, 2), (4, '?', 2), (4, 6, 2), (4, '?', 2), (4, '?', 2), (4, 9, 2)]"
"(48, 19, 7, 0)","[('?', 9, 2), ('?', 9, 2), ('?', 9, 2), ('?', 9, 2), ('?', 9, 2), ('?', 9, 2)]"
"(48, 19, 13, 0)","[(9, 13, 2)]"
"(48, 19, 22, 0)","[(9, 13, 2)]"
"(48, 22, 22, 0)","[(9, 1, 2)]"
"(48, 23, 23, 0)","[(12, 3, 2), (12, 9, 2), (11, 14, 2), (11, 4, 2), (12, 8, 2), (11, 14, 2), (11, 4, 2), (12, 7, 2), (12, 8, 2)]"
"(48, 23, 43, 0)","[(12, 15, 2), (11, 7, 2), (12, 14, 2), (11, 15, 2), (11, 3, 2), (11, 4, 2), (12, 8, 2), (12, 2, 2), (11, 14, 2), (11, 15, 2), (12, 3, 2), (11, 7, 2), (12, 7, 2), (11, 7, 2), (12, 9, 2), (12, 15, 2), (11, 3, 2), (12, 15, 2), (12, 2, 2), (12, 2, 2), (12, 2, 2), (11, 15, 2), (12, 2, 2), (12, 15, 2), (12, 9, 2), (12, 15, 2), (11, 15, 2), (11, 14, 2), (12, 15, 2), (12, 2, 2), (12, 14, 2), (12, 7, 2), (12, 3, 2), (12, 3, 2), (12, 14, 2), (12, 3, 2), (12, 2, 2), (11, 3, 2)]"
"(48, 39, 7, 0)","[('?', 6, 2), ('?', '?', 2), ('?', 3, 2), ('?', 4, 2), ('?', '?', 2), ('?', 7, 2), ('?', 13, 2), ('?', 7, 2), ('?', 3, 2), ('?', '?', 2), ('?', 7, 2)]"
"(48, 39, 23, 0)","[(11, '?', 2), (11, 14, 2), (12, 9, 2), (12, 7, 2), (12, 3, 2), (11, 7, 2), (11, 15, 2), (11, '?', 2), (11, 14, 2), (11, 14, 2), (12, '?', 2), (11, 7, 2), (12, 9, 2), (11, 15, 2), (11, 15, 2), (11, 4, 2), (12, 14, 2), (12, 15, 2), (11, '?', 2), (11, 3, 2), (12, '?', 2), (11, 15, 2), (12, 8, 2), (11, 3, 2), (11, 15, 2), (12, 3, 2), (11, 4, 2), (11, 14, 2), (11, 7, 2), (11, 3, 2), (12, '?', 2), (12, 14, 2), (12, 9, 2), (11, 14, 2), (12, 15, 2), (12, 9, 2), (12, '?', 2), (11, 4, 2), (11, 15, 2), (12, '?', 2), (11, 4, 2), (12, 7, 2), (12, 8, 2), (12, '?', 2), (12, 15, 2), (12, 7, 2), (12, 8, 2), (11, 4, 2), (11, 3, 2), (12, '?', 2), (12, '?', 2), (12, 8, 2), (11, 7, 2)]"
"(48, 39, 39, 0)","[('?', '?', 2), ('?', 9, 2), ('?', '?', 2), ('?', 9, 2), ('?', '?', 2), ('?', 11, 2)]"
"(48, 39, 43, 0)","[(10, 2, 2), (2, 2, 2), (2, 9, 2), (2, 15, 2), (10, 3, 2), (2, 14, 2), (7, 2, 2), (7, 15, 2), (15, 8, 2), (7, 3, 2), (2, '?', 2), (15, 1, 2), (15, 2, 2), (15, 7, 2), (15, 14, 2), (7, 2, 2), (2, '?', 2), (2, 9, 2), (2, '?', 2), (2, 7, 2), (7, 2, 2), (7, 3, 2), (7, 4, 2), (2, 2, 2), (15, 7, 2), (2, 4, 2), (7, 2, 2), (7, 15, 2), (15, 15, 2), (15, 15, 2), (10, 11, 2), (10, 3, 2), (2, '?', 2), (2, '?', 2), (15, 2, 2), (7, 14, 2), (7, 8, 2), (15, 3, 2), (15, 8, 2), (15, 8, 2), (7, 13, 2), (7, 15, 2), (15, 14, 2), (2, 15, 2), (7, 3, 2), (2, 9, 2), (7, 8, 2), (7, 3, 2), (2, 7, 2), (7, 15, 2), (15, 15, 2), (7, 3, 2), (10, 11, 2), (2, '?', 2), (12, 7, 2), (15, 15, 2), (7, 2, 2), (15, 2, 2), (15, 7, 2), (7, 2, 2), (15, 15, 2), (7, 2, 2), (15, 14, 2), (2, 15, 2), (7, 4, 2), (7, 3, 2)]"
"(48, 40, 7, 0)","[('?', 4, 2)]"
"(48, 40, 23, 0)","[(7, 0, 2), ('?', 4, 2)]"
"(48, 40, 43, 0)","[(2, 9, 2), (7, 4, 2), (2, 4, 2), (7, 8, 2), (10, 4, 2), (2, 4, 2), (7, 8, 2), (7, 4, 2), (7, 8, 2), (7, 8, 2), (7, 4, 2), (10, 4, 2), (7, 8, 2), (2, 4, 2), (7, 4, 2)]"
"(48, 41, 12, 0)","[(8, 0, 2), (8, 0, 2)]"
"(48, 41, 16, 0)","[(6, 0, 2), (5, 0, 2), (5, 0, 2), (5, 0, 2), (6, 0, 2), (5, 0, 2), (5, 0, 2), (5, 0, 2), (5, 0, 5)]"
"(48, 41, 41, 0)","[(13, 0, 2), (4, 11, 2), (4, 11, 2), (13, 0, 2), (0, 0, 2), (0, 0, 2), (13, 0, 2), (13, 0, 2), (14, 0, 2), (0, 0, 2), (14, 0, 2)]"
"(48, 41, 44, 0)","[(14, 0, 2), (13, 0, 2), (13, 0, 2), ('?', 0, 2), (14, 0, 2)]"
"(48, 41, 47, 0)","[(5, 15, 2), (5, 2, 2), (5, 14, 2)]"
"(48, 41, 48, 0)","[(5, 15, 2), (5, 2, 2), (5, 15, 2), (5, 2, 2)]"
"(48, 43, 43, 0)","[(2, 15, 2), (7, 14, 2), (15, 3, 2), (10, 2, 2), (15, 3, 2), (15, 14, 2), (7, 15, 2), (2, 2, 2), (7, 14, 2), (15, 7, 2), (7, 14, 2), (7, 14, 2), (2, '?', 2), (10, 3, 2), (2, 2, 2), (2, 7, 2), (2, 2, 2), (15, 7, 2), (7, 8, 2), (2, 2, 2), (2, 15, 2), (15, 3, 2), (10, 14, 2), (15, 3, 2), (2, 14, 2), (2, 14, 2), (15, 2, 2), (15, 2, 2), (2, 2, 2), (10, 3, 2), (7, 14, 2), (7, 15, 2), (10, 4, 2), (2, 7, 2), (15, 15, 2), (15, 3, 2), (10, 14, 2), (10, 2, 2), (7, 15, 2), (15, 15, 2), (7, 5, 2), (15, 14, 2), (10, 2, 2), (2, 7, 2), (2, 7, 2), (10, 3, 2), (2, 14, 2), (2, 14, 2), (15, 7, 2), (10, 14, 2), (2, 14, 2), (15, 15, 2), (15, 2, 2), (15, 14, 2), (10, 14, 2), (10, 2, 2), (7, 4, 2), (15, 7, 2), (10, 2, 2), (15, 7, 2), (7, 15, 2)]"
"(48, 44, 16, 0)","[(5, 0, 2), (5, 0, 2)]"
"(48, 44, 29, 0)","[(0, 15, 2), (13, 15, 2)]"
"(48, 44, 44, 0)","[(14, 0, 2), (0, 0, 2), (0, 0, 2), (0, 0, 2), (14, 0, 2), (13, 0, 2), (13, 0, 2)]"
"(48, 45, 12, 0)","[(8, 0, 2), (8, 0, 2)]"
"(48, 45, 23, 0)","[(10, 0, 2), (2, 0, 2), (15, 0, 2), (2, 0, 2), (10, 0, 2), (2, 0, 2), (15, 0, 2), (2, 0, 2), (10, 0, 2), (15, 0, 2), (12, 0, 2), (7, 0, 2), (10, 0, 2), (2, 0, 2), (7, 0, 2), (2, 0, 2), (10, 0, 2)]"
"(48, 45, 41, 0)","[(4, 0, 2), (4, 11, 2)]"
"(48, 48, 4, 0)","[(9, 14, 2)]"
"(48, 48, 7, 0)","[('?', 14, 2), ('?', 7, 2), ('?', 14, 2), ('?', 4, '?'), ('?', 8, 2), ('?', 7, 2), ('?', 14, 2), ('?', 14, 2), ('?', 7, 2), ('?', 4, 2), ('?', 14, 2), ('?', 8, 2), ('?', 8, 2)]"
"(48, 48, 13, 0)","[(9, 2, 2), (9, 14, 2), (9, 4, 2), (9, 14, 2), (9, 14, 2), (9, 7, 2), (9, 14, 2), (9, 7, 2), (9, 7, 2), (9, 7, 2), (9, 7, 2), (9, 14, 2), (9, 14, 2), (9, 2, 2)]"
"(48, 48, 23, 0)","[(12, 0, 2)]"
"(48, 48, 39, 0)","[('?', '?', 2)]"
"(48, 48, 41, 0)","[(4, 15, 2), (4, 14, 2), (4, 14, 2), (4, 14, 2), (4, 3, 2), (4, 15, 2), (4, 15, 2), (4, 3, 2), (4, 15, 2), (4, '?', 2), (4, 14, 2), (4, 3, 2), (4, 14, 2), (4, 3, 2), (4, 3, 2), (4, 14, 2), (4, 3, 2), (4, 14, 2)]"
"(48, 48, 48, 0)","[(9, 14, 2), (9, 4, 2), (9, 8, 2), (9, 7, 2), (9, 2, 2), (9, 4, 2), (9, 3, 2), (9, 4, 2), (9, 14, 2), (9, 4, 2)]"
"(49, 1, 1, 0)","[(9, 10, 0)]"
"(49, 1, 10, 0)","[(4, 9, 0)]"
"(49, 1, 21, 0)","[(4, 5, 1), (4, 12, 1), (4, 10, 0), (4, 10, 1), (4, 12, 1), (4, 12, 1), (4, 12, 0), (4, 6, 1), (4, 10, 0), (4, 10, 0), (4, 12, 0), (4, 10, 0), (4, 9, 0), (4, 9, 0), (4, 10, 0), (4, 9, 0), (4, 12, 0), (4, 12, 1), (4, 5, 1)]"
"(49, 1, 22, 0)","[(9, 6, 0), (9, 12, 0), (9, 1, 1), (9, 9, 1), (9, 10, 0), (9, 12, 0), (9, 9, 0), (9, 6, 0), (9, 9, 0), (9, 1, 1), (9, 9, 1), (9, 5, 0), (9, 10, 0), (9, 9, 0), (9, 12, 0), (9, 10, 0), (9, 1, 1), (9, 9, 0), (9, 6, 0), (9, 6, 0), (9, 6, 0), (9, 6, 0), (9, 5, 0), (9, 10, 0)]"
"(49, 2, 2, 0)","[(12, 5, 0), (11, 5, 0), (12, 12, 0), (12, 5, 0), (12, 5, 0), (12, 5, 0), (12, 12, 0), (11, 12, 0), (11, 9, 0), (11, 5, 0), (12, 12, 0), (11, 10, 0), (11, 12, 0), (11, 5, 0)]"
"(49, 3, 20, 0)","[(4, 12, 0)]"
"(49, 3, 21, 0)","[(4, 12, 0)]"
"(49, 3, 26, 0)","[(4, 12, 0), (4, 12, 0)]"
"(49, 5, 5, 0)","[(9, 5, '?')]"
"(49, 7, 7, 0)","[('?', 12, '?'), ('?', 12, '?')]"
"(49, 8, 39, 0)","[(8, 6, '?')]"
"(49, 13, 13, 0)","[(9, 9, '?'), (9, 9, '?'), (9, 5, '?')]"
"(49, 13, 26, 0)","[(4, 5, '?'), (4, '?', '?'), (4, 6, '?'), (4, 6, '?')]"
"(49, 13, 41, 0)","[(4, 10, 5)]"
"(49, 14, 1, 0)","[(9, 9, 1), (9, 13, 1), (9, 9, 1), (9, 1, 1), (9, 13, 1), (9, 9, 1), (9, 10, 1), (9, 13, 1), (9, 1, 1), (9, 1, 1), (9, 5, 1), (9, 13, 1), (9, 10, 1), (9, 5, 1), (9, 1, 1), (9, 5, 1), (9, 10, 1), (9, 13, 1), (9, 10, 1), (9, 10, 1), (9, 13, 1), (9, 10, 1), (9, 5, 1), (9, 5, 1), (9, 5, 1), (9, 10, 1)]"
"(49, 14, 18, 0)","[('?', 6, 1)]"
"(49, 14, 20, 0)","[(4, 12, 1), (4, 9, 1), (4, 6, 1), (4, 6, 1), (4, 9, 1), (4, 10, 1), (4, 12, 1), (4, 5, 1), (4, 5, 1), (4, 10, 1), (4, 10, 1), (4, 9, 1), (4, 10, 1), (4, 10, 1), (4, 6, 1), (4, 10, 1), (4, 6, 1), (4, 11, 1), (4, 5, 1)]"
"(49, 14, 21, 0)","[(4, 10, 1), (4, 12, 1), (4, 10, '?'), (4, 6, 1), (4, 10, 1), (4, 5, 1)]"
"(49, 14, 22, 0)","[(9, 5, 1), (9, 10, 1), (9, 1, 1), (9, 13, 1), (9, 10, 1), (9, 5, 1), (9, 13, 1)]"
"(49, 14, 35, 0)","[(4, 10, 1), (4, 6, 1), (4, 6, 1)]"
"(49, 16, 7, 0)","[('?', 5, '?'), ('?', 12, '?'), ('?', 10, 9), ('?', 5, '?'), ('?', 5, '?'), ('?', 5, '?'), ('?', 5, '?'), ('?', 5, '?'), ('?', 12, '?'), ('?', 5, '?')]"
"(49, 16, 13, 0)","[(9, 5, '?'), (9, 5, '?')]"
"(49, 16, 21, 0)","[(4, 5, '?'), (4, 10, '?'), (4, 5, '?'), (4, 5, '?'), (4, 5, '?'), (4, 6, '?'), (4, 6, '?'), (4, 10, '?'), (4, 5, '?'), (4, 10, 9), (4, 10, '?')]"
"(49, 16, 22, 0)","[(9, 12, 9), (9, 5, '?')]"
"(49, 16, 26, 0)","[(4, 6, '?'), (4, 6, '?'), (4, 10, '?'), (4, 6, '?'), (4, 10, '?')]"
"(49, 16, 39, 0)","[('?', 5, '?'), ('?', 10, 9), (9, 10, 9)]"
"(49, 16, 41, 0)","[(4, 10, '?'), (4, 5, '?')]"
"(49, 18, 11, 0)","[(15, 5, 1), (2, 1, 1), (15, 5, 1)]"
"(49, 18, 18, 0)","[('?', 11, 1), ('?', 6, 1), ('?', 1, 1), ('?', 10, 1), ('?', 13, 1), ('?', 1, 1), ('?', 1, 1), ('?', 5, 1), ('?', 6, 1), ('?', 9, 1), ('?', 10, 1), ('?', 10, 1), ('?', 6, 1), ('?', 10, 1), (15, 5, 1), ('?', 5, 1), ('?', 6, 1), (15, 5, 1), ('?', 1, 1), ('?', 10, 1), ('?', 13, 1), ('?', 10, 1), ('?', 6, 1), (15, 5, 1), ('?', 10, 1), ('?', 6, 1), ('?', 1, 1), (15, 5, 1), ('?', 10, 1), ('?', 1, 1), ('?', 9, 1), ('?', 5, 1), ('?', 1, 1), ('?', 10, 1), ('?', 1, 1), ('?', 13, 1), ('?', 5, 1), ('?', 13, 1), ('?', 5, 1)]"
"(49, 22, 8, 0)","[(4, 6, '?')]"
"(49, 22, 21, 0)","[(4, 5, '?'), (4, 5, '?')]"
"(49, 22, 22, 0)","[(9, 9, '?'), (9, 9, '?'), (9, 5, '?'), (9, 9, '?'), (9, 13, '?'), (9, 9, '?'), (9, 9, '?'), (9, 9, '?'), (9, 9, '?')]"
"(49, 23, 23, 0)","[(11, 10, '?'), (11, 12, '?'), (11, 5, '?'), (12, '?', '?'), (11, 10, '?'), (11, 12, '?'), (12, 6, '?'), (11, 5, '?'), (12, 12, '?'), (11, 10, '?'), (11, 5, '?'), (12, 6, '?'), (12, 10, '?'), (12, 6, '?'), (11, 10, '?'), (11, 5, '?'), (11, 5, '?'), (12, 6, '?'), (12, 1, '?'), (11, 12, '?'), (12, 9, '?'), (12, 10, '?'), (11, 10, '?'), (11, 12, '?'), (11, 5, '?'), (11, 10, '?'), (11, 10, '?'), (12, 6, '?'), (12, 12, '?'), (12, 10, '?'), (12, 10, '?'), (12, 0, 7), (11, 10, '?'), (12, 10, '?'), (12, 10, '?')]"
"(49, 23, 37, 0)","[(11, 5, '?'), (12, 6, '?'), (12, 10, '?'), (12, 9, '?'), (12, 1, '?'), (12, 10, '?'), (11, 6, 4), (12, 10, '?'), (12, 12, '?'), (11, 12, '?'), (11, 12, '?'), (12, 12, '?'), (12, 12, '?'), (11, 5, '?')]"
"(49, 23, 43, 0)","[(11, 5, '?'), (12, 12, '?'), (12, 12, '?'), (12, 10, '?')]"
"(49, 34, 23, 0)","[(12, 10, 12), (12, 0, 12)]"
"(49, 34, 43, 0)","[(10, 5, 12)]"
"(49, 36, 22, 0)","[(9, 13, 6), (9, 13, 6), (9, 13, 6)]"
"(49, 38, 11, 0)","[(10, 9, 0), (2, 9, 0)]"
"(49, 38, 17, 0)","[(7, 10, 0), (15, 6, 0), (2, 10, 0), (10, 5, 0), (10, 5, 0), (2, 12, 0), (7, 12, 0), (15, 12, 0), (10, 12, 0), (7, 6, 0), (10, 12, 0), (7, 10, 0), (2, 9, 0), (15, 10, 0), (7, 12, 0), (7, 12, 0)]"
"(49, 38, 38, 0)","[(7, 9, 0), (7, 6, 0)]"
"(49, 39, 7, 0)","[('?', 10, 5), ('?', 12, '?'), ('?', 12, '?'), ('?', 5, '?'), ('?', 10, '?'), ('?', 12, '?'), ('?', 12, '?')]"
"(49, 39, 23, 0)","[(12, 6, '?'), (12, 6, '?'), (12, 12, '?')]"
"(49, 39, 39, 0)","[('?', 10, '?'), ('?', 10, '?'), ('?', 6, '?'), ('?', 10, '?'), ('?', 12, '?'), ('?', 6, '?'), ('?', 10, '?'), ('?', 6, '?'), ('?', 6, '?'), ('?', 10, '?'), ('?', 6, '?'), ('?', 10, '?'), ('?', 6, '?'), ('?', 10, '?')]"
"(49, 39, 43, 0)","[(7, 6, '?'), (10, 10, '?'), (2, 12, '?'), (2, 6, '?'), (2, 6, '?'), (2, 12, '?'), (7, 6, '?'), (10, 10, '?'), (7, 10, '?'), (7, 5, 4), (10, 12, '?'), (10, 6, '?'), (15, 6, '?'), (7, 5, 4), (7, 6, '?'), (2, 10, 5), (7, 10, '?'), (7, 5, '?'), (2, 10, 5), (2, 6, '?'), (10, 10, '?'), (7, 12, '?'), (10, 6, '?'), (10, 10, '?'), (7, 12, '?'), (10, 12, '?'), (2, 6, '?'), (7, 12, '?'), (7, 6, '?'), (7, 6, '?'), (7, 12, '?'), (15, 10, '?'), (2, 9, '?'), (15, 6, '?'), (10, 10, '?'), (7, 10, '?'), (2, 6, '?'), (7, 12, '?'), (2, 6, '?'), (7, 10, '?'), (2, 6, '?'), (10, 6, '?'), (2, 6, '?'), (7, 6, '?'), (10, 6, '?'), (2, 12, '?'), (10, 6, '?')]"
"(49, 43, 17, 0)","[(15, 12, '?')]"
"(49, 43, 37, 0)","[(15, 6, '?'), (15, 10, '?'), (10, 10, '?'), (15, 12, '?'), (15, 10, '?'), (15, 6, '?'), (15, 5, '?'), (2, 12, '?'), (15, 10, '?'), (2, 12, '?'), (7, 10, '?'), (7, 10, 4), (15, 12, '?'), (15, 10, '?'), (15, 5, '?'), (7, 10, '?'), (7, 5, '?'), (2, 12, '?'), (15, 5, '?')]"
"(49, 43, 43, 0)","[(15, 12, '?'), (15, 6, '?'), (7, 10, 4), (15, 6, '?'), (7, 12, '?'), (15, 9, '?'), (7, 5, '?'), (7, 5, '?'), (2, 6, '?'), (2, 9, '?'), (15, 6, '?'), (7, 5, '?'), (7, 6, '?'), (15, 12, '?'), (15, 5, '?'), (7, 5, '?'), ('?', 12, '?'), (7, 5, '?'), (7, 5, 5), (15, 12, '?'), (15, 12, '?'), (10, 6, 5), (15, 5, '?'), (15, 12, '?'), (2, 12, '?'), (15, 9, '?'), (15, 6, '?'), (7, 10, '?'), (7, 10, '?'), (15, 5, '?'), (7, 12, '?'), (7, 5, '?'), (15, 10, '?'), (15, 12, '?'), (7, 10, '?'), (7, 6, '?'), (7, 12, '?'), (15, 6, '?'), (2, 9, '?'), (10, 12, '?'), (10, 6, '?'), (7, 6, '?'), (2, 12, '?'), (2, 9, '?'), (10, 12, '?'), (10, 12, '?'), (7, 5, '?'), (15, 5, '?'), (15, 5, '?')]"
"(49, 49, 1, 0)","[(9, 5, 0), (9, 9, 0), (9, 5, 0), (9, 12, 0), (9, 5, 0), (9, 12, 0), (9, 5, 0), (9, 5, 0), (9, 12, 0), (9, 9, 0), (9, 9, 0), (9, 5, 0), (9, 12, 0), (9, 10, 0), (9, 10, 0), (9, 12, 0), (9, 10, 0)]"
"(49, 49, 2, 0)","[(11, 5, 0), (11, 10, 0), (11, 10, 0), (11, 10, 0), (12, 10, 0), (12, 5, 0), (12, 12, 0), (12, 10, 0), (11, 12, 0), (11, 10, 0), (12, 12, 0), (12, 12, 0), (12, 5, 0), (11, 12, 0), (12, 10, 0), (12, 10, 0), (12, 10, 0), (11, 10, 0), (12, 10, 0), (12, 10, 0), (12, 10, 0), (11, 12, 0)]"
"(49, 49, 5, 0)","[(9, 10, 6), (9, 10, 6)]"
"(49, 49, 7, 0)","[('?', 5, 6)]"
"(49, 49, 11, 0)","[(2, 10, 0), (2, 10, 0), (7, 10, 0)]"
"(49, 49, 17, 0)","[(2, 10, 0), (2, 5, 0), (10, 5, 0), (15, 6, 0), (15, 6, 0)]"
"(49, 49, 18, 0)","[('?', 5, 1)]"
"(49, 49, 20, 0)","[(4, 10, 0)]"
"(49, 49, 21, 0)","[(4, 10, 0), (4, 9, 0)]"
"(49, 49, 23, 0)","[(11, 10, 6), (11, 5, 6)]"
"(49, 49, 26, 0)","[(4, 10, 0)]"
"(49, 49, 38, 0)","[(7, 5, 0), (15, 10, 0), (2, 5, 0), (10, 5, 0), (15, 12, 0), (7, 12, 0), (15, 10, 0), (15, 12, 0), (7, 5, 0), (7, 5, 0), (7, 9, 0), (15, 10, 0), (2, 12, 0), (2, 5, 0), (7, 12, 0), (7, 10, 0), (2, 5, 0), (10, 12, 0), (10, 5, 0), (2, 10, 0), (2, 12, 0), (15, 10, 0), (2, 12, 0), (2, 10, 0), (7, 10, 0), (7, 12, 0), (7, 12, 0), (7, 5, 0), (7, 12, 0), (10, 5, 0), (15, 10, 0), (15, 10, 0), (7, 10, 0), (2, 12, 0), (15, 12, 0), (2, 12, 0), (7, 5, 0), (7, 5, 0), (15, 10, 0), (7, 12, 0), (7, 9, 0), (7, 5, 0), (7, 5, 0), (2, 10, 0), (2, 5, 0), (10, 12, 0), (2, 6, 0), (2, 5, 0), (7, 10, 0)]"
"(49, 49, 39, 0)","[('?', 12, 6)]"
"(49, 49, 43, 0)","[(7, 6, 6), (7, 12, 6), (10, 10, 6), (15, 6, 6), (10, 6, 6), (15, 10, 6), (15, 6, 6), (10, 6, 6), (7, 5, 6), (7, 12, 6), (7, 5, 6), (15, 6, 6), (7, 12, 6), (7, 6, 6)]"
"(49, 49, 49, 0)","[('?', 10, 0), ('?', 9, 0), ('?', 5, 0), ('?', 9, 0), ('?', 10, 0), ('?', 10, 0), ('?', 10, 0), ('?', 12, 0), ('?', 10, 0), ('?', 5, 0), ('?', 10, 0), ('?', 5, 0), ('?', 12, 0), ('?', 10, 0), ('?', 12, 0), ('?', 12, 0), ('?', 5, 0), ('?', 5, 0), ('?', 10, 0), ('?', 5, 0), ('?', 5, 0), ('?', 5, 0), ('?', 10, 0)]"
"(50, 2, 2, 0)","[(12, 4, 0), (12, 2, 0), (11, 4, 0), (11, 4, 0), (11, 4, 0), (11, 3, 0), (11, 2, 0), (11, 2, 0), (12, 3, 0), (12, 3, 0), (11, 4, 0), (12, 4, 0), (11, 3, 0), (11, 7, 0), (11, 4, 0), (12, 3, 0), (11, 3, 0), (11, 7, 0), (12, 3, 0), (11, 4, 0)]"
"(50, 2, 17, 0)","[(12, 4, 0)]"
"(50, 3, 26, 0)","[(4, '?', 0)]"
"(50, 3, 38, 0)","[(15, '?', 0), (7, '?', 0)]"
"(50, 4, 4, 0)","[(9, 7, '?'), (9, 7, '?')]"
"(50, 7, 7, 0)","[('?', 15, '?'), ('?', 14, '?'), ('?', 14, '?'), ('?', 15, '?'), ('?', 15, '?'), ('?', 7, '?'), ('?', 15, '?'), ('?', 14, '?'), ('?', 8, '?'), ('?', 3, '?'), ('?', 15, '?'), ('?', 7, '?'), ('?', 15, '?'), ('?', 7, '?'), ('?', 14, '?'), ('?', 15, '?')]"
"(50, 7, 43, 0)","[(7, 14, '?'), (10, 15, '?'), (10, 4, '?'), (10, 8, '?'), (10, 7, '?'), (10, 8, '?'), (7, 8, '?'), (7, 15, '?'), (7, 14, '?'), (7, 14, '?'), (10, 4, '?'), (2, 15, '?'), (2, 15, '?'), (7, 8, '?'), (7, 15, '?'), (10, 4, '?'), (2, 8, '?'), (10, 15, '?'), (7, 7, '?'), (7, 14, '?'), (2, 2, '?'), (10, 15, '?'), (10, 8, '?'), (2, 7, '?'), (7, 7, '?'), (2, 15, '?'), (10, 4, '?'), (10, 8, '?'), (7, 7, '?'), (7, 7, '?'), (2, 15, '?'), (7, 7, '?'), (2, 8, '?'), (10, 7, '?'), (7, 14, '?'), (10, 4, '?'), (7, 4, '?'), (7, 15, '?'), (7, 14, '?'), (2, 3, '?'), (7, 8, '?'), (2, 8, '?'), (15, 15, '?'), (2, 7, '?'), (2, 3, '?'), (10, 8, '?'), (10, 3, '?'), (2, 15, '?'), (7, 4, '?'), (7, 4, '?'), (7, 15, '?')]"
"(50, 11, 11, 0)","[(10, 2, 1), (7, 15, 1), (7, 4, 1), (7, 15, 1), (7, 4, 1), (15, 4, 1), (2, 2, 1), (7, 8, 1)]"
"(50, 13, 13, 0)","[(9, '?', '?'), (9, 14, '?'), (9, '?', '?'), (9, 8, '?'), (9, 15, '?'), (9, 15, '?'), (9, '?', '?'), (9, 14, '?'), (9, 15, '?'), (9, '?', '?'), (9, 8, '?'), (9, '?', '?'), (9, 15, '?'), (9, 8, '?'), (9, 8, '?'), (9, 15, '?'), (9, 15, '?'), (9, '?', '?'), (9, '?', '?'), (9, 8, '?'), (9, '?', '?')]"
"(50, 13, 15, 0)","[(9, 14, '?')]"
"(50, 13, 26, 0)","[(4, 14, '?'), (4, 15, '?'), (4, '?', '?')]"
"(50, 13, 41, 0)","[(4, '?', '?'), (4, '?', '?'), (4, '?', '?'), (4, 14, '?'), (4, '?', '?'), (4, '?', '?'), (4, '?', '?'), (4, 6, '?'), (4, '?', '?')]"
"(50, 14, 1, 0)","[(9, '?', 1), (9, 8, 1), (9, 8, 1), (9, '?', 1), (9, 15, 1), (9, 9, 1), (9, '?', 1), (9, 9, 1), (9, 7, 1), (9, 3, 1), (9, 8, 1), (9, 15, 1), (9, 14, 1), (9, 11, 1), (9, 8, 1), (9, 3, 1), (9, 8, 1), (9, '?', 1)]"
"(50, 14, 2, 0)","[(11, 14, 0), (12, 14, 0), (12, 15, 0), (12, 4, 1)]"
"(50, 14, 4, 0)","[(9, 3, 1), (9, 7, 0), (9, 7, 1), (9, 3, 1), (9, 15, 1), (9, 7, 1), (9, 8, 1), (9, 8, 1), (9, 14, 1), (9, 7, 1), (9, 3, 1), (9, 15, 1), (9, 15, 1), (9, 3, 1), (9, 7, 1), (9, 3, 1), (9, 4, 0)]"
"(50, 14, 11, 0)","[(2, 14, 1), (7, 14, 1), (7, 14, 1), (7, 14, 1), (7, 14, 1)]"
"(50, 14, 13, 0)","[(9, 3, 1), (9, 8, 1), (9, 14, 1), (9, 8, 1), (9, 15, 1), (9, 8, 1), (9, 14, 1), (9, 7, 1), (9, 15, 1), (9, 14, 1), (9, 14, 1), (9, '?', 1)]"
"(50, 14, 18, 0)","[(2, 14, 1), ('?', 2, 1), ('?', 14, 1), (2, 14, 1), (10, 14, 1), (15, 14, 1), ('?', 14, 1), ('?', 14, 1), (2, 14, 1)]"
"(50, 14, 20, 0)","[(4, 9, 1), (4, 7, 1), (4, '?', 1), (4, 7, 1), (4, 3, 1), (4, 7, 1), (4, 2, 1), (4, 3, 1), (4, 7, 1), (4, '?', 1), (4, 9, 1), (4, 9, 1), (4, '?', 1), (4, 9, 1), (4, 2, 1), (4, 2, 1), (4, 14, 1), (4, 15, 1), (4, 2, 1), (4, 8, 1), (4, 15, 1), (4, 4, 1), (4, 4, 1), (4, 4, 1), (4, '?', 1), (4, 14, 1), (4, 7, 1), (4, 14, 1), (4, 3, 1), (4, 3, 1), (4, 4, 1), (4, '?', 1), (4, 8, 1), (4, 8, 1), (4, 8, 1), (4, 14, 1), (4, 8, 1), (4, 9, 1), (4, 14, 1), (4, 4, 1), (4, 2, 1), (4, 14, 1), (4, 14, 1), (4, 14, 1), (4, 8, 1), (4, '?', 1), (4, '?', 1), (4, 8, 1), (4, 9, 1), (4, 8, 1), (4, 15, 1), (4, 15, 1)]"
"(50, 14, 22, 0)","[(9, '?', 1)]"
"(50, 14, 25, 0)","[(4, 2, 1), (4, 7, 1), (4, 3, 1), (4, 2, 1), (4, 14, 1), (4, 2, 1), (4, 15, 1), (4, 4, 1), (4, 3, 1), (4, 4, 1), (4, 4, 1), (4, 2, 1), (4, 7, 1), (4, 4, 1), (4, 15, 1), (4, 7, 1), (4, 4, 1), (4, 15, 1)]"
"(50, 14, 44, 0)","[(4, 15, 0), (4, 14, 0), (4, 3, 0), (4, 3, 0), (4, 14, 0), (4, 14, 0), (4, 3, 0), (4, 14, 0), (4, 15, 0), (4, 14, 0)]"
"(50, 14, 48, 0)","[(9, 15, 0), (9, 14, 0), (9, 14, 0), (9, 7, 0), (9, 14, 0), (9, 8, 0), (9, 3, 0), (9, 7, 0), (9, 15, 0), (9, 15, 0), (9, 8, 0), (9, 8, 0), (9, 8, 0), (9, 8, 0), (9, 8, 0), (9, 8, 0)]"
"(50, 14, 50, 0)","[('?', 2, 1)]"
"(50, 14, 51, 0)","[('?', 15, 1), ('?', 4, 1), ('?', 14, 1), ('?', 4, 1), (15, 14, 1), ('?', 4, 1), (8, 15, 1), ('?', 2, 1), ('?', 15, 1), ('?', 3, 1), ('?', 3, 1), ('?', 3, 1), ('?', 4, 1), ('?', 15, 1), (8, 2, 1), (8, 15, 1), ('?', 4, 1), ('?', 3, 1), ('?', 14, 1), ('?', 4, 1), ('?', 14, 1), (15, 14, 1), (8, 15, 1), (8, 2, 1), ('?', 3, 1), (2, 14, 1), (15, 14, 1), ('?', 2, 1), ('?', 15, 1), ('?', 4, 1), ('?', 3, 1), ('?', 2, 1), ('?', 15, 1), ('?', 2, 1), ('?', 3, 1), (8, 15, 1), (8, 15, 1), ('?', 15, 1), (15, 14, 1), (2, 14, 1), ('?', 3, 1), ('?', 2, 1), ('?', 15, 1), (8, 2, 1), ('?', 3, 1), ('?', 15, 1), ('?', 4, 1)]"
"(50, 15, 7, 0)","[('?', 4, '?')]"
"(50, 15, 13, 0)","[(9, 14, '?'), (9, 4, '?')]"
"(50, 15, 23, 0)","[(12, 15, '?')]"
"(50, 15, 41, 0)","[(4, 7, '?'), (4, 7, '?'), (4, 14, '?')]"
"(50, 17, 17, 0)","[(15, 4, 0), (7, 3, 0), (10, 3, 0), (2, 2, 0), (15, 4, 0), (15, 4, 0), (2, 3, 0), (15, 4, 0), (15, 4, 0), (15, 4, 0), (10, 3, 0), (7, 3, 0)]"
"(50, 18, 11, 0)","[(15, '?', 1), (2, 1, 1)]"
"(50, 18, 18, 0)","[('?', 9, 1), ('?', 9, 1), ('?', 13, 1), ('?', '?', 1), ('?', '?', 1), ('?', '?', 1), ('?', '?', 1), ('?', 9, 1), ('?', '?', 1), ('?', '?', 1), ('?', '?', 1), ('?', '?', 1)]"
"(50, 20, 50, 0)","[(5, 15, 1), (5, 15, 1), (5, 15, 1), (5, 15, 1), (5, 15, 1), (5, 3, 1), (5, 15, 1), (5, 3, 1)]"
"(50, 23, 23, 0)","[(12, 2, '?'), (11, 14, '?'), (12, 4, '?'), (11, 14, '?'), (11, 3, '?'), (12, 4, '?'), (11, 8, '?'), (11, 4, '?'), (12, 2, '?'), (11, 7, '?'), (11, 3, '?'), (12, 7, '?'), (12, 4, '?'), (11, 4, '?'), (11, 8, '?'), (11, 4, '?'), (11, 14, '?'), (11, 7, '?'), (11, 8, '?'), (12, 9, '?'), (11, 8, '?'), (12, 8, '?'), (12, 7, '?'), (12, 15, '?'), (12, 7, '?'), (12, 4, '?'), (11, 4, '?'), (12, 7, '?'), (12, 2, '?'), (12, 4, '?'), (11, 14, '?'), (12, 9, '?'), (12, 9, '?'), (11, 15, '?'), (12, 7, '?'), (11, 7, '?'), (12, 15, '?')]"
"(50, 23, 43, 0)","[(11, 4, '?'), (11, 4, '?'), (11, 4, '?'), (12, 2, '?'), (12, 2, '?'), (11, 4, '?')]"
"(50, 28, 2, 0)","[(11, 13, 0), (12, 1, 0), (11, 13, 0)]"
"(50, 28, 38, 0)","[(10, 9, 0)]"
"(50, 31, 1, 0)","[(9, 4, 0), (9, 4, 0), (9, 7, 0), (9, 3, 0), (9, 3, 0), (9, 4, 0), (9, 15, 0), (9, 15, 0), (9, '?', 0)]"
"(50, 31, 2, 0)","[(12, '?', 0), (11, 7, 0), (11, 7, 0), (12, 8, 0), (11, '?', 0), (12, 3, 0), (11, 2, 0), (11, 12, 0), (12, '?', 0), (11, 3, 0), (11, 9, 0), (11, 12, 0), (11, '?', 0), (12, '?', 0), (11, 2, 0), (12, 14, 0), (11, 3, 0), (11, 5, 0), (11, '?', 0), (12, 14, 0), (12, 2, 0), (11, 9, 0), (12, '?', 0), (12, 3, 0), (11, 4, 0), (11, 14, 0), (11, 14, 0), (11, 7, 0), (12, 13, 0), (12, '?', 0), (11, 7, 0), (11, 7, 0), (12, 2, 0), (11, 7, 0), (12, 8, 0), (12, 15, 0), (11, 3, 0), (11, '?', 0), (11, 5, 0), (11, 2, 0), (12, 4, 0), (12, '?', 0), (12, 4, 0), (11, 2, 0), (12, 4, 0), (11, 14, 0), (11, 9, 0), (12, 2, 0), (12, 15, 0), (12, 3, 0), (11, 14, 0), (12, 4, 0), (12, 4, 0), (12, '?', 0), (11, 5, 0), (11, '?', 0), (11, 4, 0), (11, 2, 0), (11, '?', 0), (12, 15, 0), (12, 2, 0), (11, 3, 0), (12, '?', 0), (12, 4, 0), (12, 2, 0), (11, 2, 0), (11, 9, 0), (11, 14, 0), (11, 10, 0), (12, 14, 0), (11, '?', 0), (11, 9, 0), (12, 2, 0), (12, 3, 0), (12, 13, 0), (12, 14, 0), (12, 5, 0), (11, 14, 0), (11, 7, 0), (11, 5, 0), (11, 3, 0), (12, 5, 0), (11, 4, 0), (12, 3, 0)]"
"(50, 31, 13, 0)","[(9, '?', 0), (9, 8, 0), (9, '?', 0), (9, 14, 0), (9, 6, 0), (9, '?', 0), (9, '?', 0), (9, 3, 0), (9, '?', 0), (9, 15, 0), (9, 15, 0), (9, 4, 0), (9, 7, 0)]"
"(50, 31, 15, 0)","[(9, 14, 0), (9, 14, 0)]"
"(50, 31, 17, 0)","[(10, 4, 0), (15, 2, 0)]"
"(50, 31, 22, 0)","[(9, 14, 0), (9, 14, 0), (9, 14, 0), (9, 4, 0), (9, 4, 0)]"
"(50, 31, 23, 0)","[(11, 15, 6)]"
"(50, 31, 26, 0)","[(4, '?', 0), (4, 4, 0), (4, 4, 0), (4, 9, 0), (4, 4, 0), (4, '?', 0), (4, 7, 0), (4, 15, 0), (4, 15, 0), (4, 4, 0), (4, 3, 0), (4, 4, 0), (4, '?', 0), (4, 3, 0), (4, 9, 0), (4, '?', 0), (4, 7, 0), (4, 7, 0), (4, 1, 0), (4, 7, 0), (4, 15, 0), (4, '?', 0), (4, '?', 0), (4, '?', 0), (4, 14, 0), (4, '?', 0), (4, 7, 0), (4, 15, 0), (4, 3, 0), (4, 3, 0), (4, 9, 0), (4, 4, 0), (4, 3, 0), (4, '?', 0), (4, 3, 0)]"
"(50, 31, 31, 0)","[(9, '?', 0), (9, 8, 0)]"
"(50, 31, 38, 0)","[(10, 9, 0), (7, '?', 0), (2, 3, 0), (2, 9, 0), (2, 3, 0), (15, 2, 0), (2, 2, 0), (7, '?', 0), (7, '?', 0), (10, 4, 0), (7, 4, 0), (10, 2, 0), (2, '?', 0), (10, 9, 0), (2, 7, 0), (15, '?', 0), (15, 2, 0), (10, 4, 0), (2, 3, 0), (7, 8, 0), (10, 15, 0), (10, 3, 0), (10, 15, 0), (10, 3, 0), (7, 3, 0), (15, '?', 0), (7, 4, 0), (2, 4, 0), (7, 4, 0), (2, 2, 0), (2, '?', 0), (2, '?', 0), (15, 2, 0), (2, 3, 0), (10, 7, 0), (7, 3, 0), (7, '?', 0), (2, 4, 0), (10, 14, 0), (10, 14, 0), (7, 14, 0), (7, 14, 0), (10, 14, 0), (15, '?', 0), (7, 14, 0), (2, '?', 0), (2, '?', 0), (7, 3, 0), (10, '?', 0), (10, '?', 0), (15, 15, 0), (2, 4, 0), (7, 4, 0), (10, 8, 0), (10, 8, 0), (10, 7, 0), (2, 4, 0), (10, 4, 0), (7, 14, 0), (2, 9, 0), (10, 2, 0), (7, '?', 0), (10, 15, 0), (7, 15, 0), (7, 4, 0), (15, 2, 0), (15, '?', 0), (7, '?', 0), (2, 9, 0), (2, '?', 0), (2, 4, 0), (2, 2, 0), (15, 6, 0), (2, 14, 0), (10, '?', 0), (2, 4, 0)]"
"(50, 31, 41, 0)","[(4, 15, 0), (4, 15, 0), (4, 14, 0)]"
"(50, 31, 48, 0)","[(9, 8, 0), (9, 3, 0)]"
"(50, 31, 50, 0)","[('?', 7, 0)]"
"(50, 31, 51, 0)","[('?', 14, 0), ('?', 8, 0), ('?', 8, 0), ('?', 3, 0), ('?', 7, 0), ('?', 8, 0), ('?', 15, 0), ('?', 3, 0), ('?', 14, 0), ('?', 2, 0), ('?', 2, 0), ('?', 8, 0), ('?', 2, 0), ('?', 7, 0), ('?', 2, 0), ('?', 3, 0), ('?', 3, 0)]"
"(50, 38, 11, 0)","[(10, 9, 0), (15, '?', 0)]"
"(50, 38, 17, 0)","[(2, 2, 0), (15, 4, 0), (10, 2, 0), (15, 2, 0), (10, 2, 0), (2, 4, 0), (2, 2, 0)]"
"(50, 38, 38, 0)","[(10, '?', 0), (10, '?', 0)]"
"(50, 39, 7, 0)","[('?', 9, '?'), ('?', 9, '?'), ('?', 9, '?'), ('?', 9, '?'), ('?', 9, '?')]"
"(50, 39, 23, 0)","[(11, '?', '?'), (11, '?', '?'), (11, '?', '?'), (12, '?', '?'), (12, '?', '?'), (11, '?', '?'), (12, '?', '?'), (11, 15, '?'), (11, 15, '?'), (12, 1, '?'), (11, '?', '?'), (11, 15, '?'), (11, '?', '?'), (12, '?', '?'), (11, 3, '?'), (12, '?', '?')]"
"(50, 39, 39, 0)","[('?', 9, '?'), ('?', 9, '?')]"
"(50, 39, 43, 0)","[(2, '?', '?'), (10, '?', '?'), (2, '?', '?'), (2, '?', '?'), (2, '?', '?'), (2, '?', '?'), (10, '?', '?'), (2, 9, '?'), (10, '?', '?'), (2, '?', '?'), (10, '?', '?'), (2, '?', '?'), (2, 9, '?'), (10, '?', '?'), (10, '?', '?'), (10, 6, '?'), (2, 15, '?'), (2, 9, '?'), (2, '?', '?'), (2, '?', '?'), (10, '?', '?')]"
"(50, 43, 17, 0)","[(15, '?', '?')]"
"(50, 43, 43, 0)","[(15, 14, '?'), (15, '?', '?'), (15, '?', '?'), (15, '?', '?'), (15, 2, '?'), (15, '?', '?'), (2, 2, '?'), (15, '?', '?'), (15, 7, '?'), (15, 9, '?'), (15, 14, '?'), (15, 9, '?'), (15, 8, '?'), (15, 15, '?'), (15, 9, '?'), (15, 15, '?'), (15, 2, '?'), (15, '?', '?'), (15, 15, '?'), (15, 15, '?'), (10, 4, '?'), (10, '?', '?')]"
"(50, 48, 4, 0)","[(9, 4, '?'), (9, 14, '?'), (9, 8, '?'), (9, 8, '?'), (9, 2, '?'), (9, 4, '?'), (9, 2, '?'), (9, 2, '?'), (9, 14, '?'), (9, 7, '?'), (9, 4, '?'), (9, 2, '?'), (9, 2, '?')]"
"(50, 48, 7, 0)","[('?', 4, '?'), ('?', 4, '?'), ('?', 2, '?'), ('?', 4, '?'), ('?', 2, '?'), ('?', 4, '?'), ('?', 2, '?'), ('?', 2, '?'), ('?', 4, '?'), ('?', 2, '?'), ('?', 2, '?'), ('?', 2, '?'), ('?', 15, '?'), ('?', 7, '?'), ('?', 2, '?'), ('?', 4, '?')]"
"(50, 48, 13, 0)","[(9, 4, '?'), (9, 2, '?'), (9, 7, '?'), (9, 14, '?'), (9, 8, '?'), (9, 15, '?'), (9, 14, '?'), (9, 14, '?'), (9, 2, '?'), (9, 7, '?')]"
"(50, 48, 15, 0)","[(9, 7, '?'), (9, 4, '?'), (9, 4, '?'), (9, 7, '?'), (9, 4, '?')]"
"(50, 48, 22, 0)","[(9, 15, '?')]"
"(50, 48, 29, 0)","[(4, 14, '?'), (4, 8, '?'), (4, 2, '?'), (4, 15, '?'), (4, 8, '?'), (4, 8, '?')]"
"(50, 48, 41, 0)","[(4, 8, '?'), (4, 14, '?'), (4, 8, '?'), (4, 15, '?'), (4, 8, '?'), (4, 15, '?'), (4, 7, '?'), (4, 15, '?'), (4, 7, '?'), (4, 7, '?'), (4, 14, '?'), (4, 2, '?'), (4, 15, '?'), (4, 8, '?'), (4, 2, '?'), (4, 2, '?')]"
"(50, 48, 44, 0)","[(4, 2, '?'), (4, 15, '?'), (4, 2, '?'), (4, 15, '?'), (4, 2, '?'), (4, 2, '?'), (4, 14, '?'), (4, 8, '?'), (4, 8, '?'), (4, 14, '?'), (4, 14, '?'), (4, 15, '?'), (4, 7, '?')]"
"(50, 49, 1, 0)","[(9, 9, 0), (9, 9, 0), (9, 6, 0), (9, 12, 0), (9, 10, 0), (9, 5, 0)]"
"(50, 49, 2, 0)","[(11, 5, 0), (12, 12, 0)]"
"(50, 49, 38, 0)","[(2, 12, 0), (10, 12, 0), (7, 6, 0), (7, 9, 0), (10, 12, 0), (7, 6, 0), (2, 6, 0), (2, 12, 0), (10, 12, 0), (10, 12, 0), (7, 9, 0), (7, 6, 0), (2, 12, 0), (15, 12, 0), (15, 12, 0), (7, 6, 0), (2, 6, 0), (10, 11, 0), (7, 9, 0), (2, '?', 0), (2, 12, 0)]"
"(50, 49, 49, 0)","[('?', 9, 0), ('?', 9, 0), ('?', 12, 0), ('?', 9, 0), ('?', 9, 0)]"
"(50, 50, 1, 0)","[(9, 3, 0), (9, 4, 0)]"
"(50, 50, 11, 0)","[(2, 2, 0)]"
"(50, 50, 15, 0)","[(9, 7, 0)]"
"(50, 50, 17, 0)","[(7, 8, 0), (7, 15, 0), (2, 7, 0), (10, 15, 0), (2, 7, 0), (2, 2, 0), (7, 14, 0), (15, 8, 0), (10, 3, 0), (7, 3, 0)]"
"(50, 50, 38, 0)","[(10, 15, 0), (7, 15, 0), (15, 8, 0), (10, 8, 0), (2, 3, 0), (10, 4, 0)]"
"(50, 50, 51, 0)","[('?', 7, 0), ('?', 15, 0), ('?', 7, 0), ('?', 8, 0)]"
"(50, 51, 2, 0)","[(12, 8, 0), (12, 8, 0), (12, 14, 0), (12, 8, 0), (12, 8, 0), (12, 14, 0), (12, 14, 0), (12, 8, 0), (12, 8, 0), (11, 14, 0), (12, 8, 0), (11, 14, 0), (11, 14, 0), (12, 15, 0)]"
"(50, 51, 11, 0)","[(2, 7, 0), (10, 15, 0)]"
"(50, 51, 17, 0)","[(10, 3, 0), (15, 8, 0), (7, 8, 0), (15, 8, 0), (10, 14, 0), (2, 7, 0), (15, 8, 0), (10, 7, 0), (7, 14, 0), (10, 14, 0), (10, 3, 0), (7, 14, 0), (10, 7, 0), (7, 15, 0), (10, 4, 0), (15, 15, 0), (15, 8, 0), (10, 4, 0), (15, 15, 0), (10, 8, 0), (15, 8, 0), (15, 15, 0), (15, 15, 0), (15, 15, 0), (2, 14, 0), (10, 15, 0), (10, 7, 0), (7, 8, 0), (15, 15, 0), (10, 7, 0), (10, 14, 0), (15, 8, 0), (10, 8, 0), (10, 2, 0), (7, 8, 0), (7, 4, 0), (2, 4, 0), (7, 8, 0), (10, 14, 0), (15, 15, 0), (10, 3, 0), (7, 8, 0)]"
"(50, 51, 20, 0)","[(4, 4, 0)]"
"(50, 51, 26, 0)","[(4, 7, 0), (4, 7, 0), (4, 7, 0), (4, 4, 0)]"
"(50, 51, 38, 0)","[(10, 15, 0), (7, 8, 0), (7, 14, 0), (2, 4, 0), (15, 8, 0), (2, 14, 0), (10, 8, 0), (2, 14, 0), (7, 15, 0), (2, 14, 0), (7, 14, 0), (10, 8, 0), (2, 14, 0)]"
"(50, 51, 51, 0)","[('?', 15, 0), ('?', 8, 0), ('?', 7, 0), ('?', 3, 0), ('?', 14, 0), ('?', 8, 0), ('?', 3, 0), ('?', 14, 0), ('?', 2, 0), ('?', 3, 0), ('?', 14, 0), ('?', 8, 0), ('?', 2, 0), ('?', 15, 0), ('?', 14, 0), ('?', 15, 0), ('?', 7, 0), ('?', 2, 0), ('?', 7, 0), ('?', 15, 0), ('?', 14, 0), ('?', 14, 0), ('?', 14, 0)]"
"(51, 7, 7, 0)","[('?', 3, '?'), ('?', 7, '?'), ('?', 7, '?'), ('?', 3, '?'), ('?', 14, '?'), ('?', 14, '?'), ('?', 3, '?'), ('?', 3, '?'), ('?', 7, '?'), ('?', 14, '?'), ('?', 14, '?'), ('?', 3, '?'), ('?', 3, '?'), ('?', 14, '?'), ('?', 7, '?'), ('?', 7, '?')]"
"(51, 7, 43, 0)","[(2, 7, '?'), (2, 14, '?'), (10, 8, '?'), (2, 2, '?'), (10, 3, '?'), (7, 8, '?'), (10, 7, '?'), ('?', 8, '?'), (2, 14, '?'), (10, 4, '?'), (7, 14, '?'), (2, 14, '?'), (2, 7, '?'), (2, 7, '?'), (10, 7, '?'), (10, 3, '?'), (2, 14, '?'), (7, 15, '?'), (2, 14, '?'), (7, 8, '?'), (2, 15, '?'), (2, 8, '?'), (7, 4, '?'), (7, 4, '?'), (2, 3, '?'), (7, 8, '?'), (15, 14, '?')]"
"(51, 14, 51, 0)","[('?', 4, 1), (15, 14, 1), (15, 14, 1), (8, 3, 1)]"
"(51, 15, 7, 0)","[('?', 8, '?')]"
"(51, 17, 17, 0)","[(10, 7, 0)]"
"(51, 23, 23, 0)","[(12, 8, '?'), (12, 15, '?'), (11, 7, '?'), (11, 15, '?'), (12, 15, '?'), (11, 8, '?'), (12, 3, '?'), (12, 8, '?'), (12, 3, '?'), (12, 3, '?'), (12, 8, '?'), (11, 8, '?')]"
"(51, 23, 43, 0)","[(12, 8, '?'), (12, 3, '?'), (11, 4, '?'), (12, 7, '?'), (12, 2, '?'), (11, 8, '?'), (11, 8, '?'), (12, 8, '?'), (12, 4, '?'), (11, 7, '?'), (12, 4, '?'), (11, 4, '?'), (11, 3, '?'), (11, 7, '?'), (12, 7, '?'), (12, 3, '?'), (12, 3, '?'), (12, 2, '?'), (11, 7, '?'), (12, 4, '?'), (12, 7, '?'), (12, 15, '?'), (11, 7, '?'), (11, 8, '?'), (12, 8, '?'), (11, 7, '?'), (12, 4, '?'), (11, 7, '?'), (11, 3, '?'), (12, 15, '?'), (12, 4, '?'), (12, 8, '?'), (11, 15, '?')]"
"(51, 43, 17, 0)","[(15, 3, '?'), (10, 3, '?'), (15, 3, '?')]"
"(51, 43, 43, 0)","[(15, 7, '?'), (15, 3, '?'), (2, 2, '?'), (10, 3, '?'), (15, 3, '?'), (7, 8, '?'), (15, 7, '?'), (15, 14, '?'), (10, 15, '?'), (15, 15, '?'), (2, 7, '?'), (2, 3, '?'), (15, 7, '?'), (10, 15, '?'), (15, 14, '?'), (10, 15, '?'), (15, 7, '?'), (15, 8, '?'), (10, 7, '?'), (10, 7, '?'), (15, 14, '?'), (2, 7, '?'), (15, 8, '?'), (15, 8, '?'), (15, 15, '?'), (15, 14, '?'), (15, 15, '?'), (10, 15, '?'), (15, 2, '?'), (2, 2, '?'), (7, 7, '?'), (15, 2, '?'), (15, 3, '?'), (15, 8, '?'), (15, 7, '?'), (7, 4, '?'), (7, 15, '?'), (2, 8, '?'), (10, 15, '?'), (7, 7, '?'), (2, 15, '?'), (2, 2, '?'), (10, 15, '?'), (15, 8, '?'), (15, 8, '?'), (10, 4, '?'), (15, 2, '?'), (2, 8, '?'), (7, 7, '?'), (2, 15, '?'), (10, 7, '?'), (10, 3, '?'), (10, 4, '?'), (2, 15, '?'), (10, 3, '?'), (7, 7, '?'), (15, 2, '?'), (2, 14, '?'), (10, 7, '?'), (15, 14, '?'), (15, 7, '?'), (10, 7, '?'), (7, 8, '?'), (2, 8, '?'), (7, 8, '?'), (15, 7, '?'), (2, 8, '?'), (2, 3, '?'), (2, 8, '?'), (15, 3, '?'), (15, 14, '?'), (2, 2, '?')]"
"(51, 48, 7, 0)","[('?', 4, '?'), ('?', 8, '?'), ('?', 8, '?'), ('?', 8, '?'), ('?', 8, '?')]"
"(51, 51, 7, 0)","[('?', 3, '?'), ('?', 8, '?')]"
