message,concepts
"(1, 1, 2, 1, 0)","[(5, 1, 1, 7), (5, 1, 1, 7)]"
"(1, 1, 22, 1, 0)","[(5, 6, '?', 7), (5, 2, '?', 7)]"
"(1, 2, 1, 1, 0)","[(5, 6, '?', 7)]"
"(1, 2, 2, 1, 0)","[(5, 1, '?', 7)]"
"(1, 2, 2, 2, 0)","[(6, 6, '?', 3), (6, 1, '?', 3), (6, 1, '?', 3), (6, 1, '?', 3), (6, 1, '?', 3)]"
"(1, 2, 2, 9, 0)","[(6, 6, '?', 7), (6, 6, '?', 7), (6, 1, 1, 7), (6, 1, '?', 7), (6, 1, '?', 7), (6, 6, '?', 7)]"
"(1, 2, 2, 14, 0)","[(6, 6, 5, 7), (6, 6, 5, 7)]"
"(1, 2, 2, 21, 0)","[(5, 1, '?', 4)]"
"(1, 2, 2, 22, 0)","[(6, 1, '?', 4), (5, 1, '?', 4), (6, 1, '?', 4)]"
"(1, 2, 2, 25, 0)","[(5, 6, '?', 3)]"
"(1, 3, 2, 1, 0)","[(5, 1, '?', 7)]"
"(1, 3, 2, 21, 0)","[(5, 6, '?', 4)]"
"(1, 3, 2, 25, 0)","[(5, 1, '?', 3), (5, 6, '?', 3)]"
"(1, 3, 4, 2, 0)","[(5, 6, 6, 3)]"
"(1, 3, 9, 1, 0)","[(5, 2, 3, 7)]"
"(1, 3, 9, 9, 0)","[(6, '?', '?', 7)]"
"(1, 3, 18, 4, 0)","[(5, 0, 2, 4)]"
"(1, 3, 22, 25, 0)","[(5, 3, '?', 3), (5, 1, '?', 3), (5, 6, 5, 3)]"
"(1, 4, 2, 1, 0)","[(5, 6, 6, 7), (5, 1, 6, 7), (5, 1, 6, 7), (5, 1, 6, 7), (5, 4, 6, 7), (5, 1, 6, 7)]"
"(1, 4, 2, 2, 0)","[(6, 4, 6, 3), (5, 4, 6, 3), (6, 6, 6, '?'), (6, 4, 6, 3), (6, 4, 6, 3), (6, 1, 6, 3), (6, 1, 6, 3), (6, 1, 6, 3), (5, 1, 6, 3)]"
"(1, 4, 2, 9, 0)","[(6, 4, 6, 7), (6, 4, 6, 7), (6, 6, 6, 7)]"
"(1, 4, 2, 21, 0)","[(5, 1, 6, 4), (5, 4, 6, 4), (5, 1, 6, 4), (5, 4, 6, 4), (5, 1, 6, 4), (5, 4, 6, 4)]"
"(1, 4, 2, 22, 0)","[(5, 6, 6, 4), (6, 6, 6, 4), (6, 6, 6, 4), (6, 6, 6, 4), (5, 6, 6, 4)]"
"(1, 4, 2, 25, 0)","[(5, 6, 6, 3), (5, 6, 6, 3), (5, 1, 6, 3), (5, 4, 6, 3), (5, 4, 6, 3), (5, 1, 6, 3), (5, 1, 6, 3), (5, 1, 6, 3), (5, 6, 6, 3)]"
"(1, 4, 4, 1, 0)","[(5, 0, 6, 7), (5, 0, 6, 7)]"
"(1, 4, 4, 9, 0)","[(6, 5, 6, 7), (6, 0, 6, 7), (6, 5, 6, 7), (6, 0, 6, 7), (5, 0, 6, 7), (5, 0, 6, 7), (6, 5, 6, 7), (6, 5, 0, 7)]"
"(1, 4, 4, 17, 0)","[(6, 5, 6, 7)]"
"(1, 4, 4, 22, 0)","[(6, 5, 6, 4), (5, 0, 6, 4), (5, 0, 6, 4), (5, 0, 6, 4)]"
"(1, 4, 4, 25, 0)","[(5, 5, 6, 3), (5, 5, 6, 3), (5, 0, 6, 3), (5, 5, 6, 3), (5, 0, 6, 3), (5, 5, 6, 3)]"
"(1, 4, 6, 1, 0)","[(5, 2, 6, 7), (5, 7, 6, 7), (5, 7, 6, 7), (5, 3, 6, 7), (5, 7, 6, 7), (5, 2, 6, 7)]"
"(1, 4, 6, 2, 0)","[(6, 2, 6, 3), (6, 2, 6, 3), (6, 2, 6, 3), (6, 7, 6, 3), (6, 3, 6, 3), (6, 3, 6, 3)]"
"(1, 4, 6, 9, 0)","[(6, 3, 6, 7), (6, 3, 6, 7), (6, 7, 6, 7), (6, 7, 6, 7), (6, 2, 6, 7)]"
"(1, 4, 6, 21, 0)","[(5, 2, 6, 4), (5, 2, 6, 4), (5, 2, 6, 4), (5, 7, 6, 4), (5, 7, 6, 4), (5, 3, 6, 4), (5, 7, 6, 4), (5, 7, 6, 4)]"
"(1, 4, 6, 22, 0)","[(5, 3, 6, 4), (5, 3, 6, 4), (5, 7, 6, 4), (5, 3, 6, 4), (6, 7, 6, 3)]"
"(1, 4, 6, 25, 0)","[(5, 2, 6, 3)]"
"(1, 4, 9, 1, 0)","[(5, 3, 6, 7)]"
"(1, 4, 9, 9, 0)","[(6, 5, 6, 7), (6, 0, '?', 7)]"
"(1, 4, 22, 1, 0)","[(5, '?', 6, 7)]"
"(1, 4, 22, 2, 0)","[(6, 5, 6, 3), (6, 3, 6, 3), (6, 0, 6, 3), (6, '?', 6, 3), (6, 2, 6, 3), (5, 0, 6, 3), (6, 3, 6, 3), (6, '?', 6, 3), (6, 5, 6, 3), (6, 0, 6, 3), (6, 2, 6, 3), (6, 3, 6, 3), (6, 3, 6, 3), (6, '?', 6, 3), (6, 5, 6, 3), (6, 5, 6, 3), (6, 5, 6, 3), (5, 2, 6, 3), (5, 0, 6, 3), (6, 0, 6, 3), (6, 2, 6, 3), (5, 0, 6, 3), (6, 7, 6, 3), (6, 3, 6, 3), (6, 7, 6, 3), (5, '?', 6, 3), (6, 0, 6, 3), (6, 3, 6, 3), (6, '?', 6, 3), (6, 7, 6, 3)]"
"(1, 4, 22, 4, 0)","[(5, 0, 6, 4), (6, 0, 6, 3)]"
"(1, 4, 22, 6, 0)","[(6, 7, 6, 3), (6, 7, 6, 3)]"
"(1, 4, 22, 9, 0)","[(6, 5, 6, 7), (6, 0, 6, 7), (6, '?', 6, 7), (6, 3, 6, 7), (6, 2, 6, 7), (6, '?', 6, 7), (6, '?', 6, 7)]"
"(1, 4, 22, 21, 0)","[(5, 2, 6, 4), (5, 2, 6, 4), (5, 2, 6, 4), (5, '?', 6, 4), (5, 1, 6, 4), (5, 7, 6, 4)]"
"(1, 4, 22, 22, 0)","[(5, 4, 6, 4), (6, '?', 6, 4), (6, 3, 6, 4), (6, '?', 6, 4), (6, 0, 6, 4), (6, 5, 6, 4), (6, '?', 6, 4), (6, '?', 6, 4), (6, 3, 6, 4), (5, 4, 6, 4), (6, 4, 6, 3), (6, 5, 6, 4)]"
"(1, 4, 22, 25, 0)","[(5, 0, 6, 3), (5, 5, 6, 3), (5, 5, 6, 3), (5, 0, 6, 3), (5, 5, 6, 3), (5, '?', 6, 3), (5, 6, 6, 3), (5, '?', 6, 3), (5, '?', 6, 3), (5, 4, 6, 3), (5, 0, 6, 3), (5, '?', 6, 3), (5, 6, 6, 3), (5, 5, 6, 3), (5, 4, 6, 3), (5, '?', 6, 3), (5, 2, 6, 3)]"
"(1, 5, 1, 1, 0)","[(5, 3, 1, 7)]"
"(1, 5, 2, 1, 0)","[(5, 4, 1, 7), (5, 4, 1, 7), (5, 4, 5, 7)]"
"(1, 5, 2, 2, 0)","[(6, 1, 5, 3), (6, 1, 5, 3), (6, 6, 5, 3), ('?', 6, 5, 3), (6, 1, 5, 3), (6, 1, 5, 3), (6, 6, 5, 3), (6, 6, 1, 3), (6, 6, 5, 3), (6, 1, 5, 3), (6, 6, 1, 3)]"
"(1, 5, 2, 5, 0)","[(6, 6, 5, 4), (6, 4, 5, 3), (6, 4, 5, 4), (6, 6, 5, 4), (6, 6, 5, 4), (6, 6, 5, 4), (6, 6, 5, 4)]"
"(1, 5, 2, 9, 0)","[(6, 4, 1, 7)]"
"(1, 5, 2, 14, 0)","[(6, 6, 5, 7)]"
"(1, 5, 2, 21, 0)","[(5, 1, 1, 4), (5, 1, 1, 4), (5, 6, 1, 4), (5, 6, 1, 4), (5, 1, 1, 4), (5, 1, 1, 4), (5, 6, 1, 4), (5, 6, 5, 4), (5, 6, 5, 4), (5, 6, 1, 4)]"
"(1, 5, 2, 22, 0)","[(6, 1, 1, 4), (6, 4, 1, 4), (6, 1, 1, 4), (6, 1, 1, 4)]"
"(1, 5, 2, 25, 0)","[(5, 1, 5, 3), (5, 1, 1, 3), (5, 6, 1, 3), (5, 1, 5, 3), (5, 6, 5, 3), (5, 6, 1, 3), (5, 1, 1, 3), (5, 6, 5, 3), (5, 1, 1, 3), (5, 6, 5, 3), (5, 1, 1, 3), (5, 1, 1, 3), (5, 1, 1, 3)]"
"(1, 5, 4, 1, 0)","[(5, 5, 1, 7), (5, 5, 1, 7), (5, 5, 5, 7), (5, 5, 5, 7), (5, 5, 5, 7), (5, 0, 5, 7), (5, 0, 5, 7), (5, 5, 5, 7), (5, 0, 5, 7), (5, 5, 1, 7), (5, 5, 5, 7), (5, 5, 1, 7), (5, 5, 1, 7), (5, 5, 5, 7)]"
"(1, 5, 4, 2, 0)","[(6, 5, 1, 3), (6, 5, 1, 3), (6, 5, 5, 3), (6, 5, 1, 3), (6, 5, 1, 3), (6, 5, 1, 3), (6, 5, 1, 3)]"
"(1, 5, 4, 9, 0)","[(6, 5, 5, 7)]"
"(1, 5, 4, 14, 0)","[(6, 0, 5, 7), (6, 5, 5, 7), (6, 0, 5, 7), (6, 0, 5, 7), (6, 0, 5, 7), (6, 0, 5, 7), (6, 0, 5, 7), (6, 5, 5, 7)]"
"(1, 5, 4, 21, 0)","[(5, 0, 5, 4), (5, 5, 5, 4), (5, 5, 5, 4), (5, 5, 5, 4), (5, 5, 1, 4), (5, 5, 1, 4), (5, 0, 1, 4), (5, 5, 5, 4), (5, 5, 5, 4), (5, 5, 1, 4), (5, 0, 1, 4), (5, 5, 1, 4), (5, 0, 5, 4)]"
"(1, 5, 4, 22, 0)","[(6, 5, 1, 4), (5, 0, 1, 4)]"
"(1, 5, 4, 25, 0)","[(5, 5, 1, 3), (5, 0, 5, 3), (5, 0, 5, 3), (5, 5, 1, 3), (5, 0, 1, 3), (5, 0, 5, 3), (5, 0, 1, 3), (5, 5, 1, 3), (5, 5, 1, 3), (5, 5, 1, 3), (5, 0, 1, 3), (5, 5, 5, 3), (5, 5, 1, 3), (5, 0, 5, 3), (5, 0, 1, 3), (5, 0, 5, 3), (5, 0, 5, 3), (5, 5, 5, 3), (5, 5, 1, 3), (5, 0, 1, 3), (5, 5, 5, 3), (5, 0, 1, 3), (5, 5, 5, 3), (5, 0, 5, 3)]"
"(1, 5, 5, 2, 0)","[(6, 2, 5, 3), (6, '?', 5, 3), (6, 4, 5, 3), (6, '?', 5, 3), (6, 5, 5, 3), (6, 3, 5, 3), (6, 4, 5, 3), (6, 4, 5, 3), (6, '?', 5, 3), (6, 6, 5, 3), (6, 3, 5, 3), (6, 6, 5, 3), (6, 0, 5, 3), (6, '?', 5, 3), (6, '?', 5, 3), (6, 3, 5, 3), (6, 3, 5, 3), (6, '?', 5, 3), (6, 3, 5, 3), (6, 5, 5, 3), (6, 2, 5, 3), (6, '?', 5, 3), (6, 4, 5, 3), (6, 3, 5, 3)]"
"(1, 5, 5, 3, 0)","[(5, 0, 5, 4)]"
"(1, 5, 5, 9, 0)","[(6, 5, 5, 7), (6, 2, 5, 7)]"
"(1, 5, 5, 21, 0)","[(5, 2, 5, 4), (5, '?', 5, 4), (5, 3, 5, 4), (5, '?', 5, 4), (5, 7, 5, 4), (5, 7, 5, 4), (5, '?', 5, 4), (5, '?', 5, 4), (5, '?', 5, 4), (5, '?', 5, 4), (5, 2, 5, 4), (5, 1, 5, 4)]"
"(1, 5, 5, 22, 0)","[(6, 2, 5, 4), (6, 7, 5, 7), (6, 4, 5, 4), (6, 7, 5, 4), (6, '?', 5, 4), (6, 2, 5, 4), (6, 3, 5, 4), (6, 4, 5, 4)]"
"(1, 5, 5, 25, 0)","[(5, 2, 5, 3), (5, 7, 5, 3), (5, 0, 5, 3), (5, 2, 5, 3), (5, 0, 5, 3), (5, '?', 5, 3), (5, 2, 5, 3), (5, 2, 5, 3), (5, '?', 5, 3), (5, 2, 5, 3), (5, 7, 5, 3), (5, 3, 5, 3), (5, 3, 5, 3), (5, 2, 5, 3), (5, 7, 5, 3)]"
"(1, 5, 6, 1, 0)","[(5, 2, 1, 7), (5, 7, 1, 7), (5, 7, 1, 7), (5, 7, 1, 7), (5, 7, 1, 7), (5, 7, 1, 7), (5, 7, 1, 7), (5, 3, 1, 7), (5, 2, 1, 7)]"
"(1, 5, 6, 2, 0)","[(6, 2, 5, 3), (6, 3, 1, 3), (6, 2, 1, 3), (6, 7, 1, 3), (6, 7, 1, 3), (6, 3, 1, 3), (6, 2, 1, 3), (6, 2, 5, 3), (6, 3, 5, 3), (6, 3, 1, 3), (6, 7, 1, 3), (6, 7, 1, 3), (6, 7, 1, 3), (6, 3, 1, 3), (6, 3, 5, 3), (6, 2, 1, 3), (6, 3, 1, 3), (6, 3, 1, 3), (6, 7, 1, 3), (6, 2, 5, 3), (6, 2, 1, 3), (6, 7, 1, 3)]"
"(1, 5, 6, 3, 0)","[(5, 7, 5, 4), (5, 3, 5, 4)]"
"(1, 5, 6, 5, 0)","[(6, 7, 5, 4), (6, 7, 5, 4), (6, 3, 5, '?'), (6, 7, 5, 4), (6, 3, 5, 4), (6, 3, 5, 4), (6, 7, 5, 4)]"
"(1, 5, 6, 9, 0)","[(6, 7, 1, 7), (6, 3, 1, 7), (6, 7, 1, 7), (6, 2, 1, 7), (6, 3, 1, 7), (6, 2, 1, 7), (6, 7, 1, 7), (6, 7, 1, 7), (6, 2, 1, 7), (6, 7, 1, 7), (6, 2, 1, 7), (6, 3, 1, 7)]"
"(1, 5, 6, 14, 0)","[(6, 7, 5, 7), (6, 7, 5, 7), (6, 3, 5, 7)]"
"(1, 5, 6, 21, 0)","[(5, 2, 5, 4), (5, 3, 1, 4), (5, 7, 1, 4), (5, 2, 1, 4), (5, 7, 1, 4), (5, 2, 5, 4), (5, 7, 5, 4), (5, 3, 1, 4), (5, 2, 5, 4), (5, 3, 5, 4), (5, 7, 5, 4), (5, 2, 5, 4), (5, 2, 1, 4), (5, 2, 1, 4), (5, 3, 5, 4), (5, 3, 5, 4), (5, 7, 1, 4), (5, 7, 5, 4), (5, 3, 1, 4), (5, 2, 5, 4), (5, 3, 1, 4), (5, 7, 5, 4)]"
"(1, 5, 6, 22, 0)","[(6, 3, 1, 4), (6, 7, 1, 4), (6, 2, 1, 4), (6, 3, 1, 4), (6, 3, 1, 4), (6, 7, 1, 4), (6, 7, 1, 4), (6, 7, 1, 4)]"
"(1, 5, 6, 25, 0)","[(5, 7, 5, 3), (5, 3, 1, 3), (5, 3, 1, 3), (5, 2, 1, 3), (5, 3, 5, 3), (5, 3, 5, 3), (5, 2, 1, 3), (5, 3, 5, 3), (5, 2, 1, 3), (5, 2, 1, 3), (5, 7, 1, 3), (5, 2, 1, 3), (5, 2, 5, 3), (5, 7, 1, 3), (5, 7, 5, 3), (5, 2, 5, 3), (5, 7, 1, 3), (5, 3, 5, 3), (5, 3, 1, 3), (5, 7, 1, 3), (5, 7, 1, 3), (5, 3, 5, 3), (5, 3, 1, 3), (5, 7, 1, 3), (5, 2, 1, 3)]"
"(1, 5, 9, 1, 0)","[(5, 3, 1, 7), (5, '?', 1, 7), (5, '?', 1, 7), (5, 6, 1, 7), (5, 4, 1, 7), (5, 6, 1, 7)]"
"(1, 5, 9, 9, 0)","[(6, 4, 1, 7), (6, 4, 1, 7), (6, '?', 1, 7), (6, 4, 1, 7), (6, 4, 1, 7), (6, 4, 1, 7), (6, '?', 1, 7), (6, 1, 1, 7), (6, 1, 1, 7), (6, '?', 1, 7), (6, '?', 1, 7)]"
"(1, 5, 14, 1, 0)","[(5, 2, 5, 7), (5, 0, 5, 7), (5, 2, 5, 7), (5, 2, 5, 7), (5, 4, 5, 7), (5, '?', 5, 7)]"
"(1, 5, 14, 6, 0)","[(6, 3, 5, 7)]"
"(1, 5, 14, 9, 0)","[(6, '?', 5, 7), (6, 2, 5, 7), (6, 3, 5, 7), (6, 2, 5, 7), (6, 6, 5, 7), (6, 2, 5, 7), (6, 5, 5, 7), (6, '?', 5, 7), (6, 4, 5, 7), (6, 5, 5, 7), (6, 3, 5, 7), (6, 5, 5, 7)]"
"(1, 5, 17, 9, 0)","[(6, '?', 1, 7)]"
"(1, 5, 22, 2, 0)","[(6, 4, 1, 3), (6, '?', 1, 3), (6, 5, 1, 3), (6, 5, 1, 3), (6, 6, 1, 3), (6, 4, 1, 3), (6, 3, 1, 3), (6, 6, 1, 3), (6, 6, 1, 3), (6, 4, 1, 3), (6, 4, 1, 3), (6, 6, 1, 3), (6, '?', 1, 3), (6, '?', 1, 3), (6, '?', 1, 3), (6, 6, 1, 3), (6, 4, 1, 3), (6, 5, 5, 3), (6, 3, 1, 3)]"
"(1, 5, 22, 9, 0)","[(6, '?', 1, 7), (6, 3, 1, 7)]"
"(1, 5, 22, 21, 0)","[(5, '?', 1, 4), (5, 3, 1, 4), (5, '?', 1, 4), (5, 2, 1, 4), (5, 7, 1, 4), (5, '?', 1, 4), (5, 2, 1, 4), (5, 1, 1, 4), (5, '?', 1, 4), (5, 7, 1, 4)]"
"(1, 5, 22, 22, 0)","[(6, 3, 1, 4), (6, 3, 1, 4), (6, 4, 1, 4), (6, 4, 1, 4), (6, 2, 1, 4), (6, 4, 1, 4)]"
"(1, 5, 22, 25, 0)","[(5, 4, 1, 3), (5, '?', 1, 3), (5, 7, 1, 3), (5, 6, 1, 3), (5, 4, 1, 3), (5, '?', 1, 3), (5, 1, 1, 3), (5, 3, 1, 3), (5, 4, 1, 3), (5, 3, 1, 3), (5, '?', 1, 3), (5, 4, 1, 3), (5, 2, 1, 3), (5, '?', 1, 3), (5, 1, 1, 3), (5, 7, 1, 3), (5, 4, 1, 3), (5, '?', 1, 3), (5, '?', 1, 3), (5, '?', 1, 3)]"
"(1, 5, 25, 25, 0)","[(5, 6, 1, 3), (5, 6, 1, 3), (5, 5, 1, 3), (5, '?', 5, 3)]"
"(1, 6, 2, 1, 0)","[(5, 6, 0, 7), (4, 4, 0, 7), (5, 6, 0, 7), (5, 6, 0, 7), (5, 6, 0, 7)]"
"(1, 6, 2, 2, 0)","[(6, 1, 0, 3), (6, 1, 0, 3), (6, 1, 0, 3), (6, 4, 0, 3), (6, 4, 0, 3), (6, 1, 0, 3), (6, 6, 0, 3), (6, 4, 0, 3)]"
"(1, 6, 2, 9, 0)","[(6, 6, 0, 7), (6, 6, 0, 7), (6, 6, 0, 4), (6, 6, 0, 7)]"
"(1, 6, 2, 21, 0)","[(5, 4, 0, 4), (5, 4, 0, 4), (5, 4, 0, 4), (5, 4, 0, 4), (5, 6, 0, 4), (5, 4, 0, 4), (5, 1, 0, 4), (5, 1, 0, 4), (5, 6, 0, 4), (5, 4, 0, 4)]"
"(1, 6, 2, 22, 0)","[(6, 6, 0, 4), (6, 1, 0, 4), (5, 6, 0, 4), (6, 6, 0, 4), (6, 6, 0, 4), (6, 1, 0, 4), (6, 1, 0, 4), (6, 1, 0, 4)]"
"(1, 6, 2, 25, 0)","[(5, 1, 0, 3), (5, 6, 0, 3), (4, 1, 0, 3), (5, 6, 0, 3), (5, 1, 0, 3)]"
"(1, 6, 4, 1, 0)","[(5, 5, 0, 7), (5, 5, 0, 7), (5, 0, 0, 7), (5, 0, 0, 7), (5, 5, 0, 7), (5, 0, 0, 7), (5, 5, 0, 7)]"
"(1, 6, 4, 2, 0)","[(6, 0, 0, 3), (6, 5, 0, 3), (6, 5, 0, 3), (6, 5, 0, 3), (6, 5, 0, 3), (6, 0, 0, 3), (6, 0, 0, 3), (6, 0, 0, 3)]"
"(1, 6, 4, 9, 0)","[(6, 0, 0, 7), (6, 5, 0, 7)]"
"(1, 6, 4, 21, 0)","[(5, 5, 0, 4), (5, 5, 0, 4), (5, 0, 0, 4), (5, 0, 0, 4), (5, 5, 0, 4), (5, 5, 0, 4)]"
"(1, 6, 4, 22, 0)","[(6, 0, 0, 4), (6, 5, 0, 4), (6, 0, 0, 4), (6, 5, 0, 4), (6, 5, 0, 4), (6, 5, 0, 4), (6, 0, 0, 4), (6, 5, 0, 4)]"
"(1, 6, 4, 25, 0)","[(5, 0, 0, 3), (5, 5, 0, 3), (5, 0, 0, 3), (5, 5, 0, 3), (5, 0, 0, 3), (5, 5, 0, 3), (5, 5, 0, 3), (5, 0, 0, 3), (5, 5, 0, 3), (5, 5, 0, 3)]"
"(1, 6, 6, 1, 0)","[(5, 2, 0, 7), (5, 2, 0, 7)]"
"(1, 6, 6, 2, 0)","[(6, 2, 0, 3), (6, 2, 0, 3), (6, 2, 0, 3), (6, 3, 0, 3), (6, 3, 0, 3), (5, 3, 0, 3), (6, 3, 0, 3)]"
"(1, 6, 6, 9, 0)","[(6, 7, 0, 7), (6, 7, 0, 7), (5, 7, 0, 7), (6, 7, 0, 7), (6, 7, 0, 7)]"
"(1, 6, 6, 21, 0)","[(5, 3, 0, 4), (5, 3, 0, 4), (5, 7, 0, 4), (5, 3, 0, 4), (5, 7, 0, 4), (5, 7, 0, 4), (5, 3, 0, 4), (5, 3, 0, 4)]"
"(1, 6, 6, 22, 0)","[(6, 3, 0, 4), (6, 2, 0, 4), (6, 3, 0, 4), (6, 2, 0, 4), (6, 3, 0, 4)]"
"(1, 6, 6, 25, 0)","[(5, 2, 0, 3), (5, 2, 0, 3), (5, 7, 0, 3), (5, 3, 0, 3), (5, 2, 0, 3), (5, 2, 0, 3), (5, 7, 0, 3)]"
"(1, 6, 22, 1, 0)","[(5, 2, 0, 7), (5, 0, 0, 7), (5, 5, 0, 7)]"
"(1, 6, 22, 2, 0)","[(6, 3, 0, 3), (6, 0, 0, 3), (6, '?', 0, 3), (6, '?', 0, 3), (6, 3, 0, 3), (6, 2, 0, 3), (6, '?', 0, 3), (6, 2, 0, 3), (6, 2, 0, 3), (6, 0, 0, 3), (6, 4, 0, 3), (6, 0, 0, 3), (6, '?', 0, 3), (6, 2, 0, 3), (6, 4, 0, 3), (6, '?', 0, 3), (6, 5, 0, 3), (6, '?', 0, 3), (6, 2, 0, 3), (6, 5, 0, 3), (6, 0, 0, 3), (6, 5, 0, 3)]"
"(1, 6, 22, 6, 0)","[(6, 3, 0, 3)]"
"(1, 6, 22, 9, 0)","[(6, 0, 0, 7), (6, 0, 0, 7), ('?', 6, 0, 7), (6, 0, 0, 7), (6, 0, 0, 7), (6, '?', 0, 7), (6, 0, 0, 7)]"
"(1, 6, 22, 21, 0)","[(5, 5, 0, 4), (5, 3, 0, 4), (5, '?', 0, 4), (5, '?', 0, 4)]"
"(1, 6, 22, 22, 0)","[(6, 5, 0, 4), (6, '?', 0, 4), (6, 2, 0, 4), (6, '?', 0, 4), (6, '?', 0, 4), (6, '?', 0, 4), (6, '?', 0, 4), (6, 2, 0, 4), (6, 0, 0, 4)]"
"(1, 6, 22, 25, 0)","[(5, 7, 0, 3), (5, 3, 0, 3), (5, 7, 0, 3), (5, 3, 0, 3), (5, 3, 0, 3), (5, 0, 0, 3), (5, 2, 0, 3), (5, 2, 0, 3), (5, 7, 0, 3), (5, 3, 0, 3), (5, 7, 0, 3), (5, 7, 0, 3)]"
"(1, 9, 2, 2, 0)","[(6, 6, '?', 3), (6, 1, 4, 3)]"
"(1, 9, 2, 9, 0)","[(6, 6, 3, 7)]"
"(1, 9, 2, 21, 0)","[(5, 1, 4, 4)]"
"(1, 9, 2, 22, 0)","[(5, 6, 4, 4), (6, 4, 4, 4), (5, 6, 4, 4), (6, 4, '?', 4)]"
"(1, 9, 2, 25, 0)","[(5, 4, '?', 3), (5, 4, '?', 3), (5, 1, '?', 3), (5, 4, '?', 3), (5, 6, '?', 3)]"
"(1, 9, 4, 22, 0)","[(5, 5, 4, 4), (6, 5, 3, 4)]"
"(1, 9, 6, 2, 0)","[(6, 7, '?', 3), (5, 2, 1, 3), (6, 3, 3, 3), (5, 3, 3, 3)]"
"(1, 9, 6, 21, 0)","[(5, 7, 0, 4), (5, 3, 3, 4), (5, '?', 0, 4)]"
"(1, 9, 6, 25, 0)","[(5, 7, 0, 3)]"
"(1, 9, 9, 1, 0)","[(5, 5, '?', 7), (5, '?', 3, 7)]"
"(1, 9, 12, 1, 0)","[(5, 3, 3, 7), (5, 3, 3, 7), (5, 6, 3, 7)]"
"(1, 9, 12, 2, 0)","[(6, '?', 3, 3), (6, 3, 3, 3), (6, '?', 3, 3), (5, 5, 3, 3), (6, 3, 3, 3)]"
"(1, 9, 12, 8, 0)","[(5, 2, 3, 3)]"
"(1, 9, 12, 21, 0)","[(5, 4, 3, 4)]"
"(1, 9, 12, 25, 0)","[(5, 3, 3, 3), (5, 2, 3, 3), (5, 0, 3, 3), (5, 0, 3, 3), (5, 0, 3, 3)]"
"(1, 9, 18, 1, 0)","[(5, 2, 2, 7)]"
"(1, 9, 18, 2, 0)","[(6, '?', 2, 3)]"
"(1, 9, 18, 6, 0)","[(5, 2, '?', 3)]"
"(1, 9, 19, 4, 0)","[(5, 0, 4, 4), (5, 0, 4, 3)]"
"(1, 9, 19, 22, 0)","[(5, '?', 4, 4), (5, 5, 4, 4)]"
"(1, 9, 22, 2, 0)","[(6, 0, 6, 3), (6, 5, 0, 3), (6, 3, '?', 3), (6, 7, '?', 3), (6, 4, '?', 3), (6, '?', '?', 3)]"
"(1, 9, 22, 4, 0)","[(6, 0, '?', 4)]"
"(1, 9, 22, 6, 0)","[(6, 3, 3, 3)]"
"(1, 9, 22, 9, 0)","[(6, 3, 3, 7)]"
"(1, 9, 22, 22, 0)","[(5, 0, 0, 4), (6, '?', '?', 4), (6, 6, '?', 4), (5, '?', 4, 4)]"
"(1, 9, 22, 25, 0)","[(5, '?', 5, 3), (5, 4, '?', 3), (5, 4, '?', 3), (5, 0, '?', 3), (5, '?', '?', 3), (5, 4, 4, 3), (5, 0, 3, 3), (5, 4, '?', 3)]"
"(1, 12, 2, 1, 0)","[(4, 4, 3, 7), (4, 4, 3, 7), (5, 4, 7, 7), (5, 4, 7, 7), (5, 4, 7, 7)]"
"(1, 12, 2, 2, 0)","[(6, 6, 7, 3), (6, 6, 3, 3), (6, 1, 3, 3), (6, 4, 3, 3), (6, 6, 3, 3), (6, 6, 3, 3), (6, 6, 7, 3), (6, 4, 3, 3), (6, 1, 7, 3), (6, 1, 7, 3), (6, 1, 7, 3), (6, 1, 3, 3), (6, 4, 3, 3), (6, 1, 7, 3), (6, 4, 3, 3), (6, 6, 7, 3), (6, 1, 3, 3), (6, 6, 3, 3), (6, 1, 3, 3)]"
"(1, 12, 2, 9, 0)","[(6, 1, 7, 7), (6, 4, 7, 7), (6, 4, 7, 7), (5, 6, 3, 7), (5, 6, 3, 7), (5, 6, 3, 7), (6, 4, 3, 7), (6, 6, 7, 7), (6, 6, 7, 7), (5, 1, 3, 7), (6, 4, 3, 7), (5, 6, 3, 7), (6, 1, 7, 7), (6, 1, 7, 7), (6, 4, 3, 7), (6, 6, 3, 7)]"
"(1, 12, 2, 21, 0)","[(5, 1, 3, 4), (5, 4, 3, 4), (5, 4, 3, 4), (5, 4, 7, 4), (5, 1, 7, 4), (5, 1, 7, 4)]"
"(1, 12, 2, 22, 0)","[(6, 6, 3, 4), (5, 6, 3, 4), (5, 4, 7, 4), (5, 4, 7, 4), (5, 6, 7, 4), (6, 4, 3, 4), (6, 1, 7, 4), (6, 6, 7, 4), (5, 6, 7, 4), (6, 6, 3, 4), (5, 6, 3, 4), (6, 1, 3, 3), (5, 1, 3, 4), (5, 4, 3, 4), (6, 4, 3, 4), (6, 6, 7, 4), (5, 4, 7, 4), (5, 6, 3, 4), (5, 4, 3, 4), (6, 4, 3, 4), (5, 6, 3, 4), (6, 6, 3, 4), (6, 6, 7, 4), (5, 6, 3, 4), (5, 4, 3, 4), (6, 6, 3, 4), (6, 6, 7, 4)]"
"(1, 12, 2, 25, 0)","[(5, 1, 7, 3), (5, 4, 3, 3), (5, 4, 3, 3), (5, 4, 3, 3), (5, 6, 7, 3), (5, 1, 7, 3), (5, 6, 7, 3), (5, 6, 7, 3), (5, 1, 7, 3), (5, 4, 3, 3)]"
"(1, 12, 4, 1, 0)","[(5, 5, 7, 7), (5, 5, 7, 7), (5, 0, 7, 7), (5, 0, 3, 7), (5, 0, 7, 7), (5, 0, 7, 7), (5, 5, 7, 7), (5, 0, 7, 7), (5, 0, 7, 7), (5, 5, 7, 7), (5, 5, 7, 7), (5, 0, 7, 7), (5, 0, 3, 7), (5, 5, 7, 7), (5, 5, 7, 7), (5, 0, 7, 7), (5, 5, 7, 7), (5, 0, 3, 7)]"
"(1, 12, 4, 2, 0)","[(6, 5, 7, 3), (6, 5, 7, 3)]"
"(1, 12, 4, 9, 0)","[(6, 5, 7, 7), (6, 5, 3, 7), (5, 0, 7, 7), (6, 0, 7, 7), (6, 5, 3, 7), (6, 5, 7, 7), (6, 5, 3, 7), (5, 0, 3, 7), (6, 0, 7, 7), (6, 0, 7, 7)]"
"(1, 12, 4, 21, 0)","[(5, 5, 3, 4), (5, 5, 7, 4)]"
"(1, 12, 4, 22, 0)","[(6, 0, 7, 4), (5, 0, 7, 4), (5, 5, 7, 4), (5, 0, 7, 4), (6, 5, 3, 4), (6, 0, 3, 4), (5, 5, 7, 4), (5, 0, 7, 4), (6, 0, 7, 4), (6, 5, 3, 4), (5, 5, 3, 4), (6, 0, 3, 4), (5, 0, 7, 4), (6, 5, 3, 4), (5, 5, 3, 4), (6, 0, 3, 4), (5, 5, 3, 4), (5, 5, 3, 4), (6, 5, 7, 4)]"
"(1, 12, 4, 25, 0)","[(5, 0, 7, 3), (5, 5, 3, 3), (5, 5, 7, 3), (5, 5, 7, 3), (5, 0, 3, 3), (5, 0, 3, 3), (5, 0, 7, 3), (5, 5, 7, 3), (5, 5, 7, 3), (5, 0, 7, 3), (5, 5, 7, 3), (5, 5, 7, 3), (5, 5, 7, 3), (5, 5, 3, 3), (5, 5, 3, 3), (5, 5, 3, 3), (5, 5, 7, 3)]"
"(1, 12, 6, 1, 0)","[(5, 7, 7, 7), (5, 7, 7, 7), (5, 3, 7, 7), (5, 7, 7, 7), (5, 2, 3, 7), (5, 3, 3, 7), (5, 7, 7, 7), (5, 2, 3, 7), (5, 2, 3, 7), (5, 3, 3, 7), (5, 7, 3, 7), (5, 3, 7, 7), (5, 3, 7, 7), (5, 2, 7, 7), (5, 2, 3, 7)]"
"(1, 12, 6, 2, 0)","[(5, 3, 3, 3), (5, 3, 3, 3), (6, 3, 3, 3), (6, 2, 3, 3)]"
"(1, 12, 6, 9, 0)","[(5, 7, 3, 7), (6, 7, 7, 7), (6, 7, 7, 7), (6, 3, 3, 7), (6, 3, 7, 7), (6, 7, 7, 7), (6, 7, 7, 7), (6, 3, 7, 7), (6, 7, 7, 7), (6, 3, 3, 7), ('?', 3, 3, 7), (6, 3, 3, 7), ('?', 3, 3, 7), (6, 3, 7, 7), (5, 7, 3, 7)]"
"(1, 12, 6, 10, 0)","[(5, 2, 3, 4), (5, 2, 3, 4)]"
"(1, 12, 6, 21, 0)","[(5, 3, 3, 4), (5, 3, 3, 4), (5, 2, 3, 4), (5, 2, 3, 4), (5, 7, 3, 4), (5, 7, 7, 3), (5, 7, 7, 3)]"
"(1, 12, 6, 22, 0)","[(6, 2, 7, 4), (6, 2, 7, 4), (5, 2, 7, 4), (5, 7, 3, 4), (5, 2, 7, 4), (6, 2, 3, 4), (6, 2, 3, 4), (6, 2, 3, 4), (6, 2, 3, 4), (5, 7, 3, 4), (6, 3, 3, 4), (6, 2, 3, 4), (5, 3, 3, 4), (5, 2, 7, 4), (5, 7, 7, 4), (5, 7, 3, 3), (5, 3, 3, 4)]"
"(1, 12, 6, 25, 0)","[(5, 3, 3, 3), (5, 3, 3, 3), (5, 2, 3, 3), (5, 2, 3, 3), (5, 2, 3, 3), (5, 2, 7, 3), (5, 3, 3, 3), (5, 3, 7, 3), (5, 2, 7, 3)]"
"(1, 12, 9, 1, 0)","[(5, 3, 7, 7)]"
"(1, 12, 9, 9, 0)","[(6, 3, 7, 7)]"
"(1, 12, 12, 1, 0)","[(5, 2, 7, 7), (5, 3, 7, 7), (5, 3, 7, 7), (5, 3, 7, 7), (5, '?', 7, 7), (5, 2, 7, 7), (5, '?', 7, 7), (5, '?', 7, 7), (5, 3, 7, 7), (5, '?', 7, 7)]"
"(1, 12, 12, 2, 0)","[(6, '?', 7, 3), (6, '?', 7, 3)]"
"(1, 12, 12, 6, 0)","[(6, 2, 7, 3)]"
"(1, 12, 12, 9, 0)","[(6, 3, 7, 7), (6, 3, 7, 7), (6, 3, 7, 7), (6, 5, 7, 7), (6, 3, 7, 7), (6, '?', 7, 7), (6, 6, 7, 7), (6, 3, 7, 7), (6, '?', 7, 7), (6, 3, 7, 7)]"
"(1, 12, 12, 21, 0)","[(5, 4, 7, 4)]"
"(1, 12, 12, 22, 0)","[(6, '?', 7, 4), (5, 6, 7, 4), (6, 6, 7, 4), (6, 4, 7, 4)]"
"(1, 12, 12, 25, 0)","[(5, 3, 7, 3), (5, 7, 7, 3), (5, 3, 7, 3), (5, 3, 7, 3), (5, 3, 7, 3), (5, 6, 7, 3), (5, 6, 7, 3), (5, 3, 7, 3), (5, 7, 7, 3), (5, 2, 7, 3), (5, 7, 7, 3)]"
"(1, 12, 21, 21, 0)","[(5, 7, 3, 3)]"
"(1, 12, 22, 1, 0)","[(5, 6, 3, 7), (5, 7, 7, 7), (5, '?', 7, 7), (4, '?', 3, 7), (5, 2, 7, 7), (5, 0, 3, 7), (5, 4, 7, 7), (5, '?', 3, 7), (5, 4, 7, 7)]"
"(1, 12, 22, 2, 0)","[(6, 4, 3, 3), (6, 3, 3, 3), (6, 3, 3, 3), (6, 2, 3, 3), (6, 2, 3, 3), (6, 1, 3, 3), (6, 2, 3, 3), (6, 2, 3, 3), (6, '?', 3, 3), (6, 2, 3, 3), (6, '?', 3, 3)]"
"(1, 12, 22, 4, 0)","[(6, 0, 7, 4), (6, 0, 7, 4)]"
"(1, 12, 22, 9, 0)","[(6, 5, 3, 7), (6, 6, 7, 7), (6, 4, 3, 7), (5, 6, 3, 7), (6, 6, 7, 7), (6, '?', 7, 7), (6, 6, 7, 7), (6, 5, 7, 7), (6, 5, 3, 7), (6, 5, 3, 7), (6, '?', 3, 7)]"
"(1, 12, 22, 21, 0)","[(5, 2, 3, 4), (5, 6, 3, 4), (5, 1, 7, 4), (5, 4, 7, 4)]"
"(1, 12, 22, 22, 0)","[(5, 5, 7, 4), (6, '?', 3, 4), (6, 3, 3, 4), (6, '?', 7, 4), (6, '?', 3, 4), (6, '?', 3, 3), (6, 3, 7, 4), (6, 5, 3, 4), (6, 5, 3, 4), (6, 5, 3, 4), (6, '?', 7, 4), (6, '?', 7, 4), (5, 6, 7, 4), (6, '?', 7, 4), (6, 2, 7, 4), (6, 2, 7, 4), (6, '?', 7, 4), (6, 0, 3, 4), (6, 3, 7, 4), (6, '?', 3, 4)]"
"(1, 12, 22, 25, 0)","[(5, 2, 7, 3), (5, 3, 3, 3), (5, 2, 3, 3), (5, 5, 3, 3), (5, 0, 3, 3), (5, 0, 7, 3), (5, 1, 7, 3)]"
"(1, 12, 24, 25, 0)","[(5, 0, 3, 3)]"
"(1, 14, 2, 1, 0)","[(5, 4, 5, 7)]"
"(1, 14, 2, 14, 0)","[(6, 4, 5, 7), (6, 4, 5, 7)]"
"(1, 14, 4, 1, 0)","[(5, 5, 1, 7)]"
"(1, 14, 4, 21, 0)","[(5, 5, 1, 4)]"
"(1, 14, 5, 9, 0)","[(6, 3, 5, 7), (6, 6, 5, 7)]"
"(1, 14, 5, 22, 0)","[(6, 3, 5, 4), (6, '?', 5, 4)]"
"(1, 14, 6, 1, 0)","[(5, 3, 1, 7)]"
"(1, 14, 6, 5, 0)","[(6, 2, 5, 4)]"
"(1, 14, 6, 9, 0)","[(6, 3, 1, 7)]"
"(1, 14, 14, 9, 0)","[(6, 0, 5, 7), (6, '?', 5, 7), (6, '?', 5, 7), (6, 0, 5, 7), (6, 4, 5, 7)]"
"(1, 14, 22, 21, 0)","[(5, 6, 1, 4)]"
"(1, 18, 2, 1, 0)","[(5, 6, 2, 7), (5, 6, 2, 7), (5, 4, 2, 7), (5, 4, 2, 7)]"
"(1, 18, 2, 2, 0)","[(6, 1, 2, 3), (6, 1, 2, 3), (6, 6, 2, 3), (6, 6, 2, 3), (6, 4, 2, 3), (6, 1, 2, 3)]"
"(1, 18, 2, 9, 0)","[(6, 6, 2, 7)]"
"(1, 18, 2, 21, 0)","[(5, 6, 2, 4), (5, 4, 2, 4), (5, 6, 2, 4), (5, 6, 2, 4), (5, 6, 2, 4), (5, 4, 2, 4)]"
"(1, 18, 2, 22, 0)","[(6, 4, 2, 4), (6, 1, 2, 4), (6, 1, 2, 4), (6, 4, 2, 4), (5, 6, 2, 4), (6, 4, 2, 4), (6, 4, 2, 4), (6, 1, 2, 4)]"
"(1, 18, 2, 25, 0)","[(5, 4, 2, 3), (5, 4, 2, 3), (5, 1, 2, 3), (5, 4, 2, 3), (5, 6, 2, 3)]"
"(1, 18, 4, 1, 0)","[(5, 0, 2, 7), (5, 5, 2, 7), (5, 0, 2, 7), (5, 5, 2, 7), (5, 0, 2, 7), (5, 5, 2, 7), (5, 5, 2, 7)]"
"(1, 18, 4, 2, 0)","[(6, 5, 2, 3), (6, 5, 2, 3), (6, 0, 2, 3), (6, 5, 2, 3), (6, 0, 2, 3), (6, 5, 6, 3), (6, 5, 2, 3), (6, 0, 2, 3), (6, 0, 2, 3), (6, 5, 2, 3), (6, 0, 2, 3)]"
"(1, 18, 4, 8, 0)","[(5, 5, 2, 3)]"
"(1, 18, 4, 9, 0)","[(6, 0, 2, 7), (6, 0, 2, 7), (6, 5, 2, 7), (6, 0, 2, 7), (6, 5, 2, 7), (6, 5, 2, 7), (6, 5, 2, 7)]"
"(1, 18, 4, 21, 0)","[(5, 0, 2, 4), (5, 5, 2, 4), (5, 5, 2, '?'), (5, 0, 2, 4), (5, 5, 2, 4)]"
"(1, 18, 4, 22, 0)","[(6, 0, 2, 4), (5, 0, 2, 4), (6, 5, 2, 4), (6, 5, 2, 4), (6, 5, 2, 4), (6, 5, 2, 4)]"
"(1, 18, 4, 25, 0)","[(5, 5, 2, 3), (5, 5, 2, 3), (5, 5, 2, 3), (5, 5, 2, 3), (5, 5, 2, 3), (5, 5, 2, 3)]"
"(1, 18, 6, 1, 0)","[(5, 7, 2, 7), (5, 3, 2, 7), (5, 2, 2, 7), (5, 7, 2, 7), (5, 7, 2, 7), (5, 7, 2, 7), (5, 7, 2, 7), (5, 7, 2, 7), (5, 2, 2, 7), (5, 7, 2, 7)]"
"(1, 18, 6, 2, 0)","[(6, 3, 2, 3), (6, 7, 2, 3), (6, 2, 2, 3), (6, 3, 2, 3), (6, 2, 2, 3), (6, 2, 2, 3)]"
"(1, 18, 6, 9, 0)","[(6, 7, 2, 7), (6, 7, 2, 7), (6, 3, 2, 7), (6, 2, 2, 7)]"
"(1, 18, 6, 21, 0)","[(5, 3, 2, 4), (5, 7, 2, 4), (5, 2, 2, 4), (5, 2, 2, 4), (5, 7, 2, 4), (5, 7, 2, 4), (5, 3, 2, 4), (5, 7, 2, 4), (5, 3, 2, 4), (5, 2, 2, 4), (5, 3, 2, 4), (5, 2, 2, 4)]"
"(1, 18, 6, 22, 0)","[(6, 7, 2, 4), (6, 7, 2, 4), (6, 7, 2, 4)]"
"(1, 18, 6, 25, 0)","[(5, 7, 2, 3), (5, 2, 2, 3), (5, 3, 2, 3), (5, 7, 2, 3), (5, 2, 2, 3), (5, 2, 2, 3), (5, 2, 2, 3), (5, 2, 2, 3), (5, 7, 2, 3), (5, 3, 2, 3), (5, 3, 2, 3), (5, 7, 2, 3), (5, 3, 2, 3), (5, 2, 2, 3), (5, 3, 2, 3), (5, 3, 2, 3), (5, 3, 2, 3), (5, 2, '?', 3)]"
"(1, 18, 9, 1, 0)","[(5, 2, 2, 7), (5, '?', 2, 7), (5, 0, 2, 7), (5, 6, 2, 7), (5, 5, 2, 7), (5, 3, 2, 7), (5, '?', 2, 7)]"
"(1, 18, 9, 9, 0)","[(6, 6, 2, 7), (5, 0, 2, 7), (6, 2, 2, 7)]"
"(1, 18, 21, 21, 0)","[(5, 3, 2, 4), (5, 2, 2, 4)]"
"(1, 18, 22, 1, 0)","[(5, 5, 2, 7), (5, 3, 2, 7), (5, 2, 2, 7), (5, 5, 2, 7), (5, 2, 2, 7), (5, 4, 2, 7), (5, 4, 2, 7), (5, 2, 2, 7)]"
"(1, 18, 22, 2, 0)","[(6, 7, 2, 3), (6, 2, 2, 3), (6, 3, 2, 3), (6, 3, 2, 3), (6, 2, 2, 3), (6, 4, 2, 3), (6, 3, 2, 3), (6, '?', 2, 3), (6, 7, 2, 3), (6, '?', 2, 3), (6, 6, 2, 3), (6, 6, 2, 3), (6, 6, 2, 3), (6, 5, 2, 3), (6, 3, 2, 3), (6, 4, 2, 3), (6, 0, 2, 3), (6, 3, 2, 3), (6, 0, 2, 3), (6, 7, 2, 3), (6, 7, 2, 3), (6, 0, 2, 3), (6, 6, 2, 3), (6, 4, 2, 3), (6, 4, 2, 3), (6, 2, 2, 3), (6, 7, 2, 3), (6, 2, 2, 3), (6, 2, 2, 3), (6, 4, 2, 3), (6, 6, 2, 3), (6, 6, 2, 3), (6, 7, 2, 3), (6, 1, 2, 3), (6, 3, 2, 3), (6, '?', 2, 3), (6, '?', 2, 3), (6, '?', 2, 3), (6, 3, 2, 3), (6, 1, 2, 3), (6, 1, 2, 3)]"
"(1, 18, 22, 9, 0)","[(6, 3, 2, 7), (6, 5, 2, 7), (6, 3, 2, 7), (6, 2, 2, 7), (6, 5, 2, 7), (6, 5, 2, 7), (6, 6, 2, 7), (6, 0, 2, 7), (6, 5, 2, 7), (6, '?', 2, 7), (5, 0, 2, 7), (6, 2, 2, 7), (6, 5, 2, 7), (6, 6, 2, 7), (6, '?', 2, 7), (6, 3, 2, 7), (6, '?', 2, 7), (6, 0, 2, 7), (6, 6, 2, 7), (6, 6, 2, 7), ('?', 6, 2, 7), (6, '?', 2, 7), (6, 2, 2, 7), (6, 0, 2, 7), (6, '?', 2, 7), (5, 0, 2, 7), (5, 0, 2, 7), (6, 6, 2, 7), (6, 6, 2, 7)]"
"(1, 18, 22, 21, 0)","[(5, 5, 2, 4), (5, 4, 2, 4), (5, 4, 2, 4), (5, 7, 2, 4), (5, 4, 2, 4), (5, '?', 2, 4)]"
"(1, 18, 22, 22, 0)","[(6, 4, 2, 4), (6, 7, 2, 4), (6, 4, 2, 4), (6, 1, 2, 4), (6, 1, 2, 4), (6, 4, 2, 4)]"
"(1, 18, 22, 25, 0)","[(5, 2, 2, 3), (5, 1, 2, 3), (5, 6, 2, 3), (5, 6, 2, 3), (5, '?', 2, 3), (5, 1, 2, 3), (5, 7, 2, 3), (5, 1, 2, 3), (5, '?', 2, 3), (5, 4, 2, 3), (5, 5, 2, 3), (5, '?', 2, 3), (5, '?', 2, 3)]"
"(1, 19, 2, 1, 0)","[(5, 1, 4, 7)]"
"(1, 19, 2, 2, 0)","[(6, 6, 4, 3), (6, 1, 4, 3), (6, 4, 4, 3), (6, 1, 4, 3), (6, 4, 4, 3), (6, 1, 4, 3), (6, 1, 4, 3), (6, 6, 4, 3), (6, 4, 4, 3)]"
"(1, 19, 2, 9, 0)","[(6, 1, 4, 7), (6, 4, 4, 7), (6, 6, 4, 7), (6, 1, 4, 7), (6, 1, 4, 7), (6, 1, 4, 7), (6, 4, 4, 7)]"
"(1, 19, 2, 21, 0)","[(5, 4, 4, 4), (5, 4, 4, 4), (5, 4, 4, 4), (5, 4, 4, 4)]"
"(1, 19, 2, 22, 0)","[(6, 6, 4, 4), (6, 6, 4, 4), (6, 1, 4, 4), (6, 6, 4, 4), (6, 1, 4, 4), (6, 4, 4, 4), (5, 6, 4, 4), (6, 1, 4, 4), (6, 6, 4, 4), (5, 6, 4, 4), (6, 1, 4, 4), (6, 4, 4, 4)]"
"(1, 19, 2, 25, 0)","[(5, 6, 4, 3), (5, 1, 4, 3), (5, 4, 4, 3), (5, 4, 4, 3), (5, 4, 4, 3), (5, 1, 4, 3), (5, 1, 4, 3), (5, 6, 4, 3)]"
"(1, 19, 3, 1, 0)","[(5, '?', 4, 7)]"
"(1, 19, 3, 21, 0)","[(5, 1, 4, 4)]"
"(1, 19, 4, 1, 0)","[(5, 0, 4, 7)]"
"(1, 19, 4, 2, 0)","[(6, 5, 4, 3), (5, 0, 4, 3), (6, 0, 4, 3), (6, 5, 4, 3), (6, 0, 4, 3), (6, 5, 4, 3), (5, 5, 4, 3), (5, 0, 4, 3)]"
"(1, 19, 4, 9, 0)","[(6, 0, 4, 7), (5, 0, 4, 7), (5, 0, 4, 7), (6, 5, 4, 7), (5, 0, 4, 7), (6, 0, 4, 7), (6, 0, 4, 7), (5, 0, 4, 7), (5, 0, 4, 7), (6, 5, 4, 7), (5, 0, 4, 7), (6, 5, 4, 7), (6, 5, 4, 7), (6, 0, 4, 7), (5, 0, 4, 7)]"
"(1, 19, 4, 22, 0)","[(5, 5, 4, 4), (5, 0, 4, 4), (5, 5, 4, 4), (5, 5, 4, 4), (5, 0, 4, 4), (6, 5, 4, 4), (6, 5, 4, 4)]"
"(1, 19, 4, 25, 0)","[(5, 0, 4, 3), (5, 5, 4, 3), (5, 0, 4, 3), (5, 5, 4, 3), (5, 5, 4, 3), (5, 5, 4, 3)]"
"(1, 19, 6, 1, 0)","[(5, 7, 4, 7), (5, 7, 4, 7), (5, 2, 4, 7), (5, 3, 4, 7), (5, 3, 4, 7)]"
"(1, 19, 6, 2, 0)","[(6, 2, 4, 3), (6, 2, 4, 3), (6, 2, 4, 3)]"
"(1, 19, 6, 9, 0)","[(6, 3, 4, 7), (6, 3, 4, 7), (6, 7, 4, 7), (6, 7, 4, 7)]"
"(1, 19, 6, 21, 0)","[(5, 2, 4, 4), (5, 2, 4, 4), (5, 2, 4, 4)]"
"(1, 19, 6, 22, 0)","[(5, 3, 4, 4), (6, 3, 4, 4), (6, 2, 4, 4), (5, 3, 4, 4), (6, 3, 4, 4), (6, 3, 4, 4), (5, 3, 4, 4), (5, 2, 4, 4)]"
"(1, 19, 6, 25, 0)","[(5, 2, 4, 3), (5, 2, 4, 3), (5, 2, 4, 3)]"
"(1, 19, 9, 1, 0)","[(5, 2, 4, 7), (5, 6, 4, 7), (5, 1, 4, 7), (5, 2, 4, 7), (5, 4, 4, 7)]"
"(1, 19, 9, 9, 0)","[(6, 0, 4, 7)]"
"(1, 19, 21, 21, 0)","[(5, '?', 4, 4), (5, 1, 4, 4)]"
"(1, 19, 21, 25, 0)","[(5, 5, 4, 3)]"
"(1, 19, 22, 2, 0)","[(6, 2, 4, 3), (6, 3, 4, 3), (5, '?', 4, 3), (6, 6, 4, 3), (6, 6, 4, 3), (5, 1, 4, 3), (6, 2, 4, 3), (6, 2, 4, 3), (6, 4, 4, 3), (6, 4, 4, 3), (6, 3, 4, 3), (6, 4, 4, 3), (6, 6, 4, 3), (6, 5, 4, 3), (6, 2, 4, 3), (6, 3, 4, 3), (6, 6, 4, 3), (6, 0, 4, 3), (6, 2, 4, 3), (6, 2, 4, 3), (6, 3, 4, 3), (6, 6, 4, 3)]"
"(1, 19, 22, 4, 0)","[(6, 5, 4, 3), (5, 0, 4, 3), (6, 5, 4, 3), (6, 5, 4, 3)]"
"(1, 19, 22, 9, 0)","[(6, '?', 4, 7), (6, 5, 4, 7), (6, 3, 4, 7), (6, '?', 4, 7), (6, 0, 4, 7), (6, 2, 4, 7), (6, '?', 4, 7)]"
"(1, 19, 22, 21, 0)","[(5, '?', 4, 4), (5, 3, 4, 4), (5, 3, 4, 4), (5, 4, 4, 4), (5, 4, 4, 4)]"
"(1, 19, 22, 22, 0)","[(6, 3, 4, 4), (6, 7, 4, 4), (6, 6, 4, 4), (6, '?', 4, 4), (6, 4, 4, 4), (6, 2, 4, 4), (6, 6, 4, 4), (6, '?', 4, 4), (6, 3, 4, 4), (6, 2, 4, 4), (6, 1, 4, 4), (6, 7, 4, 4), (6, '?', 4, 4), (6, 4, 4, 4), (6, 3, 4, 4), (6, 6, 4, 4), (5, '?', 4, 4)]"
"(1, 19, 22, 25, 0)","[(5, '?', 4, 3), (5, 2, 4, 3), (5, 0, 4, 3), (5, 6, 4, 3), (5, 4, 4, 3), (5, '?', 4, 3), (5, '?', 4, 3), (5, 1, 4, 3), (5, '?', 4, 3)]"
"(1, 19, 25, 25, 0)","[(5, 4, 4, 3), (5, '?', 4, 3), (5, '?', 4, 3), (5, 1, 4, 3)]"
"(1, 19, 26, 9, 0)","[(7, 1, 4, 7)]"
"(1, 22, 2, 2, 0)","[(6, 6, '?', 3), (6, 4, '?', 3), (6, 6, '?', 3), (6, 6, '?', 3)]"
"(1, 22, 2, 21, 0)","[(5, 1, '?', 4)]"
"(1, 22, 2, 22, 0)","[(5, 1, '?', 4), (6, 4, '?', 4), (6, 1, '?', 4), (6, 1, '?', 4), (6, 4, '?', 4), (6, 6, 6, 4), (6, 4, '?', 4), (6, 1, '?', 4), (6, 1, '?', 4), (6, 1, '?', 4), (6, 6, '?', 4), (6, 4, '?', 4), (6, 6, '?', 4)]"
"(1, 22, 2, 25, 0)","[(5, 1, '?', 3)]"
"(1, 22, 4, 2, 0)","[(5, 0, 6, 3)]"
"(1, 22, 4, 9, 0)","[(6, 0, '?', 7), (6, 5, '?', 7), (6, 0, '?', 7)]"
"(1, 22, 4, 22, 0)","[(6, 5, 6, 4), (6, 0, '?', 4), (5, 0, 6, 4), (6, 0, '?', 4), (5, 0, 6, 4), (6, 0, 6, 4), (5, 5, '?', 4), (5, 0, 6, 4), (5, 5, '?', 4)]"
"(1, 22, 4, 25, 0)","[(5, 0, '?', 3), (5, 0, '?', 3), (5, 0, '?', 3), (5, 0, '?', 3), (5, 0, '?', 3)]"
"(1, 22, 5, 25, 0)","[(5, 2, 5, 3), (5, 3, 5, 3)]"
"(1, 22, 6, 1, 0)","[(5, 7, '?', 7)]"
"(1, 22, 6, 2, 0)","[(5, 2, '?', 3), (6, 3, '?', 3), (6, 7, '?', 3), (6, 7, '?', 3), (6, 7, '?', 3), (6, 3, '?', 3), (6, 2, '?', 3), (6, 3, '?', 3), (6, 2, '?', 3), (6, 3, '?', 3), (6, 7, '?', 3), (6, 2, '?', 3)]"
"(1, 22, 6, 6, 0)","[(6, 7, '?', 7), (6, 2, '?', 3), (6, 3, '?', 3)]"
"(1, 22, 6, 9, 0)","[(6, 2, 6, 7), (6, 3, '?', 7), (6, 7, 0, 7), (6, 7, '?', 7), (6, 3, '?', 7), (6, 7, '?', 7), (6, 2, 6, 7)]"
"(1, 22, 6, 21, 0)","[(5, 3, '?', 4), (5, 7, '?', 4), (5, 7, '?', 4), (5, '?', 0, 4), (5, 3, '?', 4), (5, 3, '?', 4), (5, 7, '?', 4), (5, 7, 0, 4)]"
"(1, 22, 6, 22, 0)","[(6, 2, '?', 4), (6, 2, '?', 4), (6, 2, '?', 4), (6, 3, '?', 4), (6, 3, '?', 4), (6, '?', 0, 4), (6, 2, '?', 4), (6, 3, '?', 4)]"
"(1, 22, 6, 25, 0)","[(5, 3, '?', 3), (5, 2, '?', 3), (5, 3, '?', 3), (5, 3, '?', 3)]"
"(1, 22, 9, 1, 0)","[(5, 5, '?', 7), (5, 5, '?', 7), (5, 6, '?', 7)]"
"(1, 22, 9, 9, 0)","[(6, 0, 0, 7), (6, 0, '?', 7), (6, 3, 6, 7), (6, 0, '?', 7), (6, 0, 0, 7), (6, 5, '?', 7), (6, '?', '?', 7), (6, '?', '?', 7), (6, '?', '?', 7), (6, 5, '?', 7)]"
"(1, 22, 22, 2, 0)","[(6, 7, '?', 3), (6, 4, '?', 3), (6, '?', '?', 3), (6, 1, '?', 3), (6, '?', '?', 3), (6, 1, '?', 3), (6, 6, '?', 3), (6, 4, 4, 3), (6, 2, '?', 3), (6, '?', '?', 3)]"
"(1, 22, 22, 4, 0)","[(5, 0, '?', 3)]"
"(1, 22, 22, 9, 0)","[(6, '?', '?', 7)]"
"(1, 22, 22, 22, 0)","[(6, '?', '?', 4), (6, 3, '?', 4), (6, '?', '?', 4), (6, '?', '?', 4), (5, '?', '?', 4), (6, 2, '?', 4), (6, 3, '?', 4), (6, '?', '?', 4), (6, 2, '?', 4), (6, 3, 0, 4), (6, 0, 0, 4), (6, 3, '?', 4), (6, '?', 0, 4), (6, 6, '?', 4), (6, '?', 6, 4), (6, 4, '?', 4)]"
"(1, 22, 22, 25, 0)","[(5, '?', '?', 3), (5, 1, '?', 3), (5, 3, '?', 3), (5, '?', '?', 3), (5, 0, '?', 3), (5, '?', '?', 3), (5, 3, '?', 3)]"
"(1, 22, 25, 25, 0)","[(5, '?', '?', 3)]"
"(1, 23, 4, 1, 0)","[(5, 5, '?', 7), (5, 5, '?', 7), (5, 5, '?', 7), (5, 5, '?', 7)]"
"(1, 23, 4, 9, 0)","[(6, 5, '?', 7), (6, 5, '?', 7)]"
"(1, 23, 4, 21, 0)","[(5, 5, '?', 4), (5, 5, '?', 4)]"
"(1, 23, 4, 22, 0)","[(5, 5, '?', 4), (5, 5, '?', 4)]"
"(1, 23, 5, 21, 0)","[(5, 3, 5, 4), (5, 3, 5, 4)]"
"(1, 23, 6, 1, 0)","[(5, 7, '?', 7), (5, 7, '?', 7), (5, 2, '?', 7), (5, 7, '?', 7)]"
"(1, 23, 6, 9, 0)","[(6, 3, '?', 7)]"
"(1, 23, 6, 21, 0)","[(5, 7, '?', 4), (5, 3, '?', 4), (5, 3, 4, 4), (5, 3, '?', 4)]"
"(1, 23, 6, 22, 0)","[(6, 3, '?', 4), (5, 7, '?', 4), (5, 3, '?', 4)]"
"(1, 23, 6, 25, 0)","[(5, 3, '?', 3)]"
"(1, 23, 22, 9, 0)","[(6, 3, '?', 7)]"
"(1, 23, 22, 21, 0)","[(5, 7, '?', 4), (5, 3, '?', 4)]"
"(1, 23, 22, 22, 0)","[(6, 2, '?', 4)]"
"(2, 2, 2, 2, 0)","[(0, 4, 0, 0), (0, 6, 0, 0), (0, 4, '?', 6), (0, 1, '?', 0), ('?', 6, '?', 6), ('?', 4, '?', 0), ('?', 1, '?', 6), ('?', 1, '?', 6), ('?', 1, '?', 6), ('?', 4, '?', 6), (0, 6, '?', 0), ('?', 6, '?', 0), ('?', 1, '?', 0), ('?', 6, '?', 0), ('?', 4, '?', 6), (0, 4, '?', 6), ('?', 6, '?', 6), (0, 6, '?', 0), (0, 6, '?', 0), ('?', 1, '?', 6), (0, 1, '?', 6), (0, 4, '?', 6), ('?', 6, '?', '?'), (0, 1, '?', 6), (0, 1, '?', 0), (0, 4, '?', 6)]"
"(2, 2, 2, 8, 0)","[(1, 4, '?', 0), (1, 1, '?', 0)]"
"(2, 2, 2, 10, 0)","[(1, 1, '?', '?'), (1, 6, '?', '?')]"
"(2, 2, 2, 11, 0)","[(2, 4, '?', '?'), (2, 6, '?', '?')]"
"(2, 2, 2, 15, 0)","[(3, 4, '?', 6), (3, 1, '?', 6), (3, 6, '?', 0), (3, 4, '?', 0), (3, 4, '?', 6), (3, 6, '?', 6), (3, 6, '?', 6), (3, 1, '?', 0), (3, 1, '?', 6), (3, 4, '?', 6), (3, 6, '?', 0), (3, 1, '?', 6), (3, 6, '?', 0), (3, 1, '?', 6), (3, 4, '?', 6), (3, 4, '?', 0), (3, 1, '?', 0), (3, 4, '?', 6), (3, 1, '?', 0), (3, 4, '?', 6), (3, 4, '?', 6), (3, 4, '?', 0), (3, 1, '?', 0), (3, 1, '?', 0)]"
"(2, 2, 2, 16, 0)","[(1, 4, '?', 2)]"
"(2, 2, 2, 17, 0)","[(2, 6, '?', '?'), (2, 4, '?', 6), (2, 1, '?', 0), (2, 4, '?', 0)]"
"(2, 2, 2, 20, 0)","[(0, 4, '?', 2), ('?', 1, '?', 2), ('?', 6, '?', 2), ('?', 1, '?', 2), (0, 1, '?', 2), (3, 1, '?', 2), (0, 4, '?', 2), (0, 6, 3, 2), ('?', 4, '?', 2), (0, 6, 3, 2), (0, 6, '?', 2), ('?', 4, '?', 2), ('?', 6, '?', 2), ('?', 6, '?', 2)]"
"(2, 2, 2, 21, 0)","[(4, 1, '?', 6)]"
"(2, 2, 2, 22, 0)","[(0, 6, '?', '?'), (0, 4, '?', '?'), ('?', 6, '?', '?'), ('?', 1, '?', '?'), ('?', 1, '?', '?')]"
"(2, 2, 2, 25, 0)","[(4, 6, '?', 6), (4, 6, '?', 6)]"
"(2, 2, 2, 26, 0)","[(3, 1, '?', '?'), (3, 1, '?', '?'), (3, 4, '?', '?'), (3, 6, '?', '?'), (3, 1, '?', '?'), (3, 1, '?', '?')]"
"(2, 2, 2, 27, 0)","[(0, 4, '?', 6), (0, 4, '?', '?'), (0, 4, '?', 6), (0, 6, '?', '?'), (0, 6, '?', '?'), (0, 1, '?', 6), (0, 6, '?', 0), (0, 1, '?', 0), (0, 1, '?', 0), (0, 6, '?', 0), (0, 6, '?', '?'), (0, 4, '?', '?')]"
"(2, 2, 8, 2, 0)","[(1, 4, '?', 6), (1, 4, '?', 0), (1, 6, '?', 0), (1, 1, '?', 6), (1, 4, '?', 6), (1, 1, '?', 6)]"
"(2, 2, 8, 8, 0)","[(1, 4, '?', 6), (1, 4, '?', 6)]"
"(2, 2, 10, 10, 0)","[(1, 6, '?', '?'), (1, 4, '?', '?'), (1, 1, '?', '?'), (1, 6, '?', '?')]"
"(2, 2, 11, 11, 0)","[(2, 1, '?', '?')]"
"(2, 2, 11, 20, 0)","[(2, 6, '?', 2), (2, 1, '?', 2), (2, 6, '?', 2), (2, 1, '?', 2)]"
"(2, 2, 15, 15, 0)","[(3, 4, '?', 0), (3, 4, '?', 0), (3, 6, '?', '?'), (3, 6, '?', 6), (3, 4, '?', 6), (3, 6, '?', 0)]"
"(2, 2, 16, 21, 0)","[(4, 1, '?', 5), (4, 4, '?', 5), (4, 1, '?', 5)]"
"(2, 2, 16, 25, 0)","[(4, 4, '?', 1), (4, 1, '?', 1), (4, 6, '?', 1), (4, 4, '?', 1)]"
"(2, 2, 17, 11, 0)","[(2, 6, '?', '?')]"
"(2, 2, 17, 17, 0)","[(2, 6, '?', 0), (2, 6, '?', 0), (2, 6, '?', 0), (2, 6, '?', 0), (2, 4, '?', 6), (2, 1, '?', 0), (2, 4, '?', 6), (2, 6, '?', 0), (2, 1, '?', 6), (2, 6, '?', 6), (2, 4, '?', 0), (2, 6, '?', 0), (2, 1, '?', 6), (2, 6, '?', 6), (2, 6, '?', 6)]"
"(2, 2, 17, 20, 0)","[(2, 4, '?', 2)]"
"(2, 2, 20, 2, 0)","[('?', 4, '?', 1), ('?', '?', '?', 1), ('?', 6, '?', 1), ('?', 1, '?', 1), ('?', 1, '?', 1)]"
"(2, 2, 20, 8, 0)","[(1, 4, '?', 1)]"
"(2, 2, 20, 10, 0)","[(1, 6, '?', 5), (1, 6, '?', 5), (1, 1, '?', 5), (1, 1, '?', 5), (1, 1, '?', 5), (1, 4, '?', 5), (1, 6, '?', 5), (1, 1, '?', 5)]"
"(2, 2, 20, 11, 0)","[(2, 1, '?', 5), (2, 4, '?', 5), (2, 6, 5, 5), (2, 1, '?', 5), (2, 6, 5, 5), (2, 4, '?', 5)]"
"(2, 2, 20, 15, 0)","[(3, 4, '?', 1), (3, 1, '?', 1), (3, 4, '?', 1), (3, 1, '?', 1), (3, 4, '?', 1), (3, 4, '?', 1), (3, 1, '?', 1), (3, 6, '?', 1), (3, 4, '?', 1), (3, 1, '?', 1)]"
"(2, 2, 20, 17, 0)","[(2, 1, '?', 1), (2, 1, '?', 1), (2, 6, '?', 1), (2, 4, '?', 1), (2, 6, '?', 1), (2, 1, '?', 1)]"
"(2, 2, 20, 20, 0)","[('?', 6, '?', 1), ('?', 6, '?', 1), ('?', 4, '?', 1)]"
"(2, 2, 20, 21, 0)","[(4, 4, '?', 5), (4, 1, '?', 5), (5, 1, 5, 5), (4, 1, '?', 5), (4, 4, '?', 5), (4, 4, '?', 5)]"
"(2, 2, 20, 22, 0)","[('?', 1, '?', 5), ('?', 4, '?', 5), (0, 4, '?', 5), ('?', 6, '?', 5), (6, 1, '?', 5), ('?', 1, '?', 5), ('?', 6, '?', 5), ('?', 6, '?', 5), ('?', 1, '?', 5), ('?', 1, '?', 5), ('?', 6, 0, 5), ('?', 1, '?', 5), ('?', 1, '?', 5), ('?', 4, '?', 5)]"
"(2, 2, 20, 25, 0)","[(4, 6, '?', 1), (4, 6, 6, 1), (4, 1, '?', 1), (4, 1, '?', 1), (4, 4, '?', 1)]"
"(2, 2, 20, 26, 0)","[(3, 6, '?', 5), (3, 1, '?', 5), (3, 1, '?', 5), (3, 6, '?', 5), (3, 6, '?', 5), (3, 1, '?', 5), (3, 4, '?', 5), (3, 1, '?', 5), (3, 4, '?', 5), (3, 6, 5, 5), (3, 6, '?', 5)]"
"(2, 2, 20, 27, 0)","[(0, 4, 0, 1), (0, 4, '?', 5), (0, 1, '?', 5), (0, 1, '?', 5), (0, 1, '?', 5), (0, 1, '?', 5), (0, 4, '?', 5), (0, 4, '?', 5), (0, 1, '?', 5), (0, 1, '?', 5)]"
"(2, 2, 21, 16, 0)","[(4, 1, '?', 2), (4, 6, '?', 2), (4, 4, '?', 2), (4, 1, '?', 2)]"
"(2, 2, 22, 20, 0)","[(6, 1, '?', 2)]"
"(2, 2, 25, 25, 0)","[(4, 4, '?', 0), (4, 4, '?', 6)]"
"(2, 2, 26, 20, 0)","[(3, 1, '?', 2)]"
"(2, 2, 26, 22, 0)","[(3, 4, '?', '?')]"
"(2, 2, 27, 2, 0)","[(0, 1, '?', 6), (0, 1, '?', 6)]"
"(2, 2, 27, 20, 0)","[(0, 1, 1, 2), (0, 6, '?', 2), (0, 4, '?', 2), (0, 1, '?', 2), (0, 4, '?', 2), (0, 1, 1, 2)]"
"(2, 2, 27, 22, 0)","[(0, 4, '?', '?'), (0, 4, '?', '?')]"
"(2, 10, 2, 8, 0)","[(1, 6, '?', 0)]"
"(2, 10, 2, 10, 0)","[(1, 4, '?', '?')]"
"(2, 10, 2, 16, 0)","[(1, 4, '?', 2)]"
"(2, 11, 2, 11, 0)","[(2, 6, '?', '?')]"
"(2, 11, 2, 17, 0)","[(2, 6, '?', 6), (2, 6, '?', 0)]"
"(2, 11, 2, 20, 0)","[(2, 1, '?', 2)]"
"(2, 11, 20, 11, 0)","[(2, 4, '?', 5)]"
"(2, 18, 20, 8, 0)","[(1, 1, '?', 1), (1, 4, '?', 1)]"
"(2, 18, 20, 22, 0)","[(3, 1, '?', 5)]"
"(2, 20, 2, 8, 0)","[(1, 6, '?', 1)]"
"(2, 20, 2, 15, 0)","[(3, 1, '?', 1), (3, 6, '?', 1)]"
"(2, 20, 2, 16, 0)","[(1, 1, '?', 1)]"
"(2, 20, 2, 17, 0)","[(2, 4, '?', 1), (2, 4, '?', 1)]"
"(2, 20, 2, 20, 0)","[('?', 4, '?', 1), (1, 4, '?', 1)]"
"(2, 20, 8, 20, 0)","[(1, 6, '?', 1), (1, 4, '?', 1), (1, 6, '?', 1)]"
"(2, 20, 15, 20, 0)","[(3, 6, '?', 1), (3, 6, '?', 1), (3, 6, '?', 1)]"
"(2, 20, 17, 2, 0)","[(2, 4, '?', 1)]"
"(2, 20, 17, 17, 0)","[(2, 6, '?', 1)]"
"(2, 22, 2, 8, 0)","[(1, 1, '?', 6)]"
"(2, 22, 2, 15, 0)","[(3, 1, '?', 0)]"
"(2, 22, 2, 20, 0)","[(3, 6, '?', 2)]"
"(2, 22, 2, 21, 0)","[(4, 4, '?', '?')]"
"(2, 22, 2, 22, 0)","[('?', 1, '?', '?')]"
"(2, 22, 2, 25, 0)","[(4, 1, '?', 6)]"
"(2, 22, 20, 21, 0)","[(4, 4, '?', 5)]"
"(2, 22, 20, 22, 0)","[('?', 6, '?', 5), ('?', 4, '?', 5), ('?', 1, '?', 5)]"
"(2, 26, 26, 20, 0)","[(3, 6, '?', 2)]"
"(2, 27, 2, 2, 0)","[(0, 1, '?', 6)]"
"(3, 1, 1, 1, 0)","[(5, 3, 6, 7), (5, 6, 6, 7)]"
"(3, 1, 2, 1, 0)","[(5, 1, '?', 7)]"
"(3, 1, 3, 9, 0)","[(5, 6, '?', 7)]"
"(3, 1, 4, 1, 0)","[(5, 6, 6, 7)]"
"(3, 1, 6, 1, 0)","[(5, 6, 0, 7)]"
"(3, 1, 6, 25, 0)","[(5, 6, 0, 3), (5, 6, 0, 3)]"
"(3, 1, 9, 1, 0)","[(5, '?', 4, 7), (5, 6, 6, 7), (5, 6, '?', 7), (5, 6, 6, 7), (5, 1, 6, 7), (5, 1, 1, 7), (5, 2, '?', 7), (5, 6, 6, 7)]"
"(3, 1, 10, 1, 0)","[(5, 2, '?', 7)]"
"(3, 1, 14, 1, 0)","[(5, 6, 5, 7)]"
"(3, 1, 18, 1, 0)","[(5, 6, 2, 7), (5, 3, 2, 7)]"
"(3, 1, 18, 9, 0)","[(5, 2, 2, 7), (5, 6, 2, 7), (5, 4, 2, 7)]"
"(3, 1, 19, 1, 0)","[(5, '?', 4, 7)]"
"(3, 1, 22, 1, 0)","[(5, 3, 6, 7), (5, 2, '?', 7), (5, 3, 6, 7), (5, 3, 6, 7), (5, '?', 1, 7), (5, 7, 0, 7), (5, 1, '?', 7), (5, 2, '?', 7)]"
"(3, 2, 2, 2, 0)","[(6, 1, '?', 6), (6, 6, '?', 0)]"
"(3, 2, 2, 16, 0)","[(5, 6, '?', 2)]"
"(3, 2, 2, 20, 0)","[(6, 4, '?', 2), (6, 1, '?', 2), (6, 1, '?', 2), (6, 1, '?', 2), (6, 4, '?', 2)]"
"(3, 2, 2, 21, 0)","[(5, 1, '?', '?'), (5, 1, '?', '?'), (5, 4, '?', '?'), (5, 6, '?', '?'), (5, 6, '?', '?'), (5, 6, '?', '?'), (5, 1, '?', '?'), (5, 1, '?', '?'), (5, 6, '?', '?'), (5, 4, '?', '?'), (5, 6, '?', '?')]"
"(3, 2, 2, 22, 0)","[(6, 1, '?', '?'), (6, 4, '?', '?'), (6, 6, '?', '?'), (6, 6, '?', '?'), (6, 6, '?', '?'), (6, 6, '?', '?'), (6, 4, '?', '?')]"
"(3, 2, 2, 25, 0)","[(5, 4, '?', 6), (5, 1, '?', 6)]"
"(3, 2, 16, 25, 0)","[(5, 1, '?', 1), (5, 1, '?', 1), (5, 1, '?', 1), (5, 1, '?', 1)]"
"(3, 2, 20, 2, 0)","[(6, 4, '?', 1), (6, 4, '?', 1)]"
"(3, 2, 20, 20, 0)","[(6, 6, '?', 1), ('?', 1, '?', 1), (6, 4, '?', 1)]"
"(3, 2, 20, 21, 0)","[(5, 4, '?', 5)]"
"(3, 2, 20, 22, 0)","[(6, 4, '?', 5), (5, 6, '?', 5), (5, 6, '?', 5), (6, 1, '?', 5), (6, 1, '?', 5)]"
"(3, 2, 21, 16, 0)","[(5, 6, '?', 2), (5, 6, '?', 2), (5, 1, '?', 2), (5, 4, '?', 2), (5, 6, '?', 2)]"
"(3, 2, 25, 16, 0)","[(5, 6, '?', 2)]"
"(3, 2, 25, 25, 0)","[(5, 4, '?', 0), (5, 1, '?', 0)]"
"(3, 3, 2, 16, 0)","[(5, 1, '?', 2), (5, 6, '?', 2), (5, 4, '?', 2), (5, 6, '?', 2)]"
"(3, 3, 2, 21, 0)","[(5, 1, '?', '?'), (5, 1, '?', '?'), (5, 1, '?', '?')]"
"(3, 3, 5, 5, 0)","[(5, 6, 5, 4)]"
"(3, 3, 6, 1, 0)","[(5, 6, 0, 7)]"
"(3, 3, 12, 21, 0)","[(5, 1, 3, '?')]"
"(3, 3, 16, 6, 0)","[(5, 7, 3, 1), (5, 7, 3, 1)]"
"(3, 3, 16, 21, 0)","[(5, 4, 4, 5), (5, 1, 4, 5)]"
"(3, 3, 22, 21, 0)","[(5, 7, 4, 6), (5, 6, '?', '?'), (5, '?', '?', '?')]"
"(3, 4, 2, 1, 0)","[(5, 1, 6, 7)]"
"(3, 4, 2, 16, 0)","[(5, 6, 6, 2), (5, 6, 6, 2), (5, 4, 6, 2), (5, 4, 6, 2)]"
"(3, 4, 2, 20, 0)","[(6, 6, 6, 2), (6, 6, 6, 2)]"
"(3, 4, 2, 21, 0)","[(5, 1, 6, '?'), (5, 6, 6, '?'), (5, 4, 6, 2), (5, 1, 6, '?'), (5, 4, 6, 2), (5, 6, 6, '?'), (5, 4, 6, '?'), (5, 1, 6, '?'), (5, 4, 6, 2), (5, 4, 6, '?'), (5, 4, 6, 2), (5, 6, 6, '?'), (5, 6, 6, '?'), (5, 4, 6, '?'), (5, 1, 6, '?'), (5, 6, 6, '?'), (5, 1, 6, '?'), (5, 1, 6, '?'), (5, 6, 6, '?'), (5, 4, 6, '?')]"
"(3, 4, 2, 22, 0)","[(6, 1, 6, '?'), (6, 6, 6, '?'), (6, 4, 6, '?'), (6, 6, 6, '?'), (6, 1, 6, '?'), (6, 1, 6, '?'), (6, 1, 6, '?'), (6, 4, 6, '?'), (6, 6, 6, '?')]"
"(3, 4, 2, 25, 0)","[(5, 4, 6, 6), (5, 6, 6, '?'), (5, 4, 6, 6), (5, 6, 6, '?'), (5, 6, 6, 0), (5, 1, 6, 6), (5, 1, 6, 6), (5, 1, 6, 6)]"
"(3, 4, 4, 1, 0)","[(5, 0, 0, 7)]"
"(3, 4, 4, 2, 0)","[(6, 5, 6, 0)]"
"(3, 4, 4, 16, 0)","[(5, 0, 6, 2)]"
"(3, 4, 4, 21, 0)","[(5, 0, 6, '?'), (5, 5, 6, 2), (5, 0, 6, '?'), (5, 5, 6, '?'), (5, '?', 6, 4), (5, 0, 6, '?'), (5, 5, 6, 2), (5, 0, 6, '?'), (5, 5, 6, '?')]"
"(3, 4, 4, 22, 0)","[(6, 5, 1, '?')]"
"(3, 4, 4, 25, 0)","[(5, 5, 6, 0), (5, 0, 6, 6), (5, 5, 6, 6), (5, 5, 6, 0), (5, 5, 6, 0), (5, 5, 6, 0), (5, 5, 6, 0)]"
"(3, 4, 6, 1, 0)","[(5, 7, 6, 7)]"
"(3, 4, 6, 2, 0)","[(6, 7, 6, 6), (6, 2, 6, 6), (6, 7, 6, 6), (6, 7, 6, 0), (6, 2, 6, 6), (6, 2, 6, 6), (6, 7, 6, 0)]"
"(3, 4, 6, 9, 0)","[(6, 7, 6, 7), (6, 7, 6, 7)]"
"(3, 4, 6, 16, 0)","[(5, 3, 6, 2), (5, 3, 6, 2), (5, 2, 6, 2), (5, 3, 6, 2), (5, 2, 6, 2), (5, 3, 6, 2), (5, 2, 6, 2), (5, 3, 6, 2)]"
"(3, 4, 6, 20, 0)","[(6, 2, 6, 2), (6, 3, 6, 2), (6, 3, 6, 2), (6, 3, 6, 2), (6, 3, 6, 2), (6, 3, 6, 2), (6, 3, 6, 2)]"
"(3, 4, 6, 21, 0)","[(5, 3, 6, '?'), (5, 3, 6, '?'), (5, 2, 6, 6), (5, 7, 6, '?'), (5, 7, 6, '?'), (5, 3, 6, '?'), (5, 7, 6, '?'), (5, 3, 6, '?'), (5, 3, 6, '?'), (5, 3, 6, '?')]"
"(3, 4, 6, 22, 0)","[(6, 3, 6, '?'), (6, 2, 6, '?'), (6, 2, 6, '?'), (6, 3, 6, '?'), (6, 2, 6, '?'), (6, 2, 6, '?'), (6, 2, 6, '?'), (6, 2, 6, '?')]"
"(3, 4, 6, 25, 0)","[(5, 3, 6, 6), (5, 3, 6, 6), (5, 3, 6, 6), (5, 3, 6, 6), (5, 3, 6, 0), (5, 7, 6, 0), (5, '?', 6, 6), (5, 7, 6, 0), (5, 2, 6, 6), (5, 2, 6, 6), (5, 3, 6, 6), (5, 3, 6, 6), (5, 7, 6, 0), (5, 2, 6, 6), (5, 7, 6, 0), (5, 3, 6, 0), (5, 2, 6, 6), (5, 3, 6, '?'), (5, 7, 6, 0), (5, 2, 6, 6), (5, 3, 6, 6)]"
"(3, 4, 9, 1, 0)","[(5, '?', 6, 7), (5, 4, 6, 7), (5, 4, 6, 7), (5, 7, 6, 7), (5, '?', 6, 7), (5, 4, 6, 7), (5, 4, 6, 7), (5, 4, 6, 7), (5, '?', 6, 7), (5, 3, 6, 7), (5, 2, 6, 7), (5, 2, 6, 7), (5, '?', 6, 7)]"
"(3, 4, 9, 2, 0)","[(6, '?', 6, 3), (6, 4, 6, 3), (6, 1, 6, 3), (6, 1, 6, 3), (6, 4, 6, 3), (6, 4, 6, 3)]"
"(3, 4, 9, 9, 0)","[(6, '?', 6, 7), (6, 4, 6, 7), (5, 0, 6, 7), (6, 5, 6, 7), (6, '?', 6, 7), (6, '?', 6, 4), (6, '?', 6, 7), (6, 4, 6, 7), (6, '?', 6, 7)]"
"(3, 4, 9, 10, 0)","[(5, 3, 6, 4)]"
"(3, 4, 9, 21, 0)","[(5, 6, 6, 4)]"
"(3, 4, 9, 22, 0)","[(6, 3, 6, 4), (6, '?', 6, 4)]"
"(3, 4, 9, 25, 0)","[(5, '?', 6, 3), (5, 2, 6, 3), (5, 1, 6, 3)]"
"(3, 4, 16, 6, 0)","[(5, 7, 6, 1), (5, 7, 6, 1), (5, 3, 6, 1)]"
"(3, 4, 16, 20, 0)","[(5, 7, 6, 1), (5, 2, 6, 1), (5, 3, 6, 1), (5, 1, 6, 1)]"
"(3, 4, 16, 25, 0)","[(5, 7, 6, 1)]"
"(3, 4, 20, 2, 0)","[(6, 1, 6, 1), ('?', 6, 6, 1), (6, 4, 6, 1), (6, 6, 6, 1), (6, 6, 6, 1), (6, 6, 6, 1)]"
"(3, 4, 20, 4, 0)","[(6, 0, 6, 1), (6, 5, 6, 1), (6, 5, 6, 1)]"
"(3, 4, 20, 6, 0)","[(6, 7, 6, 1), (6, 2, 6, 1)]"
"(3, 4, 20, 16, 0)","[(5, 4, 6, 1)]"
"(3, 4, 20, 20, 0)","[(6, 0, 6, 1), (5, 6, 6, 1), (6, '?', 6, 1), (6, 2, 6, 1), (6, 4, 6, 1), (6, 0, 6, 1), (5, 4, 6, 1), (5, 6, 6, 1), (5, 4, 6, 1), (6, '?', 6, 1), (6, 7, 6, 1), (6, 6, 6, 1), (6, 5, 6, 1), (6, 2, 6, 1), (6, '?', 6, 1), (6, '?', 6, 1), (6, 3, 6, 1), (6, 7, 6, 1), (6, 4, 6, 1), (6, '?', 6, 1)]"
"(3, 4, 20, 21, 0)","[(5, 2, 6, 5), (5, 2, 6, 5), (5, 6, 6, 5), (5, 2, 6, 5), (5, 6, 6, 5), (5, 4, 6, 5), (5, 4, 6, 5), (5, 4, 6, 5), (5, 4, 6, 5), (5, 1, 6, 5), (5, 6, 6, 5), (5, 6, 6, 5), (5, 4, 6, 5), (5, 1, 6, 5), (5, 2, 6, 5), (5, 5, 6, 5), (5, 7, 6, 5), (5, 4, 6, 5)]"
"(3, 4, 20, 22, 0)","[(6, 6, 6, 5), (6, 5, 6, 1), (6, 6, 6, 5), (6, 6, 6, 5)]"
"(3, 4, 20, 25, 0)","[(5, 1, 6, 1), (5, 1, 6, 1), (5, 2, 6, 1), (5, 1, 6, 1), (5, 1, 6, 1), (5, 3, 6, 1), (5, 1, 6, 1), (5, 7, 6, 1), (5, 2, 6, 1), (5, 6, 6, 1), (5, 4, 6, 1), (5, 6, 6, 1)]"
"(3, 4, 21, 16, 0)","[(5, 0, 6, 2), (5, 0, 6, 2), (5, '?', 6, 2), (5, 0, 6, 2), (5, '?', 6, 2)]"
"(3, 4, 21, 21, 0)","[(5, 0, 6, 2), (5, 0, 6, 2)]"
"(3, 4, 22, 2, 0)","[(6, 0, 6, 6), (6, 3, 6, 6), (6, 0, 6, 0), (6, '?', 6, 0), (6, 3, 6, 0), (6, 5, 6, 0), (6, 0, 6, 0), (6, '?', 6, 6), (6, 7, 6, 0), (6, '?', 6, 6), (6, '?', 6, 0), (6, 3, 6, 0), (6, 3, 6, 6), (6, 3, 6, 0), (6, '?', 6, 6), (6, '?', 6, 6), (6, '?', 6, 6), (6, 3, 6, 0), (6, 5, 6, 0), (6, '?', 6, 6), (6, 0, 6, '?'), (6, 3, 6, 6), (6, 0, 6, 0), (6, 0, 6, 0), (6, 0, 6, 0), (6, 3, 6, 0)]"
"(3, 4, 22, 6, 0)","[(6, 7, 6, 6), (6, 7, 6, 0), (6, 7, 6, 0)]"
"(3, 4, 22, 9, 0)","[(6, 5, 6, 7), (6, 4, 6, 7)]"
"(3, 4, 22, 10, 0)","[(5, 4, 6, 4)]"
"(3, 4, 22, 16, 0)","[(5, 2, 6, 2), (5, '?', 6, 2), (5, '?', 6, 2), (5, '?', 6, 2), (5, 6, 6, 2), (5, '?', 6, 2), (5, 3, 6, 2), (5, '?', 6, 2), (5, 3, 6, 2), (5, '?', 6, 2)]"
"(3, 4, 22, 20, 0)","[(6, 1, 6, 2), (6, 1, 6, 2), (6, 6, 6, 2), (6, 4, 6, 2), (6, 2, 6, 2), (6, '?', 6, 2), (6, 4, 6, 2), (6, 3, 6, 2), (6, 6, 6, 2), (6, 2, 6, 2), (6, '?', 6, 2), (6, 1, 6, 2), (6, 6, 6, 2), (6, 4, 6, 2), (6, '?', 6, 2), (6, 0, 6, 2), (6, 2, 6, 2), (6, '?', 6, 2), (6, 0, 6, 2), (6, 1, 6, 2), (6, 4, 6, 2), (6, 4, 6, 2), (6, 2, 6, 2), (6, 5, 6, 2), (6, 1, 6, 2), (6, '?', 6, 2), (6, 2, 6, 2), (6, '?', 6, 2)]"
"(3, 4, 22, 21, 0)","[(5, 5, 6, 2), (5, 7, 6, '?'), (5, 5, 6, 2), (5, 1, 6, 4), (5, 1, 6, 4), (5, 3, 6, 4), (5, 0, 6, '?'), (5, 4, 6, '?'), (5, 4, 6, '?'), (5, 1, 6, 4), (5, 5, 6, '?'), (5, 4, 6, 2), (5, 0, 6, '?'), (5, 5, 6, '?'), (5, 6, 6, 2), (5, 6, 6, 2), (5, 3, 6, '?'), (5, 6, 6, 2), (5, 2, 6, 4), (5, 2, 6, 2), (5, 1, 6, '?')]"
"(3, 4, 22, 22, 0)","[(6, 2, 6, 6), (6, 0, 6, '?'), (5, '?', 6, 4), (6, '?', 6, 4), (6, 0, 6, '?'), (6, 0, 6, '?'), (5, 6, 6, 4), (6, 5, 6, '?'), (6, 0, 6, '?'), (6, 6, 6, '?'), (6, '?', 6, '?'), (6, 6, 6, '?'), (6, 5, 6, '?'), (6, '?', 6, '?'), (6, '?', 6, '?'), (6, 0, 6, '?'), (6, 6, 6, '?'), (6, '?', 6, '?'), (6, 2, 6, '?'), (6, '?', 6, '?'), (6, 5, 6, '?'), (6, '?', 6, '?')]"
"(3, 4, 22, 25, 0)","[(5, 4, 6, 6), (5, 3, 6, 0), (5, '?', 6, 0), (5, 1, 6, 0), (5, 2, 6, 0), (5, '?', 6, 6), (5, 7, 6, 0), (5, '?', 6, 6), (5, 1, 6, 6), (5, 5, 6, 0), (5, 3, 6, 0), (5, 5, 6, 0), (5, 6, 6, 0), (5, 3, 6, 0), (5, 4, 6, 6), (5, 1, 6, 6), (5, '?', 6, 0), (5, 3, 6, 0), (5, '?', 6, 6), (5, 2, 6, 0), (5, 4, 6, 6), (5, '?', 6, 0), (5, '?', 6, 6), (5, '?', 6, 6), (5, '?', 6, 0), (5, 1, 6, 6), (5, 7, 6, 0), (5, '?', 6, 0), (5, 2, 6, 0), (5, 1, 6, 0), (5, 6, 6, 0), (5, 1, 6, 6), (5, 4, 6, 6), (5, 2, 6, 0), (5, 7, 6, 0), (5, 2, 6, 0)]"
"(3, 5, 2, 2, 0)","[(6, 6, 5, 6), (6, 6, 1, 0), (6, 1, 1, 0), (6, 1, 1, 0)]"
"(3, 5, 2, 5, 0)","[(6, 6, 5, '?'), (6, 4, 5, '?')]"
"(3, 5, 2, 16, 0)","[(5, 6, 5, 2), (5, 6, 5, 2), (5, 4, '?', 2), (5, 6, 5, 2), (5, 4, 1, 2)]"
"(3, 5, 2, 21, 0)","[(5, 1, 1, '?'), (5, 4, 5, '?'), (5, 1, 1, '?'), (5, 6, 5, '?'), (5, 6, 5, '?'), (5, 6, 5, '?'), (5, 1, 1, '?'), (5, 1, 1, '?'), (5, 4, 5, '?'), (5, 4, 5, '?'), (5, 6, 1, '?'), (5, 6, 1, '?'), (5, 1, 1, '?'), (5, 6, 1, '?'), (5, 1, 1, '?'), (5, 4, 5, '?'), (5, 6, 1, '?'), (5, 4, 1, '?'), (5, 1, 1, '?'), (5, 1, 1, '?')]"
"(3, 5, 2, 22, 0)","[(6, 1, 1, '?'), (6, 1, 1, '?')]"
"(3, 5, 2, 25, 0)","[(5, 6, 5, 0), (5, 1, 5, 0), (5, 6, 5, 6), (5, 1, 5, 0), (5, 1, 1, 6), (5, 6, 5, 6), (5, 6, 1, 6), (5, 1, 1, 0), (5, 6, 5, 6), (5, 1, 1, 6), (5, 1, 1, 0), (5, 1, 5, 0), (5, 4, 5, 0), (5, 1, 5, 0), (5, 6, 5, 0), (5, 4, 5, 0), (5, 1, 1, 0), (5, 1, 5, 0), (5, 6, 5, 6), (5, 1, 5, 0)]"
"(3, 5, 4, 16, 0)","[(5, 5, 5, 2), (5, 0, 5, 2), (5, 5, 1, 2), (5, 5, 5, 2), (5, 0, 5, 2), (5, 0, 5, 2), (5, 0, '?', 2), (5, 0, 5, 2), (5, 5, 5, 2)]"
"(3, 5, 4, 21, 0)","[(5, 5, 1, '?'), (5, 5, 1, '?'), (5, 0, 5, '?'), (5, 0, 5, '?'), (5, 5, 5, 5), (5, 0, 5, '?')]"
"(3, 5, 4, 25, 0)","[(5, 0, 5, 6), (5, 5, 5, 0), (5, 5, 1, 0), (5, 5, 5, 6), (5, 5, 5, 6), (5, 5, 1, 0), (5, 5, 5, 6), (5, 5, 5, 6), (5, 5, 5, 0), (5, 0, 5, 6), (5, 5, 5, 0), (5, 0, 5, 6), (5, 0, 5, 6), (5, 0, 5, 0), (5, 5, 5, 6), (5, 5, 1, 6), (5, 0, 5, 6), (5, 5, 5, 6), (5, 0, 5, 6), (5, 0, 5, 0), (5, 5, 5, 0), (5, 0, 1, 6), (5, 5, 1, 6), (5, 5, 1, 6), (5, 0, 5, 0), (5, 0, 5, 0), (5, 5, 5, 6)]"
"(3, 5, 5, 2, 0)","[(6, '?', 5, 6), (6, '?', 5, 0), (6, '?', 5, 0), (6, 6, 5, 6), (6, 6, 5, 6), (6, 3, 5, 0), (6, 6, 5, 0), (6, '?', 5, 0), (6, 6, 5, 0), (6, '?', 5, 0), (5, 6, 5, 0)]"
"(3, 5, 5, 16, 0)","[(5, 3, 5, 2), (5, 6, 5, 2), (5, 6, 5, 2), (5, 6, 5, 2), (5, 2, 5, 2), (5, 2, 5, 2), (5, 3, 5, 2), (5, 2, 5, 2), (5, 2, 5, 2), (5, 4, 5, 2), (5, 6, 5, 2), (5, 3, 5, 2), (5, 3, 5, 2), (5, 4, 5, 2)]"
"(3, 5, 5, 20, 0)","[(6, 3, 5, 2), (6, 0, 5, 2), (6, 3, 5, 2), (6, 4, 5, 2), (6, 3, 5, 2), (6, 3, 5, 2), (6, 2, 5, 2), (6, 3, 5, 2), (6, 2, 5, 2), (6, 2, 5, 2)]"
"(3, 5, 5, 21, 0)","[(5, 6, 5, '?'), (5, 4, 5, '?'), (5, 7, 5, '?'), (5, 6, 5, '?'), (5, 2, 5, '?'), (5, 3, 5, '?'), (5, 4, 5, '?'), (5, 6, 5, '?'), (5, 6, 5, '?'), (5, 2, 5, '?'), (5, 4, 5, '?'), (5, 7, 5, '?'), (5, 7, 5, '?'), (5, 3, 5, '?')]"
"(3, 5, 5, 22, 0)","[(6, 2, 5, 4), (6, '?', 5, '?'), (6, 3, 5, '?'), (6, '?', 5, '?'), (6, 6, 5, '?'), (6, 6, 5, '?'), (6, 2, 5, '?'), (6, 6, 5, '?'), (6, 4, 5, '?'), (6, 6, 5, '?'), (6, '?', 5, '?'), (6, 4, 5, '?')]"
"(3, 5, 5, 25, 0)","[(5, '?', 5, 0), (5, '?', 5, 0), (5, 6, 5, 0), (5, 2, 5, 0), (5, '?', 5, 0), (5, '?', 5, 6), (5, 3, 5, 0), (5, 6, 5, 6), (5, 1, 5, 0), (5, 2, 5, 0), (5, 6, 5, 6), (5, '?', 5, 6), (5, '?', 5, 6), (5, '?', 5, 6), (5, 3, 5, 0), (5, '?', 5, 6), (5, 1, 5, 0), (5, 3, 5, 0), (5, 1, 5, 0), (5, '?', 5, 0), (5, '?', 5, 6), (5, 6, 5, 0), (5, 4, 5, 0), (5, 6, 5, 0), (5, '?', 5, 6), (5, '?', 5, 0), (5, 6, 5, 6), (5, 2, 5, 0), (5, 2, 5, 0), (5, '?', 5, 6), (5, 6, 5, 0), (5, 7, 5, 0), (5, 4, 5, 0)]"
"(3, 5, 6, 3, 0)","[(5, 2, 5, 6), (5, 7, 5, '?')]"
"(3, 5, 6, 5, 0)","[(6, 3, 5, '?')]"
"(3, 5, 6, 16, 0)","[(5, 3, 1, 2), (5, 3, 1, 2), (5, 7, 1, 2), (5, 2, 1, 2), (5, 3, 1, 2), (5, 3, 1, 2), (5, 3, 1, 2)]"
"(3, 5, 6, 21, 0)","[(5, 2, 1, '?'), (5, 2, 1, '?'), (5, 7, 1, '?'), (5, 3, 5, '?'), (5, 7, 1, '?'), (5, 2, 1, '?'), (5, 7, 5, 6), (5, 7, 5, '?'), (5, 7, 1, '?'), (5, 7, 1, '?'), (5, 7, 5, '?'), (5, 2, 5, '?'), (5, 3, 5, '?'), (5, 2, 5, 6), (5, 7, 1, '?'), (5, 7, 1, '?'), (5, 7, 1, '?'), (5, 3, 5, '?'), (5, 2, 1, '?')]"
"(3, 5, 6, 22, 0)","[(6, 7, 1, '?')]"
"(3, 5, 6, 25, 0)","[(5, 2, 1, 6), (5, 7, 5, 0), (5, 2, 1, 6), (5, 3, 1, 6), (5, 3, 1, 6), (5, 7, 1, 6), (5, 7, 5, 6), (5, 2, 1, 0), (5, 3, 1, 6), (5, 7, 5, 0), (5, 2, 5, 6), (5, 3, 1, 0), (5, 3, 5, 0), (5, 7, 5, 6), (5, 2, 1, 0), (5, 2, '?', 0), (5, 7, 1, 6), (5, 2, 1, 6), (5, 7, 5, 6)]"
"(3, 5, 9, 9, 0)","[(6, 7, 1, 7)]"
"(3, 5, 9, 25, 0)","[(5, 6, 1, '?')]"
"(3, 5, 14, 2, 0)","[(6, 3, 5, '?')]"
"(3, 5, 16, 2, 0)","[(5, 1, 5, 1), (5, 1, 5, 1), (5, 6, 1, 1), (5, 6, 1, 1), (5, 1, 5, 1)]"
"(3, 5, 16, 4, 0)","[(5, 5, 5, 1)]"
"(3, 5, 16, 6, 0)","[(5, 2, 5, '?'), (5, 7, 5, 1), (5, 7, 5, 1), (5, 7, 5, '?')]"
"(3, 5, 16, 16, 0)","[(5, 5, 5, 1), (5, '?', 5, 1), (5, 5, 5, 1), (5, 5, 5, 1), (5, 5, 5, 1), (5, '?', 5, 1), (5, 5, 5, 1)]"
"(3, 5, 16, 20, 0)","[(5, 7, 1, 1), (5, 7, 1, 1), (5, 7, 1, 1), (5, '?', 5, 1), (5, 6, 1, 1), (5, 3, 5, 1), (5, 4, 5, 1)]"
"(3, 5, 16, 25, 0)","[(5, 6, 1, 1), (5, 4, 1, '?'), (5, 2, 5, 1)]"
"(3, 5, 20, 2, 0)","[(6, 4, 5, 1)]"
"(3, 5, 20, 4, 0)","[(5, 5, 5, 5), (5, 5, 5, 5)]"
"(3, 5, 20, 5, 0)","[(6, '?', 5, 1), (5, 2, 5, 1), (6, 4, 5, 1), (6, '?', 5, 1), (6, 2, 5, 1), (6, 7, 5, 1), (6, 7, 5, 1), (6, 4, 5, 1), (6, '?', 5, 1), (5, 4, 5, 1)]"
"(3, 5, 20, 6, 0)","[(6, 3, 1, 1)]"
"(3, 5, 20, 16, 0)","[(5, 4, 5, 1), (5, 3, 5, 1), (5, 2, 5, 1), (5, '?', 5, 1), (5, '?', 5, 1), (5, 6, 1, 1)]"
"(3, 5, 20, 20, 0)","[(6, '?', 1, 1), (6, 4, 5, 1), (6, 6, 5, 1), (6, 4, 1, 1), (6, '?', 1, 1), (6, 4, 1, 1), (6, 4, 1, 1), (6, 3, 1, 1), (6, 7, 1, 1), (6, '?', 1, 1), (6, 3, 1, 1), (5, 3, 5, 1), (6, 7, 1, 1), (6, 7, 1, 1), (6, 3, 1, 1)]"
"(3, 5, 20, 21, 0)","[(5, 7, 5, 5), (5, 7, 5, 5), (5, 1, 1, 5), (5, 1, 1, 5), (5, '?', 1, 5), (5, 5, 5, 5), (5, 7, 5, 5), (5, 2, 5, 5), (5, 2, 5, 5), (5, 3, 1, 5), (5, 1, 5, 5), (5, 1, 5, 5)]"
"(3, 5, 20, 25, 0)","[(5, 1, 1, 1), (5, 4, 1, 1), (5, 6, 1, 1), (5, 4, 1, 1), (5, 1, 1, 1), (5, 4, 1, 1), (5, 6, 1, 1), (5, 6, 1, 1), (5, 4, 1, 1), (5, 4, 5, 1), (5, 6, 1, 1)]"
"(3, 5, 21, 16, 0)","[(5, 7, 1, 2), (5, 3, 1, 2), (5, 2, 5, 2), (5, 6, 1, 2), (5, 6, 1, 2), (5, 6, 1, 2), (5, '?', 1, 2)]"
"(3, 5, 22, 2, 0)","[(6, 6, 1, 6), (6, '?', 1, 0), (6, 6, 1, 6), (6, 6, 1, 6), (6, 6, 1, 6), (6, 6, 1, 6), (6, 6, 1, 6), (6, '?', 1, 0), (6, 2, 1, 0), (6, 6, 1, 3), (6, 6, 1, 0)]"
"(3, 5, 22, 9, 0)","[(6, 4, 1, 7)]"
"(3, 5, 22, 16, 0)","[(5, '?', 1, 2), (5, 3, 1, 2), (5, '?', 1, 2), (5, 6, 1, 2), (5, '?', 1, 2), (5, '?', 1, 2), (5, 4, 1, 2), (5, 7, 1, 2), (5, 4, 1, 2), (5, 6, 1, 2)]"
"(3, 5, 22, 20, 0)","[(6, 3, 1, 2), (6, 2, 1, 2), (6, '?', 1, 2), (6, 7, 1, 2), (6, 2, 1, 2), (6, 3, 1, 2), (6, 1, 1, 2), (6, '?', 1, 2), (6, 3, 1, 2), (6, 5, 1, 2)]"
"(3, 5, 22, 21, 0)","[(5, 6, 1, '?'), (5, 7, 1, 4), (5, 4, 1, '?'), (5, '?', 1, '?'), (5, '?', 1, '?'), (5, 1, 1, 4), (5, 1, 1, 4), (5, '?', 1, '?'), (5, 4, 1, '?'), (5, '?', 1, '?'), (5, '?', 1, '?'), (5, 2, 1, '?'), (5, 6, 1, '?'), (5, 6, 1, '?'), (5, 4, 1, '?'), (5, '?', 1, '?'), (5, '?', 1, '?'), (5, '?', 1, '?'), (5, 6, 1, '?')]"
"(3, 5, 22, 22, 0)","[(6, '?', 1, '?'), (6, 6, 1, '?'), (6, '?', 1, '?'), (6, 6, 1, '?'), (6, '?', 1, '?'), (6, 4, 1, 4), (6, 4, 1, 4), (6, '?', 1, '?'), (6, 6, 1, '?'), (6, '?', 1, '?')]"
"(3, 5, 22, 25, 0)","[(5, 6, 1, 0), (5, 6, 1, 0), (5, '?', 1, 0), (5, 6, 1, 6), (5, 1, 1, 6), (5, 6, 1, 0), (5, '?', 1, 6), (5, 1, 1, 6), (5, 6, 1, 0), (5, '?', 1, 6), (5, 6, 1, 6), (5, 4, 1, 6), (5, 4, 1, 0), (5, 4, 1, 6), (5, '?', 1, 0), (5, 3, 1, 0), (5, 4, 1, 0), (5, 4, 1, 0), (5, 2, 1, 0), (5, 1, 1, 0), (5, '?', 1, 0), (5, '?', 1, 0), (5, 6, 1, 0), (5, '?', 1, 6), (5, 6, 1, 6), (5, 1, 1, 0)]"
"(3, 6, 2, 2, 0)","[(6, 6, 0, 0), (6, 4, 0, 6), (6, 6, 0, 0), (6, 6, 0, 6), (6, 4, 0, 6), (6, 4, 0, 6), (6, 4, 0, 6), (6, 6, 0, 0), (6, 4, 0, 0), (6, 4, 0, 0), (6, 4, 0, 0)]"
"(3, 6, 2, 3, 0)","[(5, 4, 0, '?')]"
"(3, 6, 2, 16, 0)","[(5, 4, 0, 2), (5, 6, 0, 2), (5, 6, 0, 2), (5, 6, 0, 2)]"
"(3, 6, 2, 20, 0)","[(6, 6, 0, 2), (6, 6, 0, 2), (6, 6, 0, 2), (6, 6, 0, 2)]"
"(3, 6, 2, 21, 0)","[(5, 1, 0, 6), (5, 1, 0, '?'), (5, 4, 0, '?'), (5, 1, 0, 4), (5, 4, 0, '?'), (5, 6, 0, '?'), (5, 1, 0, 0), (5, 6, 0, 2), (5, 4, 0, 2), (5, 1, 0, 0), (5, 1, 0, '?'), (4, 4, 0, 2), (5, 4, 0, '?'), (5, 6, 0, '?'), (5, 1, 0, 0), (5, 1, 0, '?'), (5, 4, 0, '?'), (5, 6, 0, '?'), (5, 1, 0, '?'), (5, 1, 0, 6), (5, 1, 0, '?'), (5, 4, 0, '?'), (5, 1, 0, '?'), (5, 1, 0, 6), (5, 1, 0, 0), (5, 4, 0, '?'), (5, 6, 0, '?'), (5, 6, 0, '?'), (5, 1, 0, '?')]"
"(3, 6, 2, 22, 0)","[(6, 1, 0, 6), (6, 1, 0, 6), (6, 1, 0, 4), (6, 1, 0, 6), (6, 1, 0, 6), (6, 1, 0, 4), (6, 1, 0, '?')]"
"(3, 6, 2, 25, 0)","[(5, 6, 0, 0), (5, 4, 0, 6), (5, 4, 0, 0), (5, 6, 0, 6), (5, 4, 0, 6), (5, 4, 0, 0), (5, 6, 0, 0), (5, 4, 0, 0), (5, 6, 0, 0)]"
"(3, 6, 4, 2, 0)","[(6, 0, 0, 0), (6, 0, 0, 0), (6, 5, 0, 0), (6, 5, 0, 0), (6, 0, 0, 0), (6, 0, 0, 0), (6, 5, 0, 0), (6, 0, 0, 0), (6, 5, 0, 6), (6, 5, 0, 6), (6, 5, 0, 6)]"
"(3, 6, 4, 16, 0)","[(5, 0, 0, 2), (5, 0, 0, 2), (5, 0, 0, 2), (5, 5, 0, 2)]"
"(3, 6, 4, 20, 0)","[(6, 0, 0, 2), (6, 5, 0, 2), (6, 0, 0, 2), (6, 5, 0, 2)]"
"(3, 6, 4, 21, 0)","[(5, 0, 0, '?'), (5, 5, 0, 2), (5, 0, 0, '?'), (5, 5, 0, 2), (5, 5, 0, 2), (5, 0, 0, '?'), (5, 5, 0, 2), (5, 0, 0, 2), (5, 0, 0, '?'), (5, 0, 0, '?'), (5, 0, 0, '?')]"
"(3, 6, 4, 22, 0)","[(6, 0, 0, '?'), (6, 5, 0, '?'), (6, 0, 0, '?'), (6, 5, 0, '?'), (6, 5, 0, '?'), (6, 5, 0, '?'), (6, 0, 0, '?'), (6, 5, 0, '?')]"
"(3, 6, 4, 25, 0)","[(5, 0, 0, 6), (5, 0, 0, 0), (5, 5, 0, 0), (5, 5, 0, 0), (5, 0, 0, 6), (5, 0, 0, 6), (5, 0, 0, 0), (5, 5, 0, 0), (5, 5, 0, 0), (5, 0, 0, 0), (5, 0, 0, 6), (5, 5, 0, 0), (5, 0, 0, 6), (5, 5, 0, 0), (5, 5, 0, 0), (5, 0, 0, 0)]"
"(3, 6, 6, 2, 0)","[(6, 3, 0, 6), (6, 3, 0, 6), (6, 7, 0, 0), (6, 3, 0, 6)]"
"(3, 6, 6, 3, 0)","[(5, 7, 0, 6)]"
"(3, 6, 6, 10, 0)","[(5, 2, 0, 6), (5, 2, 0, 6)]"
"(3, 6, 6, 16, 0)","[(5, 7, 0, 2), (5, 7, 0, 2), (5, 3, 0, 2), (5, 3, 0, 2), (5, 7, 0, 2), (5, 7, 0, 2), (5, 7, 0, 2)]"
"(3, 6, 6, 20, 0)","[(6, 7, 0, 2)]"
"(3, 6, 6, 21, 0)","[(5, 2, 0, 6), (5, 7, 0, 6), (5, 2, 0, 6), (5, 7, 0, 0), (5, 2, 0, 0), (5, 7, 0, 6), (5, 7, 0, '?'), (5, 7, 0, '?'), (5, 7, 0, '?'), (5, 7, 0, '?'), (5, 7, 0, 6), (5, 7, 0, 6), (5, '?', 0, '?'), (5, 7, 0, 6), (5, 2, 0, 0), (5, 2, 0, '?'), (5, 2, 0, '?'), (5, 7, 0, '?')]"
"(3, 6, 6, 22, 0)","[(6, 7, 0, 6), (6, 7, 0, 6), (6, 7, 0, 0), (6, 7, 0, 0), (6, 2, 0, 6), (6, 7, 0, 6), (6, 7, 0, '?'), (6, 7, 0, 6), (6, 3, 0, '?')]"
"(3, 6, 6, 25, 0)","[(5, 3, 0, 6), (5, 3, 0, 6), (5, 7, 0, 0), (5, 7, 0, 6), (5, '?', 0, 6)]"
"(3, 6, 9, 1, 0)","[(5, 5, 0, 7), (5, 2, 0, 7), (5, 0, 0, 7)]"
"(3, 6, 9, 25, 0)","[(5, 1, 0, 3), (5, 6, 0, 3)]"
"(3, 6, 16, 2, 0)","[(5, 4, 0, 5)]"
"(3, 6, 16, 4, 0)","[(5, 0, 0, 1), (5, 0, 0, 5), (5, 0, 0, 5), (5, 0, 0, 1), (5, 0, 0, 5), (5, 5, 0, 1), (5, 5, 0, 1), (5, 5, 0, 1)]"
"(3, 6, 16, 6, 0)","[(5, 7, 0, 1), (5, '?', 0, 1), (5, 3, 0, 1), (5, 7, 0, 1)]"
"(3, 6, 16, 16, 0)","[(5, 7, 0, 1), (5, 6, 0, 1), (5, '?', 0, 1), (5, 4, 0, 1)]"
"(3, 6, 16, 20, 0)","[(5, 2, 0, 1), (5, 2, 0, 1), (5, 2, 0, 1), (5, '?', 0, 1), (5, '?', 0, 1), (5, 3, 0, 1)]"
"(3, 6, 16, 21, 0)","[(5, 5, 0, 5), (5, 0, 0, 5), (5, 4, 0, 5), (5, 2, 0, 5), (5, 2, 0, 5)]"
"(3, 6, 16, 25, 0)","[(5, 3, 0, 1), (5, 4, 0, 1), (5, 5, 0, 1), (5, 1, 0, 1), (5, 3, 0, 1), (5, 6, 0, 1), (5, 2, 0, 1), (5, 5, 0, 1), (5, '?', 0, 1), (5, 1, 0, 1), (5, 0, 0, 1), (5, 4, 0, 1), (5, 3, 0, 1), (5, 6, 0, 1), (5, '?', 0, 1), (5, 6, 0, 1), (5, 1, 0, 1), (5, 4, 0, 1), (5, 3, 0, 1), (5, 6, 0, 1), (5, 6, 0, 1)]"
"(3, 6, 20, 2, 0)","[(6, 1, 0, 1), (6, 1, 0, 1), (5, 4, 0, 5), (6, 1, 0, 5), (6, 4, 0, 5), (6, 1, 0, 5), (6, 4, 0, 1), (6, 4, 0, 1), (6, 1, 0, 1), (6, 1, 0, 1)]"
"(3, 6, 20, 4, 0)","[(6, 5, 0, 1), (6, 5, 0, 1), (6, 5, 0, 1), (6, 5, 0, 1), (6, 5, 0, 1), (6, 5, 0, 1), (6, 5, 0, 1)]"
"(3, 6, 20, 6, 0)","[(5, 3, 0, 5), (5, 3, 0, 5), (6, 3, 0, 5)]"
"(3, 6, 20, 20, 0)","[(6, 2, 0, 1), (6, 4, 0, 1), (6, 2, 0, 1), (6, 3, 0, 1), (6, 3, 0, 1), (6, 4, 0, 1), (6, 2, 0, 1), (6, 2, 0, 1), (6, 3, 0, 1), (6, 1, 0, 1), (6, 2, 0, 1), (6, 2, 0, 1), (6, 3, 0, 1)]"
"(3, 6, 20, 21, 0)","[(5, 2, 0, 5), (5, 2, 0, 5), (5, '?', 0, 5), (5, '?', 0, 5), (5, '?', 0, 5), (5, 3, 0, 5), (5, 5, 0, 5), (5, 3, 0, 5), (5, 2, 0, 5), (5, 5, 0, 5), (5, '?', 0, 5), (5, '?', 0, 5), (5, 5, 0, 5), (5, 2, 0, 5), (5, 0, 0, 5), (5, '?', 0, 5), (5, '?', 0, 5), (5, 5, 0, 5), (5, '?', 0, 5), (5, 4, 0, 5), (5, 0, 0, 5), (5, 3, 0, 5), (5, '?', 0, 5), (5, '?', '?', 5), (5, 4, 0, 5)]"
"(3, 6, 20, 22, 0)","[(6, 7, 0, 5), (6, '?', 0, 5), (6, 1, 0, 5), (6, 4, 0, 5), (6, 4, 0, 5), (6, 6, 0, 5), (6, 1, 0, 5), (6, 7, 0, 5), (6, 3, 0, 5), (6, 5, 0, 5), (6, 3, 0, 5), (6, 4, 0, 5), (6, 7, 0, 5), (6, '?', 0, 5), (6, 6, 0, 5), (6, '?', 0, 5), (6, '?', 0, 5), (6, 1, 0, 5), (6, '?', 0, 5), (6, '?', 0, 5), (6, 3, 0, 5)]"
"(3, 6, 20, 25, 0)","[(5, 2, 0, 1), (5, 6, 0, 1), (5, '?', 0, 1), (5, 4, 0, 1), (5, '?', 0, 1), (5, 1, 0, 1), (5, 1, 0, 1), (5, 1, 0, 1), (5, 2, 0, 1), (5, 4, 0, 1), (5, 4, 0, 1), (5, '?', 0, 1), (5, 7, 0, 1), (5, 6, 0, 1), (5, 7, 0, 1), (5, 1, 0, 1)]"
"(3, 6, 22, 2, 0)","[(6, 7, 0, 0), (6, 3, 0, 0), (6, 3, 0, 0), (6, 3, 0, 6), (6, 6, 0, 0), (6, 6, 0, 0), (6, '?', 0, 6), (6, '?', 0, 6), (6, '?', 0, 6), (6, 4, 0, 6), (6, 6, 0, 6), (6, 3, 0, 0), (6, '?', 0, 6), (6, 3, 0, 6), (6, '?', 0, 6), (6, 4, 0, 6), (6, 2, 0, 0), (6, 6, 0, 6), (6, 6, 0, 0), (6, 3, 0, 0), (6, '?', 0, 6), (6, 6, 0, 6), (6, 2, 0, 0), (6, 6, 0, 6), (6, 2, 0, 0)]"
"(3, 6, 22, 16, 0)","[(5, 7, 0, 2), (5, 6, 0, 2), (5, '?', 0, '?'), (5, 7, 0, 2), (4, 7, 0, 2), (4, '?', 0, 2), (4, '?', 0, 2), (5, 3, 0, 2), (5, 0, 0, 2)]"
"(3, 6, 22, 20, 0)","[(6, 5, 0, 2), (6, 0, 0, 2), (6, 5, 0, 2), (6, 4, 0, 2), (6, 4, 0, 2), (6, 1, 0, 2), (6, 7, 0, 2), (6, 1, 0, 2), (6, '?', 0, 2), (6, 4, 0, 2), (6, 5, 0, 2), (6, 7, 0, 2), (6, 6, 0, 2), (6, 1, 0, 2), (6, '?', 0, 2), (6, 4, 0, 2), (6, '?', 0, 2), (6, 4, 0, 2), (6, 7, 0, 2), ('?', 3, 0, 2), (6, 7, 0, 2), (6, '?', 0, 2), (6, '?', 0, 2)]"
"(3, 6, 22, 21, 0)","[(5, '?', 0, 6), (5, 7, 0, 0), (5, '?', 0, '?'), (5, 2, 0, '?'), (5, 6, 0, 6), (5, 1, 0, 4), (5, 7, 0, '?'), (5, '?', 0, '?'), (5, 3, 0, 6), (5, 1, 0, '?'), (5, 7, 0, 0), (5, 2, 0, '?'), (5, 2, 0, 6), (5, 2, 0, '?'), (5, 6, 0, '?'), (5, 1, 0, 4), (5, '?', 0, '?'), (5, 1, 0, 6), (5, 6, 0, '?'), (5, 2, 0, 6), (5, 2, 0, 0), (5, 7, 0, 0), (5, 2, 0, '?'), (5, 2, 0, 6), (5, 4, 0, 2), (5, 1, 0, 0), (5, '?', 0, '?'), (5, 3, 0, 2), (5, 2, 0, 0), (5, '?', 0, '?'), (5, '?', 0, '?'), (5, 1, 0, 6), (5, '?', 0, 6), (5, 7, 0, 0), (5, '?', 0, '?'), (5, 1, 0, 0)]"
"(3, 6, 22, 22, 0)","[(6, 3, 0, '?'), (6, 2, 0, 6), (6, '?', 0, '?'), (6, 1, 0, 4), (6, 3, 0, '?'), (6, 6, 0, 2), (6, 1, 0, '?'), (6, '?', 0, 2), (6, 3, 0, '?'), (6, 1, 0, '?'), (6, '?', 0, '?'), (6, 3, 0, '?'), (6, 6, 0, 4), (6, 2, 0, 6), (6, 7, 0, '?'), (6, '?', 0, '?'), (6, 1, 0, 4), (6, 1, 0, 4), (6, 1, 0, '?'), (6, 3, 0, '?'), (6, '?', 0, '?'), (6, 2, 0, 6), (6, 2, 0, 6), (6, '?', 0, '?'), (6, 3, 0, '?')]"
"(3, 6, 22, 25, 0)","[(5, 4, 0, 6), (5, 6, 0, 0), (5, 4, 0, 6), (5, 6, 0, 0), (5, 7, 0, 0), (5, 6, 0, 6), (5, '?', 0, 6), (5, '?', 0, 6), (5, 6, 0, 0), (5, 6, 0, 6), (5, 6, 0, 6), (5, 4, 0, 6), (5, '?', 0, 6), (5, 6, 0, 6), (5, 2, 0, 0), (5, 7, 0, 0), (5, 1, 0, 0), (5, '?', 0, 6)]"
"(3, 6, 25, 25, 0)","[(5, 6, 0, 6), (5, 6, 0, 0), (5, '?', 0, 6), (5, 3, 0, 6)]"
"(3, 9, 1, 1, 0)","[(5, 1, '?', 7), (5, 3, 6, 7), (5, 2, 4, 7), (5, 1, 4, 7), (5, 2, 6, 7), (5, 2, 4, 7), (5, 6, 4, 7)]"
"(3, 9, 1, 9, 0)","[(5, '?', 4, 7)]"
"(3, 9, 2, 9, 0)","[(6, 6, 6, 7), (6, 1, '?', 7), (6, 1, 4, 7)]"
"(3, 9, 2, 21, 0)","[(5, 6, '?', 4), (5, 1, 4, 4), (5, 1, '?', 4), (5, 6, '?', 4)]"
"(3, 9, 2, 22, 0)","[(6, 6, '?', 4), (6, 1, '?', 4), (6, 1, 4, 4), (6, 6, '?', 4), (6, 4, '?', 4)]"
"(3, 9, 2, 25, 0)","[(5, 4, '?', 3), (5, 1, 5, 3)]"
"(3, 9, 3, 1, 0)","[(5, 3, 3, 7), (5, 1, 6, 7), (5, 3, 4, 7), (5, 1, 6, 7), (5, 6, 3, 7)]"
"(3, 9, 3, 2, 0)","[(5, 6, '?', 3), (5, 1, 5, 3)]"
"(3, 9, 3, 4, 0)","[(5, 2, 6, 3), (5, '?', 6, 3)]"
"(3, 9, 3, 9, 0)","[(5, 3, 3, 7), (5, '?', 3, 7), (5, 6, '?', 7)]"
"(3, 9, 3, 25, 0)","[(5, 6, 2, 3), (5, 1, 5, 3), (5, 2, 7, 3), (5, 1, '?', 3)]"
"(3, 9, 4, 1, 0)","[(5, 5, '?', 7), (5, 0, 0, 7), (5, 6, 6, 7), (5, 2, 6, 7), (5, 4, 6, 7), (5, 7, 6, 7), (5, 1, 6, 7), (5, 4, 6, 7), (5, 1, 6, 7)]"
"(3, 9, 4, 2, 0)","[(6, 0, 6, 3), (6, 5, 6, 3)]"
"(3, 9, 4, 9, 0)","[(5, 0, 6, 7), (6, 0, 6, 7), (5, 0, 6, 7), (6, 6, 6, 7), (5, 6, 6, 7), (6, 6, 6, 7), (6, 4, 6, 7), (6, 6, 6, 7), (6, 3, 6, 7), (6, '?', 6, 7), (6, 3, 6, 7), (6, 4, 6, 7), (6, 0, 6, 7), (6, 2, 6, 7), (6, 6, 6, 7), (6, 6, 6, 7), (6, 6, 6, 7), (6, 3, 6, 7), (6, 0, 6, 7), (6, 0, 6, 7), (6, 3, 6, 7), (6, 3, 6, 7)]"
"(3, 9, 4, 21, 0)","[(5, '?', 6, 4), (5, 6, 6, 4), (5, 2, 6, 4), (5, '?', 6, 4), (5, '?', 6, 4), (5, 6, 6, 4), (5, 7, 6, 4), (5, 1, 6, 4)]"
"(3, 9, 4, 22, 0)","[(5, '?', 6, 4), (5, '?', 6, 4), (6, 5, 6, 4), (6, 3, 6, 4), (5, 1, 6, 4), (6, 0, 6, 4), (6, 5, 6, 4)]"
"(3, 9, 4, 25, 0)","[(5, 6, 6, 3), (5, 5, 6, 3), (5, 2, 6, 3), (5, 2, 6, 3), (5, '?', 6, 3), (5, 2, 6, 3), (5, 6, 6, 3), (5, 6, 6, 3)]"
"(3, 9, 5, 3, 0)","[(5, 1, 5, 4), (5, 6, 5, 4)]"
"(3, 9, 5, 21, 0)","[(5, 5, 5, 4), (5, 3, 5, 4), (5, 5, 5, 4)]"
"(3, 9, 5, 25, 0)","[(5, 1, 5, 3), (5, 2, 5, 3), (5, 6, 5, 3), (5, 1, 5, 3), (5, 1, 5, 3), (5, 6, 5, 3), (5, '?', 5, 3), (5, 6, 1, 3), (5, '?', 5, 3), (5, 3, 5, 3)]"
"(3, 9, 6, 1, 0)","[(5, 2, 0, 7), (5, 5, 0, 7), (5, 2, 0, 7), (5, 2, 0, 7), (5, 0, 0, 7), (5, 2, 0, 7), (5, 7, 0, 7), (5, 0, 0, 7)]"
"(3, 9, 6, 2, 0)","[(6, '?', 0, 3), (6, 6, 0, 3), (6, 4, 0, 3), (6, 4, 0, 3), (6, 2, 0, 3), (6, 5, 0, 3), (6, 1, 0, 3), (6, 6, 0, 3), (6, '?', 0, 3), (6, 6, 0, 3), (6, 3, 0, 3), (6, 1, 0, 3), (6, 6, 0, 3), (6, 6, 0, 3), (6, 1, 0, 3), (6, 1, 0, 3), (6, 4, 0, 3), (6, 6, 0, 3), (6, 2, 0, 3), (6, 1, 0, 3), (6, 4, 0, 3), (6, 4, 0, 3)]"
"(3, 9, 6, 3, 0)","[(5, 7, 0, 7), (5, '?', 0, 4), (5, '?', 0, 4), (5, 1, 0, 4)]"
"(3, 9, 6, 9, 0)","[(6, 6, 0, 7), (6, 6, 0, 7), (6, '?', 0, 7), (6, '?', 0, 7), (6, '?', 0, 7), (6, '?', 0, 7), (6, 6, 0, 7), (6, '?', 0, 7), (6, 5, 0, 7), (6, '?', 0, 7), (6, 7, 0, 7), (6, '?', 0, 7), (6, 6, 0, 7), (6, 6, 0, 7)]"
"(3, 9, 6, 21, 0)","[(5, '?', 0, 4), (5, 6, 0, 4), (5, 4, 0, 4), (5, 6, 0, 4), (5, 6, 0, 4), (5, '?', 0, 4), (5, 7, 0, 4), (5, 3, 0, 4), (5, 4, 0, 4), (5, 7, 0, 4), (5, 1, 0, 4), (5, 4, 0, 4), (5, 0, 0, 4), (5, 3, 0, 4), (5, 1, 0, 4), (5, 5, 0, 4), (5, 6, 0, 4), (5, 5, 0, 4), (5, 1, 0, 4)]"
"(3, 9, 6, 22, 0)","[(6, 3, 0, 4), (6, '?', 0, 4), (6, 5, 0, 4), (6, 6, 0, 4), (6, 2, 0, 4), (6, 2, 0, 4), (6, 6, 0, 4), (5, 0, 0, 4), (6, 2, 0, 4)]"
"(3, 9, 6, 25, 0)","[(5, 0, 0, 3), (5, 3, 0, 3), (5, 6, 0, 3), (5, 1, 0, 3), (5, 6, 0, 3), (5, 2, 1, 3), (5, 3, 0, 3), (5, 1, 0, 3), (5, 1, 0, 3), (5, 6, 0, 3), (5, 5, 0, 3), (5, 3, 0, 3), (5, 3, 0, 3), (5, 0, 0, 3)]"
"(3, 9, 9, 1, 0)","[(5, 2, 3, 7), (5, '?', 6, 7)]"
"(3, 9, 10, 1, 0)","[(5, 7, 0, 7), (5, 2, '?', 7), (5, '?', 3, 7), (5, 7, '?', 7), (5, 1, 3, 7), (5, '?', 3, 7)]"
"(3, 9, 10, 9, 0)","[(5, 1, 3, 7), (5, 3, 3, 7), (5, 1, '?', 7), (5, 6, 3, 7), (5, 2, 4, 7)]"
"(3, 9, 10, 10, 0)","[(5, 3, 3, 4), (5, 2, 4, 4), (5, 3, 6, 4)]"
"(3, 9, 10, 21, 0)","[(5, '?', 4, 4), (5, 1, 4, 4), (5, 2, 3, 4), (5, 2, 4, 4)]"
"(3, 9, 10, 22, 0)","[(5, 7, '?', 4), (5, 5, 0, 4)]"
"(3, 9, 10, 25, 0)","[(5, 3, '?', 3)]"
"(3, 9, 12, 1, 0)","[(5, 1, 3, 7), (5, '?', 3, 7), (5, 2, 3, 7), (5, 3, 3, 7)]"
"(3, 9, 12, 2, 0)","[(6, 2, 3, 3), (6, 6, 3, 7), (6, '?', 3, 3), (6, '?', 3, 3)]"
"(3, 9, 12, 3, 0)","[(5, '?', 3, 7), (5, 1, 3, 7), (5, 1, 3, 7), (5, 1, 3, 7), (5, 1, 3, 7)]"
"(3, 9, 12, 6, 0)","[(6, 3, 3, 4), (5, 3, 3, 4)]"
"(3, 9, 12, 9, 0)","[(6, '?', 3, 7), (6, 4, 3, 7), (6, '?', 3, 7), (6, 6, 3, 7), (6, 6, 3, 7), (6, 4, 3, 7), (6, '?', 3, 7), (6, '?', 3, 7), (6, 6, 3, 7), (6, '?', 3, 7), (6, 2, 3, 7), (6, '?', 3, 7), (6, 3, 3, 7), (6, 5, 3, 7), (6, 3, 3, 7), (6, 5, 3, 7), (6, 4, 3, 7), (6, '?', 3, 7)]"
"(3, 9, 12, 10, 0)","[(5, 1, 3, 4), (5, 4, 3, 4), (5, 4, 3, 4), (5, 4, 3, 4), (5, 2, 3, 4)]"
"(3, 9, 12, 21, 0)","[(5, 5, 3, 4), (5, 4, 3, 4)]"
"(3, 9, 12, 22, 0)","[(6, 6, 3, 4), (6, 0, 3, 4), (6, '?', 3, 3), (6, 4, 3, 3), (6, 0, 3, 4), (6, 4, 3, 3), (6, 1, 3, 3), (6, 5, 3, 4), (6, 0, 3, 4), (6, 6, 3, 4), (6, 6, 3, 3), (6, 6, 3, 3), (6, 3, 3, 3), (6, 0, 3, 4), (6, 4, 3, 3), (6, 6, 3, 3)]"
"(3, 9, 12, 25, 0)","[(5, 4, 3, 3), (5, 0, 3, 3), (5, 4, 3, 3)]"
"(3, 9, 18, 1, 0)","[(5, 7, 2, 7), (5, 7, 2, 7), (5, 0, 2, 7), (5, 6, 2, 7), (5, 3, 2, 7), (5, '?', 2, 7), (5, 5, 2, 7)]"
"(3, 9, 18, 2, 0)","[(5, 1, 2, 3), (5, 1, 2, 3), (5, 6, 2, 3)]"
"(3, 9, 18, 6, 0)","[(5, 7, 2, 4)]"
"(3, 9, 18, 10, 0)","[(5, 4, 2, 4)]"
"(3, 9, 18, 21, 0)","[(5, 6, 2, 4), (5, 6, 2, 4), (5, 3, 2, 4), (5, 4, 2, 4), (5, 2, 2, 4), (5, 3, 2, 4)]"
"(3, 9, 18, 22, 0)","[(5, '?', 2, 4), (6, 1, 2, 4)]"
"(3, 9, 18, 25, 0)","[(5, 2, 2, 3), (5, 6, 2, 3), (5, 1, 2, 3), (5, 6, 2, 3), (5, '?', 2, 3), (5, 1, 2, 3), (5, 3, 2, 3)]"
"(3, 9, 19, 1, 0)","[(5, 1, 4, 7), (5, 3, 4, 7), (5, 3, 4, 7), (5, 3, 4, 7), (5, 4, 4, 7), (5, 4, 4, 7), (5, 4, 4, 7), (5, 3, 4, 7), (5, '?', 4, 7), (5, 6, 4, 7), (5, '?', 4, 7)]"
"(3, 9, 19, 2, 0)","[(6, 3, 4, 3), (6, 3, 4, 3), (6, 6, 4, 3), (6, 3, 4, 3)]"
"(3, 9, 19, 3, 0)","[(5, 4, 4, 4), (5, 1, 4, 3), (5, 3, 4, 7), (5, 2, 4, 3)]"
"(3, 9, 19, 6, 0)","[(6, 2, 4, 7)]"
"(3, 9, 19, 8, 0)","[(5, '?', 4, 3)]"
"(3, 9, 19, 9, 0)","[(6, 2, 4, 7), (6, '?', 4, 7), (6, '?', 4, 7), (6, 4, 4, 7), (6, 3, 4, 7), (6, 1, 4, 7), (6, '?', 4, 7), (6, 2, 4, 7), (6, 4, 4, 7), (6, 6, 4, 7), (6, 6, 4, 7), (6, 6, 4, 7), (6, '?', 4, 7), (6, '?', 4, 7), (6, 2, 4, 7), (6, 2, 4, 7), (6, 4, 4, 7), (6, 1, 4, 7), (6, 4, 4, 7), (6, 6, 4, 7)]"
"(3, 9, 19, 21, 0)","[(5, 6, 4, 4), (5, 1, 4, 4), (5, 5, 4, 4), (5, 5, 4, 4), (5, 1, 4, 4)]"
"(3, 9, 19, 22, 0)","[(6, 3, 4, 7), (5, 3, 4, 4), (5, 5, 4, 4), (6, 2, 4, 7), (6, 1, 4, 7), (6, 1, 4, 4), (6, 1, 4, 4), (6, 5, 4, 7), (6, 7, 4, 4), (6, 2, 4, 7), (6, 4, 4, 4), (6, 1, 4, 4), (6, 3, 4, 4), (6, 7, 4, 7), (6, 7, 4, 4), (5, 3, 4, 4), (5, 0, 4, 4), (6, 3, 4, 4), (6, 7, 4, 4)]"
"(3, 9, 19, 25, 0)","[(5, 2, 4, 3), (5, 1, 4, 3), (5, 2, 4, 3), (5, 6, 4, 3), (5, 2, 4, 3), (5, 4, 4, 3), (5, 6, 4, 3), (5, 6, 4, 3), (5, '?', 4, 3)]"
"(3, 9, 21, 3, 0)","[(5, 3, 4, 4)]"
"(3, 9, 21, 21, 0)","[(5, 6, 4, 4), (5, '?', 4, 4), (5, 4, 4, 4), (5, 7, 4, 7), (5, 1, '?', 4), (5, 7, 2, 4)]"
"(3, 9, 21, 25, 0)","[(5, 7, 2, 3), (5, 2, '?', 3)]"
"(3, 9, 22, 1, 0)","[(5, 1, '?', 7), (5, 2, '?', 7), (5, 2, '?', 7), (5, '?', 3, 7), (5, 2, 3, 7), (5, 6, '?', 7), (4, 1, '?', 7)]"
"(3, 9, 22, 2, 0)","[(6, 6, '?', 3), (6, '?', 6, 3), (6, 1, '?', 3), (6, '?', '?', 3), (6, 1, '?', 3), (6, 1, '?', 3), (6, '?', 6, 3), (6, 3, '?', 3), (6, 4, '?', 3), (6, 6, '?', 3), (6, '?', '?', 3), (6, '?', '?', 3), (6, 2, '?', 3), (6, 6, '?', 3), (6, 4, '?', 3)]"
"(3, 9, 22, 6, 0)","[(6, 3, '?', 3), (6, 7, 6, 3)]"
"(3, 9, 22, 9, 0)","[(6, '?', '?', 7), (6, 1, '?', 7), (6, 1, 1, 7), (6, 2, 2, 7), (6, 6, '?', 7), (6, 3, '?', 7), (6, 5, 0, 7), (6, 1, 4, 7), (6, 0, 6, 7), (6, 5, 0, 7), (6, 5, '?', 7), (6, 1, '?', 7), (6, 5, 0, 7), (6, 1, 1, 7), (6, 3, '?', 7), (6, 0, 0, 7), (6, 6, 4, 7), (6, 6, '?', 7), (6, 5, 0, 7), (6, 0, 6, 7), (6, 0, '?', 7), (6, 7, '?', 7), (6, 6, 3, 7), (6, 3, '?', 7), (6, '?', '?', 7), (6, 6, '?', 7), (6, 7, '?', 7), (6, 6, 3, 7), (6, 1, '?', 7), (6, 0, '?', 7), (6, 4, 3, 7), (6, 1, '?', 7), (6, 4, 4, 7), (6, 7, 0, 7), (6, 3, '?', 7), (6, 6, '?', 7), (6, 5, '?', 7), (6, '?', '?', 7)]"
"(3, 9, 22, 10, 0)","[(5, 7, '?', 4)]"
"(3, 9, 22, 21, 0)","[(5, '?', '?', 4), (5, '?', '?', 4), (5, 6, '?', 4), (5, 1, '?', 4), (5, 5, '?', 4), (5, 2, 6, 4), (5, '?', 2, 4), (5, '?', '?', 4), (5, 6, '?', 4), (5, '?', 2, 4), (5, '?', '?', 4), (5, '?', '?', 4), (5, '?', '?', 4)]"
"(3, 9, 22, 22, 0)","[(6, 1, 2, 4), (6, '?', '?', 4), (5, 6, '?', 4), (5, 7, '?', 4), (6, 3, 0, 4), (6, 3, 0, 4), (6, '?', 6, 4), (6, 3, 3, 4), (5, 5, '?', 4), (6, '?', '?', 4), (6, 4, '?', 4), (5, 6, '?', 4), (6, 0, '?', 4), (6, 5, 0, 4), (6, 6, '?', 4), (6, 6, 6, 4), (6, 3, 3, 4), (5, 6, 4, 4), (5, '?', '?', 4), (6, 2, '?', 4), (6, 6, 6, 4), (6, 6, 3, 3), (6, 4, 3, 4), (6, 1, '?', 4), (6, '?', '?', 4), (5, 0, 6, 4), (5, 0, 6, 4), (6, '?', 3, 4), (6, 6, '?', 4), (5, 6, 3, 4), (6, 3, 3, 4), (6, 7, 3, 4), (6, 4, '?', 4), (6, 6, '?', 4)]"
"(3, 9, 22, 25, 0)","[(5, 6, '?', 3), (5, 1, '?', 3), (5, 1, 2, 3), (5, 1, 5, 3), (5, 1, '?', 3), (5, 2, '?', 3), (5, '?', '?', 3), (5, 6, '?', 3), (5, 2, '?', 3), (5, '?', '?', 3)]"
"(3, 10, 6, 25, 0)","[(5, 3, '?', 0)]"
"(3, 12, 2, 2, 0)","[(6, 6, 3, 6), (6, 6, 7, 6), (6, 6, 3, 6), (6, 6, 3, 6), (6, 6, 7, 6), (6, 4, 3, 0), (6, 6, 3, 0), (6, 6, 7, 6), (6, 6, 7, 0), (6, 6, 3, 0), (6, 6, 3, 0), (6, 4, 3, 0), (6, 4, 3, 0), (6, 6, 3, 6), (6, 6, 3, 6)]"
"(3, 12, 2, 8, 0)","[(5, 4, 3, 6)]"
"(3, 12, 2, 16, 0)","[(4, 4, 3, 2), (5, 4, 3, 2), (5, 6, 7, 2), (5, 1, 3, 2), (5, 1, 3, 2), (5, 4, 3, 2), (4, 4, 3, 2), (5, 1, 3, 2), (5, 1, 7, 2), (4, 1, 7, 2), (4, 6, 3, 2), (5, 1, 7, 2), (4, 1, 3, 2), (5, 6, 7, 2), (5, 1, 3, 2), (5, 6, 7, 2), (5, 1, 3, 2), (5, 1, 7, 2)]"
"(3, 12, 2, 20, 0)","[(6, 4, 3, 2), (6, 1, 3, 2), (6, 4, 3, 2), (5, 6, 3, 2), (6, 4, 3, 2), (6, 1, 3, 2), (6, 4, 3, 2), (6, 1, 3, 2), (6, 4, 3, 2)]"
"(3, 12, 2, 21, 0)","[(5, 1, 3, 6), (5, 1, 3, 6), (5, 1, 7, '?'), (5, 1, 3, 6), (5, 4, 3, '?'), (5, 1, 3, '?'), (4, 6, 3, 2), (5, 4, 3, '?'), (5, 1, 7, '?'), (5, 4, 3, '?'), (5, 1, 3, '?'), (5, 1, 3, '?'), (4, 1, 3, 6), (5, 1, 3, '?')]"
"(3, 12, 2, 22, 0)","[(6, 4, 3, 2), (5, 1, 3, 4), (6, 6, 3, '?'), ('?', 6, 3, '?'), (6, 1, 3, '?'), (6, 4, 3, '?'), (6, 4, 3, '?'), (6, 6, 3, '?'), (6, 4, 3, '?'), (6, 1, 3, 0), (6, 1, 3, 0), (6, 4, 3, '?'), (6, 1, 3, '?'), (6, 6, 3, '?'), (6, 6, 3, '?'), (6, 6, 3, '?')]"
"(3, 12, 2, 25, 0)","[(5, 6, 7, 0), (5, 4, 3, 0), (5, 4, 3, 0), (5, 4, 7, 0), (5, 6, 7, 0), (4, 4, 3, 6), (5, 4, 3, 6), (5, 4, 7, 0), (5, 4, 3, '?'), (4, 4, 3, 6), (4, 6, 3, 0)]"
"(3, 12, 3, 25, 0)","[(5, 6, 7, 0)]"
"(3, 12, 4, 1, 0)","[(5, 0, 7, 7)]"
"(3, 12, 4, 2, 0)","[(6, 0, 3, 0), (6, 5, 3, 6), (6, 0, 3, 0), (6, 5, 3, 6), (6, 5, 3, 0), (6, 5, 3, 6), (6, 5, 3, 0), (6, 0, 3, 6), (6, 0, 3, 6), (6, 5, 3, 6), (6, 0, 3, 0), (6, 5, 3, 0), (6, 5, 3, 6)]"
"(3, 12, 4, 8, 0)","[(5, 0, 3, 6), (5, 5, 3, 6), (5, 0, 3, 0)]"
"(3, 12, 4, 10, 0)","[(5, 5, 3, '?'), (5, 5, 3, '?'), (5, 5, 3, '?'), (5, 5, 3, '?')]"
"(3, 12, 4, 16, 0)","[(5, 0, 3, 2), (5, 5, 3, 2), (5, 0, 3, 2), (5, 5, 3, 2), (5, 5, 3, 2), (5, 5, 3, 2), (5, 5, 3, 2), (5, 0, 3, 2), (5, '?', 7, 2), (5, 0, 3, 2), (5, 0, 3, 2), (4, 0, 3, 2), (5, 0, 3, 2), (5, 0, 7, 2), (5, 0, 7, 2), (5, 0, 3, 2), (5, 0, 7, 2), (4, 5, 3, 2), (5, 5, 3, 2), (5, 0, 3, 2)]"
"(3, 12, 4, 20, 0)","[(6, 0, 3, 2), (6, 5, 3, 2), (6, 0, 3, 2), (6, 5, 3, 2), (6, 5, 3, 2), (6, 5, 3, 2), (6, 0, 3, 2), (6, 5, 3, 2), (6, 0, 3, 2)]"
"(3, 12, 4, 21, 0)","[(5, 0, 7, '?'), (4, 5, 3, 2), (5, 5, 7, '?'), (5, 0, 7, '?'), (5, 5, 3, '?'), (5, 0, 7, '?')]"
"(3, 12, 4, 22, 0)","[(6, 0, 3, '?'), (6, 0, 3, '?'), (6, 0, 7, '?'), (6, 0, 3, '?')]"
"(3, 12, 4, 25, 0)","[(5, '?', 7, 0), (5, 5, 3, 6), (5, 0, 3, 0), (5, 0, 3, 6), (5, 0, 3, 0), (4, 0, 3, 0), (5, 0, 3, 6), (5, 0, 3, 0), (5, 0, 3, 0), (5, 0, 7, 6), (5, 0, 7, 6), (5, 5, 7, 0), (4, 0, 3, 6), (5, 0, 7, 0), (4, 0, 3, 0), (4, 0, 3, 0), (5, 0, 3, 6), (5, 0, 3, 0), (5, 0, 7, 6), (5, 0, 7, 0)]"
"(3, 12, 6, 1, 0)","[(5, 7, 7, 7)]"
"(3, 12, 6, 2, 0)","[(6, 3, 3, 6)]"
"(3, 12, 6, 3, 0)","[(5, 7, 3, 7)]"
"(3, 12, 6, 8, 0)","[(5, 2, 7, 6)]"
"(3, 12, 6, 9, 0)","[(6, 7, 3, 7)]"
"(3, 12, 6, 10, 0)","[(5, 2, 3, 6), (5, '?', 3, '?'), (5, 2, 3, 6), (5, 7, 7, '?')]"
"(3, 12, 6, 16, 0)","[(5, 3, 7, 2), (5, 3, 3, 2), (5, 2, 3, 2), (5, 7, 3, 2), (5, 7, 3, 2), (5, 2, 3, 2), (5, 7, 3, 2), (5, 7, 3, '?'), (5, 7, 3, 2), (5, 7, 3, 2), (5, 7, 3, 2), (5, 7, 3, 2)]"
"(3, 12, 6, 20, 0)","[(6, 2, 3, 2), (6, 3, 3, 2), (6, 7, 3, 2)]"
"(3, 12, 6, 21, 0)","[(5, 2, 3, 6), (5, 2, 3, '?'), (5, 7, 3, '?'), (5, 7, 3, 6), (5, 7, 7, 0), (5, 7, 3, 0), (5, 7, 3, '?'), (5, 7, 3, 3), (4, 7, 3, 3), (5, 7, 3, '?'), (5, 7, 3, 6), (5, 7, 3, 0), (5, 7, 3, 6), (5, 2, 3, '?'), (5, 7, 3, '?')]"
"(3, 12, 6, 22, 0)","[(6, 2, 3, '?'), (6, 7, 3, 6), (6, 7, 3, 3), (6, 7, 3, 6), (6, 2, 3, '?'), (6, 7, 3, 6), (6, 7, 3, 0), (6, 2, 3, '?'), (6, 7, 3, 3), (6, 7, 3, 3)]"
"(3, 12, 6, 25, 0)","[(5, 3, 3, 0), (5, 3, 3, 0), (5, 3, 3, 0), (5, 3, 3, 0), (5, 2, 7, 0), (5, 2, 7, 6), (5, 3, 3, 0)]"
"(3, 12, 9, 1, 0)","[(5, 2, 7, 7), (5, 4, 7, 7), (5, 4, 7, 7), (5, '?', 7, 7), (5, 4, 7, 7), (5, 2, 7, 7), (5, '?', 7, 7), (5, '?', 7, 7)]"
"(3, 12, 9, 9, 0)","[(6, 1, 7, 7), (6, '?', 7, 7), (6, 4, 7, 7), (6, 4, 7, 7), (6, 4, 7, 7), (6, 1, 7, 7), (6, 1, 7, 7), (6, '?', 7, 7), (6, '?', 7, 7), (6, '?', 7, 7)]"
"(3, 12, 9, 21, 0)","[(5, 1, 7, 4), (5, 6, 7, 4), (5, 6, 7, 4)]"
"(3, 12, 9, 22, 0)","[(5, 6, 7, 4), (5, 1, 7, 4), (6, 4, 7, 4)]"
"(3, 12, 9, 25, 0)","[(5, 1, 7, 3), (5, 3, 7, 3), (5, 6, 7, 3)]"
"(3, 12, 10, 10, 0)","[(1, 7, 3, '?'), (5, 4, 3, '?')]"
"(3, 12, 10, 16, 0)","[(5, 2, 3, 2), (5, 3, 3, 2), (5, 3, 3, 2)]"
"(3, 12, 12, 1, 0)","[(5, 2, 7, 7), (5, 7, 7, 7)]"
"(3, 12, 12, 2, 0)","[(6, '?', 7, 6)]"
"(3, 12, 12, 8, 0)","[(5, '?', 7, 0), (5, '?', 7, '?')]"
"(3, 12, 12, 9, 0)","[(6, 1, 7, 7), (6, 6, 7, 7)]"
"(3, 12, 12, 10, 0)","[(5, 1, 7, '?'), (5, '?', 7, '?'), (5, 2, 7, '?')]"
"(3, 12, 12, 11, 0)","[(6, 4, 7, '?')]"
"(3, 12, 12, 16, 0)","[(5, '?', 7, 2), (5, '?', 7, 2), (5, 0, 7, 2)]"
"(3, 12, 12, 21, 0)","[(5, 7, 7, '?'), (5, 3, 7, '?'), (5, 4, 7, '?'), (5, 0, 7, '?'), (5, '?', 7, '?'), (5, 3, 7, '?'), (5, 4, 7, '?'), (5, '?', 7, '?'), (5, 3, 7, '?'), (5, 1, 7, '?'), (5, 2, 7, '?'), (5, 4, 7, '?'), (5, 2, 7, '?'), (5, 3, 7, '?'), (5, '?', 7, '?')]"
"(3, 12, 12, 22, 0)","[(6, 6, 7, 4)]"
"(3, 12, 12, 25, 0)","[(5, 5, 7, 6), (5, '?', 7, 0), (5, 2, 7, 0), (5, 5, 7, 0), (5, 3, 7, 0), (5, 0, 7, 0), (5, '?', 7, 0), (5, 0, 7, 0), (5, 0, 7, 0), (5, '?', 7, 0), (5, 2, 7, 0), (5, 0, 7, 0), (5, 3, 7, 3), (5, 3, 7, 0), (5, 3, 7, 6), (5, 6, 7, 0), (5, 0, 7, 0), (5, 4, 7, 0), (5, 6, 7, 0)]"
"(3, 12, 16, 2, 0)","[(5, 6, 7, 1)]"
"(3, 12, 16, 4, 0)","[(5, 0, 7, 1), (5, 5, 7, 1), (5, 5, 7, 1), (5, 5, 7, 1)]"
"(3, 12, 16, 6, 0)","[(5, 2, 7, 1), (5, 3, 3, 1), (5, 3, 3, 1), (5, 3, 3, 1)]"
"(3, 12, 16, 16, 0)","[(5, 2, 3, 1), (5, '?', 3, 1)]"
"(3, 12, 16, 20, 0)","[(5, 3, 3, 1), (5, 2, 7, 1), (5, 6, 7, 1)]"
"(3, 12, 16, 21, 0)","[(5, 5, 3, 5), (5, 0, 3, 5), (5, 2, 3, 5)]"
"(3, 12, 16, 25, 0)","[(5, '?', 7, 1), (5, '?', 3, 1), (5, 2, 3, 1), (5, '?', 7, 1)]"
"(3, 12, 20, 2, 0)","[(6, 1, 3, 1), (6, 1, 3, 1), (6, 6, 3, 1), (6, 1, 3, 1), (6, 6, 3, 1), (6, 1, 3, 1)]"
"(3, 12, 20, 4, 0)","[(5, 5, 3, 5), (5, 5, 3, 5), (5, 0, 3, 5), (6, 5, 3, 1), (5, 0, 3, 5), (5, 0, 3, 5), (5, 0, 3, 5), (5, 0, 3, 5), (6, 5, 3, 1), (6, 5, 3, 1), (6, 5, 3, 5), (5, 5, 3, 5), (5, 5, 3, 5)]"
"(3, 12, 20, 6, 0)","[(6, 2, 3, 1), (6, 3, 3, 1), (5, 7, 3, 5), (5, 7, 3, 1), (6, 7, 3, 5), (5, 7, 3, 5), (6, 3, 3, 5)]"
"(3, 12, 20, 16, 0)","[(5, 5, 3, 1)]"
"(3, 12, 20, 20, 0)","[(6, 2, 3, 1), (6, 2, 3, 1), (6, 2, 3, 1), (6, 6, 3, 1), (6, '?', 3, 1), (6, 7, 7, 1), (6, 1, 3, 1), (6, 2, 3, 1), (6, 6, 3, 1), (6, 2, 3, 1), (6, 2, 3, 1), (6, 3, 7, 1), (6, '?', 3, 1), (6, 5, 3, 1), (6, '?', 3, 1), (6, 1, 3, 1), (6, 6, 3, 1), (6, 6, 3, 1), (6, 1, 3, 1), (6, '?', 3, 1), (6, 6, 3, 1), (6, 2, 3, 1), (6, 2, 3, 1)]"
"(3, 12, 20, 21, 0)","[(5, 2, 3, 5), (5, '?', 3, 5), (5, 2, 3, 5), (5, 2, 3, 5), (5, 4, 3, 5), (4, 6, 3, 5), (5, '?', 3, 5), (5, 2, 3, 5), (5, '?', 3, 5)]"
"(3, 12, 20, 22, 0)","[(6, 3, 3, 5), (6, 1, 3, 5), (6, 1, 3, 5), (5, '?', 3, 5), (6, 1, 3, 5), (5, 6, 3, 5), (6, 2, 3, 5), (5, 4, 3, 5), (5, 6, '?', 5), (6, 2, 3, 5), (5, 6, 3, 5), (5, 6, 3, 5), (5, 6, 3, 5), (5, '?', 3, 5), (6, 7, 3, 5), (5, 4, 3, 5), (6, 3, 3, 5), (6, 1, '?', 5), (6, 7, 3, 5), (6, 4, 3, 5), (6, 1, 3, '?'), (6, 7, 3, 5), (6, 7, 3, 5), (6, 7, 3, 5), (5, 7, 3, 5), (6, 1, 3, 5), (6, 1, 3, 5), (5, '?', 3, 5), (6, 4, 3, 5), (6, 2, 3, 5), (6, 4, 3, 5), (5, 6, 3, 5), (6, 4, 3, 5), (6, 4, 3, 5), (6, 2, 3, 5)]"
"(3, 12, 20, 25, 0)","[(5, 3, 7, 1), (5, 5, 3, 1), (5, 5, 3, 1), (5, 1, 3, 1), (5, 7, 3, '?'), (5, 1, 3, 1), (5, '?', 3, 1), (5, 2, 7, 1), (5, 3, 7, 1), (5, 1, 3, 1), (5, '?', 7, 1), (5, '?', 3, 1), (5, 2, 7, 1), (4, 2, 3, 1), (5, '?', 3, 1), (5, 4, 7, 1), (5, 6, 7, 1), (5, 3, 7, 1), (4, 2, 3, 1), (5, 7, 7, 1), (5, 5, 7, 1), (5, '?', 3, 1), (5, '?', 3, 1)]"
"(3, 12, 21, 16, 0)","[(5, 0, 7, 2), (4, 4, 3, 2), (5, '?', 7, 2), (4, '?', 3, 2), (4, 4, 7, 2), (5, 6, 3, 2), (4, 6, 3, 2), (4, 2, 3, 2), (5, 3, 3, 2), (4, 4, 3, 2), (5, 6, 3, 2), (4, 7, 3, 2), (4, 4, 3, 2), (4, 2, 7, 2)]"
"(3, 12, 21, 21, 0)","[(5, 1, 3, 6), (5, 0, 3, 5), (4, 6, 3, 2)]"
"(3, 12, 22, 2, 0)","[(6, 3, 3, 0), (6, 3, 3, 6), (6, 6, 3, 0), (6, 3, 3, 0), (1, 1, 3, 0), (6, 2, 3, 0), (6, 2, 7, 0), (6, 3, 3, 6), (6, 2, 7, 6), (6, 2, 7, 6), (6, 3, 3, 0), (6, 3, 3, 0), (6, 2, 3, 6), (6, 3, 3, 0), (6, 2, 7, 6), (6, '?', 7, 6), (1, '?', 3, 0), (6, '?', 7, 6), (6, 4, 3, 0), (6, 2, 7, 6), (1, '?', 3, 0), (6, 2, 3, 6), (6, 2, 7, 0), (6, 2, 3, 0)]"
"(3, 12, 22, 3, 0)","[(5, 1, 3, '?')]"
"(3, 12, 22, 8, 0)","[(5, '?', 3, 6), (1, 6, 3, 0), (5, 2, 7, 6)]"
"(3, 12, 22, 9, 0)","[(6, 7, 3, 7), (6, 7, 3, 7), (6, '?', 3, 7), (6, 2, 3, 7)]"
"(3, 12, 22, 11, 0)","[(6, 2, 7, 6)]"
"(3, 12, 22, 16, 0)","[(5, 3, 3, 2), (5, '?', 3, 2), (5, 6, 7, 2), (5, 3, 7, 2), (5, '?', 7, 2), (5, '?', 7, 2), (5, '?', 3, 2), (5, '?', 3, 2), (4, 2, 3, 2), (5, '?', 3, 2), (4, 6, 3, 2), (5, '?', 7, 2), (5, 1, 7, 2), (5, 6, 7, 2), (5, 6, 3, 2), (5, 4, 3, 2), (5, 4, 3, 2), (5, '?', 7, 2), (5, '?', 3, 2), (5, 6, 7, 2), (5, 4, 3, 2)]"
"(3, 12, 22, 20, 0)","[(6, 2, 3, 2), (6, 2, 3, 2), (6, '?', 3, 2), (6, 2, 3, 2), (6, 2, 3, 2), (6, 3, 3, 2), (6, 1, 3, 2), (6, 3, 7, 2), (6, 6, 7, 2), (6, 4, 3, 2), (6, 1, 3, 2), (6, '?', 3, 2), (6, '?', 3, 2), (6, 3, 3, 2), (6, 2, 3, 2), (6, '?', 3, 2), (6, 1, 3, 2), (6, 7, 3, 2), (6, 4, 7, 2), (6, 4, 3, 2), (6, 3, 3, 2), (6, '?', 7, 2), (6, 1, 3, 2), (6, 6, 7, 2), (6, 4, 7, 2), (6, 4, 3, 2), (6, 3, 3, 2), (6, '?', 3, 2), (6, 2, 7, 2), (6, '?', 3, 2), (6, '?', 3, 2)]"
"(3, 12, 22, 21, 0)","[(5, 2, 7, 6), (5, '?', 3, '?'), (5, 2, 7, '?'), (5, 2, 7, 6), (5, 1, 3, '?'), (5, '?', 3, '?'), (5, 1, 3, 2), (5, 7, 7, 0), (5, 2, 7, '?'), (4, 2, 3, 6), (5, 2, 3, '?'), (5, '?', 3, '?'), (4, 6, 3, '?'), (5, '?', 7, '?'), (4, 7, 3, 0), (5, 7, 3, 4), (4, 7, 3, 6), (5, 4, 7, '?'), (5, '?', 3, '?'), (5, 4, 3, 2), (5, 7, 3, 3), (5, 2, 7, '?'), (5, 4, 3, '?'), (5, 7, 7, '?'), (4, 1, 3, 0), (4, 1, 3, 0), (5, 4, 3, '?'), (5, 1, 3, 4), (5, '?', 3, 6), (4, 6, 3, '?')]"
"(3, 12, 22, 22, 0)","[(6, 2, 7, 6), (6, '?', 3, 4), (6, 2, 3, 4), (6, 7, 3, 0), (6, 2, 3, 4), (6, 7, 7, '?'), (6, 4, 3, '?'), (6, 2, 3, '?'), (6, 6, 3, 4), (6, 6, 7, 4), (6, 3, 3, 4), (6, '?', 3, 4), (6, 7, 3, 4), (6, 7, 3, 0), (6, 2, 3, '?'), (6, 2, 3, '?'), (6, 4, 3, 4), (6, 7, 3, 4), (6, 6, 7, 4), (6, '?', 3, 4), (6, 4, 3, 4), (6, 3, 3, '?'), (6, 5, 3, 4), (6, 3, 3, 4), (6, 7, 7, 7), (6, 6, 3, '?'), (6, 3, 3, '?')]"
"(3, 12, 22, 25, 0)","[(5, 3, 3, 0), (5, 6, 3, 0), (5, 4, 3, 0), (5, 4, 3, 6), (5, 6, 7, 0), (4, 6, 3, 0), (5, 3, 3, 0), (5, 6, 3, 0), (5, '?', 3, 0), (5, 4, 3, 6), (5, '?', 3, 0), (4, 6, 3, 0), (4, 6, 3, 0), (5, '?', 3, 0), (5, 4, 3, 0), (5, 4, 7, 0), (5, 4, 7, 0), (4, 6, 7, 0), (5, '?', 3, 6), (4, 3, 3, 0), (5, 6, 3, 6), (5, 7, 7, 0), (5, '?', 7, 0), (5, 4, 3, 0), (5, 2, 7, '?'), (4, '?', 3, 6), (4, 4, 3, 6), (5, 4, 3, 0), (5, 4, 7, 0), (5, 6, 3, 0), (5, 2, 7, 0), (5, '?', 3, 0), (5, '?', 3, 6), (5, 6, 3, 0), (4, '?', 3, 6), (5, 6, 7, 0), (5, 2, 7, 6), (5, 6, 3, 0), (5, 6, 3, 6), (5, '?', 7, 0), (5, 4, 7, 0), (4, '?', 3, 6)]"
"(3, 12, 25, 25, 0)","[(5, 2, 7, 6), (5, '?', 3, 6), (5, 2, 7, 0)]"
"(3, 14, 3, 1, 0)","[(5, 6, 1, 7)]"
"(3, 14, 4, 1, 0)","[(5, 0, 5, 7), (5, 5, 1, 7), (5, 5, 5, 7), (5, 0, 5, 7)]"
"(3, 14, 4, 3, 0)","[(5, 5, 5, 4)]"
"(3, 14, 4, 9, 0)","[(6, 5, 5, 7)]"
"(3, 14, 4, 14, 0)","[(5, 0, 5, 7)]"
"(3, 14, 4, 21, 0)","[(5, 5, 1, 4)]"
"(3, 14, 5, 1, 0)","[(5, '?', 5, 7), (5, 2, 5, 7), (5, '?', 5, 7), (5, 0, 5, 7)]"
"(3, 14, 5, 2, 0)","[(6, 6, 5, 3), (6, 6, 5, 3), (6, 1, 5, 3), (6, 6, 5, 3), (6, 4, 5, 3), (6, 6, 5, 3), (6, '?', 5, 3), (6, 6, 5, 3), (6, '?', 5, 3)]"
"(3, 14, 5, 3, 0)","[(5, 1, 5, 4), (5, 1, 5, 4), (5, 6, 5, 4), (5, '?', 5, 4), (5, 6, 5, 4)]"
"(3, 14, 5, 5, 0)","[(6, 6, 5, 4)]"
"(3, 14, 5, 21, 0)","[(5, 7, 5, 4), (5, '?', 5, 4), (5, 2, 5, 4), (5, '?', 5, 4), (5, 6, 5, 4), (5, 2, 5, 4), (5, 3, 5, 4), (5, 3, 5, 4), (5, 6, 5, 4), (5, 7, 5, 4), (5, 1, 5, 4), (5, 2, 5, 4), (5, 0, 5, 4)]"
"(3, 14, 5, 25, 0)","[(5, 7, 5, 3)]"
"(3, 14, 6, 1, 0)","[(5, 2, 1, 7), (5, 7, 1, 7), (5, 2, 1, 7), (5, 7, 1, 7), (5, 7, 1, 7)]"
"(3, 14, 6, 22, 0)","[(6, 7, 1, 7), (6, 7, 1, 7)]"
"(3, 14, 9, 1, 0)","[(5, '?', 1, 7), (5, 4, 1, 7), (5, 6, 1, 7), (5, 6, 1, 7), (5, '?', 1, 7), (5, 4, 1, 7), (5, 6, 1, 7), (5, 4, 1, 7), (5, 6, 1, 7), (5, 5, 1, 7), (5, 4, 1, 7)]"
"(3, 14, 9, 9, 0)","[(6, 1, 1, 7), (6, 1, 1, 7), (6, '?', 1, 7), (6, 1, 1, 7)]"
"(3, 14, 9, 22, 0)","[(6, '?', 1, 7)]"
"(3, 14, 14, 1, 0)","[(5, 1, 5, 7), (5, 5, 5, 7), (5, 2, 5, 7), (5, 2, 5, 7), (5, 1, 5, 7), (5, 4, 5, 7), (5, 1, 5, 7), (5, '?', 5, 7), (5, 4, 5, 7), (5, 4, 5, 7), (5, 1, 5, 7), (5, 0, 5, 7), (5, '?', 5, 7), (5, 6, 5, 7), (5, 1, 5, 7), (5, 6, 5, 7), (5, '?', 5, 7), (5, 4, 5, 7), (5, 1, 5, 7), (5, '?', 5, 7), (5, 5, 5, 7), (5, 2, 5, 7), (5, 6, 5, 7), (5, 4, 5, 7), (5, 4, 5, 7), (5, 1, 5, 7), (5, 6, 5, 7), (5, 6, 5, 7), (5, 6, 5, 7), (5, 4, 5, 7), (5, 1, 5, 7)]"
"(3, 14, 14, 2, 0)","[(6, '?', 5, 7)]"
"(3, 14, 14, 6, 0)","[(6, 7, 5, 7)]"
"(3, 14, 14, 9, 0)","[(6, '?', 5, 7), (6, '?', 5, 7), (6, 4, 5, 7), (6, 4, 5, 7), (6, 6, 5, 7), (6, 4, 5, 7), (6, 2, 5, 7), (6, 4, 5, 7), (6, 6, 5, 7), (6, 4, 5, 7), (6, 6, 5, 7), (6, 6, 5, 7), (6, 5, 5, 7), (6, 4, 5, 7), (6, 2, 5, 7), (6, '?', 5, 7), (6, 6, 5, 7), (6, 2, 5, 7), (6, '?', 5, 7)]"
"(3, 14, 14, 22, 0)","[(6, '?', 5, 7), (6, 7, 5, 7)]"
"(3, 14, 21, 21, 0)","[(5, 5, 1, 4), (5, 6, 1, 4), (5, 5, 1, 4), (5, '?', 1, 4)]"
"(3, 14, 22, 1, 0)","[(5, '?', 1, 7), (5, 6, 1, 7), (5, 3, 1, 7), (5, '?', 1, 7), (5, 6, 1, 7), (5, 4, 1, 7), (5, 3, 1, 7), (5, '?', 1, 7), (5, 3, 1, 7), (5, 4, 1, 7), (5, '?', 1, 7)]"
"(3, 14, 22, 2, 0)","[(6, 4, 1, 3)]"
"(3, 14, 22, 9, 0)","[(6, 4, 1, 7), (6, 2, 1, 7), (6, 3, 1, 7), (6, 2, 1, 7), (6, 4, 1, 7), (6, 2, 1, 7), (6, 2, 1, 7)]"
"(3, 14, 22, 21, 0)","[(5, 6, 1, 4), (5, 7, 1, 4), (5, 3, 1, 4), (5, 3, 1, 4), (5, 5, 1, 4), (5, 6, 1, 4)]"
"(3, 14, 22, 22, 0)","[(5, 0, 1, 4), (6, 1, 1, '?')]"
"(3, 14, 22, 25, 0)","[(5, 6, 1, 3)]"
"(3, 16, 6, 25, 0)","[(5, 3, 3, 1)]"
"(3, 16, 16, 4, 0)","[(5, 0, 3, 1)]"
"(3, 16, 16, 6, 0)","[(5, 7, 3, 1), (5, 7, 3, 1)]"
"(3, 16, 20, 25, 0)","[(5, 1, 4, 1)]"
"(3, 18, 2, 16, 0)","[(5, 6, 2, 2), (5, 6, 2, 2), (5, 4, 2, 2), (5, 6, 2, 2), (5, 1, 2, 2), (5, 4, 2, 2), (5, 4, 2, 2)]"
"(3, 18, 2, 21, 0)","[(5, 1, 2, '?'), (5, 4, 2, '?'), (5, 1, 2, '?'), (5, 1, 2, 6), (5, 4, 2, '?'), (5, 1, 2, '?'), (5, 1, 2, '?'), (5, 1, 2, '?'), (5, 6, 2, '?')]"
"(3, 18, 2, 22, 0)","[(6, 6, 2, '?'), (6, 1, 2, '?'), (6, 4, 2, '?'), (6, 1, 2, '?'), (6, 6, 2, '?'), (6, 1, 2, '?'), (6, 1, 2, '?'), (6, 4, 2, '?'), (6, 1, 2, '?')]"
"(3, 18, 2, 25, 0)","[(5, 1, 2, 0), (5, 4, 2, 6), (5, 4, 2, 6), (5, 1, 2, 0), (5, 1, 2, 0), (5, 1, 2, 6), (5, 1, 2, 6)]"
"(3, 18, 3, 22, 0)","[(5, '?', 2, '?')]"
"(3, 18, 4, 2, 0)","[(6, 5, 2, 0), (6, 0, 2, 0), (6, 5, 2, 0), (6, 5, '?', 6), (6, 0, 2, 0), (6, 5, 2, 6)]"
"(3, 18, 4, 8, 0)","[(5, 0, 2, 6)]"
"(3, 18, 4, 16, 0)","[(5, 0, 2, 2), (5, 0, 2, 2), (5, 0, 2, 2), (5, 0, 2, 2), (5, 0, 2, 2), (5, 0, 2, 2)]"
"(3, 18, 4, 20, 0)","[(6, 5, 2, 2), (6, 5, 2, 2), (6, 5, 2, 2), (6, 5, 2, 2)]"
"(3, 18, 4, 21, 0)","[(5, 5, 2, '?'), (5, 5, 2, '?'), (5, 5, 2, '?'), (5, 5, 2, '?')]"
"(3, 18, 4, 25, 0)","[(5, 0, 2, 0), (5, 5, 2, 0), (5, 0, 2, 0), (5, 0, 2, 0), (5, 5, 2, 0), (5, 0, 2, 6), (5, 0, 2, 0), (5, 0, 2, 0), (5, 0, 2, 0), (5, 0, 2, 6), (5, 5, 2, 6), (5, 0, 2, 6), (5, 5, 2, 0), (5, 0, 2, 0), (5, 5, 2, 0), (5, 5, 2, 0), (5, 5, 2, 0)]"
"(3, 18, 6, 2, 0)","[(6, 2, 2, 6), (6, 7, 2, 6), (6, 7, 2, 6), (6, 7, 2, 0)]"
"(3, 18, 6, 8, 0)","[(5, 3, 2, 0)]"
"(3, 18, 6, 10, 0)","[(5, 2, 2, 6)]"
"(3, 18, 6, 16, 0)","[(5, 2, 2, 2), (5, 7, 2, '?'), (5, 3, 2, 2), (5, 2, 2, 2)]"
"(3, 18, 6, 21, 0)","[(5, 2, 2, '?'), (5, 7, 2, '?'), (5, 7, 2, '?'), (5, 7, 2, 6), (5, 2, 2, '?'), (5, 7, 2, 6), (5, 7, 2, '?'), (5, 3, 2, '?'), (5, 7, 2, '?'), (5, 7, 2, '?'), (5, 2, 2, '?'), (5, 7, 2, '?'), (5, 7, 2, '?'), (5, 2, 2, 2), (5, 2, 2, '?'), (5, 3, 2, '?'), (5, 2, 2, '?'), (5, 3, 2, '?')]"
"(3, 18, 6, 25, 0)","[(5, 3, '?', 6), (5, 7, 2, 0), (5, 7, 2, 0), (5, 7, 2, 6), (5, 7, 2, 6), (5, 2, 2, 6), (5, 3, 2, 6), (5, 7, 2, 6), (5, 2, 2, 0), (5, 7, 2, 6), (5, 3, 2, 0), (5, 3, 2, 6), (5, 7, 2, 6), (5, 2, 2, 0), (5, 3, 2, '?'), (5, 7, 2, 0), (5, 7, 2, 6), (5, 2, 2, 6), (5, 3, 2, 0), (5, 7, 2, 0), (5, 3, 2, 6)]"
"(3, 18, 8, 8, 0)","[(5, 2, 2, 0)]"
"(3, 18, 9, 1, 0)","[(5, 5, 2, 7), (5, '?', 2, 7), (5, 6, 2, 7), (5, 3, 2, 7)]"
"(3, 18, 9, 6, 0)","[(6, 7, 2, 4)]"
"(3, 18, 9, 9, 0)","[(6, 7, 2, 7), (6, 7, 2, 7), (6, 7, 2, 7), (6, 7, 2, 7), (6, 3, 2, 7), (6, '?', 2, 7), (6, 3, 2, 7), (6, 7, 2, 7), (6, 7, 2, 7), (6, 2, 2, 7)]"
"(3, 18, 9, 10, 0)","[(5, 0, 2, 4), (5, 4, 2, 4)]"
"(3, 18, 9, 21, 0)","[(5, '?', 2, 4), (5, '?', 2, 4), (5, 4, 2, 4), (5, '?', 2, 4), (5, 0, 2, 4)]"
"(3, 18, 9, 25, 0)","[(5, 4, 2, 3)]"
"(3, 18, 10, 20, 0)","[(5, 4, 2, 2), (5, '?', 2, 2)]"
"(3, 18, 10, 21, 0)","[(5, '?', 2, '?')]"
"(3, 18, 16, 4, 0)","[(5, 0, 2, 1), (5, 5, 2, 1), (5, 5, 2, 1), (5, 0, 2, 1)]"
"(3, 18, 16, 6, 0)","[(5, 7, 2, '?')]"
"(3, 18, 16, 16, 0)","[(5, 0, 2, 1), (5, 3, 2, 2), (5, 7, 2, 1)]"
"(3, 18, 16, 20, 0)","[(5, 5, 2, 1), (5, '?', 2, 1), (5, 3, 2, 1), (5, 4, 2, 1), (5, 4, 2, 1)]"
"(3, 18, 16, 25, 0)","[(5, '?', 2, 1), (5, 3, 2, 1), (5, 4, 2, 1), (5, 3, 2, 1), (5, '?', 2, 1), (5, '?', 2, 1), (5, 6, 2, 1)]"
"(3, 18, 20, 2, 0)","[(6, 6, 2, 1), (6, 4, 2, 1)]"
"(3, 18, 20, 3, 0)","[(5, 2, 2, 5)]"
"(3, 18, 20, 4, 0)","[(6, 5, 2, 1)]"
"(3, 18, 20, 6, 0)","[(5, 7, 2, 5)]"
"(3, 18, 20, 16, 0)","[(6, 3, 2, 1)]"
"(3, 18, 20, 20, 0)","[(6, 3, 2, 1), (6, 6, 2, 1), (6, '?', 2, 1), (6, 7, 2, 1), (6, 1, 2, 1), (6, '?', 2, 1), (6, 7, 2, 1), (6, 3, 2, 1), (6, '?', 2, 1), (6, 2, 2, 1), (6, 2, 2, 1), (6, 3, 2, 1), (6, 6, 2, 1), (6, 6, 2, 1), (6, 5, 2, 1), (6, 2, 2, 1), (6, 4, 2, 1), (6, 3, 2, 1), (6, 4, 2, 1), (6, 3, 2, 1)]"
"(3, 18, 20, 21, 0)","[(5, 2, 2, 5), (5, 3, 2, 5), (5, 2, 2, 5), (5, 1, 2, 5), (5, 3, 2, 5), (5, 1, 2, 5), (5, 4, 2, 5), (5, 3, 2, 5), (5, 7, 2, 5), (5, 3, 2, 5), (5, 3, 2, 5), (5, 1, 2, 5), (5, 4, 2, 5), (5, 2, 2, 5), (5, 7, 2, 5)]"
"(3, 18, 20, 22, 0)","[(6, 6, 2, 5)]"
"(3, 18, 20, 25, 0)","[(5, 6, 2, 1), (5, '?', 2, 1), (5, 6, 2, 1), (5, 3, 2, 1), (5, 3, 2, 1), (5, 6, 2, 1), (5, 4, 2, 1), (5, 3, 2, 1), (5, 3, 2, 1), (5, 6, '?', 1)]"
"(3, 18, 21, 16, 0)","[(5, 3, 2, 2), (5, 3, 2, 2), (5, 4, 2, 2), (5, '?', 2, 2), (5, 1, 2, 2), (5, 1, 2, 2), (5, 6, 2, 2), (5, 2, 2, 2), (5, 1, 2, 2), (5, '?', 2, 2), (5, 1, 2, 2), (5, 1, 2, 2), (5, 4, 2, 2), (5, 2, 2, 2), (5, '?', 2, 2), (5, 1, 2, 2), (5, '?', 2, 2), (5, 3, 2, 2)]"
"(3, 18, 21, 21, 0)","[(5, 7, 2, 6), (5, '?', 2, '?'), (5, '?', 2, '?'), (5, 4, 2, '?'), (5, 4, 2, '?'), (5, 2, 2, '?'), (5, 3, 2, '?'), (5, 4, 2, '?'), (5, 4, 2, '?'), (5, '?', 2, '?'), (5, 2, 2, 4), (5, 6, 2, '?'), (5, 1, 2, '?'), (5, 4, 2, '?')]"
"(3, 18, 21, 25, 0)","[(5, 4, 2, 0)]"
"(3, 18, 22, 2, 0)","[(6, 3, 2, 0), (6, '?', 2, 6), (6, 2, 2, 0), (6, '?', 2, 0), (6, 4, 2, 0), (6, 2, 2, 0), (6, 7, 2, 6), (6, 3, 2, 0), (6, 7, 2, 0), (6, '?', 2, 0), (6, 7, 2, 3), (6, 6, 2, 0), (6, 3, 2, 6), (6, '?', 2, 0), (6, 1, 2, 0), (6, 3, 2, 6), (6, 6, 2, 6), (6, 3, 2, 0), (6, 3, 2, 0), (6, 2, 2, 0), (6, '?', 2, 0), (6, 2, 2, 0), (6, 7, 2, 0)]"
"(3, 18, 22, 3, 0)","[(5, 2, 2, '?')]"
"(3, 18, 22, 16, 0)","[(5, 6, 2, 2), (5, '?', 2, 2)]"
"(3, 18, 22, 20, 0)","[(6, 3, 2, 2), (6, 6, 2, 2), (6, '?', 2, 2), (6, 3, 2, 2), (6, 6, 2, 2), (6, 3, 2, 2), (6, '?', 2, 2), (6, 6, 2, 2), (6, 6, 2, 2), (6, '?', 2, 2), (6, '?', 2, 2), (6, 6, 2, 2), (6, '?', 2, 2), (6, 3, 2, 2), (6, 3, 2, 2), (6, '?', 2, 2), (6, '?', 2, 2)]"
"(3, 18, 22, 21, 0)","[(5, '?', 2, '?'), (5, '?', 2, '?'), (5, '?', 2, '?'), (5, 6, 2, '?'), (5, 6, 2, '?'), (5, 3, 2, '?'), (5, '?', '?', '?'), (5, 0, 2, 4), (5, 4, 2, '?'), (5, 1, 2, '?'), (5, '?', 2, '?'), (5, 1, 2, 6)]"
"(3, 18, 22, 22, 0)","[(6, '?', 2, '?'), (6, '?', 2, '?'), (6, '?', 2, '?'), (6, '?', 2, '?'), (6, 1, 2, '?'), (6, 4, 2, '?'), (6, 6, 2, '?'), (6, 2, 2, '?'), (6, '?', 2, '?'), (6, 1, 2, 4), (6, 6, 2, '?'), (5, 0, 2, 4), (6, 6, 2, '?'), (6, 4, 2, '?'), (6, 4, 2, '?'), (6, 2, 2, '?'), (6, 2, 2, '?'), (6, 6, 2, '?'), (6, 1, 2, '?'), (6, 2, 2, '?'), (6, 6, 2, '?'), (6, '?', 2, '?'), (6, 2, 2, '?')]"
"(3, 18, 22, 25, 0)","[(5, 2, 2, 3), (5, 4, 2, 6), (5, 4, 2, 6), (5, 2, 2, 0), (5, 3, 2, 0), (5, '?', 2, 6), (5, 3, 2, 0), (5, 4, 2, 0), (5, 3, 2, 6), (5, 4, 2, 0), (5, 1, 2, 0), (5, 3, 2, 3), (5, 3, 2, 6), (5, '?', 2, 6), (5, 4, 2, 6), (5, 1, 2, 6), (5, '?', 2, 6), (5, 1, 2, 0), (5, 4, 2, 0), (5, 1, 2, 0), (5, 1, 2, 0), (5, 3, 2, 6), (5, 4, 2, 6)]"
"(3, 18, 25, 25, 0)","[(5, 2, 2, 0), (5, 2, 2, 0), (5, '?', 2, 6), (5, 7, 2, 0), (5, 1, 2, 0), (5, 2, 2, 0), (5, '?', 2, 6)]"
"(3, 19, 2, 2, 0)","[(6, 4, 4, 0), (6, 4, 4, 0), (6, 4, 4, 0), (6, 6, 4, 0)]"
"(3, 19, 2, 9, 0)","[(6, 6, 4, 7)]"
"(3, 19, 2, 16, 0)","[(5, 6, 4, 2), (5, 6, 4, 2), (5, 1, 4, 2), (5, 1, 4, 2), (5, 6, 4, 2), (5, 1, 4, 2), (5, 1, 4, 2)]"
"(3, 19, 2, 20, 0)","[(6, 6, 4, 2), (6, 6, 4, 2)]"
"(3, 19, 2, 21, 0)","[(5, 1, 4, 6), (5, 1, 4, '?'), (5, 1, 4, '?'), (5, 1, 4, 6), (5, 4, 4, '?'), (5, 1, 4, '?'), (5, 4, 4, '?'), (5, 6, 4, '?')]"
"(3, 19, 2, 22, 0)","[(6, 1, 4, 0), (6, 1, 4, 0), (6, 4, 4, '?'), (6, 1, 4, 0), (6, 4, 4, '?')]"
"(3, 19, 2, 25, 0)","[(5, 4, 4, 6), (5, 4, 4, 0), (5, 4, 4, 6), (5, 4, 4, 0), (5, 6, 4, 0), (5, 4, 4, 6), (5, 6, 4, 0)]"
"(3, 19, 3, 1, 0)","[(5, 4, 4, 7)]"
"(3, 19, 3, 16, 0)","[(5, 6, 4, 2)]"
"(3, 19, 3, 21, 0)","[(5, 6, 4, '?'), (5, 7, 4, 7), (5, 1, 4, '?'), (5, 6, 4, '?')]"
"(3, 19, 3, 25, 0)","[(5, '?', 4, 6)]"
"(3, 19, 4, 2, 0)","[(5, 5, 4, 0), (6, 5, 4, 6), (6, 5, 4, 6), (6, 5, 4, 6)]"
"(3, 19, 4, 3, 0)","[(5, 0, 4, 6)]"
"(3, 19, 4, 9, 0)","[(6, 5, 4, 7)]"
"(3, 19, 4, 16, 0)","[(5, 0, 4, 2), (5, 0, 4, 2), (5, 0, 4, 2), (5, 0, 4, 2), (5, 0, 4, 2)]"
"(3, 19, 4, 20, 0)","[(6, 5, 4, 2), (6, 5, 4, 2), (6, 0, 4, 2), (6, 0, 4, 2), (6, 0, 4, 2), (6, 5, 4, 2)]"
"(3, 19, 4, 22, 0)","[(6, 5, 4, '?'), (6, 0, 4, '?'), (6, 0, 4, '?'), (6, 5, 4, '?'), (6, 5, 4, '?'), (6, 5, 4, '?'), (6, 5, 4, '?')]"
"(3, 19, 4, 25, 0)","[(5, 5, 4, 0), (5, 5, 4, 0), (5, 0, 4, 0), (5, 5, 4, 6), (5, 5, 4, 0), (5, 0, 4, 0), (5, 0, 4, 0), (5, 5, 4, 0), (5, 0, 4, 0), (5, 0, 4, 6), (5, 5, 4, 0), (5, 0, 4, 0), (5, 0, 4, 6), (5, 0, 4, 6), (5, 0, 4, 6), (5, 5, 4, 6), (5, 0, 4, 0), (5, 0, 4, 0)]"
"(3, 19, 6, 2, 0)","[(6, 7, 4, 0), (6, 7, 4, 0), (6, 7, 4, 0), (6, 2, 4, 0)]"
"(3, 19, 6, 3, 0)","[(5, 7, 4, 6), (5, 7, 4, '?'), (5, 7, 4, 6), (5, 3, 4, 6), (5, 7, 4, 6), (5, 7, 4, 6), (5, 7, 4, 6), (5, 7, 4, 6), (5, 3, 4, '?'), (5, 7, 4, 0), (5, 2, 4, 6), (5, 7, 4, '?'), (5, 7, 4, 6)]"
"(3, 19, 6, 9, 0)","[(6, 7, 4, 7), (6, 7, 4, 7)]"
"(3, 19, 6, 16, 0)","[(5, 7, 4, 2), (5, 2, 4, 2), (5, 3, 4, 2), (5, 3, 4, 2), (5, 3, 4, 2), (5, 3, 4, 2), (5, 2, 4, 2), (5, 3, 4, 2), (5, 7, 4, 2), (5, 7, 4, 2), (5, 7, 4, 2)]"
"(3, 19, 6, 21, 0)","[(5, 7, 4, '?'), (5, 7, 4, '?'), (5, 2, 4, 6), (5, 7, 4, 0), (5, 2, 4, 6), (5, 3, 4, 6)]"
"(3, 19, 6, 25, 0)","[(5, 3, 4, 6), (5, 7, 4, 0), (5, 2, 4, 6), (5, 3, 4, 6), (5, 7, 4, 0), (5, 7, 4, 0), (5, 3, 4, 6)]"
"(3, 19, 9, 1, 0)","[(5, 2, 4, 7), (5, 6, 4, 7), (5, 6, 4, 7), (5, 7, 4, 7), (5, 1, 4, 7), (5, '?', 4, 7), (5, 2, 4, 7), (5, 7, 4, 7), (5, 4, 4, 7), (5, '?', 4, 7), (5, 4, 4, 7), (5, 1, 4, 7), (5, 1, 4, 7), (5, 1, 4, 7), (5, 6, 4, 7), (5, 4, 4, 7)]"
"(3, 19, 9, 3, 0)","[(5, 4, 4, 7)]"
"(3, 19, 9, 9, 0)","[(6, 5, 4, 7), (6, 5, 4, 7), (6, 7, 4, 7), (5, 0, 4, 7), (6, 2, 4, 7), (6, 6, 4, 7), (6, 4, 4, 7), (6, 6, 4, 7)]"
"(3, 19, 9, 22, 0)","[(6, 6, 4, 4)]"
"(3, 19, 9, 25, 0)","[(5, 6, 4, 3)]"
"(3, 19, 10, 2, 0)","[(5, 6, 4, 0), (5, 4, 4, 0), (5, '?', 4, 0), (5, '?', 4, 0)]"
"(3, 19, 10, 10, 0)","[(5, '?', 4, '?')]"
"(3, 19, 10, 16, 0)","[(5, '?', 4, 2), (5, '?', 4, 2), (5, 1, 4, 2)]"
"(3, 19, 16, 2, 0)","[(5, 4, 4, 1), (5, 4, 4, 1), (5, 6, 4, '?'), (5, 4, 4, 1), (5, 1, 4, 1)]"
"(3, 19, 16, 3, 0)","[(5, 6, 4, 5)]"
"(3, 19, 16, 4, 0)","[(5, 0, 4, 1)]"
"(3, 19, 16, 6, 0)","[(5, 7, 4, '?'), (5, 7, 4, 1), (5, 7, 4, 1), (5, 7, 4, '?'), (5, 3, 4, 5), (5, 3, 4, 5), (5, 7, 4, 1), (5, '?', 4, 5), (5, 7, 4, 1), (5, 7, 4, '?'), (5, 7, 4, '?'), (5, 3, 4, 5)]"
"(3, 19, 16, 16, 0)","[(5, '?', 4, 1), (5, 6, 4, 1), (5, '?', 4, 1), (5, '?', 4, 2), (5, 0, 4, 1)]"
"(3, 19, 16, 20, 0)","[(5, 1, 4, 1), (5, 1, 4, 1), (5, 6, 4, 1), (5, 4, 4, 1), (5, 0, 4, 1), (5, 6, 4, 1), (5, 6, 4, 1), (5, 4, 4, 1), (5, 1, 4, 1), (5, '?', 4, 1), (5, '?', 4, 1), (5, 4, 4, 1), (5, '?', 4, 1)]"
"(3, 19, 16, 21, 0)","[(5, 4, 4, 5)]"
"(3, 19, 16, 22, 0)","[(5, 4, 4, 5)]"
"(3, 19, 16, 25, 0)","[(5, 4, 4, 1)]"
"(3, 19, 20, 2, 0)","[(5, 4, 4, 5), (6, 4, 4, 1), (6, 6, 4, 5), (5, 1, 4, 5), (5, 4, 4, 5), (6, 4, 4, 1)]"
"(3, 19, 20, 3, 0)","[(5, 6, 4, '?')]"
"(3, 19, 20, 4, 0)","[(5, 0, 4, 5), (5, 5, 4, 5), (5, 5, 4, 5), (5, 0, 4, 5)]"
"(3, 19, 20, 5, 0)","[(6, 3, 4, 5)]"
"(3, 19, 20, 6, 0)","[(5, 3, 4, 5), (5, 7, 4, 5), (5, 3, 4, 5), (6, 3, 4, 5), (6, 3, 4, 5), (5, 3, 4, 5), (6, 3, 4, 5)]"
"(3, 19, 20, 16, 0)","[(5, 1, 4, 1)]"
"(3, 19, 20, 20, 0)","[(6, 6, 4, 1), (6, '?', 4, 1), (6, '?', 4, 1), (6, 3, 4, 1), (6, 2, 4, 1), (6, 4, 4, 1), (6, 7, 4, 1), (5, '?', 4, 1), (6, 4, 4, 1), (6, 3, 4, 1), (6, 2, 4, 1), (6, '?', 4, 1), (6, 4, 4, 1), (6, 6, 4, 1), (6, '?', 4, 1), (6, 7, 4, 1), (6, 2, 4, 1), (6, 4, 4, 1), (6, 6, 4, 1), (6, 6, 4, 1), (6, 6, 4, 1), (6, 6, 4, 1), (6, 3, 4, 1), (6, 6, 4, 1), (6, '?', 4, 1), (6, '?', 4, 1), (6, 2, 4, 1)]"
"(3, 19, 20, 21, 0)","[(5, 1, 4, 5), (5, 6, 4, 2), (5, '?', 4, 5)]"
"(3, 19, 20, 22, 0)","[(5, 7, 4, 5), (5, '?', 4, 5), (6, 2, 4, 5), (5, '?', 4, 5), (6, 2, 4, 5), (5, 4, 4, 5), (5, 1, 4, 5), (5, 1, 4, 5), (5, 6, 4, 5), (5, '?', 4, 5), (6, '?', 4, 5), (6, 3, 4, 5), (5, 0, 4, 5), (5, 3, 4, 5), (5, 5, 4, 5), (5, 3, 4, 5), (6, '?', 4, 5), (6, 6, 4, 5), (5, 4, 4, 5), (6, 3, 4, 5), (5, '?', 4, 5)]"
"(3, 19, 20, 25, 0)","[(5, 6, 4, 1), (5, 4, 4, 1), (5, 1, 4, 1)]"
"(3, 19, 21, 16, 0)","[(5, 1, 4, 2), (5, 0, 4, 2), (5, 3, 4, 2), (5, 7, 4, 2), (5, '?', 4, 2), (5, 0, 4, 2), (5, 1, 4, 2), (5, 6, 4, 2), (5, 2, 4, 2), (5, 7, 4, 2), (5, 7, 4, 2), (5, 2, 4, 2), (5, '?', 4, 2), (5, 7, 4, 2), (5, 7, 4, 2), (5, 2, 4, 2), (5, 1, 4, 2), (5, '?', 4, 2), (5, 6, 4, 2), (5, 2, 4, 2), (5, 6, 4, 2), (5, '?', 4, 2), (5, 1, 4, 2)]"
"(3, 19, 21, 21, 0)","[(5, '?', 4, '?'), (5, 6, 4, '?'), (5, 2, 4, 6), (5, 7, 4, 0), (5, 4, 4, '?'), (5, 2, 4, 6), (5, 4, 4, '?'), (5, 2, 4, 6), (5, 3, 4, '?'), (5, '?', 4, 6), (5, 6, 4, '?'), (5, 4, 4, '?')]"
"(3, 19, 21, 25, 0)","[(5, 6, 4, 0)]"
"(3, 19, 22, 2, 0)","[(6, 4, 4, 0), (6, '?', 4, 6), (6, 3, 4, 6), (6, 2, 4, 0), (6, '?', 4, 6), (6, 3, 4, 6), (6, 6, 4, 0), (6, '?', 4, 0), (6, 3, 4, 0), (6, 2, 4, 0), (6, 2, 4, 0), (6, 6, 4, 6), (6, 6, 4, 6), (6, 4, 4, 0), (6, '?', 4, 0), (6, 2, 4, 0), (6, 6, 4, 6), (6, 3, 4, 0), (6, '?', 4, 0), (6, 3, 4, 0), (6, '?', 4, 0), (6, 3, 4, 0), (6, 3, 4, 6), (6, '?', 4, 0), (6, 3, 4, 6), (6, 4, 4, 0), (6, 3, 4, 0), (6, 6, 4, 6), (6, 6, 4, 6), (6, 6, 4, 0), (6, 6, 4, 6), (6, 3, 4, 0), (6, 6, 4, 0), (6, 6, 4, 0), (6, '?', 4, 0), (6, 3, 4, 0), (6, 6, 4, 0), (6, 1, 4, 0), (6, '?', 4, 0), (6, 6, 4, 0), (6, 4, 4, 0), (6, 1, 4, 0), (6, 3, 4, 0)]"
"(3, 19, 22, 9, 0)","[(6, 4, 4, 7), (6, 2, 4, 7), (6, 7, 4, 7)]"
"(3, 19, 22, 10, 0)","[(5, '?', 4, '?')]"
"(3, 19, 22, 11, 0)","[(6, 6, 4, '?')]"
"(3, 19, 22, 16, 0)","[(5, '?', 4, 2), (5, 3, 4, 2)]"
"(3, 19, 22, 20, 0)","[(6, 2, 4, 2), (6, 0, 4, 2), (6, 4, 4, 2), (6, 2, 4, 2), (6, 6, 4, 2), (6, '?', 4, 2), (6, 2, 4, 2), (6, '?', 4, 2), (6, 4, 4, 2), (6, 6, 4, 2), (6, '?', 4, 2), (6, 6, 4, 2), (6, 4, 4, 2), (6, '?', 4, 2), (6, 4, 4, 2), (6, '?', 4, 2), (6, 2, 4, 2), (6, '?', 4, 2), (6, 4, 4, 2)]"
"(3, 19, 22, 21, 0)","[(5, '?', 4, '?'), (5, 4, 4, '?'), (5, 3, 4, '?'), (5, '?', 4, '?'), (5, 1, 4, 6), (5, '?', 4, '?'), (5, 3, 4, '?'), (5, 1, 4, 6), (5, 1, 4, 6), (5, '?', 4, '?'), (5, 2, 4, 6), (5, '?', 4, '?'), (5, 1, 4, '?'), (5, 4, 4, '?'), (5, 4, 4, '?')]"
"(3, 19, 22, 22, 0)","[(6, 1, 4, 6), (6, '?', 4, '?'), (6, 6, 4, '?'), (6, '?', 4, 6), (6, 3, 4, '?'), (6, 7, 4, '?'), (6, '?', 4, '?'), (6, 6, 4, 6), (6, '?', 4, '?'), (6, 7, 4, '?'), (6, 7, 4, '?'), (6, 6, 4, '?'), (6, '?', 4, '?'), (6, 2, 4, 4), (6, 3, 4, 6), (6, 3, 4, 6), (6, 6, 4, '?'), (6, 3, 4, '?'), (6, 3, 4, '?'), (6, 7, 4, '?'), (6, 4, 4, '?'), (6, 6, 4, '?'), (6, 6, 4, '?'), (6, 1, 4, 6), (6, 1, 4, 6), (6, 6, 4, 4), (6, '?', 4, '?'), (6, '?', 4, '?'), (6, 6, 4, 3), (6, 2, 4, 6), (6, '?', 4, '?'), (6, 6, 4, 4), (6, 3, 4, '?')]"
"(3, 19, 22, 25, 0)","[(5, 4, 4, 0), (5, 5, 4, 0), (5, 6, 4, 0), (5, 4, 4, 6), (5, 1, 4, 6), (5, 6, 4, 0), (5, '?', 4, 6), (5, '?', 4, 0), (5, 2, 4, 0), (5, 3, 4, 6), (5, '?', 4, 0), (5, 6, 4, 0), (5, '?', 4, 6), (5, '?', 4, 0)]"
"(3, 19, 25, 16, 0)","[(5, 6, 4, 2)]"
"(3, 19, 25, 25, 0)","[(5, 0, 4, 0), (5, '?', 4, 6), (5, '?', 4, 0), (5, 4, 4, 0), (5, 2, 4, 0), (5, 6, 4, 0), (5, '?', 4, 6)]"
"(3, 20, 20, 20, 0)","[(6, 7, 6, 1)]"
"(3, 20, 20, 25, 0)","[(5, 1, 1, 1)]"
"(3, 20, 22, 20, 0)","[(6, 7, 6, 1), (6, 7, 6, 1)]"
"(3, 22, 1, 1, 0)","[(5, 7, '?', 7)]"
"(3, 22, 2, 2, 0)","[(6, 6, '?', 0), (6, 1, '?', 6), (6, 4, 0, 0), (6, 6, '?', 0), (6, 6, '?', 6), (6, 1, '?', 6), (6, 6, '?', 0), (6, 4, '?', '?'), (6, 6, '?', 6), (6, 6, '?', 0), (6, 1, '?', 6), (6, 6, '?', 6), (6, 6, '?', 6)]"
"(3, 22, 2, 16, 0)","[(5, 1, '?', 2), (5, 1, '?', 2), (5, 4, '?', 2), (5, 6, '?', 2), (5, 1, '?', 2), (5, 6, '?', 2), (5, 1, '?', 2), (5, 4, '?', 2), (4, 4, '?', 2), (5, 1, '?', 2), (5, 1, '?', 2), (5, 4, '?', 2)]"
"(3, 22, 2, 20, 0)","[(6, 1, '?', 2), (6, 1, '?', 2), (6, 4, '?', 2), (6, 1, '?', 2), (6, 1, '?', 2), ('?', 1, 1, 2), (6, 4, '?', 2)]"
"(3, 22, 2, 21, 0)","[(5, 6, '?', '?'), (5, 4, '?', '?'), (5, 1, '?', '?'), (5, 6, '?', '?'), (5, 1, '?', 6), (5, 1, '?', 0), (5, 4, '?', '?'), (5, 4, '?', '?'), (5, 4, '?', '?'), (5, 4, '?', '?')]"
"(3, 22, 2, 22, 0)","[(6, 1, '?', '?'), (6, 1, '?', '?'), (6, 1, '?', 6), (6, 6, '?', '?'), (6, 1, '?', 6), (6, 1, '?', '?'), (6, 6, '?', '?'), (6, 1, '?', 6), (6, 4, '?', '?'), (6, 4, '?', '?'), (6, 1, '?', '?'), (6, 1, '?', '?'), (6, 1, '?', '?'), (6, 4, '?', '?')]"
"(3, 22, 2, 25, 0)","[(5, 4, '?', 6), (5, 1, '?', 0), (5, 6, '?', 0), (5, 4, '?', 6), (5, 1, '?', 0), (5, 1, '?', 6), (5, 1, '?', 0), (5, 6, '?', 0), (5, 6, '?', 0), (5, 1, '?', 0), (5, 4, '?', 0), (5, 1, '?', 0), (5, 4, '?', 0), (5, 1, '?', 6), (5, 1, '?', 6), (5, 1, '?', 6)]"
"(3, 22, 4, 2, 0)","[(6, 0, '?', 0), (6, 5, '?', 0), (6, 5, '?', 6), (6, 0, '?', 0), (6, 5, '?', 6), (6, 0, '?', 0), (6, 0, '?', 0), (6, 5, '?', 6), (6, 5, '?', 6), (6, 5, '?', 0), (6, 5, '?', 0), (6, 0, '?', 0), (6, 5, '?', 6), (6, 0, '?', 0)]"
"(3, 22, 4, 8, 0)","[(5, 5, '?', 0)]"
"(3, 22, 4, 16, 0)","[(5, 5, '?', 2), (5, 5, '?', 2), (5, 5, '?', 2), (5, 0, '?', 2), (5, 0, '?', 2), (5, 5, '?', 2), (5, 5, '?', 2)]"
"(3, 22, 4, 20, 0)","[(6, 0, '?', 2), (6, 0, '?', 2), (6, 0, '?', 2), (6, 0, '?', 2), (6, 5, '?', 2), (6, 5, '?', 2), (6, 0, '?', 2)]"
"(3, 22, 4, 21, 0)","[(5, 5, '?', '?'), (5, 0, '?', '?'), (5, 0, '?', '?'), (5, 5, '?', '?'), (5, 0, '?', '?'), (5, 5, '?', '?'), (5, 0, '?', '?'), (5, 5, '?', '?'), (5, 0, '?', '?')]"
"(3, 22, 4, 22, 0)","[(6, 5, 0, '?'), (6, 5, '?', '?'), (6, 5, '?', '?'), (6, 5, '?', '?'), (6, 5, '?', '?'), (6, 5, '?', '?'), (6, 5, '?', '?')]"
"(3, 22, 4, 25, 0)","[(5, 0, '?', 0), (5, 5, '?', 0), (5, 5, '?', 0), (5, 0, '?', 6), (5, 5, 4, 6), (5, 0, '?', 0), (5, 0, '?', 0), (5, 5, '?', 0), (5, 0, '?', 6), (5, 0, '?', 6), (5, 0, '?', 6), (5, 5, 3, 6), (5, 5, '?', 0), (5, 0, '?', 6), (5, 0, '?', 6), (5, 0, '?', 0), (5, 0, '?', 6), (5, 0, '?', 0), (5, 5, '?', 0), (5, 0, '?', 0), (5, 0, '?', 0), (5, 0, '?', 0), (5, 5, '?', 0)]"
"(3, 22, 4, 26, 0)","[(5, 5, '?', '?')]"
"(3, 22, 6, 2, 0)","[(6, 3, '?', 6), (6, 2, '?', 0), (6, 3, '?', 6), (6, 2, '?', 0), (6, 3, '?', 6), (6, 3, '?', 6), (6, 2, '?', 0), (6, 3, '?', 0), (6, 7, '?', 6), (6, 3, '?', 0), (6, 7, 6, 6), (6, 7, '?', 0), (6, 7, '?', 0), (6, 3, '?', 0), (6, 7, '?', 0), (6, 7, '?', 0), (6, 2, '?', 0), (6, 3, '?', 6)]"
"(3, 22, 6, 3, 0)","[(5, 7, 0, 7), (5, 3, 4, '?'), (5, 3, 4, '?')]"
"(3, 22, 6, 6, 0)","[(6, 7, '?', 6), (6, 7, '?', '?')]"
"(3, 22, 6, 9, 0)","[(6, 7, 6, 7), (6, '?', 0, 7), (6, 7, '?', 7), (6, 7, 6, 7), (6, 7, '?', 7)]"
"(3, 22, 6, 16, 0)","[(5, 7, '?', '?'), (5, 7, '?', '?'), (5, 3, '?', 2)]"
"(3, 22, 6, 20, 0)","[(6, 2, '?', 2), (6, 7, '?', 2), (6, 7, 3, 2)]"
"(3, 22, 6, 21, 0)","[(5, 7, '?', 6), (5, 7, '?', 6), (5, 2, 3, 6), (5, 7, '?', '?'), (5, 2, '?', 6), (5, 7, '?', 6), (5, 2, '?', '?'), (5, 7, '?', 6), (5, 2, '?', '?'), (5, 2, 3, '?'), (5, 7, '?', '?'), (5, '?', '?', '?'), (5, 2, '?', '?'), (5, '?', '?', '?'), (5, 3, '?', '?')]"
"(3, 22, 6, 22, 0)","[(6, 7, '?', '?'), (6, 2, '?', '?'), (6, 2, 6, '?'), (6, 3, '?', '?'), (6, 3, 3, '?'), (6, 7, 6, 6), (6, 7, '?', 0), (6, 7, '?', '?'), (6, 7, '?', 6), (6, 3, '?', '?'), (6, 3, '?', '?'), (6, 2, '?', '?'), (6, 7, '?', '?'), (6, 3, '?', '?'), (6, 3, 3, '?'), (6, 7, '?', 6), (6, 3, '?', '?'), (6, 7, '?', '?'), (6, 7, '?', '?'), (6, 3, '?', '?')]"
"(3, 22, 6, 25, 0)","[(5, 2, '?', 0), (5, 3, '?', 0), (5, 3, '?', 6), (5, 2, '?', 0), (5, 7, '?', 6), (5, 3, '?', 0), (5, 3, '?', 6), (5, 2, '?', 0), (5, 2, '?', 6), (5, 2, '?', 6), (5, 2, '?', 0), (5, 3, '?', 6), (5, 2, 4, 0), (5, 2, '?', 0), (5, 7, '?', 6), (5, 3, '?', 0), (5, 3, '?', 6), (5, 3, '?', 0), (5, 2, '?', 0), (5, 3, '?', 6), (5, 2, '?', 0), (5, 7, 4, 0), (5, 3, '?', 6), (5, 2, '?', 6), (5, 3, '?', 0), (5, 7, '?', 6), (5, 2, 4, 0)]"
"(3, 22, 9, 1, 0)","[(5, 7, '?', 7), (5, 7, '?', 7), (5, 7, 0, 7), (5, 7, 0, 7)]"
"(3, 22, 9, 3, 0)","[(5, 7, 6, 7)]"
"(3, 22, 9, 9, 0)","[(5, 2, 4, 7), (6, 7, '?', 7), (6, 7, 3, 7)]"
"(3, 22, 20, 4, 0)","[(5, 0, '?', 5)]"
"(3, 22, 20, 5, 0)","[(5, 2, 5, 5)]"
"(3, 22, 20, 6, 0)","[(6, 2, '?', 5), (5, 7, 4, 5)]"
"(3, 22, 20, 20, 0)","[(6, 6, 6, 1), (6, 6, '?', 1), (6, 1, 6, 1), (6, 1, 6, 1), (6, '?', 6, 1), (6, 6, 6, 1)]"
"(3, 22, 20, 21, 0)","[(5, '?', '?', 5), (5, 7, '?', 5), (5, 2, 5, 5), (5, 4, '?', 5), (5, '?', '?', 5), (5, 6, '?', 5), (5, 1, 5, 5), (5, 2, '?', 5), (5, 2, '?', 5), (5, '?', '?', 5), (5, 7, 6, 5), (5, 7, '?', 5), (5, 7, '?', 5), (5, 4, '?', 5), (5, 1, 5, 5), (5, 4, '?', 5), (5, 4, '?', 5), (5, 4, '?', 5), (5, 2, '?', 5)]"
"(3, 22, 20, 22, 0)","[(6, '?', '?', 5), (5, '?', '?', 5), (6, '?', '?', 5), (5, 6, '?', 5), (6, 6, 6, 5), (6, '?', '?', 5), (6, 1, 2, 5), (6, 1, 2, 5), (6, 6, '?', 5), (6, 6, 6, 5), (6, 6, '?', 5), (6, 6, '?', 5), (6, 5, '?', 5), (5, 6, '?', 5), (6, 6, 6, 5), (5, '?', '?', 5), (6, '?', '?', 5), (5, 7, '?', 5), (6, '?', '?', 5), (6, 4, '?', 5)]"
"(3, 22, 21, 16, 0)","[(5, '?', '?', 2), (5, '?', '?', 2), (5, 3, '?', 2), (5, 3, '?', 2), (5, '?', '?', 2), (5, '?', '?', 2)]"
"(3, 22, 21, 21, 0)","[(5, 2, '?', '?'), (5, '?', '?', '?'), (5, 3, '?', '?'), (4, 1, 3, 6), (5, '?', '?', '?')]"
"(3, 22, 22, 2, 0)","[(6, '?', '?', 0), (6, 2, 4, 0), (6, 2, '?', 0), (6, 6, 0, 6), (6, 3, 3, 6), (6, 6, 0, 0), (6, 3, '?', 0), (6, 3, '?', 0), (6, '?', '?', 0), (6, 3, '?', 0), (6, 7, 4, 0), (6, '?', '?', 0), (6, 3, '?', 6), (6, 6, '?', 0), (6, '?', '?', 0), (6, 3, 0, 0), (6, 6, '?', 6), (6, '?', '?', 0), (6, 2, 3, 0), (6, '?', '?', 0), (6, 2, '?', 0), (6, '?', '?', 0)]"
"(3, 22, 22, 6, 0)","[(6, 3, '?', 0), (6, 3, 3, 6)]"
"(3, 22, 22, 9, 0)","[(6, 6, 6, 7)]"
"(3, 22, 22, 11, 0)","[(6, 7, 3, 6)]"
"(3, 22, 22, 16, 0)","[(5, '?', '?', 2)]"
"(3, 22, 22, 20, 0)","[(6, 4, '?', 2), (6, 2, 4, 2), (6, 3, '?', 2), (6, '?', '?', 2), (6, '?', '?', 2), (6, '?', '?', 2), (6, '?', '?', 2), (6, 2, '?', 2), (6, '?', 4, 2), (6, 1, 1, 2), (6, 3, '?', 2), (6, 2, '?', 2), (6, 3, '?', 2), (6, 2, '?', 2), (6, 3, '?', 2), (6, 4, '?', 2), (6, '?', '?', 2), (6, 4, '?', 2), (6, 7, '?', 2), (6, 2, '?', 2), (6, '?', '?', 2), (6, 1, 1, 2), (6, '?', '?', 2), (6, 7, '?', 2)]"
"(3, 22, 22, 21, 0)","[(5, '?', '?', '?'), (5, 1, '?', 6), (5, 3, '?', '?'), (5, 2, '?', '?'), (5, '?', '?', '?')]"
"(3, 22, 22, 22, 0)","[(6, 7, 4, '?'), (6, 7, 4, 4), (6, 7, 3, 3), (6, 6, '?', '?'), (6, 2, '?', '?'), (6, 2, '?', '?'), (6, 7, 3, 4), (6, 6, 6, 4), (6, 2, '?', '?'), (6, 3, '?', '?'), (6, 7, 4, 4), (6, 4, '?', '?'), (6, 2, '?', '?')]"
"(3, 22, 22, 25, 0)","[(5, 4, '?', 0), (5, '?', '?', 0), (5, 6, '?', 0), (5, 3, '?', 0), (5, '?', '?', 0), (5, 6, '?', 0), (5, '?', '?', 0), (5, '?', '?', 0), (4, 3, 3, 6)]"
"(3, 22, 25, 25, 0)","[(5, '?', '?', 0), (5, 4, 4, 6), (5, 6, '?', 0), (5, 3, '?', 0), (5, '?', '?', 0), (5, '?', '?', 0)]"
"(3, 23, 4, 16, 0)","[(5, 0, '?', 2)]"
"(3, 23, 4, 21, 0)","[(5, 0, '?', '?'), (5, 0, '?', '?'), (5, 5, '?', '?'), (5, '?', '?', '?')]"
"(3, 23, 4, 22, 0)","[(6, 5, '?', '?'), (5, 5, 4, 5), (6, 5, '?', '?')]"
"(3, 23, 6, 1, 0)","[(5, 7, 1, 7), (5, 7, '?', 7)]"
"(3, 23, 6, 3, 0)","[(5, 7, 4, 7), (5, 7, 4, '?')]"
"(3, 23, 6, 16, 0)","[(5, 3, '?', 2), (5, 3, '?', 2), (5, 3, '?', 2)]"
"(3, 23, 6, 21, 0)","[(5, 2, '?', '?'), (5, 3, '?', '?'), (5, 2, '?', '?'), (5, 3, '?', '?'), (5, 7, '?', '?'), (5, 3, '?', '?'), (5, 3, '?', '?'), (5, 2, '?', '?'), (5, 7, '?', '?')]"
"(3, 23, 6, 25, 0)","[(5, 2, '?', 0)]"
"(3, 23, 9, 1, 0)","[(5, 7, 3, 7), (5, 7, 0, 7)]"
"(3, 23, 16, 2, 0)","[(5, 1, '?', 1)]"
"(3, 23, 16, 4, 0)","[(5, 0, 3, 1), (5, 0, '?', 1), (5, 0, '?', 1), (5, 5, '?', 1), (5, 0, 3, 1), (5, 5, '?', 1), (5, 0, '?', 1), (5, 0, '?', 1), (5, 0, '?', 1), (5, 5, '?', 1), (5, 5, '?', 1), (5, 0, '?', 1), (5, 5, 3, 1), (5, 0, '?', 1)]"
"(3, 23, 16, 6, 0)","[(5, 3, '?', 1), (5, 3, 6, 1), (5, 2, '?', 1), (5, 7, 7, 1), (5, 3, '?', 1), (5, 7, '?', 1), (5, 7, 3, 1), (5, 7, '?', '?'), (5, 3, '?', 1), (5, 7, 0, 1), (5, 7, '?', 1), (5, 7, 1, 1), (5, 7, 3, 1), (5, 2, 3, 1), (5, 2, '?', 1), (5, 3, '?', 1), (5, 7, '?', 1), (5, 7, 4, 1), (5, 7, 3, 1), (5, 3, '?', 1), (5, 7, 3, '?'), (5, 7, '?', 1), (5, 7, 4, 1), (5, 3, '?', 1), (5, 7, 6, 1), (5, 7, '?', 1)]"
"(3, 23, 16, 16, 0)","[(5, '?', '?', 1), (5, 3, 6, 1), (5, 3, 6, 1), (5, 2, 6, 1), (5, 2, 3, 1), (5, 3, '?', 1), (5, 6, '?', 1), (5, '?', '?', 1)]"
"(3, 23, 16, 20, 0)","[(5, 7, 6, 1), (5, '?', '?', 1), (5, 4, 4, 1), (5, 7, 0, 1), (5, 1, '?', 1), (5, '?', '?', 1)]"
"(3, 23, 16, 21, 0)","[(5, '?', '?', 5), (5, 5, '?', 5)]"
"(3, 23, 16, 25, 0)","[(5, 7, 3, 1), (5, 5, '?', 1), (5, 2, 5, 1), (5, 2, '?', 1), (5, 6, '?', 1), (5, 1, '?', 1)]"
"(3, 23, 20, 2, 0)","[(6, 1, 6, 1)]"
"(3, 23, 20, 4, 0)","[(5, 5, '?', 5), (6, 0, '?', 1), (6, 0, '?', 1), (6, 5, '?', 1), (5, 5, '?', 5), (6, 5, 3, 1), (6, 5, '?', 1), (5, 5, '?', 5), (6, 0, '?', 1), (6, 0, '?', 1), (6, 5, '?', 1), (6, 5, '?', 1)]"
"(3, 23, 20, 6, 0)","[(6, 7, '?', 1), (6, 7, '?', 1), (6, 3, 1, 1), (6, 3, '?', 1), (6, 3, '?', 1), (6, 3, '?', 1), (6, 3, 0, 1), (6, 2, '?', 1)]"
"(3, 23, 20, 16, 0)","[(5, 2, '?', 1), (5, 7, 3, 1), (5, 1, '?', 1)]"
"(3, 23, 20, 20, 0)","[(6, 3, 4, 1), (6, 3, 4, 1), (6, 7, '?', 1), (6, 7, 6, 1), (6, '?', 3, 1), (6, 6, 4, 1), (6, 4, '?', 1), (6, 2, '?', 1), (6, '?', '?', 1), (6, 4, '?', 1), (6, '?', '?', 1), (6, 7, '?', 1), (6, 6, 6, 1), (6, 7, '?', 1), (6, '?', '?', 1), (6, 2, '?', 1), (6, 3, 6, 1), (6, 7, 6, 1), (6, 4, 4, 1), (6, 6, '?', 1), (6, 2, '?', 1), (6, '?', '?', 1), (6, 2, '?', 1), (6, 7, 4, 1), (6, 6, '?', 1), (6, 2, '?', 1), (6, '?', '?', 1), (6, '?', '?', 1), (6, 3, 4, 1), (6, 3, 4, 1), (6, 2, '?', 1), (6, 7, 4, 1), (6, 1, 6, 1), (6, 2, 4, 1), (6, 2, 6, 1), (6, 3, '?', 1), (6, 2, 6, 1), (6, 3, 3, 1), (6, 2, 4, 1), (6, 7, 4, 1), (6, 3, '?', 1), (6, 2, 6, 1), (6, 6, 6, 1), (6, 6, 6, 1), (6, '?', '?', 1), (6, '?', 4, 1), (6, 2, '?', 1)]"
"(3, 23, 20, 21, 0)","[(5, 5, '?', 5), (5, 2, '?', 5), (5, 2, '?', 5), (5, 1, 5, 5), (5, 7, '?', 5), (5, 5, '?', 5), (5, '?', '?', 5), (5, 2, 5, 5)]"
"(3, 23, 20, 22, 0)","[(5, 6, '?', 5)]"
"(3, 23, 20, 25, 0)","[(5, 6, '?', 1), (5, 6, '?', 1), (5, 6, '?', 1), (5, 6, '?', 1), (5, 3, '?', 1), (5, '?', '?', 1), (5, '?', 4, 1), (5, 6, '?', 1), (5, '?', '?', 1), (5, '?', '?', 1), (5, '?', '?', 1)]"
"(3, 23, 22, 21, 0)","[(5, 3, '?', 4), (5, 0, '?', '?')]"
"(3, 23, 25, 25, 0)","[(5, 3, '?', 6)]"
"(4, 1, 6, 22, 0)","[(6, 3, 6, 4)]"
"(4, 2, 2, 2, 0)","[('?', '?', 6, 0), (0, 1, 6, 6), ('?', 4, 6, 0), ('?', '?', 6, 0), (0, 6, 6, 6), (0, 4, 6, 0), (0, 6, 6, 0), (6, 4, 6, 0), ('?', 4, 6, 0), (0, 1, 6, 6), ('?', 6, 6, 0), (0, 4, 6, 0), ('?', 4, 6, 0), ('?', 6, 6, 0), (6, 1, 6, 0), (0, 6, 6, 6), (0, 4, 6, 6), (0, 1, 6, 6), (3, 1, 6, 0), (3, 4, 6, 0), ('?', 6, 6, 6), (0, 4, 6, 0), ('?', 4, 6, 0), (0, 1, 6, 6), (0, 4, 6, 0), ('?', 6, 6, 0), (0, 4, 6, 6), (0, 6, 6, 0), (0, 4, 6, 0), ('?', 6, 6, 6), (0, 1, 6, 6), (0, 4, 6, 6), ('?', 6, 6, 6), ('?', 6, 6, 6), (3, 4, 6, 0), (0, 6, 6, 0), (0, 4, 6, 0), (0, 4, 6, 0), ('?', 6, 6, 6), (0, 6, 6, 0), (0, 6, 6, 0), (0, 4, 6, 6), ('?', 4, 6, 0), ('?', 4, 6, 0), (0, 6, 6, 6), (6, 4, 6, 0), (0, 4, 6, 0), ('?', 6, 6, 0), (0, 6, 6, 0), ('?', 4, 6, 0), ('?', 6, 6, 6), ('?', 6, 6, 0), ('?', 6, 6, '?'), ('?', 6, 6, 0), ('?', 4, 6, 0), ('?', 6, 6, 6)]"
"(4, 2, 2, 8, 0)","[(1, 4, 6, 0), (1, 6, 6, 7), (1, 4, 6, 0)]"
"(4, 2, 2, 9, 0)","[(1, 6, 6, 7), (1, 4, 6, 7)]"
"(4, 2, 2, 10, 0)","[(1, 4, 6, '?')]"
"(4, 2, 2, 11, 0)","[(2, 1, 6, '?'), (2, 4, 6, '?')]"
"(4, 2, 2, 15, 0)","[(3, 4, 6, 0), (3, 1, 6, 6), (3, 1, 6, 0), (3, 1, 6, 6), (3, 1, 6, 0), (3, 1, 6, 6), (3, 4, 6, 0), (3, 4, 6, 6), (3, 1, 6, 6), (3, 1, 6, 0), (3, 4, 6, 6), (3, 1, 6, 0), (3, 6, 6, 6), (3, 6, 6, 6), (3, 6, 6, '?'), (3, 1, 6, 6), (3, 6, 6, '?'), (3, 4, 6, 0), (3, 4, 6, 6), (3, 4, 6, 0), (3, 4, 6, 6), (3, 4, 6, 6), (3, 6, 6, 6), (3, 4, 6, 0)]"
"(4, 2, 2, 16, 0)","[(1, 1, 6, 2), (1, 1, 6, 2), (1, 1, 6, 2), (4, 1, 6, 2), (1, 1, 6, 2), (3, 1, 6, 2), (1, 1, 6, 2)]"
"(4, 2, 2, 17, 0)","[(2, 6, 6, 0), (2, 6, 6, 0), (2, 1, 6, 6), (2, 1, 6, 6), (2, 6, 6, 0), (2, 6, 6, 6)]"
"(4, 2, 2, 20, 0)","[(3, 1, 6, 2), ('?', 6, 6, 2), ('?', 1, 6, 2), (0, 4, 6, 5), (0, 4, 6, 2), ('?', 1, 6, 2), ('?', 4, 6, 2), (0, 1, 6, 2), (3, 1, 6, 2), (3, 1, 6, 2), (0, 1, 6, 2), (0, 1, 6, 2), (3, 1, 6, 2), (3, 1, 6, 2), ('?', 1, 6, 2), (0, 1, 6, 2)]"
"(4, 2, 2, 21, 0)","[(4, 1, 6, '?'), (4, 4, 6, '?'), (4, 1, 6, 6), (4, 6, 6, '?'), (4, 1, 6, '?'), (4, 6, 6, '?'), (4, 6, 6, '?'), (4, 4, 6, '?'), (4, 6, 6, '?'), (4, 1, 6, '?'), (4, 4, 6, '?')]"
"(4, 2, 2, 22, 0)","[('?', 6, 6, '?'), ('?', 1, 6, '?'), ('?', 1, 6, '?'), ('?', 6, 6, '?'), ('?', 6, 6, '?'), (0, 6, 6, '?'), ('?', 1, 6, '?'), ('?', 1, 6, '?'), ('?', 6, 6, '?'), ('?', 4, 6, '?'), (0, 1, 6, '?'), ('?', 1, 6, '?'), ('?', 6, 6, '?'), ('?', 4, 6, '?'), ('?', 4, 6, '?')]"
"(4, 2, 2, 25, 0)","[(5, 1, 6, 0), (4, 1, 6, 0)]"
"(4, 2, 2, 26, 0)","[(3, 1, 6, '?'), (3, 6, 6, '?')]"
"(4, 2, 2, 27, 0)","[(0, 1, 6, '?'), (0, 6, 6, 0), (0, 1, 6, 6), (0, 6, 6, 6), (0, '?', 6, '?'), (0, 1, 6, 6), (0, 1, 6, '?'), (0, 1, 6, '?'), (0, 6, 6, '?'), (0, 6, 6, 6), (0, 1, 6, '?'), (0, 6, 6, '?'), (0, 1, 6, '?')]"
"(4, 2, 8, 2, 0)","[(1, 4, '?', 0), (1, 4, 6, 6), (1, 4, 6, 6), (1, 4, 6, 6)]"
"(4, 2, 8, 8, 0)","[(1, 4, 6, 6)]"
"(4, 2, 10, 10, 0)","[(1, 4, 6, '?'), (1, 4, 6, '?'), (1, 1, 6, 2), (1, 1, '?', '?'), (1, 4, 6, '?')]"
"(4, 2, 11, 11, 0)","[(2, 1, 6, '?')]"
"(4, 2, 11, 20, 0)","[(2, 4, 6, 2), (2, 6, 6, 2), (2, 6, 6, 2), (2, 4, 6, 2), (2, 6, 6, 2), (2, 1, 6, 2), (2, 1, 6, 2), (2, 4, 6, 2), (2, 6, 6, 2)]"
"(4, 2, 16, 2, 0)","[(5, 4, 6, 1)]"
"(4, 2, 16, 21, 0)","[(4, 4, 6, 5), (4, 6, 6, 5), (4, 6, 6, 5), (4, 6, 6, 5), (4, 4, 6, 5), (4, 1, 6, 5), (4, 1, 6, 5), (4, 6, 6, 5), (4, 1, 6, 5)]"
"(4, 2, 16, 25, 0)","[(4, 1, 6, 1), (4, 6, 6, 1), (4, 4, 6, 1), (4, 4, 6, 1), (5, 1, 6, 1), (4, 1, 6, 1), (4, 4, 6, 1)]"
"(4, 2, 17, 17, 0)","[(2, 1, 6, 0), (2, 1, 6, 0), (2, 4, 6, 6), (2, 6, 6, 0), (2, 6, 6, 6), (2, 1, 6, 6), (2, 4, 6, 6), (2, 6, 6, 0), (2, 6, 6, 0), (2, 1, 6, 0), (2, 4, 6, 6), (2, 4, 6, 6), (2, 1, 6, 0), (2, 4, 6, 6), (2, 1, 6, 6), (2, 1, 6, 0), (2, 4, 6, 6), (2, 1, 6, 0), (2, 1, 6, 6)]"
"(4, 2, 20, 2, 0)","[('?', 6, 6, 1), (0, 1, 6, 1), (0, 1, 6, 1), (0, 1, 6, 1), (0, 4, 6, 1)]"
"(4, 2, 20, 4, 0)","[('?', 4, 6, 1)]"
"(4, 2, 20, 8, 0)","[(1, 1, 6, 1), (1, 1, 6, 1), (1, 6, 6, 1), (1, 4, 6, 1), (1, 6, 6, 1), (1, 1, 6, 1)]"
"(4, 2, 20, 10, 0)","[(1, 4, 6, 5), (1, 6, 6, 5), (1, 6, 6, 5), (1, 6, 6, 5), (1, 4, 6, 5), (1, 4, 6, 5), (1, 1, 6, 5), (1, 6, 6, 5), (1, 1, 6, 5), (1, 4, 6, 5), (1, 4, 6, 5)]"
"(4, 2, 20, 11, 0)","[(2, 4, 6, 5), (2, 1, 6, 5), (2, 4, 6, 5), (2, 6, 6, 5), (2, 1, 6, 5), (2, 6, 6, 5), (2, 1, 6, 5)]"
"(4, 2, 20, 15, 0)","[(3, 4, 6, 1), (3, 6, 6, 1), (3, 4, 6, 1), (3, 4, 6, 1), (3, 6, 6, 1), (3, 4, 6, 1), (3, 4, 6, 1), (3, 4, 6, 1), (3, 6, 6, 1), (3, 6, 6, 1), (3, '?', 6, 1)]"
"(4, 2, 20, 17, 0)","[(2, 1, 6, 1), (2, 6, 6, 1), (2, 4, 6, 1), (2, 6, 6, 1), (2, 4, 6, 1), (2, 4, 6, 1), (2, 4, 6, 1), (2, 1, 6, 1), (2, 4, 6, 1), (2, 1, 6, 1), (2, 6, 6, 1), (2, 6, 6, 1)]"
"(4, 2, 20, 20, 0)","[('?', 4, 6, 1), (0, 4, 6, 1), ('?', 4, 6, 1), (6, 1, 6, 1), (1, 4, 6, 1), ('?', 1, 6, 1), ('?', 4, 6, 1), (6, 1, 6, 1), ('?', 6, 6, 1), ('?', 4, 6, 1), ('?', 4, 6, 1), ('?', 6, 6, 1), ('?', 6, 6, 1), ('?', 1, 6, 1), (0, 4, 6, 1)]"
"(4, 2, 20, 21, 0)","[(4, 1, 6, 5)]"
"(4, 2, 20, 22, 0)","[(0, 1, 6, 5), ('?', 4, 6, 5), (0, 1, 6, 5), ('?', 1, 6, 5), ('?', 4, 6, 5), ('?', 1, 6, 5), ('?', 1, 6, 5)]"
"(4, 2, 20, 26, 0)","[(3, 4, 6, 5), (3, 6, 6, 5), (3, 1, 6, 5), (3, 6, 6, 5), (3, 4, 6, 5), (3, 6, 6, 5), (3, 4, 6, 5), (3, 1, 6, 5), (3, 1, 6, 5), (3, 4, 6, 5), (3, 4, 6, 5)]"
"(4, 2, 20, 27, 0)","[(0, 6, 6, 5), (0, 6, 6, 5), (0, 6, 6, 5), (0, 1, 6, 1), (0, 4, 6, 5), (0, 1, 6, 5), (0, 1, 6, 5), (0, 4, 6, 5), (0, 6, 6, 5)]"
"(4, 2, 21, 16, 0)","[(4, 1, 6, 2), (4, 4, 6, 2), (4, 6, 6, 2), (4, 6, 6, 2), (4, 4, 6, 2), (4, 1, 6, 2), (4, 4, 6, 2), (4, 6, 6, 2)]"
"(4, 2, 22, 20, 0)","[(0, 4, 6, 2)]"
"(4, 2, 22, 22, 0)","[('?', 1, 6, '?'), (0, 1, 6, 6)]"
"(4, 2, 25, 16, 0)","[(4, 4, 6, 2), (4, 1, 6, 2), (4, 6, 6, 2)]"
"(4, 2, 25, 21, 0)","[(4, 1, 6, '?'), (4, 6, 6, '?'), (4, 1, 6, '?'), (4, 1, 6, '?')]"
"(4, 2, 25, 25, 0)","[(4, 4, 6, 0), (4, 4, 6, 0), (4, 6, 6, 6), (4, 1, 6, 0), (4, 1, 6, 0), (4, 1, 6, 6), (4, 4, 6, 0), (4, 6, 6, 6), (4, 4, 6, 0), (4, 1, 6, 0), (4, 4, '?', 0), (4, 4, 6, '?'), (4, 6, 6, 6), (4, 1, 6, 0), (4, 1, 6, 6)]"
"(4, 2, 26, 20, 0)","[(3, 4, 6, 2), (3, 4, 6, 2), (3, 4, 6, 2), (3, 4, 6, 2)]"
"(4, 2, 27, 20, 0)","[(0, 4, 6, 2), (0, 6, 6, 2), (0, 4, 6, 2), (0, 4, 6, 2), (0, 4, 6, 2)]"
"(4, 3, 2, 2, 0)","[(6, 1, 6, 0), (6, 6, 6, 0), (6, 1, 6, 6), (6, 6, 6, 6), (6, 6, 6, 6), (6, 4, 6, 6), (6, 4, 6, 0), (6, 4, 6, '?'), (6, 4, 6, 0), (6, 1, 6, 6), (6, 4, 6, 0), (6, 6, 6, 0), (6, 6, 6, 6), (6, 4, 6, 6), (6, 4, 6, 0), (6, 4, 6, 0), (6, 1, 6, 0), (6, 1, 6, 0), (6, 1, 6, 6), (6, 4, 6, 6), (6, 4, 6, 6)]"
"(4, 3, 2, 20, 0)","[(6, 4, 6, 2), (6, 1, 6, 2), (6, 1, 6, 2)]"
"(4, 3, 2, 21, 0)","[(5, 1, 6, '?'), (5, 6, 6, '?')]"
"(4, 3, 2, 22, 0)","[(6, 4, 6, '?'), (6, 4, 6, '?'), (6, 4, 6, '?'), (6, 1, 6, '?')]"
"(4, 3, 2, 25, 0)","[(5, 1, 6, 6), (5, 4, 6, 6), (5, 1, 6, 0), (5, 1, 6, 0), (5, 1, 6, 6)]"
"(4, 3, 4, 2, 0)","[(6, 5, 6, 0)]"
"(4, 3, 4, 20, 0)","[(6, 5, 6, 2), (6, 0, 6, 2), (6, 5, 6, 2)]"
"(4, 3, 4, 21, 0)","[(5, 5, 6, '?')]"
"(4, 3, 4, 22, 0)","[(6, 0, 6, '?'), (6, '?', 6, '?')]"
"(4, 3, 4, 25, 0)","[(5, 0, 6, 6), (5, 0, 6, 6), (5, 5, 6, 6), (5, 5, 6, 6), (5, 5, 6, 6)]"
"(4, 3, 6, 2, 0)","[(6, 3, 6, 6), (6, 7, 6, 0), (6, 2, 6, 6), (6, 7, 6, 0), (6, 3, 6, 6)]"
"(4, 3, 6, 20, 0)","[(6, 2, 6, 2), (6, 2, 6, 2)]"
"(4, 3, 6, 22, 0)","[(6, 3, 6, 6), (6, 2, 6, '?'), (6, 3, 6, '?')]"
"(4, 3, 6, 25, 0)","[(5, 7, 6, 0)]"
"(4, 3, 20, 4, 0)","[(6, '?', 6, 1)]"
"(4, 3, 20, 20, 0)","[(6, 2, 6, 1), (6, '?', 6, 1), (6, 4, 6, 1)]"
"(4, 3, 20, 21, 0)","[(5, 5, 6, 5), (5, 7, 6, 5), (5, 1, 6, 5), (5, 5, 6, 5), (5, 6, 6, 5), (5, 1, 6, 5), (5, 5, 6, 5), (5, 5, 6, 5), (5, 5, 6, 5), (5, 2, 6, 5), (5, 4, 6, 5), (5, 1, 6, 5), (5, 5, 6, 5)]"
"(4, 3, 20, 22, 0)","[(6, '?', 6, 5)]"
"(4, 3, 22, 2, 0)","[(6, '?', 6, 6), (6, 4, 6, 6), (6, '?', 6, 0), (6, 1, 6, 0), (6, '?', 6, 0), (6, '?', 6, 0), (6, 1, 6, 6), (6, '?', 6, 0)]"
"(4, 3, 22, 4, 0)","[(6, 0, 6, 6), (6, 4, 6, 6)]"
"(4, 3, 22, 6, 0)","[(6, 3, 6, '?'), (6, 3, 6, 6)]"
"(4, 3, 22, 20, 0)","[(6, 0, 6, 2), (6, 4, 6, 2), (6, 5, 6, 2)]"
"(4, 3, 22, 22, 0)","[(6, '?', 6, '?'), (6, '?', 6, '?')]"
"(4, 3, 22, 25, 0)","[(5, '?', 6, 6)]"
"(4, 4, 2, 20, 0)","[(0, 1, 6, 2), (0, 1, 6, 2)]"
"(4, 4, 2, 21, 0)","[(4, 5, 6, 1)]"
"(4, 4, 2, 22, 0)","[('?', 6, 6, '?')]"
"(4, 4, 2, 25, 0)","[(5, 1, 6, 0)]"
"(4, 4, 4, 2, 0)","[(7, 5, 6, 6), ('?', 0, 6, '?'), (6, 0, 6, 6), (6, 0, 6, 0), ('?', 5, 6, 0), (6, 0, 6, 6)]"
"(4, 4, 4, 7, 0)","[(7, 5, 6, 7)]"
"(4, 4, 4, 15, 0)","[(3, 0, 6, 6), (3, 0, 6, 6), (3, 0, 6, '?')]"
"(4, 4, 4, 20, 0)","[(6, 5, 6, 2), (6, 5, 6, 2)]"
"(4, 4, 4, 22, 0)","[('?', 0, 6, '?'), ('?', 5, 6, '?'), ('?', 0, 6, '?')]"
"(4, 4, 4, 25, 0)","[(5, 5, 6, 6), (5, 5, 6, 6), (5, 5, 6, 0)]"
"(4, 4, 6, 17, 0)","[(2, 2, 6, 3)]"
"(4, 4, 8, 2, 0)","[(1, 5, 6, 6), (1, 0, 6, 0), (1, 5, 6, 0), (1, 5, 6, 6), (1, 5, 6, 6), (1, 5, 6, 0), (1, 5, 6, 6)]"
"(4, 4, 8, 8, 0)","[(1, 5, 6, 6), (1, 5, '?', 6), (1, 5, 6, 6), (1, 5, 6, 0), (1, 5, 6, 0), (1, 0, 6, 0)]"
"(4, 4, 9, 7, 0)","[(3, 0, 6, 7), (3, 5, 6, 7)]"
"(4, 4, 10, 2, 0)","[(1, 0, 6, 0), (1, 0, 6, 6), (1, 5, 6, 6), (1, 0, 6, '?'), (1, 0, 6, '?'), (1, 5, 6, 6)]"
"(4, 4, 10, 10, 0)","[(1, 0, 6, 5)]"
"(4, 4, 11, 11, 0)","[(2, 5, 6, '?'), (2, 5, 6, '?'), (2, 0, 6, '?')]"
"(4, 4, 11, 17, 0)","[(2, 0, 6, 6)]"
"(4, 4, 11, 20, 0)","[(2, 0, 6, 2), (2, 5, 6, 2), (2, 5, 6, 2), (2, 0, 6, 2)]"
"(4, 4, 13, 2, 0)","[(6, 5, '?', 6), (6, 0, 6, 0), (6, 0, 6, 0), (6, 5, 6, 0)]"
"(4, 4, 13, 4, 0)","[(5, 0, 6, '?')]"
"(4, 4, 16, 25, 0)","[(4, 0, 6, 1), (4, 0, 6, 1), (4, 0, 6, 1)]"
"(4, 4, 17, 11, 0)","[(2, 5, 6, '?')]"
"(4, 4, 17, 17, 0)","[(2, 0, 6, 0), (2, 0, 6, 6), (2, 0, 6, 6), (2, 0, 6, 0), (2, 0, 6, 0)]"
"(4, 4, 20, 2, 0)","[(0, 1, 6, 5)]"
"(4, 4, 20, 4, 0)","[(6, 5, 6, 1), (0, 5, 6, 1), (0, 5, 6, 1)]"
"(4, 4, 20, 8, 0)","[(1, 5, 6, 1), (1, 5, 6, 1), (1, 5, 6, 1), (1, 5, 6, 1), (1, 0, 6, 1), (1, 0, 6, 1), (1, 0, 6, 1), (1, 5, 6, 1), (1, 5, 6, 1)]"
"(4, 4, 20, 10, 0)","[(1, 0, 6, 5), (1, 0, '?', 5), (1, 5, 6, 5)]"
"(4, 4, 20, 11, 0)","[(2, 0, '?', 5), (2, 5, 6, 5), (2, 0, 0, 5), (2, 0, 6, 5), (2, 0, 6, 5), (2, 5, 6, 5), (2, 5, 5, 5), (2, 0, 6, 5), (2, 5, 6, 5), (2, 5, 6, 5)]"
"(4, 4, 20, 15, 0)","[(3, 5, 6, 1), (3, 0, 6, 1), (3, 0, 6, 1), (3, 5, 6, 1), (3, 0, 6, 1), (3, 5, 6, 1), (3, 5, 6, 1)]"
"(4, 4, 20, 17, 0)","[(2, 0, 6, 1), (2, 5, 6, 1), (2, 5, 6, 1), (2, 0, 6, 1), (2, 5, 6, 1), (2, '?', 6, 1), (2, 5, 6, 1), (2, 5, 6, 1), (2, 0, 6, 1), (2, 0, 6, 1), (2, 0, 6, 1), (2, 5, 6, 1), (2, 5, 6, 1)]"
"(4, 4, 20, 20, 0)","[('?', 5, 6, 1), (6, 5, 6, 1), ('?', 5, 6, 1), ('?', 5, 6, 1), ('?', 5, 6, 1)]"
"(4, 4, 20, 21, 0)","[(4, 0, 6, 5), (4, 0, 6, 5)]"
"(4, 4, 20, 22, 0)","[(6, 0, 6, 5), (6, 0, 6, 5), ('?', 5, 6, 5), (6, 5, 6, 5), ('?', 6, 6, 5), ('?', 5, 6, 5), (0, 0, 6, 5), ('?', 5, 6, 5)]"
"(4, 4, 20, 25, 0)","[(4, 5, 6, 1), (4, 5, 6, 1), (4, 5, 6, 1)]"
"(4, 4, 20, 27, 0)","[(0, 5, 6, 1), (0, 0, 6, 5), (0, 5, 6, 1), (0, 5, 6, 1)]"
"(4, 4, 21, 16, 0)","[(4, 0, 6, 2)]"
"(4, 4, 21, 21, 0)","[(4, 0, 6, '?'), (4, 0, 6, 5), (4, 5, 6, 5), (4, 0, 6, '?'), (4, 5, 6, 1), (4, 0, 6, 2)]"
"(4, 4, 22, 2, 0)","[(0, 5, 6, 0), (6, 0, 6, 6), ('?', 0, 6, 6), ('?', 5, 6, '?'), ('?', 0, 6, 0), ('?', 0, 6, 0), (6, 5, 6, 0), ('?', 0, 6, 0), ('?', 5, 6, 0), (6, 5, 6, 0), ('?', 0, 6, 6), ('?', 0, 6, 6), (3, '?', 6, 6), ('?', 0, 6, 6), ('?', 5, 6, 6), ('?', '?', 6, 0), ('?', 0, 6, '?'), ('?', 5, 6, 0), ('?', 5, 6, 0)]"
"(4, 4, 22, 11, 0)","[(2, 5, 6, '?'), (2, 5, 6, 5)]"
"(4, 4, 22, 15, 0)","[(3, 0, 6, 0), (3, 0, 6, '?')]"
"(4, 4, 22, 20, 0)","[(3, 0, 6, 2), ('?', 0, 6, 2), (3, 0, 6, 2), ('?', 0, 6, 2), (2, 5, 6, 2), (2, 0, 6, 2), ('?', 0, 6, 2), (6, 0, 6, 2), (6, 0, 6, 2), (3, 0, 6, 2), ('?', 0, 6, 2), (3, 5, 6, 2), (3, 0, 6, 2), (6, 5, 6, 2), ('?', 0, 6, 2)]"
"(4, 4, 22, 21, 0)","[(4, 0, 6, '?')]"
"(4, 4, 22, 22, 0)","[('?', 5, 6, '?'), ('?', 5, 6, '?'), ('?', 0, 6, 5), ('?', 5, 6, '?'), ('?', 0, 6, '?'), ('?', 0, 6, '?'), ('?', 0, 6, '?'), ('?', 0, 6, 6), (0, 6, 6, 2)]"
"(4, 4, 22, 25, 0)","[(1, 5, 6, 0)]"
"(4, 4, 22, 26, 0)","[(3, 0, 6, '?'), (3, 5, 6, '?'), (3, 0, 6, 5), (3, 5, 6, '?')]"
"(4, 4, 24, 25, 0)","[(5, 5, 6, 6), (5, 0, 6, 6)]"
"(4, 4, 25, 25, 0)","[(4, 5, 6, 6), (4, 5, 6, 6), (4, 5, 6, 6), (4, 0, 6, 6), (4, 0, 6, 6), (4, 5, 6, 6), (4, 0, 6, 6), (4, 0, 6, 6), (4, 5, 6, 6), (4, 0, 6, 6)]"
"(4, 4, 26, 2, 0)","[(7, 5, 6, 0)]"
"(4, 4, 27, 2, 0)","[(0, 5, 6, 6), (0, 0, 6, 0), (0, 0, 6, 6), (0, 0, 6, 0), (0, 0, 6, 6), (0, 5, 6, 0), (0, 5, 6, 6)]"
"(4, 4, 27, 20, 0)","[(0, 0, 6, 2), (0, 0, 6, 2), (0, 0, '?', 2), (0, 5, 6, 2), (0, 0, 6, 2), (0, 0, '?', 2)]"
"(4, 4, 27, 22, 0)","[(0, 0, 6, '?'), (0, 5, 6, '?'), (0, 5, 6, '?'), (0, 0, 6, '?'), (0, 5, 6, '?'), (0, 0, 6, '?'), (0, 5, 6, '?'), (0, 5, 6, '?')]"
"(4, 6, 6, 2, 0)","[(3, 2, 6, 0), ('?', 7, 6, 0), ('?', 2, 6, 6), (0, 2, 6, 0), (3, 3, 6, 0), ('?', 7, 6, 6), (3, 7, 6, 0), (3, 7, 6, 0), ('?', 2, 6, 6), ('?', 2, 6, 0), ('?', 3, 6, 0)]"
"(4, 6, 6, 7, 0)","[(3, 7, 6, 7)]"
"(4, 6, 6, 8, 0)","[(1, 2, 6, 6), (1, 3, 6, 6), (1, 7, 6, 6), (1, 7, 6, 6)]"
"(4, 6, 6, 10, 0)","[(1, 2, 6, '?'), (1, 7, 6, '?')]"
"(4, 6, 6, 11, 0)","[(2, 7, 6, '?'), (2, 7, 6, '?'), (2, 7, 6, '?'), (2, 7, 6, '?')]"
"(4, 6, 6, 15, 0)","[(3, 7, 6, 0), (3, 2, 6, 0), (3, 7, 6, 0), (3, 2, 6, 0), (3, 7, 6, 0), (3, 3, 6, 0), (3, 7, 6, 0), (3, 2, 6, '?')]"
"(4, 6, 6, 16, 0)","[(1, 2, 6, 2), (1, 3, 6, 2), (4, 7, 6, 2)]"
"(4, 6, 6, 17, 0)","[(2, 2, 6, 0), (2, 2, 6, 0), (2, 2, 6, 6), (2, 2, 6, 0), (2, 2, 6, 0), (2, 2, 6, 0), (2, 2, 6, 6), (2, 2, 6, 6), (2, 2, 6, 0), (2, 2, 6, 6)]"
"(4, 6, 6, 20, 0)","[('?', 7, 6, 2), ('?', 7, 6, 2), (2, 2, 6, 2), (3, 2, 6, 2), ('?', 7, 6, 2)]"
"(4, 6, 6, 21, 0)","[(4, 7, 6, '?'), (4, 2, 6, '?'), (4, 3, 6, '?'), (4, 3, 6, '?')]"
"(4, 6, 6, 22, 0)","[('?', 2, 6, '?'), ('?', 3, 6, '?')]"
"(4, 6, 6, 25, 0)","[(4, 3, 6, 6), (4, 7, 6, 6), (4, 3, 6, '?'), (4, 2, 6, 0), (4, 7, 6, 6), (4, 2, 6, 0)]"
"(4, 6, 6, 26, 0)","[(3, 2, 6, '?'), (3, 3, 6, 5), (3, 2, 6, 5)]"
"(4, 6, 6, 27, 0)","[(0, 7, 6, '?'), (0, 3, 6, '?')]"
"(4, 6, 8, 2, 0)","[(1, 2, 6, '?'), (1, 3, 6, '?')]"
"(4, 6, 8, 10, 0)","[(1, 3, 6, '?')]"
"(4, 6, 8, 16, 0)","[(1, 3, 6, 2)]"
"(4, 6, 9, 7, 0)","[(3, 7, 6, 7)]"
"(4, 6, 10, 2, 0)","[(1, 7, 6, 6)]"
"(4, 6, 10, 10, 0)","[(1, 3, 6, '?'), (1, 2, 6, '?')]"
"(4, 6, 10, 16, 0)","[(1, 3, 6, 2)]"
"(4, 6, 11, 11, 0)","[(2, 3, 6, '?')]"
"(4, 6, 11, 20, 0)","[(2, 7, 6, 2), (2, 7, 6, 2), (2, 2, 6, 2), (2, 2, 6, 2), (2, 2, 6, 2), (2, 7, 6, 2)]"
"(4, 6, 15, 15, 0)","[(3, 3, 6, '?')]"
"(4, 6, 16, 20, 0)","[(3, 3, 6, 1)]"
"(4, 6, 16, 21, 0)","[(4, 7, 6, 5), (4, 3, 6, 5)]"
"(4, 6, 16, 25, 0)","[(4, 2, 6, 1), (4, 7, 6, 1), (4, 7, 6, 1), (4, 7, 6, 1), (4, 7, 6, 1), (4, 2, 6, 1), (4, 7, 6, 1), (4, 2, 6, 1)]"
"(4, 6, 17, 17, 0)","[(2, 3, 6, 6), (2, 2, 6, 0), (2, 3, 6, 6), (2, 3, 6, 0), (2, 3, 6, 0), (2, 3, 6, 6)]"
"(4, 6, 20, 4, 0)","[('?', 3, 6, 5), ('?', 3, 6, 5), ('?', 3, 6, 5)]"
"(4, 6, 20, 6, 0)","[(6, 7, 6, 5), ('?', 2, 6, 1), ('?', 3, 6, 5), ('?', 2, 6, 1), ('?', 7, 6, 1), ('?', 2, 6, 1)]"
"(4, 6, 20, 8, 0)","[(1, 7, 6, 1), (1, 7, 6, 1)]"
"(4, 6, 20, 10, 0)","[(1, 3, 6, 5), (1, 7, 6, 5), (1, 2, 6, 5), (1, 3, 6, 5), (1, 3, 6, 5), (1, 3, '?', 5), (1, 3, 6, 5), (1, 3, 6, 5), (1, 3, 6, 5), (1, 7, '?', 5)]"
"(4, 6, 20, 11, 0)","[(2, 3, 6, 5), (2, 3, 6, 5), (2, 3, 6, 5), (2, 2, 6, 5), (2, 2, 6, 5), (2, 3, 6, 5), (2, 2, 6, 5), (2, 7, 6, 5)]"
"(4, 6, 20, 15, 0)","[(3, 7, 6, 1), (3, 3, 6, 1), (3, 2, 6, 1), (3, 3, 6, 1), (3, 3, 6, 1), (3, 2, 6, 1), (3, 3, 6, 1)]"
"(4, 6, 20, 17, 0)","[(2, 3, 6, 1), (2, 7, 6, 1), (2, 2, 6, 1), (2, 7, 6, 1), (2, 7, 6, 1), (2, 3, 6, 1), (2, 2, 6, 1), (2, 3, 6, 1), (2, 2, 6, 1), (2, 3, 6, 1), (2, 7, 6, 1)]"
"(4, 6, 20, 20, 0)","[(0, 2, 6, 1), ('?', 2, 6, 1), ('?', 7, 6, 1), ('?', 2, 6, 1), ('?', 7, 6, 1)]"
"(4, 6, 20, 21, 0)","[(4, 7, 6, 5), (4, 3, 6, 5)]"
"(4, 6, 20, 22, 0)","[(6, 7, 6, 5), ('?', 7, 6, 5), (6, 7, 6, 5), (6, 7, 6, 5)]"
"(4, 6, 20, 25, 0)","[(4, 2, 6, 1)]"
"(4, 6, 20, 26, 0)","[(3, 7, 6, 5), (3, 7, 6, 5), (3, 3, 6, 5), (3, 7, 6, 5)]"
"(4, 6, 20, 27, 0)","[(0, 3, 6, 5), (0, 3, 6, 5), (0, 7, 6, 5), (0, 2, 6, 5), (0, 7, 6, 5), (0, 7, 6, 1), (0, 2, 6, 1)]"
"(4, 6, 21, 16, 0)","[(4, 3, 6, 2), (4, 7, 6, 2), (4, 7, 6, 2)]"
"(4, 6, 21, 21, 0)","[(4, 2, 6, '?'), (4, 7, 6, 6), (4, 7, 6, '?')]"
"(4, 6, 22, 8, 0)","[(1, 2, 6, 6)]"
"(4, 6, 22, 10, 0)","[(1, 3, 6, '?')]"
"(4, 6, 22, 11, 0)","[(2, 3, 6, '?')]"
"(4, 6, 22, 15, 0)","[(3, 3, 6, 0), (3, 3, 6, '?'), (3, '?', 6, 6), (3, 2, 6, '?'), (3, 2, 6, 0), (3, 2, 6, 6), (3, 3, 6, 0), (3, 2, 6, 6)]"
"(4, 6, 22, 17, 0)","[(2, 3, 6, 6)]"
"(4, 6, 22, 20, 0)","[(3, 2, 6, 2), (3, 3, 6, 2), (3, 2, 6, 2), (3, 3, 6, 2), (3, 2, 6, 2)]"
"(4, 6, 22, 21, 0)","[(4, 3, 6, '?')]"
"(4, 6, 22, 22, 0)","[('?', 2, 6, '?'), ('?', 2, 6, '?')]"
"(4, 6, 22, 26, 0)","[(3, 3, 6, '?'), (3, 2, 6, '?')]"
"(4, 6, 25, 25, 0)","[(4, 7, 6, 6), (4, 7, 6, 0), (4, 3, 6, 6), (4, 3, 6, 0), (4, 3, 6, 0), (4, 2, 6, 0), (4, 3, 6, '?'), (4, 3, 6, '?'), (4, 7, 6, 0)]"
"(4, 6, 26, 20, 0)","[(3, 3, 6, 2), (3, 7, 6, 2), (3, 7, 6, 2), (3, 7, 6, 2)]"
"(4, 6, 27, 2, 0)","[(0, 3, 6, 0), (0, 7, 6, 6), (0, 7, 6, 6), (0, 7, 6, 6), (0, 2, 6, 6), (0, 2, 6, 6), (0, 3, 6, 0), (0, 3, 6, 0), (0, 3, 6, 6), (0, 7, 6, 6), (0, 3, 6, 6), (0, 2, 6, 6)]"
"(4, 6, 27, 20, 0)","[(0, 3, 6, 2), (0, 3, 6, 2), (0, 3, 6, 2), (0, 2, 6, 2)]"
"(4, 6, 27, 22, 0)","[(0, 7, 6, '?'), (0, 3, 6, '?'), (0, 3, 6, '?'), (0, 7, 6, '?')]"
"(4, 7, 2, 2, 0)","[(7, 4, 6, 3), (7, 1, 6, 3), (7, 4, 6, 3), (7, 6, 6, 3), (7, 4, 6, 3), (7, 6, 6, 3)]"
"(4, 7, 2, 9, 0)","[(7, 4, 6, 7), (7, 6, 6, 7), (7, 4, 6, 7), (7, 1, 6, 7)]"
"(4, 7, 2, 17, 0)","[(7, 6, 6, 7)]"
"(4, 7, 2, 22, 0)","[(7, 6, 6, 4), (7, 6, 6, 4), (7, 4, 6, 4), (7, 1, 6, 4)]"
"(4, 7, 4, 2, 0)","[(7, 5, 6, 3), (7, 5, 6, 3)]"
"(4, 7, 4, 7, 0)","[(7, 0, 6, 7)]"
"(4, 7, 4, 9, 0)","[(7, 5, 6, 7)]"
"(4, 7, 4, 22, 0)","[(7, 5, 6, 4), (7, 5, 6, 4), (7, 0, 6, 4), (7, 5, 6, 4), (7, 1, 6, 4)]"
"(4, 7, 6, 2, 0)","[(7, 2, 6, 3), (7, 7, 6, 3), (7, 2, 6, 3), (7, 3, 6, 3), (7, 2, 6, 3), (7, 3, 6, 3), (7, 7, 6, 3), (7, 3, 6, 3), (7, 7, 6, 3)]"
"(4, 7, 6, 9, 0)","[(7, 7, 6, 7), (7, 7, 6, 7), (7, 7, 6, 7)]"
"(4, 7, 6, 22, 0)","[(7, 2, 6, 4), (7, 2, 6, 4)]"
"(4, 7, 9, 9, 0)","[(7, '?', 6, 7), (7, 7, 6, 7), (7, 4, 6, 7), (7, '?', 6, 7), (7, 3, 6, 7), (7, 7, 6, 7), (7, '?', 6, 7)]"
"(4, 7, 22, 2, 0)","[(7, 4, 6, 3), (7, 5, 6, 3), (7, 4, 6, 3), (7, 1, 6, 3), (7, 6, 6, 3), (7, '?', 6, 3), (7, '?', 6, 3), (7, 2, 6, 3), (7, 4, 6, 3), (7, 6, 6, 3), (7, '?', 6, 3)]"
"(4, 7, 22, 4, 0)","[(7, '?', 6, 3)]"
"(4, 7, 22, 9, 0)","[(7, 7, 6, 7), (7, 4, 6, 7), (7, 3, 6, 7)]"
"(4, 7, 22, 15, 0)","[(7, 3, 6, 3)]"
"(4, 7, 22, 22, 0)","[(7, 4, 6, 4), (7, 5, 6, 4), (7, '?', 6, 4), (7, 4, 6, 4), (7, 2, 6, 4), (7, 1, 6, 4), (7, 4, 6, 4), (7, 2, 6, 4), (7, '?', 6, 4), (7, 1, 6, 4), (7, 0, 6, 4)]"
"(4, 9, 2, 1, 0)","[(4, 6, 6, 7), (4, 4, 6, 7), (4, 6, 6, 7), (4, 4, 6, 7), (4, 1, 6, 7), (4, 6, 6, 7), (4, 4, 6, 7), (4, 4, 6, 7), (4, 4, 6, 7)]"
"(4, 9, 2, 2, 0)","[('?', 4, 6, 3), ('?', 4, 6, 3), ('?', 4, 6, 3), (6, 4, 6, 3), (0, 1, 6, 3), ('?', 4, 6, 3)]"
"(4, 9, 2, 7, 0)","[(3, 6, 6, 7), (3, 4, 6, 7), (3, 4, 6, 7), (3, 4, 6, 7), (3, 4, 6, 7), (3, 4, 6, 7), (3, 6, 6, 7), (3, 4, 6, 7)]"
"(4, 9, 2, 8, 0)","[(1, 4, 6, 3), (1, 4, 6, 7), (1, 4, 6, 3), (1, 4, 6, 3), (1, 1, 6, 3), (1, 1, 6, 3), (1, 6, 6, 3), (1, 6, 6, 7), (1, 6, 6, 7), (1, 4, 6, 7)]"
"(4, 9, 2, 9, 0)","[('?', 4, 6, 7), (0, 4, 6, 7), ('?', 1, 6, 7), ('?', 1, 6, 7), ('?', 4, 6, 7), ('?', 1, 6, 7), ('?', 4, 6, 7), (1, 4, 6, 7), (1, 6, 6, 7), (0, 1, 6, 7), ('?', 4, 6, 7), ('?', 1, 6, 7), (1, 4, 6, 7)]"
"(4, 9, 2, 10, 0)","[(1, 1, 6, 4), (1, 4, 6, 4), (1, 6, 6, 4), (1, 4, 6, 4), (1, 1, 6, 4), (1, 4, 6, 4), (1, 6, 6, 4), (1, 1, 6, 4), (1, 4, 6, 4), (1, 1, 6, 4), (1, 1, 6, 4), (1, 1, 6, 4)]"
"(4, 9, 2, 11, 0)","[(2, 4, 6, 4), (2, 6, 6, 4), (2, 6, 6, 4), (2, 4, 6, 4), (2, 4, 6, 4)]"
"(4, 9, 2, 15, 0)","[(3, 6, 6, 3), (3, 6, 6, 3), (3, 1, 6, 3)]"
"(4, 9, 2, 17, 0)","[(2, 1, 6, 7), (2, 1, 6, 7), (2, 1, 6, 3), (2, 1, 6, 3), (2, 1, 6, 7), (2, 1, 6, 7), (2, 1, 6, 3)]"
"(4, 9, 2, 21, 0)","[(4, 4, 6, 4), (4, 4, 6, 4), (4, 4, 6, 4), (4, 4, 6, 4), (4, 4, 6, 4), (4, 4, 6, 4)]"
"(4, 9, 2, 22, 0)","[('?', 4, 6, 4), ('?', 4, 6, 4), ('?', 4, 6, 4), (0, 4, 6, 4), ('?', 4, 6, 4), ('?', 4, 6, 4), ('?', 4, 6, 4)]"
"(4, 9, 2, 25, 0)","[(4, 4, 6, 3), (4, 1, 6, 3), (4, 1, 6, 3), (4, 1, 6, 3), (4, 1, 6, 3)]"
"(4, 9, 2, 26, 0)","[(3, 1, 6, 4), (3, 1, 6, 4)]"
"(4, 9, 2, 27, 0)","[(0, 1, 6, 3)]"
"(4, 9, 4, 1, 0)","[(4, 0, 6, 7), (4, 5, 6, 7), (4, 5, 6, 7), (4, 5, 6, 7), (4, 5, 6, 7), (4, 5, 6, 7), (4, 5, 6, 7)]"
"(4, 9, 4, 2, 0)","[('?', 5, 6, 3), (7, 6, 6, 3), (1, 5, 6, 3), (7, 5, 6, 3), (7, 5, 6, 3), (7, 5, 6, 3), (7, 5, 6, 3)]"
"(4, 9, 4, 7, 0)","[(3, 5, 6, 7), (3, 5, 6, 7), (3, 5, 6, 7), (3, '?', 6, 7), (3, 0, 6, 7), (3, 5, 6, 7), (3, '?', 6, 7), (3, '?', 6, 7), (3, 5, 6, 7), (3, 0, 6, 7)]"
"(4, 9, 4, 8, 0)","[(1, 5, 6, 3), (1, 5, 6, 3), (1, 5, 6, 7)]"
"(4, 9, 4, 9, 0)","[('?', 0, 6, 7), ('?', 5, 6, 7), (2, 5, 6, 7), (3, 0, 6, 7), ('?', 0, 6, 7), (3, 2, 6, 7), (1, 5, 6, 7)]"
"(4, 9, 4, 10, 0)","[(1, 5, 6, 4), (1, 0, 6, 4), (1, 0, 6, 4), (1, 5, 6, 4), (1, 5, 6, 4)]"
"(4, 9, 4, 11, 0)","[(2, 5, 6, 4), (2, 5, 6, 4), (2, 5, 6, 4), (2, 4, 6, 4)]"
"(4, 9, 4, 15, 0)","[(3, 5, 6, 3), (3, 5, 6, 3), (3, 3, 6, 3)]"
"(4, 9, 4, 17, 0)","[(2, 5, 6, 3), (2, 5, 6, 3)]"
"(4, 9, 4, 21, 0)","[(4, 5, 6, 4), (4, 0, 6, 4), (4, 5, 6, 4)]"
"(4, 9, 4, 22, 0)","[(1, 5, 6, 4), ('?', 5, 6, 4), ('?', 5, 6, 4), ('?', 5, 6, 4)]"
"(4, 9, 4, 25, 0)","[(4, 5, 6, 3), (4, 5, 6, 3), (4, 5, 6, 3), (4, 5, 6, 3)]"
"(4, 9, 4, 26, 0)","[(3, 7, 6, 4), (3, 5, 6, 4), (3, 5, 6, 4), (3, 6, 6, 4), (3, 5, 6, 4)]"
"(4, 9, 4, 27, 0)","[(0, 5, 6, 3)]"
"(4, 9, 6, 1, 0)","[(4, 3, 6, 7), (4, 3, 6, 7), (4, 7, 6, 7), (4, 7, 6, 7), (4, 3, 6, 7), (4, 3, 6, 7), (4, 2, 6, 4), (4, 2, 6, 7), (4, 2, 6, 7), (4, 3, 6, 7), (4, 2, 6, 7), (4, 2, 6, 7)]"
"(4, 9, 6, 2, 0)","[('?', 3, 6, 3), ('?', 3, 6, 3), ('?', 3, 6, 3), ('?', 3, 6, 3), ('?', 3, 6, 3)]"
"(4, 9, 6, 7, 0)","[(3, 7, 6, 7), (3, 2, 6, 7)]"
"(4, 9, 6, 8, 0)","[(1, 2, 6, 3), (1, 2, 6, 7), (1, 7, 6, 7), (1, 2, 6, 3), (1, 7, 6, 7), (1, 2, 6, 7), (1, 3, 6, 7)]"
"(4, 9, 6, 9, 0)","[('?', 3, 6, 7), (0, 3, 6, 7), (0, 7, 6, 7), (2, 3, 6, 7), (3, 2, 6, 7), (0, 7, 6, 7), (3, 7, 6, 7), (3, 2, 6, 7), ('?', 3, 6, 7), (3, 2, 6, 7), ('?', 3, 6, 7), ('?', 3, 6, 7), (1, 2, 6, 7), (0, 7, 6, 7), ('?', 3, 6, 7), (3, 7, 6, 7), (0, 7, 6, 7)]"
"(4, 9, 6, 10, 0)","[(1, 2, 6, 4), (1, 3, 6, 4)]"
"(4, 9, 6, 11, 0)","[(2, 7, 6, 3), (2, 7, 6, 4), (2, 7, 6, 3), (2, 7, 6, 3), (2, 7, 6, 3)]"
"(4, 9, 6, 15, 0)","[(3, 2, 6, 3), (3, 3, 6, 3), (3, 2, 6, 3), (3, 3, 6, 3), (3, 2, 6, 3), (3, 2, 6, 3)]"
"(4, 9, 6, 17, 0)","[(2, 2, 6, 7), (2, 7, 6, 7), (2, 2, 6, 7), (2, 2, 6, 3), (2, 3, 6, 3), (2, 3, 6, 3), (2, 3, 6, 3)]"
"(4, 9, 6, 21, 0)","[(4, 2, 6, 4)]"
"(4, 9, 6, 22, 0)","[('?', 3, 6, 4), (2, 3, 6, 4), ('?', 2, 6, 4), ('?', 7, 6, 4), ('?', 2, 6, 4)]"
"(4, 9, 6, 25, 0)","[(4, 3, 6, 3), (4, 3, 6, 3), (4, 2, 6, 3), (4, 2, 6, 3), (4, 3, 6, 3), (4, 3, 6, 3), (4, 3, 6, 3), (4, 3, 6, 3), (4, 2, 6, 3), (4, 2, 6, 3), (4, 2, 6, 3), (4, 3, 6, 3)]"
"(4, 9, 6, 27, 0)","[(0, 7, 6, 7), (0, 2, 6, 4)]"
"(4, 9, 9, 1, 0)","[(4, 3, 6, 7), (4, 2, 6, 7)]"
"(4, 9, 9, 7, 0)","[(3, 6, 6, 7), (3, 5, 6, 7)]"
"(4, 9, 9, 9, 0)","[(1, 2, 6, 7)]"
"(4, 9, 10, 2, 0)","[(1, 1, 6, 3), (1, '?', 6, 3), (1, 3, 6, 3), (1, 3, 6, 3), (1, '?', 6, 3), (1, 5, 6, 3), (1, 7, 6, 7)]"
"(4, 9, 10, 9, 0)","[(1, 3, 6, 7), (1, 3, 6, 7), (1, 3, 6, 7), (1, 0, 6, 7), (1, 6, 6, 7), (1, 4, 6, 7), (1, 4, 6, 7), (1, 5, 6, 7), (1, 6, 6, 7), (1, 0, 6, 7), (1, 0, 6, 7), (1, 0, 6, 7), (1, 6, 6, 7), (1, 3, 6, 7), (1, 5, 6, 7)]"
"(4, 9, 10, 10, 0)","[(1, 4, 6, 4), (1, 4, 6, 4), (1, 4, 6, 4), (1, '?', 6, 4), (1, 4, 6, 4), (1, '?', 6, 4), (1, 4, 6, 4)]"
"(4, 9, 10, 22, 0)","[(1, '?', 6, 4)]"
"(4, 9, 11, 9, 0)","[(2, 5, 6, 7)]"
"(4, 9, 15, 6, 0)","[(3, 3, 6, 3)]"
"(4, 9, 17, 2, 0)","[(2, '?', 6, 3)]"
"(4, 9, 17, 6, 0)","[(2, 2, 6, 3)]"
"(4, 9, 17, 9, 0)","[(2, '?', 6, 7), (2, 3, 6, 7), (2, 2, 6, 7), (2, 7, 0, 7), (2, 5, 6, 7), (2, '?', 6, 7), (2, 2, 6, 7), (2, 1, 6, 7), (2, 6, 6, 7), (2, 2, 6, 7), (2, '?', 6, 7)]"
"(4, 9, 17, 11, 0)","[(2, 4, 6, 4)]"
"(4, 9, 20, 4, 0)","[(1, 5, 6, 1)]"
"(4, 9, 22, 1, 0)","[(4, 5, 6, 7), (4, 2, 6, 7), (4, 0, 6, 7), (4, 0, 6, 7)]"
"(4, 9, 22, 2, 0)","[('?', 3, 6, 3), ('?', '?', 6, 3), ('?', 5, 6, 3), ('?', '?', 6, 3), (3, 1, 6, 3)]"
"(4, 9, 22, 7, 0)","[(3, '?', 6, 7), (3, '?', 6, 7), (3, 7, 6, 7), (3, 5, 6, 7), (3, 7, 6, 7), (3, 0, 6, 7), (3, '?', 6, 7), (3, '?', 6, 7), (3, 0, 6, 7)]"
"(4, 9, 22, 8, 0)","[(1, '?', 6, 3)]"
"(4, 9, 22, 9, 0)","[(2, '?', 6, 7), ('?', '?', 6, 7), ('?', 0, 6, 7), ('?', 5, 6, 7), ('?', 4, 6, 7), ('?', '?', 6, 7), ('?', 4, 6, 7), (1, 2, 6, 7), (3, '?', 6, 7), (1, 0, 6, 7), ('?', '?', 6, 7), (0, 1, 6, 7), ('?', 4, 6, 7), ('?', '?', 6, 7), ('?', '?', 6, 7), (1, 0, 6, 7), (3, 4, 6, 7), (1, 0, 6, 7), ('?', 4, 6, 7), ('?', 3, 6, 7)]"
"(4, 9, 22, 11, 0)","[(2, '?', 6, 4), (2, 4, 6, 4), (2, 4, 6, 4), (2, 7, 6, 4), (2, 7, 6, 4)]"
"(4, 9, 22, 15, 0)","[(3, 4, 6, 3), (3, 2, 6, 3), (3, 1, 6, 3), (3, '?', 6, 3), (3, 5, 6, 3), (3, 4, 6, 3), (3, 6, 6, 3), (3, 1, 6, 3), (3, 1, 6, 3)]"
"(4, 9, 22, 17, 0)","[(2, 7, 6, 3)]"
"(4, 9, 22, 21, 0)","[(4, 2, 6, 4), (4, '?', 6, 4)]"
"(4, 9, 22, 22, 0)","[('?', 5, 6, 4), ('?', 3, 6, 4), ('?', 4, 6, 4), ('?', 2, 6, 4), ('?', 2, 6, 4), ('?', 3, 6, 4), ('?', '?', 6, 4), ('?', 2, 6, 4), ('?', 7, 6, 4)]"
"(4, 9, 22, 25, 0)","[(4, '?', 6, 3), (4, 2, 6, 3), (4, '?', 6, 3), (4, 5, 6, 3), (4, 1, 6, 3), (4, 3, 6, 3), (4, 5, 6, 3), (4, 1, 6, 3), (4, 1, 6, 3), (4, '?', 6, 3), (4, 2, 6, 3)]"
"(4, 9, 22, 26, 0)","[(3, 6, 6, 4), (3, 7, 6, 4), (3, 5, 6, 4), (3, 7, 6, 4), (3, 6, 6, 4), (3, 1, 6, 4)]"
"(4, 9, 25, 25, 0)","[(4, 1, 6, 3), (4, '?', 6, 3), (4, '?', 6, 3)]"
"(4, 9, 26, 9, 0)","[(3, 4, 6, 7), (3, 4, 6, 7), (3, 0, 6, 7)]"
"(4, 9, 27, 2, 0)","[(0, 1, 6, 3)]"
"(4, 9, 27, 9, 0)","[(0, '?', 6, 7), (0, 4, 6, 7), (0, 7, 6, 7), (0, 5, 6, 7), (0, 7, 6, 7), (0, '?', 6, 7)]"
"(4, 9, 27, 20, 0)","[(0, 3, 6, 2), (0, '?', 6, 2)]"
"(4, 9, 27, 22, 0)","[(0, 7, 6, 4), (0, 7, 6, 4)]"
"(4, 10, 8, 2, 0)","[(1, '?', 6, 0)]"
"(4, 10, 10, 2, 0)","[(1, 0, 6, 0), (1, '?', 6, 0)]"
"(4, 11, 2, 20, 0)","[(2, 6, 6, 2)]"
"(4, 11, 4, 17, 0)","[(2, 0, 6, 6)]"
"(4, 11, 11, 20, 0)","[(2, '?', 6, 2), (2, 4, 6, 2), (2, 2, 6, 2)]"
"(4, 11, 20, 11, 0)","[(2, 4, 6, 5)]"
"(4, 11, 20, 17, 0)","[(2, '?', 6, 1), (2, 7, 6, 1), (2, '?', 6, 1), (2, 4, 6, 1), (2, 7, 6, 1), (2, 2, 6, 1)]"
"(4, 13, 2, 2, 0)","[(6, 6, 6, 6), (6, 1, 6, 0), (6, 4, 6, 6)]"
"(4, 13, 2, 20, 0)","[(6, '?', 6, 2), (6, 4, 6, 2), (6, 4, 6, 2)]"
"(4, 13, 2, 21, 0)","[(5, 1, 6, '?')]"
"(4, 13, 4, 2, 0)","[(6, 0, 6, 6), (6, 0, 6, 0)]"
"(4, 13, 4, 16, 0)","[(5, 5, 6, 2)]"
"(4, 13, 4, 20, 0)","[(6, 0, 6, 2), (6, 5, 6, 2)]"
"(4, 13, 4, 21, 0)","[(5, 0, 6, 2), (5, 5, 6, '?')]"
"(4, 13, 4, 22, 0)","[(6, 0, 6, '?'), (6, 5, 6, '?'), (6, 5, 6, '?'), (6, 0, 6, '?'), (6, 5, 6, '?')]"
"(4, 13, 6, 2, 0)","[(6, 7, 6, 6), (6, 2, 6, 6), (6, 7, 6, 0)]"
"(4, 13, 6, 21, 0)","[(5, 7, 6, '?'), (5, 7, 6, 5)]"
"(4, 13, 6, 25, 0)","[(5, 7, 6, 0)]"
"(4, 13, 16, 6, 0)","[(5, 2, 6, 1), (5, 2, 6, 5)]"
"(4, 13, 20, 2, 0)","[(5, 1, 6, 1), (5, 6, 6, 5), (5, 1, 6, 5), (5, 4, 6, 1), (6, 4, 6, 1), (5, 4, 6, 5), (5, 4, 6, 1), (5, 4, 6, 5), (5, 6, 6, 5)]"
"(4, 13, 20, 4, 0)","[(5, 5, 6, 5), (6, 5, 6, 1), (6, 0, 6, 1), (6, 5, 6, 1), (6, 0, 6, 1)]"
"(4, 13, 20, 6, 0)","[(6, 3, 6, 1), (6, 7, 6, 1), (5, 7, 6, 5), (6, 3, 6, 1), (5, 7, 6, 5), (6, 3, 6, 1), (6, 2, 6, 5), (6, 2, 6, 1), (6, 2, 6, 5), (6, 3, 6, 1)]"
"(4, 13, 20, 20, 0)","[(6, '?', 6, 1)]"
"(4, 13, 20, 21, 0)","[(5, 7, 6, 5)]"
"(4, 13, 20, 22, 0)","[(6, '?', 6, 5), (6, 5, 6, 5)]"
"(4, 13, 20, 25, 0)","[(5, 4, 6, 1)]"
"(4, 15, 2, 2, 0)","[(7, 6, 6, 0), (7, 1, 6, 6), (7, 6, 6, 6), (7, 6, 6, 6), (7, 1, 6, 6), (7, 4, 6, '?'), (7, 1, 6, 6)]"
"(4, 15, 2, 9, 0)","[(7, 1, 6, 7)]"
"(4, 15, 2, 15, 0)","[(7, 6, 6, 1)]"
"(4, 15, 4, 2, 0)","[(7, 5, 6, 0), (7, 5, 6, 0), (7, 0, 6, 6), (7, 5, 6, '?'), (7, 5, 6, '?')]"
"(4, 15, 4, 4, 0)","[(7, 0, 6, 1)]"
"(4, 15, 4, 8, 0)","[(7, 5, 6, '?')]"
"(4, 15, 4, 22, 0)","[(7, 5, 6, 1)]"
"(4, 15, 4, 25, 0)","[(7, 5, 6, 6)]"
"(4, 15, 6, 2, 0)","[(7, 7, 6, 0), (7, 3, 6, 6), (7, 3, 6, 6), (7, 3, 6, 6), (7, 3, 6, '?'), (7, 3, 6, '?'), (7, 3, 6, 0)]"
"(4, 15, 9, 4, 0)","[(7, 5, 6, '?')]"
"(4, 15, 16, 6, 0)","[(7, 3, 6, 1)]"
"(4, 15, 20, 2, 0)","[(7, 4, 6, 1), (7, 1, 6, 1), (7, 1, 6, 1), (7, 6, 6, 1), (7, 6, 6, 1), (7, 1, 6, 1), (7, 4, 6, 1), (7, 4, 6, 1), (7, 1, 6, 1), (7, 1, 6, 1), (7, 4, 6, 1)]"
"(4, 15, 20, 4, 0)","[(7, 0, 6, 1), (7, 5, 6, 1), (7, 0, 6, 1), (7, 5, 6, 1), (7, 0, 6, 1)]"
"(4, 15, 20, 6, 0)","[(7, 3, 6, 1), (7, 2, 6, 1), (7, 2, 6, 1), (7, 3, 6, 1)]"
"(4, 15, 20, 15, 0)","[(7, 5, 6, 1), (7, '?', 6, 1), (7, 0, 6, 1), (7, 3, 6, 1), (7, '?', 6, 1), (7, '?', 6, 1), (7, 0, 6, 1), (7, 4, 6, 1), (7, 4, 6, 1), (7, '?', 6, 1), (7, 6, 6, 1), (7, 0, 6, 1), (7, 3, 6, 1), (7, 6, 6, 1), (7, 6, 6, 1), (7, '?', 6, 1)]"
"(4, 15, 20, 20, 0)","[(7, 3, 6, 1), (7, 4, 6, 1), (7, 4, 6, 1), (7, 2, 6, 1), (7, 2, 6, 1), (3, 7, 6, 1), (7, 4, 6, 1), (7, 1, 6, 1), (7, 2, 6, 1), (7, '?', 6, 1), (7, 2, 6, 1), (7, 2, 6, 1), (7, 2, 6, 1), (7, 4, 6, 1), (7, 2, 6, 1), (7, 3, 6, 1)]"
"(4, 15, 20, 25, 0)","[(7, 0, 6, 1), (7, 5, 6, 1), (7, '?', 6, 1), (7, 1, 6, 1), (7, 5, 6, 1)]"
"(4, 15, 22, 2, 0)","[(7, 0, 6, '?')]"
"(4, 15, 26, 2, 0)","[(7, 4, 6, '?')]"
"(4, 17, 20, 20, 0)","[(2, 1, 6, 1)]"
"(4, 20, 2, 20, 0)","[('?', 1, 6, 1), ('?', 4, 6, 1), ('?', 1, 6, 1), ('?', 4, 6, 1), ('?', 1, 6, 1)]"
"(4, 20, 4, 20, 0)","[(0, '?', 6, 1), (0, 7, 6, 1), (3, 0, 6, 1)]"
"(4, 20, 6, 20, 0)","[('?', 7, 6, 1)]"
"(4, 20, 8, 16, 0)","[(1, 4, 6, 1)]"
"(4, 20, 8, 20, 0)","[(1, 1, 6, 1), (1, 4, 6, 1), (1, 4, 6, 1), (1, 4, 6, 1), (1, 4, 6, 1), (1, 1, 6, 1)]"
"(4, 20, 10, 2, 0)","[(1, 1, 6, 1)]"
"(4, 20, 10, 20, 0)","[(1, 7, 6, 1)]"
"(4, 20, 15, 20, 0)","[(3, 1, 6, 1), (3, '?', 6, 1), (3, 0, 6, 1), (3, '?', 6, 1), (3, 0, 6, 1), (3, '?', 6, 1), (3, '?', 6, 1), (3, 1, 6, 1), (3, 4, 6, 1), (3, '?', 6, 1), (3, 0, 6, 1), (3, 7, 6, 1), (3, 1, 6, 1), (3, 1, 6, 1), (3, 1, 6, 1), (3, 7, 6, 1), (3, 2, 6, 1), (3, 3, 6, 1), (3, '?', 6, 1), (3, 7, 6, 1), (3, 7, 6, 1), (3, 5, 6, 1), (3, 7, 6, 1), (3, 3, 6, 1), (3, '?', 6, 1), (3, 6, 6, 1), (3, 2, 6, 1), (3, 6, 6, 1), (3, '?', 6, 1), (3, 6, 6, 1), (3, 2, 6, 1), (3, 1, 6, 1)]"
"(4, 20, 17, 17, 0)","[(2, 6, 6, 1)]"
"(4, 20, 17, 20, 0)","[(2, 7, 6, 1)]"
"(4, 20, 20, 2, 0)","[('?', 1, 6, 1)]"
"(4, 20, 20, 4, 0)","[(1, 5, 6, 1)]"
"(4, 20, 20, 8, 0)","[(1, '?', 6, 1), (1, '?', 6, 1), (1, '?', 6, 1)]"
"(4, 20, 20, 15, 0)","[(3, 0, 6, 1), (3, 0, 6, 1)]"
"(4, 20, 20, 17, 0)","[(2, '?', 6, 1), (2, 4, 6, 1), (2, 1, 6, 1), (2, 0, 6, 1), (2, 4, 6, 1)]"
"(4, 20, 20, 20, 0)","[('?', 5, 6, 1), ('?', 5, 6, 1), ('?', 2, 6, 1), (0, 4, 6, 1), ('?', 7, 6, 1), (0, '?', 6, 1), (1, '?', 6, 1), (0, 1, 6, 1)]"
"(4, 20, 20, 22, 0)","[('?', 1, 6, 1)]"
"(4, 20, 22, 8, 0)","[(1, 7, 6, 1)]"
"(4, 20, 22, 16, 0)","[(4, 3, 6, 1), (1, 7, 6, 1), (1, 7, 6, 1)]"
"(4, 20, 22, 20, 0)","[('?', 7, 6, 1), (0, '?', 6, 1), ('?', 7, 6, 1), ('?', 6, 6, 1)]"
"(4, 20, 25, 16, 0)","[(4, 3, 6, 1)]"
"(4, 20, 25, 25, 0)","[(4, 3, 6, 1), (4, '?', 6, 1)]"
"(4, 20, 27, 20, 0)","[(0, 7, 6, 1), (0, 4, 6, 1), (0, 2, 6, 1), (0, 7, 6, 1)]"
"(4, 22, 2, 2, 0)","[('?', 4, 6, 0), ('?', 6, 6, 0), ('?', 4, 6, '?'), (6, 1, 6, 6), ('?', 6, 6, 6)]"
"(4, 22, 2, 8, 0)","[(1, 4, 6, 0), (1, 4, 6, 0), (1, 4, 6, 0), (1, 4, 6, 0)]"
"(4, 22, 2, 10, 0)","[(1, 4, 6, '?'), (1, 4, 6, '?')]"
"(4, 22, 2, 11, 0)","[(2, 4, 6, '?'), (2, 1, 6, '?'), (2, 1, 6, '?'), (2, 4, 6, 2), (2, 4, 6, '?'), (2, 4, 6, '?'), (2, 4, 6, '?')]"
"(4, 22, 2, 15, 0)","[(3, 6, 6, 6), (3, 4, 6, 6), (3, 6, 6, 6)]"
"(4, 22, 2, 16, 0)","[(4, 1, 6, 2), (1, 1, 6, 2), (1, 1, 6, 2), (4, 1, 6, 2)]"
"(4, 22, 2, 17, 0)","[(2, 4, 6, 6), (2, 1, 6, 6)]"
"(4, 22, 2, 20, 0)","[('?', 1, 6, 2), (0, 4, 6, 2), ('?', 4, 6, 2), ('?', 1, 6, 2), ('?', 1, 6, 2), ('?', 4, 6, 2), ('?', 4, 6, 2), ('?', 6, 6, 2), ('?', 6, 6, 2), ('?', 6, 6, 2), ('?', 6, 6, 2), ('?', 1, 6, 2), ('?', 1, 6, 2), ('?', 4, 6, 2), ('?', 1, 6, 2), ('?', 1, 6, 2), ('?', 6, 6, 2), (3, 4, 6, 2), ('?', 4, 6, 2)]"
"(4, 22, 2, 21, 0)","[(4, 4, 6, 2), (4, 4, 6, '?'), (4, 1, 6, 6), (4, 1, 6, '?'), (4, 1, 6, 6), (4, 1, 6, '?'), (4, 6, 6, '?'), (4, 4, 6, 2), (4, 6, 6, 2), (4, 1, 6, '?'), (4, 4, 6, '?'), (4, 4, 6, '?')]"
"(4, 22, 2, 22, 0)","[(6, 1, 6, 6), ('?', 4, 6, '?'), ('?', 4, 6, 2), ('?', 1, 6, '?'), ('?', 4, 6, '?'), ('?', 6, 6, '?'), ('?', 6, 6, '?'), ('?', 1, 6, '?'), ('?', 1, 6, '?'), ('?', 4, 6, '?')]"
"(4, 22, 2, 25, 0)","[(4, 4, 6, 0), (4, 6, 6, 6), (4, 6, 6, 6)]"
"(4, 22, 2, 26, 0)","[(3, 1, 6, '?'), (3, 1, 6, '?'), (3, 6, 6, '?'), (3, 1, 6, '?'), (3, 1, 6, '?'), (3, 1, 6, '?')]"
"(4, 22, 4, 2, 0)","[('?', 0, 6, 0), ('?', 5, 6, 6), ('?', 5, 6, '?'), (3, 0, 6, 6), (3, 5, 6, '?'), ('?', '?', 6, 0), ('?', 5, 6, 0), ('?', 5, 6, 6), ('?', 5, 6, 0), ('?', 5, 6, 0), (0, '?', 6, 0), ('?', 6, 6, 0), ('?', 0, 6, 6), ('?', 5, 6, 6), ('?', 0, 6, 0), ('?', 0, 6, 0), ('?', 0, 6, 0), ('?', 5, 6, 6)]"
"(4, 22, 4, 4, 0)","[(3, '?', 6, 0)]"
"(4, 22, 4, 8, 0)","[(1, 4, 6, 0)]"
"(4, 22, 4, 10, 0)","[(1, 0, 6, '?')]"
"(4, 22, 4, 11, 0)","[(2, 0, 6, '?'), (2, 0, 6, '?')]"
"(4, 22, 4, 15, 0)","[(3, '?', 6, 6), (3, 0, 6, '?'), (3, 0, 6, 6), (3, 0, 6, '?'), (3, '?', 6, 6), (3, 0, 6, '?'), (3, 0, 6, 0)]"
"(4, 22, 4, 16, 0)","[(4, 5, 6, 2)]"
"(4, 22, 4, 17, 0)","[(2, 0, 6, 0), (2, 5, 6, 0), (2, 5, 6, 0), (2, 5, 6, 0)]"
"(4, 22, 4, 20, 0)","[(3, 5, 6, 2), (3, 5, 6, 2)]"
"(4, 22, 4, 21, 0)","[(4, 0, 6, '?'), (4, 0, 6, '?'), (4, 0, 6, '?')]"
"(4, 22, 4, 22, 0)","[(0, 6, 6, 2), ('?', 5, 6, '?'), ('?', 5, 6, '?')]"
"(4, 22, 4, 25, 0)","[(4, 0, 6, 6), (4, 5, 6, 0), (4, 1, 6, 0)]"
"(4, 22, 4, 26, 0)","[(3, 0, 6, 2), (3, 0, 6, 5)]"
"(4, 22, 6, 2, 0)","[('?', 2, 6, 6), ('?', 7, 6, 6), ('?', 7, 6, 0), ('?', 7, 6, 6), ('?', 7, 6, 0), ('?', 3, 6, 0), ('?', 2, 6, 0), ('?', 7, 6, 6), ('?', 3, 6, 0), (3, 3, 6, 0), ('?', 2, 6, 0), (3, 2, 6, 0), (1, 7, 6, 6), ('?', 2, 6, 6), (3, 7, 6, 0), ('?', 3, 6, 0), ('?', 2, 6, 0), ('?', 2, 6, 6), (3, 2, 6, 0), (0, 2, 6, 0), ('?', 3, 6, '?'), ('?', 3, 6, 0), ('?', 7, 6, 6), ('?', 7, 6, 0), (0, 7, 6, 6), ('?', 2, 6, 0), ('?', 2, 6, 6), ('?', 2, 6, 6), (3, 2, 6, 0), ('?', 7, 6, 0), ('?', 7, 6, 6), ('?', 3, 6, 0), ('?', 7, 6, 6), ('?', 3, 6, 0), ('?', 7, 6, 0), ('?', 2, 6, 0), ('?', '?', 6, 0), ('?', 2, 6, 0), ('?', 2, 6, 6), ('?', 7, 6, 6), ('?', 3, 6, '?'), ('?', 7, 6, 0), (3, 2, 6, 0)]"
"(4, 22, 6, 8, 0)","[(1, 2, 6, 6), (1, 7, 6, 6), (1, 2, 6, 6), (1, 7, 6, 6), (1, 2, 6, 6), (1, 7, 6, 6), (1, 3, 6, 6), (1, 2, 6, 6), (1, 3, 6, 6), (1, 3, 6, 6), (1, 3, 6, 6), (1, 2, 6, 6), (1, 7, 6, '?'), (1, 2, 6, 6), (1, 2, 6, 6), (1, 7, 6, 6), (1, 7, 6, 6), (1, 7, 6, 6), (1, 3, 6, 6)]"
"(4, 22, 6, 10, 0)","[(1, 3, 6, '?'), (1, 3, 6, '?'), (1, 2, 6, '?'), (1, 2, 6, 2), (1, 2, 6, '?'), (1, 7, 6, '?'), (1, 7, 6, '?'), (1, 2, 6, 2), (1, 2, 6, '?'), (1, 3, 6, '?')]"
"(4, 22, 6, 11, 0)","[(2, 7, 6, '?'), (2, 7, 6, '?'), (2, 3, 6, '?'), (2, 2, 6, 6), (2, 7, 6, '?'), (2, 3, 6, '?'), (2, 7, 6, 4), (2, 7, 6, '?')]"
"(4, 22, 6, 15, 0)","[(3, 2, 6, 6), (3, 2, 6, 6), (3, 3, 6, 0), (3, 3, 6, '?'), (3, 3, 6, 0)]"
"(4, 22, 6, 16, 0)","[(4, 7, 6, 2), (4, 3, 6, 2), (4, 7, 6, 2), (4, 7, 6, 2), (1, 3, 6, 2), (1, 3, 6, 2), (4, 3, 6, 2)]"
"(4, 22, 6, 20, 0)","[('?', 3, 6, 2), ('?', 2, 6, 2), ('?', 7, 6, 2), ('?', 3, 6, 2), (3, 2, 6, 2), ('?', 3, 6, 2), ('?', 7, 6, 2), ('?', 2, 6, 2), (3, 3, 6, 2), ('?', 3, 6, 2), ('?', 2, 6, 2), ('?', 3, 6, 2), ('?', 3, 6, 2), ('?', 3, 6, 2), ('?', 7, 6, 2), ('?', 3, 6, 2), (3, 2, 6, 2), ('?', 2, 6, 2)]"
"(4, 22, 6, 21, 0)","[(4, 3, 6, '?'), (4, 7, 6, '?'), (4, 7, 6, 0), (4, 7, 6, '?'), (4, 3, 6, '?'), (4, 2, 6, '?'), (4, 3, 6, '?'), (4, 7, 6, '?'), (4, 2, 6, '?'), (4, 3, 6, 2)]"
"(4, 22, 6, 22, 0)","[('?', 3, 6, '?'), ('?', 3, 6, '?'), ('?', 2, 6, '?'), ('?', 3, 6, '?'), ('?', 2, 6, '?'), ('?', 3, 6, '?')]"
"(4, 22, 6, 25, 0)","[(4, 3, 6, 6), (4, 7, 6, 6), (4, 3, 6, 0), (4, 3, 6, 0), (4, 2, 6, 0), (4, 3, 6, '?'), (4, 3, 6, 6), (4, 7, 6, 0)]"
"(4, 22, 6, 26, 0)","[(3, 3, 6, '?'), (3, 2, 6, '?'), (3, 2, 6, '?'), (3, 3, 6, '?'), (3, 3, 6, 2), (3, 2, 6, '?'), (3, 3, 6, 2)]"
"(4, 22, 6, 27, 0)","[(0, 2, 6, 6), (0, 7, 6, '?'), (0, 2, 6, 0)]"
"(4, 22, 7, 7, 0)","[(3, 7, 6, 7)]"
"(4, 22, 8, 2, 0)","[(1, '?', 6, 0), (1, '?', 6, 6), (1, '?', 6, 6), (1, '?', 6, 0), (1, '?', 6, 6)]"
"(4, 22, 8, 8, 0)","[(1, '?', 6, 0)]"
"(4, 22, 8, 9, 0)","[(1, 6, 6, 7), (1, 5, 6, 7), (1, 5, 6, 7)]"
"(4, 22, 9, 7, 0)","[(3, 5, 6, 7)]"
"(4, 22, 9, 9, 0)","[(1, 7, 6, 7)]"
"(4, 22, 9, 10, 0)","[(1, 7, 6, 7)]"
"(4, 22, 9, 26, 0)","[(3, 7, 6, 7)]"
"(4, 22, 10, 2, 0)","[(1, 0, 6, 6), (1, 0, 6, 0), (1, 0, 6, 6), (1, '?', 6, 6), (1, 5, 6, 0), (1, '?', 6, 0), (1, 0, 6, 6), (1, 3, 6, 6), (1, 0, 6, 0), (1, 5, 6, 6), (1, 3, 6, 6), (1, 0, 6, 0), (1, '?', 6, 6), (1, 5, 6, 0), (1, 0, 6, 0), (1, '?', 6, 6), (1, 0, 6, 0), (1, 5, 6, 0), (1, 0, 6, 6), (1, 5, 6, 0), (1, '?', 6, 0)]"
"(4, 22, 10, 8, 0)","[(1, 4, 6, 6), (1, '?', 6, 6)]"
"(4, 22, 10, 9, 0)","[(1, 7, 6, 7)]"
"(4, 22, 10, 10, 0)","[(1, 2, 6, '?'), (1, 0, 6, '?'), (1, 2, 6, 2), (1, 2, 6, '?'), (1, 0, 6, '?'), (1, 2, 6, 5), (1, '?', 6, 2), (1, '?', 6, 2), (1, 2, 6, 2), (1, 2, 6, '?'), (1, 4, 6, '?')]"
"(4, 22, 10, 16, 0)","[(1, 3, 6, 2)]"
"(4, 22, 10, 20, 0)","[(1, '?', 6, 2), (1, '?', 6, 2), (1, 3, 6, 2), (1, '?', 6, 2), (1, 2, 6, 2), (1, '?', 6, 2), (1, '?', 6, 2), (1, '?', 6, 2), (1, '?', 6, 2), (1, 2, 6, 2), (1, 2, 6, 2), (1, '?', 6, 2), (1, 3, 6, 2)]"
"(4, 22, 10, 22, 0)","[(1, 0, 6, '?')]"
"(4, 22, 11, 11, 0)","[(2, 5, 6, '?'), (2, 1, 6, 6), (2, 7, 6, 0), (2, 7, 6, 0), (2, 7, 6, 4), (2, 3, 6, '?'), (2, '?', 6, '?'), (2, '?', 6, '?'), (2, 1, 6, '?'), (2, 1, 6, '?'), (2, 3, 6, '?'), (2, 4, 6, '?'), (2, 4, 6, '?'), (2, '?', 6, '?'), (2, 3, 6, '?'), (2, 7, 6, 0), (2, '?', 6, '?'), (2, 3, 6, '?'), (2, 0, 6, '?'), (2, 1, 6, '?'), (2, 4, 6, '?'), (2, 5, 6, '?'), (2, '?', 6, '?'), (2, 0, 6, '?'), (2, 2, 6, 2), (2, '?', 6, '?'), (2, 0, 6, '?'), (2, '?', 6, '?')]"
"(4, 22, 11, 17, 0)","[(2, 2, 6, 6), (2, 3, 6, 0), (2, 1, 6, 6), (2, 3, 6, '?'), (2, 1, 6, 0), (2, 2, 6, 0), (2, 1, 6, 0)]"
"(4, 22, 11, 20, 0)","[(2, 4, 6, 2), (2, 1, 6, 2), (2, 6, 6, 2), (2, 4, 6, 2), (2, 0, 6, 2), (2, '?', 6, 2), (2, 1, 6, 2), (2, 1, 6, 2), (2, 2, 6, 2), (2, 7, 6, 2), (2, '?', 6, 2), (2, 2, 6, 2), (2, 5, 6, 2), (2, 1, 6, 2), (2, 5, 6, 2), (2, '?', 6, 2), (2, 7, 6, 2), (2, 4, 6, 2), (2, 7, 6, 2), (2, 4, 6, 2), (2, 7, 6, 2), (2, 5, 6, 2), (2, 6, 6, 2), (2, 6, 6, 2), (2, '?', 6, 2), (2, '?', 6, 2), (2, '?', 6, 2), (2, 5, 6, 2), (2, '?', 6, 2)]"
"(4, 22, 15, 2, 0)","[(3, 6, 6, 6)]"
"(4, 22, 15, 4, 0)","[(3, 0, 6, '?'), (3, '?', 6, '?')]"
"(4, 22, 15, 6, 0)","[(3, 2, 6, '?')]"
"(4, 22, 15, 15, 0)","[(3, '?', 6, '?'), (3, 6, 6, '?'), (3, 6, 6, '?'), (3, '?', 6, '?')]"
"(4, 22, 16, 21, 0)","[(4, 6, 6, 5), (4, 4, 6, 5), (4, 7, 6, 5)]"
"(4, 22, 16, 25, 0)","[(4, 2, 6, 1)]"
"(4, 22, 17, 9, 0)","[(2, 7, 6, 7)]"
"(4, 22, 17, 11, 0)","[(2, '?', 6, '?'), (2, '?', 6, '?')]"
"(4, 22, 17, 17, 0)","[(2, 0, 6, 0), (2, 2, 6, 6), (2, 5, 6, 0), (2, '?', 6, 0), (2, 6, 6, 6), (2, 0, 6, 0), (2, 3, 6, 0), (2, 0, 6, 6), (2, 3, 6, 6), (2, 0, 6, 6), (2, 2, 6, 0), (2, 3, 6, 6), (2, 3, 6, 6), (2, 5, 6, 0), (2, 0, 6, 6), (2, 6, 6, 6), (2, 5, 6, 0), (2, 0, 6, 6), (2, 3, 6, 6), (2, '?', 6, 0), (2, 6, 6, 6), (2, 6, 6, 0), (2, 6, 6, 6), (2, '?', 6, 0), (2, 0, 6, 6), (2, '?', 6, 0), (2, 7, 6, 0), (2, '?', 6, 0), (2, '?', 6, 0), (2, 3, 6, 0), (2, 3, 6, 0)]"
"(4, 22, 20, 4, 0)","[(1, 0, 6, 1), (1, 0, 6, 1), ('?', 5, 6, 5), (1, 0, 6, 1), (1, 0, 6, 1), (0, 1, 6, 1), ('?', 1, 6, 5), (6, 5, 6, 5)]"
"(4, 22, 20, 6, 0)","[('?', 2, 6, 5), ('?', 2, 6, 5), (0, 7, 6, 5), ('?', 2, 6, 5), ('?', 2, 6, 5), (6, 2, 6, 5)]"
"(4, 22, 20, 8, 0)","[(1, '?', 6, 1), (1, '?', 6, 1), (1, 0, 6, 1), (1, 1, 6, 1), (1, '?', 6, 1)]"
"(4, 22, 20, 10, 0)","[(1, 4, 6, 5), (1, 4, 6, 5), (1, 1, 6, 5), (1, 0, 6, 5), (1, 0, 6, 5), (1, 1, 6, 5), (1, 6, 6, 5), (1, 7, 6, 5), (1, 2, 6, 5), (1, 0, 6, 5), (1, 1, 6, 5), (1, 2, 6, 5), (1, 7, 6, 5), (1, '?', 6, 5), (1, 1, 6, 5), (1, 3, 6, 5), (1, 0, 6, 5), (1, '?', 6, 5), (1, 3, 6, 5), (1, 7, 6, 5), (1, 1, 6, 5), (1, 5, 6, 5), (1, 5, 6, 5), (1, 5, 6, 5), (1, 0, 6, 5), (1, 5, 6, 5), (1, '?', 6, 5), (1, '?', 6, 5), (1, 0, 6, 5), (1, 5, 6, 5), (1, 4, 6, 5), (1, 2, 6, 5), (1, 2, 6, 5), (1, 7, 6, 5), (1, 2, 6, 5), (1, 5, 6, 5), (1, 2, 6, 5), (1, '?', 6, 5), (1, 0, '?', 5), (1, 7, 6, 5), (1, 7, 6, 5), (1, '?', 6, 5), (1, 5, 6, 5), (1, 4, 6, 5), (1, '?', 6, 5)]"
"(4, 22, 20, 11, 0)","[(2, '?', 6, 5), (2, 3, 6, 5), (2, 0, 6, 5), (2, '?', 6, 5), (2, 4, 6, 5), (2, 2, 6, 5), (2, 0, 6, 5), (2, '?', 6, 5), (2, 5, 6, 5), (2, 3, 6, 5), (2, 7, 6, 5), (2, 2, 6, 5), (2, 3, 6, 5), (2, 0, 6, 5), (2, 5, 6, 5), (2, 1, 6, 5), (2, 1, 6, 5), (2, 4, 6, 5), (2, '?', 6, 5), (2, 6, 6, 5), (2, 5, 6, 5), (2, 7, 6, 5), (2, '?', 6, 5), (2, 1, 6, 5), (2, 2, 6, 5), (2, 7, 6, 5), (2, '?', 6, 5), (2, 4, 6, 5), (2, 3, 6, 5), (2, 5, 6, 5), (2, 7, 6, 5), (2, 2, 6, 5), (2, 4, 6, 5), (2, 7, 6, 5), (2, 7, 6, 5), (2, '?', 6, 5), (2, 1, 6, 5), (2, '?', 6, 5), (2, '?', 6, 5), (2, 7, 6, 5), (2, 4, 6, 5), (2, '?', 6, 5), (2, 7, 6, 5), (2, 1, 6, 5)]"
"(4, 22, 20, 15, 0)","[(3, '?', 6, 1), (3, 2, 6, 1), (3, 3, 6, 1), (3, 2, 6, 1), (3, 2, 6, 1)]"
"(4, 22, 20, 16, 0)","[(4, 3, 6, 1)]"
"(4, 22, 20, 17, 0)","[(2, 2, 6, 1), (2, 2, 6, 1), (2, '?', 6, 1), (2, 2, 6, 1), (2, 7, 6, 1), (2, 3, 6, 1), (2, 0, 6, 1), (2, 2, 6, 1), (2, 0, 6, 1), (2, 5, 6, 1), (2, 6, 6, 1), (2, 1, 6, 1)]"
"(4, 22, 20, 20, 0)","[('?', 7, 6, 1), (1, 7, 6, 1), (1, 5, 6, 1), ('?', 6, 6, 1), (1, '?', 6, 1), (1, 1, 6, 1), (0, '?', 6, 1), (3, 1, 6, 5), (0, 2, 6, 1)]"
"(4, 22, 20, 21, 0)","[(4, 7, 6, 5), (4, 4, 6, 5), (5, 7, 6, 5), (4, 4, 6, 5), (4, 7, 6, 5), (4, 4, 6, 5), (4, 7, 6, 5), (4, 6, 6, 5), (4, 1, 6, 5), (4, 0, 6, 5), (4, 7, 6, 5), (4, 1, 6, 5), (4, 3, 6, 5), (4, 4, 6, 5), (4, 1, 6, 5), (4, 0, 6, 5), (4, 3, 6, 5), (4, 4, 6, 5), (4, 5, 6, 5)]"
"(4, 22, 20, 22, 0)","[(0, 3, 6, 5), ('?', 4, 6, 5), (6, 0, 6, 5), ('?', 1, 6, 5), ('?', 7, 6, 5), (6, 7, 6, 5), ('?', 6, 6, 5), ('?', 0, 6, 5), ('?', 1, 6, 5), (0, 6, 6, 5), ('?', '?', 6, 5), ('?', '?', 6, 5), (0, 1, 6, 5), ('?', 0, 6, 5), ('?', '?', 6, 5), ('?', '?', 6, 5), ('?', 4, 6, 5), (6, 6, 6, 5), ('?', 6, 6, 5), ('?', '?', 6, 5), (0, 2, 6, 5), ('?', 2, 6, 5), ('?', 4, 6, 5), (0, 4, 6, 5), (6, 0, 6, 5), ('?', 7, 6, 5), ('?', 6, 6, 5), (3, '?', 6, 5), ('?', 3, 6, 5), (6, '?', 6, 5), (0, 3, 6, 5), (6, 5, 6, 5), ('?', 2, 6, 5), (0, 7, 6, 5), ('?', 1, 6, 5), (0, 1, 6, 5), ('?', '?', 6, 5), (6, 0, 6, 5), ('?', '?', 6, 5), (0, 6, 6, 5), (0, 1, 6, 5), (6, 5, 6, 5), (0, 1, 6, 5), (6, '?', 6, 5), (6, 2, 6, 5), ('?', 5, 6, 5), (0, 6, 6, 5), (6, 7, 6, 5), (6, 2, 6, 5), (0, 4, 6, 5), (0, 4, 6, 5), ('?', 2, 6, 5), ('?', 3, 6, 5), (6, 7, 6, 5), (6, 0, 6, 5), ('?', 0, 6, 5), (6, 7, 6, 5), ('?', 5, 6, 5), (6, 2, 6, 5), (0, 2, 6, 5), (6, '?', 6, 5), ('?', 1, 6, 5), ('?', '?', 6, 5), ('?', 4, 6, 5), ('?', 7, 6, 5), (6, 5, 6, 5), ('?', 7, 6, 5), ('?', 1, 6, 5), ('?', 7, 6, 5), (6, '?', 6, 5), ('?', 6, 6, 5), ('?', 5, 6, 5), (6, 0, 6, 5)]"
"(4, 22, 20, 25, 0)","[(4, 5, 6, 1), (4, 3, 6, 1), (4, '?', 6, 1), (4, '?', 6, 1), (4, 5, 6, 1), (4, 5, 6, 1), (4, 2, 6, 1), (4, 1, 6, 1), (4, '?', 6, 1), (4, '?', 6, 1), (4, 6, 6, 1), (4, '?', 6, 1), (4, 2, 6, 1), (4, 6, 6, 1), (4, 1, 6, 1), (4, '?', 6, 1), (4, 0, 6, 1), (4, '?', 6, 1), (4, 5, 6, 1), (4, 4, 6, 1), (4, 1, 6, 1), (4, 6, 6, 1), (4, 4, 6, 1), (4, 4, 6, 1), (4, 7, 6, 1), (4, 7, 6, 1), (4, 1, 6, 1)]"
"(4, 22, 20, 26, 0)","[(3, 2, 6, 5), (3, 7, 6, 5), (3, '?', 6, 5), (3, '?', 6, 5), (3, '?', 6, 5), (3, '?', 6, 5), (3, 1, 6, 5), (3, 3, 6, 5), (3, '?', 6, 5), (3, '?', 6, 5), (3, 6, 6, 5), (3, 6, 6, 5), (3, 4, 6, 5), (3, 6, 6, 5), (3, 6, 6, 5), (3, 7, 6, 5), (3, 1, 6, 5), (3, 1, 6, 5), (3, 6, 6, 5), (3, 3, 6, 5), (3, '?', 6, 5), (3, 1, 6, 5), (3, 4, 6, 5), (3, 6, 6, 5), (3, 4, 6, 5), (3, 1, 6, 5), (3, 2, 6, 5)]"
"(4, 22, 20, 27, 0)","[(0, 3, 6, 5), (0, 2, 6, 5), (0, 2, 6, 5), (0, 7, 6, 5), (0, 2, 6, 5), (0, 2, 6, 5), (0, 7, 6, 5), (0, 7, 6, 5), (0, 7, 6, 5)]"
"(4, 22, 21, 16, 0)","[(4, '?', 6, 2), (4, '?', 6, 2), (4, 7, 6, 2), (4, 4, 6, 2), (4, '?', 6, 2), (4, 3, 6, 2), (4, 0, 6, 2), (4, 0, 6, 2), (4, 0, 6, 2), (4, 6, 6, 2), (4, 6, 6, 2), (4, 3, 6, 2), (4, 5, 6, 2), (4, 5, 6, 2), (4, 1, 6, 2), (4, 7, 6, 2), (4, 5, 6, 2), (4, 0, 6, 2), (4, 5, 6, 2), (4, 3, 6, 2), (4, '?', 6, 2), (4, 0, 6, 2), (4, '?', 6, 2), (4, 5, 6, 2)]"
"(4, 22, 21, 21, 0)","[(4, '?', 6, '?'), (4, 2, 6, '?'), (4, 5, 6, 5), (4, 5, 6, 5), (4, 5, 6, 5), (4, 3, 6, 5), (4, '?', 6, '?'), (4, '?', 6, '?'), (4, 0, 6, 5), (4, 5, 6, 5), (4, 5, 6, 5)]"
"(4, 22, 22, 2, 0)","[('?', '?', 6, 0), ('?', '?', 6, 0), ('?', 0, 6, 6), (0, 7, 6, 6), ('?', '?', 6, 0), ('?', '?', 6, 0)]"
"(4, 22, 22, 4, 0)","[('?', 0, 6, 0), ('?', 0, 6, 6)]"
"(4, 22, 22, 6, 0)","[('?', 3, 6, 0), ('?', 7, 6, 0), ('?', 2, 6, '?'), ('?', 2, 6, '?')]"
"(4, 22, 22, 8, 0)","[(1, 3, 6, '?'), (1, '?', 6, 6)]"
"(4, 22, 22, 9, 0)","[(1, 5, 6, 7)]"
"(4, 22, 22, 10, 0)","[(1, 2, 6, 2), (1, 7, 6, '?')]"
"(4, 22, 22, 16, 0)","[(4, 7, 6, 2)]"
"(4, 22, 22, 20, 0)","[('?', 7, 6, 2), ('?', 0, 6, 2), ('?', '?', 6, 2), ('?', 2, 6, 2), ('?', 0, 6, 2), ('?', 6, 6, 2), ('?', '?', 6, 2), ('?', '?', 6, 2), (0, 6, 6, 2), ('?', 0, 6, 2), (3, 1, 6, 2), (3, 2, 6, 2), ('?', '?', 6, 2), (0, 1, 6, 2), ('?', '?', 6, 2), ('?', '?', '?', 2), (3, 3, 6, 2), ('?', 0, 6, 2), (3, 7, 6, 2), (0, 1, 6, 2), ('?', '?', 6, 2), ('?', 2, 6, 2), ('?', '?', 6, 2), (3, 4, 6, 2), ('?', 2, 6, 2), (6, 5, 6, 2), ('?', '?', 6, 2), ('?', 3, 6, 2)]"
"(4, 22, 22, 21, 0)","[(4, '?', 6, '?'), (4, 3, 6, 5), (4, 3, 6, 5), (4, '?', 6, '?'), (4, 0, 6, 5), (4, '?', 6, '?'), (4, 5, 6, 5), (4, 4, 6, '?'), (4, 5, 6, 5)]"
"(4, 22, 22, 22, 0)","[('?', 0, 6, '?'), ('?', 5, 6, '?'), (0, 1, 6, 4), (0, 6, 6, '?'), ('?', 0, 6, '?'), (0, 0, 6, 5), ('?', 0, 6, '?'), (0, 0, 6, 5), ('?', 3, 6, 5), (0, 2, 6, 5), ('?', 0, 6, 5), ('?', 5, 6, 5), (0, 0, 6, 5), (6, 4, 6, '?')]"
"(4, 22, 22, 25, 0)","[(4, '?', 6, 0), (4, 3, 6, 0), (4, 5, 6, 0)]"
"(4, 22, 22, 26, 0)","[(3, 3, 6, 5), (3, 3, 6, 5), (3, 5, 6, 2), (3, 6, 6, '?')]"
"(4, 22, 22, 27, 0)","[(0, 2, 6, 5)]"
"(4, 22, 25, 16, 0)","[(4, 4, 6, 2), (4, 6, 6, 2), (4, 6, 6, 2)]"
"(4, 22, 25, 21, 0)","[(4, 5, 6, 1)]"
"(4, 22, 25, 25, 0)","[(4, 1, 6, 0), (4, '?', 6, 0), (4, 5, 6, 0), (4, 0, 6, 6), (4, 7, 6, 0), (4, 6, 6, 6), (4, '?', 6, 6), (4, 3, 6, 0), (4, 0, 6, 6), (4, 5, 6, 6), (4, 0, 6, 6), (4, 5, 6, 0), (4, 2, 6, 0), (4, '?', 6, 0), (4, '?', 6, 6), (4, 3, 6, 0), (4, 5, 6, 0), (4, 5, 6, 0), (4, 7, 6, 0), (4, '?', 6, 0), (4, 5, 6, 6), (4, '?', 6, 6), (4, 5, 6, 6), (4, '?', 6, 0), (4, 4, 6, 0), (4, '?', 6, 6), (4, '?', 6, 0), (4, '?', 6, 0), (4, 4, 6, 0), (4, '?', 6, 0), (4, 4, 6, 0), (4, '?', 6, 6), (4, '?', 6, 0)]"
"(4, 22, 26, 2, 0)","[(3, 0, 6, 6), (3, '?', 6, 6), (3, '?', 6, 0), (3, '?', 6, 0), (3, 1, 6, 6), (3, 4, 6, 6), (3, '?', 6, 6), (3, '?', 6, 0), (3, 0, 6, 6), (3, '?', 6, 6), (3, '?', 6, 6), (3, 1, 6, 6), ('?', 0, 6, 0), (3, '?', 6, 0), (3, 6, 6, 6), (3, '?', 6, 6), (3, 1, 6, 6), (3, 0, 6, 6), (3, '?', 6, 0), (3, '?', 6, '?'), (3, 4, 6, 6), (3, 4, 6, 6), (3, 4, 6, 6), (3, 6, 6, 6), (3, 1, 6, 6), (3, '?', 6, 0)]"
"(4, 22, 26, 4, 0)","[(3, 0, 6, 0), (3, 0, 6, 0), (3, 0, 6, 0), (3, 0, 6, 0), (3, 0, 6, 6), (3, 6, 6, 6), (3, 0, 6, 0), (3, '?', 6, 0), (3, 5, 6, '?')]"
"(4, 22, 26, 6, 0)","[(3, 2, 6, 6), (3, 3, 6, 5), (3, 7, 6, 0), (3, 3, 6, 2), (3, 2, 6, 6), (3, 3, 6, '?')]"
"(4, 22, 26, 20, 0)","[(3, 5, 6, 2), (3, 4, 6, 2), (3, 7, 6, 2), (3, 1, 6, 2), (3, 1, 6, 2), (3, 7, 6, 2), (3, 5, 6, 2), (3, 7, 6, 2), (3, 2, 6, 2), (3, 0, 6, 2), (3, 0, 6, 2)]"
"(4, 22, 26, 22, 0)","[(3, 5, 6, 2), (3, '?', 6, '?'), (3, 0, 6, 5), (3, '?', 6, '?'), (3, 6, 6, '?'), (3, 0, 6, 5), (3, 5, 6, '?'), (3, 5, 6, '?'), (3, '?', 6, '?'), (3, 0, 6, 5), (3, 5, 6, 2), (3, 6, 6, '?'), (3, 2, 6, 5), (3, '?', 6, '?'), (3, 2, 6, 5), (3, 2, 6, 5)]"
"(4, 22, 26, 26, 0)","[(3, 2, 6, 5)]"
"(4, 22, 27, 2, 0)","[(0, 3, 6, 6), (0, 2, 6, 0), (0, 3, 6, 6), (0, 2, 6, 0), (0, '?', 6, 0), (0, '?', 6, 0), (0, 3, 6, 0), (0, 3, 6, 0), (0, 2, 6, 6), (0, '?', 6, 0), (0, 2, 6, 6), (0, '?', 6, 6), (0, 3, 6, 6), (0, 5, 6, 6), (0, '?', 6, '?'), (0, 2, 6, 0), (0, 3, 6, 6), (0, 4, 6, 6), (0, '?', 6, 6), (0, 7, 6, 6), (0, 6, 6, '?'), (0, 7, 6, 6), (0, 6, 6, '?'), (0, 4, 6, 6), (0, 2, 6, 0), (0, 3, 6, 0)]"
"(4, 22, 27, 4, 0)","[(0, '?', 6, 6), (0, 5, 6, 6), (0, 5, 6, 0), (0, 6, 6, 0)]"
"(4, 22, 27, 6, 0)","[(0, 3, 6, '?'), (0, 7, 6, 6), (0, 2, 6, 0)]"
"(4, 22, 27, 20, 0)","[(0, 7, 6, 2), (0, 3, 6, 2), (0, 2, 6, 2), (0, 3, 6, 2), (0, 0, 6, 2), (0, 0, 6, 2), (0, '?', 6, 2), (0, 5, 6, 2), (0, 2, 6, 2), (0, 6, 6, 2), (0, 5, 6, 2), (0, '?', 6, 2), (0, '?', 6, 2), (0, 0, 6, 2), (0, 4, 6, 2), (0, 3, 6, 2), (0, '?', 6, 2), (0, 7, 6, 2), (0, 5, 6, 2), (0, '?', 6, 2), (0, 7, 6, 2), (0, 2, 6, 2), (0, 3, 6, 2)]"
"(4, 22, 27, 22, 0)","[(0, 3, 6, '?'), (0, 3, 6, '?'), (0, 3, 6, 5), (0, 7, 6, '?'), (0, '?', 6, '?'), (0, '?', 6, '?'), (0, '?', 6, '?'), (0, 7, 6, '?'), (0, '?', 6, '?'), (0, 5, 6, '?'), (0, 3, 6, '?'), (0, 2, 6, 5), (0, 7, 6, '?'), (0, 0, 6, 2), (0, '?', 6, '?')]"
"(4, 23, 20, 4, 0)","[(0, 5, 6, 1)]"
"(4, 23, 20, 6, 0)","[('?', 2, 6, 1)]"
"(4, 23, 20, 8, 0)","[(1, '?', 6, 1)]"
"(4, 23, 20, 20, 0)","[(0, 2, 6, 1)]"
"(4, 23, 20, 25, 0)","[(4, 2, 6, 1)]"
"(4, 23, 20, 27, 0)","[(0, 2, 6, 1)]"
"(4, 24, 2, 2, 0)","[(6, 4, 6, 6), (6, 6, 6, 6), (6, '?', 6, 0), (6, 6, 6, 6), (6, 1, 6, 6), (6, 6, 6, 0), (6, 6, 6, 0), (6, 1, 6, 6), (6, 1, 6, 6), (6, 6, 6, 0), (6, 4, 6, 6), (6, 4, 6, 0)]"
"(4, 24, 2, 25, 0)","[(5, 4, 6, 6), (5, 6, 6, 0), (5, 4, 6, 6), (5, 1, 6, 6), (5, 1, 6, 0)]"
"(4, 24, 4, 2, 0)","[(6, '?', 6, 0)]"
"(4, 24, 4, 25, 0)","[(5, 0, 6, 6), (5, 0, 6, 6), (5, 0, 6, 6)]"
"(4, 24, 6, 2, 0)","[(6, 3, 6, 0), (6, 3, 6, 0), (6, 3, 6, 0)]"
"(4, 24, 6, 22, 0)","[(6, 3, 6, '?')]"
"(4, 24, 6, 25, 0)","[(5, 3, 6, 0), (5, 3, 6, 0)]"
"(4, 24, 16, 6, 0)","[(5, 3, 6, 1), (5, 3, 6, 1)]"
"(4, 24, 22, 2, 0)","[(6, 7, 6, 0), (6, 3, 6, 0)]"
"(4, 25, 16, 25, 0)","[(4, '?', 6, 1)]"
"(4, 26, 2, 2, 0)","[(7, 6, 6, 0), (7, 1, 6, 0), (7, 6, 6, 0), (7, 6, 6, 0), (7, 4, 6, '?'), (7, 6, 6, 0), (7, 6, 6, 6), (7, 1, 6, 0), (7, 1, 6, 0), (7, 1, 6, 0), (7, 1, 6, 0)]"
"(4, 26, 2, 7, 0)","[(7, 6, 6, 7)]"
"(4, 26, 2, 9, 0)","[(7, 4, 6, 7)]"
"(4, 26, 2, 11, 0)","[(7, 1, 6, '?')]"
"(4, 26, 2, 15, 0)","[(7, 6, 6, 6), (7, 6, 6, 0), (7, 6, 6, 0), (7, 4, 6, '?'), (7, 6, 6, 0), (7, 4, 6, '?'), (7, 1, 6, 6), (7, 1, 6, 0)]"
"(4, 26, 2, 20, 0)","[(7, 1, 6, 2), (7, 1, 6, 2), (7, 6, 6, 2), (7, 1, 6, 2), (7, 6, 6, 2), (7, 1, 6, 2)]"
"(4, 26, 2, 22, 0)","[(7, 6, 6, 5), (7, 6, 6, '?'), (7, 1, 6, '?'), (7, 4, 6, '?'), (7, 6, 6, '?'), (7, 4, 6, 2), (7, 6, 6, '?'), (7, 6, 6, 5), (7, 6, 6, 2), (7, 6, 6, '?'), (7, 1, 6, 2), (7, 1, 6, '?'), (7, 1, 6, 2), (7, 1, 6, 2)]"
"(4, 26, 2, 26, 0)","[(7, 1, 6, '?'), (7, 1, 6, 2), (7, 1, 6, '?'), (7, 6, 6, '?')]"
"(4, 26, 4, 2, 0)","[(7, 0, 6, '?'), (7, 5, 6, 6), (7, 5, 6, 6), (7, 5, 6, 0), (7, 5, 6, '?'), (7, 5, 6, 0), (7, 0, 6, 6), (7, 0, 6, 6), (7, 5, 6, 0), (7, 0, 6, '?'), (7, 0, 6, 6)]"
"(4, 26, 4, 9, 0)","[(7, 0, 6, 7), (7, 5, 6, 7)]"
"(4, 26, 4, 15, 0)","[(7, 0, 6, 6), (7, 0, 6, 0), (7, 5, 6, '?')]"
"(4, 26, 4, 20, 0)","[(7, 0, 6, 2), (7, 5, 6, 2), (7, 5, 6, 2)]"
"(4, 26, 4, 22, 0)","[(7, 0, 6, '?'), (7, 5, 6, 4), (7, 5, 6, 4), (7, 0, 6, 2), (7, 5, 6, 2), (7, 0, 6, 5), (7, 5, 6, '?'), (7, 5, 6, '?'), (7, 0, 6, '?')]"
"(4, 26, 4, 26, 0)","[(7, 0, 6, 5), (7, 0, 6, 2)]"
"(4, 26, 6, 2, 0)","[(7, 3, 6, 0), (7, 3, 6, 6), (7, 2, 6, '?'), (7, 3, 6, 0), (7, 2, 6, 0), (7, 7, 6, 0), (7, 3, 6, 6), (7, 2, 6, 0), (7, 7, 6, 0), (7, 3, 6, 6), (7, 3, 6, 6)]"
"(4, 26, 6, 15, 0)","[(7, 7, 6, 0), (7, 7, 6, 0), (7, 3, 6, 6), (7, 2, 6, 0), (7, 3, 6, 0), (7, 7, 6, 0)]"
"(4, 26, 6, 20, 0)","[(7, 2, 6, 2), (7, 7, 6, 2), (7, 7, 6, 2), (7, 2, 6, 2), (7, 7, 6, 2), (7, 7, 6, 2), (7, 7, 6, 2)]"
"(4, 26, 6, 22, 0)","[(7, 2, 6, 2), (7, 2, 6, 5), (7, 3, 6, '?'), (7, 3, 6, 5), (7, 2, 6, '?'), (7, 3, 6, 5), (7, 2, 6, '?'), (7, 2, 6, '?'), (7, 7, 6, '?'), (7, 2, 6, '?'), (7, 3, 6, 5), (7, 3, 6, '?'), (7, 3, 6, 2), (7, 7, 6, 5), (7, 3, 6, 2), (7, 2, 6, '?'), (7, 3, 6, '?'), (7, 3, 6, '?'), (7, 2, 6, '?'), (7, 7, 6, '?'), (7, 7, 6, '?'), (7, 7, 6, '?'), (7, 7, 6, 2), (7, 3, 6, 5), (7, 7, 6, 2), (7, 3, 6, 2), (7, 3, 6, '?'), (7, 7, 6, 5), (7, 3, 6, '?'), (7, 3, 6, 5), (7, 2, 6, 2), (7, 7, 6, '?'), (7, 7, 6, '?'), (7, 2, 6, 2), (7, 3, 6, '?'), (7, 2, 6, 2)]"
"(4, 26, 6, 26, 0)","[(7, 7, 6, 2), (7, 7, 6, '?')]"
"(4, 26, 9, 2, 0)","[(7, '?', 6, 7)]"
"(4, 26, 9, 4, 0)","[(7, 0, 6, 7), (7, 0, 6, 7)]"
"(4, 26, 9, 7, 0)","[(7, 4, 6, 7), (7, 7, 6, 7), (7, '?', 6, 7)]"
"(4, 26, 9, 9, 0)","[(7, '?', 6, 7), (7, 3, 6, 7), (7, 3, 6, 7), (7, 3, 6, 7), (7, 7, 6, 7), (7, '?', 6, 7), (7, 3, 6, 7), (7, 0, 6, 7), (7, 0, 6, 7), (7, 0, 6, 7)]"
"(4, 26, 20, 2, 0)","[(7, 1, 6, 5), (7, 1, 6, 5), (7, 1, 6, 5), (7, 1, 6, 5), (7, 1, 6, 5)]"
"(4, 26, 20, 4, 0)","[(7, 6, 6, 5), (7, 5, 6, 1)]"
"(4, 26, 20, 6, 0)","[(7, 7, 6, 5), (7, 7, 6, 5), (7, 3, 6, 5), (7, 3, 6, 5), (7, 7, 6, 5)]"
"(4, 26, 20, 22, 0)","[(7, 6, 6, 5), (7, 6, 6, 5), (7, 1, 6, 5), (7, 6, 6, 5), (7, 1, 6, 5), (7, 6, 6, 5), (7, 6, 6, 5), (7, 7, 6, 5), (7, 2, 6, 5), (7, 1, 6, 5)]"
"(4, 26, 22, 2, 0)","[(7, 2, 6, 0), (7, 7, 6, 0), (7, 3, 6, 0), (7, '?', 6, 0), (7, 0, 6, '?'), (7, '?', 6, 6), (7, 5, 6, 6), (7, '?', 6, 0), (7, 1, 6, 6), (7, 0, 6, 0), (7, 5, 6, 3), (7, 0, 6, '?'), (7, 2, 6, 0), (7, 1, 6, 6), (7, 7, 6, 0), (7, 2, 6, 0), (7, '?', 6, '?'), (7, 5, 6, '?'), (7, '?', 6, 0), (7, 3, 6, 0)]"
"(4, 26, 22, 4, 0)","[(7, 0, 6, 0), (7, 0, 6, 0), (7, 0, 6, '?')]"
"(4, 26, 22, 9, 0)","[(7, 1, 6, 7), (7, 4, 6, 7), (7, 6, 6, 7), (7, 1, 6, 7)]"
"(4, 26, 22, 15, 0)","[(7, 6, 6, 6), (7, '?', 6, 6), (7, 0, 6, 0), (7, '?', 6, 0), (7, '?', 6, 0), (7, '?', 6, 0), (7, '?', 6, 0), (7, 1, 6, 6), (7, '?', 6, 0), (7, 3, 6, 0), (7, '?', 6, 6), (7, 2, 6, 0), (7, '?', 6, 6), (7, '?', 6, 6), (7, 3, 6, 6), (7, 7, 6, 0), (7, '?', 6, 6), (7, '?', 6, 6), (7, '?', 6, 6), (7, 6, 6, 6), (7, 3, 6, 0)]"
"(4, 26, 22, 20, 0)","[(7, 6, 6, 2)]"
"(4, 26, 22, 22, 0)","[(7, 5, 6, '?'), (7, 1, 6, 2), (7, 1, 6, '?'), (7, 2, 6, 2), (7, '?', 6, '?'), (7, 6, 6, 4), (7, 7, 6, '?'), (7, 6, 6, 2), (7, 3, 6, 2), (7, 5, 6, 2), (7, 6, 6, '?'), (7, 0, 6, 2), (7, 2, 6, 2), (7, 4, 6, 2), (7, 4, 6, 2), (7, 0, 6, 2), (7, '?', 6, '?'), (7, 0, 6, 5), (7, '?', 6, '?'), (7, 6, 6, '?'), (7, 0, 6, 2), (7, 4, 6, 2), (7, 2, 6, 5), (7, 3, 6, 2), (7, 1, 6, 5), (7, 2, 6, 5), (7, 2, 6, 5), (7, 2, 6, '?'), (7, 2, 6, 2), (7, 2, 6, 5), (7, 2, 6, '?'), (7, 0, 6, 5), (7, 0, 6, 5), (7, 4, 6, '?'), (7, 1, 6, 2), (7, 3, 6, 5)]"
"(4, 26, 22, 26, 0)","[(7, '?', 6, '?'), (7, 6, 6, 6)]"
"(4, 26, 26, 2, 0)","[(7, '?', 6, 0)]"
"(4, 27, 2, 2, 0)","[(0, '?', 6, 6)]"
"(4, 27, 4, 2, 0)","[(0, 0, 6, 6), (0, 0, 6, 6), (0, 5, 6, 6), (0, 0, 6, 0), (0, 5, 6, 0), (0, 0, 6, 6), (0, 5, 6, 0), (0, 0, 6, 6), (0, 5, 6, 0), (0, 0, 6, 0), (0, 0, 6, '?'), (0, 5, 6, 6), (0, 0, 6, 6)]"
"(4, 27, 4, 22, 0)","[(0, 0, 6, '?'), (0, 0, 6, '?')]"
"(4, 27, 20, 6, 0)","[(0, 7, 6, 5)]"
"(4, 27, 20, 20, 0)","[(0, 4, 6, 1), (0, 5, 6, 1), (0, '?', 6, 1), (0, '?', 6, 1), (0, 4, 6, 1)]"
"(4, 27, 22, 2, 0)","[(0, '?', 6, 0), (0, 0, 6, 0), (0, 6, 6, 0), (0, 4, 6, 6), (0, 6, 6, 6), (0, '?', 6, 6), (0, 5, 6, 0), (0, 0, 6, 0), (0, '?', 6, 0), (0, '?', 6, 0), (0, '?', 6, 6), (0, '?', 6, 6)]"
"(4, 27, 22, 20, 0)","[(0, 2, 6, 2), (0, 2, 6, 2), (0, 2, 6, 2), (0, 3, 6, 2), (0, 3, 6, 2)]"
"(4, 27, 22, 22, 0)","[(0, 6, 6, '?')]"
"(5, 1, 2, 22, 0)","[(6, 1, 1, 4)]"
"(5, 2, 2, 2, 0)","[('?', 4, 1, 6), ('?', 6, 1, 0), (0, 1, 1, 0), (0, 1, 1, 0), ('?', 4, 1, 6), (0, 6, 5, 6), ('?', 4, 1, 6), ('?', 6, 1, 6), ('?', 6, 1, 6), ('?', 6, 1, 0), ('?', 4, 1, 0), ('?', 6, 1, 0), ('?', 4, 5, 0), ('?', 4, 1, 0), ('?', 6, 1, 6), ('?', 6, 1, 6), ('?', 4, 1, 6), ('?', 6, 1, 6), (0, 1, 1, 0), ('?', 4, 1, 0), ('?', 6, 1, 0), (3, 4, 1, 0), (0, 1, 1, 6), (0, 1, 5, 0), ('?', 6, 5, 0), ('?', 4, 1, 0), ('?', 4, 1, 6), (0, 1, 1, 0), ('?', 6, 1, 6), (6, 4, 1, 6), ('?', 4, 1, 6), ('?', 4, 1, 6), (0, 4, 1, 6), ('?', 6, 1, 0), (3, 4, 1, 0), (0, 4, 5, 6), ('?', 4, 1, 0), ('?', 4, 1, 6)]"
"(5, 2, 2, 8, 0)","[(1, 1, 1, 0), (1, 4, 1, 0), (1, 1, 1, 0), (1, 1, 1, 0), (1, 4, 1, 6), (1, 4, 1, 0), (1, 4, 1, 0), (1, 1, 1, 0), (1, 4, 1, 0), (1, 4, 1, '?'), (1, 6, 1, 0), (1, 1, 1, 0)]"
"(5, 2, 2, 15, 0)","[(3, 4, 1, 0), (3, 4, 1, 6), (3, 1, 1, 0), (3, 6, 1, 0), (3, 1, 1, 6), (3, 6, 1, 6), (3, 4, 1, 0), (3, 4, 1, '?'), (3, 1, 1, 6), (3, 1, 1, 6), (3, 1, 1, 0), (3, 4, 1, 0)]"
"(5, 2, 2, 16, 0)","[(4, 4, 5, 2)]"
"(5, 2, 2, 20, 0)","[('?', 4, 1, 2), (6, 1, 1, 2)]"
"(5, 2, 2, 22, 0)","[(0, 6, 1, '?')]"
"(5, 2, 2, 26, 0)","[(3, 6, 5, '?')]"
"(5, 2, 2, 27, 0)","[(0, 1, 1, 0), (0, 1, 1, 0), (0, 4, 1, '?'), (0, 6, 5, 6), (0, 1, 1, 0), (0, 1, 1, '?')]"
"(5, 2, 5, 2, 0)","[(0, 1, 5, 0), ('?', 1, 5, 6), ('?', 4, 5, 6), ('?', 4, 5, 6), ('?', 6, 5, 0), ('?', 4, 5, 6), ('?', 4, 5, 0), ('?', 4, 5, 6), (0, 4, 5, 0), (0, 4, 5, 0), ('?', 6, 5, 6), ('?', 6, 5, 0), ('?', 6, 5, 0), (0, 6, 5, 6), (0, 4, 5, 6), (0, 4, 5, 6), ('?', 1, 5, 0), (0, 1, 5, 0), ('?', 4, 5, 0), ('?', 6, 5, 0)]"
"(5, 2, 5, 5, 0)","[('?', 6, 5, '?'), ('?', 1, 5, '?'), ('?', 6, 5, '?')]"
"(5, 2, 5, 8, 0)","[(1, 4, 5, 0), (1, 1, 5, 0)]"
"(5, 2, 5, 10, 0)","[(1, 1, 5, '?')]"
"(5, 2, 5, 11, 0)","[(2, 6, 5, '?')]"
"(5, 2, 5, 15, 0)","[(3, 4, 5, 6), (3, 4, 5, 0), (3, 1, 5, 0), (3, 1, 5, 0)]"
"(5, 2, 5, 16, 0)","[(1, 1, 5, 2), (1, 4, 5, 2), ('?', 4, 5, 2), (1, 1, 5, 2), (3, 1, 5, 2), (3, 4, 5, 2), (4, 6, 5, 2)]"
"(5, 2, 5, 17, 0)","[(2, 4, 5, 0), (2, 4, 5, 6)]"
"(5, 2, 5, 20, 0)","[(3, 1, 5, 2), (3, 1, 5, 2), ('?', 1, 5, 2), ('?', 1, 5, 2), (0, 1, 5, 2), (0, 1, 5, 2), (3, 4, 5, 2)]"
"(5, 2, 5, 26, 0)","[(3, 6, 5, '?'), (3, 4, 5, '?'), (3, 6, 5, '?')]"
"(5, 2, 5, 27, 0)","[(0, 1, 5, '?'), (0, 1, 5, '?'), (0, 1, 5, 2), (0, 4, 5, '?'), (0, 4, 5, '?'), (0, 1, 5, 6), (0, 6, 5, '?')]"
"(5, 2, 8, 2, 0)","[(1, 4, 1, 0), (1, 6, 1, 0), (1, 6, 1, 0), (1, 4, 1, 0), (1, 4, 1, 6), (1, 1, 1, 0), (1, 6, 1, 0), (1, 4, 1, 6), (1, 4, 1, 6)]"
"(5, 2, 8, 5, 0)","[(1, 6, 5, '?')]"
"(5, 2, 8, 8, 0)","[(1, 1, 1, 6), (1, 4, 1, 0), (1, 1, 1, 0), (1, 1, 1, 6), (1, 1, 1, 6), (1, 1, 1, 6), (1, 6, 5, 0)]"
"(5, 2, 8, 16, 0)","[(1, 4, 1, 2)]"
"(5, 2, 8, 20, 0)","[(1, 4, 1, 2)]"
"(5, 2, 10, 10, 0)","[(1, 1, 1, '?'), (1, 1, 1, '?'), (1, 1, 1, '?'), (1, 4, 1, '?'), (1, 6, 1, '?'), (1, 4, 1, '?'), (1, 6, 1, '?'), (1, 1, 1, 6), (1, 4, 1, '?'), (1, 1, 1, '?'), (1, 4, 1, '?'), (1, 6, 1, '?'), (1, 6, 1, '?'), (1, 1, 1, '?')]"
"(5, 2, 10, 16, 0)","[(1, 4, 1, 2), (1, 1, 1, 2)]"
"(5, 2, 10, 20, 0)","[(1, 6, 1, 2), (1, 4, 1, 2), (1, 1, 1, 2), (1, 1, 1, 2), (1, 1, 1, 2), (1, 4, 1, 2), (1, 4, 1, 2), (1, 6, 1, 2), (1, 4, 1, 2), (1, 6, 1, 2), (1, 1, 1, 2), (1, 1, 1, 2), (1, 4, 1, 2), (1, 1, 1, 2), (1, 1, 1, 2), ('?', 1, 1, 2), (1, 6, 1, 2), (1, 1, 1, 2)]"
"(5, 2, 10, 22, 0)","[(1, 4, 1, '?'), (1, 1, 1, '?'), (1, 1, 1, '?')]"
"(5, 2, 11, 11, 0)","[(2, 6, 1, '?'), (2, 4, 1, '?'), (2, 1, 1, 6), (2, 6, 1, '?'), (2, 6, 1, '?'), (2, 6, 1, '?'), (2, 4, 1, '?'), (2, 6, 1, '?')]"
"(5, 2, 11, 20, 0)","[(2, 1, 1, 2), (2, 6, 5, 2), (2, 4, 1, 2), (2, 4, 1, 2), (2, 4, 1, 2), (2, 1, 5, 2), (2, 6, 5, 2), (2, 6, 5, 2), (2, 1, 1, 2), (2, 1, 5, 2)]"
"(5, 2, 15, 2, 0)","[(3, 4, 1, 6)]"
"(5, 2, 15, 12, 0)","[(3, 4, 5, 6), (3, 4, 5, 6), (3, 1, 5, 0)]"
"(5, 2, 15, 15, 0)","[(3, 6, 1, 0), (3, 6, 1, 0), (3, 4, 1, 6), (3, 1, 1, 6), (3, 4, 1, 6)]"
"(5, 2, 16, 8, 0)","[(1, 4, 5, 1)]"
"(5, 2, 16, 10, 0)","[(1, 1, 5, 5)]"
"(5, 2, 16, 21, 0)","[(5, 4, 1, 5), (4, 1, 5, 5), (5, 1, 5, 5), (4, 1, 5, 5), (4, 1, 5, 5), (4, 1, 1, 5), (4, 4, 1, 5), (4, 6, 5, 5), (4, 1, 1, 5), (4, 1, 5, 5), (4, 1, 1, 5), (4, 4, 1, 5), (4, 1, 1, 5), (4, 6, 5, 5), (5, 1, 1, 5)]"
"(5, 2, 16, 25, 0)","[(4, 4, 1, 1), (4, 6, 1, 1), (4, 4, 1, 1), (4, 4, 1, 1), (4, 4, 5, 1), (4, 4, 5, 1), (4, 4, 5, 1), (5, 1, 5, 1), (4, 4, 5, 1)]"
"(5, 2, 17, 11, 0)","[(2, 4, 1, '?'), (2, 6, 1, '?'), (2, 6, 1, '?')]"
"(5, 2, 17, 17, 0)","[(2, 4, 1, 6), (2, 4, 1, 0), (2, 4, 1, 0), (2, 4, 1, 6), (2, 1, 1, 6), (2, 1, 1, 6), (2, 6, 5, 0), (2, 4, 1, 6), (2, 6, 5, 0), (2, 4, 1, 0), (2, 4, 5, 6), (2, 4, 1, 0), (2, 4, 1, 0), (2, 6, 5, 0), (2, 4, 1, 0), (2, 4, 1, 6), (2, 4, 1, 0)]"
"(5, 2, 20, 2, 0)","[(0, 1, 1, 1), (0, 1, 1, 1)]"
"(5, 2, 20, 5, 0)","[('?', 1, 5, 5), (3, 1, 5, 5), (6, 1, 5, 5), ('?', 1, 5, 5), ('?', 1, 5, 5), ('?', 1, 5, 5), (0, 6, 5, 5), (3, 1, 5, 5), ('?', 4, 5, 1), (2, 4, 5, 5), (2, 1, 5, 5), (3, 1, 5, 5), (0, 6, 5, 5), ('?', 6, 5, 1), (2, 4, 5, 5), ('?', 4, 5, 1), (6, 4, 5, 5), (6, 1, 5, 5), ('?', 6, 5, 1), (1, 4, 5, 1), (6, 1, 5, 5), (0, 1, 5, 1), ('?', 6, 5, 5), ('?', 6, 5, 5)]"
"(5, 2, 20, 8, 0)","[(1, 6, 1, 1), (1, 4, 1, 1), (1, 6, 1, 1), (1, 4, 1, 1), (1, 4, 1, 1), (1, 6, 1, 1), (1, 1, 1, 1), (1, 4, 1, 1), (1, 1, 1, 1), (1, 1, 1, 1), (1, 4, 1, 1), (1, 4, 1, 1), (1, 4, 1, 1), (1, 6, 1, 1), (1, 1, 1, 1)]"
"(5, 2, 20, 10, 0)","[(1, 1, 5, 5), (1, 4, 1, 5), (1, 1, 5, 5), (1, 4, 1, 5), (1, 4, 1, 5)]"
"(5, 2, 20, 11, 0)","[(2, 1, 5, 5), (2, 1, 5, 5), (2, 1, 5, 5), (2, 4, 5, 5), (2, 1, 1, 5), (2, 4, 1, 5), (2, 4, 5, 5), (2, 6, 1, 5), (2, 4, 1, 5)]"
"(5, 2, 20, 15, 0)","[(3, 1, 5, 1), (3, 1, 5, 1), (3, 1, 5, 1), (3, 1, 5, 1), (3, 4, 1, 1), (3, 6, 1, 1), (3, 4, 5, 1), (3, 4, 1, 1)]"
"(5, 2, 20, 17, 0)","[(2, 6, 1, 1), (2, 6, 5, 1), (2, 1, 5, 1), (2, 4, 1, 1), (2, 6, 1, 1), (2, 4, 1, 1), (2, 4, 1, 1), (2, 6, 5, 1), (2, 4, 1, 1)]"
"(5, 2, 20, 20, 0)","[('?', 6, 1, 1), (3, 4, 5, 1), (6, 4, 1, 1), (6, 4, 1, 1), ('?', 6, 1, 1), (6, 4, 1, 1)]"
"(5, 2, 20, 21, 0)","[(4, 6, 1, 5), (4, 4, 1, 5), (4, 6, 5, 5)]"
"(5, 2, 20, 22, 0)","[(6, 6, 1, 5), ('?', 6, 1, 5), ('?', 4, 1, 5), ('?', 6, 1, 5), ('?', 1, 1, 5), ('?', 1, 1, 5), ('?', 1, 1, 5), (6, 1, 1, 5), ('?', 1, 1, 5), (5, 4, 1, 5)]"
"(5, 2, 20, 25, 0)","[(4, 4, 1, 1)]"
"(5, 2, 20, 26, 0)","[(3, 6, 5, 5), (3, 6, 5, 5), (3, 1, 5, 5), (3, 4, 1, 5), (3, 4, 5, 5), (3, 6, 5, 5), (3, 1, 1, 5), (3, 4, 5, 5)]"
"(5, 2, 20, 27, 0)","[(0, 4, 1, 1), (0, 4, 1, 1), (0, 6, 5, 1), (0, 4, 5, 1), (0, 4, 1, 1), (0, 1, 1, 5), (0, 4, 1, 1), (0, 4, 1, 1), (0, 4, 5, 5), (0, 1, 5, 1), (0, 1, 1, 5)]"
"(5, 2, 21, 16, 0)","[(4, 1, 1, 2), (4, 1, 1, 2), (4, 6, 1, 2), (4, 1, 1, 2), (4, 4, 1, 2), (4, 6, 1, 2), (4, 6, 1, 2), (4, 4, 1, 2), (4, 1, 5, 2), (4, 4, 1, 2), (4, 6, 1, 2), (4, 4, 5, 2), (4, 1, 5, 2)]"
"(5, 2, 21, 21, 0)","[(4, 1, 1, '?'), (4, 1, 1, 6), (4, 1, 1, 0), (4, 1, 1, '?'), (4, 1, 1, '?'), (4, 1, 1, '?')]"
"(5, 2, 22, 20, 0)","[('?', 1, 1, 2), ('?', 4, 1, 2), (0, 4, 1, 2), ('?', 1, 1, 2), (0, 4, 1, 2), ('?', 4, 1, 2), ('?', 1, 1, 2), ('?', 1, 1, 2), (3, 1, 1, 2), ('?', 4, 1, 2), ('?', 1, 1, 2)]"
"(5, 2, 22, 22, 0)","[('?', 6, 1, '?'), ('?', 6, 1, '?'), ('?', 6, 1, '?'), ('?', 6, 1, '?'), ('?', 6, 1, '?'), ('?', 6, 1, '?'), ('?', 6, 1, '?'), ('?', 6, 1, '?'), (6, 1, 1, '?'), (6, 1, 1, '?')]"
"(5, 2, 22, 26, 0)","[(3, 1, 1, '?')]"
"(5, 2, 22, 27, 0)","[(0, 1, 1, '?')]"
"(5, 2, 25, 2, 0)","[(4, 6, 5, 6)]"
"(5, 2, 25, 25, 0)","[(4, 4, '?', 0), (4, 4, 1, 6), (4, 6, 1, 0), (4, 1, 1, 0), (4, 4, 1, 0), (4, 6, 1, 6), (4, 4, 1, 0), (4, 6, 1, 0), (4, 4, 5, 0), (4, 6, 1, 0), (4, 1, 1, 0), (4, 6, 5, 6), (4, 1, 1, 0), (4, 1, 1, 6), (4, 4, 1, 0)]"
"(5, 2, 26, 15, 0)","[(3, 4, 5, 0)]"
"(5, 2, 26, 20, 0)","[(3, '?', 5, 2), (3, 1, 1, 2), (3, 1, 1, 2), (3, 6, 1, 2), (3, 6, 1, 2)]"
"(5, 2, 26, 22, 0)","[(3, 1, 1, '?'), (3, 4, 1, '?'), (3, 1, 1, '?'), (3, 4, 1, '?'), (3, 1, 1, '?'), (3, 4, 1, '?'), (3, 1, 1, '?')]"
"(5, 2, 27, 2, 0)","[(0, 4, 5, 0), (0, 4, 1, 6), (0, 6, 1, 6), (0, 4, 1, 6), (0, 1, 1, 6), (0, 1, 5, 6)]"
"(5, 2, 27, 20, 0)","[(0, 4, 1, 2), (0, 1, 1, 2), (0, 1, 1, 2)]"
"(5, 2, 27, 22, 0)","[(0, 6, 1, '?'), (0, 1, 1, '?'), (0, 1, 1, '?'), (0, 4, 1, '?'), (0, 1, 1, '?')]"
"(5, 3, 2, 2, 0)","[(6, 1, 1, 0), (6, 1, 1, 0)]"
"(5, 3, 2, 22, 0)","[(6, 1, 1, '?')]"
"(5, 3, 2, 25, 0)","[(5, 4, 5, 0)]"
"(5, 3, 4, 20, 0)","[(6, 5, 1, 2), (6, 5, 1, 2), (6, 0, 1, 2), (6, 0, 1, 2), (6, 0, 1, 2), (6, 0, 1, 2), (6, 0, 1, 2)]"
"(5, 3, 4, 21, 0)","[(5, 0, 1, '?'), (5, 0, 1, '?'), (5, 0, 1, '?'), (5, 0, 1, '?'), (5, 0, 1, '?'), (5, 0, 1, '?')]"
"(5, 3, 4, 22, 0)","[(6, 5, 1, '?')]"
"(5, 3, 4, 25, 0)","[(5, 0, 1, 6), (5, 5, 1, 6), (5, 5, 1, 6), (5, 0, 1, 6), (5, 0, 1, 6)]"
"(5, 3, 5, 2, 0)","[(6, 2, 5, 6), (6, '?', 5, 0), (6, 4, 5, 6), (6, 2, 5, 6), (6, 6, 5, 6), (6, 4, 5, 0), (6, 4, 5, 6), (6, '?', 5, 6), (6, 4, 5, 0), (6, 3, 5, 0), (6, '?', 5, 6), (6, 6, 5, 6), (6, 4, 5, 0), (6, '?', 5, 6), (6, 4, 5, 0), (6, 3, 5, 0), (6, 4, 5, 0), (6, 3, 5, 0), (6, '?', 5, 0), (6, 4, 5, 0), (6, '?', 5, 0), (6, 4, 5, 6), (6, 4, 5, 0), (6, 6, 5, 0), (6, 4, 5, 0), (6, '?', 5, 6), (6, 4, 5, 6)]"
"(5, 3, 5, 4, 0)","[(6, 5, 5, 0), (6, 5, 5, 0), (6, 5, 5, 0), (6, 5, 5, '?'), ('?', 0, 5, 0), ('?', 0, 5, 0), (6, 0, 5, '?'), (6, 0, 5, 0), (6, 0, 5, 0), (6, 5, 5, 0), (6, 0, 5, 0)]"
"(5, 3, 5, 5, 0)","[(6, '?', 5, '?'), (6, '?', 5, '?'), (6, 0, 5, '?'), (6, 4, 5, '?'), (6, 2, 5, '?'), (6, 4, 5, 4), (6, 4, 5, '?')]"
"(5, 3, 5, 20, 0)","[(6, 0, 5, 2), (6, 4, 5, 2), (6, 0, 5, 2), (6, 4, 5, 2)]"
"(5, 3, 5, 21, 0)","[(5, 0, 5, '?'), (5, 2, 5, '?')]"
"(5, 3, 5, 22, 0)","[(6, '?', 5, '?'), (6, 2, 5, 6), (6, 0, 5, '?'), (6, 0, 5, 5), (6, 4, 5, '?'), (6, 4, 5, '?'), (6, '?', 5, '?'), (6, 2, 5, '?'), (6, 5, 5, '?'), (6, 5, 5, '?'), (6, 4, 5, 4), (6, 0, 5, '?')]"
"(5, 3, 5, 25, 0)","[(5, 2, 5, 0), (4, 0, 5, 0), (5, 3, 5, 0), (4, 5, 5, 0), (5, 4, 5, 0), (4, 0, 5, 0)]"
"(5, 3, 6, 2, 0)","[(6, 7, 1, 0), (6, 3, 1, 0), (6, 7, 1, 0), (6, 7, 1, 6), (6, 3, 1, 6), (6, 7, 1, 6), (6, 3, 1, 0), (6, 2, 1, 6), (6, 3, 1, 6), (6, 3, 1, 6), (6, 2, 1, 0), (6, 3, 1, 6), (6, 2, 1, 6), (6, 3, 1, 0), (6, 3, 1, 0)]"
"(5, 3, 6, 5, 0)","[('?', 2, 5, '?')]"
"(5, 3, 6, 21, 0)","[(5, 2, 1, '?'), (5, 7, 1, '?')]"
"(5, 3, 6, 22, 0)","[(6, 7, 1, '?'), (6, 2, 1, '?')]"
"(5, 3, 6, 25, 0)","[(5, 2, 1, 0), (5, 3, 1, 6), (5, 3, 1, 6), (5, 7, 1, 6), (5, 2, 1, 6), (5, 7, 5, 6), (5, 3, 1, 6), (5, 3, 1, 6), (5, 7, 1, 6), (5, 3, 1, 0), (5, 3, 1, 0), (5, 7, 1, 6)]"
"(5, 3, 15, 25, 0)","[(5, '?', 1, 6)]"
"(5, 3, 16, 2, 0)","[(5, 1, 1, 1)]"
"(5, 3, 16, 4, 0)","[(5, 5, 1, 1), (5, 0, 5, 1), (5, 0, 5, 1), (5, 0, 5, 1), (5, 0, 5, 1), (5, 0, 5, 1), (5, 5, 5, 1), (5, 0, 5, 5), (5, 5, 1, 1), (5, 5, 1, 1), (5, 0, 1, 1), (5, 5, 5, 5), (5, 0, 1, 1), (5, 5, 1, 1)]"
"(5, 3, 16, 6, 0)","[(5, 3, 1, 5), (5, 3, 5, 1), (5, 7, 1, 1), (5, 2, 1, 1), (5, 3, 5, 1), (5, 7, 1, 5), (5, 3, 1, 5), (5, 3, 1, 5), (5, 7, 1, 1), (5, 2, 1, 1), (5, 2, 1, 1), (5, 2, 1, 1), (5, 7, 5, 1), (5, 7, 5, 1)]"
"(5, 3, 16, 16, 0)","[(5, 3, 5, 1), (5, 2, 5, 1)]"
"(5, 3, 16, 20, 0)","[(5, 7, 5, 1), (5, 4, 1, 1), (5, 4, 1, 1), (5, 4, 1, 1)]"
"(5, 3, 16, 21, 0)","[(5, 2, 5, 5), (5, 4, 1, 5), (5, 1, 1, 5), (5, '?', 1, 5), (5, 3, 1, 5)]"
"(5, 3, 16, 22, 0)","[(5, 3, 1, 5)]"
"(5, 3, 20, 4, 0)","[(6, 0, 5, 1), (6, 5, 5, 1), (5, 0, 5, 5), (6, 5, 5, 1), (6, 5, 5, 1), (6, 5, 5, 1), (6, 5, 5, 1), (6, 5, 5, 1)]"
"(5, 3, 20, 5, 0)","[(6, '?', 5, 1), (6, 6, 5, 1), (6, 2, 5, 1), (6, 0, 5, 1), (6, 6, 5, 5), (6, 6, 5, 5), (6, 6, 5, 5), (6, 7, 5, 1), (6, 2, 5, 1), (6, 2, 5, 1), (6, 7, 5, 1), (6, 4, 5, 1), (6, 6, 5, 1)]"
"(5, 3, 20, 6, 0)","[(6, 7, 1, 1), (6, 3, 1, 1)]"
"(5, 3, 20, 20, 0)","[(6, 7, 1, 1), (6, '?', 1, 1), (6, 7, 1, 1), (6, 7, 5, 1), (6, '?', 5, 1), (6, '?', 5, 1), (6, '?', 5, 1), (6, 1, 1, 1), (6, 3, 1, 1)]"
"(5, 3, 20, 21, 0)","[(5, '?', 1, 5), (5, 1, 1, 5), (5, '?', 1, 5), (5, 1, 1, 5), (5, '?', 1, 5), (5, 4, 1, 5)]"
"(5, 3, 20, 22, 0)","[(6, 1, 1, '?'), (6, 6, 1, 5)]"
"(5, 3, 20, 25, 0)","[(5, 1, 1, 1)]"
"(5, 3, 22, 2, 0)","[(6, 3, 1, 6), (6, 2, 1, 6), (6, 7, 1, 0), (6, 3, 1, 0), (6, 2, 1, 0), (6, 2, 1, 0), (6, 2, 1, 6), (6, '?', 1, 6), (6, 1, 1, 6), (6, 1, 1, 0), (6, '?', 1, 6), (6, 4, 1, 0), (6, 2, 1, 6), (6, 4, 1, 0), (6, 4, 1, 6), (6, 3, 1, 0), (6, 6, 1, 0), (6, 1, 1, 6), (6, 6, 1, 0), (6, 3, 1, 0), (6, '?', 1, 0), (6, 3, 1, 0), (6, 3, 1, 6)]"
"(5, 3, 22, 4, 0)","[(6, 0, 1, 6), (6, 0, 1, 6), (6, 0, 1, 6)]"
"(5, 3, 22, 20, 0)","[(6, 5, 1, 2)]"
"(5, 3, 22, 21, 0)","[(5, '?', 1, '?')]"
"(5, 3, 22, 22, 0)","[(6, 5, 1, '?'), (6, '?', 1, '?'), (6, 2, 1, '?'), (6, 2, 1, 6), (6, 2, 1, '?'), (6, 2, 1, '?'), (6, '?', 1, '?'), (6, '?', 1, '?'), (6, 5, 1, '?'), (6, 2, 1, '?')]"
"(5, 3, 22, 25, 0)","[(5, '?', 1, 0), (5, 4, 1, 0), (5, 4, 1, 0), (5, 4, 1, 0), (5, 5, 1, 0)]"
"(5, 3, 23, 4, 0)","[(5, 0, 5, '?')]"
"(5, 4, 4, 22, 0)","[(3, 0, 1, '?')]"
"(5, 4, 4, 26, 0)","[(3, 0, 5, '?'), (3, 5, 1, 5)]"
"(5, 4, 5, 2, 0)","[('?', 5, 5, 0), ('?', 0, 5, 6), (3, 5, 5, 0), ('?', 5, 5, 0), ('?', 0, 5, 0), ('?', 5, 5, 0), ('?', 5, 5, 0), ('?', 5, 5, 6), ('?', 0, 5, 6), ('?', 5, 5, 0), ('?', 0, 5, 0), ('?', 0, 5, 6), ('?', 5, 5, 6), ('?', 5, 5, 6)]"
"(5, 4, 5, 4, 0)","[(4, 5, 5, 1)]"
"(5, 4, 5, 5, 0)","[(3, 0, 5, '?'), ('?', 0, 5, '?'), ('?', 0, 5, '?')]"
"(5, 4, 5, 8, 0)","[(1, 5, 5, 0), (1, 5, 5, 0), (1, 0, 5, 6), (1, 0, 5, 6)]"
"(5, 4, 5, 10, 0)","[(1, 5, 5, '?'), (1, 5, 5, '?')]"
"(5, 4, 5, 11, 0)","[(2, 0, 5, '?'), (2, 5, 5, '?')]"
"(5, 4, 5, 20, 0)","[('?', 0, 5, 2), (0, 5, 5, 2), ('?', 0, 5, 2), ('?', 0, 5, 2), ('?', 5, 5, 2), ('?', 5, 5, 2), ('?', 5, 5, 2), ('?', 5, 5, 2), ('?', 0, 5, 2), ('?', 0, 5, 2), ('?', 5, 5, 2), ('?', 5, 5, 2), ('?', 0, 5, 2)]"
"(5, 4, 5, 21, 0)","[(4, 5, 5, 1), (4, 0, 5, 5), (4, 5, 5, 1), (4, 0, 5, '?'), (4, 5, 5, 5), (4, 0, 5, 5), (4, 5, 5, '?'), (4, 0, 5, '?')]"
"(5, 4, 5, 22, 0)","[('?', 0, 5, '?'), (0, 5, 5, 5), ('?', 5, 5, 5), ('?', 5, 5, 5), ('?', 5, 5, 5), (0, 5, 5, 5), ('?', 0, 5, '?'), ('?', 0, 5, '?')]"
"(5, 4, 5, 25, 0)","[(1, 5, 5, 0), (4, 0, 5, 6), (4, 0, 5, 0), (4, 0, 5, 0), (4, 0, 5, 6)]"
"(5, 4, 5, 27, 0)","[(0, 5, 5, '?'), (0, 5, 5, 5)]"
"(5, 4, 8, 2, 0)","[(1, 5, 1, 0), (1, 5, 1, 0), (1, 5, 1, 6), (1, 5, 1, 6), (1, 5, 1, 6)]"
"(5, 4, 8, 8, 0)","[(1, 5, 5, 0), (1, 0, 5, 6), (1, 5, 5, '?'), (1, 5, 1, 6)]"
"(5, 4, 8, 10, 0)","[(1, 5, 1, '?'), (1, 5, 1, 1)]"
"(5, 4, 10, 4, 0)","[(1, 5, 1, 1)]"
"(5, 4, 10, 10, 0)","[(1, 5, 1, 5), (1, 0, 1, 5), (1, 5, 1, 5), (1, 5, 1, 5), (1, 5, 1, 5), (1, 5, 1, 1), (1, 5, 1, '?'), (1, 5, 1, 5), (1, 5, 1, 5), (1, 5, 1, '?'), (1, 5, 1, '?'), (1, 0, 1, 5), (1, 5, 1, 1)]"
"(5, 4, 10, 16, 0)","[(1, 5, 5, 2), (1, 0, 1, 2)]"
"(5, 4, 10, 20, 0)","[(1, 0, 5, 2), (1, 0, 1, 2), (1, 0, 1, 2), (1, 0, 1, 2), (1, 0, 1, 2), (1, 0, 1, 2)]"
"(5, 4, 10, 22, 0)","[(1, 5, 1, 1), (1, 5, 1, 5)]"
"(5, 4, 11, 5, 0)","[(2, 5, 5, '?')]"
"(5, 4, 11, 11, 0)","[(2, 5, 1, '?'), (2, 0, 1, '?'), (2, 5, 5, '?'), (2, 0, 1, '?'), (2, 5, 1, '?'), (2, 5, 1, 1), (2, 0, 1, '?'), (2, 0, 1, '?')]"
"(5, 4, 11, 20, 0)","[(2, 0, 1, 2), (2, 5, 1, 2), (2, 5, 1, 2), (2, 0, 1, 2), (2, 0, 1, 2), (2, 0, 1, 2), (2, 5, 1, 2)]"
"(5, 4, 15, 2, 0)","[(3, 5, 5, 6), (3, 5, 5, 6)]"
"(5, 4, 15, 15, 0)","[(3, 5, 1, 6), (3, 5, 1, 0), (3, 0, 1, 0), (3, 0, 5, 0), (3, 0, 5, 0), (3, 0, 5, '?'), (3, 5, 5, 0), (3, 5, 1, 0), (3, 0, 1, 6), (3, 0, 1, 0), (3, 5, 5, 6), (3, 5, 5, 6)]"
"(5, 4, 16, 21, 0)","[(5, 5, 1, 5), (4, 5, 5, 5)]"
"(5, 4, 16, 25, 0)","[(4, 0, 1, 1), (4, 0, 1, 1)]"
"(5, 4, 17, 2, 0)","[(2, 0, 1, 0), (2, 0, 5, 0), (2, 0, 1, 0), (2, 0, 1, 6), (2, 5, 1, 0), (2, 5, 1, 0), (2, 0, 1, 0)]"
"(5, 4, 17, 11, 0)","[(2, 0, 1, '?'), (2, 0, 1, '?'), (2, 5, 1, '?')]"
"(5, 4, 17, 12, 0)","[(2, 0, 1, '?')]"
"(5, 4, 17, 17, 0)","[(2, 0, 5, 6), (2, 0, 5, 0), (2, 0, 5, 0), (2, 5, 1, 0), (2, 5, 5, 0), (2, 0, 1, 6), (2, 5, 5, 0), (2, 0, 5, 6), (2, 5, 5, 0)]"
"(5, 4, 20, 4, 0)","[(0, 0, 5, 5)]"
"(5, 4, 20, 5, 0)","[(6, 0, 5, 5), ('?', 5, 5, 5), (6, 0, 5, 5), ('?', 0, 5, 5), (6, 0, 5, 5), (6, 5, 5, 5), ('?', 5, 5, 1), (6, 0, 5, 5), ('?', 5, 5, 5), (6, 0, 5, 5), ('?', 0, 5, 5), ('?', 5, 5, 5), (6, 5, 5, 5), ('?', 0, 5, 5), (6, 5, 5, 5), (6, 0, 5, 5)]"
"(5, 4, 20, 8, 0)","[(1, 0, 1, 1), (1, 5, 1, 1), (1, 0, 1, 1), (1, 0, 1, 1), (1, 0, 1, 1), (1, 0, 1, 1)]"
"(5, 4, 20, 10, 0)","[(1, 0, 5, 5), (1, 0, 5, 5), (1, 0, 5, 5), (1, 0, 1, 5), (1, 0, 1, 5), (1, 0, 1, 5), (1, 0, 5, 5), (1, 0, 1, 5), (1, 0, 5, 5)]"
"(5, 4, 20, 11, 0)","[(2, 0, 5, 5), (2, 0, 5, 5), (2, 0, 5, 5), (2, 0, 5, 5), (2, 0, 5, 5), (2, 0, 5, 5), (2, 0, 1, 5), (2, 0, 5, 5), (2, 0, 5, 5), (2, 0, 5, 5)]"
"(5, 4, 20, 15, 0)","[(3, 5, 1, 1), (3, 0, 1, 1), (3, 5, 5, 1), (3, 5, 1, 1), (3, 0, 1, 1), (3, 5, 1, 1), (3, 5, 1, 1)]"
"(5, 4, 20, 17, 0)","[(2, 0, 5, 1), (2, 5, 5, 1), (2, 0, 5, 1), (2, 5, 5, 1), (2, 5, 5, 1), (2, 5, 1, 1), (2, 5, 1, 1), (2, 0, 1, 1), (2, 0, 5, 1), (2, 0, 5, 1), (2, 0, 5, 1), (2, 5, 1, 1), (2, 5, 1, 1), (2, 0, 1, 1), (2, 0, 5, 1), (2, 5, 1, 1), (2, 5, 1, 1), (2, 0, 1, 1)]"
"(5, 4, 20, 20, 0)","[('?', 5, 5, 1), ('?', 5, 5, 1)]"
"(5, 4, 20, 21, 0)","[(4, 0, 5, 5), (4, 0, 1, 5), (4, 0, 1, 5), (4, 0, 1, 5), (4, 0, 1, 5), (4, 0, 1, 5), (4, 0, 1, 5), (4, 5, 5, 5), (4, 5, 5, 5), (4, 0, 1, 5)]"
"(5, 4, 20, 22, 0)","[('?', 0, 1, 5), (6, 0, 1, 5), ('?', 5, 1, 5), (6, 0, 1, 5), ('?', 0, 1, 5), (5, 5, 1, 5), ('?', 0, 1, 5), ('?', 5, 1, 5)]"
"(5, 4, 20, 25, 0)","[(4, 5, 5, 1), (4, 5, 5, 1)]"
"(5, 4, 20, 26, 0)","[(3, 5, 1, 5), (3, 0, 1, 5), (3, 0, 5, 5), (3, 5, 5, 5), (3, 5, 1, 5), (3, 5, 5, 5), (3, 0, 1, 2), (3, 5, 5, 5), (3, 0, 5, 5)]"
"(5, 4, 20, 27, 0)","[(0, 5, 5, 1), (0, 0, 1, 1), (0, 5, 1, 1), (0, 0, 5, 5), (0, 0, 5, 5), (0, 0, 5, 5), (0, 5, 1, 1), (0, 0, 5, 5), (0, 0, 1, 1), ('?', 0, 5, 5), (0, 5, 5, 1), (0, 0, 1, 1), (0, 0, 5, 1), (0, 0, 1, 1), (0, 0, 1, 5), (0, 5, 5, 1), (0, 0, 1, 5), (0, 5, 5, 5), (0, 5, 1, 1), (0, 5, 5, 1)]"
"(5, 4, 21, 5, 0)","[(4, 5, 5, 5), (4, 0, 5, '?')]"
"(5, 4, 21, 16, 0)","[(4, 0, 1, 2), (4, 0, 1, 2), (4, 0, 1, 2), (4, 5, 1, 2), (4, 5, 5, 2), (4, 0, 1, 2), (4, 0, 1, 1), (4, 5, 1, 2), (4, 5, 5, 2), (4, 5, 1, 2)]"
"(5, 4, 21, 21, 0)","[(4, 0, 1, 1), (4, 5, 5, '?'), (4, 5, 1, '?'), (4, 0, 1, 1), (4, 5, 1, 1), (4, 5, 5, 5), (4, 5, 1, 1), (4, 0, 1, 1), (4, 5, 1, '?'), (4, 0, 1, 1), (4, 5, 1, '?'), (4, 5, 5, '?'), (4, 5, 1, '?'), (4, 5, 1, '?'), (4, 5, 5, 5)]"
"(5, 4, 22, 2, 0)","[('?', 5, 1, 0), ('?', 5, 1, 0), ('?', 0, 1, 6), ('?', 0, 1, 6)]"
"(5, 4, 22, 11, 0)","[(2, 0, 5, '?')]"
"(5, 4, 22, 15, 0)","[(3, 5, 1, 0), (3, 5, 1, 0), (3, 0, 1, 6)]"
"(5, 4, 22, 17, 0)","[(2, 0, 1, 6)]"
"(5, 4, 22, 20, 0)","[('?', 5, 1, 2), ('?', 0, 1, 2), ('?', 0, 1, 2), ('?', 0, 1, 2), ('?', 5, 1, 2), ('?', 0, 1, 2), ('?', 5, 1, 2), ('?', 0, 1, 2), (6, 0, 1, 2), (3, 5, 1, 2), (6, 0, 1, 2)]"
"(5, 4, 22, 21, 0)","[(4, 5, 5, 5)]"
"(5, 4, 22, 22, 0)","[('?', 0, 1, 5), (0, 0, 1, 5), ('?', 0, 1, '?'), ('?', 5, 1, 5), ('?', 5, 1, '?'), ('?', 5, 1, '?'), ('?', 0, 1, '?'), ('?', 0, 1, '?')]"
"(5, 4, 22, 26, 0)","[(3, 5, 5, 5), (3, 0, 5, 5), (3, 5, 1, 5), (3, 0, 1, 5), (3, 0, 1, '?'), (3, 0, 1, '?')]"
"(5, 4, 24, 2, 0)","[('?', 0, 1, 6)]"
"(5, 4, 25, 25, 0)","[(4, 0, 5, 0), (4, 5, 1, 0), (4, 0, 1, 0), (4, 0, 1, 6), (4, 5, 1, 0), (4, 0, 1, 6), (4, 0, 1, 6)]"
"(5, 4, 26, 2, 0)","[(3, 5, 5, 6), (3, 5, 5, 6), (3, 0, 1, 6), (3, 5, 5, 6)]"
"(5, 4, 26, 5, 0)","[(3, 0, 5, '?')]"
"(5, 4, 26, 20, 0)","[(3, 5, 5, 2), (3, 0, 5, 2), (3, 0, 1, 2), (3, 5, 5, 2), (3, 0, 5, 2), (3, 0, 5, 2), (3, 0, 1, 2), (3, 5, 1, 2), (3, 0, 1, 2)]"
"(5, 4, 26, 22, 0)","[(3, 5, 1, 5), (3, 0, 1, 5), (3, 5, 1, 2), (3, 0, 1, 5), (3, 5, 1, 5)]"
"(5, 4, 27, 2, 0)","[(0, 0, 1, 6), (0, 0, 5, '?'), (0, 5, 5, 0), (0, 5, 5, 6), (0, 5, 5, 6), (0, 5, 5, 0), (0, 0, 1, 0), (0, 5, 1, 6), (0, 0, 1, 0), (0, 5, 5, 6), (0, 0, 1, 6), (0, 5, 5, 6), (0, 0, 1, 0), (0, 5, 5, 0), (0, 0, 1, 6), (0, 0, 5, 6), (0, 5, 5, 6), (0, 5, 5, 0), (0, 5, 1, 6), (0, 0, 5, 6), (0, 0, 1, '?'), (0, 0, 1, 0), (0, 0, 1, 6), (0, 0, 1, 0), (0, 0, 1, 6)]"
"(5, 4, 27, 4, 0)","[(0, 5, 1, 1)]"
"(5, 4, 27, 5, 0)","[(0, 0, 5, '?'), (0, 0, 5, '?'), (0, 5, 5, '?'), (0, 5, 5, '?'), (0, 5, 5, '?'), (0, 5, 5, '?')]"
"(5, 4, 27, 20, 0)","[(0, 5, 5, 2), (0, 0, 5, 2), (0, 5, 5, 2), (0, 5, 5, 2), (0, 5, 5, 2), (0, 5, 5, 2), (0, 5, 1, 1), (0, 5, 1, 1), (0, 0, 5, 2), (0, 0, 5, 2), (0, 0, 5, 2), (0, 0, 5, 2)]"
"(5, 4, 27, 22, 0)","[(0, 0, 1, 5), (0, 5, 5, '?'), (0, 5, 1, '?'), (0, 0, 1, 5), (0, 5, 1, '?'), (0, 5, 1, '?'), (0, 0, 1, '?')]"
"(5, 5, 2, 2, 0)","[(6, 6, 5, 6), ('?', 4, 5, 6), ('?', 1, 5, 0), ('?', 1, 5, 0), ('?', 6, 5, 0), ('?', 6, 5, 6), ('?', 1, 5, 0), ('?', 4, 5, 0), ('?', 6, 5, 6), (0, 1, 5, 0), ('?', 6, 5, 6), ('?', 1, 5, 0), ('?', 6, 5, 6), ('?', 1, 5, 0), ('?', 1, 5, 0), (0, 4, 5, 0), (0, 1, 5, 0), ('?', 4, 5, 0), ('?', 1, 5, 0), ('?', 6, 5, 0), ('?', 1, 5, 6), ('?', 4, 5, 6), ('?', 4, 5, 0), ('?', 1, 5, 6), ('?', 1, 5, 6), (0, 1, 5, 0), ('?', 4, 5, 6), ('?', 6, 5, 6), (1, 4, 5, 0), ('?', 1, 5, 6), ('?', 1, 5, 0), (0, 4, 5, 0)]"
"(5, 5, 2, 5, 0)","[('?', 1, 5, '?')]"
"(5, 5, 2, 8, 0)","[(1, 4, 5, 0), (1, 4, 5, 6), (1, 1, 5, 6), (1, 1, 5, 6), (1, 6, 5, '?'), (1, 6, 5, 0), (1, 4, 5, '?'), (1, 4, 5, 6), (1, 4, 5, 6), (1, 1, 5, 6), (1, 1, 5, 0), (1, 4, 5, 6), (1, 1, 5, 0), (1, 1, 5, 6), (1, 4, 5, 0), (1, 6, 5, 0)]"
"(5, 5, 2, 10, 0)","[(1, 1, 5, '?'), (1, 6, 5, '?'), (1, 4, 5, '?'), (1, 4, 5, '?'), (1, 6, 5, '?'), (1, 1, 5, '?'), (1, 6, 5, '?'), (1, 1, 5, 0), (1, 1, 5, 6), (1, 4, 5, '?'), (1, 1, 5, '?'), (1, 4, 5, '?'), (1, 1, 5, '?'), (1, 4, 5, '?'), (1, 6, 5, '?'), (1, 6, 5, '?'), (1, 4, 5, '?'), (1, 1, 5, '?'), (1, 1, 5, '?'), (1, 4, 5, '?'), (1, 6, 5, '?'), (1, 4, 5, '?'), (1, 1, 5, 6)]"
"(5, 5, 2, 11, 0)","[(2, 1, 5, 6), (2, 6, 5, '?'), (2, 1, 5, '?'), (2, 4, 5, 6), (2, 1, 5, '?'), (2, 1, 5, 6), (2, 1, 5, 6), (2, 4, 5, '?'), (2, 6, 5, '?'), (2, 1, 5, '?'), (2, 6, 5, '?'), (2, 4, 5, '?'), (2, 6, 5, '?'), (2, 4, 5, '?'), (2, 1, 5, '?'), (2, 1, 5, '?'), (2, 4, 5, '?')]"
"(5, 5, 2, 15, 0)","[(3, 4, 5, 0), (3, 1, 5, 0), (3, 1, 5, 0), (3, 4, 5, 0), (3, 1, 5, 0), (3, 1, 5, 0), (3, 4, 5, 0), (3, 4, 5, 6), (3, 1, 5, 0), (3, 4, 5, 6), (3, 4, 5, 6), (3, 4, 5, 0), (3, 4, 5, 0), (3, 4, 5, 0)]"
"(5, 5, 2, 16, 0)","[(1, 4, 5, 2), (4, 6, 5, 2), (4, 4, 5, 2), (1, 4, 5, 2), (1, 4, 5, 2), (1, 4, 5, 2), (4, 1, 5, 2), (4, 6, 5, 2), (1, 1, 5, 2), (4, 4, 5, 2), (1, 4, 5, 2), (1, 1, 5, 2), (4, 6, 5, 2), (1, 1, 5, 2), (1, 1, 5, 2), (4, 1, 5, 2), (1, 1, 5, 2), (1, 4, 5, 2), (1, 1, 5, 2), (1, 4, 5, 2)]"
"(5, 5, 2, 17, 0)","[(2, 4, 5, 0), (2, 4, 5, 6), (2, 6, 5, 6), (2, 4, 5, 6), (2, 6, 5, 6), (2, 6, 5, 6), (2, 6, 5, 6), (2, 1, 5, 6), (2, 6, 5, 6), (2, 1, 5, 6), (2, 6, 5, 6)]"
"(5, 5, 2, 20, 0)","[(3, 1, 5, 2), (2, 1, 5, 2), ('?', 4, 5, 2), ('?', 4, 5, 2), ('?', 6, 5, 2), ('?', 1, 5, 2), ('?', 6, 5, 2), (6, 4, 5, 2), ('?', 1, 5, 2), (3, 1, 5, 2), (2, 1, 5, 2), ('?', 4, 5, 2), (3, 4, 5, 2), ('?', 4, 5, 2), (3, 4, 5, 2), (3, 4, 5, 2), ('?', 1, 5, 2), ('?', 6, 5, 2), ('?', 4, 5, 2), (2, 1, 5, 2), ('?', 6, 5, 2)]"
"(5, 5, 2, 21, 0)","[(4, 1, 5, 0), (4, 4, 5, '?'), (4, 4, 5, '?'), (4, 4, 5, '?'), (4, 4, 5, '?'), (4, 4, 5, '?')]"
"(5, 5, 2, 22, 0)","[('?', 1, 5, 6), ('?', 6, 5, '?'), ('?', 6, 5, '?'), ('?', 1, 5, '?'), ('?', 6, 5, '?'), (0, 1, 5, '?'), ('?', 6, 5, '?'), ('?', 1, 5, 6), ('?', 1, 5, '?'), ('?', 1, 5, '?'), (0, 1, 5, 6), ('?', 1, 5, '?'), ('?', 6, 5, '?'), (0, 1, 5, '?'), ('?', 6, 5, '?')]"
"(5, 5, 2, 25, 0)","[(4, 4, 5, 0), (4, 6, 5, 6), (4, 6, 5, 6), (4, 1, 5, 0), (4, 1, 5, 0), (4, 1, 5, 0), (4, 6, 5, 6)]"
"(5, 5, 2, 26, 0)","[(3, 6, 5, '?'), (3, 4, 5, '?'), (3, 6, 5, '?'), (3, 4, 5, '?'), (3, 4, 5, '?'), (3, 4, 5, '?'), (3, 4, 5, '?')]"
"(5, 5, 2, 27, 0)","[(0, 1, 5, 6), (0, 1, 5, '?'), (0, 1, 5, 6)]"
"(5, 5, 4, 2, 0)","[(1, 0, 5, 0), (1, 5, 5, 0), ('?', 0, 5, 0), ('?', 0, 5, 0), ('?', 0, 5, 6), ('?', 0, 5, 6), ('?', 0, 5, 0), ('?', 0, 5, 6), ('?', 5, 5, 6), ('?', 0, 5, 6), (3, 5, 5, 0), (0, 5, 5, 0), (3, 5, 5, 0), ('?', 5, 5, 0), ('?', 0, 5, 0), (0, 5, 5, 0), ('?', 5, 5, 6), (1, 0, 5, 0), (1, 0, 5, 0), (1, 5, 5, 0), (1, 0, 5, 0)]"
"(5, 5, 4, 8, 0)","[(1, 0, 5, 0), (1, 0, 5, 6), (1, 0, 5, 0), (1, 0, 5, 6), (1, 0, 5, 6), (1, 0, 5, 0), (1, 0, 5, 6), (1, 0, 5, 0)]"
"(5, 5, 4, 10, 0)","[(1, 5, 5, '?'), (1, 5, 5, '?'), (1, 0, 5, '?'), (1, 5, 5, '?'), (1, 5, 5, '?'), (1, 5, 5, '?')]"
"(5, 5, 4, 11, 0)","[(2, 5, 5, '?'), (2, 0, 5, '?')]"
"(5, 5, 4, 15, 0)","[(3, 5, 5, 0), (3, 0, 5, 0), (3, 5, 5, 6), (3, 0, 5, 0), (3, 5, 5, 0), (3, 5, 5, 6), (3, 0, 5, 0)]"
"(5, 5, 4, 17, 0)","[(2, 0, 5, 6), (2, 0, 5, 0), (2, 0, 5, 0), (2, 0, 5, 0), (2, 0, 5, 0), (2, 5, 5, 0), (2, 0, 5, 6), (2, 5, 5, 0), (2, 5, 5, 0)]"
"(5, 5, 4, 20, 0)","[('?', 5, 5, 2), (1, 5, 5, 2), ('?', 0, 5, 2), (3, 0, 5, 2), ('?', 0, 5, 2), (3, 0, 5, 2), (3, 5, 5, 2)]"
"(5, 5, 4, 21, 0)","[(4, 0, 5, '?')]"
"(5, 5, 4, 22, 0)","[('?', 0, 5, '?'), (2, 5, 5, '?'), ('?', 0, 5, '?'), (0, 5, 5, 5), ('?', 0, 5, '?')]"
"(5, 5, 4, 25, 0)","[(4, 5, 5, 0), (4, 5, 5, 0), (4, 0, 5, 0), (4, 5, 5, 0), (4, 0, 5, 6), (4, 5, 5, 0), (4, 0, 5, 6), (4, 0, 5, 6), (4, 0, 5, 6), (4, 5, 5, 0), (4, 0, 5, 0), (4, 5, 5, 0), (4, 0, 5, 0), (4, 5, 5, 0), (4, 5, 5, 0), (4, 0, 5, 6), (4, 0, 5, 6)]"
"(5, 5, 4, 26, 0)","[(3, 0, 5, '?'), (3, 0, 5, '?')]"
"(5, 5, 5, 2, 0)","[(6, 7, 5, 0), (6, 7, 5, 6), (6, 4, 5, 0), (6, 4, 5, 0), (1, 5, 5, 0), (6, 2, 5, 6)]"
"(5, 5, 5, 4, 0)","[('?', 5, 5, 0)]"
"(5, 5, 5, 5, 0)","[(6, 4, 5, '?'), ('?', '?', 5, '?')]"
"(5, 5, 5, 6, 0)","[(3, 3, 5, '?')]"
"(5, 5, 5, 20, 0)","[('?', 3, 5, 2), (6, 7, 5, 2)]"
"(5, 5, 5, 22, 0)","[(0, 6, 5, '?'), ('?', 6, 5, '?'), ('?', '?', 5, '?'), (6, 2, 5, '?'), (6, 2, 5, 6), ('?', '?', 5, '?')]"
"(5, 5, 5, 25, 0)","[(4, 0, 5, 0)]"
"(5, 5, 5, 27, 0)","[(0, 4, 5, '?'), (0, 7, 5, '?'), (0, 6, 5, '?')]"
"(5, 5, 6, 2, 0)","[('?', 3, 5, 6), (6, 7, 5, 6), (1, 7, 5, 6), ('?', 3, 5, 6), ('?', 7, 5, 6), ('?', 7, 5, 6), (1, 7, 5, 6), ('?', 3, 5, 6), ('?', 2, 5, 0), ('?', 2, 5, 6), ('?', 2, 5, 0), ('?', 7, 5, 0), (1, 7, 5, 0), ('?', 2, 5, 0), ('?', 2, 5, 0), ('?', 7, 5, 0), ('?', 2, 5, 6), ('?', 7, 5, 6), ('?', 2, 5, 6), ('?', 7, 5, 6)]"
"(5, 5, 6, 3, 0)","[(4, 7, 5, 6), (4, 7, 5, '?')]"
"(5, 5, 6, 5, 0)","[(0, 7, 5, '?')]"
"(5, 5, 6, 8, 0)","[(1, 7, 5, 6), (1, 3, 5, 0), (1, 7, 5, 6), (1, 3, 5, 0), (1, 7, 5, 6), (1, 2, 5, 6), (1, 7, 5, 0)]"
"(5, 5, 6, 10, 0)","[(1, 3, 5, '?'), (1, 3, 5, '?'), (1, 2, 5, 6), (1, 7, 5, '?'), (1, 7, 5, '?'), (1, 7, 5, '?'), (1, 7, 5, '?'), (1, 7, 5, '?'), (1, 7, 5, '?')]"
"(5, 5, 6, 11, 0)","[(2, 7, 5, 6), (2, 7, 5, 0), (2, 7, 5, 6), (2, 7, 5, 6), (2, 7, 5, 0), (2, 7, 5, 0), (2, 2, 5, 0), (2, 2, 5, 6)]"
"(5, 5, 6, 13, 0)","[(6, 7, 5, 6)]"
"(5, 5, 6, 15, 0)","[(3, 7, 5, 6), (3, 2, 5, 0), (3, 7, 5, 6), (3, 7, 5, 0), (3, 2, 5, 6), (3, 7, 5, 6), (3, 2, 5, 0), (3, 2, 5, 6), (3, 3, 5, 0), (3, 2, 5, 6), (3, 3, 5, 0), (3, 2, 5, 6), (3, 3, 5, 6), (3, 7, 5, 6), (3, 3, 5, 6)]"
"(5, 5, 6, 16, 0)","[(1, 7, 5, 2)]"
"(5, 5, 6, 17, 0)","[(2, 3, 5, 6), (2, 3, 5, 6), (2, 3, 5, 6), (2, 3, 5, 6), (2, 3, 5, 6)]"
"(5, 5, 6, 20, 0)","[('?', 2, 5, 2), (3, 2, 5, 2), ('?', 3, 5, 2)]"
"(5, 5, 6, 21, 0)","[(4, 7, 5, '?')]"
"(5, 5, 6, 22, 0)","[('?', 3, 5, '?'), (0, 7, 5, 6), ('?', 3, 5, '?'), ('?', 2, 5, '?'), ('?', 3, 5, '?')]"
"(5, 5, 6, 25, 0)","[(1, 2, 5, 6), (4, 2, 5, 0), (4, 3, 5, 0), (5, 3, 5, 0), (4, 7, 5, 0)]"
"(5, 5, 6, 26, 0)","[(3, 3, 5, '?'), (3, 7, 5, '?'), (3, 7, 5, '?'), (3, 3, 5, '?'), (3, 7, 5, '?'), (3, 7, 5, '?'), (3, 3, 5, '?'), (3, 7, 5, '?'), (3, 2, 5, '?'), (3, 7, 5, 0), (3, 7, 5, 0), (3, 7, 5, '?')]"
"(5, 5, 8, 2, 0)","[(1, 7, 5, 6), (1, '?', 5, 0)]"
"(5, 5, 8, 10, 0)","[(1, 4, 5, '?')]"
"(5, 5, 8, 20, 0)","[(1, 0, 5, 2), (1, '?', 5, 2)]"
"(5, 5, 10, 2, 0)","[(1, 0, 5, 0), (1, 2, 5, 6), (1, 4, 5, 6), (1, 7, 5, 0), (1, 7, 5, 6), (1, 0, 5, 6), (1, 4, 5, 0), (1, '?', 5, 0), (1, 4, 5, 6)]"
"(5, 5, 10, 10, 0)","[(1, 3, 5, '?'), (1, 0, 5, '?'), (1, 3, 5, '?'), (1, 3, 5, '?'), (1, 0, 5, '?'), (1, 0, 5, '?')]"
"(5, 5, 10, 16, 0)","[(1, 5, 5, 2)]"
"(5, 5, 10, 20, 0)","[(1, 5, 5, 2), (1, 5, 5, 2), (1, '?', 5, 2), (1, 5, 5, 2), (1, '?', 5, 2), (1, '?', 5, 2), (1, 5, 5, 2), (1, '?', 5, 2), (1, 0, 5, 2), (1, 0, 5, 2), (1, '?', 5, 2), (1, '?', 5, 2), (1, '?', 5, 2), (1, '?', 5, 2)]"
"(5, 5, 11, 11, 0)","[(2, 3, 5, 6), (2, 3, 5, '?'), (2, '?', 5, '?'), (2, 6, 5, '?'), (2, '?', 5, '?'), (2, 7, 5, 0), (2, '?', 5, '?'), (2, 1, 5, 6), (2, 0, 5, '?'), (2, '?', 5, '?'), (2, '?', 5, '?'), (2, '?', 5, '?'), (2, 2, 5, 6), (2, 0, 5, '?'), (2, '?', 5, '?'), (2, '?', 5, '?'), (2, 3, 5, '?'), (2, 4, 5, '?'), (2, '?', 5, 6), (2, 1, 5, 6), (2, 2, 5, 6), (2, 5, 5, '?'), (2, '?', 5, '?'), (2, 7, 5, 3), (2, 4, 5, 4), (2, '?', 5, '?')]"
"(5, 5, 11, 17, 0)","[(2, 3, 5, 0), (2, 4, 5, 0), (2, 3, 5, 6), (2, 6, 5, 6), (2, 4, 5, 6), (2, 0, 5, 6)]"
"(5, 5, 11, 20, 0)","[(2, '?', 5, 2), (2, 2, 5, 2), (2, '?', 5, 2), (2, 6, 5, 2), (2, 3, 5, 2), (2, 2, 5, 2), (2, '?', 5, 2), (2, 3, 5, 2), (2, '?', 5, 2), (2, 2, 5, 2), (2, 1, 5, 2), (2, 2, 5, 2), (2, 1, 5, 2), (2, 3, 5, 2), (2, '?', 5, 2), (2, '?', 5, 2), (2, 6, 5, 2), (2, 6, 5, 2), (2, '?', 5, 2), (2, 6, 5, 2), (2, 6, 5, '?')]"
"(5, 5, 15, 2, 0)","[(3, '?', 5, 6), (3, 2, 5, 0)]"
"(5, 5, 15, 6, 0)","[(3, 2, 5, 6), (7, 2, 5, 0)]"
"(5, 5, 15, 15, 0)","[(3, 6, 5, '?')]"
"(5, 5, 16, 8, 0)","[(1, 2, 5, 1)]"
"(5, 5, 16, 20, 0)","[(4, 7, 5, 1), (5, '?', 5, 1), (4, '?', 5, 1)]"
"(5, 5, 16, 25, 0)","[(4, 5, 5, 1), (4, 5, 5, 1)]"
"(5, 5, 17, 2, 0)","[(2, '?', 5, 0), (2, '?', 5, 0), (2, '?', 5, 6), (2, 6, 5, 6), (2, '?', 5, 6), (2, 5, 5, 0), (2, '?', 5, 0)]"
"(5, 5, 17, 17, 0)","[(2, '?', 5, 0), (2, '?', 5, 0), (2, '?', 5, 0), (2, 6, 5, 0), (2, 4, 5, 0), (2, '?', 5, 0), (2, '?', 5, 6), (2, 4, 5, 0), (2, 4, 5, 0), (2, '?', 5, 6), (2, 2, 5, 0), (2, 3, 5, 0), (2, 4, 5, 0), (2, 4, 5, 6), (2, 1, 5, 6), (2, 3, 5, 0), (2, 1, 5, 6), (2, 6, 5, 6), (2, '?', 5, 6), (2, 4, 5, 6), (2, 6, 5, 0), (2, '?', 5, 6), (2, 4, 5, 6), (2, '?', 5, 6)]"
"(5, 5, 20, 2, 0)","[(6, 4, 5, 5), (6, 4, 5, 1), (0, 1, 5, 1), (0, 1, 5, 1), (0, 4, 5, 1), ('?', 4, 5, 1)]"
"(5, 5, 20, 4, 0)","[('?', 5, 5, 1), (6, 0, 5, 5)]"
"(5, 5, 20, 5, 0)","[(0, 2, 5, 1), (0, '?', 5, 1), (0, 1, 5, 1), (6, 4, 5, 5), ('?', 7, 5, 5), ('?', '?', 5, 1), (0, 1, 5, 1), ('?', '?', 5, 5), (0, 4, 5, 1), ('?', 6, 5, 5), ('?', 1, 5, 5), ('?', '?', 5, 1), ('?', 7, 5, 5), ('?', 2, 5, 5), (0, 6, 5, 1), (6, 7, 5, 1), ('?', 6, 5, 1), (6, '?', 5, 5), (6, 4, 5, 5), (0, 4, 5, 1), (6, 4, 5, 5), ('?', '?', 5, 1), (6, 4, 5, 5)]"
"(5, 5, 20, 6, 0)","[('?', 3, 5, 5), ('?', 7, 5, 5), (3, 7, 5, 1)]"
"(5, 5, 20, 8, 0)","[(1, 7, 5, 1), (1, 6, 5, 1), (1, 4, 5, 1), (1, 7, 5, 1), (1, 3, 5, 1), (1, 4, 5, 1), (1, 7, 5, 1), (1, 7, 5, 1), (1, 3, 5, 1), (1, 2, 5, 1), (1, 6, 5, 1), (1, 6, 5, 1), (1, 4, 5, 1), (1, 7, 5, 1), (1, 4, 5, 1)]"
"(5, 5, 20, 10, 0)","[(1, '?', 5, 5), (1, '?', 5, 5), (1, '?', 5, 5)]"
"(5, 5, 20, 11, 0)","[(2, 1, 5, 5), (2, 0, 5, 5), (2, 4, 5, 5)]"
"(5, 5, 20, 15, 0)","[(3, 2, 5, '?'), (3, 5, 5, 1), (3, 2, 5, 1), (3, 7, 5, 1), (3, 7, 5, 1), (3, 5, 5, 1), (3, 3, 5, 1), (3, 7, 5, 1), (3, '?', 5, 1)]"
"(5, 5, 20, 16, 0)","[(7, 2, 5, 1)]"
"(5, 5, 20, 17, 0)","[(2, 4, 5, 1), (2, 7, 5, 1), (2, '?', 5, 1), (2, 1, 5, 1), (2, 0, 5, 1), (2, 4, 5, 5), (2, 1, 5, 1), (2, 7, 5, 1), (2, 4, 5, 1), (2, 4, 5, 1), (2, '?', 5, 1), (2, 6, 5, 1), (2, 0, 5, 1), (2, 1, 5, 1), (2, 2, 5, 1), (2, 4, 5, 1), (2, '?', 5, 1), (2, 4, 5, 1)]"
"(5, 5, 20, 20, 0)","[(0, 7, 5, 1), ('?', 0, 5, 1), (0, 1, 5, 1), (0, '?', 5, 1), (0, 2, 5, 1), ('?', '?', 5, 1), ('?', 4, 5, 1), ('?', 0, 5, 1), ('?', 7, 5, 1), (0, 7, 5, 1), ('?', 2, 5, 1), ('?', '?', 5, 1), ('?', 5, 5, 1), (0, 7, 5, 1), ('?', 2, 5, 1), ('?', 0, 5, 1), (1, 3, 5, 1), (0, 7, 5, 1), ('?', 4, 5, 1), ('?', 6, 5, 1), ('?', '?', 5, 1), (0, 7, 5, 1), ('?', 4, 5, 1), ('?', 0, 5, 1), (1, 7, 5, 1), (0, 2, 5, 1)]"
"(5, 5, 20, 21, 0)","[(4, 1, 5, 5), (4, 7, 5, 5), (4, 7, 5, 5), (4, 6, 5, 5), (4, 2, 5, 5), (4, 1, 5, 5), (4, 6, 5, 5), (4, 2, 5, 5), (4, 6, 5, 5), (4, 2, 5, 5), (5, 1, 1, 5), (4, 2, 5, 5), (4, 1, 5, 5), (4, 6, 5, 5)]"
"(5, 5, 20, 22, 0)","[('?', 2, 5, 5), ('?', '?', 5, 5), (6, 5, 5, 5), ('?', 6, 5, 5), (6, 0, 5, 5), ('?', '?', 5, 5), (6, 1, 5, 5), (6, 6, 5, 5), (0, 6, 5, 5), (6, '?', 5, 5), (6, 5, 5, 5), ('?', '?', 5, 5), ('?', 0, 5, 5), (6, 6, 5, 5), (6, 4, 5, 5), (6, '?', 5, 5), (6, 7, 5, 5), (0, 1, 5, 5), ('?', 6, 5, 5), (6, 1, 5, 5), ('?', '?', 5, 5), (6, '?', 5, 5), ('?', 1, 5, 5), (6, '?', 5, 5), (0, 6, 5, 5), ('?', '?', 5, 5), ('?', '?', 5, 5), (3, 4, 5, 5), (0, 7, 5, 5), (0, '?', 5, 5), (0, 7, 5, 5), (0, 1, 5, 5), ('?', 2, 5, 5), ('?', '?', 5, 5), (6, 6, 5, 5), (6, '?', 5, 5), (0, 4, 5, 5)]"
"(5, 5, 20, 25, 0)","[(4, 7, 5, 1), (4, 2, 5, 1), (4, 3, 5, 1), (4, 4, 5, 1), (4, 2, 5, 1), (4, 4, 5, 1), (4, 7, 5, 1), (4, 4, 5, 1), (4, '?', 5, 1), (4, 4, 5, 1), (4, 2, 5, 1), (4, 2, 5, 1), (4, 7, 5, 1), (4, '?', 5, 1), (4, 7, 5, 1), (4, 2, 5, 1), (4, 4, 5, 1)]"
"(5, 5, 20, 26, 0)","[(3, 1, 5, 5), (7, 4, 5, 5), (3, 1, 5, 5), (3, 4, 5, 5), (3, 4, 5, 5), (3, 1, 5, 5), (3, 4, 5, 5), (3, 1, 5, 5)]"
"(5, 5, 20, 27, 0)","[(0, 1, 5, 5), (0, 2, 5, 5), (0, 1, 5, 5), (0, '?', 5, 1), (0, 2, 5, 5), (0, 2, 5, 5), (0, 4, 5, 5), (0, '?', 5, 5), (0, '?', 5, 5), (0, '?', 5, 5), (0, '?', 5, 5), (0, 2, 5, 5), (0, 5, 5, 1), (0, 6, 5, 5), (0, 4, 5, 1), (0, 5, 5, 1), (0, 7, 5, 5), (0, '?', 5, 5), (0, 6, 5, 1), (0, 6, 5, 1), (0, 1, 5, 5), (0, 2, 5, 5), (0, 6, 5, 1), (0, '?', 5, 5), (0, 7, 5, 1), (0, 2, 5, 1), (0, 5, 5, 1), (0, 7, 5, 5), (0, 7, 5, 5), (0, 2, 5, 5), (0, '?', 5, 5), (0, 6, 5, 5), (0, 1, 5, 5), (0, 0, 5, 1)]"
"(5, 5, 21, 3, 0)","[(4, '?', 5, '?')]"
"(5, 5, 21, 16, 0)","[(4, 7, 5, 2), (4, 7, 5, 2), (4, 1, 5, 2), (4, 5, 5, 2), (4, 1, 5, 2), (4, 7, 5, 2), (4, 5, 5, 2), (4, 4, 5, 2), (4, 7, 5, 2), (4, 4, 5, 2), (4, 6, 5, 2), (4, 1, 5, 2), (4, 6, 5, 2), (4, 7, 5, 2), (4, 5, 5, 2), (4, 6, 5, 2), (4, 1, 5, 2)]"
"(5, 5, 21, 21, 0)","[(4, 0, 5, '?'), (4, 1, 5, 5), (4, 5, 5, '?'), (4, 0, 5, 5), (4, 6, 5, 5), (4, 0, 5, 5), (4, 1, 5, 0), (4, '?', 5, '?'), (4, 5, 5, '?'), (4, '?', 5, '?'), (4, 2, 5, '?'), (4, 0, 5, 5), (4, 2, 5, '?'), (4, 0, 5, 5), (4, 4, 5, '?'), (4, 2, 5, '?'), (4, 4, 5, '?'), (4, 0, 5, 5), (4, '?', 5, '?')]"
"(5, 5, 22, 2, 0)","[('?', 3, 5, 6), ('?', 1, 5, 6), ('?', '?', 5, 6), (6, 4, 5, 6), ('?', '?', 5, 6), ('?', 6, 5, 0), ('?', '?', 5, 6), ('?', '?', 5, 0), ('?', 2, 5, 0), ('?', 3, 5, 6), ('?', 5, 5, 0), ('?', 7, 5, 6), ('?', 1, 5, 6), (6, 4, 5, 6), (6, 7, 5, 0), ('?', 2, 5, 6), ('?', '?', 5, 0), ('?', '?', 5, 0), ('?', 2, 5, 6), ('?', 0, 5, 0), ('?', '?', 5, 0), (0, 4, 5, 0), (1, 4, 5, 0), ('?', '?', 5, 0), ('?', '?', 5, 0), ('?', '?', 5, 6), (0, 4, 5, 6), ('?', '?', 5, 0), ('?', '?', 5, 6), ('?', '?', 5, 6), ('?', 6, 5, 0), (0, 4, 5, 0), (1, 0, 5, 6), ('?', '?', 5, 0), (6, 4, 5, 6), ('?', 2, 5, 6), ('?', '?', 5, 0), ('?', 2, 5, 0)]"
"(5, 5, 22, 6, 0)","[('?', 7, 5, 0)]"
"(5, 5, 22, 8, 0)","[(1, 4, 5, 0), (1, 4, 5, 6), (1, 3, 5, 0), (1, '?', 5, 0), (1, 1, 5, 6), (1, 7, 5, 0), (1, '?', 5, 0), (1, '?', 5, 0), (1, 1, 5, 0), (1, 4, 5, 0)]"
"(5, 5, 22, 10, 0)","[('?', 3, 5, '?')]"
"(5, 5, 22, 11, 0)","[(2, 5, 5, '?'), (2, 2, 5, 0), (2, 0, 5, '?'), (2, 2, 5, 6)]"
"(5, 5, 22, 15, 0)","[(3, 2, 5, 0), (3, 7, 5, 6), (3, 7, 5, 0), (3, '?', 5, 6), (3, 2, 5, 6), (3, '?', 5, 6), (3, 3, 5, 0), (3, 2, 5, 6), (3, 4, 5, 6), (3, 7, 5, 0), (3, 2, 5, 0), (3, '?', 5, 6), (3, 2, 5, 6), (3, '?', 5, 6), (3, '?', 5, 6), (3, '?', 5, 6), (3, 7, 5, 6)]"
"(5, 5, 22, 17, 0)","[(2, 3, 5, 0), (2, 0, 5, 0), (2, 2, 5, 0)]"
"(5, 5, 22, 20, 0)","[('?', 7, 5, 2), ('?', 0, 5, 2), (0, 2, 5, 2), ('?', 3, 5, 2), ('?', '?', 5, 2), ('?', 6, 5, 2), (6, 7, 5, 2), ('?', 1, 5, 2), ('?', '?', 5, 2), ('?', 3, 5, 2), (3, '?', 5, 2), ('?', 3, 5, 2), ('?', 7, 5, 2), ('?', 5, 5, 2), ('?', 6, 5, 2), ('?', 7, 5, 2), ('?', '?', 5, 2), ('?', 2, 5, 2), ('?', '?', 5, 2), ('?', 2, 5, 2), ('?', '?', 5, 2), (3, 3, 5, 2), (3, 0, 5, 2), ('?', '?', 5, 2), (3, 0, 5, 2), (3, 5, 5, 2), (6, 4, 5, 2), ('?', 2, 5, 2), ('?', 7, 5, 2), ('?', 2, 5, 2), (3, 3, 5, 2), ('?', '?', 5, 2), ('?', 6, 5, 2), ('?', '?', 1, 2), (6, 2, 5, 2), ('?', '?', 5, 2), ('?', 4, 5, 2), ('?', 3, 5, 2)]"
"(5, 5, 22, 21, 0)","[(4, 2, 5, '?'), (4, 7, 5, 6), (4, '?', 5, '?'), (4, '?', 5, '?'), (4, '?', 5, '?'), (4, '?', 5, '?'), (4, 7, 5, '?'), (4, '?', 5, '?'), (4, 2, 5, 6), (4, 2, 5, '?'), (4, '?', 5, '?')]"
"(5, 5, 22, 22, 0)","[('?', 2, 5, '?'), ('?', 2, 5, '?'), ('?', 0, 5, 5), (0, 7, 5, 0), ('?', 0, 5, 5), (6, 7, 5, 6), (0, 7, 5, 0), ('?', 2, 5, '?'), ('?', '?', 5, '?'), ('?', '?', 5, '?'), (0, 1, 5, '?'), ('?', '?', 5, '?'), (0, 0, 5, 5), (0, 1, 5, '?'), ('?', 2, 5, '?'), ('?', '?', 5, '?')]"
"(5, 5, 22, 25, 0)","[(4, 2, 5, 6), (4, 3, 5, 6), (4, 3, 5, 6), (4, 7, 5, 0), (4, 6, 5, 6), (4, 3, 5, 0), (4, 4, 5, 0), (4, 2, 5, 0), (4, 1, 5, 0), (4, '?', 5, 6), (4, 6, 5, 6), (4, 2, 5, 0), (4, 3, 5, 0), (4, 6, 5, 6), (4, 3, 5, 0), (4, 7, 5, 0), (4, 7, 5, 0), (4, 1, 5, 0), (4, '?', 5, 6), (4, 2, 5, 0), (1, '?', 5, 0), (5, 2, 1, 0), (4, 3, 5, 6), (4, 4, 5, 0), (4, '?', 5, 6), (4, '?', 5, 6)]"
"(5, 5, 22, 26, 0)","[(3, '?', 5, '?'), (3, 2, 5, '?'), (3, 2, 5, '?'), (3, 2, 5, '?'), (3, '?', 5, '?'), (3, '?', 5, '?'), (3, '?', 5, '?'), (3, 4, 5, '?'), (3, 2, 5, '?'), (3, 7, 5, '?'), (3, 0, 5, '?')]"
"(5, 5, 22, 27, 0)","[(0, 1, 5, '?'), (0, 4, 5, '?'), (0, 0, 5, 5)]"
"(5, 5, 24, 2, 0)","[(6, 2, 5, 6), (6, 7, 5, 0), (6, 7, 5, 6)]"
"(5, 5, 25, 2, 0)","[(4, 4, 5, 0), (4, 7, 5, 0), (4, 2, 5, 0)]"
"(5, 5, 25, 25, 0)","[(4, 7, 5, 0), (4, 7, 5, 0), (4, 2, 5, 0), (4, 3, 5, 0), (4, 6, 5, 6), (5, 2, 5, 0), (4, '?', 5, 6), (4, '?', 5, 6), (4, 2, 5, 0), (4, '?', 5, 6)]"
"(5, 5, 26, 2, 0)","[(7, 2, 5, 6), (7, 2, 5, 6)]"
"(5, 5, 26, 4, 0)","[(3, 0, 5, 0), (3, 0, 5, 0), (3, 5, 5, 0), (3, 0, 5, 0), (3, 5, 5, 0)]"
"(5, 5, 26, 6, 0)","[(3, '?', 5, '?')]"
"(5, 5, 26, 20, 0)","[(3, 3, 5, 2), (3, 1, 5, 2), (3, 2, 5, 2), (3, 5, 5, 2), (3, 5, 5, 2), (3, '?', 5, 2), (3, 1, 5, 2), (3, '?', 5, 2), (3, 4, 5, 2), (3, 3, 5, 2), (3, '?', 5, 2), (3, 1, 5, 2), (3, '?', 5, 2), (3, 1, 5, 2), (3, 4, 5, 2), (3, 4, 5, 2), (3, 5, 5, 2)]"
"(5, 5, 26, 22, 0)","[(3, 2, 5, '?'), (3, 2, 5, '?')]"
"(5, 5, 26, 26, 0)","[(3, 4, 5, '?'), (3, 7, 5, 6), (3, '?', 5, '?')]"
"(5, 5, 27, 2, 0)","[(0, 6, 5, 6), (0, 5, 5, 6), (0, 6, 5, 6), (0, '?', 5, 0), (0, '?', 5, 6), (0, 7, 5, 6), (0, '?', 5, 6), (0, 4, 5, 6), (0, 7, 5, 6), (0, 2, 5, 0), (0, 2, 5, 0), (0, 0, 5, 6), (0, 7, 5, 6), (0, 7, 5, 0), (0, 5, 5, 6), (0, '?', 5, 6), (0, 6, 5, 6), (0, 7, 5, 6), (0, '?', 5, 6), (0, 2, 5, 0), (0, '?', 5, 0), (0, 0, 5, 6), (0, '?', 5, 6), (0, 2, 5, 0), (0, 2, 5, 0), (0, 2, 5, 0), (0, 4, 5, 0), (0, 1, 5, 0), (0, 1, 5, 0), (0, 4, 5, 6), (0, '?', 5, 0), (0, 5, 5, 6), (0, 0, 5, 6), (0, '?', 5, 6), (0, 3, 5, 0), (0, '?', 5, 0), (0, 1, 5, 6), (0, '?', 5, 6), (0, 4, 5, 0), (0, 5, 5, 0), (0, 0, 5, 6), (0, 5, 5, 6), (0, 6, 5, 6), (0, '?', 5, 6), (0, 0, 5, 6)]"
"(5, 5, 27, 4, 0)","[(0, 5, 5, 0), (0, 5, 5, 0)]"
"(5, 5, 27, 5, 0)","[(0, 4, 5, '?'), (0, 7, 5, '?'), (0, 7, 5, '?'), (0, 2, 5, '?')]"
"(5, 5, 27, 6, 0)","[(0, 7, 5, 0)]"
"(5, 5, 27, 20, 0)","[(0, 7, 5, 2), (0, 2, 5, 2), (0, 3, 5, 2), (0, 2, 5, 2), (0, 0, 5, 2), (0, 2, 5, 2), (0, 7, 5, 2), (0, 2, 5, 2), (0, '?', 5, 2), (0, 3, 5, 2), (0, 1, 5, 2), (0, 7, 5, 2), (0, 1, 5, 2), (0, 3, 5, 2), (0, '?', 5, 2), (0, '?', 5, 2), (0, 2, 5, 2), (0, 1, 5, 2), (0, 1, 5, 2), (0, '?', 5, 2), (0, '?', 5, 2), (0, '?', 5, 2), (0, 7, 5, 2), (0, 7, 5, 2)]"
"(5, 5, 27, 22, 0)","[(0, 0, 5, '?'), (0, 2, 5, '?'), (0, 6, 5, '?'), (0, 5, 5, '?'), (0, 3, 5, '?'), (0, 6, 5, '?'), (0, 3, 5, '?'), (0, 2, 5, '?'), (0, 6, 5, '?'), (0, 7, 5, 6), (0, 3, 5, '?'), (0, 3, 5, '?'), (0, 2, 5, '?'), (0, 0, 5, '?'), (0, 4, 5, '?'), (0, 6, 5, '?'), (0, 2, 5, '?'), (0, 1, 5, '?'), (0, 0, 5, '?'), (0, 4, 5, '?'), (0, 2, 5, '?'), (0, 2, 5, '?')]"
"(5, 6, 2, 2, 0)","[(3, 7, 1, 0), ('?', 3, 1, 6), ('?', 2, 1, 6), ('?', 7, 1, 6)]"
"(5, 6, 2, 15, 0)","[(3, 7, 5, 6), (3, 3, 1, 6), (3, 3, 1, 6), (3, 7, 5, 0), (3, 3, 5, 0), (3, 7, 1, 6), (3, 7, 1, 0), (3, 2, 1, 6), (3, 3, 1, 6), (3, 2, 1, 6), (3, 3, 1, 6), (3, 7, 1, 6), (3, 2, 1, 6), (3, 3, 5, 6)]"
"(5, 6, 2, 17, 0)","[(2, 3, 1, 0), (2, 3, 1, 6)]"
"(5, 6, 5, 2, 0)","[('?', 2, 5, 6), (1, 2, 5, 6), (0, 7, 5, 0), (3, 3, 5, 0), ('?', 3, 5, 6), (1, 2, 5, 6), ('?', 7, 5, 6), ('?', 3, 5, 6), ('?', 7, 5, 0), ('?', 7, 5, 0), ('?', 7, 5, 0), ('?', 3, 5, 6), (3, 3, 5, 6), ('?', 7, 5, 6), ('?', 3, 5, 6), ('?', 7, 5, 0), ('?', 7, 5, 0), ('?', 2, 5, 6), (0, 7, 5, 6), ('?', 7, 5, 6), ('?', 2, 5, 6), ('?', 7, 5, 0)]"
"(5, 6, 5, 8, 0)","[(1, 2, 5, 6), (1, 7, 5, 0), (1, 3, 5, 0), (1, 7, 5, 0), (1, 3, 5, 0), (1, 3, 5, 0), (1, 7, 5, 6), (1, 2, 5, 6)]"
"(5, 6, 5, 10, 0)","[(1, 3, 5, '?'), (1, 3, 5, '?'), (1, 3, 5, '?'), (1, 7, 5, '?'), (1, 7, 5, '?'), (1, 7, 5, 5), (1, 3, 5, '?')]"
"(5, 6, 5, 11, 0)","[(2, 2, 5, 6), (2, 7, 5, 6), (2, 2, 5, 6), (2, 3, 5, '?'), (2, 3, 5, '?'), (2, 7, 5, 6), (2, 7, 5, 6), (2, 7, 5, 6), (2, 3, 5, '?'), (2, 2, 5, 6)]"
"(5, 6, 5, 15, 0)","[(3, 2, 5, 0), (3, 7, 5, 6), (3, 2, 5, 6), (3, 2, 5, '?'), (3, 2, 5, 0), (3, 2, 5, 0), (3, 7, 5, 0), (3, 3, 5, 6), (3, 3, 5, 0)]"
"(5, 6, 5, 16, 0)","[(1, 7, 5, 2), (4, 7, 5, 2), (1, 7, 5, 2), (1, 7, 5, 2), (1, 7, 5, 2), (1, 7, 5, 2)]"
"(5, 6, 5, 17, 0)","[(2, 7, 5, 0), (2, 3, 5, 0), (2, 3, 5, 6), (2, 2, 5, 0), (2, 7, 5, 6), (2, 3, 5, 0), (2, 3, 5, 0), (2, 2, 5, 6), (2, 7, 5, 0), (2, 2, 5, 0)]"
"(5, 6, 5, 20, 0)","[(2, 3, 5, 2), ('?', 3, 5, 2), (3, 2, 5, 2), (3, 2, 5, 2), ('?', 2, 5, 2), ('?', 3, 5, 2), (3, 3, 5, 2), (3, 3, 5, 2), (3, 2, 5, 2), (2, 3, 5, 2), (3, 3, 5, 2), ('?', 3, 5, 2), ('?', 7, 5, 2), ('?', 2, 5, 2), (3, 2, 5, 2), (3, 2, 5, 2), ('?', 7, 5, 2), ('?', 2, 5, 2), (3, 2, 5, 2), (6, 7, 5, 2), (2, 2, 5, 2)]"
"(5, 6, 5, 21, 0)","[(4, 7, 5, '?'), (4, 7, 5, '?'), (4, 7, 5, 6), (4, 7, 5, '?'), (4, 7, 5, 6), (4, 2, 5, '?'), (4, 7, 5, '?'), (4, 7, 5, '?')]"
"(5, 6, 5, 22, 0)","[('?', 3, 5, '?'), ('?', 3, 5, '?'), ('?', 3, 5, '?'), ('?', 3, 5, '?'), (3, 7, 5, '?')]"
"(5, 6, 5, 24, 0)","[(4, 7, 5, 6)]"
"(5, 6, 5, 25, 0)","[(4, 3, 5, 6), (4, 3, 5, 6), (4, 3, 5, 6), (4, 3, 5, 6), (4, 3, 5, 6), (4, 2, 5, 6), (4, 3, 5, 0), (4, 7, 5, 6), (4, 7, 5, 0), (4, 2, 5, 6), (4, 2, 5, 0)]"
"(5, 6, 5, 26, 0)","[(3, 3, 5, '?'), (3, 3, 5, '?'), (3, 2, 5, '?'), (3, 7, 5, '?')]"
"(5, 6, 5, 27, 0)","[(0, 7, 5, '?'), (0, 7, 5, '?')]"
"(5, 6, 6, 2, 0)","[(3, 7, 1, 0)]"
"(5, 6, 6, 10, 0)","[(1, 7, 1, '?'), (1, 3, 1, '?')]"
"(5, 6, 6, 11, 0)","[(2, 7, 1, '?'), (2, 3, 5, '?'), (2, 7, 1, '?')]"
"(5, 6, 6, 20, 0)","[('?', 7, 1, 2), ('?', 3, 5, 2)]"
"(5, 6, 6, 21, 0)","[(4, 3, 1, '?'), (4, 7, 1, '?'), (4, 7, 1, '?')]"
"(5, 6, 6, 22, 0)","[(6, 7, 1, 6), ('?', 2, 1, '?')]"
"(5, 6, 6, 26, 0)","[(3, 7, 1, '?')]"
"(5, 6, 8, 2, 0)","[(1, 3, 1, 6), (1, 7, 1, 0), (1, 7, 1, 6), (1, 3, 1, '?'), (1, 7, 1, 6), (1, 7, 1, 6), (1, 2, 1, 0), (1, 3, 1, '?'), (1, 2, 1, 0), (1, 2, 1, 6), (1, 2, 1, 6), (1, 7, 1, 0), (1, 2, 1, 6), (1, 3, 1, 6), (1, 3, 1, 6), (1, 2, 1, 6), (1, 7, 1, 0), (1, 7, 1, 6)]"
"(5, 6, 8, 8, 0)","[(1, 3, 1, 6), (1, 3, 1, 0), (1, 7, 1, 0), (1, 7, 1, 0), (1, 7, 1, 6), (1, 2, 1, 0), (1, 2, 1, 6), (1, 3, 1, 6), (1, 7, 1, 6), (1, 2, 1, 0), (1, 3, 1, 6)]"
"(5, 6, 8, 10, 0)","[(1, 7, 1, '?'), (1, 7, 1, '?'), (1, 7, 1, '?'), (1, 2, 1, '?'), (1, 7, 1, '?')]"
"(5, 6, 8, 20, 0)","[(1, 7, 1, 2), (1, 3, 1, 2), (1, 7, 1, 2)]"
"(5, 6, 10, 2, 0)","[(1, 3, 1, 0), (1, 2, 1, 6), (1, 7, 1, 0)]"
"(5, 6, 10, 10, 0)","[(1, 2, 1, '?'), (1, 2, 1, '?'), (1, 7, 1, '?'), (1, 7, 1, '?'), (1, 3, 1, '?'), (1, 2, 1, '?')]"
"(5, 6, 10, 16, 0)","[(1, 3, 1, 2), (1, 7, 1, 2)]"
"(5, 6, 10, 20, 0)","[(1, 3, 1, 2)]"
"(5, 6, 11, 11, 0)","[(2, 7, 1, 6), (2, 2, 1, 6), (2, 7, 1, 2), (2, 7, 1, 6), (2, 2, 1, 2), (2, 2, 1, 2), (2, 3, 1, '?'), (2, 2, 1, 6), (2, 7, 1, '?'), (2, 2, 1, 6)]"
"(5, 6, 11, 20, 0)","[(2, 3, 5, 2), (2, 7, 1, 2), (2, 2, 1, 2), (2, 2, 5, 2), (2, 7, 1, 2), (2, 2, 5, 2), (2, 2, 1, 2), (2, 2, 1, 2), (2, 2, 1, 2), (2, 7, 1, 2), (2, 2, 5, 2)]"
"(5, 6, 13, 2, 0)","[(6, 7, 1, 0)]"
"(5, 6, 15, 2, 0)","[(3, 2, 1, 6), (3, 7, 1, 6), (3, 2, 1, 6), (3, 2, 1, '?'), (3, 3, 5, 0), (3, 2, 1, 6)]"
"(5, 6, 15, 15, 0)","[(3, 2, 1, 6)]"
"(5, 6, 16, 8, 0)","[(1, 7, 5, 1), (1, 2, 5, 1), (1, 3, 1, 1)]"
"(5, 6, 16, 11, 0)","[(2, 3, 5, 5)]"
"(5, 6, 16, 16, 0)","[(4, 3, 5, 1)]"
"(5, 6, 16, 20, 0)","[(4, 3, 5, 1), (4, 7, 5, 1), (1, 2, 5, 1), (1, 3, 5, 1)]"
"(5, 6, 16, 21, 0)","[(4, 3, 5, 5), (4, 2, 5, 5), (4, 7, 5, 5), (4, 2, 5, 5), (4, 7, 1, 5), (4, 7, 5, 5)]"
"(5, 6, 16, 22, 0)","[(5, 7, 1, 5)]"
"(5, 6, 16, 25, 0)","[(4, 2, 5, 1), (4, 3, 5, 1), (4, 7, 5, 1), (4, 3, 5, 1), (4, 7, 5, 1), (4, 3, 1, 1)]"
"(5, 6, 17, 2, 0)","[(2, 3, 1, 6), (2, 2, 1, 0), (2, 3, 1, 6), (2, 2, 1, 6), (2, 3, 1, 6), (2, 7, 1, 0), (2, 2, 1, 6), (2, 3, 1, 6), (2, 3, 1, 6), (2, 7, 1, 6), (2, 3, 1, 0), (2, 3, 1, 0), (2, 7, 1, 0), (2, 7, 1, 0)]"
"(5, 6, 17, 11, 0)","[(2, 7, 1, 6)]"
"(5, 6, 17, 17, 0)","[(2, 2, 1, 6), (2, 2, 1, 0), (2, 2, 1, 0), (2, 7, 1, 0), (2, 3, 5, 0), (2, 7, 1, 6), (2, 3, 1, 0)]"
"(5, 6, 20, 5, 0)","[(2, 7, 5, 1), ('?', 2, 5, 5), ('?', 7, 5, 5), (6, 7, 5, 5), ('?', 2, 5, 5), ('?', 3, 5, 5), (6, 7, 5, 5), ('?', 3, 5, 5), (6, 7, 5, 5), ('?', 2, 5, 5), ('?', 2, 5, 1), ('?', 7, 5, 5), ('?', 7, 5, 5), ('?', 7, 5, 1), ('?', 2, 5, 5), ('?', 7, 5, 5), ('?', 3, 5, 5), (2, 2, 5, 1), ('?', 2, 5, '?'), (6, 7, 5, 1)]"
"(5, 6, 20, 8, 0)","[(1, 7, 1, 1), (1, 2, 1, 1), (1, 3, 1, 1), (1, 3, 1, 1), (1, 2, 1, 1)]"
"(5, 6, 20, 10, 0)","[(1, 2, 1, 5), (1, 2, 5, 5), (1, 7, 1, 5), (1, 3, 1, 5), (1, 3, 1, 5), (1, 2, 5, 5), (1, 2, 1, 5), (1, 3, 5, 5), (1, 3, 5, 5), (1, 7, 1, 5), (1, 3, 5, 5), (1, 3, 5, 5), (1, 2, 5, 5), (1, 7, 1, 5), (1, 7, 5, 5), (1, 2, 5, 5)]"
"(5, 6, 20, 11, 0)","[(2, 7, 1, 5), (2, 7, 1, 5), (2, 3, 1, 5), (2, 3, 1, 5), (2, 3, 1, 5), (2, 3, 5, 5), (2, 3, 1, 5), (2, 2, 5, 5), (2, 3, 1, 5), (2, 2, 5, 5), (2, 7, 1, 5), (2, 3, 1, 5), (2, 3, 1, 5), (2, 2, 5, 5)]"
"(5, 6, 20, 15, 0)","[(3, 3, 5, 1), (3, 2, 1, 1), (3, 3, 5, 1), (3, 2, 1, 1), (3, 7, 1, 1), (3, 7, 1, 1), (3, 3, 5, 1), (3, 2, 5, 1), (3, 2, 1, 1), (3, 2, 1, 1), (3, 3, 5, 1)]"
"(5, 6, 20, 17, 0)","[(2, 3, 1, 1), (2, 2, 1, 1), (2, 3, 1, 1), (2, 7, 1, 1), (2, 7, 5, 1), (2, 2, 1, 1), (2, 3, 1, 1), (2, 7, 1, 1), (2, 7, 5, 1), (2, 7, 1, 1), (2, 7, 5, 1), (2, 2, 1, 1), (2, 2, 5, 1), (2, 3, 1, 1), (2, 7, 1, 1), (2, 7, 5, 1)]"
"(5, 6, 20, 20, 0)","[('?', 2, 1, 1), ('?', 2, 5, 1), ('?', 7, 1, 1), ('?', 2, 1, 1), (0, 2, 1, 1)]"
"(5, 6, 20, 21, 0)","[(4, 3, 5, 5), (4, 7, 5, 5), (4, 7, 1, 5), (5, 7, 1, 5), (4, 7, 1, 5), (4, 7, 5, 5), (5, 7, 1, 5), (4, 3, 5, 5), (4, 7, 1, 5)]"
"(5, 6, 20, 22, 0)","[('?', 3, 1, 5), ('?', 3, 1, 5), ('?', 3, 1, 5), (5, 7, 1, 5), ('?', 7, 1, 5), (6, 7, 1, 5), (6, 7, 1, 5), (6, 2, 1, 5), ('?', 3, 1, 5), (6, 7, 1, 5), ('?', 3, 1, 5), (6, 2, 1, 5), (5, 7, 1, 5), ('?', 3, 1, 5), (6, 3, 1, 5), ('?', 7, 1, 5), (6, 3, 1, 5)]"
"(5, 6, 20, 25, 0)","[(4, 3, 1, 1), (4, 3, 1, 1), (4, 3, 1, 1)]"
"(5, 6, 20, 26, 0)","[(3, 2, 1, 5), (3, 2, 1, 5), (3, '?', 5, 5), (3, 2, 1, 5)]"
"(5, 6, 20, 27, 0)","[(0, 7, 5, 5), (0, 7, 1, 5), (0, 7, 1, 1), (0, 3, 1, 5), (0, 3, 1, 5), (0, 3, 1, 1), (0, 7, 5, 5), (0, 3, 1, 5), (0, 2, 5, 5), (0, 7, 1, 5), (0, 2, 1, 5), (0, 7, 1, 1), (0, 7, 1, 5), (0, 7, 1, 5), (0, 3, 1, 5)]"
"(5, 6, 21, 16, 0)","[(4, 7, 1, 2), (4, 7, 1, 2), (4, 7, 1, 2), (4, 7, 5, 2), (4, 7, 1, 2)]"
"(5, 6, 21, 21, 0)","[(4, 7, 1, 0), (4, 3, 1, '?'), (4, 7, 1, '?'), (4, 7, 1, '?'), (4, 7, 1, '?'), (4, 7, 5, 5), (4, 2, 1, '?')]"
"(5, 6, 22, 2, 0)","[('?', 2, 1, 0), ('?', 7, 1, 0), ('?', 7, 1, 6), ('?', 3, 1, 6), ('?', 2, 1, 6), ('?', 3, 1, 0), ('?', 3, 1, 6), ('?', 2, 1, 6), (6, 7, 1, 0), (3, 7, 1, 0), (3, 7, 1, 0), ('?', 2, 1, 0), ('?', 3, 1, 6), ('?', 2, 1, 6), ('?', 7, 1, 0), ('?', 2, 1, 0), ('?', 3, 1, 6), ('?', 7, 1, 6), ('?', 7, 1, 0), ('?', 7, 1, 0), ('?', 7, 1, 6), ('?', 7, 1, 0), (3, 7, 1, 0), ('?', 7, 1, 0), ('?', 2, 1, 6), ('?', 7, 1, 0), ('?', 3, 1, 0), ('?', 7, 1, 6), ('?', 7, 1, 0), ('?', 2, 1, 6), ('?', 3, 1, 6), ('?', 3, 1, 0), ('?', 3, 1, 6), ('?', 7, 1, 0), ('?', 7, 1, 0), (3, 7, 1, 0), ('?', 2, 1, 0), ('?', 2, 1, 0), ('?', 7, 1, 6), ('?', 7, 1, 6), ('?', 3, 1, 0), ('?', 2, 1, 6)]"
"(5, 6, 22, 3, 0)","[(4, 7, 1, 6)]"
"(5, 6, 22, 11, 0)","[(2, 2, 1, 6), (2, 7, 1, '?'), (2, 7, 1, 6), (2, 7, 1, '?'), (2, 2, 1, '?'), (2, 7, 1, 6), (2, 3, 1, '?'), (2, 3, 1, 6), (2, 7, 1, '?'), (2, 2, 1, '?'), (2, 7, 1, '?'), (2, 2, 1, '?'), (2, 3, 1, '?'), (2, 2, 1, '?'), (2, 7, 1, '?'), (2, 2, 1, '?')]"
"(5, 6, 22, 15, 0)","[(3, 3, 1, 6), (3, 7, 1, 6), (3, 3, 1, '?'), (3, 7, 1, 6)]"
"(5, 6, 22, 17, 0)","[(2, 7, 1, 0), (2, 3, 1, 6), (2, 2, 1, 6), (2, 2, 1, 0), (2, 3, 1, 6)]"
"(5, 6, 22, 20, 0)","[('?', 3, 1, 2), ('?', 2, 1, 2), ('?', 3, 1, 2), ('?', 2, 1, 2), ('?', 7, 5, 2), ('?', 2, 1, 2), (3, 2, 1, 2), ('?', 2, 1, 2), ('?', 3, 1, 2), ('?', 3, 1, 2), ('?', 2, 1, 2), ('?', 7, 1, 2), (3, 3, 1, 2), ('?', 3, 1, 2), ('?', 7, 1, 2), (3, 2, 1, 2), ('?', 3, 1, 2)]"
"(5, 6, 22, 21, 0)","[(4, 7, 1, 6), (4, 7, 1, 6)]"
"(5, 6, 22, 22, 0)","[('?', 2, 1, '?'), ('?', 2, 1, '?'), ('?', 7, 1, '?'), ('?', 7, 1, '?'), ('?', 7, 1, 6), (0, 7, 1, '?'), ('?', 7, 1, '?'), ('?', 2, 1, '?'), ('?', 7, 1, '?'), ('?', 7, 1, '?'), ('?', 2, 1, '?'), (6, 7, 1, '?')]"
"(5, 6, 22, 25, 0)","[('?', 2, 1, 0)]"
"(5, 6, 22, 26, 0)","[(3, 2, 1, '?'), (3, 2, 1, '?'), (3, 7, 1, 6), (3, 7, 1, 0), (3, 3, 1, '?'), (3, 3, 1, '?'), (3, 2, 1, 5), (3, 2, 1, '?'), (3, 7, 1, '?'), (3, 7, 1, '?'), (3, 7, 1, 6), (3, 7, 1, '?')]"
"(5, 6, 25, 25, 0)","[(4, 3, 1, 0), (4, 3, 1, 6), (4, 3, 5, 0), (4, 7, 1, 0), (4, 7, 1, 6), (4, 7, 1, 0), (4, 7, 5, 6), (4, 3, 1, 6), (4, 7, 5, 6), (4, 3, 1, 6), (4, 3, 1, 6), (4, 3, 1, 6), (4, 7, 1, 6)]"
"(5, 6, 26, 2, 0)","[(3, 7, 1, 0)]"
"(5, 6, 26, 20, 0)","[(3, 2, 1, 2), (3, 3, 1, 2), (3, 3, 1, 2), (3, 7, 1, 2), (3, 3, 1, 2), (3, 3, 1, 2), ('?', 7, 1, 2), (3, 7, 1, 2), (3, 2, 1, 2)]"
"(5, 6, 26, 22, 0)","[(3, 2, 1, 5)]"
"(5, 6, 27, 2, 0)","[(0, 3, 1, 6), (0, 2, 1, 0), (0, 3, 1, 6), (0, 2, 5, 0), (0, 7, 1, 6), (0, 7, 5, 0), (0, 3, 1, 6), (0, 7, 1, 0), (0, 3, 1, 6), (0, 7, 5, 6), (0, 2, 5, 0), (0, 7, 5, 0), (0, 7, 5, 6), (0, 7, 1, 0), (0, 3, 5, 0), (0, 3, 5, '?'), (0, 3, 5, 0), (0, 7, 5, 0), (0, 3, 5, 0), (0, 2, 1, 0), (0, 7, 5, 6), (0, 3, 1, 6), (0, 3, 1, 6), (0, 7, 1, 0), (0, 7, 1, 0), (0, 3, 1, 6), (0, 7, 1, 6), (0, 3, 5, 0), (0, 7, 1, 0)]"
"(5, 6, 27, 5, 0)","[(0, 3, 5, '?'), (0, 7, 5, '?'), (0, 7, 5, '?')]"
"(5, 6, 27, 20, 0)","[(0, 3, 5, 2), (0, 7, 5, 2), (0, 7, 1, 2), (0, 7, 5, 2), (0, 7, 1, 2), (0, 3, 5, 2), (0, 3, 1, 2), (0, 3, 1, 2), (0, 2, 5, 2), (0, 3, 5, 2), (0, 7, 1, 2), (0, 3, 5, 2), (0, 7, 1, 2), (0, 2, 1, 2), (0, 7, 5, 2), ('?', 3, 1, 2), (0, 7, 1, 2), (0, 3, 5, 2), (0, 3, 1, 2), (0, 7, 1, 2)]"
"(5, 6, 27, 22, 0)","[(0, 7, 1, '?'), (0, 7, 1, '?'), (0, 2, 1, '?'), (0, 2, 1, '?'), (0, 7, 1, '?'), (0, 2, 1, '?'), (0, 7, 1, '?'), (0, 2, 1, '?'), (0, 7, 1, 0)]"
"(5, 9, 4, 10, 0)","[(1, 5, 1, 4)]"
"(5, 9, 4, 21, 0)","[(4, 5, 1, 4)]"
"(5, 9, 6, 1, 0)","[(4, 7, 1, 7)]"
"(5, 9, 6, 2, 0)","[(6, 7, 1, 3), ('?', 7, 1, 3)]"
"(5, 9, 6, 9, 0)","[('?', 7, 1, 7)]"
"(5, 9, 6, 22, 0)","[('?', 7, 1, 4)]"
"(5, 9, 10, 10, 0)","[(1, 5, 1, 4)]"
"(5, 9, 21, 21, 0)","[(4, 2, 1, '?')]"
"(5, 9, 22, 21, 0)","[(4, 1, 1, 4), (4, 4, 1, 4)]"
"(5, 9, 22, 22, 0)","[('?', 6, 1, 4), (6, 1, 1, 4), (6, 7, 1, 4)]"
"(5, 10, 2, 2, 0)","[(1, 1, 1, 0)]"
"(5, 10, 2, 8, 0)","[(1, '?', 1, 6)]"
"(5, 10, 6, 16, 0)","[(1, 7, 1, 2)]"
"(5, 10, 10, 10, 0)","[(1, 6, 1, '?')]"
"(5, 10, 10, 20, 0)","[(1, '?', 1, 2), (1, 6, 1, 2), (1, 7, 1, 2), (1, 3, 1, 2), (1, 7, 1, 2)]"
"(5, 10, 20, 10, 0)","[(1, 7, 1, 5), (1, 3, 1, 5), (1, 7, 1, 5)]"
"(5, 10, 22, 2, 0)","[(1, 6, 1, 0)]"
"(5, 10, 22, 10, 0)","[(1, 3, 1, '?'), (1, 4, 1, '?'), (1, 1, 1, 6)]"
"(5, 10, 22, 16, 0)","[(1, '?', 1, 2), (1, '?', 1, 2), (1, 3, 1, 2)]"
"(5, 10, 22, 20, 0)","[(1, 6, 1, 2), (1, 7, 1, 2)]"
"(5, 10, 22, 22, 0)","[(1, 7, 1, '?')]"
"(5, 11, 4, 11, 0)","[(2, 5, 1, '?')]"
"(5, 11, 5, 20, 0)","[(2, 3, 5, 2), (2, '?', 5, 2), (2, 2, 5, 2)]"
"(5, 11, 6, 20, 0)","[(2, 7, 1, 2)]"
"(5, 11, 11, 11, 0)","[(2, 6, 1, '?')]"
"(5, 11, 11, 20, 0)","[(2, 2, 1, 2), (2, '?', 1, 2), (2, 7, 1, 2), (2, 4, 1, 2), (2, '?', 1, 2), (2, '?', 5, 2), (2, 7, 1, 2), (2, 7, 1, 2), (2, '?', 1, 2)]"
"(5, 11, 17, 17, 0)","[(2, 4, 5, 0)]"
"(5, 11, 20, 5, 0)","[(2, 4, 5, 5)]"
"(5, 11, 20, 11, 0)","[(2, 6, 1, 5), (2, '?', 1, 5), (2, 1, 1, 5), (2, 4, 1, 5), (2, 6, 5, 5), (2, 1, 5, 5), (2, '?', 1, 5), (2, 4, 1, 5), (2, 4, 1, 5)]"
"(5, 11, 22, 11, 0)","[(2, 3, 1, '?')]"
"(5, 11, 22, 20, 0)","[(2, 1, 1, 2)]"
"(5, 13, 2, 2, 0)","[(6, 1, 1, 0)]"
"(5, 13, 2, 22, 0)","[(6, 1, 1, '?')]"
"(5, 13, 4, 2, 0)","[(6, 0, 1, 6)]"
"(5, 13, 4, 20, 0)","[(6, 0, 1, 2)]"
"(5, 13, 4, 21, 0)","[(5, 5, 1, '?')]"
"(5, 13, 4, 22, 0)","[(6, 5, 1, 5), (6, 5, 1, '?'), (6, 5, 1, '?')]"
"(5, 13, 5, 5, 0)","[(6, 6, 5, '?'), (6, 2, 5, '?')]"
"(5, 13, 5, 20, 0)","[(6, 7, 5, 2), (6, 3, 5, 2), (6, 7, 5, 2)]"
"(5, 13, 6, 16, 0)","[(5, 7, 1, '?')]"
"(5, 13, 6, 20, 0)","[(6, 3, 1, 2), (6, 7, 1, 2), (6, 2, 1, 2), (6, 7, 1, 2), (6, 7, 5, 2), (6, 7, 1, 2), (6, 7, 1, 2), (6, 3, 1, 2), (6, 3, 5, 2), (6, 7, 1, 2)]"
"(5, 13, 6, 22, 0)","[(6, 7, 1, '?'), (6, 2, 1, '?')]"
"(5, 13, 6, 25, 0)","[(5, 3, 1, 0), (5, 3, 1, 6), (5, 3, 1, 0), (5, 3, 1, 6)]"
"(5, 13, 16, 2, 0)","[(5, 4, 5, 1)]"
"(5, 13, 16, 4, 0)","[(5, 5, 1, 1), (5, 5, 1, 1), (5, 0, 1, 1)]"
"(5, 13, 16, 6, 0)","[(5, 2, 1, 1), (5, 3, 1, 5)]"
"(5, 13, 20, 2, 0)","[(6, 4, 1, 1)]"
"(5, 13, 20, 4, 0)","[(5, 0, 5, 5), (6, 5, 1, 5), (5, 0, 5, 5), (5, 5, 5, 5), (5, 5, 1, 5)]"
"(5, 13, 20, 5, 0)","[(6, '?', 5, 5), (6, 6, 5, 5), (6, 6, 5, 5), (6, '?', 5, 5), (6, '?', 5, 1)]"
"(5, 13, 20, 6, 0)","[(6, 2, 1, 5), (6, 3, 1, 1), (6, 3, 1, 5), (5, 3, 1, 5), (6, 3, 1, 5), (5, 3, 1, 5), (6, 7, 1, 1)]"
"(5, 13, 20, 20, 0)","[(6, '?', 1, 1), (6, '?', 1, 1)]"
"(5, 13, 20, 21, 0)","[(5, 5, 5, 5), (5, 5, 1, 5), (5, '?', 1, 5), (5, 3, 1, 5)]"
"(5, 13, 20, 22, 0)","[(6, '?', 1, 5), (6, '?', 1, 5), (6, 4, 1, 5), (6, 4, 1, 5)]"
"(5, 13, 22, 2, 0)","[(6, '?', 1, 0), (6, '?', 1, 6), (6, 4, 1, 6), (6, 2, 1, 0)]"
"(5, 13, 22, 20, 0)","[(6, 7, 1, 2), (6, 5, 1, 2), (6, 2, 1, 2), (6, 0, 1, 2), (6, 3, 1, 2), (6, 2, 1, 2), (6, 2, 1, 2), (6, 7, 1, 2), (6, 2, 1, 2)]"
"(5, 13, 22, 22, 0)","[(6, 7, 1, '?')]"
"(5, 13, 22, 25, 0)","[(5, '?', 1, 0)]"
"(5, 14, 2, 11, 0)","[(2, 1, 5, 4)]"
"(5, 14, 2, 22, 0)","[(6, 4, 5, 4)]"
"(5, 14, 3, 5, 0)","[(6, '?', 5, 4)]"
"(5, 14, 4, 2, 0)","[('?', 5, 5, 3)]"
"(5, 14, 4, 15, 0)","[(3, 0, 5, '?')]"
"(5, 14, 6, 1, 0)","[(4, 7, 5, 7), (4, 7, 5, 7), (4, 7, 5, 7)]"
"(5, 14, 6, 2, 0)","[('?', 3, 5, '?')]"
"(5, 14, 6, 9, 0)","[('?', 7, 5, 7), (6, 7, 5, 7), (1, 7, 5, 7)]"
"(5, 14, 6, 11, 0)","[(2, 7, 5, 4), (2, 7, 5, 4), (2, 3, 5, '?'), (2, 3, 5, '?'), (2, 7, 5, 3), (2, 7, 5, 4), (2, 7, 5, 3)]"
"(5, 14, 6, 14, 0)","[('?', 7, 5, 7)]"
"(5, 14, 6, 17, 0)","[(2, 7, 5, 3), (2, 7, 5, 7), (2, 7, 5, 3), (2, 7, 5, 7), (2, 7, 5, 4)]"
"(5, 14, 11, 11, 0)","[(2, 0, 5, '?')]"
"(5, 14, 17, 17, 0)","[(2, 2, 5, 0)]"
"(5, 14, 20, 27, 0)","[(0, 0, 5, 1), (0, 2, 5, 1)]"
"(5, 14, 21, 21, 0)","[(4, 5, 5, '?')]"
"(5, 14, 22, 11, 0)","[(2, 7, 5, 4), (2, 7, 5, 4)]"
"(5, 14, 22, 21, 0)","[(4, 1, 5, 4)]"
"(5, 14, 22, 22, 0)","[(6, 4, 5, 4), ('?', 0, 5, '?')]"
"(5, 14, 27, 22, 0)","[(0, 3, 5, '?')]"
"(5, 15, 6, 5, 0)","[(7, 7, 5, 6)]"
"(5, 15, 16, 6, 0)","[(7, 7, 5, 1), (7, 7, 5, 1)]"
"(5, 15, 16, 20, 0)","[(7, 2, 5, 1), (7, 7, 5, 1)]"
"(5, 15, 20, 2, 0)","[(7, 4, 5, 1), (7, 1, 5, 1)]"
"(5, 15, 20, 4, 0)","[(7, 0, 5, 1)]"
"(5, 15, 20, 5, 0)","[(7, 2, 5, 1), (7, 0, 5, 1), (7, '?', 5, 1), (7, '?', 5, 1), (7, '?', 5, 1), (7, 2, 5, 1), (7, 4, 5, 1)]"
"(5, 15, 20, 6, 0)","[(7, 7, 5, 1)]"
"(5, 15, 20, 15, 0)","[(7, 2, 5, 1)]"
"(5, 15, 20, 20, 0)","[(7, 1, 5, 1), (7, 4, 1, 1), (7, 3, 5, 1), (7, 2, 5, 1)]"
"(5, 16, 2, 16, 0)","[(5, 1, 5, 1), (5, 1, 5, 1)]"
"(5, 16, 6, 25, 0)","[(4, 3, 1, 1)]"
"(5, 16, 16, 24, 0)","[(5, 0, 5, 1)]"
"(5, 16, 20, 3, 0)","[(5, 7, 1, 1)]"
"(5, 16, 20, 25, 0)","[(4, 3, 5, 1), (4, '?', 1, 1), (4, '?', 1, 1), (4, 3, 1, 1), (4, 3, 1, 1), (4, 3, 1, 1), (5, 1, 1, 1)]"
"(5, 16, 24, 16, 0)","[(5, 0, 5, 1), (5, 0, 1, 1)]"
"(5, 18, 4, 15, 0)","[(3, 0, 1, 1)]"
"(5, 18, 4, 22, 0)","[(3, 5, 1, 1), (3, 5, 1, 1)]"
"(5, 18, 4, 27, 0)","[(0, 5, 1, 1)]"
"(5, 18, 10, 10, 0)","[(1, 5, 1, 1)]"
"(5, 18, 20, 4, 0)","[(1, 0, 1, 1), (2, 0, 1, 1)]"
"(5, 18, 20, 8, 0)","[(1, '?', 1, 1), (1, '?', 1, 1)]"
"(5, 18, 20, 10, 0)","[(1, 0, 1, 1)]"
"(5, 18, 20, 15, 0)","[(7, 5, 1, 1), (3, 0, 1, 1)]"
"(5, 18, 20, 17, 0)","[(2, '?', 1, 1), (2, 0, 1, 1)]"
"(5, 18, 20, 20, 0)","[(0, 2, 1, 1)]"
"(5, 18, 21, 21, 0)","[(4, 5, 1, 1)]"
"(5, 18, 22, 15, 0)","[(3, 0, 1, 1), (3, 0, 1, 1)]"
"(5, 18, 27, 4, 0)","[(0, 0, 1, 1)]"
"(5, 18, 27, 22, 0)","[(0, 0, 1, 1), (0, 5, 1, 1)]"
"(5, 20, 2, 8, 0)","[(1, 1, 1, 1), (1, 6, 5, 1)]"
"(5, 20, 2, 15, 0)","[(3, 4, 1, 1)]"
"(5, 20, 2, 17, 0)","[(2, 4, 5, 1), (2, 4, 5, 1), (2, 4, 5, 1), (2, 1, 5, 1), (2, 1, 5, 1), (2, 6, 5, 1)]"
"(5, 20, 2, 20, 0)","[(3, 6, 1, 1), (6, 1, 1, 1)]"
"(5, 20, 2, 27, 0)","[(0, 1, 1, 1)]"
"(5, 20, 4, 15, 0)","[(3, 5, 5, 1), (3, 5, 5, 1), (3, 5, 1, 1), (3, 5, 5, 1)]"
"(5, 20, 4, 17, 0)","[(2, 0, 1, 1), (2, 5, 5, 1), (2, 0, 5, 1), (2, 5, 5, 1)]"
"(5, 20, 4, 20, 0)","[('?', 0, 5, 1), (3, 5, 1, 1), ('?', 0, 5, 1), (2, 0, 1, 1)]"
"(5, 20, 4, 27, 0)","[(0, 0, 5, 1)]"
"(5, 20, 5, 8, 0)","[(1, 6, 5, 1), (1, 3, 5, 1)]"
"(5, 20, 5, 15, 0)","[(3, 1, 5, 1), (3, 5, 5, 1), (3, 5, 5, 1), (3, '?', 5, 1)]"
"(5, 20, 5, 20, 0)","[(0, '?', 5, 1), (3, '?', 5, 1), ('?', 2, 5, 1), (0, 1, 5, 1), (0, '?', 5, 1), (3, 7, 5, 1), (0, 6, 5, 1), (3, 3, 5, 1), ('?', '?', 5, 1), (2, 5, 5, 1), (3, 5, 5, 1), (1, 6, 5, 1), ('?', 6, 5, 1), ('?', 4, 5, 1), (2, 2, 5, 1), ('?', 0, 5, 1), ('?', 7, 5, 1), ('?', 4, 5, 1), (1, 6, 5, 1), (3, 1, 5, 1), (3, 7, 5, 1), (1, 2, 5, 1), (3, '?', 5, 1), (0, 2, 5, 1), (6, 4, 5, 1), (0, 6, 5, 1), (1, 4, 5, 1), ('?', 4, 5, 1), ('?', 6, 5, 1), ('?', '?', 5, 1)]"
"(5, 20, 5, 25, 0)","[(4, 7, 5, 1), (4, 3, 5, 1), (4, 3, 5, 1)]"
"(5, 20, 6, 2, 0)","[(2, 2, 1, 1)]"
"(5, 20, 6, 5, 0)","[('?', 7, 5, 1)]"
"(5, 20, 6, 8, 0)","[(1, 2, 1, 1)]"
"(5, 20, 6, 15, 0)","[(3, 2, 5, 1)]"
"(5, 20, 6, 17, 0)","[(2, 2, 1, 1), (2, 3, 1, 1), (2, 2, 1, 1)]"
"(5, 20, 6, 20, 0)","[('?', 7, 5, 1), ('?', 3, 1, 1), ('?', 2, 1, 1), ('?', 3, 1, 1), ('?', 3, 1, 1)]"
"(5, 20, 6, 27, 0)","[(0, 3, 1, 1)]"
"(5, 20, 8, 2, 0)","[(1, 6, 1, 1), (1, 7, 1, 1)]"
"(5, 20, 8, 20, 0)","[(1, 2, 1, 1), (1, 7, 5, 1), (1, 7, 1, 1), (1, 7, 1, 1), (1, 7, 1, 1), (1, 6, 1, 1), (1, 7, 1, 1)]"
"(5, 20, 10, 2, 0)","[(1, 0, 1, 1), (1, 4, 1, 1), (1, '?', 1, 1), (1, 0, 1, 1)]"
"(5, 20, 10, 8, 0)","[(1, 3, 1, 1)]"
"(5, 20, 10, 20, 0)","[(1, 3, 5, 1), (1, 1, 1, 1), (1, 3, 1, 1), (1, 7, 1, 1), (1, 7, 1, 1), (1, 6, 1, 1), (1, '?', 1, 1), (1, 3, 1, 1)]"
"(5, 20, 11, 17, 0)","[(2, '?', 1, 1)]"
"(5, 20, 15, 4, 0)","[(3, 0, 1, 1), (3, 5, 1, 1)]"
"(5, 20, 15, 6, 0)","[(3, 2, 1, 1), (3, 2, 1, 1), (3, 3, 5, 1), (3, 3, 1, 1)]"
"(5, 20, 15, 20, 0)","[(3, 6, 1, 1), (3, 0, 1, 1), (3, 2, 5, 1), (3, 6, 1, 1), (3, 2, 5, 1), (3, 1, 1, 1), (3, 4, 1, 1), (3, 3, 5, 1), (3, 4, 5, 1), (3, 3, 1, 1), (3, '?', 1, 1), (3, '?', 5, 1), (3, 2, 1, 1), (3, 1, 1, 1), (3, 4, 5, 1), (3, 4, 1, 1), (3, '?', 5, 1), (3, 6, 1, 1), (3, '?', 1, 1), (3, 3, 5, 1), (3, 7, 1, 1), (3, '?', 5, 1), (3, 6, '?', 1), (3, 4, 5, 1), (3, 6, 1, 1), (3, 6, 1, 1), (3, 4, 5, 1), (3, 1, 5, 1), (3, 3, 1, 1), (3, 4, 5, 1), (3, 7, 1, 1), (3, '?', 1, 1), (3, 1, 1, 1), (3, '?', 1, 1), (3, 1, 1, 1), (3, 4, 1, 1), (3, '?', 1, 1), (3, 4, 1, 1), (3, 2, 5, 1), (3, '?', 1, 1), (3, 1, 1, 1), (3, 3, 1, 1), (3, 2, 1, 1), (3, 3, 1, 1)]"
"(5, 20, 17, 2, 0)","[(2, 3, 1, 1), (2, '?', 1, 1), (2, 6, 1, 1), (2, 6, 5, 1), (2, '?', 1, 1), (2, 4, 1, 1), (2, 2, 1, 1), (2, 7, 5, 1), (2, 6, 1, 1), (2, '?', 1, 1), (2, 6, 1, 1)]"
"(5, 20, 17, 5, 0)","[(2, 7, 5, 1), (2, 4, 5, 1), (2, 2, 5, 1), (2, '?', 5, 1), (2, 6, 5, 1)]"
"(5, 20, 17, 17, 0)","[(2, 4, 1, 1), (2, 0, 1, 1), (2, 0, 1, 1)]"
"(5, 20, 17, 20, 0)","[(2, '?', 1, 1), (2, 6, 1, 1), (2, 3, 1, 1), (2, 3, 1, 1), (2, 7, 1, 1), (2, '?', 1, 1), (2, 3, 1, 1), (2, 7, 1, 1), (2, 6, 5, 1)]"
"(5, 20, 20, 3, 0)","[(5, 1, 1, 1)]"
"(5, 20, 20, 4, 0)","[('?', 5, 5, 1)]"
"(5, 20, 20, 5, 0)","[('?', 7, 5, 1), ('?', 2, 5, 1)]"
"(5, 20, 20, 6, 0)","[('?', 7, 1, 1), (3, 2, 1, 1), ('?', 2, 1, 1)]"
"(5, 20, 20, 8, 0)","[(1, '?', 1, 1), (1, 2, 5, 1), (1, 4, 1, 1)]"
"(5, 20, 20, 15, 0)","[(3, '?', 1, 1), (3, 1, 1, 1), (3, 1, 1, 1), (3, 1, 5, 1)]"
"(5, 20, 20, 17, 0)","[(2, 2, 5, 1), (2, '?', 5, 1), (2, 4, 1, 1), (2, 1, 5, 1), (2, 7, 5, 1), (2, '?', 1, 1), (2, 6, 1, 1), (2, 6, 1, 1), (2, '?', 1, 1)]"
"(5, 20, 20, 20, 0)","[('?', '?', 1, 1), (6, 1, 1, 1), ('?', 3, 1, 1), ('?', '?', 1, 1), ('?', 6, 1, 1), ('?', 3, 1, 1), ('?', 0, 5, 1), ('?', 3, 1, 1), ('?', 7, 1, 1), ('?', 2, 1, 1), ('?', 7, 1, 1), (0, 7, 1, 1), (6, 1, 1, 1), ('?', 7, 1, 1), (6, 1, 1, 1), ('?', 3, 1, 1), (6, 1, 1, 1), ('?', 2, 1, 1), ('?', 2, 1, 1), (6, 4, 1, 1), ('?', 3, 1, 1), ('?', 7, 1, 1), ('?', 2, 1, 1), ('?', '?', 1, 1), (6, 1, 1, 1), ('?', 2, 1, 1)]"
"(5, 20, 20, 22, 0)","[('?', 6, 1, 1), ('?', 3, 1, 1), ('?', '?', 1, 1)]"
"(5, 20, 20, 25, 0)","[(4, 0, 1, 1), (4, '?', 1, 1), (4, 4, 5, 1), (4, 3, 1, 1), (4, 4, 1, 1)]"
"(5, 20, 20, 27, 0)","[(0, 4, 5, 1), (0, 4, 1, 1), (0, 2, 1, 1)]"
"(5, 20, 21, 16, 0)","[(5, 1, 1, 5)]"
"(5, 20, 22, 20, 0)","[('?', '?', 1, 1), (0, 1, 1, 1), ('?', 6, 1, 1), ('?', '?', 1, 1), ('?', '?', 1, 1), ('?', '?', 1, 1), ('?', 7, 1, 1), ('?', '?', 1, 1), ('?', 6, 1, 1), ('?', '?', 1, 1)]"
"(5, 20, 25, 16, 0)","[(4, '?', 1, 1), (4, '?', 1, 1), (4, '?', 1, 1)]"
"(5, 20, 25, 25, 0)","[(4, '?', 1, 1), (4, '?', 1, 1), (4, 6, 1, 1), (4, 3, 1, 1), (4, 4, 1, 1), (4, '?', 1, 1), (4, 4, 1, 1), (4, 6, 1, 1), (4, 4, 1, 1), (4, 6, 1, 1)]"
"(5, 20, 27, 20, 0)","[(0, 2, 5, 1), (0, 7, 1, 1), (0, 4, 1, 1), (0, 1, 1, 1), (0, 7, 1, 1), (0, 4, 1, 1), (0, '?', 1, 1), (0, 0, 5, 1), (0, 7, 1, 1), (0, '?', 1, 1), (0, 1, 1, 1), (0, 1, 1, 1), (0, 7, 5, 1), (0, '?', 1, 1), (0, 3, 1, 1), (0, 2, 5, 1), (0, '?', 1, 1), (0, 2, 1, 1), (0, 4, 1, 1)]"
"(5, 21, 25, 16, 0)","[(4, 1, 1, 2)]"
"(5, 22, 2, 2, 0)","[('?', 6, 1, 0), ('?', '?', 1, 6)]"
"(5, 22, 2, 8, 0)","[(1, '?', 1, 0), (1, 1, 1, 0), (1, 4, 1, 6), (1, 4, 1, 6), (1, 1, 1, 6), (1, 4, 1, 6)]"
"(5, 22, 2, 20, 0)","[('?', 4, 1, 2)]"
"(5, 22, 2, 25, 0)","[(4, 4, 1, 0)]"
"(5, 22, 4, 2, 0)","[(1, 5, 1, 6), ('?', 0, 1, 6), ('?', 5, 1, 0), (3, 5, 1, 6), ('?', 5, 1, 0), ('?', 5, 1, 0), (3, 5, 1, 6), ('?', 0, 1, 6), (3, 5, 1, 0), (3, 5, 1, 6), ('?', 5, 1, 0), ('?', 5, 1, 0), (3, 5, 1, 6), ('?', 5, 1, 0)]"
"(5, 22, 4, 8, 0)","[(1, 5, 1, 6), (1, 5, 1, 0), (1, 5, 1, 0), (1, 5, 1, 6), (1, 5, 1, 0)]"
"(5, 22, 4, 10, 0)","[(1, 5, 1, '?'), (1, 5, 1, '?')]"
"(5, 22, 4, 11, 0)","[(2, 5, 1, '?'), (2, 5, 1, '?')]"
"(5, 22, 4, 15, 0)","[(3, 5, 1, 6), (3, 0, 1, 0), (3, 0, 1, 6), (3, 0, 1, 6), (3, 0, 1, 0), (3, 0, 1, 6), (3, 0, 1, 0), (3, 0, 1, 6), (3, 0, 1, 6), (3, 0, 1, 6), (3, 0, 1, 6), (3, 5, 1, 0), (3, 0, 1, 0)]"
"(5, 22, 4, 17, 0)","[(2, 0, 1, 6), (2, 0, 1, 0), (2, 5, 1, 0), (2, 0, 1, 6), (2, 0, 1, 6)]"
"(5, 22, 4, 20, 0)","[('?', 0, 1, 2), ('?', 5, 1, 2)]"
"(5, 22, 4, 21, 0)","[(4, 5, 1, '?'), (4, 5, 1, 1)]"
"(5, 22, 4, 22, 0)","[('?', 0, 1, '?'), ('?', 0, 1, '?'), ('?', 0, 1, '?'), (3, 5, 1, 2), ('?', 5, 1, 5), ('?', 5, 1, '?'), ('?', 5, 1, '?'), ('?', 5, 1, '?')]"
"(5, 22, 4, 25, 0)","[(4, 5, 1, 0), (4, 0, 1, 0), (4, 5, 1, 0), (4, 0, 1, 6), (4, 5, 1, 0), (4, 5, 1, 0), (4, 5, 1, 0), (4, 5, 1, 0), (4, 5, 1, 0), (4, 0, 1, 0)]"
"(5, 22, 4, 26, 0)","[(3, 5, 5, 5), (3, 0, 1, '?'), (3, 5, 1, 2)]"
"(5, 22, 5, 25, 0)","[(4, 3, 5, 0)]"
"(5, 22, 6, 2, 0)","[('?', 3, 1, 6)]"
"(5, 22, 6, 10, 0)","[(1, 3, 1, '?')]"
"(5, 22, 6, 11, 0)","[(2, 2, 1, '?')]"
"(5, 22, 6, 20, 0)","[('?', 7, 1, 2), ('?', 7, 1, 2), ('?', 7, 1, 2), ('?', 7, 1, 2), ('?', 7, 1, 2)]"
"(5, 22, 6, 22, 0)","[(1, 3, 1, '?'), ('?', 7, 1, '?')]"
"(5, 22, 6, 26, 0)","[(3, 7, 1, '?'), (3, 3, 1, '?'), (3, 7, 1, '?'), (3, 7, 1, '?'), (3, 2, 1, '?'), (3, 2, 1, '?'), (3, 3, 1, '?'), (3, 2, 1, '?'), (3, 2, 1, '?'), (3, 3, 1, '?')]"
"(5, 22, 8, 2, 0)","[(1, 4, 1, 6), (1, 3, 1, 6), (1, 3, 1, 6), (1, '?', 1, 6), (1, 2, 1, 0), (1, 7, 1, 0), (1, 5, 1, 6), (1, '?', 1, 0), (1, 2, 1, 0), (1, 7, 1, 6)]"
"(5, 22, 8, 8, 0)","[(1, 2, 1, 0), (1, 2, 1, 0), (1, 5, 1, 6), (1, '?', 1, 6), (1, '?', 1, 0), (1, '?', 1, 6), (1, 3, 1, 6), (1, 2, 1, 6), (1, 2, 1, 6), (1, '?', 1, 0)]"
"(5, 22, 8, 20, 0)","[(1, '?', 1, 2)]"
"(5, 22, 10, 2, 0)","[(1, 5, 1, 6), (1, 3, 1, 0), (1, '?', 1, 0), (1, 3, 1, 0), (1, '?', 1, 6), (1, 7, 1, 0), (1, 3, 1, 0), (1, 3, 1, 0), (1, '?', 1, 6)]"
"(5, 22, 10, 10, 0)","[(1, 2, 1, '?'), (1, 3, 1, '?'), (1, 5, 1, '?'), (1, 3, 1, '?'), (1, 7, 1, '?'), (1, 5, 1, 5), (1, 1, 1, 6), (1, 2, 1, '?'), (1, 6, 1, '?'), (1, 6, 1, '?')]"
"(5, 22, 10, 16, 0)","[(1, 0, 1, 2), (1, 3, 1, 2)]"
"(5, 22, 10, 20, 0)","[(1, '?', 1, 2), (1, '?', 1, 2), (1, '?', 1, 2), (1, 3, 1, 2), (1, '?', 1, 2), (1, 3, 1, 2), (1, '?', 1, 2), (1, 7, 1, 2), (1, '?', 1, 2), (1, 6, 1, 2)]"
"(5, 22, 10, 22, 0)","[(1, 1, 1, 0), (1, 5, 1, '?'), (1, 2, 1, '?'), (1, 3, 1, '?'), (1, 2, 1, '?')]"
"(5, 22, 11, 11, 0)","[(2, '?', 1, '?'), (2, 7, 1, 0), (2, 0, 1, '?'), (2, 5, 1, '?'), (2, '?', 1, '?'), (2, 0, 1, '?'), (2, '?', 1, 6), (2, '?', 1, '?'), (2, 4, 1, '?'), (2, '?', 1, '?'), (2, 6, 1, '?'), (2, 1, 1, 6), (2, 1, 1, 6), (2, 3, 1, '?'), (2, '?', 1, '?'), (2, 4, 1, '?'), (2, 4, 1, '?'), (2, 4, 1, '?'), (2, '?', 1, '?'), (2, '?', 1, '?'), (2, 3, 1, '?'), (2, 2, 1, '?'), (2, 7, 1, 6), (2, 4, 1, '?')]"
"(5, 22, 11, 20, 0)","[(2, '?', 1, 2), (2, 4, 1, 2), (2, 5, 1, 2), (2, 0, 1, 2), (2, 0, 1, 2), (2, 1, 1, 2), (2, '?', 1, 2), (2, '?', 1, 2), (2, 5, 1, 2), (2, '?', 1, 2), (2, 1, 1, 2), (2, '?', 1, 2), (2, 5, 1, 2), (2, 1, 1, 2), (2, 5, 1, 2), (2, 0, 1, 2), (2, 2, 1, 2), (2, 2, 5, 2)]"
"(5, 22, 11, 22, 0)","[(2, 2, 1, 6)]"
"(5, 22, 15, 2, 0)","[(3, 4, 1, 0), (3, 1, 1, 0), (3, 3, 1, '?'), (3, 1, 1, 6)]"
"(5, 22, 15, 4, 0)","[(3, 0, 1, 0), (3, 5, 1, 6)]"
"(5, 22, 15, 6, 0)","[(3, 3, 1, 6)]"
"(5, 22, 15, 15, 0)","[(3, '?', 1, 0), (3, '?', 1, 0), (3, 1, 1, 6), (3, 4, 1, 6), (3, '?', 1, 0), (3, 1, 1, 6), (3, 4, 1, 6), (3, '?', 1, 0), (3, 6, 1, 6), (3, 1, 1, 0), (3, 4, 1, 6)]"
"(5, 22, 16, 10, 0)","[(5, 1, 1, 5)]"
"(5, 22, 16, 21, 0)","[(4, 2, 1, 5), (4, 2, 1, 5)]"
"(5, 22, 17, 2, 0)","[(2, 2, 1, 0), (2, 0, 1, 0), (2, '?', 1, 6), (2, '?', 1, 6), (2, 3, 1, 0), (2, 2, 1, 0), (2, 0, 1, 0), (2, 5, 1, 0), (2, 2, 1, 0), (2, 4, 1, 6), (2, 0, 1, 0), (2, 4, 1, 6), (2, '?', 1, 0), (2, 5, 1, 0)]"
"(5, 22, 17, 4, 0)","[(2, 5, 1, 0), (2, 0, 1, 0)]"
"(5, 22, 17, 17, 0)","[(2, 3, 1, 0), (2, 0, 1, 0), (2, '?', 1, 6), (2, '?', 1, 0), (2, 3, 1, 0), (2, 0, 1, 0), (2, '?', 1, 0), (2, 4, 1, 6), (2, 4, 1, 0), (2, 4, 1, 0), (2, 3, 1, 0), (2, '?', 1, 6), (2, '?', 1, 6), (2, '?', 1, 0), (2, '?', 1, 6), (2, '?', 1, 0), (2, '?', 1, 0), (2, 4, 1, 6), (2, 3, 1, 0), (2, 4, 1, 6), (2, '?', 1, 6)]"
"(5, 22, 20, 5, 0)","[('?', 3, 5, 5), ('?', 2, 5, 5)]"
"(5, 22, 20, 6, 0)","[('?', 7, 1, 5), (1, 2, 1, 1), ('?', 3, 1, 5), ('?', 7, 1, 5)]"
"(5, 22, 20, 8, 0)","[(1, 2, 1, 1), (1, '?', 1, 1)]"
"(5, 22, 20, 10, 0)","[(1, '?', 1, 5), (1, 0, 1, 5), (1, '?', 1, 5), (1, 7, 1, 5), (1, 7, 1, 5), (1, 4, 1, 5), (1, 3, 1, 5), (1, 2, 1, 5), (1, 3, 1, 5), (1, 4, 1, 5), (1, '?', 1, 5), (1, 2, 1, 5), (1, 4, 1, 5), (1, '?', 1, 5), (1, '?', 1, 5), (1, 4, 1, 5), (1, '?', 1, 5), (1, 0, 1, 5), (1, 7, 1, 5), (1, 2, 1, 5), (1, 4, 1, 5), (1, 3, 1, 5), (1, 3, 1, 5), (1, 2, 1, 5), (1, 2, 1, 5), (1, 2, 1, 5)]"
"(5, 22, 20, 11, 0)","[(2, 5, 5, 5), (2, 1, 1, 5), (2, 0, 1, 5), (2, 3, 1, 5), (2, 6, 1, 5), (2, 4, 1, 5), (2, 4, 5, 5), (2, 1, 1, 5), (2, 0, 1, 5), (2, 3, 1, 5), (2, 0, 1, 5), (2, 7, 1, 5), (2, 7, 1, 5), (2, 1, 1, 5), (2, 6, 1, 5), (2, 1, 1, 5), (2, '?', 1, 5), (2, '?', 1, 5), (2, 0, 1, 5), (2, '?', 1, 5), (2, 4, 1, 5), (2, 7, 1, 5), (2, 4, 1, 5), (2, '?', 1, 5), (2, '?', 1, 5), (2, 1, 1, 5), (2, 0, 1, 5), (2, 6, 1, 5), (2, '?', 1, 5), (2, 6, 1, 5), (2, 6, 1, 5), (2, 1, 1, 5), (2, 7, 1, 5), (2, 6, 1, 5), (2, 0, 1, 5), (2, 7, 1, 5), (2, 1, 1, 5), (2, 7, 1, 5)]"
"(5, 22, 20, 17, 0)","[(2, 4, 1, 1)]"
"(5, 22, 20, 21, 0)","[(5, 4, 1, 5), (4, '?', 1, 5), (4, 2, 5, 5), (4, 7, 5, 5), (5, '?', 1, 5), (4, 4, 1, 5), (4, '?', 1, 5), (4, 1, 1, 5), (4, 1, 1, 5), (4, 7, 1, 5), (4, 7, 1, 5), (5, 4, 1, 5), (4, 4, 1, 5), (5, 4, 1, 5), (4, 6, 1, 5), (4, 2, 1, 5), (4, 2, 1, 5), (4, '?', 1, 5), (4, '?', 1, 5), (4, 6, 1, 5), (4, 7, 1, 5), (4, 6, 1, 5), (4, 6, 1, 5), (4, 6, 1, 5), (4, 6, 1, 5), (4, 4, 1, 5), (4, 1, 1, 5), (4, 6, 1, 5), (4, 4, 1, 5), (4, '?', 1, 5), (4, 2, 1, 5), (4, 7, 1, 5), (4, 2, 1, 5), (4, '?', 1, 5), (4, '?', 1, 5), (4, 4, 1, 5), (4, 6, 1, 5), (5, 5, 1, 5), (5, '?', 1, 5), (4, 2, 1, 5), (4, '?', 1, 5), (5, 1, 1, 5), (4, 1, 1, 5), (5, 7, 1, 5), (4, 6, 1, 5), (4, 2, 1, 5)]"
"(5, 22, 20, 22, 0)","[(5, 7, 1, 5), (0, '?', 1, 5), (0, 4, 1, 5), (6, 6, 1, 5), ('?', '?', 1, 5), (6, 6, 1, 5), (6, 4, 1, 5), (0, 1, 1, 5), (0, '?', 1, 5), (6, 0, 1, 5), (6, 2, 1, 5), (6, 5, 1, 5), ('?', 4, 1, 5), (0, 1, 1, 5), ('?', 4, 1, 5), ('?', 6, 1, 5), (0, 2, 1, 5), (6, 6, 1, 5), (6, 1, 1, 5), ('?', 7, 1, 5), (6, 7, 1, 5), (6, 1, 1, 5), ('?', '?', 1, 5), (7, 1, 1, 5), (3, 4, 1, 5), (6, 1, 1, 5), ('?', 1, 1, 5), (5, 7, 1, 5), ('?', 0, 1, 5), (6, 2, 1, 5), (2, 0, 1, 5), (6, 2, 1, 5), ('?', 1, 1, 5), (6, 1, 1, 5), (6, 2, 1, 5), (5, '?', 1, 5), (6, 7, 1, 5), ('?', 3, 1, 5), (6, 7, 1, 5), (6, 2, 1, 5), ('?', 3, 1, 5), ('?', '?', 1, 5), (6, 3, 1, 5), (6, 1, 1, 5), (0, 4, 1, 5), (6, 4, 1, 5), ('?', 7, 1, 5), ('?', 1, 1, 5), (6, 4, 1, 5), ('?', 4, 1, 5), (6, 1, 1, 5), (6, 5, 1, 5), (6, 3, 1, 5), ('?', '?', 1, 5), (6, 0, 1, 5), ('?', '?', 1, 5), ('?', 7, 1, 5), (6, 3, 1, 5), (6, '?', 1, 5), (6, '?', 1, 5), (6, 6, 1, 5), (6, '?', 1, 5), (6, 2, 1, 5), (6, 0, 1, 5), ('?', 6, 1, 5), (6, 4, 1, 5), (6, 4, 1, 5), (6, 1, 1, 5), (6, '?', 1, 5), (6, 7, 1, 5), ('?', '?', 1, 5), ('?', 4, 1, 5), ('?', 4, 1, 5), ('?', '?', 1, 5), ('?', 1, 1, 5), (6, 2, 1, 5), (6, 0, 1, 5), (6, '?', 1, 5), ('?', '?', 1, 5), (6, 6, 1, 5), ('?', 7, 1, 5), (6, 4, 1, 5), (6, 4, 1, 5), ('?', 6, 1, 5), ('?', 6, 1, 5), (6, 6, 1, 5)]"
"(5, 22, 20, 25, 0)","[(4, 6, 1, 1)]"
"(5, 22, 20, 26, 0)","[(3, '?', 1, 5), (3, '?', 1, 5), (3, 1, 1, 5), (3, '?', 1, 5), (3, '?', 1, 5), (3, 1, 1, 5), (3, 2, 1, 5), (3, 1, 1, 5), (3, 6, 1, 5), (3, 6, 1, 5), (3, 4, 1, 5), (3, 6, 1, 5), (3, 6, 1, 5), (3, 1, 1, 5), (3, '?', 1, 5), (3, '?', 1, 5), (3, '?', 5, 5), (3, 1, 1, 5), (3, 1, 1, 5), (3, 6, 1, 5), (3, 4, 1, 5), (3, 4, 1, 5)]"
"(5, 22, 20, 27, 0)","[(0, 7, 1, 5), (0, 7, 1, 5), (0, 1, 1, 5), (0, 2, 1, 5), (0, '?', 1, 5), (0, '?', 1, 5), (0, 1, 1, 5), (0, 7, 1, 5), (0, 4, 1, 5), (0, 1, 1, 5), (0, 1, 1, 5), (0, 7, 1, 5), (0, 2, 1, 5), (0, '?', 1, 5), (0, 4, 1, 5), (0, '?', 1, 5), ('?', '?', 1, 5)]"
"(5, 22, 21, 16, 0)","[(4, 4, 1, 2), (4, 0, 1, 2), (4, 1, 1, 2), (4, 4, 1, 2), (4, 0, 1, 2), (4, 1, 1, 2), (4, 3, 1, 2), (4, 4, 1, 2), (4, 3, 1, 2), (4, 4, 1, 2), (4, 1, 1, 2), (4, 6, 1, 2), (4, 7, 1, 2), (4, 0, 1, 2), (4, 1, 1, 2), (4, 5, 1, 2), (4, 0, 1, 2)]"
"(5, 22, 21, 21, 0)","[(4, 3, 1, '?'), (4, 1, 1, '?'), (4, 0, 1, 5), (4, 3, 1, '?'), (4, 2, 1, '?'), (4, 7, 1, 6), (4, 2, 1, '?'), (4, 5, 1, '?'), (4, 2, 1, '?'), (4, 1, 1, 6), (4, 3, 1, '?'), (4, 5, 1, '?'), (4, 1, 1, '?'), (4, 2, 1, '?')]"
"(5, 22, 22, 2, 0)","[('?', '?', 1, 6), ('?', '?', 1, 6), ('?', 0, 1, 6), ('?', '?', 1, 6), (0, 4, 1, 0), ('?', 3, 1, 0), ('?', '?', 1, 6), ('?', 6, 1, 0), (0, '?', 1, 0), ('?', 3, 1, 0), ('?', 2, 1, 0), (3, 6, 1, 0), ('?', 3, 1, 0), ('?', 4, 1, 0), ('?', '?', 1, 6), (3, 4, 1, 0), ('?', 2, 1, 0), (3, 4, 1, 6), ('?', 6, 1, 6), ('?', 6, 1, 6), ('?', 6, 1, 6), (0, 4, 1, 0), (0, 4, 1, 0), (3, 1, 1, 0), ('?', 6, 1, 0), ('?', 6, 1, 0), ('?', 4, 1, 6), (3, 1, 1, 0), ('?', 3, 1, 0), (3, '?', 1, 0), ('?', 6, 1, 0), (3, '?', 1, 0), (0, 6, 1, 6), ('?', '?', 1, 6), ('?', 4, 1, 0), (0, '?', 1, 6), ('?', 4, 1, 6), ('?', '?', 1, 6), (0, 4, 1, 0)]"
"(5, 22, 22, 4, 0)","[('?', 5, 1, 0), ('?', 0, 1, 6), ('?', 0, 1, 6)]"
"(5, 22, 22, 8, 0)","[(1, '?', 1, 6), (1, '?', 1, 6), (1, '?', 1, 6), (1, 4, 1, 6), (1, '?', 1, 0), (1, 3, 1, 0), (1, 6, 1, 0), (1, '?', 1, 0), (1, 6, 1, 0)]"
"(5, 22, 22, 10, 0)","[(1, 4, 1, '?')]"
"(5, 22, 22, 16, 0)","[('?', 1, 1, 2)]"
"(5, 22, 22, 20, 0)","[('?', 5, 1, 2), ('?', 5, 1, 2), ('?', 2, 1, 2), ('?', '?', 1, 2), (2, 0, 1, 2), (6, 1, 1, 2), ('?', '?', 1, 2), ('?', '?', 1, 2), ('?', '?', 1, 2), ('?', 3, 1, 2), (3, 2, 1, 2), ('?', 4, 1, 2), ('?', 5, 1, 2), ('?', 2, 1, 2), ('?', 1, 1, 2)]"
"(5, 22, 22, 21, 0)","[(4, 7, 1, 6), (4, 2, 1, '?'), (4, 3, 1, '?'), (4, 2, 1, '?'), (4, 1, 1, 6), (4, 1, 1, '?'), (4, 1, 1, 6), (4, 1, 1, 6), (4, 1, 1, '?'), (4, 7, 1, '?')]"
"(5, 22, 22, 22, 0)","[('?', 0, 1, '?'), ('?', 5, 1, 5), (6, 5, 1, 5), ('?', 5, 1, 5), ('?', 5, 1, '?'), ('?', 0, 1, 5), ('?', 0, 1, 2), ('?', 0, 1, 5), (6, 0, 1, 5), (6, 5, 1, 5), (6, 5, 1, 5), (3, 5, 1, 2), (3, 1, 1, 6), ('?', 0, 1, 5), (0, 0, 1, 5), ('?', 6, 1, '?'), ('?', 5, 1, 5), (6, 2, 1, '?'), ('?', 4, 1, 5), ('?', 2, 1, '?')]"
"(5, 22, 22, 25, 0)","[(4, 3, 1, 0), (4, 7, 1, 0), (4, 3, 1, 0)]"
"(5, 22, 22, 26, 0)","[(3, 4, 1, '?'), (3, '?', 1, '?'), (3, '?', 1, '?'), (3, '?', 1, '?'), (3, 1, 1, '?'), (3, 3, 1, '?'), (3, '?', 5, 5), (3, 4, 1, '?')]"
"(5, 22, 25, 16, 0)","[(4, 3, 1, 2), (4, 5, 1, 2), (4, 3, 1, 2), (4, 3, 1, 2)]"
"(5, 22, 25, 25, 0)","[(4, 7, 1, 0), (4, 0, 1, 0), (4, 4, 1, 0), (4, 6, 1, 6), (4, 3, 1, 6), (4, 0, 1, 0), (4, 3, 1, 0), (4, 3, 1, 0), (4, 4, 1, 6), (4, 7, 1, 6), (4, 4, 1, 0), (4, 7, 1, 0), (4, 0, 1, 6), (4, 6, 1, 6), (4, 3, 1, 0), (4, 7, 1, 0), (4, 7, 1, 0), (4, 6, 1, 6), (4, 0, 1, 6), (4, 3, 1, 0), (4, 0, 1, 6), (4, 6, 1, 6), (4, 0, 1, 6), (4, 3, 1, 0), (4, 6, 1, 6), (4, 4, 1, 0), (4, 7, 1, 0), (4, 3, 1, 6), (4, 4, 1, 6), (4, 6, 1, 0), (4, 4, 1, 0), (4, 4, 1, 0), (4, 0, 1, 0), (4, 3, 1, 6), (4, 6, 1, 6), (4, 0, 1, 0), (4, 4, 1, 6), (4, 3, 1, 6), (4, 3, 1, 0), (4, 1, 1, 0), (4, 4, 1, 6), (4, 6, 1, 0), (4, 4, 1, 6), (4, 3, 1, 0)]"
"(5, 22, 26, 2, 0)","[(3, 6, 1, 6), (3, 6, 1, 0), (3, 4, 1, 0), (3, 6, 1, 0), (3, 5, 1, 0), (3, 6, 1, 6), (3, 6, 1, 6), (3, 6, 1, 0), (3, '?', 1, 0), (3, 6, 1, 0), (3, 6, 1, 0), (3, 1, 1, 0), (3, 0, 1, 0)]"
"(5, 22, 26, 6, 0)","[(3, 3, 1, 6), (3, 3, 1, 6), (3, 2, 1, 5)]"
"(5, 22, 26, 20, 0)","[(3, 2, 1, 2), (3, 3, 1, 2), (3, 7, 1, 2), (3, 6, 1, 2), (3, 6, 1, 2), (3, 2, 1, 2), (3, 7, 1, 2), (3, 1, 1, 2), (3, 1, 1, 2), (3, 1, 1, 2), (3, 3, 1, 2), (3, 1, 1, 2), (3, 7, 1, 2), (3, 7, 1, 2), (3, 1, 1, 2), (3, 5, 1, 2), (3, 7, 1, 2), (3, 3, 1, 2), (3, 6, 1, 2), (3, 2, 1, 2), (3, 3, 1, 2), (3, 1, 1, 2)]"
"(5, 22, 26, 22, 0)","[(3, 2, 1, '?'), (3, 2, 1, 5), (3, 5, 5, 5), (3, 5, 1, 2), (3, '?', 1, 5), (3, 1, 1, '?'), (3, 0, 1, 5), (3, '?', 1, '?'), (3, 0, 1, '?'), (3, '?', 1, '?'), (3, 0, 1, 5), (3, 0, 1, 5), (3, 6, 1, 5), (3, '?', 1, '?'), (3, 1, 1, 5), (3, 5, 1, 5), (3, 0, 5, 5), (3, 4, 1, '?'), (3, 0, 1, '?'), (3, 0, 1, 5)]"
"(5, 22, 26, 26, 0)","[(3, '?', 1, '?'), (3, 4, 1, '?')]"
"(5, 22, 27, 2, 0)","[(0, 4, 1, 6), (0, 1, 1, 6), (0, 6, 1, 6), (0, 2, 1, 0), (0, 1, 1, 0), (0, 0, 1, 0), (0, 6, 1, 6), (0, 4, 1, 6), (0, 0, 1, 0), (0, 0, 1, 0), (0, 4, 1, 0)]"
"(5, 22, 27, 20, 0)","[(0, 4, 1, 2), (0, '?', 1, 2), (0, 4, 1, 2), (0, 2, 1, 2), (0, '?', 1, 2), (0, 3, 1, 2), (0, 3, 1, 2), (0, 6, 1, 2), (0, 7, 1, 2), (0, '?', 1, 2), (0, 1, 1, 2), (0, 6, 1, 2), (0, 1, 1, 2), (0, 1, 1, 2), (0, 6, 1, 2), (0, 7, 1, 2), (0, 3, 1, 2), (0, 6, 1, 2)]"
"(5, 22, 27, 22, 0)","[(0, 6, 1, '?'), (0, '?', 1, '?'), (0, 6, 1, '?'), (0, 5, 1, '?'), (0, 7, 1, '?'), (0, 1, 1, 6), (0, 3, 1, 5), (0, 7, 1, '?'), (0, 7, 1, '?'), (0, 3, 1, 5), (0, 4, 1, '?'), (0, '?', 1, '?'), (0, '?', 1, '?'), (0, 6, 1, '?'), (0, 6, 1, '?'), (0, 6, 1, '?'), (0, 2, 1, '?'), (0, 4, 1, '?'), (0, 4, 1, 5), (0, 1, 1, '?'), (0, 1, 1, '?'), (0, 4, 1, '?'), (0, 3, 1, 5), (0, 5, 1, '?'), (0, 5, 1, '?'), (0, 4, 1, 5), (0, 4, 1, '?'), (0, '?', 1, '?'), (0, '?', 1, '?'), (0, 6, 1, '?'), (0, 2, 1, '?'), (0, '?', 1, '?'), (0, 0, 1, '?'), (0, 0, 1, 5), (0, 5, 1, '?'), (0, 4, 1, '?'), (0, 2, 1, '?'), (0, 7, 1, 6)]"
"(5, 24, 2, 2, 0)","[(6, 6, 1, 6), (6, 4, 1, 6), (6, 6, 5, 0), (6, 1, 1, 6), (6, 4, 1, 6), (6, 4, 1, 6), (6, 4, 1, 0), (6, 4, 1, 0), (6, 1, 1, 6), (6, 6, 1, 0), (6, 1, 1, 0), (6, 4, 1, 0), (6, 1, 1, 6), (6, 6, 1, 6), (6, 4, 1, 0), (6, 1, 1, 6)]"
"(5, 24, 2, 20, 0)","[(6, 4, 5, 2), (6, 4, 5, 2)]"
"(5, 24, 2, 25, 0)","[(5, 4, 1, 6)]"
"(5, 24, 4, 2, 0)","[(6, 5, 5, 0), (6, 0, 1, 6), (6, 5, 5, 0)]"
"(5, 24, 4, 5, 0)","[(6, 5, 5, '?'), (6, 5, 5, '?')]"
"(5, 24, 4, 16, 0)","[(5, 5, 1, 2)]"
"(5, 24, 4, 20, 0)","[(6, 5, 1, 2), (6, 5, 1, 2), (6, 0, 1, 2), (6, 5, 1, 2)]"
"(5, 24, 4, 21, 0)","[(5, 5, 1, '?'), (5, 5, 1, '?')]"
"(5, 24, 4, 22, 0)","[(6, 5, 1, '?'), (6, 5, 1, '?')]"
"(5, 24, 4, 25, 0)","[(5, 0, 5, 6), (5, 0, 1, 6), (5, 5, 5, 6), (5, 0, 5, 6), (5, 0, 1, 6), (5, 5, 1, '?'), (5, 0, 1, 6), (5, 5, 1, 0), (5, 0, 1, 6), (5, 0, 5, 6), (5, 5, 5, 6), (5, 0, 1, 6), (5, 5, 1, 0)]"
"(5, 24, 5, 2, 0)","[(6, 2, 5, 6), (6, '?', 5, 6), (6, 4, 5, 6)]"
"(5, 24, 5, 4, 0)","[(6, 0, 5, '?'), (6, 5, 5, '?')]"
"(5, 24, 5, 20, 0)","[(6, 0, 5, 2), (6, 0, 5, 2), (6, 0, 5, 2), (6, 0, 5, 2)]"
"(5, 24, 5, 25, 0)","[(5, 7, 5, 0), (5, 7, 5, 0), (5, 2, 5, 0), (5, 4, 5, 0)]"
"(5, 24, 6, 2, 0)","[(6, 2, 1, 0), (6, '?', 5, 6), (6, 7, 5, 6), (6, 7, 5, 0), (6, 7, 1, 6), (6, 2, 1, 0), (6, 3, 1, 6), (6, 7, 5, 0), (6, 7, 5, 6), (6, 7, 5, 6), (6, 2, 1, 0)]"
"(5, 24, 6, 5, 0)","[(5, 3, 5, '?')]"
"(5, 24, 6, 13, 0)","[(6, 2, 1, 6)]"
"(5, 24, 6, 16, 0)","[(5, 7, 1, 2)]"
"(5, 24, 6, 20, 0)","[(6, 7, 1, 2), (6, 3, 1, 2), (6, 3, 1, 2)]"
"(5, 24, 6, 21, 0)","[(5, 2, 1, '?')]"
"(5, 24, 6, 22, 0)","[(6, 7, 1, '?')]"
"(5, 24, 6, 25, 0)","[(5, 7, 5, 0), (5, 2, 5, 6), (5, 2, 1, 6), (5, 3, 5, 0), (5, 3, 1, 6), (5, 7, 5, 6)]"
"(5, 24, 16, 4, 0)","[(5, 0, 5, 1), (5, 0, 5, 5), (5, 5, 5, 1), (5, 0, 5, 5), (5, 0, 1, 1), (5, 0, 1, 1), (5, 0, 5, 5), (5, 0, 5, 5), (5, 0, 5, 5)]"
"(5, 24, 16, 6, 0)","[(5, 2, 1, 1), (5, 2, 1, 1), (5, 2, 5, 5), (5, 7, 5, 1), (5, 7, 5, 1), (5, 3, 5, 1), (5, 3, 5, 1), (5, 2, 1, 1), (5, 7, 1, 1), (5, 2, 5, 1), (6, 2, 5, 1), (6, 2, 5, 1)]"
"(5, 24, 20, 2, 0)","[(6, 4, 5, 5)]"
"(5, 24, 20, 4, 0)","[(6, 0, 5, 1), (6, 5, 5, 1), (6, 0, 5, 1), (6, 5, 5, 5), (6, 0, 5, 1), (6, 5, 5, 1), (6, 5, 5, 5), (6, 0, 5, 1), (6, 0, 5, 1), (6, 0, 5, 1)]"
"(5, 24, 20, 5, 0)","[(6, 4, 5, 5), (6, '?', 5, 5), (6, 2, 5, 1), (6, '?', 5, 5)]"
"(5, 24, 20, 6, 0)","[(6, 7, 5, 1), (6, 7, 5, 1), (6, 2, 5, 1)]"
"(5, 24, 20, 20, 0)","[(6, '?', 5, 1)]"
"(5, 24, 22, 2, 0)","[(6, 4, 1, 6), (6, '?', 1, 6), (6, '?', 1, 6), (6, '?', 1, 6), (6, 4, 1, 0), (6, 3, 1, 0), (6, '?', 1, 6), (6, '?', 1, 6)]"
"(5, 24, 22, 20, 0)","[(6, '?', 1, 2), (6, 3, 1, 2)]"
"(5, 24, 22, 22, 0)","[(6, '?', 1, '?')]"
"(5, 24, 22, 25, 0)","[(5, 4, 1, 6), (5, '?', 1, 0), (5, 4, 1, 6), (5, 6, 1, 0)]"
"(5, 26, 2, 2, 0)","[(7, 1, 1, 0), (7, 1, 1, 0)]"
"(5, 26, 2, 26, 0)","[(7, 4, 1, 5), (7, 4, 1, '?'), (7, 4, 1, 5)]"
"(5, 26, 4, 2, 0)","[(7, 5, 5, 6)]"
"(5, 26, 4, 22, 0)","[(7, 5, 1, 1)]"
"(5, 26, 4, 26, 0)","[(7, 0, 5, 5), (7, 5, 1, 2)]"
"(5, 26, 5, 2, 0)","[(7, 2, 5, 6), (7, 7, 5, 6), (7, 5, 5, 0), (7, 0, 5, 6), (7, 7, 5, 0), (7, 5, 5, 6), (7, 7, 5, 6), (7, 5, 5, 0), (7, 1, 5, 6), (7, 1, 5, 6)]"
"(5, 26, 5, 4, 0)","[(7, 0, 5, 5), (7, 0, 5, 6), (7, 5, 5, 0)]"
"(5, 26, 5, 5, 0)","[(7, 2, 5, '?'), (7, 4, 5, 5), (7, 4, 5, 2), (7, 2, 5, '?'), (7, 7, 5, '?'), (7, 4, 5, 5), (7, 2, 5, '?'), (7, 4, 5, 5), (7, 2, 5, '?'), (7, 5, 5, '?'), (7, 2, 5, '?'), (7, 4, 5, 2), (7, '?', 5, 5)]"
"(5, 26, 5, 6, 0)","[(7, 3, 5, 5), (7, 2, 5, 0)]"
"(5, 26, 5, 15, 0)","[(7, 2, 5, 6)]"
"(5, 26, 5, 20, 0)","[(7, 4, 5, 2), (7, 4, 5, 2), (7, 4, 5, 2), (7, 4, 5, 2), (7, 0, 5, 2), (7, 5, 5, 2), (7, 2, 5, 2), (7, 5, 5, 2)]"
"(5, 26, 5, 22, 0)","[(7, 4, 5, 2)]"
"(5, 26, 6, 2, 0)","[(7, 7, 5, 6), (7, 2, 5, 6), (7, 7, 5, 0), (7, 7, 5, 6), (7, 2, 1, 0), (7, 7, 1, 6), (7, 7, 5, 0), (7, 2, 5, 6)]"
"(5, 26, 6, 5, 0)","[(7, 7, 5, '?')]"
"(5, 26, 6, 20, 0)","[('?', 7, 1, 2)]"
"(5, 26, 6, 22, 0)","[(7, 7, 5, '?'), (7, 2, 1, 2)]"
"(5, 26, 20, 2, 0)","[(7, 1, 1, 5)]"
"(5, 26, 20, 4, 0)","[(7, 5, 1, 1)]"
"(5, 26, 20, 5, 0)","[(7, 4, 5, 1), (7, 2, 5, 5), (7, 4, 5, 1), (7, 1, 5, 1), (7, '?', 5, 1), (7, 1, 5, 1), (7, '?', 5, 1)]"
"(5, 26, 20, 6, 0)","[(7, 2, 5, 5), (7, 7, 5, 5), (7, 2, 5, 5), (7, 7, 5, 5), (7, 2, 5, 5)]"
"(5, 26, 20, 22, 0)","[(7, 1, 1, 5), (7, 2, 1, 5), (7, 7, 1, 5), (7, 2, 1, 5)]"
"(5, 26, 22, 15, 0)","[(7, 6, 1, 0), (7, 4, 1, 6)]"
"(5, 26, 22, 22, 0)","[(7, 4, 1, '?'), (7, 1, 1, '?'), (7, 1, 1, 5), (7, 4, 1, 2), (7, 0, 1, '?'), (7, 4, 1, 2), (7, 5, 1, 2), (7, 4, 1, '?'), (7, 4, 1, 2), (7, 5, 1, 2), (7, 1, 1, 5), (7, 2, 1, '?')]"
"(5, 26, 22, 26, 0)","[(7, 4, 1, '?'), (7, 4, 1, 2), (7, 4, 1, 5)]"
"(5, 26, 26, 26, 0)","[(7, 4, 1, 2)]"
"(5, 27, 2, 2, 0)","[(0, 3, 5, 0), (0, 4, 1, 6), (0, 0, 1, 6), (0, 4, 1, 0), (0, 0, 1, 6), (0, 4, 1, 6), (0, 2, 1, 0), (0, '?', 1, 0), (0, '?', 1, 0), (0, 1, 1, 6), (0, 3, 1, 6), (0, 1, 1, 6), (0, 5, 1, 6), (0, 2, 1, 0), (0, 1, 1, 6), (0, 7, 1, 0), (0, 6, 1, 6), (0, 6, 1, 6), (0, 5, 1, 6), (0, 5, 1, 6), (0, 2, 1, 0), (0, 3, 1, 6), (0, 4, 1, 0)]"
"(5, 27, 2, 22, 0)","[(0, 7, 1, 6)]"
"(5, 27, 4, 2, 0)","[(0, 0, 5, 6), (0, 5, 1, 6)]"
"(5, 27, 4, 27, 0)","[(0, 5, 1, 1)]"
"(5, 27, 5, 2, 0)","[(0, '?', 5, 0), (0, '?', 5, 0), (0, '?', 5, 0)]"
"(5, 27, 5, 20, 0)","[(0, 5, 5, 2), (0, 2, 5, 2), (0, '?', 5, 2), (0, '?', 5, 2)]"
"(5, 27, 6, 2, 0)","[(0, 2, 1, 0), (0, 2, 1, 0), (0, 7, 1, 0)]"
"(5, 27, 6, 20, 0)","[(0, 2, 1, 2), (0, 7, 1, 2), (0, 2, 1, 2), (0, 2, 1, 2)]"
"(5, 27, 20, 4, 0)","[(0, 0, 5, 1)]"
"(5, 27, 20, 5, 0)","[(0, '?', 5, 5)]"
"(5, 27, 20, 6, 0)","[(0, 7, 1, 1), (0, 3, 1, 5), (0, 3, 1, 5), (0, 7, 1, 1), (0, 2, 1, 1), (0, 2, 1, 1)]"
"(5, 27, 20, 20, 0)","[(0, '?', 1, 1), (0, 6, 5, 1), (0, '?', 5, 1), (0, 7, 1, 1), (0, 2, 1, 1), (0, 6, 5, 1), (0, 3, 1, 1)]"
"(5, 27, 20, 22, 0)","[(0, 4, 1, 5)]"
"(5, 27, 22, 2, 0)","[(0, 0, 1, 0), (0, '?', 1, 6), (0, '?', 1, 0), (0, '?', 1, 6), (0, 7, 1, 6), (0, 1, 1, 6), (0, '?', 1, 6), (0, 5, 1, 6), (0, '?', 1, 6), (0, 6, 1, 6), (0, '?', 1, 0), (0, '?', 1, 0), (0, 4, 1, 6), (0, '?', 1, 0)]"
"(5, 27, 22, 20, 0)","[(0, 6, 1, 2), (0, '?', 1, 2), (0, 3, 1, 2), (0, 2, 1, 2), (0, 4, 1, 2), (0, 2, 1, 2), (0, 4, 1, 2), (0, 3, 1, 2), (0, 7, 1, 2), (0, 3, 1, 2)]"
"(5, 27, 22, 22, 0)","[(0, 0, 1, '?'), (0, 0, 1, '?'), (0, 4, 1, '?'), (0, 4, 1, '?'), (0, 0, 1, '?')]"
"(6, 2, 2, 2, 0)","[('?', 4, 0, 0), ('?', 6, 0, 0), ('?', 6, 0, 0), ('?', 4, 0, 0), ('?', 1, 0, 0), ('?', 4, 0, 0), ('?', 1, 0, 0), (6, 4, 0, 0), ('?', 6, 0, 0), ('?', 1, 0, 6), (0, 1, 0, 0), ('?', 4, 0, 6), (0, 1, 0, 0), ('?', 4, 0, 0), (3, 4, 0, 0), (0, 4, 0, 0), ('?', 6, 0, 6), (0, 1, 0, 0), ('?', 1, 0, 0), ('?', 1, 0, 6), ('?', 1, 0, 0), (0, 6, 0, 0), ('?', 1, 0, 0), ('?', 6, 0, 6), (0, 1, 0, 0), ('?', 6, 0, 0), (6, 4, 0, 0), (0, 4, 0, 6), ('?', 1, 0, 6), (0, 1, 0, 6), (0, 6, 0, 6), ('?', 4, 0, 6), ('?', 6, 0, 6), ('?', 1, 0, 0)]"
"(6, 2, 2, 8, 0)","[(1, 6, 0, 0), (1, 4, 0, 6), (1, 6, 0, 0), (1, 4, 0, 6), (1, 6, 0, 0), (1, 1, 0, 1), (1, 6, 0, 6), (1, 6, 0, 0), (1, 4, 0, 0)]"
"(6, 2, 2, 10, 0)","[(1, 1, 0, '?'), (1, 1, 0, '?'), (1, 6, 0, '?'), (1, 6, 0, 2), (1, 4, 0, '?'), (1, 1, 0, '?'), (1, 1, 0, '?'), (1, 1, 0, '?'), (1, 1, 0, 5)]"
"(6, 2, 2, 11, 0)","[(2, 6, 0, '?'), (2, 1, 0, 6)]"
"(6, 2, 2, 15, 0)","[(3, 1, 0, 0), (3, 1, 0, 0), (3, 6, 0, 6), (3, 4, 0, 0), (3, 4, 0, 0), (3, 4, 0, 6), (3, 6, 0, 6), (3, 6, 0, 0), (3, 6, 0, 6), (3, 6, 0, 0), (3, 4, 0, 6), (3, 4, 0, 6), (3, 4, 0, 0), (3, 6, 0, 0), (3, 1, 0, 6), (3, 1, 0, 0), (3, 4, 0, 0), (3, 4, 0, 0), (3, 1, 0, 6)]"
"(6, 2, 2, 16, 0)","[('?', 1, 0, 2), ('?', 1, 0, 2), (1, 1, 0, 2)]"
"(6, 2, 2, 17, 0)","[(2, 1, 0, 6), (2, 6, 0, 6), (2, 4, 0, 6), (2, 4, 0, 0), (2, 1, 0, 6)]"
"(6, 2, 2, 20, 0)","[(3, 1, 0, 2), ('?', 4, 0, 2), (0, 4, 0, 2), (0, 4, 0, 2), ('?', 6, 0, 2), ('?', 1, 0, 2), ('?', 6, 0, 2), ('?', 4, 0, 2), ('?', 6, 0, 2), (3, 4, 0, 2)]"
"(6, 2, 2, 21, 0)","[(4, 1, 0, '?'), (4, 1, 0, '?'), (4, 1, 0, '?'), (4, 1, 0, 0), (4, 4, 0, '?'), (4, 1, 0, '?'), (4, 6, 0, '?'), (4, 1, 0, '?')]"
"(6, 2, 2, 22, 0)","[('?', 6, 0, '?'), (0, 1, 0, 6), (3, 1, 0, 0), ('?', 6, 0, '?'), (3, 1, 0, 0), ('?', 1, 0, 6), ('?', 1, 0, '?'), ('?', 1, 0, '?'), ('?', 1, 0, 0), ('?', 1, 0, '?'), (0, 4, 0, '?'), ('?', 1, 0, '?'), ('?', 6, 0, '?'), ('?', 4, 0, '?'), ('?', 4, 0, '?'), ('?', 6, 0, '?'), (0, 1, 0, 0), ('?', 1, 0, '?'), ('?', 1, 0, 6)]"
"(6, 2, 2, 25, 0)","[(4, 4, 0, 6), (4, 4, 0, 0)]"
"(6, 2, 2, 26, 0)","[(3, 1, 0, '?'), (3, 1, 0, '?'), (3, 1, 0, 6), (3, 1, 0, 0), (3, 4, 0, '?'), (3, 1, 0, '?'), (3, 1, 0, 0), (3, 1, 0, 6), (3, 1, 0, '?'), (3, 1, 0, 2), (3, 1, 0, 6), (3, 4, 0, '?'), (3, 4, 0, '?'), (3, 1, 0, 6), (3, 1, 0, 6)]"
"(6, 2, 2, 27, 0)","[(0, 6, 0, '?'), (0, 1, 0, 0), (0, 6, 0, '?'), (0, 1, 0, '?'), (0, 6, 0, 0), (0, 1, 0, '?'), (0, 1, 0, 0), (0, 1, 0, 5)]"
"(6, 2, 8, 2, 0)","[(1, 4, 0, 0), (1, 4, 0, 0)]"
"(6, 2, 8, 8, 0)","[(1, 4, 0, 6), (1, 6, 0, 6), (1, 4, 0, 6), (1, 6, 0, 0)]"
"(6, 2, 8, 20, 0)","[(1, 4, 0, 2)]"
"(6, 2, 10, 10, 0)","[(1, 4, 0, '?'), (1, 1, 0, 2), (1, 4, 0, '?')]"
"(6, 2, 11, 11, 0)","[(2, 1, 0, 6), (2, 6, 0, '?')]"
"(6, 2, 11, 20, 0)","[(2, 1, 0, 2), (2, 1, 0, 2)]"
"(6, 2, 15, 2, 0)","[(3, 4, 0, 0)]"
"(6, 2, 16, 2, 0)","[(4, 4, 0, 1)]"
"(6, 2, 16, 10, 0)","[(1, 6, 0, 5)]"
"(6, 2, 16, 25, 0)","[(4, 1, 0, 1), (4, 4, 0, 1), (4, 1, 0, 1), (4, 4, 0, 1)]"
"(6, 2, 17, 11, 0)","[(2, 4, 0, '?'), (2, 1, 0, 6), (2, 1, 0, 6), (2, 6, 0, '?')]"
"(6, 2, 17, 17, 0)","[(2, 6, 0, 6), (2, 6, 0, 6), (2, 6, 0, 6), (2, 6, 0, 6), (2, 4, 0, 0), (2, 6, 0, 6), (2, 4, 0, 6), (2, 4, 0, 0), (2, 4, 0, 6)]"
"(6, 2, 17, 22, 0)","[(2, 6, 0, '?')]"
"(6, 2, 20, 2, 0)","[(0, 4, 0, 1)]"
"(6, 2, 20, 8, 0)","[(1, 4, 0, 1), (1, 4, 0, 1), (1, 4, 0, 1)]"
"(6, 2, 20, 10, 0)","[(1, 4, 0, 5), (1, 6, 0, 5), (1, 4, 0, 5), (1, 1, '?', 5), (1, 6, 0, 5)]"
"(6, 2, 20, 11, 0)","[(2, 6, 0, 5), (2, 6, 0, 5), (2, 4, 0, 5), (2, 4, 0, 5), (2, 4, 0, 5), (3, 1, 0, 5)]"
"(6, 2, 20, 15, 0)","[(3, 4, 0, 1), (3, 4, 0, 1), (3, 1, 0, 1), (3, 1, 0, 1), (3, 4, 0, 1), (3, 1, 0, 1), (3, 1, 0, 1)]"
"(6, 2, 20, 17, 0)","[(2, 4, 0, 1), (2, 4, 0, 1), (2, 4, 0, 1), (2, 4, 0, 1), (2, 6, 0, 1), (2, 4, 0, 1), (2, 6, 0, 1), (2, 4, 0, 1), (2, 4, 0, 1), (2, 6, 0, 1)]"
"(6, 2, 20, 20, 0)","[('?', 6, 0, 1), ('?', 4, 0, 1), ('?', 6, 0, 1), ('?', 4, 0, 1)]"
"(6, 2, 20, 21, 0)","[(4, 1, 0, 5), (5, 4, 0, 5), (4, 4, 0, 5), (4, 4, 0, 5), (4, 1, 0, 5), (4, 1, 0, 5)]"
"(6, 2, 20, 22, 0)","[(6, 1, 0, 5), (6, 1, 0, 5), (6, 1, 0, 5), ('?', 6, 0, 5), ('?', 4, 0, 5), ('?', 4, 0, 5), ('?', 1, 0, 5), ('?', 4, 0, 5), ('?', 6, 0, 5), ('?', 6, 0, 5), ('?', 4, 0, 5), (6, 6, 0, 5)]"
"(6, 2, 20, 25, 0)","[(4, 4, 0, 1), (4, 1, 0, 1), (4, 1, 0, 1), (4, 4, 0, 1), (4, 4, 0, 1), (4, 1, 0, 1)]"
"(6, 2, 20, 26, 0)","[(3, 4, 0, 5), (3, 6, 0, 5), (3, 4, 0, 5), (3, 1, 0, 5), (3, 6, 0, 5), (3, 6, 0, 5), (3, 1, 0, 5), (3, 1, 0, 5)]"
"(6, 2, 20, 27, 0)","[(0, 6, 0, 5), (0, 4, 0, 1), (0, 6, 0, 1), (0, 4, 0, 1), (0, 6, 0, 5), (0, 1, 0, 5)]"
"(6, 2, 21, 16, 0)","[(4, 1, 0, 2), (4, 6, 0, 2), (4, 1, 0, 5), (4, 6, 0, 2), (4, 6, 0, 2), (4, 6, 0, 2), (4, 1, 0, 2), (4, 1, 0, 2)]"
"(6, 2, 21, 21, 0)","[(4, 1, 0, 6), (4, 4, 0, '?'), (4, 1, 0, 6)]"
"(6, 2, 22, 20, 0)","[(3, 4, 0, 2)]"
"(6, 2, 22, 26, 0)","[(3, 1, 0, '?')]"
"(6, 2, 25, 16, 0)","[(4, 1, 0, 2), (4, 6, 0, 2), (4, 1, 0, 2), (4, 1, 0, 2)]"
"(6, 2, 25, 21, 0)","[(4, 1, 0, 6), (4, 4, 0, '?'), (4, 1, 0, 6), (4, 1, 0, 6), (4, 1, 0, 6), (4, 1, 0, 0)]"
"(6, 2, 25, 25, 0)","[(4, 6, 0, 6), (4, 6, 0, 0), (4, 4, 0, 0), (4, 4, 0, 6), (4, 4, 0, 6), (4, 4, 0, 0), (4, 6, 0, 6), (4, 4, 0, 6), (4, 6, 0, 0), (4, 4, 0, 6), (4, 4, 0, 0)]"
"(6, 2, 26, 20, 0)","[(3, 4, 0, 2), (3, 1, 0, 2)]"
"(6, 2, 26, 22, 0)","[(3, 4, 0, '?'), (3, 4, 0, 5), (3, 1, 0, '?')]"
"(6, 2, 27, 2, 0)","[(0, 6, 0, 0), (0, 1, 0, 6), (0, 6, 0, 6), (0, 1, 0, 6), (0, 4, 0, 0), (0, 6, 0, 6), (0, 4, 0, 6), (0, 1, 0, 6), (0, 1, 0, 6), (0, 1, 0, 6), (0, 4, 0, 6)]"
"(6, 2, 27, 20, 0)","[(0, 6, 0, 2), (0, 6, 0, 2), (0, 4, 0, 2)]"
"(6, 2, 27, 22, 0)","[(0, 1, 0, 6), (0, 1, 0, '?'), (0, 1, 0, '?')]"
"(6, 4, 4, 2, 0)","[('?', 0, 0, 0), (6, 0, 0, 0), (6, 5, 0, 0)]"
"(6, 4, 4, 8, 0)","[(1, 5, 0, 6)]"
"(6, 4, 4, 15, 0)","[(3, 0, 0, 6)]"
"(6, 4, 4, 21, 0)","[(4, 5, 0, 1)]"
"(6, 4, 4, 22, 0)","[('?', 5, 0, '?'), ('?', 0, 0, '?'), ('?', 0, 0, '?')]"
"(6, 4, 4, 26, 0)","[(3, 5, 0, 5), (3, 5, 0, '?')]"
"(6, 4, 4, 27, 0)","[('?', 0, 0, 5)]"
"(6, 4, 8, 2, 0)","[(1, 0, 0, 6), (1, 5, 0, 0), (1, 5, 0, 6)]"
"(6, 4, 8, 8, 0)","[(1, 0, 0, 6), (1, 5, 0, 0)]"
"(6, 4, 10, 2, 0)","[(1, 5, 0, 6), (1, 5, 0, 0), (1, 5, 0, 6), (1, 5, 0, 6), (1, 5, 0, 6), (1, 0, 0, 6), (1, 5, 0, 6), (1, 5, 0, 0)]"
"(6, 4, 10, 4, 0)","[(1, 0, 0, 5), (1, 5, 0, '?')]"
"(6, 4, 10, 10, 0)","[(1, 0, 0, '?'), (1, 0, 0, 1), (1, 5, 0, '?'), (1, 0, 0, 5), (1, 0, 0, '?'), (1, 5, 0, '?'), (1, 0, 0, '?'), (1, 5, 0, '?'), (1, 0, 0, 5), (1, 0, 0, 5)]"
"(6, 4, 10, 16, 0)","[(1, 0, 0, 2)]"
"(6, 4, 10, 20, 0)","[(1, 0, 0, 2), (1, 0, 0, 2), (1, 0, 0, 2), (1, 0, 0, 2)]"
"(6, 4, 11, 11, 0)","[(2, 5, 0, 5), (2, 5, 0, '?')]"
"(6, 4, 11, 17, 0)","[(2, 5, 0, '?')]"
"(6, 4, 11, 20, 0)","[(2, 0, 0, 2), (2, 0, 0, 2), (2, 0, 0, 2), (2, 0, 0, 2)]"
"(6, 4, 13, 2, 0)","[(6, 5, 0, 6)]"
"(6, 4, 13, 16, 0)","[(5, 5, 0, 2)]"
"(6, 4, 16, 8, 0)","[(1, 0, 0, 1), (1, 0, 0, 1)]"
"(6, 4, 16, 25, 0)","[(4, 5, 0, 1)]"
"(6, 4, 17, 2, 0)","[(2, 5, 0, 0)]"
"(6, 4, 17, 17, 0)","[(2, 5, 0, 0), (2, 5, 0, 6), (2, 5, 0, 6), (2, 5, 0, 0), (2, 5, 0, 6), (2, 0, 0, 6), (2, 5, 0, 0), (2, 0, 0, 6), (2, 0, 0, 0), (2, 5, 0, 6), (2, 0, 0, 6), (2, 0, 0, 6), (2, 0, 0, 0), (2, 0, 0, 6), (2, 0, 0, 6)]"
"(6, 4, 18, 15, 0)","[(3, 5, 0, 1)]"
"(6, 4, 20, 3, 0)","[(4, 5, 0, 1)]"
"(6, 4, 20, 4, 0)","[('?', 0, 0, 1), (6, 5, 0, 5), (1, 0, 0, 1), ('?', 0, 0, 1), ('?', 5, 0, 1), ('?', 0, 0, 1)]"
"(6, 4, 20, 8, 0)","[(1, 0, 0, 1)]"
"(6, 4, 20, 10, 0)","[(1, 0, 0, 5), (1, 0, 0, 5), (1, 5, 0, 5)]"
"(6, 4, 20, 11, 0)","[(2, 0, 0, 5), (2, 5, 0, 5), (2, 5, 0, 5), (2, 0, 0, 5), (2, 0, 0, 5), (2, 0, 0, 5), (2, 5, 0, 5), (2, 0, 0, 5)]"
"(6, 4, 20, 15, 0)","[(3, 5, 0, 1), (3, 5, 0, 1), (3, 0, 0, 1), (3, 0, 0, 1), (3, 5, 0, 1), (3, 5, 0, 1), (3, 5, 0, 1), (3, 0, 0, 1)]"
"(6, 4, 20, 17, 0)","[(2, 5, 0, 1), (2, 5, 0, 1), (2, 5, 0, 1), (2, 5, 0, 1), (2, 5, 0, 1), (2, 5, 0, 1), (2, 5, 0, 1)]"
"(6, 4, 20, 20, 0)","[('?', 5, 0, 1), ('?', 5, 0, 1), ('?', 0, 0, 1)]"
"(6, 4, 20, 21, 0)","[(5, 5, 0, 5)]"
"(6, 4, 20, 22, 0)","[('?', 0, 0, 5), (6, 5, 0, 5), (0, 0, 0, 5), (6, 0, 0, 5), (4, 5, 0, 5), (6, 0, 0, 5), ('?', 5, 0, 5), (6, 5, 0, 5), (6, 0, 0, 5), ('?', 5, 0, 1), (6, 0, 0, 5), ('?', 5, 0, 1), ('?', 5, 0, 1), (6, 0, 0, 5), ('?', 0, 0, 5), (6, 0, 0, 5), (6, 5, 0, 5), ('?', 5, 0, 1)]"
"(6, 4, 20, 25, 0)","[(4, 5, 0, 1)]"
"(6, 4, 20, 26, 0)","[(3, 0, 0, 5), (3, 0, 0, 5)]"
"(6, 4, 20, 27, 0)","[(0, 0, 0, 1), (0, 0, 0, 1), (0, 5, 0, 1), (0, 0, 0, 5), (0, 0, 0, 5)]"
"(6, 4, 21, 16, 0)","[(4, 5, 0, 2), (4, 0, 0, 2), (4, 0, 0, 2), (4, 0, 0, 2), (4, 0, 0, 2), (4, 5, 0, 2), (4, 0, 0, 2), (4, 0, 0, 2), (4, 5, 0, 2), (4, 0, 0, 2)]"
"(6, 4, 21, 21, 0)","[(4, 5, 0, '?'), (4, 5, 0, '?'), (4, 5, 0, 1), (4, 5, 0, '?'), (4, 5, 0, 5), (4, 5, 0, 1), (4, 5, 0, '?'), (4, 5, 0, '?'), (4, 5, 0, 5), (4, 5, 0, 5), (4, 5, 0, '?'), (4, 5, 0, 5), (4, 5, 0, 5), (4, 0, 0, '?'), (4, 0, 0, 2), (4, 5, 0, 1), (4, 0, 0, '?'), (4, 0, 0, '?'), (4, 0, 0, '?'), (4, 5, 0, '?'), (4, 0, 0, '?'), (4, 5, 0, 1), (4, 5, 0, '?'), (4, 5, 0, '?')]"
"(6, 4, 21, 25, 0)","[(4, 5, 0, 6), (4, 5, 0, 0), (4, 0, 0, 0), (4, 5, 0, 6), (4, 5, 0, 0)]"
"(6, 4, 22, 2, 0)","[('?', 0, 0, 0), ('?', 0, 0, 0), ('?', 5, 0, 6), ('?', 5, 0, 0), ('?', 0, 0, 0), ('?', 5, 0, 0), ('?', 0, 0, 0), ('?', 5, 0, 0), ('?', 5, 0, 0), ('?', 5, 0, 6)]"
"(6, 4, 22, 4, 0)","[('?', 5, 0, 6)]"
"(6, 4, 22, 8, 0)","[(1, 5, 0, 0)]"
"(6, 4, 22, 10, 0)","[(1, 5, 0, '?'), (1, 5, 0, 5)]"
"(6, 4, 22, 11, 0)","[(2, 5, 0, '?')]"
"(6, 4, 22, 13, 0)","[(6, 5, 0, 6)]"
"(6, 4, 22, 15, 0)","[(3, 0, 0, 6), (3, 0, 0, 0), (3, 5, 0, 0), (3, 5, 0, 0), (3, 0, 0, 0), (3, 5, 0, 0), (3, 0, 0, 6)]"
"(6, 4, 22, 16, 0)","[(3, 5, 0, 2)]"
"(6, 4, 22, 17, 0)","[(2, 5, 0, 6)]"
"(6, 4, 22, 20, 0)","[('?', 5, 0, 2), ('?', 5, 0, 2), ('?', 5, 0, 2), ('?', 5, 0, 2), (3, 5, 0, 2)]"
"(6, 4, 22, 21, 0)","[(4, 5, 0, 5), (4, 5, 0, 5)]"
"(6, 4, 22, 22, 0)","[(0, 5, 0, 5), ('?', 0, 0, '?'), ('?', 0, 0, '?'), ('?', 5, 0, '?'), (2, 5, 0, 5), ('?', 5, 0, '?'), ('?', 0, 0, 5), ('?', 5, 0, 5), ('?', 5, 0, '?'), (1, 5, 0, 5)]"
"(6, 4, 22, 25, 0)","[(4, 0, 0, 6), (4, 5, 0, 6), (4, 5, 0, 0), (4, 5, 0, 6)]"
"(6, 4, 22, 26, 0)","[(3, 5, 0, '?'), (3, 0, 0, 5), (3, 5, 0, '?'), (3, 5, 0, 5), (3, 5, 0, '?'), (3, 5, 0, '?')]"
"(6, 4, 25, 21, 0)","[(4, 5, 0, 1)]"
"(6, 4, 25, 25, 0)","[(4, 5, 0, 0), (4, 0, 0, 0), (4, 0, 0, 6), (4, 5, 0, 6), (4, 0, 0, 0), (4, 0, 0, 6), (4, 5, 0, 0), (4, 5, 0, 6)]"
"(6, 4, 26, 2, 0)","[(3, 5, 0, 6), (7, 0, 0, 6), (7, 5, 0, 6)]"
"(6, 4, 26, 15, 0)","[(3, 5, 0, 6)]"
"(6, 4, 26, 22, 0)","[(3, 5, 0, 5)]"
"(6, 4, 27, 2, 0)","[(0, 5, 0, 6), (0, 0, 0, 6), (0, 5, 0, 6), (0, 5, 0, 6), (0, 5, 0, 0), (0, 0, 0, 6), (0, 5, 0, 0)]"
"(6, 4, 27, 20, 0)","[(0, 0, 0, 2), (0, 5, 0, 2), (0, 5, 0, 2), (0, 0, 0, 2)]"
"(6, 4, 27, 22, 0)","[(0, 5, 0, 1), (0, 5, 0, 5), (0, 5, 0, '?'), (0, 0, 0, 2), (0, 5, 0, '?'), (0, 0, 0, '?'), (0, 0, 0, '?'), (0, 0, 0, '?'), (0, 5, 0, 5), (0, 5, 0, '?'), (0, 0, 0, '?'), (0, 5, 0, '?')]"
"(6, 5, 20, 5, 0)","[(1, 3, 0, 1)]"
"(6, 6, 6, 2, 0)","[('?', 3, 0, 6), ('?', 7, 0, 6), ('?', 2, 0, 0), ('?', 3, 0, 6), ('?', 2, 0, 6), ('?', 2, 0, 6), (3, 7, 0, 0), (2, 7, 0, 0), (0, 3, 0, 6), ('?', 7, 0, 0), ('?', 2, 0, 0)]"
"(6, 6, 6, 10, 0)","[(1, 7, 0, '?'), (1, 7, 0, '?'), (1, 3, 0, '?')]"
"(6, 6, 6, 11, 0)","[(2, 7, 0, '?'), (2, 7, 0, '?'), (2, 2, 0, '?'), (2, 7, 0, '?'), (2, 2, 0, '?'), (2, 7, 0, '?'), (2, 7, 0, '?')]"
"(6, 6, 6, 15, 0)","[(3, 2, 0, 0), (3, 3, 0, 6), (3, 3, 0, 6), (3, 7, 0, 0), (3, 2, 0, 0), (3, 7, 0, 0), (3, 2, 0, 0)]"
"(6, 6, 6, 16, 0)","[('?', 3, 0, 2)]"
"(6, 6, 6, 17, 0)","[(2, 7, 0, 6), (2, 3, 0, 6)]"
"(6, 6, 6, 20, 0)","[(3, 3, 0, 2), (3, 3, 0, 2), (2, 7, 0, 2), ('?', 2, 0, 2), (3, 3, 0, 2)]"
"(6, 6, 6, 21, 0)","[(4, 2, 0, 6)]"
"(6, 6, 6, 22, 0)","[('?', 7, 0, 0), ('?', 3, 0, '?'), ('?', 3, 0, '?'), ('?', 2, 0, '?'), ('?', 7, 0, 6), ('?', 2, 0, 6)]"
"(6, 6, 6, 25, 0)","[(4, 3, 0, 6), (4, 3, 0, 6)]"
"(6, 6, 6, 26, 0)","[(3, 7, 0, 6), (3, 7, 0, 6), (3, 7, 0, 0), (3, 3, 0, 5), (3, 3, 0, 5)]"
"(6, 6, 8, 2, 0)","[(1, 7, 0, 6), (1, 7, 0, 0), (1, 2, 0, 0)]"
"(6, 6, 8, 8, 0)","[(1, 7, 0, 6), (1, 3, 0, 0), (1, 7, 0, 6), (1, 7, 0, 0), (1, 2, 0, 0), (1, 7, 0, 0), (1, 2, 0, 6)]"
"(6, 6, 8, 10, 0)","[(1, 7, 0, '?')]"
"(6, 6, 8, 16, 0)","[(1, 2, 0, 2)]"
"(6, 6, 8, 20, 0)","[(1, 3, 0, 2)]"
"(6, 6, 8, 25, 0)","[(1, 2, 0, 6)]"
"(6, 6, 9, 6, 0)","[(2, 7, 0, 3)]"
"(6, 6, 9, 17, 0)","[(2, 7, 0, 7)]"
"(6, 6, 10, 2, 0)","[(1, 2, 0, 0), (1, 2, 0, 6)]"
"(6, 6, 10, 8, 0)","[(1, 7, 0, 6)]"
"(6, 6, 10, 10, 0)","[(1, 3, 0, '?'), (1, 2, 0, '?'), (1, 3, 0, '?'), (1, 2, 0, '?'), (1, 2, 0, '?'), (1, 7, 0, '?'), (1, 3, 0, '?'), (1, 2, 0, '?')]"
"(6, 6, 10, 16, 0)","[(1, 7, 0, 2), (1, 3, 0, 2)]"
"(6, 6, 10, 20, 0)","[(1, 3, 0, 2), (1, 2, 0, 2), (1, 2, 0, 2)]"
"(6, 6, 11, 11, 0)","[(2, 7, 0, 0)]"
"(6, 6, 11, 20, 0)","[(2, 2, 0, 2), (2, 7, 0, 2), (2, 2, 0, 2), (2, 2, 0, 2)]"
"(6, 6, 15, 15, 0)","[(3, 3, 0, 6), (3, 3, 0, 6)]"
"(6, 6, 16, 6, 0)","[(4, 2, 0, 1)]"
"(6, 6, 16, 8, 0)","[(1, 3, 0, 1), (1, 3, 0, 1), (1, 2, 0, 1)]"
"(6, 6, 16, 10, 0)","[(1, 7, 0, 5)]"
"(6, 6, 16, 15, 0)","[(3, 3, 0, 1)]"
"(6, 6, 16, 16, 0)","[(4, 7, 0, 1)]"
"(6, 6, 16, 20, 0)","[(4, 2, 0, 1)]"
"(6, 6, 16, 21, 0)","[(4, 7, 0, 5), (4, 3, 0, 5), (4, 7, 0, 5), (4, 7, 0, 5), (4, 3, '?', 5), (4, 3, 0, 5), (4, 7, 0, 5), (4, 7, 0, 5)]"
"(6, 6, 16, 25, 0)","[(4, 7, 0, 1), (4, 3, 0, 1), (4, 2, 0, 1)]"
"(6, 6, 17, 2, 0)","[(2, 2, 0, 0), (2, 3, 0, 0), (2, 3, 0, 0), (2, 2, 0, 0), (2, 2, 0, 0)]"
"(6, 6, 17, 11, 0)","[(2, 7, 0, 6)]"
"(6, 6, 17, 17, 0)","[(2, 3, 0, 6), (2, 3, 0, 0)]"
"(6, 6, 20, 6, 0)","[('?', 2, 0, 1), ('?', 2, 0, 5), ('?', 7, 0, 1), ('?', 7, 0, 1), ('?', 2, 0, 1)]"
"(6, 6, 20, 8, 0)","[(1, 7, 0, 1), (1, 7, 0, 1), (1, 7, 0, 1), (1, 2, 0, 1)]"
"(6, 6, 20, 10, 0)","[(1, 3, 0, 5), (1, 7, 0, 5), (1, 3, 0, 5)]"
"(6, 6, 20, 11, 0)","[(2, 7, 0, 5), (2, 7, 0, 5), (2, 3, 0, 5), (2, 2, 0, 5), (2, 7, 0, 5), (2, 3, 0, 5), (2, 3, 0, 5)]"
"(6, 6, 20, 15, 0)","[(3, 3, 0, 1), (3, 7, 0, 1), (3, 3, 0, 1), (3, 7, 0, 1), (3, 7, 0, 1), (3, 3, 0, 1)]"
"(6, 6, 20, 17, 0)","[(2, 2, 0, 1), (2, 3, 0, 1), (2, 2, 0, 1), (2, 3, 0, 1), (2, 2, 0, 1)]"
"(6, 6, 20, 20, 0)","[('?', 7, 0, 1), ('?', 2, 0, 1), ('?', 2, 0, 1)]"
"(6, 6, 20, 21, 0)","[(4, 7, 0, 5)]"
"(6, 6, 20, 22, 0)","[('?', 3, 0, 5), ('?', 2, 0, 5), (6, 7, 0, 5), (6, 3, 0, 5), ('?', 3, 0, 5), (6, 7, 0, 5)]"
"(6, 6, 20, 25, 0)","[(4, 2, 0, 1)]"
"(6, 6, 20, 26, 0)","[(3, 2, 0, 5), (3, 2, 0, 5), (3, 3, 0, 5), (3, 7, 0, 5)]"
"(6, 6, 20, 27, 0)","[(0, 7, 0, 5), (0, 7, 0, 1), (0, 7, 0, 5), (0, 2, 0, 5), (0, 2, 0, 5)]"
"(6, 6, 21, 16, 0)","[(4, 2, 0, 2), (4, 7, 0, 2), (4, 2, 0, 2), (4, 7, 0, 2), (4, 2, 0, 2)]"
"(6, 6, 21, 21, 0)","[(4, 2, 0, 0), (4, 2, 0, 6), (4, 3, 0, 6), (4, 2, 0, '?'), (4, 2, 0, 6), (4, 2, 0, '?')]"
"(6, 6, 22, 2, 0)","[('?', 3, 0, 6), ('?', 2, 0, 6), ('?', 2, 0, 6)]"
"(6, 6, 22, 6, 0)","[('?', 3, 0, 0)]"
"(6, 6, 22, 11, 0)","[(2, 2, 0, '?'), (2, 7, 0, 6)]"
"(6, 6, 22, 15, 0)","[(3, 2, 0, 0)]"
"(6, 6, 22, 16, 0)","[('?', 3, 0, 2)]"
"(6, 6, 22, 17, 0)","[(2, 7, 0, 6), (2, 7, 0, 0)]"
"(6, 6, 22, 20, 0)","[('?', 3, 0, 2), ('?', 2, 0, 2), (3, 2, 0, 2), ('?', 3, 0, 2), (3, 2, 0, 2)]"
"(6, 6, 22, 22, 0)","[('?', 7, 0, 0), ('?', 7, 0, 6), ('?', 7, 0, 6), ('?', 7, 0, 6)]"
"(6, 6, 22, 26, 0)","[(3, 3, 0, 5), (3, 7, 0, 0), (3, 3, 0, 5)]"
"(6, 6, 22, 27, 0)","[(0, 2, 0, 5)]"
"(6, 6, 25, 2, 0)","[('?', 3, 0, 6)]"
"(6, 6, 25, 21, 0)","[(4, 2, 0, 6)]"
"(6, 6, 25, 25, 0)","[(4, 3, 0, 6), (4, 7, 0, 0), (4, 2, 0, 6), (4, 3, 0, 6), (4, 2, 0, 6), (4, 2, 0, 6), (4, 2, 0, 6), (4, 3, 0, 6), (4, 2, 0, 0), (4, 2, 0, 0)]"
"(6, 6, 26, 20, 0)","[(3, 3, 0, 2), (3, 7, 0, 2), (3, 7, 0, 2), (3, 7, 0, 2)]"
"(6, 6, 27, 2, 0)","[(0, 7, 0, 6), (0, 7, 0, 6), (0, 2, 0, 6), (0, 3, 0, 6), (0, 7, 0, 0), (0, 3, 0, 0), (0, 3, 0, 6), (0, 3, 0, 6), (0, 2, 0, 0), (0, 7, 0, 0), (0, 2, 0, 6), (0, 2, 0, 0), (0, 2, 0, 0), (0, 2, 0, 6), (0, 2, 0, 6), (0, 7, 0, 6), (0, 7, 0, 6), (0, 3, 0, 6), (0, 3, 0, 0), (0, 7, 0, 6)]"
"(6, 6, 27, 20, 0)","[(0, 7, 0, 2), (0, 7, 0, 2), (0, 3, 0, 2), (0, 2, 0, 2), (0, 7, 0, 2), (0, 7, 0, 2), (0, 7, 0, 2)]"
"(6, 6, 27, 22, 0)","[(0, 7, 0, '?'), (0, 7, 0, '?'), (0, 2, 0, '?'), (0, 0, 0, '?'), (0, 2, 0, 2), (0, 3, 0, '?')]"
"(6, 9, 2, 2, 0)","[(2, 1, 0, 3)]"
"(6, 9, 2, 15, 0)","[(3, 6, 0, 3)]"
"(6, 9, 2, 17, 0)","[(2, '?', 0, 3)]"
"(6, 9, 2, 21, 0)","[(4, 1, 0, 4), (4, 4, 0, 4), (4, 4, 0, 4), (4, 1, 0, 4), (4, 1, 0, 4)]"
"(6, 9, 2, 22, 0)","[('?', 6, 0, 4)]"
"(6, 9, 4, 22, 0)","[('?', 0, 0, '?')]"
"(6, 9, 4, 25, 0)","[(4, 0, 0, 3), (4, 5, 0, 3), (4, 0, 0, 3), (4, 5, 0, 3)]"
"(6, 9, 6, 9, 0)","[(1, 7, 0, 7)]"
"(6, 9, 6, 11, 0)","[(2, 7, 0, 3)]"
"(6, 9, 6, 15, 0)","[(3, 2, 0, 3), (3, 3, 0, 3)]"
"(6, 9, 6, 22, 0)","[(2, 7, 0, 3)]"
"(6, 9, 22, 2, 0)","[(3, 2, 0, 3), ('?', 4, 0, 3)]"
"(6, 9, 22, 9, 0)","[(2, 2, 0, 7)]"
"(6, 9, 22, 11, 0)","[(2, 7, 0, 3)]"
"(6, 9, 22, 15, 0)","[(3, 4, 0, 3), (3, 4, 0, 3), (3, 4, 0, 3)]"
"(6, 9, 22, 17, 0)","[(2, 3, 0, 3), (2, 3, 0, 3), (2, '?', 0, 3)]"
"(6, 9, 25, 25, 0)","[(4, '?', 0, 3)]"
"(6, 9, 27, 2, 0)","[(0, 3, 0, '?')]"
"(6, 10, 2, 10, 0)","[(1, 6, 0, '?'), (1, 6, 0, 2), (1, 6, 0, 2), (1, 4, 0, 2), (1, 6, 0, '?'), (1, 6, 0, 2), (1, 1, 0, 2), (1, 6, 0, '?')]"
"(6, 10, 2, 16, 0)","[(1, 4, 0, 2)]"
"(6, 10, 4, 10, 0)","[(1, 0, 0, '?')]"
"(6, 10, 6, 2, 0)","[(1, 3, 0, 0)]"
"(6, 10, 10, 2, 0)","[(1, 3, 0, 0)]"
"(6, 10, 10, 10, 0)","[(1, 2, 0, 6)]"
"(6, 10, 20, 8, 0)","[(1, 2, 0, 1), (1, 3, 0, 1), (1, 2, 0, 1), (1, 7, 0, 1), (1, '?', 0, 1)]"
"(6, 10, 20, 10, 0)","[(1, '?', 0, 1), (1, '?', 0, 1), (1, 3, 0, 5), (1, 2, 0, 1)]"
"(6, 10, 22, 2, 0)","[(1, '?', 0, 0)]"
"(6, 10, 22, 8, 0)","[(1, 6, 0, 6), (1, '?', 0, 6), (1, 6, 0, 6)]"
"(6, 10, 22, 16, 0)","[(1, '?', 0, 2)]"
"(6, 11, 11, 20, 0)","[(2, '?', 0, 2)]"
"(6, 11, 20, 17, 0)","[(2, '?', 0, 1)]"
"(6, 11, 20, 20, 0)","[(2, 2, 0, 1), (2, '?', 0, 1)]"
"(6, 15, 2, 20, 0)","[(3, 4, 0, 2)]"
"(6, 15, 4, 2, 0)","[(7, 0, 0, 6)]"
"(6, 15, 4, 20, 0)","[(7, 5, 0, 1)]"
"(6, 15, 4, 22, 0)","[(7, 5, 0, 1), (7, 5, 0, 1)]"
"(6, 15, 16, 6, 0)","[(7, 2, 0, 1), (7, 2, 0, 1)]"
"(6, 15, 20, 4, 0)","[(7, 5, 0, 1)]"
"(6, 15, 20, 6, 0)","[(7, 2, 0, 1)]"
"(6, 15, 20, 15, 0)","[(7, 5, 0, 1), (7, 5, 0, 1), (7, 3, 0, 1)]"
"(6, 15, 20, 20, 0)","[(7, 3, 0, 1), (7, '?', 0, 1)]"
"(6, 16, 6, 16, 0)","[(4, 3, 0, 1)]"
"(6, 16, 8, 20, 0)","[(1, 2, 0, 1)]"
"(6, 20, 2, 16, 0)","[(1, 4, 0, 1)]"
"(6, 20, 2, 20, 0)","[('?', 6, 0, 1)]"
"(6, 20, 4, 20, 0)","[('?', 0, 0, 1), ('?', 0, 0, 1)]"
"(6, 20, 8, 2, 0)","[(1, 4, 0, 1), (1, 7, 0, 1)]"
"(6, 20, 8, 20, 0)","[(1, 1, 0, 1)]"
"(6, 20, 10, 2, 0)","[(1, 4, 0, 1)]"
"(6, 20, 15, 20, 0)","[(3, '?', 0, 1), (3, 3, 0, 1), (3, 7, 0, 1), (3, 0, 0, 1), (3, 1, 0, 1), (7, '?', 0, 1), (3, 7, 0, 1), (3, 1, 0, 1), (3, 1, 0, 1), (3, 7, 0, 1), (3, 1, 0, 1), (3, 3, 0, 1)]"
"(6, 20, 17, 2, 0)","[(2, 2, 0, 1), (2, 6, 0, 1)]"
"(6, 20, 17, 20, 0)","[(2, 3, 0, 1)]"
"(6, 20, 20, 2, 0)","[('?', 4, 0, 1), (0, 4, 0, 1), (1, 1, 0, 1), ('?', 6, 0, 1), ('?', 6, 0, 1), ('?', 6, 0, 1)]"
"(6, 20, 20, 4, 0)","[('?', 0, 0, 1), ('?', 0, 0, 1)]"
"(6, 20, 20, 6, 0)","[('?', 7, 0, 1)]"
"(6, 20, 20, 8, 0)","[(1, 3, 0, 1), (1, 2, 0, 1)]"
"(6, 20, 20, 15, 0)","[(3, 0, 0, 1), (3, 4, 0, 1), (3, 7, 0, 1)]"
"(6, 20, 20, 17, 0)","[(2, 6, 0, 1), (2, 3, 0, 1)]"
"(6, 20, 20, 20, 0)","[('?', '?', 0, 1), (0, 3, 0, 1), ('?', '?', 0, 1), ('?', 2, 0, 1), ('?', 7, 0, 1), ('?', '?', 0, 1), (1, 3, 0, 1), (1, 1, 0, 1), (1, '?', 0, 1), (3, '?', 0, 1), (0, 2, 0, 1)]"
"(6, 20, 20, 25, 0)","[(4, 4, 0, 1), (4, 1, 0, 1), ('?', '?', 0, 1)]"
"(6, 20, 20, 27, 0)","[(0, 3, 0, 1), (0, 3, 0, 1), (0, 6, 0, 1)]"
"(6, 20, 22, 16, 0)","[(7, 2, 0, 1)]"
"(6, 20, 22, 20, 0)","[(4, 7, 0, 1), (1, 1, 0, 1), ('?', 6, 0, 1), ('?', 2, 0, 1), ('?', '?', 0, 1), ('?', '?', 0, 1), ('?', 2, 0, 1)]"
"(6, 20, 22, 25, 0)","[(4, 1, 0, 1), (4, '?', 0, 1), (4, 1, 0, 1)]"
"(6, 20, 25, 25, 0)","[(4, 7, 0, 1), (4, 7, 0, 1), (4, 3, 0, 1)]"
"(6, 20, 27, 2, 0)","[(0, 0, 0, 1)]"
"(6, 20, 27, 20, 0)","[(0, 2, 0, 1), (0, 2, 0, 1), (0, 3, 0, 1), (0, 0, 0, 1), (0, 2, 0, 1), (0, 6, 0, 1), (0, 3, 0, 1), (0, 7, 0, 1), (0, 3, 0, 1), (0, 4, 0, 1), (0, 6, 0, 1), (0, 3, 0, 1)]"
"(6, 22, 2, 2, 0)","[('?', 6, 0, 0), ('?', 6, 0, 6), (6, 4, 0, 0), (6, 4, 0, 0), ('?', 4, 0, 6), ('?', 6, 0, 6), ('?', 6, 0, 6), ('?', 4, 0, 0), ('?', 6, 0, 6), ('?', 4, 0, 6), ('?', 4, 0, 0), ('?', 1, 0, 0), ('?', 6, 0, 6), ('?', 6, 0, 0), ('?', 6, 0, 6)]"
"(6, 22, 2, 8, 0)","[(1, 6, 0, 6), (1, 4, 0, 0)]"
"(6, 22, 2, 10, 0)","[(1, 1, 0, '?'), (1, 4, 0, '?'), (1, 4, 0, '?'), (1, 1, 0, '?'), (1, 1, 0, '?'), (1, 6, 0, '?'), (1, 4, 0, 5), (1, 4, 0, '?'), (1, 1, 0, '?'), (1, 6, 0, '?'), (1, 6, 0, '?'), (1, 4, 0, '?'), (1, 4, 0, '?')]"
"(6, 22, 2, 11, 0)","[(2, 1, 0, 6), (2, 4, 0, '?'), (2, 6, 0, '?'), (2, 4, 0, '?'), (2, 4, 0, '?'), (2, 4, 0, '?'), (2, 4, 0, '?')]"
"(6, 22, 2, 15, 0)","[(3, 6, 0, 6), (3, 6, 0, 0)]"
"(6, 22, 2, 16, 0)","[(1, 4, 0, 2), (1, 4, 0, 2), (1, 1, 0, 2), (1, 1, 0, 2), (1, 4, 0, 2), (1, 4, 0, 2), (1, 6, 0, 2), (1, 6, 0, 2), (4, 1, 0, 2), (1, 1, 0, 2), (1, 6, 0, 2), (4, 4, 0, 2)]"
"(6, 22, 2, 20, 0)","[(3, 1, 0, 2), ('?', 1, 0, 2), ('?', 4, 0, 2), ('?', 1, 0, 2), ('?', 1, 0, 2), ('?', 4, 0, 2), ('?', 4, 0, 2), ('?', 1, 0, 2), (2, 1, 0, 2), ('?', 4, 0, 2), ('?', 1, 0, 2), ('?', 6, 0, 2), (3, 4, 0, 2), ('?', 6, 0, 2), ('?', 1, 0, 2), ('?', 4, 0, 2), (3, 4, 0, 2), (3, 1, 0, 2), ('?', 6, 0, 2), (6, 1, 0, 2), ('?', 4, 0, 2), (6, 1, 0, 2)]"
"(6, 22, 2, 21, 0)","[(4, 1, 0, 0), (4, 1, 0, 6), (4, 1, 0, '?'), (4, 6, 0, 6), (4, 6, 0, 2), (4, 6, 0, '?'), (4, 1, 0, 0), (4, 6, 0, 2), (4, 1, 0, 0), (4, 4, 0, '?'), (4, 1, 0, '?'), (4, 6, 0, '?'), (4, 4, 0, '?'), (4, 1, 0, '?'), (4, 4, 0, 2), (4, 1, 0, 6), (4, 1, 0, 0), (4, 6, 0, '?'), (4, 1, 0, 0), (4, 1, 0, '?'), (4, 4, 0, '?')]"
"(6, 22, 2, 22, 0)","[('?', 1, 0, '?'), (6, 1, 0, 6), ('?', 1, 0, '?'), ('?', 4, 0, '?'), ('?', 4, 0, '?'), ('?', 4, 0, '?'), ('?', 1, 0, 6), ('?', 6, 0, '?'), ('?', 4, 0, '?'), ('?', 6, 0, 2), ('?', 4, 0, '?'), ('?', 4, 0, '?'), ('?', 4, 0, 5), (6, 1, 0, '?'), ('?', 6, 0, '?'), ('?', 1, 0, '?'), ('?', 1, 0, 0), ('?', 6, 0, '?'), (6, 1, 0, 6), ('?', 4, 0, '?')]"
"(6, 22, 2, 25, 0)","[(4, 6, 0, 6), (4, 4, 0, 0), (4, 6, 0, 6), (4, 6, 0, 0), (4, 4, 0, 0)]"
"(6, 22, 2, 26, 0)","[(3, 1, 0, '?'), (3, 4, 0, '?'), (3, 1, 0, '?'), (3, 4, 0, '?')]"
"(6, 22, 4, 2, 0)","[('?', 5, 0, 6), (3, 5, 0, 6), ('?', 5, 0, 0), ('?', 5, 0, 6), (3, 0, 0, 6), ('?', 0, 0, 0), ('?', 0, 0, 0), ('?', 5, 0, 6), (3, 5, 0, 6), (2, 5, 0, 6), ('?', 5, 0, 0), (1, 5, 0, 0), ('?', 0, 0, 0)]"
"(6, 22, 4, 8, 0)","[(1, 5, 0, 6), (1, 5, 0, 6), (1, 5, 0, 0), (1, 5, 0, 0), (1, 0, 0, 6), (1, 0, 0, 6), (1, 0, 0, 6)]"
"(6, 22, 4, 10, 0)","[(1, 0, 0, '?'), (1, 0, 0, '?'), (1, 5, 0, '?'), (1, 5, 0, '?'), (1, 5, 0, '?'), (1, 0, 0, '?')]"
"(6, 22, 4, 11, 0)","[(2, 5, 0, '?')]"
"(6, 22, 4, 15, 0)","[(3, 0, 0, 6), (3, 0, 0, 0), (3, 5, 0, 6), (3, 5, 0, 0), (3, 0, 0, 6), (3, 0, 0, 0), (3, 0, 0, 0), (3, 5, 0, 0), (3, 0, 0, 6), (3, 5, 0, 0), (3, 0, 0, 6)]"
"(6, 22, 4, 17, 0)","[(2, 5, 0, 0), (2, 0, 0, 0), (2, 5, 0, 6), (2, 0, 0, 6), (2, 0, 0, 0), (2, 5, 0, 6)]"
"(6, 22, 4, 20, 0)","[('?', 5, 0, 2), (3, 5, 0, 2)]"
"(6, 22, 4, 21, 0)","[(4, 5, 0, '?')]"
"(6, 22, 4, 22, 0)","[(2, 5, 0, 5), (3, 5, 0, 2), (2, 5, 0, '?'), ('?', 0, 0, '?'), ('?', 5, 0, '?'), ('?', 0, 0, 5)]"
"(6, 22, 4, 25, 0)","[(4, 5, 0, 6), (4, 0, 0, 0), (4, 0, 0, 6), (4, 0, 0, 6), (4, 0, 0, 6), (4, 0, 0, 6), (4, 0, 0, 6), (4, 5, 0, 0)]"
"(6, 22, 4, 26, 0)","[(3, 5, 0, '?')]"
"(6, 22, 6, 2, 0)","[('?', 7, 0, 0), ('?', 3, 0, 0), ('?', 3, 0, 0), ('?', 3, 0, 0), (3, 2, 0, 0), ('?', 2, 0, 0), ('?', 3, 0, 6), ('?', 3, 0, 6), ('?', 3, 0, 0), (3, 2, 0, 0)]"
"(6, 22, 6, 8, 0)","[(1, 2, 0, 6), (1, 7, 0, 0), (1, 7, 0, 6)]"
"(6, 22, 6, 10, 0)","[(1, 2, 0, 6)]"
"(6, 22, 6, 11, 0)","[(2, 7, 0, 6)]"
"(6, 22, 6, 15, 0)","[(3, 3, 0, 0), (3, 3, 0, 0), (3, 2, 0, 6), (3, 2, 0, 6)]"
"(6, 22, 6, 17, 0)","[(2, 3, 0, 0)]"
"(6, 22, 6, 20, 0)","[(2, 7, 0, 2)]"
"(6, 22, 6, 21, 0)","[(1, 2, 0, '?')]"
"(6, 22, 6, 22, 0)","[('?', 7, 0, 0), ('?', 2, 0, 6), ('?', 2, 0, '?'), ('?', 2, 0, 6)]"
"(6, 22, 6, 26, 0)","[(3, 7, 0, 0), (3, 7, 0, 6)]"
"(6, 22, 8, 2, 0)","[(1, 4, 0, 6), (1, 4, 0, 6)]"
"(6, 22, 8, 8, 0)","[(1, 3, 0, 0), (1, '?', 0, 0), (1, '?', 0, 6), (1, 4, 0, 6)]"
"(6, 22, 8, 10, 0)","[(1, 7, 0, '?'), (1, 7, 0, '?')]"
"(6, 22, 9, 9, 0)","[(2, 2, 0, 7)]"
"(6, 22, 10, 2, 0)","[(1, '?', 0, 0), (1, '?', 0, 0), (1, '?', 0, 0), (1, '?', 0, 6), (1, '?', 0, 0), (1, '?', 0, 6), (1, 2, 0, 0), (1, 6, 0, 6), (1, 4, 0, 6), (1, 7, 0, 0), (1, '?', 0, 6), (1, 7, 0, 6), (1, 7, 0, 0), (1, '?', 0, 6), (1, 3, 0, 0), (1, '?', 0, 6)]"
"(6, 22, 10, 8, 0)","[(1, '?', 0, 0), (1, 7, 0, 6)]"
"(6, 22, 10, 10, 0)","[(1, '?', 0, '?'), (1, '?', 0, '?'), (1, 5, 0, '?'), (1, 7, 0, '?'), (1, '?', 0, '?'), (1, '?', 0, '?'), (1, '?', 0, '?'), (1, '?', 0, '?'), (1, 5, 0, 5), (1, 7, 0, '?'), (1, 3, 0, '?'), (1, 3, 0, '?'), (1, '?', 0, '?')]"
"(6, 22, 10, 20, 0)","[(1, 7, 0, 2), (1, '?', 0, 2), (1, 2, 0, 2), (1, 0, 0, 2), (1, 0, 0, 2), (1, '?', 0, 2), (1, 7, 0, 2), (1, 2, 0, 2), (1, 7, 0, 2), (1, '?', 0, 2), (1, 7, 0, 2), (1, 3, 0, 2), (1, '?', 0, 2), (1, 3, 0, 2), (1, 2, 0, 2), (1, 6, 0, 2), (1, 3, 0, 2), (1, 3, 0, 2), (1, 0, 0, 2)]"
"(6, 22, 10, 22, 0)","[(1, '?', 0, '?'), (1, 3, 0, '?')]"
"(6, 22, 11, 2, 0)","[(2, 3, 0, 6)]"
"(6, 22, 11, 11, 0)","[(2, '?', 0, '?'), (2, '?', 0, 6), (2, '?', 0, '?'), (2, 5, 0, '?'), (2, '?', 0, '?'), (2, 2, 0, '?'), (2, 2, 0, 0), (2, 2, 0, '?'), (2, 6, 0, 6), (2, '?', 0, '?'), (2, 2, 0, '?'), (2, 7, 0, 0), (2, '?', 0, '?'), (2, '?', 0, '?'), (2, '?', 0, '?'), (2, '?', 0, '?'), (2, 7, 0, 6), (2, 7, 0, '?'), (2, 6, 0, '?'), (2, 4, 0, '?'), (2, 3, 0, 6), (2, 4, 0, '?'), (2, 7, 0, 0), (2, 4, 0, '?'), (2, 4, 0, '?'), (2, '?', 0, '?'), (2, 2, 0, 0), (2, 2, 0, 0), (2, 7, 0, 0)]"
"(6, 22, 11, 17, 0)","[(2, 3, 0, 0), (2, 3, 0, 6), (2, 3, 0, 6)]"
"(6, 22, 11, 20, 0)","[(2, '?', 0, 2), (2, 7, 0, 2), (2, '?', 0, 2), (2, '?', 0, 2), (2, 7, 0, 2), (2, 2, 0, 2), (2, '?', 0, 2), (2, 1, 0, 2), (2, 1, 0, 2), (2, 2, 0, 2), (2, 1, 0, 2), (2, 0, 0, 2), (2, '?', 0, 2), (2, 0, 0, 2), (2, '?', 0, 2), (2, 1, 0, 2), (2, '?', 0, 2)]"
"(6, 22, 15, 2, 0)","[(3, '?', 0, 6), (3, '?', 0, 6), (3, '?', 0, 6)]"
"(6, 22, 15, 6, 0)","[(3, 3, 0, 6), (3, 3, 0, 0), (3, 2, 0, 6), (3, '?', 0, 6)]"
"(6, 22, 15, 15, 0)","[(3, '?', 0, 6)]"
"(6, 22, 17, 2, 0)","[(2, 4, 0, 6), (2, 5, 0, 0), (2, 4, 0, 0), (2, '?', 0, 6), (2, '?', 0, 6)]"
"(6, 22, 17, 11, 0)","[(2, 7, 0, 0), (2, 1, 0, 6)]"
"(6, 22, 17, 17, 0)","[(2, 4, 0, 0), (2, 0, 0, 0), (2, 4, 0, 0), (2, 0, 0, 6), (2, '?', 0, 6), (2, 3, 0, 0), (2, '?', 0, 6), (2, 3, 0, 6), (2, 2, 0, 0), (2, 3, 0, 0), (2, '?', 0, 6), (2, 3, 0, 6), (2, 3, 0, 6), (2, 6, 0, 6), (2, '?', 0, 6)]"
"(6, 22, 20, 4, 0)","[('?', 0, 0, 5), (2, 5, 0, 1), ('?', 5, 0, 1)]"
"(6, 22, 20, 5, 0)","[(1, 3, 0, 1), (1, 7, 0, 1), (1, 3, 0, 1)]"
"(6, 22, 20, 8, 0)","[(1, '?', 0, 1), (1, '?', 0, 1), (1, 7, 0, 1), (1, '?', 0, 1), (1, 3, 0, 1)]"
"(6, 22, 20, 10, 0)","[(1, 5, 0, 5), (1, 7, 0, 2), (1, 4, 0, 5), (1, 3, 0, 5), (1, 7, 0, 5), (1, 1, 0, 5), (1, 7, 0, 5), (1, '?', 0, 5), (1, '?', 0, 5), (1, 3, 0, 5), (1, 6, 0, 5), (1, '?', 0, 5), (1, 7, 0, 5), (1, '?', 0, 5), (1, 7, 0, 5), (1, 1, 0, 5), (1, 1, 0, 5), (1, 0, 0, 5), (1, 6, 0, 5), (1, 7, 0, 5), (1, 6, 0, 5), (1, 7, 0, 5), (1, '?', 0, 5), (1, '?', 0, 5), (1, '?', 0, 5), (1, 6, 0, 5), (1, 3, 0, 5), (1, '?', 0, 1), (1, 4, 0, 5), (1, 5, 0, 5), (1, 4, 0, 5), (1, 0, 0, 5), (1, '?', 0, 5), (1, 1, 0, 5)]"
"(6, 22, 20, 11, 0)","[(2, '?', 0, 5), (2, '?', 0, 5), (2, 3, 0, 5), (2, 2, 0, 5), (2, 0, 0, 5), (2, '?', 0, 5), (2, 2, 0, 5), (2, 2, 0, 5), (2, 7, 0, 5), (2, 4, 0, 5), (2, 6, 0, 5), (2, '?', 0, 5), (2, 0, 0, 5), (2, 0, 0, 5), (2, 3, 0, 5), (2, 6, 0, 5), (2, 4, 0, 5), (2, 6, 0, 5), (2, 6, 0, 5), (2, 3, 0, 5), (2, 4, 0, 5), (2, 6, 0, 5), (2, '?', 0, 5), (2, 3, 0, 5), (2, 6, 0, 5), (2, 2, 0, 5), (2, 5, 0, 5)]"
"(6, 22, 20, 15, 0)","[(3, '?', 0, 1), (3, 5, 0, 1), (3, '?', 0, 1), (3, 4, 0, 1), (3, '?', 0, 1), (3, 0, 0, 1), (3, '?', 0, 1), (3, '?', 0, 1)]"
"(6, 22, 20, 17, 0)","[(2, '?', 0, 1), (2, 2, 0, 1), (2, '?', 0, 1), (2, '?', 0, 1), (2, 6, 0, 1), (2, 3, 0, 1), (2, 2, 0, 1), (2, '?', 0, 1), (2, 4, 0, 1), (2, 6, 0, 1), (2, '?', 0, 1), (2, 6, 0, 1), (2, 6, 0, 1), (2, 2, 0, 1), (2, '?', 0, 1), (2, '?', 0, 1)]"
"(6, 22, 20, 20, 0)","[(1, 2, 0, 1), ('?', 7, 0, 1), ('?', '?', 0, 1), ('?', 4, 0, 1), (1, 7, 0, 1), (1, 2, 0, 1), (1, 7, 0, 1), ('?', 6, 0, 1), ('?', 7, 0, 1), (1, 7, 0, 1), (4, '?', 0, 1)]"
"(6, 22, 20, 21, 0)","[(4, 3, 0, 5), (4, 1, 0, 5), (4, 4, 0, 5), (4, '?', 0, 5), (4, 5, 0, 5), (4, 1, 0, 5), (4, 2, 0, 5), (4, 2, 0, 5), (4, 1, 0, 5), (4, 2, 0, 5), (4, 7, 0, 5), (4, 3, 0, 5), (4, 2, 0, 5), (4, '?', 0, 5), (4, 2, 0, 5), (4, 2, 0, 5), (4, 3, 0, 5), (4, '?', 0, 5), (4, 1, 0, 5), (4, 3, 0, 5), (4, 4, 0, 5), (4, '?', 0, 5), (4, 3, 0, 5), (4, 4, 0, 5), (4, '?', 0, 5), (4, 7, 0, 5), (4, 4, 0, 5), (4, 7, 0, 5), (4, '?', 0, 5), (4, 4, 0, 5)]"
"(6, 22, 20, 22, 0)","[('?', 3, 0, 5), ('?', 1, 0, 5), ('?', 4, 0, 5), ('?', 3, 0, 2), ('?', 1, 0, 5), ('?', '?', 0, 5), ('?', '?', 0, 5), ('?', 7, 0, 5), (6, '?', 0, 5), (6, 4, 0, 5), ('?', 1, 0, 5), ('?', 7, 0, 5), ('?', 4, 0, 5), ('?', 2, 0, 5), ('?', '?', 0, 5), (2, 2, 0, 5), ('?', 7, 0, 5), ('?', 2, 0, 5), ('?', 6, 0, 5), (2, 2, 0, 5), (6, 6, 0, 5), (2, 5, 0, 5), (0, 1, 0, 5), ('?', 2, 0, 5), ('?', 2, 0, 5), ('?', 6, 0, 5), ('?', 7, 0, 5), ('?', '?', 0, 5), ('?', '?', 0, 5), (0, 7, 0, 5), ('?', 4, 0, 5), ('?', 1, 0, 5), (6, 6, 0, 5), ('?', 3, 0, 5), (0, 1, 0, 5), (6, 6, 0, 5), ('?', '?', 0, 5), ('?', 2, 0, 5), ('?', 2, 0, 5), (6, 6, 0, 5), (0, 6, 0, 5), (0, 7, 0, 5), ('?', '?', 0, 5), ('?', 4, 0, 5), (6, 6, 0, 5), ('?', 7, 0, 5), ('?', 0, 0, 5), ('?', 4, 0, 5), ('?', 7, 0, 5), ('?', 6, 0, 5), ('?', 6, 0, 5), ('?', 6, 0, 5), ('?', 5, 0, 5)]"
"(6, 22, 20, 25, 0)","[(4, 2, 0, 1), (4, '?', 0, 1), (4, 7, 0, 1), (4, 2, 0, 1), (4, 1, 0, 1), (4, 3, 0, 1), (4, '?', 0, 1), (4, 2, 0, 1), (4, 7, 0, 1), (4, 2, 0, 1), (4, '?', 0, 1), (4, '?', 0, 1), (4, 7, 0, 1), (4, '?', 0, 1), (4, 7, 0, 1), (4, 7, 0, 1)]"
"(6, 22, 20, 26, 0)","[(3, 2, 0, 5), (3, 6, 0, 5), (3, 0, 0, 5), (3, 7, 0, 5), (3, 2, 0, 5), (3, '?', 0, 5), (3, '?', 0, 5), (3, 6, 0, 5), (3, 1, 0, 5), (3, 6, 0, 5), (3, 7, 0, 5), (3, '?', 0, 5), (3, 1, 0, 5), (3, 6, 0, 5), (3, 6, 0, 5), (3, '?', 0, 5), (3, 6, 0, 5), (3, '?', 0, 5), (3, 1, 0, 5)]"
"(6, 22, 20, 27, 0)","[(0, 6, 0, 5), (0, 6, 0, 5), (0, 1, 0, 5), (0, 7, 0, 5), (0, 4, 0, 1), (0, 2, 0, 1)]"
"(6, 22, 21, 16, 0)","[(4, 4, 0, 2), (4, 3, 0, 2), (4, 5, 0, 2), (4, 3, 0, 2), (4, 2, 0, 2), (4, '?', 0, 2), (4, 3, 0, 2), (4, '?', 0, 2), (4, 7, 0, 2), (4, '?', 0, 2), (4, '?', 0, 2), (4, 1, 0, 2), (4, 3, 0, 2), (4, '?', 0, 2), (4, '?', 0, 2), (4, 2, 0, 2), (4, 3, 0, 2), (4, 0, 0, 2), (4, 7, 0, 2), (4, '?', 0, 2), (4, 3, 0, 2), (4, '?', 0, 2), (4, 6, 0, 2), (4, 4, 0, 2)]"
"(6, 22, 21, 21, 0)","[(4, 7, 0, 0), (4, 7, 0, 0), (4, 0, 0, '?'), (4, 2, 0, '?'), (4, 3, 0, 6), (4, '?', 0, '?'), (4, 0, 0, '?'), (4, 4, 0, 5), (4, 2, 0, '?'), (4, 2, 0, 0), (4, '?', 0, '?'), (4, '?', 0, '?'), (4, '?', 0, '?'), (4, 2, 0, 0), (4, 2, 0, 6), (4, 2, 0, '?'), (4, '?', 0, '?'), (4, 2, 0, 0), (4, '?', 0, '?'), (4, 0, 0, '?'), (4, '?', 0, 6)]"
"(6, 22, 22, 2, 0)","[('?', '?', 0, 0), ('?', '?', 0, 6), ('?', '?', 0, 0), ('?', 3, 0, 0), ('?', 3, 0, 0), ('?', '?', 0, 0), (0, 3, 0, 0), ('?', 4, 0, 6), ('?', '?', 0, 0), ('?', '?', 0, 6), (3, 3, 0, 0), ('?', 4, 0, 6), ('?', 3, 0, 0), ('?', '?', 0, 0), (3, 3, 0, 0), (3, '?', 0, 0), ('?', 2, 0, 0), ('?', '?', 0, 6), ('?', '?', 0, 0), ('?', 4, 0, 6), ('?', '?', 0, 0), ('?', '?', 0, 6), ('?', 2, 0, 0), ('?', '?', 0, 6), ('?', '?', 0, 0), ('?', 6, 0, 0), ('?', '?', 0, 6), ('?', 3, 0, 0), ('?', '?', 0, 6), ('?', 7, 0, 0)]"
"(6, 22, 22, 8, 0)","[(1, 2, 0, 0), (1, 6, 0, 0), (1, 6, 0, 6), (1, 4, 0, 0), (1, 3, 0, 0), (1, 2, 0, 0), (1, 2, 0, 0)]"
"(6, 22, 22, 10, 0)","[(1, 7, 0, '?'), (1, 0, 0, 5), (1, 2, 0, '?'), (1, 2, 0, '?'), (1, 7, 0, 6), (1, '?', 0, '?'), (1, '?', 0, '?'), (1, 2, 0, 2), (1, 0, 0, '?'), (1, 2, 0, '?')]"
"(6, 22, 22, 11, 0)","[(2, 2, 0, 0)]"
"(6, 22, 22, 15, 0)","[(3, '?', 0, 0), (3, 6, 0, 6), (3, '?', 0, 6), (3, '?', 0, 6), (3, 1, 0, 0), (3, 2, 0, 6), (3, 2, 0, 6), (3, '?', 0, 6), (3, 4, 0, 6), (3, '?', 0, 6), (3, 1, 0, 0)]"
"(6, 22, 22, 16, 0)","[(4, 4, 0, 2), (1, 3, 0, 2), (1, 7, 0, 2), (4, 7, 0, 2)]"
"(6, 22, 22, 20, 0)","[('?', 2, 0, 2), ('?', '?', 0, 2), ('?', 2, 0, 2), ('?', 3, 0, 2), ('?', 2, 0, 2), ('?', '?', 0, 2), ('?', '?', 0, 2), ('?', '?', 0, 2), (3, 5, 0, 2), ('?', 5, 0, 2), ('?', 6, 0, 2), ('?', '?', 0, 2), ('?', 3, 0, 2), (3, 5, 0, 2), ('?', 2, 0, 2), ('?', '?', 0, 2), (3, 2, 0, 2), (3, 3, 0, 2), ('?', 2, 0, 2), ('?', '?', 0, 2), ('?', 2, 0, 2), (3, 2, 0, 2), ('?', '?', 0, 2), ('?', 2, 0, 2)]"
"(6, 22, 22, 21, 0)","[(4, 6, 0, '?'), (4, '?', 0, 6), (4, '?', 0, 6), (4, 4, 0, 4), (4, 7, 0, 0), (4, 6, 0, '?'), (4, 1, 0, 6), (4, 2, 0, '?'), (4, '?', 0, 6), (4, '?', 0, '?'), (4, 4, 0, '?'), (4, '?', 0, 5), (4, 3, 0, 5), (4, 2, 0, 0), (4, 2, 0, '?'), (4, '?', 0, '?'), (4, '?', 0, '?'), (4, 7, 0, 0)]"
"(6, 22, 22, 22, 0)","[('?', '?', 0, '?'), ('?', 0, 0, '?'), ('?', 3, 0, '?'), ('?', 7, 0, 0), ('?', '?', 0, '?'), (0, 0, 0, 5), ('?', 2, 0, '?'), ('?', 2, 0, '?'), ('?', 2, 0, '?'), ('?', 2, 0, '?'), ('?', '?', 0, '?'), (0, 0, 0, 5), ('?', 3, 0, 5), ('?', 6, 0, 2), ('?', 3, 0, '?'), ('?', 5, 0, 5), ('?', '?', 0, 5), ('?', 3, 0, '?'), (0, 2, 0, '?'), ('?', 2, 0, 0), ('?', 2, 0, 5), ('?', 3, 0, '?'), ('?', '?', 0, '?'), ('?', 0, 0, 5), ('?', '?', 0, '?'), ('?', 2, 0, '?'), (0, 1, 0, 5), ('?', '?', 0, '?'), ('?', 5, 0, 5), ('?', 5, 0, 5), ('?', '?', 0, '?'), ('?', 7, 0, 6), ('?', '?', 0, '?'), ('?', 2, 0, 6)]"
"(6, 22, 22, 25, 0)","[(4, 0, 0, 0), (4, '?', 0, 0), (4, 4, 0, 6), (4, 4, 0, 0), (4, 6, 0, 0), (4, 7, 0, 0), (4, '?', 0, 0), (4, 7, 0, 0)]"
"(6, 22, 22, 26, 0)","[(3, 5, 0, '?'), (3, 7, 0, 5), (3, '?', 0, '?'), (3, 4, 0, 5), (3, '?', 0, '?'), (3, 5, 0, 5), (3, '?', 0, '?'), (3, 5, 0, 5), (3, '?', 0, '?')]"
"(6, 22, 25, 21, 0)","[(4, 1, 0, 0)]"
"(6, 22, 25, 25, 0)","[(4, 0, 0, 0), (4, '?', 0, 0), (4, '?', 0, 0), (4, '?', 0, 6), (4, 0, 0, 6), (4, '?', 0, 6), (4, 3, 0, 6), (4, 6, 0, 0), (4, '?', 0, 0), (4, 4, 0, 6), (4, '?', 0, 0), (4, '?', 0, 6), (4, 0, 0, 0), (4, 0, 0, 0), (4, 6, 0, 6), (4, 6, 0, 6), (4, '?', 0, 6), (4, '?', 0, 0)]"
"(6, 22, 26, 2, 0)","[(3, 6, 0, 6), (3, 4, 0, 6), (3, 4, 0, 6), (3, '?', 0, 0), (3, 3, 0, 6), (3, 6, 0, 6), (3, '?', 0, 0), (3, 3, 0, 6), (3, '?', 0, 6), (3, 4, 0, 6), (3, 2, 0, 0), (3, '?', 0, 0), (3, 5, 0, 6), (3, 4, 0, 6), (3, 6, 0, 0), (3, 6, 0, 0), (3, 6, 0, 0), (3, 6, 0, 0), (3, 3, 0, 6), (3, 7, 0, 0), (3, 3, 0, 0), (3, '?', 0, 0)]"
"(6, 22, 26, 4, 0)","[(3, 5, 0, '?'), (3, 0, 0, 0), (3, 0, 0, 6)]"
"(6, 22, 26, 6, 0)","[(3, 3, 0, 0), (3, 7, 0, 6), (3, 7, 0, 6), (3, 2, 0, 6), (3, 7, 0, 0)]"
"(6, 22, 26, 20, 0)","[(3, 7, 0, 2), (3, 2, 0, 2), (3, 3, 0, 2), (3, 3, 0, 2), (3, 7, 0, 2), (3, 4, 0, 2), (3, 7, 0, 2), (3, 2, 0, 2), (3, 5, 0, 2), (3, 4, 0, 2), (3, 1, 0, 2), (3, 2, 0, 2), (3, 7, 0, 2)]"
"(6, 22, 26, 22, 0)","[(3, 2, 0, 6), (3, 0, 0, 5), (3, 7, 0, 6), (3, 3, 0, 5), (3, 2, 0, 6), (3, 5, 0, '?'), (3, 0, 0, 5), (3, 7, 0, 6), (3, 5, 0, 5), (3, 5, 0, 5), (3, '?', 0, 5), (3, '?', 0, 5), (3, '?', 0, '?'), (3, '?', 0, '?'), (3, 7, 0, 0), (3, '?', 0, 5), (3, 5, 0, 5), (3, 2, 0, 5), (3, 4, 0, '?'), (3, '?', 0, 5), (3, 3, 0, 5), (3, 5, 0, '?'), (3, 4, 0, 5), (3, 4, 0, 5), (3, '?', 0, '?'), (3, 4, 0, 5), (3, 3, 0, 5), (3, 2, 0, 5)]"
"(6, 22, 27, 2, 0)","[(0, 0, 0, 6), (0, '?', 0, 6), (0, 0, 0, 6), (0, 4, 0, 0), (0, 0, 0, 6), (0, 6, 0, 0), (0, 6, 0, 0), (0, 5, 0, 6), (0, '?', 0, 6), (0, 0, 0, 6), (0, '?', 0, 6), (0, 4, 0, 6), (0, 2, 0, 0), (0, 6, 0, 6), (0, 7, 0, 0), (0, 1, 0, 0), (0, 7, 0, 6), (0, 5, 0, 6), (0, '?', 0, 0), (0, 6, 0, 6), (0, 7, 0, 0), (0, '?', 0, 6), (0, 4, 0, 6), (0, 5, 0, 6), (0, 4, 0, 6), (0, 2, 0, 6), (0, 2, 0, 6), (0, '?', 0, 0), (0, '?', 0, 0), (0, '?', 0, 0), (0, 3, 0, 0), (0, 6, 0, 6), (0, 7, 0, 0), (0, 4, 0, 6), (0, 3, 0, 0)]"
"(6, 22, 27, 4, 0)","[(0, 5, 0, 6), (0, 0, 0, 6), (0, 5, 0, 6), (0, 5, 0, 0), (0, 5, 0, 0)]"
"(6, 22, 27, 20, 0)","[(0, 2, 0, 2), (0, 3, 0, 2), (0, 4, 0, 2), (0, 2, 0, 2), (0, 2, 0, 2), (0, 3, 0, 2), (0, 3, 0, 2), (0, 6, 0, 2)]"
"(6, 22, 27, 22, 0)","[(0, 3, 0, '?'), (0, 5, 0, 1), (0, 3, 0, 2), (0, 0, 0, '?'), (0, 6, 0, '?'), (0, '?', 0, '?'), (0, 4, 0, '?'), (0, 7, 0, 0), (0, 3, 0, '?'), (0, 3, 0, '?'), (0, 6, 0, 5), (0, 0, 0, '?'), (0, 5, 0, 2), (0, 7, 0, '?'), (0, 3, 0, '?'), (0, 3, 0, '?'), (0, 6, 0, 2), (0, 1, 0, 5), (0, 5, 0, 2), (0, 2, 0, '?'), (0, '?', 0, '?'), (0, 2, 0, 2), (0, 0, 0, 5), (0, 2, 0, '?'), (0, 2, 0, 5), (0, 0, 0, 5), (0, 6, 0, '?'), (0, 2, 0, '?'), (0, 3, 0, 2), (0, 0, 0, 5), (0, 5, 0, 2), (0, 1, 0, 6), (0, 7, 0, 6), (0, 3, 0, 2), (0, 7, 0, '?'), (0, '?', 0, '?'), (0, 3, 0, '?'), (0, '?', 0, '?'), (0, '?', 0, '?'), (0, 2, 0, '?'), (0, 4, 0, '?'), (0, 2, 0, '?'), (0, 3, 0, '?'), (0, 7, 0, 0), (0, 4, 0, '?'), (0, 6, 0, 2), (0, 2, 0, '?'), (0, 5, 0, '?'), (0, '?', 0, '?'), (0, 4, 0, '?'), (0, 3, 0, 2), (0, 5, 0, 5), (0, 1, 0, '?'), (0, 2, 0, 5), (0, 5, 0, 2), (0, 0, 0, 2), (0, '?', 0, '?'), (0, 5, 0, 2), (0, 5, 0, '?'), (0, 5, 0, '?'), (0, 4, 0, 2), (0, 1, 0, 6), (0, '?', 0, 2), (0, 5, 0, 2), (0, 5, 0, '?'), (0, 6, 0, '?'), (0, 2, 0, 2), (0, 6, 0, 2), (0, 1, 0, '?'), (0, 1, 0, '?'), (0, 7, 0, '?'), (0, 2, 0, 5)]"
"(6, 23, 4, 10, 0)","[(1, 0, 0, 1)]"
"(6, 23, 20, 8, 0)","[(1, '?', 0, 1)]"
"(6, 25, 16, 25, 0)","[(4, 3, 0, 1)]"
"(6, 25, 20, 25, 0)","[(4, 2, 0, 1)]"
"(6, 26, 2, 2, 0)","[(7, 4, 0, 6)]"
"(6, 26, 2, 22, 0)","[(7, 1, 0, '?'), ('?', 6, 0, '?'), (7, 1, 0, 6)]"
"(6, 26, 4, 2, 0)","[(7, 0, 0, 0)]"
"(6, 26, 4, 15, 0)","[(7, 0, 0, 6)]"
"(6, 26, 4, 22, 0)","[(7, 0, 0, '?'), (7, 5, 0, 1), (7, 5, 0, '?'), (7, 5, 0, '?')]"
"(6, 26, 6, 20, 0)","[(7, 2, 0, 2)]"
"(6, 26, 6, 22, 0)","[(7, 2, 0, 5), (7, 2, 0, 5), (7, 3, 0, 2)]"
"(6, 26, 20, 2, 0)","[(7, 4, 0, 1)]"
"(6, 26, 20, 4, 0)","[(7, 5, 0, 1), (7, 0, 0, 1)]"
"(6, 26, 20, 20, 0)","[(7, '?', 0, 1), (7, 2, 0, 1), (7, 2, 0, 1), (7, 2, 0, 1)]"
"(6, 26, 22, 22, 0)","[(7, 1, 0, 5), (7, 0, 0, '?'), (7, 5, 0, '?'), (7, 5, 0, '?')]"
"(6, 27, 2, 2, 0)","[(0, 7, 0, 0)]"
"(6, 27, 2, 22, 0)","[(0, 6, 0, '?')]"
"(6, 27, 4, 2, 0)","[(0, 5, 0, 0), (0, 5, 0, 0), (0, 5, 0, 6)]"
"(6, 27, 4, 9, 0)","[(0, 0, 0, 2)]"
"(6, 27, 6, 20, 0)","[(0, 3, 0, 2)]"
"(6, 27, 20, 4, 0)","[(0, 0, 0, 1)]"
"(6, 27, 20, 18, 0)","[(0, 0, 0, 1), (0, 0, 0, 1), (0, 6, 0, 1), (0, 2, 0, 1), (0, 5, 0, 1)]"
"(6, 27, 20, 20, 0)","[(0, 0, 0, 1), (0, 3, 0, 1), (0, 0, 0, 1), (0, 4, 0, 1), (0, 6, 0, 1), (0, 7, 0, 1), (0, 7, 0, 1), (0, 3, 0, 1), (0, 7, 0, 1), (0, 7, 0, 1)]"
"(6, 27, 20, 22, 0)","[(0, 5, 0, 1), (0, 0, 0, 5), (0, 2, 0, 5), (0, 5, 0, 1)]"
"(6, 27, 22, 2, 0)","[(0, '?', 0, 0), (0, '?', 0, 0), (0, '?', 0, 6), (0, '?', 0, 6), (0, 2, 0, 6), (0, '?', 0, 0), (0, 3, 0, 0), (0, 7, 0, 6), (0, 3, 0, 6), (0, 5, 0, 0), (0, 3, 0, 0), (0, 7, 0, 0), (0, 4, 0, 0), (0, '?', 0, 0), (0, 2, 0, 0), (0, 2, 0, 6), (0, '?', 0, 6), (0, '?', 0, 6), (0, 3, 0, 0), (0, '?', 0, 0)]"
"(6, 27, 22, 20, 0)","[(0, '?', 0, 2), (0, '?', 0, 2), (0, 0, 0, 2), (0, '?', 0, 2), (0, 7, 0, 2), (0, 2, 0, 2), (0, '?', 0, 2), (0, 2, 0, 2)]"
"(6, 27, 22, 22, 0)","[(0, 7, 0, 0), (0, 6, 0, '?'), (0, '?', 0, 2), (0, 5, 0, 1), (0, 4, 0, '?'), (0, 0, 0, '?'), (0, 5, 0, 5), (0, 4, 0, '?'), (0, 4, 0, '?'), (0, 5, 0, 1), (0, 0, 0, '?'), (0, 5, 0, 1), (0, '?', 0, 2), (0, 3, 0, '?')]"
"(6, 27, 22, 27, 0)","[(0, 0, 0, '?')]"
"(7, 2, 2, 2, 0)","[(7, 4, '?', 3), (7, 1, '?', 3), (7, 1, '?', 3), (7, 1, '?', 3), (7, 6, '?', 3), (7, 4, '?', 3), (7, 1, '?', 3), (7, 4, '?', 3)]"
"(7, 2, 2, 9, 0)","[(7, 1, '?', 7), (7, 1, '?', 7)]"
"(7, 2, 2, 22, 0)","[(7, 1, '?', 4)]"
"(7, 2, 9, 9, 0)","[(7, 6, 0, 7), (7, 6, '?', 7), (7, 1, '?', 7)]"
"(7, 4, 2, 2, 0)","[(7, 1, 6, 3), (7, 4, 6, 3), (7, 1, 6, 3), (7, 6, 6, 3)]"
"(7, 4, 2, 22, 0)","[(7, 1, 6, 4), (7, 6, 6, 4), (7, 6, 6, 4), (7, 1, 6, 4), (7, 1, 6, 4), (7, 4, 6, 4), (7, 1, 6, 4), (7, 4, 6, 4)]"
"(7, 4, 4, 9, 0)","[(7, 5, '?', 7)]"
"(7, 4, 4, 21, 0)","[(7, 0, 1, 4)]"
"(7, 4, 4, 22, 0)","[(7, 0, '?', 4), (7, 0, '?', 4)]"
"(7, 4, 6, 22, 0)","[(7, 7, 6, 4), (7, 7, 6, 4), (7, 2, 6, 4), (7, 2, 6, 4), (7, 7, 6, 4), (7, 7, 6, 4), (7, 7, 6, 4), (7, 2, 6, 4), (7, 2, 6, 4)]"
"(7, 4, 22, 2, 0)","[(7, 3, 6, 3), (7, 2, 6, 3), (7, 0, 6, 3), (7, 6, 6, 3), (7, 0, 6, 3), (7, 0, 6, 3), (7, 0, 6, 3), (7, '?', 6, 3), (7, 4, 6, 3), (7, 3, 6, 3), (7, '?', 6, 3), (7, '?', 6, 3), (7, 0, 6, 3), (7, 2, 6, 3), (7, '?', 6, 3), (7, 6, 6, 3), (7, 0, 6, 3), (7, 3, 6, 3), (7, 3, 6, 3), (7, 2, 6, 3), (7, '?', 6, 3), (7, 2, 6, 3), (7, 6, 6, 3)]"
"(7, 4, 22, 6, 0)","[(7, 7, 6, 3), (7, 7, 6, 3), (7, 3, 6, 3), (7, 7, 6, 3)]"
"(7, 4, 22, 22, 0)","[(7, '?', 6, 4), (7, '?', 6, 4), (7, 7, 6, 4), (7, 7, 6, 4), (7, 0, 6, 4), (7, 7, 6, 4), (7, 0, 6, 4), (7, '?', 6, 4), (7, 0, 6, 4), (7, 4, 6, 4), (7, 6, 6, 4), (7, '?', 6, 4), (7, 6, 6, 4), (7, 4, 6, 4), (7, 5, 6, 4), (7, '?', 6, 4)]"
"(7, 5, 2, 2, 0)","[(7, 1, 1, 3)]"
"(7, 5, 4, 2, 0)","[(7, 0, 1, 3), (7, 0, 1, 3)]"
"(7, 5, 6, 2, 0)","[(7, 3, 5, 3)]"
"(7, 5, 6, 5, 0)","[(7, 7, 5, 4)]"
"(7, 5, 22, 2, 0)","[(7, 6, 1, 3), (7, 0, 1, 3)]"
"(7, 5, 22, 22, 0)","[(7, '?', 1, 4), (7, 3, 1, 4), (7, 3, 1, 4)]"
"(7, 6, 2, 2, 0)","[(7, 4, 0, 3), (7, 1, 0, 3), (7, 1, 0, 3), (7, 4, 0, 3), (7, 1, 0, 3), (7, 4, 0, 3), (7, 4, 0, 3), (7, 1, 0, 3), (7, 4, 0, 3), (7, 4, 0, 3), (7, 1, 0, 3), (7, 4, 0, 3), (7, 4, 0, 3)]"
"(7, 6, 2, 9, 0)","[(7, 6, 0, 7)]"
"(7, 6, 2, 22, 0)","[(7, 6, 0, 4), (7, 6, 0, 4), (7, 1, 0, 4), (7, 1, 0, 4), (7, 1, 0, 4), (7, 1, 0, 4), (7, 6, 0, 4), (7, 1, 0, 4), (7, 6, 0, 4), (7, 4, 0, 4), (7, 1, 0, 4)]"
"(7, 6, 4, 2, 0)","[(7, 0, 0, 3), (7, 0, 0, 3), (7, 5, 0, 3), (7, 0, 0, 3), (7, 5, 0, 3)]"
"(7, 6, 4, 9, 0)","[(7, 5, 0, 7), (7, 0, 0, 7), (7, 0, 0, 7), (7, 5, 0, 7), (7, 0, 0, 7)]"
"(7, 6, 4, 22, 0)","[(7, 5, 0, 4), (7, 5, 0, 4), (7, 5, 0, 4), (7, 5, 0, 4), (7, 5, 0, 4), (7, 0, 0, 4)]"
"(7, 6, 6, 2, 0)","[(7, 3, '?', 3), (7, 2, 0, 3), (7, 3, 0, 3), (7, 7, 0, 3), (7, 2, 0, 3)]"
"(7, 6, 6, 6, 0)","[(7, 7, 0, 3)]"
"(7, 6, 6, 9, 0)","[(7, 2, 0, 7), (7, 2, 0, 7)]"
"(7, 6, 6, 22, 0)","[(7, 3, 0, 4), (7, 7, 0, 4), (7, 3, 0, 4), (7, 2, 0, 4), (7, 7, 0, 4), (7, 3, 0, 4), (7, 2, 0, 4), (7, 3, 0, 4), (7, 2, 0, 4), (7, 7, 0, 4), (7, 2, 0, 4)]"
"(7, 6, 9, 9, 0)","[(7, 3, 0, 7), (7, 3, 0, 7), (7, 2, 0, 7), (7, 2, 0, 7), (7, 2, 0, 7), (7, 2, 0, 7), (7, 6, 0, 7), (7, '?', 0, 7), (7, 5, 0, 7), (7, '?', 0, 7), (7, 0, 0, 7), (7, '?', 0, 7), (7, 3, 0, 7), (7, 3, 0, 7), (7, '?', 0, 7), (7, '?', 0, 7), (7, '?', 0, 7), (7, 3, 0, 7), (7, 6, 0, 7), (7, 6, 0, 7), (7, 2, 0, 7)]"
"(7, 6, 22, 2, 0)","[(7, 2, 0, 3), (7, 0, 0, 3), (7, 4, 0, 3), (7, 2, 0, 3), (7, 5, 0, 3), (7, 2, 0, 3), (7, 3, 0, 3), (7, 3, 0, 3), (7, 5, 0, 3), (7, 7, 0, 3), (7, 0, 0, 3), (7, 5, 0, 3), (7, 1, 0, 3), (7, 0, 0, 3), (7, 0, 0, 3), (7, 5, 0, 3), (7, 0, 0, 3), (7, 5, 0, 3), (7, 0, 0, 3), (7, 7, 0, 3), (7, 3, 0, 3)]"
"(7, 6, 22, 6, 0)","[(7, 7, 0, 3), (7, 7, 0, 3)]"
"(7, 6, 22, 9, 0)","[(7, '?', 0, 7), (7, 5, 0, 7), (7, 0, 0, 7), (7, 0, 0, 7), (7, 6, 0, 7), (7, 6, 0, 7), (7, 6, 0, 7), (7, 5, 0, 7), (7, 5, 0, 7), (7, '?', 0, 7), (7, 0, 0, 7), (7, 5, 0, 7), (7, 0, 0, 7)]"
"(7, 6, 22, 22, 0)","[(7, 0, 0, 4), (7, 0, 0, 4), (7, 5, 0, 4), (7, 7, 0, 4), (7, '?', 0, 4), (7, 0, 0, 4), (7, 3, 0, 4), (7, '?', 0, 4), (7, 7, 0, 3), (7, 5, 0, 4), (7, 2, 0, 4), (7, 5, 0, 4), (7, 4, 0, 4), (7, 6, 0, 4), (7, 0, 0, 4), (7, 5, 0, 4), (7, 7, 0, 3), (7, 4, 0, 4), (7, 4, 0, 4), (7, 4, 0, 4), (7, '?', 0, 4), (7, 4, 0, 4), (7, '?', 0, 4), (7, 2, 0, 4), (7, 0, 0, '?'), (7, 7, 0, 4), (7, '?', 0, 4), (7, '?', 0, 4), (7, 1, 0, 4), (7, 5, 0, 4), (7, '?', 0, 4), (7, '?', 0, 4), (7, '?', 0, 4), (7, 6, 0, 4), (7, 2, 0, 4), (7, '?', 0, 4), (7, 4, 0, 4), (7, 4, 0, 4), (7, 2, 0, 4), (7, 0, 0, 4), (7, 3, 0, 4), (7, 0, 0, 4), (7, 0, 0, 4)]"
"(7, 7, 6, 22, 0)","[(7, 3, 1, 4)]"
"(7, 9, 2, 2, 0)","[(7, 1, '?', 3), (7, 4, '?', 3), (7, 6, '?', 3)]"
"(7, 9, 6, 2, 0)","[(7, 3, '?', 3)]"
"(7, 9, 22, 2, 0)","[(7, 6, '?', 3), (7, 6, '?', 3), (7, '?', '?', 3), (7, '?', '?', 3)]"
"(7, 9, 22, 6, 0)","[(7, 3, '?', 3)]"
"(7, 9, 22, 22, 0)","[(7, 2, '?', 4), (7, 2, '?', 4), (7, 7, '?', 4)]"
"(7, 12, 2, 2, 0)","[(7, 6, 7, 3), (7, 4, 7, 3)]"
"(7, 12, 2, 9, 0)","[(7, 1, 3, 7), (7, 4, 3, 7), (7, 1, 3, 7), (7, 1, 3, 7), (7, 4, 3, 7), (7, 1, 3, 7), (7, 4, 3, 7)]"
"(7, 12, 2, 22, 0)","[(7, 1, 3, 4), (7, 1, 3, 4), (7, 4, 3, 4), (7, 6, 3, 4), (7, 6, 3, 4), (7, 6, 7, 4), (7, 1, 3, 4), (7, 6, 3, 4), (7, 1, 3, 4), (7, 4, 3, 4), (7, 4, 3, 4), (7, 1, 3, 3), (7, 1, 3, 3), (7, 1, 3, 3), (7, 1, 3, 3), (7, 4, 3, 4)]"
"(7, 12, 4, 2, 0)","[(7, 0, 3, 3), (7, 0, 3, 3)]"
"(7, 12, 4, 9, 0)","[(7, 0, 3, 7), (7, 0, 3, 7)]"
"(7, 12, 4, 22, 0)","[(7, 0, 3, 4), (7, 0, 3, 4), (7, 5, 3, 3), (7, 5, 3, 3), (7, 5, 3, 4)]"
"(7, 12, 6, 2, 0)","[(7, 3, 3, 3), (7, 2, 3, 3), (7, 2, 3, 3), (7, 3, 3, 3)]"
"(7, 12, 6, 9, 0)","[(7, 3, 3, 7), (7, 3, 3, 7), (7, 3, 3, 7), (7, 3, 3, 7), (7, 3, 3, 7), (7, 3, 3, 7), (7, 3, 3, 7), (7, 7, '?', 7)]"
"(7, 12, 6, 22, 0)","[(7, 3, 3, 4), (7, 2, 3, 4), (7, 2, 3, 3), (7, 3, 3, 4), (7, 7, 3, 3), (7, 3, 3, 4), (7, 7, 3, 3), (7, 2, 3, 4), (7, 2, 3, 3), (7, 2, 3, '?'), (7, 7, 3, 3), (7, 7, 3, 3), (7, 7, 3, 3)]"
"(7, 12, 12, 6, 0)","[(7, 7, 7, 4), (7, 3, 3, 3)]"
"(7, 12, 12, 22, 0)","[(7, 7, 7, 4), (7, 3, 7, 4)]"
"(7, 12, 22, 2, 0)","[(7, 3, 3, 3), (7, 0, 3, 3), (7, 3, 3, 3), (7, 3, 3, 3), (7, 0, 3, 3), (7, 3, 3, 3), (7, 0, 3, 3), (7, 0, 3, 3), (7, 0, 3, 3)]"
"(7, 12, 22, 9, 0)","[(7, 4, 3, 7), (7, 3, 3, 7), (7, 0, 3, 7), (7, '?', 3, 7), (7, '?', 3, 7), (7, 4, 3, 7), (7, '?', 3, 7)]"
"(7, 12, 22, 22, 0)","[(7, 5, 3, 3), (7, '?', 3, 4), (7, 1, 3, 4), (7, 2, 3, 4), (7, 4, 3, 4), (7, 7, 3, 3), (7, 0, 3, 4), (7, 4, 3, 4), (7, 2, 3, 3), (7, 0, 3, 4), (7, 3, 3, 4), (7, 2, 3, 3), (7, 3, 3, 3), (7, 0, 3, 4), (7, 5, 3, 3), (7, 1, 3, 3), (7, '?', 3, 4), (7, '?', 3, 4), (7, 5, 3, 3), (7, 1, 3, 3), (7, 0, 3, 4), (7, 4, 3, 4), (7, 2, 3, 4), (7, 0, 3, 4), (7, '?', 3, 4), (7, 1, 3, 4), (7, '?', 3, 4), (7, 6, 3, 4), (7, 7, 3, 4), (7, 7, 3, 4), (7, 7, 3, 4), (7, 3, 3, 4), (7, '?', 3, 4), (7, 5, 3, 3), (7, 2, 3, 4), (7, 1, 3, 4), (7, 2, 3, 4), (7, '?', 3, 4), (7, 7, 3, 3), (7, 2, 3, 4), (7, 0, 3, 4)]"
"(7, 14, 5, 22, 0)","[(7, 3, 5, 4)]"
"(7, 14, 22, 9, 0)","[(7, 2, 1, 7), (7, 0, 1, 7)]"
"(7, 15, 2, 5, 0)","[(7, 1, 5, 3)]"
"(7, 18, 22, 2, 0)","[(7, 6, '?', 3)]"
"(7, 19, 2, 2, 0)","[(7, 4, 4, 3), (7, 4, 4, 3), (7, 4, 4, 3), (7, 6, 4, 3), (7, 4, 4, 3)]"
"(7, 19, 2, 22, 0)","[(7, 6, 4, 4), (7, 1, 4, 4), (7, 4, 4, 4), (7, 6, 4, 4), (7, 4, 4, 4), (7, 4, 4, 4), (7, 1, 4, 4)]"
"(7, 19, 4, 2, 0)","[(7, 5, 4, 3), (7, 5, 4, 3), (7, 5, 4, 3), (7, 5, 4, 3), (7, 5, 4, 3), (7, 5, 4, 3), (7, 5, 4, 3), (7, 0, 4, 3)]"
"(7, 19, 4, 22, 0)","[(7, 5, 4, 4), (7, 5, 4, 3), (7, 5, 4, 4), (7, 5, 4, 4)]"
"(7, 19, 6, 2, 0)","[(7, 3, 4, 3), (7, 3, 4, 3), (7, 3, 4, 3), (7, 3, 4, 3)]"
"(7, 19, 6, 9, 0)","[(7, 7, 4, 7), (7, 7, 4, 7), (7, 7, 4, 7), (7, 3, 4, 7), (7, 7, 4, 7), (7, 3, 4, 7)]"
"(7, 19, 6, 22, 0)","[(7, 7, 4, 3), (7, 3, 4, 4), (7, 7, 4, 3), (7, 2, 4, 4), (7, 3, 4, 4), (7, 7, 4, 3)]"
"(7, 19, 9, 1, 0)","[(7, 3, 4, 7)]"
"(7, 19, 9, 9, 0)","[(7, 3, 4, 7), (7, 3, 4, 7), (7, '?', 4, 7)]"
"(7, 19, 22, 2, 0)","[(7, 0, 4, 3), (7, 0, 4, 3), (7, 3, 4, 3), (7, 6, 4, 3), (7, '?', 4, 3), (7, 3, 4, 3), (7, 0, 4, 3), (7, '?', 4, 3), (7, '?', 4, 3), (7, 0, 4, 3), (7, '?', 4, 3), (7, 3, 4, 3), (7, 6, 4, 3), (7, 6, 4, 3), (7, '?', 4, 3), (7, 0, 4, 3), (7, '?', 4, 3), (7, 6, 4, 3), (7, '?', 4, 3), (7, 6, 4, 3), (7, 0, 4, 3), (7, 6, 4, 3)]"
"(7, 19, 22, 22, 0)","[(7, 1, 4, 4), (7, 3, 4, 4), (7, 3, 4, 4), (7, 4, 4, 4), (7, 2, 4, 4), (7, '?', 4, 4), (7, 7, 4, 3), (7, 3, 4, 4), (7, 3, 4, 4), (7, '?', 4, 4), (7, '?', 4, 4), (7, 5, 4, 4), (7, 1, 4, 4), (7, 4, 4, 3), (7, '?', 4, 4), (7, 7, 4, 3), (7, 6, 4, 4), (7, 5, 4, 4), (7, 2, 4, 4), (7, 4, 4, 4), (7, 5, 4, 4), (7, 6, 4, 4), (7, '?', 4, 4), (7, 6, 4, 4), (7, 5, 4, 4), (7, '?', 4, 4), (7, 6, 4, 4), (7, 2, 4, 4)]"
"(7, 22, 2, 2, 0)","[(7, 6, '?', 3), (7, 1, '?', 3), (7, 1, '?', 3), (7, 4, '?', 3)]"
"(7, 22, 2, 22, 0)","[(7, 4, '?', 4), (7, 1, '?', 4)]"
"(7, 22, 4, 2, 0)","[(7, 0, '?', 3), (7, 0, 1, 3), (7, 0, '?', 3), (7, 0, '?', 3), (7, 0, '?', 3), (7, 0, '?', 3), (7, 0, '?', 3), (7, 0, '?', 3)]"
"(7, 22, 4, 9, 0)","[(7, 5, '?', 7)]"
"(7, 22, 4, 22, 0)","[(7, 0, '?', 4), (7, 0, '?', 4), (7, 5, '?', 4), (7, 5, '?', 4), (7, 0, '?', 4)]"
"(7, 22, 5, 2, 0)","[(7, 3, 5, 3)]"
"(7, 22, 6, 2, 0)","[(7, 3, '?', 3), (7, 7, '?', 3), (7, 7, '?', 3), (7, 2, '?', 3), (7, 3, '?', 3), (7, 2, '?', 3), (7, 3, 0, 3), (7, 7, '?', 3), (7, 2, '?', 3), (7, 2, '?', 3), (7, 2, '?', 3), (7, 3, '?', 3), (7, 3, '?', 3), (7, 7, '?', 3)]"
"(7, 22, 6, 6, 0)","[(7, 2, '?', 3)]"
"(7, 22, 6, 9, 0)","[(7, 3, '?', 7), (7, 3, '?', 7)]"
"(7, 22, 6, 22, 0)","[(7, 7, '?', 4), (7, 2, '?', 4), (7, 7, '?', 4), (7, 7, '?', 4), (7, 7, '?', 4), (7, 7, '?', 3), (7, 3, '?', 4), (7, 7, '?', 4), (7, 7, 0, 4), (7, 3, '?', 4), (7, 3, '?', 4), (7, 3, '?', 4), (7, 3, '?', 4)]"
"(7, 22, 9, 9, 0)","[(7, 3, '?', 7), (7, 2, '?', 7), (7, 3, 0, 7), (7, 3, '?', 7), (7, 6, 0, 7), (7, 2, '?', 7), (7, 3, 0, 7), (7, 2, '?', 7), (7, 3, '?', 7), (7, 3, '?', 7)]"
"(7, 22, 22, 2, 0)","[(7, 3, 5, 3), (7, '?', '?', 3), (7, 3, '?', 3), (7, 3, 5, 3), (7, 6, '?', 3), (7, 2, '?', 3), (7, '?', '?', 3), (7, '?', '?', 3), (7, '?', '?', 3), (7, 2, '?', 3), (7, 3, 5, 3), (7, '?', '?', 3), (7, 4, '?', 3), (7, 4, '?', 3), (7, '?', '?', 3)]"
"(7, 22, 22, 6, 0)","[(7, 7, '?', 3), (7, 2, '?', 3), (7, 7, '?', 3), (7, 7, '?', 3), (7, 3, '?', 3)]"
"(7, 22, 22, 9, 0)","[(7, 3, '?', 7)]"
"(7, 22, 22, 22, 0)","[(7, 5, '?', 4), (7, 4, '?', 4), (7, 7, 0, 4), (7, 7, '?', 4), (7, 4, '?', 4), (7, 1, '?', 4), (7, 7, '?', 4), (7, 3, '?', 4), (7, 1, '?', 4), (7, 2, '?', 4), (7, 4, '?', 4), (7, 1, '?', 4), (7, 2, '?', 4), (7, 4, '?', 4), (7, 5, '?', 4), (7, 3, '?', 4)]"
"(9, 2, 2, 1, 0)","[(4, 1, '?', 7)]"
"(9, 2, 2, 2, 0)","[('?', 1, '?', 3), (0, 6, '?', 3), ('?', 6, '?', 3), ('?', 1, '?', 3), ('?', 6, '?', 3), ('?', 1, '?', 3), ('?', 4, '?', 3), ('?', 6, '?', 3), ('?', 6, '?', 3), ('?', 4, '?', 3), ('?', 6, '?', 3), ('?', 4, '?', 3), ('?', 6, '?', 3), ('?', 1, '?', 3), (0, 1, 1, 3)]"
"(9, 2, 2, 7, 0)","[(3, 6, '?', 7), (3, 1, '?', 7), (3, 6, '?', 7)]"
"(9, 2, 2, 8, 0)","[(1, 4, '?', 3), (1, 6, '?', 3), (1, 6, '?', 3), (1, 4, '?', 3), (1, 6, '?', 3), (1, 4, '?', 3), (1, 1, '?', 3)]"
"(9, 2, 2, 9, 0)","[(0, 4, 2, 7), (0, 4, 0, 7), ('?', 1, '?', 7), ('?', 4, '?', 7), ('?', 4, '?', 7), ('?', 4, '?', 7), ('?', 6, '?', 7), ('?', 6, '?', 7), ('?', 6, '?', 7)]"
"(9, 2, 2, 10, 0)","[(1, 6, '?', 4), (1, 6, '?', 4), (1, 6, '?', 4), (1, 6, '?', 4)]"
"(9, 2, 2, 11, 0)","[(2, 4, '?', 4), (2, 1, '?', 4), (2, 4, '?', 4), (2, 4, '?', 4)]"
"(9, 2, 2, 15, 0)","[(3, 4, '?', 3)]"
"(9, 2, 2, 17, 0)","[(2, 4, '?', 3), (2, 1, '?', 3), (2, 6, '?', 3), (2, 4, '?', 3), (2, 6, '?', 3), (2, 6, '?', 3), (2, 4, '?', 3), (2, 4, '?', 4), (2, 4, '?', 3), (2, 4, '?', 3), (2, 1, '?', 3), (2, 4, '?', 3), (2, 1, '?', 3), (2, 6, '?', 3), (2, 4, '?', 3), (2, 6, '?', 3), (2, 4, '?', 3)]"
"(9, 2, 2, 21, 0)","[(4, 6, '?', 4), (4, 1, '?', 4), (4, 6, '?', 4), (4, 4, '?', 4)]"
"(9, 2, 2, 22, 0)","[('?', 4, '?', 4), (0, 1, 0, 4), (0, 4, '?', 4), ('?', 4, '?', 4), ('?', 4, '?', 4), ('?', 4, '?', 4), (0, 4, '?', 4), (0, 1, '?', 4), ('?', 1, '?', 4), ('?', 1, '?', 4), ('?', 4, '?', 4)]"
"(9, 2, 2, 25, 0)","[(4, 6, '?', 3), (4, 1, '?', 3), (4, 1, '?', 3)]"
"(9, 2, 2, 26, 0)","[(3, 1, '?', 4), (3, 1, '?', 4), (3, 6, '?', 4), (3, 1, '?', 4), (3, 6, '?', 4), (3, 4, '?', 4), (3, 1, '?', 4), (3, 4, '?', 4), (3, 1, '?', 4), (3, 4, '?', 4), (3, 6, '?', 4)]"
"(9, 2, 2, 27, 0)","[(0, 1, '?', 4), (0, 1, 5, 4), (0, 1, 0, 4), (0, 1, '?', 4), (0, 1, '?', 4), (0, 4, '?', 4)]"
"(9, 2, 7, 7, 0)","[(3, 1, '?', 7), (3, 4, '?', 7), (3, 4, '?', 7), (3, 4, '?', 7)]"
"(9, 2, 8, 2, 0)","[(1, 6, '?', 3)]"
"(9, 2, 8, 9, 0)","[(1, 1, '?', 7)]"
"(9, 2, 9, 8, 0)","[(1, 1, '?', 7), (1, 6, '?', 7)]"
"(9, 2, 9, 9, 0)","[('?', 1, '?', 7), ('?', 4, '?', 7), ('?', 1, '?', 7), ('?', 1, '?', 7), (0, 1, '?', 7), (0, 1, 6, 7), (1, 6, '?', 7)]"
"(9, 2, 10, 9, 0)","[(1, 6, '?', 7)]"
"(9, 2, 14, 7, 0)","[(3, 6, '?', 7), (3, 4, '?', 7), (3, 1, '?', 7)]"
"(9, 2, 15, 15, 0)","[(3, 4, '?', 3), (3, 4, '?', 3), (3, 4, '?', 3)]"
"(9, 2, 17, 9, 0)","[(2, 1, '?', 7), (2, 1, '?', 7), (2, 4, '?', 7), (2, 6, '?', 7), (2, 4, '?', 7), (2, 6, '?', 7), (2, 1, '?', 7), (3, 1, '?', 7), (2, 1, '?', 7), (2, 6, '?', 7), (2, 6, '?', 7), (2, 6, '?', 7), (2, 4, '?', 7), (2, 6, '?', 7)]"
"(9, 2, 17, 14, 0)","[(2, 1, '?', 7)]"
"(9, 2, 17, 17, 0)","[(2, 6, 6, 7)]"
"(9, 2, 18, 10, 0)","[(1, 6, '?', 4), (1, 6, '?', 4), (1, 6, '?', 4)]"
"(9, 2, 25, 25, 0)","[(4, 1, '?', 3)]"
"(9, 2, 27, 2, 0)","[(0, 6, '?', 3), (0, 6, 6, 3), (0, 6, '?', 3), (0, 6, '?', 3), (0, 4, 5, 3)]"
"(9, 2, 27, 9, 0)","[(0, 1, '?', 7), (0, 4, '?', 7), (0, 4, '?', 7), (0, 6, 2, 7), (0, 1, 2, 7), (0, 1, '?', 7), (0, 4, '?', 7), (0, 6, '?', 7), (0, 1, '?', 7), (0, 4, '?', 7), (0, 6, '?', 7)]"
"(9, 2, 27, 22, 0)","[(0, 1, 6, 4), (0, 1, 6, 4), (0, 1, '?', 4)]"
"(9, 3, 19, 22, 0)","[(6, 2, 4, 4), (6, '?', 4, 4), (5, 0, 4, 4), (6, '?', 4, 4), (6, 3, 4, 4), (6, 2, 4, 4), (6, 5, 4, 4)]"
"(9, 3, 22, 22, 0)","[(6, 0, 6, 4), (6, 0, 6, 4), (6, 0, 6, 4), (6, 2, 4, 4)]"
"(9, 4, 2, 1, 0)","[(4, 1, 6, 7)]"
"(9, 4, 2, 2, 0)","[('?', 4, 6, 3), (0, 4, 6, 3), (0, 4, 6, 3), (0, 1, 6, 3), ('?', 4, 6, 3), (0, 1, 6, 3)]"
"(9, 4, 2, 7, 0)","[(3, 6, 6, 7)]"
"(9, 4, 2, 8, 0)","[(1, 6, 6, 3), (1, 6, 6, 3), (1, 4, 6, 3), (1, 6, 6, 3), (1, 6, 6, 3), (1, 6, 6, 3), (1, 4, 6, 3)]"
"(9, 4, 2, 9, 0)","[('?', 1, 6, 7), ('?', 1, 6, 7), (0, 4, 6, 7), (0, 1, 6, 7)]"
"(9, 4, 2, 10, 0)","[(1, 6, 6, 4), (1, 6, 6, 4)]"
"(9, 4, 2, 11, 0)","[(2, 6, 6, 4), (3, 6, 6, 4), (2, 4, 6, 4)]"
"(9, 4, 2, 17, 0)","[(2, 1, 6, 3), (2, 1, 6, 3), (2, 1, 6, 3), (2, 6, 6, 7), (2, 1, 6, 3), (2, 1, 6, 3)]"
"(9, 4, 2, 22, 0)","[(0, 6, 6, 4), (0, 6, 6, 4), (0, 1, 6, 4), ('?', 4, 6, 4)]"
"(9, 4, 2, 25, 0)","[(4, 4, 6, 3), (4, 4, 6, 3), (4, 1, 6, 3)]"
"(9, 4, 2, 26, 0)","[(3, 1, 6, 4), (3, 1, 6, 4)]"
"(9, 4, 2, 27, 0)","[(0, 1, 6, 4)]"
"(9, 4, 4, 1, 0)","[(4, 5, 0, 7), (4, 5, 6, 7), (4, 5, '?', 7), (4, 5, '?', 7)]"
"(9, 4, 4, 2, 0)","[(0, 5, 6, 3)]"
"(9, 4, 4, 7, 0)","[(3, 0, 6, 7)]"
"(9, 4, 4, 8, 0)","[(1, 5, 6, 3)]"
"(9, 4, 4, 9, 0)","[('?', 5, 6, 7), ('?', 0, 6, 7)]"
"(9, 4, 4, 10, 0)","[(1, 0, 6, 4), (1, 5, '?', 4), (1, 0, 6, 4), (1, 0, 6, 4)]"
"(9, 4, 4, 11, 0)","[(2, 0, 6, 4), (2, 0, 6, 4)]"
"(9, 4, 4, 21, 0)","[(4, 5, 6, 4)]"
"(9, 4, 4, 22, 0)","[(2, 0, 6, 4)]"
"(9, 4, 4, 26, 0)","[(3, 0, 6, 4), (3, 0, 6, 4)]"
"(9, 4, 6, 1, 0)","[(4, 3, 6, 7), (4, 2, 6, 7)]"
"(9, 4, 6, 2, 0)","[(2, 3, 6, 3), (2, 3, 6, 3), (2, 3, 6, 3)]"
"(9, 4, 6, 3, 0)","[(4, 3, 6, 4), (4, 3, 6, 4)]"
"(9, 4, 6, 8, 0)","[(1, 3, 6, 3), (1, 2, 6, 3), (1, 2, 6, 3), (1, 2, 6, 3)]"
"(9, 4, 6, 9, 0)","[(2, 3, 6, 7), (0, 3, 6, 7), ('?', 3, 6, 7), (2, 3, 6, 7)]"
"(9, 4, 6, 10, 0)","[(1, 3, 6, 4), (1, 7, 6, 4), (1, 3, 6, 4), (1, 3, 6, 4), (1, 7, 6, 4), (1, 2, 6, 4), (1, 2, 6, 4)]"
"(9, 4, 6, 11, 0)","[(2, 3, 6, 4)]"
"(9, 4, 6, 15, 0)","[(3, 2, 6, 3), (3, 2, 6, 3), (3, 3, 6, 3), (3, 3, 6, 3), (3, 3, 6, 3), (3, 7, 6, 3), (3, 3, 6, 3)]"
"(9, 4, 6, 17, 0)","[(2, 2, 6, 3), (2, 7, 6, 3), (2, 7, 6, 3), (2, 7, 6, 3), (2, 3, 6, 3)]"
"(9, 4, 6, 22, 0)","[('?', 2, 6, 4), (0, 7, 6, 4), ('?', 3, 6, 4), (0, 3, 6, 4), ('?', 3, 6, 4), ('?', 7, 6, 4), ('?', 7, 6, 4), ('?', 3, 6, 4), ('?', 2, 6, 4)]"
"(9, 4, 6, 25, 0)","[(4, 2, 6, 3)]"
"(9, 4, 6, 26, 0)","[(3, 3, 6, 4), (3, 7, 6, 4), (3, 7, 6, 4), (3, 7, 6, 4), (3, 3, 6, 4), (3, 3, 6, 4)]"
"(9, 4, 6, 27, 0)","[(0, 2, 6, 4), (0, 7, 6, 4), (0, 7, 6, 4), (0, 7, 6, 4)]"
"(9, 4, 8, 2, 0)","[(1, 2, 6, 3), (1, '?', 6, 3)]"
"(9, 4, 9, 1, 0)","[(4, 2, 6, 7)]"
"(9, 4, 9, 9, 0)","[('?', 1, 6, 7), ('?', '?', 6, 7), ('?', 1, 6, 7), ('?', 3, 6, 7)]"
"(9, 4, 10, 2, 0)","[(1, 6, 6, 3), (1, 6, 6, 3), (1, 4, 6, 3), (1, 2, 6, 3), (1, 4, 6, 3), (1, '?', 6, 3), (1, 5, 6, 3), (1, 1, 6, 3), (1, 1, 6, 3), (1, 5, 6, 3), (1, '?', 6, 3), (1, 1, 6, 3), (1, '?', 6, 3), (1, 3, 6, 3), (1, 2, 6, 3), (1, 3, 6, 3)]"
"(9, 4, 10, 4, 0)","[(1, 5, '?', 3)]"
"(9, 4, 10, 6, 0)","[(1, 3, 6, 3)]"
"(9, 4, 10, 9, 0)","[(1, 2, 6, 7), (1, 6, 6, 7)]"
"(9, 4, 10, 10, 0)","[(1, 3, 6, 4), (1, '?', 6, 4), (1, 3, 6, 4)]"
"(9, 4, 17, 2, 0)","[(2, 3, 6, 3)]"
"(9, 4, 17, 9, 0)","[(2, '?', 6, 7), (2, 6, 6, 7), (2, 1, 6, 7), (2, 5, 6, 7), (2, 6, 6, 7), (2, '?', 6, 7), (2, 5, 6, 7), (2, 5, 6, 7), (2, 2, 6, 7), (2, 2, 6, 7), (2, 3, 6, 7)]"
"(9, 4, 21, 21, 0)","[(4, 4, 6, 4), (4, '?', 6, 4)]"
"(9, 4, 21, 25, 0)","[(4, '?', 6, 3)]"
"(9, 4, 22, 1, 0)","[(4, 2, 6, 7), (4, 1, 6, 7), (4, 1, 6, 7), (4, 6, 6, 7), (4, 3, 6, 7), (4, 4, 6, 7)]"
"(9, 4, 22, 2, 0)","[('?', 0, 6, 3), ('?', 5, 6, 3), ('?', '?', 6, 3), ('?', 3, 6, 3), ('?', '?', 6, 3), ('?', '?', 6, 3), ('?', 5, 6, 3), ('?', 0, 6, 3), (4, 0, 6, 3), (0, 1, 6, 3), ('?', 5, 6, 3), (0, 4, 6, 3), (0, 6, 6, 3), ('?', '?', 6, 3), ('?', 5, 6, 3), ('?', 0, 6, 3), ('?', 4, 6, 3), (0, '?', 6, 3), (0, 1, 6, 3), (0, 6, 6, 3), ('?', 0, 6, 3), (1, 5, 6, 3), ('?', '?', 6, 3), (0, 1, 6, 3), ('?', 5, 6, 3), ('?', 5, 6, 3), ('?', 5, 6, 3), ('?', 0, 6, 3), ('?', 0, 6, 3), (0, 1, 6, 3)]"
"(9, 4, 22, 3, 0)","[(4, 2, 6, 4)]"
"(9, 4, 22, 4, 0)","[(1, 5, 6, 4)]"
"(9, 4, 22, 7, 0)","[(3, 6, 6, 7), (3, 6, 6, 7), (3, '?', 6, 7)]"
"(9, 4, 22, 8, 0)","[(1, 3, 6, 3)]"
"(9, 4, 22, 9, 0)","[('?', 1, 6, 7), ('?', '?', 6, 7), ('?', '?', 6, 7)]"
"(9, 4, 22, 10, 0)","[(1, 2, 6, 4), (1, 5, 6, 4), (1, '?', 6, 4), (1, 5, 6, 4), (1, 7, 6, 4), (1, 2, 6, 4), (1, '?', 6, 4), (1, 0, 6, 4), (1, 2, 6, 4), (1, 5, 6, 4), (1, 6, 6, 4), (1, '?', 6, 4), (1, 3, 6, 4), (1, 1, 6, 4), (1, 3, 6, 4), (1, '?', 6, 4)]"
"(9, 4, 22, 11, 0)","[(2, '?', 6, 4), (2, 6, 6, 4), (2, '?', 6, 4), (2, 5, 6, 4), (2, 3, 6, 4), (2, '?', 6, 4), (2, 0, 6, 4), (2, 5, 6, 4), (2, 3, 6, 4), (2, 6, 6, 4), (2, '?', 6, 4), (2, '?', 6, 4), (2, 3, 6, 4), (2, 0, 6, 4), (2, 5, 6, 4), (2, 5, 6, 4), (2, 3, 6, 4), (2, 3, 6, 4), (2, 3, 6, 4), (2, '?', 6, 4), (2, 6, 6, 4)]"
"(9, 4, 22, 15, 0)","[(3, 6, 6, 3), (3, 5, 6, 3), (3, 7, 6, 3), (3, 6, 6, 3), (3, 7, 6, 3), (3, 7, 6, 3), (3, 5, 6, 3), (3, 5, 6, 3), (3, 6, 6, 3), (3, '?', 6, 3), (3, 7, 6, 3), (3, 7, 6, 3), (3, 2, 6, 3), (3, 3, 6, 3), (3, 4, 6, 3), (3, '?', 6, 3), (3, 5, 6, 3), (3, 4, 6, 3), (3, '?', 6, 3), (3, 2, 6, 3), (3, 4, 6, 3), (3, 1, 6, 3), (3, 5, 6, 3), (3, 4, 6, 3)]"
"(9, 4, 22, 17, 0)","[(2, 5, 6, 3), (2, '?', 6, 3), (2, 2, 6, 3), (2, 5, 6, 3), (2, '?', 6, 3), (2, 5, 6, 3), (2, '?', 6, 3), (2, '?', 6, 3), (2, '?', 6, 3), (2, '?', 6, 3), (2, 5, 6, 3)]"
"(9, 4, 22, 21, 0)","[(4, 0, 6, 4), (4, '?', 6, 4), (4, 5, 6, 4), (4, 3, 6, 4), (4, 2, 6, 4), (4, 3, 6, 4), (4, 4, 6, 4), (4, '?', 6, 4), (4, 2, 6, 4), (4, 5, 6, 4), (4, 2, 6, 4), (4, '?', 6, 4), (4, 2, 6, 4)]"
"(9, 4, 22, 22, 0)","[('?', 3, 6, 4), (0, 4, 6, 4), (0, 4, 6, 4), ('?', '?', 6, 4), (7, 2, 6, 4), ('?', '?', 6, 4), ('?', '?', 6, 4), ('?', 5, 6, 4), (3, 3, 6, 4), (0, 4, 6, 4), ('?', 4, 6, 4), ('?', 3, 6, 4), ('?', '?', 6, 4), (1, 0, 6, 4), ('?', '?', 6, 4), ('?', 5, 6, 4), ('?', '?', 6, 4), ('?', 5, 6, 4), ('?', '?', 6, 4), (1, 0, 6, 4)]"
"(9, 4, 22, 25, 0)","[(4, '?', 6, 3), (4, '?', 6, 3), (4, 5, 6, 3), (4, 5, 6, 3), (4, 0, 6, 3), (4, 0, 6, 3), (4, 0, 6, 3), (4, 4, 6, 3), (4, 0, 6, 3)]"
"(9, 4, 22, 26, 0)","[(3, 3, 6, 4), (3, 0, 6, 4), (3, 6, 6, 4), (3, 7, 6, 4), (3, 5, 6, 4), (3, 6, 6, 4), (3, 5, 6, 4), (3, 5, 6, 4), (3, 6, 6, 4), (3, 3, 6, 4), (3, 1, 6, 4), (3, 1, 6, 4), (3, 1, 6, 4), (3, 7, 6, 4), (3, 3, 6, 4), (3, 5, 6, 4), (3, 0, 6, 4)]"
"(9, 4, 25, 25, 0)","[(4, '?', 6, 3), (4, 5, 6, 3)]"
"(9, 4, 26, 22, 0)","[(7, 0, 6, 4)]"
"(9, 4, 27, 2, 0)","[(0, '?', 6, 3), (0, 5, 6, 3), (0, '?', 6, 3), (0, 5, 6, 3), (0, 5, 6, 3), (0, 5, 6, 3), (0, 6, 6, 3), (0, 4, 6, 3), (0, 4, 6, 3), (0, 5, 1, 3), (0, '?', 6, 3), (0, 5, 1, 3), (0, 5, 6, 3), (0, 5, 1, 3), (0, 6, 6, 3), (0, '?', 6, 3), (0, '?', 6, 3), (0, 4, 6, 3), (0, 5, 6, 3)]"
"(9, 4, 27, 9, 0)","[(0, 0, 6, 7), (0, '?', 6, 7), (0, '?', 6, 7), (0, 3, 6, 7), (0, 0, 6, 7), (0, 5, 1, 7), (0, '?', 6, 7), (0, 5, 6, 7), (0, 1, 6, 7), (0, 4, 6, 7), (0, '?', 6, 7), (0, 3, 6, 7)]"
"(9, 4, 27, 22, 0)","[(0, 7, 6, 4), (0, 4, 6, 4), (0, 4, 6, 4), (0, 5, 1, 4), (0, '?', 6, 4), (0, 2, 6, 4), (0, 2, 6, 4), (0, 4, 6, 4), (0, '?', 6, 4), (0, 4, 6, 4), (0, '?', 6, 4), (0, 2, 6, 4)]"
"(9, 5, 2, 2, 0)","[('?', 6, 5, 3)]"
"(9, 5, 2, 5, 0)","[('?', 1, 5, 4)]"
"(9, 5, 2, 8, 0)","[(1, 1, 5, 3), (1, 4, 1, 3), (1, 4, 1, 3)]"
"(9, 5, 2, 11, 0)","[(2, 1, '?', 4)]"
"(9, 5, 2, 25, 0)","[(4, 1, 1, 3)]"
"(9, 5, 2, 27, 0)","[(0, 1, 1, 4)]"
"(9, 5, 4, 2, 0)","[('?', 5, 1, 3)]"
"(9, 5, 4, 5, 0)","[(1, 5, 5, 4)]"
"(9, 5, 4, 22, 0)","[(0, 5, 5, 4), ('?', 5, 1, 4)]"
"(9, 5, 4, 25, 0)","[(4, 5, 1, 3)]"
"(9, 5, 4, 27, 0)","[(0, 5, 5, 4), (0, 5, 5, 4)]"
"(9, 5, 5, 2, 0)","[('?', 3, 5, 3), (0, 6, 5, 3), ('?', 6, 5, 3)]"
"(9, 5, 5, 8, 0)","[(1, 2, 5, 3), (1, '?', 5, 3), (1, 5, 5, 3), (1, 5, 5, 3)]"
"(9, 5, 5, 10, 0)","[(1, '?', 5, 4), (1, 6, 5, 4), (1, 6, 5, 4), (1, 6, 5, 4)]"
"(9, 5, 5, 22, 0)","[(1, 5, 5, 4), (0, 1, 5, 4), ('?', 3, 5, 4), (1, '?', 5, 4)]"
"(9, 5, 6, 2, 0)","[('?', 3, 5, 3), (0, 3, 1, 3)]"
"(9, 5, 6, 10, 0)","[(1, 7, 1, 4), (1, 3, '?', 4)]"
"(9, 5, 6, 27, 0)","[(0, 3, 1, 4), (0, 3, 1, 4), (0, 3, 1, 4)]"
"(9, 5, 8, 2, 0)","[(1, 1, 5, 3), (1, 5, 1, 3), (1, 2, 1, 3), (1, 3, 5, 3)]"
"(9, 5, 8, 8, 0)","[(1, 5, 1, 3), (1, '?', 5, 3)]"
"(9, 5, 9, 22, 0)","[('?', '?', 1, 4)]"
"(9, 5, 10, 2, 0)","[(1, 6, 1, 3), (1, 1, 1, 3)]"
"(9, 5, 10, 9, 0)","[(1, '?', 5, 7)]"
"(9, 5, 22, 2, 0)","[('?', 1, 1, 3), ('?', 1, 1, 3), ('?', '?', 1, 3), (0, '?', 1, 3), (6, '?', 1, 3), ('?', 5, 1, 3), ('?', 1, 1, 3), ('?', '?', 1, 3)]"
"(9, 5, 22, 10, 0)","[(1, 7, 1, 4), (1, 3, 1, 4)]"
"(9, 5, 22, 17, 0)","[(2, 3, 5, 3)]"
"(9, 5, 22, 25, 0)","[(4, 6, '?', 3), (4, 5, 1, 3)]"
"(9, 5, 27, 2, 0)","[(0, 5, 5, 3), (0, '?', 1, 3), (0, 5, 5, 3), (0, 1, 1, 3), (0, '?', 1, 3), (0, '?', 5, 3), (0, '?', 1, 3), (0, 3, 5, 3), (0, 5, 5, 3), (0, 0, 5, 3), (0, 0, 1, 3), (0, 6, 5, 3), (0, 5, 1, 3), (0, 7, 1, 3), (0, '?', 5, 3), (0, '?', 1, 3), (0, 3, 1, 3)]"
"(9, 5, 27, 4, 0)","[(0, 5, 5, 4)]"
"(9, 5, 27, 6, 0)","[(0, 3, 1, 3), (0, 3, 1, 3)]"
"(9, 5, 27, 22, 0)","[(0, 0, 1, 4), (0, 0, 1, 4), (0, 5, 1, 4)]"
"(9, 6, 2, 1, 0)","[(4, 6, 0, 7), (4, 4, 0, 7), (4, 4, 0, 7), (4, 4, 0, 7), (4, 6, 0, 7)]"
"(9, 6, 2, 2, 0)","[(0, 1, 0, 3), (0, 6, 0, 3), (0, 4, 0, 3), (2, 4, 0, 3), ('?', 6, 0, 3), ('?', 4, 0, 3), (0, 4, 0, 3), ('?', 6, 0, 3), (2, 1, 0, 3), ('?', 1, 0, 3), ('?', 1, 0, 3), ('?', 4, 0, 3), (2, 4, 0, 3), (2, 4, 0, 3), ('?', 4, 0, 3), ('?', 6, 0, 3), ('?', 6, 0, 3), (2, 4, 0, 3), (2, 4, 0, 3), ('?', 4, 0, 3), ('?', 1, 0, 3), ('?', 1, 0, 3), (0, 1, 0, 3), ('?', 1, 0, 3), (2, 4, 0, 3)]"
"(9, 6, 2, 7, 0)","[(3, 1, 0, 7), (3, 4, 0, 7), (3, 4, 0, 7), (3, 4, 0, 7), (3, 1, 0, 7), (3, 1, 0, 7)]"
"(9, 6, 2, 8, 0)","[(1, 4, 0, 3), (1, 4, 0, 7), (1, 4, 0, 7), (1, 4, 0, 7)]"
"(9, 6, 2, 9, 0)","[(1, 1, 0, 7), (1, 4, 0, 7), (2, '?', 0, 7), ('?', 6, 0, 7), ('?', 4, 0, 7), (1, 4, 0, 7), ('?', 6, 0, 7), (4, 6, 0, 7), ('?', 4, 0, 7), ('?', 4, 0, 7), (4, 6, 0, 7), (0, 1, 0, 7), (0, 6, 0, 7), (1, 4, 0, 7), ('?', 1, 0, 7), (1, 1, 0, 7), (2, 6, 0, 7), (0, 1, 0, 7), ('?', 4, 0, 7), (1, 6, 0, 7), (1, 1, 0, 7), ('?', 4, 0, 7), (1, 6, 0, 7), (0, 4, 0, 7), (2, 1, 0, 7), ('?', 4, 0, 7), ('?', 6, 0, 7)]"
"(9, 6, 2, 10, 0)","[(1, 4, 0, 4), (1, 4, 0, 4), (1, 4, 0, 4), (1, 4, 0, 4), (1, 4, 0, 4), (1, 4, 0, 4)]"
"(9, 6, 2, 11, 0)","[(2, 6, 0, 4), (2, 6, 0, 4), (2, 6, 0, 4), (2, 6, 0, 4), (2, 1, 0, 4), (2, 6, 0, 4), (2, 6, 0, 4), (2, 1, 0, 4), (2, 1, 0, 4), (2, 1, 0, 4), (2, 1, 0, 4)]"
"(9, 6, 2, 15, 0)","[(3, 1, 0, 3)]"
"(9, 6, 2, 17, 0)","[(2, 1, 0, 7), (2, 6, 0, 3), (2, 6, 0, 3), (2, 1, 0, 3), (2, 6, 0, 3), (2, 1, 0, 3), (2, 6, 0, 7), (2, 1, 0, 7), (2, 4, 0, 3), (2, 4, 0, 3)]"
"(9, 6, 2, 21, 0)","[(4, 6, 0, 4), (4, 6, 0, 4), (4, 6, 0, 4), (4, 1, 0, 4), (4, 6, 0, 4), (4, 1, 0, 4), (4, 4, 0, 4), (4, 6, 0, 4), (4, 1, 0, 4), (4, 1, 0, 4), (4, 6, 0, 4), (4, 4, 0, 4), (4, 1, 0, 4), (4, 6, 0, 4), (4, 6, 0, 4), (4, 6, 0, 4)]"
"(9, 6, 2, 22, 0)","[('?', 6, 0, 4), ('?', 6, 0, 4), ('?', 6, 0, 4), (3, 4, 0, 4), ('?', 6, 0, 4), ('?', 4, 0, 4), ('?', 6, 0, 4), ('?', 4, 0, 4), ('?', 4, 0, 4), ('?', 6, 0, 4), ('?', 4, 0, 4), ('?', 6, 0, 4), ('?', 4, 0, 4), ('?', 6, 0, 4)]"
"(9, 6, 2, 25, 0)","[(4, 4, 0, 3), (4, 1, 0, 3), (4, 1, 0, 3), (4, 1, 0, 3), (4, 4, 0, 3), (4, 1, 0, 3), (4, 4, 0, 3), (4, 4, 0, 3), (4, 1, 0, 3)]"
"(9, 6, 2, 26, 0)","[(3, 4, 0, 4), (3, 4, 0, 4), (3, 4, 0, 4), (3, 4, 0, 4), (3, 4, 0, 4)]"
"(9, 6, 2, 27, 0)","[(0, 1, 0, 4), (0, 4, 0, 4), (0, 4, 0, 4), (0, 4, 0, 4), (0, 1, 0, 4)]"
"(9, 6, 4, 1, 0)","[(4, 0, 0, 7), (4, 5, 0, 7), (4, 0, 0, 7)]"
"(9, 6, 4, 2, 0)","[('?', 5, 0, 3), ('?', 0, 0, 3), (0, 5, 0, 3), ('?', 5, 0, 3), ('?', 0, 0, 3), (1, 5, 0, 3), (2, 5, 0, 3)]"
"(9, 6, 4, 7, 0)","[(3, 5, 0, 7), (3, 5, 0, 7), (3, 0, 0, 7), (3, 0, 0, 7), (3, 5, 0, 7), (3, 5, 0, 7), (3, 0, 0, 7)]"
"(9, 6, 4, 8, 0)","[(1, 5, 0, 3), (1, 0, 0, 3), (1, 0, 0, 3), (1, 5, 0, 3)]"
"(9, 6, 4, 9, 0)","[('?', 0, 0, 7), ('?', 0, 0, 7), ('?', 0, 0, 7), (1, 5, 0, 7), (2, 5, 0, 4), (1, 0, 0, 7), (1, 0, 0, 7), (3, 0, 0, 7), (0, 5, 0, 7), ('?', 0, 0, 7), ('?', 5, 0, 7), (1, 0, 0, 7), (1, 5, 0, 7), (1, 0, 0, 7), (1, 5, 0, 7), (1, 5, 0, 7)]"
"(9, 6, 4, 10, 0)","[(1, 5, 0, 4), (1, 0, 0, 4), (1, 0, 0, 4), (1, 0, 0, 4), (1, 5, 0, 4), (1, 5, 0, 4), (1, 5, 0, 4), (1, 5, 0, 4), (1, 5, 0, 4), (1, 0, 0, 4)]"
"(9, 6, 4, 11, 0)","[(2, 0, 0, 4), (2, 5, 0, 4), (2, 0, 0, 4), (2, 0, 0, 4), (2, 5, 0, 4), (2, 0, 0, 4), (2, 5, 0, 4), (2, 5, 0, 4), (2, 5, 0, 4), (2, 0, 0, 4), (2, 0, 0, 4), (2, 5, 0, 4)]"
"(9, 6, 4, 15, 0)","[(3, 5, 0, 3), (3, 5, 0, 3)]"
"(9, 6, 4, 17, 0)","[(2, 0, 0, 7), (2, 5, 0, 3), (2, 5, 0, 3), (2, 5, 0, 3), (2, 0, 0, 3), (2, 5, 0, 3), (2, 0, 0, 3)]"
"(9, 6, 4, 21, 0)","[(4, 0, 0, 4), (4, 0, 0, 4)]"
"(9, 6, 4, 22, 0)","[('?', 5, 0, 4), (1, 0, 0, 4), ('?', 5, 0, 4), ('?', 5, 0, 4), ('?', 5, 0, 4), (6, 0, 0, 4), ('?', 5, 0, 4), ('?', 0, 0, 4)]"
"(9, 6, 4, 25, 0)","[(4, 0, 0, 3), (4, 5, 0, 3), (4, 5, 0, 3), (4, 5, 0, 3), (4, 5, 0, 3), (4, 5, 0, 3), (4, 0, 0, 3)]"
"(9, 6, 4, 26, 0)","[(3, 5, 0, 4), (3, 5, 0, 4), (3, 0, 0, 4), (3, 5, 0, 4), (3, 0, 0, 4), (3, 5, 0, 4), (3, 5, 0, 4)]"
"(9, 6, 4, 27, 0)","[(0, 5, 0, 4), (0, 0, 0, 4), (0, 5, 0, 4), (0, 0, 0, 4), (0, 0, 0, 4), (0, 0, 0, 4), (0, 5, 0, 3)]"
"(9, 6, 6, 1, 0)","[(4, 7, 0, 7), (4, 2, 0, 7), (4, 2, 0, 7), (4, 7, 0, 7), (4, 2, 0, 7)]"
"(9, 6, 6, 2, 0)","[(0, 3, 0, 3), (0, 3, 0, 3), (0, 7, 0, 3), ('?', 2, 0, 3), (0, 7, 0, 3), (2, 3, 0, 3), (0, 2, 0, 3), (1, 3, 0, 3), (0, 2, 0, 3), (2, 3, 0, 3), ('?', 2, 0, 3), (0, 7, 0, 3), ('?', 2, 0, 3), (0, 2, 0, 3), (2, 2, 0, 3), (2, 3, 0, 3), (0, 7, 0, 3), (0, 7, 0, 3), (2, 2, 0, 3), ('?', 2, 0, 3), (0, 3, 0, 3), (2, 3, 0, 3), (1, 2, 0, 3), (2, 2, 0, 3)]"
"(9, 6, 6, 8, 0)","[(1, 2, 0, 3), (1, 2, 0, 3), (1, 2, 0, 3), (1, 3, 0, 3), (1, 3, 0, 3), (1, 3, 0, 3), (1, 2, 0, 3), (1, 3, 0, 3), (1, 3, 0, 7)]"
"(9, 6, 6, 9, 0)","[(1, 2, '?', 7), (0, 3, 0, 7), ('?', 2, 0, 7), ('?', 2, 0, 7), (1, 7, 0, 7), (1, 7, 0, 7), ('?', 3, 0, 7), ('?', 7, 0, 7), ('?', 3, 0, 7), (3, 3, 0, 7), (2, 3, 0, 7), (2, 7, 0, 7), (1, 3, 0, 7), (0, 2, 0, 7), (0, 7, 0, 7), ('?', 3, 0, 7), ('?', 7, 0, 7), (1, '?', 0, 7), (3, 3, 0, 7), ('?', 2, 0, 7), (0, 3, 0, 7), ('?', 2, 0, 7), (0, 7, 0, 7)]"
"(9, 6, 6, 10, 0)","[(1, 2, 0, 4), (1, 3, 0, 4), (1, 7, 0, 4), (1, 3, 0, 4), (1, 3, 0, 4), (1, 2, 0, 4), (1, 3, 0, 4), (1, 3, 0, 4), (1, 7, 0, 4), (1, 2, 0, 4)]"
"(9, 6, 6, 11, 0)","[(2, 7, 0, 4), (2, 3, 0, 4), (2, 7, 0, 4), (2, 7, 0, 3), (2, 3, 0, 4), (2, 3, 0, 4), (2, 7, 0, 3)]"
"(9, 6, 6, 15, 0)","[(3, 5, 0, 3), (3, 3, 0, 3), (3, 3, 0, 3)]"
"(9, 6, 6, 17, 0)","[(2, 7, 6, 7), (2, 7, 0, 7), (2, 3, 0, 7), (2, 2, 0, 3), (2, 3, 0, 3), (2, 3, 0, 7), (2, 3, 0, 7), (2, 7, 0, 3), (2, 2, 0, 3)]"
"(9, 6, 6, 21, 0)","[(4, 7, 0, 4), (4, 3, 0, 4), (4, 3, '?', 4), (4, 3, 0, 4), (4, 7, 0, 4), (4, 7, 0, 4), (4, 3, 0, 4), (4, 3, 0, 4), (4, 7, 0, 4)]"
"(9, 6, 6, 22, 0)","[(0, 3, 0, 4), ('?', 3, 0, 4), (6, 2, 0, 4), ('?', 3, 0, 4), (0, 2, 0, 4), (0, 7, 0, 4)]"
"(9, 6, 6, 25, 0)","[(4, 3, 0, 3), (4, 3, 0, 3), (4, 2, 0, 3), (4, 2, 0, 3)]"
"(9, 6, 6, 26, 0)","[(3, 3, 0, 4), (3, 2, 0, 4), (3, 3, 0, 4), (3, 2, 0, 4), (3, 3, 0, 4), (3, 7, 0, 4), (3, 7, 0, 4), (3, 2, 0, 4), (3, 2, 0, 4), (3, 3, 0, 4), (3, 3, 0, 4)]"
"(9, 6, 6, 27, 0)","[(0, 7, 0, 4)]"
"(9, 6, 8, 2, 0)","[(1, 0, 0, 3), (1, 3, 0, 3)]"
"(9, 6, 8, 8, 0)","[(1, 0, 0, 3)]"
"(9, 6, 8, 9, 0)","[(1, 3, 0, 7), (1, 7, 0, 7)]"
"(9, 6, 9, 9, 0)","[(1, 5, 0, 7), (1, 0, 0, 7), (0, 2, 0, 7), ('?', 5, 0, 7), (1, 7, 0, 7), ('?', 5, 0, 7)]"
"(9, 6, 10, 2, 0)","[(1, 0, 0, 3), (1, 5, 0, 3), (1, '?', 0, 3), (1, 3, 0, 3), (1, '?', 0, 3), (1, '?', 0, 3), (1, 5, 0, 3), (1, 0, 0, 3), (1, '?', 0, 3), (1, 5, 0, 3), (1, 4, 0, 3), (1, '?', 0, 3), (1, '?', 0, 3), (1, 3, 0, 3), (1, 4, 0, 3), (1, 4, 0, 3), (1, 4, 0, 3), (1, 4, 0, 3), (1, 4, 0, 3)]"
"(9, 6, 10, 9, 0)","[(1, 6, 0, 7), (1, 6, 0, 7), (1, 7, 0, 7), (1, 6, 0, 7), (1, 4, 0, 7), (1, 1, 0, 7), (1, 3, 0, 7), (1, 7, 0, 7), (1, 3, 0, 7), (1, 1, 0, 7), (1, '?', 0, 7), (1, 0, 0, 7), (1, 4, 0, 7), (1, '?', 0, 7), (1, 5, 0, 7), (1, 1, 0, 7), (1, 3, 0, 7), (1, 4, 0, 7), (1, 3, 0, 7), (1, '?', 0, 7), (1, 6, 0, 7), (1, 4, 0, 7), (1, '?', 0, 7), (1, 1, 0, 7)]"
"(9, 6, 10, 10, 0)","[(1, 4, 0, 4), (1, 2, 0, 4), (1, 2, 0, 4)]"
"(9, 6, 11, 9, 0)","[(2, 3, 0, 4)]"
"(9, 6, 15, 4, 0)","[(3, 0, '?', 3)]"
"(9, 6, 15, 15, 0)","[(3, 0, 0, 3), (3, 5, 0, 3), (3, 2, 0, 3)]"
"(9, 6, 17, 9, 0)","[(2, 4, 0, 7), (2, 4, 0, 7), (2, 4, 0, 7), (2, 6, 0, 7), (2, 6, 0, 7), (2, 0, 0, 7), (2, 6, 0, 7), (2, 7, 0, 7), (2, 4, 0, 7), (2, 6, 0, 7), (2, '?', 0, 7), (2, 6, 0, 7), (2, 0, 0, 7), (2, 6, 0, 7), (2, 2, 0, 7), (2, 0, 0, 7), (2, 2, 0, 7), (2, 4, 0, 7), (2, 0, 0, 7), (2, 1, 0, 7), (2, 6, 0, 7), (2, 0, 0, 7), (2, 3, 0, 7), (2, 0, 0, 7), (2, 3, 0, 7), (2, 2, 0, 7), (2, '?', 0, 7)]"
"(9, 6, 17, 22, 0)","[(2, '?', 0, 4)]"
"(9, 6, 21, 21, 0)","[(4, 0, 0, 4)]"
"(9, 6, 22, 1, 0)","[(4, 2, 0, 7), (4, 5, 0, 7), (4, 7, 0, 7), (4, 0, 0, 7), (4, 0, 0, 7), (4, '?', 0, 7), (4, 4, 0, 7), (4, 5, 0, 7), (4, '?', 0, 7), (4, 6, 0, 7), (4, 2, 0, 7), (4, 5, 0, 7), (4, 2, 0, 7), (4, '?', 0, 7), (4, 4, 0, 7), (4, 5, 0, 7), (4, '?', 0, 7), (4, 6, 0, 7), (4, 5, 0, 7), (4, 2, 0, 7), (4, 6, 0, 7), (4, 6, 0, 7), (4, 0, 0, 7), (4, 5, 0, 7), (4, 5, 0, 7), (4, 5, 0, 7), (4, 7, 0, 7), (4, '?', 0, 7), (4, 4, 0, 7), (4, 2, 0, 7), (4, 2, 0, 7), (4, 7, 0, 7), (4, '?', 0, 7)]"
"(9, 6, 22, 2, 0)","[('?', 0, 0, 3), ('?', 0, 0, 3), ('?', '?', 0, 3), (3, 6, 0, 3), ('?', 2, 0, 3), (4, '?', 0, 3), (0, 1, 0, 3), (3, 2, 0, 3), (0, 1, 0, 3), (2, '?', 0, 3), ('?', 4, 0, 3), (3, 6, 0, 3), ('?', 2, 0, 3), (3, 2, 0, 3), (3, '?', 0, 3), ('?', 5, 0, 3), ('?', '?', 0, 3), (1, 0, 0, 3), ('?', 2, 0, 3), (2, 0, 0, 3), (1, 5, 0, 3), ('?', 6, 0, 3), (0, 4, 0, 3), ('?', 6, 0, 3), ('?', 1, 0, 3), ('?', 0, 0, 3), (3, 1, 0, 3), ('?', 4, 0, 3), (0, 6, 0, 3), ('?', 0, 0, 3), (1, 5, 0, 3), ('?', 5, 0, 3), ('?', '?', 0, 3), ('?', 5, 0, 3), (7, 5, 0, 3), ('?', 1, 0, 3), (1, 2, 0, 3), (2, 1, 0, 3), ('?', 1, 0, 3), ('?', '?', 0, 3), (1, 0, 0, 3), (2, 5, 0, 3), ('?', 1, 0, 3), ('?', 6, 0, 3), (3, 4, 0, 3), ('?', '?', 0, 3), (4, 3, 0, 3), ('?', '?', 0, 3), ('?', '?', 0, 3), ('?', 0, 0, 3), ('?', 2, 0, 3), ('?', 0, 0, 3), ('?', 4, 0, 3), ('?', 5, 0, 3), ('?', 5, 0, 3), ('?', 5, 0, 3)]"
"(9, 6, 22, 3, 0)","[(4, 1, 0, 4), (4, '?', 0, 4)]"
"(9, 6, 22, 4, 0)","[(2, 5, 0, 3), (3, 5, 0, 3)]"
"(9, 6, 22, 7, 0)","[(3, 0, 0, 7), (3, '?', 0, 7), (3, 4, 0, 7), (3, 3, 0, 7), (3, 4, 0, 7), (3, '?', 0, 7), (3, 5, 0, 7), (3, 4, 0, 7), (3, '?', 0, 7), (3, '?', 0, 7), (3, 1, 0, 7), (3, 0, 0, 7), (3, 4, 0, 7), (3, '?', 0, 7), (3, '?', 0, 7)]"
"(9, 6, 22, 8, 0)","[(1, 0, 0, 3), (1, '?', 0, 3), (1, 3, 0, 3), (1, '?', 0, 3), (1, 0, 0, 3)]"
"(9, 6, 22, 9, 0)","[('?', 5, 0, 7), ('?', 6, 0, 7), ('?', 2, 0, 7), ('?', 3, 0, 7), ('?', 3, 0, 7), (2, '?', 0, 7), ('?', '?', 0, 7), ('?', '?', 0, 7), (2, 6, 0, 7), ('?', 2, 0, 7), (2, 1, 0, 7), ('?', 0, 0, 7), ('?', 5, 0, 7), ('?', 7, 0, 7), ('?', 6, 0, 7), (2, '?', 0, 7), ('?', 5, 0, 7), ('?', 4, 0, 7), (3, 0, 0, 7), (3, 1, 0, 7), ('?', 1, 0, 7), (3, 1, 0, 7), ('?', 4, 0, 7), ('?', 2, 0, 7), (3, '?', 0, 7), (1, 5, 0, 7), ('?', '?', 0, 7), ('?', 7, 0, 7), ('?', '?', 0, 7), ('?', 0, 0, 7), ('?', 6, 0, 7), (3, '?', 0, 7), (1, '?', 0, 7), ('?', 1, 0, 7), (3, 5, 0, 7), (3, 0, 0, 7), ('?', 7, 0, 7), (3, '?', 0, 7), (3, 3, 0, 7), (3, 4, 0, 7), ('?', 5, 0, 7), (2, 4, 0, 7), ('?', '?', 0, 7), ('?', 1, 0, 7), (3, 5, 0, 7), ('?', 6, 0, 7), (2, 1, 0, 7), (1, 0, 0, 7), ('?', 0, 0, 7), (2, '?', 0, 7), ('?', 6, 0, 7), ('?', 6, 0, 7), ('?', 3, 0, 7), (1, 5, 0, 7), (1, 5, 0, 7), (3, 3, 0, 7), ('?', 3, 0, 7), ('?', '?', 0, 7), (3, 1, 0, 7), (2, 2, 0, 7), ('?', 1, 0, 7), ('?', 5, 0, 7), (3, 5, 0, 7), (3, 3, 0, 7), (1, 5, 0, 7), ('?', 0, 0, 7), ('?', 2, 0, 7)]"
"(9, 6, 22, 10, 0)","[(1, 3, 0, 4), (1, 3, 0, 4), (1, 3, 0, 4), (1, 5, 0, 4), (1, 2, 0, 4), (1, 3, 0, 4), (1, 2, 0, 4), (1, 0, 0, 4), (1, 3, 0, 4), (1, 4, 0, 4), (1, 4, 0, 4)]"
"(9, 6, 22, 11, 0)","[(2, 1, 0, 4), (2, 0, 0, 4), (2, '?', 0, 4), (2, '?', 0, 4), (2, 6, 0, 4), (2, 1, 0, 4), (2, 0, 0, 4), (2, 3, 0, 4), (2, '?', 0, 4), (2, 3, 0, 4), (2, 3, 0, 4), (2, 1, 0, 4), (2, 6, 0, 4), (2, '?', 0, 4), (2, 3, 0, 4), (2, 7, 0, 4), (2, 5, 0, 4), (2, 6, 0, 4)]"
"(9, 6, 22, 15, 0)","[(3, '?', 0, 3), (3, '?', 0, 3), (3, '?', 0, 3), (3, 0, 0, 3), (3, 0, 0, 3), (3, 6, 0, 3), (2, '?', 0, 3), (3, 5, 0, 3), (3, 4, 0, 3), (3, 5, 0, 3), (3, '?', 0, 3), (3, '?', 0, 3), (3, 3, 0, 3), (3, 4, 0, 3), (3, 1, 0, 3), (3, '?', 0, 3), (3, 5, 0, 3), (3, 4, 0, 3), (3, 6, 0, 3), (2, '?', 0, 3), (3, '?', 0, 3), (3, 1, 0, 3), (3, 6, 0, 3), (3, 3, 0, 3), (3, 3, 0, 3), (3, 6, 0, 3), (3, 0, 0, 3), (3, 0, 0, 3), (3, 1, 0, 3), (3, 0, 0, 3), (3, 0, 0, 3), (3, 6, 0, 3), (3, 4, 0, 3), (3, 3, 0, 3)]"
"(9, 6, 22, 17, 0)","[(2, 5, 0, 3), (2, 3, 0, 3), (2, '?', 0, 7), (2, '?', 0, 4), (2, 0, 0, 3), (2, 0, 0, 3), (2, 3, 0, 4), (2, '?', 0, 3), (2, 0, 0, 3), (2, '?', 0, 4), (2, 1, 0, 7), (2, 3, 0, 3), (2, 1, 0, 3), (2, 4, 0, 3), (2, '?', 0, 4), (2, 1, 0, 3), (2, '?', 0, 3), (2, 3, 0, 3), (2, '?', 0, 3), (2, 6, 0, 3), (2, 7, 0, 7), (2, 0, 0, 3), (2, '?', 0, 3), (2, 4, 0, 3), (2, 7, 0, 7), (2, 7, 0, 7), (2, '?', 0, 3), (2, 6, 0, 3), (2, 0, 0, 3)]"
"(9, 6, 22, 21, 0)","[(4, '?', 0, 4), (4, '?', 0, 4), (4, 0, 0, 4), (4, 3, 0, 4), (4, 4, 0, 4), (4, 4, 0, 4), (4, '?', 0, 4), (4, 0, 0, 4), (4, 3, 0, 4), (4, '?', 0, 4), (4, '?', 0, 4), (4, 7, 0, 4), (4, '?', 0, 4), (4, 0, 0, 4), (4, 6, 0, 4), (4, 0, 0, 4), (4, 3, 0, 4), (4, 0, 0, 4)]"
"(9, 6, 22, 22, 0)","[('?', 3, 0, 4), ('?', 3, 0, 4), ('?', 5, 0, 4), (1, 5, 0, 4), ('?', '?', 0, 4), ('?', 0, 0, 4), ('?', 3, 0, 4), ('?', 5, 0, 4), ('?', '?', 0, 4), ('?', 4, 0, 4), ('?', 0, 0, 4), (1, 0, 0, 4), ('?', 0, 0, 4), ('?', 0, 0, 4), (3, 4, 0, 4), ('?', '?', 0, 4), ('?', 0, 0, 4), (6, 0, 0, 4), ('?', '?', 0, 4), ('?', '?', 0, 4), ('?', 5, 0, 4), ('?', 0, 0, 4), ('?', '?', 0, 4), ('?', '?', 0, 4), (0, 5, 0, 4), ('?', 0, 0, 4), ('?', '?', 0, 4), (1, 5, 0, 4), ('?', 5, 0, 4), ('?', 3, 0, 4)]"
"(9, 6, 22, 25, 0)","[(4, 4, 0, 3), (4, 5, 0, 3), (4, 4, 0, 3), (4, '?', 0, 3), (4, 0, 0, 3), (4, 5, 0, 3), (4, 4, 0, 3), (4, 5, 0, 3), (4, 2, 0, 3), (4, 1, 0, 3), (4, 3, 0, 3), (4, 2, 0, 3), (4, 0, 0, 3), (4, 2, 0, 3), (4, 1, 0, 3), (4, 2, 0, 3), (4, '?', 0, 3), (4, '?', 0, 3), (4, 3, 0, 3), (4, '?', 0, 3), (4, 3, 0, 3), (4, '?', 0, 3), (4, '?', 0, 3), (4, 4, 0, 3), (4, 3, 0, 3)]"
"(9, 6, 22, 26, 0)","[(3, 2, 0, 4), (3, 5, 0, 4), (3, 5, 0, 4), (3, 4, 0, 4), (3, 2, 0, 4), (3, 2, 0, 4), (3, '?', 0, 4), (3, '?', 0, 4), (3, '?', 0, 4), (3, 7, 0, 4), (3, 0, 0, 4), (3, 0, 0, 4), (3, 5, 0, 4), (3, 7, 0, 4), (3, '?', 0, 4), (3, 0, 0, 4), (3, '?', 0, 4), (3, '?', 0, 4), (3, 0, 0, 4), (3, 2, 0, 4), (3, '?', 0, 4), (3, '?', 0, 4), (3, '?', 0, 4), (3, 5, 0, 4), (3, 0, 0, 4), (3, 3, 0, 4), (3, 0, 0, 4), (3, 0, 0, 4), (3, '?', 0, 4)]"
"(9, 6, 22, 27, 0)","[(0, 5, 0, 4)]"
"(9, 6, 27, 2, 0)","[(0, 4, 0, 3), (0, 6, 0, 3), (0, 5, 0, 3), ('?', 0, 0, 3), (0, 5, 0, 3), (0, 2, 1, 3), (0, 7, 0, 3), (0, 4, 0, 3), (0, 4, 0, 3), (0, 6, 0, 3), (0, 7, 0, 3), (0, 6, 0, 3), (0, 7, 0, 3), (0, 3, 0, 3), (0, 5, 0, 3), (0, 7, 0, 3), (0, 2, 0, 3), (0, 3, 0, 3), (0, 2, 0, 3), (0, 1, 0, 3), (0, 6, 0, 3), (0, 5, 0, 3), (0, 3, 0, 3), (0, 1, 0, 3)]"
"(9, 6, 27, 6, 0)","[(0, 3, 0, 3)]"
"(9, 6, 27, 9, 0)","[(0, 6, 0, 7), (0, 1, 0, 7), (0, 3, 0, 7), (0, 1, 0, 7), (0, 4, 0, 7), (0, 2, 0, 7), (0, 5, 0, 7), (0, 4, 0, 7), (0, '?', 0, 7), (0, 7, 0, 7), (0, 7, 0, 7), (0, '?', 0, 7), (0, 2, 0, 7), (0, 7, 0, 7), (0, 2, 0, 7), (0, 3, 0, 7), (0, 6, 0, 7), (0, 4, 0, 7), (0, 5, 0, 7), (0, '?', 0, 7), (0, 1, 0, 7), (0, '?', 0, 7), (0, 1, 0, 7), (0, 1, 0, 7), (0, 6, 0, 7), (0, 4, 0, 7), (0, 5, 0, 7), (0, 6, 0, 7), (0, 2, 0, 7), (0, 6, 0, 7), (0, 6, 0, 7), (0, '?', 0, 7), (0, 4, 0, 7), (0, 6, 0, 7), (0, 3, 0, 7), (0, 5, 0, 7), (0, 7, 0, 7), (0, '?', 0, 7), (0, 7, 0, 7), (0, 1, 0, 7), (0, 1, 0, 7), (0, '?', 0, 7), (0, 5, 0, 7), (0, '?', 0, 7), (0, 5, 0, 7)]"
"(9, 6, 27, 22, 0)","[(0, 6, 0, 4), (0, 3, 0, 4), (0, '?', 0, 4), (0, '?', 0, 4), (0, 6, 0, 4), (0, 2, 0, 4), (0, 0, 0, 4), (0, 2, 0, 4), (0, 2, 0, 4), (0, 4, 0, 4), (0, 2, 0, 4), (0, 2, 0, 4), (0, 5, 0, 4), (0, '?', 0, 4), (0, 4, 0, 4), (0, '?', 0, 4), (0, 1, 0, 4), (0, 2, 0, 4), (0, 0, 0, 4), (0, 0, 0, 4), (0, 3, 0, 4), (0, 1, 0, 4), (0, 6, 0, 4), (0, 1, 0, 4), (0, '?', 0, 4), (0, '?', 0, 4), (0, 0, 0, 4), (0, 3, 0, 4), (0, 3, 0, 4), (0, 5, 0, 4), (0, 6, 0, 4), (0, 4, 0, 4), (0, 0, 0, 4), (0, 0, 0, 4), (0, '?', 0, 4), (0, '?', 0, 4), (0, 5, 0, 4)]"
"(9, 9, 2, 8, 0)","[(1, 4, 6, 3), (1, 1, '?', 3), (1, 1, '?', 3), (1, 1, '?', 3), (1, 1, '?', 3), (1, 4, '?', 3)]"
"(9, 9, 2, 9, 0)","[(0, 1, 6, 7)]"
"(9, 9, 2, 17, 0)","[(2, 1, '?', 3)]"
"(9, 9, 2, 21, 0)","[(4, 1, '?', 4), (4, 4, '?', 4), (4, 6, '?', 4), (4, 4, '?', 4), (4, 4, '?', 4), (4, 1, '?', 4), (4, 6, '?', 4)]"
"(9, 9, 2, 22, 0)","[('?', 1, '?', 4), ('?', 1, '?', 4)]"
"(9, 9, 2, 25, 0)","[(4, 6, '?', 3)]"
"(9, 9, 4, 21, 0)","[(4, 0, '?', 4)]"
"(9, 9, 6, 2, 0)","[(0, 3, 0, 3)]"
"(9, 9, 6, 8, 0)","[(1, 2, '?', 3)]"
"(9, 9, 6, 15, 0)","[(3, 7, 2, 3)]"
"(9, 9, 6, 27, 0)","[(0, 7, '?', 3)]"
"(9, 9, 10, 2, 0)","[(1, 7, 3, 3), (1, 4, '?', 3), (1, 4, '?', 3), (1, 0, '?', 3)]"
"(9, 9, 10, 4, 0)","[(1, 5, '?', 3)]"
"(9, 9, 10, 9, 0)","[(1, 1, '?', 7), (1, 1, '?', 7)]"
"(9, 9, 10, 10, 0)","[(1, '?', 1, 4)]"
"(9, 9, 12, 2, 0)","[('?', 0, 3, 3)]"
"(9, 9, 12, 25, 0)","[(4, 3, 3, 3)]"
"(9, 9, 18, 22, 0)","[(3, 1, 2, 4), (0, 2, 2, 4)]"
"(9, 9, 21, 21, 0)","[(4, 6, '?', 4), (4, '?', '?', 4)]"
"(9, 9, 22, 2, 0)","[(3, 4, 2, 3), (0, 0, 3, 3), ('?', 6, 4, 3), (0, 6, 6, 3), ('?', 0, '?', 3), (0, 2, '?', 3)]"
"(9, 9, 22, 4, 0)","[(1, 5, 3, 3)]"
"(9, 9, 22, 6, 0)","[(0, 2, '?', 3), ('?', 3, '?', 4)]"
"(9, 9, 22, 10, 0)","[(1, '?', '?', 4), (1, 2, 1, 4)]"
"(9, 9, 22, 11, 0)","[(2, 0, 2, 4), (2, 6, 2, 4), (2, '?', 2, 4)]"
"(9, 9, 22, 21, 0)","[(4, 4, '?', 4), (4, 4, 2, 4), (4, 1, '?', 4)]"
"(9, 9, 22, 22, 0)","[(0, '?', 2, 4), ('?', '?', '?', 4), ('?', 2, '?', 4), ('?', 3, '?', 4), ('?', '?', '?', 4), ('?', 0, 2, 4)]"
"(9, 9, 22, 25, 0)","[(4, 6, '?', 3), (4, '?', '?', 3)]"
"(9, 9, 22, 26, 0)","[(3, '?', '?', 4), (3, 0, 6, 4)]"
"(9, 9, 22, 27, 0)","[(0, 3, '?', 4)]"
"(9, 9, 27, 2, 0)","[(0, '?', 2, 3), (0, 6, 2, 3), (0, '?', 6, 3), (0, 2, 5, 3), (0, 0, 3, 3), (0, 2, 5, 3), (0, 3, '?', 3), (0, 6, '?', 3), (0, 2, '?', 3), (0, 2, 5, 3), (0, 6, '?', 3), (0, 6, 0, 3), (0, 0, 3, 3), (0, 3, '?', 3), (0, '?', 6, 3), (0, 6, '?', 3), (0, 0, 3, 3)]"
"(9, 9, 27, 6, 0)","[(0, 7, '?', 3)]"
"(9, 9, 27, 22, 0)","[(0, 7, 0, 4), (0, 0, '?', 4), (0, 5, 1, 4), (0, 3, '?', 4), (0, 2, '?', 4), (0, 2, '?', 4)]"
"(9, 10, 2, 8, 0)","[(1, 1, '?', 3)]"
"(9, 10, 2, 9, 0)","[(1, 4, '?', 7)]"
"(9, 10, 4, 2, 0)","[(1, 5, '?', 3), (1, 5, '?', 3), (1, 5, '?', 3), (1, 0, '?', 3), (1, 5, '?', 3), (1, 5, '?', 3), (1, 5, '?', 3), (1, 0, '?', 3)]"
"(9, 10, 4, 8, 0)","[(1, 0, '?', 3), (1, 0, '?', 3)]"
"(9, 10, 4, 9, 0)","[(1, 5, '?', 7), (1, 5, '?', 7), (1, 0, 6, 7), (1, 5, '?', 7)]"
"(9, 10, 4, 10, 0)","[(1, 0, '?', 4), (1, 0, '?', 4), (1, 5, '?', 4), (1, 5, '?', 4), (1, 0, '?', 4), (1, 0, '?', 4), (1, 5, '?', 4), (1, 0, '?', 4), (1, 5, '?', 4)]"
"(9, 10, 6, 2, 0)","[(1, 3, '?', 3), (1, 3, '?', 3), (1, 7, '?', 3), (1, 7, '?', 3), (1, 7, '?', 3), (1, 2, '?', 3), (1, 7, '?', 3), (1, 2, '?', 3), (1, 3, '?', 3), (1, 7, '?', 3), (1, 2, '?', 3)]"
"(9, 10, 6, 8, 0)","[(1, 3, '?', 7)]"
"(9, 10, 6, 9, 0)","[(1, 2, '?', 7), (1, 2, '?', 7), (1, 3, '?', 7), (2, 2, '?', 4)]"
"(9, 10, 6, 10, 0)","[(1, 7, '?', 4), (1, 3, '?', 4), (1, 7, '?', 4), (1, 7, '?', 4), (1, 7, '?', 4), (1, 3, '?', 4), (1, 7, '?', 4), (1, 3, '?', 4), (1, 3, '?', 4)]"
"(9, 10, 6, 22, 0)","[(1, 7, '?', 4), (1, 7, '?', 4)]"
"(9, 10, 9, 9, 0)","[(1, 3, '?', 7), (1, 2, 1, 7), (1, '?', '?', 7), (1, 4, '?', 7), (1, 3, '?', 7), (1, 2, '?', 7), (1, '?', '?', 7), (1, 4, '?', 7), (1, 3, 0, 7), (1, '?', '?', 7), (1, '?', '?', 7), (1, 6, '?', 7), (1, 6, '?', 7), (1, 1, '?', 7), (1, 2, '?', 7), (1, 4, '?', 7), (1, 4, '?', 7), (1, 6, '?', 7), (1, 1, '?', 7), (1, '?', '?', 7), (1, 4, '?', 7), (1, 6, '?', 7), (1, 6, '?', 7), (1, 3, '?', 7), (1, 4, '?', 7), (1, 1, '?', 7), (1, 2, '?', 7), (1, 3, '?', 7), (1, '?', '?', 7), (1, 4, '?', 7), (1, '?', '?', 7)]"
"(9, 10, 10, 2, 0)","[(1, 0, '?', 3), (1, 0, '?', 3), (1, 2, 1, 3), (1, 7, '?', 3), (1, 7, '?', 3)]"
"(9, 10, 22, 2, 0)","[(1, 4, 0, 3), (1, 7, '?', 3), (1, 2, '?', 3), (1, '?', '?', 3), (1, 4, '?', 3), (1, 2, '?', 3), (1, 2, '?', 3), (1, '?', '?', 3), (1, 2, 5, 3), (1, 6, '?', 3), (1, 1, '?', 3), (1, '?', '?', 3), (1, '?', '?', 3), (1, '?', '?', 3)]"
"(9, 10, 22, 6, 0)","[(1, 3, '?', 3)]"
"(9, 10, 22, 8, 0)","[(1, 3, '?', 3), (1, '?', '?', 3), (1, 7, '?', 3)]"
"(9, 10, 22, 10, 0)","[(1, 7, 0, 4), (1, 7, 1, 4), (1, 3, 1, 4), (1, '?', '?', 4), (1, '?', '?', 4)]"
"(9, 10, 22, 22, 0)","[(1, '?', '?', 4), (1, '?', '?', 4)]"
"(9, 11, 2, 11, 0)","[(2, 6, '?', 4)]"
"(9, 11, 4, 11, 0)","[(2, 5, '?', 4)]"
"(9, 11, 6, 11, 0)","[(2, 7, '?', 3)]"
"(9, 11, 6, 22, 0)","[(2, 7, 6, 7)]"
"(9, 11, 22, 11, 0)","[(2, '?', '?', 4)]"
"(9, 11, 22, 17, 0)","[(2, 0, '?', 3)]"
"(9, 12, 2, 1, 0)","[(4, 1, 3, 7), (4, 4, 3, 7), (4, 4, 3, 7)]"
"(9, 12, 2, 2, 0)","[('?', 6, 3, 3), (0, 1, 3, 3), ('?', 4, 3, 3), ('?', 1, 3, 3), ('?', 6, 3, 3), ('?', 1, 3, 3), (0, 1, 3, 3), ('?', 4, 3, 3), ('?', 1, 3, 3), (3, 1, 3, 3), ('?', 4, 3, 3), ('?', 1, 3, 3), ('?', 1, 3, 3), ('?', 4, 3, 3), (0, 1, 3, 3), ('?', 4, 3, 3), ('?', 6, 3, 3), ('?', 1, 3, 3), (0, 6, 3, 3), ('?', 1, 3, 3), ('?', 1, 3, 3), ('?', 6, 3, 3), (0, 6, 3, 3)]"
"(9, 12, 2, 7, 0)","[(3, 4, 3, 7), (3, 4, 3, 7), (3, 4, 3, 7), (3, 4, 3, 7)]"
"(9, 12, 2, 8, 0)","[(1, 1, 3, 3), (1, 4, 3, 3), (1, 1, 3, 3), (1, 6, 3, 3), (1, 1, 3, 3), (1, 1, 3, 3), (1, 6, 3, 3), (1, 4, 3, 3), (1, 4, 3, 3), (1, 1, 3, 3), (1, 4, 3, 3), (1, 6, 3, 3), (1, 4, 3, 3), (1, 6, 3, 3), (1, 1, 3, 3), (1, 6, 3, 3), (1, 1, 3, 3), (1, 1, 3, 3), (1, 6, 3, 3), (1, 4, 3, 3), (1, 6, 3, 3), (1, 6, 3, 3)]"
"(9, 12, 2, 9, 0)","[(0, 1, 3, 7), ('?', 4, 3, 7), ('?', 4, 3, 7), ('?', 1, 3, 7), ('?', 1, 3, 7), (0, 6, 3, 7), (0, 1, 3, 7), ('?', 4, 3, 7), ('?', 1, 3, 7), (0, 6, 3, 7), ('?', 1, 3, 7), (1, 6, 3, 7), ('?', 6, 3, 7), (1, 6, 3, 7), (0, 1, 3, 7), (0, 1, 3, 7), (0, 6, 3, 7), (0, 1, 3, 7), ('?', 1, 3, 7), (0, 4, 3, 7), (1, 1, 3, 7), ('?', 4, 3, 7), (1, 1, 3, 7), (1, 6, 3, 7), ('?', 4, 3, 7), ('?', 4, 3, 7), (0, 1, 3, 7), ('?', 6, 3, 7), (0, 6, 3, 7)]"
"(9, 12, 2, 10, 0)","[(1, 6, 3, 4), (1, 1, 3, 4), (1, 4, 3, 4), (1, 1, 3, 4), (1, 1, 3, 4), (1, 6, 3, 4), (1, 1, 3, 4), (1, 6, 3, 4), (1, 4, 3, 4), (1, 1, 3, 4), (1, 4, 3, 4), (1, 6, 3, 4), (1, 4, 3, 4), (1, 6, 3, 4), (1, 1, 3, 4)]"
"(9, 12, 2, 11, 0)","[(2, 1, 3, 3), (2, 4, 3, 4), (2, 1, 3, 3), (2, 1, 3, 4), (2, 4, 3, 3), (2, 1, 3, 3), (2, 6, 3, 3), (2, 4, 3, 3), (2, 6, 3, 3), (2, 1, 3, 3), (2, 6, 3, 4), (2, 6, 3, 4), (2, 4, 3, 3), (2, 6, 7, 4), (2, 6, 3, 3), (2, 6, 3, 4), (2, 1, 3, 3), (2, 4, 3, 3), (2, 4, '?', 4), (2, 1, 3, 4), (2, 1, 3, 4), (2, 1, 3, 3), (2, 4, 3, 3), (2, 1, 3, 4), (2, 1, 3, 4), (3, 1, 3, 4), (2, 4, 3, 4), (2, 4, 3, 3), (2, 4, 3, 4), (2, 6, 3, 3), (2, 6, 3, 3), (2, 1, 3, 3), (2, 4, 3, 3)]"
"(9, 12, 2, 15, 0)","[(3, 1, 3, 3), (3, 4, 3, 3), (3, 1, 3, 3), (3, 6, 3, 3), (3, 1, 3, 3), (3, 1, 3, 3), (3, 4, 3, 3), (3, 6, 3, 3), (3, 6, 3, 3)]"
"(9, 12, 2, 17, 0)","[(2, 1, 3, 7), (2, 6, 3, 7), (2, 4, 3, 4), (2, 1, 3, 7), (2, 1, 3, 7), (2, 6, 7, 3), (2, 1, 3, 7), (2, 1, 3, 7), (2, 1, 3, 7), (2, 6, 3, 4), (2, 6, 7, 7), (2, 1, 3, 7), (2, 6, 3, 3), (2, 6, 3, 3)]"
"(9, 12, 2, 21, 0)","[(4, 6, 3, 4), (4, 1, 3, 4), (4, 6, 3, 4), (4, 6, 3, 4), (4, 1, 3, 4), (4, 1, 3, 4), (4, 6, 3, 4), (4, 1, 3, 4), (4, 4, 3, 4), (4, 6, 3, 4), (4, 4, 3, 4)]"
"(9, 12, 2, 22, 0)","[('?', 6, 3, 4), (0, 4, 7, 4), ('?', 4, 3, 3), (0, 4, 7, 4), (5, 1, 3, 4), ('?', 6, 3, 4), ('?', 6, 3, 4), ('?', 6, 3, 4), ('?', 6, 3, 4), (0, 1, 3, 4), ('?', 1, 3, 4), (0, 1, 3, 4), (0, 4, 7, 4), ('?', 1, 3, 4), (0, 1, 3, 4), ('?', 6, 3, 4), ('?', 1, 3, 4), ('?', 1, 3, 4), ('?', 6, 3, 4), (5, 1, 3, 4), (0, 1, 3, 4)]"
"(9, 12, 2, 25, 0)","[(4, 6, 3, 3), (4, 6, 3, 3), (4, 6, 3, 3), (4, 6, 3, 3)]"
"(9, 12, 2, 26, 0)","[(3, 1, 3, 4), (3, 1, 3, 4), (3, 1, 3, 4)]"
"(9, 12, 2, 27, 0)","[(0, 1, 3, 4), (0, 1, 3, 4), (0, 1, 3, 3)]"
"(9, 12, 4, 1, 0)","[(4, 0, 3, 7), (4, 5, 3, 7), (4, 0, 3, 7), (4, 0, 3, 7), (4, 0, 3, 7), (4, 0, 3, 7)]"
"(9, 12, 4, 2, 0)","[(0, 5, 3, 3), ('?', 0, 3, 3), (0, 5, 3, 3), (0, 5, 3, 3), ('?', 0, 3, 3), ('?', 0, 3, 3), ('?', 5, 3, 3), (3, 5, 7, 3), ('?', 5, 3, 3), ('?', 5, 3, 3), (0, 0, 3, 3), (3, 5, 7, 3), (3, 5, 7, 3), (2, 0, 3, 3)]"
"(9, 12, 4, 7, 0)","[(3, 5, 3, 7), (3, 5, 3, 7), (3, 5, 3, 7), (3, 5, 3, 7)]"
"(9, 12, 4, 8, 0)","[(1, 0, 3, 3), (1, 0, 3, 3), (1, 0, 3, 3), (1, 5, 3, 3), (1, 5, 3, 3), (1, 5, 3, 3), (1, 5, 3, 3), (1, 5, 3, 3), (1, 5, 3, 3)]"
"(9, 12, 4, 9, 0)","[(1, 5, 3, 7), (1, 0, 3, 7), (0, 0, 3, 7), (1, 5, 3, 7), (1, 5, 3, 7), (2, 0, 3, 7), ('?', 0, 3, 7), (2, 0, 3, 7), (0, 0, 3, 7), ('?', 0, 3, 7), (0, 0, 3, 7), (1, 5, 3, 7), (0, 0, 3, 7), (1, 5, 3, 7), (3, 5, 3, 7), (0, 5, 3, 7)]"
"(9, 12, 4, 10, 0)","[(1, 5, 3, 4), (1, 0, 3, 4), (1, 5, 3, 4), (1, 0, 3, 4), (1, 5, 3, 4), (1, 5, 3, 4), (1, 0, 3, 4), (1, 0, 3, 4), (1, 0, 3, 4), (1, 0, 3, 4)]"
"(9, 12, 4, 11, 0)","[(2, 0, 3, 4), (2, 0, 7, 4), (2, 0, 3, 4), (2, 0, 3, 4), (2, 0, 3, 4)]"
"(9, 12, 4, 15, 0)","[(3, 0, 3, 3), (3, 0, 3, 3), (3, 5, 3, 3), (3, 5, 3, 3), (3, 5, 3, 3)]"
"(9, 12, 4, 17, 0)","[(2, 0, 3, 7), (2, 0, 3, 7), (2, 0, 3, 3), (2, 0, 3, 3), (2, 0, 3, 7), (2, 0, 3, 7), (2, 5, 3, 7)]"
"(9, 12, 4, 21, 0)","[(4, 0, 3, 4), (4, 0, 3, 4), (4, 0, 3, 4), (4, 0, 3, 4), (4, 0, 3, 4)]"
"(9, 12, 4, 22, 0)","[(5, 5, 3, 4), ('?', 0, 7, 4), (3, 0, 3, 4), (3, 5, 3, 4), ('?', 5, 3, 4), ('?', 5, 3, 4)]"
"(9, 12, 4, 25, 0)","[(4, 5, 3, 3), (4, 5, 3, 3), (4, 5, 3, 3), (4, 5, 3, 3), (4, 5, 3, 3), (4, 5, 3, 3)]"
"(9, 12, 4, 26, 0)","[(3, 0, 3, 4), (3, 5, 3, 4)]"
"(9, 12, 4, 27, 0)","[(0, 0, 3, 4), (0, 0, 3, 4), (0, 0, 3, 4), (0, 0, 3, 4), (0, 5, 3, 3)]"
"(9, 12, 6, 1, 0)","[(4, 2, 3, 7), (4, 7, 3, 7), (4, 2, 7, 7), (4, 2, 3, 7), (4, 2, 3, 7), (4, 2, 7, 7), (4, 2, 7, 7), (4, 2, 7, 7)]"
"(9, 12, 6, 2, 0)","[('?', 3, 3, 3), (1, 2, 3, 3), (1, 2, 3, 3), ('?', 3, 3, 3), (1, 2, 3, 3), ('?', 3, 3, 3), ('?', 3, 3, 3), (2, 3, 3, 3)]"
"(9, 12, 6, 6, 0)","[('?', 7, 3, 4)]"
"(9, 12, 6, 7, 0)","[(3, 3, 3, 7), (3, 3, 3, 3), (3, 7, 3, 7), (3, 2, 3, 7), (3, 3, 3, 7), (3, 7, 3, 7)]"
"(9, 12, 6, 8, 0)","[(1, 2, 3, 3), (1, 7, 3, 3), (1, 2, 3, 3), (1, 7, 3, 3), (1, 7, 3, 3), (1, 3, 3, 4), (1, 2, 3, 3), (1, 2, 3, 3), (4, 3, 3, 4)]"
"(9, 12, 6, 9, 0)","[(0, 2, 7, 7), (0, 2, 7, 7), ('?', 2, 3, 7), (3, 2, 3, 7), ('?', 3, 3, 7), (1, 7, 3, 7), (1, 7, 3, 7), (1, 7, 3, 7), ('?', 7, 3, 7), (3, 7, 3, 7), (0, 7, 7, 7), (0, 2, 3, 7), (0, 2, 3, 7), (3, 7, 3, 7), (0, 7, 3, 7), ('?', 2, 3, 7), (3, 2, 3, 7), ('?', 2, 3, 7), (0, 7, 3, 7), (1, 7, 3, 7), (0, 2, 3, 7), ('?', 2, 3, 7), ('?', 7, 3, 7), ('?', 3, 3, 7), ('?', 7, 3, 7)]"
"(9, 12, 6, 10, 0)","[(1, 3, 3, 4), (1, 3, 3, 4), (1, 3, 3, 4), (1, 3, 3, 4), (1, 3, 3, 4)]"
"(9, 12, 6, 11, 0)","[(2, 2, 3, 3), (2, 3, 3, 3), (2, '?', 3, 4), (2, 7, 3, 3), (2, 2, 3, 4), (2, 7, 3, 3), (2, 3, 7, 4), (2, 2, '?', 4), (2, 2, 3, 3), (2, 2, 3, 4), (2, 7, 3, 3), (2, 7, 3, 3)]"
"(9, 12, 6, 15, 0)","[(2, 3, 3, 3), (3, 2, 3, 3), (3, 3, 3, 3), (3, 2, 3, 3), (3, 3, 3, 3), (3, 3, 3, 3), (3, 2, 3, 3)]"
"(9, 12, 6, 17, 0)","[(2, 7, 3, 7), (2, 7, 3, 7), (2, 2, 3, 7), (2, 2, 3, 7), (2, 2, 3, 7), (2, '?', 3, 3), (2, 2, 3, '?'), (2, 2, 3, 7), (2, 3, 3, 3), (2, 2, 3, 7), (2, 7, 3, 7)]"
"(9, 12, 6, 21, 0)","[(4, 3, 3, 4), (4, 7, 3, 3), (4, 7, 3, 3), (4, 7, 3, 3), (4, 7, 3, 3), (4, 7, 3, 3), (4, 7, 3, 3), (4, 3, 3, 4), (4, 7, 3, 3)]"
"(9, 12, 6, 22, 0)","[(2, 2, 3, 3), (2, 2, 3, 3), ('?', 7, 3, 4), ('?', 7, 3, 3), ('?', 7, 3, 4), ('?', 7, 3, 3), (3, 3, 3, 4), (2, 2, 3, 3), (0, 7, 3, 3), (3, 1, '?', '?'), ('?', 7, 3, 3), ('?', 7, 3, 3), ('?', 7, 3, 3), (3, 3, 3, 4), ('?', 7, 3, 3), (1, '?', 3, 4), (0, 2, 3, 4), ('?', 7, 3, 7), ('?', '?', 3, 4), ('?', 7, 3, 3)]"
"(9, 12, 6, 25, 0)","[(4, 3, 3, 3), (4, 2, 3, 3), (4, 2, 3, 3), (4, 3, 3, 3), (4, 3, 3, 3), (4, 2, 3, 3), (4, 2, 3, 3), (4, 2, 3, 3)]"
"(9, 12, 6, 26, 0)","[(3, 7, 3, 3), (3, 7, 3, 4), (3, 7, 3, 3), (3, 7, 3, 3), (3, 7, 3, 4), (3, 7, 3, 4), (3, '?', 3, 4), (3, 7, 3, 3), (3, 7, 3, 3)]"
"(9, 12, 6, 27, 0)","[(0, 2, 3, 4), (0, 7, 3, 3), (0, 7, 3, 4), (0, 3, 3, 4), (0, 7, 3, 3), (0, 2, 3, 4), (0, 3, 3, '?'), (0, 2, 3, 4), (0, 2, 3, 4), (0, 7, 3, 4), (0, 2, 3, 4), (0, 7, 3, 3), (0, 7, 3, 3), (0, 7, 3, 3), (0, 3, 3, '?'), (0, 3, 3, 4), (0, 7, 3, 3), (0, 7, 3, 3), (0, 7, 3, 4), (0, 3, 3, 4), (0, 3, 3, 4), (0, 3, 3, 4)]"
"(9, 12, 8, 2, 0)","[(1, 7, 3, 3)]"
"(9, 12, 9, 1, 0)","[(4, '?', 3, 7)]"
"(9, 12, 9, 6, 0)","[(2, 2, 7, 4), (2, 2, 7, 4)]"
"(9, 12, 9, 9, 0)","[(3, 4, 3, 7), (0, 6, 3, 7)]"
"(9, 12, 9, 15, 0)","[(3, '?', 3, 3)]"
"(9, 12, 9, 26, 0)","[(3, 3, 3, 4)]"
"(9, 12, 10, 2, 0)","[(1, 0, 3, 3), (1, 7, 3, 3), (1, 0, 3, 3), (1, '?', 3, 3), (1, '?', 3, 3), (1, 6, 3, 3), (1, 4, 3, 3), (1, 0, 3, 3)]"
"(9, 12, 10, 8, 0)","[(1, '?', 3, 3)]"
"(9, 12, 10, 9, 0)","[(1, 0, 3, 7), (1, '?', 3, 7), (1, 0, 3, 7), (1, '?', 3, 7), (1, 6, 3, 7), (1, 1, 3, 7), (1, '?', 3, 7), (1, 1, 3, 7), (1, '?', 3, 7), (1, 1, 3, 7), (1, 6, 3, 7), (1, 6, 3, 7), (1, '?', 3, 7)]"
"(9, 12, 10, 10, 0)","[(1, '?', 3, 4), (1, 5, 3, 4), (1, '?', 3, 4)]"
"(9, 12, 11, 2, 0)","[(2, '?', 3, 3)]"
"(9, 12, 11, 9, 0)","[(2, 4, 3, 7), (2, 2, 3, 7), (2, 4, 3, 7), (2, 4, 3, 4), (2, '?', 3, 4), (2, 4, 3, 4), (2, 4, 3, 7), (2, 6, 3, 7), (2, 4, 3, 7), (2, 1, 3, 7), (2, 4, 3, 7)]"
"(9, 12, 11, 11, 0)","[(2, 7, 3, 3)]"
"(9, 12, 12, 2, 0)","[(0, '?', 7, 3), (0, '?', 7, 3), (0, 6, 7, 3), (3, '?', 3, 3)]"
"(9, 12, 12, 6, 0)","[(3, 7, 3, 3)]"
"(9, 12, 12, 15, 0)","[(3, 0, 3, 3), (3, 3, 3, 3), (3, '?', 3, 3)]"
"(9, 12, 15, 2, 0)","[(7, 4, 7, 3)]"
"(9, 12, 15, 4, 0)","[(3, 0, 3, 3)]"
"(9, 12, 17, 9, 0)","[(2, 6, 3, 7), (2, 3, '?', 7), (2, 6, 3, 7), (2, 6, 3, 7), (2, 2, 3, 7), (2, 5, 3, 7), (2, 5, 3, 7), (2, 4, 3, 7)]"
"(9, 12, 21, 21, 0)","[(4, '?', 3, 4)]"
"(9, 12, 22, 1, 0)","[(4, '?', 3, 7), (4, '?', 3, 7), (4, 4, 3, 7), (4, '?', 3, 7), (4, '?', 3, 7), (4, 6, 3, 7), (4, 1, 3, 7), (4, 1, 3, 7), (4, 5, 3, 7), (4, 5, 3, 7), (4, 0, 3, 7), (4, 6, 3, 7), (4, 2, 3, 7), (4, 5, 3, 7), (4, 1, 3, 7), (4, 4, 3, 7), (4, 5, 3, 7), (4, 0, 3, 7), (4, '?', 3, 7), (4, 4, 3, 7), (4, 6, 3, 7), (4, 1, 3, 7), (4, 6, 3, 7), (4, '?', 3, 7), (4, 6, 3, 7), (4, '?', 3, 7), (4, 6, 3, 7), (4, 1, 3, 7), (4, 2, 3, 7), (4, 6, 3, 7), (4, 5, 3, 7), (4, 5, 3, 7)]"
"(9, 12, 22, 2, 0)","[(0, 1, 3, 3), (1, '?', 3, 3), (0, 7, 7, 3), (0, 6, 3, 3), ('?', '?', 3, 3), (0, 6, 3, 3), (0, '?', 3, 3), ('?', 3, 3, 3), ('?', 5, 3, 3), ('?', '?', 3, 3), ('?', 5, 3, 3), ('?', '?', 3, 3), (0, 1, 3, 3), ('?', 3, 3, 3), ('?', '?', 3, 3), (0, '?', 3, 3), ('?', 3, 3, 3), ('?', 3, 3, 3), (0, 6, 3, 3), ('?', 0, 3, 3), ('?', 0, 3, 3), ('?', 3, 3, 3), (0, 0, 3, 3), (3, 4, 3, 3), (0, 1, 3, 3), ('?', 6, 3, 3), ('?', 6, 3, 3), ('?', 3, 3, 3), ('?', 0, 3, 3), ('?', '?', 3, 3), (0, 6, 3, 3), (0, 5, 3, 3), (0, '?', 3, 3), ('?', 4, 3, 3), (0, '?', 3, 3)]"
"(9, 12, 22, 4, 0)","[('?', 5, 3, 3), ('?', 0, 3, 3), ('?', 5, 3, 3), ('?', 0, 3, 3)]"
"(9, 12, 22, 7, 0)","[(3, 2, 3, 7), (3, 3, 3, 7), (3, 3, 3, 7), (3, 4, 3, 7)]"
"(9, 12, 22, 8, 0)","[(1, 2, 3, 3), (1, 0, 3, 3)]"
"(9, 12, 22, 9, 0)","[('?', 6, 3, 7), (3, 2, 3, 7), (0, 4, 3, 7), ('?', 6, 3, 7), ('?', 0, 3, 7), (1, 5, 3, 7), (0, 6, 3, 7), ('?', 0, 3, 7), (2, 5, 3, 7), ('?', 0, 3, 7), ('?', '?', 3, 7), (4, 6, 3, 7), ('?', 4, 3, 7), ('?', 1, 3, 7), ('?', 3, 3, 7), ('?', 2, 3, 7), ('?', 3, 3, 7), ('?', '?', 3, 7), (1, 0, 3, 7), (4, 0, 3, 7), ('?', '?', 3, 7), ('?', 2, 3, 7), (3, 5, 3, 7), (1, 1, 3, 7), (3, 3, 3, 7), ('?', 2, 3, 7), (3, 4, 3, 7), ('?', 1, 3, 7), ('?', 0, 3, 7), ('?', 3, 3, 7), (2, 5, 3, 7), ('?', 1, 3, 7), (3, 4, 3, 7), (3, 7, 3, 7), (0, 6, 3, 7), (1, 5, 3, 7), (1, 6, 3, 7), ('?', 0, 3, 7), ('?', 6, 3, 7), ('?', '?', 3, 7), ('?', '?', 3, 7), (1, '?', 3, 7), (0, 4, 3, 7), ('?', 4, 3, 7), (0, '?', 3, 7), ('?', 6, 3, 7), (1, '?', 3, 7), (1, 0, 3, 7), ('?', 3, 3, 7), (1, 5, 3, 7), ('?', '?', 3, 7), ('?', 2, 3, 7), (3, 3, 3, 7), ('?', 6, 3, 7), (1, 0, 3, 7), ('?', 6, 3, 7), ('?', 6, 3, 7), ('?', '?', 3, 7)]"
"(9, 12, 22, 10, 0)","[(1, 5, 3, 4), (1, '?', 3, 4), (1, '?', 3, 4), (1, 5, 3, 4), (1, '?', 3, 4), (1, 3, 3, 4), (1, 6, 3, 4), (1, '?', 3, 4), (1, '?', 3, 4), (1, 1, 3, 4), (1, 0, 3, 4), (1, '?', 3, 4), (1, 3, 3, 4), (1, 6, 3, 4), (1, 4, 3, 4), (1, 3, 3, 4), (1, 4, 3, 4), (1, '?', 3, 4), (1, 0, 3, 4)]"
"(9, 12, 22, 11, 0)","[(2, '?', 3, 4), (2, 1, 3, 3), (2, '?', 3, 3), (2, '?', 3, 4), (2, '?', 3, 3), (2, '?', 3, 4), (2, 6, 3, 4), (2, '?', 3, 3), (2, 2, 3, 4), (2, 2, 3, 4), (2, '?', 3, 4), (2, 6, 3, 4), (2, 0, 3, 4), (2, 1, 3, 4), (2, '?', 3, 4), (2, 6, 3, 4), (2, 7, 3, 3), (2, 1, 3, 4), (2, '?', 3, 3), (2, 4, 3, 4), (2, 4, 3, 4), (2, 4, 3, 3), (2, 4, 3, 3), (2, '?', 3, 4), (2, '?', 3, '?'), (2, 2, 3, 4), (2, 4, 3, 4), (2, '?', 7, 4), (2, 7, 3, 3), (2, 6, 3, 4), (2, '?', 3, 4)]"
"(9, 12, 22, 15, 0)","[(3, 0, 3, 3), (3, 4, 3, 3), (3, '?', 3, 3), (3, 5, 3, 3), (3, 5, 3, 3), (3, '?', 3, 3), (3, 6, 3, 3), (3, 3, 3, 3), (3, 6, 3, 3), (3, 1, 3, 3), (3, 5, 3, 3), (3, 5, 3, 3), (3, 2, 3, 3), (3, 0, 3, 3), (3, 3, 3, 3), (3, 0, 3, 3), (3, 5, 3, 3), (3, '?', 3, 3), (3, 2, 3, 3), (3, 7, 3, 3), (3, 2, 3, 3), (3, 4, 3, 3), (3, 6, 3, 3), (3, '?', 3, 3), (3, '?', 3, 3), (3, 1, 3, 3), (3, 6, 3, 3), (3, 0, 3, 3), (3, '?', 3, 3), (3, 2, 7, 3), (3, 2, 3, 3), (3, 4, 3, 3), (3, 1, 3, 3), (3, 3, 3, 3), (3, 7, 3, 3)]"
"(9, 12, 22, 17, 0)","[(2, 3, 3, 3), (2, 3, 3, 3), (2, 3, 3, 3), (2, 3, 3, 3), (2, 2, 3, 4), (2, '?', 3, 4), (2, 0, 3, 7), (2, 0, 3, 3), (2, 0, 3, 3), (2, 6, 3, 3), (2, 6, 3, 4), (2, 0, 3, 3), (2, 1, 3, 7), (2, '?', 3, 3), (2, 0, 3, 3), (2, '?', 3, 3), (2, 2, 3, 3), (2, '?', 3, 3)]"
"(9, 12, 22, 21, 0)","[(4, 3, 3, 4), (4, 4, 3, 4), (4, 4, 3, 4), (4, 6, 3, 4), (4, 7, 3, 3), (4, 4, 3, 4), (4, '?', 3, 4), (4, 1, 3, 4), (4, 1, 3, 4), (4, 4, 3, 4), (4, 0, 3, 4), (4, '?', 3, 4), (4, '?', 3, 4), (4, 6, 3, 4), (4, '?', 3, 4), (4, 1, 3, 4), (4, '?', 3, 4), (4, 4, 3, 4), (4, 4, 3, 4), (4, 3, 3, 4), (4, 3, 3, 4), (4, '?', 3, 4), (4, '?', 3, 4), (4, 0, 3, 4), (4, '?', 3, 4), (4, 3, 3, 4), (4, 4, 3, 4), (4, 1, 3, 4), (4, 3, 3, 4)]"
"(9, 12, 22, 22, 0)","[(3, 3, 3, 4), (0, '?', 3, 4), ('?', '?', 3, 4), ('?', 3, 3, 4), ('?', '?', 3, 4), (6, 7, 3, 3), (0, 6, 3, 4), ('?', '?', 3, 4), (0, 0, 7, 4), (0, 6, 3, 4), ('?', 3, 3, 4), ('?', 7, 3, 4), (0, 6, 3, 4), ('?', 3, 3, 4), ('?', 7, 3, 4), ('?', 1, 3, 4), ('?', 3, 3, 4), ('?', '?', 3, 4), (0, 2, 3, 4), ('?', '?', 3, 4), ('?', 1, 3, 4), ('?', 7, 3, 4), ('?', 6, 3, 4), (0, 4, 7, 4), ('?', 1, 3, 4), ('?', 2, 7, 4), ('?', 1, 3, 4), (6, 0, 3, 4), ('?', 1, 3, 4), ('?', 5, 3, 4), ('?', '?', 3, 4), ('?', 2, 7, 4), (1, 0, 3, 4), ('?', 6, 3, 4), ('?', '?', 3, 4)]"
"(9, 12, 22, 25, 0)","[(4, '?', 3, 3), (4, 5, 3, 3), (4, '?', 3, 3), (4, 3, 3, 3), (4, 2, 3, 3), (4, '?', 3, 3), (4, '?', 3, 3), (4, 2, 3, 3), (4, 5, 3, 3), (4, 6, 3, 3), (4, 6, 3, 3), (4, 3, 3, 3), (4, 2, 3, 3), (4, '?', 3, 3), (4, 6, 3, 3), (4, 6, 3, 3), (4, 3, 3, 3)]"
"(9, 12, 22, 26, 0)","[(3, '?', 3, 4), (3, 3, 3, 4), (3, 5, 3, 4), (3, 5, 3, 4), (3, 2, 3, 4), (3, 0, 3, 4), (3, 5, 3, 4), (3, 2, 3, 4), (3, 7, 3, 4), (3, 1, 3, 4), (3, 0, 3, 4), (3, 5, 3, 4), (3, '?', 3, 4), (3, 5, 3, 4), (3, 2, 3, 4), (3, '?', 3, 4), (3, 1, 3, 4), (3, 5, 3, 4), (3, 0, 3, 4), (3, 7, 3, 4), (3, 2, 3, 4), (3, 2, 3, 4), (3, 2, 3, 4), (3, 2, 3, 4), (3, 2, 3, 4), (3, 1, 3, 4), (3, 0, 3, 4), (7, 5, 3, 4), (3, 7, 3, 3), (3, 3, 3, 4), (3, '?', 3, 4), (3, 5, 3, 4), (3, 0, 3, 4), (3, '?', 3, 4), (3, 1, 3, 4), (3, 7, 3, 4)]"
"(9, 12, 22, 27, 0)","[(0, 1, 3, 4), (0, 6, 3, 4), (0, 0, 3, 4), (0, 2, 3, 4)]"
"(9, 12, 26, 6, 0)","[(7, 3, 3, 4)]"
"(9, 12, 26, 9, 0)","[(7, 4, 3, 7), (7, '?', 3, 7), (7, 0, 3, 7)]"
"(9, 12, 26, 22, 0)","[(7, 0, 3, 4), (7, 5, 3, 4), (7, 5, 3, 4), (7, 2, 3, 3), (7, 4, 3, 4)]"
"(9, 12, 27, 2, 0)","[(0, 5, 3, 3), (0, 0, 3, 3), (0, 1, 3, 3), (0, 6, 3, 3), (0, 5, 3, 3), (0, 1, 3, 3), (0, 0, 3, 3), (0, '?', 3, 3), (0, '?', 3, 3), (0, '?', 3, 3), (0, 0, 3, 3)]"
"(9, 12, 27, 9, 0)","[(0, '?', 3, 7), (0, 4, 3, 7), (0, '?', 3, 7), (0, '?', 3, 7), (0, 5, 3, 7), (0, '?', 3, 7), (0, 4, 3, 7), (0, '?', 3, 7), (0, 5, 3, 7), (0, 6, 3, 7), (0, '?', 3, 7), (0, 7, 3, 7), (0, 2, 3, 7), (0, 2, 3, 7), (0, 0, 3, 7), (0, 0, 3, 7), (0, 6, 3, 7), (0, 5, 3, 7), (0, 5, 3, 7), (0, 0, 3, 7), (0, 0, 3, 7), (0, 1, 3, 7), (0, 7, 3, 7), (0, 0, 3, 7), (0, 5, 3, 7), (0, 5, 3, 7), (0, 5, 3, 7), (0, '?', 3, 7), (0, 2, 3, 7), (0, '?', 3, 7), (0, 4, 3, 7), (0, 1, 3, 7)]"
"(9, 12, 27, 22, 0)","[(0, '?', 3, 4), (0, 7, 3, 4), (0, 7, 3, 4), (0, 3, 3, 4), (0, 7, 3, 4), (0, 1, 3, 4), (0, 2, 3, 4), (0, 6, 3, 4), (0, 6, 3, 4), (0, '?', 3, 4), (0, 6, 3, 4), (0, 6, 3, 4), (0, '?', 3, 4), (0, 3, 3, 4), (0, 7, 3, 4), (0, '?', 3, 4), (0, '?', 3, 4)]"
"(9, 14, 5, 2, 0)","[(0, 6, 5, 3)]"
"(9, 14, 22, 2, 0)","[(3, 5, 5, 3)]"
"(9, 14, 22, 10, 0)","[(1, 2, 1, 4)]"
"(9, 14, 27, 2, 0)","[(0, '?', 5, 3)]"
"(9, 14, 27, 4, 0)","[(0, 0, 5, 3)]"
"(9, 17, 6, 9, 0)","[(2, 3, 6, 7)]"
"(9, 17, 17, 9, 0)","[(2, 0, 0, 7)]"
"(9, 18, 2, 7, 0)","[(3, 1, 2, 7), (3, 1, 2, 7)]"
"(9, 18, 2, 8, 0)","[(1, 4, 2, 3)]"
"(9, 18, 2, 9, 0)","[(0, 1, 2, 7), (0, 4, 2, 7), (0, 4, 2, 7), (0, 4, 2, 7), ('?', 1, 2, 7), (2, 6, 2, 7)]"
"(9, 18, 2, 10, 0)","[(1, 6, 2, 4), (1, 1, 2, 4), (1, 1, 2, 4), (1, 1, 2, 4), (1, 6, 2, 4), (1, 1, 2, 4), (1, 6, 2, 4), (1, 4, 2, 4)]"
"(9, 18, 2, 15, 0)","[(3, 1, 2, 3), (3, 1, 2, 3), (3, 1, 2, 3), (3, 4, 2, 3)]"
"(9, 18, 2, 17, 0)","[(2, 4, 2, 7), (2, 4, 2, 7), (2, 1, 2, 7)]"
"(9, 18, 2, 21, 0)","[(4, 4, 2, 4)]"
"(9, 18, 2, 22, 0)","[(0, 1, 2, 4), (3, 1, 2, 4)]"
"(9, 18, 2, 26, 0)","[(3, 1, 2, 4)]"
"(9, 18, 2, 27, 0)","[(0, 1, 2, 4), (0, 1, 2, 4)]"
"(9, 18, 4, 2, 0)","[(3, 5, 2, 3)]"
"(9, 18, 4, 10, 0)","[(1, 0, 2, 4), (1, 5, 2, 4), (1, 0, 2, 4)]"
"(9, 18, 4, 11, 0)","[(2, 0, 2, 4), (2, 0, 2, 4), (2, 0, 2, 4)]"
"(9, 18, 4, 17, 0)","[(2, 0, 2, 3)]"
"(9, 18, 4, 22, 0)","[(3, 0, 2, 4), (6, 0, 2, 4), (0, 0, 2, 4), (6, 0, 2, 4), (3, 0, 2, 4), (1, 0, 6, 4)]"
"(9, 18, 4, 25, 0)","[(4, 5, 2, 3)]"
"(9, 18, 4, 26, 0)","[(3, 0, 2, 4), (3, 0, 2, 4)]"
"(9, 18, 4, 27, 0)","[(0, 0, 2, 4), (0, 0, 2, 4), (0, 0, 2, 4)]"
"(9, 18, 6, 2, 0)","[(6, 7, '?', 3), ('?', 7, 2, 3)]"
"(9, 18, 6, 7, 0)","[(3, 7, 2, 7)]"
"(9, 18, 6, 9, 0)","[(2, 7, 2, 7), ('?', 2, 2, 7), (0, 7, 2, 7), (3, 2, 2, 7)]"
"(9, 18, 6, 10, 0)","[(1, 7, 2, 4), (1, 7, 2, 4), (1, 7, 2, 4), (1, 7, 2, 4)]"
"(9, 18, 6, 11, 0)","[(2, 3, 2, 4), (2, 7, 6, 4), (2, 2, 2, 4), (2, 3, 2, 4), (2, 7, 2, 4), (2, 3, 2, 4), (2, 7, 2, 4), (2, 3, 2, 4)]"
"(9, 18, 6, 17, 0)","[(2, 2, 2, 7), (2, 2, 2, 7), (2, 3, 2, 7), (2, 2, 2, 3), (2, 2, 2, 7)]"
"(9, 18, 6, 21, 0)","[(4, 7, 2, 4)]"
"(9, 18, 6, 22, 0)","[('?', 3, 2, 4), (2, 3, 2, 4), (3, 3, 2, 4), ('?', 3, 2, 4)]"
"(9, 18, 6, 26, 0)","[(3, 3, 2, 4)]"
"(9, 18, 6, 27, 0)","[(0, 7, 2, 4), (0, 7, 2, 4)]"
"(9, 18, 9, 7, 0)","[(3, 1, 2, 7)]"
"(9, 18, 9, 9, 0)","[('?', 2, 2, 7), (0, 1, 2, 7)]"
"(9, 18, 10, 2, 0)","[(1, 3, 2, 3), (1, 1, 2, 3)]"
"(9, 18, 10, 9, 0)","[(1, 2, 2, 7), (1, 7, 2, 7)]"
"(9, 18, 10, 10, 0)","[(1, 2, 2, 4), (1, 5, 2, 4)]"
"(9, 18, 15, 15, 0)","[(3, '?', 2, 3)]"
"(9, 18, 17, 9, 0)","[(2, '?', 2, 7), (2, 1, 2, 7), (2, 0, 2, 7), (2, 0, 2, 7), (2, 3, 2, 7), (2, 6, 2, 7), (2, 3, 2, 7), (2, 6, 2, 7)]"
"(9, 18, 22, 1, 0)","[(4, 0, 2, 7), (4, 0, 2, 7)]"
"(9, 18, 22, 2, 0)","[(3, 4, 2, 3), (3, 4, 2, 3), (3, 6, 2, 3), (7, 2, 2, 3), ('?', '?', 2, 3), (7, 2, 2, 3)]"
"(9, 18, 22, 3, 0)","[(4, 3, 2, 4)]"
"(9, 18, 22, 9, 0)","[(2, 2, 2, 7), (2, 1, 2, 7), (3, 6, 2, 7)]"
"(9, 18, 22, 10, 0)","[(1, 7, 2, 4), (1, '?', 2, 4), (1, 5, 2, 4), (1, 4, 2, 4), (1, 4, 2, 4), (1, 2, 2, 4), (1, 4, 2, 4), (1, 4, 2, 4), (1, 5, 2, 4), (1, '?', 2, 4), (1, 2, 2, 4), (1, 6, 2, 4)]"
"(9, 18, 22, 11, 0)","[(2, '?', 2, 4), (2, '?', 2, 4), (2, '?', 2, 4), (2, 6, 2, 4), (2, 4, 2, 4), (2, 4, 2, 4), (2, '?', 2, 4), (2, 2, 2, 4), (2, 2, 2, 4), (2, 3, 2, 4), (2, 4, 2, 4), (2, '?', 2, 4)]"
"(9, 18, 22, 15, 0)","[(3, '?', 2, 3), (3, 6, 2, 3)]"
"(9, 18, 22, 17, 0)","[(2, 7, 2, 7), (2, 1, 2, 7), (2, '?', 2, 4), (2, 1, 2, 3), (2, '?', 2, 3), (2, 4, 2, 3)]"
"(9, 18, 22, 21, 0)","[(4, 1, 2, 4), (4, '?', 2, 4), (4, 1, 2, 4), (4, 7, 2, 4), (4, 7, 2, 4), (4, 5, 2, 4), (4, 4, 2, 4), (4, 1, 2, 4), (4, 2, 2, 4), (4, 1, 2, 4)]"
"(9, 18, 22, 22, 0)","[(0, 0, 2, 4), (6, 7, 2, 4), ('?', '?', 2, 4), ('?', 0, 2, 4), (6, 0, 2, 4), ('?', 0, 2, 4), ('?', 0, 2, 4), ('?', 3, 2, 4), (6, 0, 2, 4), (6, 0, 2, 4)]"
"(9, 18, 22, 26, 0)","[(3, 1, 2, 4)]"
"(9, 18, 22, 27, 0)","[(0, '?', 2, 4), (0, 2, 2, 4), (0, 0, 2, 4)]"
"(9, 18, 27, 2, 0)","[(0, 2, 2, 3), (0, '?', 2, 3), (0, 2, 2, 3), (0, 2, 2, 3), (0, 2, 2, 3)]"
"(9, 18, 27, 4, 0)","[(0, 0, 2, 3)]"
"(9, 18, 27, 9, 0)","[(0, '?', 2, 7), (0, 0, 2, 7), (0, 3, 2, 7), (0, 1, 2, 7), (0, 3, 2, 7), (0, 6, 2, 7), (0, 5, 2, 7), (0, 0, 2, 7), (0, 6, 2, 7), (0, 3, 2, 7), (0, 3, 2, 7), (0, '?', 2, 7), (0, 1, 2, 7), (0, 4, 2, 7), (0, 3, 2, 7), (0, 3, 2, 7), (0, 0, 2, 7), (0, 6, 2, 7), (0, 7, 2, 7), (0, '?', 2, 7), (0, 3, 2, 7), (0, 0, 2, 7), (0, 7, 2, 7)]"
"(9, 18, 27, 22, 0)","[(0, 7, 2, 4), (0, 2, 2, 4), (0, 6, 2, 4), (0, '?', 2, 4), (0, 3, 2, 4), (0, 2, 2, 4), (0, 2, 2, 4), (0, 7, 2, 4), (0, '?', 2, 4), (0, 2, 2, 4), (0, 3, 2, 4), (0, 2, '?', 4), (0, 0, 2, 4), (0, 3, 2, 4), (0, 0, 2, 4), (0, 3, 2, 4), (0, 0, 2, 4), (0, 3, 2, 4)]"
"(9, 19, 2, 1, 0)","[(4, 6, 4, 7), (4, 6, 4, 7)]"
"(9, 19, 2, 2, 0)","[(0, 4, 4, 3), ('?', 6, 4, 3), ('?', 4, 4, 3), ('?', 1, 4, 3), (0, 4, 4, 3), (0, 4, 4, 3), (0, 4, 4, 3), ('?', 1, 4, 3), ('?', 6, 4, 3), ('?', 4, 4, 3), (0, 4, 4, 3), ('?', 1, 4, 3), ('?', 4, 4, 3), (0, 6, 4, 3), ('?', 4, 4, 3), ('?', 6, 4, 3), ('?', 6, 4, 3), ('?', 4, 4, 3), ('?', 1, 4, 3)]"
"(9, 19, 2, 8, 0)","[(1, 1, 4, 7), (1, 4, 4, 3), (1, 4, 4, 3), (1, 1, 4, 3), (1, 6, 4, 7), (1, 6, 4, 3), (1, 1, 4, 3), (1, 4, 4, 3), (1, 6, 4, 3), (1, 6, 4, 3), (1, 6, 4, 3)]"
"(9, 19, 2, 9, 0)","[(1, 6, 4, 7), ('?', 1, 4, 7)]"
"(9, 19, 2, 10, 0)","[(1, 4, 4, 4), (1, 4, 4, 4), (1, 4, 4, 4), (1, 4, 4, 4), (1, 4, 4, 4), (1, 4, 4, 4), (1, 1, 4, 4)]"
"(9, 19, 2, 11, 0)","[(2, 4, 4, 4), (2, 4, 4, 3), (2, 1, 4, 4), (2, 4, 4, 4), (2, 1, 4, 4), (2, 1, 4, 4), (2, 4, 4, 3), (2, 4, 4, 4), (2, 6, 4, 3)]"
"(9, 19, 2, 15, 0)","[(3, 4, 4, 3), (3, 4, 4, 3)]"
"(9, 19, 2, 17, 0)","[(2, 6, 4, 3)]"
"(9, 19, 2, 21, 0)","[(4, 6, 4, 4), (4, 1, 4, 3), (4, 1, 4, 4), (4, 4, 4, 4), (4, 1, 4, 4), (4, 6, 4, 4), (4, 1, 4, 4)]"
"(9, 19, 2, 22, 0)","[(2, 4, 4, 3), ('?', 6, 4, 4), ('?', 6, 4, 4), ('?', 4, 4, 4), ('?', 6, 4, 4), ('?', 1, 4, 4), ('?', 1, 4, 4), ('?', 1, 4, 4), ('?', 1, 4, 4)]"
"(9, 19, 2, 25, 0)","[(4, 4, 4, 3), (4, 4, 4, 3), (4, 4, 4, 3), (4, 1, 4, 3), (4, 6, 4, 3), (4, 1, 4, 3), (4, 6, 4, 3), (4, 6, 4, 3), (4, 6, 4, 3), (4, 4, 4, 3), (4, 4, 4, 3), (4, 1, 4, 3)]"
"(9, 19, 2, 26, 0)","[(3, 6, 4, 4), (3, 1, 4, 4), (3, 1, 4, 4), (3, 1, 4, 4), (3, 1, 4, 4), (3, 6, 4, 4), (3, 6, 4, 4)]"
"(9, 19, 2, 27, 0)","[(0, 1, 4, 4), (0, 6, 4, 4), (0, 1, 4, 4), (0, 4, 4, 4), (0, 6, 4, 4)]"
"(9, 19, 3, 9, 0)","[(6, 0, 4, 7), ('?', 3, 4, 7)]"
"(9, 19, 3, 22, 0)","[(6, 5, 4, 4)]"
"(9, 19, 4, 1, 0)","[(4, 5, 4, 7), (4, 0, 4, 7), (4, 0, 4, 7)]"
"(9, 19, 4, 2, 0)","[(4, 5, 4, 3), (0, 0, 4, 3), (0, 0, 4, 3), (0, 5, 4, 3)]"
"(9, 19, 4, 8, 0)","[(1, 5, 4, 3), (1, 0, 4, 3), (1, 5, 4, 3), (1, 5, 4, 3), (1, 5, 4, 3), (1, 5, 4, 7), (1, 0, 4, 3), (1, 0, 4, 3), (1, 5, 4, 3)]"
"(9, 19, 4, 9, 0)","[(0, 0, 4, 7), (1, 0, 4, 7), (0, 0, 4, 7), (6, 0, 4, 7), (3, 5, 4, 7), (1, 5, 4, 7)]"
"(9, 19, 4, 10, 0)","[(1, 0, 4, 4), (1, 0, 4, 4), (1, 0, 4, 4), (1, 0, 4, 4), (1, 0, 4, 4)]"
"(9, 19, 4, 11, 0)","[(2, 5, 4, 4), (2, 0, 4, 4), (2, 5, 4, 4), (2, 5, 4, 4), (2, 0, 4, 3), (2, 5, 4, 4), (2, 5, 4, 3)]"
"(9, 19, 4, 15, 0)","[(3, 5, 4, 3), (3, 5, 4, 3), (3, 5, 4, 3)]"
"(9, 19, 4, 17, 0)","[(2, 0, 4, 3), (2, 0, 4, 3), (2, 5, 4, 3), (2, 0, 4, 3), (2, 0, 4, 3), (2, 5, 4, 3)]"
"(9, 19, 4, 21, 0)","[(4, 5, 4, 4), (4, 5, 4, 4), (4, 5, 4, 4), (4, 0, 4, 4), (4, 5, 4, 4), (4, 0, 4, 4), (4, 0, 4, 4), (4, 0, 4, 4), (4, 5, 4, 4), (4, 5, 4, 4), (4, 5, 4, 4), (4, 0, 4, 4)]"
"(9, 19, 4, 22, 0)","[(2, 0, 4, 4), (2, 0, 4, 4), ('?', 5, 4, 4), (3, 5, 4, 4), (2, 5, 4, 4), (6, 5, 4, 4), (2, 5, 4, 4), (2, 0, 4, 4), ('?', 5, 4, 4), (2, 0, 4, 4), ('?', 5, 4, 4), ('?', 5, 4, 4), (2, 5, 4, 4), ('?', 0, 4, 4), (3, 0, 4, 4), (0, 0, 4, 4), ('?', 5, 4, 4), ('?', 0, 4, 4), ('?', 0, 4, 4)]"
"(9, 19, 4, 25, 0)","[(4, 5, 4, 3), (4, 5, 4, 3), (4, 5, 4, 3), (4, 5, 4, 3), (4, 5, 4, 3)]"
"(9, 19, 4, 26, 0)","[(3, 0, 4, 4), (3, 5, 4, 4), (3, 5, 4, 4), (3, 0, 4, 4), (3, 0, 4, 4), (3, 0, 4, 4), (3, 5, 4, 4), (3, 5, 4, 4), (3, 0, 4, 4), (3, 0, 4, 4)]"
"(9, 19, 4, 27, 0)","[(0, 5, 4, 4), (0, 5, 4, 3), (0, 5, 4, 4), (0, 5, 4, 4), (0, 5, 4, 4), (0, 5, 4, 3), (0, 0, 4, 4), (0, 5, 4, 3), (0, 0, 4, 4), (0, 0, 4, 4)]"
"(9, 19, 6, 1, 0)","[(4, 3, 4, 7), (4, 7, 4, 7), (4, 2, 4, 7), (4, 3, 4, 7)]"
"(9, 19, 6, 2, 0)","[('?', 3, 4, 3)]"
"(9, 19, 6, 3, 0)","[(4, 7, 4, 4)]"
"(9, 19, 6, 8, 0)","[(1, 7, 4, 7), (1, 3, 4, 7), (1, 7, 4, 3), (1, 7, 4, 3), (1, 3, 4, 7), (1, 2, 4, 7), (1, 7, 4, 3), (1, 2, 4, 3)]"
"(9, 19, 6, 9, 0)","[('?', 3, 4, 7), ('?', 3, 4, 7), (4, 3, 4, 7), (0, 7, 4, 7), ('?', 7, 4, 7), (0, 3, 4, 7), (0, 2, 4, 7), (0, 2, 4, 7)]"
"(9, 19, 6, 10, 0)","[(1, 7, 4, 4), (4, 3, 4, 4), (1, 7, 4, 4), (1, 7, 4, 4), (1, 3, 4, 4)]"
"(9, 19, 6, 11, 0)","[(2, 2, 4, 3), (2, 2, 4, 4)]"
"(9, 19, 6, 15, 0)","[(3, 3, 4, 3), (3, 3, 4, 3)]"
"(9, 19, 6, 17, 0)","[(2, 3, 4, 7), (2, 3, 4, 7)]"
"(9, 19, 6, 21, 0)","[(4, 7, 4, 4), (4, 7, 4, 4), (4, 7, 4, 4), (4, 2, 4, 4), (4, 7, 4, 4)]"
"(9, 19, 6, 22, 0)","[(0, 7, 4, 4), ('?', 7, 4, 3), ('?', 7, 4, 4), (3, 2, 4, 4), ('?', 7, 4, 3), (0, 3, 4, 4), ('?', 7, 4, 4), (4, 3, 4, 4)]"
"(9, 19, 6, 25, 0)","[(4, 3, '?', 3)]"
"(9, 19, 6, 27, 0)","[(0, 2, 4, 3), (0, 7, 4, 3), (0, 7, 4, 4), (0, 7, 4, 3), (0, 3, 4, 4), (0, 7, 4, 4)]"
"(9, 19, 8, 2, 0)","[(1, 7, 4, 3), (1, 6, 4, 3)]"
"(9, 19, 8, 8, 0)","[(1, 2, 4, 3)]"
"(9, 19, 8, 9, 0)","[(1, 5, 4, 7), (1, 5, 4, 7)]"
"(9, 19, 9, 1, 0)","[(4, 4, 4, 7), (4, 0, 4, 7), (4, 2, 4, 7), (4, 6, 4, 7), (4, 4, 4, 7), (4, 4, 4, 7)]"
"(9, 19, 9, 8, 0)","[(1, 1, 4, 7), (1, '?', 4, 7), (1, 1, 4, 7), (1, 1, 4, 7)]"
"(9, 19, 9, 9, 0)","[(1, '?', 4, 7), ('?', 1, 4, 7), (1, 0, 4, 7), ('?', 3, 4, 7), (1, 3, 4, 7), (1, 1, 4, 7)]"
"(9, 19, 9, 10, 0)","[(1, 0, 4, 7)]"
"(9, 19, 9, 11, 0)","[(2, 0, 4, 4)]"
"(9, 19, 10, 2, 0)","[(1, 1, 4, 3), (1, 5, 4, 3), (1, 0, 4, 3), (1, 0, 4, 3), (1, 7, 4, 3), (1, 0, 4, 3), (1, 0, 4, 3), (1, 6, 4, 3), (1, 2, 4, 3), (1, 5, 4, 3), (1, 5, 4, 3), (1, 1, 4, 3), (1, 6, 4, 3), (1, 2, 4, 3), (1, 2, 4, 3), (1, 6, 4, 3), (1, 0, 4, 3), (1, 4, 4, 3), (1, 4, 4, 3), (1, 7, 4, 3), (1, 4, 4, 3), (1, 4, 4, 3), (1, 1, 4, 3)]"
"(9, 19, 10, 4, 0)","[(1, 5, 4, 3)]"
"(9, 19, 10, 8, 0)","[(1, 7, 4, 3), (1, 2, 4, 3)]"
"(9, 19, 10, 9, 0)","[(1, 3, 4, 7), (1, 1, 4, 7), (1, 0, 4, 7), (1, '?', 4, 7), (1, 1, 4, 7), (1, '?', 4, 7), (1, '?', 4, 7), (1, 3, 4, 7), (1, 0, 4, 7), (1, 6, 4, 7), (1, 2, 4, 7), (1, 0, 4, 7), (1, '?', 4, 7), (1, 1, 4, 7), (1, 6, 4, 7), (1, 5, 4, 7), (1, '?', 4, 7), (1, 2, 4, 7), (1, 3, 4, 7), (1, 7, 4, 7)]"
"(9, 19, 10, 10, 0)","[(1, 3, 4, 4), (1, '?', 4, 4), (1, 3, 4, 4), (1, 1, 4, 4), (1, 4, 4, 4), (1, '?', 4, 4), (1, '?', 4, 4), (1, 1, 4, 4), (1, '?', 4, 4), (1, 1, 4, 4), (1, 4, 4, 4), (1, 3, 4, 4), (1, 7, 4, 4), (1, 7, 4, 4), (1, 7, 4, 4), (1, 3, 4, 4), (1, 0, 4, 4), (1, 0, 4, 4), (1, 3, 4, 4), (1, 1, 4, 4), (1, 1, 4, 4), (1, 4, 4, 4), (1, '?', 4, 4), (1, 0, 4, 4), (1, '?', 4, 4), (1, 3, 4, 4), (1, 0, 4, 4), (1, '?', 4, 4), (1, 1, 4, 4)]"
"(9, 19, 10, 22, 0)","[(1, 7, 4, 4), (1, 7, 4, 4)]"
"(9, 19, 11, 11, 0)","[(2, 3, 4, 4), (2, '?', 4, 4), (2, 5, 4, 4), (2, 2, 4, 4), (2, 2, 4, 4), (2, '?', 4, 4), (2, 3, 4, 4), (2, 3, 4, 4), (2, 1, 4, 4), (2, 4, 4, 4), (2, 3, 4, 4), (2, 3, 4, 4)]"
"(9, 19, 11, 22, 0)","[(2, 2, 4, 4)]"
"(9, 19, 17, 9, 0)","[(2, 4, 4, 7), (2, 3, 4, 7), (2, 4, 4, 7), (2, 4, 4, 7), (2, 3, 4, 7), (2, 4, 4, 7), (2, '?', 4, 7), (2, 3, 4, 7)]"
"(9, 19, 17, 11, 0)","[(2, 2, 4, 4)]"
"(9, 19, 17, 22, 0)","[(2, 5, 4, 4)]"
"(9, 19, 21, 21, 0)","[(4, 2, 4, 4), (4, 0, 4, 4), (4, '?', 4, 4), (4, 4, 4, 4), (4, 4, 4, 4), (4, 4, 4, 4), (4, 5, 4, 4), (4, 5, 4, 4), (4, '?', 4, 4), (4, 6, 4, 4), (4, '?', 4, 4), (4, 7, 4, 3)]"
"(9, 19, 21, 25, 0)","[(4, 5, 4, 3)]"
"(9, 19, 22, 1, 0)","[(4, 3, 4, 7), (4, 3, 4, 7), (4, 0, 4, 7), (4, '?', 4, 7), (4, 3, 4, 7), (4, '?', 4, 7)]"
"(9, 19, 22, 2, 0)","[('?', '?', 4, 3), (3, '?', 4, 3), ('?', 4, 4, 3), ('?', '?', 4, 3), (6, 0, 4, 3), ('?', '?', 4, 3), ('?', 3, 4, 3), (6, 0, 4, 3), ('?', 3, 4, 3), ('?', '?', 4, 3), ('?', 2, 4, 3), ('?', 4, 4, 3), ('?', 6, 4, 3), ('?', 3, 4, 3), ('?', 3, 4, 3), ('?', 3, 4, 3), (6, 0, 4, 3), ('?', 1, 4, 3), (1, 1, 4, 3), ('?', 2, 4, 3), ('?', 2, 4, 3), ('?', 7, 4, 3), ('?', '?', 4, 3), ('?', 4, 4, 3), ('?', '?', 4, 3), ('?', 4, 4, 3), (6, 0, 4, 3), ('?', 1, 4, 3), ('?', 2, 4, 3), ('?', 6, 4, 3), (1, 1, 4, 3), (1, 6, 4, 3), ('?', 1, 4, 3), ('?', '?', 4, 3), ('?', 2, 4, 3), ('?', 2, 4, 3), (6, 0, 4, 3), ('?', 4, 4, 3), ('?', 6, 4, 3), ('?', 2, 4, 3), (6, 0, 4, 3), ('?', '?', 4, 3), ('?', '?', 4, 3)]"
"(9, 19, 22, 3, 0)","[(4, 7, 4, 4), (4, 6, 4, 4)]"
"(9, 19, 22, 8, 0)","[(1, 6, 4, 3), (1, 2, 4, 3), (1, 2, 4, 3), (1, 7, 4, 3)]"
"(9, 19, 22, 9, 0)","[('?', 3, 4, 7), ('?', 1, 4, 7), ('?', 1, 4, 7), ('?', 3, 4, 7), ('?', 3, 4, 7), ('?', 7, 4, 7)]"
"(9, 19, 22, 10, 0)","[(1, '?', 4, 4), (1, 3, 4, 4), (1, 1, 4, 4), (1, '?', 4, 4)]"
"(9, 19, 22, 11, 0)","[(2, 6, 4, 3), (2, 2, 4, 4), (2, 1, 4, 4), (2, '?', 4, 3), (2, '?', 4, 4), (2, 5, 4, 3), (2, 1, 4, 4), (2, '?', 4, 3), (2, 3, 4, 4), (2, 3, 4, 4), (2, 2, 4, 3), (2, '?', 4, 4), (2, 1, 4, 4), (2, 6, 4, 3), (2, 3, 4, 4), (2, '?', 4, 4), (2, '?', 4, 4), (2, '?', 4, 4), (2, 3, 4, 4), (2, 3, 4, 4), (2, 4, 4, 4), (2, 4, 4, 4), (2, 2, 4, 4), (2, 2, 4, 4), (2, 2, 4, 4), (2, 4, 4, 4), (2, 4, 4, 3), (2, 6, 4, 3), (2, 4, 4, 3), (2, 1, 4, 4), (2, 4, 4, 3), (2, 0, 4, 4)]"
"(9, 19, 22, 15, 0)","[(3, 4, 4, 3), (3, 3, 4, 3), (3, 0, 4, 3), (3, 5, 4, 3), (3, 5, 4, 3), (3, 5, 4, 3), (3, 4, 4, 3), (3, '?', 4, 3), (3, 3, 4, 3), (3, 0, 4, 3), (3, '?', 4, 3), (3, '?', 4, 3)]"
"(9, 19, 22, 17, 0)","[(2, 6, 4, 3), (2, 0, 4, 3), (2, 0, 4, 3), (2, '?', 4, 3), (2, 0, 4, 3), (2, '?', 4, 3), (2, 0, 4, 3)]"
"(9, 19, 22, 21, 0)","[(4, 2, 4, 4), (4, 3, 4, 4), (4, 4, 4, 4), (4, '?', 4, 4), (4, 4, 4, 4), (4, 3, 4, 4), (4, '?', 4, 4), (4, 1, 4, 4), (4, 6, 4, 4), (4, '?', 4, 4), (4, '?', 4, 4), (4, 2, 4, 4), (4, 2, 4, 4), (4, 3, 4, 4), (4, 6, 4, 4), (4, 1, 4, 4), (4, 3, 4, 4), (4, 3, 4, 4), (4, 1, 4, 4), (4, 6, 4, 4), (4, 3, 4, 4), (4, 4, 4, 4), (4, 5, 4, 7), (4, 2, 4, 4), (4, 1, 4, 4), (4, 7, 4, 3), (4, 6, 4, 4), (4, '?', 4, 4), (4, 2, 4, 4), (4, 7, 4, 4), (4, 1, 4, 4), (4, '?', 4, 4), (4, 7, 4, 4), (4, 0, 4, 4), (4, 4, 4, 4), (4, 0, 4, 4)]"
"(9, 19, 22, 22, 0)","[('?', 5, 4, 4), ('?', 7, 4, 4), (6, 5, 4, 4), (6, 5, 4, 4), (5, 3, 4, 4), (5, 0, 4, 4), ('?', 5, 4, 4), ('?', 7, 4, 3), ('?', 0, 4, 4), (7, 2, 4, 4), ('?', 1, 4, 4), (6, 5, 4, 4), ('?', 0, 4, 4), (3, 4, 4, 4), ('?', 4, 4, 4), (5, 0, 4, 4), ('?', 7, 4, 4), ('?', 6, 4, 4), ('?', 0, 4, 4), (6, 2, 4, 4), ('?', 4, 4, 4), ('?', 7, 4, 3), ('?', 5, 4, 4), ('?', 4, 4, 4), ('?', 4, 4, 4), ('?', 4, 4, 4), ('?', 5, 4, 4), ('?', 6, 4, 4), (6, '?', 4, 4), ('?', 1, 4, 4)]"
"(9, 19, 22, 25, 0)","[(4, 6, 4, 3), (4, 4, 4, 3), (4, 4, 4, 3), (4, '?', 4, 3), (4, 2, 4, 3), (4, 2, 4, 3), (4, 1, 4, 3), (4, '?', 4, 3), (4, 1, 4, 3), (4, 4, 4, 3), (4, '?', 4, 3), (4, '?', 4, 3), (4, 6, 4, 3), (4, 2, 4, 3), (4, 2, 4, 3), (4, '?', 4, 3), (4, '?', 4, 3), (4, 2, 4, 3), (4, 2, 4, 3), (4, 2, 4, 3), (4, 6, 4, 3), (4, 1, 4, 3), (4, '?', 4, 3)]"
"(9, 19, 22, 26, 0)","[(3, 1, 4, 4), (3, 2, 4, 4), (3, 5, 4, 4), (3, 4, 4, 4), (3, '?', 4, 4), (3, 4, 4, 4), (3, 4, 4, 4), (3, 0, 4, 4), (3, 1, 4, 4), (3, 2, 4, 4), (3, '?', 4, 4), (3, 6, 4, 4), (3, '?', 4, 4), (3, '?', 4, 4), (3, 1, 4, 4), (3, 6, 4, 4), (3, 1, 4, 4), (3, '?', 4, 4), (3, 2, 4, 4), (3, 4, 4, 4), (3, 6, 4, 4), (3, '?', 4, 4), (3, 5, 4, 4), (3, 1, 4, 4), (3, 2, 4, 4), (3, 5, 4, 4), (3, '?', 4, 4), (3, '?', 4, 4)]"
"(9, 19, 22, 27, 0)","[(0, 7, 4, 4)]"
"(9, 19, 27, 2, 0)","[(0, 6, 4, 3), (0, '?', 4, 3), (0, 6, 4, 3), (0, 6, 4, 3), (0, 3, 4, 3), (0, 0, 4, 3), (0, 3, 4, 3), (0, 6, 4, 3), (0, 0, 4, 3), (0, 2, 4, 3), (0, 4, 4, 3), (0, 0, 4, 3), (0, 2, 4, 3), (0, '?', 4, 3), (0, 5, 4, 3), (0, 2, 4, 3), (0, '?', 4, 3), (0, 4, 4, 3), (0, 7, 4, 3), (0, 0, 4, 3), (0, '?', 4, 3), (0, 6, 4, 3), (0, 0, 4, 3), (0, 4, 4, 3), (0, '?', 4, 3), (0, '?', 4, 3), (0, 3, 4, 3), (0, 2, 4, 3), (0, 5, 4, 3), (0, '?', 4, 3)]"
"(9, 19, 27, 4, 0)","[(0, 5, 4, 3), (0, 5, 4, 3), (0, 5, 4, 3)]"
"(9, 19, 27, 6, 0)","[(0, 2, 4, 3), (0, 3, 4, 3), (0, 2, 4, 3), (0, 3, 4, 3)]"
"(9, 19, 27, 9, 0)","[(0, 3, 4, 7), (0, 5, 4, 7), (0, 0, 4, 7), (0, '?', 4, 7), (0, '?', 4, 7), (0, 3, 4, 7), (0, 3, 4, 7), (0, 2, 4, 7), (0, 2, 4, 7), (0, '?', 4, 7), (0, 2, 4, 7), (0, 5, 4, 7), (0, 0, 4, 7), (0, 0, 4, 7), (0, '?', 4, 7), (0, 3, 4, 7), (0, 3, 4, 7), (0, 0, 4, 7), (0, 6, 4, 7), (0, '?', 4, 7), (0, 2, 4, 7), (0, 7, 4, 7), (0, 7, 4, 7), (0, 6, 4, 7), (0, 6, 4, 7), (0, 0, 4, 7), (0, 0, 4, 7), (0, '?', 4, 7), (0, 3, 4, 7), (0, '?', 4, 7), (0, '?', 4, 7), (0, 6, 4, 7), (0, 2, 4, 7), (0, 7, 4, 7), (0, 3, 4, 7), (0, 5, 4, 7), (0, 5, 4, 7)]"
"(9, 19, 27, 22, 0)","[(0, 1, 4, 4), (0, 5, 4, 4), (0, 3, 4, 4), (0, '?', 4, 4), (0, 1, 4, 4), (0, 0, 4, 4), (0, 6, 4, 4), (0, '?', 4, 4), (0, 7, 4, 4), (0, 6, 4, 4), (0, 6, 4, 4), (0, 7, 4, 3), (0, '?', 4, 4), (0, 0, 4, 4), (0, '?', 4, 4), (0, 7, 4, 3), (0, '?', 4, 4), (0, 0, 4, 4), (0, 6, 4, 4), (0, '?', 4, 4), (0, 0, 4, 4), (0, '?', 4, 4), (0, 5, 4, 4), (0, 0, 4, 4), ('?', 6, 4, 4), (0, 3, 4, 4), (0, 3, 4, 4), (0, 0, 4, 4), (0, 5, 4, 4), (0, '?', 4, 4), ('?', 4, 4, 4), (0, 5, 4, 4), (0, '?', 4, 4), (0, 3, 4, 4), (0, 4, 4, 4), (0, 1, 4, 4), (0, 4, 4, 4), (0, 1, 4, 4), ('?', 0, 4, 4), (0, 4, 4, 4), (0, '?', 4, 4), (0, 3, 4, 4), (0, 6, 4, 4), (0, 4, 4, 4), (0, 4, 4, 4), (0, 1, 4, 4), (0, 7, 4, 3), (0, 3, 4, 4), (0, 6, 4, 4)]"
"(9, 22, 2, 2, 0)","[('?', 4, '?', 3), ('?', 1, '?', 3), ('?', 1, '?', 3), ('?', 4, '?', 3), ('?', 1, '?', 3), ('?', 4, '?', 3), ('?', 1, '?', 3)]"
"(9, 22, 2, 8, 0)","[(1, 1, '?', 3), (1, 1, '?', 3)]"
"(9, 22, 2, 9, 0)","[('?', 4, '?', 7)]"
"(9, 22, 2, 10, 0)","[(1, 6, '?', 4), (1, 6, '?', 4)]"
"(9, 22, 2, 11, 0)","[(2, 6, 6, 4), (2, 6, '?', 4), (2, 1, '?', 4), (2, 4, '?', 4), (2, 1, '?', 4), (2, 4, '?', 3), (2, 1, '?', 4), (2, 6, '?', 4), (2, 4, '?', 4)]"
"(9, 22, 2, 17, 0)","[(2, 1, '?', 3), (2, 6, '?', 3), (2, 1, '?', 3), (2, 6, '?', 3), (2, 1, '?', 3), (2, 1, '?', 3), (2, 6, '?', 3)]"
"(9, 22, 2, 21, 0)","[(4, 4, '?', 4), (4, 6, '?', 4), (4, 6, 6, 4), (4, 6, 6, 4), (4, 6, 6, 4), (4, 1, '?', 4)]"
"(9, 22, 2, 22, 0)","[('?', 4, '?', 4), (0, 1, '?', 4), ('?', 1, '?', 4), ('?', 1, '?', 4), (0, 1, 6, 4), ('?', 1, '?', 4), ('?', 1, '?', 4)]"
"(9, 22, 2, 25, 0)","[(4, 6, '?', 3)]"
"(9, 22, 2, 26, 0)","[(3, 1, '?', 4), (3, 1, '?', 4), (3, 4, '?', 4), (3, 6, '?', 4), (3, 6, '?', 4)]"
"(9, 22, 4, 1, 0)","[(4, 5, '?', 7), (4, 5, '?', 7), (4, 5, '?', 7), (4, 0, '?', 7), (4, 0, '?', 7), (4, 0, '?', 7), (4, 5, '?', 7), (4, 0, '?', 7), (4, 0, 6, 7)]"
"(9, 22, 4, 2, 0)","[(3, 5, '?', 3), ('?', 5, '?', 3), ('?', 0, 6, 3), ('?', 5, '?', 3), ('?', 5, '?', 3), ('?', 0, 6, 3), ('?', 0, 6, 3), ('?', 0, '?', 3), ('?', 5, '?', 3), (3, 5, 5, 3), ('?', 0, '?', 3), ('?', 0, '?', '?'), (3, 5, '?', 3), ('?', 0, '?', 3), (3, 0, '?', 3)]"
"(9, 22, 4, 8, 0)","[(1, 0, '?', 3)]"
"(9, 22, 4, 9, 0)","[(2, 5, 6, 7), ('?', 0, 6, 7), ('?', 0, 6, 7), ('?', 5, '?', 7), ('?', 5, '?', 7), ('?', 0, 6, 7), ('?', 0, 6, 7)]"
"(9, 22, 4, 10, 0)","[(1, 5, '?', 4), (1, 0, '?', 4), (1, 5, '?', 4), (1, 5, '?', 4), (1, 0, '?', 4), (1, 5, '?', 4)]"
"(9, 22, 4, 11, 0)","[(2, 0, 6, 4), (2, 5, '?', 4), (2, 0, '?', 4), (2, 0, '?', 4), (2, 0, 2, 4), (2, 5, '?', 4), (2, 0, 2, 4), (2, '?', 6, 4), (2, 0, '?', 4), (2, 0, '?', 4), (2, 5, '?', 4), (2, 5, '?', 4), (2, 0, '?', 4), (2, 0, '?', 4)]"
"(9, 22, 4, 15, 0)","[(3, 5, '?', 3), (3, 0, '?', 3), (3, 0, '?', 3), (3, 5, '?', 3), (3, 5, 5, 3), (3, 0, '?', 3), (3, 0, '?', 3), (3, 5, '?', 3), (3, 0, '?', 3), (3, 5, '?', 3), (3, 5, '?', 3)]"
"(9, 22, 4, 17, 0)","[(2, 0, '?', 3), (2, 5, '?', 3), (2, 5, '?', 3), (2, 5, '?', 3), (2, 5, '?', 3), (2, 0, '?', 3), (2, 0, '?', 3), (2, 5, '?', 3), (2, 5, '?', 3), (2, 5, '?', 3), (2, 0, '?', 3)]"
"(9, 22, 4, 21, 0)","[(4, 0, 6, 4), (4, 0, '?', 4), (4, 0, 6, 4), (4, 5, '?', 4), (4, 0, '?', 4), (4, 5, 6, 4), (4, 0, '?', 4), (4, 5, '?', 4), (4, 5, '?', 4), (4, 0, 6, 4), (4, 5, '?', 4), (4, 0, '?', 4), (4, 0, '?', 4), (4, 0, 6, 4), (4, 0, 6, 4), (4, 0, '?', 4), (4, 5, 6, 4), (4, 0, 6, 4), (4, 5, 6, 4), (4, 0, 6, 4), (4, 5, 6, 4), (4, 5, '?', 4)]"
"(9, 22, 4, 22, 0)","[(6, 0, 6, 4), ('?', 0, '?', 4), (2, 5, 6, 4), (6, 0, 6, 4), ('?', 5, 6, 4), ('?', 0, '?', 4), ('?', 0, '?', 4), (6, 0, '?', 4), ('?', 0, '?', 4), ('?', 0, '?', 4), (1, 0, '?', 4), ('?', 0, '?', 4)]"
"(9, 22, 4, 25, 0)","[(4, 5, '?', 3), (4, 5, '?', 3), (4, 5, '?', 3), (4, 5, '?', 3), (4, 5, '?', 3), (4, 5, '?', 3)]"
"(9, 22, 4, 26, 0)","[(3, 5, '?', 4), (3, 0, '?', 4), (3, 0, 6, 4), (3, 5, '?', 4), (3, 0, '?', 4), (3, 0, '?', 4), (3, 0, '?', 4), (3, 0, '?', 4), (3, 0, '?', 4), (3, 5, '?', 4), (3, 5, '?', 4)]"
"(9, 22, 4, 27, 0)","[(0, 0, '?', '?'), (0, 3, 6, 4)]"
"(9, 22, 6, 1, 0)","[(4, 2, '?', 7), (4, 2, '?', 7), (4, 7, 0, 7), (4, 7, '?', 7), (4, 2, 4, 7), (4, 2, '?', 7)]"
"(9, 22, 6, 2, 0)","[('?', 3, '?', 3), ('?', 7, '?', 3), ('?', 7, '?', 3), ('?', 2, '?', 3), ('?', 2, '?', 3), ('?', 3, '?', 3), (1, 2, '?', 3), ('?', 2, '?', 3), ('?', 7, '?', 3), ('?', 7, '?', 3), ('?', 3, '?', 3), ('?', 7, '?', 3), ('?', 7, '?', 3), ('?', 3, '?', 3), ('?', 2, '?', 3), ('?', 2, '?', 3)]"
"(9, 22, 6, 3, 0)","[(4, 2, 6, 4)]"
"(9, 22, 6, 7, 0)","[(3, 2, '?', 7), (3, 2, '?', 7), (3, 2, '?', 7), (3, 2, '?', 7)]"
"(9, 22, 6, 8, 0)","[(1, 3, '?', 3)]"
"(9, 22, 6, 9, 0)","[('?', 3, '?', 7), ('?', 3, '?', 7), ('?', 3, '?', 7), ('?', 7, '?', 7), ('?', 3, '?', 7), ('?', 3, '?', 7), (3, 2, '?', 7), (3, 2, '?', 7), (2, 3, '?', 7), ('?', 7, '?', 7), ('?', 7, '?', 7), ('?', 3, '?', 7), ('?', 7, 0, 7), (3, 2, '?', 7), ('?', 3, '?', 7), ('?', 3, '?', 7), ('?', 7, '?', 7)]"
"(9, 22, 6, 10, 0)","[(1, 3, '?', 4), (1, 7, 0, 4), (1, 7, 1, 4), (1, 7, '?', 4), (1, 7, 0, 4)]"
"(9, 22, 6, 11, 0)","[(2, 2, '?', 4), (2, 7, '?', 4), (2, 7, '?', 4), (2, 2, '?', 4), (2, 7, '?', 3), (2, 2, '?', 4), (2, 7, '?', 4), (2, 7, 2, 4)]"
"(9, 22, 6, 15, 0)","[(3, 2, '?', 3), (3, '?', '?', 3), (3, 2, 5, 3), (3, 2, '?', 3), (3, 2, '?', 3), (3, 2, '?', 3), (3, 7, '?', 3), (3, 7, '?', 3), (3, 2, '?', 3), (3, 7, '?', 3), (3, 7, '?', 3), (3, 7, '?', 3), (3, 7, '?', 3), (3, 2, '?', 3)]"
"(9, 22, 6, 17, 0)","[(2, 7, '?', 7), (2, 7, '?', 7), (2, 3, '?', 7), (2, 3, '?', 3), (2, 3, '?', 3), (2, 2, '?', 3), (2, 2, '?', 7), (2, 2, '?', 3), (2, 3, '?', 3), (2, 3, '?', 3), (2, 2, '?', 3), (2, 2, '?', 3), (2, 7, '?', 7), (2, 2, '?', 3), (2, 2, 3, 3), (2, 3, '?', 3), (2, 3, '?', 3), (2, 3, '?', 7)]"
"(9, 22, 6, 21, 0)","[(4, 3, 0, 4), (4, 7, 0, 4), (4, 3, '?', 4), (4, 3, '?', 4), (4, 7, '?', 4), (4, 2, '?', 4), (4, 3, '?', 4), (4, 7, '?', 4), (4, 3, '?', 4), (4, 7, '?', 4), (4, 2, '?', 4), (4, 7, 0, 4), (4, 7, '?', 4), (4, 3, '?', '?'), (4, 2, '?', 4), (4, 7, '?', 4)]"
"(9, 22, 6, 22, 0)","[('?', 2, '?', 4), ('?', 3, '?', 4), ('?', 2, '?', 4), ('?', 2, '?', 4), ('?', 7, '?', 4), ('?', 2, '?', 4), (0, 3, '?', 4), ('?', 3, '?', 4), ('?', 7, '?', 4), ('?', 7, 4, 4), (0, 7, '?', 4), ('?', 7, '?', 4), ('?', 2, '?', 4)]"
"(9, 22, 6, 25, 0)","[(4, 7, '?', 3), (4, 3, '?', 3), (4, 2, '?', 3), (4, 7, '?', 3), (4, 2, '?', 3), (4, 7, '?', 3), (4, 3, '?', 3), (4, 3, '?', 3), (4, 3, '?', 3), (4, 2, '?', 3), (4, 2, '?', 3), (4, 7, '?', 3), (4, 7, '?', 3), (4, 2, '?', 3), (4, 7, '?', 3), (4, 3, '?', 3)]"
"(9, 22, 6, 26, 0)","[(3, 7, '?', 4), (3, 7, '?', 4), (3, 7, '?', 4), (3, 7, 0, 4), (3, 7, '?', 4), (3, 7, '?', 4), (3, 3, '?', 4), (3, 2, '?', 4), (3, 3, '?', 4), (3, 3, '?', 4)]"
"(9, 22, 6, 27, 0)","[(0, 7, '?', 4)]"
"(9, 22, 9, 1, 0)","[(4, 6, 6, 7), (4, '?', '?', 7), (4, 0, '?', 7), (4, 2, '?', 7), (4, '?', '?', 7), (4, '?', '?', 7), (4, 6, 6, 7), (4, 2, '?', 7), (4, 2, '?', 7), (4, '?', '?', 7), (4, 1, '?', 7), (4, 1, 6, 7), (4, 6, 6, 7), (4, 1, 6, 7), (4, 1, '?', 7), (4, '?', '?', 7), (4, 0, '?', 7), (4, 2, '?', 7), (4, '?', '?', 7), (4, 6, 6, 7)]"
"(9, 22, 9, 7, 0)","[(3, 4, '?', 7), (3, 6, '?', 7), (3, '?', '?', 7), (3, 1, '?', 7), (3, '?', '?', 7), (3, 1, '?', 7)]"
"(9, 22, 9, 9, 0)","[(0, 4, 0, 7), (1, '?', '?', 7), ('?', '?', '?', 7), (1, 1, 1, 7), ('?', 6, '?', 7), (0, 4, '?', 7), ('?', 5, '?', 7), ('?', 1, '?', 7), (0, 2, '?', 7), ('?', '?', '?', 7), (3, '?', '?', 7), ('?', 4, '?', 7), (0, 4, 0, 7), ('?', 3, '?', 7), ('?', 1, '?', 7), ('?', '?', '?', 7), (1, 0, 0, 7), (1, 5, '?', 7), ('?', '?', '?', 7), ('?', 6, '?', 7), (1, 5, '?', 7), (0, 7, 0, 7)]"
"(9, 22, 10, 2, 0)","[(1, 2, 1, 3), (1, 3, '?', 3), (1, 3, 5, 3), (1, 6, '?', 3)]"
"(9, 22, 10, 8, 0)","[(1, 7, 1, 3)]"
"(9, 22, 10, 9, 0)","[(1, 3, '?', 7), (1, 3, 6, 7)]"
"(9, 22, 10, 10, 0)","[(1, 5, '?', 4), (1, '?', '?', 4), (1, 7, 6, 4), (1, 3, '?', 4)]"
"(9, 22, 10, 22, 0)","[(1, 7, 1, 4)]"
"(9, 22, 11, 2, 0)","[(2, 3, 5, 3), (2, 6, '?', 3)]"
"(9, 22, 11, 9, 0)","[(2, 4, '?', 4), (2, 1, '?', 4)]"
"(9, 22, 11, 11, 0)","[(2, 3, 6, 4), (2, 7, 0, 4), (2, '?', 6, 4), (2, 2, 3, 3), (2, 7, 6, 4), (2, 0, '?', 4), (2, '?', '?', 4), (2, '?', '?', 4)]"
"(9, 22, 11, 17, 0)","[(2, 3, '?', 3), (2, 0, '?', 3)]"
"(9, 22, 11, 22, 0)","[(2, 7, '?', 3), (2, 2, '?', 4)]"
"(9, 22, 15, 2, 0)","[(3, '?', '?', 3), (3, '?', '?', 3), (3, 4, '?', 3), (3, 6, 0, 3), (3, '?', '?', 3)]"
"(9, 22, 15, 4, 0)","[(3, 5, '?', 3)]"
"(9, 22, 15, 6, 0)","[(3, 7, '?', 3)]"
"(9, 22, 15, 15, 0)","[(3, '?', '?', 3), (3, 4, '?', 3), (3, '?', '?', 3), (3, '?', '?', 3)]"
"(9, 22, 17, 2, 0)","[(2, '?', '?', 3), (2, 5, '?', 3), (2, '?', '?', 3), (2, 5, '?', 3), (2, '?', '?', 3), (2, 0, '?', 3)]"
"(9, 22, 17, 9, 0)","[(2, 4, '?', 7), (2, '?', '?', 7), (2, '?', '?', 7), (2, 3, '?', 7), (2, 6, '?', 7), (2, 6, 6, 7), (2, 1, '?', 7), (2, 4, '?', 7), (2, 3, '?', 7), (2, 2, '?', 7), (2, '?', 6, 7), (2, 0, 2, 7), (2, 0, 0, 7), (2, 3, 0, 7), (2, 3, '?', 7), (2, 1, '?', 7), (2, '?', '?', 7), (2, 3, 6, 7), (2, 1, '?', 7), (2, 2, '?', 7), (2, 4, '?', 7), (2, '?', '?', 7), (2, 2, '?', 7), (2, 3, 6, 7), (2, 6, '?', 7), (2, '?', '?', 7), (2, 6, '?', 7), (2, 4, '?', 7), (2, '?', '?', 7), (2, 4, '?', 7), (2, 2, '?', 7), (2, 7, '?', 7), (2, 2, '?', 7), (2, '?', '?', 7), (2, 6, 6, 7), (2, 2, '?', 7)]"
"(9, 22, 17, 17, 0)","[(2, 0, '?', 3)]"
"(9, 22, 21, 21, 0)","[(4, 6, '?', 4), (4, 6, 6, 4), (4, 1, '?', 4)]"
"(9, 22, 22, 1, 0)","[(4, 1, '?', 7), (4, 5, '?', 7), (4, 5, '?', 7), (4, 2, 4, 7), (4, 7, 0, 7)]"
"(9, 22, 22, 2, 0)","[(0, 1, 0, 3), (0, 1, 0, 3), (3, 2, 5, 3), (3, 2, 5, 3), (4, 0, 6, 3), ('?', 3, '?', 3), (0, 6, 0, 3), ('?', 5, '?', 3), ('?', 0, '?', 3), ('?', 6, '?', 3), (1, '?', '?', 3), ('?', 0, '?', 3), ('?', 1, '?', 3), ('?', 4, '?', 3), ('?', 2, '?', 3), ('?', 6, '?', 3), ('?', 4, '?', 3)]"
"(9, 22, 22, 6, 0)","[('?', 7, '?', 3), ('?', 3, '?', 3), ('?', 3, '?', 3), ('?', 2, '?', 3), ('?', 7, '?', 3)]"
"(9, 22, 22, 7, 0)","[(3, 2, '?', 7), (3, 6, '?', 7), (3, 6, '?', 7), (3, '?', '?', 7)]"
"(9, 22, 22, 9, 0)","[('?', 5, '?', 7), ('?', '?', '?', 7), ('?', 3, 0, 7), ('?', '?', '?', 7), ('?', '?', '?', 7), (3, 2, 3, 7), ('?', 1, '?', 7), ('?', 5, '?', 7), ('?', 5, '?', 7), (3, 1, '?', 7), (1, 5, '?', 7), (3, '?', '?', 7)]"
"(9, 22, 22, 10, 0)","[(1, '?', '?', 4), (1, 6, '?', 4), (1, 7, 0, 4), (1, '?', '?', 4), (1, 3, '?', 4), (1, '?', '?', 4), (1, 6, 6, 4)]"
"(9, 22, 22, 11, 0)","[(2, 4, '?', 4), (2, 2, 3, 3), (2, '?', '?', 4), (2, '?', '?', 4), (2, 2, '?', 4), (2, 4, '?', 4), (2, 6, '?', 4), (2, 7, '?', 4), (2, 2, '?', 4), (2, 6, '?', 4), (2, 7, 0, 4), (2, 1, '?', 4), (2, '?', '?', 4), (2, 1, '?', 4)]"
"(9, 22, 22, 15, 0)","[(3, 4, '?', 3), (3, 0, '?', 3), (3, 0, '?', 3), (3, 7, '?', 3), (3, 2, '?', 3), (3, '?', '?', 3), (3, 2, '?', 3), (7, 4, '?', 3), (3, 2, '?', 3), (3, 4, '?', 3)]"
"(9, 22, 22, 17, 0)","[(2, '?', '?', 3), (2, '?', '?', 3), (2, '?', '?', 3), (2, 4, '?', 3), (2, '?', '?', 3)]"
"(9, 22, 22, 21, 0)","[(4, 1, '?', 4), (4, 3, '?', 4), (4, 7, '?', 4), (4, 3, '?', 4), (4, 2, 4, 4), (4, 1, 6, 7), (4, '?', 6, 4), (4, '?', '?', 4), (4, 7, 0, 4), (4, '?', '?', 4), (4, 2, '?', 4), (4, '?', '?', 4), (4, '?', 6, 4), (4, '?', '?', 4), (4, 0, '?', 4), (4, '?', '?', 4), (4, '?', '?', 4), (4, 1, '?', 4), (4, 2, '?', 4), (4, 7, '?', 4), (4, '?', '?', 4), (4, 7, '?', 4), (4, 3, '?', 4), (4, 0, 0, 4), (4, 6, '?', 4), (4, 0, 0, 4), (4, 3, '?', 4), (4, 6, 6, 4)]"
"(9, 22, 22, 22, 0)","[('?', 7, '?', 4), (0, 4, '?', 4), ('?', 3, '?', 4), ('?', 3, '?', 4), ('?', 3, '?', 4), ('?', '?', '?', 4), ('?', '?', 6, 4), ('?', 2, '?', 4), (6, 0, '?', 4), ('?', 5, 6, 4), ('?', '?', 6, 4), ('?', 5, 0, 4), ('?', '?', '?', 4), ('?', 7, '?', 4), (0, 3, '?', 4), ('?', '?', '?', 4), ('?', 0, '?', 4), ('?', 3, '?', 4), ('?', 0, '?', 4), ('?', 0, '?', 4), (2, 6, '?', 4), ('?', 3, '?', 4), (3, 4, '?', 4), ('?', '?', '?', 4), ('?', 2, '?', 4), ('?', '?', '?', 4), ('?', 7, '?', 4), ('?', 1, '?', 4), ('?', 0, '?', 4), ('?', '?', '?', 4), ('?', '?', '?', 4), ('?', 2, '?', 4), ('?', 4, '?', 4), (6, 0, '?', 4), ('?', '?', '?', 4)]"
"(9, 22, 22, 25, 0)","[(4, 7, '?', 3), (4, 2, '?', 3), (4, 3, '?', 3), (4, 7, '?', 3), (4, 1, 1, 3), (4, 7, '?', 3), (4, '?', '?', 3), (4, '?', '?', 3), (4, 2, '?', 3), (4, '?', '?', 3), (4, '?', '?', 3), (4, 2, '?', 3), (4, 1, '?', 3), (4, '?', '?', 3), (4, 6, '?', 3), (4, 3, '?', 3), (4, '?', '?', 3), (4, 1, '?', 3), (4, 0, 6, 3), (4, 7, '?', 3), (4, '?', '?', 3), (4, 1, 0, 3), (4, 1, '?', 3)]"
"(9, 22, 22, 26, 0)","[(3, '?', '?', 4), (3, 3, '?', 4), (3, 5, '?', 4), (3, 7, '?', 4), (3, '?', '?', 4), (3, 3, '?', 4), (3, 2, '?', 4), (3, 3, '?', 4), (3, 5, '?', 4), (3, 2, '?', 4), (3, 3, '?', 4), (3, 2, '?', 4), (3, 7, '?', 4), (3, 4, '?', 4), (3, '?', '?', 4), (3, '?', '?', 4), (3, 7, 0, 4), (3, 2, '?', 4), (3, 7, '?', 4), (3, 7, '?', 4), (3, 6, '?', 4), (3, 3, '?', 4), (3, 3, '?', 4), (3, '?', '?', 4), (3, 2, '?', 4), (3, '?', '?', 4), (3, 2, '?', 4), (3, 4, '?', 4)]"
"(9, 22, 22, 27, 0)","[(0, 6, 6, 4)]"
"(9, 22, 26, 2, 0)","[(3, 0, '?', 3), (3, 3, 5, 3), (3, '?', '?', 3), (3, 3, 5, 3)]"
"(9, 22, 26, 4, 0)","[(3, 5, '?', 4)]"
"(9, 22, 26, 6, 0)","[(3, 2, '?', 3)]"
"(9, 22, 26, 9, 0)","[(3, 4, '?', 7), (3, 6, 6, 7)]"
"(9, 22, 26, 22, 0)","[(3, '?', '?', 4), (3, 6, '?', 4), (3, 1, '?', 4)]"
"(9, 22, 26, 26, 0)","[(3, 1, '?', 4)]"
"(9, 22, 27, 2, 0)","[(0, 2, 5, 3), (0, 5, 6, 3), (0, 2, '?', 3), (0, 2, 1, 3), (0, 2, '?', 3), (0, 3, '?', 3), (0, 0, '?', 3), (0, 5, 3, 3), (0, 7, '?', 3), (0, 3, 5, 3), (0, 0, '?', 3), (0, 7, '?', 3)]"
"(9, 22, 27, 9, 0)","[(0, 5, 6, 7), (0, 3, 6, 7), (0, 3, 6, 7), (0, 0, '?', 7), (0, 3, 0, 7), (0, 0, '?', 7), (0, 3, '?', 7), (0, 2, '?', 7), (0, 3, '?', 7), (0, 4, '?', 7), (0, 6, 0, 7), (0, 0, '?', 7), (0, 3, '?', 7), (0, 4, 6, 7), (0, 7, 0, 7), (0, 2, '?', 7), (0, 5, 6, 7), (0, '?', '?', 7), (0, 3, 6, 7), (0, 5, 6, 7), (0, 5, '?', 7), (0, 2, '?', 7), (0, 5, 6, 7), (0, 0, 6, 7), (0, 6, '?', 7), (0, 3, 6, 7), (0, 3, 0, 7)]"
"(9, 22, 27, 22, 0)","[(0, 0, '?', 4), (0, 1, 0, 4), (0, 4, 0, 4), (0, 6, 0, 4), (0, '?', 6, 4), (0, 3, '?', 4), (0, 4, 0, 4), (0, 6, 6, 4), (0, '?', 6, 4), (0, 7, 0, 4), (0, '?', 6, 4), (0, 0, 1, 4), (0, 0, 1, 4), (0, '?', 6, 4), (0, 0, '?', 4), (0, 6, 6, 4), (0, 5, '?', 4), (0, 3, 0, 4), (0, 5, '?', 4), (0, 3, 0, 4), (0, '?', 0, 4), (0, 2, '?', 4), (0, 7, 0, 4), (0, '?', 6, 4), (0, 7, '?', 4), (0, 4, '?', 4), (0, 4, 0, 4), (0, 7, 0, 4), (0, 0, '?', 4), (0, 0, '?', 4), (0, 6, 0, 4), (0, 0, '?', 4), (0, 3, 6, 4), (0, '?', 3, '?'), (0, 7, '?', 4), (0, 6, 6, 4), (0, 2, '?', 4), (0, 2, '?', 4), (0, 5, '?', 4), (0, 2, 6, 4), (0, 3, 6, 4), (0, 1, '?', 4)]"
"(9, 23, 4, 1, 0)","[(4, 5, '?', 7), (4, 0, '?', 7), (4, 0, '?', 7)]"
"(9, 23, 4, 9, 0)","[(1, 5, '?', 7)]"
"(9, 23, 4, 21, 0)","[(4, 5, '?', 4)]"
"(9, 26, 4, 2, 0)","[(7, 0, '?', 3)]"
"(9, 26, 4, 7, 0)","[(7, 5, '?', 7)]"
"(9, 26, 9, 9, 0)","[(7, 3, '?', 7)]"
"(9, 26, 12, 26, 0)","[(7, '?', 3, 4)]"
"(9, 26, 22, 2, 0)","[(7, 4, 1, 3)]"
"(9, 27, 2, 9, 0)","[(0, 4, '?', 7)]"
"(9, 27, 4, 2, 0)","[(0, 0, '?', 3), (0, 0, '?', 3), (0, 0, 1, 3), (0, 0, '?', 3), (0, 0, 1, 3), (0, 0, '?', 3)]"
"(9, 27, 4, 9, 0)","[(0, 5, 1, 7), (0, 5, 5, 7), (0, 5, 5, 7), (0, 5, '?', 7), (0, 5, 5, 7), (0, 0, 6, 7), (0, 5, 6, 7), (0, '?', 6, 7)]"
"(9, 27, 4, 22, 0)","[(0, 5, '?', 4), (0, 5, '?', 4), (0, 6, 6, 4), (0, 0, '?', 4), (0, 5, '?', 4), (0, 0, 1, 4), (0, 0, '?', 4), (0, 5, '?', 4), (0, 5, '?', 4), (0, 0, '?', 4), (0, 0, '?', 4)]"
"(9, 27, 5, 2, 0)","[(0, 0, 5, 3)]"
"(9, 27, 6, 2, 0)","[(0, 7, '?', 3), (0, 3, '?', 3), (0, 7, 5, 3), (0, 7, 5, 3), (0, 7, '?', 3), (0, 3, '?', 3), (0, 3, '?', 3), (0, 7, '?', '?'), (0, 2, '?', 3), (0, 7, '?', 3)]"
"(9, 27, 6, 9, 0)","[(0, 3, '?', 7), (0, 7, 2, 7), (0, 3, 4, 7), (0, 7, 4, 7), (0, 7, 2, 7), (0, 3, '?', 7), (0, 2, '?', 7), (0, 3, 1, 7), (0, 7, 4, 7)]"
"(9, 27, 6, 22, 0)","[(0, 7, 0, 4), (0, 3, 6, 4), (0, 7, '?', 4), (0, 3, 1, 4), (0, 2, '?', 4), (0, 2, '?', 4), (0, 3, '?', 4), (0, 7, '?', 4), (0, 2, '?', 4)]"
"(9, 27, 9, 9, 0)","[(0, 6, '?', 7), (0, 4, 2, 7), (0, 0, '?', 7), (0, 7, 2, 7), (0, '?', '?', 7), (0, 4, 2, 7), (0, 5, '?', 7), (0, '?', '?', 7), (0, '?', '?', 7), (0, '?', '?', 7), (0, '?', '?', 7), (0, 3, 6, 7), (0, 1, '?', 7), (0, 0, '?', 7), (0, '?', 6, 7), (0, 6, '?', 7), (0, 6, '?', 7), (0, 5, 1, 7), (0, 4, '?', 7), (0, 4, 6, 7), (0, 0, '?', 7), (0, '?', '?', 7), (0, 2, '?', 7), (0, 0, '?', 7), (0, 5, '?', 7), (0, 0, '?', 7), (0, 5, '?', 7), (0, 6, '?', 7), (0, 2, '?', 7), (0, 4, '?', 7), (0, 5, '?', 7), (0, 5, '?', 7), (0, 2, '?', 7), (0, 2, '?', 7)]"
"(9, 27, 14, 9, 0)","[(0, 2, 5, 7)]"
"(9, 27, 22, 2, 0)","[(0, 2, 5, 3), (0, 2, '?', 3), (0, 3, '?', 3), (0, 2, 5, 3), (0, 7, '?', 3), (0, 2, 5, 3), (0, 2, 5, 3), (0, 2, '?', 3), (0, 0, '?', 3), (0, 5, 5, 3)]"
"(9, 27, 22, 9, 0)","[(0, 3, '?', 7), (0, 4, 6, 7), (0, '?', '?', 7)]"
"(9, 27, 22, 22, 0)","[(0, 4, '?', 4), (0, 3, '?', 4), (0, 6, 6, 4)]"
"(9, 27, 27, 22, 0)","[(0, 3, 6, 4)]"
"(10, 4, 10, 2, 0)","[(1, 0, '?', 0), (1, 0, '?', 0)]"
"(10, 4, 10, 10, 0)","[(1, 0, '?', '?'), (1, 5, '?', '?')]"
"(10, 4, 20, 10, 0)","[(1, 0, '?', 5)]"
"(10, 6, 6, 8, 0)","[(1, 2, '?', 6), (1, 7, '?', 6), (1, 2, '?', 6)]"
"(10, 6, 6, 9, 0)","[(1, 7, 0, 7)]"
"(10, 6, 8, 2, 0)","[(1, 3, '?', 6), (1, 2, '?', 6)]"
"(10, 6, 8, 8, 0)","[(1, 2, '?', 6), (1, 3, '?', 6), (1, 7, '?', 6), (1, 2, '?', 6)]"
"(10, 6, 10, 2, 0)","[(1, 3, '?', '?')]"
"(10, 6, 10, 10, 0)","[(1, 3, '?', '?')]"
"(10, 10, 6, 2, 0)","[(1, 3, '?', 0)]"
"(10, 10, 6, 8, 0)","[(1, 3, '?', 6)]"
"(10, 10, 9, 9, 0)","[(1, 3, 6, 7)]"
"(10, 10, 10, 2, 0)","[(1, '?', '?', 0)]"
"(10, 22, 6, 8, 0)","[(1, 2, '?', 6)]"
"(10, 22, 6, 16, 0)","[(1, 7, '?', 2), (1, 2, '?', 2)]"
"(10, 22, 8, 2, 0)","[(1, '?', '?', 0)]"
"(10, 22, 10, 2, 0)","[(1, '?', '?', 6)]"
"(10, 22, 10, 20, 0)","[(1, 2, '?', 2)]"
"(10, 22, 22, 16, 0)","[(1, 3, '?', 2)]"
"(11, 6, 6, 11, 0)","[(2, 7, 6, 7)]"
"(11, 22, 20, 17, 0)","[(2, 4, '?', 1)]"
"(12, 1, 2, 1, 0)","[(4, 6, 7, 7)]"
"(12, 1, 2, 2, 0)","[(6, 1, 7, 3), (6, 6, 7, 3), (6, 6, 7, 3), (6, 1, 7, 3), (6, 1, 7, 3), (6, 6, 7, 3)]"
"(12, 1, 2, 25, 0)","[(5, 1, 7, 3)]"
"(12, 1, 4, 2, 0)","[(6, 5, 7, 3), (6, 5, 7, 3), (6, 5, 7, 3), (6, 0, 7, 3), (6, 5, 7, 3)]"
"(12, 1, 4, 4, 0)","[(6, 0, 7, 3)]"
"(12, 1, 4, 22, 0)","[(5, 5, 7, 4), (5, 0, 7, 4)]"
"(12, 1, 6, 21, 0)","[(5, 7, 7, 4), (5, 7, 7, 3)]"
"(12, 1, 6, 22, 0)","[(5, 7, 7, 4), (6, 7, 7, 4), (6, 7, 7, 4), (5, 7, 7, 4), (6, 7, 7, 4), (6, 7, 7, 4)]"
"(12, 1, 9, 9, 0)","[(6, 0, 7, 7), (6, 1, 7, 7)]"
"(12, 1, 12, 2, 0)","[(6, 6, 7, 3), (5, 2, 7, 3), (6, '?', 7, 3), (6, '?', 7, 3)]"
"(12, 1, 12, 9, 0)","[(6, 0, 7, 7)]"
"(12, 1, 22, 2, 0)","[(6, 1, 7, 3), (6, '?', 7, 3), (6, 1, 7, 3), (6, 6, 7, 3), (6, 2, 7, 3), (6, '?', 7, 3), (6, '?', 7, 3)]"
"(12, 1, 22, 4, 0)","[(6, 5, 7, 3), (6, 5, 7, 4)]"
"(12, 1, 22, 8, 0)","[(5, 2, 7, 3)]"
"(12, 1, 22, 9, 0)","[(6, 0, 7, 7), (6, 5, 7, 7)]"
"(12, 1, 22, 21, 0)","[(5, 7, 7, 3)]"
"(12, 1, 22, 22, 0)","[(6, 3, 7, 4), (5, 1, 7, 4), (6, 3, 7, 4), (5, 7, 7, 4), (6, 7, 7, 4), (6, 3, 7, 4), (6, 4, 7, 4), (5, 4, 7, 4), (5, 2, 7, 4), (6, 1, 7, 4), (6, 4, 7, 4), (6, 4, 7, 4), (5, 2, 7, 4), (6, 4, 7, 4), (6, 3, 7, 4)]"
"(12, 1, 22, 25, 0)","[(5, 6, 7, 3), (5, 6, 7, 3), (5, 1, 7, 3), (5, 1, 7, 3), (5, 6, 7, 3), (5, 3, 7, 3), (5, 7, 7, 3), (5, 2, 7, 3)]"
"(12, 2, 2, 2, 0)","[(0, 6, 3, 0), ('?', 6, 3, 6), (0, 4, 7, 6), (0, 6, 3, 0), ('?', 4, 3, 0), ('?', 4, 3, 0), ('?', 4, 3, 6), (0, 4, 7, 0), ('?', 4, 3, 6), (0, 4, 3, 0), ('?', 6, 3, 0), (0, 4, 7, 0), ('?', 4, 3, 0), (0, 4, 7, 0), ('?', 4, 3, 6), ('?', 4, 3, 0), ('?', 6, 3, 0), (0, 4, 3, 0), ('?', 1, 3, 6), (0, 6, 3, 0), ('?', 4, 3, 6), (0, 1, 7, 0), (0, 6, 7, 0), (0, 1, 7, 0), (0, 4, 3, 0), ('?', 6, 3, 0), (0, 4, 3, 0), (0, 6, 7, 0), ('?', 4, 3, 6), (0, 1, 7, 0), ('?', 4, 3, 0), (0, 4, 3, 6), ('?', 1, 3, 6), ('?', 6, 3, 6), (0, 6, 7, 6), (0, 4, 7, 6), ('?', 4, 3, 6), (0, 4, 3, 6), ('?', 6, 3, 6), (0, 4, 3, 0), (0, 4, 7, 6), ('?', 4, 3, 0), ('?', 4, 3, 6), (0, 4, 7, 0), ('?', 1, 3, 6), (0, 6, 7, 6)]"
"(12, 2, 2, 7, 0)","[(3, 4, 3, 7)]"
"(12, 2, 2, 8, 0)","[(1, 6, 3, 6), (1, 6, 3, 6), (1, 6, 7, 6), (1, 1, 3, 0), (1, 4, 3, 0), (1, 4, 7, 0), (1, 1, 3, 6), (1, 4, 3, 6), (1, 4, 3, 0), (1, 4, 3, 6), (1, 4, 3, 6), (1, 4, 3, 0), (1, 1, 3, 0), (1, 1, 7, 0), (1, 6, 3, 6), (1, 4, 3, '?'), (1, 1, 7, 0), (1, 6, 3, 6), (1, 1, 7, 6), (1, 1, 7, 6), (1, 4, 3, 6), (1, 1, 7, 6)]"
"(12, 2, 2, 9, 0)","[(0, 1, 7, 6), ('?', 4, 3, 0)]"
"(12, 2, 2, 10, 0)","[(1, 6, 3, '?'), (1, 6, 3, '?'), (1, 4, 3, '?'), (1, 6, 3, '?'), (1, 4, 3, '?'), (1, 1, 7, '?'), (1, 1, 7, '?'), (1, 4, 3, '?'), (1, 1, 7, '?'), (1, 4, 3, '?')]"
"(12, 2, 2, 11, 0)","[(2, 1, 3, '?'), (2, 4, 3, '?'), (2, 1, 3, '?'), (2, 1, 3, '?')]"
"(12, 2, 2, 15, 0)","[(3, 1, 3, 6), (3, 6, 3, 6), (3, 6, 3, 6), (3, 4, 7, 0), (3, 1, 3, 6), (3, 6, 3, 6), (3, 6, 7, 6), (3, 6, 3, 6), (3, 6, 7, 0), (3, 4, 3, 6), (3, 6, 7, 6), (3, 4, 3, 6), (3, 4, 3, 6), (3, 1, 3, 0), (3, 1, 3, 0), (3, 4, 3, 6), (3, 4, 3, 6), (3, 1, 3, 6), (3, 1, 3, 6), (3, 4, 3, '?'), (3, 6, 3, 6), (3, 6, 7, 0), (3, 1, 3, 0), (3, 1, 3, 6), (3, 4, 7, 6)]"
"(12, 2, 2, 16, 0)","[(1, 4, 7, 1), (1, 1, 3, 2), (1, 6, 7, 1), (1, 4, 3, 2), (1, 1, 7, 2), (1, 1, 3, 2), (1, 4, 7, 2), (1, 1, 7, 2), (1, 4, 3, 2)]"
"(12, 2, 2, 17, 0)","[(2, 4, 3, '?'), (2, 4, 3, '?'), (2, 1, 3, 0)]"
"(12, 2, 2, 20, 0)","[(0, 1, 3, 2), (0, 1, 3, 2), (0, 1, 3, 2), (3, 4, 3, 2), (2, 4, 7, 2), ('?', 4, 3, 2), ('?', 6, 3, 2), (0, 1, 3, 2), ('?', 4, 3, 2), (0, 4, 3, 2), ('?', 6, 3, 2), (3, 4, 3, 2), ('?', 4, 3, 2), ('?', 4, 3, 2), ('?', 4, 3, 2), ('?', 1, 7, 2), (0, 6, 7, 2), ('?', 4, 3, 2), ('?', 4, 3, 2), ('?', 1, 7, 2), ('?', 6, 3, 2), (0, 4, 3, 2), (3, 1, 3, 2), (0, 1, 7, 2), (0, 1, 3, 2)]"
"(12, 2, 2, 21, 0)","[(4, 1, 3, 6), (4, 1, 3, 0), (4, 1, 7, 6), (4, 1, 3, 6), (4, 1, 3, 6)]"
"(12, 2, 2, 22, 0)","[('?', 1, 3, 6), ('?', 1, 3, '?'), ('?', 6, 3, '?'), (0, 4, 3, '?'), ('?', 1, 3, '?'), ('?', 1, 3, 6), ('?', 1, 3, '?'), (0, 1, 7, 0), ('?', 1, 3, '?'), ('?', 1, 3, '?'), ('?', 6, 3, '?'), ('?', 6, 3, '?'), ('?', 1, 3, 6), ('?', 1, 3, '?'), (0, 4, 3, '?'), ('?', 1, 3, 6), ('?', 1, 3, '?'), ('?', 1, 3, 6), (0, 1, 7, 6), ('?', 6, 3, '?'), ('?', 1, 3, 6), ('?', 1, 3, '?')]"
"(12, 2, 2, 26, 0)","[(3, 1, 3, 0), (3, 4, 3, '?'), (3, 1, 3, '?'), (3, 1, 3, '?'), (3, 1, 3, '?'), (3, 1, 3, 6), (3, 1, 3, 0), (3, 4, 3, '?'), (3, 1, 3, '?'), (3, 6, 3, '?'), (3, 1, 3, '?'), (3, 1, 3, '?'), (3, 4, 3, '?'), (3, 6, 3, '?')]"
"(12, 2, 2, 27, 0)","[(0, 1, 3, '?'), (0, 1, 3, 6), (0, 1, 3, 6), (0, 4, 3, '?'), (0, 1, 3, 6)]"
"(12, 2, 8, 2, 0)","[(1, 6, 7, 0), (1, 1, 3, 0)]"
"(12, 2, 8, 8, 0)","[(1, 4, 3, 6), (1, 1, 3, 0), (1, 4, 3, 6), (1, 6, 3, 0), (1, 4, 3, 6)]"
"(12, 2, 10, 16, 0)","[(1, 1, 3, 2)]"
"(12, 2, 10, 20, 0)","[(1, 1, 3, 2), (1, 4, 3, 2), (1, 1, 3, 2)]"
"(12, 2, 11, 11, 0)","[(2, 1, 3, '?'), (2, 4, 3, '?'), (2, 4, 3, '?')]"
"(12, 2, 11, 20, 0)","[(2, 1, 3, 2), (2, 6, 3, 2), (2, 6, 3, 2), (2, 4, 3, 2), (2, 1, 3, 2), (2, 4, 3, 2), (2, 1, 7, 2), (2, 6, 3, 2), (2, 6, 3, 2), (2, 1, 3, 2), (2, 6, 3, 2), (2, 4, 3, 2), (2, 6, 3, 2), (2, 4, 3, 2), (2, 6, 3, 2), (2, 6, 7, 2)]"
"(12, 2, 11, 22, 0)","[(2, 1, 3, '?')]"
"(12, 2, 15, 20, 0)","[(3, 1, 3, 2)]"
"(12, 2, 16, 8, 0)","[(1, 4, 3, 1), (1, 1, 3, 1), (1, 1, 3, 1)]"
"(12, 2, 16, 25, 0)","[(4, 4, 3, 1), (4, 4, 3, 1), (4, 4, 3, 1), (4, 4, 3, 1), (4, 4, 3, 1)]"
"(12, 2, 17, 11, 0)","[(2, 1, 3, 0), (2, 1, 3, 0)]"
"(12, 2, 17, 17, 0)","[(2, 1, 3, 0), (2, 1, 7, 6)]"
"(12, 2, 20, 2, 0)","[(0, 1, 3, 1), (0, 6, 3, 1), ('?', 1, 3, 1), (0, 1, 3, 1)]"
"(12, 2, 20, 8, 0)","[(1, 1, 3, 1), (1, 4, 3, 1), (1, 1, 3, 1), (1, 1, 3, 1), (1, 4, 3, 1), (1, 1, 7, 1), (1, 4, 3, 1)]"
"(12, 2, 20, 10, 0)","[(1, 1, '?', 5), (1, 4, 3, 5), (1, 4, 7, 5), (1, 1, 7, 5), (1, 4, 3, 5), (1, 6, 3, 5), (1, 4, 3, 5), (1, 1, 7, 5), (1, 6, 3, 5), (1, 4, 3, 5), (1, 6, 7, 5), (1, 4, 7, 5)]"
"(12, 2, 20, 11, 0)","[(2, 1, 7, 5), (2, 4, 7, 5)]"
"(12, 2, 20, 15, 0)","[(3, 1, '?', 1), (3, 4, 3, 1), (3, 6, 3, 1), (3, 4, 3, 1), (3, 4, 3, 1), (3, 4, 3, 1), (3, 6, 3, 1), (3, 1, 7, 1), (3, 6, 3, 1), (3, 6, 3, 1), (3, 6, 3, 1), (3, 4, 3, 1), (3, 6, 3, 1), (3, 6, 3, 1)]"
"(12, 2, 20, 17, 0)","[(2, 6, 3, 1), (2, 1, 3, 1), (2, 1, 3, 1), (2, 1, 3, 1), (2, 6, 3, 1), (2, 1, 3, 1), (2, 4, 7, 1)]"
"(12, 2, 20, 20, 0)","[('?', 1, 3, 1), ('?', 1, 3, 1), ('?', 4, 3, 1), ('?', 1, 3, 1), ('?', 4, 3, 1), ('?', 4, 3, 1), ('?', 1, 3, 1), ('?', 4, 3, 1), ('?', 4, 3, 1), ('?', 4, 3, 1)]"
"(12, 2, 20, 21, 0)","[(4, 1, 3, 5), (4, 1, 3, 5), (4, 1, 3, 5)]"
"(12, 2, 20, 22, 0)","[('?', 4, 3, 5), ('?', 1, 3, 5), ('?', 1, 3, 5), ('?', 4, 3, 5), ('?', 6, 3, 5), ('?', 1, 3, 5), (0, 6, 3, 5), (0, 6, 3, 5), (4, 6, 3, 5), ('?', 4, 3, 5), (0, 1, 7, 5), ('?', 6, 7, 5), ('?', 1, 3, 5), ('?', 6, 3, 5), (0, 6, 3, 5)]"
"(12, 2, 20, 25, 0)","[(4, 4, 3, 1)]"
"(12, 2, 20, 26, 0)","[(3, 6, 3, 5), (3, 6, 3, 5), (3, 1, 3, 5), (3, 1, 3, 5), (3, 1, 7, 5), (3, 1, 3, 5)]"
"(12, 2, 20, 27, 0)","[(0, 1, 3, 1), (0, 4, 3, 1), (0, 6, 3, 1), (0, 1, 3, 1), (0, 1, 3, 1), (0, 4, 3, 5), (0, 6, 3, 1)]"
"(12, 2, 21, 16, 0)","[(4, 1, 3, 2), (4, 4, 7, 2), (4, 4, 7, 2), (4, 1, 3, 2), (4, 4, 7, 2), (4, 1, 3, 2), (4, 1, 3, 2), (4, 4, 3, 2)]"
"(12, 2, 21, 21, 0)","[(4, 6, 3, '?'), (4, 6, 3, '?'), (4, 1, 3, 6), (4, 6, 3, '?'), (4, 1, 3, 0), (4, 1, 3, 0), (4, 4, 3, '?')]"
"(12, 2, 25, 21, 0)","[(4, 1, 3, 0), (4, 6, 3, '?')]"
"(12, 2, 25, 25, 0)","[(4, 6, 3, 6), (4, 6, 3, 6), (4, 4, 3, 6), (4, 6, 3, 0), (4, 6, 3, 6), (4, 6, 7, 6), (4, 6, 7, 6), (4, 1, 7, 6), (4, 4, 3, 6), (4, 6, 7, 6), (4, 6, 3, 6), (4, 4, 3, 6)]"
"(12, 2, 26, 20, 0)","[(3, 4, 3, 2), (3, 4, 3, 2), (3, 6, 3, 2), (3, 6, 3, 2), (3, 6, 3, 2), (3, 6, 3, 2)]"
"(12, 2, 26, 22, 0)","[(3, 6, 3, '?'), (3, 6, 3, '?')]"
"(12, 2, 27, 2, 0)","[(0, 6, 3, 0), (0, 1, 3, 6), (0, 6, 3, 6)]"
"(12, 2, 27, 20, 0)","[(0, 6, 3, 2)]"
"(12, 2, 27, 22, 0)","[(0, 1, 3, 6), (0, 4, 3, '?'), (0, 1, 3, 6), (0, 1, 3, '?')]"
"(12, 3, 2, 2, 0)","[(6, 6, 7, 6), (6, 1, 7, 0), (6, 4, 7, 6), (6, 4, 7, 6), (6, 1, 7, 0), (6, 4, 7, 0)]"
"(12, 3, 2, 9, 0)","[(6, 4, 7, 7)]"
"(12, 3, 2, 16, 0)","[(4, 1, 7, 2), (4, 6, 7, 2), (4, 1, 7, 2), (4, 6, 7, 2)]"
"(12, 3, 2, 20, 0)","[(6, 6, 7, 2), (6, 6, 7, 2)]"
"(12, 3, 2, 21, 0)","[(4, 1, 7, '?'), (4, 1, 7, '?')]"
"(12, 3, 2, 25, 0)","[(4, 4, 7, 6), (4, 6, 7, 0)]"
"(12, 3, 4, 2, 0)","[(6, 0, 7, 0), (6, 0, 7, 6), (6, 0, 7, 6), (6, 5, 7, 6), (6, 5, 7, 6), (6, 0, 7, 6), (6, 5, 7, 6)]"
"(12, 3, 4, 8, 0)","[(1, 5, 7, 0)]"
"(12, 3, 4, 16, 0)","[(4, 0, 7, 2), (4, 0, 7, 2), (4, 0, 3, 2), (4, 5, 7, 2)]"
"(12, 3, 4, 20, 0)","[(6, 0, 7, 2)]"
"(12, 3, 4, 21, 0)","[(4, 5, 7, 2), (5, 5, 7, '?'), (4, 5, 7, 2), (5, 0, 7, '?'), (4, 5, 7, '?'), (5, 5, 7, '?')]"
"(12, 3, 9, 9, 0)","[(6, 1, 7, 7), (6, 4, 7, 7)]"
"(12, 3, 9, 22, 0)","[(6, 1, 7, 7)]"
"(12, 3, 12, 2, 0)","[(6, 4, 7, 6), (6, 2, 7, 0), (6, 4, 7, 0), (6, 7, 7, 0), (6, 0, 7, 0), (6, '?', 7, 0), (6, '?', 7, 0), (6, '?', 7, 0), (6, 6, 7, 6), (6, 6, 7, 6), (6, 3, 7, 6), (6, 4, 7, 6)]"
"(12, 3, 12, 4, 0)","[(5, 5, 7, 0), (6, 5, 7, '?'), (6, 0, 7, 0), (6, 5, 7, 1), (6, 5, 7, 6), (6, 5, 7, '?'), (6, 5, 7, 1)]"
"(12, 3, 12, 6, 0)","[(5, 7, 7, '?')]"
"(12, 3, 12, 20, 0)","[(6, 3, 7, 2), (6, '?', 7, 1)]"
"(12, 3, 12, 21, 0)","[(5, '?', 7, '?'), (4, '?', 7, '?'), (4, 6, 7, '?')]"
"(12, 3, 12, 22, 0)","[(6, 6, 7, 4), (6, 4, 7, '?'), (6, 4, 7, '?'), (5, 1, 7, '?'), (6, 3, 7, '?'), (6, 7, 7, '?'), (6, 7, 7, '?'), (6, 3, 7, '?'), (5, 1, 7, '?'), (6, 3, 7, '?'), (6, 1, 7, '?'), (6, 1, 7, '?'), (6, 3, 7, '?'), (6, 7, 7, '?')]"
"(12, 3, 12, 25, 0)","[(5, 3, 7, 0), (4, 6, 7, 0), (5, 3, 7, 0)]"
"(12, 3, 16, 4, 0)","[(5, 5, 7, 1)]"
"(12, 3, 16, 6, 0)","[(5, 2, 7, 1)]"
"(12, 3, 16, 20, 0)","[(5, 2, 7, 1), (5, 1, 7, 1), (5, 6, 7, 1), (5, 6, 7, 1), (5, 4, 7, 1), (5, 7, 7, 1), (5, 7, 7, 1), (5, 1, 7, 1), (5, 7, 7, 1), (5, 1, 7, 1), (5, 3, 7, 1), (5, 4, 7, 1), (5, 7, 7, 1), (5, 6, 7, 1), (5, '?', 7, 1), (5, 0, 7, 1), (5, '?', 7, 1), (5, 4, 7, 1)]"
"(12, 3, 16, 25, 0)","[(5, 3, 7, 1)]"
"(12, 3, 20, 4, 0)","[(5, 0, 7, 5), (6, 5, 7, 1), (5, 5, 7, 5), (6, 5, 7, 5), (5, 0, 7, 5), (5, 0, 7, 5), (6, 0, 7, 1), (5, 0, 7, 5), (5, 5, 3, 5)]"
"(12, 3, 20, 6, 0)","[(5, 7, 3, 5)]"
"(12, 3, 20, 12, 0)","[(5, 4, 7, 5)]"
"(12, 3, 20, 16, 0)","[(5, 3, 7, 1)]"
"(12, 3, 20, 20, 0)","[(6, 3, 7, 1), (6, 2, 7, 1), (6, 7, 7, 1), (6, 1, 7, 1), (6, 7, 7, 1), (6, '?', 7, 1), (6, '?', 7, 1), (6, '?', 7, 1), (6, 0, 7, 1), (6, 2, 7, 1), (6, 2, 7, 1), (6, 1, 7, 1), (6, 2, 7, 1), (6, 1, 7, 1), (6, '?', 7, 1)]"
"(12, 3, 20, 21, 0)","[(5, 3, 7, 5), (5, 5, 7, 5), (5, 1, 7, 5), (5, 1, 7, 5), (5, 3, 7, 5)]"
"(12, 3, 20, 22, 0)","[(6, 1, 7, 5), (5, 2, 7, 5), (6, 1, 7, 5), (6, 1, 7, 5), (5, '?', 7, 5), (6, 2, 7, 5), (5, 2, 7, 5), (5, 3, 7, 5), (5, '?', 7, 5), (5, 4, 7, 5), (6, '?', 7, 5), (5, 4, 7, 5), (5, 4, 7, 5), (5, 6, 7, 5), (6, 2, 7, 5), (6, 1, 7, 5), (6, 2, 7, 5), (5, 6, 7, 5), (5, 1, 7, 5), (5, 4, 7, 5), (6, 6, 7, 5), (5, 6, 7, 5), (6, 4, 7, 5)]"
"(12, 3, 20, 25, 0)","[(5, 4, 7, 1), (5, 3, 7, 5), (5, 1, 7, 1), (5, 4, 7, 1)]"
"(12, 3, 21, 16, 0)","[(4, '?', 3, 2), (4, 6, 7, 2), (4, 4, 7, 2)]"
"(12, 3, 22, 2, 0)","[(6, '?', 7, 6), (6, 6, 7, 0)]"
"(12, 3, 22, 16, 0)","[(4, 2, 7, 2), (4, 6, 7, 2), (4, 2, 7, 2), (4, 1, 7, 2), (4, 7, 7, 2), (4, 2, 7, 2), (4, 6, 7, 2)]"
"(12, 3, 22, 20, 0)","[(6, '?', 7, 2), (6, 0, 7, 2), (6, 5, 7, 2), (6, '?', 7, 2), (6, 6, 7, 2), (6, 4, 7, 2)]"
"(12, 3, 22, 21, 0)","[(4, 1, 7, '?'), (4, 7, 7, 0), (4, 7, 7, 0), (4, 1, 7, '?'), (4, 6, 7, '?'), (4, 1, 7, '?'), (4, 1, 7, '?')]"
"(12, 3, 22, 22, 0)","[(6, 7, 7, 0), (6, 7, 7, 6), (6, 1, 7, '?')]"
"(12, 3, 22, 25, 0)","[(5, 5, 7, 0), (4, '?', 7, 0), (4, 6, 7, 0), (4, 4, 7, 6), (4, 4, 7, 6), (4, 2, 7, 0), (4, 2, 7, 0), (4, 6, 7, 0), (4, '?', 7, 6), (4, 4, 7, 6)]"
"(12, 3, 25, 25, 0)","[(4, 4, 7, 6), (4, 1, 7, 0)]"
"(12, 4, 4, 2, 0)","[(0, 0, 7, 0), (0, 0, 7, 0), (0, 0, 7, 0), ('?', 5, 3, 6), ('?', 5, 7, 6), ('?', 5, 3, 6)]"
"(12, 4, 4, 8, 0)","[(1, 5, 7, 0)]"
"(12, 4, 4, 9, 0)","[(1, 0, 7, 7)]"
"(12, 4, 4, 15, 0)","[(3, 0, 3, 6), (3, 0, 3, 6), (3, 5, 7, 6)]"
"(12, 4, 4, 20, 0)","[(3, 0, 3, 2), (3, 5, 3, 2), (3, 5, 3, 2), (2, 5, 7, 2), (3, 5, 3, 2)]"
"(12, 4, 4, 21, 0)","[(4, 5, 3, 1)]"
"(12, 4, 4, 22, 0)","[(4, 5, 7, 5)]"
"(12, 4, 4, 25, 0)","[(4, 5, 3, 6)]"
"(12, 4, 4, 26, 0)","[(3, 5, 3, '?'), (3, 5, 3, 5)]"
"(12, 4, 8, 2, 0)","[(1, 5, 3, 6)]"
"(12, 4, 8, 8, 0)","[(1, 5, 3, 0), (1, 0, 3, 6), (1, 0, 3, 6), (1, 0, 3, 6), (1, 0, 3, 0), (1, 0, 3, '?')]"
"(12, 4, 8, 10, 0)","[(1, 5, 3, 1), (1, 5, 3, 1)]"
"(12, 4, 9, 1, 0)","[(4, 5, 3, 7)]"
"(12, 4, 9, 9, 0)","[(1, 0, 7, 7), (1, 0, 7, 7)]"
"(12, 4, 10, 2, 0)","[(1, 0, 3, '?'), (1, 5, 3, 6), (1, 5, 3, 0), (1, 0, 7, 6), (1, 0, 7, 6), (1, 0, 7, 6), (1, 0, 3, 6), (1, 0, 3, 6), (1, 0, 3, 6), (1, 5, 3, 0)]"
"(12, 4, 10, 8, 0)","[(1, 5, 3, 0)]"
"(12, 4, 10, 10, 0)","[(1, 5, 3, '?'), (1, 5, 3, '?'), (1, 5, 3, 1), (1, 5, 3, 2), (1, 5, 3, '?'), (1, 5, 3, 1), (1, 5, 3, '?')]"
"(12, 4, 10, 16, 0)","[(1, 5, 3, 2), (1, 5, 3, 2), (1, 5, 3, 2), (1, 5, 3, 2), (1, 0, 3, 2), (1, 0, 3, 2)]"
"(12, 4, 10, 20, 0)","[(1, 0, 3, 2), (1, 0, 3, 2), (1, 0, 3, 2)]"
"(12, 4, 11, 11, 0)","[(2, 5, 3, '?'), (2, 5, 3, '?'), (2, 5, 3, '?'), (2, 0, 3, '?')]"
"(12, 4, 11, 17, 0)","[(2, 5, 3, 0)]"
"(12, 4, 11, 20, 0)","[(2, 5, 3, 2), (2, 5, 3, 2), (2, 0, 3, 2), (2, 0, 3, 2), (2, 0, 3, 2), (2, 0, 7, 2), (2, 5, 3, 2), (2, 5, 3, 2), (2, 0, 3, 2), (2, 5, 7, 2), (2, 5, 3, 2), (2, 5, 3, 2), (2, 5, 3, 2), (2, 0, 3, 2)]"
"(12, 4, 15, 2, 0)","[(3, 5, 3, 6), (3, 0, 3, 0), (3, 0, 3, 6), (3, 5, 3, 6), (3, 5, 3, 0), (3, 5, 3, 6), (3, 5, 3, 0)]"
"(12, 4, 15, 15, 0)","[(3, 5, 3, 6), (3, 5, 3, 6)]"
"(12, 4, 16, 21, 0)","[(4, 5, 3, 1)]"
"(12, 4, 16, 25, 0)","[(4, 5, 3, 1), (4, 0, 3, 1), (4, 0, 3, 1)]"
"(12, 4, 17, 2, 0)","[(2, 0, 3, 0)]"
"(12, 4, 17, 11, 0)","[(2, 0, 3, '?'), (2, 5, 3, '?')]"
"(12, 4, 17, 17, 0)","[(2, 5, 3, 6), (2, 5, 3, 6), (2, 5, 3, 0), (2, 5, 3, 6), (2, 5, 3, 0), (2, 0, 3, 0), (2, 5, 3, 6), (2, 0, 3, 0), (2, 0, 7, 6), (2, 5, 3, 0), (2, 0, 3, 0), (2, 5, 3, 6), (2, 5, '?', 0), (2, 0, 3, 0)]"
"(12, 4, 20, 4, 0)","[(0, 5, 7, 5), ('?', 0, 3, 1)]"
"(12, 4, 20, 8, 0)","[(1, 0, 3, 1), (1, 0, 3, 1), (1, 0, 3, 1), (1, 0, 3, 1), (1, 5, 3, 1), (1, 5, 3, 1)]"
"(12, 4, 20, 10, 0)","[(1, 0, 3, 5), (1, 5, 3, 5), (1, 0, 3, 5), (1, 5, 3, 5), (1, 0, 3, 5), (1, 5, 7, 5)]"
"(12, 4, 20, 11, 0)","[(2, 0, 3, 5), (2, 5, 7, 5), (2, 0, 3, 5), (2, 0, 3, 5), (2, 0, 3, 5), (2, 0, 3, 5), (2, 0, 3, 5)]"
"(12, 4, 20, 15, 0)","[(3, 5, 3, 1), (3, 0, 3, 1), (3, 5, 3, 1), (3, 5, 3, 1), (3, 5, 3, 1), (3, 0, 3, 1), (3, 5, 3, 1), (3, 0, 3, 1)]"
"(12, 4, 20, 16, 0)","[(4, 5, 3, 1)]"
"(12, 4, 20, 17, 0)","[(2, 5, 3, 1), (2, 0, 3, 1), (2, 0, 3, 1), (2, 5, 3, 1), (2, 5, 3, 1), (2, 5, 3, 1), (2, 0, 3, 1), (2, 5, 3, 1)]"
"(12, 4, 20, 20, 0)","[('?', 5, 3, 1), ('?', 0, 3, 1), ('?', 5, 3, 1)]"
"(12, 4, 20, 21, 0)","[(4, 5, 3, 5), (4, 5, 3, 5), (4, 5, 3, 5), (4, 5, 3, 5), (4, 5, 3, 5)]"
"(12, 4, 20, 22, 0)","[(0, 5, 3, 5), ('?', 5, 3, 5), (0, 0, 7, 5), (5, 0, 3, 5), ('?', 5, 3, 5), ('?', 5, 3, 5), ('?', 0, 3, 5)]"
"(12, 4, 20, 25, 0)","[(4, 5, 3, 1), (4, 5, 3, 1), (4, 0, 3, 1)]"
"(12, 4, 20, 26, 0)","[(3, 5, 3, 2), (3, 0, 3, 5), (3, 0, 3, 5), (3, 0, 3, 5)]"
"(12, 4, 20, 27, 0)","[(0, 5, 3, 5), (0, 0, 3, 5), (0, 0, 3, 5), (0, 5, 3, 5), (0, 0, 3, 5), (0, 5, 3, 1), (0, 0, 3, 1), (0, 0, 3, 1), (0, 0, 3, 1), (0, 0, 3, 5), (0, 5, 3, 1), (0, 5, 3, 5), (0, 5, 3, 5)]"
"(12, 4, 21, 16, 0)","[(4, 0, 3, 2), (4, 5, 3, 2), (4, 0, 3, 2), (4, 0, 3, 2), (4, 0, 7, 2), (4, 5, 3, 2), (4, 0, 3, 2), (4, 0, 3, 2), (4, 0, 7, 2), (4, 5, 3, 2), (4, 5, 3, 2), (4, 0, 3, 2)]"
"(12, 4, 21, 21, 0)","[(4, 0, 3, '?'), (4, 5, 3, 1), (4, 0, 3, '?'), (4, 0, 3, '?'), (4, 0, 3, '?')]"
"(12, 4, 22, 2, 0)","[('?', 5, 3, 6), ('?', 5, 3, 6), ('?', 0, 3, 0), ('?', 5, 3, 6), ('?', 0, 3, 0), ('?', 5, 3, 6), ('?', 0, 3, 0)]"
"(12, 4, 22, 11, 0)","[(2, 5, 3, '?')]"
"(12, 4, 22, 20, 0)","[('?', 5, 3, 2), ('?', 0, 3, 2), (0, 0, 3, 2), (3, 0, 3, 2), ('?', 5, 3, 2), ('?', 0, 3, 2), ('?', 5, 3, 2), (2, 5, 7, 2), ('?', 5, 3, 2), ('?', 0, 3, 2), ('?', 0, 3, 2), ('?', 0, 3, 2), ('?', 0, 3, 2), ('?', 0, 3, 2), ('?', 5, 3, 2), ('?', 5, 3, 2), ('?', 5, 3, 2)]"
"(12, 4, 22, 21, 0)","[(4, 5, 3, 1)]"
"(12, 4, 22, 25, 0)","[(4, 5, 3, 0)]"
"(12, 4, 22, 26, 0)","[(3, 0, 3, '?'), (3, 5, 3, '?'), (3, 5, 3, 2)]"
"(12, 4, 25, 21, 0)","[(4, 5, 3, 1)]"
"(12, 4, 25, 25, 0)","[(4, 5, 3, 0), (4, 5, 3, 6), (4, 0, 3, 6), (4, 5, 3, 0), (4, 5, 3, 0), (4, 5, 3, 6), (4, 0, 3, 0), (4, 5, 3, 6), (4, 5, 3, 6), (4, 5, 3, 6)]"
"(12, 4, 26, 20, 0)","[(3, 5, 3, 2)]"
"(12, 4, 26, 22, 0)","[(3, 5, 3, 5)]"
"(12, 4, 26, 26, 0)","[(3, 5, 3, 5)]"
"(12, 4, 27, 2, 0)","[(0, 5, 3, 0), (0, 5, 3, 6), (0, 0, 3, 0), (0, 0, 3, 6), (0, 5, 3, 0), (0, 5, 3, 0), (0, 5, 3, 6), (0, 5, 3, 6), (0, 0, 3, 6), (0, 0, 3, 0), (0, 5, 3, 6), (0, 5, 3, 6), (0, 0, 3, 6), (0, 5, 3, 0), (0, 0, 3, 6), (0, 5, 3, 6), (0, 0, 3, 0)]"
"(12, 4, 27, 20, 0)","[(0, 0, 3, 2), (0, 0, 3, 2), (0, 5, 3, 2), (0, 5, 3, 2), (0, 0, 3, 2), (0, 0, 3, 2), (0, 0, 3, 2), (0, 5, 3, 2), (0, 5, 3, 2), (0, 0, 3, 2), (0, 5, 3, 2), (0, 5, 3, 2), (0, 5, 3, 2)]"
"(12, 5, 6, 26, 0)","[(3, '?', 3, '?')]"
"(12, 6, 6, 2, 0)","[(3, 2, 3, 0), ('?', 3, 3, 6), ('?', 7, 3, 0), (3, 2, 3, 0), ('?', 2, 7, 6)]"
"(12, 6, 6, 9, 0)","[('?', 7, 3, 7)]"
"(12, 6, 6, 11, 0)","[(2, 3, 3, '?'), (2, 7, 3, 3)]"
"(12, 6, 6, 15, 0)","[(3, 2, 3, 0), (3, 2, 3, 0), (3, 2, 3, 6), (3, 3, 3, 6), (3, 3, 3, 6), (3, 2, 3, 0), (3, 2, 3, 6), (3, 7, 3, 6)]"
"(12, 6, 6, 16, 0)","[(3, 7, 3, 2)]"
"(12, 6, 6, 17, 0)","[(2, 2, 3, 0), (2, 7, 3, 6), (2, 7, 3, 6), (2, 3, '?', 0), (2, 7, 3, 6), (2, 3, 3, 6), (2, 7, 3, 6), (2, 2, 3, 0), (2, 2, 3, 6), (2, 7, 3, 6), (2, 3, 3, 6)]"
"(12, 6, 6, 20, 0)","[(2, 3, 3, 2), (2, 3, 3, 2), ('?', 7, 3, 2), (2, 2, 3, 2), ('?', 7, 3, 2), ('?', 2, 3, 2), ('?', 2, 3, 2), (2, 3, 3, 2), ('?', 7, 3, 2)]"
"(12, 6, 6, 21, 0)","[(4, 7, 3, 6), (4, 3, 3, '?'), (4, 3, 3, '?')]"
"(12, 6, 6, 22, 0)","[('?', 7, 3, 6), ('?', 7, 3, '?'), ('?', 7, 3, 0), ('?', 7, 3, 6), (0, 2, 3, '?')]"
"(12, 6, 6, 25, 0)","[(4, 7, 3, 0)]"
"(12, 6, 6, 26, 0)","[(3, 7, 3, '?'), (3, 7, 3, '?'), (3, 7, 3, 0), (3, 7, 3, 6), (3, 7, 3, 6), (3, 2, 3, '?'), (3, 2, 3, '?'), (3, 7, 3, 6), (3, 2, 3, '?'), (3, 3, 3, 5)]"
"(12, 6, 8, 2, 0)","[(1, 7, 3, 0)]"
"(12, 6, 8, 8, 0)","[(1, 7, 3, 0), (1, 3, 3, 0)]"
"(12, 6, 8, 16, 0)","[(1, 3, 3, 2), (1, 7, 7, 1), (1, 3, 3, 2)]"
"(12, 6, 8, 20, 0)","[(1, 2, 3, 2)]"
"(12, 6, 9, 1, 0)","[(4, 7, 3, 7), (4, 7, 3, 7), (4, 7, 3, 7)]"
"(12, 6, 9, 7, 0)","[(3, 7, 3, 7)]"
"(12, 6, 10, 8, 0)","[(1, 7, 3, '?')]"
"(12, 6, 10, 10, 0)","[(1, 7, 3, '?')]"
"(12, 6, 10, 16, 0)","[(1, 2, 3, 2), (1, 3, 3, 2)]"
"(12, 6, 10, 20, 0)","[(1, 2, 3, 2)]"
"(12, 6, 11, 11, 0)","[(2, 2, 3, '?'), (2, '?', 3, '?'), (2, 7, 3, 0), (2, 2, 3, '?'), (2, 3, 3, '?')]"
"(12, 6, 11, 20, 0)","[(2, 2, 3, 2), (2, 2, 3, 2), (2, 2, 7, 2)]"
"(12, 6, 11, 22, 0)","[(2, 3, 3, '?')]"
"(12, 6, 15, 2, 0)","[(3, 7, 3, 0), (3, 2, 3, 6)]"
"(12, 6, 16, 8, 0)","[(1, 7, 3, 1), (1, 3, 3, 1), (1, 2, 3, 1), (1, 7, 3, 1), (1, 3, 3, 1), (1, 2, 3, 1)]"
"(12, 6, 16, 10, 0)","[(1, 7, 7, 5), (1, 3, 3, 5)]"
"(12, 6, 16, 20, 0)","[(4, 2, 3, 1), (4, 7, 3, 1), (4, 7, 3, 1), (4, 7, 3, 1), (4, 3, 3, 1), (4, 3, 3, 1), (4, 2, 3, 1), (4, 3, 3, 1), (1, 2, 3, 1)]"
"(12, 6, 16, 21, 0)","[(4, 7, 3, 5), (4, 2, 3, 5), (4, 7, 7, 5), (4, 7, 7, 5), (4, 2, 3, 5), (4, 7, 3, 5), (4, 2, 3, 5), (4, 7, 3, 5), (4, 2, 7, 5)]"
"(12, 6, 16, 25, 0)","[(4, 3, 3, 1), (4, 2, 3, 1)]"
"(12, 6, 17, 2, 0)","[(2, 3, 3, 6), (2, 3, 3, 6), (2, 3, 3, 6), (2, 3, 3, 6), (2, 2, 3, 6)]"
"(12, 6, 17, 17, 0)","[(2, 2, 3, 0), (2, 2, 3, 6), (2, 2, 3, 0), (2, 2, 3, 0)]"
"(12, 6, 20, 8, 0)","[(1, 7, 3, 1)]"
"(12, 6, 20, 10, 0)","[(1, 3, 3, 5), (1, 3, 3, 5), (1, 7, 3, 5), (1, 2, 7, 5), (1, 7, 3, 5), (1, 7, 3, 5), (1, 7, 3, 5)]"
"(12, 6, 20, 11, 0)","[(2, 7, 3, 5), (2, 3, 3, 5), (2, 7, 3, 5), (2, '?', 3, 5), (2, 2, 7, 5), (2, 2, 3, 5), (2, 3, 3, 5), (2, 2, 3, 5), (2, '?', 3, 5), (2, 7, 3, 5), (2, 3, 3, 5), (2, 7, 3, 5), (2, 2, 3, 5)]"
"(12, 6, 20, 15, 0)","[(3, 7, 3, 1), (3, 2, 3, 1), (3, 3, 3, 1), (3, 3, 3, 1), (3, 7, 3, 1), (3, 7, 3, 1), (3, 2, 3, 1), (3, 2, 3, 1), (3, 7, 3, 1), (3, 7, 3, 1), (3, 2, 3, 1)]"
"(12, 6, 20, 17, 0)","[(2, 2, 3, 1), (2, 2, 3, 1), (2, 2, 3, 1), (2, 7, 3, 1), (2, 7, 3, 1), (2, 3, 3, 1), (2, 7, 3, 1), (2, '?', 3, 1), (2, 7, 3, 1)]"
"(12, 6, 20, 20, 0)","[('?', 3, 3, 1), ('?', 3, 3, 1), (0, 3, 3, 1)]"
"(12, 6, 20, 21, 0)","[(4, 7, 3, 5), (4, 7, 3, 5), (4, 2, 3, 5)]"
"(12, 6, 20, 22, 0)","[('?', 3, 3, 5), (0, 7, 3, 5), ('?', 3, 3, 5), (0, 7, 3, 5), ('?', 7, 3, 5), ('?', 3, 3, 5), ('?', 2, 3, 5), ('?', 3, 3, 5), (0, 7, 3, 5), (0, 7, 3, 5), ('?', 7, 3, 5), ('?', 2, 3, 5), (4, 7, 3, 5), ('?', 2, 3, 5), ('?', 7, 3, 5), ('?', 2, 3, 5), ('?', 7, 3, 5)]"
"(12, 6, 20, 25, 0)","[(4, 7, 3, 1)]"
"(12, 6, 20, 26, 0)","[(3, 2, 3, 5), (3, 2, 3, 5), (3, 7, 3, 5), (3, 3, 3, 5), (3, '?', 3, 5)]"
"(12, 6, 20, 27, 0)","[(0, 3, 3, 5), (0, 3, 3, 5), (0, 3, 3, 1), (0, 2, 3, 5), (0, 7, 3, 5), (0, 2, 3, 1), (0, 2, 3, 1), (0, 2, 3, 5), (0, 3, 3, 5)]"
"(12, 6, 21, 1, 0)","[(4, 3, 3, '?')]"
"(12, 6, 21, 16, 0)","[(4, 7, 3, 2), (4, 7, 3, 2), (4, 2, 3, 2), (4, 7, 3, 2), (4, 7, 3, 2), (4, 2, 3, 2), (4, 7, 3, 2), (4, 3, 3, 2)]"
"(12, 6, 21, 21, 0)","[(4, 7, 3, '?'), (4, 3, 3, '?'), (4, 2, 3, '?')]"
"(12, 6, 22, 2, 0)","[('?', 3, 3, 6)]"
"(12, 6, 22, 8, 0)","[(1, 7, 3, 0)]"
"(12, 6, 22, 11, 0)","[(2, 2, 3, '?')]"
"(12, 6, 22, 15, 0)","[(3, 2, 3, 6), (3, '?', 3, 6)]"
"(12, 6, 22, 17, 0)","[(2, 7, 3, 0), (2, 7, 3, 0)]"
"(12, 6, 22, 20, 0)","[('?', 2, 3, 2), ('?', 7, 3, 2), (0, 7, 3, '?'), ('?', 2, 3, 2), ('?', 3, 3, 2), ('?', 3, 3, 2), (0, 2, 3, 2), (3, 2, 3, 2), ('?', 7, 3, 2), (3, 2, 3, 2)]"
"(12, 6, 22, 21, 0)","[(4, 7, 3, 6), (4, 2, 3, '?'), (4, 3, 3, '?'), (4, 7, 3, '?')]"
"(12, 6, 22, 22, 0)","[('?', 2, 3, '?'), ('?', 2, 3, '?'), ('?', 3, 3, '?'), ('?', 7, 3, 6), ('?', 2, 3, '?'), ('?', 3, 3, '?'), ('?', 7, 3, '?'), ('?', 7, 3, '?')]"
"(12, 6, 22, 26, 0)","[(3, 2, 3, '?'), (3, 2, 3, '?'), (3, 2, 3, 5), (3, 3, 3, 5)]"
"(12, 6, 22, 27, 0)","[(0, 7, 3, 6), (0, 7, 3, 0)]"
"(12, 6, 25, 25, 0)","[(4, 3, 3, 6), (4, 2, 3, 0), (4, 2, 3, 0), (4, 3, 3, 0), (4, 2, 3, 6), (4, 2, 3, 6)]"
"(12, 6, 26, 20, 0)","[(3, 7, 3, 2), (3, 7, 3, 2)]"
"(12, 6, 26, 22, 0)","[(3, 2, 7, '?')]"
"(12, 6, 26, 26, 0)","[(3, 7, 3, 0)]"
"(12, 6, 27, 2, 0)","[(0, 2, 3, 0), (0, 2, 3, 6), (0, 7, 3, 0), (0, 7, 3, 6), (0, 2, 3, 6), (0, 7, 3, 6), (0, 2, 3, 0), (0, 2, 3, 6)]"
"(12, 6, 27, 20, 0)","[(0, '?', 3, 2), (0, 2, 3, 2), (0, 7, 3, 2), (0, 7, 3, 2), (0, 2, 3, 2), (0, 2, 3, 2), (0, 3, 3, 2), (0, 7, 3, 2), (0, 3, 3, 2), (0, 7, 3, 2)]"
"(12, 6, 27, 22, 0)","[(0, 2, 3, '?'), (0, 3, 3, '?'), (0, 7, 3, '?'), (0, 7, 3, '?'), (0, 7, 3, 6), (0, 7, 3, '?'), (0, 7, 3, '?'), (0, 2, 3, '?'), (0, 2, 3, '?'), (0, 3, 3, '?'), (0, 7, 3, '?'), (0, 7, 3, 6), (0, 7, 3, '?'), (0, 2, 3, '?'), (0, 2, 3, '?'), (0, 2, 3, '?')]"
"(12, 7, 2, 2, 0)","[(7, 1, 7, 3), (7, 4, 7, 3)]"
"(12, 7, 2, 7, 0)","[(7, 4, 7, 7)]"
"(12, 7, 2, 9, 0)","[(7, 4, 7, 7), (7, 4, 7, 7), (7, 6, 7, 7)]"
"(12, 7, 2, 22, 0)","[(7, 1, 7, 3), (7, 6, 7, 4)]"
"(12, 7, 2, 26, 0)","[(7, 1, 7, 7)]"
"(12, 7, 4, 4, 0)","[(7, 0, 7, 4), (7, 0, 7, 3)]"
"(12, 7, 4, 9, 0)","[(7, 5, 7, 7), (7, 5, 7, 7), (7, 5, 7, 7), (7, 5, 7, 7)]"
"(12, 7, 4, 22, 0)","[(7, 0, 7, 4), (7, 5, 7, 4)]"
"(12, 7, 6, 2, 0)","[(7, 2, 7, 3), (7, 3, 7, 3)]"
"(12, 7, 6, 6, 0)","[(7, 7, 7, 4)]"
"(12, 7, 6, 9, 0)","[(7, 7, 7, 7), (7, 3, 7, 7), (7, 7, 7, 7), (7, 7, 7, 7)]"
"(12, 7, 6, 22, 0)","[(7, 7, 7, 4)]"
"(12, 7, 9, 9, 0)","[(7, 5, 7, 7), (7, '?', 7, 7), (7, 4, 7, 7), (7, 3, 7, 7)]"
"(12, 7, 12, 2, 0)","[(7, 1, 7, 3), (7, 2, 7, 3), (7, 1, 7, 3), (7, '?', 7, 3), (7, 4, 7, 3), (7, 6, 7, 3), (7, 0, 7, 3), (7, 3, 7, 3), (7, 3, 7, 3), (7, 6, 7, 3), (7, '?', 7, 3), (7, 2, 7, 3), (7, '?', 7, 3), (7, 6, 7, 3), (7, 6, 7, 3), (7, 3, 7, 3), (7, 6, 7, 3), (7, '?', 7, 3), (7, 6, 7, 3), (7, 1, 7, 3), (7, 2, 7, 3), (7, '?', 7, 3), (7, 3, 7, 3), (7, 1, 7, 3), (7, 4, 7, 3), (7, '?', 7, 3)]"
"(12, 7, 12, 4, 0)","[(7, 0, 7, 3), (7, 0, 7, 4), (7, 0, 7, 3), (7, 5, 7, 4), (7, 5, 7, 4), (7, 5, 7, 4), (7, 0, 7, 3)]"
"(12, 7, 12, 6, 0)","[(7, 7, 7, 4), (7, 3, 7, 4), (7, 7, 7, 4), (7, 2, 7, 3), (7, 7, 7, 7), (7, 3, 7, 3), (3, 7, 7, 3), (7, 3, 7, 4), (7, 7, 7, 4), (7, 2, 7, 3), (7, 3, 7, 4), (7, 3, 7, 3)]"
"(12, 7, 12, 7, 0)","[(7, 4, 7, 7)]"
"(12, 7, 12, 9, 0)","[(7, 3, 7, 7), (7, '?', 7, 7), (7, '?', 7, 7), (7, 1, 7, 7), (7, '?', 7, 7)]"
"(12, 7, 12, 22, 0)","[(7, '?', 7, 3), (7, 5, 7, 4), (7, 4, 7, 3), (7, 0, 7, 4), (7, 0, 7, 4), (7, 3, 7, 4), (7, 6, 7, 4), (7, 3, 7, 4), (7, 3, 7, 4), (7, 6, 7, 4), (7, 7, 7, 4), (7, 6, 7, 4)]"
"(12, 7, 22, 2, 0)","[(7, 0, 7, 3), (7, 0, 7, 3)]"
"(12, 7, 22, 4, 0)","[(7, 0, 7, 3), (7, 0, 7, 4), (7, 5, 7, 4), (7, 0, 7, 4), (7, 0, 7, 3)]"
"(12, 7, 22, 9, 0)","[(7, 3, 7, 7)]"
"(12, 7, 22, 22, 0)","[(7, 5, 7, 4), (7, 5, 7, 4), (7, 6, 7, 4), (7, 6, 7, 4), (7, 5, 7, 4), (7, 0, 7, 4)]"
"(12, 9, 2, 1, 0)","[(4, 1, 7, 7), (4, 6, 7, 7), (4, 6, 7, 7)]"
"(12, 9, 2, 2, 0)","[(0, 6, 7, 3), ('?', 6, 7, 3), ('?', 1, 7, 3), ('?', 1, 7, 3), ('?', 6, 7, 3), ('?', 6, 7, 3), ('?', 6, 7, 3)]"
"(12, 9, 2, 7, 0)","[(3, 6, 7, 7), (3, 4, 7, 7), (3, 6, 7, 7), (3, 6, 7, 7), (3, 4, 7, 7)]"
"(12, 9, 2, 8, 0)","[(1, 1, 7, 3), (1, 4, 7, 3), (1, 1, 7, 3), (1, 6, 7, 3), (1, 1, 7, 3), (1, 1, 7, 3), (1, 4, 7, 3), (1, 4, 7, 3), (1, 6, 7, 3), (1, 1, 7, 3), (1, 4, 7, 7), (1, 1, 7, 3), (1, 4, 7, 7), (1, 4, 7, 7), (1, 6, 7, 3)]"
"(12, 9, 2, 9, 0)","[(0, 4, 7, 7), ('?', 4, 7, 7), ('?', 1, 7, 7), (0, 4, 7, 7), ('?', 6, 7, 7), ('?', 1, 7, 7), (0, 4, 7, 7), (1, 6, 7, 7), (0, 6, 7, 7), (2, 1, 7, 7), (1, 1, 7, 7), (0, 4, 7, 7)]"
"(12, 9, 2, 10, 0)","[(1, 1, 7, 4), (1, 1, 7, 4), (1, 6, 7, 4)]"
"(12, 9, 2, 11, 0)","[(2, 1, 7, 3), (2, 4, 7, 4), (2, 6, 7, 4), (2, 4, 7, 3), (2, 4, 7, 4), (2, 6, 7, 4), (2, 4, 7, 4), (2, 4, 7, 4), (2, 6, 7, 4), (2, 4, 7, 3), (2, 4, 7, 4), (2, 6, 7, 4), (2, 4, 7, 3)]"
"(12, 9, 2, 15, 0)","[(3, 1, 7, 3), (3, 1, 7, 3), (3, 1, 7, 3)]"
"(12, 9, 2, 17, 0)","[(2, 1, 7, 7), (2, 6, 7, 3), (2, 6, 7, 3), (2, 4, 7, 3), (2, 6, 7, 3)]"
"(12, 9, 2, 21, 0)","[(4, 1, 7, 4), (4, 1, 7, 3), (4, 4, 7, 4), (4, 4, 7, 4)]"
"(12, 9, 2, 22, 0)","[(6, 1, 7, 4), (6, 1, 7, 4), ('?', 6, 7, 4), ('?', 6, 7, 4), ('?', 4, 7, 4), ('?', 4, 7, 4), (0, 6, 7, 4)]"
"(12, 9, 2, 25, 0)","[(4, 4, 7, 3), (4, 4, 7, 3), (4, 4, 7, 3), (4, 1, 7, 3), (4, 1, 7, 3), (4, 1, 7, 3), (4, 4, 7, 3), (4, 4, 7, 3), (4, 1, 7, 3)]"
"(12, 9, 2, 26, 0)","[(3, 1, 7, 4), (3, 1, 7, 4), (3, 6, 7, 4), (3, 4, 7, 4), (3, 1, 7, 4), (3, 4, 7, 4)]"
"(12, 9, 2, 27, 0)","[(0, 1, 7, 4), (0, 1, 7, 4), (0, 1, 7, 4), (0, 4, 7, 3), (0, 6, 7, 4), (0, 6, 7, 4)]"
"(12, 9, 4, 1, 0)","[(4, 5, 7, 7), (4, 5, 7, 7), (4, 5, 7, 7), (4, 5, 7, 7), (4, 5, 7, 7), (4, 5, 7, 7), (4, 5, 7, 7)]"
"(12, 9, 4, 2, 0)","[(4, 0, 7, 3), ('?', 0, 7, 3), (4, 0, 7, 3), (0, 0, 7, 3), (0, 5, 7, 3), (0, 5, 7, 3), ('?', 5, 7, 3), ('?', 0, 7, 3), (6, 0, 7, 3), ('?', 5, 7, 3), (6, 0, 7, 3), ('?', 5, 7, 3), (6, 0, 7, 3), ('?', 0, 7, 3), (0, 0, 7, 3), (6, 0, 7, 3), ('?', 5, 7, 3), ('?', 5, 7, 3)]"
"(12, 9, 4, 4, 0)","[(1, 0, 7, 3), ('?', 5, 7, 3), (0, 5, 7, 3)]"
"(12, 9, 4, 7, 0)","[(3, 0, 7, 7), (3, '?', 7, 7), (3, 0, 7, 7)]"
"(12, 9, 4, 8, 0)","[(1, 0, 7, 3), (1, 0, 7, 3), (1, 5, 7, 3), (1, 0, 7, 3), (1, 5, 7, 3), (1, 5, 7, 3), (1, 5, 7, 3), (1, 5, 7, 3), (1, 0, 7, 3), (1, 0, 7, 3), (1, 5, 7, 3), (1, 5, 7, 3), (1, 5, 7, 3)]"
"(12, 9, 4, 9, 0)","[(0, 0, 7, 7), ('?', 0, 7, 7), (0, 5, 7, 7), (2, 5, 7, 7), ('?', 0, 7, 7), ('?', 0, 7, 7), (1, 5, 7, 7), (0, 0, 7, 7), (0, 0, 7, 7), (0, 0, 7, 7), (1, 5, 7, 7), (1, 0, 7, 7), (3, 0, 7, 7), (1, 5, 7, 7), (0, 0, 7, 7), (2, 5, 7, 7)]"
"(12, 9, 4, 10, 0)","[(1, 5, 7, 4), (1, 5, 7, 4)]"
"(12, 9, 4, 11, 0)","[(2, 5, 7, 4), (2, 5, 7, 4), (2, 5, 7, 4), (2, 0, 7, 4), (2, 0, 7, 4)]"
"(12, 9, 4, 17, 0)","[(2, 5, 7, 3), (2, 5, 7, 3), (2, 0, 7, 3), (2, 0, 7, 3), (2, 0, 7, 3), (2, 0, 7, 3), (2, 5, 7, 3), (2, 0, 7, 3), (2, 5, 7, 7), (2, 0, 7, 3), (2, 5, 7, 3), (2, 0, 7, 3)]"
"(12, 9, 4, 21, 0)","[(4, 0, 7, 4), (4, 0, 7, 4), (4, 0, 7, 4), (4, 0, 7, 4)]"
"(12, 9, 4, 22, 0)","[(3, 5, 7, 4), ('?', 5, 7, 4), ('?', 0, 7, 4), (1, 5, 7, 4), (3, 0, 7, 4), (3, 5, 7, 4), (6, 0, 7, 4), ('?', 0, 7, 4), (2, 5, 7, 4), ('?', 0, 7, 4), ('?', 5, 7, 4), ('?', 0, 7, 4), (3, 0, 7, 4), ('?', 5, 7, 4), (5, 0, 7, 4), ('?', 5, 7, 4), ('?', 5, 7, 4), ('?', 5, 7, 4), (5, 5, 7, 4), (6, 5, 7, 4), ('?', 0, 7, 4), ('?', 5, 7, 4), ('?', 0, 7, 4), (6, 5, 7, 4)]"
"(12, 9, 4, 25, 0)","[(4, 0, 7, 3), (4, 0, 7, 3), (4, 5, 7, 3), (4, 5, 7, 3), (4, 0, 7, 3), (4, 5, 7, 3), (4, 5, 7, 3), (4, 5, 7, 3), (4, 0, 7, 3), (4, 5, 7, 3), (4, 5, 7, 3)]"
"(12, 9, 4, 26, 0)","[(3, 5, 7, 4), (3, 5, 7, 4), (3, 5, 7, 4), (3, 0, 7, 4), (3, 5, 7, 4), (3, 0, 7, 4)]"
"(12, 9, 6, 1, 0)","[(4, 7, 7, 7), (4, 7, 7, 7), (4, 7, 7, 7)]"
"(12, 9, 6, 2, 0)","[('?', 2, 7, 3), ('?', 2, 7, 3), ('?', 2, 7, 3), (2, 3, 7, 3), (1, 7, 7, 3), (0, 7, 7, 3), (2, 3, 7, 3), ('?', 2, 7, 3), (0, 7, 7, 3), (0, 3, 7, 3), (2, 3, 7, 3), ('?', 3, 7, 3), (1, 2, 7, 3), ('?', 2, 7, 3), (2, 2, 7, 3)]"
"(12, 9, 6, 6, 0)","[(2, 3, 7, 3)]"
"(12, 9, 6, 7, 0)","[(3, 3, 7, 7), (3, 7, 7, 7), (3, 2, 7, 7)]"
"(12, 9, 6, 8, 0)","[(1, 2, 7, 3), (1, 3, 7, 3), (1, 3, 7, 7), (1, 7, 7, 3), (1, 7, 7, 3), (1, 2, 7, 3), (1, 2, 7, 3), (1, 7, 7, 3)]"
"(12, 9, 6, 9, 0)","[(1, 7, 3, 7), ('?', 2, 7, 7), ('?', 3, 7, 7), (3, 2, 7, 7), (1, 7, 7, 7), ('?', 2, 7, 7), (1, 3, 7, 7), (3, 7, 7, 7), (0, 3, 7, 7), (3, 7, 7, 7)]"
"(12, 9, 6, 10, 0)","[(1, 2, 7, 4), (1, 3, 7, 4), (1, 3, 7, 4), (1, 3, 7, 4), (1, 7, 7, 4), (1, 7, 7, 4), (1, 3, 7, 4), (1, 2, 7, 4)]"
"(12, 9, 6, 11, 0)","[(2, 2, 7, 4), (2, 3, 7, 4), (2, 2, 7, 4), (2, 2, 7, 4), (2, 3, 7, 4), (2, 2, 7, 4), (2, 2, 7, 4)]"
"(12, 9, 6, 15, 0)","[(3, 2, 7, 3), (3, 3, 7, 3), (3, 2, 7, 3), (3, 2, 7, 3), (3, 3, 7, 3), (3, 3, 7, 3), (2, 2, 7, 3)]"
"(12, 9, 6, 17, 0)","[(2, 2, 7, 3), (2, 2, 7, 3), (2, 7, 3, 7)]"
"(12, 9, 6, 21, 0)","[(4, 3, 7, 4), (4, 3, 7, 4), (4, 3, 7, 4)]"
"(12, 9, 6, 22, 0)","[('?', 2, 7, 4), (0, 7, 7, 4), (0, 3, 7, 4), (0, 2, 7, 4), (2, 2, 7, 4), (2, 2, 7, 3), (2, 2, 7, 3), (0, 3, 7, 4), (5, 7, 7, 4), ('?', 7, 7, 3), (0, 7, 7, 4), (0, 3, 7, 4), ('?', 7, 7, 3), ('?', 2, 7, 4), ('?', 7, 3, 3), (0, 3, 7, 4)]"
"(12, 9, 6, 25, 0)","[(4, 2, 7, 3), (4, 2, 7, 3), (4, 3, 7, 3), (4, 2, 7, 3), (4, 3, 7, 3)]"
"(12, 9, 6, 26, 0)","[(3, 2, 7, 4), (3, 7, 7, 4), (3, 7, 7, 3), (3, 7, 7, 4), (3, 7, 7, 3), (3, 4, 7, 4), (3, 2, 7, 4), (3, 3, 7, 4), (3, 2, 7, 4), (3, 3, 7, 4), (3, 3, 7, 4)]"
"(12, 9, 6, 27, 0)","[(0, 2, 7, 4), (0, 7, 7, 4), (0, 7, 7, 7), (0, 3, 7, 4)]"
"(12, 9, 9, 2, 0)","[(0, '?', 7, 3)]"
"(12, 9, 9, 7, 0)","[(3, 4, 7, 7), (3, 6, 7, 7), (3, 2, 7, 7), (3, '?', 7, 7)]"
"(12, 9, 9, 9, 0)","[(0, 6, 7, 7), (0, 6, 7, 7), (3, 4, 7, 7), (0, 2, 7, 7), (0, 6, 7, 7), (0, 2, 7, 7), ('?', 4, 7, 7), ('?', 6, 7, 7), (0, 2, 7, 7), (0, 6, 7, 7), (0, 5, 7, 7), (6, 0, 7, 7), ('?', 1, 7, 7), (0, 0, 7, 7), (0, 2, 7, 7), (0, 4, 7, 7), (0, 4, 7, 7), (0, 0, 7, 7), (0, 5, 7, 7), ('?', 2, 7, 7), (0, 2, 7, 7), ('?', 2, 7, 7)]"
"(12, 9, 9, 17, 0)","[(2, '?', 7, 4)]"
"(12, 9, 9, 22, 0)","[(2, 3, 7, 4)]"
"(12, 9, 10, 1, 0)","[(4, 6, 7, 7), (4, 1, 7, 7)]"
"(12, 9, 10, 2, 0)","[(1, 7, 7, 3), (1, 4, 7, 3), (1, 1, 7, 3), (1, 3, 7, 3), (1, '?', 7, 3), (1, 6, 7, 3), (1, 3, 7, 3), (1, 0, 7, 3), (1, 2, 7, 3), (1, '?', 7, 3), (1, 4, 7, 3), (1, 6, 7, 3), (1, 3, 7, 3), (1, '?', 7, 3), (1, 1, 7, 3), (1, 0, 7, 3), (1, 3, 7, 3), (1, 7, 7, 3), (1, 3, 7, 3), (1, 2, 7, 3), (1, 6, 7, 3), (1, '?', 7, 3), (1, 3, 7, 3), (1, 3, 7, 3), (1, 7, 7, 3), (1, 6, 7, 3), (1, 4, 7, 3), (1, '?', 7, 3), (1, '?', 7, 3)]"
"(12, 9, 10, 4, 0)","[(1, 5, 7, 3), (1, 5, 7, 4), (5, 5, 7, 4)]"
"(12, 9, 10, 9, 0)","[(1, 3, 7, 7), (1, 1, 3, 7), (1, 4, 7, 7), (1, 3, 7, 7), (1, '?', 7, 7), (1, 4, 7, 7), (1, 6, 7, 7), (1, 7, 7, 7), (1, 1, 7, 7), (1, '?', 7, 7), (1, 1, 7, 7), (1, '?', 7, 7), (1, 7, 7, 7), (1, 0, 7, 7), (1, 4, 7, 7), (1, 6, 7, 7), (1, 6, 7, 7), (1, 1, 7, 7), (1, 1, 7, 7), (1, 4, 7, 7), (1, 6, 7, 7), (1, 3, 7, 7), (1, 0, 7, 7), (1, '?', 7, 7), (1, 4, 7, 7), (1, 6, 7, 7), (1, 4, 7, 7), (1, 7, 7, 7)]"
"(12, 9, 10, 10, 0)","[(1, '?', 7, 4), (1, 7, 7, 4), (1, 5, 7, 4), (1, 7, 7, 4), (1, '?', 7, 4), (1, 3, 7, 4)]"
"(12, 9, 10, 22, 0)","[(1, 3, 7, 4), (1, 2, 7, 4), (1, 6, 7, 4), (1, 3, 7, 4), (1, 6, 7, 4), (1, 2, 7, 4), (1, '?', 7, 4), (1, 3, 7, 4), (1, 1, 7, 4), (1, '?', 7, 4), (1, 5, 7, 4), (1, 7, 7, 4), (1, 6, 7, 4), (1, 1, 7, 4), (1, '?', 7, 4), (1, '?', 7, 4), (1, 7, 7, 4), (1, 6, 7, 4), (1, 3, 7, 4), (1, 6, 7, 4)]"
"(12, 9, 11, 4, 0)","[(2, 5, 7, 3)]"
"(12, 9, 11, 9, 0)","[(2, '?', 7, 7), (2, 1, 7, 7), (2, 4, 7, 7), (2, 6, 7, 7), (2, 1, 7, 7), (2, 1, 7, 7), (2, 4, 7, 7), (2, 6, 7, 7), (2, 4, 7, 7)]"
"(12, 9, 11, 11, 0)","[(2, '?', 7, 4), (2, 3, 7, 4), (2, 5, 7, 4)]"
"(12, 9, 11, 22, 0)","[(2, 2, 7, 4), (2, 3, 7, 4), (2, 5, 7, 4)]"
"(12, 9, 12, 1, 0)","[(4, 7, 7, 7)]"
"(12, 9, 12, 2, 0)","[(1, 6, 7, 3), (1, 3, 7, 3), (6, '?', 7, 3), (0, 3, 7, 3), (3, '?', 7, 3), (5, 0, 7, 3), (0, '?', 7, 3), (3, '?', 7, 3), (3, 1, 7, 3), ('?', '?', 7, 3), (6, 2, 7, 3), (4, '?', 7, 3), (1, 6, 7, 3), (2, 3, 7, 3), (0, '?', 7, 3), (3, '?', 7, 3), (3, 2, 7, 3), ('?', 1, 7, 3), (0, 6, 7, 3), (0, 6, 7, 3), (0, 4, 7, 3), (1, '?', 7, 3), (3, 1, 7, 3), (2, 3, 7, 3), (3, 1, 7, 3), (3, 1, 7, 3), ('?', '?', 7, 3), (3, '?', 7, 3), ('?', 7, 7, 3), ('?', 3, 7, 3), ('?', 7, 7, 3), (2, 2, 7, 3), (3, '?', 7, 3), (2, 3, 7, 3), (0, 3, 7, 3), (3, 1, 7, 3), (0, 7, 7, 3), (2, 1, 7, 3)]"
"(12, 9, 12, 4, 0)","[(2, 5, 7, 3), ('?', 0, 7, 3), (0, 5, 7, 3), (0, 0, 7, 4), (6, 0, 7, 3), (2, 5, 7, 3)]"
"(12, 9, 12, 6, 0)","[('?', 3, 7, 3), ('?', 3, 7, 3), (3, 7, 7, 3)]"
"(12, 9, 12, 7, 0)","[(3, '?', 7, 7), (3, '?', 7, 7), (3, 3, 7, 7)]"
"(12, 9, 12, 9, 0)","[('?', 1, 7, 7), ('?', '?', 7, 7), (3, 3, 7, 7), (0, '?', 7, 7), ('?', 1, 7, 7), ('?', 1, 7, 7)]"
"(12, 9, 12, 15, 0)","[(3, 7, 7, 3), (3, 7, 7, 3), (3, 3, 7, 3), (3, 2, 7, 3), (3, '?', 7, 3), (3, 3, 7, 3), (3, 2, 7, 3), (3, '?', 7, 3), (3, 3, 7, 3), (3, 7, 7, 3), (3, 3, 7, 3), (3, 7, 7, 3)]"
"(12, 9, 12, 21, 0)","[(4, '?', 7, 4)]"
"(12, 9, 12, 22, 0)","[(6, 0, 7, 4), ('?', 4, 7, 4), (2, '?', 7, 3), ('?', '?', 7, 4), (2, 2, 7, 3), (3, 1, 7, 4), ('?', '?', 7, 4), (0, 7, 7, 4), (6, 4, 7, 4), ('?', 6, 7, 4), ('?', 7, 7, 3), ('?', '?', 7, 4), (2, '?', 7, 3), (6, 7, 7, 4), (2, '?', 7, 3), (5, 4, 7, 4), ('?', 4, 7, 4), (3, 0, 7, 4), (6, 1, 7, 4), (6, 7, 7, 4), (0, '?', 7, 4), ('?', 6, 7, 4), (6, '?', 7, 4), ('?', 2, 7, 4), ('?', '?', 7, 4), (6, '?', 7, 4), (6, 1, 7, 4)]"
"(12, 9, 12, 25, 0)","[(4, '?', 7, 3), (4, 6, 7, 3), (4, 3, 7, 3), (4, '?', 7, 3), (4, '?', 7, 3)]"
"(12, 9, 12, 26, 0)","[(3, 6, 7, 4), (3, 1, 7, 4), (3, '?', 7, 4), (3, 4, 7, 4), (3, 1, 7, 4), (3, 3, 7, 4), (3, 7, 3, 4), (3, 2, 7, 4), (3, '?', 7, 4), (3, 2, 7, 4)]"
"(12, 9, 12, 27, 0)","[(0, 7, 7, 3), (0, 6, 7, 4)]"
"(12, 9, 15, 4, 0)","[(3, 5, 7, 3), (3, 5, 7, 3)]"
"(12, 9, 15, 15, 0)","[(3, 5, 7, 3)]"
"(12, 9, 17, 2, 0)","[(2, '?', 7, 3), (2, 2, 7, 3), (2, 2, 7, 3), (2, 6, 7, 3)]"
"(12, 9, 17, 4, 0)","[(2, 5, 7, 3)]"
"(12, 9, 17, 9, 0)","[(2, 6, 7, 7), (2, 6, 7, 7), (2, 6, 7, 7), (2, 4, 7, 7), (2, '?', 7, 7), (2, 6, 7, 7), (2, 1, 7, 7), (2, 5, 7, 7), (2, 1, 7, 7), (2, '?', 7, 7), (2, 4, 7, 7), (2, '?', 7, 7)]"
"(12, 9, 17, 22, 0)","[(2, '?', 7, 4)]"
"(12, 9, 21, 21, 0)","[(4, 3, 7, 4), (4, 4, 7, 4), (4, 0, 7, 4), (4, 1, 7, 4), (4, '?', 7, 4), (4, 1, 7, 4), (4, 1, 7, 4)]"
"(12, 9, 22, 1, 0)","[(4, '?', 7, 7), (4, 1, 7, 7), (4, 2, 7, 7), (4, 6, 7, 7), (4, 1, 7, 7), (4, 5, 7, 7), (4, 6, 7, 7), (4, 2, 7, 7), (4, '?', 7, 7), (4, 1, 7, 7), (4, '?', 7, 7), (4, 1, 7, 7)]"
"(12, 9, 22, 2, 0)","[(4, 6, 7, 3), (2, 3, 7, 3), (0, 4, 7, 3), ('?', 0, 7, 3), (1, '?', 7, 3), (2, 6, 7, 3), (0, 4, 7, 3), (0, 4, 7, 3), (0, 4, 7, 3), (0, 3, 7, 3), ('?', 2, 7, 3), (0, '?', 7, 3), (0, 6, 7, 3), ('?', '?', 7, 3), (6, 2, 7, 3), (0, 3, 7, 3), (0, 3, 7, 3), (6, 2, 7, 3), ('?', '?', 7, 3), (0, 6, 7, 3), (0, 3, 7, 3), (2, '?', 7, 3), (0, 3, 7, 3), ('?', 3, 7, 3), (0, 4, 7, 3), ('?', '?', 7, 3), (0, 0, 7, 3), (6, 2, 7, 3), ('?', 2, 7, 3), ('?', 3, 7, 3), ('?', 2, 7, 3), ('?', '?', 7, 3), ('?', 6, 7, 3), ('?', 1, 7, 3), (0, 5, 7, 3), (0, '?', 7, 3), ('?', 1, 7, 3), ('?', 1, 7, 3), (0, 4, 7, 3), (0, 4, 7, 3), (0, 5, 7, 3), ('?', 1, 7, 3), (0, 7, 7, 3), ('?', '?', 7, 3), (0, 0, 7, 3), (6, '?', 7, 3), ('?', 6, 7, 3), ('?', '?', 7, 3), (2, '?', 7, 3), (0, 4, 7, 3)]"
"(12, 9, 22, 4, 0)","[('?', 5, 7, 4), (2, 5, 7, 3), (6, 5, 7, 4), (6, 0, 7, 3), (0, 0, 7, 4), (1, 5, 7, 4), ('?', 5, 7, 3), ('?', 0, 7, 3), (6, 0, 7, 3), ('?', 0, 7, 3), ('?', 0, 7, 3)]"
"(12, 9, 22, 6, 0)","[('?', 7, 7, 3), ('?', 7, 7, 3)]"
"(12, 9, 22, 7, 0)","[(3, '?', 7, 7), (3, 4, 7, 7), (3, 5, 3, 7)]"
"(12, 9, 22, 8, 0)","[(1, 3, 7, 3)]"
"(12, 9, 22, 9, 0)","[(0, 7, 3, 7), (0, 6, 7, 7), (0, 7, 3, 7), (0, 3, 7, 7), (0, 6, 7, 7), ('?', 4, 7, 7), ('?', 2, 7, 7), (0, 6, 7, 7), (0, 4, 7, 7), ('?', 7, 7, 7), ('?', 6, 7, 7), ('?', 2, 7, 7)]"
"(12, 9, 22, 10, 0)","[(1, 5, 7, 4), (1, 2, 7, 4), (1, 3, 7, 4), (1, 1, 7, 4), (5, 7, 7, 4), (1, 1, 7, 4), (1, 2, 7, 4)]"
"(12, 9, 22, 11, 0)","[(2, '?', 7, 4), (2, 4, 7, 3), (2, 6, 7, 4), (2, 1, 7, 3), (2, 4, 7, 3), (2, 4, 7, 4), (2, 4, 7, 4), (2, 1, 7, 3), (2, 4, 7, 3), (2, 5, 7, 4), (2, '?', 7, 4), (2, '?', 7, 4), (2, 6, 7, 4), (2, 5, 7, 4), (2, 6, 7, 4), (2, '?', 7, 4)]"
"(12, 9, 22, 15, 0)","[(3, 5, 7, 3), (3, 5, 7, 3)]"
"(12, 9, 22, 17, 0)","[(2, '?', 7, 7), (2, 6, 7, 3), (2, '?', 7, 3), (2, 1, 7, 3), (2, '?', 7, 3), (2, 6, 7, 3), (2, 1, 7, 3)]"
"(12, 9, 22, 21, 0)","[(4, '?', 7, 4), (4, 3, 7, 4), (4, 4, 7, 4), (4, '?', 7, 4), (4, 1, 7, 4), (4, 1, 7, 4), (4, 0, 7, 4), (4, '?', 7, 4), (4, 4, 7, 4), (4, '?', 7, 4), (4, 1, 7, 4), (4, 4, 7, 4), (4, 0, 7, 4), (4, 4, 7, 4), (4, 1, 7, 4), (4, '?', 7, 4), (4, 0, 7, 4), (4, 3, 7, 4), (4, '?', 7, 4), (4, '?', 7, 4), (4, 1, 7, 4)]"
"(12, 9, 22, 22, 0)","[('?', 6, 7, 4), (2, 2, 7, 4), (0, 3, 7, 4), ('?', 0, 7, 4), (0, 0, 7, 4), ('?', 0, 7, 4), ('?', 6, 7, 4), (0, 3, 7, 4), ('?', 6, 7, 4), (5, 7, 7, 4), (0, 1, 7, 4), (0, 6, 7, 4), ('?', 2, 7, 4), (0, 2, 7, 4), (5, 7, 7, 4), ('?', 5, 7, 4), (0, 1, 7, 4), ('?', 4, 7, 4), ('?', '?', 7, 4), (6, 5, 7, 4), (0, 6, 7, 4), (6, 3, 7, 4), (5, 2, 7, 4), (0, 7, 7, 4), ('?', 6, 7, 4), (6, 1, 7, 4), (6, 2, 7, 4), (0, 4, 7, 4), ('?', 4, 7, 4), ('?', '?', 7, 4), (0, 6, 7, 4), (0, 1, 7, 4), ('?', 4, 7, 4), (0, '?', 7, 4), ('?', 6, 7, 4), (0, 2, 7, 4), (6, 2, 7, 4), (0, 4, 7, 4), (0, 0, 7, 4), (6, 2, 7, 4), (6, 4, 7, 4), (6, 2, 7, 4), (0, 7, 7, 4), (6, 0, 7, 4), (6, 4, 7, 4), (5, 4, 7, 4), (0, '?', 7, 4), (5, 2, 7, 4)]"
"(12, 9, 22, 25, 0)","[(4, 2, 7, 3), (4, '?', 7, 3), (4, 1, 7, 3), (4, 3, 7, 3), (4, 1, 7, 3), (4, 0, 7, 3), (4, 6, 7, 3), (4, 6, 7, 3), (4, '?', 7, 3), (4, 3, 7, 3), (4, 3, 7, 3), (4, 2, 7, 3), (4, 1, 7, 3), (4, 6, 7, 3), (4, 2, 7, 3), (4, 6, 7, 3), (4, '?', 7, 3), (4, 1, 7, 3), (4, '?', 7, 3), (4, 1, 7, 3), (4, 2, 7, 3), (4, 4, 7, 3), (4, 3, 7, 3), (4, 2, 7, 3), (4, 6, 7, 3)]"
"(12, 9, 22, 26, 0)","[(3, 4, 7, 4), (3, 2, 7, 4), (3, 2, 7, 4), (3, 7, 7, 4)]"
"(12, 9, 22, 27, 0)","[(0, 3, 7, 4), (0, 2, 7, 4), (0, '?', 7, 4), (0, '?', 7, 4), (0, 0, 7, 4), (0, 7, 7, 4), (0, 2, 7, 4), (0, '?', 7, 4), (0, 7, 7, 4), (0, 3, 7, 4)]"
"(12, 9, 23, 22, 0)","[(6, 5, 7, 4), (5, 0, 7, 4)]"
"(12, 9, 26, 9, 0)","[(3, 7, 3, 7), (3, 7, 3, 7), (3, 2, 7, 7)]"
"(12, 9, 26, 12, 0)","[(3, 3, 7, 4), (3, 7, 7, 4), (3, 7, 7, 4), (3, 7, 7, 4)]"
"(12, 9, 26, 15, 0)","[(3, '?', 7, 3)]"
"(12, 9, 26, 22, 0)","[(3, 2, 7, 4), (3, 4, 7, 4), (3, '?', 7, 4), (3, 4, 7, 4), (3, '?', 7, 4), (3, 3, 7, 4), (7, 0, 7, 4), (3, 6, 7, 4), (3, 4, 7, 4), (3, '?', 7, 4), (3, 7, 7, 4), (3, 1, 7, 4), (3, 6, 7, 4)]"
"(12, 9, 26, 26, 0)","[(3, 6, 7, 4), (3, 3, 7, 4), (3, 6, 7, 4), (3, 7, 7, 4), (3, 7, 7, 4), (3, '?', 7, 4), (3, 7, 7, 4), (3, 6, 7, 4), (3, 4, 7, 4)]"
"(12, 9, 27, 2, 0)","[(0, 5, 7, 3), (0, '?', 7, 3)]"
"(12, 9, 27, 4, 0)","[(0, 0, 7, 3), (0, 0, 7, 4)]"
"(12, 9, 27, 9, 0)","[(0, 3, 7, 7), (0, '?', 7, 7), (0, '?', 7, 7), (0, 4, 7, 7), (0, '?', 7, 7), (0, '?', 7, 7), (0, '?', 7, 7)]"
"(12, 9, 27, 22, 0)","[(0, 7, 3, 7), (0, '?', 7, 4), (0, '?', 7, 4)]"
"(12, 10, 6, 2, 0)","[(1, 2, 7, 6)]"
"(12, 10, 6, 8, 0)","[(1, 2, 3, 6)]"
"(12, 10, 6, 9, 0)","[(1, 7, 7, 7)]"
"(12, 10, 6, 10, 0)","[(1, 2, 3, 2)]"
"(12, 10, 8, 2, 0)","[(1, 3, 3, 0)]"
"(12, 10, 10, 10, 0)","[(1, 0, 3, '?')]"
"(12, 10, 10, 20, 0)","[(1, 2, 3, 2)]"
"(12, 10, 22, 10, 0)","[(1, 2, 3, 2)]"
"(12, 10, 22, 20, 0)","[(1, 3, 3, 2)]"
"(12, 11, 2, 20, 0)","[(2, 1, 7, 2), (2, 6, 7, 2), (2, 6, 7, 2), (2, 6, 7, 2), (2, 1, 7, 2), (2, 6, 7, 2), (2, 1, 7, 2), (2, 4, 7, 2)]"
"(12, 11, 4, 17, 0)","[(2, 5, 3, 0)]"
"(12, 11, 4, 20, 0)","[(2, 0, 3, 2), (2, 0, 3, 2)]"
"(12, 11, 6, 11, 0)","[(2, 7, 3, 0), (2, 2, 3, 0), (2, 3, 3, '?'), (2, 3, 3, '?'), (2, 7, 3, 6)]"
"(12, 11, 6, 20, 0)","[(2, 2, 3, 2)]"
"(12, 11, 6, 22, 0)","[(2, 2, 3, 0)]"
"(12, 11, 9, 9, 0)","[(2, 7, 3, 7), (2, 7, 3, 7), (2, 7, 3, 7), (2, 2, 3, 7)]"
"(12, 11, 20, 11, 0)","[(2, 6, 7, 5)]"
"(12, 11, 20, 17, 0)","[(2, 6, 3, 1)]"
"(12, 11, 22, 11, 0)","[(2, '?', 3, '?'), (2, '?', 3, '?')]"
"(12, 11, 22, 17, 0)","[(2, 7, 3, 0)]"
"(12, 11, 22, 20, 0)","[(2, '?', 7, 2), (2, 1, 7, 2), (2, 6, 7, 2), (2, 4, 7, 2), (2, 4, 7, 2), (2, 4, 7, 2), (2, 4, 7, 2), (2, 7, 7, 2)]"
"(12, 11, 22, 22, 0)","[(2, 3, 3, '?')]"
"(12, 12, 2, 2, 0)","[('?', 4, 7, 0), (0, 1, 7, 0), (0, 1, 7, 6), ('?', 4, 7, 0), (0, 4, 7, 0), ('?', 1, 7, 6), ('?', 1, 7, 6), ('?', 4, 7, 0), ('?', 1, 7, 0), ('?', 1, 7, 0), ('?', 1, 7, 0), ('?', 4, 7, 0), ('?', 1, 7, 6), ('?', 1, 7, 0), ('?', 4, 7, 0), ('?', 4, 7, 0), (6, 1, 7, 0), ('?', 1, 7, 6), ('?', 4, 7, 0), ('?', 1, 7, 0), ('?', 1, 7, 0), ('?', 1, 7, 6), (0, 4, 7, 6)]"
"(12, 12, 2, 7, 0)","[(3, 6, 7, 6)]"
"(12, 12, 2, 8, 0)","[(1, 1, 7, 6), (1, 4, 7, 0), (1, 1, 7, 0), (1, 4, 7, 6), (1, 1, 7, 6), (1, 1, 7, 0), (1, 4, 7, 6), (1, 1, 7, 6), (1, 4, 7, 0), (1, 4, 7, 6)]"
"(12, 12, 2, 9, 0)","[(1, 1, 7, 7), (1, 6, 7, 7)]"
"(12, 12, 2, 10, 0)","[(1, 1, 7, '?'), (1, 1, 7, 6), (1, 1, 7, '?'), (1, 1, 7, '?'), (1, 1, 7, '?'), (1, 6, 7, '?')]"
"(12, 12, 2, 11, 0)","[(2, 4, 7, 3), (2, 1, 7, 6), (2, 1, 7, '?'), (2, 4, 7, '?'), (2, 1, 7, '?'), (2, 1, 7, '?'), (2, 1, 7, '?'), (2, 4, 7, '?'), (2, 1, 7, '?'), (2, 1, 7, '?'), (2, 4, 7, '?')]"
"(12, 12, 2, 15, 0)","[(3, 1, 7, 0), (3, 4, 7, 6), (3, 1, 7, 0), (3, 6, 7, 0), (3, 6, 7, 0), (3, 4, 7, 0), (3, 6, 7, 0), (3, 1, 7, 0), (3, 6, 7, 6), (3, 6, 7, 0), (3, 6, 7, 0), (3, 4, 7, 6), (3, 4, 7, 6)]"
"(12, 12, 2, 16, 0)","[(4, 1, 7, 2), (4, 4, 7, 2), (1, 4, 7, 1), (1, 4, 7, 2), (1, 1, 7, 2), (4, 1, 3, 2), (1, 1, 7, 2), (4, 1, 7, 2), (4, 1, 7, 2), (1, 4, 7, 2), (1, 6, 7, 1), (1, 4, 7, 2), (1, '?', 7, 2), (1, 4, 7, 2), (1, 1, 7, 2), (1, '?', 7, 2), (1, 6, 7, 1)]"
"(12, 12, 2, 17, 0)","[(2, 4, 7, 0), (2, 4, 7, 6), (2, 4, 7, 0), (2, 1, 7, '?'), (2, 4, 7, 0), (2, 4, 7, 6), (2, 6, 7, 0), (2, 4, 7, 6), (2, 6, 7, 6), (2, 1, 7, 6), (2, 6, 7, 0), (2, 4, 7, 6), (2, 6, 7, '?'), (2, 6, 7, 0), (2, 6, 7, 6), (2, 6, 7, 6), (2, 1, 7, 0), (2, 4, 7, 6), (2, 1, 7, 7), (2, 6, 7, 6), (2, 4, 7, '?'), (2, 4, 7, 6), (2, 1, 7, 0), (2, 6, 7, 0), (2, 4, 7, 6), (2, 4, 7, 7), (2, 6, 7, 6), (2, 4, 7, 0)]"
"(12, 12, 2, 20, 0)","[('?', 4, 7, 2), ('?', 4, 7, 2), (0, 1, 7, 2), (3, 6, 7, 2), ('?', 1, 7, 2), (3, 6, 7, 2), (3, 6, 7, 2), (2, 1, 7, 2), ('?', 4, 7, 2), (0, 4, 7, 2), ('?', 4, 7, 2), ('?', 1, 7, 2), (2, 4, 7, 2), ('?', 1, 7, 2), (0, 6, 7, 2), (3, 1, 7, 2), ('?', 6, 7, 2), ('?', 1, 7, 2), (2, 4, 7, 2), (3, 1, 7, 2), ('?', 4, 7, 2), (0, 1, 7, 2), (3, 6, 7, 2), (3, 1, 7, 2), (3, 1, 7, 2), ('?', 6, 7, 2)]"
"(12, 12, 2, 21, 0)","[(4, 1, 7, 6), (4, 6, 7, '?'), (4, 6, 7, '?'), (4, 1, 7, '?'), (5, 1, 7, '?'), (4, 6, 7, '?'), (4, 6, 7, '?')]"
"(12, 12, 2, 22, 0)","[('?', 6, 7, '?'), ('?', 6, 7, '?'), ('?', 1, 7, 6), (0, 1, 7, '?'), ('?', 6, 7, '?'), ('?', 1, 7, 6), (6, 1, 7, 0), ('?', 1, 7, '?'), ('?', 6, 7, '?'), (0, 4, 7, '?'), (0, 1, 7, 0), ('?', 1, 7, 0), (0, 1, 7, '?'), ('?', 6, 7, '?'), (0, 4, 7, '?'), (6, 1, 7, '?'), (6, 1, 7, '?'), (0, 1, 7, '?'), ('?', 6, 7, '?'), (0, 6, 7, '?'), ('?', 1, 7, 6), ('?', 1, 7, '?'), (0, 4, 7, '?'), ('?', 1, 7, '?'), ('?', 1, 7, '?'), ('?', 6, 7, '?')]"
"(12, 12, 2, 25, 0)","[(4, 6, 7, 0), (4, 6, 7, 6), (4, 1, 7, 6), (4, 1, 7, 0)]"
"(12, 12, 2, 26, 0)","[(3, 4, 7, '?'), (3, 6, 7, '?'), (3, 1, 7, '?'), (3, 4, 7, 5), (3, 1, 7, '?'), (3, 6, 7, '?'), (3, 6, 7, '?'), (3, 4, 7, 5), (3, 4, 7, 0), (3, 1, 7, '?'), (3, 6, 7, '?'), (3, 6, 7, '?'), (3, 1, 7, '?'), (3, 1, 7, '?'), (3, 1, 7, '?'), (3, 4, 7, '?'), (3, 4, 7, '?')]"
"(12, 12, 2, 27, 0)","[(0, 6, 7, 6), (0, 1, 7, 6), (0, 1, 7, '?'), (0, 4, 7, '?'), (0, 1, 7, 6)]"
"(12, 12, 4, 2, 0)","[('?', 5, 7, 6), ('?', 5, 7, 0), ('?', 5, 7, 6), (7, 5, 7, 0), ('?', 5, 7, 6), ('?', 5, 7, 6), ('?', 0, 7, 0), ('?', 5, 7, '?'), ('?', 0, 7, '?'), (0, 5, 7, 0), ('?', 0, 7, 0), ('?', 5, 7, 0), ('?', 5, 7, 0), ('?', 0, 7, 0), ('?', 0, 7, 0), ('?', 5, 7, 6), ('?', '?', 7, 6), ('?', 5, 7, 0), ('?', 5, 7, 0), (0, 0, 7, 6), (3, 5, 7, 0), ('?', 0, 7, 0), (0, 0, 7, 0), (0, 5, 7, 0), ('?', 5, 7, 6), (0, 5, 7, 0), ('?', 5, 7, 6), (3, 5, 7, 0), ('?', 0, 7, 0), (0, 5, 7, 0), (0, 5, 7, 0), (0, 5, 7, 0), (0, 0, 7, 3), (0, 0, 7, 0), (3, 5, 7, 6), ('?', 0, 7, 0), ('?', 5, 7, 6), (6, 0, 7, 6), ('?', 5, 7, 0), ('?', 0, 7, 0), (0, 5, 7, 0), (0, 5, 7, 0), (6, 0, 7, 6), (0, 5, 7, 0), (0, 0, 7, 6), ('?', 5, 7, 0)]"
"(12, 12, 4, 4, 0)","[(2, 5, 7, '?')]"
"(12, 12, 4, 7, 0)","[(3, 0, 7, 7)]"
"(12, 12, 4, 8, 0)","[(1, 0, 7, 6), (1, 5, 7, 6), (1, 5, 7, 0), (1, 5, 7, 6), (1, 0, 7, 6), (1, 5, 7, 0), (1, 0, 7, 6), (1, 5, 7, 6), (1, 5, 7, 6), (1, 5, 7, 6), (1, 5, 7, 6), (1, 5, 7, 0), (1, 5, 7, 6), (1, 5, 7, 0), (1, 5, 7, 0), (1, 5, 7, 6)]"
"(12, 12, 4, 9, 0)","[(1, 5, 7, 7), (2, 5, 7, 7), (2, 5, 7, 7), (1, 5, 7, 7), ('?', 0, 7, 7), (0, 0, 7, 6), (0, 0, 7, 6), (3, 0, 7, 7)]"
"(12, 12, 4, 10, 0)","[(1, 5, 7, 5), (1, 5, 7, 1), (1, 5, 7, 1), (1, 5, 7, 1), (1, 0, 7, '?'), (1, 0, 7, '?'), (1, 5, 7, 2), (1, 0, 7, '?'), (1, 5, 7, 5), (1, 0, 7, '?'), (1, 0, 7, 5), (1, 5, 7, 1), (1, 0, 7, '?'), (1, 5, 7, 5), (1, 5, 7, 5), (1, 5, 7, 1), (1, 5, 7, 1), (1, 0, 7, '?'), (1, 5, 7, 1), (1, 0, 7, '?'), (1, 0, 7, 1), (1, 0, 7, '?'), (1, 5, 7, 1), (1, 0, 7, 1)]"
"(12, 12, 4, 11, 0)","[(2, 0, 7, '?'), (2, 5, 7, '?'), (2, 0, 7, '?'), (2, 0, 7, '?')]"
"(12, 12, 4, 15, 0)","[(3, 5, 7, 0), (3, 5, 7, 0), (3, 0, 7, 0), (3, 0, 7, 0), (3, 5, 7, 0), (3, '?', 7, 0), (3, 5, 7, 0), (3, 5, 7, 6), (3, 5, 7, 0), (3, 5, 7, 6), (3, 5, 7, 6), (3, 5, 7, 1), (3, 5, 7, 1), (3, 0, 7, 0), (3, 5, 7, 6), (3, 5, 7, 1), (3, 0, 7, 0), (3, 5, 7, 6), (3, 5, 7, 1), (3, 0, 7, 0), (3, 0, 7, '?'), (3, 0, 7, 0)]"
"(12, 12, 4, 16, 0)","[(4, 5, 7, 2), (1, 5, 7, 2), (4, 0, 7, 2), (4, 5, 7, 2), (1, 5, 7, 2), (1, 0, 7, 1), (1, 0, 7, 1), (4, 0, 7, 2), (4, 5, 7, 2), (1, 0, 7, 1), (1, 0, 7, 1), (1, 5, 7, 2), (1, 0, 7, 1), (1, 5, 7, 2), (1, 0, 7, 1), (1, 0, 7, 1), (1, 5, 7, 2)]"
"(12, 12, 4, 17, 0)","[(2, 0, 7, 0), (2, 5, 7, 0), (2, 5, 7, 6), (2, 0, 7, 6), (2, 5, 7, 6), (2, 0, 7, '?'), (2, 5, 7, 6), (2, 0, 7, 0), (2, 0, 7, 6), (2, 5, 7, 0), (2, 0, 7, 6), (2, 5, 7, 6), (2, 5, 7, 0), (2, 0, 7, 0), (2, 5, 7, 6), (2, 5, 7, 6), (2, 5, 7, 0), (2, 5, 7, 6), (2, '?', 7, 6), (2, 5, 7, 0)]"
"(12, 12, 4, 20, 0)","[('?', 5, 7, 2), ('?', 0, 7, 5), (0, 0, 7, 5), (0, 0, 7, 5), (3, 5, 7, 1), (2, 5, 7, 2), (2, 0, 7, 2), (3, 5, 7, 2), (2, 0, 7, 2), ('?', 5, 7, 5), (1, 0, 7, 5), (2, 0, 7, 2), (0, 5, 7, 2), (0, 5, 7, 2), (0, 0, 7, 2), ('?', 0, 7, 1), (3, 5, 7, 2), (2, 0, 7, 2), (2, 5, 7, 2), ('?', 5, 7, 2), (3, 5, 7, 2), (2, 0, 7, 2), (0, 5, 7, 2), ('?', 5, 7, 2), (3, 5, 7, 2), (0, 0, 7, 1), (2, 5, 7, 2), (3, 5, 7, 2), ('?', 5, 7, 2), (0, 5, 7, 1), (2, 5, 7, 2), (2, 5, 7, 2), (0, 5, 7, 2), (0, 0, 7, 1), (0, 0, 7, 1), (3, 5, 7, 2), ('?', 5, 7, 2), (6, 5, 7, 2), (2, 0, 7, 2), ('?', 5, 7, 2), (0, 5, 7, 2), (2, 5, 7, 2)]"
"(12, 12, 4, 21, 0)","[(4, 5, 7, 1), (4, 5, 7, 5), (4, 5, 7, 1), (4, 5, 7, 2), (4, 5, 7, 2), (4, 0, 7, 2), (4, 5, 7, '?'), (4, 5, 7, '?'), (4, 0, 7, '?'), (4, 5, 7, '?'), (4, 5, 7, '?'), (4, 5, 7, 1), (4, 0, 7, '?'), (4, 5, 7, 1), (4, 5, 7, 1), (4, 5, 7, 1), (4, 0, 7, '?'), (4, 0, 7, '?'), (4, 0, 7, '?'), (4, 0, 7, '?'), (4, 5, 7, 5), (4, 5, 7, 5), (4, 5, 7, '?'), (4, 5, 7, '?'), (4, 5, 7, '?'), (4, 5, 7, 1)]"
"(12, 12, 4, 22, 0)","[(6, 5, 7, 2), (2, 5, 7, '?'), (2, 5, 7, '?'), (0, 5, 7, 5), ('?', 0, 7, '?'), ('?', 0, 7, '?'), ('?', 5, 7, '?'), (0, 0, 7, '?'), ('?', 5, 7, 1), ('?', 5, 7, 1), ('?', 5, 7, 5), (0, 5, 7, 2), ('?', 5, 7, 1), ('?', 0, 7, '?'), (0, 0, 7, '?'), ('?', 5, 7, 5), (2, 5, 7, 5), (0, 0, 7, 5), (2, 5, 7, '?'), ('?', 5, 7, 5), (0, 0, 7, '?'), ('?', 5, 7, 1), (0, 5, 7, 5), (0, 5, 7, 1), ('?', 5, 7, '?'), (0, 5, 7, 1), ('?', 5, 7, 5), ('?', 0, 7, '?'), ('?', 5, 7, '?'), (2, 5, 7, '?'), (0, 5, 7, 5), (2, 5, 7, 5), (0, 0, 7, '?'), (0, 5, 7, 5), ('?', 0, 7, '?'), ('?', 0, 7, 5), ('?', 5, 7, '?'), ('?', 5, 7, 1), (2, 0, 7, '?'), ('?', 5, 7, 1), (3, 5, 7, '?'), ('?', 5, 7, 1), ('?', 5, 7, '?'), (0, 5, 7, 5), ('?', 5, 7, 5), (2, 5, 7, '?'), ('?', 5, 7, '?'), (0, 0, 7, '?'), (6, 5, 7, 4), (3, 5, 7, 2), (0, 5, 7, 1), (0, 0, 7, 5), ('?', 0, 7, '?'), (0, 5, 7, 5), (2, 0, 7, '?'), (6, 5, 7, 2), (0, 5, 7, 1), (6, 5, 7, '?'), ('?', 5, 7, 1)]"
"(12, 12, 4, 25, 0)","[(4, 0, 7, 6), (4, 0, 7, 6), (4, 5, 7, 6), (4, 5, 7, 6), (4, 0, 7, 6), (4, 5, 7, 0), (4, 5, 7, 6), (4, 0, 7, 6), (4, 5, 7, 0), (4, 5, 7, 0), (4, 5, 7, 0), (4, 0, 7, 6), (4, 5, 7, 6), (4, 0, 7, 6), (4, 0, 7, 6), (4, 5, 7, 0), (4, 5, 7, 6), (4, 5, 7, 6), (1, 5, 7, 0), (4, 0, 7, 6), (4, 0, 7, 6), (4, '?', 7, 6), (4, 5, 7, 6), (4, 5, 7, 6), (4, 5, 7, 6), (4, 5, 7, 0), (4, 5, 7, 6)]"
"(12, 12, 4, 26, 0)","[(3, 5, 7, 5), (3, 0, 7, '?'), (3, 0, 7, 5), (3, 5, 7, 5), (3, 5, 7, '?'), (3, 0, 7, '?'), (3, 5, 7, 5), (3, 5, 7, 5), (3, 0, 7, 5), (3, 5, 7, '?'), (3, 0, 7, '?'), (3, 0, 7, 5), (3, 5, 7, 5), (3, 5, 7, 5), (3, 0, 7, '?'), (3, 0, 7, 5), (3, 0, 7, '?'), (3, 5, 7, '?'), (3, 5, 7, 5), (3, 5, 7, 5), (3, 0, 7, 5), (3, 5, 7, '?'), (3, 5, 7, 5), (3, 0, 7, 5)]"
"(12, 12, 4, 27, 0)","[(0, 0, 7, 1), (0, 5, 7, 1), (0, 0, 7, 6), (0, 0, 7, '?'), (0, 5, 7, 2), (0, 0, 7, 0), (0, 0, 7, 6), (0, 0, 7, 6), (0, 0, 7, 2)]"
"(12, 12, 6, 1, 0)","[(4, 7, 7, 7), (4, 7, 7, 7), (4, 7, 7, 7)]"
"(12, 12, 6, 2, 0)","[('?', 2, 7, 0), (0, 2, 7, 0), ('?', 7, 7, 6), (0, 2, 7, 0), ('?', 7, 7, 0), (0, 7, 7, 0), (0, 3, 7, 6), ('?', 2, 7, 6), ('?', 2, 7, 6), ('?', 7, 7, 6), ('?', 7, 7, 0), (0, 7, 7, 3), ('?', 2, 7, 0), ('?', 7, 7, 6), (0, 2, 7, 0), ('?', 7, 7, 6), (0, 2, 7, 0), ('?', 2, 7, 0), (2, 3, 7, 0), ('?', 2, 3, 0), ('?', 3, 7, 0), ('?', 3, 7, 0), (0, 3, 7, 6), ('?', 7, 7, 0)]"
"(12, 12, 6, 8, 0)","[(1, 7, 7, 0), (1, 7, 7, 0), (1, 7, 7, 6), (1, 7, 7, 0), (1, 2, 7, 6), (1, 2, 7, '?'), (1, 2, 7, 6), (1, 2, 7, 6), (1, 2, 7, 6), (1, 2, 7, 6), (1, 7, 7, 6), (1, 2, 7, 6)]"
"(12, 12, 6, 9, 0)","[('?', 7, 7, 7), (3, 3, 7, 7), (4, 7, 7, 7), (3, 2, 7, 7), ('?', 3, 7, 7), (2, 7, 7, 7), (3, 7, 7, 7), (2, 7, 7, 7), ('?', 3, 7, 7), (6, 7, 7, 7), (0, 3, 7, 6), ('?', 7, 7, 7)]"
"(12, 12, 6, 10, 0)","[(1, 7, 7, '?'), (1, 2, 7, 5), (1, 7, 7, '?'), (1, 2, 7, '?'), (1, 7, 7, '?')]"
"(12, 12, 6, 11, 0)","[(2, 7, 7, 6), (2, 7, 7, 6), (2, 7, 7, 6), (2, 2, 7, '?'), (2, 2, 7, 5), (2, 3, 7, '?'), (2, 7, 7, 6), (2, 7, 7, 2), (2, 7, 7, 5), (2, 3, 7, '?'), (2, 3, 7, 2), (2, 7, 7, 3), (2, 7, 7, 3), (2, 3, 7, '?'), (2, 2, 7, 6)]"
"(12, 12, 6, 12, 0)","[('?', 7, 7, 0)]"
"(12, 12, 6, 15, 0)","[(3, 7, 7, 0), (3, 3, 7, 0), (3, 2, 7, 0), (3, 2, 7, 0), (3, 3, 7, 0), (3, 3, 7, 6), (3, 2, 7, 0), (3, '?', 3, 6), (7, 2, 7, 6), (7, 2, 7, 0), (3, 3, 7, 6), (7, 3, 7, 6), (3, 2, 7, 0), (7, 7, 7, 6), (3, 2, 7, 0), (7, 7, 7, 6), (3, 3, 7, 6), (3, 2, 7, 0), (7, 2, 7, 0)]"
"(12, 12, 6, 16, 0)","[(1, 7, 7, 1), (1, 2, 7, 2), (4, 7, 3, 2), (4, 3, 7, 2), (4, 3, 7, 2), (1, 7, 7, 2), (1, 3, 7, 2), (1, 7, 7, 1), (4, 3, 7, 1), (4, 3, 7, 2), (4, 7, 7, 2), (4, 2, 7, 2)]"
"(12, 12, 6, 17, 0)","[(2, 2, 7, 6), (2, 2, 7, 6), (2, 3, 7, 6), (2, 3, 7, 6), (2, 7, 7, 6), (2, 7, 7, 0), (2, 7, 7, 6), (2, 2, 7, 0), (2, 3, 7, 0), (2, 3, 7, 0), (2, 7, 7, 0), (2, 7, 7, 0), (2, 2, 7, 0), (2, 7, 7, 0), (2, 2, 7, 6)]"
"(12, 12, 6, 20, 0)","[(3, 7, 7, 2), (2, 2, 7, 2), ('?', 3, 7, 2), ('?', 2, 7, 2), (2, 7, 7, 2), (0, 3, 7, 2), ('?', 7, 7, 2), (0, 3, 7, 2), (2, 2, 7, 2), (3, 7, 7, 2), (3, 7, 7, 2), ('?', 7, 7, 2), (3, 3, 7, 2), ('?', 3, 7, 2), (2, 3, 7, 2), (0, 7, 7, 2), ('?', 3, 7, 2), (3, 3, 7, 2), (3, 7, 7, 2), (3, 7, 7, 2), ('?', 7, 7, 2), (2, 7, 7, 2), (0, 2, 7, 5)]"
"(12, 12, 6, 21, 0)","[(4, 7, 7, 0), (4, 3, 7, 5), (4, 7, 7, 6), (4, 3, 7, '?'), (4, 7, 7, 6), (4, 2, 7, '?'), (4, 7, 7, 0), (4, 2, 7, '?'), (4, 2, 7, 5), (4, 7, 7, 6), (4, 3, 7, '?'), (4, 2, 7, '?'), (4, 2, 7, '?'), (4, 3, 7, 5), (4, 7, 7, 0)]"
"(12, 12, 6, 22, 0)","[(0, 2, 7, 5), (0, 3, 7, '?'), ('?', 2, 7, '?'), ('?', 3, 7, '?'), ('?', 2, 7, '?'), (3, 3, 7, 5), (4, 7, 7, 5), (4, 3, 7, 5), ('?', 3, 7, '?'), ('?', 3, 7, '?'), ('?', 2, 7, '?'), ('?', 7, 7, 0), ('?', 7, 7, 0), (0, 3, 7, '?'), (0, 3, 7, 2), (2, 7, 7, 3), (4, 7, 7, 5), (3, 3, 7, 5), ('?', 7, 7, 6), (4, 7, 7, 5), (2, 7, 7, 3), (0, 7, 7, '?'), ('?', 2, 7, '?'), ('?', 3, 7, '?'), ('?', 3, 7, '?'), ('?', 2, 7, '?'), (0, 3, 7, 5), (2, 7, 7, 3)]"
"(12, 12, 6, 25, 0)","[(4, 7, 7, 0), (4, 3, 7, 6), (4, 3, 7, 6)]"
"(12, 12, 6, 26, 0)","[(3, 2, 7, '?'), (7, 2, 7, 5), (3, 3, 7, 5), (3, 2, 7, '?'), (3, 3, 7, '?'), (3, 7, 7, '?'), (3, 7, 7, '?'), (7, 2, 7, 2), (3, 3, 7, '?'), (3, 7, 7, '?'), (3, 7, 7, 5), (3, 7, 7, 5), (3, 7, 7, '?'), (7, 7, 7, '?'), (3, 3, 7, '?'), (3, 7, 7, 5), (3, 3, 7, 5), (3, 3, 7, '?'), (7, 7, 7, '?'), (7, 2, 7, 2), (7, 2, 7, '?'), (3, 7, 7, '?'), (3, 7, 7, 5), (3, 3, 7, '?'), (7, 3, 7, '?'), (3, 2, 7, '?'), (3, 7, 7, '?')]"
"(12, 12, 6, 27, 0)","[(0, 7, 7, 6), (0, 7, 7, '?'), (0, 3, 7, '?')]"
"(12, 12, 9, 1, 0)","[(4, 2, 7, 7), (4, '?', 7, 7)]"
"(12, 12, 9, 7, 0)","[(3, '?', 7, 7), (3, 4, 7, 7), (3, 0, 7, 7), (3, 0, 7, 7), (3, '?', 7, 7), (7, 5, 7, 7), (3, 2, 7, 7), (3, 0, 7, 7), (3, 4, 7, 7)]"
"(12, 12, 9, 9, 0)","[(2, 5, 7, 7), (0, 5, 7, 7), ('?', '?', 7, 7), (0, 0, 7, 7), (3, 2, 7, 7), ('?', '?', 7, 7), ('?', 1, 7, 7), ('?', 3, 7, 7), (1, 0, 7, 7), ('?', '?', 7, 7), (3, 6, 7, 7), ('?', 7, 7, 7), ('?', '?', 7, 7), (0, 5, 7, 7), ('?', '?', 7, 7), ('?', 4, 7, 7), ('?', 7, 7, 7), ('?', '?', 7, 7), ('?', 6, 7, 7), ('?', 2, 7, 7), ('?', 4, 7, 7), (0, 7, 7, 7), (0, 4, 7, 7), ('?', 3, 7, 7), (3, 6, 7, 7), (3, 4, 7, 7), ('?', 4, 7, 7), (3, 6, 7, 7), ('?', 3, 7, 7), (2, 6, 7, 7), ('?', 6, 7, 7), ('?', 6, 7, 7), ('?', 6, 7, 7), (0, 3, 7, 7), ('?', 7, 7, 7), ('?', 4, 7, 7), ('?', 6, 7, 7), ('?', 1, 7, 7), (0, '?', 7, 7), ('?', 0, 7, 7), ('?', 4, 7, 7)]"
"(12, 12, 9, 17, 0)","[(2, '?', 7, 7)]"
"(12, 12, 9, 22, 0)","[(6, 2, 7, 4)]"
"(12, 12, 9, 25, 0)","[(5, 1, 7, 3)]"
"(12, 12, 10, 2, 0)","[(1, 6, 7, 0), (1, 2, 7, 0), (1, '?', 7, 6), (1, 7, 7, 0), (1, 2, 7, 0), (1, 2, 7, 0), (1, '?', 7, 6), (1, 1, 7, 0), (1, '?', 7, 0), (1, 7, 7, 6), (1, 7, 7, 6), (1, '?', 7, 0), (1, 7, 7, 6), (1, '?', 7, 6), (1, 7, 7, 6)]"
"(12, 12, 10, 8, 0)","[(1, '?', 7, 6), (1, '?', 7, 0)]"
"(12, 12, 10, 9, 0)","[(1, 1, 7, 7), (1, 6, 7, 7), (1, '?', 7, 7), (1, 7, 7, 7), (1, 7, 7, 7), (1, '?', 7, 7), (1, 7, 7, 7), (1, 7, 7, 7), (1, 1, 7, 7), (1, 0, 7, 7), (1, 0, 7, 7), (1, 5, 7, 7), (1, 6, 7, 7), (1, 6, 7, 7), (1, '?', 7, 7), (1, 0, 7, 7), (1, 4, 7, 7), (1, 5, 7, 7), (1, '?', 7, 7)]"
"(12, 12, 10, 10, 0)","[(1, 2, 7, '?'), (1, 2, 7, '?'), (1, 2, 7, '?'), (1, 2, 7, '?'), (1, 2, 7, '?'), (1, '?', 7, '?'), (1, 7, 7, '?'), (1, 7, 7, '?'), (1, 6, 7, 4), (1, 2, 7, '?')]"
"(12, 12, 10, 12, 0)","[(1, 7, 7, '?')]"
"(12, 12, 10, 16, 0)","[(1, 2, 7, 2)]"
"(12, 12, 10, 20, 0)","[(1, 4, 7, 2), (1, 3, 7, 2), (1, '?', 7, 2), (1, 3, 7, 2), (1, 2, 7, 2), (1, '?', 7, 2), (1, 2, 7, 2), (1, 7, 7, 2), (1, '?', 7, 2), (1, 3, 7, 2), (1, 3, 7, 2)]"
"(12, 12, 10, 22, 0)","[(1, 6, 7, '?'), (1, 6, 7, '?'), (1, '?', 7, '?'), (1, 7, 7, 4)]"
"(12, 12, 11, 2, 0)","[(2, 6, 7, 6), (2, 4, 7, 0)]"
"(12, 12, 11, 9, 0)","[(2, '?', 7, 7), (2, 7, 7, 7), (2, 7, 7, 7)]"
"(12, 12, 11, 11, 0)","[(2, 6, 7, 6), (2, 2, 7, '?'), (2, 7, 7, 0), (2, '?', 7, 6), (2, 7, 7, 6), (2, 6, 7, '?'), (2, 4, 7, '?'), (2, 3, 3, '?'), (2, 4, 7, '?'), (2, 7, 7, 0), (2, 1, 7, 6)]"
"(12, 12, 11, 17, 0)","[(2, 4, 7, 0), (2, 7, 7, 6), (2, 2, 7, 0), (2, 4, 7, 0), (2, '?', 7, 0), (2, 2, 7, 6), (2, '?', 7, 0), (2, 6, 7, 0), (2, '?', 7, 0)]"
"(12, 12, 11, 20, 0)","[(2, '?', 7, 2), (2, 3, 7, 2), (2, '?', 7, 2), (2, '?', 7, 2), (2, 1, 7, 2), (2, '?', 7, 2), (2, 4, 7, 2), (2, 3, 7, 2), (2, 7, 7, 2), (2, 3, 7, 2)]"
"(12, 12, 11, 22, 0)","[(2, 4, 7, '?'), (2, 1, 7, 6)]"
"(12, 12, 12, 1, 0)","[(4, 1, 7, 7)]"
"(12, 12, 12, 2, 0)","[('?', 3, 7, 0), (0, 3, 7, 6), (3, '?', 7, 0), (0, 3, 7, 0), ('?', 2, 7, 0), ('?', '?', 7, 0), (7, 5, 7, 0), (3, 7, 7, 0), ('?', 7, 7, 6), ('?', '?', 7, 0), (3, 4, 7, 0), ('?', '?', 7, 0), (0, 3, 7, 0), (3, 3, 7, 6), (2, 2, 7, 0), ('?', 7, 7, 0), (3, 4, 7, 0), (6, 7, 7, 0), ('?', '?', 7, 0)]"
"(12, 12, 12, 6, 0)","[(3, 3, 7, 1)]"
"(12, 12, 12, 9, 0)","[(2, '?', 7, 7), (3, 3, 7, 7)]"
"(12, 12, 12, 12, 0)","[(3, '?', 7, '?'), (3, 3, 7, 5), (3, 4, 7, '?'), (2, '?', 7, 1)]"
"(12, 12, 12, 15, 0)","[(3, 3, 7, 0), (3, 0, 7, 0), (3, 3, 7, 0), (3, 3, 7, '?'), (3, '?', 7, 6), (3, 3, 7, 1), (3, '?', 7, 0), (3, 3, 7, 6), (3, 3, 7, 6)]"
"(12, 12, 12, 17, 0)","[(2, 3, 7, 0), (2, 0, 7, 0), (2, '?', 7, 0)]"
"(12, 12, 12, 20, 0)","[(3, 3, 7, 1), (3, 3, 7, 2), ('?', 3, 7, 2)]"
"(12, 12, 12, 21, 0)","[(4, 3, 7, 2), (4, 3, 7, '?')]"
"(12, 12, 12, 22, 0)","[(3, 3, 7, 1), (3, 7, 7, '?'), (2, 3, 7, '?'), (3, 3, 7, '?'), ('?', 2, 7, '?'), (3, 3, 7, '?'), (6, 5, 7, 5), ('?', '?', 7, '?'), ('?', 2, 7, '?'), ('?', 2, 7, '?'), (2, 2, 7, '?'), ('?', '?', 7, '?'), (0, 3, 7, '?'), (6, 3, 7, 4), ('?', 1, 7, '?'), ('?', '?', 7, '?'), (0, 7, 7, '?'), ('?', 3, 7, '?')]"
"(12, 12, 12, 25, 0)","[(4, 3, 7, 6)]"
"(12, 12, 12, 26, 0)","[(3, '?', 7, 5)]"
"(12, 12, 13, 2, 0)","[(6, 7, 7, 0), (6, 3, 7, 0)]"
"(12, 12, 13, 4, 0)","[(6, 5, 7, 3)]"
"(12, 12, 13, 22, 0)","[(6, '?', 7, 4), (6, 4, 7, '?')]"
"(12, 12, 13, 25, 0)","[(5, 3, 7, 6), (5, 2, 7, 6)]"
"(12, 12, 15, 2, 0)","[(7, 2, 7, 1), (7, 6, 7, 1), (7, 4, 7, 1), (7, 2, 7, 1), (3, '?', 7, 0), (7, 6, 7, 1), (3, 6, 7, 0)]"
"(12, 12, 15, 4, 0)","[(7, 5, 7, 1)]"
"(12, 12, 15, 8, 0)","[(7, 2, 7, 1)]"
"(12, 12, 15, 15, 0)","[(3, 2, 7, 0), (3, 3, 7, 0), (3, 7, 7, 0), (7, 3, 7, 6), (3, 3, 7, 0)]"
"(12, 12, 15, 20, 0)","[(7, 2, 7, 1), (3, 3, 7, 1)]"
"(12, 12, 16, 2, 0)","[(4, 1, 7, 1)]"
"(12, 12, 16, 6, 0)","[(4, 3, 7, 1), (4, 7, 7, 1), (1, 2, 7, 1), (4, 2, 7, 1), (4, 3, 7, 1), (4, 3, 7, 1), (4, 2, 7, 1), (4, 2, 7, 1), (1, 7, 7, 5), (4, 3, 7, 1), (4, 2, 7, 1)]"
"(12, 12, 16, 15, 0)","[(7, 4, 7, 1)]"
"(12, 12, 16, 25, 0)","[(4, 4, 7, 1)]"
"(12, 12, 17, 17, 0)","[(2, '?', 7, 6)]"
"(12, 12, 20, 2, 0)","[(5, 6, 7, 5), ('?', 1, 7, 1), (3, 1, 7, 1), (0, 6, 7, 1), ('?', 4, 7, 1), (3, 4, 7, 5), (0, 4, 7, 1), (1, 4, 7, 1), (0, 1, 7, 5), (0, 6, 7, 5), (0, 6, 7, 1), (0, 1, 7, 5), (0, 6, 7, 1), (0, 1, 7, 1), ('?', 6, 7, 1), (3, 1, 7, 5), ('?', 4, 7, 1), (3, 1, 7, 5), ('?', 1, 7, 1), (0, 1, 7, 1), ('?', 6, 7, 5), (0, 4, 7, 5)]"
"(12, 12, 20, 4, 0)","[('?', 5, 7, 5), ('?', 5, 7, 5), (0, 5, 7, 1), ('?', 0, 7, 1), ('?', 0, 7, 1), (1, 5, 7, 5), (2, 5, 7, 5), (7, 5, 7, 1), (2, 0, 7, 5), ('?', 0, 7, 5), ('?', 0, 7, 1), (5, 5, 7, 5), (0, 0, 7, 1), (0, 0, 7, 1), (2, 5, 7, 5), ('?', 0, 7, 1), ('?', 5, 7, 1), (2, 0, 7, 5), (2, 0, 7, 5), ('?', 0, 7, 5), (0, 0, 7, 1), (2, 0, 7, 5), (0, 0, 7, 5), ('?', 0, 7, 5), (0, 0, 7, 1), (1, 5, 7, 5), (2, 0, 7, 5), ('?', 0, 7, 1), (3, 5, 7, 1)]"
"(12, 12, 20, 6, 0)","[(6, 7, 7, 5), (0, 7, 7, 5), ('?', 7, 7, 1), ('?', 2, 7, 1), (0, 2, 7, 1), ('?', 7, 7, 1), ('?', 3, 3, 1), ('?', 2, 7, 5), ('?', 3, 7, 1), ('?', 2, 7, 5), (3, 2, 7, 1), (0, 7, 7, 5), (2, 3, 7, 5), (0, 2, 7, 1), (2, 7, 7, 5), ('?', 7, 7, 5), (3, 3, 7, 1), (2, 7, 7, 5), (2, 3, 7, 5), ('?', 7, 7, 1), (0, 7, 7, 5), (2, 7, 7, 5), ('?', 2, 7, 1), ('?', 7, 7, 1), (0, 3, 7, 1), (2, 7, 7, 5), ('?', 2, 7, 1), (2, 7, 7, 5), ('?', 2, 7, 1), ('?', 2, 7, 5), (0, 7, 7, 5), (0, 3, 7, 1), ('?', 2, 7, 5), ('?', 3, 7, 1)]"
"(12, 12, 20, 8, 0)","[(1, 2, 7, 1), (1, 2, 7, 1), (1, 4, 7, 1), (1, 7, 7, 1), (1, 2, 7, 1), (1, 6, 7, 1), (1, 4, 7, 1), (1, 7, 7, 1), (1, 2, 7, 1), (1, 2, 7, 1), (1, 6, 7, 1), (1, 2, 7, 1), (1, 1, 7, 1)]"
"(12, 12, 20, 10, 0)","[(1, 2, 7, 5), (1, 6, 7, 5), (1, '?', 7, 5), (1, 6, 7, 5), (1, 7, 7, 5), (1, 6, 7, 5), (1, 5, 7, 5), (1, 4, 7, 5), (1, 1, 7, 1), (1, '?', 7, 5), (1, '?', 7, 5), (1, '?', 7, 5)]"
"(12, 12, 20, 11, 0)","[(2, 3, 7, 5), (2, 1, 7, 5), (2, 7, 7, 5), (2, 2, 7, 5), (2, 1, 7, 5), (2, 6, 7, 5), (2, 1, 7, 5), (2, 2, 7, 5), (2, 2, 7, 5), (2, 0, 7, 5), (2, 6, 7, 5), (2, 6, 7, 5), (2, 1, 7, 5), (2, '?', 7, 5), (2, 2, 7, 5), (2, 2, 7, 5), (2, 6, 7, 5), (2, 6, 7, 5), (2, 4, 7, 5), (2, '?', 7, 5), (2, 5, 7, 5), (2, '?', 7, 5), (2, 3, 7, 5), (2, 4, 7, 5), (2, 4, 7, 5), (2, 5, 7, 5), (2, 4, 7, 5), (2, 1, 7, 5), (2, '?', 7, 5), (2, 3, 7, 5), (2, '?', 7, 5), (2, '?', 7, 5), (2, 7, 7, 5), (2, 0, 7, 5), (2, 2, 7, 5), (2, 0, 7, 5), (2, '?', 7, 5), (2, 4, 7, 5), (2, 5, 7, 5), (2, 7, 7, 5), (2, '?', 7, 5), (2, 7, 7, 5), (2, 2, 7, 5), (2, 4, 7, 5)]"
"(12, 12, 20, 12, 0)","[('?', 1, 7, 1), (4, 6, 7, 1), (7, 1, 7, 1)]"
"(12, 12, 20, 15, 0)","[(3, 4, 7, 1), (3, '?', 7, 1), (3, '?', 7, 1), (3, 3, 7, 1), (3, 1, 7, 1), (7, 2, 7, 1), (3, 6, 7, 1), (7, 4, 7, 1), (3, '?', 7, 1), (3, 3, 7, 1), (3, 3, 3, 1), (3, 4, 7, 1), (3, 1, 7, 1), (3, 2, 7, 1), (3, 2, 7, 1), (3, '?', 7, 1), (3, 6, 7, 1), (3, 1, 7, 1), (3, 6, 7, 1), (3, '?', 7, 1), (3, 2, 7, 1), (3, '?', 7, 1), (3, 1, 7, 1), (3, 2, 7, 1), (3, 2, 7, 1), (3, 2, 7, 1), (3, 1, 7, 1), (3, 1, 7, 1), (3, 4, 7, 1), (3, 4, 7, 1), (3, 4, 7, 1), (3, 6, 7, 1), (3, 2, 7, 1), (3, 6, 7, 1), (3, 3, 7, 1), (3, 6, 7, 1), (3, 4, 7, 1)]"
"(12, 12, 20, 17, 0)","[(2, 4, 7, 1), (2, 3, 7, 1), (2, 6, 7, 1), (2, 6, 7, 1), (2, 3, 7, 1), (2, 3, 7, 1), (2, '?', 7, 1), (2, 2, 7, 1), (2, '?', 7, 1), (2, '?', 7, 1), (2, 4, 7, 1), (2, 6, 7, 1), (2, 6, 7, 1), (2, '?', 7, 1), (2, 4, 7, 1), (2, 2, 7, 1), (2, 3, 7, 1), (2, 1, 7, 5), (2, 2, 7, 1), (2, 3, 7, 1), (2, 6, 7, 1), (2, 6, 7, 1), (2, 6, 7, 1), (2, '?', 7, 1), (2, 4, 7, 1), (2, 6, 7, 1), (2, 4, 7, 1), (2, 3, 7, 1), (2, 2, 7, 1), (2, 2, 7, 1), (2, 3, 7, 1)]"
"(12, 12, 20, 20, 0)","[('?', 7, 7, 1), (0, 3, 7, 1), (4, 4, 7, 1), (0, 2, 7, 1), ('?', 3, 7, 1), (2, 3, 7, 1), (3, 4, 7, 1), (0, 4, 7, 1), ('?', 6, 7, 1), (3, '?', 7, 1), ('?', 1, 7, 1), (0, 2, 7, 1), ('?', 3, 7, 1), ('?', 1, 7, 1), ('?', '?', 7, 1), (6, 1, 7, 1), ('?', '?', 7, 1), ('?', 1, 7, 1), (0, 2, 7, 1), ('?', 6, 7, 1), (1, 1, 7, 1), ('?', '?', 7, 1), (3, 4, 7, 1), ('?', 2, 7, 1), (0, 6, 7, 1), (0, 1, 7, 1), ('?', 6, 7, 1), (0, 4, 7, 1), ('?', 3, 7, 1), (0, 1, 7, 1), ('?', 3, 7, 1), ('?', 7, 7, 1), ('?', 4, 7, 1), (3, 4, 7, 1), (0, 4, 7, 1), ('?', 1, 7, 1), ('?', 2, 7, 1), (2, 3, 7, 1), (0, 3, 7, 1), (0, '?', 7, 1), (0, '?', 7, 1), (0, 4, 7, 1), (0, 6, 7, 1), (0, '?', 7, 1), (0, 3, 7, 1), ('?', 6, 7, 1), (7, 1, 7, 1), ('?', 6, 7, 1), ('?', 7, 7, 1), ('?', 6, 7, 1), (2, 2, 7, 1), (0, 3, 7, 1), (0, 2, 7, 1), (0, 2, 7, 1), ('?', 4, 7, 1), (0, 1, 7, 1), (7, 1, 7, 1), (3, 6, 7, 1), ('?', 4, 7, 1), ('?', 4, 7, 1), (1, 1, 7, 1), (0, '?', 7, 1), (0, 1, 7, 1), (0, 4, 7, 1), ('?', 2, 7, 1), (0, '?', 7, 1), ('?', '?', 7, 1), ('?', 7, 7, 1), (0, 2, 7, 1), ('?', '?', 7, 1), (0, 6, 7, 1), (0, 3, 7, 1), (0, 6, 7, 1), (0, 6, 7, 1), (0, 4, 7, 1)]"
"(12, 12, 20, 21, 0)","[(4, 7, 7, 5), (4, '?', 3, 5), (4, 3, 7, 5), (4, 3, 7, 5), (4, '?', 7, 5), (4, '?', 7, 5), (4, 7, 7, 5), (4, '?', 7, 5), (4, 7, 7, 5), (4, '?', 7, 5), (4, '?', 7, 5), (4, '?', 7, 5)]"
"(12, 12, 20, 22, 0)","[(3, 1, 7, 5), (0, 6, 7, 5), (6, 7, 7, 5), ('?', 6, 7, 5), (0, '?', 7, 5), ('?', 7, 7, 5), (0, 1, 7, 5), (0, 3, 7, 5), (6, '?', 7, 5), (6, '?', 7, 5), (0, 7, 7, 5), (6, 7, 7, 5), (5, 6, 7, 5), (6, 1, 7, 5), (5, 1, 7, 5), ('?', 7, 7, 5), (5, 0, 7, 5), (0, 7, 7, 5), (0, 6, 7, 5), (5, '?', 7, 5), ('?', '?', 7, 5), (0, 7, 7, 5), (4, '?', 7, 5), (0, 6, 7, 5), (6, 6, 7, 5), (6, '?', 7, 5), (0, 1, 7, 5), ('?', '?', 7, 5), ('?', 6, 7, 5), (0, '?', 7, 5), (0, '?', 7, 5), (2, 4, 7, 5), (0, 2, 7, 5), ('?', 7, 7, 5), ('?', '?', 7, 5), ('?', 6, 7, 5), ('?', 6, 7, 5), ('?', '?', 7, 5), (2, 3, 7, 5), (6, '?', 7, 5), (6, '?', 7, 5), ('?', '?', 7, 5), ('?', 6, 7, 5), (0, '?', 7, 5), (0, 4, 7, 5), (0, '?', 7, 5), (6, '?', 7, 5), (0, 2, 7, 5), ('?', 6, 7, 5), ('?', '?', 7, 5), ('?', 2, 7, 5), (0, '?', 7, 5), (0, 3, 7, 5), (0, '?', 7, 5)]"
"(12, 12, 20, 25, 0)","[(4, 7, 7, 1), (4, 3, 3, 1), (4, 6, 7, 1), (4, '?', 7, 1), (4, '?', 7, 1), (4, 7, 7, 1), (4, 3, 7, 1), (4, 2, 3, 1), (4, 6, 7, 1), (4, 2, 3, 1), (4, '?', 7, 1), (4, 1, 7, 1), (4, 7, 7, 1), (4, 1, 7, 1), (4, 6, 7, 1), (4, '?', 3, 1), (4, 2, 3, 1), (4, 1, 7, 1), (4, 2, 7, 1), (4, 1, 7, 1), (4, 7, 7, 1), (4, 4, 7, 1), (4, '?', 3, 1), (4, 7, 7, 1), (4, 7, 7, 1), (4, 7, 7, 1), (4, 4, 7, 1), (4, 2, 7, 1), (4, '?', 7, 1), (4, '?', 7, 1), (5, 3, 7, 1), (4, 4, 7, 1), (4, 1, 7, 1), (4, 7, 7, 1), (4, 2, 7, 1), (4, 2, 7, 1), (4, 4, 7, 1), (4, 6, 7, 1), (4, 6, 7, 1), (4, 6, 7, 1), (4, 6, 7, 1)]"
"(12, 12, 20, 26, 0)","[(3, 1, 7, 5), (3, 4, 7, 5), (3, 7, 7, 5), (3, '?', 3, 5), (3, 7, 7, 5), (3, '?', 7, 5), (3, 4, 7, 5), (3, '?', 7, 5), (3, 4, 7, 5), (3, '?', 7, 5)]"
"(12, 12, 20, 27, 0)","[(0, '?', 7, 5), (0, '?', 7, 1)]"
"(12, 12, 21, 16, 0)","[(4, 2, 7, 2), (4, 3, 7, 2), (4, 3, 3, 2), (4, 3, 7, 2), (4, 3, 7, 2), (4, 4, 7, 2), (4, 3, 7, 2), (4, 7, 7, 2), (4, 2, 7, 2), (4, 7, 7, 2)]"
"(12, 12, 21, 21, 0)","[(4, 3, 7, '?'), (4, 6, 7, '?'), (4, 1, 7, 4), (4, 2, 7, '?'), (4, 2, 7, 6), (4, 3, 7, '?'), (4, 3, 7, 5), (4, '?', 7, '?'), (4, 5, 7, 5), (4, 1, 7, '?'), (4, 3, 7, '?'), (4, 2, 7, '?'), (4, '?', 7, '?'), (4, '?', 7, '?'), (4, 2, 7, '?'), (4, '?', 7, '?'), (4, 3, 7, '?'), (4, '?', 7, '?'), (4, '?', 7, '?')]"
"(12, 12, 21, 25, 0)","[(4, 7, 7, 0)]"
"(12, 12, 22, 1, 0)","[(4, 7, 3, 7), (4, 6, 7, 7), (4, '?', 7, 7), (4, 1, 7, 7), (4, 1, 7, 7), (4, '?', 7, 7), (4, 5, 7, 7), (4, 6, 7, 7), (4, 1, 7, 7), (4, 6, 7, 7), (4, 2, 7, 7), (4, '?', 7, 7), (4, '?', 7, 7), (4, '?', 7, 7)]"
"(12, 12, 22, 2, 0)","[(6, '?', 7, 0), (0, '?', 7, 0), (0, 7, 7, 0), ('?', 2, 7, 6), ('?', '?', 7, 6), ('?', 3, 7, 0), (0, '?', 7, 0), (0, 3, 7, 0), ('?', '?', 7, 6), ('?', '?', 7, 0), ('?', '?', 7, 6), ('?', '?', 7, 6), (0, 6, 7, 0), ('?', 3, 7, 0), (0, 2, 7, 0), ('?', 2, 7, 0), (6, '?', 7, 0), ('?', '?', 7, 0), (0, 6, 7, 0), ('?', 7, 7, 6), (3, 1, 7, 0), ('?', '?', 7, 0), (0, '?', 7, 6), ('?', 3, 3, 0), (0, 1, 7, 6), ('?', 3, 7, 0), (0, 3, 7, 0), (0, 6, 7, 0), (0, 6, 7, 0), (0, 2, 7, 0), ('?', '?', 7, 0), (0, 7, 7, 0), ('?', 2, 7, 6), (0, 4, 7, 6), ('?', 2, 7, 6), (0, 3, 7, 0), ('?', 7, 7, 0), (6, 1, 7, 0), ('?', 2, 7, 6), (0, 3, 7, 6), (0, 3, 7, 0), (0, 4, 7, 6), ('?', 2, 7, 0), ('?', 2, 7, 0), (0, 6, 7, 0), ('?', 3, 7, 0), (0, 6, 7, '?'), (6, 3, 7, 0), (0, 3, 7, 0), (0, 7, 7, 0), ('?', 2, 7, 6), ('?', 6, 7, 3), (0, 4, 7, 0), ('?', '?', 7, 6), ('?', 4, 7, 0), (2, 3, 7, 6), (6, '?', 7, 0), (6, 3, 7, 0), (6, 3, 7, 0), (0, 6, 7, 6), ('?', 2, 7, 0), (3, 4, 7, 0), (0, '?', 7, 0), (0, 7, 7, 6), (0, '?', 7, 0), (0, '?', 7, 6), (0, 4, 7, 6), ('?', 3, 7, 0), (0, 7, 7, 0), (0, 2, 7, 0), ('?', 2, 7, 0), (0, '?', 7, 0), (0, '?', 7, 0), (0, 3, 7, 6), (6, 1, 7, 6)]"
"(12, 12, 22, 7, 0)","[(3, 7, 7, 7), (3, 7, 7, 7)]"
"(12, 12, 22, 8, 0)","[(1, 1, 7, 0), (1, 2, 7, 0), (1, 7, 7, 0), (1, '?', 7, 0)]"
"(12, 12, 22, 9, 0)","[('?', 3, 7, 7), (0, 7, 7, 7), (2, 7, 7, 7), (0, 7, 7, 7), ('?', 7, 3, 7), (0, 7, 7, 7), (0, 7, 7, 7), (3, 7, 7, 7), ('?', 7, 3, 7), (2, 7, 7, 7)]"
"(12, 12, 22, 10, 0)","[(1, '?', 7, '?'), (1, 1, 7, 6), (1, '?', 7, '?'), (1, '?', 7, '?'), (1, '?', 7, '?')]"
"(12, 12, 22, 11, 0)","[(2, 7, 7, 3), (2, 3, 7, '?'), (2, 3, 7, 6), (2, 6, 7, '?'), (2, '?', 7, 2), (2, 2, 7, '?'), (2, 7, 7, 3), (2, 6, 7, '?'), (2, 2, 7, '?'), (2, 4, 7, '?'), (2, 1, 7, 6), (2, 3, 7, '?'), (2, 3, 7, '?'), (2, 7, 7, 3), (2, 2, 7, '?'), (2, 1, 7, '?'), (2, 6, 7, '?'), (2, 1, 7, 6), (2, 6, 7, '?'), (2, 3, 7, '?')]"
"(12, 12, 22, 12, 0)","[('?', 7, 7, 0)]"
"(12, 12, 22, 15, 0)","[(3, 2, 7, 0), (3, '?', 7, 0), (3, '?', 7, 6), (3, 1, 7, 0), (3, '?', 7, 0), (3, '?', 7, 6), (3, 4, 7, 0), (3, '?', 7, 6), (3, 3, 7, 6), (3, '?', 7, 6), (3, 6, 7, 0), (3, '?', 7, 6), (3, 4, 7, 6), (3, 1, 7, 0), (3, 4, 7, 6), (3, 3, 7, 6), (3, 3, 7, 0), (3, 6, 7, '?'), (3, 6, 7, 6), (3, 6, 7, 6), (3, 1, 7, 0), (3, '?', 7, 0), (3, '?', 7, 6), (3, 2, 7, 0), (3, 7, 7, 0)]"
"(12, 12, 22, 16, 0)","[(4, 7, 7, 2), (1, 7, 7, 2), (1, 1, 7, 2), (1, 2, 7, 2), (1, 2, 7, 2), (1, 7, 7, 2), (1, 2, 7, 2), (1, 2, 7, 2), (1, '?', 7, 2), (1, 7, 7, 2), (1, 7, 7, 2), (4, 2, 7, 2)]"
"(12, 12, 22, 17, 0)","[(2, 6, 7, 6), (2, 3, 7, 0), (2, 3, 7, 6), (2, 7, 7, 7), (2, 3, 7, 6), (2, '?', 7, 0), (2, 7, 7, 0), (2, 1, 7, 6), (2, '?', 7, 0), (2, '?', 7, 6), (2, 4, 7, 0), (2, 3, 7, 6), (2, 3, 7, 0), (2, 7, 7, 7), (2, 2, 7, 0), (2, 3, 7, 0), (2, 3, 7, 6), (2, 2, 7, 0), (2, 6, 7, 6), (2, 2, 7, 0), (2, 6, 7, 6), (2, 1, 7, 6), (2, 1, 7, 0), (2, 2, 7, 0), (2, 2, 7, 6), (2, 4, 7, 6), (2, '?', 7, 6), (2, 6, 7, 0), (2, 1, 7, 0), (2, 1, 7, 0)]"
"(12, 12, 22, 20, 0)","[(2, 7, 7, 2), (6, 7, 7, 2), ('?', 2, 7, 2), (3, 3, 7, 2), (2, 2, 7, 2), (2, 3, 7, 2), ('?', 2, 7, 2), ('?', 2, 7, 2), (0, 1, 7, 2), (6, 3, 7, 2), (0, 3, 7, 2), (0, '?', 7, 2), (3, 1, 7, 2), ('?', 2, 7, 2), ('?', 7, 7, 2), (0, 6, 7, 2), ('?', '?', 7, 2), ('?', 2, 7, 2), (6, 5, 7, 2), (6, 7, 7, 2), (0, 7, 7, 2), (0, 3, 7, 2), (0, 3, 7, 2), (2, 3, 7, 2), (0, 4, 7, 2), (0, 7, 7, 2), (2, 7, 7, 2), (0, 6, 7, 2), (0, 6, 7, 2), (3, 6, 7, 2), (3, 6, 7, 2), ('?', '?', 7, 2), ('?', '?', 7, 2), (2, '?', 7, 2), ('?', 2, 7, 2), ('?', 7, 7, 2), ('?', 1, 7, 2), (0, 1, 7, 2), (0, '?', 7, 2), (0, 1, 7, 2), (3, 1, 7, 2), (0, '?', 7, 2), (0, 4, 7, 2), ('?', 4, 7, 2), (2, 2, 7, 2), ('?', 7, 7, 2), (3, 7, 7, 2), ('?', 2, 7, 2), ('?', 7, 7, 2), ('?', 7, 7, 2), ('?', '?', 7, 2), ('?', 2, 7, 2), (3, 1, 7, 2), (0, '?', 7, 2), ('?', '?', 7, 2), (0, '?', 7, 2), ('?', 7, 7, 2), ('?', '?', 7, 2), ('?', 7, 7, 2), ('?', 4, 7, 2), ('?', 3, 7, 2), (0, 4, 7, 2), ('?', 1, 7, 2), (0, '?', 7, 2), ('?', '?', 7, 2), (0, 3, 7, 2), (0, 7, 7, 2), ('?', '?', 7, 2)]"
"(12, 12, 22, 21, 0)","[(4, 3, 7, 1), (4, 6, 7, 2), (4, 2, 7, 5), (4, 1, 7, 2), (4, 6, 7, '?'), (4, 2, 7, 5), (4, 1, 7, 6), (4, 3, 7, '?'), (4, 5, 7, 5), (4, '?', 7, '?'), (4, 7, 7, 6), (4, 1, 7, 6)]"
"(12, 12, 22, 22, 0)","[('?', 3, 7, '?'), ('?', 5, 7, '?'), (0, 1, 7, '?'), (0, 0, 7, '?'), (0, 4, 7, '?'), (0, 3, 7, '?'), (0, '?', 7, 5), (0, 1, 7, 4), ('?', 3, 7, '?'), (0, 7, 7, 0), ('?', 2, 7, 6), ('?', '?', 7, '?'), (0, 6, 7, '?'), ('?', 0, 7, 5), (0, 3, 7, '?'), ('?', 1, 7, '?'), (0, 2, 7, 5), (0, 3, 7, 5), (0, 7, 7, '?'), (0, 5, 7, 5), ('?', 2, 7, 5), (3, 1, 7, 0), (0, 1, 7, '?'), (0, 6, 7, '?'), ('?', 6, 7, '?'), ('?', 2, 7, '?'), (0, 7, 7, 6), ('?', 7, 7, 0), ('?', '?', 7, '?'), ('?', 1, 7, 0), (0, 1, 7, '?'), (0, 1, 7, '?'), (0, 0, 7, 5), (0, 4, 7, '?'), (0, 2, 7, 5), (0, 0, 7, 5), (0, 1, 7, 4), ('?', '?', 7, '?'), ('?', 7, 7, 6), (0, 1, 7, '?'), ('?', '?', 7, '?'), (0, 4, 7, 4), (0, 1, 7, 4), (0, 3, 7, '?'), (0, 2, 7, 4), (6, 4, 7, '?'), (0, 2, 7, 5), (0, 6, 7, 4), (0, 2, 7, 5)]"
"(12, 12, 22, 25, 0)","[(4, 6, 7, 6), (4, 6, 7, 6), (4, 3, 7, 0), (4, '?', 7, 6), (4, '?', 7, 0), (4, 3, 7, 6), (4, '?', 7, 6), (4, '?', 7, 6), (4, 6, 7, 6), (4, '?', 7, 0), (4, 3, 7, 0), (4, '?', 7, 6), (4, 5, 7, 0), (4, '?', 7, 0), (4, 7, 7, 0), (4, '?', 7, 6), (4, 1, 7, 6), (4, 2, 7, 0), (4, 7, 7, 0), (4, '?', 7, 6), (4, 7, 7, 6), (4, 2, 7, 6)]"
"(12, 12, 22, 26, 0)","[(3, 7, 7, 0), (3, 6, 7, '?'), (3, 4, 7, 5), (3, 3, 7, 5), (3, 3, 7, 2), (3, 7, 7, 0), (3, 4, 7, '?'), (3, 0, 7, 5), (3, 3, 7, '?'), (3, 2, 7, '?'), (3, 3, 7, '?'), (3, 4, 7, 5), (3, '?', 7, 5), (3, '?', 7, '?'), (3, '?', 7, '?'), (3, 2, 7, '?'), (3, '?', 7, 5), (3, '?', 7, 5), (3, 5, 7, '?'), (3, 4, 7, 5), (3, 7, 7, 5), (3, 1, 7, '?'), (3, '?', 7, 5), (3, 7, 7, 5), (3, 7, 7, '?'), (3, '?', 7, '?'), (3, 1, 7, '?'), (3, '?', 7, '?'), (3, 4, 7, '?'), (3, 3, 7, 5), (3, '?', 7, '?'), (3, 6, 7, '?')]"
"(12, 12, 22, 27, 0)","[(0, 7, 7, 6), (0, 7, 7, 6), (0, 7, 7, '?'), (0, 7, 7, '?'), (0, 7, 7, '?')]"
"(12, 12, 25, 16, 0)","[(4, '?', 7, 1)]"
"(12, 12, 25, 21, 0)","[(4, 3, 7, 1)]"
"(12, 12, 25, 25, 0)","[(4, '?', 7, 0), (4, 2, 7, 6), (4, 3, 7, 6), (4, 3, 7, 0), (4, 3, 7, 0), (4, '?', 7, 0), (4, 2, 7, 0), (4, 6, 7, 6)]"
"(12, 12, 26, 2, 0)","[(7, 3, 7, 6), (7, 5, 7, 0), (7, 0, 7, '?'), (3, 4, 7, 0), (7, 4, 7, 3), (3, '?', 7, 0), (3, '?', 7, 0), (3, '?', 7, 0), (3, 3, 7, 6), (7, 4, 7, '?')]"
"(12, 12, 26, 4, 0)","[(7, 5, 7, '?')]"
"(12, 12, 26, 6, 0)","[(7, 2, 7, 5), (7, 3, 7, 5), (7, 2, 7, '?')]"
"(12, 12, 26, 9, 0)","[(7, '?', 7, 7), (7, 4, 7, 7), (7, 1, 7, 7), (7, 5, 7, 7), (7, 5, 7, 7), (3, 0, 7, 7), (7, 1, 7, 7), (7, 4, 7, 7)]"
"(12, 12, 26, 12, 0)","[(7, 4, 7, '?')]"
"(12, 12, 26, 20, 0)","[(7, 3, 7, 2), (3, 1, 7, 2), (7, 2, 7, 2), (3, 6, 7, 2)]"
"(12, 12, 26, 22, 0)","[(7, 7, 7, 5), (7, 2, 7, 2), (7, 2, 7, 5), (7, '?', 7, '?'), (7, 5, 7, 5), (7, '?', 7, '?'), (7, 7, 7, 5), (7, 3, 7, 2), (7, 4, 7, 5), (7, 1, 7, 5), (7, 5, 7, 5), (7, '?', 7, 5), (7, 2, 7, 5), (7, 5, 7, 5), (7, 3, 7, 5)]"
"(12, 12, 26, 26, 0)","[(7, 5, 7, 5), (7, 5, 7, 5), (7, 2, 7, 5)]"
"(12, 12, 27, 2, 0)","[(0, '?', 7, 6), (0, '?', 7, 6), (0, 7, 7, 6), (0, 7, 7, 6), (0, 2, 7, 0), (0, '?', 7, 6), (0, 3, 7, 6)]"
"(12, 12, 27, 4, 0)","[(0, 0, 7, 6)]"
"(12, 12, 27, 9, 0)","[(0, 3, 7, 7)]"
"(12, 12, 27, 20, 0)","[(0, 0, 7, 2), (0, 3, 7, 2), (0, '?', 7, 2), (0, 3, 7, 2)]"
"(12, 12, 27, 22, 0)","[(0, 3, 7, '?'), (0, 7, 7, '?'), (0, 7, 7, '?')]"
"(12, 13, 2, 2, 0)","[(6, 1, 7, 6), (6, 6, 7, 0), (6, 6, 7, 6), (6, 6, 7, 6), (6, 4, 7, 0), (6, 6, 7, 0), (6, 6, 7, 0), (6, 6, 7, 0), (6, 6, 7, 0), (6, 4, 7, 6), (6, 1, 7, 6), (6, 4, 7, 0), (6, 4, 7, 6), (6, 4, 7, 0)]"
"(12, 13, 2, 16, 0)","[(5, 1, 7, 2)]"
"(12, 13, 2, 20, 0)","[(6, 4, 7, 2), (6, 4, 7, 2), (6, 6, 7, 2), (6, 4, 7, 2), (6, 6, 7, 2)]"
"(12, 13, 2, 21, 0)","[(5, 4, 7, '?'), (5, 4, 7, '?'), (5, 4, 7, '?'), (5, 1, 7, '?')]"
"(12, 13, 2, 22, 0)","[(6, 1, 7, 6), (5, 4, 7, 5), (6, 4, 7, '?'), (6, 4, 7, '?'), (6, 4, 7, '?'), (6, 1, 7, '?')]"
"(12, 13, 2, 25, 0)","[(4, 4, 7, 6), (4, 6, 7, 0), (4, 6, 7, 6), (5, 6, 7, 0), (4, 1, 7, 0), (5, 4, 7, 0), (4, 4, 7, 6), (4, 6, 7, 6)]"
"(12, 13, 4, 2, 0)","[(6, 5, 7, 6), (6, 5, 7, 6), (6, 5, 7, 6), (6, 0, 7, 6), (6, 0, 7, 0), (6, 0, 7, 6), (6, 5, 7, 6), (6, 0, 7, 0), (6, 0, 7, 0), (6, 0, 7, 0), (6, 0, 7, 0)]"
"(12, 13, 4, 4, 0)","[(6, 5, 7, '?'), (6, 5, 7, 6)]"
"(12, 13, 4, 16, 0)","[(5, 0, 7, 2), (5, 0, 7, 2), (4, 5, 7, 2)]"
"(12, 13, 4, 20, 0)","[(6, 0, 7, 2), (6, 0, 7, 2), (6, 5, 7, 2), (6, 0, 7, 2), (6, 5, 7, 2)]"
"(12, 13, 4, 21, 0)","[(5, 5, 7, '?'), (5, 0, 7, '?'), (5, 0, 7, '?'), (5, 5, 7, '?'), (5, 0, 7, '?'), (5, 5, 7, '?')]"
"(12, 13, 4, 22, 0)","[(6, 0, 7, '?'), (6, 5, 7, 2), (6, 0, 7, '?'), (6, 0, 7, '?'), (6, 0, 7, '?'), (6, 5, 7, '?'), (6, 0, 7, '?'), (6, 5, 7, '?'), (6, 0, 7, '?'), (6, 0, 7, '?')]"
"(12, 13, 4, 25, 0)","[(5, 5, 7, 0), (5, 5, 7, 6), (5, 0, 7, 6), (5, 0, 7, 6), (5, 0, 7, 0), (5, 5, 7, 6), (5, 5, 7, 6), (5, 0, 7, 6), (5, 5, 7, 0), (5, 5, 7, 6), (5, 5, 7, 6), (5, 5, 7, 6), (5, 0, 7, 6), (5, 5, 7, 0), (5, 5, 7, 6), (5, '?', 7, 0), (5, 0, 7, 0), (5, 0, 7, 0)]"
"(12, 13, 6, 2, 0)","[(6, 2, 7, 6), (6, 2, 7, 6), (6, 3, 7, 6), (6, 3, 7, 0), (6, 3, 7, 6), (6, 2, 7, 0), (6, 3, 7, 0), (6, 7, 7, 6), (6, 2, 7, 6), (6, 7, 7, 0), (6, 7, 7, 6), (6, 3, 7, 6)]"
"(12, 13, 6, 16, 0)","[(4, 7, 7, 2), (5, 3, 7, 2), (5, 3, 7, 2), (4, 7, 7, 2)]"
"(12, 13, 6, 20, 0)","[(6, 3, 7, 2), (6, 7, 7, 2), (6, 2, 7, 2), (6, 2, 7, 2), (6, 7, 7, 2)]"
"(12, 13, 6, 21, 0)","[(5, 7, 7, '?'), (5, 7, 7, '?'), (4, 7, 7, 6), (5, 2, 7, '?'), (4, 7, 7, 2), (4, 3, 7, '?'), (5, 3, 7, '?'), (5, 3, 7, '?'), (5, 7, 7, '?'), (5, 3, 7, '?')]"
"(12, 13, 6, 22, 0)","[(5, 2, 7, 5), (6, 7, 7, 6), (6, 3, 7, '?'), (6, 7, 7, '?'), (6, 7, 7, 6), (6, 7, 7, 0), (6, 7, 7, 2), (6, 3, 7, '?'), (6, 3, 7, '?'), (6, 7, 7, 6), (6, 7, 7, 0), (6, 7, 7, 6), (6, 3, 7, '?')]"
"(12, 13, 6, 25, 0)","[(5, 3, 7, 6), (4, 2, 7, 6), (5, 3, 7, 6), (5, 3, 7, 6), (5, 7, 7, 0), (5, 3, 7, 0), (4, 2, 7, 6), (5, 3, 7, 6), (5, 3, 7, 6), (4, 3, 7, 0), (4, 3, 7, 6), (5, 2, 7, 6), (4, 3, 7, 0), (4, 3, 7, 6), (5, 3, 7, 0), (5, 7, 7, 0), (4, 3, 7, 6), (5, 7, 7, 0)]"
"(12, 13, 9, 9, 0)","[(6, 7, 7, 7)]"
"(12, 13, 12, 21, 0)","[(5, '?', 7, '?')]"
"(12, 13, 16, 2, 0)","[(5, 6, 7, 1), (5, 4, 7, 1), (5, 6, 7, 1)]"
"(12, 13, 16, 4, 0)","[(5, 0, 7, 1), (5, 5, 7, 1), (5, 0, 7, 1), (5, 0, 7, 1), (5, 0, 7, 1), (5, 0, 7, 1), (5, 5, 7, 1), (5, '?', 7, 1)]"
"(12, 13, 16, 6, 0)","[(5, 7, 7, 1), (5, 2, 7, 1), (5, 3, 7, 1), (1, 7, 7, 1), (4, 3, 7, 1), (5, 3, 7, 1)]"
"(12, 13, 16, 16, 0)","[(5, '?', 7, 1), (5, 7, 7, 1)]"
"(12, 13, 16, 20, 0)","[(5, '?', 7, 1)]"
"(12, 13, 16, 25, 0)","[(5, 1, 7, 1), (5, '?', 7, 1)]"
"(12, 13, 20, 2, 0)","[(6, 6, 7, 5), (6, 6, 7, 5), (5, 6, 7, 5), (6, 6, 7, 5), (6, 6, 7, 1), (5, 4, 7, 1), (5, 4, 7, 5), (6, 6, 7, 1), (6, 4, 7, 5), (6, 4, 7, 5), (6, 1, 7, 5), ('?', 4, 7, 1), (6, 4, 7, 5), (6, 6, 7, 1), (5, 1, 7, 5), (6, 6, 7, 5), (5, 6, 7, 5), (6, 1, 7, 1), (6, 4, 7, 5), (6, 6, 7, 5), (5, 1, 7, 5), (6, 1, 7, 5), (6, 1, 7, 1), (6, 4, 7, 5), (6, 4, 7, 5), (6, 6, 7, 1), (6, 6, 7, 1), (6, 4, 7, 5), (6, 1, 7, 1)]"
"(12, 13, 20, 4, 0)","[(5, 5, 7, 5), (6, 5, 7, 1), (5, 0, 7, 5), (6, 5, 7, 1), (6, 0, 7, 1), (5, 5, 7, 1), (6, 5, 7, 5), (6, 0, 7, 1), (6, 5, 7, 1), (5, 5, 7, 5), (6, 0, 7, 1), (6, 5, 7, 1), (5, 0, 7, 5), (6, 5, 7, 5), (5, 5, 7, 5), (6, 5, 7, 5), (6, 0, 7, 1), (6, 5, 7, 5), (6, 5, 7, 5), (6, 0, 7, 1), (6, 0, 7, 1), (5, 0, 7, 5), (6, 5, 7, 1), (6, 0, 7, 1), (6, 5, 7, 5)]"
"(12, 13, 20, 6, 0)","[(5, 3, 7, 5), (6, 7, 7, 1), (6, 7, 7, 1), (6, 3, 7, 1), (6, 3, 7, 1), (5, 2, 7, 5), (6, 7, 7, 5), (6, 7, 7, 5), (5, 2, 7, 5), (5, 2, 7, 5), (6, 2, 7, 5), (5, 3, 7, 5), (6, 3, 7, 1), (6, 2, 7, 5), (5, 2, 7, 5), (6, 3, 7, 1), (6, 7, 7, 5), (5, 3, 7, 5), (5, 3, 7, 5), (6, 3, 7, 1)]"
"(12, 13, 20, 20, 0)","[(6, '?', 7, 1), (6, 7, 7, 1), (6, '?', 7, 1), (6, 2, 7, 1), (6, 7, 7, 1), (6, 3, 7, 1), (6, 7, 7, 1), (6, 2, 7, 1), (6, 7, 7, 1), (6, '?', 7, 1)]"
"(12, 13, 20, 22, 0)","[(5, 5, 7, 5), (6, 2, 7, 5), (5, 0, 7, 5), (5, 5, 7, 5), (5, 5, 7, 5), (5, '?', 7, 5), (5, '?', 7, 5), (6, '?', 7, 5), (5, 1, 7, 5), (5, 6, 7, 5), (5, 6, 7, 5), (6, 2, 7, 5), (5, 2, 7, 5), (6, 4, 7, 5), (6, 1, 7, 5), (6, 2, 7, 5), (6, 4, 7, 5), (6, 2, 7, 5)]"
"(12, 13, 20, 25, 0)","[(5, '?', 7, 1), (5, 1, 7, 1)]"
"(12, 13, 22, 2, 0)","[(6, 3, 7, 6), (6, 3, 7, 6), (6, 3, 7, 6), (6, 3, 7, 0), (6, '?', 7, 6), (6, '?', 7, 6), (6, 3, 7, 0), (6, 2, 7, 0), (6, 3, 7, 0), (6, '?', 7, 0)]"
"(12, 13, 22, 16, 0)","[(5, 3, 7, 2)]"
"(12, 13, 22, 20, 0)","[(6, 2, 7, 2), (6, '?', 7, 2), (6, 3, 7, 2), (6, 2, 7, 2), (6, '?', 7, 2), (6, '?', 7, 2), (6, 2, 7, 2), (6, 7, 7, 2), (6, '?', 7, 2), (6, 3, 7, 2)]"
"(12, 13, 22, 21, 0)","[(5, 3, 7, '?')]"
"(12, 13, 22, 22, 0)","[(6, 7, 7, 6), (6, 7, 7, '?'), (6, 3, 7, '?')]"
"(12, 13, 22, 25, 0)","[(5, 3, 7, 0), (5, 3, 7, 6), (4, 2, 7, 0), (4, 3, 7, 0)]"
"(12, 13, 25, 25, 0)","[(5, 3, 7, 0)]"
"(12, 15, 4, 8, 0)","[(7, 5, 7, 1)]"
"(12, 15, 6, 2, 0)","[(7, 2, 7, 6)]"
"(12, 15, 6, 6, 0)","[(7, 2, 7, 6)]"
"(12, 15, 15, 2, 0)","[(7, 6, 7, 1)]"
"(12, 15, 16, 6, 0)","[(7, 7, 7, 1), (7, 7, 3, 1), (7, 3, 3, 1), (7, 2, 7, 1), (7, 7, 3, 1), (7, 7, 3, 1)]"
"(12, 15, 20, 2, 0)","[(7, 6, 7, 1), (7, 4, 3, 1), (7, 1, 7, 1), (7, 1, 7, 1), (7, 1, 7, 1), (7, 4, 7, 1), (7, 4, 7, 1)]"
"(12, 15, 20, 4, 0)","[(7, 5, 7, 1), (7, 5, 7, 1), (7, 5, 7, 1), (7, 5, 7, 1), (7, 5, 7, 1), (7, 5, 7, 1)]"
"(12, 15, 20, 6, 0)","[(7, 7, 3, 1), (7, 7, 7, 1)]"
"(12, 15, 20, 8, 0)","[(7, 2, 7, 1)]"
"(12, 15, 20, 16, 0)","[(7, 5, 3, 1), (7, 7, 7, 1)]"
"(12, 15, 20, 20, 0)","[(7, 7, 7, 1), (7, 7, 7, 1), (7, 7, 7, 1), (7, 7, 7, 1), (7, 6, 7, 1), (7, 1, 7, 1), (7, 1, 7, 1), (7, 4, 7, 1), (7, 1, 7, 1), (7, 4, 7, 1), (7, 2, 7, 1)]"
"(12, 15, 20, 25, 0)","[(7, 6, 7, 1)]"
"(12, 18, 20, 2, 0)","[(1, 4, 3, 1)]"
"(12, 18, 20, 8, 0)","[(1, 4, 3, 1)]"
"(12, 20, 2, 15, 0)","[(3, 4, 3, 1)]"
"(12, 20, 2, 16, 0)","[(4, 4, 3, 1), (1, 4, 3, 1), (1, 4, 3, 1)]"
"(12, 20, 2, 17, 0)","[(2, 1, 3, 1), (2, 1, 3, 1), (2, 1, 3, 1)]"
"(12, 20, 2, 20, 0)","[(0, 4, 3, 1), ('?', '?', 3, 1), ('?', 4, 3, 1), ('?', 4, 3, 1), (0, 6, 3, 1)]"
"(12, 20, 4, 15, 0)","[(3, 5, 3, 1)]"
"(12, 20, 4, 16, 0)","[(4, 0, 3, 1)]"
"(12, 20, 4, 17, 0)","[(2, 0, 3, 1), (2, 5, 3, 1), (2, 0, 3, 1)]"
"(12, 20, 4, 20, 0)","[('?', 5, 3, 1), ('?', 0, 3, 1), ('?', 0, 3, 1), (3, 0, 3, 1), ('?', 5, 3, 1), ('?', 5, 3, 1), (0, 5, 3, 1), ('?', 0, 3, 1), (3, 0, 3, 1), ('?', 5, 3, 1), (2, 0, 3, 1), (2, 0, 3, 1), (3, 5, 3, 1), (3, 0, 3, 1), (0, 5, 3, 1), ('?', 0, 3, 1), (3, 0, 3, 1)]"
"(12, 20, 4, 25, 0)","[(4, 0, 3, 1)]"
"(12, 20, 4, 27, 0)","[(0, 5, 3, 1)]"
"(12, 20, 6, 15, 0)","[(3, '?', 3, 1), (3, 3, 3, 1)]"
"(12, 20, 6, 16, 0)","[(3, 2, 3, 1)]"
"(12, 20, 6, 17, 0)","[(2, 3, 3, 1)]"
"(12, 20, 6, 20, 0)","[(0, 7, 3, 1), (2, 7, 3, 1), (1, 2, 3, 1), ('?', 3, 3, 1), (0, 7, 3, 1), (0, 3, 3, 1), (0, 7, 3, 1), (0, 7, 3, 1), (0, 2, 3, 1)]"
"(12, 20, 8, 20, 0)","[(1, 4, 3, 1)]"
"(12, 20, 10, 20, 0)","[(1, 2, 3, 1), (1, 2, 3, 1), (1, 2, 3, 1), (1, 3, 3, 1), (1, 6, 7, 1)]"
"(12, 20, 11, 20, 0)","[(2, 6, 3, 1), (2, 6, 3, 1), (2, 6, 3, 1)]"
"(12, 20, 15, 20, 0)","[(3, '?', 3, 1), (3, 7, 3, 1), (3, 2, 3, 1), (3, '?', 3, 1)]"
"(12, 20, 17, 20, 0)","[(2, 6, 3, 1), (2, 2, 3, 1), (2, '?', 3, 1), (2, 3, 3, 1), (2, 6, 3, 1), (2, 7, 3, 1), (2, '?', 3, 1), (2, 6, 3, 1)]"
"(12, 20, 18, 20, 0)","[(3, 6, 3, 1)]"
"(12, 20, 20, 2, 0)","[('?', '?', 3, 1)]"
"(12, 20, 20, 4, 0)","[(2, 5, 3, 1), ('?', 0, 3, 1), ('?', 0, 3, 1), ('?', 0, 7, 1), (1, 0, 3, 1)]"
"(12, 20, 20, 6, 0)","[(3, 2, 3, 1), (3, 3, 3, 1), (3, 3, 3, 1), ('?', 3, 3, 1), ('?', 3, 3, 1), ('?', 3, 3, 1)]"
"(12, 20, 20, 8, 0)","[(1, 3, 3, 1), (1, 3, 3, 1), (1, 4, 7, 1), (1, 7, 3, 1), (1, 2, 3, 1), (1, 7, 3, 1), (1, 3, 3, 1), (1, 3, 3, 1), (1, 2, 3, 1)]"
"(12, 20, 20, 10, 0)","[(1, 7, 3, 1), (1, 7, 3, 1), (1, 3, 3, 1), (1, 0, 3, 1), (1, 7, 3, 1)]"
"(12, 20, 20, 12, 0)","[('?', 6, 7, 1)]"
"(12, 20, 20, 15, 0)","[(3, 2, 3, 1), (3, 4, 3, 1), (3, 2, 3, 1), (3, '?', 3, 1), (3, '?', 3, 1), (3, '?', 3, 1), (3, 6, 7, 1), (3, 4, 3, 1)]"
"(12, 20, 20, 17, 0)","[(2, '?', 3, 1), (2, 3, 3, 1), (2, 2, 3, 1), (2, 7, 3, 1), (2, 3, 3, 1), (2, 3, 3, 1), (2, 7, 3, 1), (2, '?', 3, 1), (2, 3, 3, 1), (2, 2, 3, 1), (2, 6, 3, 1), (2, 3, 3, 1), (2, '?', 3, 1), (2, 2, 3, 1), (2, 3, 3, 1)]"
"(12, 20, 20, 20, 0)","[(3, '?', 3, 1), (3, 4, 3, 1), (3, '?', 3, 1), (0, 6, 3, 1), (3, 7, 3, 1), (0, 6, 3, 1), (3, 7, 3, 1), (0, 7, 3, 1), ('?', '?', 3, 1), ('?', '?', 3, 1), (3, 4, 3, 1), (3, 6, 3, 1), (0, 1, 3, 1), ('?', 6, 7, 1), (3, 1, 7, 1), (0, 2, 3, 1), (6, 1, 7, 1), ('?', 3, 3, 1), (6, 1, 7, 1), (0, 6, 3, 1)]"
"(12, 20, 20, 22, 0)","[('?', '?', 3, 1), ('?', 1, 3, 1), ('?', 4, 3, 1), ('?', '?', 3, 1), (0, 6, 3, 1)]"
"(12, 20, 20, 25, 0)","[(4, 7, 3, 1), (4, 0, 3, 1), (4, 4, 3, 1), (4, 7, 3, 1), (4, 1, 7, 1), (4, 3, 3, 1)]"
"(12, 20, 20, 27, 0)","[(0, '?', 3, 1), (0, 0, 3, 1), (0, 4, 3, 1), (0, 4, 3, 1), (0, 0, 3, 1), (0, 0, 3, 1), (0, 2, 3, 1), (0, 2, 3, 1), (0, 4, 3, 1)]"
"(12, 20, 22, 16, 0)","[(1, 1, 7, 1)]"
"(12, 20, 22, 20, 0)","[(2, '?', 3, 1), (0, 1, 3, 1), ('?', '?', 3, 1), ('?', '?', 3, 1), (0, 4, 3, 1), (5, 4, 3, 5)]"
"(12, 20, 25, 16, 0)","[(4, 7, 3, 1), (4, '?', 3, 1), (4, '?', 3, 1), (4, '?', 3, 1)]"
"(12, 20, 25, 25, 0)","[(4, 3, 3, 1), (4, 4, 3, 1), (4, 2, 3, 1), (4, 4, 3, 1), (4, '?', 3, 1)]"
"(12, 20, 27, 20, 0)","[(0, 3, 3, 1), (0, 7, 3, 1), (0, 6, 3, 1), (0, 5, 3, 1), (0, 0, 3, 1), (0, 3, 3, 1), (0, '?', 3, 1), (0, 2, 3, 1), (0, 1, 4, 1), (0, 3, 3, 1), (0, '?', 3, 1), (0, '?', 3, 1), (0, '?', 3, 1), (0, 2, 3, 1), (0, '?', 3, 1), (0, 3, 3, 1), (0, 7, 3, 1), (0, 4, 3, 1), (0, 2, 3, 1), (0, '?', 3, 1), (0, 4, 3, 1), (0, 4, 3, 1), (0, 1, 3, 1)]"
"(12, 21, 4, 16, 0)","[(4, 0, 3, 2)]"
"(12, 21, 20, 21, 0)","[(4, '?', 3, 2)]"
"(12, 21, 22, 16, 0)","[(4, 2, 3, 2), (4, '?', 3, 2)]"
"(12, 21, 22, 21, 0)","[(4, '?', 3, 2)]"
"(12, 22, 2, 2, 0)","[(0, 6, 3, 0), ('?', 4, 3, 6), (3, 1, 3, 0), ('?', 6, 3, 0), ('?', 6, 3, 6), ('?', 4, 3, 6), (0, 1, 7, 0), ('?', 1, 7, 0), ('?', 6, 3, 0)]"
"(12, 22, 2, 8, 0)","[(1, 6, 3, 6), (1, 6, 3, 0), (1, 6, 3, 0), (1, 4, 7, 0), (1, 6, 3, 6), (1, 1, 7, 0), (1, 4, 7, 6), (1, 4, 7, 0), (1, 1, 7, 0), (1, 1, 7, 6), (1, 1, 3, 0), (1, 6, 3, 0), (1, 1, 3, 0), (1, 6, 7, 6), (1, 4, 7, 0), (1, 6, 3, 0), (1, 6, 3, 6), (1, 6, 3, 0), (1, 1, 3, 6), (1, 4, 7, 0), (1, 4, 3, 0)]"
"(12, 22, 2, 10, 0)","[(1, 6, 3, '?'), (1, 1, 3, 4), (1, 1, 3, 4), (1, 4, 3, '?'), (1, 1, 3, 6), (1, 6, 3, '?'), (1, 1, 3, 6), (1, 1, 7, '?'), (1, 4, 3, '?'), (1, 1, 3, 6), (1, 1, 3, 6), (1, 1, 3, 6), (1, 6, 3, '?'), (1, 1, 3, 6)]"
"(12, 22, 2, 11, 0)","[(2, 1, 3, '?')]"
"(12, 22, 2, 15, 0)","[(3, 4, 3, 6)]"
"(12, 22, 2, 16, 0)","[(1, 4, 3, 2), (4, 6, 3, 2), (1, 1, 3, 2), (1, 4, 3, 2), (1, 4, 7, 2), (1, 4, 3, 2), (1, 1, 3, 2), (1, 1, 3, 2), (1, 4, 3, 2), (4, 4, 3, 2), (1, 1, 3, 2), (1, 4, 3, 2), (4, 4, 7, 2)]"
"(12, 22, 2, 20, 0)","[(2, 1, 3, 2), (0, 6, 3, 2), (2, 1, 3, 2), (0, 4, 3, 2), (0, 6, 3, 2), (3, 1, 3, 2), ('?', 4, 3, 2), (3, 6, 3, 2), (0, 6, 7, 2), (3, 4, 3, 2), (3, 4, 3, 2), ('?', 4, 7, 2), (2, 1, 3, 2)]"
"(12, 22, 2, 21, 0)","[(4, 1, 3, 0), (4, 1, 3, 6), (4, 4, 3, '?'), (4, 4, 3, '?'), (4, 1, 7, 6), (4, 1, 3, 0)]"
"(12, 22, 2, 22, 0)","[('?', 1, 3, 6), ('?', 6, 3, '?')]"
"(12, 22, 2, 25, 0)","[(4, 6, 3, 0), (4, 4, 3, 6), (4, 6, 3, 0), (4, 1, 3, 6), (4, 6, 3, 0)]"
"(12, 22, 2, 26, 0)","[(3, 6, 3, '?'), (3, 4, 3, '?'), (3, 1, 3, '?')]"
"(12, 22, 4, 2, 0)","[(1, 5, 3, 6), (0, 0, 3, 0), (3, 0, 3, 0), ('?', 0, 3, 0), (0, 0, 3, 0), (2, 5, 3, 6), ('?', 5, 3, 6), ('?', 0, 3, 0), (0, 5, 3, 0), (0, 0, 3, 6), ('?', 0, 3, 0), ('?', 0, 3, 0), (2, 5, 3, 6), ('?', 0, 3, 0), (0, 5, 3, 0), (0, 0, 7, 0), (1, 5, 3, 6)]"
"(12, 22, 4, 8, 0)","[(1, 5, 3, 0), (1, 5, 3, 6), (1, 0, 7, 6), (1, 5, 3, 0), (1, 0, 3, 0), (1, 5, 3, 6), (1, 0, 3, 0), (1, 0, 3, 0)]"
"(12, 22, 4, 10, 0)","[(1, 5, 3, '?'), (1, 5, 7, 2), (1, 0, 3, '?'), (1, 0, 3, '?'), (1, 0, 3, '?'), (1, 5, 3, 2), (1, 0, 3, '?'), (1, 5, 3, '?'), (1, 5, 3, '?'), (1, 0, 3, '?')]"
"(12, 22, 4, 11, 0)","[(2, 0, 3, '?'), (2, 0, 3, '?'), (2, 5, 3, '?'), (2, 0, 3, '?'), (2, 5, 3, '?')]"
"(12, 22, 4, 15, 0)","[(3, 0, 3, 6), (3, 0, 3, 0), (3, 5, 3, 0), (3, 0, 3, 6), (3, 0, 3, 0), (3, 5, 3, 0), (3, 0, 3, '?'), (3, 0, 3, 6), (3, 5, 3, 0), (3, 5, 3, 6), (3, 0, 3, 0), (3, 0, 3, 6), (3, 5, 3, 0), (3, 0, 3, 0), (3, 0, 3, 0), (3, 0, 3, 6), (3, 5, 3, 6)]"
"(12, 22, 4, 16, 0)","[(1, 5, 3, 2), (1, 5, 3, 2)]"
"(12, 22, 4, 17, 0)","[(2, 0, 3, 0), (2, 5, 3, 6), (2, 5, 3, 6)]"
"(12, 22, 4, 20, 0)","[(0, 0, 7, 2), (0, 5, 3, 2), (0, 0, 7, 2), (0, 0, 7, 2), (2, 0, 3, 2), (3, 0, 3, 2), (3, 0, 3, 2), (3, 0, 3, 2), ('?', 0, 3, 2), (3, 0, 3, 2), (0, 5, 7, 2)]"
"(12, 22, 4, 21, 0)","[(4, 5, 3, 5)]"
"(12, 22, 4, 22, 0)","[(0, 5, 3, 5), ('?', 5, 3, 5), (3, 5, 3, '?'), ('?', 5, 3, 5)]"
"(12, 22, 4, 25, 0)","[(4, 0, 3, 0), (4, 0, 3, 6), (4, 5, 3, 0), (4, 0, 3, 6), (4, 5, 3, 0)]"
"(12, 22, 4, 26, 0)","[(3, 0, 3, '?'), (3, 0, 3, 5), (3, 0, 3, '?'), (3, 5, 3, 5), (3, 5, 3, '?'), (3, 5, 3, 5), (3, 0, 3, '?'), (3, 5, 3, '?')]"
"(12, 22, 6, 2, 0)","[('?', 3, 3, 0), (1, 7, 3, 0), (1, 7, 3, 0), ('?', 3, 3, 6), (0, 3, 3, 6), (3, 2, 3, 0), ('?', 3, 3, 6), ('?', 3, 3, 6), (1, 3, 3, 6), ('?', 3, 3, 6), (1, 7, 3, 0), ('?', 3, 3, 6), (1, 2, 3, 6), ('?', 3, 3, 0), ('?', 3, 3, 0), (0, 2, 3, 0), ('?', 3, 3, 6)]"
"(12, 22, 6, 8, 0)","[(1, 3, 3, 6), (1, 3, 3, 0)]"
"(12, 22, 6, 10, 0)","[(1, 7, 3, '?'), (1, 7, 7, '?')]"
"(12, 22, 6, 11, 0)","[(2, 2, 3, '?'), (2, 7, 3, 6), (2, 2, 3, '?'), (2, 2, 3, 6), (2, 2, 3, 6)]"
"(12, 22, 6, 15, 0)","[(3, 2, 3, 6)]"
"(12, 22, 6, 20, 0)","[('?', 3, 3, 2), (3, 2, 3, 2), (2, 2, 3, 2)]"
"(12, 22, 6, 21, 0)","[(4, 2, 3, 6), (4, 7, 3, 0), (4, 7, 3, '?'), (4, 7, 3, '?'), (4, 7, 3, '?'), (4, 7, 3, 0), (4, 7, 3, '?'), (4, 7, 3, 3), (4, 2, 3, '?'), (4, 2, 3, '?'), (4, 7, 3, 6), (4, 7, 3, 6), (4, 7, 3, 6)]"
"(12, 22, 6, 22, 0)","[('?', 2, 3, '?'), ('?', 3, 3, '?'), ('?', 7, 3, '?'), ('?', 3, 3, '?'), ('?', 3, 3, '?'), (3, 7, 3, '?'), ('?', '?', 3, '?'), ('?', 2, 3, '?'), ('?', 2, 3, '?'), ('?', 7, 3, '?'), ('?', 7, 3, '?'), ('?', 2, 3, '?')]"
"(12, 22, 6, 25, 0)","[(4, 3, 3, 6)]"
"(12, 22, 6, 26, 0)","[(3, 7, 3, '?'), (3, 7, 3, '?'), (3, 7, 3, 0), (3, '?', 3, '?'), (3, 3, 3, 5), (3, 7, 3, 6), (3, '?', 3, '?')]"
"(12, 22, 7, 7, 0)","[(3, 7, 3, 7)]"
"(12, 22, 8, 2, 0)","[(1, 4, 3, 6)]"
"(12, 22, 8, 8, 0)","[(1, 7, 7, 0)]"
"(12, 22, 9, 9, 0)","[('?', 7, 3, 7), (1, 7, 3, 7), (1, 7, 3, 7), ('?', 7, 3, 7)]"
"(12, 22, 9, 10, 0)","[(1, 7, 3, 7)]"
"(12, 22, 10, 2, 0)","[(1, 2, 3, 6), (1, 3, 3, 6), (1, '?', 3, 0), (1, 0, 3, 0), (1, 4, 7, 6), (1, 6, 3, 6), (1, '?', 3, 0), (1, 3, 3, 0), (1, 6, 3, 0), (1, 2, 7, 0), (1, 0, 3, 0), (1, 3, 3, 0), (1, '?', 3, 0), (1, 2, 7, 6), (1, 2, 7, 0), (1, '?', 7, 6), (1, 3, 3, 0)]"
"(12, 22, 10, 10, 0)","[(1, 5, 3, '?'), (1, '?', 3, '?'), (1, '?', 3, '?'), (1, '?', 3, '?'), (1, 0, 3, '?'), (1, 6, 7, '?'), (1, '?', 3, '?')]"
"(12, 22, 10, 16, 0)","[(1, 0, 3, 2), (1, 0, 3, 2)]"
"(12, 22, 10, 20, 0)","[(1, 2, 3, 2), (1, 3, 3, 2), (1, 3, 3, 2), (1, 0, 3, 2), (1, 3, 3, 2), (1, 1, 7, 2), (1, '?', 7, 2), (1, 2, 3, 2)]"
"(12, 22, 10, 22, 0)","[(1, '?', 3, '?'), (1, '?', 3, '?')]"
"(12, 22, 11, 11, 0)","[(2, 2, 3, 0), (2, 7, 3, 3), (2, 2, 3, 6), (2, 7, 3, 6), (2, 3, 3, 6), (2, 1, 3, '?'), (2, '?', 3, '?'), (2, 4, 3, '?'), (2, 3, 3, '?'), (2, 2, 3, 4), (2, '?', 3, '?'), (2, 7, 3, 6), (2, 7, 3, 6), (2, 3, 3, '?'), (2, 2, 3, 6), (2, 2, 3, '?'), (2, 1, 3, 0), (2, 7, 3, 0), (2, 2, 3, 6), (2, 2, 3, '?'), (2, '?', 3, '?'), (2, '?', 3, '?'), (2, 3, 3, '?'), (2, 1, 3, 0)]"
"(12, 22, 11, 17, 0)","[(2, 7, 3, 0)]"
"(12, 22, 11, 20, 0)","[(2, 2, 3, 2), (2, 2, 3, 2), (2, 6, 3, 2), (2, 2, 3, 2), (2, 4, 3, 2), (2, 3, 3, 2), (2, 6, 7, 2), (2, '?', 3, 2), (2, 2, 3, 2), (2, '?', 3, 2), (2, '?', 3, 2), (2, 2, 7, 2), (2, 1, 7, 2), (2, '?', 3, 2), (2, 6, 3, 2), (2, 1, '?', 2), (2, '?', 3, 2), (2, '?', 3, 2), (2, 3, 3, 2), (2, 1, 3, 2), (2, 4, 3, 2), (2, '?', 3, 2), (2, 4, 7, 2), (2, 4, 3, 2), (2, 3, 3, 2), (2, 2, 3, 2), (2, '?', 3, 2), (2, 6, 3, 2), (2, 4, 3, 2), (2, 3, 3, 2)]"
"(12, 22, 15, 2, 0)","[(3, '?', 3, 6)]"
"(12, 22, 15, 6, 0)","[(3, 3, 3, 6), (3, 3, 3, 6)]"
"(12, 22, 15, 15, 0)","[(3, '?', 3, 0), (3, '?', 3, 0), (3, '?', 3, 0), (3, '?', 3, 0), (3, '?', 3, 6), (3, 3, 3, 6), (3, '?', 3, 6), (3, 3, 3, 6)]"
"(12, 22, 17, 9, 0)","[(2, 6, 3, 7), (2, 7, 3, 7)]"
"(12, 22, 17, 11, 0)","[(2, 0, 3, '?')]"
"(12, 22, 17, 17, 0)","[(2, '?', 3, 0), (2, '?', 3, 0), (2, 5, 3, 0), (2, 0, 3, 0), (2, '?', 3, 0), (2, 5, 3, 0), (2, '?', 3, 0), (2, '?', 3, 0), (2, '?', 3, 0), (2, '?', 3, 0), (2, 5, 3, 0)]"
"(12, 22, 20, 4, 0)","[(2, 0, 3, 5), (0, 5, 3, 5), ('?', 5, 3, 1), (0, 0, 3, 5), (2, '?', 3, 5), (1, 0, 7, 5), (0, 0, 3, 5), (5, 5, 3, 5), ('?', 0, 3, 5), ('?', 5, 3, 5), (1, 5, 3, 5), ('?', 0, 3, 5), ('?', 0, 3, 5)]"
"(12, 22, 20, 6, 0)","[('?', 7, 3, 5), ('?', 7, 3, 5), ('?', 7, 3, 5), ('?', 3, 3, 5), ('?', 2, 3, 5)]"
"(12, 22, 20, 10, 0)","[(1, 5, 3, 5), (1, 4, 3, 5), (1, '?', 3, 5), (1, 6, 3, 5), (1, 5, 3, 5), (1, 4, 7, 5), (1, 4, 3, 5), (1, 6, 3, 5), (1, 1, 7, 5), (1, 6, 3, 5), (1, 4, 3, 5), (1, 4, 7, 5), (1, 7, 3, 5), (1, 4, 7, 5), (1, 6, 3, 5), (1, 4, 7, 5), (1, 2, 7, 5), (1, '?', 7, 5), (1, 3, 3, 5), (1, 2, 7, 5), (1, 0, 7, 5), (1, 4, 3, 5), (1, 0, 7, 5), (1, 2, 7, 5), (1, 2, 7, 5), (1, '?', 3, 5), (1, '?', 3, 5), (1, 3, 3, 5), (1, 0, 3, 5), (1, 6, 7, 5), (1, 5, 3, 5), (1, 6, 3, 5), (1, 6, 3, 5), (1, '?', 7, 5), (1, 1, 7, 5), (1, 7, 3, 5), (1, 4, 7, 5), (1, 4, 7, 5), (1, 6, 3, 5), (1, 0, 3, 5), (1, '?', 3, 5), (1, 1, 7, 5), (1, 0, 3, 5), (1, 0, 3, 5), (1, 6, 7, 5), (1, 7, 7, 5), (1, 2, 7, 5)]"
"(12, 22, 20, 11, 0)","[(2, 2, 3, 5), (2, 3, 3, 5), (2, 6, 3, 5), (2, 7, 3, 5), (2, 3, 3, 5), (2, '?', 3, 5), (2, 2, 3, 5), (2, 3, 3, 5), (2, 6, 3, 5), (2, '?', 3, 5), (2, 3, 3, 5), (2, 1, 7, 5), (2, '?', 3, 5), (2, 1, 7, 5), (2, 2, 3, 5), (2, '?', 3, 5), (2, 3, 3, 5), (2, 6, 7, 5), (2, 6, 3, 5), (2, 2, 3, 5), (2, 6, 3, 5), (2, 6, 3, 5), (2, 3, 3, 5), (2, 7, 3, 5), (2, 6, 3, 5), (2, '?', 3, 5)]"
"(12, 22, 20, 15, 0)","[(3, 1, 7, 5)]"
"(12, 22, 20, 21, 0)","[(4, 1, 3, 5), (4, '?', 3, 5), (4, 2, 3, 5), (4, 6, 3, 5), (4, 1, 3, 5), (4, 2, 3, 5), (4, 1, 3, 5), (4, 1, 3, 5), (4, 6, 3, 5), (4, 2, 7, 5), (4, 6, 3, 5), (4, 6, 3, 5), (4, 2, 3, 5), (4, '?', 3, 5), (4, 1, 3, 5), (4, '?', 3, 5), (4, '?', 3, 5), (4, 7, 7, 5), (4, '?', 3, 5), (4, '?', 3, 5), (4, 6, 3, 5), (4, 7, 3, 5), (4, '?', 3, 5), (4, 2, 7, 5)]"
"(12, 22, 20, 22, 0)","[('?', 2, 3, 5), (0, 4, 3, 5), ('?', 0, 3, 5), (0, 2, 3, 5), ('?', 1, 3, 5), ('?', '?', 3, 5), (0, 2, 3, 5), (0, 6, 3, 5), (0, 4, 3, 5), ('?', '?', 3, 5), ('?', 6, 3, 5), ('?', 6, 3, 5), (4, 6, 3, 5), ('?', 6, 3, 5), (0, 1, 7, 5), ('?', 4, 3, 5), (0, 1, 7, 5), ('?', 4, 3, 5), ('?', '?', 3, 5), ('?', '?', 3, 5), ('?', 0, 3, 5), ('?', 2, 3, 5), (0, 6, 7, 5), ('?', 1, 3, 5), ('?', 3, 3, 5), ('?', 4, 3, 5), (0, 2, 3, 5), (0, 4, 3, 5), (0, 3, 3, 5), ('?', 1, 3, 5), (0, 4, 3, 5), (0, 6, 7, 5), ('?', 4, 3, 5), (5, 4, 3, 5), ('?', 7, 7, 5), ('?', 1, 3, 5), (0, 7, 7, 5), ('?', 0, 3, 5), ('?', 5, 3, 5), ('?', 1, 3, 5), (3, '?', 3, 5), ('?', 6, 7, 5), (0, 4, 3, 5), ('?', '?', 3, 5), ('?', 1, 3, 5), ('?', 0, 3, 5), ('?', 4, 3, 5), ('?', 2, 3, 5), (0, 4, 7, 5), (0, 3, 3, 5), ('?', '?', 3, 5), (1, 0, 7, 5), (0, 7, 3, 5), (3, 2, 3, 5), (0, 6, 3, 5), ('?', '?', 3, 5), (0, 1, 7, 5), ('?', 4, 3, 5), (1, 0, 7, 5), ('?', '?', 3, 5), (0, 6, 3, 5), ('?', 3, 3, 5), ('?', '?', 3, 5)]"
"(12, 22, 20, 26, 0)","[(3, '?', 3, 5), (3, 1, 3, 5), (3, 1, 3, 5), (3, 2, 3, 5), (3, 7, 3, 5), (3, 1, 3, 5), (3, 3, 3, 5), (3, 7, 3, 5), (3, 2, 3, 5), (3, 6, 3, 5), (3, 7, 3, 5), (3, '?', 3, 5), (3, 7, 3, 5), (3, 1, 3, 5), (3, 6, 3, 5), (3, 1, 7, 5), (3, 1, 3, 5), (3, 1, 7, 5), (3, 1, 7, 5), (3, 6, 3, 5), (3, 6, 3, 5), (3, '?', 3, 5), (3, 7, 3, 5), (3, 7, 3, 5), (3, 7, 3, 5), (3, 2, 3, 5), (3, 2, 3, 5), (3, 6, 3, 5), (3, 2, 3, 5), (3, 6, 3, 5)]"
"(12, 22, 20, 27, 0)","[(0, 2, 3, 5), (0, 3, 3, 5), (0, 2, 3, 5), (0, 6, 3, 5), (0, 4, 3, 5), (0, 3, 3, 5), (0, 3, 3, 5), (0, 4, 3, 5), (0, 4, 3, 5), (0, '?', 3, 5), (0, '?', 3, 5), (0, 0, 3, 5), (0, '?', 3, 5), (0, 6, 3, 5), (0, '?', 3, 5)]"
"(12, 22, 21, 16, 0)","[(4, 3, 3, 2), (4, 1, 3, 2), (4, 2, 3, 2), (4, 3, 3, 2), (4, '?', 3, 2), (4, 3, 3, 2), (4, 4, 3, 2), (4, 6, 7, 2), (4, 0, 7, 2), (4, 2, 3, 2)]"
"(12, 22, 21, 21, 0)","[(4, 2, 3, '?'), (4, 6, 3, 2), (4, 0, 3, '?'), (4, 3, 3, 0), (4, 5, 3, 5), (4, 4, 3, '?'), (4, '?', 3, '?'), (4, 2, 3, '?')]"
"(12, 22, 22, 2, 0)","[('?', '?', 3, 0), ('?', 4, 3, 0), (0, 6, 3, 0), ('?', 2, 3, 0), (0, '?', 3, 0), (0, 3, 3, 6), (0, 4, 3, 0), ('?', 6, 3, 6), (1, 0, 3, 6), ('?', '?', 3, 0), (0, '?', 3, 0), ('?', '?', 3, 6), (0, 5, 3, 0), (0, 4, 3, 0), ('?', '?', 3, 0), ('?', '?', 3, 6), ('?', '?', 3, 0), (1, 5, 3, 0), (0, '?', 7, 6), (3, '?', 3, 0), (0, 6, 3, 0), ('?', 6, 3, 6), (0, 4, 7, 0), ('?', '?', 3, 6), ('?', '?', 3, 6), (0, 6, 7, 6), (1, 6, 7, 0), (0, 6, 7, 6), ('?', '?', 3, 0), ('?', 3, 3, 0), (0, 4, 3, 6), (0, 1, 7, 6), ('?', '?', 3, 0), (0, '?', 7, 0), (0, 4, 7, 6), (0, 1, 7, 6), (0, 1, 7, 0), ('?', '?', 3, 0), (0, 4, 3, 0), (0, 2, 3, 0), (0, 6, 7, 0), ('?', '?', 3, 0), (0, '?', 7, 0), ('?', '?', 3, 6), ('?', '?', 3, 6), (0, 4, 7, 6), (0, 6, 7, 6), ('?', 4, 3, 0), (0, 6, 3, 0), (0, 5, 3, 0), ('?', '?', 3, 6), ('?', '?', 3, 6), (0, '?', 7, 0), (0, 6, 7, 6), (3, 1, 3, 0), ('?', 7, 3, 0)]"
"(12, 22, 22, 8, 0)","[(1, 6, 7, 0), (1, 6, 3, 0), (1, 3, 3, 6), (1, '?', 3, 0), (1, '?', 3, 0), (1, 1, 3, 0), (1, 6, 7, 6), (1, 7, 7, 0), (1, '?', 7, 0), (1, '?', 7, 6), (1, '?', 7, 6), (1, 2, 7, 0), (1, 6, 7, 6), (1, 6, 3, 0), (1, 4, 7, 0), (1, '?', 7, 6), (1, 4, 7, 6), (1, '?', 7, 0), (1, 6, 7, 0), (1, 6, 7, 6), (1, 7, 3, 0), (1, 6, 7, 6)]"
"(12, 22, 22, 10, 0)","[(1, 5, 3, 5), (1, 0, 3, '?'), (1, '?', 3, '?'), (1, 7, 3, '?')]"
"(12, 22, 22, 11, 0)","[(2, '?', 3, 0)]"
"(12, 22, 22, 15, 0)","[(3, 2, 3, 6)]"
"(12, 22, 22, 16, 0)","[(1, 5, 3, 2), (1, 7, 7, 2)]"
"(12, 22, 22, 20, 0)","[('?', 6, 3, 2), (0, 3, 3, 2), ('?', '?', 3, 2), (0, 1, 7, 2), (0, 6, 7, 2), ('?', 3, 3, 2), (0, 3, 3, 2), (0, 3, 3, 2), ('?', 3, 3, 2), (0, 1, 3, 2), ('?', 6, 3, 2), (0, 6, 3, 2), (0, 2, 3, 2), (0, 4, 3, 2), (0, 2, 3, 2), ('?', '?', 3, 2), ('?', 2, 3, 2), (0, 7, 3, 2), ('?', '?', 3, 2), ('?', '?', 3, 2), ('?', 7, 3, 2), ('?', 7, 3, 2), ('?', 2, 3, 2), ('?', 6, 3, 2), ('?', '?', 3, 2), ('?', 2, 3, 2), (0, 4, 7, 2), (0, 4, 7, 2), ('?', 6, 7, 2), ('?', 3, 3, 2), (0, 6, 7, 2), ('?', 3, 3, 2), (0, 2, 3, 2), ('?', 6, 7, 2), ('?', 6, 3, 2), ('?', '?', 3, 2), ('?', 3, 3, 2), ('?', 7, 3, 2), ('?', 6, 3, 2), (0, 4, 7, 2)]"
"(12, 22, 22, 21, 0)","[(4, '?', 3, '?'), (4, 7, 3, '?'), (4, 4, 3, '?'), (4, '?', 3, '?'), (4, 7, 3, 0), (4, 2, 3, 5), (4, 0, 3, '?'), (4, '?', 3, '?'), (4, 3, 3, 0), (4, 3, 3, '?'), (4, 7, 3, 0), (4, 1, 3, 0), (4, 4, 3, '?'), (4, '?', 3, '?'), (4, '?', 3, '?'), (4, '?', 3, '?'), (4, 7, 3, 0), (4, 7, 3, '?'), (4, '?', 3, '?'), (4, 1, 7, 6), (4, 5, 3, 5)]"
"(12, 22, 22, 22, 0)","[(0, 2, 3, '?'), (0, 6, 7, '?'), ('?', '?', 3, '?'), (0, 4, 3, '?'), ('?', 6, 3, '?'), ('?', 7, 3, 0), (0, 4, 3, '?'), (3, 3, 3, 5), (0, 2, 7, 5), (0, 2, 3, 6), (0, 4, 7, '?'), ('?', 7, 3, '?'), (0, 4, 7, '?'), (0, 7, 3, 0), (0, 7, 3, 0), ('?', '?', 3, '?'), (0, 6, 7, '?'), ('?', '?', 3, '?'), ('?', '?', 3, '?'), (0, '?', 3, '?'), ('?', '?', 3, '?'), (0, 1, 7, 6), ('?', '?', 3, '?'), (0, 1, 7, '?'), ('?', '?', 3, '?'), (0, 7, 7, 6)]"
"(12, 22, 22, 25, 0)","[(4, 0, 3, 6), (4, 0, 3, 0), (4, 1, 7, 6), (4, '?', 3, 6), (4, '?', 3, 6), (4, 2, 7, 0)]"
"(12, 22, 22, 26, 0)","[(3, 2, 3, '?'), (3, 6, 3, '?'), (3, '?', 3, '?')]"
"(12, 22, 22, 27, 0)","[(0, 5, 3, 5)]"
"(12, 22, 25, 21, 0)","[(4, '?', 3, '?')]"
"(12, 22, 25, 25, 0)","[(4, '?', 3, 6), (4, '?', 3, 6), (4, 3, 3, 6), (4, 3, 3, 0), (4, 2, 7, 6), (4, 3, 3, 6), (4, 2, 7, 6)]"
"(12, 22, 26, 2, 0)","[(3, '?', 3, 6), (3, '?', 3, 0), (3, '?', 3, 6), (3, 6, 3, 6), (3, 4, 3, 6), (3, 1, 3, 6), (3, '?', 3, 0), (3, 0, 3, '?'), (3, '?', 3, 0), (3, 4, 3, 6), (3, 1, 3, 6), (3, 0, 3, 0), (3, 4, 3, 6)]"
"(12, 22, 26, 6, 0)","[(3, 3, 3, 5), (3, 3, 3, 5), (3, 3, 3, 5)]"
"(12, 22, 26, 15, 0)","[(3, 5, 3, 0), (3, 5, 3, 0)]"
"(12, 22, 26, 20, 0)","[(3, 1, 3, 2), (3, 1, 3, 2), (3, 1, 3, 2), (3, 4, 3, 2), (3, 7, 3, 2), (3, 2, 3, 2), (3, 7, 3, 2), (3, '?', 3, 2), (3, '?', 3, 2), (3, 0, 3, 2), (3, 0, 3, 2), (3, '?', 3, 2), (3, 2, 3, 2), (3, 2, 3, 2), (3, 7, 3, 2), (3, '?', 3, 2), (3, 2, 3, 2), (3, 0, 3, 2), (3, 0, 3, 2), (3, '?', 3, 2), (3, 5, 3, 2), (3, 1, 3, 2), (3, 1, 3, 2), (3, 5, 3, 2), (3, 2, 3, 2), (3, 6, 3, 2), (3, '?', 3, 2), (3, 7, 3, 2), (3, 6, 3, 2), (3, 6, 3, 2), (3, 6, 3, 2)]"
"(12, 22, 26, 22, 0)","[(3, 0, 3, '?'), (3, 0, 3, 5), (3, 0, 3, 5), (3, 4, 3, '?'), (3, 6, 3, '?'), (3, 7, 3, 0), (3, 3, 3, 5), (3, '?', 3, '?'), (3, '?', 3, '?'), (3, '?', 3, '?'), (3, 0, 3, '?'), (3, 5, 3, 5), (3, 6, 7, '?'), (3, 7, 3, '?'), (3, 4, 3, '?'), (3, 4, 3, '?'), (3, 5, 3, '?'), (3, 5, 3, 5)]"
"(12, 22, 27, 2, 0)","[(0, 2, 3, 6), (0, 0, 3, 6), (0, '?', 3, 6), (0, '?', 3, 0), (0, 6, 3, 6), (0, 3, 3, 6), (0, '?', 3, 6), (0, 4, 3, 6), (0, 2, 3, 0), (0, 3, 3, 6), (0, 6, 7, 6), (0, 0, 3, 0), (0, 0, 3, 0), (0, '?', 3, 0), (0, 2, 3, 0), (0, 0, 3, 0), (0, '?', 3, 6), (0, 6, 3, 6), (0, 2, 3, 0), (0, 5, 3, 0), (0, '?', 3, 0), (0, 6, 3, 6), (0, 6, 3, 6), (0, '?', 3, 0)]"
"(12, 22, 27, 4, 0)","[(0, 0, 3, 6), (0, 0, 3, 0)]"
"(12, 22, 27, 6, 0)","[(0, 2, 3, 0), (0, 2, 3, 6), (0, 2, 3, 6), (0, 3, 3, 6)]"
"(12, 22, 27, 20, 0)","[(0, '?', 3, 2), (0, 6, 3, 2), (0, 2, 3, 2), (0, 6, 3, 2), (0, 1, 3, 2), (0, 3, 3, 2), (0, 7, 3, 2), (0, 6, 3, 2), (0, 1, 3, 2), (0, 4, 3, 2), (0, '?', 3, 2), (0, 1, 3, 2), (0, '?', 3, 2), (0, 4, 3, 2), (0, 7, 3, 2), (0, 2, 3, 2), (0, 4, 3, 2), (0, '?', 3, 2)]"
"(12, 22, 27, 22, 0)","[(0, 3, 3, '?'), (0, 7, 3, 6), (0, '?', 3, '?'), (0, 3, 3, '?'), (0, 7, 3, 0), (0, '?', 3, '?'), (0, 1, 3, '?'), (0, 2, 3, '?'), (0, 2, 3, '?'), (0, 3, 3, '?'), (0, '?', 3, '?'), (0, 1, 3, 6), (0, 7, 3, '?'), (0, 7, 3, '?'), (0, 1, 3, '?'), (0, 1, 3, '?')]"
"(12, 23, 4, 16, 0)","[(1, 0, 7, 1)]"
"(12, 23, 16, 25, 0)","[(4, 0, 3, 1), (4, 5, 3, 1)]"
"(12, 23, 20, 4, 0)","[(2, 5, 3, 1), ('?', 0, 7, 1)]"
"(12, 23, 20, 8, 0)","[(1, 6, 7, 1)]"
"(12, 23, 20, 17, 0)","[(2, 0, 3, 1), (2, 0, 3, 1)]"
"(12, 23, 20, 25, 0)","[(4, 0, 3, 1)]"
"(12, 24, 2, 2, 0)","[(6, 4, 7, 0)]"
"(12, 24, 2, 21, 0)","[(4, 1, 7, 0)]"
"(12, 24, 2, 22, 0)","[(6, 1, 7, 6)]"
"(12, 24, 2, 25, 0)","[(4, 1, 7, 0)]"
"(12, 24, 6, 2, 0)","[('?', 2, 3, 0)]"
"(12, 24, 6, 16, 0)","[(4, 3, 3, 2), (4, 3, 7, 2)]"
"(12, 24, 6, 25, 0)","[(4, '?', 3, 6)]"
"(12, 24, 22, 16, 0)","[(4, '?', 3, 2)]"
"(12, 25, 16, 25, 0)","[(4, '?', 3, 1)]"
"(12, 25, 20, 25, 0)","[(4, '?', 3, 1)]"
"(12, 26, 2, 2, 0)","[(7, 6, 7, 6), (7, 4, 7, 0), (7, 6, 7, 0), (7, 1, 7, 0), (7, 4, 7, 0), (7, 1, 7, 0), (7, 6, 7, 6), (7, 6, 7, 6), (7, 4, 7, 0), (7, 6, 7, 0), (7, 4, 7, 6), (7, 4, 7, 0), (7, 4, 7, 6), (7, 1, 7, 0)]"
"(12, 26, 2, 15, 0)","[(7, 4, 7, 0), (7, 4, 7, 6), (7, 6, 7, 0), (7, 1, 7, 0), (7, 6, 7, 0), (7, 4, 7, 6), (7, 6, 7, 0), (3, 4, 7, 0)]"
"(12, 26, 2, 20, 0)","[(7, 1, 7, 2), (7, 1, 7, 2), (7, 1, 7, 2)]"
"(12, 26, 2, 22, 0)","[(7, 4, 7, '?'), (7, 4, 7, '?'), (7, 1, 7, '?')]"
"(12, 26, 2, 26, 0)","[(7, 1, 7, 2), (7, 1, 7, 0), (7, 1, 7, '?'), (7, 4, 7, '?'), (7, 1, 7, 2), (7, 6, 7, 2), (7, 1, 7, '?'), (7, 1, 7, 2), (7, 1, 7, 2), (7, 4, 7, '?')]"
"(12, 26, 4, 15, 0)","[(7, 5, 7, 0), (7, 5, 7, 0), (7, 0, 7, '?')]"
"(12, 26, 4, 20, 0)","[(7, 0, 7, 2), (7, 5, 7, 2), (7, 0, 7, 2)]"
"(12, 26, 4, 26, 0)","[(7, 0, 7, 5), (7, 0, 7, 5), (7, 5, 7, 2), (7, 5, 7, 2), (7, 0, 7, '?'), (7, 0, 7, 5), (7, 5, 7, 2), (7, 5, 7, 5)]"
"(12, 26, 6, 2, 0)","[(7, 2, 7, 6), (7, 2, 7, 0)]"
"(12, 26, 6, 9, 0)","[(7, 7, 7, 7)]"
"(12, 26, 6, 15, 0)","[(7, 7, 7, 0), (7, 2, 7, 0), (7, 7, 7, 6), (7, 7, 7, 6)]"
"(12, 26, 6, 20, 0)","[(7, 2, 7, 2), (7, 2, 7, 2)]"
"(12, 26, 6, 26, 0)","[(7, 3, 7, '?'), (7, 2, 7, 5), (7, 2, 7, '?'), (7, 7, 7, 0), (7, 7, 7, '?'), (7, 7, 7, '?')]"
"(12, 26, 9, 4, 0)","[(7, 5, 7, 7)]"
"(12, 26, 9, 9, 0)","[(7, 3, 7, 7), (7, 3, 7, 7), (7, 3, 7, 7), (7, '?', 7, 7)]"
"(12, 26, 9, 26, 0)","[(7, 6, 7, 7), (7, 4, 7, 7), (7, 1, 7, 7)]"
"(12, 26, 12, 2, 0)","[(7, '?', 7, 6), (7, 2, 7, 0), (7, 4, 7, 6), (7, 2, 7, 6), (7, 7, 7, 0), (7, '?', 7, 6), (7, '?', 7, 6), (7, 3, 7, 6), (7, 6, 7, 0), (7, 3, 7, 6), (7, 3, 7, 6), (7, 2, 7, 6), (7, '?', 7, 6), (7, 6, 7, 6), (7, 4, 7, '?'), (7, '?', 7, 6), (7, 7, 7, 6), (7, '?', 7, 0), (7, '?', 7, 6), (7, 4, 7, 6), (7, 6, 7, 6), (7, 7, 7, 0), (7, 7, 7, 6), (7, '?', 7, 0), (7, 4, 7, 0), (7, 1, 7, 0), (7, 4, 7, 6), (7, '?', 7, 0), (7, 7, 7, 6), (7, 7, 7, 0), (7, '?', 7, 6), (7, 2, 7, 6), (7, 2, 7, 6), (7, 7, 7, 0), (7, 4, 7, 6), (7, '?', 7, 0), (7, 6, 7, 6), (7, 4, 7, 0), (7, '?', 7, 6), (7, 4, 7, 0)]"
"(12, 26, 12, 4, 0)","[(7, 5, 7, 2), (7, 5, 7, 1), (7, 5, 7, '?'), (7, 0, 7, 2), (7, 5, 7, '?'), (7, 5, 7, 0)]"
"(12, 26, 12, 6, 0)","[(7, 2, 7, '?'), (7, 7, 7, 7), (7, 3, 7, 5), (7, 3, 7, '?'), (7, 7, 7, '?'), (7, 2, 7, '?'), (7, 7, 7, 5)]"
"(12, 26, 12, 7, 0)","[(7, 7, 7, 7)]"
"(12, 26, 12, 9, 0)","[(7, 6, 7, 7), (7, 1, 7, 7), (7, 1, 7, 7), (7, 6, 7, 7), (7, '?', 7, 7), (7, 1, 7, 7), (7, 1, 7, 7), (7, 3, 7, 7), (7, 4, 7, 7)]"
"(12, 26, 12, 12, 0)","[(7, 6, 7, 1)]"
"(12, 26, 12, 15, 0)","[(7, 7, 7, 0), (7, '?', 7, 0), (7, '?', 7, 6), (7, '?', 7, 0), (7, 1, 7, 0), (7, 3, 7, 6), (7, 7, 7, 0), (7, 3, 7, 6), (7, '?', 7, 0), (7, 6, 7, 0), (7, 6, 7, 0)]"
"(12, 26, 12, 20, 0)","[(7, 7, 7, 2), (7, 7, 7, 2), (7, 7, 7, 2)]"
"(12, 26, 12, 22, 0)","[(7, '?', 7, '?'), (7, 7, 7, '?'), (7, 5, 7, '?'), (7, 6, 7, 4), (7, 1, 7, 0), (7, 1, 7, '?'), (7, 7, 7, 2), (7, 2, 7, 5), (7, 0, 7, '?'), (7, 7, 7, 2), (7, 4, 7, '?'), (7, '?', 7, '?'), (7, 4, 7, '?'), (7, 5, 7, 2), (7, 6, 7, 4), (7, 3, 7, 2), (7, 1, 7, 5), (7, 1, 7, 5), (7, 6, 7, 5), (7, 6, 7, 5), (7, 1, 7, '?'), (7, 6, 7, 5), (7, 3, 7, 2), (7, 1, 7, '?'), (7, 3, 7, '?'), (7, '?', 7, 5), (7, 1, 7, 5), (7, 3, 7, 2), (7, 6, 7, '?'), (7, 3, 7, 5), (7, 3, 7, '?'), (7, 0, 7, 2), (7, 3, 7, 2), (7, 6, 7, 2), (7, 6, 7, '?')]"
"(12, 26, 12, 26, 0)","[(7, 6, 7, 7), (7, 6, 7, '?'), (7, 6, 7, '?'), (7, 1, 7, 5), (7, '?', 7, '?'), (7, 1, 7, '?'), (7, 0, 7, '?'), (7, 7, 7, 6), (7, 7, 7, 2), (7, 4, 7, '?'), (7, '?', 7, 7), (7, 0, 7, '?'), (7, 4, 7, 5), (7, 0, 7, 2), (7, 4, 7, 5), (7, 4, 7, 5), (7, 7, 7, 7), (7, '?', 7, 5), (7, 6, 7, 2), (7, 3, 7, 2), (7, 5, 7, 2), (7, 4, 7, 5), (7, '?', 7, '?'), (7, 1, 7, 5), (7, '?', 7, '?'), (7, 0, 7, '?'), (7, 1, 7, 2), (7, '?', 7, '?'), (7, 2, 7, '?'), (7, 2, 7, 2), (7, 1, 7, '?'), (7, 3, 7, 5), (7, 0, 7, 2), (7, 0, 7, '?'), (7, 3, 7, '?'), (7, 7, 7, '?'), (7, 6, 7, 5), (7, 1, 7, 5), (7, 6, 7, 7), (7, 2, 7, '?'), (7, 4, 7, 5), (7, 7, 7, 2), (7, 0, 7, '?'), (7, 2, 7, 2), (7, 2, 7, 6), (7, 3, 7, 5), (7, 0, 7, 5), (7, 5, 7, 0), (7, 5, 7, 5), (7, 1, 7, '?'), (7, 5, 7, '?'), (7, 0, 7, 5)]"
"(12, 26, 20, 2, 0)","[(7, 4, 7, 5), (7, 4, 7, 5), (7, 6, 7, 5), (7, 4, 7, 5), (7, 1, 7, 5), (7, 1, 7, 5), (7, 4, 7, 5), (7, 6, 7, 5), (7, 1, 7, 5)]"
"(12, 26, 20, 6, 0)","[(7, 7, 7, 5), (7, 7, 7, 5), (7, 7, 7, 5), (7, 3, 7, 5)]"
"(12, 26, 20, 20, 0)","[(7, 4, 3, 1)]"
"(12, 26, 20, 22, 0)","[(7, '?', 7, 5), (7, 6, 7, 1), (7, 6, 7, 1), (7, '?', 7, 5), (7, 7, 7, 5), (7, 2, 7, 5), (7, '?', 7, 5)]"
"(12, 26, 20, 26, 0)","[(7, 7, 7, 5), (7, '?', 7, 5), (7, 7, 7, 5)]"
"(12, 26, 22, 22, 0)","[(7, 1, 7, 2), (7, 6, 7, 2), (7, 6, 7, '?')]"
"(12, 26, 22, 26, 0)","[(7, 6, 7, '?')]"
"(12, 26, 26, 2, 0)","[(7, 6, 7, 6), (7, 7, 7, 6)]"
"(12, 26, 26, 12, 0)","[(7, 1, 7, 0)]"
"(12, 26, 26, 22, 0)","[(7, 6, 7, '?'), (7, 7, 7, 2), (7, 6, 7, 2)]"
"(12, 27, 2, 22, 0)","[(0, 6, '?', '?')]"
"(12, 27, 4, 20, 0)","[(0, 0, 7, 2), (0, 0, 3, 2)]"
"(12, 27, 6, 2, 0)","[(0, 3, 3, 6), (0, 7, 3, 0)]"
"(12, 27, 6, 20, 0)","[(0, 7, 3, 2)]"
"(12, 27, 20, 22, 0)","[(0, '?', 3, 5)]"
"(12, 27, 20, 27, 0)","[(0, '?', '?', 1)]"
"(12, 27, 22, 2, 0)","[(0, '?', 3, 6)]"
"(12, 27, 22, 20, 0)","[(0, 7, 3, 2), (0, '?', 3, 2), (0, 7, 3, 2)]"
"(12, 27, 22, 22, 0)","[(0, '?', 3, '?'), (0, 4, 3, '?'), (0, 3, 3, '?'), (0, '?', 3, '?')]"
"(12, 27, 27, 2, 0)","[(0, 6, 3, 6)]"
"(13, 22, 20, 4, 0)","[(6, 5, '?', 5)]"
"(14, 1, 4, 21, 0)","[(5, 0, 1, 4)]"
"(14, 1, 6, 21, 0)","[(5, 2, 1, 4)]"
"(14, 1, 22, 2, 0)","[(6, 2, 1, 3)]"
"(14, 1, 22, 22, 0)","[(6, '?', 1, 4)]"
"(14, 2, 1, 1, 0)","[(4, 4, 1, 7)]"
"(14, 2, 2, 1, 0)","[(4, 1, 1, 7)]"
"(14, 2, 2, 2, 0)","[(0, 1, 1, 3), ('?', 6, 1, 3)]"
"(14, 2, 2, 5, 0)","[(0, 6, 5, 3)]"
"(14, 2, 2, 7, 0)","[(3, 1, 5, 7), (3, 4, 1, 7), (3, 4, 1, 7)]"
"(14, 2, 2, 8, 0)","[(1, 6, 1, 3), (1, 6, 1, 3)]"
"(14, 2, 2, 9, 0)","[('?', 1, 1, 7), ('?', 4, 1, 7), ('?', 6, 1, 7), ('?', 4, 1, 7)]"
"(14, 2, 2, 10, 0)","[(1, 1, 1, 4), (1, 4, 1, 4)]"
"(14, 2, 2, 11, 0)","[(2, 6, 1, 4)]"
"(14, 2, 2, 15, 0)","[(3, 1, 1, 3), (3, 4, 1, 3)]"
"(14, 2, 2, 17, 0)","[(2, 1, 1, 3), (2, 6, 1, 3), (2, 1, 1, 3), (2, 1, 1, 3), (2, 6, 1, 3), (2, 1, 5, 3), (2, 1, 1, 3), (2, 1, 5, 3), (2, 4, 1, 3)]"
"(14, 2, 2, 21, 0)","[(4, 1, 1, 4)]"
"(14, 2, 2, 22, 0)","[('?', 1, 1, 4), (0, 1, 1, 4), ('?', 6, 1, 4), ('?', 1, 1, 4)]"
"(14, 2, 2, 27, 0)","[(0, 4, 5, 4)]"
"(14, 2, 5, 1, 0)","[(4, 1, 5, 7)]"
"(14, 2, 5, 2, 0)","[(0, 4, 5, 3), ('?', 1, 5, 3)]"
"(14, 2, 5, 9, 0)","[('?', 1, 5, 7), ('?', 1, 5, 7)]"
"(14, 2, 5, 11, 0)","[(2, 4, 5, 4)]"
"(14, 2, 5, 14, 0)","[('?', 6, 5, 7)]"
"(14, 2, 5, 15, 0)","[(3, 1, 5, 3)]"
"(14, 2, 5, 26, 0)","[(3, 6, 5, 4), (3, 6, 5, 4), (3, 1, 5, 4), (3, 6, 5, 4), (3, 1, 5, 4), (7, 4, 5, 4), (3, 6, 5, 4), (3, 4, 5, 4)]"
"(14, 2, 5, 27, 0)","[(0, 6, 5, 3)]"
"(14, 2, 7, 9, 0)","[(3, 4, 1, 7)]"
"(14, 2, 8, 9, 0)","[(1, 6, 1, 7), (1, 6, 1, 7), (1, 4, 1, 7), (1, 6, 1, 7), (1, 4, 1, 7)]"
"(14, 2, 9, 7, 0)","[(3, 1, 1, 7)]"
"(14, 2, 9, 9, 0)","[('?', 1, 1, 7), ('?', 1, 1, 7), (3, 1, 1, 7), ('?', 1, 1, 7)]"
"(14, 2, 10, 10, 0)","[(1, 1, 1, 4), (1, 6, 1, 4), (1, 6, 1, 4), (1, 1, 1, 4), (1, 4, 1, 4), (1, 6, 1, 4), (1, 4, 1, 4), (1, 1, 1, 4)]"
"(14, 2, 10, 22, 0)","[(1, 1, 1, 4), (1, 6, 1, 4)]"
"(14, 2, 11, 11, 0)","[(2, 1, 1, 4), (2, 1, 1, 4)]"
"(14, 2, 14, 7, 0)","[(3, 6, 5, 7), (3, 1, 5, 7)]"
"(14, 2, 14, 9, 0)","[('?', 1, 5, 7), ('?', 1, 5, 7), ('?', 6, 5, 7), ('?', 4, 5, 7), ('?', 1, 5, 7)]"
"(14, 2, 14, 27, 0)","[(0, 1, 5, 7), (0, 1, 5, 7)]"
"(14, 2, 15, 2, 0)","[(3, 1, 1, 3)]"
"(14, 2, 15, 15, 0)","[(3, 6, 1, 3)]"
"(14, 2, 17, 9, 0)","[(2, 4, 1, 7), (2, 4, 1, 7), (2, 1, 1, 7), (2, 1, 1, 7), (2, 4, 1, 7), (2, 1, 1, 7), (2, 4, 1, 7)]"
"(14, 2, 17, 11, 0)","[(2, 4, 1, 4)]"
"(14, 2, 17, 14, 0)","[(2, 1, 5, 7), (2, 6, 5, 7)]"
"(14, 2, 17, 17, 0)","[(2, 4, 1, 3), (2, 4, 1, 3), (2, 6, 1, 3)]"
"(14, 2, 22, 22, 0)","[('?', 6, 1, 4), ('?', 1, 1, 4)]"
"(14, 2, 25, 1, 0)","[(4, 6, 1, 7)]"
"(14, 2, 25, 25, 0)","[(4, 1, 1, 3)]"
"(14, 2, 26, 22, 0)","[(3, 6, 1, 4), (3, 4, 1, 4), (3, 1, 1, 4), (3, 1, 1, 4), (3, 4, 1, 4), (3, 4, 1, 4)]"
"(14, 2, 26, 26, 0)","[(3, 1, 1, 4)]"
"(14, 2, 27, 9, 0)","[(0, 6, 1, 7), (0, 4, 1, 7)]"
"(14, 3, 2, 22, 0)","[(6, 1, 1, 4), (6, 1, 1, 4), (6, 1, 1, 4)]"
"(14, 3, 5, 2, 0)","[(6, 0, 5, 3), (6, 4, 5, 3)]"
"(14, 3, 5, 4, 0)","[(5, 0, 5, 4)]"
"(14, 3, 5, 5, 0)","[(6, 2, 5, 4), (6, 2, 5, 4), (5, 0, 5, 4), (6, 2, 5, 4)]"
"(14, 3, 5, 21, 0)","[(5, 0, 5, 4)]"
"(14, 3, 5, 22, 0)","[(6, '?', 5, 4), (6, '?', 1, 4)]"
"(14, 3, 6, 2, 0)","[(6, 2, 1, 3)]"
"(14, 3, 6, 10, 0)","[(5, 2, 1, 4)]"
"(14, 3, 9, 1, 0)","[(4, 0, 1, 7)]"
"(14, 3, 22, 2, 0)","[(6, '?', 1, 3), (6, 0, 1, 3), (6, 2, 1, 3), (6, 2, 1, 3), (6, 0, 1, 3), (6, 4, 1, 3), (6, 4, 1, 3), (6, 7, 1, 3), (6, 2, 1, 3), (6, 4, 1, 3), (6, '?', 1, 3), (6, '?', 1, 3)]"
"(14, 3, 22, 4, 0)","[(6, 0, 1, 3)]"
"(14, 3, 22, 9, 0)","[(6, 3, 1, 7)]"
"(14, 3, 22, 21, 0)","[(5, '?', 1, 4), (5, 0, 1, 4)]"
"(14, 3, 22, 22, 0)","[(6, 5, 1, 4), (6, 2, 1, 4), (5, 0, 1, 4), (6, 0, 1, 4), (6, 1, 1, 4), (6, 0, 1, 4), (6, 5, 1, 4), (6, '?', 1, 4), (6, 3, 1, 4), (6, 7, 1, 4), (6, 4, 1, 4), (6, 3, 1, 4)]"
"(14, 3, 22, 25, 0)","[(5, 4, 1, 3)]"
"(14, 4, 5, 2, 0)","[('?', 5, 5, 3)]"
"(14, 4, 5, 10, 0)","[(1, 5, 5, 4), (1, 5, 5, 4), (1, 0, 5, 4), (1, 5, 5, 4)]"
"(14, 4, 8, 8, 0)","[(1, 5, 1, 3), (1, 5, 1, 3)]"
"(14, 4, 8, 10, 0)","[(1, 0, 5, 4)]"
"(14, 4, 9, 1, 0)","[(4, 0, 1, 7), (4, 0, 1, 7), (4, 0, 1, 7), (4, 0, 1, 7)]"
"(14, 4, 9, 7, 0)","[(3, 0, 1, 7), (3, 5, 1, 7), (3, 0, 1, 7)]"
"(14, 4, 9, 8, 0)","[(1, 5, 1, 7), (1, 5, 1, 7)]"
"(14, 4, 9, 9, 0)","[(2, 5, 1, 7), ('?', 5, 1, 7), ('?', 5, 1, 7), ('?', 5, 1, 7), (2, 5, 1, 7), (1, 5, 1, 7), ('?', 0, 1, 7), (1, 0, 1, 7), ('?', 5, 1, 7), (1, 5, 1, 7), (2, 5, 1, 7), (2, 5, 1, 7), ('?', 0, 1, 7), ('?', 5, 1, 7), (3, 5, 1, 7), (2, 5, 1, 7), (1, 0, 1, 7), ('?', 5, 1, 7)]"
"(14, 4, 9, 14, 0)","[('?', 5, 5, 7)]"
"(14, 4, 9, 17, 0)","[(2, 5, 1, 7)]"
"(14, 4, 10, 10, 0)","[(1, 0, 1, 4), (1, 0, 1, 4)]"
"(14, 4, 14, 1, 0)","[(4, 5, 5, 7), (4, 5, 5, 7), (4, 0, 5, 7)]"
"(14, 4, 14, 2, 0)","[('?', 5, 5, 7)]"
"(14, 4, 14, 8, 0)","[(1, 0, 5, 7)]"
"(14, 4, 14, 9, 0)","[('?', 0, 5, 7), ('?', 0, 5, 7), ('?', 0, 5, 7), ('?', 5, 5, 7), ('?', 5, 5, 7)]"
"(14, 4, 15, 15, 0)","[(3, 0, 1, 3), (3, 0, 1, 3), (3, 0, 1, 3)]"
"(14, 4, 17, 9, 0)","[(2, 5, 1, 7), (2, 5, 1, 7), (2, 5, 5, 7)]"
"(14, 4, 17, 17, 0)","[(2, 0, 1, 3)]"
"(14, 4, 21, 21, 0)","[(4, 5, 1, 4)]"
"(14, 4, 22, 2, 0)","[('?', 5, 1, 3), (6, 0, 1, 3), ('?', 5, 1, 3)]"
"(14, 4, 22, 10, 0)","[(1, 5, 1, 4), (1, 0, 1, 4)]"
"(14, 4, 22, 11, 0)","[(2, 5, 1, 4)]"
"(14, 4, 22, 22, 0)","[(6, 5, 1, 4), (6, 5, 1, 4), (6, 5, 1, 4), (6, 0, 1, 4), ('?', 5, 1, 4), (6, 0, 1, 4)]"
"(14, 4, 22, 26, 0)","[(3, 0, 1, '?'), (3, 5, 1, 4), (3, 5, 1, 4)]"
"(14, 4, 27, 2, 0)","[(0, 5, 1, 3), (0, 5, 5, 3), (0, 5, 5, 3)]"
"(14, 4, 27, 5, 0)","[(0, 5, 5, 4), (0, 5, 5, 4)]"
"(14, 4, 27, 9, 0)","[(0, 5, 1, 7)]"
"(14, 4, 27, 14, 0)","[(0, 0, 5, 7), (0, 0, 5, 7)]"
"(14, 5, 2, 1, 0)","[(4, 1, 5, 7), (4, 4, 5, 7)]"
"(14, 5, 2, 2, 0)","[('?', 1, 5, 3)]"
"(14, 5, 2, 5, 0)","[(6, 4, 5, 4), ('?', 1, 5, 4)]"
"(14, 5, 2, 8, 0)","[(1, 1, 5, 3)]"
"(14, 5, 2, 9, 0)","[('?', 4, 5, 7), ('?', 4, 5, 7), ('?', 1, 5, 7), (1, 1, 5, 7), ('?', 1, 5, 7)]"
"(14, 5, 2, 10, 0)","[(1, 6, 5, 4), (1, 1, 5, 4), (1, 1, 5, 4), (1, 6, 5, 4), (1, 1, 5, 4), (1, 4, 5, 4)]"
"(14, 5, 2, 17, 0)","[(2, 6, 5, 3), (2, 1, 5, 3), (2, 6, 5, 3), (2, 4, 5, 3), (2, 4, 5, 3)]"
"(14, 5, 2, 21, 0)","[(4, 1, 5, 4)]"
"(14, 5, 2, 22, 0)","[('?', 1, 5, 4)]"
"(14, 5, 2, 26, 0)","[(3, 4, 5, 4), (7, 1, 5, 4), (3, 6, 5, '?'), (3, 4, 5, 4)]"
"(14, 5, 2, 27, 0)","[(0, 6, 5, 4), (0, 4, 5, 4)]"
"(14, 5, 3, 5, 0)","[(6, 5, 5, 4)]"
"(14, 5, 4, 2, 0)","[('?', 5, 5, 3), ('?', 0, 5, 3), ('?', 5, 5, 3)]"
"(14, 5, 4, 3, 0)","[(6, 5, 5, 4)]"
"(14, 5, 4, 8, 0)","[(1, 5, 5, 3), (1, 5, 5, 3)]"
"(14, 5, 4, 10, 0)","[(1, 0, 5, 4), (1, 5, 5, 4), (1, 5, 5, 4), (1, 5, 5, 4), (1, 0, 5, 4)]"
"(14, 5, 4, 11, 0)","[(2, 5, 5, 4)]"
"(14, 5, 4, 15, 0)","[(3, 0, 5, 3)]"
"(14, 5, 4, 17, 0)","[(2, 5, 5, 3)]"
"(14, 5, 4, 21, 0)","[(4, 0, 5, 4), (4, 5, 5, 4), (4, 5, 5, 4)]"
"(14, 5, 4, 22, 0)","[('?', 0, 5, 4), ('?', 0, 5, 4), (6, 5, 5, 4), ('?', 5, 5, 4), ('?', 5, 5, 4), ('?', 5, 5, 4)]"
"(14, 5, 4, 25, 0)","[(4, 5, 5, 3), (4, 5, 5, 3), (4, 0, 5, 3), (4, 5, 5, 3), (4, 5, 5, 3)]"
"(14, 5, 4, 26, 0)","[(3, 0, 5, 4)]"
"(14, 5, 4, 27, 0)","[(0, 5, 5, 4), (0, 5, 5, 4)]"
"(14, 5, 5, 2, 0)","[(6, 2, 5, 3), (6, 2, 5, 3), ('?', '?', 5, 3), ('?', 4, 5, 3), ('?', '?', 5, 3), ('?', '?', 5, 3), ('?', 1, 5, 3)]"
"(14, 5, 5, 3, 0)","[(6, 0, 5, 4), (4, 1, 5, 4)]"
"(14, 5, 5, 5, 0)","[(6, 0, 5, 4), (6, 3, 5, 4)]"
"(14, 5, 5, 10, 0)","[(1, '?', 5, 4), (1, '?', 5, 4), (1, '?', 5, 4)]"
"(14, 5, 5, 15, 0)","[(3, 0, 5, 3)]"
"(14, 5, 5, 17, 0)","[(2, 1, 5, 3), (2, 3, 5, 3)]"
"(14, 5, 5, 21, 0)","[(4, 6, 5, 4)]"
"(14, 5, 5, 22, 0)","[('?', 1, 5, 4), ('?', 1, 5, 4), (6, 0, 5, 4), (6, 0, 5, 4)]"
"(14, 5, 6, 2, 0)","[('?', 7, 5, 3), ('?', 3, 5, 3)]"
"(14, 5, 6, 8, 0)","[(1, 7, 5, 7), (1, 2, 5, 3), (1, 3, 5, 3)]"
"(14, 5, 6, 9, 0)","[('?', 7, 5, 7), ('?', 7, 5, 7), ('?', 2, 5, 7), ('?', 3, 5, 7)]"
"(14, 5, 6, 10, 0)","[(1, 2, 5, 4)]"
"(14, 5, 6, 11, 0)","[(2, 7, 5, 3)]"
"(14, 5, 6, 17, 0)","[(2, 3, 5, 3), (2, 2, 5, 3)]"
"(14, 5, 6, 22, 0)","[('?', 7, 5, 4), ('?', 7, 5, 4), (0, 3, 5, 4), ('?', 3, 5, 4), ('?', 7, 5, 4), ('?', 3, 5, 4), ('?', 3, 5, 4)]"
"(14, 5, 6, 25, 0)","[(4, 2, 5, 3)]"
"(14, 5, 6, 26, 0)","[(3, 3, 5, 4), (3, 7, 5, 4), (3, 3, 5, 4), (3, 3, 5, 4)]"
"(14, 5, 8, 2, 0)","[(1, '?', 5, 3)]"
"(14, 5, 8, 9, 0)","[(1, '?', 5, 7)]"
"(14, 5, 9, 1, 0)","[(4, 6, 5, 7), (4, 2, 5, 7), (4, 5, 5, 7), (4, '?', 5, 7), (4, 4, 5, 7), (4, '?', 5, 7), (4, 6, 5, 7), (4, 5, 5, 7)]"
"(14, 5, 9, 9, 0)","[('?', 4, 5, 7), ('?', '?', 5, 7), ('?', '?', 5, 7), ('?', 6, 5, 7), ('?', '?', 5, 7), ('?', 6, 5, 7), ('?', 3, 5, 7), ('?', '?', 5, 7), ('?', 5, 5, 7), ('?', '?', 5, 7), ('?', 5, 5, 7), ('?', 6, 5, 7), ('?', 5, 5, 7), ('?', 6, 5, 7), ('?', 0, 5, 7), ('?', 2, 5, 7), (1, 0, 5, 7), (1, 0, 5, 7), ('?', 2, 5, 7), ('?', 0, 5, 7), ('?', 3, 5, 7), ('?', 1, 5, 7), ('?', 5, 5, 7)]"
"(14, 5, 9, 17, 0)","[(2, 4, 5, 7), (2, 2, 5, 7)]"
"(14, 5, 10, 2, 0)","[(1, '?', 5, 3), (1, '?', 5, 3), (1, 1, 5, 3), (1, 5, 5, 3)]"
"(14, 5, 10, 9, 0)","[(1, 5, 5, 7), (1, 5, 5, 7), (1, 5, 5, 7), (1, 5, 5, 7)]"
"(14, 5, 10, 10, 0)","[(1, 7, 5, 4), (1, 7, 5, 4), (1, 1, 5, 4), (1, 7, 5, 4), (1, 2, 5, 4), (1, 7, 5, 4), (1, 1, 5, 4), (1, '?', 5, 4), (1, 4, 5, 4)]"
"(14, 5, 11, 11, 0)","[(2, '?', 5, 4), (2, 1, 5, 4), (2, 6, 5, 4)]"
"(14, 5, 11, 14, 0)","[(2, 7, 5, 7)]"
"(14, 5, 11, 17, 0)","[(2, 6, 5, 3), (2, '?', 5, 3)]"
"(14, 5, 14, 1, 0)","[(4, 6, 5, 7)]"
"(14, 5, 14, 9, 0)","[('?', 4, 5, 7)]"
"(14, 5, 15, 2, 0)","[(3, 6, 5, 3), (7, 2, 5, 3)]"
"(14, 5, 15, 6, 0)","[(3, '?', 5, 3)]"
"(14, 5, 17, 9, 0)","[(2, 6, 5, 7), (2, 4, 5, 7), (2, 6, 5, 7), (2, 1, 5, 7), (2, 1, 5, 7), (2, 2, 5, 7)]"
"(14, 5, 17, 17, 0)","[(2, 0, 5, 3), (2, '?', 5, 3)]"
"(14, 5, 21, 1, 0)","[(4, 1, 5, 7)]"
"(14, 5, 21, 22, 0)","[(5, 0, 5, 4)]"
"(14, 5, 22, 2, 0)","[('?', 7, 5, 3), ('?', '?', 5, 3), ('?', 7, 5, 3), ('?', '?', 5, 3), ('?', 0, 5, 3), ('?', 7, 5, 3), ('?', 3, 5, 3), (6, 2, 5, 3), ('?', '?', 5, 3), ('?', '?', 5, 3), (6, 4, 5, 3)]"
"(14, 5, 22, 6, 0)","[('?', 7, 5, 3)]"
"(14, 5, 22, 9, 0)","[('?', '?', 5, 7), ('?', 3, 5, 7)]"
"(14, 5, 22, 10, 0)","[(1, '?', 5, 4), (1, 2, 5, 4), (1, 2, 5, 4), (1, '?', 5, 4)]"
"(14, 5, 22, 11, 0)","[(2, 4, 5, 4), (2, 6, 5, 4), (2, '?', 5, 4)]"
"(14, 5, 22, 15, 0)","[(3, 3, 5, 3), (3, 6, 5, 3)]"
"(14, 5, 22, 17, 0)","[(2, '?', 5, 3)]"
"(14, 5, 22, 21, 0)","[(4, 0, 5, 4)]"
"(14, 5, 22, 22, 0)","[('?', 5, 5, 4), ('?', 1, 5, 4), ('?', 0, 5, 4), ('?', 7, 5, 4), ('?', 0, 5, 4), (6, 3, 5, 4)]"
"(14, 5, 22, 25, 0)","[(4, 5, 5, 3), (4, 2, 5, 3), (4, 3, 5, 3), (4, 3, 5, 3), (4, 2, 5, 3), (4, 2, 5, 3), (4, '?', 5, 3)]"
"(14, 5, 22, 26, 0)","[(3, '?', 5, 4), (3, '?', 5, 4), (3, 6, 5, 4), (3, 3, 5, 4), (3, 2, 5, 4), (3, 6, 5, 4), (3, '?', 5, 4), (3, 1, 5, 4), (3, '?', 5, 4), (3, '?', 5, 4), (3, 6, 5, 4), (3, 2, 5, 4), (3, '?', 5, 4), (3, '?', 5, 4), (3, 4, 5, 4)]"
"(14, 5, 24, 2, 0)","[(6, 0, 5, 3)]"
"(14, 5, 24, 22, 0)","[(6, 7, 5, 4)]"
"(14, 5, 26, 2, 0)","[(7, 4, 5, 3), (7, 2, 5, 3), (7, 4, 5, 3), (7, 2, 5, 3), (7, 2, 5, 3)]"
"(14, 5, 26, 22, 0)","[(7, 4, 5, 4), (3, 1, 5, 4), (3, 3, 5, 4)]"
"(14, 5, 26, 26, 0)","[(3, 2, 5, 4), (3, '?', 5, 4), (3, '?', 5, 4)]"
"(14, 5, 27, 2, 0)","[(0, 4, 5, 3), (0, 6, 5, 3), (0, 6, 5, 3)]"
"(14, 5, 27, 9, 0)","[(0, 1, 5, 7)]"
"(14, 5, 27, 14, 0)","[(0, 5, 5, 7)]"
"(14, 5, 27, 22, 0)","[(0, 7, 5, 4), (0, 2, 5, 4), (0, '?', 5, 4), (0, 2, 5, 4)]"
"(14, 6, 1, 1, 0)","[(4, 3, 1, 7)]"
"(14, 6, 2, 2, 0)","[('?', 7, 1, 3)]"
"(14, 6, 5, 1, 0)","[(4, 3, 5, 7)]"
"(14, 6, 5, 2, 0)","[('?', 3, 5, 3), ('?', 7, 5, 3), (1, 2, 5, 3), ('?', 7, 5, 3), (1, 3, 5, 3), ('?', 7, 5, 3)]"
"(14, 6, 5, 9, 0)","[('?', 7, 5, 7), ('?', 7, 5, 7)]"
"(14, 6, 5, 10, 0)","[(1, 2, 5, 4)]"
"(14, 6, 5, 17, 0)","[(2, 2, 5, 3)]"
"(14, 6, 5, 22, 0)","[('?', 3, 5, 4), ('?', 7, 5, 4)]"
"(14, 6, 5, 25, 0)","[(4, 3, 5, 3)]"
"(14, 6, 5, 26, 0)","[(3, 3, 5, 4)]"
"(14, 6, 6, 2, 0)","[(0, 3, 5, 3), ('?', 3, 5, 3), ('?', 2, 1, 3)]"
"(14, 6, 6, 5, 0)","[(3, 3, 5, 4), ('?', 3, 5, 4)]"
"(14, 6, 6, 7, 0)","[(3, 7, 5, 7)]"
"(14, 6, 6, 9, 0)","[('?', 2, 5, 7), ('?', 3, 1, 7), ('?', 7, 1, 7), ('?', 2, 5, 7)]"
"(14, 6, 6, 10, 0)","[(1, 2, 1, 4)]"
"(14, 6, 6, 15, 0)","[(3, 3, 1, 3), (3, 3, 1, 3)]"
"(14, 6, 6, 17, 0)","[(2, 3, 1, 3), (2, 3, 1, 3)]"
"(14, 6, 6, 26, 0)","[(3, 7, 5, 4), (3, 3, 1, 4)]"
"(14, 6, 7, 7, 0)","[(3, 3, 1, 7)]"
"(14, 6, 8, 2, 0)","[(1, 2, 1, 3), (1, 7, 1, 3), (1, 2, 1, 3)]"
"(14, 6, 8, 8, 0)","[(1, 2, 1, 3), (1, 3, 5, 3), (1, 2, 5, 3)]"
"(14, 6, 8, 9, 0)","[(1, 7, 1, 7), (1, 7, 1, 7), (1, 7, 1, 7), (1, 2, 1, 7), (1, 2, 1, 7)]"
"(14, 6, 8, 10, 0)","[(1, 7, 5, 4), (1, 7, 1, 4), (1, 3, 1, 4)]"
"(14, 6, 9, 1, 0)","[(4, 2, 1, 7), (4, 2, 1, 7)]"
"(14, 6, 9, 7, 0)","[(3, 3, 1, 7), (3, 3, 1, 7), (3, 7, 1, 7), (3, 3, 1, 7)]"
"(14, 6, 9, 9, 0)","[('?', 2, 1, 7), (2, 7, 1, 7), ('?', 7, 1, 7), ('?', 7, 1, 7), (3, 7, 1, 7), ('?', 2, 1, 7), ('?', 3, 1, 7), ('?', 2, 1, 7), ('?', 2, 1, 7), ('?', 2, 1, 7), (3, 7, 1, 7), ('?', 7, 1, 7), ('?', 3, 1, 7), ('?', 7, 1, 7), (0, 3, 1, 7), ('?', 3, 1, 7), (1, 2, 1, 7), (3, 7, 1, 7), ('?', 2, 1, 7)]"
"(14, 6, 11, 22, 0)","[(2, 2, 1, 4)]"
"(14, 6, 14, 1, 0)","[(4, 3, 5, 7), (4, 3, 5, 7), (4, 7, 5, 7), (4, 3, 5, 7)]"
"(14, 6, 14, 7, 0)","[(3, 7, 5, 7), ('?', 7, 5, 7), (3, 3, 5, 7)]"
"(14, 6, 14, 17, 0)","[(2, 2, 5, 7), (2, 7, 5, 7)]"
"(14, 6, 15, 2, 0)","[(3, 7, 1, 3)]"
"(14, 6, 15, 15, 0)","[(3, 7, 1, 3), (3, 3, 1, 3)]"
"(14, 6, 17, 2, 0)","[(2, 3, 1, 3)]"
"(14, 6, 17, 9, 0)","[(2, 7, 1, 7), (2, 7, 1, 7), (2, 7, 1, 7), (2, 7, 1, 7), (2, 7, 1, 7), (2, 3, 5, 7)]"
"(14, 6, 17, 17, 0)","[(2, 3, 5, 7)]"
"(14, 6, 21, 21, 0)","[(4, 7, 1, 4), (4, 2, 1, 4), (4, 2, 1, 4), (4, 7, 1, 4)]"
"(14, 6, 22, 1, 0)","[(4, 7, 1, 7), (4, 7, 1, 7)]"
"(14, 6, 22, 2, 0)","[('?', 7, 1, 3), ('?', 2, 1, 3), ('?', 7, 1, 3), ('?', 2, 1, 3), ('?', 7, 1, 3), (2, 3, 1, 3), ('?', 7, 1, 3), ('?', 2, 1, 3), ('?', 2, 1, 3), ('?', 7, 1, 3)]"
"(14, 6, 22, 7, 0)","[(3, 2, 5, 7)]"
"(14, 6, 22, 9, 0)","[(3, 7, 1, 7), (3, 3, 1, 7)]"
"(14, 6, 22, 11, 0)","[(2, 2, 1, 4), (2, 2, 1, 4)]"
"(14, 6, 22, 17, 0)","[(2, 2, 1, 3), (2, 2, 1, 3)]"
"(14, 6, 22, 22, 0)","[('?', 2, 1, 4), ('?', 7, 1, 4), ('?', 3, 1, 4), (6, 2, 1, 4), ('?', 2, 1, 4)]"
"(14, 6, 22, 25, 0)","[(4, 7, 1, 3)]"
"(14, 6, 22, 26, 0)","[(3, 3, 1, 4), (3, 2, 5, 4), (3, 7, 1, 4)]"
"(14, 6, 25, 25, 0)","[(4, 7, 1, 3), (4, 7, 1, 3), (4, 7, 1, 3)]"
"(14, 6, 27, 2, 0)","[(0, 3, 1, 3), (0, 3, 1, 3), (0, 3, 5, 3), (0, 2, 1, 3), (0, 3, 5, 3), (0, 3, 5, 3), (0, 7, 5, 3), ('?', 7, 1, 3), (0, 2, 1, 3), (0, 3, 5, 3), (0, 3, 5, 3), (0, 2, 1, 3), (0, 2, 1, 3)]"
"(14, 6, 27, 5, 0)","[(0, 2, 5, 4), (0, 3, 5, 4), (0, 7, 5, 4)]"
"(14, 6, 27, 9, 0)","[(0, 7, 1, 7), (0, 7, 1, 7), (0, 2, 1, 7), (0, 2, 1, 7), (0, 2, 1, 7), (0, 3, 1, 7), (0, 2, 1, 7)]"
"(14, 6, 27, 14, 0)","[(0, 7, 5, 7), (0, 7, 5, 7), (0, 3, 5, 7), (0, 7, 5, 7), (0, 7, 5, 7), (0, 7, 5, 7), (0, 3, 5, 7), (0, 3, 5, 7)]"
"(14, 6, 27, 22, 0)","[(0, 2, 1, 4), (0, 2, 1, 4), (0, 2, 1, 4), (0, 2, 1, 4), (0, 2, 1, 4)]"
"(14, 7, 2, 2, 0)","[(7, 4, 1, 3)]"
"(14, 7, 2, 5, 0)","[(7, 1, 5, 4)]"
"(14, 7, 2, 9, 0)","[(7, 4, 1, 7), (7, 4, 1, 7)]"
"(14, 7, 2, 22, 0)","[(7, 1, 1, 4)]"
"(14, 7, 4, 2, 0)","[(7, 0, 1, 3)]"
"(14, 7, 4, 5, 0)","[(7, 0, 5, 4), (7, 5, 5, 4)]"
"(14, 7, 4, 9, 0)","[(7, 5, 1, 7)]"
"(14, 7, 4, 22, 0)","[(7, 5, 1, 4)]"
"(14, 7, 5, 2, 0)","[(7, 6, 5, 3), (7, '?', 5, 3), (7, '?', 5, 3), (7, 4, 5, 3)]"
"(14, 7, 5, 6, 0)","[(7, 7, 5, 4), (7, 3, 5, 3), (7, 3, 5, 4), (7, 3, 5, 3), (7, 2, 5, 4), (7, 7, 5, 4), (7, 7, 5, 4), (7, 3, 5, 4)]"
"(14, 7, 6, 2, 0)","[(7, 3, 5, 3), (7, 7, 5, 3), (7, 7, 1, 3), (7, 7, 5, 3), (7, 3, 5, 3), (7, 7, 5, 3), (7, 7, 5, 3), (7, 7, 1, 3), (7, 7, 1, 3), (7, 7, 1, 3), (7, 7, 1, 3)]"
"(14, 7, 6, 5, 0)","[(7, 3, 5, 4), (7, 2, 5, 4), (7, 3, 5, 4), (7, 7, 5, 4), (7, 7, 5, 4)]"
"(14, 7, 6, 9, 0)","[(7, 2, 1, 7)]"
"(14, 7, 6, 22, 0)","[(7, 3, 1, 4), (7, 2, 1, 4)]"
"(14, 7, 22, 2, 0)","[(7, 5, 1, 3), (7, 4, 1, 3), (7, 4, 1, 3), (7, 1, 1, 3), (7, 1, 1, 3), (7, '?', 1, 3), (7, 6, 1, 3), (7, 7, 1, 3), (7, '?', 1, 3), (7, '?', 1, 3), (7, 5, 1, 3), (7, 5, 1, 3), (7, 5, 1, 3), (7, 1, 1, 3), (7, 5, 1, 3)]"
"(14, 7, 22, 7, 0)","[(7, 2, 1, 7)]"
"(14, 7, 22, 22, 0)","[(7, '?', 1, 4), (7, 2, 1, 4), (7, '?', 1, 4), (7, '?', 1, 4), (7, 3, 1, 4), (7, 3, 1, 4), (7, 2, 1, 4)]"
"(14, 9, 2, 2, 0)","[('?', 1, 1, 3), ('?', 4, 1, 3), ('?', 1, 1, 3)]"
"(14, 9, 2, 8, 0)","[(1, 6, 1, 3), (1, 4, 1, 3), (1, 1, 1, 3), (1, 4, 1, 3), (1, 1, 1, 3)]"
"(14, 9, 2, 10, 0)","[(1, 6, 1, 4), (1, 1, 1, 4), (1, 6, 1, 4)]"
"(14, 9, 2, 11, 0)","[(2, 1, 1, 4), (2, 6, 1, 4)]"
"(14, 9, 2, 17, 0)","[(2, 4, 1, 3)]"
"(14, 9, 2, 21, 0)","[(4, 1, 1, 4), (4, 6, 1, 4), (4, 1, 1, 4), (4, 6, 1, 4), (4, 6, 1, 4), (4, 6, 1, 4), (4, 6, 1, 4), (4, 6, 1, 4), (4, 1, 1, 4)]"
"(14, 9, 2, 22, 0)","[('?', 6, 1, 4), ('?', 1, 1, 4)]"
"(14, 9, 2, 25, 0)","[(4, 1, 1, 3), (4, 4, 1, 3), (4, 1, 1, 3)]"
"(14, 9, 2, 26, 0)","[(3, 4, 1, 4), (3, 6, 1, 4)]"
"(14, 9, 2, 27, 0)","[(0, 1, 1, 4)]"
"(14, 9, 4, 4, 0)","[(3, 0, 1, 3)]"
"(14, 9, 4, 8, 0)","[(1, 5, 1, 3), (1, 5, 1, 3)]"
"(14, 9, 4, 10, 0)","[(1, 0, 1, 4), (1, 5, 1, 4)]"
"(14, 9, 4, 11, 0)","[(2, 5, 1, 4), (2, 5, 1, 4)]"
"(14, 9, 4, 15, 0)","[(3, 5, 1, 3)]"
"(14, 9, 4, 17, 0)","[(2, 0, 1, 3), (2, 0, 1, 3)]"
"(14, 9, 4, 21, 0)","[(4, 0, 1, 4), (4, 5, 1, 4), (4, 5, 1, 4), (4, 0, 1, 4), (4, 0, 1, 4), (4, 0, 1, 4)]"
"(14, 9, 4, 22, 0)","[(6, 0, 1, 4), (6, 5, 1, 4), ('?', 5, 1, 4), ('?', 5, 1, 4)]"
"(14, 9, 4, 25, 0)","[(4, 5, 1, 3), (4, 0, 1, 3), (4, 5, 1, 3)]"
"(14, 9, 4, 26, 0)","[(3, 5, 1, 4), (3, 5, 1, 4), (3, 0, 1, 4)]"
"(14, 9, 6, 8, 0)","[(1, 2, 1, 3)]"
"(14, 9, 6, 9, 0)","[('?', 3, 1, 7)]"
"(14, 9, 6, 10, 0)","[(1, 3, 1, 4), (1, 7, 1, 4), (1, 2, 1, 4), (1, 2, 1, 4), (1, 3, 1, 4)]"
"(14, 9, 6, 15, 0)","[(3, 7, 1, 3), (3, 7, 1, 3)]"
"(14, 9, 6, 17, 0)","[(2, 3, 1, 3), (2, 2, 1, 3), (2, 3, 1, 3), (2, 2, 1, 3), (2, 3, 1, 3)]"
"(14, 9, 6, 21, 0)","[(4, 3, 1, 4), (4, 2, 1, 4), (4, 3, 1, 4), (4, 3, 1, 4), (4, 7, 1, 4), (4, 3, 1, 4), (4, 7, 1, 4), (4, 2, 1, 4), (4, 7, 1, 4)]"
"(14, 9, 6, 22, 0)","[('?', 7, 1, 4), ('?', 3, 1, 4), (6, 2, 1, 4), ('?', 3, 1, 4), (6, 2, 1, 4), ('?', 2, 1, 4), ('?', 3, 1, 4), ('?', 3, 1, 4), (6, 2, 1, 4), ('?', 2, 1, 4), ('?', 2, 1, 4), ('?', 3, 1, 4), ('?', 7, 1, 4), ('?', 3, 1, 4)]"
"(14, 9, 6, 25, 0)","[(4, 7, 1, 3), (4, 2, 1, 3), (4, 7, 1, 3)]"
"(14, 9, 6, 26, 0)","[(3, 7, 1, 4), (3, 3, 1, 4), (3, 3, 1, 4), (3, 7, 1, 4)]"
"(14, 9, 8, 2, 0)","[(1, 1, 1, 3)]"
"(14, 9, 8, 9, 0)","[(1, 4, 1, 7), (1, 6, 1, 7), (1, 1, 1, 7), (1, 1, 1, 7), (1, 6, 1, 7)]"
"(14, 9, 8, 10, 0)","[(1, '?', 1, 4)]"
"(14, 9, 9, 9, 0)","[('?', 4, 1, 7)]"
"(14, 9, 10, 2, 0)","[(1, 4, 1, 3), (1, 4, 1, 3), (1, '?', 1, 3), (1, 4, 1, 3), (1, 4, 1, 3), (1, 1, 1, 3), (1, 4, 1, 3), (1, 7, 1, 3), (1, 6, 1, 3), (1, 6, 1, 3), (1, '?', 1, 3), (1, 5, 1, 3), (1, 6, 1, 3), (1, '?', 1, 3), (1, 5, 1, 3), (1, 6, 1, 3), (1, 2, 1, 3), (1, 5, 1, 3), (1, '?', 1, 3), (1, '?', 1, 3), (1, '?', 1, 3)]"
"(14, 9, 10, 9, 0)","[(1, 2, 1, 7), (1, 0, 1, 7), (1, 0, 1, 7), (1, 4, 1, 7), (1, 0, 1, 7), (1, 2, 1, 7), (1, 2, 1, 7), (1, 6, 1, 7), (1, 7, 1, 7), (1, 6, 1, 7), (1, 4, 1, 7), (1, 0, 1, 7), (1, 0, 1, 7)]"
"(14, 9, 10, 10, 0)","[(1, '?', 1, 4), (1, '?', 1, 4)]"
"(14, 9, 11, 17, 0)","[(2, '?', 1, 3)]"
"(14, 9, 15, 2, 0)","[(3, 4, 1, 3)]"
"(14, 9, 15, 4, 0)","[(3, 0, 1, 3)]"
"(14, 9, 15, 15, 0)","[(3, 5, 1, 3), (3, 5, 1, 3), (3, 4, 1, 3)]"
"(14, 9, 17, 9, 0)","[(2, 4, 1, 7), (2, '?', 1, 7), (2, 5, 1, 7), (2, 1, 1, 7), (2, '?', 1, 7)]"
"(14, 9, 17, 11, 0)","[(2, 5, 1, 4), (2, 6, 1, 4)]"
"(14, 9, 21, 21, 0)","[(4, '?', 1, 4), (4, 5, 1, 4), (4, 1, 1, 4), (4, 4, 1, 4), (4, 5, 1, 4), (4, 6, 1, 4), (4, 4, 1, 4), (4, 5, 1, 4), (4, 5, 1, 4)]"
"(14, 9, 22, 1, 0)","[(4, 1, 1, 7), (4, 4, 1, 7), (4, 3, 1, 7)]"
"(14, 9, 22, 2, 0)","[('?', 5, 1, 3), (3, 4, 1, 3), ('?', 5, 1, 3), ('?', '?', 1, 3), ('?', 4, 1, 3), ('?', '?', 1, 3), ('?', 4, 1, 3), ('?', '?', 1, 3), ('?', 0, 1, 3), ('?', 4, 1, 3), ('?', 5, 1, 3), (7, 5, 1, 3), (3, 4, 1, 3), ('?', '?', 1, 3), ('?', '?', 1, 3), ('?', 0, 1, 3), ('?', 4, 1, 3), ('?', 0, 1, 3), ('?', 6, 1, 3), ('?', 4, 1, 3), ('?', 0, 1, 3), ('?', '?', 1, 3)]"
"(14, 9, 22, 4, 0)","[('?', 5, 1, 3), ('?', 0, 1, 3), ('?', 0, 1, 3)]"
"(14, 9, 22, 6, 0)","[('?', 2, 1, 3)]"
"(14, 9, 22, 7, 0)","[(3, 0, 1, 7)]"
"(14, 9, 22, 9, 0)","[('?', 4, 1, 7), ('?', 6, 1, 7)]"
"(14, 9, 22, 10, 0)","[(1, 0, 1, 4), (1, '?', 1, 4), (1, 3, 1, 4), (1, 0, 1, 4)]"
"(14, 9, 22, 11, 0)","[(2, 5, 1, 4), (2, 6, 1, 4), (2, 5, 1, 4), (2, 4, 1, 4), (2, 4, 1, 4), (2, 2, 1, 4)]"
"(14, 9, 22, 15, 0)","[(3, 5, 1, 3), (3, 5, 1, 3), (3, 0, 1, 7), (3, 3, 1, 3), (3, 4, 1, 3), (3, 0, 1, 3), (3, 3, 1, 3), (3, 6, 1, 3), (3, 6, 1, 3), (3, 4, 1, 3), (3, 1, 1, 3), (3, 0, 1, 7), (3, 5, 1, 3)]"
"(14, 9, 22, 17, 0)","[(2, 5, 1, 3), (2, 0, 1, 3), (2, 0, 1, 3), (2, 4, 1, 3), (2, '?', 1, 3), (2, 5, 1, 3), (2, '?', 1, 3), (2, 6, 1, 3), (2, 0, 1, 3), (2, 5, 1, 3), (2, 5, 1, 3), (2, 5, 1, 3), (2, '?', 1, 3)]"
"(14, 9, 22, 21, 0)","[(4, 0, 1, 4), (4, '?', 1, 4), (4, '?', 1, 4), (4, '?', 1, 4), (4, 0, 1, 4), (4, '?', 1, 4), (4, 2, 1, 4), (4, 2, 1, 4), (4, 2, 1, 4), (4, '?', 1, 4), (4, '?', 1, 4), (4, '?', 1, 4), (4, 6, 1, 4), (4, '?', 1, 4), (4, 5, 1, 4), (4, 4, 1, 4), (4, 3, 1, 4), (4, 5, 1, 4), (4, 4, 1, 4), (4, 0, 1, 4), (4, 0, 1, 4)]"
"(14, 9, 22, 22, 0)","[(6, 5, 1, 4), ('?', 5, 1, 4), ('?', '?', 1, 4), ('?', '?', 1, 4), (6, 0, 1, 4), ('?', 3, 1, 4), ('?', 7, 1, 4), ('?', '?', 1, 4), ('?', '?', 1, 4), ('?', 2, 1, 4), ('?', 2, 1, 4), (6, 7, 1, 4), (2, 5, 1, 4), ('?', 2, 1, 4), ('?', 7, 1, 4), ('?', 3, 1, 4), ('?', '?', 1, 4), ('?', 7, 1, 4), ('?', 5, 1, 4), (6, 0, 1, 4), (6, '?', 1, 4), ('?', 5, 1, 4), ('?', 6, 1, 4)]"
"(14, 9, 22, 25, 0)","[(4, '?', 1, 3), (4, 7, 1, 3), (4, 4, 1, 3), (4, 4, 1, 3), (4, 0, 1, 3), (4, 6, 1, 3), (4, 4, 1, 3), (4, 0, 1, 3), (4, 1, 1, 3), (4, 0, 1, 3), (4, 0, 1, 3), (4, 0, 1, 3), (4, 7, 1, 3), (4, '?', 1, 3), (4, 2, 1, 3), (4, 0, 1, 3), (4, 2, 1, 3), (4, 4, 1, 3), (4, 6, 1, 3), (4, '?', 1, 3), (4, 4, 1, 3), (4, 4, 1, 3), (4, '?', 1, 3), (4, 6, 1, 3), (4, 1, 1, 3), (4, 6, 1, 3), (4, 7, 1, 3), (4, 6, 1, 3), (4, 2, 1, 3), (4, 6, 1, 3), (4, 0, 1, 3), (4, '?', 1, 3), (4, 5, 1, 3), (4, 2, 1, 3), (4, 1, 1, 3), (4, 4, 1, 3), (4, '?', 1, 3), (4, 5, 1, 3), (4, 4, 1, 3), (4, 4, 1, 3)]"
"(14, 9, 22, 26, 0)","[(3, 3, 1, 4), (3, 5, 1, 4), (3, 0, 1, 4), (3, 0, 1, 4), (3, '?', 1, 4), (3, '?', 1, 4), (3, 0, 1, 4), (3, '?', 1, 4), (3, '?', 1, 4), (3, '?', 1, 4), (3, 5, 1, 4), (3, 0, 1, 4), (3, 0, 1, 4), (3, '?', 1, 4), (3, 3, 1, 4), (3, 3, 1, 4)]"
"(14, 9, 22, 27, 0)","[(0, '?', 1, 4)]"
"(14, 9, 25, 25, 0)","[(4, 6, 1, 3)]"
"(14, 9, 26, 22, 0)","[(3, 7, 1, 4), (3, '?', 1, 4), ('?', 7, 1, 4), (3, '?', 1, 4), (3, 3, 1, 4), (3, 5, 1, 4), (3, 6, 1, 4), (3, 7, 1, 4), (3, 4, 1, 4), (3, 0, 1, 4), (3, 0, 1, 4)]"
"(14, 9, 27, 2, 0)","[(0, 0, 1, 3), (0, 0, 1, 3), (0, 4, 1, 3), (0, '?', 1, 3), (0, 3, 1, 3), (0, 7, 1, 3), (0, 1, 1, 3), (0, 0, 1, 3), (0, 4, 1, 3), (0, 4, 1, 3), (0, 4, 1, 3), (0, 4, 1, 3), (0, 7, 1, 3), (0, 1, 1, 3), (0, '?', 1, 3), (0, 0, 1, 3), (0, 0, 5, 3), (0, 4, 1, 3), (0, 5, 1, 3), (0, 1, 1, 3), (0, 4, 1, 3), (0, 3, 1, 3), (0, 1, 1, 3), (0, 2, 1, 3)]"
"(14, 9, 27, 6, 0)","[(0, 7, 1, 3), (0, 7, 1, 3), (0, 7, 1, 3), (0, 7, 1, 3), (0, 7, 1, 3), (0, 7, 1, 3)]"
"(14, 9, 27, 9, 0)","[(0, '?', 1, 7), (0, 6, 1, 7), (0, 2, 1, 7), (0, '?', 1, 7), (0, '?', 1, 7), (0, '?', 1, 7), (0, 4, 1, 7), (0, '?', 1, 7)]"
"(14, 9, 27, 22, 0)","[(0, 2, 1, 4), (0, 4, 1, 4), (0, '?', 1, 4), (0, 5, 1, 4), (0, 2, 1, 4), (0, 5, 1, 4), (0, '?', 1, 4), (0, 4, 1, 4), (0, 1, 1, 4), (0, 4, 1, 4), (0, 2, 1, 4), (0, 4, 1, 4), (0, 1, 1, 4), (0, '?', 1, 4), (0, '?', 1, 4), (0, 4, 1, 4), (0, 3, 1, 4), (0, 0, 1, 4), (0, 0, 1, 4), (0, 3, 1, 4), (0, 2, 1, 4), (0, '?', 1, 4), (0, '?', 1, 4), (0, 0, 1, 4)]"
"(14, 10, 9, 8, 0)","[(1, 6, 1, 7)]"
"(14, 10, 9, 9, 0)","[(1, 6, 1, 7), (1, 7, 1, 7), (1, 5, 1, 7)]"
"(14, 13, 4, 5, 0)","[(6, 0, 5, 4)]"
"(14, 13, 4, 22, 0)","[(6, 5, 1, 4)]"
"(14, 14, 2, 1, 0)","[(4, 6, 5, 7), (4, 4, 5, 7), (4, 1, 5, 7), (4, 6, 5, 7), (4, 1, 5, 7)]"
"(14, 14, 2, 2, 0)","[('?', 6, 5, 3), (0, 4, 5, 3), ('?', 4, 5, 3), ('?', 6, 5, 3), (0, 1, 5, 3), ('?', 6, 5, 3), ('?', 1, 5, 3), ('?', 1, 5, 3), ('?', 1, 5, 3), ('?', 6, 5, 3), ('?', 1, 5, 3), ('?', 1, 5, 3), (6, 1, 5, 3), ('?', 4, 5, 3)]"
"(14, 14, 2, 5, 0)","[(0, 6, 5, 4), ('?', 1, 5, 4)]"
"(14, 14, 2, 7, 0)","[(3, 6, 5, 7), (3, 4, 5, 7), (3, 4, 5, 7), (3, 4, 5, 7), (3, 6, 5, 7), (3, 6, 5, 7), (3, 4, 5, 7), (3, 1, 5, 7), (3, 4, 5, 7)]"
"(14, 14, 2, 8, 0)","[(1, 1, 5, 3), (1, 6, 5, 3), (1, 6, 5, 3), (1, 6, 5, 3)]"
"(14, 14, 2, 9, 0)","[('?', 1, 5, 7), (2, 1, 5, 7), (1, 1, 5, 7), ('?', 4, 5, 7), ('?', 1, 5, 7), ('?', 4, 5, 7)]"
"(14, 14, 2, 10, 0)","[(1, 1, 5, 4), (1, 6, 5, 4), (1, 1, 5, 4), (1, 4, 5, 4), (1, 4, 5, 4), (1, 6, 5, 4), (1, 4, 5, 4)]"
"(14, 14, 2, 11, 0)","[(2, 6, 5, 4), (2, 1, 5, 4), (2, 6, 5, 4)]"
"(14, 14, 2, 15, 0)","[(3, 1, 5, 3), (7, 4, 5, 3), (3, 1, 5, 3), (3, 6, 5, 3), (3, 6, 5, 3), (3, 4, 5, 3), (3, 6, 5, 3), (3, 4, 5, 3), (3, 1, 5, 3), (3, 1, 5, 3), (3, 4, 5, 3), (3, 1, 5, 3)]"
"(14, 14, 2, 17, 0)","[(2, 4, 5, 7), (2, 4, 5, 7), (2, 6, 5, 3), (2, 6, 5, 7), (2, 1, 5, 3), (2, 1, 5, 3), (2, 6, 5, 7), (2, 4, 5, 3), (2, 4, 5, 4), (2, 1, 5, 3), (2, 1, 5, 3), (2, 1, 5, 3), (2, 4, 5, 7), (2, 1, 5, 7), (2, 1, 5, 3)]"
"(14, 14, 2, 21, 0)","[(4, 6, 5, 4), (4, 1, 5, 4), (4, 1, 5, 4), (4, 6, 5, 4), (4, 1, 5, 4), (4, 6, 5, 4), (4, 6, 5, 4)]"
"(14, 14, 2, 22, 0)","[('?', 1, 5, 4), (6, 6, 5, 4), (6, 4, 5, 4), ('?', 1, 5, 4)]"
"(14, 14, 2, 25, 0)","[('?', 4, 5, 3)]"
"(14, 14, 2, 26, 0)","[(3, 1, 5, 4), (3, 4, 5, 4), (3, 6, 5, 4), (3, 4, 5, 4), (3, 4, 5, 4)]"
"(14, 14, 2, 27, 0)","[(0, 1, 5, 4), (0, 1, 5, 3)]"
"(14, 14, 4, 1, 0)","[(4, 0, 5, 7), (4, 0, 5, 7), (4, 0, 5, 7), (4, 5, 5, 7), (4, 0, 5, 7)]"
"(14, 14, 4, 2, 0)","[('?', 5, 5, 3), ('?', 0, 5, 3)]"
"(14, 14, 4, 3, 0)","[(6, 0, 5, 4), (6, 0, 5, 4)]"
"(14, 14, 4, 7, 0)","[(3, 0, 5, 7), (3, 5, 5, 7), (3, 0, 5, 7), (3, 0, 5, 7), (3, 0, 5, 7), (3, 5, 5, 7), (3, 0, 5, 7)]"
"(14, 14, 4, 8, 0)","[(1, 5, 5, 3), (1, 5, 5, 3)]"
"(14, 14, 4, 9, 0)","[('?', 0, 5, 7), ('?', 0, 5, 7), (2, 5, 5, 7), (2, 5, 5, 7)]"
"(14, 14, 4, 10, 0)","[(1, 5, 5, 4), (1, 0, 5, 4), (1, 0, 5, 4)]"
"(14, 14, 4, 11, 0)","[(2, 0, 5, 4), (2, 5, 5, 4), (2, 0, 5, 4), (2, 0, 5, 4), (2, 0, 5, 4)]"
"(14, 14, 4, 15, 0)","[(3, 5, 5, 3), (3, 0, 5, 3), (3, 5, 5, 3), (3, 5, 5, 3)]"
"(14, 14, 4, 17, 0)","[(2, 5, 5, 3), (2, 5, 5, 4), (2, 0, 5, 3), (2, 5, 5, 7), (2, 0, 5, 3), (2, 5, 5, 3), (2, 5, 5, 7), (2, 5, 5, 3), (2, 0, 5, 7)]"
"(14, 14, 4, 21, 0)","[(4, 0, 5, 4), (4, 5, 5, 4), (4, 5, 5, 4), (4, 5, 5, 4), (4, 0, 5, 4), (5, 0, 5, 4), (4, 0, 5, 4), (4, 5, 5, 4), (4, 0, 5, 4)]"
"(14, 14, 4, 22, 0)","[(6, 0, 5, 4), (6, 5, 5, 4), ('?', 5, 5, 4), (6, 5, 5, 4), (6, 5, 5, 4), (6, 0, 5, 4), ('?', 5, 5, 4)]"
"(14, 14, 4, 25, 0)","[(4, 5, 5, 3), (4, 0, 5, 3), (4, 0, 5, 3), (4, 0, 5, 3), (4, 5, 5, 3), (4, 0, 5, 3)]"
"(14, 14, 4, 26, 0)","[(7, 5, 5, 4)]"
"(14, 14, 5, 2, 0)","[('?', '?', 5, 3)]"
"(14, 14, 5, 11, 0)","[(2, 3, 5, 4)]"
"(14, 14, 5, 21, 0)","[(4, 1, 5, 4)]"
"(14, 14, 6, 1, 0)","[(4, 3, 5, 7), (4, 2, 5, 7), (4, 2, 5, 7), (4, 7, 5, 7)]"
"(14, 14, 6, 2, 0)","[(3, 2, 5, 3), ('?', 7, 5, 3), (2, 2, 5, 3), (0, 7, 5, 3), ('?', 7, 5, 3), (0, 7, 5, 3)]"
"(14, 14, 6, 5, 0)","[(2, 3, 5, 4)]"
"(14, 14, 6, 7, 0)","[(3, 3, 5, 7), (3, 3, 5, 7), (3, 3, 5, 7), (3, 2, 5, 7), (3, 7, 5, 7), (3, 7, 5, 7), (3, 2, 5, 7), (3, 3, 5, 7)]"
"(14, 14, 6, 8, 0)","[(1, 2, 5, 3), (1, 7, 5, 7)]"
"(14, 14, 6, 9, 0)","[('?', 2, 5, 7), ('?', 3, 5, 7), ('?', 3, 5, 7), ('?', 3, 5, 7), (3, 7, 5, 7), ('?', 7, 5, 7), (2, 3, 5, 7), ('?', 3, 5, 7), ('?', 7, 5, 7)]"
"(14, 14, 6, 10, 0)","[(1, 2, 5, 4)]"
"(14, 14, 6, 11, 0)","[(2, 3, 5, 4), (2, 7, 5, 3), (2, 2, 5, 4), (2, 7, 5, 4), (2, 3, 5, 4)]"
"(14, 14, 6, 14, 0)","[(2, 3, 5, 7), (3, 3, 5, 7), (2, 3, 5, 7), (2, 2, 5, 7), (2, 3, 5, 7), (3, 3, 5, 7), (2, 7, 5, 7), (3, 7, 5, 7)]"
"(14, 14, 6, 15, 0)","[(3, 3, 5, 3), (3, 2, 5, 3), (3, 2, 5, 3), (3, 3, 5, 3), (7, 2, 5, 3), (3, 2, 5, 3), (3, 2, 5, 3), (3, 2, 5, 3)]"
"(14, 14, 6, 17, 0)","[(2, 3, 5, 3), (2, 2, 5, 7), (2, 3, 5, 3), (2, 3, 5, 3), (2, 2, 5, 3), (2, 2, 5, 3), (2, 7, 5, 7), (2, 7, 5, 3), (2, 7, 5, 3), (2, 3, 5, 3), (2, 7, 5, 7), (2, 2, 5, 3), (2, 2, 5, 3), (2, 3, 5, 7)]"
"(14, 14, 6, 21, 0)","[(4, 3, 5, 4), (4, 3, 5, 4), (4, 3, 5, 4)]"
"(14, 14, 6, 22, 0)","[(2, 3, 5, 4), (2, 3, 5, 4), (2, 3, 5, 4), ('?', 3, 5, 4), ('?', 7, 5, 4), (3, 7, 5, 4), ('?', 7, 5, 4), ('?', 2, 5, 4), (3, 7, 5, 4), (3, 2, 5, 4), (3, 2, 5, 4), (3, 3, 5, '?'), ('?', 2, 5, 4), ('?', 7, 5, 4)]"
"(14, 14, 6, 25, 0)","[(4, 2, 5, 3), (4, 2, 5, 3)]"
"(14, 14, 6, 26, 0)","[(3, 7, 5, 4), (3, 7, 5, 4), (3, 2, 5, 4), (3, 2, 5, 4), (3, 2, 5, 4), (3, 7, 5, 4)]"
"(14, 14, 6, 27, 0)","[(0, 7, 5, 4), (0, 2, 5, 4), (0, 7, 5, 4), (0, 2, 5, 4)]"
"(14, 14, 8, 1, 0)","[(4, 2, 5, 7)]"
"(14, 14, 8, 8, 0)","[(1, '?', 5, 3), (1, 5, 5, 3), (1, '?', 5, 3)]"
"(14, 14, 8, 9, 0)","[(1, 7, 5, 7), (1, 1, 5, 7), (1, '?', 5, 7), (1, 1, 5, 7)]"
"(14, 14, 9, 1, 0)","[(4, 6, 5, 7), (4, 1, 5, 7)]"
"(14, 14, 9, 7, 0)","[(3, 5, 5, 7)]"
"(14, 14, 9, 9, 0)","[('?', 6, 5, 7)]"
"(14, 14, 9, 17, 0)","[(2, 2, 5, 7)]"
"(14, 14, 10, 1, 0)","[(4, 2, 5, 7)]"
"(14, 14, 10, 2, 0)","[(1, 6, 5, 3), (1, 2, 5, 3), (1, '?', 5, 3), (1, 1, 5, 3), (1, '?', 5, 3), (1, 1, 5, 3), (1, 2, 5, 3), (1, 1, 5, 3), (1, 3, 5, 3), (1, 5, 5, 3), (1, 1, 5, 3), (1, 6, 5, 3)]"
"(14, 14, 10, 9, 0)","[(1, 0, 5, 7), (1, 0, 5, 7), (1, 0, 5, 7), (1, 1, 5, 7), (1, '?', 5, 7), (1, '?', 5, 7), (1, 7, 5, 7), (1, '?', 5, 7), (1, 7, 5, 7)]"
"(14, 14, 10, 10, 0)","[(1, 6, 5, 4)]"
"(14, 14, 13, 5, 0)","[(6, 2, 5, 4)]"
"(14, 14, 14, 7, 0)","[(7, 0, 5, 7)]"
"(14, 14, 17, 9, 0)","[(2, 0, 5, 7), (2, 0, 5, 7), (2, 5, 5, 7), (2, 4, 5, 7), (2, 0, 5, 7), (2, 6, 5, 7), (2, 0, 5, 7), (2, 0, 5, 7), (2, 6, 5, 7), (2, 5, 5, 7), (2, 4, 5, 7), (2, 2, 5, 7), (2, 1, 5, 7), (2, 5, 5, 7), (2, 2, 5, 7), (2, 1, 5, 7), (2, 4, 5, 7), (2, 5, 5, 7)]"
"(14, 14, 17, 17, 0)","[(2, 0, 5, 3), (2, 5, 5, 3)]"
"(14, 14, 21, 21, 0)","[(4, 1, 5, 4)]"
"(14, 14, 22, 1, 0)","[(4, 6, 5, 7), (4, 7, 5, 7), (4, 0, 5, 7), (4, 3, 5, 7), (4, 4, 5, 7), (4, 2, 5, 7), (4, '?', 5, 7), (4, 4, 5, 7), (4, 0, 5, 7), (4, '?', 5, 7), (4, 4, 5, 7), (4, 7, 5, 7), (4, 5, 5, 7), (4, 3, 5, 7), (4, '?', 5, 7), (4, 3, 5, 7), (4, '?', 5, 7), (4, 1, 5, 7), (4, 4, 5, 7), (4, 4, 5, 7), (4, 0, 5, 7), (4, 7, 5, 7), (4, 5, 5, 7), (4, 0, 5, 7), (4, 6, 5, 7), (4, '?', 5, 7), (4, '?', 5, 7)]"
"(14, 14, 22, 2, 0)","[('?', '?', 5, 3), (6, 5, 5, 3), ('?', 4, 5, 3), (3, 4, 5, 3), ('?', 6, 5, 3), ('?', 4, 5, 3), ('?', '?', 5, 3), ('?', 0, 5, 3), ('?', 0, 5, 3), ('?', 0, 5, 3), ('?', 4, 5, 3), ('?', 4, 5, 3)]"
"(14, 14, 22, 3, 0)","[(4, 5, 5, 4), (4, 3, 5, 4)]"
"(14, 14, 22, 5, 0)","[('?', 7, 5, 4), ('?', 2, 5, 4), (6, 3, 5, 4), (6, 5, 5, 4), (6, 4, 5, 4), (6, 0, 5, 4), (4, 6, 5, 4)]"
"(14, 14, 22, 7, 0)","[(3, 7, 5, 7), (3, 6, 5, 7), (3, 1, 5, 7), (3, 0, 5, 7), (3, '?', 5, 7), (3, '?', 5, 7), (3, 4, 5, 7), (3, 0, 5, 7), (3, 1, 5, 7), (3, 1, 5, 7), (3, '?', 5, 7), (3, 2, 5, 7), (3, 1, 5, 7), (3, '?', 5, 7), (3, '?', 5, 7), (3, 1, 5, 7), (3, 2, 5, 7), (3, 7, 5, 7), (3, 1, 5, 7), (3, 6, 5, 7), (3, 6, 5, 7), (3, '?', 5, 7), (3, '?', 5, 7), (3, 2, 5, 7), (3, 6, 5, 7), (3, 3, 5, 7), (3, 5, 5, 7), (3, 5, 5, 7), (3, 0, 5, 7), (3, 2, 5, 7), (3, 5, 5, 7), (3, '?', 5, 7)]"
"(14, 14, 22, 9, 0)","[('?', 6, 5, 7), (1, 0, 5, 7), ('?', 5, 5, 7), (1, 0, 5, 7), (2, 1, 5, 7), ('?', 0, 5, 7), ('?', 6, 5, 7)]"
"(14, 14, 22, 10, 0)","[(1, 2, 5, 4), (1, 7, 5, 4), (1, 0, 5, 4), (1, 2, 5, 4), (1, 4, 5, 4), (1, 0, 5, 4)]"
"(14, 14, 22, 11, 0)","[(2, 0, 5, 4), (2, 1, 5, 4), (2, 1, 5, 4), (2, 0, 5, 4), (2, 5, 5, 4), (2, 4, 5, 4), (2, 6, 5, 4), (2, 4, 5, 4), (2, 3, 5, 4), (2, 0, 5, 4), (2, 5, 5, 4), (2, 6, 5, 4), (2, 6, 5, 4), (2, 4, 5, 4)]"
"(14, 14, 22, 15, 0)","[(3, 1, 5, 3), (3, 0, 5, 3), (3, 5, 5, 3), (3, '?', 5, 3), (3, 4, 5, 3), (3, 6, 5, 3), (3, 1, 5, 3), (3, '?', 5, 3), (3, 0, 5, 3), (3, '?', 5, 3), (3, '?', 5, 3), (3, 6, 5, 3), (3, 3, 5, 3), (3, 1, 5, 3), (3, 5, 5, 3), (3, 2, 5, 3), (3, 6, 5, 3), (3, 4, 5, 3), (3, 6, 5, 3), (3, '?', 5, 3), (3, 6, 1, 3), (3, '?', 5, 3), (3, 0, 5, 3), (3, 4, 5, 3)]"
"(14, 14, 22, 17, 0)","[(2, 2, 5, 4), (2, 0, 5, 3), (2, '?', 5, 3), (2, 4, 5, 3), (2, 2, 5, 4), (2, 5, 5, 3), (2, 1, 5, 7), (2, 5, 5, 3), (2, 5, 5, 3), (2, '?', 5, 3), (2, 2, 5, 3), (2, 2, 5, 4), (2, 4, 5, 3), (2, 4, 5, 3), (2, 3, 5, 3), (2, 6, 5, 3), (2, 5, 5, 4), (2, 2, 5, 4), (2, 2, 5, 7), (2, 2, 5, 4), (2, 6, 5, 3), (2, '?', 5, 4), (2, 5, 5, 3), (2, 4, 5, 3), (2, 0, 5, 3), (2, 5, 5, 4), (2, 1, 5, 7), (2, 6, 5, 7), (2, '?', 5, 3), (2, 0, 5, 3), (2, '?', 5, 3), (2, 2, 5, 4), (2, 6, 5, 3), (2, 4, 5, 7), (2, 2, 5, 3), (2, 2, 5, 4), (2, 1, 5, 4), (2, '?', 5, 4)]"
"(14, 14, 22, 21, 0)","[(4, '?', 5, 4), (4, '?', 5, 4), (4, '?', 5, 4), (4, 3, 5, 4), (4, 6, 5, 4), (4, '?', 5, 4), (4, '?', 5, 4), (4, '?', 5, 4), (4, 5, 5, 4), (4, '?', 5, 4), (4, 5, 5, 4), (4, 3, 5, 4), (4, '?', 5, 4)]"
"(14, 14, 22, 22, 0)","[('?', 0, 5, 4), ('?', 2, 5, 4), ('?', 3, 5, 4), ('?', 0, 5, 4), (6, '?', 5, 4), ('?', 2, 5, 4), ('?', 3, 5, 4), ('?', 0, 5, 4), ('?', 0, 5, 4), ('?', 0, 5, 4)]"
"(14, 14, 22, 25, 0)","[(4, '?', 5, 3), (4, 2, 5, 3), (4, '?', 5, 3), (4, 3, 5, 3), (4, 5, 5, 3), (4, 3, 5, 3), (4, 0, 5, 3), (4, 5, 5, 3), (4, '?', 5, 3), (4, 2, 5, 3)]"
"(14, 14, 22, 26, 0)","[(3, 6, 5, 4), (3, 0, 5, 4), (3, 1, 5, 4), (3, 0, 5, 4), (3, 4, 5, 4), (3, 1, 5, 4), (3, 1, 5, 4), (7, 2, 5, 4), (3, 0, 5, 4), (3, 0, 5, 4), (7, 2, 5, 4), (3, 0, 5, 4)]"
"(14, 14, 24, 22, 0)","[(5, 0, 5, 4)]"
"(14, 14, 25, 25, 0)","[(4, 2, 5, 3), (4, '?', 5, 3)]"
"(14, 14, 26, 2, 0)","[(7, 6, 5, 3), (7, 1, 5, 3), (7, '?', 5, 3), (7, '?', 5, 3), (7, 6, 5, 3), (7, 4, 5, 3), (7, 4, 5, 3), (7, 1, 5, 3)]"
"(14, 14, 26, 9, 0)","[(7, 5, 5, 7), (7, 0, 5, 7)]"
"(14, 14, 26, 22, 0)","[(7, 7, 5, 4), (7, 2, 5, 4), (7, '?', 5, 4), (7, 5, 5, 4), (7, 2, 5, 4)]"
"(14, 14, 27, 2, 0)","[(0, 4, 5, 3), (0, '?', 5, 3), (0, 6, 5, 3), (0, 4, 5, 3), (0, 1, 5, 3), (0, 4, 5, 3), (0, 7, 5, 3), (0, 4, 5, 3), (0, 0, 5, 3), (0, '?', 5, 3), (0, 1, 5, 3), (0, '?', 5, 3), (0, 4, 5, 3)]"
"(14, 14, 27, 4, 0)","[(0, 5, 5, 3), (0, 0, 5, 3)]"
"(14, 14, 27, 9, 0)","[(0, 3, 5, 7), (0, 2, 5, 7), (0, 2, 5, 7), (0, 2, 5, 7), (0, 0, 5, 7), (0, 1, 5, 7), (0, 3, 5, 7), (0, 1, 5, 7), (0, 3, 5, 7), (0, 0, 5, 7), (0, 5, 5, 7), (0, 2, 5, 7), (0, 7, 5, 7), (0, 2, 5, 7), (0, 7, 5, 7), (0, 0, 5, 7), (0, 3, 1, 7), (0, 7, 5, 7), (0, 0, 5, 7), (0, 7, 5, 7), (0, 0, 5, 7), (0, 0, 5, 7), (0, 2, 5, 7), (0, 2, 5, 7)]"
"(14, 14, 27, 14, 0)","[(0, 1, 5, 7), (0, 1, 5, 7)]"
"(14, 14, 27, 22, 0)","[(0, '?', 5, 4), (0, 7, 5, 4), (0, 7, 5, 4), (0, 6, 5, 4), (0, 1, 5, 4), (0, 2, 5, 4), (0, 3, 5, 4), (0, '?', 5, 4), (0, 3, 5, 4), (0, 6, 5, 4), (0, 6, 5, 4), (0, '?', 5, 4), (0, '?', 5, 4), (0, 6, 5, 4), (0, '?', 5, 4), (0, 4, 5, 4), (0, 3, 5, 4), (0, 7, 5, 4), (0, 3, 5, 4), (0, '?', 5, 4), (0, 2, 5, 4), (0, 4, 5, 4), (0, 6, 5, 4), (0, '?', 5, 4), (0, 3, 5, 4), (0, '?', 5, 4), (0, 3, 5, 4), (0, 4, 5, 4)]"
"(14, 15, 2, 2, 0)","[(7, 6, 5, 3), (7, 1, 5, 3), (7, 6, 5, 3), (7, 1, 5, 3), (7, 6, 5, 3), (7, 4, 5, 3), (7, 6, 1, 3)]"
"(14, 15, 2, 9, 0)","[(7, 4, 1, 7), (7, 4, 5, 7), (7, 4, 1, 7), (7, 6, 5, 7), (7, 4, 1, 7)]"
"(14, 15, 2, 14, 0)","[(7, 6, 5, 7)]"
"(14, 15, 4, 2, 0)","[(7, 5, 5, 3), (7, 5, 5, 3), (7, 0, 5, 3), (7, 5, 1, 3)]"
"(14, 15, 4, 4, 0)","[(7, 0, 5, 4), (7, 0, 5, 3)]"
"(14, 15, 4, 8, 0)","[(7, 5, 5, 3)]"
"(14, 15, 4, 14, 0)","[(7, 5, 5, 7)]"
"(14, 15, 4, 25, 0)","[(7, 0, 5, 3)]"
"(14, 15, 5, 2, 0)","[(7, 5, 5, 3), (7, 0, 5, 3), (7, 5, 5, 3)]"
"(14, 15, 6, 2, 0)","[(7, 2, 5, 3), (7, 2, 5, 3), (7, 7, 5, 3), (7, 7, 1, 3), (7, 7, 5, 3), (7, 3, 5, 3)]"
"(14, 15, 6, 7, 0)","[(7, 3, 5, 7)]"
"(14, 15, 22, 2, 0)","[(7, 4, 5, 3), (7, 6, 1, 3), (7, '?', 1, 3)]"
"(14, 22, 1, 1, 0)","[(4, 4, 1, 7)]"
"(14, 22, 2, 2, 0)","[('?', 6, 1, 3)]"
"(14, 22, 2, 11, 0)","[(2, 1, 1, 4)]"
"(14, 22, 2, 17, 0)","[(2, 1, 1, 3)]"
"(14, 22, 2, 22, 0)","[('?', 1, 1, 4), ('?', 1, 1, 4)]"
"(14, 22, 4, 2, 0)","[('?', 5, 1, 3), (2, 5, 1, 3)]"
"(14, 22, 4, 10, 0)","[(1, 5, 1, 4), (1, 5, 1, 4)]"
"(14, 22, 4, 11, 0)","[(2, 5, 1, 4)]"
"(14, 22, 4, 15, 0)","[(3, 0, 1, 3), (3, 0, 1, 3), (3, 5, 1, 3)]"
"(14, 22, 4, 22, 0)","[('?', 5, 1, 4)]"
"(14, 22, 6, 2, 0)","[('?', 2, 1, 3)]"
"(14, 22, 6, 15, 0)","[(3, 7, 1, 3), (3, 3, 1, 3), (3, 7, 1, 3), (3, 7, 1, 3), (3, 7, 1, 3), (3, 3, 1, 3)]"
"(14, 22, 7, 7, 0)","[(3, 3, 1, 7)]"
"(14, 22, 8, 10, 0)","[(1, 7, 1, 4)]"
"(14, 22, 9, 1, 0)","[(4, 1, 1, 7), (4, '?', 1, 7), (4, '?', 1, 7), (4, '?', 1, 7), (4, 1, 1, 7), (4, 1, 1, 7), (4, 1, 1, 7), (4, 4, 1, 7), (4, 4, 1, 7), (4, 3, 1, 7), (4, 2, 1, 7), (4, 4, 1, 7), (4, 7, 1, 7), (4, 6, 1, 7), (4, 6, 1, 7), (4, 3, 1, 7), (4, 2, 1, 7), (4, 0, 1, 7), (4, 2, 1, 7), (4, 2, 1, 7), (4, '?', 1, 7), (4, 2, 1, 7), (4, 3, 1, 7), (4, 6, 1, 7), (4, 7, 1, 7), (4, 1, 1, 7), (4, '?', 1, 7), (4, 1, 1, 7), (4, '?', 1, 7), (4, 6, 1, 7), (4, 6, 1, 7), (4, 0, 1, 7), (4, 4, 1, 7), (4, '?', 1, 7), (4, 0, 1, 7), (4, 4, 1, 7), (4, 3, 1, 7), (4, 7, 1, 7)]"
"(14, 22, 9, 7, 0)","[(3, 1, 1, 7), (3, '?', 1, 7), (3, '?', 1, 7), (3, '?', 1, 7), (3, 4, 1, 7), (3, 4, 1, 7), (3, '?', 1, 7), (3, 0, 1, 7), (3, 3, 1, 7), (3, '?', 1, 7), (3, 4, 1, 7), (3, 4, 1, 7), (3, 4, 1, 7), (3, 4, 1, 7), (3, 7, 1, 7), (3, 5, 1, 7), (3, 1, 1, 7), (3, 5, 1, 7)]"
"(14, 22, 9, 8, 0)","[(1, 1, 1, 7)]"
"(14, 22, 9, 9, 0)","[(0, 2, 1, 7), (0, 7, 1, 7), (0, 3, 1, 7), ('?', 0, 1, 7), ('?', '?', 1, 7), ('?', 7, 1, 7), ('?', '?', 1, 7), ('?', 2, 1, 7), (1, 5, 1, 7), ('?', 0, 1, 7), (1, 1, 1, 7), ('?', 1, 1, 7), ('?', 2, 1, 7), ('?', 2, 1, 7), ('?', 4, 1, 7), ('?', 0, 1, 7), (0, 3, 1, 7), ('?', 1, 1, 7), (0, 3, 1, 7), (3, 1, 1, 7), ('?', 6, 1, 7), ('?', 0, 1, 7), ('?', '?', 1, 7), ('?', 6, 1, 7), (3, 1, 1, 7), ('?', 6, 1, 7), ('?', 3, 1, 7), (1, 5, 1, 7), ('?', 4, 1, 7), ('?', 0, 1, 7), ('?', 1, 1, 7), ('?', '?', 1, 7), (1, 7, 1, 7), (3, '?', 1, 7), ('?', 7, 1, 7), ('?', 5, 1, 7), ('?', '?', 1, 7), ('?', 3, 1, 7), ('?', '?', 1, 7), (3, 1, 1, 7), (3, 1, 1, 7), ('?', '?', 1, 7), (3, 5, 5, 7), ('?', 6, 1, 7), (3, '?', 1, 7), ('?', 3, 1, 7), ('?', 6, 1, 7), (3, '?', 1, 7), ('?', 6, 1, 7)]"
"(14, 22, 9, 15, 0)","[(3, 7, 1, 7)]"
"(14, 22, 9, 17, 0)","[(2, 7, 1, 7)]"
"(14, 22, 10, 9, 0)","[(1, 4, 1, 7), (1, 7, 1, 7)]"
"(14, 22, 10, 10, 0)","[(1, 0, 1, 4), (1, '?', 1, 4), (1, 5, 1, 4), (1, 4, 1, 4), (1, 6, 1, 4), (1, 1, 1, 4), (1, '?', 1, 4), (1, 1, 1, 4)]"
"(14, 22, 10, 22, 0)","[(1, 4, 1, 4)]"
"(14, 22, 11, 2, 0)","[(2, 1, 1, 3), (2, 1, 1, 3)]"
"(14, 22, 11, 9, 0)","[(2, 6, 1, 4), (2, 4, 1, 4)]"
"(14, 22, 11, 11, 0)","[(2, 6, 1, 4), (2, 6, 1, 4), (2, 6, 1, 4), (2, 5, 1, 4), (2, 6, 1, 4)]"
"(14, 22, 11, 17, 0)","[(2, 4, 1, 3), (2, '?', 1, 3), (2, 6, 1, 3), (2, '?', 1, 3), (2, 6, 1, 3)]"
"(14, 22, 15, 2, 0)","[(3, 1, 1, 3), (3, 6, 1, 3), (3, 0, 1, 3)]"
"(14, 22, 15, 4, 0)","[(3, 0, 1, 3)]"
"(14, 22, 15, 15, 0)","[(3, 1, 1, 3), (3, 6, 1, 3), (3, 6, 1, 3), (3, 1, 1, 3), (3, 1, 1, 3), (3, 3, 5, 3), (3, 1, 1, 3), (3, 6, 1, 3)]"
"(14, 22, 17, 2, 0)","[(2, 4, 1, 3), (2, '?', 1, 3), (2, 6, 1, 3), (2, '?', 1, 3), (2, 6, 1, 3), (2, 4, 1, 3)]"
"(14, 22, 17, 9, 0)","[(2, '?', 1, 7), (2, '?', 1, 7), (2, '?', 1, 7), (2, '?', 1, 7), (2, 2, 5, 7), (2, 4, 1, 7), (2, '?', 1, 7), (2, 3, 5, 7), (2, '?', 1, 7), (2, 5, 1, 7), (2, 4, 1, 7), (2, 4, 1, 7), (2, 7, 1, 7), (2, 1, 1, 7), (2, 4, 1, 7), (2, 1, 1, 7), (2, 1, 1, 7), (2, 7, 1, 7)]"
"(14, 22, 17, 17, 0)","[(2, 2, 1, 3), (2, 6, 1, 3), (2, 5, 1, 3)]"
"(14, 22, 21, 21, 0)","[(4, 7, 1, 4)]"
"(14, 22, 22, 2, 0)","[('?', 4, 1, 3), ('?', 2, 1, 3), ('?', '?', 1, 3), ('?', 4, 1, 3), ('?', 1, 1, 3), (7, 4, 1, 3), ('?', 6, 1, 3), ('?', 1, 1, 3), ('?', 4, 1, 3), (6, 0, 1, 3), ('?', '?', 1, 3)]"
"(14, 22, 22, 6, 0)","[('?', 2, 1, 3)]"
"(14, 22, 22, 9, 0)","[(3, 3, 1, 7)]"
"(14, 22, 22, 11, 0)","[(2, 1, 1, 4), (2, 1, 1, 4), (2, 4, 1, 4), (2, 1, 1, 4)]"
"(14, 22, 22, 15, 0)","[(3, 3, 1, 3), (3, 5, 1, 3)]"
"(14, 22, 22, 17, 0)","[(2, 4, 1, 3), (2, 3, 1, 3), (2, 1, 1, 3)]"
"(14, 22, 22, 21, 0)","[(4, 1, 1, 4), (4, 1, 1, 4)]"
"(14, 22, 22, 22, 0)","[('?', 1, 1, 4), ('?', 6, 1, 4), (6, 0, 1, 4)]"
"(14, 22, 22, 25, 0)","[(4, '?', 1, 3), (4, 2, 1, 3), (4, '?', 1, 3)]"
"(14, 22, 22, 26, 0)","[(3, '?', 1, 4), (3, 6, 1, 4)]"
"(14, 22, 25, 25, 0)","[(4, 2, 1, 3)]"
"(14, 22, 26, 6, 0)","[(3, 7, 1, 4)]"
"(14, 22, 26, 22, 0)","[(3, 7, 1, 4), (3, 4, 1, 4), (3, 4, 1, 4), (3, 4, 1, 4), (3, 6, 1, 4), (3, 4, 1, 4), (3, 6, 1, 4), (3, 1, 1, 4), (3, 6, 1, 4), (3, 1, 1, 4), (3, 1, 1, 4), (3, 1, 1, 4), (3, 3, 1, 4)]"
"(14, 22, 27, 2, 0)","[(0, 2, 1, 3), (0, 2, 1, 3)]"
"(14, 22, 27, 9, 0)","[(0, 2, 1, 7), (0, 2, 1, 7)]"
"(14, 22, 27, 22, 0)","[(0, 1, 1, 4), (0, 1, 1, 4)]"
"(14, 24, 5, 4, 0)","[(6, 0, 5, 3)]"
"(14, 24, 5, 6, 0)","[(6, 3, 5, 4)]"
"(14, 24, 6, 2, 0)","[(6, 7, 1, 3)]"
"(14, 26, 2, 14, 0)","[(7, 4, 5, 7), (7, 4, 5, 7), (7, 4, 5, 7)]"
"(14, 26, 4, 7, 0)","[(7, 0, 1, 7)]"
"(14, 26, 4, 9, 0)","[(7, 0, 1, 7), (7, 0, 1, 7), (7, 5, 1, 7), (7, 0, 1, 7)]"
"(14, 26, 4, 14, 0)","[(7, 0, 5, 7), (7, 5, 5, 7), (7, 0, 5, 7)]"
"(14, 26, 4, 22, 0)","[(7, 5, 5, 4), (7, 5, 1, 4), (7, 5, 1, 4), (7, 0, 1, 4)]"
"(14, 26, 4, 26, 0)","[(7, 5, 1, 4)]"
"(14, 26, 5, 2, 0)","[(7, 0, 5, 3), (7, 5, 5, 3), (7, '?', 5, 3), (7, 0, 5, 3), (7, 6, 5, 3), (7, 0, 5, 3), (7, 0, 5, 3), (7, 6, 5, 3), (7, 6, 5, 3), (7, '?', 5, 3), (7, 1, 5, 3)]"
"(14, 26, 5, 4, 0)","[(7, 0, 5, 4)]"
"(14, 26, 5, 5, 0)","[(7, 5, 5, 4), (7, 4, 5, 4), (7, 4, 5, 4), (7, '?', 5, 4), (7, 0, 5, 4), (7, 1, 5, 4), (7, 0, 5, 4), (7, 4, 5, 4), (7, 1, 5, 4), (7, 5, 5, 4), (7, 1, 5, 4), (7, 0, 5, 4), (7, 1, 5, 4), (7, 0, 5, 4)]"
"(14, 26, 5, 6, 0)","[(7, 7, 5, 3), (7, 7, 5, 3)]"
"(14, 26, 5, 7, 0)","[(7, 6, 5, 7)]"
"(14, 26, 5, 9, 0)","[(7, 4, 5, 7), (7, '?', 5, 7), (7, 6, 5, 7), (7, 5, 5, 7), (7, '?', 5, 7)]"
"(14, 26, 5, 14, 0)","[(7, '?', 5, 7), (7, '?', 5, 7)]"
"(14, 26, 5, 15, 0)","[(7, 4, 5, 3)]"
"(14, 26, 5, 22, 0)","[(7, '?', 5, 4), (7, '?', 5, 4), (7, 4, 5, 4), (7, 0, 5, 4), (7, '?', 5, 4), (7, 3, 5, 4), (7, '?', 5, 4), (7, '?', 5, 4), (7, '?', 5, 4), (7, 2, 5, 4), (7, 1, 5, 4)]"
"(14, 26, 5, 26, 0)","[(7, '?', 5, 4), (7, 1, 5, 4), (7, 4, 5, 4)]"
"(14, 26, 6, 2, 0)","[(7, 7, 1, 3), (7, 7, 1, 3)]"
"(14, 26, 6, 9, 0)","[(7, 7, 5, 7), (7, 2, 1, 7), (7, 2, 1, 7)]"
"(14, 26, 6, 14, 0)","[(7, 7, 5, 7), (7, 3, 5, 7), (7, 7, 5, 7), (7, 3, 5, 7), (7, 3, 5, 7), (7, 7, 5, 7), (7, 7, 5, 7)]"
"(14, 26, 6, 22, 0)","[(7, 3, 1, 4)]"
"(14, 26, 6, 26, 0)","[(7, 7, 5, '?')]"
"(14, 26, 9, 7, 0)","[(7, 3, 1, 7)]"
"(14, 26, 9, 9, 0)","[(7, '?', 1, 7), (7, 3, 1, 7), (7, '?', 1, 7), (7, '?', 1, 7), (7, 3, 1, 7), (7, 3, 1, 7), (7, 4, 1, 7)]"
"(14, 26, 14, 7, 0)","[(7, 4, 5, 7)]"
"(14, 26, 14, 9, 0)","[(7, 0, 5, 7), (7, 0, 5, 7), (7, '?', 5, 7), (7, 4, 5, 7), (7, 0, 5, 7), (7, 0, 5, 7), (7, 3, 5, 7), (7, 4, 5, 7), (7, '?', 5, 7), (7, 3, 5, 7), (7, '?', 5, 7), (7, 5, 5, 7)]"
"(14, 26, 14, 14, 0)","[(7, 4, 5, 7), (7, 3, 5, 7)]"
"(14, 26, 22, 2, 0)","[(7, 6, 1, 3), (7, 0, 1, 3), (7, 5, 1, 3), (7, 1, 1, 3), (7, 0, 1, 3), (7, 4, 1, 3), (7, 6, 1, 3), (7, 1, 1, 3), (7, 1, 1, 3), (7, 5, 1, 3), (7, 5, 1, 3), (7, '?', 1, 3), (7, 0, 1, 3), (7, '?', 1, 3), (7, 4, 1, 3)]"
"(14, 26, 22, 7, 0)","[(7, '?', 1, 7), (7, '?', 1, 7), (7, 4, 1, 7), (7, 4, 1, 7), (7, '?', 1, 7)]"
"(14, 26, 22, 9, 0)","[(7, 2, 1, 7), (7, 2, 1, 7), (7, '?', 1, 7), (7, 0, 1, 7), (7, 3, 1, 7), (7, 4, 1, 7), (7, 3, 1, 7), (7, 3, 1, 7), (7, 5, 1, 7), (7, 2, 1, 7), (7, '?', 1, 7)]"
"(14, 26, 22, 15, 0)","[(7, '?', 1, 3)]"
"(14, 26, 22, 22, 0)","[(7, 4, 1, 4), (7, 4, 1, 4), (7, 1, 1, 4), (7, 4, 1, 4), (7, 0, 1, 4), (7, 0, 1, 4), (7, 4, 1, 4), (7, 0, 1, 4), (7, 1, 1, 4), (7, 2, 1, 4), (7, 4, 1, 4), (7, 2, 1, 4), (7, 2, 1, 4), (7, 2, 1, 4), (7, 5, 1, 4)]"
"(14, 26, 22, 26, 0)","[(7, 1, 1, 4), (7, 0, 1, 4), (7, 0, 1, 4), (7, '?', 1, 4), (7, 5, 1, 4), (7, 1, 1, 4)]"
"(14, 26, 26, 5, 0)","[(7, 4, 5, 4)]"
"(14, 27, 4, 2, 0)","[(0, 5, 5, 3)]"
"(14, 27, 9, 9, 0)","[(0, '?', 1, 7), (0, 7, 1, 7), (0, 6, 1, 7), (0, 7, 1, 7), (0, 6, 1, 7), (0, 6, 1, 7), (0, 4, 1, 7), (0, 4, 1, 7), (0, '?', 1, 7), (0, '?', 1, 7), (0, 2, 1, 7), (0, '?', 1, 7), (0, 7, 1, 7), (0, 6, 1, 7), (0, 4, 1, 7), (0, 6, 1, 7), (0, 3, 1, 7), (0, 6, 1, 7), (0, 5, 1, 7), (0, 5, 1, 7), (0, 4, 1, 7), (0, 6, 1, 7), (0, 3, 1, 7)]"
"(14, 27, 14, 2, 0)","[(0, 0, 5, 3)]"
"(14, 27, 14, 9, 0)","[(0, 1, 5, 7), (0, 0, 5, 7), (0, 3, 5, 7), (0, 5, 5, 7)]"
"(14, 27, 22, 2, 0)","[(0, 2, 1, 3)]"
"(14, 27, 27, 2, 0)","[(0, '?', 1, 3), (0, 5, 5, 3)]"
"(15, 2, 2, 15, 0)","[(7, 6, 0, 6), (7, 6, 0, 6)]"
"(15, 2, 16, 20, 0)","[(7, 1, '?', 1)]"
"(15, 2, 20, 15, 0)","[(7, 6, '?', 1)]"
"(15, 2, 20, 20, 0)","[(7, 1, '?', 1)]"
"(15, 4, 20, 4, 0)","[(7, 5, '?', 1)]"
"(15, 4, 20, 8, 0)","[(7, 0, 1, 1), (7, 5, '?', 1), (7, 5, '?', 1)]"
"(15, 4, 20, 20, 0)","[(7, 5, '?', 1)]"
"(15, 4, 20, 25, 0)","[(7, 0, 0, 1)]"
"(15, 4, 22, 15, 0)","[(7, 0, 0, 6), (7, 0, 0, 6)]"
"(15, 4, 22, 22, 0)","[(7, 0, 0, 1)]"
"(15, 6, 2, 2, 0)","[(7, 4, 0, 6)]"
"(15, 6, 2, 16, 0)","[(7, 4, 0, 2)]"
"(15, 6, 6, 2, 0)","[(7, 7, 0, 6)]"
"(15, 6, 6, 3, 0)","[(7, 2, 0, 6)]"
"(15, 6, 6, 25, 0)","[(7, 2, 0, 6), (7, 2, 0, 6)]"
"(15, 6, 8, 2, 0)","[(7, 3, 5, 6), (7, 3, 5, 6)]"
"(15, 6, 16, 6, 0)","[(7, 3, '?', 1)]"
"(15, 6, 16, 8, 0)","[(7, 2, 0, 1), (7, 3, 0, 1)]"
"(15, 6, 16, 20, 0)","[(7, 3, 0, 1), (7, 3, 0, 1), (7, 2, 5, 1)]"
"(15, 6, 20, 6, 0)","[(7, 3, '?', 1)]"
"(15, 6, 20, 15, 0)","[(7, 7, 0, 1)]"
"(15, 6, 20, 20, 0)","[(7, 7, 0, 1)]"
"(15, 12, 20, 4, 0)","[(7, 5, 3, 1)]"
"(15, 15, 16, 2, 0)","[(7, 6, '?', 1), (7, 4, 1, 1), (7, 6, 4, 1)]"
"(15, 15, 20, 2, 0)","[(7, 6, 1, 1), (7, 6, 5, 1), (7, 6, 5, 1), (7, 6, 1, 1), (7, 1, '?', 1)]"
"(15, 15, 20, 4, 0)","[(7, 5, 4, 1)]"
"(15, 15, 20, 25, 0)","[(7, 4, 1, 1)]"
"(15, 16, 4, 15, 0)","[(7, 0, 5, 1)]"
"(15, 16, 6, 2, 0)","[(7, 3, 5, 1)]"
"(15, 16, 6, 15, 0)","[(7, 3, 5, 1)]"
"(15, 16, 6, 16, 0)","[(7, 2, 0, 1), (7, 3, 5, 1), (7, 7, 5, 1), (7, 3, 5, 1)]"
"(15, 16, 15, 20, 0)","[(7, 3, 5, 1)]"
"(15, 16, 20, 25, 0)","[(7, '?', 4, 1)]"
"(15, 20, 2, 15, 0)","[(7, 4, 0, 1)]"
"(15, 20, 2, 16, 0)","[(7, 1, '?', 1), (7, 1, '?', 1), (7, 4, 0, 1)]"
"(15, 20, 2, 17, 0)","[(7, 4, 0, 1), (7, 4, '?', 1), (7, 4, 0, 1)]"
"(15, 20, 2, 20, 0)","[(7, 4, '?', 1), (7, 4, 0, 1), (7, 4, 0, 1), (7, 6, '?', 1), (7, 4, 5, 1), (7, 4, 5, 1), (7, 6, '?', 1), (7, 4, '?', 1), (7, 6, '?', 1), (7, 4, '?', 1)]"
"(15, 20, 4, 15, 0)","[(7, 0, 5, 1)]"
"(15, 20, 4, 16, 0)","[(7, 0, 5, 1), (7, 0, 5, 1), (7, 0, 5, 1)]"
"(15, 20, 5, 20, 0)","[(7, 1, 5, 1), (7, 3, 5, 1)]"
"(15, 20, 6, 2, 0)","[(7, 2, '?', 1)]"
"(15, 20, 6, 15, 0)","[(7, 7, 5, 1)]"
"(15, 20, 6, 16, 0)","[(7, 3, '?', 1), (7, 2, 1, 1), (7, 2, '?', 1)]"
"(15, 20, 6, 17, 0)","[(7, 7, 3, 1), (7, 7, 3, 1)]"
"(15, 20, 6, 20, 0)","[(7, 7, 1, 1), (7, 7, 5, 1), (7, 7, 0, 1)]"
"(15, 20, 6, 25, 0)","[(7, 0, 0, 1)]"
"(15, 20, 8, 20, 0)","[(7, 4, 5, 1)]"
"(15, 20, 15, 16, 0)","[(7, '?', 5, 1), (7, '?', 0, 1), (7, '?', '?', 1), (7, 4, 1, 1), (7, 1, '?', 1), (7, '?', '?', 1), (7, 7, 1, 1), (7, 2, '?', 1), (7, 2, 1, 1)]"
"(15, 20, 15, 20, 0)","[(7, 2, 1, 1), (7, 3, 6, 1), (7, '?', '?', 1), (7, 4, 0, 1), (7, 1, '?', 1), (7, 4, 1, 1), (7, '?', 5, 1), (7, 5, '?', 1), (7, 6, '?', 1), (7, 3, '?', 1), (7, '?', '?', 1), (7, 4, '?', 1), (7, 4, '?', 1), (7, 2, 1, 1), (7, 2, 1, 1), (7, 2, 1, 1), (7, 2, 1, 1)]"
"(15, 20, 20, 15, 0)","[(7, 6, 5, 1), (7, 3, 5, 1), (7, 6, 5, 1), (7, 3, 5, 1), (7, 3, '?', 1), (7, 3, '?', 1), (7, 3, 3, 1), (7, 2, '?', 1), (7, 2, '?', 1), (7, 6, 5, 1), (7, 7, 0, 1), (7, 2, '?', 1), (7, 6, 1, 1), (7, 6, 5, 1), (7, 6, '?', 1), (7, 1, 5, 1), (7, '?', '?', 1), (7, 6, 5, 1)]"
"(15, 20, 20, 20, 0)","[(7, 6, 5, 1), (7, 4, 1, 1), (7, 7, 0, 1), (7, 2, '?', 1), (7, 2, '?', 1), (7, 4, 1, 1), (7, '?', '?', 1), (7, 4, '?', 1)]"
"(15, 20, 20, 25, 0)","[(7, '?', 3, 1), (7, 5, '?', 1), (7, '?', '?', 1)]"
"(15, 20, 22, 20, 0)","[(7, 3, '?', 1)]"
"(17, 2, 20, 17, 0)","[(2, 4, '?', 1)]"
"(17, 6, 6, 17, 0)","[(2, 2, '?', 6)]"
"(18, 1, 4, 22, 0)","[(6, 0, 2, 4)]"
"(18, 2, 2, 2, 0)","[('?', 4, 2, 6), ('?', 4, 2, 0), (0, 1, 2, 0), (0, 1, 2, 6), ('?', 6, 2, 0), ('?', 4, 2, 0), ('?', 6, 2, 6), (0, 4, 2, 6), ('?', 6, '?', 6), (0, 4, 2, 6), (0, 4, 2, 6), ('?', 1, 2, 0), ('?', 4, 2, 0), ('?', 4, 2, 6), (0, 6, 2, 0), (0, 6, 2, 0), ('?', 6, 2, 6), (0, 1, 2, 0), ('?', 4, 2, 0), ('?', 4, 2, 6), (0, 4, 2, 6), ('?', 1, 2, 6), (0, 1, 2, 0), (0, 4, 2, 6), ('?', 6, 2, 6), (0, 6, 2, 0), (0, 1, 2, 0), (0, 4, 2, 6), (0, 1, 2, 6), ('?', 4, 2, 6), (0, 1, 2, 0), ('?', '?', 2, 0), ('?', 1, 2, 6), ('?', 1, 2, 0), ('?', 1, 2, 6)]"
"(18, 2, 2, 8, 0)","[('?', 1, 2, 6)]"
"(18, 2, 2, 10, 0)","[(1, 1, 2, '?'), (1, 1, 2, '?'), (1, 1, 2, '?')]"
"(18, 2, 2, 11, 0)","[(2, 4, 2, '?')]"
"(18, 2, 2, 15, 0)","[(3, 4, 2, 0), (3, 1, 2, 6), (3, 6, 2, 6), (3, 6, 2, 0), (3, 4, 2, 0), (3, 4, 2, 6), (3, 4, 2, 0), (3, 4, 2, 0), (3, 4, 2, 6), (3, 4, 2, 0), (3, 1, 2, 6), (3, 4, 2, 0), (3, 4, 2, 6)]"
"(18, 2, 2, 16, 0)","[(3, 1, 2, 2), (1, 1, 2, 2)]"
"(18, 2, 2, 17, 0)","[(2, 6, 2, 6), (2, 1, 2, 6)]"
"(18, 2, 2, 20, 0)","[(3, 1, 2, 2), (3, 1, 2, 2), (0, 6, 2, 2), (3, 1, 2, 2), ('?', 6, 2, 2), ('?', 1, 2, 2)]"
"(18, 2, 2, 21, 0)","[(4, 6, 2, '?')]"
"(18, 2, 2, 22, 0)","[('?', 1, 2, 6), ('?', 4, 2, '?'), ('?', 1, 2, '?'), ('?', 1, 2, '?'), ('?', 1, 2, '?'), ('?', 4, 2, '?'), ('?', 1, 2, '?')]"
"(18, 2, 2, 26, 0)","[(3, 1, 2, '?'), (3, 1, 2, '?'), (3, 1, 2, '?')]"
"(18, 2, 2, 27, 0)","[(0, 1, 2, '?'), (0, 4, 2, 6), (0, 6, 2, 6), (0, 6, 2, '?'), (0, 1, 2, 6), (0, 6, 2, '?'), (0, 1, 2, 0), (0, 1, 2, 6), (0, 6, 2, 6), (0, 1, 2, 6), (0, 6, 2, 6), (0, 1, 2, 6)]"
"(18, 2, 8, 2, 0)","[(1, 1, 2, 0), (1, 4, 2, 6), (1, 4, 2, 0), (1, 1, 2, 0), (1, 6, 2, 6)]"
"(18, 2, 8, 8, 0)","[(1, 4, 2, 6), (1, 1, 2, 0), (1, 4, 2, 6), (1, 6, 2, 0), (1, 1, 2, 0)]"
"(18, 2, 8, 16, 0)","[(1, 1, 2, 2), (1, 1, 2, 2)]"
"(18, 2, 10, 10, 0)","[(1, 6, 2, '?'), (1, 6, 2, '?'), (1, 1, 2, '?'), (1, 1, 2, '?')]"
"(18, 2, 10, 16, 0)","[(1, 1, 2, 2), (1, 1, 2, 2), (1, 1, 2, 2)]"
"(18, 2, 10, 20, 0)","[(1, 1, 2, 2), (1, 1, 2, 2)]"
"(18, 2, 10, 22, 0)","[(1, 6, 2, '?')]"
"(18, 2, 11, 11, 0)","[(2, 4, 2, '?'), (2, 4, 2, '?')]"
"(18, 2, 11, 20, 0)","[(2, 4, 2, 2), (2, 6, 2, 2), (2, 4, 2, 2), (2, 4, 2, 2), (2, 4, 2, 2)]"
"(18, 2, 16, 10, 0)","[(1, 4, 2, 5)]"
"(18, 2, 16, 21, 0)","[(4, 1, 2, 5), (4, 4, 2, 5), (5, 1, 2, 5), (4, 6, 2, 5), (4, 4, 2, 5)]"
"(18, 2, 16, 25, 0)","[(4, 4, 2, 1), (5, 4, 2, 1), (4, 4, 2, 1), (4, 1, 2, 1), (5, 1, 2, 1), (4, 1, 2, 1), (4, 1, 2, 1)]"
"(18, 2, 17, 2, 0)","[(2, 6, 2, 6)]"
"(18, 2, 17, 17, 0)","[(2, 1, 2, 0), (2, 6, 2, 6), (2, 6, 2, 6), (2, 4, 2, 0), (2, 4, 2, 0), (2, 4, 2, 0), (2, 1, 2, 0), (2, 1, 2, 6), (2, 1, 2, 0), (2, 4, 2, 0)]"
"(18, 2, 20, 2, 0)","[(0, 1, 2, 1), (0, 1, 2, 1), (0, 4, 2, 1)]"
"(18, 2, 20, 8, 0)","[(1, 4, 2, 1), (1, 4, 2, 1), (1, 4, 2, 1), (1, 6, 2, 1), (1, 4, 2, 1), (1, 4, 2, 1), (1, 6, 2, 1)]"
"(18, 2, 20, 10, 0)","[(1, 1, 2, 5), (1, 1, 2, 5), (1, 4, 2, 5)]"
"(18, 2, 20, 11, 0)","[(2, 1, 2, 5), (2, 4, 2, 5), (2, 4, 2, 5), (2, 4, 2, 5), (2, 1, 2, 5), (2, 1, 2, 5), (2, 1, 2, 5), (2, 4, 2, 5)]"
"(18, 2, 20, 15, 0)","[(3, 4, 2, 1), (3, 4, 2, 1), (3, 4, 2, 1), (3, 4, 2, 1), (3, 4, 2, 1), (3, 6, 2, 1)]"
"(18, 2, 20, 17, 0)","[(2, 1, 2, 1), (2, 4, 2, 1), (2, 4, 2, 1), (2, 4, 2, 1), (2, 4, 2, 1), (2, 6, 2, 1), (2, 1, 2, 1), (2, 6, 2, 1), (2, 4, 2, 1), (2, 1, 2, 1), (2, 4, 2, 1), (2, 1, 2, 1)]"
"(18, 2, 20, 20, 0)","[('?', 4, 2, 1), ('?', 1, 2, 1), (7, 1, 2, 1), ('?', 6, 2, 1), (6, 1, 2, 1), ('?', 1, 2, 1), ('?', 4, 2, 1), ('?', 4, 2, 1), ('?', 6, 2, 1), ('?', 1, 2, 1), (6, 4, 2, 1)]"
"(18, 2, 20, 21, 0)","[(4, 4, 2, 5), (4, 1, 2, 5), (4, 1, 2, 5), (4, 4, 2, 5), (4, 1, 2, 5), (4, 4, 2, 5), (4, 4, 2, 5)]"
"(18, 2, 20, 22, 0)","[(0, 6, 2, 5), (6, 1, 2, 5), (0, 1, 2, 5), (6, 4, 2, 5), ('?', 4, 2, 5), (6, 1, 2, 5), ('?', 1, 2, 5), ('?', 4, 2, 5), ('?', 6, 2, 5), ('?', 4, 2, 5), (6, 1, 2, 5), ('?', 1, 2, 5)]"
"(18, 2, 20, 25, 0)","[('?', 4, 2, 1), ('?', 4, 2, 1)]"
"(18, 2, 20, 26, 0)","[(3, 1, 2, 5), (3, 6, 2, 5), (3, 6, 2, 5), (3, 1, 2, 5)]"
"(18, 2, 20, 27, 0)","[(0, 6, 2, 5), (0, 1, 2, 5), (0, 6, 2, 5), (0, 6, 2, 5), (0, 1, 2, 5)]"
"(18, 2, 21, 16, 0)","[(4, 1, 2, 2), (4, 1, 2, 2), (4, 1, 2, 2), ('?', 4, 2, 2), (4, 1, 2, 2), (4, 1, 2, 2), (4, 4, 2, 2)]"
"(18, 2, 21, 21, 0)","[(4, 1, 2, '?'), (4, 6, 2, '?'), (4, 1, 2, '?'), (4, 6, 2, '?'), (4, 6, 2, '?'), (4, 1, 2, '?'), (4, 6, 2, '?'), (4, 1, 2, '?')]"
"(18, 2, 22, 20, 0)","[(0, 4, 2, 2), (0, 1, 2, 2), ('?', 1, 2, 2), (0, 6, 2, 2), ('?', 1, 2, 2), ('?', 4, 2, 2), ('?', 1, 2, 2), ('?', 6, 2, 2), ('?', 1, 2, 2)]"
"(18, 2, 22, 22, 0)","[(0, 6, 2, 2), ('?', 1, 2, '?'), ('?', 1, 2, '?')]"
"(18, 2, 25, 25, 0)","[(4, 6, 2, 6), (4, 1, 2, 0), (4, 6, 2, 6), (4, 1, 2, 0), (4, 6, 2, 6)]"
"(18, 2, 26, 22, 0)","[(3, 6, 2, '?'), (3, 4, 2, '?')]"
"(18, 2, 27, 20, 0)","[(0, 4, 2, 2), (0, 6, 2, 2), (0, 4, 2, 2)]"
"(18, 2, 27, 22, 0)","[(0, 1, 2, '?'), (0, 1, 2, '?'), (0, 6, 2, '?'), (0, 1, 2, '?')]"
"(18, 3, 2, 2, 0)","[(6, 1, 2, 0), (6, 4, 2, 6), (6, 4, 2, 0), (6, 4, 2, 0), (6, 4, 2, 0), (6, 6, 2, 0)]"
"(18, 3, 2, 16, 0)","[(5, 6, 2, 2)]"
"(18, 3, 2, 21, 0)","[(5, 1, 2, 6), (5, 6, 2, '?')]"
"(18, 3, 2, 22, 0)","[(6, 1, 2, 0)]"
"(18, 3, 2, 25, 0)","[(5, 4, 2, 0), (5, 4, 2, 0), (5, 4, 2, 0)]"
"(18, 3, 4, 2, 0)","[(6, 5, 2, 0), (6, 5, 2, 6), (6, 0, 2, 0), (6, 5, 2, 6), (6, 5, 2, 6), (6, 0, 2, 0), (6, 5, 2, 6)]"
"(18, 3, 4, 20, 0)","[(6, 5, 2, 2), (6, 0, 2, 2)]"
"(18, 3, 4, 21, 0)","[(5, 5, 2, '?'), (5, 5, 2, '?')]"
"(18, 3, 4, 25, 0)","[(5, 5, 2, 0), (5, 5, 2, 0), (5, 5, 2, 6)]"
"(18, 3, 6, 2, 0)","[(6, 2, 2, 6), (6, 7, 2, 0), (6, 2, 2, 6), (6, 7, 2, 6)]"
"(18, 3, 6, 21, 0)","[(5, 3, 2, '?')]"
"(18, 3, 6, 25, 0)","[(5, 3, 2, 6), (5, 2, 2, 6)]"
"(18, 3, 9, 21, 0)","[(5, 5, 2, 4)]"
"(18, 3, 9, 22, 0)","[(5, 0, 2, 4)]"
"(18, 3, 16, 4, 0)","[(5, 5, 2, 1), (5, 5, 2, 1), (5, 0, 2, 1), (5, 5, 2, 1), (5, 0, 2, 1)]"
"(18, 3, 16, 6, 0)","[(5, 7, 2, 1), (5, 3, 2, 1)]"
"(18, 3, 16, 20, 0)","[(5, '?', 2, 1)]"
"(18, 3, 16, 25, 0)","[(5, '?', 2, 1), (5, 7, 2, 1), (5, 6, 2, 1), (5, 1, 2, 1), (5, '?', 2, 1)]"
"(18, 3, 18, 21, 0)","[(5, 6, 2, 2)]"
"(18, 3, 20, 2, 0)","[(6, 4, 2, 1), (6, 1, 2, 1)]"
"(18, 3, 20, 4, 0)","[(6, 0, 2, 1), (6, 0, 2, 1), (6, 0, 2, 1), (5, 0, 2, 5), (6, 5, 2, 1), (5, 0, 2, 5), (5, 0, 2, 5), (6, 5, 2, 1), (6, 5, 2, 1), (6, 0, 2, 1), (6, 5, 2, 1)]"
"(18, 3, 20, 16, 0)","[(5, 0, 2, 1)]"
"(18, 3, 20, 20, 0)","[(6, 2, 2, 1), (6, 2, 2, 1), (6, 2, 2, 1), (6, 7, 2, 1), (6, 4, 2, 1), (6, 7, 2, 1), (6, 1, 2, 1), (6, '?', 2, 1), (6, 1, 2, 1), (6, 2, 2, 1), (6, '?', 2, 1), (6, 1, 2, 1), (6, 3, 2, 1), (6, 7, 2, 1), (6, 7, 2, 1)]"
"(18, 3, 20, 21, 0)","[(5, 2, 2, 5), (5, 4, 2, 5), (5, 4, 2, 5), (5, 5, 2, 5), (5, 5, 2, 5), (5, 1, 2, 5), (5, 2, 2, 5), (5, 4, 2, 5), (5, 5, 2, 5)]"
"(18, 3, 20, 22, 0)","[(6, 5, 2, 5), (6, 4, 2, '?'), (6, 4, 2, 5)]"
"(18, 3, 20, 25, 0)","[(5, 1, 2, 1), (5, 6, 2, 1), (5, 6, 2, 1)]"
"(18, 3, 22, 2, 0)","[(6, 6, 2, 0), (6, 4, 2, 6), (6, 4, 2, 6), (6, 3, 2, 6), (6, 6, 2, 6), (6, 3, 2, 0), (6, 6, 2, 6), (6, 2, 2, 6), (6, '?', 2, 0), (6, '?', 2, 0), (6, 6, 2, 0), (6, '?', 2, 6), (6, '?', 2, 6), (6, '?', 2, 0), (6, '?', 2, 0), (6, 7, 2, 0), (6, '?', 2, 6), (6, '?', 2, 0), (6, 4, 2, 0), (6, '?', 2, 6), (6, 6, 2, 0), (6, 3, 2, 6), (6, 6, 2, 6), (6, 4, 2, 6), (6, 6, 2, 0), (6, 4, 2, 0), (6, 6, 2, 6)]"
"(18, 3, 22, 20, 0)","[(6, '?', 2, 2), (6, 5, 2, 2), (6, 3, 2, 2), (6, 3, 2, 2)]"
"(18, 3, 22, 21, 0)","[(5, 3, 2, '?')]"
"(18, 3, 22, 22, 0)","[(6, 2, 2, '?'), (6, 2, 2, 6), (6, '?', 2, '?'), (6, 2, 2, '?'), (6, 1, 2, 0), (6, 2, 2, '?'), (6, 4, 2, '?'), (6, 6, 2, 6), (6, '?', 2, '?')]"
"(18, 3, 22, 25, 0)","[(5, 7, 2, 0), (5, '?', 2, 6), (5, 4, 2, 6), (5, 0, 2, 6)]"
"(18, 4, 4, 9, 0)","[(3, 0, 2, '?')]"
"(18, 4, 4, 15, 0)","[(3, 5, 2, 6), (3, 0, 2, '?')]"
"(18, 4, 8, 2, 0)","[(1, 5, 2, 6), (1, 5, 2, 0), (1, 5, 2, 0), (1, 5, 2, 6)]"
"(18, 4, 8, 8, 0)","[(1, 5, 2, 6), (1, 5, 2, '?'), (1, 5, 2, '?'), (1, 0, 2, 0), (1, 0, 2, 0), (1, 0, 2, 6), (1, 0, 2, '?'), (1, 0, 2, 0)]"
"(18, 4, 10, 2, 0)","[(1, 0, 2, 0), (1, 0, 2, 0), (1, 5, 2, 6), (1, 5, 2, 0), (1, 5, 2, 0), (1, 0, 2, 0), (1, 5, 2, 6), (1, 0, 2, 6), (1, 0, 2, 6), (1, 0, 2, 6)]"
"(18, 4, 10, 8, 0)","[(1, 0, 2, 6)]"
"(18, 4, 10, 10, 0)","[(1, 0, 2, '?'), (1, 5, 2, '?'), (1, 5, 2, '?'), (1, 5, 2, '?'), (1, 5, 2, '?'), (1, 5, 2, '?'), (1, 5, 2, '?')]"
"(18, 4, 10, 16, 0)","[(1, 5, 2, 2), (1, 5, 2, 2), (1, 0, 2, 2), (1, 5, 2, 2), (1, 0, 2, 2), (1, 5, 2, 2)]"
"(18, 4, 10, 20, 0)","[(1, 0, 2, 2), (1, 5, 2, 2), (1, 5, 2, 2), (1, 5, 2, 2), (1, 5, 2, 2), (1, 5, 2, 2)]"
"(18, 4, 11, 11, 0)","[(2, 0, 2, '?'), (2, 5, 2, '?'), (2, 0, 2, '?'), (2, 5, 2, '?'), (2, 0, 2, '?'), (2, 0, 2, '?'), (2, 5, 2, '?'), (2, 5, 2, '?')]"
"(18, 4, 11, 17, 0)","[(2, 5, 2, 0), (2, 5, 2, 0)]"
"(18, 4, 11, 20, 0)","[(2, 0, 2, 2), (2, 0, 2, 2), (2, 5, 2, 2), (2, 0, 2, 2), (2, 5, 2, 2), (2, 0, 2, 2), (2, 0, 2, 2), (2, 5, 2, 2), (2, 0, 2, 2), (2, 0, 2, 2)]"
"(18, 4, 16, 21, 0)","[(4, 5, 2, 5), (5, 5, 2, 5), (5, 5, 2, 5)]"
"(18, 4, 16, 25, 0)","[(4, 5, 2, 1), (4, 5, 2, 1), (4, 0, 2, 1), (4, 5, 2, 1), (4, 0, 2, 1)]"
"(18, 4, 17, 2, 0)","[(2, 5, 2, 6), (2, 5, 2, 6)]"
"(18, 4, 17, 17, 0)","[(2, 0, 2, 0), (2, 5, 2, 0), (2, 0, 2, 6), (2, 5, 2, 6), (2, 5, 2, 0), (2, 5, 2, 6), (2, 0, 2, 0), (2, 5, 2, 0), (2, 5, 2, 6), (2, 0, 2, 6), (2, 0, 2, 0), (2, 0, 2, 0), (2, 0, 2, 6)]"
"(18, 4, 20, 8, 0)","[(1, 0, 2, 1), (1, 0, 2, 1), (1, 0, 2, 1)]"
"(18, 4, 20, 10, 0)","[(1, 5, 2, 5), (1, 5, 2, 5), (1, 5, 2, 5), (1, 5, 2, 5), (1, 5, 2, 5), (1, 5, '?', 5), (1, 5, 2, 5)]"
"(18, 4, 20, 11, 0)","[(2, 5, 2, 5), (2, 5, 2, 5)]"
"(18, 4, 20, 15, 0)","[(3, 0, 2, 1), (3, 0, 2, 1), (3, 0, 2, 1)]"
"(18, 4, 20, 17, 0)","[(2, 5, 2, 1), (2, 5, 2, 1), (2, 0, 2, 1), (2, 0, 2, 1), (2, 0, 2, 1)]"
"(18, 4, 20, 20, 0)","[('?', 5, 2, 1), (1, 0, 2, 1), (2, 5, 2, 1), (2, 5, 2, 1), ('?', 5, 2, 1), (2, 0, 2, 1), ('?', 5, 2, 1), (2, 5, 2, 1)]"
"(18, 4, 20, 21, 0)","[(5, 5, 2, 5), (4, 0, 2, 5), (4, 5, 2, 5), (4, 5, 2, 5), (4, 5, 2, 5), (4, 5, 2, 5), (4, 0, 2, 5), (4, 5, 2, 5), (4, 0, 2, 5)]"
"(18, 4, 20, 22, 0)","[('?', 0, 2, 5), ('?', 0, 2, 5), (2, 5, 2, 1), ('?', 0, 2, 5), (2, 5, 2, 5), (6, 5, 2, 5), ('?', 0, 2, 5), (2, 5, 2, 5), (6, 5, 2, 5), (1, 5, 2, 5), ('?', 0, '?', 5), (5, 0, 2, 5), (6, 5, 2, 5), ('?', 0, 2, 5), (5, 5, 2, 5), ('?', 0, 2, 5), (6, 5, 2, 5), (0, 0, 2, 5), (0, 0, 2, 5)]"
"(18, 4, 20, 25, 0)","[(4, 5, 2, 1), (4, 5, 2, 1), (4, 0, 2, 1), (4, 0, 2, 1), (4, 0, 2, 1), (4, 5, 2, 1), (4, 5, 2, 1), (4, 0, 2, 1)]"
"(18, 4, 20, 26, 0)","[(3, 5, 2, 5), (3, 0, 2, 5), (3, 0, 2, 5)]"
"(18, 4, 20, 27, 0)","[(0, 0, 2, 1), (0, 0, 2, 1), (0, 0, 2, 1), (0, 5, 2, 1), (0, 0, 2, 5), (0, 0, 2, 1), (0, 0, 2, 5), (0, 5, 2, 1), (0, 5, 2, 1)]"
"(18, 4, 21, 16, 0)","[(4, 5, 2, 2), (4, 0, 2, 2), (4, 5, 2, 2), (4, 5, 2, 2), (4, 0, 2, 2)]"
"(18, 4, 21, 21, 0)","[(4, 5, 2, '?'), (4, 5, 2, 5), (4, 5, 2, '?'), (4, 5, 2, '?')]"
"(18, 4, 21, 25, 0)","[(4, 5, 2, 0), (4, 5, 2, 6), (4, 0, 2, 6), (4, 5, 2, 6), (4, 5, 2, 6), (4, 5, 2, 6), (4, 5, 2, 0), (4, 0, 2, 6)]"
"(18, 4, 22, 2, 0)","[('?', 5, 2, 6), ('?', 5, 2, 6), (2, 5, 2, 0), (0, 5, 2, 0), ('?', 5, 2, 0), ('?', 5, 2, 0), ('?', 0, 2, 0), ('?', 0, 2, 0), (1, 5, 2, 0), ('?', 5, 2, 6), ('?', 0, 2, '?')]"
"(18, 4, 22, 8, 0)","[(1, 5, 2, 0)]"
"(18, 4, 22, 15, 0)","[(3, 0, 2, 0), (3, 0, 2, 6), (3, 0, 2, '?'), (3, 5, 2, 6)]"
"(18, 4, 22, 17, 0)","[(2, 5, 2, 6), (2, 5, 2, 6), (2, 5, 2, 6), (2, 5, 2, 6), (2, 5, 2, 0)]"
"(18, 4, 22, 20, 0)","[('?', 5, 2, 2), (2, 5, 2, 2), (0, 0, 2, 2), (3, 5, 2, 2), (0, 5, 2, 2), (2, 5, 2, 2), ('?', 0, 2, 2), ('?', 5, 2, 2), (6, 0, 2, 2), ('?', 0, 2, 2), ('?', 5, 2, 2), ('?', 0, 2, 2), (2, 5, 2, 2), ('?', 5, 2, 2), (3, 5, 2, 2), ('?', 0, 2, 2), (2, 5, 2, 2), ('?', 0, 2, 2), (3, 5, 2, 2), ('?', 5, 2, 2), ('?', 0, 2, 2), ('?', 0, 2, 2)]"
"(18, 4, 22, 22, 0)","[('?', 5, 2, '?'), ('?', 5, 2, '?'), (3, 5, 2, '?'), ('?', 0, 2, '?'), (2, 5, 2, '?'), ('?', 0, 2, '?'), ('?', 5, 2, '?'), (3, 5, 2, '?'), ('?', 0, 2, '?')]"
"(18, 4, 22, 25, 0)","[(4, 0, 2, 0), (4, 0, '?', 6), (4, 5, 2, 0)]"
"(18, 4, 22, 26, 0)","[(3, 5, 2, '?'), (3, 5, 2, '?')]"
"(18, 4, 25, 2, 0)","[(1, 5, 2, 0)]"
"(18, 4, 25, 25, 0)","[(4, 0, 2, 0), (4, 5, 2, 6), (4, 0, 2, 0), (4, 0, 2, 6), (4, 5, 2, 0), (4, 5, 2, 0), (4, 5, 2, 0), (4, 0, 2, 6), (4, 0, 2, 0), (4, 0, 2, 0), (4, 0, 2, 6), (4, 5, 2, 6), (4, 0, 2, 0)]"
"(18, 4, 26, 2, 0)","[(3, 0, 2, 6)]"
"(18, 4, 26, 15, 0)","[(3, 0, 2, 6)]"
"(18, 4, 26, 20, 0)","[(3, 5, 2, 2)]"
"(18, 4, 27, 2, 0)","[(0, 5, 2, 0), (0, 5, 2, 0), (0, 5, 2, 6), (0, 0, 2, 6), (0, 5, 2, 6), (0, 0, 2, 6), (0, 5, 2, 0), (0, 5, 2, 6), (0, 0, 2, 6), (0, 5, 2, 6), (0, 5, 2, 0), (0, 0, 2, 0), (0, 0, 2, 6), (0, 0, 2, 6), (0, 5, 2, 0), (0, 0, 2, 6), (0, 0, 2, 6), (0, 0, 2, 6), (0, 5, 2, 0)]"
"(18, 4, 27, 20, 0)","[(0, 0, 2, 2), (0, 5, 2, 2), (0, 0, 2, 2), (0, 5, 2, 2), (0, 5, 2, 2), (0, 0, 2, 2), (0, 5, 2, 2), (0, 5, 2, 2)]"
"(18, 4, 27, 22, 0)","[(0, 0, 2, '?'), (0, 0, '?', '?'), (0, 0, 2, '?'), (0, 0, 2, '?')]"
"(18, 6, 6, 1, 0)","[(4, 7, 2, 7)]"
"(18, 6, 6, 2, 0)","[('?', 3, 2, 6), ('?', 2, 2, 6), ('?', 2, 2, 0)]"
"(18, 6, 6, 7, 0)","[(3, 7, 2, 7)]"
"(18, 6, 6, 9, 0)","[(2, 7, 2, 7)]"
"(18, 6, 6, 11, 0)","[(2, 7, 2, '?'), (2, 7, 2, 6), (2, 2, 2, 6)]"
"(18, 6, 6, 15, 0)","[(3, 7, 2, 0), (3, 3, 2, 6), (3, 7, 2, 0), (3, 3, 2, 6), (3, 3, 2, 0), (3, 3, 2, 0), (3, 2, 2, 0)]"
"(18, 6, 6, 17, 0)","[(2, 2, 2, 0), (2, 7, 2, 0)]"
"(18, 6, 6, 20, 0)","[('?', 7, 2, 2), (3, 2, 2, 2), (3, 3, 2, 2), ('?', 7, 2, 2), (3, 2, 2, 2)]"
"(18, 6, 6, 22, 0)","[(2, 2, 2, 6), (3, 7, 2, '?'), ('?', 7, 2, '?'), (3, 7, 2, '?'), (3, 2, 2, '?')]"
"(18, 6, 8, 2, 0)","[(1, 2, 2, 6), (1, 2, 2, 6), (1, 3, 2, 6), (1, 7, 2, 0), (1, 3, 2, 6)]"
"(18, 6, 8, 8, 0)","[(1, 3, 2, 6), (1, 7, 2, 6), (1, 3, 2, 6), (1, 7, 2, 6), (1, 7, 2, 6), (1, 3, 2, 0), (1, 7, 2, '?'), (1, 7, 2, 6), (1, 7, 2, 6)]"
"(18, 6, 8, 9, 0)","[(1, 3, 2, 7)]"
"(18, 6, 8, 10, 0)","[(1, 3, 2, '?'), (1, 3, 2, '?')]"
"(18, 6, 8, 16, 0)","[(1, 7, 2, 2), (1, 7, 2, 2), (1, 7, 2, 2)]"
"(18, 6, 9, 1, 0)","[(4, 7, 2, 7), (4, 3, 2, 7)]"
"(18, 6, 9, 6, 0)","[(2, 3, 2, '?')]"
"(18, 6, 10, 10, 0)","[(1, 7, 2, '?'), (1, 3, 2, '?'), (1, 7, 2, '?')]"
"(18, 6, 10, 16, 0)","[(1, 2, 2, 2)]"
"(18, 6, 10, 20, 0)","[(1, 2, 2, 2)]"
"(18, 6, 10, 22, 0)","[(1, 7, 2, '?')]"
"(18, 6, 11, 11, 0)","[(2, 7, 2, '?'), (2, 2, 2, '?'), (2, 7, 2, '?'), (2, 7, 2, '?'), (2, 3, 2, '?')]"
"(18, 6, 11, 17, 0)","[(2, 7, 2, 0), (2, 2, 2, 6)]"
"(18, 6, 11, 20, 0)","[(2, 3, 2, 2), (2, 3, 2, 2), (2, 3, 2, 2), (2, 2, 2, 2), (2, 3, 2, 2), (2, 3, 2, 2), (2, 3, 2, 2), (2, 3, 2, 2)]"
"(18, 6, 15, 2, 0)","[(3, 3, 2, '?')]"
"(18, 6, 15, 15, 0)","[(3, 2, 2, 6)]"
"(18, 6, 16, 8, 0)","[(1, 7, 2, 1), (1, 7, 2, 1), (1, 7, 2, 1), (1, 2, 2, 1), (1, 7, 2, 1)]"
"(18, 6, 16, 10, 0)","[(1, 3, 2, 5), (1, 3, 2, 5), (1, 3, 2, 5)]"
"(18, 6, 16, 20, 0)","[(4, 7, 2, 1), (4, 3, 2, 1), (4, 7, 2, 1), ('?', 3, 2, 1), (4, 7, 2, 1)]"
"(18, 6, 16, 21, 0)","[(4, 3, 2, 5), (4, 3, 2, 5), (4, 3, 2, 5)]"
"(18, 6, 16, 25, 0)","[(4, 7, 2, 1), (4, 2, 2, 1)]"
"(18, 6, 17, 2, 0)","[(2, 3, 2, 0), (2, 2, 2, 0), (2, 7, 2, 6), (2, 2, 2, 0), (2, 3, 2, 0), (2, 2, 2, 0), (2, 3, 2, 6), (2, 3, 2, 6), (2, 7, 2, 6), (2, 2, 2, 6), (2, 3, 2, 6)]"
"(18, 6, 17, 11, 0)","[(2, 7, 2, 0)]"
"(18, 6, 17, 17, 0)","[(2, 3, 2, 0), (2, 7, 2, 6), (2, 2, 2, 6)]"
"(18, 6, 20, 6, 0)","[(5, 7, 2, 5)]"
"(18, 6, 20, 8, 0)","[(1, 2, 2, 1), (1, 7, 2, 1)]"
"(18, 6, 20, 10, 0)","[(1, 7, 2, 5), (1, 7, 2, 5), (1, 7, 2, 5), (1, 2, 2, 5), (1, 7, 2, 5), (1, 2, 2, 5), (1, 7, 2, 5)]"
"(18, 6, 20, 11, 0)","[(2, 7, 2, 5)]"
"(18, 6, 20, 15, 0)","[(3, 7, 2, 1), (3, 7, 2, 1), (3, 7, 2, 1), (3, 2, 2, 1), (3, 2, 2, 1)]"
"(18, 6, 20, 17, 0)","[(2, 3, 2, 1), (2, 3, 2, 1), (2, 2, 2, 1), (2, 3, 2, 1), (2, 3, 2, 1), (2, 7, 2, 1)]"
"(18, 6, 20, 20, 0)","[('?', 3, 2, 1), ('?', 2, 2, 1), ('?', 2, 2, 1), ('?', 2, 2, 1), ('?', 7, 2, 1), (6, 7, 2, 1)]"
"(18, 6, 20, 21, 0)","[(4, 3, 2, 5), (5, 7, 2, 5), (4, 7, 2, 5)]"
"(18, 6, 20, 22, 0)","[('?', 3, 2, 5), ('?', 3, 2, 5), ('?', 7, 2, 5), ('?', 3, 2, 5), ('?', 3, 2, 5), ('?', 7, 2, 5), ('?', 7, 2, 5)]"
"(18, 6, 20, 25, 0)","[(4, 3, 2, 1), (4, 7, 2, 1)]"
"(18, 6, 20, 26, 0)","[(3, 7, 2, 5), (3, 2, 2, 5), (3, 7, 2, 5), (3, 7, 2, 5)]"
"(18, 6, 20, 27, 0)","[(0, 3, 2, 5), (0, 3, 2, 5), (0, 7, 2, 5), (0, 3, 2, 5), (0, 3, 2, 5), (0, 3, 2, 1), (0, 3, 2, 5), (0, 2, 2, 1), (0, 2, 2, 5), (0, 7, 2, 5), (0, 3, 2, 5)]"
"(18, 6, 21, 16, 0)","[(4, 7, 2, 2), (4, 2, 2, 2), (4, 3, 2, 2), (4, 7, 2, 2), (4, 7, 2, 2), (4, 3, 2, 2), (4, 3, 2, 2)]"
"(18, 6, 21, 21, 0)","[(4, 3, 2, '?'), (4, 3, 2, '?'), (4, 3, 2, '?'), (4, 3, 2, '?')]"
"(18, 6, 22, 2, 0)","[('?', 2, 2, 0), ('?', 3, 2, 6), ('?', 2, 2, 6), ('?', 3, 2, 6), ('?', 2, 2, 6), ('?', 7, 2, 6), ('?', 7, 2, 0), ('?', 7, 2, 6)]"
"(18, 6, 22, 11, 0)","[(2, 3, 2, '?'), (2, 3, 2, '?'), (2, 7, 2, 6), (2, 7, 2, '?'), ('?', 7, 2, 2)]"
"(18, 6, 22, 15, 0)","[(3, 3, 2, 0), (3, 3, 2, 6), (3, 3, 2, 0)]"
"(18, 6, 22, 17, 0)","[(2, 2, 2, 6)]"
"(18, 6, 22, 20, 0)","[(3, 2, 2, 2), ('?', 7, 2, '?'), ('?', 2, 2, 2), (3, 2, 2, 2), (0, 2, 2, 2), (0, 3, 2, 2), ('?', 7, 2, 2), (3, 2, 2, 2), (3, 2, 2, 2), ('?', 2, 2, 2), ('?', 7, 2, '?')]"
"(18, 6, 22, 22, 0)","[('?', 7, 2, '?'), ('?', 7, 2, '?')]"
"(18, 6, 22, 26, 0)","[(3, 3, 2, '?'), (3, 7, 2, '?'), (3, 7, 2, '?'), (3, 3, 2, '?'), (3, 3, 2, '?'), (3, 2, 2, '?')]"
"(18, 6, 25, 25, 0)","[(4, 2, 2, 6), (4, 2, 2, 6), (4, 3, 2, 6)]"
"(18, 6, 27, 2, 0)","[(0, 3, 2, 6), (0, 7, 2, 0), (0, 2, 2, 6), (0, 2, 2, 6), (0, 3, 2, 6), (0, 2, 2, 6), (0, 3, 2, 6), (0, 2, 2, 6), (0, 2, 2, 6)]"
"(18, 6, 27, 20, 0)","[(0, 3, 2, 2), (0, 7, 2, 2), (0, 7, 2, 2)]"
"(18, 7, 2, 2, 0)","[(7, 1, 2, 3), (7, 6, 2, 3), (7, 1, 2, 3), (7, 1, 2, 3), (7, 6, 2, 3), (7, 6, 2, 3), (7, 1, 2, 3), (7, 6, 2, 3), (7, 6, 2, 3), (7, 6, 2, 3)]"
"(18, 7, 2, 7, 0)","[(7, 1, 2, 7)]"
"(18, 7, 2, 9, 0)","[(7, 1, 2, 7), (7, 1, 2, 7), (7, 1, 2, 7), (7, 6, 2, 7), (7, 1, 2, 7)]"
"(18, 7, 2, 22, 0)","[(7, 6, 2, 4), (7, 6, 2, 4), (7, 6, 2, 4)]"
"(18, 7, 4, 2, 0)","[(7, 0, 2, 3)]"
"(18, 7, 4, 9, 0)","[(7, 0, 2, 7), (7, 0, 2, 7), (7, 0, 2, 7), (7, 5, 2, 7)]"
"(18, 7, 6, 2, 0)","[(7, 7, 2, 3), (7, 2, 2, 3), (7, 2, 2, 3), (7, 7, 2, 3), (7, 2, 2, 3)]"
"(18, 7, 6, 9, 0)","[(7, 3, 2, 7)]"
"(18, 7, 6, 22, 0)","[(7, 7, 2, 3), (7, 7, 2, 4), (7, 2, 2, 4), (7, 7, 2, 4)]"
"(18, 7, 22, 2, 0)","[(7, 6, 2, 3), (7, '?', 2, 3), (7, 0, 2, 3), (7, 0, 2, 3), (7, 7, 2, 3), (7, 5, 2, 3), (7, '?', 2, 3), (7, '?', 2, 3), (7, 0, 2, 3), (7, '?', 2, 3), (7, '?', 2, 3), (7, 6, 2, 3), (7, 0, 2, 3), (7, 0, 2, 3), (7, 1, 2, 3), (7, 0, 2, 3), (7, 6, 2, 3), (7, '?', 2, 3), (7, 0, 2, 3), (7, 1, 2, 3), (7, 7, 2, 3), (7, '?', 2, 3), (7, 7, 2, 3), (7, 2, 2, 3), (7, 0, 2, 3), (7, '?', 2, 3)]"
"(18, 7, 22, 9, 0)","[(7, '?', 2, 7), (7, 3, 2, 7), (7, 1, 2, 7), (7, 3, 2, 7), (7, '?', 2, 7), (7, 5, 2, 7), (7, 3, 2, 7)]"
"(18, 7, 22, 22, 0)","[(7, 6, 2, 4), (7, 2, 2, 4), (7, 4, 2, 4), (7, 0, 2, 4), (7, 7, 2, 4), (7, 4, 2, 4), (7, 2, 2, 4), (7, 0, 2, 4), (7, 0, 2, 4), (7, 6, 2, 4), (7, '?', 2, 4), (7, 6, 2, 4), (7, 7, 2, 4), (7, '?', 2, 4), (7, 2, 2, 4), (7, '?', 2, 4), (7, 4, 2, 4), (7, '?', 2, 4), (7, 0, 2, 4), (7, 7, 2, 4), (7, 2, 2, 4), (7, 2, 2, 4), (7, 0, 2, 4), (7, 0, 2, 4), (7, '?', 2, 4), (7, '?', 2, 4), (7, 7, 2, 4), (7, 2, 2, 4), (7, 2, 2, 4), (7, 0, 2, 4), (7, 7, 2, 4), (7, 2, 2, 4), (7, '?', 2, 4), (7, 4, 2, 4), (7, 7, 2, 4), (7, 4, 2, 4)]"
"(18, 9, 2, 1, 0)","[(4, 1, 2, 7)]"
"(18, 9, 2, 2, 0)","[(0, 1, 2, 3), ('?', 6, 2, 3), (0, 4, 2, 3), (0, 4, 2, 3), (3, 4, 2, 3), (0, 6, 2, 3), (0, 4, 2, 3), (0, 1, 2, 3), (0, 1, 2, 3), (0, 1, 2, 3), (0, 6, 2, 3)]"
"(18, 9, 2, 7, 0)","[(3, 4, 2, 7), (3, 6, 2, 7), (3, 1, 2, 7), (3, 6, 2, 7), (3, 4, 2, 7), (3, 1, 2, 7)]"
"(18, 9, 2, 8, 0)","[(1, 1, 2, 3)]"
"(18, 9, 2, 9, 0)","[('?', 6, 2, 7), ('?', 6, 2, 7), ('?', 1, 2, 7), (1, 4, 2, 7), ('?', 4, 2, 7), (1, 6, 2, 7), (1, 6, 2, 7), (1, 6, 2, 7), ('?', 4, 2, 7), (0, 1, 2, 7), ('?', 4, 2, 7), (1, 6, 2, 7), ('?', 1, 2, 7)]"
"(18, 9, 2, 10, 0)","[(1, 6, 2, 4), (1, 1, 2, 4), (1, 6, 2, 4), (1, 1, 2, 4)]"
"(18, 9, 2, 11, 0)","[(2, 6, 2, 4), (2, 4, 2, 4), (2, 4, 2, 4), (2, 4, 2, 4), (2, 6, 2, 4), (2, 4, 2, 4), (2, 4, 2, 4), (2, 6, 2, 4)]"
"(18, 9, 2, 15, 0)","[(3, 4, 2, 3), (3, 6, 2, 3), (3, 1, 2, 3)]"
"(18, 9, 2, 17, 0)","[(2, 4, 2, 3), (2, 6, 2, 3), (2, 1, 2, 3), (2, 6, 2, 3), (2, 1, 2, 7), (2, 4, 2, 3), (2, 1, 2, 3), (2, 1, 2, 3), (2, 1, 2, 3), (2, 4, 2, 3)]"
"(18, 9, 2, 21, 0)","[(4, 4, 2, 4), (4, 6, 2, 4), (4, 6, 2, 4), (4, 6, 2, 4), (4, 4, 2, 4), (4, 1, 2, 4), (4, 4, 2, 4), (4, 1, 2, 4), (4, 6, 2, 4), (4, 1, 2, 4), (4, 4, 2, 4)]"
"(18, 9, 2, 22, 0)","[('?', 6, 2, 4), ('?', 6, 2, 4), ('?', 4, 2, 4), ('?', 6, 2, 4), ('?', 4, 2, 4), ('?', 6, 2, 4), (0, 4, 2, 4), ('?', 4, 2, 4), ('?', 6, 2, 4), ('?', 4, 2, 4), (0, 1, 2, 4), ('?', 6, 2, 4)]"
"(18, 9, 2, 25, 0)","[(4, 6, 2, 3), (4, 4, 2, 3)]"
"(18, 9, 2, 26, 0)","[(3, 6, 2, 4), (3, 1, 2, 4), (3, 6, 2, 4), (3, 1, 2, 4), (3, 1, 2, 4), (3, 4, 2, 4), (3, 4, 2, 4), (3, 4, 2, 4)]"
"(18, 9, 2, 27, 0)","[(0, 4, 2, 4), (0, 6, 2, 4), (0, 6, 2, 4), (0, 1, 2, '?')]"
"(18, 9, 4, 1, 0)","[(4, 0, 2, 7), (4, 0, 2, 7), (4, 0, 2, 7)]"
"(18, 9, 4, 2, 0)","[(3, 5, 2, 3), (3, 5, 2, 3), ('?', 5, 2, 3), ('?', 5, 2, 3), ('?', 5, 2, 3)]"
"(18, 9, 4, 7, 0)","[(3, 5, 2, 7), (3, 0, 2, 7), (3, 0, 2, 7)]"
"(18, 9, 4, 8, 0)","[(1, 5, 2, 7), (1, 5, 2, 3), (1, 5, 2, 3), (1, 5, 2, 3), (1, 5, 2, 3)]"
"(18, 9, 4, 9, 0)","[('?', 0, 2, 7), ('?', 5, 2, 7), ('?', 0, 2, 7), ('?', 0, 2, 7), ('?', 0, 2, 7)]"
"(18, 9, 4, 10, 0)","[(1, 0, 2, 4), (1, 5, 2, 4), (1, 0, 2, 4), (1, 5, 2, 4)]"
"(18, 9, 4, 11, 0)","[(2, 0, 2, 4), ('?', 0, 2, 4)]"
"(18, 9, 4, 15, 0)","[(3, 5, 2, 3), (3, 5, 2, 3), (3, 5, 2, 3)]"
"(18, 9, 4, 17, 0)","[(2, 5, 2, 3), (2, 0, 2, 3), (2, 0, 2, '?')]"
"(18, 9, 4, 21, 0)","[(4, 5, 2, 4), (4, 5, 2, 4), (4, 5, 2, 4)]"
"(18, 9, 4, 22, 0)","[(2, 0, 2, 4), ('?', 5, 2, 4), ('?', 5, 2, 4), ('?', 5, 2, 4), ('?', 5, 2, 4), ('?', 5, 2, 4), ('?', 5, 2, 4), ('?', 5, 2, 4), ('?', 0, 2, 4)]"
"(18, 9, 4, 25, 0)","[(4, 0, 2, 3), (4, 5, 2, 3), (4, 5, 2, 3), (4, 5, 2, 3)]"
"(18, 9, 4, 26, 0)","[(3, 0, 2, 4)]"
"(18, 9, 6, 2, 0)","[('?', 7, 2, 3), ('?', 7, 2, 3), (2, 2, 2, 3), ('?', 7, 2, 3), ('?', 7, 2, 3), ('?', 7, 2, 3), ('?', 7, 2, 3), ('?', 2, 2, 3), ('?', 2, 2, 3), (0, 3, 2, 3), ('?', 3, 2, 3), ('?', 3, 2, 3)]"
"(18, 9, 6, 7, 0)","[(3, 2, 2, 7), (3, 2, 2, 7), (3, 7, 2, 7)]"
"(18, 9, 6, 8, 0)","[(1, 3, 2, 3), (1, 2, 2, 3), (1, 7, 2, 7)]"
"(18, 9, 6, 9, 0)","[('?', 3, 2, 7), ('?', 3, 2, 7), (3, 7, 2, 7), ('?', 3, 2, 7), (3, 7, 2, 7)]"
"(18, 9, 6, 10, 0)","[(1, 2, 2, 4), (1, 7, 2, 4)]"
"(18, 9, 6, 11, 0)","[(2, 7, 2, 3), (2, 7, 2, 4), (2, 7, 2, 3), (2, 7, 2, 3), (2, 7, 2, 3), (2, 7, 2, 4), (2, 3, 2, 4)]"
"(18, 9, 6, 15, 0)","[(3, 7, 2, 3), (3, 7, 2, 3)]"
"(18, 9, 6, 17, 0)","[(2, 7, 2, 7), (2, 2, 2, 3), (2, 2, 2, 3), (2, 2, 2, 7), (2, 7, 2, 3), (2, 2, 2, 3), (2, 7, 2, 7), (2, 7, 2, 3), (2, 2, 2, 3), (2, 7, 2, 3), (2, 7, 2, 3)]"
"(18, 9, 6, 21, 0)","[(4, 7, 2, 4), (4, 3, 2, 4), (4, 2, 2, 4), (4, 7, 2, 4), (4, 3, 2, 4), (4, 3, 2, 4), (4, 2, 2, 4)]"
"(18, 9, 6, 22, 0)","[('?', 2, 2, 4), ('?', 3, 2, 4), ('?', 2, 2, 4), ('?', 2, 2, 4)]"
"(18, 9, 6, 25, 0)","[(4, 7, 2, 3), (4, 7, 2, 3), (4, 3, 2, 3), (4, 7, 2, 3), (4, 3, 2, 3), (4, 2, 2, 3), (4, 7, 2, 3), (4, 7, 2, 3), (4, 7, 2, 3)]"
"(18, 9, 6, 26, 0)","[(3, 3, 2, 4), (3, 3, 2, 4), (3, 3, 2, 4), (3, 3, 2, 4), (3, 3, 2, 4), (3, 7, 2, 4), (3, 7, 2, 4), (3, 7, 2, 4), (3, 7, 2, 4), (3, 3, 2, 4), (3, 7, 2, 4)]"
"(18, 9, 6, 27, 0)","[(0, 3, 2, 3), (0, 2, 2, 4), (0, 3, 2, 4), ('?', 3, 2, 4), (0, 2, 2, 4)]"
"(18, 9, 8, 8, 0)","[(1, 0, 2, 3), (1, 0, 2, 3)]"
"(18, 9, 8, 9, 0)","[(1, 2, 2, 7), (1, 5, 2, 7), (1, 5, 2, 7), (1, 2, 2, 7)]"
"(18, 9, 9, 1, 0)","[(4, 1, 2, 7), (4, 0, 2, 7), (4, 2, 2, 7), (4, 2, 2, 7), (4, 2, 2, 7)]"
"(18, 9, 9, 7, 0)","[(3, 5, 2, 7), (3, '?', 2, 7), (3, 5, 2, 7)]"
"(18, 9, 9, 9, 0)","[('?', 2, 2, 7), ('?', 6, 2, 7), (6, 0, 2, 7), (0, 4, 2, 7), ('?', 3, 2, 7), ('?', 2, 2, 7), ('?', 2, 2, 7)]"
"(18, 9, 10, 2, 0)","[(1, 2, 2, 3), (1, 3, 2, 3), (1, 3, 2, 3), (1, 4, 2, 3), (1, 3, 2, 3), (1, '?', 2, 3), (1, 0, 2, 3), (1, '?', 2, 3), (1, 3, 2, 3), (1, 1, 2, 3), (1, '?', 2, 3), (1, 0, 2, 3), (1, 3, 2, 3), (1, 4, 2, 3), (1, 2, 2, 3), (1, '?', 2, 3), (1, 2, 2, 3), (1, 1, 2, 3), (1, 0, 2, 3), (1, 0, 2, 3), (1, 0, 2, 3), (1, '?', 2, 3), (1, 3, 2, 3), (1, 2, 2, 3), (1, 5, 2, 3), (1, '?', 2, 3), (1, 1, 2, 3), (1, '?', 2, 3), (1, 4, 2, 3), (1, 0, 2, 3), (1, 4, 2, 3), (1, '?', 2, 3), (1, 2, 2, 3), (1, 0, 2, 3), (1, 2, 2, 3)]"
"(18, 9, 10, 9, 0)","[(1, '?', 2, 7), (1, 4, 2, 7), (1, 6, 2, 7), (1, 7, 2, 7), (1, 4, 2, 7), (1, 6, 2, 7), (1, 4, 2, 7), (1, 3, 2, 7), (1, 3, 2, 7), (1, '?', 2, 7), (1, 7, 2, 7), (1, 3, 2, 7), (1, 4, 2, 7), (1, 4, 2, 7), (1, 5, 2, 7), (1, 5, 2, 7), (1, 7, 2, 7), (1, '?', 2, 7), (1, 7, 2, 7), (1, '?', 2, 7), (1, '?', 2, 7), (1, 4, 2, 7), (1, 5, 2, 7), (1, '?', 2, 7), (1, 7, 2, 7), (1, '?', 2, 7), (1, '?', 2, 7), (1, 2, 2, 7), (1, 2, 2, 7), (1, 7, 2, 7), (1, 3, 2, 7), (1, 6, 2, 7), (1, '?', 2, 7), (1, 4, 2, 7), (1, 5, 2, 7), (1, 2, 2, 7), (1, 5, 2, 7), (1, 2, 2, 7), (1, 6, 2, 7), (1, '?', 2, 7), (1, 3, 2, 7), (1, 7, 2, 7), (1, 3, 2, 7), (1, 5, 2, 7)]"
"(18, 9, 10, 10, 0)","[(1, 7, 2, 4), (1, 4, 2, 4), (1, '?', 2, 4), (1, 2, 2, 4), (1, 7, 2, 4), (1, 2, 2, 4)]"
"(18, 9, 10, 22, 0)","[(1, '?', 2, 4), (1, '?', 2, 4)]"
"(18, 9, 11, 2, 0)","[(2, 4, 2, 3)]"
"(18, 9, 11, 17, 0)","[(2, '?', 2, 3)]"
"(18, 9, 17, 9, 0)","[(2, 2, 2, 7), (2, 4, 2, 7), (2, 0, 2, 7), (2, 3, 2, 7), (2, 0, 2, 7), (2, 3, 2, 7), (2, 4, 2, 7), (2, 3, 2, 7), (2, 6, 2, 7), (2, 1, 2, 7), (2, 4, 2, 7), (2, 4, 2, 7), (2, 1, 2, 7), (2, 3, 2, 7), (2, '?', 2, 7), (2, 1, 2, 7), (2, 2, 2, 7), (2, 0, 2, 7), (2, 4, 2, 7), (2, 4, 2, 7), (2, 4, 2, 7), (2, '?', 2, 7), (2, 3, 2, 7), (2, '?', 2, 7), (2, '?', 2, 7)]"
"(18, 9, 17, 17, 0)","[(2, 0, 2, 3)]"
"(18, 9, 18, 7, 0)","[(3, '?', 2, 7)]"
"(18, 9, 21, 21, 0)","[(4, 5, 2, 4), (4, '?', 2, 4), (4, 1, 2, 4), (4, 6, 2, 4), (4, 6, 2, 4), (4, 6, 2, 4), (4, 3, 2, 4), (4, '?', 2, 4), (4, 2, 2, 4), (4, 2, 2, 4), (4, 2, 2, '?')]"
"(18, 9, 22, 1, 0)","[(4, 1, 2, 7), (4, 7, 2, 7), (4, 3, 2, 7), (4, 2, 2, 7), (4, '?', 2, 7), (4, '?', 2, 7), (4, 2, 2, 7), (4, 1, 2, 7), (4, 7, 2, 7), (4, '?', 2, 7), (4, '?', 2, 7), (4, 2, 2, 7), (4, '?', 2, 7), (4, 7, 2, 7), (4, 2, 2, 7), (4, 2, 2, 7), (4, 1, 2, 7), (4, 3, 2, 7), (4, '?', 2, 7), (4, 2, 2, 7), (4, 7, 2, 7), (4, 1, 2, 7), (4, 3, 2, 7), (4, 7, 2, 7), (4, 7, 2, 7), (4, 1, 2, 7), (4, 1, 2, 7), (4, '?', 2, 7), (4, 1, 2, 7), (4, '?', 2, 7), (4, '?', 2, 7), (4, '?', 2, 7)]"
"(18, 9, 22, 2, 0)","[('?', 0, 2, 3), ('?', 6, 2, 3), ('?', 0, 2, 3), ('?', 6, 2, 3), ('?', 3, 2, 3), ('?', 6, 2, 3), ('?', 3, 2, 3), ('?', 5, 2, 3), ('?', '?', 2, 3), ('?', 5, 2, 3), (7, 1, 2, 3), (3, 7, 2, 3), (3, 7, 2, 3), (3, 3, 2, 3), ('?', 3, 2, 3), (3, 5, 2, 3), (7, 2, 2, 3), ('?', '?', 2, 3), (7, 2, 2, 3), ('?', '?', 2, 3), ('?', 5, 2, 3), ('?', 2, 2, 3), (0, 4, 2, 3), (3, 7, 2, 3), ('?', 0, 2, 3), ('?', 0, 2, 3), ('?', 3, 2, 3), ('?', 2, 2, 3), ('?', 3, 2, 3), ('?', '?', 2, 3), (7, 5, 2, 3), (7, 5, 2, 3), ('?', 3, 2, 3), (0, 4, 2, 3), (7, 5, 2, 3), ('?', 3, 2, 3), ('?', 6, 2, 3), (7, 2, 2, 3), (7, 5, 2, 3), ('?', 2, 2, 3), (6, 4, 2, 3), ('?', 6, 2, 3), ('?', '?', 2, 3), ('?', 6, 2, 3), (7, 5, 2, 3), (3, 3, 2, 3), ('?', 2, 2, 3), ('?', 5, 2, 3), ('?', 0, 2, 3), ('?', 2, 2, 3), ('?', '?', 2, 3)]"
"(18, 9, 22, 4, 0)","[('?', 0, 2, 3)]"
"(18, 9, 22, 7, 0)","[(3, 7, 2, 7), (3, 4, 2, 7), (3, '?', 2, 7), (3, 4, 2, 7), (3, '?', 2, 7), (3, 6, 2, 7), (3, 1, 2, 7), (3, 0, 2, 7), (3, 2, 2, 7), (3, 4, 2, 7), (3, 0, 2, 7), (3, 0, 2, 7), (3, '?', 2, 7), (3, 6, 2, 7), (3, 2, 2, 7), (3, 6, 2, 7), (3, 0, 2, 7), (3, 2, 2, 7), (3, 5, 2, 7), (3, 2, 2, 7), (3, 0, 2, 7), (3, 5, 2, 7), (3, '?', 2, 7), (3, 1, 2, 7)]"
"(18, 9, 22, 9, 0)","[('?', 5, 2, 7), ('?', 1, 2, 7), (2, 7, 2, 7), ('?', 3, 2, 7), ('?', 2, 2, 7), ('?', '?', 2, 7), ('?', '?', 2, 7), ('?', 4, 2, 7), ('?', '?', 2, 7), ('?', 0, 2, 7), ('?', 3, 2, 7), ('?', 1, 2, 7), ('?', 5, 2, 7), ('?', 3, 2, 7), ('?', 2, 2, 7), ('?', 5, 2, 7), (3, 2, 2, 7), (2, '?', 2, 7), ('?', 4, 2, 7), ('?', 4, 2, 7), (3, 1, 2, 7), ('?', 0, 2, 7), ('?', '?', 2, 7), ('?', '?', 2, 7), ('?', 2, 2, 7), ('?', 5, 2, 7), ('?', '?', 2, 7), ('?', 0, 2, 7), ('?', 6, 2, 7), (3, 5, 2, 7), (3, 2, 2, 7), (3, 2, 2, 7), ('?', 2, 2, 7), ('?', 0, 2, 7), ('?', '?', 2, 7), ('?', 5, 2, 7), ('?', 3, 2, 7), ('?', 5, 2, 7), ('?', 1, 2, 7), ('?', 0, 2, 7), (3, 4, 2, 7)]"
"(18, 9, 22, 10, 0)","[(1, 4, 2, 4), (1, 4, 2, 4), (1, 5, 2, 4)]"
"(18, 9, 22, 11, 0)","[(2, 2, 2, 4), (2, 3, 2, 4), (2, 7, 2, 4), (2, 6, 2, 4), (2, 7, 2, 4), (2, 6, 2, 4), (2, '?', 2, 4), (2, 2, 2, 4), (2, '?', 2, 4), (2, 2, 2, 4), (2, 0, 2, 4), (2, 6, 2, 4)]"
"(18, 9, 22, 15, 0)","[(3, 5, 2, 3), (3, 4, 2, 3), (3, '?', 2, 3), (3, 6, 2, 3), (3, 7, 2, 3), (3, 1, 2, 3), (3, 1, 2, 3), (3, 7, 2, 3), (3, 1, 2, 3), (3, '?', 2, 3), (3, 1, 2, 3), (3, 5, 2, 3), (3, 6, 2, 3), (3, '?', 2, 3), (3, '?', 2, 3)]"
"(18, 9, 22, 17, 0)","[(2, 6, 2, 3), (2, 0, 2, 3), (2, '?', 2, 3), (2, 0, 2, 3), (2, 5, 2, 3), (2, 5, 2, 3), (2, 2, 2, 3), (2, 1, 2, 3), (2, 6, 2, 3), (2, '?', 2, 3), (2, 2, 2, 3), (2, 5, 2, 3), (2, 2, 2, 3), (2, '?', 2, 3), (2, '?', 2, 3), (2, 1, 2, 3), (2, 5, 2, 3), (3, '?', 2, 3), (2, 5, 2, 3), (2, 6, 2, 3), (2, 6, 2, 3), (2, 5, 2, 3), (2, 1, 2, 3), (2, '?', 2, 3), (2, 4, 2, 3), (2, 4, 2, 3)]"
"(18, 9, 22, 21, 0)","[(4, 7, 2, 4), (4, '?', 2, 4), (4, 4, 2, 4), (4, 2, 2, 4), (4, 5, 2, 4), (4, '?', 2, 4), (4, '?', 2, 4), (4, 5, 2, 4), (4, 5, 2, 4), (4, 7, 2, 4), (4, 7, 2, 4), (4, 3, 2, 4), (4, '?', 2, 4), (4, 6, 2, 4), (4, 7, 2, 4), (4, 6, 2, 4), (4, 3, 2, 4)]"
"(18, 9, 22, 22, 0)","[(0, 6, 2, 4), ('?', 3, 2, 4), (6, 5, 2, 4), ('?', 2, 2, 4), (0, 6, 2, 4), ('?', 3, 2, 4), ('?', 4, 2, 4), (5, 5, 2, 4), ('?', 5, 2, 4), ('?', '?', 2, 4), ('?', 6, 2, 4), ('?', 6, 2, 4), ('?', 2, 2, 4), ('?', 3, 2, 4), ('?', 0, 2, 4), ('?', '?', 2, 4), (6, 5, 2, 4), (6, 5, 2, 4), ('?', '?', 2, 4), (5, 5, 2, 4), ('?', 3, 2, 4), (6, 5, 2, 4), (6, 5, 2, 4), ('?', '?', 2, 4), ('?', 2, 2, 4), ('?', 5, 2, 4), ('?', '?', 2, 4), ('?', 4, 2, 4)]"
"(18, 9, 22, 25, 0)","[(4, 1, 2, 3), (4, 4, 2, 3), (4, 1, 2, 3), (4, 7, 2, 3), (4, 5, 2, 3), (4, 5, 2, 3), (4, 2, 2, 3), (4, 4, 2, 3), (4, '?', 2, 3), (4, 0, 2, 3), (4, 1, 2, 3), (4, 2, 2, 3), (4, 1, 2, 3), (4, 5, 2, 3), (4, 2, 2, 3), (4, '?', 2, 3), (4, 3, 2, 3), (4, 0, 2, 3), ('?', 5, 2, 3), (4, 1, 2, 3), (4, 3, 2, 3), (4, 0, 2, 3), (4, 1, 2, 3), (4, 4, 2, 3), (4, 5, 2, 3), (4, 4, 2, 3), (4, 4, 2, 3), (4, 0, 2, 3), (4, '?', 2, 3), (4, 6, 2, 3), (4, 0, 2, 3), (4, 3, 2, 3), (4, '?', 2, 3), (4, '?', 2, 3), (4, 1, 2, 3), (4, 4, 2, 3), (4, 3, 2, 3), (4, 2, 2, 3), (4, 7, 2, 3), (4, 6, 2, 3), (4, 3, 2, 3), (4, 7, 2, 3), (4, 2, 2, 3), (4, 1, 2, 3), (4, 6, 2, 3), (4, 3, 2, 3), (4, 0, 2, 3), (4, '?', 2, 3), (4, 6, 2, 3)]"
"(18, 9, 22, 26, 0)","[(3, 7, 2, 4), (3, 6, 2, 4), (3, 6, 2, 4), (3, 3, 2, 4), (3, 7, 2, 4), (3, 0, 2, 4), (3, 1, 2, 4), (3, 6, 2, 4), (3, 4, 2, 4)]"
"(18, 9, 22, 27, 0)","[(0, 3, 2, 4), ('?', 0, 2, 3), (0, 3, 2, 4)]"
"(18, 9, 25, 25, 0)","[(4, 5, 2, 3), (4, 4, 2, 3)]"
"(18, 9, 26, 6, 0)","[(3, 3, 2, 3)]"
"(18, 9, 26, 22, 0)","[(3, 4, 2, 4), (3, 6, 2, 4), (3, 4, 2, 4), (3, 4, 2, 4)]"
"(18, 9, 27, 2, 0)","[(0, 0, 2, 3), (0, 5, 2, 3), (0, 5, 2, 3), (0, 0, 2, 3), (0, 4, 2, 3), (0, 4, 2, 3), (0, 5, 2, 3), (0, 1, 2, 3), (0, 4, 2, 3), (0, '?', 2, 3), (0, 4, 2, 3), (0, 6, 2, 3), (0, '?', 2, 3), (0, '?', 2, 3), (0, 3, 2, 3), (0, 0, 2, 3), (0, 3, 2, 3), (0, '?', 2, 3), (0, 0, 2, 3), (0, 2, 2, 3), (0, '?', 2, 3), (0, 3, 2, 3), (0, 0, 2, 3), (0, 5, 2, 3), (0, 3, 2, 3), (0, 6, 2, 3), (0, 1, 2, 3), (0, 5, 2, 3), (0, 0, 2, '?'), (0, '?', 2, 3), (0, 3, 2, 3), (0, 0, 2, 3)]"
"(18, 9, 27, 4, 0)","[(0, 0, 2, 3)]"
"(18, 9, 27, 9, 0)","[(0, 5, 2, 7), (0, 5, 2, 7), (0, 5, 2, 7), (0, '?', 2, 7), (0, '?', 2, 7), (0, '?', 2, 7), (0, 3, 2, 7), (0, 6, 2, 7), (0, 5, 2, 7), (0, 5, 2, 7), (0, 0, 2, 7), (0, 3, 2, 7), (0, 6, 2, 7), (0, 1, 2, 7), (0, '?', 2, 7), (0, 0, 2, 7), (0, 4, 2, 7), (0, 0, 2, 7), (0, 5, 2, 7), (0, '?', 2, 7), (0, 6, 2, 7)]"
"(18, 9, 27, 22, 0)","[(0, '?', 2, 4), (0, 6, 2, 4), (0, 6, 2, 4), (0, 3, 2, 4), (0, '?', 2, 4), (0, 4, 2, 4), (0, 4, 2, 4), (0, 4, 2, 4), (0, 2, 2, 4), (0, '?', 2, '?'), (0, 4, 2, 4), (0, '?', 2, 4), (0, 7, 2, 4), (0, 1, 2, 4), (0, 4, 2, 4), (0, 4, 2, 4), (0, 6, 2, 4), (0, '?', 2, 4), (0, 1, 2, 4), (0, 4, 2, 4)]"
"(18, 10, 10, 2, 0)","[(1, 4, 2, 0), (1, 4, 2, 0)]"
"(18, 10, 10, 20, 0)","[(1, 2, 2, 2)]"
"(18, 10, 22, 2, 0)","[(1, 7, 2, 6), (1, '?', 2, 6)]"
"(18, 11, 2, 20, 0)","[(2, 4, 2, 2)]"
"(18, 11, 11, 20, 0)","[(2, 2, 2, 2), (2, 2, 2, 2)]"
"(18, 13, 6, 2, 0)","[(6, 7, 2, 6)]"
"(18, 13, 16, 4, 0)","[(5, 5, 2, 1), (5, 5, 2, 1)]"
"(18, 13, 20, 2, 0)","[(6, 1, 2, 1), (6, 6, 2, 5), (6, 6, 2, 1), (6, 4, 2, 1)]"
"(18, 13, 20, 4, 0)","[(6, 5, 2, 1), (6, 5, 2, 1), (6, 5, 2, 5)]"
"(18, 13, 20, 6, 0)","[(6, 3, 2, 1), (6, 2, 2, 1), (5, 7, 2, 5)]"
"(18, 13, 20, 20, 0)","[(6, '?', 2, 1), (6, 2, 2, 1)]"
"(18, 13, 20, 21, 0)","[(5, 5, 2, 5)]"
"(18, 13, 20, 22, 0)","[(5, 0, 2, 5)]"
"(18, 15, 2, 2, 0)","[(7, 6, 2, 0), (7, 4, 2, 6)]"
"(18, 15, 6, 2, 0)","[(7, 2, 2, 6)]"
"(18, 15, 16, 6, 0)","[(7, 3, 2, 1), (7, 3, 2, 1), (7, 2, 2, 1)]"
"(18, 15, 20, 2, 0)","[(7, 6, 2, 1), (7, 1, 2, 1), (3, 6, 2, 1), (7, 6, 2, 1), (7, 1, 2, 1), (7, 6, 2, 1), (7, 6, 2, 1), (7, 6, 2, 1)]"
"(18, 15, 20, 4, 0)","[(7, 0, 2, 1), (7, 5, 2, 1), (7, 0, 2, 1)]"
"(18, 15, 20, 6, 0)","[(7, 2, 2, 1), (7, 3, 2, 1), (7, 3, 2, 1)]"
"(18, 15, 20, 8, 0)","[(7, 2, 2, 1)]"
"(18, 15, 20, 15, 0)","[(7, 1, 2, 1), (7, 6, 2, 1)]"
"(18, 15, 20, 20, 0)","[(7, 5, 2, 1), (7, 5, 2, 1), (7, 0, 2, 1), (7, 5, 2, 1), (7, 5, 2, 1), (7, 0, 2, 1), (7, 2, 2, 1), (7, 3, 2, 1), (7, 2, 2, 1), (7, 5, 2, 1), (7, 1, 2, 1), (7, 0, 2, 1), (7, 6, 2, 1), (7, 0, 2, 1), (7, 3, 2, 1), (7, 0, 2, 1), (7, 0, 2, 1), (7, 2, 2, 1)]"
"(18, 15, 20, 25, 0)","[(7, 2, 2, 1), (7, 3, 2, 1)]"
"(18, 16, 2, 16, 0)","[(5, 4, 2, 1)]"
"(18, 16, 16, 6, 0)","[(5, 7, 2, 1)]"
"(18, 16, 20, 25, 0)","[(5, 1, 2, 1), (5, 4, 2, 1)]"
"(18, 18, 2, 16, 0)","[(3, 4, 2, 2)]"
"(18, 18, 2, 20, 0)","[(3, 4, 2, 2)]"
"(18, 18, 3, 4, 0)","[(6, 5, 2, 6)]"
"(18, 18, 4, 25, 0)","[(5, 5, 2, 0)]"
"(18, 18, 9, 7, 0)","[(3, 6, 2, 7)]"
"(18, 18, 17, 9, 0)","[(2, 6, 2, 7)]"
"(18, 18, 20, 4, 0)","[(2, 0, 2, 1), (2, 0, 2, 1)]"
"(18, 18, 20, 8, 0)","[(1, '?', 2, 1), (1, 2, 2, 1)]"
"(18, 18, 20, 15, 0)","[(3, 6, 2, 1), (3, '?', 2, 1)]"
"(18, 18, 20, 17, 0)","[(2, 0, 2, 1), (2, 5, 2, 1), (2, 5, 2, 1), (2, 6, 2, 1), (2, 2, 2, 1), (2, 3, 2, 1), (2, 2, 2, 1)]"
"(18, 18, 20, 20, 0)","[(0, 2, 2, 1), (0, 2, 2, 1), (3, 2, 2, 1), (2, 1, 2, 1), ('?', 2, 2, 1), (2, 2, 2, 1), (0, 1, 2, 1), (3, 4, 2, 1)]"
"(18, 18, 20, 27, 0)","[(0, 2, 2, 1), (0, 2, 2, 1), (0, '?', 2, 1)]"
"(18, 18, 22, 7, 0)","[(3, 6, 2, 7)]"
"(18, 18, 27, 9, 0)","[(0, 6, 2, 7)]"
"(18, 20, 2, 16, 0)","[(1, 4, 2, 1)]"
"(18, 20, 2, 17, 0)","[(2, 4, 2, 1)]"
"(18, 20, 2, 20, 0)","[(0, 1, 2, 1), ('?', 4, 2, 1), (0, 1, 2, 1), ('?', 4, 2, 1), ('?', 6, 2, 1), ('?', 1, 2, 1)]"
"(18, 20, 4, 20, 0)","[('?', 5, 2, 1)]"
"(18, 20, 8, 20, 0)","[(1, 6, 2, 1)]"
"(18, 20, 15, 20, 0)","[(3, 6, 2, 1), (3, 0, 2, 1), (3, '?', 2, 1), (3, 6, 2, 1), (3, '?', 2, 1), (3, 2, 2, 1), (3, 2, 2, 1), (3, 0, 2, 1), (3, 6, 2, 1), (3, 6, 2, 1), (3, 6, 2, 1), (3, '?', 2, 1), (3, 4, 2, 1), (3, '?', 2, 1), (3, 4, 2, 1), (3, '?', 2, 1), (3, 6, 2, 1), (3, 7, 2, 1)]"
"(18, 20, 16, 25, 0)","[(5, 1, 2, 1), (4, 4, 2, 1)]"
"(18, 20, 17, 20, 0)","[(2, 6, 2, 1), (2, 6, 2, 1), (2, 7, 2, 1)]"
"(18, 20, 18, 20, 0)","[(7, 5, 2, 1), (3, 2, 2, 1)]"
"(18, 20, 20, 2, 0)","[('?', 1, 2, 1)]"
"(18, 20, 20, 6, 0)","[('?', 7, 2, 1), ('?', 7, 2, 1), ('?', 3, 2, 1)]"
"(18, 20, 20, 8, 0)","[(1, 0, 2, 1), (1, 2, 2, 1), (1, 7, 2, 1), (1, 7, 2, 1), (1, '?', 2, 1), (1, '?', 2, 1), (1, 2, 2, 1), (1, 0, 2, 1), (1, 0, 2, 1)]"
"(18, 20, 20, 15, 0)","[(3, '?', 2, 1), (3, '?', 2, 1)]"
"(18, 20, 20, 17, 0)","[(2, 7, 2, 1), (2, 1, 2, 1), (2, 3, 2, 1), (2, 6, 2, 1)]"
"(18, 20, 20, 18, 0)","[(0, 4, 2, 1)]"
"(18, 20, 20, 20, 0)","[(3, '?', 2, 1), ('?', 3, 2, 1), ('?', 7, 2, 1), ('?', 5, 2, 1), ('?', 3, 2, 1), (3, 7, 2, 1), ('?', 2, 2, 1), ('?', 6, 2, 1), (7, 5, 2, 1), ('?', 2, 2, 1), (7, 5, 2, 1), ('?', 5, 2, 1), (7, 2, 2, 1), (0, 4, 2, 1), ('?', 2, 2, 1), ('?', 7, 2, 1), ('?', 6, 2, 1), ('?', '?', 2, 1), (0, 1, 2, 1), ('?', 3, 2, 1), ('?', 2, 2, 1), ('?', 6, 2, 1), ('?', '?', 2, 1), ('?', '?', 2, 1), ('?', '?', 2, 1), ('?', 7, 2, 1), ('?', 7, 2, 1), ('?', 3, 2, 1), ('?', 6, 2, 1), ('?', '?', 2, 1), ('?', 6, 2, 1), ('?', 7, 2, 1), ('?', 3, 2, 1), ('?', 3, 2, 1), ('?', '?', 2, 1), (6, 4, 2, 1), ('?', 4, 2, 1)]"
"(18, 20, 20, 22, 0)","[('?', 7, 2, 1)]"
"(18, 20, 20, 25, 0)","[(4, 4, 2, 1), ('?', 1, 2, 1), ('?', '?', 2, 1), ('?', 6, 2, 1)]"
"(18, 20, 20, 27, 0)","[(0, 4, 2, 1), (0, 2, 2, 1), (0, 3, 2, 1)]"
"(18, 20, 21, 16, 0)","[(5, 1, 2, 5)]"
"(18, 20, 22, 20, 0)","[(0, 1, 2, 1), ('?', 2, 2, 1), ('?', '?', 2, 1), (0, 1, 2, 1), ('?', 1, 2, 1), ('?', 1, 2, 1), (0, 4, 2, 1)]"
"(18, 20, 25, 16, 0)","[(4, 4, 2, 1), (4, 1, 2, 1), (4, 2, 2, 1), (4, 3, 2, 1), (4, 0, 2, 1), (4, 2, 2, 1), (5, 1, 2, 1), (5, 1, 2, 1), (5, 1, 2, 1)]"
"(18, 20, 25, 25, 0)","[(4, '?', 2, 1), (4, 4, 2, 1), (4, 3, 2, 1), (4, '?', 2, 1), (4, 1, 2, 1), (4, '?', 2, 1), (4, 2, 2, 1), (5, 1, 2, 1)]"
"(18, 20, 27, 20, 0)","[(0, 0, 2, 1), (0, '?', 2, 1), (0, 0, 2, 1), (0, 5, 2, 1), (0, 3, 2, 1), (0, 0, 2, 1), (0, 5, 2, 1), (0, '?', 2, 1), (0, 3, 2, 1), (0, 3, 2, 1), (0, 3, 2, 1), (0, 2, 2, 1), (0, '?', 2, 1), (0, 5, 2, 1), (0, '?', 2, 1), (0, '?', 2, 1), (0, '?', 2, 1)]"
"(18, 22, 2, 2, 0)","[(3, 1, 2, 6), (0, 6, 2, 0), ('?', 4, 2, 0), ('?', 1, 2, 0), ('?', 4, 2, 6), ('?', 6, 2, 6), ('?', 1, 2, 0), ('?', 4, 2, 6), ('?', 6, 2, 0), ('?', 1, 2, 0), ('?', 1, 2, 6), ('?', 4, 2, 0), ('?', 1, 2, 6), ('?', 4, 2, 6), ('?', 6, 2, 0), (0, 1, 2, 6), ('?', 6, 2, 6), (0, 1, 2, 0), ('?', 6, 2, 0), ('?', 1, 2, 0), ('?', 6, 2, 6), (0, 1, 2, 0), ('?', 6, 2, 0), ('?', 4, 2, 0), ('?', 4, 2, 6), (6, 1, 2, 0), ('?', 4, 2, 6), ('?', 1, 2, 0)]"
"(18, 22, 2, 8, 0)","[(1, 1, 2, 0), (1, 1, 2, 0), (1, 4, 2, 0), (1, 6, 2, 6), (1, 6, 2, 0), (1, 4, 2, 6), (1, 6, 2, 0), (1, 1, 2, 0), (1, 6, 2, 0), (1, 1, 2, 0)]"
"(18, 22, 2, 10, 0)","[(1, 6, '?', '?'), (1, 6, 2, '?'), (1, 6, 2, '?'), (1, 6, 2, '?'), (1, 6, 2, '?'), (1, 6, 2, '?'), (1, 6, 2, '?'), (1, 1, 2, '?')]"
"(18, 22, 2, 11, 0)","[(2, 1, 2, 6), (2, 1, 2, 0), (2, 4, 2, '?'), (2, 1, 2, 6), (2, 1, 2, 6), (2, 4, 2, '?'), (2, 1, 2, 6)]"
"(18, 22, 2, 15, 0)","[(3, 4, 2, '?'), (3, 4, 2, 0)]"
"(18, 22, 2, 16, 0)","[(1, 1, 2, 2), (4, 1, 2, 2), (1, 1, 2, 2), (1, 4, '?', 2), (4, 4, 2, 2)]"
"(18, 22, 2, 17, 0)","[(2, 4, 2, 0), (2, 6, 2, 6), (2, 1, 2, 0), (2, 1, 2, 0), (2, 4, 2, 0), (2, 1, 2, 0)]"
"(18, 22, 2, 20, 0)","[(2, 1, 2, 2), (3, 4, 2, 2), (2, 1, 2, 2), (2, 1, 2, 2), (2, 1, 2, 2), (2, 4, 2, 2), ('?', 6, 2, 2), ('?', 4, 2, 2), (3, 4, 2, 2), (3, 1, 2, 2), ('?', 4, 2, 2), (0, 1, 2, 2), ('?', 1, 2, 2), (0, 4, 2, 2), ('?', 1, 2, 2), ('?', 4, 2, 2), (2, 1, 2, 2)]"
"(18, 22, 2, 21, 0)","[(4, 1, 2, 0), (4, 6, 2, '?'), (4, 1, 2, '?'), (4, 1, 2, 0), (4, 1, 2, '?'), (4, 1, 2, '?'), (4, 6, 2, '?'), (4, 1, 2, '?')]"
"(18, 22, 2, 22, 0)","[('?', 4, 2, '?'), ('?', 1, 2, 6), ('?', 4, 2, '?'), ('?', 1, 2, '?'), (0, 1, 2, '?'), ('?', 4, 2, '?'), ('?', 4, 2, '?'), ('?', 1, 2, '?'), ('?', 4, 2, '?'), ('?', 1, 2, '?'), ('?', 4, 2, '?'), ('?', 1, 2, '?')]"
"(18, 22, 2, 25, 0)","[(4, 1, 2, 0), (4, 4, 2, 0), (4, 1, 2, 0), (4, 6, 2, 6), (4, 4, 2, 0), (4, 6, 2, 6), (4, 4, 2, 6)]"
"(18, 22, 2, 26, 0)","[(3, 6, 2, '?'), (3, 6, 2, '?'), (3, 4, 2, '?'), (3, 1, 2, '?'), (3, 1, 2, '?'), (3, 1, 2, '?')]"
"(18, 22, 2, 27, 0)","[(0, 1, 2, 6), (0, 1, 2, '?')]"
"(18, 22, 4, 2, 0)","[('?', 5, 2, 0), (3, 5, 2, 6), ('?', 5, 2, 0), (3, 5, 2, 6), (2, 5, 2, 0), ('?', 0, 2, 0), (3, 5, 2, 6), ('?', 5, 2, 6), ('?', 0, 2, 0), ('?', 5, 2, 6), ('?', 5, 2, 0), ('?', 0, 2, 0), ('?', 5, 2, 0), (0, 0, 2, 6), (3, 5, 2, 6), ('?', 5, 2, 0), (2, 5, 2, 0), (3, 5, 2, 6)]"
"(18, 22, 4, 11, 0)","[(2, 5, 2, '?')]"
"(18, 22, 4, 15, 0)","[(3, 0, 2, 0), (3, 5, 2, 6), (3, 0, 2, 6), (3, 0, 2, 0), (3, 0, 2, 6), (3, 0, 2, 0), (3, 0, 2, 6), (3, 0, 2, 6), (3, 0, 2, 0)]"
"(18, 22, 4, 17, 0)","[(2, 0, 2, 6), (2, 0, 2, 0)]"
"(18, 22, 4, 22, 0)","[(3, 5, 2, '?'), (3, 5, 2, '?'), (3, 5, 2, '?'), (3, 5, 2, 2), (3, 5, 2, 2)]"
"(18, 22, 4, 25, 0)","[(4, 0, 2, 6), (4, 5, 2, 6), (4, 0, 2, 6), (4, 5, 2, 0), (4, 5, 2, 0), (4, 5, 2, 0)]"
"(18, 22, 4, 26, 0)","[(3, 5, 2, '?'), (3, 0, 2, '?')]"
"(18, 22, 6, 2, 0)","[('?', 7, 2, 6), ('?', 7, 2, 6), ('?', 7, 2, 0), ('?', 7, 2, 6), ('?', 7, 2, 6), ('?', 7, 2, 6), ('?', 2, 2, 0), ('?', 2, 2, 0), ('?', 7, 2, 6), ('?', 7, 2, 0), ('?', 7, 2, 0)]"
"(18, 22, 6, 8, 0)","[(1, 7, 2, 0)]"
"(18, 22, 6, 11, 0)","[(2, 7, 2, 6), (2, 7, 2, 6), (2, 2, 2, '?'), (2, 7, 2, 0), (2, 3, 2, '?')]"
"(18, 22, 6, 15, 0)","[(3, 3, 2, 6), (3, 7, 2, 0), (3, 3, 2, 0), (3, 3, 2, 6), (3, 3, 2, 6), (3, 7, 2, 0), (3, 3, 2, 6), (3, 7, 2, 0), (3, 2, 2, 0), (3, 7, 2, 0), (3, 7, 2, 0), (3, 3, 2, 6), (3, 7, 2, 0)]"
"(18, 22, 6, 16, 0)","[(3, 3, 2, 2)]"
"(18, 22, 6, 17, 0)","[(2, 3, 2, 6), (2, 3, 2, 6)]"
"(18, 22, 6, 20, 0)","[(0, 7, 2, 2), (3, 3, 2, 2), ('?', 7, 2, 2), ('?', 2, 2, 2)]"
"(18, 22, 6, 22, 0)","[(3, 7, 2, '?'), ('?', 7, 2, '?')]"
"(18, 22, 6, 26, 0)","[(3, 7, 2, '?'), (3, 7, 2, '?')]"
"(18, 22, 8, 2, 0)","[(1, '?', 2, 6)]"
"(18, 22, 8, 8, 0)","[(1, 2, 2, 0), (1, 7, 2, 0), (1, 3, 2, 0), (1, '?', 2, 0), (1, 6, 2, 6), (1, 2, 2, 0), (1, '?', 2, 0), (1, 2, 2, 0), (1, 3, 2, 0), (1, 3, 2, 6), (1, '?', 2, 6), (1, 3, 2, 0)]"
"(18, 22, 10, 2, 0)","[(1, 0, 2, 0), (1, '?', 2, 6), (1, 3, 2, 0), (1, 6, 2, 6), (1, 2, 2, 6), (1, '?', 2, 6), (1, 6, 2, 6), (1, 6, 2, 6), (1, '?', 2, 0), (1, 0, 2, 6), (1, 7, 2, 6), (1, 2, 2, 6), (1, 6, 2, 6), (1, 0, 2, 0), (1, 4, 2, 6), (1, '?', 2, 0), (1, 6, 2, 6), (1, 7, 2, 0), (1, '?', 2, 0), (1, 4, 2, 6), (1, '?', 2, 6), (1, '?', 2, 6), (1, 3, 2, 0), (1, 3, 2, 0), (1, '?', 2, 0), (1, 2, 2, 0), (1, '?', 2, 0)]"
"(18, 22, 10, 8, 0)","[(1, 4, 2, 0)]"
"(18, 22, 10, 10, 0)","[(1, 3, 2, '?'), (1, 7, 2, '?'), (1, '?', 2, '?'), (1, '?', 2, '?'), (1, 3, 2, '?'), (1, 3, 2, '?'), (1, '?', 2, '?'), (1, '?', 2, '?'), (1, 0, 2, '?'), (1, 3, 2, '?'), (1, '?', 2, '?'), (1, '?', 2, '?'), (1, '?', 2, '?')]"
"(18, 22, 10, 16, 0)","[(1, 7, 2, 2), (1, '?', 2, 2), (1, 0, 2, 2), (1, 2, 2, 2)]"
"(18, 22, 10, 20, 0)","[(1, 7, 2, 2), (1, '?', 2, 2), (1, '?', 2, 2), (1, '?', 2, 2), (1, 0, 2, 2), (1, '?', 2, 2), (1, 7, 2, 2), (1, '?', 2, 2), ('?', 4, 2, 2), (1, 0, 2, 2), (1, '?', 2, 2), (1, 7, 2, 2)]"
"(18, 22, 10, 22, 0)","[(1, 5, 2, '?'), (1, 0, 2, '?'), (1, '?', 2, '?'), (1, 0, 2, '?'), (1, 0, 2, '?')]"
"(18, 22, 11, 2, 0)","[(2, '?', 2, 6), (2, 2, 2, 6)]"
"(18, 22, 11, 11, 0)","[(2, 2, 2, '?'), (2, '?', 2, '?'), (2, 3, 2, '?'), (2, '?', 2, '?'), (2, '?', 2, '?'), (2, '?', 2, '?'), (2, 0, 2, '?'), (2, 3, 2, '?'), (2, '?', 2, 6), (2, 7, 2, 6), (2, '?', 2, '?'), (2, 7, 2, 3), (2, 3, 2, '?'), (2, '?', 2, '?'), (2, 0, 2, '?'), (2, 2, 2, 6), (2, 1, 2, 6), (2, 3, 2, '?'), (2, 2, 2, '?'), (2, 0, 2, '?'), (2, '?', 2, '?'), (2, 4, 2, '?'), (2, 2, 2, '?'), (2, '?', 2, '?'), (2, 1, 2, 6), (2, 4, 2, '?'), (2, 7, 2, '?')]"
"(18, 22, 11, 17, 0)","[(2, '?', 2, 6), (2, 3, 2, 0), (2, 7, 2, 0), (2, 3, 2, 6), (2, '?', 2, 0), (2, '?', 2, 0), (2, 2, 2, 0), (2, '?', 2, 6), (2, 3, 2, 6)]"
"(18, 22, 11, 20, 0)","[(2, '?', 2, 2), (2, 7, 2, '?'), (2, '?', 2, 2), (2, 2, 2, 2), (2, 6, 2, 2), (2, 4, 2, 2), (2, 2, 2, 2), (2, 1, 2, 2), (2, 4, 2, 2), (2, '?', 2, 2), (2, 3, 2, 2), (2, 1, 2, 2), (2, 6, 2, 2), (2, 6, 2, 2), (2, 3, 2, 2), (2, 6, 2, 2), (2, 1, 2, 2), (2, 2, 2, 2), (2, '?', 2, 2), (2, 1, 2, 2), (2, 6, 2, 2), (2, 2, 2, 2), (2, '?', 2, 2), (2, 3, 2, 2), (2, '?', 2, 2), (2, 6, 2, 2), (2, '?', 2, 2), (2, '?', 2, 2)]"
"(18, 22, 15, 15, 0)","[(3, '?', 2, 0)]"
"(18, 22, 17, 2, 0)","[(2, 3, 2, 6), (2, '?', 2, 0), (2, 4, 2, 0), (2, 3, 2, 0), (2, '?', 2, 0)]"
"(18, 22, 17, 17, 0)","[(2, 0, 2, 6), (2, 3, 2, 0), (2, 2, 2, 0), (2, 0, 2, 6), (2, 3, 2, 0), (2, '?', 2, 6), (2, 0, 2, 0), (2, 0, 2, 6), (2, 4, 2, 0), (2, '?', 2, 6), (2, 6, 2, 6), (2, '?', 2, 0), (2, 2, 2, 0), (2, '?', 2, 0), (2, 3, 2, 0), (2, '?', 2, 0), (2, '?', 2, 6)]"
"(18, 22, 20, 4, 0)","[(2, 5, 2, 5)]"
"(18, 22, 20, 6, 0)","[(3, 7, 2, 5)]"
"(18, 22, 20, 8, 0)","[(1, '?', 2, 1), (1, '?', 2, 1), (1, 0, 2, 1), (1, 4, 2, 1), (1, '?', 2, 1)]"
"(18, 22, 20, 10, 0)","[(1, 3, 2, 5), (1, 1, 2, 5), (1, 6, 2, 5), (1, 2, 2, 5), (1, 0, 2, 1), (1, 4, 2, 5), (1, 1, 2, 5), (1, 2, 2, 5), (1, 6, 2, 5), (1, 3, 2, 5), (1, 2, 2, 5), (1, 1, 2, 5), (1, 6, 2, 5), (1, 3, 2, 5), (1, 2, 2, 1), (1, 4, 2, 5), (1, 4, 2, 5), (1, '?', 2, 1), (1, 7, 2, 5), (1, 7, 2, 5), (1, 2, 2, 5), (1, 6, 2, 5), (1, 3, 2, 5), (1, 4, 2, 5), (1, 4, 2, 5), (1, 1, 2, 5), (1, 7, 2, 5), (1, 6, 2, 5), (1, 2, 2, 5), (1, 1, 2, 5), (1, 3, 2, 5), (1, 1, 2, 5), (1, 6, 2, 5), (1, 4, 2, 5), (1, 3, 2, 5)]"
"(18, 22, 20, 11, 0)","[(2, '?', 2, 5), (2, 5, 2, 5), (2, 5, 2, 5), (2, 4, 2, 5), (2, 7, 2, 5), (2, '?', 2, 5), (2, '?', 2, 5), (2, 1, 2, 5), (2, '?', 2, 5), (2, '?', 2, 5), (2, 1, 2, 5), (2, 5, 2, 5), (2, '?', 2, 5), (2, 4, 2, 5), (2, 7, 2, 5), (2, 7, 2, 5), (2, 7, 2, 5), (2, 1, 2, 5), (2, 1, 2, 5), (2, 4, 2, 5), (2, 7, 2, 5), (2, 4, 2, 5), (2, 7, 2, 5), (2, 7, 2, 5)]"
"(18, 22, 20, 17, 0)","[(2, 7, 2, 1), (2, 2, 2, 1), (2, 2, 2, 1), (2, 5, 2, 1), (2, 3, 2, 1), (2, 2, 2, 1), (2, 6, 2, 1), (2, 2, 2, 1), (2, 7, 2, 1), (2, 7, 2, 1), (2, 4, 2, 1), (2, 1, 2, 1), (2, 7, 2, 1)]"
"(18, 22, 20, 20, 0)","[(1, '?', 2, 1), (1, 6, 2, 1), (1, 7, 2, 1), (1, 4, 2, 1), ('?', 7, 2, 1)]"
"(18, 22, 20, 21, 0)","[(5, 7, 2, 5), (5, 2, 2, 5), (4, 0, 2, 5), (5, 4, 2, 5), (4, '?', 2, 5), (4, 6, 2, 5), (5, 7, 2, 5), (5, 1, 2, 5), (4, 4, 2, 5), (5, 7, 2, 5), (4, 7, 2, 5), (4, '?', 2, 5), (4, 3, 2, 5), (4, 0, 2, 5), (4, 3, 2, 5), (4, 0, 2, 5), (4, 3, 2, 5), (4, '?', 2, 5), (4, 1, 2, 5), (4, 6, 2, 5), (4, 7, 2, 5), (4, 1, 2, 5), (4, 7, 2, 5), (4, 6, 2, 5), (5, 4, 2, 5), (4, 4, 2, 5), (4, 4, 2, 5), (4, 3, 2, 5), (4, 7, 2, 5), (5, 4, 2, 5), (4, 5, 2, 5), (4, 5, 2, 5), (4, '?', 2, 5), (5, 1, 2, 5), (4, '?', 2, 5), (4, 7, 2, 5), (4, 4, 2, 5), (4, 6, 2, 5), (4, 7, 2, 5), (4, 7, 2, 5), (4, '?', 2, 5), (4, '?', 2, 5), (4, 6, 2, 5)]"
"(18, 22, 20, 22, 0)","[('?', '?', 2, 5), (7, 1, 2, 5), ('?', 6, 2, 5), ('?', 7, 2, 5), (0, 7, 2, 5), (3, 7, 2, 5), (7, 2, 2, 5), (0, '?', 2, 5), (3, 5, 2, 5), (3, 7, 2, 5), (0, 0, 2, 5), (6, 6, 2, 5), (3, '?', 2, 5), (6, 5, 2, 5), (0, 1, 2, 5), (0, 6, 2, 5), (6, 4, 2, 5), (0, 6, 2, 5), ('?', 6, 2, 5), (7, 1, 2, 5), ('?', '?', 2, 5), (6, 1, 2, 5), (3, '?', 2, 5), (6, 6, 2, 5), (3, 1, 2, 5), (7, 2, 2, 5), (6, 6, 2, 5), (6, 1, 2, 5), (0, '?', 2, 5), ('?', '?', 2, 5), (6, 5, 2, 5), (7, 1, 2, 5), (0, 2, 2, 5), ('?', 1, 2, 5), ('?', '?', 2, 5), ('?', 4, 2, 5), (6, 1, 2, 5), (6, 4, 2, 5), ('?', 4, 2, 5), ('?', 6, 2, 5), (6, 4, 2, 5), ('?', 4, 2, 5), ('?', 4, 2, 5), (0, 2, 2, 5), ('?', 6, 2, 5), ('?', 7, 2, 5), ('?', 0, 2, 5), (0, 0, 2, 5), (6, 6, 2, 5), (0, 1, 2, 5), (6, 6, 2, 5), ('?', 1, 2, 5), ('?', 4, 2, 5), ('?', 7, 2, 5), ('?', 6, 2, 5), (0, 6, 2, 5), ('?', 3, 2, 5), ('?', 6, 2, 5), ('?', '?', 2, 5), ('?', '?', 2, 5), (0, 0, 2, 5), (0, 1, 2, 5), ('?', 7, 2, 5), ('?', 6, 2, 5), (0, 1, 2, 5), (6, 6, 2, 5), (0, 6, 2, 5), (0, '?', 2, 5), ('?', 1, 2, 5), (3, 7, 2, 5), (0, 2, 2, 5), (3, 2, 2, 5), ('?', 1, 2, 5), (5, 0, 2, 5), ('?', 0, 2, 5), (6, 6, 2, 5), (6, 4, 2, 5), (5, 0, 2, 5), ('?', '?', 2, 5), (0, 0, 2, 5), (6, 5, 2, 5), (6, 4, 2, 5), (6, 4, 2, 5)]"
"(18, 22, 20, 25, 0)","[(4, 3, 2, 1), (4, '?', 2, 1), (4, '?', 2, 1), (4, '?', 2, 1), (4, 7, 2, 1), (4, '?', 2, 1), (4, 1, 2, 1), (4, 2, 2, 1), (4, '?', 2, 1), (4, 2, 2, 1)]"
"(18, 22, 20, 26, 0)","[(3, 0, 2, 5), (3, 0, 2, 5), (3, '?', 2, 5), (3, 6, 2, 5), (3, '?', 2, 5), (3, '?', 2, 5), (3, 0, 2, 5), (3, 1, 2, 5), (3, '?', 2, 5), (3, 6, 2, 5), (3, 6, 2, 5), (3, 5, 2, 5), (3, 1, 2, 5), (3, 6, 2, 5), (3, 7, 2, 5), (3, 7, 2, 5), (3, 1, 2, 5)]"
"(18, 22, 20, 27, 0)","[(0, 7, 2, 5), (0, 2, 2, 5), (0, '?', 2, 5), (0, 7, 2, 5), (0, 6, 2, 5), (0, 3, 2, 5), (0, 3, 2, 5), (0, '?', 2, 5), (0, 7, 2, 5), (0, 3, 2, 5), ('?', '?', 2, 5), (0, '?', 2, 5), (0, 1, 2, 5), (0, 7, 2, 5), (0, '?', 2, 5), (0, '?', 2, 5), (0, 3, 2, 5), (0, 2, 2, 5), (0, 2, 2, 5), (0, '?', 2, 5), (0, 2, 2, 5), (0, 7, 2, 5), (0, 2, 2, 5), (0, 7, 2, 5)]"
"(18, 22, 21, 16, 0)","[(4, 1, 2, 2), (4, 2, 2, 2), (4, 3, 2, 2), (4, '?', 2, 2), (4, 7, 2, 2), (4, '?', 2, 2), (4, 5, 2, 2), (4, 7, 2, 2), (4, 7, 2, 2), (4, 1, 2, 2), (4, 2, 2, 2), (4, '?', 2, 2), (4, 2, 2, 2), (4, 2, 2, 2), (4, 7, 2, 2), (4, '?', 2, 2), (4, 2, 2, 2), (4, 7, 2, 2), (4, 0, 2, 2), (4, 0, 2, 2), (4, '?', 2, 2), (4, 2, 2, 2), (4, '?', 2, 2), (4, 4, 2, 2), (4, 3, 2, 2), (4, 3, 2, 2), (4, '?', 2, 2), (4, 3, 2, 2), (4, 5, 2, 2), (4, 2, 2, 2), (4, 5, 2, 2), (4, 0, 2, 2), (4, 5, 2, 2), (4, 4, 2, 2), (4, 4, 2, 2), (4, '?', 2, 2), (4, 1, 2, 2), (4, 7, 2, 2)]"
"(18, 22, 21, 21, 0)","[(4, 2, 2, '?'), (4, '?', 2, '?'), (4, 2, 2, '?'), (4, '?', 2, '?'), (4, 3, 2, '?'), (4, '?', 2, '?'), (4, 2, 2, '?'), (4, '?', 2, '?'), (4, 3, 2, '?'), (4, '?', 2, '?'), (4, 2, 2, '?'), (4, '?', 2, '?'), (4, 2, 2, '?'), (4, 3, 2, '?'), (4, 6, 2, '?'), (4, 2, 2, '?'), (4, 5, 2, '?'), (4, 5, 2, '?'), (4, '?', 2, '?'), (4, 3, 2, '?'), (4, '?', 2, '?')]"
"(18, 22, 21, 25, 0)","[(4, 0, 2, 6)]"
"(18, 22, 22, 2, 0)","[('?', 3, 2, 6), ('?', 7, 2, 0), (0, 5, 2, 6), ('?', '?', 2, 6), ('?', '?', 2, 0), ('?', 7, 2, 6), ('?', '?', 2, 0), ('?', 6, 2, 6), ('?', '?', 2, 0), ('?', 3, 2, 6), ('?', 5, 2, 0), ('?', 2, 2, 0), ('?', '?', 2, 6), (3, 6, 2, 0), ('?', 2, 2, 0), ('?', 3, 2, 6), ('?', '?', 2, 0), ('?', '?', 2, 6), ('?', 2, 2, 0), ('?', 6, 2, 6), ('?', 4, 2, 6), ('?', '?', 2, 0), ('?', 4, 2, 0), ('?', 2, 2, 0), (1, 2, 2, 0), ('?', '?', 2, 6), ('?', '?', 2, 6), ('?', 2, 2, 6), ('?', 2, 2, 6), ('?', '?', 2, 0), ('?', 4, 2, '?'), ('?', 2, 2, 6), ('?', 3, 2, 6), ('?', '?', 2, 0), ('?', 7, 2, 0), ('?', 5, 2, 0), ('?', '?', 2, 0), ('?', '?', 2, 6), (6, 4, 2, 6), ('?', '?', 2, 6), ('?', 2, 2, 6)]"
"(18, 22, 22, 8, 0)","[(1, 7, 2, 0), (1, 4, 2, 0), (1, 6, 2, 0), (1, 4, 2, 0), (1, '?', 2, 0), (1, 3, 2, 0), (1, 2, 2, 0), (1, 7, 2, 0), (1, '?', 2, 0), (1, 6, 2, 0)]"
"(18, 22, 22, 10, 0)","[(1, '?', 2, '?'), (1, 3, 2, '?')]"
"(18, 22, 22, 15, 0)","[(3, 3, 2, 0), (3, 2, 2, 0), (3, '?', 2, 6), (3, 6, 2, 6), (3, 2, 2, 0), (3, 7, 2, 0), (3, 3, 2, 6), (3, 3, 2, 0), (3, '?', 2, '?'), (3, 0, 2, '?'), (3, 2, 2, 6), (3, 2, 2, 0)]"
"(18, 22, 22, 16, 0)","[(1, '?', 2, 2), (1, 2, 2, 2), (1, 7, 2, 2), (1, 2, 2, 2), (1, 2, 2, 2), (1, 0, 2, 2)]"
"(18, 22, 22, 17, 0)","[(2, 2, 2, 0)]"
"(18, 22, 22, 20, 0)","[('?', 2, 2, 2), ('?', '?', 2, 2), (6, '?', 2, 2), ('?', '?', 2, 2), (0, 1, 2, 2), (0, 3, 2, 2), (0, 2, 2, 2), ('?', 0, 2, 2), ('?', 7, 2, 2), ('?', '?', 2, 2), ('?', 5, 2, 2), ('?', 2, 2, 2), ('?', '?', 2, 2), (3, '?', 2, 2), ('?', '?', 2, 2), ('?', 2, 2, 2), ('?', '?', 2, 2), (3, 5, 2, 2), ('?', 4, 2, 2), (3, 4, 2, 2), ('?', 2, 2, 2), (3, 4, 2, 2), (0, 4, 2, 2), ('?', 6, 2, 2), (3, 2, 2, 2), ('?', '?', 2, 2), (3, 3, 2, 2), (3, 3, 2, 2), (6, 0, 2, 2), ('?', '?', 2, 2), ('?', 2, 2, 2), (0, 1, 2, 2), ('?', 5, 2, 2), (0, 2, 2, 2), ('?', 4, 2, 2), ('?', 2, 2, 2), ('?', 6, 2, 2)]"
"(18, 22, 22, 21, 0)","[(4, 2, 2, 6), (4, 2, 2, 6), (4, 2, 2, '?'), (4, 3, 2, '?'), (4, 5, 2, '?'), (4, 2, 2, 6)]"
"(18, 22, 22, 22, 0)","[('?', 0, 2, '?'), ('?', 7, 2, '?'), (0, 5, 2, 2), ('?', '?', 2, '?'), ('?', 0, 2, '?'), (2, 2, 2, 0), ('?', 7, 2, '?'), (3, 2, 2, 5), ('?', '?', 2, '?'), ('?', '?', 2, '?'), ('?', '?', 2, '?'), ('?', '?', 2, '?'), ('?', 4, 2, '?'), ('?', '?', 2, '?'), (6, 4, 2, '?'), ('?', 5, 2, '?'), ('?', '?', 2, '?')]"
"(18, 22, 22, 25, 0)","[(4, 3, 2, 6), (4, '?', 2, 6), (4, 2, 2, 0), (4, '?', 2, 6), (4, 4, 2, 0), (4, 0, 2, 6), (4, '?', 2, 6), (4, 4, 2, 0), (4, 6, 2, 6), (4, 5, 2, 6)]"
"(18, 22, 22, 26, 0)","[(3, 6, 2, '?'), (3, 2, 2, '?'), (3, 3, 2, '?'), (3, 6, 2, '?'), (3, 5, 2, 5), (3, 4, 2, '?'), (3, 3, 2, '?'), (3, '?', 2, 5), (3, 0, 2, 5), (3, 2, 2, 5), (3, 2, 2, '?'), (3, 5, 2, '?'), (3, 5, 2, 5)]"
"(18, 22, 25, 2, 0)","[(4, 4, 2, 6)]"
"(18, 22, 25, 16, 0)","[(4, 4, 2, 2), (4, 4, 2, 2)]"
"(18, 22, 25, 25, 0)","[(4, 2, 2, 0), (4, 0, 2, 0), (4, 2, 2, 0), (4, 3, 2, 6), (4, 0, 2, 6), (4, 2, 2, 0), (4, 6, 2, 6), (4, 2, 2, 0), (4, 2, 2, 0), (4, '?', 2, 6), (4, 3, 2, 6), (4, 3, 2, 6), (4, 0, 2, 0), (4, '?', 2, 6), (4, 4, 2, 6), (4, 0, 2, 0), (4, 4, 2, 6), (4, 3, 2, 6), (4, '?', 2, 6), (4, 4, 2, 0), (4, 2, 2, 6), (4, 3, 2, 6), (4, '?', 2, 6), (4, '?', 2, 6), (4, 4, 2, 0), (4, 2, 2, 6)]"
"(18, 22, 26, 2, 0)","[(3, 1, 2, 6), (3, 0, 2, 0), (3, 3, 2, 6), (3, 4, 2, 6), (3, '?', 2, 6), (3, 6, 2, 6), (3, 6, 2, 0), (3, 6, 2, 6), (3, '?', 2, 0), (3, '?', 2, 6), (3, '?', 2, 0), (3, 7, 2, 0), (3, 4, 2, 0), (3, '?', 2, 6), (3, '?', 2, 6), (3, '?', 2, 0), (3, '?', 2, 0), (3, 4, 2, 6), (3, 2, 2, 6), (3, 2, 2, 6), (3, 6, 2, 0), (3, 4, 2, 6), (3, '?', 2, 6), (3, '?', 2, 0), (3, 6, 2, 0), (3, 1, 2, 6), (3, 6, 2, 0), (7, 5, 2, 0), (3, '?', 2, 0), (3, '?', 2, 6), (3, 2, 2, 6), (3, 4, 2, 0), (3, 6, 2, 0), (3, 4, 2, 6)]"
"(18, 22, 26, 15, 0)","[(3, '?', 2, 6)]"
"(18, 22, 26, 20, 0)","[(3, 1, 2, 2), (3, 2, 2, 2), (3, 2, 2, 2), (3, 1, 2, 2), (3, '?', 2, 2), (3, 4, 2, 2), (3, '?', 2, 2), (3, '?', 2, 2), (3, '?', 2, 2), (3, 3, 2, 2), (3, 5, 2, 2), (3, '?', 2, 2), (3, 1, 2, 2), (3, 2, 2, 2), (3, '?', 2, 2), (3, 1, 2, 2)]"
"(18, 22, 26, 22, 0)","[(3, 7, 2, '?'), (3, '?', 2, '?'), (3, 6, 2, '?'), (3, '?', 2, '?'), (3, 5, 2, 5), (3, 2, 2, '?'), (3, 2, 2, '?'), (3, 0, 2, 5), (3, 5, 2, 5), (3, 4, 2, '?'), (3, 5, 2, 5), (3, '?', 2, '?'), (3, '?', 2, '?'), (3, 4, 2, '?'), (3, 6, 2, '?'), (3, '?', 2, '?'), (3, 1, 2, '?'), (3, '?', 2, '?'), (3, 2, 2, '?'), (3, 1, 2, '?'), (3, 6, 2, '?'), (3, 3, 2, '?')]"
"(18, 22, 27, 2, 0)","[(0, 3, 2, 6), (0, 2, 2, 0), (0, 2, 2, 0), (0, 2, 2, 6), (0, 2, 2, 6), (0, 3, 2, 0), (0, 2, 2, 0), (0, '?', 2, 6), (0, 6, 2, 6), (0, 3, 2, 0), (0, 3, 2, 0), (0, 0, 2, 0), (0, 2, 2, 6), (0, '?', 2, 6), (0, 4, 2, 6), (0, '?', 2, 6), (0, 2, 2, 0), (0, 0, 2, 0), (0, 6, 2, 6), (0, 0, 2, 0), (0, 7, 2, 0), (0, 7, 2, 0), (0, 3, 2, 0), (0, 3, 2, 0), (0, 3, 2, 0), (0, 2, 2, 0), (0, 2, 2, 0), (0, 0, 2, 0), (0, 0, 2, 6), (0, 7, 2, 0), (0, 2, 2, 0), (0, 2, 2, 0), (0, 4, 2, 6), (0, 3, 2, 6), (0, 4, 2, 6), (0, '?', 2, 6), (0, 1, 2, 0), (0, 2, 2, 6), (0, 2, 2, 0), (0, 5, 2, 6), (0, 0, 2, 0), (0, 5, 2, 6), (0, 2, 2, 0), (0, 7, 2, 0), (0, '?', 2, 6), (0, 0, 2, '?'), (0, 5, 2, 6), (0, '?', 2, 6), (0, 7, 2, 0), (0, 0, 2, 0), (0, 3, 2, 6), (0, 6, 2, 6)]"
"(18, 22, 27, 4, 0)","[(0, 5, 2, 0)]"
"(18, 22, 27, 20, 0)","[(0, 2, 2, 2), (0, 3, 2, 2), (0, 0, 2, 2), (0, 6, 2, 2), (0, 7, 2, 2), (0, 5, 2, 2), (0, 1, 2, 2), (0, 6, 2, 2), (0, 1, 2, 2), (0, 2, 2, 2), (0, 0, 2, 2), (0, 2, 2, 2), (0, 2, 2, 2), (0, 3, 2, 2), (0, 2, 2, 2), (0, 5, 2, 2), (0, 0, 2, 2), (0, 0, 2, 2), (0, 3, 2, 2)]"
"(18, 22, 27, 22, 0)","[(0, '?', 2, '?'), (0, 1, 2, 4), (0, 0, 2, '?'), (0, '?', 2, '?'), (0, 6, 2, '?'), (0, 6, 2, '?'), (0, 1, 2, '?'), (0, '?', 2, '?'), (0, '?', 2, '?'), (0, '?', 2, '?'), (0, 1, 2, '?'), (0, '?', 2, '?'), (0, '?', 2, '?'), (0, 6, 2, '?'), (0, 6, 2, '?'), (0, 0, 2, '?'), (0, 0, 2, '?')]"
"(18, 24, 2, 2, 0)","[(6, 4, 2, 6), (6, 1, 2, 0), (6, 4, 2, 0), (6, 6, 2, 6), (6, 6, 2, 0), (6, 1, 2, 0), (6, 4, 2, 0)]"
"(18, 24, 2, 16, 0)","[(5, 4, 2, 2)]"
"(18, 24, 2, 20, 0)","[(6, 6, 2, 2)]"
"(18, 24, 2, 22, 0)","[(6, 6, 2, '?'), (6, 6, 2, '?')]"
"(18, 24, 2, 25, 0)","[(5, 4, 2, 6), (5, 1, 2, 0), (5, 1, 2, 6), (5, 1, 2, 6)]"
"(18, 24, 4, 2, 0)","[(6, 0, 2, 0), (6, 5, 2, 0), (6, 0, 2, 0), (6, 5, 2, 6), (6, 5, 2, 0), (6, 5, 2, 6)]"
"(18, 24, 4, 16, 0)","[(5, 0, 2, 2)]"
"(18, 24, 4, 20, 0)","[(6, 0, 2, 2), (6, 0, 2, 2), (6, 5, 2, 2), (6, 0, 2, 2), (6, 0, 2, 2), (6, 5, 2, 2), (6, 5, 2, 2)]"
"(18, 24, 4, 25, 0)","[(5, 5, 2, 6), (5, 0, 2, 6), (5, 5, 2, 6), (5, 0, 2, 0), (5, 5, 2, 6), (5, 5, 2, 6)]"
"(18, 24, 6, 2, 0)","[(6, 2, 2, 0), (6, 7, 2, 0), (6, 3, 2, 6), (6, 7, 2, 0), (6, 2, 2, 6), (6, 2, 2, 6), (6, 2, 2, 0)]"
"(18, 24, 6, 6, 0)","[(6, 7, 2, 6), (6, 3, 2, 0)]"
"(18, 24, 6, 16, 0)","[(5, 2, 2, 2), (5, 2, 2, 2), (5, 3, 2, 2)]"
"(18, 24, 6, 21, 0)","[(4, 7, 2, 2)]"
"(18, 24, 6, 25, 0)","[(5, 3, 2, 0), (5, 2, 2, 6), (5, 2, 2, 0)]"
"(18, 24, 16, 2, 0)","[(5, 6, 2, 1), (5, 4, 2, 1)]"
"(18, 24, 16, 4, 0)","[(5, 5, 2, 1), (5, 0, 2, 1)]"
"(18, 24, 16, 6, 0)","[(5, 7, 2, 1), (5, 3, 2, 1), (5, 7, 2, 1), (5, 3, 2, 5), (5, 2, 2, 5), (5, 3, 2, 1)]"
"(18, 24, 18, 16, 0)","[(5, 2, 2, 2)]"
"(18, 24, 20, 4, 0)","[(6, 0, 2, 1), (6, 0, 2, 1), (6, 5, 2, 1)]"
"(18, 24, 22, 2, 0)","[(6, 7, 2, 0), (6, 2, 2, 6), (6, 2, 2, 0), (6, '?', 2, 6), (6, 1, 2, 0), (6, 7, 2, 0)]"
"(18, 24, 22, 20, 0)","[(6, '?', 2, 2)]"
"(18, 24, 22, 25, 0)","[(5, '?', 2, 6)]"
"(18, 25, 16, 25, 0)","[(5, 6, 2, 1), (5, 1, 2, 1), (4, 7, 2, 1)]"
"(18, 26, 2, 2, 0)","[(7, 4, 2, 6), (7, 6, 2, 6), (7, 4, 2, 6), (7, 1, 2, 6), (7, 6, 2, 6), (7, 6, 2, 0), (7, 1, 2, 6), (7, 4, 2, '?'), (7, 1, 2, 6), (7, 6, 2, 0), (7, 1, 2, 6), (7, 6, 2, 0), (7, 1, 2, 6), (7, 4, 2, 6)]"
"(18, 26, 2, 7, 0)","[(7, 1, 2, 7)]"
"(18, 26, 2, 9, 0)","[(7, 6, 2, 7)]"
"(18, 26, 2, 15, 0)","[(7, 6, 2, 6), (7, 6, 2, 6), (7, 6, 2, 0)]"
"(18, 26, 2, 20, 0)","[(7, 4, 2, 5), (7, 1, 2, 2), (7, 4, 2, 2), (7, 1, 2, 2), (7, 4, 2, 2), (7, 4, 2, 2), (7, 4, 2, 2), (7, 4, 2, 2), (7, 1, 2, 2), (7, 1, 2, 2)]"
"(18, 26, 2, 22, 0)","[(7, 1, 2, '?'), (7, 1, 2, '?'), (7, 4, 2, '?'), (7, 6, 2, '?'), (7, 6, 2, '?'), (7, 1, 2, '?'), (7, 6, 2, '?'), (7, 1, 2, '?'), (7, 1, 2, '?'), (7, 4, 2, '?'), (7, 4, 2, '?'), (7, 1, 2, '?'), (7, 1, 2, '?'), (7, 1, 2, '?')]"
"(18, 26, 2, 26, 0)","[(7, 4, 2, '?')]"
"(18, 26, 4, 2, 0)","[(7, 0, 2, 0), (7, 0, 2, 0), (7, 5, 2, 0), (7, 5, 2, 0), (7, 5, 2, 0), (7, 5, 2, 0), (7, 0, 2, 0), (7, 5, 2, 0), (7, 5, 2, 0)]"
"(18, 26, 4, 9, 0)","[(7, '?', 2, 7)]"
"(18, 26, 4, 15, 0)","[(7, 5, 2, 0)]"
"(18, 26, 4, 20, 0)","[(7, 0, 2, 2), (7, 5, 2, 2), (7, 5, 2, 2), (7, 0, 2, 2), (7, 0, 2, 2)]"
"(18, 26, 4, 22, 0)","[(7, 0, 2, '?'), (7, 5, 2, '?'), (7, 5, 2, 5), (7, 0, 2, '?'), (7, 0, 2, '?'), (7, 0, 2, '?'), (7, 5, 2, '?'), (7, 0, 2, '?'), (7, 5, 2, 2), (7, 0, 2, '?')]"
"(18, 26, 6, 2, 0)","[(7, 7, 2, 6), (7, 7, 2, 6), (7, 7, 2, 6), (7, 7, 2, 6), (7, 7, 2, 6)]"
"(18, 26, 6, 15, 0)","[(7, 7, 2, 0), (7, 7, 2, 0)]"
"(18, 26, 6, 20, 0)","[(7, 3, 2, 2), (7, 3, 2, 2)]"
"(18, 26, 6, 22, 0)","[(7, 7, 2, '?'), (7, 3, 2, '?'), (7, 7, 2, '?'), (7, 3, 2, '?'), (7, 7, 2, '?'), (7, 7, 2, '?'), (7, 3, 2, '?'), (7, 7, 2, '?'), (7, 3, 2, '?')]"
"(18, 26, 9, 7, 0)","[(7, 6, 2, 7)]"
"(18, 26, 9, 9, 0)","[(7, 0, 2, 7), (7, 0, 2, 7), (7, 5, 2, 7), (7, 5, 2, 7), (7, '?', 2, 7), (7, 6, 2, 7), (7, 1, 2, 7), (7, 0, 2, 7), (7, 3, 2, 7), (7, '?', 2, 7), (7, 3, 2, 7), (7, 1, 2, 7), (7, 0, 2, 7), (7, 5, 2, 7), (7, 0, 2, 7), (7, 5, 2, 7), (7, 1, 2, 7), (7, 5, 2, 7), (7, 3, 2, 7), (7, 6, 2, 7), (7, 0, 2, 7)]"
"(18, 26, 20, 2, 0)","[(7, 1, 2, 5), (7, 1, 2, 5), (7, 4, 2, 5), (7, 1, 2, 5), (7, 1, 2, 5)]"
"(18, 26, 20, 4, 0)","[(7, 5, 2, 5), (7, 0, 2, 5), (7, 5, 2, 5)]"
"(18, 26, 20, 6, 0)","[(7, 3, 2, 5), (7, 7, 2, 5), (7, 2, 2, 5), (7, 7, 2, 5), (7, 7, 2, 5), (7, 2, 2, 5)]"
"(18, 26, 20, 22, 0)","[(7, 4, 2, 5), (7, 7, 2, 5), (7, 3, 2, 5), (7, 2, 2, 5), (7, 4, 2, 5), (7, 6, 2, 5), (7, '?', 2, 5), (7, 6, 2, 5), (7, '?', 2, 5), (7, '?', 2, 5), (7, '?', 2, 5), (7, 6, 2, 5), (7, '?', 2, 5), (7, 4, 2, 5), (7, 6, 2, 5), (7, 6, 2, 5), (7, 6, 2, 5), (7, 7, 2, 5), (7, 3, 2, 5), (7, 4, 2, 5), (7, 1, 2, 5), (7, 5, 2, 5), (7, 7, 2, 5), (7, 7, 2, 5), (7, 6, 2, 5), (7, 2, 2, 5), (7, 4, 2, 5), (7, 2, 2, 5), (7, '?', 2, 5), (7, 2, 2, 5)]"
"(18, 26, 22, 2, 0)","[(7, 4, 2, 6), (7, 2, 2, 6), (7, 2, 2, 6), (7, 0, 2, 0), (7, 7, 2, 0), (7, 5, 2, 0), (7, 3, 2, 0), (7, 0, 2, 0), (7, 7, 2, 6), (7, 3, 2, 0), (7, 5, 2, 3), (7, '?', 2, 6), (7, 5, 2, 0), (7, 3, 2, 0), (7, '?', 2, 0), (7, 7, 2, 0), (7, 4, 2, 6), (7, '?', 2, 6), (7, '?', 2, 6), (7, 4, 2, 6), (7, 3, 2, 0), (7, 6, 2, 0), (7, 0, 2, 0), (7, 5, 2, 3), (7, 0, 2, 0), (7, 3, 2, 0), (7, 2, 2, 6), (7, 2, 2, 6), (7, '?', 2, 6), (7, 7, 2, 6), (7, '?', 2, 0), (7, '?', 2, 6), (7, 3, 2, 0), (7, 7, 2, 0), (7, '?', 2, 6), (7, '?', 2, 6), (7, 5, 2, 3), (7, '?', 2, 0), (7, '?', 2, 0), (7, '?', 2, 0), (7, 4, 2, 6), (7, 6, 2, 6)]"
"(18, 26, 22, 4, 0)","[(7, 0, 2, 0), (7, 0, 2, 0)]"
"(18, 26, 22, 7, 0)","[(7, 6, 2, 7)]"
"(18, 26, 22, 15, 0)","[(7, 7, 2, 0), (7, 6, 2, 0), (7, 7, 2, 6), (7, 6, 2, 6), (7, 6, 2, 0), (7, 3, 2, 0), (7, 3, 2, 0)]"
"(18, 26, 22, 20, 0)","[(7, 0, 2, 2), (7, 3, 2, 2), (7, 5, 2, 2), (7, 0, 2, 2), (7, 1, 2, 2), (7, 3, 2, 2), (7, 1, 2, 2), (7, 3, 2, 2), (7, 3, 2, 2), (7, 3, 2, 2), (7, 4, 2, 5), (7, 3, 2, 2)]"
"(18, 26, 22, 22, 0)","[(7, 1, 2, 6), (7, '?', 2, '?'), (7, 3, 2, 5), (7, 4, 2, 4), (7, '?', 2, '?'), (7, 1, 2, 6), (7, 3, 2, '?'), (7, 7, 2, '?'), (7, 5, 2, 5), (7, '?', 2, '?'), (7, 0, 2, '?'), (7, '?', 2, '?'), (7, 3, 2, 5), (7, 4, 2, 2), (7, 3, 2, 2), (7, '?', 2, '?'), (7, 2, 2, 5), (7, 3, 2, 5), (7, 4, 2, 2), (7, 5, 2, 2), (7, 6, 2, '?'), (7, 3, 2, '?'), (7, '?', 2, 5), (7, 0, 2, 5), (7, 0, 2, 5), (7, 4, 2, 4), (7, 4, 2, 2), (7, 0, 2, '?'), (7, 5, 2, 5), (7, 5, 2, 2), (7, 0, 2, 2), (7, 5, 2, 5), (7, 6, 2, '?'), (7, 5, 2, '?'), (7, 5, 2, 5), (7, 4, 2, '?'), (7, 5, 2, 2), (7, 6, 2, '?'), (7, 5, 2, '?'), (7, 3, 2, 5), (7, 7, 2, '?'), (7, 1, 2, 2), (7, 3, 2, '?'), (7, 6, 2, '?'), (7, 3, 2, 2), (7, 3, 2, '?'), (7, 4, 2, '?'), (7, 3, 2, 5), (7, 0, 2, 5), (7, 5, 2, '?'), (7, 2, 2, 5), (7, 3, 2, '?'), (7, 0, 2, 2), (7, 4, 2, '?'), (7, 0, 2, 5), (7, 6, 2, '?'), (7, '?', 2, 5), (7, 0, 2, '?'), (7, 0, 2, 2), (7, 5, 2, '?'), (7, 0, 2, 5), (7, 6, 2, 4), (7, 5, 2, '?'), (7, 7, 2, '?'), (7, '?', 2, '?'), (7, 4, 2, 2), (7, 7, 2, '?'), (7, 5, 2, 5), (7, 5, 2, '?')]"
"(18, 27, 6, 2, 0)","[(0, 3, 2, 0)]"
"(18, 27, 20, 20, 0)","[(0, 2, 2, 1), (0, '?', 2, 1), (0, '?', 2, 1), (0, 2, 2, 1)]"
"(18, 27, 22, 2, 0)","[(0, 0, 2, 0)]"
"(18, 27, 22, 20, 0)","[(0, 1, 2, 2), (0, 7, 2, 2), (0, 6, 2, 2), (0, 3, 2, 2), (0, 0, 2, 2)]"
"(19, 2, 2, 2, 0)","[('?', 6, 4, 6), ('?', 4, 4, 0), ('?', 1, 4, 0), ('?', 1, 4, 0), ('?', 6, 4, 6), ('?', 6, 4, 6), ('?', 4, 4, 6), ('?', 4, 4, 0), ('?', 6, 4, 6), ('?', 4, 4, 6), ('?', 4, 4, 6), (0, 6, 4, 0), (0, 6, 4, 0), (0, 4, 4, 6), ('?', 4, 4, 0), ('?', 1, 4, 0)]"
"(19, 2, 2, 8, 0)","[(1, 1, 4, 0), (1, 6, 4, 0), (1, 6, 4, 0), (1, 6, 4, 0), (1, 1, 4, 6), (1, 1, 4, 6), (1, 1, 4, 0)]"
"(19, 2, 2, 9, 0)","[('?', 6, 4, 6), ('?', 1, 4, 6)]"
"(19, 2, 2, 10, 0)","[(1, 1, 4, '?'), (1, 4, 4, '?'), (1, 1, 4, 6), (1, 6, 4, '?'), (1, 1, 4, '?'), (1, 1, 4, '?')]"
"(19, 2, 2, 11, 0)","[(2, 6, 4, '?'), (2, 6, 4, '?')]"
"(19, 2, 2, 15, 0)","[(3, 6, 4, 6), (3, 4, 4, 6), (3, 4, 4, 0), (3, 6, 4, 0), (3, 6, 4, 6), (3, 4, 4, 0), (3, 6, 4, 6), (3, 6, 4, 0), (3, 4, 4, 6), (3, 4, 4, 0), (3, 4, 4, 0)]"
"(19, 2, 2, 16, 0)","[(1, 6, 4, 2)]"
"(19, 2, 2, 17, 0)","[(2, 6, 4, 6)]"
"(19, 2, 2, 20, 0)","[('?', 4, 4, 2), (0, 1, 4, 2), (0, 1, 4, 2), (0, 1, 4, 2), (0, 4, 4, 2), ('?', 6, 4, 2), ('?', 4, 4, 2), ('?', 6, 4, 2), ('?', 6, 4, 2), ('?', 1, 4, 2), (0, 4, 4, 2), ('?', 4, 4, 2), ('?', 6, 4, 2), ('?', 6, 4, 2)]"
"(19, 2, 2, 21, 0)","[(4, 1, 4, 6), (4, 6, 4, 2), (4, 6, 4, '?'), (4, 6, 4, '?'), (4, 1, 4, 6), (4, 1, 4, '?'), (4, 1, 4, '?'), (4, 4, 4, '?'), (4, 4, 4, '?')]"
"(19, 2, 2, 22, 0)","[('?', 1, 4, '?'), ('?', 1, 4, '?'), ('?', 1, 4, 0), ('?', 1, 4, '?'), ('?', 6, 4, '?'), ('?', 6, 4, '?'), ('?', 6, 4, '?'), ('?', 1, 4, '?'), (0, 1, 4, 6), ('?', 1, 4, '?')]"
"(19, 2, 2, 26, 0)","[(3, 4, 4, '?'), (3, 1, 4, '?'), (3, 1, 4, '?'), (3, 4, 4, '?'), (3, 6, 4, '?'), (3, 6, 4, '?'), (3, 4, 4, '?'), (3, 1, 4, '?'), (3, 4, 4, '?')]"
"(19, 2, 2, 27, 0)","[(0, 6, 4, 0), (0, 6, 4, '?'), (0, 1, 4, 6)]"
"(19, 2, 7, 9, 0)","[(3, 6, 4, 7)]"
"(19, 2, 8, 2, 0)","[(1, 6, 4, 0), (1, 6, 4, 0)]"
"(19, 2, 8, 16, 0)","[(1, 6, 4, 2)]"
"(19, 2, 8, 20, 0)","[(1, 4, 4, 2)]"
"(19, 2, 10, 10, 0)","[(1, 1, 4, '?'), (1, 1, 4, '?')]"
"(19, 2, 10, 16, 0)","[(1, 4, 4, 2)]"
"(19, 2, 11, 11, 0)","[(2, 6, 4, '?'), (2, 6, 4, '?'), (2, 4, 4, '?'), (2, 4, 4, '?')]"
"(19, 2, 11, 20, 0)","[(2, 1, 4, 2), (2, 6, 4, 2), (2, 1, 4, 2)]"
"(19, 2, 15, 15, 0)","[(3, 6, 4, 0)]"
"(19, 2, 15, 20, 0)","[(3, 6, 4, 2)]"
"(19, 2, 16, 8, 0)","[(1, 4, 4, 1)]"
"(19, 2, 16, 25, 0)","[(4, 4, 4, 1), (4, 4, 4, 1), (4, 4, 4, 1), (4, 4, 4, 1), (4, 1, 4, 1), (4, 1, 4, 1), (4, 1, 4, 1)]"
"(19, 2, 17, 11, 0)","[(2, 6, 4, '?'), (2, 1, 4, '?'), (2, 1, 4, 6), (2, 1, 4, '?')]"
"(19, 2, 17, 17, 0)","[(2, 6, 4, 0), (2, 4, 4, 0), (2, 6, 4, 6), (2, 1, 4, 6), (2, 4, 4, 0), (2, 4, 4, 0), (2, 4, 4, 0), (2, 6, 4, 6)]"
"(19, 2, 20, 8, 0)","[(1, 4, 4, 1), (1, 1, 4, 1), (1, 4, 4, 1)]"
"(19, 2, 20, 10, 0)","[(1, 1, 4, 5)]"
"(19, 2, 20, 11, 0)","[(2, 6, 4, 5), (2, 6, 4, 5), (2, 4, 4, 5), (2, 1, 4, 5)]"
"(19, 2, 20, 15, 0)","[(3, 1, 4, 1), (3, 1, 4, 1), (3, 6, 4, 1), (3, 1, 4, 1), (3, 6, 4, 1)]"
"(19, 2, 20, 17, 0)","[(2, 1, 4, 1), (2, 6, 4, 1), (2, 6, 4, 1), (2, 4, 4, 1)]"
"(19, 2, 20, 20, 0)","[('?', 4, 4, 1), ('?', 1, 4, 1)]"
"(19, 2, 20, 21, 0)","[(4, 6, 4, 5), (4, 1, 4, 5), (4, 1, 4, 5), (4, 1, 4, 5), (4, 1, 4, 5), (4, 6, 4, 5), (4, 4, 4, 5)]"
"(19, 2, 20, 22, 0)","[('?', 6, 4, 5), ('?', 6, 4, 5), ('?', 4, 4, 5), ('?', 1, 4, 5), ('?', 1, 4, 5), ('?', 1, 4, 5)]"
"(19, 2, 20, 25, 0)","[(4, 1, 4, 1)]"
"(19, 2, 20, 26, 0)","[(3, 1, 4, 5), (3, 1, 4, 5), (3, 4, 4, 5), (3, 6, 4, 5), (3, 4, 4, 5), (3, 1, 4, 5), (3, 4, 4, 5), (3, 1, 4, 5), (3, 1, 4, 5), (3, 6, 4, 5), (3, 6, 4, 5)]"
"(19, 2, 20, 27, 0)","[(0, 6, 4, 5), (0, 6, 4, 1), (0, 4, 4, 5), (0, 6, 4, 5), (0, 4, 4, 5), (0, 1, 4, 5), (0, 6, 4, 1), (0, 1, 4, 5)]"
"(19, 2, 21, 16, 0)","[(4, 6, 4, 2), (4, 4, 4, 2), (4, 4, 4, 2), (4, 1, 4, 2), (4, 6, 4, 2)]"
"(19, 2, 25, 25, 0)","[(4, 4, 4, 0), (4, 4, 4, 0), (4, 6, 4, 0), (4, 4, 4, 6), (4, 6, 4, 0), (4, 1, 4, 6), (4, 4, 4, 0)]"
"(19, 2, 26, 2, 0)","[(3, 6, 4, 0)]"
"(19, 2, 26, 20, 0)","[(3, 4, 4, 2), (3, 6, 4, 2), (3, 4, 4, 2), (3, 4, 4, 2)]"
"(19, 2, 26, 22, 0)","[(3, 1, 4, '?'), (3, 4, 4, '?')]"
"(19, 2, 27, 2, 0)","[(0, 1, 4, 6), (0, 6, 4, 0), (0, 6, 4, 0)]"
"(19, 2, 27, 20, 0)","[(0, 4, 4, 2), (0, 6, 4, 2), (0, 1, 4, 2)]"
"(19, 2, 27, 22, 0)","[(0, 6, 4, '?'), (0, 1, 4, '?'), (0, 6, 4, '?'), (0, 1, 4, 6), (0, 1, 4, '?'), (0, 6, 4, '?'), (0, 6, 4, '?')]"
"(19, 3, 4, 2, 0)","[(6, 5, 4, 6), (6, 0, 4, 0), (6, 0, 4, 6), (6, 5, 4, 6)]"
"(19, 3, 4, 4, 0)","[(6, 0, 4, 6), (6, 0, 4, 0)]"
"(19, 3, 4, 22, 0)","[(6, 0, 4, '?'), (6, 0, 4, '?')]"
"(19, 3, 9, 9, 0)","[('?', 1, 4, 7)]"
"(19, 3, 16, 4, 0)","[(5, 0, 4, 1), (5, 0, 4, 1)]"
"(19, 3, 16, 6, 0)","[(5, 7, 4, 1), (5, 7, 4, 1)]"
"(19, 3, 16, 16, 0)","[(5, 0, 4, 1)]"
"(19, 3, 19, 4, 0)","[(6, 0, 4, '?')]"
"(19, 3, 19, 20, 0)","[(6, 5, 4, 2)]"
"(19, 3, 20, 4, 0)","[(5, 0, 4, 5), (5, 0, 4, 5), (6, 5, 4, 5), (5, 0, 4, 5)]"
"(19, 3, 20, 6, 0)","[(5, 7, 4, 5), (5, 7, 4, 5)]"
"(19, 3, 20, 20, 0)","[(6, 7, 4, 1)]"
"(19, 3, 20, 22, 0)","[(6, '?', 4, 5), (6, '?', 4, 5), (6, '?', 4, 5), (6, 2, 4, 5), (5, '?', 4, 5), (6, 1, 4, 5), (6, 6, 4, 5), (6, 1, 4, 5), (5, 1, 4, 5), (6, 2, 4, 5), (6, '?', 4, 5)]"
"(19, 3, 22, 4, 0)","[(6, 0, 4, 6), (6, 0, 4, 6), (6, 0, 4, 6), (6, 0, 4, 0), (6, 0, 4, 6), (6, 0, 4, 0), (6, 0, 4, 0)]"
"(19, 3, 22, 22, 0)","[(6, 0, 4, '?'), (6, 0, 4, '?')]"
"(19, 3, 22, 25, 0)","[(4, 6, 4, 0)]"
"(19, 4, 4, 2, 0)","[('?', 5, 4, 0), (6, 0, 4, 6), ('?', 5, 4, 0), ('?', 0, 4, 6)]"
"(19, 4, 4, 15, 0)","[(3, 0, 4, 0), (3, 5, 4, 0), (3, 5, 4, 0), (3, 0, 4, 0), (3, 5, 4, 6)]"
"(19, 4, 4, 20, 0)","[(3, 5, 4, 2), ('?', 5, 4, 2), ('?', 5, 4, 2)]"
"(19, 4, 4, 21, 0)","[(4, 5, 4, '?')]"
"(19, 4, 4, 22, 0)","[('?', 0, 4, '?'), ('?', 0, 4, '?')]"
"(19, 4, 4, 26, 0)","[(3, 5, 4, '?'), (3, 5, 4, '?')]"
"(19, 4, 8, 8, 0)","[(1, 5, 4, 6), (1, 5, 4, 6), (1, 5, 4, 6), (1, 5, 4, 6), (1, 5, 4, 0), (1, 5, 4, 6), (1, 0, 4, 6)]"
"(19, 4, 9, 1, 0)","[(4, 5, 4, 7)]"
"(19, 4, 9, 9, 0)","[(4, 5, 4, 7), ('?', 0, 4, 7), ('?', 0, 4, 7), ('?', 0, 4, 7)]"
"(19, 4, 10, 2, 0)","[(1, 0, 4, 6), (1, 0, 4, 6), (1, 5, 4, 6), (1, 5, 4, 6), (1, 0, 4, 6), (1, 5, 4, 0), (1, 5, 4, 6), (1, 0, 4, 6)]"
"(19, 4, 10, 10, 0)","[(1, 5, 4, '?'), (1, 5, 4, '?'), (1, 5, 4, '?'), (1, 0, 4, 2), (1, 5, 4, '?'), (1, 5, 4, '?')]"
"(19, 4, 10, 16, 0)","[(1, 5, 4, 2), (1, 5, 4, 2), (1, 5, 4, 2)]"
"(19, 4, 10, 20, 0)","[(1, 5, 4, 2), (1, 5, 4, 2), (1, 0, 4, 2), (1, 5, 4, 2)]"
"(19, 4, 11, 11, 0)","[(2, 0, '?', '?'), (2, 5, 4, '?'), (2, 5, 4, 3), (2, 5, 4, '?'), (2, 0, 4, '?'), (2, 0, 4, '?')]"
"(19, 4, 11, 20, 0)","[(2, 5, 4, 2), (2, 5, 4, 2), (2, 5, 4, 2), (2, 5, 4, 2), (2, 5, 4, 2)]"
"(19, 4, 16, 4, 0)","[(1, 0, 4, 1)]"
"(19, 4, 16, 8, 0)","[(1, 5, 4, 1), (1, 0, 4, 1), (1, 0, 4, 1)]"
"(19, 4, 16, 21, 0)","[(4, 5, 4, 5), (4, 5, 4, 5), (4, 5, 4, 5), (4, 5, 4, 5)]"
"(19, 4, 16, 25, 0)","[(4, 5, 4, 1), (4, 5, 4, 1), (4, 0, 4, 1)]"
"(19, 4, 17, 2, 0)","[(2, 0, 4, 0), (2, 5, 4, 0), (2, 5, 4, 0), (2, 5, 4, 0), (2, 5, 4, 0)]"
"(19, 4, 17, 11, 0)","[(2, 5, 4, '?'), (2, 5, 4, '?')]"
"(19, 4, 17, 17, 0)","[(2, 5, 4, 0), (2, 0, 4, 0), (2, 5, 4, 0), (2, 0, 4, 0), (2, 5, 4, 0), (2, 0, 4, 0), (2, 0, 4, 0), (2, 5, 4, 0)]"
"(19, 4, 20, 4, 0)","[('?', 5, 4, 1), ('?', 5, 4, 5), ('?', 5, 4, 1), ('?', 5, 4, 5), ('?', 5, 4, 1)]"
"(19, 4, 20, 8, 0)","[(1, 5, 4, 1), (1, 5, 4, 1), (1, 0, 4, 1), (1, 5, 4, 1), (1, 0, 4, 1), (1, 0, 4, 1)]"
"(19, 4, 20, 10, 0)","[(1, 5, 4, 5), (1, 0, 4, 5), (1, 5, 4, 5), (1, 5, 4, 5), (1, 0, 4, 5), (1, 0, 4, 5), (1, 0, 4, 5)]"
"(19, 4, 20, 11, 0)","[(2, 5, 4, 5), (2, 5, 4, 5), (2, 0, 4, 5), (2, 0, 4, 5), (2, 0, 4, 5), (2, 0, 4, 5), (2, 5, 4, 5), (2, 5, 4, 5)]"
"(19, 4, 20, 15, 0)","[(3, 5, 4, 2), (3, 5, 4, 1), (3, 5, 4, 1)]"
"(19, 4, 20, 17, 0)","[(2, 5, 4, 1), (2, 0, 4, 1), (2, 0, 4, 1), (2, 0, 4, 1), (2, 0, 4, 1)]"
"(19, 4, 20, 20, 0)","[('?', 5, 4, 1), (2, 5, 4, 1), ('?', 0, 4, 1), ('?', 5, 4, 1), (2, 5, 4, 1), (2, 5, 4, 1), ('?', 5, 4, 1)]"
"(19, 4, 20, 21, 0)","[(4, 5, 4, 5), (4, 5, 4, 5), (4, 5, 4, 5)]"
"(19, 4, 20, 22, 0)","[(2, 5, 4, 5), (2, 0, 4, 5), (2, 5, 4, 5), (2, 5, 4, 5), (2, 5, 4, 5), ('?', 5, 4, 5), ('?', 5, 4, 5), (2, 5, 4, 5), (1, 0, 4, 5), (6, 5, 4, 5)]"
"(19, 4, 20, 25, 0)","[(4, 5, 4, 1), (4, 0, 4, 1), (4, 5, 4, 1), (4, 5, 4, 1), (4, 5, 4, 1), (4, 0, 4, 1), (4, 0, 4, 1)]"
"(19, 4, 20, 26, 0)","[(3, 5, 4, 5), (3, 0, 4, 5), (3, 5, 4, 5), (3, 0, 4, 5), (3, 5, 4, 5), (3, 5, 4, 5)]"
"(19, 4, 20, 27, 0)","[(0, 5, 4, 1), (0, 0, 4, 5), (0, 0, 4, 1), (0, 5, 4, 5), (0, 5, 4, 5), (0, 5, 4, 5), (0, 0, 4, 1), (0, 5, 4, 1), (0, 0, 4, 5), (0, 0, 4, 1), (0, 0, 4, 1), (0, 0, 4, 5), (0, 5, 4, 1), (0, 0, 4, 5), (0, 0, 4, 5)]"
"(19, 4, 21, 16, 0)","[(4, 5, 4, 2), (4, 0, 4, 2), (4, 0, 4, 2), (4, 5, 4, 2), (4, 0, 4, 2), (4, 5, 4, 2), (4, 0, 4, 2), (4, 5, 4, 2), (4, 0, 4, 2), (4, 0, 4, 2), (4, 5, 4, 2), (4, 0, 4, 2)]"
"(19, 4, 21, 21, 0)","[(4, 5, 4, '?'), (4, 5, 4, '?'), (4, 5, 4, 2), (4, 0, 4, '?'), (4, 0, 4, '?'), (4, 0, 4, '?'), (4, 0, 4, '?'), (4, 5, 4, '?')]"
"(19, 4, 21, 25, 0)","[(4, 0, 4, 0), (4, 0, 4, 0), (4, 5, 4, 0), (4, 0, 4, 0), (4, 5, 4, 6), (4, 5, 4, 0)]"
"(19, 4, 22, 2, 0)","[('?', 0, 4, 6), ('?', 0, 4, 0), ('?', 5, 4, 0), ('?', 5, 4, 0), ('?', 0, 4, 6), ('?', 5, 4, 0), ('?', 0, 4, 0), ('?', 0, 4, 0), ('?', 0, 4, 0), ('?', 0, 4, 0)]"
"(19, 4, 22, 11, 0)","[(2, 0, 4, '?'), (2, 0, 4, '?'), (2, 0, 4, '?'), (2, 5, 4, '?')]"
"(19, 4, 22, 15, 0)","[(3, 5, 4, 6), (3, 5, 4, 0), (3, 0, '?', 6), (3, 5, 4, 6), (3, 0, 4, 0), (3, 0, 4, 0), (3, 5, 4, 0), (3, 5, 4, 6), (3, 0, 4, 0)]"
"(19, 4, 22, 17, 0)","[(2, 5, 4, 0), (2, 0, 4, 0)]"
"(19, 4, 22, 20, 0)","[(3, 5, 4, 2), (2, 5, 4, 2), ('?', 5, 4, 2), ('?', 5, 4, 2), ('?', 5, 4, 2)]"
"(19, 4, 22, 21, 0)","[(4, 0, 4, '?')]"
"(19, 4, 22, 22, 0)","[('?', 0, 4, '?'), ('?', 0, 4, '?'), ('?', 0, 4, '?'), ('?', 0, 4, '?')]"
"(19, 4, 22, 25, 0)","[(4, 0, 4, 0), (4, 0, 4, 0), (4, 5, 4, 6), (4, 0, 4, 0), (4, 0, 4, 6)]"
"(19, 4, 22, 26, 0)","[(3, 0, 4, '?'), (3, 0, 4, '?'), (3, 5, 4, '?'), (3, 5, 4, 5), (3, 5, 4, '?'), (3, 5, 4, '?')]"
"(19, 4, 25, 25, 0)","[(4, 5, 4, 0), (4, 0, 4, 6), (4, 0, 4, 6), (4, 5, 4, 6), (4, 0, 4, 0), (4, 5, 4, 0), (4, 5, 4, 6), (4, 0, 4, 0), (4, 5, 4, 6), (4, 5, 4, 0), (4, 0, 4, 0), (4, 5, 4, 0)]"
"(19, 4, 26, 2, 0)","[(3, 0, 4, 0), (7, 5, 4, 0), (7, 0, 4, 6)]"
"(19, 4, 26, 20, 0)","[(3, 5, 4, 2), (3, 5, 4, 2), (3, 5, 4, 2), (3, 0, 4, 2)]"
"(19, 4, 26, 22, 0)","[(3, 5, 4, 5)]"
"(19, 4, 27, 2, 0)","[(0, 5, 4, 0), (0, 5, 4, 0), (0, 0, 4, 6), (0, 5, 4, 0), (0, 5, 4, 0), (0, 0, 4, 6), (0, 5, 4, 0), (0, 5, 4, 0), (0, 5, 4, 0), (0, 0, 4, 6)]"
"(19, 4, 27, 20, 0)","[(0, 0, 4, 2), (0, 0, 4, 2), (0, 0, 4, 2), (0, 0, 4, 2), (0, 0, 4, 2)]"
"(19, 4, 27, 22, 0)","[(0, 0, 4, 2), (0, 5, 4, '?'), (0, 5, 4, '?'), (0, 5, 4, '?'), (0, 5, 4, '?')]"
"(19, 5, 6, 22, 0)","[(3, 3, 4, '?')]"
"(19, 5, 6, 26, 0)","[(3, 7, 4, '?'), (3, 2, 4, '?')]"
"(19, 5, 11, 11, 0)","[(2, 7, 4, 3)]"
"(19, 5, 20, 8, 0)","[(1, 7, 4, 1), (1, 1, 4, 1), (1, 7, 4, 1)]"
"(19, 5, 20, 10, 0)","[(1, 1, 4, 5)]"
"(19, 5, 20, 17, 0)","[(2, 2, 4, 1), (2, 7, 4, 1)]"
"(19, 5, 20, 20, 0)","[(2, 2, 4, 1), ('?', 7, 4, 1)]"
"(19, 5, 20, 25, 0)","[(4, '?', 4, 1)]"
"(19, 5, 20, 26, 0)","[(3, 2, 4, 5), (3, 7, 4, 5), (3, 7, 4, 5)]"
"(19, 6, 6, 1, 0)","[(4, 3, 4, 7)]"
"(19, 6, 6, 2, 0)","[('?', 3, 4, 0), ('?', 3, 4, 6), ('?', 7, 4, 0), ('?', 2, 4, 6), ('?', 3, 4, 6), ('?', 3, 4, 0), ('?', 3, 4, 6), ('?', 7, 4, 0), ('?', 3, 4, 0)]"
"(19, 6, 6, 8, 0)","[(1, 3, 4, 0)]"
"(19, 6, 6, 9, 0)","[('?', 7, 4, 7), (2, 2, 4, 7)]"
"(19, 6, 6, 10, 0)","[(1, 7, 4, '?')]"
"(19, 6, 6, 11, 0)","[(2, 7, 4, 6), (2, 3, 4, 6), (2, 7, 4, '?'), (2, 3, 4, 6), (2, 7, 4, 0), (2, 2, 4, 0), (2, 2, 4, '?'), (2, 7, 4, '?'), (2, 3, 4, 6), (2, 2, 4, 0), (2, 2, 4, '?'), (2, 7, 4, 6)]"
"(19, 6, 6, 15, 0)","[(3, 2, 4, 6), (3, 2, 4, 0), (3, 2, 4, 6)]"
"(19, 6, 6, 16, 0)","[(1, 3, 4, 2), (4, 3, 4, 2), (4, 3, 4, 2), (4, 7, 4, 2)]"
"(19, 6, 6, 17, 0)","[(2, 2, 4, 6), (2, 2, 4, 7), (2, 3, 4, 6), (2, 7, 4, 6), (2, 2, 4, 6), (2, 2, 4, 0)]"
"(19, 6, 6, 20, 0)","[('?', 2, 4, 2), (2, 7, 4, 2), (3, 7, 4, 2), (3, 7, 4, 2)]"
"(19, 6, 6, 21, 0)","[(4, 7, 4, '?'), (4, 3, 4, '?'), (4, 7, 4, '?')]"
"(19, 6, 6, 22, 0)","[('?', 3, 4, '?'), ('?', 2, 4, '?'), ('?', 7, 4, '?'), ('?', 7, 4, 6), ('?', 7, 4, '?'), ('?', 7, 4, '?'), ('?', 7, 4, '?'), ('?', 7, 4, 6), ('?', 7, 4, 6), (3, 3, 4, '?'), ('?', 3, 4, '?'), (3, 7, 4, 6), ('?', 7, 4, 6)]"
"(19, 6, 6, 25, 0)","[(4, 2, 4, 6)]"
"(19, 6, 6, 26, 0)","[(3, 7, 4, 0), (3, 7, 4, 6), (3, 7, 4, 0), (3, 2, 4, '?'), (3, 7, 4, 6), (3, 7, 4, 6), (3, 7, 4, 0), (3, 7, 4, 6), (3, 7, 4, '?')]"
"(19, 6, 8, 2, 0)","[(1, 2, 4, 0), (1, 3, 4, 6)]"
"(19, 6, 8, 8, 0)","[(1, 7, 4, 0), (1, 7, 4, 0), (1, 3, 4, 6), (1, 3, 4, 6), (1, 7, 4, 0), (1, 3, 4, 6), (1, 3, 4, 6)]"
"(19, 6, 8, 10, 0)","[(1, 3, 4, '?')]"
"(19, 6, 8, 16, 0)","[(1, 3, 4, 2), (1, 3, 4, 2), (1, 7, 4, 2), (1, 3, 4, 2)]"
"(19, 6, 8, 20, 0)","[(1, 3, 4, 2)]"
"(19, 6, 9, 1, 0)","[(4, 7, 4, 7), (4, 7, 4, 7)]"
"(19, 6, 10, 2, 0)","[(1, 3, 4, 6), (1, 2, 4, 0)]"
"(19, 6, 10, 10, 0)","[(1, 7, 4, '?'), (1, 7, 4, '?'), (1, 3, 4, '?')]"
"(19, 6, 11, 20, 0)","[(2, 2, 4, 2), (2, 3, 4, 2)]"
"(19, 6, 16, 6, 0)","[(4, 3, 4, 1)]"
"(19, 6, 16, 8, 0)","[(1, 3, 4, 1)]"
"(19, 6, 16, 10, 0)","[(1, 3, 4, 5), (1, 3, 4, 5)]"
"(19, 6, 16, 20, 0)","[(1, 3, 4, 1)]"
"(19, 6, 16, 21, 0)","[(4, 3, 4, 5), (4, 2, 4, 5)]"
"(19, 6, 16, 25, 0)","[(4, 3, 4, 1), (4, 2, 4, 1), (4, 2, 4, 1)]"
"(19, 6, 17, 17, 0)","[(2, 2, 4, 6)]"
"(19, 6, 17, 22, 0)","[(2, 2, 4, '?')]"
"(19, 6, 20, 6, 0)","[(3, 3, 4, 1)]"
"(19, 6, 20, 10, 0)","[(1, 3, 4, 5), (1, 7, 4, 5), (1, 3, 4, 5), (1, 3, 4, 5), (1, 7, 4, 5)]"
"(19, 6, 20, 11, 0)","[(2, 2, 4, 5), (2, 2, 4, 5), (2, 3, 4, 5), (2, 2, 4, 5), (2, 3, 4, 5)]"
"(19, 6, 20, 15, 0)","[(3, 7, 4, 1), (3, 7, 4, 1)]"
"(19, 6, 20, 17, 0)","[(2, 2, 4, 1), (2, 2, 4, 1), (2, 7, 4, 1), (2, 7, 4, 1)]"
"(19, 6, 20, 20, 0)","[('?', 3, 4, 5), ('?', 3, 4, 1), ('?', 7, 4, 1), ('?', 7, 4, 1), ('?', 2, 4, 1)]"
"(19, 6, 20, 21, 0)","[(4, 2, 4, 5), (4, 3, 4, 5), (4, 2, 4, 5)]"
"(19, 6, 20, 22, 0)","[(6, 2, 4, 5), ('?', 3, 4, 5), (6, 7, 4, 5), (6, 7, 4, 5), (6, 7, 4, 5), (6, 7, 4, 5), ('?', 3, 4, 5)]"
"(19, 6, 20, 25, 0)","[(4, 2, 4, 1), (4, 2, 4, 1), (4, 2, 4, 1)]"
"(19, 6, 20, 26, 0)","[(3, 2, 4, 5), (3, 7, 4, 5), (3, 2, 4, 5), (3, 7, 4, 5)]"
"(19, 6, 20, 27, 0)","[(0, 3, 4, 5), (0, 7, 4, 5), (0, 3, 4, 1)]"
"(19, 6, 21, 16, 0)","[(4, 7, 4, 2), (4, 3, 4, 2)]"
"(19, 6, 22, 2, 0)","[('?', 7, 4, 0)]"
"(19, 6, 22, 10, 0)","[(1, 2, 4, '?')]"
"(19, 6, 22, 11, 0)","[(2, 2, 4, '?')]"
"(19, 6, 22, 20, 0)","[('?', 7, 4, 2)]"
"(19, 6, 22, 21, 0)","[(4, 7, 4, '?'), (4, 7, 4, '?'), (4, 2, 4, '?'), (4, 7, 4, '?')]"
"(19, 6, 22, 25, 0)","[(4, 3, 4, 6)]"
"(19, 6, 25, 25, 0)","[(4, 3, 4, 6), (4, 3, 4, 6), (4, 3, 4, 6), (4, 3, 4, 6), (4, 7, 4, 0)]"
"(19, 6, 27, 2, 0)","[(0, 2, 4, 6), (0, 3, 4, 6), (0, 3, 4, 6), (0, 2, 4, 6)]"
"(19, 6, 27, 20, 0)","[('?', 3, 4, 2)]"
"(19, 6, 27, 22, 0)","[(0, 7, 4, '?'), (0, 3, 4, '?'), (0, 7, 4, 5), (0, 7, 4, '?'), (0, 7, 4, '?')]"
"(19, 7, 2, 9, 0)","[(7, 1, 4, 7)]"
"(19, 7, 6, 9, 0)","[(7, 2, 4, 7), (7, 2, 4, 7), (7, 2, 4, 7)]"
"(19, 7, 9, 9, 0)","[(7, 1, 4, 7), (7, '?', 4, 7), (7, 3, 4, 7), (7, 4, 4, 7)]"
"(19, 7, 14, 9, 0)","[(7, 4, 4, 7)]"
"(19, 7, 22, 9, 0)","[(7, 2, 4, 7), (7, 2, 4, 7)]"
"(19, 8, 20, 4, 0)","[(1, 0, 4, 1)]"
"(19, 9, 2, 1, 0)","[(4, 6, 4, 7), (4, 4, 4, 7), (4, 4, 4, 7)]"
"(19, 9, 2, 7, 0)","[(3, 6, 4, 7), (3, 6, 4, 7)]"
"(19, 9, 2, 9, 0)","[(1, 6, 4, 7)]"
"(19, 9, 2, 15, 0)","[(3, 4, 4, 3), (3, 4, 4, 3)]"
"(19, 9, 2, 21, 0)","[(4, 1, 4, 3)]"
"(19, 9, 4, 2, 0)","[(3, 0, 4, 3)]"
"(19, 9, 4, 7, 0)","[(3, 5, 4, 7), (3, 5, 4, 7), (3, 0, 4, 7), (3, 0, 4, 7), (3, 0, 4, 7), (3, 5, 4, 7), (3, 0, 4, 7), (3, 0, 4, 7)]"
"(19, 9, 4, 9, 0)","[('?', 0, 4, 7), ('?', 0, 4, 7), ('?', 0, 4, 7), (3, 0, 4, 7), ('?', 0, 4, 7), ('?', 0, 4, 7), (6, 0, 4, 7)]"
"(19, 9, 4, 11, 0)","[(2, 0, 4, 3)]"
"(19, 9, 4, 17, 0)","[(2, 5, 4, 3)]"
"(19, 9, 4, 25, 0)","[(4, 5, 4, 3), (4, 5, 4, 3)]"
"(19, 9, 6, 1, 0)","[(4, 7, 4, 7), (4, 2, 4, 7), (4, 7, 4, 7), (4, 7, 4, 7)]"
"(19, 9, 6, 7, 0)","[(3, 3, 4, 7), (3, 3, 4, 7), (3, 3, 4, 7), (3, 7, 4, 7)]"
"(19, 9, 6, 9, 0)","[(2, 2, 4, 7), (3, 7, 4, 7), (3, 7, 4, 7), (2, 2, 4, 7), (2, 2, 4, 7), (3, 3, 4, 7)]"
"(19, 9, 6, 11, 0)","[(2, 2, 4, 3), (2, 7, 4, 3), (2, 2, 4, 3), (2, 2, 4, 3)]"
"(19, 9, 6, 17, 0)","[(2, 3, 4, 7), (2, 3, 4, 7), (2, 2, 4, 3), (2, 7, 4, 7), (2, 3, 4, 7)]"
"(19, 9, 6, 22, 0)","[('?', 3, 4, '?'), ('?', 7, 4, 3)]"
"(19, 9, 6, 26, 0)","[(3, 2, 4, 4), (3, 2, 4, 4)]"
"(19, 9, 9, 7, 0)","[(3, 6, 4, 7)]"
"(19, 9, 10, 9, 0)","[(1, 6, 4, 7), (1, 3, 4, 7), (1, 5, 4, 7), (1, 7, 4, 7), (1, 2, 4, 7), (1, 0, 4, 7), (1, 7, 4, 7), (1, 7, 4, 7), (1, 7, 4, 7)]"
"(19, 9, 10, 10, 0)","[(1, 2, 4, '?'), (1, 7, 4, 4)]"
"(19, 9, 11, 11, 0)","[(2, 7, 4, 3), (2, 7, 4, 3), (2, '?', 4, 3), (2, 5, 4, 3)]"
"(19, 9, 17, 9, 0)","[(2, '?', 4, 7), (2, 4, 4, 7), (2, 7, 4, 7), (2, 7, 4, 7), (2, 4, 4, 7), (2, '?', 4, 7), (2, '?', 4, 7), (2, 4, 4, 7), (2, '?', 4, 7), (2, '?', 4, 7), (2, '?', 4, 7), (2, 7, 4, 7), (2, 2, 4, 7), (2, 2, 4, 7), (2, 2, 4, 7), (2, '?', 4, 7), (2, 4, 4, 7), (2, '?', 4, 7)]"
"(19, 9, 21, 21, 0)","[(4, 7, 4, 3)]"
"(19, 9, 22, 1, 0)","[(4, 4, 4, 7), (4, 3, 4, 7), (4, 6, 4, 7), (4, '?', 4, 7), (4, '?', 4, 7), (4, '?', 4, 7), (4, 5, 4, 7), (4, 5, 4, 7), (4, '?', 4, 7), (4, '?', 4, 7), (4, '?', 4, 7), (4, 2, 4, 7), (4, 3, 4, 7), (4, 6, 4, 7), (4, 6, 4, 7), (4, 0, 4, 7), (4, 0, 4, 7), (4, 0, 4, 7)]"
"(19, 9, 22, 7, 0)","[(3, 2, 4, 7), (3, 6, 4, 7), (3, 2, 4, 7), (3, 3, 4, 7), (3, 6, 4, 7), (3, 5, 4, 7), (3, 6, 4, 7), (3, 0, 4, 7), (3, 2, 4, 7), (3, 3, 4, 7), (3, 3, 4, 7), (3, 2, 4, 7), (3, 3, 4, 7), (3, 2, 4, 7)]"
"(19, 9, 22, 9, 0)","[(3, 2, 4, 7), ('?', 7, 4, 7), (3, 2, 4, 7), ('?', 7, 4, 7), (3, 2, 4, 7), (3, 5, 4, 7), (3, 6, 4, 7), (3, 0, 4, 7), ('?', 7, 4, 7), (3, 6, 4, 7), (3, 6, 4, 7), ('?', 0, 4, 7), (3, 3, 4, 7)]"
"(19, 9, 22, 11, 0)","[(2, 4, 4, 3), (2, '?', 4, 3), (2, 2, 4, 3), (2, 2, 4, 3), (2, 5, 4, 3)]"
"(19, 9, 22, 15, 0)","[(3, 5, 4, 3), (3, 0, 4, 3), (3, 0, 4, 3), (3, 3, 4, 3), (3, 4, 4, 3), (3, 0, 4, 3), (3, '?', 4, 3), (3, 5, 4, 3), (3, 4, 4, 3), (3, 5, 4, 3)]"
"(19, 9, 22, 22, 0)","[('?', 6, 4, 4), ('?', 3, 4, '?'), ('?', 7, 4, 3)]"
"(19, 9, 22, 25, 0)","[(4, 6, 4, 3), (4, 2, 4, 3), (4, 5, 4, 3), (4, 6, 4, 3)]"
"(19, 9, 26, 22, 0)","[(3, 6, 4, 4)]"
"(19, 9, 27, 9, 0)","[(0, 7, 4, 7)]"
"(19, 9, 27, 22, 0)","[(0, 1, 4, 4), (0, '?', 4, '?'), (0, 7, 4, 4), (0, 0, 4, '?'), (0, '?', 4, '?'), (0, 3, 4, '?'), (0, 0, 4, '?')]"
"(19, 10, 2, 10, 0)","[(1, 1, 4, 6), (1, 4, 4, '?')]"
"(19, 10, 2, 16, 0)","[(1, 4, 4, 2), (1, 4, 4, 2), (1, 6, 4, 2), (1, 4, 4, 2)]"
"(19, 10, 4, 10, 0)","[(1, 0, 4, 2), (1, 5, 4, '?')]"
"(19, 10, 6, 2, 0)","[(1, 3, 4, 0)]"
"(19, 10, 6, 10, 0)","[(1, 7, 4, 6), (1, 3, 4, '?')]"
"(19, 10, 6, 16, 0)","[(1, 3, 4, 2)]"
"(19, 10, 8, 8, 0)","[(1, '?', 4, 0)]"
"(19, 10, 9, 10, 0)","[(1, '?', 4, '?')]"
"(19, 10, 10, 2, 0)","[(1, '?', 4, 0), (1, 6, 4, 0)]"
"(19, 10, 10, 10, 0)","[(1, 3, 4, '?'), (1, 4, 4, '?'), (1, 5, 4, '?')]"
"(19, 10, 10, 22, 0)","[(1, '?', 4, '?')]"
"(19, 10, 20, 4, 0)","[(1, 5, 4, 1)]"
"(19, 10, 20, 8, 0)","[(1, 7, 4, 1)]"
"(19, 10, 20, 10, 0)","[(1, '?', 4, 5), (1, 1, 4, 5), (1, 3, 4, 5), (1, 1, 4, 5), (1, 1, 4, 5), (1, '?', 4, 5), (1, 7, 4, 5), (1, 1, 4, 5), (1, 1, 4, 5), (1, 7, 4, 5), (1, 1, 4, 5), (1, '?', 4, 5), (1, '?', 4, 5), (1, 3, 4, 5), (1, 1, 4, 5)]"
"(19, 10, 20, 20, 0)","[(1, '?', 4, 1), (1, 3, 4, 1), (1, '?', 4, 1), (1, '?', 4, 1), (1, 1, 4, 1), (1, 4, 4, 1), (1, '?', 4, 1)]"
"(19, 10, 22, 2, 0)","[(1, 2, 4, 0), (1, 3, 4, 6), (1, 3, 4, 0), (1, 3, 4, 0), (1, 3, 4, 6), (1, '?', 4, 0), (1, '?', 4, 0), (1, 3, 4, 0)]"
"(19, 10, 22, 8, 0)","[(1, '?', 4, 6), (1, '?', 4, 0), (1, '?', 4, 0)]"
"(19, 10, 22, 10, 0)","[(1, 7, 4, 0), (1, 7, 4, '?'), (1, 7, 4, '?'), (1, 3, 4, '?'), (1, 2, 4, '?'), (1, '?', 4, '?')]"
"(19, 10, 22, 16, 0)","[(1, 7, 4, 2), (1, 7, 4, 2), (1, 6, 4, 2), (1, 7, 4, 2), (1, 3, 4, 2), (1, 6, 4, 2)]"
"(19, 10, 22, 20, 0)","[(1, 7, 4, 2), (1, 6, 4, 2), (1, 7, 4, 2)]"
"(19, 10, 22, 22, 0)","[(1, 3, 4, '?')]"
"(19, 11, 2, 11, 0)","[(2, 1, 4, '?'), (2, 4, 4, '?')]"
"(19, 11, 2, 20, 0)","[(2, 4, 4, 2), (2, 4, 4, 2), (2, 4, 4, 2), (2, 1, 4, 2), (2, 4, 4, 2), (2, 1, 4, 2)]"
"(19, 11, 4, 11, 0)","[(2, 5, 4, '?')]"
"(19, 11, 6, 11, 0)","[(2, 2, 4, '?'), (2, 7, 4, '?'), (2, 7, 4, 0), (2, 2, 4, 6)]"
"(19, 11, 6, 20, 0)","[(2, 3, 4, 2)]"
"(19, 11, 11, 20, 0)","[(2, 2, 4, 2), (2, 6, 4, 2), (2, 4, 4, 2), (2, '?', 4, 2), (2, '?', 4, 2), (2, '?', 4, 2), (2, 7, 4, 2), (2, 7, 4, 2), (2, 3, 4, 2), (2, 6, 4, 2), (2, 2, 4, 2), (2, 5, 4, 2), (2, '?', 4, 2), (2, 2, 4, 2), (2, '?', 4, 2)]"
"(19, 11, 17, 17, 0)","[(2, 2, 4, 0)]"
"(19, 11, 20, 4, 0)","[(2, 5, 4, 1)]"
"(19, 11, 20, 11, 0)","[(2, 2, 4, 5), (2, 2, 4, 5), (2, 4, 4, 5), (2, '?', 4, 5), (2, '?', 4, 5)]"
"(19, 11, 20, 17, 0)","[(2, 4, 4, 1), (2, '?', 4, 1), (2, 4, 4, 1), (2, '?', 4, 1), (2, 7, 4, 1)]"
"(19, 11, 20, 22, 0)","[(2, 6, 4, 5), (2, 3, 4, 5), (2, 3, 4, 5)]"
"(19, 11, 22, 11, 0)","[(2, 4, 4, '?'), (2, 2, 4, 2)]"
"(19, 11, 22, 17, 0)","[(2, '?', 4, 6)]"
"(19, 11, 22, 20, 0)","[(2, 2, 4, 2), (2, 7, 4, 2), (2, 7, 4, 2)]"
"(19, 13, 2, 22, 0)","[(6, 4, 4, '?')]"
"(19, 13, 4, 4, 0)","[(5, 5, 4, 5)]"
"(19, 13, 4, 22, 0)","[(6, 5, 4, '?')]"
"(19, 13, 6, 2, 0)","[(6, 3, 4, 6)]"
"(19, 13, 6, 22, 0)","[(6, 7, 4, '?'), (6, 7, 4, 0), (5, 3, 4, 5)]"
"(19, 13, 16, 4, 0)","[(5, 0, 4, 1)]"
"(19, 13, 20, 2, 0)","[(6, 1, 4, 5), (6, 1, 4, 5), (5, 6, 4, 5), (6, 1, 4, 5), (5, 6, 4, 5), (6, 6, 4, 5)]"
"(19, 13, 20, 4, 0)","[(5, 5, 4, 5), (5, 0, 4, 5)]"
"(19, 13, 20, 6, 0)","[(5, 7, 4, 5), (5, 7, 4, 5), (6, 7, 4, 1), (6, 7, 4, 5)]"
"(19, 13, 20, 20, 0)","[(6, 7, 4, 1)]"
"(19, 13, 20, 22, 0)","[(6, 6, 4, 5)]"
"(19, 13, 22, 2, 0)","[(6, 6, 4, 0)]"
"(19, 13, 22, 20, 0)","[('?', 3, 4, 2)]"
"(19, 14, 4, 15, 0)","[(3, 0, 4, 3)]"
"(19, 14, 17, 9, 0)","[(2, 3, 4, 7), (2, 7, 4, 7)]"
"(19, 14, 22, 7, 0)","[(3, 7, 4, 7), (3, 7, 4, 7), (3, 7, 4, 7)]"
"(19, 14, 22, 9, 0)","[(3, 7, 4, 7)]"
"(19, 14, 22, 11, 0)","[(2, 7, 4, 3)]"
"(19, 14, 22, 15, 0)","[(3, '?', 4, 3), (3, 0, 4, 3)]"
"(19, 14, 22, 26, 0)","[(3, '?', 4, '?')]"
"(19, 15, 2, 2, 0)","[(7, 4, 4, 0), (7, 4, 4, 0), (7, 4, 4, 0), (7, 6, 4, 0), (7, 4, 4, 0), (7, 1, 4, 0)]"
"(19, 15, 2, 16, 0)","[(7, 4, 4, 2), (7, 4, 4, 2), (7, 4, 4, 2)]"
"(19, 15, 2, 20, 0)","[(7, 1, 4, 2)]"
"(19, 15, 2, 22, 0)","[(7, 4, 4, '?')]"
"(19, 15, 4, 2, 0)","[(7, 0, 4, 6), (7, 5, 4, 0), (7, 0, 4, 6), (7, 0, 4, 6)]"
"(19, 15, 6, 2, 0)","[(7, 3, 4, 6), (7, 7, 4, 6), (7, 3, 4, 0), (7, 2, 4, 6), (7, 2, 4, 6), (7, 2, 4, 6), (7, 7, 4, 6), (7, 2, 4, 6), (7, 2, 4, 6)]"
"(19, 15, 6, 16, 0)","[(7, 3, 4, 2)]"
"(19, 15, 16, 4, 0)","[(7, 0, 4, 1)]"
"(19, 15, 16, 6, 0)","[(7, 7, 4, 1), (7, 2, 4, 1)]"
"(19, 15, 16, 20, 0)","[(7, 0, 4, 1), (7, 2, 4, 1)]"
"(19, 15, 20, 2, 0)","[(7, 4, 4, 1), (3, 4, 4, 1), (7, 4, 4, 1), (7, 4, 4, 1), (3, 4, 4, 1), (7, 4, 4, 1), (7, 4, 4, 1)]"
"(19, 15, 20, 4, 0)","[(7, 0, 4, 1), (7, 5, 4, 1), (7, 5, 4, 1), (7, 5, 4, 1), (7, 5, 4, 1), (7, 0, 4, 1), (7, 0, 4, 1)]"
"(19, 15, 20, 6, 0)","[(3, 7, 4, 1)]"
"(19, 15, 20, 15, 0)","[(7, 4, 4, 1), (7, 6, 4, 1)]"
"(19, 15, 20, 16, 0)","[(7, 2, 4, 1), (7, 4, 4, 1)]"
"(19, 15, 20, 20, 0)","[(7, 6, 4, 1), (7, '?', 4, 1), (7, '?', 4, 1), (7, 5, 4, 1), (7, '?', 4, 1), (7, 2, 4, 1), (7, 0, 4, 1), (7, 2, 4, 1), (7, 7, 4, 1), (7, 2, 4, 1), (7, '?', 4, 1), (7, 2, 4, 1), (7, 2, 4, 1), (7, 7, 4, 1), (7, '?', 4, 1), (7, 7, 4, 1), (7, 7, 4, 1), (7, 6, 4, 1), (7, '?', 4, 1), (7, 7, 4, 1), (7, '?', 4, 1), (7, 5, 4, 1), (7, '?', 4, 1), (7, 6, 4, 1), (7, 7, 4, 1), (7, 6, 4, 1), (7, 2, 4, 1), (7, 5, 4, 1)]"
"(19, 15, 22, 2, 0)","[(7, '?', 4, 6), (7, '?', 4, 6), (7, 6, 4, 6), (7, '?', 4, 6), (7, 2, 4, 0)]"
"(19, 15, 26, 20, 0)","[(7, 1, 4, 2)]"
"(19, 16, 4, 16, 0)","[(4, 0, 4, 1)]"
"(19, 16, 4, 25, 0)","[(4, 0, 4, 1), (4, 0, 4, 1), (4, 0, 4, 1), (4, 0, 4, 1)]"
"(19, 16, 6, 20, 0)","[(1, 3, 4, 1), (3, 3, 4, 1)]"
"(19, 16, 6, 25, 0)","[(4, 3, 4, 1)]"
"(19, 16, 20, 4, 0)","[(1, 5, 4, 1)]"
"(19, 16, 20, 9, 0)","[('?', 3, 4, 1)]"
"(19, 16, 20, 20, 0)","[('?', 3, 4, 1), ('?', 3, 4, 1)]"
"(19, 16, 20, 25, 0)","[(4, 3, 4, 1), (4, '?', 4, 1), (4, 2, 4, 1), (4, 6, 4, 1), (4, 4, 4, 1), (4, 4, 4, 1), (4, 4, 4, 1), (4, 6, 4, 1)]"
"(19, 16, 25, 16, 0)","[(4, 4, 4, 1)]"
"(19, 16, 25, 25, 0)","[(4, '?', 4, 1)]"
"(19, 17, 20, 17, 0)","[(2, 4, 4, 1), (2, 4, 4, 1)]"
"(19, 18, 20, 4, 0)","[(1, 5, 4, 1)]"
"(19, 19, 2, 10, 0)","[(1, 4, 4, '?')]"
"(19, 19, 2, 11, 0)","[(2, 1, 4, '?')]"
"(19, 19, 2, 15, 0)","[(3, 4, 4, 0)]"
"(19, 19, 2, 16, 0)","[(4, 4, 4, 2)]"
"(19, 19, 2, 17, 0)","[(2, 6, 4, 0)]"
"(19, 19, 2, 21, 0)","[(4, 6, 4, '?')]"
"(19, 19, 2, 22, 0)","[('?', 1, 4, 6), ('?', 1, 4, '?')]"
"(19, 19, 2, 26, 0)","[(3, 4, 4, '?')]"
"(19, 19, 4, 15, 0)","[(3, 5, 4, 0)]"
"(19, 19, 4, 20, 0)","[(7, 5, 4, 2)]"
"(19, 19, 6, 2, 0)","[(0, 2, 4, 6)]"
"(19, 19, 6, 10, 0)","[(1, 2, 4, '?')]"
"(19, 19, 6, 20, 0)","[(3, 3, 4, 2), (3, 3, 4, 2), (3, 7, 4, 2), (3, 3, 4, 2), ('?', 3, 4, 2), (3, 3, 4, 2)]"
"(19, 19, 6, 22, 0)","[('?', 2, 4, '?')]"
"(19, 19, 6, 26, 0)","[(3, 7, 4, '?'), (3, 7, 4, '?')]"
"(19, 19, 6, 27, 0)","[(0, 7, 4, '?'), (0, 7, 4, '?'), (0, 2, 4, '?')]"
"(19, 19, 10, 9, 0)","[(1, 2, 4, 7), (1, 2, 4, 7), (1, 1, 4, 7)]"
"(19, 19, 11, 11, 0)","[(2, 4, 4, 3)]"
"(19, 19, 11, 22, 0)","[(2, '?', 4, 3)]"
"(19, 19, 16, 6, 0)","[(1, 7, 4, 1)]"
"(19, 19, 16, 20, 0)","[(1, 7, 4, 1)]"
"(19, 19, 17, 9, 0)","[(2, 2, 4, 7)]"
"(19, 19, 20, 4, 0)","[('?', 0, 4, 1)]"
"(19, 19, 20, 6, 0)","[('?', 2, 4, 1), (5, 7, 4, 5)]"
"(19, 19, 20, 8, 0)","[(1, 3, 4, 1), (1, 3, 4, 1)]"
"(19, 19, 20, 10, 0)","[(1, 7, 4, 5)]"
"(19, 19, 20, 15, 0)","[(3, 2, 4, 1), (3, 2, 4, 1), (3, 7, 4, 1)]"
"(19, 19, 20, 17, 0)","[(2, 2, 4, 1), (2, 3, 4, 1), (2, 4, 4, 1), (2, '?', 4, 1)]"
"(19, 19, 20, 20, 0)","[('?', 0, 4, 1), ('?', 4, 4, 1), (2, 4, 4, 1), ('?', 5, 4, 1), ('?', 7, 4, 1), ('?', 0, 4, 1), ('?', 3, 4, 1), ('?', 4, 4, 1), ('?', 2, 4, 1), ('?', 0, 4, 1), ('?', '?', 4, 1)]"
"(19, 19, 20, 21, 0)","[(4, 3, 4, 5)]"
"(19, 19, 20, 25, 0)","[(4, '?', 4, 1), (4, 3, 4, 1), (4, '?', 4, 1), (4, 1, 4, 1)]"
"(19, 19, 20, 27, 0)","[(0, 2, 4, 1)]"
"(19, 19, 22, 9, 0)","[('?', 1, 4, 7), ('?', 1, 4, 7)]"
"(19, 19, 22, 11, 0)","[(2, '?', 4, 3)]"
"(19, 19, 22, 20, 0)","[('?', 2, 4, 2), ('?', 7, 4, 2), (6, 5, 4, 2)]"
"(19, 19, 22, 22, 0)","[('?', 2, 4, '?'), ('?', 2, 4, '?'), ('?', 6, 4, '?'), ('?', '?', 4, 6)]"
"(19, 19, 22, 26, 0)","[(3, 3, 4, '?'), (3, 2, 4, '?'), (3, 3, 4, '?'), (3, '?', 4, '?'), (3, 4, 4, '?'), (3, '?', 4, '?'), (3, '?', 4, '?')]"
"(19, 19, 27, 6, 0)","[(0, 3, 4, 6), (0, 3, 4, 6)]"
"(19, 19, 27, 20, 0)","[(0, 6, 4, 2), (0, 0, 4, 2), (0, 2, 4, 2), (0, 2, 4, 2), (0, 3, 4, 2), (0, 2, 4, 2), (0, 2, 4, 2), (0, 1, 4, 2), (0, '?', 4, 2), (0, 7, 4, 2), (0, 4, 4, 2)]"
"(19, 19, 27, 22, 0)","[('?', 0, 4, '?'), (0, '?', 4, '?'), (0, 1, 4, 4), (0, 0, 4, 6), (0, 2, 4, '?')]"
"(19, 20, 2, 15, 0)","[(3, 4, 4, 1)]"
"(19, 20, 2, 20, 0)","[(2, 1, 4, 1), ('?', 4, 4, 1), ('?', 1, 4, 1), ('?', 1, 4, 1), ('?', 1, 4, 1)]"
"(19, 20, 4, 20, 0)","[(3, 0, 4, 1), ('?', 0, 4, 1), ('?', 0, 4, 1), (2, 5, 4, 1), (3, 5, 4, 1), ('?', 0, 4, 1), ('?', 5, 4, 1), (3, 0, 4, 1), (3, 0, 4, 1), (3, 5, 4, 1), ('?', 0, 4, 1), (3, 0, 4, 1)]"
"(19, 20, 6, 20, 0)","[('?', 2, 4, 1), ('?', 3, 4, 1)]"
"(19, 20, 10, 20, 0)","[(1, 4, 4, 1), (1, 1, 4, 1), (1, 7, 4, 1), (1, 4, 4, 1), (1, 4, 4, 1), (1, '?', 4, 1), (1, 4, 4, 1)]"
"(19, 20, 11, 20, 0)","[(2, 1, 4, 1)]"
"(19, 20, 15, 20, 0)","[(3, 3, 4, 1), (3, 2, 4, 1), (3, 5, 4, 1), (3, 4, 4, 1), (3, 6, 4, 1), (3, 2, 4, 1), (3, 3, 4, 1), (3, 6, 4, 1), (3, 6, 4, 1), (3, 2, 4, 1), (3, 1, 4, 1), (3, 5, 4, 1), (3, 6, 4, 1), (3, 4, 4, 1), (3, 3, 4, 1), (3, 1, 4, 1), (3, 0, 4, 1), (3, 1, 4, 1), (3, 7, 4, 1), (3, 6, 4, 1), (3, 2, 4, 1), (3, 2, 4, 1), (3, 3, 4, 1), (3, 4, 4, 1)]"
"(19, 20, 17, 2, 0)","[(2, 3, 4, 1), (2, 6, 4, 1), (2, '?', 4, 1)]"
"(19, 20, 17, 17, 0)","[(2, 4, 4, 1), (2, 6, 4, 1), (2, 4, 4, 1)]"
"(19, 20, 17, 20, 0)","[(2, '?', 4, 1), (2, 6, 4, 1), (2, 0, 4, 1), (2, '?', 4, 1)]"
"(19, 20, 20, 2, 0)","[(7, 4, 4, 1)]"
"(19, 20, 20, 4, 0)","[(2, 5, 4, 1)]"
"(19, 20, 20, 6, 0)","[('?', 7, 4, 1)]"
"(19, 20, 20, 8, 0)","[(1, '?', 4, 1), (1, 7, 4, 1), (1, 3, 4, 1), (1, '?', 4, 1)]"
"(19, 20, 20, 15, 0)","[(3, 3, 4, 1), (3, 3, 4, 1), (3, 7, 4, 1), (3, 7, 4, 1), (3, 6, 4, 1), (3, 0, 4, 1)]"
"(19, 20, 20, 17, 0)","[(2, 4, 4, 1), (2, 2, 4, 1), (2, 7, 4, 1), (2, '?', 4, 1), (2, 1, 4, 1), (2, 1, 4, 1), (3, 7, 4, 1), (2, 3, 4, 1), (2, 3, 4, 1)]"
"(19, 20, 20, 20, 0)","[(3, 7, 4, 1), (2, 3, 4, 1), (2, 1, 4, 1), ('?', 7, 4, 1), ('?', 2, 4, 1), ('?', '?', 4, 1), ('?', '?', 4, 1), ('?', 2, 4, 1), ('?', 4, 4, 1), ('?', 2, 4, 1), ('?', '?', 4, 1), ('?', '?', 4, 1), ('?', '?', 4, 1), ('?', 4, 4, 1), (3, 1, 4, 1), ('?', 4, 4, 1), ('?', 7, 4, 1), (2, 2, 4, 1), ('?', 4, 4, 1), (2, 2, 4, 1), ('?', 1, 4, 1), ('?', '?', 4, 1), ('?', '?', 4, 1), ('?', 4, 4, 1)]"
"(19, 20, 20, 22, 0)","[('?', 1, 4, 1), ('?', 3, 4, 1)]"
"(19, 20, 20, 25, 0)","[(4, 4, 4, 1), (4, 6, 4, 1)]"
"(19, 20, 22, 20, 0)","[('?', 3, 4, 1), ('?', 2, 4, 1), (1, 1, 4, 1)]"
"(19, 20, 25, 16, 0)","[(4, 3, 4, 1), (4, 6, 4, 1), (4, 1, 4, 1), (4, 6, 4, 1)]"
"(19, 20, 25, 20, 0)","[(4, 5, 4, 1)]"
"(19, 20, 27, 20, 0)","[(0, 6, 4, 1), (0, 3, 4, 1), (0, 1, 4, 1), (0, 7, 4, 1), (0, 0, 4, 1)]"
"(19, 21, 4, 21, 0)","[(4, 0, 4, '?')]"
"(19, 21, 6, 21, 0)","[(4, 2, 4, 2)]"
"(19, 21, 20, 25, 0)","[(4, '?', 4, 1), (4, 2, 4, 1)]"
"(19, 22, 2, 2, 0)","[('?', 6, 4, 6), ('?', 4, 4, 6), ('?', 4, 4, 6), ('?', 4, 4, 6), ('?', 1, 4, 6), ('?', 4, 4, 6), ('?', 4, 4, 0), ('?', 4, 4, 0)]"
"(19, 22, 2, 8, 0)","[(1, 1, 4, 0), (1, 1, 4, 0), (1, 1, 4, 0), (1, 1, 4, 6)]"
"(19, 22, 2, 10, 0)","[(1, 4, 4, '?'), ('?', 1, 4, '?'), (1, 4, 4, '?'), (1, 6, 4, '?'), (1, 4, 4, '?'), (1, 4, 4, '?')]"
"(19, 22, 2, 11, 0)","[(2, 1, 4, '?'), (2, 1, 4, 6), (2, 1, 4, 6), (2, 1, 4, 6)]"
"(19, 22, 2, 16, 0)","[(1, 6, 4, 2), (4, 4, 4, 2), (4, 1, 4, 2), (1, 4, 4, 2), (4, 4, 4, 2), (4, 4, 4, 2), (4, 4, 4, 2), (4, 1, 4, 2), (4, 1, 4, 2), (4, 1, 4, 2), (4, 4, 4, 2), (4, 1, 4, 2), (4, 1, 4, 2), (4, 6, 4, 2)]"
"(19, 22, 2, 20, 0)","[('?', 1, 4, 2), ('?', 1, 4, 2), ('?', 1, 4, 2), ('?', 4, 4, 2), ('?', 4, 4, 2), (2, 1, 4, 2), (0, 4, 4, 2), ('?', 1, 4, 2), ('?', 4, 4, 2), ('?', 4, 4, 2)]"
"(19, 22, 2, 21, 0)","[(4, 4, 4, '?'), (4, 1, 4, '?'), (4, 1, 4, '?'), (4, 4, 4, '?'), (4, 4, 4, '?'), (4, 6, 4, '?'), (4, 1, 4, 6), (4, 1, 4, '?'), (4, 4, 4, '?')]"
"(19, 22, 2, 22, 0)","[('?', 1, 4, 6), ('?', 4, 4, '?'), ('?', 1, 4, 6), ('?', 6, 4, '?'), ('?', 1, 4, 6), ('?', 1, 4, 6), ('?', 4, 4, '?'), ('?', 1, 4, '?'), ('?', 1, 4, 6), ('?', 4, 4, '?')]"
"(19, 22, 2, 25, 0)","[(4, 6, 4, 0), (4, 4, 4, 6), (4, 4, 4, 6), (4, 4, 4, 0), (4, 4, 4, 0), (4, 6, 4, 6), (4, 4, 4, 6), (4, 6, 4, 0)]"
"(19, 22, 2, 26, 0)","[(3, 1, 4, '?')]"
"(19, 22, 4, 2, 0)","[('?', 0, 4, 0), ('?', 0, 4, 6), ('?', 0, 4, 0), (3, 5, 4, 6), ('?', 0, 4, 6), ('?', 0, 4, 0), ('?', 0, 4, 6), ('?', 0, 4, 6), ('?', 5, 4, 0), ('?', 0, 4, 0)]"
"(19, 22, 4, 8, 0)","[(1, 5, 4, 0), (1, 0, 4, 6), (1, 5, 4, 6)]"
"(19, 22, 4, 11, 0)","[(2, 5, 4, 3)]"
"(19, 22, 4, 15, 0)","[(3, 5, 4, 0), (3, 5, 4, 6), (3, 5, 4, 6)]"
"(19, 22, 4, 16, 0)","[(4, 5, 4, 2), (4, 5, 4, 2)]"
"(19, 22, 4, 17, 0)","[(2, 5, 4, 0)]"
"(19, 22, 4, 20, 0)","[('?', 5, 4, 2), (3, 0, 4, 2), ('?', 5, 4, 2)]"
"(19, 22, 4, 21, 0)","[(4, 5, 4, '?'), (4, 0, 4, '?'), (4, 5, 4, '?')]"
"(19, 22, 4, 22, 0)","[('?', 5, 4, 2), ('?', 0, 4, '?'), (3, 5, 4, '?')]"
"(19, 22, 4, 25, 0)","[(4, 5, 4, 6), (4, 5, 4, 6)]"
"(19, 22, 4, 26, 0)","[(3, 0, 4, '?'), (3, 5, 4, '?'), (3, 5, 4, '?')]"
"(19, 22, 6, 2, 0)","[('?', 7, 4, 0), ('?', 2, 4, 0), ('?', 7, 4, 6), (3, 2, 4, 0), ('?', 3, 4, 6), ('?', 3, 4, 6), ('?', 7, 4, 6), ('?', 2, 4, 0), ('?', 7, 4, 0), ('?', 2, 4, 0), ('?', 2, 4, 6)]"
"(19, 22, 6, 3, 0)","[(4, 7, 4, 0)]"
"(19, 22, 6, 8, 0)","[(1, 7, 4, 6), (1, 7, 4, 0)]"
"(19, 22, 6, 10, 0)","[(1, 3, 4, '?')]"
"(19, 22, 6, 11, 0)","[(2, 2, 4, '?'), (2, 7, 4, 0), (2, 7, 4, 0), (2, 7, 4, 0), (2, 7, 4, 6), (2, 7, 4, '?'), (2, 7, 4, 6), (2, 7, 4, 0)]"
"(19, 22, 6, 15, 0)","[(3, 7, 4, 0), (3, 2, 4, 6), (3, 3, 4, 6), (3, 3, 4, 6), (3, 2, 4, 0), (3, 3, 4, 6), (3, 2, 4, 0)]"
"(19, 22, 6, 16, 0)","[(4, 3, 4, 2)]"
"(19, 22, 6, 17, 0)","[(2, 3, 4, 6)]"
"(19, 22, 6, 20, 0)","[(3, 7, 4, 2), ('?', 2, 4, 2)]"
"(19, 22, 6, 21, 0)","[(4, 2, 4, 6), (4, 3, 4, '?'), (4, 3, 4, '?'), (4, 3, 4, '?'), (4, 7, 4, '?'), (4, 2, 4, 6), (4, 7, 4, '?'), (4, 7, 4, 0), (4, 2, 4, '?'), (4, 2, 4, 6), (4, 7, 4, 3), (4, 3, 4, '?'), (4, 3, 4, '?'), (4, 7, 4, '?'), (4, 7, 4, 0)]"
"(19, 22, 6, 22, 0)","[('?', 3, 4, '?'), ('?', 7, 4, 6), ('?', 7, 4, 0), ('?', 2, 4, 0), ('?', 2, 4, 0), ('?', 2, 4, 6), ('?', 7, 4, '?'), (3, 7, 4, '?'), ('?', 7, 4, '?'), ('?', 2, 4, '?'), ('?', 3, 4, '?')]"
"(19, 22, 6, 25, 0)","[(4, 7, 4, 0), (4, 3, 4, 6)]"
"(19, 22, 6, 26, 0)","[(3, 3, 4, '?'), (3, 7, 4, 0), (3, 3, 4, '?'), (3, 3, 4, 2), (3, 2, 4, '?'), (3, 7, 4, '?'), (3, 2, 4, '?'), (3, 3, 4, '?'), (3, 3, 4, '?')]"
"(19, 22, 8, 2, 0)","[(1, '?', 4, 0), (1, 3, 4, 0), (1, 7, 4, 0), (1, '?', 4, 6), (1, '?', 4, 6), (1, 3, 4, 0)]"
"(19, 22, 8, 8, 0)","[(1, 2, 4, 0), (1, 7, 4, 6), (1, 6, 4, 0)]"
"(19, 22, 9, 1, 0)","[(4, 2, 4, 7), (4, 4, 4, 7)]"
"(19, 22, 10, 2, 0)","[(1, 2, 4, 0), (1, '?', 4, 0), (1, 5, 4, 0), (1, 0, 4, 6), (1, '?', 4, 0), (1, '?', 4, 6), (1, '?', 4, 6), (1, 2, 4, 0), (1, '?', 4, 6), (1, 7, 4, 6)]"
"(19, 22, 10, 10, 0)","[(1, 2, 4, '?'), (1, 1, 4, '?'), (1, 2, 4, '?'), (1, 7, 4, 6), (1, 7, 4, 6), (1, 0, 4, 6), (1, 4, 4, '?'), (1, 6, 4, '?'), (1, 7, 4, '?'), (1, 7, 4, 6), (1, 7, 4, '?'), (1, 6, 4, '?'), (1, 7, 4, '?'), (1, '?', 4, '?'), (1, '?', 4, 6), (1, 3, 4, '?'), (1, 1, 4, 6), (1, 5, 4, '?'), (1, '?', 4, '?'), (1, 1, 4, '?'), (1, 2, 4, '?'), (1, 6, 4, '?'), (1, '?', 4, '?'), (1, 5, 4, 2)]"
"(19, 22, 10, 16, 0)","[(1, 0, 4, 2)]"
"(19, 22, 10, 20, 0)","[(1, 6, 4, 2), (1, 3, 4, 2), (1, 7, 4, 2), (1, 7, 4, 2), (1, 5, 4, 2)]"
"(19, 22, 10, 22, 0)","[(1, '?', 4, '?'), (1, 1, 4, '?'), (1, 7, 4, 6)]"
"(19, 22, 11, 2, 0)","[(2, 6, 4, 0)]"
"(19, 22, 11, 6, 0)","[(2, 2, 4, 6)]"
"(19, 22, 11, 9, 0)","[(2, 7, 4, 7)]"
"(19, 22, 11, 11, 0)","[(2, 7, 4, '?'), (2, 2, 4, 3), (2, '?', 4, 6), (2, 3, 4, 6), (2, 6, 4, '?'), (2, '?', 4, 0), (2, 7, 4, 0), (2, 7, 4, 3), (2, 6, 4, '?'), (2, 6, 4, '?'), (2, '?', 4, 6), (2, '?', 4, 6), (2, 3, 4, 6), (2, 2, 4, '?'), (2, 6, 4, '?'), (2, 3, 4, 6), (2, 4, 4, '?'), (2, '?', 4, 6), (2, 7, 4, '?'), (2, 1, 4, 6), (2, 7, 4, 6), (2, 2, 4, 6), (2, 7, 4, '?'), (2, 2, 4, 6), (2, 2, 4, 0), (2, 4, 4, '?'), (2, 7, 4, 0), (2, 7, 4, '?'), (2, 2, 4, 0), (2, 1, 4, '?'), (2, '?', 4, 6), (2, 1, 4, '?'), (2, 4, 4, '?'), (2, 2, 4, 0), (2, 5, 4, 3), (2, 2, 4, '?'), (2, 1, 4, 6), (2, 2, 4, 6), (2, 7, 4, 6)]"
"(19, 22, 11, 17, 0)","[(2, '?', 4, 6)]"
"(19, 22, 11, 20, 0)","[(2, '?', 4, 2), (2, 4, 4, 2), (2, 3, 4, 2), (2, 6, 4, 2), (2, 1, 4, 2), (2, 1, 4, 2), (2, 6, 4, 2), (2, 6, 4, 2), (2, 6, 4, 2), (2, '?', 4, 2), (2, '?', 4, 2), (2, 7, 4, 2), (2, 2, 4, 2), (2, 3, 4, 2), (2, 6, 4, 2), (2, 6, 4, 2), (2, 2, 4, 2), (2, 1, 4, 2)]"
"(19, 22, 11, 22, 0)","[(2, 6, 4, 6), (2, '?', 4, 6), (2, 2, 4, 6)]"
"(19, 22, 17, 2, 0)","[(2, 6, 4, 0), (2, 6, 4, 0), (2, 4, 4, 0), (2, '?', 4, 0), (2, 6, 4, 0), (2, '?', 4, 0), (2, 4, 4, 0), (2, 3, 4, 6), (2, 6, 4, 0), (2, 4, 4, 0), (2, '?', 4, 0), (2, 6, 4, 0)]"
"(19, 22, 17, 9, 0)","[(2, 7, 4, 7)]"
"(19, 22, 17, 11, 0)","[(2, 7, 4, 7), (2, 1, 4, '?')]"
"(19, 22, 17, 17, 0)","[(2, 4, 4, 0), (2, '?', 4, 0), (2, '?', 4, 0), (2, 4, 4, 0), (2, '?', 4, 0)]"
"(19, 22, 20, 4, 0)","[('?', 5, 4, 5), (3, 0, 4, 5)]"
"(19, 22, 20, 6, 0)","[('?', 3, 4, 5), (6, 7, 4, 5)]"
"(19, 22, 20, 8, 0)","[(1, 7, 4, 1)]"
"(19, 22, 20, 10, 0)","[(1, '?', 4, 5), (1, 3, 4, 5), (1, 7, 4, 5), (1, 7, 4, 5), (1, 1, 4, 5), (1, 7, 4, 5), (1, 3, 4, 5), (1, 0, 4, 5), (1, '?', 4, 5), (1, '?', 4, 5)]"
"(19, 22, 20, 11, 0)","[(2, '?', 4, 5), (2, '?', 4, 5), (2, '?', 4, 5), (2, 6, 4, 5), (2, 3, 4, 5), (2, 3, 4, 5), (2, 1, 4, 5), (2, 4, 4, 5), (2, 4, 4, 5), (2, 4, 4, 5), (2, 6, 4, 5), (2, '?', 4, 5), (2, 4, 4, 5), (2, 2, 4, 5), (2, 4, 4, 5), (2, '?', 4, 5), (2, 1, 4, 5), (2, 1, 4, 5), (2, 4, 4, 5), (2, 0, 4, 5), (2, 6, 4, 5), (2, 1, 4, 5), (2, 4, 4, 5), (2, 2, 4, 5), (2, 2, 4, 5), (2, 3, 4, 5), (2, 1, 4, 5), (2, 6, 4, 5), (2, 1, 4, 5), (2, 6, 4, 5), (2, 1, 4, 5)]"
"(19, 22, 20, 15, 0)","[(3, 6, 4, 5), (3, 7, 4, 5), (3, 4, 4, 5), (3, 4, 4, 5), (3, 1, 4, 5)]"
"(19, 22, 20, 20, 0)","[('?', 1, 4, 5), ('?', 7, 4, 1), ('?', 3, 4, 5), ('?', 7, 4, 1)]"
"(19, 22, 20, 21, 0)","[(4, 4, 4, 5), (4, 4, 4, 5), (4, 1, 4, 5), (4, 4, 4, 5), (4, 4, 4, 5), (4, '?', 4, 5), (4, 2, 4, 5), (4, 1, 4, 5), (4, 2, 4, 5), (4, 5, 4, 5), (4, 3, 4, 5), (4, 3, 4, 5), (4, 1, 4, 5), (4, 6, 4, 5), (4, 2, 4, 5), (4, 1, 4, 5), (4, 4, 4, 5), (4, '?', 4, 5), (4, '?', 4, 5), (4, 4, 4, 5), (4, '?', 4, 5), (4, 6, 4, 5), (4, 1, 4, 5), (4, 3, 4, 5), (4, '?', 4, 5), (4, 3, 4, 5), (4, 4, 4, 5), (4, 2, 4, 5), (4, 6, 4, 5), (4, '?', 4, 5), (4, 2, 4, 5), (4, '?', 4, 5), (4, 4, 4, 5)]"
"(19, 22, 20, 22, 0)","[('?', '?', 4, 5), ('?', 1, 4, 5), ('?', 4, 4, 5), ('?', '?', 4, 5), ('?', 2, 4, 5), (6, 1, 4, 5), ('?', 6, 4, 5), ('?', 5, 4, 5), ('?', 6, 4, 5), ('?', '?', 4, 5), (6, 2, 4, 5), ('?', '?', 4, 5), ('?', 1, 4, 5), (0, 6, 4, 5), (7, 1, 4, 5), ('?', '?', 4, 5), (6, 7, 4, 5), ('?', 3, 4, 5), ('?', 6, 4, 5), ('?', 2, 4, 5), (7, 4, 4, 5), ('?', '?', 4, 5), ('?', 6, 4, 5), ('?', 1, 4, 5), ('?', 4, 4, 5), (7, 1, 4, 5), (1, 0, 4, 5), ('?', 1, 4, 5), (6, 1, 4, 5), (0, 0, 4, 5), (6, 1, 4, 5), ('?', 1, 4, 5), ('?', 6, 4, 5), (6, '?', 4, 5), ('?', 4, 4, 5), (0, 1, 4, 5), (1, 5, 4, 5), (2, 2, 4, 5), ('?', '?', 4, 5), ('?', 3, 4, 5), ('?', 2, 4, 5), ('?', 4, 4, 5), ('?', 4, 4, 5), ('?', 6, 4, 5), ('?', 4, 4, 5), ('?', 4, 4, 5), (6, 2, 4, 5), (7, 4, 4, 5), ('?', 5, 4, 5), ('?', '?', 4, 5), ('?', 3, 4, 5), (6, 7, 4, 5)]"
"(19, 22, 20, 25, 0)","[(4, 1, 4, 1), (4, 1, 4, 1), (4, 1, 4, 1), (4, '?', 4, 1)]"
"(19, 22, 20, 26, 0)","[(3, 0, 4, 5), (3, 0, 4, 5), (3, 1, 4, 5), (3, 6, 4, 5), (3, 0, 4, 5), (3, 7, 4, 5), (3, 4, 4, 5), (3, 2, 4, 5), (3, 4, 4, 5), (3, '?', 4, 5), (3, 6, 4, 5), (3, 6, 4, 5), (3, 6, 4, 5), (3, 0, 4, 5), (3, 2, 4, 5), (3, 2, 4, 5), (3, '?', 4, 5), (3, 1, 4, 5), (3, 2, 4, 5), (3, 4, 4, 5), (3, 2, 4, 5), (3, 2, 4, 5), (3, '?', 4, 5), (3, '?', 4, 5), (3, 1, 4, 5)]"
"(19, 22, 20, 27, 0)","[(0, 7, 4, 5), (0, 7, 4, 5), (0, 1, 4, 5), (0, 3, 4, 5), (0, 4, 4, 5), (0, 1, 4, 5), (0, 7, 4, 5), (0, '?', 4, 5), (0, 3, 4, 5)]"
"(19, 22, 21, 16, 0)","[(4, '?', 4, 2), (4, 2, 4, 2), (4, 2, 4, 2), (4, 5, 4, 2), (4, 6, 4, 2), (4, 7, 4, 2), (4, 6, 4, 2), (4, 2, 4, 2), (4, 1, 4, 2), (4, 3, 4, 2), (4, 7, 4, 2), (4, 2, 4, 2), (4, 6, 4, 2), (4, '?', 4, 2), (4, '?', 4, 2), (4, 5, 4, 2), (4, 1, 4, 2), (4, '?', 4, 2)]"
"(19, 22, 21, 21, 0)","[(4, 2, 4, 6), (4, '?', 4, '?'), (4, '?', 4, 6), (4, 1, 4, '?'), (4, '?', 4, '?'), (4, 2, 4, 6), (4, 3, 4, '?'), (4, 5, 4, '?')]"
"(19, 22, 22, 1, 0)","[(4, 5, 4, 7), (4, 6, 4, 7), (4, '?', 4, 7)]"
"(19, 22, 22, 2, 0)","[('?', '?', 4, 0), ('?', '?', 4, 0), ('?', 3, 4, 0), ('?', 2, 4, 0), ('?', '?', 4, 6), ('?', 6, 4, 6), (0, 3, 4, 6), ('?', 2, 4, 0), ('?', 6, 4, 6), ('?', '?', 4, 0), ('?', 0, 4, 0), ('?', '?', 4, 0), ('?', 6, 4, 6), ('?', 2, 4, 0), ('?', 5, 4, 0), ('?', '?', 4, 6), ('?', '?', 4, 6), ('?', '?', 4, 6), ('?', '?', 4, 0), ('?', 7, 4, 0)]"
"(19, 22, 22, 8, 0)","[(1, 3, 4, 6), (1, '?', 4, 6), (1, 2, 4, 0), (1, 6, 4, 0)]"
"(19, 22, 22, 10, 0)","[(1, 1, 4, 0), (1, 1, 4, 0), (1, 1, 4, 0), (1, 1, 4, 6), (1, 2, 4, '?')]"
"(19, 22, 22, 11, 0)","[(2, '?', 4, 6), (2, 6, 4, 6), (2, 2, 4, '?'), (2, 0, 4, '?'), (2, 4, 4, '?')]"
"(19, 22, 22, 15, 0)","[(3, 0, 4, 0), (3, 0, 4, 0), (3, 2, 4, 0), (3, 2, 4, 6), (3, '?', 4, 0), (3, 3, 4, 6), (3, 7, 4, 0), (3, 3, 4, 6)]"
"(19, 22, 22, 16, 0)","[(4, '?', 4, 2), (4, 2, 4, 2), (4, 2, 4, 2), (4, 2, 4, 2), (4, 3, 4, 2), (4, '?', 4, 2), (4, 3, 4, 2), (4, 7, 4, 2), (4, '?', 4, 2), (4, '?', 4, 2), (4, 1, 4, 2)]"
"(19, 22, 22, 17, 0)","[(2, '?', 4, 0)]"
"(19, 22, 22, 20, 0)","[('?', 3, 4, 2), ('?', 6, 4, 2), ('?', 4, 4, 2), ('?', 4, 4, 2), ('?', 2, 4, 2), ('?', 6, 4, 2), ('?', 2, 4, 2), ('?', 7, 4, 2), ('?', 2, 4, 2), ('?', 4, 4, 2), ('?', 6, 4, 2), ('?', 2, 4, 2), ('?', 2, 4, 2), ('?', 6, 4, 2), ('?', 1, 4, 2), ('?', 2, 4, 2)]"
"(19, 22, 22, 21, 0)","[(4, 3, 4, 6), (4, 2, 4, 6), (4, 6, 4, '?'), (4, 6, 4, '?'), (4, 1, 4, '?'), (4, 2, 4, '?'), (4, '?', 4, '?'), (4, 7, 4, 0), (4, 2, 4, '?'), (4, 2, 4, '?'), (4, 4, 4, '?'), (4, 6, 4, '?'), (4, 1, 4, 6), (4, '?', 4, '?'), (4, 1, 4, '?'), (4, 2, 4, '?'), (4, 2, 4, '?'), (4, '?', 4, '?'), (4, 2, 4, '?'), (4, 2, 4, '?'), (4, 2, 4, '?'), (4, 3, 4, '?'), (4, 1, 4, 6), (4, '?', 4, '?'), (4, 1, 4, '?'), (4, '?', 4, '?'), (4, '?', 4, 6), (4, 2, 4, 6)]"
"(19, 22, 22, 22, 0)","[('?', 2, 4, '?'), ('?', 3, 4, 6), (3, 5, 4, 2), ('?', 7, 4, 0), ('?', 3, 4, '?'), ('?', 7, 4, '?'), (0, 0, 4, '?'), ('?', 7, 4, 6), ('?', 7, 4, '?'), ('?', 2, 4, 6), ('?', 0, 4, '?'), ('?', 6, 4, '?'), ('?', 7, 4, 6), ('?', 7, 4, '?'), ('?', 5, 4, 5), ('?', '?', 4, 6), ('?', 6, 4, '?'), ('?', 4, 4, '?'), ('?', 3, 4, '?'), ('?', 1, 4, 0), ('?', 1, 4, '?'), ('?', '?', 4, 6), ('?', 2, 4, 6), ('?', 6, 4, '?'), ('?', 4, 4, '?'), ('?', 4, 4, '?')]"
"(19, 22, 22, 25, 0)","[(4, 6, 4, 0), (4, '?', 4, 0), (4, '?', 4, 6), (4, '?', 4, 0), (4, 6, 4, 0), (4, 6, 4, 6), (4, '?', 4, 0), (4, '?', 4, 6), (4, 0, 4, 6), (4, '?', 4, 6), (4, 6, 4, 0), (4, 6, 4, 0), (4, 2, 4, 6), (4, 4, 4, 6), (4, 6, 4, 0), (4, 6, 4, 6), (4, 4, 4, 0), (4, 1, 4, 6), (4, '?', 4, 6), (4, 7, 4, 0), (4, 6, 4, 6), (4, 4, 4, 6), (4, 6, 4, 6), (4, '?', 4, 0), (4, 6, 4, 6)]"
"(19, 22, 22, 26, 0)","[(3, 2, 4, '?'), (3, 3, 4, '?'), (3, 1, 4, '?'), (3, 7, 4, '?'), (3, 7, 4, 6), (3, 4, 4, '?'), (3, '?', 4, '?'), (3, 7, 4, '?'), (3, 2, 4, '?'), (3, '?', 4, '?')]"
"(19, 22, 25, 25, 0)","[(4, 5, 4, 0), (4, 6, 4, 6), (4, 4, 4, 0), (4, '?', 4, 0), (4, 4, 4, 0), (4, 4, 4, 0), (4, '?', 4, 6), (4, '?', 4, 0), (4, 4, 4, 6)]"
"(19, 22, 26, 2, 0)","[(3, '?', 4, 0), (3, '?', 4, 0), (3, 6, 4, 0), (3, 4, 4, 6), (3, 4, 4, 6), (3, 4, 4, 6), (3, 4, 4, 0), (3, '?', 4, 0), (3, 6, 4, 6), (3, 6, 4, 0), (3, 6, 4, 6), (3, 4, 4, 6), (3, 3, 4, 6), (3, 6, 4, 0), (3, '?', 4, 0), (3, 6, 4, 0), (3, 6, 4, 0), (3, 4, 4, 6), (3, '?', 4, 0), (3, 6, 4, 6), (3, 3, 4, 6), (3, 6, 4, 0), (3, 3, 4, 6), (3, 4, 4, 6), (3, 2, 4, 0)]"
"(19, 22, 26, 4, 0)","[(3, 0, 4, '?'), (3, 0, 4, 0), (3, 5, 4, 0), (3, 5, 4, 6), (3, 0, 4, 0)]"
"(19, 22, 26, 6, 0)","[(3, 7, 4, 0)]"
"(19, 22, 26, 20, 0)","[(3, 0, 4, 2), (3, 4, 4, 2), (3, 7, 4, 2), (3, 7, 4, 2), (3, 5, 4, 2), (3, 6, 4, 2), (3, 6, 4, 2), (3, 7, 4, 2), (3, 6, 4, 2), (3, 4, 4, 2), (3, 6, 4, 2), (3, 7, 4, 2), (3, 3, 4, 2), (3, 7, 4, 2), (3, 6, 4, 2), (3, 4, 4, 2), (3, 0, 4, 2), (3, 4, 4, 2), (3, 0, 4, 2)]"
"(19, 22, 26, 22, 0)","[(3, 6, 4, '?'), (3, 2, 4, 6), (3, 2, 4, '?'), (3, 2, 4, 0), (3, 1, 4, '?'), (3, '?', 4, '?'), (3, 6, 4, '?'), (3, 6, 4, '?'), (3, 2, 4, 6), (3, 1, 4, '?'), (3, 0, 4, '?'), (3, 6, 4, '?'), (3, 6, 4, '?'), (3, 4, 4, '?'), (3, 7, 4, '?'), (3, 0, 4, '?')]"
"(19, 22, 27, 2, 0)","[(0, 6, 4, 0), ('?', '?', 4, 6), (0, 0, 4, 0), ('?', 2, 4, 6), (0, 0, 4, 0), (0, 4, 4, 6)]"
"(19, 22, 27, 4, 0)","[(0, 0, 4, 6), (0, 0, 4, 6)]"
"(19, 22, 27, 20, 0)","[(0, 4, 4, 2), (0, 4, 4, 2), (0, 6, 4, 2), (0, 7, 4, 2)]"
"(19, 22, 27, 22, 0)","[(0, 5, 4, '?'), (0, 0, 4, '?'), (0, 2, 4, '?'), (0, 2, 4, 6), (0, 6, 4, '?'), (0, '?', 4, '?'), (0, 0, 4, 6), (0, 2, 4, 2), (0, 6, 4, '?'), (0, 2, 4, '?'), (0, 2, 4, 6), (0, 1, 4, 6), (0, 3, 4, '?')]"
"(19, 23, 20, 4, 0)","[(2, 5, 4, 1)]"
"(19, 23, 20, 15, 0)","[(3, 5, 4, 1)]"
"(19, 23, 20, 20, 0)","[(1, 0, 4, 1), ('?', 3, 4, 1)]"
"(19, 23, 20, 25, 0)","[(4, 2, 4, 1)]"
"(19, 23, 20, 26, 0)","[(3, 5, 4, 5)]"
"(19, 24, 2, 25, 0)","[(5, 6, 4, 0)]"
"(19, 24, 4, 2, 0)","[(6, 0, 4, 0), (6, 0, 4, 6), (6, 0, 4, 0), (6, 0, 4, 0)]"
"(19, 24, 4, 22, 0)","[(6, 5, 4, '?')]"
"(19, 24, 20, 4, 0)","[(6, 5, 4, 5)]"
"(19, 24, 20, 6, 0)","[(6, 2, 4, 5)]"
"(19, 24, 22, 2, 0)","[(6, 0, 4, 6)]"
"(19, 25, 2, 21, 0)","[(4, 4, 4, '?')]"
"(19, 25, 2, 25, 0)","[(4, 4, 4, 6), (4, 4, 4, 0), (4, 4, 4, 6)]"
"(19, 25, 20, 25, 0)","[(4, '?', 4, 1)]"
"(19, 26, 2, 2, 0)","[(7, 4, 4, 0), (3, 4, 4, 0), (7, 6, 4, 0), (7, 1, 4, 0), (7, 4, 4, 0), (7, 1, 4, 0)]"
"(19, 26, 2, 15, 0)","[(7, 4, 4, 0)]"
"(19, 26, 2, 16, 0)","[(7, 4, 4, 2)]"
"(19, 26, 2, 20, 0)","[(7, 1, 4, 2)]"
"(19, 26, 2, 22, 0)","[(7, 1, 4, 0), (7, 1, 4, '?'), (7, 1, 4, '?'), (7, 4, 4, '?'), (7, 4, 4, '?'), (7, 1, 4, '?')]"
"(19, 26, 2, 26, 0)","[(7, 4, 4, '?')]"
"(19, 26, 4, 2, 0)","[(7, 0, 4, 6), (7, 5, 4, 0)]"
"(19, 26, 4, 15, 0)","[(7, 5, 4, 0)]"
"(19, 26, 4, 20, 0)","[(7, 0, 4, 2), (7, 0, 4, 2), (7, 0, 4, 2), (7, 5, 4, 2), (7, 5, 4, 2)]"
"(19, 26, 4, 22, 0)","[(7, 0, 4, '?'), (7, 0, 4, '?'), (7, 0, 4, '?'), (7, 5, 4, 2), (7, 5, 4, 2), (7, 5, 4, 5), (7, 0, 4, '?'), (7, 5, 4, 2)]"
"(19, 26, 6, 2, 0)","[(7, 7, 4, 0), (7, 3, 4, 0), (7, 3, 4, 0), (7, 7, 4, 0), (7, 2, 4, 0)]"
"(19, 26, 6, 20, 0)","[(7, 3, 4, 2)]"
"(19, 26, 6, 22, 0)","[(7, 7, 4, 6), (7, 2, 4, '?'), (7, 7, 4, 0), (7, 7, 4, 6), (7, 2, 4, '?'), (7, 7, 4, 7), (7, 2, 4, '?'), (7, 3, 4, 2)]"
"(19, 26, 9, 9, 0)","[(7, 4, 4, 7), (7, '?', 4, 7), (7, '?', 4, 7)]"
"(19, 26, 14, 9, 0)","[(7, 7, 4, 7), (7, 4, 4, 7), (7, 4, 4, 7), (7, '?', 4, 7), (7, 4, 4, 7), (7, '?', 4, 7), (7, '?', 4, 7)]"
"(19, 26, 20, 2, 0)","[(7, 4, 4, 5), (7, 4, 4, 5), (7, 6, 4, 5)]"
"(19, 26, 20, 6, 0)","[(7, 7, 4, 5), (7, 7, 4, 5)]"
"(19, 26, 20, 20, 0)","[(7, 4, 4, 5), (7, 4, 4, 5)]"
"(19, 26, 20, 22, 0)","[(7, 4, 4, 5), (7, 2, 4, 5), (7, 6, 4, 5), (7, 6, 4, 5), (7, 6, 4, 5), (7, 2, 4, 5), (7, 1, 4, 5), (7, 0, 4, 5), (7, 5, 4, 5), (7, 5, 4, 5), (3, 2, 4, 5), (7, 0, 4, 5), (7, 1, 4, 5)]"
"(19, 26, 22, 2, 0)","[(7, '?', 4, 6), (7, '?', 4, 0), (7, 2, 4, 0), (7, '?', 4, 0), (7, 3, 4, 0), (7, '?', 4, 0), (7, 2, 4, 6), (7, 3, 4, 6), (7, 6, 4, 6), (7, '?', 4, 0), (7, '?', 4, 6), (7, '?', 4, 6), (7, '?', 4, 0), (7, 0, 4, 6), (7, '?', 4, 0), (7, 3, 4, 6), (7, 2, 4, 0), (7, 3, 4, 6), (7, '?', 4, 6), (7, 3, 4, 6), (7, 3, 4, 0), (7, 2, 4, 6), (7, 2, 4, 6), (7, 0, 4, 6), (7, '?', 4, 6), (7, 6, 4, 6), (7, '?', 4, 6), (7, 3, 4, 0), (7, 7, 4, 0), (7, 6, 4, 0), (7, 6, 4, 0)]"
"(19, 26, 22, 4, 0)","[(7, 0, 4, 6), (7, 5, 4, 0)]"
"(19, 26, 22, 9, 0)","[(7, '?', 4, 7), (7, 3, 4, 7)]"
"(19, 26, 22, 15, 0)","[(7, 6, 4, 0), (7, 2, 4, 6), (7, 3, 4, 0), (7, 4, 4, 0), (7, 5, 4, 0), (7, '?', 4, 0)]"
"(19, 26, 22, 20, 0)","[(7, 5, 4, 2), (7, '?', 4, 2)]"
"(19, 26, 22, 22, 0)","[(7, 5, 4, 5), (7, 6, 4, '?'), (7, 1, 4, 2), (7, 2, 4, '?'), (7, 1, 4, 0), (7, 7, 4, 7), (7, 0, 4, '?'), (7, 0, 4, '?'), (7, '?', 4, '?'), (7, '?', 4, '?'), (7, 0, 4, 2), (7, 0, 4, '?'), (7, 4, 4, '?'), (7, 1, 4, 0), (7, 1, 4, 2), (7, '?', 4, '?'), (7, 7, 4, 6), (7, 0, 4, '?'), (7, 5, 4, 2), (7, 2, 4, '?'), (7, 5, 4, 2), (7, 2, 4, '?')]"
"(19, 27, 2, 2, 0)","[(0, 4, 4, 6)]"
"(19, 27, 2, 20, 0)","[(0, 1, 4, 2), (0, 6, 4, 2), (0, 1, 4, 2), (0, 6, 4, 2), (0, 1, 4, 2), (0, 6, 4, 2)]"
"(19, 27, 2, 22, 0)","[(0, 6, 4, '?'), (0, 1, 4, '?'), (0, 1, 4, '?'), (0, 1, 4, '?'), (0, 1, 4, '?'), (0, 1, 4, '?')]"
"(19, 27, 4, 2, 0)","[(0, 0, 4, 0)]"
"(19, 27, 6, 20, 0)","[(0, 2, 4, 2), (0, 3, 4, 2), (0, 7, 4, 2)]"
"(19, 27, 9, 9, 0)","[(0, 6, 4, 7)]"
"(19, 27, 20, 2, 0)","[(0, 4, 4, 5), (0, 1, 4, 1), (0, 4, 4, 5), (0, 1, 4, 1)]"
"(19, 27, 20, 4, 0)","[(0, 0, 4, 5), (0, 0, 4, 1), (0, 0, 4, 1)]"
"(19, 27, 20, 6, 0)","[(0, 7, 4, 5), (0, 2, 4, 1), (0, 7, 4, 1), (0, 2, 4, 1), (0, 7, 4, 1), (0, 3, 4, 1)]"
"(19, 27, 20, 20, 0)","[(0, 6, 4, 1), (0, 3, 4, 1), (0, 0, 4, 1), (0, 7, 4, 1), (0, 6, 4, 1), (0, 1, 4, 1), (0, 1, 4, 1), (0, 6, 4, 1), (0, 5, 4, 1), (0, 6, 4, 1), (0, 5, 4, 1), (0, 3, 4, 1)]"
"(19, 27, 20, 22, 0)","[(0, 3, 4, 5), (0, 5, 4, 5), (0, 7, 4, 5), (0, 5, 4, 5), (0, 3, 4, 5), (0, 6, 4, 5), (0, 7, 4, 5), (0, '?', 4, 5), (0, 2, 4, 5), (0, 6, 4, 5), (0, 1, 4, 5), (0, '?', 4, 5), (0, 1, 4, 5), (0, 4, 4, 5), (0, 0, 4, 5), (0, 2, 4, 5), (0, 3, 4, 5), (0, 5, 4, 5), (0, 6, 4, 5), (0, 2, 4, 5), (0, '?', 4, 5), (0, 4, 4, 5), (0, '?', 4, 5)]"
"(19, 27, 20, 27, 0)","[(0, 2, 4, 1), (0, 6, 4, 5), (0, 1, 4, 5), (0, 2, 4, 1)]"
"(19, 27, 22, 2, 0)","[(0, 4, 4, 6), (0, 6, 4, 0), (0, 5, 4, 0), (0, 0, 4, 0), (0, 3, 4, 6), (0, 0, 4, 0), (0, 3, 4, 6), (0, 4, 4, 6), (0, 5, 4, 0), (0, 4, 4, 6), (0, 4, 4, 6), (0, 0, 4, 0), (0, 0, 4, 6), (0, 0, 4, 0), (0, 6, 4, 0)]"
"(19, 27, 22, 20, 0)","[(0, 3, 4, 2), (0, '?', 4, 2), (0, 2, 4, 2), (0, 6, 4, 2), (0, '?', 4, 2), (0, 4, 4, 2), (0, 3, 4, 2), (0, 0, 4, 2), (0, 3, 4, 2), (0, 7, 4, 2), (0, 7, 4, 2), (0, 1, 4, 2), (0, 4, 4, 2), (0, '?', 4, 2), (0, 6, 4, 2), (0, '?', 4, 2), (0, '?', 4, 2), (0, 7, 4, 2), (0, '?', 4, 2), (0, '?', 4, 2), (0, 4, 4, 2)]"
"(19, 27, 22, 22, 0)","[(0, 6, 4, '?'), (0, 0, 4, '?'), (0, 7, 4, '?'), (0, 1, 4, 6), (0, 0, 4, '?'), (0, 5, 4, '?'), ('?', 2, 4, 6), (0, 5, 4, '?'), (0, 0, 4, '?'), (0, 1, 4, 6), (0, 2, 4, 6), (0, '?', 4, '?'), (0, 5, 4, '?'), (0, 6, 4, '?'), (0, 1, 4, 4), (0, 2, 4, '?'), (0, 2, 4, '?'), (0, '?', 4, '?'), (0, 2, 4, '?'), (0, '?', 4, '?')]"
"(19, 27, 27, 2, 0)","[(0, 3, 4, 6)]"
"(19, 27, 27, 20, 0)","[(0, 2, 4, 2), (0, '?', 4, 2), (0, 7, 4, 2)]"
"(19, 27, 27, 22, 0)","[(0, '?', 4, '?')]"
"(22, 2, 2, 2, 0)","[('?', 6, '?', 6), ('?', 6, '?', 6), ('?', 6, '?', 6), ('?', 4, '?', 6), ('?', 4, '?', 6), ('?', 4, '?', 6), ('?', 6, '?', 0), (0, 6, '?', 0), ('?', 4, '?', 0), ('?', 4, '?', 0), ('?', 1, '?', 6), ('?', 4, '?', 0), ('?', 6, '?', 0), ('?', 4, '?', '?'), ('?', 4, '?', 0), ('?', 4, '?', 6), ('?', 6, '?', 6), ('?', 1, '?', 0), ('?', 4, '?', 6), ('?', 1, '?', 6), ('?', 4, '?', 0), ('?', 4, '?', 6), ('?', 6, '?', 0), ('?', 6, '?', 6), ('?', 1, '?', 6), (3, 4, '?', 0), ('?', 6, '?', 0), ('?', 1, '?', 0), ('?', 6, '?', 6), ('?', 4, '?', 0), ('?', 1, '?', 6)]"
"(22, 2, 2, 8, 0)","[(1, 4, '?', 6), (1, 1, '?', 6), (1, 1, '?', 0)]"
"(22, 2, 2, 10, 0)","[(1, 4, '?', '?'), (1, 4, '?', '?'), (1, 6, '?', '?'), (1, 6, '?', '?'), (1, 1, 1, '?')]"
"(22, 2, 2, 11, 0)","[(2, 6, '?', '?'), (2, 1, '?', '?'), (2, 1, '?', '?'), (2, 1, '?', '?'), (2, 4, '?', '?')]"
"(22, 2, 2, 15, 0)","[(3, 4, '?', 6), (3, 1, '?', 6), (3, 1, '?', 6), (3, 1, '?', 0), (3, 6, '?', '?'), (3, 1, '?', 0), (3, 1, '?', 6), (3, 1, '?', 6), (3, 6, '?', 6), (3, 1, '?', 0), (3, 1, '?', 6)]"
"(22, 2, 2, 17, 0)","[(2, 4, '?', 6), (2, 4, 0, 0), (2, 4, '?', 0), (2, 1, '?', 0), (2, 6, '?', 0), (2, 1, '?', 0), (2, 4, '?', 6), (2, 1, '?', 6), (2, 4, '?', 6)]"
"(22, 2, 2, 20, 0)","[(0, 1, '?', 2), (0, 1, '?', 2), ('?', 4, '?', 2), ('?', 6, '?', 2), ('?', 1, '?', 2), (3, 4, '?', 2), (3, 4, '?', 2), (3, 1, '?', 2), (3, 4, '?', 2), (0, 4, '?', 2)]"
"(22, 2, 2, 21, 0)","[(4, 1, '?', 6)]"
"(22, 2, 2, 22, 0)","[('?', 6, '?', '?'), ('?', 1, '?', '?'), ('?', 6, '?', '?'), ('?', 4, '?', '?'), ('?', 6, '?', '?'), ('?', 4, '?', '?'), ('?', 1, '?', '?'), ('?', 4, '?', '?'), ('?', 6, '?', '?'), ('?', 1, '?', '?'), ('?', 6, '?', '?')]"
"(22, 2, 2, 25, 0)","[(4, 4, '?', 0), (4, 4, '?', 0), (4, 1, '?', 0), (4, 4, '?', 6), (4, 4, '?', 6), (4, 1, '?', 0)]"
"(22, 2, 2, 26, 0)","[(3, 6, '?', '?'), (3, 4, '?', '?'), (3, 4, '?', '?'), (3, 1, '?', '?'), (3, 4, '?', '?'), (3, 6, '?', '?'), (3, 1, '?', '?'), (3, 1, '?', '?'), (3, 1, '?', '?')]"
"(22, 2, 8, 2, 0)","[(1, 6, '?', 0), (1, 1, '?', 0)]"
"(22, 2, 10, 16, 0)","[(1, 4, '?', 2)]"
"(22, 2, 10, 20, 0)","[(1, 4, '?', 2)]"
"(22, 2, 11, 17, 0)","[(2, 1, '?', 0)]"
"(22, 2, 17, 17, 0)","[(2, 4, '?', 0), (2, 6, '?', 6), (2, 4, '?', 0), (2, 4, '?', 6), (2, 4, '?', 0), (2, 4, '?', 0), (2, 6, '?', 0)]"
"(22, 2, 20, 2, 0)","[('?', 1, '?', 1)]"
"(22, 2, 20, 8, 0)","[(1, 4, '?', 1), (1, 1, '?', 1), (1, 1, '?', 1)]"
"(22, 2, 20, 10, 0)","[(1, 1, '?', 5), (1, 4, '?', 5), (1, 4, '?', 5)]"
"(22, 2, 20, 11, 0)","[(2, 6, 6, 5), (2, 1, '?', 5), (2, 4, '?', 5), (2, 1, '?', 5), (2, 1, '?', 5), (2, 1, '?', 5), (2, 4, '?', 5)]"
"(22, 2, 20, 21, 0)","[(4, 4, '?', 5)]"
"(22, 2, 20, 22, 0)","[('?', 4, '?', 5), (0, 1, '?', 5), ('?', 1, '?', 5)]"
"(22, 2, 20, 25, 0)","[(4, 4, '?', 1), (4, 1, '?', 1)]"
"(22, 2, 20, 26, 0)","[(3, 4, '?', 5)]"
"(22, 2, 22, 20, 0)","[('?', 1, '?', 2), ('?', 1, 1, 2)]"
"(22, 2, 22, 26, 0)","[(3, 6, '?', '?')]"
"(22, 2, 25, 25, 0)","[(4, 1, '?', 0), (4, 6, '?', 6), (4, 1, '?', 0), (4, 1, '?', 6)]"
"(22, 2, 26, 20, 0)","[(3, 6, '?', 2), (3, 6, '?', 2), (3, 4, '?', 2), (3, 1, '?', 2), (3, 4, '?', 2), (3, 6, '?', 2), (3, 1, '?', 2), (3, 1, '?', 2), (3, 1, '?', 2), (3, 6, '?', 2)]"
"(22, 2, 26, 22, 0)","[(3, 4, '?', '?')]"
"(22, 2, 27, 22, 0)","[(0, 6, '?', '?')]"
"(22, 3, 22, 25, 0)","[(4, 0, '?', 0), (4, 0, 3, 6)]"
"(22, 4, 4, 2, 0)","[('?', 5, '?', 6), ('?', 0, '?', 0), ('?', 0, '?', 6), ('?', 5, '?', 6), ('?', 0, '?', 6), ('?', 5, 3, 6), ('?', 0, '?', 6)]"
"(22, 4, 4, 11, 0)","[(2, 0, '?', '?'), (2, 0, '?', '?')]"
"(22, 4, 4, 15, 0)","[(3, 5, '?', 6), (3, 0, '?', 6), (3, 0, '?', 6), (3, 5, '?', 6), (3, 0, '?', 6), (3, 0, '?', 0)]"
"(22, 4, 4, 17, 0)","[(2, 0, '?', 6)]"
"(22, 4, 4, 20, 0)","[('?', 0, '?', 2), (3, 5, '?', 2), (3, 0, '?', 2), ('?', 0, '?', 2), ('?', 0, '?', 2), (3, 5, '?', 2)]"
"(22, 4, 4, 21, 0)","[(4, 5, '?', '?'), (4, 5, '?', '?')]"
"(22, 4, 4, 22, 0)","[('?', 5, '?', '?'), ('?', 5, '?', '?'), ('?', 0, '?', '?'), (3, 5, '?', '?'), ('?', 0, '?', '?'), ('?', 5, '?', '?')]"
"(22, 4, 4, 26, 0)","[(3, 5, '?', '?'), (3, 5, '?', '?'), (3, 5, '?', '?')]"
"(22, 4, 8, 2, 0)","[(1, 5, '?', 0), (1, 0, '?', 0)]"
"(22, 4, 8, 8, 0)","[(1, 5, '?', 0)]"
"(22, 4, 10, 2, 0)","[(1, 5, '?', 0), (1, 5, '?', 0), (1, 5, 3, 6)]"
"(22, 4, 10, 10, 0)","[(1, 0, '?', 5), (1, 5, '?', '?'), (1, 0, '?', '?'), (1, 0, '?', '?'), (1, 0, '?', '?'), (1, 5, '?', '?'), (1, 5, '?', '?'), (1, 5, '?', '?'), (1, 5, '?', '?'), (1, 5, '?', '?')]"
"(22, 4, 10, 22, 0)","[(1, 5, '?', '?')]"
"(22, 4, 11, 11, 0)","[(2, 0, '?', '?'), (2, 5, '?', '?'), (2, 5, '?', '?'), (2, 5, '?', '?'), (2, 0, '?', '?')]"
"(22, 4, 11, 20, 0)","[(2, 5, '?', 2), (2, 5, '?', 2), (2, 0, 0, 2), (2, 0, '?', 2), (2, 0, '?', 2), (2, 0, 0, 2), (2, 5, '?', 2), (2, 5, '?', 2), (2, 0, 0, 2), (2, 5, '?', 2)]"
"(22, 4, 15, 15, 0)","[(3, 5, '?', 6), (3, 5, '?', 0), (3, 0, '?', 0), (3, 5, '?', 0)]"
"(22, 4, 17, 2, 0)","[(2, 5, '?', 6)]"
"(22, 4, 17, 17, 0)","[(2, 0, '?', 6), (2, 5, '?', 0), (2, 0, '?', 6), (2, 0, '?', 0), (2, 0, '?', 0), (2, 5, '?', 6), (2, 5, '?', 6), (2, 5, '?', 0), (2, 0, '?', 0), (2, 0, '?', 6), (2, 0, '?', 6)]"
"(22, 4, 20, 4, 0)","[('?', 0, '?', 5)]"
"(22, 4, 20, 10, 0)","[(1, 0, '?', 5), (1, 5, '?', 5), (1, 5, '?', 5), (1, 5, '?', 5), (1, 0, 5, 5), (1, 5, '?', 5)]"
"(22, 4, 20, 11, 0)","[(2, 5, '?', 5), (2, 5, '?', 5), (2, 5, '?', 5), (2, 5, '?', 5), (2, 5, '?', 5), (2, 5, 5, 5), (2, 5, 5, 5), (2, 5, 5, 5), (2, 5, '?', 5), (2, 5, 5, 5)]"
"(22, 4, 20, 21, 0)","[(4, 0, '?', 5), (4, 5, '?', 5), (4, 0, '?', 5), (4, 0, '?', 5), (4, 5, '?', 5), (4, 0, '?', 5), (4, 0, '?', 5), (4, 0, '?', 5), (4, 0, '?', 5)]"
"(22, 4, 20, 22, 0)","[('?', 0, '?', 5), (1, 5, '?', 5), ('?', 0, '?', 5), (5, 0, '?', 5), ('?', 0, '?', 5), (1, 0, '?', 5), (6, 5, '?', 5)]"
"(22, 4, 20, 26, 0)","[(3, 0, '?', 5), (3, 5, '?', 5), (3, 5, 5, 5), (3, 0, '?', 5), (3, 0, '?', 5), (3, 5, '?', 5), (3, 5, '?', 5), (3, 5, '?', 5), (3, 0, '?', 5)]"
"(22, 4, 20, 27, 0)","[(0, 5, '?', 5)]"
"(22, 4, 21, 21, 0)","[(4, 5, '?', '?'), (4, 5, '?', '?'), (4, 0, '?', '?'), (4, 5, '?', '?'), (4, 0, '?', '?'), (4, 0, '?', '?'), (4, 0, '?', '?'), (4, 5, '?', '?')]"
"(22, 4, 21, 25, 0)","[(4, 5, '?', 0), (4, 5, '?', 6), (4, 0, '?', 6)]"
"(22, 4, 22, 2, 0)","[('?', 0, '?', 6), ('?', 0, '?', 0), ('?', 5, '?', 6), ('?', 0, '?', 6), ('?', 0, '?', 0), ('?', 5, '?', 6), ('?', 5, 3, 6), ('?', 5, '?', 6), ('?', 0, '?', 6), ('?', 5, '?', 6), ('?', 0, '?', 6), ('?', 5, '?', '?'), ('?', 5, '?', 0), ('?', 5, '?', 0), ('?', 5, '?', 6), ('?', 5, '?', 0), ('?', 0, '?', 0)]"
"(22, 4, 22, 4, 0)","[('?', 5, '?', 0)]"
"(22, 4, 22, 20, 0)","[('?', 0, '?', 2), (3, 5, '?', 2), ('?', 0, '?', 2), (3, 5, '?', 2), ('?', 0, '?', 2)]"
"(22, 4, 22, 22, 0)","[(0, 5, '?', 5), ('?', 5, '?', '?'), ('?', 0, '?', '?'), ('?', 5, 5, 5), ('?', 5, '?', '?'), ('?', 0, '?', '?'), ('?', 0, 6, 5), ('?', 0, '?', '?'), ('?', 5, '?', '?')]"
"(22, 4, 22, 25, 0)","[(4, 5, '?', 6)]"
"(22, 4, 22, 26, 0)","[(3, 0, '?', '?'), (3, 0, '?', '?'), (3, 0, '?', '?'), (3, 5, '?', 5)]"
"(22, 4, 22, 27, 0)","[(0, 5, '?', 5), (0, 5, 5, 5)]"
"(22, 4, 25, 25, 0)","[(4, 5, '?', 0), (4, 5, '?', 6), (4, 0, '?', 6), (4, 0, '?', 0), (4, 5, '?', 6), (4, 5, '?', 0), (4, 5, '?', 6), (4, 0, '?', 0), (4, 5, '?', 0), (4, 0, '?', 0), (4, 0, '?', 6), (4, 0, '?', 6), (4, 5, '?', 0)]"
"(22, 4, 26, 2, 0)","[(3, 5, '?', 6), (3, 0, '?', 6), (3, 0, '?', 6), (3, 5, '?', 0)]"
"(22, 4, 26, 15, 0)","[(3, 0, '?', 6)]"
"(22, 4, 26, 20, 0)","[(3, 5, '?', 2), (3, 0, '?', 2), (3, 5, '?', 2), (3, 5, '?', 2), (3, 0, '?', 2), (3, 5, '?', 2), (3, 0, '?', 2), (3, 0, '?', 2)]"
"(22, 4, 26, 22, 0)","[(3, 5, '?', 5), (3, 0, '?', '?'), (3, 0, '?', 5), (3, 5, '?', '?')]"
"(22, 4, 27, 2, 0)","[(0, 5, '?', 6), (0, 5, '?', 6), (0, 5, '?', 6), (0, 0, 6, 6), (0, 0, '?', 0), (0, 0, '?', 0), (0, 5, 3, 6)]"
"(22, 4, 27, 20, 0)","[(0, 0, '?', 2), (0, 0, '?', 2)]"
"(22, 4, 27, 22, 0)","[(0, 0, '?', '?'), (0, 5, '?', '?'), (0, 0, '?', '?'), (0, 0, '?', '?'), (0, 5, '?', 5), (0, 0, '?', '?'), (0, 5, '?', '?'), (0, 0, '?', '?'), (0, 5, '?', '?')]"
"(22, 5, 4, 10, 0)","[(1, 5, 5, '?')]"
"(22, 5, 11, 17, 0)","[(2, 3, 5, 0)]"
"(22, 5, 20, 10, 0)","[(1, 3, 5, 5), (1, '?', 5, 5), (1, 2, 5, 5), (1, '?', 5, 5), (1, 7, 5, 5), (1, 2, 5, 5), (1, 3, 5, 5), (1, 3, 5, 5), (1, 2, 5, 5)]"
"(22, 5, 20, 11, 0)","[(2, 1, 5, 5)]"
"(22, 5, 20, 15, 0)","[(3, 7, '?', 1)]"
"(22, 5, 20, 21, 0)","[(4, 2, 5, 5)]"
"(22, 5, 20, 22, 0)","[('?', 2, 5, 5), ('?', 3, 5, 5), (1, 0, 5, 5)]"
"(22, 5, 20, 27, 0)","[(0, 1, 5, 5), (0, 1, 5, 5), (0, 1, 5, 5)]"
"(22, 5, 22, 21, 0)","[(4, 3, 5, 5)]"
"(22, 6, 6, 1, 0)","[(4, 7, '?', 7)]"
"(22, 6, 6, 2, 0)","[('?', 2, '?', 6), ('?', 2, '?', 6), ('?', 3, '?', 6), (0, 7, '?', 0), ('?', 7, 0, 6), ('?', 3, '?', 0), (0, 7, '?', 0), ('?', 2, '?', 6), ('?', 3, '?', 6), ('?', 7, '?', 6), ('?', 3, '?', 6), ('?', 3, '?', 0)]"
"(22, 6, 6, 8, 0)","[(1, 7, '?', 6), (1, 3, '?', 6), (1, 3, '?', 6), (1, 3, '?', 0)]"
"(22, 6, 6, 10, 0)","[(1, 2, '?', '?'), (1, 2, '?', '?'), (1, 3, '?', '?')]"
"(22, 6, 6, 11, 0)","[(2, 2, '?', 6), (2, 2, '?', 6), (2, 3, '?', '?'), (2, 7, '?', '?'), (2, 7, '?', '?'), (2, 7, '?', 0)]"
"(22, 6, 6, 15, 0)","[(3, 2, '?', 0), (3, 7, '?', 0), (3, 7, '?', 0), (3, 3, '?', 0), (3, 2, '?', 0), (3, 7, '?', 0), (3, 7, '?', 0), (3, 7, '?', 6), (3, 2, '?', 6), (3, '?', '?', 6), (3, 2, '?', 6), (3, 3, '?', 0), (3, 2, '?', 6), (3, '?', '?', 0), (3, 3, '?', 0), (3, 7, '?', 0)]"
"(22, 6, 6, 16, 0)","[(4, 2, '?', 2), (1, 2, '?', 2), (4, 3, '?', 2), (4, 7, '?', 2), (4, 3, '?', 2), (4, 2, '?', 2)]"
"(22, 6, 6, 17, 0)","[(2, 2, '?', 0), (2, 2, '?', 0), (2, 7, '?', 6), (2, 3, '?', 0), (2, 3, '?', 0), (2, 7, '?', 0), (2, 2, '?', 0), (2, 2, '?', 6), (2, 7, '?', 0), (2, 7, '?', 0), (2, 3, '?', 0), (2, 3, '?', 6), (2, 7, '?', 6), (2, 3, '?', 0), (2, 2, '?', 0), (2, 7, '?', 0), (2, 2, '?', 6)]"
"(22, 6, 6, 20, 0)","[('?', 7, '?', 2), ('?', 3, '?', 2), ('?', 3, '?', 2), ('?', 7, '?', 2), ('?', 3, '?', 2), ('?', 7, '?', 2)]"
"(22, 6, 6, 21, 0)","[(4, 7, '?', '?'), (4, 3, '?', '?'), (4, 3, '?', '?'), (4, 3, '?', '?'), (4, 7, '?', '?')]"
"(22, 6, 6, 22, 0)","[(3, 7, '?', 6), ('?', 2, '?', '?'), ('?', 3, '?', '?'), ('?', 2, '?', '?'), ('?', 2, '?', 6)]"
"(22, 6, 6, 25, 0)","[(4, 2, '?', 0), (4, 3, '?', 0), (4, 3, '?', 6), (4, 7, '?', 0), (4, 7, '?', 0)]"
"(22, 6, 6, 26, 0)","[(3, 7, 3, 0), (3, 2, '?', '?'), (3, 2, '?', 5), (3, 2, '?', 5), (3, 2, '?', '?')]"
"(22, 6, 6, 27, 0)","[(0, 7, '?', '?')]"
"(22, 6, 8, 2, 0)","[(1, 3, '?', 0)]"
"(22, 6, 8, 8, 0)","[(1, 7, '?', 0)]"
"(22, 6, 8, 10, 0)","[(1, 3, '?', '?')]"
"(22, 6, 10, 10, 0)","[(1, 2, '?', 5)]"
"(22, 6, 11, 11, 0)","[(2, 7, 0, 6)]"
"(22, 6, 11, 17, 0)","[(2, 3, '?', 6)]"
"(22, 6, 17, 2, 0)","[(2, 3, '?', 6)]"
"(22, 6, 17, 17, 0)","[(2, 7, '?', 6)]"
"(22, 6, 20, 6, 0)","[(5, 7, '?', 5), ('?', 2, '?', 5), (3, 7, '?', 5), (2, 3, '?', '?')]"
"(22, 6, 20, 10, 0)","[(1, 7, '?', 5), (1, 2, '?', 5), (1, 7, '?', 5)]"
"(22, 6, 20, 11, 0)","[(2, 3, '?', 5), (2, 7, '?', '?'), (2, 3, '?', 5), (2, 3, 5, 5), (2, 3, 5, 5), (2, 7, 5, 5), (2, 7, 5, 5)]"
"(22, 6, 20, 21, 0)","[(4, 3, 5, 5), (4, 2, '?', 5), (4, 3, '?', 5), (4, 3, '?', 5), (4, 3, '?', 5)]"
"(22, 6, 20, 22, 0)","[('?', 7, '?', 5), (6, 7, '?', 5)]"
"(22, 6, 20, 26, 0)","[(3, 2, 5, 5), (3, 2, 5, 5), (3, 7, '?', 5), (3, 2, 5, 5), (3, 2, '?', 5), (3, 7, '?', 5)]"
"(22, 6, 20, 27, 0)","[(0, 7, '?', 5), (0, 2, '?', 5), (0, 7, '?', 5), (0, 3, '?', 5), (0, 3, '?', 5), (0, 7, '?', 5), (0, 2, '?', 5)]"
"(22, 6, 22, 22, 0)","[('?', 7, 3, 0)]"
"(22, 6, 22, 25, 0)","[(4, 2, '?', 6)]"
"(22, 6, 25, 25, 0)","[(4, 2, '?', 0)]"
"(22, 6, 27, 20, 0)","[(0, 7, '?', 2)]"
"(22, 9, 4, 1, 0)","[(4, 0, 6, 7)]"
"(22, 9, 6, 1, 0)","[(4, 7, '?', 7), (4, 7, 6, 7), (4, 7, '?', 7)]"
"(22, 9, 6, 3, 0)","[(4, 7, 6, 7), (4, 7, 6, 7)]"
"(22, 9, 6, 6, 0)","[('?', 7, '?', 7)]"
"(22, 9, 6, 9, 0)","[('?', 7, 0, 7)]"
"(22, 9, 6, 22, 0)","[(2, 7, '?', 3)]"
"(22, 9, 11, 9, 0)","[(2, 2, '?', 7), (2, 6, '?', 7), (2, 4, '?', 7)]"
"(22, 9, 11, 22, 0)","[(2, 7, '?', 4)]"
"(22, 9, 22, 1, 0)","[(4, 3, 6, 7), (4, 2, '?', 7), (4, 7, 0, 7), (4, 3, 6, 7), (4, 6, 6, 7), (4, 7, '?', 7), (4, 7, '?', 7), (4, 7, '?', 7), (4, 0, 6, 7), (4, 1, '?', 7), (4, 7, 6, 7)]"
"(22, 9, 22, 7, 0)","[(3, 1, '?', 7), (3, 2, '?', 7)]"
"(22, 9, 22, 17, 0)","[(2, 3, '?', 7)]"
"(22, 9, 22, 21, 0)","[(4, 7, 0, 4)]"
"(22, 9, 27, 9, 0)","[(0, 7, 6, 7)]"
"(22, 10, 2, 2, 0)","[(1, 4, '?', 0)]"
"(22, 10, 2, 8, 0)","[(1, 1, '?', 0), (1, 1, '?', 6)]"
"(22, 10, 2, 10, 0)","[(1, 1, '?', '?'), (1, '?', '?', '?'), (1, 1, '?', 6)]"
"(22, 10, 2, 16, 0)","[(1, 4, '?', 2), (1, 4, '?', 2)]"
"(22, 10, 4, 2, 0)","[(1, 5, '?', 6)]"
"(22, 10, 4, 8, 0)","[(1, 0, '?', 0), (1, 0, '?', 0)]"
"(22, 10, 6, 2, 0)","[(1, 3, '?', 6), (1, 7, '?', 0), (1, 3, '?', 6), (1, 7, '?', 6), (1, 3, '?', '?'), (1, 3, '?', '?')]"
"(22, 10, 6, 10, 0)","[(1, 2, '?', '?')]"
"(22, 10, 6, 16, 0)","[(1, 7, '?', 2), (1, 7, '?', 2), (1, 7, '?', 2)]"
"(22, 10, 10, 10, 0)","[(1, '?', '?', '?')]"
"(22, 10, 20, 6, 0)","[(1, 7, '?', 5)]"
"(22, 10, 20, 10, 0)","[(1, 3, '?', 5), (1, 2, '?', 5), (1, 0, '?', 5), (1, 2, '?', 5), (1, 0, '?', 5), (1, 2, '?', 5)]"
"(22, 10, 20, 20, 0)","[(1, 6, '?', 1)]"
"(22, 10, 22, 2, 0)","[(1, 3, '?', 0), (1, '?', '?', 6)]"
"(22, 10, 22, 10, 0)","[(1, 4, '?', '?'), (1, '?', '?', '?')]"
"(22, 10, 22, 16, 0)","[(1, 2, '?', 2), (1, 7, '?', 2), (1, 3, '?', 2), (1, 2, '?', 2), (1, 2, '?', 2), (1, 3, '?', 2), (1, 3, '?', 2), (1, 2, '?', 2)]"
"(22, 11, 2, 11, 0)","[(2, 1, '?', 0), (2, 4, '?', '?'), (2, 1, '?', '?'), (2, 4, '?', '?'), (2, 1, '?', 6), (2, 6, '?', '?'), (2, 4, '?', '?')]"
"(22, 11, 2, 17, 0)","[(2, 6, '?', 6)]"
"(22, 11, 2, 20, 0)","[(2, 4, '?', 2), (2, 1, '?', 2), (2, 6, '?', 2), (2, 4, '?', 2), (2, 1, '?', 2)]"
"(22, 11, 2, 22, 0)","[(2, 1, '?', '?')]"
"(22, 11, 4, 11, 0)","[(2, 0, '?', '?'), (2, 0, 6, '?'), (2, 5, '?', '?'), (2, 5, '?', '?'), (2, 5, '?', '?'), (2, 5, '?', '?')]"
"(22, 11, 4, 17, 0)","[(2, 5, '?', 6), (2, 0, '?', 6), (2, 5, '?', 6), (2, 0, '?', 6), (2, 0, '?', 0), (2, 0, '?', 0), (2, 0, '?', 0), (2, 5, '?', 0), (2, 5, '?', 0), (2, 5, '?', 6), (2, 5, '?', 6), (2, 5, '?', 0), (2, 0, '?', 6), (2, 0, '?', 0)]"
"(22, 11, 4, 20, 0)","[(2, 0, 6, 2), (2, 0, '?', 2), (2, 5, '?', 2), (2, 5, '?', 2), (2, 0, '?', 2), (2, 0, '?', 2), (2, 5, '?', 2), (2, 0, '?', 2)]"
"(22, 11, 4, 22, 0)","[(2, 5, '?', '?')]"
"(22, 11, 6, 2, 0)","[(2, 3, '?', 0)]"
"(22, 11, 6, 11, 0)","[(2, 7, '?', '?'), (2, 7, '?', 0), (2, 2, '?', '?'), (2, 7, '?', '?'), (2, 7, '?', '?'), (2, 2, '?', '?'), (2, 7, '?', 3), (2, 7, '?', 0), (2, 7, '?', 3), (2, 7, '?', '?'), (2, 2, '?', 0), (2, 7, '?', 3), (2, 7, '?', 6)]"
"(22, 11, 6, 17, 0)","[(2, 3, '?', 6), (2, 2, '?', 0)]"
"(22, 11, 6, 22, 0)","[(2, 2, '?', 6)]"
"(22, 11, 11, 9, 0)","[(2, '?', '?', 0)]"
"(22, 11, 11, 20, 0)","[(2, 6, 5, 2), (2, '?', 0, 2)]"
"(22, 11, 17, 17, 0)","[(2, '?', '?', 6), (2, '?', '?', 0)]"
"(22, 11, 20, 4, 0)","[(2, 5, '?', 5), (2, 5, 5, 5), (2, 0, '?', 5), (2, 0, '?', 5)]"
"(22, 11, 20, 5, 0)","[(2, 3, 5, 5), (2, 7, 5, 5), (2, 7, 5, 5)]"
"(22, 11, 20, 6, 0)","[(2, 7, 5, 5), (2, 2, 5, 5), (2, 7, 3, 5), (2, 7, 5, 5), (2, 3, '?', 5)]"
"(22, 11, 20, 11, 0)","[(2, 4, '?', 5), (2, '?', '?', 5), (2, 3, 5, 5), (2, 1, '?', 5), (2, 2, 5, 5), (2, 1, 5, 5), (2, 2, 5, 5), (2, '?', '?', 5), (2, 3, 5, 5), (2, 3, '?', 5), (2, '?', '?', 5), (2, 2, 5, 5), (2, 3, '?', 5), (2, '?', '?', 5), (2, 7, 5, 5), (2, 0, '?', 5), (2, 6, 5, 5)]"
"(22, 11, 20, 20, 0)","[(2, '?', 6, 1)]"
"(22, 11, 20, 22, 0)","[(2, 3, '?', 5), (2, 6, 5, 5), (2, 3, 5, 5), (2, 1, '?', 5), (2, 7, 5, 5)]"
"(22, 11, 22, 11, 0)","[(2, '?', '?', '?'), (2, '?', '?', 6), (2, '?', '?', '?'), (2, 4, '?', '?'), (2, 6, '?', '?')]"
"(22, 11, 22, 17, 0)","[(2, '?', '?', 0), (2, 6, '?', 6), (2, '?', '?', 6), (2, '?', '?', 6), (2, 6, '?', 0), (2, '?', '?', 6), (2, '?', '?', 6), (2, '?', '?', 0), (2, '?', '?', 0)]"
"(22, 11, 22, 20, 0)","[(2, 6, '?', 2), (2, 6, '?', 2), (2, 6, '?', 2), (2, 4, '?', 2), (2, 0, 2, 2), (2, 3, 5, 2)]"
"(22, 12, 2, 8, 0)","[(1, 4, 3, 0)]"
"(22, 12, 4, 20, 0)","[(0, 0, 3, 2)]"
"(22, 12, 4, 22, 0)","[('?', 5, 3, 2)]"
"(22, 12, 4, 25, 0)","[(4, 0, 3, 6)]"
"(22, 12, 6, 2, 0)","[(1, 2, 3, 6), ('?', 3, '?', 0), ('?', 2, '?', 0)]"
"(22, 12, 6, 6, 0)","[('?', 7, 3, 0)]"
"(22, 12, 6, 10, 0)","[(1, 7, 3, '?')]"
"(22, 12, 6, 15, 0)","[(3, 3, 3, 6), (3, 2, 3, 0)]"
"(22, 12, 6, 21, 0)","[(4, 3, 3, 6)]"
"(22, 12, 6, 22, 0)","[('?', 7, 3, 6), ('?', 7, 3, 0), (0, 7, 3, 6)]"
"(22, 12, 6, 25, 0)","[(4, 2, 3, 0), (4, 2, 3, 0)]"
"(22, 12, 8, 2, 0)","[(1, 3, 3, 6)]"
"(22, 12, 10, 20, 0)","[(1, 2, 3, 2)]"
"(22, 12, 22, 21, 0)","[(4, 3, 3, 0)]"
"(22, 13, 6, 22, 0)","[(6, 7, '?', 5)]"
"(22, 13, 20, 4, 0)","[(5, 0, '?', 5)]"
"(22, 13, 20, 6, 0)","[(5, 7, '?', 5), (6, 7, '?', 5), (6, 7, '?', 5)]"
"(22, 19, 6, 17, 0)","[(2, 3, '?', 0)]"
"(22, 19, 10, 2, 0)","[(1, 7, 4, 0)]"
"(22, 19, 22, 20, 0)","[(2, 5, 4, 2)]"
"(22, 20, 2, 16, 0)","[(1, 1, '?', 1)]"
"(22, 20, 2, 17, 0)","[(2, 1, '?', 1)]"
"(22, 20, 2, 20, 0)","[(2, 1, '?', 1), ('?', 1, '?', 1), ('?', 6, '?', 1)]"
"(22, 20, 8, 20, 0)","[(1, 1, '?', 1), (1, 6, 6, 1), (1, 6, 6, 1), (1, 6, 6, 1), (1, 6, '?', 1)]"
"(22, 20, 10, 8, 0)","[(1, '?', '?', 1)]"
"(22, 20, 15, 20, 0)","[(3, 2, '?', 1), (3, 2, '?', 1), (3, 6, '?', 1), (3, 1, '?', 1), (3, 6, '?', 1), (3, 1, '?', 1), (3, 4, '?', 1), (3, 4, '?', 1), (3, 1, '?', 1)]"
"(22, 20, 17, 17, 0)","[(2, 4, '?', 1), (2, 6, '?', 1)]"
"(22, 20, 20, 8, 0)","[(1, 6, '?', 1), (1, 4, '?', 1)]"
"(22, 20, 20, 15, 0)","[(3, 6, 6, 1), (3, 7, '?', 1)]"
"(22, 20, 20, 22, 0)","[('?', '?', '?', 1), (7, 1, '?', 1)]"
"(22, 20, 20, 25, 0)","[(4, '?', '?', 1)]"
"(22, 20, 22, 8, 0)","[(1, '?', '?', 1)]"
"(22, 20, 22, 16, 0)","[(1, '?', '?', 1)]"
"(22, 20, 22, 20, 0)","[(3, 6, 5, 5), ('?', '?', '?', 1)]"
"(22, 20, 25, 16, 0)","[(4, 6, '?', 1), (4, 6, '?', 1), (4, 4, '?', 1), (4, 6, '?', 1), (4, 1, '?', 1), (4, 4, '?', 1)]"
"(22, 20, 25, 25, 0)","[(4, 6, '?', 1), (4, '?', '?', 1)]"
"(22, 20, 27, 20, 0)","[(0, 1, 6, 1), (0, '?', '?', 1)]"
"(22, 22, 2, 2, 0)","[('?', 4, '?', 0), ('?', 1, '?', 0), (0, 1, '?', 0), ('?', 4, '?', 6), ('?', 6, '?', 0), ('?', 6, '?', 0), ('?', 1, '?', 0), ('?', 1, '?', 0), ('?', 6, '?', 0), ('?', 6, '?', 6)]"
"(22, 22, 2, 8, 0)","[(1, 1, '?', 0), (1, 6, '?', 0), (1, 4, '?', 6), (1, 1, '?', 0), (1, 4, '?', 0), (1, 4, '?', 6), (1, 6, '?', 0), (1, 1, '?', 6)]"
"(22, 22, 2, 9, 0)","[(1, 6, '?', 7)]"
"(22, 22, 2, 10, 0)","[(1, 4, '?', '?'), (1, 1, '?', '?'), (1, 6, '?', '?'), (1, 6, '?', '?'), (1, 6, '?', '?'), (1, 1, '?', '?'), (1, 1, '?', '?'), (1, 4, '?', '?'), (1, 4, '?', '?')]"
"(22, 22, 2, 11, 0)","[(2, 1, '?', '?'), (2, 4, '?', '?'), (2, 1, '?', 0)]"
"(22, 22, 2, 15, 0)","[(3, 6, '?', '?'), (3, 1, '?', 6)]"
"(22, 22, 2, 16, 0)","[(1, 4, '?', 2), (4, 4, '?', 2), (4, 6, '?', 2), (4, 1, '?', 2), (4, 1, '?', 2), (1, 4, '?', 2), (4, 6, '?', 2), (4, 6, '?', 2), (4, 1, '?', 2), (4, 4, '?', 2), (4, 4, '?', 2), (4, 6, '?', 2), (4, 1, '?', 2)]"
"(22, 22, 2, 17, 0)","[(2, 1, '?', 6), (2, 1, '?', 0)]"
"(22, 22, 2, 20, 0)","[(3, 1, '?', 2), (0, 1, '?', 2), (2, 1, '?', 2), ('?', 4, '?', 2), ('?', 4, '?', 2), ('?', 4, '?', 2), ('?', 6, '?', 2), ('?', 4, '?', 2), ('?', 6, '?', 2), ('?', 1, '?', 2), ('?', 1, '?', 2), (3, 1, '?', 2), ('?', 1, '?', 2), ('?', 4, '?', 2), (3, 6, '?', 2)]"
"(22, 22, 2, 21, 0)","[(4, 1, '?', 6), (4, 4, '?', '?'), (4, 4, '?', '?'), (4, 4, '?', '?'), (4, 4, '?', '?'), (4, 4, '?', '?'), (4, 1, '?', 6)]"
"(22, 22, 2, 22, 0)","[('?', 4, '?', '?'), ('?', 4, '?', '?'), ('?', 1, '?', '?')]"
"(22, 22, 2, 25, 0)","[(4, 4, '?', 6), (4, 6, '?', 6), (4, 4, '?', 0), (4, 6, 6, 6), (4, 6, '?', 6), (4, 1, '?', 6), (4, 1, '?', 6), (4, 4, '?', 6), (4, 1, '?', 0), (4, 6, '?', 6), (4, 4, '?', 0)]"
"(22, 22, 2, 26, 0)","[(3, 6, '?', '?'), (3, 1, '?', '?')]"
"(22, 22, 2, 27, 0)","[(0, 4, '?', '?')]"
"(22, 22, 4, 2, 0)","[('?', 5, '?', 0), ('?', 0, '?', 6), (0, 5, 6, 0), ('?', 0, '?', 0), ('?', 0, '?', 0), ('?', 5, '?', 0), ('?', 5, 3, 6), ('?', 5, '?', 0), ('?', 5, '?', 6), ('?', 5, '?', 6), ('?', 5, '?', 0), ('?', 0, '?', 0), ('?', 0, '?', 0)]"
"(22, 22, 4, 8, 0)","[(1, 5, '?', 0), (1, 5, '?', 0), (1, 5, '?', 6), (1, 5, '?', 0), (1, 0, '?', 0), (1, 5, '?', 6), (1, 5, '?', 6), (1, 0, '?', 0), (1, 5, '?', 6)]"
"(22, 22, 4, 10, 0)","[(1, 0, '?', '?'), (1, 0, '?', '?'), (1, 0, '?', '?')]"
"(22, 22, 4, 15, 0)","[(3, 0, '?', 0), (3, 5, '?', 6), (3, 5, '?', 6), (3, 0, '?', 0), (3, 5, '?', 6), (3, 0, '?', 6), (3, 0, '?', '?'), (3, 0, '?', 0), (3, 0, 3, 0), (3, 5, '?', 0), (3, 5, '?', 0)]"
"(22, 22, 4, 17, 0)","[(2, 5, '?', 6), (2, 5, '?', 0), (2, 5, '?', 0)]"
"(22, 22, 4, 20, 0)","[('?', 0, '?', 2), ('?', 0, '?', 2), ('?', 0, '?', 2), ('?', 0, '?', 2)]"
"(22, 22, 4, 21, 0)","[(4, 5, '?', 5), (4, 0, '?', '?')]"
"(22, 22, 4, 22, 0)","[('?', 0, '?', '?'), ('?', 0, '?', '?'), (3, 5, 3, '?'), (3, 0, '?', '?'), ('?', 0, '?', 5), ('?', 5, '?', '?')]"
"(22, 22, 4, 25, 0)","[(4, 5, '?', 0), (4, 5, '?', 6), (4, 5, '?', 0), (4, 0, '?', 6), (4, 5, '?', 0), (4, 0, '?', 0), (4, 0, '?', 6), (4, 0, '?', 0), (4, 0, 3, 6), (4, 5, 3, 6), (4, 0, '?', 0), (4, 0, '?', 6)]"
"(22, 22, 4, 26, 0)","[(3, 5, '?', 5)]"
"(22, 22, 4, 27, 0)","[(0, 5, '?', 5), (0, 0, '?', '?'), (0, 5, '?', '?')]"
"(22, 22, 6, 1, 0)","[(4, 7, 3, 7)]"
"(22, 22, 6, 2, 0)","[('?', 2, '?', 6), (0, 7, '?', 0), (3, 2, '?', 0), (0, 2, 6, 6), ('?', 2, '?', 0), (1, 2, '?', 6), ('?', 3, '?', 6), ('?', '?', '?', 6), ('?', 2, '?', 0), ('?', 3, '?', 0), ('?', 3, '?', 6), ('?', 7, '?', 6), ('?', 3, '?', 0), (3, 2, '?', 0), ('?', 2, '?', 6), ('?', 2, '?', 6), ('?', 2, '?', 0), ('?', 3, '?', 6), ('?', 7, '?', 6), (3, 2, '?', 0), ('?', 3, '?', 0), ('?', 3, '?', 6), (1, 3, 5, 0), ('?', 3, '?', 6), ('?', 2, '?', 0), ('?', 7, '?', 6), ('?', 3, '?', 0), ('?', 2, '?', 0), ('?', '?', '?', 6), (1, 3, 3, 6), ('?', 2, '?', 0), ('?', 7, '?', 6)]"
"(22, 22, 6, 8, 0)","[(1, 7, '?', 6), (1, 2, '?', 6), (1, 2, '?', 6)]"
"(22, 22, 6, 9, 0)","[('?', 7, '?', 7)]"
"(22, 22, 6, 10, 0)","[(1, 7, 6, 7), (1, 2, '?', '?'), (1, 2, '?', '?'), (1, 3, '?', '?'), (1, 2, '?', '?')]"
"(22, 22, 6, 11, 0)","[(2, 2, '?', '?'), (2, 2, '?', '?'), (2, 2, '?', '?'), (2, 2, '?', 6), (2, 7, '?', 3), (2, 7, '?', 3), (2, 7, '?', 0), (2, 3, '?', '?'), (2, 7, '?', 0), (2, 7, '?', '?'), (2, 7, '?', '?'), (2, 7, '?', 0), (2, 2, '?', 6), (2, 7, '?', '?'), (2, 7, '?', 6)]"
"(22, 22, 6, 15, 0)","[(3, 7, '?', 6), (3, 7, '?', 0), (3, 7, '?', 6), (3, 3, '?', 6), (3, 2, '?', 6), (3, 7, '?', 6), (3, 3, '?', 6), (3, 2, '?', 6), (3, 2, '?', 0), (3, 3, '?', 6), (3, 2, '?', 6), (3, 7, '?', 6), (3, 7, '?', 6), (3, 2, '?', 0), (3, 3, '?', 6), (3, 3, 3, 6), (3, 3, '?', 6), (3, 3, '?', '?'), (3, 7, 3, 6), (3, 3, '?', '?'), (3, '?', '?', 6), (3, 3, '?', 0), (3, 3, '?', 0), (3, 3, '?', 6), (3, 7, '?', 6), (3, 2, '?', 6), (3, 2, '?', 6), (3, 7, '?', 0)]"
"(22, 22, 6, 16, 0)","[(4, 3, '?', 2), (4, 7, '?', 2), (1, 7, '?', 2), (4, 7, '?', 2), (4, 2, '?', 2), (4, 7, '?', 2), (4, 7, '?', 2), (4, 7, '?', 2)]"
"(22, 22, 6, 17, 0)","[(2, 7, '?', 3), (2, 3, '?', 6), (2, 3, '?', 6), (2, 3, '?', 0), (2, 3, '?', 6), (2, 3, '?', 6)]"
"(22, 22, 6, 20, 0)","[(3, 2, '?', 2), ('?', 7, '?', 2), ('?', 7, '?', 2), ('?', 3, '?', 2)]"
"(22, 22, 6, 21, 0)","[(4, 2, 3, 6), (4, 3, '?', '?'), (4, 3, '?', 6), (4, 7, 6, 6), (4, 7, 3, 6), (4, 3, '?', '?'), (4, 2, 3, '?')]"
"(22, 22, 6, 22, 0)","[('?', 2, '?', '?'), ('?', 7, '?', '?'), ('?', 2, '?', '?'), ('?', 7, '?', 6), ('?', 3, '?', '?'), ('?', 2, '?', '?'), ('?', 3, '?', '?'), (3, 2, '?', '?'), ('?', 7, '?', '?'), ('?', 7, '?', 6), ('?', 7, '?', '?'), ('?', 7, '?', '?'), ('?', 2, '?', '?'), ('?', 3, '?', '?'), ('?', 3, '?', '?'), ('?', 7, '?', '?'), ('?', 7, '?', '?'), ('?', 7, '?', '?'), ('?', 3, '?', '?'), ('?', 7, '?', '?'), ('?', 7, '?', '?')]"
"(22, 22, 6, 25, 0)","[(4, 7, '?', 0), (4, 3, '?', 0), (4, 3, '?', 6), (4, 3, '?', 6), (4, 2, '?', 0), (4, 2, '?', 6), (4, 3, '?', 6), (4, 7, '?', 0), (4, 3, '?', 6), (4, 3, '?', 6), (4, 2, 3, 0), (4, 3, 3, 0), (4, 2, '?', 6), (4, 2, '?', 6)]"
"(22, 22, 6, 26, 0)","[(3, 2, '?', '?'), (3, 2, '?', '?'), (3, 3, '?', '?'), (3, 7, '?', '?'), (3, 2, '?', 6), (3, 3, '?', '?'), (3, 2, '?', '?'), (3, 2, '?', 5), (3, 7, '?', '?'), (3, 7, '?', '?'), (3, 2, '?', '?'), (3, 7, '?', '?'), (3, 2, '?', '?'), (3, 3, '?', '?')]"
"(22, 22, 6, 27, 0)","[(0, 7, '?', '?'), (0, 2, '?', '?'), (0, 7, '?', '?')]"
"(22, 22, 8, 8, 0)","[(1, 7, '?', 0), (1, 3, '?', 6)]"
"(22, 22, 9, 1, 0)","[(4, 1, '?', 7), (4, 1, '?', 7)]"
"(22, 22, 9, 7, 0)","[(3, '?', '?', 7)]"
"(22, 22, 9, 9, 0)","[(1, 3, 6, 7)]"
"(22, 22, 10, 2, 0)","[(1, '?', '?', 0), (1, 7, '?', 0), (1, 7, '?', 0), (1, 4, 0, 0), (1, 6, 0, 0), (1, 3, '?', 0), (1, 7, '?', 6), (1, '?', '?', 0), (1, '?', 3, 0), (1, '?', '?', 6)]"
"(22, 22, 10, 8, 0)","[(1, 7, '?', 0)]"
"(22, 22, 10, 10, 0)","[(1, 2, '?', '?'), (1, 3, '?', '?'), (1, '?', '?', '?'), (1, '?', '?', '?'), (1, '?', '?', '?'), (1, '?', '?', '?'), (1, 2, '?', '?')]"
"(22, 22, 10, 20, 0)","[(1, 3, '?', 2), (1, 2, '?', 2), (1, 3, '?', 2), (1, 7, '?', 2)]"
"(22, 22, 10, 22, 0)","[(1, '?', '?', '?')]"
"(22, 22, 11, 11, 0)","[(2, 3, '?', '?'), (2, 7, 0, 4), (2, '?', '?', '?'), (2, 3, '?', '?'), (2, 7, '?', 4), (2, '?', '?', '?'), (2, 2, '?', '?'), (2, '?', '?', '?'), (2, 3, '?', '?'), (2, 2, '?', '?'), (2, '?', '?', '?'), (2, '?', '?', '?'), (2, 2, '?', '?'), (2, 7, 6, 7), (2, 5, 0, '?')]"
"(22, 22, 11, 17, 0)","[(2, '?', '?', 0)]"
"(22, 22, 11, 20, 0)","[(2, 4, '?', 2), (2, 6, '?', 2), (2, 7, 0, 2)]"
"(22, 22, 15, 2, 0)","[(3, 7, 3, 0), (3, 6, '?', 6)]"
"(22, 22, 15, 6, 0)","[(3, 3, '?', 6)]"
"(22, 22, 15, 15, 0)","[(3, '?', '?', 6), (3, '?', '?', 0), (3, '?', '?', 6), (3, 6, '?', 6), (3, '?', '?', 0)]"
"(22, 22, 17, 2, 0)","[(2, '?', '?', 6), (2, 4, '?', 0), (2, 4, '?', 0)]"
"(22, 22, 17, 9, 0)","[(2, 7, '?', 7)]"
"(22, 22, 17, 17, 0)","[(2, 2, '?', 0), (2, '?', '?', 0), (2, 4, '?', 0), (2, 3, '?', 0)]"
"(22, 22, 20, 4, 0)","[(3, 0, 3, 5), (5, 0, '?', 5), (6, 5, '?', 5), (2, 0, '?', 5), (3, 5, '?', 5), ('?', 0, '?', 5)]"
"(22, 22, 20, 6, 0)","[('?', 7, '?', 5), (3, 7, '?', 5), (5, 7, '?', 5), (6, 2, '?', 5), ('?', 7, '?', 5), ('?', 7, '?', 5), ('?', 2, '?', 5), ('?', 2, '?', 5), ('?', 7, '?', 5), ('?', 2, '?', 5), ('?', 7, '?', 5), (6, 7, '?', 5)]"
"(22, 22, 20, 8, 0)","[(1, '?', '?', 1), (1, 4, 0, 1)]"
"(22, 22, 20, 10, 0)","[(1, 3, '?', 5), (1, 3, 5, 5), (1, '?', 5, 5), (1, 7, '?', 5), (1, 1, 5, 5), (1, 3, '?', 5), (1, 3, '?', 5), (1, 2, '?', 5), (1, '?', '?', 5), (1, 2, 5, 5), (1, '?', '?', 5), (1, '?', '?', 5), (1, 0, '?', 5), (1, 7, '?', 5), (1, '?', '?', 5), (1, 2, 5, 5), (1, 6, '?', 5), (1, 3, '?', 5), (1, 4, '?', 5), (1, '?', '?', 5), (1, 1, 5, 5), (1, 4, '?', 5), (1, 5, '?', 5), (1, 1, '?', 5), (1, 7, '?', 5), (1, 1, 5, 5), (1, 7, '?', 5), (1, 1, 5, 5), (1, 2, '?', 5), (1, 4, '?', 5), (1, 5, '?', 5), (1, 2, '?', 5), (1, 4, '?', 5), (1, 2, '?', 5), (1, 2, 1, 5), (1, 6, '?', 5)]"
"(22, 22, 20, 11, 0)","[(2, 5, '?', 5), (2, '?', '?', 5), (2, 6, 6, 5), (2, 3, '?', 5), (2, 5, 5, 5), (2, 5, '?', 5), (2, '?', '?', 5), (2, 2, 5, 5), (2, 6, 5, 5), (2, 7, 5, 5), (2, '?', '?', 5), (2, 2, 5, 5), (2, 3, '?', 5), (2, 1, 5, 5), (2, 4, '?', 5), (2, '?', '?', 5), (2, '?', '?', 5), (2, 4, '?', 5), (2, 7, 0, 5)]"
"(22, 22, 20, 15, 0)","[(3, '?', 4, 5), (3, 1, 0, 5)]"
"(22, 22, 20, 17, 0)","[(2, 5, '?', 1)]"
"(22, 22, 20, 20, 0)","[('?', 7, '?', 1), (1, '?', '?', 1), (6, 7, 4, 5)]"
"(22, 22, 20, 21, 0)","[(4, 3, '?', 5), (4, 2, '?', 5), (4, 3, '?', 5), (4, 5, '?', 5), (4, 2, '?', 5), (4, 3, '?', 5), (4, '?', '?', 5), (4, '?', '?', 5), (4, 0, '?', 5), (4, 2, '?', 5), (4, 2, '?', 5), (4, 1, '?', 5), (4, 3, '?', 5), (4, 4, '?', 5), (4, '?', '?', 5), (4, 4, '?', 5), (4, 2, '?', 5), (4, 5, '?', 5), (4, 4, '?', 5), (4, 1, '?', 5), (4, '?', '?', 5), (4, 2, '?', 5), (4, 1, '?', 5), (4, 3, '?', 5), (4, '?', '?', 5), (4, 1, '?', 5), (4, 2, 3, 5), (4, 3, '?', 5), (4, '?', '?', 5)]"
"(22, 22, 20, 22, 0)","[('?', '?', '?', 5), ('?', '?', '?', 5), ('?', '?', '?', 5), ('?', 0, '?', 5), (0, 6, 6, 5), ('?', 7, '?', 5), (3, 1, 2, 5), (0, 3, '?', 5), (6, 5, '?', 5), ('?', '?', '?', 5), ('?', 2, '?', 5), (0, 2, 4, 5), (6, 5, '?', 5), ('?', 7, '?', 5), ('?', '?', '?', 5), (6, 6, '?', 5), ('?', 7, 5, 5), ('?', 2, '?', 5), ('?', '?', '?', 5), (3, 1, 2, 5), (0, 7, '?', 5), (3, 1, 2, 5), ('?', 3, 5, 5), ('?', '?', '?', 5), (6, 5, '?', 5), (6, 7, 6, 5), ('?', 4, '?', 5), (3, 7, '?', 5), (6, 2, '?', 5), ('?', 2, '?', 5), (6, 2, 6, 5), (6, 2, '?', 5), ('?', 2, '?', 5), (1, 7, 5, 5), ('?', 2, 4, 5), ('?', '?', '?', 5), ('?', 2, 4, 5), ('?', '?', '?', 5), (0, 4, '?', 5), (6, '?', '?', 5), ('?', 6, 3, 5), ('?', 6, '?', 5), ('?', 4, '?', 5), (0, 4, '?', 5), (0, 0, 6, 5), (6, 5, '?', 5), ('?', 6, '?', 5), ('?', 6, 6, 5), ('?', 0, '?', 5), ('?', 7, 0, 5), (6, 2, '?', 5), (6, 4, '?', 5), ('?', 6, '?', 5), (6, 2, '?', 5), ('?', 2, '?', 5), ('?', '?', '?', 5), (0, 1, '?', 5), ('?', 4, '?', 5), (6, '?', '?', 5), (6, 2, '?', 5), ('?', 4, '?', 5), (6, 2, '?', 5), (6, '?', '?', 5)]"
"(22, 22, 20, 25, 0)","[(4, 6, 6, 1)]"
"(22, 22, 20, 26, 0)","[(3, 2, 5, 5), (3, 0, '?', 5), (3, '?', 5, 5), (3, 0, '?', 5), (3, 6, '?', 5), (3, 4, '?', 5), (3, 2, 5, 5), (3, 7, '?', 5), (3, 6, 5, 5), (3, '?', '?', 5), (3, 6, 5, 5), (3, '?', '?', 5), (3, '?', 5, 5), (3, '?', '?', 5), (3, '?', '?', 5), (3, 2, '?', 5), (3, 7, '?', 5), (3, 6, 5, 5), (3, 2, '?', 5), (3, '?', '?', 5), (3, 7, '?', 5), (3, 7, '?', 5), (3, 1, '?', 5), (3, 6, '?', 5), (3, 6, '?', 5), (3, 1, '?', 5), (3, 4, '?', 5), (3, '?', '?', 5), (3, 6, 5, 5), (3, '?', '?', 5), (3, '?', '?', 5)]"
"(22, 22, 20, 27, 0)","[(0, 2, '?', 5), (0, 7, '?', 5), (0, 2, '?', 5), (0, 3, '?', 5), (0, 4, '?', 5), (0, 2, '?', 5)]"
"(22, 22, 21, 16, 0)","[(4, 4, '?', 2), (4, 6, '?', 2), (4, 6, '?', 2), (4, 7, '?', 2), (4, 4, '?', 2), (4, '?', '?', 2), (4, 7, '?', 2), (4, 3, '?', 2), (4, 2, '?', 2), (4, 1, '?', 2), (4, 3, '?', 2), (4, 1, '?', 2), (4, 2, '?', 2), (4, 3, '?', 2), (4, '?', '?', 2), (4, '?', '?', 2), (4, 3, '?', 2), (4, 4, '?', 2)]"
"(22, 22, 21, 21, 0)","[(4, 7, '?', '?'), (4, 2, '?', 6), (4, '?', '?', '?'), (4, 5, '?', 5), (4, 3, 5, 5)]"
"(22, 22, 22, 2, 0)","[('?', '?', '?', 6), (0, 7, '?', 0), ('?', 2, 3, 0), ('?', '?', '?', 6), (3, 2, '?', 0), (6, '?', '?', 0), ('?', 3, '?', 0), (1, 4, '?', 0), ('?', '?', '?', 6), ('?', '?', '?', 6), (0, 4, 0, 0), ('?', '?', '?', 6), (1, '?', '?', 0), (0, 6, '?', 0), ('?', '?', '?', 6), ('?', '?', '?', 6)]"
"(22, 22, 22, 8, 0)","[(1, '?', '?', 6), (1, '?', '?', 6), (1, 3, '?', 0), (1, 3, '?', 0), (1, 3, '?', 0), (1, '?', '?', 0), (1, 7, '?', 0), (1, '?', '?', 6), (1, 7, '?', 0)]"
"(22, 22, 22, 11, 0)","[(2, 7, '?', 4), (2, '?', '?', '?')]"
"(22, 22, 22, 15, 0)","[(3, 1, 3, 6), (3, '?', '?', 0), (3, 7, '?', 6), (3, 1, '?', 0), (3, 4, 3, 6), (3, 6, '?', '?')]"
"(22, 22, 22, 16, 0)","[(1, 3, '?', 2), (4, '?', '?', 2), (4, 6, '?', 2), (4, 3, '?', 2), (4, '?', '?', 2)]"
"(22, 22, 22, 17, 0)","[(2, '?', '?', 6)]"
"(22, 22, 22, 20, 0)","[('?', '?', '?', 2), (3, 2, '?', 2), (2, 4, '?', 2), ('?', 3, '?', 2), ('?', '?', '?', 2), ('?', 4, '?', 2), ('?', '?', '?', 2), (0, 6, 3, 2), (3, 2, '?', 2), ('?', '?', '?', 2), ('?', 3, '?', 2), (2, 4, 3, 2), (0, 4, '?', 2), ('?', '?', '?', 2), ('?', 7, '?', 2), ('?', '?', '?', 2), (3, 2, '?', 2), ('?', 7, '?', 2), ('?', 6, '?', 2)]"
"(22, 22, 22, 21, 0)","[(4, 2, 3, 0), (4, '?', '?', '?'), (4, '?', '?', '?'), (4, 3, '?', '?'), (4, '?', '?', '?'), (4, 3, '?', '?'), (4, '?', '?', '?'), (4, 7, '?', '?'), (4, 7, '?', 0), (4, 7, '?', '?'), (4, 6, 6, '?'), (4, 7, 3, 0), (4, 2, '?', 2), (4, '?', '?', '?'), (4, 1, '?', 0), (4, '?', '?', '?'), (4, '?', '?', '?'), (4, '?', '?', '?')]"
"(22, 22, 22, 22, 0)","[(0, 3, '?', 5), ('?', 7, 3, '?'), ('?', 2, '?', '?'), (3, 2, 3, '?'), ('?', '?', 3, '?'), (0, 3, 3, '?')]"
"(22, 22, 22, 25, 0)","[(4, 2, 3, 0), (4, 3, '?', 6), (4, 2, '?', 0), (4, '?', '?', 6), (4, '?', '?', 6), (4, 3, '?', 0), (4, 5, 6, 0), (4, 3, '?', 0), (4, '?', '?', 6), (4, 3, '?', 0), (4, '?', '?', 6), (4, '?', '?', 0), (4, '?', '?', 6), (4, '?', '?', 6), (4, 3, '?', 0), (4, 2, '?', 0), (4, 2, 3, 6), (4, 2, '?', 6), (4, '?', '?', 0), (4, 7, '?', 0), (4, 2, 3, 6), (4, 4, '?', 0), (4, '?', '?', 0), (4, '?', '?', 0), (4, 3, '?', 0), (4, 3, 3, 6), (4, '?', '?', 0), (4, 3, '?', 0), (4, 6, '?', 6)]"
"(22, 22, 22, 26, 0)","[(3, 2, '?', '?'), (3, 2, '?', 5), (3, 3, '?', '?'), (3, 5, '?', 5)]"
"(22, 22, 22, 27, 0)","[(0, 5, 5, 5)]"
"(22, 22, 25, 25, 0)","[(4, 2, '?', 0), (4, 5, '?', 0), (4, '?', '?', 0), (4, 6, '?', 6), (4, 3, '?', 6), (4, '?', '?', 0), (4, '?', '?', 0), (4, '?', '?', 6), (4, '?', '?', 6)]"
"(22, 22, 26, 2, 0)","[(3, 5, '?', 6), (3, '?', '?', 0), (3, '?', '?', 0), (3, '?', '?', 0), (3, '?', 3, 0), (3, 6, '?', 0), (3, '?', 3, 6), (3, 4, '?', 6), (3, 4, '?', 0)]"
"(22, 22, 26, 4, 0)","[(3, 0, 0, 0)]"
"(22, 22, 26, 6, 0)","[(3, 3, '?', '?')]"
"(22, 22, 26, 15, 0)","[(3, '?', '?', 6), (3, '?', '?', 0)]"
"(22, 22, 26, 20, 0)","[(3, '?', '?', 2), (3, 2, '?', 2), (3, '?', '?', 2), (3, '?', '?', 2), (3, 2, '?', 2), (3, '?', '?', 2), (3, 6, '?', 2), (3, 2, '?', 2), (3, '?', '?', 2), (3, '?', '?', 2), (3, 2, '?', 2), (3, '?', '?', 2), (3, 2, '?', 2), (3, 2, '?', 2)]"
"(22, 22, 26, 22, 0)","[(3, 7, 3, 6), (3, 5, 3, '?'), (3, 3, '?', '?')]"
"(22, 22, 27, 2, 0)","[(0, 3, '?', 6), (0, 7, '?', 0), (0, 7, '?', 6), (0, '?', '?', 0), (0, 0, '?', 0), (0, 1, 6, 6), (0, 1, '?', 6), (0, 3, '?', 6), (0, 0, '?', 0), (0, 0, 3, 6), (0, '?', '?', 0), (0, '?', '?', 0), (0, '?', '?', 0)]"
"(22, 22, 27, 4, 0)","[(0, 0, 3, 6), (0, 0, 6, 0)]"
"(22, 22, 27, 6, 0)","[(0, 7, 6, 6), (0, 2, '?', 6), (0, 3, '?', 6)]"
"(22, 22, 27, 20, 0)","[(0, 7, '?', 2), (0, 4, 0, 2), (0, 2, '?', 2), (0, 6, '?', 2), (0, 4, '?', 2), (0, 6, '?', 2), (0, 7, 0, 2), (0, 7, '?', 2), (0, 7, 4, 2), (0, 1, '?', 2)]"
"(22, 22, 27, 22, 0)","[(0, 7, '?', '?'), (0, 2, '?', '?'), (0, 4, 0, 2), (0, 5, '?', '?'), (0, 0, '?', '?'), (0, 5, '?', 5), (0, 0, '?', '?'), (0, 7, '?', '?'), (0, 2, '?', 6), (0, 7, '?', 6), (0, 2, '?', '?'), (0, 0, 0, 2), (0, 1, 6, 4), (0, 4, '?', '?'), (0, 7, '?', '?'), (0, 5, '?', '?'), (0, 7, '?', '?'), (0, 0, 0, 2), (0, '?', 6, '?'), (0, 4, '?', '?'), (0, 2, '?', '?'), (0, 2, '?', '?'), (0, 5, '?', '?'), (0, 2, '?', '?')]"
"(22, 24, 4, 2, 0)","[('?', 0, '?', 6)]"
"(22, 24, 4, 20, 0)","[(6, 5, '?', 2)]"
"(22, 26, 2, 20, 0)","[(3, 4, '?', 2)]"
"(22, 26, 4, 2, 0)","[(3, 0, '?', 6), (3, 0, '?', 0), (3, 5, '?', 0), (3, 5, '?', 0)]"
"(22, 26, 4, 15, 0)","[(3, 5, '?', 6)]"
"(22, 26, 5, 20, 0)","[(3, '?', '?', 2)]"
"(22, 26, 5, 26, 0)","[(3, 7, '?', '?')]"
"(22, 26, 20, 5, 0)","[(3, '?', 5, 5)]"
"(22, 26, 20, 6, 0)","[(3, 2, 5, 5)]"
"(22, 26, 20, 22, 0)","[(3, '?', 5, 5)]"
"(22, 26, 20, 26, 0)","[(3, 0, '?', 5), (3, 2, 5, 5), (3, 4, '?', 5), (3, 1, 5, 5), (3, '?', 5, 5), (3, 2, 5, 5)]"
"(22, 26, 22, 15, 0)","[(3, 0, '?', 0)]"
"(22, 26, 22, 20, 0)","[(3, 0, '?', 2), (3, 0, '?', 2), (3, 4, '?', 2)]"
"(22, 27, 4, 2, 0)","[(0, 0, '?', 0), (0, 0, '?', 0), (0, 0, '?', 0)]"
"(22, 27, 4, 20, 0)","[(0, 0, '?', 2), (0, 0, '?', 2), (0, 0, '?', 2)]"
"(22, 27, 4, 22, 0)","[(0, 5, '?', '?')]"
"(22, 27, 6, 2, 0)","[(0, 7, '?', 0), (0, 3, '?', 6), (0, 7, '?', 6), (0, 2, '?', 6), (0, 7, '?', 6), (0, 7, '?', 6), (0, 7, '?', 6)]"
"(22, 27, 6, 20, 0)","[(0, 7, '?', 2), (0, 2, '?', 2), (0, 2, '?', 2), (0, 7, '?', 2)]"
"(22, 27, 6, 22, 0)","[(0, 7, '?', '?')]"
"(22, 27, 20, 6, 0)","[(0, 2, '?', 5), (0, 2, '?', 5), (0, 7, '?', 5)]"
"(22, 27, 20, 20, 0)","[(0, 6, 0, 1), (0, 4, 0, 1)]"
"(22, 27, 20, 22, 0)","[(0, 1, 4, 5), (0, 3, '?', 5), (0, 2, 4, 5)]"
"(22, 27, 22, 2, 0)","[(0, 2, '?', 6), (0, 4, '?', 6), (0, 3, '?', 6), (0, '?', '?', 0), (0, '?', '?', 0), (0, 0, '?', 0), (0, 7, '?', 0), (0, 0, '?', 0), (0, 0, '?', 0), (0, '?', '?', 0), (0, 1, '?', 6), (0, 3, '?', 6), (0, '?', '?', 0), (0, 2, '?', 6)]"
"(22, 27, 22, 6, 0)","[(0, 7, '?', 6)]"
"(22, 27, 22, 20, 0)","[(0, 7, '?', 2), (0, 2, '?', 2), (0, 2, '?', 2), (0, 7, 0, 2), (0, 1, 1, 2), (0, 7, 0, 2), (0, 2, '?', 2), (0, 7, '?', 2), (0, 4, 1, 2), (0, 7, '?', 2)]"
"(22, 27, 22, 22, 0)","[(0, 2, '?', '?'), (0, 2, '?', '?')]"
"(23, 2, 20, 17, 0)","[(2, 1, '?', 1), (2, 4, '?', 1), (2, 1, '?', 1)]"
"(23, 3, 16, 4, 0)","[(5, 0, '?', 1), (5, 0, '?', 1), (5, 5, '?', 1)]"
"(23, 3, 20, 6, 0)","[(6, 7, '?', 1)]"
"(23, 4, 10, 10, 0)","[(1, 5, '?', 1)]"
"(23, 4, 16, 25, 0)","[(4, 0, 3, 1), (4, 0, '?', 1), (4, 0, 6, 1), (4, 5, '?', 1), (4, 0, '?', 1), (4, 0, '?', 1)]"
"(23, 4, 20, 4, 0)","[(1, 0, '?', 1), ('?', 0, '?', 1), (1, 5, '?', 1)]"
"(23, 4, 20, 8, 0)","[(1, 0, '?', 1), (1, 5, '?', 1), (1, 5, '?', 1), (1, 0, '?', 1), (1, 5, '?', 1), (1, 5, '?', 1), (1, 5, '?', 1), (1, 0, '?', 1), (1, 5, '?', 1)]"
"(23, 4, 20, 15, 0)","[(3, 5, '?', 1), (3, 0, '?', 1), (3, 0, '?', 1), (3, 5, '?', 1), (3, 5, '?', 1), (3, 5, '?', 1), (3, 0, '?', 1), (3, 5, '?', 1), (3, 5, '?', 1), (3, 0, '?', 1), (3, 0, '?', 1)]"
"(23, 4, 20, 17, 0)","[(2, 5, 5, 1), (2, 0, 6, 1), (2, 0, '?', 1), (2, 0, '?', 1), (2, 5, 5, 1), (2, 0, '?', 1), (2, 0, '?', 1), (2, 5, '?', 1), (2, 5, '?', 1), (2, 0, '?', 1), (2, 0, '?', 1), (2, 5, 5, 1), (2, 5, '?', 1), (2, 5, '?', 1), (2, 0, '?', 1), (2, 5, '?', 1), (2, 5, '?', 1), (2, 5, '?', 1)]"
"(23, 4, 20, 20, 0)","[('?', 0, '?', 1), ('?', 0, '?', 1), ('?', 0, '?', 1), ('?', 0, '?', 1), ('?', 5, '?', 1), ('?', 5, '?', 1), ('?', 5, '?', 1), ('?', 5, '?', 1)]"
"(23, 4, 20, 22, 0)","[('?', 5, '?', 1), (5, 0, '?', 5)]"
"(23, 4, 20, 25, 0)","[(4, 0, 6, 1), (4, 5, '?', 1), (4, 5, '?', 1), (4, 0, '?', 1), (4, 5, '?', 1), (4, 0, '?', 1), (4, 0, 6, 1), (5, 5, '?', 1), (4, 0, '?', 1), (4, 5, '?', 1), (4, 0, 6, 1), (4, 5, '?', 1), (4, 0, '?', 1)]"
"(23, 4, 20, 26, 0)","[(3, 5, 5, 5)]"
"(23, 4, 20, 27, 0)","[(0, 0, '?', 1), (0, 0, '?', 1), (0, 0, '?', 1), (0, 5, 5, 1)]"
"(23, 4, 27, 20, 0)","[(0, 0, '?', 2)]"
"(23, 6, 16, 6, 0)","[(4, 2, '?', 1)]"
"(23, 6, 16, 8, 0)","[(1, 3, '?', 1), (1, 3, 5, 1), (1, 3, 3, 1), (1, 3, '?', 1)]"
"(23, 6, 16, 20, 0)","[(4, 7, '?', 1), (4, 2, '?', 1), (4, 3, '?', 1)]"
"(23, 6, 16, 25, 0)","[(4, 7, '?', 1), (4, 7, '?', 1), (4, 3, '?', 1), (4, 7, '?', 1)]"
"(23, 6, 20, 6, 0)","[('?', 3, '?', 1)]"
"(23, 6, 20, 8, 0)","[(1, 3, '?', 1), (1, 3, 5, 1), (1, 3, '?', 1)]"
"(23, 6, 20, 15, 0)","[(3, 2, '?', 1), (3, 2, '?', 1), (3, 7, '?', 1)]"
"(23, 6, 20, 17, 0)","[(2, 7, '?', 1), (2, 3, '?', 1), (2, 3, '?', 1), (2, 7, '?', 1), (2, 7, '?', 1), (2, 7, 6, 1), (2, 7, '?', 1)]"
"(23, 6, 20, 20, 0)","[(4, 7, '?', 1), (0, 2, '?', 1), ('?', 3, '?', 1)]"
"(23, 6, 20, 25, 0)","[(4, 2, '?', 1)]"
"(23, 6, 20, 27, 0)","[(0, 7, '?', 1), (0, 7, '?', 1), (0, 2, '?', 5), (0, 7, '?', 1), (0, 3, '?', 5), (0, 2, '?', 1), (0, 2, '?', 1), (0, 7, '?', 1)]"
"(23, 8, 20, 8, 0)","[(1, 2, '?', 1), (1, 3, '?', 1)]"
"(23, 10, 20, 6, 0)","[(1, 3, '?', 1)]"
"(23, 10, 20, 8, 0)","[(1, '?', '?', 1)]"
"(23, 11, 20, 17, 0)","[(2, 6, '?', 1), (2, 6, 6, 1)]"
"(23, 13, 20, 4, 0)","[(5, 0, '?', 5)]"
"(23, 20, 2, 20, 0)","[('?', 1, '?', 1), ('?', 6, '?', 1)]"
"(23, 20, 4, 20, 0)","[('?', 5, '?', 1), (1, 0, 3, 1), ('?', 0, '?', 1), ('?', 0, '?', 1), ('?', 0, '?', 1)]"
"(23, 20, 6, 20, 0)","[(0, 7, '?', 1), (0, 3, '?', 1), ('?', 7, '?', 1)]"
"(23, 20, 8, 20, 0)","[(1, 3, 3, 1)]"
"(23, 20, 10, 2, 0)","[(1, 2, '?', 1)]"
"(23, 20, 10, 20, 0)","[(1, 3, 1, 1), (1, 3, '?', 1), (1, '?', '?', 1), (1, 6, '?', 1)]"
"(23, 20, 11, 17, 0)","[(2, 3, '?', 1)]"
"(23, 20, 15, 20, 0)","[(3, 0, '?', 1), (3, 7, '?', 1), (3, 2, '?', 1)]"
"(23, 20, 17, 20, 0)","[(2, 7, '?', 1), (2, 3, '?', 1), (2, 3, '?', 1), (2, 7, '?', 1), (2, 7, '?', 1), (2, 6, '?', 1)]"
"(23, 20, 20, 4, 0)","[('?', 0, '?', 1), (3, 0, '?', 1), (1, 0, '?', 1)]"
"(23, 20, 20, 6, 0)","[('?', 3, '?', 1), ('?', 7, '?', 1)]"
"(23, 20, 20, 15, 0)","[(3, 7, '?', 1)]"
"(23, 20, 20, 17, 0)","[(2, 3, '?', 1)]"
"(23, 20, 20, 20, 0)","[('?', 7, '?', 1), ('?', 3, '?', 1), ('?', 3, '?', 1), ('?', '?', '?', 1), ('?', 3, '?', 1), ('?', 3, '?', 1), ('?', 7, '?', 1), ('?', 3, '?', 1), ('?', 7, '?', 1)]"
"(23, 20, 20, 22, 0)","[('?', 7, 6, 1), ('?', '?', '?', 1)]"
"(23, 20, 20, 25, 0)","[(4, 3, 6, 1), (4, 3, 6, 1)]"
"(23, 20, 20, 27, 0)","[(0, 7, 4, 1), (0, 7, 4, 1)]"
"(23, 20, 22, 20, 0)","[('?', '?', '?', 1), ('?', '?', '?', 1)]"
"(23, 20, 25, 16, 0)","[(4, '?', '?', 1), (4, 3, '?', 1), (4, 7, '?', 1), (4, 2, 4, 1), (4, 7, '?', 1), (4, 2, '?', 1)]"
"(23, 20, 25, 20, 0)","[(4, '?', '?', 1)]"
"(23, 20, 25, 25, 0)","[(4, 3, '?', 1), (4, '?', '?', 1), (4, 3, '?', 1), (4, '?', '?', 1), (4, 3, '?', 1)]"
"(23, 20, 27, 20, 0)","[(0, 3, '?', 1), (0, 7, '?', 1), (0, '?', '?', 1), (0, 7, '?', 1), (0, '?', 6, 1), (0, 2, '?', 1), (0, 2, 6, 1), (0, 7, '?', 1), (0, '?', '?', 1), (0, 3, '?', 1)]"
"(23, 22, 4, 21, 0)","[(4, 5, '?', '?')]"
"(23, 22, 20, 8, 0)","[(1, 3, '?', 1), (1, 2, '?', 1), (1, 2, '?', 1), (1, 0, '?', 1), (1, 2, '?', 1), (1, '?', '?', 1)]"
"(23, 22, 20, 15, 0)","[(3, 2, '?', 1), (3, 5, '?', 1), (3, 7, '?', 1)]"
"(23, 22, 20, 17, 0)","[(2, 6, 6, 1), (2, 6, 6, 1)]"
"(23, 22, 20, 20, 0)","[('?', '?', '?', 1)]"
"(23, 22, 20, 22, 0)","[('?', '?', '?', 1)]"
"(23, 22, 20, 25, 0)","[(4, 2, '?', 1), (4, 1, '?', 1), (4, '?', '?', 1), (4, 3, '?', 1), (4, 2, '?', 1), (4, 1, '?', 1)]"
"(23, 23, 20, 4, 0)","[(1, 0, '?', 1)]"
"(23, 23, 20, 8, 0)","[(1, 0, '?', 1), (1, 2, '?', 1)]"
"(23, 23, 20, 10, 0)","[(1, 2, '?', 1)]"
"(23, 23, 20, 15, 0)","[(3, 5, '?', 1), (3, 7, '?', 1)]"
"(23, 23, 20, 25, 0)","[(4, 7, '?', 1), (4, 2, '?', 1), (4, 3, '?', 1)]"
"(23, 24, 16, 6, 0)","[(5, 2, '?', 1)]"
"(23, 27, 20, 4, 0)","[(0, 5, 1, 1), (0, 0, '?', 1), (0, 0, '?', 1), (0, 0, '?', 1)]"
"(23, 27, 20, 6, 0)","[(0, 2, '?', 1), (0, 7, 6, 1), (0, 3, '?', 1), (0, 3, '?', 1)]"
"(23, 27, 20, 20, 0)","[(0, 7, 4, 1), (0, 2, '?', 1), (0, 0, '?', 1), (0, '?', 6, 1), (0, 3, '?', 1), (0, 7, 4, 1), (0, 7, 4, 1), (0, 0, '?', 1), (0, 3, '?', 1), (0, 2, 6, 1), (0, 3, '?', 1), (0, '?', '?', 1), (0, '?', '?', 1), (0, 3, '?', 1)]"
"(24, 2, 2, 2, 0)","[(6, 6, '?', 0), (6, 6, '?', 6), (6, 6, '?', 0)]"
"(24, 2, 2, 17, 0)","[(6, 6, '?', 6)]"
"(24, 2, 2, 20, 0)","[(6, 4, '?', 2)]"
"(24, 2, 2, 21, 0)","[(5, 4, '?', '?')]"
"(24, 2, 2, 22, 0)","[(6, 6, '?', '?')]"
"(24, 2, 2, 25, 0)","[(5, 1, '?', 6)]"
"(24, 2, 16, 25, 0)","[(5, 1, '?', 1)]"
"(24, 2, 20, 2, 0)","[(6, 6, '?', 1), (6, 4, '?', 1)]"
"(24, 2, 20, 20, 0)","[(6, 4, '?', 1), (6, 1, 3, 1)]"
"(24, 2, 20, 22, 0)","[(5, 4, '?', 5), (6, 4, '?', 5), (6, 1, '?', 5), (6, 6, '?', 5), (6, 1, '?', 5), (5, 4, '?', 5)]"
"(24, 2, 21, 16, 0)","[(5, 4, '?', 2)]"
"(24, 2, 25, 25, 0)","[(5, 4, '?', 6)]"
"(24, 4, 4, 16, 0)","[(5, 5, 6, 2), (5, 5, 6, 2), (5, 0, 6, 2)]"
"(24, 4, 4, 21, 0)","[(5, 5, '?', '?')]"
"(24, 4, 4, 25, 0)","[(5, 5, 1, 6), (5, 0, 6, 6)]"
"(24, 4, 6, 16, 0)","[(5, 3, 6, 2), (5, 3, 6, 2)]"
"(24, 4, 6, 20, 0)","[(6, 3, 6, 2)]"
"(24, 4, 6, 25, 0)","[(5, 2, 6, 6)]"
"(24, 4, 20, 2, 0)","[(6, 6, 6, 5), (6, 6, 6, 1)]"
"(24, 4, 20, 4, 0)","[(5, 5, 1, 5), (6, 5, '?', 5)]"
"(24, 4, 20, 6, 0)","[(6, 3, 6, 1)]"
"(24, 5, 2, 2, 0)","[(6, 6, 1, 0), (6, 4, 1, 0), (6, 6, 5, 0), (6, 4, 1, 6), (6, 6, 5, 6), (6, 6, 5, 0), (6, 6, 5, 6), (6, 6, 1, 0), (6, 6, 5, 0), (6, 6, 5, 0), (6, 6, 1, 0)]"
"(24, 5, 2, 5, 0)","[(6, 6, 5, '?'), (6, 6, 5, '?')]"
"(24, 5, 2, 16, 0)","[(5, 6, 5, 2), (5, 4, 1, 2), (5, 4, 5, 2), (5, 4, 1, 2), (5, 4, 1, 2), (5, 6, 1, 2), (5, 4, 1, 2), (5, 4, 5, 2), (5, 4, 1, 2), (5, 4, '?', 2), (5, 4, 5, 2), (5, 4, 1, 2), (5, 6, 5, 2), (5, 4, 5, 2), (5, 4, 1, 2), (5, 6, 5, 2)]"
"(24, 5, 2, 20, 0)","[(6, 4, 5, 2)]"
"(24, 5, 2, 22, 0)","[(6, 6, 1, '?'), (6, 6, 1, '?')]"
"(24, 5, 2, 25, 0)","[(5, 4, 1, 0), (5, 4, 1, 6), (5, 1, 1, 0), (5, 6, 1, 6), (5, 6, 1, 6), (5, 4, 1, '?'), (5, 1, 1, 6), (5, 1, 1, 0), (5, 4, 1, 0), (5, 6, 5, 0), (5, 6, 5, 6), (5, 1, 1, 6), (5, 6, 1, 0), (5, 1, 1, 6), (5, 4, 1, 0), (5, 4, 5, 0), (5, 6, 5, 6), (5, 6, 1, 6), (5, 4, 1, 6), (5, 4, 1, 6)]"
"(24, 5, 4, 2, 0)","[(6, 0, 5, 0), (6, 0, 5, 0), (6, 0, 5, 0), (6, 5, 5, 0), (6, 0, 1, 6), (6, 0, 1, 6)]"
"(24, 5, 4, 5, 0)","[(6, 5, 5, '?')]"
"(24, 5, 4, 16, 0)","[(5, 0, 5, 2), (5, 5, 1, 2), (5, 5, 1, 2), (5, 5, 5, 2), (5, 0, 5, 2), (5, 5, 5, 2), (5, 0, 5, 2), (5, 0, 5, 2), (5, 0, 5, 2), (5, 5, 1, 2), (5, 5, 1, 2), (5, 5, 5, 2), (5, 5, 1, 2), (5, 5, 5, 2)]"
"(24, 5, 4, 20, 0)","[(6, 0, 5, 2), (6, 0, 5, 2)]"
"(24, 5, 4, 21, 0)","[(5, 5, 1, 2), (5, 0, 5, '?'), (5, 0, 5, '?'), (5, 0, 5, '?')]"
"(24, 5, 4, 22, 0)","[(6, 5, 1, '?')]"
"(24, 5, 4, 25, 0)","[(5, 5, 5, 0), (5, 5, 5, 6), (5, 0, 5, 0), (5, 5, 5, 0), (5, 0, 5, 0), (5, 5, 5, 0), (5, 5, 5, 0), (5, 5, 5, 0), (5, 5, 1, 6)]"
"(24, 5, 5, 2, 0)","[(6, '?', 5, 6)]"
"(24, 5, 5, 16, 0)","[(5, 2, 5, 2)]"
"(24, 5, 5, 20, 0)","[(6, 3, 5, 2)]"
"(24, 5, 5, 25, 0)","[(5, '?', 5, 0), (5, '?', 5, 0), (5, '?', 5, 6)]"
"(24, 5, 6, 2, 0)","[(6, 3, 1, 0), (6, 7, 1, 0), (6, 3, 5, 0), (6, 3, 5, 0), (6, 3, 5, 0), (6, 3, 5, 0), (6, 7, 1, 0), (6, 2, 1, 0)]"
"(24, 5, 6, 3, 0)","[(5, 7, 5, '?')]"
"(24, 5, 6, 5, 0)","[(6, 3, 5, '?'), (6, 3, 5, '?')]"
"(24, 5, 6, 16, 0)","[(5, 2, 1, 2), (5, 2, 1, 2), (5, 3, 5, 2), (5, 7, 1, 2), (5, 3, 5, 2), (5, 7, 1, 2), (5, 2, 1, 2), (5, 3, 5, 2), (5, 7, 1, 2), (5, 2, 5, 2), (5, 2, 1, 2), (5, 2, 1, 2), (5, 7, 1, 2)]"
"(24, 5, 6, 20, 0)","[(6, 3, 5, 2), (6, 2, 5, 2), (6, 2, 5, 2)]"
"(24, 5, 6, 21, 0)","[(5, 7, 1, '?'), (5, 7, 5, '?'), (5, 3, 5, '?'), (5, 2, 1, '?'), (5, 3, 5, '?')]"
"(24, 5, 6, 25, 0)","[(5, 2, 1, 6), (5, 2, 1, 6), (5, 7, 1, 6), (5, 3, 1, 0), (5, 3, 5, 0), (5, 2, 5, 6), (5, 2, 5, 6), (5, 2, 1, 0), (5, 2, 1, 0), (5, 3, 1, 0), (5, 2, 1, 6), (5, 2, 1, 0), (5, 2, 1, 0), (5, 7, 5, 6)]"
"(24, 5, 13, 16, 0)","[(5, 3, 5, 2)]"
"(24, 5, 13, 20, 0)","[(6, 3, 5, 2)]"
"(24, 5, 16, 2, 0)","[(5, 4, 5, 1), (5, 4, 5, 1)]"
"(24, 5, 16, 6, 0)","[(5, 7, 5, 5), (5, 7, 1, 1), (5, 7, 5, 5)]"
"(24, 5, 20, 2, 0)","[(6, 6, 5, 1), (6, 6, 5, 1), (6, 4, 5, 1), (6, 6, 5, 1), (6, 6, 5, 1), (6, 6, 5, 1), (6, 6, 5, 1)]"
"(24, 5, 20, 6, 0)","[(6, 3, 1, 1)]"
"(24, 5, 20, 21, 0)","[(5, 1, 5, 5)]"
"(24, 5, 20, 22, 0)","[(5, 5, 1, 5)]"
"(24, 5, 20, 25, 0)","[(5, 4, 1, 1)]"
"(24, 5, 22, 2, 0)","[(6, '?', 1, 0)]"
"(24, 5, 22, 16, 0)","[(5, '?', 1, 2)]"
"(24, 5, 22, 20, 0)","[(6, '?', 1, 2), (6, '?', 1, 2)]"
"(24, 5, 22, 25, 0)","[(5, 4, 1, 6)]"
"(24, 5, 24, 25, 0)","[(5, 2, 5, 0), (5, '?', 5, 0)]"
"(24, 6, 2, 2, 0)","[(6, 4, 0, 6), (6, 6, 0, 6), (6, 6, 0, 0), (6, 1, 0, 6), (6, 6, 0, 0)]"
"(24, 6, 2, 16, 0)","[(5, 4, 0, 2), (5, 4, 0, 2), (5, 4, 0, 2), (5, 6, 0, 2), (5, 4, 0, 2), (5, 6, 0, 2)]"
"(24, 6, 2, 20, 0)","[(6, 1, 0, 2), (6, 1, 0, 2), (6, 4, 0, 2), (6, 4, 0, 2), (6, 4, 0, 2), (6, 4, 0, 2), (6, 6, 0, 2)]"
"(24, 6, 2, 21, 0)","[(5, 4, 0, '?'), (5, 1, 0, '?'), (5, 1, 0, 6)]"
"(24, 6, 2, 22, 0)","[(6, 1, 0, 6), (6, 1, 0, '?')]"
"(24, 6, 2, 25, 0)","[(5, 4, 0, 0), (5, 1, 0, 0), (5, 4, 0, 0), (5, 1, 0, 6), (5, 4, 0, 6), (5, 6, 0, 6), (5, 4, 0, 6)]"
"(24, 6, 4, 2, 0)","[(6, 0, 0, 0), (6, 5, 0, 0), (6, 5, 0, 6), (6, 5, 0, 0), (6, 0, 0, 0), (6, 5, 0, 0)]"
"(24, 6, 4, 16, 0)","[(5, 5, 0, 2), (5, 5, 0, 2), (5, 0, 0, 2), (5, 5, 0, 2), (5, 0, 0, 2)]"
"(24, 6, 4, 20, 0)","[(6, 0, 0, 2), (6, 5, 0, 2), (6, 0, 0, 2)]"
"(24, 6, 4, 21, 0)","[(5, 0, 0, '?'), (5, 0, 0, 2), (5, 0, 0, '?')]"
"(24, 6, 4, 22, 0)","[(6, 0, 0, '?'), (6, 0, 0, '?'), (6, 0, 0, '?'), (6, 0, 0, '?'), (6, 5, 0, '?'), (6, 0, 0, '?')]"
"(24, 6, 4, 25, 0)","[(5, 0, 0, 0), (5, 0, 0, 0), (5, 5, 0, 0), (5, 0, 0, 6), (5, 0, 0, 6), (5, 0, 0, 0), (5, 0, 0, 6), (5, 5, 0, 0)]"
"(24, 6, 6, 2, 0)","[(6, 3, 0, 0), (6, 7, 0, 0), (6, 2, 0, 0), (6, 7, 0, 6), (6, 2, 0, 6), (6, 2, 0, 0), (6, 2, 0, 0), (6, 3, 0, 6), (6, 2, 0, 0), (6, 7, 0, 0), (6, 3, 0, 6), (6, 3, 0, 0), (6, 2, 0, 0), (6, 7, 0, 0), (6, 2, 0, 6), (6, 7, 0, 0)]"
"(24, 6, 6, 6, 0)","[(5, 3, 0, 5)]"
"(24, 6, 6, 16, 0)","[(5, 7, 0, 2), (5, 3, 0, 2)]"
"(24, 6, 6, 20, 0)","[(6, 7, 0, 2), (6, 7, 0, 2), (6, 7, 0, 2)]"
"(24, 6, 6, 21, 0)","[(5, 7, 0, '?'), (5, 2, 0, '?'), (5, 2, 0, '?'), (5, 2, 0, '?')]"
"(24, 6, 6, 22, 0)","[(6, 2, 0, 6), (6, 7, 0, 6), (6, 7, 0, 6), (6, 7, 0, 6), (6, 7, 0, 6), (6, 7, 0, '?'), (6, 7, 0, '?'), (6, 7, 0, '?'), (6, 3, 0, '?')]"
"(24, 6, 6, 25, 0)","[(5, 7, 0, 0), (5, 2, 0, 0), (5, 7, 0, 0), (5, 3, 0, 6), (5, 2, 0, 0), (5, 2, 0, 0)]"
"(24, 6, 16, 2, 0)","[(5, 4, 0, 5)]"
"(24, 6, 16, 4, 0)","[(5, 5, 0, 1), (5, 0, 0, 1), (5, 5, 0, 1), (5, 0, 0, 1), (5, 5, 0, 1), (5, 5, 0, 1), (5, 0, 0, 5)]"
"(24, 6, 16, 6, 0)","[(5, 3, 0, 1), (5, 2, 0, 1), (5, 3, 0, 5)]"
"(24, 6, 16, 16, 0)","[(5, 2, 0, 1)]"
"(24, 6, 20, 2, 0)","[(6, 1, 0, 1), (6, 4, 0, 1), (6, 4, 0, 1), (5, 4, 0, 5), (6, 4, 0, 5), (6, 4, 0, 5)]"
"(24, 6, 20, 4, 0)","[(6, 5, 0, 1), (6, 0, 0, 5), (5, 0, 0, 5), (6, 5, 0, 1), (5, 5, 0, 5), (6, 5, 0, 1)]"
"(24, 6, 20, 6, 0)","[(6, 3, 0, 5), (6, 7, 0, 5), (6, 3, 0, 1), (6, 2, 0, 1), (6, 3, 0, 5), (6, 2, 0, 1), (6, 3, 0, 5), (6, 3, 0, 5), (6, 3, 0, 5), (6, 7, 0, 5)]"
"(24, 6, 20, 22, 0)","[(6, 5, 0, 5)]"
"(24, 6, 20, 25, 0)","[(5, 6, 0, 1)]"
"(24, 6, 22, 2, 0)","[(6, '?', 0, 6)]"
"(24, 6, 22, 20, 0)","[(6, 0, 0, 2), (6, 5, 0, 2)]"
"(24, 6, 22, 22, 0)","[(6, '?', 0, '?')]"
"(24, 9, 2, 22, 0)","[(6, 6, 3, 4)]"
"(24, 9, 6, 22, 0)","[(5, 7, 3, 4), (6, 7, 3, 4)]"
"(24, 9, 12, 6, 0)","[(6, 7, 3, 7), (6, 7, 3, 4), (5, 7, 3, 4), (6, 2, 3, 4)]"
"(24, 9, 12, 22, 0)","[(6, 4, 3, 4), (6, 4, 3, 4)]"
"(24, 12, 2, 2, 0)","[(6, 1, 3, 0), (6, 4, 3, 0), (5, 6, 3, 0), ('?', 6, 3, 0), (6, 4, 3, 0), (6, 6, 3, 0), (6, 6, 3, 6), (5, 6, 3, 6), (6, 4, 3, 0), (5, 6, 3, 0), ('?', 4, 3, 0), (6, 6, 3, 6)]"
"(24, 12, 2, 11, 0)","[(6, 4, 3, '?')]"
"(24, 12, 2, 16, 0)","[(4, 1, 3, 2), (5, 1, 7, 2), (5, 1, 3, 2), (5, 6, 7, 2)]"
"(24, 12, 2, 20, 0)","[(5, 6, 3, 2), (5, 6, 3, 2), (5, 6, 3, 2), (6, 1, 3, 2), (6, 1, 3, 2), (6, 4, 7, 2), (6, 4, 3, 5), (5, 6, 3, 2)]"
"(24, 12, 2, 21, 0)","[(5, 1, 3, '?'), (5, 1, 3, 6), (5, 1, 3, 6)]"
"(24, 12, 2, 22, 0)","[(6, 4, 3, 4), (6, 1, 3, 0), (6, 1, 3, '?'), (6, 1, 3, 0), (6, 1, 3, 0), (6, 1, 3, '?'), (6, 4, 3, '?'), (6, 1, 3, '?'), (6, 1, 3, '?'), (5, 1, 3, 4)]"
"(24, 12, 2, 25, 0)","[(5, 4, 3, 0), (4, 6, 3, 6), (5, 4, 3, 6), (5, 4, 7, 0), (5, 4, 3, 0), (4, 6, 3, 6), (5, 4, 3, 0), (5, 1, 3, 6), (5, 4, 3, 6)]"
"(24, 12, 4, 2, 0)","[(6, 5, 3, 0), (6, 0, 3, 0), (6, 5, 3, 0), (6, 0, 3, 0), (6, 5, 3, 6), (6, 5, 3, 6), (6, 0, 3, 6), (6, 5, 3, 6), (6, 5, 3, 0), (6, 5, 3, 0), (6, 0, 3, 6), (6, 0, 3, 6), (6, 0, 3, 6), (6, 5, 3, 6), (6, 0, 3, 0), (6, 5, 3, 0), (6, 5, 3, 6), (6, 0, 3, 0)]"
"(24, 12, 4, 8, 0)","[(1, 5, 3, 0), (1, 5, 3, 6), (1, 5, 3, 0)]"
"(24, 12, 4, 16, 0)","[(5, 5, 3, 2), (5, 5, 3, 2), (5, 0, 3, 2), (4, 5, 3, 2), (5, 5, 3, 2), (5, 5, 3, 2), (5, 0, 7, 2)]"
"(24, 12, 4, 20, 0)","[(6, 5, 3, 2), (6, 5, 3, 2), (6, 5, 3, 5), (6, 0, 3, 2), (6, 5, 3, 5), (6, 5, 3, 2), (6, 0, 3, 2)]"
"(24, 12, 4, 21, 0)","[(5, 5, 3, '?'), (5, 5, 3, '?')]"
"(24, 12, 4, 22, 0)","[(6, 0, 3, '?'), (6, 0, 3, '?'), (6, 0, 3, '?'), (6, 0, 3, '?'), (6, 0, 3, '?')]"
"(24, 12, 4, 25, 0)","[(5, 5, 3, 6), (5, 0, 3, 0), (5, 0, 3, 6), (5, 5, 3, 6), (5, 0, 3, 6), (4, 5, 3, 6), (5, 0, 3, 0)]"
"(24, 12, 6, 1, 0)","[(4, 7, 3, 7)]"
"(24, 12, 6, 2, 0)","[(6, 7, '?', 0), (6, 7, 3, 0), (6, 3, 3, 6), (6, 2, 3, 0), (6, 2, 3, 6), (6, 2, 3, 6), (6, 3, 3, 6), (6, 3, 3, 0), (6, 2, 3, 0), (6, 2, 3, 0), ('?', 2, 3, 0), (6, 3, 3, 0), ('?', 2, 3, 0), (6, 7, 3, 6), ('?', 2, 3, 0), ('?', 3, 3, 0), (6, 3, 3, 6), ('?', 3, 3, 0), (6, 7, 3, 0), (6, 2, 3, 6), (6, 3, 3, 0), (6, 7, 3, 6), (6, 2, 3, 6), (6, 3, 3, 0), (6, 2, 3, 6), (6, 2, 3, 0)]"
"(24, 12, 6, 8, 0)","[(1, 2, 3, 6), (1, 7, 3, '?'), (1, 2, 3, 6)]"
"(24, 12, 6, 9, 0)","[(6, 7, 3, 7), (6, 7, 3, 7), (6, 7, 3, 7)]"
"(24, 12, 6, 10, 0)","[(5, 2, 3, '?')]"
"(24, 12, 6, 16, 0)","[(5, 3, 3, 2), (5, 2, 3, 2), (5, 3, 3, 2), (4, 3, 3, 2), (4, 7, 3, 2), (5, 2, 3, 2), (5, 3, 3, 2), (5, 3, 3, 2)]"
"(24, 12, 6, 20, 0)","[(6, 2, 3, 2), (6, 7, 3, 5), (6, 3, 3, 2), (6, 3, 3, 2), (6, 7, 3, 2), (6, 3, 3, 2), (6, 7, 3, 2), (6, 3, 7, 2), (6, 2, 3, 2), (5, 7, 3, 2)]"
"(24, 12, 6, 21, 0)","[(5, 7, 3, 0), (5, 7, 3, 6), (5, 7, 3, 0), (5, 2, 3, '?'), (5, 2, 3, 5), (5, 7, 3, '?'), (5, 7, 3, 6), (5, 2, 3, '?'), (4, 7, 3, '?'), (5, 7, 3, 6), (5, 7, 7, '?'), (5, 2, 3, '?')]"
"(24, 12, 6, 22, 0)","[(6, 3, 3, '?'), (6, 7, 3, 6), (6, 7, 3, 3), (6, 3, 3, '?'), (5, 7, 3, 3), (6, 7, 3, 3), (5, 7, 3, 4), (5, 7, 3, 3), (6, 7, 3, 6), ('?', 2, 3, '?'), (6, 2, 3, '?'), (6, 7, 3, 0), (6, 2, 3, '?'), ('?', 7, 3, '?'), (6, 7, 3, 6), (6, 7, 3, 0)]"
"(24, 12, 6, 25, 0)","[(5, 2, 3, 6), (5, 2, 3, 6), (5, 7, 3, 0), (4, 2, 3, 6), (5, 7, 3, 6), (4, 2, 3, 0), (5, 7, 3, 0), (5, 2, 3, 6), (4, 2, 3, 0), (5, 7, 7, 0), (5, 2, 3, 6), (5, 2, 3, 6), (5, 2, 7, 0), (5, 7, 3, 6), (4, 3, 3, 6), (4, 3, 3, 6), (5, 7, 3, 0), (4, 2, 3, 6)]"
"(24, 12, 8, 2, 0)","[(5, '?', 3, 6)]"
"(24, 12, 16, 2, 0)","[(5, 4, 7, 1), (5, 1, 3, 1)]"
"(24, 12, 16, 4, 0)","[(5, 5, 3, 1), (5, 5, 3, 1), (5, 0, 3, 1), (5, 0, 3, 1)]"
"(24, 12, 16, 6, 0)","[(5, 2, 3, 1), (5, 3, 3, 1)]"
"(24, 12, 16, 25, 0)","[(5, '?', 3, 1)]"
"(24, 12, 20, 2, 0)","[(5, 6, 3, 5), (5, 4, 3, 5), (6, 1, 3, 5), (6, 1, 3, 5), (5, 4, 3, 5), (5, 6, 3, 5), (6, 6, 3, 1), (5, 6, 3, 5), (6, 4, 3, 5), (6, 1, 3, 1)]"
"(24, 12, 20, 4, 0)","[(5, 0, 3, 5), (6, 5, 3, 1), (5, 5, 3, 5), (5, 5, 3, 5), (6, 5, 3, 1), (6, 5, 3, 5), (6, 5, 3, 1), (6, 5, 3, 5), (6, 5, 3, 5)]"
"(24, 12, 20, 6, 0)","[(6, 2, 3, 1), (6, 3, 3, 5), (5, 7, 3, 5), (6, 3, 3, 1), (6, 2, 3, 5), (6, 7, 3, 5), (5, 2, 3, 5), (6, 3, 3, 5), (6, 3, 3, 5), (5, 2, 3, 5), (6, 7, 3, 5), (5, 7, 3, 5), (6, 2, 3, 5), (6, 2, 3, 5), (5, 7, 3, 5), (6, 3, 3, 1), (6, 3, 3, 5), (6, 3, 3, 1), (5, '?', 3, 5)]"
"(24, 12, 20, 20, 0)","[(6, '?', 3, 1)]"
"(24, 12, 20, 22, 0)","[(5, 7, 3, 5)]"
"(24, 12, 22, 2, 0)","[(6, 2, 3, 0), (0, 6, 3, 6)]"
"(24, 12, 22, 20, 0)","[(6, '?', 3, 2), (6, 2, 3, 2)]"
"(24, 12, 22, 21, 0)","[(5, '?', 3, '?')]"
"(24, 12, 22, 22, 0)","[(6, '?', 3, 4), (6, '?', 3, 4)]"
"(24, 12, 22, 25, 0)","[(5, 6, 3, 6)]"
"(24, 12, 25, 25, 0)","[(5, '?', 3, 0), (5, '?', 3, 6), (5, '?', 3, 0)]"
"(24, 13, 22, 20, 0)","[(6, 3, 2, 2)]"
"(24, 15, 4, 25, 0)","[(5, 5, 3, 6)]"
"(24, 18, 2, 2, 0)","[(6, 6, 2, 6), (6, 6, 2, '?')]"
"(24, 18, 2, 16, 0)","[(5, 4, 2, 2), (5, 4, 2, 2), (5, 6, 2, 2)]"
"(24, 18, 2, 20, 0)","[(6, 6, 2, 2)]"
"(24, 18, 2, 22, 0)","[(6, 4, 2, '?')]"
"(24, 18, 2, 25, 0)","[(5, 4, 2, 6)]"
"(24, 18, 4, 2, 0)","[(6, 5, '?', 6)]"
"(24, 18, 4, 16, 0)","[(5, 0, 2, 2)]"
"(24, 18, 4, 20, 0)","[(6, 0, 2, 2)]"
"(24, 18, 4, 25, 0)","[(5, 0, 2, 6), (5, 5, 2, 6)]"
"(24, 18, 6, 2, 0)","[(6, 3, 2, 0), (6, 3, 2, 0), (6, 7, 2, 6)]"
"(24, 18, 6, 21, 0)","[(5, 2, 2, '?')]"
"(24, 18, 6, 25, 0)","[(5, 2, 2, 6), (5, 3, 2, 0), (5, 2, 2, 6), (5, 3, 2, 0)]"
"(24, 18, 20, 2, 0)","[(6, 6, 2, 1)]"
"(24, 18, 22, 20, 0)","[(6, 3, 2, 2)]"
"(24, 19, 2, 2, 0)","[(6, 4, 4, 0), (6, 6, 4, 0), (6, 6, 4, 6), (6, 6, 4, 0), (6, 1, 4, 6), (6, 1, 4, 0)]"
"(24, 19, 2, 20, 0)","[(6, 6, 4, 2), (6, 6, 4, 2), (6, 4, 4, 2), (6, 6, 4, 2)]"
"(24, 19, 2, 21, 0)","[(5, 6, 4, '?'), (5, 1, 4, '?'), (5, 6, 4, '?')]"
"(24, 19, 2, 22, 0)","[(6, 1, 4, 6), (6, 4, 4, '?'), (6, 1, 4, 6), (6, 4, 4, '?'), (6, 1, 4, 6), (6, 6, 4, '?'), (6, 4, 4, '?'), (6, 4, 4, '?'), (6, 6, 4, '?'), (6, 4, 4, '?'), (6, 1, 4, 6)]"
"(24, 19, 2, 25, 0)","[(5, 1, 4, 6)]"
"(24, 19, 4, 2, 0)","[(5, 5, 4, 0), (6, 5, 4, 6), (6, 5, 4, 6), (6, 5, 4, 6), (5, 5, 4, 0)]"
"(24, 19, 4, 8, 0)","[(5, 5, 4, 6)]"
"(24, 19, 4, 16, 0)","[(5, 0, 4, 2), (5, 0, 4, 2), (5, 0, 4, 2)]"
"(24, 19, 4, 20, 0)","[(6, 0, 4, 2), (6, 5, 4, 5), (6, 0, 4, 2), (6, 0, 4, 2), (6, 0, 4, 2)]"
"(24, 19, 4, 22, 0)","[(6, 5, 4, '?'), (6, 5, 4, '?')]"
"(24, 19, 4, 25, 0)","[(5, 5, 4, 0), (5, 0, 4, 0), (5, 5, 4, 6), (5, 0, 4, 6), (5, 5, 4, 6)]"
"(24, 19, 6, 2, 0)","[(6, 3, 4, 6), (6, 7, 4, 0), (6, 7, 4, 0), (6, 3, 4, 6), (6, 2, 4, 6), (6, 3, 4, 0), (6, 2, 4, 6), (6, 7, 4, 0), (6, 2, 4, 6)]"
"(24, 19, 6, 3, 0)","[(5, 3, 4, 6)]"
"(24, 19, 6, 6, 0)","[(6, 7, 4, '?')]"
"(24, 19, 6, 16, 0)","[(5, 2, 4, 2), (5, 3, 4, 2), (5, 3, 4, 2)]"
"(24, 19, 6, 20, 0)","[(6, 2, 4, 2), (6, 2, 4, 2)]"
"(24, 19, 6, 22, 0)","[(6, 3, 4, '?'), (6, 3, 4, '?')]"
"(24, 19, 6, 25, 0)","[(5, 7, 4, 0), (5, 2, 4, 6), (5, 2, 4, 0)]"
"(24, 19, 16, 2, 0)","[(5, 6, 4, 1), (5, 1, 4, '?')]"
"(24, 19, 20, 2, 0)","[(6, 4, 4, 1), (6, 4, 4, 1), (6, 6, 4, 1), (6, 6, 4, 5), (6, 4, 4, '?'), (5, 4, 4, 5), (6, 6, 4, 5), (5, 6, 4, 5)]"
"(24, 19, 20, 4, 0)","[(6, 5, 4, 5)]"
"(24, 19, 20, 6, 0)","[(6, 3, 4, 5), (6, 3, 4, 5), (6, 2, 4, 1)]"
"(24, 19, 20, 20, 0)","[(6, 2, 4, 1), (6, 3, 4, 1)]"
"(24, 19, 20, 22, 0)","[(6, '?', 4, 5), (6, 6, '?', 5)]"
"(24, 19, 22, 2, 0)","[(6, '?', 4, 0), (6, 2, 4, 0)]"
"(24, 19, 22, 20, 0)","[(6, 2, 4, 2), (6, 2, 4, 2), (6, '?', 4, 2)]"
"(24, 19, 25, 25, 0)","[(5, 4, 4, 6)]"
"(24, 22, 4, 2, 0)","[(6, 0, '?', 0), (6, 0, '?', 0), (6, 0, '?', 0), (6, 5, '?', 6), (6, 5, '?', 0), (6, 5, '?', 0)]"
"(24, 22, 4, 16, 0)","[(5, 5, '?', 2), (5, 0, '?', 2)]"
"(24, 22, 4, 20, 0)","[(6, 0, '?', 2), (6, 0, '?', 2), (6, 5, '?', 2), (6, 5, '?', 2), (6, 5, '?', 2), (6, 0, '?', 2)]"
"(24, 22, 4, 21, 0)","[(5, 5, '?', '?')]"
"(24, 22, 4, 25, 0)","[(5, 0, '?', 6), (5, 0, '?', 6), (5, 5, '?', 0), (5, 0, '?', 6), (5, 5, '?', 0)]"
"(24, 22, 6, 2, 0)","[(6, 7, '?', 6), (6, 7, '?', 6), (6, 2, '?', 0), (6, 7, '?', 0), (6, 2, '?', 0), (6, 7, '?', 6), (6, 3, '?', 0), (6, 7, '?', 6), (6, 7, '?', 0), (6, 7, '?', 0)]"
"(24, 22, 6, 6, 0)","[(6, 7, '?', 6)]"
"(24, 22, 6, 16, 0)","[(5, 3, '?', 2), (4, '?', '?', 2)]"
"(24, 22, 6, 20, 0)","[(6, 7, '?', 2), (6, 2, '?', 2), (6, 7, '?', 2), (6, 7, '?', 2), (6, 2, '?', 2), (6, 3, '?', 2), (6, 7, '?', 2), (6, 2, '?', 2)]"
"(24, 22, 6, 22, 0)","[(6, 2, '?', '?')]"
"(24, 22, 6, 25, 0)","[(5, 2, '?', 0), (5, 2, '?', 6), (5, 7, '?', 6), (5, 2, '?', 6), (5, 2, '?', 6)]"
"(24, 22, 21, 16, 0)","[(5, 0, '?', 2)]"
"(24, 22, 22, 22, 0)","[(6, 2, '?', '?')]"
"(24, 23, 4, 16, 0)","[(5, 5, '?', 2)]"
"(24, 23, 6, 11, 0)","[(6, 2, '?', '?')]"
"(24, 23, 6, 22, 0)","[(6, 2, '?', '?'), (6, 7, '?', '?')]"
"(24, 23, 16, 4, 0)","[(5, 5, 3, 1), (5, 5, '?', 1)]"
"(24, 23, 16, 6, 0)","[(5, 2, '?', 5), (5, 7, '?', '?'), (5, 2, '?', 1), (5, 7, 1, 1), (5, 7, '?', 1), (5, 7, 5, 5), (5, 7, '?', 1), (5, 2, '?', 1)]"
"(24, 23, 20, 4, 0)","[(5, 5, 5, 5), (5, 0, '?', 5), (6, 0, '?', 1), (6, 5, '?', 1), (5, 5, 5, 5), (5, 0, '?', 5), (6, 0, '?', 1), (6, 5, 3, 1), (6, 5, '?', 1), (6, 0, '?', 1)]"
"(24, 23, 20, 6, 0)","[(6, 3, 3, 1), (6, 7, '?', 1), (6, 3, '?', 1), (5, 7, 5, 5), (6, 3, '?', 1), (6, 7, '?', 1), (6, 3, '?', 1), (6, 3, '?', 1)]"
"(24, 24, 2, 21, 0)","[(5, 1, 3, 6)]"
"(24, 24, 2, 22, 0)","[(6, 6, 3, '?')]"
"(24, 24, 2, 25, 0)","[(5, 4, 3, 0), (5, 4, 3, 6)]"
"(24, 24, 4, 2, 0)","[(5, 5, 3, 6)]"
"(24, 24, 4, 16, 0)","[(5, 0, '?', 2)]"
"(24, 24, 4, 25, 0)","[(5, 5, 3, 6)]"
"(24, 24, 5, 2, 0)","[(6, 6, 1, 6)]"
"(24, 24, 6, 16, 0)","[(5, 2, 3, 2), (5, 2, 3, 2)]"
"(24, 24, 6, 25, 0)","[(5, 2, '?', 6)]"
"(24, 24, 12, 4, 0)","[(5, 0, 3, 0)]"
"(24, 24, 12, 6, 0)","[(5, '?', 3, 6)]"
"(24, 24, 20, 2, 0)","[(6, 4, 1, 1)]"
"(25, 2, 25, 25, 0)","[(4, 6, '?', 6), (4, 4, '?', 6)]"
"(26, 2, 2, 2, 0)","[(7, 6, '?', 0), (7, 4, '?', 0), (7, 6, '?', 0), (7, 4, 1, 6), (7, 4, 0, 0), (7, 6, '?', 0), (7, 1, '?', 0), (7, 4, '?', 0), (7, 1, '?', 0), (7, 6, 5, 0), (7, 4, '?', 0), (7, 4, '?', 0), (7, 1, '?', 0), (7, 6, '?', 0)]"
"(26, 2, 2, 9, 0)","[(7, 1, '?', 6), (7, 1, '?', 7)]"
"(26, 2, 2, 15, 0)","[(7, 1, '?', 0), (7, 6, '?', 0), (7, 6, '?', 6), (7, 6, 1, 0), (7, 6, 5, 0), (7, 4, '?', 6), (7, 1, 1, 6), (7, 4, '?', 0), (7, 4, '?', 6), (7, 4, '?', 0), (7, 6, '?', 6)]"
"(26, 2, 2, 16, 0)","[(7, 1, 5, 2), (7, 1, '?', 2), (7, 6, '?', 2), (7, 6, '?', 2), (7, 6, '?', 2)]"
"(26, 2, 2, 17, 0)","[(7, 6, '?', 0), (7, 4, '?', 0), (7, 4, 0, 0), (7, 6, '?', 6)]"
"(26, 2, 2, 22, 0)","[(7, 4, '?', '?'), (7, 1, '?', '?'), (7, 4, '?', '?'), (7, 4, '?', '?'), (7, 4, '?', '?'), (7, 4, '?', 5), (7, 1, '?', '?'), (7, 1, '?', '?')]"
"(26, 2, 2, 26, 0)","[(7, 4, '?', '?'), (7, 4, '?', '?')]"
"(26, 2, 5, 2, 0)","[(7, 1, 5, 6)]"
"(26, 2, 5, 26, 0)","[(7, 6, 5, '?')]"
"(26, 2, 15, 2, 0)","[(7, 1, 1, 0)]"
"(26, 2, 15, 15, 0)","[(7, 4, '?', 0)]"
"(26, 2, 20, 22, 0)","[(7, 6, '?', 5), (7, 4, '?', 5)]"
"(26, 2, 22, 20, 0)","[(7, 6, 1, 2), (7, 1, 1, 2)]"
"(26, 2, 22, 22, 0)","[(7, 1, 1, '?')]"
"(26, 4, 2, 2, 0)","[(7, 1, 6, 7)]"
"(26, 4, 2, 9, 0)","[(7, 1, 6, 7)]"
"(26, 4, 2, 20, 0)","[(7, 4, '?', 2), (7, 1, '?', 2), (7, 1, '?', 2)]"
"(26, 4, 2, 22, 0)","[(7, 6, 6, 2)]"
"(26, 4, 4, 2, 0)","[(7, 5, 1, 6), (7, 5, '?', 6), (7, 0, '?', 6), (7, 0, '?', 6), (7, 5, '?', 0)]"
"(26, 4, 4, 9, 0)","[(7, 0, '?', 7)]"
"(26, 4, 4, 15, 0)","[(7, 5, 3, 6)]"
"(26, 4, 4, 20, 0)","[(7, 5, '?', 2)]"
"(26, 4, 4, 22, 0)","[(7, 5, '?', '?'), (7, 0, 0, 5)]"
"(26, 4, 9, 9, 0)","[(7, 6, 6, 7), (7, 5, '?', 7), (7, 3, 6, 7), (7, '?', 6, 7), (7, 4, 6, 7), (7, '?', 6, 7), (7, 6, 6, 7)]"
"(26, 4, 20, 20, 0)","[(7, 0, 1, 1)]"
"(26, 4, 20, 22, 0)","[(7, 6, 6, 5)]"
"(26, 4, 22, 2, 0)","[(7, 0, '?', 6)]"
"(26, 4, 22, 20, 0)","[(7, 5, '?', 2)]"
"(26, 4, 22, 22, 0)","[(7, 7, 6, 7), (7, 6, 6, 4), (7, 3, 6, '?'), (7, 4, '?', 2), (7, 0, 6, 5)]"
"(26, 4, 22, 26, 0)","[(7, 0, '?', 5)]"
"(26, 4, 26, 26, 0)","[(7, 0, 5, 5)]"
"(26, 5, 2, 2, 0)","[(7, 4, 5, 0), (7, 1, 5, 0), (7, 4, 5, 0), (7, 6, 5, 0), (7, 1, 5, 0), (7, 1, 5, 0), (7, 1, 5, 0), (7, 4, 5, 0), (7, 4, 5, 0), (7, 6, 1, 6), (7, 6, 5, 0), (7, 4, 5, 0), (7, 6, 1, 0), (7, 1, 5, 6), (7, 1, 1, 6), (7, 1, 1, 0)]"
"(26, 5, 2, 5, 0)","[(7, 1, 5, '?'), (7, 1, 5, '?'), (7, 1, 5, '?'), (7, 6, 5, '?'), (7, 1, 5, '?'), (7, 6, 5, '?'), (7, 1, 5, '?'), (7, 1, 5, '?'), (7, 6, 5, '?'), (7, 1, 5, 0), (7, 1, 5, 0), (7, 1, 5, 0)]"
"(26, 5, 2, 14, 0)","[(7, 4, 5, 0)]"
"(26, 5, 2, 20, 0)","[(7, 1, 1, 2), (7, 1, 5, 2), (7, 1, 5, 2), (7, 1, 5, 2), (7, 1, 5, 2), (7, 1, 1, 2), (7, 6, 1, 2)]"
"(26, 5, 2, 22, 0)","[(7, 4, 1, 5), (7, 4, 1, 5), (7, 6, 1, 5), (7, 4, 1, 2), (7, 6, 1, '?'), (7, 6, 1, '?'), (7, 6, 1, '?'), (7, 4, 1, '?'), (7, 1, 1, 5), (7, 6, 1, '?'), (7, 1, 1, '?'), (7, 1, 1, 5)]"
"(26, 5, 4, 2, 0)","[(7, 0, 5, 6), (7, 0, 5, 6), (7, 5, 1, 6), (7, 0, 1, 6), (7, 0, 5, 6), (7, 0, 5, 0), (7, 0, 5, 6), (7, 5, 1, 6), (7, 5, 5, 6), (7, 0, 5, 0), (7, 5, 1, 6), (7, 5, 5, 0), (7, 5, 5, 6), (7, 0, 1, 6), (7, 5, 5, 6), (7, 5, 5, 6), (7, 0, 1, 0), (7, 5, 1, 0), (7, 0, 5, 0), (7, 5, 5, 0), (7, 5, 5, 0), (7, 0, 1, 6), (7, 5, 1, 6), (7, 5, 5, 6), (7, 5, 1, 0), (7, 0, 1, 6), (7, 0, 5, 0), (7, 5, 1, 0), (7, 5, 1, 6), (7, 5, 5, 0), (7, 5, 1, 0), (7, 5, 5, 6), (7, 5, 1, 6), (7, 0, 1, 0), (7, 0, 1, 6), (7, 5, 1, 6)]"
"(26, 5, 4, 5, 0)","[(7, 0, 5, 2), (7, 5, 5, '?'), (7, 5, 5, '?'), (7, 5, 5, 5), (7, 5, 5, '?'), (7, 5, 5, '?'), (7, 5, 5, '?'), (7, 0, 5, 5), (7, 5, 5, '?')]"
"(26, 5, 4, 15, 0)","[(7, 0, 5, 6), (7, 0, 1, 0)]"
"(26, 5, 4, 20, 0)","[(7, 5, 5, 2), (7, 5, 5, 2), (7, 5, 5, 2), (7, 5, 5, 2), (7, 0, 5, 2), (7, 0, 5, 2), (7, 5, 5, 2)]"
"(26, 5, 4, 22, 0)","[(7, 5, 1, 5), (7, 5, 1, 2), (7, 5, 5, '?'), (7, 5, 1, '?'), (7, 0, 1, 5), (7, 5, 1, '?'), (7, 5, 1, 2), (7, 0, 1, 1), (7, 5, 1, '?'), (7, 0, 1, 5), (7, 5, 1, 1), (7, 5, 1, '?'), (7, 0, 1, '?'), (7, 5, 1, 5), (7, 5, 1, 5), (7, 5, 1, '?'), (7, 5, 1, 1)]"
"(26, 5, 5, 2, 0)","[(7, 3, 5, 0), (7, 2, 5, 0), (7, 2, 5, 0), (7, 7, 5, 0), (7, 2, 5, 0), (7, 1, 5, 6), (7, 7, 5, 0), (7, 3, 5, 6), (7, 3, 5, 6), (7, 4, 5, 0), (7, 5, 5, 0), (7, 1, 5, 6), (7, 0, 5, 0), (7, 3, 5, 6), (7, 6, 5, 0), (7, 1, 5, 0), (7, 7, 5, 0), (7, 1, 5, 6), (7, 1, 5, 6), (7, 4, 5, 0)]"
"(26, 5, 5, 4, 0)","[(7, 0, 5, 5)]"
"(26, 5, 5, 16, 0)","[(7, '?', 5, 2)]"
"(26, 5, 5, 20, 0)","[(7, '?', 5, 2), (7, '?', 5, 2), (7, '?', 5, 2), (7, 2, 5, 2), (7, 2, 5, 2), (7, '?', 5, 2), (7, '?', 5, 2), (7, 2, 5, 2), (7, 0, 5, 2), (7, 3, 5, 2), (7, '?', 5, 2), (7, '?', 5, 2), (7, '?', 5, 2), (7, 4, 5, 2), (7, 3, 5, 2), (7, 3, 5, 2), (7, 0, 5, 2), (7, 2, 5, 2), (7, 1, 5, 2), (7, 5, 5, 2)]"
"(26, 5, 5, 22, 0)","[(7, 0, 5, 2), (7, '?', 5, '?'), (7, 2, 5, '?'), (7, '?', 5, 2), (7, '?', 5, '?'), (7, '?', 5, '?'), (7, 1, 5, '?'), (7, 2, 5, '?'), (7, 1, 5, '?'), (7, '?', 5, '?'), (7, '?', 5, '?'), (7, 6, 5, '?'), (7, '?', 5, 5), (7, 7, 5, '?'), (7, 1, 5, '?'), (7, '?', 5, '?'), (7, 7, 5, 5), (7, 5, 5, 5), (7, 5, 5, 5), (7, 0, 5, 2), (7, '?', 5, '?'), (7, 0, 5, 5), (7, '?', 5, '?'), (7, 6, 5, '?')]"
"(26, 5, 5, 26, 0)","[(7, '?', 5, '?')]"
"(26, 5, 6, 2, 0)","[(7, 2, 1, 6), (7, 7, 5, 0), (7, 3, 5, 0), (7, 7, 5, 6), (7, 2, 1, 6), (7, 3, 5, 6), (7, 7, 1, 0), (7, 3, 5, 0), (7, 7, 5, 0), (7, 2, 1, 0), (7, 2, 1, 0), (7, 3, 5, 6), (7, 3, 1, 0), (7, 3, 5, 6), (7, 3, 1, 0), (7, 3, 1, 0), (7, 2, 1, '?'), (7, 2, 1, 6), (7, 3, 5, 0), (7, 7, 1, 6), (7, 7, 1, 6)]"
"(26, 5, 6, 5, 0)","[(7, 2, 5, '?'), (7, 3, 5, 5)]"
"(26, 5, 6, 15, 0)","[(7, 7, 5, 6)]"
"(26, 5, 6, 16, 0)","[(7, 2, 5, 2), (7, 2, 5, 2), (7, 2, 5, 2), (7, 7, 1, 2), (7, 7, 1, 2), (7, 3, 5, 2), (7, 7, 1, 2)]"
"(26, 5, 6, 20, 0)","[(7, 2, 1, 2), (7, 7, 1, 2), (7, 7, 1, 2), (7, 7, 1, 2), (7, 2, 5, 2)]"
"(26, 5, 6, 22, 0)","[(7, 2, 1, 5), (7, 7, 1, '?'), (7, 7, 1, 6), (7, 2, 1, '?'), (7, 7, 1, '?'), (7, 7, 1, '?'), (7, 2, 1, 5), (7, 2, 1, 5), (7, 7, 1, '?'), (7, 2, 1, '?'), (7, 7, 1, 2), (7, 2, 1, 2), (7, 2, 1, '?'), (7, 2, 1, '?'), (7, 7, 1, '?')]"
"(26, 5, 20, 4, 0)","[(7, 0, 5, 5), (7, 0, 5, 5), (7, 0, 1, 1), (7, 5, 1, 1)]"
"(26, 5, 20, 5, 0)","[(7, '?', 5, 5), (7, 7, 5, 5), (7, 2, 5, 5), (7, '?', 5, 5), (7, '?', 5, 5), (7, '?', 5, 1), (7, 6, 5, 5), (7, 6, 5, 5), (7, 4, 5, 5), (7, 4, 5, 5), (7, '?', 5, 5)]"
"(26, 5, 20, 6, 0)","[(7, 3, 5, 5), (7, 3, 5, 5), (7, 3, 5, 5)]"
"(26, 5, 20, 22, 0)","[(7, 5, 1, 1), (7, 6, 1, 5), (7, 6, 5, 5), (7, 7, 5, 5), (7, 6, 1, 5), (7, 1, 1, 5), (7, 6, 1, 5), (7, '?', 1, 5), (7, 6, 5, 5), (7, 7, 5, 5), (7, 6, 1, 5), (7, 2, 1, 5), (7, 0, 1, 1), (7, 2, 5, 5), (7, '?', 1, 5)]"
"(26, 5, 22, 2, 0)","[(7, 7, 1, 0), (7, 4, 1, 6), (7, 0, 1, 6), (7, 0, 1, 0), (7, 5, 1, 0), (7, 5, 1, 6), (7, 7, 1, 0), (7, 3, 1, 0), (7, '?', 1, 0), (7, 4, 1, 6), (7, 2, 1, 0), (7, 0, 1, 6), (7, 7, 1, 0), (7, 3, 1, 0), (7, '?', 1, 0), (7, 6, 1, 0), (7, 3, 1, 0), (7, '?', 1, 0), (7, 6, 5, 0), (7, 2, 1, 6), (7, 3, 1, 0), (7, '?', '?', 0), (7, 0, 1, 6), (7, 0, 1, 0), (7, 0, 1, 1), (7, 2, 1, 0), (7, 5, 1, 0), (7, 2, 1, 0), (7, 1, 1, 6), (7, 7, 1, 0), (7, 3, 1, 0), (7, 2, 1, 6), (7, 2, 1, 6), (7, 7, 1, 6), (7, 0, 1, 0), (7, 4, 1, 6), (7, 4, 1, 6), (7, 3, 1, 0), (7, 6, 1, 6), (7, 7, 1, 6)]"
"(26, 5, 22, 15, 0)","[(7, '?', 1, 0), (7, 6, 1, 6)]"
"(26, 5, 22, 20, 0)","[(7, 3, 1, 2), (7, 3, 1, 2), (7, 5, 1, 2), (7, 3, 5, 2), (7, 3, 1, 2), (7, '?', 1, 2), (7, 6, 1, 2), (7, '?', 1, 2)]"
"(26, 5, 22, 22, 0)","[(7, 3, 1, 2), (7, 5, 1, 5), (7, 0, 1, 5), (7, 5, 5, 5), (7, '?', 1, '?'), (7, 0, 1, 5), (7, '?', 1, 5), (7, 7, 1, 5), (7, 5, 1, '?'), (7, 4, 1, 5), (7, '?', 1, 5), (7, 7, 1, 5), (7, 1, 1, 5), (7, 5, 1, 5), (7, 7, 5, 5), (7, 7, 1, 0), (7, '?', 1, '?'), (7, 2, 1, 5), (7, 0, 1, 5), (7, '?', 1, 5), (7, 7, 1, 5), (7, 2, 1, '?'), (7, 7, 1, 5), (7, '?', 1, 5), (7, 5, 1, 1), (7, '?', 1, '?'), (7, '?', 1, '?'), (7, '?', 1, '?'), (7, 0, 1, '?'), (7, 6, 1, 5), (7, 5, 1, 2), (7, 4, 1, 5), (7, 0, 1, '?'), (7, '?', 1, '?'), (7, 6, 1, '?'), (7, 4, 1, 2), (7, 6, 1, 2), (7, 2, 1, 2), (7, 1, 1, '?'), (7, 6, 1, 2), (7, 6, 1, '?'), (7, 5, 1, 5), (7, 2, 1, 5), (7, 1, 1, 2), (7, 1, 1, '?'), (7, 3, 1, 2), (7, '?', 1, 2), (7, 2, 1, 2), (7, 0, 1, 1), (7, 6, 1, '?'), (7, 4, 1, 2), (7, 5, 1, 2), (7, '?', 1, '?'), (7, 7, 1, 5), (7, 2, 1, 2), (7, 5, 1, '?'), (7, 1, 1, '?'), (7, 5, 1, 5), (7, 0, 1, 1), (7, 6, 1, 2), (7, '?', 1, 2), (7, 2, 1, 5), (7, 6, 1, '?'), (7, 6, 1, 5), (7, 5, 1, '?'), (7, 3, 1, 2), (7, 5, 1, '?'), (7, '?', 1, 5), (7, 4, 1, 5), (7, 2, 1, 2), (7, 0, 1, 1), (7, 6, 1, 5), (7, 0, 1, 5)]"
"(26, 5, 26, 2, 0)","[(7, 1, 1, 6), (7, '?', 1, 0), (7, 3, 1, 0), (7, 6, 1, 0)]"
"(26, 5, 26, 9, 0)","[(7, 5, 5, 7)]"
"(26, 5, 26, 26, 0)","[(7, 0, 1, 5)]"
"(26, 6, 2, 2, 0)","[(7, 4, 0, 6), (7, 4, 0, 0), (7, 6, 0, 6), (7, 1, 0, 0), (7, 4, 0, 0), (7, 4, 0, 0), (7, 4, 0, 0), (7, 4, 0, 6), (7, 4, 0, 0)]"
"(26, 6, 2, 11, 0)","[(7, 1, 0, 6)]"
"(26, 6, 2, 15, 0)","[(7, 4, 0, 0)]"
"(26, 6, 2, 20, 0)","[(7, 4, 0, 2), (7, 6, 0, 2)]"
"(26, 6, 2, 22, 0)","[(7, 6, 0, '?'), (7, 4, 0, 5), (7, 1, 0, 0), (7, 6, 0, '?'), (7, 1, 0, 6), (7, 1, 0, 6), (7, 1, 0, '?'), (7, 1, 0, 0), (7, 1, 0, 0), (7, 1, 0, '?'), (7, 4, 0, 2), (7, 1, 0, '?'), (7, 1, 0, '?'), (7, 6, 0, '?'), (7, 6, 0, 2), (7, 6, 0, '?'), (7, 1, 0, 0), (7, 1, 0, 0), (7, 4, 0, '?'), (7, 4, 0, '?'), (7, 1, 0, 6), (7, 1, 0, 0), (7, 6, 0, 2), (7, 1, 0, '?'), (7, 6, 0, '?'), (7, 4, 0, '?'), (7, 1, 0, '?'), (7, 4, 0, '?')]"
"(26, 6, 2, 26, 0)","[(7, 1, 0, '?')]"
"(26, 6, 4, 2, 0)","[(7, 0, 0, 6), (7, 0, 0, 6), (7, 0, 0, 6), (7, 5, 0, 6), (7, 0, 0, 0), (7, 0, 0, 0), (7, 5, 0, 6), (7, 0, 0, 0), (7, 0, 0, 6), (7, 5, 0, 6)]"
"(26, 6, 4, 20, 0)","[(7, 5, 0, 2)]"
"(26, 6, 4, 22, 0)","[(7, 5, 0, 2), (7, 5, 0, '?'), (7, 0, 0, '?'), (7, 5, 0, 2), (7, 5, 0, '?'), (7, 0, 0, '?'), (7, 0, 0, '?'), (7, 5, 0, '?'), (7, 0, 0, 5), (7, 0, 0, '?'), (7, 5, 0, 2), (7, 5, 0, 2), (7, 5, 0, 2)]"
"(26, 6, 6, 2, 0)","[(7, 2, 1, 6), (7, 2, 0, 6), (7, 7, '?', 6), (7, 3, 0, 0), (7, 7, 1, 6)]"
"(26, 6, 6, 20, 0)","[(7, 2, 0, 2), (7, 3, 0, 2)]"
"(26, 6, 6, 22, 0)","[(7, 7, 0, 6), (7, 3, 0, 5), (7, 3, 0, 5), (7, 2, 0, '?'), (7, 3, 0, '?'), (7, 7, 0, 2), (7, 2, 0, '?'), (7, 3, 0, '?'), (7, 7, 0, '?'), (7, 7, 0, '?'), (7, 7, 0, '?'), (7, 2, 0, '?')]"
"(26, 6, 6, 26, 0)","[(7, 7, 0, 2)]"
"(26, 6, 20, 2, 0)","[(7, 6, 0, 5), (7, 1, 0, 5), (7, 1, 0, 5), (7, 4, 0, 5), (7, 1, 0, 5), (7, 1, 0, 5)]"
"(26, 6, 20, 6, 0)","[(7, 7, '?', 5), (7, 3, '?', 5), (7, 7, 1, 5), (7, 7, '?', 5), (7, 7, '?', 5), (7, 2, 1, 5)]"
"(26, 6, 20, 20, 0)","[(7, 0, 0, 1), (7, '?', 0, 1), (7, 0, 0, 1), (7, '?', 0, 1), (7, '?', 0, 1)]"
"(26, 6, 20, 22, 0)","[(7, '?', 0, 5), (7, 6, 0, 5), (7, 2, 0, 5), (7, 0, 0, 1), (7, '?', 0, 5), (7, '?', 0, 5), (7, 3, 0, 5), (7, 6, 0, 5), (7, 7, 0, 5), (7, 6, 0, 5), (7, '?', 0, 5), (7, 7, 0, 5)]"
"(26, 6, 22, 2, 0)","[(7, 4, 0, 6), (7, 3, 0, 0), (7, '?', 0, 0), (7, '?', 0, 0), (7, 3, 0, 0), (7, '?', 0, 6), (7, 0, 0, 0), (7, '?', 0, 6), (7, 3, 0, 0), (7, 0, 0, 0), (7, '?', 0, 0), (7, '?', 0, 6), (7, '?', 0, 0), (7, '?', 0, 0), (7, 2, 0, 6), (7, '?', 0, 0), (7, 4, 0, 6), (7, 2, 0, 6), (7, 2, 0, 6), (7, '?', 0, 6), (7, '?', 0, 0), (7, 2, 0, 6), (7, '?', 0, 6), (7, '?', 0, 0), (7, 4, 0, 6), (7, 3, 0, 0), (7, 6, 0, 6), (7, 3, 0, 0), (7, 4, 0, 6), (7, 6, 0, 6), (7, 2, 0, 6), (7, '?', 0, 0), (7, 6, 0, 6), (7, 0, 0, 0), (7, 3, 0, 0), (7, 7, 0, 6)]"
"(26, 6, 22, 20, 0)","[(7, 2, 0, 2), (7, 7, 0, 2), (7, 3, 0, 2), (7, '?', 0, 2), (7, '?', 0, 2), (7, '?', 0, 2), (7, '?', 0, 2), (7, 3, '?', 2), (7, 7, 0, 2), (7, 2, 0, 2)]"
"(26, 6, 22, 22, 0)","[(7, 7, 0, 6), (7, 2, 0, '?'), (7, 4, 0, 2), (7, 6, 0, 5), (7, 4, 0, 5), (7, 6, 0, 5), (7, 2, 0, 5), (7, 7, 0, '?'), (7, '?', 0, 5), (7, 2, 0, '?'), (7, '?', 0, '?'), (7, 2, 0, 5), (7, 6, 0, 4), (7, 2, 0, 2), (7, 2, 0, '?'), (7, 3, 0, 5), (7, '?', 0, 2), (7, 7, 0, '?'), (7, '?', 0, '?'), (7, 1, 0, 6), (7, 2, 0, 5), (7, 2, 0, 2), (7, 2, 0, '?'), (7, 2, 0, 5), (7, 6, 0, 2), (7, 3, 0, 5), (7, 7, 0, 2), (7, 7, 0, 5), (7, 7, 0, '?'), (7, 6, 0, '?'), (7, 2, 0, 5), (7, 2, 0, '?'), (7, 7, 0, 5), (7, 3, 0, 2), (7, 3, 0, '?'), (7, 0, 0, 5), (7, 6, 0, 5), (7, 3, 0, '?'), (7, 4, 0, 5), (7, 2, 0, 2), (7, 7, 0, 5), (7, 1, 0, 5), (7, 0, 0, 5), (7, 7, 0, 2), (7, '?', 0, '?'), (7, 2, 0, '?'), (7, '?', 0, 2), (7, 4, 0, 5), (7, '?', 0, 1), (7, 4, 0, 5), (7, 6, 0, '?'), (7, 3, 0, '?'), (7, 7, 0, '?'), (7, '?', 0, '?'), (7, 6, 0, '?'), (7, '?', 0, '?'), (7, 5, 0, 2), (7, 3, 0, '?'), (7, 3, 0, 2), (7, 4, 0, 2), (7, 3, 0, '?'), (7, 1, 0, 5), (7, 6, 0, 2), (7, 7, 0, 6), (7, 2, 0, 5), (7, 2, 0, '?'), (7, 7, 0, '?'), (7, '?', 0, 2), (7, 4, 0, 2), (7, 7, 0, 6), (7, 7, 0, 5), (7, 3, 0, '?'), (7, 1, 0, 6), (7, 6, 0, '?'), (7, 2, 0, 2), (7, 0, 0, 5), (7, '?', 0, 5), (7, 0, 0, 5), (7, 6, 0, 5), (7, 1, 0, 6), (7, 3, 0, 5), (7, 6, 0, '?'), (7, 7, 0, '?'), (7, '?', 0, 2), (7, 5, 0, '?'), (7, 2, 0, 2), (7, '?', 0, '?'), (7, 4, 0, 5), (7, '?', 0, '?'), (7, 7, 0, 2), (7, 3, 0, 2), (7, 3, 0, 2), (7, 6, 0, 2), (7, 2, 0, 2), (7, 4, 0, 2), (7, '?', 0, '?'), (7, 1, 0, 5), (7, '?', 0, '?')]"
"(26, 6, 22, 26, 0)","[(7, '?', 0, 5)]"
"(26, 9, 2, 9, 0)","[(7, 1, '?', 7)]"
"(26, 9, 4, 9, 0)","[(7, 0, '?', 7), (7, 0, '?', 7), (7, 5, '?', 7)]"
"(26, 9, 6, 9, 0)","[(7, 7, '?', 7), (7, 3, '?', 7)]"
"(26, 9, 22, 2, 0)","[(7, 0, 1, 3)]"
"(26, 9, 22, 9, 0)","[(7, 0, '?', 7), (7, 5, '?', 7), (7, 5, '?', 7), (7, 2, '?', 7), (7, 2, '?', 7), (7, 3, '?', 7)]"
"(26, 9, 22, 22, 0)","[(7, 5, 3, 3), (7, 0, '?', 4), (7, 5, 1, 4), (7, 7, 0, 4), (7, 5, '?', 4)]"
"(26, 9, 22, 26, 0)","[(7, 4, 1, 4)]"
"(26, 12, 2, 2, 0)","[(7, 6, 3, 0), (7, 6, 3, 0), (7, 6, 3, 6), (7, 4, 3, 0), (7, 4, 3, 6), (7, 4, 3, 0), (7, 1, 3, 0), (7, 4, 3, 0), (7, 6, 3, 0), (7, 4, 3, 6)]"
"(26, 12, 2, 15, 0)","[(7, 4, 3, 0), (7, 4, 3, 6), (7, 4, 3, 0), (7, 4, 3, 6), (7, 4, 3, 0), (7, 4, 3, 0), (7, 1, 3, 0), (7, 6, 3, 0), (7, 6, 3, 6), (7, 6, 3, 6), (7, 4, 3, 0), (7, 6, 3, 0)]"
"(26, 12, 2, 17, 0)","[(7, 4, 3, 6), (7, 4, 3, 6), (7, 4, 3, 0)]"
"(26, 12, 2, 20, 0)","[(7, 1, 4, 2), (7, 1, 3, 2), (7, 4, 3, 2), (7, 1, 3, 2), (7, 4, 3, 2), (7, 4, 3, 2), (7, 1, 3, 2), (7, 1, 3, 2), (7, 1, 3, 2)]"
"(26, 12, 2, 22, 0)","[(7, 1, 3, 2), (7, 1, 3, '?'), (7, 4, 3, '?'), (7, 1, 3, 2), (7, 1, 3, 0), (7, 1, 3, '?'), (7, 4, 3, 2), (7, 1, 3, 0), (7, 6, 3, '?'), (7, 1, 3, 0), (7, 1, 3, '?'), (7, 1, 3, 3)]"
"(26, 12, 2, 26, 0)","[(7, 4, 3, 2), (7, 1, 3, 0), (7, 1, 3, '?'), (7, 1, 3, 0), (7, 4, 3, '?'), (7, 4, 3, '?'), (7, 1, 3, '?'), (7, 1, 3, 2), (7, 1, 3, '?'), (7, 4, 3, '?'), (7, 4, 3, 2), (7, 4, 3, 2), (7, 1, 3, '?'), (7, 1, 3, 0)]"
"(26, 12, 4, 2, 0)","[(7, 0, 3, 0), (7, 0, 3, 0), (7, 5, 3, 6), (7, 0, 3, 0), (7, 5, 3, 6), (7, 5, 3, 6), (7, 0, 3, 0)]"
"(26, 12, 4, 9, 0)","[(7, 0, 3, 7)]"
"(26, 12, 4, 15, 0)","[(7, 0, 3, 0), (7, 5, 3, 6), (7, 5, 3, 6)]"
"(26, 12, 4, 20, 0)","[(7, 5, 3, 2), (7, 0, 3, 2), (7, 5, 3, 2), (7, 5, 3, 2), (7, 0, 3, 2), (7, 5, 3, 2), (7, 0, 3, 2), (7, 0, 3, 2)]"
"(26, 12, 4, 22, 0)","[(7, 0, 3, '?'), (7, 5, 3, 5), (7, 5, 3, 5), (7, 0, 3, '?'), (7, 0, 3, '?'), (7, 0, 3, 2), (7, 0, 3, 2), (7, 0, 3, '?'), (7, 5, 3, 2), (7, 0, 3, 2), (7, 0, 3, '?')]"
"(26, 12, 4, 26, 0)","[(7, 0, 3, '?')]"
"(26, 12, 6, 2, 0)","[(7, 2, 3, 6), (7, 3, 3, 0), (7, 2, 3, 6), (7, 7, 3, 0), (7, 7, 3, 6), (7, 7, 3, 6)]"
"(26, 12, 6, 9, 0)","[(7, 7, '?', 7)]"
"(26, 12, 6, 13, 0)","[(7, 3, 3, 5)]"
"(26, 12, 6, 15, 0)","[(7, 7, 3, 6), (7, 7, 3, 0), (7, 7, 3, 6), (7, 2, 3, 6)]"
"(26, 12, 6, 20, 0)","[(7, 7, 3, 5)]"
"(26, 12, 6, 22, 0)","[(7, 7, 3, 6), (7, 2, 3, '?'), (7, 7, 3, '?'), (7, 7, 3, 3), (7, 7, 3, 6), (7, 7, 3, '?'), (7, '?', 3, '?'), (7, 2, 3, '?'), (7, 7, 3, '?'), (7, 7, 3, 0), (7, 2, 3, '?'), (7, 7, 3, '?'), (7, 7, 3, 3), (7, 2, 3, '?')]"
"(26, 12, 6, 26, 0)","[(7, 7, 3, '?'), (7, 7, 3, 6)]"
"(26, 12, 7, 9, 0)","[(7, 0, 3, 7)]"
"(26, 12, 9, 9, 0)","[(7, 0, 3, 7), (7, 1, 3, 7), (7, 4, 3, 7), (7, 3, 3, 7), (7, 6, 3, 7), (7, 0, 3, 7), (7, 0, 3, 7), (7, 3, 3, 7), (7, '?', 3, 7)]"
"(26, 12, 9, 22, 0)","[(7, 5, 3, 3), (7, 2, 3, 4)]"
"(26, 12, 9, 26, 0)","[(7, 5, 3, 3)]"
"(26, 12, 20, 2, 0)","[(7, 4, 3, 1), (7, 4, 3, 5), (7, 4, 3, 5), (7, 1, 3, 5), (7, 6, 3, 5), (7, 4, 3, 1), (7, 4, 3, 5), (7, 4, 3, 5), (7, 1, 3, 5), (7, 4, 3, 5), (7, 6, 3, 5), (7, 6, 3, 5)]"
"(26, 12, 20, 4, 0)","[(7, 5, 3, 1), (7, 5, 3, 5), (7, 0, 3, 5), (7, 5, 3, 5), (7, 5, 3, 1), (7, 5, 3, 1), (7, 0, 3, 5), (7, 5, 3, 5)]"
"(26, 12, 20, 6, 0)","[(7, 7, 3, 5), (7, 7, 3, 5), (7, 3, 3, 5), (7, 7, 3, 5), (7, 3, 3, 5), (7, 3, 3, 5)]"
"(26, 12, 20, 11, 0)","[(7, 0, 3, 5)]"
"(26, 12, 20, 20, 0)","[(7, 4, 3, 1), (7, '?', 3, 1), (7, 4, 3, 1), (7, 4, 3, 1), (7, '?', 3, 1), (7, 7, 3, 1), (7, 4, 3, 1), (7, 7, 3, 1), (7, '?', 3, 1), (7, 5, 3, 1), (7, '?', 3, 1), (7, 3, 3, 1), (7, 5, 3, 1), (7, 5, 3, 1), (7, '?', 3, 1), (7, '?', 3, 1), (7, 3, 3, 1)]"
"(26, 12, 20, 22, 0)","[(7, 6, 3, 5), (7, 3, 3, 5), (7, '?', 3, 5), (7, '?', 3, 5), (7, 4, 3, 5), (7, 6, 3, 5), (7, '?', '?', 5), (7, 0, 3, 5), (7, 1, 3, 5), (7, '?', 3, 5), (7, 0, 3, 5), (7, '?', 3, 5), (7, '?', 3, 5), (7, 1, 3, 5), (7, 1, 3, 5), (7, 1, 3, 5), (7, '?', 3, 5), (7, 6, 3, 5), (7, 0, 3, 5), (7, '?', 3, 5), (7, 5, 3, 5), (7, 3, 3, 5), (7, 7, 3, 5), (7, 1, 3, 5), (7, 5, 3, 5), (7, '?', 3, 5), (7, 6, 3, 5), (7, 1, 3, 5), (7, 1, 3, 5), (7, 7, 3, 5)]"
"(26, 12, 20, 26, 0)","[(7, 6, 3, 5), (7, '?', 3, 5)]"
"(26, 12, 22, 2, 0)","[(7, '?', 3, 6), (7, '?', 3, 6), (7, '?', 3, 6), (7, '?', 3, 6), (7, '?', 3, 6), (7, 6, 3, 6), (7, 2, 3, 6), (7, 2, 3, 6), (7, '?', 3, 6), (7, 2, 3, 6), (7, '?', 3, 6), (7, 7, 3, 6), (7, 3, 3, 0), (7, 3, 3, 0), (7, 4, 3, 6), (7, 3, 3, 0)]"
"(26, 12, 22, 9, 0)","[(7, '?', 3, 7), (7, 6, 3, 7), (7, 6, 3, 7), (7, 6, 3, 7), (7, '?', 3, 7), (7, 6, 3, 7), (7, 1, 3, 7)]"
"(26, 12, 22, 15, 0)","[(7, 4, 3, 6), (7, 3, 3, 0), (7, 3, 3, 0)]"
"(26, 12, 22, 20, 0)","[(7, '?', 3, 2), (7, 5, 3, 2), (7, '?', 3, 2), (7, '?', 3, 2)]"
"(26, 12, 22, 22, 0)","[(7, 3, 3, 5), (7, 4, 3, 4), (7, 7, 3, 4), (7, 2, 3, 3), (7, 7, 3, 0), (7, 7, 3, 6), (7, 0, 3, 2), (7, 6, 3, 4), (7, '?', 3, '?'), (7, 5, 3, 2), (7, '?', 3, 2), (7, 1, 3, 4), (7, 2, 3, '?'), (7, 4, 3, '?'), (7, 6, 3, 4), (7, 2, 3, 3), (7, 7, 3, 4), (7, 4, 3, 2), (7, '?', 3, 2), (7, '?', 3, 2), (7, '?', 3, '?'), (7, 5, 3, 4), (7, 3, 3, 5), (7, 4, 3, 2), (7, 7, 3, 5), (7, 1, 3, 4), (7, 2, 3, '?'), (7, 6, 3, 4), (7, 2, 3, '?'), (7, 0, 3, '?'), (7, 4, 3, '?')]"
"(26, 12, 22, 26, 0)","[(7, 6, 3, 7), (7, 1, 3, '?'), (7, '?', 3, '?'), (7, 7, 3, 6), (7, 7, 3, '?'), (7, 6, 3, '?'), (7, '?', 3, 2), (7, 6, 3, '?'), (7, 1, 3, '?'), (7, 6, 3, '?'), (7, 2, 3, '?'), (7, '?', 3, '?'), (7, 5, 3, 3), (7, 6, 3, '?'), (7, '?', 3, 2), (7, 0, 3, '?'), (7, 4, 3, '?'), (7, '?', 3, '?'), (7, 7, 3, 0), (7, 6, 3, 4)]"
"(26, 12, 26, 2, 0)","[(7, 0, 3, 0), (7, '?', 3, 6), (7, 6, 3, 0), (7, '?', 3, 6), (7, '?', 3, 6), (7, 6, 3, 6), (7, 5, 3, 6), (7, 6, 3, 0), (7, 5, 3, 6), (7, 6, 3, 6), (7, 6, 3, 6)]"
"(26, 12, 26, 4, 0)","[(7, 0, 3, '?')]"
"(26, 12, 26, 9, 0)","[(7, 4, 3, 7)]"
"(26, 12, 26, 22, 0)","[(7, 1, 3, 2), (7, 1, 3, 0), (7, 4, 3, '?'), (7, 0, 3, '?'), (7, 7, 3, 0), (7, 1, 3, '?')]"
"(26, 14, 4, 9, 0)","[(7, 5, 1, 7), (7, 5, 1, 7), (7, 5, 1, 7), (7, 5, 1, 7)]"
"(26, 14, 4, 14, 0)","[(7, 5, 5, 7)]"
"(26, 14, 4, 22, 0)","[(7, 5, 1, 4)]"
"(26, 14, 6, 14, 0)","[(7, 7, 5, 7)]"
"(26, 14, 9, 9, 0)","[(7, 5, 1, 7)]"
"(26, 14, 14, 9, 0)","[(7, 6, 5, 7), (7, 7, 5, 7), (7, 6, 5, 7)]"
"(26, 14, 22, 9, 0)","[(7, 4, 1, 7), (7, 5, 1, 7), (7, 5, 1, 7), (7, 0, 1, 7)]"
"(26, 18, 2, 2, 0)","[(7, 4, '?', 6)]"
"(26, 18, 4, 22, 0)","[(7, 5, '?', '?'), (7, 0, '?', '?')]"
"(26, 18, 22, 9, 0)","[(7, 6, 6, 7)]"
"(26, 18, 22, 22, 0)","[(7, 6, 2, 4), (7, 4, '?', 5)]"
"(26, 19, 2, 2, 0)","[(7, 6, 4, 6), (7, 4, 4, 0), (7, 6, 4, 0), (7, 6, 4, 6), (7, 6, 4, 0)]"
"(26, 19, 2, 20, 0)","[(7, 1, 4, 2)]"
"(26, 19, 2, 22, 0)","[(7, 1, 4, '?'), (7, 6, 4, '?'), (7, 1, 4, '?'), (7, 4, 4, 2), (7, 6, 4, '?'), (7, 6, 4, '?')]"
"(26, 19, 4, 2, 0)","[(7, 5, 4, 0), (7, 5, 4, 0)]"
"(26, 19, 4, 20, 0)","[(7, 5, 4, 2), (7, 0, 4, 2), (7, 0, 4, 2)]"
"(26, 19, 6, 22, 0)","[(7, 7, 4, 0), (7, 3, 4, 2)]"
"(26, 19, 9, 9, 0)","[(7, '?', 4, 7), (7, '?', 4, 7), (7, 1, 4, 7), (7, 1, 4, 7), (7, 1, 4, 7)]"
"(26, 19, 9, 22, 0)","[(7, 3, 4, 7)]"
"(26, 19, 20, 2, 0)","[(7, 6, 4, 5)]"
"(26, 19, 20, 4, 0)","[(7, 0, 4, 5), (7, 5, 4, 5), (7, 0, 4, 5), (7, 0, 4, 5), (7, 5, 4, 5)]"
"(26, 19, 20, 6, 0)","[(7, 7, 4, 5), (7, 7, 4, 5), (7, 3, 4, 5), (7, 7, 4, 5), (7, 3, 4, 5)]"
"(26, 19, 20, 20, 0)","[(7, 6, 4, 1)]"
"(26, 19, 20, 22, 0)","[(7, 2, 4, 5), (7, 3, 4, 5), (7, 3, 4, 5), (7, '?', 4, 5), (7, 1, 4, 5), (7, 6, 4, 5), (7, '?', 4, 5), (7, 3, 4, 5), (7, 6, 4, 5), (7, 2, 4, 5), (7, 4, 4, 5), (7, 3, 4, 5), (7, '?', 4, 5), (7, 7, 4, 5), (7, 1, 4, 5), (7, '?', 4, 5), (7, 2, 4, 5), (7, 7, 4, 5), (7, 5, 4, 5), (7, 2, 4, 5), (7, 2, 4, 5)]"
"(26, 19, 22, 2, 0)","[(7, 6, 4, 6), (7, '?', 4, 0), (7, 6, 4, 0), (7, 6, 4, 0), (7, 6, 4, 6), (7, 3, 4, 6), (7, 6, 4, 6), (7, 5, 4, 0), (7, 7, 4, 6)]"
"(26, 19, 22, 9, 0)","[(7, 7, 4, 7), (7, 1, 4, 7)]"
"(26, 19, 22, 20, 0)","[(7, '?', 4, 2), (7, '?', 4, 2), (7, '?', 4, 2), (7, '?', 4, 2), (7, 3, 4, 2)]"
"(26, 19, 22, 22, 0)","[(7, 4, 4, 2), (7, '?', 4, '?'), (7, 3, 4, 2), (7, 2, 4, '?'), (7, '?', 4, '?'), (7, 4, 4, 2), (7, '?', 4, '?'), (7, 4, 4, 2), (7, 2, 4, '?'), (7, 3, 4, 2), (7, 1, 4, 2), (7, 0, 4, 2), (7, 5, 4, 3), (7, 3, 4, 2), (7, 6, 4, '?'), (7, '?', 4, 2), (7, 1, 4, '?'), (7, 2, 4, '?'), (7, 4, 4, '?'), (7, 1, 4, '?'), (7, 1, 4, 2), (7, '?', 4, 2), (7, 4, 4, 2), (7, '?', 4, 2), (7, 1, 4, 2), (7, 6, 4, '?'), (7, 6, 4, '?'), (7, 4, 4, '?'), (7, 7, 4, 0), (7, 4, 4, '?')]"
"(26, 19, 26, 2, 0)","[(7, '?', 4, 0)]"
"(26, 20, 2, 20, 0)","[(7, 6, '?', 5)]"
"(26, 20, 4, 20, 0)","[(7, 0, '?', 5)]"
"(26, 20, 5, 20, 0)","[(7, 6, 5, 5)]"
"(26, 20, 6, 20, 0)","[(7, 3, '?', 5), (7, 7, 0, 1), (7, 3, '?', 5)]"
"(26, 20, 15, 20, 0)","[(7, 6, 1, 1)]"
"(26, 20, 20, 4, 0)","[(7, 5, '?', 1)]"
"(26, 20, 20, 6, 0)","[(7, 3, 3, 1), (7, 7, 3, 1)]"
"(26, 20, 20, 15, 0)","[(7, 7, 0, 1), (7, 7, 0, 1), (7, 6, '?', 1), (7, 3, 0, 1), (7, '?', '?', 1)]"
"(26, 20, 20, 20, 0)","[(7, 7, 1, 1), (7, 4, 1, 1), (7, 3, '?', 1), (7, 6, 5, 5), (7, 4, 0, 1), (7, 5, '?', 1), (7, 7, 1, 1), (7, 3, 3, 1), (7, 6, 1, 1), (7, 4, 3, 1), (7, 6, 1, 1)]"
"(26, 20, 22, 20, 0)","[(7, 6, '?', 5), (7, 2, '?', 5)]"
"(26, 22, 2, 2, 0)","[(7, 6, '?', 6), (7, 1, '?', 0), (7, 6, '?', 0), (7, 1, '?', 0), (7, 6, '?', 0), (7, 6, '?', 0), (7, 1, '?', 6), (7, 6, '?', 6), (7, 1, '?', 6)]"
"(26, 22, 2, 20, 0)","[(7, 6, '?', 2), (7, 4, '?', 2), (7, 6, '?', 2), (7, 1, '?', 2), (7, 1, '?', 2), (7, 4, '?', 2), (7, 1, '?', 2), (7, 1, '?', 2)]"
"(26, 22, 2, 22, 0)","[(7, 1, '?', '?'), (7, 1, '?', 0), (7, 1, '?', 6), (7, 4, '?', 2), (7, 4, '?', '?'), (7, 1, '?', '?'), (7, 4, '?', 2), (7, 4, '?', '?'), (7, 1, '?', '?'), (7, 1, '?', '?')]"
"(26, 22, 4, 2, 0)","[(7, 0, 0, 0), (7, 0, '?', 0), (7, 5, '?', 6), (7, 5, '?', 0), (7, 5, '?', 6), (7, 5, '?', 0), (7, 5, '?', 6), (7, 5, '?', 0), (7, 5, '?', 0), (7, 0, '?', 0), (7, 0, '?', 0), (7, 5, '?', 6), (7, 5, '?', 0), (7, 5, '?', '?'), (7, 0, '?', 6), (7, 0, '?', 0), (7, 0, '?', 0), (7, 5, 1, 0), (7, 5, '?', 0), (7, 0, '?', '?'), (7, 5, '?', 6), (7, 0, '?', 0), (7, 5, '?', 0)]"
"(26, 22, 4, 20, 0)","[(7, 5, '?', 2), (7, 5, '?', 2), (7, 5, '?', 2), (7, 5, '?', 2)]"
"(26, 22, 4, 22, 0)","[(7, 0, '?', '?'), (7, 0, '?', '?'), (7, 0, '?', '?'), (7, 5, '?', 2), (7, 5, 5, 5), (7, 0, '?', '?'), (7, 0, '?', '?'), (7, 5, '?', '?'), (7, 5, '?', 2), (7, 5, '?', '?'), (7, 5, '?', '?')]"
"(26, 22, 5, 20, 0)","[(7, 7, '?', 2)]"
"(26, 22, 5, 22, 0)","[(7, 3, 5, 5)]"
"(26, 22, 6, 2, 0)","[(7, 2, '?', 0), (7, 3, '?', 6), (7, 7, '?', 6), (7, 7, '?', 6), (7, 3, '?', 6), (7, 3, '?', 0), (7, 7, '?', 6), (7, 3, '?', 0), (7, 3, '?', 0), (7, 3, '?', 6), (7, 3, '?', 0)]"
"(26, 22, 6, 6, 0)","[(7, 7, '?', 6)]"
"(26, 22, 6, 9, 0)","[(7, 7, '?', 7)]"
"(26, 22, 6, 16, 0)","[(7, 2, '?', 2)]"
"(26, 22, 6, 20, 0)","[(7, 3, '?', 2), (7, 7, '?', 2), (7, 3, '?', 2), (7, 7, '?', 2), (7, 7, '?', 2), (7, 3, '?', 2), (7, 2, '?', 2), (7, 7, '?', 2), (7, 7, '?', 2), (7, 2, '?', 2), (7, 3, '?', 2), (7, 3, 1, 2)]"
"(26, 22, 6, 22, 0)","[(7, 3, 5, 5), (7, 7, '?', '?'), (7, 3, 1, 2), (7, 7, '?', '?'), (7, 7, '?', '?'), (7, 7, '?', '?'), (7, 7, '?', '?'), (7, 7, '?', '?'), (7, 7, '?', '?')]"
"(26, 22, 9, 6, 0)","[(7, 7, '?', 7)]"
"(26, 22, 9, 9, 0)","[(7, 1, '?', 7), (7, 2, '?', 7), (7, 6, '?', 7), (7, 6, '?', 7), (7, 6, '?', 7), (7, 5, '?', 7), (7, 6, '?', 7), (7, 6, '?', 7), (7, 1, '?', 7), (7, 5, '?', 7), (7, 7, '?', 7), (7, 6, '?', 7), (7, 6, '?', 7), (7, 7, '?', 7), (7, 1, '?', 7), (7, 0, '?', 7)]"
"(26, 22, 9, 17, 0)","[(7, 0, '?', 7), (7, 5, '?', 7)]"
"(26, 22, 20, 2, 0)","[(7, 4, '?', 5)]"
"(26, 22, 20, 5, 0)","[(7, 7, 5, 5), (7, 6, 5, 5)]"
"(26, 22, 20, 6, 0)","[(7, 3, '?', 5), (7, 7, '?', 5), (7, 7, 5, 5), (7, 3, 5, 5), (7, 3, '?', 5), (7, 7, '?', 5), (7, 3, '?', 5), (7, 2, '?', 5), (7, 2, '?', 5), (7, 2, '?', 5)]"
"(26, 22, 20, 22, 0)","[(7, '?', '?', 5), (7, 5, 5, 5), (7, 0, '?', 5), (7, 6, '?', 5), (7, 6, 1, 5), (7, 0, '?', 5), (7, '?', '?', 5), (7, 6, 1, 5), (7, 7, '?', 5), (7, 4, '?', 5), (7, 3, 5, 5), (7, 2, '?', 5), (7, 2, '?', 5), (7, 3, '?', 5), (7, 0, '?', 5), (7, '?', '?', 5), (7, 7, '?', 5), (7, 4, '?', 5), (7, 2, '?', 5), (7, '?', '?', 5), (7, 2, '?', 5), (7, '?', '?', 5), (7, 3, '?', 5), (7, 2, '?', 5), (7, '?', '?', 5), (7, 6, '?', 5)]"
"(26, 22, 22, 2, 0)","[(7, 6, 1, 6), (7, 6, 1, 6), (7, '?', '?', 6), (7, '?', 1, 0), (7, '?', '?', 0), (7, '?', '?', 6), (7, 7, 1, 6), (7, 6, 0, 6), (7, 4, '?', 6), (7, 4, 0, 6), (7, '?', '?', 0), (7, 2, '?', 0), (7, 6, '?', 0), (7, 2, '?', 0), (7, 2, '?', 0), (7, 2, '?', 0), (7, '?', '?', 6), (7, 3, '?', 0), (7, 2, 3, 6), (7, 6, '?', 6), (7, 6, 1, 6), (7, 2, '?', 0), (7, 3, '?', 6), (7, '?', '?', 0), (7, 6, 0, 6), (7, 3, '?', 0), (7, 6, '?', 6), (7, '?', '?', 6), (7, '?', '?', 6), (7, '?', '?', 0), (7, 6, 1, 6), (7, '?', '?', 0), (7, '?', '?', 0), (7, 6, '?', 6), (7, 3, '?', 0), (7, 4, '?', 6), (7, 4, '?', 6), (7, 4, '?', 6), (7, 6, '?', 6), (7, '?', '?', 6), (7, '?', '?', 0), (7, 2, '?', 0), (7, 3, 0, 0), (7, 6, '?', 6)]"
"(26, 22, 22, 6, 0)","[(7, 7, '?', 6)]"
"(26, 22, 22, 9, 0)","[(7, 6, '?', 7)]"
"(26, 22, 22, 15, 0)","[(7, 6, 1, 0), (7, 4, '?', 6), (7, '?', '?', 0)]"
"(26, 22, 22, 17, 0)","[(7, '?', '?', 6)]"
"(26, 22, 22, 20, 0)","[(7, 1, 1, 2), (7, 2, '?', 2), (7, 1, '?', 2), (7, 7, 1, 2), (7, 7, '?', 2), (7, 2, '?', 2), (7, '?', '?', 2), (7, 6, 1, 2), (7, '?', '?', 2), (7, '?', '?', 2), (7, 2, '?', 2), (7, 5, 7, 2), (7, '?', '?', 2), (7, 2, '?', 2), (7, '?', '?', 2), (7, 6, '?', 2), (7, '?', '?', 2), (7, 6, '?', 2), (7, '?', '?', 2), (7, '?', '?', 2)]"
"(26, 22, 22, 22, 0)","[(7, 6, 0, 4), (7, '?', 1, 5), (7, 1, 1, 5), (7, 5, '?', '?'), (7, '?', 1, '?'), (7, 0, '?', 5), (7, 3, '?', 5), (7, '?', '?', '?'), (7, 0, '?', 5), (7, 7, 1, 6), (7, '?', '?', '?'), (7, '?', 1, 2), (7, '?', '?', '?'), (7, 1, 1, 2), (7, 6, 1, '?'), (7, '?', '?', '?'), (7, '?', 1, 5), (7, 1, 1, 2), (7, '?', '?', '?'), (7, 4, '?', '?'), (7, 3, '?', 2), (7, '?', '?', '?'), (7, '?', 1, 2), (7, '?', 1, 2), (7, '?', '?', '?'), (7, '?', '?', '?'), (7, 4, '?', 5)]"
"(26, 22, 26, 2, 0)","[(7, 2, 1, 0)]"
"(26, 22, 27, 2, 0)","[(7, 4, '?', 6)]"
"(26, 26, 2, 26, 0)","[(7, 4, 1, '?')]"
"(26, 26, 6, 2, 0)","[(7, 2, 5, 6)]"
"(27, 4, 2, 2, 0)","[(0, 5, '?', 6)]"
"(27, 4, 20, 27, 0)","[(0, 5, '?', 5)]"
"(27, 4, 27, 2, 0)","[(0, 5, '?', 6), (0, 5, '?', 6)]"
"(27, 6, 6, 2, 0)","[(0, 2, '?', 6), (0, 2, '?', 6), (0, 7, '?', 0), (0, 2, '?', 6), (0, 3, '?', 6), (0, 3, '?', 6), (0, 2, '?', 6)]"
"(27, 6, 20, 22, 0)","[(0, 2, '?', 5)]"
"(27, 6, 22, 20, 0)","[(0, 7, '?', 2)]"
"(27, 6, 27, 20, 0)","[(0, 2, '?', 2)]"
"(27, 20, 20, 27, 0)","[(0, '?', '?', 1)]"
