message,concepts
"(1, 1, 1, 1, 0)","[(2, '?', '?', 3), (2, '?', '?', 3), (2, 0, '?', 0), (2, '?', '?', '?'), (2, 0, 3, 2), (2, '?', '?', 5), (2, '?', '?', 2), (2, '?', '?', '?'), (2, '?', '?', '?'), (2, '?', '?', 6), (2, '?', '?', 5), (2, 0, 3, 2), (2, '?', '?', 4), (2, 4, '?', 6), (2, '?', '?', 2), (2, '?', '?', 1), (2, '?', '?', 5), (2, '?', '?', '?'), (2, '?', '?', 1), (2, '?', '?', 3), (2, '?', '?', 4), (2, '?', '?', 6), (2, '?', '?', '?'), (2, '?', '?', 3), (2, '?', '?', 3), (2, '?', '?', 4), (2, '?', '?', 2), (2, '?', '?', 3), (2, 0, '?', 0), (2, '?', '?', 1), (2, '?', '?', 4), (2, 2, 2, 6), (2, '?', '?', 5), (2, '?', '?', 5), (2, '?', '?', 2), (2, '?', '?', 4), (2, '?', '?', 1), (2, '?', '?', 3), (2, '?', '?', 2), (2, '?', '?', 4), (2, 4, '?', 2), (2, '?', '?', 6), (2, '?', '?', '?'), (2, '?', '?', 6), (2, '?', '?', 1), (2, '?', '?', '?'), (2, '?', '?', 3), (2, '?', '?', 4), (2, '?', '?', 4), (2, 2, '?', 4), (2, '?', '?', 6), (2, 2, '?', 4), (2, '?', '?', '?'), (2, 2, '?', 6), (2, 4, '?', 6), (2, 4, '?', 6), (2, '?', '?', 1), (2, '?', '?', 6)]"
"(1, 1, 1, 21, 0)","[(2, 4, 3, 2), (2, '?', '?', 3)]"
"(1, 1, 2, 2, 0)","[(2, 4, '?', 4)]"
"(1, 1, 5, 5, 0)","[(2, '?', '?', 1), (2, '?', '?', 1)]"
"(1, 1, 19, 1, 0)","[(2, 0, '?', 4)]"
"(1, 1, 19, 19, 0)","[(2, 0, '?', 0)]"
"(1, 1, 23, 23, 0)","[(2, 2, '?', 0)]"
"(1, 1, 24, 24, 0)","[(2, '?', 7, 3)]"
"(1, 2, 1, 1, 0)","[(2, 4, '?', 0)]"
"(1, 5, 5, 1, 0)","[(2, '?', '?', 1)]"
"(1, 6, 1, 1, 0)","[(2, 4, 3, 2)]"
"(1, 9, 27, 27, 0)","[(2, 7, '?', 0)]"
"(1, 11, 11, 11, 0)","[(2, 0, 4, 0)]"
"(1, 15, 15, 15, 0)","[(2, 3, '?', 2)]"
"(1, 19, 1, 1, 0)","[(2, 0, 3, 2)]"
"(1, 19, 11, 11, 0)","[(2, 0, 4, 4)]"
"(1, 19, 19, 1, 0)","[(2, 0, '?', 0)]"
"(1, 21, 21, 21, 0)","[('?', '?', '?', 2), ('?', '?', '?', 3), ('?', '?', '?', 3), ('?', '?', '?', 3), ('?', '?', '?', 3), ('?', '?', '?', 3)]"
"(1, 21, 21, 23, 0)","[('?', '?', '?', 3), ('?', '?', '?', 3)]"
"(1, 23, 23, 23, 0)","[(2, 2, '?', 5), (2, 2, '?', 4), (2, 2, '?', 5), (2, 2, '?', 7), (2, 2, '?', 4)]"
"(1, 24, 24, 24, 0)","[(2, '?', 7, 6), (5, 0, 7, 2)]"
"(2, 1, 1, 1, 0)","[(2, 4, 6, 2)]"
"(2, 1, 1, 2, 0)","[(2, 4, 6, '?'), (2, 4, 6, 4)]"
"(2, 1, 2, 2, 0)","[(2, 4, 6, 4)]"
"(2, 2, 1, 1, 0)","[(2, 4, '?', 3), (2, 4, '?', 0)]"
"(2, 2, 1, 2, 0)","[(2, 4, '?', 0), (2, 4, 2, 2), (2, 4, '?', 0)]"
"(2, 2, 2, 1, 0)","[(2, 4, 6, 4), (2, 4, '?', 2), (2, 4, '?', 6)]"
"(2, 2, 2, 2, 0)","[('?', 4, '?', 6), (7, 4, 5, '?'), (0, 4, 2, 6), (7, 4, '?', 5), ('?', 4, 4, 7), (3, 4, '?', 0), (0, 4, 5, 0), (7, 4, 4, 5), (3, 4, 4, 7), (1, 4, 2, 7), (0, 4, 6, 4), ('?', 4, '?', 3), (6, 4, '?', 3), ('?', 4, 4, 7), (1, 4, 0, 0), (3, 4, '?', 7), (0, 4, '?', 4), (1, 4, '?', '?'), (3, 4, 4, 6), (1, 4, '?', 0), (0, 4, '?', 6), (4, 4, '?', 0), (2, 4, 2, 3), ('?', 4, '?', 0), (4, 4, 2, 5), (5, 4, '?', 6), (0, 4, 4, 3), (2, 4, 2, 4), (1, 4, 5, 0), (5, 4, '?', 4), (0, 4, '?', 7), (4, 4, 5, 0), (0, 4, 5, 0), (2, 4, 0, 5), (3, 4, '?', 4), (3, 4, '?', '?'), (3, 4, '?', 2), (5, 4, 5, 0), (1, 4, 5, 5), (3, 4, 5, 1), (5, 4, 4, 0), ('?', 4, '?', 7), ('?', 4, 4, 0), (2, 4, '?', 5), (2, 4, 2, '?'), (4, 4, 2, 1), (3, 4, 5, 5), (5, 4, 0, 4), (0, 4, 2, 5), ('?', 4, '?', 2), (6, 4, '?', 2), (3, 4, 4, 1), (1, 4, 5, 2), (0, 4, 4, 6), (7, 4, 4, 5), (0, 4, 5, '?'), (6, 4, 5, 3), ('?', 4, 4, 7), (3, 4, 4, 7), (6, 4, '?', '?'), (6, 4, 2, 3), (2, 4, '?', 6), (1, 4, '?', 2), (7, 4, '?', 3), ('?', 4, '?', 0), ('?', 4, '?', 3), ('?', 4, 4, '?'), (6, 4, 2, 5), ('?', 4, 2, 3), (2, 4, 2, '?'), ('?', 4, 4, 5), (2, 4, 2, 5), (1, 4, '?', '?'), (4, 4, 2, 6), (0, 4, 0, 0), (2, 4, 5, 0), (2, 4, 4, 5), (1, 4, 5, 2), (5, 4, '?', '?'), (7, 4, 0, 1), (2, 4, 4, 5), (1, 4, 0, 1), (0, 4, '?', 6), (2, 4, 2, 3), (0, 4, 4, '?'), (1, 4, 2, 6), (7, 4, 2, 1), (1, 4, 5, 4), (1, 4, 2, 5), (1, 4, 0, 1), (6, 4, 5, 0), (3, 4, 2, 1), (6, 4, 5, 1), (5, 4, 3, 3), (0, 4, 5, 7), ('?', 4, 5, 5), (5, 4, 0, 0), (3, 4, 5, 4), (5, 4, 0, '?'), (1, 4, '?', '?'), (7, 4, 4, 3), (6, 4, 0, 1), (4, 4, 5, '?'), (0, 4, 5, 1), (6, 4, '?', 0), (0, 4, 5, 1), (1, 4, '?', '?'), (6, 4, '?', 7), (0, 4, 6, 2), (3, 4, 5, 3), (2, 4, 4, 1), (6, 4, '?', 7), (2, 4, 2, 3), (4, 4, 6, 2), (1, 4, 5, 6), ('?', 4, 0, 0), (0, 4, 4, 7), (6, 4, 0, 4), (4, 4, '?', '?'), (4, 4, 5, 0), (4, 4, 2, '?'), (7, 4, 2, 7), (4, 4, '?', 2), (7, 4, 0, 0), (4, 4, '?', 0), (4, 4, 2, '?'), (3, 4, 5, 3), (1, 4, 5, 1), (7, 4, 4, 3), (0, 4, '?', 6), ('?', 4, 2, 3), (0, 4, '?', 6), (1, 4, 0, 0), (1, 4, 5, 2), (1, 4, '?', 7), (5, 4, 0, 6), (1, 4, 0, 1), (3, 4, 4, 5), (5, 4, 5, 3), (5, 4, '?', 0), ('?', 4, '?', 3), (2, 4, 4, 4), (1, 4, 2, '?'), (7, 4, 5, 0), (7, 4, 5, 1), (5, 4, '?', 4), (1, 4, 4, 5), (7, 4, 2, 1), (3, 4, 2, 3), (2, 4, '?', 7), (1, 4, 5, 0), (1, 4, 0, 5), (2, 4, '?', 4), (3, 4, '?', '?'), ('?', 4, 0, 5), (5, 4, 5, 0), (0, 4, '?', 4), (3, 4, 4, 0), (7, 4, 0, 0), (2, 4, '?', 2), ('?', 4, 5, 2), (2, 4, 2, 5), (1, 4, '?', 1), (3, 4, 2, 3), (3, 4, 5, 2), (1, 4, '?', 5), (0, 4, 5, 3), (3, 4, '?', '?'), (0, 4, 4, 1), (1, 4, 2, 5), (4, 4, 2, 6), ('?', 4, '?', 5), (2, 4, '?', 2), (6, 4, 0, 0), (0, 4, 4, 3), (7, 4, '?', 6), (6, 4, 0, 0), (7, 4, 2, 7), (5, 4, '?', '?'), (6, 4, 2, 4), ('?', 4, 4, 4), (6, 4, 5, 0), (4, 4, 5, 6), (0, 4, 5, 4), (7, 4, 5, 7), (5, 4, 0, 6), (6, 4, 0, 4), (2, 4, '?', 4), ('?', 4, 4, 0), (6, 4, 0, 4), (5, 4, '?', 6), (6, 4, 0, 4), (3, 4, 0, 0), (1, 4, '?', 1), ('?', 4, 0, 0), (6, 4, 5, 1), (6, 4, 0, 5), (3, 4, '?', 6), ('?', 4, 5, 7), (5, 4, 5, 6), (5, 4, 5, 7), ('?', 4, 5, 7), (1, 4, 2, 7), (2, 4, '?', 5), (0, 4, 2, 6), (3, 4, '?', 2), (7, 4, 5, 2), ('?', 4, 0, 0), (2, 4, 2, 7), (5, 4, 6, 4), ('?', 4, 0, 0), (0, 4, '?', 4), (7, 4, '?', 3), (0, 4, 6, 3), (3, 4, 2, 5), (5, 4, 2, 3), (1, 4, 2, 3), (6, 4, 5, 5), (0, 4, 4, 0), (4, 4, 2, 3), (1, 4, 0, 3), (3, 4, 4, 6), (6, 4, '?', 2), (3, 4, '?', 5), (5, 4, 0, '?'), (7, 4, 5, 0), (0, 4, 2, 3), (2, 4, '?', 1), (1, 4, '?', 5), (5, 4, 5, 6), (5, 4, 2, 1), ('?', 4, 5, 0), (4, 4, 2, 5), (3, 4, 4, 1), (3, 4, '?', '?'), (5, 4, 0, 6), (0, 4, 0, 0), (0, 4, 4, '?'), (6, 4, 5, 4), (7, 4, 5, 0), ('?', 4, 5, '?'), (1, 4, 5, 1), (7, 4, '?', 3), (2, 4, '?', 7), (2, 4, 5, 4), (3, 4, '?', '?'), (0, 4, 5, 5), (2, 4, 5, '?'), (1, 4, 5, 4), (3, 4, '?', 0), (6, 4, 2, 1), (3, 4, 2, 4), (7, 4, '?', 7), (5, 4, 5, 5), (5, 4, 0, 1), (3, 4, 0, '?'), (4, 4, 4, 0), (2, 4, 0, 4), (1, 4, '?', 5), (1, 4, 4, 5), (7, 4, '?', 3), (3, 4, 2, 3), ('?', 4, 5, 1), (3, 4, 5, 7), (2, 4, '?', 4), (2, 4, 0, 1), (3, 4, '?', 7), (6, 4, 2, '?'), (3, 4, 2, 5), (1, 4, 5, 2), (7, 4, 4, 7), (1, 4, '?', '?'), ('?', 4, 0, 2), (2, 4, 5, 3), (1, 4, 5, 7), (5, 4, 5, 1), (1, 4, 5, 1), (2, 4, '?', 7), (3, 4, 5, 7), (6, 4, 2, 5), (3, 4, 0, '?'), (7, 4, 5, '?'), (0, 4, '?', '?'), (2, 4, 2, 6), (1, 4, 4, 0), (2, 4, '?', 3), (1, 4, 0, 5), (5, 4, '?', 3), (0, 4, 4, 3), (2, 4, 0, 1), (5, 4, 2, 3), (0, 4, 2, 1), ('?', 4, 2, 7), (7, 4, '?', 7), (3, 4, '?', 2), (5, 4, 2, 4), (0, 4, 4, 3), (7, 4, 2, 4), (3, 4, 4, 3), (0, 4, 5, 5), (3, 4, 5, 1), (3, 4, 5, 1), (2, 4, '?', 3), (5, 4, 0, 1), ('?', 4, 2, 3), (5, 4, 0, '?'), (2, 4, '?', 1), (5, 4, 0, 5), ('?', 4, 5, 3), (7, 4, '?', 2), (1, 4, 5, 5), (2, 4, 5, '?'), (2, 4, 2, 4), (6, 4, 5, 0), ('?', 4, 2, '?'), (1, 4, 5, '?'), (4, 4, 2, 4), (3, 4, 5, 2), (3, 4, 4, 1), (1, 4, 5, 1), ('?', 4, 5, '?'), (0, 4, '?', 1), (2, 4, 2, 3), ('?', 4, '?', 1), (0, 4, 2, 3), (7, 4, 2, '?'), (7, 4, 2, '?'), (0, 4, 2, 3), (1, 4, '?', 2), (5, 4, 5, 4), (4, 4, '?', 7), (2, 4, 2, 0), (3, 4, 5, 7), ('?', 4, 4, 3), (3, 4, 2, '?'), (2, 4, 4, '?'), (5, 4, '?', 4), (5, 4, 2, 3), (3, 4, '?', 6), (1, 4, 2, '?'), (0, 4, 2, 4), ('?', 4, 5, '?'), (0, 4, 0, 3), (1, 4, '?', 1), (3, 4, 4, 3), (1, 4, '?', 7), (7, 4, 4, 3), (2, 4, 2, 5), (3, 4, '?', 4), (5, 4, 0, '?'), (3, 4, 2, 4), (0, 4, 4, 7), (4, 4, '?', '?'), (0, 4, 5, 4), (7, 4, 2, '?'), (5, 4, 4, 7), (7, 4, 0, 5), (5, 4, 2, 4), (5, 4, 0, 7), (0, 4, 5, 7), (2, 4, '?', 0), (3, 4, 5, 5), (3, 4, 2, 5), (5, 4, '?', 3), (5, 4, 3, '?'), (1, 4, 5, 0), ('?', 4, 4, 5), (3, 4, 4, '?'), (0, 4, 5, 6), ('?', 4, 0, 1), (4, 4, '?', 4), (6, 4, '?', 0), (6, 4, 0, 4), ('?', 4, 2, 1), (4, 4, '?', 0), (5, 4, 4, 0), (5, 4, 2, 3), (1, 4, 0, 0), (3, 4, '?', 0), (0, 4, 4, 6), (5, 4, 0, 4), (2, 4, 4, 7), (0, 4, '?', 0), (2, 4, '?', 5), (7, 4, 5, 4), (6, 4, 5, 0), (4, 4, 2, 5), (0, 4, 4, 0), (4, 4, '?', 7), (0, 4, '?', 0), (7, 4, 0, 1), (0, 4, 6, 4), (4, 4, 5, 3), ('?', 4, 5, 6), ('?', 4, 5, 3), (2, 4, 5, 6), ('?', 4, 2, 7), ('?', 4, 0, 1), (6, 4, 0, 1), (4, 4, '?', 0), (1, 4, 5, 6), (3, 4, 2, 4), (5, 4, '?', 6), (5, 4, 0, '?'), (3, 4, 2, '?'), (3, 4, 5, 7), (0, 4, 4, '?'), (1, 4, 5, 3), (1, 4, '?', 5), (2, 4, 5, '?'), (6, 4, '?', 7), (5, 4, 5, 3), (1, 4, 4, 4), (5, 4, 4, 0), (1, 4, 0, '?'), (3, 4, '?', 2), (7, 4, 2, 6), (7, 4, 5, 2), (7, 4, '?', 7), (5, 4, 0, 4), ('?', 4, 4, 7), (1, 4, 4, 5), (5, 4, 0, 5), (3, 4, 5, 5), (6, 4, 5, 5), (1, 4, 0, 1), (3, 4, 5, 3), ('?', 4, 2, 3), (3, 4, 5, '?'), (5, 4, 4, 3), (3, 4, 5, '?'), (3, 4, '?', 6), ('?', 4, 2, 1), (1, 4, 2, 3), ('?', 4, '?', 1), (6, 4, 2, 3), (7, 4, 5, 2), ('?', 4, 5, 5), (3, 4, 5, 4), (3, 4, '?', 1), (5, 4, 0, 4), (5, 4, 0, 0), (2, 4, '?', 1), (4, 4, 5, '?'), (7, 4, 0, 0), (7, 4, 5, 4), (3, 4, '?', 0), (4, 4, 5, 3), (0, 4, 4, 3), ('?', 4, 5, 2), (2, 4, 0, 4), (3, 4, 0, '?'), (4, 4, 5, 3), (2, 4, 4, 7), (0, 4, 2, 7), (3, 4, 5, 5), ('?', 4, '?', 2), (5, 4, 5, 6), (1, 4, 5, 7), (3, 4, 0, 1), (3, 4, 0, 1), (6, 4, '?', 3), (3, 4, '?', 0), (0, 4, 2, 1), (1, 4, 2, 7), (4, 4, 2, 6), (2, 4, 4, 4), (0, 4, 4, 1), (6, 4, 2, 7), (0, 4, 5, 3), (5, 4, '?', 2), ('?', 4, '?', 1), (1, 4, 5, 4), (4, 4, '?', 5), (0, 4, 5, 7), (6, 4, 0, 2), (3, 4, '?', 4), (5, 4, 5, 6), (7, 4, '?', '?'), (7, 4, 0, '?'), ('?', 4, '?', 7), (2, 4, 4, '?'), (7, 4, 5, 1), (5, 4, 5, 7), (0, 4, 4, 7), (5, 4, 2, 1), (5, 4, 5, '?'), (5, 4, 5, 4), (5, 4, 3, 7), (5, 4, '?', 3), (5, 4, 2, 3), (4, 4, 5, 1), (3, 4, 4, 1), (5, 4, 2, 4), (4, 4, '?', 7), (7, 4, '?', 2), (1, 4, '?', 5), (3, 4, 5, '?'), (1, 4, 2, 5), (6, 4, 2, 7), (7, 4, 0, 3), (1, 4, '?', 1), (5, 4, 3, 7), (1, 4, 0, 1), ('?', 4, 5, 6), (5, 4, 5, 5), ('?', 4, 0, 0), (4, 4, 5, '?'), (0, 4, 2, 0), (1, 4, 0, '?'), (0, 4, 4, 6), ('?', 4, 5, 0), (3, 4, 5, '?'), (7, 4, 0, '?'), (3, 4, '?', 1), (5, 4, 3, '?'), (7, 4, '?', 6), (7, 4, 5, '?'), (7, 4, 2, 6), (5, 4, 5, 6), (0, 4, 4, 0), (1, 4, '?', 6), (5, 4, '?', 2), (2, 4, 2, 6), ('?', 4, 4, 5), (4, 4, '?', 0), ('?', 4, 2, 3), (7, 4, '?', 3), (1, 4, 5, 5), ('?', 4, 5, 6), (1, 4, 5, 3), (7, 4, '?', 6), (1, 4, 2, 6), ('?', 4, 2, 6), (3, 4, 4, 0), (2, 4, 0, 4), (3, 4, 5, 1), (3, 4, '?', 2), (5, 4, '?', '?'), (7, 4, 0, 6), (1, 4, '?', 0), ('?', 4, 5, 0), (1, 4, 5, 3), (2, 4, 5, 0), (1, 4, '?', 7), (3, 4, 4, 5), (3, 4, 2, 3), (2, 4, 2, 7), (0, 4, '?', '?'), (5, 4, 0, 6), (0, 4, 5, 6), (4, 4, 5, 0), (0, 4, '?', '?'), (5, 4, 2, 4), (5, 4, 2, 6), (7, 4, 2, 4), ('?', 4, 0, 0), (3, 4, 5, 1), ('?', 4, 0, 0), (5, 4, 2, 1), (3, 4, 5, '?'), (5, 4, 0, 5), (0, 4, '?', 6), (1, 4, 2, 5), ('?', 4, 2, 5), (6, 4, 5, 5), (1, 4, 5, '?'), (5, 4, 0, 3), (0, 4, '?', 4), ('?', 4, '?', 4), (0, 4, 4, 7), (2, 4, 2, 3), (3, 4, 5, 2), (5, 4, 5, 4), (3, 4, 2, 5), (4, 4, '?', 2), (6, 4, '?', 2), (3, 4, 5, 5), (5, 4, 5, 3), (3, 4, '?', 6), (3, 4, '?', 4), (2, 4, 2, '?'), (3, 4, 5, 2), (0, 4, 5, 5), (4, 4, 4, 0), (6, 4, 2, 5), (7, 4, 4, 3), ('?', 4, '?', 7), (7, 4, '?', 2), (1, 4, 2, 0), (4, 4, 5, 7), (6, 4, 0, 5), (4, 4, 4, 0), (3, 4, 4, 0), (1, 4, 4, 4), ('?', 4, 0, 3), (1, 4, 5, 4), (6, 4, 2, 5), (6, 4, '?', 1), (1, 4, 0, 4), (3, 4, 5, 4), (6, 4, '?', 3), (2, 4, 2, 0), (7, 4, '?', 5), (6, 4, '?', 7), ('?', 4, 2, 7), (7, 4, '?', 2), (0, 4, 2, 5), ('?', 4, '?', 5), ('?', 4, 2, 2), (5, 4, 2, 3), (7, 4, 0, '?'), ('?', 4, '?', 0), (7, 4, '?', 3), ('?', 4, 4, 3), (6, 4, 5, 7), (5, 4, 5, 1), (3, 4, 2, 5), (2, 4, 5, '?'), (0, 4, 0, 5), (6, 4, 5, 1), (7, 4, '?', '?'), (7, 4, 0, 4), (6, 4, '?', '?'), (2, 4, 5, 0), (1, 4, 0, 3), (1, 4, '?', 7), (3, 4, 2, 3), (4, 4, '?', 6), (5, 4, '?', 3), (3, 4, 4, 1), (1, 4, 5, 5), (0, 4, '?', 4), (3, 4, 2, 3), (0, 4, 0, 4), (2, 4, 2, 5), (5, 4, 0, 3), (3, 4, '?', 7), (5, 4, 3, 0), ('?', 4, 4, 5), (7, 4, '?', 7), (0, 4, 5, 7), (3, 4, 2, 3), (2, 4, 4, 4), (4, 4, '?', '?'), (0, 4, 4, 6), (3, 4, 2, 7), (7, 4, 0, 5), (7, 4, 2, 1), (3, 4, 0, 0), (4, 4, '?', 6), (5, 4, 5, '?'), ('?', 4, 5, 0), ('?', 4, '?', 4), (2, 4, 6, 2), ('?', 4, '?', 6), (0, 4, 4, 3), (3, 4, 5, 4), (1, 4, 2, 7), (6, 4, 5, 5), (3, 4, '?', 3), (1, 4, '?', 2), (7, 4, 2, 7), (7, 4, '?', 5), (4, 4, 5, 3), (3, 4, '?', 3), (7, 4, 0, 4), (0, 4, 6, 3), (1, 4, 0, 3), (1, 4, 2, 0), (7, 4, 5, 7), ('?', 4, '?', 4), (2, 4, 0, 1), (4, 4, 5, '?'), ('?', 4, 0, 1), (5, 4, 0, 3), (0, 4, '?', '?'), (1, 4, '?', 5), (4, 4, 5, '?'), (6, 4, '?', 2), ('?', 4, 5, 7), (4, 4, 5, 3), (0, 4, 5, 6), (5, 4, 5, '?'), (5, 4, '?', 2), (5, 4, 4, 5), (5, 4, 2, 1), (1, 4, 2, 3), (0, 4, 5, 1), (1, 4, 2, 5), (7, 4, 5, 2), (4, 4, 5, 1), (7, 4, 2, 6), (4, 4, 5, '?'), (7, 4, 5, 7), (3, 4, 4, 6), (1, 4, 0, 5), (1, 4, 5, 4), ('?', 4, '?', 2), (7, 4, 5, 6), (1, 4, 2, 3), (0, 4, 4, 3), (6, 4, 0, 5), (0, 4, 5, 3), (7, 4, 6, 3), (7, 4, 2, 4), (7, 4, 4, 5), (5, 4, 5, 4), (6, 4, 2, 1), (0, 4, 5, 1), ('?', 4, 4, 5), (7, 4, 4, 5), (5, 4, 5, 4), (0, 4, '?', 4), ('?', 4, '?', 7), (1, 4, '?', 0), (1, 4, '?', 0), (7, 4, 2, 6), (1, 4, 5, 7), (2, 4, 4, 5), (1, 4, 5, '?'), (7, 4, 2, '?'), (7, 4, '?', 5), (5, 4, '?', 2), (6, 4, 0, 0), ('?', 4, '?', 5), (6, 4, 2, 1), (6, 4, 2, 4), (1, 4, 2, '?'), (0, 4, 5, 6), (3, 4, 0, 0), (2, 4, 0, 1), (5, 4, 0, 1), (5, 4, 4, 5), (1, 4, 2, 6), (6, 4, '?', 0), (2, 4, 0, '?'), (7, 4, 4, 3), (4, 4, '?', 7), (6, 4, 2, 4), ('?', 4, 0, 7), (1, 4, 5, 7), (1, 4, 0, 1), (2, 4, 6, 2), (1, 4, 5, '?'), (2, 4, 0, 0), ('?', 4, 2, 5), (5, 4, 4, '?'), (5, 4, 5, 0), (6, 4, '?', 7), ('?', 4, '?', 2), (1, 4, '?', 1), ('?', 4, 4, 0), (7, 4, '?', '?'), (6, 4, '?', 7), (2, 4, '?', 3), ('?', 4, '?', 3), (2, 4, '?', 6), (2, 4, 4, 5), (1, 4, 2, 3), (6, 4, '?', 1), (5, 4, 0, 7), ('?', 4, 0, 1), (6, 4, '?', 0), (0, 4, '?', 6), (4, 4, 4, 0), (4, 4, 4, 0), (3, 4, 5, 7), ('?', 4, 4, 7), (7, 4, 5, 7), (3, 4, '?', '?'), (2, 4, 2, 7), (0, 4, '?', 0), (3, 4, '?', 5), (6, 4, '?', 7), (0, 4, 5, '?'), ('?', 4, 2, 2), (3, 4, 5, '?'), (6, 4, 0, 0), (5, 4, 5, 5), (3, 4, '?', 2), (2, 4, '?', 3), (3, 4, 4, 6), (3, 4, 4, 5), (0, 4, 5, 5), (7, 4, 0, '?'), (4, 4, 2, 3), (2, 4, '?', 4), (5, 4, 5, 6), (6, 4, 5, 0), (2, 4, 5, 3), (2, 4, '?', 1), (5, 4, 0, 4), (3, 4, 2, 3), (0, 4, 4, 0), (0, 4, 2, 4), ('?', 4, 0, 1), (7, 4, 2, 6), (3, 4, 2, 7), (2, 4, 2, 4), (0, 4, 4, 3), (4, 4, 5, 1), (5, 4, '?', '?'), (5, 4, 0, 3), (5, 4, 2, 4), (7, 4, 2, 1), (4, 4, 5, 3), (7, 4, 0, '?'), (5, 4, '?', 2), (3, 4, 2, 3), (1, 4, '?', 5), (0, 4, 2, 5), (0, 4, 4, 7), (2, 4, '?', 1), (5, 4, '?', 3), (4, 4, 2, 7), (4, 4, 5, 6), (4, 4, 5, 0), (0, 4, 0, 0), (7, 4, 0, 3), (1, 4, 5, 3), (1, 4, 5, 6), (3, 4, '?', 5), (2, 4, 5, 3), (2, 4, 4, 5), (3, 4, '?', '?'), (3, 4, '?', 7), (5, 4, 2, 3), (2, 4, 2, 5), ('?', 4, 5, 1), (2, 4, 2, 3), (5, 4, 5, 0), ('?', 4, '?', 6), (7, 4, 0, 5), (1, 4, 5, 1), (1, 4, 2, 7), (2, 4, 5, 3), (4, 4, '?', 0), (0, 4, '?', 7), (5, 4, 0, 0), (5, 4, 0, 4), (7, 4, 4, 3), (0, 4, 6, 1), (5, 4, 4, 3), (7, 4, 4, 4), (5, 4, 2, 6), (5, 4, 0, 7), (2, 4, 2, 7), (1, 4, 5, 5), (5, 4, 4, 0), (2, 4, 2, 5), (0, 4, 5, 5), (0, 4, 2, 3), (7, 4, 4, 5), (7, 4, 0, 2), (7, 4, 5, 1), (7, 4, '?', 6), ('?', 4, 4, '?'), (7, 4, '?', 6), (2, 4, 4, 7), (3, 4, 5, 3), (1, 4, 5, '?'), ('?', 4, 2, '?'), (0, 4, 5, 7), (1, 4, 5, '?'), (5, 4, 5, '?'), (1, 4, '?', 1), (1, 4, '?', 1), (1, 4, 0, 0), (0, 4, 5, 5), (5, 4, 2, 4), (5, 4, 0, 7), ('?', 4, 5, 7), (0, 4, 4, 6), (5, 4, 4, 1), (7, 4, 5, 0), (0, 4, 6, 3), (3, 4, 0, 1), (7, 4, 0, 3), (7, 4, 0, 0), (3, 4, 5, 3), (6, 4, 0, 0), (7, 4, 4, 5), (6, 4, '?', 0), (6, 4, 2, 7), (5, 4, '?', 6), (0, 4, 2, 0), (3, 4, 4, 0), (3, 4, 2, 5), (7, 4, '?', 7), (2, 4, 4, 5), (1, 4, 5, 3), (6, 4, '?', 1), (2, 4, 4, 4), (1, 4, '?', 6), (1, 4, 0, 5), (5, 4, 2, 6), (4, 4, 5, 1), (6, 4, 2, 7), (4, 4, 5, 0), (2, 4, 2, '?'), (3, 4, 4, 5), (7, 4, '?', 6), (7, 4, '?', '?'), (1, 4, 0, 5), (1, 4, 2, '?'), (3, 4, 5, 4), (6, 4, 2, 3), (0, 4, 0, 3), (7, 4, 2, 1), (0, 4, 4, '?'), (7, 4, 5, 1), (0, 4, 6, 3), (0, 4, 2, 3), (5, 4, 0, 3), (5, 4, '?', 0), (2, 4, 2, '?'), (4, 4, 2, 3), (3, 4, 2, '?'), (2, 4, 2, 0), (4, 4, 2, 0), (6, 4, 0, 1), (7, 4, '?', '?'), (0, 4, 5, 1), ('?', 4, '?', 1), (6, 4, '?', 2), (0, 4, 2, '?'), (5, 4, 0, 5), (0, 4, 2, 5), (2, 4, 2, 4), (1, 4, 2, 3), (5, 4, '?', 6), (5, 4, 0, 4), (5, 4, 5, 7), (0, 4, 0, 0), (3, 4, 5, 5), (0, 4, 6, 4), (0, 4, 4, 4), (7, 4, '?', 2), (4, 4, 5, 6), (2, 4, 2, 3), (5, 4, 3, 7), (2, 4, '?', 5), (2, 4, 0, '?'), (2, 4, '?', 7), (6, 4, 0, 2), (3, 4, 5, 1), (6, 4, 5, 3), (4, 4, 5, 6), (3, 4, '?', 4), ('?', 4, 5, 5), (5, 4, 5, 7), (5, 4, '?', 3), (0, 4, 6, 1), ('?', 4, '?', 3), (3, 4, '?', 3), (6, 4, 2, '?'), (0, 4, 5, 4), (6, 4, '?', 1), (7, 4, '?', 5), (6, 4, 2, 4), (1, 4, 2, 6), (0, 4, 4, 6), ('?', 4, '?', 5), (1, 4, '?', 7), ('?', 4, 2, 6), (7, 4, 0, 1), ('?', 4, 5, '?'), (3, 4, 2, 5), (5, 4, 0, 1), (1, 4, 0, 5), (7, 4, 0, 4), (4, 4, '?', 6), (3, 4, 5, 7), (7, 4, 2, 6), ('?', 4, 5, '?'), (7, 4, 0, 1), (6, 4, '?', '?'), ('?', 4, 4, 4), (1, 4, 2, 3), ('?', 4, '?', 5), (3, 4, 4, '?'), (2, 4, 2, 4), (3, 4, '?', 3), (4, 4, 2, 5), ('?', 4, '?', 1), (0, 4, 5, '?'), (3, 4, 0, 3), (0, 4, 4, 0), (5, 4, 3, 5), (0, 4, 4, 4), (2, 4, '?', 3), ('?', 4, 5, 0), (3, 4, 5, 3), (4, 4, '?', 6), (2, 4, '?', 4), (1, 4, 5, 2), (1, 4, 4, 7), (2, 4, 5, 3), (7, 4, 5, 0), (6, 4, 5, 3), (5, 4, '?', '?'), (2, 4, 4, 1), (5, 4, 0, 3), (0, 4, 2, 5), (6, 4, '?', 0), (6, 4, 2, 4), (7, 4, 5, 7), (2, 4, 5, 3), (0, 4, 5, 1), (7, 4, '?', 7), (0, 4, 5, 0), (0, 4, 6, 4), (0, 4, 6, 4), (1, 4, '?', 0), (6, 4, 2, '?'), (1, 4, 2, 7), (7, 4, 2, 4), (3, 4, 5, 5), (0, 4, 5, 0), ('?', 4, 2, 7), (0, 4, '?', 0), (7, 4, 0, 5), ('?', 4, 0, 6), (3, 4, 0, 5), (2, 4, 4, 3), ('?', 4, 5, 5), ('?', 4, 4, '?'), (1, 4, '?', 6), (1, 4, 2, 6), (3, 4, '?', 5), (1, 4, 2, '?'), (3, 4, 5, 5), ('?', 4, 2, 5), (7, 4, 6, 3), (1, 4, 4, 7), (6, 4, 5, 4), (5, 4, 3, 7), (7, 4, 2, '?'), (3, 4, 4, 0), (0, 4, 4, 7), (7, 4, 5, 1), (4, 4, 5, 6), (6, 4, 5, 5), (4, 4, 5, 6), (5, 4, 4, 0), (2, 4, '?', 5), (2, 4, 0, 0), (1, 4, '?', 7), (0, 4, 2, 5), (7, 4, 0, 0), (3, 4, '?', 6), (3, 4, '?', '?'), (1, 4, 4, 7), (0, 4, 4, 0), ('?', 4, 2, 5), (0, 4, 5, '?'), (2, 4, 2, '?'), (5, 4, 5, '?'), (6, 4, '?', 1), (0, 4, 4, 7), (2, 4, '?', 7), (0, 4, 5, 7), (5, 4, 4, '?'), (4, 4, '?', '?'), (4, 4, '?', 4), (0, 4, '?', 1), (7, 4, 0, 1), ('?', 4, 4, 7), (2, 4, 4, 5), (0, 4, '?', '?'), (6, 4, '?', 3), (0, 4, '?', 7), (3, 4, 5, 2), (0, 4, 6, 3), (5, 4, '?', 0), (5, 4, 0, 2), ('?', 4, 2, '?'), (6, 4, 2, '?'), (3, 4, '?', 5), (7, 4, 0, 4), (1, 4, 4, 7), (2, 4, 2, 0), (5, 4, 4, 7), (2, 4, 4, 0), (3, 4, 5, 7), (0, 4, 4, 1), ('?', 4, 5, 1), (7, 4, 0, 0), ('?', 4, 5, 6), (6, 4, 0, 0), (3, 4, 5, 4), (5, 4, 0, 2), (1, 4, '?', 2), (7, 4, 0, 5), (2, 4, '?', 7), (2, 4, 2, 4), (0, 4, 2, 4), (2, 4, 0, '?'), ('?', 4, 5, 2), (5, 4, 2, 4), (1, 4, 2, 7), (0, 4, 5, 0), (0, 4, '?', 0), (2, 4, 2, 5), (6, 4, 5, 4), (3, 4, '?', 6), (3, 4, '?', 1), ('?', 4, 5, 2), (6, 4, 0, 0), (4, 4, 2, 5), (3, 4, 2, 5), (1, 4, 4, 5), (5, 4, 0, 6), (0, 4, 5, 4), (4, 4, 2, 4), ('?', 4, 5, 1), (4, 4, 5, 0), (3, 4, '?', 3), (1, 4, 0, 7), (3, 4, '?', 7), (0, 4, 2, 3), (1, 4, 5, 4), (1, 4, 5, '?'), (6, 4, 0, 4), (5, 4, 0, 0), ('?', 4, 2, 1), (2, 4, 5, 0), (7, 4, 2, 4), (1, 4, 2, 5), (6, 4, 4, 7), (1, 4, 2, 5), (0, 4, 4, 1), (7, 4, 5, '?'), (5, 4, 5, 1), ('?', 4, 4, 1), (3, 4, 4, 3), (6, 4, 0, 5), ('?', 4, 5, '?'), (3, 4, 4, 3), (0, 4, 2, 0), (2, 4, 0, 5), (0, 4, 4, 1), (7, 4, 2, 6), (5, 4, 5, 7), (0, 4, 5, 3), (5, 4, '?', 3), (5, 4, '?', 0), (5, 4, 0, '?'), (1, 4, 2, '?'), ('?', 4, 0, 6), (5, 4, 3, 3), (5, 4, 0, 2), (2, 4, 4, '?'), (1, 4, 0, '?'), ('?', 4, 2, 3), ('?', 4, '?', 0), (0, 4, 0, 5), (0, 4, 2, 5), (3, 4, 5, 3), (5, 4, '?', 2), (5, 4, 4, 3), (0, 4, 0, 0), (6, 4, 0, 4), ('?', 4, '?', 3), (6, 4, '?', 0), (6, 4, 0, 7), ('?', 4, 4, 0), (0, 4, 0, 4), (3, 4, 5, '?'), ('?', 4, 5, 3), (3, 4, 4, 1), (0, 4, '?', 4), (5, 4, '?', 2), (0, 4, 2, 1), (4, 4, 4, 0), (2, 4, 4, '?'), (1, 4, 0, 0), ('?', 4, 2, 1), (0, 4, 2, 5), ('?', 4, 5, 6), (7, 4, 0, 1), (7, 4, 0, '?'), (5, 4, 4, 3), (0, 4, 0, 4), (4, 4, 2, 4), (0, 4, 0, 3), (1, 4, 5, 0), (5, 4, 4, 0), (5, 4, 5, 4), (3, 4, 0, 3), (6, 4, 2, 5), (1, 4, 5, 3), (1, 4, 5, 1), ('?', 4, 2, 3), (1, 4, 2, 5), (2, 4, 0, 0), ('?', 4, '?', 0), (2, 4, '?', 2), (5, 4, '?', 3), (4, 4, '?', 7), (3, 4, '?', 7), (2, 4, 0, 0), ('?', 4, '?', 0), (0, 4, 6, 4), (1, 4, 2, 5), (5, 4, 2, 4), (4, 4, 4, 3), (5, 4, 0, 0), ('?', 4, 2, 3), (2, 4, 2, 2), (0, 4, 2, '?'), ('?', 4, 0, 3), (5, 4, 2, 1), ('?', 4, 4, '?'), (6, 4, '?', '?'), (6, 4, 2, 7), (3, 4, 5, 4), (1, 4, 5, 3), (7, 4, 4, 7), (6, 4, 2, 3), (7, 4, 0, 0), (0, 4, 5, 1), (0, 4, 4, 0), (1, 4, 0, 1), (0, 4, '?', 0), (6, 4, '?', 0), (0, 4, 4, '?'), (0, 4, 4, 2), (7, 4, 2, '?'), (0, 4, 4, 3), ('?', 4, 2, 5), (6, 4, 2, 4), (7, 4, '?', 3), (6, 4, 2, 0), ('?', 4, '?', 4), ('?', 4, 5, 1), (5, 4, 0, 5), (7, 4, 0, 1), (2, 4, 4, 3), (0, 4, '?', 7), (4, 4, 5, 7), (6, 4, 2, 4), (7, 4, '?', 5), ('?', 4, '?', 2), (3, 4, 0, 1), (2, 4, 2, 0), (5, 4, 4, 5), ('?', 4, 4, 7), (1, 4, 5, 3), (1, 4, '?', 2), ('?', 4, '?', 7), (4, 4, 2, 3), (4, 4, 4, 3), (6, 4, 4, 0), (2, 4, '?', 3), (5, 4, 4, 3), (3, 4, '?', 1), (2, 4, 0, 0), (0, 4, 0, 0), (2, 4, 2, 5), ('?', 4, '?', 7), (3, 4, 0, 1), (0, 4, '?', 7), (4, 4, 5, 6), (1, 4, 4, 7), (2, 4, 2, 7), ('?', 4, '?', 5), (5, 4, '?', 4), (0, 4, 5, 6), (7, 4, 0, 1), (5, 4, '?', '?'), (3, 4, '?', 0), (1, 4, 5, 7), ('?', 4, 0, 6), ('?', 4, 5, 0), (3, 4, 0, '?'), (5, 4, 5, 3), (6, 4, 2, '?'), (4, 4, 2, 3), ('?', 4, '?', 6), (5, 4, 4, 5), ('?', 4, 5, 7), (2, 4, 4, 7), (6, 4, '?', 2), (5, 4, '?', 4), (2, 4, 5, '?'), (3, 4, '?', 7), (6, 4, 5, 1), (3, 4, 4, 3), (3, 4, '?', 1), ('?', 4, 4, 3), (6, 4, '?', 0), (3, 4, 5, 3), (0, 4, 2, 5), (1, 4, 0, 3), (2, 4, 6, 4), (5, 4, 5, 1), (0, 4, 5, 6), (6, 4, '?', '?'), (3, 4, 5, 3), (1, 4, 4, 4), (2, 4, 5, 4), (4, 4, 2, 3), (3, 4, 4, 5), (6, 4, 5, '?'), (5, 4, 0, 7), (6, 4, 2, 1), (5, 4, '?', 4), (3, 4, 0, 0), ('?', 4, '?', 6), (1, 4, 5, 6), (3, 4, 4, 0), (5, 4, 5, 0), (7, 4, 5, 7), (4, 4, '?', '?'), (2, 4, 0, 0), (3, 4, 0, 1), (0, 4, 5, 6), ('?', 4, 2, 5), (1, 4, 0, 0), (6, 4, 0, 4), (6, 4, 4, 7), (0, 4, 4, 6), (0, 4, 4, '?'), (4, 4, '?', 4), (3, 4, '?', 6), ('?', 4, 0, 1), (2, 4, 0, 5), (6, 4, '?', 0), (6, 4, 0, 6), (7, 4, '?', '?'), ('?', 4, 5, 5), (0, 4, 5, 5), (6, 4, 2, 5), (1, 4, 5, 7), (0, 4, 4, '?'), (2, 4, 4, 3), (1, 4, 5, '?'), (7, 4, 0, 5), (2, 4, '?', 3), (6, 4, 5, 0), (7, 4, 5, '?'), (2, 4, 4, 5), (1, 4, '?', 6), (7, 4, 0, '?'), (3, 4, 0, 1), (0, 4, 5, 3), (7, 4, 4, 4), (3, 4, 4, '?'), (0, 4, 4, 4), (2, 4, 2, 6), (5, 4, '?', 2), (5, 4, 4, 7), (5, 4, 0, '?'), (5, 4, 4, 7), (3, 4, 4, '?'), (6, 4, 0, 1), (6, 4, 2, 1), (4, 4, 5, 0), (1, 4, '?', '?'), ('?', 4, '?', 3), (0, 4, 5, 7), (7, 4, 5, '?'), (5, 4, 5, '?'), (7, 4, 5, 1), (0, 4, '?', 0), (1, 4, 5, 0), (1, 4, 0, '?'), (6, 4, 2, 3), (5, 4, 0, 3), (0, 4, 4, 4), (2, 4, '?', 2), (6, 4, 4, 1), (2, 4, 5, 0), (1, 4, 4, 3), (6, 4, '?', 1), (6, 4, 5, 1), (6, 4, 2, 5), (5, 4, 5, 4), (5, 4, 0, 6), ('?', 4, '?', 5), (2, 4, 0, 1), (5, 4, 0, 2), (3, 4, '?', 5), ('?', 4, 2, 5), (5, 4, 0, 0), (2, 4, 2, 6), (5, 4, 5, 4), (2, 4, 2, 4), (1, 4, 5, 0), (0, 4, 2, 1), (3, 4, 4, 7), (2, 4, 2, 7), (7, 4, 0, 2), (2, 4, 2, 3), (0, 4, 0, 3), (5, 4, 0, 1), ('?', 4, 5, 6), (1, 4, '?', 2), (0, 4, 4, 2), (2, 4, '?', 5), (7, 4, 4, 3), (3, 4, 0, 6), (7, 4, 2, '?'), (4, 4, '?', 4), (6, 4, 2, 5), (0, 4, 2, 7), (1, 4, '?', 0), (0, 4, 2, 7), (6, 4, 5, 5), (5, 4, 0, 7), (2, 4, 4, 3), (5, 4, 5, 5), (1, 4, 4, 5), ('?', 4, '?', 1), (3, 4, 5, 2), (0, 4, 2, 7), (3, 4, 4, 5), (0, 4, 6, 3), (2, 4, 0, 5), (2, 4, 4, 4), (1, 4, 5, 6), ('?', 4, 2, '?'), (2, 4, 2, 6), ('?', 4, 2, 1), (6, 4, 5, 7), (0, 4, 2, 5), (7, 4, 4, 3), (6, 4, 5, 1), (3, 4, 4, 1), (5, 4, '?', 4), (7, 4, 0, 4), ('?', 4, 5, 0), (5, 4, 0, 6), ('?', 4, '?', 7), ('?', 4, 0, 1), (7, 4, 2, 4), (1, 4, 5, '?'), (2, 4, '?', 0), (2, 4, 5, 3), (5, 4, 5, '?'), (5, 4, 3, 3), (7, 4, 2, 4), (0, 4, '?', 4), (2, 4, 2, 7), (1, 4, '?', 0), (7, 4, 5, 1), (2, 4, 5, 4), (3, 4, 0, 1), (5, 4, 5, 1), (4, 4, 5, 6), (3, 4, '?', '?'), ('?', 4, 5, 6), ('?', 4, 2, 3), (0, 4, 5, 0), (1, 4, 4, 5), (0, 4, '?', 4), (1, 4, 2, 0), (2, 4, 4, 1), (7, 4, 2, '?'), ('?', 4, 4, 4), (5, 4, 5, 6), (0, 4, 2, 7), (3, 4, 2, 4), (0, 4, '?', 7), (5, 4, 3, 3), ('?', 4, 5, 1), (4, 4, '?', 5), ('?', 4, '?', 4), (7, 4, 2, 1), (0, 4, '?', 4), (5, 4, 2, 1), ('?', 4, 4, 1), (7, 4, 2, '?'), (0, 4, 0, 5), (5, 4, '?', '?'), (2, 4, 2, 6), (4, 4, '?', 5), (6, 4, 5, 3), (0, 4, 6, 2), ('?', 4, 4, 2), (4, 4, 5, 1), ('?', 4, 0, 1), (1, 4, 2, 7), (7, 4, '?', 5), (1, 4, 1, 3), (4, 4, 4, 0), (1, 4, 4, 5), (1, 4, '?', 6), (1, 4, '?', '?'), (3, 4, 4, 6), ('?', 4, 4, '?'), (6, 4, '?', 2), (4, 4, 5, 3), (0, 4, 5, 4), (6, 4, 2, 1), (2, 4, '?', 5), (7, 4, 0, 3), (3, 4, 4, 5), (7, 4, 5, 6), (1, 4, 4, 2), (6, 4, 5, 0), (1, 4, 2, 6), (2, 4, 0, 0), (5, 4, 5, 4), (5, 4, 5, 0), (6, 4, 0, 5), ('?', 4, '?', 4), (5, 4, 3, 7), (1, 4, 5, 1), (2, 4, 5, 0), (5, 4, 4, 2), (5, 4, 4, 5), (3, 4, 4, 3), (7, 4, 5, 1), (4, 4, 5, 3), (6, 4, 2, 7), (6, 4, 5, 1), (7, 4, 5, 1), (0, 4, 4, '?'), (5, 4, '?', 3), (7, 4, 4, 3), (1, 4, 4, 3), (2, 4, '?', 4), (2, 4, 5, '?'), (4, 4, 4, 3), (1, 4, '?', 7), (2, 4, 4, '?'), (0, 4, 5, 0), ('?', 4, 4, 1), (2, 4, 2, 4), (0, 4, 0, 0), (0, 4, 5, '?'), ('?', 4, '?', 2), (5, 4, 5, '?'), ('?', 4, '?', 5), ('?', 4, 2, 5), (7, 4, 4, 4), (1, 4, 0, 5), (4, 4, 2, 7), (5, 4, 5, 0), ('?', 4, '?', 2), (3, 4, '?', 2), (5, 4, 5, 6), ('?', 4, 5, 5), (5, 4, 4, 3), ('?', 4, 2, 1), (4, 4, 5, 3), ('?', 4, 5, 5), (3, 4, 4, 6), ('?', 4, 4, 3), ('?', 4, 2, 7), (5, 4, 4, '?'), (2, 4, '?', 2), ('?', 4, '?', 6), (0, 4, 5, 0), (7, 4, 0, 5), ('?', 4, 5, 1), (0, 4, 5, 1), (7, 4, 5, 2), (3, 4, 2, 3), (6, 4, 5, '?'), (0, 4, 0, 0), ('?', 4, 4, 3), (5, 4, 4, 5), (0, 4, '?', '?'), (1, 4, 2, 6), (0, 4, 2, 3), (4, 4, 2, 5), ('?', 4, 4, 5), (6, 4, 0, 1), (6, 4, 5, 5), (5, 4, 0, 4), (0, 4, 2, 3), ('?', 4, 5, 6), ('?', 4, '?', 1), (6, 4, 0, 1), ('?', 4, '?', 3), (7, 4, 0, 5), (5, 4, 0, 7), (7, 4, '?', 5), (0, 4, 4, 4), (7, 4, 0, '?'), (5, 4, '?', 6), (3, 4, 4, 3), (5, 4, 5, 0), (4, 4, 4, 0), (2, 4, 2, 3), (0, 4, '?', '?'), (0, 4, 0, 5), (2, 4, '?', 5), (7, 4, 5, '?'), (0, 4, '?', 6), (1, 4, 5, 1), (5, 4, 5, '?'), (6, 4, 2, 4), (7, 4, '?', 2), (3, 4, 4, 0), (5, 4, 5, 5), (5, 4, 4, 5), ('?', 4, 5, 6), ('?', 4, 5, 1), (2, 4, '?', 6), (1, 4, 2, 3), (1, 4, 2, 7), (5, 4, '?', 0), (2, 4, '?', 3), (1, 4, 0, 4), (3, 4, 5, 4), (5, 4, 5, 7), (1, 4, '?', 1), (6, 4, 5, 1), (4, 4, 2, 3), (3, 4, '?', 6), ('?', 4, '?', 5), (7, 4, '?', 2), (1, 4, '?', 5), (5, 4, 5, 0), ('?', 4, 2, 6), (1, 4, 4, 7), (4, 4, 4, 5), (0, 4, 0, 5), ('?', 4, '?', 7), (3, 4, 2, 7), ('?', 4, 0, 5), (6, 4, 0, 5), (6, 4, '?', '?'), (1, 4, 0, 3), (7, 4, 5, 6), ('?', 4, 5, 3), (7, 4, '?', 5), (6, 4, '?', 7), (2, 4, 4, 4), (0, 4, 5, '?'), (2, 4, 5, 0), (1, 4, 5, 5), (1, 4, 5, 5), (6, 4, 5, 0), (2, 4, 2, 5), (1, 4, 5, '?'), (1, 4, 5, 3), (3, 4, '?', 1), (2, 4, 0, 1), (5, 4, '?', 0), (7, 4, 4, 7), ('?', 4, 4, 0), (3, 4, 4, 0), ('?', 4, 4, 7), (1, 4, 5, 7), (5, 4, 2, 4), (0, 4, 5, 4), (4, 4, '?', '?'), (3, 4, '?', 5), (0, 4, 4, 7), (0, 4, 4, 1), ('?', 4, '?', 0), (6, 4, 5, 7), (0, 4, 2, 1), (5, 4, 0, 1), (1, 4, 5, 4), (1, 4, 5, 0), (3, 4, 5, 2), (6, 4, 2, 3), (3, 4, '?', 1), (3, 4, 2, 7), (4, 4, 5, 7), (6, 4, 2, '?'), (5, 4, '?', 4), (3, 4, '?', 4), ('?', 4, 5, '?'), (6, 4, 2, 4), (0, 4, 5, 0), (7, 4, '?', 3), ('?', 4, 5, 0), (4, 4, 2, 7), (6, 4, 5, 3), (1, 4, 2, 6), (1, 4, 5, 4), (5, 4, 0, 0), (0, 4, 6, 2), (3, 4, 4, 6), (0, 4, 6, 2), (3, 4, '?', 0), (0, 4, 6, 0), (5, 4, 0, 3), (1, 4, 0, 3), (3, 4, 5, 1), (5, 4, 5, 3), (4, 4, 5, 1), (2, 4, 2, '?'), (5, 4, 0, 0), (4, 4, 5, 1), (5, 4, 2, 6), (0, 4, 2, 3), (5, 4, 3, 2), (2, 4, 4, 4), (7, 4, 0, 6), (0, 4, '?', '?'), (2, 4, 2, 4), (5, 4, 5, 4), (1, 4, 2, 6), (1, 4, 2, '?'), (0, 4, '?', 0), (0, 4, 5, 7), (7, 4, '?', 6), (5, 4, '?', '?'), (0, 4, 4, 0), (2, 4, 4, 1), (5, 4, '?', 6), (3, 4, 2, 4), (3, 4, 2, 1), (3, 4, 4, 1), (0, 4, '?', 0), (6, 4, 2, 3), (7, 4, 0, 6), (2, 4, 4, 7), (2, 4, 2, 7), (5, 4, 4, 3), (5, 4, 0, 5), (5, 4, 0, 6), (1, 4, 5, 6), (1, 4, 5, 5), (5, 4, 5, 5), (4, 4, 2, 0), (7, 4, 2, 6), (1, 4, 5, 0), (1, 4, 5, 1), (6, 4, 2, 1), (2, 4, 2, 7), (7, 4, 2, 7)]"
"(2, 2, 2, 3, 0)","[(7, 4, 2, 7), (0, 4, 2, 4)]"
"(2, 2, 2, 11, 0)","[(6, 4, 4, 7), (3, 4, 4, '?'), (6, 4, 4, 7), (1, 4, 4, '?'), (2, 4, 4, 0), (6, 4, 4, '?'), (1, 4, 4, 3), (6, 4, 4, 7), (1, 4, 4, 7), (6, 4, 4, 3), (1, 4, 4, 0), ('?', 4, 4, 0), (5, 4, 4, 1), (1, 4, 4, 4), (5, 4, 4, 1), (2, 4, 4, 0), ('?', 4, 4, 2), ('?', 4, 4, 4), (6, 4, 4, 7), (6, 4, 4, 4), (5, 4, 4, 6), (4, 4, 4, 5), (6, 4, 4, '?'), (4, 4, 4, 1), (5, 4, 4, 2), (6, 4, 4, 4), (7, 4, 4, 1)]"
"(2, 2, 2, 12, 0)","[(3, 4, 5, '?'), (7, 4, 5, 2), (7, 4, 5, 0), (7, 4, 5, 7), (6, 4, 5, 4), (7, 4, 5, 2), (2, 4, 5, '?'), (7, 4, 5, 6), (7, 4, 5, 4), (4, 4, 5, 6), (7, 4, 5, 4), (4, 4, 5, 7), ('?', 4, 5, 3)]"
"(2, 2, 2, 18, 0)","[(2, 4, 0, '?'), (7, 4, 0, 2), ('?', 4, 0, 1), (0, 4, 0, 7), (2, 4, 0, 5), (0, 4, 0, 3)]"
"(2, 2, 2, 20, 0)","[(4, 4, 6, 7), (7, 4, '?', 7), (5, 4, '?', 4), (4, 4, '?', 5), (5, 4, 0, 2), (5, 4, 0, 7), (4, 4, '?', 5), (4, 4, '?', '?'), (4, 4, '?', 5), (4, 4, '?', 0), (4, 4, '?', 0), (4, 4, '?', 0), (6, 4, 0, 2), (4, 4, '?', 5)]"
"(2, 2, 2, 21, 0)","[(3, 4, '?', 1), (3, 4, 0, 1), (1, 4, '?', 6), (5, 4, 3, 3), (0, 4, 5, 6), (5, 4, 3, 0), (5, 4, 0, 5)]"
"(2, 2, 2, 23, 0)","[(2, 4, 6, 4), (0, 4, 5, 4), (6, 4, 0, 1), (2, 4, 4, 0), (5, 4, 4, 2), (5, 4, 4, 7), (6, 4, 5, 3), (3, 4, '?', 4), ('?', 4, 4, 1), (5, 4, '?', 3), (2, 4, 4, 3), (3, 4, 4, 3), (5, 4, 4, 0), ('?', 4, 4, 2), (2, 4, '?', 1), (3, 4, 4, 3), (5, 4, 4, 5), (5, 4, 4, 0), (0, 4, 5, '?'), (5, 4, 4, 7), (6, 4, 0, 6), (6, 4, 5, 4), (5, 4, 4, 3), (2, 4, 4, 3), (2, 4, 4, 4), (2, 4, 4, 3)]"
"(2, 2, 3, 2, 0)","[('?', 4, 2, 0), ('?', 4, 2, 1)]"
"(2, 2, 3, 3, 0)","[(6, 4, 2, 0)]"
"(2, 2, 6, 2, 0)","[(5, 4, 3, 0)]"
"(2, 2, 7, 2, 0)","[(1, 4, 1, 3)]"
"(2, 2, 11, 2, 0)","[(0, 4, 4, 4), ('?', 4, 4, 4), (5, 4, 4, 1), ('?', 4, 4, 4), (3, 4, 4, 6), (0, 4, 4, 2), ('?', 4, 4, 1), (5, 4, 4, '?')]"
"(2, 2, 11, 11, 0)","[(6, 4, 4, 4), (1, 4, 4, 4), (7, 4, 4, 1), (6, 4, 4, 3), (6, 4, 4, '?'), (1, 4, 4, 3), ('?', 4, 4, 1), (1, 4, 4, 7), (6, 4, 4, 4), (6, 4, 4, 3), ('?', 4, 4, 2), ('?', 4, 4, 4), (1, 4, 4, '?'), (6, 4, 4, 4), (6, 4, 4, 0), (6, 4, 4, '?'), (7, 4, 4, 1), ('?', 4, 4, '?'), (6, 4, 4, 0), ('?', 4, 4, 3), (6, 4, 4, 3)]"
"(2, 2, 11, 21, 0)","[(1, 4, 4, 3)]"
"(2, 2, 11, 23, 0)","[(2, 4, 4, 4), (4, 4, 4, 3)]"
"(2, 2, 12, 2, 0)","[(7, 4, 5, 4), (2, 4, 5, 6), (7, 4, 5, 7), (6, 4, 5, '?'), ('?', 4, 5, 3)]"
"(2, 2, 12, 12, 0)","[(7, 4, 5, 2), (0, 4, 5, 6), (7, 4, 5, 4)]"
"(2, 2, 18, 2, 0)","[('?', 4, 0, 0)]"
"(2, 2, 18, 7, 0)","[('?', 4, 0, 3)]"
"(2, 2, 18, 18, 0)","[('?', 4, 0, 3), ('?', 4, 0, 7), (1, 4, 0, 3)]"
"(2, 2, 18, 23, 0)","[('?', 4, 0, 1)]"
"(2, 2, 20, 2, 0)","[(1, 4, 5, 6), (4, 4, '?', 7), (2, 4, 0, 1), (4, 4, 4, 5), (7, 4, 4, 7)]"
"(2, 2, 20, 20, 0)","[(4, 4, '?', 5), (4, 4, '?', 4), (7, 4, '?', 7), (4, 4, '?', 2), (4, 4, '?', '?'), (4, 4, 4, 5)]"
"(2, 2, 21, 21, 0)","[(5, 4, 3, 0)]"
"(2, 2, 23, 2, 0)","[(3, 4, 4, 7), (2, 4, 4, 5), (2, 4, 4, 3), (2, 4, 5, 4), (0, 4, 5, '?'), (6, 4, 5, 2), (6, 4, 5, 4), (5, 4, 4, 7), (2, 4, 5, 4)]"
"(2, 2, 23, 7, 0)","[('?', 4, '?', 3)]"
"(2, 2, 23, 11, 0)","[(3, 4, 4, '?'), (2, 4, 4, 0), (5, 4, 4, 2)]"
"(2, 2, 23, 23, 0)","[(6, 4, 5, '?'), (3, 4, '?', 3), (2, 4, 4, 2), (6, 4, 0, 1), (6, 4, '?', 2), (5, 4, 4, 7), (6, 4, 0, 0), ('?', 4, 4, 5), (2, 4, 4, 2), (2, 4, 4, 2)]"
"(2, 2, 24, 24, 0)","[(5, 4, 7, 5), (4, 4, 7, '?'), (5, 4, 7, 7)]"
"(2, 3, 2, 2, 0)","[(2, 4, 2, 0)]"
"(2, 3, 2, 3, 0)","[(2, 4, 2, 2), (0, 4, 2, 4)]"
"(2, 3, 3, 2, 0)","[('?', 4, 2, 0), (1, 4, 2, 0)]"
"(2, 4, 2, 1, 0)","[(2, 4, 6, 4)]"
"(2, 4, 2, 2, 0)","[(0, 4, 6, 0), (0, 4, 6, 2), (0, 4, 6, 6), (2, 4, 6, 3)]"
"(2, 4, 2, 20, 0)","[(4, 4, 6, 3)]"
"(2, 4, 4, 4, 0)","[(2, 4, 6, 3)]"
"(2, 6, 2, 2, 0)","[(5, 4, 3, 3), (5, 4, 3, 2)]"
"(2, 6, 2, 6, 0)","[(5, 4, 3, 2)]"
"(2, 6, 6, 6, 0)","[(5, 4, 3, '?'), (5, 4, 3, 7), (5, 4, 3, 5), (5, 4, 3, 5), (5, 4, 3, 2), (5, 4, 3, 2)]"
"(2, 7, 2, 2, 0)","[(1, 4, 1, 5)]"
"(2, 7, 2, 7, 0)","[('?', 4, '?', 7), (1, 4, 1, 1), (1, 4, 1, 1)]"
"(2, 7, 2, 9, 0)","[(6, 4, 0, 5)]"
"(2, 7, 7, 7, 0)","[(1, 4, 1, 3), (1, 4, 1, 5), (1, 4, 1, 1), (1, 4, 1, 5), (1, 4, 1, 4), (5, 4, 1, 7), (1, 4, 1, '?'), (5, 4, 1, 5), (1, 4, 1, 2), (1, 4, 1, 4), (1, 4, 1, 2), (1, 4, 1, 1), (5, 4, 1, 4), (5, 4, 1, 7), (1, 4, 1, '?')]"
"(2, 7, 18, 20, 0)","[(4, 4, 0, 4)]"
"(2, 7, 23, 23, 0)","[(0, 4, '?', 1)]"
"(2, 11, 2, 2, 0)","[(0, 4, 4, 6), (0, 4, 4, 2), (5, 4, 4, 2), ('?', 4, 4, 2)]"
"(2, 11, 2, 11, 0)","[('?', 4, 4, '?')]"
"(2, 11, 11, 2, 0)","[(6, 4, 4, 7), (5, 4, 4, 2), (1, 4, 4, 3), (3, 4, 4, 6), (5, 4, 4, 1), (2, 4, 4, '?')]"
"(2, 11, 11, 11, 0)","[(1, 4, 4, '?'), (4, 4, 4, 0), (6, 4, 4, '?'), ('?', 4, 4, 3), (7, 4, 4, 4), (4, 4, 4, 2), (6, 4, 4, '?'), (3, 4, 4, 6), (5, 4, 4, 6), (6, 4, 4, 1), ('?', 4, 4, '?'), (2, 4, 4, 0), (1, 4, 4, 0), (1, 4, 4, '?'), (1, 4, 4, 0), (6, 4, 4, 2), (1, 4, 4, 0), (1, 4, 4, '?')]"
"(2, 11, 11, 23, 0)","[(2, 4, 4, 0)]"
"(2, 11, 23, 2, 0)","[(0, 4, 4, 2)]"
"(2, 11, 23, 11, 0)","[(4, 4, 4, 5)]"
"(2, 11, 23, 23, 0)","[(4, 4, 4, 5)]"
"(2, 12, 2, 2, 0)","[(4, 4, 5, 7), (4, 4, 5, 7), (7, 4, 5, 4), (7, 4, 5, 6)]"
"(2, 12, 2, 12, 0)","[(7, 4, 5, 4)]"
"(2, 12, 12, 2, 0)","[(7, 4, 5, 6), (6, 4, 5, '?')]"
"(2, 12, 12, 12, 0)","[(7, 4, 5, 0), (7, 4, 5, 0), (7, 4, 5, 4), (7, 4, 5, 1), (7, 4, 5, 6)]"
"(2, 16, 2, 2, 0)","[(5, 4, 3, 0)]"
"(2, 18, 2, 2, 0)","[(1, 4, 0, '?'), ('?', 4, 0, 6)]"
"(2, 18, 2, 18, 0)","[(2, 4, 0, 1), ('?', 4, 0, 7), (3, 4, 0, 0), (2, 4, 0, '?'), (2, 4, 0, 4)]"
"(2, 18, 7, 7, 0)","[('?', 4, 0, 5)]"
"(2, 18, 18, 7, 0)","[('?', 4, 0, 3)]"
"(2, 18, 18, 18, 0)","[(0, 4, 0, 5), (3, 4, 0, 5), (2, 4, 0, '?'), ('?', 4, 0, 5), (4, 4, 0, 4), (4, 4, 0, '?'), (6, 4, 0, 7), (7, 4, 0, 6), (1, 4, 0, 4), (4, 4, 0, 6), (3, 4, 0, 5), (4, 4, 0, 4), (1, 4, 0, 6), (7, 4, 0, 3), (1, 4, 0, 4), ('?', 4, 0, 7), (4, 4, 0, 4), ('?', 4, 0, 3), (0, 4, 0, 3), (3, 4, 0, '?'), (4, 4, 0, '?'), (4, 4, 0, 6), (4, 4, 0, 4), (1, 4, 0, 6), (4, 4, 0, 6), (4, 4, 0, 4), (1, 4, 0, 7), (3, 4, 0, 1), (1, 4, 0, 2), (0, 4, 0, 4), (2, 4, 0, 4), (5, 4, 0, 2), (3, 4, 0, 5), (3, 4, 0, 5), ('?', 4, 0, 6), (4, 4, 0, 4), (2, 4, 0, 4)]"
"(2, 18, 18, 23, 0)","[(4, 4, 0, 6)]"
"(2, 18, 20, 2, 0)","[(4, 4, 0, 3)]"
"(2, 20, 2, 2, 0)","[(5, 4, 0, 2)]"
"(2, 20, 2, 20, 0)","[(4, 4, 0, 7), (5, 4, 6, 4), (4, 4, 0, 7)]"
"(2, 20, 20, 2, 0)","[(4, 4, 0, 5), (4, 4, 0, 5), (4, 4, 4, 3), (4, 4, 0, 5), (4, 4, '?', 2), (4, 4, 0, 5), (4, 4, 0, 7), (4, 4, 0, 5)]"
"(2, 20, 20, 20, 0)","[(4, 4, '?', 6), (4, 4, 0, 7), (4, 4, 0, '?'), (4, 4, 0, '?'), (4, 4, '?', 7), (4, 4, 0, 3), (4, 4, 0, '?'), (4, 4, '?', 5), (4, 4, 0, 0), (4, 4, 0, 3), (4, 4, 0, 0), (4, 4, 0, '?'), (4, 4, 0, 0), (4, 4, 0, 0), (4, 4, 0, 7), (4, 4, 0, 7), (4, 4, 0, 5), (4, 4, 0, 5), (4, 4, 4, 5), (4, 4, 0, 0), (4, 4, 0, 5), (4, 4, 0, 3), (4, 4, 0, '?')]"
"(2, 20, 23, 2, 0)","[(4, 4, '?', 6)]"
"(2, 21, 2, 21, 0)","[(1, 4, '?', 6)]"
"(2, 21, 21, 2, 0)","[(5, 4, 6, 3)]"
"(2, 23, 2, 23, 0)","[(6, 4, 5, 2), (6, 4, 5, 2), (3, 4, '?', 3)]"
"(2, 23, 11, 11, 0)","[(5, 4, 4, 2)]"
"(2, 23, 23, 11, 0)","[(5, 4, 4, 2)]"
"(2, 23, 23, 23, 0)","[(2, 4, 4, 2), (6, 4, 0, 0), (6, 4, 0, 1)]"
"(2, 24, 24, 24, 0)","[(4, 4, 7, 2), (1, 4, 7, 3), (5, 4, 7, 5), (0, 4, 7, 0), (4, 4, 7, 0)]"
"(3, 1, 1, 3, 0)","[(2, 2, 2, 6)]"
"(3, 1, 3, 3, 0)","[(2, 2, 2, 6), (2, 2, 2, 6), (2, 2, 2, 4)]"
"(3, 1, 3, 23, 0)","[(2, 2, 2, 4)]"
"(3, 2, 2, 2, 0)","[(0, 4, 2, 6), (2, 4, 2, 0), (0, 4, 2, 0), (0, 4, 2, 6), (4, 4, 2, 7), (0, 4, 2, 1), (0, 4, 2, '?'), (0, 4, 2, '?'), ('?', 4, 2, '?'), (4, 4, 2, 3), ('?', 4, 2, 6), (4, 4, 2, 1), (4, 4, 2, 6), (4, 4, 2, '?'), (3, 4, 2, 7), (4, 4, 2, 1), (0, 4, 2, '?'), (3, 4, 2, 1), (4, 4, 2, 1), (2, 4, 2, 5), ('?', 4, 2, 2), (0, 4, 2, '?'), (3, 4, 2, 4), (4, 4, 2, '?'), (6, 4, 2, 2), (3, 4, 2, 7), ('?', 4, 2, 2), ('?', 4, 2, 2), (4, 4, 2, 7), (4, 4, 2, 1), (7, 4, 2, 7), (3, 4, 2, 4), (2, 4, 2, 0), (4, 4, 2, 6), (0, 4, 2, 6), (0, 4, 2, 0), ('?', 4, 2, 0), (4, 4, 2, 0), (0, 4, 2, 6), (3, 4, 2, 7), (0, 4, 2, 6), (1, 4, 2, 0), (4, 4, 2, 0), (1, 4, 2, 2), (4, 4, 2, '?'), (4, 4, 2, 1), ('?', 4, 2, 7), (6, 4, 2, 2), (1, 4, 2, 2), (7, 4, 2, 2), ('?', 4, 2, 1), (4, 4, 2, 0), ('?', 4, 2, 6), (4, 4, 2, 3), (6, 4, 2, 0), (0, 4, 2, 1), (0, 4, 2, 0), ('?', 4, 2, 6), (7, 4, 2, 7), (6, 4, 2, '?'), (4, 4, 2, 7), (0, 4, 2, 0), (7, 4, 2, 7), (4, 4, 2, 0), (4, 4, 2, '?'), (4, 4, 2, 0), (4, 4, 2, 0), (3, 4, 2, '?'), (1, 4, 2, 2), (4, 4, 2, 6), (0, 4, 2, 0), (0, 4, 2, 4)]"
"(3, 2, 2, 15, 0)","[(3, 4, 2, 1)]"
"(3, 2, 3, 2, 0)","[(4, 4, 2, 1)]"
"(3, 3, 1, 23, 0)","[(2, 2, 2, 0)]"
"(3, 3, 2, 2, 0)","[(4, 4, 2, 0), (0, 4, 2, 7), ('?', 4, 2, 0), (1, 4, 2, 2), (3, 4, 2, 1), ('?', 4, 2, 0), (3, 4, 2, '?'), (3, 4, 2, '?'), (4, 4, 2, 1), (3, 4, 2, 1), (6, 4, 2, 0), (6, 4, 2, 0), (6, 4, 2, 2), (4, 4, 2, '?'), (1, 4, 2, 2), (6, 4, 2, 2), (1, 4, 2, 2), (3, 4, 2, '?'), (2, 4, 2, 2), ('?', 4, 2, 5), ('?', 4, 2, 0), (4, 4, 2, 0)]"
"(3, 3, 2, 3, 0)","[('?', 4, 2, '?'), ('?', 4, 2, 6), (2, 4, 2, 2), (3, 4, 2, '?')]"
"(3, 3, 3, 1, 0)","[(2, 0, 2, 3)]"
"(3, 3, 3, 2, 0)","[(6, 4, 2, 2), (1, 4, 2, 2), (1, 4, 2, 2), (6, 4, 2, 2), ('?', 4, 2, 2), (0, 4, 2, 6), (4, 4, 2, 1), (6, 4, 2, 0), (7, 4, 2, 2), (0, 4, 2, '?')]"
"(3, 3, 3, 3, 0)","[(2, 1, 2, '?'), (6, '?', 2, 5), (6, 1, 2, 5), (3, '?', 2, 5), (3, 7, 2, 4), (4, 1, 2, 5), (3, 0, 2, 2), ('?', 1, 2, 0), (2, 0, 2, 0), (6, 7, 2, 4), (0, 1, 2, '?'), ('?', 0, 2, 2), (5, '?', 2, 2), ('?', '?', 2, '?'), (0, 1, 2, 3), (3, 1, 2, 4), (3, 6, 2, 0), (0, '?', 2, 0), (7, 5, 2, 7), (3, '?', 2, 4), (4, '?', 2, 1), (2, 1, 2, 6), (4, 7, 2, 0), (2, 1, 2, '?'), (6, 1, 2, 0), (1, '?', 2, 4), (6, '?', 2, 0), (2, '?', 2, 7), (3, '?', 2, 6), (2, 0, 2, 7), (3, '?', 2, 0), (3, 0, 2, 0), (0, 5, 2, 0), (1, 1, 2, 7), (3, 7, 2, 3), (3, '?', 2, 5), (4, '?', 2, 4), ('?', '?', 2, 5), (6, '?', 2, 6), (4, 1, 2, 2), (3, '?', 2, 5), (4, 0, 2, '?'), (6, 1, 2, 5), (2, 1, 2, 1), (4, 1, 2, 5), (4, 1, 2, 4), (6, '?', 2, 6), (0, 0, 2, 7), (4, '?', 2, 6), ('?', 4, 2, 6), (4, 0, 2, 5), (5, 1, 2, 2), (4, '?', 2, '?'), ('?', '?', 2, 2), (2, 1, 2, 3), (4, 7, 2, '?'), (4, 1, 2, 4), (3, 6, 2, 5), (5, 6, 2, 4), (4, 6, 2, 0), (6, 5, 2, 2), (4, 0, 2, '?'), ('?', 0, 2, 2), (3, '?', 2, 2), (7, 4, 2, 2), (5, '?', 2, 4), (7, 4, 2, 2), (5, 5, 2, 5), (4, '?', 2, 2), (7, '?', 2, '?'), (3, '?', 2, 6), (3, 6, 2, 5), ('?', '?', 2, 6), (4, '?', 2, 2), (4, 1, 2, 2), (7, 0, 2, 0), (5, 1, 2, 3), (3, '?', 2, 6), (4, 0, 2, 5), (0, 1, 2, 7), (6, '?', 2, '?'), (5, '?', 2, 0), (0, '?', 2, 0), (4, 0, 2, 0), (4, 1, 2, 1), (0, '?', 2, 7), (2, 1, 2, 7), (5, 7, 2, '?'), ('?', 1, 2, 1), (5, '?', 2, 5), (2, 1, 2, '?'), (5, 1, 2, 7), (3, '?', 2, '?'), ('?', '?', 2, 5), (0, '?', 2, 0), (2, 0, 2, 4), (4, '?', 2, 4), (5, 5, 2, 0), (3, 7, 2, 3), ('?', 1, 2, 5), (2, 0, 2, 5), ('?', 1, 2, 5), (4, 7, 2, 5), (4, 1, 2, 1), (6, 5, 2, 2), (7, '?', 2, 3), (3, 0, 2, 2), (2, 1, 2, 4), (3, 7, 2, 1), (0, '?', 2, 7), (5, 1, 2, 7), (6, 1, 2, 3), (2, 1, 2, 4), (0, 5, 2, 3), (5, 1, 2, 5), (2, 0, 2, 4), (3, 6, 2, 6), (1, '?', 2, 6), (3, '?', 2, 6), (3, '?', 2, 2), (7, 0, 2, 0), (1, '?', 2, 5), (7, '?', 2, 6), (5, '?', 2, 7), ('?', 1, 2, 1), (2, 6, 2, 1), (5, '?', 2, '?'), (3, '?', 2, 2), (4, 0, 2, 2), (5, '?', 2, 3), (5, '?', 2, 4), (0, 5, 2, '?'), ('?', 1, 2, 2), (5, '?', 2, '?'), (2, 1, 2, 5), (0, 5, 2, '?'), (2, 1, 2, 4), (5, 1, 2, 2), (6, '?', 2, 4), (4, 0, 2, 5), (7, '?', 2, '?'), ('?', '?', 2, 6), (4, '?', 2, 7), ('?', '?', 2, 3), (3, 7, 2, 5), (5, '?', 2, 4), (5, '?', 2, 2), ('?', 4, 2, 0), (3, '?', 2, 2), ('?', '?', 2, 5), ('?', 4, 2, 0), ('?', '?', 2, '?'), (7, '?', 2, 7), (0, 1, 2, 1), (6, '?', 2, 6), (3, 6, 2, 4), (4, '?', 2, 1), (6, '?', 2, '?'), (5, 1, 2, 2), (4, 1, 2, 0), (6, 1, 2, 1), (0, '?', 2, 6), (7, '?', 2, 4), (4, 7, 2, 3), (2, '?', 2, 0), (0, '?', 2, 7), (2, '?', 2, 0), (3, 7, 2, 1), (0, '?', 2, 6), (1, 1, 2, 2), (5, '?', 2, 2), (2, '?', 2, 0), (7, '?', 2, '?'), (3, '?', 2, 3), (0, 1, 2, 0), (5, '?', 2, 7), (3, 7, 2, 1), (2, 6, 2, 6), (5, '?', 2, 1), (0, 1, 2, '?'), (7, 0, 2, 0), (5, 1, 2, 3), (2, 1, 2, 5), (2, 1, 2, 3), (6, 1, 2, 5), (0, '?', 2, 1), (2, '?', 2, 3), (0, 5, 2, 3), (3, '?', 2, 2), (0, 1, 2, 1), (1, '?', 2, 5), (0, 5, 2, 3), (5, 5, 2, 5), (4, 5, 2, 3), (1, '?', 2, 0), (5, 5, 2, 7), ('?', '?', 2, 2), ('?', 1, 2, 5), (4, '?', 2, 2), (2, 1, 2, 7), (2, 1, 2, 1), (2, 1, 2, 7), (6, '?', 2, 6), (0, '?', 2, 2), (0, '?', 2, 0), (0, 0, 2, 7), (5, '?', 2, 5), (5, 7, 2, 6), (4, 1, 2, 0), (6, 1, 2, 1), (1, 1, 2, 5), ('?', 1, 2, 1), (0, '?', 2, 2), (6, 0, 2, 5), (2, 0, 2, 3), (2, 0, 2, 7), (6, 1, 2, 3), (6, 1, 2, 0), (3, '?', 2, 3), (1, '?', 2, 1), (2, 6, 2, 2), (1, '?', 2, 4), (0, 0, 2, 7), (4, '?', 2, 2), (0, '?', 2, 1), (6, 1, 2, 5), (7, '?', 2, 3), ('?', '?', 2, 6), (6, 7, 2, 5), (6, '?', 2, 7), (4, 1, 2, 4), (4, '?', 2, 2), (3, 1, 2, 2), (5, 1, 2, 1), (4, 0, 2, 2), (4, 7, 2, 5), (4, 0, 2, 3), (3, 7, 2, 1), ('?', 1, 2, 7), (7, '?', 2, 0), (6, 3, 2, 0), (0, '?', 2, '?'), (1, '?', 2, 4), (4, '?', 2, 4), (1, '?', 2, 1), (3, '?', 2, 7), (3, 6, 2, 4), ('?', 0, 2, '?'), (6, '?', 2, 0), (2, 0, 2, 0), (3, 0, 2, 7), (5, '?', 2, '?'), (2, '?', 2, 3), (4, 1, 2, 0), (6, 3, 2, 0), (5, 0, 2, 7), (6, 1, 2, 1), (4, 7, 2, 3), (1, '?', 2, 6), (4, '?', 2, '?'), (4, 0, 2, '?'), (6, '?', 2, 6), (7, 0, 2, 5), (6, 0, 2, 5), (5, 5, 2, 0), (4, '?', 2, 5), (6, 0, 2, 7), (0, '?', 2, 4), (5, 5, 2, 0), (3, 0, 2, 3), (3, 6, 2, 5), (5, 0, 2, 3), (4, 0, 2, '?'), (1, '?', 2, 5), (0, '?', 2, 6), (3, '?', 2, 3), (5, '?', 2, 6), (2, 1, 2, 5), (6, '?', 2, 4), (1, '?', 2, 5), ('?', 7, 2, 1), (5, 0, 2, 0), ('?', '?', 2, 3), (5, 1, 2, 2), (6, '?', 2, '?'), (2, 3, 2, 0), (4, 5, 2, 7), (4, 0, 2, 1), (3, '?', 2, 5), (1, 7, 2, 2), (1, '?', 2, 1), (6, 0, 2, 7), (4, 0, 2, 0), (4, '?', 2, 0), (6, 0, 2, 6), ('?', 1, 2, 2), (2, 0, 2, 0), (5, 0, 2, 7), (5, '?', 2, 1), (5, 5, 2, 2), ('?', '?', 2, 2), (0, 1, 2, 7), (4, 1, 2, 4), (4, 0, 2, 3), (2, '?', 2, 7), (5, 1, 2, 7), (6, 5, 2, 2), (6, 0, 2, 1), (5, '?', 2, 1), (2, '?', 2, 2), (5, '?', 2, 5), (0, 0, 2, 5), (7, '?', 2, 3), (2, 6, 2, '?'), (7, 4, 2, 2), (6, '?', 2, 7), (2, 1, 2, 4), (4, 7, 2, 3), (2, 3, 2, 0), (1, 4, 2, 2), (5, 1, 2, 5), (2, 0, 2, 2), (5, 1, 2, 3), (0, 1, 2, 7), (2, 0, 2, 1), (1, 0, 2, 7), (4, 1, 2, 1), (3, '?', 2, 1), (6, 5, 2, 1), (0, '?', 2, 4), (4, 0, 2, 0), (6, 7, 2, 5), (3, '?', 2, 5), (4, '?', 2, 2), (1, 1, 2, 2), (3, 0, 2, 0), (6, '?', 2, 0), (1, 1, 2, '?'), (7, '?', 2, 0), (0, '?', 2, 0), (4, 1, 2, 4), (6, 5, 2, 2), (2, 6, 2, 5), (5, '?', 2, 6), (2, 2, 2, 2), (3, 0, 2, '?'), ('?', 1, 2, 2), (3, 0, 2, 3), (6, '?', 2, 5), (5, 1, 2, 6), (0, 1, 2, '?'), (7, 0, 2, 1), (5, '?', 2, 7), (4, 1, 2, 5), (5, 1, 2, 6), ('?', 0, 2, 2), (5, 0, 2, 3), (2, 1, 2, 5), (0, 1, 2, 0), (0, 1, 2, 1), ('?', 1, 2, 6), (0, '?', 2, 0), (5, 1, 2, 2), (3, 0, 2, 7), (5, 0, 2, 0), (6, '?', 2, 6), (2, '?', 2, 2), (4, 0, 2, 6), (4, 0, 2, 7), (2, 0, 2, 3), (7, 0, 2, 0), (1, 1, 2, 2), (6, 5, 2, 1), (6, '?', 2, 7), (4, '?', 2, 1), (2, 4, 2, 2), (5, 1, 2, 1), (2, 0, 2, 3), (2, 1, 2, 1), (5, 0, 2, 6), (3, 0, 2, 6), (2, 0, 2, 4), (5, 7, 2, 0), (1, '?', 2, 0), (5, 1, 2, 6), (2, 1, 2, 3), (1, '?', 2, 0), (3, 1, 2, 2), (7, '?', 2, 4), ('?', '?', 2, 5), (5, 7, 2, '?'), (7, '?', 2, '?'), (2, '?', 2, 7), (3, 0, 2, 6), ('?', 1, 2, 0), (5, 5, 2, 7), ('?', 4, 2, 0), (6, 1, 2, 5), (5, '?', 2, 1), (5, 5, 2, 2), (1, 1, 2, 5), ('?', 0, 2, 3), (5, 0, 2, 0), (1, 1, 2, 7), ('?', '?', 2, 6), ('?', 1, 2, '?'), (1, '?', 2, 6), (4, 0, 2, 3), (3, 0, 2, 3), (2, '?', 2, 2), (6, 0, 2, 7), (1, '?', 2, 4), (4, '?', 2, 6), (2, '?', 2, 3), (5, 7, 2, '?'), (4, '?', 2, 7), (7, '?', 2, 3), (5, '?', 2, 1), (3, 0, 2, 0), (6, '?', 2, 0), ('?', 1, 2, 1), ('?', 1, 2, '?'), (2, 6, 2, 5), (5, 0, 2, 2), (1, 4, 2, 0), (3, '?', 2, 3), ('?', 1, 2, 5), (2, 1, 2, 7), (4, 0, 2, 0), (0, 0, 2, '?'), (3, '?', 2, 1), ('?', '?', 2, '?'), (1, 1, 2, 5), (3, 0, 2, 7), (2, 0, 2, 7), (5, '?', 2, '?'), (3, 6, 2, 0), (6, 5, 2, 2), (5, 0, 2, 7), (2, '?', 2, 0), (1, 0, 2, 3), (3, 1, 2, 4), (3, 7, 2, 1), (3, 6, 2, 5), (5, 0, 2, 0), (4, 5, 2, 4), (4, 0, 2, 7), (3, 1, 2, 2), (6, 1, 2, 6), (4, '?', 2, '?'), (7, 0, 2, 1), (5, 0, 2, 2), (5, 0, 2, 3), (1, 7, 2, 2), (4, '?', 2, 5), (1, 1, 2, 2), (1, 1, 2, 7), (3, 6, 2, 5), (4, 7, 2, 0), (4, '?', 2, 1), (4, 0, 2, 7), (3, 6, 2, '?'), (5, 1, 2, 5), (5, 1, 2, 6), (5, 7, 2, 1), (3, 0, 2, 3), (2, 6, 2, 5), (7, 0, 2, '?'), (5, '?', 2, 7), (3, '?', 2, 2), (5, 1, 2, 4), (0, '?', 2, 4), (6, '?', 2, 6), (0, '?', 2, '?'), (2, 0, 2, 4), (2, 0, 2, 1), (3, 1, 2, 5), (2, 0, 2, 3), (0, 0, 2, '?'), (3, 0, 2, 0), ('?', 0, 2, 3), (0, '?', 2, 1), (6, 1, 2, 3), (1, 1, 2, '?'), (4, '?', 2, 7), (2, 0, 2, 0), (3, 7, 2, 5), (2, '?', 2, 3), (5, 0, 2, 7), (7, '?', 2, 4), (3, '?', 2, 7), (4, '?', 2, 1), (5, 7, 2, '?'), (7, '?', 2, 4), (1, '?', 2, 4), (1, '?', 2, 1), (5, 0, 2, 3), (5, '?', 2, 3), (6, '?', 2, 0), (4, '?', 2, 0), (4, 0, 2, 3), (6, '?', 2, '?'), (3, '?', 2, '?'), (3, 0, 2, '?'), (4, '?', 2, 4), (6, 0, 2, 1), (2, 3, 2, 2), (4, 7, 2, 3), (0, '?', 2, 1), (0, 1, 2, 0), (2, 0, 2, 2), (2, 0, 2, 2), (3, 1, 2, 0), (6, 1, 2, 7), (4, 0, 2, 5), (3, 0, 2, 7), (7, 0, 2, 2), (4, '?', 2, 0), ('?', 7, 2, 0), (6, 1, 2, 6), (6, 0, 2, 5), (0, 1, 2, '?'), (4, '?', 2, 1), (5, '?', 2, 3), (1, 1, 2, 4), (1, 1, 2, '?'), (3, 0, 2, 1), (6, 1, 2, 6), (2, 0, 2, 0), (6, '?', 2, '?'), (5, 0, 2, 7), (5, '?', 2, 1), (3, 1, 2, 4), (1, '?', 2, 4), (0, 0, 2, 7), (5, '?', 2, 3), (5, '?', 2, 2), (4, 7, 2, 3), (7, '?', 2, 6), (4, 7, 2, 5), (4, 5, 2, 4), (3, '?', 2, 7), ('?', '?', 2, '?'), (0, '?', 2, 2), (7, 0, 2, '?'), (5, '?', 2, '?'), (0, 0, 2, 5), (3, '?', 2, 1), (5, '?', 2, 6), (3, 6, 2, 3), (4, 1, 2, 5), (6, 1, 2, 6), (5, '?', 2, 0), (4, 1, 2, 4), (5, 0, 2, '?'), (4, 0, 2, 2), (4, '?', 2, 6), ('?', 0, 2, 2), (6, '?', 2, 4), (3, '?', 2, 4), (3, 1, 2, 5), (7, '?', 2, 7), (2, 0, 2, '?'), ('?', '?', 2, 5), (3, 0, 2, '?'), ('?', '?', 2, 6), (2, 1, 2, '?'), (6, '?', 2, '?'), (7, 4, 2, 2), (5, 5, 2, '?'), (2, 0, 2, 1), (2, 0, 2, 1), (5, 1, 2, 2), (5, 7, 2, 6), (3, 6, 2, 0), (6, 0, 2, 3), (4, 7, 2, 4), ('?', 0, 2, 3), (4, 1, 2, 2), (4, '?', 2, 0), (4, 0, 2, 6), (3, '?', 2, '?'), (3, '?', 2, 5), (1, '?', 2, 6), (5, '?', 2, 5), (3, 6, 2, 0), (2, 0, 2, 1), (1, '?', 2, 7), (2, 1, 2, 1), (1, '?', 2, 0), ('?', 0, 2, 1), (3, 0, 2, 3), (6, '?', 2, 5), (2, 1, 2, 5), (3, 6, 2, '?'), (5, '?', 2, 0), (6, 4, 2, 0), (4, 7, 2, '?'), (6, 3, 2, 0), (6, 1, 2, 3), ('?', '?', 2, 5), (2, 6, 2, 5), (2, '?', 2, 7), (5, 7, 2, 0), (1, 1, 2, 2), (2, 6, 2, 1), (7, 0, 2, 0), (3, 0, 2, 3), ('?', 1, 2, 5), ('?', '?', 2, '?'), (3, 0, 2, 2), ('?', 1, 2, 1), (4, 0, 2, 4), (5, '?', 2, 1), ('?', 0, 2, '?'), (6, '?', 2, 5), (4, 7, 2, 0), (1, '?', 2, 5), (7, 0, 2, 2), (4, '?', 2, 0), (2, 6, 2, 5), (6, 7, 2, 1), (5, 0, 2, '?'), (4, 0, 2, 4), (6, 0, 2, 5), (7, 0, 2, 2), (2, 1, 2, 6), (2, 0, 2, 2), (5, 0, 2, 0), (0, '?', 2, 6), ('?', 1, 2, '?'), (2, 0, 2, 2), (2, '?', 2, 0), ('?', 1, 2, 0), (2, '?', 2, 3), (7, 0, 2, 2), ('?', '?', 2, 2), (2, 0, 2, 7), (1, '?', 2, 1), (2, '?', 2, 2), (2, '?', 2, 7), (6, 1, 2, 5), (0, 1, 2, 3), (1, '?', 2, 7), (2, '?', 2, 2), (2, 1, 2, 2), (0, 1, 2, '?'), (3, '?', 2, 7), (4, 0, 2, 5), (6, 0, 2, 7), ('?', 0, 2, '?'), (4, 7, 2, 0), ('?', 0, 2, 3), (6, 1, 2, 7), (4, '?', 2, 1), (4, 1, 2, 2), (5, 5, 2, 2), (4, 1, 2, '?'), (4, 0, 2, 6), ('?', 1, 2, 2), ('?', '?', 2, 2), (5, '?', 2, 7), (4, '?', 2, 6), (6, 5, 2, 5), (6, 0, 2, 3), ('?', 0, 2, 3), (2, '?', 2, 0), (1, '?', 2, 6), (3, '?', 2, '?'), (2, '?', 2, 3), ('?', 1, 2, 1), (4, '?', 2, 4), (7, 0, 2, 0), (2, 1, 2, 6), (1, 6, 2, 7), (5, 1, 2, 5), (6, '?', 2, 5), (1, 1, 2, 4), (4, 1, 2, '?'), (6, 0, 2, 6), (1, '?', 2, 4), ('?', '?', 2, 6), ('?', 1, 2, 5), (0, '?', 2, 7), (3, 0, 2, '?'), (1, 0, 2, 7), (3, 1, 2, 5), (2, 3, 2, 2), ('?', 7, 2, 0), (6, 0, 2, 3), (6, 0, 2, 3), (4, 0, 2, 0), (1, 1, 2, 7), (6, '?', 2, 0), (2, 0, 2, 3), (7, '?', 2, 0), (4, 0, 2, 4), (4, '?', 2, 4), (5, 1, 2, 7), (6, 7, 2, 5), (3, '?', 2, 4), (5, 1, 2, 6), (3, 0, 2, 2), (4, '?', 2, 1), (3, '?', 2, '?'), (4, 7, 2, 5), (0, '?', 2, 1), (4, 1, 2, 0), (5, 5, 2, 3), ('?', '?', 2, 5), (5, 7, 2, 6), (4, '?', 2, 2), (4, 5, 2, 4), (5, 0, 2, 2), (6, 0, 2, 7), (2, 0, 2, '?'), (5, 5, 2, 0), ('?', '?', 2, 5), (0, 1, 2, 7), (4, 7, 2, 7), (3, 6, 2, '?'), (2, 1, 2, 6), (3, 1, 2, 4), (7, '?', 2, 3), (5, '?', 2, 4), (6, 0, 2, 7), (3, '?', 2, 4), (5, 1, 2, 3), (2, '?', 2, 3), (2, 1, 2, 3), (4, 7, 2, 7), ('?', '?', 2, 3), ('?', 1, 2, 5), (5, 0, 2, '?'), (5, 5, 2, 7), (0, 5, 2, 0), (4, 0, 2, 1), ('?', '?', 2, 3), (2, 6, 2, 5), (4, 7, 2, '?'), (6, '?', 2, 0), (4, '?', 2, 5), (3, 7, 2, 5), (0, '?', 2, 2), (1, 7, 2, 2), (3, 6, 2, 5), ('?', '?', 2, 2), (2, 0, 2, 1), (5, '?', 2, 0), (2, 0, 2, 5), (4, 0, 2, 1), (0, '?', 2, 7), (4, 0, 2, 7), (5, 0, 2, 3), (1, '?', 2, 6), (4, 0, 2, '?'), ('?', '?', 2, 6), ('?', '?', 2, 5), (0, '?', 2, 6), (3, 0, 2, 1), ('?', '?', 2, '?'), (5, '?', 2, 0), (1, '?', 2, 7), (6, 5, 2, 7), (6, 5, 2, 2), (0, '?', 2, 6), (2, 1, 2, 5), (5, '?', 2, '?'), (6, '?', 2, 7), (4, '?', 2, 2), (0, '?', 2, 2), (6, 5, 2, 3), (3, 6, 2, 0), (7, '?', 2, 0), (2, 0, 2, 5), (2, '?', 2, 3), (1, 1, 2, 5), (3, '?', 2, 5), (4, 0, 2, '?'), (5, '?', 2, 2), (2, '?', 2, 2), (4, '?', 2, 7), (3, 0, 2, '?'), (6, '?', 2, 5), (0, '?', 2, 4), (5, 1, 2, 3), (4, '?', 2, 0), (6, 7, 2, 6), (3, '?', 2, 1), (6, 0, 2, 3), (2, 0, 2, 4), (6, 7, 2, '?'), (4, '?', 2, 5), (3, 7, 2, 3), (7, 4, 2, 2), (0, '?', 2, 7), (3, '?', 2, 3), (5, '?', 2, 7), (0, 1, 2, 7), (3, '?', 2, 3), (6, 0, 2, 5), (4, 0, 2, 7), (4, '?', 2, '?'), (3, '?', 2, 2), (4, 0, 2, 1), (6, 0, 2, 3), (6, '?', 2, 6), ('?', 0, 2, '?'), (7, 0, 2, 1), (0, '?', 2, '?'), ('?', 1, 2, 0), (5, 5, 2, '?'), (3, '?', 2, 0), (3, 6, 2, 0), (2, '?', 2, 7), (3, 1, 2, 5), (6, '?', 2, 5), (4, 1, 2, 1), ('?', '?', 2, 6), (5, 1, 2, 6), ('?', 7, 2, 1), (5, 5, 2, '?'), (7, '?', 2, '?'), (5, '?', 2, 4), (4, 0, 2, 7), (3, '?', 2, '?'), (2, 1, 2, 3), (3, 6, 2, 4), (2, '?', 2, 7), (7, 0, 2, '?'), (4, 1, 2, '?'), (2, 0, 2, 5), (2, 3, 2, 2), (5, '?', 2, 7), (4, 1, 2, '?'), (1, 0, 2, 0), (2, 0, 2, 4), (2, 1, 2, 2), (5, '?', 2, 6), (2, 1, 2, '?'), (3, '?', 2, 1), (2, '?', 2, 0), (2, 0, 2, 1), (6, '?', 2, 5), (5, 1, 2, 5), ('?', 0, 2, 3), ('?', '?', 2, 6), (4, 1, 2, 5), (0, '?', 2, 2), (5, 1, 2, 2), (2, 0, 2, 5), (2, '?', 2, 2), (6, 1, 2, 5), (2, 6, 2, 2), (5, 1, 2, 5), (6, '?', 2, 0), (5, '?', 2, 4), (2, 6, 2, '?'), (2, 6, 2, 4), (4, 0, 2, '?'), (3, 7, 2, 5), (7, '?', 2, 7), (2, 6, 2, 5), (5, 1, 2, 3), (2, 1, 2, 5), (4, 1, 2, 0), (6, 7, 2, 5), (5, 1, 2, 1), (6, 7, 2, 6), (5, '?', 2, 2), (0, 1, 2, 1), (5, 0, 2, 0), (6, '?', 2, 5), (2, 0, 2, 3), ('?', 7, 2, 1), (1, '?', 2, 5), (1, '?', 2, 7), (5, 1, 2, 6), (2, 1, 2, 3), (2, '?', 2, 0), (4, 1, 2, 2), (0, 7, 2, 4), ('?', '?', 2, 3), (2, 1, 2, 6), (2, 6, 2, 2), (7, 0, 2, 1), (5, 7, 2, 0), (2, 0, 2, 4), (3, 1, 2, 5), (2, 2, 2, 4), (4, 7, 2, 7), (1, '?', 2, 1), (4, 0, 2, 1), (5, 1, 2, 7), (7, 7, 2, 1), (6, 7, 2, 1), (4, '?', 2, '?'), ('?', 7, 2, 4), (4, 1, 2, 4), (6, 0, 2, 7), (3, '?', 2, 3), (4, 0, 2, '?'), (2, 4, 2, 2), ('?', 7, 2, 0), (7, 4, 2, 2), (1, 1, 2, 2), (4, '?', 2, '?'), (2, 0, 2, 1), (5, 0, 2, '?'), (5, 0, 2, 2), (7, '?', 2, 7), (3, 4, 2, 1), (6, '?', 2, 4), (3, 6, 2, 0), ('?', 1, 2, 1), (1, '?', 2, 0), (4, 1, 2, 5), (4, '?', 2, 6), (5, 7, 2, '?'), (4, 0, 2, 2), (2, 1, 2, 7), (5, 7, 2, 1), (4, 1, 2, 2), (2, 1, 2, '?'), (2, 6, 2, 4), (6, 0, 2, 1), (2, 1, 2, 7), (5, 5, 2, 5), (3, 0, 2, 7), (6, 1, 2, 7), (0, 1, 2, '?'), (5, 7, 2, 6), (2, 1, 2, 2), (3, 7, 2, 2), (3, '?', 2, 7), (7, 0, 2, 4), (6, 5, 2, 5), (6, 0, 2, 1), (2, 0, 2, 7), (6, 0, 2, 5), (4, 5, 2, 3), (7, '?', 2, 4), (3, 4, 2, '?'), (3, 7, 2, 5), (2, 0, 2, 0), (7, 0, 2, 0), (7, '?', 2, '?'), ('?', 7, 2, 0), (7, 4, 2, 2), (4, 4, 2, '?'), (6, 4, 2, 2), (3, 7, 2, 4), (0, '?', 2, 2), (4, 0, 2, 5), (3, '?', 2, 6), (3, 7, 2, 1), (4, '?', 2, 1), (2, 6, 2, 2), (2, 0, 2, 7), (2, 1, 2, '?'), (6, 7, 2, 6), (0, '?', 2, 4), (0, '?', 2, 1), (0, '?', 2, 1), (3, 0, 2, 2), (0, 0, 2, '?'), (4, 6, 2, 0), (5, 5, 2, 0), (3, 0, 2, 2), (6, 1, 2, 1), (2, 1, 2, 4), (4, '?', 2, 0), (1, 0, 2, 7), (4, 0, 2, 4), (1, '?', 2, 0), (4, 7, 2, 1), (6, 0, 2, 5), (5, 5, 2, 2), (6, 1, 2, 7), (3, 7, 2, 0), (4, '?', 2, 5), (0, '?', 2, 2), (1, '?', 2, 0), (4, 1, 2, 1), (5, 5, 2, 5), (2, 6, 2, '?'), (2, 0, 2, 2), ('?', 1, 2, 7), (5, 1, 2, 6), (2, 1, 2, 3), (0, '?', 2, 6), (0, 0, 2, 7), (4, '?', 2, 4), (6, 7, 2, 4), (1, 1, 2, 5), (2, 6, 2, 6), (7, 0, 2, 2), (2, 0, 2, 5), (4, 7, 2, '?'), (6, 1, 2, 7), (2, 7, 2, 1), (6, 1, 2, 1), (1, 1, 2, 5), (4, 0, 2, 1), ('?', 0, 2, 3), (3, 7, 2, 5), (0, '?', 2, 1), (4, '?', 2, 6), (3, 0, 2, '?'), (3, 6, 2, 0), ('?', 0, 2, 1), (5, '?', 2, 1), (3, '?', 2, '?'), (7, 0, 2, 0), (4, '?', 2, '?'), (3, '?', 2, 0), (4, 7, 2, 7), (2, 6, 2, 5), (1, '?', 2, 5), (0, 1, 2, 0), (3, 7, 2, 5), (1, 7, 2, 2), (5, '?', 2, 3), (4, 1, 2, 5), (0, 6, 2, 5), (3, 0, 2, 2), (1, '?', 2, 1), (3, '?', 2, 1), (2, 1, 2, '?'), (4, 7, 2, 7), (6, 5, 2, 7), (2, 1, 2, 1), (5, 1, 2, 1), ('?', 7, 2, 3), ('?', 1, 2, '?'), ('?', 7, 2, 0), (2, 1, 2, 6), ('?', 0, 2, 2), (2, 1, 2, 5), (2, 0, 2, 4), (5, '?', 2, 6), (1, 1, 2, 2), (3, '?', 2, 1), ('?', 7, 2, 6), (3, 7, 2, 4), (0, '?', 2, 0), (3, 6, 2, 4), (7, '?', 2, 7), (3, 6, 2, '?'), (5, '?', 2, 7), (5, 1, 2, 2), (5, 5, 2, 7), (1, '?', 2, 7), (1, 1, 2, 7), (4, '?', 2, 4), (2, 0, 2, 5), (4, 1, 2, 0), (6, 0, 2, 6), (5, 7, 2, 0), (6, 7, 2, '?'), (2, '?', 2, 7), (6, 7, 2, 6), (6, 7, 2, 1), (4, 7, 2, '?'), (4, 7, 2, 1), (6, '?', 2, 0), (3, 7, 2, 1), ('?', 1, 2, 1), (3, 1, 2, 2), ('?', 1, 2, 7), (4, '?', 2, 5), (4, 0, 2, 2), (6, 7, 2, 4), ('?', 1, 2, '?'), (2, 0, 2, 7), (6, '?', 2, '?'), (2, 7, 2, 1), (4, 7, 2, '?'), (0, 0, 2, 5), (3, 6, 2, 7), (0, 1, 2, 3), (3, 6, 2, 4), (4, 5, 2, 3), (2, 1, 2, 1), (2, 0, 2, 2), (2, 1, 2, 4), (4, 7, 2, 3), (2, 6, 2, '?'), (2, 1, 2, 2), (3, 7, 2, 4), (6, 0, 2, 7), (1, 0, 2, 4), (4, '?', 2, 6), (5, '?', 2, 2), (5, '?', 2, 6), (5, '?', 2, 1), (4, 7, 2, 5), (3, 1, 2, 2), (3, '?', 2, 7), (2, 0, 2, '?'), (6, 7, 2, 1), (7, '?', 2, 0), (1, 6, 2, 7), ('?', 1, 2, 6), (5, 5, 2, 2), (7, '?', 2, 6), (6, 7, 2, 7), (3, 6, 2, '?'), (2, 4, 2, 2), (2, 1, 2, 1), (5, 7, 2, 0), (1, '?', 2, 0), (2, 1, 2, 4), (3, '?', 2, '?'), (4, 0, 2, 6), (3, 7, 2, 2), ('?', '?', 2, 3), (4, '?', 2, 7), ('?', 1, 2, 2), (1, 0, 2, 0), (6, 0, 2, 5), (5, '?', 2, 5), (2, 1, 2, 1), (1, 6, 2, 0), (0, '?', 2, 7), ('?', '?', 2, '?'), (3, 0, 2, 2), (4, 7, 2, 7), (2, 6, 2, 6), (4, '?', 2, 2), (2, 1, 2, 2), (0, 1, 2, 3), (3, '?', 2, 2), (0, 1, 2, 3), (1, '?', 2, 0), (7, '?', 2, 4), ('?', 1, 2, 1), (7, '?', 2, 0), ('?', 1, 2, 2), (4, '?', 2, 6), (3, 1, 2, 5), (5, 5, 2, 7), (6, 1, 2, 3), (2, 1, 2, 3), (3, 7, 2, 0), (2, '?', 2, 2), (2, 6, 2, 5), (1, 0, 2, 0), ('?', 0, 2, '?'), (5, 7, 2, 6), (5, 1, 2, 5), (6, 1, 2, 1), (4, 0, 2, 2), (3, 7, 2, 1), (4, '?', 2, '?'), (4, 0, 2, 0), (2, 0, 2, 0), (5, '?', 2, '?'), (2, 0, 2, 4), (1, '?', 2, 4), (3, '?', 2, 6), ('?', 1, 2, 0), (4, 7, 2, '?'), (4, 5, 2, 3), (4, 1, 2, 5), (2, 1, 2, '?'), ('?', '?', 2, 5), (6, 7, 2, 4), ('?', 4, 2, 2), ('?', '?', 2, '?'), (4, 7, 2, 3), (6, '?', 2, 7), ('?', 1, 2, 0), (2, 6, 2, 4), (7, '?', 2, 7), (2, '?', 2, 7), (3, 0, 2, 0), (3, 6, 2, 6), (4, 0, 2, 0), (6, '?', 2, '?'), (5, '?', 2, '?'), (2, 7, 2, 2), (4, '?', 2, 6), (4, '?', 2, 5), (2, 1, 2, 4), (6, '?', 2, 4), (3, 6, 2, 3), (1, 7, 2, 1), (1, 7, 2, 7), (2, 1, 2, 7), (2, 1, 2, 2), (5, '?', 2, 3), (2, 1, 2, 3), (0, '?', 2, 1), (3, 7, 2, 0), (4, 7, 2, 5), (7, '?', 2, 6), (2, 1, 2, 2), (3, 6, 2, 7), (5, 1, 2, 1), (1, 0, 2, 0), (3, '?', 2, 7), (2, 1, 2, 2), (5, 0, 2, 3), (2, 0, 2, 2), (6, 5, 2, 6), (2, '?', 2, 0), (6, 0, 2, 3), (4, 7, 2, 3), (7, '?', 2, '?'), (2, '?', 2, 2), (1, '?', 2, 1), (4, 1, 2, 2), ('?', 7, 2, 1), (3, '?', 2, 0), (5, 5, 2, 7), (2, 6, 2, 6), (6, '?', 2, 4), (1, 1, 2, 7), (5, 6, 2, 4), (4, 1, 2, '?'), (5, '?', 2, 7), (2, 6, 2, 1), (5, 0, 2, 7), (3, '?', 2, 6), (0, '?', 2, 6), (5, 1, 2, 5), (2, 1, 2, 7), (4, 0, 2, 4), (3, 0, 2, '?'), (2, 1, 2, 6), (3, '?', 2, 5), (0, '?', 2, 0), (2, 6, 2, 2), (5, 6, 2, 0), (3, '?', 2, 7), (3, '?', 2, 4), (2, 0, 2, '?'), (0, '?', 2, 4), ('?', 7, 2, 4), (1, 1, 2, 3), (6, 1, 2, 0), (7, '?', 2, 7), (0, 1, 2, 0), (6, 5, 2, 2), (2, 0, 2, '?'), (3, 7, 2, 2), (1, 1, 2, 7), ('?', '?', 2, 3), (4, 7, 2, 7), (6, 7, 2, 6), (6, 0, 2, 3), ('?', 1, 2, 0), (1, 1, 2, 3), (5, 0, 2, 2), (2, 2, 2, 2), (4, '?', 2, '?'), (2, 7, 2, '?'), (2, 1, 2, 5), (4, 1, 2, 2), (5, 1, 2, 2), (4, 0, 2, 7), (5, 7, 2, 6), (4, 1, 2, 4), (4, 7, 2, 7), (5, 5, 2, 2), (4, 7, 2, 4), (1, 0, 2, '?'), (4, '?', 2, '?'), (1, 1, 2, 7), (0, '?', 2, '?'), ('?', 7, 2, 3), (4, 0, 2, 2), ('?', '?', 2, '?'), (1, '?', 2, 0), (5, 5, 2, 5), (4, '?', 2, 7), (4, 0, 2, 7), (4, 0, 2, 1), (3, '?', 2, 2), (5, 5, 2, '?'), (3, 6, 2, 6), (5, 5, 2, 5), (4, 1, 2, 1), (2, 0, 2, 5), (4, 1, 2, 0), (1, 6, 2, '?'), (1, 1, 2, 2), (5, 0, 2, 0), (6, 7, 2, 4), (3, '?', 2, 0), (6, 7, 2, 4), (6, '?', 2, 6), (5, '?', 2, 6), (5, 1, 2, 1), (3, 1, 2, 3), (7, '?', 2, 4), (2, 7, 2, 1), (4, 1, 2, 5), (5, '?', 2, 0), (5, 5, 2, 5), (4, 0, 2, 7), (5, 7, 2, 0), (5, '?', 2, 6), (6, 0, 2, 6), (3, 1, 2, 0), (3, 6, 2, 5), (2, 0, 2, '?'), (5, '?', 2, 4), (5, 1, 2, 1), (3, '?', 2, 2), (2, 1, 2, 6), (3, 6, 2, 7), (4, 7, 2, 0), (5, 6, 2, 2), (5, '?', 2, 2), (5, 5, 2, 0), (2, 6, 2, 6), (2, 1, 2, 4), (1, 0, 2, 0), (0, '?', 2, 4), (0, 1, 2, 1), (4, 0, 2, 0), (4, '?', 2, 4)]"
"(3, 3, 3, 5, 0)","[(4, 5, 2, 2), (7, 5, 2, 7), (3, 5, 2, 3), (5, 5, 2, 7), (5, 5, 2, 7), ('?', 5, 2, 7), (5, 5, 2, 2), (6, 5, 2, 3), (4, 5, 2, 4), (5, 5, 2, 3), (6, 5, 2, 6), (6, 5, 2, 7)]"
"(3, 3, 3, 10, 0)","[(2, 6, 2, 6), (3, 6, 2, 6), ('?', 6, 2, 5), (3, 6, 2, 0), (4, 6, 2, 1), (1, 6, 2, 7), (4, 6, 2, 4), (1, 6, 2, 7), (4, 6, 2, 1), (0, 6, 2, 5), (5, 6, 2, 4), (3, 6, 2, '?'), (3, 6, 2, 3), (4, 6, 2, 2), (4, 6, 2, '?')]"
"(3, 3, 3, 15, 0)","[(2, 3, 2, '?'), (2, 3, 2, 5), (2, 3, 2, 0), (2, 3, 2, 2), (6, 3, 2, 4), (7, '?', 2, 0), (2, 3, 2, 4)]"
"(3, 3, 3, 16, 0)","[(5, 1, 2, 7), (0, 1, 2, '?'), (0, 1, 2, 0), (6, 1, 2, 6), (3, 1, 2, 2), ('?', 1, 2, 2), ('?', 1, 2, '?'), ('?', 1, 2, 6), (3, 1, 2, 5), (3, 1, 2, 2), ('?', 1, 2, '?'), (1, 1, 2, 1), (0, 1, 2, 7), (0, 1, 2, 1), (3, 1, 2, 0), (3, 1, 2, 0), (0, 1, 2, 3), (6, 1, 2, 7), (5, 1, 2, 4), (0, 1, 2, 0), (0, 1, 2, '?'), (4, 1, 2, 6), (3, 1, 2, 0), (6, 1, 2, 7), (6, 1, 2, 1), (6, 1, 2, 5), (5, 1, 2, 7), ('?', 1, 2, 6), (3, 1, 2, 5), (6, 1, 2, 7), (6, 1, 2, 5), (6, 1, 2, 3)]"
"(3, 3, 3, 19, 0)","[(6, 0, 2, 7), (1, 0, 2, 0), (1, 0, 2, 0), (4, 0, 2, 3), (3, 0, 2, 2), (7, 0, 2, 2), (3, 0, 2, 5)]"
"(3, 3, 3, 23, 0)","[(2, 2, 2, '?'), (2, 2, 2, '?')]"
"(3, 3, 3, 25, 0)","[(0, '?', 2, 4)]"
"(3, 3, 3, 27, 0)","[(3, 7, 2, 0), (5, 7, 2, 0), (4, 7, 2, 1), (5, 7, 2, 1), (5, 7, 2, '?'), (1, 7, 2, 7), (4, 7, 2, 1), (4, 7, 2, 0), (4, 7, 2, 0), (6, 7, 2, '?'), (3, 7, 2, 4), (6, 7, 2, 5), (2, 7, 2, 2), (2, 7, 2, 2), (6, 7, 2, 1), (3, 7, 2, 2), (4, 7, 2, 4), (4, 7, 2, '?'), (4, 7, 2, 1), (4, 7, 2, 4), (4, 7, 2, 0), (4, 7, 2, 1), (1, 7, 2, 2), (5, 7, 2, 0), (3, 7, 2, 0), (3, 7, 2, 4), (4, 7, 2, 4), (6, 7, 2, 6), (2, 7, 2, 4), (4, 7, 2, 4), (6, 7, 2, 5), (6, 7, 2, 6), (2, 7, 2, 1), (1, 7, 2, 2), (6, 7, 2, '?'), (0, 7, 2, 4), (6, 7, 2, 7), (2, 7, 2, 0), (0, 7, 2, 2), (6, 7, 2, '?')]"
"(3, 3, 5, 3, 0)","[(0, 5, 2, 0), ('?', 5, 2, '?'), (5, 5, 2, '?'), (6, 5, 2, 5), (4, 5, 2, 2), (4, 5, 2, 4), (0, 5, 2, 3)]"
"(3, 3, 5, 5, 0)","[(5, 5, 2, 3), (5, 5, 2, 5), (4, 5, 2, 5), (6, 5, 2, 5), (4, 5, 2, '?'), (4, 5, 2, 5), (0, 5, 2, 1), (5, 5, 2, 3), ('?', 5, 2, 0), (4, 5, 2, 4), (7, 5, 2, 7), (4, 5, 2, '?'), (0, 5, 2, 0), ('?', 5, 2, 0), (5, 5, 2, 0), (6, 5, 2, 3), (4, 5, 2, 3)]"
"(3, 3, 10, 3, 0)","[(4, 6, 2, 1), (4, 6, 2, 0), (2, 6, 2, 4), (2, 6, 2, 3), (5, 6, 2, 0), (2, 6, 2, 3)]"
"(3, 3, 10, 10, 0)","[(6, 6, 2, 7), (4, 6, 2, 4), (6, 6, 2, 4), (5, 6, 2, 0), (2, 6, 2, 4), (4, 6, 2, 4), (4, 6, 2, 1), (4, 6, 2, 4), (1, 6, 2, 0), (6, 6, 2, 0), (5, 6, 2, 4), (5, 6, 2, 5), (2, 6, 2, 2), (5, 6, 2, 5), (2, 6, 2, 1), (1, 6, 2, '?'), (5, 6, 2, 5), (5, 6, 2, '?'), (1, 6, 2, 7), (1, 6, 2, 0), (6, 6, 2, 7), (3, 6, 2, 7), (4, 6, 2, 0), (4, 6, 2, 2), (1, 6, 2, 7), (3, 6, 2, 0), (5, 6, 2, 0), (1, 6, 2, 7), (4, 6, 2, 2), (1, 6, 2, 0), (4, 6, 2, 1), (5, 6, 2, 5), (2, 6, 2, 4), (3, 6, 2, 7), (2, 6, 2, 4), (2, 6, 2, 2), (4, 6, 2, 1), (6, 6, 2, 7), (5, 6, 2, 4), (2, 6, 2, 6), (1, 6, 2, 7), (6, 6, 2, 7), (2, 6, 2, 2), (3, 6, 2, 3), (4, 6, 2, 4), (4, 6, 2, 0), (6, 6, 2, 7), (6, 6, 2, 4), (6, 6, 2, 0), (7, 6, 2, 0), (6, 6, 2, 4), (6, 6, 2, 7), (1, 6, 2, 1), (2, 6, 2, 6), (0, 6, 2, 5), (6, 6, 2, 4), (2, 6, 2, 3), (0, 6, 2, 5), (1, 6, 2, '?'), (2, 6, 2, 3), (4, 6, 2, 7), (6, 6, 2, 7), ('?', 6, 2, 5), (6, 6, 2, 1), (6, 6, 2, 7), (1, 6, 2, '?'), ('?', 6, 2, '?'), (6, 6, 2, '?')]"
"(3, 3, 15, 3, 0)","[(6, 3, 2, 0), (2, 3, 2, '?')]"
"(3, 3, 15, 15, 0)","[(2, 3, 2, 2), (2, 3, 2, 7), (2, 3, 2, 0), (7, '?', 2, '?'), (2, 3, 2, 4), (2, 3, 2, 4), (2, 3, 2, 0), (2, 3, 2, 3), (2, 3, 2, '?'), (6, 3, 2, 0), (2, 3, 2, 4), (6, 3, 2, 2), (7, '?', 2, 7), (6, 3, 2, 2), (2, 3, 2, 2), (2, 3, 2, 4), (2, 3, 2, 7), (2, 3, 2, 5)]"
"(3, 3, 16, 3, 0)","[(0, 1, 2, 0), (3, 1, 2, 2), (0, 1, 2, 3), ('?', 1, 2, 2), (4, 1, 2, 6), (1, 1, 2, 1), (1, 1, 2, '?'), (4, 1, 2, '?')]"
"(3, 3, 16, 16, 0)","[(3, 1, 2, 2), (1, 1, 2, 5), (5, 1, 2, 7), ('?', 1, 2, '?'), (5, 1, 2, 1), (1, 1, 2, 1), (1, 1, 2, 3), (1, 1, 2, 3), (1, 1, 2, 1), (1, 1, 2, 3), (6, 1, 2, 6), (1, 1, 2, 6), (0, 1, 2, 7), (3, 1, 2, 3), (6, 1, 2, 6), (7, 1, 2, 1), (6, 1, 2, 6)]"
"(3, 3, 19, 3, 0)","[(7, 0, 2, 6), (6, 0, 2, 3), (3, 0, 2, '?')]"
"(3, 3, 19, 19, 0)","[(1, 0, 2, 5), (1, 0, 2, 5), (5, 0, 2, 4)]"
"(3, 3, 23, 1, 0)","[(2, 2, 2, 6)]"
"(3, 3, 23, 23, 0)","[(2, 2, 2, 2), (2, 2, 2, '?'), ('?', 2, 2, 0), (2, 2, 2, 6), (2, 2, 2, 0), (3, 2, 2, 5), (2, 2, 2, 0), (2, 2, 2, 2), (3, 2, 2, 0), (2, 2, 2, 1), ('?', 2, 2, 0), (2, 2, 2, 1), (1, 2, 2, '?'), (2, 2, 2, 0), (2, 2, 2, 2), (5, 2, 2, 0), (2, 2, 2, '?'), (2, 2, 2, 1), (2, 2, 2, 4), (2, 2, 2, 6), (2, 2, 2, '?'), (2, 2, 2, 2), (3, 2, 2, 5), (2, 2, 2, 2), (2, 2, 2, 0), (2, 2, 2, 1), (7, 2, 2, 5), (2, 2, 2, 0), (5, 2, 2, 0), (5, 2, 2, 2), (2, 2, 2, 1), (2, 2, 2, '?'), (2, 2, 2, '?'), (3, 2, 2, 2), (2, 2, 2, '?'), (3, 2, 2, 4), (2, 2, 2, 0), (2, 2, 2, 2), (3, 2, 2, 5), (5, 2, 2, 5), (4, 2, 2, 3), (3, 2, 2, 5)]"
"(3, 3, 27, 3, 0)","[(5, 7, 2, 6), (6, 7, 2, 1), (1, 7, 2, 7), (1, 7, 2, 7), (3, 7, 2, 3), (5, 7, 2, 0), (1, 7, 2, 1), ('?', 7, 2, 0), (6, 7, 2, 4), (6, 7, 2, 5)]"
"(3, 3, 27, 27, 0)","[(0, 7, 2, 7), (2, 7, 2, 2), (4, 7, 2, 4), (2, 7, 2, 2), ('?', 7, 2, 1), (2, 7, 2, 6), (0, 7, 2, 7), (5, 7, 2, 2), (6, 7, 2, 7), (5, 7, 2, 2), (6, 7, 2, '?'), (0, 7, 2, 2), (6, 7, 2, '?'), (0, 7, 2, 7), (1, 7, 2, 7), (0, 7, 2, 3), (0, 7, 2, 2), (2, 7, 2, 4), (2, 7, 2, 0), (6, 7, 2, '?'), (6, 7, 2, '?'), (6, 7, 2, 1), (6, 7, 2, 4), (0, 7, 2, 2), (5, 7, 2, '?'), (1, 7, 2, 2), (6, 7, 2, 7), (5, 7, 2, 5), (0, 7, 2, 0), (6, 7, 2, 7), (2, 7, 2, 6), (0, 7, 2, 7), (7, 7, 2, 5), (2, 7, 2, 6)]"
"(3, 5, 3, 3, 0)","[(5, 5, 2, '?'), (6, 5, 2, 6), (6, 5, 2, 3), (4, 5, 2, '?'), (7, 5, 2, 7), (0, 5, 2, 0)]"
"(3, 5, 3, 5, 0)","[(0, 5, 2, 0), (6, 5, 2, 1), (7, 5, 2, 2), (6, 5, 2, 1), (5, 5, 2, '?'), (6, 5, 2, 6)]"
"(3, 5, 5, 3, 0)","[(6, 5, 2, 5), (6, 5, 2, 3), (4, 5, 2, 3)]"
"(3, 5, 5, 5, 0)","[(4, 5, 2, 5), (4, 5, 2, 5), (0, 5, 2, '?'), (4, 5, 2, 5), (3, 5, 2, 0), (1, 5, 2, 3), ('?', 5, 2, 1), (4, 5, 2, 5), (4, 5, 2, 1), ('?', 5, 2, 0), (4, 5, 2, '?'), (4, 5, 2, 5), (7, 5, 2, 5), (5, 5, 2, '?'), (4, 5, 2, 7), (3, 5, 2, 0), (6, 5, 2, 6), (4, 5, 2, 6), (0, 5, 2, '?'), (6, 5, 2, 6), (3, 5, 2, 3), (4, 5, 2, 2), (4, 5, 2, '?'), (4, 5, 2, 1), (4, 5, 2, 2), (6, 5, 2, 1), (4, 5, 2, 2), (4, 5, 2, 7), (0, 5, 2, 0), (3, 5, 2, 0), (4, 5, 2, 5)]"
"(3, 5, 5, 23, 0)","[(3, 5, 2, 0)]"
"(3, 9, 3, 3, 0)","[(1, '?', 2, 6), (1, '?', 2, 4)]"
"(3, 10, 3, 3, 0)","[(3, 6, 2, 6)]"
"(3, 10, 3, 10, 0)","[(1, 6, 2, 0), (3, 6, 2, 3), (5, 6, 2, 2)]"
"(3, 10, 10, 10, 0)","[(6, 6, 2, 5), (5, 6, 2, 5), (6, 6, 2, 4), (6, 6, 2, 5), (6, 6, 2, '?'), (1, 6, 2, 2), ('?', 6, 2, 0), ('?', 6, 2, 0), (1, 6, 2, 2), (6, 6, 2, 5), (5, 6, 2, 1), ('?', 6, 2, 3), (1, 6, 2, 0), (6, 6, 2, '?'), ('?', 6, 2, 4), (5, 6, 2, 0), (5, 6, 2, 6), (6, 6, 2, 2), (3, 6, 2, 3), (5, 6, 2, 7), (3, 6, 2, 6), (3, 6, 2, '?'), ('?', 6, 2, 4), (4, 6, 2, 7), (3, 6, 2, 7), (6, 6, 2, 2), (2, 6, 2, 3), (4, 6, 2, 2), (0, 6, 2, 1), (6, 6, 2, 7), (6, 6, 2, 1), (3, 6, 2, 3), (6, 6, 2, 1), ('?', 6, 2, 7), (1, 6, 2, 2), (5, 6, 2, 7), (0, 6, 2, 5), (4, 6, 2, 7), (6, 6, 2, 1), (5, 6, 2, 3), (5, 6, 2, 4), ('?', 6, 2, '?'), (6, 6, 2, 5), (6, 6, 2, '?'), ('?', 6, 2, 5), (2, 6, 2, 3), (6, 6, 2, '?'), ('?', 6, 2, 7), ('?', 6, 2, 6), (2, 6, 2, 4), ('?', 6, 2, 1), (4, 6, 2, 7), (6, 6, 2, 0), (3, 6, 2, '?'), (4, 6, 2, 4), (0, 6, 2, 1), ('?', 6, 2, 0), (5, 6, 2, 7), (6, 6, 2, 2), (1, 6, 2, 2), (6, 6, 2, 4), (0, 6, 2, 1), (2, 6, 2, '?'), (2, 6, 2, 6), (6, 6, 2, 6), (5, 6, 2, 1), (1, 6, 2, 7), ('?', 6, 2, 7), (5, 6, 2, 2), (6, 6, 2, '?'), (1, 6, 2, 0), (5, 6, 2, 2), (5, 6, 2, 0), ('?', 6, 2, 3), (5, 6, 2, 6), ('?', 6, 2, 6), ('?', 6, 2, '?'), (5, 6, 2, 3), (4, 6, 2, 6), (5, 6, 2, 4), ('?', 6, 2, 0), (5, 6, 2, 4), (4, 6, 2, 7), (4, 6, 2, '?'), (5, 6, 2, '?'), (4, 6, 2, 4), (1, 6, 2, 0), ('?', 6, 2, 7), (5, 6, 2, 3), (4, 6, 2, 4), (1, 6, 2, 1), (7, 6, 2, 2), (5, 6, 2, '?'), (5, 6, 2, '?'), (5, 6, 2, 4), (6, 6, 2, 0), (0, 6, 2, '?'), (6, 6, 2, 4), (6, 6, 2, '?'), (4, 6, 2, 7), (5, 6, 2, '?'), (4, 6, 2, 7), (0, 6, 2, 1), (5, 6, 2, 7), (1, 6, 2, '?'), (4, 6, 2, 4), (0, 6, 2, 5), (3, 6, 2, '?'), (2, 6, 2, 3), (1, 6, 2, 2), (4, 6, 2, 6), (6, 6, 2, 2), (4, 6, 2, 2), (2, 6, 2, 3), (4, 6, 2, 7), (6, 6, 2, 5), ('?', 6, 2, 3), (1, 6, 2, 2), (6, 6, 2, 6), ('?', 6, 2, 0), (6, 6, 2, 3), (5, 6, 2, 2), (1, 6, 2, 7), (6, 6, 2, '?'), (5, 6, 2, '?'), (3, 6, 2, '?'), (3, 6, 2, 3), (6, 6, 2, 3), (5, 6, 2, 6), (5, 6, 2, 2), (5, 6, 2, 7), (5, 6, 2, 7), (5, 6, 2, 3), (4, 6, 2, 6), ('?', 6, 2, 0), ('?', 6, 2, 1), (1, 6, 2, 2), (4, 6, 2, 2), (1, 6, 2, '?'), (1, 6, 2, 6), (4, 6, 2, '?'), ('?', 6, 2, 3), ('?', 6, 2, 6), (0, 6, 2, 1), (6, 6, 2, 1), (1, 6, 2, 6), (6, 6, 2, 3), (4, 6, 2, '?'), ('?', 6, 2, 6), ('?', 6, 2, 3), (1, 6, 2, 6), (2, 6, 2, 3), (6, 6, 2, 2), (5, 6, 2, 0), (6, 6, 2, 0), (4, 6, 2, 7), (5, 6, 2, 5), (5, 6, 2, '?'), (6, 6, 2, 2), (5, 6, 2, 2), (5, 6, 2, 1), (5, 6, 2, 5), ('?', 6, 2, '?'), (0, 6, 2, 1), (6, 6, 2, 3), (7, 6, 2, 1), (5, 6, 2, 7), (7, 6, 2, 1), (5, 6, 2, 3), (5, 6, 2, '?'), (4, 6, 2, 7), (5, 6, 2, 6), (6, 6, 2, 6), (7, 6, 2, 2), (6, 6, 2, 3), (0, 6, 2, 6), (6, 6, 2, 5), ('?', 6, 2, '?'), (0, 6, 2, 7), (5, 6, 2, 7), ('?', 6, 2, 6), (5, 6, 2, 6), ('?', 6, 2, 4), (6, 6, 2, 3), (6, 6, 2, 1), (4, 6, 2, '?'), (6, 6, 2, 2), (6, 6, 2, 1), ('?', 6, 2, 1), (5, 6, 2, 6), ('?', 6, 2, 1), (5, 6, 2, '?'), ('?', 6, 2, 3), (5, 6, 2, 0), ('?', 6, 2, '?'), (5, 6, 2, 3), ('?', 6, 2, 7), (5, 6, 2, 7), (6, 6, 2, 0), (0, 6, 2, '?'), (5, 6, 2, 2), (0, 6, 2, '?'), (5, 6, 2, '?'), (6, 6, 2, 3), (7, 6, 2, 0), (4, 6, 2, 6), (5, 6, 2, 7), (0, 6, 2, 1), (3, 6, 2, 3), ('?', 6, 2, 5), (4, 6, 2, 2), (1, 6, 2, 1), (5, 6, 2, 0), (6, 6, 2, 0), (6, 6, 2, 6), ('?', 6, 2, 4), (6, 6, 2, 0), ('?', 6, 2, 7), (6, 6, 2, 2), (0, 6, 2, 6), (5, 6, 2, 6), (5, 6, 2, 2), ('?', 6, 2, '?'), ('?', 6, 2, 5), (6, 6, 2, 3), (6, 6, 2, 6), (1, 6, 2, 2), ('?', 6, 2, 0), (5, 6, 2, 1)]"
"(3, 15, 3, 3, 0)","[(3, '?', 2, 1)]"
"(3, 15, 15, 15, 0)","[(1, 3, 2, '?'), (0, 3, 2, 0), (1, 3, 2, 1), (5, 3, 2, 0), (2, 3, 2, 5), (2, 3, 2, '?'), (2, 3, 2, 5), (2, 3, 2, 5), (6, 3, 2, 0), (7, 3, 2, 5), (4, 3, 2, 0), (7, 3, 2, '?'), (5, 3, 2, '?'), (1, 3, 2, '?'), (6, 3, 2, 7), (3, 3, 2, 5), (4, 3, 2, 2), ('?', 3, 2, 5), (6, 3, 2, 2), (7, 3, 2, 2), (2, 3, 2, 2), (2, 3, 2, '?'), (2, 3, 2, 3), (7, 3, 2, 2), (5, 3, 2, 7), (7, 3, 2, 4), (7, 3, 2, 2), (2, 3, 2, 4), (5, 3, 2, 0), (4, 3, 2, 2), (1, 3, 2, 2), (2, 3, 2, 7), (3, 3, 2, '?'), (6, 3, 2, '?'), (2, 3, 2, 5), (1, 3, 2, 0), (6, 3, 2, 2), ('?', 3, 2, '?'), ('?', 3, 2, 5), (2, 3, 2, 5), (1, 3, 2, 2), (4, 3, 2, 2), (5, 3, 2, 0), (6, 3, 2, 7), (7, 3, 2, 2), (2, 3, 2, '?'), (7, '?', 2, 6), (7, 3, 2, '?'), (2, 3, 2, 0), (6, 3, 2, 4), (5, 3, 2, 7), (5, 3, 2, 6), (3, 3, 2, 1), (1, 3, 2, '?'), (1, 3, 2, 0), (5, 3, 2, 2), (5, 3, 2, '?'), (5, 3, 2, 1), (0, 3, 2, 0), (2, 3, 2, 3), (7, 3, 2, '?'), (3, 3, 2, 0), (7, 3, 2, 2), (5, 3, 2, 7), ('?', 3, 2, 0), (2, 3, 2, 5), (5, 3, 2, 6), (5, 3, 2, 7), (6, 3, 2, 0), (2, 3, 2, 7), (2, 3, 2, 5), ('?', 3, 2, '?'), (5, 3, 2, 3), (4, 3, 2, 0), (5, 3, 2, 0), (7, 3, 2, 7), (2, 3, 2, 7), (4, 3, 2, 4), (5, 3, 2, 7), (1, 3, 2, 0), (6, 3, 2, 2), (5, 3, 2, 3), (5, 3, 2, 2), (7, 3, 2, 5), (6, 3, 2, 4), (7, 3, 2, 7), (4, 3, 2, 2), (2, 3, 2, 3), (1, 3, 2, 0), (5, 3, 2, 4), (6, 3, 2, '?'), (2, 3, 2, 7), (5, 3, 2, 0), (4, 3, 2, 7), (7, 3, 2, 2), (5, 3, 2, 3), (3, 3, 2, 1), (3, 3, 2, 1), (4, 3, 2, 0), (0, 3, 2, 0), (4, 3, 2, 0), (2, 3, 2, 5), (2, 3, 2, 7), ('?', 3, 2, 0), (7, 3, 2, 2), (4, 3, 2, 0), (4, 3, 2, 2), (3, 3, 2, 0), (1, 3, 2, 2), (2, 3, 2, '?'), (6, 3, 2, 2), (1, 3, 2, 1), (2, 3, 2, 3), (0, 3, 2, 0), (4, 3, 2, 7), (2, 3, 2, 0), (4, 3, 2, 2), (4, 3, 2, 4), (5, 3, 2, 0), (1, 3, 2, 5), (2, 3, 2, 0), (2, 3, 2, 7), (5, 3, 2, 5), (1, 3, 2, 0), (2, 3, 2, 7), (2, 3, 2, 3), (5, 3, 2, 2), (4, 3, 2, 2), (4, 3, 2, 2), (6, 3, 2, 0), (5, 3, 2, 1), (3, 3, 2, 5), (5, 3, 2, 3), (5, 3, 2, 7), ('?', 3, 2, 1), (2, 3, 2, 0), (5, 3, 2, 3), (5, 3, 2, 5), ('?', 3, 2, 0), (6, 3, 2, 0), (4, 3, 2, 2), ('?', 3, 2, 5), (6, 3, 2, 2), (5, 3, 2, 5), (2, 3, 2, 2), (1, 3, 2, '?'), (4, 3, 2, 0), (0, 3, 2, 0), ('?', 3, 2, '?'), (0, 3, 2, 2), (4, 3, 2, 7), (5, 3, 2, 7), (5, 3, 2, 5), (7, 3, 2, 3), (4, 3, 2, 7), (4, 3, 2, 0), ('?', 3, 2, 0), (0, 3, 2, 2), (4, 3, 2, 7), (4, 3, 2, 0), (4, 3, 2, 7)]"
"(3, 16, 3, 3, 0)","[(6, 1, 2, 3), (7, 1, 2, 5), (0, 1, 2, 0), (7, 1, 2, 5), (7, '?', 2, 6), (0, 1, 2, 6), (7, 1, 2, 5), (7, 1, 2, 1), (0, 1, 2, 6), (7, 1, 2, '?'), (7, 1, 2, 0), ('?', 1, 2, 7), (7, 1, 2, 4), (3, 1, 2, 6), (7, 1, 2, 4), (7, 1, 2, 7), (7, 1, 2, 2)]"
"(3, 16, 3, 16, 0)","[(7, 1, 2, 4), (3, 1, 2, 5), (6, 1, 2, 0), (1, 1, 2, 6), (3, 1, 2, 6), (3, 1, 2, 6), (7, 1, 2, 7), (7, 1, 2, 0), (7, 1, 2, 4), (3, 1, 2, 4), (1, 1, 2, 1), (3, 1, 2, 4), (7, 1, 2, 1), (7, 1, 2, '?'), (3, 1, 2, 0), (7, 1, 2, 7), (7, 1, 2, 0), (3, 1, 2, 6), ('?', 1, 2, 6), (3, 1, 2, 4), (3, 1, 2, 6), (1, 1, 2, 6), (3, 1, 2, 6), (7, 1, 2, 2), (7, 1, 2, 2), (7, 1, 2, 5)]"
"(3, 16, 16, 3, 0)","[(7, 1, 2, 5), (7, 1, 2, 1), (3, 1, 2, 3), (7, 1, 2, 4), (7, 1, 2, 3), (7, 1, 2, 0), (7, 1, 2, '?')]"
"(3, 16, 16, 16, 0)","[(7, 1, 2, 7), (3, 1, 2, 5), (3, 1, 2, 3), (3, 1, 2, 3), (1, 1, 2, '?'), (7, 1, 2, 1), (7, 1, 2, 1), (1, 1, 2, 6), (4, 1, 2, 6), (1, 1, 2, 3), (6, 1, 2, 0), (1, 1, 2, 1), (4, 1, 2, 6), (7, 1, 2, 0), (3, 1, 2, 3), (3, 1, 2, 6), (3, 1, 2, 0), (0, 1, 2, 1), (3, 1, 2, 3), (1, 1, 2, '?'), (1, 1, 2, 6), (7, 1, 2, 3), (7, 1, 2, 1), (3, 1, 2, 0), (6, 1, 2, 0), (7, 1, 2, 2), (7, 1, 2, 1), (7, 1, 2, 4), (7, 1, 2, 5), (7, 1, 2, '?'), (7, 1, 2, 0), (1, 1, 2, '?'), (1, 1, 2, 1), (6, 1, 2, 0), (7, 1, 2, 0), (7, 1, 2, 2), (3, 1, 2, 3), (7, 1, 2, '?'), (1, 1, 2, 6), (7, 1, 2, 2), (7, 1, 2, 4), (7, 1, 2, 3), (7, 1, 2, 3), (7, 1, 2, 5), (1, 1, 2, 4), (0, 1, 2, 6), (4, 1, 2, 6), (7, 1, 2, 7), (1, 1, 2, 4), (7, 1, 2, 5), (1, 1, 2, '?'), (7, 1, 2, '?'), (1, 1, 2, 4), ('?', 1, 2, 6), (1, 1, 2, 6), (7, 1, 2, 0), (4, 1, 2, 6), (0, 1, 2, 6), (1, 1, 2, 6), (1, 1, 2, 1), (1, 1, 2, 4), (6, 1, 2, 3), (6, 1, 2, 0), (3, 1, 2, 6), (7, 1, 2, 1), (7, 1, 2, 7), (0, 1, 2, 6), (7, 1, 2, 5), (0, 1, 2, 6), (7, 1, 2, 3)]"
"(3, 19, 1, 19, 0)","[(2, 0, 2, 3)]"
"(3, 19, 3, 3, 0)","[('?', 0, 2, 1), (3, 0, 2, 1)]"
"(3, 19, 3, 19, 0)","[(3, 0, 2, 2), (7, 0, 2, 5), (1, 0, 2, '?')]"
"(3, 19, 19, 3, 0)","[('?', 0, 2, 2), (6, 0, 2, 5), (6, 0, 2, 6)]"
"(3, 19, 19, 19, 0)","[(7, 0, 2, 4), (4, 0, 2, 3), (6, 0, 2, 1), ('?', 0, 2, 2), (6, 0, 2, 1), (3, 0, 2, 7), (5, 0, 2, 6), (1, 0, 2, 7), (1, 0, 2, 3), (3, 0, 2, 6), (3, 0, 2, 6), (1, 0, 2, '?'), (5, 0, 2, 4), (1, 0, 2, 4), (1, 0, 2, 4), (3, 0, 2, 1), (6, 0, 2, 6)]"
"(3, 23, 23, 3, 0)","[(2, 2, 2, 4)]"
"(3, 23, 23, 23, 0)","[('?', 2, 2, 7), (6, 2, 2, '?'), ('?', 2, 2, 4), (5, 2, 2, 6), (2, 2, 2, 1), (7, 2, 2, '?'), ('?', 2, 2, 2), (6, 2, 2, 6), (4, 2, 2, 5), (7, 2, 2, 7), (6, 2, 2, 0), (1, 2, 2, 7), (6, 2, 2, 1), (3, 2, 2, 0), (4, 2, 2, 0), ('?', 2, 2, 0), ('?', 2, 2, 2), (6, 2, 2, 2), (3, 2, 2, 6), ('?', 2, 2, '?'), (7, 2, 2, 5), (7, 2, 2, 7), (1, 2, 2, '?'), (7, 2, 2, 7), (4, 2, 2, 1), (1, 2, 2, '?'), (6, 2, 2, '?'), (4, 2, 2, 4), (4, 2, 2, '?'), (6, 2, 2, '?'), (4, 2, 2, '?'), (7, 2, 2, 7), (1, 2, 2, 3), (4, 2, 2, '?'), (3, 2, 2, 4), (7, 2, 2, 2), (3, 2, 2, 7), (2, 2, 2, 3), (1, 2, 2, 3), (4, 2, 2, 4), (3, 2, 2, 3), ('?', 2, 2, 5), (5, 2, 2, 6), (3, 2, 2, 3), (7, 2, 2, 0), (7, 2, 2, '?'), ('?', 2, 2, 0), (3, 2, 2, '?'), (6, 2, 2, 4), (4, 2, 2, 6), (4, 2, 2, '?'), (1, 2, 2, 0), (0, 2, 2, '?'), ('?', 2, 2, 4), (4, 2, 2, 0), (1, 2, 2, 5), (5, 2, 2, 0), (0, 2, 2, 5), (6, 2, 2, 4), (1, 2, 2, 0), (5, 2, 2, 2), (5, 2, 2, 0), (6, 2, 2, '?'), (5, 2, 2, 1), (4, 2, 2, 5), (3, 2, 2, 7), (7, 2, 2, 7), (6, 2, 2, 6), (6, 2, 2, 0), (3, 2, 2, 7), (4, 2, 2, 5), (7, 2, 2, '?'), (4, 2, 2, 4), (5, 2, 2, 0), (2, 2, 2, 3), (1, 2, 2, '?'), (5, 2, 2, '?'), (3, 2, 2, 7), (6, 2, 2, 2), (5, 2, 2, '?'), (4, 2, 2, 0), (0, 2, 2, 5), (4, 2, 2, 4), ('?', 2, 2, 2), (6, 2, 2, '?'), (6, 2, 2, 0), (0, 2, 2, 7), (4, 2, 2, 6), (6, 2, 2, 2), ('?', 2, 2, 1), (1, 2, 2, 5), (4, 2, 2, 6), (4, 2, 2, 0), (6, 2, 2, 1), (0, 2, 2, 5), (0, 2, 2, 7), (4, 2, 2, '?'), (4, 2, 2, 1), (5, 2, 2, 1), (0, 2, 2, 6), (6, 2, 2, 1), (3, 2, 2, 6), (7, 2, 2, 2), (3, 2, 2, 3), ('?', 2, 2, 5), (6, 2, 2, 5), (5, 2, 2, 1), (1, 2, 2, 5), (7, 2, 2, 1), ('?', 2, 2, 6), ('?', 2, 2, '?'), (3, 2, 2, 4), (6, 2, 2, 5), (6, 2, 2, 6), (6, 2, 2, 5), (6, 2, 2, 0), (2, 2, 2, 1), (7, 2, 2, 4), (3, 2, 2, 0), (3, 2, 2, 6), ('?', 2, 2, 7), (6, 2, 2, 2), (5, 2, 2, 6), (3, 2, 2, 2), (6, 2, 2, 1), (5, 2, 2, 2), (1, 2, 2, 5), (3, 2, 2, 5), (4, 2, 2, 3), ('?', 2, 2, '?'), (5, 2, 2, 5), (4, 2, 2, 4), (6, 2, 2, 5), (6, 2, 2, '?'), (3, 2, 2, 4), (5, 2, 2, 3), ('?', 2, 2, '?'), (5, 2, 2, 1), ('?', 2, 2, 4), (3, 2, 2, 7), (2, 2, 2, 3), (5, 2, 2, 1), (0, 2, 2, 4), (1, 2, 2, 3), (4, 2, 2, 6), (3, 2, 2, 4), (5, 2, 2, 5), (6, 2, 2, 6), (7, 2, 2, '?'), ('?', 2, 2, 5), (6, 2, 2, 5), (3, 2, 2, '?'), (5, 2, 2, 6), ('?', 2, 2, 0), (2, 2, 2, 1), (5, 2, 2, '?'), (7, 2, 2, 4), (1, 2, 2, 7), (5, 2, 2, 2), ('?', 2, 2, 0), (1, 2, 2, 4), (3, 2, 2, 3), (4, 2, 2, 1), (1, 2, 2, 0), ('?', 2, 2, '?'), (6, 2, 2, 7), (6, 2, 2, 1), (7, 2, 2, 0), ('?', 2, 2, 1), (7, 2, 2, 1), (6, 2, 2, 5), (2, 2, 2, 1), (3, 2, 2, 6), (4, 2, 2, 4), (6, 2, 2, 4), (6, 2, 2, 1), (3, 2, 2, 2), (2, 2, 2, 6), (0, 2, 2, '?'), (5, 2, 2, 2), (3, 2, 2, 7), (2, 2, 2, 3), (1, 2, 2, 5), (5, 2, 2, 0), ('?', 2, 2, 1), (3, 2, 2, 2), (4, 2, 2, 5), (2, 2, 2, 6), (3, 2, 2, 5), (7, 2, 2, 2), ('?', 2, 2, 3), (6, 2, 2, 6), (2, 2, 2, 4), (5, 2, 2, 5), (4, 2, 2, 4), ('?', 2, 2, 2), (1, 2, 2, 5), (4, 2, 2, 5), ('?', 2, 2, 6), (1, 2, 2, 6), (7, 2, 2, 0), (1, 2, 2, 7), (6, 2, 2, 0), ('?', 2, 2, 0), (7, 2, 2, 0), (4, 2, 2, 5), (5, 2, 2, 6), ('?', 2, 2, 2), (4, 2, 2, 5), ('?', 2, 2, 5), (7, 2, 2, 1), (0, 2, 2, 5), (7, 2, 2, 7), (7, 2, 2, 2), (4, 2, 2, 1), ('?', 2, 2, 4), (3, 2, 2, '?'), (1, 2, 2, 4), (6, 2, 2, 0), (1, 2, 2, 7), ('?', 2, 2, 4), ('?', 2, 2, '?'), (3, 2, 2, '?'), (2, 2, 2, 3), (7, 2, 2, 5), (5, 2, 2, '?'), (6, 2, 2, 0), (5, 2, 2, 2), (3, 2, 2, 3), ('?', 2, 2, 3), (7, 2, 2, 2), (1, 2, 2, 7), (0, 2, 2, 4), (3, 2, 2, 6), (7, 2, 2, 2), (3, 2, 2, '?'), (7, 2, 2, 1), (1, 2, 2, 0), (5, 2, 2, '?'), (7, 2, 2, 0), (7, 2, 2, 2), (3, 2, 2, 7), (1, 2, 2, 0), (5, 2, 2, '?'), (7, 2, 2, 7), (4, 2, 2, 0), (4, 2, 2, 3), (4, 2, 2, 5), (6, 2, 2, 2), (4, 2, 2, 0), (6, 2, 2, 1), (4, 2, 2, 5), (7, 2, 2, 2), ('?', 2, 2, 1), (2, 2, 2, 4), (4, 2, 2, 4), (3, 2, 2, 0), (6, 2, 2, 4), (4, 2, 2, 3), (1, 2, 2, 4), (5, 2, 2, 5), (7, 2, 2, 1), (0, 2, 2, 4), (3, 2, 2, 7), (7, 2, 2, 2), (1, 2, 2, 4), (1, 2, 2, 0), (1, 2, 2, '?'), (5, 2, 2, 1), (3, 2, 2, 6), ('?', 2, 2, 1), (7, 2, 2, 1), (0, 2, 2, 5), (7, 2, 2, 4), (5, 2, 2, 6), (7, 2, 2, '?'), (4, 2, 2, 0), ('?', 2, 2, 4), (1, 2, 2, 4), (6, 2, 2, 1), (5, 2, 2, 2), (4, 2, 2, 1), (6, 2, 2, 5), (5, 2, 2, 7), (7, 2, 2, 1), ('?', 2, 2, 6), (6, 2, 2, 4), (5, 2, 2, 7), (5, 2, 2, 5), (6, 2, 2, 4), (3, 2, 2, 3), (5, 2, 2, 5), (1, 2, 2, 0), (7, 2, 2, 7), ('?', 2, 2, '?'), (7, 2, 2, 5), ('?', 2, 2, 3), (6, 2, 2, 2), (2, 2, 2, 6), (3, 2, 2, 2), (1, 2, 2, 5), (5, 2, 2, 2), (6, 2, 2, 1), (4, 2, 2, 6), ('?', 2, 2, '?'), ('?', 2, 2, 6), (3, 2, 2, 0), (7, 2, 2, 0), (7, 2, 2, '?'), ('?', 2, 2, 2), (3, 2, 2, 2), (3, 2, 2, 2), (4, 2, 2, 6), ('?', 2, 2, 1), (5, 2, 2, 7), (3, 2, 2, 0), ('?', 2, 2, 1), (7, 2, 2, 0), (5, 2, 2, 3), (1, 2, 2, 4), (7, 2, 2, 7), (4, 2, 2, 1), (6, 2, 2, 7), (6, 2, 2, 7), (3, 2, 2, 7), ('?', 2, 2, 2), (3, 2, 2, '?'), (6, 2, 2, 4), (7, 2, 2, 0), (3, 2, 2, 2), ('?', 2, 2, 7), (4, 2, 2, 1), (1, 2, 2, 7), (4, 2, 2, 3), (5, 2, 2, '?'), (3, 2, 2, 6), (5, 2, 2, '?'), (4, 2, 2, '?'), (6, 2, 2, 7), (3, 2, 2, 3), (4, 2, 2, 5), (5, 2, 2, 6), (1, 2, 2, 4), (1, 2, 2, 6), (3, 2, 2, 4), (7, 2, 2, 3), (3, 2, 2, 3), (4, 2, 2, 3), (6, 2, 2, 6), (2, 2, 2, 3), (1, 2, 2, 0), (1, 2, 2, '?'), (4, 2, 2, 3), (7, 2, 2, 4), (4, 2, 2, 1), (3, 2, 2, 0), (4, 2, 2, 3), (4, 2, 2, 0), ('?', 2, 2, 5), (3, 2, 2, 4), ('?', 2, 2, '?'), (6, 2, 2, 0), (7, 2, 2, 4), ('?', 2, 2, 7), (1, 2, 2, 5), (1, 2, 2, 7), (6, 2, 2, 2), ('?', 2, 2, 4), (1, 2, 2, 7), ('?', 2, 2, 7), (6, 2, 2, 7), (6, 2, 2, '?'), ('?', 2, 2, 5), (3, 2, 2, 7), (7, 2, 2, 0), (2, 2, 2, 3), (3, 2, 2, '?'), (1, 2, 2, 4), (5, 2, 2, 6), (1, 2, 2, 0), ('?', 2, 2, 4)]"
"(3, 27, 3, 3, 0)","[('?', 7, 2, 1), (2, 7, 2, 6), (1, 7, 2, 2), (3, 7, 2, 3), (3, 7, 2, 2), (1, 7, 2, 5)]"
"(3, 27, 3, 27, 0)","[('?', 7, 2, 3), (5, 7, 2, '?'), (3, 7, 2, 3), (6, 7, 2, 1), (0, 7, 2, 4), (7, '?', 2, '?'), (3, 7, 2, 6), (0, 7, 2, 0)]"
"(3, 27, 27, 3, 0)","[('?', 7, 2, 6), (6, 7, 2, 5), (3, 7, 2, 0), (1, 7, 2, 1), (5, 7, 2, 2), ('?', 7, 2, 6)]"
"(3, 27, 27, 27, 0)","[(2, 7, 2, 3), (1, 7, 2, 1), (1, 7, 2, 7), (6, 7, 2, 7), (7, 7, 2, 1), (2, 7, 2, 6), ('?', 7, 2, 6), (2, 7, 2, 4), (1, 7, 2, 3), (7, 7, 2, 2), (2, 7, 2, 4), (2, 7, 2, '?'), (1, 7, 2, 0), (2, 7, 2, 4), (2, 7, 2, 0), (3, 7, 2, 6), (3, 7, 2, 4), (2, 7, 2, '?'), ('?', 7, 2, 6), (1, 7, 2, 0), (1, 7, 2, 1), ('?', 7, 2, 4), (0, 7, 2, 7), (1, 7, 2, 0), (7, 7, 2, 7), (5, 7, 2, 5), (3, 7, 2, 3), (2, 7, 2, 2), (7, 7, 2, 0), (2, 7, 2, 1), (7, 7, 2, 2), (3, 7, 2, 6), (2, 7, 2, 3), ('?', 7, 2, 3), (1, 7, 2, 1), (0, 7, 2, 7), (2, 7, 2, 0), (2, 7, 2, 2), ('?', 7, 2, 3), (2, 7, 2, 0), (2, 7, 2, 3), (1, 7, 2, 5), ('?', 7, 2, 4), (0, 7, 2, 3), (2, 7, 2, '?'), ('?', 7, 2, 3), (2, 7, 2, 1), (0, 7, 2, 6), (7, 7, 2, 0), (2, 7, 2, 0), (1, 7, 2, 5), (7, 7, 2, 2), (1, 7, 2, 0), (1, 7, 2, 3), (3, 7, 2, 2), (0, 7, 2, 3), (1, 7, 2, 0), (2, 7, 2, 6), ('?', 7, 2, 0), (1, 7, 2, 5), ('?', 7, 2, 4), (2, 7, 2, 0), (6, 7, 2, 4), (1, 7, 2, 1), (1, 7, 2, 0), (1, 7, 2, 3), (2, 7, 2, '?'), (7, 7, 2, 0), (3, 7, 2, 4), (7, 7, 2, 0), (3, 7, 2, 0), (2, 7, 2, 1), ('?', 7, 2, 6), (7, 7, 2, 0), (5, 7, 2, 5), (7, 7, 2, 0), (2, 7, 2, 3), (0, 7, 2, 4), (2, 7, 2, 1), (3, 7, 2, 3), (5, 7, 2, 5), (6, 7, 2, '?'), (1, 7, 2, 5), (0, 7, 2, 6), (1, 7, 2, 1), (0, 7, 2, 0), (3, 7, 2, 0), (1, 7, 2, 5), (0, 7, 2, 3), (5, 7, 2, 5), (0, 7, 2, 2), (5, 7, 2, 2), (7, 7, 2, 1), (4, 7, 2, 1), (3, 7, 2, 6), (3, 7, 2, 2), (0, 7, 2, 6), (0, 7, 2, 4), (3, 7, 2, 6), (7, 7, 2, 7), (2, 7, 2, 6), (2, 7, 2, 4), ('?', 7, 2, 3), (5, 7, 2, 2), (2, 7, 2, 4), (2, 7, 2, 4), (0, 7, 2, 0), (0, 7, 2, 4), (2, 7, 2, 6), (0, 7, 2, 3), (6, 7, 2, 6), (2, 7, 2, 3), (2, 7, 2, 1), (0, 7, 2, 2), (0, 7, 2, 7), (6, 7, 2, 7), (3, 7, 2, 6), (7, 7, 2, 7), ('?', 7, 2, 0), ('?', 7, 2, 3), (5, 7, 2, 2), ('?', 7, 2, 0), (1, 7, 2, 0), (0, 7, 2, 2), (0, 7, 2, 3), (7, 7, 2, 5), (7, 7, 2, 2), ('?', 7, 2, 6), (2, 7, 2, 0), (1, 7, 2, 3), (0, 7, 2, 0), (7, 7, 2, 2), (6, 7, 2, 7), (0, 7, 2, 0), ('?', 7, 2, 6), (0, 7, 2, 2), ('?', 7, 2, 4), (3, 7, 2, 6), (1, 7, 2, 3), (2, 7, 2, 6), (7, 7, 2, 5), (3, 7, 2, 6), (5, 7, 2, 5), (5, 7, 2, 5), (7, 7, 2, '?'), ('?', 7, 2, 6), ('?', 7, 2, 4), (7, 7, 2, 7), (0, 7, 2, 6), (1, 7, 2, 5), (7, 7, 2, 2), (0, 7, 2, 7), (1, 7, 2, 1), (7, 7, 2, 7), (7, 7, 2, 4), (2, 7, 2, 3), (5, 7, 2, 5), (0, 7, 2, 3), (7, 7, 2, '?'), (7, 7, 2, 2), (5, 7, 2, 5), (0, 7, 2, 6), (0, 7, 2, 6), (7, 7, 2, '?'), (2, 7, 2, '?'), (1, 7, 2, 3), (2, 7, 2, 0), (7, 7, 2, 2), (0, 7, 2, 4), (7, 7, 2, 2), (5, 7, 2, 2), (7, 7, 2, 2), (5, 7, 2, '?'), (0, 7, 2, 4), (2, 7, 2, 3), (5, 7, 2, 2), ('?', 7, 2, 4), (1, 7, 2, 7), (2, 7, 2, '?'), (7, 7, 2, 7), (1, 7, 2, 1), (0, 7, 2, 4), (0, 7, 2, 6), (7, 7, 2, 4), (3, 7, 2, 6)]"
"(4, 1, 2, 2, 0)","[(2, 4, 6, 4)]"
"(4, 2, 2, 1, 0)","[(2, 4, 6, '?')]"
"(4, 2, 2, 2, 0)","[(0, 4, 6, 1), (0, 4, 6, 2), (2, 4, 6, 3), (0, 4, 6, 7), (0, 4, 6, 1), (7, 4, 6, 3), (0, 4, 6, 2), (6, 4, 6, 4), (0, 4, 6, 7), (0, 4, 6, 1), (4, 4, 6, 4), ('?', 4, 6, 6), (2, 4, 6, 4), (0, 4, 6, 7), (0, 4, 6, 0), (0, 4, 6, 7)]"
"(4, 2, 2, 4, 0)","[(2, 4, 6, 2), (0, 4, 6, 3), (6, 4, 6, 1), (0, 4, 6, 6)]"
"(4, 2, 2, 20, 0)","[(4, 4, 6, 3)]"
"(4, 2, 4, 2, 0)","[(0, 4, 6, 6), (7, 4, 6, 3)]"
"(4, 2, 4, 4, 0)","[(6, 4, 6, '?'), (7, 4, 6, 5), (0, 4, 6, 0), (4, 4, 6, 4), (4, 4, 6, 4), (7, 4, 6, 3)]"
"(4, 2, 4, 23, 0)","[(4, 4, 6, 2)]"
"(4, 2, 20, 2, 0)","[(4, 4, 6, 4)]"
"(4, 2, 20, 20, 0)","[(4, 4, 6, 4)]"
"(4, 4, 1, 1, 0)","[(2, 4, 6, 6), (2, 4, 6, '?')]"
"(4, 4, 1, 4, 0)","[(2, 4, 6, 6), (2, 0, 6, 1), (2, 4, 6, 6)]"
"(4, 4, 2, 1, 0)","[(2, 4, 6, 3)]"
"(4, 4, 2, 2, 0)","[(6, 4, 6, 4), ('?', 4, 6, 1), (0, 4, 6, 0), (6, 4, 6, 4), (6, 4, 6, 4), (0, 4, 6, 6), (6, 4, 6, 4), (3, 4, 6, 1), (0, 4, 6, 2), (1, 4, 6, 4), (5, 4, 6, 4), (1, 4, 6, 4)]"
"(4, 4, 2, 4, 0)","[(6, 4, 6, 1), (6, 4, 6, 7), (2, 4, 6, '?'), (3, 4, 6, 1), (6, 4, 6, 4), (6, 4, 6, 4), (2, 4, 6, 1), (5, 4, 6, 4), (5, 4, 6, '?'), (2, 4, 6, 3), (7, 4, 6, 1), (5, 4, 6, 4), ('?', 4, 6, 1), ('?', 4, 6, 1), (2, 4, 6, 1), (3, 4, 6, '?'), (0, 4, 6, 6), (5, 4, 6, 3), (3, 4, 6, 1), (5, 4, 6, 3), (6, 4, 6, '?'), (0, 4, 6, 7), (2, 4, 6, 3), (0, 4, 6, 1), (0, 4, 6, 1), (2, 4, 6, 2), (0, 4, 6, 0), ('?', 4, 6, 1), ('?', 4, 6, 6), (1, 4, 6, 4), (7, 4, 6, '?'), (4, 4, 6, 7), (7, 4, 6, 3), (6, 4, 6, 4)]"
"(4, 4, 2, 20, 0)","[(4, 4, 6, 6), (3, 4, 6, 1)]"
"(4, 4, 2, 21, 0)","[('?', 4, 6, 1), (2, 4, 6, 1), (4, 4, 6, 3), (5, 4, 6, 4)]"
"(4, 4, 4, 1, 0)","[(2, 0, 6, 6)]"
"(4, 4, 4, 2, 0)","[(7, 4, 6, 3), (7, 4, 6, '?'), (1, 4, 6, 4), (3, 4, 6, 1), (5, 4, 6, '?'), (3, 4, 6, '?'), (3, 4, 6, 1), (5, 4, 6, '?'), (0, 4, 6, 7), (4, 4, 6, 0), ('?', 4, 6, '?'), (0, 4, 6, 0), (2, 4, 6, 2), (5, 4, 6, '?')]"
"(4, 4, 4, 4, 0)","[(1, 7, 6, 7), (1, 3, 6, 3), (6, 3, 6, '?'), (4, 7, 6, '?'), (6, '?', 6, 3), (4, '?', 6, 3), (0, 3, 6, 6), (6, 4, 6, 0), (0, 3, 6, 5), (5, '?', 6, '?'), (6, 7, 6, 1), (6, 3, 6, 1), ('?', 4, 6, 6), (4, 7, 6, 6), (5, 7, 6, 3), (1, 6, 6, '?'), (5, 7, 6, '?'), (4, 7, 6, '?'), (6, 3, 6, '?'), (5, 3, 6, 7), ('?', 6, 6, 0), (3, 6, 6, 2), ('?', 3, 6, 6), (1, 7, 6, 0), (6, 6, 6, 2), (3, 0, 6, '?'), (5, 3, 6, 1), (5, 4, 6, '?'), ('?', 7, 6, 2), (1, 6, 6, '?'), ('?', 7, 6, 6), (1, 0, 6, 5), (4, 7, 6, 0), (7, 0, 6, 7), (0, 7, 6, 7), (6, '?', 6, 3), (5, 6, 6, 4), (3, 7, 6, 2), (4, 1, 6, 5), (7, 0, 6, 5), ('?', 7, 6, '?'), (3, 7, 6, 5), (1, 0, 6, 3), (3, 7, 6, '?'), (0, '?', 6, 0), (5, 0, 6, 7), (4, 7, 6, 2), (2, '?', 6, 5), (0, 7, 6, '?'), ('?', 6, 6, 4), (3, 0, 6, 3), (3, 3, 6, 6), (6, 4, 6, 1), (5, '?', 6, 3), (4, 6, 6, 6), (5, 1, 6, 0), (3, '?', 6, 7), (3, 7, 6, 7), (2, 0, 6, 4), ('?', 3, 6, 5), ('?', 6, 6, '?'), (2, 3, 6, 2), ('?', 3, 6, 5), (7, 4, 6, 0), (3, 6, 6, 6), (3, 1, 6, 6), (2, 0, 6, '?'), ('?', 7, 6, 3), (1, 3, 6, 1), (2, 7, 6, 7), ('?', 3, 6, 3), (5, 7, 6, 7), (0, 7, 6, '?'), ('?', 7, 6, 6), (5, 7, 6, 2), (2, 6, 6, 1), (4, 3, 6, 7), (2, '?', 6, 1), (4, 3, 6, 7), (1, 0, 6, 0), (7, '?', 6, 6), (1, 6, 6, 6), ('?', '?', 6, 2), (2, 6, 6, 0), ('?', 6, 6, '?'), (1, 4, 6, 2), (6, 7, 6, 1), (7, '?', 6, 2), (6, 6, 6, '?'), (1, '?', 6, 7), (1, 7, 6, 0), (7, '?', 6, 2), (0, 6, 6, 7), (7, 7, 6, 1), (1, '?', 6, 7), (7, 0, 6, 7), (2, 4, 6, 0), (3, 6, 6, 7), (4, 6, 6, 1), (2, 3, 6, 3), (6, 3, 6, 7), ('?', 0, 6, 0), (7, '?', 6, 4), (6, 3, 6, 2), (1, 7, 6, 6), (7, 3, 6, '?'), (7, 6, 6, 5), (5, 6, 6, '?'), (0, '?', 6, 7), (1, 4, 6, 2), (5, '?', 6, 1), (7, 7, 6, 1), (1, '?', 6, '?'), (1, 0, 6, 3), (1, 0, 6, 6), (2, 6, 6, 7), (2, 7, 6, 2), (0, 7, 6, 7), (3, 4, 6, 6), (7, '?', 6, 7), (7, 6, 6, 4), (7, 0, 6, 5), (0, 3, 6, 1), (6, '?', 6, 0), (1, 0, 6, 5), (1, 4, 6, 2), (6, 7, 6, 3), (3, 7, 6, 5), (3, 3, 6, 2), ('?', 7, 6, 0), ('?', 0, 6, 3), (0, '?', 6, 0), (2, '?', 6, 1), (5, 0, 6, 3), (4, 6, 6, 4), (2, 6, 6, '?'), (1, '?', 6, '?'), (6, 4, 6, 0), (1, 6, 6, 7), (4, '?', 6, 3), (2, 3, 6, 1), (0, 3, 6, 3), (7, 0, 6, '?'), (2, '?', 6, 4), (6, 7, 6, 7), (0, 3, 6, 0), (0, 7, 6, 1), (6, 0, 6, 7), ('?', 6, 6, 5), (0, 7, 6, '?'), ('?', '?', 6, 0), (2, 7, 6, 7), ('?', '?', 6, 2), ('?', '?', 6, 7), (7, '?', 6, 5), (2, 6, 6, 0), ('?', 1, 6, 3), (7, 4, 6, '?'), (4, 3, 6, 2), (6, 6, 6, 7), (5, 0, 6, 3), (2, 3, 6, 6), (0, 7, 6, 4), ('?', '?', 6, '?'), (5, 7, 6, 2), (6, 7, 6, 6), (7, 3, 6, 0), (2, 6, 6, '?'), (7, '?', 6, 3), ('?', 0, 6, 0), (3, 7, 6, 6), (2, 7, 6, 7), (4, 3, 6, 1), (1, '?', 6, 0), (2, '?', 6, 1), (6, '?', 6, '?'), (5, 3, 6, 7), (1, 7, 6, 0), ('?', 4, 6, 5), (6, 7, 6, 6), (0, '?', 6, 5), (1, 0, 6, 2), (0, '?', 6, '?'), (2, 6, 6, 3), (2, 7, 6, 1), (1, '?', 6, '?'), (2, 0, 6, '?'), (6, '?', 6, 0), (0, '?', 6, 2), (7, 4, 6, 2), (2, 0, 6, 0), (3, 1, 6, 7), (0, 7, 6, '?'), (2, 3, 6, 3), (3, '?', 6, 4), ('?', 7, 6, 1), (0, 7, 6, 0), (7, 4, 6, 2), ('?', 4, 6, 5), (3, '?', 6, '?'), (3, 0, 6, 3), (2, 7, 6, 1), (4, 3, 6, 2), (0, 7, 6, '?'), (4, 0, 6, 5), ('?', 4, 6, 2), (4, 7, 6, 2), (1, 7, 6, 0), (0, 3, 6, 6), ('?', 6, 6, '?'), (5, 7, 6, 2), ('?', '?', 6, 5), ('?', '?', 6, 7), (0, 6, 6, 2), (2, 7, 6, 6), (2, 3, 6, 7), (7, 7, 6, 6), (2, 0, 6, 4), (6, 6, 6, 7), ('?', 1, 6, 6), (6, 3, 6, 1), (2, 0, 6, 1), ('?', 6, 6, 0), ('?', 3, 6, 0), (6, 3, 6, '?'), (7, 7, 6, 6), (7, 4, 6, 5), (0, 7, 6, 6), ('?', 6, 6, 7), (3, 7, 6, 2), (6, 3, 6, 2), (7, '?', 6, 0), (1, 1, 6, 7), (2, '?', 6, 5), (0, '?', 6, 7), (7, 4, 6, '?'), (4, 6, 6, 0), (1, 4, 6, 7), (2, '?', 6, 3), (3, 6, 6, 2), (7, 7, 6, '?'), (1, 7, 6, 2), (5, 3, 6, 6), (0, 3, 6, 1), (5, 7, 6, '?'), ('?', '?', 6, 0), (4, 3, 6, 1), (6, 0, 6, 0), (3, 3, 6, 2), (4, 6, 6, 4), ('?', 0, 6, 3), (4, 7, 6, 2), (1, '?', 6, 4), (1, 3, 6, 1), (6, 6, 6, 3), (2, 7, 6, 6), (7, 7, 6, 6), ('?', 3, 6, 4), (5, 3, 6, 3), ('?', 7, 6, 4), (3, '?', 6, '?'), (5, 0, 6, '?'), (1, 0, 6, 6), (4, 7, 6, 2), (6, '?', 6, 6), (3, 6, 6, 7), (0, 7, 6, 1), (2, 7, 6, 7), (1, '?', 6, '?'), (1, 6, 6, 0), (1, 7, 6, '?'), (7, '?', 6, 4), (7, 7, 6, 0), (3, 6, 6, 0), (2, 7, 6, 3), (0, 0, 6, 6), (7, 3, 6, 4), (4, 6, 6, 0), (6, 7, 6, 3), (4, 3, 6, 0), (2, 3, 6, 1), (3, 7, 6, 2), (3, 0, 6, 7), ('?', 0, 6, 1), (1, 4, 6, '?'), (4, 3, 6, 0), (5, 1, 6, 3), ('?', 7, 6, 5), (4, 3, 6, 5), ('?', '?', 6, 2), (4, 3, 6, 0), (1, 7, 6, 1), (4, '?', 6, 4), (3, 3, 6, 2), (5, 3, 6, 4), (0, '?', 6, 0), (5, 1, 6, 6), ('?', 7, 6, 3), (0, 3, 6, '?'), (4, '?', 6, 7), (3, '?', 6, 7), (6, 7, 6, 2), (1, 3, 6, 2), (1, '?', 6, 5), (1, 3, 6, 5), (2, 7, 6, 3), (1, 7, 6, 7), (5, '?', 6, 0), (5, '?', 6, 6), (7, 3, 6, 3), (1, 6, 6, 2), (7, 7, 6, 0), (6, '?', 6, 1), (4, 7, 6, 7), ('?', 4, 6, 2), (5, 0, 6, 6), (2, 6, 6, 4), (1, 7, 6, '?'), ('?', 7, 6, 6), (3, '?', 6, 6), (1, 0, 6, 5), (2, 6, 6, 1), ('?', 1, 6, 3), ('?', 7, 6, 4), ('?', 3, 6, 0), (7, 0, 6, '?'), (4, 3, 6, 2), (7, '?', 6, 4), (5, 7, 6, 0), (6, '?', 6, 6), ('?', 4, 6, 0), ('?', '?', 6, 3), (1, 6, 6, 4), (2, 7, 6, 4), (3, 7, 6, 3), (3, 4, 6, 7), (0, 3, 6, 0), (7, 1, 6, 6), (1, 4, 6, '?'), (4, '?', 6, 6), (3, 0, 6, '?'), (0, '?', 6, 1), (7, '?', 6, '?'), (1, 7, 6, 1), (0, 3, 6, 5), (7, 3, 6, 7), (5, '?', 6, 7), (4, '?', 6, '?'), (4, 7, 6, 6), ('?', 3, 6, 6), (7, 7, 6, '?'), (6, 3, 6, 0), (4, '?', 6, 6), (4, '?', 6, 5), (1, 7, 6, '?'), (0, '?', 6, 2), (2, 3, 6, 1), (1, 3, 6, 0), (4, '?', 6, 3), ('?', 7, 6, 6), (7, 7, 6, 7), (1, 3, 6, 6), (2, 0, 6, 7), (2, 3, 6, '?'), (2, 3, 6, 6), ('?', 4, 6, '?'), (7, 7, 6, 3), (6, 4, 6, 6), (0, 7, 6, 5), (2, 7, 6, 6), (0, 7, 6, 1), (1, 7, 6, '?'), (7, 3, 6, 0), (2, 0, 6, '?'), (6, 6, 6, 2), (6, 4, 6, 6), (6, '?', 6, 0), (5, 0, 6, 5), (7, 3, 6, '?'), (7, 7, 6, '?'), (4, 6, 6, 0), (0, 6, 6, '?'), (7, 7, 6, 4), (6, 7, 6, 7), ('?', 4, 6, 6), (6, 6, 6, 5), (3, 4, 6, 6), ('?', 4, 6, 0), (1, 4, 6, 7), (5, '?', 6, 3), (3, 1, 6, 6), (5, 7, 6, '?'), (2, '?', 6, 1), (6, 7, 6, 7), (5, 3, 6, 2), (4, 7, 6, 3), (1, 3, 6, 6), (2, '?', 6, 3), (7, 0, 6, 7), (5, '?', 6, '?'), ('?', 0, 6, 3), ('?', 4, 6, 5), (5, 0, 6, '?'), (3, 3, 6, 7), (7, 3, 6, 6), (4, 3, 6, 1), ('?', 0, 6, 1), (1, 0, 6, 5), (7, 3, 6, 6), (5, '?', 6, 5), ('?', 3, 6, 7), (3, 0, 6, 0), (5, 4, 6, 0), (5, 6, 6, 4), (0, 6, 6, 2), (7, 4, 6, 5), ('?', 7, 6, 7), (1, '?', 6, '?'), (4, 7, 6, 3), (7, '?', 6, 7), (5, '?', 6, 0), (6, '?', 6, 6), (1, 4, 6, 7), (5, '?', 6, 5), (6, 7, 6, 7), (1, 7, 6, 4), (5, '?', 6, 0), (7, 4, 6, 0), (3, 6, 6, 1), (7, 4, 6, 6), ('?', 4, 6, 1), (1, 0, 6, 5), (2, 7, 6, 7), ('?', 7, 6, 2), (0, 7, 6, 5), (3, 7, 6, 3), (3, 7, 6, '?'), (7, 4, 6, 6), ('?', '?', 6, 0), ('?', 3, 6, 2), (6, 7, 6, 4), (0, 7, 6, 4), (4, 1, 6, 3), (5, 0, 6, 5), (1, 3, 6, 7), (7, '?', 6, 7), (5, '?', 6, 3), (2, 4, 6, 2), (0, 0, 6, 7), ('?', 3, 6, 5), (5, 0, 6, 6), (5, '?', 6, 5), (7, 7, 6, 1), (5, 0, 6, 7), (4, 7, 6, 7), (0, 7, 6, 1), ('?', 7, 6, 0), (2, '?', 6, 0), (0, 3, 6, 5), (0, '?', 6, 1), (0, 3, 6, 3), (6, 7, 6, 7), (7, 3, 6, 0), (2, '?', 6, 6), (0, 6, 6, 6), (7, 7, 6, 0), (3, 4, 6, '?'), (7, 6, 6, 6), (5, 7, 6, '?'), (2, 3, 6, '?'), (2, 7, 6, 2), (4, '?', 6, '?'), (2, '?', 6, 0), ('?', '?', 6, 1), (1, 4, 6, '?'), (6, 3, 6, 0), (3, 4, 6, 3), (6, 6, 6, 5), (0, '?', 6, '?'), (3, 6, 6, 6), (1, 7, 6, 0), (2, 0, 6, '?'), (7, 4, 6, 1), ('?', '?', 6, '?'), (4, 6, 6, 1), (6, 4, 6, 5), (7, 7, 6, 6), (4, 6, 6, 7), (5, '?', 6, 7), (5, 3, 6, '?'), (5, 1, 6, 7), (5, 3, 6, '?'), (0, 6, 6, 1), (1, 3, 6, 0), (7, 7, 6, 7), (1, 6, 6, 4), ('?', 3, 6, 5), ('?', 4, 6, 6), (6, '?', 6, '?'), (1, 6, 6, 7), (5, 0, 6, 7), (7, 3, 6, '?'), (5, '?', 6, 0), ('?', '?', 6, 3), (5, 3, 6, 7), (0, 3, 6, 1), (0, 3, 6, 6), (3, 6, 6, 1), (5, 4, 6, 0), ('?', 1, 6, 0), (3, 0, 6, 3), ('?', 3, 6, 5), (7, 3, 6, 1), ('?', 3, 6, 7), (1, 3, 6, 3), (2, 6, 6, 7), (2, 6, 6, 0), (5, 3, 6, 3), (7, '?', 6, '?'), (7, 7, 6, 0), (7, 7, 6, '?'), ('?', 6, 6, 5), (4, '?', 6, 6), (3, 1, 6, 6), (7, '?', 6, 7), (5, 3, 6, 4), (3, 7, 6, 4), (5, 3, 6, '?'), (1, '?', 6, 0), (3, '?', 6, 0), (6, 3, 6, 2), (4, 0, 6, 5), (1, 0, 6, 2), (1, 3, 6, 1), (3, '?', 6, 0), ('?', 7, 6, 2), (2, '?', 6, 5), (6, '?', 6, 0), (0, '?', 6, 7), (0, 3, 6, 0), (4, '?', 6, 7), (0, 7, 6, 7), (6, 4, 6, 2), (7, 3, 6, '?'), (6, 4, 6, 0), (3, 3, 6, 5), (7, '?', 6, 6), (0, '?', 6, '?'), (0, 7, 6, 4), (7, 4, 6, 2), ('?', 3, 6, 4), (3, 4, 6, 3), (3, 0, 6, 2), (6, 3, 6, '?'), (0, 3, 6, 5), (2, 0, 6, 0), (5, '?', 6, 2), ('?', 3, 6, 6), (1, 6, 6, 6), (0, 6, 6, 2), (3, 4, 6, 3), (2, 3, 6, 1), (2, 7, 6, 7), ('?', 3, 6, 7), (7, 7, 6, 6), (6, '?', 6, 5), (2, '?', 6, 4), (4, 6, 6, 6), (5, 3, 6, 3), (5, 3, 6, 3), (3, 7, 6, 7), (7, 4, 6, 7), (3, 3, 6, 7), (4, 3, 6, 4), (5, 5, 6, 3), ('?', 4, 6, '?'), (0, '?', 6, '?'), (7, 3, 6, 6), ('?', 7, 6, 6), (2, 0, 6, 0), ('?', 4, 6, 5), (7, 6, 6, 6), (5, 0, 6, '?'), (4, 7, 6, 3), (6, 7, 6, 3), (6, 7, 6, 2), (5, '?', 6, 6), (3, 0, 6, 7), (5, 3, 6, 5), (1, 6, 6, 7), ('?', 4, 6, 5), ('?', '?', 6, 1), (5, 3, 6, 4), (3, 3, 6, 3), (6, 6, 6, 6), (1, 4, 6, 7), (3, 6, 6, '?'), (4, 3, 6, 3), ('?', '?', 6, 1), (3, 4, 6, 0), (5, 3, 6, 7), (7, 7, 6, 4), (2, '?', 6, 7), (2, 0, 6, 0), (3, 0, 6, 3), (3, 4, 6, 7), (5, '?', 6, 0), (0, 3, 6, 1), (1, 7, 6, 6), (7, 0, 6, 5), (1, 0, 6, 1), (0, 6, 6, 0), (1, 1, 6, 7), (0, '?', 6, 2), (2, 0, 6, 4), (2, 7, 6, 0), (2, 0, 6, 7), (3, 6, 6, '?'), (6, 1, 6, 7), (3, '?', 6, 6), (7, 3, 6, 4), (2, 0, 6, 7), (7, 4, 6, 6), (1, '?', 6, '?'), (5, 4, 6, 0), (7, 7, 6, 4), (7, 3, 6, 3), (2, 4, 6, 6), (2, 7, 6, 2), (6, 6, 6, 1), (4, 7, 6, 3), (3, 7, 6, 7), (2, 0, 6, 5), (7, 4, 6, 7), (5, 3, 6, 5), ('?', 3, 6, 6), (5, 7, 6, 1), (1, 3, 6, '?'), (1, '?', 6, 3), (2, 7, 6, 0), (3, 6, 6, 3), (3, 6, 6, 4), (1, 1, 6, 7), (2, 3, 6, 3), (6, '?', 6, 6), (2, 4, 6, 1), (3, 7, 6, 6), (5, '?', 6, '?'), (1, 0, 6, 1), (7, 3, 6, '?'), (5, '?', 6, 6), (2, 7, 6, 2), (5, 3, 6, '?'), (1, '?', 6, 7), (0, 7, 6, 0), ('?', 7, 6, 1), (1, 7, 6, 6), (2, '?', 6, 4), (4, 7, 6, 3), (4, '?', 6, 2), (7, '?', 6, 5), (3, 6, 6, 7), (7, 0, 6, 7), (0, 7, 6, 5), ('?', 6, 6, 7), (3, 6, 6, 3), (1, 6, 6, 6), (4, 3, 6, 3), ('?', 3, 6, 7), (7, 3, 6, 7), (5, 3, 6, 6), ('?', 3, 6, 4), ('?', 6, 6, 7), (7, 7, 6, 4), (4, '?', 6, 1), (7, '?', 6, 3), (6, 3, 6, 4), ('?', 7, 6, 4), (1, 6, 6, 2), (4, 6, 6, 6), (6, 6, 6, 7), (4, '?', 6, 7), (3, '?', 6, 2), (2, 1, 6, 7), (5, 7, 6, '?'), (7, 3, 6, '?'), (0, 7, 6, 3), (6, 7, 6, 1), (3, 3, 6, 2), ('?', 3, 6, 2), (4, 6, 6, 7), (2, 0, 6, 6), (4, 7, 6, 6), (6, 1, 6, 1), (5, 0, 6, 6), (7, 0, 6, 7), (0, 3, 6, '?'), (2, '?', 6, 6), (0, 3, 6, '?'), (4, 7, 6, 2), (1, 7, 6, 1), (0, 3, 6, 5), ('?', '?', 6, 6), (1, 7, 6, 5), (4, 6, 6, '?'), (5, 1, 6, 3), (5, 1, 6, 7), (7, '?', 6, 2), (3, '?', 6, 3), (2, '?', 6, 0), (3, 4, 6, '?'), (6, 6, 6, 1), (7, 0, 6, 3), (3, 6, 6, '?'), (6, '?', 6, 6), ('?', 6, 6, 2), (1, 7, 6, '?'), (5, 7, 6, 1), (1, 6, 6, 0), (4, '?', 6, 4), (2, 0, 6, 6), (5, 4, 6, '?'), (1, 6, 6, 4), ('?', 7, 6, 7), (3, '?', 6, 4), (4, '?', 6, 7), (2, 4, 6, 6), (3, 4, 6, 3), ('?', 6, 6, 7), ('?', '?', 6, 7), ('?', '?', 6, 1), (1, 7, 6, 4), (0, 7, 6, 0), (7, 0, 6, 3), (2, 0, 6, 7), (3, 7, 6, 7), ('?', 3, 6, 7), (1, 7, 6, 3), (6, '?', 6, '?'), (6, '?', 6, 1), (2, 7, 6, 1), (7, 7, 6, 3), (6, 3, 6, '?'), (5, 0, 6, 3), (5, 1, 6, 7), (2, '?', 6, 7), (5, 0, 6, 2), (4, 3, 6, 3), ('?', 7, 6, 0), (5, 0, 6, 2), (6, 3, 6, 4), (1, 6, 6, 0), (7, '?', 6, 0), (4, 0, 6, 2), (0, '?', 6, 6), (5, 1, 6, 6), (5, 7, 6, 5), (3, '?', 6, 6), (4, 7, 6, '?'), (4, '?', 6, 5), (5, 1, 6, 5), (0, 3, 6, 3), (4, '?', 6, 6), (7, 7, 6, 7), (1, 0, 6, 1), (7, 7, 6, 4), (4, 3, 6, 2), (1, '?', 6, 4), (1, 3, 6, '?'), (4, '?', 6, 5), ('?', '?', 6, '?'), (6, 1, 6, 6), (3, 7, 6, '?'), (5, 3, 6, 5), (1, 7, 6, 7), (2, 3, 6, 0), (7, 6, 6, 6), (0, 4, 6, 0), (3, 7, 6, 3), ('?', 4, 6, 0), (0, 7, 6, 0), (7, 3, 6, 0), (1, 7, 6, 2), (6, 6, 6, 4), (0, '?', 6, 1), (5, '?', 6, 7), (7, 4, 6, 7), (7, 3, 6, 0), (0, 3, 6, '?'), (1, 3, 6, 3), (0, 6, 6, 0), (3, '?', 6, 0), (6, '?', 6, 5), (5, '?', 6, 1), (1, 6, 6, 0), (2, 7, 6, 1), (6, '?', 6, '?'), (0, '?', 6, 2), (0, 7, 6, 1), ('?', 7, 6, 1), (7, 4, 6, '?'), ('?', 6, 6, 4), (0, 7, 6, 6), (0, '?', 6, 7), (3, '?', 6, 3), (1, 0, 6, 0), (5, 0, 6, 1), (5, '?', 6, 3), (4, 0, 6, 0), (5, 0, 6, 6), (3, 1, 6, 6), (3, '?', 6, 5), (4, 4, 6, 7), (2, 3, 6, 3), ('?', 6, 6, 4), (5, 3, 6, 3), (2, 6, 6, 4), (7, 7, 6, 4), ('?', 7, 6, 0), (0, '?', 6, 2), (4, 3, 6, 7), (6, '?', 6, 7), (4, 3, 6, 5), (0, 0, 6, 0), (6, 0, 6, 1), ('?', 4, 6, 5), ('?', 4, 6, 1), (1, 7, 6, 3), (6, '?', 6, 7), (3, 7, 6, 3), (3, 1, 6, 7), ('?', 7, 6, 4), (7, 4, 6, 1), (7, 7, 6, 0), (2, 6, 6, 3), (3, 0, 6, 0), ('?', 4, 6, 1), ('?', '?', 6, 2), (7, 0, 6, 3), (5, 0, 6, 5), (7, 7, 6, 0), (6, 7, 6, 4), (0, 7, 6, 5), (4, 6, 6, 0), ('?', '?', 6, 7), (6, 0, 6, 0), (1, 7, 6, 7), (7, 4, 6, 7), (5, 0, 6, 4), (4, '?', 6, 1), (1, 6, 6, 3), (0, 7, 6, 6), (1, '?', 6, 6), (5, 0, 6, 2), (2, 7, 6, 3), (2, 0, 6, 5), (5, '?', 6, 6), (5, 1, 6, 0), (0, 6, 6, '?'), (5, 7, 6, 1), (6, 0, 6, 4), (3, 6, 6, '?'), ('?', 7, 6, 2), (7, '?', 6, 6), (5, '?', 6, 7), (3, 6, 6, '?'), ('?', '?', 6, 7), ('?', 7, 6, 7), (3, '?', 6, 3), (4, 6, 6, 6), ('?', '?', 6, 3), (0, 3, 6, 5), ('?', 4, 6, 0), (5, 6, 6, 4), (3, 6, 6, 0), (7, 0, 6, 3), (4, 6, 6, 4), (3, 0, 6, 5), (6, 7, 6, 4), (7, '?', 6, 4), (4, 1, 6, 3), (4, 3, 6, 3), (0, 7, 6, 7), (6, 0, 6, 1), (1, 6, 6, 5), (3, 3, 6, 3), (1, '?', 6, 6), (2, 4, 6, 3), (7, 7, 6, 0), (7, '?', 6, '?'), (3, '?', 6, 2), (1, '?', 6, 0), (1, 6, 6, 0), (4, 6, 6, 0), (0, 0, 6, 5), (5, '?', 6, 5), (5, 0, 6, 6), (3, 3, 6, 2), ('?', 0, 6, 1), (7, 7, 6, 3), (4, 7, 6, 6), (7, '?', 6, 7), (4, '?', 6, 7), (3, 7, 6, 2), (6, '?', 6, '?'), ('?', 0, 6, 0), (5, 6, 6, 4), (0, '?', 6, 1), (4, 7, 6, 4), (5, '?', 6, 5), ('?', '?', 6, 6), (4, '?', 6, 1), (7, 7, 6, 6), (1, '?', 6, 5), (6, 0, 6, 7), (5, '?', 6, 2), (0, 3, 6, 6), (6, 7, 6, 2), (2, 0, 6, 5), (3, 3, 6, 2), (2, 3, 6, 7), (3, 0, 6, 5), (6, 7, 6, 2), (5, 1, 6, 3), (1, '?', 6, 7), (2, 6, 6, 0), (6, 4, 6, 5), ('?', '?', 6, 7), (3, 7, 6, 7), ('?', '?', 6, 5), (4, '?', 6, 6), ('?', 6, 6, '?'), (0, '?', 6, 5), (1, 6, 6, 3), ('?', 4, 6, 6), (4, 0, 6, 2), (5, '?', 6, 6), (1, 3, 6, 1), (6, 6, 6, 5), (2, 7, 6, 6), (0, '?', 6, 4), ('?', 4, 6, 6), (3, '?', 6, 2), (7, '?', 6, '?'), (3, 0, 6, 5), (3, '?', 6, 6), (6, 0, 6, 0), (1, 0, 6, 2), (0, 3, 6, 1), (1, '?', 6, 7), (3, 6, 6, 3), ('?', 4, 6, 0), (1, 6, 6, 3), (4, 3, 6, 3), (0, '?', 6, 6), ('?', 7, 6, 4), (5, 4, 6, 3), (3, 7, 6, 4), (6, 3, 6, 0), ('?', '?', 6, 7), (3, 6, 6, '?'), (7, 0, 6, 3), (4, '?', 6, 5), (6, 6, 6, 7), ('?', '?', 6, 4), (0, '?', 6, 4), (5, '?', 6, 2), ('?', '?', 6, 0), (6, 0, 6, 4), (5, 6, 6, 4), ('?', 3, 6, 0), (7, '?', 6, 6), (3, '?', 6, 6), (3, 6, 6, 3), (1, 4, 6, 2), (3, 3, 6, 5), (3, 6, 6, 3), (1, '?', 6, 4), (5, 3, 6, 1), (4, 1, 6, 5), ('?', '?', 6, 2), (1, '?', 6, 5), (3, 0, 6, 6), ('?', 7, 6, 3), (0, '?', 6, 5), (7, '?', 6, 3), (3, 0, 6, 5), (4, 3, 6, 5), (5, 1, 6, 3), (7, '?', 6, 0), (4, 4, 6, 7), (4, 7, 6, '?'), ('?', 0, 6, 1), (4, 3, 6, 0), ('?', '?', 6, '?'), (2, 7, 6, 0), (2, 1, 6, 7), (4, 7, 6, 7), (6, 7, 6, 6), (4, 6, 6, 5), (4, 0, 6, 5), (1, 4, 6, 7), (5, 0, 6, 1), (6, 7, 6, 1), (6, '?', 6, '?'), (0, '?', 6, 0), (6, 6, 6, 2), (4, 7, 6, 7), (3, 4, 6, 0), (4, 7, 6, 4), ('?', 0, 6, '?'), (3, '?', 6, 5), (3, 7, 6, 5), (1, 7, 6, 7), (2, 7, 6, 1), ('?', 0, 6, '?'), (6, '?', 6, 5), (2, 3, 6, '?'), (7, '?', 6, '?'), (4, 7, 6, 0), ('?', 3, 6, 7), (3, 3, 6, 7), ('?', 3, 6, 5), (6, 4, 6, 2), (5, 0, 6, '?'), (6, 6, 6, 3), (0, 0, 6, 7), (7, 0, 6, 2), (4, 6, 6, '?'), (3, 6, 6, 6), (1, 3, 6, '?'), (1, 7, 6, '?'), (2, 7, 6, 6), (0, 0, 6, 5), (2, 1, 6, 7), (1, '?', 6, 0), (0, 3, 6, 0), (4, 6, 6, 6), ('?', 3, 6, 2), (6, 3, 6, 7), (6, '?', 6, 3), (6, 4, 6, 7), (7, 3, 6, 6), (6, 4, 6, 0), (1, 7, 6, 6), (1, 7, 6, 7), (1, 0, 6, 0), (6, 6, 6, 2), (4, '?', 6, 7), (3, 0, 6, '?'), (2, 7, 6, 1), (3, 3, 6, 2), (5, 3, 6, 5), (1, 6, 6, 4), (5, 7, 6, 0), (2, 7, 6, 6), (6, 6, 6, 3), ('?', 3, 6, 6), (1, 7, 6, 7), (3, 7, 6, 6), (1, 3, 6, 7), (5, 0, 6, 3), (3, 6, 6, 3), ('?', 3, 6, 0), (3, 0, 6, 2), (2, 4, 6, 1), (6, 3, 6, 4), (5, 3, 6, 6), (7, 0, 6, '?'), (0, 6, 6, '?'), (3, 0, 6, 0), (2, 6, 6, '?'), (6, 4, 6, 7), (0, '?', 6, '?'), (3, '?', 6, 2), (4, 4, 6, 1), (5, 3, 6, 6), (4, 1, 6, 3), (0, 3, 6, 6), (0, 6, 6, 6), (6, 0, 6, 4), (6, '?', 6, 3), (5, 0, 6, 3), (7, 4, 6, 0), (3, 7, 6, 4), (6, 0, 6, 1), (1, 0, 6, 1), (2, '?', 6, 0), (1, 6, 6, 6), (4, 0, 6, 2), (7, 4, 6, 6), (4, 6, 6, 4), (2, '?', 6, 3), (1, 0, 6, 3), (2, 4, 6, 6), ('?', 7, 6, '?'), (5, 1, 6, 3), (4, 6, 6, 6), (3, 7, 6, 4), (1, 3, 6, 7), ('?', 3, 6, '?'), (1, 4, 6, '?'), (2, '?', 6, 3), (5, '?', 6, '?'), (4, 0, 6, 0), (1, 6, 6, 7), (2, 6, 6, 0), (7, 0, 6, 5), (5, 6, 6, 0), (4, 7, 6, '?'), (7, 7, 6, 2), ('?', 0, 6, 0), ('?', 4, 6, 2), (5, 0, 6, 5), (2, 0, 6, 3), (2, 7, 6, 0), (2, 6, 6, 0), (0, 6, 6, 6), (6, 3, 6, 4), (3, 7, 6, 2), (1, 6, 6, 3), (1, 0, 6, 7), (4, 4, 6, 2), (6, 6, 6, 5), (1, 7, 6, 1), (6, '?', 6, 6), (3, 7, 6, 5), (4, 1, 6, 3), (6, 7, 6, 2), (5, 0, 6, 4), (4, 6, 6, 3), (2, 7, 6, 6), ('?', 0, 6, 4), ('?', 7, 6, 2), (2, 6, 6, 7), (3, 4, 6, '?'), ('?', 3, 6, 6), (7, 4, 6, 2), (1, 6, 6, 2), (3, '?', 6, 4), (3, 0, 6, 2), (3, 3, 6, 6), (1, 6, 6, 3), (3, 6, 6, 6), (5, 4, 6, 0), (2, 7, 6, 4), ('?', 3, 6, 3), (0, '?', 6, 5), (5, 1, 6, 6), (7, 3, 6, 0), ('?', '?', 6, 6), (5, 0, 6, 7), (7, '?', 6, 6), (1, 3, 6, 0), ('?', 4, 6, 2), (3, '?', 6, 0), (6, '?', 6, 6), (7, 7, 6, 2), (2, '?', 6, 4), (3, 6, 6, 0), ('?', 0, 6, 0), (3, 0, 6, '?'), (6, 3, 6, 2), (0, 0, 6, 0), (5, 6, 6, 0), (6, 6, 6, 5), (1, '?', 6, 5), (5, 7, 6, 3), (5, 7, 6, '?'), (4, 3, 6, 4), (7, 7, 6, 2), (5, '?', 6, 6), (6, 6, 6, 4), (4, '?', 6, 5), (7, 3, 6, 7), (7, '?', 6, 0), (6, 6, 6, 6), (3, 1, 6, 3), ('?', 3, 6, 2), (1, 3, 6, 0), (3, 3, 6, 6), (5, 0, 6, 0), (7, 3, 6, 3), (4, 7, 6, 4), (3, 6, 6, 7), (7, 4, 6, 5), (6, 3, 6, '?'), (4, 7, 6, 7), (3, '?', 6, 7), (2, 6, 6, 0), (7, '?', 6, '?'), (5, 1, 6, 7), (2, '?', 6, 3), (3, 4, 6, 0), (4, 3, 6, 7), (3, 1, 6, 1), (4, 3, 6, 4), (4, 6, 6, 5), (1, 7, 6, 3), (1, 1, 6, 7), (4, 3, 6, 2), (2, 3, 6, '?'), (0, 7, 6, 6), (7, 4, 6, 0), (2, '?', 6, 6), (4, '?', 6, 1), ('?', 7, 6, 3), (4, '?', 6, 5), (1, '?', 6, 0), (0, '?', 6, 2), (3, 3, 6, 7), (1, 6, 6, 2), ('?', 7, 6, 1), (3, 4, 6, 7), (5, '?', 6, 3), (0, '?', 6, 6), (4, 7, 6, 2), ('?', 7, 6, 0), (0, '?', 6, 4), (2, 7, 6, 0), (6, 4, 6, 6), (5, 0, 6, 4), (5, '?', 6, '?'), (7, '?', 6, 4), (2, 0, 6, 0), (6, 3, 6, '?'), (7, 0, 6, 3), ('?', 3, 6, 3), ('?', 6, 6, 7), (6, 6, 6, 6), (3, '?', 6, 4), ('?', '?', 6, 0), ('?', 7, 6, 5), (7, 3, 6, 1), (6, 3, 6, 0), (1, 1, 6, 5), (2, 7, 6, 1), (7, 3, 6, 7), (5, 6, 6, 5), ('?', 6, 6, 0), (3, '?', 6, 3), (6, '?', 6, 5), (2, '?', 6, 3), (4, 3, 6, 7), ('?', 7, 6, 1), (0, 3, 6, 5), (5, 0, 6, 1), (5, 4, 6, 0), (5, 6, 6, 4), (6, 6, 6, '?'), (3, 6, 6, 7), (6, 7, 6, 6), (2, 4, 6, 6), (0, 7, 6, 7), (0, 6, 6, '?'), ('?', 7, 6, 3), (4, '?', 6, '?'), (1, 7, 6, 1), (7, '?', 6, 7), (2, '?', 6, 1), (6, '?', 6, 7), (1, 3, 6, 6), (6, 4, 6, 6), (3, 7, 6, 2), ('?', 0, 6, 3), (6, '?', 6, 3), (4, 3, 6, 4), (7, 7, 6, 7), (6, 4, 6, 6), ('?', 6, 6, '?'), (6, 0, 6, 7), (0, 6, 6, 6), ('?', 0, 6, '?'), (1, 1, 6, 7), (0, 0, 6, 5), (7, 4, 6, 0), (2, 1, 6, 7), ('?', 3, 6, 0), (2, '?', 6, 0), (6, 3, 6, '?'), (4, 0, 6, 5), (1, 0, 6, 7), ('?', 7, 6, '?'), (2, 7, 6, 3), (2, 1, 6, 7), (2, 0, 6, 7), (1, 7, 6, 7), (2, 3, 6, 3), (6, 7, 6, 7), (1, 3, 6, 2), (6, 0, 6, '?'), (0, 3, 6, 6), (3, 7, 6, '?'), (7, 3, 6, '?'), ('?', 1, 6, 3), (5, 3, 6, 6), (0, '?', 6, 0), (2, '?', 6, 6), (2, 1, 6, 7), (1, 6, 6, '?'), (5, 3, 6, 4), (2, 6, 6, 7), (6, 7, 6, 7), (4, 3, 6, 2), (5, '?', 6, 2), (3, 6, 6, 3), (1, 6, 6, 7), (5, 0, 6, 4), (6, 4, 6, 0), (2, 4, 6, 0), (1, 4, 6, 6), ('?', 6, 6, 4), (2, '?', 6, 0), (6, 7, 6, 3), ('?', '?', 6, 4), (1, 6, 6, '?'), (5, 7, 6, 4), (2, 0, 6, 0), (2, 4, 6, 0), (4, 7, 6, 2), (5, 7, 6, 0), (6, 0, 6, 0), (5, 0, 6, '?'), (3, '?', 6, 5), (4, 3, 6, 1), (2, 3, 6, 7), (7, 7, 6, 1), (3, 6, 6, 4), (4, 0, 6, 5), (3, 6, 6, 4), (2, 0, 6, 6), (4, '?', 6, 6), (6, 3, 6, 0), (7, 4, 6, '?'), (3, 7, 6, 0), (1, 7, 6, 2), (5, '?', 6, 0), (4, 4, 6, 1), (2, 6, 6, 3), (2, 7, 6, 4), (4, 6, 6, 3), (1, 7, 6, 3), (3, 0, 6, '?'), (3, 6, 6, 0), (0, 3, 6, 0), (5, 7, 6, 3), ('?', 1, 6, 3), (1, '?', 6, 4), (5, 4, 6, 2), (1, 4, 6, 7), (3, '?', 6, 4), (3, 6, 6, 7), (4, 7, 6, 4), (4, 7, 6, 7), ('?', 7, 6, 1), (3, 6, 6, 2), (4, 7, 6, 0), (5, 0, 6, '?'), (6, 1, 6, '?'), ('?', 0, 6, 1), ('?', 6, 6, 0), (1, 4, 6, 2), (5, 5, 6, 5), (0, '?', 6, 7), ('?', '?', 6, 6), (3, 4, 6, 1), (2, 6, 6, 7), (7, '?', 6, 2), (5, 3, 6, '?'), (4, 7, 6, 0), (2, 0, 6, 7), (5, 0, 6, 5), (3, 1, 6, 6), (4, 3, 6, 5), (7, 4, 6, 3), (4, 4, 6, 1), ('?', 1, 6, 5), (1, 0, 6, 3), (2, 3, 6, 1), (0, 7, 6, '?'), (5, 7, 6, 3), (3, '?', 6, 4), (0, 7, 6, 5), ('?', '?', 6, 3), (2, '?', 6, 1), (3, 3, 6, 7), (7, 4, 6, 3), (5, 4, 6, 0), (5, 4, 6, 0), (3, 7, 6, 4), (6, 6, 6, 5), (7, 4, 6, 7), (1, 6, 6, 5), (1, '?', 6, 7), ('?', '?', 6, 4), (0, 6, 6, 1), (3, 0, 6, 5), ('?', 6, 6, 4), (6, 3, 6, 2), (3, 7, 6, 6), (7, 3, 6, '?'), ('?', 1, 6, 3), (4, 4, 6, 2), ('?', 3, 6, 0), (1, 6, 6, 4), (1, 7, 6, '?'), (5, 7, 6, 7), (5, 7, 6, 1), (3, 3, 6, 5), (4, '?', 6, 4), (3, 6, 6, 6), ('?', '?', 6, 6), (0, 7, 6, 5), (3, '?', 6, 4), (7, 6, 6, 6), ('?', '?', 6, 0), ('?', 6, 6, 2), (7, 4, 6, 2), (0, '?', 6, 4), (5, '?', 6, 2), (5, '?', 6, 3), (5, 6, 6, 4), (3, 7, 6, 3), ('?', 0, 6, '?'), (1, '?', 6, 4), (2, 6, 6, 3), (2, 0, 6, '?'), ('?', 6, 6, 0), (2, 3, 6, 3), (0, 0, 6, 0), ('?', 7, 6, 3), (6, 0, 6, 7), (3, 0, 6, 0), (3, 1, 6, 3), (2, 7, 6, 3), (4, 3, 6, 4), (6, 4, 6, 1), (7, '?', 6, 4), (5, '?', 6, 5), (5, 3, 6, 4), (2, 0, 6, '?'), (1, 7, 6, 0), (3, 4, 6, 0), (3, 4, 6, 6), (4, '?', 6, 5), (5, 0, 6, 7), (6, 0, 6, 7), (3, 6, 6, 4), (5, 7, 6, '?'), (1, 3, 6, 2), (7, '?', 6, 6), (2, 4, 6, 1), (1, 7, 6, 7), (7, 7, 6, 3), (3, '?', 6, 2), (4, 7, 6, 4), (0, 7, 6, 6), (2, 1, 6, 1), (6, 6, 6, 1), (4, '?', 6, 2), (0, 6, 6, 6), (0, 7, 6, 3), (5, 3, 6, 1), (3, 0, 6, 0), ('?', 7, 6, 1), (4, 6, 6, 1), (1, 7, 6, 6), (7, '?', 6, 5), (2, 7, 6, 0), (7, 4, 6, 6), (6, 0, 6, 2), (4, 7, 6, '?'), (5, 7, 6, '?'), ('?', 3, 6, 4), (4, 7, 6, 6), (1, 0, 6, 1), (5, '?', 6, 2), (5, 0, 6, 4), (7, '?', 6, 5), (6, 6, 6, 1), (5, '?', 6, 3), (1, 3, 6, 6), ('?', 4, 6, 0), (3, '?', 6, 6), (3, '?', 6, 7), ('?', 1, 6, 0), ('?', 3, 6, '?'), (2, 7, 6, 7), (4, 6, 6, 1), (6, 0, 6, 0), (2, 3, 6, 6), (3, 4, 6, 6), (6, 3, 6, 1), (4, 6, 6, 5), ('?', 7, 6, 5), ('?', 0, 6, 2), (3, 0, 6, 3), ('?', '?', 6, 4), ('?', '?', 6, '?'), (5, 7, 6, 7), (5, 4, 6, 2), (7, '?', 6, 3), (7, 6, 6, '?'), (5, 7, 6, 3), (7, 4, 6, 2), (7, '?', 6, 7), (1, 7, 6, 5), (4, 6, 6, '?'), ('?', 2, 6, 6), (6, 7, 6, 4), (1, 4, 6, 4), (6, 3, 6, 1), ('?', '?', 6, 3), (6, 6, 6, 4), (2, 4, 6, 6), (3, 1, 6, 7), (7, 7, 6, 7), (1, 7, 6, 0), (6, '?', 6, 3), (2, '?', 6, 7), (2, 6, 6, 7), (1, '?', 6, 3), (7, 4, 6, 6), (7, 3, 6, 4), (3, 0, 6, 7), (2, 6, 6, 4), ('?', 1, 6, 5), (2, 4, 6, 0), (4, 0, 6, 1), (7, 6, 6, 6), (1, 0, 6, 2), (4, 7, 6, 4), (5, 1, 6, 7), ('?', 7, 6, '?'), (3, 7, 6, 4), (3, '?', 6, 7), (6, 3, 6, 1), (6, 6, 6, 2), (5, 0, 6, 3), ('?', 6, 6, '?'), (2, '?', 6, 7), (5, 3, 6, 3), (3, 3, 6, 5), (6, 4, 6, 6), (3, 3, 6, 6), (3, 4, 6, 7), (5, '?', 6, 6), (5, '?', 6, 5), (0, 3, 6, '?'), (5, '?', 6, 5), ('?', 3, 6, 0), (1, '?', 6, 5), (6, 4, 6, 0), (3, 0, 6, 7), (1, 4, 6, 2), (3, 0, 6, 5), ('?', 3, 6, 3), (4, 4, 6, 7), (4, 4, 6, 6), (1, 0, 6, 7), (6, 6, 6, 6), (6, 6, 6, 4), (5, 7, 6, 0), (7, '?', 6, 7), (5, 7, 6, 1), (4, 6, 6, 3), (3, '?', 6, 3), (2, 4, 6, 3), (4, '?', 6, 5), ('?', 3, 6, 2), (7, 3, 6, 7), (0, 6, 6, 0), (3, '?', 6, 2), (5, 0, 6, 3), (3, 0, 6, 2), (5, 1, 6, 3), (7, 3, 6, 6), (3, 7, 6, 5), (7, '?', 6, 5), ('?', 7, 6, 1), (5, 0, 6, 0), (4, '?', 6, 2), (2, 2, 6, 7), (0, 7, 6, 1), (2, 6, 6, 0), (7, 3, 6, 4), (5, 3, 6, 7), (6, 6, 6, '?'), (5, 0, 6, 2), ('?', 6, 6, '?'), ('?', 0, 6, '?'), (7, 7, 6, '?'), ('?', 7, 6, 5), (4, 7, 6, '?'), (2, 3, 6, 0), (5, 0, 6, 1), (1, 3, 6, 0), (3, 4, 6, 3), (2, 6, 6, '?'), (6, 6, 6, 5), (4, 4, 6, 1), (3, 7, 6, 6), (6, 4, 6, '?'), (7, 4, 6, 1), (5, 7, 6, 1), (6, 7, 6, 2), (5, 7, 6, 4), (2, 7, 6, 1), (3, 4, 6, 0), (6, '?', 6, 1), (1, 0, 6, 3), (2, 3, 6, 0), (5, 7, 6, 4), (1, 1, 6, 7), (1, 3, 6, '?'), (3, 7, 6, 5), (6, 0, 6, 2), (5, 3, 6, 2), (4, '?', 6, 6), (6, 6, 6, 3), (7, 6, 6, 1), (0, '?', 6, 2), (6, 7, 6, 1), (3, 7, 6, '?'), (3, 3, 6, 4), (3, '?', 6, '?'), (2, '?', 6, 5), (6, 7, 6, 2), (7, 4, 6, '?'), (0, 0, 6, 7), (4, 6, 6, 0), (4, 3, 6, 3), (5, 4, 6, 2), (3, 4, 6, 3), (1, 3, 6, '?'), ('?', 1, 6, 3), (2, '?', 6, 1), (4, 0, 6, 1), ('?', 1, 6, '?'), (7, '?', 6, 6), ('?', 6, 6, 0), (5, 3, 6, 3), (5, 3, 6, 1), (4, '?', 6, 6), (1, 3, 6, 6), (4, 4, 6, 0), (6, 4, 6, 2), (2, 0, 6, 5), ('?', 3, 6, 3), (2, 7, 6, 2), (0, 7, 6, '?'), (7, 1, 6, 5), (3, 4, 6, 0), (3, 4, 6, 3), (6, '?', 6, 1), (2, 0, 6, 3), (5, 1, 6, 0), ('?', '?', 6, 1), (3, 3, 6, 7), (6, 0, 6, '?'), (3, 4, 6, 1), (2, '?', 6, 5), (2, '?', 6, 6), (6, '?', 6, 7), (4, 3, 6, 5), (2, 4, 6, 1), (5, 0, 6, 1), (2, 3, 6, '?'), (1, '?', 6, 0), (7, 1, 6, 1), ('?', '?', 6, 3), (6, 0, 6, 7), ('?', 1, 6, 5), (4, 6, 6, 1), (4, 4, 6, 1), (2, 3, 6, 3), (6, '?', 6, 1), (1, 6, 6, '?'), (4, 1, 6, 5), (6, 3, 6, 1), (2, 0, 6, 6), (3, '?', 6, 2), (0, 0, 6, 6), (3, 6, 6, 6), (4, 6, 6, '?'), (7, 4, 6, 7), (3, 0, 6, 7), (3, 0, 6, 2), (1, 0, 6, 0), (2, 0, 6, 0), (5, 3, 6, 1), (7, 4, 6, 5), (2, '?', 6, 7), ('?', 4, 6, 2), (6, 3, 6, 4), (1, 3, 6, '?'), (4, 7, 6, 0), (2, 4, 6, '?'), (6, '?', 6, 5), (4, 0, 6, 0), (5, 1, 6, 7), (6, 3, 6, 2), (4, 3, 6, 7), (2, 1, 6, 3), ('?', 1, 6, 4), (0, '?', 6, 6), (7, 7, 6, 2), (1, 3, 6, 0), (5, 7, 6, 3), (5, 0, 6, 7), (2, 0, 6, 5), (5, 0, 6, 1), (2, 7, 6, 2), (1, 3, 6, 7), ('?', 1, 6, 5), (0, 7, 6, '?'), (1, '?', 6, 3), (6, 4, 6, 7), (1, 7, 6, 5), (5, 0, 6, 4), (2, 0, 6, 4), (6, 1, 6, 7), (2, 6, 6, 4), (5, 0, 6, '?'), (2, 4, 6, 0), (4, 6, 6, 7), ('?', 7, 6, 5), (0, 0, 6, 0), (1, 6, 6, 6), (7, 0, 6, 5), (2, 7, 6, 3), (4, '?', 6, 2), (0, 6, 6, 6), (6, 0, 6, 3), (3, 7, 6, 7), (3, 1, 6, 3), (5, 4, 6, 2), (1, 6, 6, 3), (5, 0, 6, 5), (7, 4, 6, 6), (2, 6, 6, 3), (3, 7, 6, 0), (2, 7, 6, 1), (3, 7, 6, 0), ('?', 7, 6, '?'), (7, '?', 6, 5), (4, 6, 6, 0), (0, '?', 6, 5), (1, 4, 6, 6), (5, '?', 6, 5), (0, 6, 6, 1), (4, '?', 6, 3), (5, '?', 6, 1), (0, '?', 6, 1), ('?', '?', 6, 5), ('?', 3, 6, '?'), (2, 4, 6, 1), ('?', 7, 6, 7), (7, 3, 6, 1), ('?', '?', 6, 6), (1, 7, 6, 2), (6, 0, 6, 0), (2, '?', 6, 1), (2, 0, 6, 0), (1, 0, 6, 5), (7, 3, 6, 1), (6, 6, 6, 2), (6, 6, 6, '?'), (5, 0, 6, 2), (4, 0, 6, 5), (2, 3, 6, '?'), (4, '?', 6, 3), (2, 2, 6, 0), (7, 7, 6, 7), (0, 3, 6, 3), (2, 3, 6, 0), (0, 6, 6, 2), (5, '?', 6, '?'), ('?', 0, 6, '?'), (7, 4, 6, 1), (3, 1, 6, 7), (0, '?', 6, 6), (0, '?', 6, '?'), ('?', '?', 6, '?'), (0, 4, 6, 6), (2, '?', 6, 4), (4, 1, 6, 3), ('?', '?', 6, '?'), (7, 4, 6, 0), (5, 7, 6, '?'), (6, 4, 6, 2), (3, 1, 6, 7), (6, 6, 6, 2), (6, 0, 6, '?'), (4, 4, 6, 2), (4, '?', 6, '?'), (7, 7, 6, 1), (0, 7, 6, 6), (0, 7, 6, 5), (4, 6, 6, 7), (1, 0, 6, 3), (7, 6, 6, 4), (7, '?', 6, 0), (5, '?', 6, 0), (6, 7, 6, 1), (6, 3, 6, 7), (5, 3, 6, 1), (1, 3, 6, 1), (6, 7, 6, 3), (1, 0, 6, 6), ('?', 0, 6, 4), ('?', '?', 6, 2), ('?', 4, 6, 2), (3, 0, 6, 7), (2, 7, 6, 4), (4, 3, 6, 2), (4, 3, 6, 7), (2, 3, 6, 1), (0, 3, 6, 3), (4, '?', 6, 1), (7, 0, 6, 7), (1, '?', 6, 3), (4, 0, 6, 0), (1, 6, 6, 0), (7, 3, 6, 0), (2, 6, 6, 1), (7, 4, 6, 5), (3, 3, 6, 7), (3, '?', 6, 4), (7, 4, 6, 2), (5, 3, 6, 7), (6, 4, 6, 7), (3, 0, 6, '?'), (5, 3, 6, '?'), (1, 4, 6, 7), (7, 3, 6, 4), (3, '?', 6, 3), ('?', 3, 6, '?'), (0, 3, 6, 0), (5, 3, 6, '?'), (6, 0, 6, 1), (0, 7, 6, 3), (2, 6, 6, 1), ('?', '?', 6, 4), (6, '?', 6, 7), (6, 1, 6, 5), ('?', 3, 6, '?'), (6, 4, 6, 2), (1, '?', 6, 0), (4, 1, 6, 3), (0, 0, 6, 2), (7, 7, 6, 4), (4, '?', 6, '?'), (6, 1, 6, 1), (5, 3, 6, 2), (0, 0, 6, 5), ('?', 4, 6, 2), (2, 0, 6, 5), (6, 1, 6, 0), (5, 0, 6, 2), (6, 1, 6, 7), (4, 7, 6, 6), ('?', 0, 6, 0), (7, '?', 6, 3), (0, 3, 6, 3), (4, '?', 6, 2), (5, 7, 6, 3), (4, '?', 6, '?'), (5, 7, 6, 5), (4, 7, 6, 6), ('?', 4, 6, 0), ('?', 3, 6, 3), (1, 0, 6, 2), (7, 0, 6, 3), (1, 6, 6, 3), (4, 7, 6, 4), (3, 6, 6, 1), (3, 3, 6, 6), ('?', 6, 6, 5), ('?', '?', 6, 0), (6, 7, 6, 4), (5, 3, 6, 3), (3, 6, 6, 0), (0, 7, 6, 1), ('?', 4, 6, 0), (7, '?', 6, 3), (2, 0, 6, 6), (6, 4, 6, 7), (4, '?', 6, 5), (1, 7, 6, 6), ('?', 7, 6, 0), (6, '?', 6, 5), (2, 0, 6, 3), (3, 3, 6, 2), (0, '?', 6, '?'), (2, 0, 6, 5), (3, 3, 6, 7), (3, 0, 6, 7), (5, 7, 6, 3), (0, 3, 6, 1), (3, 6, 6, 4), (2, 3, 6, '?'), (7, 4, 6, 5), (0, '?', 6, 4), (1, 0, 6, 1), (6, 4, 6, 2), (7, '?', 6, 3), (7, '?', 6, 4), (2, 0, 6, 4), (1, 7, 6, 5), (1, '?', 6, 7), (2, 2, 6, 7), ('?', 7, 6, 3), (0, 0, 6, '?'), (1, '?', 6, 3), (5, 7, 6, 5), (6, 7, 6, 4), (3, 4, 6, 0), (3, 4, 6, '?'), ('?', 3, 6, 6), (6, 0, 6, '?'), (2, 3, 6, 2), (5, 0, 6, 4), (0, 7, 6, 0), (7, 7, 6, 3), (5, 1, 6, 6), (2, '?', 6, 4), (6, 7, 6, 1), (0, 3, 6, '?'), (4, 7, 6, 0), (1, '?', 6, 7), (1, 3, 6, 2), (0, 7, 6, 0), (2, '?', 6, 5), ('?', 7, 6, 2), (3, 6, 6, 1), (1, 4, 6, '?'), (4, 3, 6, 1), (6, 4, 6, 5), (5, 7, 6, 2), (6, 0, 6, 2), (1, '?', 6, 3), (2, 6, 6, 3), (3, 7, 6, 5), (5, 3, 6, 7), (3, 7, 6, 3), (1, 6, 6, 6), (5, '?', 6, 1), (5, 7, 6, 5), (7, 4, 6, 1), (4, 4, 6, 2), ('?', 7, 6, 1), (7, 0, 6, '?'), (3, 4, 6, 1), (2, 3, 6, 7), (7, 4, 6, 0), (7, 7, 6, 3), (0, 3, 6, 3), (1, 4, 6, 7), (2, '?', 6, 1), ('?', 4, 6, 6), (4, 4, 6, 1), (3, '?', 6, 0), (0, 6, 6, 0), (5, 4, 6, 2), (2, '?', 6, 7), (5, 0, 6, 0), (6, 4, 6, 1), (3, 0, 6, '?'), (3, 7, 6, 6), (6, '?', 6, 3), (7, 1, 6, 5), (3, 7, 6, '?'), ('?', '?', 6, 7), (5, 1, 6, 0), (7, 7, 6, 2), (0, 0, 6, 0), (1, 1, 6, 7), (6, 7, 6, 1), (3, 1, 6, 3), ('?', 1, 6, 5), (4, '?', 6, 5), (4, 7, 6, 3), (2, 6, 6, 1), (3, 0, 6, 5), (6, '?', 6, '?'), (0, '?', 6, 7), (2, 0, 6, 4), (1, 7, 6, 6), (1, 3, 6, 7), (7, 7, 6, 3), (1, 4, 6, 2), (1, 3, 6, 6), (2, 0, 6, 5), (2, 0, 6, 1), (5, 3, 6, 2), (5, 4, 6, '?'), (3, 0, 6, 2), ('?', 3, 6, 6), (4, '?', 6, '?'), (3, 6, 6, 0), (6, 4, 6, 6), (6, 1, 6, 6), (0, 7, 6, '?'), (5, '?', 6, 2), (3, '?', 6, 7), (1, 1, 6, 5), (7, 6, 6, '?'), (3, 7, 6, 3), (4, '?', 6, '?'), (6, 6, 6, 1), (6, 7, 6, 2), (6, 3, 6, 7), (1, 4, 6, 6), (2, 0, 6, 6), (7, 1, 6, '?'), (5, 1, 6, 7), (3, 2, 6, 1), ('?', 0, 6, 1), (0, 7, 6, 4), (3, 0, 6, 5), (5, 6, 6, 1), (3, 7, 6, 6), (4, 4, 6, 1), (3, 0, 6, 5), (2, 6, 6, 1), (0, '?', 6, 5), (2, 3, 6, 2), (4, 6, 6, 6), (3, 4, 6, 0), (4, 7, 6, 2), (0, 0, 6, 5), (3, 0, 6, 0), (2, 3, 6, 6), (6, 6, 6, 5), (4, 7, 6, '?'), (6, 1, 6, 0), (6, 4, 6, '?'), (3, 4, 6, '?'), (1, 6, 6, 5), (3, '?', 6, '?'), (6, 4, 6, 2), (1, 3, 6, 0), (6, 7, 6, 6), (5, 7, 6, 3), (1, 1, 6, 5), (6, 1, 6, 6), (4, 0, 6, 1), (0, 3, 6, 0), (3, 6, 6, 7), ('?', 7, 6, 6), (5, 1, 6, 6), (4, 6, 6, 6), (1, 6, 6, 7), (5, 0, 6, 1), (0, '?', 6, 7), (7, 7, 6, 3), (1, 6, 6, '?'), ('?', 4, 6, 0), (4, 7, 6, 6), (5, 7, 6, 5), ('?', '?', 6, 4), (1, 3, 6, 3), (1, 4, 6, 6), (1, 1, 6, '?'), (3, 0, 6, 0), ('?', 1, 6, 3), (0, 7, 6, '?'), (1, 7, 6, 5), (3, '?', 6, 3), (5, 1, 6, 6), (7, '?', 6, 2), (1, 7, 6, 1), (5, '?', 6, 7), (0, 7, 6, 7), (4, 3, 6, 5), (3, 0, 6, 1), (0, 7, 6, 1), (4, '?', 6, 7), (5, 0, 6, 1), (3, '?', 6, '?'), (7, 7, 6, '?'), (6, 7, 6, 4), (2, 3, 6, 7), (7, '?', 6, 4), (5, 1, 6, 3), (7, 3, 6, '?'), ('?', '?', 6, 5), (0, 7, 6, 4), (5, 1, 6, 0), ('?', 4, 6, '?'), (6, 0, 6, 4), (0, 6, 6, '?'), (0, 4, 6, 7), (6, 6, 6, 4), (4, 4, 6, 5), (2, 7, 6, 1), (0, 0, 6, 0), ('?', '?', 6, 5), (3, 0, 6, 3), (4, '?', 6, 4), (0, 6, 6, 2), ('?', 1, 6, 3), (7, 3, 6, 6), (1, 0, 6, 5), (4, '?', 6, 1), (6, 1, 6, 5), (0, 6, 6, 6), (6, '?', 6, 7), (6, 1, 6, 7), (0, 3, 6, 3), (7, 0, 6, 7), (6, 3, 6, '?'), (3, 3, 6, 5), (6, 6, 6, 1), (6, 3, 6, 2), (1, 4, 6, 6), (5, 0, 6, 0), (5, 0, 6, 5), (3, 7, 6, 5), ('?', 3, 6, 4), (6, 4, 6, 2), (0, 3, 6, 1), (1, 1, 6, 5), (3, 0, 6, 2), (7, 4, 6, 1), (7, 6, 6, 4), ('?', '?', '?', 0), (5, 1, 6, 6), (0, 7, 6, 6), (4, 6, 6, 7), (0, '?', 6, 4), (7, 7, 6, 0), (5, 7, 6, 0), (7, 6, 6, 1), (6, 3, 6, 2), (2, 7, 6, 4), (4, 3, 6, 2), (7, 4, 6, '?'), (2, 7, 6, 2), (4, '?', 6, 1), (0, 6, 6, 0), (7, 4, 6, 0), ('?', 7, 6, 7), (6, 7, 6, 3), (0, 3, 6, 6), (4, '?', 6, 4), (1, 6, 6, 0), (5, 1, 6, 0), (6, '?', 6, 5), (4, 4, 6, 7), (5, '?', 6, 3), (4, 4, 6, 5), (7, 4, 6, 1), ('?', '?', 6, '?'), (2, 6, 6, 1), (5, 3, 6, 2), (0, 7, 6, 1), ('?', 3, 6, 3), ('?', 3, 6, 7), (6, 3, 6, 7), (1, 6, 6, 6), (5, '?', 6, 2), (5, 3, 6, 6), (2, 6, 6, '?'), (5, '?', 6, 1), (6, 6, 6, '?'), (1, 6, 6, 4), ('?', 7, 6, 6), ('?', 7, 6, 6), ('?', '?', 6, 5), (4, 6, 6, 4), (7, 4, 6, 5), (7, 2, 6, 5), (4, 6, 6, '?'), ('?', 3, 6, 2), (5, 1, 6, 7), (7, 3, 6, 3), (3, 3, 6, 3), (7, '?', 6, 2), (0, '?', 6, '?'), (7, 3, 6, 4), (6, 7, 6, 7), (5, 0, 6, 6), (4, 6, 6, 6), (1, 0, 6, 1), (5, 3, 6, 1), (6, 7, 6, 7), (6, 4, 6, 7), (6, 7, 6, 3), (5, 0, 6, 7), (6, 3, 6, 7), ('?', 0, 6, 0), (4, 6, 6, 4), (2, '?', 6, 4), (5, 4, 6, '?'), (5, '?', 6, 0), (4, '?', 6, 4), (1, 7, 6, 6), (5, 7, 6, 0), (2, 6, 6, 7), ('?', 6, 6, 5), (0, 6, 6, 0), ('?', 4, 6, 1), (6, '?', 6, 1), (5, 7, 6, 5), (2, 3, 6, 3), ('?', '?', 6, 1), (6, 3, 6, 1), (3, 1, 6, 6), (1, 4, 6, 2), (0, '?', 6, 0), (0, 6, 6, 0), (3, 6, 6, 3), (4, 6, 6, 1), (0, 6, 6, 2), (0, 7, 6, 3), (5, 3, 6, 4), (3, 4, 6, 6), (5, '?', 6, 7), (1, 6, 6, 6), (3, 0, 6, 1), (5, '?', 6, '?'), (0, 6, 6, '?'), ('?', '?', 6, 6), (2, 2, 6, 7), ('?', 7, 6, 0), (6, '?', 6, 0), (1, 7, 6, 2), (2, 4, 6, 0), (3, 4, 6, 7), (4, '?', 6, 3), (2, 3, 6, 7), (0, 6, 6, 0), (3, '?', 6, 7), ('?', 3, 6, 0), (7, '?', 6, 6), (4, 6, 6, 5), (0, 3, 6, 5), (5, 7, 6, 4), ('?', '?', 6, 1), (2, 7, 6, 2), (3, 3, 6, 4), (6, 6, 6, 1), (2, 7, 6, 0), (5, '?', 6, '?'), (7, 7, 6, 1), (4, 3, 6, 7), (1, 3, 6, 6), (6, '?', 6, 0), (1, 3, 6, 3), (7, 4, 6, 7), (1, 7, 6, 1), (0, 7, 6, 5), (6, 0, 6, 1), (1, 7, 6, 3), (1, 3, 6, '?'), (7, 1, 6, '?'), (1, 0, 6, 0), (1, '?', 6, 6), (7, 0, 6, 2), (2, 6, 6, 4), ('?', 6, 6, 5), (2, 1, 6, 7), (7, 3, 6, 6), (0, 6, 6, 2), (7, 7, 6, 7), (3, '?', 6, '?'), (6, 6, 6, 6), ('?', 7, 6, 2), (0, '?', 6, 1), (0, '?', 6, 2), (4, 7, 6, 2), (0, 3, 6, 3), (2, '?', 6, 5), (7, 0, 6, 3), ('?', 3, 6, '?'), (3, 0, 6, 1), ('?', 4, 6, 5), (4, 1, 6, 3), (5, 7, 6, 5), (6, 1, 6, 1), (1, 7, 6, 3), ('?', 3, 6, 5), (0, 3, 6, 1), (7, 6, 6, 5), (1, 6, 6, 0), ('?', 0, 6, 1), (5, 0, 6, '?'), (4, 6, 6, 3), (2, 3, 6, 2), (7, '?', 6, 5), (2, 0, 6, 7), (7, '?', 6, 4), (0, 7, 6, 5), (4, 6, 6, 0), (4, 3, 6, 0), (5, 7, 6, 5), (7, 4, 6, 0), ('?', 0, 6, 2), (5, 1, 6, 5), (2, '?', 6, 3), (5, 3, 6, 5), (3, 1, 6, 6), (5, 7, 6, 7), (4, 3, 6, 0), (6, '?', 6, 3), (6, '?', 6, 6), (5, 7, 6, '?'), (6, 3, 6, 7), (4, 3, 6, 1), (5, 7, 6, 1), ('?', 4, 6, '?'), (5, 7, 6, 5), (2, 6, 6, 1), (6, 6, 6, '?'), (1, 6, 6, 4), (4, 3, 6, 1), (7, 7, 6, '?'), (6, 3, 6, 7), (7, 6, 6, 6), (1, 0, 6, 0), ('?', 3, 6, '?'), (0, 6, 6, 1), (7, 6, 6, '?'), (6, 7, 6, 4), (2, 7, 6, 6), (1, 4, 6, 2), ('?', 6, 6, 4), (3, 4, 6, 0), (1, 6, 6, 6), (7, 4, 6, '?'), (2, 3, 6, 6), (5, '?', 6, 3), (3, '?', 6, 6), (5, 7, 6, 7), (5, 1, 6, 3), (2, 3, 6, '?'), (6, 6, 6, 3), ('?', 6, 6, 2), (0, '?', 6, 0), (6, 0, 6, 7), (0, '?', 6, 6), (6, 1, 6, 1), (6, 7, 6, 6), (0, 7, 6, 3), (4, 7, 6, '?'), ('?', 6, 6, '?'), (2, 0, 6, 6), (5, 3, 6, 2), (0, 6, 6, 1), ('?', 3, 6, 4), (6, '?', 6, 1), (2, 3, 6, 3), (6, 4, 6, '?'), (4, 7, 6, 7), (4, 3, 6, 3), (0, 7, 6, 0), (4, 3, 6, 0), (7, 7, 6, 0), ('?', 1, 6, 2), (3, '?', 6, 6), (7, 7, 6, 2), (5, 6, 6, '?'), (7, '?', 6, 3), (6, 6, 6, '?'), (3, 1, 6, 7), (2, 6, 6, 1), (7, 0, 6, 3), (7, 1, 6, 5), (3, 1, 6, 3), (3, 4, 6, 7), (2, 0, 6, 0), (5, 0, 6, 3), (4, '?', 6, 7), ('?', 6, 6, 4), (2, 0, 6, '?'), (3, 7, 6, 5), ('?', 3, 6, 6), (7, 7, 6, 2), (5, 6, 6, 0), (3, 1, 6, 7), (6, 0, 6, 2), ('?', '?', 6, 2), ('?', 1, 6, 0), (5, 7, 6, 7), (0, '?', 6, 5), ('?', 1, 6, '?'), (2, 1, 6, 7), (5, '?', 6, 6), (2, '?', 6, 0), (5, 4, 6, 0), (6, 6, 6, 6), (2, 4, 6, 0), ('?', 4, 6, 6), (7, '?', 6, 2), (1, 3, 6, 7), (2, 3, 6, 7), (3, 3, 6, 4), ('?', '?', 6, 5), ('?', 1, 6, 2), (5, 5, 6, 3), ('?', 0, 6, 3), (1, 7, 6, 7), (6, 6, 6, 1), (3, 7, 6, 7), (0, '?', 6, 5), (7, 7, 6, 4), (7, 6, 6, 7), (4, '?', 6, 2), (6, 6, 6, 3), (1, 0, 6, 0), (6, 1, 6, '?'), (0, 7, 6, 0), (1, 3, 6, '?'), (0, 0, 6, 5), ('?', 0, 6, 0), (5, 6, 6, 1), (6, '?', 6, 3), ('?', 3, 6, 4), (3, 3, 6, 2), (2, 6, 6, '?'), (5, '?', 6, 3), ('?', 7, 6, 6), (5, 0, 6, 2), (3, 3, 6, 6), (7, 3, 6, 3), (3, 6, 6, 6), (2, 0, 6, 7), (0, 7, 6, 6), (0, 7, 6, 0), (5, 3, 6, 5), (7, 3, 6, 6), (5, 0, 6, '?'), (5, 3, 6, 5), (7, 6, 6, 6), (3, 7, 6, 0), (3, '?', 6, 5), (6, 3, 6, 0), (1, '?', 6, 6), (7, '?', 6, 7), (6, '?', 6, 0), (6, 0, 6, 5), ('?', 0, 6, 3), ('?', '?', 6, 3), (6, 6, 6, 4), (6, '?', 6, 7), ('?', 7, 6, '?'), (2, 7, 6, 7), (7, '?', 6, 0), (0, 1, 6, 6), (5, '?', 6, 7), (1, 7, 6, 2), ('?', 0, 6, '?'), (2, 3, 6, 6), (7, 7, 6, 7), (7, 0, 6, 7), (6, 4, 6, 7), ('?', 1, 6, '?'), (5, '?', 6, 6), (5, 3, 6, '?'), (6, '?', 6, 6), (4, 3, 6, 5), (4, 7, 6, 7), (6, 1, 6, 1), (2, 1, 6, 3), (0, '?', 6, 5), (3, 7, 6, 3), (0, 6, 6, 0), (0, 7, 6, 4), (5, 3, 6, '?'), (3, 3, 6, 5), (5, 3, 6, 2), ('?', 3, 6, 4), (2, 3, 6, '?'), (6, 4, 6, '?'), (6, 4, 6, 0), (6, '?', 6, 3), (2, 3, 6, 2), (1, 7, 6, 1), ('?', 6, 6, 4), (6, 0, 6, 2), (6, 3, 6, '?'), (0, 3, 6, 5), ('?', 1, 6, 0), (4, '?', 6, 4), (5, 3, 6, 5), (3, 7, 6, 4), (4, 6, 6, 0), (1, '?', 6, 3), (0, 6, 6, 2), (1, 7, 6, 4), (0, 0, 6, 5), (4, '?', 6, 3), ('?', 6, 6, 2), (2, 6, 6, 1), (6, 1, 6, '?'), (3, 4, 6, 1), (3, 3, 6, 6), (3, 3, 6, 7), (3, 7, 6, 4), (6, 0, 6, 5), (5, 1, 6, 7), (1, 4, 6, 6), (3, 7, 6, 7), (2, 6, 6, 4), (5, 7, 6, 7), (6, 4, 6, 2), ('?', 4, 6, 5), (0, 0, 6, 7), ('?', 4, 6, '?'), (6, 6, 6, 6), (6, 0, 6, 0), (6, 6, 6, 7), (6, 3, 6, 4), (6, 4, 6, 1), (3, 4, 6, 6), (3, '?', 6, 0), (0, 7, 6, 1), (2, 4, 6, 4), (2, 6, 6, 7), (3, 1, 6, 6), (5, 0, 6, 7), (7, 7, 6, '?'), (3, 7, 6, '?'), (0, '?', 6, 4), (2, 6, 6, '?'), (4, 6, 6, '?'), (6, 6, 6, 4), ('?', 1, 6, 2), (2, 0, 6, 4), (7, 4, 6, 2), (1, 7, 6, 3), (7, 3, 6, 1), ('?', 6, 6, 5), (1, 0, 6, 4), (2, 0, 6, 6), (5, 6, 6, 1), (6, '?', 6, 7), (6, 7, 6, 2), (3, '?', 6, 3), (5, 6, 6, 0), ('?', '?', 6, 3), (3, '?', 6, 7), (5, 0, 6, 7), (6, 3, 6, 0), (6, 3, 6, 2), (7, 0, 6, 4), (3, 3, 6, 7), (1, '?', 6, 6), (2, 6, 6, 0), (5, 7, 6, 0), (7, 3, 6, 7), (6, 4, 6, 2), (4, 3, 6, 0), ('?', 3, 6, 4), (5, 1, 6, 5), (5, 0, 6, 1), (7, 4, 6, 7), (4, 3, 6, 4), (2, 6, 6, 7), (3, 4, 6, 3), (2, 6, 6, 7), (6, 6, 6, 5), (7, 2, 6, 5), ('?', '?', 6, 1), (0, 0, 6, 0), (1, 4, 6, 7), (1, 0, 6, 7), ('?', 4, 6, 0), (6, 7, 6, 4), (0, '?', 6, 7), ('?', 3, 6, 7), ('?', 7, 6, 7), (5, 0, 6, 0)]"
"(4, 4, 4, 5, 0)","[(5, 5, 6, 2), (5, 5, 6, 2), (5, 5, 6, 1), (5, 5, 6, 5)]"
"(4, 4, 4, 10, 0)","[(5, 6, 6, 2), (0, 6, 6, 7), (0, 6, 6, 7), (7, 6, 6, 0), (3, 6, 6, '?'), (1, 6, 6, 2), (5, 6, 6, 0), (1, 6, 6, 5), (5, 6, 6, 2), (5, 6, 6, 0), (7, 6, 6, '?'), (0, 6, 6, 1), (5, 6, 6, 1), (5, 6, 6, 1), (3, 6, 6, 1), (5, 6, 6, 1), (7, 6, 6, 4), (3, 6, 6, 1), (7, 6, 6, 4), (7, 6, 6, 4), (1, 6, 6, 3), (5, 6, 6, 1), (3, 6, 6, 3), (5, 6, 6, 7), (7, 6, 6, 4), (7, 6, 6, 4)]"
"(4, 4, 4, 15, 0)","[(2, 3, 6, 6), (1, 3, 6, 5), (1, 3, 6, 6), (1, 3, 6, 5), (1, 3, 6, 5)]"
"(4, 4, 4, 16, 0)","[(6, 1, 6, '?'), (6, 1, 6, 6), ('?', 1, 6, 6), (7, 1, 6, 2), (6, 1, 6, 5), (7, 1, 6, 1), ('?', 1, 6, '?'), (7, 1, 6, 5), (6, 1, 6, 6), (5, 1, 6, 5), (7, 1, 6, 5), (7, 1, 6, 5), (7, 1, 6, 0), (0, 1, 6, 0), (0, 1, 6, 2), ('?', 1, 6, 0), (7, 1, 6, 1), (0, 1, 6, 1), (7, 1, 6, 6), (6, 1, 6, 5), (6, 1, 6, '?'), ('?', 1, 6, 5), (7, 1, 6, 0), ('?', 1, 6, 0), (6, 1, 6, 1), (7, 1, 6, 2), (6, 1, 6, 2), (2, 1, 6, '?'), ('?', 1, 6, 6), ('?', 1, 6, 2), (2, 1, 6, 0), (0, 1, 6, 0)]"
"(4, 4, 4, 19, 0)","[(0, 0, 6, 4), (4, 0, 6, 0), (4, 0, 6, 3), (6, 0, 6, 5), (0, 0, 6, 7), (0, 0, 6, 4), (6, 0, 6, '?'), (5, 0, 6, 5), (2, 0, 6, 3), (6, 0, 6, 4), (6, 0, 6, 5), (3, 0, 6, 1), (0, 0, 6, 4), (5, 0, 6, '?'), (6, 0, 6, 4), (0, 0, 6, 4), ('?', 0, 6, 4), (0, 0, 6, 7), (3, 0, 6, 1), (3, 0, 6, 4), (4, 0, 6, 1), (2, 0, 6, 1), ('?', 0, 6, 4), (6, 0, 6, 2)]"
"(4, 4, 4, 20, 0)","[(4, '?', 6, 3), (4, 4, 6, 7), (4, '?', 6, 2), (4, '?', 6, 1), (4, 4, 6, 5), (4, 4, 6, 2), (4, 4, 6, 6), (3, 4, 6, '?'), (5, 4, 6, 1), (4, 4, 6, 0), (4, 4, 6, 1), (4, 4, 6, 1), (4, 4, 6, 6), (4, 4, 6, 3), (4, 4, 6, 5), (4, 3, 6, 1), (5, 4, 6, 2)]"
"(4, 4, 4, 21, 0)","[('?', 1, 6, 0), (1, '?', 6, 5), (5, 4, 6, 3), (3, 3, 6, 3), (3, 1, 6, 1), (3, 7, 6, 4), (5, 1, 6, 0), (3, 3, 6, 4), (5, 1, 6, 5), (4, 1, 6, 5)]"
"(4, 4, 4, 23, 0)","[(7, 2, 6, 5), ('?', 2, 6, '?'), (5, 4, 6, 2), (6, 2, 6, 1), (3, 4, 6, 7), (5, 2, 6, 7), (7, 2, 6, 5), (2, 2, 6, 0), (7, 2, 6, 6), ('?', 2, 6, 0), (7, 2, 6, 6), (7, 2, 6, 6), (4, 2, 6, 1), (5, 2, 6, 7), (3, 2, 6, 1), (4, 2, 6, 0), (2, 2, 6, 3), (1, 2, 6, 7), (1, 2, 6, 7), (4, 2, 6, 5), (7, 2, 6, 2), (6, 2, 6, 5), (4, 2, 6, 0), ('?', 2, 6, 5), (2, 2, 6, 7), (5, 2, 6, 7), (2, 2, 6, 1), (7, 2, 6, 6), (2, 2, 6, 4), (7, 2, 6, 6), (7, 2, 6, 6), (2, 2, 6, 1), (3, 2, 6, 7)]"
"(4, 4, 4, 27, 0)","[(1, 7, 6, 5), (1, 7, 6, 4), (2, 7, 6, 6), (1, 7, 6, 4), (1, 7, 6, 4), (2, 7, 6, 4), ('?', 7, 6, 7)]"
"(4, 4, 5, 5, 0)","[(5, 5, 6, 4), (5, 5, 6, 2), (7, 5, 6, 7), (5, 5, 6, 0), (5, 5, 6, 3), (5, 5, 6, 3), (6, 5, 6, 7), (5, 5, 6, 2), (6, 5, 6, 7), (5, 5, 6, 3), (5, 5, 6, 5), (5, 5, 6, 0), (5, 5, 6, 5), (5, 5, 6, 3), (5, 5, 6, 1), (5, 5, 6, 3), (5, 5, 6, 1), (5, 5, 6, 3), (5, 5, 6, 3), (5, 5, 6, 0), (5, 5, 6, 1), ('?', 5, 6, 2), (5, 5, 6, 4), (5, 5, 6, 4), (5, 5, 6, 0), (2, '?', 6, 6), (5, 5, 6, 0), (5, 5, 6, 5), (5, 5, 6, 0), (6, 5, 6, 7), (5, 5, 6, 2), (3, 5, 6, 7), ('?', 5, 6, '?'), ('?', 5, 6, '?'), (5, 5, 6, 6), (5, 5, 6, 1), (7, 5, 6, 5), (6, 5, 6, '?'), (5, 5, 6, 6), (5, 5, 6, 2), (5, 5, 6, 1), (5, 5, 6, 4), (5, 5, 6, 3), (5, 5, 6, 1)]"
"(4, 4, 9, 4, 0)","[(6, 4, 6, 6)]"
"(4, 4, 10, 4, 0)","[(7, 6, 6, 1), (4, 6, 6, 3), (0, 6, 6, 1), (3, 6, 6, 4), (4, 6, 6, 7)]"
"(4, 4, 10, 10, 0)","[(7, 6, 6, 1), (5, 6, 6, '?'), (1, 6, 6, 5), (4, 6, 6, 5), (7, 6, 6, 5), (7, 6, 6, 2), (7, 6, 6, 5), (5, 6, 6, 7), (7, 6, 6, 2), (7, 6, 6, 0), (7, 6, 6, 5), (4, 6, 6, 3), (4, 6, 6, 3), (7, 6, 6, 0), (5, 6, 6, 2), (0, 6, 6, 2), (7, 6, 6, 5), (7, 6, 6, 6), (0, 6, 6, 7), (5, 6, 6, 5), (7, 6, 6, 0), (7, 6, 6, 0), (1, 6, 6, 5), ('?', 6, 6, 2), (4, 6, 6, 5), (1, 6, 6, 5), (7, 6, 6, 4), (0, 6, 6, 7), (7, 6, 6, 0), (5, 6, 6, 5), (3, 6, 6, 2), (5, 6, 6, 5), (5, 6, 6, '?'), (7, 6, 6, 0), (5, 6, 6, '?'), (5, 6, 6, 2), (5, 6, 6, 0), (5, 6, 6, 7), (7, 6, 6, 4), (5, 6, 6, 2), (7, 6, 6, 2), (7, 6, 6, 2)]"
"(4, 4, 15, 4, 0)","[(4, 3, 6, 4), (4, 3, 6, 2), (2, 3, 6, 2), (2, 3, 6, 6), (4, 3, 6, 4), (3, 3, 6, 2)]"
"(4, 4, 15, 15, 0)","[(2, 3, 6, 0), ('?', 3, 6, 5), (1, 3, 6, 5), (2, 3, 6, 4), ('?', 3, 6, 2), (2, 3, 6, 2), (2, 3, 6, 4), (2, 3, 6, 0), (5, 3, 6, 4), (1, 3, 6, 1), (2, 3, 6, 2), (1, 3, 6, 5)]"
"(4, 4, 16, 4, 0)","[(2, 1, 6, 1)]"
"(4, 4, 16, 16, 0)","[(6, 1, 6, 2), (7, 1, 6, 6), (2, 1, 6, 1), (0, 1, 6, 6), (0, 1, 6, 5), (6, 1, 6, 7), (6, 1, 6, 7), (0, 1, 6, '?'), (1, 1, 6, 7), (0, 1, 6, 5), (6, 1, 6, 1), (6, 1, 6, 1), (0, 1, 6, 2), (6, 1, 6, 7), (6, 1, 6, 7), (7, 1, 6, 0), (7, 1, 6, 1), (7, 1, 6, '?'), (7, 1, 6, 2), (2, 1, 6, '?'), (0, 1, 6, '?'), (2, 1, 6, 1), (0, 1, 6, 2), ('?', 1, 6, '?'), (0, 1, 6, '?'), (0, 1, 6, 5), (0, 1, 6, 5), (0, 1, 6, '?'), (7, 1, 6, '?'), (7, 1, 6, 2), (0, 1, 6, 5), (0, 1, 6, 1), (0, 1, 6, 0), (7, 1, 6, 2), (6, 1, 6, 2), (6, 1, 6, 5), (3, 1, 6, 4), ('?', 1, 6, 2), (7, 1, 6, 0), (0, 1, 6, 1), ('?', 1, 6, 6), (0, 1, 6, 4), (0, 1, 6, 0), (0, 1, 6, 2), ('?', 1, 6, 6), (7, 1, 6, 6), (0, 1, 6, '?'), (0, 1, 6, '?'), (6, 1, 6, 6), (2, 1, 6, 6), (6, 1, 6, '?'), (7, 1, 6, 2), (5, 1, 6, 5), (0, 1, 6, 2), (2, 1, 6, '?'), (0, 1, 6, 5), (2, 1, 6, 3), (5, 1, 6, 5), (6, 1, 6, 0), (6, 1, 6, 0), (7, 1, 6, 6), (0, 1, 6, '?'), (0, 1, 6, 4), (0, 1, 6, 5), (7, 1, 6, '?'), (7, 1, 6, 6), (0, 1, 6, 6), (0, 1, 6, '?'), (7, 1, 6, 6), (0, 1, 6, 6), (7, 1, 6, '?'), (2, 1, 6, '?'), (0, 1, 6, 2), (0, 1, 6, 2)]"
"(4, 4, 19, 4, 0)","[('?', 0, 6, 0), (2, 0, 6, 5), (7, 0, 6, 5), (1, 0, 6, 4), ('?', 0, 6, 4), (2, 0, 6, 3), (1, 0, 6, 4), (4, 0, 6, 2), (0, 0, 6, 5), (4, 0, 6, 6), (6, 0, 6, '?'), (3, 0, 6, 6), ('?', 0, 6, 2), (0, 0, 6, 6), ('?', 0, 6, 3), (4, 0, 6, 0), (1, 0, 6, 4), (6, 0, 6, 3), (1, 0, 6, 4), (3, 0, 6, 1), (6, 0, 6, 2)]"
"(4, 4, 19, 19, 0)","[('?', 0, 6, 2), (6, 0, 6, 5), (6, 0, 6, '?'), (2, 0, 6, 1), (6, 0, 6, 3), (2, 0, 6, 5), (2, 0, 6, 3), (2, 0, 6, 1), (7, 0, 6, 5), (4, 0, 6, 2), (6, 0, 6, 5), (4, 0, 6, 3), (4, 0, 6, 3), (4, 0, 6, 7), (0, 0, 6, '?'), (4, 0, 6, 7), (4, 0, 6, 7), (4, 0, 6, 3), (3, 0, 6, 3), ('?', 0, 6, 1), (7, 0, 6, '?'), (0, 0, 6, 2), (4, 0, 6, 6), (4, 0, 6, 0), (6, 0, 6, 2), (1, 0, 6, 4), (6, 0, 6, 3), (6, 0, 6, 3), (4, 0, 6, 6), (7, 0, 6, 2), (4, 0, 6, 2), (2, 0, 6, 3), (6, 0, 6, 4), (4, 0, 6, 0), (0, 0, 6, 0)]"
"(4, 4, 20, 20, 0)","[(4, 4, 6, 2), (4, 0, 6, 0), (4, 4, 6, 0), (4, 4, 6, 0), (4, 4, 6, 6), (4, 4, 6, 1), (4, 4, 6, 2), (4, 4, 6, 5), (4, 4, 6, 3), (4, 4, 6, 6), (4, 4, 6, 3), (4, 4, 6, 3), (4, 4, 6, 5), (4, 4, 6, 6), (4, 4, 6, 3), (4, 4, 6, 0), (4, 4, 6, 0)]"
"(4, 4, 21, 2, 0)","[(3, 4, 6, 3), (5, 4, 6, 3), (5, 4, 6, 3), (5, 4, 6, 1)]"
"(4, 4, 21, 4, 0)","[(5, 4, 6, 1), (1, 1, 6, 5)]"
"(4, 4, 21, 20, 0)","[(4, 1, 6, 5), (5, 4, 6, 2), (4, 1, 6, 5), (4, 1, 6, 0)]"
"(4, 4, 21, 21, 0)","[(1, '?', 6, 5), (3, 3, 6, 4), (3, 3, 6, 3), (1, 0, 6, 0), (3, 3, 6, 3), (1, '?', 6, 6), (3, 0, 6, 0), (1, '?', 6, 6), (3, '?', 6, 3), (5, 4, 6, 1), (3, 3, 6, 4), (1, 1, 6, 5), (5, 4, 6, 1), (1, 1, 6, 5), (3, 3, 6, 3), (3, 2, 6, 1), (5, 4, 6, 1)]"
"(4, 4, 21, 23, 0)","[(7, 2, 6, 1), (3, 2, 6, '?'), (3, 2, 6, 1), (1, 2, 6, 1), (1, 2, 6, 5)]"
"(4, 4, 23, 23, 0)","[('?', 2, 6, 6), (2, 2, 6, 1), (4, 2, 6, 5), (4, 2, 6, 0), (6, 2, 6, 7), (3, 2, 6, 2), (4, 2, 6, 5), (4, 2, 6, 5), (0, 2, 6, 5), (2, 2, 6, 7), (4, 2, 6, 5), (7, 2, 6, 1), (6, 2, 6, '?'), (2, 2, 6, 7), (6, 2, 6, 7), (7, 2, 6, 3), (2, 2, 6, 4), (4, 2, 6, 1), ('?', 2, 6, 5), (7, 2, 6, 2), (7, 2, 6, 5), (2, 2, 6, 1), (2, 2, 6, 6), (2, 2, 6, 7), ('?', 2, 6, 0), (2, 2, 6, 0), (3, 2, 6, 7), (5, 2, 6, 7), (2, 2, 6, 7), (3, 2, 6, 4), (5, 2, 6, 7), (2, 2, 6, 5), (5, 2, 6, 7), (3, 2, 6, 2), (4, 2, 6, 5), (2, 2, 6, 6), (6, 2, 6, 7), (3, 2, 6, 0), (2, 2, 6, 5), (3, 2, 6, 7), (3, 2, 6, 7), (4, 2, 6, 0), (6, 2, 6, 7), (3, 2, 6, 0), (4, 2, 6, 3), (1, 2, 6, 1), (4, 2, 6, 1), (7, 2, 6, 3), (3, 2, 6, 2), (2, 2, 6, 5), (1, 2, 6, 7), (1, 2, 6, '?'), (7, 2, 6, 4), (2, 2, 6, 2), ('?', 2, 6, 0), (5, 2, 6, 1), (6, 2, 6, 4), (2, 2, 6, 4), (7, 2, 6, 1), (4, 2, 6, 0), (7, 2, 6, '?'), (1, 2, 6, 6), ('?', 2, 6, 2), (2, 2, 6, 0), (7, 2, 6, 3), (6, 2, 6, 1), (7, 2, 6, 3), (4, 2, 6, 5), (6, 2, 6, 4), (1, 2, 6, '?'), (2, 2, 6, 7), (7, 2, 6, 1), (7, 2, 6, 3), (7, 2, 6, '?'), ('?', 2, 6, 5), (1, 2, 6, 1), (3, 2, 6, 0), (5, 2, 6, 3), (3, 2, 6, '?'), (2, 2, 6, 6), (2, 2, 6, 4)]"
"(4, 4, 27, 4, 0)","[(2, 7, 6, 4)]"
"(4, 4, 27, 27, 0)","[(2, 7, 6, 4), (1, 7, 6, 2)]"
"(4, 5, 5, 5, 0)","[(4, 5, 6, 7), (7, 5, 6, 2), (5, 5, 6, 4), (7, 5, 6, 2), (0, 5, 6, 3), (0, 5, 6, 2), (3, 5, 6, 1), ('?', 5, 6, 7), (7, 5, 6, 7), (0, 5, 6, '?'), (5, 5, 6, 4), (7, 5, 6, 5), (7, 5, 6, 6), (7, 5, 6, 5), (5, 5, 6, 4), (5, 5, 6, 4), (7, 5, 6, 0), (5, 5, 6, 4), (5, 5, 6, 6), (4, 5, 6, 5), ('?', 5, 6, 7), ('?', 5, 6, 2), (0, 5, 6, 1), (0, 5, 6, '?'), (0, 5, 6, 7), (7, 5, 6, 5), ('?', 5, 6, 6), (5, 5, 6, 6), (1, 5, 6, 3), (7, 5, 6, 5), (0, 5, 6, 6), ('?', 5, 6, 6), (1, 5, 6, 3), (0, 5, 6, 2), (4, 5, 6, 3), (6, 5, 6, 7), ('?', 5, 6, 7), (5, 5, 6, 0), (3, 5, 6, 1), (7, 5, 6, 7), (4, 5, 6, 3), (4, 5, 6, 3), (7, 5, 6, 7), (3, 5, 6, '?'), (4, 5, 6, 7), (6, 5, 6, 3), (7, 5, 6, '?'), (6, 5, 6, 0), (7, 5, 6, '?'), (5, 5, 6, 6), (4, 5, 6, 3), (7, 5, 6, 7), ('?', 5, 6, '?'), (6, 5, 6, 3), (0, 5, 6, 2), (7, 5, 6, 6), (0, 5, 6, 6), (5, 5, 6, 5), ('?', 5, 6, 7), (5, 5, 6, 6), (6, 5, 6, 3), (5, 5, 6, 6), (0, 5, 6, 7), (0, 5, 6, 6), ('?', 5, 6, '?'), (2, 5, 6, 3), (4, 5, 6, 7), (7, 5, 6, 7), (5, 5, 6, 4), (6, 5, 6, 7), (7, 5, 6, 0), (0, 5, 6, 7), (6, 5, 6, '?'), (3, 5, 6, 5), (0, 5, 6, 0), (5, 5, 6, 6), (0, 5, 6, 2), (0, 5, 6, 7), (3, 5, 6, 1), (6, 5, 6, 7), (4, 5, 6, 3), (7, 5, 6, 7), (4, 5, 6, 7), (3, 5, 6, 1), ('?', 5, 6, 0), (3, 5, 6, 1), ('?', 5, 6, 0), (4, 5, 6, 1), (4, 5, 6, 7), (3, 5, 6, 7), (6, 5, 6, 3), (0, 5, 6, '?'), (0, 5, 6, 6), (0, 5, 6, 6), (6, 5, 6, 0), (7, 5, 6, '?'), ('?', 5, 6, 7), (5, 5, 6, 6), ('?', 5, 6, 7), (3, 5, 6, 1), (3, 5, 6, 1), (3, 5, 6, 3), (3, 5, 6, 3), (3, 5, 6, 3), (6, 5, 6, 0), (6, 5, 6, 3), (6, 5, 6, 3), ('?', 5, 6, '?'), (4, 5, 6, 1), (6, 5, 6, 1), (3, 5, 6, 5), (7, 5, 6, 7), (7, 5, 6, 7), (5, 5, 6, 2), ('?', 5, 6, 2), (0, 5, 6, 3), (7, 5, 6, 2), (0, 5, 6, 3), ('?', 5, 6, 2), (7, 5, 6, 5), (0, 5, 6, 6), ('?', 5, 6, 7), (0, 5, 6, 7), (0, 5, 6, 6), (7, 5, 6, 2), (3, 5, 6, 7), (3, 5, 6, 2), ('?', 5, 6, 6), (7, 5, 6, 5)]"
"(4, 10, 4, 4, 0)","[(4, 6, 6, 7)]"
"(4, 10, 4, 10, 0)","[(3, 6, 6, 2), (3, 6, 6, 6), (7, 6, 6, 7), (0, 6, 6, 6)]"
"(4, 10, 10, 4, 0)","[('?', 6, 6, '?')]"
"(4, 10, 10, 10, 0)","[(7, 6, 6, '?'), (7, 6, 6, 2), (7, 6, 6, 6), (5, 6, 6, '?'), (6, 6, 6, 3), (6, 6, 6, 3), (5, 6, 6, 2), (5, 6, 6, 2), (5, 6, 6, 3), (5, 6, 6, '?'), (5, 6, 6, 3), (5, 6, 6, 7), (5, 6, 6, 3), (1, 6, 6, 2), ('?', 6, 6, 2), (5, 6, 6, 5), (0, 6, 6, 7), (7, 6, 6, 1), (0, 6, 6, 7), (7, 6, 6, 1), (5, 6, 6, 2), (7, 6, 6, 7), (7, 6, 6, '?'), (5, 6, 6, 5), (7, 6, 6, 7), (3, 6, 6, 2), (5, 6, 6, '?'), (6, 6, 6, 3), (5, 6, 6, 7), (3, 6, 6, 7), (1, 6, 6, 2), (7, 6, 6, 1), (5, 6, 6, 5), (5, 6, 6, 3), (7, 6, 6, 2), (5, 6, 6, 3), (5, 6, 6, 5), (7, 6, 6, 7), (5, 6, 6, 7), (5, 6, 6, 7), (1, 6, 6, 2), (0, 6, 6, 7), (5, 6, 6, 7), (5, 6, 6, '?'), (7, 6, 6, 2), (5, 6, 6, 4), (7, 6, 6, '?'), (5, 6, 6, 1), (7, 6, 6, 2)]"
"(4, 15, 4, 4, 0)","[(0, 3, 6, 6)]"
"(4, 15, 15, 15, 0)","[(2, 3, 6, 4), ('?', 3, 6, 5), (1, 3, 6, 1), (2, 3, 6, 4), (3, 3, 6, 6), (2, 3, 6, 4), (3, 3, 6, 6), (2, 3, 6, 4), (2, 3, 6, 4)]"
"(4, 16, 16, 16, 0)","[(2, 1, 6, 0), (6, 1, 6, 0), (0, 1, 6, 2), (4, 1, 6, 7), (7, 1, 6, 4), ('?', 1, 6, '?'), (7, 1, 6, 1), (7, 1, 6, '?'), (6, 1, 6, 2), (2, 1, 6, 2), (0, 1, 6, 4), (0, 1, 6, 4), ('?', 1, 6, 6), (4, 1, 6, 0), (6, 1, 6, 5), (0, 1, 6, 4), (7, 1, 6, '?'), (0, 1, 6, 4), (2, 1, 6, 2), (2, 1, 6, 1), (0, 1, 6, 6), (2, 1, 6, 2), (7, 1, 6, 4), ('?', 1, 6, 4), (0, 1, 6, 4), ('?', 1, 6, 4), ('?', 1, 6, 4), (0, 1, 6, 6), (7, 1, 6, 0), (4, 1, 6, 1), (2, 1, 6, 2), (6, 1, 6, '?'), (4, 1, 6, 7), (0, 1, 6, 1), (4, 1, 6, 7), (0, 1, 6, 1), (6, 1, 6, 6), ('?', 1, 6, 6), (2, 1, 6, 3), (2, 1, 6, 6), (2, 1, 6, 2), (4, 1, 6, 7), (2, 1, 6, 3), (2, 1, 6, 1), (4, 1, 6, 0), (7, 1, 6, 0), (6, 1, 6, 2), (7, 1, 6, 4), (2, 1, 6, 3), (2, 1, 6, 6), (7, 1, 6, 0), (2, 1, 6, 6), (7, 1, 6, 2), ('?', 1, 6, 4), (2, 1, 6, 4), (7, 1, 6, 6), (0, 1, 6, 6), (2, 1, 6, 6), (6, 1, 6, 0), (5, 1, 6, 4), (5, 1, 6, 4), (2, 1, 6, '?'), (2, 1, 6, 6), (2, 1, 6, 6), (2, 1, 6, '?'), (7, 1, 6, 2), (2, 1, 6, 2), (6, 1, 6, 2), (2, 1, 6, 0), (5, 1, 6, 4), (2, 1, 6, 4), (0, 1, 6, 0), (0, 1, 6, 6), (2, 1, 6, 3), (2, 1, 6, 6), (3, 1, 6, 4), (7, 1, 6, 6), (0, 1, 6, 4), ('?', 1, 6, 2), (7, 1, 6, 4), (4, 1, 6, 7), (4, 1, 6, 7), (2, 1, 6, 0), (4, 1, 6, 7), (3, 1, 6, 4), (4, 1, 6, 1), (4, 1, 6, 7), (7, 1, 6, 0), (7, 1, 6, 2), (7, 1, 6, 4), (7, 1, 6, 4), (6, 1, 6, 2), (4, 1, 6, 1), (0, 1, 6, 0), (0, 1, 6, 4), (2, 1, 6, 2), (0, 1, 6, 1), (2, 1, 6, 2), (2, 1, 6, '?'), (2, 1, 6, 4), (2, 1, 6, 4), (2, 1, 6, 4), (4, 1, 6, 7), (2, 1, 6, '?'), (2, 1, 6, 6), (7, 1, 6, 4)]"
"(4, 16, 16, 21, 0)","[(5, 1, 6, 4), (5, 1, 6, 4)]"
"(4, 19, 4, 4, 0)","[(7, 0, 6, '?'), (7, 0, 6, 3), (1, 0, 6, 2), (3, 0, 6, 4), (0, 0, 6, 7), (1, 0, 6, 3), (0, 0, 6, 0), (3, 0, 6, 1), (1, 0, 6, 4), (7, 0, 6, '?'), (0, 0, 6, 5), (1, 0, 6, 6)]"
"(4, 19, 4, 19, 0)","[(6, 0, 6, '?'), (0, 0, 6, 6), (3, 0, 6, 6), (1, 0, 6, 3), ('?', 0, 6, '?'), (1, 0, 6, 6)]"
"(4, 19, 19, 4, 0)","[(3, 0, 6, 6), (7, 0, 6, 4), (3, 0, 6, 1), (7, 0, 6, 6)]"
"(4, 19, 19, 19, 0)","[(7, 0, 6, 2), (6, 0, 6, 3), (0, 0, 6, 2), (4, 0, 6, 3), (6, 0, 6, 3), (7, 0, 6, 4), (4, 0, 6, 1), (7, 0, 6, 6), (7, 0, 6, 4), (6, 0, 6, 2), (7, 0, 6, 6), (7, 0, 6, 4), (0, 0, 6, 6), (0, 0, 6, '?'), (7, 0, 6, 2), (4, 0, 6, 7), (7, 0, 6, 4), (7, 0, 6, 6), (0, 0, 6, '?'), (2, 0, 6, 1), (4, 0, 6, 6), (4, 0, 6, 6), (0, 0, 6, 2), (0, 0, 6, 2), (0, 0, 6, '?'), (0, 0, 6, 6), (0, 0, 6, 1), (7, 0, 6, 4), (6, 0, 6, 1), (0, 0, 6, 4), (0, 0, 6, 4), (7, 0, 6, 6), (7, 0, 6, 4), (3, 0, 6, 6), (3, 0, 6, 4), (6, 0, 6, 1), (7, 0, 6, '?'), (4, 0, 6, 6), (0, 0, 6, 6), (0, 0, 6, 1), (0, 0, 6, 2), ('?', 0, 6, 4), (4, 0, 6, 1), (7, 0, 6, 6), (4, 0, 6, 7), (0, 0, 6, 6), (4, 0, 6, 6), (3, 0, 6, '?'), (0, 0, 6, 1), (0, 0, 6, 6), (0, 0, 6, '?'), (0, 0, 6, 1), ('?', 0, 6, 2), (7, 0, 6, 2), (7, 0, 6, 6), (3, 0, 6, '?'), (7, 0, 6, 4), (1, 0, 6, 6)]"
"(4, 20, 20, 20, 0)","[(4, 1, 6, 0)]"
"(4, 21, 2, 21, 0)","[(5, 4, 6, 1)]"
"(4, 21, 16, 16, 0)","[(2, 1, 6, 0), (2, 1, 6, 1), (4, 1, 6, 1), (3, 1, 6, 3), (3, 1, 6, 4), (4, 1, 6, 0), (4, 1, 6, 0), ('?', 1, 6, 4), (4, 1, 6, 0), (3, 1, 6, 4), (4, 1, 6, 1), (3, 1, 6, 4), (3, 1, 6, 1), (3, 1, 6, 4), (4, 1, 6, 1), (7, 1, 6, 1), ('?', 1, 6, 4)]"
"(4, 21, 16, 21, 0)","[(3, 1, 6, 1), (3, 1, 6, 1), (7, 1, 6, 1), (3, 1, 6, 4), (3, 1, 6, 1), (3, 1, 6, 4), (3, 1, 6, 1), ('?', 1, 6, 5)]"
"(4, 21, 20, 20, 0)","[(4, 1, 6, 5), (5, 4, 6, 2), (4, 1, 6, 5), (3, 1, 6, 1)]"
"(4, 21, 20, 21, 0)","[(1, 1, 6, 6)]"
"(4, 21, 21, 16, 0)","[(3, 1, 6, 3), (4, 1, 6, 0)]"
"(4, 21, 21, 20, 0)","[(3, 1, 6, 3), (1, 1, 6, '?'), (1, 1, 6, 6), (1, 1, 6, 5), (1, 1, 6, 6), (1, 1, 6, '?')]"
"(4, 21, 21, 21, 0)","[(5, 4, 6, 1), (3, 1, 6, 3)]"
"(4, 21, 23, 23, 0)","[(7, 2, 6, 1)]"
"(4, 23, 23, 20, 0)","[(1, 2, 6, 5)]"
"(4, 23, 23, 23, 0)","[(0, 2, 6, 1), (3, 2, 6, 1), (3, 2, 6, 2), (2, 2, 6, 2), (1, 2, 6, 6), (3, 2, 6, 2), ('?', 2, 6, 4), (4, 2, 6, 6), (0, 2, 6, 5), (1, 2, 6, 5), (4, 2, 6, 4), (4, 2, 6, 6), (2, 2, 6, 7), (7, 2, 6, 5), (6, 2, 6, 1), (2, 2, 6, 3), (6, 2, 6, 4), (2, 2, 6, 0), (7, 2, 6, 3), (2, 2, 6, 4), (5, 2, 6, 1), (7, 2, 6, '?'), (1, 2, 6, 2), (2, 2, 6, 6), (1, 2, 6, 1), (1, 2, 6, 3), (2, 2, 6, 0), ('?', 2, 6, 2), (0, 2, 6, 7), (7, 2, 6, 1), (2, 2, 6, 2), (3, 2, 6, 4), (2, 2, 6, 0), (6, 2, 6, 5), (2, 2, 6, 6), (5, 2, 6, 5), (1, 2, 6, 2), (1, 2, 6, '?'), (5, 2, 6, 1), (1, 2, 6, 5), ('?', 2, 6, 3), (2, 2, 6, 3), (7, 2, 6, 2), (6, 2, 6, 5), (5, 2, 6, '?'), (3, 2, 6, 1), (6, 2, 6, 5), ('?', 2, 6, 4), (6, 2, 6, 2), (3, 2, 6, 6), (2, 2, 6, 3), (0, 2, 6, '?'), (6, 2, 6, 3), (2, 2, 6, 2), (6, 2, 6, '?'), (0, 2, 6, 7), (5, 2, 6, 0), (2, 2, 6, 3), ('?', 2, 6, 3), (0, 2, 6, 6), (5, 2, 6, '?'), ('?', 2, 6, 6), (0, 2, 6, 3), (3, 2, 6, 4), (5, 2, 6, 5), (0, 2, 6, 1), (3, 2, 6, 7), (0, 2, 6, 6), (1, 2, 6, 7), (5, 2, 6, 5), (5, 2, 6, 3), ('?', 2, 6, 6), (1, 2, 6, 3), ('?', 2, 6, 6), (1, 2, 6, 4), (5, 2, 6, 0), ('?', 2, 6, '?'), (3, 2, 6, 0), (4, 2, 6, 3), (4, 2, 6, 7), (6, 2, 6, 5), (4, 2, 6, 7), (4, 2, 6, 0), (0, 2, 6, 6), (6, 2, 6, '?'), (6, 2, 6, 4), (2, 2, 6, 5), ('?', 2, 6, 3), (4, 2, 6, 1), (5, 2, 6, 4), (6, 2, 6, 6), (1, 2, 6, 2), (1, 2, 6, 2), (5, 2, 6, 0), (0, 2, 6, '?'), (1, 2, 6, 6), (7, 2, 6, 4), (1, 2, 6, 1), (5, 2, 6, 4), (0, 2, 6, 5), (1, 2, 6, '?'), (7, 2, 6, 1), (6, 2, 6, 6), (6, 2, 6, 1), (2, 2, 6, 4), (3, 2, 6, 4), (5, 2, 6, 5), (7, 2, 6, 2), (7, 2, 6, 2), (3, 2, 6, '?'), (2, 2, 6, 3), (2, 2, 6, 5), (5, 2, 6, 1), (1, 2, 6, 2), (1, 2, 6, '?'), (6, 2, 6, 2), (5, 2, 6, 6), (7, 2, 6, 1), (0, 2, 6, 1), (4, 2, 6, 6), ('?', 2, 6, 5), (6, 2, 6, 4), (2, 2, 6, 1), (5, 2, 6, 4), (5, 2, 6, 1), (3, 2, 6, 2), (4, 2, 6, 0), (6, 2, 6, 2), (2, 2, 6, 5), (6, 2, 6, 6), (6, 2, 6, 4), (3, 2, 6, '?'), (6, 2, 6, '?'), (1, 2, 6, 4), (0, 2, 6, '?'), ('?', 2, 6, 5), (2, 2, 6, 5), ('?', 2, 6, 2), (4, 2, 6, 6), (1, 2, 6, 4), ('?', 2, 6, 2), (1, 2, 6, 1), (2, 2, 6, 5), ('?', 2, 6, '?'), (5, 2, 6, 6), (1, 2, 6, 2), (5, 2, 6, '?'), (3, 2, 6, 7), (4, 2, 6, 6), (6, 2, 6, 3), (0, 2, 6, '?'), (5, 2, 6, 5), (6, 2, 6, 4), (6, 2, 6, 5), (3, 2, 6, 0), (4, 2, 6, 3), (3, 2, 6, 6), (1, 2, 6, 5), (3, 2, 6, 1), (1, 2, 6, 1), ('?', 2, 6, 6), (0, 2, 6, '?'), (4, 2, 6, 0), (6, 2, 6, 2), (5, 2, 6, 0), (6, 2, 6, 6), (0, 2, 6, 5), (5, 2, 6, 1), (1, 2, 6, 6), (6, 2, 6, 2), (6, 2, 6, 2), (7, 2, 6, '?'), (7, 2, 6, 4), (3, 2, 6, 0), (7, 2, 6, '?'), (1, 2, 6, 5), (4, 2, 6, 7), ('?', 2, 6, '?'), (4, 2, 6, 4), (6, 2, 6, '?'), (3, 2, 6, 6), (6, 2, 6, 3), (2, 2, 6, 2), (2, 2, 6, 0), (5, 2, 6, 6), (7, 2, 6, '?'), (2, 2, 6, 4), (2, 2, 6, 1), (3, 2, 6, 7), (1, 2, 6, 6), (7, 2, 6, 4), (5, 2, 6, 3), (5, 2, 6, 0), (1, 2, 6, 7), (4, 2, 6, 1), (0, 2, 6, 7), ('?', 2, 6, 4), (6, 2, 6, 1), ('?', 2, 6, 6), (7, 2, 6, '?'), (5, 2, 6, 5), (4, 2, 6, 4), (0, 2, 6, 1), (7, 2, 6, 2), (3, 2, 6, 0), (5, 2, 6, 0), (7, 2, 6, 2), ('?', 2, 6, 5), (1, 2, 6, 3), (6, 2, 6, 7), (4, 2, 6, 4), (0, 2, 6, 1), ('?', 2, 6, '?'), (4, 2, 6, 7), (1, 2, 6, 3), (4, 2, 6, 3), (5, 2, 6, '?'), ('?', 2, 6, 3), (6, 2, 6, 1), (5, 2, 6, '?'), (3, 2, 6, 0), (4, 2, 6, 4), (5, 2, 6, 3), (5, 2, 6, 6), (7, 2, 6, '?'), (4, 2, 6, 3), (3, 2, 6, 6), (3, 2, 6, '?'), ('?', 2, 6, 4), (5, 2, 6, 3), (0, 2, 6, 1), (2, 2, 6, 2), (4, 2, 6, 7), (7, 2, 6, 4), (4, 2, 6, 3), (5, 2, 6, 3), ('?', 2, 6, 4), (3, 2, 6, '?'), (0, 2, 6, 5), (5, 2, 6, '?'), (6, 2, 6, 6), (7, 2, 6, 3), ('?', 2, 6, 3), (0, 2, 6, '?'), (3, 2, 6, 6), (4, 2, 6, 7), (5, 2, 6, 6), (7, 2, 6, 6), ('?', 2, 6, 3), (2, 2, 6, 3), (4, 2, 6, 6), (3, 2, 6, 2), (4, 2, 6, 7), (4, 2, 6, 3), (0, 2, 6, 6), (2, 2, 6, 2), ('?', 2, 6, 4), (3, 2, 6, 7), (3, 2, 6, 6), (4, 2, 6, 3), (0, 2, 6, 7), (3, 2, 6, 4), (0, 2, 6, 6), (0, 2, 6, '?'), (1, 2, 6, 2), (5, 2, 6, 7), (6, 2, 6, 2), (4, 2, 6, 3), ('?', 2, 6, '?'), (5, 2, 6, 3), (7, 2, 6, 3), (1, 2, 6, 3), (5, 2, 6, 6), ('?', 2, 6, 4), (4, 2, 6, 6), (7, 2, 6, 4), (0, 2, 6, '?'), (1, 2, 6, 6), (5, 2, 6, 4), (2, 2, 6, 2), (1, 2, 6, 3), (2, 2, 6, 1), (4, 2, 6, 7), (5, 2, 6, 6), (5, 2, 6, 4), (5, 2, 6, '?'), (1, 2, 6, 4), (3, 2, 6, 6), (5, 2, 6, 0), (6, 2, 6, 2), (1, 2, 6, 6), (0, 2, 6, 3), (0, 2, 6, 3), (6, 2, 6, 6), ('?', 2, 6, 6), (4, 2, 6, 1), ('?', 2, 6, 2), (2, 2, 6, 4), ('?', 2, 6, 2), (3, 2, 6, '?'), (5, 2, 6, 4), (1, 2, 6, 7), (5, 2, 6, 4), (5, 2, 6, 6), (1, 2, 6, 1), (7, 2, 6, 2), (0, 2, 6, 7), (6, 2, 6, '?'), (0, 2, 6, 5), (7, 2, 6, 4), (0, 2, 6, 1), ('?', 2, 6, 3), (0, 2, 6, 6), (5, 2, 6, 1), (0, 2, 6, 3), (3, 2, 6, '?'), (6, 2, 6, 7), (2, 2, 6, 0), (6, 2, 6, 6), (0, 2, 6, 7), (3, 2, 6, 6), (6, 2, 6, 7), (0, 2, 6, '?'), (6, 2, 6, 1), (7, 2, 6, 5), ('?', 2, 6, 2), (1, 2, 6, 3), (5, 2, 6, 3), (1, 2, 6, 3), ('?', 2, 6, '?'), (5, 2, 6, '?'), (4, 2, 6, 7), (4, 2, 6, 4), (2, 2, 6, 3), (7, 2, 6, 4), ('?', 2, 6, 2), (3, 2, 6, 4), (2, 2, 6, 2), (0, 2, 6, 5), (0, 2, 6, 3), (3, 2, 6, 4), ('?', 2, 6, 4), (0, 2, 6, 5), ('?', 2, 6, 3)]"
"(4, 27, 27, 4, 0)","[(0, 7, 6, 7)]"
"(4, 27, 27, 27, 0)","[(7, 7, 6, 4), (1, 7, 6, 5), (2, 7, 6, 4), (0, 7, 6, 7), (0, 7, 6, 7), (1, 7, 6, 4)]"
"(5, 3, 3, 3, 0)","[(4, 5, 2, '?'), (6, 5, 2, 7)]"
"(5, 3, 3, 5, 0)","[(6, 5, 2, 4)]"
"(5, 3, 5, 5, 0)","[(4, 5, 2, 2), (7, 5, 2, 7), (6, 5, 2, 4)]"
"(5, 5, 3, 5, 0)","[(4, 5, 2, 1), (7, 5, 2, 7), (6, 5, 2, 4), (7, 5, 2, 7), (1, 5, 2, 0)]"
"(5, 5, 5, 3, 0)","[(4, 5, 2, 1), (4, 5, 2, 6), (6, 5, 2, 7), (4, 5, 2, 6), (4, 5, 2, 2)]"
"(5, 5, 5, 5, 0)","[(2, 5, 3, 5), (6, 5, 1, 5), (4, 5, 1, 7), ('?', 5, 6, 6), (2, 5, 7, 4), (5, 5, 0, 6), (6, 5, 2, 4), (3, 5, 2, 1), (3, 5, 4, '?'), (5, 5, 5, 6), (1, 5, 4, 5), (2, 5, 6, 6), (7, 5, '?', '?'), ('?', 5, 5, 4), (1, 5, '?', 0), (7, 5, 2, 6), (7, 5, 2, 6), (0, 5, 1, 4), ('?', 5, 1, 0), (5, 5, 5, 4), (7, 5, 6, '?'), (0, 5, '?', 2), (0, 5, 4, 0), (3, 5, 6, 2), ('?', 5, 3, 2), (6, 5, '?', 5), (3, 5, 6, 3), (7, 5, 2, 4), (0, 5, 5, 1), (2, 5, 4, 3), (7, 5, 5, 6), ('?', 5, 5, 1), (0, 5, 1, 4), ('?', 5, 2, 1), (4, 5, 2, 1), (0, 5, '?', 3), (6, 5, '?', '?'), (6, 5, 4, 7), (3, 5, '?', 7), (4, 5, 2, 6), (1, 5, 4, 6), (1, 5, 2, 4), (0, 5, 6, 3), (5, 5, '?', '?'), (0, 5, '?', 1), (3, 5, 2, 6), (6, 5, 4, 1), (4, 5, 6, 5), (0, 5, '?', 3), (4, 5, 5, 3), (1, 5, 6, 3), (4, 5, 5, '?'), ('?', 5, 1, 5), (4, 5, 6, 6), (2, 5, 1, 5), (7, 5, 2, 6), (6, 5, '?', 4), (2, 5, 4, 3), (0, 5, 5, 2), (7, 5, 4, 4), (7, 5, 3, 5), (2, 5, 4, 0), (5, 5, 5, 0), (5, 5, 1, 6), ('?', 5, 5, 5), ('?', 5, 4, 1), (6, 5, 4, 5), (0, 5, '?', 6), ('?', 5, 2, 3), (7, 5, 0, 4), (4, 5, '?', '?'), (4, 5, 2, 4), (1, 5, 4, '?'), (2, 5, 6, 7), (7, 5, '?', 5), (0, 5, 4, 4), (1, 5, 3, 7), (2, 5, 1, 3), (7, 5, 1, 4), (0, 5, 4, 0), (6, 5, 5, '?'), (1, 5, 4, 4), ('?', 5, '?', 5), ('?', 5, 5, 6), (7, 5, 3, 1), (0, 5, 6, 3), (3, 5, 2, 1), (0, 5, 0, 5), ('?', 5, 5, 6), (6, 5, 0, 5), (1, 5, 4, 2), ('?', 5, 4, 3), ('?', 5, 5, 3), (4, 5, 5, 2), ('?', 5, 3, 6), (2, 5, 5, 7), (1, 5, 6, 0), (6, 5, 3, 2), (1, 5, 2, 0), (6, 5, '?', '?'), ('?', 5, 4, 7), (3, 5, 1, 2), (5, 5, 4, 0), ('?', 5, 4, 5), (3, 5, 5, 5), (4, 5, 4, 4), (7, 5, 2, 6), (1, 5, '?', 0), (1, 5, 2, 6), ('?', 5, 5, 6), (7, 5, 1, 6), (4, 5, '?', '?'), ('?', 5, 0, 4), (1, 5, '?', 4), (0, 5, 1, '?'), (1, 5, 6, 1), ('?', 5, 1, 0), (3, 5, 6, 0), (1, 5, 6, 0), ('?', 5, '?', 1), (7, 5, 2, '?'), (0, 5, 0, 5), (3, 5, 6, 7), ('?', 5, 3, 2), (5, 5, 2, '?'), (3, 5, '?', '?'), (3, 5, 2, 6), (2, 5, 3, 5), (1, 5, 3, '?'), (5, 5, 4, 2), (1, 5, 3, 7), ('?', 5, 4, 5), (2, 5, 7, 2), (0, 5, '?', 1), (1, 5, 3, 3), ('?', 5, '?', 0), ('?', 5, 6, 4), (5, 5, '?', 6), (4, 5, '?', 5), (2, 5, 5, 6), (7, 5, '?', 1), (7, 5, 6, 2), ('?', 5, 2, 1), (4, 5, 5, 6), (6, 5, 0, 5), (3, 5, 5, 5), (2, 5, '?', 2), (4, 5, 5, 6), (0, 5, '?', 5), ('?', 5, 0, 0), (0, 5, 0, 1), (4, 5, 6, 4), ('?', 5, 4, 5), (2, 5, 2, 4), (1, 5, 2, '?'), (0, 5, 3, 3), (0, 5, 6, 0), ('?', 5, 3, '?'), (2, 5, 3, 3), (4, 5, 5, 0), (5, 5, 3, 6), (2, 5, 2, 6), (2, 5, '?', 4), (2, 5, 6, 0), (7, 5, '?', 6), (5, 5, 5, 1), (7, 5, 1, 5), (3, 5, 4, 7), (1, 5, 5, 6), (6, 5, 2, 4), (2, 5, 6, '?'), (3, 5, 6, 2), (3, 5, 6, '?'), (6, 5, 4, 1), (0, 5, 6, 7), (7, 5, 3, 5), (2, 5, 4, 1), (3, 5, 6, 5), (7, 5, '?', 7), (0, 5, '?', 2), (7, 5, '?', 0), (0, 5, 5, 3), (0, 5, 1, 2), (2, 5, 6, 6), (7, 5, '?', '?'), ('?', 5, 4, 2), (0, 5, 1, '?'), ('?', 5, '?', 6), (7, 5, 6, 6), ('?', 5, 3, 1), (1, 5, '?', 6), (2, 5, 6, 6), (1, 5, '?', 5), (2, 5, 0, '?'), (0, 5, 2, 4), (7, 5, 3, 7), (5, 5, 5, 1), (3, 5, 1, 6), ('?', 5, 2, 4), (4, 5, 4, 1), (6, 5, '?', 0), (3, 5, '?', 4), (7, 5, 3, 0), (2, 5, 3, 1), ('?', 5, 5, 0), (6, 5, '?', 1), (2, 5, 0, 1), ('?', 5, 5, 1), ('?', 5, 2, 5), (5, 5, 4, 2), (1, 5, 5, 6), (3, 5, 5, 4), (0, 5, '?', 5), (2, 5, 3, 1), (4, 5, 1, 2), (3, 5, 4, 5), (4, 5, 2, 6), (6, 5, 4, 5), (0, 5, 3, 4), (0, 5, 3, '?'), (0, 5, 0, '?'), (5, 5, '?', 2), (0, 5, 6, 7), (2, 5, 5, 7), (0, 5, 3, 1), ('?', 5, 4, 7), (3, 5, 4, 6), (2, 5, 0, 6), (3, 5, 5, 0), ('?', 5, '?', 0), (4, 5, 5, 0), (6, 5, 1, 0), (7, 5, 2, 1), (7, 5, 5, 3), (3, 5, 4, 1), (2, 5, 0, 4), (0, 5, 4, '?'), (7, 5, 0, 4), (3, 5, 5, 2), (7, 5, '?', 1), (4, 5, 5, 1), (2, 5, 6, 5), ('?', 5, 3, 1), (6, 5, '?', 5), (2, 5, 3, 1), (6, 5, '?', '?'), (2, 5, '?', 6), (7, 5, 2, 5), (5, 5, 5, 3), (6, 5, '?', 2), (6, 5, 2, 5), (1, 5, 5, 6), ('?', 5, 3, 2), (0, 5, '?', 4), (0, 5, 2, 4), (7, 5, 1, 6), (0, 5, '?', 3), (2, 5, 2, 0), (1, 5, 4, 5), (6, 5, 1, 0), (7, 5, 4, 6), (1, 5, '?', '?'), (1, 5, 0, 4), (4, 5, 1, 2), (2, 5, '?', 2), (2, 5, 5, 1), (5, 5, 5, 7), (1, 5, 2, 2), (1, 5, 6, 3), (5, 5, 4, '?'), (3, 5, 5, 0), (2, 5, 6, '?'), ('?', 5, 6, 6), (4, 5, 0, 1), (2, 5, 0, 4), (4, 5, '?', '?'), (2, 5, '?', 4), (3, 5, 1, 4), ('?', 5, 2, 6), (0, 5, 6, 0), ('?', 5, 2, '?'), (4, 5, '?', 5), (4, 5, 4, 2), (1, 5, 6, 4), (0, 5, 0, 4), (5, 5, '?', 7), ('?', 5, 2, 0), (4, 5, 4, 4), (3, 5, 6, 3), (6, 5, '?', 2), (3, 5, 4, 4), (1, 5, 5, 2), (7, 5, 2, '?'), (4, 5, '?', 3), (7, 5, '?', 1), (4, 5, 5, 2), (7, 5, 5, 5), (4, 5, '?', 2), (5, 5, 0, 4), (7, 5, 5, 3), (4, 5, '?', 1), (3, 5, 6, 2), (4, 5, 0, 1), (1, 5, 2, 1), (2, 5, 1, 5), (3, 5, 6, 1), (0, 5, '?', 3), (3, 5, 6, 1), (0, 5, 2, 1), (2, 5, 3, 2), (6, 5, '?', 7), (2, 5, 1, 0), (2, 5, 4, 0), (3, 5, 4, 3), ('?', 5, 5, 5), (7, 5, 1, 4), (7, 5, 0, 0), (3, 5, 4, '?'), ('?', 5, '?', 0), (0, 5, 6, 0), (3, 5, 0, 7), (0, 5, 5, 2), (2, 5, 3, 3), (7, 5, 3, 3), (3, 5, 2, '?'), (7, 5, 1, 6), (6, 5, 2, 6), (1, 5, 6, 6), (0, 5, 5, 4), (7, 5, 5, 1), (2, 5, 2, 5), (3, 5, '?', '?'), (5, 5, 1, 0), (2, 5, 1, 5), (3, 5, 3, 6), (6, 5, 4, 6), (4, 5, 6, '?'), (6, 5, 4, '?'), ('?', 5, 4, 4), (3, 5, 6, '?'), (7, 5, '?', '?'), (3, 5, '?', 3), (7, 5, 4, 2), (5, 5, 4, 0), (4, 5, 5, 7), (7, 5, '?', 6), (7, 5, 7, '?'), (0, 5, 4, 4), (7, 5, 3, 5), (0, 5, 1, 2), (2, 5, 5, 6), (6, 5, 6, 4), (3, 5, 5, 4), ('?', 5, 1, 3), (7, 5, 4, 5), (1, 5, 3, 2), (0, 5, '?', '?'), (3, 5, 6, 7), (3, 5, 2, 5), (7, 5, 4, 6), ('?', 5, 4, '?'), (0, 5, 2, '?'), (7, 5, 2, 5), (0, 5, 4, 3), (1, 5, 2, 2), (2, 5, 3, 7), (6, 5, '?', 1), (4, 5, 5, '?'), (7, 5, 3, 7), (5, 5, '?', 2), (7, 5, 2, '?'), (3, 5, 2, 5), (2, 5, 4, 6), (7, 5, 2, 2), (4, 5, 2, 6), (0, 5, 6, 6), (2, 5, 6, 5), (7, 5, 4, '?'), (2, 5, 2, 0), (2, 5, 4, 6), (4, 5, 2, 7), (2, 5, 5, 7), (0, 5, 6, 2), (0, 5, 4, 3), (1, 5, '?', 5), (0, 5, 5, 7), (0, 5, 5, 3), (2, 5, 3, 2), (2, 5, 6, 4), (7, 5, 5, '?'), (3, 5, 4, 3), (0, 5, 0, 6), (7, 5, 3, 3), (0, 5, 5, 7), (6, 5, 6, 3), ('?', 5, 2, 7), (5, 5, 5, 6), (1, 5, 6, 0), (1, 5, '?', 7), (3, 5, 2, '?'), (1, 5, 6, 5), (7, 5, 1, 5), (1, 5, 2, 0), (2, 5, 0, 0), (7, 5, 2, '?'), ('?', 5, 5, 4), (5, 5, 5, 1), (2, 5, '?', 2), (3, 5, '?', 3), (0, 5, 1, '?'), (3, 5, '?', 6), (6, 5, '?', 5), (6, 5, 5, 4), (6, 5, '?', 5), (6, 5, '?', 5), (3, 5, 4, 7), (1, 5, 5, 2), ('?', 5, 5, 5), (5, 5, '?', '?'), (5, 5, '?', '?'), (4, 5, '?', 1), (5, 5, 5, 4), ('?', 5, '?', 7), (6, 5, 2, 4), (7, 5, 4, 5), (5, 5, '?', 5), (2, 5, 6, '?'), ('?', 5, 2, 6), (7, 5, 3, 6), (6, 5, 3, 2), (1, 5, '?', 4), (7, 5, 3, 2), (2, 5, 3, 3), (6, 5, 6, 0), (3, 5, 4, 2), (7, 5, 3, 5), (1, 5, 5, 6), (1, 5, 6, 5), (3, 5, 2, 3), (4, 5, '?', 3), (2, 5, 5, 1), (7, 5, 5, 1), (5, 5, 5, 1), (0, 5, 1, 3), (3, 5, 0, 4), (4, 5, '?', 3), (1, 5, 6, 5), (4, 5, 5, '?'), (3, 5, 0, 7), (7, 5, 1, 7), (7, 5, 4, 0), (6, 5, '?', 3), (2, 5, 6, 3), (0, 5, 1, 2), (3, 5, 2, 3), (4, 5, 6, 6), (2, 5, 2, 5), (2, 5, 0, 7), (4, 5, 5, 7), (5, 5, 5, 3), (7, 5, '?', 2), (0, 5, 4, 3), (7, 5, 6, '?'), (5, 5, 4, 0), (5, 5, 5, 2), (1, 5, 4, 1), (7, 5, 4, '?'), (7, 5, 0, 4), ('?', 5, 3, 6), (7, 5, 4, '?'), ('?', 5, 6, '?'), (2, 5, 4, 6), (7, 5, 6, 6), (1, 5, 4, 2), (7, 5, 3, 1), (4, 5, '?', 7), (5, 5, 3, 6), (7, 5, '?', 1), (7, 5, 6, '?'), (1, 5, 2, 6), (0, 5, 1, 4), (1, 5, 6, 1), (7, 5, '?', 0), ('?', 5, 5, 0), (1, 5, '?', 0), (2, 5, 3, 7), (4, 5, 4, 1), ('?', 5, 4, '?'), (7, 5, 5, 6), (5, 5, '?', 3), (7, 5, 3, 2), (1, 5, '?', 5), (1, 5, 2, 3), (7, 5, 3, 3), (2, 5, 4, 1), ('?', 5, 6, 7), (1, 5, 5, 2), (3, 5, 2, 2), (4, 5, 0, 5), (1, 5, 3, '?'), (1, 5, 2, 4), (7, 5, 5, 2), (2, 5, 0, '?'), (0, 5, 1, 1), (5, 5, '?', 6), (3, 5, 1, 6), (6, 5, 6, 4), (0, 5, 4, 6), (2, 5, 4, 1), ('?', 5, '?', 4), (3, 5, '?', 2), (2, 5, 1, 1), (7, 5, '?', 5), (1, 5, 3, 7), (6, 5, '?', 0), (0, 5, 6, 1), (4, 5, 4, 7), (0, 5, 1, 2), (0, 5, 2, 4), ('?', 5, 4, 2), (3, 5, 4, 4), (4, 5, 5, 6), (1, 5, 3, 4), (3, 5, 4, 5), (3, 5, '?', 6), ('?', 5, '?', 0), (2, 5, 6, 6), (5, 5, '?', 5), (7, 5, 4, 6), (2, 5, 1, 3), (4, 5, 5, 6), (1, 5, 5, 1), (0, 5, 4, 5), (5, 5, '?', '?'), (2, 5, 1, 5), (1, 5, 3, 3), (3, 5, 3, 3), (0, 5, '?', 7), (1, 5, 4, 2), (3, 5, '?', 1), (2, 5, 5, 4), (5, 5, '?', 2), (6, 5, 5, 4), (2, 5, 4, 3), ('?', 5, 3, 4), (1, 5, 4, 2), (3, 5, '?', 0), (7, 5, 6, 4), (3, 5, 6, 2), (2, 5, '?', 6), (6, 5, '?', 1), (1, 5, '?', 3), ('?', 5, 4, 5), (2, 5, 4, 0), (2, 5, 2, 6), (4, 5, 5, '?'), (1, 5, 6, 5), (4, 5, 6, 3), (6, 5, 7, 2), (4, 5, 5, 2), (2, 5, '?', 3), (0, 5, 1, 1), (7, 5, 2, 1), (6, 5, 6, 6), (3, 5, 4, 5), (2, 5, 6, '?'), (4, 5, 5, 6), (2, 5, 0, 6), (6, 5, '?', 3), (0, 5, '?', 7), (2, 5, 5, 4), (6, 5, 4, 3), (1, 5, 2, 3), (7, 5, 1, 6), (3, 5, 1, 3), (2, 5, 4, 7), (7, 5, 2, 1), (5, 5, 5, 5), (1, 5, 6, 4), (7, 5, 4, 2), (3, 5, 2, 6), (1, 5, 3, 5), (1, 5, '?', '?'), (0, 5, '?', 2), (0, 5, 3, '?'), (3, 5, 0, 4), (0, 5, 4, 4), (0, 5, '?', 3), (0, 5, '?', 3), (3, 5, '?', 5), (2, 5, 4, 0), (4, 5, 5, '?'), (1, 5, 6, 6), (0, 5, 2, 6), (7, 5, '?', 0), (3, 5, '?', 6), (5, 5, 0, 6), (5, 5, 5, 7), (1, 5, 6, 3), (5, 5, '?', '?'), (5, 5, '?', '?'), (5, 5, 5, 5), (4, 5, 2, 1), (0, 5, 6, 3), (7, 5, 2, 4), (6, 5, 5, 5), (3, 5, 6, 6), (4, 5, 4, '?'), (1, 5, 4, 1), (3, 5, 5, 5), (2, 5, '?', 3), (1, 5, 6, 2), (7, 5, '?', 3), (7, 5, 2, 6), (2, 5, 2, 4), (3, 5, '?', 1), (6, 5, '?', '?'), (0, 5, 5, 1), ('?', 5, '?', 3), (7, 5, 4, 4), (3, 5, 4, '?'), (6, 5, '?', 1), (1, 5, '?', 5), (4, 5, 4, 1), (7, 5, 5, 2), (7, 5, 2, 4), (2, 5, 2, '?'), (2, 5, 6, 0), ('?', 5, 5, 4), (1, 5, 4, 3), ('?', 5, 3, 3), (0, 5, '?', 6), (7, 5, 2, 5), (1, 5, 4, 6), (4, 5, 6, 5), ('?', 5, 5, 6), (4, 5, 6, 5), (4, 5, 1, 6), (0, 5, 7, 0), ('?', 5, 4, '?'), (1, 5, 5, 2), (3, 5, '?', 4), (5, 5, 3, 6), ('?', 5, 6, 0), (2, 5, '?', '?'), (5, 5, 5, 6), (1, 5, 2, 1), (4, 5, 5, 2), (7, 5, 5, 5), (2, 5, '?', 5), (2, 5, 4, 6), (6, 5, 6, 4), (7, 5, 1, 2), (0, 5, '?', 3), (2, 5, 3, 1), (2, 5, 2, 5), (2, 5, 6, 0), (2, 5, '?', 3), (6, 5, 0, 5), ('?', 5, 3, 6), (2, 5, 2, 3), (1, 5, 5, 2), (2, 5, 3, '?'), (2, 5, 1, 2), (1, 5, 6, 3), (6, 5, 6, 6), (5, 5, '?', 3), (7, 5, 3, 2), (7, 5, 4, 3), ('?', 5, 6, '?'), (3, 5, 4, 7), (2, 5, 5, 4), (1, 5, 4, 1), (1, 5, 4, 1), (0, 5, 3, 7), (0, 5, 4, '?'), (2, 5, 0, 0), (6, 5, '?', 7), (2, 5, 4, 4), (2, 5, '?', 4), (2, 5, 2, '?'), (1, 5, '?', 0), (1, 5, '?', 0), (0, 5, 4, 6), ('?', 5, 5, 0), (7, 5, 1, 5), (1, 5, '?', 4), (7, 5, 4, 5), (0, 5, 1, 2), (2, 5, 4, 3), (6, 5, '?', 2), (2, 5, 7, 2), ('?', 5, '?', 0), (3, 5, 0, 6), (1, 5, 2, 4), ('?', 5, 6, 0), ('?', 5, 3, 7), (2, 5, 5, 6), (7, 5, '?', 7), (0, 5, 5, 3), (5, 5, 5, 4), (3, 5, 4, 2), (1, 5, 6, 3), (2, 5, '?', 0), (5, 5, 5, 2), (6, 5, 5, 0), (6, 5, 6, 3), (3, 5, 4, 3), (7, 5, 2, '?'), (5, 5, 5, 4), (7, 5, 3, 6), (4, 5, 5, 7), (1, 5, 2, 1), (7, 5, 6, 0), (6, 5, 3, 2), (3, 5, '?', 3), ('?', 5, 6, 2), (3, 5, 0, 6), (0, 5, 5, 4), (7, 5, 6, '?'), (2, 5, 1, 0), ('?', 5, 4, '?'), (7, 5, 6, 4), (1, 5, 2, 5), (7, 5, 5, 1), (5, 5, 0, 4), (7, 5, 3, 3), (7, 5, 2, 6), (0, 5, 1, 0), (0, 5, 0, 5), (6, 5, 4, 1), (6, 5, '?', 7), (4, 5, 5, 2), (6, 5, 6, '?'), (3, 5, 2, 2), (2, 5, 4, 6), (4, 5, '?', '?'), (6, 5, 4, '?'), (3, 5, 4, 1), ('?', 5, 4, 0), (1, 5, 2, 7), (4, 5, '?', 0), (4, 5, 5, 6), (0, 5, '?', '?'), (2, 5, '?', 6), (0, 5, 1, 0), (5, 5, 5, 6), (4, 5, 5, 3), (3, 5, 2, 5), (0, 5, 0, 1), (0, 5, 1, 1), (0, 5, 2, 3), ('?', 5, 3, 7), (0, 5, 5, '?'), (2, 5, 0, 6), (1, 5, 2, 1), (1, 5, '?', 2), (6, 5, 6, 0), (1, 5, 4, 7), (5, 5, 4, 1), (5, 5, 5, 4), (3, 5, 4, 2), (7, 5, 1, 2), (3, 5, 0, 6), ('?', 5, 5, 1), (0, 5, 5, 2), (1, 5, 6, 6), (7, 5, '?', 7), (7, 5, 5, 1), (0, 5, 5, 4), (3, 5, 5, 0), (2, 5, 4, 1), (3, 5, 3, '?'), ('?', 5, 3, 5), (6, 5, '?', 3), (1, 5, '?', 5), (5, 5, '?', 2), (2, 5, 4, 0), (5, 5, 4, 0), (2, 5, 5, 6), (5, 5, 4, 1), (0, 5, '?', 6), (5, 5, '?', 7), ('?', 5, 2, 5), (6, 5, '?', 3), (1, 5, '?', 5), (3, 5, 0, 6), (7, 5, 5, '?'), (4, 5, 1, 2), (0, 5, 2, 4), ('?', 5, 5, 1), (3, 5, '?', 7), (2, 5, 3, 2), (6, 5, 5, 4), (4, 5, '?', 7), (5, 5, 5, 3), (1, 5, 2, 7), (5, 5, 4, 7), (4, 5, 0, 6), (7, 5, 3, 3), (1, 5, '?', 7), (5, 5, 5, 0), (5, 5, 0, '?'), (6, 5, 6, 0), (2, 5, 2, '?'), (0, 5, 0, 5), (0, 5, 5, 6), ('?', 5, '?', 6), (3, 5, 2, '?'), (5, 5, 5, 3), (6, 5, 0, 7), ('?', 5, '?', 7), (0, 5, 1, '?'), (4, 5, 5, 2), (2, 5, 3, 2), ('?', 5, 4, 1), ('?', 5, 6, 4), (7, 5, 5, 3), (6, 5, 4, 1), (4, 5, 5, 1), (4, 5, 5, 0), (3, 5, 0, 6), (3, 5, 4, '?'), (5, 5, 3, 2), (7, 5, 6, 6), (1, 5, 6, 0), (4, 5, 6, 4), (1, 5, 4, 6), (2, 5, 0, 1), ('?', 5, 3, 2), (6, 5, '?', 1), ('?', 5, 0, 4), (2, 5, 2, '?'), (0, 5, 5, 0), (7, 5, 3, 0), (7, 5, 5, 1), (5, 5, '?', 5), (4, 5, '?', 0), (0, 5, 3, '?'), ('?', 5, 4, 5), ('?', 5, '?', 4), (0, 5, 5, 0), (2, 5, 6, 0), (3, 5, 6, '?'), ('?', 5, '?', 7), ('?', 5, 2, 7), (1, 5, '?', 3), ('?', 5, 4, 0), (2, 5, 4, 6), (1, 5, '?', 7), ('?', 5, 4, 6), (2, 5, 0, 0), (1, 5, 2, '?'), (3, 5, '?', 1), (6, 5, '?', 2), (0, 5, 3, 2), (1, 5, 0, 5), (4, 5, 6, 5), (7, 5, 2, 6), (1, 5, 4, 1), (2, 5, 5, 5), (0, 5, 1, '?'), (1, 5, 4, 4), (7, 5, 5, 5), ('?', 5, 2, '?'), (6, 5, 4, 6), (5, 5, 4, '?'), (0, 5, 2, '?'), (7, 5, 2, 2), (6, 5, '?', 0), (1, 5, 2, 0), (2, 5, 1, '?'), (2, 5, '?', 0), (4, 5, 6, '?'), (2, 5, 1, 0), (5, 5, '?', 5), (3, 5, 0, 4), (3, 5, 2, 1), (5, 5, 2, 3), (0, 5, 5, 1), (4, 5, 5, 7), (0, 5, 4, 5), (7, 5, '?', 7), (4, 5, 1, 2), (0, 5, 4, 6), (3, 5, '?', 1), (3, 5, 6, 3), (6, 5, 0, 4), (0, 5, '?', 5), (7, 5, 3, 2), (0, 5, 1, 0), (4, 5, 6, 6), ('?', 5, 3, 2), (3, 5, '?', 3), (0, 5, 4, 1), ('?', 5, 4, 6), ('?', 5, 4, 7), ('?', 5, 6, 2), (7, 5, 7, 7), (5, 5, 0, 7), (4, 5, 4, 1), (7, 5, 4, 2), (2, 5, 1, 3), (3, 5, 2, 5), (7, 5, '?', '?'), (1, 5, 4, 0), (2, 5, 5, 3), (5, 5, 2, 3), ('?', 5, 4, 5), (2, 5, 2, 1), (6, 5, '?', 4), (3, 5, 5, 3), (1, 5, 5, 4), (2, 5, 2, 1), (6, 5, '?', 5), (6, 5, 5, 0), (0, 5, 5, 0), (6, 5, 3, 2), (3, 5, '?', 7), (7, 5, 3, 6), (3, 5, 5, 4), (3, 5, 6, 5), (2, 5, 5, '?'), (5, 5, 4, 0), (3, 5, 5, 4), (3, 5, 4, 6), (7, 5, 2, 6), (4, 5, 6, 1), (2, 5, 4, 2), (3, 5, 4, 3), (4, 5, 6, '?'), (4, 5, 4, 2), (4, 5, 6, 4), ('?', 5, 2, 0), (2, 5, 2, 4), (2, 5, 6, 0), (0, 5, 4, 1), (1, 5, 4, 7), (6, 5, 0, 5), (6, 5, 0, 7), (3, 5, 2, 1), (4, 5, 0, '?'), (0, 5, 6, 7), (3, 5, 2, 1), (7, 5, 4, 5), (0, 5, 4, 0), (1, 5, '?', 5), (2, 5, 3, '?'), ('?', 5, 4, 4), ('?', 5, 4, '?'), (1, 5, '?', 6), (7, 5, '?', '?'), (1, 5, 3, '?'), (2, 5, '?', 5), (0, 5, 5, 4), (5, 5, 3, 2), (6, 5, 2, 3), (1, 5, 4, 3), (0, 5, '?', 2), (7, 5, '?', 5), (1, 5, 5, 4), (1, 5, 6, 0), (7, 5, '?', 2), (2, 5, 6, 6), (2, 5, '?', 3), (7, 5, 6, 5), (3, 5, '?', 0), (5, 5, 4, '?'), (1, 5, 3, 6), (5, 5, 0, '?'), (3, 5, 5, 3), ('?', 5, 5, 3), (2, 5, '?', 1), (0, 5, 2, 4), ('?', 5, '?', 1), (3, 5, 4, 5), (2, 5, 3, 2), (2, 5, 5, 1), (5, 5, 3, 2), (6, 5, 2, 3), (0, 5, 5, 2), (3, 5, 2, 5), (7, 5, 5, 1), ('?', 5, 0, 6), (2, 5, 4, 1), (3, 5, 5, 3), (7, 5, 6, 5), (0, 5, 3, 4), (6, 5, 6, 1), (1, 5, '?', 6), ('?', 5, 5, 4), (7, 5, 5, '?'), (3, 5, 2, '?'), (2, 5, 2, 6), (4, 5, '?', 7), ('?', 5, 3, 5), (4, 5, 6, 1), (3, 5, 4, 7), (0, 5, 6, 2), ('?', 5, 3, 2), (5, 5, 3, 5), (2, 5, 2, 5), ('?', 5, 3, 0), (3, 5, 1, 4), ('?', 5, 5, 6), ('?', 5, 7, 6), (0, 5, '?', 4), (1, 5, 2, 5), (3, 5, '?', 6), (6, 5, '?', 2), (5, 5, '?', 7), (0, 5, 3, 4), (1, 5, 2, 5), (3, 5, 5, 2), (3, 5, 6, 7), (6, 5, 6, 3), (7, 5, 4, 4), (2, 5, 0, 0), (7, 5, '?', 6), (3, 5, '?', 4), (0, 5, 1, 4), (2, 5, 3, 0), (0, 5, 4, 5), (5, 5, 3, '?'), (5, 5, '?', 5), (5, 5, 0, 0), (2, 5, 2, 0), ('?', 5, 3, 4), (1, 5, 2, 0), (0, 5, 5, 2), (4, 5, '?', 2), (6, 5, 4, 3), (2, 5, 2, 5), (2, 5, 5, 7), (2, 5, '?', 6), (7, 5, '?', 6), (2, 5, '?', 5), (6, 5, 6, 6), (0, 5, 1, 4), (1, 5, '?', 3), (6, 5, '?', '?'), (0, 5, 4, 1), ('?', 5, 4, 3), (2, 5, 3, 2), (2, 5, 5, 6), (4, 5, '?', 3), ('?', 5, 4, 0), (3, 5, '?', 2), ('?', 5, 0, 4), ('?', 5, 4, 5), (1, 5, 0, 4), (3, 5, 1, 2), (3, 5, 6, 0), (7, 5, 6, 4), ('?', 5, '?', 6), (0, 5, 1, 0), (3, 5, '?', '?'), (5, 5, 4, 2), (2, 5, 5, 5), (3, 5, 5, 2), (3, 5, '?', '?'), ('?', 5, 0, 0), (0, 5, 1, 0), (4, 5, 5, 7), (3, 5, '?', 2), ('?', 5, 2, 1), (6, 5, '?', '?'), (5, 5, 5, 6), (4, 5, 5, 7), (3, 5, '?', 7), (6, 5, 5, 0), (3, 5, 5, 2), (3, 5, '?', 0), (6, 5, 5, 1), (5, 5, 4, 7), (6, 5, 6, '?'), (2, 5, 0, 0), (6, 5, 4, 2), (0, 5, 5, 4), ('?', 5, '?', 6), (4, 5, '?', 6), (6, 5, 4, 1), ('?', 5, 5, 6), (4, 5, 6, 6), (4, 5, 5, 0), (7, 5, 2, 4), (7, 5, 5, 6), (6, 5, 4, 6), (6, 5, 6, '?'), (6, 5, 3, 2), (1, 5, 3, 7), (5, 5, 5, 7), (4, 5, 6, 7), (2, 5, 2, 0), (3, 5, 3, 1), (1, 5, 5, 2), ('?', 5, 4, 2), (5, 5, '?', 7), (2, 5, 1, '?'), (4, 5, 4, 1), (7, 5, 3, 5), (5, 5, 5, 2), (5, 5, 2, 3), (0, 5, 3, 3), (6, 5, '?', 7), (0, 5, 2, 6), (3, 5, '?', 0), (0, 5, 6, 3), (3, 5, 3, '?'), (2, 5, 6, 3), (2, 5, '?', 4), (1, 5, 2, 4), (6, 5, 4, 3), (7, 5, '?', 3), (1, 5, 2, 3), (5, 5, '?', 2), ('?', 5, 2, 6), ('?', 5, 3, 4), (1, 5, 2, 0), (1, 5, 6, 2), (0, 5, 4, 0), ('?', 5, 3, 7), ('?', 5, 6, 4), ('?', 5, 3, 2), (4, 5, 6, '?'), (6, 5, 2, 1), (4, 5, 2, 5), (6, 5, 2, 3), (7, 5, 5, 5), (7, 5, 4, 0), (0, 5, '?', 6), ('?', 5, 3, 7), (4, 5, '?', 0), (4, 5, 6, 5), (2, 5, '?', 3), (2, 5, 5, 0), (7, 5, 4, 0), (7, 5, 4, 5), (7, 5, 4, 6), (0, 5, 4, 5), (4, 5, 2, 6), (3, 5, 0, 7), (7, 5, 5, 6), (3, 5, '?', 7), ('?', 5, 3, 5), ('?', 5, 2, 5), (7, 5, 3, 2), (5, 5, '?', 0), (3, 5, '?', 6), (5, 5, 0, 0), (7, 5, 6, 4), (2, 5, 2, 6), (0, 5, '?', 7), (0, 5, 3, 3), (2, 5, 5, 0), ('?', 5, '?', 1), (7, 5, 4, 5), (2, 5, 0, 4), (1, 5, '?', '?'), (2, 5, '?', 0), ('?', 5, 2, 6), (2, 5, 0, 7), ('?', 5, 3, 3), (2, 5, '?', 3), ('?', 5, 0, 4), (1, 5, 5, 4), (2, 5, 7, 0), (4, 5, 5, 2), (1, 5, 6, 5), ('?', 5, 5, 3), (1, 5, 4, 5), (3, 5, '?', 1), (7, 5, 3, 3), ('?', 5, 3, 3), (2, 5, 1, 2), (6, 5, 6, 6), (1, 5, '?', '?'), (3, 5, 4, 4), (7, 5, '?', '?'), (2, 5, 2, 1), (2, 5, 6, 3), (3, 5, 2, 6), (0, 5, 3, 1), (0, 5, 3, 7), (1, 5, 6, 6), ('?', 5, 0, 6), (6, 5, 5, 4), (6, 5, '?', 2), (6, 5, 4, 7), (3, 5, 4, 6), ('?', 5, 2, 3), (6, 5, '?', 5), (2, 5, 5, 6), (5, 5, 4, 2), (7, 5, 1, 2), (1, 5, 6, 3), (4, 5, 5, 1), (2, 5, 2, 6), ('?', 5, 6, '?'), (1, 5, 4, 4), ('?', 5, '?', 7), (1, 5, 2, 3), (4, 5, 4, 4), ('?', 5, 4, 6), (7, 5, 4, 4), (1, 5, 2, 3), (1, 5, 6, 3), (2, 5, '?', 2), (2, 5, 4, 1), ('?', 5, 2, '?'), (2, 5, '?', 6), (1, 5, 2, 2), (0, 5, 3, '?'), (7, 5, 2, 1), (1, 5, '?', '?'), (2, 5, 3, 2), (0, 5, '?', 5), (4, 5, '?', 6), (0, 5, '?', 2), (1, 5, 6, 2), (6, 5, 6, 0), (1, 5, 2, 3), (5, 5, 4, 1), (6, 5, 5, 1), (7, 5, 4, 2), (7, 5, 3, 0), (5, 5, '?', 0), ('?', 5, '?', 7), (2, 5, 6, 5), (3, 5, '?', 0), (7, 5, 5, 6), (7, 5, 3, 6), (2, 5, 7, 3), (1, 5, 4, '?'), (2, 5, 5, '?'), (2, 5, 4, 2), (6, 5, 6, 1), (3, 5, 2, 6), (3, 5, 6, '?'), (0, 5, 5, 0), (1, 5, 4, '?'), (6, 5, '?', 4), (7, 5, 6, 4), (0, 5, 0, '?'), (7, 5, 3, 0), (6, 5, 6, 3), (0, 5, 1, 0), (2, 5, 5, 6), (2, 5, 4, 2), (2, 5, 1, 5), (2, 5, 4, 7), (4, 5, '?', 3), (5, 5, 3, 2), ('?', 5, '?', 6), (1, 5, 5, 1), (2, 5, '?', 6), (5, 5, 5, 0), (5, 5, 3, 2), ('?', 5, 1, 0), (0, 5, 0, 4), (3, 5, 4, '?'), (1, 5, 2, 1), (7, 5, 4, 6), (0, 5, 4, 3), (1, 5, 6, 2), (2, 5, 1, 0), (1, 5, 4, '?'), (0, 5, 3, 4), (5, 5, '?', '?'), (3, 5, 4, 7), (1, 5, 4, 3), (1, 5, 6, 1), (1, 5, 2, 2), (2, 5, 6, 3), (4, 5, 6, 3), (0, 5, 4, 3), (0, 5, 3, 2), (0, 5, 5, '?'), (4, 5, '?', 2), (3, 5, 5, 2), (2, 5, 5, '?'), (4, 5, 6, '?'), (4, 5, 2, 7), (5, 5, 5, 2), (6, 5, 6, '?'), (3, 5, '?', 0), (1, 5, 4, 7), (1, 5, 2, 5), (7, 5, '?', 3), (1, 5, '?', 6), ('?', 5, 2, '?'), (4, 5, 6, 7), (1, 5, 4, '?'), (6, 5, 0, 7), (6, 5, 4, '?'), (2, 5, 5, 4), (4, 5, 2, 1), ('?', 5, 0, 0), (1, 5, 2, 7), (0, 5, 1, '?'), (3, 5, 5, 5), (4, 5, '?', 1), (7, 5, 6, 0), (6, 5, 6, 1), (7, 5, 6, 0), ('?', 5, 2, 3), ('?', 5, '?', 3), ('?', 5, 6, 4), (6, 5, 5, 1), (3, 5, 0, 3), ('?', 5, 5, 0), (7, 5, 6, 4), (3, 5, '?', 2), (1, 5, 4, 5), (1, 5, 3, 2), (6, 5, '?', 1), (0, 5, 6, 2), (7, 5, 5, 2), (2, 5, 6, 6), (7, 5, 5, 2), ('?', 5, 5, 1), (3, 5, '?', 2), (2, 5, 2, 5), (2, 5, 0, 4), (5, 5, 5, 3), (2, 5, 3, 7), (6, 5, 0, 4), ('?', 5, 0, 6), ('?', 5, 6, 2), (4, 5, 6, 4), (0, 5, 5, '?'), (3, 5, '?', 2), (2, 5, 3, 7), ('?', 5, 3, 1), (6, 5, 6, 7), (2, 5, 6, 4), (2, 5, 4, 2), (3, 5, '?', 4), (4, 5, 4, 4), (0, 5, 3, 0), (5, 5, 4, 7), (5, 5, 5, 7), (2, 5, 5, 4), (7, 5, 1, '?'), (6, 5, 3, 2), (1, 5, 0, 4), (2, 5, 2, 4), (4, 5, '?', 1), (2, 5, 4, 2), (0, 5, 1, 1), ('?', 5, 4, 2), ('?', 5, 2, 1), (4, 5, 4, 7), (3, 5, 0, '?'), (2, 5, 6, '?'), (6, 5, 2, 1), (7, 5, 2, 2), (5, 5, 3, 5), (1, 5, 4, 0), (1, 5, 0, 4), (0, 5, '?', '?'), (2, 5, 5, 7), (1, 5, 2, 7), ('?', 5, 3, 7), (7, 5, 1, 2), (7, 5, '?', 6), ('?', 5, 2, 6), (2, 5, 6, '?'), (4, 5, '?', 1), (2, 5, 5, 7), (0, 5, 5, 6), (6, 5, 6, 1), (0, 5, 2, 0), (2, 5, 7, 2), (0, 5, 5, 6), ('?', 5, '?', 7), (0, 5, '?', 7), (4, 5, 5, 6), (2, 5, 3, 3), (6, 5, 2, 1), (0, 5, 3, 0), ('?', 5, '?', 7), (2, 5, 5, 4), (2, 5, 6, 7), (7, 5, '?', 2), (4, 5, 5, 6), (6, 5, 4, 6), (3, 5, 6, 0), (1, 5, 3, '?'), (0, 5, 4, 1), (4, 5, 5, 6), (4, 5, 5, 4), ('?', 5, 0, 0), (5, 5, 0, 0), (2, 5, 7, 2), (1, 5, 3, 2), (7, 5, 4, 6), (0, 5, 0, '?'), (7, 5, '?', 0), (3, 5, '?', '?'), (1, 5, 4, 6), (7, 5, '?', 3), (5, 5, 0, 7), (4, 5, 2, 6), (5, 5, '?', 0), (1, 5, 3, 2), (7, 5, 2, 2), (5, 5, '?', 6), (1, 5, 6, 0), (4, 5, '?', 2), (1, 5, 4, 2), (4, 5, '?', 6), (7, 5, 4, 5), ('?', 5, 0, 6), (3, 5, 4, 6), ('?', 5, 4, 7), (2, 5, '?', 1), (1, 5, 4, 2), (4, 5, '?', '?'), (1, 5, '?', 4), (3, 5, 0, 4), (6, 5, 4, 7), (1, 5, 4, 2), (3, 5, '?', 6), (7, 5, 5, 5), (1, 5, 3, 2), (1, 5, 2, 7), (0, 5, 6, '?'), (3, 5, 3, 1), ('?', 5, 5, 6), (0, 5, '?', 1), (5, 5, 4, 0), (2, 5, 4, 0), ('?', 5, 3, 7), (2, 5, 6, 7), (2, 5, 2, 3), (2, 5, 0, 7), (2, 5, 4, 7), (0, 5, '?', 4), (6, 5, 6, 4), (2, 5, 2, '?'), (2, 5, 0, 1), (2, 5, 3, 5), ('?', 5, '?', 5), ('?', 5, 6, '?'), ('?', 5, 5, 1), (3, 5, '?', 5), (2, 5, '?', '?'), (3, 5, 5, 2), (0, 5, 1, 2), (5, 5, 5, 2), (7, 5, '?', 3), ('?', 5, 6, 6), (0, 5, 2, 1), (7, 5, 6, 6), (2, 5, 4, 7), (3, 5, 5, 6), (4, 5, '?', 0), (0, 5, 4, 4), (4, 5, '?', 6), (7, 5, 2, 1), ('?', 5, 4, 2), (2, 5, 5, 7), (2, 5, 0, 0), ('?', 5, 5, 6), (1, 5, '?', 0), (2, 5, 5, 5), (3, 5, '?', 7), (2, 5, 0, '?'), (5, 5, 5, 5), (4, 5, 5, 0), (2, 5, 4, 3), (5, 5, 4, 0), (2, 5, 6, 7), (1, 5, 2, 3), (1, 5, 6, 4), (3, 5, 4, 1), (0, 5, 0, 6), (2, 5, 4, 2), (2, 5, 6, 5), (7, 5, '?', '?'), (0, 5, '?', 7), ('?', 5, 0, 2), (6, 5, 2, 6), (2, 5, 6, 0), (7, 5, 3, 2), ('?', 5, 6, 4), ('?', 5, 5, 5), (3, 5, '?', 6), (7, 5, '?', 6), (3, 5, 4, 1), (2, 5, 0, 1), (1, 5, 3, 7), (4, 5, '?', 1), (2, 5, '?', '?'), (6, 5, 0, 4), (3, 5, 2, 3), (7, 5, 4, 0), (1, 5, '?', 4), (6, 5, 2, 4), (3, 5, '?', 0), (0, 5, 2, 4), ('?', 5, 2, 3), (4, 5, 6, 4), (1, 5, 5, 1), (5, 5, 4, 1), (2, 5, 3, 7), (2, 5, 5, 5), (1, 5, 3, 2), (2, 5, '?', 0), (2, 5, 0, 4), (1, 5, 4, 6), (1, 5, 6, 2), (2, 5, 5, 1), (0, 5, 4, '?'), (2, 5, 2, 4), (4, 5, '?', 0), (6, 5, 5, 1), (4, 5, 6, 5), (3, 5, 2, 2), (3, 5, 6, 0), (2, 5, 0, 0), (6, 5, 2, 3), (2, 5, 6, '?'), (7, 5, '?', 6), (4, 5, '?', 0), (7, 5, 2, 4), (2, 5, 4, 0), (3, 5, 2, '?'), (0, 5, '?', 5), (6, 5, 0, 1), (0, 5, '?', 4), (4, 5, 0, 3), (6, 5, 5, 1), (6, 5, 6, 1), (7, 5, '?', '?'), (0, 5, 4, 3), (1, 5, 4, 3), ('?', 5, '?', 1), (1, 5, '?', 3), (6, 5, 4, 5), ('?', 5, 2, 5), (2, 5, '?', 5), (0, 5, '?', 2), (2, 5, '?', 2), (5, 5, 5, 4), (6, 5, 4, 2), (5, 5, 0, 0), (6, 5, 0, 7), (4, 5, 4, 2), (4, 5, 6, 1), (5, 5, 5, 1), ('?', 5, 4, 3), (2, 5, 1, 2), (7, 5, 6, 4), (5, 5, 4, 2), (6, 5, 4, 7), ('?', 5, 4, 2), (1, 5, '?', 4), (4, 5, 4, 1), (6, 5, '?', 1), (7, 5, 7, '?'), (3, 5, 5, '?'), (0, 5, '?', 5), (7, 5, '?', 2), (1, 5, '?', 2), (4, 5, 4, '?'), ('?', 5, 5, 0), ('?', 5, 4, 4), ('?', 5, 4, 1), (0, 5, 0, 4), (0, 5, 5, 3), (0, 5, '?', 6), ('?', 5, 5, 3), (7, 5, 3, 3), ('?', 5, 2, 7), (0, 5, 1, 0), (2, 5, 0, 4), ('?', 5, 5, 4), (4, 5, 5, 1), (1, 5, 2, 4), (6, 5, 4, 5), (1, 5, 3, 6), (3, 5, 0, 3), (7, 5, 3, 7), ('?', 5, 2, 5), (4, 5, '?', 6), (4, 5, '?', 3), (2, 5, 6, 4), (7, 5, 4, 3), (4, 5, 4, 2), (4, 5, 5, 7), (2, 5, 5, 0), (2, 5, 0, 6), (1, 5, '?', 2), (7, 5, 5, 1), (6, 5, 4, '?'), ('?', 5, 4, 2), (3, 5, '?', 3), (1, 5, 6, 4), (3, 5, '?', 1), ('?', 5, 3, 6), (6, 5, '?', 5), (3, 5, 6, 6), (3, 5, 2, 1), ('?', 5, 3, '?'), (7, 5, 0, 0), (7, 5, 4, 5), (7, 5, 4, '?'), (7, 5, 1, 6), (7, 5, 2, '?'), ('?', 5, 4, 6), ('?', 5, 6, 6), (0, 5, 4, 1), (6, 5, '?', 0), (0, 5, 4, 3), ('?', 5, 4, 0), (5, 5, 4, 7), (6, 5, '?', 4), (0, 5, 2, 6), (2, 5, 4, 4), (6, 5, '?', 3), (7, 5, '?', 1), (2, 5, 0, 6), (1, 5, 6, 5), (6, 5, 6, 6), (1, 5, 4, '?'), (6, 5, 0, 4), ('?', 5, '?', 1), (0, 5, 5, '?'), (2, 5, 0, 7), (2, 5, 2, 6), (1, 5, 4, 0), (6, 5, 4, 3), (2, 5, 2, 0), (3, 5, 6, 6), (7, 5, 2, '?'), (1, 5, 2, 4), (3, 5, 5, 3), ('?', 5, 5, 3), (0, 5, 4, 0), (1, 5, 5, 2), ('?', 5, 5, 4), (1, 5, 5, 1), (5, 5, '?', 0), (7, 5, '?', '?'), (7, 5, 0, 4), (0, 5, 5, '?'), (2, 5, 2, 4), (1, 5, '?', 7), (7, 5, 6, 0), (2, 5, 4, 7), (7, 5, 7, 2), (1, 5, 2, 2), (5, 5, 5, 7), (0, 5, 3, 1), (4, 5, 4, '?'), (6, 5, '?', '?'), (1, 5, '?', 6), (1, 5, 6, 6), (1, 5, '?', 0), (2, 5, '?', 4), (2, 5, '?', 5), (5, 5, 0, 0), (2, 5, 3, 3), (2, 5, 5, 6), (5, 5, 5, 3), (1, 5, 2, 1), ('?', 5, 3, 3), (2, 5, 6, 0), (3, 5, 6, 2), (4, 5, 5, 1), (4, 5, 6, '?'), (2, 5, 0, 1), (4, 5, 6, 1), ('?', 5, 4, 6), ('?', 5, 4, 3), (6, 5, 5, 5), (6, 5, '?', 0), (5, 5, 4, 2), (2, 5, 3, 2), (4, 5, 5, 4), (4, 5, '?', '?'), (0, 5, 4, 4), (4, 5, 2, 6), (6, 5, '?', 3), (2, 5, 1, 2), (3, 5, 6, 6), (1, 5, '?', 7), (1, 5, '?', 6), (1, 5, 2, '?'), (3, 5, 6, 0), (0, 5, 5, 3), (4, 5, 5, 7), (7, 5, 4, 3), (6, 5, '?', 3), (2, 5, 6, 5), (5, 5, '?', 0), (6, 5, 4, '?'), (7, 5, 5, 5), (1, 5, 2, 0), (6, 5, 2, 4), (5, 5, '?', 3), (3, 5, 6, '?'), (1, 5, 6, 1), (7, 5, '?', 1), (0, 5, 5, 1), (3, 5, 2, 5), (2, 5, '?', 5), ('?', 5, 2, 1), (1, 5, 2, 6), (7, 5, 2, 4), (1, 5, 2, '?'), (1, 5, 6, 1), (7, 5, 6, 0), (2, 5, '?', 1), (0, 5, 4, 5), (6, 5, 0, 6), (6, 5, 4, '?'), (7, 5, 3, 2), (2, 5, 5, 3), (1, 5, 4, 5), (5, 5, 5, 0), (6, 5, 4, 5), ('?', 5, '?', 7), (0, 5, 6, 1), (3, 5, '?', 7), (4, 5, 0, 7), (0, 5, 5, '?'), (1, 5, '?', 2), (0, 5, 2, '?'), (2, 5, 0, 1), (5, 5, 0, 6), ('?', 5, 2, 4), (1, 5, 0, 4), (0, 5, 4, 3), ('?', 5, 3, 6), (7, 5, '?', 0), (1, 5, 5, 1), ('?', 5, 2, 7), (2, 5, 2, 5), (2, 5, 3, 5), (0, 5, '?', 7), (1, 5, 4, 7), (2, 5, 0, '?'), (5, 5, 5, 6), ('?', 5, 0, 1), (7, 5, 2, 4), (7, 5, '?', 5), (1, 5, 6, 6), (3, 5, 0, 4), (1, 5, '?', '?'), (5, 5, 5, 0), (1, 5, 6, 2), (7, 5, 3, 6), (5, 5, 5, 0), ('?', 5, 4, '?'), (2, 5, 3, '?'), (6, 5, 4, 7), (1, 5, 4, 7), (2, 5, 4, 2), (7, 5, 7, 1), ('?', 5, '?', 1), ('?', 5, 2, 3), (2, 5, 5, 3), (7, 5, 0, 4), (1, 5, 6, 4), (3, 5, 0, 3), ('?', 5, 4, 7), (2, 5, 4, 1), (0, 5, 5, 4), (4, 5, 4, 7), ('?', 5, 2, 4), (6, 5, 0, 4), (4, 5, '?', 7), (5, 5, 4, '?'), (7, 5, 7, '?'), (2, 5, 1, 2), ('?', 5, 5, 3), (2, 5, 4, 7), (0, 5, 4, 6), (7, 5, 2, 1), (1, 5, '?', 5), (6, 5, '?', 0), (0, 5, 5, 1), ('?', 5, '?', 1), ('?', 5, '?', 7), (1, 5, 2, 1), (1, 5, 5, 6), (2, 5, 2, 1), (6, 5, 0, 4), (0, 5, 6, 2), (2, 5, 5, 1), (0, 5, 1, 4), (4, 5, 0, 5), (0, 5, 5, 4), (3, 5, 5, 0), (1, 5, 6, 4), (2, 5, 6, '?'), (0, 5, 7, 4), (6, 5, 4, 7), (0, 5, '?', 7), (1, 5, 4, 1), (1, 5, '?', 0), (0, 5, 1, 0), (5, 5, '?', 3), (2, 5, 2, 6), (6, 5, 5, 2), (1, 5, 2, 6), (6, 5, 4, 7), ('?', 5, 6, 0), (0, 5, '?', 6), ('?', 5, 2, 3), (6, 5, 6, 4), (3, 5, 2, 3), (0, 5, 4, 5), (0, 5, 2, 1), (4, 5, '?', 6), (2, 5, 5, 0), (4, 5, 0, '?'), (3, 5, 4, 6), ('?', 5, 3, 7), (2, 5, 4, 1), (2, 5, 6, 0), (0, 5, 5, 2), (2, 5, 2, 0), (5, 5, 4, 7), (4, 5, '?', 6), (4, 5, 4, 4), (6, 5, 0, 5), (0, 5, 5, 1), (4, 5, '?', 6), (2, 5, 6, 7), (4, 5, 4, '?'), (3, 5, 2, 2), (2, 5, 3, 1), (2, 5, 0, 1), ('?', 5, 4, 3), (3, 5, 2, 5), (6, 5, 4, 1), (5, 5, 4, 3), (3, 5, 5, 5), ('?', 5, 4, 1), (0, 5, 4, '?'), (0, 5, 5, 2), (0, 5, 2, '?'), (2, 5, '?', 1), (0, 5, '?', '?'), (4, 5, 5, 0), (4, 5, '?', '?'), (0, 5, '?', '?'), (3, 5, 4, '?'), (7, 5, '?', 0), (7, 5, 3, 1), (2, 5, 2, 4), ('?', 5, '?', 4), (3, 5, '?', 5), (1, 5, 6, 6), (1, 5, '?', 7), (6, 5, 6, '?'), (0, 5, 0, 4), ('?', 5, 2, 7), ('?', 5, 0, 4), (6, 5, 5, '?'), (2, 5, 6, 3), (7, 5, '?', 6), ('?', 5, 5, 1), (4, 5, 6, '?'), (4, 5, 4, 2), (6, 5, '?', 2), (0, 5, 3, 2), (2, 5, 2, 3), (1, 5, 6, 1), (3, 5, 2, 2), (6, 5, 4, 5), (1, 5, '?', 3), ('?', 5, 6, 6), (0, 5, 4, 6), (3, 5, 4, '?'), (0, 5, 1, 2), (4, 5, 4, 0), (1, 5, 0, 4), (2, 5, 4, 7), (2, 5, 2, '?'), ('?', 5, 4, 3), (4, 5, 6, 6), (0, 5, 7, 7), (1, 5, 2, 3), (7, 5, 0, 4), (2, 5, 2, 1), (1, 5, 3, 6), (6, 5, 0, 4), (0, 5, 0, '?'), (5, 5, 5, 6), (3, 5, 5, '?'), (4, 5, 5, '?'), (5, 5, 4, 1), (2, 5, 5, 6), (2, 5, 4, 6), (3, 5, 2, 2), (0, 5, 5, 1), ('?', 5, '?', 5), (7, 5, 5, 3), (1, 5, 3, '?'), (4, 5, 5, 4), (2, 5, 0, 2), (3, 5, 7, 1), (4, 5, '?', 7), (0, 5, '?', '?'), (0, 5, '?', 5), (2, 5, 4, 0), (3, 5, 4, '?'), (7, 5, 0, 4), (0, 5, 3, 1), (5, 5, '?', 7), (6, 5, '?', 2), (1, 5, 4, 0), (5, 5, '?', 0), ('?', 5, 3, 5), (2, 5, 3, '?'), (1, 5, 4, 0), (2, 5, 4, 4), (2, 5, 0, 6), (2, 5, 6, 0), (3, 5, 6, 0), (6, 5, '?', 7), (2, 5, 5, 0), (7, 5, 0, 5), (2, 5, 2, '?'), (5, 5, 0, 4), (7, 5, 6, 2), (3, 5, '?', 0), (6, 5, 6, 6), ('?', 5, 4, 7), ('?', 5, 1, 0), (6, 5, 6, 6), (6, 5, 5, 2), ('?', 5, 4, 0), (3, 5, 6, 5), (3, 5, 5, 2), (1, 5, 5, 1), (6, 5, '?', 2), (7, 5, 0, 0), (7, 5, 4, 0), (6, 5, 5, 5), (6, 5, 5, 6), (6, 5, 5, 2), (4, 5, '?', 7), ('?', 5, '?', 5), (3, 5, 2, 6), (6, 5, '?', 5), (2, 5, 6, '?'), (2, 5, 7, 5), (1, 5, '?', 6), (5, 5, 4, 2), (2, 5, 1, 0), (5, 5, '?', 5), (0, 5, '?', 6), (3, 5, '?', 1), (3, 5, 4, 6), (3, 5, 5, '?'), (2, 5, 4, 1), (3, 5, 5, 6), (0, 5, 0, 1), (4, 5, 5, 6), (5, 5, 0, 7), ('?', 5, 4, '?'), (0, 5, 2, 4), (0, 5, 4, 5), (3, 5, 4, 4), (2, 5, 4, 0), (5, 5, 5, 5), (1, 5, 4, 6), (2, 5, 3, '?'), (3, 5, 4, 1), (1, 5, '?', 7), (2, 5, 2, 3), (0, 5, 5, 7), (1, 5, '?', '?'), (6, 5, 5, 5), (4, 5, 6, 7), ('?', 5, 4, 4), ('?', 5, 0, 3), (3, 5, 2, 1), ('?', 5, 0, 4), (3, 5, 2, 6), (1, 5, 3, 7), ('?', 5, 3, 2), (7, 5, 6, 0), (0, 5, '?', 3), (7, 5, 0, 0), (2, 5, 6, 3), (0, 5, 7, 7), (3, 5, 6, 2), ('?', 5, 5, 6), (3, 5, 6, '?'), (3, 5, 6, 5), (3, 5, 5, 3), (0, 5, 3, 1), (2, 5, 3, 7), (7, 5, 5, 5), (6, 5, 5, 0), (6, 5, 5, 0), (1, 5, 0, 4), (2, 5, 2, 3), (0, 5, 0, 5), (7, 5, '?', 1), (5, 5, 0, 0), (4, 5, 5, 0), (1, 5, '?', 3), (7, 5, 6, 0), ('?', 5, 2, '?'), (7, 5, 4, 2), ('?', 5, 6, 2), (4, 5, 4, 4), (1, 5, 6, 1), (1, 5, 4, 6), (5, 5, 0, '?'), (3, 5, 4, 6), (1, 5, 2, 5), (4, 5, 4, 4), (5, 5, 0, 5), (4, 5, 4, 7), (4, 5, 4, 1), (2, 5, 6, 5), (5, 5, 4, 3), (3, 5, 4, 5), (3, 5, 3, 1), (1, 5, 5, 4), (7, 5, '?', 5), ('?', 5, 0, 2), (7, 5, 3, 6), (2, 5, '?', 1), (0, 5, 2, 1), (4, 5, 2, 1), (1, 5, 0, 5), (1, 5, 6, 0), (2, 5, '?', 3), (0, 5, 3, '?'), (2, 5, 3, 3), ('?', 5, '?', 0), (2, 5, 6, 7), (0, 5, 0, '?'), (6, 5, 6, '?'), (7, 5, 7, 1), (4, 5, 6, '?'), ('?', 5, 2, 7), (3, 5, 5, '?'), ('?', 5, 3, 1), (2, 5, 4, 3), (4, 5, '?', 3), ('?', 5, 3, 1), (3, 5, 4, 4), (0, 5, 5, 2), (6, 5, 4, '?'), (4, 5, 4, 7), (5, 5, '?', 5), (3, 5, 4, 5), (3, 5, '?', 2), (1, 5, 2, 3), ('?', 5, 4, 6), (3, 5, 5, '?'), (0, 5, 3, 4), (1, 5, '?', 7), (6, 5, 0, 5), (7, 5, 4, '?'), (7, 5, 6, 6), (2, 5, 0, 4), ('?', 5, 4, '?'), (7, 5, 4, '?'), (3, 5, 0, '?'), ('?', 5, 4, 0), (0, 5, 3, '?'), (4, 5, 4, 0), (5, 5, 5, 7), (1, 5, 6, 2), (1, 5, 5, 2), (7, 5, 2, 4), (0, 5, '?', 5), (1, 5, 2, '?'), ('?', 5, 5, 4), (3, 5, 3, 1), (7, 5, '?', 5), ('?', 5, 4, 1), ('?', 5, 5, 3), (2, 5, '?', 6), (1, 5, '?', 3), ('?', 5, 5, 3), (3, 5, '?', 5), (3, 5, 0, 4), (4, 5, 6, 6), (6, 5, 6, 1), (3, 5, '?', 5), (4, 5, 4, 4), (5, 5, 5, 5), (1, 5, 6, 1), ('?', 5, 5, 4), (7, 5, 2, '?'), (4, 5, 4, 7), (0, 5, 7, 0), (0, 5, 6, 0), (4, 5, 5, 4), (7, 5, 6, 4), (6, 5, 5, '?'), ('?', 5, 0, 6), (1, 5, 6, 0), ('?', 5, 4, 4), (7, 5, 1, 2), ('?', 5, 2, 6), (1, 5, '?', 2), (3, 5, 6, 5), (0, 5, 2, 4), (4, 5, 5, 4), (7, 5, 5, 2), (0, 5, 3, 2), (1, 5, '?', 4), (2, 5, 0, 4), (4, 5, 5, 0), (6, 5, 6, 1), (3, 5, 5, 0), (6, 5, '?', '?'), (3, 5, 6, 0), (7, 5, 4, 3), (3, 5, 2, 6), (0, 5, 0, 6), (2, 5, 5, 5), (3, 5, 4, 7), (3, 5, 4, 5), (1, 5, 2, '?'), (4, 5, '?', 5), (4, 5, 5, '?'), ('?', 5, 2, 7), (6, 5, '?', 4), (6, 5, 5, 4), (6, 5, 0, 5), (2, 5, 1, 2), (4, 5, '?', 5), (2, 5, '?', 1), (6, 5, '?', 4), (4, 5, '?', 2), (7, 5, 2, 5), (3, 5, 4, '?'), (1, 5, 5, 4), (2, 5, 5, 5), (1, 5, 3, 7), (0, 5, 6, 2), (2, 5, '?', 0), (2, 5, 5, 0), (1, 5, 3, 6), (6, 5, '?', 5), ('?', 5, '?', 6), ('?', 5, 2, 4), (0, 5, 2, '?'), (6, 5, 5, 0), (1, 5, '?', 2), (5, 5, 5, 7), (3, 5, 2, 3), ('?', 5, 5, 1), (2, 5, '?', 0), (4, 5, 4, 2), (5, 5, 5, 0), (4, 5, 2, '?'), (6, 5, 6, 6), (2, 5, '?', '?'), (0, 5, 2, 6), (1, 5, 2, 5), (3, 5, 5, '?'), (5, 5, '?', 6), (1, 5, 4, 0), (1, 5, 4, 3), (4, 5, 1, 2), (6, 5, 0, 7), (4, 5, 6, 4), (2, 5, 5, 4), (2, 5, '?', 4), (1, 5, 3, 5), ('?', 5, '?', 4), (5, 5, 4, 2), (6, 5, '?', 3), (0, 5, 5, 1), ('?', 5, 1, 0), (5, 5, 5, 2), (2, 5, '?', '?'), (1, 5, 4, 3), (2, 5, 0, 1), (0, 5, 4, 1), (2, 5, 7, 3), (4, 5, 4, 2), (7, 5, 6, 2), (6, 5, 4, 2), (2, 5, 5, 0), ('?', 5, 3, 0), (0, 5, 2, '?'), (3, 5, 4, 3), (7, 5, '?', '?'), (2, 5, 2, '?'), (1, 5, '?', 6), (4, 5, 5, 7), (0, 5, 1, 1), (5, 5, 3, 4), (3, 5, 4, 6), (1, 5, 2, 2), (7, 5, 4, '?'), (1, 5, 3, 5), ('?', 5, 0, 0), (1, 5, 3, 6), ('?', 5, 6, 4), (2, 5, 5, 3), ('?', 5, '?', 3), (4, 5, '?', 5), (7, 5, 2, 4), (7, 5, 2, 1), (5, 5, '?', 6), (0, 5, 3, 4), (2, 5, '?', 2), (2, 5, 2, 0), (6, 5, 4, 2), (3, 5, 2, 2), (6, 5, 5, 5), (0, 5, '?', 4), (0, 5, 0, 5), (7, 5, 2, 2), (1, 5, 4, 7), (3, 5, '?', '?'), (6, 5, '?', 2), (3, 5, 2, 5), (3, 5, 5, 5), (7, 5, 2, 5), (6, 5, 2, 1), (5, 5, 5, 2), (0, 5, 6, '?'), (3, 5, 4, 3), (5, 5, 5, 3), (2, 5, 6, 7), (6, 5, 4, 1), (4, 5, 4, 7), (7, 5, 6, 2), ('?', 5, 2, 1), (2, 5, 4, 7), (2, 5, 1, '?'), (4, 5, '?', 0), ('?', 5, 2, 5), (0, 5, 7, 7), (2, 5, 3, '?'), ('?', 5, 3, 4), (1, 5, 4, 4), (0, 5, 4, 1), (2, 5, '?', 2), (2, 5, 4, 3), (6, 5, '?', 3), (1, 5, 2, 1), (7, 5, 3, 2), (7, 5, 4, 2), (6, 5, 5, 1), (1, 5, 5, 1), (1, 5, 4, 2), ('?', 5, 4, 0), (6, 5, 5, 1), (1, 5, '?', 2), (3, 5, 6, '?'), (1, 5, 4, 4), (7, 5, 5, 3), (1, 5, '?', 3), (0, 5, '?', 1), (1, 5, 3, 2), (5, 5, '?', 3), (2, 5, 5, 1), ('?', 5, '?', 4), (0, 5, '?', 1), (3, 5, 5, 0), (4, 5, '?', 6), (1, 5, 4, 4), (0, 5, 7, 4), (2, 5, 2, 3), ('?', 5, 4, 6), (1, 5, 4, 7), (2, 5, 5, 3), ('?', 5, '?', 3), (3, 5, '?', 0), (0, 5, 5, 3), ('?', 5, 5, 0), (5, 5, 4, 2), ('?', 5, 4, 2), (7, 5, 2, 7), (0, 5, '?', 4), (2, 5, 6, 6), ('?', 5, 3, 7), (1, 5, 4, 4), ('?', 5, '?', 0), (0, 5, '?', 6), (0, 5, 1, '?'), ('?', 5, 3, 2), (5, 5, '?', 0), (2, 5, 5, 0), (3, 5, 0, 2), (7, 5, 5, 2), (1, 5, 5, 4), (7, 5, 5, '?'), (3, 5, 6, '?'), (6, 5, 4, '?'), (2, 5, '?', 4), (5, 5, 5, 4), ('?', 5, '?', 3), (2, 5, 6, 4), (4, 5, 6, 6), (1, 5, 3, 7), (0, 5, '?', 4), (3, 5, '?', 5), (4, 5, 6, 1), (6, 5, 0, 1), (2, 5, 3, 7), (0, 5, 4, 0), ('?', 5, 6, 0), (2, 5, 0, '?'), (3, 5, 6, 0), (3, 5, '?', 6), (7, 5, 4, 3), (4, 5, '?', 3), (3, 5, 4, 3), ('?', 5, 5, 3), (3, 5, 4, '?'), (2, 5, 4, 4), (6, 5, '?', '?'), (0, 5, 5, '?'), (4, 5, '?', 5), (4, 5, '?', 0), (5, 5, 4, 0), (4, 5, '?', 5), (3, 5, '?', 4), (3, 5, '?', 4), (1, 5, 6, 0), (2, 5, 6, 5), (4, 5, 2, 5), (7, 5, '?', 3), (2, 5, '?', 5), ('?', 5, 4, 0), ('?', 5, 3, 6), (3, 5, 6, 6), (2, 5, 5, 5), (2, 5, 6, 0), (4, 5, 4, '?'), (6, 5, 4, 6), (6, 5, 4, 6), (6, 5, '?', 7), (2, 5, 0, '?'), (6, 5, 2, 4), (4, 5, '?', 2), (3, 5, 6, 2), (4, 5, '?', 2), (3, 5, 2, 2), (3, 5, 4, 2), (5, 5, 5, 3), (3, 5, 6, 7), (0, 5, 5, 2), (0, 5, 0, 6), (1, 5, 4, 7), (0, 5, 0, 4), (2, 5, 1, 7), (7, 5, '?', 0), ('?', 5, 2, 7), (2, 5, 4, 3), (7, 5, '?', 0), (3, 5, 4, 7), (6, 5, 7, 7), (3, 5, 0, 6), (0, 5, 4, 6), (2, 5, 2, 0), (0, 5, '?', 5), (2, 5, 3, 7), (0, 5, 6, '?'), (2, 5, '?', 6), (5, 5, 4, '?'), (4, 5, 6, '?'), (7, 5, 3, 2), (3, 5, 6, 5), ('?', 5, 4, 6), (0, 5, '?', 1), (0, 5, 5, 1), (7, 5, 6, 2), ('?', 5, 4, 4), (0, 5, 3, 7), (2, 5, 0, 2), (0, 5, 5, '?'), (2, 5, 6, 5), ('?', 5, 4, 1), (1, 5, 3, 7), (2, 5, 3, 5), (7, 5, 6, '?'), (2, 5, 4, 2), (2, 5, 5, 4), (2, 5, 5, 4), (3, 5, 5, 0), (5, 5, 0, 5), (1, 5, '?', 6), (0, 5, 0, 4), ('?', 5, 4, 2), (1, 5, 2, 7), (1, 5, 4, 1), (6, 5, 0, 1), (7, 5, '?', 0), (5, 5, 3, 2), (2, 5, 3, 3), (6, 5, 6, 4), (6, 5, 5, 1), (0, 5, 4, 4), (2, 5, '?', 1), (2, 5, '?', 5), (0, 5, 5, 4), (5, 5, 2, 3), (1, 5, 2, 1), (7, 5, 3, 0), (7, 5, 1, 2), (3, 5, 5, 4), (0, 5, 6, 1), ('?', 5, 6, 0), (6, 5, 0, 6), (6, 5, 5, 5), (4, 5, 4, 0), (7, 5, 1, 2), (1, 5, 3, 5), (0, 5, 6, '?'), (7, 5, 3, 1), (7, 5, '?', 7), ('?', 5, 4, 5), (2, 5, '?', 5), (5, 5, '?', 7), (0, 5, '?', 7), (3, 5, 2, 5), (2, 5, 2, 3), (7, 5, 2, 5), (5, 5, '?', 6), ('?', 5, 4, 7), (7, 5, 2, 6), (3, 5, 0, 2), (3, 5, 2, 2), (3, 5, 0, 4), (7, 5, 4, 0), (4, 5, 5, 2), (7, 5, '?', 5), ('?', 5, 6, 6), (4, 5, 4, 6), (6, 5, '?', 0), (0, 5, 5, 4), (1, 5, 3, 7), (4, 5, '?', 7), (7, 5, 5, 6), (0, 5, '?', '?'), (2, 5, 4, 6), (0, 5, 2, 3), (2, 5, '?', 3), (3, 5, '?', 1), (4, 5, 6, 6), ('?', 5, 0, 0), (4, 5, 5, 1), (5, 5, 5, 1), ('?', 5, '?', 7), (0, 5, 5, 3), (7, 5, 4, '?'), (3, 5, '?', 3), (0, 5, '?', '?'), (3, 5, '?', 2), ('?', 5, 2, 5), ('?', 5, 2, '?'), (5, 5, '?', 2), (0, 5, 5, 6), (2, 5, 2, 3), (6, 5, 4, 2), (4, 5, 0, 5), (2, 5, '?', 2), (5, 5, '?', 6), (3, 5, '?', '?'), (4, 5, 5, 0), (2, 5, '?', 3), (7, 5, 4, 2), (4, 5, 2, 2), (2, 5, 2, 3), (4, 5, 2, 4), (6, 5, 0, 1), (0, 5, 4, 1), (7, 5, 2, 6), (6, 5, 5, 0), (6, 5, 6, 4), (3, 5, 4, 7), (4, 5, '?', 7), ('?', 5, 2, 6), (6, 5, 4, 5), (1, 5, 5, 6), (7, 5, 4, 4), (5, 5, 4, '?'), (2, 5, 6, 6), ('?', 5, 4, 2), (7, 5, 5, 1), (7, 5, 3, 7), (1, 5, 3, 2), ('?', 5, 5, 5), (7, 5, 3, 3), (0, 5, 4, 1), (5, 5, 5, 2), (4, 5, 2, '?'), (7, 5, 6, 4), (4, 5, '?', 3), (7, 5, '?', 5), (2, 5, 5, 5), (4, 5, 4, 6), (6, 5, 0, 4), (5, 5, 5, 4), (1, 5, 4, 6), ('?', 5, 2, 4), (3, 5, 0, 6), (0, 5, '?', 1), (4, 5, 4, 6), (4, 5, 2, 6), (5, 5, '?', 6), (2, 5, 5, 6), (6, 5, 5, '?'), ('?', 5, 5, 4), (4, 5, 2, 7), (0, 5, 4, 0), (3, 5, 5, 6), (0, 5, 2, 6), (4, 5, 5, 1), (5, 5, 4, 7), (2, 5, 6, 6), (2, 5, 3, 2), (2, 5, 3, 5), (1, 5, 2, 2), ('?', 5, '?', 6), (3, 5, '?', 3), (2, 5, 0, 7), (4, 5, 4, 6), (0, 5, 4, 5), (3, 5, 4, 6), (3, 5, '?', 7), ('?', 5, '?', 5), (3, 5, 4, 4), (4, 5, 2, 1), (1, 5, 5, 1), (5, 5, 4, '?'), (0, 5, 4, 0), (3, 5, 5, '?'), (2, 5, 2, 0), (3, 5, 5, 4), (6, 5, 0, 4), (3, 5, 6, 3), (2, 5, '?', 4), (2, 5, 5, 4), (3, 5, 5, 3), (2, 5, 2, 3), (1, 5, 4, 6), (0, 5, 3, 7), (6, 5, 5, 4), (7, 5, 3, 7), (1, 5, 4, 4), (7, 5, 7, 2), (1, 5, 4, '?'), (1, 5, 2, 5), (0, 5, 0, 5), (6, 5, 5, 0), ('?', 5, 0, 4), (3, 5, 5, 5), (6, 5, '?', 4), (0, 5, 2, 3), (2, 5, 6, 3), (2, 5, 6, 7), (4, 5, 4, 6), (0, 5, 3, 4), (7, 5, 4, 2), ('?', 5, 2, 3), (5, 5, '?', 2), (3, 5, 4, 1), (2, 5, 0, 3), (5, 5, 5, 5), (1, 5, 2, 4), ('?', 5, 4, 4), (6, 5, 4, 1), (1, 5, 4, 4), (2, 5, 3, 5), (2, 5, 5, '?'), (3, 5, 5, 3), (5, 5, 5, 6), (3, 5, 0, 3), (7, 5, 5, 3), ('?', 5, 2, '?'), (4, 5, '?', 0), (5, 5, 4, '?'), (2, 5, 2, 1), (6, 5, 4, 2), (5, 5, '?', 7), (7, 5, 4, 2), (2, 5, 5, 7), (5, 5, '?', 3), (1, 5, 6, 2), (2, 5, 3, 7), (7, 5, 5, 3), ('?', 5, '?', 6), (1, 5, 3, 2), (4, 5, '?', 2), (2, 5, 5, 0), (6, 5, 4, 5), (3, 5, 2, 3), (2, 5, '?', '?'), (3, 5, '?', 6), (3, 5, 4, 4), (2, 5, 2, '?'), (2, 5, 1, 5), (0, 5, 3, 2), ('?', 5, 4, 1), (7, 5, 5, 2), (6, 5, 0, 4), (1, 5, 3, 5), (2, 5, 3, 3), ('?', 5, '?', 3), (2, 5, 0, 0), ('?', 5, 4, 0), ('?', 5, 2, 4), (1, 5, 2, 5), (6, 5, 6, 4), (2, 5, 5, 1), (6, 5, '?', 4), (1, 5, 0, 4), (6, 5, 4, 6), (7, 5, 5, 3), ('?', 5, 4, 3), (0, 5, '?', '?')]"
"(5, 5, 5, 6, 0)","[(3, 5, 3, 1)]"
"(5, 5, 5, 7, 0)","[(7, 5, 1, '?'), (7, 5, 1, 6), (7, 5, 1, 4), (0, 5, 1, 0), ('?', 5, 1, 5), (2, 5, 1, 5), (0, 5, 1, 4), (7, 5, 1, 4), (0, 5, 1, '?'), (2, 5, 1, 1), (0, 5, 1, 0)]"
"(5, 5, 5, 11, 0)","[(1, 5, 4, 3), (1, 5, 4, 0)]"
"(5, 5, 5, 20, 0)","[(4, 5, 1, 2), (4, 5, 0, 3)]"
"(5, 5, 5, 23, 0)","[(3, 5, 2, 0)]"
"(5, 5, 5, 24, 0)","[(3, 5, 7, 7), (7, 5, 7, 1), (6, 5, 7, 7), (2, 5, 7, 2), ('?', 5, 7, 2), (3, 5, 7, 7), (3, 5, 7, 2), (2, 5, 7, 1), (2, 5, 7, 1), (2, 5, 7, 1), (0, 5, 7, 6), (0, 5, 7, 4), (7, 5, 7, 2), (7, 5, 7, 2), (3, 5, 7, 1), (0, 5, 7, 4), (1, 5, 7, 7), (3, 5, 7, 5), (3, 5, 7, 1), (1, 5, 7, 7), ('?', 5, 7, 7), (2, 5, 7, 3), (3, 5, 7, 1), ('?', 5, 7, 2), (4, 5, 7, 7), (3, 5, 7, 3), (2, 5, 7, 1), (2, 5, 7, 4), (0, 5, 7, 0), (3, 5, 7, 6), (3, 5, 7, '?'), (4, 5, 7, 2), (3, 5, 7, '?'), ('?', 5, 7, 7), (3, 5, 7, 3), (7, 5, 7, 7), (7, 5, 7, 4), (3, 5, 7, 7), ('?', 5, 7, 4), ('?', 5, 7, 6), ('?', 5, 7, 7), (3, 5, 7, 2), (0, 5, 7, 7), (3, 5, 7, 2), (3, 5, 7, 6), (2, 5, 7, 4), (7, 5, 7, '?'), (7, 5, 7, 7), (0, 5, 7, 6), (2, 5, 7, 3), (3, 5, 7, 2), (0, 5, 7, 7), ('?', 5, 7, 7), (0, 5, 7, 2), (2, 5, 7, 3), (0, 5, 7, 4), (4, 5, 7, 7), (1, 5, 7, 7), ('?', 5, 7, 5), (7, 5, 7, 7), ('?', 5, 7, 6), ('?', 5, 7, 7), (1, 5, 7, 7), (0, 5, 7, 7), (0, 5, 7, 5), ('?', 5, 7, 7), (7, 5, 7, 1), ('?', 5, 7, '?'), (4, 5, 7, 7), ('?', 5, 7, 6), (7, 5, 7, 6), (1, 5, 7, 7), (3, 5, 7, '?'), ('?', 5, 7, 6), ('?', 5, 7, 4), (6, 5, 7, 2), ('?', 5, 7, 6), ('?', 5, 7, 7), (7, 5, 7, '?'), (0, 5, 7, 6), (2, 5, 7, 2), ('?', 5, 7, 7), (2, 5, 7, 4), (2, 5, 7, 4), ('?', 5, 7, '?'), (3, 5, 7, 1), (7, 5, 7, 7), (2, 5, 7, 3), (2, 5, 7, 4), (0, 5, 7, 0), (0, 5, 7, 6), ('?', 5, 7, '?'), ('?', 5, 7, '?'), (1, 5, 7, 2), ('?', 5, 7, 4)]"
"(5, 5, 7, 5, 0)","[(2, 5, 1, 1), (0, 5, 1, 3)]"
"(5, 5, 11, 5, 0)","[(6, 5, 4, 6)]"
"(5, 5, 20, 20, 0)","[(4, 5, 1, 2)]"
"(5, 5, 21, 21, 0)","[(4, 5, 7, 2), (4, 5, 7, 2)]"
"(5, 5, 21, 24, 0)","[(4, 5, 7, 3), (4, 5, 7, 3), (3, 5, 7, '?')]"
"(5, 5, 24, 5, 0)","[(2, 5, 7, 6), (3, 5, 7, 4), (2, 5, 7, 0), ('?', 5, 7, 1), (6, 5, 7, 6), (0, 5, 7, 4), (4, 5, 7, 0), (7, 5, 7, '?'), (0, 5, 7, 5)]"
"(5, 5, 24, 24, 0)","[(7, 5, 7, 1), (1, 5, 7, 1), (6, 5, 7, 2), (6, 5, 7, 4), (7, 5, 7, 6), ('?', 5, 7, 7), (0, 5, 7, 6), (0, 5, 7, 0), ('?', 5, 7, 2), (1, 5, 7, 7), (7, 5, 7, 6), (6, 5, 7, 0), (4, 5, 7, 7), (0, 5, 7, 2), (2, 5, 7, 0), (2, 5, 7, 0), (3, 5, 7, 1), (3, 5, 7, 4), (0, 5, 7, 2), (7, 5, 7, 5), (0, 5, 7, 2), (1, 5, 7, 2), (4, 5, 7, 0), (0, 5, 7, 2), (6, 5, 7, 2), (2, 5, 7, 4), (3, 5, 7, 4), (7, 5, 7, 4), (3, 5, 7, 4), ('?', 5, 7, 5), (7, 5, 7, 6), (2, 5, 7, '?'), (3, 5, 7, 7), (0, 5, 7, 0), ('?', 5, 7, 4), (3, 5, 7, 3), ('?', 5, 7, 2), (3, 5, 7, 1), (0, 5, 7, 0), (0, 5, 7, 2), (3, 5, 7, 5), (3, 5, 7, 3), (0, 5, 7, 6), (3, 5, 7, 2), (6, 5, 7, 4), (7, 5, 7, 4), (2, 5, 7, 6), (4, 5, 7, 7), (2, 5, 7, 0), (3, 5, 7, 3), (3, 5, 7, '?'), (7, 5, 7, 4), ('?', 5, 7, 4)]"
"(5, 6, 6, 5, 0)","[(5, 5, 3, 5), (1, 5, 3, 0)]"
"(5, 7, 5, 5, 0)","[(7, 5, 1, 4)]"
"(5, 7, 5, 7, 0)","[(7, 5, 1, '?'), (7, 5, 1, '?')]"
"(5, 11, 5, 5, 0)","[(6, 5, 4, 3)]"
"(6, 1, 1, 1, 0)","[(2, 0, 3, 2)]"
"(6, 1, 1, 6, 0)","[(2, '?', 3, 3), (2, 0, 3, 2)]"
"(6, 1, 23, 23, 0)","[(2, 2, 3, 2), (2, 2, 3, 2), (2, 2, 3, 2)]"
"(6, 2, 2, 2, 0)","[(5, 4, 3, 2)]"
"(6, 2, 2, 6, 0)","[(5, 4, 3, 3)]"
"(6, 2, 6, 6, 0)","[(7, 4, 3, 0), (5, 4, 3, 3)]"
"(6, 5, 5, 5, 0)","[(0, 5, 3, 7), (5, 5, 3, 7), (4, 5, 3, 6), (1, 5, 3, 0), (7, 5, 3, 1), (5, 5, 3, 4), (3, 5, 3, 6), (4, 5, 3, 4), (6, 5, 3, '?'), (3, 5, 3, 1), (0, 5, 3, 1), (1, 5, 3, 4), (4, 5, 3, 1), (7, 5, 3, 0), (1, 5, 3, 3), (5, 5, 3, 0), (6, 5, 3, 7), (5, 5, 3, '?'), (1, 5, 3, 5), (1, 5, 3, 4), (2, 5, 3, 0), (5, 5, 3, 4), (4, 5, 3, 4), (5, 5, 3, 7), ('?', 5, 3, 7), (3, 5, 3, 1), (2, 5, 3, 0), (0, 5, 3, '?'), (7, 5, 3, 0), (6, 5, 3, 1), (7, 5, 3, 0), ('?', 5, 3, 6), (7, 5, 3, 1), (7, 5, 3, 7), (1, 5, 3, '?'), (0, 5, 3, 4), (5, 5, 3, 5), ('?', 5, 3, 1), ('?', 5, 3, '?'), (7, 5, 3, 5), (2, 5, 3, 0), ('?', 5, 3, 0), (7, 5, 3, 7), (1, 5, 3, 5), (5, 5, 3, 7), (7, 5, 3, 0), (1, 5, 3, 6), (2, 5, 3, 1), (7, 5, 3, 5), (0, 5, 3, 2), (2, 5, 3, 1), (2, 5, 3, 5), (2, 5, 3, 1), (7, 5, 3, 3), (0, 5, 3, 3), ('?', 5, 3, 4), (0, 5, 3, 7), (0, 5, 3, 7), (7, 5, 3, 0), (0, 5, 3, 7), (0, 5, 3, '?'), ('?', 5, 3, 3), (0, 5, 3, 3), (1, 5, 3, 3), (2, 5, 3, '?'), (4, 5, 3, 6), ('?', 5, 3, 4), (0, 5, 3, '?'), (3, 5, 3, 1), (0, 5, 3, 1), (1, 5, 3, 4), (7, 5, 3, 5), (0, 5, 3, 0), (7, 5, 3, 1), (2, 5, 3, '?')]"
"(6, 5, 5, 6, 0)","[(3, 5, 3, 4), (6, 5, 3, 2), (5, 5, 3, 6), (1, 5, 3, 3), (5, 5, 3, 4), (1, 5, 3, 4), (3, 5, 3, '?')]"
"(6, 5, 6, 5, 0)","[(5, 5, 3, 6), (3, 5, 3, 3), (3, 5, 3, 3), (5, 5, 3, 7), (4, 5, 3, 4), (3, 5, 3, 6), (5, 5, 3, 3), (4, 5, 3, 1), (1, 5, 3, 0), (1, 5, 3, 0), (6, 5, 3, 7), (4, 5, 3, 7), (5, 5, 3, 0), (5, 5, 3, 0), (3, 5, 3, 4), (5, 5, 3, 4), (1, 5, 3, 4), (0, 5, 3, 3), (0, 5, 3, 1), (5, 5, 3, 7), (1, 5, 3, 4), (6, 5, 3, '?'), (5, 5, 3, 7), (1, 5, 3, 0), (6, 5, 3, 2), (6, 5, 3, 2), (5, 5, 3, 6), (1, 5, 3, 4), (5, 5, 3, 6), (5, 5, 3, 2)]"
"(6, 5, 6, 6, 0)","[(3, 5, 3, 4), (5, 5, 3, 3), (4, 5, 3, 7), (6, 5, 3, '?'), (6, 5, 3, 3), (5, 5, 3, 3), (1, 5, 3, 3), (5, 5, 3, 7), (1, 5, 3, 3), (5, 5, 3, 1), (5, 5, 3, '?'), (0, 5, 3, 3), (3, 5, 3, '?'), (4, 5, 3, 4), (6, 5, 3, 1), (4, 5, 3, 1), (3, 5, 3, '?'), (1, 5, 3, 0)]"
"(6, 6, 1, 1, 0)","[(2, 0, 3, 0)]"
"(6, 6, 1, 6, 0)","[(2, 4, 3, 2), (2, '?', 3, 3), (2, 0, 3, 0)]"
"(6, 6, 2, 2, 0)","[('?', 4, 3, 3), ('?', 4, 3, '?'), ('?', 4, 3, 2)]"
"(6, 6, 2, 6, 0)","[(3, 4, 3, '?'), (5, 4, 3, 2), (1, 4, 3, 2), (5, 4, 3, 5), ('?', 4, 3, 4)]"
"(6, 6, 2, 20, 0)","[(4, 4, 3, 7)]"
"(6, 6, 5, 5, 0)","[(2, 5, 3, 0), (2, 5, 3, 0), (2, 5, 3, 0), (5, 5, 3, 0), (0, 5, 3, 0), (5, 5, 3, 6)]"
"(6, 6, 5, 6, 0)","[(4, 5, 3, 1), ('?', 5, 3, 0), (5, 5, 3, 1), (6, 5, 3, 1), (5, 5, 3, 1), (5, 5, 3, 1), (6, 5, 3, 3), (6, 5, 3, 4), (3, 5, 3, 4), (7, '?', 3, 2), (5, 5, 3, 3), (6, 5, 3, 1), ('?', 5, 3, '?'), (5, 5, 3, 0)]"
"(6, 6, 6, 1, 0)","[(2, 0, 3, '?'), (2, 0, 3, 0)]"
"(6, 6, 6, 2, 0)","[(0, 4, 3, 0), ('?', 4, 3, 4), ('?', 4, 3, 4), (7, 4, 3, '?'), (1, 4, 3, 3), (3, 4, 3, 1), ('?', 4, 3, 7), (1, 4, 3, 3), ('?', 4, 3, 0), ('?', 4, 3, 2), ('?', 4, 3, '?')]"
"(6, 6, 6, 5, 0)","[(6, 5, 3, 1), (6, 5, 3, 3), (3, 5, 3, 4), (3, 5, 3, 4), (3, 5, 3, 6), (5, 5, 3, 7), (1, 5, 3, 0), (5, 5, 3, 3), (5, 5, 3, 0), (3, 5, 3, '?'), ('?', 5, 3, 0)]"
"(6, 6, 6, 6, 0)","[('?', 4, 3, 6), ('?', '?', 3, 5), (6, '?', 3, 1), (5, '?', 3, 0), (3, 4, 3, 3), (0, 1, 3, 4), (6, 1, 3, 1), (0, '?', 3, 4), ('?', 0, 3, 0), (7, '?', 3, 2), (1, 0, 3, 7), (3, 0, 3, '?'), (4, 4, 3, '?'), (7, '?', 3, 7), (1, '?', 3, '?'), (0, 1, 3, 5), (7, '?', 3, 4), (0, 4, 3, '?'), (0, 1, 3, 5), (6, 1, 3, 5), ('?', 4, 3, 7), (3, 1, 3, 5), (6, '?', 3, 2), (1, 1, 3, 2), ('?', '?', 3, '?'), (4, 5, 3, 5), ('?', 1, 3, 1), (7, 4, 3, 3), ('?', 1, 3, 7), (5, 2, 3, 4), (3, '?', 3, 6), (3, 4, 3, 0), ('?', '?', 3, 0), (3, 4, 3, 5), (4, 5, 3, 3), (5, 5, 3, '?'), (5, 5, 3, 5), (3, 0, 3, 4), (0, 4, 3, 3), (2, 0, 3, 5), (6, 1, 3, 7), (7, 4, 3, 4), (6, 4, 3, 4), (6, 1, 3, 3), ('?', '?', 3, 5), ('?', '?', 3, 7), (0, 1, 3, 5), (7, 4, 3, 2), (4, 4, 3, 5), (1, 0, 3, 0), (0, '?', 3, 7), (2, 4, 3, 5), (7, '?', 3, 6), (7, '?', 3, 7), (2, '?', 3, 5), (2, 4, 3, '?'), (2, '?', 3, 0), (3, 4, 3, 3), (0, '?', 3, 4), (3, '?', 3, 5), (2, 1, 3, 1), (3, '?', 3, 0), ('?', '?', 3, 6), (4, '?', 3, 3), (3, 4, 3, '?'), ('?', '?', 3, 7), (0, 4, 3, '?'), ('?', 4, 3, 6), (5, '?', 3, 0), (6, 1, 3, 0), (1, '?', 3, 3), (6, 5, 3, 3), (1, 2, 3, 1), (5, 4, 3, 2), (1, 1, 3, 5), (0, 4, 3, 5), (1, 4, 3, 7), (4, 1, 3, 5), (1, 1, 3, 7), (4, 4, 3, 6), (1, 4, 3, 0), (4, 1, 3, 5), (3, 1, 3, 6), (4, 1, 3, 3), (5, '?', 3, 5), (3, 4, 3, 4), (2, '?', 3, 5), (6, '?', 3, 7), ('?', '?', 3, 0), ('?', 7, 3, 1), (6, '?', 3, 7), (7, '?', 3, 4), (0, 4, 3, 5), ('?', '?', 3, 6), ('?', '?', 3, 5), (1, 1, 3, '?'), (4, 1, 3, 7), (6, 5, 3, 7), (5, 4, 3, 5), (1, 1, 3, '?'), (3, 4, 3, 5), (0, 4, 3, 6), (4, 1, 3, '?'), (4, 4, 3, 1), (3, '?', 3, 4), (5, '?', 3, 6), ('?', '?', 3, 4), (3, 2, 3, 4), (1, 0, 3, '?'), (4, 5, 3, 3), ('?', '?', 3, 7), (6, 4, 3, 6), (3, 1, 3, 2), (3, 1, 3, 6), (2, 0, 3, 4), (1, '?', 3, 1), ('?', 4, 3, 6), (5, '?', 3, 1), (6, 4, 3, 3), (6, 1, 3, '?'), ('?', 4, 3, 3), (1, '?', 3, 2), (5, 4, 3, 2), (7, 4, 3, 7), (1, '?', 3, 6), (7, 4, 3, 1), (5, 4, 3, 5), (2, '?', 3, 5), (1, 4, 3, 7), (6, 4, 3, 7), (3, 7, 3, 1), (3, '?', 3, 1), (4, 4, 3, 6), (1, 0, 3, 0), (4, 4, 3, 5), (4, 4, 3, 5), (3, 4, 3, 0), ('?', 1, 3, 6), (4, 4, 3, 4), (2, 4, 3, 1), (6, '?', 3, 6), ('?', 4, 3, 5), (3, 4, 3, 0), (6, 1, 3, 3), (2, 4, 3, 6), (0, '?', 3, 7), (6, 1, 3, 3), (6, '?', 3, 6), (3, '?', 3, 0), (7, 4, 3, 0), (2, '?', 3, 0), (6, 6, 3, 6), (3, 1, 3, 5), ('?', '?', 3, 6), (4, 4, 3, 1), (0, '?', 3, 7), (5, 0, 3, 1), ('?', 4, 3, '?'), ('?', 4, 3, 7), (2, '?', 3, 1), (1, 0, 3, 1), (4, '?', 3, '?'), (6, 0, 3, 5), (3, '?', 3, 4), ('?', 4, 3, 5), (4, 1, 3, 3), (6, 5, 3, 4), (6, 1, 3, '?'), (4, 5, 3, 3), (0, 4, 3, '?'), ('?', 1, 3, 4), (5, 5, 3, 3), (5, '?', 3, '?'), (6, 1, 3, 1), (0, 4, 3, 1), (6, 5, 3, 6), (3, 4, 3, 4), (3, 1, 3, 2), ('?', 4, 3, '?'), (2, '?', 3, 7), (6, '?', 3, 5), (1, '?', 3, 2), (6, 4, 3, 7), (0, 4, 3, 4), (6, 0, 3, 0), (1, '?', 3, 2), (2, 1, 3, 4), (7, '?', 3, '?'), (6, '?', 3, 3), (1, 1, 3, 4), (4, '?', 3, 5), (0, '?', 3, 5), (0, 1, 3, 3), (5, 0, 3, '?'), ('?', 4, 3, 3), (1, 1, 3, 5), (1, 2, 3, 0), (4, 1, 3, 3), ('?', 1, 3, 6), (5, 4, 3, '?'), (4, 4, 3, 5), (4, 4, 3, '?'), ('?', '?', 3, 1), (0, 1, 3, 4), (0, 4, 3, 2), (4, '?', 3, 4), ('?', 5, 3, 0), (7, '?', 3, 6), (5, 4, 3, 6), (6, '?', 3, 3), ('?', '?', 3, 4), (4, 4, 3, 1), (0, 1, 3, 5), (1, 4, 3, 6), (0, 4, 3, 7), (7, '?', 3, 1), ('?', 4, 3, 4), (2, '?', 3, 6), (6, 5, 3, 7), (3, 4, 3, '?'), (4, '?', 3, 2), (6, 6, 3, 4), (6, 4, 3, 4), (3, 1, 3, 0), (4, '?', 3, 5), (1, 1, 3, 7), (3, 4, 3, 5), (7, '?', 3, 7), (2, '?', 3, 3), (4, 1, 3, '?'), (3, '?', 3, 1), ('?', 1, 3, 1), (6, '?', 3, 0), ('?', 4, 3, 6), (6, '?', 3, 6), ('?', 1, 3, 1), (3, 4, 3, 3), (6, 4, 3, 1), (5, 0, 3, 0), (4, 1, 3, 2), (5, 4, 3, 6), (4, 4, 3, 4), (3, 4, 3, '?'), (3, '?', 3, 0), (0, 1, 3, 4), (3, 1, 3, '?'), (2, 4, 3, 4), (7, '?', 3, 6), (1, 0, 3, 3), (1, '?', 3, '?'), (0, 4, 3, 4), (3, '?', 3, 1), (5, 5, 3, 3), (2, 4, 3, 1), (0, 4, 3, 4), (6, '?', 3, 0), ('?', 4, 3, 0), (1, '?', 3, 4), (0, 4, 3, 6), (0, 4, 3, 3), (6, 4, 3, 3), (1, 4, 3, 3), (1, 1, 3, '?'), (1, 1, 3, 4), (4, 0, 3, 1), (0, '?', 3, 4), (7, '?', 3, 6), (0, 4, 3, 3), (4, 1, 3, '?'), (6, 5, 3, 6), (1, 1, 3, 5), (0, 4, 3, 5), (2, 1, 3, 4), (6, 5, 3, 7), (6, 5, 3, 7), (2, 2, 3, 0), (3, '?', 3, '?'), (1, 4, 3, 4), (7, '?', 3, 6), (1, 4, 3, '?'), (0, 4, 3, 1), (5, 4, 3, '?'), (6, '?', 3, 7), (7, 4, 3, 2), (3, '?', 3, 1), (1, 1, 3, 6), ('?', '?', 3, 3), (1, '?', 3, 4), (1, '?', 3, 4), (1, 0, 3, 0), (3, 4, 3, '?'), ('?', '?', 3, 5), (2, '?', 3, 3), (0, 4, 3, 7), (6, 1, 3, 2), (6, 4, 3, 6), (3, 1, 3, 0), (1, 1, 3, 5), (6, 5, 3, 4), (0, 4, 3, 4), (4, 4, 3, 1), (7, '?', 3, 1), (0, 4, 3, 0), ('?', 4, 3, 4), (4, 4, 3, 4), (1, 0, 3, 3), (6, 0, 3, 0), (2, '?', 3, '?'), (0, 4, 3, 7), (6, 5, 3, '?'), ('?', 4, 3, 3), (1, '?', 3, 2), (5, '?', 3, 6), ('?', 4, 3, '?'), (3, 4, 3, 5), ('?', '?', 3, 3), (7, 4, 3, 4), (4, '?', 3, 4), (6, 1, 3, 5), (4, 5, 3, 1), (3, 0, 3, 5), ('?', 4, 3, 1), (1, 4, 3, 0), (6, 5, 3, 3), ('?', 3, 3, 4), (6, 4, 3, 4), (5, 0, 3, 0), ('?', 1, 3, 5), (5, '?', 3, 5), (6, '?', 3, 1), (6, '?', 3, 5), (0, 1, 3, 1), (6, '?', 3, '?'), (6, 1, 3, 7), (0, 4, 3, 7), (1, 0, 3, 0), (1, 4, 3, 2), (1, '?', 3, 1), (1, 4, 3, 1), (7, '?', 3, 2), (1, 0, 3, '?'), (1, '?', 3, 2), (6, 0, 3, 0), (6, '?', 3, 2), (7, 4, 3, 3), (1, 1, 3, 7), (2, 1, 3, 5), (1, 1, 3, 3), (6, 4, 3, 3), (4, 1, 3, '?'), (1, '?', 3, 7), (3, 4, 3, 5), (5, 0, 3, '?'), (1, 4, 3, 6), (0, 4, 3, 6), (6, 1, 3, 6), (4, 5, 3, 5), (6, 5, 3, 6), (6, 5, 3, 6), (4, 0, 3, 7), (4, 5, 3, 3), (1, 0, 3, 4), (4, 5, 3, 3), (2, 4, 3, 4), (1, 4, 3, 2), (3, '?', 3, 0), (6, '?', 3, 1), (6, 3, 3, 7), (5, 0, 3, 0), (2, 4, 3, 3), ('?', 4, 3, 5), (0, 1, 3, 0), (1, '?', 3, 6), ('?', 0, 3, 5), (3, 1, 3, 5), (6, 1, 3, 7), (5, '?', 3, 6), (7, 4, 3, 4), ('?', '?', 3, 1), (3, 1, 3, 1), (3, 0, 3, 5), (4, 1, 3, 5), (1, 1, 3, 2), (0, 4, 3, 1), (1, 0, 3, 1), (3, 5, 3, 6), (1, 0, 3, 6), (0, 4, 3, 5), (4, 5, 3, 5), (2, '?', 3, 0), ('?', 4, 3, 0), (4, '?', 3, 6), (6, '?', 3, 7), (1, 0, 3, 3), (3, 2, 3, 5), (1, 0, 3, 3), (3, 1, 3, 2), (0, 4, 3, 2), (0, 4, 3, 2), (0, 4, 3, 3), (6, 5, 3, '?'), (1, 1, 3, 0), (3, 4, 3, 5), (7, 4, 3, 6), (4, 1, 3, 3), (3, 1, 3, 6), (2, '?', 3, 5), ('?', 4, 3, 4), (6, '?', 3, 5), ('?', 4, 3, 3), ('?', '?', 3, 6), (6, 4, 3, 3), ('?', 1, 3, 4), (4, 4, 3, '?'), (3, 7, 3, '?'), (0, 1, 3, 0), (1, '?', 3, 3), (5, '?', 3, 0), (4, 4, 3, 2), (1, 1, 3, 5), (4, 0, 3, 5), (1, 4, 3, 6), (1, 1, 3, 0), (4, 5, 3, 5), (2, '?', 3, 6), (0, 0, 3, 4), (3, 5, 3, 6), (1, 1, 3, 6), (6, '?', 3, 6), (1, 0, 3, 6), (4, '?', 3, 3), (2, '?', 3, 6), (4, 1, 3, 7), (1, 0, 3, 5), (1, 1, 3, 0), (0, 4, 3, 7), (1, '?', 3, 1), ('?', 6, 3, 6), (6, 5, 3, 3), (1, 2, 3, 4), (2, '?', 3, 1), (4, 4, 3, 2), (2, 4, 3, 6), (6, 1, 3, 5), ('?', 4, 3, 1), (5, '?', 3, 5), (1, '?', 3, 7), (7, '?', 3, 1), (4, '?', 3, '?'), (3, '?', 3, 2), (6, 0, 3, 7), (2, '?', 3, 3), (3, 4, 3, 1), ('?', '?', 3, 7), (2, 4, 3, '?'), (7, 4, 3, '?'), (0, 0, 3, 1), (7, 4, 3, 5), (6, 0, 3, 7), (7, 4, 3, 6), (2, 4, 3, 4), (4, 5, 3, 5), (6, 4, 3, 7), (4, 4, 3, '?'), (6, '?', 3, 5), (1, 4, 3, 1), (2, 4, 3, 1), ('?', 4, 3, 7), (0, '?', 3, 5), (4, 0, 3, 5), (1, 5, 3, 0), (4, '?', 3, '?'), ('?', 1, 3, 4), (1, '?', 3, 5), (2, 1, 3, 4), (4, '?', 3, 6), (5, '?', 3, 0), (6, 1, 3, 1), (1, 1, 3, 7), (3, 4, 3, 4), (7, 4, 3, 0), (3, '?', 3, 4), (4, 0, 3, 5), (1, 1, 3, 5), (4, 1, 3, 3), (0, 0, 3, 0), (3, '?', 3, '?'), (2, '?', 3, 0), (1, 1, 3, '?'), (6, 4, 3, 7), (6, '?', 3, 7), (6, '?', 3, '?'), (2, '?', 3, 1), (1, 1, 3, 1), (0, 4, 3, '?'), (3, 6, 3, 4), (6, 5, 3, 4), (6, 4, 3, 4), (3, 1, 3, 2), (0, 4, 3, 4), (5, '?', 3, '?'), (7, 4, 3, 1), (4, 1, 3, 7), (3, 1, 3, 5), (1, 0, 3, 3), (1, 4, 3, '?'), (3, '?', 3, 0), (3, 1, 3, 5), (0, 4, 3, 7), (4, '?', 3, 3), ('?', '?', 3, 5), (4, 0, 3, 7), (3, 5, 3, 3), (2, '?', 3, 6), (3, 1, 3, 5), (6, 1, 3, '?'), (1, 1, 3, 1), (1, 6, 3, 0), (6, 0, 3, 5), (2, 2, 3, 0), (0, 1, 3, 1), (2, '?', 3, 5), (1, 4, 3, 7), (6, 1, 3, 1), (4, 1, 3, 3), (1, 1, 3, 5), (7, 4, 3, 5), (0, 4, 3, 6), (0, '?', 3, 5), (2, '?', 3, 6), (4, '?', 3, 6), (0, 4, 3, 4), (4, '?', 3, 6), (1, 4, 3, 4), (1, 1, 3, 0), (6, 6, 3, 4), (6, 0, 3, 7), (6, 3, 3, 7), (3, '?', 3, 0), (6, 4, 3, 6), (2, 4, 3, 3), (3, '?', 3, '?'), (6, 6, 3, 5), (3, 5, 3, 0), (6, 0, 3, 7), (4, '?', 3, 4), (2, 0, 3, 4), (3, '?', 3, '?'), (4, 4, 3, 7), (1, '?', 3, 5), (0, 4, 3, 4), (3, 4, 3, 0), (2, 4, 3, '?'), (0, 4, 3, 0), (1, 1, 3, '?'), (6, '?', 3, 6), (5, 2, 3, 4), (2, '?', 3, '?'), (1, 4, 3, 4), (1, 1, 3, 2), (1, '?', 3, 6), (4, 0, 3, 0), (3, 5, 3, 6), (6, '?', 3, 6), (3, 1, 3, '?'), (3, 0, 3, 1), ('?', '?', 3, 5), (1, 1, 3, 0), (1, 0, 3, 0), (6, 6, 3, 4), (3, 0, 3, 5), (1, 2, 3, 6), (3, 4, 3, '?'), (0, 0, 3, 1), (7, '?', 3, '?'), ('?', '?', 3, 7), (3, 6, 3, 4), (7, 4, 3, 1), (5, 4, 3, 6), ('?', 4, 3, 2), ('?', '?', 3, 4), ('?', '?', 3, 1), (6, 4, 3, 3), (5, '?', 3, 1), (2, '?', 3, 1), (1, 2, 3, 0), ('?', 1, 3, 4), ('?', 3, 3, 3), (0, 0, 3, 5), (7, 4, 3, 3), (2, 4, 3, 6), (0, '?', 3, 4), (7, 4, 3, 3), (6, 1, 3, 6), (6, 0, 3, 7), (5, 0, 3, 0), (7, '?', 3, 5), (4, 0, 3, 1), ('?', 1, 3, 1), (7, '?', 3, 1), (5, '?', 3, 1), (3, '?', 3, 2), (3, 1, 3, '?'), (2, 4, 3, '?'), (7, 4, 3, 7), (7, 4, 3, '?'), (3, '?', 3, 2), ('?', 4, 3, 1), (3, 4, 3, 4), (2, '?', 3, 7), (1, 4, 3, 4), (3, 0, 3, 4), (4, 5, 3, 5), (2, 0, 3, '?'), (1, 0, 3, 4), (0, '?', 3, 5), (6, 1, 3, 6), (1, '?', 3, 1), (1, 4, 3, 3), (4, 0, 3, 5), (2, 0, 3, '?'), (3, 4, 3, 3), (6, '?', 3, 3), (4, 7, 3, 5), ('?', 1, 3, 4), (4, 1, 3, 5), (6, 3, 3, 3), (6, '?', 3, '?'), (3, '?', 3, 1), (2, '?', 3, 6), (2, 0, 3, 4), (7, '?', 3, 5), (1, 1, 3, 1), ('?', '?', 3, '?'), (2, '?', 3, 6), (3, 6, 3, 4), ('?', 1, 3, 7), (0, 3, 3, 3), (5, 0, 3, 0), ('?', 4, 3, 3), (7, 4, 3, 0), (3, 6, 3, 4), (3, 2, 3, 5), (3, 4, 3, 4), (4, 4, 3, 3), ('?', 4, 3, 7), (6, 1, 3, 5), (6, '?', 3, 6), (2, 2, 3, 0), ('?', 1, 3, 5), (5, '?', 3, 1), (0, '?', 3, 4), (3, 4, 3, 1), (4, 0, 3, 1), (3, 1, 3, 1), (3, 2, 3, 0), (4, 1, 3, 4), (3, 1, 3, 1), ('?', '?', 3, 3), ('?', 1, 3, 3), (6, 0, 3, 2), (4, 5, 3, 7), (3, '?', 3, '?'), ('?', 4, 3, 4), (6, 6, 3, 1), (6, 1, 3, 7), ('?', '?', 3, '?'), (1, 4, 3, 0), (3, 1, 3, 0), (4, 4, 3, '?'), (3, '?', 3, 4), (6, 5, 3, 6), (3, 4, 3, 1), (0, '?', 3, 5), ('?', '?', 3, 7), (7, 4, 3, 4), (2, 4, 3, 5), (6, 4, 3, 0), (3, 0, 3, 1), (1, 0, 3, 4), (4, 1, 3, 7), (2, 4, 3, 2), (6, 1, 3, 6), (1, 1, 3, 4), ('?', '?', 3, 0), (2, 4, 3, 5), (6, 0, 3, 2), (4, 0, 3, 7), (4, '?', 3, 1), (1, '?', 3, 6), ('?', 1, 3, 0), (1, 5, 3, 0), (1, '?', 3, 5), (4, 1, 3, 7), (4, 1, 3, '?'), (1, '?', 3, 7), (4, 5, 3, 7), (0, '?', 3, 7), (0, 4, 3, 4), (6, '?', 3, 0), (2, 0, 3, 5), (3, 4, 3, 5), (4, 4, 3, 4), (0, '?', 3, 4), ('?', 4, 3, 7), (6, 6, 3, 1), (1, 0, 3, 5), (2, 4, 3, 3), (3, '?', 3, 6), (5, '?', 3, 2), (2, 4, 3, '?'), (1, 1, 3, 3), (7, '?', 3, '?'), (6, 1, 3, 3), ('?', 1, 3, 3), (1, 4, 3, 0), (0, 0, 3, 4), (3, 4, 3, '?'), (3, 2, 3, 4), ('?', 1, 3, 5), (0, 1, 3, 3), (1, 1, 3, 6), (1, '?', 3, 5), (6, 3, 3, 3), ('?', 4, 3, 3), (3, 7, 3, '?'), (6, 5, 3, 6), (6, 6, 3, 4), (4, 4, 3, 6), (4, 1, 3, 4), (1, 1, 3, 1), (3, 0, 3, 1), ('?', 4, 3, 1), ('?', 1, 3, 7), (3, 1, 3, 6), (3, 5, 3, 4), (2, '?', 3, 5), ('?', 1, 3, 5), (7, '?', 3, 1), (6, 4, 3, 1), (3, 2, 3, '?'), (3, 4, 3, 1), (3, 1, 3, 1), (3, 2, 3, '?'), (1, 4, 3, 3), (6, 4, 3, 6), (4, '?', 3, 3), (0, '?', 3, 1), (5, '?', 3, 0), (2, '?', 3, 7), (4, 0, 3, 3), (6, 3, 3, 3), (4, '?', 3, 4), (0, 0, 3, 0), (6, 5, 3, 1), (4, 5, 3, 5), (6, 0, 3, 0), (7, 4, 3, '?'), ('?', 4, 3, 6), (5, '?', 3, 1), (3, '?', 3, 5), (3, '?', 3, 6), (1, '?', 3, 4), ('?', 1, 3, 3), (5, '?', 3, 0), ('?', 4, 3, 2), (1, 4, 3, '?'), (4, 5, 3, 3), ('?', 1, 3, 3), (7, 4, 3, 3), (2, 4, 3, 6), (6, '?', 3, 1), (0, 1, 3, 4), ('?', 4, 3, 2), (7, 4, 3, 2), (1, 1, 3, 3), (3, '?', 3, 1), (3, '?', 3, 4), (1, 1, 3, 7), (2, 4, 3, 5), (6, '?', 3, 5), (4, 0, 3, 1), (6, 1, 3, 1), (1, 1, 3, 3), (0, 4, 3, 2), (3, 2, 3, 4), (6, '?', 3, 7), ('?', 4, 3, 0), (1, 4, 3, 4), ('?', '?', 3, 6), (2, 4, 3, 2), ('?', 4, 3, 1), (1, '?', 3, 5), (7, 4, 3, 7), ('?', 4, 3, 6), (1, 0, 3, 7), (0, 4, 3, 2), (5, 0, 3, 7), ('?', '?', 3, 4), (4, 5, 3, 7), (3, '?', 3, 5), (4, 4, 3, 4), (0, 1, 3, 1), (3, 1, 3, 1), (4, '?', 3, 2), (4, 0, 3, 3), (7, '?', 3, 7), (3, 2, 3, 4), (1, 1, 3, 5), (0, 0, 3, 1), (1, 1, 3, '?'), (2, 4, 3, 2), (4, '?', 3, 4), (2, '?', 3, 5), (3, '?', 3, '?'), (7, 4, 3, 7), (0, '?', 3, 7), (7, '?', 3, '?'), (1, 6, 3, 0), (6, 0, 3, 0), (2, 4, 3, 6), (1, 2, 3, 0), (1, '?', 3, 7), (3, 4, 3, 4), (4, 0, 3, 1), (2, 4, 3, 1), (5, 0, 3, 1), (1, '?', 3, 3), (7, '?', 3, '?'), (1, 0, 3, 5), (5, '?', 3, '?'), (0, 0, 3, 4), (2, 4, 3, 5), (1, 4, 3, 6), (5, '?', 3, 6), (4, 1, 3, 2), (6, 0, 3, 0), (1, 1, 3, 6), ('?', '?', 3, '?'), (1, 0, 3, 4), (0, 0, 3, 0), (0, 4, 3, '?'), ('?', '?', 3, 3), (3, '?', 3, '?'), (1, 0, 3, 0), (0, 1, 3, 4), (0, 4, 3, 0), (2, 4, 3, 4), ('?', '?', 3, 3), (3, 1, 3, '?'), (6, 5, 3, 4), (1, 0, 3, 1), ('?', 3, 3, 0), (5, 5, 3, '?'), (0, 0, 3, 0), (7, 4, 3, 2), (6, 4, 3, 0), (0, 0, 3, 5), (7, 4, 3, 0), (3, '?', 3, 2), ('?', 1, 3, 3), (1, 6, 3, 0), (1, '?', 3, 2), (2, 4, 3, 4), (6, 6, 3, 4), (0, 1, 3, 3), (1, 4, 3, 4), (0, '?', 3, 4), (6, 4, 3, 0), (0, '?', 3, 7), (6, '?', 3, 5), (5, 0, 3, 0), (7, 4, 3, 7), (1, 4, 3, 2), (3, '?', 3, 6), (3, 2, 3, 3), (3, '?', 3, 5), ('?', 4, 3, 7), (5, '?', 3, 6), (4, 4, 3, 1), (0, 1, 3, 3), (4, 1, 3, 2), (4, 1, 3, 3), (2, 0, 3, '?'), (3, '?', 3, 2), (1, '?', 3, 6), (4, 0, 3, 5), (3, 2, 3, 6), (4, 4, 3, 6), (7, 4, 3, 0), (4, 4, 3, '?'), ('?', 6, 3, 1), (6, '?', 3, 5), (6, 0, 3, 2), (6, 4, 3, 1), (1, 1, 3, 3), ('?', 2, 3, 0), (4, 4, 3, 4), (5, 5, 3, 1), (6, 2, 3, 5), (1, 1, 3, '?'), (1, 1, 3, 1), (4, '?', 3, 1), (3, 0, 3, 3), (1, 0, 3, 0), (3, 7, 3, 1), (5, 0, 3, 3), (3, 2, 3, 4), (1, 0, 3, 2), (4, 6, 3, 4), (1, 6, 3, 0), (7, '?', 3, 6), ('?', '?', 3, 4), ('?', 4, 3, 5), (6, 1, 3, 3), (4, 5, 3, 4), (7, '?', 3, 4), (6, 1, 3, 6), (6, 6, 3, 2), (4, '?', 3, 2), (4, 4, 3, 2), (6, 3, 3, 0), (7, 4, 3, 6), (4, '?', 3, 1), (1, '?', 3, 7), (1, 4, 3, 1), (6, '?', 3, 2), (6, 3, 3, 0), (1, 0, 3, 1), (5, 5, 3, 1), (6, 3, 3, 6), (2, '?', 3, 3), (2, 4, 3, 6), (7, 4, 3, 7), ('?', 6, 3, 1), (2, 4, 3, 3), ('?', 5, 3, 5), (1, 4, 3, '?'), (5, 0, 3, 7), (7, 4, 3, 1), (4, 1, 3, 4), (1, 0, 3, 7), (2, 6, 3, 6), (5, '?', 3, 1), ('?', '?', 3, 3), (2, '?', 3, 5), (0, '?', 3, 4), ('?', 0, 3, 5), (0, '?', 3, 1), ('?', 1, 3, 7), (3, '?', 3, 1), (3, 5, 3, 0), (6, '?', 3, 7), (2, 4, 3, 1), (7, '?', 3, 4), (2, 4, 3, 5), (0, '?', 3, 5), (0, 3, 3, 0), (2, 4, 3, 1), (3, 6, 3, 1), (4, 4, 3, '?'), (2, 1, 3, 4), (3, 4, 3, 5), ('?', 3, 3, 3), (7, '?', 3, 7), (1, 1, 3, 2), (2, '?', 3, 0), (3, 1, 3, 2), (6, 1, 3, 7), (5, 0, 3, '?'), (2, '?', 3, 7), (1, 4, 3, 1), (0, 4, 3, 5), (1, 4, 3, 3), (5, '?', 3, 5), (1, 4, 3, 1), (6, 3, 3, 7), (2, 4, 3, 6), (4, 4, 3, 5), (5, '?', 3, 2), (4, '?', 3, '?'), ('?', 1, 3, 1), (6, 6, 3, 0), (3, 4, 3, 4), (2, 4, 3, '?'), ('?', '?', 3, '?'), (6, '?', 3, 1), ('?', 4, 3, 6), (1, 1, 3, 5), (3, '?', 3, 5), (6, 1, 3, 1), (1, 7, 3, 1), (5, '?', 3, 2), (2, 3, 3, 6), (4, 5, 3, 1), (4, 4, 3, 6), (6, '?', 3, 2), (4, 4, 3, 5), (1, 4, 3, 7), (0, 4, 3, 2), (2, 1, 3, 6), (1, '?', 3, '?'), ('?', 2, 3, 6), (2, '?', 3, 7), ('?', 1, 3, 3), (1, 4, 3, 2), (6, 0, 3, 2), (5, '?', 3, 6), ('?', '?', 3, 6), ('?', 3, 3, 6), (1, 0, 3, 7), (3, 1, 3, 5), ('?', 1, 3, 6), ('?', 1, 3, 4), (3, '?', 3, 2), (1, 4, 3, 7), (7, 4, 3, 5), (6, 4, 3, 4), (1, 0, 3, '?'), (1, 0, 3, 3), ('?', 4, 3, 7), (2, 0, 3, 0), (2, 1, 3, 5), (5, 4, 3, 5), (3, 2, 3, 4), (4, '?', 3, 3), (4, 0, 3, 3), (3, 4, 3, 3), (7, '?', 3, 6), ('?', 5, 3, 0), (1, 4, 3, 0), (3, 5, 3, 3), (0, 0, 3, 4), (7, '?', 3, 5), (3, 5, 3, 6), (1, 1, 3, 3), (3, '?', 3, '?'), (6, 4, 3, 0), (5, 3, 3, 6), (1, 0, 3, 7), (3, 1, 3, 0), (3, 1, 3, 1), (2, 4, 3, 4), (7, 4, 3, 5), (3, '?', 3, 6), (3, '?', 3, '?'), (2, 4, 3, 5), (3, 2, 3, 6), (3, '?', 3, 2), (4, 4, 3, 6), (3, 6, 3, 1), (6, 5, 3, 4), (4, '?', 3, 6), (6, 0, 3, 1), (6, 3, 3, 6), (1, 4, 3, 4), (7, 4, 3, 1), (2, 1, 3, 4), (1, '?', 3, 3), (6, 6, 3, 4), (3, 4, 3, 1), (1, 2, 3, 4), (6, 5, 3, 7), (5, 4, 3, '?'), (5, 4, 3, '?'), ('?', 1, 3, 0), (1, 4, 3, 6), (3, 2, 3, 3), (2, 0, 3, 5), (4, 1, 3, '?'), (1, '?', 3, 6), (4, 0, 3, 3), (1, 4, 3, 0), (5, 3, 3, 6), (2, 1, 3, 5), (7, 4, 3, 5), (5, 4, 3, 6), (7, '?', 3, 1), (1, 4, 3, 6), (7, '?', 3, 2), (2, 4, 3, 4), (0, 1, 3, 3), (1, 4, 3, 1), (6, 1, 3, 5), (1, 1, 3, 4), (0, 1, 3, 1), (0, 4, 3, 3), (3, '?', 3, 6), (6, 2, 3, 2), (7, '?', 3, 6), (4, 5, 3, 3), (7, 4, 3, '?'), (4, 4, 3, 2), (7, '?', 3, 5), (7, 4, 3, 0), (6, '?', 3, 3), (4, '?', 3, 4), (3, 2, 3, 0), (1, 0, 3, 7), ('?', 1, 3, 0), (6, 3, 3, 6), (6, 4, 3, 0), (6, 1, 3, 0), (6, 1, 3, 5), (4, 1, 3, '?'), (2, 1, 3, 1), (4, 1, 3, 7), (4, 6, 3, 4), ('?', 1, 3, 7), (5, '?', 3, '?'), (4, 4, 3, '?'), (3, 1, 3, 1), (6, 1, 3, '?'), (2, 2, 3, 0), (0, 4, 3, 1), (4, '?', 3, 1), (2, '?', 3, '?'), (1, 0, 3, 5), (0, '?', 3, 1), (3, 0, 3, 6), (3, '?', 3, 4), (2, 6, 3, '?'), (1, '?', 3, 1), ('?', '?', 3, 5), (3, 4, 3, 1), (6, 1, 3, 2), ('?', 2, 3, 6), (6, 0, 3, 0), (5, 4, 3, 6), (3, 4, 3, '?'), (6, '?', 3, 6), (2, 3, 3, 6), (3, 2, 3, 6), (6, 4, 3, 6), ('?', 0, 3, 0), (6, '?', 3, 0), (4, 5, 3, 4), (1, 0, 3, 3), (6, 4, 3, 7), (1, '?', 3, 1), (7, 4, 3, 4), (0, 1, 3, 4), (1, 1, 3, 4), (7, 4, 3, 1), (6, 4, 3, 0), (1, 4, 3, 0), (1, 4, 3, '?'), (0, 4, 3, 0), (0, 0, 3, 0), (5, '?', 3, 1), (2, '?', 3, 6), (5, 3, 3, 3), (6, 4, 3, 1), (3, 7, 3, '?'), (5, 5, 3, 1), (3, 1, 3, '?'), (6, '?', 3, '?'), (3, 1, 3, 0), (6, '?', 3, 5), (5, 5, 3, 3), (6, 1, 3, '?'), (1, 1, 3, 6), (6, 4, 3, 4), (7, 4, 3, 7), (1, '?', 3, 4), (6, 4, 3, 1), (6, 4, 3, 0), (2, '?', 3, 1), ('?', 7, 3, 1), (4, 1, 3, 7), (3, 0, 3, 7), (5, 5, 3, 7), (4, '?', 3, 1), ('?', 5, 3, 0), (3, 0, 3, 1), (1, 1, 3, 6), (7, '?', 3, 5), (4, 1, 3, 7), (6, 2, 3, 5), (7, '?', 3, 2), (0, 4, 3, 0), (3, 5, 3, '?'), (2, 0, 3, 4), (6, 0, 3, 2), (6, 1, 3, '?'), (1, '?', 3, 4), (6, 1, 3, 5), (4, '?', 3, 2), (1, 0, 3, 3), (1, '?', 3, 1), (3, '?', 3, 4), (1, 0, 3, '?'), (3, 4, 3, 5), (6, 1, 3, 7), (0, 4, 3, '?'), (6, 5, 3, 6), (6, 0, 3, 7), (4, '?', 3, 6), (6, '?', 3, 1), (3, 1, 3, '?'), (3, 4, 3, 4), (4, '?', 3, 2), (5, 4, 3, 6), ('?', 1, 3, 3), (4, 4, 3, 5), (6, 0, 3, 5), (6, 4, 3, 7), (4, 4, 3, 2), ('?', 4, 3, 5), (1, 0, 3, 4), (2, '?', 3, '?'), ('?', 1, 3, 0), (0, 0, 3, 1), (4, 4, 3, 1), (2, 0, 3, 4), (6, 5, 3, 3), (0, 3, 3, 1), (1, 4, 3, '?'), (7, 4, 3, 2), (4, 4, 3, 6), (6, 4, 3, 3), (3, '?', 3, 6), (0, 1, 3, 0), (6, '?', 3, 3), (7, 4, 3, 6), (1, '?', 3, 7), ('?', 4, 3, 2), ('?', '?', 3, '?'), (5, 0, 3, 4), (1, '?', 3, 2), (4, 0, 3, 5), (3, 4, 3, 3), (1, 0, 3, 3), (7, '?', 3, '?'), ('?', 3, 3, 2), (4, '?', 3, 6), (6, '?', 3, 2), (3, 4, 3, 3), (2, 4, 3, 1), (4, 0, 3, 1), (4, 5, 3, 4), (4, '?', 3, 1), (5, '?', 3, 2), ('?', 1, 3, 5), (7, 4, 3, 4), (6, 1, 3, 2), (6, 1, 3, 7), (1, 4, 3, 1), (3, 7, 3, 0), (6, '?', 3, 0), (5, 4, 3, 6), (5, 3, 3, 0), (3, '?', 3, 2), (6, 4, 3, 7), (4, 1, 3, 2), (7, 4, 3, 5), ('?', 1, 3, 7), (0, 6, 3, 0), (2, 2, 3, 0), (6, '?', 3, 1), (4, 5, 3, 4), (3, 1, 3, 1), (3, 1, 3, 2), (3, 1, 3, 5), (6, 3, 3, 2), (3, 1, 3, 2), (3, '?', 3, '?'), (4, 0, 3, 1), (7, 4, 3, 4), (7, 4, 3, 1), (6, 3, 3, 7), (1, 2, 3, 0), (0, '?', 3, 5), (2, '?', 3, '?'), (1, '?', 3, 6), ('?', '?', 3, 3), (2, 4, 3, 3), (0, 1, 3, 1), (0, 4, 3, 7), (6, 3, 3, 1), (5, 5, 3, 3), ('?', 4, 3, 0), (5, 0, 3, 7), (3, '?', 3, 0), ('?', '?', 3, '?'), (0, 4, 3, 2), (2, '?', 3, 6), (5, '?', 3, '?'), ('?', 4, 3, 3), (2, 6, 3, '?'), (2, 0, 3, 4), (4, 5, 3, 6), (3, 6, 3, 5), (1, 1, 3, 1), (2, 6, 3, 6), (3, 2, 3, 3), (6, '?', 3, 5), (2, 0, 3, 4), (0, 1, 3, 5), (0, '?', 3, 1), (3, 7, 3, 1), (1, 1, 3, '?'), (6, '?', 3, 7), (0, 4, 3, 1), (4, 4, 3, 1), (1, '?', 3, 1), (6, 1, 3, 0), (1, 1, 3, 2), (1, 4, 3, '?'), (0, 3, 3, 3), (3, 1, 3, '?'), (4, '?', 3, '?'), (5, 3, 3, 6), (3, 4, 3, 3), (1, '?', 3, 5), (7, 2, 3, 7), (1, '?', 3, 5), ('?', 1, 3, 3), ('?', '?', 3, 5), (5, '?', 3, 6), (2, 1, 3, 4), (1, 1, 3, 3), (1, 4, 3, 1), ('?', 4, 3, 6), (6, 5, 3, '?'), ('?', 4, 3, 7), (3, 6, 3, 4), (4, 5, 3, 1), (3, 5, 3, 3), ('?', '?', 3, 6), (0, 4, 3, 6), (5, 0, 3, 0), (6, 4, 3, 1), (1, 1, 3, 4), (3, '?', 3, 2), (5, 3, 3, '?'), (1, '?', 3, 5), (1, 5, 3, 3), (1, 1, 3, '?'), (1, 4, 3, 1), ('?', 0, 3, 0), (7, 4, 3, 3), (3, 0, 3, 1), ('?', '?', 3, 0), ('?', '?', 3, 3), ('?', '?', 3, 7), (6, 4, 3, 3), (2, 2, 3, 0), (2, 1, 3, 7), (6, 1, 3, 0), (6, 1, 3, 2), (6, 0, 3, 5), ('?', '?', 3, '?'), (2, 1, 3, 4), (2, '?', 3, 0), (2, '?', 3, 1), (0, '?', 3, 5), (7, '?', 3, 7), (0, 4, 3, 5), (6, 5, 3, 1), (0, 4, 3, 0), (7, 4, 3, 5), (3, 2, 3, 5), (1, 4, 3, 7), (1, 4, 3, 7), (7, 4, 3, 6), ('?', 4, 3, 1), (0, 4, 3, 7), (2, 4, 3, '?'), (4, 5, 3, 1), (5, 0, 3, 1), (7, '?', 3, 2), (7, 4, 3, 1), (4, 4, 3, 4), (1, 0, 3, 4), ('?', '?', 3, 3), (2, 0, 3, 5), (6, 6, 3, 1), ('?', '?', 3, 0), (4, '?', 3, 3), (2, '?', 3, '?'), (1, 4, 3, '?'), (6, 4, 3, 4), (3, 1, 3, 6), (3, '?', 3, 1), (0, 4, 3, '?'), (6, '?', 3, 6), (5, 5, 3, 0), (3, 4, 3, '?'), (6, 1, 3, 0), (3, 6, 3, 5), (3, '?', 3, 4), (4, 7, 3, 7), ('?', 7, 3, 0), (1, 4, 3, 2), (1, 0, 3, 1), (1, 1, 3, 0), ('?', '?', 3, 4), (3, '?', 3, 2), (0, 4, 3, 7), (4, 4, 3, '?'), (0, '?', 3, 1), (2, 2, 3, 0), (6, 0, 3, 1), ('?', 1, 3, 1), (1, '?', 3, 1), ('?', 1, 3, 5), (2, 0, 3, 0), (2, 1, 3, 1), (4, 1, 3, 4), (7, 4, 3, '?'), (0, 1, 3, 3), (2, 0, 3, '?'), ('?', 1, 3, 6), (0, 4, 3, 6), (6, 3, 3, 1), (4, 0, 3, '?'), (2, 4, 3, 7), (3, 1, 3, '?'), ('?', '?', 3, 6), ('?', '?', 3, 1), (6, '?', 3, '?'), (2, '?', 3, 3), (7, '?', 3, 2), (4, '?', 3, 1), (0, '?', 3, 1), (2, 6, 3, 6), (3, '?', 3, 5), (0, 4, 3, 2), (1, 1, 3, 2), (6, 3, 3, 3), (3, 1, 3, 6), (0, 4, 3, 3), (6, 0, 3, 1), (5, '?', 3, 6), (4, '?', 3, 4), (6, 5, 3, 6), (3, 5, 3, 6), (7, '?', 3, 4), (6, 6, 3, 4), (2, '?', 3, 7), (1, 4, 3, 7), ('?', 4, 3, '?'), (6, 0, 3, 5), (3, 5, 3, 4), (2, 0, 3, 0), (2, '?', 3, 3), (1, 1, 3, '?'), ('?', 1, 3, 5), (2, 4, 3, 3), (3, 1, 3, 0), (3, 4, 3, '?'), (7, 4, 3, 4), (3, 2, 3, 6), (1, 4, 3, 6), (6, 1, 3, 5), (1, 1, 3, 3), (2, 4, 3, 6), (1, 1, 3, 7), (6, 4, 3, 4), (1, '?', 3, 2), (4, '?', 3, 6), (1, 0, 3, 4), (4, 0, 3, 7), (1, 0, 3, 4), (4, '?', 3, 1), (5, 5, 3, 3), (7, 4, 3, 4), (4, 5, 3, 1), (2, 4, 3, 2), (6, 4, 3, 0), (0, 4, 3, 5), (4, 1, 3, 4), ('?', 1, 3, 7), (2, '?', 3, 3), (1, 0, 3, '?'), ('?', 4, 3, 0), (2, 2, 3, 2), (6, 1, 3, 1), (2, 0, 3, 0), (1, 4, 3, 4), ('?', '?', 3, 5), (1, '?', 3, 1), (5, 5, 3, 5), (1, '?', 3, 3), (6, 3, 3, 2), (6, 5, 3, 4), (6, 4, 3, 4), (6, 0, 3, 2), (4, 1, 3, 2), (5, '?', 3, 1), (6, 3, 3, 1), (6, 5, 3, 3), (3, 2, 3, 5), (4, 5, 3, 6), (0, '?', 3, 5), ('?', 1, 3, 4), (4, 0, 3, 1), (0, 1, 3, 2), ('?', 4, 3, 5), (2, '?', 3, 7), (6, 1, 3, 2), (3, 1, 3, 6), (1, 1, 3, 1), ('?', 1, 3, 1), (3, 4, 3, 3), (5, '?', 3, 5), (7, 4, 3, 4), (0, 4, 3, 2), (1, 0, 3, 0), (7, 4, 3, 6), ('?', 1, 3, 0), (6, 2, 3, '?'), (1, 4, 3, 4), (4, 5, 3, 6), (4, 4, 3, 1), (1, 4, 3, 0), (0, 6, 3, 1), (6, 4, 3, 0), (2, 4, 3, 1), (4, '?', 3, '?'), (1, 0, 3, '?'), (5, '?', 3, 5), (5, '?', 3, '?'), (7, '?', 3, 1), (3, 5, 3, 0), (6, '?', 3, 3), (2, 1, 3, 1), (4, 5, 3, 5), (7, 1, 3, 1), (2, 0, 3, '?'), (6, 0, 3, 1), (5, 5, 3, '?'), (3, 4, 3, 0), (5, 5, 3, 5), (1, 4, 3, 2), (2, 0, 3, 5), (5, '?', 3, 6), (3, 6, 3, 4), (5, 1, 3, 1), ('?', 4, 3, 0), (0, 1, 3, 1), (4, '?', 3, '?'), (2, 0, 3, 5), (4, 7, 3, '?'), (1, '?', 3, 3), (2, '?', 3, 1), (4, 5, 3, 7), (0, 6, 3, 0), (0, 4, 3, 4), (0, 0, 3, 4), (6, 6, 3, 5), (1, '?', 3, 2), (1, 6, 3, 6), (5, 0, 3, 1), (6, 6, 3, 6), (3, 4, 3, 4), (1, '?', 3, 6), ('?', 3, 3, 2), (2, 1, 3, 4), (1, '?', 3, 6), (0, 0, 3, '?'), (5, 1, 3, 1), (4, '?', 3, 6), (3, 5, 3, 0), (0, 1, 3, 2), (5, 3, 3, '?'), ('?', 2, 3, 0), (7, '?', 3, 7), ('?', '?', 3, 5), (5, 3, 3, 6), (5, 2, 3, 5), (7, '?', 3, 6), (5, 1, 3, 5), (3, 4, 3, 4), (0, 1, 3, 0), (3, 1, 3, 0), (1, 1, 3, 2), (6, 0, 3, 7), (6, 0, 3, 1), (7, '?', 3, '?'), (5, '?', 3, '?'), (2, 4, 3, 3), ('?', 7, 3, 1), (1, 4, 3, 1), (3, 2, 3, 6), (0, 4, 3, 3), (4, 3, 3, 7), (1, 1, 3, 0), (5, 2, 3, 5), (7, '?', 3, 4), (1, '?', 3, '?'), (0, 1, 3, 4), (7, '?', 3, 1), (1, 0, 3, 2), (1, 0, 3, '?'), (0, 1, 3, 3), (1, 4, 3, 4), (6, 5, 3, 6), (1, 0, 3, 7), (6, 5, 3, 7), ('?', 4, 3, 2), (7, 0, 3, 5), (6, '?', 3, 0), (7, '?', 3, 4), (7, '?', 3, 7), (0, 4, 3, 5), ('?', 4, 3, 1), (0, 4, 3, 3), (2, 2, 3, '?'), (1, 1, 3, 1), (3, 0, 3, 5), (0, 0, 3, 5), (0, 4, 3, 3), (6, 2, 3, 5), (7, 2, 3, 5), (6, 1, 3, 3), (6, 4, 3, 7), (2, '?', 3, 1), (7, '?', 3, 7), (1, 0, 3, 4), (3, 7, 3, 1), (4, '?', 3, 5), (6, 1, 3, 7), (5, 0, 3, 0), (6, 5, 3, '?'), (0, 7, 3, 7), (5, 0, 3, 2), ('?', 2, 3, '?'), (2, 4, 3, 7), (5, 0, 3, 4), (0, 0, 3, 5), (4, 4, 3, 5), (2, '?', 3, '?'), (2, 4, 3, 2), (0, 4, 3, 1), (7, 4, 3, 0), ('?', 4, 3, 0), (4, '?', 3, 3), (3, '?', 3, 5), ('?', '?', 3, 0), (1, 1, 3, 7), (7, 1, 3, 4), (7, 4, 3, 5), (4, 2, 3, 1), (6, '?', 3, 2), (2, '?', 3, 5), (4, 3, 3, 6), (2, 2, 3, 1), (7, 4, 3, 7), (3, 6, 3, 1), ('?', '?', 3, 4)]"
"(6, 6, 6, 9, 0)","[(4, 4, 3, 2), (4, 4, 3, 3), (4, 4, 3, 2)]"
"(6, 6, 6, 10, 0)","[(6, 6, 3, 6), (6, 6, 3, '?'), (6, 6, 3, 6), (6, 6, 3, 1), (6, 6, 3, 6), ('?', 6, 3, 4), (6, 6, 3, 5), (6, 6, 3, '?'), (6, 6, 3, 6), (3, 6, 3, 4), (3, 6, 3, 5), (3, 6, 3, 6), (3, 6, 3, 7), (7, '?', 3, 2), (6, 6, 3, 2), ('?', 6, 3, '?'), (6, 6, 3, 2), ('?', 6, 3, 4), (1, 6, 3, 6), (4, 6, 3, 7), (4, 6, 3, 4), ('?', 6, 3, 7), (1, 6, 3, 6), (2, 6, 3, 6), (3, 6, 3, 1), (1, 6, 3, 5), (0, 6, 3, 0), (4, 6, 3, 0), ('?', 6, 3, 6), (2, 6, 3, 5)]"
"(6, 6, 6, 15, 0)","[(6, 3, 3, 7), (6, 3, 3, 5), (6, 3, 3, 7), (6, 3, 3, 0), (5, 3, 3, '?'), (6, 3, 3, 7), (5, 3, 3, '?'), (0, 3, 3, 5), (5, 3, 3, 6), (0, 3, 3, 1), (6, 3, 3, 2), (6, 3, 3, 0), (0, 3, 3, 3), (6, 3, 3, 7), ('?', 3, 3, 6), (6, 3, 3, 2), (5, 3, 3, 6), ('?', 3, 3, 7), ('?', 3, 3, 0), (6, 3, 3, 3), (5, 3, 3, 3), ('?', 3, 3, 0), (6, 3, 3, 3), (6, 3, 3, 1), ('?', 3, 3, 7), (6, 3, 3, 5), (6, 3, 3, 5), ('?', 3, 3, 6), (0, 3, 3, 3), (6, 3, 3, 5), ('?', 3, 3, 3), (5, 3, 3, 0), ('?', 3, 3, 1), ('?', 3, 3, 0), ('?', 3, 3, 0), (5, 3, 3, 3), (4, 3, 3, 7), ('?', 3, 3, 3), ('?', 3, 3, 3), (0, 3, 3, 0), (0, 3, 3, 3), ('?', 3, 3, 3), (5, 3, 3, 3), (5, 3, 3, 6), (6, 3, 3, 6), (5, 3, 3, 3), (0, 3, 3, 0), (5, 3, 3, '?'), (0, 3, 3, 0), (2, 3, 3, 7), (6, 3, 3, 6), (0, 3, 3, 5), (2, 3, 3, 5), ('?', 3, 3, 2), (4, 3, 3, 0), (6, 3, 3, 1)]"
"(6, 6, 6, 16, 0)","[(0, 1, 3, 4), (0, 1, 3, 1), (4, 1, 3, 2), (4, 1, 3, 3), (0, 1, 3, 4), (7, 1, 3, 3)]"
"(6, 6, 6, 19, 0)","[(4, 0, 3, '?'), (2, 0, 3, '?'), ('?', 0, 3, 6), (3, 0, 3, 3), (0, 0, 3, 1), (6, 0, 3, 2), (0, 0, 3, 1), (5, 0, 3, 3), (0, 0, 3, 6), (0, 0, 3, 5), (0, 0, 3, '?'), (5, 0, 3, 2), (2, 0, 3, 1), (2, 0, 3, 6), (2, 0, 3, 7), (2, 0, 3, 6), (5, 0, 3, 7), (0, 0, 3, 6)]"
"(6, 6, 6, 20, 0)","[(4, 4, 3, 7), (4, 4, 3, 3), (4, 4, 3, 7), (4, '?', 3, 3), (4, 4, 3, 7), (4, '?', 3, 5), (4, '?', 3, 3)]"
"(6, 6, 6, 21, 0)","[(4, '?', 3, 2), (5, 0, 3, 1)]"
"(6, 6, 6, 23, 0)","[(3, 2, 3, 1), (4, 2, 3, 0), (3, 2, 3, 1), ('?', 2, 3, 7), (3, 2, 3, 5), (3, 2, 3, 4), (2, 2, 3, 4), (5, 2, 3, 4), (3, 2, 3, 5), (5, 2, 3, 5), (6, 2, 3, 2), (4, 2, 3, 0), (4, 2, 3, 4), (3, 2, 3, 6), (1, 2, 3, 6), (3, 2, 3, 0), (3, 2, 3, 5), (2, 2, 3, '?'), ('?', 2, 3, 1), (2, 2, 3, '?'), (3, 2, 3, 0), (3, 2, 3, 7), (3, 2, 3, 4), (1, 2, 3, 6), (5, 2, 3, 4), ('?', 2, 3, 0), ('?', 2, 3, 4), (4, 2, 3, 4), (3, 2, 3, 5), (3, 2, 3, '?'), (6, 2, 3, 2), (2, 2, 3, 2), ('?', 2, 3, 7), (1, 2, 3, '?'), (3, 2, 3, 2), (5, 2, 3, 4), (1, 2, 3, 6), (2, 2, 3, 4), (0, 2, 3, 7), ('?', 2, 3, 3), ('?', 2, 3, 0), (1, 2, 3, 0), (3, 2, 3, 7), (3, 2, 3, 7), (3, 2, 3, 1), (6, 2, 3, 2), (0, 2, 3, 7), (6, 2, 3, 7), (1, 2, 3, 0), ('?', 2, 3, 0), ('?', 2, 3, 0), (1, 2, 3, '?'), ('?', 2, 3, 4), (1, 2, 3, '?'), (6, 2, 3, 1), (3, 2, 3, 2), (0, 2, 3, 7), (1, 2, 3, 0), (0, 2, 3, 7), (2, 2, 3, '?'), (7, 2, 3, 1), (3, 2, 3, 1), (1, 2, 3, 5), (6, 2, 3, 7), (1, 2, 3, 6), (4, 2, 3, 4), (1, 2, 3, 6), (0, 2, 3, 0), (2, 2, 3, 7), (0, 2, 3, 7), (2, 2, 3, 5), (0, 2, 3, 7), (2, 2, 3, 2), (4, 2, 3, 4), (6, 2, 3, '?'), (6, 2, 3, 1), (0, 2, 3, 0), (6, 2, 3, 1), ('?', 2, 3, 6), ('?', 2, 3, 4), (7, 2, 3, 4)]"
"(6, 6, 6, 24, 0)","[(7, 4, 3, 6)]"
"(6, 6, 6, 27, 0)","[(3, 7, 3, 3), (3, 7, 3, '?'), (7, 7, 3, 5), (1, 7, 3, 3), ('?', 7, 3, 1), (1, 7, 3, 1), (3, 7, 3, 3), (1, 7, 3, 1), (4, 7, 3, 1), (3, 7, 3, 1), (1, 7, 3, 1), (7, 7, 3, 5), ('?', 7, 3, 1), (7, 7, 3, 7), (3, 7, 3, 1), (1, 7, 3, 1), (6, 7, 3, 6), ('?', 7, 3, '?'), (0, 7, 3, 2), (7, 7, 3, 1), (3, 7, 3, 6), (4, 7, 3, 7), (1, 7, 3, 1), (1, 7, 3, 4), (4, 7, 3, 7), (5, 7, 3, 0), (1, 7, 3, 1), (6, 7, 3, 1), (3, 7, 3, 3), (1, 7, 3, 1), (4, 7, 3, 5), (3, 7, 3, 5), (3, 7, 3, 6), (4, 7, 3, 4), (6, 7, 3, 7), (3, 7, 3, 6), (7, 7, 3, 6), (3, 7, 3, 2)]"
"(6, 6, 10, 6, 0)","[(2, 6, 3, 6), (1, 6, 3, 0), (0, 6, 3, 4), (6, 6, 3, 5), (6, 6, 3, '?'), (0, 6, 3, 4), (0, 6, 3, 2), (0, 6, 3, 5), (2, 6, 3, 1), (6, 6, 3, 0)]"
"(6, 6, 10, 10, 0)","[('?', 6, 3, 6), (6, 6, 3, 3), ('?', 6, 3, '?'), (4, 6, 3, 4), (3, 6, 3, 6), (1, 6, 3, 4), (2, 6, 3, 6), (1, 6, 3, 4), (3, 6, 3, '?'), (0, 6, 3, 5), (5, 6, 3, 4), (4, 6, 3, 1), (6, 6, 3, '?'), (6, 6, 3, '?'), (6, 6, 3, 6), (3, 6, 3, 1), (6, 6, 3, 5), (3, 6, 3, 6), ('?', 6, 3, 5), (3, 6, 3, 4), ('?', 6, 3, 6), ('?', 6, 3, 6), (2, 6, 3, '?'), (6, 6, 3, '?'), (5, 6, 3, 4), ('?', 6, 3, 4), (3, 6, 3, '?'), (6, 6, 3, 7), (6, 6, 3, 4), (3, 6, 3, 6), (3, 6, 3, '?'), (1, 6, 3, 0), (0, 6, 3, 4), ('?', 6, 3, '?'), (1, 6, 3, 0), ('?', 6, 3, 4), ('?', 6, 3, 1), (0, 6, 3, 6), (2, 6, 3, 6), ('?', 6, 3, 7), (1, 6, 3, 7), (6, 6, 3, 0), (6, 6, 3, 7), (0, 6, 3, 7), (7, 6, 3, 4), ('?', 6, 3, 5), (3, 6, 3, 6), ('?', 6, 3, '?'), ('?', 6, 3, 1), (5, 6, 3, 4), (2, 6, 3, 0), (0, 6, 3, 1), ('?', 6, 3, 5), (2, 6, 3, 2), (2, 6, 3, 5), (1, 6, 3, 1), (2, 6, 3, '?'), (6, 6, 3, 6), (4, 6, 3, 4), (0, 6, 3, 4), (6, 6, 3, 2), (6, 6, 3, 1), (0, 6, 3, 5), (4, 6, 3, 3), (0, 6, 3, 6), (6, 6, 3, 5), (3, 6, 3, 5), ('?', 6, 3, 7), (0, 6, 3, 5), (5, 6, 3, 1), (6, 6, 3, 2), (6, 6, 3, '?'), ('?', 6, 3, 5), (6, 6, 3, 0), (6, 6, 3, 2), (6, 6, 3, 6), (2, 6, 3, 5), (5, 6, 3, '?')]"
"(6, 6, 15, 15, 0)","[(6, 3, 3, 0), ('?', 3, 3, 7), (6, 3, 3, 6), (0, 3, 3, 4), (5, 3, 3, 5), (5, 3, 3, '?'), (5, 3, 3, 6), (5, 3, 3, 0), (6, 3, 3, 0), (5, 3, 3, 1), ('?', 3, 3, 1), (5, 3, 3, '?'), (5, 3, 3, 5), (6, 3, 3, 2), (1, 3, 3, 0), ('?', 3, 3, 1), (5, 3, 3, 3), (5, 3, 3, 5), (1, 3, 3, 0), (5, 3, 3, 3), (2, 3, 3, 6), (0, 3, 3, 7), (5, 3, 3, 3), (6, 3, 3, 5), (6, 3, 3, 1), ('?', 3, 3, 6), (1, 3, 3, 0), ('?', 3, 3, 4), ('?', 3, 3, 7), ('?', 3, 3, 6), (5, 3, 3, 1), (5, 3, 3, 5), (5, 3, 3, 7), (5, 3, 3, 1), (5, 3, 3, 0), (5, 3, 3, 1), (5, 3, 3, 6), (1, 3, 3, 0), (4, 3, 3, 7), ('?', 3, 3, 1), (0, 3, 3, 5), (5, 3, 3, 7), (1, 3, 3, 3), (0, 3, 3, '?'), (2, 3, 3, 5), (5, 3, 3, 5), (2, 3, 3, 6), (5, 3, 3, 0), (5, 3, 3, 5), (6, 3, 3, 5), ('?', 3, 3, 7), (0, 3, 3, 7), (1, 3, 3, 3), (2, 3, 3, 7), (2, 3, 3, 4), (6, 3, 3, 6), (4, 3, 3, 0), (5, 3, 3, 0), (5, 3, 3, '?'), (1, 3, 3, 3), (2, 3, 3, 5), (5, 3, 3, 7), (5, 3, 3, 5), (5, 3, 3, 1), (5, 3, 3, 7), (0, 3, 3, '?'), (5, 3, 3, 2), (5, 3, 3, 2), (5, 3, 3, 1), (4, 3, 3, '?')]"
"(6, 6, 16, 6, 0)","[(2, 1, 3, 1), (5, '?', 3, 2), (2, 1, 3, '?'), (6, 1, 3, 6), (0, 1, 3, 5), (2, 1, 3, 7)]"
"(6, 6, 16, 16, 0)","[(0, 1, 3, 3), (6, 1, 3, '?'), (1, 1, 3, 6), (6, 1, 3, 6), (7, 1, 3, 1), (6, 1, 3, '?'), (6, 1, 3, 6), (6, 1, 3, 6), (6, 1, 3, '?'), (0, 1, 3, 2), (2, 1, 3, 2)]"
"(6, 6, 19, 6, 0)","[(1, 0, 3, 6), (5, 0, 3, 3), (3, 0, 3, 4), (1, 0, 3, 6), (3, 0, 3, 6), (1, 0, 3, 7), (5, 0, 3, 3), (1, 0, 3, '?'), (1, 0, 3, 6), (1, 0, 3, 0), (4, 0, 3, 5), (3, 0, 3, 6), (5, 0, 3, 4), (6, 0, 3, 2), (1, 0, 3, 2), (1, 0, 3, 6), (0, 0, 3, 0), (1, 0, 3, 6), (3, 0, 3, 5), (4, 0, 3, 3), (0, 0, 3, '?'), (3, 0, 3, 4), ('?', 0, 3, 5), (1, 0, 3, 6)]"
"(6, 6, 19, 19, 0)","[('?', 0, 3, 7), (5, 0, 3, 4), (2, 0, 3, 1), (3, 0, 3, 5), (2, 0, 3, 1), (3, 0, 3, 5), (2, 0, 3, 1), (0, 0, 3, 4), (3, 0, 3, '?'), (6, 0, 3, 1), (3, 0, 3, 1), (2, 0, 3, 1), ('?', 0, 3, 7), (4, 0, 3, 1), (5, 0, 3, '?'), (6, 0, 3, 1), (1, 0, 3, 1), (3, 0, 3, 3), (3, 0, 3, 7), (4, 0, 3, 4), (0, 0, 3, '?'), (5, 0, 3, 6), (4, 0, 3, 1), (5, 0, 3, 3), (2, 0, 3, 1), (4, 0, 3, 4), (1, 0, 3, 2), (7, 0, 3, 7)]"
"(6, 6, 20, 2, 0)","[(4, 4, 3, 3)]"
"(6, 6, 20, 20, 0)","[(4, 4, 3, 7)]"
"(6, 6, 21, 21, 0)","[(5, 0, 3, 4), (5, 0, 3, '?')]"
"(6, 6, 23, 23, 0)","[(7, 2, 3, 7), (0, 2, 3, 7), (1, 2, 3, 4), (2, 2, 3, 7), (6, 2, 3, 4), (5, 2, 3, 5), (7, 2, 3, '?'), (0, 2, 3, 1), (7, 2, 3, 5), ('?', 2, 3, 2), (6, 2, 3, 2), (6, 2, 3, 1), (6, 2, 3, '?'), ('?', 2, 3, 0), (0, 2, 3, 1), (4, 2, 3, 4), (1, 2, 3, 4), (0, 2, 3, 6), ('?', 2, 3, '?'), (3, 2, 3, 2), (7, 2, 3, '?'), (5, 2, 3, 1), (6, 2, 3, 7), (2, 2, 3, 4), (6, 2, 3, '?'), (0, 2, 3, 0), ('?', 2, 3, 7), (6, 2, 3, 2), (1, 2, 3, 7), (1, 2, 3, '?'), (0, 2, 3, '?'), (2, 2, 3, '?'), (6, 2, 3, 4), (0, 2, 3, '?'), (6, 2, 3, 5), (6, 2, 3, 1), (6, 2, 3, '?'), (6, 2, 3, 3), (7, 2, 3, 5), (1, 2, 3, '?'), (3, 2, 3, 0), (7, 2, 3, '?'), (2, 2, 3, 5), (3, 2, 3, 7), ('?', 2, 3, 4), (6, 2, 3, 7), (2, 2, 3, 1), (0, 2, 3, '?'), (0, 2, 3, 1), (2, 2, 3, 7), (7, 2, 3, 7), (4, 2, 3, 4), (7, 2, 3, 5), (3, 2, 3, 7), ('?', 2, 3, 1), (0, 2, 3, 0), (1, 2, 3, 4), (3, 2, 3, 1), (0, 2, 3, 5), (4, 2, 3, 0), (7, 2, 3, 1), (5, 2, 3, 5), (6, 2, 3, 7), (7, 2, 3, '?'), (3, 2, 3, 7), (2, 2, 3, 1), ('?', 2, 3, 6), (5, 2, 3, 5), (2, 2, 3, 4), ('?', 2, 3, '?'), (5, 2, 3, 5), (1, 2, 3, '?'), (2, 2, 3, '?'), (1, 2, 3, 4), (6, 2, 3, 7), (6, 2, 3, 2), (6, 2, 3, '?'), (7, 2, 3, 7), (1, 2, 3, 6), (2, 2, 3, '?'), ('?', 2, 3, 4), ('?', 2, 3, '?'), (0, 2, 3, 1), (6, 2, 3, 1), (6, 2, 3, 2), (1, 2, 3, 1), (1, 2, 3, 4), (0, 2, 3, 6), (1, 2, 3, '?'), ('?', 2, 3, 4), (1, 2, 3, 0), (3, 2, 3, 1), (3, 2, 3, 7), (2, 2, 3, 5), (6, 2, 3, 3), (2, 2, 3, 4), ('?', 2, 3, 7), (2, 2, 3, '?'), (3, 2, 3, 7), (5, 2, 3, 4), (0, 2, 3, '?'), (3, 2, 3, 1), (2, 2, 3, 5), (0, 2, 3, 4), (5, 2, 3, 1), (1, 2, 3, 5), (6, 2, 3, 1), (2, 2, 3, '?'), (6, 2, 3, 4), (4, 2, 3, 4), (6, 2, 3, 4), ('?', 2, 3, 4), ('?', 2, 3, 4), (0, 2, 3, 6), (5, 2, 3, 4), (0, 2, 3, 4), ('?', 2, 3, 6), (6, 2, 3, 5), (7, 2, 3, '?'), (3, 2, 3, '?'), (1, 2, 3, 7), (4, 2, 3, 1), (5, 2, 3, 5), (5, 2, 3, 4), (0, 2, 3, '?'), (4, 2, 3, 1), (0, 2, 3, 0), (6, 2, 3, '?'), ('?', 2, 3, '?'), (2, 2, 3, 4), (1, 2, 3, 1), (0, 2, 3, 5), (0, 2, 3, 1), ('?', 2, 3, 7), (0, 2, 3, 7), (4, 2, 3, 1), (5, 2, 3, 0), (0, 2, 3, 1), (2, 2, 3, 5), (2, 2, 3, 7), (3, 2, 3, '?'), (7, 2, 3, 5), (3, 2, 3, 0), (6, 2, 3, '?'), (1, 2, 3, 6), (4, 2, 3, 0), (3, 2, 3, 1), (1, 2, 3, 7), (0, 2, 3, 3), ('?', 2, 3, 7), (6, 2, 3, 1), (3, 2, 3, 3), (2, 2, 3, 4), (0, 2, 3, 5), (1, 2, 3, 1), (6, 2, 3, 4), ('?', 2, 3, 7), (2, 2, 3, 5), ('?', 2, 3, 6), (1, 2, 3, 3), (2, 2, 3, 7), (6, 2, 3, 3), (1, 2, 3, 7), (0, 2, 3, 0), (0, 2, 3, '?'), ('?', 2, 3, '?'), (0, 2, 3, 5), (2, 2, 3, 2), (0, 2, 3, 5), (0, 2, 3, 0), (7, 2, 3, 7), (1, 2, 3, 7), (6, 2, 3, 2), (2, 2, 3, 1), ('?', 2, 3, 1), (1, 2, 3, 1), (2, 2, 3, 4), (0, 2, 3, 0), (7, 2, 3, 1), (7, 2, 3, 1), (0, 2, 3, 4), (4, 2, 3, 3), (5, 2, 3, 0), ('?', 2, 3, 0), (1, 2, 3, 1), ('?', 2, 3, '?'), (1, 2, 3, 7), (5, 2, 3, 5), (0, 2, 3, 7), (4, 2, 3, 0), (4, 2, 3, 3), (0, 2, 3, 6), (7, 2, 3, 5), (3, 2, 3, 3), (0, 2, 3, '?'), (2, 2, 3, '?'), (5, 2, 3, 7), ('?', 2, 3, 4), (5, 2, 3, 0), (0, 2, 3, 1), (0, 2, 3, 4), (2, 2, 3, 7), (0, 2, 3, 0), (5, 2, 3, 4), (5, 2, 3, 0), (5, 2, 3, 0), (1, 2, 3, 3), ('?', 2, 3, 1), (6, 2, 3, 5), (2, 2, 3, 1), ('?', 2, 3, 1), (6, 2, 3, 3), (0, 2, 3, 7), (1, 2, 3, 4), (4, 2, 3, 4), (1, 2, 3, 3), (1, 2, 3, 2), (4, 2, 3, 0), (0, 2, 3, 5), (0, 2, 3, 3), (0, 2, 3, 4), ('?', 2, 3, '?'), (5, 2, 3, 7), (7, 2, 3, 5), (3, 2, 3, 2), (0, 2, 3, '?'), (2, 2, 3, 2), (0, 2, 3, 6), ('?', 2, 3, '?'), ('?', 2, 3, 0), (0, 2, 3, 1), (7, 2, 3, 1), (0, 2, 3, 2), (5, 2, 3, 0), ('?', 2, 3, 6), (2, 2, 3, 7), ('?', 2, 3, 3)]"
"(6, 6, 25, 1, 0)","[(2, 4, 3, 7)]"
"(6, 6, 27, 6, 0)","[(7, 7, 3, 7), (5, 7, 3, 0)]"
"(6, 6, 27, 27, 0)","[(7, 7, 3, 7), ('?', 7, 3, 6), (0, 7, 3, 2), (3, 7, 3, 3), (1, 7, 3, 4), (0, 7, 3, 6), (0, 7, 3, 5), (0, 7, 3, '?'), (0, 7, 3, 4), (4, 7, 3, 4), (0, 7, 3, 2), (7, 7, 3, 1), (3, 7, 3, '?'), (0, 7, 3, 0), (1, 7, 3, 5), (7, 7, 3, '?'), (0, 7, 3, 3), (1, 7, 3, 5), (7, 7, 3, 5), ('?', 7, 3, 3), (5, 7, 3, 5), (0, 7, 3, 7), (4, 7, 3, '?'), ('?', 7, 3, 4), ('?', 7, 3, 6), (4, 7, 3, 1), (4, 7, 3, 1), (1, 7, 3, 6), (1, 7, 3, 7), (7, 7, 3, 5), (6, 7, 3, 1), (0, 7, 3, 5), (0, 7, 3, 7), (6, 7, 3, 0), (6, 7, 3, 0), (6, 7, 3, 1), (6, 7, 3, 6), (0, 7, 3, 1), (1, 7, 3, 3), (5, 7, 3, 5), (0, 7, 3, 1), (6, 7, 3, 6), (3, 7, 3, 6), ('?', 7, 3, 0), (1, 7, 3, 4), (3, 7, 3, 0), (3, 7, 3, 3), (4, 7, 3, 4), (6, 7, 3, 6), (7, 7, 3, '?'), (1, 7, 3, 6), (6, 7, 3, 6), (3, 7, 3, 0), (0, 7, 3, 7), (6, 7, 3, 1), (6, 7, 3, 1), (4, 7, 3, 1), (3, 7, 3, 5), (0, 7, 3, 1), (4, 7, 3, 7), ('?', 7, 3, 6), (0, 7, 3, 2), ('?', 7, 3, 5), (1, 7, 3, 4), (7, 7, 3, 5), (1, 7, 3, 6), (4, 7, 3, 1), ('?', 7, 3, 3), (1, 7, 3, 6), (6, 7, 3, 6), (1, 7, 3, 4), (0, 7, 3, 3), ('?', 7, 3, 3), (0, 7, 3, 2), (6, 7, 3, 1), (6, 7, 3, 6), (6, 7, 3, 6), (7, 7, 3, 5), ('?', 7, 3, 2), (0, 7, 3, 7), ('?', 7, 3, 4), ('?', 7, 3, 6), (3, 7, 3, 0), (0, 7, 3, 2), (1, 7, 3, 6), (7, 7, 3, 6), (7, 7, 3, 7), (0, 7, 3, 5), (7, 7, 3, 7), (3, 7, 3, 5), (6, 7, 3, 2), ('?', 7, 3, 3), (0, 7, 3, 5), (4, 7, 3, 1), (0, 7, 3, 5), (4, 7, 3, 2), (1, 7, 3, 3), (7, 7, 3, 1), ('?', 7, 3, 6), (7, 7, 3, 5), (4, 7, 3, 1), (2, 7, 3, 6), (0, 7, 3, 3), (4, 7, 3, 6), (3, 7, 3, 1), ('?', 7, 3, 6), (1, 7, 3, 3), (6, 7, 3, 0), (3, 7, 3, '?'), (3, 7, 3, 3), ('?', 7, 3, 5), (7, 7, 3, '?'), (1, 7, 3, 7), (1, 7, 3, 5), (0, 7, 3, 3), (4, 7, 3, 0), (3, 7, 3, 3), (5, 7, 3, 0), (2, 7, 3, 3), (4, 7, 3, 5), (0, 7, 3, 1), (1, 7, 3, 3), (0, 7, 3, 1), ('?', 7, 3, 3), (4, 7, 3, 7), ('?', 7, 3, 4), (7, 7, 3, 1), (6, 7, 3, 0), (6, 7, 3, 7), (3, 7, 3, 2), ('?', 7, 3, 2), (6, 7, 3, 7), (1, 7, 3, 3), (5, 7, 3, 0), (2, 7, 3, 1), (0, 7, 3, 1), (1, 7, 3, 3), (4, 7, 3, 0), (3, 7, 3, 0), (0, 7, 3, 5), (0, 7, 3, 3), (6, 7, 3, 1), (4, 7, 3, 1), (0, 7, 3, 1), (5, 7, 3, 1), (4, 7, 3, 7), (7, 7, 3, '?'), (6, 7, 3, 2), (6, 7, 3, 2), (0, 7, 3, 7), (3, 7, 3, 5), ('?', 7, 3, 6), (2, 7, 3, 6), (0, 7, 3, 5), (1, 7, 3, 5), (4, 7, 3, 0), (6, 7, 3, 2), (3, 7, 3, 5), (4, 7, 3, 6), (5, 7, 3, 5), (0, 7, 3, 0), (4, 7, 3, 5), (2, 7, 3, 1), (4, 7, 3, 1)]"
"(6, 10, 6, 10, 0)","[(6, 6, 3, 2), (0, 6, 3, 5), (0, 6, 3, '?'), (0, 6, 3, '?'), (5, 6, 3, 5), (0, 6, 3, 4), (1, 6, 3, 2)]"
"(6, 10, 10, 6, 0)","[(3, 6, 3, 6), (3, 6, 3, 4), (0, 6, 3, 3)]"
"(6, 10, 10, 10, 0)","[(1, 6, 3, 4), (3, 6, 3, 7), (0, 6, 3, 6), (2, 6, 3, 0), (4, 6, 3, 0), (6, 6, 3, 1), (5, 6, 3, 1), (0, 6, 3, 7), (1, 6, 3, 6), ('?', 6, 3, 0), (3, 6, 3, 0), (3, 6, 3, 0), (1, 6, 3, 1), (0, 6, 3, 4), (3, 6, 3, 7), (1, 6, 3, 5), (2, 6, 3, 0), ('?', 6, 3, 4), (3, 6, 3, '?'), (3, 6, 3, 7), (3, 6, 3, 5), (1, 6, 3, 5), (3, 6, 3, '?'), (0, 6, 3, 0), (1, 6, 3, 5), (6, 6, 3, 5), (2, 6, 3, 5), (2, 6, 3, 5), (2, 6, 3, 5), (0, 6, 3, 7), (6, 6, 3, 0), (3, 6, 3, '?'), ('?', 6, 3, 0), (1, 6, 3, 1), (3, 6, 3, 7), ('?', 6, 3, 5), (0, 6, 3, 7), (2, 6, 3, '?'), (2, 6, 3, 0), (4, 6, 3, 1), (3, 6, 3, 5), (1, 6, 3, 6), (4, 6, 3, 7), (6, 6, 3, 7), (0, 6, 3, 0), (4, 6, 3, 0), (1, 6, 3, 0), (4, 6, 3, 1), (0, 6, 3, 3), (0, 6, 3, 6), (1, 6, 3, 7), (1, 6, 3, 1), (2, 6, 3, 0), (0, 6, 3, 7), ('?', 6, 3, 1), (4, 6, 3, 3), (0, 6, 3, 7), (4, 6, 3, 6), (5, 6, 3, '?'), (5, 6, 3, 5), (2, 6, 3, '?'), (4, 6, 3, 0), (2, 6, 3, 6), (6, 6, 3, 7), (3, 6, 3, 0), (2, 6, 3, '?'), (6, 6, 3, 3), (1, 6, 3, 4), (2, 6, 3, 6), ('?', 6, 3, 0), (6, 6, 3, 0), (2, 6, 3, 5), (3, 6, 3, 0), (0, 6, 3, 7), (0, 6, 3, 7), (0, 6, 3, '?'), (2, 6, 3, 1), (3, 6, 3, 1), (0, 6, 3, '?'), (1, 6, 3, 2), (5, 6, 3, 6), (6, 6, 3, 0), (1, 6, 3, 6), (0, 6, 3, 7), (5, 6, 3, 4), (0, 6, 3, 6), (1, 6, 3, 6), (3, 6, 3, 7), (2, 6, 3, 0), (2, 6, 3, 0), (3, 6, 3, 0), (2, 6, 3, 2), (4, 6, 3, 4), (0, 6, 3, 1), (1, 6, 3, 1), (6, 6, 3, 3), (4, 6, 3, 1), (7, 6, 3, 5), (1, 6, 3, 2), (4, 6, 3, 4), (4, 6, 3, 6), (3, 6, 3, '?'), (2, 6, 3, '?'), (2, 6, 3, 5), (5, 6, 3, 6), ('?', 6, 3, 7), (0, 6, 3, 6), (2, 6, 3, 6), (0, 6, 3, 1), (6, 6, 3, 3), (6, 6, 3, 0), (0, 6, 3, 7), (0, 6, 3, 0), ('?', 6, 3, '?'), (0, 6, 3, '?'), (3, 6, 3, 7), ('?', 6, 3, 1), (5, 6, 3, 5), ('?', 6, 3, 4), (5, 6, 3, 1), (6, 6, 3, 3), (4, 6, 3, 7), ('?', 6, 3, 3), ('?', 6, 3, 7), (2, 6, 3, 1), (4, 6, 3, 6), ('?', 6, 3, 0), (4, 6, 3, 0), (3, 6, 3, 0), (1, 6, 3, 1), (1, 6, 3, 6), (3, 6, 3, 5), (0, 6, 3, 5), (4, 6, 3, 1), ('?', 6, 3, 7), (2, 6, 3, 0), (4, 6, 3, 7), (4, 6, 3, 7), (4, 6, 3, 1), (6, 6, 3, 6), ('?', 6, 3, 1), (0, 6, 3, 3), (5, 6, 3, 6), (0, 6, 3, 0), (0, 6, 3, 1), (2, 6, 3, 1), (3, 6, 3, 0), ('?', 6, 3, 3), (7, 6, 3, 1), (5, 6, 3, 5), ('?', 6, 3, 3), (6, 6, 3, 3), (0, 6, 3, 4), ('?', 6, 3, 3), (4, 6, 3, 6), (0, 6, 3, '?'), (1, 6, 3, 1), (0, 6, 3, 2), (0, 6, 3, 1), (5, 6, 3, 4), (5, 6, 3, 1), (7, 6, 3, 5), (1, 6, 3, 4), (1, 6, 3, 5), (6, 6, 3, 7), (7, 6, 3, 4), (0, 6, 3, '?'), (1, 6, 3, 4), ('?', 6, 3, 3), (4, 6, 3, 7), (5, 6, 3, 6), ('?', 6, 3, 7), (4, 6, 3, 7), ('?', 6, 3, 2), (7, 6, 3, 1), ('?', 6, 3, 0), ('?', 6, 3, 0), (0, 6, 3, 3), ('?', 6, 3, 2), (1, 6, 3, 1), (7, 6, 3, 5), (5, 6, 3, 5), (1, 6, 3, 7), (4, 6, 3, 6), (4, 6, 3, 1), (0, 6, 3, 4), ('?', 6, 3, 2), (5, 6, 3, 2), (1, 6, 3, 2), (5, 6, 3, 0), ('?', 6, 3, 1), (0, 6, 3, 3), (7, 6, 3, '?'), (1, 6, 3, 7), (0, 6, 3, 1), (0, 6, 3, 6), (7, 6, 3, 4), (6, 6, 3, '?'), (6, 6, 3, 3), ('?', 6, 3, '?'), (3, 6, 3, 7), (0, 6, 3, 2), (7, 6, 3, 4), (6, 6, 3, 7), (1, 6, 3, 7), (7, 6, 3, 4), (4, 6, 3, 0), (5, 6, 3, 4), (4, 6, 3, 1), (7, 6, 3, 4), (0, 6, 3, 3), (5, 6, 3, 4), ('?', 6, 3, 7), (4, 6, 3, 3), ('?', 6, 3, 3), (0, 6, 3, '?'), (1, 6, 3, 2), ('?', 6, 3, '?'), (7, 6, 3, 1), (6, 6, 3, 3), (4, 6, 3, 3), (5, 6, 3, 6), (7, 6, 3, 6), ('?', 6, 3, 5), (0, 6, 3, 2), ('?', 6, 3, 3), ('?', 6, 3, 2), (5, 6, 3, 4), ('?', 6, 3, 7), ('?', 6, 3, 6), (7, 6, 3, '?'), (7, 6, 3, 5)]"
"(6, 10, 23, 23, 0)","[(4, 2, 3, 3)]"
"(6, 15, 6, 6, 0)","[(0, 3, 3, 1), ('?', 3, 3, 1), (4, 3, 3, 1), (0, 3, 3, 4)]"
"(6, 15, 6, 15, 0)","[(0, 3, 3, '?'), (0, 3, 3, 5), (0, 3, 3, 7), (6, 3, 3, 2), (0, 3, 3, 1), (0, 3, 3, 1), (6, 3, 3, 2), (0, 3, 3, 5), (6, 3, 3, 6), ('?', 3, 3, 4), (3, 3, 3, 3)]"
"(6, 15, 15, 15, 0)","[(2, 3, 3, 3), (4, 3, 3, 7), (0, 3, 3, 4), (6, 3, 3, 5), (7, 3, 3, 5), ('?', 3, 3, 3), (5, 3, 3, 2), (0, 3, 3, 0), (2, 3, 3, 7), (0, 3, 3, 4), (4, 3, 3, '?'), (1, 3, 3, 3), (1, 3, 3, 1), (4, 3, 3, 2), (1, 3, 3, 1), (1, 3, 3, 0), (2, 3, 3, 3), (4, 3, 3, 6), (7, 3, 3, 3), (4, 3, 3, 1), (2, 3, 3, 2), (1, 3, 3, 4), (1, 3, 3, 4), (4, 3, 3, 7), ('?', 3, 3, 1), (2, 3, 3, 4), (7, 3, 3, 2), (0, 3, 3, 0), (4, 3, 3, '?'), (4, 3, 3, 6), (4, 3, 3, '?'), (0, 3, 3, 7), (0, 3, 3, 4), (4, 3, 3, 0), (6, 3, 3, 5), ('?', 3, 3, 1), ('?', 3, 3, 0), (6, 3, 3, 5), ('?', 3, 3, 4), (2, 3, 3, 7), (0, 3, 3, 2), (2, 3, 3, 4), (7, 3, 3, '?'), (4, 3, 3, 6), (3, 3, 3, 7), (4, 3, 3, 7), (7, 3, 3, 5), (1, 3, 3, 1), (4, 3, 3, 6), (7, 3, 3, 5), (4, 3, 3, 1), (0, 3, 3, '?'), (5, 3, 3, 2), (4, 3, 3, '?'), (5, 3, 3, 1), (5, 3, 3, 7), (4, 3, 3, 1), (4, 3, 3, 0), (7, 3, 3, 7), (2, 3, 3, 5), (0, 3, 3, 2), (4, 3, 3, 2), (7, 3, 3, 1), ('?', 3, 3, 4), (1, 3, 3, 4), (6, 3, 3, 6), (1, 3, 3, 5), (4, 3, 3, 1), (0, 3, 3, 5), (2, 3, 3, 4), (2, 3, 3, 1), (4, 3, 3, 2), (6, 3, 3, 2), (3, 3, 3, 7), (7, 3, 3, 7), (3, 3, 3, 7), ('?', 3, 3, 0), (3, 3, 3, 7), (3, 3, 3, 7), ('?', 3, 3, 6), (2, 3, 3, 6), ('?', 3, 3, 4), (1, 3, 3, 1), ('?', 3, 3, 6), ('?', 3, 3, 1), (4, 3, 3, '?'), (3, 3, 3, 7), (5, 3, 3, 7), (0, 3, 3, '?'), (1, 3, 3, 4), (7, 3, 3, '?'), (1, 3, 3, 5), (4, 3, 3, '?'), (4, 3, 3, 7), (0, 3, 3, '?'), ('?', 3, 3, 2), (4, 3, 3, 1), (5, 3, 3, 7), (0, 3, 3, 1), (2, 3, 3, 5), (0, 3, 3, 3), (4, 3, 3, '?'), (3, 3, 3, 1), (4, 3, 3, 7), (0, 3, 3, 5), (0, 3, 3, 2), (1, 3, 3, 5), (0, 3, 3, 0), (1, 3, 3, 1), (4, 3, 3, 2), (3, 3, 3, 1), (2, 3, 3, 3), (2, 3, 3, 7), (1, 3, 3, 3), (2, 3, 3, 3), (2, 3, 3, 7), (0, 3, 3, 3), (5, 3, 3, 0), (2, 3, 3, 5), (6, 3, 3, 1), (6, 3, 3, 1), (0, 3, 3, 7), (0, 3, 3, 0), (0, 3, 3, 5), (0, 3, 3, 4), (2, 3, 3, 2), (0, 3, 3, 2), (2, 3, 3, 3), (0, 3, 3, 7), (7, 3, 3, 7), (3, 3, 3, 6), (0, 3, 3, 4), (1, 3, 3, 3), (7, 3, 3, 0), (0, 3, 3, 4), (7, 3, 3, '?'), (7, 3, 3, 1), (7, 3, 3, '?'), (7, 3, 3, 0), (3, 3, 3, 7), (1, 3, 3, 4), (1, 3, 3, 0), (7, 3, 3, 3), (3, 3, 3, 3), ('?', 3, 3, 4), (4, 3, 3, 6), (7, 3, 3, 0), (7, 3, 3, 5), (2, 3, 3, 3), (3, 3, 3, 1), (7, 3, 3, 7), ('?', 3, 3, 1), (2, 3, 3, 1), (1, 3, 3, 4), (0, 3, 3, 7), (4, 3, 3, 0), (1, 3, 3, 5), (5, 3, 3, 2), (7, 3, 3, 1), (2, 3, 3, 2), (0, 3, 3, '?'), (0, 3, 3, 7), (2, 3, 3, 1), (4, 3, 3, 0), ('?', 3, 3, 4), (5, 3, 3, 2), (1, 3, 3, 4), (3, 3, 3, 7), (7, 3, 3, 3), (7, 3, 3, 2), (7, 3, 3, '?'), (3, 3, 3, 3), (2, 3, 3, 7), (7, 3, 3, 1), ('?', 3, 3, 7), (4, 3, 3, 6), (1, 3, 3, 5), (7, 3, 3, 2), (1, 3, 3, 1), (3, 3, 3, 0), (4, 3, 3, 1), (2, 3, 3, 7), (2, 3, 3, 4), (0, 3, 3, 3), ('?', 3, 3, 3), (7, 3, 3, 3), (7, 3, 3, 0), (0, 3, 3, 7), (2, 3, 3, 1), (6, 3, 3, 5), (7, 3, 3, 1), (7, 3, 3, 5), (7, 3, 3, 3), (7, 3, 3, '?'), (0, 3, 3, 0), (7, '?', 3, 4), (1, 3, 3, 4), ('?', 3, 3, 6), (4, 3, 3, 2), (0, 3, 3, 5), (2, 3, 3, 7), (7, 3, 3, 3), (4, 3, 3, 2), (7, 3, 3, 0), (3, 3, 3, 7), (1, 3, 3, 5), ('?', 3, 3, 1), (1, 3, 3, 4), (1, 3, 3, 0)]"
"(6, 15, 15, 21, 0)","[(2, 3, 3, 2), (3, 3, 3, 4), (5, 3, 3, 1), (5, 3, 3, 1), (3, 3, 3, 3), (3, 3, 3, 6), (3, 3, 3, 3), (3, 3, 3, 6), (3, 3, 3, 1), (3, 3, 3, 6), (3, 3, 3, 1), (3, 3, 3, 1)]"
"(6, 15, 21, 15, 0)","[(1, 3, 3, 0), (1, 3, 3, 0), (3, 3, 3, 0), (3, 3, 3, 0)]"
"(6, 15, 21, 21, 0)","[(3, 3, 3, 1)]"
"(6, 16, 6, 6, 0)","[(0, 1, 3, 1), (2, 1, 3, 1), (2, 1, 3, 7), (4, 1, 3, 2), ('?', 1, 3, 3), ('?', 1, 3, 6), (7, 1, 3, 7), (7, 1, 3, 7), (2, 1, 3, '?'), (1, 1, 3, 0), (7, 1, 3, 7), (7, 1, 3, 4), (2, 1, 3, 5), (5, 7, 3, 6), (5, 7, 3, 6), (5, 6, 3, 4), (5, 7, 3, 1), (5, 7, 3, 1), (5, 7, 3, 0), (7, 1, 3, 5), (2, 1, 3, 0)]"
"(6, 16, 6, 16, 0)","[('?', 1, 3, 0), (7, 1, 3, 7), (0, 1, 3, '?'), (1, 1, 3, 6), ('?', 1, 3, 1), (7, 1, 3, 1), (7, 1, 3, 3), (2, 1, 3, 5), (1, 1, 3, 6), (0, 1, 3, '?'), ('?', 1, 3, 0), (7, 1, 3, 1), (2, 1, 3, 5), (0, 1, 3, 0), (2, 1, 3, '?'), ('?', 1, 3, 0), (2, 1, 3, '?'), (7, 1, 3, 4), (2, 1, 3, 7), (7, 1, 3, '?'), (7, 1, 3, 3), (2, 1, 3, 3), (2, 1, 3, 0), (7, 1, 3, '?'), (7, 1, 3, 4), (7, 1, 3, 1), (0, 1, 3, 2), (7, 1, 3, 1), (7, 1, 3, 1), (7, 1, 3, '?'), (7, 1, 3, '?')]"
"(6, 16, 6, 27, 0)","[(5, 7, 3, 3), (5, 7, 3, 3), (5, 7, 3, 2)]"
"(6, 16, 16, 6, 0)","[(7, 1, 3, 1), (7, 1, 3, 5), (0, 1, 3, '?'), (0, 1, 3, 1), (2, 1, 3, '?'), (0, 1, 3, 2), (7, 1, 3, 3), (7, 1, 3, 4), (7, 1, 3, 5), (0, 1, 3, '?'), (7, 1, 3, 5), (7, 1, 3, 5), (0, 1, 3, 0), (2, 1, 3, 3), (0, 1, 3, 2), (7, 1, 3, 4)]"
"(6, 16, 16, 7, 0)","[(7, 1, 3, '?')]"
"(6, 16, 16, 16, 0)","[(7, 1, 3, '?'), (6, 1, 3, 1), (7, 1, 3, 5), (0, 1, 3, 0), (6, 1, 3, 2), (7, 1, 3, 3), (0, 1, 3, 0), (0, 1, 3, 2), (0, 1, 3, 0), (0, 1, 3, 2), (6, 1, 3, 0), (1, 1, 3, 2), (2, 1, 3, 3), (6, 1, 3, 0), ('?', 1, 3, 6), (6, 1, 3, 2), (7, 1, 3, 6), (7, 1, 3, 3), (2, 1, 3, 2), (7, 1, 3, 6), (2, 1, 3, 3), (7, 1, 3, '?'), (7, 1, 3, 6), (1, 1, '?', 3)]"
"(6, 16, 27, 27, 0)","[(5, 7, 3, 5)]"
"(6, 19, 6, 6, 0)","[(1, 0, 3, 2), (4, 0, 3, 0), (4, 0, 3, '?'), (0, 0, 3, 4), (0, 0, 3, 0), ('?', 0, 3, 0), ('?', 0, 3, 0)]"
"(6, 19, 6, 19, 0)","[(3, 0, 3, 4), (1, 0, 3, 6), (1, 0, 3, 2), (3, 0, 3, 7), (0, 0, 3, 5), (0, 0, 3, 6)]"
"(6, 19, 6, 21, 0)","[(3, 0, 3, 1)]"
"(6, 19, 19, 6, 0)","[('?', 0, 3, 6)]"
"(6, 19, 19, 19, 0)","[(7, 0, 3, 3), (7, 0, 3, 3), (4, 0, 3, 6), (7, 0, 3, 7), (5, 0, 3, 3), ('?', 0, 3, 5), (6, 0, 3, 1), (0, 0, 3, 4), (2, 0, 3, 6), (5, 0, 3, 6), (6, 0, 3, 2), ('?', 0, 3, 0), (4, 0, 3, '?'), (3, 0, 3, 7), (7, 0, 3, 4), (5, 0, 3, 7), (7, 0, 3, 5), (0, 0, 3, 5), (4, 0, 3, 4), ('?', 0, 3, 5), (4, 0, 3, 6), (3, 0, 3, 3), (7, 0, 3, 5), (7, 0, 3, 0), (4, 0, 3, 0), (0, 0, 3, '?'), (5, 0, 3, 4), (7, 0, 3, 3), (5, 0, 3, 7), (7, 0, 3, 7), (7, 0, 3, 5), (5, 0, 3, 6), (6, 0, 3, 2), (1, 0, 3, 2), (4, 0, 3, 0), (7, 0, 3, 7), (2, 0, 3, 7), ('?', 0, 3, 6), (4, 0, 3, 6), (0, 0, 3, 6), (5, 0, 3, 7), (4, 0, 3, 2), (7, 0, 3, 7), (4, 0, 3, 4), (3, 0, 3, 6), (2, 0, 3, 6), (7, 0, 3, 0), (2, 0, 3, 6), (6, 0, 3, 7), (2, 0, 3, 6), (5, 0, 3, 2), ('?', 0, 3, '?'), (7, 0, 3, 0), (3, 0, 3, 7), (7, 0, 3, 4), ('?', 0, 3, 6), (0, 0, 3, 0), (5, 0, 3, 2), (4, 0, 3, 6), (3, 0, 3, 6), ('?', 0, 3, 6), (7, 0, 3, 4), (6, 0, 3, 7), (3, 0, 3, 3), (4, 0, 3, 2), (2, 0, 3, 7), (7, 0, 3, 7), (3, 0, 3, 1), (0, 0, 3, '?'), (7, 0, 3, 7), ('?', 0, 3, '?'), (4, 0, 3, 6), (4, 0, 3, 6), (0, 0, 3, '?'), (3, 0, 3, 3), (0, 0, 3, 6), (0, 0, 3, 6), (1, 0, 3, 2), ('?', 0, 3, 7), ('?', 0, 3, '?'), (4, 0, 3, 4), (4, 0, 3, 2), (3, 0, 3, '?'), ('?', 0, 3, '?'), (7, 0, 3, 4), (7, 0, 3, 5), ('?', 0, 3, 7), ('?', 0, 3, 5), ('?', 0, 3, 7), (7, 0, 3, 3), (3, 0, 3, 3), (1, 0, 3, '?'), (2, 0, 3, 7), ('?', 0, 3, 6), (3, 0, 3, 1), (7, 0, 3, 5), (4, 0, 3, 6), (7, 0, 3, 0), (7, 0, 3, 7), (7, 0, 3, 3), (4, 0, 3, 2), (1, 0, 3, 2), ('?', 0, 3, 7), (3, 0, 3, '?'), (4, 0, 3, 6), (7, 0, 3, 7), ('?', 0, 3, 5), (7, 0, 3, 7), ('?', 0, 3, '?'), (4, 0, 3, 0), (5, 0, 3, 6), (7, 0, 3, 4), ('?', 0, 3, 6), ('?', 0, 3, 7), ('?', 0, 3, 6), (4, 0, 3, 2), (4, 0, 3, 2), (5, 0, 3, 3), ('?', 0, 3, '?'), (5, 0, 3, 6), ('?', 0, 3, 7), (7, 0, 3, 2)]"
"(6, 20, 20, 20, 0)","[(4, 4, 3, 3)]"
"(6, 23, 23, 23, 0)","[(3, 2, 3, 3), (0, 2, 3, 2), (5, 2, 3, 0), (7, 2, 3, 4), (7, 2, 3, 4), (6, 2, 3, 7), (3, 2, 3, 2), ('?', 2, 3, 2), ('?', 2, 3, 3), (0, 2, 3, 6), (1, 2, 3, 5), (7, 2, 3, '?'), (6, 2, 3, 3), (2, 2, 3, 1), (3, 2, 3, 2), (7, 2, 3, 6), (3, 2, 3, 2), (4, 2, 3, 0), (7, 2, 3, 6), (3, 2, 3, 3), (2, 2, 3, 2), (3, 2, 3, 1), (4, 2, 3, 3), (0, 2, 3, 3), (0, 2, 3, 3), (5, 2, 3, 0), (7, 2, 3, 1), (7, 2, 3, 1), (0, 2, 3, 3), (5, 2, 3, 7), (1, 2, 3, 5), (0, 2, 3, 2), (7, 2, 3, 4), (4, 2, 3, 1), (7, 2, 3, 6), ('?', 2, 3, 6), (1, 2, 3, 3), (1, 2, 3, 1), (0, 2, 3, 3), (7, 2, 3, 4), (4, 2, 3, 3), (1, 2, 3, 2), (1, 2, 3, 3), (6, 2, 3, 3), ('?', 2, 3, 2), (7, 2, 3, 3), (1, 2, 3, 2), ('?', 2, 3, 3), ('?', 2, 3, 3), ('?', 2, 3, 3), (1, 2, 3, 7), (5, 2, 3, 7), (1, 2, 3, 2), (5, 2, 3, 1), (0, 2, 3, 2), ('?', 2, 3, 3), (7, 2, 3, 7), (5, 2, 3, 0), (5, 2, 3, 1), (4, 2, 3, 3), (4, 2, 3, 1), (7, 2, 3, 3), (1, 2, 3, 5), (5, 2, 3, 7), ('?', 2, 3, 2), (0, 2, 3, 5), (7, 2, 3, 3), ('?', 2, 3, 1), (1, 2, 3, 5), (7, 2, 3, '?'), (7, 2, 3, 6), (4, 2, 3, 3), (7, 2, 3, 3), (1, 2, 3, '?'), (6, 2, 3, 7), (7, 2, 3, 7), (1, 2, 3, 5), (4, 2, 3, 3), (0, 2, 3, 2), (7, 2, 3, 1), (4, 2, 3, 2), (5, 2, 3, 0), (1, 2, 3, 3), (3, 2, 3, 6), ('?', 2, 3, 2), (1, 2, 3, 2), (5, 2, 3, 1), (7, 2, 3, '?'), ('?', 2, 3, 2), ('?', 2, 3, 2), (1, 2, 3, 2), (0, 2, 3, 3), (7, 2, 3, 6), (3, 2, 3, '?'), (7, 2, 3, 6), (7, 2, 3, 3), (7, 2, 3, 3), (4, 2, 3, 2), (4, 2, 3, 3), (1, 2, 3, 3), (4, 2, 3, 2), (5, 2, 3, 7), (6, 2, 3, '?'), (0, 2, 3, 3), (1, 2, 3, 3), (1, 2, 3, 3), (0, 2, 3, 2), ('?', 2, 3, 3), ('?', 2, 3, 2), (0, 2, 3, 2), (3, 2, 3, 3), (0, 2, 3, 1), (1, 2, 3, 2), (7, 2, 3, 1), ('?', 2, 3, 2), (7, 2, 3, 3), (7, 2, 3, 3), (0, 2, 3, 2), (7, 2, 3, 3), (7, 2, 3, 3), (7, 2, 3, 7)]"
"(6, 24, 24, 24, 0)","[(7, 4, 3, 6)]"
"(6, 25, 2, 2, 0)","[(2, 4, 3, 7), (2, 4, 3, 7)]"
"(6, 27, 6, 27, 0)","[(5, 7, 3, 6)]"
"(6, 27, 27, 27, 0)","[(6, 7, 3, 0), (0, 7, 3, 0), (3, 7, 3, 5), (4, 7, 3, '?'), (4, 7, 3, '?'), (7, 7, 3, 3), (4, 7, 3, 6), (4, 7, 3, 4), ('?', 7, 3, 2), (5, 7, 3, 6), (4, 7, 3, 2), ('?', 7, 3, 5), ('?', 7, 3, 0), (4, 7, 3, '?'), (0, 7, 3, '?'), (2, 7, 3, 4), (7, 7, 3, '?'), (4, 7, 3, 0), ('?', 7, 3, '?'), (6, 7, 3, 2), (0, 7, 3, 6), ('?', 7, 3, 5), (4, 7, 3, 0), (6, 7, 3, 7), (0, 7, 3, 0), (4, 7, 3, 6), (7, 7, 3, 6), (4, 7, 3, 0), ('?', 7, 3, 5), (6, 7, 3, 0), (1, 7, 3, 7), (6, 7, 3, 2), (4, 7, 3, 5), (4, 7, 3, '?'), (1, 7, 3, 5), (1, 7, 3, 7), ('?', 7, 3, 0), ('?', 7, 3, 5), (4, 7, 3, 7), (6, 7, 3, 2), (0, 7, 3, '?'), ('?', 7, 3, 5), (6, 7, 3, 7), (3, 7, 3, 5), (1, 7, 3, 4), (4, 7, 3, 2), (7, 7, 3, 1), (7, 7, 3, 3), (0, 7, 3, 6), (0, 7, 3, 3), (4, 7, 3, '?'), (4, 7, 3, 4), (0, 7, 3, 0), (4, 7, 3, 2), (7, 7, 3, 3), (5, 7, 3, 6), (0, 7, 3, 6), (4, 7, 3, 3), (4, 7, 3, 3), (4, 7, 3, 3), (3, 7, 3, 0), (7, 7, 3, '?'), (4, 7, 3, 2), (5, 7, 3, 5), (5, 7, 3, 6), (7, 7, 3, 1), (7, 7, 3, 6), ('?', 7, 3, 0), (4, 7, 3, 5), (0, 7, 3, 7), ('?', 7, 3, 4), (4, 7, 3, 2), (1, 7, 3, 7), (2, 7, 3, 1), (0, 7, 3, 0), (7, 7, 3, 4), ('?', 7, 3, 5), (4, 7, 3, 2), (7, 7, 3, 7), (3, 7, 3, 5), (1, 7, 3, 5), (0, 7, 3, 6), (7, 7, 3, 4), (4, 7, 3, 4), (4, 7, 3, 2), (0, 7, 3, 3), (7, 7, 3, 7), (4, 7, 3, 4), ('?', 7, 3, 3), (4, 7, 3, 5), (0, 7, 3, 0), (2, 7, 3, 4), (6, 7, 3, 7), (1, 7, 3, 7), (0, 7, 3, 7), (7, 7, 3, 7), (7, 7, 3, 6), (1, 7, 3, 2), (1, 7, 3, 4), (2, 7, 3, 0), (2, 7, 3, 4), (7, 7, 3, '?'), (2, 7, 3, 4), (1, 7, 3, 7), (1, 7, 3, 2), (7, 7, 3, 2), (4, 7, 3, 3), (2, 7, 3, 3), (0, 7, 3, 4), (1, 7, 3, 2), (0, 7, 3, 4), (7, 7, 3, 3), (4, 7, 3, 6), (7, 7, 3, 4), ('?', 7, 3, 3), (3, 7, 3, 6), (4, 7, 3, 6), (7, 7, 3, 5), (1, 7, 3, 2), (1, 7, 3, 2), (3, 7, 3, 2), (1, 7, 3, 2), (5, 7, 3, 3), (4, 7, 3, 3), (1, 7, 3, 4), ('?', 7, 3, 6), (7, 7, 3, 4), (4, 7, 3, 5), (2, 7, 3, 6), (2, 7, 3, 6), (7, 7, 3, 4), (2, 7, 3, 3), (4, 7, 3, 3), (6, 7, 3, 7), (7, 7, 3, '?'), (3, 7, 3, 2), (7, 7, 3, 4), (2, 7, 3, 3), (6, 7, 3, 0), (0, 7, 3, 6), ('?', 7, 3, 6), (0, 7, 3, '?'), (1, 7, 3, 7), (0, 7, 3, 6), (4, 7, 3, 6), (1, 7, 3, 7), (4, 7, 3, 3), (0, 7, 3, 4), (0, 7, 3, 4), (4, 7, 3, '?'), (4, 7, 3, '?'), (7, 7, 3, 3), ('?', 7, 3, 4), (7, 7, 3, 4), ('?', 7, 3, 2), (2, 7, 3, 4), (4, 7, 3, 5), (4, 7, 3, 4), ('?', 7, 3, 3), (2, 7, 3, 0), (4, 7, 3, 5), (4, 7, 3, 6), (0, 7, 3, 2), (7, 7, 3, 2), (7, 7, 3, 2), (1, 7, 3, 2), (0, 7, 3, 0), (7, 7, 3, '?'), (7, 7, 3, 3), ('?', 7, 3, 2), ('?', 7, 3, '?'), ('?', 7, 3, 0), (0, 7, 3, '?'), (1, 7, 3, 7), (2, 7, 3, 0), (7, 7, 3, 4), (2, 7, 3, 6), (0, 7, 3, 6), (0, 7, 3, 6), (4, 7, 3, 6), (7, 7, 3, 3), (7, 7, 3, 2)]"
"(7, 1, 20, 20, 0)","[(4, '?', 1, 2)]"
"(7, 2, 7, 7, 0)","[(1, 4, 1, '?'), (1, 4, 1, '?'), (1, 4, 1, 3)]"
"(7, 5, 5, 5, 0)","[(5, 5, 1, '?'), (0, 5, 1, 2), (5, 5, 1, 6), (3, 5, 1, 5), (2, 5, 1, 1), (3, 5, 1, 3), (3, 5, 1, 7), ('?', 5, 1, 5), (6, 5, 1, 0), (6, 5, 1, 6), (6, 5, 1, 2), (6, 5, 1, '?'), (6, 5, 1, 0), (5, 5, 1, 2), (1, 5, 1, 2), (3, 5, 1, 6), (1, 5, 1, 4), (6, 5, 1, 6), (3, 5, 1, 3), (1, 5, 1, 6), (6, 5, 1, '?'), (1, 5, 1, 2), (6, 5, 1, 2), (6, 5, 1, 5), (5, 5, 1, 6), (6, 5, 1, 5), (5, 5, 1, '?'), (2, 5, 1, 0), ('?', 5, 1, 3), ('?', 5, 1, 3), (7, 5, 1, 4), (2, 5, 1, 3), (3, 5, 1, 2), (2, 5, 1, 7), (2, 5, 1, '?'), (2, 5, 1, 7), (1, 5, 1, 4), (2, 5, 1, 1), (6, 5, 1, 0), (2, 5, 1, 0), (0, 5, 1, 1), (2, 5, 1, 3), (1, 5, 1, 4), (1, 5, 1, 2), (2, 5, 1, 5), (0, 5, 1, 1), (6, 5, 1, 2), (2, 5, 1, 1), (1, 5, 1, 2), (2, 5, 1, 0), (2, 5, 1, 3), (2, 5, 1, 3), (6, 5, 1, 0)]"
"(7, 5, 5, 7, 0)","[(1, 5, 1, 0), (3, 5, 1, 0), (6, 5, 1, 0), (3, 5, 1, 2), (7, 5, 1, '?'), (1, 5, 1, 0), (2, 5, 1, 7), ('?', 5, 1, '?'), (1, 5, 1, 6), (6, 5, 1, 4), ('?', 5, 1, '?'), ('?', 5, 1, 0), (2, 5, 1, 7), (3, 5, 1, 4), (6, 5, 1, 4)]"
"(7, 5, 7, 5, 0)","[(1, 5, 1, 0), (5, 5, 1, 2), (2, 5, 1, '?'), (7, 5, 1, 4), (0, 5, 1, 3), ('?', 5, 1, 3), (7, 5, 1, 5), (3, 5, 1, 4), (2, 5, 1, 7), ('?', 5, 1, 0), (3, 5, 1, 4), ('?', 5, 1, '?'), (1, 5, 1, 4), (7, 5, 1, 5), (3, 5, 1, 4), (2, 5, 1, '?')]"
"(7, 5, 7, 7, 0)","[(7, 5, 1, 6), (7, 5, 1, 3), (7, 5, 1, 3), (0, 5, 1, 3), (7, 5, 1, '?'), (0, 5, 1, 3), (0, 5, 1, '?'), ('?', 5, 1, '?'), (3, 5, 1, 0), ('?', 5, 1, '?'), (0, 5, 1, 3), ('?', 5, 1, 0), (7, 5, 1, 5), (7, 5, 1, 5), (3, 5, 1, 5), (3, 5, 1, 0), (3, 5, 1, 0), (7, 5, 1, '?'), (0, 5, 1, 3), ('?', 5, 1, '?')]"
"(7, 7, 1, 1, 0)","[(2, '?', '?', 4)]"
"(7, 7, 2, 2, 0)","[(1, 4, 1, 3)]"
"(7, 7, 2, 7, 0)","[(1, 4, 1, 2), (1, 4, 1, 0), (4, 4, 1, 0), (1, 4, 1, 2), (1, 4, 1, 4), (1, 4, 1, 1)]"
"(7, 7, 2, 20, 0)","[(4, 4, 1, 2)]"
"(7, 7, 5, 5, 0)","[(4, 5, 1, 5), (3, 5, 1, 7), (4, 5, 1, 6), ('?', 5, 1, 5), (5, 5, 1, 4), (5, 5, 1, 6), (6, 5, 1, '?'), (1, 5, 1, 7), (6, 5, 1, 6), (4, 5, 1, 6), (6, 5, 1, 2), (4, 5, 1, 7), (6, 5, 1, 1), (6, 5, 1, 4), (6, 5, 1, 2), ('?', 5, 1, 3), (1, 5, 1, 6), (6, 5, 1, 1), (6, 5, 1, '?'), ('?', 5, 1, 0), (6, 5, 1, 2), (7, 5, 1, 7), (6, 5, 1, '?'), (3, 5, 1, 2), (1, 5, 1, 6), (3, 5, 1, 5), (4, 5, 1, '?'), ('?', 5, 1, '?'), (1, 5, 1, 4), (3, 5, 1, 2), (2, 5, 1, 7), (1, 5, 1, 2), (6, 5, 1, 4), (2, 5, 1, 7), (3, 5, 1, 5), (4, 5, 1, 0), (6, 5, 1, 2), (6, 5, 1, 1), (5, 5, 1, 1), (6, 5, 1, 4)]"
"(7, 7, 5, 7, 0)","[(4, 5, 1, 3), (1, 5, 1, 5), (6, 5, 1, 6), (5, 5, 1, 7), (5, 5, 1, 5), (5, 5, 1, 4), (1, 5, 1, 7), ('?', 5, 1, 5), (7, 5, 1, 3), (3, 5, 1, 5), (1, 5, 1, 6), (7, 5, 1, 7), (3, 5, 1, 5), (4, 5, 1, 5), (6, 5, 1, 0), (3, 5, 1, 6), (7, 5, 1, '?'), (7, 5, 1, 3), (7, 5, 1, 3), (4, 5, 1, 0), (6, 5, 1, 6), (7, 5, 1, 5), (6, 5, 1, 1), (3, 5, 1, 0), (3, 5, 1, 2), (6, 5, 1, 1), (3, 5, 1, 0), (7, 5, 1, 3), (1, 5, 1, 0), (3, 5, 1, 6), (1, 5, 1, 6), ('?', 5, 1, '?'), (7, 5, 1, '?')]"
"(7, 7, 5, 20, 0)","[(4, 5, 1, 7)]"
"(7, 7, 7, 2, 0)","[(1, 4, 1, 5), (4, 4, 1, 3), (4, 4, 1, 3), (4, 4, 1, 0), (1, 4, 1, 4), (4, 4, 1, 3), (4, 4, 1, 5), (4, 4, 1, 7), (4, 4, 1, 7), (4, 4, 1, 0)]"
"(7, 7, 7, 5, 0)","[(6, 5, 1, 3), (5, 5, 1, 4), ('?', 5, 1, 5), (3, 5, 1, 3), ('?', 5, 1, 5), (3, 5, 1, 5), (5, 5, 1, '?'), (3, 5, 1, 6), (3, 5, 1, 0), (4, 5, 1, 7), (1, 5, 1, 6), (6, 5, 1, 2), (4, 5, 1, 5), (6, 5, 1, 2), (4, 5, 1, 5), (6, 5, 1, 6), (0, 5, 1, 3), (3, 5, 1, 6), (3, 5, 1, 4), (4, 5, 1, 0), (6, 5, 1, '?'), (6, 5, 1, 0)]"
"(7, 7, 7, 7, 0)","[(6, 0, 1, 1), ('?', 2, 1, 6), (2, 4, 1, 5), (6, 7, 1, 1), (2, 0, 1, 3), (4, 1, 1, 6), ('?', 7, 1, 1), (1, 1, 1, 0), (6, '?', 1, 1), (2, '?', 1, 1), (1, '?', 1, 2), (3, 7, 1, '?'), (2, 2, 1, 2), (1, 2, 1, 4), (3, '?', 1, 1), (0, 2, 1, 7), (1, 3, 1, '?'), (7, 1, 1, 1), (5, 6, 1, 1), (2, 4, 1, 3), (1, 7, 1, 3), (0, 3, 1, 7), (6, 4, 1, 3), (7, '?', 1, 2), (5, 2, 1, 4), (6, 7, 1, 7), (0, 7, 1, 5), (0, 0, 1, 3), (0, 1, 1, 1), (3, 4, 1, 1), (6, 4, 1, 7), (7, 2, 1, 1), (2, 2, 1, 6), (0, 6, 1, 0), ('?', 6, 1, 3), (2, '?', 1, 7), (6, 6, 1, 3), (2, '?', 1, 4), (7, 4, 1, 4), ('?', 2, 1, 1), (0, 7, 1, 3), (3, 2, 1, 1), (5, 2, 1, 3), ('?', 7, 1, 3), (5, 1, 1, 0), (4, 2, 1, 2), ('?', 3, 1, 7), (2, 2, 1, '?'), (0, 1, 1, '?'), (1, 6, 1, '?'), (2, '?', 1, 3), (2, 4, 1, 3), ('?', 7, 1, 3), (7, 4, 1, 3), (5, 4, 1, 3), (0, 6, 1, 4), (6, 2, 1, 7), (7, 3, 1, '?'), (1, 3, 1, 1), (3, 6, 1, 6), (5, 2, 1, 3), ('?', 6, 1, 7), (3, 3, 1, '?'), (4, 2, 1, 5), (6, 1, 1, 4), (7, 3, 1, '?'), (7, 2, 1, 0), (7, 4, 1, 7), (6, 6, 1, 0), (6, '?', 1, 1), (7, 3, 1, '?'), (2, 3, 1, 0), (2, 2, 1, 5), (7, 2, 1, 4), (6, 2, 1, 7), (0, 6, 1, 7), (2, 6, 1, 3), (6, 6, 1, '?'), ('?', 7, 1, 1), (0, 2, 1, 7), (4, 7, 1, 6), (4, 2, 1, 1), (6, 1, 1, 2), (7, 3, 1, 7), (1, 3, 1, 7), (2, 6, 1, 2), (7, '?', 1, 5), (7, 1, 1, 2), (7, 7, 1, 3), (7, 2, 1, 0), (0, 6, 1, 1), (0, 7, 1, 5), (3, '?', 1, 3), (3, 6, 1, 5), (7, 1, 1, 4), (7, 3, 1, 1), ('?', 3, 1, 3), (4, 1, 1, '?'), (2, 2, 1, 2), (7, 0, 1, 3), (5, 4, 1, 2), ('?', 4, 1, 2), (5, 3, 1, 6), (7, 3, 1, 0), (0, 7, 1, 1), (3, 2, 1, 7), (7, 1, 1, 4), (3, 3, 1, 7), (1, 3, 1, 0), (5, 4, 1, 6), (0, 2, 1, 3), (2, 4, 1, 7), (1, '?', 1, 2), (0, '?', 1, 1), (6, 4, 1, 7), (5, '?', 1, 2), (6, 1, 1, 0), (2, 3, 1, 7), (7, 1, 1, 2), (7, 0, 1, '?'), (0, 2, 1, 6), (3, 4, 1, 6), ('?', '?', 1, 1), (0, '?', 1, 2), (1, 6, 1, 4), (1, '?', 1, 7), (7, 1, 1, 4), ('?', '?', 1, 4), (2, 0, 1, 4), (5, 4, 1, 6), (7, 3, 1, 7), (0, 6, 1, 0), (4, 7, 1, 6), (6, 7, 1, 1), (0, '?', 1, 6), (7, '?', 1, 1), (0, 1, 1, 3), (6, '?', 1, 7), ('?', 2, 1, '?'), (7, 1, 1, 0), (1, 3, 1, 0), (7, 1, 1, 3), (2, 6, 1, 3), (3, 1, 1, 7), ('?', 6, 1, 5), (6, 7, 1, 5), (1, 4, 1, 0), ('?', 4, 1, 3), (6, '?', 1, 4), (2, 7, 1, 1), ('?', 3, 1, 3), ('?', 4, 1, 1), (2, 1, 1, 0), ('?', 1, 1, 4), (3, 4, 1, 1), (6, 1, 1, '?'), (2, 3, 1, 7), (3, 6, 1, 5), (2, 3, 1, 6), (0, 2, 1, '?'), (2, 6, 1, 6), (4, 2, 1, 4), (5, '?', 1, 0), (3, 3, 1, 1), (5, 3, 1, 5), (5, 2, 1, 6), (3, 2, 1, 1), (6, 1, 1, 7), (4, 2, 1, 5), (1, 3, 1, 1), (3, 3, 1, 5), (1, '?', 1, 2), (4, 4, 1, 7), (0, 6, 1, 1), ('?', 6, 1, 3), ('?', 1, 1, 3), (7, 3, 1, 7), (2, 3, 1, 0), (1, 3, 1, 0), (5, 3, 1, '?'), (7, 3, 1, 7), (5, 7, 1, 1), (6, '?', 1, 7), (2, 6, 1, 1), (0, 2, 1, 1), (0, 7, 1, 5), (3, 0, 1, '?'), (7, 0, 1, 4), (0, '?', 1, 7), (7, 3, 1, 2), (2, 1, 1, 6), (1, 3, 1, 4), (5, '?', 1, 2), ('?', 3, 1, 2), (6, 2, 1, 4), (2, 0, 1, 4), (6, 3, 1, 6), (0, 7, 1, 6), (6, '?', 1, 1), (2, 2, 1, 5), (6, 4, 1, 3), ('?', 1, 1, 4), (1, '?', 1, 4), (3, 1, 1, 4), ('?', '?', 1, 3), (0, 7, 1, 0), ('?', 1, 1, 2), (4, 7, 1, 1), (6, 3, 1, 3), (2, 3, 1, 6), (1, 1, 1, 2), (1, 6, 1, 3), ('?', 1, 1, 3), (4, '?', 1, '?'), (0, 1, 1, '?'), (2, 3, 1, 5), (0, 1, 1, 2), (1, 3, 1, '?'), (0, 7, 1, 5), (0, 1, 1, 6), (4, '?', 1, 7), (5, '?', 1, 0), (4, 1, 1, 3), (6, 4, 1, 5), (5, 1, 1, 1), (1, 3, 1, 7), (0, 3, 1, 0), (6, 4, 1, 2), (3, 4, 1, 0), (7, 0, 1, 1), (2, 3, 1, 6), (7, '?', 1, 0), (0, 3, 1, 6), ('?', 2, 1, 6), (1, 3, 1, 0), (5, 2, 1, 6), (3, 1, 1, 3), (0, 2, 1, 5), (3, 6, 1, 4), (7, 3, 1, 7), (0, 6, 1, 3), (6, 0, 1, 7), (3, '?', 1, 3), (2, 3, 1, 1), (2, 4, 1, 0), (2, 4, 1, 6), (6, '?', 1, 3), ('?', 7, 1, 1), (7, 3, 1, 4), (2, 1, 1, 0), (4, 1, 1, 4), (1, 5, 1, 5), (4, 4, 1, 6), (0, 7, 1, 7), (2, 2, 1, 5), (7, 6, 1, 7), (0, 2, 1, 6), (4, 4, 1, 3), (4, 7, 1, 4), ('?', 2, 1, 2), (3, 3, 1, 1), (7, '?', 1, '?'), (5, 3, 1, 0), (1, 3, 1, 3), ('?', 0, 1, 6), (2, 4, 1, 7), (6, '?', 1, '?'), (1, 1, 1, 2), (7, 7, 1, 5), (0, 3, 1, 6), (7, 2, 1, 5), (3, 1, 1, 7), (7, 1, 1, 1), (1, 1, 1, 0), (2, 3, 1, 4), (3, 4, 1, 1), (0, 2, 1, 1), (3, '?', 1, '?'), (4, 4, 1, '?'), (2, '?', 1, 5), (3, 4, 1, 2), ('?', 1, 1, 7), (1, 7, 1, 7), (3, 4, 1, 7), (3, 2, 1, 4), ('?', 1, 1, 6), ('?', 2, 1, '?'), ('?', 6, 1, 5), (3, 6, 1, 4), ('?', 1, 1, '?'), (6, 2, 1, 6), (3, 6, 1, '?'), (5, '?', 1, 0), (5, 3, 1, 4), (3, 3, 1, 5), (3, 2, 1, 7), (3, 6, 1, 5), ('?', 3, 1, 4), (2, 1, 1, 6), (7, 1, 1, 2), (1, 1, 1, 2), (6, 2, 1, '?'), ('?', 2, 1, 5), (3, 3, 1, 7), (3, 1, 1, 1), (2, 3, 1, 3), ('?', 1, 1, 6), (2, '?', 1, 4), (7, 4, 1, 1), (5, 3, 1, 6), (0, 2, 1, 1), (1, 6, 1, 7), (2, 4, 1, 6), (4, '?', 1, 7), (0, '?', 1, 2), (2, 1, 1, 3), (6, 2, 1, '?'), (4, 1, 1, 1), (2, 3, 1, 1), (2, 4, 1, '?'), (4, 7, 1, 4), (3, 1, 1, 1), (3, 2, 1, 6), (7, 1, 1, 1), ('?', 1, 1, 5), (5, 3, 1, 0), (2, '?', 1, 4), (7, 3, 1, 2), (0, 0, 1, 3), (1, 1, 1, 1), (2, 3, 1, 7), (3, '?', 1, 3), (6, 1, 1, 6), (6, 3, 1, 2), (2, 2, 1, 5), (0, 3, 1, 6), (7, 0, 1, 7), (2, 2, 1, 1), ('?', 1, 1, 1), (5, 3, 1, 4), (3, 1, 1, 6), (5, 6, 1, 1), ('?', 6, 1, 3), (5, 3, 1, 4), (5, 4, 1, 6), (4, 4, 1, 2), (7, '?', 1, 0), ('?', 6, 1, 7), ('?', 3, 1, 2), (0, 0, 1, 3), ('?', 4, 1, 1), (0, '?', 1, 0), (1, 5, 1, 3), (2, 3, 1, 0), (2, 7, 1, 5), (7, 7, 1, 7), (3, 4, 1, 6), (5, 2, 1, 3), (6, 1, 1, 6), (0, 1, 1, 3), (4, 1, 1, 6), ('?', 6, 1, 3), (2, 3, 1, 0), ('?', 3, 1, 7), (0, 7, 1, 6), (6, 2, 1, 5), (3, '?', 1, 7), (2, 3, 1, 0), (2, 2, 1, 6), (6, 2, 1, 6), ('?', 2, 1, 6), (0, 3, 1, 5), (3, 2, 1, 3), (3, 3, 1, 6), (7, 2, 1, '?'), (0, 6, 1, 4), (7, 0, 1, '?'), ('?', 4, 1, 2), (3, 3, 1, 3), (0, '?', 1, 6), ('?', 2, 1, '?'), (4, 1, 1, '?'), (0, 0, 1, 0), (3, 3, 1, 5), (3, 1, 1, 6), (3, 4, 1, 1), (1, '?', 1, 4), (7, '?', 1, 6), ('?', 2, 1, 1), ('?', 1, 1, 4), (1, 3, 1, 6), (5, 2, 1, 4), ('?', 3, 1, '?'), (1, 7, 1, 3), (3, 1, 1, 3), (6, 6, 1, '?'), (7, 0, 1, '?'), (6, 2, 1, 7), ('?', '?', 1, 3), (1, 2, 1, 7), (4, 2, 1, 7), (0, '?', 1, 6), (0, 1, 1, 2), (7, 3, 1, 4), (3, 1, 1, 7), (1, '?', 1, 6), (1, '?', 1, 3), ('?', 2, 1, 2), (5, '?', 1, 2), (2, 4, 1, 0), ('?', 2, 1, 0), (7, 1, 1, 7), (3, 4, 1, 6), (2, 3, 1, 3), (6, '?', 1, 2), (2, 1, 1, 0), (0, 3, 1, 0), (0, 1, 1, '?'), (0, 7, 1, 3), (3, '?', 1, 7), (1, 1, 1, 2), (5, 2, 1, 4), (0, 2, 1, 4), (7, 3, 1, 2), (6, 1, 1, 2), ('?', 2, 1, 1), (0, 6, 1, '?'), (4, 1, 1, 2), ('?', 6, 1, 7), (2, 0, 1, 0), (2, 6, 1, 2), (1, 4, 1, 0), (0, '?', 1, 2), (1, 5, 1, 3), (0, 1, 1, 7), (4, 1, 1, 3), (5, 3, 1, '?'), (3, 2, 1, 0), (6, 1, 1, 2), (4, 5, 1, 3), (0, 1, 1, 3), (7, 0, 1, 5), (0, 4, 1, 0), (6, 7, 1, 6), ('?', 4, 1, 3), ('?', 1, 1, 1), (0, 1, 1, 3), (7, 0, 1, 3), (1, 3, 1, 6), (3, 1, 1, 6), (4, 2, 1, 2), (5, 3, 1, 4), (6, 2, 1, 7), (3, 3, 1, 3), (2, 4, 1, 7), (4, 1, 1, 3), (3, 4, 1, 3), (1, 1, 1, 0), (0, 7, 1, 6), (6, '?', 1, 3), (0, '?', 1, 2), (5, 3, 1, 0), (1, 6, 1, 3), (0, 1, 1, '?'), (1, 2, 1, 0), ('?', 6, 1, 7), (0, 4, 1, '?'), (7, 0, 1, 1), (3, 1, 1, 5), (2, '?', 1, 1), (3, 2, 1, 6), (3, 6, 1, 6), (5, 4, 1, 2), (2, 6, 1, 6), (4, 7, 1, 2), (6, 7, 1, 6), (3, 3, 1, 5), (0, 6, 1, 3), (2, '?', 1, '?'), ('?', 2, 1, 2), (7, 3, 1, 6), (6, 6, 1, 7), (6, 4, 1, 0), (3, 2, 1, 7), (4, 5, 1, 3), (7, 4, 1, 0), (4, 1, 1, 2), (0, '?', 1, 7), (2, 4, 1, 4), (3, 6, 1, 2), (6, 0, 1, 3), (4, 2, 1, 7), (1, 2, 1, 0), (3, 0, 1, 0), (7, 6, 1, 1), (1, 0, 1, 3), (4, '?', 1, 7), (4, 5, 1, 3), ('?', 2, 1, '?'), (7, 1, 1, 2), (6, 4, 1, 7), (6, 6, 1, 3), (7, 0, 1, 1), (4, 7, 1, 2), (3, 2, 1, 1), (1, 6, 1, 5), ('?', 6, 1, '?'), (6, 6, 1, 5), (2, 1, 1, 5), ('?', 1, 1, 2), (5, '?', 1, 2), (4, 1, 1, 0), (0, 2, 1, 5), (3, 3, 1, 3), (6, 1, 1, 5), ('?', '?', 1, 0), (6, 1, 1, 6), (4, 4, 1, 4), (3, 1, 1, '?'), ('?', 7, 1, 3), (2, 2, 1, 0), (2, 1, 1, 6), (0, 7, 1, 5), (0, '?', 1, 2), ('?', 4, 1, '?'), ('?', '?', 1, '?'), (7, 1, 1, 2), (5, '?', 1, 3), (7, '?', 1, 1), (7, 1, 1, 3), (3, 2, 1, '?'), ('?', 6, 1, 1), (3, '?', 1, 7), (3, 1, 1, 7), (0, 1, 1, 0), (2, 4, 1, 3), (0, 1, 1, 4), (7, 4, 1, 7), (5, 6, 1, 6), (1, 5, 1, 1), (6, 4, 1, 7), (2, 2, 1, 6), (2, 1, 1, 6), (5, 2, 1, '?'), (3, 2, 1, 3), ('?', 3, 1, 3), (1, 6, 1, 5), (6, 3, 1, 5), ('?', 3, 1, 2), ('?', 1, 1, '?'), (3, '?', 1, 5), (2, 3, 1, 5), (0, 1, 1, 7), (3, 6, 1, 0), ('?', 7, 1, '?'), (6, 7, 1, 2), (7, 4, 1, 2), (2, 6, 1, 5), (7, 6, 1, '?'), (2, 1, 1, 7), ('?', 0, 1, 4), (2, 1, 1, 0), (2, '?', 1, '?'), (6, '?', 1, 3), (7, 7, 1, '?'), ('?', 1, 1, 5), (4, 1, 1, 0), (6, 0, 1, 3), (1, 1, 1, 7), ('?', 7, 1, 3), (7, 2, 1, 5), (1, 1, 1, 0), (6, 4, 1, 5), (3, 1, 1, 4), (1, 4, 1, 5), (3, 7, 1, 6), (2, 6, 1, '?'), (2, '?', 1, 6), (0, 2, 1, 4), (3, 3, 1, '?'), (3, 6, 1, 4), (2, '?', 1, 3), (1, '?', 1, 4), (1, '?', 1, 2), (1, 1, 1, 4), (3, '?', 1, 7), (5, 3, 1, '?'), (6, 4, 1, 2), (4, 7, 1, 3), (7, '?', 1, 2), (7, 7, 1, 5), (2, 2, 1, 5), (1, 2, 1, 4), (6, 7, 1, 1), (7, 2, 1, 4), (0, '?', 1, 2), (1, 3, 1, 3), (4, 2, 1, 1), ('?', 4, 1, 4), (1, 1, 1, 4), (1, '?', 1, 7), ('?', 2, 1, 3), ('?', 6, 1, 6), (5, 2, 1, '?'), (6, 6, 1, 5), (1, 3, 1, 2), (7, 0, 1, 6), (1, 4, 1, 1), (6, '?', 1, 2), (5, 2, 1, 7), ('?', 7, 1, 6), (1, 5, 1, 3), (2, 1, 1, 2), (0, 2, 1, 1), (4, 2, 1, 2), (4, 1, 1, 1), (3, '?', 1, 0), (5, '?', 1, 0), (7, 4, 1, 1), (6, 2, 1, '?'), (7, 0, 1, 1), (5, 2, 1, 4), (3, 1, 1, 6), (2, '?', 1, '?'), ('?', 1, 1, 2), (2, '?', 1, 3), (7, 2, 1, 5), (1, '?', 1, 5), (7, 7, 1, 1), (2, 6, 1, 6), (6, 0, 1, 1), (4, 2, 1, 7), (3, 2, 1, 0), (0, 6, 1, 1), (6, 6, 1, 6), (6, 1, 1, '?'), (1, 3, 1, 4), (3, '?', 1, 5), (4, 6, 1, 6), (7, 6, 1, 0), ('?', 2, 1, 1), (2, '?', 1, 4), (0, 7, 1, 1), ('?', 7, 1, 2), (6, '?', 1, '?'), (0, 7, 1, 1), (6, 4, 1, 2), (6, 3, 1, 2), ('?', 1, 1, 1), (3, 4, 1, 6), (4, 2, 1, 7), (4, 3, 1, 6), (1, 7, 1, 1), (1, 2, 1, 7), (2, '?', 1, 5), ('?', 1, 1, 5), (3, 2, 1, 6), (6, 2, 1, 4), ('?', '?', 1, 0), (2, 6, 1, 1), (4, 7, 1, 1), (4, 2, 1, 0), (7, 1, 1, 3), (4, 0, 1, 4), (2, '?', 1, 3), (3, 0, 1, 6), ('?', '?', 1, 1), (5, 2, 1, 4), (6, 1, 1, 3), ('?', 3, 1, 4), (6, 0, 1, 3), (7, 7, 1, 4), (0, 2, 1, 1), (7, 0, 1, 0), (2, 2, 1, '?'), (2, '?', 1, 1), ('?', 1, 1, 3), (1, 4, 1, 1), ('?', 4, 1, 3), (0, 1, 1, 2), (5, 7, 1, 5), (5, 1, 1, 7), (1, 2, 1, 5), (0, 2, 1, '?'), (3, 6, 1, 1), (5, 2, 1, 7), (7, 2, 1, 7), (4, 2, 1, 5), (3, 3, 1, '?'), (7, 4, 1, 2), (7, 2, 1, 2), (1, 7, 1, 1), (5, 4, 1, 7), (7, 1, 1, 0), (6, 2, 1, 6), (2, 7, 1, 3), (4, 1, 1, 6), ('?', '?', 1, 7), (6, 6, 1, 7), (7, 0, 1, 3), (4, 1, 1, 0), (3, 4, 1, 2), ('?', 7, 1, 6), (3, '?', 1, 6), (6, 2, 1, 0), (2, 6, 1, '?'), ('?', 7, 1, 2), (1, 5, 1, 7), (3, 6, 1, 3), (5, 5, 1, 2), (5, '?', 1, 6), (3, '?', 1, 5), (4, 4, 1, 1), (6, 2, 1, 7), (7, 0, 1, 1), (2, 0, 1, 3), (1, 5, 1, 5), (3, 2, 1, 4), (3, 6, 1, 1), (3, 1, 1, 2), (7, 1, 1, 7), (6, 1, 1, 7), (5, 3, 1, 0), ('?', 6, 1, 5), (6, 1, 1, 3), (3, 2, 1, 4), (3, 6, 1, 5), (4, 1, 1, 5), (6, 6, 1, 1), (2, '?', 1, '?'), (4, 4, 1, '?'), (3, '?', 1, 0), (1, 4, 1, '?'), (2, 3, 1, 3), (0, 0, 1, '?'), (5, 4, 1, 7), (1, 5, 1, 3), ('?', 0, 1, 3), (2, 6, 1, 1), (5, '?', 1, 6), (1, 1, 1, 5), (1, 0, 1, 1), (6, 5, 1, 6), (1, 3, 1, 6), (7, 0, 1, 3), ('?', 4, 1, 0), (0, 6, 1, 3), (3, 2, 1, 5), (4, 2, 1, 4), (0, 1, 1, 6), (1, 4, 1, 2), ('?', '?', 1, 4), (6, '?', 1, '?'), (1, 1, 1, '?'), (7, 1, 1, 4), (3, 2, 1, 1), (3, 7, 1, 7), (2, 3, 1, 6), (2, '?', 1, 3), (6, 6, 1, 2), (1, 1, 1, 7), (5, 5, 1, 5), ('?', 1, 1, '?'), (4, 5, 1, 3), (1, 1, 1, 5), (2, 4, 1, 1), (5, 5, 1, 7), (5, 2, 1, 2), (1, '?', 1, 2), (5, 6, 1, '?'), (2, 1, 1, 3), (3, 2, 1, 4), (3, 0, 1, 0), (2, 3, 1, 4), (0, 1, 1, 2), (7, 1, 1, 7), (3, 6, 1, 4), (3, 2, 1, '?'), (2, '?', 1, 5), (7, 6, 1, 4), ('?', 4, 1, 7), (1, 1, 1, 4), (5, 5, 1, 5), (6, 6, 1, 1), (3, '?', 1, 6), (0, 6, 1, 3), (7, 6, 1, 3), (6, '?', 1, 7), (7, 3, 1, '?'), (1, '?', 1, 7), (7, 7, 1, 5), (2, 2, 1, '?'), (3, 2, 1, 7), (5, '?', 1, 3), (7, 0, 1, 4), (2, 1, 1, 5), (3, 5, 1, 6), (2, 1, 1, 7), (3, 3, 1, 1), (7, 6, 1, 1), (5, 4, 1, 7), (2, 7, 1, 7), ('?', 2, 1, 3), (3, 3, 1, 2), (4, 2, 1, 2), (6, 2, 1, 5), (7, 2, 1, 1), ('?', 2, 1, 0), (1, 7, 1, 1), (2, 2, 1, 3), (7, 0, 1, 7), (2, 4, 1, '?'), (1, 2, 1, 2), (3, 4, 1, 2), (7, 2, 1, 5), (6, 4, 1, 3), (7, 1, 1, 3), ('?', 6, 1, 3), (6, 4, 1, 2), (7, '?', 1, 5), (3, 6, 1, 7), (3, 4, 1, 0), (4, 2, 1, 5), (1, 1, 1, 7), (5, 5, 1, 2), (2, 7, 1, 1), (0, 7, 1, 3), (5, 6, 1, 6), (5, 3, 1, 1), (1, 3, 1, '?'), (6, 0, 1, 4), (2, '?', 1, 5), (0, 1, 1, 1), (7, '?', 1, 5), (1, 4, 1, 4), (0, 3, 1, 7), (2, 6, 1, 3), (6, 3, 1, 7), (3, 0, 1, 6), ('?', 6, 1, 1), (7, 4, 1, 7), (7, 3, 1, 1), (0, 3, 1, 3), (6, 1, 1, 1), (7, '?', 1, 6), (0, '?', 1, 7), (2, 4, 1, 1), (3, '?', 1, '?'), (6, '?', 1, 3), (4, 5, 1, 0), (0, 6, 1, 0), (6, 2, 1, 5), (3, 4, 1, '?'), (3, 0, 1, 6), (5, 5, 1, 4), (7, 2, 1, 5), (4, 4, 1, 6), (4, 0, 1, 6), (6, 4, 1, 6), (2, 0, 1, 4), (5, 3, 1, '?'), (3, '?', 1, 0), (2, 0, 1, 2), (3, 0, 1, '?'), (0, 6, 1, 1), (6, 6, 1, 3), (7, 3, 1, 1), (1, 4, 1, '?'), (3, 1, 1, 2), (1, 7, 1, 4), (3, 1, 1, 4), (1, 1, 1, 4), (3, 6, 1, 7), (3, 3, 1, 7), (1, 7, 1, 4), ('?', 2, 1, 6), (0, 1, 1, 3), (2, 6, 1, 1), (3, 7, 1, 6), ('?', 6, 1, 1), (4, '?', 1, '?'), (0, 1, 1, 4), (6, 1, 1, 4), ('?', 1, 1, 1), ('?', 7, 1, '?'), (6, '?', 1, 2), (1, 3, 1, 5), (2, 1, 1, 6), (1, '?', 1, 3), (3, 7, 1, '?'), (4, '?', 1, '?'), ('?', 7, 1, 1), (2, 7, 1, 5), (0, '?', 1, 3), (4, 5, 1, 7), ('?', 2, 1, 7), (6, '?', 1, '?'), ('?', 6, 1, 6), (4, 2, 1, 4), (5, 3, 1, 4), ('?', 2, 1, 4), (2, 0, 1, 0), ('?', '?', 1, '?'), (6, 3, 1, 3), (6, 3, 1, 6), (1, 6, 1, 7), (3, 0, 1, 1), (4, 2, 1, 6), (2, 1, 1, 5), (6, 2, 1, 4), (3, 6, 1, '?'), (5, 2, 1, '?'), (4, 3, 1, 1), (6, 2, 1, 6), (7, 7, 1, 7), (3, 2, 1, 7), (7, 3, 1, 3), (7, '?', 1, 2), (4, 5, 1, '?'), (4, 1, 1, 6), (6, 1, 1, '?'), (2, 3, 1, 4), (2, 7, 1, 7), (4, 4, 1, 0), (5, 1, 1, 5), (7, 2, 1, 7), (1, 2, 1, 2), (5, 4, 1, 6), (7, 7, 1, 6), (2, 4, 1, '?'), (5, 2, 1, '?'), (0, 2, 1, 5), (5, 7, 1, 6), (6, 2, 1, 4), (5, 2, 1, 7), (1, 2, 1, 5), (0, '?', 1, 1), ('?', 1, 1, 6), (3, 4, 1, 0), (3, 3, 1, 6), (2, 3, 1, 5), (0, 7, 1, 1), (5, 2, 1, 3), (5, 3, 1, 1), (2, 2, 1, 1), (6, '?', 1, 4), (0, '?', 1, 6), (2, 2, 1, 1), (6, 6, 1, 7), ('?', 6, 1, 3), (2, 3, 1, 5), (5, '?', 1, 7), (0, 4, 1, 5), ('?', 1, 1, 6), (1, 2, 1, 2), (0, 2, 1, 4), ('?', 7, 1, 1), (5, 2, 1, 3), (3, 1, 1, 7), (2, 6, 1, 5), (1, 5, 1, 5), (7, 6, 1, 6), (3, 3, 1, '?'), ('?', 7, 1, 1), (6, 1, 1, 5), (2, 0, 1, 1), (7, 2, 1, '?'), (7, 2, 1, '?'), (6, 0, 1, 6), (1, 3, 1, 5), ('?', 7, 1, 4), (7, 3, 1, 1), ('?', 7, 1, 6), (3, '?', 1, 6), (6, 4, 1, 0), (3, 6, 1, 7), ('?', 4, 1, 1), (7, 3, 1, 1), (5, '?', 1, 4), (3, 7, 1, 7), (4, 1, 1, 4), ('?', 7, 1, 6), (6, 2, 1, 0), (2, 0, 1, 1), (1, '?', 1, 5), (5, 5, 1, 6), (4, 7, 1, 4), (6, 2, 1, 1), ('?', 6, 1, 7), (0, 7, 1, 7), ('?', 7, 1, 4), (2, 2, 1, 0), (7, 4, 1, 7), (6, 0, 1, 1), (6, 1, 1, 2), (2, 2, 1, 2), ('?', 4, 1, 7), ('?', 6, 1, 3), (3, 2, 1, 1), (0, 1, 1, '?'), ('?', 3, 1, 7), (4, 1, 1, '?'), (6, 3, 1, 2), (7, 4, 1, 0), (3, 2, 1, 3), (7, 0, 1, 0), (0, '?', 1, 7), (0, 3, 1, 3), (4, 4, 1, 5), (1, 6, 1, 4), (0, 1, 1, 6), (6, 7, 1, 3), (1, 4, 1, 4), (0, 3, 1, 7), (7, 2, 1, 0), (3, 0, 1, '?'), ('?', '?', 1, 5), (6, 6, 1, 3), (2, 4, 1, 5), (5, 3, 1, 5), (4, 7, 1, 7), (1, '?', 1, 7), (7, 6, 1, '?'), (1, 6, 1, 0), (4, 0, 1, 7), (0, 6, 1, 7), (6, 0, 1, 7), (2, 1, 1, 2), (5, 3, 1, 1), (4, 4, 1, '?'), ('?', 1, 1, 5), (1, 7, 1, 4), (3, 4, 1, '?'), (6, 7, 1, 6), (3, 1, 1, 3), (4, '?', 1, 1), (1, '?', 1, 4), (6, 2, 1, 6), (6, 7, 1, '?'), ('?', 7, 1, 4), (6, 6, 1, 2), (0, '?', 1, 3), ('?', 3, 1, '?'), (0, 1, 1, 4), ('?', '?', 1, 7), (3, 1, 1, 7), (4, 3, 1, 6), (3, 6, 1, 2), (6, 0, 1, 4), (2, 4, 1, 5), ('?', '?', 1, '?'), (1, 7, 1, 3), (0, 2, 1, 1), (1, 4, 1, 3), (7, 2, 1, 0), ('?', 0, 1, 5), (7, 7, 1, 3), (1, 7, 1, 2), (5, 2, 1, '?'), (5, '?', 1, 3), (1, '?', 1, 7), (2, '?', 1, 1), (1, 3, 1, 0), (5, 1, 1, 6), (2, '?', 1, 4), (4, '?', 1, 1), ('?', 1, 1, 4), ('?', 4, 1, '?'), (4, 2, 1, 6), (3, 3, 1, 5), (0, 0, 1, 3), (7, 4, 1, 3), (1, 3, 1, 2), (3, 4, 1, 0), (5, 3, 1, 6), (5, 4, 1, 4), (4, 7, 1, 1), (0, 0, 1, 3), (4, 4, 1, 1), (3, 2, 1, 7), (6, 0, 1, '?'), (2, 2, 1, 3), (6, 6, 1, '?'), (6, 2, 1, 3), (2, 0, 1, 3), (0, 0, 1, 2), ('?', 0, 1, 5), (6, 3, 1, 3), ('?', 3, 1, 4), ('?', 7, 1, 1), (6, 3, 1, 7), (4, 2, 1, 0), (5, 7, 1, 6), (5, 4, 1, 6), (7, 7, 1, 5), (5, 4, 1, 2), ('?', '?', 1, 0), (4, 1, 1, 5), (4, 2, 1, 4), (1, 3, 1, 7), (0, '?', 1, 1), (4, 0, 1, 7), (1, 2, 1, 7), (7, '?', 1, 0), (7, 4, 1, 3), ('?', 4, 1, 2), ('?', 7, 1, 2), (3, 5, 1, 3), (7, 5, 1, 3), (6, 2, 1, '?'), (3, 2, 1, 4), (5, '?', 1, 0), (6, 0, 1, 4), (6, 1, 1, 1), (2, 3, 1, 1), (6, 6, 1, 1), ('?', '?', 1, 0), (3, 2, 1, 7), (5, 5, 1, 5), ('?', 2, 1, 6), (4, 1, 1, 2), (0, 7, 1, 5), (0, 3, 1, '?'), (2, '?', 1, 5), (1, 6, 1, 0), (0, 6, 1, 7), (4, 5, 1, 5), (3, '?', 1, 7), (3, 2, 1, 3), (3, 3, 1, 0), ('?', '?', 1, '?'), (4, 7, 1, 7), (7, 7, 1, 3), (4, 3, 1, 3), (5, '?', 1, 3), ('?', '?', 1, 4), (5, 1, 1, 6), (0, 2, 1, 4), (1, '?', 1, 2), (1, 6, 1, 2), (2, 7, 1, 6), (6, 5, 1, 3), (0, 6, 1, 4), (3, 4, 1, 3), (1, 3, 1, 5), (1, '?', 1, 3), (0, 0, 1, 0), (1, 4, 1, 3), (3, 6, 1, 4), (0, 6, 1, 4), (1, 3, 1, 0), (2, 6, 1, 2), ('?', 0, 1, 1), (1, 1, 1, 4), (0, 2, 1, 5), (4, 3, 1, 6), (2, '?', 1, 0), ('?', 4, 1, 3), (0, 0, 1, 0), (1, 2, 1, 7), (0, 7, 1, 1), (0, '?', 1, 7), ('?', 3, 1, 3), (4, 7, 1, 4), (6, 7, 1, 2), (0, '?', 1, 0), (0, 6, 1, 1), (5, 3, 1, 4), (6, 6, 1, 0), (2, 1, 1, '?'), (4, 3, 1, 3), (3, 0, 1, 0), (7, 3, 1, 3), ('?', 3, 1, 4), (2, 0, 1, 3), (2, 4, 1, 7), (6, 4, 1, 7), (2, '?', 1, 7), (1, 2, 1, 2), (4, 1, 1, 4), (3, '?', 1, 1), ('?', 0, 1, 0), (3, 3, 1, 2), (3, 6, 1, 1), (0, 3, 1, 3), (4, 7, 1, 1), (7, 4, 1, '?'), (6, 3, 1, 3), (6, 6, 1, 3), ('?', 2, 1, 5), (5, 2, 1, 2), (2, 7, 1, 3), ('?', 7, 1, 4), (7, 7, 1, 1), (7, '?', 1, 2), (3, 3, 1, '?'), (2, 1, 1, 7), (3, 1, 1, 4), (0, 3, 1, '?'), (2, 2, 1, '?'), (7, 7, 1, '?'), (0, 2, 1, 6), ('?', 7, 1, 3), (3, 5, 1, 6), (1, 5, 1, 0), (7, 7, 1, 1), (5, 4, 1, 4), (7, 2, 1, 7), (7, 7, 1, 5), (0, 6, 1, 4), (7, 1, 1, 7), (3, 3, 1, 3), (4, '?', 1, 6), (6, 7, 1, 7), (0, 3, 1, 5), (5, 5, 1, 0), (1, '?', 1, 3), (4, '?', 1, 7), (7, 1, 1, 4), (0, 6, 1, 4), (6, 4, 1, 0), (1, 1, 1, 7), (0, 6, 1, 4), (0, 4, 1, 7), (5, 1, 1, 0), ('?', 0, 1, 4), (7, 6, 1, 6), (7, '?', 1, 0), (0, 2, 1, 3), (4, 7, 1, 2), (7, 0, 1, 0), (7, 3, 1, 6), ('?', 2, 1, 0), (0, '?', 1, 3), (7, 6, 1, 1), (2, 7, 1, 6), (4, 4, 1, 1), (5, 4, 1, 5), (1, 7, 1, 1), (1, 2, 1, 5), (0, 4, 1, 0), (7, 3, 1, 4), (0, 3, 1, 7), (2, '?', 1, 5), (0, 7, 1, 3), (7, 2, 1, 7), (4, 1, 1, 3), (4, '?', 1, '?'), (7, 7, 1, 3), (5, 4, 1, 3), (3, 6, 1, 2), (0, '?', 1, 0), (1, 2, 1, 2), (3, 7, 1, 7), (4, '?', 1, 5), (1, 0, 1, 6), (2, 3, 1, 3), (2, 4, 1, '?'), (2, 3, 1, 7), (1, '?', 1, 3), (4, 4, 1, 0), (5, '?', 1, 4), (2, 4, 1, 3), (2, 1, 1, 0), (5, 1, 1, 2), ('?', 7, 1, 6), (7, '?', 1, 7), (6, 2, 1, 0), (6, 2, 1, 6), (3, '?', 1, 3), (5, 5, 1, 4), (2, 3, 1, 2), (3, 2, 1, 4), (3, 1, 1, 3), ('?', 1, 1, 4), (0, 3, 1, 6), (2, '?', 1, 2), (6, 5, 1, 3), (0, '?', 1, 6), (3, 4, 1, 6), (0, 1, 1, 1), (1, 2, 1, '?'), (7, 6, 1, 6), (1, 3, 1, 5), (3, 4, 1, 7), (5, '?', 1, 0), (7, 3, 1, 6), (2, 2, 1, 0), (3, 2, 1, 0), (7, 4, 1, '?'), (3, 3, 1, 0), (0, 1, 1, 1), (0, 7, 1, 6), (5, '?', 1, 0), (2, 0, 1, 1), (2, '?', 1, 6), (0, 3, 1, 0), (4, 2, 1, 1), (1, 0, 1, 6), (3, '?', 1, 3), (1, 2, 1, '?'), (2, 6, 1, 3), (2, 3, 1, 1), (1, 1, 1, 0), (3, 2, 1, '?'), (3, 4, 1, '?'), (7, 7, 1, 6), (4, 4, 1, 6), (5, 6, 1, 5), (0, 7, 1, 1), (1, 5, 1, 3), (6, 6, 1, 0), (6, 2, 1, '?'), (2, 1, 1, 5), (3, 5, 1, 3), (6, 2, 1, 3), (5, 5, 1, 7), (4, 4, 1, '?'), ('?', 3, 1, 3), (6, 1, 1, 3), (0, '?', 1, 3), (6, 6, 1, '?'), ('?', 4, 1, '?'), (5, 1, 1, 6), (1, 2, 1, 7), (7, '?', 1, 1), ('?', 1, 1, 2), (6, 0, 1, 3), ('?', 7, 1, 5), (6, '?', 1, 2), (0, 1, 1, 2), (6, 7, 1, 5), (7, 0, 1, 4), (7, '?', 1, 6), (0, 1, 1, 7), (4, 6, 1, 7), (7, 4, 1, 7), ('?', 0, 1, 7), (6, '?', 1, 1), (7, 7, 1, 6), (5, 2, 1, '?'), (7, 2, 1, 1), (1, 3, 1, '?'), ('?', 2, 1, 7), (4, '?', 1, '?'), (3, 3, 1, 7), ('?', 0, 1, 3), (7, 0, 1, '?'), (3, 2, 1, '?'), (1, 1, 1, 7), (1, 1, 1, 5), (2, 4, 1, 7), (3, 6, 1, 2), (3, 3, 1, 2), (7, '?', 1, 7), (3, 7, 1, '?'), (4, 7, 1, 3), (3, 4, 1, '?'), (5, 2, 1, 0), (1, 5, 1, 7), (3, 3, 1, 0), (1, 7, 1, 4), (5, 3, 1, 5), (1, 3, 1, 4), ('?', '?', 1, 5), (3, 0, 1, 0), (1, 5, 1, 5), (0, 1, 1, 4), (6, 7, 1, 1), (7, 7, 1, 5), (1, 2, 1, 0), (4, 6, 1, 7), ('?', 2, 1, 3), (7, 7, 1, 7), (0, 6, 1, '?'), ('?', 3, 1, 2), (5, 1, 1, 1), (5, 4, 1, 3), ('?', 3, 1, 2), ('?', '?', 1, 7), (7, 7, 1, 3), (5, 2, 1, 7), (4, 4, 1, 7), (1, 6, 1, '?'), ('?', 4, 1, 3), ('?', 2, 1, 3), ('?', 7, 1, 3), ('?', 6, 1, 1), (7, 7, 1, 4), (1, 3, 1, 1), (1, 1, 1, 4), (1, '?', 1, 7), (3, '?', 1, 0), (7, 2, 1, 0), (2, 0, 1, 1), (6, 2, 1, '?'), ('?', 2, 1, 7), ('?', 2, 1, 3), (1, 3, 1, 2), (2, '?', 1, 0), (1, '?', 1, 5), ('?', 6, 1, 4), (3, '?', 1, 3), (0, '?', 1, 2), (2, 6, 1, 7), (6, '?', 1, 3), (2, 0, 1, 4), (0, 1, 1, 3), (6, 0, 1, 4), (2, 2, 1, 2), (4, '?', 1, 7), (6, 1, 1, '?'), ('?', 2, 1, 1), (0, 4, 1, 2), (3, 3, 1, '?'), (2, 4, 1, '?'), (7, 4, 1, 7), (4, 4, 1, 4), (1, 1, 1, 4), (6, 5, 1, 3), (4, 6, 1, '?'), (5, 3, 1, 1), (7, 3, 1, 6), (2, 7, 1, 7), (5, 1, 1, 0), (6, 1, 1, 1), ('?', 1, 1, '?'), (2, '?', 1, 7), (3, '?', 1, 7), (5, 5, 1, 6), (1, 2, 1, '?'), (5, 4, 1, 3), (6, 1, 1, 4), (0, 3, 1, 0), (0, 7, 1, 7), (7, 3, 1, 7), ('?', 1, 1, 6), (2, '?', 1, 2), (1, 4, 1, 0), (2, 3, 1, 4), (4, 4, 1, '?'), (3, '?', 1, '?'), (6, 7, 1, 1), (4, 1, 1, '?'), (1, 1, 1, 0), (7, 4, 1, 1), (7, 6, 1, '?'), (4, 2, 1, 7), (4, 4, 1, 5), (3, 0, 1, 6), (4, 2, 1, 7), (7, 7, 1, 7), (0, 6, 1, '?'), ('?', 4, 1, 2), (4, 1, 1, 5), (3, '?', 1, 0), (6, 6, 1, 3), (6, 5, 1, 5), (1, 3, 1, 5), (7, 7, 1, 3), (6, 2, 1, 3), (3, 3, 1, 7), ('?', 1, 1, 3), (6, 4, 1, 0), (3, 4, 1, 3), ('?', 2, 1, 4), (1, 1, 1, 5), (4, 7, 1, 3), (7, '?', 1, '?'), (5, 6, 1, 4), (2, 6, 1, 1), (4, 1, 1, 1), (1, 5, 1, 1), (2, 4, 1, 3), (7, 2, 1, 2), (0, 6, 1, 6), (2, 2, 1, 0), (4, 2, 1, 6), (5, 2, 1, 0), (3, 2, 1, 4), (4, 2, 1, 7), (1, 3, 1, 4), (1, 7, 1, 0), (7, 3, 1, 4), (2, '?', 1, 2), (1, 4, 1, 0), (2, 7, 1, 1), (6, 6, 1, 6), (3, '?', 1, '?'), (6, 1, 1, 0), (6, 4, 1, 7), (5, 5, 1, 5), (2, 0, 1, 4), ('?', 7, 1, 6), (3, 7, 1, 2), (1, 4, 1, 0), (5, '?', 1, 2), (3, 1, 1, 6), (3, 6, 1, '?'), (0, 2, 1, 3), (2, 6, 1, 6), (5, 3, 1, 6), (7, 3, 1, 3), (6, 1, 1, 2), (7, 0, 1, 3), ('?', '?', 1, 5), (6, 4, 1, 7), (4, 3, 1, 6), (5, 2, 1, 7), (3, 1, 1, 7), (2, 4, 1, 2), (7, 2, 1, 4), (1, 2, 1, '?'), (1, 5, 1, 1), (1, 7, 1, 4), (6, 7, 1, 1), (3, 1, 1, 5), (4, 2, 1, 5), (3, '?', 1, '?'), (6, 3, 1, 5), (4, 5, 1, '?'), (3, 3, 1, 3), (0, 3, 1, 6), (0, 1, 1, 0), ('?', 5, 1, 5), (5, '?', 1, 2), (5, 3, 1, 5), (7, 0, 1, 5), (3, 7, 1, 7), (3, 6, 1, 6), (6, 6, 1, 5), (4, 0, 1, 6), (2, 0, 1, 1), (3, 2, 1, 4), (4, 5, 1, 7), (0, 6, 1, 6), (6, 6, 1, '?'), (1, 1, 1, 7), (6, '?', 1, 7), (1, '?', 1, 5), (6, 7, 1, 7), (5, 2, 1, 3), (7, 4, 1, 0), (1, '?', 1, 4), (3, 6, 1, 2), (5, 4, 1, 2), (2, '?', 1, '?'), (4, 5, 1, 1), (7, 3, 1, 2), (7, '?', 1, 6), (3, '?', 1, 1), (6, 4, 1, 6), (1, 7, 1, 3), (2, '?', 1, 2), (7, '?', 1, 7), (6, 6, 1, 3), (4, 1, 1, 5), (2, '?', 1, 1), (1, 7, 1, 7), (2, 2, 1, 0), (0, 2, 1, 4), (2, 7, 1, 3), ('?', 2, 1, 3), (2, 4, 1, 2), (0, 1, 1, 5), ('?', 2, 1, 7), (7, 0, 1, 1), (3, 1, 1, 2), (1, 5, 1, 7), (1, '?', 1, 6), (0, 3, 1, 7), (3, 0, 1, 0), (2, 3, 1, 0), ('?', 4, 1, 1), (2, 1, 1, 2), (6, 6, 1, 5), (3, 6, 1, 7), (7, 0, 1, 4), (3, 1, 1, 4), (5, 7, 1, 6), ('?', 3, 1, 4), (2, 6, 1, 6), (7, 1, 1, 1), (2, 1, 1, '?'), (3, '?', 1, 5), (4, 4, 1, 5), (6, 0, 1, 1), (1, 3, 1, 0), (1, 3, 1, '?'), (7, 5, 1, 7), (2, '?', 1, 4), ('?', 2, 1, 4), (3, 2, 1, 5), (3, 4, 1, 1), (6, '?', 1, 3), (6, 3, 1, 2), (4, 1, 1, 5), ('?', 3, 1, 7), (2, '?', 1, '?'), (6, 0, 1, 1), (5, 2, 1, 2), (7, 1, 1, 0), (6, '?', 1, 2), (3, 3, 1, 2), ('?', 2, 1, 0), (7, '?', 1, '?'), (3, 1, 1, 2), (6, '?', 1, 4), (0, 3, 1, 7), ('?', 2, 1, 7), (7, '?', 1, 0), (2, '?', 1, 0), (3, 0, 1, 0), (2, 4, 1, 1), (0, 6, 1, 3), (7, 3, 1, 3), (2, 2, 1, 1), (0, 6, 1, 0), (1, 1, 1, 2), (6, 5, 1, '?'), (5, 4, 1, 3), (4, 5, 1, 7), (7, 6, 1, '?'), (4, 4, 1, 4), (5, 4, 1, 4), (4, 2, 1, 0), (6, 6, 1, 7), ('?', 7, 1, 2), (5, 5, 1, 2), (6, 1, 1, 5), (6, '?', 1, 4), (1, 6, 1, 2), (1, 3, 1, 0), (0, 0, 1, 3), (1, 1, 1, '?'), (4, 4, 1, 6), (6, 2, 1, 0), (1, 1, 1, 0), (0, 7, 1, 3), (1, 2, 1, 2), (2, 4, 1, 6), (5, 4, 1, 2), (3, 1, 1, 1), (4, 4, 1, 5), (1, 6, 1, 4), (7, 1, 1, 0), (5, 2, 1, 7), (7, 0, 1, 6), (7, 3, 1, 3), (3, 1, 1, 5), (5, 3, 1, 1), (0, 3, 1, 5), (1, 6, 1, 4), (0, 1, 1, 5), (5, 5, 1, 0), (6, 4, 1, 2), (4, 5, 1, 5), (7, 0, 1, 3), (3, 4, 1, 3), (2, 6, 1, 5), (5, 3, 1, 6), ('?', 4, 1, 7), (0, '?', 1, 0), (5, 5, 1, 7), (6, 1, 1, 4), (3, '?', 1, 3), ('?', 4, 1, 0), ('?', 4, 1, 0), (6, 3, 1, 2), (0, 2, 1, 1), (1, '?', 1, 5), (4, 2, 1, 1), (6, '?', 1, 7), (5, 7, 1, 6), ('?', 2, 1, 5), (1, 5, 1, 3), (2, '?', 1, 7), (7, '?', 1, 1), (4, '?', 1, 6), (4, 3, 1, 3), (3, 0, 1, 5), (5, 2, 1, 7), (1, 3, 1, 1), (7, 2, 1, 4), (5, 6, 1, 7), (2, 7, 1, 7), ('?', 0, 1, 0), (4, '?', 1, 5), (2, 2, 1, 5), (5, 4, 1, 2), (7, 2, 1, 2), ('?', 3, 1, 3), (5, 2, 1, 3), (5, '?', 1, 4), ('?', 2, 1, 4), (0, 0, 1, 0), (1, 2, 1, 7), (6, 4, 1, 5), (5, 4, 1, 5), (7, 2, 1, 1), (3, '?', 1, 0), ('?', 4, 1, 0), (3, 6, 1, 3), (3, 4, 1, 1), (0, 3, 1, 0), ('?', 2, 1, 3), (5, 4, 1, 4), (5, '?', 1, 6), ('?', 7, 1, 1), (1, 7, 1, 3), (6, 1, 1, 6), ('?', 0, 1, 6), (2, 6, 1, '?'), (3, 1, 1, 4), (3, 2, 1, '?'), (1, 5, 1, 3), (2, 3, 1, 4), (5, 6, 1, 5), (3, 2, 1, 6), (6, 4, 1, 6), (2, 7, 1, 4), (7, 1, 1, 1), (3, 7, 1, 7), (2, 2, 1, 3), (6, '?', 1, 3), (7, 0, 1, 0), (5, 1, 1, 6), (3, 1, 1, '?'), (6, 2, 1, 6), (3, 5, 1, 7), (6, 6, 1, 1), (1, 6, 1, 5), (0, 1, 1, 1), (2, 3, 1, 7), (0, 0, 1, 3), (1, 5, 1, 1), (0, 3, 1, 5), (0, 2, 1, 1), (1, 6, 1, '?'), (3, 1, 1, 6), (0, 3, 1, 6), ('?', 1, 1, 3), (3, 4, 1, 7), (1, 2, 1, 5), (7, 3, 1, '?'), (2, 7, 1, 5), (2, 0, 1, 2), (1, 1, 1, 2), (2, '?', 1, 5), (3, 2, 1, 0), (0, '?', 1, 0), (6, 4, 1, 0), (7, 0, 1, 7), (1, 4, 1, 3), (2, 7, 1, 3), (5, 7, 1, 7), (7, '?', 1, '?'), (3, 2, 1, 7), ('?', 4, 1, 3), (5, '?', 1, 0), (0, 1, 1, 0), (4, 4, 1, 3), (0, 0, 1, 4), (4, 4, 1, 0), (2, 3, 1, 1), (3, 0, 1, 6), ('?', 1, 1, 7), (5, '?', 1, 7), (3, 1, 1, 5), (5, 4, 1, 3), (2, 1, 1, '?'), (1, 3, 1, 7), (1, 1, 1, 0), (6, 4, 1, 3), (7, 1, 1, 1), (3, 2, 1, 7), (3, 3, 1, 2), (7, 1, 1, 4), ('?', 3, 1, '?'), ('?', 2, 1, 0), (4, 1, 1, 6), ('?', 5, 1, '?'), (4, 5, 1, 0), (7, '?', 1, 6), ('?', '?', 1, 0), (0, '?', 1, 0), (6, 6, 1, 6), (2, '?', 1, 7), (6, 3, 1, 5), (1, 7, 1, 3), ('?', 0, 1, 4), (2, '?', 1, 3), ('?', 1, 1, 6), (6, 6, 1, 5), (6, 0, 1, 3), ('?', 3, 1, 7), (2, 1, 1, 7), ('?', 1, 1, 2), (6, '?', 1, '?'), ('?', 0, 1, '?'), (5, 3, 1, '?'), (6, 4, 1, 0), (0, '?', 1, 7), (2, 1, 1, '?'), (0, 4, 1, 6), (3, '?', 1, 0), (3, 4, 1, 6), (1, 5, 1, 7), (3, 3, 1, 7), ('?', 1, 1, '?'), (6, '?', 1, 1), (6, 6, 1, 5), (6, 0, 1, '?'), (3, 1, 1, 5), (7, 7, 1, 7), (4, '?', 1, '?'), (3, 1, 1, 2), (0, 1, 1, 4), ('?', 6, 1, 6), ('?', 6, 1, 7), ('?', 1, 1, 7), (5, 6, 1, 5), (4, '?', 1, 2), (7, 0, 1, 4), (6, 2, 1, 0), (5, '?', 1, 3), (1, 7, 1, 1), (5, 5, 1, '?'), (5, 5, 1, 2), (2, 6, 1, 1), (0, 3, 1, 3), (7, 2, 1, 4), (2, 0, 1, 7), (6, 0, 1, '?'), ('?', 2, 1, '?'), (6, 7, 1, 1), (4, 7, 1, 3), (4, 2, 1, 1), (2, 6, 1, 6), (1, 3, 1, 1), (5, 2, 1, 6), (6, 0, 1, 4), (4, '?', 1, 1), (5, 1, 1, 1), (6, 6, 1, 6), (1, 2, 1, 4), (2, 4, 1, 3), (6, 2, 1, '?'), ('?', 4, 1, 7), (3, '?', 1, '?'), (4, 6, 1, 5), (4, 4, 1, 7), (6, 5, 1, 3), (6, 7, 1, 1), (7, 3, 1, 0), ('?', '?', 1, '?'), (6, '?', 1, 7), (5, 4, 1, 7), (4, 1, 1, 2), (4, 5, 1, 0), (0, '?', 1, 7), (1, 2, 1, 4), (0, 1, 1, 2), (2, 2, 1, 5), (1, 7, 1, 1), ('?', 6, 1, 4), (6, 4, 1, 7), (3, 2, 1, 6), (7, 7, 1, 5), (0, 2, 1, 7), (2, 2, 1, 2), (5, 2, 1, 6), (3, 3, 1, 1), ('?', '?', 1, 0), (7, 0, 1, 5), (6, 2, 1, 2), (3, 6, 1, '?'), ('?', 6, 1, '?'), (0, 3, 1, 5), ('?', 4, 1, 3), (7, 6, 1, 0), (3, 1, 1, '?'), (7, 4, 1, 7), (2, 6, 1, 5), (7, 7, 1, 7), (7, 7, 1, 1), (7, '?', 1, 0), (5, 3, 1, 2), (3, 6, 1, 6), (1, '?', 1, 4), (5, 1, 1, 2), (7, 2, 1, 1), (1, 2, 1, 5), (6, 4, 1, 6), (5, 5, 1, 7), (4, 5, 1, 5), (0, 1, 1, 7), (7, 7, 1, 6), (2, '?', 1, 6), (2, 7, 1, 7), (6, 4, 1, 7), (7, '?', 1, '?'), (6, 2, 1, 4), (6, 2, 1, 4), (2, 1, 1, 7), (2, 2, 1, 3), (6, 1, 1, 5), (2, 1, 1, 0), (3, 4, 1, '?'), (2, 1, 1, 5), (4, 5, 1, 1), (1, '?', 1, 3), (3, 1, 1, 4), (4, 4, 1, 1), (2, 3, 1, 3), (1, 4, 1, 2), (2, 2, 1, '?'), (6, 4, 1, 6), (0, 3, 1, 7), (0, 7, 1, 5), (0, 0, 1, 0), (0, 6, 1, 6), (6, 1, 1, 7), (6, 7, 1, 7), (7, 2, 1, '?'), (3, 5, 1, 7), (4, '?', 1, 3), (5, 3, 1, 4), (2, 7, 1, 1), ('?', 1, 1, 2), (0, 6, 1, 1), (3, 6, 1, 4), (6, 6, 1, '?'), (3, 4, 1, '?'), (3, 0, 1, 5), (6, 4, 1, 5), (5, 5, 1, 1), (1, 2, 1, 0), (4, 4, 1, '?'), ('?', 1, 1, 2), (5, 4, 1, 2), (4, 1, 1, 5), ('?', 2, 1, 2), (4, 2, 1, 4), (1, '?', 1, 3), (7, 0, 1, '?'), ('?', 1, 1, 4), (2, 0, 1, 2), (6, 6, 1, 6), (2, 1, 1, 6), ('?', 6, 1, '?'), (0, 3, 1, 3), (7, 0, 1, '?'), (3, 1, 1, 3), (0, 3, 1, 5), (1, '?', 1, 2), (1, 7, 1, 7), (0, 0, 1, '?'), (6, '?', 1, 1), (6, 3, 1, 2), (7, 3, 1, 6), (6, 2, 1, 5), (2, 3, 1, 5), (7, 0, 1, 5), (0, '?', 1, 6), (7, 1, 1, 0), (6, 3, 1, 5), ('?', 2, 1, 1), (7, 7, 1, 2), (3, 0, 1, 1), (2, 6, 1, 1), (0, 1, 1, '?'), (2, '?', 1, 7), (3, '?', 1, 7), (4, 0, 1, 6), (4, 1, 1, 3), (5, 2, 1, 0), (4, 1, 1, 4), (0, 2, 1, 5), (4, 4, 1, 7), (3, 1, 1, 5), (7, 7, 1, 4), ('?', 3, 1, '?'), (7, '?', 1, 1), (6, 1, 1, '?'), (3, 2, 1, 1), (4, 5, 1, 7), (3, 6, 1, 6), (1, 7, 1, 4), (6, 1, 1, 0), (2, '?', 1, 2), (2, 4, 1, 6), (1, 1, 1, 1), (6, 2, 1, 6), ('?', 0, 1, 0), (6, 1, 1, '?'), (6, 2, 1, 1), (7, 3, 1, 0), (2, 4, 1, 1), (7, 0, 1, 6), (1, 4, 1, 1), (5, 4, 1, 3), (5, 2, 1, 4), (5, 5, 1, '?'), (6, 4, 1, 3), ('?', 2, 1, 0), (2, 3, 1, 4), (3, 1, 1, 7), (4, 7, 1, 6), (0, 1, 1, 0), (1, 1, 1, '?'), ('?', 3, 1, 2), (5, 3, 1, 0), (2, 2, 1, 0), (2, 3, 1, 1), (7, 2, 1, 1), (5, 1, 1, 2), (5, '?', 1, 2), (1, 6, 1, '?'), (0, 1, 1, 4), (0, 2, 1, '?'), (0, 2, 1, 4), (1, 7, 1, 2), (2, 7, 1, 7), ('?', 2, 1, 5), (6, 2, 1, '?'), (6, 5, 1, 4), (4, 1, 1, 3), (5, 6, 1, 6), (2, 4, 1, 0), ('?', 4, 1, 3), (1, '?', 1, 6), (0, 4, 1, 5), (3, 4, 1, 2), (1, 6, 1, 0), (6, 2, 1, 2), (1, 4, 1, '?'), (2, 6, 1, 3), (4, 1, 1, 4), (5, 5, 1, 4), (5, 2, 1, 0), (6, 1, 1, 1), (7, 3, 1, 3), (7, 3, 1, 2), (2, 1, 1, 7), (2, 0, 1, 0), (0, '?', 1, 3), ('?', 2, 1, 4), ('?', '?', 1, 1), (4, 5, 1, 1), (6, 6, 1, 7), ('?', 7, 1, 5), (1, 6, 1, 3), (4, 5, 1, '?'), (1, 2, 1, 5), (5, 2, 1, 0), (6, 6, 1, 0), (2, 1, 1, 2), (2, 0, 1, 4), (7, 0, 1, 3), (6, 0, 1, 6), (7, 4, 1, 0), (4, 5, 1, 1), (4, 4, 1, '?'), (3, 3, 1, '?'), (2, 2, 1, 5), (0, 2, 1, 5), (2, 3, 1, 0), (5, '?', 1, 0), (3, 1, 1, 5), (3, 6, 1, 5), (3, 6, 1, 0), ('?', '?', 1, 3), (1, 5, 1, 1), ('?', '?', 1, 3), (2, 4, 1, '?'), (6, 6, 1, '?'), (1, 1, 1, 7), (4, 4, 1, 7), (0, 1, 1, 4), (3, 1, 1, 3), (3, '?', 1, 6), (5, 4, 1, 4), (1, 6, 1, 0), (6, '?', 1, 7), (2, 7, 1, 5), (2, 4, 1, 2), (6, 0, 1, 4), (0, 6, 1, 2), (0, 6, 1, '?'), (3, 1, 1, 4), (2, 3, 1, 6), (3, 7, 1, '?'), (4, 1, 1, 1), (4, 5, 1, 5), ('?', 6, 1, 5), (2, 1, 1, '?'), (1, 2, 1, 2), (3, 6, 1, 5), (7, 3, 1, 4), (7, 1, 1, 0), (1, 2, 1, 0), (3, 1, 1, 1), (2, 7, 1, 5), (1, 3, 1, 6), (4, 4, 1, 4), (0, 7, 1, 1), ('?', '?', 1, 0), (4, 1, 1, 0), (2, '?', 1, 1), (7, 0, 1, 5), (0, 2, 1, 7), (3, 4, 1, 6), (1, 4, 1, '?'), (7, 3, 1, 6), (2, 6, 1, '?'), (6, 7, 1, '?'), ('?', 0, 1, '?'), (1, 7, 1, 7), (4, 7, 1, 7), (0, 6, 1, 4), (3, 4, 1, 3), (3, 6, 1, 6), (6, 1, 1, 3), (0, 7, 1, 1), (0, '?', 1, 3), (2, 3, 1, 5), (5, 5, 1, 2), (2, 7, 1, 6), (2, '?', 1, 3), (4, 2, 1, 5), (0, 2, 1, 3), (6, 1, 1, 3), (0, 7, 1, 3), (4, 2, 1, 0), (3, '?', 1, 1), (2, 6, 1, '?'), (4, 5, 1, 3), (4, '?', 1, 2), (6, 2, 1, 2), (4, 1, 1, 2), (6, 2, 1, 0), (2, 1, 1, 2), (2, '?', 1, '?'), ('?', 1, 1, 1), ('?', 1, 1, 4), (0, 3, 1, 3), (5, 5, 1, 0), ('?', 7, 1, '?'), (6, 4, 1, 5), (6, 2, 1, 3), (7, 0, 1, 5), (6, 3, 1, 6), (5, 5, 1, 0), (4, 2, 1, 4), (7, '?', 1, 2), (3, 0, 1, '?'), (0, 1, 1, 2), (7, 0, 1, 6), (2, 3, 1, 1), (0, 6, 1, 7), (5, 2, 1, 6), (7, 5, 1, 7), (4, 4, 1, '?'), (6, 1, 1, '?'), (5, 3, 1, 6), ('?', 1, 1, 5), (5, '?', 1, 7), (7, 6, 1, '?'), (7, 7, 1, 7), (0, 6, 1, 0), (0, 6, 1, 2), (2, 0, 1, 0), (1, 1, 1, 4), (3, 2, 1, 5), (1, 7, 1, 1), (5, 3, 1, 5), (5, 5, 1, 4), ('?', 3, 1, 3), (6, 6, 1, 7), (7, 4, 1, 7), (6, 6, 1, 1), ('?', 6, 1, 5), (1, 7, 1, 1), (0, 4, 1, 0), (3, 4, 1, 1), (3, 2, 1, 6), (4, 4, 1, 4), (3, 4, 1, 0), (2, 6, 1, 7), (6, 2, 1, 7), (7, 4, 1, 0), ('?', 7, 1, '?'), ('?', 2, 1, 6), (7, 4, 1, '?'), (5, 3, 1, 0), ('?', 3, 1, '?'), (3, 7, 1, 6), (1, 2, 1, 0), (7, 6, 1, 7), (3, 0, 1, '?'), (7, '?', 1, 7), (7, 2, 1, 4), (3, 3, 1, 0), (3, 4, 1, 3), (0, 1, 1, 7), (5, 6, 1, 1), (2, 6, 1, '?'), (1, 3, 1, 5), (4, 1, 1, '?'), (4, 4, 1, 0), (6, 0, 1, 3), (1, 3, 1, '?'), (4, 2, 1, 5), (7, 7, 1, '?'), (7, 2, 1, 7), (1, 4, 1, 1), (2, 1, 1, 6), (6, 2, 1, 6), (3, 7, 1, 2), ('?', 6, 1, 6), (3, 1, 1, 3), (6, 7, 1, '?'), (0, 6, 1, 0), (3, 4, 1, 0), (6, 5, 1, 1), (2, 4, 1, '?'), (3, 0, 1, 1), (1, 5, 1, 1), (5, 6, 1, 1), (7, 7, 1, 4), (2, 2, 1, 3), ('?', 6, 1, 1), (1, 3, 1, 2), (7, 2, 1, 2), (0, 6, 1, 1), (2, 6, 1, 1), (2, 6, 1, 6), (5, 2, 1, 2), (4, 7, 1, 3), (2, 1, 1, 3), ('?', 2, 1, 3), (7, 6, 1, 4), (7, '?', 1, 5), (6, '?', 1, 2), (3, 1, 1, 6), (5, 4, 1, 5), (6, 4, 1, 6), (1, 7, 1, 3), (3, 4, 1, 7), ('?', 2, 1, '?'), (6, 2, 1, 3), (1, 7, 1, 7), (2, 6, 1, 5), (4, 2, 1, 6), (3, 6, 1, 4), (4, 2, 1, 4), (7, 2, 1, 7), ('?', '?', 1, 7), (0, 2, 1, 4), (0, 2, 1, 5), ('?', '?', 1, 7), (2, 1, 1, 6), ('?', 0, 1, 1), (3, 0, 1, 6), (6, 6, 1, 6), (2, 1, 1, 2), (4, '?', 1, 5), (7, 3, 1, 2), (0, 3, 1, 0), (3, 6, 1, 5), (0, 2, 1, 6), (4, 4, 1, 1), (4, 4, 1, 7), (2, 7, 1, 6), (0, '?', 1, 1), (2, 2, 1, 0), (0, 6, 1, '?'), (5, 5, 1, 4), ('?', '?', 1, '?'), (2, 2, 1, 6), (3, 4, 1, 6), ('?', '?', 1, 4), (4, 5, 1, '?'), (7, 1, 1, 0), (7, 0, 1, 6), (2, 6, 1, '?'), (6, 1, 1, '?'), (4, 2, 1, 5), (3, 2, 1, 4), (0, 3, 1, 4), (1, 3, 1, 3), (7, 1, 1, 3), (2, 0, 1, 3), ('?', 7, 1, '?'), (3, '?', 1, 3), ('?', 3, 1, 2), (1, 3, 1, '?'), (1, '?', 1, 6), (6, 4, 1, 5), ('?', 6, 1, '?'), ('?', '?', 1, 1), (3, 4, 1, 3), ('?', 6, 1, 5), (7, 1, 1, 1), (3, 1, 1, 3), (3, 3, 1, '?'), (6, 7, 1, 7), ('?', '?', 1, 3), (5, 1, 1, 2), (5, '?', 1, 6), (5, 5, 1, 6), (3, 2, 1, 1), ('?', 1, 1, '?'), (7, 4, 1, 3), (3, 3, 1, 0), (0, 6, 1, 3), (6, 3, 1, 7), (4, '?', 1, 6), (0, 1, 1, 2), (6, 6, 1, 6), (6, '?', 1, 1), (0, 1, 1, 3), (0, 7, 1, 1), ('?', 0, 1, 6), (7, 4, 1, '?'), (1, '?', 1, 2), ('?', 0, 1, 5), (2, 3, 1, 1), (0, '?', 1, 2), (5, 6, 1, 3), (3, 5, 1, 3), (0, 6, 1, 2), (1, 5, 1, 5), ('?', 4, 1, 1), (7, 7, 1, 2), (0, 1, 1, 7), (3, 3, 1, 1), (3, '?', 1, '?'), (2, 0, 1, 0), (4, 2, 1, 7), (5, 7, 1, 7), (4, 1, 1, 0), (6, 1, 1, '?'), ('?', 3, 1, 7), (6, 0, 1, 6), (0, 3, 1, '?'), (7, 0, 1, 1), (4, 5, 1, 3), (6, 7, 1, 6), (5, 4, 1, 4), ('?', '?', 1, 0), (5, 5, 1, 1), (0, 2, 1, 1), (5, 3, 1, 6), (2, 1, 1, 3), (7, 0, 1, 1), (1, 2, 1, 4), (3, 4, 1, '?'), (5, 6, 1, 5), (5, 7, 1, 1), (4, 1, 1, 2), (3, 4, 1, 3), (7, '?', 1, '?'), (5, 4, 1, 3), (0, 4, 1, 0), (5, 3, 1, 6), (6, 6, 1, 0), (2, 2, 1, 0), ('?', 6, 1, 1), (0, 1, 1, 0), (6, 0, 1, 4), (1, 2, 1, 5), (5, 4, 1, 6), ('?', 7, 1, '?'), (4, '?', 1, '?'), (1, 2, 1, 0), ('?', 1, 1, 2), (3, 7, 1, 7), (4, '?', 1, 5), (1, 6, 1, 4), (3, 6, 1, 7), (1, 2, 1, 7), (1, 2, 1, '?'), (1, 3, 1, 3), (7, 0, 1, 6), (5, 6, 1, 3), (0, '?', 1, 6), (2, 3, 1, 7), (2, 1, 1, '?'), (0, 6, 1, 0), (6, 1, 1, 5), (3, 3, 1, 6), (2, '?', 1, '?'), (3, 3, 1, 5), (2, 4, 1, 7), (7, 4, 1, 4), (5, 1, 1, 7), (4, 4, 1, 2), (2, 4, 1, 0), (4, 4, 1, 2), (0, 0, 1, 0), (0, 1, 1, 4), (5, 7, 1, 3), ('?', 0, 1, 3), (6, 3, 1, 6), (6, 2, 1, '?'), (4, 4, 1, 0), (3, 0, 1, 5), (3, 6, 1, 4), (7, '?', 1, 5), (2, 1, 1, 6), (2, 2, 1, 6), (4, 6, 1, 4), ('?', 1, 1, 3), (5, 3, 1, 4), (2, 7, 1, 7), (7, 0, 1, 0), (6, 6, 1, 1), (6, 0, 1, 1), (7, '?', 1, 1), (3, 4, 1, 3), (2, 2, 1, 1), (6, 3, 1, 7), (6, 5, 1, 5), ('?', 7, 1, 3), (5, 3, 1, '?'), (2, '?', 1, 4), (6, 7, 1, 3), (7, 2, 1, '?'), (7, 2, 1, 5), (0, 1, 1, '?'), (4, 2, 1, 5), (7, 1, 1, 4), (6, 1, 1, 4), (4, 5, 1, 1), (6, 1, 1, 1), (6, '?', 1, '?'), (6, 1, 1, 5), (7, 2, 1, 1), (2, 2, 1, 2), (3, 0, 1, 1), (2, 0, 1, 2), (4, 5, 1, 0), (3, 6, 1, 7), (2, '?', 1, 2), (1, 1, 1, 7), (3, 5, 1, 7), (2, '?', 1, 5), (3, 2, 1, 1), (6, 2, 1, 2), (2, 4, 1, 5), (6, 3, 1, 2), ('?', 7, 1, 5), (6, 6, 1, 7), (5, 2, 1, 2), (7, 1, 1, 2), (3, 3, 1, 0), (7, 7, 1, '?'), ('?', 4, 1, '?'), (6, 2, 1, 2), (1, '?', 1, 5), (7, 3, 1, 1), (2, 0, 1, 7), (3, '?', 1, 7), (5, 4, 1, 2), (6, 2, 1, 1), (6, 4, 1, 6), (5, '?', 1, 3), (4, '?', 1, 3), ('?', '?', 1, 5), (2, '?', 1, 7), (3, 4, 1, 0), (2, 3, 1, 7), (7, 0, 1, 0), (1, 1, 1, 1), (2, 0, 1, 4), (1, 6, 1, 7), (4, 3, 1, 6), (0, 3, 1, 4), (4, 5, 1, 0), (6, 7, 1, '?'), ('?', '?', 1, 4), (5, 3, 1, 1), (5, 3, 1, 2), (4, 4, 1, 1), (2, 1, 1, '?'), (3, 0, 1, 0), (1, 7, 1, 4), (6, 7, 1, 0), (0, 2, 1, 5), (5, 5, 1, 1), (2, 6, 1, '?'), ('?', 2, 1, '?'), ('?', 7, 1, 3), (7, 4, 1, 2), (6, 4, 1, 5), (5, 2, 1, 0), (6, 2, 1, 1), ('?', 2, 1, 6), (1, 0, 1, 6), (2, 2, 1, 1), (2, '?', 1, 6), (7, 6, 1, 2), (6, 6, 1, 5), (0, 1, 1, 0), ('?', 2, 1, '?'), (6, 7, 1, 0), (1, 4, 1, 3), ('?', 7, 1, '?'), (2, 4, 1, 4), (1, 1, 1, '?'), (3, 2, 1, 5), (7, '?', 1, 1), (7, 6, 1, 0), (3, 6, 1, 5), (2, 0, 1, 3), (2, 3, 1, 0), (5, 7, 1, 6), (6, 5, 1, 5), (0, 2, 1, '?'), ('?', 1, 1, 6), (2, 3, 1, 6), (6, '?', 1, 2), (7, 6, 1, 1), (2, 2, 1, 2), (4, '?', 1, 6), (0, 6, 1, 4), (1, 1, 1, 0), (7, '?', 1, '?'), (7, 2, 1, '?'), (2, 4, 1, 2), (1, 4, 1, 3), (6, 6, 1, '?'), (3, 2, 1, 0), (7, 1, 1, 2), ('?', 2, 1, '?'), (2, 7, 1, 5), (1, 5, 1, 7), (7, 3, 1, '?'), ('?', 6, 1, 6), (0, 1, 1, '?'), (4, 6, 1, 0), (0, 6, 1, 2), (2, 0, 1, 7), (1, '?', 1, 2), ('?', 6, 1, '?'), (1, '?', 1, 6), (6, 2, 1, 5), ('?', 1, 1, 5), (4, 6, 1, 6), (7, 3, 1, 3), ('?', 2, 1, 5), ('?', 3, 1, 4), (3, '?', 1, 1), (6, 3, 1, 3), (0, '?', 1, 2), ('?', 1, 1, 3), (5, '?', 1, 7), ('?', '?', 1, 1), (1, '?', 1, 4), (5, 5, 1, 6), (7, 2, 1, 1), ('?', 6, 1, 6), (4, 1, 1, 2), (3, 3, 1, 2), (6, '?', 1, 3), (7, 6, 1, 3), (5, 1, 1, 6), (3, 2, 1, '?'), (3, 2, 1, 0), (6, '?', 1, 4), (6, 4, 1, 0), ('?', 1, 1, 1), (4, 6, 1, 0), (1, 5, 1, 7), (2, 3, 1, 4), ('?', '?', 1, 5), (3, 6, 1, '?'), (4, 1, 1, 5), (6, 4, 1, 5), (5, 5, 1, 2), (6, 2, 1, 7), (7, 6, 1, 6), (0, 7, 1, 6), (4, 2, 1, 4), (0, 4, 1, 7), (3, 0, 1, 4), (1, '?', 1, 5), (5, 7, 1, 1), (1, 1, 1, '?'), (4, 7, 1, 6), (0, 2, 1, 7), (1, 1, 1, 1), (7, 2, 1, 0), (3, 4, 1, 2), (5, 6, 1, 6), (2, 1, 1, 5), (2, '?', 1, 1), (4, 1, 1, 4), (4, 5, 1, 6), ('?', 1, 1, 5), (7, 7, 1, 3), ('?', '?', 1, '?'), (0, '?', 1, 0), (7, 4, 1, 2), (0, 0, 1, 0), (6, 7, 1, 6), (4, 4, 1, 6), (5, '?', 1, 2), (6, 1, 1, 2), (7, 0, 1, '?'), (7, 7, 1, 6), ('?', 7, 1, 6), (3, 6, 1, 6), (0, 4, 1, '?'), (5, 1, 1, 0), (1, 3, 1, 3), (2, '?', 1, 5), (3, 3, 1, 5), (0, 1, 1, '?'), (6, 6, 1, 3), (3, '?', 1, 1), (1, 1, 1, '?'), ('?', 4, 1, 2), ('?', 2, 1, 1), (0, 4, 1, 5), ('?', 4, 1, 4), (1, 1, 1, 1), (7, 0, 1, 3), (7, 2, 1, 0), (5, 4, 1, 6), ('?', 3, 1, 7), (7, 3, 1, 1), (1, 6, 1, 2), ('?', 2, 1, 4), (4, 2, 1, 1), (3, 0, 1, 1), (1, '?', 1, 4), (6, 0, 1, '?'), (2, 3, 1, 5), ('?', 2, 1, 6), (6, 1, 1, 7), (2, '?', 1, 6), (1, 2, 1, 0), (6, 3, 1, 5), (6, 2, 1, 4), (3, '?', 1, 6), (6, 6, 1, 2), (7, 5, 1, 7), (0, 6, 1, 6), (7, 7, 1, 0), (3, 0, 1, 6), (3, 1, 1, 1), (1, 3, 1, 6), (5, 5, 1, 1), (6, 1, 1, 0), (6, 4, 1, 0), (6, 3, 1, 5), (1, 3, 1, 2), (5, 7, 1, 1), (6, 5, 1, 3), (4, '?', 1, 1), ('?', 4, 1, '?'), (3, 2, 1, 6), (0, 1, 1, 1), (3, 1, 1, 2), (1, 1, 1, 4), (7, 4, 1, 1), (0, 2, 1, '?'), (0, 6, 1, 6), (3, 2, 1, 3), (5, 6, 1, 3), (3, 2, 1, 6), (1, '?', 1, 3), ('?', 7, 1, 5), (3, 5, 1, 5), (2, '?', 1, 0), (1, 7, 1, 2), (3, '?', 1, 5), (3, 0, 1, 4), (6, 0, 1, 4), (5, 1, 1, 0), ('?', 4, 1, 7), (6, 3, 1, 7), (3, 2, 1, 4), (7, 6, 1, 0), (4, 4, 1, 2), (3, 6, 1, 7), (4, 7, 1, 3), (1, 1, 1, '?'), (7, 7, 1, 1), (0, '?', 1, 0), (6, 6, 1, 0), (2, 3, 1, 7), (5, 3, 1, 0), (7, 0, 1, 2), (2, 4, 1, 6), (7, 0, 1, '?'), (4, '?', 1, 5), (2, 6, 1, 3), ('?', 2, 1, 5), ('?', 6, 1, 7), (3, '?', 1, 1), (2, 2, 1, 6), (3, '?', 1, '?'), (7, 4, 1, 4), (2, 0, 1, 1), (0, 7, 1, 5), (7, 2, 1, '?'), (0, 7, 1, 0), (2, 6, 1, 7), (0, 2, 1, 7), (6, 7, 1, 2), ('?', 6, 1, 1), (5, 1, 1, 0), (4, 1, 1, 6), (1, 5, 1, 3), (3, 4, 1, 7), (7, 7, 1, 7), ('?', 6, 1, '?'), (3, 3, 1, 0), (6, '?', 1, 2), (7, 0, 1, 3), (3, '?', 1, 0), (7, 1, 1, 3), (1, 2, 1, 5), (0, 2, 1, 7), (2, 2, 1, 3), (0, 6, 1, 1), (7, 7, 1, 6), (2, 7, 1, 6), (1, 1, 1, 7), ('?', 7, 1, 4), (0, 1, 1, 6), ('?', 2, 1, 1), (5, 4, 1, 5), (1, 1, 1, '?'), (6, 6, 1, 1), (3, 2, 1, 3), (7, 0, 1, 5), (7, 6, 1, '?'), (6, 1, 1, 7), (4, 7, 1, 1), ('?', 1, 1, 7), (4, 2, 1, 4), (6, '?', 1, '?'), (2, '?', 1, 6), ('?', 7, 1, 2), (6, 4, 1, 3), (6, 2, 1, 2), (2, 0, 1, 4), (2, 6, 1, 1), (4, 4, 1, 5), ('?', 7, 1, 2), (7, 3, 1, 7), (5, 7, 1, 6), (4, 1, 1, 4), (7, 4, 1, 2), (1, 5, 1, 5), (5, 1, 1, 7), (4, 7, 1, 6), (4, 1, 1, 6), (0, 6, 1, 1), (6, 5, 1, 3), (5, 1, 1, 7), (2, 4, 1, 5), (3, '?', 1, 5), (1, 3, 1, 1), (0, 1, 1, 5), (7, 2, 1, 2), ('?', 0, 1, 0), (4, 1, 1, 0), (3, 1, 1, '?'), (6, 0, 1, 4), (2, 1, 1, 5), (6, '?', 1, 2), (2, '?', 1, 0), (6, 2, 1, 4), (7, 7, 1, 5), ('?', 6, 1, 7), (6, 0, 1, 1), (6, '?', 1, 7), (4, '?', 1, 6), (5, 2, 1, 7), (1, 1, 1, '?'), (3, 1, 1, 7), (3, 2, 1, 0), (5, 3, 1, 2), ('?', 7, 1, 1), (7, 3, 1, 4), (7, '?', 1, 2), ('?', 1, 1, 4), (0, 6, 1, 7), (5, 2, 1, 3), (6, 2, 1, 0), (1, 3, 1, 7), (4, '?', 1, 6), (2, 1, 1, 0), (3, 1, 1, 1), (2, 1, 1, 6), (6, 1, 1, 0), (6, 2, 1, 7), (6, 5, 1, 5), (7, 1, 1, 4), (0, 2, 1, 5), (1, '?', 1, 6), ('?', '?', 1, 5), (1, '?', 1, 7), (0, 2, 1, 6), (6, 1, 1, 6), (6, 6, 1, '?'), (0, 4, 1, 3), (6, '?', 1, 4), (5, 6, 1, 4), (7, 6, 1, 2), ('?', 1, 1, 3), (5, 1, 1, 2), (7, 6, 1, 7), ('?', '?', 1, 3), (5, 3, 1, 6), (6, 1, 1, 3), (4, '?', 1, 2), (0, 6, 1, 0), (1, 1, 1, 5), (6, 6, 1, 7), (6, '?', 1, '?'), (6, 2, 1, '?'), (2, 7, 1, 3), (0, 6, 1, '?'), (7, 7, 1, 6), (7, 3, 1, 0), (1, 6, 1, '?'), (4, 3, 1, 6), (2, '?', 1, 3), (3, 3, 1, 1), ('?', 6, 1, 4), (2, 1, 1, 0), (4, 4, 1, 6), ('?', 6, 1, 4), (2, 1, 1, '?'), (0, 6, 1, 3), (6, 2, 1, 5), (6, 3, 1, 2), (2, 1, 1, 2), (3, 6, 1, 5), (7, '?', 1, 2), ('?', 4, 1, 4), (3, 1, 1, 1), (4, 6, 1, 7), (2, 2, 1, 2), (3, 5, 1, 3), ('?', 0, 1, 3), (6, 3, 1, 2), (2, 2, 1, 1), (4, 7, 1, 3), (3, 7, 1, 6), (0, 7, 1, 3), (6, 1, 1, 7), (3, 3, 1, 3), (1, 7, 1, 4), (2, 6, 1, 3), (7, 2, 1, 4), (2, 7, 1, 1), (7, '?', 1, 0), (1, 4, 1, 4), (6, 3, 1, 3), (2, 2, 1, 2), (2, 6, 1, 1), (6, 6, 1, 1), (7, 3, 1, 1), (2, 6, 1, 6), (5, 3, 1, 2), (5, 6, 1, 1), (2, 6, 1, '?'), (1, 4, 1, 2), ('?', 3, 1, '?'), (1, 1, 1, 5), (3, 1, 1, 7), (2, 1, 1, '?'), (2, 1, 1, 5), (6, 1, 1, 0), (4, 2, 1, 0), (2, 2, 1, 3), (0, 6, 1, 6), (6, '?', 1, 1), (2, 0, 1, 2), (3, 1, 1, 3), (1, 3, 1, '?'), (5, 4, 1, 5), (7, 3, 1, 3), (4, 7, 1, 6), (3, '?', 1, 1), (0, 6, 1, 2), ('?', 2, 1, 2), (2, 0, 1, 4), (3, 5, 1, 2), (1, 6, 1, 3), ('?', 4, 1, 1), (7, 2, 1, '?'), (5, '?', 1, 7), (7, 5, 1, 3), (3, 4, 1, 7), (3, 2, 1, 5), (5, 4, 1, 5), (6, 0, 1, 3), (4, '?', 1, 1), (2, '?', 1, 7), ('?', 1, 1, 5), ('?', 7, 1, 5), ('?', 2, 1, 2), (7, '?', 1, 1), (1, 2, 1, 4), (1, 3, 1, 3), ('?', 3, 1, '?'), (5, 1, 1, 6), (2, 4, 1, 1), ('?', 2, 1, 0), ('?', '?', 1, 7), (5, 2, 1, 2), (5, 7, 1, 6), (3, 3, 1, 0), (5, 4, 1, 4), (2, '?', 1, 6), (3, 4, 1, '?'), (4, 6, 1, 7), (0, 6, 1, 3), (4, 5, 1, 7), (3, '?', 1, 3), (7, 2, 1, 7), (2, '?', 1, '?'), ('?', 3, 1, '?'), (5, 5, 1, '?'), (6, 3, 1, 5), (4, 5, 1, 1), (6, 2, 1, 1), (2, 3, 1, 3), ('?', 3, 1, 3), (6, 1, 1, 2), (7, 6, 1, 0), (2, 6, 1, 0), (3, '?', 1, 1), ('?', 3, 1, 4), (5, 1, 1, 7), (0, 1, 1, 7), (3, '?', 1, 5), (7, 1, 1, 0), ('?', 1, 1, 4), (3, 3, 1, '?'), (6, 7, 1, 6), (4, 5, 1, 1), (6, 7, 1, 3), (7, 3, 1, 3), (6, 7, 1, 6), (1, 5, 1, 5), (0, 6, 1, '?'), (2, 1, 1, 3), ('?', 1, 1, 6), (6, 1, 1, 3), ('?', 2, 1, 4), ('?', '?', 1, 7), (5, '?', 1, 4), ('?', 1, 1, 1), (0, 6, 1, 7), (4, '?', 1, 6), (6, 3, 1, 5), (7, 4, 1, 4), ('?', 4, 1, 4), (2, 1, 1, 5), (6, 3, 1, 7), (6, 6, 1, 3), (6, 6, 1, 7), (5, 2, 1, 2), (0, 2, 1, '?'), (6, 1, 1, 1), ('?', 7, 1, 5), (1, 5, 1, 6), (5, '?', 1, 4), ('?', 6, 1, 5), (4, 1, 1, 0), (2, '?', 1, 7), (1, 4, 1, 0), (4, 1, 1, '?'), (6, 4, 1, 6), (3, 1, 1, '?'), (3, 3, 1, 2), (6, 5, 1, '?'), ('?', 4, 1, 1), (7, 4, 1, 1), (0, 7, 1, 0), ('?', 6, 1, 5), (6, 2, 1, 4), (5, 2, 1, 0), ('?', '?', 1, 3), (3, 1, 1, '?'), ('?', 2, 1, 4), (3, '?', 1, 6), (0, 4, 1, 5), (5, '?', 1, 0), (1, 6, 1, 3), (6, 1, 1, 2), (3, 6, 1, 0), (4, 5, 1, 3), (7, 2, 1, 5), (2, 2, 1, 6), (1, 6, 1, 3), (4, 5, 1, 7), (2, 2, 1, 5), (0, 7, 1, 0), (1, 5, 1, 1), (1, 4, 1, 2), (1, 5, 1, 0), (5, 2, 1, '?'), (0, 6, 1, 3), ('?', 6, 1, '?'), (4, 2, 1, 0), (7, 7, 1, 0), ('?', 4, 1, 4), (0, 3, 1, 3), (4, 2, 1, 6), (6, 2, 1, 1), (4, 1, 1, 6), (4, '?', 1, 7), (6, 6, 1, 5), (1, '?', 1, 5), ('?', 6, 1, 6), ('?', 7, 1, 3), (4, 4, 1, 6), (4, 1, 1, 6), (1, 1, 1, 2), (4, 1, 1, 3), (6, 2, 1, 2), (6, 0, 1, 1), (3, 4, 1, 7), ('?', 6, 1, 7), (0, 7, 1, 0), (7, '?', 1, 7), (3, 1, 1, 6), (1, '?', 1, 6), ('?', 4, 1, '?'), (4, 5, 1, '?'), (2, 1, 1, 3), (2, 4, 1, 0), (0, 7, 1, 1), (1, 6, 1, 4), (7, '?', 1, 2), (6, 1, 1, 6), (4, 5, 1, 5), ('?', 1, 1, 7), (6, 0, 1, 1), (2, '?', 1, 2), (5, 4, 1, 3), (6, 2, 1, 7), ('?', 4, 1, 7), (0, 6, 1, '?'), ('?', 6, 1, 2), (5, 7, 1, 0), (5, 2, 1, 4), (7, 7, 1, 2), ('?', '?', 1, 3), (5, '?', 1, 3), (0, 7, 1, 6), (3, 5, 1, 3), (3, 1, 1, '?'), (7, 1, 1, 3), (6, 2, 1, 3), (4, 2, 1, 6), (0, 1, 1, 5), (6, 1, 1, 4), ('?', 0, 1, 6), (4, 1, 1, 6), (3, 4, 1, 6), (2, 1, 1, 2), ('?', 2, 1, 5), (6, 7, 1, 6), (2, 4, 1, 4), (4, 1, 1, 4), (5, 2, 1, 6), (5, 1, 1, 7), (6, '?', 1, 2), (2, 7, 1, 7), (0, '?', 1, 6), (0, 7, 1, 0), (1, 3, 1, 5), (5, 1, 1, 1), (4, 6, 1, 6), (0, 1, 1, 3), (4, 5, 1, '?'), (6, 7, 1, 7), (3, 3, 1, 0), (7, 3, 1, 6), (5, 5, 1, 7), (0, 4, 1, 7), (2, 3, 1, 4), (0, 1, 1, 3), (5, 3, 1, 0), (5, 1, 1, 6), (6, 1, 1, 0), (0, '?', 1, 3), (5, 1, 1, 0), (5, '?', 1, 7), (2, 6, 1, 7), (2, 6, 1, 7), (7, 6, 1, 7), (6, 6, 1, 1), (5, 6, 1, 3), ('?', '?', 1, 1), (7, 4, 1, 1), (6, 6, 1, 0), (3, '?', 1, 6), (7, 1, 1, 7), (0, 2, 1, '?'), (3, 1, 1, 4), (1, 5, 1, 0), ('?', 6, 1, 1), (6, '?', 1, 1), (5, 1, 1, 1), (4, 1, 1, 1), (1, '?', 1, 7), (2, '?', 1, 7), (0, 3, 1, 7), (6, 3, 1, 3), (4, 3, 1, 2), (4, 5, 1, 6), (7, 6, 1, 6), (4, 6, 1, 7), (2, 7, 1, 6), (4, 4, 1, 4), (1, '?', 1, 6), (4, 2, 1, 7), (7, 2, 1, 4), (0, 2, 1, '?'), ('?', 2, 1, 6), ('?', 1, 1, '?'), (4, 6, 1, 0), (7, 2, 1, 4), (1, 4, 1, 0), (5, 6, 1, 6), (1, 2, 1, '?'), (5, 5, 1, 6), ('?', 4, 1, 0), (4, '?', 1, 6), ('?', 7, 1, 2), (2, 3, 1, 3), (3, 2, 1, 5), ('?', 6, 1, 4), (3, 6, 1, '?'), (2, 1, 1, 7), (7, 7, 1, 2), (1, 2, 1, '?'), (3, '?', 1, 5), (1, 7, 1, 3), (1, 3, 1, 2), ('?', '?', 1, '?'), (0, 2, 1, 3), (0, 7, 1, 6), (4, 4, 1, 0), (4, 3, 1, 3), (2, 2, 1, 2), (3, 3, 1, 2), (0, 2, 1, 3), ('?', 5, 1, '?'), (6, 2, 1, 0), (7, 7, 1, 2), (3, 7, 1, 6), (2, '?', 1, '?'), (2, 2, 1, 3), ('?', 3, 1, 2), ('?', '?', 1, 7), (0, '?', 1, 6), (3, 2, 1, '?'), (7, 7, 1, 7), (3, 5, 1, 7), (2, 4, 1, 0), ('?', 2, 1, 4), (7, 1, 1, 7), (0, 1, 1, 3), ('?', '?', 1, 1), (7, 6, 1, 6), (1, 3, 1, '?'), (3, 7, 1, 6), (6, 7, 1, 3), (7, 2, 1, 5), ('?', 3, 1, 4), (3, 3, 1, 2), ('?', 4, 1, 0), (1, 2, 1, 0), (3, 6, 1, 2), (2, '?', 1, 0), (6, 3, 1, 6), (1, 6, 1, 4), (1, 4, 1, 2), (5, 2, 1, '?'), (5, '?', 1, 4), (3, 4, 1, 6), (2, '?', 1, 2), (3, 4, 1, 2), (2, '?', 1, 4), (5, 5, 1, 0), (7, 3, 1, 0), (4, 1, 1, 3), (1, 3, 1, 2), (1, 7, 1, 7), ('?', '?', 1, 5)]"
"(7, 7, 7, 10, 0)","[(3, 6, 1, 3), (3, 6, 1, 0), (4, 2, 1, 6), ('?', 6, 1, 2), (4, 6, 1, 5), (4, 6, 1, 4), (4, 6, 1, 0), (1, 6, 1, 0), (5, 6, 1, 4), (1, 6, 1, 5), ('?', 6, 1, 5), ('?', 6, 1, 2), (4, 6, 1, 4), (6, 6, 1, 2), (4, 6, 1, '?'), (0, 6, 1, 2), (7, 6, 1, 4), (2, 6, 1, 2), (7, 6, 1, 4), (4, 6, 1, 4), (5, 2, 1, 0), (5, 6, 1, 6), (5, 6, 1, 7), (4, 6, 1, 6), (1, 6, 1, 0), (4, 6, 1, 0), (5, 6, 1, 4), (6, 6, 1, 2), (4, 6, 1, 7), (5, 6, 1, 5), (3, 6, 1, 3), (6, 6, 1, 5), (7, 6, 1, 0), (6, 6, 1, 2), (6, 6, 1, 2), (4, 2, 1, 2), (5, 6, 1, 0), (7, 6, 1, 4), (5, 6, 1, 0), (1, 6, 1, 5), (5, 6, 1, 7), (7, 6, 1, 7), (7, 6, 1, 3), (4, 6, 1, 7), (2, 6, 1, 5), (4, 6, 1, 6), (3, 6, 1, 1), (4, 2, 1, 2), (4, 6, 1, 4), (3, 6, 1, 1), (7, 6, 1, 2), (7, 6, 1, 4), ('?', 6, 1, 3), (5, 6, 1, 3), (3, 6, 1, 3), (2, 6, 1, 2), (3, 6, 1, '?'), (2, 6, 1, 2), (5, 6, 1, 5), (7, 6, 1, 2), (6, 6, 1, 0), (7, 6, 1, '?'), (7, 6, 1, 3), (7, 6, 1, 0), (2, 6, 1, 2), (2, 6, 1, 2), (1, 6, 1, '?'), (5, 6, 1, 3), (1, 6, 1, 0), (4, 6, 1, 5), (5, 6, 1, '?'), (1, 6, 1, 5), (7, 6, 1, '?'), (5, 6, 1, 4), ('?', 6, 1, '?'), (4, 6, 1, 7), (4, 2, 1, 2), ('?', 6, 1, 2), (4, 6, 1, 1), (0, 6, 1, 6), (7, 2, 1, 7), (7, 6, 1, 2), (4, 6, 1, '?')]"
"(7, 7, 7, 15, 0)","[(4, 3, 1, 6), (4, 3, 1, 7), (0, 3, 1, 5), (4, 3, 1, 3), (4, 3, 1, 7), (7, 3, 1, 6), (4, 3, 1, 5), (4, 3, 1, 0), (0, 3, 1, 6), (4, 3, 1, 5), (4, 3, 1, 7), (4, 3, 1, 3), (0, 3, 1, 4), (4, 3, 1, 7), (4, 3, 1, 1), (4, 3, 1, 1), (4, 3, 1, 7), (6, 3, 1, 6), (3, 3, 1, 6), (2, 3, 1, 5), (4, 3, 1, 1), (4, 3, 1, 7), (2, 3, 1, 1), (4, 3, 1, 2)]"
"(7, 7, 7, 19, 0)","[(1, 0, 1, 6), (4, 0, 1, 6), (1, 0, 1, 6), (2, 0, 1, 7), (4, 0, 1, 6), (6, 0, 1, 4), (0, 0, 1, 6), (2, 0, 1, 0), (6, 0, 1, 6), (6, 0, 1, 7)]"
"(7, 7, 7, 20, 0)","[(4, 0, 1, 3), (4, '?', 1, 7), (4, 1, 1, 0), (5, 1, 1, 6), (5, 1, 1, 6), (4, '?', 1, 7), (4, 4, 1, 1), (4, '?', 1, 2), (4, '?', 1, 2), (4, '?', 1, 1), (4, '?', 1, '?'), (5, 1, 1, 0)]"
"(7, 7, 7, 23, 0)","[(0, 2, 1, 6), (0, 2, 1, 3), (7, 2, 1, '?'), (7, 2, 1, 2), (7, 2, 1, 2)]"
"(7, 7, 7, 25, 0)","[(2, 4, 1, 4), ('?', 4, 1, 1), (6, '?', 1, 4), (2, 4, 1, 7), (2, 4, 1, 5), (6, 4, 1, 0), (2, 4, 1, 0), (2, 4, 1, 0), (2, 4, 1, 2), (2, 4, 1, 4), (2, 4, 1, 6), (2, 4, 1, 1), (3, 4, 1, 2), (2, 4, 1, 3), (2, 4, 1, 5), (2, 4, 1, 1), (0, 4, 1, 0), ('?', 4, 1, 4), (2, 4, 1, 2)]"
"(7, 7, 7, 27, 0)","[(1, 7, 1, 7), (1, 7, 1, 1), (1, 7, 1, 0), ('?', 7, 1, 5), (7, 7, 1, 1), (4, 7, 1, 1), (6, 7, 1, 0), (2, 7, 1, 6), (7, 7, 1, 4), (1, 7, 1, 0), (3, 7, 1, '?'), (6, 7, 1, 5), (7, 7, 1, 4), (0, 7, 1, 0), (7, 7, 1, '?'), (2, 7, 1, 5), (2, 7, 1, 3), (4, 7, 1, 2), (4, 7, 1, 2), (4, 7, 1, 4), ('?', 7, 1, 4), (7, 7, 1, 4), (6, 7, 1, 5), (6, 7, 1, 0), (6, 7, 1, 2), (4, 7, 1, 1), (1, 7, 1, 0), (3, 7, 1, 2), (2, 7, 1, 7), (4, 7, 1, 6), (2, 7, 1, 5), (6, 7, 1, 5), (2, 7, 1, 5), (1, 7, 1, 0), (4, 7, 1, 4)]"
"(7, 7, 10, 7, 0)","[(1, 6, 1, '?'), (1, 6, 1, 0), (5, 6, 1, 7), (4, 6, 1, 1), (5, 6, 1, '?'), (6, 6, 1, 2), (6, 6, 1, 2), (7, 6, 1, 3), (5, 6, 1, 7), (1, 6, 1, '?'), (3, 6, 1, 0), (4, 6, 1, 0), (4, 6, 1, 1), (4, 6, 1, 1), (4, 6, 1, '?'), (7, 6, 1, '?'), (3, 6, 1, 1), (1, 6, 1, 0), (5, 6, 1, '?'), (5, 6, 1, 1), (3, 6, 1, 1), (4, 6, 1, 6), (2, 6, 1, 5), (5, 6, 1, 7), (4, 6, 1, 0), (1, 6, 1, 2), (5, 6, 1, 0), (5, 6, 1, 4), (7, 6, 1, 6), (2, 6, 1, 5), (5, 6, 1, '?'), (7, 6, 1, 3), (7, 6, 1, 0), (4, 6, 1, 4), (5, 6, 1, 4), (4, 6, 1, '?'), (7, 6, 1, 3), (4, 6, 1, 4), (4, 6, 1, '?'), (2, 6, 1, 0), (5, 6, 1, '?'), (3, 6, 1, 0), (1, 6, 1, 2), (5, 6, 1, '?'), (4, 6, 1, 1), (5, 6, 1, 1), (5, 6, 1, 7), (1, 6, 1, 5), (5, 6, 1, 7), (3, 6, 1, 3), (5, 6, 1, '?'), (7, 6, 1, 3), (4, 6, 1, 5), (1, 6, 1, 5), (5, 6, 1, 0), (5, 6, 1, 3), ('?', 6, 1, 2), (5, 6, 1, '?')]"
"(7, 7, 10, 10, 0)","[('?', 6, 1, 2), (5, 6, 1, 1), (7, 6, 1, 3), (7, 6, 1, 1), (2, 6, 1, 0), ('?', 6, 1, 2), (4, 6, 1, 6), (5, 6, 1, 4), (5, 6, 1, 7), (4, 6, 1, 4), (1, 6, 1, 2), (5, 6, 1, 0), ('?', 6, 1, 2), (5, 6, 1, 0)]"
"(7, 7, 15, 7, 0)","[(6, 3, 1, 6), (1, 3, 1, 4), (1, 3, 1, 4), (1, 3, 1, 7), (0, 3, 1, 6), (1, 3, 1, 7), (0, 3, 1, 0)]"
"(7, 7, 15, 15, 0)","[(2, 3, 1, 2), (4, 3, 1, 3), (1, 3, 1, 4), (4, 3, 1, 7), (4, 3, 1, 7), (2, 3, 1, 2), (4, 3, 1, 3), (4, 3, 1, 5), (4, 3, 1, 3), (4, 3, 1, 0), (0, 3, 1, 4), (4, 3, 1, 0), (4, 3, 1, 0), (4, 3, 1, 6), (1, 3, 1, 4), (2, 3, 1, 5)]"
"(7, 7, 19, 7, 0)","[(4, 0, 1, 5), (6, 0, 1, '?'), (6, 0, 1, 6), ('?', 0, 1, 1), (4, 0, 1, '?'), ('?', 0, 1, 3)]"
"(7, 7, 19, 19, 0)","[(4, 0, 1, 6)]"
"(7, 7, 20, 20, 0)","[(4, '?', 1, 3), (4, '?', 1, 5), (4, '?', 1, 3), (4, '?', 1, 3), (4, '?', 1, 3), (4, '?', 1, 1), (4, '?', 1, 3), (4, '?', 1, 3), (4, '?', 1, 5), (4, '?', 1, 3), (4, '?', 1, 5)]"
"(7, 7, 23, 20, 0)","[(4, 2, 1, 0), (4, 4, 1, 3)]"
"(7, 7, 23, 23, 0)","[(4, 2, 1, 0)]"
"(7, 7, 25, 2, 0)","[('?', 4, 1, 0)]"
"(7, 7, 25, 7, 0)","[('?', 4, 1, 7), ('?', 4, 1, 1), ('?', 4, 1, 4), (0, 4, 1, 2), (5, 4, 1, 2), (2, 4, 1, 7), (3, 4, 1, 2), (6, 4, 1, 6), ('?', 4, 1, 2), (2, 4, 1, 2), (2, 4, 1, 6), ('?', 4, 1, 3), ('?', 4, 1, 2), (5, 4, 1, 6), ('?', 4, 1, 1), (2, 4, 1, 6), ('?', 4, 1, 7), (2, 4, 1, 6), (5, 4, 1, 6), (2, 4, 1, 4), (2, 4, 1, 2), ('?', 4, 1, '?')]"
"(7, 7, 27, 7, 0)","[(1, 7, 1, 0), (7, 7, 1, '?'), (1, 7, 1, 2), (6, 7, 1, 0)]"
"(7, 7, 27, 27, 0)","[(4, 7, 1, 2), (1, 7, 1, 1), (3, 7, 1, 6), (7, 7, 1, 0), (4, 7, 1, 2), (2, 7, 1, 3), (2, 7, 1, 6), (7, 7, 1, 6), (6, 7, 1, 2), (2, 7, 1, 4), (3, 7, 1, 2), (4, 7, 1, 7), (7, 7, 1, 0), (7, 7, 1, 4), (2, 7, 1, 4), (1, 7, 1, 0), (2, 7, 1, 4), (1, 7, 1, 0), (3, 7, 1, 2), (4, 7, 1, 7), (6, 7, 1, 5), (2, 7, 1, 4), (4, 7, 1, 7), (6, 7, 1, 5), (4, 7, 1, 3), (6, 7, 1, '?'), (4, 7, 1, 7), (1, 7, 1, 0), (4, 7, 1, 2), (7, 7, 1, 4), (6, 7, 1, 2), (3, 7, 1, '?'), (4, 7, 1, 3), (2, 7, 1, 4)]"
"(7, 10, 7, 7, 0)","[(4, 6, 1, '?'), (4, 6, 1, '?'), (4, 6, 1, 1), (7, 6, 1, 1), (4, 6, 1, 4), (3, 6, 1, 3), (7, 6, 1, '?'), (7, 6, 1, 3), (4, 6, 1, 1), (7, 6, 1, 6)]"
"(7, 10, 7, 10, 0)","[(3, 6, 1, 2), (2, 6, 1, 0), (2, 6, 1, 0), (1, 6, 1, 2)]"
"(7, 10, 10, 7, 0)","[(3, 6, 1, 2), (0, 6, 1, 2), (5, 6, 1, 3), (1, 6, 1, 2), (1, 6, 1, 2), (2, 6, 1, 0), (2, 6, 1, 0), (4, 6, 1, 2), (4, 6, 1, 2), (2, 6, 1, 0), (4, 6, 1, 2), (4, 6, 1, 2)]"
"(7, 10, 10, 10, 0)","[(4, 6, 1, 2), (7, 6, 1, 2), (7, 6, 1, 2), (7, 6, 1, 2)]"
"(7, 15, 7, 7, 0)","[(3, 3, 1, 6), (1, 3, 1, 2), (0, 3, 1, 5), (7, 3, 1, 0), (7, 3, 1, 0), (3, 3, 1, 6)]"
"(7, 15, 7, 15, 0)","[(0, 3, 1, 2), (0, 3, 1, 5)]"
"(7, 15, 15, 15, 0)","[(4, 3, 1, 5), (4, 3, 1, 1), (4, 3, 1, 5), (4, 3, 1, 5), (2, 3, 1, 2), (4, 3, 1, 5), (4, 3, 1, 2), (4, 3, 1, 1), (4, 3, 1, 2), (2, 3, 1, 2), (4, 3, 1, 2), (4, 3, 1, 1), (2, 3, 1, 2), (4, 3, 1, 3), (2, 3, 1, 2), ('?', 3, 1, 4), (1, 3, 1, 4)]"
"(7, 16, 7, 7, 0)","[(5, 7, 1, 7), (1, 7, 1, 4)]"
"(7, 16, 16, 16, 0)","[(2, 1, '?', 6)]"
"(7, 19, 7, 7, 0)","[(6, 0, 1, 7), (3, 0, 1, 0), (4, 0, 1, 3), (7, 0, 1, 5), (0, 0, 1, '?')]"
"(7, 19, 19, 7, 0)","[(4, 0, 1, '?')]"
"(7, 19, 19, 19, 0)","[(4, 0, 1, '?')]"
"(7, 20, 7, 7, 0)","[(4, 4, 1, 3)]"
"(7, 21, 21, 21, 0)","[(3, '?', '?', 6)]"
"(7, 25, 7, 7, 0)","[(2, 4, 1, 4), (7, 4, 1, 0), (0, 4, 1, 2), (2, 4, 1, '?')]"
"(7, 27, 7, 7, 0)","[(1, 7, 1, 2)]"
"(7, 27, 27, 27, 0)","[(3, 7, 1, 7), (3, 7, 1, 0), (7, 7, 1, 0), (6, 7, 1, 0), (4, 7, 1, 3), (2, 7, 1, 4), (3, 7, 1, 0), (3, 7, 1, '?'), (3, 7, 1, 0), (6, 7, 1, '?'), (3, 7, 1, 2), (7, 7, 1, 0), (3, 7, 1, '?'), (2, 7, 1, 4), (4, 7, 1, 1), (3, 7, 1, 0), (7, 7, 1, 4), (6, 7, 1, 0), (1, 7, 1, 2), (3, 7, 1, 0), (4, 7, 1, 7), (6, 7, 1, 2), (7, 7, 1, 0), (4, 7, 1, 2), (6, 7, 1, 0), (5, 7, 1, 0)]"
"(9, 2, 2, 2, 0)","[(6, 4, 0, 6), (6, 4, 0, 6)]"
"(9, 9, 9, 9, 0)","[(6, '?', '?', 0)]"
"(9, 9, 9, 21, 0)","[(1, '?', '?', 0)]"
"(9, 9, 16, 16, 0)","[('?', 1, '?', 6)]"
"(9, 9, 20, 20, 0)","[(6, '?', '?', 2)]"
"(9, 9, 21, 21, 0)","[(1, '?', '?', 6), (1, '?', '?', 6), (1, '?', '?', 6), (1, '?', '?', 1), (1, '?', '?', 0), (1, '?', '?', 0), (1, '?', '?', 0), (1, '?', '?', '?'), (1, '?', '?', 0), (1, '?', '?', 6), (1, '?', '?', 5), (1, '?', '?', 4)]"
"(9, 9, 21, 23, 0)","[(1, '?', '?', 0)]"
"(9, 9, 25, 9, 0)","[(6, '?', '?', 7)]"
"(9, 10, 21, 21, 0)","[(1, '?', '?', 4)]"
"(9, 11, 11, 11, 0)","[(1, 3, 4, 3), (1, 3, 4, 3), (1, '?', 4, 1), (1, 3, 4, 3)]"
"(9, 11, 16, 16, 0)","[(6, 1, '?', 4), (1, 1, 4, 6), (6, 1, '?', 6)]"
"(9, 15, 11, 11, 0)","[(2, 3, 4, 6)]"
"(9, 15, 15, 11, 0)","[(1, 3, 4, 1), (1, 3, 4, 7)]"
"(9, 15, 15, 15, 0)","[(1, 3, 4, 0), (1, 3, 4, 5), (1, 3, 4, 5), (1, 3, 4, 0), (1, 3, 4, 1), (1, 3, 4, 5), (1, 3, '?', 1), (1, 3, 4, 0), (1, 3, 4, 5), (4, 3, '?', 3), (6, 3, '?', 7), (1, 3, 4, 4), (1, 3, 4, 4), (4, 3, '?', 3), (6, 3, '?', 7), (4, 3, '?', 1), (1, 3, 4, 0), (1, 3, 4, 5), (1, 3, 4, 0), (4, 3, 4, '?'), (1, 3, 4, 7), (1, 3, 4, 4), (1, 3, 4, 5), (4, 3, '?', 7), (1, 3, 4, 5), (1, 3, 4, 3), (1, 3, 4, 1), (6, 3, '?', 3), (1, 3, 4, 1), (4, 3, '?', 3), (1, 3, 4, 4), (1, 3, 4, 1)]"
"(9, 15, 16, 16, 0)","[(1, 1, '?', 6), (1, 1, '?', 3)]"
"(9, 15, 21, 21, 0)","[(1, '?', '?', '?'), (1, '?', '?', 4), (1, '?', '?', 5), (1, '?', '?', '?'), (1, '?', '?', 6), (1, '?', '?', 6), (1, '?', '?', '?'), (1, '?', '?', 1), (1, '?', '?', 5), (1, '?', '?', 4), (1, '?', '?', 1), (1, '?', '?', 5), (1, '?', '?', 6), (1, '?', '?', 4), (1, '?', '?', 4), (1, '?', '?', 3), (1, '?', '?', 1), (1, '?', '?', 4), (1, '?', '?', 6), (1, '?', '?', 1), (1, '?', '?', 4)]"
"(9, 16, 6, 7, 0)","[(1, 1, '?', 3)]"
"(9, 16, 16, 16, 0)","[(6, 1, '?', 4), (1, 1, '?', 7), (6, 1, '?', 6), (2, 1, '?', 5), (1, 1, '?', 6), (6, 1, '?', '?'), (6, 1, '?', 6), (4, 1, '?', '?'), (2, 1, '?', 5), (1, 1, '?', 3), (4, 1, '?', '?'), (6, 1, '?', '?'), (6, 1, '?', 4), (1, 1, '?', 6), (6, 1, 0, 6), (1, 1, '?', 6), (6, 1, 0, 4), (6, 1, '?', 3), (6, 1, '?', 6), (1, 1, '?', 3), (6, 1, '?', '?'), (4, 1, '?', 6), (6, 1, '?', 4), (6, 1, '?', 4), (6, 1, 0, 4), (1, 1, '?', 2), (6, 1, '?', 3), (6, 1, 0, 4), (2, 1, '?', 6), (6, 1, '?', 4), (6, 1, '?', 6), (6, 1, 0, 6), (6, 1, '?', 4), (6, 1, '?', 6), (1, 1, '?', 6), (6, 1, '?', 3), (6, 1, '?', '?'), (1, 1, '?', 3), (6, 1, '?', '?'), (6, 1, '?', 6), (6, 1, '?', 6), (1, 1, '?', 7), (6, 1, '?', 3), ('?', 1, '?', 6), (1, 1, '?', 2), (4, 1, '?', 0), (6, 1, 0, 0), (1, 1, '?', 6), (6, 1, '?', 6), (6, 1, '?', 3), (1, 1, '?', 3), (1, 1, '?', 7), (1, 1, '?', 2)]"
"(9, 18, 18, 18, 0)","[(6, 4, 0, 6), (6, 4, 0, 6), (6, '?', 0, 4)]"
"(9, 18, 25, 25, 0)","[(6, '?', 0, 4), (6, '?', 0, 4)]"
"(9, 20, 2, 2, 0)","[(4, 4, '?', 2)]"
"(9, 20, 16, 16, 0)","[(4, 1, '?', 5), (4, 1, '?', 3), (4, 1, '?', '?'), (4, 1, '?', 1), (4, 1, '?', 6), (4, 1, '?', 6), (4, 1, '?', 6), (4, 1, '?', 3)]"
"(9, 20, 20, 16, 0)","[(4, 1, '?', 0), (4, 1, '?', 3), (4, 1, '?', 3), (4, 1, '?', 5), (4, 1, '?', 5), (4, 1, '?', 6)]"
"(9, 20, 20, 20, 0)","[(4, '?', '?', 5), (4, '?', '?', '?'), (4, '?', '?', 3), (4, '?', '?', 1), (4, 1, '?', 6), (4, '?', '?', 1), (4, '?', '?', 5), (4, '?', '?', 1), (4, '?', '?', 2), (4, '?', '?', 0), (4, '?', '?', 6), (4, '?', '?', 0), (4, '?', '?', 0), (4, 1, '?', 3), (4, '?', '?', 5), (4, '?', '?', 0), (4, '?', '?', 1), (4, '?', '?', '?'), (4, '?', '?', 6), (4, '?', '?', 5), (4, '?', '?', '?'), (4, '?', '?', '?'), (4, '?', '?', 6), (4, '?', '?', 5), (4, '?', '?', 0), (4, '?', '?', '?'), (4, '?', '?', 6), (4, '?', '?', '?'), (4, '?', '?', 0), (4, '?', '?', 6), (4, '?', '?', 7), (4, '?', '?', 0), (4, '?', '?', 3), (4, '?', '?', 7), (4, 1, '?', 3), (4, 1, '?', 2), (4, '?', '?', 0), (4, '?', '?', 3), (4, '?', '?', 6), (4, '?', '?', 1), (4, '?', '?', 6), (4, 1, '?', 5), (4, '?', '?', 2), (4, '?', '?', 7), (4, '?', '?', 7), (4, '?', 0, 0), (4, 1, '?', 6), (4, 1, '?', '?'), (4, '?', '?', 7), (4, '?', '?', 3), (4, '?', '?', 1), (4, '?', '?', 2), (4, '?', '?', 5), (4, '?', '?', 2), (4, '?', '?', 7), (4, '?', '?', 3), (4, '?', '?', 1), (4, '?', '?', 6), (4, '?', '?', 3), (4, '?', '?', 3), (4, '?', '?', 0), (4, '?', '?', 3), (4, '?', 0, 0), (4, 1, '?', 5), (4, '?', '?', 2), (4, '?', '?', '?'), (4, 1, '?', 2)]"
"(9, 21, 21, 16, 0)","[(1, 1, '?', 6)]"
"(9, 21, 21, 21, 0)","[(1, '?', '?', 6), (1, '?', '?', 3), (1, '?', '?', '?'), (1, '?', '?', 5), (1, '?', '?', 0), (1, '?', '?', 5), (1, '?', '?', '?'), (1, '?', '?', 3), (1, '?', '?', 5), (1, '?', '?', '?'), (1, '?', '?', 3), (1, '?', '?', 1), (1, '?', '?', 0), (1, '?', '?', 1), (1, '?', '?', 4), (1, '?', '?', 3), (1, '?', '?', '?'), (1, '?', '?', 5), (1, '?', '?', 1)]"
"(9, 23, 23, 23, 0)","[(6, 2, '?', 4), (4, 2, 0, 6), (4, 2, 0, 5), (1, 2, '?', '?'), (4, 2, 0, 3), (4, 2, 0, 5), (4, 2, '?', '?'), (4, 2, 0, 1), (4, 2, 0, 0), (1, 2, '?', 5), (4, 2, '?', 5), (4, 2, '?', '?'), (4, 2, '?', 6), (1, 2, '?', '?'), (4, 2, '?', 5), (4, 2, 0, 2), (1, 2, '?', 6), (4, 2, 3, 2), (1, 2, '?', 6), (4, 2, 0, 5), (4, 2, 0, 0), (6, 2, '?', 5), (4, 2, '?', 6), (4, 2, 0, 6), (4, 2, 0, 5), (4, 2, '?', 0), (4, 2, '?', 7), (6, 2, '?', 5), (1, 2, '?', 5), (4, 2, '?', 2), (4, 2, 0, 0), (4, 2, '?', 0), (4, 2, 0, 1), (1, 2, '?', 4), (6, 2, '?', 4), (4, 2, '?', 1), (4, 2, 0, '?'), (4, 2, 0, 6), (1, 2, '?', 6), (4, 2, '?', 6), (4, 2, 0, 6), (4, 2, 0, 0), (4, 2, 0, 5), (4, 2, 0, 3), (4, 2, '?', 6), (4, 2, 0, 5), (4, 2, '?', 5), (1, 2, '?', 5), (4, 2, 0, 6), (4, 2, 0, 3), (4, 2, 0, 3), (4, 2, 0, 6), (4, 2, 0, 1), (1, 2, '?', 5), (1, 2, '?', 4), (6, 2, '?', 4), (4, 2, '?', 5), (4, 2, 0, '?')]"
"(9, 25, 9, 25, 0)","[(6, '?', '?', '?'), (6, '?', '?', 0), (6, '?', '?', 4), (6, '?', '?', 2)]"
"(9, 25, 16, 16, 0)","[(6, 1, '?', 3)]"
"(9, 25, 20, 25, 0)","[(6, '?', '?', 0)]"
"(9, 25, 23, 23, 0)","[(6, '?', '?', 3)]"
"(9, 25, 23, 25, 0)","[(6, '?', '?', 3), (6, '?', '?', 7)]"
"(9, 25, 25, 2, 0)","[(6, '?', '?', 5)]"
"(9, 25, 25, 25, 0)","[(6, '?', '?', 0), (6, '?', '?', 4), (6, '?', '?', 6), (6, '?', '?', 7), (6, '?', '?', 5), (6, '?', '?', 3), (6, '?', '?', 3), (6, '?', '?', 5), (6, '?', '?', 5), (6, '?', '?', 4), (6, '?', '?', 2), (6, '?', '?', '?'), (6, '?', '?', 4), (6, '?', '?', '?'), (6, '?', '?', 2), (6, '?', '?', 0), (6, '?', '?', 2), (6, '?', '?', 3), (6, '?', '?', 2), (6, '?', '?', 4), (6, '?', '?', 6), (6, '?', '?', 3), (6, '?', '?', 6), (6, '?', '?', 3), (6, '?', '?', 0), (6, '?', '?', '?'), (6, '?', '?', 6), (6, '?', '?', '?'), (6, '?', '?', 7), (6, '?', '?', 3), (6, '?', '?', 7), (6, '?', '?', 6), (6, '?', '?', 4), (6, '?', '?', 4), (6, '?', '?', 6), (6, '?', '?', 5), (6, '?', '?', '?'), (6, '?', '?', 2), (6, '?', '?', 3), (6, '?', '?', '?'), (6, '?', '?', 7), (6, '?', '?', 5), (6, '?', '?', 4), (6, '?', '?', 6), (6, '?', '?', 7), (6, '?', '?', 7), (6, '?', '?', 0), (6, '?', '?', 4), (6, '?', '?', 6)]"
"(9, 27, 27, 27, 0)","[(6, 7, '?', '?'), (6, 7, '?', 4), (4, 7, '?', 1), (4, 7, '?', 1)]"
"(10, 6, 10, 6, 0)","[(5, 6, 3, 2)]"
"(10, 6, 10, 10, 0)","[(1, 6, 3, 7), (5, 6, 3, 4), (5, 6, 3, '?'), (1, 6, 3, 2), ('?', 6, 3, 0), (5, 6, 3, '?'), (5, 6, 3, 0)]"
"(10, 10, 10, 6, 0)","[(5, 6, 3, 5)]"
"(10, 10, 10, 7, 0)","[(4, 6, 1, 2)]"
"(10, 10, 10, 10, 0)","[(0, 6, '?', 0), (1, 6, 4, 2), (5, 6, 5, 1), (7, 6, 2, 1), (7, 6, 3, 6), ('?', 6, 2, 5), (1, 6, '?', 2), (4, 6, 7, 3), ('?', 6, 7, 7), (7, 6, 0, '?'), (1, 6, 3, 2), (7, 6, 3, 7), (5, 6, 7, 1), (6, 6, '?', 7), (3, 6, 4, 6), (4, 6, 7, 0), (7, 6, '?', 7), (7, 6, 7, 0), (7, 6, 2, 3), (7, 6, 7, 3), (4, 6, '?', 7), (7, 6, 0, 0), (5, 6, 5, 0), (0, 6, 3, 2), (7, 6, 2, 1), (5, 6, 5, 5), (0, 6, '?', 3), (0, 6, 7, 7), ('?', 6, '?', '?'), (7, 6, '?', 6), (7, 6, 3, 1), (2, 6, '?', '?'), (5, 6, 6, '?'), (7, 6, 0, 7), ('?', 6, 4, 5), ('?', 6, '?', 3), (2, 6, '?', 6), (0, 6, 3, 2), (0, 6, '?', 0), (1, 6, 5, '?'), (6, 6, '?', 4), (1, 6, '?', 5), ('?', 6, 4, 7), (0, 6, 7, '?'), (7, 6, 4, 5), (6, 6, 7, 2), (4, 6, 7, 7), (1, 6, '?', 2), ('?', 6, 0, 0), (0, 6, 2, 7), (7, 6, 7, 5), ('?', 6, '?', 4), (0, 6, '?', '?'), (0, 6, 4, 2), (0, 6, 2, 7), ('?', 6, 4, 2), (3, 6, 4, 7), (5, 6, '?', 2), (0, 6, 4, 3), (4, 6, '?', 3), ('?', 6, 2, 4), ('?', 6, 5, 2), (0, 6, '?', '?'), (5, 6, 7, '?'), (5, 6, 4, 2), (2, 6, '?', 6), (3, 6, 3, 7), (0, 6, 4, 5), (3, 6, '?', 4), (7, 6, 3, 0), (5, 6, 4, 6), (4, 6, 5, 7), (7, 6, 7, 4), ('?', 6, 2, 6), (7, 6, 7, 2), ('?', 6, 7, 2), (5, 6, 4, 2), (5, 6, 5, 6), (4, 6, '?', 5), (7, 6, 7, 5), (1, 6, 5, 0), ('?', 6, 3, '?'), (0, 6, '?', '?'), (6, 6, '?', 4), (5, 6, 4, 5), (0, 6, 5, 2), (4, 6, '?', 1), (2, 6, '?', 1), (0, 6, '?', 0), (4, 6, '?', 4), (1, 6, 5, 0), (5, 6, 4, 3), (1, 6, 5, 3), (7, 6, '?', '?'), (7, 6, 5, 0), (0, 6, 2, '?'), (3, 6, '?', 6), (6, 6, '?', 3), (7, 6, 4, 3), (2, 6, '?', 5), (5, 6, '?', 6), (5, 6, '?', 7), (7, 6, 0, 0), (0, 6, '?', 3), (4, 6, '?', 1), (6, 6, 7, 3), (0, 6, 7, 3), (7, 6, 5, 4), (7, 6, 7, 6), (0, 6, '?', 5), ('?', 6, 0, 7), (1, 6, 7, 7), (7, 6, 4, 6), (6, 6, 7, 3), (5, 6, 0, 7), (1, 6, '?', 4), (7, 6, 3, 6), (1, 6, 5, 6), (5, 6, '?', 2), (5, 6, 4, 1), (7, 6, 2, 2), (0, 6, 2, 6), (7, 6, 3, 7), ('?', 6, 4, 5), (4, 6, '?', 4), ('?', 6, '?', 2), (7, 6, 7, 0), (5, 6, 3, 0), (4, 6, 7, 1), (5, 6, 5, 0), (3, 6, 4, 0), ('?', 6, '?', '?'), (4, 6, '?', 1), (4, 6, 7, 0), ('?', 6, 5, 2), ('?', 6, 5, 0), (7, 6, 4, '?'), (1, 6, '?', 5), (0, 6, 7, 4), (7, 6, 4, 1), (2, 6, 0, 0), (7, 6, 2, 3), (7, 6, 5, 6), (5, 6, 7, 0), (5, 6, 3, '?'), ('?', 6, 3, 5), (1, 6, 3, 7), (3, 6, '?', 6), (7, 6, 4, 1), (0, 6, 4, 6), ('?', 6, 4, 7), (0, 6, 5, 7), (7, 6, '?', 3), (1, 6, 4, 7), (6, 6, 7, 3), (2, 6, '?', 2), ('?', 6, 4, 7), (3, 6, 5, 2), (1, 6, 5, 4), ('?', 6, 5, 1), (1, 6, '?', 2), (0, 6, '?', 3), (6, 6, '?', 3), (5, 6, '?', 5), (5, 6, 3, 3), (3, 6, 4, 2), (0, 6, 4, 4), (5, 6, 5, 6), ('?', 6, 4, 6), (3, 6, 5, 3), (5, 6, 4, 0), (5, 6, 0, '?'), (7, 6, 2, 2), (1, 6, 0, 0), (7, 6, '?', '?'), (5, 6, '?', 2), (7, 6, 7, '?'), (7, 6, 0, 5), (6, 6, '?', 6), (6, 6, 7, 2), (6, 6, 0, 3), ('?', 6, 5, 0), (6, 6, '?', 4), (5, 6, 5, 2), (7, 6, 0, 4), (3, 6, 7, 1), (5, 6, '?', 0), ('?', 6, '?', 6), (7, 6, 7, 0), (0, 6, 7, 1), (2, 6, '?', 1), (4, 6, '?', 0), (3, 6, '?', 6), (7, 6, 0, 7), (6, 6, '?', 2), (0, 6, 5, 7), (7, 6, 5, 1), (3, 6, '?', 6), (1, 6, 5, 2), (4, 6, 7, 0), (1, 6, '?', 5), (7, 6, '?', 3), (7, 6, 0, 1), (7, 6, 4, 7), (3, 6, 4, 0), (1, 6, '?', 2), (5, 6, 3, 2), (0, 6, 7, 4), (0, 6, '?', 1), ('?', 6, 5, 0), (3, 6, '?', 0), (7, 6, 4, 0), (7, 6, 2, 2), (6, 6, 5, 2), (5, 6, 7, 0), (1, 6, 3, 0), (6, 6, 7, 2), (5, 6, '?', 6), (7, 6, 4, 0), (5, 6, 0, 0), (0, 6, '?', 0), (0, 6, 4, 6), (6, 6, 5, 7), (1, 6, 4, 7), (6, 6, '?', 3), (7, 6, 4, 5), (5, 6, '?', 0), (7, 6, '?', 1), (0, 6, 7, 5), (5, 6, 5, '?'), (7, 6, '?', 1), (1, 6, '?', 2), (0, 6, 4, 4), (7, 6, 0, 7), ('?', 6, 0, 7), (2, 6, 4, 7), ('?', 6, '?', '?'), (4, 6, 4, 0), (7, 6, '?', 1), (7, 6, 3, '?'), (1, 6, '?', 1), (6, 6, '?', 4), (7, 6, 3, 5), (7, 6, 0, '?'), (0, 6, 3, 3), ('?', 6, '?', '?'), ('?', 6, '?', 7), ('?', 6, 0, 2), ('?', 6, '?', 7), (5, 6, 4, 1), (5, 6, 4, 3), (0, 6, 4, 4), ('?', 6, '?', 6), (0, 6, 2, '?'), (0, 6, 2, 3), (5, 6, 3, 0), (7, 6, 5, 7), (5, 6, 3, 5), (4, 6, '?', 4), (7, 6, 0, '?'), ('?', 6, 0, 7), (7, 6, 3, 5), (5, 6, 5, 2), (3, 6, 7, 3), ('?', 6, 4, 5), (6, 6, '?', 2), (3, 6, 4, 7), (5, 6, 7, 4), (7, 6, 5, '?'), (4, 6, 0, 3), ('?', 6, 7, 3), (3, 6, '?', 0), (1, 6, 0, 0), (6, 6, 5, 2), (5, 6, 0, 2), (5, 6, '?', 7), (6, 6, '?', '?'), (7, 6, 4, 6), (4, 6, '?', 6), (0, 6, 7, 7), (5, 6, 3, 5), (4, 6, 7, '?'), (7, 6, 5, 7), ('?', 6, '?', 7), (0, 6, '?', 4), (0, 6, 7, '?'), (7, 6, 3, 0), (2, 6, 7, 3), (7, 6, 2, 3), ('?', 6, '?', 6), ('?', 6, 7, 5), (5, 6, 5, 5), (5, 6, 4, 5), (4, 6, 3, 6), (6, 6, 7, 2), (2, 6, '?', 3), (4, 6, '?', 0), (7, 6, 0, 1), (0, 6, 2, 7), (5, 6, 0, 5), (1, 6, 7, 3), (5, 6, '?', 3), (2, 6, '?', 0), ('?', 6, '?', 7), (0, 6, 0, 3), (4, 6, 3, 6), (5, 6, 2, 3), (7, 6, 4, 5), (3, 6, 0, 0), (0, 6, '?', 5), (6, 6, 0, 1), (2, 6, '?', 0), (5, 6, 5, 2), (0, 6, '?', '?'), ('?', 6, 4, 1), (1, 6, '?', 2), (5, 6, 7, 4), (0, 6, 2, 6), (7, 6, 0, 1), (4, 6, 0, 0), (7, 6, 3, 1), (3, 6, '?', 7), (3, 6, 3, 6), (5, 6, 5, '?'), (7, 6, 7, 6), (5, 6, 7, 3), (1, 6, 7, 3), (0, 6, 7, 3), (2, 6, '?', 2), (4, 6, 3, 6), ('?', 6, '?', 7), (3, 6, '?', 7), ('?', 6, '?', 0), (5, 6, 7, 1), (7, 6, 4, 0), (4, 6, '?', 5), ('?', 6, '?', '?'), (1, 6, '?', 2), (4, 6, '?', 0), (2, 6, 4, 7), (5, 6, 0, 7), (0, 6, 7, 5), (0, 6, 7, 5), (3, 6, 4, 0), (4, 6, '?', 0), (7, 6, '?', 2), (7, 6, 3, 7), (3, 6, '?', '?'), (7, 6, 4, 7), ('?', 6, 7, 2), (3, 6, 0, '?'), (5, 6, 3, 7), (5, 6, 7, 5), (7, 6, 4, '?'), (7, 6, 7, 6), (5, 6, 0, 2), (7, 6, 0, 1), (7, 6, 2, 6), (7, 6, 4, 4), (4, 6, '?', 0), (5, 6, '?', 7), ('?', 6, 0, 0), (2, 6, 4, 7), (2, 6, 0, 1), (6, 6, 5, 2), (7, 6, 3, '?'), (7, 6, 3, 5), (0, 6, 4, 3), (0, 6, 7, 6), ('?', 6, 0, '?'), (7, 6, 5, 4), (1, 6, '?', 5), (2, 6, 0, 0), (6, 6, 7, 4), (3, 6, 7, 7), (6, 6, 7, 2), (2, 6, '?', 5), (7, 6, 4, 1), (5, 6, 3, 7), ('?', 6, 0, 5), (5, 6, '?', 3), ('?', 6, 0, 7), (7, 6, 7, 4), (0, 6, 3, 2), (7, 6, 0, 4), (0, 6, '?', 4), (6, 6, '?', '?'), (7, 6, '?', 2), (7, 6, 3, 5), (7, 6, 4, 0), (7, 6, 2, 0), (3, 6, 7, '?'), ('?', 6, '?', 3), (7, 6, 0, 5), ('?', 6, 7, 7), ('?', 6, 5, 0), (4, 6, 5, 7), (7, 6, 0, 3), (7, 6, 7, 6), ('?', 6, 0, '?'), (2, 6, '?', 7), (4, 6, 0, 3), (7, 6, 0, 7), (5, 6, 3, 2), ('?', 6, '?', '?'), (2, 6, 3, 2), (4, 6, 5, 0), (1, 6, '?', 5), (2, 6, '?', 5), (3, 6, 4, 5), ('?', 6, 4, 7), (1, 6, 5, 0), (5, 6, 4, 2), (6, 6, 7, 3), (7, 6, 4, 6), (5, 6, 3, 6), (3, 6, 7, 2), (4, 6, 7, 1), (6, 6, 5, 1), (7, 6, '?', 3), (7, 6, 2, 6), (0, 6, 2, 3), ('?', 6, 3, 2), (7, 6, '?', 6), (7, 6, 5, 2), (0, 6, 3, 2), (7, 6, 7, 2), ('?', 6, 4, 2), (2, 6, 3, 2), (6, 6, '?', 4), (7, 6, 5, 1), (5, 6, '?', 3), (0, 6, '?', '?'), (0, 6, '?', 1), (3, 6, '?', 0), (3, 6, '?', 4), (7, 6, 7, 3), (0, 6, 7, 3), (5, 6, 0, '?'), (5, 6, 5, 1), (2, 6, '?', 3), (5, 6, 3, 3), ('?', 6, '?', '?'), (0, 6, '?', '?'), (3, 6, 7, 3), (3, 6, 3, '?'), (7, 6, 5, 1), ('?', 6, '?', 0), (7, 6, '?', '?'), (0, 6, 4, 2), (5, 6, 4, 3), (2, 6, '?', 6), (2, 6, 0, 0), (5, 6, 5, 0), (3, 6, '?', 7), (7, 6, 0, 2), (6, 6, 0, '?'), (7, 6, 2, 6), (7, 6, 0, 2), (4, 6, '?', 3), (7, 6, 7, 6), (5, 6, 4, 2), (1, 6, 4, 7), ('?', 6, 5, '?'), (5, 6, '?', '?'), ('?', 6, '?', 4), (7, 6, 7, 2), (5, 6, 0, 3), (1, 6, '?', 1), (2, 6, '?', 3), (5, 6, 3, 1), ('?', 6, '?', 0), ('?', 6, 2, 4), (0, 6, 0, 3), (7, 6, '?', 1), (7, 6, 3, 7), (7, 6, 4, 0), (6, 6, 7, 4), (3, 6, 4, 7), (5, 6, 3, 1), (7, 6, 5, 7), ('?', 6, 3, 0), (6, 6, 4, 2), (5, 6, 4, 1), (7, 6, 5, 2), (4, 6, 3, 3), (1, 6, '?', 1), ('?', 6, '?', 4), (5, 6, 5, 1), (3, 6, 7, '?'), (5, 6, 4, 3), (3, 6, '?', 6), (2, 6, 4, 2), (5, 6, 5, 1), (7, 6, 4, 6), (5, 6, 5, '?'), (1, 6, 7, 2), (2, 6, '?', 1), (0, 6, 5, 2), (7, 6, 0, 7), (1, 6, '?', 5), (5, 6, '?', 6), ('?', 6, 2, 3), (4, 6, 0, 0), (7, 6, 4, 6), (4, 6, 7, 3), (7, 6, '?', 3), ('?', 6, 5, 6), (4, 6, 7, '?'), (2, 6, 0, 0), (2, 6, '?', 7), (7, 6, 2, 2), (4, 6, '?', 4), (3, 6, 7, 0), (7, 6, 0, 0), (6, 6, '?', 3), (5, 6, 7, 5), (4, 6, 7, '?'), ('?', 6, '?', 3), (5, 6, 4, 5), (2, 6, '?', 7), ('?', 6, 5, 1), ('?', 6, 3, 0), (5, 6, 3, 3), (4, 6, '?', 7), (5, 6, '?', 0), (6, 6, 5, 0), (0, 6, 5, 2), (3, 6, '?', 7), (2, 6, '?', 5), (5, 6, 5, '?'), (0, 6, '?', 5), (5, 6, 4, 5), (2, 6, '?', 5), (4, 6, 2, '?'), (4, 6, 7, 0), (5, 6, 5, 1), (5, 6, 3, 7), (7, 6, 5, 1), (5, 6, '?', 0), (4, 6, 2, 6), (0, 6, '?', 1), (5, 6, '?', '?'), (4, 6, 0, '?'), (6, 6, 4, 7), (5, 6, 0, 1), (4, 6, 7, 3), (2, 6, 0, 3), ('?', 6, 5, 0), (1, 6, 0, '?'), (0, 6, 7, 7), (1, 6, 2, 6), (4, 6, '?', '?'), (0, 6, 0, 5), (7, 6, '?', '?'), ('?', 6, '?', 6), ('?', 6, 0, 1), (5, 6, '?', 5), (4, 6, 3, 3), (1, 6, 2, 6), (0, 6, 4, 3), (3, 6, 0, 0), (0, 6, 7, 3), (2, 6, '?', '?'), (4, 6, 3, 0), (5, 6, '?', 1), (5, 6, 3, '?'), (1, 6, 7, 3), (0, 6, '?', 1), ('?', 6, 0, 6), (7, 6, 4, 6), ('?', 6, 4, 7), (7, 6, 5, 2), (7, 6, 4, 3), (0, 6, 7, 3), (4, 6, 2, 6), (2, 6, 3, 1), (5, 6, 0, 0), (1, 6, '?', 7), (7, 6, 4, '?'), (7, 6, 5, 7), (3, 6, 4, 2), (6, 6, 5, 0), (1, 6, 3, 7), (4, 6, 3, 6), (5, 6, '?', '?'), (7, 6, 5, 5), (4, 6, '?', 4), (4, 6, '?', 4), (6, 6, 4, 7), (0, 6, 4, 2), (4, 6, 0, 3), (5, 6, '?', 1), (4, 6, '?', '?'), (5, 6, 0, 3), (0, 6, 2, 6), (7, 6, 0, 6), (3, 6, '?', 6), (7, 6, 3, 7), (0, 6, 7, 7), (7, 6, 2, 1), (3, 6, '?', 4), (0, 6, 0, 4), (7, 6, 7, 0), (4, 6, '?', 6), (5, 6, 4, 5), (7, 6, 4, 7), (1, 6, 3, 2), (0, 6, 0, '?'), (4, 6, '?', 1), (3, 6, '?', '?'), (6, 6, '?', 0), (5, 6, 4, 2), (5, 6, '?', 2), (0, 6, 5, 0), (2, 6, 0, 0), (1, 6, 0, 3), (4, 6, 7, 5), (3, 6, '?', '?'), (5, 6, '?', '?'), (5, 6, '?', '?'), (6, 6, 0, 5), (6, 6, '?', 3), (7, 6, 0, 3), (3, 6, 4, 7), (0, 6, 7, 0), (5, 6, 7, 3), (0, 6, '?', 5), (1, 6, 4, 7), (0, 6, '?', 3), (5, 6, 7, 3), (7, 6, 5, 1), (0, 6, 2, 3), (6, 6, 0, '?'), (0, 6, '?', 3), (3, 6, '?', 0), (2, 6, '?', 1), (6, 6, 5, 0), (1, 6, '?', 0), (6, 6, '?', '?'), (4, 6, 7, 7), ('?', 6, '?', 6), ('?', '?', '?', 0), ('?', 6, '?', 5), (4, 6, '?', 0), (2, 6, '?', 5), (3, 6, '?', 4), (3, 6, 4, 7), (3, 6, 4, 7), (0, 6, 4, 3), (5, 6, 5, 0), ('?', 6, '?', 7), ('?', 6, 7, 2), (6, 6, '?', 4), (5, 6, 4, 0), (6, 6, '?', 4), (3, 6, '?', 4), (0, 6, 2, '?'), (5, 6, 7, 6), (1, 6, 4, 7), (0, 6, 7, 0), (7, 6, 0, 3), (6, 6, '?', 2), (6, 6, '?', '?'), (2, 6, 3, 1), (6, 6, '?', 0), (0, 6, '?', '?'), (5, 6, '?', 2), (7, 6, 4, 0), ('?', 6, 0, 4), (2, 6, '?', 7), (0, 6, '?', 0), ('?', 6, 5, 7), (7, 6, 3, 6), (5, 6, 3, 3), (5, 6, '?', 0), ('?', 6, 0, 0), (3, 6, '?', '?'), (0, 6, '?', 4), (0, 6, 4, 2), (4, 6, 0, '?'), (7, 6, 3, 1), (1, 6, '?', 3), (1, 6, '?', 7), (7, 6, '?', 2), (4, 6, 7, 1), (7, 6, '?', 2), (5, 6, 5, 0), ('?', 6, 0, 6), (5, 6, 3, 7), (6, 6, '?', 6), (5, 6, 3, 7), (0, 6, 7, 1), (2, 6, '?', '?'), (5, 6, 7, '?'), (6, 6, '?', '?'), (5, 6, 0, 3), ('?', 6, '?', 2), (5, 6, 0, 2), (6, 6, 0, 2), ('?', 6, 0, 6), (7, 6, 0, 0), (7, 6, 3, 4), (0, 6, 7, 4), (5, 6, 7, 0), (6, 6, '?', 2), (5, 6, 0, 6), (1, 6, '?', 0), (2, 6, 4, 7), (0, 6, '?', 1), (4, 6, 7, 3), (0, 6, 7, 5), (7, 6, 0, 6), (7, 6, 7, 2), (7, 6, '?', 2), ('?', 6, 0, 0), (0, 6, 3, 2), (4, 6, '?', '?'), (5, 6, 0, 3), (0, 6, 4, 3), (7, 6, 2, 3), (4, 6, 7, 0), (2, 6, '?', 2), (7, 6, 4, 7), (1, 6, 3, 2), ('?', 6, '?', 0), (1, 6, '?', 3), (5, 6, 0, 7), (6, 6, '?', '?'), (3, 6, '?', 7), ('?', 6, 3, 2), (7, 6, 0, 5), (6, 6, 7, 0), (7, 6, 7, 1), (7, 6, '?', 6), ('?', 6, 5, 2), (7, 6, '?', 7), (7, 6, 2, 3), (7, 6, 3, 0), (7, 6, 7, 2), (7, 6, 3, '?'), (5, 6, 7, 0), ('?', 6, 7, 3), (0, 6, 0, 5), (6, 6, 4, 7), (0, 6, '?', 3), (5, 6, 4, 0), (7, 6, 4, 5), (4, 6, '?', 4), (0, 6, 4, 1), (5, 6, 5, 2), (5, 6, '?', 3), (7, 6, 7, 2), (7, 6, 4, 3), (5, 6, '?', '?'), (6, 6, '?', 4), (0, 6, 2, 7), (4, 6, '?', 2), (5, 6, 5, 5), (7, 6, 5, 4), (2, 6, '?', 7), (2, 6, '?', 2), (4, 6, 2, '?'), (7, 6, 0, '?'), (5, 6, '?', 3), (7, 6, 0, 1), (7, 6, '?', '?'), (1, 6, '?', 5), (1, 6, 0, 7), (5, 6, 5, 6), (7, 6, 4, '?'), ('?', 6, '?', 2), (3, 6, '?', 4), (7, 6, '?', 0), (5, 6, 7, 3), (6, 6, '?', 7), (0, 6, 4, 5), (7, 6, 7, 3), ('?', 6, '?', 7), (2, 6, 4, 2), (1, 6, 4, 0), (7, 6, 5, 6), (7, 6, 0, 0), (5, 6, 0, 3), (5, 6, 6, 2), (5, 6, 5, 6), (1, 6, 5, 3), (1, 6, 3, 2), (3, 6, 7, 0), (4, 6, 0, '?'), (7, 6, '?', 1), (2, 6, 0, 7), (7, 6, '?', '?'), (7, 6, 5, 5), (1, 6, 7, 3), (2, 6, '?', '?'), (2, 6, '?', 6), (0, 6, 7, 0), (2, 6, '?', 6), (2, 6, '?', 6), (0, 6, 2, 3), (7, 6, 4, 7), (0, 6, 0, 1), (3, 6, '?', 7), (1, 6, '?', 2), (0, 6, 7, 5), (4, 6, '?', 5), (7, 6, '?', 7), (1, 6, '?', 2), (6, 6, 5, 0), (0, 6, 7, 4), (2, 6, 0, 3), (5, 6, 4, 5), ('?', 6, '?', 6), (1, 6, 0, 3), (5, 6, 4, 5), (5, 6, 3, 2), (2, 6, '?', 0), (5, 6, 3, 0), (4, 6, '?', 1), (6, 6, 5, 0), ('?', 6, '?', 3), (4, 6, '?', 3), (5, 6, '?', 7), (7, 6, 7, 4), (5, 6, 5, '?'), (7, 6, 0, 4), (5, 6, 4, 0), (0, 6, 4, 7), (5, 6, 3, 6), (3, 6, 0, 0), (5, 6, '?', 0), (5, 6, '?', 5), (7, 6, 3, 6), (6, 6, '?', '?'), (0, 6, 0, 6), (6, 6, '?', 6), (1, 6, '?', 0), (5, 6, 4, 2), (3, 6, 4, 7), (7, 6, 7, '?'), (5, 6, 7, 6), (7, 6, 0, 5), (2, 6, '?', 7), (6, 6, '?', 0), (1, 6, '?', 7), (7, 6, 3, 1), (7, 6, 2, 3), (3, 6, 4, 5), ('?', 6, 7, 7), (6, 6, 0, 3), (7, 6, 3, 6), (4, 6, 7, 0), (2, 6, '?', '?'), (7, 6, 5, '?'), (7, 6, 4, 0), (4, 6, 2, '?'), (7, 6, 2, 3), (0, 6, 2, 6), (5, 6, 0, 3), ('?', 6, '?', 7), (7, 6, 2, 0), (0, 6, 4, 7), (7, 6, 2, 3), (0, 6, 5, 2), (7, 6, 0, 6), (0, 6, 4, 4), (4, 6, 7, 0), (7, 6, 7, 4), (7, 6, 2, 6), (1, 6, 7, 3), (5, 6, '?', 7), ('?', 6, '?', 5), (7, 6, 5, 2), (5, 6, 0, 1), (2, 6, '?', 3), ('?', 6, '?', 5), (1, 6, 5, 0), (0, 6, 5, 7), (2, 6, '?', '?'), (0, 6, 4, 2), (4, 6, 7, 7), (1, 6, 0, 7), (0, 6, 7, 0), (1, 6, '?', 3), (2, 6, 4, 2), (5, 6, 7, 3), (4, 6, '?', '?'), (7, 6, 7, '?'), (5, 6, 5, 2), ('?', 6, 0, 1), (5, 6, 0, 2), (2, 6, '?', 0), (7, 6, 3, 7), ('?', 6, 2, 6), (2, 6, 3, 2), (5, 6, '?', 5), (7, 6, 7, 1), (1, 6, 0, 0), ('?', 6, 7, 3), (7, 6, 5, 4), (0, 6, 0, 5), (0, 6, '?', 0), (7, 6, '?', 3), ('?', 6, 4, 7), (0, 6, 4, 3), (0, 6, 4, 7), (2, 6, '?', 6), (7, 6, 2, 6), (7, 6, '?', 6), (7, 6, '?', 6), (3, 6, 5, 1), (7, 6, 4, 6), (5, 6, '?', 5), (5, 6, 3, 3), (0, 6, 2, 7), (7, 6, 4, '?'), (6, 6, 7, 3), (6, 6, 5, 7), (7, 6, 5, 2), ('?', 6, 4, 7), (7, 6, 0, 3), (7, 6, '?', 0), (0, 6, 4, 5), (7, 6, 4, 6), (0, 6, 0, '?'), (4, 6, 4, 5), (7, 6, 4, 5), (2, 6, 4, 7), (7, 6, 4, 3), (7, 6, 5, 7), (5, 6, 3, 3), (7, 6, 7, 6), (7, 6, 4, 5), (3, 6, 0, '?'), (6, 6, 5, 7), (7, 6, 0, 1), (5, 6, 5, 2), ('?', 6, 2, 6), (3, 6, 5, 2), ('?', 6, '?', 3), (7, 6, 2, 1), (5, 6, 0, 0), (7, 6, 0, 5), (7, 6, 0, 7), (5, 6, 4, 5), (4, 6, '?', 4), (7, 6, 3, 6), (1, 6, '?', 5), (6, 6, '?', 2), (7, 6, 5, 0), (6, 6, 5, 7), (4, 6, '?', 2), (5, 6, 5, 6), (5, 6, '?', 2), (4, 6, '?', 2), (5, 6, 3, 3), (0, 6, 4, 2), (2, 6, '?', 7), (4, 6, 7, 1), (5, 6, 5, 0), (7, 6, 5, 4), (6, 6, '?', 7), (0, 6, 5, 7), ('?', 6, 2, 1), (1, 6, 5, 0), (4, 6, '?', '?'), (6, 6, 5, 2), (5, 6, 4, 6), ('?', 6, 0, 0), (1, 6, '?', 1), (5, 6, 4, 1), (7, 6, 5, 5), (1, 6, '?', 4), (0, 6, 4, 3), (4, 6, 7, 7), (2, 6, '?', 5), (3, 6, 5, 2), (5, 6, 0, 0), (5, 6, 0, 4), (7, 6, 7, 1), (4, 6, '?', 5), (7, 6, 5, 5), (4, 6, '?', 1), (2, 6, '?', 6), (6, 6, 5, 2), (5, 6, 3, 3), (0, 6, 2, 3), (3, 6, '?', 7), (1, 6, '?', 4), ('?', 6, '?', 2), (7, 6, '?', 7), ('?', 6, 0, '?'), (7, 6, 4, 1), (7, 6, 0, 4), (7, 6, 4, 6), (1, 6, '?', 7), (6, 6, 4, 7), (6, 6, '?', 2), ('?', 6, 0, 7), (7, 6, 5, '?'), (6, 6, 5, 1), (3, 6, 4, 5), (6, 6, '?', 6), (3, 6, '?', '?'), (5, 6, 4, 1), (7, 6, 0, 3), ('?', 6, '?', 2), ('?', 6, 4, 7), ('?', 6, 0, 5), (3, 6, 7, 2), (4, 6, '?', '?'), (4, 6, '?', 3), (7, 6, 7, 5), (0, 6, 2, 6), (5, 6, '?', 5), (7, 6, 5, 6), ('?', 6, 7, 2), (7, 6, 0, 5), (0, 6, '?', '?'), (5, 6, 7, 0), (5, 6, 3, 7), (3, 6, '?', 6), (5, 6, 4, 0), (0, 6, '?', 5), (1, 6, '?', 4), (5, 6, '?', 5), (7, 6, 0, 7), (4, 6, 7, 1), (7, 6, 0, 2), (0, 6, 7, 3), ('?', 6, 2, 3), (7, 6, 5, 2), ('?', 6, 0, 0), (3, 6, '?', 6), (5, 6, 4, 1), (4, 6, 7, 1), (6, 6, '?', 2), (4, 6, 0, 3), (7, 6, 7, '?'), (0, 6, 4, 6), (4, 6, 0, 0), (2, 6, '?', 6), ('?', 6, 0, 5), (5, 6, '?', 1), (4, 6, 7, 3), (2, 6, 0, 3), (7, 6, 4, 1), (7, 6, 0, 2), (6, 6, '?', 2), (2, 6, '?', 5), (7, 6, 7, 0), (1, 6, 5, '?'), (5, 6, 4, 0), (6, 6, '?', 6), (5, 6, 6, 3), (7, 6, 5, '?'), (7, 6, 0, 0), (5, 6, '?', 3), (0, 6, 7, 0), (0, 6, 4, 5), ('?', 6, 0, 1), (0, 6, '?', 0), ('?', 6, '?', 3), (0, 6, 0, 5), (7, 6, 4, 3), ('?', 6, 2, 6), ('?', 6, '?', '?'), (7, 6, '?', 0), (5, 6, 5, '?'), (5, 6, 3, 0), (2, 6, '?', 7), (7, 6, 0, 7), (7, 6, '?', 2), (7, 6, 7, 2), (5, 6, 3, 2), ('?', 6, 5, 7), ('?', 6, '?', 5), (6, 6, 4, 7), (0, 6, 4, 4), (7, 6, 0, 2), (7, 6, 5, 5), (7, 6, 0, '?'), (0, 6, '?', 1), (7, 6, 0, 3), (5, 6, 5, '?'), (1, 6, '?', 4), (5, 6, 5, 2), (2, 6, '?', 7), ('?', 6, '?', 2), ('?', 6, 0, 5), (7, 6, 0, 6), (3, 6, 0, 5), ('?', 6, 0, 7), (5, 6, '?', 1), (7, 6, 5, 7), (2, 6, 4, 7), (0, 6, '?', 4), ('?', 6, 0, 0), (7, 6, 3, '?'), (1, 6, '?', 3), (0, 6, 4, 2), (4, 6, '?', 6), (5, 6, 0, 0), (6, 6, '?', 0), (1, 6, '?', 1), (0, 6, 7, 3), ('?', 6, '?', 4), (4, 6, '?', 7), (1, 6, 5, 0), (4, 6, '?', 3), (5, 6, 4, 2), (3, 6, 4, 7), (5, 6, 4, 0), (4, 6, 0, 0), (5, 6, 4, 3), (7, 6, 0, 4), (4, 6, '?', 7), (5, 6, 3, '?'), (5, 6, 4, 2), (6, 6, '?', 0), (6, 6, 4, 7), (3, 6, '?', '?'), (6, 6, 2, 6), (6, 6, '?', 6), ('?', 6, '?', 6), (0, 6, '?', 5), (7, 6, 5, 6), (3, 6, 4, 7), (7, 6, 5, 1), ('?', 6, '?', 5), (7, 6, 4, 5), (2, 6, 0, 1), (0, 6, 4, 7), (5, 6, 0, 7), (7, 6, 2, 6), (4, 6, '?', 7), (4, 6, 7, 0), (1, 6, 5, 4), (7, 6, 0, 0), (2, 6, '?', 2), (5, 6, '?', 1), (7, 6, 4, 0), (2, 6, '?', 0), (0, 6, '?', '?'), (1, 6, 5, 3), (0, 6, 0, 3), (7, 6, '?', 6), (1, 6, 7, 3), (6, 6, 5, 0), (6, 6, '?', 0), (4, 6, '?', 3), (7, 6, 5, 7), (7, 6, 7, 3), (0, 6, 4, 6), (5, 6, 4, 1), (6, 6, '?', 0), (5, 6, '?', 6), (1, 6, '?', 7), (0, 6, 2, 6), (7, 6, 4, 1), (2, 6, '?', 2), (5, 6, 5, 5), (4, 6, 7, 3), ('?', 6, '?', 2), (4, 6, '?', 2), (4, 6, '?', 1), (2, 6, '?', 0), (7, 6, 5, '?'), (1, 6, 0, 0), (0, 6, 5, 3), (5, 6, 0, 6), (7, 6, '?', 0), (4, 6, '?', 3), (5, 6, 4, 5), (7, 6, '?', '?'), (2, 6, '?', 0), (7, 6, 0, 2), (5, 6, 0, 6), ('?', 6, '?', 6), (0, 6, 0, 3), (4, 6, 0, '?'), (5, 6, 7, 4), (7, 6, 0, 4), (0, 6, '?', 4), (7, 6, 7, '?'), (0, 6, 0, '?'), (5, 6, 4, 1), (2, 6, 0, 3), (7, 6, 0, 3), (6, 6, 5, 4), ('?', 6, '?', 0), (2, 6, 4, 7), (7, 6, 2, 6), (5, 6, 0, 4), (0, 6, '?', 4), (7, 6, 0, 3), (5, 6, 5, 6), (7, 6, 5, 5), (6, 6, '?', 2), (4, 6, 7, '?'), ('?', 6, '?', 2), (1, 6, 0, 3), (6, 6, 7, 2), (5, 6, 0, 5), ('?', 6, '?', 4), (5, 6, 0, 6), (2, 6, '?', 5), (4, 6, '?', 2), (5, 6, 3, '?'), (7, 6, 5, 0), (4, 6, 7, 5), (0, 6, 4, 6), ('?', 6, '?', 0), (2, 6, '?', 1), ('?', 6, '?', 2), (0, 6, 4, 1), (7, 6, 7, 0), (2, 6, 3, 2), (2, 6, 4, 2), (7, 6, '?', 0), (7, 6, 3, 6), (5, 6, 5, 0), (0, 6, 5, '?'), (7, 6, 4, '?'), (0, 6, 4, 6), (6, 6, 7, 5), (7, 6, 5, 1), ('?', 6, 0, 0), ('?', 6, 5, 0), ('?', 6, 0, '?'), (7, 6, '?', 2), (2, 6, '?', 6), (1, 6, 5, '?'), ('?', 6, 5, 1), (0, 6, 5, 7), (7, 6, 2, 2), (1, 6, 5, 2), (5, 6, '?', 2), (6, 6, 0, 3), ('?', 6, '?', 5), (0, 6, 0, '?'), (7, 6, 7, '?'), (1, 6, '?', 4), (6, 6, 5, 0), (5, 6, 5, 5), (6, 6, 5, 7), (1, 6, 5, 0), (3, 6, 7, 2), ('?', 6, '?', 4), ('?', 6, '?', 0), (4, 6, '?', 4), (1, 6, 5, 4), (5, 6, '?', 2), ('?', 6, 4, 2), (7, 6, 5, '?'), (0, 6, 4, 1), (5, 6, '?', 2), ('?', 6, '?', 3), (7, 6, 4, 0), (7, 6, 0, 6), (1, 6, '?', 4), (5, 6, 7, 3), (0, 6, '?', 0), (7, 6, 0, '?'), (5, 6, '?', 7), (1, 6, 5, 0), (7, 6, 5, 1), (7, 6, 0, 1), (3, 6, '?', 6), (3, 6, 0, 0), (5, 6, '?', 6), (5, 6, '?', 3), (7, 6, 0, 4), (1, 6, '?', 2), ('?', 6, '?', '?'), (0, 6, 5, 0), (6, 6, 7, 3), (5, 6, 0, 1), (5, 6, 3, 7), (7, 6, 4, 7), (7, 6, 5, 4), (2, 6, '?', 3), (3, 6, 0, 0), (2, 6, 0, 3), (0, 6, 4, 4), (7, 6, 4, 3), (7, 6, '?', 1), (0, 6, 0, 3), (7, 6, 7, 2), (4, 6, '?', 2), (5, 6, 5, '?'), ('?', 6, 2, 6), (7, 6, 4, 1), (0, 6, 4, 2), (7, 6, '?', 2), (7, 6, '?', '?'), (2, 6, '?', 0), (7, 6, 7, 3), (7, 6, 0, 6), (2, 6, '?', 5), (7, 6, 0, '?'), (2, 6, '?', 1), (7, 6, 2, 6), (1, 6, 0, 0), (7, 6, '?', 7), (2, 6, 4, 2), ('?', 6, 2, 4), (4, 6, '?', '?'), ('?', 6, 2, 3), (0, 6, 4, 1), (0, 6, 2, 3), (7, 6, 2, 2), (3, 6, 5, 2), (5, 6, '?', 3), (7, 6, 5, 0), (4, 6, 0, 3), (7, 6, 7, 6), ('?', 6, 2, 3), ('?', 6, 4, 2), (1, 6, '?', 5), (5, 6, 5, '?'), (5, 6, 3, 7), (6, 6, '?', 7), (7, 6, 4, '?'), (2, 6, 0, 0), (5, 6, '?', 0), (0, 6, 5, 3), (7, 6, 5, 4), (7, 6, 5, 5), ('?', 6, 0, 7), (7, 6, 0, 4), (6, 6, 7, 3), (4, 6, '?', 2), (4, 6, '?', 7), (7, 6, 5, 0), (1, 6, '?', 0), (6, 6, '?', '?'), (5, 6, '?', 1), (5, 6, '?', 2), (7, 6, '?', 2), (5, 6, '?', 0), (4, 6, '?', 5), (1, 6, 5, 4), (5, 6, 5, 2), (7, 6, 7, 1), (7, 6, 5, 0), (1, 6, '?', 5), (1, 6, '?', 3), ('?', 6, 0, 2), (4, 6, 1, 2), (1, 6, '?', 1), (7, 6, 7, 3), (2, 6, '?', 3), (2, 6, 4, 2), ('?', 6, 5, 6), (7, 6, 0, 5), (5, 6, 7, 3), (3, 6, '?', '?'), (6, 6, '?', 7), (0, 6, 2, 7), (7, 6, 0, '?'), (7, 6, 4, '?'), (5, 6, 0, 5), (4, 6, '?', 5), (5, 6, '?', 7), (7, 6, 5, 7), (3, 6, '?', 7), (7, 6, 7, '?'), (5, 6, 4, 2), (4, 6, 4, 5), ('?', 6, 7, 2), (5, 6, 0, 3), (1, 6, 5, 3), (4, 6, '?', 6), (3, 6, 5, 1), (5, 6, 7, 0), (7, 6, 0, 2), (7, 6, 5, 1), (0, 6, '?', 4), (0, 6, 4, 1), (5, 6, 2, 1), (4, 6, 0, 0), (0, 6, '?', 1), (6, 6, 5, 1), (2, 6, '?', '?'), (6, 6, '?', 3), (7, 6, 4, 3), (1, 6, 0, 0), (4, 6, '?', 5), (4, 6, '?', 5), (2, 6, '?', '?'), (6, 6, 5, 2), (0, 6, 4, 7), (0, 6, '?', '?'), (5, 6, '?', 6), (5, 6, 4, 0), (5, 6, '?', 5), (7, 6, 4, 7), (4, 6, '?', 0), (7, 6, '?', 7), (7, 6, 3, '?'), (7, 6, 3, '?'), (7, 6, '?', 6), (2, 6, '?', 0), (3, 6, '?', '?'), (7, 6, 0, 0), (5, 6, 4, 3), (1, 6, 5, 0), (5, 6, 4, 1), (3, 6, 7, 3), (7, 6, 5, 2), (6, 6, 0, 4), (4, 6, '?', 0), (6, 6, 0, 3), (1, 6, '?', 0), (4, 6, 5, 7), (4, 6, '?', 6), (1, 6, 5, 2), (7, 6, '?', 6), (2, 6, '?', 1), (1, 6, 0, 0), (7, 6, 5, 0), (6, 6, '?', 4), (3, 6, 0, 0), ('?', 6, '?', 4), (5, 6, 5, 1), (6, 6, 5, 0), (7, 6, 0, 1), (4, 6, '?', 2), (2, 6, '?', 0), (7, 6, 0, 5), (5, 6, '?', 0), (0, 6, 0, 3), (7, 6, 5, 0), (7, 6, '?', 6), (5, 6, '?', 6), (5, 6, 3, 7), (6, 6, '?', 6), (7, 6, '?', 2), (4, 6, 0, 3), (5, 6, 0, 2), (4, 6, '?', 1), (7, 6, 5, 4), (1, 6, 5, 3), (5, 6, 5, 5), (5, 6, 0, 0), (5, 6, 4, 3), (0, 6, 4, 7), (7, 6, 2, 6), (6, 6, '?', '?'), (7, 6, 7, 5)]"
"(10, 10, 10, 18, 0)","[(4, 6, 0, 3), (6, 6, 0, 3), (6, 6, 0, 1)]"
"(10, 10, 12, 10, 0)","[(0, 6, 5, 3), (6, 6, 5, 1)]"
"(10, 10, 18, 10, 0)","[(5, 6, 0, 2), (0, 6, 0, 6), (0, 6, 0, 2), (5, 6, 0, 0)]"
"(10, 10, 23, 10, 0)","[(3, 2, '?', 7)]"
"(10, 11, 10, 10, 0)","[(2, 6, 4, 2), ('?', 6, 4, 2), (4, 6, 4, '?'), (1, 6, 4, 2), (4, 6, 4, '?'), (2, 6, 4, '?'), (6, 6, 4, 1), (4, 6, 4, 5), (2, 6, 4, '?'), (3, 6, 4, 5), (4, 6, 4, 0), (4, 6, 4, 0), (2, 6, 4, 2), (4, 6, 4, '?'), (6, 6, 4, 7), (3, 6, 4, 2), (4, 6, 4, 7), (4, 6, 4, 4), ('?', 6, 4, 4), ('?', 6, 4, 1), (6, 6, 4, 2), (6, 6, 4, '?'), (6, 6, 4, 2), (4, 6, 4, 7), (1, 6, 4, 2), (4, 6, 4, '?'), (4, 6, 4, 4), (2, 6, 4, 2), (6, 6, 4, 2), (6, 6, 4, 1), ('?', 6, 4, '?'), ('?', 6, 4, 2), (6, 6, 4, 2), (4, 6, 4, 5), (3, 6, 4, 0), (4, 6, 4, 4), (3, 6, 4, 0), (3, 6, 4, 6), (2, 6, 4, 6), (3, 6, 4, 3), ('?', 6, 4, 1), (4, 6, 4, 3), ('?', 6, 4, 6), (6, 6, 4, 7), (4, 6, 4, 5), (4, 6, 4, 4), (1, 6, 4, 7), (2, 6, 4, 1), ('?', 6, 4, 2), (4, 6, 4, '?'), (2, 6, 4, 4), (4, 6, 4, 7), (3, 6, 4, 5), (6, 6, 4, 2), (2, 6, 4, 1), (6, 6, 4, 1), (4, 6, 4, 2), (4, 6, 4, 3), (4, 6, 4, 7), (2, 6, 4, 4), (4, 6, 4, 4), (3, 6, 4, 2), ('?', 6, 4, 1), (6, 6, 4, 5), (6, 6, 4, 1), (6, 6, 4, 1), (4, 6, 4, 3), (3, 6, 4, 2), (4, 6, 4, 0), (1, 6, 4, 0), (3, 6, 4, 5), (2, 6, 4, 7), ('?', 6, 4, 6), (1, 6, 4, 7), (4, 6, 4, 6), (6, 6, 4, 7), (0, 6, 4, 2), (1, 6, 4, 7), (2, 6, 4, 0), (2, 6, 4, 1), (3, 6, 4, 5), (2, 6, 4, 1), (4, 6, 4, 5)]"
"(10, 11, 10, 11, 0)","[(4, 6, 4, '?'), (2, 6, 4, 3), (6, 6, 4, 5), (3, 6, 4, 3), (4, 6, 4, 3), (4, 6, 4, 7), (4, 6, 4, 7), (4, 6, 4, 7), (6, 6, 4, 5), (6, 6, 4, 5), (6, 6, 4, 4), (2, 6, 4, 0)]"
"(10, 11, 10, 20, 0)","[(4, 6, 4, 6)]"
"(10, 11, 11, 10, 0)","[(6, 6, 4, 2), (2, 6, 4, 4), (6, 6, 4, 0), (2, 6, 4, 4), (2, 6, 4, 3), (2, 6, 4, 1), ('?', 6, 4, 5), ('?', 6, 4, 6), (2, 6, 4, 6), (6, 6, 4, 0), (2, 6, 4, '?'), (2, 6, 4, 6)]"
"(10, 11, 11, 11, 0)","[(6, 6, 4, 4), (6, 6, 4, 0), (2, 6, 4, 0), (6, 6, 4, 6), (2, 6, 4, 3), (6, 6, 4, 0), (6, 6, 4, 5), (2, 6, 4, 6), (6, 6, 4, '?'), (6, 6, 4, 0), (1, 6, 4, 0), (2, 6, 4, 6), (2, 2, 4, 6), (2, 6, 4, 3), (6, 6, 4, 0), (2, 6, 4, '?'), (2, 6, 4, 3), (6, 6, 4, '?'), (2, 6, 4, 3), (2, 6, 4, 0), (6, 6, 4, '?'), (2, '?', '?', '?')]"
"(10, 11, 20, 20, 0)","[(4, 6, 4, 3), (4, 6, 4, 3), (4, 6, 4, 3)]"
"(10, 11, 23, 23, 0)","[(4, 6, 4, 3)]"
"(10, 12, 10, 10, 0)","[(0, 6, 5, 3), (0, 6, 5, '?'), (1, 6, 5, 4), (0, 6, 5, 3), (6, 6, 5, 2), (0, 6, 5, 3), (0, 6, 5, 3)]"
"(10, 12, 12, 10, 0)","[(6, 6, 5, 1), (6, 6, 5, 6)]"
"(10, 12, 12, 12, 0)","[(3, 6, 5, 1)]"
"(10, 18, 10, 10, 0)","[('?', 6, 0, 5), (6, 6, 0, 3), (6, 6, 0, '?'), (5, 6, 0, '?'), (1, 6, 0, 3), (5, 6, 0, 3), (6, 6, 0, '?'), (6, 6, 0, '?'), (5, 6, 0, 1), ('?', 6, 0, '?'), (5, 6, 0, 5), (6, 6, 0, 2), (1, 6, 0, '?'), (3, 6, 0, '?'), (5, 6, 0, 7), (6, 6, 0, 1), (1, 6, 0, 1), (5, 6, 0, 3), (1, 6, 0, 1), ('?', 6, 0, 1), (5, 6, 0, 1), (2, 6, 0, 3), (1, 6, 0, '?'), (0, 6, 0, '?'), (3, 6, 0, 0), (6, 6, 0, 2), (5, 6, 0, 1), (3, 6, 0, 6), ('?', 6, 0, 2), (1, 6, 0, 3), (6, 6, 0, 2), (1, 6, 0, 7)]"
"(10, 18, 10, 18, 0)","[(5, 6, 0, 2), (4, 6, 0, 3), (1, 6, 0, 3), (6, 6, 0, 5), (6, 6, 0, 1), (6, 6, 0, 5)]"
"(10, 18, 18, 10, 0)","[(6, 6, 0, 3), (3, 6, 0, 6), (6, 6, 0, 2), (4, 6, 0, 1), (6, 6, 0, 1), (3, 6, 0, '?'), (0, 6, 0, 5), (0, 6, 0, 5)]"
"(10, 18, 18, 18, 0)","[(6, 6, 0, 5), (6, 6, 0, 1), (6, 6, 0, 5), (3, 6, 0, '?'), (6, 6, 0, 1)]"
"(10, 18, 23, 23, 0)","[(3, 2, 0, 1)]"
"(10, 21, 21, 21, 0)","[(3, '?', '?', 7)]"
"(10, 23, 1, 1, 0)","[(2, 2, '?', 6)]"
"(10, 23, 23, 23, 0)","[(1, 2, 0, 1), (4, 2, 0, 7), (7, 2, '?', 6), (4, 2, 0, 1), (1, 2, 6, 4), (7, 2, 0, 2), (5, 2, 0, '?'), (3, 2, 0, 0), (7, 2, 0, 7), (3, 2, '?', 5), (7, 2, '?', 4), (4, 2, 0, 1), (3, 2, '?', 5), (6, 2, '?', 1), (6, 2, 0, '?'), (7, 2, 0, '?'), (7, 2, '?', 5), (0, 2, '?', 2), (0, 2, '?', 5), (3, 2, '?', 4), (3, 2, '?', 0), (0, 2, 0, 3), (5, 2, '?', 4), (6, 2, '?', 2), ('?', 2, '?', '?'), (3, 2, 0, 6), (3, 2, 2, 3), (5, 2, '?', '?'), (7, 2, '?', '?'), (0, 2, '?', 2), ('?', 2, '?', 7), (3, 2, 0, '?'), (2, 2, 0, 0), (6, 2, '?', 2), (7, 2, 0, 4), (0, 2, 0, 3), (6, 2, 0, 6), ('?', 2, 0, 4), (7, 2, '?', 5), (4, 2, '?', '?'), (5, 2, '?', 1), (2, 2, '?', 2), (3, 2, 0, 1), (0, 2, 0, 1), (7, 2, 0, 5), (0, 2, 0, 0), (2, 2, '?', 7), (0, 2, '?', 0), ('?', 2, '?', 7), (6, 2, 0, 7), (2, 2, 0, 6), (5, 2, 2, 3), (5, 2, 0, 6), (1, 2, '?', 0), ('?', 2, '?', 1), (1, 2, '?', 0), (4, 2, 0, 1), (7, 2, 0, '?'), (5, 2, '?', 0), (3, 2, '?', 2), (7, 2, 0, 0), (7, 2, 0, 4), (7, 2, '?', 4), (0, 2, '?', 5), (1, 2, 6, 6), (0, 2, '?', 2), (2, 2, '?', 2), ('?', 2, 0, 1), (3, 2, 0, 1), (5, 2, '?', '?'), (3, 2, '?', 3), (6, 2, 0, 6), (6, 2, '?', 6), (4, 2, 0, 1), (6, 2, 0, 2), (3, 2, 0, 1), (7, 2, 0, 7), (6, 2, 0, 0), (0, 2, '?', 2), (5, 2, 0, 6), (4, 2, 0, 6), (4, 2, 0, '?'), (2, 2, '?', 0), (2, 2, '?', 2), (6, 2, 6, 1), (7, 2, '?', 6), (7, 2, 0, 4), (5, 2, '?', 0), (3, 2, '?', 1), ('?', 2, 0, 5), (6, 2, '?', '?'), (6, 2, '?', 4), (5, 2, '?', 1), (2, 2, 0, 1), (7, 2, '?', 2), (5, 2, 0, 6), (1, 2, 0, '?'), (6, 2, '?', 0), (6, 2, 6, 1), (0, 2, '?', 2), ('?', 2, '?', 6), (3, 2, '?', 6), (3, 2, 0, 6), (3, 2, 0, 5), (6, 2, '?', '?'), (7, 2, 0, 6), (3, 2, 0, 1), (0, 2, '?', 5), (0, 2, 0, 6), ('?', 2, 0, 4), (5, 2, '?', 5), (2, 2, 0, 0), (6, 2, '?', 4), (3, 2, '?', 4), (2, 2, 0, 4), (1, 2, '?', 6), ('?', 2, '?', 7), (4, 2, 0, '?'), (2, 2, '?', 6), (0, 2, '?', 0), (1, 2, '?', 5), (1, 2, '?', '?'), ('?', 2, 0, 5), (2, 2, 0, 5), (5, 2, 0, 5), (2, 2, '?', 4), (4, 2, '?', 6), (7, 2, 0, 7), (3, 2, '?', 6), (2, 2, '?', 7), (4, 2, '?', 0), (4, 2, '?', 5), ('?', 2, '?', 6), (5, 2, 0, 0), (0, 2, '?', 0), (1, 2, '?', 4), (5, 2, 0, 5), ('?', 2, '?', 2), ('?', 2, 0, '?'), (5, 2, '?', 2), (7, 2, 0, 2), (6, 2, 0, 6), (0, 2, '?', 2), (5, 2, '?', '?'), ('?', 2, 0, 7), (4, 2, 0, '?'), (7, 2, '?', 7), (7, 2, '?', 5), (7, 2, '?', 1), (6, 2, 0, '?'), (1, 2, 0, '?'), (0, 2, 0, 2), (5, 2, 0, 0), (2, 2, '?', 0), (7, 2, 0, '?'), (7, 2, 0, 6), (1, 2, 2, 6), (7, 2, '?', 1), (4, 2, 0, 6), (5, 2, '?', 1), (6, 2, 0, 2), (6, 2, 0, 2), (3, 2, 0, 0), (1, 2, 0, 2), (7, 2, '?', 2), (2, 2, 0, 5), (3, 2, 0, '?'), (5, 2, '?', 7), (6, 2, 0, '?'), ('?', 2, '?', '?'), (4, 2, '?', 6), ('?', 2, 0, '?'), (7, 2, '?', 2), (0, 2, '?', 0), ('?', 2, 0, 1), (3, 2, 0, 0), (6, 2, 0, 1), (7, 2, '?', 2), (5, 2, 0, '?'), (5, 2, 0, '?'), (3, 2, 0, '?'), (3, 2, '?', 7), (3, 2, '?', '?'), (2, 2, '?', 0), (1, 2, 6, 3), (1, 2, '?', 5), (6, 2, 0, 1), ('?', 2, '?', 3), (0, 2, 0, 6), (7, 2, '?', 5), (3, 2, '?', 5), (7, 2, '?', 1), ('?', 2, '?', 2), (3, 2, '?', 0), (2, 2, '?', 4), (1, 2, '?', 0), (2, 2, '?', 7), (4, 2, '?', 2), (3, 2, '?', '?'), (6, 2, 0, 6), ('?', 2, '?', '?'), (6, 2, '?', 2), (6, 2, 0, 6), (7, 2, '?', 3), (3, 2, '?', 7), ('?', 2, '?', 4), (3, 2, '?', 4), (7, 2, 0, 0), (6, 2, 0, 3), (1, 2, 2, 6), (1, 2, 0, 2), (5, 2, '?', 2), (7, 2, '?', 4), (0, 2, 0, 0), (2, 2, 0, 3), (0, 2, '?', 5), ('?', 2, 0, 0), (7, 2, 0, 1), (3, 2, '?', 3), ('?', 2, 0, '?'), ('?', 2, 0, 6), (1, 2, '?', 6), (3, 2, '?', 0), (2, 2, '?', 5), (0, 2, 2, 6), (7, 2, '?', '?'), (6, 2, 0, '?'), (7, 2, '?', 6), (5, 2, '?', 6), (0, 2, '?', 3), (5, 2, '?', 6), (0, 2, 0, '?'), (7, 2, 2, 3), (2, 2, 0, 4), (5, 2, 0, 1), (3, 2, '?', 2), (7, 2, 0, '?'), (0, 2, '?', 5), ('?', 2, '?', 6), (3, 2, 0, 0), (7, 2, 5, 1), (2, 2, 0, 1), ('?', 2, '?', 3), (7, 2, 0, 4), (3, 2, 0, 0), (6, 2, '?', 1), (2, 2, 0, 6), (6, 2, '?', 6), ('?', 2, 0, 5), (7, 2, '?', 6), (1, 2, '?', '?'), (4, 2, 0, 7), (3, 2, '?', 4), (3, 2, '?', 0), (4, 2, '?', 1), ('?', 2, '?', 7), (6, 2, '?', 4), (3, 2, '?', 7), ('?', 2, 6, 6), (4, 2, 0, 7), (1, 2, 0, 3), (6, 2, '?', 6), (4, 2, 0, 3), (2, 2, 0, 0), (3, 2, '?', 3), (5, 2, 0, 0), ('?', 2, '?', 4), ('?', 2, 0, '?'), (7, 2, '?', '?'), (7, 2, '?', 1), (5, 2, '?', 0), (5, 2, 2, 3), (0, 2, 5, 0), (5, 2, 2, 3), ('?', 2, 0, 3), (7, 2, 0, 0), (2, 2, '?', 6), (7, 2, 0, 6), (5, 2, 0, 4), (0, 2, '?', 3), (6, 2, 0, 0), (6, 2, '?', '?'), ('?', 2, 0, 3), (1, 2, 0, 3), ('?', 2, 0, '?'), (3, 2, '?', 2), (6, 2, '?', 5), (4, 2, '?', 7), (2, 2, 0, 1), (7, 2, 0, 4), (3, 2, '?', 7), (7, 2, '?', 1), (1, 2, 0, 3), (0, 2, '?', 0), (5, 2, '?', 0), (0, 2, 0, 1), (1, 2, 0, '?'), (6, 2, 0, 1), (6, 2, '?', 2), (2, 2, 0, 0), (0, 2, '?', 3), (7, 2, '?', 6), (7, 2, '?', '?'), (3, 2, 6, 7), (3, 2, '?', 6), (7, 2, 0, 3), (5, 2, '?', 4), (2, 2, 0, 2), (2, 2, '?', 5), (1, 2, '?', 4), (6, 2, 6, 3), (2, 2, 0, 0), (6, 2, 0, 3), (0, 2, 0, 3), ('?', 2, '?', 4), (5, 2, 0, 6), (6, 2, 0, 0), (1, 2, 0, 2), (6, 2, '?', 0), (5, 2, 0, 5), ('?', 2, 0, 6), (3, 2, '?', 6), (5, 2, '?', 6), (6, 2, 0, 2), (6, 2, 0, 0), (5, 2, '?', 1), (0, 2, 0, 1), (1, 2, 0, 1), ('?', 2, 0, 5), (1, 2, 0, 1), (7, 2, 0, '?'), (7, 2, 0, 3), (6, 2, 0, 3), (3, 2, '?', 5), (5, 2, 0, 1), (2, 2, '?', 1), (7, 2, 0, '?'), (2, 2, '?', 1), (1, 2, '?', 0), (7, 2, '?', 2), (6, 2, '?', '?'), (5, 2, 0, 6), (5, 2, 0, '?'), (5, 2, 0, 0), (0, 2, '?', 3), (0, 2, '?', 0), (2, 2, '?', 1), (2, 2, '?', 2), (5, 2, 0, 4), (4, 2, 0, 6), (3, 2, 0, '?'), ('?', 2, 0, 0), (2, 2, '?', 2), (2, 2, 0, 1), (5, 2, 0, 6), (0, 2, '?', 0), (3, 2, '?', 0), (7, 2, 0, 3), (2, 2, 0, 1), ('?', 2, 0, 1), ('?', 2, '?', '?'), ('?', 2, 0, 4), (0, 2, 0, '?'), (5, 2, '?', 5), (2, 2, '?', 4), (3, 2, 0, 5), (3, 2, '?', 5), (0, 2, 0, 1), (5, 2, 0, '?'), (7, 2, '?', 2), (1, 2, 0, 1), ('?', 2, 0, 5), (5, 2, '?', 0), (4, 2, '?', '?'), (4, 2, 0, 3), (7, 2, 0, 0), ('?', 2, '?', 1), (6, 2, 0, 0), (5, 2, '?', 7), (0, 2, 0, 0), (7, 2, 0, 2), (3, 2, '?', 2), (5, 2, '?', 3), (7, 2, '?', 1), ('?', 2, 0, 1), ('?', 2, '?', 7), (6, 2, '?', 5), (7, 2, 0, 2), (3, 2, 0, '?'), (4, 2, 3, 2), (3, 2, 0, '?'), (4, 2, 3, 2), (2, 2, 0, 1), ('?', 2, '?', 2), (3, 2, '?', '?'), (3, 2, '?', '?'), (5, 2, '?', '?'), (2, 2, 0, 4), (6, 2, '?', 2), (1, 2, '?', 4), ('?', 2, 0, '?'), (4, 2, '?', 7), (2, 2, 0, 5), (5, 2, '?', '?'), (3, 2, '?', 2), (1, 2, 2, 3), (6, 2, 0, 6), ('?', 2, '?', 6), (6, 2, '?', 2), (2, 2, '?', 0), (1, 2, '?', 4), ('?', 2, 0, 6), (7, 2, 0, 6), (1, 2, 0, 7), (7, 2, '?', '?'), (6, 2, 0, 7), (5, 2, '?', 3), (1, 2, 0, 3), (2, 2, '?', 2), (3, 2, 0, 0), (4, 2, '?', 6), (2, 2, 0, 7), (7, 2, '?', 5), (1, 2, 0, '?'), (7, 2, '?', '?'), (1, 2, '?', 0), (3, 2, '?', 0), (3, 2, '?', 2), (3, 2, 0, 6), (3, 2, '?', 3), (4, 2, 0, 3), (0, 2, 0, 3), ('?', 2, 0, '?'), (7, 2, '?', 7), (2, 2, 0, 4), (7, 2, 0, 4), ('?', 2, '?', 2), (3, 2, '?', 5), (7, 2, 0, 7), (6, 2, '?', 1), (0, 2, '?', 5), (4, 2, 0, 7), (6, 2, 0, 7), (2, 2, '?', 7), (3, 2, '?', 3), (3, 2, 0, 1), ('?', 2, '?', '?'), (2, 2, 0, 5), (0, 2, 0, '?'), (1, 2, 0, 2), (7, 2, '?', 6), (0, 2, 0, '?'), (2, 2, 0, 5), ('?', 2, 0, 6), ('?', 2, 0, 6), (2, 2, '?', 7), (3, 2, 0, '?'), (1, 2, 5, 3), (2, 2, '?', 6), ('?', 2, '?', 3), (2, 2, '?', 1), (2, 2, 0, '?'), ('?', 2, '?', 1), (5, 2, '?', 6), ('?', 2, '?', 4), (0, 2, 0, 6), (7, 2, '?', 3), (6, 2, '?', 5), (7, 2, '?', 6), (2, 2, 0, 5), (4, 2, 6, 4), (2, 2, 0, 0), (1, 2, 0, 3), (3, 2, 0, 1), (2, 2, 0, 6), (2, 2, '?', 7), (1, 2, '?', 6), (1, 2, 0, 3), (3, 2, 0, 1), (0, 2, 4, 4), (0, 2, 0, 6), ('?', 2, 0, 1), (4, 2, '?', 2), (7, 2, 0, 0), (6, 2, '?', '?'), (7, 2, 2, 3), (1, 2, 2, 3), (4, 2, '?', 7), (4, 2, 6, 4), (6, 2, 6, 3), (6, 2, '?', 1), (3, 2, 0, 6), ('?', 2, 0, 7), (4, 2, '?', 1), ('?', 2, 0, 3), (5, 2, '?', 4), (6, 2, 0, '?'), (1, 2, 0, '?'), ('?', 2, 0, 4), ('?', 2, '?', 1), (5, 2, '?', '?'), (3, 2, 0, 5), (2, 2, 0, 1), ('?', 2, 0, 2), (7, 2, 0, 7), (6, 2, '?', 6), (4, 2, '?', 7), (7, 2, 0, 0), (7, 2, '?', 7), ('?', 2, '?', 6), (2, 2, '?', 1), (7, 2, 0, 3), (3, 2, '?', 7), (2, 2, 0, 3), (3, 2, 0, 0), (5, 2, '?', 6), (2, 2, '?', 5), (2, 2, 0, 4), (3, 2, '?', 6), (3, 2, '?', 0), (5, 2, 0, 4), (3, 2, '?', 2), (2, 2, '?', 1), (5, 2, '?', '?'), (1, 2, 0, 3), (3, 2, '?', 0), (3, 2, 0, 6), (0, 2, '?', 0), (2, 2, 0, 6), (4, 2, '?', 2), (3, 2, '?', 3), (6, 2, 0, 3), (6, 2, '?', '?'), (6, 2, '?', '?'), (0, 2, 0, 3), (6, 2, 0, 2), ('?', 2, '?', 7), (7, 2, '?', 3), ('?', 2, '?', 1), (3, 2, '?', 5), ('?', 2, 0, 7), ('?', 2, '?', 3), (6, 2, '?', 2), ('?', 2, '?', 1), (7, 2, 0, '?'), (7, 2, '?', 6), (7, 2, 0, 7), (6, 2, 0, 1), (7, 2, '?', 6), ('?', 2, 0, 6), (0, 2, '?', 0), (3, 2, '?', 1), (3, 2, '?', 2), (3, 2, 0, 0), ('?', 2, 0, 3), (5, 2, 0, 5), (7, 2, 0, 3), (2, 2, '?', 1), (3, 2, '?', 1), (5, 2, 0, 0), (5, 2, 0, '?'), (0, 2, 0, 6), (5, 2, '?', 2), (6, 2, 4, 5), (2, 2, 0, 4), (0, 2, 0, '?'), (2, 2, '?', 1), (3, 2, '?', 3), ('?', 2, '?', 2), (1, 2, '?', 0), (3, 2, 0, 1), (2, 2, 0, 3), (0, 2, '?', 3), ('?', 2, 0, 0), (6, 2, 0, 3), (7, 2, '?', 4), (7, 2, '?', 1), (3, 2, '?', 3), (4, 2, '?', 5), ('?', 2, 0, 3), (0, 2, 0, 1), (1, 2, '?', 6), (3, 2, '?', 6), ('?', 2, 0, 6), ('?', 2, 0, 0), ('?', 2, 0, 4), (4, 2, '?', 6), (5, 2, '?', 1), (4, 2, 0, 1), (4, 2, '?', 0), (1, 2, 0, 1), (6, 2, '?', '?'), (5, 2, '?', 5), (5, 2, '?', 1), (3, 2, 0, 5), (6, 2, 0, '?'), (7, 2, 0, 4), (1, 2, '?', 4), (6, 2, 0, 3), (5, 2, 4, 0), (2, 2, 0, 1), (4, 2, 0, '?'), ('?', 2, '?', '?'), ('?', 2, '?', 3), (7, 2, 0, 0), ('?', 2, '?', 1), (7, 2, '?', 7), (0, 2, 0, 0), (6, 2, 0, '?'), (0, 2, '?', 0), (7, 2, '?', 7), (7, 2, '?', 5), (3, 2, 0, 0), (0, 2, '?', 3), (2, 2, '?', 4), (2, 2, 0, 3), (1, 2, 0, '?'), (5, 2, 0, 0), (1, 2, 0, '?'), (3, 2, 0, '?'), (2, 2, '?', 7), (2, 2, '?', 2), (4, 2, '?', 7), (4, 2, '?', 0), (7, 2, 0, 0), (5, 2, '?', 3), (3, 2, 6, 7), (1, 2, 0, '?'), (2, 2, '?', 0), (5, 2, '?', 2), (4, 2, '?', 0), (4, 2, 0, 7), (2, 2, 0, '?'), (7, 2, 0, 6), (4, 2, '?', 1), (6, 2, '?', 1), (6, 2, 0, 6), (7, 2, '?', 2), (5, 2, 0, 0), ('?', 2, '?', 2), (2, 2, '?', 5), (7, 2, 0, 5), (0, 2, 0, 3), (7, 2, '?', '?'), (3, 2, '?', 4), ('?', 2, 0, 3), (6, 2, '?', 1), (5, 2, 0, '?'), ('?', 2, '?', '?'), (7, 2, '?', 3), (5, 2, '?', 7), ('?', 2, 0, 0), (0, 2, '?', 2), (7, 2, 5, 1), (2, 2, '?', 5), (3, 2, '?', '?'), (1, 2, 2, 3), (7, 2, 0, '?'), (3, 2, '?', 6), (6, 2, 0, 3), (3, 2, 0, 6), (7, 2, '?', 5), (7, 2, '?', 6), (3, 2, 0, 6), (1, 2, 0, '?'), (5, 2, '?', 6), (7, 2, 0, 2), (0, 2, '?', 3), (2, 2, 0, 0), ('?', 2, 0, 5), (2, 2, 0, 3), ('?', 2, '?', 7), ('?', 2, '?', 7), (7, 2, '?', 1), (5, 2, 2, 3), ('?', 2, 0, 4), (3, 2, '?', 2), (1, 2, 0, 1), (3, 2, '?', 7), (0, 2, '?', 2), ('?', 2, 0, 1), (7, 2, '?', 4), ('?', 2, '?', 1), (7, 2, '?', 4), ('?', 2, '?', 3), (0, 2, 0, 2), (6, 2, '?', 5), (0, 2, 0, 6), (5, 2, 0, 1), ('?', 2, 0, '?'), (0, 2, 0, 0), (3, 2, '?', 6), (0, 2, 0, '?'), (3, 2, 0, 6), (0, 2, '?', 3), (3, 2, '?', 2), ('?', 2, 0, 5), (3, 2, '?', 5), (2, 2, '?', 4), (7, 2, 0, 3), (3, 2, '?', 1), ('?', 2, '?', 1), (3, 2, 0, '?'), (1, 2, 0, 2), (0, 2, 0, 0), (7, 2, 0, 1), (3, 2, 0, 5), (6, 2, '?', 2), (4, 2, '?', 1), (5, 2, '?', 0), (2, 2, 0, 0), ('?', 2, '?', 4), (2, 2, '?', 0), (6, 2, 0, 0), ('?', 2, '?', 6), ('?', 2, '?', 7), (2, 2, '?', 2), (3, 2, '?', 0), (1, 2, 0, 1), (7, 2, 0, 6), ('?', 2, '?', 1), ('?', 2, '?', 4), (3, 2, '?', '?'), (6, 2, 0, '?'), (4, 2, 0, 3), (1, 2, 2, 6), (7, 2, '?', '?'), (7, 2, '?', 4), (4, 2, '?', 7), (5, 2, 0, 5), ('?', 2, '?', '?'), (5, 2, '?', 0), (5, 2, 0, 4)]"
"(10, 24, 10, 10, 0)","[(4, 6, 7, 5), (3, 6, 7, 0), (1, 6, 7, 1), (2, 6, 7, 3), (1, 6, 7, 1)]"
"(10, 24, 23, 24, 0)","[(5, 2, 7, 3)]"
"(10, 24, 24, 10, 0)","[(3, 2, 7, 3)]"
"(10, 24, 24, 24, 0)","[(2, 6, 7, 3)]"
"(11, 2, 2, 2, 0)","[(0, 4, 4, 4), (7, 4, 4, 7)]"
"(11, 2, 11, 2, 0)","[(5, 4, 4, 2), (6, 4, 4, 4)]"
"(11, 2, 11, 11, 0)","[(0, 4, 4, 2), (7, 4, 4, 1), (7, 4, 4, 7), (7, 4, 4, 1), ('?', 4, 4, 1)]"
"(11, 2, 20, 11, 0)","[(5, 4, 4, 2)]"
"(11, 2, 23, 2, 0)","[(5, 4, 4, 3)]"
"(11, 2, 23, 11, 0)","[(4, 4, 4, 1)]"
"(11, 5, 5, 5, 0)","[(4, 5, 4, 0), (6, 5, 4, 6), (4, 5, 4, 0), (4, 5, 4, 6), (6, 5, 4, 1), (4, 5, 4, 0), (5, 5, 4, 3), (4, 5, 4, 6), (5, 5, 4, 3), (4, 5, 4, '?')]"
"(11, 5, 5, 11, 0)","[(5, 5, 4, 3)]"
"(11, 5, 11, 11, 0)","[(5, 5, 4, 3)]"
"(11, 10, 10, 10, 0)","[(7, 6, 4, 4), (7, 6, 4, 4), (3, 6, 4, 6), (4, 6, 4, 3), (5, 6, 4, 6), (1, 6, 4, 7), (3, 6, 4, 5), (1, 6, 4, 0), (7, 6, 4, 3), (0, 6, 4, 5)]"
"(11, 10, 11, 11, 0)","[(1, 6, 4, 4)]"
"(11, 11, 2, 2, 0)","[('?', 4, 4, 6), (6, 4, 4, 3), (5, 4, 4, 6), (0, 4, 4, 4), (6, 4, 4, 2), (6, 4, 4, 2), (6, 4, 4, 2)]"
"(11, 11, 2, 11, 0)","[(4, 4, 4, 2), (4, 4, 4, 6), (6, 4, 4, 2), (1, 4, 4, 4), ('?', 4, 4, 2), (1, 4, 4, '?')]"
"(11, 11, 2, 23, 0)","[(4, 4, 4, 1)]"
"(11, 11, 5, 5, 0)","[(6, 5, 4, 3), (4, 5, 4, 1)]"
"(11, 11, 9, 10, 0)","[(1, 6, 4, 3)]"
"(11, 11, 10, 10, 0)","[(1, 6, 4, 2), ('?', 6, 4, 6), (1, 6, 4, '?'), (4, 6, 4, 1), (2, 6, 4, '?'), (6, 6, 4, 1), ('?', 6, 4, '?'), (4, 6, 4, 0), (6, 6, 4, 7), (4, 6, 4, 2), (4, 6, 4, 6), (3, 6, 4, 2), (7, 6, 4, 4), (4, 6, 4, 5), (4, 6, 4, 4), (5, 6, 4, 6), (4, 6, 4, 7), (4, 6, 4, 6), ('?', 6, 4, 1), (1, 6, 4, 0), ('?', 6, 4, 2), (3, 6, 4, 3), (4, 6, 4, 4), (4, 6, 4, 0), (6, 6, 4, 1), (1, 6, 4, 0), (1, 6, 4, 0), (6, 6, 4, '?'), (3, 6, 4, 4), ('?', 6, 4, 6), ('?', 6, 4, 4), ('?', 6, 4, '?'), (4, 6, 4, 0), ('?', 6, 4, '?'), (3, 6, 4, 3), ('?', 6, 4, 7), ('?', 6, 4, '?'), (2, 6, 4, 1), (4, 6, 4, 4), (4, 6, 4, 5), ('?', 6, 4, 5), (1, 6, 4, 0), ('?', 6, 4, 4), ('?', 6, 4, 5), (4, 6, 4, 4), (3, 6, 4, 6), (3, 6, 4, 5), ('?', 6, 4, '?'), (4, 6, 4, 0)]"
"(11, 11, 10, 11, 0)","[(1, 6, 4, 6), (3, 6, 4, 4), (3, 6, 4, 6), (3, 6, 4, 4), (1, 6, 4, 4), (7, 6, 4, 4), (1, 6, 4, 4), (3, 6, 4, 3), (3, 6, 4, 4), (1, 6, 4, '?'), (7, 6, 4, 4), (1, 6, 4, 6), (1, 6, 4, 6), (3, 6, 4, 3)]"
"(11, 11, 10, 20, 0)","[(4, 6, 4, 6)]"
"(11, 11, 11, 2, 0)","[(1, 4, 4, 6), (5, 4, 4, '?'), (6, 4, 4, 4), (7, 4, 4, 7), (6, 4, 4, 0), (5, 4, 4, 1), (6, 4, 4, 7), (6, 4, 4, 4), (5, 4, 4, 1)]"
"(11, 11, 11, 10, 0)","[(3, 6, 4, 4), ('?', 6, 4, 4), (1, 6, 4, 6), (1, 6, 4, 3), (2, 6, 4, 0), (6, 6, 4, 4), ('?', 6, 4, 4), (3, 6, 4, 6), (1, 6, 4, 3), (5, 7, 4, 3), (6, 6, 4, 4), (7, 7, 4, 7), (1, 6, 4, 0), (1, 6, 4, 2), (4, 6, 4, 2), (2, 6, 4, 0), ('?', 6, 4, 5), (4, 6, 4, 2), (5, 7, 4, 1), (6, 6, 4, 5), (2, 6, 4, 4), (4, 6, 4, 1), (4, 6, 4, 6), (1, 6, 4, '?'), (7, 6, 4, 4), (3, 6, 4, 4), (5, 6, 4, 6), (3, 6, 4, 4)]"
"(11, 11, 11, 11, 0)","[(0, 7, 4, '?'), (5, '?', 4, 0), (4, 6, 4, 6), ('?', '?', 4, 0), (4, 7, 4, '?'), (1, 7, 4, 0), (7, 3, 4, 6), ('?', 7, 4, 3), (4, 7, 4, 7), (2, 0, 4, 4), (4, '?', 4, 0), (3, 1, 4, 0), ('?', 1, 4, 0), (4, 1, 4, 2), (6, 3, 4, 4), (7, 3, 4, 4), (6, 1, 4, '?'), (0, 3, 4, '?'), ('?', 1, 4, 3), (5, '?', 4, '?'), (4, '?', 4, '?'), (4, 1, 4, 2), (1, 6, 4, 4), (1, '?', 4, 2), (6, 2, 4, 6), (4, '?', 4, 0), (1, '?', 4, 1), (0, 7, 4, 1), (6, '?', 4, 5), (7, '?', 4, 1), (5, '?', 4, 0), (2, 3, 4, 4), (2, 6, 4, 6), (6, '?', 4, 2), (6, 2, 4, '?'), (2, 1, 4, 0), (0, 1, 4, 5), (2, 1, 4, 1), (4, 1, 4, 4), (6, '?', 4, 7), (7, '?', 4, 2), (0, 7, 4, 6), (3, 2, 4, 4), (6, 1, 4, 7), (6, 2, 4, '?'), (4, 1, 4, 0), ('?', 7, 4, 4), ('?', '?', 4, 2), (6, '?', 4, 7), (4, 4, 4, 2), (3, '?', 4, 3), (6, 7, 4, 0), (5, 0, 4, 2), ('?', 7, 4, 3), (1, 1, 4, 6), (5, 3, 4, 3), (2, 1, 4, 4), (4, 4, 4, 2), (4, 3, 4, 6), (6, 7, 4, 4), (6, '?', 4, 7), ('?', '?', 4, '?'), (1, 6, 4, 3), (3, '?', 4, 6), (1, '?', 4, 2), (4, 7, 4, 6), (6, 6, 4, 4), (3, 1, 4, '?'), (2, 0, 4, 2), (7, 4, 4, 7), (3, '?', 4, 3), (6, 7, 4, 6), (4, '?', 4, 3), (3, 7, 4, 6), (0, 7, 4, 6), (4, 1, 4, 7), (4, 7, 4, 7), (6, 7, 4, 6), (2, 0, 4, 4), (3, '?', 4, 6), (4, 3, 4, 7), (6, 7, 4, 3), (4, 1, 4, 5), (3, '?', 4, 0), (7, 7, 4, '?'), (1, 4, 4, 0), ('?', 1, 4, 6), (3, 1, 4, 2), (2, 7, 4, 5), (7, 3, 4, 6), ('?', '?', 4, 6), (3, 3, 4, 2), (6, 3, 4, 1), (2, 1, 4, 0), (1, 7, 4, '?'), (6, 7, 4, 6), (7, 7, 4, 3), (6, 3, 4, 0), (6, '?', 4, 3), (0, '?', 4, 0), (3, 7, 4, 4), (3, '?', 4, 4), (3, 1, 4, 5), (2, 3, 4, '?'), (4, 1, 4, '?'), (6, 3, 4, 1), (3, 7, 4, 3), (2, '?', 4, 0), ('?', 6, 4, '?'), (6, 3, 4, 0), ('?', 4, 4, 6), (6, 7, 4, 3), (4, 3, 4, 0), (7, 7, 4, 3), (7, 4, 4, 1), (4, 3, 4, 0), ('?', '?', 4, 1), (4, 3, 4, 3), (4, 3, 4, 4), (4, 1, 4, 2), (2, 7, 4, 0), (3, 7, 4, 3), (2, 7, 4, 6), (1, 1, 4, 3), (1, 4, 4, 3), (7, '?', 4, 1), (4, 7, 4, 3), (6, 3, 4, 4), (3, '?', 4, 0), (3, '?', 4, '?'), (6, '?', 4, 6), (0, '?', 4, 6), (5, '?', 4, 5), (2, 2, 4, 2), (4, 4, 4, 4), (6, 7, 4, '?'), (6, 6, 4, 6), (3, 1, 4, 0), (3, 1, 4, 4), (7, 3, 4, 7), (3, '?', 4, 5), ('?', 1, 4, '?'), (1, 1, 4, 1), (4, 6, 4, 1), (2, '?', 4, 6), (2, 1, 4, 3), (4, 1, 4, 5), (3, 1, 4, 5), (4, 4, 4, 4), ('?', '?', 4, 1), (4, 7, 4, 2), ('?', 3, 4, 6), (6, 1, 4, 5), (3, 1, 4, 3), (1, '?', 4, 0), (1, 1, 4, 4), (2, '?', 4, 0), (4, 7, 4, 6), (3, 7, 4, 1), (3, 1, 4, 0), (1, '?', 4, 1), (7, 7, 4, 0), ('?', '?', 4, 2), ('?', 3, 4, 6), ('?', 4, 4, 6), (4, 7, 4, 4), (4, '?', 4, 2), ('?', 4, 4, 6), (6, 2, 4, 4), ('?', 3, 4, 5), (6, 7, 4, 3), (5, 7, 4, 6), (5, 7, 4, 6), (6, 6, 4, 0), (6, '?', 4, 6), (6, '?', 4, 3), (5, 3, 4, 2), (1, 3, 4, 1), ('?', 7, 4, 6), (0, 7, 4, 6), ('?', '?', 4, 6), (6, 1, 4, 6), (6, 3, 4, 1), (2, 1, 4, 0), (6, 6, 4, 6), (4, 3, 4, 3), (2, 6, 4, 6), (4, 7, 4, 6), (6, 1, 4, 4), (0, 3, 4, 1), (3, '?', 4, 3), (2, 3, 4, '?'), (7, 3, 4, 1), (3, 7, 4, 3), (7, '?', 4, 4), (2, '?', 4, 4), (2, 1, 4, 0), (7, '?', 4, 0), (2, 1, 4, 0), (7, 7, 4, 3), (4, 4, 4, 2), (4, 3, 4, 7), ('?', 1, 4, 3), (2, 1, 4, 7), (5, '?', 4, 0), (1, 3, 4, 3), (2, 7, 4, '?'), ('?', 7, 4, 5), (1, 1, 4, 2), (1, 4, 4, 2), (4, 7, 4, 6), ('?', 7, 4, 2), (4, 7, 4, 4), (6, '?', 4, 3), (2, '?', 4, 6), (3, 3, 4, 2), (1, 4, 4, 0), (4, 7, 4, 3), (0, 7, 4, 5), (7, 1, 4, 7), (4, 3, 4, 3), (1, 7, 4, 0), ('?', '?', 4, '?'), (6, 3, 4, '?'), (0, 3, 4, 1), (1, 1, 4, 2), (1, 1, 4, 7), (6, 1, 4, '?'), (1, 1, 4, 5), ('?', 3, 4, 3), (0, 3, 4, 1), (3, '?', 4, 3), (2, 7, 4, 3), (1, '?', 4, 0), (2, 7, 4, '?'), (3, 1, 4, '?'), ('?', 3, 4, 3), (4, 3, 4, 7), (2, 2, 4, 0), ('?', 1, 4, 6), (2, 7, 4, '?'), ('?', 7, 4, 5), (5, '?', 4, 2), (1, 1, 4, 3), (6, '?', 4, 5), (7, '?', 4, 0), (5, 0, 4, 1), (7, 7, 4, 7), (4, 3, 4, 5), ('?', 3, 4, 3), (2, 1, 4, 3), (2, 3, 4, 6), (1, 7, 4, 6), (3, 1, 4, 0), (1, 1, 4, 5), (6, 4, 4, 6), (2, '?', 4, 0), (7, '?', 4, 4), (0, 1, 4, 3), (7, '?', 4, 6), (7, '?', 4, 7), (6, 1, 4, 3), ('?', 7, 4, 6), (2, '?', 4, 2), (4, 4, 4, 4), ('?', 7, 4, 6), (6, '?', 4, '?'), (1, 6, 4, 4), (2, 7, 4, 2), (0, '?', 4, 4), (4, 7, 4, '?'), ('?', 7, 4, 3), (7, 3, 4, 0), (5, 1, 4, 4), (7, 4, 4, 1), (4, 7, 4, 0), (6, 1, 4, 5), (1, 1, 4, 6), (0, 3, 4, 0), (6, 7, 4, 6), (1, '?', 4, 4), (6, 6, 4, '?'), (4, 7, 4, 5), (0, 3, 4, 6), (2, '?', 4, 5), (3, 1, 4, 0), (4, 1, 4, 0), (3, '?', 4, '?'), (6, 7, 4, 4), (0, 3, 4, '?'), ('?', '?', 4, 6), ('?', 7, 4, 3), (7, 7, 4, 7), (5, 1, 4, 3), (2, 7, 4, 5), (1, 1, 4, 7), (4, 7, 4, 2), (1, '?', 4, 5), (6, '?', 4, 7), (6, 3, 4, '?'), (5, 7, 4, 1), (6, 1, 4, 1), (6, 1, 4, '?'), (3, '?', 4, 2), (5, 3, 4, '?'), (7, 3, 4, 1), (1, 1, 4, 5), (6, 7, 4, 1), (1, 3, 4, 3), (2, 2, 4, 0), (4, 1, 4, 7), (1, 1, 4, 3), (6, 7, 4, 0), (5, '?', 4, 1), (3, 7, 4, 1), (4, 3, 4, 3), (6, '?', 4, 3), ('?', 1, 4, 6), ('?', 7, 4, 3), ('?', 7, 4, 4), (1, '?', 4, 7), (1, '?', 4, 1), (3, 1, 4, 3), (3, 1, 4, '?'), (7, 7, 4, 3), (1, 1, 4, 7), (4, '?', 4, '?'), (2, '?', 4, 6), (0, 1, 4, 0), (4, 7, 4, 4), ('?', 7, 4, 6), (5, '?', 4, '?'), (6, '?', 4, 6), ('?', 7, 4, 6), (2, 7, 4, 3), (7, 3, 4, '?'), (1, 1, 4, 3), ('?', 1, 4, 7), (3, 1, 4, 4), (5, 3, 4, 2), (4, 1, 4, 2), (1, '?', 4, 7), (7, '?', 4, '?'), (4, 3, 4, 2), (6, 3, 4, 6), ('?', 2, 4, 6), (4, 3, 4, 4), (2, 0, 4, 0), ('?', 7, 4, 2), (1, '?', 4, 0), ('?', 7, 4, 4), (7, '?', 4, 5), (6, 1, 4, 6), (4, 3, 4, 3), (2, 2, 4, 6), (6, '?', 4, '?'), (0, 7, 4, 0), (2, '?', 4, 1), (4, 7, 4, '?'), (7, 3, 4, 1), (3, 1, 4, 0), (7, '?', 4, 6), (7, '?', 4, 0), (1, 6, 4, 3), (6, 2, 4, 4), (0, '?', 4, '?'), (1, 7, 4, 7), (3, '?', 4, 1), ('?', 1, 4, 5), (2, 2, 4, 4), (4, 4, 4, 3), (4, 4, 4, 4), (6, 1, 4, 3), (3, '?', 4, 1), (7, 3, 4, '?'), (6, 1, 4, 3), (4, 3, 4, 7), (1, '?', 4, 0), (4, 7, 4, 3), (3, 3, 4, 2), (6, 3, 4, 6), (4, '?', 4, 6), (2, '?', 4, 2), (2, 7, 4, 5), (7, 3, 4, 6), (1, 6, 4, 6), (0, '?', 4, 3), (5, '?', 4, 0), (4, 4, 4, 6), (1, 1, 4, 3), (6, 2, 4, 4), ('?', '?', 4, 3), (0, 7, 4, 5), (1, 4, 4, 2), (6, 3, 4, 6), (5, 3, 4, 3), (3, '?', 4, '?'), (5, 1, 4, 4), (6, 1, 4, 0), (1, '?', 4, 7), (0, 3, 4, 0), (6, 4, 4, 6), (3, '?', 4, 2), (4, 0, 4, '?'), (2, 1, 4, 3), (7, 7, 4, 7), (1, 7, 4, 2), (4, 1, 4, 7), (0, 7, 4, '?'), (6, 7, 4, 4), (5, '?', 4, 5), (6, '?', 4, '?'), (1, 1, 4, '?'), (4, 7, 4, 0), (3, 7, 4, 3), (4, 3, 4, '?'), (5, 1, 4, 5), (4, 3, 4, 0), (2, '?', 4, 1), (1, '?', 4, 5), (4, 1, 4, 2), (3, 7, 4, 6), (4, 1, 4, 7), (4, 7, 4, 0), (6, 4, 4, 1), (7, 1, 4, '?'), (3, 7, 4, 6), (6, 3, 4, 0), (1, 1, 4, 5), (0, 3, 4, 2), ('?', 1, 4, 6), (7, '?', 4, 6), ('?', 1, 4, 0), (7, '?', 4, 5), (2, 1, 4, 7), (1, 4, 4, 0), (3, 1, 4, 3), (6, 3, 4, 0), (6, '?', 4, 1), (4, 7, 4, 3), (5, 1, 4, 3), (3, 7, 4, 2), (2, 0, 4, 7), (4, 1, 4, 5), ('?', 7, 4, 4), (7, 7, 4, 6), (5, 0, 4, 0), (1, 1, 4, 6), ('?', '?', 4, 3), ('?', 4, 4, 6), (3, '?', 4, '?'), (0, 3, 4, 2), (2, 6, 4, 4), (7, 3, 4, 2), ('?', 7, 4, 2), (4, 3, 4, 5), (7, '?', 4, '?'), (6, 4, 4, 6), (1, '?', 4, 5), (1, '?', 4, 4), (6, 3, 4, '?'), (2, 7, 4, 4), (2, 7, 4, 3), (3, '?', 4, 2), (6, '?', 4, 2), (2, 7, 4, 3), (4, 3, 4, 3), (3, 7, 4, 6), (4, '?', 4, '?'), (2, '?', 4, 2), (2, 1, 4, 3), (3, '?', 4, 4), (6, 3, 4, '?'), (3, 1, 4, '?'), (1, '?', 4, 4), (2, 1, 4, 5), (1, '?', 4, 2), (4, '?', 4, 3), ('?', 7, 4, 6), (5, 3, 4, 0), ('?', 1, 4, '?'), ('?', '?', 4, 1), (7, 7, 4, 6), (6, 7, 4, '?'), ('?', '?', 4, 5), (3, 7, 4, 3), (4, 7, 4, 1), (6, '?', 4, 7), (4, '?', 4, '?'), (3, '?', 4, 0), (7, '?', 4, 1), ('?', '?', 4, 0), (2, 1, 4, 3), (4, 7, 4, 7), (1, 1, 4, 2), (6, 1, 4, 1), (7, 7, 4, 0), (1, 6, 4, 3), (6, 1, 4, 0), (5, 4, 4, 1), (1, 4, 4, 6), (3, 1, 4, 2), (6, 1, 4, '?'), (1, 2, 4, 0), (4, 3, 4, '?'), (7, 3, 4, 7), (2, 7, 4, 4), ('?', '?', 4, 3), (6, 7, 4, 0), (4, 1, 4, 2), (0, 7, 4, 4), (5, 3, 4, '?'), ('?', '?', 4, 2), (1, 1, 4, 2), (0, 1, 4, '?'), (0, 3, 4, 3), ('?', '?', 4, 0), (6, 4, 4, 1), ('?', 6, 4, 5), ('?', 1, 4, 0), (5, 3, 4, '?'), (4, '?', 4, 4), (6, 2, 4, '?'), (6, 1, 4, 4), (5, 4, 4, 1), (2, 2, 4, '?'), (6, 2, 4, 5), (5, '?', 4, 4), (4, 6, 4, 1), (1, 2, 4, '?'), (4, '?', 4, '?'), (2, 7, 4, 6), (0, 7, 4, 6), (3, 7, 4, 4), (2, 0, 4, 3), (1, 1, 4, 5), (2, '?', 4, 5), (6, 3, 4, 1), (5, 4, 4, 6), (6, 4, 4, 0), (6, 0, 4, 6), (1, '?', 4, 4), (1, '?', 4, 5), (1, 1, 4, 1), (4, 1, 4, 5), (5, '?', 4, 6), (0, '?', 4, 5), (2, 0, 4, 2), (0, 7, 4, '?'), (0, 1, 4, '?'), (7, '?', 4, 7), (4, '?', 4, 5), (1, 4, 4, 6), (5, '?', 4, 1), ('?', '?', 4, 0), (7, '?', 4, '?'), (7, 3, 4, 2), (4, '?', 4, 5), ('?', 7, 4, 5), (1, 4, 4, 2), (0, '?', 4, 7), (2, 3, 4, 4), ('?', 1, 4, 5), (5, 0, 4, 2), (2, '?', 4, '?'), (1, 1, 4, 2), (1, 7, 4, '?'), (6, 7, 4, '?'), (6, 1, 4, 0), (2, 1, 4, 5), (7, 1, 4, '?'), ('?', 1, 4, '?'), (3, 2, 4, 4), (4, 1, 4, 3), (6, 1, 4, 5), (4, 4, 4, 1), (4, 1, 4, 3), (2, 3, 4, 4), (1, 1, 4, 1), (6, 6, 4, 0), (5, 1, 4, 3), (1, '?', 4, 4), (2, 7, 4, 6), (6, 1, 4, 6), (2, 1, 4, 3), (2, 1, 4, 1), (4, 7, 4, 0), (2, 6, 4, 4), (2, '?', 4, 4), ('?', 1, 4, 5), (3, 7, 4, 3), (0, 1, 4, 0), (7, 7, 4, 6), ('?', '?', 4, 2), (4, 7, 4, 1), (0, 7, 4, 6), (5, '?', 4, 1), (1, 6, 4, 3), (2, 0, 4, 1), ('?', 1, 4, 1), (1, 3, 4, 1), (1, 1, 4, 1), ('?', '?', 4, 3), (4, 7, 4, 5), (7, 7, 4, 4), (4, 3, 4, 4), (7, '?', 4, 7), (1, 2, 4, 0), (7, '?', 4, 4), (6, 4, 4, 1), (1, '?', 4, 2), (6, 7, 4, 0), (1, '?', 4, 7), (2, 6, 4, 3), (7, 3, 4, 6), (2, '?', 4, 5), (7, 3, 4, 0), (1, 1, 4, 3), (5, 4, 4, 6), (4, 3, 4, 2), (6, 0, 4, 6), (6, '?', 4, 3), (2, 7, 4, 2), (1, '?', 4, 3), (0, 3, 4, 2), (6, 3, 4, 0), (1, '?', 4, 4), (6, 3, 4, '?'), (2, 1, 4, 1), (6, 3, 4, 6), (6, 2, 4, 0), (4, 3, 4, 2), ('?', 1, 4, 7), (7, '?', 4, 7), (4, 7, 4, 5), (2, 6, 4, 6), (4, 1, 4, '?'), (5, '?', 4, 0), (4, 0, 4, 4), (2, 0, 4, 3), (1, 2, 4, 0), (1, 2, 4, 0), (0, '?', 4, 5), (2, 3, 4, 6), (4, 7, 4, 6), (6, 7, 4, 7), ('?', 1, 4, 3), (5, '?', 4, 2), (2, '?', 4, 6), (2, '?', 4, '?'), (2, 6, 4, 6), (3, '?', 4, 1), (2, 2, 4, 4), (6, '?', 4, 7), (5, 3, 4, 0), (6, 1, 4, 0), (5, 7, 4, 6), (0, 1, 4, '?'), (2, 3, 4, '?'), (4, 3, 4, 2), (7, '?', 4, 1), (2, 1, 4, 1), (0, '?', 4, '?'), (4, '?', 4, 6), (4, 7, 4, 2), (5, 7, 4, 6), ('?', 2, 4, '?'), (4, 7, 4, 4), (4, 3, 4, 0), ('?', 7, 4, 6), (2, 2, 4, 0), (6, 7, 4, 7), (6, 7, 4, 4), (6, 7, 4, 6), ('?', '?', 4, 1), (2, 1, 4, 5), (3, 7, 4, 1), (3, '?', 4, 1), ('?', 7, 4, 6), (5, 1, 4, 7), ('?', '?', 4, 0), (0, '?', 4, 1), (1, 4, 4, 7), (1, 1, 4, 4), (6, '?', 4, 7), (7, 3, 4, 0), (2, 3, 4, 6), (4, 1, 4, 0), (2, 1, 4, 5), (5, '?', 4, 2), (1, 7, 4, 7), (6, 6, 4, '?'), (4, 7, 4, 7), (4, 7, 4, 5), (2, '?', 4, 4), (6, 1, 4, 0), (4, 3, 4, 6), (3, 1, 4, '?'), (4, 3, 4, 4), (0, '?', 4, 1), (3, 7, 4, '?'), (2, '?', 4, 3), (6, 1, 4, 5), (0, 1, 4, 3), (3, '?', 4, 6), (2, '?', 4, 0), (6, 6, 4, '?'), (3, 1, 4, 4), (2, 3, 4, 2), (6, 3, 4, 4), (2, 7, 4, 4), (3, 7, 4, 6), (2, 3, 4, '?'), (2, '?', 4, 4), (6, '?', 4, '?'), (4, 3, 4, 6), (6, 7, 4, 1), (1, 1, 4, '?'), (3, 1, 4, 0), (3, 1, 4, 3), ('?', 3, 4, 0), (4, 7, 4, 3), (1, 6, 4, '?'), (2, 7, 4, 6), (2, 7, 4, 2), (2, 1, 4, 0), ('?', 3, 4, 7), (1, 1, 4, 6), ('?', 6, 4, 4), (6, 4, 4, 6), (1, 1, 4, 3), (1, 6, 4, '?'), (1, 6, 4, 4), (1, 4, 4, 6), (4, 6, 4, 1), (6, 2, 4, 0), (6, 1, 4, 4), (6, 7, 4, 1), (7, '?', 4, 4), (6, '?', 4, 3), ('?', 3, 4, 3), (1, 6, 4, 0), (6, 7, 4, 7), (3, 1, 4, 4), (6, '?', 4, '?'), ('?', 3, 4, 7), ('?', 7, 4, 4), (4, 7, 4, 3), (4, 4, 4, 4), (2, 0, 4, 0), (5, '?', 4, 4), (0, '?', 4, 1), (2, 1, 4, 5), (3, 2, 4, 4), (2, '?', 4, 1), (7, '?', 4, 0), (2, '?', 4, 2), (0, 7, 4, 0), (6, 1, 4, 2), (6, 4, 4, 6), (2, '?', 4, 4), (3, '?', 4, 0), (6, 7, 4, 6), (7, 7, 4, 3), (6, 4, 4, 1), (5, '?', 4, 2), (1, 0, 4, 3), (2, '?', 4, 1), (3, 1, 4, 4), (0, 3, 4, 5), (6, 6, 4, 5), ('?', '?', 4, '?'), (7, 3, 4, 5), (1, 4, 4, 2), (5, 1, 4, 0), (3, 7, 4, '?'), (2, 7, 4, 4), (4, 7, 4, '?'), (6, 3, 4, 4), ('?', 7, 4, 2), (6, 4, 4, 6), (1, 6, 4, 4), (1, 4, 4, 6), (3, 1, 4, '?'), (5, '?', 4, 0), (7, 7, 4, 4), (6, '?', 4, 5), (7, '?', 4, '?'), (5, 0, 4, 1), (4, 1, 4, 2), (6, 1, 4, 3), (6, 0, 4, 4), (2, 3, 4, 2), (2, 3, 4, 2), (2, 7, 4, 6), (4, 2, 4, 0), (6, '?', 4, 6), (2, 3, 4, 6), (5, 0, 4, 1), (4, '?', 4, 6), (5, '?', 4, 6), (1, 7, 4, '?'), (6, 3, 4, 0), (2, 0, 4, 1), (3, '?', 4, 5), (1, 6, 4, 2), (3, '?', 4, 1), (6, 4, 4, 1), (5, 1, 4, 4), ('?', 2, 4, 4), (5, 7, 4, 3), (1, 3, 4, 7), (2, 7, 4, '?'), (2, '?', 4, 6), (6, 7, 4, 6), (6, '?', 4, 3), (6, 1, 4, 7), (4, 7, 4, 2), (1, 4, 4, 0), (0, 3, 4, 1), (7, 3, 4, '?'), (6, 3, 4, 4), (5, '?', 4, 0), (5, '?', 4, 1), ('?', '?', 4, 6), (6, '?', 4, 5), (4, 3, 4, 2), (2, 0, 4, 0), (2, '?', 4, 4), (0, 3, 4, '?'), (1, 7, 4, '?'), (4, 7, 4, '?'), (2, 0, 4, 4), (3, 1, 4, 0), (3, 7, 4, 1), (5, 0, 4, 1), (0, 1, 4, 0), (7, 7, 4, 7), (6, 6, 4, 6), (4, 7, 4, 2), (6, 2, 4, '?'), (6, 1, 4, 3), (5, '?', 4, 1), (1, 7, 4, 7), (3, 7, 4, '?'), ('?', '?', 4, 1), (3, 7, 4, '?'), (5, '?', 4, 4), (2, 1, 4, 7), (2, '?', 4, 6), (5, '?', 4, 6), (4, 7, 4, 6), ('?', '?', 4, 1), (4, 1, 4, 5), (6, '?', 4, 5), (1, 4, 4, 6), (3, 3, 4, 2), (4, 7, 4, 5), (2, 1, 4, 1), (5, 7, 4, 0), (6, 7, 4, 1), (2, 7, 4, 4), ('?', 7, 4, 4), (4, 7, 4, 2), (6, 1, 4, 2), (1, 1, 4, 4), (1, 1, 4, 6), (6, '?', 4, 2), (7, '?', 4, 5), (6, 7, 4, 0), (6, 4, 4, 6), (1, 7, 4, 6), (4, 3, 4, 2), (2, '?', 4, '?'), (6, 1, 4, 7), (4, 1, 4, 4), (5, '?', 4, '?'), (6, 7, 4, '?'), (4, '?', 4, 3), (7, 4, 4, 4), (2, '?', 4, 3), (3, '?', 4, 4), (2, 2, 4, 0), (6, 7, 4, 3), (6, 4, 4, 2), (5, '?', 4, '?'), (5, '?', 4, 1), (7, 4, 4, 1), (1, 1, 4, 2), (6, 2, 4, 4), (6, '?', 4, 6), ('?', 7, 4, 2), (7, 1, 4, 2), (2, 1, 4, 1), (6, '?', 4, 7), (1, '?', 4, 1), (7, 1, 4, 5), (1, '?', 4, 4), (6, 7, 4, '?'), (2, 1, 4, 4), (7, 3, 4, 3), (4, 3, 4, '?'), (4, 1, 4, 7), ('?', 7, 4, 5), (1, 1, 4, 4), (1, '?', 4, 2), (0, '?', 4, 6), (2, '?', 4, 1), (0, 7, 4, 5), (3, '?', 4, 3), (0, '?', 4, 1), (1, 1, 4, 5), (2, '?', 4, 4), (7, 1, 4, 7), (7, 7, 4, 6), (3, 1, 4, '?'), (4, '?', 4, 4), (2, 0, 4, 4), (6, 2, 4, 4), (7, 7, 4, 2), (7, '?', 4, 1), (5, 0, 4, '?'), (1, 1, 4, 3), (0, 4, 4, 2), ('?', 3, 4, 1), (5, '?', 4, 4), ('?', 1, 4, 6), (1, 7, 4, '?'), ('?', 3, 4, 0), (3, '?', 4, 5), (1, 3, 4, 4), (2, 6, 4, '?'), (2, 2, 4, 6), (4, 3, 4, 7), (1, 4, 4, 2), (0, '?', 4, 1), (6, 2, 4, 0), (1, 7, 4, 2), (7, 7, 4, 4), (5, 7, 4, 6), (3, '?', 4, 6), (2, '?', 4, 3), ('?', 7, 4, 3), ('?', 3, 4, 6), (1, '?', 4, 2), (2, 7, 4, 0), (4, 3, 4, 7), (5, 7, 4, 6), (4, 7, 4, 0), (7, '?', 4, '?'), (7, '?', 4, 0), (6, '?', 4, 1), (6, '?', 4, 1), (4, 7, 4, 7), (3, '?', 4, 1), (2, 7, 4, 5), (3, '?', 4, 4), (5, '?', 4, 6), ('?', 3, 4, 6), (4, 7, 4, 4), (4, 3, 4, 0), (6, '?', 4, 6), (4, 7, 4, 4), ('?', 3, 4, 3), (6, 6, 4, '?'), (2, 2, 4, 0), (0, 3, 4, '?'), (2, 3, 4, 4), (1, '?', 4, 3), (2, '?', 4, 3), (0, '?', 4, '?'), (0, '?', 4, 4), (1, '?', 4, 3), (2, 0, 4, 0), (4, 1, 4, 2), (2, 7, 4, 0), (2, '?', 4, 0), (0, 7, 4, '?'), (5, 4, 4, 6), (5, '?', 4, 4), (2, 7, 4, 5), (6, 2, 4, 0), (2, 2, 4, 0), (1, 0, 4, 1), (0, '?', 4, 3), (1, 1, 4, 4), ('?', '?', 4, 3), (5, 3, 4, 0), (5, '?', 4, '?'), (2, 0, 4, 0), (3, '?', 4, '?'), (3, '?', 4, 4), (7, 7, 4, 4), (7, 7, 4, 3), (2, '?', 4, 5), (1, '?', 4, 0), (2, 3, 4, 4), (4, 3, 4, 0), (2, 7, 4, 3), (2, 3, 4, 0), (3, '?', 4, 0), (7, '?', 4, 6), (1, 4, 4, '?'), (5, 4, 4, 6), (6, 7, 4, 1), (4, 3, 4, 0), (4, 4, 4, 6), (2, 6, 4, 4), (1, 1, 4, 7), (2, 3, 4, 2), (3, '?', 4, 1), (0, '?', 4, 0), (4, '?', 4, 4), (6, '?', 4, 1), (2, '?', 4, 0), (4, 3, 4, 6), (4, 7, 4, 1), (6, '?', 4, 6), (4, 3, 4, 7), (5, '?', 4, 6), (1, 4, 4, '?'), (2, 2, 4, 6), ('?', '?', 4, 5), ('?', '?', 4, 5), (7, '?', 4, 6), (2, 3, 4, 0), (3, '?', 4, 0), (6, '?', 4, 7), (6, 3, 4, '?'), (7, 7, 4, 6), (1, 1, 4, 4), (7, '?', 4, 2), (5, '?', 4, 5), (2, 2, 4, 4), (5, 7, 4, 1), (2, 6, 4, 0), (7, '?', 4, 6), (3, '?', 4, 0), (1, 4, 4, 2), (3, '?', 4, 5), (6, 7, 4, '?'), ('?', '?', 4, 4), (2, '?', 4, 0), (2, 7, 4, 3), (6, 7, 4, 0), (2, '?', 4, 6), (7, 3, 4, 7), (3, '?', 4, 2), (7, 7, 4, '?'), (4, 3, 4, 4), (2, 7, 4, '?'), (7, 3, 4, 2), (0, '?', 4, 6), (1, 7, 4, 2), ('?', '?', 4, '?'), (7, 7, 4, '?'), (6, '?', 4, '?'), (2, '?', 4, 0), (5, '?', 4, 4), (2, 7, 4, 4), (1, '?', 4, 2), (6, 2, 4, 6), (2, 7, 4, 0), (3, '?', 4, 0), (3, '?', 4, 6), (2, 3, 4, 4), (1, 4, 4, 2), (3, 2, 4, 4), (0, '?', 4, 0), (4, 7, 4, 0), (7, 7, 4, 6), ('?', 7, 4, 3), (1, 1, 4, '?'), (6, 7, 4, 6), (4, 6, 4, 1), (4, 7, 4, 2), (6, 7, 4, 4), (0, '?', 4, 7), (1, 7, 4, 6), (5, '?', 4, 1), (2, '?', 4, 2), (7, '?', 4, 0), (7, '?', 4, 5), (4, 4, 4, 6), (1, '?', 4, 0), (1, 6, 4, 6), (6, 7, 4, 1), (3, 7, 4, 3), (2, 0, 4, 4), ('?', 3, 4, 3), (6, '?', 4, '?'), (4, 4, 4, 4), (2, 3, 4, '?'), (1, 7, 4, 0), (7, '?', 4, 5), (4, 7, 4, 7), (3, '?', 4, 5), (0, '?', 4, 0), (1, '?', 4, 7), (2, 3, 4, 0), (3, '?', 4, 3), (2, '?', 4, 2), (4, 7, 4, 6), (3, '?', 4, 5), (7, '?', 4, 2), (6, 7, 4, '?'), (6, '?', 4, 6), (4, 4, 4, 5), ('?', '?', 4, 1), (7, 7, 4, 7), (5, '?', 4, 0), ('?', '?', 4, 6), (7, '?', 4, 1), (2, '?', 4, 3), (6, '?', 4, 5), (7, 7, 4, 6), (5, '?', 4, '?'), (4, '?', 4, '?'), (6, 7, 4, '?'), (6, 3, 4, 6), (2, 2, 4, 4), (4, 7, 4, 0), (5, 7, 4, 6), ('?', '?', 4, '?'), (2, '?', 4, 3), (0, '?', 4, 6), (1, 6, 4, 2), (3, '?', 4, 3), (6, 7, 4, 7), (3, '?', 4, 2), (4, 3, 4, 6), (2, 0, 4, 7), (3, '?', 4, 6), (5, 4, 4, 6), (4, '?', 4, 0), ('?', 1, 4, 1), (2, 3, 4, '?'), ('?', '?', 4, 3), (4, 7, 4, 1), (4, 7, 4, 4), (4, 1, 4, 7), ('?', '?', 4, 4), (2, 0, 4, 1), (4, '?', 4, 2), (3, '?', 4, 6), (4, '?', 4, 3), ('?', 7, 4, 5), (2, 7, 4, '?'), (7, 7, 4, 7), ('?', 7, 4, 3), (0, '?', 4, 1), (4, 4, 4, 3), (2, '?', 4, 5), (6, '?', 4, 2), (5, 0, 4, 2), ('?', 3, 4, 3), (3, 7, 4, 1), (3, '?', 4, 4), (0, 7, 4, '?'), (6, '?', 4, '?'), (5, '?', 4, 6), (0, 3, 4, 2), (4, 4, 4, 1), ('?', '?', 4, 5), (2, 7, 4, 4), (4, 7, 4, 7), (1, 1, 4, 2), (7, '?', 4, 2), (6, 3, 4, 0), (6, 7, 4, 4), (1, 1, 4, 1), (7, '?', 4, '?'), (3, 7, 4, 3), (7, 7, 4, 2), (2, '?', 4, 6), (2, 7, 4, 2), (5, 3, 4, 3), (7, '?', 4, 7), (6, 7, 4, 3), (4, 3, 4, 6), (1, 4, 4, 6), (3, 3, 4, 2), (4, '?', 4, 2), (7, 3, 4, 3), (4, 4, 4, 4), (4, '?', 4, 4), (3, 7, 4, 6), (2, '?', 4, '?'), (0, '?', 4, 5), (1, 7, 4, 6), (4, '?', 4, 0), (5, '?', 4, 5), ('?', 3, 4, 7), (1, 1, 4, 1), (7, '?', 4, 6), (4, 7, 4, 6), (4, 3, 4, 3), (2, 0, 4, 4), (0, '?', 4, 3), (2, 2, 4, 6), (3, '?', 4, 0), (2, '?', 4, 3), (7, 7, 4, 0), (1, '?', 4, 1), (1, '?', 4, 3), ('?', 7, 4, 4), (1, 1, 4, 4), (6, '?', 4, 2), (2, 2, 4, 5), (5, 3, 4, 3), (0, 7, 4, 6), (4, 7, 4, 4), (0, '?', 4, 1), ('?', 7, 4, 3), (2, 7, 4, 3), (6, 3, 4, 1), (4, 7, 4, '?'), (2, 2, 4, 2), (6, 7, 4, 0), (6, 6, 4, 6), (7, '?', 4, 5), (2, '?', 4, 5), (4, 4, 4, 6), (1, 1, 4, 5), (5, 3, 4, '?'), (2, 0, 4, 4), (7, '?', 4, '?'), (2, '?', 4, '?'), (2, 7, 4, '?'), (6, '?', 4, 3), (3, 2, 4, 4), (2, 2, 4, '?'), (1, 1, 4, 4), (3, '?', 4, 5), (1, 1, 4, 6), (1, 2, 4, '?'), (6, 7, 4, 1), (1, '?', 4, 2), (2, 2, 4, 4), (0, '?', 4, 3), (3, '?', 4, 2), (2, 6, 4, '?'), ('?', 7, 4, 2), (0, '?', 4, 0), (2, 0, 4, 2), (5, '?', 4, 2), (6, 7, 4, 4), (3, '?', 4, 5), (5, 7, 4, 1), (5, '?', 4, 1), (7, 7, 4, 2), (6, 7, 4, 3), (4, 3, 4, '?'), (5, '?', 4, 5), (4, 3, 4, 6), (3, '?', 4, 6), (1, 1, 4, '?'), (6, '?', 4, '?'), ('?', 1, 4, 3), (7, '?', 4, '?'), (4, 7, 4, 5), (6, 3, 4, 6), (5, 7, 4, '?'), (6, 7, 4, 3), (6, 2, 4, 0), (4, 3, 4, 3), (2, 2, 4, 6), (1, '?', 4, 1), (4, '?', 4, 6), (5, '?', 4, 5), (7, '?', 4, '?'), (3, 6, 4, 3), (6, 2, 4, '?'), (4, 7, 4, 6), (3, 2, 4, '?'), (5, 7, 4, 3), (1, 2, 4, 0), (4, 6, 4, 2), (4, 3, 4, 4), (0, '?', 4, 5), (6, 6, 4, 0), (1, 7, 4, 0), (1, '?', 4, 0), (7, 3, 4, 3), (3, '?', 4, 2), (5, '?', 4, '?'), (6, '?', 4, 2), (1, 7, 4, 2), (2, 3, 4, 0), (1, 7, 4, 6), (5, 7, 4, 1), ('?', 7, 4, 5), (6, 4, 4, 1), (1, 6, 4, 4), (6, 3, 4, 0), ('?', '?', 4, 6), (6, 6, 4, 0), ('?', 7, 4, 2), (1, '?', 4, 7), (4, '?', 4, 2), (4, 3, 4, 7), (2, 7, 4, 2), (2, 7, 4, 2), (1, 6, 4, '?'), (5, 3, 4, 3), (2, 0, 4, 1), ('?', 1, 4, 5), (1, 6, 4, 6), (1, 1, 4, 5), ('?', '?', 4, 2), ('?', '?', 4, '?'), (3, 7, 4, 1), (4, 3, 4, 7), (2, '?', 4, 3), (1, 1, 4, 7), ('?', 3, 4, 7), (4, '?', 4, 0), (1, '?', 4, 5), ('?', '?', 4, 1), (2, 1, 4, 7), (5, 3, 4, 0), (2, 7, 4, 2), (4, 3, 4, 4), (1, '?', 4, 0), (2, 0, 4, 0), (7, 1, 4, 1), (6, 7, 4, 7), (3, '?', 4, 4), (1, 7, 4, 0), (2, '?', 4, 2), (4, 3, 4, 3), (4, '?', 4, 4), (4, 3, 4, '?'), (5, '?', 4, 4), (5, 4, 4, 6), (2, 2, 4, 0), (4, 2, 4, 0), (5, 3, 4, 3), (5, 3, 4, '?'), (6, 3, 4, 0), (4, 7, 4, 1), ('?', '?', 4, 2), (3, '?', 4, 2), (2, 2, 4, 4), ('?', '?', 4, 4), (3, 3, 4, 2), (6, '?', 4, 5), (2, 7, 4, 3), ('?', 2, 4, 6), ('?', 4, 4, 6), ('?', '?', 4, 3), (4, 4, 4, 0), (3, 7, 4, 4), (6, 2, 4, 4), (1, '?', 4, 5), (1, '?', 4, 1), (4, '?', 4, 3), (2, '?', 4, 4), (2, 1, 4, 7), (7, 3, 4, 2), (2, 6, 4, 1), (2, '?', 4, 4), ('?', 7, 4, 2), (7, '?', 4, 1), (7, 3, 4, 6), (2, 2, 4, 5), ('?', 1, 4, 5), (2, 7, 4, 4), (6, 6, 4, 6), (1, '?', 4, 3), (2, 7, 4, 0), (3, '?', 4, '?'), (7, 7, 4, 2), (4, 4, 4, 1), (4, 3, 4, 6), ('?', 3, 4, 1), (5, 1, 4, 4), (4, '?', 4, 4), (1, '?', 4, 3), (5, 7, 4, 0), ('?', 3, 4, 0), (1, 1, 4, 6), (7, 7, 4, 7), (7, '?', 4, 7), (2, 2, 4, 4), (0, 7, 4, 3), (1, '?', 4, 7), (4, '?', 4, 4), (0, 7, 4, 6), (2, '?', 4, 5), (6, 7, 4, 4), (0, 7, 4, 4), ('?', '?', 4, 6), (2, 7, 4, 2), ('?', '?', 4, 5), (2, 1, 4, 4), (3, 7, 4, 2), (6, 2, 4, 4), (5, '?', 4, '?'), (3, 7, 4, 3), (5, 7, 4, 6), (6, 3, 4, '?'), (4, 6, 4, 1), (1, 1, 4, 2), (7, 3, 4, 0), (2, 3, 4, 0), (1, '?', 4, 7), (1, '?', 4, 4), (5, 6, 4, 6), (2, 7, 4, '?'), (4, 7, 4, '?'), (2, '?', 4, 1), (6, 2, 4, 0), (1, 1, 4, 2), (5, 1, 4, 3), (6, 2, 4, 0), (7, '?', 4, 7), (4, 6, 4, 2), (3, '?', 4, '?'), (0, '?', 4, 0), (5, 3, 4, 3), (5, 7, 4, '?'), ('?', '?', 4, 4), (7, '?', 4, 4), (7, 1, 4, 7), (2, 0, 4, 4), (0, '?', 4, 0), (1, 6, 4, 2), (6, 3, 4, 6), (0, 7, 4, '?'), (7, '?', 4, 5), (1, 1, 4, '?'), (5, '?', 4, 1), (4, 7, 4, 5), (5, 7, 4, 2), (5, 1, 4, 3), ('?', 3, 4, 1), ('?', 1, 4, 3), (2, 6, 4, 0), (4, 7, 4, 6), ('?', 1, 4, 5), (4, 2, 4, 4), (3, 7, 4, 4), (7, '?', 4, 7), (6, 2, 4, 0), (6, 2, 4, 5), ('?', '?', 4, 0), (2, 0, 4, 2), ('?', '?', 4, 5), (1, '?', 4, 4), (4, 4, 4, 6), (5, 3, 4, 3), (7, 7, 4, 2), ('?', '?', 4, '?'), (4, '?', 4, 6), (1, '?', 4, 3), (4, 7, 4, 7), (3, 7, 4, '?')]"
"(11, 11, 11, 12, 0)","[(7, '?', 4, 7)]"
"(11, 11, 11, 15, 0)","[(5, 3, 4, 1), (3, 3, 4, 3), (2, 3, 4, '?'), (5, 3, 4, 5), (0, 3, 4, 2), (5, 3, 4, 4), (7, 3, 4, 7), (5, 3, 4, 4), (0, 3, 4, 0), ('?', 3, 4, 1), (5, 3, 4, '?'), (7, 3, 4, 6), ('?', 3, 4, 3), ('?', 3, 4, 4), (4, 3, 4, 4), (6, 3, 4, 1), (5, 3, 4, '?'), (7, 3, 4, 3), (0, 3, 4, 3), (2, 3, 4, 0), (2, 3, 4, 4), (6, 3, 4, 6), (0, 3, 4, 3), ('?', 3, 4, 7), (7, 3, 4, 7), (5, 3, 4, 1), (7, 3, 4, 3), (6, 3, 4, 1), ('?', 3, 4, 3), (6, 3, 4, 6), (5, 3, 4, 1), ('?', 3, 4, 0), (3, 3, 4, 2), ('?', 3, 4, 0), (7, 3, 4, 5), (5, 3, 4, '?'), (5, 3, 4, 5), (0, 3, 4, 3)]"
"(11, 11, 11, 16, 0)","[(7, 1, 4, 4), (6, 1, 4, 1), (6, 1, 4, 5), (7, 1, 4, 6), (7, 1, 4, '?'), (0, 1, 4, 1), (6, 1, 4, 7), (3, 1, 4, 1), (4, 1, 4, '?'), (6, 1, 4, 5), ('?', 1, 4, 0), (3, 1, 4, 3), (7, 1, 4, 5), (0, 1, 4, 3), (0, 1, 4, 2), (3, 1, 4, 5), (3, 1, 4, 3), (7, 1, 4, 5), (0, 1, 4, '?'), (6, 1, 4, 7), (7, 1, 4, 6), (6, 1, 4, 2), (3, 1, 4, 0), (6, 1, 4, 6), ('?', 1, 4, 7), (1, 1, 4, 7), ('?', 1, 4, 7), (4, 1, 4, 3), (3, 1, 4, 4), (4, 1, 4, 3), (1, 1, 4, 2), ('?', 1, 4, 0), (4, 1, 4, 3), (3, 1, 4, 5), (6, 1, 4, 1), (1, 1, 4, 5), (7, 1, 4, '?'), (6, 1, 4, 5)]"
"(11, 11, 11, 20, 0)","[(4, '?', 4, 5), (4, '?', 4, 3), (4, '?', 4, 6), (4, '?', 4, 0), (4, 6, 4, 5)]"
"(11, 11, 11, 21, 0)","[(5, '?', 4, 2), (5, '?', 4, 5), (5, '?', 4, 2), (4, 3, 4, 5), (7, 3, 4, 2)]"
"(11, 11, 11, 23, 0)","[(2, 2, 4, 5), (7, 3, 4, 3), (4, 4, 4, 3), (4, 6, 4, 6), ('?', 2, 4, 6), (3, 2, 4, 0)]"
"(11, 11, 11, 25, 0)","[(0, '?', 4, '?'), (6, '?', 4, 6), (7, '?', 4, 2), (0, '?', 4, 4)]"
"(11, 11, 11, 27, 0)","[(0, 7, 4, 4), (0, 7, 4, '?'), (0, 7, 4, 1), (3, 7, 4, '?'), (7, 7, 4, 2), (0, 7, 4, 3), (0, 7, 4, 1), (0, 7, 4, 1), (7, 7, 4, 2), (0, 7, 4, 0), (2, 7, 4, '?'), (5, 7, 4, 1), (0, 7, 4, 0), (7, 7, 4, 2), (0, 7, 4, 0), (7, 7, 4, 4), (1, 7, 4, 7), (3, 7, 4, 5), (0, 7, 4, 3), (4, 7, 4, 3), ('?', 7, 4, 5), (7, 7, 4, 4), (0, 7, 4, '?'), (7, 7, 4, '?'), (0, 7, 4, 6), (2, 7, 4, 4), (3, 7, 4, 4), (4, 7, 4, 5), (0, 7, 4, 6), (5, 7, 4, 1), (2, 7, 4, 6), (0, 7, 4, 1), (7, 7, 4, 6), (2, 7, 4, 0), (2, 7, 4, 6), (4, 7, 4, 1), (1, 7, 4, 6)]"
"(11, 11, 12, 12, 0)","[(7, 3, 4, 2), (7, 3, 4, 3)]"
"(11, 11, 15, 11, 0)","[(3, 3, 4, 3), (2, 3, 4, 6), ('?', 3, 4, 1), ('?', 3, 4, 5), (0, 3, 4, 0), (0, 3, 4, 6), ('?', 3, 4, 5), (1, 3, 4, 7), (0, 3, 4, 0), (7, 3, 4, '?'), ('?', 3, 4, 0), (5, 3, 4, 3), (3, 3, 4, 0), (2, 3, 4, '?')]"
"(11, 11, 15, 15, 0)","[('?', 3, 4, 4), (7, 3, 4, 0), ('?', 3, 4, 5), (7, 3, 4, 6), (0, 3, 4, 6), (5, 3, 4, 4), (5, 3, 4, 5), (7, 3, 4, 4), ('?', 3, 4, 5), (5, 3, 4, 7), (5, 3, 4, 2), ('?', 3, 4, 4), (0, 3, 4, 0), (5, 3, 4, 0), (7, 3, 4, 4), (0, 3, 4, 3), (7, 3, 4, 5), (7, 3, 4, '?'), ('?', 3, 4, 5), (0, 3, 4, 2), ('?', 3, 4, 4), (7, 3, 4, 3), (5, 3, 4, 4), (7, 3, 4, 7), (5, 3, 4, 0), (6, 3, 4, 4), ('?', 3, 4, 6), ('?', 3, 4, 4), (6, 3, 4, '?'), (0, 3, 4, 2), (7, 3, 4, 1), (2, 3, 4, 2), (0, 3, 4, 1), (5, 3, 4, 0), (0, 3, 4, 5), ('?', 3, 4, 4), ('?', 3, 4, 4), (0, 3, 4, 6), (2, 3, 4, 6), (5, 3, 4, 5), (5, 3, 4, 5), (0, 3, 4, 5), (0, 3, 4, 0), (4, 3, 4, 0), (0, 3, 4, 3)]"
"(11, 11, 15, 21, 0)","[(4, 3, 4, 5)]"
"(11, 11, 16, 11, 0)","[(1, 1, 4, '?'), (1, 1, 4, 7)]"
"(11, 11, 16, 16, 0)","[(7, 1, 4, 4), (7, 1, 4, 3), (0, 1, 4, 7), (7, 1, 4, 4), (0, 1, 4, 5), (0, 1, 4, '?'), (0, 1, 4, 5), (7, 1, 4, 6), (0, 1, 4, 7), (0, 1, 4, 7), (0, 1, 4, 4), (0, 1, 4, '?'), (7, 1, 4, 0), (3, 1, 4, 1), (0, 1, 4, 3), (7, 1, 4, 5), (0, 1, 4, 4), (7, 1, 4, '?'), (0, 1, 4, '?'), (7, 1, 4, 6), (0, 1, 4, 0), (6, 1, 4, 7), ('?', 1, 4, 5), (0, 1, 4, 5), (1, 1, 4, 6), (6, 1, 4, 6), (4, 1, 4, 3), (4, 1, 4, 2), (3, 1, 4, 5), (0, 1, 4, 0), (1, 1, 4, 1), ('?', 1, 4, '?'), ('?', 1, 4, '?'), (5, 1, 4, 0), (6, 1, 4, 2), (7, 1, 4, 5), ('?', 1, 4, 5), (6, 1, 4, 0), (3, 1, 4, 5), (2, 1, 4, 3), (4, 1, 4, 3), ('?', 1, 4, 7), ('?', 1, 4, 0), (3, 1, 4, '?'), (4, 1, 4, 0), (6, 1, 4, 1), (2, 1, 4, 7), (4, 1, 4, 4), (7, 1, 4, 7), (3, 1, 4, 3), (6, 1, 4, 6), ('?', 1, 4, 6), (2, 1, 4, 5), (7, 1, 4, 6), (7, 1, 4, 7), ('?', 1, 4, 3), (4, 1, 4, 7), (7, 1, 4, 7), ('?', 1, 4, 7), (2, 1, 4, 7), (4, 1, 4, 0), (2, 1, 4, 3), (6, 1, 4, '?'), (4, 1, 4, 0), (2, 1, 4, 4), (1, 1, 4, '?'), (0, 1, 4, 0), (3, 1, 4, 2), (6, 1, 4, 7), (3, 1, 4, 0), (2, 1, 4, 0), (6, 1, 4, '?'), (2, 1, 4, 1), (7, 1, 4, 6), (4, 1, 4, '?'), (6, 1, 4, 4), (4, 1, 4, 0), (3, 1, 4, 2), (6, 1, 4, 2), (7, 1, 4, 5), (0, 1, 4, 1), (1, 1, 4, 6), (4, 1, 4, 7), (3, 1, 4, 4), (6, 1, 4, 5), (0, 1, 4, 0), (4, 1, 4, 5), (6, 1, 4, 6), ('?', 1, 4, 0), (6, 1, 4, 0), (6, 1, 4, 2), (3, 1, 4, 4), (3, 1, 4, 5), (0, 1, 4, 5), ('?', 1, 4, 6), (3, 1, 4, 3), (4, 1, 4, '?'), ('?', 1, 4, 7), (6, 1, 4, 5), (7, 1, 4, 5), (6, 1, 4, 4), (0, 1, 4, 2), (2, 1, 4, 3), (3, 1, 4, 2), (6, 1, 4, 3), ('?', 1, 4, 0), (7, 1, 4, 0), (3, 1, 4, 5), (6, 1, 4, 0), (4, 1, 4, 4), (2, 1, 4, 7)]"
"(11, 11, 20, 20, 0)","[(4, 3, 4, 5), (4, 3, 4, 5), (4, '?', 4, 5), (4, '?', 4, 5), (4, 3, 4, 5), (4, '?', 4, 3), (4, 3, 4, '?'), (4, 3, 4, 5)]"
"(11, 11, 21, 11, 0)","[(3, '?', 4, 1)]"
"(11, 11, 21, 21, 0)","[(4, 3, 4, 5)]"
"(11, 11, 23, 11, 0)","[(4, 4, 4, 2), (2, 2, 4, '?'), ('?', 2, 4, 4), (0, '?', 4, 5), (4, 4, 4, 5), (2, 2, 4, 6), (2, 2, 4, 6), (2, 2, 4, 4)]"
"(11, 11, 23, 23, 0)","[(6, 2, 4, '?'), (4, 6, 4, 7), (0, 2, 4, 3), (6, 2, 4, 7)]"
"(11, 11, 25, 11, 0)","[(0, '?', 4, 6), (0, '?', 4, 6), (0, '?', 4, '?'), (0, '?', 4, 6), (0, '?', 4, 3), (0, '?', 4, 6), (0, '?', 4, 0), (0, '?', 4, 4), (0, '?', 4, 7), (0, '?', 4, '?'), (0, '?', 4, '?')]"
"(11, 11, 25, 25, 0)","[(0, '?', 4, 4), (0, '?', 4, 6)]"
"(11, 11, 27, 11, 0)","[('?', 7, 4, 5), (5, 7, 4, 7)]"
"(11, 11, 27, 27, 0)","[(3, 7, 4, 4), (5, 7, 4, 0), (0, 7, 4, 3), (7, 7, 4, '?'), (0, 7, 4, 1), (7, 7, 4, 4), (7, 7, 4, 0), (7, 7, 4, 3), (3, 7, 4, 0), (7, 7, 4, 4), (3, 7, 4, '?'), (7, 7, 4, '?'), (0, 7, 4, '?'), (3, 7, 4, 0), (0, 7, 4, 3), (7, 7, 4, 5), (0, 7, 4, 0), (7, 7, 4, '?'), (3, 7, 4, 5), (0, 7, 4, 4), (7, 7, 4, 6), (1, 7, 4, '?'), (0, 7, 4, 4), (0, 7, 4, 4), (0, 7, 4, 3), (0, 7, 4, 1), (0, 7, 4, 4), (1, 7, 4, 2), (0, 7, 4, 5), (0, 7, 4, 4), ('?', 7, 4, 5), (7, 7, 4, 4), (4, 7, 4, 1), (3, 7, 4, 0), (3, 7, 4, 0), ('?', 7, 4, 4), (0, 7, 4, 0), (0, 7, 4, 5), (3, 7, 4, 7), (3, 7, 4, 7), (7, 7, 4, '?'), (7, 7, 4, 5), (3, 7, 4, 7), (3, 7, 4, 5)]"
"(11, 15, 11, 11, 0)","[(2, 3, 4, 0), (2, 3, 4, 0), (2, 3, 4, 2), (3, 3, 4, 2), ('?', 3, 4, 6), (0, 3, 4, 7), (7, 3, 4, 1)]"
"(11, 15, 11, 15, 0)","[('?', 3, 4, 5), (0, 3, 4, 7)]"
"(11, 15, 15, 11, 0)","[(7, 3, 4, 0), (0, 3, 4, 7), (7, 3, 4, 4), (0, 3, 4, 5), (7, 3, 4, '?')]"
"(11, 15, 15, 15, 0)","[('?', 3, 4, 4), (5, 3, 4, 4), (7, 3, 4, 4), (7, 3, 4, 4), (5, 3, 4, 4), (1, 3, 4, 0), (7, 3, 4, 5), ('?', 3, 4, 6), (0, 3, 4, 7), (7, 3, 4, 5), (1, 3, 4, 4), (1, 3, 4, 4), (1, 3, 4, 4), (7, 3, 4, 5), (1, 3, 4, 7), (0, 3, 4, 6), (7, 3, 4, 0), (3, 3, 4, 0), (1, 3, 4, 7), (7, 3, 4, '?'), (1, 3, 4, 0), (0, 3, 4, 5), (0, 3, 4, '?'), (7, 3, 4, '?'), (1, 3, 4, 3), (0, 3, 4, '?'), (0, 3, 4, '?'), (7, 3, 4, 4), (7, 3, 4, 1), (7, 3, 4, 1), (2, 3, 4, 2), (7, 3, 4, 4), (7, 3, 4, 5), (2, 3, 4, 6), (7, 3, 4, 1), (5, 3, 4, 2), ('?', 3, 4, 5), (0, 3, 4, 1), (0, 3, 4, 5), (0, 3, 4, 7), (2, 3, 4, 6), ('?', 3, 4, 5)]"
"(11, 16, 16, 16, 0)","[(3, 1, 4, 1), (0, 1, 4, 1), (0, 1, 4, 5), (0, 1, 4, 2), (0, 1, 4, 5), (6, 1, 4, 7), (0, 1, 4, 3), (3, 1, 4, 1), (1, 1, 4, 4), (0, 1, 4, 2), (6, 1, 4, 1), (6, 1, 4, 3), (4, 1, 4, 4), (6, 1, 4, 4), (6, 1, 4, 4), (6, 1, 4, 4), (7, 1, 4, 1), (0, 1, 4, 2), ('?', 1, '?', 0), (0, 1, 4, 0)]"
"(11, 19, 11, 11, 0)","[(2, 0, 4, 7)]"
"(11, 19, 11, 19, 0)","[(1, 0, 4, 7)]"
"(11, 19, 19, 11, 0)","[(1, 0, 4, 4), (1, 0, 4, 0)]"
"(11, 20, 20, 20, 0)","[(4, '?', 4, 5), (4, '?', 4, 5)]"
"(11, 23, 11, 11, 0)","[(6, 2, 4, 5), (6, 2, 4, 6), (4, 4, 4, 4), (7, 4, 4, 7), (2, 2, 4, '?'), (4, 2, 4, 4), (2, 2, 4, 0), (3, 2, 4, 4), (2, 2, 4, 2), (0, '?', 4, 7), (6, 2, 4, 7), (1, 2, 4, 2), (4, 2, 4, 4)]"
"(11, 23, 11, 23, 0)","[(4, 2, 4, 0), (4, 2, 4, 0), (5, '?', 4, 6), (4, 2, 4, 0), (6, 2, 4, 2), (1, 2, 4, 3), (6, 2, 4, 2), (6, 2, 4, 6), (6, 2, 4, 5), (6, 2, 4, 2), (6, 2, 4, '?'), (6, 2, 4, 2), (4, 2, 4, 3), (6, 2, 4, 2), (7, 2, 4, 5), (6, 2, 4, 2), ('?', 2, 4, 4), (6, 2, 4, 0), (2, 2, 4, 5), (5, 2, 4, 3), (4, 2, 4, '?'), ('?', 2, 4, 7), (6, 2, 4, 2), (5, 2, 4, 3), (0, 2, 4, 4), (0, 2, 4, 4), (6, 2, 4, 7), (7, 2, 4, 5), (6, 2, 4, 5), (6, 2, 4, 7), (7, 2, 4, 2)]"
"(11, 23, 23, 11, 0)","[(6, 2, 4, 5), (1, 2, 4, 0), (2, 2, 4, '?'), ('?', 2, 4, 4), ('?', 2, 4, 4), (3, 2, 4, 4), (3, 2, 4, 5), (2, 2, 4, 0), (2, 2, 4, 1), (3, 2, 4, 0)]"
"(11, 23, 23, 23, 0)","[(5, 2, 4, 3), (5, 2, 4, '?'), (0, 2, 4, 7), (6, 2, 4, 7), (0, '?', 4, 7), (3, 2, 4, 1), (3, 2, 4, '?'), (6, 2, 4, 6), ('?', 2, 4, 2), (2, 2, 4, '?'), ('?', 2, 4, 4), (7, 2, 4, 0), (1, 2, 4, 5), (7, 2, 4, 2), (7, 2, 4, 4), (1, 2, 4, 7), (0, 2, 4, 7), (5, 2, 4, 3), (7, 2, 4, 2), (0, 2, 4, 4), (3, 2, 4, 3), (2, 2, 4, 2), (5, 2, 4, 3), (0, 2, 4, 3), ('?', 2, 4, 7), (5, 2, 4, 5), (3, 2, 4, 5), (7, 2, 4, 4), (2, 2, 4, 1), (1, 2, 4, 7), ('?', 2, 4, 4), (7, 2, 4, 2), (2, 2, 4, 5), (1, 2, 4, 1), (3, 2, 4, 0), (7, 2, 4, 3), (4, 2, 4, 7), (2, 2, 4, 5), (7, 2, 4, 3), (2, 2, 4, 1), (4, 2, 4, 3), (4, 2, 4, '?'), (5, 2, 4, 1), (4, 2, 4, 3), (2, 2, 4, 1), (3, 2, 4, 0), ('?', 2, 4, 2), (5, 2, 4, 3), (3, 2, 4, 3), ('?', 2, 4, '?'), (1, 2, 4, 5), (1, 2, 4, 0), (0, 2, 4, 1), (1, 2, 4, 5), (0, 2, 4, 1), (0, 2, 4, '?'), (5, 2, 4, 1), (0, '?', 4, 5), (4, 2, 4, 0), (2, 2, 4, 2), (4, 2, 4, 5), (6, 2, 4, 2), (3, 2, 4, 5), (1, 2, 4, 7), (1, 2, 4, 2), (7, 2, 4, 2), (5, 2, 4, 3), (1, 2, 4, 1), ('?', 2, 4, 6), (4, 2, 4, 3), (6, 2, 4, 6), (0, 2, 4, 6), ('?', 2, 4, 6), ('?', 2, 4, 7), (7, 2, 4, 3), ('?', 2, 4, 4), (3, 2, 4, 5), (4, 2, 4, '?'), (2, 2, 4, 2), (3, 2, 4, 1), (6, 2, 4, 7), (5, 2, 4, '?'), (3, 2, 4, 3), (4, 2, 4, 1), (5, 2, 4, 2), ('?', 2, 4, 5), (7, 2, 4, 4), (6, 2, 4, 5), ('?', 2, 4, 7), (1, 2, 4, 5), (0, 2, 4, 4), (4, 2, 4, 0), (2, 2, 4, 2), (1, 2, 4, 3), (0, 2, 4, 4), (7, 2, 4, 4), (0, 2, 4, 6), (3, 2, 4, 3), (2, 2, 4, 5), (3, 2, 4, 1), (1, 2, 4, 7), (7, 2, 4, 2), ('?', 2, 4, 5), (4, 2, 4, 1), (7, 2, 4, 3), (7, 2, 4, 3), (1, 2, 4, 2), (7, 2, 4, 1), (0, 2, 4, 1), (4, 2, 4, 7), (3, 2, 4, 3), (0, 2, 4, 7), (0, 2, 4, '?'), (6, 2, 4, 7), (3, 2, 4, 1), (1, 2, 4, 7), (1, 2, 4, 5), (5, 2, 4, 6), (1, 2, 4, 3), (4, 2, 4, 5), (0, 2, 4, 6), (2, 2, 4, 1), (5, 2, 4, 0), (6, 2, 4, 7), (0, 2, 4, 6), (7, 2, 4, 0), ('?', 2, 4, 6), ('?', 2, 4, 2), (7, 2, 4, 4), (3, 2, 4, 3), (2, 2, 4, 2), (5, 2, 4, 6), (5, 2, 4, 6), ('?', 2, 4, 2), (7, 2, 4, 2), ('?', 2, 4, 4), (7, 2, 4, 1), ('?', 2, 4, 2), (5, 2, 4, 5), (7, 2, 4, 0), (5, 2, 4, '?'), (3, 2, 4, 0), (0, 2, 4, 3), (2, 2, 4, 1), (0, 2, 4, 4), (7, 2, 4, 0), (7, 2, 4, 0), (2, 2, 4, '?'), (7, 2, 4, 6), (1, 2, 4, 3), (7, 2, 4, 0), (5, 2, 4, 2), (3, 2, 4, '?'), (0, 2, 4, '?'), (7, 2, 4, 5), (5, 2, 4, 5), (1, 2, 4, '?'), (0, 2, 4, 6), (7, 2, 4, 6), ('?', 2, 4, 5), (3, 2, 4, 0), ('?', 2, 4, 7), (5, 2, 4, 6), (7, 2, 4, 2), ('?', 2, 4, 7), (5, 2, 4, 1), (1, 2, 4, 3), (7, 2, 4, 5), (3, 2, 4, 3), (5, '?', 4, 2), (3, 2, 4, 1), (4, 2, 4, 3), (5, 2, 4, 2), (1, 2, 4, 1), (0, '?', 4, 0), (7, 2, 4, 1), (0, 2, 4, 6), (7, 2, 4, 0), (5, 2, 4, '?'), (0, 2, 4, 6), (0, 2, 4, 3), (7, 2, 4, 6), (5, 2, 4, 3), (4, 2, 4, '?'), (0, 2, 4, '?'), (7, 2, 4, 0), ('?', 2, 4, '?'), (7, 2, 4, 6), (5, 2, 4, 5), (4, 2, 4, 3), (7, 2, 4, 1), (3, 2, 4, '?'), (1, 2, 4, 2), (4, 2, 4, 4), (5, 2, 4, 0), (1, 2, 4, 1), (0, 2, 4, 1), (4, 2, 4, 3), (2, 2, 4, '?'), (1, 2, 4, '?'), (3, 2, 4, '?'), (1, 2, 4, 5), (5, 2, 4, 3), (0, 2, 4, '?'), (3, 2, 4, 3), (1, 2, 4, 1), (0, 2, 4, 1), (4, 2, 4, 5), ('?', 2, 4, '?'), (4, 2, 4, 4), ('?', 2, 4, 7), (3, 2, 4, 3), (4, 2, 4, 1), (4, 2, 4, 1), (4, 2, 4, 5), (4, 2, 4, 7), (4, 2, 4, 5), (1, 2, 4, 2), (3, 2, 4, '?'), (4, 2, 4, 3), (7, 2, 4, 6), (1, 2, 4, 1), (4, 2, 4, 5), (7, 2, 4, 6), (4, 2, 4, 1), (3, 2, 4, '?'), ('?', 2, 4, 6), (0, 2, 4, '?'), (0, 2, 4, 4), (4, 2, 4, 1), (5, 2, 4, 1), (7, 2, 4, 3), (1, 2, 4, 2), (7, 2, 4, 1), (7, 2, 4, 6), (0, 2, 4, 4), (7, 2, 4, 0), (1, 2, 4, 7), (0, 2, 4, 1), (4, 2, 4, 1), (4, 2, 4, 0), (2, 2, 4, 1), (1, 2, 4, 3), (4, 2, 4, 7), (1, 2, 4, 2), ('?', 2, 4, 2), (5, 2, 4, 6), (0, 2, 4, 1), ('?', 2, 4, 6), (7, 2, 4, 6), (3, 2, 4, 5), (3, 2, 4, '?'), (2, 2, 4, 2), (2, 2, 4, 5), (1, 2, 4, 2), (3, 2, 4, '?'), (0, 2, 4, 7), (3, 2, 4, 5), (3, 2, 4, 5), (5, 2, 4, 0), (3, 2, 4, 0), (4, 2, 4, '?'), (1, 2, 4, 1), ('?', 2, 4, 2), ('?', 2, 4, '?'), (7, 2, 4, 2), (1, 2, 4, 3), (4, 2, 4, 5), (3, 2, 4, 0), (5, 2, 4, 2), (7, 2, 4, 3), (1, 2, 4, '?'), (5, 2, 4, 1), ('?', 2, 4, 6), (5, 2, 4, 5), (1, 2, 4, 7), (0, 2, 4, 6), (3, 2, 4, 1), (1, 2, 4, 1), (7, 2, 4, 0), (5, 2, 4, 6), (3, 2, 4, 5), (4, 2, 4, 1), (0, 2, 4, 1), (0, 2, 4, '?'), (1, 2, 4, '?'), (7, 2, 4, 5), (5, 2, 4, 0), (5, 2, 4, 3), (4, 2, 4, 3), (7, 2, 4, 1), (7, 2, 4, 2), (4, 2, 4, 7), (0, 2, 4, 1), (7, 2, 4, 4), (7, 2, 4, 1), (2, 2, 4, 1), (4, 2, 4, '?'), ('?', 2, 4, 5), (0, 2, 4, 3), (0, 2, 4, 7), (0, 2, 4, 7), (0, 2, 4, 6), (5, 2, 4, 2), (0, 2, 4, 6), (4, 2, 4, 7), (7, 2, 4, 6), (3, 2, 4, 1), (1, 2, 4, 7), (7, 2, 4, 3), (4, 2, 4, 3), (7, 2, 4, 4), (3, 2, 4, 1), (0, 2, 4, 7), (0, 2, 4, '?')]"
"(11, 27, 11, 11, 0)","[(1, 7, 4, 6)]"
"(11, 27, 11, 27, 0)","[(0, 7, 4, 3), (3, 7, 4, 2), (3, 7, 4, 2)]"
"(11, 27, 27, 27, 0)","[(1, 7, 4, 7), (3, 7, 4, 7), (3, 7, 4, 7), (3, 7, 4, 5), (3, 7, 4, 0), (3, 7, 4, 7), (7, 7, 4, 5), (3, 7, 4, 7), (3, 7, 4, 0), (7, 7, 4, 5), (7, 7, 4, '?'), (3, 7, 4, 7), (3, 7, 4, '?'), (3, 7, 4, 2), (3, 7, 4, 5), (0, 7, 4, 5), (3, 7, 4, 5), (7, 7, 4, 5), (2, 7, 4, 6), (7, 7, 4, 0), (3, 7, 4, 7), (3, 7, 4, 0), (1, 7, 4, 7)]"
"(12, 2, 2, 2, 0)","[(2, 4, 5, '?'), ('?', 4, 5, 7), (0, 4, 5, 5), (6, 4, 5, 2), (2, 4, 5, 3), (2, 4, 5, 6), (2, 4, 5, '?'), (3, 4, 5, 7), (6, 4, 5, 2), (2, 4, 5, 6), (2, 4, 5, 4)]"
"(12, 2, 2, 12, 0)","[('?', 4, 5, 2), ('?', 4, 5, 7), (2, 4, 5, 6), (4, 4, 5, '?'), (2, 4, 5, 6), (6, 4, 5, 7), ('?', 4, 5, 7), (6, 4, 5, 2), (1, 4, 5, 2), (2, 4, 5, 2), (2, 4, 5, 4), (2, 4, 5, 6), (4, 4, 5, 7), (4, 4, 5, 7)]"
"(12, 2, 2, 23, 0)","[(2, 4, 5, 4)]"
"(12, 2, 12, 2, 0)","[(6, 4, 5, 4)]"
"(12, 2, 12, 12, 0)","[(6, 4, 5, 4), (6, 4, 5, '?'), (2, 4, 5, 2), (6, 4, 5, '?'), (6, 4, 5, 7), (6, 4, 5, 2)]"
"(12, 5, 5, 5, 0)","[('?', 5, 5, 6), (6, 5, 5, 6), (6, 5, 5, 5), (6, 5, 5, 2), (6, 5, 5, 5), (6, 5, 5, '?'), (7, 5, 5, 5), (6, 5, 5, 2), (6, 5, 5, 2), (6, 5, 5, 6), (6, 5, 5, 2), (2, 5, 5, 3), (6, 5, 5, 2), (6, 5, 5, '?'), (6, 5, 5, '?'), (6, 5, 5, '?'), (6, 5, 5, 6), (4, 5, 5, 3), (6, 5, 5, 6), (4, 5, 5, 3), (4, 5, 5, '?'), (6, 5, 5, 6), (0, 5, 5, 7), (4, 5, 5, 3), (3, '?', 5, 4), ('?', 5, 5, 3), (0, 5, 5, 7), (4, 5, 5, '?'), (2, 5, 5, 3), (6, 5, 5, 6), (0, 5, 5, 3), (4, 5, 5, 3), (6, 5, 5, 2), (7, 5, 5, '?'), (6, 5, 5, 6), (4, 5, 5, 3)]"
"(12, 5, 16, 16, 0)","[(3, 1, 5, 0)]"
"(12, 7, 7, 12, 0)","[(3, 7, 5, 3)]"
"(12, 7, 27, 27, 0)","[(3, 7, 5, 6)]"
"(12, 10, 10, 10, 0)","[(0, 6, 5, 7), ('?', 6, 5, 7), ('?', 6, 5, 1), (1, 6, 5, 5), ('?', 6, 5, 5), (0, 6, 5, 2), ('?', 6, 5, 7), ('?', 6, 5, '?'), (1, 6, 5, 6), (2, 6, 5, 7), (4, 6, 5, 7), ('?', 6, 5, 5), ('?', 6, 5, 1), ('?', 6, 5, 1), ('?', 6, 5, 7), ('?', 6, 5, '?'), ('?', 6, 5, '?'), ('?', 6, 5, 7), ('?', 6, 5, 2), ('?', 6, 5, 6), (1, 6, 5, '?'), (0, 6, 5, 0), ('?', 6, 5, 5), (0, 6, 5, 2), (1, 6, 5, 2), (3, 6, 5, 2), (4, 6, 5, 3), ('?', 6, 5, '?'), ('?', 6, 5, 2), (4, 6, 5, 0), (7, 6, 5, 6), (4, 6, 5, 3), (1, 6, 5, 6), (7, 6, 5, 6), (1, 6, 5, '?'), ('?', 6, 5, 5), (1, 6, 5, 3), (4, 6, 5, 3), ('?', 6, 5, 2), (4, 6, 5, 1), ('?', 6, 5, 2), (6, 6, 5, 0), (1, 6, 5, 2), (3, 6, 5, '?'), (1, 6, 5, 3), (4, 6, 5, 7), (4, 6, 5, 6), (4, 6, 5, 1), (0, 6, 5, 0), ('?', 6, 5, 1), (0, 6, 5, 3), ('?', 6, 5, '?'), ('?', 6, 5, 6), (6, 6, 5, 7), (3, 6, 5, 2), (6, 6, 5, 2), (6, 6, 5, 2), (1, 6, 5, 5), (1, 6, 5, '?'), (4, 6, 5, 3), (1, 6, 5, 5), (4, 6, 5, 7), (0, 6, 5, 0), (1, 6, 5, 6), (4, 6, 5, 7), (0, 6, 5, 2), (4, 6, 5, 3), (3, 6, 5, 6), (4, 6, 5, 6), (1, 6, 5, '?'), (3, 6, 5, 2), (4, 6, 5, 6), (4, 6, 5, 0), (4, 6, 5, 0), (4, 6, 5, 0), (3, 6, 5, 5), (1, 6, 5, 2), (1, 6, 5, 3), (4, 6, 5, 7), (4, 6, 5, 0), (3, 6, 5, '?'), (4, 6, 5, 6), (3, 6, 5, 1), (4, 6, 5, 3), (4, 6, 5, '?'), (6, 6, 5, 1), (4, 6, 5, '?'), ('?', 6, 5, '?'), (3, 6, 5, 2), (0, 6, 5, 2), (1, 6, 5, 4), ('?', 6, 5, 7), (0, 6, 5, 0), (4, 6, 5, 1), ('?', 6, 5, '?'), (0, 6, 5, 7), ('?', 6, 5, 7), (4, 6, 5, 3), (4, 6, 5, 1), ('?', 6, 5, 5), (4, 6, 5, 4), (3, 6, 5, 1), (4, 6, 5, '?'), ('?', 6, 5, 2), ('?', 6, 5, '?'), (4, 6, 5, '?'), (0, 6, 5, 0), (1, 6, 5, 6), (7, 6, 5, '?'), (1, 6, 5, 6), (0, 6, 5, 2), (7, 6, 5, 5), ('?', 6, 5, 6), (7, 6, 5, 5), (1, 6, 5, 5)]"
"(12, 10, 10, 12, 0)","[(0, 6, 5, '?'), (1, 6, 5, 5)]"
"(12, 10, 12, 10, 0)","[(6, 6, 5, 1), (0, 6, 5, 4), (6, 6, 5, 1), (1, 6, 5, 5), (1, 6, 5, 4)]"
"(12, 10, 12, 12, 0)","[(3, 6, 5, 1), (2, 6, 5, 0)]"
"(12, 12, 2, 2, 0)","[(6, 4, 5, 4)]"
"(12, 12, 2, 12, 0)","[(6, 4, 5, '?'), (2, 4, 5, 6), (6, 4, 5, 6)]"
"(12, 12, 7, 27, 0)","[(3, 7, 5, 6)]"
"(12, 12, 10, 10, 0)","[(4, 6, 5, '?'), (4, 6, 5, 4), (3, 6, 5, 3), (3, 6, 5, 2), (1, 6, 5, 2), (0, 6, 5, '?'), (2, 6, 5, 2), (3, 6, 5, 3), ('?', 6, 5, 6), (4, 6, 5, '?'), ('?', 6, 5, 6), (4, 6, 5, 1), ('?', 6, 5, 1), (2, 6, 5, 2), (4, 6, 5, 5), (3, 6, 5, 1), (2, 6, 5, 2), (3, 6, 5, 5), (3, 6, 5, '?'), (4, 6, 5, 5), (4, 6, 5, '?'), (1, 6, 5, 2), (0, 6, 5, '?'), (4, 6, 5, 1), (6, 6, 5, 6), (4, 6, 5, 6), (4, 6, 5, 4), (4, 6, 5, 6), (3, 6, 5, 1), (4, 6, 5, '?'), (4, 6, 5, '?'), (3, 6, 5, 5), (4, 6, 5, 4), (1, 6, 5, 6)]"
"(12, 12, 10, 12, 0)","[(0, 6, 5, '?'), (4, 6, 5, 5), (3, 6, 5, 5), (4, 6, 5, 5), ('?', 6, 5, 6), (0, 6, 5, 4), (2, 6, 5, 5), (4, 6, 5, '?'), (2, 6, 5, 0), (2, 6, 5, 7), (2, 6, 5, 0), (7, 7, 5, 0), (6, 6, 5, 5), (3, 6, 5, '?'), (2, 6, 5, 3)]"
"(12, 12, 10, 23, 0)","[(6, 6, 5, 7)]"
"(12, 12, 12, 2, 0)","[(6, 4, 5, 6)]"
"(12, 12, 12, 4, 0)","[(2, 0, 5, 4)]"
"(12, 12, 12, 5, 0)","[(3, '?', 5, 2)]"
"(12, 12, 12, 7, 0)","[(3, 7, 5, 6)]"
"(12, 12, 12, 10, 0)","[(3, 6, 5, 5), (0, 6, 5, '?'), (6, 6, 5, 4), (2, 6, 5, 2), (6, 6, 5, 4), ('?', 6, 5, 5), (4, 6, 5, 5), (6, 6, 5, 7), (0, 6, 5, 3), (2, 6, 5, 0), (4, 6, 5, 4), (6, 6, 5, 4), (3, 6, 5, 3), (6, 6, 5, 6), (0, 6, 5, 4), (4, 6, 5, 5), (0, 6, 5, 4), ('?', 6, 5, 5), (6, 6, 5, 5)]"
"(12, 12, 12, 12, 0)","[(0, '?', 5, 6), (7, '?', 5, '?'), (1, '?', 5, 1), (2, 3, 5, 1), (0, '?', 5, 3), (6, 1, 5, 3), (2, 1, 5, 2), (0, 3, 5, 1), (1, 1, 5, 7), (5, '?', 5, '?'), (0, 1, 5, '?'), (4, 1, 5, 0), (1, 3, 5, 2), (3, 1, 5, 0), (3, 1, 5, 1), (2, '?', 5, '?'), (4, '?', 5, 4), (1, '?', 5, 7), (0, 7, 5, 5), (2, 7, 5, 6), (1, '?', 5, 6), (4, '?', 5, 4), (0, 1, 5, 5), (3, 7, 5, 3), (2, 0, 5, 0), (6, 7, 5, 1), (2, 7, 5, 6), (6, 1, 5, 0), (3, 1, 5, 6), (6, '?', 5, '?'), (3, '?', 5, 1), (0, 1, 5, 2), (7, 7, 5, 7), (6, '?', 5, 4), (0, 3, 5, 4), (6, 3, 5, 0), (0, 7, 5, 5), (4, '?', 5, 5), (4, 3, 5, 6), (5, '?', 5, 0), (7, '?', 5, 5), (0, '?', 5, 7), (6, '?', 5, '?'), (2, 7, 5, 3), (7, '?', 5, 4), (6, 1, 5, 4), (6, 6, 5, 6), (1, 1, 5, 5), (7, 1, 5, 6), (2, 6, 5, 7), (3, '?', 5, '?'), (4, 3, 5, 6), (0, 7, 5, 1), (1, 3, 5, 0), (6, 7, 5, 7), (6, '?', 5, 5), (2, 3, 5, 1), (1, '?', 5, '?'), (2, '?', 5, 5), (0, '?', 5, 7), (0, 6, 5, 4), (1, 3, 5, 6), (6, 3, 5, 1), (7, 1, 5, 4), (4, 1, 5, 3), (7, '?', 5, 6), (3, 3, 5, 7), (2, 7, 5, '?'), (0, 3, 5, 0), (7, 3, 5, 3), (7, 3, 5, 5), (7, 3, 5, 6), (7, 3, 5, 3), (3, 7, 5, '?'), (7, '?', 5, '?'), (5, 3, 5, 6), (4, '?', 5, 4), (6, '?', 5, 2), (2, 1, 5, '?'), (4, '?', 5, 0), (7, '?', 5, 6), (6, 6, 5, 6), (4, '?', 5, 0), (6, '?', 5, 5), (4, 7, 5, 3), (7, 1, 5, 7), (5, 3, 5, 1), (3, '?', 5, 5), (1, '?', 5, 5), (1, '?', 5, 1), ('?', '?', 5, 6), ('?', 7, 5, 5), ('?', 7, 5, 5), (4, 6, 5, 1), (6, 3, 5, 0), (2, 6, 5, 4), (2, 3, 5, 4), (4, 3, 5, 1), (3, 6, 5, 3), (3, 1, 5, 2), (0, '?', 5, 2), (2, 6, 5, '?'), (1, '?', 5, 5), (4, '?', 5, 1), (4, '?', 5, 4), (2, 3, 5, 6), (6, '?', 5, 0), (2, 7, 5, 5), (3, 6, 5, 3), ('?', '?', 5, 6), (2, 6, 5, 1), (1, 1, 5, 1), (0, 3, 5, 5), (3, '?', 5, 2), (6, 7, 5, 0), (6, 3, 5, 7), (2, 3, 5, 0), (0, '?', 5, '?'), (2, 1, 5, 1), (6, 7, 5, 1), (0, '?', 5, 2), (1, 1, 5, 5), (6, '?', 5, 0), (4, 6, 5, 1), (1, 1, 5, '?'), (7, '?', 5, 3), (2, 3, 5, 6), (3, 1, 5, 1), (0, '?', 5, 3), (0, '?', 5, 2), (7, 7, 5, 4), (4, '?', 5, 4), (0, 1, 5, 0), (2, 7, 5, 1), (2, 3, 5, 4), (0, 7, 5, 1), (2, 1, 5, 7), ('?', '?', 5, 3), (4, 1, 5, 2), (0, '?', 5, '?'), (0, 7, 5, 3), (0, 3, 5, '?'), (3, 3, 5, 7), (5, '?', 5, 4), (0, 1, 5, 3), (4, 3, 5, 7), ('?', 3, 5, 3), (0, 3, 5, 4), (2, 1, 5, 7), (2, 0, 5, 0), (7, 4, 5, 6), (0, 1, 5, 0), (2, 3, 5, 0), (2, 3, 5, 6), (2, 7, 5, 5), (6, 7, 5, 4), ('?', 3, 5, 6), (2, 6, 5, 5), (3, 6, 5, 4), (2, 7, 5, '?'), ('?', 3, 5, 6), (3, '?', 5, 2), (4, 1, 5, 6), (2, 4, 5, 2), (1, '?', 5, 3), ('?', 7, 5, '?'), (2, 0, 5, 6), (2, 3, 5, 4), (0, '?', 5, 0), (4, 3, 5, 6), (3, '?', 5, 2), (3, '?', 5, 1), (2, 1, 5, 5), (4, 1, 5, '?'), (5, 7, 5, 1), (1, '?', 5, 5), (6, 6, 5, 6), (3, 3, 5, 7), (0, 1, 5, 2), (4, 3, 5, 6), (7, 1, 5, 5), (0, 3, 5, '?'), (4, 1, 5, 1), (6, 7, 5, 3), (4, '?', 5, 3), (3, 7, 5, 1), (2, '?', 5, '?'), (4, 1, 5, 5), (2, 3, 5, 4), (0, 3, 5, 1), (1, '?', 5, 3), (3, 7, 5, '?'), (0, '?', 5, 6), (2, 0, 5, 0), (4, 3, 5, 6), ('?', 7, 5, 3), (4, 3, 5, '?'), (5, '?', 5, 2), (0, 3, 5, '?'), (6, 3, 5, 2), (1, 3, 5, 0), (7, '?', 5, 7), (4, 1, 5, 1), (6, '?', 5, 7), (7, 7, 5, 4), (5, 3, 5, 6), (2, 0, 5, '?'), (5, '?', 5, 1), (2, 3, 5, 4), (1, '?', 5, '?'), ('?', 7, 5, 3), (4, 1, 5, 0), (1, '?', 5, 1), (0, 3, 5, 5), (2, 6, 5, '?'), (2, '?', 5, 7), (7, 7, 5, 1), (7, 3, 5, '?'), (2, 1, 5, 3), (0, 1, 5, 3), (6, 1, 5, 7), (2, 3, 5, '?'), (2, 7, 5, 5), (2, 6, 5, 0), (6, 3, 5, 1), (7, 3, 5, 1), (2, 7, 5, 6), (6, 1, 5, 4), (0, '?', 5, 2), (6, 3, 5, 3), (6, 3, 5, 6), (2, 1, 5, 4), (6, 1, 5, '?'), (6, 3, 5, 7), (4, 1, 5, '?'), (2, '?', 5, '?'), (0, 7, 5, 2), (0, 7, 5, 2), (2, 1, 5, 4), (2, 7, 5, 3), (7, '?', 5, 3), (2, 7, 5, 5), (0, 7, 5, 7), (0, 7, 5, 1), (4, 3, 5, 7), (3, 6, 5, 6), (3, '?', 5, 6), (7, '?', 5, '?'), (2, 3, 5, 6), (0, 7, 5, 1), (4, 1, 5, 3), (0, 7, 5, 3), ('?', 7, 5, '?'), (7, 7, 5, 7), (2, 1, 5, 7), (0, 3, 5, 4), (6, 1, 5, 4), (0, 7, 5, 7), (1, 3, 5, '?'), (2, 6, 5, 1), (2, '?', 5, '?'), (3, 7, 5, 2), (0, '?', 5, 0), (0, 3, 5, 2), (5, '?', 5, 3), (5, 7, 5, '?'), (2, '?', 5, 6), ('?', '?', 5, 0), (4, 3, 5, 1), (6, 3, 5, 3), (3, 1, 5, 3), (2, '?', 5, 3), (7, 1, 5, 7), (1, 1, 5, 5), (5, '?', 5, 7), (6, '?', 5, 5), (1, 3, 5, 4), (4, 1, 5, 5), (1, 1, 5, 5), ('?', '?', 5, 5), (4, 7, 5, 7), (6, 6, 5, 4), (3, '?', 5, 1), (4, '?', 5, 1), (6, 1, 5, 5), (6, 7, 5, 6), (4, '?', 5, 3), (0, '?', 5, '?'), ('?', '?', 5, 6), (7, 3, 5, 1), (6, 1, 5, '?'), (2, 3, 5, 7), (2, 0, 5, 0), (6, 7, 5, 5), (3, '?', 5, 6), (7, 7, 5, 0), (6, 3, 5, 1), (6, '?', 5, '?'), (4, '?', 5, '?'), (7, '?', 5, '?'), (7, 3, 5, '?'), (3, 6, 5, '?'), (0, 1, 5, 7), (7, '?', 5, 7), (3, 6, 5, 4), (4, '?', 5, 3), (2, 3, 5, 3), (2, 1, 5, 0), (2, '?', 5, 7), ('?', '?', 5, 6), (5, '?', 5, 0), (1, '?', 5, 0), (7, 7, 5, 3), (4, 3, 5, 0), (2, 6, 5, 3), (2, '?', 5, 7), (3, 1, 5, 7), (6, '?', 5, 5), (6, 3, 5, 1), (0, 3, 5, 1), (7, 7, 5, 7), (3, 7, 5, 1), (2, 7, 5, '?'), (6, 1, 5, 6), (2, 4, 5, 6), (5, '?', 5, 1), (7, 7, 5, 3), (1, 3, 5, 7), (7, 7, 5, 0), (5, 3, 5, 7), (0, 3, 5, 2), (2, 3, 5, 5), (7, 7, 5, 1), (6, 3, 5, 3), (0, 3, 5, 2), (0, '?', 5, 3), (3, 3, 5, 7), (0, 3, 5, 1), (3, '?', 5, 4), (0, '?', 5, '?'), (6, 4, 5, '?'), (6, '?', 5, 6), (7, 3, 5, 4), (5, 3, 5, 2), (7, '?', 5, 7), (2, 1, 5, 5), (3, 1, 5, 1), (2, '?', 5, 6), (0, '?', 5, 3), (2, 7, 5, '?'), (6, 3, 5, '?'), (2, '?', 5, 7), (3, '?', 5, 6), ('?', '?', 5, 3), (0, 7, 5, 6), (1, '?', 5, 3), (1, '?', 5, 4), (1, 3, 5, 1), (5, '?', 5, '?'), (1, '?', 5, 6), (0, 7, 5, 5), (1, 3, 5, 1), (0, 7, 5, 7), (1, '?', 5, 0), (4, 3, 5, 2), (6, '?', 5, 3), (4, 3, 5, 2), (1, 3, 5, 3), (1, 3, 5, 3), ('?', 7, 5, 2), (6, '?', 5, 4), (2, '?', 5, 3), (4, 1, 5, 4), (2, 6, 5, 5), (5, 7, 5, 6), (0, 3, 5, 5), (6, 3, 5, '?'), (7, 7, 5, 2), (7, '?', 5, 1), (3, 7, 5, 3), (5, '?', 5, 3), (4, '?', 5, 3), (3, 1, 5, 3), (4, '?', 5, 4), (7, 7, 5, 6), ('?', 3, 5, 3), (1, '?', 5, 4), (3, 7, 5, 1), (2, 3, 5, '?'), (2, 6, 5, '?'), (1, 3, 5, 7), (4, '?', 5, 0), (7, 3, 5, 6), (6, 1, 5, 6), (6, 1, 5, 2), (2, 3, 5, '?'), ('?', 1, 5, 2), (4, 3, 5, 0), (4, 1, 5, 5), (6, '?', 5, '?'), (6, 6, 5, 4), (6, 1, 5, 4), (4, 7, 5, 1), (2, '?', 5, 7), ('?', 7, 5, 7), (7, 3, 5, '?'), (0, 7, 5, 7), (5, '?', 5, 7), (1, '?', 5, 0), (1, '?', 5, 5), (6, 3, 5, 6), (1, 1, 5, 3), ('?', 1, 5, 4), (1, '?', 5, '?'), (2, 6, 5, 0), (7, '?', 5, 3), (1, 3, 5, '?'), (2, 7, 5, '?'), (6, 3, 5, 6), (1, 3, 5, 4), (7, 3, 5, 0), (4, 3, 5, '?'), (4, '?', 5, 7), (2, '?', 5, 6), (6, 1, 5, '?'), (6, 3, 5, 7), (0, 3, 5, 5), (7, 7, 5, 7), (3, '?', 5, '?'), (0, '?', 5, 3), (4, 1, 5, 2), (2, 6, 5, '?'), (0, 7, 5, 6), (7, 3, 5, 6), ('?', '?', 5, 2), (5, 3, 5, 4), ('?', '?', 5, 1), (3, 3, 5, 3), (6, 7, 5, 6), (0, '?', 5, 7), (2, 7, 5, 5), (6, 6, 5, 4), (1, '?', 5, 7), (6, 0, 5, 4), (1, '?', 5, 3), (2, 0, 5, 4), (0, 3, 5, '?'), (7, 3, 5, 0), (2, 3, 5, 2), (2, 6, 5, 5), (3, 1, 5, 1), (7, 3, 5, 4), (0, 3, 5, 3), (6, '?', 5, 7), (4, 7, 5, 4), (2, 7, 5, 2), (5, 3, 5, 3), (5, 7, 5, 1), (5, '?', 5, 5), (7, '?', 5, 5), (7, '?', 5, 1), (6, 1, 5, 6), (7, '?', 5, 5), (2, 6, 5, 4), (4, 1, 5, 5), ('?', 3, 5, 6), (4, 3, 5, 5), (5, '?', 5, 4), (1, 3, 5, 6), (6, '?', 5, 2), (3, 2, 5, 6), ('?', '?', 5, 6), (4, '?', 5, 7), (1, '?', 5, 4), (4, 1, 5, '?'), (6, 1, 5, 2), ('?', '?', 5, 6), (2, 3, 5, '?'), (1, '?', 5, 7), (0, '?', 5, 3), ('?', '?', 5, 3), (2, 1, 5, 1), (4, 1, 5, 6), (6, '?', 5, 5), (6, 7, 5, 0), (1, 3, 5, '?'), (4, 7, 5, 7), (7, 7, 5, 6), (7, 7, 5, 6), (2, 1, 5, '?'), (3, '?', 5, 4), (2, 3, 5, 2), ('?', 3, 5, 3), (6, 1, 5, 6), (6, 3, 5, '?'), (5, 3, 5, 1), (6, 3, 5, 2), (0, 7, 5, 3), (0, 1, 5, 3), (2, 3, 5, 1), (4, 7, 5, 2), (1, 3, 5, 6), (4, 7, 5, 3), (7, '?', 5, 3), (3, 6, 5, 6), (3, 3, 5, 6), (7, '?', 5, 4), ('?', 6, 5, 5), (1, 3, 5, 0), (2, 1, 5, 1), (5, 3, 5, 2), ('?', 6, 5, 6), ('?', '?', 5, 1), (6, '?', 5, 5), (4, 7, 5, 7), (0, 7, 5, 5), (1, 1, 5, 5), (0, '?', 5, 7), (0, '?', 5, 7), (7, 7, 5, '?'), (0, '?', 5, 6), (7, 7, 5, 5), (4, '?', 5, 3), (2, 3, 5, 7), ('?', 3, 5, 3), (7, 3, 5, 6), (6, 3, 5, 7), (6, '?', 5, 3), (2, 6, 5, 3), (7, '?', 5, 3), (2, 6, 5, 3), (6, '?', 5, 6), (7, 1, 5, 4), (7, 3, 5, 1), (7, '?', 5, 7), (7, 3, 5, 5), (1, '?', 5, 7), (2, 3, 5, 1), (2, 3, 5, 0), (6, 1, 5, 6), (0, '?', 5, 2), (6, '?', 5, 3), (5, '?', 5, 5), (2, 3, 5, 5), (2, '?', 5, '?'), (1, 3, 5, 6), (3, 3, 5, 1), (7, 7, 5, 1), (6, '?', 5, 0), (2, 7, 5, 6), (7, 3, 5, 3), (7, 3, 5, 6), (4, '?', 5, 0), (0, 6, 5, 4), (2, 1, 5, 7), (2, 7, 5, 3), ('?', 7, 5, 3), ('?', 3, 5, 3), (3, 7, 5, 6), ('?', '?', 5, 5), (3, 3, 5, '?'), (2, 6, 5, 1), ('?', 7, 5, 1), (7, 7, 5, 7), (2, 3, 5, '?'), (4, '?', 5, 3), (0, 3, 5, 2), (7, 3, 5, 4), (6, '?', 5, 7), (6, '?', 5, 5), (0, 3, 5, 2), (1, 3, 5, '?'), (2, 6, 5, 2), (0, 1, 5, 3), (6, '?', 5, 7), (4, '?', 5, '?'), ('?', 7, 5, 5), (5, 3, 5, 6), (2, 0, 5, 4), (5, 3, 5, 6), (2, 6, 5, 7), (7, 7, 5, '?'), (2, 0, 5, 5), (4, '?', 5, 4), (2, 0, 5, 0), (6, '?', 5, 3), (0, 7, 5, 3), ('?', 7, 5, 1), (0, '?', 5, 2), (4, '?', 5, 5), (7, '?', 5, 1), (2, 3, 5, 0), (4, 7, 5, 3), ('?', 1, 5, 4), (6, '?', 5, 3), ('?', '?', 5, 3), (2, 1, 5, 3), (2, 6, 5, 5), (4, 3, 5, 2), (1, 1, 5, 3), (6, 1, 5, 2), (4, '?', 5, '?'), (7, '?', 5, '?'), (3, 7, 5, 1), (6, 7, 5, 5), (2, 3, 5, 2), (3, '?', 5, 0), (3, 7, 5, 3), (7, '?', 5, 6), (1, 3, 5, '?'), (1, '?', 5, 4), (4, '?', 5, 1), ('?', 1, 5, '?'), ('?', 7, 5, 1), (2, 3, 5, 1), (4, 7, 5, 6), (4, 0, 5, 3), ('?', 7, 5, 4), (0, 6, 5, 4), (6, 3, 5, 2), (4, 3, 5, 6), (4, '?', 5, 3), (6, 6, 5, 6), (6, 7, 5, 6), (2, 6, 5, 3), (2, 3, 5, '?'), (7, 1, 5, 4), (5, 7, 5, '?'), (6, 1, 5, 2), (1, 1, 5, 1), (6, 3, 5, 1), (0, 3, 5, 5), (7, 3, 5, 4), (0, 3, 5, 1), (4, 3, 5, 5), (1, '?', 5, 6), (3, 3, 5, 6), ('?', 3, 5, 1), ('?', 3, 5, 6), (0, '?', 5, 3), (0, 3, 5, 4), (7, 7, 5, 3), (4, '?', 5, '?'), (6, 4, 5, 2), (3, '?', 5, 0), (4, 3, 5, '?'), (0, 3, 5, 3), (2, 3, 5, 3), (7, 7, 5, 0), (0, 1, 5, 3), (5, 3, 5, 7), (6, 3, 5, 1), (5, 3, 5, 2), (2, 4, 5, 2), (3, 1, 5, 4), (6, 1, 5, 5), (4, 3, 5, 7), (0, 3, 5, 0), (7, '?', 5, 4), (3, '?', 5, 6), (6, 7, 5, 7), (3, 6, 5, 5), (1, 3, 5, 2), (0, 1, 5, '?'), (6, '?', 5, '?'), (2, 6, 5, 0), (0, 1, 5, 0), (2, 4, 5, 2), (2, '?', 5, '?'), (7, '?', 5, 1), (1, '?', 5, 4), (2, 6, 5, 1), (4, 7, 5, 7), (3, 6, 5, 4), (0, 7, 5, 5), (4, 7, 5, 2), (0, 3, 5, 4), (6, '?', 5, 4), (1, '?', 5, 5), (4, '?', 5, 0), (6, 7, 5, 3), (6, 7, 5, 6), ('?', 7, 5, '?'), (2, 1, 5, 7), (2, '?', 5, 5), (7, 1, 5, 7), (3, '?', 5, 6), (4, 3, 5, 1), ('?', 1, 5, '?'), (1, 3, 5, 1), (6, 7, 5, 3), (2, 7, 5, 1), (7, 7, 5, 6), (7, 7, 5, 6), (0, 1, 5, '?'), (0, '?', 5, 7), (2, 6, 5, 2), (7, '?', 5, 5), (0, '?', 5, 0), (5, '?', 5, 7), (2, '?', 5, 3), (3, '?', 5, 1), (0, 7, 5, '?'), (0, 7, 5, 7), (5, '?', 5, '?'), (5, '?', 5, 1), (7, 3, 5, 3), (4, 1, 5, 4), (5, 3, 5, 1), (7, 1, 5, 5), (7, 1, 5, 5), (2, 6, 5, 5), (4, 3, 5, 1), (1, 3, 5, 3), (4, '?', 5, 4), (0, 1, 5, 5), ('?', 7, 5, 2), (6, '?', 5, 6), (6, 1, 5, 5), (2, 7, 5, 6), (6, 3, 5, 6), (3, 7, 5, '?'), (4, 7, 5, 3), (0, 7, 5, 6), (2, '?', 5, 7), (2, 3, 5, 0), (4, 7, 5, 2), (2, 1, 5, 5), (3, 3, 5, 3), (0, '?', 5, 3), (3, 3, 5, 3), (7, 7, 5, 4), (4, 3, 5, 7), (1, 3, 5, 3), (2, 7, 5, 2), (6, 3, 5, 6), (3, 1, 5, 1), ('?', 3, 5, 3), (6, 3, 5, 0), (4, '?', 5, 4), (6, 1, 5, 4), (2, 0, 5, 5), (6, 4, 5, 7), (6, 1, 5, '?'), ('?', '?', 5, 2), (4, 7, 5, 4), (4, '?', 5, 0), (6, 7, 5, 4), (0, 1, 5, 4), (2, '?', 5, 6), (6, 3, 5, 6), (6, 1, 5, 2), (2, 3, 5, 6), (1, '?', 5, 7), (5, '?', 5, 1), (0, 3, 5, '?'), (2, 6, 5, '?'), (2, 3, 5, 0), (2, 7, 5, 6), (0, 1, 5, 3), (6, 4, 5, 7), (2, 7, 5, 6), (1, 3, 5, 6), (4, 1, 5, 6), (7, 7, 5, '?'), (0, '?', 5, '?'), (2, 3, 5, 5), (2, 7, 5, 2), (6, 6, 5, 5), (5, '?', 5, '?'), (2, 6, 5, 1), (0, 1, 5, 0), (7, 7, 5, '?'), (3, 6, 5, 4), (6, '?', 5, '?'), (1, 1, 5, 5), ('?', '?', 5, 0), (2, 1, 5, 5), (5, '?', 5, '?'), (3, 6, 5, '?'), (2, 0, 5, 0), (1, 3, 5, 4), (6, 2, 5, 6), (7, 3, 5, 3), (2, 3, 5, '?'), (1, 3, 5, 5), (5, '?', 5, 7), (5, '?', 5, 7), (2, 7, 5, 1), (5, '?', 5, 5), (2, 3, 5, 0), ('?', '?', 5, 2), (4, 7, 5, 3), (6, '?', 5, 0), (6, 3, 5, 0), (0, 7, 5, 7), (4, 3, 5, 2), (1, 3, 5, 1), (2, 3, 5, 2), (2, 1, 5, 3), (2, 1, 5, 2), (2, 0, 5, '?'), (6, 7, 5, 6), (5, 3, 5, 2), (2, 0, 5, 0), (2, 6, 5, 2), (6, 7, 5, 6), ('?', '?', 5, 1), (5, '?', 5, 7), ('?', '?', 5, 5), (3, 3, 5, 3), (4, 1, 5, 0), (6, '?', 5, 5), (3, '?', 5, 6), (0, 3, 5, '?'), (6, '?', 5, 2), (2, 3, 5, 3), (6, 7, 5, 7), (1, '?', 5, '?'), (6, '?', 5, 0), (1, '?', 5, 3), (2, 3, 5, 7), ('?', '?', 5, 1), (5, '?', 5, 6), (2, 7, 5, 3), ('?', 7, 5, 2), (6, 6, 5, 5), (3, 6, 5, 6), (7, '?', 5, 1), (0, 7, 5, 1), (0, 7, 5, '?'), (7, 7, 5, 7), (6, 3, 5, 1), ('?', 1, 5, 2), (7, '?', 5, 4), (3, 1, 5, 7), (3, 6, 5, 6), (7, 1, 5, 6), (1, 3, 5, 6), (7, 3, 5, 0), (5, 3, 5, 2), (1, 3, 5, 5), (7, 7, 5, 2), (2, 3, 5, 3), (7, 7, 5, 1), ('?', '?', 5, 5), (1, 1, 5, 3), (7, '?', 5, 5), (6, '?', 5, '?'), (1, '?', 5, '?'), (1, 3, 5, 0), ('?', 7, 5, 4), (5, '?', 5, 1), (7, '?', 5, 7), ('?', '?', 5, 0), (4, 1, 5, 1), (1, '?', 5, 6), (0, '?', 5, 0), (7, 7, 5, 5), (6, 1, 5, 2), (0, 3, 5, 3), ('?', 7, 5, 1), (0, 7, 5, 5), (2, '?', 5, 3), (1, 3, 5, 0), (2, 6, 5, 4), (2, 3, 5, 2), ('?', 7, 5, 1), (2, 1, 5, 5), (4, 7, 5, 7), (4, 3, 5, 3), (7, 3, 5, 0), (4, 1, 5, 3), (7, 1, 5, 6), ('?', 3, 5, 1), (7, 7, 5, 4), (4, 1, 5, 3), (0, '?', 5, 3), (3, '?', 5, 5), (0, 3, 5, 2), (0, 3, 5, 5), (3, 3, 5, '?'), (1, 3, 5, 0), (4, 1, 5, 6), (2, 3, 5, 6), (7, 7, 5, 1), (1, 3, 5, 5), (4, '?', 5, 3), (7, 3, 5, '?'), (7, 7, 5, 7), (1, '?', 5, 3), (0, '?', 5, '?'), (1, '?', 5, 0), (5, '?', 5, '?'), (6, '?', 5, 5), (0, 3, 5, 1), (2, 0, 5, 7), (5, '?', 5, 1), (6, 0, 5, 5), (4, 1, 5, 4), (2, 3, 5, 2), (7, 7, 5, 5), (6, 1, 5, 7), (6, 1, 5, 7), (3, 7, 5, '?'), (7, 7, 5, 5), (6, 3, 5, 3), (6, 7, 5, 6), (7, 3, 5, 0), (4, 7, 5, 4), ('?', 7, 5, 1), (7, 3, 5, 1), (0, 7, 5, 5), (5, 3, 5, 7), (2, 1, 5, 7), (5, '?', 5, 6), (5, '?', 5, 7), (0, 7, 5, 1), (7, '?', 5, 3), (7, 1, 5, 7), ('?', '?', 5, 2), (2, 3, 5, '?'), (3, 1, 5, 6), (6, '?', 5, 2), (0, 3, 5, 3), (4, '?', 5, 5), (4, '?', 5, '?'), (3, '?', 5, 0), (3, 3, 5, '?'), (1, '?', 5, 3), (4, 7, 5, 1), (5, '?', 5, 2), (6, '?', 5, 0), (6, 7, 5, 7), (0, 3, 5, 3), (4, 1, 5, 3), (6, 4, 5, 6), (3, '?', 5, 1), (1, '?', 5, 7), (0, 1, 5, 4), (2, 6, 5, 1), (5, '?', 5, 1), (3, '?', 5, 0), (7, '?', 5, '?'), (0, 3, 5, 5), (6, 7, 5, 6), (4, 1, 5, 4), (6, 3, 5, 6), (0, '?', 5, 6), (4, 3, 5, 1), (0, 3, 5, 4), (1, 3, 5, '?'), (2, 3, 5, 4), (4, 3, 5, 6), (1, 3, 5, 5), (6, 1, 5, 3), (3, 6, 5, 4), (3, 7, 5, 1), (2, 3, 5, 2), (5, 3, 5, 4), (2, 1, 5, 3), (3, 3, 5, 7), (4, 3, 5, 7), (6, 4, 5, 7), (2, 1, 5, 7), (2, 1, 5, 2), (7, 1, 5, '?'), (0, 7, 5, 2), (0, 7, 5, '?'), (0, '?', 5, '?'), ('?', 7, 5, 3), ('?', 3, 5, 3), (4, '?', 5, 7), (0, 3, 5, 3), (4, 3, 5, 0), (2, 7, 5, 5), (1, 3, 5, '?'), (4, 1, 5, '?'), (4, '?', 5, 7), (7, '?', 5, 1), (6, 3, 5, '?'), (6, 3, 5, 7), (7, 7, 5, 4), (2, '?', 5, 5), (7, 7, 5, 5), (4, '?', 5, 3), (6, '?', 5, 3), (7, 7, 5, 5), (7, 7, 5, 3), (7, 1, 5, 0), (7, '?', 5, 4), (0, 7, 5, 3), (1, '?', 5, 1), (7, 3, 5, 0), (6, 3, 5, 2), (1, 3, 5, 4), (6, 7, 5, 6), (7, 3, 5, '?'), (2, 7, 5, 6), (0, 1, 5, 7), (6, 3, 5, 2), (4, 1, 5, 5), (3, '?', 5, 2), (6, 3, 5, 3), (2, '?', 5, 6), (6, 3, 5, 6), (0, 7, 5, 2), (0, 3, 5, 2), ('?', 3, 5, 5), (7, 1, 5, 0), (5, '?', 5, 6), (0, 3, 5, 0), (6, 3, 5, 0), (1, 1, 5, 4), (4, 1, 5, 4), (6, '?', 5, 7), (5, 3, 5, 2), (6, 3, 5, 2), ('?', 3, 5, 1), (7, 3, 5, '?'), ('?', 7, 5, 1), (6, 1, 5, 6), (7, 7, 5, 1), (1, 1, 5, 3), ('?', '?', 5, 2), (4, '?', 5, 1), (5, '?', 5, 4), (6, 7, 5, 5), (7, 7, 5, '?'), (1, 3, 5, '?'), (3, '?', 5, 0), (6, 7, 5, 1), (2, 3, 5, 7), (6, '?', 5, 4), (1, '?', 5, 1), (6, 3, 5, 2), (0, 3, 5, 0), (4, 1, 5, 6), (3, '?', 5, 0), (3, '?', 5, 4), (4, '?', 5, 1), (2, 1, 5, 3), (4, '?', 5, '?'), (7, 1, 5, 6), (7, 7, 5, 6), (7, 7, 5, 3), (0, 3, 5, 0), (7, 7, 5, '?'), ('?', 3, 5, 5), (0, 3, 5, 2), (4, 3, 5, 7), (5, '?', 5, '?'), (3, '?', 5, 5), (7, 3, 5, 0), (4, 3, 5, 7), (0, 1, 5, '?'), (2, 6, 5, 3), (7, '?', 5, 7), (0, 1, 5, 5), (2, 6, 5, 7), (0, 6, 5, 4), (7, '?', 5, 5), (1, 3, 5, 1), ('?', 7, 5, '?'), (4, 7, 5, 1), (6, '?', 5, 2), ('?', 3, 5, 5), (4, 3, 5, 3), (5, 3, 5, 7), (3, 7, 5, 2), ('?', 3, 5, 3), (3, 3, 5, 6), (7, 1, 5, 4), (6, 0, 5, 4), (4, 3, 5, 3), (0, 7, 5, 6), (3, 7, 5, '?'), (0, '?', 5, '?'), (6, 3, 5, 3), (7, 3, 5, 3), (7, '?', 5, 4), (1, 3, 5, 2), (4, '?', 5, 7), (0, 1, 5, 2), (5, '?', 5, '?'), (2, 1, 5, '?'), ('?', 7, 5, 3), (3, '?', 5, '?'), (2, 6, 5, 5), (2, 6, 5, 3), (7, 3, 5, 5), (0, 7, 5, 7), (6, 1, 5, 7), (7, 3, 5, 4), (6, 1, 5, 7), (4, 1, 5, '?'), (5, '?', 5, 7), (7, 7, 5, 0), (6, 3, 5, 6), (0, 1, 5, 1), (7, 3, 5, '?'), (5, '?', 5, 4), (1, '?', 5, 6), (4, 7, 5, 2), (2, 6, 5, 4), (7, 7, 5, 1), ('?', 7, 5, 1), (4, 1, 5, '?'), (1, 3, 5, 4), (6, 4, 5, 6), (3, 3, 5, '?'), (3, 3, 5, 7), (2, '?', 5, 6), (0, 1, 5, '?'), (0, '?', 5, 0), (1, '?', 5, 6), (4, 7, 5, 2), ('?', '?', 5, 6), (3, '?', 5, 2), (1, '?', 5, 1), (2, 7, 5, 2), (4, 7, 5, 7), (2, 1, 5, '?'), (1, '?', 5, 0), (6, 1, 5, 5), (2, 3, 5, 1), (1, '?', 5, 7), (0, 3, 5, 0), (7, 1, 5, 5), (1, '?', 5, 6), (3, 7, 5, 1), (6, '?', 5, 6), (2, '?', 5, '?'), (3, '?', 5, 5), ('?', '?', 5, 3), (4, 0, 5, 5), (5, '?', 5, 6), (7, 1, 5, 6), ('?', '?', 5, 5), (0, 1, 5, 4), (2, 7, 5, 5), (4, 7, 5, 1), (0, 7, 5, 6), (2, 3, 5, 5), (7, '?', 5, 3), (0, '?', 5, 6), (6, '?', 5, 6), (0, 7, 5, 1), ('?', '?', 5, 6), (1, 1, 5, 5), (6, 1, 5, 3), (0, 7, 5, 3), (0, '?', 5, 6), (7, 7, 5, 7), (1, 3, 5, 6), (2, '?', 5, 7), (2, 3, 5, 1), (0, 3, 5, 1), (6, 3, 5, 0), (2, 7, 5, 1), (4, '?', 5, 3), (6, 6, 5, 5), (6, 1, 5, 3), (6, 1, 5, '?'), (3, 3, 5, 7), (1, 3, 5, 7), (4, '?', 5, '?'), ('?', '?', 5, 1), (7, 7, 5, 3), (0, 1, 5, 5), (1, 1, 5, 5), (3, '?', 5, '?'), (5, '?', 5, 3), (3, '?', 5, 6), ('?', 3, 5, 1), (2, 0, 5, 4), (2, 4, 5, 2), (1, 1, 5, 3), (0, 1, 5, 7), (7, 7, 5, 3), (5, 3, 5, 3), (6, '?', 5, 4), (6, 3, 5, '?'), ('?', 3, 5, 1), ('?', 7, 5, 5), (2, 6, 5, 0), (6, '?', 5, 4), (1, '?', 5, 0), (4, 7, 5, 6), (7, 1, 5, 2), (7, 7, 5, 5), (5, '?', 5, 2), (5, '?', 5, 5), (0, 1, 5, 2), (5, 3, 5, 3), (5, 3, 5, 1), (3, '?', 5, 5), (6, 1, 5, 5), (1, 3, 5, 4), (4, 1, 5, 5), (6, '?', 5, 4), (7, 7, 5, 4), (4, 1, 5, 1), (0, '?', 5, 2), (0, 3, 5, 1), (0, 1, 5, 3), (1, 3, 5, 0), ('?', 7, 5, 3), (2, 3, 5, 5), (2, 3, 5, 1), (1, 3, 5, 4), (5, '?', 5, 5), (1, 3, 5, 3), (1, 3, 5, 7), (4, 7, 5, 7), (3, 3, 5, 3), (6, 3, 5, '?'), (6, 6, 5, 5), (0, '?', 5, '?'), (3, 3, 5, 6), (5, 3, 5, 1), (7, 3, 5, 4), (5, '?', 5, 1), (3, '?', 5, 1), (0, 7, 5, 1), (0, 6, 5, 4), (3, '?', 5, 2), (0, 7, 5, 5), (2, 3, 5, 1), ('?', 3, 5, 5), (6, '?', 5, 7), (1, 3, 5, 7), (7, '?', 5, '?'), ('?', 7, 5, 5), ('?', '?', 5, 1), (7, 7, 5, 4), ('?', '?', 5, 0), (7, 3, 5, 3), (7, 7, 5, 6), (5, 7, 5, '?'), (1, '?', 5, 0), (2, 3, 5, 6), ('?', 3, 5, 1), (4, '?', 5, 5), ('?', 3, 5, 1), (4, '?', 5, 1), (3, 7, 5, 3), (2, 7, 5, 1), (0, 1, 5, 2), (6, '?', 5, 3), (5, '?', 5, 2), (3, '?', 5, 6), (3, 3, 5, 7), (0, 3, 5, 0), (2, 0, 5, 0), (4, 3, 5, '?'), (4, 1, 5, 2), (4, 1, 5, 6), (0, 7, 5, 6), (4, 1, 5, 1), (3, '?', 5, 4), (2, 0, 5, 5), (4, 7, 5, 2), (6, 7, 5, 4), (2, 7, 5, 5), (1, 3, 5, 7), (2, 6, 5, 4), (4, 1, 5, '?'), (0, 3, 5, '?'), ('?', 6, 5, 1), (7, 3, 5, 1), (4, 7, 5, 4), (7, '?', 5, 1), (3, 7, 5, '?'), (2, 1, 5, 2), (0, '?', 5, 0), (2, 1, 5, 4), (6, 3, 5, 0), (1, 3, 5, 5), (5, '?', 5, 5), (2, '?', 5, '?'), (6, 3, 5, 1), (3, '?', 5, 5), (4, 1, 5, 5), (6, 1, 5, '?'), (3, 7, 5, 1), ('?', 7, 5, 1), (2, 1, 5, 1), (6, '?', 5, 6), (5, '?', 5, 0), (2, '?', 5, 3), (2, 1, 5, '?'), (5, '?', 5, 6), (7, 1, 5, 0), (7, 1, 5, 4), ('?', 7, 5, 2), (4, 7, 5, 7), (2, 1, 5, 4), (1, 3, 5, 6), (7, 7, 5, 1), (0, 3, 5, 0), (4, 3, 5, '?'), (7, '?', 5, 6), (5, 3, 5, '?'), (0, 7, 5, 2), (0, 1, 5, 5), (4, '?', 5, 0), (7, '?', 5, 7), (7, 7, 5, 2), (7, '?', 5, 6), (3, 7, 5, 1), (3, 1, 5, 4), (4, '?', 5, 0), (1, 3, 5, 4), ('?', 7, 5, '?'), (7, 1, 5, 4), (0, 1, 5, 3), (2, 1, 5, 3), (0, '?', 5, 7), ('?', '?', 5, 1), (0, 1, 5, 7), ('?', '?', 5, 1), (0, 7, 5, 6), (0, 1, 5, 5), (5, 3, 5, 3), (6, 3, 5, 2), ('?', 1, 5, 2), (2, 7, 5, '?'), (2, '?', 5, 3), (0, '?', 5, 0), (6, 0, 5, 5), (0, '?', 5, 6), (2, 3, 5, 4), (6, 1, 5, 0), (5, '?', 5, 0), (4, '?', 5, 5), (6, '?', 5, 7), (3, '?', 5, 1), ('?', 1, 5, '?'), (6, 7, 5, 5), (5, 7, 5, 1), (7, '?', 5, 1), (5, 3, 5, '?'), (2, 6, 5, 1), (2, 1, 5, 1), (6, 7, 5, 4), (5, '?', 5, 3), (2, 6, 5, 7), (1, 1, 5, '?'), (0, 7, 5, '?'), (2, 3, 5, 5), ('?', '?', 5, 1), (5, '?', 5, 4), (2, '?', 5, 5), (2, '?', 5, 3), (7, 3, 5, 1), (4, 3, 5, '?'), (0, 7, 5, 3), (2, '?', 5, 5), (5, '?', 5, 6), (5, 7, 5, 1), (6, 7, 5, 0), (2, 4, 5, 2), (2, 1, 5, 1), (6, '?', 5, 2), (2, 7, 5, '?'), (5, '?', 5, 1), (5, '?', 5, 3), (7, 1, 5, '?'), (3, 3, 5, 6), (2, 7, 5, 6), (7, 1, 5, 7), (6, 3, 5, 7), (7, '?', 5, 7), (1, 1, 5, 3), (6, 1, 5, 3), (4, '?', 5, 5), (2, 3, 5, 5), (2, 3, 5, '?'), (0, 1, 5, 4), (6, 1, 5, 4), ('?', '?', 5, 0), (7, 3, 5, 4), (6, 3, 5, '?'), (7, '?', 5, 6), (5, 7, 5, '?'), (3, 1, 5, 1), (6, '?', 5, 7), (2, 1, 5, '?'), (3, 6, 5, 3), (2, 6, 5, 1), (7, 3, 5, 0), (0, 7, 5, 6), (0, '?', 5, 7), (3, '?', 5, '?'), ('?', '?', 5, 1), (0, 7, 5, 5), (2, '?', 5, 3), ('?', 3, 5, 1), (6, '?', 5, 7), (0, 7, 5, '?'), (4, '?', 5, 7), (5, 3, 5, 6), (2, 1, 5, 1), (2, 7, 5, 3), (5, '?', 5, 2), (3, 6, 5, 5), (7, 3, 5, 0), ('?', '?', 5, 6), (5, '?', 5, '?'), ('?', 7, 5, 7), (1, '?', 5, 0), (1, 1, 5, '?'), (0, 1, 5, 4), (0, 7, 5, 7), (6, 1, 5, 3), (0, 1, 5, 4), (2, 3, 5, 6), (1, 3, 5, 5), (2, 7, 5, 2), (1, '?', 5, 6), (2, '?', 5, 5), (2, 3, 5, 0), (5, 3, 5, 1), (2, 1, 5, 5), (3, 1, 5, 6), (2, '?', 5, 5), (0, '?', 5, 6), (1, 3, 5, 2), (7, 3, 5, 5), (5, 3, 5, 7), (1, '?', 5, 6), (0, 1, 5, 5), (5, '?', 5, 4), (4, '?', 5, 5), (5, 3, 5, 3), (2, 7, 5, 3), ('?', 7, 5, 5), (0, 7, 5, 5), (2, 6, 5, 5), (6, 3, 5, 0), (4, 3, 5, 3), (6, 1, 5, 5), ('?', '?', 5, 2), ('?', '?', 5, 0), (7, 3, 5, 1), (7, 7, 5, 2), (3, 1, 5, 7), (5, '?', 5, 5), (4, '?', 5, 5), (4, 1, 5, 3), (6, 7, 5, 4), (2, 6, 5, '?'), (2, 1, 5, 3), (7, 7, 5, 6), (2, 3, 5, 0), (6, 3, 5, 1), ('?', 3, 5, 5), (0, 7, 5, 3), (4, '?', 5, '?'), (1, 7, 5, 5), (6, 3, 5, 0), (1, '?', 5, '?'), (2, 1, 5, 7), (3, '?', 5, 5), (0, 1, 5, 5), (2, 7, 5, 1), (0, 3, 5, 1), (2, 3, 5, 3), (6, '?', 5, 2), (3, '?', 5, 4), (5, '?', 5, 0), (4, 1, 5, 2), (5, '?', 5, 5), (6, 4, 5, 6), (5, '?', 5, 0), (3, 1, 5, 3), (4, 1, 5, 5), (3, 1, 5, 3), (3, '?', 5, '?'), (7, 3, 5, 5), ('?', '?', 5, 3), (3, 7, 5, 2), (0, 3, 5, 0), (1, '?', 5, 7), (7, 3, 5, 0), (7, 3, 5, 6), (4, '?', 5, 7), (6, 1, 5, 5), (0, 1, 5, 0), (2, 3, 5, 3), (5, 3, 5, 7), (6, 7, 5, 0), (5, '?', 5, 6), (1, '?', 5, 5), (4, 1, 5, 3), (0, 7, 5, '?'), (4, 7, 5, 7), (4, '?', 5, '?'), (6, 3, 5, 3), (2, 1, 5, 3), (4, 1, 5, 6), (1, 3, 5, '?'), (2, 3, 5, 2), (0, 1, 5, '?'), (7, 3, 5, '?'), (3, 6, 5, 6), (5, 3, 5, 3), (0, 7, 5, 3), ('?', 1, 5, 2), (7, '?', 5, 4), (6, 1, 5, 7), (0, 3, 5, '?'), (7, '?', 5, 6), (2, 3, 5, 4), (6, 1, 5, 5), (4, 3, 5, 3), ('?', 1, 5, '?'), (5, '?', 5, 6), (4, 7, 5, 2), (5, 3, 5, 3), (3, '?', 5, 4), (2, 3, 5, 4), (7, 1, 5, '?'), (2, '?', 5, 7), (4, '?', 5, 5), (0, 7, 5, 2), (7, '?', 5, 7), (7, 3, 5, 3), (2, 7, 5, '?'), (2, 3, 5, 7), ('?', 1, 5, 2), (1, '?', 5, 3), (3, '?', 5, 6), (3, 3, 5, 7), (2, 6, 5, 5), (4, '?', 5, 1), (7, 7, 5, 2), (7, 7, 5, 3), (7, '?', 5, '?'), (7, '?', 5, 6), (7, 7, 5, 3), (7, 3, 5, 3), (5, '?', 5, 0), (2, 6, 5, 4), (2, 3, 5, 3), (7, '?', 5, 3), ('?', '?', 5, 2), (2, 4, 5, 2), (5, 7, 5, '?'), (0, 1, 5, 2), ('?', '?', 5, 3), (1, 3, 5, 6), ('?', '?', 5, 5), (7, 1, 5, 5), (1, '?', 5, 5), (1, '?', 5, 1), (2, 3, 5, 7), ('?', 1, 5, 4), (3, 1, 5, 4), (2, 3, 5, 3), (0, '?', 5, 2), (7, '?', 5, 7), (4, 1, 5, 3), (6, 3, 5, 3), (7, '?', 5, 4), (3, 7, 5, 1), (4, 7, 5, 3), (2, 6, 5, 3), (3, '?', 5, 0), (6, 4, 5, 6), (2, 6, 5, 3), (6, '?', 5, 7), (1, '?', 5, 5), (1, 3, 5, 3), (1, 3, 5, 2), (7, 1, 5, 0), (3, 6, 5, 4), ('?', 7, 5, 4), (5, '?', 5, 4), (1, 3, 5, 3), (2, 1, 5, '?'), (6, 1, 5, 3), ('?', 7, 5, 3), (5, '?', 5, 6), (7, 1, 5, 5), (2, 7, 5, 3), (3, '?', 5, 2), (3, 1, 5, 3), (0, 1, 5, 7), (2, 4, 5, 2), (4, 1, 5, 2), (0, 1, 5, 4)]"
"(12, 12, 12, 15, 0)","[(7, 3, 5, 5), (4, 3, 5, 1), (4, 3, 5, 2), (5, 3, 5, 6), (5, 3, 5, 2), (5, 3, 5, 2), (4, 3, 5, '?'), (5, 3, 5, 4), (2, 3, 5, 2)]"
"(12, 12, 12, 16, 0)","[(1, 1, 5, '?'), (4, 1, 5, '?'), (4, 1, 5, 0), (4, 1, 5, 2), (2, 1, 5, 4), (3, 1, 5, 3), ('?', 1, 5, 2), (7, 1, 5, 5), (7, 1, 5, 7), (6, 1, 5, 4), (5, 7, 5, 1), (3, 1, 5, 2), (3, 1, 5, 3), (7, 1, 5, 4), (6, 1, 5, 5), ('?', 1, 5, 4), (7, 1, 5, '?'), ('?', 1, 5, '?'), ('?', 1, 5, '?'), (7, 1, 5, '?'), (0, 1, 5, 0), (4, 1, 5, 3), (0, 1, 5, 1), (1, 1, 5, 1), (4, 1, 5, 6), (6, 1, 5, 1), (3, 1, 5, 3), (3, 1, 5, 2), (3, 1, 5, 6), (6, 1, 5, 5), (6, 1, 5, 1), (0, 1, 5, 2), (2, 1, 5, 4), (2, 1, 5, 4), (3, 1, 5, 2), (0, 1, 5, 2), (7, 1, 5, 2), (6, 1, 5, 6), (7, 1, 5, '?')]"
"(12, 12, 12, 23, 0)","[(6, 4, 5, 6), (6, '?', 5, 0), (3, '?', 5, '?')]"
"(12, 12, 12, 27, 0)","[(6, 7, 5, 1), (1, 7, 5, 1), (6, 7, 5, 0), (6, 7, 5, 1), ('?', 7, 5, 5), ('?', 7, 5, 4), ('?', 7, 5, 4), (6, 7, 5, 6), (1, 7, 5, 3), (4, 7, 5, 4), (4, 7, 5, 4), (4, 7, 5, 4), (7, 7, 5, 0), (6, 7, 5, 5), (4, 7, 5, 6), ('?', 7, 5, 2), (1, 7, 5, 5), ('?', 7, 5, 7), (7, 7, 5, 7), ('?', 7, 5, 2), (6, 7, 5, 4), (5, 7, 5, 6), (2, 7, 5, 1), (6, 7, 5, 1), (3, 7, 5, 6), (3, 7, 5, 6), (1, 7, 5, 1), (6, 7, 5, 1), (4, 7, 5, 4), (5, 7, 5, 6)]"
"(12, 12, 15, 12, 0)","[(5, 3, 5, 5), (5, 3, 5, 1), (4, 3, 5, 5), (3, 3, 5, 7), (5, 3, 5, 7)]"
"(12, 12, 15, 15, 0)","[(1, 3, 5, 5), (5, 3, 5, 4), (5, 3, 5, '?'), (5, 3, 5, 3), (5, 3, 5, 5), (3, 3, 5, 5), (4, 3, 5, 0), (5, 3, 5, 5), (5, 3, 5, 5), (5, 3, 5, 5), (3, 3, 5, 2), (4, 3, 5, '?'), ('?', 3, 5, 5), (4, 3, 5, 5), (5, 3, 5, 5), (4, 3, 5, 1), (4, 3, 5, 5), (5, 3, 5, 7), (4, 3, 5, 5), (5, 3, 5, 5), (5, 3, 5, '?'), (4, 3, 5, 2), (5, 3, 5, 5), (4, 3, 5, 1), (4, 3, 5, 5), (5, 3, 5, 5), (4, 3, 5, 5), (3, 3, 5, 3)]"
"(12, 12, 15, 20, 0)","[(4, 3, 5, 2)]"
"(12, 12, 16, 7, 0)","[(3, 1, 5, 6), (2, 1, 5, 4)]"
"(12, 12, 16, 12, 0)","[(4, 1, 5, 6), (7, 1, 5, 7), (6, 1, 5, 7), (7, 1, 5, 6), (2, 1, 5, 4), (2, 1, 5, '?'), (3, 1, 5, 6), (7, 1, 5, 2), (7, 1, 5, 4)]"
"(12, 12, 16, 16, 0)","[(6, 1, 5, 1), (6, 1, 5, 0), (0, 1, 5, 1), (4, 1, 5, 1), (6, 1, 5, 0), (0, 1, 5, 1), ('?', 1, 5, 2), (6, 1, 5, 4), (3, 1, 5, 6), (6, 1, 5, 0), (6, 1, 5, 1), (5, 1, 5, 3), (7, 1, 5, 2), (2, 1, 5, 2), (2, 1, 5, '?'), (4, 1, 5, 0), (4, 1, 5, 4), (7, 1, 5, 2), (6, 1, 5, '?'), (2, 1, 5, 2), (2, 1, 5, 0), (7, 1, 5, 2), (3, 1, 5, 7), (2, 1, 5, 0), (2, 1, 5, 0), (4, 1, 5, 2), (2, 1, 5, 4), (6, 1, 5, 1), ('?', 1, 5, 2), (7, 1, 5, '?'), (1, 1, 5, 2), (7, 1, 5, 2), (3, 1, 5, 2), (3, 1, 5, 6), (3, 1, 5, 4), (6, 1, 5, 2), (3, 1, 5, 1), (4, 1, 5, 0), (4, 1, 5, 0), (6, 1, 5, 7), ('?', 1, 5, 2), (2, 1, 5, 0), (0, 1, 5, 1), (2, 1, 5, 0), (7, 1, 5, 2), (1, 1, 5, 2), (6, 1, 5, 0), (6, 1, 5, 1), (1, 1, 5, '?'), (3, 1, 5, 1), (7, 1, 5, 2), (1, 1, 5, 7)]"
"(12, 12, 19, 12, 0)","[(2, 0, 5, 7), (6, 0, 5, 5), (2, 0, 5, '?'), (2, 0, 5, 6), (7, 0, 5, '?'), (6, 0, 5, 5)]"
"(12, 12, 20, 12, 0)","[(4, 1, 5, 0)]"
"(12, 12, 20, 27, 0)","[(3, 7, 5, '?')]"
"(12, 12, 23, 5, 0)","[('?', 2, 5, '?')]"
"(12, 12, 23, 12, 0)","[(3, 7, 5, 3), (4, 2, 5, 4), ('?', 2, 5, 6), ('?', 2, 5, 5), (6, 2, 5, 6)]"
"(12, 12, 23, 23, 0)","[(3, 2, 5, 6), ('?', 2, 5, 6), ('?', 2, 5, 6), (3, 2, 5, 1), (6, 2, 5, 5), (3, '?', 5, 0), (6, 2, 5, 6), (3, 2, 5, 4), ('?', 2, 5, 6), (3, 2, 5, 4), (2, 2, 5, 3)]"
"(12, 12, 27, 12, 0)","[(6, 7, 5, 7), (4, 7, 5, 6), (7, 7, 5, 0), (6, 7, 5, 7), (2, 7, 5, 2), (6, 7, 5, 3)]"
"(12, 12, 27, 27, 0)","[(6, 7, 5, 1), ('?', 7, 5, 4), (1, 7, 5, 6), (1, 7, 5, 2), (1, 7, 5, '?'), (6, 7, 5, 3), (1, 7, 5, 2), ('?', 7, 5, 7), (4, 7, 5, 0), (1, 7, 5, 6), (1, 7, 5, 3), (1, 7, 5, 5), (1, 7, 5, 3), (1, 7, 5, '?'), (1, 7, 5, 2), (1, 7, 5, 3), (4, 7, 5, 0), (4, 7, 5, 0), (4, 7, 5, 1), (1, 7, 5, 1), ('?', 7, 5, 4), ('?', 7, 5, 4), (1, 7, 5, 5), (1, 7, 5, '?'), (4, 7, 5, 0), (1, 7, 5, '?'), (4, 7, 5, 1), (5, 7, 5, 1), (1, 7, 5, 3), (1, 7, 5, 5), (6, 7, 5, 5), (1, 7, 5, 1), (1, 7, 5, 2), (1, 7, 5, '?'), (5, 7, 5, 6), ('?', 7, 5, 7), (4, 7, 5, 0), (6, 7, 5, 3), (4, 7, 5, 6), (1, 7, 5, 2), (6, 7, 5, 1), (3, 7, 5, '?'), ('?', 7, 5, 3), (1, 7, 5, 2), (1, 7, 5, 1), (4, 7, 5, 6), (6, 7, 5, 7), (1, 7, 5, 5), (6, 7, 5, 3), (6, 7, 5, 4), ('?', 7, 5, '?'), (2, 7, 5, 2)]"
"(12, 15, 12, 12, 0)","[(3, 3, 5, 1), (3, 3, 5, 1)]"
"(12, 15, 15, 12, 0)","[(3, 3, 5, 1), (4, 3, 5, 1)]"
"(12, 15, 15, 15, 0)","[(3, 3, 5, 6), (3, 3, 5, 2), (3, 3, 5, 2), (5, 3, 5, 5), (3, 3, 5, 6), (3, 3, 5, 3), (3, 3, 5, 1), (3, 3, 5, 5), (3, 3, 5, 3), (3, 3, 5, 6), (3, 3, 5, '?'), (3, 3, 5, 2), (5, 3, 5, 4), (3, 3, 5, 1), (5, 3, 5, 4), (4, 3, 5, 3), (1, 3, 5, 5), (3, 3, 5, 6), (4, 3, 5, 0), (4, 3, 5, 0), (3, 3, 5, 6), (3, 3, 5, '?'), (3, 3, 5, 5), ('?', 3, 5, 6), (3, 3, 5, 5), (5, 3, 5, '?'), (3, 3, 5, '?'), (3, 3, 5, 5), (3, 3, 5, 2), ('?', 3, 5, 6), (4, 3, 5, 2), (3, 3, 5, 2), (3, 3, 5, 2), (3, 3, 5, 5), (3, 3, 5, 5), (3, 3, 5, 2), (5, 3, 5, 4), (3, 3, 5, 2), (3, 3, 5, '?'), (5, 3, 5, 7)]"
"(12, 15, 15, 20, 0)","[(4, 3, 5, 2)]"
"(12, 15, 20, 12, 0)","[(4, 3, 5, 0)]"
"(12, 16, 12, 12, 0)","[(5, 7, 5, 6)]"
"(12, 16, 12, 27, 0)","[(5, 7, 5, 4)]"
"(12, 16, 16, 16, 0)","[(1, 1, 5, 6), (1, 1, 5, 2), (1, 1, 5, 4), (3, 1, 5, 0), (3, 1, 5, 2), (1, 1, 5, 7), (3, 1, 5, 2), (3, 1, 5, 3), ('?', 1, 5, 4), (1, 1, 5, 3), (6, 1, 5, 4), (1, 1, 5, '?'), (1, 1, 5, 7), (3, 1, 5, 0), (1, 1, 5, 7), (1, 1, 5, '?'), (3, 1, 5, 4), (3, 1, 5, 4), (3, 1, 5, 0), (1, 1, 5, 1), (1, 1, 5, 4), (1, 1, 5, '?'), (1, 1, 5, 4), (3, 1, 5, 3), (1, 1, 5, '?'), (1, 1, 5, 6), (6, 1, 5, 0), (1, 1, 5, 4), ('?', 1, 5, 4), (6, 1, 5, 0), (1, 1, 5, 7), (1, 1, 5, 6), (1, 1, 5, 1), (3, 1, 5, 7), (1, 1, 5, 2), (6, 1, 5, 1), (7, 1, 5, 2), (1, 1, 5, 6), (1, 1, 5, 6), (3, 1, 5, 0), (6, 1, 5, 0), (1, 1, 5, 6), (1, 1, 5, 2), (6, 1, 5, '?'), (1, 1, 5, 2), (2, 1, 5, 0), (6, 1, 5, '?'), ('?', 1, 5, 4), ('?', 1, 5, 4), (3, 1, 5, 4), (3, 1, 5, 2), (1, 1, 5, 2), (1, 1, 5, 1), (1, 1, 5, 6), (1, 1, 5, 4), (6, 1, 5, 7), (1, 1, 5, 7), (3, 1, 5, 4), (6, 1, 5, 2), (3, 1, 5, 0), (1, 1, 5, 6)]"
"(12, 16, 27, 27, 0)","[(5, 7, 5, 4)]"
"(12, 19, 12, 12, 0)","[(6, 4, 5, 6), (6, 0, 5, 5), (4, 0, 5, 5), (6, 0, 5, 5), (2, 0, 5, 4), (2, 0, 5, '?'), (6, 0, 5, 4)]"
"(12, 19, 12, 19, 0)","[(2, 0, 5, 6), (2, 0, 5, 7), (6, 0, 5, 5), (4, 0, 5, 5)]"
"(12, 19, 19, 12, 0)","[(2, 0, 5, 7), ('?', 0, 5, 0), (2, 0, 5, 5), (2, 0, 5, 5)]"
"(12, 19, 19, 19, 0)","[(6, 0, 5, 1), (2, 0, 5, '?')]"
"(12, 23, 12, 12, 0)","[(6, 2, 5, 0)]"
"(12, 23, 12, 23, 0)","[(6, 2, 5, 6), (6, 2, 5, 0), (2, 2, 5, 2), (4, 2, 5, 4), (6, 2, 5, 5)]"
"(12, 23, 23, 12, 0)","[(6, 2, 5, 6)]"
"(12, 23, 23, 23, 0)","[('?', 2, 5, 2), (3, '?', 5, 0), ('?', 2, 5, 6), (7, 2, 5, 5), (0, 2, 5, 7), (2, 2, 5, 0), (2, 2, 5, 3), ('?', 2, 5, 2), (7, 2, 5, 2), (3, 2, 5, 7), (4, 2, 5, 1), (2, 2, 5, 3), (6, 2, 5, 2), (3, 2, 5, '?'), (6, 2, 5, 2), (3, 2, 5, 4), (7, 2, 5, '?'), (3, 2, 5, '?'), (0, 2, 5, 1), (3, 2, 5, 6), (4, 2, 5, 5), (4, 2, 5, 4), (4, 2, 5, '?'), (6, 2, 5, 1), (0, 2, 5, 5), (3, 2, 5, 1), (3, 2, 5, 1), (7, 2, 5, 6), (6, 2, 5, 0), (7, 2, 5, 0), (1, 2, 5, 5), (6, 2, 5, 7), (0, 2, 5, 1), (6, 2, 5, 6), (1, 2, 5, 6), ('?', 2, 5, 2), (6, 2, 5, 2), (1, 2, 5, '?'), (3, 2, 5, '?'), (2, 2, 5, 2), (2, 2, 5, 2), (6, 2, 5, 2), (6, 2, 5, 5), (4, 2, 5, 6), (3, 2, 5, 4), (7, 2, 5, 5), (7, 2, 5, 2), ('?', 2, 5, 6), (2, 2, 5, 7), (6, 2, 5, 3), (3, 2, 5, 7), (4, 2, 5, 0), (1, 2, 5, 6), (1, 2, 5, '?'), (7, 2, 5, 5), (7, 2, 5, 2), (0, 2, 5, 5), (3, 2, 5, 0), (0, 2, 5, 7), (0, 2, 5, 5), (6, 2, 5, 0), (7, 2, 5, 7), (5, 2, 5, 1), (6, 2, 5, 3), (4, 2, 5, 4), (4, 2, 5, '?'), (0, 2, 5, 1), (3, 2, 5, 6), (0, 2, 5, 4), (0, 2, 5, 0), (7, 2, 5, 7), (7, 2, 5, 2), ('?', 2, 5, 2), (7, 2, 5, '?'), (7, 2, 5, 6), (3, 2, 5, 6), ('?', 2, 5, 6), (0, 2, 5, 0), ('?', 2, 5, 7), (2, 2, 5, 2), ('?', 2, 5, 5), (1, 2, 5, '?'), (6, 2, 5, 5), (6, 2, 5, 0), (6, 2, 5, 0), (1, 2, 5, 5), (2, 2, 5, 1), ('?', 2, 5, 5), (7, 2, 5, 2), ('?', 2, 5, 5), (7, 2, 5, 2), (2, 2, 5, 1), (2, 2, 5, 2), (4, 2, 5, 0), (4, 2, 5, 1), (6, 2, 5, 1), (0, 2, 5, 4), (1, 2, 5, 5), (3, 2, 5, 3), ('?', 2, 5, '?'), (3, 2, 5, 1), (3, 2, 5, 1), (6, 2, 5, 1), (3, 2, 5, 6), (4, 2, 5, 3), (2, 2, 5, '?'), (6, 2, 5, 0), (4, 2, 5, '?'), (4, 2, 5, 1), (7, 2, 5, '?'), (2, 2, 5, 7), ('?', 2, 5, 6), (1, 2, 5, 5), (4, 2, 5, 5), (4, 2, 5, 5), (4, 2, 5, 6), ('?', 2, 5, '?'), (7, 2, 5, 0), (7, 2, 5, 5), (7, 2, 5, 6), (2, 2, 5, '?'), (5, 2, 5, 6), (2, 2, 5, '?'), (4, 2, 5, 4), (1, 2, 5, '?'), (7, 2, 5, 2), (7, 2, 5, 0), (2, 2, 5, 3), (2, 2, 5, 3), (2, 2, 5, 7), (4, 2, 5, 0), (7, 2, 5, 7), (3, 2, 5, 1), (6, 2, 5, 6), (0, 2, 5, 4), (4, 2, 5, 0), (3, 2, 5, 6), (4, 2, 5, 5), (0, 2, 5, 5), (3, 2, 5, 1), (7, 2, 5, '?'), ('?', 2, 5, '?'), (7, 2, 5, 7), (7, 2, 5, 0), (4, 2, 5, 1), (6, 2, 5, 2), (3, 2, 5, 1), (3, 2, 5, 0), (2, 2, 5, 0), (7, 2, 5, 5), (6, 2, 5, 5), (7, 2, 5, 0), (4, 2, 5, 2), (6, 2, 5, 7), (3, 2, 5, '?'), (1, 2, 5, '?'), ('?', 2, 5, 3), (6, 2, 5, 5), (6, 2, 5, 3), (0, 2, 5, 5), ('?', 2, 5, 3), (3, 2, 5, 0), (7, 2, 5, 4), (4, 2, 5, 2), ('?', 2, 5, 7), (2, 2, 5, 1), (3, 2, 5, 7), (5, 2, 5, 6), ('?', 2, 5, 7), (6, 2, 5, 5), (2, 2, 5, 3), ('?', 2, 5, 0), (1, 2, 5, 6), (7, 2, 5, 5), ('?', 2, 5, 7), (4, 2, 5, 2), (6, 2, 5, 7), (5, 2, 5, 6), (7, 2, 5, 6), (5, 2, 5, 1), (4, 2, 5, 5), (2, 2, 5, '?'), (4, 2, 5, 1), (7, 2, 5, 4), (6, 2, 5, 2), (3, 2, 5, 4), (3, 2, 5, 4), (2, 2, 5, 7), (6, 2, 5, 1), (4, 2, 5, '?'), (0, 2, 5, 4), ('?', 2, 5, 2), (6, 2, 5, 0), (3, 2, 5, 1), (6, 2, 5, 7), (4, 2, 5, 6), (3, 2, 5, 3), (6, 2, 5, 3), (7, 2, 5, 2), (6, 2, 5, 2), ('?', 2, 5, 7), (2, 2, 5, 0), (3, 2, 5, '?'), (3, 2, 5, 3), (3, 2, 5, '?'), (3, 2, 5, 0), (7, 2, 5, 0), (4, 2, 5, 3), (2, 2, 5, 7), (7, 2, 5, 5), ('?', 2, 5, '?'), ('?', 2, 5, 7), ('?', 2, 5, 6), ('?', 2, 5, 3), (4, 2, 5, 2), (4, 2, 5, 1), (2, 2, 5, '?'), (2, 2, 5, 1), (2, 2, 5, 1), (6, 2, 5, 7), (7, 2, 5, '?'), (3, 2, 5, 3), ('?', 2, 5, 7), (1, 2, 5, 3), (1, 2, 5, 5), (6, 2, 5, 7), (2, 2, 5, 3), (2, 2, 5, 2), (1, 2, 5, 3), (6, 2, 5, 3), (7, 2, 5, 4), (7, 2, 5, 6), (6, 2, 5, 1), (7, 2, 5, 0), (5, '?', 5, 3), (7, 2, 5, 5), (1, 2, 5, 3), (0, 2, 5, 4), (2, 2, 5, 1), (7, 2, 5, 6), (6, 2, 5, 1), (0, 2, 5, 7), ('?', 2, 5, 5), (1, 2, 5, 6), (4, 2, 5, '?'), (7, 2, 5, '?'), (3, 2, 5, 7), (6, 2, 5, 5), (4, 2, 5, 5), ('?', 2, 5, 2), (3, 2, 5, '?'), (2, 2, 5, 7), (2, 2, 5, '?'), (7, 2, 5, '?'), (4, 2, 5, 0), (2, 2, 5, 2), (1, 2, 5, '?'), (4, 2, 5, 0), (1, 2, 5, 5), (1, 2, 5, 5), (0, 2, 5, 0), (4, 2, 5, 4), (1, 2, 5, 3), (0, 2, 5, 5), (5, 2, 5, 4), (6, 2, 5, 1), (4, 2, 5, 2), (4, 2, 5, 1), (6, 2, 5, 3), (4, 2, 5, 6), (6, 2, 5, 6), (4, 2, 5, 0), ('?', 2, 5, 3), (2, 2, 5, 0), (0, 2, 5, 7), (7, 2, 5, 5), (2, 2, 5, 2), (4, 2, 5, 0), (7, 2, 5, 0), (0, 2, 5, 4), (4, 2, 5, 4), (3, 2, 5, 4), (7, 2, 5, 7), (3, 2, 5, 3), (4, 2, 5, 6), ('?', 2, 5, 3), (7, 2, 5, '?'), ('?', 2, 5, 0), (6, 2, 5, 5), (2, 2, 5, 7), ('?', 2, 5, 0), ('?', 2, 5, 2), (2, 2, 5, 7), (0, 2, 5, 4), (6, 2, 5, 3), (2, 2, 5, 0), (1, 2, 5, 6), (5, 2, 5, 1), (5, 2, 5, 1), ('?', 2, 5, 5), (7, 2, 5, 4), (5, 2, 5, 6), (4, 2, 5, 6), (5, 2, 5, 7), (6, 2, 5, 0), ('?', 2, 5, 7), (5, 2, 5, 7), (5, 2, 5, 6), (1, 2, 5, 5), (3, 2, 5, 7), (4, 2, 5, 6), (7, 2, 5, 2), (7, 2, 5, 6), (4, 2, 5, 5), (6, 2, 5, 1), (7, 2, 5, 4), (4, 2, 5, '?'), (7, 2, 5, 4), ('?', 2, 5, '?'), ('?', 2, 5, 0), (3, 2, 5, 0), (5, 2, 5, 4), ('?', 2, 5, 3), (2, 2, 5, '?'), (1, 2, 5, '?'), (6, 2, 5, 7), (3, 2, 5, 6), (3, 2, 5, 0), (3, 2, 5, 3), (1, 2, 5, 6), (6, 2, 5, 2), (0, 2, 5, 4), (0, 2, 5, 1), (0, 2, 5, 0), (2, 2, 5, 1), (0, 2, 5, 1), (2, 2, 5, 1), (3, 2, 5, 6), (7, 2, 5, 4), (7, 2, 5, 7), (2, 2, 5, 1), (7, 2, 5, 6), (0, 2, 5, 1), (7, 2, 5, '?'), (7, 2, 5, '?'), (3, 2, 5, 4)]"
"(12, 27, 27, 27, 0)","[('?', 7, 5, 2), (1, 7, 5, 7), (1, 7, 5, 7), (1, 7, 5, '?'), (3, 7, 5, 0), (1, 7, 5, '?'), (1, 7, 5, 7), (1, 7, 5, 1), (1, 7, 5, 6), (1, 7, 5, 6), (4, 7, 5, 0), (1, 7, 5, 6), (1, 7, 5, 7), (7, 7, 5, 0), (3, 7, 5, 0), (5, 7, 5, 6), (3, 7, 5, '?'), (2, 7, 5, 2), (3, 7, 5, 6), (1, 7, 5, '?'), (1, 7, 5, 2), (1, 7, 5, 1), (3, 7, 5, 2), (1, 7, 5, 7), ('?', 7, 5, '?'), (3, 7, 5, 0), (5, 7, 5, '?'), (1, 7, 5, 7), (3, 7, 5, 0), (3, 7, 5, 2), (5, 7, 5, '?'), (3, 7, 5, 6), (5, 7, 5, 6), (1, 7, 5, 2), (6, 7, 5, 0), (4, 7, 5, 0), (1, 7, 5, 6)]"
"(15, 7, 7, 7, 0)","[(0, 3, 1, 4)]"
"(15, 11, 15, 15, 0)","[(3, 3, 4, 3)]"
"(15, 15, 3, 15, 0)","[(3, 3, 2, 0)]"
"(15, 15, 7, 7, 0)","[(7, 3, '?', 7), (0, 3, 1, 2), (0, 3, 1, '?')]"
"(15, 15, 11, 11, 0)","[(3, 3, 4, 5)]"
"(15, 15, 11, 15, 0)","[(3, 3, 4, 5)]"
"(15, 15, 15, 7, 0)","[(7, 3, 1, 2)]"
"(15, 15, 15, 11, 0)","[(3, 3, 4, 0), (3, 3, 4, 5), (3, 3, 4, 3)]"
"(15, 15, 15, 15, 0)","[('?', 3, 2, 5), (1, 3, '?', '?'), (1, 3, '?', 1), (7, 3, 3, 1), (2, 3, '?', 5), (1, 3, 0, 0), (5, 3, '?', 6), ('?', 3, 2, 4), (6, 3, '?', 6), (6, 3, '?', 5), (6, 3, '?', 1), (5, 3, 2, 4), (3, 3, 2, 3), (2, 3, '?', 7), ('?', 3, 2, 0), (7, 3, '?', '?'), (3, 3, 2, '?'), (0, 3, '?', 2), (7, 3, 0, 0), (0, 3, 2, 4), (0, 3, 2, 7), (3, 3, '?', 0), (2, 3, '?', 2), (3, 3, '?', 2), (7, 3, '?', 3), (2, 3, 3, 3), ('?', 3, 2, 3), (4, 3, '?', 0), (7, 3, '?', '?'), (1, 3, 2, '?'), (5, 3, 2, 1), (4, 3, '?', 0), (3, 3, 2, 3), ('?', 3, 2, 5), (2, 3, 2, 6), (5, 3, 2, 5), (7, 3, 3, 3), (2, 3, '?', 7), (7, 3, '?', '?'), (4, 3, '?', '?'), (0, 3, 2, 0), ('?', 3, '?', 2), (6, 3, '?', 2), (3, 3, '?', 4), (2, 3, '?', 5), (5, 3, '?', 1), (6, 3, '?', 5), (1, 3, 2, 5), (4, 3, 3, 1), (1, 3, 2, '?'), (6, 3, 2, 6), (5, 3, '?', 4), ('?', 3, 2, 3), (3, 3, 2, 5), (4, 3, '?', 0), (2, 3, '?', 1), (0, 3, '?', 2), (3, 3, '?', 4), (1, 3, '?', 5), (0, 3, 2, 2), (5, 3, 0, 0), (2, 3, '?', 2), (0, 3, 2, 7), (1, 3, '?', 5), (7, 3, 3, 7), (0, 3, '?', 3), (6, 3, 2, 7), (7, 3, '?', 3), (6, 3, 2, 4), (6, 3, '?', 4), (5, 3, 2, 3), (1, 3, 2, '?'), (2, 3, '?', 5), ('?', 3, 2, 4), (0, 3, '?', 2), (5, 3, 2, 4), (2, 3, '?', 1), ('?', 3, '?', 5), (6, 3, '?', 0), ('?', 3, 2, '?'), (2, 3, 1, 2), ('?', 3, 2, '?'), (2, 3, 2, 6), (0, 3, 2, 2), (0, 3, 2, 3), (4, 3, 2, 4), (1, 3, '?', 4), ('?', 3, '?', 7), (1, 3, '?', 2), (7, 3, 3, 7), (1, 3, 2, 6), (2, 3, '?', 2), (3, 3, '?', 5), (6, 3, '?', 7), (0, 3, 2, 6), ('?', 3, '?', 2), ('?', 3, '?', '?'), (1, 3, '?', 5), (3, 3, '?', 2), (6, 3, '?', 0), (7, 3, '?', 5), (0, 3, '?', 7), (3, 3, '?', 4), (2, 3, 2, 3), (3, 3, 2, 6), (1, 3, 2, '?'), (0, 3, '?', '?'), (6, 3, 2, '?'), (7, 3, '?', 0), (5, 3, 0, 4), (3, 3, 3, 4), (6, 3, 2, 5), ('?', 3, 2, 3), (5, 3, 2, '?'), (1, 3, '?', 0), (4, 3, '?', 1), (7, 3, 2, 5), ('?', 3, '?', 3), ('?', 3, 2, 0), (3, 3, 4, 1), (1, 3, 2, 1), (2, 3, '?', 7), (3, 3, 3, 0), ('?', 3, 2, 1), (0, 3, 2, 0), (7, 3, 3, 2), ('?', 3, 2, 3), (3, 3, 2, 0), (0, 3, 3, 2), (2, 3, '?', '?'), (3, 3, 0, 3), (3, 3, 3, 7), (7, 3, 3, 3), ('?', 3, 2, 4), (2, 3, 3, 5), (3, 3, 2, 5), (7, 3, 3, 1), (3, 3, 4, 5), (7, 3, 2, 4), (7, 3, '?', 3), (5, 3, 2, 4), (2, 3, '?', '?'), (3, 3, 3, 4), (3, 3, '?', 0), (1, 3, '?', '?'), (3, 3, 0, 0), (0, 3, 1, 2), (3, 3, '?', 2), (7, 3, 3, 4), (0, 3, 2, '?'), (0, 3, 2, 7), (3, 3, 0, 0), (3, 3, '?', 4), (1, 3, '?', 3), (3, 3, 3, 6), (7, 3, 2, 3), (2, 3, '?', 5), (3, 3, '?', 5), (5, 3, 2, 3), (0, 3, '?', 3), (1, 3, '?', 1), (0, 3, '?', 6), (3, 3, 2, 6), (3, 3, 1, 6), (0, 3, 2, 6), (6, 3, 0, 0), (0, 3, 2, 4), (7, 3, 3, 0), (1, 3, '?', 0), (7, 3, 3, 4), (5, 3, 0, 0), (3, 3, 4, 3), (4, 3, '?', '?'), (5, 3, 2, 6), (6, 3, '?', 3), (2, 3, 3, 5), (6, 3, '?', 1), (0, 3, '?', 2), (3, 3, 3, 0), (0, 3, '?', '?'), (0, 3, 2, 3), (1, 3, '?', 0), (7, 3, 3, 4), (1, 3, '?', 0), (6, 3, '?', 7), (0, 3, 2, 3), (6, 3, 0, 0), (0, 3, 2, 7), (3, 3, '?', 5), ('?', 3, 2, '?'), (6, 3, 2, 7), (1, 3, '?', 4), (3, 3, 0, 1), ('?', 3, 0, 0), (1, 3, 2, 6), (6, 3, '?', 6), (3, 3, '?', 1), (4, 3, '?', 6), (1, 3, '?', 5), ('?', 3, '?', 7), (2, 3, 3, 1), (2, 3, '?', 0), (6, 3, 2, 2), (0, 3, '?', '?'), (1, 3, 2, 6), (6, 3, '?', 3), (7, 3, '?', 7), (7, 3, 2, 7), (6, 3, '?', 5), (3, 3, 2, 2), (6, 3, 2, 7), (4, 3, '?', 1), (7, 3, '?', '?'), ('?', 3, 2, '?'), (1, 3, '?', 3), (4, 3, '?', 0), (0, 3, 2, '?'), ('?', 3, '?', 6), (4, 3, '?', 7), (0, 3, 2, 6), (1, 3, '?', 6), (0, 3, 3, 2), (6, 3, 2, 5), (3, 3, '?', 0), (0, 3, 2, 4), (3, 3, 3, 1), (1, 3, 0, 0), (0, 3, '?', '?'), (2, 3, '?', 3), (2, 3, '?', 6), (7, 3, '?', 3), (0, 3, '?', 0), (0, 3, 2, 0), (6, 3, 2, '?'), (2, 3, 3, 2), (1, 3, '?', 3), (3, 3, 2, 5), (2, 3, '?', 0), (3, 3, 2, 3), (0, 3, '?', 6), (3, 3, '?', 5), ('?', 3, '?', 5), (3, 3, 0, 4), ('?', 3, '?', '?'), (7, 3, '?', 5), (1, 3, '?', 3), (2, 3, '?', 6), (3, 3, 2, 1), (7, 3, 3, 4), (4, 3, 2, 4), (1, 3, '?', 5), (0, 3, '?', 0), (5, 3, 2, 5), (3, 3, 3, 6), (3, 3, '?', 5), (3, 3, '?', 0), (3, 3, 0, 4), (6, 3, 2, '?'), (7, 3, 2, 4), (0, 3, 2, 3), (1, 3, '?', 2), (2, 3, '?', 5), (3, 3, 2, 2), (6, 3, '?', 4), (6, 3, '?', 4), (5, 3, 2, 1), (1, 3, 2, 5), (3, 3, 2, 5), (6, 3, 0, 4), (3, 3, '?', '?'), (6, 3, 0, 4), (3, 3, 2, 5), (1, 3, 2, 6), (1, 3, 2, 5), (2, 3, '?', 1), (3, 3, 4, 4), (0, 3, '?', 2), (0, 3, 2, '?'), (2, 3, '?', 7), (7, 3, 0, '?'), ('?', 3, 2, '?'), (1, 3, '?', 4), (2, 3, 3, 5), ('?', 3, 2, 5), (7, 3, 3, 2), (1, 3, 2, 6), (4, 3, '?', 4), (6, 3, 2, 4), (6, 3, '?', 3), (6, 3, 2, 4), (3, 3, 2, 6), (7, 3, 3, 4), (2, 3, '?', 0), (6, 3, '?', 5), (1, 3, '?', 2), ('?', 3, '?', 0), ('?', 3, '?', 7), (1, 3, 0, 0), (2, 3, '?', 6), ('?', 3, '?', 5), (2, 3, 0, 4), (3, 3, 3, 3), (2, 3, 2, 6), (0, 3, 2, 7), (7, 3, 2, 5), (3, 3, 2, 3), (4, 3, '?', 1), (1, 3, '?', 0), (2, 3, '?', 3), (5, 3, 2, 4), (0, 3, 3, 2), (4, 3, '?', 3), (7, 3, '?', 2), (3, 3, 3, 4), (0, 3, 2, 4), ('?', 3, '?', 5), (3, 3, '?', '?'), ('?', 3, '?', 3), (2, 3, 3, 2), (1, 3, 0, 0), (3, 3, 2, 3), (5, 3, 2, 4), (7, 3, 3, 0), (0, 3, '?', 7), (7, 3, 2, 3), (2, 3, 0, 0), (0, 3, 2, '?'), (7, 3, 3, '?'), (1, 3, '?', 6), (0, 3, 2, '?'), (2, 3, 3, 1), (1, 3, '?', 5), ('?', 3, 2, 0), (2, 3, '?', 0), (6, 3, 2, 5), ('?', 3, 2, 3), (3, 3, '?', 0), (1, 3, '?', '?'), (4, 3, '?', 0), (3, 3, 0, 4), ('?', 3, '?', '?'), (1, 3, 2, 6), (2, 3, 3, 2), (6, 3, '?', 2), (2, 3, 3, 7), (7, 3, 3, 7), (7, 3, 2, 2), (2, 3, '?', 7), (0, 3, '?', '?'), (6, 3, '?', 2), (7, 3, '?', 5), (0, 3, '?', 7), (6, 3, '?', 4), (1, 3, '?', 0), ('?', 3, '?', 6), (2, 3, '?', 0), (4, 3, '?', '?'), (1, 3, '?', '?'), (5, 3, 2, 6), (3, 3, '?', 5), (1, 3, '?', 0), (2, 3, 3, 4), (0, 3, '?', 7), ('?', 3, '?', 2), (7, 3, 2, 1), (1, 3, 2, 5), (7, 3, '?', 5), (5, 3, 2, 4), (1, 3, '?', 1), ('?', 3, '?', 2), (7, 3, '?', 3), (6, 3, 2, 6), (6, 3, '?', 3), (7, 3, 3, 0), (3, 3, 2, 2), (0, 3, '?', 0), (7, 3, '?', 7), (3, 3, 4, 1), (3, 3, 4, 4), (1, 3, '?', 2), (3, 3, 0, 0), (2, 3, 3, 2), ('?', 3, '?', 7), (0, 3, 2, '?'), ('?', 3, '?', '?'), (6, 3, 2, 5), (3, 3, 4, 0), (6, 3, 0, 1), (2, 3, '?', '?'), (6, 3, 0, 0), (6, 3, 2, 5), (6, 3, '?', 4), (7, 3, 3, 0), (3, 3, '?', 2), ('?', 3, '?', 5), (7, 3, '?', 0), (0, 3, 2, 7), (7, 3, 3, 4), (3, 3, 2, 6), (3, 3, 2, '?'), (7, 3, '?', 0), ('?', 3, 2, 3), (2, 3, '?', 1), (5, 3, 2, 5), (3, 3, 4, 5), (2, 3, 2, 3), (0, 3, '?', 0), (3, 3, 2, 3), (7, 3, '?', 2), ('?', 3, '?', 6), (7, 3, 3, 7), (2, 3, '?', 0), ('?', 3, '?', 7), (4, 3, '?', 7), (7, 3, '?', 7), (7, 3, 2, 2), (5, 3, 2, '?'), (6, 3, '?', 1), (0, 3, '?', 3), (2, 3, 0, 4), (4, 3, 3, 2), (7, 3, '?', 7), ('?', 3, '?', 0), (2, 3, 0, 0), ('?', 3, '?', 0), (7, 3, 2, 3), (1, 3, '?', 3), (5, 3, 2, 1), ('?', 3, 2, 4), (5, 3, 0, 5), (0, 3, '?', 7), ('?', 3, '?', 7), (6, 3, 2, 6), (0, 3, 2, 7), (0, 3, 2, 7), (6, 3, '?', 1), (1, 3, 2, 2), (7, 3, '?', 2), (2, 3, '?', '?'), (0, 3, 2, '?'), (4, 3, 2, 4), (3, 3, 4, 1), (1, 3, 0, 6), (0, 3, '?', '?'), (5, 3, 2, 5), (7, 3, '?', 2), (2, 3, '?', 1), (4, 3, '?', 7), ('?', 3, '?', '?'), (3, 3, 4, 3), (0, 3, 2, 4), (1, 3, '?', 4), (7, 3, '?', 7), (1, 3, '?', 4), (3, 3, 2, 2), (3, 3, '?', 7), (0, 3, '?', 6), (4, 3, '?', 3), (7, 3, 3, 4), ('?', 3, 2, 4), (3, 3, '?', 1), (5, 3, 2, 1), (0, 3, 1, 2), (0, 3, '?', '?'), (3, 3, 2, 0), (0, 3, '?', 0), (1, 3, '?', 1), (1, 3, 2, 2), (3, 3, 2, 5), (1, 3, 2, 5), (2, 3, 2, '?'), (6, 3, 2, 2), (4, 3, '?', 3), (1, 3, '?', '?'), (3, 3, 2, 2), (0, 3, 2, 2), (3, 3, '?', 2), (6, 3, '?', 5), (2, 3, '?', 5), (3, 3, '?', '?'), (3, 3, 4, 4), (7, 3, '?', '?'), (7, 3, '?', 7), (7, 3, 2, 1), (3, 3, 3, 0), (7, 3, 2, 1), (2, 3, '?', 2), (4, 3, '?', '?'), (7, 3, '?', '?'), (6, 3, 0, 0), (0, 3, 1, 2), (7, 3, 2, '?'), (0, 3, '?', 6), (3, 3, 3, 3), (2, 3, 3, 2), (3, 3, 3, 0), (2, 3, '?', 3), (3, 3, '?', 7), ('?', 3, '?', 3), (1, 3, '?', '?'), (3, 3, '?', '?'), (1, 3, 0, 0), (3, 3, 2, 1), (0, 3, '?', 6), (0, 3, '?', 6), (6, 3, '?', 7), (3, 3, 2, 2), (7, 3, 2, 1), (1, 3, 2, 1), (3, 3, '?', 4), (3, 3, 2, 0), (6, 3, 2, 6), (3, 3, '?', 2), (1, 3, '?', 0), (0, 3, 2, 3), (1, 3, '?', 1), ('?', 3, 0, 4), (6, 3, 0, 4), (7, 3, '?', 0), (6, 3, '?', 4), (0, 3, '?', 3), (1, 3, '?', 5), (3, 3, 3, 3), (7, 3, 3, 2), (7, 3, '?', '?'), (7, 3, 2, 4), (3, 3, 4, 4), (2, 3, 1, 2), (1, 3, 2, 5), (4, 3, '?', 6), (0, 3, '?', 3), (4, 3, '?', 6), (3, 3, 4, 0), (1, 3, '?', '?'), (0, 3, 2, 2), (6, 3, '?', 0), (2, 3, 3, 1), (5, 3, 2, '?'), (3, 3, '?', 7), (5, 3, '?', 6), (1, 3, 2, 5), (7, 3, '?', 2), (2, 3, '?', 6), (0, 3, 2, 4), (5, 3, 2, 6), (2, 3, '?', 6), (4, 3, '?', 7), (3, 3, 3, 0), (7, 3, '?', 5), (4, 3, '?', 6), (5, 3, 0, 5), (3, 3, 2, 1), ('?', 3, 2, 3), ('?', 3, 2, 1), (6, 3, '?', 1), (3, 3, 2, 2), ('?', 3, '?', 6), (7, 3, '?', 7), (6, 3, '?', 0), (0, 3, '?', 0), (2, 3, 0, '?'), (0, 3, 2, 0), (3, 3, '?', 1), (7, 3, '?', 2), ('?', 3, 2, 3), (7, 3, 2, 1), (3, 3, 2, 6), (2, 3, '?', '?'), (7, 3, 2, 3), ('?', 3, '?', 7), (6, 3, '?', 6), (1, 3, '?', 3), (1, 3, 0, 0), (0, 3, 2, 6), (1, 3, '?', 6), (2, 3, '?', 0), ('?', 3, '?', 7), (0, 3, '?', 6), ('?', 3, 2, 4), ('?', 3, '?', '?'), (4, 3, '?', 4), (0, 3, 2, 4), (5, 3, 2, '?'), (0, 3, 2, 4), (7, 3, '?', 2), ('?', 3, '?', 7), (2, 3, '?', '?'), (2, 3, '?', 6), (7, 3, 2, 1), (6, 3, '?', 5), (5, 3, 2, '?'), (3, 3, 2, '?'), (1, 3, 2, 2), (0, 3, '?', 6), (7, 3, 3, 4), (4, 3, '?', '?'), (2, 3, 3, 4), (1, 3, '?', '?'), (3, 3, 0, 4), (2, 3, 2, 4), (3, 3, 5, 1), ('?', 3, '?', 0), (1, 3, '?', 2), (6, 3, '?', 7), (3, 3, '?', 2), (3, 3, '?', 2), (3, 3, 0, 1), (7, 3, 2, 7), (4, 3, '?', 4), (6, 3, '?', 7), ('?', 3, '?', '?'), (2, 3, '?', 0), (6, 3, '?', 0), (5, 3, 2, 4), (7, 3, '?', '?'), (2, 3, '?', 7), (0, 3, 2, 6), (2, 3, '?', 0), (7, 3, '?', 0), (6, 3, '?', 0), (1, 3, '?', 4), (7, 3, '?', 3), ('?', 3, '?', 5), ('?', 3, '?', 2), (2, 3, '?', 7), (3, 3, 0, 4), (4, 3, '?', 3), (3, 3, '?', 4), (3, 3, '?', 1), (3, 3, '?', 7), (0, 3, '?', 7), (6, 3, 2, 6), (7, 3, 0, '?'), (1, 3, 2, 6), (6, 3, 0, 4), (7, 3, 2, '?'), (7, 3, '?', 7), (1, 3, '?', 2), (3, 3, 4, 1), (1, 3, 2, '?'), (7, 3, 2, 5), (6, 3, '?', 5), ('?', 3, 2, 1), ('?', 3, '?', 3), (4, 3, '?', 1), (2, 3, 0, 4), ('?', 3, '?', 6), (3, 3, '?', '?'), (6, 3, 2, 6), (6, 3, '?', 0), (6, 3, '?', 5), (7, 3, '?', 7), (6, 3, '?', 0), (6, 3, 0, 4), (2, 3, '?', 7), (6, 3, '?', 1), (1, 3, '?', 3), (3, 3, 4, 4), (4, 3, '?', 6), (3, 3, 4, 5), (7, 3, 2, 7), (2, 3, '?', 1), (7, 3, 2, 1), (2, 3, '?', '?'), (7, 3, '?', 5), (7, 3, '?', 2), (6, 3, 2, 4), (1, 3, 2, 1), (3, 3, 2, 1), (5, 3, 2, 3), (0, 3, '?', 7), (6, 3, '?', 3), (5, 3, 2, 0), (2, 3, '?', 7), (2, 3, '?', 5), (2, 3, '?', 1), (3, 3, '?', 0), (6, 3, '?', 6), (5, 3, 2, '?'), (2, 3, 0, 4), (6, 3, 2, 6), (1, 3, '?', 5), (3, 3, '?', 2), (3, 3, 4, 3), (6, 3, 2, '?'), (3, 3, '?', 4), (3, 3, 2, 3), (7, 3, 0, 0), ('?', 3, '?', '?'), ('?', 3, '?', 0), (6, 3, '?', 7), (0, 3, 2, 6), ('?', 3, '?', 5), ('?', 3, 2, 5), (3, 3, '?', '?'), (1, 3, '?', 3), (5, 3, '?', 4), (1, 3, '?', 0), (1, 3, '?', 6), (6, 3, '?', 1), ('?', 3, '?', 5), (5, 3, 2, 6), (3, 3, 2, '?'), (0, 3, 2, 6), (4, 3, '?', 1), (3, 3, 2, 1), (3, 3, 4, 0), (3, 3, 5, 1), (3, 3, 0, 4), (0, 3, '?', '?'), (2, 3, '?', 1), ('?', 3, 2, 1), (7, 3, 2, 3), (7, 3, 2, 3), (5, 3, 2, 1), (4, 3, 3, 2), (3, 3, '?', 1), (4, 3, '?', 4), (1, 3, 0, 0), (2, 3, '?', 2), (4, 3, '?', 4), (0, 3, 2, 2), (4, 3, '?', 0), (4, 3, '?', 7), (5, 3, 2, 2), (7, 3, 2, 1), ('?', 3, '?', '?'), (0, 3, '?', '?'), (5, 3, 2, 2), (1, 3, 2, 2), (4, 3, '?', '?'), (1, 3, 2, '?'), (1, 3, 2, 2), (6, 3, 2, '?'), (7, 3, 2, 4), (3, 3, 2, '?'), (3, 3, 2, 3), (6, 3, '?', 5), (3, 3, 3, 3), (3, 3, '?', 5), (0, 3, '?', 0), ('?', 3, '?', 0), (1, 3, 2, 1), (1, 3, '?', 4), (7, 3, 3, 4), (5, 3, 2, '?'), ('?', 3, 2, 4), (0, 3, 1, 2), (5, 3, 2, 5), (6, 3, 0, 3), (3, 3, 2, 3), (1, 3, 2, 6), ('?', 3, '?', 2), (4, 3, '?', 1), (3, 3, '?', 5), (3, 3, 0, 6), (1, 3, 2, 5), (0, 3, '?', 3), ('?', 3, '?', 7), (6, 3, 2, 5), ('?', 3, '?', '?'), (7, 3, '?', 0), (4, 3, 3, 2), (7, 3, 2, '?'), (2, 3, '?', 3), ('?', 3, 2, 4), (4, 3, '?', 4), (6, 3, '?', 2), (0, 3, 2, '?'), (3, 3, 4, 0), (0, 3, '?', 0), (4, 3, '?', 6), (7, 3, 2, 4), (4, 3, 2, 4), (0, 3, 2, 4), ('?', 3, '?', 2), ('?', 3, 2, 4), (6, 3, 0, 4), (1, 3, 2, 6), ('?', 3, '?', 5), (1, 3, '?', 6), (7, 3, '?', 2), (1, 3, 2, 2), (7, 3, 2, 4), ('?', 3, 2, '?'), (1, 3, '?', 3), (0, 3, 2, 6), (1, 3, '?', 1), ('?', 3, 2, 5), (4, 3, '?', 6), (7, 3, '?', 5), (1, 3, '?', 6), (2, 3, 1, 5), (2, 3, '?', 2), (0, 3, 2, 3), (4, 3, '?', 3), (6, 3, '?', 1), (3, 3, 4, 0), (2, 3, '?', 0), (3, 3, 4, 1), (2, 3, 0, 4), (5, 3, 2, 6), (7, 3, 2, 5), (0, 3, 2, 3), (1, 3, 2, 2), (7, 3, 2, 4), (3, 3, 2, '?'), (4, 3, '?', 3), (0, 3, 2, '?'), (7, 3, 2, 3), (5, 3, '?', 6), (6, 3, 0, 4), (6, 3, '?', 2), ('?', 3, 2, 1), (2, 3, '?', '?'), (6, 3, '?', 4), (4, 3, '?', 4), (7, 3, 2, '?'), ('?', 3, 2, 4), (3, 3, '?', 2), ('?', 3, 2, 1), (7, 3, 2, '?'), (3, 3, '?', 4), (1, 3, 2, 6), (4, 3, '?', '?'), ('?', 3, 2, 5), (3, 3, 2, 2), ('?', 3, 0, 0), (3, 3, '?', '?'), ('?', 3, 2, 1), ('?', 3, '?', 3), (2, 3, '?', 3), ('?', 3, '?', 2), (3, 3, 4, 5), (3, 3, 4, 5), (3, 3, 2, 1), (7, 3, '?', 0), (1, 3, '?', 2), (0, 3, '?', 2), (2, 3, 2, 6), (0, 3, '?', 2), (6, 3, 2, 6), (4, 3, '?', 7), (7, 3, 2, 2), (1, 3, '?', 6), (6, 3, 2, 4), ('?', 3, '?', 3), (1, 3, 2, 1), (3, 3, 4, 4), (3, 3, '?', 1), (2, 3, '?', 3), ('?', 3, '?', 3), (6, 3, '?', 2), (6, 3, '?', 2), (6, 3, '?', 7), (3, 3, 2, 1), (2, 3, '?', 1), (6, 3, '?', 2), (3, 3, '?', 7), (6, 3, 2, 5), (6, 3, 2, '?')]"
"(15, 15, 15, 18, 0)","[('?', 3, 0, 4)]"
"(15, 15, 15, 20, 0)","[(4, 3, 0, 0)]"
"(15, 15, 15, 21, 0)","[(3, 3, '?', 7), (3, 3, 3, 6), (3, 3, 3, 1), (3, 3, '?', 1)]"
"(15, 15, 18, 18, 0)","[(3, 3, 0, 0), (3, 3, 0, 0)]"
"(15, 15, 21, 15, 0)","[(3, 3, 3, 0)]"
"(15, 15, 21, 21, 0)","[(3, '?', '?', 0), (3, '?', '?', 5)]"
"(15, 16, 16, 16, 0)","[(3, 1, '?', '?'), (3, 1, '?', 6), (3, 1, 5, 0), (3, 1, '?', 4), (3, 1, '?', '?')]"
"(15, 18, 15, 15, 0)","[(2, 3, 0, 0)]"
"(15, 18, 18, 15, 0)","[(3, 3, 0, 1)]"
"(15, 21, 16, 16, 0)","[(3, 1, '?', 6), (3, 1, '?', 3), (3, 1, '?', '?'), (3, 1, '?', 5), (3, 1, '?', 3)]"
"(15, 21, 16, 21, 0)","[(3, 1, '?', 5), (3, 1, '?', '?')]"
"(15, 21, 18, 18, 0)","[(3, '?', 0, 0)]"
"(15, 21, 21, 16, 0)","[(3, '?', '?', 1)]"
"(15, 21, 21, 21, 0)","[(3, '?', '?', 4), (3, '?', '?', 4), (3, '?', '?', 1), (3, '?', '?', '?'), (3, '?', '?', 4), (3, '?', '?', '?'), (3, '?', '?', 7), (3, '?', '?', 5), (3, '?', '?', 7), (3, '?', '?', 0), (3, '?', '?', 5), (3, '?', '?', 7), (3, '?', '?', 5), (3, '?', '?', 6), (3, '?', '?', 4), (3, '?', '?', 4), (3, '?', '?', 1), (3, '?', '?', 5), (3, '?', '?', 0), (3, '?', '?', 7), (3, '?', '?', 0), (3, '?', '?', 0), (3, '?', '?', 0), (3, '?', '?', 5), (3, '?', '?', 5), (3, '?', '?', 6), (3, '?', '?', 7), (3, '?', '?', '?'), (3, '?', '?', 4), (3, '?', '?', 1), (3, '?', '?', 1), (3, '?', '?', 4), (3, '?', '?', 0), (3, '?', '?', 6), (3, '?', '?', 1), (3, '?', '?', 6), (3, '?', '?', 5), (3, '?', '?', 1), (3, '?', '?', 6), (3, '?', '?', '?'), (3, '?', '?', 6), (3, '?', '?', 5), (3, '?', '?', 0), (3, '?', '?', '?'), (3, '?', '?', 1), (3, '?', '?', 4), (3, '?', '?', '?'), (3, '?', '?', 6)]"
"(15, 21, 21, 27, 0)","[(3, '?', '?', 6), (3, '?', '?', 6), (3, '?', '?', 4)]"
"(16, 1, 21, 21, 0)","[(5, '?', '?', 2), (5, '?', '?', 5)]"
"(16, 3, 3, 3, 0)","[(5, 1, 2, 4), (5, 1, 2, 4)]"
"(16, 3, 3, 16, 0)","[(2, 1, '?', 4), (5, 1, 5, 3), (0, 1, 2, 6), (5, 1, 5, 1)]"
"(16, 3, 3, 21, 0)","[(5, '?', 2, 3)]"
"(16, 3, 16, 3, 0)","[(7, 1, 2, 4)]"
"(16, 3, 16, 16, 0)","[(5, 1, 5, 7), (0, 1, 4, 7), (0, 1, 4, 7), (5, 1, 2, 4), (5, 1, 5, 2)]"
"(16, 6, 6, 6, 0)","[(5, 1, 3, 5), (5, 1, 3, 7), (5, 7, 3, 1), (5, 1, 3, 5), (5, 7, 3, 1), (5, '?', 3, 2), (5, 1, 3, 7), (5, 1, 3, 5), (5, 1, 3, 1), (5, 1, 3, 7), (5, 1, 3, 5), (5, 1, 3, 5), (5, '?', 3, 2), (5, '?', 3, 2), (5, 7, 3, 1), (5, '?', 3, 5), (5, 1, 3, 2), (5, 1, 3, 1), (5, 1, 3, 1), (5, 1, 3, 2), (5, 7, 3, 1), (5, 7, 3, 7), (5, 1, 3, 7), (5, 1, 3, 1), (5, 1, 3, 5), (5, 1, 3, 1), (5, 1, 3, 2), (5, 1, 3, 7), (5, 1, 3, 7), (5, 1, 3, 7), (5, 1, 3, 2), (5, 1, 3, 2)]"
"(16, 6, 6, 15, 0)","[(5, 3, 3, 7)]"
"(16, 6, 6, 16, 0)","[(5, 1, 3, 7), (5, 1, 3, 2), (5, 1, 3, 2), (5, 1, 3, 1)]"
"(16, 6, 6, 27, 0)","[(5, 7, 3, 1), (5, 7, 3, 5)]"
"(16, 6, 10, 10, 0)","[(5, 6, 3, 1)]"
"(16, 6, 15, 15, 0)","[(5, 3, 3, 2), (5, 3, 3, 2), (5, 3, 3, 7), (5, 3, 3, 2)]"
"(16, 6, 16, 6, 0)","[(2, 1, 3, 0), (2, 1, 3, 7), (2, 1, 3, '?'), (5, 1, 3, 2), (7, 1, 3, 5), (0, 1, 3, '?'), (5, 1, 3, 2)]"
"(16, 6, 16, 16, 0)","[(7, 1, 3, '?'), (7, 1, 3, 5), (2, 1, 3, 6), (2, 1, 3, 3)]"
"(16, 6, 25, 6, 0)","[(5, 7, 3, 7)]"
"(16, 6, 27, 27, 0)","[(5, 7, 3, 3), (5, 7, 3, 2), (5, 7, 3, 3), (5, 7, 3, 0), (5, 7, 3, 2), (5, 7, 3, 7), (5, 7, 3, 0), (5, 7, 3, 7), (5, 7, '?', 7), (5, 7, 3, 3), (5, 7, 3, 7), (5, 7, 3, 6), (5, 7, 3, 3), (5, 7, 3, 7), (5, 7, 3, 0), (5, 7, 3, 1), (5, 7, 3, 0), (5, 7, 3, 2), (5, 7, 3, 3), (5, 7, 3, 3), (5, 7, 3, 7), (5, 7, 3, 5), (5, 7, 3, 5), (5, 7, 3, 2), (5, 7, 3, 3), (5, 7, 3, 2), (5, 7, 3, 2), (5, 7, 3, 2)]"
"(16, 7, 7, 7, 0)","[(5, 7, 1, 5), (5, 7, 1, 1), (5, 7, 1, 5), (5, 7, 1, 1), (5, 1, 1, 5), (5, 1, 1, 5), (5, 7, 1, 6), (5, 7, 1, 0), (5, 7, 1, 4), (5, 7, 1, 0), (5, 7, 1, 3), (5, 1, 1, 5), (1, 7, 1, 2), (5, 7, 1, '?'), (5, 7, 1, 7), (5, 7, 1, '?'), (5, 7, 1, 3), (5, 7, 1, 5), (5, 7, 1, 5), (5, 7, 1, 2), (5, 7, 1, 7), (5, 7, 1, 1), (5, 1, 1, 5), (5, 7, 1, 1), (5, 7, 1, 1), (5, 7, 1, 3), (1, 7, 1, 0), (5, 7, 1, 3), (5, 7, 1, 4), (5, 7, 1, 4), (5, 1, 1, 5), (5, 7, 1, 3), (5, 7, 1, 5), (5, 7, 1, '?'), (5, 7, 1, 7), (5, 1, 1, 2), (1, 7, 1, 2), (5, 1, 1, 5), (5, 7, 1, '?'), (5, 7, 1, '?'), (5, 7, 1, '?'), (5, 7, 1, '?'), (5, 1, 1, 2), (5, 7, 1, 2)]"
"(16, 7, 7, 10, 0)","[(5, 7, 1, 3), (5, 7, 1, 0), (5, 7, 1, 3)]"
"(16, 7, 7, 27, 0)","[(5, 7, 1, 2), (5, 7, 1, 4), (5, 7, 1, 2), (5, 7, 1, 2), (5, 7, 1, 4), (5, 7, 1, 0), (5, 7, 1, '?')]"
"(16, 7, 10, 7, 0)","[(5, 7, 1, '?'), (5, 7, 1, 7)]"
"(16, 7, 15, 15, 0)","[(5, 3, 1, 2), (5, 3, 1, 2)]"
"(16, 7, 27, 7, 0)","[(5, 7, 1, 5)]"
"(16, 7, 27, 10, 0)","[(5, 7, 1, 2), (5, 7, 1, 2)]"
"(16, 7, 27, 27, 0)","[(5, 7, 1, 0), (5, 7, 1, 5), (5, 7, 1, 5)]"
"(16, 10, 10, 10, 0)","[(5, '?', '?', 7)]"
"(16, 11, 10, 10, 0)","[(5, 7, 4, 2)]"
"(16, 11, 11, 11, 0)","[(5, 1, 4, 7), (5, 1, 4, 7), (5, 1, 4, 3), (5, 1, 4, 1), (5, 1, 4, 1), (5, 7, 4, 1), (5, 1, 4, 5), (5, 1, 4, 4), ('?', 1, 4, '?'), (5, 1, 4, 7), (5, 1, 4, 7), (5, 1, 4, 7), (5, 7, 4, '?'), (5, 1, 4, 1), (5, 1, 4, 4), (5, 7, 4, 6), (5, 1, 4, 5), (5, 1, 4, 5), (5, 1, 4, 4), (5, 1, 4, 7), (5, 1, 4, 4), (5, 1, 4, 1), (5, 7, 4, 4)]"
"(16, 11, 11, 16, 0)","[(5, 1, 4, 0), (5, 1, 4, 1), (5, 1, 4, 1), (5, 1, 4, 5), (5, 1, 4, 5)]"
"(16, 11, 11, 21, 0)","[(5, 7, 4, 5), (5, '?', 4, 5), (5, 1, 4, 3)]"
"(16, 11, 11, 27, 0)","[(5, 7, 4, 0), (1, 7, 4, 2)]"
"(16, 11, 15, 15, 0)","[(5, 3, 4, 2), (5, 3, 4, 5)]"
"(16, 11, 16, 11, 0)","[(5, 1, 4, 0)]"
"(16, 11, 16, 16, 0)","[(7, 1, 4, 0), ('?', 1, 4, '?'), (2, 1, 4, 1), (6, 1, 4, 2), (5, 1, 4, 1), (0, 1, 4, 3), (0, 1, 4, 4), (0, 1, 4, 3), (7, 1, 4, 2), (7, 1, 4, '?'), (7, 1, 4, 2), (5, 1, 4, 1), (3, 1, 4, 2), (5, 1, 4, 1), (5, 1, 4, 4), (5, 1, 4, 7), (5, 1, 4, 7), (5, 1, 4, 5), (5, 1, 4, 5), (5, 1, 4, 0), ('?', 1, 4, 7), (7, 1, 4, 7), (7, 1, 4, 7), (0, 1, 4, 1)]"
"(16, 11, 21, 10, 0)","[(5, 7, 4, 7), (5, 7, 4, 2)]"
"(16, 11, 21, 21, 0)","[(5, 7, 4, 2), (5, 7, 4, 2), (5, 7, 4, 2), (5, 7, 4, 2)]"
"(16, 11, 21, 27, 0)","[(5, 7, 4, 2)]"
"(16, 11, 27, 10, 0)","[(5, 7, 4, 7), (5, 7, 4, 7), (5, 7, 4, 7), (5, 7, 4, 7), (5, 7, 4, 7)]"
"(16, 11, 27, 27, 0)","[(5, 7, 4, 0), (5, 7, 4, '?'), (5, 7, 4, 3), (5, 7, 4, 3), (5, 7, 4, '?'), (5, 7, 4, 4), (5, 7, 4, 3), (5, 7, 4, 7), (5, 7, 4, '?'), (5, 7, 4, '?'), (2, 7, 4, 5), (5, 7, 4, 4), (5, 7, 4, 0), (5, 7, 4, 5), (5, 7, 4, 4), (5, 7, 4, 0)]"
"(16, 12, 3, 16, 0)","[(5, 1, 5, 1), (5, 1, 5, 3)]"
"(16, 12, 12, 16, 0)","[(5, 1, 5, 3)]"
"(16, 12, 12, 27, 0)","[(5, 7, 5, 4)]"
"(16, 12, 16, 3, 0)","[(5, 1, 5, 1)]"
"(16, 12, 16, 12, 0)","[(5, 1, 5, 3), (5, 1, 5, 3)]"
"(16, 12, 16, 16, 0)","[(5, 1, 5, 7), (5, 1, 5, 7), (5, 1, 5, 1), (5, 1, 5, 7), (5, 1, 5, 4), (5, 1, 5, 7)]"
"(16, 12, 27, 27, 0)","[(5, 7, 5, 1)]"
"(16, 15, 15, 15, 0)","[(5, 3, '?', 2), (5, 3, 4, 7), (5, 3, 4, 7), (5, 3, '?', 5), (5, 3, '?', '?'), (5, 3, '?', 3), (5, 3, '?', 5), (5, 3, '?', 5), (5, 3, 2, 2), (5, 3, 4, 7), (5, 3, '?', '?'), (5, 3, '?', 6), (5, 3, '?', 2), (5, 3, 2, 2), (5, 3, '?', 3), (5, 3, '?', 6), (5, 3, '?', 1), (5, 3, '?', 2), (5, 3, '?', '?'), (5, 3, 4, 7), (5, 3, 4, 7), (5, 3, '?', 1), (5, 3, 4, 1), (5, 3, 4, 2), (5, 3, 1, 2), (5, 3, '?', 2), (5, 3, 4, 7), (5, 3, '?', 5), (5, 3, '?', 1), (5, 3, 4, 7), (5, 3, '?', 5), (5, 3, '?', 2), (5, 3, '?', 3), (5, 3, '?', 3), (5, 3, '?', 4), (5, 3, '?', '?'), (5, 3, 4, 1), (5, 3, '?', 1), (5, 3, '?', 1), (5, 3, '?', 5), (5, 3, 4, 1), (5, 3, 4, 4), (5, 3, 4, 1), (5, 3, '?', 5), (5, 3, '?', 2), (5, 3, 4, 7), (5, 3, '?', 3), (5, 3, '?', 4), (5, 3, 4, 2), (5, 3, 4, 5), (5, 3, 4, 2), (5, 3, '?', 2), (5, 3, '?', 3), (5, 3, '?', 2), (5, 3, '?', 3), (5, 3, '?', 6), (5, 3, '?', 6), (5, 3, '?', 3), (5, 3, '?', 5), (5, 3, 4, 5), (5, 3, '?', '?'), (5, 3, '?', 4), (5, 3, '?', 5), (5, 3, '?', 1), (5, 3, '?', 4), (5, 3, '?', '?'), (5, 3, '?', 6), (5, 3, 4, 5), (5, 3, '?', '?'), (5, 3, '?', '?')]"
"(16, 15, 21, 21, 0)","[(5, '?', '?', 5)]"
"(16, 16, 3, 16, 0)","[(0, 1, 2, 6), (5, 1, 5, 1)]"
"(16, 16, 6, 16, 0)","[(2, 1, 3, 0), (7, 1, 3, 5), (2, 1, 3, 2)]"
"(16, 16, 7, 16, 0)","[(4, 1, '?', 0)]"
"(16, 16, 16, 3, 0)","[(5, 1, '?', 5)]"
"(16, 16, 16, 6, 0)","[(2, 1, 3, 3), (2, 1, 3, 7), (2, 1, 3, '?'), (2, 1, 3, 6), (2, 1, 3, 6), (2, 1, 3, 2), (2, 1, 3, 3), (2, 1, 3, 3), (2, 1, 3, 0), (2, 1, 3, 2), (2, 1, 3, '?'), (2, 1, 3, 6), (2, 1, 3, 2), (2, 1, 3, 7), (7, 1, 3, 3), (2, 1, 3, 0), (2, 1, 3, 0), (2, 1, 3, 2)]"
"(16, 16, 16, 7, 0)","[('?', 1, '?', '?'), (7, 1, 0, 0), (3, 1, '?', 3), ('?', 1, '?', 4), (3, 1, '?', 7), (2, 1, 3, 0), (3, 1, '?', 7), (5, 1, 0, 0), (5, 1, 0, 0), (0, 1, '?', 3), (7, 1, 0, 1), (5, 1, 0, 0), ('?', 1, '?', '?'), (5, 1, 0, 0), (5, 1, 0, 0), (5, 1, 0, 0), (7, 1, 0, 0), ('?', 1, '?', 3), (6, 1, '?', 7), (5, 1, 0, 4), ('?', 1, '?', 7), (3, 1, '?', 6), (0, 1, '?', 1), (7, 1, 0, 0), ('?', 1, '?', 0), ('?', 1, '?', 7)]"
"(16, 16, 16, 16, 0)","[(0, 1, '?', 3), (4, 1, '?', 0), ('?', 1, '?', 0), (0, 1, 4, 1), (7, 1, 4, 4), (2, 1, '?', 1), (5, 1, 5, 0), (0, 1, 4, 1), (0, 1, '?', 2), (2, 1, '?', '?'), (0, 1, 4, 2), (2, 1, 3, 2), (0, 1, 0, 1), (7, 1, 4, 1), (2, 1, '?', 7), (1, 1, 2, 6), (2, 1, '?', 1), (3, 1, 4, 1), (0, 1, '?', 2), (6, 1, '?', 7), (3, 1, '?', 6), (2, 1, 6, 0), (7, 1, '?', 2), (0, 1, '?', 3), ('?', 1, '?', 6), (2, 1, '?', 3), (6, 1, 0, 3), ('?', 1, '?', 2), (1, 1, 0, 4), (2, 1, '?', 6), (2, 1, 0, 0), (3, 1, '?', 4), (7, 1, '?', '?'), ('?', 1, '?', 3), (6, 1, 0, '?'), (6, 1, '?', 2), (1, 1, '?', 3), ('?', 1, 4, 6), (7, 1, 2, 3), (7, 1, 4, 3), (5, 1, 5, 0), (4, 1, '?', 6), ('?', 1, '?', 3), (2, 1, 6, 2), (3, 1, '?', 4), (2, 1, 6, 3), (6, 1, '?', 7), (3, 1, 0, 0), (2, 1, '?', 7), (2, 1, '?', 5), (2, 1, 3, 7), (4, 1, '?', 2), (4, 1, '?', 2), (7, 1, 0, 1), (2, 1, 0, 0), (6, 1, '?', 7), (0, 1, '?', 0), (3, 1, '?', 7), (7, 1, 2, 3), (3, 1, '?', 4), (7, 1, 4, 1), (3, 1, 4, 2), (0, 1, '?', 1), (5, 1, 5, 2), (7, 1, 0, 0), (5, 1, 5, 4), (7, 1, '?', '?'), (2, 1, '?', 7), (0, 1, '?', 7), (5, 1, '?', 4), (5, 1, 5, 2), (7, 1, '?', 3), (7, 1, '?', 3), (2, 1, '?', 1), (2, 1, '?', 3), ('?', 1, '?', 7), (1, 1, 5, 4), (5, 1, 5, 7), (2, 1, '?', 6), (0, 1, '?', 7), (3, 1, '?', '?'), (7, 1, 3, '?'), (6, 1, 0, '?'), (0, 1, '?', '?'), (5, 1, 5, 5), (2, 1, '?', 2), (0, 1, '?', 1), (7, 1, '?', 5), (3, 1, '?', 3), (4, 1, '?', 6), (5, 1, 5, 4), ('?', 1, '?', 6), (6, 1, '?', 2), (6, 1, 0, 1), (5, 1, 5, 2), (5, 1, 5, 0), (2, 1, 0, 0), (7, 1, '?', 0), (6, 1, '?', 2), (2, 1, '?', 3), (2, 1, '?', 3), (1, 1, '?', 2), (2, 1, '?', '?'), (2, 1, 3, 6), (6, 1, '?', 2), (7, 1, 3, 7), (7, 1, 3, '?'), (7, 1, '?', 6), (2, 1, '?', 2), (6, 1, '?', '?'), (4, 1, '?', 3), (0, 1, '?', 5), (0, 1, '?', 2), (3, 1, '?', 3), (7, 1, 3, 6), (3, 1, '?', 7), (6, 1, '?', '?'), (7, 1, '?', 6), (3, 1, '?', 4), ('?', 1, '?', 4), ('?', 1, '?', '?'), (0, 1, 4, 7), (7, 1, 4, 3), (2, 1, '?', 2), ('?', 1, '?', 2), (7, 1, '?', 0), ('?', 1, '?', 6), ('?', 1, 4, '?'), (2, 1, '?', 7), (2, 1, '?', 5), (5, 1, 0, 0), (7, 1, '?', '?'), ('?', 1, '?', 3), (3, 1, '?', '?'), (2, 1, 6, 2), (7, 1, '?', 7), (7, 1, '?', 7), (7, 1, '?', 2), (2, 1, '?', 1), (7, 1, '?', 0), (2, 1, '?', 3), (7, 1, 2, '?'), (6, 1, 4, 2), (5, 1, 5, 4), (0, 1, '?', 0), (7, 1, '?', 5), ('?', 1, 0, 1), (0, 1, '?', 2), (2, 1, '?', 7), (2, 1, '?', '?'), (6, 1, '?', '?'), (4, 1, '?', 0), ('?', 1, 4, 1), (5, 1, 5, 7), (4, 1, '?', 3), (6, 1, 0, 0), ('?', 1, '?', 4), (2, 1, '?', 1), (3, 1, '?', 7), (2, 1, 6, 4), (6, 1, '?', 2), (2, 1, '?', 1), (2, 1, '?', 4), (6, 1, '?', 7), (6, 1, 0, 1), (7, 1, '?', 5), (3, 1, '?', 4), (7, 1, 4, 1), ('?', 1, '?', '?'), (6, 1, 0, 1), ('?', 1, '?', 2), (2, 1, 6, 1), (2, 1, '?', 4), (0, 1, '?', 6), (7, 1, '?', 6), (4, 1, '?', 0), (3, 1, '?', 6), (6, 1, '?', 3), (5, 1, '?', 6), (1, 1, '?', 2), ('?', 1, '?', 2), (4, 1, '?', 2), (6, 1, '?', 7), (3, 1, 5, 0), (1, 1, '?', 7), (0, 1, '?', 5), (0, 1, '?', '?'), (4, 1, '?', 1), (2, 1, '?', '?'), (7, 1, '?', 3), (4, 1, '?', 1), (7, 1, '?', 6), (0, 1, '?', 6), (1, 1, '?', 2), (7, 1, '?', 2), (0, 1, '?', 5), (7, 1, '?', 0), (1, 1, '?', 7), (5, 1, 5, 4), (7, 1, '?', '?'), (7, 1, '?', 6), (7, 1, '?', 2), (1, 1, '?', 3), (2, 1, '?', 3), ('?', 1, '?', '?'), (7, 1, '?', 0), (6, 1, 0, 4), (7, 1, '?', 5), (2, 1, '?', 6), (0, 1, '?', 6), (3, 1, '?', 5), (0, 1, '?', 5), (5, 1, 0, '?'), (7, 1, '?', 3), (3, 1, 4, 2), (7, 1, 2, 3), (0, 1, '?', 5), (0, 1, '?', 5), (4, 1, '?', 1), (6, 1, 0, 0), (6, 1, 0, '?'), (2, 1, '?', 6), (0, 1, '?', 0), ('?', 1, '?', 3), (4, 1, 2, 6), (5, 1, 4, 0), (5, 1, 5, 2), (2, 1, '?', 7), (0, 1, '?', 2), (6, 1, 0, 3), (3, 1, '?', 3), (7, 1, 4, 1), (6, 1, 0, 4), (3, 1, 0, 0), (3, 1, '?', 3), (6, 1, '?', 3), (4, 1, '?', '?'), (7, 1, '?', 3), (7, 1, '?', 5), (6, 1, '?', 4), (7, 1, 0, 4), (5, 1, '?', 3), (7, 1, '?', 3), (2, 1, '?', 1), ('?', 1, '?', 3), (7, 1, 4, 0), (6, 1, '?', 2), (5, 1, '?', 7), ('?', 1, '?', 3), (2, 1, '?', 2), (7, 1, '?', '?'), (7, 1, '?', 2), ('?', 1, '?', 4), (7, 1, 4, 2), (0, 1, 4, 1), (6, 1, 0, 1), (5, 1, 5, 0), (3, 1, '?', '?'), ('?', 1, '?', 4), (7, 1, 6, 0), (7, 1, 4, 2), (2, 1, '?', 6), (7, 1, 4, 4), ('?', 1, 4, 1), (2, 1, '?', 5), (1, 1, '?', 7), ('?', 1, '?', 0), (7, 1, '?', 6), (0, 1, 4, 4), (3, 1, '?', '?'), (0, 1, '?', 1), (3, 1, 4, 2), (5, 1, 5, 0), (6, 1, '?', 2), (7, 1, '?', 7), (7, 1, 4, 5), (2, 1, '?', '?'), (7, 1, '?', 3), (5, 1, 5, 0), (7, 1, '?', 7), (4, 1, 0, 0), (2, 1, '?', 4), (5, 1, 4, 4), (2, 1, '?', 1), (4, 1, '?', 1), (0, 1, 4, 4), (7, 1, 4, 2), (0, 1, 4, 1), ('?', 1, 0, 0), (0, 1, 4, 7), (4, 1, '?', 1), (0, 1, '?', 2), (7, 1, '?', 2), ('?', 1, 4, 3), (7, 1, 4, 1), (0, 1, 4, 4), ('?', 1, '?', 4), (1, 1, '?', 7), (2, 1, 0, 0), (3, 1, '?', 5), (3, 1, '?', 6), (3, 1, 4, 1), (2, 1, '?', 3), (7, 1, '?', 0), (6, 1, 0, 0), ('?', 1, '?', 2), ('?', 1, '?', 4), (4, 1, '?', '?'), (4, 1, '?', 2), (3, 1, 0, 4), (3, 1, '?', 4), (0, 1, '?', 0), (5, 1, 5, 2), (7, 1, 4, 3), (2, 1, '?', 2), (7, 1, 4, 0), (5, 1, 5, 0), (7, 1, '?', '?'), (2, 1, '?', 4), (2, 1, '?', 1), (6, 1, '?', '?'), (6, 1, '?', 2), (5, 1, 5, 2), (3, 1, '?', '?'), (2, 1, 6, 0), (5, 1, 5, 0), (0, 1, 4, 3), (0, 1, '?', '?'), (1, 1, '?', 2), (6, 1, 0, 0), (6, 1, 0, 4), (7, 1, 4, '?'), (7, 1, '?', '?'), (7, 1, 4, 0), (5, 1, 5, 4), (7, 1, '?', 2), (7, 1, '?', 0), (7, 1, 2, 3), (0, 1, 4, 1), (7, 1, '?', 6), (6, 1, '?', 7), (4, 1, '?', 1), (6, 1, '?', 2), (7, 1, 4, '?'), ('?', 1, '?', 0), (7, 1, '?', 5), (0, 1, 4, 4), ('?', 1, '?', 0), (0, 1, 4, 7), (0, 1, '?', '?'), (7, 1, '?', 0), (7, 1, '?', 7), ('?', 1, 4, 3), (2, 1, 0, 0), (6, 1, 0, 3), (0, 1, '?', '?'), (5, 1, '?', 0), (7, 1, '?', 7), (7, 1, '?', 0), ('?', 1, '?', '?'), (7, 1, 4, 4), (5, 1, 5, 5), ('?', 1, '?', 7), ('?', 1, '?', 6), (2, 1, '?', '?'), ('?', 1, '?', 7), (7, 1, 4, 1), (7, 1, 2, 2), (0, 1, '?', 1), (6, 1, 0, 6), (6, 1, 0, 1), (2, 1, '?', 5), (5, 1, 5, 7), (6, 1, 0, '?'), (2, 1, '?', '?'), (7, 1, '?', 5), (4, 1, '?', 5), ('?', 1, '?', 6), ('?', 1, '?', 3), ('?', 1, '?', 2), (1, 1, '?', 7), ('?', 1, '?', 7), (0, 1, '?', 7), (2, 1, 6, 0), (2, 1, '?', 6), (0, 1, '?', 5), (2, 1, '?', 2), ('?', 1, '?', 4), ('?', 1, '?', 4), (1, 1, '?', 2), (7, 1, 2, '?'), (0, 1, 4, '?'), ('?', 1, '?', 0), (4, 1, '?', 2), (0, 1, '?', 2), (3, 1, 4, 1), (2, 1, '?', 5), ('?', 1, 4, 1), (0, 1, '?', 7), (0, 1, '?', 6), (2, 1, 6, 0), (2, 1, '?', 2), (7, 1, '?', 7), (0, 1, '?', 1), (7, 1, 4, 2), (0, 1, '?', 7), (7, 1, 2, 5), (7, 1, '?', '?'), (7, 1, '?', 6), ('?', 1, 4, 1), ('?', 1, '?', 4), (3, 1, '?', 5), (7, 1, '?', '?'), (0, 1, '?', 2), (7, 1, 4, 2), (5, 1, 5, 2), (0, 1, '?', 0), (0, 1, '?', 6), (0, 1, '?', 0), (0, 1, '?', 0), (0, 1, '?', 1), (0, 1, '?', '?'), (7, 1, '?', 3), ('?', 1, '?', 7), (3, 1, '?', 6), (2, 1, '?', 7), (1, 1, '?', 2)]"
"(16, 16, 16, 18, 0)","[(3, 1, 0, 4), (1, 1, 0, 4)]"
"(16, 16, 16, 19, 0)","[(6, 1, 0, 3), (5, 1, 5, 4), (5, 1, 5, 5), (5, 1, 5, 0), (5, 1, 5, 5)]"
"(16, 16, 16, 21, 0)","[(5, 1, '?', 4), (5, 1, '?', 0), (5, 1, '?', 6), (3, 1, '?', 7)]"
"(16, 16, 18, 16, 0)","[(1, 1, 0, 4)]"
"(16, 16, 19, 16, 0)","[(5, 1, 5, 5), (5, 1, 5, 5), (5, 1, 5, 5)]"
"(16, 16, 21, 16, 0)","[(5, 1, 6, 4), (5, 1, '?', 2), (5, 1, '?', 5), (5, 1, '?', 2), (5, 1, '?', 0), (5, 1, '?', 4)]"
"(16, 16, 21, 21, 0)","[(5, 1, '?', 0), (5, 1, '?', 4), (5, 1, '?', 6)]"
"(16, 18, 16, 16, 0)","[(5, 1, 0, '?')]"
"(16, 18, 16, 18, 0)","[(5, 1, 0, '?'), (5, 1, 0, '?'), (5, 1, 0, '?'), (5, 1, 0, 4), (5, 1, 0, 4), (5, 1, 0, 4), (5, 1, 0, 4)]"
"(16, 18, 18, 16, 0)","[(5, 1, 0, 4), (5, 1, 0, 5)]"
"(16, 18, 18, 18, 0)","[(5, 1, 0, 4), (5, '?', 0, 5)]"
"(16, 18, 27, 27, 0)","[(5, 7, 0, 3)]"
"(16, 20, 16, 16, 0)","[(4, 1, '?', 3)]"
"(16, 20, 20, 20, 0)","[(4, 1, '?', 0)]"
"(16, 21, 16, 16, 0)","[(5, 1, 6, 5), (5, 1, '?', 6), (5, 1, '?', 1), (3, 1, '?', 5)]"
"(16, 21, 16, 18, 0)","[(5, 1, 0, '?'), (5, 1, 0, 5), (5, 1, 0, '?'), (5, 1, 0, '?')]"
"(16, 21, 16, 21, 0)","[(5, 1, '?', 3), (5, 1, '?', '?'), (5, 1, '?', 2), (5, 1, 0, 5), (5, 1, '?', 7), (5, 1, '?', 6), (5, 1, '?', 4), (5, 1, '?', 1), (5, 1, '?', 3), (5, 1, '?', 6), (5, 1, '?', 1), (5, 1, '?', 0), (5, 1, '?', 3), (5, 1, '?', 3), (5, 1, '?', 2), (5, 1, '?', 0), (5, 1, 0, 5), (5, 1, '?', 7), (5, 1, '?', 1), (5, 1, '?', 4), (5, 1, 0, 5), (5, 1, '?', 0), (5, 1, '?', 1), (5, 1, '?', '?'), (5, 1, '?', 2), (5, 1, '?', 7), (5, 1, '?', 1), (5, 1, '?', 7), (5, 1, '?', 4), (5, 1, '?', 1), (5, 1, '?', 1), (5, 1, '?', '?'), (5, 1, 0, 0), (5, 1, 0, 5), (5, 1, '?', 5), (5, 1, 0, 5), (5, 1, '?', '?'), (5, 1, '?', 7), (5, 1, '?', 2), (5, 1, '?', 7), (5, 1, '?', 6), (5, 1, '?', 7), (5, 1, '?', 7), (5, 1, '?', '?')]"
"(16, 21, 18, 18, 0)","[(5, 1, 0, 5)]"
"(16, 21, 18, 21, 0)","[(5, '?', 0, 0), (5, 7, 0, 1), (5, 1, 0, 5)]"
"(16, 21, 21, 16, 0)","[(3, 1, '?', 5), (5, 1, '?', '?')]"
"(16, 21, 21, 20, 0)","[(5, '?', '?', 2)]"
"(16, 21, 21, 21, 0)","[(5, 1, '?', 5), (5, '?', '?', 0), (5, '?', '?', 4), (5, '?', '?', 1), (5, '?', '?', '?'), (5, '?', '?', 1), (5, '?', '?', 1), (5, '?', '?', 0), (5, 1, '?', 2), (5, '?', '?', 7), (5, '?', '?', 7), (5, '?', '?', 5), (5, '?', '?', 1), (5, '?', '?', 4), (5, '?', '?', 4), (5, '?', '?', 1), (5, '?', '?', 1), (5, 1, '?', 2), (5, '?', '?', 2), (5, '?', '?', 1), (5, '?', '?', '?'), (5, '?', '?', 7), (5, '?', '?', 0), (5, '?', '?', 7), (5, '?', '?', 5), (5, '?', '?', '?'), (5, '?', '?', 0), (5, '?', '?', 4), (5, '?', '?', 7), (5, '?', '?', 2), (5, '?', '?', 2), (5, '?', '?', 1), (5, '?', '?', '?'), (5, 1, '?', 5), (5, '?', '?', 7), (5, '?', '?', '?'), (5, '?', '?', 1), (5, 1, '?', 5), (5, '?', '?', 0), (5, '?', '?', 4), (5, 1, '?', 5), (5, '?', '?', 2), (5, '?', '?', 4), (5, '?', '?', 0), (5, '?', '?', '?'), (5, '?', '?', 2), (5, '?', '?', 0), (5, 1, '?', 3), (5, '?', '?', 0), (5, '?', '?', 4), (5, '?', '?', 5), (5, '?', '?', 2)]"
"(16, 21, 21, 27, 0)","[(1, 7, '?', 2)]"
"(16, 21, 23, 21, 0)","[(5, '?', '?', '?')]"
"(16, 21, 23, 23, 0)","[(5, 2, 0, 4)]"
"(16, 21, 27, 21, 0)","[(5, '?', '?', 4)]"
"(16, 25, 16, 16, 0)","[(0, 1, '?', 7)]"
"(16, 27, 18, 21, 0)","[(5, 7, 0, 3)]"
"(16, 27, 27, 27, 0)","[(5, 7, '?', 3), (5, 7, 4, 4), (5, 7, '?', 0), (5, 7, 4, 7), (5, 7, 5, '?'), (5, 7, '?', 2), (5, 7, 0, 0), (5, 7, '?', 1), (5, 7, 4, 5), (5, 7, '?', 0), (5, 7, '?', 1), (5, 7, '?', 3), (5, 7, 0, 0), (5, 7, 0, 0), (5, 7, '?', 2), (5, 7, '?', '?'), (5, 7, '?', 1), (5, 7, '?', '?'), (5, 7, '?', 0), (5, 7, '?', 0), (5, 7, '?', 5), (5, 7, '?', 3), (5, 7, '?', 7), (5, 7, '?', 3), (5, 7, 0, 0), (5, 7, '?', 1), (5, 7, '?', 6), (5, 7, '?', '?'), (5, 7, '?', 6), (5, 7, 4, 4), (5, 7, 0, 3), (5, 7, 0, 0), (5, 7, '?', 2), (5, 7, 0, 3), (5, 7, '?', 5), (5, 7, '?', 3), (5, 7, 4, 4), (5, 7, 5, '?'), (5, 7, '?', 6), (5, 7, '?', '?'), (5, 7, '?', 5), (5, 7, 5, 4), (5, 7, '?', '?'), (5, 7, 5, 4), (5, 7, '?', 3), (5, 7, 4, 5), (5, 7, '?', 6), (5, 7, '?', 6), (5, 7, '?', 5), (5, 7, 5, 4), (5, 7, '?', 2), (5, 7, '?', 2), (5, 7, 4, 4), (5, 7, '?', 2), (5, 7, 5, 1), (5, 7, '?', 7), (5, 7, '?', 2), (5, 7, '?', 3), (5, 7, '?', 1), (5, 7, 0, 1), (5, 7, '?', 1), (5, 7, 4, '?'), (5, 7, 4, 0), (5, 7, '?', 1), (5, 7, '?', 5), (5, 7, 5, 6), (5, 7, '?', '?'), (5, 7, '?', '?'), (5, 7, 4, 4), (1, 7, '?', 7), (5, 7, '?', 0), (5, 7, '?', 1), (5, 7, '?', 5), (5, 7, '?', 6), (5, 7, '?', 2), (5, 7, '?', 5), (5, 7, '?', '?'), (5, 7, '?', '?'), (5, 7, '?', '?'), (5, 7, '?', 7), (5, 7, '?', 0), (5, 7, '?', 0), (5, 7, 2, 5), (5, 7, '?', 0)]"
"(18, 2, 2, 2, 0)","[(4, 4, 0, 7), (3, 4, 0, '?')]"
"(18, 2, 18, 18, 0)","[(7, 4, 0, 2)]"
"(18, 5, 5, 5, 0)","[(1, 5, 0, 6), (2, 5, 0, 2), (3, 5, 0, '?'), (0, 5, 0, 2), ('?', 5, 0, 1), (4, 5, 0, '?'), (3, 5, 0, 7), (5, 5, 0, 7), (0, 5, 0, 7), (4, 5, 0, '?'), (3, 5, 0, 2), (0, 5, 0, '?'), (4, 5, 0, 5), (3, 5, 0, '?'), (0, 5, 0, 7), (6, 5, 0, 1), (3, 5, 0, 2), (3, 5, 0, 7), (2, 5, 0, 3), (5, 5, 0, 6), (6, 5, 0, 1), (5, 5, 0, 6), (6, 5, 0, 6), (4, 5, 0, 5), (4, 5, 0, 3), (6, 5, 0, 6), (4, 5, 0, '?'), (4, 5, 0, 6), (7, 5, 0, 6), (6, 5, 0, 6), (5, 5, 0, 3), (6, 5, 0, 6), (4, 5, 0, 6), (5, 5, 0, 7), (1, 5, 0, 5), (3, 5, 0, 7), (2, 5, 0, 7), (1, 5, 0, '?'), (5, 5, 0, 4), ('?', 5, 0, 1), (0, 5, 0, 6), (3, 5, 0, '?'), (4, 5, 0, '?'), (6, 5, 0, 7), (5, 5, 0, 6), (4, 5, 0, 3), (6, 5, 0, 1), (1, 5, 0, 1), (6, 5, 0, 7), (1, 5, 0, '?'), (5, 5, 0, 5), (5, 5, 0, 6), (4, 5, 0, 5), (3, 5, 0, 1), (1, 5, 0, 1), (0, 5, 0, 1), (0, 5, 0, 5), (0, 5, 0, 3), (3, 5, 0, 2), (1, 5, 0, 6), (0, 5, 0, 1), (7, 5, 0, 5), (4, 5, 0, 6), (4, 5, 0, 7), (1, 5, 0, 7), (1, 5, 0, '?'), (4, 5, 0, 2), (3, 5, 0, 7), (1, 5, 0, '?'), (1, 5, 0, 6), (3, 5, 0, 1), ('?', 5, 0, 2), (4, 5, 0, 1), (1, 5, 0, 5), (4, 5, 0, '?'), (7, 5, 0, 0), (4, 5, 0, 3), (3, 5, 0, 2), (4, 5, 0, 6), (1, 5, 0, 6), (7, 5, 0, 6), ('?', 5, 0, 2), (5, 5, 0, 7), (5, 5, 0, '?'), (5, 5, 0, 5), (3, 5, 0, 3), (5, 5, 0, 3), (5, 5, 0, 3), (4, 5, 0, 7), (0, 5, 0, 4), (4, 5, 0, 7), (7, 5, 0, 0), (4, 5, 0, 1), (1, 5, 0, 6), (2, 5, 0, 3), (3, 5, 0, '?'), (4, 5, 0, 7), (4, 5, 0, 7), (4, 5, 0, 1), (3, 5, 0, 1), (4, 5, 0, 2), (5, 5, 0, 6), (2, 5, 0, 2), (3, 5, 0, 3), (7, 5, 0, 5), (0, 5, 0, 1), (5, 5, 0, 4), ('?', 5, 0, 6), (5, 5, 0, 5), (5, 5, 0, 5), (3, 5, 0, 2), (4, 5, 0, 3), ('?', 5, 0, 3), (2, 5, 0, 2), (5, 5, 0, '?'), (3, 5, 0, 6), ('?', 5, 0, 1), (3, 5, 0, 1), (2, 5, 0, 3), (7, 5, 0, 5), ('?', 5, 0, 6), (4, 5, 0, 1), (3, 5, 0, 1), (2, 5, 0, '?'), ('?', 5, 0, 0), ('?', 5, 0, 1), ('?', 5, 0, 0), (2, 5, 0, '?'), (4, 5, 0, 6), (5, 5, 0, 7), (7, 5, 0, 5), (5, 5, 0, 4), (2, 5, 0, '?')]"
"(18, 5, 5, 18, 0)","[(0, 5, 0, 2), (0, 5, 0, '?'), ('?', 5, 0, 6), (4, 5, 0, 2), ('?', 5, 0, 3), (0, 5, 0, 6), (3, 5, 0, 2), (0, 5, 0, 1), ('?', 5, 0, 2)]"
"(18, 5, 18, 5, 0)","[(4, 5, 0, 6), ('?', 5, 0, 1)]"
"(18, 5, 18, 18, 0)","[(0, 5, 0, 3), (7, 5, 0, 6)]"
"(18, 10, 10, 10, 0)","[(5, 6, 0, '?'), (1, 6, 0, 2), (5, 6, 0, '?'), (7, 6, 0, 2), ('?', 6, 0, '?'), (5, 6, 0, 1), (0, 6, 0, '?'), ('?', 6, 0, 1), (5, 6, 0, 2), ('?', 6, 0, 5), ('?', 6, 0, 5), ('?', 6, 0, 2), (5, 6, 0, 2), (4, 6, 0, '?'), (5, 6, 0, 4), (4, 6, 0, 0), (1, 6, 0, 6), (0, 6, 0, 4), (1, 6, 0, '?'), ('?', 6, 0, 5), (6, 6, 0, '?'), (2, 6, 0, 1), (6, 6, 0, 4), (5, 6, 0, 4), (1, 6, 0, 7), ('?', 6, 0, 4), ('?', 6, 0, 7), (0, 6, 0, 3), (5, 6, 0, 7), (4, 6, 0, 0), ('?', 6, 0, 2), ('?', 6, 0, 6), (1, 6, 0, 5), ('?', 6, 0, 5), (5, 6, 0, '?'), (0, 6, 0, '?'), (4, 6, 0, '?'), (1, 6, 0, 2), (0, 6, 0, 1), (1, 6, 0, 7), (4, 6, 0, 2), (1, 6, 0, '?'), ('?', 6, 0, 1), (2, 6, 0, 1), (4, 6, 0, 5), (1, 6, 0, 2), (5, 6, 0, '?'), (6, 6, 0, '?'), (1, 6, 0, 2)]"
"(18, 10, 10, 18, 0)","[(1, 6, 0, 3), (4, 6, 0, '?'), (0, 6, 0, 1), (3, 6, 0, '?'), (6, 6, 0, 4)]"
"(18, 10, 18, 10, 0)","[(4, 6, 0, 5), (4, 6, 0, 5), (1, 6, 0, 6), (6, 6, 0, 5), (4, 6, 0, 5), (0, 6, 0, 1), (0, 6, 0, 1), (1, 6, 0, 7), (0, 6, 0, 2)]"
"(18, 10, 18, 18, 0)","[(5, 6, 0, '?'), (0, 6, 0, 6), (4, 6, 0, 5), ('?', 6, 0, 4), (0, 6, 0, '?')]"
"(18, 11, 20, 16, 0)","[(4, 1, 0, 3)]"
"(18, 15, 15, 15, 0)","[(2, 3, 0, 0), (5, 3, 0, 0), (5, 3, 0, 4), (2, 3, 0, '?'), (1, 3, 0, 5), (7, 3, 0, '?'), ('?', 3, 0, 5), (2, 3, 0, '?'), (7, 3, 0, 5), (1, 3, 0, 0), (5, 3, 0, 5), (2, 3, 0, 5), (7, 3, 0, '?'), (7, 3, 0, '?'), (2, 3, 0, 7), (6, 3, 0, 3), (2, 3, 0, 5), (7, 3, 0, 5), (5, 3, 0, 0), ('?', 3, 0, 0), ('?', 3, 0, 0), (5, 3, 0, 5), (1, 3, 0, 7), (4, 3, 0, 0), (0, 3, 0, 5), (1, 3, 0, 5), (7, 3, 0, 5), (7, 3, 0, 2), (4, 3, 0, 0), (2, 3, 0, 5), (5, 3, 0, 5), (4, 3, 0, 0), (2, 3, 0, 0), (2, 3, 0, 5), (5, 3, 0, 5), (6, 3, 0, 1), (2, 3, 0, 5), (3, 3, 0, 4), (7, 3, 0, 5), ('?', 3, 0, 1), (2, 3, 0, 7), (7, 3, 0, 2), (6, 3, 0, 3), (2, 3, 0, 0), ('?', 3, 0, 5), (6, 3, 0, 0), (2, 3, 0, 5), ('?', 3, 0, 0), (6, 3, 0, 1), (7, 3, 0, 0), (0, 3, 0, 5), (1, 3, 0, 6), (1, 3, 0, 6), (1, 3, 0, 0), (7, 3, 0, 5), (4, 3, 0, 4), (0, 3, 0, '?'), (1, 3, 0, 6), (4, 3, 0, 0), (5, 3, 0, 0), (2, 3, 0, 4), (4, 3, 0, 0), (1, 3, 0, 1), (5, 3, 0, 0), ('?', 3, 0, 1), (4, 3, 0, 0), (4, 3, 0, 4), ('?', 3, 0, 0), (2, 3, 0, 0), (7, 3, 0, 5), (2, 3, 0, '?'), (1, 3, 0, 6), ('?', 3, 0, 5), (5, 3, 0, 4), (7, 3, 0, '?'), (0, 3, 0, '?'), (4, 3, 0, 0), (0, 3, 0, 5), (0, 3, 0, 5), (2, 3, 0, 4), (0, 3, 0, 5), (6, 3, 0, 3), (5, 3, 0, 6), (6, 3, 0, 3), (4, 3, 0, 1), (4, 3, 0, 4), (5, 3, 0, 0), ('?', 3, 0, 1), (5, 3, 0, 5), (7, 3, 0, '?'), ('?', 3, 0, 5), (7, 3, 0, 2), (4, 3, 0, 1), (5, 3, 0, 4), (2, 3, 0, 7), ('?', 3, 0, 4), (5, 3, 0, 5), ('?', 3, 0, 5)]"
"(18, 15, 15, 18, 0)","[(3, 3, 0, 0), ('?', 3, 0, 4), (7, 3, 0, 2), (5, 3, 0, 6)]"
"(18, 15, 18, 15, 0)","[(7, 3, 0, 3), (3, 3, 0, 3), (2, 3, 0, 4), (6, 3, 0, 1), (1, 3, 0, 7)]"
"(18, 15, 18, 18, 0)","[(1, 3, 0, 1), (3, 3, 0, 0), (3, 3, 0, 3)]"
"(18, 16, 7, 16, 0)","[(3, 1, 0, 0)]"
"(18, 16, 16, 16, 0)","[(7, 1, 0, 3), ('?', 1, 0, 5), (6, 1, 0, 6), (2, 1, 0, 4), (2, 1, 0, 1), (6, 1, 0, 2), (6, 1, 0, 4), (6, 1, 0, 2), (6, 1, 0, 6), (6, 1, 0, 1), (6, 1, 0, 3), (7, 1, 0, 1), (6, 1, 0, '?'), (6, 1, 0, 1), (6, 1, 0, 3), (7, 1, 0, 0), (4, 1, 0, 3), (7, 1, 0, 3), (6, 1, 0, 6), (4, 1, 0, '?'), (6, 1, 0, 3), (6, 1, 0, 2), (6, 1, 0, 6), (6, 1, 0, 2), (7, 1, 0, 6), (4, 1, 0, 4), (6, 1, 0, 0), (6, 1, 0, '?'), ('?', 1, 0, 5), (3, 1, 0, 4), (0, 1, 0, 5), (6, 1, 0, 7), (6, 1, 0, 0), (4, 1, 0, 3), (6, 1, 0, 1), (6, 1, 0, 4)]"
"(18, 18, 2, 18, 0)","[(7, 4, 0, 6)]"
"(18, 18, 5, 5, 0)","[(2, 5, 0, 3), (1, 5, 0, '?'), (1, 5, 0, 3), (5, 5, 0, '?'), (0, 5, 0, 4), (1, 5, 0, 6), (3, 5, 0, '?'), (5, 5, 0, '?'), ('?', 5, 0, 3), (4, 5, 0, 7), (1, 5, 0, 4), (4, 5, 0, 2), (1, 5, 0, 3), (1, 5, 0, 5), (5, 5, 0, 5), (5, 5, 0, 7), (1, 5, 0, 1), (1, 5, 0, 5), (2, 5, 0, 2), (0, 5, 0, 7), (2, 5, 0, 3), (3, 5, 0, 1), (7, 5, 0, 6), ('?', 5, 0, 3), (1, 5, 0, 1), (4, 5, 0, 7), (1, 5, 0, 2), (1, 5, 0, 3), (1, 5, 0, 1), (3, 5, 0, 3), (0, 5, 0, 7), (1, 5, 0, 1), ('?', 5, 0, 3), (1, 5, 0, 1), (2, 5, 0, 3), (1, 5, 0, 7), (1, 5, 0, 3), (2, 5, 0, 3), (1, 5, 0, 5), (2, 5, 0, 3)]"
"(18, 18, 5, 18, 0)","[(7, 5, 0, 5), ('?', 5, 0, 2), (0, 5, 0, 7)]"
"(18, 18, 7, 16, 0)","[(4, 1, 0, 1)]"
"(18, 18, 10, 10, 0)","[(1, 6, 0, 2), (1, 6, 0, '?'), (5, 6, 0, 1), (3, 6, 0, 2), (0, 6, 0, 5), (2, 6, 0, 3), (1, 6, 0, 6), (1, 6, 0, 1), ('?', 6, 0, 1), (1, 6, 0, 5), (1, 6, 0, 1), (1, 6, 0, 1), (2, 6, 0, 5), ('?', 6, 0, 6), (0, 6, 0, 4), (3, 6, 0, 6), ('?', 6, 0, 4), (1, 6, 0, 4), (0, 6, 0, '?'), (3, 6, 0, 7), ('?', 6, 0, 4), (4, 6, 0, 2), (0, 6, 0, 6), (2, 6, 0, 7), ('?', 6, 0, 1), (3, 6, 0, 2), (1, 6, 0, 2), (2, 6, 0, 7), (1, 6, 0, 3), ('?', 6, 0, 2), (4, 6, 0, 6), (2, 6, 0, 7), (4, 6, 0, 5), ('?', 6, 0, 1), (4, 6, 0, 5), (3, 6, 0, '?'), (5, 6, 0, 2), (1, 6, 0, 4), (5, 6, 0, 5), (7, 6, 0, 4)]"
"(18, 18, 10, 18, 0)","[(5, 6, 0, 4), (3, 6, 0, 7), (4, 3, 0, 3), (1, 6, 0, 4), (3, 6, 0, 6), (3, 6, 0, 5), (3, 6, 0, 5)]"
"(18, 18, 11, 16, 0)","[(4, 1, 0, 3)]"
"(18, 18, 15, 15, 0)","[(3, 3, 0, 6), (2, 3, 0, 5), (2, 3, 0, 4), ('?', 3, 0, 5), (3, 3, 0, 6), (4, 3, 0, 1), (3, 3, 0, 5), (7, 3, 0, 7), (7, 3, 0, 7), (5, 3, 0, 4), (3, 3, 0, 6), (2, 3, 0, 7), (7, 3, 0, 7), (1, 3, 0, 7), (3, 3, 0, 6), (7, 3, 0, '?'), (4, 3, 0, 4), (4, 3, 0, 1), (4, 3, 0, 7), (3, 3, 0, 1), (2, 3, 0, 5), (4, 3, 0, 7), (7, 3, 0, 2), (4, 3, 0, 0), (2, 3, 0, 7), (4, 3, 0, 0), (0, 3, 0, '?'), (1, 3, 0, 7), (7, 3, 0, 2), (4, 3, 0, 5), (7, 3, 0, '?'), (4, 3, 0, 4), (4, 3, 0, 5), (3, 3, 0, 5), (4, 3, 0, 1), (4, 3, 0, 1), (4, 3, 0, 1), (6, 3, 0, 1), (7, 3, 0, 7)]"
"(18, 18, 15, 18, 0)","[(4, 3, 0, 1), (2, 3, 0, 2), (4, 3, 0, 3), (4, 3, 0, 3), (7, 3, 0, 3), ('?', 3, 0, 4), (6, 3, 0, 1), (3, 3, 0, 6), (3, 3, 0, 6), (1, 3, 0, 6), (2, 3, 0, 7), ('?', 3, 0, 0)]"
"(18, 18, 15, 20, 0)","[(4, 3, 0, 3)]"
"(18, 18, 16, 16, 0)","[('?', 1, 0, 0), (4, 1, 0, 1), (7, 1, 0, 1), ('?', 1, 0, '?'), (7, 1, 0, 3), (7, 1, 0, 3), (4, 1, 0, 3), (4, 1, 0, 4), (3, 1, 0, 0), (4, 1, 0, 7), (7, 1, 0, 3), (6, 1, 0, '?'), (4, 1, 0, 6), (3, 1, 0, 4), (4, 1, 0, 1), (4, 1, 0, '?'), ('?', 1, 0, 0), (0, 1, 0, 0), (4, 1, 0, 6), (3, 1, 0, 5), (4, 1, 0, 4), ('?', 1, 0, 3), (3, 1, 0, 5), ('?', 1, 0, 1), (4, 1, 0, 4), ('?', 1, 0, 1), ('?', 1, 0, 3), ('?', 1, 0, 1), ('?', 1, 0, 1), ('?', 1, 0, 3), ('?', 1, 0, 1), (3, 1, 0, '?'), (4, 1, 0, 0), (6, 1, 0, 2), (4, 1, 0, '?'), (3, 1, 0, '?'), (7, 1, 0, 1), (4, 1, 0, 4), (4, 1, 0, 1), (7, 1, 0, 1), ('?', 1, 0, 0), (4, 1, 0, '?'), ('?', 1, 0, 3), (4, 1, 0, 3), (4, 1, 0, 0), (0, 1, 0, '?'), (7, 1, 0, 1), ('?', 1, 0, 6), ('?', 1, 0, '?'), (0, 1, 0, 3), (3, 1, 0, '?'), (4, 1, 0, 3), (4, 1, 0, 4), (2, 1, 0, 1), (7, 1, 0, '?'), (1, 1, 0, 4), (4, 1, 0, '?'), (6, 1, 0, 2), ('?', 1, 0, 3), (4, 1, 0, 4), (7, 1, 0, 6), ('?', 1, 0, 3), (3, 1, 0, 4), (6, 1, 0, 7), (4, 1, 0, 1), (4, 1, 0, 0), (4, 1, 0, 4), (6, 1, 0, 3)]"
"(18, 18, 16, 18, 0)","[(7, 1, 0, 5), ('?', 1, 0, 6), (7, 1, 0, 4)]"
"(18, 18, 18, 5, 0)","[(1, 5, 0, 7), (1, 5, 0, 5), (0, 5, 0, 2), (1, 5, 0, 2), (4, 5, 0, 7), (5, 5, 0, 5), ('?', 5, 0, 3), (0, 5, 0, 1)]"
"(18, 18, 18, 7, 0)","[(1, 4, 0, 3), (6, '?', 0, 3), (6, '?', 0, 4)]"
"(18, 18, 18, 10, 0)","[('?', 6, 0, 4), (0, 6, 0, 6), (2, 6, 0, 5), (1, 6, 0, 1), (0, 6, 0, 4), (2, 6, 0, 2), (4, 6, 0, 6), (1, 6, 0, 6), (3, 6, 0, 7), (3, 6, 0, 7), (1, 6, 0, 5), (0, 6, 0, 2), (1, 6, 0, 6), (3, 6, 0, 2), (4, 6, 0, 6), (1, 6, 0, 6), (1, 6, 0, 5), (2, 6, 0, 5), (0, 6, 0, 4), (0, 6, 0, 4), ('?', 6, 0, 5), (0, 6, 0, 4), (2, 6, 0, 5), (0, 6, 0, 6), (3, 6, 0, 2), (2, 6, 0, 7), (3, 6, 0, 7), (4, 6, 0, 2), (4, 6, 0, '?'), (2, 6, 0, 7), ('?', 6, 0, 1), (0, 6, 0, 2), (5, 6, 0, 4)]"
"(18, 18, 18, 15, 0)","[(2, 3, 0, '?'), (0, 3, 0, '?'), ('?', 3, 0, '?'), (3, 3, 0, 6), (1, 3, 0, 5), (0, 3, 0, 1), (0, 3, 0, 7), (3, 3, 0, 5), (2, 3, 0, 7), (2, 3, 0, 7), (6, 3, 0, 3), (3, 3, 0, 5)]"
"(18, 18, 18, 16, 0)","[(0, 1, 0, 3), ('?', 1, 0, 6), (0, 1, 0, 3), (2, 1, 0, 3), (4, 1, 0, 7), (3, 1, 0, 4), (7, 1, 0, '?'), (0, 1, 0, '?'), ('?', 1, 0, 6), (3, 1, 0, 4), (7, 1, 0, 3), (1, 1, 0, 4), (3, 1, 0, '?'), ('?', 1, 0, '?'), (2, 1, 0, 4), ('?', 1, 0, 1), (1, 1, 0, '?'), (2, 1, 0, 0), ('?', 1, 0, '?'), (7, 1, 0, 4), (4, 1, 0, 0), (4, 1, 0, 0), (4, 1, 0, 6), (6, 1, 0, 7), (2, 1, 0, 1), (2, 1, 0, 1), (0, 1, 0, 1), ('?', 1, 0, '?'), (4, 1, 0, 6), ('?', 1, 0, 6), ('?', 1, 0, 5), (7, 1, 0, 0), ('?', 1, 0, '?'), (4, 1, 0, '?'), (4, 1, 0, 1), (6, 1, 0, 2), (0, 1, 0, 0), (3, 1, 0, 5), (2, 1, 0, 4), (7, 1, 0, 6), (2, 1, 0, 1), (2, 1, 0, 4), (4, 1, 0, '?'), (4, 1, 0, 7), (4, 1, 0, 7), (0, 1, 0, 3), (2, 1, 0, 0), ('?', 1, 0, 5), (3, 1, 0, '?'), (2, 1, 0, 4), (2, 1, 0, 0), ('?', 1, 0, 0), (7, 1, 0, 4), (6, 1, 0, 2), ('?', 1, 0, 0), (3, 1, 0, '?'), (4, 1, 0, 0)]"
"(18, 18, 18, 18, 0)","[(5, 3, 0, 4), (2, 7, 0, 1), ('?', 3, 0, 1), (2, '?', 0, 0), (0, '?', 0, 5), (1, 0, 0, 2), (0, 7, 0, '?'), (5, 7, 0, '?'), (2, '?', 0, 2), (6, 6, 0, 4), (4, 3, 0, 5), (2, 7, 0, 7), (7, 1, 0, 2), (5, '?', 0, 3), (1, 6, 0, 4), ('?', '?', 0, 6), (6, 4, 0, 7), (0, 6, 0, 5), (6, 0, 0, 2), (2, 6, 0, 1), (3, 7, 0, 4), (3, 0, 0, 1), (1, 1, 0, 7), (4, 3, 0, 7), (7, '?', 0, 5), (4, '?', 0, 2), (3, '?', 0, 4), (2, '?', 0, 6), (6, 7, 0, 1), (6, 7, 0, 0), (0, 3, 0, 7), (7, '?', 0, 3), (2, '?', 0, 1), (5, 6, 0, 5), (6, '?', 0, 3), (4, 3, 0, 5), (6, 4, 0, 2), (4, 1, 0, 2), (4, '?', 0, 4), (1, '?', 0, 7), (1, 4, 0, 7), (5, 7, 0, 2), (7, '?', 0, 2), (7, 7, 0, 5), (0, 5, 0, 3), (5, 7, 0, 6), ('?', 6, 0, 2), (1, 3, 0, 5), ('?', 1, 0, 7), (7, 4, 0, 2), (4, 6, 0, 6), (0, 6, 0, 2), (6, 7, 0, 6), ('?', 1, 0, 5), (2, 7, 0, 1), (4, 4, 0, 6), (2, 6, 0, 1), ('?', 7, 0, 7), (0, 3, 0, 3), ('?', '?', 0, 3), (2, 4, 0, 5), (0, 7, 0, 2), (1, 7, 0, '?'), (3, 3, 0, '?'), (2, '?', 0, 7), (3, 4, 0, 6), (0, 3, 0, 1), (0, '?', 0, 7), (1, 6, 0, 7), (2, 7, 0, 7), (4, '?', 0, 2), ('?', '?', 0, 6), (3, '?', 0, '?'), (2, '?', 0, 7), (4, 3, 0, 2), (6, 7, 0, 6), (0, 1, 0, 4), ('?', 3, 0, 1), (3, 7, 0, '?'), (1, '?', 0, 1), (0, 3, 0, 1), (5, '?', 0, 3), (4, 7, 0, '?'), (0, '?', 0, 6), (0, 7, 0, 2), (7, '?', 0, 5), (1, 4, 0, 4), (2, 4, 0, 2), (1, '?', 0, 6), (1, 1, 0, 5), (4, 1, 0, 5), (5, 3, 0, 7), (4, 7, 0, 6), (0, 5, 0, 2), (6, '?', 0, 6), (2, 6, 0, 1), (3, '?', 0, 7), (2, 1, 0, 7), (4, 7, 0, 7), ('?', 1, 0, '?'), ('?', 1, 0, 7), (0, 4, 0, 7), (5, 7, 0, 1), (3, '?', 0, '?'), (2, 1, 0, 6), (5, '?', 0, 4), (0, 7, 0, 1), (5, 7, 0, '?'), (0, 4, 0, 1), ('?', 1, 0, 3), (0, 4, 0, 2), (0, '?', 0, 2), (2, '?', 0, 6), (2, 6, 0, 6), (6, 6, 0, 4), (3, 7, 0, 1), (4, 7, 0, 0), (2, 6, 0, 5), (3, 6, 0, 2), (2, 3, 0, 2), (3, 6, 0, 5), (7, 1, 0, '?'), (2, 7, 0, 7), (2, 1, 0, 2), (5, 3, 0, 4), (1, 1, 0, 7), (4, 6, 0, 5), (6, '?', 0, 4), ('?', '?', 0, 5), (0, 6, 0, 2), (5, 7, 0, 2), (2, '?', 0, 7), ('?', '?', 0, 0), (2, 6, 0, 3), (2, 7, 0, 3), (1, 1, 0, 2), (4, 7, 0, 5), (2, 7, 0, 1), ('?', '?', 0, 6), (4, 7, 0, 7), (3, '?', 0, 5), (4, '?', 0, 6), (0, 6, 0, 2), (6, 1, 0, 7), (0, 6, 0, 4), (3, 3, 0, 3), (7, 1, 0, 4), (3, 6, 0, 7), (7, 5, 0, 3), (0, 1, 0, 1), (4, '?', 0, 7), (2, 7, 0, 7), (5, '?', 0, 3), (0, 7, 0, 3), (4, 7, 0, 0), (7, '?', 0, 2), (3, 0, 0, '?'), (7, 1, 0, 5), (2, '?', 0, 2), ('?', 7, 0, 4), (1, '?', 0, 3), (2, 3, 0, 2), (4, 7, 0, 7), (0, 1, 0, 3), (5, '?', 0, 2), (0, '?', 0, 1), (7, 5, 0, 3), (2, '?', 0, 7), (0, 1, 0, 1), (4, 7, 0, 0), (3, 6, 0, 6), ('?', 7, 0, 4), (7, 3, 0, 3), (6, 7, 0, '?'), (1, 5, 0, 3), (2, 1, 0, 3), (1, '?', 0, 4), (0, '?', 0, '?'), (1, 5, 0, 2), (1, 4, 0, 3), (7, 1, 0, '?'), (0, 3, 0, '?'), (5, '?', 0, 1), (0, 5, 0, 2), ('?', 1, 0, 7), ('?', 4, 0, 2), (1, 3, 0, 5), (0, 3, 0, 1), (1, 6, 0, 6), (0, '?', 0, 4), ('?', 7, 0, 1), (0, 4, 0, 4), (4, '?', 0, 7), (2, 4, 0, 2), ('?', 7, 0, 4), (0, 6, 0, 1), (7, 1, 0, 6), (5, 3, 0, 4), (6, 7, 0, 7), (2, 7, 0, 4), (0, 7, 0, '?'), (3, '?', 0, 1), (0, 7, 0, 1), (0, 7, 0, 7), (3, 7, 0, '?'), (1, 1, 0, 7), (5, 3, 0, 6), (4, 3, 0, 3), (4, 6, 0, 6), (4, '?', 0, 2), (4, 7, 0, 2), (3, 7, 0, 2), (1, '?', 0, 0), (1, 6, 0, 4), (0, 1, 0, '?'), (6, 7, 0, 6), (5, 5, 0, 2), (2, 4, 0, '?'), (5, '?', 0, 3), (7, 7, 0, 3), (7, 7, 0, 2), (0, 3, 0, 6), ('?', '?', 0, 1), (2, '?', 0, 6), (7, 3, 0, 0), (6, '?', 0, 5), ('?', 7, 0, 4), (6, 3, 0, 4), (5, 3, 0, 7), (1, 1, 0, 7), (5, '?', 0, '?'), ('?', 7, 0, '?'), (0, 1, 0, 5), ('?', 7, 0, 6), (4, 3, 0, 2), (4, 7, 0, '?'), (3, 6, 0, 2), ('?', 7, 0, 1), (2, '?', 0, 4), (0, '?', 0, 5), (5, '?', 0, 0), (5, '?', 0, 4), (1, '?', 0, 0), (0, 3, 0, '?'), (6, 0, 0, 2), (7, '?', 0, 3), (1, 6, 0, 7), (3, 7, 0, 6), (3, 6, 0, 6), (6, 1, 0, 7), (1, 7, 0, 5), (3, '?', 0, 4), (7, 7, 0, 6), (5, '?', 0, 7), (3, 7, 0, 2), (2, 6, 0, 6), (6, '?', 0, 7), (0, 1, 0, '?'), (6, 0, 0, 2), (1, 1, 0, 2), (4, 6, 0, 2), (0, 1, 0, 0), (7, 1, 0, 5), (1, 7, 0, 6), (5, '?', 0, 7), (4, 4, 0, 6), (1, 6, 0, 5), (5, '?', 0, 3), ('?', 7, 0, 0), (7, '?', 0, 0), ('?', '?', 0, 0), (3, 7, 0, 1), ('?', 4, 0, 7), (6, 6, 0, 5), (0, 7, 0, 3), (2, 4, 0, 2), (6, 3, 0, 2), (2, 7, 0, 3), (3, '?', 0, 0), (4, '?', 0, 6), (4, 7, 0, 2), (0, 1, 0, 2), (0, '?', 0, 4), (4, 6, 0, 1), ('?', 3, 0, 3), (6, 4, 0, 2), (2, 7, 0, 7), (6, '?', 0, 1), (5, 3, 0, 6), ('?', 3, 0, '?'), (1, 7, 0, '?'), (1, 6, 0, 4), (7, 7, 0, 5), (3, 6, 0, 4), (4, '?', 0, 6), (4, '?', 0, 2), (6, '?', 0, 6), (7, 7, 0, 6), (2, 1, 0, 3), (7, 7, 0, 7), (5, '?', 0, 5), (2, 6, 0, 4), (3, 7, 0, 6), ('?', '?', 0, 7), (6, 7, 0, 6), (3, 7, 0, 3), (1, 1, 0, '?'), (0, 1, 0, 7), (4, 3, 0, 3), (3, '?', 0, 4), (2, '?', 0, 1), (6, '?', 0, 6), (4, '?', 0, 6), (0, 4, 0, 1), (3, 0, 0, '?'), (5, '?', 0, 3), (1, 1, 0, 2), ('?', 4, 0, 6), (0, '?', 0, 2), (6, '?', 0, 3), (3, 3, 0, '?'), (3, '?', 0, 7), (3, 4, 0, '?'), (1, 1, 0, 7), (1, 7, 0, 6), (3, 7, 0, 7), (7, '?', 0, 4), (2, 6, 0, 4), (2, '?', 0, 7), (1, 5, 0, 2), (4, '?', 0, 7), (0, 3, 0, 6), (3, 1, 0, '?'), (1, '?', 0, 3), (3, '?', 0, 4), (4, '?', 0, 6), (0, '?', 0, 6), (6, 6, 0, 4), ('?', 4, 0, 6), (7, 1, 0, 5), (0, 3, 0, 5), (5, '?', 0, 5), (0, '?', 0, 7), (2, 3, 0, 2), (3, 7, 0, '?'), (5, 7, 0, '?'), (0, '?', 0, 4), ('?', 3, 0, 4), ('?', 4, 0, 7), (4, 6, 0, 2), (1, 7, 0, 6), ('?', 3, 0, 3), (0, 4, 0, 5), (2, 7, 0, 5), (1, '?', 0, 6), (6, '?', 0, 2), (2, 6, 0, 5), (0, '?', 0, 6), (0, 1, 0, '?'), (3, 6, 0, 6), ('?', 7, 0, '?'), (2, 1, 0, 5), (2, 1, 0, 1), (3, '?', 0, 7), (0, '?', 0, '?'), (0, 4, 0, 7), (3, '?', 0, 1), ('?', '?', 0, 1), (3, 4, 0, '?'), (2, 1, 0, 7), (5, '?', 0, '?'), (4, 3, 0, 7), (7, 1, 0, 2), (3, 7, 0, '?'), (2, 7, 0, '?'), (7, 3, 0, 0), (3, 7, 0, 1), (7, 7, 0, 5), (5, 7, 0, 1), (2, '?', 0, 0), (0, '?', 0, '?'), (3, '?', 0, '?'), (1, '?', 0, 6), (6, '?', 0, 1), (4, 7, 0, 5), ('?', 7, 0, 5), (2, 1, 0, 2), (3, 7, 0, 6), ('?', '?', 0, 0), (4, 6, 0, 5), (7, 7, 0, 5), (0, '?', 0, '?'), (3, 7, 0, 6), ('?', 1, 0, 7), (0, 1, 0, 0), (4, 7, 0, 7), (0, 7, 0, 3), (1, 1, 0, 2), (7, 4, 0, '?'), (3, '?', 0, '?'), (2, '?', 0, 3), (1, 6, 0, 4), (6, 4, 0, 7), (1, 3, 0, 1), (5, 1, 0, 2), (7, 7, 0, 3), (3, '?', 0, 1), (6, 4, 0, 7), (2, '?', 0, 7), (6, 7, 0, 2), (1, 7, 0, 5), (1, 5, 0, 2), (5, 7, 0, 6), (5, '?', 0, 2), (3, '?', 0, 5), (0, 7, 0, 6), (3, 7, 0, 5), (5, '?', 0, 0), (7, 4, 0, 6), ('?', '?', 0, '?'), (1, '?', 0, 7), (0, 3, 0, 6), ('?', 7, 0, 5), (0, 1, 0, 1), (5, 7, 0, 6), (2, 6, 0, 4), (5, 3, 0, 2), (1, '?', 0, 5), (0, 1, 0, 4), (7, 7, 0, 2), (6, '?', 0, 5), (1, 1, 0, 5), (2, 1, 0, 4), (4, 3, 0, 2), (1, 7, 0, 4), (7, 7, 0, 1), (6, 7, 0, 0), (3, 6, 0, 7), (3, 7, 0, 5), (2, 1, 0, 5), (4, 6, 0, 1), (4, 5, 0, 2), (7, '?', 0, 4), (3, 1, 0, 5), (7, 4, 0, 2), (2, 3, 0, 3), (0, 5, 0, 7), (4, 3, 0, 3), (0, 3, 0, 3), (0, 7, 0, 2), (1, 3, 0, 3), (1, 1, 0, '?'), (0, 7, 0, 2), (1, '?', 0, 6), (4, 6, 0, 6), (3, 3, 0, 3), (0, 7, 0, 7), (3, 7, 0, 7), (2, 6, 0, 2), (4, 1, 0, 2), (4, 6, 0, '?'), (5, 1, 0, 6), (5, 1, 0, 2), (1, 5, 0, 7), (3, '?', 0, 6), (1, 0, 0, 5), (7, 5, 0, 6), (4, 1, 0, 5), (0, '?', 0, 5), (7, 7, 0, 6), (2, 3, 0, 3), (5, '?', 0, 0), (0, '?', 0, 5), (1, 7, 0, 4), (3, 6, 0, 5), (7, 5, 0, 3), (5, 7, 0, 5), (1, 7, 0, 6), (4, 7, 0, 0), (5, 3, 0, 6), (1, 4, 0, 7), (6, 7, 0, 2), (7, 5, 0, 6), (7, '?', 0, 4), (3, 3, 0, 2), (5, 1, 0, 4), (0, 7, 0, 1), (6, 7, 0, 1), ('?', 4, 0, 7), (3, 6, 0, 5), (2, 1, 0, 5), (5, 7, 0, 6), (3, 6, 0, 2), (5, 5, 0, 2), (6, '?', 0, 1), (6, 7, 0, 2), ('?', 4, 0, 2), (5, '?', 0, 1), (3, 7, 0, 2), (4, 7, 0, 4), (0, '?', 0, '?'), (1, '?', 0, 4), (0, 1, 0, 4), (4, 7, 0, 5), (6, 7, 0, 1), (2, 3, 0, '?'), ('?', 5, 0, 1), (6, 0, 0, 4), (7, 1, 0, 4), (2, 6, 0, 5), (7, 1, 0, '?'), (5, '?', 0, 6), (1, 4, 0, 2), (2, 7, 0, 5), (0, 7, 0, 5), (1, 1, 0, 5), (2, '?', 0, 3), (3, 6, 0, 2), (6, '?', 0, 3), (2, 3, 0, 3), (3, 3, 0, 3), (1, '?', 0, 5), (3, 6, 0, 4), (0, '?', 0, '?'), (1, 3, 0, 3), (0, 7, 0, 6), (0, 3, 0, 2), (2, '?', 0, 3), (6, 7, 0, '?'), (0, 1, 0, '?'), ('?', 4, 0, 7), (7, 7, 0, 3), (7, 1, 0, 4), (1, 6, 0, 6), (5, '?', 0, 7), (1, '?', 0, 4), (3, 7, 0, 4), (1, 7, 0, 5), (6, '?', 0, '?'), (0, 7, 0, 5), (0, '?', 0, 5), (4, '?', 0, 6), ('?', 4, 0, 6), (3, '?', 0, 5), (3, 0, 0, 2), (1, 1, 0, '?'), (0, '?', 0, 1), (3, '?', 0, '?'), (5, '?', 0, 2), (1, 7, 0, 3), (3, 3, 0, 7), (0, 3, 0, 7), (4, '?', 0, 4), (1, 0, 0, 2), (5, '?', 0, 5), (0, 1, 0, 1), (0, 1, 0, 0), (2, 7, 0, 5), ('?', 7, 0, '?'), (3, 4, 0, 3), (2, 6, 0, 7), (1, 7, 0, 4), (3, '?', 0, 1), (7, 1, 0, 2), (1, 4, 0, 4), (4, 7, 0, '?'), (4, 7, 0, 4), (0, '?', 0, 1), (2, 6, 0, 6), (3, 7, 0, 3), ('?', '?', 0, 5), (1, 3, 0, 6), (4, 3, 0, 3), (0, 1, 0, 2), (0, 3, 0, 5), (5, 4, 0, 2), (1, '?', 0, 1), (0, 7, 0, 2), ('?', '?', 0, 7), (7, 1, 0, 2), (4, 7, 0, 2), (1, '?', 0, 7), (2, 3, 0, 3), ('?', '?', 0, 7), (1, 7, 0, 3), (1, 6, 0, 4), (7, 7, 0, '?'), (6, 0, 0, 3), (0, 3, 0, 2), (1, '?', 0, 3), (0, 4, 0, 7), ('?', 4, 0, 2), (5, '?', 0, 6), (6, 7, 0, 2), (3, 7, 0, 1), (0, '?', 0, 1), (1, 4, 0, 6), (5, 3, 0, 4), (1, 1, 0, 5), (5, 5, 0, 2), (6, 7, 0, 7), (0, '?', 0, 1), (2, 1, 0, 5), (3, 7, 0, 2), (7, 7, 0, '?'), (1, 5, 0, 7), (3, 3, 0, 7), (7, 7, 0, 2), (4, 1, 0, 7), (0, 4, 0, 7), (3, 6, 0, 2), (3, 4, 0, 3), ('?', 7, 0, 7), (0, 5, 0, 3), (4, 7, 0, 6), (1, 7, 0, 2), (5, '?', 0, 0), (4, 3, 0, 2), (7, 3, 0, 3), (7, '?', 0, 0), (7, 4, 0, 6), (4, 3, 0, 4), (2, 6, 0, 6), (5, '?', 0, 7), (0, '?', 0, 6), (3, '?', 0, 2), (5, '?', 0, 7), ('?', 3, 0, 3), (6, '?', 0, '?'), (2, 7, 0, 5), (6, 7, 0, 7), (0, 1, 0, 1), (6, '?', 0, 1), ('?', 7, 0, 5), (6, 7, 0, 1), (2, '?', 0, 2), ('?', '?', 0, 7), ('?', 7, 0, 1), (5, 3, 0, 7), (5, '?', 0, 0), (6, 4, 0, 2), (3, 0, 0, 2), (4, 6, 0, 1), (2, 1, 0, 6), (0, 6, 0, 5), (3, 6, 0, 4), (6, 3, 0, 2), (5, '?', 0, '?'), ('?', 3, 0, '?'), (0, 3, 0, 6), (3, 4, 0, 6), (3, 7, 0, 7), (1, 7, 0, '?'), (2, 1, 0, 4), (2, '?', 0, 1), (4, 1, 0, 7), (0, 6, 0, 6), (6, 7, 0, 6), ('?', 1, 0, 3), (2, 1, 0, 2), (4, '?', 0, 3), (5, 3, 0, 7), (0, 7, 0, 2), (5, '?', 0, 3), (0, '?', 0, 4), (0, 3, 0, 3), (3, '?', 0, '?'), ('?', '?', 0, 5), (4, 1, 0, 2), ('?', '?', 0, 4), ('?', '?', 0, 4), ('?', '?', 0, 3), (0, 1, 0, 3), (4, 7, 0, 6), ('?', 5, 0, 3), (4, 6, 0, 2), (1, 6, 0, 5), (1, 3, 0, 1), (1, '?', 0, 0), (2, '?', 0, 5), (3, 6, 0, 4), ('?', '?', 0, 5), (2, 7, 0, 3), (2, 7, 0, 4), (1, 4, 0, 2), (2, '?', 0, 4), (1, 0, 0, 5), (6, 7, 0, 7), (3, 7, 0, 1), (2, 7, 0, 6), (2, 7, 0, '?'), (7, 4, 0, 6), (0, 4, 0, 6), (0, 3, 0, 6), (2, '?', 0, 0), (3, '?', 0, 1), (6, '?', 0, 3), ('?', '?', 0, 3), (5, 7, 0, '?'), ('?', 1, 0, 7), (7, 7, 0, 3), (3, 6, 0, 5), (6, '?', 0, 6), (7, 4, 0, 6), (0, 4, 0, 2), ('?', 3, 0, 5), (2, 7, 0, 1), (0, 3, 0, 2), (0, '?', 0, '?'), (3, 0, 0, 4), (1, 6, 0, 6), (6, 1, 0, '?'), ('?', '?', 0, 4), (5, 5, 0, 3), (0, '?', 0, 7), (0, 7, 0, 7), (7, 1, 0, 5), (7, 5, 0, 3), ('?', 7, 0, 6), (2, 1, 0, 5), (5, '?', 0, 1), (0, 1, 0, 7), ('?', 4, 0, 3), (0, '?', 0, '?'), ('?', '?', 0, '?'), (6, '?', 0, 5), ('?', '?', 0, 1), (5, 5, 0, 2), (3, 6, 0, 7), (4, 5, 0, 2), (6, 7, 0, 0), (0, 1, 0, 4), (3, 7, 0, 6), (2, 3, 0, 3), (1, 7, 0, 2), (7, 4, 0, 2), (4, '?', 0, 4), (4, 3, 0, 3), (7, 7, 0, 7), (2, 4, 0, 2), (3, 6, 0, 5), (1, 0, 0, 2), (7, 7, 0, 6), (2, '?', 0, 6), (7, 7, 0, '?'), (2, 7, 0, 5), (1, 0, 0, 4), (0, 7, 0, 7), (6, 7, 0, 7), (4, 6, 0, 1), ('?', 4, 0, 6), (2, 7, 0, 7), (3, 3, 0, 2), (4, '?', 0, 7), (0, 1, 0, 2), (3, 3, 0, 2), (6, '?', 0, 6), (6, '?', 0, 4), ('?', 7, 0, '?'), (2, '?', 0, 6), (7, '?', 0, 3), (0, '?', 0, 1), (7, 1, 0, 0), (4, '?', 0, 2), (3, 1, 0, 5), (0, 5, 0, 6), (2, 1, 0, 2), (0, 4, 0, 1), (0, 3, 0, '?'), (3, '?', 0, 6), (3, '?', 0, 7), (3, '?', 0, 2), (6, '?', 0, 4), (5, '?', 0, '?'), (1, 4, 0, 2), (7, 7, 0, 1), (3, 0, 0, 2), (0, 7, 0, 3), (3, 7, 0, 4), (1, 1, 0, '?'), (5, 3, 0, 7), (7, 7, 0, 5), (5, '?', 0, 3), (2, 7, 0, '?'), (7, 7, 0, 2), (6, '?', 0, '?'), (1, 7, 0, 4), (0, 7, 0, 3), (3, 7, 0, 6), ('?', 7, 0, 6), (6, 7, 0, 6), (2, '?', 0, 3), (5, 5, 0, 2), (0, 5, 0, 3), (4, 7, 0, 5), (3, '?', 0, 5), (0, 7, 0, '?'), (3, 7, 0, 3), (4, '?', 0, 3), (0, 3, 0, 6), (4, 7, 0, 6), (1, '?', 0, 3), (2, 1, 0, 7), ('?', 3, 0, 3), (6, '?', 0, '?'), (5, 7, 0, 2), (4, 3, 0, 1), (3, 6, 0, 7), (3, 4, 0, 5), (7, 7, 0, 1), (1, 0, 0, 2), (6, 7, 0, 6), ('?', '?', 0, 5), (3, 1, 0, '?'), (1, 7, 0, 3), (7, 7, 0, '?'), (3, 7, 0, 6), ('?', '?', 0, 3), (0, 3, 0, 1), (6, '?', 0, '?'), (2, 1, 0, 2), ('?', '?', 0, 1), (1, 5, 0, '?'), (1, 5, 0, 2), (2, 1, 0, 3), (7, '?', 0, 4), (5, 7, 0, 6), (4, 3, 0, 2), ('?', 7, 0, 5), (7, 7, 0, 2), (0, 4, 0, 4), (3, 4, 0, 3), (0, 3, 0, 3), (4, 1, 0, 2), (7, 3, 0, 3), (6, '?', 0, 1), (0, 3, 0, 2), (3, '?', 0, 2), (7, 3, 0, 0), (1, 4, 0, 7), (5, 1, 0, 6), (1, 3, 0, 3), (0, 5, 0, 7), (1, 4, 0, 6), (3, '?', 0, 2), (2, 7, 0, 6), (1, '?', 0, 6), (5, 7, 0, 6), (6, 7, 0, 2), (4, 4, 0, 4), (4, 7, 0, 2), (4, 7, 0, 4), (0, 4, 0, 6), (6, '?', 0, 1), ('?', '?', 0, '?'), ('?', '?', 0, 0), (6, '?', 0, 2), (3, 3, 0, '?'), (7, '?', 0, 4), (2, 1, 0, 7), (3, '?', 0, 7), ('?', '?', 0, '?'), ('?', 7, 0, '?'), (1, 6, 0, 6), (5, 3, 0, 7), ('?', 7, 0, 1), (0, 7, 0, 5), (1, 3, 0, 5), (7, '?', 0, 5), (6, '?', 0, 4), (1, 7, 0, 5), (3, 7, 0, 1), (6, '?', 0, 5), (2, 7, 0, 6), (0, 3, 0, 7), ('?', 7, 0, 5), (1, '?', 0, 4), (0, 4, 0, 6), (7, 1, 0, 2), (6, '?', 0, '?'), (4, 7, 0, 5), (2, 7, 0, 5), (5, 3, 0, 6), (4, 6, 0, 6), ('?', 1, 0, 6), (0, 1, 0, 2), (7, '?', 0, 5), (0, 7, 0, 5), (6, 3, 0, 2), (1, '?', 0, 4), (5, 7, 0, 5), (0, 3, 0, 1), (0, 4, 0, 1), (4, 7, 0, '?'), (4, 5, 0, 2), (3, 3, 0, '?'), (1, 1, 0, 7), (1, '?', 0, 5), (5, '?', 0, 7), (7, '?', 0, 5), (0, 1, 0, 5), (4, 1, 0, 2), (4, 7, 0, 6), (6, '?', 0, 2), (3, 0, 0, 1), (6, '?', 0, 7), (4, 7, 0, 4), (0, 1, 0, '?'), (1, 7, 0, 2), (3, '?', 0, 7), (3, 7, 0, 5), (0, 6, 0, 2), (1, 3, 0, 7), (1, 0, 0, 2), (6, 7, 0, 1), (4, '?', 0, 0), (3, '?', 0, 2), (4, 0, 0, 7), (5, 5, 0, 2), (3, '?', 0, 5), (2, '?', 0, 3), (1, '?', 0, 7), (4, 3, 0, 5), (7, '?', 0, '?'), (7, '?', 0, '?'), (1, 7, 0, 5), (3, 6, 0, 5), (5, 1, 0, 2), (7, 1, 0, 6), (4, 7, 0, 4), (5, 3, 0, 2), (3, 7, 0, 4), (7, '?', 0, 0), (0, '?', 0, 7), (5, '?', 0, 1), (2, 1, 0, 3), (5, 3, 0, 2), (3, '?', 0, 0), (0, 7, 0, 2), (2, '?', 0, 5), ('?', 3, 0, 1), (2, '?', 0, 5), (2, 1, 0, 6), (0, 1, 0, 4), (6, 4, 0, 7), (5, '?', 0, 7), (5, 1, 0, 2), (2, '?', 0, 5), (4, '?', 0, 2), (7, '?', 0, '?'), (0, 7, 0, 6), (7, 5, 0, 6), (2, 6, 0, 4), (1, '?', 0, 7), (7, 7, 0, 1), (6, 7, 0, 7), (6, '?', 0, 4), (5, 7, 0, '?'), (3, 7, 0, 5), (1, 0, 0, '?'), (6, 7, 0, '?'), (7, 5, 0, 6), (4, 7, 0, '?'), ('?', 7, 0, 5), (3, '?', 0, 0), (3, 7, 0, 7), (3, 4, 0, 6), (5, 7, 0, 1), (6, 0, 0, 3), (7, 7, 0, 3), (0, '?', 0, 2), (5, 7, 0, 3), (7, '?', 0, 0), (1, '?', 0, 7), (7, 3, 0, 3), (1, '?', 0, 5), (2, 1, 0, 5), (3, 3, 0, 2), ('?', 3, 0, '?'), (1, 0, 0, 4), (3, '?', 0, 2), (0, 3, 0, 2), (0, 7, 0, '?'), (3, 7, 0, 3), (0, 1, 0, 1), (5, '?', 0, 5), (2, 1, 0, 3), (4, '?', 0, 6), (0, 1, 0, 7), (0, 7, 0, 6), (3, '?', 0, 2), (3, 7, 0, '?'), (3, 7, 0, 4), (0, 3, 0, 1), (2, 1, 0, 1), (0, 1, 0, 2), (5, '?', 0, 3), (4, 7, 0, '?'), (4, '?', 0, 4), (4, 7, 0, 6), (1, '?', 0, 5), (7, 7, 0, 3), (5, '?', 0, 5), (0, 1, 0, '?'), (1, 5, 0, 3), (1, '?', 0, 5), ('?', 4, 0, 2), (4, '?', 0, 2), (2, 7, 0, 1), (4, 3, 0, 5), ('?', 5, 0, 2), (5, 5, 0, 2), ('?', '?', 0, 1), (2, 7, 0, 3), ('?', 7, 0, 7), (1, 7, 0, 4), (0, 4, 0, 1), (2, '?', 0, 2), (1, 1, 0, 5), (4, 7, 0, 6), (5, 5, 0, 2), (5, 3, 0, 2), ('?', 7, 0, '?'), (0, 7, 0, 1), (6, '?', 0, 1), (5, 7, 0, 2), (6, '?', 0, 5), ('?', 5, 0, 3), (0, 5, 0, 7), (2, 7, 0, 5), (3, '?', 0, 4), (7, 1, 0, 6), (7, 7, 0, 7), (6, 0, 0, '?'), (6, 0, 0, 2), (5, 1, 0, 2), ('?', 7, 0, '?'), (0, 4, 0, 6), (1, 1, 0, '?'), (3, '?', 0, 5), (0, 1, 0, 2), ('?', 7, 0, 4), (0, '?', 0, 2), (5, '?', 0, '?'), (0, 4, 0, 1), (4, 1, 0, 5), (4, 7, 0, 4), (0, '?', 0, 1), (1, 4, 0, 6), (1, '?', 0, 5), (5, 3, 0, 2), (1, '?', 0, 6), (1, '?', 0, 6), (1, 7, 0, 4), (3, 7, 0, 7), (2, 7, 0, 4), (0, 1, 0, 3), (6, '?', 0, 7), (1, 0, 0, 2), (1, 5, 0, 3), (7, 7, 0, 7), (0, '?', 0, 6), ('?', '?', 0, 3), (0, 3, 0, 2), (7, '?', 0, 3), (3, '?', 0, 7), ('?', '?', 0, 0), (0, 4, 0, 7), ('?', '?', 0, 6), (2, 7, 0, 4), ('?', 3, 0, '?'), (2, '?', 0, 5), (5, 7, 0, '?'), (5, 7, 0, 6), (4, 1, 0, 2), (4, 7, 0, 7), (3, 1, 0, 5), (1, 7, 0, 3), (1, 4, 0, 6), (4, 3, 0, 5), ('?', 1, 0, 7), (0, 5, 0, 2), (1, 1, 0, '?'), (7, 5, 0, 6), (4, 1, 0, 7), (4, '?', 0, 4), (3, 3, 0, 7), (7, 1, 0, 2), (5, '?', 0, 0), (0, '?', 0, '?'), (0, 3, 0, 2), (6, 0, 0, 4), (4, 7, 0, 4), (0, '?', 0, 5), (0, 1, 0, 0), (0, 5, 0, 2), (2, 6, 0, 2), (7, 3, 0, 3), (6, 7, 0, 7), (1, 0, 0, 4), (0, 3, 0, 3), (4, 7, 0, 0), (1, 3, 0, 1), (2, 6, 0, 4), (4, '?', 0, 6), (2, 7, 0, 1), (0, '?', 0, 4), (0, 3, 0, 6), (4, 7, 0, 5), (7, 1, 0, 6), (2, 6, 0, 2), (0, 3, 0, 3), (0, 3, 0, 2), (5, '?', 0, 1), (1, 3, 0, 1), (5, 7, 0, 2), (2, 7, 0, 3), (5, 7, 0, 1), (4, 7, 0, 7), (7, 1, 0, 5), (0, 4, 0, 7), (7, 7, 0, 1), (6, '?', 0, 6), (1, 1, 0, 7), (0, 4, 0, 2), (4, 6, 0, 1), (6, '?', 0, 1), (2, '?', 0, 5), (0, '?', 0, 4), (3, '?', 0, 0), (3, 3, 0, 5), ('?', 7, 0, 1), (0, 1, 0, 4), (3, 7, 0, 6), (7, 7, 0, 6), (1, 1, 0, 7), (0, 1, 0, 2), (6, 1, 0, 7), ('?', 4, 0, 2), (4, 7, 0, 4), (2, 7, 0, '?'), (0, 7, 0, 7), (2, '?', 0, 4), (3, 3, 0, 2), (3, 0, 0, 2), ('?', '?', 0, 5), (1, 7, 0, 5), (5, 7, 0, 5), (0, 6, 0, 2), (0, 1, 0, 7), (2, 1, 0, 6), (3, 3, 0, 5), (4, '?', 0, 2), (3, 3, 0, 1), (7, 7, 0, 7), (2, 7, 0, '?'), (0, 7, 0, '?'), (7, '?', 0, 3), (2, 7, 0, 6), (3, 7, 0, 5), (0, 7, 0, 5), (0, 7, 0, 5), (2, '?', 0, 7), (2, '?', 0, 1), (3, '?', 0, 4), (6, 3, 0, 2), (2, 4, 0, 2), (1, '?', 0, 1), (2, '?', 0, 4), (2, 6, 0, 2), (3, 7, 0, 2), (2, 7, 0, 7), (0, '?', 0, 1), (2, 6, 0, 6), (1, 6, 0, 5), (3, '?', 0, '?'), (7, 1, 0, 6), (6, '?', 0, 7), (1, 7, 0, '?'), (2, 4, 0, 2), (1, '?', 0, 1), (7, '?', 0, '?'), (4, 1, 0, 5), (1, 7, 0, 6), (2, 1, 0, 5), ('?', 7, 0, 6), (1, 1, 0, 5), (1, 7, 0, 2), (5, '?', 0, '?'), (7, 7, 0, 6), (4, '?', 0, 4), (0, 7, 0, 6), (0, 1, 0, 0), (0, 4, 0, 1), (3, 3, 0, 2), (0, 1, 0, 4), (4, 1, 0, 5), (3, 6, 0, 4), (2, '?', 0, 3), (2, '?', 0, 4), (7, '?', 0, 4), (6, 7, 0, 2), (0, 7, 0, 7), ('?', '?', 0, 7), (7, '?', 0, 3), ('?', 7, 0, 4), (1, '?', 0, 7), (2, 4, 0, 2), (3, 3, 0, 1), (5, 3, 0, 6), ('?', '?', 0, 4), (1, 7, 0, 3), (5, '?', 0, 1), (1, '?', 0, 0), ('?', '?', 0, 6), (1, 7, 0, 3), ('?', 1, 0, 7), (4, '?', 0, 7), (7, 7, 0, '?'), (3, '?', 0, '?'), (3, 7, 0, 2), ('?', 3, 0, 1), (6, 3, 0, 2), (1, 3, 0, 5), (7, 7, 0, 2), (3, 7, 0, 6), (5, 7, 0, 1), (7, '?', 0, 4), (5, 3, 0, 2), (0, 7, 0, 3), (2, 7, 0, 3), ('?', '?', 0, 5), (1, 7, 0, 2), (3, '?', 0, 5), (2, 3, 0, 2), (1, '?', 0, 4), (5, 1, 0, 2), (1, 3, 0, 3), (3, 3, 0, 2), (0, 7, 0, 3), (0, 4, 0, 1), ('?', '?', 0, '?'), (7, 7, 0, 5), (0, 3, 0, 7), (7, 1, 0, 2), (3, '?', 0, 1), ('?', 7, 0, 5), (3, '?', 0, 4), (6, 0, 0, 2), (7, '?', 0, 5), ('?', '?', 0, 4), (3, 7, 0, 1), ('?', 5, 0, 2), ('?', '?', 0, 6), (3, 3, 0, 7), (5, 5, 0, 2), ('?', 7, 0, 5), (4, 7, 0, 7), (2, 7, 0, '?'), (3, 0, 0, '?'), (0, 4, 0, 2), (0, 1, 0, 1), (0, 3, 0, 7), (0, 7, 0, 6), (0, 3, 0, 7), (6, 6, 0, '?'), ('?', '?', 0, 4), (3, 7, 0, 4), (0, 5, 0, 3), (0, 1, 0, '?'), (7, 7, 0, 5), (1, 5, 0, 2), (7, 1, 0, 2), (7, 7, 0, 1), (7, '?', 0, 2), (3, '?', 0, 6), (2, 3, 0, 3), (3, 6, 0, 4), ('?', 4, 0, 2), (2, '?', 0, 6), ('?', 3, 0, 3), (6, 3, 0, 1), ('?', '?', 0, 3), (4, 3, 0, 2), (7, 7, 0, 7), (4, '?', 0, 4), (7, 7, 0, 3), (0, 4, 0, 6), (0, 5, 0, '?'), (0, 4, 0, 2), (6, 3, 0, 2), (0, 1, 0, 2), (5, 3, 0, 5), (4, 1, 0, 6), (5, 7, 0, 2), (2, 1, 0, 7), (0, 4, 0, 2), (0, '?', 0, 6), (2, 1, 0, 5), (0, 5, 0, 3), ('?', 5, 0, 2), (3, 0, 0, 2), (4, 4, 0, 6), (2, 3, 0, 2), (5, '?', 0, 4), (0, '?', 0, 2), (6, 0, 0, 2), (6, '?', 0, 6), (3, 6, 0, 4), (0, '?', 0, 2), (7, 7, 0, '?'), (4, 7, 0, '?'), (4, 5, 0, 3), ('?', '?', 0, 0), (3, '?', 0, 5), (3, 3, 0, 2), (2, 3, 0, 2), (5, 7, 0, '?'), (4, 7, 0, 0), (7, '?', 0, 0), (0, 7, 0, 1), (2, 7, 0, 4), (4, '?', 0, 1), (7, '?', 0, 3), (0, 7, 0, 7), (2, '?', 0, 2), ('?', 7, 0, 6), (0, '?', 0, 7), (6, '?', 0, 6), (0, 4, 0, 6), (1, 7, 0, 5), (6, '?', 0, 7), (7, 7, 0, 5), (2, '?', 0, 0), (0, 6, 0, 4), (6, '?', 0, 6), (5, '?', 0, 6), (3, 7, 0, 7), (1, 3, 0, 5), (3, 7, 0, 5), (1, 6, 0, 5), (7, 7, 0, 6), (7, '?', 0, '?'), (3, 1, 0, 0), (6, 7, 0, 2), (2, 6, 0, 4), (0, 7, 0, '?'), (1, '?', 0, 7), (4, 7, 0, 6), (3, 3, 0, '?'), (3, 7, 0, '?'), ('?', '?', 0, 7), (7, 5, 0, 3), (4, 1, 0, 2), (2, '?', 0, 2), (6, 7, 0, 1), ('?', 7, 0, 4), (2, '?', 0, 1), (5, 3, 0, 7), (4, 7, 0, 5), (1, 7, 0, '?'), (6, '?', 0, 2), (2, '?', 0, 4), (0, 6, 0, 6), (2, '?', 0, 2), ('?', '?', 0, 1), (4, 3, 0, 7), (0, 1, 0, 7), (1, 7, 0, 3), (3, 3, 0, 7), (0, '?', 0, 7), (3, 7, 0, 5), (2, '?', 0, 7), (3, 7, 0, 3), (2, 7, 0, '?'), (3, 7, 0, 4), (0, 1, 0, 4), (1, '?', 0, 1), (1, '?', 0, 0), (2, 6, 0, 2), (6, '?', 0, 5), (5, '?', 0, 3), (0, '?', 0, 7), ('?', 3, 0, 3), (1, 3, 0, 1), (0, '?', 0, 4), (5, 7, 0, 3), (7, 7, 0, 7), (5, 3, 0, 7), (5, 1, 0, 2), (0, 7, 0, 2), (1, 3, 0, 5), ('?', 4, 0, 7), (6, '?', 0, 3), (6, 7, 0, 7), (5, 1, 0, 6), (3, '?', 0, 7), (0, 4, 0, 2), (6, 7, 0, 1), (3, '?', 0, 6), (1, 7, 0, 5), (0, 7, 0, 5), ('?', 1, 0, 5), (1, 7, 0, '?'), (5, '?', 0, 7), (4, '?', 0, 4), (4, 7, 0, 5), (1, 7, 0, 4), (5, '?', 0, 1), (1, '?', 0, 4), (7, 7, 0, 7), (2, 4, 0, '?'), (2, '?', 0, 2), (3, 0, 0, 4), (3, 3, 0, 7), (3, 0, 0, 2), (2, 1, 0, 6), (3, '?', 0, 0), (2, 4, 0, 2), (0, 4, 0, 7), (1, '?', 0, 4), ('?', 7, 0, '?'), (4, 5, 0, 3), ('?', 7, 0, 0), (1, '?', 0, 5), (2, 1, 0, 7), (2, '?', 0, 6), (2, 6, 0, 6), (5, 7, 0, 0), ('?', 7, 0, 5), (0, '?', 0, 2), ('?', '?', 0, 1), (0, 3, 0, 1), (5, 3, 0, 2), (0, 1, 0, 4), (4, 3, 0, 5), (5, 1, 0, 2), (2, 1, 0, 6), (3, '?', 0, 6), (0, '?', 0, 5), (1, '?', 0, 3), ('?', 7, 0, 5), (0, 1, 0, 3), (3, 4, 0, 6), (2, 6, 0, 2), (4, 7, 0, 2), (5, '?', 0, 4), (3, 3, 0, 7), (2, 1, 0, 1), (1, 1, 0, 2), (0, 4, 0, 1), (4, 3, 0, 2), (5, '?', 0, 4), (1, 7, 0, 5), (1, 4, 0, 2), (0, 6, 0, 1), (0, '?', 0, 7), (0, 7, 0, 5), (5, 5, 0, 3), ('?', 7, 0, 1), (1, 7, 0, 2), (1, 0, 0, '?'), (4, '?', 0, 4), (6, 7, 0, 6), ('?', '?', 0, 5), (3, '?', 0, 0), (6, '?', 0, 7), ('?', 7, 0, '?'), (2, '?', 0, 4), (2, 7, 0, 3), ('?', 3, 0, 3), (7, 7, 0, 6), (4, 7, 0, 2), (6, 7, 0, 7), ('?', 7, 0, 1), (1, 0, 0, 4), (4, 7, 0, 4), (5, 3, 0, 2), (2, 7, 0, 7), (5, 7, 0, 5), (3, 6, 0, 6), (0, 3, 0, 3), (1, 5, 0, 2), (6, '?', 0, 3), (5, '?', 0, 2), ('?', '?', 0, '?'), (2, 6, 0, 6), (5, '?', 0, '?'), (0, 4, 0, 6), (0, 6, 0, 6), (2, 1, 0, 4), (0, 1, 0, 2), (3, '?', 0, '?'), (7, 3, 0, 7), ('?', '?', 0, 3), ('?', 7, 0, 6), (1, '?', 0, 0), (3, 3, 0, 3), (0, '?', 0, 5), (2, 7, 0, 7), (2, 7, 0, 6), (5, '?', 0, 4), (1, 0, 0, '?'), (7, '?', 0, 4), (7, 7, 0, 3), (5, '?', 0, 2), (2, 1, 0, 2), (1, 0, 0, 6), (1, '?', 0, 6), (7, 4, 0, 2), (4, 3, 0, 5), (3, '?', 0, 6), (2, '?', 0, 7), (0, 4, 0, 4), (2, 6, 0, 7), ('?', 6, 0, 4), (5, 5, 0, 3), (6, 7, 0, '?'), (0, 3, 0, 2), (0, 1, 0, 7), (7, 7, 0, 1), (2, 1, 0, 5), (1, 7, 0, 2), (4, 7, 0, 0), (6, 7, 0, '?'), (5, 4, 0, 2), (4, 1, 0, 2), (2, '?', 0, 5), (0, '?', 0, 7), (6, '?', 0, 2), (0, 3, 0, 7), (3, 1, 0, 0), ('?', 3, 0, '?'), (3, 7, 0, 2), (6, '?', 0, 4), (3, 7, 0, 2), (5, 7, 0, '?'), (0, 3, 0, 6), (3, 7, 0, '?'), (6, 3, 0, 3), (0, 1, 0, '?'), (1, 1, 0, 5), (1, 7, 0, '?'), (5, '?', 0, 5), (1, '?', 0, 4), ('?', 1, 0, '?'), (7, 1, 0, '?'), ('?', '?', 0, 4), ('?', '?', 0, 0), (1, 3, 0, 1), (3, '?', 0, 4), (0, 1, 0, 5), ('?', '?', 0, 4), ('?', 7, 0, 7), (6, '?', 0, '?'), ('?', 7, 0, 4), (4, 6, 0, 6), (1, 4, 0, 2), (7, '?', 0, '?'), (6, 3, 0, 1), (6, 7, 0, '?'), (2, '?', 0, 0), (2, '?', 0, 6), ('?', '?', 0, 6), (1, 4, 0, 6), (3, '?', 0, 2), (5, '?', 0, 5), (0, '?', 0, 6), (5, 7, 0, 1), (5, 7, 0, 6), (6, 3, 0, 1), (1, 5, 0, 2), (1, 7, 0, 6), (2, '?', 0, 3), ('?', '?', 0, 7), (1, 1, 0, 4), (5, '?', 0, 6), (1, '?', 0, 7), (4, 7, 0, 4), (7, 5, 0, 6), (5, 3, 0, 7), ('?', '?', 0, 0), (7, 7, 0, 2), (3, 0, 0, '?'), (2, 1, 0, 7), (3, 7, 0, 5), (1, 4, 0, 6), (3, 7, 0, '?'), (1, 3, 0, 3), (2, '?', 0, 1), (4, '?', 0, 3), (7, '?', 0, 3), (6, 3, 0, 2), (4, 7, 0, 6), (1, 0, 0, '?'), (3, 3, 0, '?'), (7, '?', 0, 5), (4, 3, 0, 7), ('?', 7, 0, 6), ('?', 1, 0, 7), (0, 7, 0, 6), (3, 7, 0, 7), ('?', 4, 0, 2), (4, 7, 0, 0), (0, 3, 0, 3), (0, 1, 0, 5), (5, '?', 0, 2), ('?', '?', 0, 0), (0, 7, 0, 6), (1, 0, 0, 4), (2, '?', 0, 3), (1, 3, 0, 7), ('?', 3, 0, 4), (5, '?', 0, 6), ('?', '?', 0, 5), (3, '?', 0, 0), (3, 7, 0, 3), (3, 0, 0, 1), (2, 1, 0, 5), (2, 7, 0, 1), (4, 5, 0, 3), (4, '?', 0, 7), (7, '?', 0, 4), (1, 7, 0, 2), (5, 1, 0, 5), (3, 6, 0, 4), ('?', 4, 0, 7), ('?', 1, 0, 0), ('?', '?', 0, '?'), (2, 1, 0, 2), (5, '?', 0, 6), (1, 4, 0, 2), (1, '?', 0, 6), (4, 3, 0, 7), (1, '?', 0, 3), (2, '?', 0, 0), (3, '?', 0, 5), (4, 1, 0, 6), (2, 7, 0, 6), (7, 7, 0, 6), (3, 4, 0, 6), (3, 6, 0, 4), (2, '?', 0, 0), (4, 1, 0, 4), (3, 7, 0, 1), (4, 1, 0, '?'), (4, 1, 0, 2), (7, 7, 0, 7), ('?', 3, 0, 3), (2, 6, 0, 4), (3, '?', 0, 5), (3, '?', 0, 1), (2, 3, 0, 2), (3, 6, 0, 5), (5, 1, 0, 6), ('?', '?', 0, 0), (4, 7, 0, 0), (1, 5, 0, 7), (0, '?', 0, 4), (6, 0, 0, 3), (3, 3, 0, 2), (7, 1, 0, '?'), (5, '?', 0, 6), (0, 1, 0, 0), (2, 6, 0, 5), (2, 7, 0, '?'), (7, 7, 0, 5), (3, '?', 0, 1), (0, 7, 0, '?'), (6, '?', 0, 7), ('?', 7, 0, 6), (7, '?', 0, '?'), (3, 5, 0, 3), (2, 7, 0, 6), (1, 7, 0, '?'), (3, 3, 0, 2), (1, 0, 0, 1), (2, 1, 0, 2), (4, 3, 0, 2), (5, '?', 0, 6), (6, '?', 0, '?'), (5, 5, 0, 3), (5, 7, 0, 2), (3, '?', 0, 7), (7, '?', 0, 0), (1, 1, 0, 4), (2, 7, 0, 4), (2, '?', 0, 6), ('?', 1, 0, 0), (1, 7, 0, 3), (6, '?', 0, 1), (1, 7, 0, 4), ('?', '?', 0, 6), (6, 0, 0, 3), (4, 6, 0, 2), (7, 1, 0, '?'), (2, 3, 0, 5), (7, '?', 0, 5), (5, 7, 0, 3)]"
"(18, 18, 18, 19, 0)","[(6, 0, 0, 4), (6, 0, 0, 4), (4, 0, 0, 2)]"
"(18, 18, 18, 20, 0)","[(4, '?', 0, 1), (4, 1, 0, 5)]"
"(18, 18, 18, 23, 0)","[(7, '?', 0, 0), (5, '?', 0, 4), (0, 2, 0, 7)]"
"(18, 18, 18, 27, 0)","[(7, 7, 0, '?'), (7, 7, 0, 1)]"
"(18, 18, 19, 18, 0)","[(6, 0, 0, 3)]"
"(18, 18, 19, 19, 0)","[(4, 0, 0, 2), (1, 0, 0, 1), (1, 0, 0, 1), (1, 0, 0, 5), (4, 0, 0, 2)]"
"(18, 18, 20, 18, 0)","[(4, 1, 0, 5)]"
"(18, 18, 20, 20, 0)","[(4, 1, 0, 1), (4, '?', 0, 1), (4, '?', 0, 1), (4, 1, 0, 5), (4, '?', 0, 0), (4, '?', 0, 3), (4, '?', 0, 3), (4, 1, 0, 0), (4, 1, 0, 1), (4, 4, 0, 7)]"
"(18, 18, 21, 20, 0)","[(5, '?', 0, 0)]"
"(18, 18, 23, 23, 0)","[(2, 2, 0, 2), ('?', 2, 0, 2), (2, 2, 0, '?'), (2, 2, 0, 3), (0, 2, 0, 1), (2, 2, 0, 2), (2, 2, 0, 2), (0, 2, 0, 7), (2, 2, 0, 7), (0, 2, 0, 3), (0, 2, 0, 7), ('?', 2, 0, 6), (5, 2, 0, 5), ('?', 2, 0, 7), (0, 2, 0, 7), (4, '?', 0, 1), (2, 2, 0, '?'), (5, 2, 0, 5), (0, 2, 0, '?'), (2, 2, 0, 7), (2, 2, 0, 7), (2, 2, 0, 2), (0, 2, 0, '?'), (0, 2, 0, 1), (2, 2, 0, 7), (1, 2, 0, 7)]"
"(18, 18, 27, 27, 0)","[('?', 7, 0, 0)]"
"(18, 19, 18, 18, 0)","[(1, 0, 0, '?')]"
"(18, 20, 20, 20, 0)","[(4, '?', 0, 3), (4, '?', 0, 3), (4, '?', 0, 3), (4, '?', 0, 0), (4, '?', 0, 1), (4, '?', 0, 0), (4, '?', 0, 3), (4, '?', 0, 3), (4, '?', 0, 1), (4, '?', 0, 7), (4, 1, 0, 0), (4, '?', 0, 1)]"
"(18, 21, 16, 16, 0)","[(3, 1, 0, 0)]"
"(18, 21, 18, 18, 0)","[(7, 7, 0, 3)]"
"(18, 21, 21, 16, 0)","[(5, '?', 0, 0)]"
"(18, 23, 16, 16, 0)","[(3, 1, 0, 0)]"
"(18, 23, 23, 23, 0)","[(0, 2, 0, 2), (6, 2, 0, 2), (0, 2, 0, 3), ('?', 2, 0, 7), (1, 2, 0, 7), ('?', 2, 0, 7), (2, 2, 0, 3), (3, 2, 0, 5), (7, 2, 0, '?'), (0, 2, 0, 3), (5, 2, 0, 5), (7, 2, 0, 5), (2, 2, 0, 4), (5, 2, 0, 5), (0, 2, 0, 7), (1, 2, 0, 7), (2, 2, 0, 2), (0, 2, 0, 2), ('?', 2, 0, 2), (4, 2, 0, 2), (3, '?', 0, 6), (0, 2, 0, 2), ('?', 2, 0, 3), ('?', 2, 0, 2), (3, 2, 0, '?'), (4, 2, 0, 2), (2, 2, 0, 2), (7, 2, 0, 5), (2, 2, 0, 7), ('?', 2, 0, 7), (4, 2, 0, 2), (2, 2, 0, 7), (7, 2, 0, 5), (5, 2, 0, 4), ('?', 2, 0, 2), (2, 2, 0, 7), (0, 2, 0, 2), (7, 2, 0, 5), (5, 2, 0, 1), (0, 2, 0, 6), ('?', 2, 0, 2), (2, 2, 0, '?'), ('?', 2, 0, 7), (0, 2, 0, 2), (1, 2, 0, 2), (7, 2, 0, 5), (0, 2, 0, 7), (6, 2, 0, 2), (7, 2, 0, 5), (7, 2, 0, 5), (5, 2, 0, '?'), (5, 2, 0, 1), ('?', 2, 0, 2), (1, 2, 0, 2), (2, 2, 0, '?'), (2, 2, 0, 7), (0, 2, 0, 2), (7, 2, 0, 5), (2, 2, 0, '?'), (4, 2, 0, 2), (5, 2, 0, 1), (1, 2, 0, 7), (1, 2, 0, 7), (2, 2, 0, 2), (1, 2, 0, 7), (2, 2, 0, 2), (5, 2, 0, 4), (5, 2, 0, 1), (6, 2, 0, 7), (5, 2, 0, '?'), ('?', 2, 0, 7), (0, 2, 0, '?'), (5, 2, 0, 6), (2, 2, 0, 1), (4, 2, 0, 2), ('?', 2, 0, 6), (1, 2, 0, 2), (5, 2, 0, 6), (2, 2, 0, '?')]"
"(18, 27, 18, 18, 0)","[(7, 7, 0, 1)]"
"(18, 27, 27, 27, 0)","[(6, 7, 0, 0), (7, 7, 0, 4), (7, 7, 0, 4)]"
"(19, 1, 1, 1, 0)","[(2, 0, 3, 2), (2, 0, '?', 5)]"
"(19, 1, 1, 19, 0)","[(2, 0, '?', 0), (2, 0, 0, 4)]"
"(19, 1, 19, 19, 0)","[(2, 0, 3, 2), (2, 0, 0, 4), (2, 0, '?', 4)]"
"(19, 3, 3, 3, 0)","[(5, 0, 2, 2), (5, 0, 2, '?'), (7, 0, 2, '?'), (7, 0, 2, 4), (3, 0, 2, 3), (3, 0, 2, 5), (7, 0, 2, 6), (3, 0, 2, 5), (1, 0, 2, 4)]"
"(19, 3, 3, 19, 0)","[(1, 0, 2, 7)]"
"(19, 3, 19, 3, 0)","[(1, 0, 2, 4), (7, 0, 2, 3)]"
"(19, 4, 4, 4, 0)","[(3, 0, 6, 6)]"
"(19, 4, 19, 19, 0)","[(0, 0, 6, 1)]"
"(19, 7, 7, 7, 0)","[(0, 0, 1, 4), (6, 0, 1, 7), (3, 0, 1, 4), (7, 0, 1, 7), ('?', 0, 1, 3), (7, 0, 1, 2), (7, 0, 1, 2), (0, 0, 1, 4), (0, 0, 1, 2), (1, 0, 1, 1), ('?', 0, 1, 5), (5, 0, 1, 4), (5, 0, 1, 0), (5, 0, 1, 4), (3, 0, 1, 4), (0, 0, 1, 4), (0, 0, 1, 2), (3, 0, 1, '?'), ('?', 0, 1, 7), (1, 0, 1, '?'), (7, 0, 1, 2), (0, 0, 1, 4), (4, 0, 1, 4), (0, 0, 1, 6), (0, 0, 1, 4), (4, 0, 1, 7), (7, 0, 1, 7), (6, 0, 1, 7), (0, 0, 1, 3), ('?', 0, 1, 5), (5, 0, 1, 0), (5, 0, 1, 2), (0, 0, 1, '?'), (5, 0, 1, 1), (3, 0, 1, 4), ('?', 0, 1, 4), (7, 0, 1, 2), (0, 0, 1, 0), ('?', 0, 1, 1), (3, 0, 1, 4), (6, 0, 1, '?'), (7, 0, 1, 7), (7, 0, 1, 7), (7, 0, 1, 2), (7, 0, 1, 7)]"
"(19, 7, 7, 19, 0)","[(2, 0, 1, 2), (3, 0, 1, 6), ('?', 0, 1, 6), (0, 0, 1, 0), (0, 0, 1, 6), (5, 0, 1, 4), (0, 0, 1, 6), ('?', 0, 1, 1), ('?', 0, 1, '?'), (0, 0, 1, 6), (0, 0, 1, 6)]"
"(19, 7, 7, 25, 0)","[(5, 0, 1, 2), (5, 0, 1, 2)]"
"(19, 7, 19, 7, 0)","[(3, 0, 1, '?'), (4, 0, 1, 5), (1, 0, 1, 2), (4, 0, 1, 3), ('?', 0, 1, 1)]"
"(19, 7, 19, 19, 0)","[(4, 0, 1, 4), ('?', 0, 1, 6), ('?', 0, 1, 5), (0, 0, 1, '?'), (0, 0, 1, '?')]"
"(19, 11, 11, 11, 0)","[(2, 0, 4, 7), (2, 0, 4, 7), (5, 0, 4, 2), (1, 0, 4, 0), (7, 0, 4, 7), (5, 0, 4, 4), (5, 0, 4, 0), (1, 0, 4, 4), (2, 0, 4, 0), (1, 0, 4, 0), (2, 0, 4, 7), (1, 0, 4, 7), (1, 0, 4, 0)]"
"(19, 11, 19, 11, 0)","[(1, 0, 4, 4)]"
"(19, 11, 19, 19, 0)","[(6, 0, 4, 2)]"
"(19, 12, 12, 12, 0)","[(6, 0, 5, 4), (6, 0, 5, 4), (6, 0, 5, 5), (7, 0, 5, 0), (4, 0, 5, 3), (2, 0, 5, '?')]"
"(19, 12, 12, 19, 0)","[(6, 0, 5, 0), (6, 0, 5, 1)]"
"(19, 12, 19, 12, 0)","[(2, 0, 5, 5)]"
"(19, 18, 18, 18, 0)","[(1, 0, 0, 4), (4, 0, 0, 7), (3, 0, 0, 6), (3, 0, 0, '?'), (3, 0, 0, 2), (3, 0, 0, 1), (3, 0, 0, 4), (1, 0, 0, 5), (3, 0, 0, 2), (2, 0, 0, '?'), (4, 0, 0, 7), (3, 0, 0, '?'), (5, 0, 0, 2), (1, 0, 0, 2), (3, 0, 0, 4), (3, 0, 0, 4), (3, 0, 0, 4), (1, 0, 0, 5), (5, 0, 0, 4), (3, 0, 0, 2), (3, 0, 0, '?'), (4, 0, 0, 2), (6, 0, 0, 3), (0, 0, 0, 3), (4, 0, 0, 7), (3, 0, 0, 6), (0, 0, 0, 0)]"
"(19, 18, 18, 19, 0)","[(3, 0, 0, 3), (6, 0, 0, 1), (1, 0, 0, 6), (0, 0, 0, 0), (1, 0, 0, 5), (1, 0, 0, 1)]"
"(19, 18, 19, 18, 0)","[(4, 0, 0, 7), (3, 0, 0, 6), (3, 0, 0, 1), (0, 0, 0, 3), (1, 0, 0, '?'), (1, 0, 0, 5), (5, 0, 0, 2)]"
"(19, 18, 19, 19, 0)","[(1, 0, 0, 1), (3, 0, 0, 2), (3, 0, 0, 4), (6, 0, 0, '?'), (4, 0, 0, 2), (1, 0, 0, 3), (3, 0, 0, 3), (6, 0, 0, 3), (3, 0, 0, 3), (3, 0, 0, '?'), (0, 0, 0, 4), (0, 0, 0, 2), (6, 0, 0, '?'), (3, 0, 0, 3), (3, 0, 0, 6), (3, 0, 0, 6), ('?', 0, 0, 5)]"
"(19, 19, 1, 1, 0)","[(2, 0, 3, 2), (2, 0, '?', 4)]"
"(19, 19, 1, 19, 0)","[(2, 0, '?', 4), (2, 0, '?', 0), (2, 0, '?', 1), (2, 0, 0, 4), (2, 0, 0, 0), (2, 0, '?', 4)]"
"(19, 19, 3, 3, 0)","[(5, 0, 2, 2), (4, 0, 2, 3), (4, 0, 2, 6), (1, 0, 2, 5)]"
"(19, 19, 3, 19, 0)","[(7, 0, 2, '?'), (7, 0, 2, '?'), (0, 0, 2, '?'), ('?', 0, 2, 3)]"
"(19, 19, 4, 4, 0)","[(4, 0, 6, 3)]"
"(19, 19, 6, 19, 0)","[(5, 0, 3, 2)]"
"(19, 19, 7, 7, 0)","[('?', 0, 1, 7), (3, 0, 1, 4), ('?', 0, 1, 5), (3, 0, 1, 3), (1, 0, 1, '?'), (4, 0, 1, 5), ('?', 0, 1, 7), (1, 0, 1, 3), (1, 0, 1, 2), (5, 0, 1, 0), ('?', 0, 1, 4), ('?', 0, 1, 1), (4, 0, 1, 5), (5, 0, 1, 1)]"
"(19, 19, 7, 19, 0)","[('?', 0, 1, '?'), (7, 0, 1, 2), (0, 0, 1, 4), (0, 0, 1, 4), ('?', 0, 1, 6), (3, 0, 1, '?'), (1, 0, 1, 2), (5, 0, 1, '?'), ('?', 0, 1, 7), (5, 0, 1, 1), (4, 0, 1, 3), (5, 0, 1, '?'), (0, 0, 1, 6), (5, 0, 1, 7), ('?', 0, 1, '?'), (4, 0, 1, 0), ('?', 0, 1, 1), ('?', 0, 1, '?'), ('?', 0, 1, '?')]"
"(19, 19, 11, 11, 0)","[(2, 0, 4, 2), (4, 0, 4, 1), (7, 0, 4, 7), (4, 0, 4, 1), (1, 0, 4, 4), (4, 0, 4, 1), (1, 0, 4, 3), (6, 0, 4, 4), (5, 0, 4, 0), (5, 0, 4, 3), (7, 0, 4, 3), (7, 0, 4, 7), (5, 0, 4, 6), (2, 0, 4, 5), (5, 0, 4, 1), (7, 0, 4, 7), (1, 0, 4, 4), (5, 0, 4, 1), (1, 0, 4, 7), (7, 0, 4, 7), (4, 0, 4, 0), (2, 0, 4, 2), (1, 0, 4, 0), (7, 0, 4, 0)]"
"(19, 19, 11, 19, 0)","[(4, 0, 4, 1), (1, 0, 4, 2), (1, 0, 4, 7), (1, 0, 4, 0), (6, 0, 4, 7)]"
"(19, 19, 12, 12, 0)","[(7, 0, 5, 0), (7, 0, 5, 7), (7, 0, 5, 0), (7, 0, 5, 5), (7, 0, 5, 2), (6, 0, 5, 4), (7, 0, 5, 7), (6, 0, 5, 0), (6, 0, 5, 4), (7, 0, 5, 7), (7, 0, 5, 2), (6, 0, 5, 0), (7, 0, 5, 7), ('?', 0, 5, 0), (2, 0, 5, 3), (6, 0, 5, 2), (7, 0, 5, 0), (4, 0, 5, 5), (7, 0, 5, '?')]"
"(19, 19, 12, 19, 0)","[(7, 0, 5, 5), (4, 0, 5, '?'), (3, 0, 5, 4), (4, 0, 5, 1), (2, 0, 5, 6)]"
"(19, 19, 18, 18, 0)","[(5, 0, 0, 7), (5, 0, 0, 2), ('?', 0, 0, 0), ('?', 0, 0, 0)]"
"(19, 19, 18, 19, 0)","[(1, 0, 0, 4), (2, 0, 0, 0), (3, 0, 0, 3), (6, 0, 0, 1), (0, 0, 0, 3), (6, 0, 0, 3), (6, 0, 0, 4), (3, 0, 0, 3), (5, 0, 0, 2), (2, 0, 0, 4)]"
"(19, 19, 19, 1, 0)","[(2, 0, 0, 4)]"
"(19, 19, 19, 3, 0)","[(5, 0, 2, 0), (5, 0, 2, 6), (0, 0, 2, '?'), (3, 0, 2, 3), (5, 0, 2, 3), (0, 0, 2, '?')]"
"(19, 19, 19, 5, 0)","[(2, 0, 5, 6)]"
"(19, 19, 19, 7, 0)","[(3, 0, 1, 5), (5, 0, 1, '?'), (4, 0, 1, 4), (5, 0, 1, 5), (5, 0, 1, 7), (4, 0, 1, 5), (5, 0, 1, 0), (4, 0, 1, 4)]"
"(19, 19, 19, 9, 0)","[(6, 0, '?', 4)]"
"(19, 19, 19, 11, 0)","[(1, 0, 4, 0), (4, 0, 4, 0), (5, 0, 4, 5), (7, 0, 4, 7), ('?', 0, 4, 7), (1, 0, 4, 3), (1, 0, 4, 2), (2, 0, 4, 5), (2, 0, 4, 5), (3, 0, 4, 4), (5, 0, 4, 0), (1, 0, 4, 7), (2, 0, 4, 5), (5, 0, 4, 2), (2, 0, 4, 1), (5, 0, 4, 7), (4, 0, 4, 7), (7, 0, 4, 7), (5, 0, 4, 4), (5, 0, 4, 4), (5, 0, 4, 3), (5, 0, 4, '?'), (7, 0, 4, 7), (5, 0, 4, 3), (5, 0, 4, 1), (5, 0, 4, 3), (5, 0, 4, 2), ('?', 0, 4, 7), (4, 0, 4, '?')]"
"(19, 19, 19, 12, 0)","[(7, 0, 5, 0), (2, 0, 5, 3), (2, 0, 5, 3), (7, 0, 5, 6), (6, 0, 5, 6), (7, 0, 5, 7), (7, 0, 5, '?'), (2, 0, 5, '?'), (7, 0, 5, 6), (2, 0, 5, 3), (6, 0, 5, 5), (2, 0, 5, 6), (4, 0, 5, 3), (6, 0, 5, 0), (6, 0, 5, 7), (3, 0, 5, 4), (2, 0, 5, 3), (4, 0, 5, '?'), (6, 0, 5, 0), (6, 0, 5, 6), (2, 0, 5, '?'), (2, 0, 5, 3), (6, 0, 5, 0), (4, 0, 5, 2), (4, 0, 5, 1), ('?', 0, 5, 4)]"
"(19, 19, 19, 18, 0)","[(4, 0, 0, '?'), (2, 0, 0, '?'), (0, 0, 0, 6), (5, 0, 0, 2), (6, 0, 0, 1), (0, 0, 0, 1), (5, 0, 0, 1), (2, 0, 0, 6)]"
"(19, 19, 19, 19, 0)","[(1, 0, 5, 6), (3, 0, 1, 5), (6, 0, 4, 2), (5, 0, 5, 1), (7, 0, 2, 1), (3, 0, 1, '?'), (5, 0, '?', 7), (5, 0, 4, 5), (1, 0, 5, 5), (0, 0, 5, 4), (6, 0, '?', 1), (3, 0, 1, 3), (1, 0, 2, 6), (7, 0, 0, '?'), (0, 0, '?', 1), (5, 0, '?', 3), (3, 0, '?', 3), (7, 0, 1, 2), (0, 0, 2, 6), ('?', 0, 1, 6), (2, 0, 0, 0), (3, 0, 4, '?'), (4, 0, 0, '?'), (6, 0, 0, 0), (4, 0, 1, 7), ('?', 0, 0, 6), (0, 0, '?', 3), ('?', 0, 4, 7), (0, 0, 5, 3), (5, 0, 0, 6), (2, 0, 0, 1), (4, 0, 0, 6), (1, 0, 1, 7), (5, 0, 2, 6), ('?', 0, 0, 5), (6, 0, 5, 7), ('?', 0, 5, 2), (1, 0, 1, 2), (1, 0, '?', 0), (5, 0, '?', '?'), (0, 0, 5, 4), (4, 0, 1, 2), (0, 0, 4, 3), (2, 0, 3, 7), (0, 0, 4, '?'), (6, 0, 4, '?'), ('?', 0, 0, 4), (3, 0, 4, 4), (5, 0, 2, 6), (3, 0, 2, 5), (7, 0, 4, 0), ('?', 0, 4, 2), (5, 0, 0, 3), (0, 0, 0, 4), (3, 0, 5, 5), (0, 0, 4, 7), (2, 0, '?', 1), (7, 0, 5, 5), (7, 0, 0, '?'), (2, 0, 0, 1), (4, 0, 5, 6), (1, 0, 4, 7), (6, 0, 4, 3), (5, 0, 5, 1), (3, 0, 5, 6), ('?', 0, '?', 2), (7, 0, 2, 2), (3, 0, '?', 3), (7, 0, 5, 6), (5, 0, 5, 5), ('?', 0, 6, 3), (6, 0, 0, 7), ('?', 0, '?', 7), (3, 0, 5, 1), (1, 0, 2, 7), (6, 0, 4, 5), (3, 0, 2, 0), (5, 0, 2, 4), ('?', 0, '?', '?'), (0, 0, 2, 6), (4, 0, '?', 2), (2, 0, '?', 1), (1, 0, '?', 0), (6, 0, 5, 3), (1, 0, 4, 1), (4, 0, 0, 5), (0, 0, 5, 1), (0, 0, 1, 2), (7, 0, 4, '?'), (5, 0, 4, 4), (7, 0, 2, 5), (5, 0, 1, 0), (5, 0, 0, 0), (0, 0, 2, 6), (3, 0, 1, 5), (7, 0, 3, 2), (5, 0, 4, 4), (7, 0, 2, 5), (0, 0, '?', '?'), (4, 0, '?', 7), (1, 0, 0, 3), ('?', 0, 4, '?'), (5, 0, 0, 7), (3, 0, '?', 0), (1, 0, '?', 7), (2, 0, '?', 5), (0, 0, 0, 1), ('?', 0, 5, 6), (7, 0, 2, '?'), (2, 0, '?', 4), (1, 0, '?', '?'), (4, 0, 5, 3), (5, 0, 5, 5), (0, 0, 4, 5), (0, 0, 2, '?'), (1, 0, 0, '?'), (2, 0, '?', 7), (0, 0, 0, 1), (7, 0, 4, 2), (2, 0, '?', 0), (3, 0, 4, '?'), (4, 0, 0, '?'), (0, 0, 5, 4), ('?', 0, 2, 1), (6, 0, '?', 2), (4, 0, 1, 5), (5, 0, '?', 0), ('?', 0, 2, 1), (0, 0, 1, '?'), ('?', 0, 2, '?'), (3, 0, '?', 5), (3, 0, 5, 5), (0, 0, 0, 7), ('?', 0, 0, 1), (1, 0, 1, '?'), (7, 0, 0, 3), (3, 0, 2, 6), (0, 0, 4, 4), (2, 0, 4, 3), (7, 0, 2, 6), (1, 0, '?', 3), (1, 0, 5, 3), (0, 0, '?', 3), (5, 0, 3, 6), (1, 0, 0, 0), (4, 0, '?', 2), (6, 0, '?', 6), (0, 0, '?', 4), (4, 0, 0, 0), (4, 0, 4, 5), (3, 0, '?', 4), (0, 0, 1, 2), ('?', 0, 0, 1), (7, 0, 2, 3), (5, 0, 4, 3), (5, 0, '?', 4), (5, 0, '?', 1), (0, 0, 0, 5), (6, 0, '?', '?'), ('?', 0, 4, 3), (0, 0, 5, 1), (5, 0, 1, 2), (3, 0, 5, 5), (0, 0, 4, 3), (7, 0, '?', 4), (1, 0, 0, 5), ('?', 0, '?', 0), (0, 0, 4, 2), (4, 0, 4, 6), (0, 0, '?', 7), (0, 0, 4, 2), (7, 0, 4, 2), (4, 0, 1, 4), ('?', 0, 5, 4), ('?', 0, 5, 1), (5, 0, 5, 0), (1, 0, 1, 7), (4, 0, 4, 4), (4, 0, 0, 1), (6, 0, '?', 5), (2, 0, '?', 3), (5, 0, 5, 3), (4, 0, 2, 6), (7, 0, '?', 5), (1, 0, 5, 3), (3, 0, 4, 4), (7, 0, '?', 3), (6, 0, 5, 6), (3, 0, '?', 5), (1, 0, 5, 0), (4, 0, 1, 4), (3, 0, 4, 6), (6, 0, 4, 1), (6, 0, '?', 5), ('?', 0, 0, 4), (5, 0, 1, 5), (0, 0, 2, 4), ('?', 0, 4, 6), (6, 0, 4, 3), (5, 0, 5, 6), (1, 0, 4, 7), (1, 0, 0, 0), (7, 0, 2, 5), (1, 0, 1, 7), (3, 0, 2, 5), (1, 0, 4, '?'), (1, 0, 1, 1), (6, 0, 0, 0), ('?', 0, 4, 1), (4, 0, '?', 3), (3, 0, 0, 0), (4, 0, 0, 3), (4, 0, 4, '?'), ('?', 0, 4, 7), (0, 0, 0, 4), (7, 0, 2, 5), (4, 0, '?', '?'), (5, 0, 5, 0), (6, 0, '?', 1), (5, 0, '?', 1), (6, 0, '?', 2), (7, 0, '?', 3), (1, 0, 5, 3), (1, 0, '?', 4), (5, 0, 4, '?'), (5, 0, 5, 7), (5, 0, 5, 6), (7, 0, 4, '?'), (7, 0, 2, 5), (2, 0, 0, 6), (4, 0, 0, 1), (6, 0, 4, 0), (1, 0, 5, 1), (6, 0, 0, 0), (6, 0, 5, 3), (7, 0, 2, 5), (2, 0, 4, 3), (1, 0, '?', 4), (6, 0, 0, 6), (4, 0, 1, 2), (6, 0, 2, 6), (3, 0, '?', 0), (4, 0, 5, 3), (6, 0, 0, 6), ('?', 0, 0, 5), (5, 0, 2, 7), (7, 0, 3, 2), (4, 0, 4, 7), (1, 0, 0, 3), (2, 0, 0, 1), (0, 0, 2, 3), (0, 0, 5, 5), (5, 0, 5, 0), (2, 0, 1, 0), ('?', 0, 0, 3), (1, 0, 4, 0), (7, 0, 3, 0), (4, 0, 3, 4), (4, 0, 1, 2), (3, 0, 2, 7), (2, 0, 4, 5), (7, 0, 5, 1), (6, 0, '?', 2), (4, 0, 0, 3), ('?', 0, 6, 1), (4, 0, '?', 0), (5, 0, 5, '?'), ('?', 0, 2, '?'), (6, 0, 0, 6), (2, 0, '?', 3), (7, 0, 4, '?'), (7, 0, 2, 2), (5, 0, 0, 6), (7, 0, 0, 0), (5, 0, 0, 3), (3, 0, 4, 4), (0, 0, '?', 0), ('?', 0, 4, '?'), (0, 0, 4, 2), (7, 0, '?', 5), (0, 0, 5, 7), (2, 0, 0, 7), (7, 0, 0, 6), (0, 0, '?', 7), (7, 0, 2, 1), (5, 0, 1, 7), (4, 0, '?', 0), (0, 0, 5, 1), (0, 0, 1, 2), (3, 0, 1, 1), (4, 0, 0, 6), (0, 0, 0, 2), (0, 0, 4, 3), ('?', 0, 4, 2), (1, 0, 4, 2), (0, 0, 5, 7), ('?', 0, '?', 1), (4, 0, 4, 4), (4, 0, 5, 3), (1, 0, 5, 1), (6, 0, 4, 1), (0, 0, '?', 2), (5, 0, 5, 3), (4, 0, 4, '?'), (6, 0, 0, 1), (6, 0, '?', '?'), ('?', 0, 2, 3), (7, 0, 0, '?'), (2, 0, 3, 7), (7, 0, 3, 6), (7, 0, 6, 4), (7, 0, 3, 6), (5, 0, '?', 0), (7, 0, 3, 2), (7, 0, 4, 0), (3, 0, 4, 4), (4, 0, 4, 0), (1, 0, 2, 1), (5, 0, 2, '?'), (3, 0, 4, 6), (7, 0, '?', 3), ('?', 0, 5, 7), (0, 0, 2, 3), (5, 0, '?', 3), (4, 0, '?', 2), (6, 0, '?', 0), (3, 0, 2, 5), (4, 0, '?', 6), (4, 0, 0, 5), (5, 0, 5, 2), (6, 0, '?', 7), (1, 0, 4, 2), (3, 0, 2, 6), (4, 0, 5, '?'), (6, 0, '?', 4), (5, 0, 5, 5), (0, 0, '?', 0), ('?', 0, 0, 0), ('?', 0, 4, 7), (6, 0, 5, 2), (3, 0, 2, 5), (3, 0, 2, '?'), (1, 0, 4, 7), (4, 0, '?', 0), ('?', 0, 0, 6), (7, 0, 0, 6), (4, 0, '?', 3), ('?', 0, '?', 5), (7, 0, 3, 4), (0, 0, 0, 0), (3, 0, 4, 1), (0, 0, 2, 4), (0, 0, '?', 6), ('?', 0, 1, 7), (3, 0, 6, 4), ('?', 0, '?', 6), (4, 0, 2, '?'), (4, 0, '?', 3), (6, 0, 4, 6), (1, 0, 2, 6), (5, 0, 2, 6), (3, 0, 2, 7), ('?', 0, '?', 2), (2, 0, 1, 2), (7, 0, 5, 7), (2, 0, 0, 2), (0, 0, 2, '?'), ('?', 0, '?', 7), (0, 0, 2, '?'), (6, 0, '?', 2), (7, 0, 0, '?'), (1, 0, 5, 0), ('?', 0, 0, 6), (5, 0, 2, '?'), (5, 0, 2, 3), (0, 0, 5, 4), (2, 0, '?', 3), (1, 0, '?', 4), (5, 0, 2, '?'), (4, 0, '?', 2), (5, 0, '?', '?'), (6, 0, 5, 3), (5, 0, 2, 2), (3, 0, '?', 0), (2, 0, '?', 5), (7, 0, 0, 3), (1, 0, 5, 5), (5, 0, 1, 7), (2, 0, 0, 7), (0, 0, 0, 7), (4, 0, 4, '?'), (6, 0, 5, 6), (5, 0, '?', 7), (3, 0, 5, 4), (0, 0, 0, 3), (0, 0, 0, 1), (1, 0, 4, '?'), (5, 0, 1, 7), (7, 0, 0, 6), (0, 0, 6, 1), ('?', 0, 4, 3), (3, 0, 5, 2), (0, 0, 5, 3), (0, 0, 2, 5), (5, 0, 4, 5), ('?', 0, '?', 1), (4, 0, 5, 5), (4, 0, 0, 6), (6, 0, '?', 7), (6, 0, 0, 0), (0, 0, 5, '?'), (3, 0, 4, 5), (7, 0, 0, 0), ('?', 0, '?', 4), (1, 0, 4, '?'), (0, 0, '?', 6), (1, 0, 4, '?'), (5, 0, '?', 7), (5, 0, 2, '?'), (0, 0, '?', 3), (5, 0, 4, 5), (6, 0, '?', '?'), (0, 0, '?', 1), (0, 0, 0, 1), (2, 0, 3, 7), (5, 0, 4, 4), (1, 0, 0, 3), (5, 0, 1, 2), (4, 0, '?', 7), (0, 0, 4, 7), (7, 0, 3, 6), (1, 0, '?', 3), (2, 0, 4, 3), (4, 0, 4, 0), (3, 0, 1, 5), (0, 0, 5, '?'), (6, 0, 0, '?'), (4, 0, 2, 6), (5, 0, 3, 4), (1, 0, 2, 7), (5, 0, '?', 3), ('?', 0, 5, 7), (7, 0, 4, 1), (3, 0, 4, 5), ('?', 0, '?', 3), (5, 0, '?', 6), (0, 0, 4, 5), (1, 0, 4, 3), (6, 0, '?', 4), (1, 0, 1, 1), (7, 0, '?', 3), (0, 0, 0, 4), (5, 0, 0, 1), ('?', 0, 4, '?'), (5, 0, 2, 4), ('?', 0, '?', 0), ('?', 0, 4, 2), (7, 0, 0, 0), (2, 0, '?', 0), (7, 0, '?', 5), (1, 0, 4, 2), (0, 0, 0, 3), ('?', 0, 3, 7), (0, 0, '?', 2), (6, 0, 4, 3), (0, 0, '?', 2), ('?', 0, 1, 7), (0, 0, 4, 2), (3, 0, 3, 4), (2, 0, '?', 3), ('?', 0, 0, 3), (6, 0, 4, 4), (4, 0, '?', 0), (3, 0, '?', 4), (5, 0, 5, 6), (4, 0, 5, 4), (3, 0, '?', 6), (6, 0, 4, 3), (0, 0, 5, 5), (6, 0, 5, 2), (3, 0, 0, 4), (7, 0, 4, 1), (5, 0, 3, '?'), (0, 0, '?', 7), ('?', 0, '?', 6), (0, 0, '?', 1), (0, 0, 4, 7), (0, 0, 5, 0), ('?', 0, 1, 4), (1, 0, 0, 0), (3, 0, 1, 1), (5, 0, 1, 7), (6, 0, '?', 0), (1, 0, '?', 1), (4, 0, 4, 0), (4, 0, 0, 3), (5, 0, 2, 4), (0, 0, '?', 3), ('?', 0, 4, 1), (5, 0, '?', 7), (3, 0, 5, 2), ('?', 0, '?', 4), (5, 0, 1, 1), (7, 0, '?', 5), ('?', 0, 0, 6), (4, 0, 1, 4), ('?', 0, '?', 2), (4, 0, 0, 0), (5, 0, '?', 1), (0, 0, 5, 6), (5, 0, 3, 3), (0, 0, 0, 7), (5, 0, 4, 4), (5, 0, 5, 2), ('?', 0, 0, 4), (7, 0, 5, '?'), (2, 0, 0, '?'), (5, 0, '?', 6), (5, 0, 5, 6), ('?', 0, '?', 5), ('?', 0, 5, 0), (5, 0, 0, 0), (5, 0, 5, 2), (6, 0, 4, 0), (7, 0, 4, 0), (6, 0, 4, 5), (5, 0, 0, '?'), ('?', 0, '?', 0), (4, 0, 5, 2), (3, 0, '?', 5), (4, 0, '?', 1), ('?', 0, 5, 1), ('?', 0, 0, 0), (4, 0, 0, 5), (0, 0, 0, 6), (7, 0, 4, 2), (7, 0, 4, 7), (1, 0, '?', 3), (5, 0, 0, 7), (4, 0, 1, 2), (1, 0, 0, 5), (0, 0, 5, '?'), ('?', 0, 0, 4), (5, 0, 3, '?'), (7, 0, '?', 3), (4, 0, 4, 6), (7, 0, 4, 2), (0, 0, 2, 3), (7, 0, 5, 0), (0, 0, 5, '?'), (5, 0, 5, 3), (3, 0, 0, '?'), (5, 0, 0, 4), (1, 0, 1, '?'), (1, 0, 4, 1), (4, 0, 0, 3), (5, 0, 0, 3), ('?', 0, '?', 7), (3, 0, 5, 1), (1, 0, 5, 6), (5, 0, '?', 4), (7, 0, 4, '?'), (2, 0, '?', 7), ('?', 0, 5, 6), (5, 0, 0, 1), (6, 0, '?', 0), (7, 0, 0, 0), (5, 0, '?', 3), (6, 0, 4, 0), (4, 0, '?', 4), ('?', 0, '?', 3), (3, 0, 5, 6), ('?', 0, 4, '?'), (1, 0, '?', 2), (3, 0, 2, 5), (4, 0, '?', 0), ('?', 0, 4, 7), (5, 0, 1, '?'), (5, 0, 0, 0), (7, 0, '?', 4), (0, 0, 5, 5), (6, 0, '?', 4), (1, 0, 4, '?'), (1, 0, '?', '?'), (0, 0, 5, 6), (1, 0, 5, '?'), (0, 0, 4, 4), ('?', 0, 0, 5), (7, 0, 4, 6), (1, 0, '?', 4), (1, 0, '?', 3), ('?', 0, '?', 1), ('?', 0, 4, 2), (1, 0, 5, 1), (4, 0, '?', 6), (5, 0, '?', 0), (7, 0, 4, 3), (3, 0, 2, 6), (4, 0, '?', 4), (1, 0, 1, 6), (1, 0, 0, 0), (7, 0, '?', 1), (0, 0, 5, '?'), (6, 0, '?', 7), (4, 0, 5, 6), (6, 0, '?', 3), ('?', 0, 3, 0), ('?', 0, 0, 3), (5, 0, 5, 3), (4, 0, 4, '?'), (1, 0, '?', 4), ('?', 0, '?', '?'), (7, 0, 4, '?'), (7, 0, 0, '?'), (2, 0, '?', 1), (1, 0, 2, 3), (5, 0, 3, 1), (2, 0, '?', 4), (1, 0, 5, 5), (5, 0, 5, 1), (4, 0, '?', 6), (7, 0, 5, 0), (7, 0, 4, 4), (0, 0, 0, 6), (1, 0, '?', 4), (2, 0, 0, '?'), ('?', 0, 5, 3), (0, 0, 4, 2), (5, 0, 4, 6), (0, 0, '?', 3), (2, 0, '?', 7), (3, 0, '?', 2), ('?', 0, '?', '?'), (0, 0, 5, 4), (1, 0, 1, 3), (5, 0, 3, 6), (7, 0, 4, '?'), (4, 0, 3, 2), (7, 0, '?', 4), (0, 0, '?', 4), (1, 0, '?', 5), (6, 0, '?', '?'), (0, 0, 4, '?'), ('?', 0, '?', 0), (2, 0, 0, 7), (0, 0, '?', 7), (4, 0, '?', '?'), (3, 0, 5, 4), (3, 0, '?', '?'), (7, 0, 5, 1), (4, 0, 4, 0), (0, 0, 0, 0), (1, 0, 5, 3), (3, 0, 6, 4), ('?', 0, 0, 1), (0, 0, '?', 3), (3, 0, 4, 4), (4, 0, '?', 4), (0, 0, 5, 4), (5, 0, 0, 4), (3, 0, 4, 3), (0, 0, 5, '?'), (5, 0, 1, 1), (5, 0, '?', 5), (0, 0, 4, 1), (0, 0, '?', 4), (5, 0, '?', 7), (6, 0, 5, 1), (1, 0, 2, 6), ('?', 0, '?', 5), ('?', 0, 4, 1), (0, 0, 0, 6), (4, 0, 1, 2), (6, 0, '?', 1), (6, 0, '?', 6), (5, 0, 0, 5), (6, 0, 5, 7), (5, 0, 0, 7), (6, 0, 5, 7), (3, 0, 5, 5), (2, 0, 3, 6), (6, 0, '?', 2), (2, 0, '?', '?'), (6, 0, 0, 0), (5, 0, 0, 5), (3, 0, 4, 1), (7, 0, 4, 6), ('?', 0, 4, '?'), (4, 0, 5, 1), (2, 0, 0, 1), ('?', 0, '?', '?'), (1, 0, 5, 3), ('?', 0, '?', 3), (5, 0, 5, 7), (1, 0, 0, 6), ('?', 0, 5, 5), (6, 0, 5, 6), (6, 0, 4, 0), (6, 0, '?', 3), (0, 0, '?', 6), (4, 0, '?', 4), (6, 0, 5, 6), (1, 0, '?', 1), ('?', 0, 0, 0), (1, 0, 3, 2), (0, 0, 4, 3), (7, 0, 4, 0), ('?', 0, '?', 5), (7, 0, 0, 7), (6, 0, '?', 1), (5, 0, '?', '?'), (3, 0, 4, 1), ('?', 0, 0, 4), (1, 0, '?', '?'), (0, 0, 4, 1), ('?', 0, 5, 3), (0, 0, 4, 4), (3, 0, '?', 0), (6, 0, 4, 4), (1, 0, 1, 1), (3, 0, 4, 3), (0, 0, 5, 0), (7, 0, 5, 5), (0, 0, 5, 7), (5, 0, 5, '?'), (4, 0, '?', 7), (0, 0, 0, 5), (3, 0, 0, 0), ('?', 0, 4, 7), (7, 0, 0, 6), (3, 0, 4, 5), (6, 0, 5, 2), (5, 0, '?', '?'), ('?', 0, 5, 7), (0, 0, 0, 5), (0, 0, 4, 1), (0, 0, 4, 4), (6, 0, 4, 2), (5, 0, '?', 3), (2, 0, 0, 1), (7, 0, 4, 6), (1, 0, '?', 7), (6, 0, 4, 0), (6, 0, 5, 7), (0, 0, 0, 2), (1, 0, 5, 5), (3, 0, 4, 3), ('?', 0, 5, 7), (4, 0, '?', 6), (0, 0, 0, 6), (1, 0, '?', 3), (6, 0, '?', 4), (0, 0, 4, 1), (0, 0, 4, 5), ('?', 0, 0, 0), (6, 0, 4, 6), (5, 0, '?', 3), (4, 0, 4, 6), (1, 0, 1, 2), (4, 0, 4, 7), ('?', 0, 5, 2), (1, 0, 5, '?'), (5, 0, 0, 7), (0, 0, 2, 5), (3, 0, 4, '?'), (0, 0, 5, 3), (6, 0, '?', '?'), (7, 0, '?', 3), (0, 0, 4, '?'), (6, 0, 4, 5), (4, 0, 4, 5), (4, 0, 1, 0), (7, 0, 5, 5), (3, 0, 1, 3), (1, 0, 5, '?'), (1, 0, 5, 3), (2, 0, '?', 3), (5, 0, 4, 6), ('?', 0, '?', 2), ('?', 0, 5, 1), ('?', 0, 0, 3), (5, 0, 0, '?'), (7, 0, 3, 6), (1, 0, 4, 7), (3, 0, 4, 3), (0, 0, '?', '?'), (0, 0, 0, 4), (4, 0, 1, '?'), (4, 0, 1, 2), (0, 0, 6, 2), (5, 0, 1, 0), (1, 0, 2, 1), (5, 0, 5, 3), (0, 0, '?', 0), (1, 0, 5, 6), ('?', 0, '?', 7), (1, 0, 5, 6), (1, 0, 5, 0), (2, 0, 5, 3), (7, 0, 2, 6), (4, 0, 1, 2), ('?', 0, 0, 3), (0, 0, 4, 5), (4, 0, '?', 4), ('?', 0, '?', 0), (7, 0, 5, 6), (5, 0, 0, '?'), (0, 0, '?', '?'), (2, 0, '?', 6), (6, 0, '?', 2), (5, 0, 1, 5), (3, 0, 5, 5), (0, 0, 4, '?'), (2, 0, '?', 1), ('?', 0, '?', 1), (6, 0, 4, 6), ('?', 0, '?', 3), ('?', 0, 3, 0), (0, 0, '?', '?'), (5, 0, 4, 6), (5, 0, 2, 6), (4, 0, '?', 2), (4, 0, 0, 6), (3, 0, '?', 5), (4, 0, 5, 1), (4, 0, 3, 2), (7, 0, 3, 6), (6, 0, '?', '?'), (5, 0, 5, 6), (0, 0, 0, 6), (7, 0, '?', 1), (0, 0, 5, 3), ('?', 0, '?', 2), (0, 0, 0, 4), (7, 0, 2, 3), (4, 0, '?', 4), ('?', 0, 2, 1), (5, 0, 5, 7), (6, 0, '?', '?'), (0, 0, '?', 0), ('?', 0, 0, 1), (2, 0, '?', 5), (2, 0, '?', 5), (0, 0, 5, 0), (5, 0, 0, 3), (5, 0, '?', 1), (1, 0, '?', 1), (5, 0, '?', 3), (7, 0, '?', 1), (2, 0, 0, 6), (1, 0, 5, 6), (0, 0, '?', 4), (4, 0, '?', 6), (1, 0, 5, '?'), (0, 0, 5, 1), (2, 0, 0, 2), ('?', 0, 5, 2), (2, 0, 4, 3), (1, 0, 5, 0), (5, 0, 0, 6), (4, 0, 0, 7), (0, 0, 2, 6), (1, 0, 5, 0), (1, 0, 0, 1), (0, 0, '?', '?'), ('?', 0, '?', 1), (6, 0, '?', 3), (2, 0, 0, 7), (1, 0, 5, 1), (6, 0, '?', 6), (4, 0, '?', 3), (4, 0, 3, '?'), (0, 0, '?', 3), (5, 0, 3, 7), (7, 0, 4, 6), (1, 0, '?', 1), ('?', 0, '?', 7), (7, 0, 2, '?'), (7, 0, 2, 3), (3, 0, '?', 5), (6, 0, '?', 5), ('?', 0, 0, 3), (4, 0, '?', 1), (7, 0, 2, 5), (0, 0, '?', 2), (1, 0, 1, 7), (2, 0, 0, 0), (2, 0, '?', 3), (1, 0, 5, 3), (0, 0, 0, 0), (0, 0, 5, 0), (7, 0, 5, 2), (4, 0, 1, 0), (0, 0, 4, '?'), (3, 0, 4, '?'), (7, 0, 3, 6), (5, 0, 0, '?'), (2, 0, 0, '?'), (2, 0, 0, 0), (0, 0, 5, '?'), (3, 0, '?', 6), (3, 0, 4, '?'), ('?', 0, 5, 6), ('?', 0, 3, 6), (5, 0, '?', 3), (4, 0, '?', 7), (2, 0, 3, 7), ('?', 0, 6, 4), (3, 0, 4, 5), (0, 0, 5, 6), (5, 0, 0, 1), (7, 0, 0, 0), ('?', 0, 5, 4), (4, 0, '?', 0), (5, 0, 4, 7), (4, 0, 5, 1), (3, 0, 1, 3), ('?', 0, 5, 5), (6, 0, 5, 6), (4, 0, 5, 4), (7, 0, 0, 7), (0, 0, 5, 0), (3, 0, '?', '?'), (6, 0, 4, 1), (0, 0, 0, 1), ('?', 0, '?', 0), (7, 0, 5, 5), (7, 0, 0, 0), (6, 0, 4, 1), ('?', 0, '?', 5), (4, 0, '?', 0), (6, 0, 5, 3), (7, 0, 3, 6), (3, 0, '?', 5), (2, 0, '?', 3), (4, 0, 0, '?'), ('?', 0, 4, 2), (4, 0, 4, 6), ('?', 0, '?', 3), ('?', 0, 4, 3), (6, 0, 0, 7), (4, 0, 5, '?'), ('?', 0, 5, 4), (2, 0, '?', 5), (4, 0, 4, 6), (7, 0, 5, 2), (5, 0, '?', 0), (6, 0, 4, '?'), (3, 0, '?', 2), ('?', 0, 3, '?'), ('?', 0, 4, 3), (0, 0, '?', 6), (5, 0, '?', 6), (1, 0, 5, 5), ('?', 0, 0, 3), (7, 0, 4, 4), (3, 0, 4, 3), (1, 0, 0, 3), (3, 0, 5, 1), ('?', 0, 4, 7), (3, 0, 5, 1), (3, 0, 1, 3), (5, 0, '?', 5), (7, 0, 0, 0), (5, 0, 1, 0), (7, 0, 3, 2), (4, 0, 5, 2), (3, 0, 4, '?'), (5, 0, 3, 6), (5, 0, 4, '?'), (1, 0, 5, 6), (7, 0, 4, 1), (0, 0, 4, 1), (7, 0, 0, 7), (7, 0, '?', 5), (4, 0, 5, 3), (6, 0, 5, 0), (5, 0, '?', 5), (7, 0, 2, 6), (6, 0, 4, 3), (6, 0, 5, 6), (6, 0, 0, '?'), (4, 0, 0, 1), (2, 0, 0, 1), (6, 0, '?', 5), ('?', 0, 0, 0), (4, 0, 0, '?'), (3, 0, 4, 1), (0, 0, 0, 3), (3, 0, 0, 3), (5, 0, 0, 7), (4, 0, 5, 5), (0, 0, 0, 7), (1, 0, '?', 2), (0, 0, 0, 5), (7, 0, 5, 6), (3, 0, 5, 1), (7, 0, 5, 1), (2, 0, 0, 2), (5, 0, 0, 0), (0, 0, 0, 5), (5, 0, 3, 2), (1, 0, '?', 0), (7, 0, 4, 1), (0, 0, 4, 7), (3, 0, '?', 3), (4, 0, 1, '?'), (5, 0, 0, 6), (7, 0, 2, 4), (0, 0, '?', 7), (1, 0, '?', 0), (4, 0, 5, '?'), (1, 0, '?', 7), (3, 0, 5, 6), (0, 0, '?', 2), (6, 0, '?', 1), (0, 0, 2, 5), (5, 0, 0, 0), (4, 0, 5, 1), (2, 0, '?', 7), (6, 0, 4, 7), (5, 0, 5, '?'), (0, 0, 5, 6), (7, 0, 5, '?'), (4, 0, 1, 7), (4, 0, 4, 5), (0, 0, 2, 6), (5, 0, 4, 5), (4, 0, 0, 3), (7, 0, 2, 3), (2, 0, 0, 6), (7, 0, 5, 1), (6, 0, 4, '?'), ('?', 0, 5, 0), (1, 0, 1, '?'), (6, 0, 4, 7), (0, 0, 5, 5), (0, 0, 5, 5), (6, 0, 4, '?'), (6, 0, 0, 6), (1, 0, 5, 6), (7, 0, 0, 0), (6, 0, 2, 6), (2, 0, '?', 5), (3, 0, 4, 4), (7, 0, '?', 1), ('?', 0, 1, 1), (6, 0, 4, 5), (5, 0, '?', 6), ('?', 0, 5, 4), (0, 0, 5, 1), (1, 0, '?', 1), (6, 0, 4, 0), (6, 0, '?', 7), (4, 0, 0, 5), (0, 0, '?', 6), (1, 0, '?', 0), (6, 0, 4, '?'), (7, 0, 4, 1), (4, 0, 1, 3), ('?', 0, '?', 1), (3, 0, '?', 0), (6, 0, 5, 2), (5, 0, 1, 5), (3, 0, '?', 5), (7, 0, 3, 0), (7, 0, 3, 3), (1, 0, '?', 2), (3, 0, 3, 3), (4, 0, 4, 1), (0, 0, 2, 3), (0, 0, '?', '?'), (5, 0, '?', 1), (4, 0, 0, 5), (7, 0, 4, 2), (3, 0, '?', '?'), (4, 0, 0, '?'), (6, 0, 4, 1), (5, 0, 0, 5), (5, 0, 2, 6), (6, 0, '?', 0), (6, 0, 5, 3), (7, 0, 5, 2), ('?', 0, '?', 1), (3, 0, 0, 0), (0, 0, 4, 1), (7, 0, 0, 0), (1, 0, 2, 1), (4, 0, 0, 1), (3, 0, 4, 1), ('?', 0, 4, '?'), (0, 0, 5, 1), (5, 0, 0, 0), (7, 0, 4, 4), (7, 0, 2, 4), (0, 0, 5, 7), (1, 0, '?', 1), (4, 0, 6, 3), (5, 0, '?', 1), (1, 0, '?', 2), ('?', 0, 0, 1), (5, 0, 4, 5), (7, 0, 0, 3), (4, 0, '?', '?'), (4, 0, 5, 4), (1, 0, '?', 7), (4, 0, '?', 7), (6, 0, 0, 1), ('?', 0, 5, 1), (5, 0, 1, 0), (7, 0, 4, 4), ('?', 0, 0, 5), (0, 0, 4, 1), (5, 0, '?', '?'), (7, 0, 4, 6), (2, 0, 4, 5), (4, 0, 5, 6), (7, 0, 3, 3), (6, 0, 4, 1), (1, 0, 5, '?'), (0, 0, 2, 5), (1, 0, 5, '?'), (1, 0, 4, 2), (4, 0, 0, 0), (3, 0, '?', 6), (5, 0, 4, 6), (6, 0, 5, 0), (1, 0, 4, 0), (3, 0, '?', 6), (1, 0, 4, 3), (1, 0, 5, 5), ('?', 0, '?', 6), (0, 0, '?', '?'), (3, 0, 5, 1), (2, 0, 4, 0), (0, 0, '?', 7), (5, 0, 5, 7), (0, 0, '?', 2), (0, 0, 0, 0), (0, 0, 2, 5), (0, 0, 5, '?'), (6, 0, '?', 0), (4, 0, 0, 0), (2, 0, 0, '?'), ('?', 0, '?', 7), (6, 0, '?', 6), (3, 0, 6, 4), (6, 0, 5, 7), (3, 0, 5, 4), (6, 0, 4, 2), (7, 0, 4, 0), (7, 0, 3, 2), (0, 0, 0, 7), (1, 0, '?', 0), (6, 0, 4, 7), (3, 0, 5, 5), (3, 0, 5, 2), ('?', 0, '?', 5), (6, 0, '?', 2), (7, 0, 2, 3), (4, 0, 0, 3), (0, 0, 0, 6), (4, 0, 4, '?'), (3, 0, '?', 6), (4, 0, 4, 6), (4, 0, 0, '?'), ('?', 0, 5, 1), (1, 0, 0, 3), (6, 0, '?', 5), (5, 0, '?', 7), (4, 0, 5, 4), (0, 0, 2, 4), (5, 0, 1, 4), (2, 0, 0, '?'), ('?', 0, 1, '?'), (1, 0, '?', '?'), ('?', 0, 4, 6), ('?', 0, '?', 6), (4, 0, 0, 0), (0, 0, 2, 3), (5, 0, 5, 0), (3, 0, 5, 4), ('?', 0, '?', 5), ('?', 0, 5, 1), (4, 0, 1, 0), ('?', 0, '?', 7), (0, 0, 5, 4), (5, 0, 0, 0), ('?', 0, 5, 2), ('?', 0, 5, 2), (5, 0, 0, 3), ('?', 0, 5, 5), (3, 0, '?', 3), (7, 0, 5, 0), (0, 0, 0, 2), (1, 0, 5, 1), (2, 0, '?', 6), ('?', 0, 5, 5), ('?', 0, 5, 6), (5, 0, 1, 5), (3, 0, 5, 2), (7, 0, 2, '?'), (1, 0, '?', 1), (7, 0, 4, 0), (2, 0, '?', '?'), (4, 0, 4, 5), (5, 0, 5, 1), (4, 0, '?', 3), (2, 0, 0, 7), (0, 0, 4, 7), (0, 0, 4, '?'), (4, 0, 0, 3), (5, 0, 5, 0), (4, 0, '?', 0), (1, 0, 1, 7), (1, 0, '?', 3), (0, 0, 0, 3), (6, 0, 4, '?'), (5, 0, '?', 4), ('?', 0, 0, 4), ('?', 0, 0, 5), (4, 0, 4, '?'), (4, 0, 1, 4), (6, 0, 0, 6), ('?', 0, 3, 6), ('?', 0, 5, 7), (5, 0, 0, 5), (1, 0, '?', 2), (0, 0, 5, 4), (0, 0, 2, 3), (7, 0, 4, 6), (5, 0, 5, 3), ('?', 0, 0, 4), (4, 0, 1, '?'), (0, 0, 0, 4), (0, 0, 4, 5), (6, 0, '?', 6), ('?', 0, 5, 0), ('?', 0, '?', 3), (1, 0, '?', 1), (4, 0, '?', 4), (3, 0, 4, 1), (2, 0, 0, 2), (7, 0, 3, 0), (3, 0, '?', 5), (3, 0, '?', 2), (1, 0, 0, 3), ('?', 0, 0, 0), (1, 0, 0, 6), (5, 0, 0, 4), (6, 0, 0, 6), (1, 0, '?', 3), (2, 0, 0, 6), (4, 0, 5, 1), (2, 0, '?', '?'), (7, 0, 3, 6), (1, 0, 5, '?'), (7, 0, 4, 4), (4, 0, 4, 6), (4, 0, 5, 3), (5, 0, 1, 2), (0, 0, 5, 7), (0, 0, 4, 1), (3, 0, 0, 6), (4, 0, 1, '?'), ('?', 0, '?', 7), ('?', 0, '?', '?'), (0, 0, '?', 6), (4, 0, 4, 1), (6, 0, 4, 0), (2, 0, 0, 6), (7, 0, 3, 5), (3, 0, '?', 2), (3, 0, 5, 2), (0, 0, 2, 6), (6, 0, 0, 2), (6, 0, '?', 7), (1, 0, 0, 3), (2, 0, '?', 1), ('?', 0, 4, '?'), (7, 0, 0, 3), (3, 0, 5, 2), (1, 0, '?', 7), (1, 0, 1, 3), (5, 0, 0, 6), (5, 0, '?', 1), (3, 0, 4, 6), ('?', 0, 4, 3), (0, 0, 5, 7), (6, 0, 4, '?'), (6, 0, '?', 2), (5, 0, 0, 4), (0, 0, 5, 5), (0, 0, 4, 7), (0, 0, 0, 2), (5, 0, 1, 1), ('?', 0, 5, 3), (0, 0, 0, 2), (0, 0, '?', 1), (6, 0, 0, 0), (0, 0, 0, 3), (3, 0, 4, 3), (4, 0, 0, 6), (6, 0, '?', 5), (0, 0, 5, 7), (6, 0, '?', 1), (1, 0, 1, 3), (3, 0, 4, 5), (5, 0, 1, '?'), (6, 0, 0, 1), (5, 0, 5, 6), ('?', 0, 4, 3), (5, 0, 4, '?'), (4, 0, 0, 0), (4, 0, '?', 1), (1, 0, 2, 1), (0, 0, 2, 6), (5, 0, 0, 6), ('?', 0, 5, 6), ('?', 0, '?', 6), (5, 0, 4, 0), ('?', 0, 4, 6), ('?', 0, 5, 1), (2, 0, '?', '?'), ('?', 0, 5, 0), (1, 0, '?', 5), (6, 0, '?', 7), ('?', 0, 4, 2), (0, 0, 5, 0), (4, 0, 4, '?'), (6, 0, 5, 1), (0, 0, 5, 6), (5, 0, 1, '?'), (3, 0, 5, 2), (1, 0, 2, 3), ('?', 0, 5, 7), (6, 0, '?', 3), (4, 0, 5, 6), (7, 0, '?', 5), (6, 0, '?', 5), (4, 0, '?', '?'), (5, 0, 1, 7), (4, 0, 4, 1), (0, 0, 4, 3), ('?', 0, 4, 1), ('?', 0, 5, 3), ('?', 0, '?', 4), (1, 0, 5, 0), (1, 0, '?', 0), (7, 0, 4, 6), (2, 0, '?', '?'), (4, 0, 0, 6), (7, 0, 5, 6), (2, 0, 0, 0), (6, 0, 4, 0), (1, 0, '?', '?'), (4, 0, 4, 7), (1, 0, 1, 2), (2, 0, '?', 3), ('?', 0, '?', 7), (1, 0, '?', 5), (3, 0, '?', 3), (1, 0, 5, 6), (3, 0, '?', 6), (1, 0, 0, 0), (3, 0, 4, 6), (3, 0, 6, 4), (6, 0, 4, '?'), ('?', 0, 3, 5), (5, 0, 5, 5), (7, 0, 4, 3), (0, 0, 0, 4), (6, 0, 0, '?'), (2, 0, 0, 1), (2, 0, 4, 1), (2, 0, '?', 6), (7, 0, '?', 1), (5, 0, 5, 0), (6, 0, '?', 7), (4, 0, '?', 0), (5, 0, 1, 4), (6, 0, 4, 5), ('?', 0, 4, '?'), (4, 0, 5, '?'), (6, 0, 5, 2), (7, 0, 0, 7), (1, 0, 5, 6), (3, 0, 5, 6), (2, 0, '?', 6), (2, 0, 0, 2), (0, 0, 4, 5), (1, 0, 4, 3), (3, 0, 0, 3), (2, 0, '?', 6), (0, 0, 0, 3), (4, 0, 5, 1), (3, 0, 4, 3), (7, 0, 5, 2), (0, 0, '?', 2), (6, 0, '?', 6), (7, 0, '?', 4), ('?', 0, 5, 6), (1, 0, '?', 0), ('?', 0, 5, 4), (5, 0, 1, 5), (5, 0, 3, 6), ('?', 0, 1, 1), (0, 0, '?', 6), (5, 0, 5, '?'), ('?', 0, 4, 6), (4, 0, 0, 6), (6, 0, 4, 4), (6, 0, 4, 6), (5, 0, 0, 7), (4, 0, 5, 6), (0, 0, 4, '?'), (5, 0, 0, 5), (4, 0, 1, '?'), ('?', 0, 4, 1), (0, 0, 3, '?'), (7, 0, 0, 3), (5, 0, 4, 3), (7, 0, 0, 3), (0, 0, 4, 4), (0, 0, 0, 4), (6, 0, 5, 1), (1, 0, '?', 7), (2, 0, 4, 3), (3, 0, 4, 6), (0, 0, '?', 0), ('?', 0, '?', 7), (3, 0, 5, 2), (6, 0, '?', 7), (0, 0, '?', 2), (7, 0, 0, '?'), (4, 0, '?', 3), (3, 0, 4, 3), (0, 0, 0, 5), (2, 0, 0, 7), (7, 0, 5, 6), (3, 0, 2, 6), ('?', 0, 4, 3), (7, 0, 4, 6), (5, 0, 5, 7), (4, 0, 1, 5), (7, 0, 4, 3), (0, 0, 5, 0), (1, 0, 5, 5), (6, 0, '?', 1), (5, 0, 3, 1), (2, 0, '?', '?'), (0, 0, 2, 6), (7, 0, '?', 3), ('?', 0, 5, 6), (5, 0, 5, 6), (3, 0, 4, 4), (5, 0, 1, 1), (7, 0, 0, 7), (6, 0, 4, 2), (7, 0, 5, 6), (7, 0, '?', 1), (0, 0, 4, '?'), (3, 0, 2, 1), (3, 0, 4, 4), (0, 0, 2, '?'), (4, 0, '?', 4), (6, 0, 0, 1), (4, 0, 4, 7), (5, 0, 5, 7), (3, 0, 4, 5), (3, 0, '?', 3), (1, 0, 5, 5), (1, 0, '?', 7), (4, 0, 0, 5), (0, 0, 4, 4), (7, 0, 5, 1), (1, 0, '?', 5), (3, 0, '?', '?'), (7, 0, 4, 6), (5, 0, 0, 4), (7, 0, '?', 3), ('?', 0, '?', 4), (1, 0, 1, '?'), (1, 0, 2, 1), (4, 0, 4, 6), (5, 0, 5, 6), (6, 0, 4, 3), (3, 0, 4, 1), (3, 0, 4, 6), (1, 0, 0, 6), (0, 0, 2, 4), (5, 0, 4, '?'), (7, 0, 4, 3), (4, 0, 1, 3), (5, 0, '?', 0), (7, 0, 0, 0), ('?', 0, '?', 6), (4, 0, '?', 1), (0, 0, 4, '?'), (5, 0, 5, '?'), (6, 0, '?', 2), (4, 0, 6, 6), (7, 0, 0, 6), (4, 0, 0, 5), (5, 0, '?', 5), (1, 0, '?', '?'), (6, 0, 4, 7), ('?', 0, 5, 5), (6, 0, 5, 2), (4, 0, 0, 5), (5, 0, 5, 1), ('?', 0, 4, 7), (4, 0, 5, 2), (5, 0, 5, 3), (0, 0, 4, 5), (4, 0, '?', 1), ('?', 0, 5, 7), (6, 0, 4, 5), (1, 0, 4, 3), (5, 0, 4, 7), (7, 0, '?', 4), (3, 0, 4, 3), (3, 0, 3, '?'), (6, 0, 4, 2), (3, 0, '?', 0), (6, 0, 0, 1), (0, 0, 6, 2), (1, 0, 1, 3), (7, 0, 5, 1), ('?', 0, '?', 1), (3, 0, '?', '?'), (4, 0, 1, 3), (5, 0, '?', 7), (0, 0, 1, '?'), (0, 0, 2, 3), (3, 0, 0, 1), (7, 0, '?', 4), (4, 0, 0, 3), (6, 0, 4, 0), (1, 0, 2, 6), (6, 0, 0, 7), ('?', 0, '?', '?'), (2, 0, 0, 0), (1, 0, 2, '?'), (7, 0, 2, 6), (1, 0, '?', 5), (3, 0, 5, 5), (0, 0, 4, 3), (5, 0, 0, 6), (1, 0, 5, 0), (5, 0, 4, 6), (1, 0, 5, 5), (1, 0, 0, 0), (0, 0, 1, 6), (1, 0, '?', 0), (5, 0, 0, 3), (3, 0, 1, 5), (7, 0, 4, 1), (1, 0, '?', 3), (5, 0, '?', 4), (2, 0, '?', '?'), (0, 0, 0, 0), (5, 0, 2, 4), (6, 0, '?', 4), (1, 0, 1, 3), (6, 0, 5, 1), (2, 0, 5, 3), (0, 0, '?', 1), (0, 0, 2, 4), (4, 0, 5, 2), (4, 0, 4, 1), (4, 0, 0, 7), ('?', 0, 0, 0), ('?', 0, 5, 2), (4, 0, 6, 7), (6, 0, 0, '?'), (7, 0, 3, 0), (3, 0, 5, 1), (5, 0, '?', 3), (3, 0, 1, 3), (2, 0, '?', 6), (5, 0, 0, 1), (7, 0, 3, 2), (3, 0, '?', 4), (3, 0, '?', 5), (0, 0, 0, 1), (5, 0, '?', 6), (7, 0, '?', 1), (5, 0, '?', 4), (1, 0, 4, 4), (5, 0, 4, 6), (5, 0, 0, 5), (1, 0, '?', 5), (5, 0, 3, 7), (3, 0, '?', '?'), (6, 0, '?', '?'), (5, 0, '?', 4), (5, 0, 2, 4), (0, 0, 5, 3), (7, 0, '?', 1), (7, 0, 4, 2), (5, 0, 5, 2), (4, 0, 3, 4), (6, 0, 4, 7), (7, 0, 4, '?'), (1, 0, 4, 1), (5, 0, '?', 7), (6, 0, '?', 3), (2, 0, '?', 7), (3, 0, 6, 6), (4, 0, 4, 0), ('?', 0, 4, 6), (4, 0, 1, 7), (3, 0, '?', 2), ('?', 0, 1, 0), (0, 0, 5, 6), (5, 0, 5, 1), (6, 0, '?', 3), (1, 0, 4, '?'), (4, 0, 4, 4), (7, 0, 4, 3), (5, 0, '?', 0), ('?', 0, '?', 2), (5, 0, 4, 4), (5, 0, 5, 0), ('?', 0, 5, 6), (2, 0, 0, 0), (2, 0, '?', 4), (3, 0, 0, 0), (5, 0, 3, 0), (1, 0, 5, 1), (4, 0, 5, '?'), (6, 0, 0, 6), (1, 0, '?', 2), (1, 0, 4, '?'), (4, 0, 0, 1), (0, 0, 0, 6), (1, 0, 0, 3), (0, 0, 6, 1), (7, 0, 0, 6), (5, 0, '?', 5), (2, 0, 4, 3), (4, 0, 4, 6), (7, 0, '?', 3), (7, 0, 0, 6), (5, 0, 1, '?'), (0, 0, 0, 5), (2, 0, 5, 3), (1, 0, 2, '?'), (3, 0, 5, 2), (4, 0, 0, 1), (1, 0, '?', 5), (7, 0, 3, 2), (5, 0, 4, 3), (4, 0, 0, 1), (1, 0, '?', 2), (4, 0, '?', 1), (3, 0, '?', 4), (1, 0, '?', 4), (6, 0, 4, 1), (0, 0, '?', 1), (5, 0, 0, '?'), (5, 0, 5, 3), (4, 0, 1, 5), ('?', 0, 2, 1), (5, 0, 5, 2), (1, 0, 4, 2), (7, 0, '?', 1), ('?', 0, 0, 1), (4, 0, '?', '?'), (5, 0, '?', 6), (3, 0, 4, 5), (1, 0, 2, 1), (6, 0, 5, 1), ('?', 0, '?', 0), (5, 0, 4, 6), (1, 0, 2, 1), (0, 0, 5, 5), (6, 0, '?', 6), (6, 0, 0, 7), (5, 0, '?', '?'), ('?', 0, '?', 4), (5, 0, 0, 0), (6, 0, 0, 7), (7, 0, 5, 5), (0, 0, 5, 7), (5, 0, 1, 5), (1, 0, '?', '?'), (5, 0, 0, '?'), (6, 0, '?', 5), (3, 0, 6, 4), (7, 0, 4, '?'), (7, 0, '?', 1), (4, 0, 5, 2), (5, 0, 4, 7), (3, 0, '?', 0), (5, 0, 5, 5), (4, 0, '?', '?'), (5, 0, 5, '?'), (1, 0, 1, 1), (5, 0, '?', 0), (6, 0, 4, 0), (0, 0, 4, 2), (7, 0, 0, '?'), (0, 0, '?', 7), ('?', 0, 4, '?'), (3, 0, 5, 5), (1, 0, 0, 0), (3, 0, '?', 0), (7, 0, 0, 7), (0, 0, 0, 7), (7, 0, 5, 1), (4, 0, 1, '?'), (0, 0, '?', 1), (6, 0, 0, 6), (0, 0, 5, 3), (3, 0, 5, 5), (0, 0, '?', '?'), (0, 0, '?', 6), (6, 0, '?', '?'), (0, 0, 1, 4), (5, 0, 1, 5), (4, 0, 0, 3), (2, 0, '?', '?'), (7, 0, 5, '?'), (0, 0, '?', 1), (4, 0, 0, 7), (6, 0, 5, 2), (5, 0, 5, 5), (4, 0, 5, '?'), (0, 0, 4, 1), (3, 0, '?', 6), (3, 0, '?', '?'), (6, 0, 0, 0), (7, 0, 2, 3), (5, 0, '?', 0), (3, 0, '?', 2), (3, 0, 1, 5), (1, 0, 0, 6), (4, 0, 6, 7), (4, 0, 1, 2), (7, 0, 5, '?'), ('?', 0, 5, 0), (4, 0, 1, 2), (6, 0, 4, 3), (5, 0, 4, '?'), (1, 0, 1, 2), (3, 0, '?', 4), (2, 0, '?', 7), (0, 0, 4, 5), (7, 0, 5, 2), (3, 0, 4, '?'), (2, 0, 0, 2), (4, 0, '?', 1), (4, 0, 4, 1), (4, 0, '?', '?'), (0, 0, 0, 0), (4, 0, 4, 4), (5, 0, 0, 3), (5, 0, 3, 2), (0, 0, '?', 1), (1, 0, 2, '?'), (4, 0, 4, 5), (4, 0, 0, 7), (7, 0, 4, 1), (7, 0, 4, 4), (2, 0, '?', 1), (1, 0, 4, 2), (5, 0, 1, '?'), (0, 0, 5, 7), (7, 0, 2, 5), (2, 0, 0, 7), (2, 0, 5, 6), ('?', 0, '?', 6), (4, 0, 1, '?'), (4, 0, 5, 5), (1, 0, '?', 5), (1, 0, 1, 2), (6, 0, 0, 7), (4, 0, 0, 2), (6, 0, '?', 0), (6, 0, 5, 7), (7, 0, 2, 3), (1, 0, 1, 2), (1, 0, 1, '?'), (2, 0, '?', 1), ('?', 0, 0, 6), ('?', 0, 4, 2), (1, 0, 1, 7), ('?', 0, '?', 0), (7, 0, 2, 6), (7, 0, 3, 0), (0, 0, 1, 2), (4, 0, '?', 1), (2, 0, '?', 5), (6, 0, '?', 7), (4, 0, 1, 2), (5, 0, 5, 5), (6, 0, 4, 4), (5, 0, 3, 2), (6, 0, '?', 4), ('?', 0, '?', 6), (0, 0, '?', '?'), ('?', 0, 5, 7), (6, 0, '?', 3), ('?', 0, 4, 3), (1, 0, 4, '?'), (1, 0, '?', '?'), (7, 0, 5, 6), (5, 0, 0, '?'), (3, 0, 6, 4), (7, 0, '?', 4), (6, 0, 5, 2), (6, 0, '?', 4), ('?', 0, '?', 0), (0, 0, 4, 2), (4, 0, 5, 5), (3, 0, 2, 6), (1, 0, 4, 1), (0, 0, '?', 3), (1, 0, 2, 1), (4, 0, '?', 7), ('?', 0, 4, 6), (6, 0, 4, 5), (1, 0, 2, 4), (4, 0, '?', 6), (6, 0, 0, 4), ('?', 0, 0, 3), (1, 0, 2, '?'), (1, 0, 5, '?'), ('?', 0, 1, 7), (2, 0, 0, 7), (3, 0, 4, 5), (3, 0, 0, 3), (5, 0, 4, 2), (2, 0, 0, '?'), (6, 0, '?', 2), (6, 0, 5, 7), (3, 0, 5, 5), (5, 0, 5, 5), (3, 0, '?', 2), (5, 0, 5, 7), (6, 0, 4, 1), ('?', 0, '?', 6), (2, 0, 0, 2), (7, 0, 0, 6), (4, 0, '?', 7), (1, 0, 2, 3), (6, 0, '?', 3), (6, 0, 4, 4), (7, 0, 2, 6), (4, 0, '?', 1), ('?', 0, '?', 2), (4, 0, '?', '?'), ('?', 0, '?', 4), (5, 0, 1, '?'), (3, 0, '?', 6), (4, 0, 4, 7), (3, 0, 0, 0), (0, 0, 2, 4), (4, 0, 0, '?'), (5, 0, 3, '?'), (5, 0, 5, '?'), (1, 0, '?', 0), (7, 0, 4, 4), (4, 0, '?', 6), ('?', 0, 1, 7), (6, 0, 4, 7), (2, 0, '?', 6), (1, 0, 0, 1), (5, 0, '?', 0), ('?', 0, '?', 2), (4, 0, 1, 5), (4, 0, 5, 1), (3, 0, 4, '?'), (5, 0, 2, 4), (5, 0, 4, 0), (3, 0, '?', 6), (7, 0, '?', 3), (1, 0, 1, 7), (3, 0, 4, 6), (5, 0, 3, 6), (7, 0, 4, 2)]"
"(20, 20, 20, 20, 0)","[(4, '?', '?', 3)]"
"(21, 21, 21, 21, 0)","[('?', '?', '?', 3), ('?', '?', '?', 1)]"
"(22, 9, 25, 25, 0)","[(6, '?', '?', 0)]"
"(22, 20, 20, 20, 0)","[('?', '?', '?', 0), ('?', '?', '?', 0), ('?', '?', '?', 0)]"
"(22, 22, 21, 20, 0)","[('?', '?', '?', 0)]"
"(22, 23, 23, 23, 0)","[('?', '?', '?', 0)]"
"(23, 11, 23, 23, 0)","[(0, '?', 4, 7)]"
"(23, 23, 23, 23, 0)","[(0, 2, 2, 4), (0, 2, '?', 5), (1, 2, '?', '?'), (1, 2, 2, '?'), (5, 2, 4, 0), (1, 2, '?', 0), (1, 2, 5, 3), (5, 2, 5, 2), (4, 2, '?', 1), (4, 2, 5, 3), (3, 2, '?', 4), (7, 2, 2, '?'), ('?', 2, 4, 5), (7, 2, 5, 1), (2, 2, 5, 7), (7, 2, '?', 7), (1, 2, '?', '?'), (0, 2, 2, 3), (4, 2, '?', '?'), (7, 2, '?', 3), (5, 2, 5, 2), ('?', 2, 2, 3), (4, 2, 0, 7), (7, 2, 2, 3), (7, 2, 5, 7), (5, 2, 5, 3), (5, 2, '?', 1), (0, 2, 2, 7), (0, 2, 2, 3), (0, 2, 4, 7), ('?', 2, 5, '?'), (5, 2, 5, 4), (6, 2, '?', 0), (4, 2, '?', 1), (4, 2, 0, 0), (7, 2, 4, 5), ('?', 2, 5, 3), (4, 2, 0, 5), (6, 2, '?', 6), (5, 2, '?', 2), (5, 2, 4, 0), (1, 2, 2, 3), (1, 2, 2, 3), (5, 2, '?', 7), (0, 2, 2, '?'), (1, 2, 2, 5), (1, 2, 4, 5), (6, 2, '?', 6), (7, 2, 2, 3), (7, 2, 2, 3), (6, 2, '?', 1), (5, 2, 5, '?'), (6, 2, 4, 7), (5, 2, '?', 6), (5, 2, 5, 1), (5, 2, 5, 3), ('?', 2, '?', 2), (4, 2, 5, 3), (7, 2, 2, 5), ('?', 2, 2, 3), (0, 2, 2, '?'), (5, 2, '?', 7), (1, 2, 5, 0), (6, 2, '?', 0), (1, 2, 5, '?'), (1, 2, '?', 5), (4, 2, 0, 7), (0, 2, 2, 5), (6, 2, '?', 5), (5, 2, '?', 7), (5, 2, 5, 6), (5, 2, 5, '?'), (5, 2, '?', 2), (5, 2, 5, 2), (7, 2, 2, 3), (5, 2, 5, 2), (7, 2, 5, 1), (5, 2, 4, 2), (0, 2, 2, 7), (0, 2, 6, 7), (5, 2, 5, 1), (5, 2, 5, 0), (5, 2, 2, 7), (5, 2, '?', 2), (5, 2, '?', 5), (1, 2, 5, 0), (1, 2, 6, 4), (7, 2, 5, 7), (0, 2, 4, 3), (0, 2, 2, 7), (5, 2, 4, 1), (7, 2, '?', 2), (4, 2, 0, 5), (6, 2, 0, 7), (1, 2, 5, 0), (5, 2, '?', 3), (0, 2, 5, 0), (0, 2, '?', 5), (5, 2, '?', 2), (1, 2, 5, 3), (4, 2, 0, 0), (0, 2, 2, 6), (4, 2, 0, 0), (2, 2, '?', 7), (5, 2, 5, 3), (4, 2, 0, 0), (5, 2, 5, 7), (5, 2, 5, 1), (4, 2, '?', '?'), (6, 2, '?', 0), (6, 2, '?', 5), (1, 2, 5, 3), (5, 2, '?', 4), ('?', 2, 5, 0), ('?', 2, 4, 5), (5, 2, '?', 5), (4, 2, 0, 2), (4, 2, 6, 4), (0, 2, 2, 5), (5, 2, 5, 3), (5, 2, 5, 3), (0, 2, 2, 4), (6, 2, '?', 4), (0, 2, 2, 3), ('?', 2, 2, 5), (0, 2, 2, 3), (7, 2, '?', 7), (5, 2, 5, '?'), (5, 2, 4, 5), ('?', 2, 2, 3), (5, 2, 5, '?'), (5, 2, '?', 3), (5, 2, '?', 5), (0, 2, 2, 7), (5, 2, 5, '?'), (4, 2, 3, 2), (0, 2, 5, 0), (5, 2, '?', 7), (4, 2, 0, 3), (5, 2, 5, 7), (6, 2, '?', '?'), (5, 2, 4, '?'), (5, 2, 5, 0), (6, 2, '?', 0), ('?', 2, 5, 0), (5, 2, '?', 7), (4, 2, 0, '?'), (7, 2, 2, 5), (5, 2, 4, 2), ('?', 2, 2, 3), (0, 2, 2, 6), (5, 2, 5, 2), (5, 2, 5, 4), (4, 2, 0, 7), (5, 2, 4, '?'), (3, 2, 5, 7), (5, 2, 5, '?'), (4, 2, '?', 2), (5, 2, 5, '?'), (0, 2, 2, 4), (7, 2, 2, 3), (7, 2, 5, 1), (6, 2, 0, 7), (5, 2, '?', 4), (5, 2, 5, 6), (5, 2, '?', 3), (0, 2, 2, 5), (5, 2, 5, 6), (5, 2, 5, 3), (6, 2, 0, 7), (5, 2, 5, 1), (0, 2, 2, 7), (0, 2, 2, 3), (6, 2, '?', 1), (3, 2, '?', 4), (0, 2, 2, '?'), (5, 2, '?', 6), (5, 2, 4, 1), (1, 2, 5, 0), (5, 2, '?', 1), (0, 2, 2, 7), (4, 2, '?', 0), (0, 2, 2, '?'), (6, 2, '?', 6), (6, 2, '?', 2), (5, 2, 5, 2), (6, 2, '?', 4), (4, 2, '?', 0), (5, 2, '?', 4), (4, 2, '?', 7), (4, 2, '?', 1), (5, 2, 5, 7), (0, 2, 2, '?'), (4, 2, '?', 5), (6, 2, 0, 0), (5, 2, 5, 3), (5, 2, 5, 0), (5, 2, 5, 0), (7, 2, 2, 5), (5, 2, '?', 5), (0, 2, 2, 6), (1, 2, 5, 0), (7, 2, 2, 5), (1, 2, 5, 0), (4, 2, '?', 2), (7, 2, 5, 1), (5, 2, 5, 0), (6, 2, '?', 5), (0, 2, 2, 4), (0, 2, 2, 3), (5, 2, 5, 3), (1, 2, 5, 0), (5, 2, 5, 0), (6, 2, '?', 0), (5, 2, 5, 2), (0, 2, 2, '?'), (5, 2, '?', 3), (5, 2, '?', 2), (0, 2, 2, 3), (5, 2, 5, 6), (5, 2, '?', 6), (5, 2, 5, 2), (5, 2, 5, 2), (5, 2, 5, '?')]"
"(23, 23, 23, 24, 0)","[(4, 2, 7, 2), (4, 2, 7, 3)]"
"(24, 1, 1, 24, 0)","[(2, '?', 7, 3), (2, '?', 7, 2)]"
"(24, 1, 21, 21, 0)","[(5, 0, 7, 2)]"
"(24, 1, 24, 24, 0)","[(2, 4, 7, 5), (2, 0, 7, 7), (5, 0, 7, 2), (2, 2, 7, 0), (2, 2, 7, 6), (2, 2, 7, 6)]"
"(24, 2, 24, 24, 0)","[(6, 4, 7, 5)]"
"(24, 5, 5, 5, 0)","[(7, 5, 7, 2), ('?', 5, 7, 1), (3, 5, 7, 6), (0, 5, 7, 0), (2, 5, 7, 2), (3, 5, 7, 7), ('?', 5, 7, 5), (3, 5, 7, 7), (2, 5, 7, 5), (6, 5, 7, 7), (1, 5, 7, 7), ('?', 5, 7, 1), (3, 5, 7, 6), (2, 5, 7, 6), (2, 5, 7, '?'), (2, 5, 7, 2), ('?', 5, 7, 5), (2, 5, 7, 6), ('?', 5, 7, 2), (2, 5, 7, 5), (5, 5, 7, 1), (2, 5, 7, 1), (3, 5, 7, 5), ('?', 5, 7, 1), (7, 5, 7, 4), (3, 5, 7, 7), (3, 5, 7, 5), (2, 5, 7, 7), (4, 5, 7, 2), (2, 5, 7, 6)]"
"(24, 5, 5, 21, 0)","[(5, 5, 7, 2), (4, 5, 7, 2), (5, 5, 7, 1)]"
"(24, 5, 5, 24, 0)","[(3, 5, 7, 6), (2, 5, 7, 5), (2, 5, 7, 1), (1, 5, 7, 1), (1, 5, 7, 2), (6, 5, 7, 0), (2, 5, 7, 1), (3, 5, 7, 5), (3, 5, 7, 6), (7, 5, 7, 1), (2, 5, 7, '?'), (2, 5, 7, '?'), ('?', 5, 7, 5), (1, 5, 7, 7), (2, 5, 7, '?'), (1, 5, 7, '?'), (7, 5, 7, '?'), (4, 5, 7, 7), (3, 5, 7, 2), (2, 5, 7, 5), (1, 5, 7, 2), (7, 5, 7, '?'), ('?', 5, 7, '?'), (2, 5, 7, 6), (6, 5, 7, 2), (3, 5, 7, 5), (7, 5, 7, 6), (4, 5, 7, 7), (3, 5, 7, 3), ('?', 5, 7, 6), (7, 5, 7, '?'), ('?', 5, 7, 4), (1, 5, 7, 2), ('?', 5, 7, 5), (0, 5, 7, 6), (7, 5, 7, 6), (2, 5, 7, 6), (6, 5, 7, 7), (3, 5, 7, 3), (3, 5, 7, 1), (3, 5, 7, 6), (6, 5, 7, 6), (3, 5, 7, 3), (2, 5, 7, 0), (7, 5, 7, 5), (4, 5, 7, '?'), ('?', 5, 7, 1), (6, 5, 7, '?'), (7, 5, 7, 2), (3, 5, 7, 3)]"
"(24, 5, 21, 21, 0)","[(4, 5, 7, 5)]"
"(24, 5, 21, 24, 0)","[(4, 5, 7, 2), (5, 5, 7, 6), (2, 5, 7, 7), (1, 5, 7, 4), (6, 5, 7, 2)]"
"(24, 5, 24, 5, 0)","[(1, 5, 7, 2), (1, 5, 7, 6), (2, 5, 7, 5), (6, 5, 7, 4)]"
"(24, 5, 24, 24, 0)","[(6, 5, 7, 7), (6, 5, 7, 6), (1, 5, 7, '?'), (6, 5, 7, 6), (0, 5, 7, 6), (7, 5, 7, 7), (1, 5, 7, 5), (1, 5, 7, 0), ('?', 5, 7, 4), (4, 5, 7, 3), (1, 5, 7, 4), (1, 5, 7, '?'), (3, 5, 7, 5), (2, 5, 7, 5), ('?', 5, 7, '?'), (1, 5, 7, 4), (1, 5, 7, 2), (1, 5, 7, 1), (2, 5, 7, 5), (1, 5, 7, 1), (7, 5, 7, 4), (3, 5, 7, 7), (6, 5, 7, 1), (3, 5, 7, '?'), (1, 5, 7, 2), (7, 5, 7, 1), (6, 5, 7, 7), (0, 5, 7, 0), (6, 5, 7, 4), (6, 5, 7, '?'), ('?', 5, 7, 2), (3, 5, 7, 4), (6, 5, 7, 0), (7, 5, 7, 4), (0, 5, 7, 4), (6, 5, 7, 4), (6, 5, 7, '?'), (0, 5, 7, 5), (5, 5, 7, 6), (0, 5, 7, 2), ('?', 5, 7, 6), (2, 5, 7, 7), (7, 5, 7, 1), (6, 5, 7, 7), (1, 5, 7, 6), (0, 5, 7, 5), (6, 5, 7, 7), (2, 5, 7, 1), (6, 5, 7, 4), (4, 5, 7, 3), ('?', 5, 7, '?'), (0, 5, 7, 5), (4, 5, 7, '?'), (0, 5, 7, 6), (6, 5, 7, 0), (7, 5, 7, 6), (6, 5, 7, 1), ('?', 5, 7, 1), (0, 5, 7, 5), (7, 5, 7, 5), (6, 5, 7, 1), (0, 5, 7, 2), (6, 5, 7, 1), (3, 5, 7, 3), (6, 5, 7, '?'), (6, 5, 7, '?'), (6, 5, 7, '?'), (0, 5, 7, 1), (6, 5, 7, 1), (0, 5, 7, 1)]"
"(24, 9, 16, 16, 0)","[(1, 1, '?', 7)]"
"(24, 10, 10, 10, 0)","[('?', 6, 7, 6), ('?', 6, 7, 3), (6, 6, 7, 7), (1, 6, 7, 0), (5, 6, 7, 1), (5, 6, 7, 6), (3, 6, 7, 6), (3, 6, 7, 2), (5, 6, 7, 4), (3, 6, 7, 7), (3, 6, 7, 6), (0, 6, 7, 6), (5, 6, 7, 6), (5, 6, 7, 1), ('?', 6, 7, 5), (0, 6, 7, 6), ('?', 6, 7, 0), (6, 6, 7, '?'), (0, 6, 7, 1), (3, 6, 7, 1), (3, 6, 7, 6), (1, 6, 7, 2), (2, 6, 7, 3), (3, 6, 7, 7), (7, 6, 7, 0), ('?', 6, 7, '?'), (7, 6, 7, 6), (1, 6, 7, 0), ('?', 6, 7, 7), (5, 6, 7, 6), (6, 6, 7, 5), (6, 6, 7, '?'), ('?', 6, 7, 0), (5, 6, 7, 1), (6, 6, 7, 7), (1, 6, 7, 0), (5, 6, 7, 5), (6, 6, 7, '?'), (6, 6, 7, 1), (5, 6, 7, 6), (0, 6, 7, 5), (7, 6, 7, 5), (3, 6, 7, 2), (3, 6, 7, 0), (3, 6, 7, 3), (3, 6, 7, 2), (0, 6, 7, 4), (6, 6, 7, 5), (1, 6, 7, 2), (1, 6, 7, 1), (3, 6, 7, 1), (1, 6, 7, 2), (6, 6, 7, 7), (1, 6, 7, 5), (7, 6, 7, 2), (5, 6, 7, 4), ('?', 6, 7, 2), (6, 6, 7, 1), ('?', 6, 7, 0), (3, 6, 7, 7), (5, 6, 7, 6), (3, 6, 7, 7), ('?', 6, 7, '?'), (6, 6, 7, 5), (6, 6, 7, 7), ('?', 6, 7, 3), (3, 6, 7, 1), (7, 6, 7, 3), (6, 6, 7, '?'), (5, 6, 7, 0), (6, 6, 7, 7), (3, 6, 7, 6), (3, 6, 7, 0), (7, 6, 7, '?'), (5, 6, 7, 6), (1, 6, 7, 5), ('?', 6, 7, 5), (1, 6, 7, 2), (6, 6, 7, 7), (6, 6, 7, 2), (3, 6, 7, 0), (1, 6, 7, 2), ('?', 6, 7, '?'), (3, 6, 7, '?'), (1, 6, 7, 2), (3, 6, 7, 1), (2, 6, 7, 0), (0, 6, 7, '?'), (6, 6, 7, 0), (3, 6, 7, 1), ('?', 6, 7, 4), (0, 6, 7, 1), (4, 6, 7, 5), (5, 6, 7, 5), ('?', 6, 7, 0), (5, 6, 7, 6), (5, 6, 7, 1), (6, 6, 7, 0), (5, 6, 7, 0), ('?', 6, 7, 0), (5, 6, 7, 0), ('?', 6, 7, 7), (6, 6, 7, '?'), (0, 6, 7, 1), (6, 6, 7, 5), (0, 6, 7, 1), (7, 6, 7, 4), (0, 6, 7, 6), (6, 6, 7, 0), (6, 6, 7, 0), (3, 6, 7, '?'), (0, 6, 7, 7), (7, 6, 7, 4), (4, 6, 7, 5), (7, 6, 7, 5), (7, 6, 7, 4), ('?', 6, 7, '?'), (1, 6, 7, 1), (4, 6, 7, '?'), (5, 6, 7, 1), (5, 6, 7, 0), (4, 6, 7, 1), (6, 6, 7, 0), (0, 6, 7, '?'), (1, 6, 7, 0), (5, 6, 7, 3), (2, 6, 7, 7), (4, 6, 7, 0), (5, 6, 7, 1), (0, 6, 7, 1), ('?', 6, 7, '?'), (5, 6, 7, 1), (6, 6, 7, 0), ('?', 6, 7, 2), (0, 6, 7, 4), (3, 6, 7, 3), ('?', 6, 7, 6), ('?', 6, 7, 3), (4, 6, 7, 7), ('?', 6, 7, '?'), (1, 6, 7, 0), (6, 6, 7, 1), (3, 6, 7, 1), (0, 6, 7, 6), (1, 6, 7, 5), (6, 6, 7, 7), (0, 6, 7, 4), (4, 6, 7, 7), (0, 6, 7, 4), (2, 6, 7, 0), (1, 6, 7, 7), (5, 6, 7, 6), (6, 6, 7, 2), (6, 6, 7, 1), (0, 6, 7, 7), (3, 6, 7, 0), ('?', 6, 7, 7), (5, 6, 7, '?'), (5, 6, 7, 5), (5, 6, 7, 4), (0, 6, 7, 7), (0, 6, 7, 0), (5, 6, 7, 5), (0, 6, 7, 4), (6, 6, 7, 3), (0, 6, 7, 6), (7, 6, 7, 0), (7, 6, 7, 4), (0, 6, 7, 0), (6, 6, 7, 4), (4, 6, 7, '?'), (3, 6, 7, 3), (4, 6, 7, 7), ('?', 6, 7, 2), (0, 6, 7, 3), (0, 6, 7, 1), (1, 6, 7, 0), (3, 6, 7, 3), (7, 6, 7, '?'), (1, 6, 7, 3), (4, 6, 7, 3), ('?', 6, 7, 3), (5, 6, 7, '?'), (5, 6, 7, '?'), ('?', 6, 7, 7), (0, 6, 7, 3), (5, 6, 7, 3), (1, 6, 7, 1)]"
"(24, 10, 10, 24, 0)","[(6, 6, 7, 5)]"
"(24, 10, 23, 24, 0)","[(4, 2, 7, '?'), (6, 2, 7, 5)]"
"(24, 10, 24, 10, 0)","[(4, 6, 7, 4), (1, 6, 7, 2), (2, 6, 7, 6), (2, 6, 7, 0), (2, 6, 7, 6), (6, 6, 7, 1), (2, 6, 7, 0), (1, 6, 7, 0), (1, 6, 7, 1), (3, 6, 7, 1), (6, 6, 7, 4), ('?', 6, 7, 3), (1, 6, 7, 6), (3, 6, 7, 1), (4, 6, 7, 5)]"
"(24, 10, 24, 23, 0)","[(3, 2, 7, 3), (3, 2, 7, 1), (3, 2, 7, 3)]"
"(24, 10, 24, 24, 0)","[(6, 6, 7, 1)]"
"(24, 15, 15, 15, 0)","[(0, 3, 7, 4), (0, 3, 7, 4), (1, 3, 7, 4), (0, 3, 7, 5), (0, 3, 7, 5), (0, 3, 7, 4), (1, 3, 7, 4), (1, 3, 7, 5), (5, 3, 7, 2), (1, 3, 7, 4), (1, 3, 7, '?'), (0, 3, 7, 5), (6, 3, 7, 5), (2, 3, 7, 5), (2, 3, 7, 0), (0, 3, 7, 7), (1, 3, 7, 1), (5, 3, 7, 2), (1, 3, 7, 4), (5, 3, 7, 5), (0, 3, 7, 4), (5, 3, 7, 2), (4, 3, 7, 5), (2, 3, 7, 5), (1, 3, 7, 4), (0, 3, 7, 5), (5, 3, 7, 2), (0, 3, 7, 5), (5, 3, 7, 2), (2, 3, 7, 5), (1, 3, 7, 4), (5, 3, 7, 2), (6, 3, 7, 5), (0, 3, 7, 6), (2, 3, 7, 5), (0, 3, 7, 4), (0, 3, 7, 5)]"
"(24, 15, 15, 24, 0)","[(1, 3, 7, 1), ('?', 3, 7, 5), (2, 3, 7, '?')]"
"(24, 15, 24, 15, 0)","[('?', 3, 7, 7), (0, 3, 7, 4)]"
"(24, 15, 24, 24, 0)","[(4, 3, 7, 2)]"
"(24, 16, 16, 16, 0)","[(7, 1, 7, 6), (3, 1, 7, 4), (0, 1, 7, 0), (0, 1, 7, 0), ('?', 1, 7, 0), (7, 1, 7, 3), (0, 1, 7, 2), (7, 1, 7, 2), (7, 1, 7, 1), (0, 1, 7, 2), (7, 1, 7, 4), ('?', 1, 7, 0), (7, 1, 7, 3), (7, 1, 7, 2), (6, 1, 7, 2), (0, 1, 7, 2), (0, 1, 7, 2), (7, 1, 7, 6), (4, 1, 7, 2), (4, 1, 7, 2), (3, 1, 7, 4), (0, 1, 7, 0), (0, 1, 7, 2), (0, 1, 7, 2), (7, 1, 7, 2), (7, 1, 7, 3), ('?', 1, 7, 4), (7, 1, 7, 2), (7, 1, 7, 2), (7, 1, 7, 4), (0, 1, 7, 0), (7, 1, 7, 1), (7, 1, 7, 0), (7, 1, 7, 3), (7, 1, 7, 1), (7, 1, 7, 4), (7, 1, 7, 1), (0, 1, 7, 0), (7, 1, 7, 3), (0, 1, 7, 0), (7, 1, 7, 4), (7, 1, 7, 2), (0, 1, 7, 0), (7, 1, 7, 3), (7, 1, 7, 4), (7, 1, 7, 3), (7, 1, 7, 1)]"
"(24, 16, 16, 24, 0)","[('?', 1, 7, 2)]"
"(24, 16, 24, 16, 0)","[(4, 1, 7, 2)]"
"(24, 19, 19, 24, 0)","[(7, 0, 7, 7)]"
"(24, 19, 24, 24, 0)","[(0, 0, 7, 7), (7, 0, 7, 2)]"
"(24, 20, 24, 24, 0)","[(4, 1, 7, 0)]"
"(24, 23, 23, 23, 0)","[(4, 2, 7, 2), (1, 2, 7, 1), (4, 2, 7, 3), (4, 2, 7, 3), (1, 2, 7, 3), (4, 2, 7, 0), (4, 2, 7, 6), (4, 2, 7, 0), (4, 2, 7, 0), (4, 2, 7, 7), (4, 2, 7, 7), (1, 2, 7, 1), (4, 2, 7, '?'), (1, 2, 7, 1), (4, 2, 7, 2), (4, 2, 7, 3), (4, 2, 7, 6), (4, 2, 7, '?'), (4, 2, 7, 7), (1, 2, 7, 3), (1, 2, 7, '?'), (1, 2, 7, 0), (1, 2, 7, 1), (4, 2, 7, 0), (4, 2, 7, 2), (4, 2, 7, 0), (1, 2, 7, 3), (6, 2, 7, 1), (1, 2, 7, 3), (1, 2, 7, 1)]"
"(24, 23, 23, 24, 0)","[(3, 2, 7, 1), (4, 2, 7, '?'), (4, 2, 7, 6), (4, 2, 7, 0), (4, 2, 7, 3), ('?', 2, 7, 3), (4, 2, 7, 7), (6, 2, 7, 7), (4, 2, 7, 0), (4, 2, 7, 6), (6, 2, 7, 3), (4, 2, 7, 6), (6, 2, 7, 3), (4, 2, 7, 7), (4, 2, 7, 2), ('?', 2, 7, 1), (6, 2, 7, 3), (4, 2, 7, 2), (4, 2, 7, '?')]"
"(24, 23, 24, 23, 0)","[(3, 2, 7, 2), (4, 2, 7, 7), (1, 2, 7, 3), (4, 2, 7, 6)]"
"(24, 23, 24, 24, 0)","[(5, 2, 7, 3), (3, 2, 7, 0), (6, 2, 7, '?'), (2, 2, 7, 3), ('?', 2, 7, 2), (2, 2, 7, 3), (6, 2, 7, '?'), (2, 2, 7, 3)]"
"(24, 24, 1, 21, 0)","[(5, 0, 7, 2)]"
"(24, 24, 1, 24, 0)","[(6, 4, 7, 3), (2, '?', 7, 5), (2, 4, 7, 0), (2, 4, 7, 7), (6, 4, 7, 0)]"
"(24, 24, 2, 24, 0)","[(6, 4, 7, '?'), (5, 4, 7, 0), (5, 4, 7, 5)]"
"(24, 24, 5, 5, 0)","[(5, 5, 7, 2), (5, 5, 7, 0), (2, 5, 7, 2), (6, 5, 7, 6), (6, 5, 7, 0)]"
"(24, 24, 5, 21, 0)","[(1, 5, 7, 3), (4, 5, 7, 5)]"
"(24, 24, 5, 23, 0)","[(1, 5, 7, 1)]"
"(24, 24, 5, 24, 0)","[(1, 5, 7, 7), (7, 5, 7, 1), (6, 5, 7, 4), (5, 5, 7, 1), (6, 5, 7, 0), (4, 5, 7, 5), (2, 5, 7, 7), (1, 5, 7, 4), (1, 5, 7, 4), ('?', 5, 7, 2), (7, 5, 7, 6), (1, 5, 7, 3), (1, 5, 7, 1), (6, 5, 7, 2)]"
"(24, 24, 10, 10, 0)","[(1, 6, 7, 6), (1, 6, 7, 6), (3, 6, 7, 7), (1, 6, 7, 7), (2, 6, 7, 3), (2, 6, 7, 3), (2, 6, 7, 6), (2, 6, 7, 3), (6, 6, 7, 4), (2, 6, 7, 5), (2, 6, 7, 0), (3, 6, 7, 6), (4, 6, 7, 4), (2, 6, 7, 6), (4, 6, 7, 5), (6, 6, 7, 1), (1, 6, 7, 0), (1, 6, 7, 6), (1, 6, 7, 5), ('?', 6, 7, 5), (2, 6, 7, 7), (6, 6, 7, 1), (4, 6, 7, '?'), (3, 6, 7, 6), ('?', 6, 7, 6), (1, 6, 7, 7), (1, 6, 7, 2), (1, 6, 7, 6), (1, 6, 7, 7), (6, 6, 7, '?'), (1, 6, 7, 5), (1, 6, 7, 1), (1, 6, 7, 7), ('?', 6, 7, '?'), (6, 6, 7, '?'), (6, 6, 7, '?'), (1, 6, 7, 6), ('?', 6, 7, '?'), (0, 6, 7, 5), (1, 6, 7, 0), (5, 6, 7, 5), (1, 6, 7, 7)]"
"(24, 24, 10, 24, 0)","[(2, 6, 7, 5), (1, 6, 7, 6), (4, 6, 7, 4), (2, 6, 7, 4), (6, 6, 7, 4), (5, '?', 7, 2), (6, 6, 7, 0), (4, 6, 7, 4), (1, 6, 7, 6), (1, 6, 7, 1), (4, 6, 7, 5)]"
"(24, 24, 15, 15, 0)","[(6, 3, 7, 5), (1, 3, 7, 7), (1, 3, 7, 7), (0, 3, 7, 6), (7, 3, 7, 3), (0, 3, 7, '?'), ('?', 3, 7, 5), (0, 3, 7, '?'), (0, 3, 7, 6), ('?', 3, 7, 4), ('?', 3, 7, 2), (6, 3, 7, 5), (6, 3, 7, '?'), (1, 3, 7, 5), (4, 3, 7, 5), (0, 3, 7, '?'), (7, 3, 7, 4), (1, 3, 7, 4), (5, 3, 7, 7), (5, 3, 7, 5), (5, 3, 7, 7), (0, 3, 7, '?'), (0, 3, 7, 4), (5, 3, 7, 2), ('?', 3, 7, 2), (5, 3, 7, 7), (5, 3, 7, 1), (1, 3, 7, 7), (6, 3, 7, 5), (0, 3, 7, 7), (6, 3, 7, 7), (1, 3, 7, 1), (5, 3, 7, 5), (0, 3, 7, 4), (0, 3, 7, 5), (2, 3, 7, 5), (4, 3, 7, 2), (1, 3, 7, 5), (0, 3, 7, 5), ('?', 3, 7, 4), (6, 3, 7, 4), (1, 3, 7, 4)]"
"(24, 24, 15, 24, 0)","[(7, 3, 7, 3), (4, 3, 7, 1), (3, 3, 7, 7), (5, 3, 7, 4), (3, 3, 7, 1), (7, 3, 7, 4), (1, 3, 7, '?'), (5, 3, 7, 4), (4, 3, 7, 7), (2, 3, 7, 0), (2, 3, 7, 7), (6, 3, 7, 1), (6, 3, 7, 5), (1, 3, 7, 7), (7, 3, 7, 3)]"
"(24, 24, 16, 16, 0)","[(6, 1, 7, 7), (0, 1, 7, 5), (6, 1, 7, 6), (6, 1, 7, 2), (6, 1, 7, 4), (0, 1, 7, 0), (1, 1, 7, 2), (7, 1, 7, 1), (7, 1, 7, 0), (6, 1, 7, 2), (3, 1, 7, 7), (7, 1, 7, 7), (7, 1, 7, 6), (7, 1, 7, 1), (7, 1, 7, 0), (6, 1, 7, 2), (0, 1, 7, 6), (7, 1, 7, 4), (7, 1, 7, 0), ('?', 1, 7, 2), (7, 1, 7, 3), (7, 1, 7, 4), (0, 1, 7, 1), (6, 1, 7, 2), (5, 1, 7, 2), (7, 1, 7, 6)]"
"(24, 24, 16, 21, 0)","[(5, 1, 7, 2), (5, 1, 7, 2), (5, 1, 7, 2)]"
"(24, 24, 16, 24, 0)","[(0, 1, 7, 3), (3, 1, 7, 7), (6, 1, 7, 4), (0, 1, 7, 7), (2, 1, 7, 1), (6, 1, 7, 7)]"
"(24, 24, 19, 24, 0)","[(7, 0, 7, 4), ('?', 0, 7, 1)]"
"(24, 24, 20, 24, 0)","[(4, 1, 7, 5)]"
"(24, 24, 23, 21, 0)","[(6, 2, 7, 3), (5, 5, 7, 2)]"
"(24, 24, 23, 23, 0)","[(1, 2, 7, 1), (4, 2, 7, 3), (4, 2, 7, '?'), (6, 2, 7, 3), (4, 2, 7, '?'), (6, 2, 7, '?'), (2, 2, 7, 2), (4, 2, 7, 2), (6, 2, 7, 3), (4, 2, 7, 7), (1, 2, 7, 1), (1, 2, 7, 0), (1, 2, 7, 0)]"
"(24, 24, 23, 24, 0)","[(1, 2, 7, 3), (4, 2, 7, 5), (4, 2, 7, 3), (1, 2, 7, '?')]"
"(24, 24, 24, 1, 0)","[(2, 4, 7, 7), (2, 4, 7, 0), (2, 0, 7, 3), (6, 4, 7, 7), (2, 4, 7, 2)]"
"(24, 24, 24, 2, 0)","[(5, 4, 7, 7), (0, 4, 7, 0), (0, 4, 7, 0), (0, 4, 7, 7), (1, 4, 7, 3)]"
"(24, 24, 24, 5, 0)","[(5, 5, 7, '?'), (6, 5, 7, 4), (6, 5, 7, 0), (2, 5, 7, 7), (4, 5, 7, 7), (6, 5, 7, 1), (1, 5, 7, 0)]"
"(24, 24, 24, 10, 0)","[(2, 6, 7, 0), (1, 6, 7, 4), (3, 6, 7, 0), (2, 6, 7, 7), (6, 6, 7, 2), (3, 6, 7, 3), (6, 6, 7, 4), (4, 6, 7, 4)]"
"(24, 24, 24, 15, 0)","[(6, 3, 7, 5), (3, 3, 7, 2), ('?', 3, 7, 7), (1, 3, 7, '?'), (0, 3, 7, 1), (4, 3, 7, 1), ('?', 3, 7, 5), (0, 3, 7, 6), (0, 3, 7, 7), (5, 3, 7, 4), (1, 3, 7, 3), (6, 3, 7, 7), (6, 3, 7, 6), (5, 3, 7, 7), (6, 3, 7, 2), (7, 3, 7, 4), (3, 3, 7, 7), (0, 3, 7, 3), ('?', 3, 7, 4), (6, 3, 7, 7), (1, 3, 7, 7), (1, 3, 7, 7), (4, 3, 7, 3), (0, 3, 7, 1), (1, 3, 7, 5), (7, 3, 7, 2), (0, 3, 7, 1), (5, 3, 7, 7), ('?', 3, 7, 4), (4, 3, 7, 5), (7, 3, 7, 1), (2, 3, 7, 5), (6, 3, 7, 7), (6, 3, 7, 3), (4, 3, 7, 4), (2, 3, 7, 5), (6, 3, 7, 7), (5, 3, 7, '?'), (4, 3, 7, 2), ('?', 3, 7, '?'), (1, 3, 7, '?'), (1, 3, 7, 7), (6, 3, 7, 1), (4, 3, 7, 5), (7, 3, 7, 1), (5, 3, 7, 5), (7, 3, 7, 4), (0, 3, 7, 6), (6, 3, 7, '?'), (6, 3, 7, 4), (1, 3, 7, 5), (1, 3, 7, 1), (4, 3, 7, 1), (6, 3, 7, 1), ('?', 3, 7, 7), (6, 3, 7, 7), (1, 3, 7, 3), ('?', 3, 7, 4), (4, 3, 7, 5)]"
"(24, 24, 24, 16, 0)","[(0, 1, 7, 7), (5, 1, 7, 7), (0, 1, 7, 4), (6, 1, 7, 1), (7, 1, 7, 6), (0, 1, 7, 4), (0, 1, 7, 6), (0, 1, 7, 7), (0, 1, 7, 0), (7, 1, 7, 4), (6, 1, 7, 1), (0, 1, 7, 4), ('?', 1, 7, 0), (4, 1, 7, 6), (0, 1, 7, 1), (6, 1, 7, 4), (7, 1, 7, 6), ('?', 1, 7, 0), (0, 1, 7, 3), (0, 1, 7, 3), (7, 1, 7, 6), ('?', 1, 7, 0), (7, 1, 7, 7), (7, 1, 7, 7), ('?', 1, 7, 1), (7, 1, 7, 0), (0, 1, 7, 7), (6, 1, 7, 2)]"
"(24, 24, 24, 23, 0)","[(4, 2, 7, 2), ('?', 2, 7, 4), (4, 2, 7, 0), (0, 2, 7, 4), ('?', 2, 7, 3), (1, 2, 7, 5), (3, 2, 7, 1), (6, 2, 7, 5), (6, 2, 7, 5)]"
"(24, 24, 24, 24, 0)","[(5, 1, 7, 4), (7, 7, 7, 1), ('?', 2, 7, 3), (0, 2, 7, 0), (2, 0, 7, 2), (1, '?', 7, '?'), (1, 7, 7, '?'), (6, 2, 7, 1), (5, 4, 7, 0), (0, 1, 7, 6), (5, 2, 7, 0), (5, '?', 7, '?'), (2, 0, 7, 4), (6, 1, 7, '?'), (7, 2, 7, 3), ('?', 1, 7, 6), (2, 1, 7, 1), (6, 0, 7, 4), (4, 7, 7, 6), (6, 0, 7, 1), (1, 0, 7, 0), ('?', 1, 7, 7), (6, 0, 7, 5), (5, 2, 7, 5), (5, 4, 7, 1), (2, 3, 7, 7), (5, 7, 7, 3), (2, 6, 7, '?'), (1, 1, 7, 4), (6, 1, 7, 1), (1, 5, 7, '?'), (0, 2, 7, 7), (1, 1, 7, 4), (7, 4, 7, 0), (7, 3, 7, 2), (0, '?', 7, 7), (3, 3, 7, 0), (6, 4, 7, '?'), (1, '?', 7, 2), (1, '?', 7, 4), (1, 5, 7, 0), (3, 3, 7, 6), (4, 0, 7, 6), (5, '?', 7, 0), (1, 5, 7, 6), (5, 1, 7, 5), ('?', 1, 7, 5), (1, 4, 7, 1), (4, 1, 7, '?'), (3, 2, 7, 3), (6, 4, 7, '?'), (5, '?', 7, 5), (5, 5, 7, 3), (0, 0, 7, 7), ('?', 1, 7, 6), ('?', 4, 7, 3), ('?', 2, 7, '?'), (0, 0, 7, '?'), ('?', 3, 7, 5), (6, 5, 7, 3), (2, 0, 7, 7), (7, 7, 7, 0), (0, 5, 7, 1), (4, 4, 7, 0), (2, 0, 7, 2), (7, 2, 7, 1), (2, 6, 7, 4), (2, '?', 7, '?'), (2, 1, 7, 2), (4, 2, 7, '?'), ('?', '?', 7, 0), (6, 1, 7, 6), (6, 4, 7, 7), (5, 1, 7, 5), (0, 2, 7, 4), (0, '?', 7, '?'), (6, 4, 7, 6), (6, 2, 7, 5), (5, '?', 7, 2), (2, 4, 7, 3), (4, 3, 7, 3), (7, 4, 7, 3), (1, 2, 7, '?'), (6, '?', 7, 6), (6, 0, 7, 2), (5, '?', 7, 0), (6, '?', 7, 2), (3, '?', 7, '?'), ('?', 3, 7, 3), ('?', 3, 7, 1), (0, 0, 7, '?'), (7, 7, 7, 0), (3, 0, 7, '?'), (1, '?', 7, 7), (0, 1, 7, 1), (1, 0, 7, 1), (7, 4, 7, 0), ('?', 0, 7, 3), (2, 1, 7, 6), (6, 3, 7, '?'), (2, 4, 7, 5), (1, 1, 7, 7), (2, 1, 7, '?'), (2, 4, 7, 1), (5, 5, 7, '?'), (2, '?', 7, '?'), (0, 3, 7, 1), (0, 1, 7, 1), (5, '?', 7, '?'), (6, 7, 7, '?'), (2, 6, 7, 1), (1, 5, 7, 4), (3, '?', 7, 5), (2, 2, 7, '?'), (5, 2, 7, 5), (5, 3, 7, 0), (2, 0, 7, 4), ('?', 6, 7, '?'), (5, 3, 7, 4), (1, '?', 7, 3), (6, 4, 7, 0), ('?', 1, 7, 5), (2, 0, 7, 0), (7, '?', 7, '?'), (7, '?', 7, 6), (6, 5, 7, 3), (2, 0, 7, 5), (0, 0, 7, '?'), (2, 1, 7, 3), (4, '?', 7, '?'), (1, 2, 7, 2), (5, 7, 7, 5), (0, '?', 7, 0), (6, 4, 7, 1), (5, 0, 7, '?'), (0, 4, 7, 6), (2, 4, 7, '?'), (7, 0, 7, 7), (2, 4, 7, 7), (3, 7, 7, '?'), (2, 6, 7, 4), (5, 1, 7, 2), (1, 0, 7, 0), (1, 7, 7, 2), (1, '?', 7, 4), (0, 4, 7, 0), (4, 4, 7, 6), ('?', 4, 7, 2), (0, 3, 7, 3), (3, 2, 7, '?'), (3, 0, 7, 0), (2, 1, 7, 2), (4, 7, 7, 3), (4, 1, 7, '?'), (3, 7, 7, 6), (2, 1, 7, 1), (0, 3, 7, 7), (0, 0, 7, 0), (3, 3, 7, 7), (1, 4, 7, 2), (2, '?', 7, 6), (5, 5, 7, 0), (4, 3, 7, 7), (0, '?', 7, 6), (5, 2, 7, 4), (2, 4, 7, 3), ('?', 6, 7, 6), (5, 4, 7, 1), (3, 7, 7, '?'), ('?', 0, 7, 4), (3, 1, 7, 4), ('?', 4, 7, 2), (6, 7, 7, 0), (6, '?', 7, 0), (6, 0, 7, 2), ('?', 4, 7, 5), (2, 0, 7, 3), (2, 4, 7, 0), ('?', 7, 7, 0), (5, 2, 7, 2), ('?', 3, 7, 1), (3, 2, 7, 2), (1, '?', 7, 0), (1, 5, 7, 0), (6, 7, 7, 3), (6, '?', 7, 0), (5, 3, 7, 2), (3, 3, 7, 5), (2, 0, 7, '?'), (5, 0, 7, 6), (0, 5, 7, 5), (4, '?', 7, 6), (7, 0, 7, 2), (7, 5, 7, 5), (2, 1, 7, 6), (4, 0, 7, 4), (3, 4, 7, 4), (5, '?', 7, 1), (3, 0, 7, 5), (1, 0, 7, 4), (6, 0, 7, 6), (5, '?', 7, 3), (1, 1, 7, 4), ('?', 3, 7, 2), (5, 4, 7, 1), (0, '?', 7, 0), (7, 2, 7, 6), (5, 3, 7, '?'), (2, 7, 7, 2), (6, 4, 7, 4), (1, 0, 7, 4), (3, 0, 7, 3), (4, 1, 7, 7), (7, '?', 7, 5), (5, 7, 7, 4), ('?', 4, 7, 4), (2, 0, 7, 4), (2, 1, 7, 2), ('?', 1, 7, 6), (6, 2, 7, 6), (7, '?', 7, 3), (2, 2, 7, 0), (0, 4, 7, '?'), (4, 5, 7, 1), (2, 6, 7, 4), (5, 2, 7, 6), (3, 4, 7, 4), (6, 4, 7, 4), (0, 2, 7, 2), (4, 4, 7, 7), (6, 3, 7, 2), ('?', 2, 7, 5), (0, 0, 7, 4), (7, 7, 7, 3), (0, 0, 7, 2), (6, '?', 7, 2), (3, 2, 7, 0), ('?', 2, 7, 0), (6, 1, 7, '?'), (1, 5, 7, '?'), (6, 2, 7, 0), (2, '?', 7, 3), (3, 2, 7, 3), (2, 2, 7, 6), (0, 3, 7, '?'), (0, 3, 7, 3), (5, 2, 7, 4), (2, 0, 7, 2), (3, 1, 7, 2), (5, 1, 7, 5), ('?', 3, 7, '?'), ('?', 2, 7, '?'), (7, 4, 7, 5), (7, 4, 7, 5), (6, 4, 7, 2), ('?', 3, 7, 3), ('?', 2, 7, 2), (1, 3, 7, '?'), (1, 0, 7, 1), (2, 4, 7, 3), (4, 1, 7, 7), (5, '?', 7, 7), (1, 2, 7, 1), (4, '?', 7, 7), (3, 2, 7, '?'), (3, 3, 7, 6), ('?', 0, 7, '?'), (4, 0, 7, 1), (7, 7, 7, 2), (3, 4, 7, 4), (3, 7, 7, 6), ('?', 3, 7, 4), ('?', 0, 7, 6), (1, '?', 7, 1), (0, 1, 7, 1), (7, 0, 7, '?'), (4, '?', 7, 0), (7, '?', 7, 6), ('?', 2, 7, 2), (5, 2, 7, 5), (2, '?', 7, 5), (7, '?', 7, 3), (6, 3, 7, 4), (3, 4, 7, 6), (5, 2, 7, 2), (1, 0, 7, '?'), (1, 1, 7, 1), (2, 4, 7, 6), (7, 4, 7, 6), (3, 2, 7, 3), (6, 2, 7, 0), (2, '?', 7, 2), (3, 1, 7, 0), (5, 4, 7, 6), (3, 1, 7, 6), (2, 4, 7, 3), (7, 4, 7, 5), ('?', 4, 7, 5), (6, '?', 7, 3), ('?', 0, 7, 4), (6, 4, 7, 5), ('?', '?', 7, 4), (4, '?', 7, 7), (7, 2, 7, 2), (2, '?', 7, 7), (5, 5, 7, 6), (3, '?', 7, 3), (2, 0, 7, '?'), (5, 1, 7, 4), (4, '?', 7, 1), (1, 4, 7, '?'), (7, '?', 7, 6), (3, '?', 7, 0), (0, '?', 7, 0), (2, 3, 7, 7), (3, 7, 7, 3), (4, 7, 7, '?'), (1, 0, 7, 5), ('?', '?', 7, 7), (2, 3, 7, 3), ('?', 3, 7, 7), (5, 2, 7, '?'), (7, 7, 7, 0), (5, 4, 7, 0), (0, 1, 7, 1), (0, '?', 7, 4), (5, 5, 7, 1), (7, 4, 7, 3), (3, 3, 7, 6), (5, '?', 7, 5), (7, 0, 7, 1), (2, '?', 7, '?'), (7, 7, 7, 3), (5, 5, 7, '?'), (7, 2, 7, 6), (2, 7, 7, 2), (4, 5, 7, '?'), (1, 1, 7, 7), (1, 0, 7, '?'), (6, 3, 7, 1), (7, 0, 7, 3), ('?', 0, 7, 1), (4, 5, 7, 5), (4, 1, 7, '?'), (5, 3, 7, 1), (2, '?', 7, 0), (2, 3, 7, '?'), (7, 2, 7, 4), (2, 0, 7, 3), ('?', 1, 7, 7), (5, 7, 7, 0), (2, 2, 7, 2), (5, 4, 7, 6), (5, 5, 7, 2), (0, '?', 7, 7), (3, 1, 7, 1), (1, 0, 7, 0), (2, 2, 7, 4), (4, 5, 7, 1), (0, 0, 7, 0), (2, 0, 7, 6), (4, 4, 7, '?'), (3, 1, 7, 6), (0, 2, 7, 7), ('?', 7, 7, 1), ('?', '?', 7, 4), (4, 7, 7, 5), (5, 4, 7, '?'), (7, 5, 7, 5), (3, 7, 7, 2), (0, 0, 7, 4), (5, 5, 7, 7), (3, 3, 7, 2), (6, 4, 7, 2), (1, 0, 7, '?'), (1, 2, 7, 5), (5, 2, 7, 4), (5, 4, 7, '?'), (4, 3, 7, 2), (5, '?', 7, 6), (6, 1, 7, '?'), ('?', 3, 7, 1), (1, '?', 7, 7), (5, 2, 7, 2), (4, '?', 7, 7), (2, '?', 7, 4), (4, 5, 7, '?'), (5, 0, 7, 0), (3, '?', 7, '?'), (3, 2, 7, 1), (6, 7, 7, 3), (5, 0, 7, 6), ('?', 1, 7, 5), (5, 4, 7, 5), ('?', 0, 7, '?'), (5, 3, 7, '?'), (5, '?', 7, '?'), (3, 0, 7, 2), (2, 7, 7, 0), (4, 1, 7, 0), (5, 3, 7, '?'), ('?', '?', 7, 3), (1, 6, 7, 4), (1, 5, 7, 6), (2, 4, 7, 6), (6, 0, 7, 5), ('?', 3, 7, 7), (5, 0, 7, '?'), (6, 7, 7, 7), (0, 0, 7, 2), (6, 0, 7, '?'), (3, 7, 7, 4), (3, 7, 7, '?'), (7, 2, 7, 7), (4, 3, 7, 2), (6, 2, 7, 5), (4, 0, 7, 1), (0, 3, 7, 3), (0, 3, 7, '?'), (5, '?', 7, 0), (3, '?', 7, '?'), (6, 0, 7, 4), (5, 2, 7, 4), ('?', 0, 7, '?'), (6, 4, 7, '?'), (4, 3, 7, 3), (2, 7, 7, 3), (5, 4, 7, '?'), (4, '?', 7, 6), (7, '?', 7, 6), (5, 0, 7, 5), (1, 1, 7, 6), (6, 0, 7, 1), (7, 7, 7, '?'), (2, 4, 7, '?'), ('?', 2, 7, 3), (5, '?', 7, 0), (6, 0, 7, '?'), (5, 2, 7, 3), (3, '?', 7, 6), (2, 4, 7, 3), (6, 1, 7, 6), (6, 4, 7, 6), (1, 5, 7, 5), ('?', 6, 7, 6), (5, 2, 7, 4), (3, 2, 7, 2), (2, 7, 7, 7), (0, '?', 7, 3), (7, 3, 7, 6), (7, 7, 7, 0), (6, 0, 7, 4), (2, 0, 7, 7), (5, '?', 7, 6), (1, 2, 7, 7), ('?', 7, 7, 0), (6, 3, 7, '?'), (2, 3, 7, 7), (3, 1, 7, 6), (5, 0, 7, 5), (6, '?', 7, 0), (1, 4, 7, 4), ('?', '?', 7, 5), (5, 5, 7, 7), (4, '?', 7, 2), (6, 4, 7, 3), (1, '?', 7, 0), (1, 7, 7, 6), ('?', 4, 7, 3), (0, 4, 7, 0), (7, 4, 7, 6), ('?', '?', 7, 4), (6, 2, 7, 0), (5, 0, 7, '?'), (4, 7, 7, 1), (2, 0, 7, '?'), (7, '?', 7, 7), (4, 4, 7, '?'), (2, '?', 7, 7), (3, 7, 7, 7), (4, '?', 7, '?'), (4, 1, 7, 2), (0, 2, 7, 7), (1, 6, 7, 4), (2, 4, 7, 0), (2, '?', 7, 2), (2, 1, 7, 6), ('?', 2, 7, 0), (7, 0, 7, 2), (2, 2, 7, 0), (6, 3, 7, 4), (2, '?', 7, 3), ('?', 4, 7, '?'), (4, 3, 7, 4), ('?', 4, 7, '?'), ('?', 1, 7, 5), (5, 3, 7, '?'), (2, '?', 7, 6), (2, 4, 7, 5), (7, 7, 7, 3), (3, 1, 7, 2), (1, '?', 7, 2), (3, '?', 7, 6), (5, 5, 7, '?'), (1, 1, 7, 4), (2, '?', 7, '?'), (1, 5, 7, 6), (4, 3, 7, 7), ('?', 4, 7, 2), (4, 7, 7, '?'), ('?', 3, 7, 5), (1, 4, 7, 5), (6, 3, 7, '?'), (4, 3, 7, 7), (3, 3, 7, 7), (4, 1, 7, '?'), (3, 0, 7, 0), (5, '?', 7, 3), (5, 5, 7, 7), (7, 2, 7, 3), (2, 4, 7, 7), (3, 4, 7, 4), (5, 0, 7, 7), (3, 7, 7, 2), (4, 5, 7, 3), (5, '?', 7, 4), (0, '?', 7, 1), (6, 7, 7, 3), ('?', 2, 7, 1), (4, 5, 7, 5), (1, 1, 7, 6), (2, 0, 7, 5), (5, 0, 7, 4), (0, 5, 7, 1), (5, 5, 7, 3), (5, 1, 7, 5), (4, 3, 7, 2), (2, 2, 7, '?'), (7, 3, 7, 6), (6, 5, 7, 5), (5, 2, 7, 6), (2, 0, 7, 6), (6, 4, 7, 6), (4, 1, 7, 5), (0, 3, 7, 3), (3, 2, 7, '?'), (0, '?', 7, 3), (1, '?', 7, 6), (5, 1, 7, 3), (4, 1, 7, 1), (3, 3, 7, 7), (1, 0, 7, 4), (5, 1, 7, 6), (1, 0, 7, 0), (6, 2, 7, 1), (2, 1, 7, 3), ('?', 1, 7, 1), (3, 4, 7, 7), (0, 2, 7, 6), (1, 4, 7, 4), (5, '?', 7, 3), (5, '?', 7, 5), (5, 4, 7, 7), ('?', 2, 7, 2), (4, 0, 7, 6), ('?', '?', 7, 6), (2, 4, 7, '?'), (4, 2, 7, 5), (2, 1, 7, 4), ('?', 3, 7, 1), (3, 3, 7, 7), (4, 2, 7, 6), (5, 4, 7, 1), (4, 5, 7, '?'), (4, 0, 7, 3), (6, '?', 7, 1), (7, '?', 7, 7), (7, 4, 7, 4), (2, 0, 7, 2), (5, 4, 7, 7), ('?', 0, 7, 0), (0, '?', 7, 4), (5, '?', 7, '?'), (0, 2, 7, 2), (2, 0, 7, 6), (7, 4, 7, 4), ('?', '?', 7, 7), (6, 0, 7, 4), (7, 4, 7, 3), (0, '?', 7, '?'), (5, 0, 7, 6), (3, '?', 7, 5), (1, '?', 7, 6), (3, 0, 7, '?'), (1, '?', 7, 7), (1, '?', 7, 4), (2, '?', 7, 7), (0, '?', 7, 0), (0, '?', 7, '?'), (4, 5, 7, 5), (7, 0, 7, 0), (7, 4, 7, 2), (5, 2, 7, 4), (2, '?', 7, 5), (4, 2, 7, 5), (2, 0, 7, 5), (1, 1, 7, 2), (6, 7, 7, 6), (3, 1, 7, 6), (7, '?', 7, 5), (3, 1, 7, 0), (7, 2, 7, '?'), (6, 3, 7, 3), (5, 7, 7, 7), (6, 2, 7, 3), (6, 3, 7, 1), (5, 0, 7, '?'), (5, '?', 7, 5), (6, 1, 7, 7), (2, 1, 7, 0), (3, '?', 7, 1), (2, '?', 7, 6), (5, 5, 7, 1), (5, '?', 7, 2), (3, 4, 7, 1), (0, 2, 7, '?'), ('?', 0, 7, 3), ('?', 7, 7, 5), (5, 1, 7, 4), (3, '?', 7, 1), (4, 3, 7, 2), (6, 1, 7, 2), (6, 5, 7, 3), (6, '?', 7, 4), (5, 4, 7, 4), (1, 1, 7, 6), ('?', 0, 7, 1), ('?', 3, 7, 1), (5, 2, 7, 2), (6, 3, 7, 3), (5, 0, 7, 7), (5, 0, 7, 7), (3, 7, 7, 6), (2, 2, 7, 3), (7, 0, 7, 3), (7, 4, 7, 5), (2, 0, 7, '?'), (2, '?', 7, '?'), (7, 4, 7, '?'), (7, 2, 7, 4), (5, '?', 7, '?'), (0, 2, 7, 4), (2, 0, 7, 6), (6, 2, 7, 5), (2, 1, 7, 7), (4, 2, 7, 7), (4, 7, 7, 4), (7, 4, 7, 6), (5, 0, 7, 4), (5, 0, 7, 0), (0, 5, 7, 1), (7, 1, 7, 5), (5, 2, 7, 4), (0, 1, 7, 1), (0, 0, 7, 2), (3, 0, 7, 1), (4, 4, 7, 0), (1, '?', 7, 6), (5, 5, 7, 7), (5, 7, 7, 0), (3, 3, 7, 0), (0, 0, 7, 7), (0, 0, 7, 0), (6, 0, 7, 0), (4, 1, 7, 1), (5, 0, 7, 4), (7, 4, 7, 2), (0, 0, 7, 6), (4, 0, 7, 4), (1, 4, 7, 2), (0, '?', 7, '?'), (2, 6, 7, '?'), ('?', 0, 7, 3), (4, 1, 7, 6), (0, 0, 7, 3), (4, '?', 7, 1), (4, '?', 7, 7), (4, 1, 7, '?'), (3, 0, 7, 7), (2, 4, 7, 5), (7, 2, 7, '?'), (2, 2, 7, 2), (6, 2, 7, 6), ('?', '?', 7, 4), (5, 4, 7, 6), (5, '?', 7, 0), (3, 0, 7, '?'), (3, 3, 7, 3), (4, 1, 7, 3), (0, 2, 7, 4), (5, 1, 7, 2), (7, 7, 7, 3), (5, 4, 7, 4), (7, 0, 7, 4), (6, 4, 7, 3), (3, '?', 7, '?'), (2, 4, 7, 3), ('?', 7, 7, 5), (3, 2, 7, 3), (4, 1, 7, 6), (0, 1, 7, 0), ('?', 5, 7, 1), (2, 0, 7, 7), (2, '?', 7, 0), (6, 1, 7, 7), (5, 1, 7, 5), (1, '?', 7, 3), (7, 2, 7, 6), (4, 2, 7, 5), (2, 3, 7, 3), (3, 7, 7, 7), ('?', 1, 7, 6), ('?', '?', 7, 7), ('?', '?', 7, 4), (7, 2, 7, 2), ('?', 0, 7, 1), (6, 2, 7, 6), (1, 5, 7, '?'), (7, 3, 7, 6), (7, 2, 7, '?'), (6, 4, 7, 5), ('?', 1, 7, 1), (5, '?', 7, 4), (3, 1, 7, 2), (0, 0, 7, 4), (3, 0, 7, 0), (6, 4, 7, '?'), (4, 3, 7, 2), (2, 3, 7, 3), (6, 3, 7, 6), (6, 0, 7, 0), (1, 2, 7, 5), (6, 0, 7, 6), (7, 2, 7, 1), (4, 3, 7, 7), (7, 0, 7, 0), (0, 4, 7, 7), (4, 0, 7, 4), (4, 4, 7, 7), (6, 1, 7, 7), (3, 3, 7, 0), (2, 2, 7, '?'), (4, '?', 7, 1), (7, 2, 7, 1), (5, '?', 7, 3), (2, 4, 7, 2), (7, 2, 7, 4), (0, '?', 7, '?'), (5, 2, 7, 6), (5, 1, 7, 7), (1, '?', 7, 4), (5, '?', 7, '?'), (0, 1, 7, 5), ('?', 2, 7, 6), (5, 1, 7, 0), (4, 0, 7, 5), (7, 4, 7, 3), (7, 0, 7, 1), (0, 2, 7, 4), (6, 2, 7, 2), (1, 7, 7, 5), (2, 3, 7, '?'), (0, 2, 7, 7), (2, 7, 7, 0), (6, 4, 7, 4), (3, 2, 7, 1), (1, '?', 7, 3), (5, 7, 7, 4), (2, 7, 7, 0), ('?', 7, 7, 5), ('?', 3, 7, '?'), (0, 3, 7, 3), (6, 0, 7, 0), (0, 3, 7, 3), (5, 0, 7, 5), (5, 4, 7, 4), (7, '?', 7, 6), (1, 5, 7, 4), (2, '?', 7, 2), (4, '?', 7, 2), (5, 7, 7, 0), (2, '?', 7, 0), (5, 2, 7, 7), (2, 0, 7, '?'), (6, 0, 7, 0), (7, '?', 7, 3), (6, 0, 7, 1), (5, 2, 7, 6), (6, 3, 7, 2), (3, 0, 7, 2), (3, 3, 7, 3), (6, 4, 7, 6), (4, 0, 7, 3), (6, 5, 7, 5), (1, 4, 7, 1), (4, '?', 7, 2), (4, 4, 7, 2), (7, 1, 7, 5), (2, 0, 7, 3), (6, 2, 7, '?'), (5, 7, 7, 5), (7, '?', 7, 7), (5, '?', 7, 4), (4, 1, 7, 0), (4, 0, 7, 6), (4, 4, 7, 7), (4, 0, 7, 1), (2, 0, 7, 3), (4, 0, 7, 5), (7, 0, 7, 3), (4, 0, 7, 4), (7, 4, 7, 5), (1, 1, 7, 1), (3, '?', 7, 3), (2, 0, 7, 2), (1, 7, 7, 6), ('?', 2, 7, '?'), (2, 4, 7, 4), (2, 2, 7, 6), (5, 4, 7, 7), (7, 7, 7, 1), (0, 4, 7, '?'), (2, '?', 7, 5), (4, 4, 7, '?'), (0, 2, 7, 1), (2, 0, 7, 6), (6, 5, 7, 3), ('?', 4, 7, 4), (0, 0, 7, 6), ('?', 3, 7, '?'), ('?', '?', 7, 0), (1, 3, 7, '?'), (4, 3, 7, 1), (7, 2, 7, 2), (7, 4, 7, 4), (2, 4, 7, 0), (6, 3, 7, 4), (3, 4, 7, '?'), (7, 3, 7, 2), (2, 1, 7, 7), ('?', 2, 7, 6), (2, 3, 7, 7), (4, 0, 7, 3), (6, 2, 7, 1), (3, 7, 7, 1), (2, 6, 7, 5), (3, 2, 7, 2), (5, 0, 7, 6), (3, 1, 7, 2), (2, 4, 7, '?'), (7, 2, 7, 2), ('?', '?', 7, 5), (5, 0, 7, '?'), (5, 5, 7, 4), (7, 4, 7, 6), (5, '?', 7, 1), (0, 2, 7, 7), (5, 1, 7, 0), (2, 0, 7, 4), (5, 2, 7, 3), (5, 4, 7, 4), (5, 3, 7, 4), (4, 1, 7, 4), (5, '?', 7, 2), (6, 1, 7, 4), (6, 4, 7, 5), (4, 4, 7, 0), (1, '?', 7, 7), (4, '?', 7, '?'), (7, 4, 7, 5), (6, '?', 7, 4), (3, 2, 7, 1), (7, 2, 7, 7), (3, 7, 7, 0), (7, '?', 7, 7), (2, 6, 7, '?'), (5, 0, 7, 0), (5, 5, 7, '?'), (5, 1, 7, 0), (1, 7, 7, '?'), (7, '?', 7, 0), (3, 3, 7, 2), (4, 5, 7, '?'), (4, 5, 7, '?'), (5, 1, 7, 5), (3, '?', 7, 6), (4, 4, 7, 6), (3, 7, 7, '?'), (3, '?', 7, 0), (0, 2, 7, 0), (6, 7, 7, 6), (0, 0, 7, '?'), (1, 5, 7, 6), (6, 0, 7, 5), (1, 0, 7, 2), (7, 1, 7, 7), ('?', 1, 7, 1), (6, 7, 7, 5), (3, 1, 7, 2), (1, 4, 7, 5), (5, 7, 7, 0), (4, 3, 7, 3), (7, 2, 7, 4), (4, 0, 7, 5), (7, 0, 7, '?'), (3, 4, 7, 0), (5, '?', 7, 4), (6, 2, 7, 7), (4, 1, 7, 1), (6, 0, 7, 0), (7, 0, 7, '?'), (5, 5, 7, 3), (1, 5, 7, 3), (6, 5, 7, '?'), (0, 2, 7, 0), (5, 1, 7, 4), (7, 7, 7, 3), (4, '?', 7, 0), (2, 4, 7, 1), ('?', 4, 7, 1), (5, 3, 7, 0), (6, 1, 7, 7), (3, 2, 7, 2), (3, 1, 7, 6), (1, 2, 7, 5), (5, 2, 7, 7), ('?', '?', 7, 4), (4, '?', 7, '?'), (5, 5, 7, 7), (7, 3, 7, 0), (1, 2, 7, 5), ('?', 7, 7, 1), (4, 1, 7, 5), (2, 4, 7, 3), (3, 4, 7, 1), (1, 2, 7, 7), (7, 3, 7, 0), (2, 0, 7, 0), (4, 0, 7, '?'), (6, 3, 7, 6), ('?', 0, 7, 1), ('?', 1, 7, 7), (0, 2, 7, 2), (4, '?', 7, 2), (5, 2, 7, '?'), (6, 2, 7, '?'), (0, 0, 7, '?'), (6, 5, 7, 5), (0, 2, 7, 2), (5, '?', 7, 6), (7, 3, 7, 1), ('?', 0, 7, 4), (7, '?', 7, 0), (0, '?', 7, 7), (1, '?', 7, 2), (1, 1, 7, 1), (6, 2, 7, 5), (6, 7, 7, 6), (3, 7, 7, 6), (1, 0, 7, '?'), (7, '?', 7, '?'), ('?', 0, 7, 4), (2, 2, 7, 5), (4, 7, 7, 0), ('?', 4, 7, 5), (4, 0, 7, '?'), (6, 0, 7, 7), (2, 0, 7, 2), (1, '?', 7, 7), (5, 7, 7, 5), ('?', 4, 7, 6), (6, 4, 7, 3), (1, 7, 7, 1), (5, '?', 7, 7), (0, 1, 7, 7), ('?', 2, 7, 6), ('?', '?', 7, 0), (3, 2, 7, 3), (1, 7, 7, 6), (5, '?', 7, 3), (2, 1, 7, 4), (3, 7, 7, 0), ('?', 4, 7, 5), (0, 0, 7, 3), ('?', 6, 7, 6), (3, 1, 7, 6), (5, 5, 7, 3), (3, 0, 7, 4), (6, 0, 7, 7), (3, 7, 7, 5), (6, 0, 7, 1), (2, '?', 7, '?'), (4, 4, 7, 5), (5, 1, 7, 7), (4, 4, 7, 7), (4, 3, 7, 7), (0, 1, 7, 1), (0, 4, 7, 6), ('?', 4, 7, 6), (3, 0, 7, 5), ('?', 0, 7, 3), (5, '?', 7, 4), (1, 4, 7, 3), ('?', 0, 7, 3), (1, 0, 7, 2), (6, 2, 7, 1), (3, 7, 7, 7), (0, 2, 7, 2), (1, 2, 7, 5), (0, 1, 7, 4), (5, 2, 7, '?'), (4, 0, 7, '?'), (2, 4, 7, 2), (2, 3, 7, 0), (7, 3, 7, 1), (2, 3, 7, 0), (7, 3, 7, 3), (2, '?', 7, 3), (7, 1, 7, 7), (1, 7, 7, 1), ('?', 3, 7, 1), (1, 4, 7, 1), (4, 1, 7, 7), (1, 0, 7, 5), (7, 4, 7, 2), (7, 3, 7, 3), (2, 4, 7, 6), (0, 0, 7, 6), (5, 0, 7, '?'), (7, 1, 7, 6), (4, 5, 7, 1), (5, '?', 7, 1), (4, '?', 7, 0), (0, 2, 7, 7), (5, 1, 7, 4), ('?', 0, 7, 1), (2, '?', 7, 4), (3, 0, 7, 4), (1, 2, 7, 5), (1, '?', 7, 3), (3, 2, 7, '?'), (1, 0, 7, 4), (6, '?', 7, 2), (4, 5, 7, 0), ('?', 4, 7, '?'), (2, 7, 7, 3), (2, 4, 7, 1), (1, 4, 7, 2), (6, 5, 7, 6), (2, 1, 7, 6), (1, 0, 7, 5), (5, 1, 7, 2), (2, 1, 7, 4), (4, 4, 7, 0), (4, 5, 7, 0), (3, 0, 7, 7), (0, 5, 7, 1), (5, 5, 7, 7), (5, 2, 7, 5), ('?', 2, 7, 4), ('?', 1, 7, 7), (4, 5, 7, 3), (2, 0, 7, 3), (5, 5, 7, 0), (5, 5, 7, 2), (7, 3, 7, 0), (2, 2, 7, 0), (4, 2, 7, 5), (5, 7, 7, 5), (2, 2, 7, 6), (4, 1, 7, 1), (3, 4, 7, '?'), (6, '?', 7, 7), ('?', 2, 7, 4), (4, 4, 7, 2), ('?', '?', 7, 7), (4, 1, 7, 5), (3, 3, 7, 6), ('?', 2, 7, 0), (3, 1, 7, 4), (3, 0, 7, 0), (0, '?', 7, 7), ('?', 6, 7, 4), (0, 0, 7, '?'), (6, 4, 7, 6), (3, '?', 7, '?'), (5, 3, 7, 0), (6, 4, 7, 1), ('?', 4, 7, 5), (4, '?', 7, 1), (4, 5, 7, 3), (5, 4, 7, '?'), (0, 0, 7, '?'), (5, 4, 7, 4), (2, '?', 7, 6), (3, '?', 7, 1), (3, 0, 7, 7), (4, 1, 7, 0), (2, '?', 7, 3), (5, '?', 7, 3), (2, 1, 7, 7), (6, 4, 7, 4), (6, 0, 7, '?'), ('?', 2, 7, 0), (2, 2, 7, 6), (7, 1, 7, 7), (7, 4, 7, 5), (1, '?', 7, 7), (5, 4, 7, '?'), (5, 2, 7, 3), (5, 4, 7, 5), (6, 4, 7, 0), ('?', 2, 7, 5), (5, 2, 7, 0), (4, 7, 7, 0), (7, 2, 7, 6), (1, '?', 7, 1), (6, 2, 7, 0), (2, 4, 7, 5), (0, '?', 7, 3), (2, 0, 7, 0), (3, 3, 7, 5), (6, 3, 7, 6), (0, 0, 7, 5), (2, 0, 7, '?'), ('?', 1, 7, 4), (6, 4, 7, 1), (6, 1, 7, 6), (1, 4, 7, 4), (2, 3, 7, 3), (7, 3, 7, 2), (6, 7, 7, 6), (3, 7, 7, 6), (2, 0, 7, 5), (3, 7, 7, 4), (1, 0, 7, 5), (1, 7, 7, 5), (3, '?', 7, 3), (3, 2, 7, '?'), (3, 0, 7, 3), (1, 7, 7, 4), (3, 4, 7, 3), (3, 0, 7, 6), (3, 0, 7, 5), (4, 7, 7, 4), (7, 4, 7, 3), (1, 5, 7, 3), (7, 7, 7, '?'), (7, 2, 7, 2), (3, 1, 7, 0), (2, 1, 7, 2), (6, 7, 7, 6), (4, 4, 7, 5), (7, 5, 7, 5), (7, 7, 7, 0), (4, 7, 7, 1), (1, 5, 7, 0), (7, 4, 7, 0), (4, 4, 7, 7), (3, 7, 7, 3), (3, 0, 7, 2), (1, 4, 7, 1), (4, 2, 7, 5), (3, 4, 7, 3), ('?', '?', 7, 0), (6, 7, 7, 0), (3, 3, 7, 3), (7, 3, 7, 2), (5, 3, 7, 0), (1, 0, 7, 2), (6, '?', 7, 2), (5, 1, 7, 3), (3, 3, 7, 0), (3, 7, 7, 4), (0, 3, 7, 7), (5, 1, 7, 6), (6, 2, 7, 5), (6, 1, 7, 2), (7, 2, 7, 2), (2, 7, 7, 6), (1, 7, 7, 0), (3, 4, 7, 0), (6, 5, 7, 5), (4, 1, 7, 4), (3, 1, 7, 2), (4, 1, 7, 0), (2, '?', 7, 4), (6, 3, 7, 1), (4, 5, 7, 1), (5, 0, 7, 6), (5, '?', 7, 1), (5, '?', 7, 3), (1, 5, 7, 5), (1, 5, 7, 3), (6, 6, 7, 4), (6, 1, 7, 4), (6, 4, 7, 6), (4, 4, 7, 6), ('?', 0, 7, 0), (5, '?', 7, 4), (1, '?', 7, 1), (5, '?', 7, 5), (3, '?', 7, 1), (0, 2, 7, 6), (2, 0, 7, 0), (2, 4, 7, 7), (5, 3, 7, 0), (3, 7, 7, 4), (3, 2, 7, 1), (7, 4, 7, 4), (6, 4, 7, 7), ('?', 3, 7, 7), (2, 4, 7, 5), (7, '?', 7, 0), (2, 4, 7, 7), (7, 0, 7, 0), (7, 5, 7, 5), (6, 7, 7, 0), (6, 1, 7, 7), (3, 4, 7, 7), (1, 4, 7, '?'), (1, 5, 7, 6), (7, '?', 7, '?'), (2, 0, 7, 6), (6, 5, 7, 5), (7, 1, 7, 5), (6, 7, 7, 0), (7, 2, 7, 3), (4, '?', 7, 0), (2, '?', 7, 5), ('?', 4, 7, 2), (0, 0, 7, 4), (7, 3, 7, 0), (5, 5, 7, 4), (0, 0, 7, 2), (2, 4, 7, 2), (2, 3, 7, 0), (6, 7, 7, 3), (2, 6, 7, '?'), (6, '?', 7, 3), ('?', 3, 7, 3), (3, 1, 7, 5), (1, 7, 7, 4), (1, 2, 7, 7), (6, 0, 7, 2), (6, 0, 7, 2), (5, 1, 7, 0), (6, 2, 7, 6), (4, 1, 7, 2), (1, 4, 7, 4), (6, 0, 7, 5), (5, 0, 7, 0), (1, 1, 7, 7), (2, 3, 7, 3), (3, 1, 7, 4), ('?', 2, 7, '?'), (2, '?', 7, 0), (0, 5, 7, 1), (4, 0, 7, 6), (0, '?', 7, 1), (6, 4, 7, 5), (0, 2, 7, 7), (0, '?', 7, 1), (3, 4, 7, 7), (4, 0, 7, 3), (3, 7, 7, 0), (7, 2, 7, 7), ('?', 2, 7, 6), (6, 0, 7, 6), (0, 4, 7, '?'), (1, '?', 7, 3), (5, 1, 7, 3), (7, 2, 7, 7), (2, '?', 7, 3), (3, 1, 7, 0), (2, 4, 7, 7), ('?', 0, 7, 5), (7, 0, 7, 1), (3, 1, 7, 7), (3, 0, 7, 1), (6, 5, 7, 1), (2, 3, 7, 7), (2, 0, 7, 2), (7, 2, 7, 4), (3, 4, 7, 6), (3, '?', 7, 6), (1, 4, 7, 2), (3, 4, 7, '?'), (5, 4, 7, 3), (5, 7, 7, 5), (7, 2, 7, 2), ('?', '?', 7, 3), (3, '?', 7, 1), ('?', 4, 7, 3), (5, 7, 7, 3), ('?', '?', 7, 3), (4, 7, 7, 4), (5, 5, 7, 0), (7, 2, 7, 4), ('?', 1, 7, 5), (5, 2, 7, 6), (7, '?', 7, 3), ('?', '?', 7, 7), (4, 3, 7, 1), (2, '?', 7, '?'), (7, 1, 7, 7), (7, 3, 7, 6), ('?', 2, 7, 3), (5, 3, 7, '?'), (2, 2, 7, 3), (0, '?', 7, 3), (4, 0, 7, 5), (3, 1, 7, 2), (6, 1, 7, '?'), (6, '?', 7, 2), (0, 4, 7, 6), (5, 2, 7, 6), (3, 0, 7, 1), (3, 7, 7, 3), (2, '?', 7, 5), (6, 2, 7, 6), ('?', 1, 7, '?'), (6, '?', 7, 7), (1, 5, 7, 4), (5, 4, 7, 7), (1, '?', 7, 7), (0, '?', 7, 0), ('?', 1, 7, 0), (6, 3, 7, 5), (1, '?', 7, 4), ('?', '?', 7, 6), (5, 3, 7, 0), (0, 0, 7, 1), (1, '?', 7, 4), ('?', 4, 7, 4), (3, 2, 7, '?'), (1, 4, 7, 4), (7, '?', 7, 0), ('?', 0, 7, 0), (1, 1, 7, 2), (4, 1, 7, '?'), (5, 0, 7, 0), (3, 4, 7, 0), (4, 1, 7, 6), ('?', 0, 7, 0), (2, 1, 7, 2), (3, 0, 7, 7), (1, 1, 7, 2), (1, 0, 7, 2), (5, '?', 7, 4), (5, 7, 7, 3), (1, 7, 7, 1), (6, 2, 7, '?'), (2, 4, 7, 4), (3, 0, 7, 4), (3, 1, 7, 5), (0, 0, 7, 0), (2, 0, 7, '?'), (7, 3, 7, 1), (7, '?', 7, 6), (1, 2, 7, 5), ('?', 7, 7, 5), ('?', 6, 7, 4), (7, 7, 7, 3), (1, '?', 7, 3), (0, 1, 7, 1), (6, 4, 7, 5), (4, 0, 7, 6), (7, 2, 7, 3), (5, 3, 7, '?'), (4, 3, 7, 7), (7, 2, 7, 2), (1, 5, 7, 5), (1, 0, 7, 1), (1, 3, 7, 3), (4, 0, 7, 3), (5, 3, 7, 1), (1, 2, 7, 7), (2, 6, 7, 6), (6, 3, 7, 2), (6, 3, 7, 1), (3, 3, 7, 5), (3, 7, 7, 0), (3, '?', 7, 6), (7, 5, 7, 1), (3, 4, 7, 6), (0, '?', 7, 6), ('?', 2, 7, '?'), (6, 4, 7, 3), (5, 4, 7, 6), (4, 0, 7, 4), (2, 1, 7, 6), (5, '?', 7, 7), (4, '?', 7, 6), (2, 1, 7, 7), (1, 0, 7, 5), (7, 3, 7, 6), (6, 4, 7, 3), (5, 7, 7, 0), (4, 0, 7, 5), (5, 5, 7, '?'), (1, 4, 7, 4), (4, 4, 7, '?'), (6, 0, 7, 6), (0, 3, 7, 3), (0, 0, 7, 6), (4, 4, 7, 2), (2, 2, 7, 0), ('?', 2, 7, '?'), (2, 2, 7, 2), (3, 0, 7, 5), ('?', 3, 7, 7), (1, '?', 7, 0), (3, 4, 7, 3), (5, 7, 7, '?'), (1, 1, 7, 6), (6, 0, 7, 6), (6, 1, 7, 1), (7, 0, 7, 2), (2, 1, 7, 4), (2, 4, 7, 6), (0, 2, 7, 0), (6, 3, 7, '?'), (4, 3, 7, 3), (6, 0, 7, 1), (3, 1, 7, 1), (6, 3, 7, '?'), (1, 7, 7, 0), (6, 5, 7, 5), (5, 4, 7, 0), (2, 2, 7, 0), (3, 7, 7, 7), (4, 1, 7, 3), (5, 4, 7, 7), (3, 0, 7, 6), (1, 0, 7, '?'), (6, 5, 7, 6), (1, 2, 7, '?'), ('?', 2, 7, '?'), (2, 1, 7, 1), (4, 4, 7, 0), (6, 1, 7, 7), (7, 7, 7, 0), (5, 1, 7, 0), (2, 4, 7, 0), (7, 4, 7, 6), (2, 4, 7, 1), (1, 7, 7, 1), (7, 1, 7, 7), (2, 6, 7, '?'), (2, 4, 7, '?'), (6, 1, 7, '?'), (0, 0, 7, 5), (6, 0, 7, 5), (6, '?', 7, 7), (6, 4, 7, 5), (6, 4, 7, 3), (2, 1, 7, 3), (4, 6, 7, 4), (4, 1, 7, 4), (0, 1, 7, 5), (3, 4, 7, 1), (6, 2, 7, 6), (6, 3, 7, 3), (5, 2, 7, 7), ('?', 4, 7, 5), (7, 7, 7, '?'), (6, 4, 7, 6), ('?', '?', 7, 5), (5, '?', 7, 6), (3, 3, 7, 3), (3, 7, 7, 6), (3, 7, 7, '?'), (3, 1, 7, 5), (5, 2, 7, 7), (2, 3, 7, '?'), (5, 5, 7, 1), (6, 0, 7, 4), (1, 2, 7, 7), (7, 4, 7, 3), (4, 4, 7, 7), (5, 3, 7, 1), (0, 4, 7, 0), (7, 7, 7, 1), (3, '?', 7, 5), (1, 5, 7, 0), (1, 4, 7, 5), (6, 0, 7, 0), ('?', 2, 7, 6), (0, 4, 7, 7), (3, 7, 7, 3), ('?', 3, 7, 2), (1, 0, 7, 2), ('?', 0, 7, 6), (5, 5, 7, 6), (7, 0, 7, '?'), (4, 1, 7, 7), (0, 2, 7, 1), (1, 3, 7, 3), ('?', '?', 7, 5), ('?', '?', 7, 6), (7, 0, 7, 1), ('?', '?', 7, 6), (0, 4, 7, 7), (0, '?', 7, 6), (0, 1, 7, 4), (1, 4, 7, 4), (5, 7, 7, 3), (6, 2, 7, 7), (2, 0, 7, 7), (2, 0, 7, 7), (0, 0, 7, 0), (3, 2, 7, 0), (3, 0, 7, 6), (6, '?', 7, 6), (3, 0, 7, 0), ('?', 2, 7, 3), (6, 0, 7, 0), (4, 7, 7, 0), (7, 0, 7, 7), (5, 2, 7, 2), (6, 5, 7, 5), ('?', 0, 7, 0), (0, 2, 7, '?'), (5, 0, 7, 0), ('?', 1, 7, 1), (0, 1, 7, 6), (3, '?', 7, 0), (5, 1, 7, 7), (6, 3, 7, 4), (2, 0, 7, 7), (0, 4, 7, '?'), (4, 4, 7, 2), ('?', 2, 7, 0), (4, 7, 7, '?'), (3, '?', 7, 1), (6, '?', 7, 7), (4, 1, 7, 6), ('?', 4, 7, 1), ('?', 3, 7, 3), (3, 1, 7, 7), (0, 1, 7, 4), (0, 5, 7, 1), (0, 5, 7, 6), (4, 4, 7, '?'), (7, 0, 7, 2), (1, 7, 7, 1), (6, 3, 7, 1), (6, 4, 7, 0), (6, 7, 7, 6), (3, 0, 7, 7), (1, 4, 7, 5), (0, 1, 7, 6), (3, 4, 7, '?'), (3, 7, 7, 7), ('?', 3, 7, '?'), (5, 0, 7, 4), (1, 5, 7, '?'), (4, '?', 7, 6), (4, '?', 7, 7), (7, '?', 7, 3), (3, 0, 7, 1), (2, 1, 7, 4), (7, 1, 7, 5), (0, '?', 7, '?'), ('?', 2, 7, 2), (2, 1, 7, 2), (5, 5, 7, '?'), (5, 5, 7, 1), (4, 5, 7, 1), (6, '?', 7, 7), (0, 2, 7, 0), (0, 2, 7, 6), ('?', '?', 7, 7), (0, 2, 7, '?'), (7, 4, 7, 2), (5, 4, 7, 1), (2, 3, 7, '?'), (6, 4, 7, 2), (2, 6, 7, '?'), (3, 0, 7, 1), (2, 6, 7, 4), (7, 4, 7, '?'), (1, '?', 7, 1), (0, '?', 7, 6), (2, 1, 7, '?'), (5, 4, 7, 5), (7, 2, 7, 3), ('?', 0, 7, '?'), (6, 1, 7, 1), (4, 0, 7, '?'), (2, 1, 7, 3), (6, 3, 7, 3), (4, 3, 7, 7), ('?', '?', 7, 7), (6, '?', 7, 0), (5, 0, 7, 4), ('?', 7, 7, 4), ('?', 4, 7, '?'), (3, 4, 7, '?'), (3, 7, 7, 1), ('?', 3, 7, 5), (7, 5, 7, 5), (2, '?', 7, 0), (5, 1, 7, 6), ('?', 5, 7, 2), ('?', 1, 7, 6), (7, 4, 7, 2), (4, 4, 7, 7), (2, '?', 7, 4), (4, 5, 7, 1), ('?', '?', 7, 0), (4, '?', 7, 1), (3, 7, 7, 7), (2, 6, 7, 6), (5, 5, 7, 0), (2, 2, 7, 4), (5, '?', 7, 2), (6, 4, 7, 0), (3, 0, 7, 2), (1, 0, 7, 5), (2, 2, 7, '?'), (6, '?', 7, 1), ('?', 2, 7, 2), (3, '?', 7, 3), (2, 2, 7, 0), (3, 3, 7, 3), (1, '?', 7, '?'), (1, 4, 7, 2), (3, 3, 7, 5), (2, 1, 7, '?'), (3, 4, 7, 3), (0, 4, 7, '?'), (1, 2, 7, '?'), (5, 5, 7, 4), (3, 4, 7, 6), (7, '?', 7, 0), (3, 4, 7, 7), (3, 1, 7, 5), ('?', 3, 7, 2), (5, 5, 7, 1), (6, 0, 7, 4), (3, 1, 7, 4), (7, 3, 7, 0), (5, '?', 7, 2), (3, 3, 7, 2), ('?', 0, 7, 1), (3, 7, 7, 1), (1, 3, 7, '?'), (6, '?', 7, 2), (3, 3, 7, 5), (7, '?', 7, 0), (5, 1, 7, 3), (3, 4, 7, 4), (3, 2, 7, '?'), (5, 4, 7, 0), (3, 4, 7, 6), (2, 6, 7, 1), ('?', 4, 7, 3), (5, 2, 7, '?'), (2, 4, 7, 3), (3, 1, 7, 4), (5, 2, 7, '?'), (5, 2, 7, 0), (2, 1, 7, 7), (1, '?', 7, 0), (0, 1, 7, 3), ('?', 1, 7, 2), (0, 3, 7, 7), (7, 3, 7, 6), (7, '?', 7, 0), (7, 4, 7, 3), (7, 1, 7, 5), (3, 3, 7, 0), (5, 7, 7, 4), (4, '?', 7, 0), ('?', 1, 7, 6), ('?', 1, 7, 2), ('?', 1, 7, '?'), (6, 5, 7, 6), (2, 6, 7, '?'), (5, 2, 7, 5), (6, 7, 7, 3), (7, 4, 7, 3), (5, 4, 7, 0), (2, 2, 7, 4), (1, 7, 7, 1), (2, 3, 7, '?'), (6, 7, 7, 7), (6, 1, 7, 6), (7, 4, 7, '?'), (3, '?', 7, 5), (5, 5, 7, 6), (1, 5, 7, 6), (4, 0, 7, 1), (0, 3, 7, 7), (6, 7, 7, '?'), (3, 4, 7, '?'), (1, 0, 7, 2), ('?', 0, 7, 5), (0, 0, 7, 4), (1, '?', 7, 6), (3, 3, 7, 6), ('?', '?', 7, 6), (1, 1, 7, 1), (2, 1, 7, 4), (3, '?', 7, 6), (4, 0, 7, 1), (6, 0, 7, '?'), (7, 7, 7, 7), (1, '?', 7, '?'), (5, 7, 7, 4), (4, 7, 7, 7), (0, 1, 7, 3), (7, 2, 7, 1), ('?', 1, 7, 4), (4, 3, 7, 5), (3, 0, 7, 1), (4, 3, 7, 5), (1, '?', 7, 2), (6, 2, 7, 7), (2, '?', 7, '?'), (2, 4, 7, 5), (6, 0, 7, 6), ('?', 2, 7, 5), (2, '?', 7, 6), (5, 7, 7, 2), (6, 0, 7, 2), (7, 2, 7, 6), (6, '?', 7, 1), (1, 7, 7, 0), (7, 0, 7, 7), (7, 7, 7, 7), (2, 2, 7, '?'), (4, 4, 7, 0), (2, 2, 7, 6), (6, 2, 7, 2), (2, 0, 7, 4), (1, 5, 7, 5), (3, 1, 7, 2), (1, '?', 7, '?'), (2, 1, 7, 6), (6, 4, 7, 4), (5, 0, 7, 0), ('?', 4, 7, 3), ('?', 1, 7, 7), (3, 4, 7, 6), (2, 6, 7, 4), (2, 2, 7, 5), (7, 4, 7, 0), (6, 7, 7, '?'), (6, 0, 7, '?'), (4, 1, 7, 1), (3, 7, 7, '?'), (3, 4, 7, '?'), (2, '?', 7, 0), (1, 0, 7, 2), (4, 0, 7, 1), (0, 0, 7, 3), (6, '?', 7, 7), (5, 2, 7, 5), ('?', 4, 7, 6), ('?', 1, 7, '?'), (5, 4, 7, 3), (0, '?', 7, '?'), (0, 2, 7, 6), (7, 2, 7, 7), ('?', 0, 7, 6), (1, 4, 7, 5), (3, 3, 7, 3), (4, 0, 7, 4), (1, 6, 7, 4), ('?', 2, 7, 3), (3, 0, 7, 0), ('?', 7, 7, '?'), (3, 6, 7, 6), ('?', 4, 7, 1), (2, 4, 7, 0), (6, 1, 7, 6), ('?', 1, 7, 2), (4, 4, 7, 6), (1, 1, 7, 4), (1, 4, 7, 3), (6, 1, 7, '?'), (5, 7, 7, 3), ('?', 3, 7, 1), ('?', 2, 7, 6), (0, 2, 7, '?'), (6, 4, 7, '?'), (6, 4, 7, '?'), (5, 4, 7, 6), (4, 3, 7, 3), (1, 7, 7, 6), (4, 0, 7, 4), (1, 0, 7, 5), (6, 0, 7, 2), ('?', 1, 7, 6), (0, '?', 7, 3), (2, 0, 7, 5), (3, 1, 7, 0), (7, 4, 7, 4), (7, 7, 7, 1), (2, 7, 7, 3), (5, 0, 7, 5), (3, 0, 7, 0), (3, 0, 7, 4), (6, 3, 7, 4), (5, 2, 7, 2), ('?', 4, 7, 6), (2, '?', 7, 5), (2, 0, 7, 4), (0, 4, 7, '?'), (1, 7, 7, 0), (7, '?', 7, 6), ('?', 7, 7, 0), ('?', 0, 7, 5), (6, 5, 7, 1), (4, 5, 7, 0), (3, 4, 7, 0), ('?', 2, 7, 3), (3, 0, 7, 1), (1, '?', 7, 2), (6, 4, 7, 4), (1, 5, 7, 6), (4, 1, 7, 3), (0, 0, 7, 1), (2, 7, 7, 3), (7, '?', 7, '?'), (2, 6, 7, 4), (3, 1, 7, 6), ('?', 2, 7, 6), (6, 4, 7, 1), (2, 7, 7, 3), (4, 4, 7, 7), (0, 2, 7, 2), (2, 1, 7, '?'), (4, 4, 7, 5), (3, 4, 7, 1), (7, 0, 7, 1), (6, 7, 7, 0), (4, 7, 7, 2), (6, 0, 7, 5), (6, 5, 7, 3), (3, 0, 7, 4), (5, '?', 7, 4), (7, 0, 7, 7), (1, 2, 7, 2), (6, 1, 7, '?'), (6, '?', 7, 4), ('?', 4, 7, 2), (0, 2, 7, 2), (2, 4, 7, 7), ('?', '?', 7, 0), (7, 2, 7, 3), (1, 2, 7, 0), (6, 2, 7, 2), (3, 7, 7, 3), (3, 1, 7, 2), ('?', 1, 7, 1), (0, '?', 7, 4), (3, '?', 7, 3), (2, 7, 7, 5), (5, 0, 7, '?'), (1, 0, 7, 5), (7, 0, 7, 4), (0, 0, 7, '?'), ('?', 0, 7, 6), (1, 5, 7, 0), ('?', 3, 7, 2), (2, 4, 7, 4), ('?', 2, 7, 2), (2, '?', 7, 3), (5, 3, 7, 5), (6, '?', 7, 6), (2, 2, 7, 4), (0, '?', 7, 0), (2, 4, 7, 1), (5, 1, 7, 7), (1, 2, 7, 0), (5, '?', 7, 3), (6, 0, 7, 7), (2, 4, 7, 6), (3, 4, 7, 6), ('?', 6, 7, 4), (0, 0, 7, 4), ('?', 6, 7, 5), ('?', 2, 7, 0), ('?', 3, 7, 3), (7, '?', 7, 0), ('?', 0, 7, 3), (2, '?', 7, '?'), (0, 2, 7, 1), (4, 3, 7, 3), (4, 7, 7, 1), ('?', 1, 7, 2), (3, 4, 7, '?'), ('?', 7, 7, 2), (3, 4, 7, 6), (5, 4, 7, 4), (4, 0, 7, 1), (2, '?', 7, 4), (5, '?', 7, 6), (7, 2, 7, 1), (1, 5, 7, 5), (4, '?', 7, 4), (2, 0, 7, 2), ('?', 2, 7, 5), (1, 1, 7, 6), (4, '?', 7, 4), (4, 3, 7, 7), ('?', 2, 7, 6), (3, '?', 7, 0), (5, 4, 7, 7), (1, 7, 7, 0), (2, 4, 7, 2), (6, 4, 7, 3), (3, 2, 7, 0), (2, '?', 7, 6), (7, 2, 7, '?'), (2, 4, 7, 4), (1, 7, 7, '?'), (2, 0, 7, 7), (5, 3, 7, 4), (3, 3, 7, 5), (4, 4, 7, 5), (1, 2, 7, '?'), ('?', 2, 7, 4), (3, 0, 7, '?'), (1, '?', 7, '?'), (2, 0, 7, 6), (7, 7, 7, 1), (3, 0, 7, 7), (2, 4, 7, 6), (4, 5, 7, 5), ('?', 2, 7, 6), (1, 1, 7, 2), (5, 4, 7, 1), ('?', '?', 7, 0), (2, 0, 7, 0), (3, 3, 7, 1), (3, 7, 7, 2), (4, 1, 7, 6), (3, 7, 7, 0), (4, '?', 7, '?'), (6, 5, 7, 0), (3, '?', 7, '?'), (7, 4, 7, '?'), (0, 1, 7, 7), (3, 0, 7, '?'), (7, '?', 7, '?'), (7, 2, 7, 1), (4, 1, 7, 1), ('?', 7, 7, '?'), ('?', 2, 7, 2), ('?', 2, 7, 4), (5, 1, 7, 7), ('?', 0, 7, 3), (1, '?', 7, 3), (2, 2, 7, 5), (0, '?', 7, 6), (0, 1, 7, 4), (1, 5, 7, 3), (3, 3, 7, 5), (7, '?', 7, 5), (7, 5, 7, 5), (0, '?', 7, 6), (6, 1, 7, 7), (1, 4, 7, 2), ('?', 0, 7, 5), (1, 1, 7, 3), (6, 0, 7, 5), (3, 1, 7, 1), (6, '?', 7, 4), ('?', 7, 7, 0), ('?', '?', 7, 5), ('?', 7, 7, 0), (5, '?', 7, 0), (3, 7, 7, 3), (5, 1, 7, 6), (6, 2, 7, 2), (1, '?', 7, '?'), (3, 4, 7, 3), (4, 1, 7, 4), (4, 1, 7, 7), (4, 7, 7, 0), (7, 7, 7, 7), (1, 6, 7, 2), (6, 0, 7, '?'), (7, 2, 7, 4), (4, 0, 7, '?'), (1, 0, 7, 2), (4, 4, 7, '?'), (1, '?', 7, 1), (4, 1, 7, 3), (1, 4, 7, 1), (1, 5, 7, 3), ('?', 3, 7, 3), (2, 7, 7, 2), ('?', 1, 7, 5), (0, 1, 7, 1), (0, 2, 7, 0), (1, '?', 7, 4), (0, 3, 7, '?'), (5, 4, 7, 3), (7, '?', 7, 7), (4, 7, 7, 1), (3, '?', 7, 3), (2, 2, 7, 4), (4, 5, 7, 5), (4, 3, 7, 4), (0, '?', 7, 3), (7, 3, 7, 4), (7, 4, 7, 4), (5, 1, 7, 4), (5, 7, 7, '?'), (1, 0, 7, 1), ('?', 0, 7, 3), (0, '?', 7, 4), (0, 0, 7, 7), (4, 7, 7, 1), (5, 0, 7, 6), (4, 7, 7, 6), (2, 0, 7, 3), (0, 1, 7, 3), (2, 6, 7, 5), (4, '?', 7, 2), (2, 4, 7, 6), (2, 4, 7, 1), (5, 0, 7, 4), (1, 7, 7, 0), (5, 0, 7, 4), ('?', 2, 7, 1), (2, '?', 7, 0), (1, 4, 7, '?'), ('?', 1, 7, 0), (3, 1, 7, 1), (1, '?', 7, 7), (5, 5, 7, '?'), (2, 2, 7, 4), (2, 1, 7, '?'), (3, 0, 7, 3), (6, 2, 7, 7), (6, 7, 7, 6), (1, 5, 7, 3), (1, '?', 7, '?'), (1, 1, 7, 1), (3, 3, 7, 7), (3, 3, 7, 0), ('?', 1, 7, 0), (2, 1, 7, 7), (2, 4, 7, 2), (5, 1, 7, 5), (4, 0, 7, 4), (6, 7, 7, 2), (1, 1, 7, 7), (1, 5, 7, 1), (7, 2, 7, 4), (5, '?', 7, 7), (5, 0, 7, 5), (4, '?', 7, 0), (6, 4, 7, 7), (4, 5, 7, 1), (0, '?', 7, '?'), (5, 4, 7, 5), (2, 0, 7, 3), ('?', 1, 7, 0), (2, 4, 7, '?'), (6, '?', 7, 6), (2, 0, 7, 6), (7, 0, 7, 4), (2, 4, 7, 4), (5, 4, 7, 6), ('?', 6, 7, 5), (3, 3, 7, 5), (4, 0, 7, 5), (5, 1, 7, 6), (5, 0, 7, 5), (2, 1, 7, 1), (6, 0, 7, 1), (1, 7, 7, '?'), (5, 7, 7, 4), ('?', 7, 7, 4), (7, '?', 7, 5), (1, 7, 7, 1), (5, '?', 7, 7), (2, 7, 7, 3), (0, 0, 7, 0), (2, '?', 7, 7), ('?', 0, 7, 6), ('?', 1, 7, 2), (7, 3, 7, 1), (3, 4, 7, 4), (3, 0, 7, 7), ('?', 4, 7, '?'), ('?', '?', 7, 3), (5, 1, 7, 3), (3, '?', 7, 0), (5, 3, 7, 0), (4, 7, 7, 6), (5, '?', 7, 1), ('?', 0, 7, 6), (0, '?', 7, 1), (6, 4, 7, 7), (0, '?', 7, 6), (6, '?', 7, 1), (6, '?', 7, 7), (2, 3, 7, 0), (5, 3, 7, 4), (1, 4, 7, 1), (2, 3, 7, 0), (1, '?', 7, 2), (5, 1, 7, 4), (5, '?', 7, 6), (4, 1, 7, 2), (2, 2, 7, 5), (2, 1, 7, 1), (2, '?', 7, 6), (2, 0, 7, 0), (0, 3, 7, 1), (7, 0, 7, 4), (0, 1, 7, 3), (3, 0, 7, 5), (1, 0, 7, 0), (7, 2, 7, 7), (2, 2, 7, 5), ('?', 1, 7, 5), (3, 1, 7, 6), (1, 4, 7, 4), (1, 2, 7, 2), (6, 4, 7, 0), (7, 7, 7, 1), (0, '?', 7, 3), ('?', 1, 7, 2), (7, 7, 7, 3), (6, 2, 7, 1), (6, 7, 7, 6), (6, 3, 7, 4), (1, 1, 7, 1), (0, 0, 7, 1), (6, 0, 7, 7), (3, 1, 7, 1), (4, 1, 7, 0), (6, '?', 7, 0), (3, 4, 7, 3), (3, 0, 7, 2), (2, 4, 7, '?'), (5, 0, 7, 7), (4, '?', 7, 2), ('?', 4, 7, 4), (4, 4, 7, 7), (5, 4, 7, '?'), (3, 4, 7, 1), (6, 4, 7, 2), (1, 5, 7, 5), (5, 3, 7, '?'), (0, '?', 7, '?'), (4, 4, 7, 2), (2, 1, 7, 7), (3, 4, 7, 4), (0, '?', 7, 0), (6, '?', 7, 4), (1, 4, 7, '?'), ('?', 4, 7, 6), (6, 5, 7, '?'), (0, 2, 7, 6), (0, 3, 7, '?'), (6, 5, 7, '?'), (3, 1, 7, 1), ('?', 0, 7, 0), (5, 1, 7, 6), (5, 7, 7, 0), (6, 2, 7, 6), (0, 0, 7, '?'), (3, 0, 7, '?'), (3, 1, 7, 5), (4, 4, 7, 6), (2, 4, 7, 4), (2, 4, 7, 0), ('?', 2, 7, 5), (5, 0, 7, 0), (4, '?', 7, 7), (6, 7, 7, '?'), (3, 0, 7, 7), (5, 1, 7, 0), (0, 0, 7, 6), (1, '?', 7, 0), (5, 4, 7, 0), (7, 4, 7, 0), (1, '?', 7, 0), (6, '?', 7, 3), (6, 0, 7, 4), (3, 7, 7, 4), (1, 0, 7, '?'), (5, 4, 7, 4), (4, 0, 7, '?'), (3, 3, 7, 6), (6, '?', 7, 3), (1, 4, 7, '?'), (3, 2, 7, '?'), (0, 0, 7, 5), ('?', 0, 7, 3), (5, 1, 7, 4), (2, 4, 7, 7), (2, 1, 7, 2), (1, 0, 7, '?'), (3, 0, 7, 6), (5, 5, 7, 3), (3, 7, 7, 2), ('?', '?', 7, 5), ('?', 1, 7, 4), (6, 2, 7, 1), (3, 4, 7, 1), (3, 0, 7, 1), (2, '?', 7, 2), (0, 1, 7, 5), (1, 4, 7, 1), (5, 5, 7, 0), (6, 5, 7, 3), (7, '?', 7, 5), (7, '?', 7, 7), (3, 0, 7, 5), (4, 1, 7, 2), (3, '?', 7, 5), ('?', 4, 7, 6), (2, 1, 7, 7), (5, '?', 7, 0), (3, '?', 7, 1), (5, '?', 7, 3), (7, '?', 7, 5), (2, 1, 7, 6), (2, 1, 7, 3), (0, '?', 7, 7), (6, 4, 7, 7), (1, '?', 7, 6), (5, 4, 7, 1), (5, 2, 7, 0), (7, 0, 7, 1), (7, 2, 7, '?'), ('?', '?', 7, 7), (0, '?', 7, 3), (7, 0, 7, 3), (6, 0, 7, '?'), (0, 0, 7, 4), (4, '?', 7, 0), ('?', 0, 7, '?'), ('?', 6, 7, 4), (4, 5, 7, 3), (0, 3, 7, '?'), (6, 2, 7, 7), (6, '?', 7, 4), (4, 4, 7, '?'), (3, 7, 7, 6), (5, 2, 7, 0), (4, 3, 7, 1), (5, 4, 7, 3), (7, '?', 7, 6), (5, 5, 7, 4), (2, 1, 7, 0), (2, 3, 7, 7), (5, '?', 7, 1), (5, 1, 7, 0), (7, '?', 7, '?'), (6, '?', 7, 3), (1, 1, 7, 3), (6, 7, 7, 0), (1, 1, 7, 4), (0, 4, 7, '?'), (3, 0, 7, 6), (5, 0, 7, 6), (3, 7, 7, 5), (0, 0, 7, 1), (3, 4, 7, 4), ('?', 4, 7, 5), ('?', 6, 7, 6), (0, 2, 7, 2), (5, 2, 7, 4), (6, 2, 7, 2), (5, 3, 7, 0), (6, 2, 7, 2), (2, 1, 7, 2), (1, 7, 7, '?'), (5, 0, 7, 5), (0, 4, 7, '?'), ('?', 2, 7, '?'), (2, 1, 7, '?'), ('?', 4, 7, '?'), (6, 4, 7, 2), (0, 5, 7, 1), (2, 4, 7, 4), (2, 6, 7, 5), (0, 1, 7, 5), (5, 2, 7, 2), (0, 0, 7, 7), (6, 3, 7, 1), (6, 3, 7, 2), (6, 2, 7, '?'), (2, 4, 7, 1), ('?', 3, 7, 4), (3, 1, 7, 5), (6, 7, 7, 7), (2, 0, 7, 4), (7, 2, 7, 4), (2, 3, 7, 7), (3, '?', 7, 3), (1, 5, 7, 0), (3, 0, 7, 2), (3, 1, 7, 4), (2, 0, 7, '?'), ('?', 0, 7, '?'), (0, 0, 7, 1), (3, 1, 7, 4), (6, 4, 7, 1), (0, 4, 7, 6), (3, 2, 7, 1), ('?', 2, 7, 5), (7, '?', 7, 5), ('?', 7, 7, 4), (4, 7, 7, 7), (2, 1, 7, '?'), (5, 2, 7, '?'), (4, 5, 7, '?'), (0, '?', 7, 6), (3, 7, 7, 0), (3, '?', 7, 6), (1, 2, 7, 2), (4, 3, 7, 3), (5, 2, 7, 7), (5, '?', 7, 1), (0, 4, 7, 7), (0, 2, 7, 4), ('?', 2, 7, 0), (1, 1, 7, 3), (1, 0, 7, 5), (1, 1, 7, 3), (7, 7, 7, 4), (4, 1, 7, '?'), (1, 4, 7, '?'), (2, 0, 7, 0), (1, 3, 7, 1), (3, 7, 7, 1), (0, 7, 7, 3), (6, 2, 7, 0), (2, 2, 7, 2), (6, 4, 7, 7), (7, 7, 7, 4), (2, 1, 7, 1), (5, 2, 7, 2), (3, 7, 7, 0), (1, 1, 7, 2), (3, 7, 7, 0), (3, 0, 7, 5), (5, 0, 7, 7), (7, 3, 7, 4), (3, 0, 7, 5), (3, 3, 7, 0), (2, 2, 7, 5), (5, 2, 7, 4), (2, 2, 7, 5), (4, 2, 7, '?'), ('?', 1, 7, '?'), ('?', '?', 7, 3), (4, 1, 7, 1), (6, 3, 7, 6), (5, 0, 7, '?'), ('?', 3, 7, 5), (1, 1, 7, 3), (3, 3, 7, 3), (5, '?', 7, 5), (7, 2, 7, '?'), (2, 6, 7, 5), (4, 5, 7, 1), (7, '?', 7, 7), (4, 0, 7, 1), (7, 4, 7, 3), (0, 0, 7, 5), (5, 2, 7, 3), (1, '?', 7, 0), (6, 0, 7, 4), ('?', 7, 7, 4), (3, '?', 7, 6), (4, '?', 7, 6), (5, 4, 7, 3), ('?', '?', 7, 6), (2, 4, 7, 7), (2, 6, 7, 7), (5, '?', 7, 6), (5, 5, 7, '?'), (6, '?', 7, 3), (0, 7, 7, 3), (4, 0, 7, 3), (0, 2, 7, 4), ('?', 4, 7, 3), (6, 3, 7, '?'), (7, '?', 7, 3), (4, 1, 7, 2), ('?', 2, 7, 4), ('?', 3, 7, 2), (2, 0, 7, '?'), (4, 3, 7, 1), (3, 0, 7, 2), (0, 5, 7, 5), (7, 3, 7, 1), ('?', 5, 7, 5), (1, 4, 7, '?'), (2, 7, 7, 6), (6, '?', 7, 1), (6, 1, 7, '?'), (2, 0, 7, 4), (1, '?', 7, 4), (5, 2, 7, 0), (5, 4, 7, 3), (2, '?', 7, 2), (3, 7, 7, 1), (6, '?', 7, 6), (2, 7, 7, 5), ('?', 7, 7, 5), ('?', 0, 7, 4), (6, 5, 7, 0), (6, 7, 7, 3), ('?', 0, 7, 6), (0, 0, 7, 6), (3, 3, 7, 0), (4, 5, 7, 0), (1, 4, 7, 1), ('?', '?', 7, 6), (2, 0, 7, 0), (2, 6, 7, 6), (1, 2, 7, 0), (5, '?', 7, 4), (0, '?', 7, 7), ('?', 4, 7, 3), (5, 7, 7, 4), (3, 0, 7, 3), (4, 5, 7, 1), (7, 7, 7, 0), (4, 7, 7, 3), (6, 3, 7, 3), (0, 2, 7, '?'), (0, '?', 7, 7), ('?', 0, 7, 5), (5, 3, 7, 7), (7, 0, 7, 3), (3, 3, 7, 7), (6, 2, 7, 7), (2, 6, 7, 1), ('?', 1, 7, '?'), (2, '?', 7, 0), (3, 4, 7, 0), (5, '?', 7, 5), (2, 2, 7, '?'), (3, 3, 7, 7), (6, 5, 7, 5), (6, 0, 7, 7), (6, 6, 7, '?'), (0, 1, 7, 5), (1, '?', 7, 4), (3, 1, 7, 7), (1, 0, 7, '?'), (4, 2, 7, 5), (4, 2, 7, 7), (3, 0, 7, 7), (3, 7, 7, 2), (6, 2, 7, 3), (4, 7, 7, 4), (4, '?', 7, 2), ('?', 7, 7, 1), (6, '?', 7, 2), (2, 1, 7, 1), (7, 4, 7, 0), (5, 2, 7, 5), ('?', 1, 7, 7), (3, 7, 7, '?'), (1, 4, 7, 4), (7, 7, 7, 7), ('?', 3, 7, '?'), (2, 7, 7, 3), (3, 4, 7, 3), (4, 7, 7, 1), (1, '?', 7, '?'), (3, 1, 7, 0), (4, 5, 7, '?'), (2, 2, 7, 6), (0, 4, 7, 7), (7, 7, 7, 6), ('?', 3, 7, 3), (4, 4, 7, '?'), (5, 1, 7, 0), (0, '?', 7, 7), (4, 1, 7, 3), (5, 5, 7, 1), (2, 0, 7, 4), (0, 4, 7, '?'), (6, 3, 7, 6), (3, 4, 7, 1), (5, 4, 7, 3), (5, 0, 7, 6), (6, 0, 7, 7), (0, 4, 7, 6), (0, 3, 7, 1), (6, 3, 7, '?'), (6, 7, 7, 5), (0, 4, 7, 0), ('?', 1, 7, 0), (0, '?', 7, 3), (3, 1, 7, 1), (3, 7, 7, 5), (5, 5, 7, 0), ('?', 1, 7, 4), (2, 5, 7, 7), (1, 1, 7, 6), (4, 6, 7, 4), (4, 7, 7, '?'), ('?', 4, 7, 4), (4, '?', 7, 1), (1, 1, 7, 7), (3, 0, 7, 6), (2, '?', 7, 4), (2, 7, 7, 7), (4, '?', 7, '?'), (5, 5, 7, 7), (4, 7, 7, 2), (5, 3, 7, 5), (4, '?', 7, '?'), (2, 4, 7, 2), ('?', 2, 7, 5), (3, '?', 7, 1), (5, 4, 7, 5), ('?', 2, 7, 2), (4, 4, 7, '?'), (0, 0, 7, 7), ('?', 7, 7, 1), (1, 7, 7, '?'), (0, 0, 7, 3), (3, 0, 7, 1), (5, '?', 7, 1), (2, '?', 7, 7), (3, 0, 7, 6), (7, 3, 7, 3), (3, 1, 7, 2), (0, 5, 7, 1), (2, 1, 7, 1), (2, 0, 7, 2), (3, 1, 7, 1), (4, 2, 7, 2), (5, '?', 7, 2), (5, 5, 7, 7), (1, '?', 7, 3), (7, 4, 7, 4), (5, 7, 7, '?'), (7, 0, 7, 3), (6, 2, 7, 7), (5, '?', 7, 0), (2, 2, 7, 2), (2, 3, 7, '?'), (1, 2, 7, 2), (6, 4, 7, 7), (3, '?', 7, 3), (3, 3, 7, 1), (4, 7, 7, 3), ('?', 2, 7, 4), (5, 5, 7, 2), (3, 7, 7, 1), (2, 2, 7, 4), (1, 1, 7, 3), (4, 7, 7, 1), (7, 1, 7, 5), (0, 2, 7, 7), (7, 2, 7, 3), (1, 6, 7, 5), (7, 7, 7, 1), (4, 1, 7, 7), (1, 7, 7, '?'), (0, 7, 7, 0), (4, 7, 7, 6), (7, 0, 7, 7), (1, 7, 7, 2), (3, 7, 7, 5), (6, 4, 7, '?'), (3, 7, 7, 5), (2, 2, 7, 4), (0, 1, 7, 5), ('?', 1, 7, 4), (1, 1, 7, 3), (2, 1, 7, 7), (4, 0, 7, 3), (6, 1, 7, 6), (4, 2, 7, 5), (4, '?', 7, 2), (5, 4, 7, 0), (3, 7, 7, 1), (6, 2, 7, 7), (7, 0, 7, '?'), (6, 4, 7, 5), (1, 2, 7, 2), (3, 3, 7, 5), ('?', 3, 7, 7), (1, 7, 7, 5), (2, 2, 7, 3), (4, 1, 7, 5), (7, 0, 7, 7), (5, 5, 7, 1), (4, 1, 7, 5), (5, 4, 7, 7), (4, 1, 7, 4), (4, 1, 7, 1), (6, 0, 7, 2), (3, 4, 7, 0), (1, '?', 7, 6), (4, 5, 7, 5), (1, 3, 7, 1), (6, 3, 7, 6), (1, 0, 7, 4), (5, 7, 7, 4), (5, 2, 7, 7), (7, 7, 7, '?'), (3, 7, 7, 4), (5, 2, 7, 5), (7, 4, 7, 6), (7, 2, 7, '?'), (6, 0, 7, 0), (1, 7, 7, 1), (4, 0, 7, 6), (0, 2, 7, 1), (1, 3, 7, 1), (2, 1, 7, 0), (3, 7, 7, 3), (3, '?', 7, '?'), (1, 2, 7, 5), (5, 0, 7, 2), ('?', 7, 7, 5), (7, 2, 7, 6), ('?', '?', 7, 6), (7, 2, 7, '?'), (6, 2, 7, 0), (5, 4, 7, 3), (0, 0, 7, 5), (2, 4, 7, 4), ('?', 0, 7, '?'), (4, 7, 7, 6), (1, 4, 7, '?'), (3, 6, 7, 6), (4, 4, 7, 0), (3, 0, 7, 6), (1, 6, 7, 4), (6, 7, 7, '?'), (3, 7, 7, 4), (3, '?', 7, 5), (3, 2, 7, 0), (5, 4, 7, 1), (6, 4, 7, 2), (1, '?', 7, 3), (4, 7, 7, '?'), (5, 1, 7, 5), (1, 4, 7, 1), (5, 0, 7, 7), ('?', '?', 7, 5), (3, 0, 7, '?'), (6, 3, 7, '?'), ('?', 2, 7, 1), ('?', 0, 7, 6), (5, 0, 7, 4), (0, '?', 7, 1), (4, 5, 7, 0), (2, 0, 7, 4), (2, 1, 7, 1), (5, 2, 7, '?'), (5, 2, 7, 0), (6, 4, 7, 5), ('?', '?', 7, 5), (6, 5, 7, '?'), (0, 2, 7, 6), (6, 2, 7, 5), (7, 3, 7, 3), (7, '?', 7, 6), (0, 0, 7, 3), (0, 3, 7, 3), (0, 2, 7, 0), (7, 4, 7, 2), (7, 3, 7, 6), (2, 2, 7, 0), (7, 4, 7, 6), (6, 3, 7, 3), (6, 2, 7, 0), (6, '?', 7, 0), ('?', 4, 7, 2), ('?', 4, 7, 5), (7, 4, 7, 3), (3, 3, 7, 1), (1, 2, 7, 0), ('?', 1, 7, 5), (6, 4, 7, 4), (5, 1, 7, 7), (7, 3, 7, 2), (0, 2, 7, 4), (4, 1, 7, 4), ('?', 4, 7, 1), (0, 4, 7, '?'), (1, '?', 7, 0), (5, '?', 7, 6), (2, '?', 7, 5), (3, 1, 7, 7), (2, 4, 7, 1), (7, 4, 7, '?'), (2, 4, 7, 2), (6, 3, 7, 2), (4, '?', 7, 7), (3, 4, 7, 0), (3, 3, 7, 1), (3, 0, 7, 3), (6, 5, 7, 5), (4, 1, 7, 7), (2, 2, 7, 4), (6, 2, 7, 2), (3, 4, 7, 1), (7, '?', 7, 3), (6, 0, 7, 0), (1, 4, 7, 2), (3, 1, 7, 5), (0, 0, 7, 7), (3, '?', 7, 3), ('?', 4, 7, 1), (3, 6, 7, '?'), (4, 7, 7, 3), (7, 1, 7, 3), ('?', 3, 7, 3), (2, 1, 7, '?'), (3, 7, 7, 5), (0, 4, 7, 6), (5, 5, 7, 0), (2, 4, 7, 2), ('?', 0, 7, '?'), (0, '?', 7, 4), (7, '?', 7, 3), (3, '?', 7, '?'), (1, 7, 7, '?'), (4, 3, 7, 4), ('?', 4, 7, 1), ('?', 1, 7, 4), ('?', 0, 7, '?'), (1, 6, 7, 5), (7, 2, 7, 7), ('?', 2, 7, 4), (4, 1, 7, 1), ('?', '?', 7, 6), (3, 0, 7, 0), ('?', 4, 7, 4), (4, '?', 7, 6), (6, 1, 7, 4), (4, 4, 7, 6), (2, 6, 7, 0), (5, 5, 7, 4), (5, 1, 7, 6), (5, '?', 7, 5), (4, '?', 7, 2), (5, 1, 7, 6), (3, 6, 7, 6), (5, 4, 7, 1), (4, 1, 7, 3), (0, 1, 7, 5), (3, '?', 7, 5), (3, 3, 7, 2), (4, 1, 7, 7), (6, 0, 7, 7), (6, 1, 7, 1), (1, 4, 7, '?'), (7, 7, 7, 1), (2, 6, 7, 6), (5, '?', 7, 1), (4, 7, 7, 5), (7, 7, 7, 3), (5, 5, 7, 7), (0, 0, 7, 0), (4, 5, 7, 5), (4, 5, 7, 0), (5, 0, 7, 7), ('?', 1, 7, 1), (0, 2, 7, '?'), (0, 0, 7, 1), (2, 1, 7, 0), (2, 2, 7, 2), (3, '?', 7, 6), (5, 0, 7, 0), (5, 2, 7, 0), (0, '?', 7, 0), (5, 5, 7, 3), (1, 1, 7, 4), (7, 3, 7, 2), (3, 2, 7, 1), (5, 1, 7, 4), (2, '?', 7, 7), ('?', 7, 7, 2), (6, 4, 7, 4), (0, '?', 7, 3), ('?', '?', 7, 4), (3, 3, 7, 6), ('?', 1, 7, 1), (6, 1, 7, 1), (7, 1, 7, 5), (7, '?', 7, 7), (0, 1, 7, 4), (6, '?', 7, 4), (3, 2, 7, 0), (7, 4, 7, '?'), (3, 2, 7, 0), (6, 5, 7, 3), (2, 6, 7, 6), ('?', 3, 7, 1), ('?', '?', 7, 4), (6, '?', 7, 2), (1, 3, 7, 3), (1, 3, 7, 3), (4, '?', 7, 1), (6, '?', 7, 3), (4, 4, 7, 7), (7, 0, 7, 0), (6, '?', 7, 1), (7, 4, 7, 4), (1, 0, 7, 4), (3, '?', 7, 0), (6, 4, 7, 4), ('?', 4, 7, 4), (3, 2, 7, 3), (6, 7, 7, 6), ('?', '?', 7, 3), (2, '?', 7, 3), (1, 0, 7, '?'), (6, 2, 7, '?'), (7, 7, 7, 1), (5, 4, 7, 6), (7, 0, 7, 0), (3, 3, 7, 3), (1, 7, 7, 2), (4, 3, 7, 2), (7, 7, 7, 7), (5, 7, 7, '?'), (7, 0, 7, 4), (1, 4, 7, 2), ('?', '?', 7, 7), (0, '?', 7, 6), (3, 0, 7, 6), (5, 5, 7, 3), (2, 0, 7, 2), (3, 0, 7, 3), (5, 2, 7, 7), (5, '?', 7, '?'), (5, 0, 7, 4), (6, '?', 7, 7), (2, 4, 7, 2), (6, 7, 7, 2), ('?', 1, 7, 7), (3, 1, 7, 0), ('?', '?', 7, 5), (2, '?', 7, '?'), (5, 3, 7, 1), (7, 2, 7, 6), (3, 2, 7, 2), (5, 1, 7, 5), (4, 1, 7, 3), (2, 1, 7, 4), (0, 3, 7, 6), (4, '?', 7, 4), (7, 1, 7, 7), (2, 5, 7, '?'), ('?', 1, 7, 7), (2, 4, 7, 6), ('?', 2, 7, 1), (4, '?', 7, 0), (4, 3, 7, 3), (0, 2, 7, 4), (2, '?', 7, 3), (5, 7, 7, 3), (6, '?', 7, 4), (1, 1, 7, 4), (4, 3, 7, 3), (6, 0, 7, 1), (4, 0, 7, 4), (2, 2, 7, 0), ('?', 4, 7, 5), (7, 4, 7, 2), ('?', 1, 7, 4), (0, '?', 7, 1), ('?', 4, 7, 1), (3, 7, 7, 0), (6, 0, 7, '?'), (5, 3, 7, 4), (7, '?', 7, 0), (2, 4, 7, 4), (1, '?', 7, 2), (0, '?', 7, 1), (5, '?', 7, 7), (4, '?', 7, 7), (2, 6, 7, 7), (6, 5, 7, 3), (2, 6, 7, 5), (1, 6, 7, 4), (1, '?', 7, 3), (3, 3, 7, 1), (7, 1, 7, 1), (6, 4, 7, 6), (4, 5, 7, '?'), (6, 2, 7, 0), (4, 1, 7, 4), (6, 0, 7, 4), (0, 0, 7, 4), (7, 3, 7, 4), (1, 3, 7, 3), (4, 4, 7, 5), (1, '?', 7, 1), (4, '?', 7, 6), ('?', 1, 7, 6), (5, 5, 7, 6), (4, 1, 7, 0), (7, 2, 7, 7), ('?', '?', 7, 0), (1, 4, 7, 2)]"
"(24, 24, 24, 27, 0)","[(0, 7, 7, 5), ('?', 7, 7, '?'), (4, 7, 7, 0), (3, 7, 7, '?'), (3, 7, 7, 2), (0, 7, 7, 1), (6, 7, 7, 2), (3, 7, 7, 7), (3, 7, 7, 7), (7, 7, 7, 0), (0, 7, 7, 6), (2, 7, 7, 6), (6, 7, 7, '?'), (6, 7, 7, 2), (2, 7, 7, 4), (1, 7, 7, 4), (4, 7, 7, 0), (5, 7, 7, 4), (4, 7, 7, 4)]"
"(24, 24, 27, 24, 0)","[(2, 7, 7, 4), (2, 7, 7, 3), (6, 7, 7, 3), (1, 7, 7, 2), (7, 7, 7, '?'), (6, 7, 7, 2), (0, 7, 7, 1), (7, 7, 7, 6), ('?', 7, 7, 2), (2, 7, 7, 4), (4, 7, 7, 2), (1, 7, 7, 4), ('?', 7, 7, '?'), (3, 7, 7, 7), (4, 7, 7, 2), (7, 7, 7, 7), (4, 7, 7, 6), (7, 7, 7, '?'), (0, 7, 7, '?'), (7, 7, 7, 0), ('?', 7, 7, '?'), (1, 7, 7, 4), ('?', 7, 7, 0), (2, 7, 7, 4), (1, 7, 7, 4), (4, 7, 7, 6), (2, 7, 7, 7), (4, 7, 7, '?'), (5, 7, 7, 7), (6, 7, 7, 0), (2, 7, 7, 4), (4, 7, 7, 6), (5, 7, 7, 7), (7, 7, 7, 4), ('?', 7, 7, 2), (5, 7, 7, 5), (4, 7, 7, 2), (5, 7, 7, 2), (3, 7, 7, 4), (0, 7, 7, '?'), ('?', 7, 7, 2), (1, 7, 7, 6), (4, 7, 7, 5), ('?', 7, 7, 1), (7, 7, 7, 6), (1, 7, 7, 7), (5, 7, 7, 5), (0, 7, 7, 1), (1, 7, 7, 4), (6, 7, 7, 7), (7, 7, 7, 6), (0, 7, 7, 0), (1, 7, 7, 4), (6, 7, 7, 0), (5, 7, 7, 4), (4, 7, 7, 5), (5, 7, 7, '?'), (1, 7, 7, 4), (0, 7, 7, 6), (7, 7, 7, 6), (0, 7, 7, 6)]"
"(24, 24, 27, 27, 0)","[(7, 7, 7, 7), (7, 7, 7, 2), (1, 7, 7, 7), (1, 7, 7, 2), ('?', 7, 7, 4), (7, 7, 7, 6), (0, 7, 7, 0), (5, 7, 7, 7), (0, 7, 7, '?'), (2, 7, 7, 6)]"
"(24, 27, 24, 24, 0)","[(2, 7, 7, 0), (7, 7, 7, 7), (3, 7, 7, 5), (2, 7, 7, 2), (6, 7, 7, 7), (3, 7, 7, 4), ('?', 7, 7, 2), (2, 7, 7, 0), (1, 7, 7, 0), (1, 7, 7, 2), (2, 7, 7, 2), ('?', 7, 7, 4), ('?', 7, 7, 1), (7, 7, 7, 4), (5, 7, 7, '?'), (5, 7, 7, 7), (2, 7, 7, 2), (4, 7, 7, 7), ('?', 7, 7, 2), (5, 7, 7, 5), (6, 7, 7, 2), (5, 7, 7, 0), (2, 7, 7, 0), (2, 7, 7, 2), (1, 7, 7, 5), (5, 7, 7, 7), (1, 7, 7, '?'), (1, 7, 7, 7), (2, 7, 7, 7), (2, 7, 7, 3), ('?', 7, 7, '?'), ('?', 7, 7, '?'), ('?', 7, 7, 0), (2, 7, 7, 0), (2, 7, 7, 5), (2, 7, 7, 7), ('?', 7, 7, 4)]"
"(24, 27, 24, 27, 0)","[(0, 7, 7, '?'), (2, 7, 7, 5), (4, 7, 7, 5), (4, 7, 7, 7), (7, 7, 7, 4), (2, 7, 7, 0), (6, 7, 7, 7), (6, 7, 7, 5), ('?', 7, 7, 5), (6, 7, 7, 7), (2, 7, 7, 0), (1, 7, 7, 5), (2, 7, 7, 7), (1, 7, 7, 2), (1, 7, 7, 7), ('?', 7, 7, 0), (0, 7, 7, 6), (7, 7, 7, '?'), (1, 7, 7, 5), (2, 7, 7, 6), (7, 7, 7, 6), (4, 7, 7, 3), (3, 7, 7, 2), (1, 7, 7, 6), (5, 7, 7, 2), (7, 7, 7, '?'), (0, 7, 7, '?'), (6, 7, 7, 7), ('?', 7, 7, 2), (6, 7, 7, '?'), (4, 7, 7, 0), (0, 7, 7, 3), (4, 7, 7, 5), (3, 7, 7, 2), (2, 7, 7, 2), (6, 7, 7, 5), ('?', 7, 7, '?'), (2, 7, 7, 7), (2, 7, 7, 4), (4, 7, 7, 7), (1, 7, 7, 4), (4, 7, 7, 2), (4, 7, 7, 4), (2, 7, 7, 5), ('?', 7, 7, 2), (3, 7, 7, 2), (4, 7, 7, 2), (4, 7, 7, 5), (4, 7, 7, 5), (4, 7, 7, 2), (2, 7, 7, 6), (7, 7, 7, 4), (5, 7, 7, 5), (1, 7, 7, 5), (4, 7, 7, 6)]"
"(24, 27, 27, 24, 0)","[(4, 7, 7, 7), (4, 7, 7, '?'), (4, 7, 7, 7), (7, 7, 7, '?'), ('?', 7, 7, '?'), (0, 7, 7, 0), (2, 7, 7, 7), (2, 7, 7, 7), (4, 7, 7, 7), (0, 7, 7, '?'), (0, 7, 7, '?')]"
"(24, 27, 27, 27, 0)","[(0, 7, 7, 0), (0, 7, 7, 3), (0, 7, 7, 0), (0, 7, 7, 3), (0, 7, 7, '?'), (0, 7, 7, 5), (7, 7, 7, 4), ('?', 7, 7, 4), (0, 7, 7, 5), (7, 7, 7, 2), (7, 7, 7, 2), (0, 7, 7, '?'), (7, 7, 7, 2), (7, 7, 7, 2), (2, 7, 7, 5), (4, 7, 7, 7), (0, 7, 7, 1), (0, 7, 7, 6), (6, 7, 7, 5), (7, 7, 7, 4), (0, 7, 7, 1), (0, 7, 7, 3), (0, 7, 7, 0), (0, 7, 7, 6), (0, 7, 7, 6), (1, 7, 7, 7), (6, 7, 7, 5), (2, 7, 7, 5), (0, 7, 7, 0), (0, 7, 7, 5), (0, 7, 7, 6), (0, 7, 7, 5), (0, 7, 7, 1)]"
"(25, 1, 1, 21, 0)","[('?', '?', '?', 2)]"
"(25, 1, 6, 1, 0)","[(2, 4, 3, 7)]"
"(25, 1, 7, 7, 0)","[(0, 4, 1, 2)]"
"(25, 1, 21, 1, 0)","[('?', '?', '?', 2)]"
"(25, 1, 21, 21, 0)","[('?', '?', '?', 2)]"
"(25, 1, 21, 23, 0)","[('?', '?', '?', 2), ('?', '?', '?', 2)]"
"(25, 2, 2, 2, 0)","[(2, 4, 3, 7), (7, 4, '?', 6)]"
"(25, 3, 3, 3, 0)","[(7, 0, 2, 4), (7, 0, 2, 4), (7, 0, 2, 6)]"
"(25, 7, 2, 2, 0)","[(0, 4, 1, 3)]"
"(25, 7, 7, 7, 0)","[(7, 0, 1, 0), ('?', 4, 1, '?'), (7, 4, 1, '?'), (0, 4, 1, '?'), (0, 4, 1, 7), (7, 4, 1, 4), (7, 0, 1, 0), (0, 4, 1, 5), (7, 4, 1, 2), (7, 4, 1, 3), (0, 7, 1, 7), (0, 4, 1, 6), (7, 4, 1, '?'), (0, 0, 1, 0), (0, 4, 1, 6), (0, 4, 1, 3), (5, 0, 1, 2), (0, 4, 1, 3), (7, 4, 1, '?'), (0, 4, 1, 6), (7, 4, 1, 0), (0, 4, 1, 7), (0, 4, 1, 7), (7, 4, 1, 3), (2, 4, 1, 4), (7, 4, 1, 2), (7, 4, 1, 2), (0, 4, 1, 2), (7, 4, 1, 2), (7, 4, 1, 3), (0, 4, 1, 6), (0, 4, 1, 5), (7, 4, 1, 1), (0, 4, 1, '?'), (7, 4, 1, 2), (0, 4, 1, '?'), ('?', 4, 1, '?'), (0, 4, 1, '?'), (0, 4, 1, 3), (0, 4, 1, '?'), (7, 4, 1, 1), (0, 4, 1, 7), (7, 4, 1, 4), ('?', 4, 1, 7), (0, 4, 1, 3), (0, 4, 1, 3), (0, 4, 1, 0), (7, 4, 1, 1), (2, 4, 1, '?'), (0, 4, 1, 2), (0, 4, 1, 6), (0, 4, 1, '?'), (7, 0, 1, 0), (0, 4, 1, 0)]"
"(25, 7, 7, 23, 0)","[(0, 4, 1, 3)]"
"(25, 7, 7, 27, 0)","[(0, 7, 1, 6)]"
"(25, 7, 15, 7, 0)","[(5, 3, 1, 2)]"
"(25, 7, 21, 7, 0)","[(0, 4, 1, 0)]"
"(25, 7, 23, 23, 0)","[(0, 4, 1, 5)]"
"(25, 7, 25, 7, 0)","[(0, 4, 1, 6)]"
"(25, 11, 11, 11, 0)","[(0, 4, 4, 2), (7, '?', 4, 2)]"
"(25, 12, 12, 12, 0)","[(7, '?', '?', 6), (7, '?', '?', 7), (7, '?', '?', 6), (7, '?', '?', 3), (7, '?', '?', 3), (7, '?', '?', 4), (7, '?', '?', 3), (7, '?', '?', '?'), (7, '?', '?', 4), (7, '?', 0, 0), (7, '?', '?', '?'), (7, '?', '?', '?'), (7, '?', '?', 0), (7, '?', '?', 6), (7, '?', '?', '?'), (7, '?', '?', 7), (7, '?', '?', 6), (7, '?', '?', 3), (7, '?', '?', 4), (7, '?', '?', 0), (7, '?', '?', '?'), (7, '?', '?', 7), (7, '?', '?', 0), (7, '?', '?', 0), (7, '?', '?', '?'), (7, '?', '?', 7), (7, '?', '?', '?'), (7, '?', '?', 3), (7, '?', '?', 7), (7, '?', '?', 6), (7, '?', '?', 4), (7, '?', '?', 6), (7, '?', '?', 4), (7, '?', '?', 4), (7, '?', '?', 3), (7, '?', '?', 7), (7, '?', '?', 3), (7, '?', '?', 3), (7, '?', '?', 4), (7, '?', '?', '?')]"
"(25, 12, 12, 16, 0)","[(7, 7, 0, 0)]"
"(25, 12, 21, 20, 0)","[(7, '?', '?', 7)]"
"(25, 15, 15, 7, 0)","[(4, 3, 1, 2)]"
"(25, 15, 15, 15, 0)","[(4, 3, 1, 2), (4, 3, 1, 2), (2, 3, '?', 3), (4, 3, 1, 2)]"
"(25, 16, 16, 16, 0)","[(3, 1, '?', 7), (0, 1, '?', '?'), (0, 1, '?', 6), (0, 1, '?', 5), (0, 1, '?', 6), (0, 1, '?', 7), (0, 1, '?', 3), (0, 1, '?', 3), (0, 1, '?', 6)]"
"(25, 19, 19, 19, 0)","[(7, 0, 4, 0)]"
"(25, 19, 25, 12, 0)","[(7, '?', '?', 6)]"
"(25, 20, 12, 12, 0)","[(7, '?', '?', 6), (7, '?', '?', 0)]"
"(25, 20, 20, 20, 0)","[(7, '?', '?', 0), ('?', '?', '?', 2)]"
"(25, 21, 12, 12, 0)","[(7, '?', '?', 0), (7, '?', '?', 0), (7, 7, 0, 0), (7, 7, 0, 0)]"
"(25, 21, 12, 27, 0)","[(7, 7, 0, 0)]"
"(25, 21, 16, 16, 0)","[(0, 1, '?', 1)]"
"(25, 21, 20, 20, 0)","[('?', '?', '?', 0), ('?', '?', '?', 7)]"
"(25, 21, 21, 20, 0)","[('?', '?', '?', 7)]"
"(25, 21, 21, 21, 0)","[('?', '?', '?', 1), ('?', '?', '?', 1), ('?', '?', '?', 1), ('?', '?', '?', 1), ('?', '?', '?', 1), (3, '?', '?', 1), ('?', '?', '?', 1), ('?', '?', '?', 1)]"
"(25, 21, 27, 27, 0)","[(7, 7, 0, 0), (7, 7, 0, 0)]"
"(25, 23, 21, 21, 0)","[(5, '?', '?', 7)]"
"(25, 23, 23, 23, 0)","[('?', '?', '?', 7), ('?', '?', '?', 7), ('?', '?', '?', 7), (0, 2, 5, 7), (0, 2, 5, 7), ('?', '?', '?', 7), ('?', '?', '?', 7), ('?', '?', '?', 7)]"
"(25, 23, 25, 23, 0)","[(0, '?', '?', 3)]"
"(25, 24, 24, 24, 0)","[(5, 0, 7, 2), (5, 0, 7, 2), (5, 0, 7, 2)]"
"(25, 25, 7, 25, 0)","[(0, 4, 1, 6)]"
"(25, 25, 10, 10, 0)","[(0, '?', '?', 7)]"
"(25, 25, 12, 12, 0)","[(7, '?', '?', 6)]"
"(25, 25, 23, 23, 0)","[(7, '?', '?', 7), (0, '?', '?', 7)]"
"(25, 25, 25, 25, 0)","[(0, '?', '?', 2), (0, '?', '?', 3), (0, '?', '?', 3), (0, '?', '?', 3), (0, '?', '?', 4), (0, '?', '?', 7), (0, '?', '?', 4), (0, '?', '?', 2), (0, '?', '?', 2), (0, '?', '?', 7), (0, '?', '?', 6), (0, '?', '?', 6), (0, '?', '?', 6), (0, '?', '?', 6), (0, '?', '?', 6), (0, '?', '?', 3), (0, '?', '?', 4), (0, '?', '?', 2), (0, '?', '?', '?'), (0, '?', '?', '?'), (0, '?', '?', 3), (0, '?', '?', 6), (0, '?', '?', '?'), (0, '?', '?', 6), (0, '?', '?', 7), (0, '?', '?', 4), (0, '?', '?', 4), (0, '?', '?', 4), (0, '?', '?', '?'), (0, '?', '?', 7), (0, '?', '?', 3), (0, '?', '?', 4), (0, '?', '?', 2), (0, '?', '?', '?'), (0, '?', '?', 6), (0, '?', '?', 7), (0, '?', '?', 4), (0, '?', '?', 2), (0, '?', '?', 7), (0, '?', '?', '?'), (0, '?', '?', 2)]"
"(25, 27, 27, 27, 0)","[(7, 7, 0, 0), (7, 7, '?', 0)]"
"(27, 1, 1, 21, 0)","[(2, 7, '?', 2)]"
"(27, 1, 1, 27, 0)","[(2, 7, '?', 2)]"
"(27, 7, 27, 27, 0)","[(3, 7, 1, 0)]"
"(27, 11, 11, 11, 0)","[(2, 7, 4, 6)]"
"(27, 18, 18, 18, 0)","[(6, 7, 0, 0)]"
"(27, 18, 27, 27, 0)","[(6, 7, 0, 0)]"
"(27, 27, 27, 27, 0)","[(1, 7, 5, 0), (0, 7, '?', 3), (1, 7, 5, 0), (7, 7, 2, 6), (7, 7, 4, 0), (7, 7, '?', 5), (0, 7, 3, 4), (3, 7, 3, 2), (0, 7, '?', 5), (0, 7, 4, 7), (0, 7, '?', 5), (7, 7, '?', 6), (7, 7, 0, 4), (0, 7, 4, 7), (2, 7, '?', 4), (2, 7, '?', '?'), (6, 7, '?', 6), (0, 7, '?', 4), (7, 7, 2, 5), (1, 7, '?', 3), (6, 7, '?', 6), ('?', 7, '?', 5), (7, 7, '?', 4), (7, 7, 4, 5), (2, 7, '?', 0), (1, 7, '?', 2), (2, 7, 3, 3), (7, 7, 4, 0), ('?', 7, '?', 2), (1, 7, '?', 0), (4, 7, '?', 3), ('?', 7, 3, 4), (0, 7, '?', 7), (6, 7, '?', 1), (7, 7, '?', 3), (7, 7, '?', '?'), (3, 7, '?', 7), (7, 7, 2, 0), (2, 7, '?', '?'), (1, 7, '?', 0), (0, 7, '?', 3), (6, 7, '?', 3), (7, 7, 1, 0), (2, 7, '?', 7), (5, 7, 5, '?'), ('?', 7, 5, 7), (7, 7, 2, 1), (6, 7, '?', 1), (6, 7, '?', '?'), (0, 7, 3, 4), (4, 7, '?', 2), ('?', 7, '?', '?'), (3, 7, 5, 0), (7, 7, '?', 1), (4, 7, '?', 1), (2, 7, 3, 4), (6, 7, '?', 3), (0, 7, '?', 0), (7, 7, '?', '?'), (7, 7, 2, 6), (6, 7, '?', 6), (7, 7, '?', '?'), (3, 7, '?', 7), ('?', 7, '?', 3), (3, 7, '?', 6), (3, 7, '?', 3), (7, 7, '?', 4), ('?', 7, '?', 1), (7, 7, '?', 2), (4, 7, '?', 3), (0, 7, '?', 4), (2, 7, 3, 0), (7, 7, 2, 6), (2, 7, 3, 6), (3, 7, '?', 3), ('?', 7, '?', 6), (2, 7, 1, 6), (6, 7, '?', 6), (2, 7, '?', 6), (6, 7, '?', 4), (2, 7, '?', 4), (3, 7, '?', 4), (6, 7, '?', 5), (2, 7, '?', 0), (0, 7, '?', 7), (1, 7, '?', 4), (1, 7, '?', 2), (7, 7, 2, 6), (2, 7, '?', 1), (3, 7, '?', 0), (6, 7, '?', 4), (7, 7, 2, 1), (1, 7, '?', 3), (6, 7, '?', 3), (7, 7, '?', '?'), (7, 7, 2, 4), (2, 7, '?', 0), (5, 7, '?', 0), ('?', 7, '?', 5), (7, 7, '?', 1), (1, 7, 5, 0), (7, 7, '?', 0), (6, 7, '?', 2), (7, 7, '?', 1), (1, 7, 5, 6), ('?', 7, '?', 7), (7, 7, '?', 3), ('?', 7, 3, 2), (3, 7, '?', '?'), (7, 7, '?', 6), (1, 7, 3, 2), (3, 7, '?', '?'), (7, 7, 0, 4), (2, 7, '?', 6), ('?', 7, '?', '?'), (1, 7, '?', 2), (1, 7, 2, 3), (0, 7, '?', 6), (6, 7, '?', 5), (4, 7, '?', 4), (0, 7, '?', 1), ('?', 7, '?', 7), (1, 7, '?', 3), ('?', 7, '?', 2), (0, 7, '?', 6), (4, 7, '?', 2), (1, 7, '?', 2), (2, 7, '?', 2), (7, 7, '?', 2), (1, 7, '?', 7), (7, 7, 2, 5), ('?', 7, '?', 1), (1, 7, 5, 0), (2, 7, '?', 5), (6, 7, '?', 5), (6, 7, '?', 3), (6, 7, '?', 4), (7, 7, 0, 4), (7, 7, '?', 0), (1, 7, 3, 2), (2, 7, 3, 3), (7, 7, '?', 6), (4, 7, '?', 4), ('?', 7, '?', 7), (3, 7, '?', 4), ('?', 7, '?', '?'), (0, 7, '?', 7), (4, 7, '?', 4), (7, 7, '?', '?'), ('?', 7, '?', 5), (2, 7, 3, 1), (1, 7, '?', 0), ('?', 7, '?', 1), (2, 7, '?', 1), (7, 7, 7, 2), (2, 7, '?', '?'), (7, 7, '?', 5), (3, 7, '?', 0), (3, 7, '?', 7), (4, 7, '?', 7), (7, 7, '?', 2), (2, 7, 3, 0), (2, 7, '?', 5), (1, 7, 5, 7), (3, 7, '?', 0), (2, 7, 3, 0), (6, 7, '?', 5), (7, 7, 3, 2), ('?', 7, '?', 7), (7, 7, '?', '?'), ('?', 7, 3, 2), (2, 7, 3, 3), (2, 7, 3, 0), (0, 7, '?', 5), (7, 7, 2, '?'), (0, 7, '?', 6), (6, 7, '?', 5), (1, 7, '?', 4), ('?', 7, '?', 7), (4, 7, '?', 7), (0, 7, 3, 4), ('?', 7, 3, 2), (6, 7, '?', 5), ('?', 7, '?', '?'), (2, 7, '?', 5), (2, 7, '?', 5), (4, 7, '?', 3), (7, 7, 3, 2), ('?', 7, '?', 4), (2, 7, 3, 6), (1, 7, '?', 2), (3, 7, '?', 7), (1, 7, '?', 7), ('?', 7, '?', 6), (2, 7, '?', 4), (0, 7, 2, 6), (7, 7, '?', 5), (7, 7, 4, 5), (1, 7, 5, 3), (0, 7, '?', 1), (0, 7, '?', 0), ('?', 7, '?', '?'), (0, 7, '?', 4), (6, 7, '?', 2), (2, 7, 3, 0), (3, 7, '?', 6), (2, 7, 3, 1), ('?', 7, '?', 2), (1, 7, 5, 0), (3, 7, '?', 0), (7, 7, '?', 4), ('?', 7, '?', 4), (1, 7, '?', 7), (0, 7, '?', 4), (7, 7, 2, 4), (2, 7, 3, 0), (6, 7, '?', 3), ('?', 7, '?', 1), (0, 7, 3, 4), (2, 7, '?', 5), (7, 7, 2, 4), (2, 7, '?', 1), (6, 7, '?', 4), (5, 7, '?', 7), (2, 7, '?', '?'), (3, 7, '?', 4), (2, 7, '?', 7), (3, 7, '?', 0), (7, 7, '?', 5), (4, 7, '?', 4), (4, 7, '?', 1), (3, 7, 5, 0), (0, 7, '?', 0), (6, 7, '?', 2), (6, 7, 3, 2), (2, 7, '?', 7), ('?', 7, 3, 2), (7, 7, 0, 4), (7, 7, 2, 0), (3, 7, '?', 0), (7, 7, '?', 0), (2, 7, '?', 3), (2, 7, '?', 1), (2, 7, '?', 2), (2, 7, '?', 2), (4, 7, '?', 4), (4, 7, '?', 2), (2, 7, 3, 3), (3, 7, '?', 5), (2, 7, '?', 3), (7, 7, '?', 1), (3, 7, 3, 2), (1, 7, '?', 7), (3, 7, '?', 4), (2, 7, '?', '?'), (2, 7, 3, 1), (7, 7, 2, 4), (4, 7, '?', 2), (0, 7, '?', 0), (7, 7, 0, 4), ('?', 7, '?', 5), (3, 7, 4, 7), (7, 7, 2, 4), (7, 7, 2, 5), (0, 7, '?', 1), (2, 7, 3, 6), (1, 7, 3, 2), (3, 7, '?', 2), (0, 7, 4, 7), (7, 7, '?', 0), (7, 7, '?', 4), (4, 7, '?', 7), (2, 7, 3, 6), (7, 7, '?', 5), (2, 7, '?', 3), (3, 7, '?', 6), (4, 7, '?', 7), (2, 7, '?', 2), (1, 7, '?', 7), (0, 7, 4, 7), (6, 7, '?', 1), (7, 7, '?', 4), (1, 7, '?', 0), ('?', 7, '?', 4), (6, 7, '?', '?'), (7, 7, 2, 4), (7, 7, 2, 5), (4, 7, '?', 1), ('?', 7, '?', '?'), (0, 7, '?', 4), (3, 7, '?', 4), (7, 7, 2, 0), (3, 7, '?', 3), (7, 7, 2, 4), (7, 7, '?', 3), (3, 7, '?', '?'), (3, 7, '?', 5), (0, 7, '?', 7), (7, 7, 2, 5), ('?', 7, '?', 1), (7, 7, '?', 4), (3, 7, '?', 7), (6, 7, '?', 1), ('?', 7, '?', 3), (7, 7, '?', '?'), ('?', 7, '?', 1), ('?', 7, '?', 3), (6, 7, '?', 2), (4, 7, '?', 3), (7, 7, 2, 7), (6, 7, 0, 0), (7, 7, '?', 4), (0, 7, '?', 1), (3, 7, '?', 6), (4, 7, '?', 3), (0, 7, '?', 5), (3, 7, '?', 3), (2, 7, '?', 0), (2, 7, '?', 4), (1, 7, 2, 3), (3, 7, '?', 2), (3, 7, 5, 0), (2, 7, 3, 1), (4, 7, '?', 7), (2, 7, '?', 4), (1, 7, '?', 4), (3, 7, '?', 5), ('?', 7, 2, 3), (4, 7, '?', 7), (7, 7, '?', 3), (2, 7, '?', '?'), (0, 7, '?', 1), (7, 7, '?', 4), (1, 7, 4, 7), ('?', 7, '?', 3), (3, 7, 5, 3), (7, 7, 2, 1), (3, 7, 4, 0), ('?', 7, '?', 5), (6, 7, '?', 5), (4, 7, '?', 4), (6, 7, '?', 2), (3, 7, '?', 2), (0, 7, 4, 7), (0, 7, '?', 3), (2, 7, '?', 1), (7, 7, '?', 2), (7, 7, '?', 6), (4, 7, '?', 2), (7, 7, '?', 5), (7, 7, '?', 1), (4, 7, '?', 4), (4, 7, '?', 4), ('?', 7, '?', '?'), (3, 7, '?', 2), (4, 7, '?', 7), (0, 7, 4, 7), (7, 7, '?', 6), (2, 7, '?', 3), (7, 7, 2, 5), (7, 7, '?', 1), (0, 7, '?', 7), (1, 7, 4, 7), (7, 7, 2, 5), ('?', 7, '?', 5), (4, 7, '?', 7), (7, 7, '?', 4), (6, 7, '?', 3), (7, 7, '?', 2), (0, 7, '?', 6), (2, 7, '?', 4), (6, 7, '?', 4), (7, 7, '?', 2), (0, 7, '?', 0), (0, 7, 4, 7), (6, 7, '?', 1), (1, 7, '?', 3), (7, 7, 2, '?'), (7, 7, 3, 2), (1, 7, '?', 2), (0, 7, '?', 6), (3, 7, '?', '?'), (7, 7, 2, '?'), ('?', 7, '?', 3), (0, 7, '?', 0), (1, 7, 5, 0), (3, 7, '?', 2), (0, 7, '?', 4), ('?', 7, '?', 7), (3, 7, '?', 6), (7, 7, '?', 0), (3, 7, 5, '?'), (0, 7, '?', 1), (3, 7, '?', 6), (3, 7, 5, 0), (1, 7, '?', 3), (3, 7, '?', '?'), (6, 7, '?', 3), (0, 7, '?', 3), (7, 7, 0, 0), (6, 7, '?', '?'), (1, 7, 5, 7), (5, 7, '?', 7), (2, 7, '?', 0), (1, 7, 5, 0), (6, 7, '?', 6), (3, 7, '?', 5), (7, 7, 4, 0), ('?', 7, '?', 1), (6, 7, '?', 4), (3, 7, '?', 7), ('?', 7, '?', 6), (1, 7, '?', 7), (6, 7, '?', 6), ('?', 7, '?', 4), (3, 7, '?', 6), (3, 7, '?', 3), (0, 7, '?', 7), ('?', 7, '?', 2), (6, 7, '?', '?'), (2, 7, '?', 1), (6, 7, '?', 4), (1, 7, 4, 0), ('?', 7, '?', 7), (6, 7, '?', 4), ('?', 7, 0, 0), (7, 7, '?', 3), (7, 7, 0, 4), (0, 7, '?', 4), (1, 7, '?', 4), ('?', 7, '?', 6), (3, 7, '?', 6), (7, 7, '?', 3), (3, 7, '?', 0), ('?', 7, '?', 2), (1, 7, '?', 0), (7, 7, 0, 0), (2, 7, '?', 5), (1, 7, '?', 4), (3, 7, '?', 4), (3, 7, '?', 2), ('?', 7, '?', 6), (3, 7, '?', 7), (4, 7, '?', 2), (3, 7, '?', 2), (0, 7, 4, 7), (3, 7, '?', 3), (7, 7, '?', 3), (1, 7, '?', 4), (4, 7, '?', 3), (7, 7, '?', 6), ('?', 7, '?', 7), (3, 7, 5, 2), ('?', 7, '?', 6), (1, 7, '?', 3), (4, 7, '?', 2), (2, 7, '?', 7), ('?', 7, '?', 3), (6, 7, '?', 6), ('?', 7, '?', 6), (7, 7, '?', 2), (3, 7, '?', 3), (7, 7, '?', 3), (2, 7, '?', '?'), (6, 7, '?', 6), ('?', 7, '?', 4), (1, 7, 5, 0), (0, 7, '?', 6), (2, 7, '?', 6), (7, 7, '?', '?'), (3, 7, '?', 4), (5, 7, '?', 7), (0, 7, '?', 3), (4, 7, '?', 2), (1, 7, '?', 3), (2, 7, '?', '?'), ('?', 7, '?', '?'), (2, 7, '?', 3), (2, 7, '?', 2), (2, 7, '?', 4), (3, 7, '?', 7), (5, 7, '?', 7), (6, 7, '?', 2), (4, 7, '?', 3), (3, 7, '?', 3), (3, 7, '?', 5), (3, 7, '?', 3), (2, 7, '?', 6), (3, 7, '?', 5), (2, 7, '?', 7), (3, 7, '?', 2), (3, 7, '?', 7), (3, 7, '?', '?'), (0, 7, '?', 0), (2, 7, '?', 5), (2, 7, '?', 1), (3, 7, '?', 0), ('?', 7, '?', 3), (3, 7, 1, 0), (1, 7, 5, 0), (7, 7, '?', 5), ('?', 7, '?', 4), (2, 7, '?', 3), ('?', 7, '?', 5), (2, 7, '?', 1), (4, 7, '?', 1), (6, 7, '?', 1), ('?', 7, 5, 7), (2, 7, '?', 6), (3, 7, '?', 2), (6, 7, '?', 3), (7, 7, '?', 2), (0, 7, '?', 6), (2, 7, '?', 6), (6, 7, '?', 3), ('?', 7, '?', 1), (6, 7, '?', 6), (0, 7, '?', 3), (2, 7, '?', 4), (2, 7, '?', 0), (6, 7, 0, 0), (0, 7, '?', 3), (2, 7, '?', '?'), (7, 7, '?', 6), (2, 7, '?', 3), (2, 7, '?', 7), (7, 7, '?', 2), (2, 7, '?', 6), ('?', 7, '?', 2), (6, 7, '?', 1), (0, 7, '?', 1), (7, 7, '?', '?'), (7, 7, 2, 6), (4, 7, '?', 4), (7, 7, '?', 1), (3, 7, '?', 2), ('?', 7, '?', 7), (3, 7, '?', 6), (1, 7, '?', 4), (6, 7, '?', 2), (0, 7, '?', 0), (7, 7, '?', 3)]"
