message,concepts
"(1, 1, 2, 13, 0)","[(4, 6, 5, 5)]"
"(1, 1, 16, 16, 0)","[(4, 6, 3, 0)]"
"(1, 4, 2, 1, 0)","[(4, 6, 4, 0)]"
"(1, 4, 2, 17, 0)","[(4, 6, 6, 5), (4, 6, 4, 0), (4, 6, 6, 5), (4, 6, 6, 5), (4, 6, 4, 5), (4, 6, 4, 0)]"
"(1, 4, 4, 2, 0)","[(3, 6, 4, 5), (3, 6, 6, 5), (3, 6, 6, 5), (3, 6, 6, 5)]"
"(1, 4, 4, 12, 0)","[('?', 6, 4, 5)]"
"(1, 4, 7, 17, 0)","[(0, 6, 6, 5), (0, 6, 4, 0), (0, 6, 4, 0), (0, 6, 4, 0), (0, 6, 6, 0), (0, 6, 6, 5), (0, 6, 4, 5), (0, 6, 4, 5)]"
"(1, 4, 7, 21, 0)","[(0, 6, 6, 0)]"
"(1, 9, 1, 25, 0)","[('?', 6, 3, 5)]"
"(1, 9, 2, 4, 0)","[(4, 6, 1, 0), (4, 6, 1, 0)]"
"(1, 9, 2, 9, 0)","[(4, 6, 1, 5)]"
"(1, 9, 4, 2, 0)","[(3, 6, 1, 0)]"
"(1, 9, 4, 4, 0)","[(3, 6, 1, 0), ('?', 6, 1, 5)]"
"(1, 9, 4, 9, 0)","[(3, 6, 1, 5), (4, 6, 1, 0)]"
"(1, 9, 6, 11, 0)","[('?', 6, 0, 5)]"
"(1, 9, 9, 4, 0)","[(2, 6, 1, 5)]"
"(1, 9, 10, 6, 0)","[(5, 6, 0, 0)]"
"(1, 9, 10, 11, 0)","[(5, 6, 3, 0)]"
"(1, 9, 11, 10, 0)","[(1, 6, 0, 5)]"
"(1, 9, 11, 25, 0)","[('?', 6, 3, 5)]"
"(1, 9, 13, 2, 0)","[(3, 6, 5, 5)]"
"(1, 9, 13, 9, 0)","[('?', 6, 5, 0), ('?', 6, 5, 5)]"
"(1, 9, 13, 13, 0)","[('?', 6, 5, 0), ('?', 6, 5, 0), (3, 6, 5, 5)]"
"(1, 9, 13, 16, 0)","[(3, 6, 5, 5), (3, 6, 5, 5)]"
"(1, 9, 13, 17, 0)","[(5, 6, 5, 0)]"
"(1, 9, 13, 20, 0)","[(2, 6, 5, 5)]"
"(1, 9, 13, 25, 0)","[('?', 6, 5, 0), ('?', 6, 5, 5)]"
"(1, 9, 15, 6, 0)","[('?', 6, 0, 0)]"
"(1, 9, 15, 11, 0)","[(4, 6, 3, 5)]"
"(1, 9, 15, 13, 0)","[(4, 6, 5, 5)]"
"(1, 9, 17, 1, 0)","[(1, 6, 3, 0), (5, 6, 3, 5)]"
"(1, 9, 17, 9, 0)","[(1, 6, 1, 0)]"
"(1, 9, 17, 13, 0)","[(5, 6, 5, 0)]"
"(1, 9, 18, 1, 0)","[(0, 6, 0, 0), (0, 6, 0, 0)]"
"(1, 9, 18, 11, 0)","[(0, 6, 3, 0), (0, 6, 3, 0), (0, 6, 3, 0)]"
"(1, 9, 18, 16, 0)","[(0, 6, 0, 5)]"
"(1, 9, 18, 24, 0)","[(0, 6, 3, 0), (0, 6, 0, 0), (0, 6, 0, 5)]"
"(1, 9, 27, 27, 0)","[(0, 6, 5, 5)]"
"(1, 10, 10, 10, 0)","[(5, 6, 4, 0), (5, 6, 4, 0), (1, 6, 6, 5)]"
"(1, 10, 10, 17, 0)","[(5, 6, 6, 5), (5, 6, 4, 0), (1, 6, 4, 0), (1, 6, 4, 0), (5, 6, 6, 5), (5, 6, 4, 5), (1, 6, 4, 0)]"
"(1, 10, 17, 10, 0)","[(1, 6, 6, 5)]"
"(1, 10, 17, 11, 0)","[(5, 6, 6, 5)]"
"(1, 11, 1, 2, 0)","[(3, 6, 3, 5), (3, 6, 0, 5), (3, 6, 3, 5), (3, 6, 3, 5), (3, 6, 0, 5), (3, 6, 0, 5)]"
"(1, 11, 1, 11, 0)","[('?', 6, 0, 5)]"
"(1, 11, 1, 12, 0)","[('?', 6, 3, 5)]"
"(1, 11, 1, 16, 0)","[(3, 6, 0, 5), (3, 6, 0, 0)]"
"(1, 11, 1, 18, 0)","[(0, 6, 3, 0)]"
"(1, 11, 2, 13, 0)","[(4, 6, 5, 5)]"
"(1, 11, 6, 11, 0)","[('?', 6, 3, 5)]"
"(1, 11, 6, 16, 0)","[(3, 6, 0, 5)]"
"(1, 11, 10, 1, 0)","[(1, 6, 0, 0), (1, 6, 0, 0), (5, 6, 3, 5)]"
"(1, 11, 10, 6, 0)","[(1, 6, 0, 0), (5, 6, 3, 0), (5, 6, 3, 0)]"
"(1, 11, 10, 11, 0)","[(5, 6, 0, 0), (1, 6, 0, 5), (5, 6, 0, 0), (5, 6, 0, 0), (5, 6, 3, 0), (5, 6, 3, 5), (5, 6, 3, 5), (5, 6, 3, 0)]"
"(1, 11, 11, 1, 0)","[('?', 6, 3, 0), ('?', 6, 3, 0)]"
"(1, 11, 11, 2, 0)","[(3, 6, 3, 5), (3, 6, 0, 0), (3, 6, 0, 5), (3, 6, 0, 0), (3, 6, 0, 0), (3, 6, 3, 5), (3, 6, 0, 5), (3, 6, 3, 5)]"
"(1, 11, 11, 4, 0)","[('?', 6, 0, 0), ('?', 6, 0, 0), ('?', 6, 0, 0)]"
"(1, 11, 11, 11, 0)","[('?', 6, 0, 0)]"
"(1, 11, 11, 12, 0)","[('?', 6, 3, 0), ('?', 6, 3, 0), ('?', 6, 0, 0), ('?', 6, 0, 0), ('?', 6, 3, 0), ('?', 6, 0, 5), (3, 6, 0, 0)]"
"(1, 11, 11, 18, 0)","[(0, 6, 0, 0)]"
"(1, 11, 11, 25, 0)","[('?', 6, 0, 5), ('?', 6, 0, 5)]"
"(1, 11, 15, 1, 0)","[(4, 6, 0, 0)]"
"(1, 11, 15, 11, 0)","[(4, 6, 0, 0)]"
"(1, 11, 16, 1, 0)","[(4, 6, 3, 0), (4, 6, 3, 5)]"
"(1, 11, 16, 11, 0)","[(4, 6, 3, 0)]"
"(1, 11, 16, 16, 0)","[(4, 6, 3, 0)]"
"(1, 11, 17, 1, 0)","[(1, 6, 3, 5), (5, 6, 3, 0), (5, 6, 3, 5), (1, 6, 3, 5), (5, 6, 3, 0), (1, 6, 3, 0), (5, 6, 3, 5), (1, 6, 3, 0), (1, 6, 0, 5), (1, 6, 0, 5), (5, 6, 0, 0), (5, 6, 0, 0)]"
"(1, 11, 17, 13, 0)","[(1, 6, 5, 0)]"
"(1, 11, 17, 16, 0)","[(1, 6, 0, 5), (1, 6, 0, 0), (1, 6, 0, 0), (5, 6, 3, 5)]"
"(1, 11, 18, 1, 0)","[(0, 6, 3, 0)]"
"(1, 11, 18, 11, 0)","[(0, 6, 0, 5)]"
"(1, 11, 18, 15, 0)","[(0, 6, 3, 5)]"
"(1, 11, 18, 16, 0)","[(0, 6, 3, 0)]"
"(1, 11, 18, 24, 0)","[(0, 6, 0, 5), (0, 6, 0, 0), (0, 6, 3, 5), (0, 6, 3, 5)]"
"(1, 11, 25, 11, 0)","[(3, 6, 0, 0)]"
"(1, 11, 25, 25, 0)","[(3, 6, 0, 0)]"
"(1, 11, 27, 27, 0)","[(0, 6, 5, 5)]"
"(1, 12, 2, 2, 0)","[(4, 6, 4, 0)]"
"(1, 12, 2, 4, 0)","[(4, 6, 4, 0)]"
"(1, 12, 2, 10, 0)","[(4, 6, 4, 0), (4, 6, 4, 5)]"
"(1, 12, 2, 17, 0)","[(4, 6, 6, 5), (4, 6, 6, 5), (4, 6, 4, 0)]"
"(1, 12, 2, 21, 0)","[(4, 6, 4, 5), (4, 6, 4, 0)]"
"(1, 12, 4, 2, 0)","[(3, 6, 4, 0), (3, 6, 4, 5), (3, 6, 4, 5), (3, 6, 4, 0), (3, 6, 6, 5), (3, 6, 4, 0), (3, 6, 4, 5), (3, 6, 4, 0), (3, 6, 4, 0)]"
"(1, 12, 4, 4, 0)","[('?', 6, 6, 0), ('?', 6, 4, 5), (5, 6, 4, 0), ('?', 6, 6, 0), ('?', 6, 6, 0), (5, 6, 4, 5)]"
"(1, 12, 4, 12, 0)","[('?', 6, 6, 5), ('?', 6, 6, 0), ('?', 6, 6, 0)]"
"(1, 12, 4, 21, 0)","[('?', 6, 4, 5)]"
"(1, 12, 7, 10, 0)","[(0, 6, 4, 5), (0, 6, 6, 5), (0, 6, 4, 5), (0, 6, 4, 5)]"
"(1, 12, 7, 17, 0)","[(0, 6, 6, 0), (0, 6, 4, 0), (0, 6, 6, 5), (0, 6, 4, 5), (0, 6, 6, 0), (0, 6, 4, 0), (0, 6, 4, 0), (0, 6, 6, 0), (0, 6, 6, 5), (0, 6, 6, 0), (0, 6, 4, 0)]"
"(1, 12, 9, 4, 0)","[(1, 6, 1, 0), ('?', 6, 1, 5)]"
"(1, 12, 12, 2, 0)","[(3, 6, 4, 0), (3, 6, 4, 0), (3, 6, 4, 5), (3, 6, 6, 5), (3, 6, 4, 5), (3, 6, 4, 0), (3, 6, 4, 5), (3, 6, 6, 5), (3, 6, 4, 0), (3, 6, 6, 5), (3, 6, 4, 0)]"
"(1, 12, 12, 4, 0)","[('?', 6, 4, 5), ('?', 6, 6, 5), ('?', 6, 6, 0), (5, 6, 4, 0), ('?', 6, 4, 5), ('?', 6, 6, '?'), (5, 6, 4, 0), ('?', 6, 4, 5), ('?', 6, 4, 5), ('?', 6, 4, 5)]"
"(1, 12, 12, 12, 0)","[(5, 6, 4, 5), (5, 6, 4, 0), (5, 6, 6, 5), ('?', 6, 6, 5), ('?', 6, 6, 5), ('?', 6, 6, 0)]"
"(1, 12, 12, 21, 0)","[('?', 6, 6, 0)]"
"(1, 12, 12, 25, 0)","[('?', 6, 6, 5)]"
"(1, 12, 13, 2, 0)","[(3, 6, '?', 0)]"
"(1, 12, 15, 2, 0)","[(4, 6, 4, 0)]"
"(1, 12, 15, 10, 0)","[(4, 6, 4, 5)]"
"(1, 12, 15, 21, 0)","[(4, 6, 4, 5), (4, 6, 6, 5), (4, 6, 4, 0)]"
"(1, 12, 17, 12, 0)","[(5, 6, 4, 0)]"
"(1, 12, 21, 25, 0)","[(3, 6, '?', 0)]"
"(1, 12, 25, 12, 0)","[('?', 6, 6, 5)]"
"(1, 12, 27, 21, 0)","[(0, 6, 7, 5)]"
"(1, 12, 27, 24, 0)","[(0, 6, 7, 5)]"
"(1, 13, 2, 1, 0)","[(4, 6, 7, 0)]"
"(1, 13, 2, 9, 0)","[(4, 6, 2, 5), (4, 6, 2, 5)]"
"(1, 13, 2, 13, 0)","[(4, 6, 7, 0)]"
"(1, 13, 2, 16, 0)","[(4, 6, 7, 0)]"
"(1, 13, 2, 25, 0)","[(4, 6, 2, 5)]"
"(1, 13, 7, 9, 0)","[(0, 6, 2, 5)]"
"(1, 13, 7, 13, 0)","[(0, 6, 2, 5)]"
"(1, 13, 7, 16, 0)","[(0, 6, 2, 5)]"
"(1, 13, 10, 9, 0)","[(5, 6, 7, 5), (1, 6, 7, 5)]"
"(1, 13, 13, 9, 0)","[('?', 6, 2, 0), (3, 6, 7, 0), ('?', 6, 2, 5), (3, 6, 7, 0), ('?', 6, 2, 5), ('?', 6, 7, 5)]"
"(1, 13, 13, 16, 0)","[(3, 6, 2, 5), (3, 6, 7, 0), (3, 6, 2, 5), (3, 6, 7, 0)]"
"(1, 13, 15, 15, 0)","[(4, 6, 7, 0)]"
"(1, 13, 16, 13, 0)","[(4, 6, 7, 0), (4, 6, 2, 5)]"
"(1, 13, 17, 9, 0)","[(1, 6, 2, 5), (5, 6, 7, 0), (5, 6, 7, 5)]"
"(1, 13, 17, 17, 0)","[(1, 6, 7, 5), (5, 6, 7, 5)]"
"(1, 13, 25, 9, 0)","[('?', 6, 7, 5), ('?', 6, 2, 0), ('?', 6, 2, 5)]"
"(1, 15, 9, 13, 0)","[(4, 6, 5, 5), (4, 6, 5, 5)]"
"(1, 15, 11, 11, 0)","[(4, 6, 3, 0)]"
"(1, 15, 13, 11, 0)","[(4, 6, 7, 0)]"
"(1, 15, 15, 11, 0)","[(4, 6, 2, 5)]"
"(1, 16, 13, 9, 0)","[(6, 6, 5, 5)]"
"(1, 16, 13, 13, 0)","[(6, 6, 5, 0)]"
"(1, 17, 17, 1, 0)","[(1, 6, 6, 5)]"
"(1, 17, 17, 4, 0)","[(5, 6, 4, 5)]"
"(1, 17, 17, 11, 0)","[(5, 6, 6, 0)]"
"(1, 17, 17, 12, 0)","[(5, 6, 4, 5), (5, 6, 6, 0), (5, 6, 4, 0)]"
"(1, 17, 17, 17, 0)","[(1, 6, 4, 0), (1, 6, 4, 0), (1, 6, 4, 0), (5, 6, 6, 0), (1, 6, 6, 5), (1, 6, 6, 5), (5, 6, 6, 5), (5, 6, 6, 5), (1, 6, 4, 0)]"
"(1, 20, 10, 10, 0)","[(2, 6, 4, 0), (2, 6, 4, 5), (2, 6, 4, 5)]"
"(1, 20, 10, 17, 0)","[(2, 6, 4, 0), (2, 6, 6, 5)]"
"(1, 20, 11, 2, 0)","[(2, 6, '?', 0)]"
"(1, 20, 11, 11, 0)","[(2, 6, 0, 5)]"
"(1, 20, 13, 13, 0)","[(2, 6, 7, 5), (2, 6, 7, 5)]"
"(1, 20, 13, 25, 0)","[(2, 6, 7, 5)]"
"(1, 20, 17, 12, 0)","[(2, 6, 6, 0), (2, 6, 4, 0)]"
"(1, 20, 17, 17, 0)","[(2, 6, 6, 5), (2, 6, 6, 5), (2, 6, 4, 5), (2, 6, 4, 0), (2, 6, 6, 0), (2, 6, 4, 5)]"
"(1, 20, 20, 16, 0)","[(2, 6, '?', 0)]"
"(1, 20, 21, 13, 0)","[(2, 6, '?', 0)]"
"(1, 20, 25, 16, 0)","[(2, 6, '?', 0), (2, 6, '?', 0)]"
"(1, 25, 4, 2, 0)","[(3, 6, '?', 0)]"
"(1, 25, 6, 2, 0)","[(3, 6, '?', 5)]"
"(1, 25, 7, 2, 0)","[(0, 6, '?', 0), (0, 6, '?', 0)]"
"(1, 25, 7, 16, 0)","[(0, 6, '?', 0), (0, 6, '?', 0)]"
"(1, 25, 7, 20, 0)","[(0, 6, '?', 0)]"
"(1, 25, 9, 2, 0)","[(3, 6, '?', 5), (3, 6, '?', 5)]"
"(1, 25, 9, 13, 0)","[('?', 6, 5, 0), (5, 6, 5, 0)]"
"(1, 25, 10, 9, 0)","[(5, 6, '?', 0)]"
"(1, 25, 10, 10, 0)","[(5, 6, '?', 5), (5, 6, '?', 0)]"
"(1, 25, 10, 17, 0)","[(5, 6, '?', 5)]"
"(1, 25, 16, 13, 0)","[(4, 6, 5, 5)]"
"(1, 25, 17, 17, 0)","[(5, 6, '?', 0), (1, 6, '?', 5)]"
"(1, 25, 17, 25, 0)","[(5, 6, '?', 5), (5, 6, '?', 0), (1, 6, '?', 0), (5, 6, '?', 0), (1, 6, '?', 0), (1, 6, '?', 5), (5, 6, '?', 5)]"
"(1, 25, 21, 25, 0)","[('?', 6, '?', 0)]"
"(1, 25, 25, 2, 0)","[(3, 6, '?', 0), (3, 6, '?', 5), (3, 6, '?', 0)]"
"(1, 25, 25, 4, 0)","[('?', 6, '?', 5)]"
"(1, 25, 25, 9, 0)","[('?', 6, '?', 0), ('?', 6, '?', 5), ('?', 6, '?', 0)]"
"(1, 25, 25, 21, 0)","[('?', 6, '?', 0), ('?', 6, '?', 5)]"
"(1, 25, 25, 25, 0)","[('?', 6, '?', 0), ('?', 6, '?', 0), ('?', 6, '?', 0), ('?', 6, '?', 0), ('?', 6, '?', 5), ('?', 6, '?', 5), ('?', 6, '?', 0)]"
"(1, 25, 27, 16, 0)","[(0, 6, 2, 0), (0, 6, 2, 5)]"
"(1, 25, 27, 27, 0)","[(0, 6, 7, 0), (0, 6, 7, 5)]"
"(2, 1, 1, 11, 0)","[(6, 6, 0, 2)]"
"(2, 1, 11, 11, 0)","[(6, 6, 3, 1), (6, 6, 3, 1)]"
"(2, 1, 11, 12, 0)","[(6, 6, 0, 2)]"
"(2, 1, 11, 16, 0)","[(6, 6, 0, 2)]"
"(2, 1, 11, 25, 0)","[(6, 6, 0, 2), (6, 6, 0, 2)]"
"(2, 1, 13, 1, 0)","[(6, 6, 5, 1)]"
"(2, 1, 13, 11, 0)","[(6, 6, 5, 1)]"
"(2, 1, 16, 11, 0)","[(6, 6, 3, 1), (6, 6, 0, 2), (6, 6, 0, 2), (6, 6, 3, 1), (6, 6, 3, 1), (6, 6, 3, 1)]"
"(2, 1, 16, 16, 0)","[(6, 6, 3, 1)]"
"(2, 2, 3, 13, 0)","[(6, 5, 7, 6), (6, 5, 7, 6), (6, 5, 2, 7), (6, 5, 7, 7)]"
"(2, 2, 3, 17, 0)","[(6, 5, 6, 7)]"
"(2, 2, 8, 13, 0)","[(6, 5, 2, 1), (6, 5, 7, 2), (6, 5, 7, 2)]"
"(2, 2, 10, 1, 0)","[(6, 1, 6, 1), (6, 0, 6, 1), (6, 1, 6, 2), (6, 1, 6, 1), (6, 0, 6, 1), (6, 6, 6, 1)]"
"(2, 2, 10, 2, 0)","[(6, 5, 4, 7)]"
"(2, 2, 10, 3, 0)","[(6, 3, 4, '?'), (6, 3, 6, 3)]"
"(2, 2, 10, 5, 0)","[(6, 0, 4, '?'), (6, 1, 4, 4), (6, 0, 4, '?'), (6, 0, 6, 3), (6, 0, 4, '?')]"
"(2, 2, 10, 10, 0)","[(6, '?', 6, 7), (6, 3, 6, 3), (6, 3, 6, 4), (6, 5, 6, 4), (6, '?', 6, 4), (6, 3, 4, '?'), (6, '?', 6, '?'), (6, '?', 6, '?'), (6, '?', 6, '?')]"
"(2, 2, 10, 11, 0)","[(6, 7, 6, 1), (6, '?', 6, 1), (6, 2, 6, 2), (6, 2, 6, 2)]"
"(2, 2, 10, 12, 0)","[(6, '?', 6, 6)]"
"(2, 2, 10, 17, 0)","[(6, '?', 4, '?')]"
"(2, 2, 10, 19, 0)","[(6, 3, 4, 1)]"
"(2, 2, 10, 24, 0)","[(6, 0, 6, '?')]"
"(2, 2, 11, 5, 0)","[(6, 1, '?', 2)]"
"(2, 2, 11, 13, 0)","[(6, 3, 2, 2)]"
"(2, 2, 11, 25, 0)","[(6, '?', 7, 1)]"
"(2, 2, 11, 26, 0)","[(6, 7, '?', 1)]"
"(2, 2, 13, 3, 0)","[(6, 3, 7, 6), (6, 3, 2, 6), (6, 3, 2, 7), (6, 3, 7, 7), (6, 3, 7, '?'), (6, 3, 7, 1), (6, 3, 7, '?'), (6, 3, 2, 1), (6, 3, 7, '?'), (6, 3, 2, 6), (6, 3, 7, '?')]"
"(2, 2, 13, 8, 0)","[(6, 3, 2, 1), (6, 3, 2, 2)]"
"(2, 2, 13, 11, 0)","[(6, '?', 7, 1), (6, 6, 7, 2), (6, 1, 7, 1), (6, 6, 2, 1), (6, 6, 7, 1), (6, '?', 7, 2), (6, '?', 7, 2)]"
"(2, 2, 13, 13, 0)","[(6, 4, 7, '?'), (6, 4, 2, 6), (6, 5, 2, 7)]"
"(2, 2, 13, 19, 0)","[(6, 3, 2, 2)]"
"(2, 2, 13, 24, 0)","[(6, 1, 7, 4), (6, 0, 7, 4), (6, 1, 7, 4), (6, 1, 7, 3), (6, 6, 2, 3), (6, 1, 7, 4), (6, 6, 7, 4), (6, 1, 7, 1), (6, 6, 7, 3), (6, 6, 7, 4), (6, 1, 7, 4), (6, 1, 7, '?'), (6, 1, 7, 7), (6, 0, 7, '?'), (6, 6, 2, '?'), (6, 1, 7, '?')]"
"(2, 2, 13, 25, 0)","[(6, '?', 7, 3), (6, '?', 7, 4), (6, 3, 7, 7), (6, 4, 7, 4), (6, 0, 7, 3), (6, '?', 7, 4), (6, '?', 7, 3), (6, 3, 7, 6), (6, 4, 7, 4), (6, '?', 7, 7), (6, 3, 2, 3), (6, '?', 7, 4), (6, 1, 7, 7), (6, '?', 2, 6), (6, '?', 2, 7), (6, 3, 7, 4), (6, 6, 2, '?'), (6, 0, 7, 7), (6, 6, 2, 3), (6, 3, 7, 4), (6, 1, 7, 7), (6, 7, 7, '?'), (6, 5, 2, 6), (6, 0, 2, 4), (6, 3, 7, 4), (6, 2, 7, 6), (6, 6, 2, '?'), (6, 3, 7, '?'), (6, 4, 7, 4), (6, 3, 2, 7), (6, 4, 7, 4), (6, '?', 7, 6), (6, 5, 7, 3), (6, '?', 2, '?'), (6, '?', 7, 6), (6, '?', 7, 3), (6, 3, 2, 3), (6, 0, 7, 3), (6, 0, 7, 4), (6, 4, 7, '?'), (6, 4, 7, 4)]"
"(2, 2, 13, 26, 0)","[(6, 2, 7, 6), (6, 2, 7, 6), (6, 7, 7, 4)]"
"(2, 2, 17, 1, 0)","[(6, 0, 4, 2)]"
"(2, 2, 17, 4, 0)","[(6, 5, 4, '?')]"
"(2, 2, 17, 11, 0)","[(6, 7, 6, 1), (6, 5, 4, 2), (6, 5, 6, 1), (6, 4, 4, 1), (6, '?', 4, 2), (6, 5, 4, 2)]"
"(2, 2, 17, 12, 0)","[(6, 5, 6, '?')]"
"(2, 2, 17, 17, 0)","[(6, 4, 6, '?')]"
"(2, 2, 21, 10, 0)","[(6, 6, 4, '?'), (6, 6, 6, '?'), (6, 6, 6, '?')]"
"(2, 2, 21, 11, 0)","[(6, 6, 6, 2)]"
"(2, 2, 21, 13, 0)","[(6, 6, 2, 3)]"
"(2, 2, 22, 25, 0)","[(6, 5, '?', 6)]"
"(2, 2, 24, 2, 0)","[(6, 6, '?', '?')]"
"(2, 2, 24, 13, 0)","[(6, 6, 7, 6), (6, 6, 7, 3)]"
"(2, 2, 24, 16, 0)","[(6, 6, 7, 2)]"
"(2, 2, 25, 24, 0)","[(6, 1, 7, '?'), (6, 1, '?', 3)]"
"(2, 2, 26, 10, 0)","[(6, 2, 6, '?')]"
"(2, 2, 26, 13, 0)","[(6, 2, 7, 3)]"
"(2, 2, 26, 17, 0)","[(6, 2, 4, 3), (6, 7, 4, '?')]"
"(2, 2, 26, 25, 0)","[(6, 2, '?', '?'), (6, 2, '?', '?'), (6, 7, '?', '?')]"
"(2, 4, 11, 16, 0)","[(6, 4, 6, 2)]"
"(2, 4, 17, 17, 0)","[(6, 4, 6, 6)]"
"(2, 6, 4, 6, 0)","[(6, 7, 1, 2), (6, 7, 1, 2), (6, 2, 1, 2)]"
"(2, 6, 11, 4, 0)","[(6, 2, 3, 2)]"
"(2, 6, 11, 6, 0)","[(6, 2, 3, 2)]"
"(2, 6, 11, 19, 0)","[(6, 7, 3, 2)]"
"(2, 6, 13, 6, 0)","[(6, 2, 5, 2), (6, 2, 5, 2), (6, 7, 5, 1), (6, 7, 5, 1), (6, 2, 5, 1), (6, 7, 5, 1), (6, 2, 5, 1)]"
"(2, 6, 13, 11, 0)","[(6, 2, 5, 1)]"
"(2, 6, 16, 6, 0)","[(6, 2, 3, 1)]"
"(2, 8, 13, 16, 0)","[(6, 5, 5, 1)]"
"(2, 9, 1, 11, 0)","[(6, 6, 3, '?'), (6, 1, 3, '?'), (6, 6, 3, '?')]"
"(2, 9, 1, 15, 0)","[(6, 6, 3, '?'), (6, 6, 3, '?'), (6, 6, 3, '?')]"
"(2, 9, 1, 25, 0)","[(6, 1, 3, '?')]"
"(2, 9, 2, 9, 0)","[(6, '?', 1, 3)]"
"(2, 9, 2, 13, 0)","[(6, 4, 5, '?')]"
"(2, 9, 2, 24, 0)","[(6, 0, 5, '?')]"
"(2, 9, 3, 4, 0)","[(6, 5, 1, '?')]"
"(2, 9, 3, 9, 0)","[(6, 5, 1, 3), (6, 5, 1, 3), (6, 5, 1, 3)]"
"(2, 9, 3, 12, 0)","[(6, 5, 1, '?'), (6, 5, 1, '?'), (6, 5, 1, 3), (6, 5, 1, '?')]"
"(2, 9, 3, 13, 0)","[(6, 5, 5, '?'), (6, 5, 5, 0), (6, 5, 5, '?'), (6, 5, 5, '?'), (6, 5, 5, '?')]"
"(2, 9, 3, 17, 0)","[(6, 5, 1, '?')]"
"(2, 9, 3, 25, 0)","[(6, 5, 5, '?'), (6, 5, 2, 7), (6, 5, '?', 0), (6, 5, 5, '?'), (6, 5, '?', '?'), (6, 5, 5, 0)]"
"(2, 9, 4, 6, 0)","[(6, 2, 1, 2)]"
"(2, 9, 4, 9, 0)","[(6, 4, 1, 3), (6, 4, 1, 0)]"
"(2, 9, 4, 10, 0)","[(6, '?', 1, 0)]"
"(2, 9, 4, 12, 0)","[(6, 1, 1, '?'), (6, 1, 1, '?'), (6, 1, 1, '?')]"
"(2, 9, 6, 6, 0)","[(6, 7, 3, 2), (6, 2, 3, '?'), (6, 2, 3, '?'), (6, 2, 3, '?')]"
"(2, 9, 6, 11, 0)","[(6, 2, 3, '?'), (6, 2, 3, '?'), (6, 7, 0, '?'), (6, 2, 0, 1), (6, 2, 3, '?'), (6, 2, 3, '?'), (6, 7, 0, '?'), (6, 7, 0, '?'), (6, 2, 3, 0)]"
"(2, 9, 6, 25, 0)","[(6, 7, 0, '?'), (6, 2, 3, '?')]"
"(2, 9, 8, 2, 0)","[(6, 5, '?', 2)]"
"(2, 9, 8, 11, 0)","[(6, 5, 0, 2), (6, 5, 0, '?'), (6, 5, 3, 4), (6, 5, 0, '?'), (6, 5, 0, 0), (6, 5, 0, 2), (6, 5, 0, '?'), (6, 5, 0, 1), (6, 5, 0, 1)]"
"(2, 9, 8, 16, 0)","[(6, 5, 3, 2)]"
"(2, 9, 8, 25, 0)","[(6, 5, 0, '?'), (6, 5, 0, 3), (6, 5, 0, '?'), (6, 5, 0, 3), (6, 5, 0, '?')]"
"(2, 9, 10, 5, 0)","[(6, 1, 1, '?')]"
"(2, 9, 11, 1, 0)","[(6, 0, 0, '?'), (6, 0, 3, '?')]"
"(2, 9, 11, 3, 0)","[(6, 3, 3, '?')]"
"(2, 9, 11, 5, 0)","[(6, 0, 3, '?'), (6, 0, 0, '?'), (6, 1, 3, '?'), (6, 0, 3, '?'), (6, 0, 0, '?'), (6, 0, 0, '?'), (6, 1, 3, '?'), (6, 0, 0, '?'), (6, 0, 3, '?'), (6, 1, 3, '?'), (6, 1, 3, '?'), (6, 1, 0, '?')]"
"(2, 9, 11, 11, 0)","[(6, 4, 3, '?'), (6, 4, 3, '?')]"
"(2, 9, 11, 12, 0)","[(6, 4, 3, '?'), (6, 5, 3, 0), (6, 5, 3, 0)]"
"(2, 9, 11, 15, 0)","[(6, 3, 3, 3), (6, 3, 3, '?'), (6, 5, 3, 4)]"
"(2, 9, 11, 19, 0)","[(6, 3, 0, '?'), (6, 3, 3, '?'), (6, 3, 3, 2), (6, 3, 0, '?'), (6, 3, 3, '?')]"
"(2, 9, 11, 22, 0)","[(6, 3, 0, '?'), (6, 3, 0, '?'), (6, 3, 0, '?'), (6, 3, 0, 3), (6, 3, 0, '?')]"
"(2, 9, 11, 24, 0)","[(6, 0, 3, '?'), (6, 0, 3, '?'), (6, 0, 0, '?'), (6, 1, 0, '?'), (6, 0, 3, '?'), (6, 0, 0, '?'), (6, 1, 0, '?'), (6, 1, 3, '?'), (6, 0, 0, 0), (6, 0, 0, '?'), (6, 0, 3, '?'), (6, 1, 0, '?'), (6, 1, 0, '?')]"
"(2, 9, 11, 25, 0)","[(6, '?', 0, '?'), (6, '?', 0, '?'), (6, '?', 0, '?'), (6, 5, 0, 5), (6, 5, 0, 5), (6, 5, 3, 5), (6, 3, 0, '?'), (6, 3, 3, '?'), (6, 3, 3, 3), (6, '?', 0, '?'), (6, 5, 0, 0), (6, 5, 0, 3), (6, 4, 3, '?'), (6, 5, 0, '?'), (6, '?', 0, '?'), (6, 3, 3, '?'), (6, 5, 0, 3), (6, 5, 0, 0), (6, 3, 0, '?'), (6, '?', 0, '?'), (6, 3, 0, 3)]"
"(2, 9, 12, 3, 0)","[(6, 3, 1, 0), (6, 3, 1, 0), (6, 3, 1, 5), (6, 3, 1, 0)]"
"(2, 9, 12, 5, 0)","[(6, 1, 1, '?')]"
"(2, 9, 12, 9, 0)","[(6, 1, 1, '?'), (6, '?', 1, 0), (6, 5, 1, '?'), (6, '?', 1, '?'), (6, 4, 1, 4), (6, 3, 1, 0), (6, '?', 1, 5), (6, '?', 1, '?'), (6, 3, 1, 0), (6, '?', 1, '?'), (6, 0, 1, 5), (6, '?', 1, '?'), (6, '?', 1, '?'), (6, '?', 1, 0), (6, '?', 1, '?'), (6, '?', 1, '?'), (6, '?', 1, 4), (6, 5, 1, 5), (6, 1, 1, '?'), (6, 5, 1, 5), (6, '?', 1, '?'), (6, 5, 1, '?'), (6, '?', 1, 5), (6, 5, 1, '?')]"
"(2, 9, 12, 12, 0)","[(6, 3, 1, 0)]"
"(2, 9, 12, 21, 0)","[(6, 6, 1, 5)]"
"(2, 9, 12, 25, 0)","[(6, 6, 1, '?')]"
"(2, 9, 12, 26, 0)","[(6, 7, 1, '?'), (6, 7, 1, 1)]"
"(2, 9, 13, 3, 0)","[(6, 3, 5, '?'), (6, 3, 5, '?'), (6, 3, 5, '?'), (6, 3, 5, '?')]"
"(2, 9, 13, 6, 0)","[(6, 2, 5, '?')]"
"(2, 9, 13, 9, 0)","[(6, 4, 5, '?'), (6, 4, 5, '?'), (6, '?', 5, '?'), (6, '?', 5, '?'), (6, 4, 5, '?'), (6, 4, 5, '?'), (6, 4, 5, '?')]"
"(2, 9, 13, 11, 0)","[(6, 4, 5, '?'), (6, 5, 5, 5)]"
"(2, 9, 13, 16, 0)","[(6, 4, 5, '?')]"
"(2, 9, 13, 22, 0)","[(6, 3, 5, '?')]"
"(2, 9, 13, 24, 0)","[(6, 0, 5, '?'), (6, 0, 5, '?'), (6, 0, 5, '?'), (6, 0, 5, '?')]"
"(2, 9, 13, 25, 0)","[(6, '?', 5, '?'), (6, '?', 5, '?'), (6, '?', 5, '?'), (6, '?', 5, '?'), (6, '?', 5, '?')]"
"(2, 9, 13, 26, 0)","[(6, 2, 5, '?'), (6, 7, 5, 1), (6, 2, 5, '?'), (6, 2, 5, '?')]"
"(2, 9, 16, 16, 0)","[(6, 4, 0, 5), (6, 4, 3, '?')]"
"(2, 9, 17, 5, 0)","[(6, 1, 1, '?')]"
"(2, 9, 21, 2, 0)","[(6, 6, 1, '?')]"
"(2, 9, 21, 4, 0)","[(6, 6, 1, '?')]"
"(2, 9, 21, 9, 0)","[(6, 6, 1, 0)]"
"(2, 9, 21, 12, 0)","[(6, 6, 1, 0), (6, 6, 1, 0)]"
"(2, 9, 21, 13, 0)","[(6, 6, 5, '?'), (6, 6, 5, '?'), (6, 6, 5, '?')]"
"(2, 9, 21, 17, 0)","[(6, 6, 1, 5)]"
"(2, 9, 22, 25, 0)","[(6, 5, 5, 0), (6, 5, 5, '?'), (6, 5, '?', 7)]"
"(2, 9, 24, 9, 0)","[(6, 6, 1, '?'), (6, 6, 1, 5), (6, 6, 1, '?')]"
"(2, 9, 24, 10, 0)","[(6, 6, 1, 5)]"
"(2, 9, 24, 11, 0)","[(6, 6, 0, 0)]"
"(2, 9, 24, 13, 0)","[(6, 6, 5, '?'), (6, 6, 5, '?'), (6, 6, 5, '?'), (6, 6, 5, '?'), (6, 6, 5, '?')]"
"(2, 9, 24, 15, 0)","[(6, 6, 3, 0)]"
"(2, 9, 25, 3, 0)","[(6, 3, 5, '?')]"
"(2, 9, 26, 4, 0)","[(6, 2, 1, '?'), (6, 2, 1, 0), (6, 2, 1, '?'), (6, 2, 1, '?')]"
"(2, 9, 26, 10, 0)","[(6, 7, 1, '?')]"
"(2, 9, 26, 12, 0)","[(6, 2, 1, '?'), (6, 2, 1, 5), (6, 2, 1, '?'), (6, 2, 1, '?'), (6, 2, 1, '?'), (6, 7, 1, '?'), (6, 7, 1, '?')]"
"(2, 9, 26, 13, 0)","[(6, 2, 5, '?')]"
"(2, 10, 6, 10, 0)","[(6, 2, 4, 2)]"
"(2, 10, 8, 10, 0)","[(6, 5, 6, 1)]"
"(2, 10, 10, 1, 0)","[(6, 0, 6, 2), (6, 0, 4, 2), (6, 1, 6, 1), (6, 0, 6, 2), (6, 0, 4, 2), (6, 6, 6, 2), (6, 0, 6, 2), (6, 0, 4, 2), (6, 1, 6, 2), (6, 0, 4, 2), (6, 0, 6, 1), (6, 0, 6, 2), (6, 1, 6, 1), (6, 1, 6, 2), (6, 1, 6, 1)]"
"(2, 10, 10, 3, 0)","[(6, 3, 4, '?')]"
"(2, 10, 10, 5, 0)","[(6, 1, 6, '?'), (6, 0, 4, '?'), (6, 0, 4, '?'), (6, 0, 4, '?'), (6, 0, 6, '?'), (6, 0, 6, 3), (6, 0, 6, 6), (6, 0, 6, '?'), (6, 0, 6, '?'), (6, 1, 6, '?'), (6, 0, 6, '?'), (6, 0, 4, '?'), (6, 0, 6, '?')]"
"(2, 10, 10, 10, 0)","[(6, 3, 6, '?'), (6, 5, 4, '?'), (6, '?', 6, '?'), (6, '?', 4, '?'), (6, '?', 4, '?'), (6, '?', 6, '?'), (6, 5, 4, 3), (6, 5, 6, 3), (6, 5, 6, '?'), (6, 5, 6, '?'), (6, '?', 6, '?'), (6, '?', 4, '?'), (6, 3, 6, '?'), (6, '?', 6, '?'), (6, 5, 6, 4), (6, '?', 4, '?'), (6, 5, 6, 3), (6, 5, 4, '?'), (6, 5, 4, '?'), (6, 5, 6, 4), (6, 5, 6, '?'), (6, 2, 6, '?'), (6, '?', 4, '?'), (6, 5, 4, '?'), (6, '?', 6, '?')]"
"(2, 10, 10, 11, 0)","[(6, '?', 4, 2), (6, 5, 6, 2), (6, 5, 4, 2), (6, 4, 4, 2), (6, '?', 6, 2), (6, 7, 6, 1), (6, '?', 6, 1), (6, '?', 4, 1), (6, 7, 6, 1), (6, 4, 4, 2), (6, '?', 4, 2), (6, '?', 6, 2), (6, '?', 6, 2), (6, '?', 6, 1), (6, '?', 6, 2), (6, 4, 4, 2), (6, '?', 6, 2), (6, '?', 4, 1), (6, 2, 6, 1), (6, '?', 4, 2), (6, 7, 6, 1), (6, 2, 6, 1), (6, '?', 6, 2), (6, '?', 4, 2), (6, '?', 4, 1), (6, 5, 6, 1), (6, 3, 6, 1), (6, 3, 6, 1), (6, 4, 6, 2), (6, '?', 6, 1), (6, '?', 4, 2), (6, 2, 6, 1), (6, 7, 6, 1), (6, '?', 4, 1)]"
"(2, 10, 10, 12, 0)","[(6, 5, 4, '?'), (6, '?', 6, '?'), (6, 5, 6, 3)]"
"(2, 10, 10, 14, 0)","[(6, 1, 6, '?')]"
"(2, 10, 10, 23, 0)","[(6, 3, 4, '?')]"
"(2, 10, 10, 26, 0)","[(6, 2, 6, '?')]"
"(2, 10, 12, 26, 0)","[(6, 2, 4, 4)]"
"(2, 10, 17, 1, 0)","[(6, 6, 4, 1), (6, 6, 6, 1), (6, 1, 6, 2), (6, 1, 6, 2)]"
"(2, 10, 17, 2, 0)","[(6, 5, 4, '?')]"
"(2, 10, 17, 3, 0)","[(6, 3, 6, '?')]"
"(2, 10, 17, 5, 0)","[(6, 1, 6, '?')]"
"(2, 10, 17, 6, 0)","[(6, 7, 4, 1), (6, 2, 4, 2)]"
"(2, 10, 17, 8, 0)","[(6, 5, 6, 2)]"
"(2, 10, 17, 10, 0)","[(6, '?', 4, '?'), (6, 4, 4, '?')]"
"(2, 10, 17, 11, 0)","[(6, '?', 6, 1), (6, '?', 6, 1), (6, 7, 6, 1), (6, '?', 6, 1), (6, 5, 4, 2), (6, 5, 6, 2), (6, 5, 6, 2), (6, '?', 6, 1), (6, 5, 4, 2), (6, 4, 6, 2), (6, 5, 6, 2)]"
"(2, 10, 17, 12, 0)","[(6, 5, 6, 1), (6, 4, 6, 6), (6, 5, 4, 4), (6, 5, 4, 3), (6, 5, 4, '?'), (6, 5, 4, 3)]"
"(2, 10, 17, 19, 0)","[(6, 3, 4, 1), (6, 3, 6, 2), (6, 3, 6, 2), (6, 3, 6, '?'), (6, 3, 4, 1), (6, 3, 4, 1), (6, 3, 6, 2), (6, 3, 4, 1), (6, 3, 4, 1)]"
"(2, 10, 17, 23, 0)","[(6, 3, 4, '?')]"
"(2, 10, 17, 26, 0)","[(6, 7, 4, '?')]"
"(2, 10, 21, 10, 0)","[(6, 6, 6, '?')]"
"(2, 10, 21, 11, 0)","[(6, 6, 6, 1), (6, 6, 6, 1)]"
"(2, 10, 21, 16, 0)","[(6, 6, 6, 1)]"
"(2, 10, 26, 6, 0)","[(6, 2, 6, 1), (6, 2, 4, 1), (6, 2, 4, 1), (6, 2, 4, 1), (6, 2, 4, 1), (6, 2, 4, 1)]"
"(2, 10, 26, 10, 0)","[(6, 7, 4, 4), (6, 2, 4, 4)]"
"(2, 10, 26, 11, 0)","[(6, 2, 6, 1), (6, 7, 4, 1), (6, 7, 4, 1)]"
"(2, 10, 26, 17, 0)","[(6, 7, 4, '?'), (6, 2, 4, 4), (6, 2, 6, '?'), (6, 7, 4, '?'), (6, 2, 4, 4), (6, 2, 6, '?'), (6, 7, 4, 4)]"
"(2, 11, 1, 11, 0)","[(6, 1, 3, 1), (6, 1, 3, 1), (6, 1, 3, 1)]"
"(2, 11, 2, 3, 0)","[(6, 3, 5, 2), (6, 3, 1, 1), (6, 3, 1, 2)]"
"(2, 11, 2, 8, 0)","[(6, 3, 5, 2)]"
"(2, 11, 2, 11, 0)","[(6, 0, 1, 2), (6, 1, 1, 1)]"
"(2, 11, 2, 13, 0)","[(6, '?', 5, 1), (6, '?', 5, 1), (6, 0, 5, 2), (6, 3, 5, 2), (6, '?', 5, 1), (6, '?', 5, 1)]"
"(2, 11, 2, 19, 0)","[(6, 3, 1, 1), (6, 3, 3, 1), (6, 3, 3, 2)]"
"(2, 11, 2, 23, 0)","[(6, 3, 5, 2)]"
"(2, 11, 2, 24, 0)","[(6, 0, 5, 2), (6, 0, 5, 2)]"
"(2, 11, 3, 10, 0)","[(6, 5, 1, 2)]"
"(2, 11, 3, 12, 0)","[(6, 5, 1, 2)]"
"(2, 11, 3, 13, 0)","[(6, 5, 5, 1), (6, 5, 5, 1), (6, 5, 5, 1)]"
"(2, 11, 3, 17, 0)","[(6, 5, 1, 2)]"
"(2, 11, 3, 25, 0)","[(6, 5, 5, 1)]"
"(2, 11, 4, 3, 0)","[(6, 3, 1, 1), (6, 3, 1, 2), (6, 3, 1, 2), (6, 3, 1, 2)]"
"(2, 11, 4, 5, 0)","[(6, 1, 1, 2)]"
"(2, 11, 4, 6, 0)","[(6, 7, 1, 2)]"
"(2, 11, 4, 9, 0)","[(6, 4, 1, 1), (6, 4, 1, 1), (6, 4, 1, 1)]"
"(2, 11, 4, 11, 0)","[(6, '?', 1, 1), (6, 4, 1, 1), (6, 1, 1, 2), (6, '?', 1, 1), (6, '?', 1, 2), (6, '?', 1, 2), (6, 4, 1, 1), (6, 0, 1, 2), (6, '?', 1, 2), (6, 4, 1, 1)]"
"(2, 11, 4, 12, 0)","[(6, 0, 1, 2), (6, 4, 1, 1), (6, 1, 1, 1)]"
"(2, 11, 4, 16, 0)","[(6, 4, 1, 1), (6, 4, '?', 2)]"
"(2, 11, 6, 6, 0)","[(6, 7, 0, 2), (6, 2, 0, 1), (6, 7, 3, 2), (6, 2, 3, 2)]"
"(2, 11, 6, 11, 0)","[(6, 2, 3, 1), (6, 2, 3, 1), (6, 2, 0, 1), (6, 7, 0, 2), (6, 2, 3, 2), (6, 7, 0, 2), (6, 2, 3, 1), (6, 7, 0, 2), (6, 2, 3, 1), (6, 2, 3, 2), (6, 7, 0, 2), (6, 2, 3, 2), (6, 2, 3, 1), (6, 2, 3, 1), (6, 2, 3, 1)]"
"(2, 11, 6, 15, 0)","[(6, 7, 3, 2), (6, 7, 3, 2)]"
"(2, 11, 6, 25, 0)","[(6, 2, 0, 1)]"
"(2, 11, 8, 11, 0)","[(6, 5, 3, 1), (6, 5, 0, 1), (6, 5, 0, 1), (6, 5, 3, 2), (6, 5, 3, 1), (6, 5, 0, 1), (6, 5, 3, 1), (6, 5, 0, 1), (6, 5, 3, 1), (6, 5, 0, 1), (6, 5, 0, 2)]"
"(2, 11, 8, 25, 0)","[(6, 5, 0, 2), (6, 5, 0, 1), (6, 5, 0, 2)]"
"(2, 11, 10, 5, 0)","[(6, 1, 1, 2)]"
"(2, 11, 10, 10, 0)","[(6, 1, 1, 2)]"
"(2, 11, 10, 22, 0)","[(6, 5, 1, 2)]"
"(2, 11, 11, 1, 0)","[(6, 1, 0, 1), (6, 1, 3, 2), (6, 1, 0, 2), (6, 1, 0, 1)]"
"(2, 11, 11, 3, 0)","[(6, 3, 0, 1)]"
"(2, 11, 11, 5, 0)","[(6, 1, 3, 2), (6, 1, 0, 2), (6, 0, 0, 2), (6, 1, 3, 2), (6, 0, 0, 2), (6, 1, 3, 2), (6, 1, 0, 2), (6, 1, 0, 1), (6, 0, 3, 2), (6, 0, 3, 2), (6, 1, 3, 1)]"
"(2, 11, 11, 6, 0)","[(6, 2, 3, 1)]"
"(2, 11, 11, 11, 0)","[(6, 4, 3, 2), (6, 5, 3, 1), (6, 5, 3, 1), (6, '?', 3, 1), (6, 4, 0, 2), (6, 4, 0, 1), (6, 5, 3, 1), (6, 5, 3, 2), (6, 4, 0, 2), (6, 4, 3, 2), (6, 7, 0, 2), (6, '?', 3, 2), (6, 4, 0, 2), (6, '?', 3, 1), (6, '?', 3, 2), (6, 4, 0, 1), (6, 4, 3, 2), (6, 4, 0, 1), (6, '?', 0, 2)]"
"(2, 11, 11, 12, 0)","[(6, 5, 3, 1), (6, 5, 3, 2), (6, 7, 0, 2), (6, 5, 0, 1), (6, 5, 3, 2), (6, 4, 3, 2)]"
"(2, 11, 11, 15, 0)","[(6, '?', 3, 1)]"
"(2, 11, 11, 16, 0)","[(6, 4, 0, 2), (6, 4, 0, 2), (6, 4, 3, 2), (6, 4, 0, 1), (6, 4, 0, 2), (6, 4, 0, 1)]"
"(2, 11, 11, 19, 0)","[(6, 3, 0, 1), (6, 3, 3, 2), (6, 3, 3, 1), (6, 3, 0, 1), (6, 3, 3, 1), (6, 3, 3, 1), (6, 3, 3, 1), (6, 3, 3, 1), (6, 3, 0, 1), (6, 3, 3, 2)]"
"(2, 11, 11, 22, 0)","[(6, 3, 0, 1), (6, 3, 0, 1), (6, 3, 3, 2)]"
"(2, 11, 11, 24, 0)","[(6, 0, 0, 2), (6, 1, 3, 2), (6, 0, 0, 2), (6, 1, 3, 1), (6, 0, 3, 2), (6, 1, 3, 1), (6, 1, 3, 2), (6, 0, 3, 2), (6, 0, 0, 2), (6, 1, 3, 2), (6, 1, 0, 1), (6, 1, 3, 2), (6, 1, 0, 2), (6, 0, 0, 2), (6, 1, 0, 2), (6, 1, 0, 1), (6, 1, 3, 2), (6, 0, 3, 2), (6, 1, 0, 2), (6, 0, 3, 2), (6, 1, 0, 2), (6, 1, 3, 1), (6, 1, 0, 1)]"
"(2, 11, 11, 25, 0)","[(6, '?', 3, 2), (6, '?', 3, 2), (6, 4, 3, 2), (6, 5, 3, 2), (6, 3, 3, 2), (6, '?', 3, 2), (6, '?', 0, 2), (6, 3, 3, 2), (6, 5, 0, 1), (6, '?', 3, 2), (6, 4, 3, 2), (6, '?', 0, 2), (6, 7, 0, 2), (6, 4, 3, 2), (6, '?', 3, 1), (6, '?', 3, 2), (6, '?', 3, 1), (6, 2, 3, 2), (6, 3, 3, 2), (6, '?', 0, 2), (6, '?', 0, 2), (6, 5, 3, 1), (6, '?', 0, 2), (6, '?', 3, 1), (6, 4, 3, 2), (6, 5, 3, 2), (6, '?', 3, 2), (6, 5, 3, 2), (6, 5, 0, 2)]"
"(2, 11, 11, 26, 0)","[(6, 2, 3, 2), (6, 2, 0, 1)]"
"(2, 11, 12, 3, 0)","[(6, 3, 1, 1)]"
"(2, 11, 12, 6, 0)","[(6, 7, 1, 2)]"
"(2, 11, 12, 11, 0)","[(6, '?', 1, 2), (6, '?', 1, 2), (6, 0, 1, 2), (6, '?', 1, 1), (6, 0, 1, 2), (6, 0, 1, 2), (6, 1, 1, 2), (6, 5, 1, 2), (6, 1, 1, 1), (6, 3, 1, 1), (6, 3, 1, 2), (6, 0, 1, 2), (6, 1, 1, 1), (6, 0, 1, 2)]"
"(2, 11, 12, 12, 0)","[(6, 7, 1, 2), (6, 5, 1, 2)]"
"(2, 11, 12, 25, 0)","[(6, 3, 1, 2), (6, 1, 1, 1), (6, 1, 1, 1), (6, 3, 1, 2), (6, 3, 1, 2), (6, 2, 1, 2), (6, 1, 1, 1), (6, 3, 1, 1), (6, 3, 1, 1)]"
"(2, 11, 12, 26, 0)","[(6, 7, 1, 2), (6, 7, 1, 1), (6, 7, 1, 2)]"
"(2, 11, 13, 1, 0)","[(6, 0, 5, 1), (6, 0, 5, 2), (6, 0, 5, 1), (6, 0, 5, 2), (6, 0, 5, 1), (6, 0, 5, 1), (6, 0, 5, 2), (6, 0, 5, 1)]"
"(2, 11, 13, 3, 0)","[(6, 3, 5, 2), (6, 3, 5, 2), (6, 3, 5, 2), (6, 3, 5, 2)]"
"(2, 11, 13, 6, 0)","[(6, 7, 5, 2), (6, 7, 5, 2), (6, 7, 5, 1), (6, 2, 5, 1), (6, 2, 5, 1), (6, 2, 5, 1), (6, 7, 5, 2), (6, 2, 5, 2), (6, 7, 5, 2), (6, 2, 5, 2), (6, 7, 5, 2), (6, 2, 5, 1)]"
"(2, 11, 13, 11, 0)","[(6, 2, 5, 2), (6, 2, 5, 1), (6, '?', 5, 1), (6, 4, 5, 1), (6, 4, 5, 1), (6, '?', 5, 1), (6, 5, 5, 1), (6, 4, 5, 1), (6, 4, 5, 2), (6, 7, 5, 2), (6, 5, 5, 1), (6, 4, 5, 2), (6, 4, 5, 2), (6, '?', 5, 1)]"
"(2, 11, 13, 16, 0)","[(6, 4, 5, 1), (6, 4, 5, 2), (6, 4, 5, 1), (6, 4, 5, 1), (6, 4, 5, 2), (6, 4, 5, 1), (6, 4, 5, 2), (6, 4, 5, 2)]"
"(2, 11, 13, 19, 0)","[(6, 3, 5, 2)]"
"(2, 11, 13, 24, 0)","[(6, 0, 5, 2), (6, 0, 5, 2), (6, 0, 5, 2), (6, 0, 5, 1), (6, 0, 5, 1), (6, 0, 5, 1)]"
"(2, 11, 13, 25, 0)","[(6, '?', 5, 1), (6, '?', 5, 1)]"
"(2, 11, 13, 26, 0)","[(6, 7, 5, 1), (6, 2, 5, 2), (6, 7, 5, 1), (6, 7, 5, 1), (6, 7, 5, 1)]"
"(2, 11, 16, 16, 0)","[(6, 4, 0, 2), (6, 4, 0, 2), (6, 4, 0, 1)]"
"(2, 11, 21, 13, 0)","[(6, 6, 5, 1), (6, 6, 5, 1), (6, 6, 5, 1), (6, 6, 5, 1)]"
"(2, 11, 22, 13, 0)","[(6, 5, 5, 1)]"
"(2, 11, 22, 25, 0)","[(6, 5, 1, 2)]"
"(2, 11, 24, 13, 0)","[(6, 6, 5, 1), (6, 6, 5, 1), (6, 6, 5, 1)]"
"(2, 11, 25, 3, 0)","[(6, 3, 5, 2)]"
"(2, 11, 25, 9, 0)","[(6, 4, 5, 1)]"
"(2, 11, 25, 13, 0)","[(6, 4, 5, 2)]"
"(2, 11, 26, 4, 0)","[(6, 7, 1, 1)]"
"(2, 11, 26, 6, 0)","[(6, 2, 1, 2)]"
"(2, 11, 26, 12, 0)","[(6, 7, 1, 1)]"
"(2, 11, 26, 25, 0)","[(6, 2, 1, 2), (6, 2, 1, 2), (6, 7, 1, 1), (6, 2, 1, 2)]"
"(2, 12, 10, 1, 0)","[(6, 1, 6, 2)]"
"(2, 12, 17, 1, 0)","[(6, 0, 6, 2), (6, 0, 6, 2)]"
"(2, 12, 26, 10, 0)","[(6, 7, 4, 1)]"
"(2, 13, 1, 11, 0)","[(6, 6, 7, 1)]"
"(2, 13, 2, 13, 0)","[(6, 1, 7, '?')]"
"(2, 13, 2, 25, 0)","[(6, 4, 7, 6)]"
"(2, 13, 3, 9, 0)","[(6, 5, 2, 7), (6, 5, 2, 7)]"
"(2, 13, 3, 11, 0)","[(6, 5, 2, 2)]"
"(2, 13, 3, 13, 0)","[(6, 5, 7, '?')]"
"(2, 13, 3, 25, 0)","[(6, 5, 7, '?'), (6, 5, 7, 4), (6, 5, 7, 4), (6, 5, 7, '?'), (6, 5, 2, 3), (6, 5, 2, 7), (6, 5, 7, '?'), (6, 5, 2, 1), (6, 5, 2, 4)]"
"(2, 13, 5, 12, 0)","[(6, 0, 7, '?')]"
"(2, 13, 6, 6, 0)","[(6, 2, 7, 2)]"
"(2, 13, 6, 11, 0)","[(6, 7, 7, 2), (6, 2, 2, 1), (6, 7, 7, 1), (6, 2, 7, 1), (6, 7, 7, 1), (6, 7, 7, 1)]"
"(2, 13, 6, 12, 0)","[(6, 2, 7, 2)]"
"(2, 13, 6, 13, 0)","[(6, 2, 7, 2), (6, 2, 2, 1), (6, 2, 7, 2), (6, 7, 7, 2), (6, 2, 2, 1), (6, 7, 7, 1)]"
"(2, 13, 6, 25, 0)","[(6, 2, 7, 1), (6, 7, '?', 2), (6, 2, 2, 1), (6, 2, 2, 1)]"
"(2, 13, 8, 2, 0)","[(6, 5, 7, 2)]"
"(2, 13, 8, 11, 0)","[(6, 5, 2, 2), (6, 5, 2, 1), (6, 5, 2, 1), (6, 5, 7, 2), (6, 5, 7, 1), (6, 5, 2, 2), (6, 5, 7, 1), (6, 5, 7, 1), (6, 5, 7, 1), (6, 5, 7, 1), (6, 5, 2, 2), (6, 5, 2, 2), (6, 5, 2, 2), (6, 5, 2, 1), (6, 5, 2, 2), (6, 5, 7, 1), (6, 5, 2, 2)]"
"(2, 13, 8, 16, 0)","[(6, 5, 2, 1), (6, 5, 2, 1)]"
"(2, 13, 8, 25, 0)","[(6, 5, 2, 1), (6, 5, 2, 2), (6, 5, 7, 2), (6, 5, 7, 1), (6, 5, 2, 1)]"
"(2, 13, 9, 16, 0)","[(6, 4, 7, '?')]"
"(2, 13, 11, 1, 0)","[(6, 6, 2, 2)]"
"(2, 13, 11, 3, 0)","[(6, 3, 7, 1)]"
"(2, 13, 11, 5, 0)","[(6, 0, 2, 2), (6, 0, 7, 1), (6, 0, 7, 1), (6, 0, 2, 1), (6, 0, 2, 1), (6, 0, 2, 2), (6, 0, 2, 2), (6, 1, 2, 1), (6, 1, 2, 1), (6, 1, 2, 1), (6, 0, 2, 2), (6, 0, 2, 2), (6, 1, 2, 1), (6, 1, 7, 1), (6, 0, 7, 1)]"
"(2, 13, 11, 11, 0)","[(6, 4, '?', 1)]"
"(2, 13, 11, 12, 0)","[(6, '?', 7, 2), (6, '?', 2, 2), (6, 4, 7, 2), (6, '?', 2, 1), (6, 6, 2, 1), (6, '?', 2, 2), (6, '?', 2, 1), (6, '?', 7, 2), (6, '?', 7, 1), (6, 0, 2, 1), (6, '?', 2, 2), (6, '?', 2, 2), (6, '?', 2, 2), (6, '?', 7, 2), (6, '?', 7, 2), (6, '?', 7, 1)]"
"(2, 13, 11, 13, 0)","[(6, 6, 2, 1), (6, 6, 2, 1), (6, '?', 7, 2), (6, 0, 7, 2), (6, 0, 7, 2), (6, 6, 2, 1), (6, 6, 2, 1), (6, 4, 2, 1), (6, 7, '?', 1), (6, '?', 2, 1), (6, 4, 2, 1)]"
"(2, 13, 11, 14, 0)","[(6, 0, 7, 1), (6, 0, 2, 1)]"
"(2, 13, 11, 16, 0)","[(6, 4, 7, 2), (6, 4, 7, 2), (6, 4, 2, 1), (6, 4, 2, 1), (6, 4, 2, 1), (6, 4, 2, 1), (6, 4, '?', 2), (6, 4, '?', 1)]"
"(2, 13, 11, 19, 0)","[(6, 3, 7, 1), (6, 3, 7, 2), (6, 3, 2, 2), (6, 3, 2, 2), (6, 3, 2, 1)]"
"(2, 13, 11, 24, 0)","[(6, 1, 2, 1), (6, 1, 7, 1), (6, 0, 7, 2), (6, 0, 2, 2), (6, 0, 7, 1), (6, 1, 7, 1), (6, 1, 2, 1), (6, 1, 2, 1), (6, 1, 7, 1), (6, 1, 7, 1), (6, 0, 7, 1), (6, 1, 7, 1)]"
"(2, 13, 11, 25, 0)","[(6, 7, 2, 1), (6, '?', 7, 1), (6, 7, 2, 1), (6, '?', 7, 1), (6, 2, 7, 2), (6, 0, 7, 1), (6, 0, 2, 2), (6, 4, 7, 2), (6, 2, 2, 1), (6, 7, 7, 1), (6, 2, 2, 1), (6, '?', 7, 1), (6, 7, 2, 1), (6, '?', 2, 2), (6, '?', 2, 1), (6, 2, 2, 1)]"
"(2, 13, 11, 26, 0)","[(6, 7, 7, 2), (6, 7, 2, 1), (6, 2, 6, 2), (6, 7, 7, 2), (6, 2, 2, 1), (6, 7, 7, 2), (6, 7, 2, 1), (6, 7, 2, 1)]"
"(2, 13, 12, 25, 0)","[(6, 4, 7, 6)]"
"(2, 13, 13, 1, 0)","[(6, 1, 7, 7), (6, 1, 7, '?')]"
"(2, 13, 13, 5, 0)","[(6, 1, 2, '?'), (6, 0, 7, '?')]"
"(2, 13, 13, 11, 0)","[(6, 4, 2, '?'), (6, 4, 2, '?'), (6, 4, 2, '?')]"
"(2, 13, 13, 16, 0)","[(6, 4, 2, '?'), (6, 4, 7, '?'), (6, 4, 2, '?'), (6, 4, 7, '?'), (6, 4, 2, '?')]"
"(2, 13, 13, 19, 0)","[(6, 3, 7, '?'), (6, 3, 7, '?'), (6, 3, 7, '?')]"
"(2, 13, 13, 24, 0)","[(6, 1, 2, '?'), (6, 0, 7, 6)]"
"(2, 13, 13, 25, 0)","[(6, 4, 7, 0), (6, 4, 7, '?')]"
"(2, 13, 16, 16, 0)","[(6, 4, 2, 1), (6, 4, 7, 2), (6, 4, 7, 2), (6, 4, 2, 1)]"
"(2, 13, 19, 11, 0)","[(6, 3, 7, 1), (6, 3, 7, 1)]"
"(2, 13, 19, 19, 0)","[(6, 3, 7, 1), (6, 3, 7, 2)]"
"(2, 13, 21, 11, 0)","[(6, 6, 2, 2), (6, 6, 7, 1), (6, 6, 7, 1)]"
"(2, 13, 21, 13, 0)","[(6, 6, 2, '?'), (6, 6, 2, '?'), (6, 6, 2, '?'), (6, 6, 2, 6)]"
"(2, 13, 22, 25, 0)","[(6, 5, 7, '?')]"
"(2, 13, 24, 11, 0)","[(6, 6, 7, 1), (6, 6, 2, 2)]"
"(2, 13, 24, 13, 0)","[(6, 6, 2, 6), (6, 6, 2, 6), (6, 6, 2, 6)]"
"(2, 13, 25, 1, 0)","[(6, 0, 7, 1)]"
"(2, 13, 25, 3, 0)","[(6, 3, 2, 7), (6, 3, 7, 6), (6, 3, 7, 6), (6, 3, 7, 6)]"
"(2, 13, 25, 5, 0)","[(6, 0, 7, '?'), (6, 0, 7, '?')]"
"(2, 13, 25, 8, 0)","[(6, 3, 7, 2), (6, 3, 2, 1), (6, 3, 2, 2), (6, 3, 7, 2)]"
"(2, 13, 25, 11, 0)","[(6, 6, 2, 2), (6, 3, 2, 2), (6, 6, 2, 2), (6, 2, 7, 1), (6, 3, 2, 2)]"
"(2, 13, 25, 13, 0)","[(6, 4, 2, '?'), (6, 4, 2, 6), (6, '?', 2, '?'), (6, '?', 2, '?'), (6, 4, 2, 0), (6, 4, 2, '?'), (6, 4, 2, '?'), (6, 1, 2, '?'), (6, 6, 2, 7), (6, 3, 2, 3), (6, 6, 2, '?'), (6, '?', 2, '?'), (6, 4, 2, 6)]"
"(2, 13, 25, 19, 0)","[(6, 3, 2, 1), (6, 3, 7, 2), (6, 3, 7, '?')]"
"(2, 13, 25, 24, 0)","[(6, 0, 7, '?'), (6, 1, 7, '?'), (6, 1, 7, 4), (6, 1, 2, '?'), (6, 1, 2, '?'), (6, 1, 2, '?'), (6, 1, 2, '?'), (6, 1, 7, 3)]"
"(2, 13, 25, 25, 0)","[(6, 0, 7, 6), (6, '?', 7, 3), (6, 7, 7, 0), (6, 5, 7, 7), (6, 7, 7, '?'), (6, 4, 2, 0), (6, '?', 7, 4), (6, 0, 7, 6), (6, 7, 7, '?'), (6, 6, 2, 3), (6, 4, 7, '?'), (6, 0, 7, 3), (6, 3, 2, 6), (6, '?', 2, 6), (6, 4, 7, 4), (6, 0, 7, 6), (6, '?', 2, 3), (6, 4, 7, 7), (6, 6, 2, 7), (6, '?', 2, '?'), (6, 3, 2, 7), (6, 4, 7, 7), (6, 0, 2, 7), (6, 0, 7, 6), (6, 7, 7, 0), (6, 2, 2, '?'), (6, '?', 2, '?'), (6, 6, 2, 7), (6, 4, 7, 7), (6, 4, 7, '?'), (6, 0, 7, 4), (6, 0, 2, 3), (6, 7, 7, 4), (6, '?', 2, 7), (6, 2, 7, 4)]"
"(2, 13, 25, 26, 0)","[(6, 2, 2, '?'), (6, 7, 7, '?')]"
"(2, 13, 26, 6, 0)","[(6, 2, 7, 2)]"
"(2, 13, 26, 11, 0)","[(6, 7, 2, 1), (6, 7, 7, 1)]"
"(2, 13, 26, 13, 0)","[(6, 7, 7, '?')]"
"(2, 13, 26, 25, 0)","[(6, 2, 2, '?'), (6, 2, 2, '?'), (6, 2, 2, '?'), (6, 7, 2, 4), (6, 2, 2, '?'), (6, 2, 2, '?'), (6, 2, 2, '?')]"
"(2, 16, 1, 11, 0)","[(6, 1, 3, 1)]"
"(2, 16, 6, 6, 0)","[(6, 2, 0, 1), (6, 2, 3, 2)]"
"(2, 16, 6, 25, 0)","[(6, 2, 0, 1), (6, 2, 3, 1)]"
"(2, 16, 8, 11, 0)","[(6, 5, 0, 2)]"
"(2, 16, 11, 15, 0)","[(6, 1, 3, 1)]"
"(2, 16, 11, 26, 0)","[(6, 2, 0, 1)]"
"(2, 16, 16, 16, 0)","[(6, 4, 3, '?')]"
"(2, 16, 25, 4, 0)","[(6, 4, 1, 4)]"
"(2, 17, 2, 1, 0)","[(6, 0, 4, 2)]"
"(2, 17, 2, 16, 0)","[(6, 4, 4, '?')]"
"(2, 17, 2, 17, 0)","[(6, 4, 4, '?')]"
"(2, 17, 3, 11, 0)","[(6, 5, 6, 2)]"
"(2, 17, 3, 12, 0)","[(6, 5, 6, 4)]"
"(2, 17, 3, 16, 0)","[(6, 5, 6, 1)]"
"(2, 17, 3, 17, 0)","[(6, 5, 6, '?')]"
"(2, 17, 4, 17, 0)","[(6, 5, 4, '?')]"
"(2, 17, 5, 5, 0)","[(6, 0, 6, '?')]"
"(2, 17, 8, 12, 0)","[(6, 5, 6, 2)]"
"(2, 17, 8, 17, 0)","[(6, 5, 6, 2), (6, 5, 6, 2)]"
"(2, 17, 10, 5, 0)","[(6, 1, 6, '?')]"
"(2, 17, 16, 4, 0)","[(6, 4, 6, 1)]"
"(2, 17, 16, 16, 0)","[(6, 4, 4, 1), (6, 4, 6, 2), (6, 4, '?', 1)]"
"(2, 17, 17, 1, 0)","[(6, 1, 6, 1), (6, 0, 6, 1), (6, 1, 6, 1), (6, 1, 6, 2), (6, 0, 6, 1), (6, 0, 4, 2), (6, 0, 4, 2), (6, 0, 6, 2), (6, '?', 6, 2)]"
"(2, 17, 17, 2, 0)","[(6, 4, 6, '?')]"
"(2, 17, 17, 3, 0)","[(6, 3, 6, '?'), (6, 3, 4, '?')]"
"(2, 17, 17, 4, 0)","[(6, 4, 6, '?'), (6, 5, 6, '?')]"
"(2, 17, 17, 5, 0)","[(6, 0, 6, '?'), (6, 0, 6, '?')]"
"(2, 17, 17, 6, 0)","[(6, 2, 6, 2), (6, 2, 4, 1)]"
"(2, 17, 17, 11, 0)","[(6, 2, 6, 1), (6, 4, 6, 1), (6, '?', 4, 1), (6, '?', 4, 2), (6, 4, 4, 1), (6, 7, 6, 1), (6, '?', 4, 1), (6, 2, 6, 1), (6, 4, 6, 2), (6, 4, 6, 2), (6, 4, 4, 1), (6, 4, 6, 2), (6, 7, 6, 1), (6, 5, 6, 1), (6, '?', 4, 1), (6, '?', 6, 1), (6, 4, 6, 1), (6, 4, 4, 1), (6, 5, 6, 1), (6, '?', 4, 2)]"
"(2, 17, 17, 12, 0)","[(6, 4, 6, '?'), (6, 4, 4, 0), (6, 2, 6, '?'), (6, 4, 4, '?')]"
"(2, 17, 17, 16, 0)","[(6, 4, 6, 1), (6, 4, 6, 2), (6, 4, 4, 1), (6, 4, 6, 1), (6, 4, 4, 1), (6, 4, 4, 1), (6, 5, 6, 1), (6, 4, 4, 1)]"
"(2, 17, 17, 17, 0)","[(6, 4, 4, '?'), (6, 4, 4, '?'), (6, 4, 4, 4), (6, 4, 4, '?'), (6, 4, 4, 4), (6, 5, 4, 3), (6, 4, 4, '?'), (6, 4, 4, '?'), (6, 4, 6, '?'), (6, 4, 4, '?'), (6, 4, 6, '?'), (6, 4, 6, '?')]"
"(2, 17, 17, 19, 0)","[(6, 3, 6, 2), (6, 3, 6, 1), (6, 3, 6, 2), (6, 3, 4, 1), (6, 3, 6, 2), (6, 3, 6, 1), (6, 3, 6, 1), (6, 3, 6, 1), (6, 3, 6, 2), (6, 3, 6, 1), (6, 3, 6, 2), (6, 3, 4, 1)]"
"(2, 17, 21, 11, 0)","[(6, 6, 6, 1), (6, 6, 6, 1)]"
"(2, 17, 26, 6, 0)","[(6, 2, 4, 1), (6, 7, 4, 1)]"
"(2, 17, 26, 11, 0)","[(6, 2, 4, 1), (6, 2, 4, 2), (6, 7, 4, 1)]"
"(2, 17, 26, 17, 0)","[(6, 2, 6, '?'), (6, 2, 6, '?')]"
"(2, 21, 10, 10, 0)","[(6, 6, 6, '?'), (6, 6, 4, '?'), (6, 6, 6, 6), (6, 6, 4, 6)]"
"(2, 21, 10, 11, 0)","[(6, 6, 4, 2), (6, 6, 6, 2), (6, 6, 4, 1), (6, 6, 4, 1), (6, 6, 4, 1), (6, 6, 6, 2)]"
"(2, 21, 10, 12, 0)","[(6, 6, 4, '?'), (6, 6, 6, '?'), (6, 6, 6, '?')]"
"(2, 21, 10, 17, 0)","[(6, 6, 4, '?'), (6, 6, 6, '?'), (6, 6, 4, '?'), (6, 6, 4, '?'), (6, 6, 4, '?'), (6, 6, 4, 2), (6, 6, 4, 7), (6, 6, 4, 2)]"
"(2, 21, 13, 11, 0)","[(6, 6, 7, 2), (6, 6, 7, 2), (6, 6, 7, 2), (6, 6, 7, 2)]"
"(2, 21, 13, 12, 0)","[(6, 6, 2, 6)]"
"(2, 21, 13, 24, 0)","[(6, 6, 7, 4)]"
"(2, 21, 13, 25, 0)","[(6, 6, 2, '?'), (6, 6, 2, '?'), (6, 6, 2, '?'), (6, 6, 7, 6)]"
"(2, 21, 17, 11, 0)","[(6, 6, 6, 1), (6, 6, 6, 1), (6, 6, 4, 1), (6, 6, 4, 1), (6, 6, 4, 1), (6, 6, 6, 2), (6, 6, 4, 2), (6, 6, 4, 1), (6, 6, 6, 1)]"
"(2, 21, 17, 12, 0)","[(6, 6, 4, 2), (6, 6, 4, '?'), (6, 6, 6, 6)]"
"(2, 21, 17, 17, 0)","[(6, 6, 4, 2), (6, 6, 4, 2)]"
"(2, 24, 2, 25, 0)","[(6, 6, '?', '?'), (6, 6, '?', '?')]"
"(2, 24, 10, 11, 0)","[(6, 6, 4, 2), (6, 6, 4, 1)]"
"(2, 24, 11, 13, 0)","[(6, 6, '?', 1)]"
"(2, 24, 11, 25, 0)","[(6, 6, '?', 1)]"
"(2, 24, 13, 11, 0)","[(6, 6, 7, 2)]"
"(2, 24, 13, 25, 0)","[(6, 6, 7, 6), (6, 6, 7, 7)]"
"(2, 24, 16, 25, 0)","[(6, 6, '?', 1)]"
"(2, 24, 24, 11, 0)","[(6, 6, '?', 1)]"
"(2, 24, 25, 25, 0)","[(6, 6, '?', '?'), (6, 6, '?', '?'), (6, 6, '?', '?'), (6, 6, '?', '?')]"
"(2, 24, 25, 26, 0)","[(6, 6, '?', '?')]"
"(2, 25, 2, 1, 0)","[(6, 0, '?', 2), (6, 0, '?', 1)]"
"(2, 25, 2, 3, 0)","[(6, 3, '?', '?')]"
"(2, 25, 2, 5, 0)","[(6, 1, '?', '?')]"
"(2, 25, 2, 11, 0)","[(6, 4, '?', 2)]"
"(2, 25, 2, 19, 0)","[(6, 3, '?', 1), (6, 3, '?', 1)]"
"(2, 25, 2, 25, 0)","[(6, 4, '?', '?'), (6, 4, '?', '?'), (6, 4, '?', 4)]"
"(2, 25, 3, 13, 0)","[(6, 5, 7, '?'), (6, 5, 7, 2), (6, 5, 2, 7), (6, 5, 2, 6), (6, 5, 7, 6), (6, 5, 2, 4), (6, 5, 2, 6), (6, 5, 7, 4), (6, 5, 2, 0), (6, 5, 7, 4)]"
"(2, 25, 3, 25, 0)","[(6, 5, '?', '?'), (6, 5, '?', '?'), (6, 5, '?', '?'), (6, 5, '?', '?')]"
"(2, 25, 4, 11, 0)","[(6, 4, 4, 2)]"
"(2, 25, 4, 16, 0)","[(6, 4, '?', '?')]"
"(2, 25, 4, 25, 0)","[(6, 4, '?', 3)]"
"(2, 25, 6, 4, 0)","[(6, 7, '?', 2), (6, 2, '?', 2)]"
"(2, 25, 6, 6, 0)","[(6, 7, '?', 1), (6, 7, '?', 1)]"
"(2, 25, 6, 11, 0)","[(6, 2, '?', 2), (6, 2, '?', 1), (6, 7, '?', 1), (6, 2, '?', 1)]"
"(2, 25, 6, 12, 0)","[(6, 2, '?', 2), (6, 2, '?', 2), (6, 7, '?', 1), (6, 2, '?', 2), (6, 2, '?', 1)]"
"(2, 25, 6, 25, 0)","[(6, 7, '?', 2), (6, 2, '?', 1), (6, 2, '?', 1), (6, 2, '?', 1), (6, 2, '?', 1), (6, 2, '?', 1), (6, 2, '?', 2), (6, 7, '?', 2), (6, 7, '?', 1), (6, 7, '?', 1), (6, 2, '?', 2)]"
"(2, 25, 8, 2, 0)","[(6, 3, '?', 1)]"
"(2, 25, 8, 16, 0)","[(6, 5, '?', 1), (6, 5, '?', 1), (6, 5, '?', 1), (6, 5, '?', 1), (6, 5, '?', 2)]"
"(2, 25, 8, 25, 0)","[(6, 5, '?', 2), (6, 5, 7, 2), (6, 5, '?', 1), (6, 5, 7, 2), (6, 5, '?', 2)]"
"(2, 25, 11, 3, 0)","[(6, 3, '?', 2)]"
"(2, 25, 11, 4, 0)","[(6, 4, '?', 1)]"
"(2, 25, 11, 5, 0)","[(6, 1, '?', 2), (6, 1, '?', 2), (6, 0, '?', 2), (6, 0, '?', 2), (6, 1, '?', 2)]"
"(2, 25, 11, 12, 0)","[(6, 4, '?', 2), (6, 4, '?', 2), (6, 5, '?', 2), (6, 7, '?', 2), (6, '?', '?', 1), (6, 4, '?', 1), (6, 4, '?', 2)]"
"(2, 25, 11, 14, 0)","[(6, 1, '?', 2)]"
"(2, 25, 11, 16, 0)","[(6, 4, '?', 1), (6, 4, '?', 2), (6, 4, '?', 2)]"
"(2, 25, 11, 19, 0)","[(6, 3, '?', 2), (6, 3, '?', 1)]"
"(2, 25, 11, 24, 0)","[(6, 0, '?', 2), (6, 0, '?', 1), (6, 0, '?', 2), (6, 1, 7, 1), (6, 0, '?', 2), (6, 0, '?', 2), (6, 0, '?', 1), (6, 1, '?', 2)]"
"(2, 25, 11, 25, 0)","[(6, '?', '?', 1), (6, 7, 7, 1), (6, '?', '?', 2), (6, '?', '?', 1), (6, 3, '?', 2)]"
"(2, 25, 12, 11, 0)","[(6, 2, 6, 2)]"
"(2, 25, 12, 22, 0)","[(6, 3, 6, 4)]"
"(2, 25, 12, 25, 0)","[(6, 5, '?', 6), (6, 5, '?', 6)]"
"(2, 25, 13, 1, 0)","[(6, 0, 7, 1)]"
"(2, 25, 13, 8, 0)","[(6, 3, 2, 1), (6, 3, 7, 1), (6, 3, 7, 2), (6, 3, 7, 1)]"
"(2, 25, 13, 11, 0)","[(6, '?', 2, 2), (6, 4, 7, 2), (6, 0, 2, 2), (6, '?', 2, 2), (6, 0, 2, 1), (6, '?', 2, 1), (6, 3, 7, 2), (6, '?', 2, 1), (6, '?', 2, 2), (6, 0, 7, 2), (6, 7, 7, 1), (6, 7, 7, 2), (6, 2, 6, 2)]"
"(2, 25, 13, 19, 0)","[(6, 3, 2, 2)]"
"(2, 25, 13, 24, 0)","[(6, 0, 7, '?'), (6, 0, 7, '?')]"
"(2, 25, 13, 25, 0)","[(6, '?', 2, '?'), (6, '?', 7, 1), (6, 3, 7, 4), (6, 7, 7, '?'), (6, 2, 7, 1), (6, 2, 7, 1), (6, 0, 7, 3), (6, 6, 2, 2)]"
"(2, 25, 16, 5, 0)","[(6, 1, '?', 2)]"
"(2, 25, 16, 16, 0)","[(6, 4, '?', '?'), (6, 4, '?', '?'), (6, 4, '?', 1)]"
"(2, 25, 17, 11, 0)","[(6, 4, 4, 2)]"
"(2, 25, 22, 11, 0)","[(6, 5, 7, 1)]"
"(2, 25, 22, 13, 0)","[(6, 5, 2, 6)]"
"(2, 25, 22, 25, 0)","[(6, 5, '?', '?'), (6, 5, '?', 6), (6, 5, '?', '?'), (6, 5, '?', 1)]"
"(2, 25, 24, 11, 0)","[(6, 6, 2, 2), (6, 6, '?', 1)]"
"(2, 25, 25, 1, 0)","[(6, 0, '?', 1), (6, 0, '?', 1), (6, 1, '?', 2)]"
"(2, 25, 25, 3, 0)","[(6, 3, '?', '?'), (6, 3, '?', '?'), (6, 5, '?', '?'), (6, 3, '?', '?'), (6, 3, '?', '?')]"
"(2, 25, 25, 5, 0)","[(6, 1, '?', '?'), (6, 1, '?', '?'), (6, 1, '?', '?')]"
"(2, 25, 25, 6, 0)","[(6, 2, 7, 1)]"
"(2, 25, 25, 8, 0)","[(6, 3, '?', 1), (6, '?', '?', 1), (6, 3, 2, 1), (6, 3, '?', 2), (6, 3, '?', 1), (6, 3, '?', 1), (6, 3, '?', 1), (6, 3, 2, 1)]"
"(2, 25, 25, 11, 0)","[(6, '?', '?', 2), (6, '?', '?', 2), (6, '?', 2, 2), (6, '?', '?', 2), (6, '?', '?', 2), (6, 0, '?', 1), (6, '?', '?', 1), (6, '?', '?', 2), (6, '?', '?', 1), (6, '?', '?', 1), (6, 0, '?', 1), (6, '?', '?', 2)]"
"(2, 25, 25, 12, 0)","[(6, 3, 4, 4)]"
"(2, 25, 25, 13, 0)","[(6, '?', 2, '?')]"
"(2, 25, 25, 14, 0)","[(6, 1, '?', '?')]"
"(2, 25, 25, 19, 0)","[(6, 3, '?', 1), (6, 3, '?', 2)]"
"(2, 25, 25, 24, 0)","[(6, 0, '?', 2), (6, 1, '?', '?'), (6, 1, '?', '?')]"
"(2, 25, 25, 25, 0)","[(6, 5, '?', 2), (6, 3, '?', '?'), (6, 3, '?', 3), (6, 0, 7, 2), (6, 3, '?', 3), (6, 4, '?', '?'), (6, 4, '?', '?'), (6, 4, '?', 4), (6, 3, '?', '?')]"
"(2, 25, 26, 4, 0)","[(6, 2, '?', '?'), (6, 7, '?', 3), (6, 2, '?', '?')]"
"(2, 25, 26, 11, 0)","[(6, 2, 4, 2), (6, 7, '?', 2), (6, 2, 4, 2), (6, 2, 4, 2)]"
"(2, 25, 26, 12, 0)","[(6, 7, '?', '?')]"
"(2, 25, 26, 25, 0)","[(6, 2, '?', '?'), (6, 7, '?', '?'), (6, 2, '?', '?'), (6, 7, '?', '?'), (6, 2, '?', '?'), (6, 2, '?', '?'), (6, 7, '?', '?'), (6, 2, '?', '?'), (6, 2, '?', '?'), (6, 7, '?', '?'), (6, 7, '?', '?')]"
"(2, 26, 10, 17, 0)","[(6, 7, 4, '?'), (6, 2, 4, 4)]"
"(2, 26, 11, 4, 0)","[(6, 2, '?', 2)]"
"(2, 26, 13, 11, 0)","[(6, 7, '?', 2)]"
"(2, 26, 17, 11, 0)","[(6, 2, 6, 1), (6, 2, 6, 2), (6, 7, 4, 1), (6, 7, 4, 1), (6, 2, 4, 2), (6, 2, 4, 2), (6, 2, 4, 2)]"
"(2, 26, 17, 12, 0)","[(6, 2, 4, 3), (6, 7, 6, 3), (6, 7, 4, '?'), (6, 2, 6, '?')]"
"(2, 26, 17, 16, 0)","[(6, 2, 6, 2)]"
"(2, 26, 17, 17, 0)","[(6, 7, 4, '?')]"
"(4, 2, 17, 16, 0)","[(6, 4, 4, 2)]"
"(4, 4, 2, 4, 0)","[(4, 4, 6, '?'), (4, 4, 6, '?')]"
"(4, 4, 2, 11, 0)","[(4, 0, 4, 1)]"
"(4, 4, 2, 16, 0)","[(4, 4, 4, 1), (4, 5, 6, 1), (4, 4, 4, 1)]"
"(4, 4, 3, 16, 0)","[(3, 5, 6, 2)]"
"(4, 4, 3, 18, 0)","[(0, 5, 6, 1), (0, 5, 6, 2)]"
"(4, 4, 4, 9, 0)","[('?', 4, 6, '?'), (4, 4, 4, '?')]"
"(4, 4, 4, 11, 0)","[('?', 4, 4, 2), (5, 4, 6, 2), (4, 4, 4, 1), (4, 4, 4, 2), (5, 4, 6, 1), (4, 4, 6, 2), (4, 4, 4, 2), (5, 4, 4, 1), ('?', 4, 6, 1), (3, 4, 6, 1), (4, 4, 4, 2)]"
"(4, 4, 4, 16, 0)","[(3, 4, 4, '?'), (3, 4, 4, '?'), (3, 4, 4, '?'), (3, 4, 4, '?'), (3, 4, 4, 1), (3, 4, 4, 1)]"
"(4, 4, 4, 18, 0)","[(0, 5, 4, 1)]"
"(4, 4, 7, 16, 0)","[(0, 4, 4, 2), (0, 5, 4, 1), (0, 4, 4, 2)]"
"(4, 4, 8, 16, 0)","[(3, 5, 6, 1)]"
"(4, 4, 11, 4, 0)","[(4, 4, 6, 2), ('?', 4, 4, 2), (4, 4, 6, 1)]"
"(4, 4, 11, 16, 0)","[(3, 4, 4, 2), (3, 4, 6, 2), (3, 4, 6, 1), (3, 4, 6, 2), (3, 4, 6, 2)]"
"(4, 4, 15, 17, 0)","[(4, 4, 6, '?')]"
"(4, 4, 16, 16, 0)","[(6, 4, 6, 2)]"
"(4, 12, 4, 11, 0)","[(4, 4, 4, 2)]"
"(4, 20, 17, 16, 0)","[(7, 5, 6, 1), (2, 4, 4, 1), (2, 4, 6, 2), (7, 5, 6, 1)]"
"(4, 26, 2, 16, 0)","[(4, 7, 4, 2)]"
"(4, 26, 2, 17, 0)","[(4, 7, 6, 1)]"
"(4, 26, 4, 11, 0)","[('?', 2, 4, 1)]"
"(6, 6, 6, 16, 0)","[(3, 2, 0, 5)]"
"(7, 4, 8, 16, 0)","[(7, 5, 1, 2)]"
"(7, 4, 11, 4, 0)","[(7, 4, 1, 1)]"
"(7, 6, 10, 6, 0)","[(7, 2, 1, 1)]"
"(7, 6, 10, 17, 0)","[(7, 7, 1, 1)]"
"(7, 6, 11, 4, 0)","[(7, 2, 0, 1), (7, 2, 0, 1)]"
"(7, 6, 11, 6, 0)","[(7, 7, 3, 1), (7, 7, 0, 1)]"
"(7, 6, 11, 16, 0)","[(7, 7, 3, 1), (7, 2, 0, 1), (7, 2, 0, 1), (7, 2, 0, 1), (7, 7, 3, 1), (7, 2, 0, 1), (7, 7, 3, 1), (7, 2, 0, 1)]"
"(7, 6, 12, 6, 0)","[(7, 2, 1, 1)]"
"(7, 6, 13, 6, 0)","[(7, 2, 5, 2), (7, 2, 5, 1), (7, 7, 5, 1), (7, 7, 5, 1), (7, 2, 5, 2), (7, 2, 5, 2), (7, 2, 5, 2), (7, 2, 5, 2)]"
"(7, 6, 13, 16, 0)","[(7, 7, 5, 1), (7, 2, 5, 2)]"
"(7, 7, 3, 10, 0)","[(7, 5, 1, 2)]"
"(7, 7, 6, 13, 0)","[(7, 2, 5, 2)]"
"(7, 7, 25, 21, 0)","[(7, 1, 4, 2)]"
"(7, 7, 25, 25, 0)","[(7, 6, '?', 7)]"
"(7, 7, 26, 17, 0)","[(7, 2, 1, 1)]"
"(7, 9, 1, 1, 0)","[(7, 6, 3, '?'), (7, 6, 0, '?'), (7, 6, 0, 6)]"
"(7, 9, 1, 11, 0)","[(7, 6, 0, '?'), (7, 6, 3, 6)]"
"(7, 9, 1, 15, 0)","[(7, 6, 3, '?')]"
"(7, 9, 1, 24, 0)","[(7, 6, 3, 6)]"
"(7, 9, 1, 25, 0)","[(7, 6, 0, 7)]"
"(7, 9, 2, 14, 0)","[(7, 1, 5, '?')]"
"(7, 9, 3, 10, 0)","[(7, 5, 1, 7), (7, 5, 1, 7), (7, 5, 1, '?'), (7, 5, 1, '?'), (7, 5, 1, '?'), (7, 5, 1, '?'), (7, 5, 1, '?'), (7, 5, 1, 0), (7, 5, 1, '?'), (7, 5, 1, '?'), (7, 5, 1, 7), (7, 5, 1, '?'), (7, 5, 1, 6), (7, 5, 1, '?')]"
"(7, 9, 3, 12, 0)","[(7, 5, 1, 7), (7, 5, 1, 6)]"
"(7, 9, 3, 13, 0)","[(7, 5, 5, 7), (7, 5, 5, 7), (7, 5, 5, '?'), (7, 5, 5, '?')]"
"(7, 9, 3, 17, 0)","[(7, 5, 1, 6), (7, 5, 1, 7), (7, 5, 1, 6), (7, 5, 1, 7)]"
"(7, 9, 3, 23, 0)","[(7, 5, 5, 7)]"
"(7, 9, 3, 25, 0)","[(7, 5, '?', 6), (7, 5, '?', '?')]"
"(7, 9, 4, 2, 0)","[(7, 0, 1, 7)]"
"(7, 9, 4, 4, 0)","[(7, 0, 1, 5), (7, 4, 1, 7)]"
"(7, 9, 4, 9, 0)","[(7, 4, 1, 6), (7, 4, 1, 7), (7, 4, 1, 5), (7, 4, 1, 6), (7, 4, 1, 6), (7, 4, 1, '?'), (7, 4, 1, 7), (7, 4, 1, '?'), (7, 4, 1, 6), (7, 4, 1, 7)]"
"(7, 9, 4, 12, 0)","[(7, 5, 1, 6), (7, 4, 1, 7)]"
"(7, 9, 4, 15, 0)","[(7, '?', 1, 7), (7, 0, 1, 7), (7, 4, 1, 6), (7, '?', 1, '?')]"
"(7, 9, 4, 16, 0)","[(7, 4, 1, 5)]"
"(7, 9, 4, 17, 0)","[(7, 4, 1, 7)]"
"(7, 9, 6, 6, 0)","[(7, 2, 3, '?'), (7, 2, 3, '?'), (7, 7, 3, '?'), (7, 2, 0, '?')]"
"(7, 9, 6, 11, 0)","[(7, 7, 3, '?'), (7, 2, 0, '?'), (7, 2, 3, 6), (7, 2, 0, 6), (7, 2, 0, '?'), (7, 2, 0, 6), (7, 7, 3, 6), (7, 2, 0, 6), (7, 7, 0, '?'), (7, 2, 3, '?'), (7, 7, 3, 6), (7, 2, 0, '?'), (7, 7, 3, '?'), (7, 7, 3, '?'), (7, 2, 3, 6), (7, 7, 0, '?'), (7, 7, 3, '?'), (7, 7, 3, '?'), (7, 7, 0, 6)]"
"(7, 9, 6, 13, 0)","[(7, 2, 0, '?')]"
"(7, 9, 6, 15, 0)","[(7, 2, 0, 7), (7, 2, 3, '?'), (7, 2, 0, 6), (7, 7, 0, 6)]"
"(7, 9, 6, 25, 0)","[(7, 2, 0, '?'), (7, 2, 3, 6), (7, 2, 0, '?'), (7, 2, 0, 6), (7, 2, 3, '?'), (7, 2, 3, '?'), (7, 2, 3, '?'), (7, 2, 3, '?'), (7, 7, 0, '?'), (7, 2, 0, '?')]"
"(7, 9, 8, 11, 0)","[(7, 5, 0, 7), (7, 5, 3, 6), (7, 5, 0, 6), (7, 5, 3, 6), (7, 5, 3, 6), (7, 5, 0, '?'), (7, 5, 0, '?'), (7, 5, 0, '?'), (7, 5, 0, 7), (7, 5, 0, 7), (7, 5, 0, '?')]"
"(7, 9, 8, 16, 0)","[(7, 5, 3, 5), (7, 5, 3, 6), (7, 5, 3, 6), (7, 5, 0, 7), (7, 5, 0, '?')]"
"(7, 9, 8, 25, 0)","[(7, 5, 3, 6), (7, 5, 0, '?'), (7, 5, 3, 5), (7, 5, 0, 6), (7, 5, 0, '?')]"
"(7, 9, 9, 12, 0)","[(7, '?', 1, 7), (7, '?', 1, 7)]"
"(7, 9, 9, 23, 0)","[(7, 3, 5, 6)]"
"(7, 9, 10, 3, 0)","[(7, 3, 1, 7)]"
"(7, 9, 10, 4, 0)","[(7, '?', 1, '?')]"
"(7, 9, 10, 9, 0)","[(7, 1, 1, 5), (7, 6, 1, '?'), (7, 1, 1, 5), (7, 1, 1, 5), (7, 0, 1, 5), (7, 1, 1, 0), (7, 1, 1, 5), (7, '?', 1, '?'), (7, 4, 1, '?'), (7, '?', 1, '?'), (7, 6, 1, '?'), (7, 5, 1, 5), (7, 1, 1, '?'), (7, 4, 1, 6), (7, 4, 1, '?'), (7, 4, 1, '?'), (7, 0, 1, '?'), (7, '?', 1, '?'), (7, 1, 1, '?'), (7, 0, 1, '?')]"
"(7, 9, 10, 11, 0)","[(7, '?', 1, 2)]"
"(7, 9, 10, 12, 0)","[(7, '?', 1, '?')]"
"(7, 9, 10, 17, 0)","[(7, '?', 1, '?')]"
"(7, 9, 10, 23, 0)","[(7, 3, 1, 0), (7, 3, 1, 0), (7, 3, 1, 7), (7, 3, 1, 2), (7, 3, 1, 7)]"
"(7, 9, 11, 1, 0)","[(7, 0, 3, 7)]"
"(7, 9, 11, 3, 0)","[(7, 3, 3, 7), (7, 3, 0, '?'), (7, 3, 0, 7), (7, 3, 3, 7), (7, 3, 0, '?'), (7, 3, 3, 7), (7, 3, 0, '?'), (7, 3, 0, 7), (7, 3, 0, '?'), (7, 3, 0, '?'), (7, 3, 0, 7)]"
"(7, 9, 11, 4, 0)","[(7, 4, 3, 6), (7, 4, 0, '?')]"
"(7, 9, 11, 5, 0)","[(7, 0, 3, '?'), (7, 1, 0, '?'), (7, 0, 3, '?'), (7, 1, 3, '?'), (7, 0, 0, '?'), (7, 0, 0, 6), (7, 1, 0, '?'), (7, 0, 0, 6), (7, 1, 3, '?'), (7, 1, 3, 7), (7, 1, 3, 7), (7, 1, 0, '?'), (7, 0, 3, '?'), (7, 1, 3, 7), (7, 1, 3, 7), (7, 0, 3, '?'), (7, 0, 3, 7), (7, 0, 3, 7), (7, 1, 0, 6), (7, 0, 3, '?')]"
"(7, 9, 11, 11, 0)","[(7, 4, 3, 7), (7, 5, 3, 5), (7, '?', 3, 6), (7, 5, 3, 5), (7, 4, 0, 6), (7, 4, 3, '?'), (7, 4, 3, 7), (7, 4, 0, 6), (7, '?', 3, 7), (7, 4, 3, 6), (7, 4, 0, 6), (7, 4, 3, 7), (7, 4, 0, 6), (7, 4, 3, 6), (7, '?', 0, 7), (7, 5, 3, 6), (7, 4, 0, 6)]"
"(7, 9, 11, 12, 0)","[(7, 3, 3, 0), (7, 3, 3, 7), (7, 3, 3, 7), (7, '?', 3, 7), (7, '?', 0, 6), (7, '?', 1, 2), (7, '?', 3, 7)]"
"(7, 9, 11, 16, 0)","[(7, 4, 3, '?'), (7, 4, 3, 6), (7, 4, 3, '?'), (7, 4, 3, 6), (7, 4, 3, 7), (7, 4, 3, 7), (7, 4, 3, 7), (7, 4, 0, 6), (7, 4, 3, '?'), (7, 4, 0, 6)]"
"(7, 9, 11, 19, 0)","[(7, 3, 3, 7), (7, 3, 3, 7), (7, 3, 3, 7)]"
"(7, 9, 11, 22, 0)","[(7, 3, 0, '?'), (7, 3, 0, 7), (7, 3, 0, 7), (7, 3, 0, 7), (7, 3, 0, '?')]"
"(7, 9, 11, 24, 0)","[(7, 0, 0, '?'), (7, 1, 0, 6), (7, 0, 0, 6), (7, 0, 3, '?'), (7, 0, 3, '?'), (7, 1, 0, '?'), (7, 0, 0, 6), (7, 1, 0, 6), (7, 0, 3, 7), (7, 0, 0, '?'), (7, 1, 0, 6), (7, 0, 0, 7), (7, 0, 0, '?'), (7, 0, 3, 7), (7, 1, 3, '?'), (7, 0, 0, '?'), (7, 1, 3, '?'), (7, 0, 3, '?'), (7, 0, 3, '?'), (7, 0, 0, 6), (7, 0, 0, 7), (7, 1, 0, '?'), (7, 0, 0, '?'), (7, 1, 0, '?'), (7, 0, 0, '?'), (7, 1, 3, '?'), (7, 1, 0, '?'), (7, 1, 0, 6), (7, 1, 0, 6), (7, 1, 3, '?'), (7, 0, 3, '?'), (7, 0, 0, 7), (7, 0, 0, 6), (7, 0, 0, 7), (7, 0, 0, 7), (7, 1, 3, '?'), (7, 0, 0, 6)]"
"(7, 9, 11, 25, 0)","[(7, '?', 3, 7), (7, '?', 3, '?'), (7, 4, 0, '?'), (7, '?', 0, '?'), (7, 4, 3, 7), (7, '?', 3, 6), (7, '?', 0, 6), (7, 4, 3, 7), (7, '?', 0, '?'), (7, '?', 3, 6), (7, 3, 0, 7), (7, '?', 3, '?'), (7, '?', 0, '?'), (7, 3, 3, 7), (7, '?', 3, 7), (7, '?', 0, '?'), (7, '?', 0, 7), (7, '?', 0, '?'), (7, 7, 3, 6), (7, '?', 3, '?'), (7, 3, 3, 7), (7, '?', 0, '?'), (7, 2, 0, 7), (7, '?', 3, 7), (7, '?', 0, 7), (7, 5, 0, 7), (7, 7, 3, 6), (7, 5, 0, 6), (7, 4, 0, '?'), (7, '?', 3, 6), (7, 5, 0, 7), (7, '?', 3, 6), (7, 4, 3, '?'), (7, '?', 3, 6), (7, 7, 3, 6), (7, '?', 0, 7), (7, '?', 0, 7), (7, '?', 0, 6), (7, '?', 0, 7), (7, '?', 3, 6), (7, '?', 0, 6), (7, '?', 0, 7), (7, '?', 3, '?'), (7, 4, 3, '?'), (7, '?', 3, '?'), (7, 5, 3, 6), (7, '?', 3, 6), (7, '?', 0, '?'), (7, 7, 0, '?'), (7, 4, 3, 6), (7, '?', 3, 7), (7, '?', 3, '?'), (7, 5, 0, '?'), (7, '?', 0, '?'), (7, 2, 0, 7), (7, 4, 3, '?'), (7, '?', 0, '?'), (7, 4, 0, '?')]"
"(7, 9, 11, 26, 0)","[(7, 2, 3, 6), (7, 2, 0, '?'), (7, 7, 0, '?'), (7, 7, 0, 6), (7, 2, 3, 6)]"
"(7, 9, 12, 3, 0)","[(7, 3, 1, 7), (7, 3, 1, 7), (7, 3, 1, 7), (7, 3, 1, 7)]"
"(7, 9, 12, 5, 0)","[(7, 1, 1, 6), (7, 1, 1, 6)]"
"(7, 9, 12, 9, 0)","[(7, 0, 1, 7), (7, 0, 1, 7), (7, 0, 1, 6), (7, 0, 1, 7), (7, 1, 1, '?'), (7, 0, 1, 3), (7, 1, 1, '?'), (7, 1, 1, '?'), (7, '?', 1, 7), (7, '?', 1, '?'), (7, '?', 1, 7), (7, 0, 1, 6), (7, 0, 1, 6), (7, '?', 1, 7), (7, '?', 1, 7), (7, 4, 1, 7), (7, 5, 1, 7), (7, 0, 1, 7), (7, '?', 1, 7)]"
"(7, 9, 12, 12, 0)","[(7, 1, 1, 6)]"
"(7, 9, 12, 15, 0)","[(7, 4, 1, 1), (7, 0, 1, 1), (7, 1, 1, 3), (7, 0, 1, 7), (7, 0, 1, 6), (7, 1, 1, '?'), (7, 0, 1, '?')]"
"(7, 9, 13, 1, 0)","[(7, 0, 5, 7)]"
"(7, 9, 13, 6, 0)","[(7, 2, 5, 1), (7, 7, 5, 1), (7, 2, 5, 1), (7, 2, 5, 1), (7, 2, 5, 2), (7, 7, 5, '?')]"
"(7, 9, 13, 9, 0)","[(7, 6, 5, 7)]"
"(7, 9, 13, 13, 0)","[(7, 0, 5, 7), (7, '?', 5, '?')]"
"(7, 9, 13, 14, 0)","[(7, 0, 5, 6), (7, 1, 5, 6), (7, 1, 5, '?')]"
"(7, 9, 13, 15, 0)","[(7, '?', 5, 7), (7, '?', 5, '?'), (7, '?', 5, 7)]"
"(7, 9, 13, 16, 0)","[(7, 4, 5, 7), (7, 4, 5, 7), (7, 4, 5, 7), (7, 4, 5, 7), (7, 4, 5, 7), (7, 4, 5, 2)]"
"(7, 9, 13, 22, 0)","[(7, 3, 5, 6), (7, 3, 5, 6)]"
"(7, 9, 13, 23, 0)","[(7, 3, 5, 7), (7, 3, 5, 7), (7, 3, 5, 7), (7, 3, 5, 6), (7, 3, 5, 6), (7, 3, 5, 7)]"
"(7, 9, 13, 24, 0)","[(7, 1, 5, 6), (7, 1, 5, '?'), (7, 0, 5, 6)]"
"(7, 9, 13, 25, 0)","[(7, '?', 5, 7), (7, '?', 5, '?'), (7, '?', 5, '?'), (7, '?', 5, 7)]"
"(7, 9, 13, 26, 0)","[(7, 2, 5, 6), (7, 2, 5, '?'), (7, 2, 5, '?'), (7, 7, 5, '?')]"
"(7, 9, 15, 1, 0)","[(7, 0, 3, 7), (7, 1, 0, '?')]"
"(7, 9, 15, 13, 0)","[(7, 4, 5, 7)]"
"(7, 9, 17, 2, 0)","[(7, 4, 1, 5)]"
"(7, 9, 17, 9, 0)","[(7, 4, 1, 5), (7, '?', 1, 5), (7, 0, 1, 0), (7, 4, 1, '?'), (7, 4, 1, 7), (7, 4, 1, 7)]"
"(7, 9, 17, 11, 0)","[(7, 1, 1, 2)]"
"(7, 9, 17, 12, 0)","[(7, 5, 1, 7)]"
"(7, 9, 17, 17, 0)","[(7, 4, 1, 7), (7, 7, 1, '?')]"
"(7, 9, 17, 26, 0)","[(7, 7, 1, 6), (7, 2, 1, 7), (7, 2, 1, 7)]"
"(7, 9, 20, 11, 0)","[(7, 5, 0, 7)]"
"(7, 9, 21, 9, 0)","[(7, 6, 1, 5), (7, 6, 1, '?')]"
"(7, 9, 21, 10, 0)","[(7, 6, 1, 5), (7, 6, 1, '?'), (7, 6, 1, 0), (7, 6, 1, '?'), (7, 6, 1, 2), (7, 6, 1, 2), (7, 6, 1, '?')]"
"(7, 9, 21, 13, 0)","[(7, 6, 5, '?'), (7, 6, 5, '?'), (7, 6, 5, '?')]"
"(7, 9, 21, 17, 0)","[(7, 6, 1, '?'), (7, 6, 1, '?')]"
"(7, 9, 24, 1, 0)","[(7, 6, 3, 5)]"
"(7, 9, 24, 11, 0)","[(7, 6, 0, 7), (7, 6, 0, 5), (7, 6, 3, 5), (7, 6, 0, '?'), (7, 6, 0, '?'), (7, 6, 3, '?'), (7, 6, 3, 6), (7, 6, 3, 7), (7, 6, 0, 6), (7, 6, 0, '?'), (7, 6, 3, '?'), (7, 6, 0, 7), (7, 6, 3, 7), (7, 6, 0, '?'), (7, 6, 0, '?')]"
"(7, 9, 24, 13, 0)","[(7, 6, 5, 7)]"
"(7, 9, 24, 16, 0)","[(7, 6, 1, 1), (7, 6, 0, 6), (7, 6, 3, 7), (7, 6, 1, 1)]"
"(7, 9, 24, 24, 0)","[(7, 6, 3, 7)]"
"(7, 9, 25, 1, 0)","[(7, 1, 3, '?')]"
"(7, 9, 25, 2, 0)","[(7, 4, '?', '?')]"
"(7, 9, 25, 6, 0)","[(7, 2, 3, '?'), (7, 7, 0, '?'), (7, 7, 0, '?'), (7, 2, 0, '?'), (7, 7, 3, 6), (7, 6, 3, 7), (7, 7, 0, '?'), (7, 7, 0, '?')]"
"(7, 9, 25, 13, 0)","[(7, '?', 5, '?'), (7, 6, 5, 7), (7, 4, 5, 7), (7, '?', 5, 7), (7, '?', 5, 7), (7, 7, 5, 7), (7, '?', 5, '?')]"
"(7, 9, 25, 14, 0)","[(7, 0, '?', 6), (7, 1, 5, 6)]"
"(7, 9, 25, 15, 0)","[(7, '?', 5, '?')]"
"(7, 9, 25, 22, 0)","[(7, 3, 0, '?'), (7, 3, 5, 7), (7, 3, 5, 7), (7, 3, 5, 6)]"
"(7, 9, 25, 23, 0)","[(7, 3, 5, 6)]"
"(7, 9, 25, 24, 0)","[(7, 0, 3, 7), (7, 0, 0, 7), (7, 0, 3, 7), (7, 0, 5, 7), (7, 1, 3, '?'), (7, 0, 5, 7), (7, 0, 3, 7), (7, 1, 3, 7), (7, 0, 0, 7), (7, 1, 0, 6), (7, 0, 5, 7), (7, 1, 3, '?'), (7, 1, 3, 7), (7, 1, 5, 6), (7, 1, 5, 6)]"
"(7, 9, 25, 25, 0)","[(7, '?', 3, 6), (7, 7, 0, 6), (7, 6, 5, 7), (7, 0, 5, 7), (7, '?', 5, '?'), (7, 6, 5, 7)]"
"(7, 9, 26, 2, 0)","[(7, 2, 1, 7), (7, 7, 1, 6), (7, 7, 1, 6), (7, 7, 1, 6), (7, 2, 1, 6), (7, 7, 1, '?'), (7, 7, 1, 6), (7, 2, 1, '?'), (7, 2, 1, 6), (7, 7, 1, 6)]"
"(7, 9, 26, 6, 0)","[(7, 7, 5, 1), (7, 2, 5, 1), (7, 2, 1, 2)]"
"(7, 9, 26, 9, 0)","[(7, 2, 1, 7), (7, 7, 1, 6)]"
"(7, 9, 26, 10, 0)","[(7, 2, 1, '?'), (7, 2, 1, '?'), (7, 2, 1, 6), (7, 2, 1, 7)]"
"(7, 9, 26, 13, 0)","[(7, 7, 5, 6), (7, 2, 5, '?'), (7, 2, 5, 6), (7, 7, 5, 7), (7, 7, 5, '?'), (7, 7, 5, 6), (7, 2, 5, '?'), (7, 2, 5, '?')]"
"(7, 9, 26, 15, 0)","[(7, 7, 1, 2), (7, 7, 1, '?'), (7, 7, 1, '?'), (7, 2, 1, 7), (7, 2, 1, 7), (7, 2, 1, 7)]"
"(7, 9, 26, 17, 0)","[(7, 2, 1, '?'), (7, 7, 1, '?'), (7, 2, 1, '?'), (7, 2, 1, '?'), (7, 2, 1, '?'), (7, 2, 1, 6), (7, 7, 1, 2), (7, 7, 1, 1)]"
"(7, 9, 27, 26, 0)","[(7, 2, 5, '?'), (7, 2, 5, '?')]"
"(7, 10, 1, 17, 0)","[(7, 6, 1, 2), (7, 6, 1, 1)]"
"(7, 10, 3, 10, 0)","[(7, 5, 6, 7)]"
"(7, 10, 3, 11, 0)","[(7, 5, 6, 2), (7, 5, 6, 2)]"
"(7, 10, 3, 17, 0)","[(7, 5, 1, 2), (7, 5, 6, '?'), (7, 5, 6, '?'), (7, 5, 6, '?'), (7, 5, 6, '?')]"
"(7, 10, 6, 6, 0)","[(7, 7, 1, 2), (7, 2, 1, 2)]"
"(7, 10, 6, 12, 0)","[(7, 2, 1, 2)]"
"(7, 10, 6, 17, 0)","[(7, 7, 4, 1)]"
"(7, 10, 8, 11, 0)","[(7, 5, 1, 2)]"
"(7, 10, 9, 16, 0)","[(7, 4, 1, 2), (7, 5, 1, 1)]"
"(7, 10, 9, 17, 0)","[(7, 4, 1, 2)]"
"(7, 10, 9, 21, 0)","[(7, 6, 1, 1)]"
"(7, 10, 10, 1, 0)","[(7, 1, 6, 2)]"
"(7, 10, 10, 2, 0)","[(7, '?', 4, 7), (7, 7, 4, 7)]"
"(7, 10, 10, 3, 0)","[(7, 3, 6, 7), (7, 3, 6, '?')]"
"(7, 10, 10, 5, 0)","[(7, 0, 6, 6), (7, 0, 4, 6), (7, 0, 6, '?'), (7, 1, 6, 6), (7, 1, 6, 7), (7, 1, 6, 6), (7, 1, 6, 6), (7, 1, 6, '?'), (7, 1, 6, '?'), (7, 0, 6, '?'), (7, 0, 6, 6), (7, 1, 6, '?')]"
"(7, 10, 10, 10, 0)","[(7, '?', 6, 7), (7, 4, 6, 7), (7, 7, 6, 7), (7, 7, 6, 2), (7, '?', 4, '?'), (7, '?', 6, 6), (7, '?', 6, '?'), (7, '?', 4, 7), (7, '?', 4, 7), (7, 0, 6, '?'), (7, '?', 6, 6), (7, '?', 6, 7), (7, 0, 6, 7), (7, '?', 4, '?'), (7, 7, 6, 7), (7, '?', 6, 7), (7, '?', 6, 7), (7, '?', 4, 6), (7, '?', 4, 6), (7, '?', 4, 6), (7, '?', 6, 6), (7, '?', 4, 7)]"
"(7, 10, 10, 11, 0)","[(7, 0, 4, 1), (7, '?', 6, 1), (7, '?', 4, 2), (7, '?', 4, 2), (7, '?', 4, 1), (7, '?', 6, 1), (7, '?', 6, 1), (7, 0, 6, 1), (7, 7, 6, 2), (7, '?', 4, 1), (7, '?', 4, 1), (7, '?', 4, 1), (7, '?', 6, '?'), (7, 2, 6, 2), (7, '?', 4, 1)]"
"(7, 10, 10, 12, 0)","[(7, 7, 6, 7), (7, 4, 4, 7), (7, '?', 4, 6), (7, 0, 4, '?'), (7, '?', 4, 6), (7, '?', 4, 6), (7, 7, 6, 7), (7, 7, 6, 7), (7, 7, 6, 7), (7, 5, 6, 7)]"
"(7, 10, 10, 17, 0)","[(7, '?', 4, 7), (7, '?', 4, 7), (7, '?', 6, 7)]"
"(7, 10, 10, 19, 0)","[(7, 3, 6, 2), (7, 3, 6, 1)]"
"(7, 10, 10, 21, 0)","[(7, 6, 6, 7)]"
"(7, 10, 10, 22, 0)","[(7, 3, 6, '?'), (7, 3, 6, 7), (7, 3, 6, 6), (7, 3, 6, 6), (7, 3, 4, 7), (7, 3, 6, 7), (7, 3, 6, 7), (7, 3, 6, '?'), (7, 3, 6, 7), (7, 3, 4, 6), (7, 3, 4, 7), (7, 3, 4, 7), (7, 3, 4, 6), (7, 3, 6, 6)]"
"(7, 10, 10, 23, 0)","[(7, 3, 6, '?'), (7, 3, 6, 6)]"
"(7, 10, 10, 26, 0)","[(7, 7, 6, '?')]"
"(7, 10, 11, 4, 0)","[(7, 4, 1, 1)]"
"(7, 10, 11, 5, 0)","[(7, 1, 4, 2), (7, 0, 4, 2), (7, 0, 6, 2)]"
"(7, 10, 11, 10, 0)","[(7, '?', 4, 2), (7, '?', 1, 2), (7, '?', 1, 2), (7, 3, 1, 2)]"
"(7, 10, 11, 12, 0)","[(7, 1, 1, 2), (7, '?', 6, 1), (7, '?', 1, 2), (7, '?', 4, 2), (7, 1, 1, 2)]"
"(7, 10, 11, 16, 0)","[(7, 4, 6, 2)]"
"(7, 10, 11, 17, 0)","[(7, 4, 1, 1), (7, 1, 1, 2), (7, 4, 4, 2), (7, 4, 1, 2), (7, 4, 1, 2)]"
"(7, 10, 11, 19, 0)","[(7, 3, 1, 2), (7, 3, 1, 2)]"
"(7, 10, 11, 24, 0)","[(7, 1, 6, 2), (7, 1, 6, 2)]"
"(7, 10, 11, 25, 0)","[(7, 3, 1, 2)]"
"(7, 10, 12, 1, 0)","[(7, 0, 6, 2)]"
"(7, 10, 12, 2, 0)","[(7, 7, 4, 7), (7, 7, 6, 7), (7, 7, 4, 7), (7, '?', 6, '?'), (7, 6, 6, 7)]"
"(7, 10, 12, 3, 0)","[(7, 3, 4, 7)]"
"(7, 10, 12, 5, 0)","[(7, 1, 6, 7)]"
"(7, 10, 12, 10, 0)","[(7, 0, 6, 7), (7, 5, 6, 7), (7, '?', 6, 6), (7, 0, 6, 7), (7, '?', 4, 7), (7, '?', 6, 7), (7, '?', 4, '?'), (7, 1, 4, 7), (7, 0, 4, '?'), (7, 6, 6, 7), (7, '?', 6, '?')]"
"(7, 10, 12, 11, 0)","[(7, 2, 6, 2), (7, '?', 4, 2), (7, '?', 4, 2)]"
"(7, 10, 12, 12, 0)","[(7, 4, 6, 7), (7, '?', 6, 6)]"
"(7, 10, 12, 17, 0)","[(7, '?', 4, '?'), (7, 4, 4, '?')]"
"(7, 10, 12, 22, 0)","[(7, 3, 4, 7), (7, 3, 4, 6), (7, 3, 6, '?')]"
"(7, 10, 17, 1, 0)","[(7, 1, 6, 1), (7, 1, 4, 2), (7, 0, 6, 2), (7, 1, 6, 2), (7, 0, 4, 2), (7, 1, 6, 2), (7, 0, 6, 2), (7, 1, 6, 2), (7, 1, 6, 1), (7, 1, 4, 2), (7, 1, 4, 2)]"
"(7, 10, 17, 2, 0)","[(7, 5, 6, '?')]"
"(7, 10, 17, 3, 0)","[(7, 3, 6, '?')]"
"(7, 10, 17, 5, 0)","[(7, 0, 6, '?'), (7, 1, 6, 7), (7, 1, 4, 7), (7, 0, 6, '?'), (7, 1, 4, '?'), (7, 1, 4, 7), (7, 0, 4, 6), (7, 0, 4, '?'), (7, 1, 6, 7), (7, 1, 4, '?'), (7, 1, 6, '?'), (7, 1, 4, '?'), (7, 1, 4, 7), (7, 1, 6, 6), (7, 1, 4, 7), (7, 0, 6, 7), (7, 1, 6, 7), (7, 0, 6, 7), (7, 0, 4, 6), (7, 0, 4, 6)]"
"(7, 10, 17, 10, 0)","[(7, 4, 4, '?'), (7, '?', 6, 7)]"
"(7, 10, 17, 11, 0)","[(7, 5, 4, 1), (7, 0, 6, 1), (7, 5, 4, 2), (7, 0, 4, 1), (7, 0, 4, 1), (7, 0, 4, 1), (7, 6, 6, 1), (7, '?', 4, 1), (7, '?', 4, 2), (7, 5, 4, 1), (7, 6, 6, 1), (7, '?', 6, 1), (7, 5, 4, 2), (7, 7, 6, '?'), (7, '?', 4, 1), (7, 0, 4, 1), (7, '?', 4, 1)]"
"(7, 10, 17, 12, 0)","[(7, '?', 4, 6), (7, '?', 4, 7), (7, '?', 4, 7), (7, 4, 4, '?'), (7, 0, 6, 7), (7, 0, 6, 6), (7, 5, 6, 6), (7, 4, 4, 7), (7, 6, 6, 7), (7, '?', 6, 6), (7, 7, 4, 7), (7, 4, 4, 7)]"
"(7, 10, 17, 16, 0)","[(7, 4, 4, 2), (7, 5, 4, 1), (7, 5, 4, 2), (7, 4, 6, 2), (7, 5, 4, 1), (7, 4, 6, 1), (7, 5, 4, 2), (7, 5, 4, 2), (7, 5, 4, 2), (7, 5, 4, 2)]"
"(7, 10, 17, 17, 0)","[(7, 4, 6, 7), (7, 5, 6, '?'), (7, 5, 6, '?')]"
"(7, 10, 17, 19, 0)","[(7, 3, 6, 2), (7, 3, 4, 2), (7, 3, 4, 2), (7, 3, 4, 2), (7, 3, 6, 2), (7, 3, 6, 1), (7, 3, 6, 2), (7, 3, 6, 1), (7, 3, 6, 1), (7, 3, 4, 2), (7, 3, 4, 2)]"
"(7, 10, 17, 22, 0)","[(7, 3, 6, 6), (7, 3, 4, 6), (7, 3, 6, 7), (7, 3, 6, 6), (7, 3, 4, 7)]"
"(7, 10, 17, 23, 0)","[(7, 3, 6, 7)]"
"(7, 10, 21, 2, 0)","[(7, 6, 6, 6), (7, 6, 4, 6), (7, 6, 4, 6), (7, 6, 6, 6), (7, 6, 4, 6), (7, 6, 6, 6), (7, 6, 4, 6), (7, 6, 4, 1)]"
"(7, 10, 21, 6, 0)","[(7, 6, 1, 2)]"
"(7, 10, 21, 10, 0)","[(7, 6, 4, 6)]"
"(7, 10, 21, 11, 0)","[(7, 6, 4, 1), (7, 6, 6, 2)]"
"(7, 10, 21, 16, 0)","[(7, 6, 4, 1)]"
"(7, 10, 21, 17, 0)","[(7, 6, 6, 1), (7, '?', 4, 6), (7, 6, 6, 7), (7, 6, 4, 6)]"
"(7, 10, 26, 6, 0)","[(7, 2, 4, 1), (7, 2, 6, 1)]"
"(7, 10, 26, 10, 0)","[(7, 7, 6, '?'), (7, 7, 6, '?'), (7, 2, 4, 1), (7, 2, 6, '?'), (7, 7, 6, '?')]"
"(7, 10, 26, 11, 0)","[(7, 7, 6, 2), (7, 2, 6, 2), (7, 7, 6, 2), (7, 7, 4, 1)]"
"(7, 10, 26, 17, 0)","[(7, 7, 6, '?'), (7, 2, 4, '?'), (7, 2, 6, '?'), (7, 2, 4, '?'), (7, 2, 6, '?'), (7, 2, 4, '?'), (7, 2, 6, 2), (7, 7, 6, 3), (7, 2, 6, '?'), (7, 2, 4, 6), (7, 7, 4, 6), (7, 2, 6, '?'), (7, 7, 4, 6), (7, 2, 4, '?'), (7, 2, 4, 1), (7, 2, 6, 1), (7, 2, 6, 1), (7, 2, 4, '?'), (7, 2, 6, '?'), (7, 2, 4, 1), (7, 2, 4, 7), (7, 2, 6, 1), (7, 2, 6, '?'), (7, 2, 4, 6)]"
"(7, 10, 26, 26, 0)","[(7, 2, 4, 6)]"
"(7, 11, 1, 1, 0)","[(7, 6, 0, 2), (7, 6, 0, 2)]"
"(7, 11, 1, 11, 0)","[(7, 6, 0, 2)]"
"(7, 11, 1, 25, 0)","[(7, 6, 0, 2), (7, 6, 0, 2)]"
"(7, 11, 3, 10, 0)","[(7, 5, 1, 1), (7, 5, 1, 2), (7, 5, 1, 1), (7, 5, 1, 2), (7, 5, 1, 1)]"
"(7, 11, 3, 11, 0)","[(7, 5, 0, 2)]"
"(7, 11, 3, 13, 0)","[(7, 5, 5, 2), (7, 5, 5, 2), (7, 5, 5, 2), (7, 5, 5, 2), (7, 5, 5, 2), (7, 5, 5, 2)]"
"(7, 11, 3, 25, 0)","[(7, 5, 1, 1)]"
"(7, 11, 4, 11, 0)","[(7, 0, 1, 1)]"
"(7, 11, 4, 16, 0)","[(7, 4, 1, 2)]"
"(7, 11, 6, 6, 0)","[(7, 7, 3, 1)]"
"(7, 11, 6, 11, 0)","[(7, 2, 0, 2), (7, 7, 0, 1), (7, 7, 0, 1), (7, 7, 0, 2), (7, 2, 0, 2), (7, 7, 0, 1), (7, 7, 3, 1), (7, 7, 3, 1), (7, 2, 0, 2)]"
"(7, 11, 6, 15, 0)","[(7, 7, 3, 1), (7, 2, 0, 2), (7, 2, 0, 2), (7, 2, 0, 1)]"
"(7, 11, 6, 25, 0)","[(7, 2, 0, 2), (7, 7, 0, 1)]"
"(7, 11, 8, 4, 0)","[(7, 5, 3, 1)]"
"(7, 11, 8, 11, 0)","[(7, 5, 3, 1), (7, 5, 0, 1), (7, 5, 3, 1), (7, 5, 3, 1), (7, 5, 3, 2), (7, 5, 3, 1), (7, 5, 0, 2), (7, 5, 3, 2), (7, 5, 3, 2)]"
"(7, 11, 8, 15, 0)","[(7, 5, 0, 2)]"
"(7, 11, 8, 16, 0)","[(7, 5, 0, 1), (7, 5, 3, 1), (7, 5, 0, 1), (7, 5, 0, 2), (7, 5, 3, 2), (7, 5, 3, 2), (7, 5, 3, 2)]"
"(7, 11, 8, 25, 0)","[(7, 5, 0, 1), (7, 5, 3, 2), (7, 5, 0, 1), (7, 5, 0, 1), (7, 5, 0, 2), (7, 5, 0, 2), (7, 5, 0, 2), (7, 5, 0, 1)]"
"(7, 11, 10, 6, 0)","[(7, 7, 1, 1)]"
"(7, 11, 10, 12, 0)","[(7, 0, 1, 1)]"
"(7, 11, 11, 1, 0)","[(7, 1, 3, 2), (7, 1, 3, 2)]"
"(7, 11, 11, 3, 0)","[(7, 3, 0, 1), (7, 3, 0, 2), (7, 3, 3, 1)]"
"(7, 11, 11, 4, 0)","[(7, '?', 0, 1), (7, '?', 0, 1), (7, 4, 0, 2), (7, 4, 0, 2), (7, 4, 3, 1)]"
"(7, 11, 11, 5, 0)","[(7, 0, 3, 2), (7, 0, 3, 2), (7, 0, 3, 2), (7, 0, 3, 2), (7, 1, 3, 2), (7, 0, 0, 1), (7, 0, 0, 1), (7, 0, 3, 2), (7, 0, 0, 1), (7, '?', 0, 2), (7, 0, 0, 1), (7, 1, 3, 2), (7, 0, 3, 2), (7, 1, 3, 2), (7, 0, 0, 1)]"
"(7, 11, 11, 11, 0)","[(7, '?', 3, 2), (7, 4, 0, 1), (7, '?', 0, 2), (7, '?', 3, 2), (7, 4, 3, 1), (7, 4, 3, 2), (7, 5, 3, 1), (7, '?', 0, 1), (7, 5, 0, 1), (7, '?', 3, 2), (7, '?', 3, 2), (7, '?', 0, 1), (7, 4, 3, 2), (7, 4, 0, 2), (7, '?', 0, 1)]"
"(7, 11, 11, 12, 0)","[(7, 7, 0, 2), (7, '?', 3, 2), (7, '?', 3, 1), (7, '?', 0, 2), (7, 4, 3, 1)]"
"(7, 11, 11, 15, 0)","[(7, '?', 0, 1)]"
"(7, 11, 11, 16, 0)","[(7, 4, 0, 2), (7, 4, 3, 2), (7, 4, 0, 1), (7, 4, 3, 2), (7, 4, 0, 2), (7, 4, 0, 1), (7, 4, 3, '?'), (7, 4, 3, 2), (7, 4, 3, 2), (7, 4, 0, 1), (7, 4, 3, 1), (7, 4, 0, 1), (7, 4, 0, 1), (7, 4, 3, 2), (7, 4, 3, 1), (7, 4, 0, 2), (7, 4, 3, 1), (7, '?', 3, 1), (7, 4, 3, 2), (7, 4, 3, 2), (7, 4, 0, 1), (7, 4, 0, 1), (7, 4, 3, 1), (7, 4, 3, 1), (7, '?', 3, 1), (7, 4, 3, 1)]"
"(7, 11, 11, 19, 0)","[(7, 3, 3, 1), (7, 3, 3, 1), (7, 3, 3, 1), (7, 3, 0, 1), (7, 3, 0, 2), (7, 3, 0, 1), (7, 3, 0, 2), (7, 3, 0, 1), (7, 3, 0, 1), (7, 3, 3, 1)]"
"(7, 11, 11, 22, 0)","[(7, 3, 0, 2), (7, 3, 0, 2), (7, 3, 0, 1), (7, 3, 0, 2), (7, 3, 0, 2), (7, 3, 3, 1)]"
"(7, 11, 11, 24, 0)","[(7, 1, 3, 2), (7, 0, 3, 2), (7, 0, 0, 1), (7, 0, 3, 2), (7, 1, 3, 2), (7, 1, 3, 2), (7, 1, 3, 2), (7, 0, 0, 1)]"
"(7, 11, 11, 25, 0)","[(7, 4, 0, 1), (7, 7, 3, 1), (7, 7, 0, 2), (7, '?', 3, 1), (7, 4, 0, 2), (7, '?', 0, 2), (7, '?', 3, 1), (7, '?', 3, 1), (7, '?', 0, 2), (7, '?', 0, 1), (7, 2, 0, 2), (7, '?', 3, 2), (7, '?', 0, 2), (7, 7, 0, 2), (7, '?', 0, 1), (7, '?', 3, 2), (7, 7, 0, 2), (7, '?', 3, 2), (7, 7, 0, 1), (7, '?', 0, 2), (7, '?', 3, 1), (7, '?', 0, 2)]"
"(7, 11, 11, 26, 0)","[(7, 2, 0, 2), (7, 7, 0, 2), (7, 7, 0, 2)]"
"(7, 11, 12, 3, 0)","[(7, 3, 1, 2)]"
"(7, 11, 12, 8, 0)","[(7, 3, 1, 2)]"
"(7, 11, 12, 11, 0)","[(7, 0, 1, 1)]"
"(7, 11, 12, 15, 0)","[(7, 1, 1, 2), (7, 0, 1, 1)]"
"(7, 11, 13, 1, 0)","[(7, 0, 5, 1), (7, 0, 5, 1), (7, 0, 5, 1), (7, 0, 5, 1), (7, 1, 5, 2)]"
"(7, 11, 13, 6, 0)","[(7, 7, 5, 1)]"
"(7, 11, 13, 11, 0)","[(7, '?', 5, 1), (7, '?', 5, 2), (7, '?', 5, 2), (7, '?', 5, 2), (7, '?', 5, 2), (7, 4, 5, 1), (7, '?', 5, 2)]"
"(7, 11, 13, 13, 0)","[(7, '?', 5, 1)]"
"(7, 11, 13, 14, 0)","[(7, 0, 5, 1), (7, 0, 5, 2)]"
"(7, 11, 13, 16, 0)","[(7, 4, 5, 2), (7, '?', 5, 2), (7, 4, 5, 2), (7, '?', 5, 2), (7, 4, 5, 2)]"
"(7, 11, 13, 19, 0)","[(7, 3, 5, 1), (7, 3, 5, 1)]"
"(7, 11, 13, 22, 0)","[(7, 3, 5, 2), (7, 3, 5, 1)]"
"(7, 11, 13, 23, 0)","[(7, 3, 5, 1), (7, 3, 5, 1)]"
"(7, 11, 13, 24, 0)","[(7, 0, 5, 2), (7, 0, 5, 1), (7, 0, 5, 2), (7, 0, 5, 2), (7, 0, 5, 2)]"
"(7, 11, 25, 5, 0)","[(7, 1, '?', 2)]"
"(7, 11, 25, 6, 0)","[(7, 7, 0, 1), (7, 2, 0, 1), (7, 2, 0, 2), (7, 2, 0, 2), (7, 7, 0, 1)]"
"(7, 11, 25, 11, 0)","[(7, 4, 5, 2), (7, 4, 5, 2), (7, 4, 5, 2), (7, '?', 5, 2), (7, 4, 5, 2), (7, '?', 5, 2)]"
"(7, 11, 25, 13, 0)","[(7, '?', 5, 1), (7, '?', 5, 2), (7, '?', 5, 1)]"
"(7, 11, 25, 23, 0)","[(7, 3, 5, 2), (7, 3, 5, 2), (7, 3, 5, 2)]"
"(7, 11, 25, 24, 0)","[(7, 0, 5, 2), (7, 0, 5, 2)]"
"(7, 12, 11, 4, 0)","[(7, 4, 1, 1), (7, 4, 1, 1), (7, '?', '?', 1)]"
"(7, 12, 11, 5, 0)","[(7, 1, 4, 2)]"
"(7, 12, 11, 12, 0)","[(7, 0, 1, 1)]"
"(7, 12, 11, 25, 0)","[(7, 4, 1, 1)]"
"(7, 12, 12, 25, 0)","[(7, 0, 1, 6)]"
"(7, 12, 17, 11, 0)","[(7, 5, 4, 2)]"
"(7, 12, 24, 4, 0)","[(7, 6, 1, 6)]"
"(7, 12, 25, 12, 0)","[(7, 0, 1, 6)]"
"(7, 12, 25, 25, 0)","[(7, 0, 1, 6)]"
"(7, 12, 26, 11, 0)","[(7, 2, 1, 2)]"
"(7, 13, 3, 2, 0)","[(7, 5, 2, '?'), (7, 5, 2, 7), (7, 5, 7, 7), (7, 5, 7, 7)]"
"(7, 13, 3, 11, 0)","[(7, 5, 2, 2), (7, 5, 7, 1), (7, 5, 7, 1), (7, 5, 7, 1), (7, 5, 2, 1), (7, 5, 7, 2), (7, 5, 7, 1), (7, 5, 2, 1), (7, 5, 2, 1), (7, 5, 2, 2), (7, 5, 2, 1), (7, 5, 2, 1), (7, 5, 7, 2), (7, 5, 7, 2)]"
"(7, 13, 3, 13, 0)","[(7, 5, 2, 2), (7, 5, 2, 7), (7, 5, 2, '?'), (7, 5, 2, 7)]"
"(7, 13, 3, 16, 0)","[(7, 5, 7, 2), (7, 5, 2, 1), (7, 5, 2, 2), (7, 5, 7, 2)]"
"(7, 13, 3, 25, 0)","[(7, 5, 7, 1), (7, 5, 7, 7), (7, 5, 7, '?'), (7, 5, 7, '?'), (7, 5, 7, 7), (7, 5, 2, '?'), (7, 5, 2, '?'), (7, 5, 7, 7), (7, 5, 2, '?'), (7, 5, 7, 7), (7, 5, 2, 7), (7, 5, 2, '?'), (7, 5, 7, '?'), (7, 5, 2, 7), (7, 5, 7, '?')]"
"(7, 13, 6, 6, 0)","[(7, 7, 7, 2), (7, 2, 7, 2), (7, 2, 7, 1), (7, 7, 7, 2), (7, 2, 2, 1), (7, 2, 7, 2), (7, 2, 7, 1), (7, 7, 7, 1)]"
"(7, 13, 6, 13, 0)","[(7, 7, 7, 1), (7, 2, 7, 2), (7, 2, 2, 1), (7, 7, 7, 1), (7, 2, 2, 1), (7, 2, 2, 1), (7, 2, 7, 1), (7, 2, '?', 1), (7, 2, 7, 1), (7, 2, 7, 2)]"
"(7, 13, 6, 25, 0)","[(7, 7, 7, 1)]"
"(7, 13, 7, 6, 0)","[(7, 2, 2, 1)]"
"(7, 13, 8, 2, 0)","[(7, 5, 2, 2)]"
"(7, 13, 8, 11, 0)","[(7, 5, 7, 1), (7, 5, 2, 1)]"
"(7, 13, 8, 16, 0)","[(7, 5, 7, 1), (7, 5, 2, 1), (7, 5, 2, 2), (7, 5, 7, 2), (7, 5, 7, 1), (7, 5, 7, 1), (7, 5, 7, 2), (7, 5, 7, 1)]"
"(7, 13, 8, 27, 0)","[(7, 5, 7, 2)]"
"(7, 13, 11, 2, 0)","[(7, 4, '?', 1), (7, 4, 2, 2), (7, 4, 2, 2), (7, 4, 7, 1), (7, 4, 7, 1), (7, 4, 7, 1), (7, 4, 2, 2), (7, 4, 7, 1)]"
"(7, 13, 11, 3, 0)","[(7, 3, 2, 1), (7, 3, 2, 2), (7, 3, 2, 1), (7, 3, 2, 2)]"
"(7, 13, 11, 5, 0)","[(7, 0, 2, 2), (7, 1, 2, 2), (7, 1, 2, 1), (7, 1, 7, 1), (7, 1, 7, 2), (7, 1, 2, 1), (7, 0, 2, 1), (7, 0, 2, 1)]"
"(7, 13, 11, 13, 0)","[(7, 0, 2, 1), (7, 0, 7, 2), (7, 0, 2, 1), (7, 0, 7, 2), (7, 4, 2, 2), (7, 0, 2, 2), (7, 4, 7, 1)]"
"(7, 13, 11, 14, 0)","[(7, 1, 7, 2), (7, 1, 7, 1), (7, 1, 7, 1), (7, 1, 7, 2), (7, 1, 2, 2), (7, 1, 7, 2)]"
"(7, 13, 11, 16, 0)","[(7, 4, 2, 2), (7, 4, 7, 1), (7, 4, 2, 2), (7, 4, 2, 2)]"
"(7, 13, 11, 19, 0)","[(7, 3, 2, 1), (7, 3, 7, 2), (7, 3, 2, 2), (7, 3, 2, 2)]"
"(7, 13, 11, 22, 0)","[(7, 3, '?', 1)]"
"(7, 13, 11, 24, 0)","[(7, 1, 7, 1), (7, 1, 2, 2), (7, 1, 2, 1), (7, 1, 2, 1), (7, 1, 2, 2)]"
"(7, 13, 11, 25, 0)","[(7, 0, 2, 2), (7, '?', '?', 1)]"
"(7, 13, 13, 2, 0)","[(7, 4, 7, 7), (7, 4, 7, '?'), (7, 4, 7, '?'), (7, 4, 7, 3), (7, 4, 7, '?')]"
"(7, 13, 13, 3, 0)","[(7, 3, 2, '?'), (7, 3, 2, '?'), (7, 3, 2, '?')]"
"(7, 13, 13, 5, 0)","[(7, 1, 7, '?'), (7, 1, 2, '?'), (7, 0, 2, 7)]"
"(7, 13, 13, 11, 0)","[(7, 6, 2, 1)]"
"(7, 13, 13, 16, 0)","[(7, 4, 2, 6), (7, 4, 7, 7), (7, 4, 2, '?'), (7, 4, 2, 6), (7, 4, 2, '?'), (7, 4, 7, 6), (7, 4, 7, '?'), (7, 4, 7, 7), (7, 4, 2, '?'), (7, 4, 2, 6), (7, 4, 7, 7), (7, 4, 7, '?'), (7, 4, 2, 2), (7, 4, 7, 6), (7, 4, 7, 6), (7, 4, 7, 6), (7, 4, 2, 6), (7, 4, 7, 6), (7, 4, 7, '?'), (7, 4, 7, '?'), (7, 4, 7, 6), (7, 4, 2, '?')]"
"(7, 13, 13, 19, 0)","[(7, 3, 7, 6)]"
"(7, 13, 13, 25, 0)","[(7, 4, 7, '?')]"
"(7, 13, 17, 19, 0)","[(7, 3, '?', 1)]"
"(7, 13, 24, 25, 0)","[(7, 6, 2, 6), (7, 6, 7, 6)]"
"(7, 13, 25, 1, 0)","[(7, 1, 7, 2), (7, 1, 2, 1), (7, 1, 7, 1)]"
"(7, 13, 25, 2, 0)","[(7, 4, 7, 7), (7, 1, 7, '?'), (7, 4, 7, '?'), (7, 0, 7, '?'), (7, 1, 2, 7), (7, 4, 2, 6), (7, 4, 2, '?'), (7, 0, 2, 7), (7, 4, 2, 6), (7, '?', 2, '?'), (7, 4, 2, '?'), (7, 4, 2, 6), (7, 0, 2, '?')]"
"(7, 13, 25, 3, 0)","[(7, 3, 2, 7), (7, 3, 7, 6), (7, 3, 7, 7), (7, 3, 7, '?'), (7, 3, 7, 7), (7, 3, 7, 6), (7, 3, 7, 7), (7, 3, 7, 6)]"
"(7, 13, 25, 5, 0)","[(7, 1, 2, 7), (7, 0, 7, '?'), (7, 1, 7, 7), (7, 1, 7, '?')]"
"(7, 13, 25, 6, 0)","[(7, 6, 2, 1), (7, 2, 7, 2), (7, 2, 7, 1), (7, 6, 7, 1), (7, 6, 7, 1), (7, 2, 2, 1)]"
"(7, 13, 25, 8, 0)","[(7, 3, 2, 2), (7, 3, 7, 2), (7, 3, 2, 1), (7, 3, 2, 2), (7, 3, 7, 2), (7, 3, 7, 2), (7, 3, 7, 2)]"
"(7, 13, 25, 11, 0)","[(7, 0, 2, 2), (7, 0, 7, '?'), (7, 7, 7, 1), (7, 7, 7, 1), (7, 7, 7, 2), (7, 7, 7, 2), (7, 4, 2, 2), (7, 1, 7, 1), (7, 7, 7, 2), (7, 1, 7, 2), (7, 7, 7, 1), (7, 0, 7, 2), (7, 6, 7, 2), (7, 4, 7, 1), (7, 0, 7, 2), (7, 0, 2, 2), (7, 0, 2, 2), (7, 7, 7, 2), (7, '?', '?', 1), (7, 1, 7, 2), (7, 2, 7, 1), (7, 1, 7, 1), (7, 0, 2, 1), (7, 7, 7, 2), (7, 2, 7, 1), (7, 6, 7, 1), (7, 0, 2, 2), (7, 6, 2, 1), (7, 0, 2, 2), (7, 0, 2, 1), (7, 0, 7, 2)]"
"(7, 13, 25, 12, 0)","[(7, '?', 7, 6), (7, 1, 7, 7)]"
"(7, 13, 25, 13, 0)","[(7, 0, 7, 2), (7, '?', 2, 6), (7, 4, 7, 6), (7, 1, 7, 7), (7, 0, 2, 7), (7, '?', 2, 6), (7, 0, 2, '?'), (7, 0, 7, '?'), (7, '?', 7, 7), (7, '?', 7, 7), (7, '?', 7, '?'), (7, 0, 7, '?'), (7, 7, 7, 7), (7, '?', 7, 6), (7, 1, 7, '?'), (7, 6, 7, 7), (7, 1, 2, 7), (7, '?', 2, 7), (7, '?', 2, 7), (7, '?', 7, 7), (7, 0, 2, 7), (7, 7, 7, 6), (7, '?', 2, 7), (7, 4, 2, 6), (7, '?', 7, 7), (7, 4, 2, '?')]"
"(7, 13, 25, 14, 0)","[(7, 0, 2, '?'), (7, 1, 2, 6), (7, 1, 2, '?'), (7, 0, 2, '?'), (7, 0, 2, '?'), (7, 1, 2, 7), (7, 1, 2, '?'), (7, 1, 2, 6), (7, 1, 2, '?'), (7, 1, 2, 6), (7, 1, 2, 7)]"
"(7, 13, 25, 15, 0)","[(7, 4, 2, '?')]"
"(7, 13, 25, 16, 0)","[(7, 4, 7, '?'), (7, 4, 7, 7)]"
"(7, 13, 25, 19, 0)","[(7, 3, 2, 2), (7, 3, 2, 2), (7, 3, 2, 2), (7, 3, 7, 2), (7, 3, 2, 2), (7, 3, 2, 1), (7, 3, 7, 2), (7, 3, 2, 1)]"
"(7, 13, 25, 21, 0)","[(7, 6, 7, 1), (7, 1, 2, 7), (7, 6, 2, '?'), (7, 6, 2, 7), (7, 6, 2, 7), (7, 6, 7, 7)]"
"(7, 13, 25, 22, 0)","[(7, 3, 7, 4), (7, 3, 7, '?'), (7, 3, 2, '?'), (7, 3, 7, 4), (7, '?', 2, 6), (7, 3, 2, 7), (7, 3, 7, 7), (7, 3, 7, 7), (7, 3, 7, 7), (7, 3, 2, '?'), (7, 3, 7, 4), (7, 3, 2, 7), (7, 3, 2, 7), (7, 3, 2, 7), (7, 3, 7, 6), (7, 3, 2, '?'), (7, 3, 7, 6), (7, 3, 7, 6), (7, 3, 2, '?')]"
"(7, 13, 25, 23, 0)","[(7, 3, 2, 7), (7, 3, 2, '?'), (7, 3, 2, 7), (7, 3, 2, '?'), (7, 3, 7, '?'), (7, 3, 7, '?'), (7, 3, 7, 7), (7, 3, 7, 7), (7, 3, 7, '?'), (7, 3, 7, 6), (7, 3, 7, '?')]"
"(7, 13, 25, 24, 0)","[(7, 1, 2, 2), (7, 1, 2, 7), (7, 1, 2, 6), (7, 0, 2, '?'), (7, 1, 2, 2), (7, 1, 7, '?'), (7, 1, 2, 2), (7, 1, 2, 6), (7, 1, 7, '?'), (7, 1, 7, '?'), (7, 1, 2, '?'), (7, 1, 2, '?'), (7, 1, 2, '?'), (7, 1, 7, 7), (7, 0, 2, '?'), (7, 1, 2, 6), (7, 1, 2, 6), (7, 1, 7, 7)]"
"(7, 13, 25, 25, 0)","[(7, 7, 7, 7), (7, '?', 2, '?'), (7, 0, 2, 1), (7, 7, 7, 4), (7, '?', 2, 4), (7, 1, 7, 7), (7, 7, 7, 6), (7, '?', 7, 6), (7, 0, 2, 7), (7, '?', 7, 6), (7, '?', 2, 6), (7, 7, 7, 6), (7, 6, 2, 7), (7, 0, 2, 7), (7, 1, 7, 7), (7, '?', 7, '?'), (7, 0, 2, 7), (7, 0, 7, '?'), (7, 0, 2, 7), (7, 6, 2, '?'), (7, '?', 7, 7), (7, '?', 7, 7), (7, '?', 2, 7), (7, '?', 2, 6), (7, '?', 7, 6), (7, 6, 7, '?'), (7, '?', 2, '?'), (7, 1, 2, 7), (7, 0, 7, '?'), (7, '?', 2, 6), (7, '?', 7, 6), (7, '?', 2, 4), (7, 1, 7, '?'), (7, 7, 7, 6), (7, 4, 7, 6), (7, '?', 7, '?'), (7, 6, 7, 7), (7, '?', 7, '?'), (7, '?', 7, '?'), (7, 1, 7, 7), (7, 0, 7, '?'), (7, 0, 2, 7), (7, '?', 2, 6), (7, 7, 7, 7), (7, '?', 7, 6), (7, 1, 2, 7), (7, 6, 2, 7), (7, 6, 7, 7), (7, 0, 2, '?'), (7, 6, 7, '?'), (7, '?', 2, 7), (7, 6, 2, 7), (7, 1, 7, '?'), (7, '?', 7, '?'), (7, 7, 2, 4), (7, '?', 7, 7), (7, 1, 2, 7), (7, '?', 7, 7), (7, 7, 7, 7), (7, '?', 7, '?'), (7, '?', 7, '?'), (7, 7, 7, 7), (7, 0, 2, '?'), (7, '?', 2, '?'), (7, 4, 7, 7), (7, 7, 7, '?'), (7, 4, 7, 7), (7, 2, 7, 6), (7, '?', 2, '?'), (7, 7, 7, '?'), (7, 1, 7, 7), (7, '?', 7, 6), (7, '?', 2, '?'), (7, '?', 7, 6)]"
"(7, 13, 25, 26, 0)","[(7, 7, 2, '?'), (7, 2, 7, 6), (7, 7, 7, 4), (7, 7, 2, 6), (7, 2, 7, '?'), (7, 7, 2, 4), (7, 7, 2, 4), (7, 7, 2, 6), (7, 2, 7, 6), (7, 7, 2, '?'), (7, 2, 2, 6), (7, 7, 2, '?'), (7, 2, 7, '?'), (7, 7, 2, '?'), (7, 2, 2, 1)]"
"(7, 13, 26, 2, 0)","[(7, 7, 7, 6)]"
"(7, 13, 26, 6, 0)","[(7, 2, 7, 2)]"
"(7, 13, 26, 11, 0)","[(7, 2, 2, 1), (7, 2, 7, 1)]"
"(7, 13, 26, 13, 0)","[(7, 7, 7, '?'), (7, 2, 7, 6), (7, 2, 7, 6), (7, 7, 7, 7), (7, 7, 2, '?'), (7, 2, 7, 6), (7, 7, 7, 6), (7, 2, 7, '?'), (7, 7, 7, 7), (7, 2, 7, '?'), (7, 7, 2, '?')]"
"(7, 13, 26, 17, 0)","[(7, 2, 2, 6), (7, 7, 7, 7)]"
"(7, 13, 26, 25, 0)","[(7, 2, 7, '?'), (7, 7, 7, 4), (7, 2, 2, 6), (7, 7, 2, '?'), (7, 2, 7, 6), (7, 7, 2, 6), (7, 7, 7, '?'), (7, 7, 7, 6), (7, 7, 7, 4), (7, 2, 7, 6), (7, 7, 7, 4), (7, 7, 2, 6), (7, 7, 7, 6), (7, 7, 2, '?'), (7, 7, 2, 6), (7, 2, 2, 6), (7, 7, 7, 6), (7, 7, 2, 6), (7, 7, 2, 6), (7, 7, 2, 6), (7, 2, 7, '?'), (7, 2, 7, 3), (7, 7, 2, '?'), (7, 7, 7, '?'), (7, 7, 7, '?')]"
"(7, 17, 1, 2, 0)","[(7, 6, 1, 2)]"
"(7, 17, 1, 17, 0)","[(7, 6, 1, 2), (7, 6, 1, 1)]"
"(7, 17, 3, 2, 0)","[(7, 5, 6, '?')]"
"(7, 17, 3, 10, 0)","[(7, 5, 6, '?')]"
"(7, 17, 3, 16, 0)","[(7, 5, 4, 1), (7, 5, 6, 2), (7, 5, 6, 2)]"
"(7, 17, 6, 6, 0)","[(7, 7, 1, 2), (7, 7, 1, 1), (7, 2, 1, 2), (7, 2, 1, 2), (7, 7, 1, 2), (7, 2, 1, 1)]"
"(7, 17, 6, 12, 0)","[(7, 7, 1, 2), (7, 2, 1, 1)]"
"(7, 17, 6, 17, 0)","[(7, 7, 1, 2), (7, 2, 1, 1)]"
"(7, 17, 8, 16, 0)","[(7, 5, 1, 2), (7, 5, 1, 2)]"
"(7, 17, 10, 1, 0)","[(7, 1, 6, 1), (7, 0, 6, 1)]"
"(7, 17, 10, 12, 0)","[(7, '?', 4, '?')]"
"(7, 17, 11, 5, 0)","[(7, 0, 4, 2), (7, 0, 4, 2), (7, 1, 6, 1), (7, 0, 4, 2), (7, 1, 1, 2)]"
"(7, 17, 11, 10, 0)","[(7, 4, 4, 2), (7, '?', 1, 2), (7, 5, 4, 2), (7, 4, 6, 1), (7, 4, 6, 1), (7, 6, 1, 1), (7, '?', 1, 2)]"
"(7, 17, 11, 11, 0)","[(7, 4, 4, 1), (7, 4, 4, 2)]"
"(7, 17, 11, 12, 0)","[(7, 7, 4, 1), (7, 1, 1, 2), (7, 6, 1, 2), (7, '?', 4, 2), (7, 4, 6, 1)]"
"(7, 17, 11, 16, 0)","[(7, 5, 4, 1), (7, 4, 6, 1), (7, 4, 1, 1), (7, 5, 4, 1), (7, 4, 1, 2)]"
"(7, 17, 11, 17, 0)","[(7, 4, 4, 1), (7, 4, 4, 2), (7, 4, 1, 2), (7, 4, 6, 2), (7, 5, 4, 2)]"
"(7, 17, 11, 19, 0)","[(7, 3, 1, 2)]"
"(7, 17, 11, 24, 0)","[(7, 1, 4, 2)]"
"(7, 17, 11, 26, 0)","[(7, 2, 1, 2)]"
"(7, 17, 12, 1, 0)","[(7, 1, 6, 1)]"
"(7, 17, 12, 3, 0)","[(7, 3, 6, 6), (7, 3, 4, 6), (7, 3, 6, '?')]"
"(7, 17, 12, 4, 0)","[(7, 4, 6, '?')]"
"(7, 17, 12, 5, 0)","[(7, 0, 6, 6), (7, 1, 4, '?'), (7, 0, 4, '?'), (7, 0, 4, '?'), (7, 1, 4, '?'), (7, 1, 6, 6), (7, 0, 4, 6), (7, 0, 4, '?'), (7, 1, 6, 6), (7, 1, 4, 7), (7, 0, 6, 3), (7, 0, 4, 6), (7, 1, 6, '?'), (7, 1, 4, 7), (7, 0, 4, 6), (7, 0, 6, '?'), (7, 0, 6, '?'), (7, 1, 4, '?'), (7, 0, 6, 6), (7, 1, 6, 7), (7, 0, 6, 7)]"
"(7, 17, 12, 10, 0)","[(7, 4, 6, '?'), (7, 4, 6, 7), (7, 4, 4, 7), (7, 4, 6, 7), (7, 0, 4, '?'), (7, '?', 6, '?'), (7, 5, 6, 6), (7, 4, 6, 7)]"
"(7, 17, 12, 11, 0)","[(7, 4, 4, 1), (7, '?', 6, 1), (7, 0, 6, 1), (7, 7, 6, 2), (7, 4, 6, 2), (7, 5, 4, 1)]"
"(7, 17, 12, 12, 0)","[(7, '?', 6, 6), (7, '?', 4, 7), (7, 0, 4, 6), (7, '?', 6, 7), (7, '?', 6, 7), (7, 0, 4, '?'), (7, '?', 4, '?'), (7, '?', 6, 6), (7, '?', 4, 6)]"
"(7, 17, 12, 16, 0)","[(7, 4, 6, 1)]"
"(7, 17, 12, 17, 0)","[(7, 4, 6, '?'), (7, 4, 4, '?'), (7, 4, 4, '?'), (7, 4, 6, 7), (7, 4, 4, 7), (7, 4, 4, 7), (7, 4, 6, '?')]"
"(7, 17, 12, 21, 0)","[(7, 6, 6, 7)]"
"(7, 17, 16, 16, 0)","[(7, 4, 1, 2)]"
"(7, 17, 17, 1, 0)","[(7, 1, 6, 1), (7, 1, 4, 2), (7, 0, 6, 1), (7, 1, 6, 1), (7, 0, 6, 1), (7, 1, 6, 2), (7, 1, 4, 2), (7, 0, 4, 2), (7, 0, 4, 1), (7, 1, 6, 2), (7, 0, 6, 2), (7, 1, 4, 2), (7, 0, 6, 1), (7, 0, 6, 1), (7, 1, 6, 2), (7, 1, 6, 2), (7, 0, 6, 2), (7, 0, 4, 2)]"
"(7, 17, 17, 2, 0)","[(7, 4, 6, 7), (7, 4, 4, '?')]"
"(7, 17, 17, 3, 0)","[(7, 3, 4, 7), (7, 3, 6, '?'), (7, 3, 6, 6), (7, 3, 6, '?'), (7, 3, 6, '?'), (7, 3, 4, 7)]"
"(7, 17, 17, 4, 0)","[(7, 4, 4, '?')]"
"(7, 17, 17, 5, 0)","[(7, 0, 6, '?'), (7, 1, 6, '?')]"
"(7, 17, 17, 11, 0)","[(7, 4, 4, 2), (7, 4, 6, 1), (7, '?', 4, 1), (7, 4, 4, 2), (7, 4, 6, 1)]"
"(7, 17, 17, 12, 0)","[(7, 4, 6, '?')]"
"(7, 17, 17, 16, 0)","[(7, 4, 4, 1), (7, 4, 4, 1), (7, 4, 4, 1), (7, 4, 4, 2), (7, 4, 4, 1), (7, 4, 4, 2), (7, 4, 6, 1), (7, 4, 4, 1)]"
"(7, 17, 17, 17, 0)","[(7, 4, 6, '?'), (7, 4, 4, '?'), (7, 4, 6, '?')]"
"(7, 17, 17, 19, 0)","[(7, 3, 6, 2), (7, 3, 6, 1), (7, 3, 6, 1), (7, 3, 6, 1), (7, 3, 4, 2), (7, 3, 4, 2), (7, 3, 4, 2)]"
"(7, 17, 17, 23, 0)","[(7, 3, 6, 6), (7, 3, 4, 6)]"
"(7, 17, 21, 10, 0)","[(7, 6, 6, 7)]"
"(7, 17, 21, 11, 0)","[(7, 6, 4, 1), (7, 6, 6, 2), (7, 6, 6, 1)]"
"(7, 17, 21, 17, 0)","[(7, 6, 6, 6), (7, 6, 4, 1), (7, 6, 4, 6), (7, 6, 6, '?')]"
"(7, 17, 26, 10, 0)","[(7, 2, 4, '?'), (7, 2, 4, '?'), (7, 2, 4, 7), (7, 7, 4, 7), (7, 7, 4, 7), (7, 7, 4, 6), (7, 2, 4, 6), (7, 2, 6, '?'), (7, 7, 4, 6), (7, 7, 6, '?'), (7, 7, 6, '?')]"
"(7, 17, 26, 11, 0)","[(7, 7, 4, 1), (7, 7, 6, 2), (7, 2, 6, 2), (7, 7, 6, 2), (7, 7, 4, 1), (7, 2, 6, 2), (7, 2, 4, 1), (7, 2, 4, 1), (7, 2, 6, 1), (7, 7, 6, 2), (7, 2, 4, 1), (7, 7, 4, 1), (7, 2, 6, 2), (7, 2, 6, 1)]"
"(7, 17, 26, 12, 0)","[(7, 2, 6, 1), (7, 2, 4, 6)]"
"(7, 17, 26, 17, 0)","[(7, 2, 6, 1), (7, 2, 4, 7), (7, 2, 4, 6), (7, 2, 6, 2), (7, 2, 4, 6), (7, 7, 4, 6), (7, 2, 4, 1), (7, 2, 4, 1), (7, 7, 6, 7), (7, 2, 4, '?'), (7, 7, 4, 7), (7, 7, 4, 1), (7, 2, 4, 7), (7, 7, 4, 7), (7, 7, 4, 6), (7, 2, 6, '?'), (7, 2, 4, 7), (7, 2, 4, '?'), (7, 7, 6, 7), (7, 2, 6, 2)]"
"(7, 21, 10, 2, 0)","[(7, 6, 4, '?')]"
"(7, 21, 10, 10, 0)","[(7, 6, 6, '?'), (7, 6, 6, '?'), (7, 6, 4, 4)]"
"(7, 21, 10, 17, 0)","[(7, 6, 4, '?'), (7, 6, 4, '?'), (7, 6, 6, 6), (7, 6, 4, 3), (7, 6, 4, '?'), (7, 6, 4, 6), (7, 6, 4, 1)]"
"(7, 21, 11, 13, 0)","[(7, 6, 5, 1)]"
"(7, 21, 12, 4, 0)","[(7, 6, 1, 6)]"
"(7, 21, 12, 9, 0)","[(7, 6, 1, 6)]"
"(7, 21, 12, 12, 0)","[(7, 6, 1, 6), (7, 6, 1, 6)]"
"(7, 21, 13, 2, 0)","[(7, 6, 2, 6), (7, 6, 2, 6)]"
"(7, 21, 13, 11, 0)","[(7, 6, 2, 1), (7, 6, 2, 1), (7, 6, 7, 2), (7, 6, 7, 1), (7, 6, 7, 2), (7, 6, 2, 1), (7, 6, 7, 1), (7, 6, 7, 1), (7, 6, 5, 1), (7, 6, 7, 2), (7, 6, 2, 1), (7, 6, 7, 1)]"
"(7, 21, 13, 13, 0)","[(7, 6, 2, 6), (7, 6, 7, 6), (7, 6, 2, 6), (7, 6, 7, 6), (7, 6, 7, 7), (7, 6, 2, '?')]"
"(7, 21, 13, 21, 0)","[(7, 6, 7, '?')]"
"(7, 21, 13, 25, 0)","[(7, 6, 7, '?'), (7, 6, 2, '?'), (7, 6, 2, 7), (7, 6, 7, 2), (7, 6, 7, '?'), (7, 6, 2, '?'), (7, 6, 7, 6), (7, 6, 2, '?'), (7, 6, 2, '?'), (7, 6, 7, 6), (7, 6, 2, '?'), (7, 6, 7, 6), (7, 6, 7, '?'), (7, 6, 7, 7), (7, 6, 7, '?')]"
"(7, 21, 17, 11, 0)","[(7, 6, 6, 2)]"
"(7, 21, 17, 12, 0)","[(7, 6, 4, '?')]"
"(7, 21, 17, 16, 0)","[(7, 6, 6, 2)]"
"(7, 21, 17, 17, 0)","[(7, 6, 6, 2), (7, 6, 6, 1), (7, 6, 6, 1), (7, 6, 4, '?'), (7, 6, 6, 6), (7, 6, 6, 2), (7, 6, 6, 6), (7, 6, 6, '?'), (7, 6, 4, '?'), (7, 6, 6, '?'), (7, 6, 6, '?'), (7, 6, 6, '?'), (7, 6, 4, 1)]"
"(7, 21, 24, 9, 0)","[(7, 6, 1, 6)]"
"(7, 21, 25, 2, 0)","[(7, 6, '?', 6), (7, 6, '?', 6)]"
"(7, 21, 25, 11, 0)","[(7, 6, '?', 2)]"
"(7, 21, 25, 16, 0)","[(7, 6, '?', 1), (7, 6, '?', 1), (7, 6, '?', 1), (7, 6, '?', 2)]"
"(7, 24, 2, 4, 0)","[(7, 6, '?', 6)]"
"(7, 24, 2, 25, 0)","[(7, 6, 3, 6)]"
"(7, 24, 9, 12, 0)","[(7, 6, 1, '?')]"
"(7, 24, 11, 2, 0)","[(7, 6, 0, 2)]"
"(7, 24, 11, 13, 0)","[(7, 6, 5, 1)]"
"(7, 24, 11, 25, 0)","[(7, 6, 5, 1)]"
"(7, 24, 13, 16, 0)","[(7, 6, 5, 1)]"
"(7, 24, 13, 25, 0)","[(7, 6, 2, 6)]"
"(7, 24, 25, 2, 0)","[(7, 6, 0, 6), (7, 6, 0, 7), (7, 6, 0, 6), (7, 6, '?', 6), (7, 6, 0, 6), (7, 6, 0, 6), (7, 6, '?', 7)]"
"(7, 24, 25, 4, 0)","[(7, 6, '?', 6)]"
"(7, 24, 25, 11, 0)","[(7, 6, '?', 2), (7, 6, '?', 2)]"
"(7, 24, 25, 13, 0)","[(7, 6, 7, 6)]"
"(7, 24, 25, 16, 0)","[(7, 6, '?', 2), (7, 6, '?', 2)]"
"(7, 24, 25, 21, 0)","[(7, 6, '?', 6)]"
"(7, 24, 25, 25, 0)","[(7, 6, 0, '?'), (7, 6, 5, '?'), (7, 6, 3, 5), (7, 6, '?', 6), (7, 6, 5, '?'), (7, 6, '?', 7), (7, 6, 3, 7), (7, 6, 0, '?'), (7, 6, '?', 6), (7, 6, 3, '?'), (7, 6, 3, 6), (7, 6, '?', 6), (7, 6, 5, '?'), (7, 6, '?', 7)]"
"(7, 25, 3, 2, 0)","[(7, 5, '?', 7), (7, 5, '?', 7), (7, 5, '?', 6)]"
"(7, 25, 3, 11, 0)","[(7, 5, '?', 1)]"
"(7, 25, 3, 13, 0)","[(7, 5, 2, '?')]"
"(7, 25, 3, 16, 0)","[(7, 5, '?', 1)]"
"(7, 25, 3, 25, 0)","[(7, 5, '?', '?'), (7, 5, '?', 7), (7, 5, '?', 7), (7, 5, 5, 7), (7, 5, '?', 7), (7, 5, '?', '?'), (7, 5, '?', 7), (7, 5, '?', '?'), (7, 5, '?', '?'), (7, 5, '?', 7), (7, 5, '?', '?'), (7, 5, '?', 7), (7, 5, '?', 7), (7, 5, '?', 6), (7, 5, '?', 7), (7, 5, '?', '?')]"
"(7, 25, 5, 5, 0)","[(7, 0, '?', 6)]"
"(7, 25, 6, 2, 0)","[(7, 2, '?', 1), (7, 2, '?', 2), (7, 2, '?', 1), (7, 2, 5, 1), (7, 2, '?', 1), (7, 2, '?', 2), (7, 2, '?', 2), (7, 2, '?', 2), (7, 2, '?', 2)]"
"(7, 25, 6, 6, 0)","[(7, 7, '?', 2), (7, 2, '?', 1), (7, 7, '?', 2), (7, 2, '?', 1)]"
"(7, 25, 6, 25, 0)","[(7, 7, '?', 2), (7, 7, '?', 2), (7, 2, 5, 1), (7, 2, '?', 1), (7, 2, '?', 1), (7, 7, 5, 1)]"
"(7, 25, 8, 2, 0)","[(7, 5, '?', 2), (7, 5, '?', 2)]"
"(7, 25, 8, 11, 0)","[(7, 5, '?', 2)]"
"(7, 25, 8, 15, 0)","[(7, 5, '?', 2)]"
"(7, 25, 8, 16, 0)","[(7, 5, '?', 1), (7, 5, '?', 1), (7, 5, '?', 2), (7, 5, '?', 2), (7, 5, '?', 1), (7, 5, '?', 1), (7, 5, '?', 2), (7, 5, '?', 1), (7, 5, '?', 1)]"
"(7, 25, 8, 25, 0)","[(7, 5, '?', 2)]"
"(7, 25, 11, 2, 0)","[(7, 4, '?', 1), (7, 4, '?', 1), (7, 4, '?', 2), (7, 4, '?', 2), (7, 4, '?', 1), (7, 4, 5, 1), (7, 4, '?', 2), (7, 4, 5, 1), (7, 4, '?', 1), (7, 4, 5, 1)]"
"(7, 25, 11, 3, 0)","[(7, 3, 5, 1), (7, 3, '?', 2), (7, 3, '?', 2), (7, 3, '?', 1)]"
"(7, 25, 11, 4, 0)","[(7, '?', '?', 1)]"
"(7, 25, 11, 5, 0)","[(7, 1, '?', 2)]"
"(7, 25, 11, 12, 0)","[(7, 4, '?', 2)]"
"(7, 25, 11, 14, 0)","[(7, 1, '?', 2), (7, 1, '?', 1), (7, 1, 5, 2), (7, 1, '?', 1), (7, 1, '?', 1), (7, 1, 5, 2), (7, 1, '?', 1)]"
"(7, 25, 11, 16, 0)","[(7, 4, '?', 2), (7, 4, 5, 1), (7, 4, '?', 1), (7, 4, '?', 2), (7, 4, 5, 1), (7, 4, '?', 1)]"
"(7, 25, 11, 22, 0)","[(7, 3, 5, 1), (7, 3, 5, 1), (7, 3, 5, 1)]"
"(7, 25, 11, 23, 0)","[(7, 3, '?', 1), (7, 3, '?', 2), (7, 3, '?', 1), (7, 3, '?', 1), (7, 3, '?', 2)]"
"(7, 25, 11, 24, 0)","[(7, 1, 5, 1), (7, 1, 5, 2), (7, 1, 5, 1), (7, 1, 5, 2), (7, 1, '?', 2), (7, 1, '?', 1), (7, 1, '?', 1), (7, 1, 5, 1), (7, 1, 5, 1), (7, 1, 5, 1), (7, 1, '?', 1), (7, 1, '?', 2), (7, 1, 5, 1), (7, 1, 5, 2)]"
"(7, 25, 11, 25, 0)","[(7, '?', '?', 1), (7, 0, 5, 2), (7, '?', 5, 1), (7, '?', '?', 1), (7, '?', '?', 2), (7, '?', 5, 1), (7, '?', 5, 1), (7, '?', '?', 2)]"
"(7, 25, 13, 3, 0)","[(7, 5, 7, 7)]"
"(7, 25, 13, 25, 0)","[(7, 4, 7, 7)]"
"(7, 25, 24, 11, 0)","[(7, 6, 5, 1), (7, 6, '?', 2)]"
"(7, 25, 25, 1, 0)","[(7, 1, '?', 2), (7, 1, '?', 2), (7, 1, '?', 1), (7, 1, '?', 2)]"
"(7, 25, 25, 2, 0)","[(7, 0, 5, 7), (7, 4, '?', '?'), (7, '?', '?', 6), (7, 4, 5, 7), (7, 7, 5, 7), (7, 4, '?', '?'), (7, 0, '?', 7), (7, 6, '?', 5), (7, '?', '?', 6), (7, 4, '?', 6), (7, '?', '?', '?'), (7, 0, '?', 7), (7, 4, '?', 6), (7, 7, '?', 7), (7, 0, '?', '?'), (7, 1, '?', 4), (7, 4, '?', '?'), (7, 0, '?', '?'), (7, 4, '?', '?'), (7, 2, '?', 7), (7, 4, '?', 6), (7, 0, '?', '?'), (7, '?', '?', 6), (7, 7, '?', 7), (7, 6, '?', 7), (7, 4, '?', 6), (7, 4, '?', '?'), (7, 0, '?', 7), (7, 7, '?', 6), (7, 7, '?', 7), (7, 4, '?', 6), (7, 4, '?', '?')]"
"(7, 25, 25, 3, 0)","[(7, 3, '?', 7), (7, 3, '?', 7), (7, 3, '?', 7)]"
"(7, 25, 25, 5, 0)","[(7, 1, 5, 6), (7, 1, '?', 7), (7, 1, 5, '?'), (7, 0, '?', '?'), (7, 1, '?', 6), (7, 1, 5, 6), (7, 1, 5, '?'), (7, 1, 5, 6), (7, 1, 5, '?'), (7, 1, '?', 7), (7, 1, 5, '?'), (7, 0, '?', 6)]"
"(7, 25, 25, 6, 0)","[(7, 6, '?', 1), (7, 6, '?', 1), (7, 6, '?', 1)]"
"(7, 25, 25, 8, 0)","[(7, 3, '?', 2), (7, 3, '?', 1), (7, 3, '?', 2), (7, 3, '?', 1)]"
"(7, 25, 25, 11, 0)","[(7, '?', '?', 2), (7, '?', '?', 2), (7, 6, '?', 1), (7, '?', '?', 2), (7, '?', '?', 1), (7, '?', '?', 1), (7, '?', 5, 1), (7, 6, 5, 1), (7, '?', '?', 2), (7, '?', '?', 2), (7, '?', '?', 2)]"
"(7, 25, 25, 14, 0)","[(7, 0, '?', 6), (7, 0, '?', 7), (7, 0, '?', '?'), (7, 1, 5, '?'), (7, 1, '?', 7), (7, 1, '?', 7), (7, 1, '?', '?'), (7, 1, '?', '?'), (7, 1, '?', 7), (7, 0, '?', '?'), (7, 0, '?', 7), (7, 1, '?', 6), (7, 1, '?', 7), (7, 1, '?', '?'), (7, 1, '?', '?'), (7, 1, '?', 6), (7, 1, '?', '?'), (7, 1, '?', 6), (7, 1, '?', 7), (7, 1, '?', '?')]"
"(7, 25, 25, 15, 0)","[(7, 4, 5, 7), (7, 1, '?', 7), (7, '?', '?', 6), (7, '?', 5, 7), (7, '?', 5, '?'), (7, '?', '?', '?')]"
"(7, 25, 25, 16, 0)","[(7, 4, '?', 6), (7, 4, '?', 6), (7, 4, '?', 6), (7, 4, '?', '?'), (7, 4, '?', 6), (7, 6, '?', 1), (7, 4, '?', '?')]"
"(7, 25, 25, 21, 0)","[(7, 6, 0, 7)]"
"(7, 25, 25, 22, 0)","[(7, 3, 5, 2), (7, 3, '?', 7), (7, 3, '?', 7), (7, 3, '?', 6), (7, 3, '?', 7), (7, 3, '?', 7), (7, 3, 5, 6), (7, 3, 5, 7), (7, 3, '?', 7), (7, 3, '?', 6), (7, 3, '?', 6), (7, 3, '?', 7), (7, 3, '?', 7)]"
"(7, 25, 25, 23, 0)","[(7, 3, '?', 6)]"
"(7, 25, 25, 24, 0)","[(7, 1, 5, '?'), (7, 1, '?', '?')]"
"(7, 25, 25, 25, 0)","[(7, '?', '?', 6), (7, 6, '?', 7), (7, 0, 5, 7), (7, '?', '?', 6), (7, '?', '?', '?'), (7, '?', '?', '?'), (7, '?', '?', '?'), (7, '?', '?', '?'), (7, 6, 5, 7), (7, 0, '?', '?'), (7, 6, '?', 7), (7, 0, '?', 7), (7, '?', '?', '?'), (7, 6, '?', 7), (7, '?', '?', '?'), (7, 6, '?', 7), (7, '?', '?', 6), (7, 6, '?', 6)]"
"(7, 25, 25, 26, 0)","[(7, 2, '?', 7), (7, 2, '?', 7)]"
"(7, 25, 26, 2, 0)","[(7, 7, 5, 6), (7, 2, 5, 6)]"
"(7, 25, 26, 6, 0)","[(7, 2, 5, 2)]"
"(7, 25, 26, 11, 0)","[(7, 2, '?', 2), (7, 2, '?', 2), (7, 7, '?', 2), (7, 7, '?', 2), (7, 7, '?', 2)]"
"(7, 25, 26, 13, 0)","[(7, 7, '?', 7)]"
"(7, 25, 26, 25, 0)","[(7, 7, '?', '?'), (7, 7, '?', '?'), (7, 2, 5, '?'), (7, 7, 5, '?'), (7, 7, '?', '?'), (7, 7, '?', 7), (7, 2, '?', 7), (7, 7, 5, '?'), (7, 7, '?', '?'), (7, 2, '?', 7), (7, 7, '?', 6), (7, 7, '?', '?'), (7, 2, 5, 6), (7, 7, '?', 7), (7, 7, '?', 6), (7, 7, '?', '?'), (7, 7, '?', 6), (7, 7, '?', 7), (7, 7, '?', 6), (7, 2, '?', 7), (7, 7, '?', 6), (7, 7, '?', '?')]"
"(7, 25, 26, 26, 0)","[(7, 7, 5, 6)]"
"(7, 26, 6, 12, 0)","[(7, 2, 1, 1)]"
"(7, 26, 12, 6, 0)","[(7, 7, 1, 2)]"
"(7, 26, 13, 2, 0)","[(7, 7, 7, '?')]"
"(7, 26, 13, 11, 0)","[(7, 2, 7, 2)]"
"(7, 27, 3, 2, 0)","[(7, 5, 7, 7)]"
"(7, 27, 3, 11, 0)","[(7, 5, 2, 2)]"
"(7, 27, 3, 13, 0)","[(7, 5, 2, 7), (7, 5, 2, '?'), (7, 5, 7, '?')]"
"(7, 27, 13, 11, 0)","[(7, 1, 7, 1)]"
"(7, 27, 21, 13, 0)","[(7, 6, 7, 1)]"
"(7, 27, 22, 13, 0)","[(7, 5, 7, 7)]"
"(7, 27, 25, 6, 0)","[(7, 2, 7, 2)]"
"(7, 27, 25, 11, 0)","[(7, 7, 7, 2), (7, 1, 7, 1)]"
"(7, 27, 25, 13, 0)","[(7, 1, 7, 2)]"
"(7, 27, 25, 14, 0)","[(7, 1, 2, '?')]"
"(7, 27, 25, 24, 0)","[(7, 1, 7, 2)]"
"(7, 27, 25, 25, 0)","[(7, 0, 7, '?'), (7, 5, 2, 7)]"
"(7, 27, 25, 26, 0)","[(7, 2, 7, '?'), (7, 2, 7, 6)]"
"(7, 27, 26, 25, 0)","[(7, 2, 5, 6)]"
"(9, 1, 1, 25, 0)","[('?', 6, 3, 6)]"
"(9, 1, 10, 1, 0)","[(1, 6, 3, 7)]"
"(9, 1, 10, 11, 0)","[(5, 6, 3, 6), (1, 6, 0, 6), (5, 6, 0, 6), (5, 6, 3, 6), (5, 6, 0, 6), (5, 6, 0, 6), (1, 6, 0, 7), (1, 6, 0, 6), (1, 6, 0, 6), (1, 6, 0, 7)]"
"(9, 1, 11, 2, 0)","[(3, 6, 3, 6), (3, 6, 3, 6)]"
"(9, 1, 11, 4, 0)","[('?', 6, 0, 7)]"
"(9, 1, 11, 25, 0)","[('?', 6, 0, 6), ('?', 6, 0, 6), ('?', 6, 0, 7), ('?', 6, 0, 6), ('?', 6, 0, 6), ('?', 6, 3, 6), ('?', 6, 3, 7)]"
"(9, 1, 16, 16, 0)","[(4, 6, 3, 6), (4, 6, 0, 6)]"
"(9, 1, 17, 1, 0)","[(5, 6, 0, 7), (5, 6, 0, 7)]"
"(9, 1, 17, 11, 0)","[(5, 6, 3, 7), (1, 6, 3, 6)]"
"(9, 1, 17, 16, 0)","[(5, 6, 3, 6), (1, 6, 3, 7)]"
"(9, 1, 18, 11, 0)","[(0, 6, 3, 7), (0, 6, 3, 7), (0, 6, 0, 7)]"
"(9, 1, 18, 15, 0)","[(0, 6, 3, 6)]"
"(9, 1, 18, 16, 0)","[(0, 6, 0, 6), (0, 6, 3, 7)]"
"(9, 1, 25, 11, 0)","[('?', 6, 0, 7)]"
"(9, 1, 25, 16, 0)","[(3, 6, 0, 6)]"
"(9, 2, 1, 11, 0)","[(6, 6, 0, 7)]"
"(9, 2, 3, 13, 0)","[(6, 5, 7, 7), (6, 5, 2, 6), (6, 5, 7, 6), (6, 5, 7, 6), (6, 5, 2, 6), (6, 5, 2, 7), (6, 5, 2, 6)]"
"(9, 2, 3, 17, 0)","[(6, 5, 6, 7), (6, 5, 6, 7)]"
"(9, 2, 6, 2, 0)","[(6, 7, '?', 7)]"
"(9, 2, 8, 2, 0)","[(6, 5, '?', 7)]"
"(9, 2, 9, 3, 0)","[(6, 3, 1, 7)]"
"(9, 2, 9, 5, 0)","[(6, 1, 1, 7)]"
"(9, 2, 9, 12, 0)","[(6, '?', 1, 7)]"
"(9, 2, 9, 13, 0)","[(6, 4, 5, 7)]"
"(9, 2, 9, 25, 0)","[(6, 3, 1, 6), (6, 6, '?', 7), (6, '?', 1, 7)]"
"(9, 2, 9, 26, 0)","[(6, 2, 1, 7)]"
"(9, 2, 10, 2, 0)","[(6, 5, 4, 6), (6, 7, 6, 6), (6, 6, 6, 7), (6, 2, 6, 7), (6, '?', 6, 6), (6, '?', 6, 7), (6, 0, 6, 7), (6, 2, 6, 6)]"
"(9, 2, 10, 3, 0)","[(6, 3, 4, 6), (6, 3, 6, 6), (6, 3, 6, 7), (6, 3, 4, 6), (6, 3, 4, 6), (6, 3, 4, 6), (6, 3, 6, 6), (6, 3, 6, 7), (6, 3, 6, 7), (6, 3, 6, 6), (6, 3, 4, 6), (6, 3, 4, 7), (6, 3, 6, 7), (6, 3, 6, 7), (6, 3, 6, 7), (6, 3, 6, 6), (6, 3, 6, 6), (6, 3, 6, 7), (6, 3, 4, 6)]"
"(9, 2, 10, 5, 0)","[(6, 0, 4, 6), (6, 1, 6, 6), (6, 0, 6, 7), (6, 1, 4, 6), (6, 1, 6, 6), (6, 0, 6, 7), (6, 0, 4, 6), (6, 1, 4, 6), (6, 1, 6, 6), (6, 1, 4, 7), (6, 0, 4, 6), (6, 0, 6, 7), (6, 0, 4, 6), (6, 0, 4, 7), (6, 1, 6, 6), (6, 1, 4, 6), (6, 0, 6, 7), (6, 0, 6, 6), (6, 0, 6, 7), (6, 1, 4, 7), (6, 0, 4, 6), (6, 1, 4, 7), (6, 1, 6, 6), (6, 1, 4, 7), (6, 1, 4, 6), (6, 1, 6, 6), (6, 0, 4, 6)]"
"(9, 2, 10, 10, 0)","[(6, 5, 4, 6), (6, 0, 4, 7), (6, 3, 4, 7), (6, 5, 4, 7), (6, '?', 6, 7), (6, '?', 4, 7), (6, 5, 6, 7), (6, '?', 4, 6), (6, 2, 6, 6), (6, '?', 6, 6), (6, '?', 6, 7), (6, '?', 4, 7), (6, 5, 4, 7), (6, '?', 4, 7), (6, 7, 4, 7), (6, '?', 6, 6), (6, '?', 6, 7), (6, 5, 4, 7), (6, 7, 6, 7), (6, 3, 6, 6), (6, 5, 4, 6), (6, 2, 6, 6), (6, 5, 4, 7), (6, 0, 4, 7), (6, 0, 4, 7), (6, '?', 6, 6), (6, 7, 6, 7), (6, 4, 6, 6), (6, '?', 6, 7), (6, 4, 6, 7), (6, 5, 4, 6), (6, 5, 6, 7), (6, 4, 4, 7), (6, '?', 4, 7), (6, 7, 6, 6), (6, 7, 6, 7), (6, 5, 4, 7), (6, 7, 6, 6), (6, 5, 6, 7), (6, 0, 4, 6), (6, 2, 6, 7), (6, 4, 4, 7), (6, 5, 4, 7), (6, '?', 4, 6), (6, 5, 4, 7), (6, 2, 6, 7), (6, '?', 4, 7), (6, 5, 4, 6), (6, 7, 6, 7), (6, '?', 4, 6), (6, 5, 6, 7), (6, '?', 4, 7), (6, '?', 6, 6), (6, 5, 4, 6), (6, 4, 6, 6), (6, '?', 6, 6), (6, 5, 4, 6)]"
"(9, 2, 10, 12, 0)","[(6, 7, 6, 7), (6, 7, 6, 6), (6, 7, 4, 7), (6, 0, 4, 7), (6, 4, 4, 7), (6, 0, 4, 7), (6, 6, 6, 7)]"
"(9, 2, 10, 17, 0)","[(6, 4, 6, 7)]"
"(9, 2, 10, 21, 0)","[(6, 6, 6, 7)]"
"(9, 2, 10, 26, 0)","[(6, 7, 4, 7), (6, 2, 4, 6), (6, 7, 6, 6), (6, 2, 4, 7)]"
"(9, 2, 11, 6, 0)","[(6, 7, 3, 6)]"
"(9, 2, 13, 3, 0)","[(6, 3, 2, 7), (6, 3, 7, 7), (6, 3, 7, 7), (6, 3, 2, 7), (6, 3, 7, 7), (6, 3, 2, 6), (6, 3, 7, 7), (6, 3, 7, 7)]"
"(9, 2, 13, 5, 0)","[(6, 1, 7, 7), (6, 1, 7, 6), (6, 1, 7, 7), (6, 0, 7, 7)]"
"(9, 2, 13, 9, 0)","[(6, 0, 7, 7), (6, 5, 2, 7), (6, 0, 2, 7)]"
"(9, 2, 13, 11, 0)","[(6, 4, 2, 6)]"
"(9, 2, 13, 12, 0)","[(6, 4, 7, 7)]"
"(9, 2, 13, 13, 0)","[(6, 4, 2, 6), (6, 4, 7, 7), (6, '?', 7, 7), (6, '?', 7, 7), (6, 1, 7, 7), (6, 2, 2, 7)]"
"(9, 2, 13, 14, 0)","[(6, 1, 7, 6)]"
"(9, 2, 13, 16, 0)","[(6, 4, 7, 6), (6, 5, 7, 7), (6, 4, 7, 7), (6, 4, 7, 6), (6, 4, 7, 6)]"
"(9, 2, 13, 19, 0)","[(6, 3, 7, 6), (6, 3, 7, 7), (6, 3, 2, 6), (6, 3, 7, 6), (6, 3, 7, 7)]"
"(9, 2, 13, 21, 0)","[(6, 6, 7, 7), (6, 6, 7, 7)]"
"(9, 2, 13, 23, 0)","[(6, 3, 7, 7)]"
"(9, 2, 13, 24, 0)","[(6, 1, 7, 7), (6, 6, 2, 6), (6, 1, 7, 6), (6, 6, 2, 6), (6, 1, 7, 6), (6, 1, 7, 6)]"
"(9, 2, 13, 25, 0)","[(6, 2, 7, 6), (6, 0, 7, 7), (6, 0, 2, 7), (6, 4, 7, 7), (6, '?', 2, 7), (6, 6, 2, 7), (6, '?', 2, 6), (6, 6, 2, 7), (6, 7, 2, 7), (6, 7, 7, 7), (6, 4, 7, 6), (6, '?', 2, 7), (6, 7, 2, 6), (6, 2, 2, 7), (6, 2, 2, 7), (6, '?', 7, 7), (6, 6, 7, 7), (6, 6, 7, 7), (6, 0, 7, 7), (6, 0, 2, 7), (6, 6, 2, 7), (6, '?', 7, 6), (6, 5, 7, 7), (6, 5, 7, 6), (6, 0, 2, 7), (6, 0, 2, 7), (6, 7, 2, 7), (6, 6, 7, 7), (6, 2, 7, 6), (6, '?', 7, 6), (6, 6, 2, 7), (6, 0, 7, 6), (6, 7, 2, 6), (6, 6, 2, 6), (6, 4, 2, 6), (6, 0, 7, 6), (6, 2, 2, 6), (6, 2, 2, 7), (6, '?', 7, 7), (6, 7, 2, 6), (6, '?', 2, 6), (6, 2, 2, 6), (6, 5, 7, 6), (6, '?', 7, 6), (6, 5, 2, 6), (6, 7, 7, 6), (6, 7, 2, 7), (6, 7, 2, 7), (6, '?', 7, 6), (6, 0, 7, 7), (6, 1, 7, 7), (6, 1, 7, 7), (6, '?', 2, 6), (6, '?', 2, 7), (6, 6, 2, 7), (6, 7, 7, 7), (6, 5, 7, 6), (6, 7, 2, 7), (6, 7, 2, 7), (6, 2, 2, 7), (6, 2, 2, 7), (6, 7, 2, 7), (6, 0, 2, 7), (6, 7, 7, 7), (6, '?', 7, 7), (6, '?', 2, 7), (6, '?', 2, 6)]"
"(9, 2, 13, 26, 0)","[(6, 7, 7, 7), (6, 2, 2, 6), (6, 7, 7, 7), (6, 7, 7, 7), (6, 2, 7, 6), (6, 7, 7, 7), (6, 2, 2, 6), (6, 2, 7, 6), (6, 7, 7, 7), (6, 7, 2, 6), (6, 7, 7, 6), (6, 2, 2, 6), (6, 2, 7, 6), (6, 7, 2, 6), (6, 7, 7, 6), (6, 2, 2, 7), (6, 2, 2, 6), (6, 7, 7, 6), (6, 7, 7, 6), (6, 7, 2, 7), (6, 2, 2, 6), (6, 7, 7, 6), (6, 2, 7, 6), (6, 2, 2, 6), (6, 7, 7, 6), (6, 7, 2, 6), (6, 7, 2, 6)]"
"(9, 2, 17, 3, 0)","[(6, 3, 6, 7), (6, 3, 6, 7), (6, 3, 4, 7), (6, 3, 4, 7), (6, 3, 4, 6), (6, 3, 4, 7), (6, 3, 4, 6), (6, 3, 6, 6)]"
"(9, 2, 17, 4, 0)","[(6, 5, 4, 6), (6, 4, 6, 6)]"
"(9, 2, 17, 5, 0)","[(6, 0, 4, 7), (6, 1, 4, 6), (6, 1, 4, 6), (6, 1, 4, 6), (6, 1, 4, 7), (6, 0, 6, 6), (6, 1, 4, 7), (6, 0, 4, 6), (6, 0, 4, 6), (6, 0, 6, 6), (6, 0, 6, 6), (6, 0, 4, 7), (6, 1, 4, 7), (6, 1, 4, 7), (6, 1, 4, 7), (6, 0, 6, 7), (6, 1, 6, 6), (6, 0, 6, 7), (6, 1, 6, 6), (6, 0, 6, 7), (6, 1, 6, 6), (6, 1, 4, 6), (6, 0, 6, 6)]"
"(9, 2, 17, 9, 0)","[(6, 5, 6, 7)]"
"(9, 2, 17, 10, 0)","[(6, 4, 6, 7)]"
"(9, 2, 17, 12, 0)","[(6, 4, 6, 6), (6, 5, 4, 7), (6, '?', 4, 7), (6, '?', 6, 7), (6, 4, 6, 7), (6, 0, 4, 7), (6, 4, 4, 7), (6, 4, 6, 6), (6, '?', 4, 7), (6, 2, 6, 6), (6, '?', 6, 7), (6, 4, 4, 7), (6, 4, 4, 7), (6, 4, 6, 7), (6, 4, 4, 7)]"
"(9, 2, 17, 16, 0)","[(6, 4, 6, 6), (6, 4, 4, 7), (6, 4, 6, 6), (6, 4, 6, 7)]"
"(9, 2, 17, 17, 0)","[(6, 4, 4, 7), (6, 4, 6, 7)]"
"(9, 2, 17, 26, 0)","[(6, 7, 4, 7), (6, 7, 4, 7), (6, 2, 4, 6), (6, 2, 4, 6), (6, 7, 4, 7), (6, 7, 6, 7), (6, 2, 4, 7)]"
"(9, 2, 21, 9, 0)","[(6, 6, 1, 6)]"
"(9, 2, 21, 10, 0)","[(6, 6, 6, 7), (6, 6, 4, 6), (6, 6, 6, 7), (6, 6, 4, 7), (6, 6, 6, 6), (6, 6, 4, 7), (6, 6, 4, 7), (6, 6, 4, 7), (6, 6, 4, 6), (6, 6, 4, 7), (6, 6, 4, 6), (6, 6, 4, 7), (6, 6, 4, 6), (6, 6, 4, 6), (6, 6, 6, 7), (6, 6, 6, 7), (6, 6, 6, 6), (6, 6, 4, 7), (6, 6, 6, 7)]"
"(9, 2, 21, 13, 0)","[(6, 6, 7, 6), (6, 6, 7, 6)]"
"(9, 2, 21, 17, 0)","[(6, 6, 6, 6), (6, 6, 6, 6), (6, 6, 4, 7), (6, 6, 6, 7), (6, 6, 4, 6)]"
"(9, 2, 22, 25, 0)","[(6, 5, '?', 7), (6, 5, '?', 6)]"
"(9, 2, 24, 9, 0)","[(6, 6, '?', 7), (6, 6, 1, 6), (6, 6, '?', 7)]"
"(9, 2, 24, 10, 0)","[(6, 6, 4, 6)]"
"(9, 2, 24, 13, 0)","[(6, 6, 7, 6), (6, 6, 7, 7), (6, 6, 7, 6), (6, 6, 7, 6)]"
"(9, 2, 24, 24, 0)","[(6, 6, '?', 6)]"
"(9, 2, 24, 25, 0)","[(6, 6, '?', 6), (6, 6, '?', 6), (6, 6, '?', 7), (6, 6, '?', 6), (6, 6, '?', 6), (6, 6, '?', 6), (6, 6, '?', 7)]"
"(9, 2, 25, 2, 0)","[(6, 6, '?', 7), (6, '?', '?', 7)]"
"(9, 2, 25, 3, 0)","[(6, 3, '?', 7), (6, 3, 4, 6), (6, 3, '?', 7), (6, 3, '?', 7), (6, 3, '?', 6), (6, 3, '?', 7), (6, 3, '?', 7), (6, 3, '?', 6), (6, 3, '?', 6), (6, 3, '?', 6), (6, 3, '?', 7), (6, 3, '?', 6)]"
"(9, 2, 25, 5, 0)","[(6, 0, '?', 7), (6, 0, '?', 7), (6, 1, '?', 6), (6, 1, '?', 7), (6, 0, '?', 7), (6, 1, '?', 6), (6, 1, '?', 7), (6, 1, '?', 7), (6, 1, '?', 7), (6, 1, '?', 6), (6, 1, '?', 7), (6, 1, '?', 6), (6, 1, '?', 7)]"
"(9, 2, 25, 13, 0)","[(6, 4, 5, 6)]"
"(9, 2, 25, 24, 0)","[(6, 1, '?', 7), (6, 1, '?', 6), (6, 1, '?', 6), (6, 1, '?', 6)]"
"(9, 2, 25, 25, 0)","[(6, 0, '?', 7), (6, 5, '?', 6), (6, 5, 7, 6), (6, '?', '?', 7), (6, '?', 7, 7), (6, 0, '?', 7), (6, 3, '?', 7), (6, 7, 7, 6), (6, 5, '?', 6), (6, 5, '?', 7), (6, 0, 7, 7), (6, '?', '?', 7), (6, 3, '?', 7), (6, '?', '?', 7), (6, 0, '?', 7), (6, '?', '?', 7), (6, 5, '?', 7), (6, '?', '?', 7), (6, '?', '?', 7), (6, '?', '?', 7), (6, 0, '?', 7), (6, 5, '?', 7), (6, 5, '?', 6), (6, 3, '?', 6), (6, 5, '?', 6), (6, 7, '?', 7)]"
"(9, 2, 25, 26, 0)","[(6, 2, 4, 7), (6, 7, '?', 7), (6, 7, '?', 7), (6, 7, '?', 6), (6, 7, '?', 7), (6, 2, 1, 6), (6, 7, '?', 7), (6, 7, '?', 6), (6, 7, '?', 6), (6, 7, '?', 6), (6, 7, '?', 6), (6, 7, '?', 6), (6, 7, '?', 6), (6, 7, '?', 7), (6, 7, '?', 6)]"
"(9, 2, 26, 10, 0)","[(6, 2, 4, 7), (6, 2, 4, 7), (6, 2, 6, 7), (6, 2, 6, 6), (6, 2, 4, 7), (6, 2, 4, 7), (6, 2, 4, 7), (6, 2, 6, 6), (6, 2, 4, 7), (6, 7, 4, 7)]"
"(9, 2, 26, 17, 0)","[(6, 2, 6, 7), (6, 2, 4, 7), (6, 2, 4, 6), (6, 7, 6, 6)]"
"(9, 2, 26, 25, 0)","[(6, 7, '?', 6), (6, 7, '?', 7)]"
"(9, 4, 2, 3, 0)","[(4, 3, 6, 6)]"
"(9, 4, 2, 5, 0)","[(4, 0, 6, 6), (4, 0, 6, 6), (4, 0, 6, 6), (4, 0, 6, 7), (4, 0, 6, 6), (4, 0, 6, 6)]"
"(9, 4, 2, 17, 0)","[(4, 5, 6, 7), (4, 4, 6, 7), (4, 4, 4, 7), (4, 4, 4, 7), (4, 4, 6, 7), (4, 4, 4, 6), (4, 5, 6, 6), (4, 5, 6, 7), (4, 4, 6, 7), (4, 4, 4, 6), (4, 4, 4, 6)]"
"(9, 4, 2, 22, 0)","[(4, 3, 6, 7)]"
"(9, 4, 2, 26, 0)","[(4, 2, 6, 7), (4, 7, 4, 7), (4, 2, 6, 7), (4, 2, 6, 7)]"
"(9, 4, 3, 2, 0)","[(3, 5, 6, 7), (3, 5, 6, 7), (3, 5, 6, 7)]"
"(9, 4, 3, 4, 0)","[('?', 5, 6, 7)]"
"(9, 4, 3, 7, 0)","[(0, 5, 6, 7), (0, 5, 6, 7), (0, 5, 6, 6), (0, 5, 6, 6), (0, 5, 6, 6)]"
"(9, 4, 4, 2, 0)","[(3, 4, 6, 7), (3, 4, 6, 7), (3, 4, 6, 6), (3, 4, 6, 6), (3, 4, 6, 6), (3, 5, 6, 7), (3, 4, 6, 7), (3, 4, 4, 6), (3, 4, 6, 6), (3, 4, 6, 7), (3, 4, 6, 7), (3, 4, 4, 6), (3, 4, 6, 6)]"
"(9, 4, 4, 3, 0)","[(2, 3, 6, 6)]"
"(9, 4, 4, 4, 0)","[(5, 4, 6, 6), ('?', 4, 4, 6), ('?', 4, 4, 6), ('?', 5, 6, 7)]"
"(9, 4, 4, 5, 0)","[('?', 1, 4, 7), ('?', 0, 4, 7), ('?', 0, 6, 6), ('?', 0, 6, 7)]"
"(9, 4, 4, 7, 0)","[(0, 7, 6, 7)]"
"(9, 4, 4, 9, 0)","[('?', 4, 4, 6), ('?', 4, 6, 7), ('?', 4, 4, 6), (5, 4, 6, 6), (5, 4, 4, 6), ('?', 4, 6, 7)]"
"(9, 4, 4, 14, 0)","[(3, 1, 6, 6), (3, 0, 4, 7)]"
"(9, 4, 4, 16, 0)","[(3, 4, 6, 6), (3, 4, 6, 7), (3, 4, 6, 6), (3, 4, 4, 6), (3, 4, 6, 7), (3, 4, '?', 6)]"
"(9, 4, 4, 25, 0)","[('?', 4, 6, 7)]"
"(9, 4, 4, 26, 0)","[(0, 2, 4, 7)]"
"(9, 4, 7, 3, 0)","[(0, 3, 6, 7), (0, 3, 4, 7), (0, 3, 6, 7), (0, 3, 6, 6)]"
"(9, 4, 7, 4, 0)","[(0, 4, 6, 7)]"
"(9, 4, 7, 5, 0)","[(0, 0, 6, 6), (0, 1, 4, 6), (0, 0, 4, 7), (0, 1, 4, 6), (0, 1, 6, 6), (0, 0, 6, 7), (0, 0, 4, 6), (0, 1, 6, 6), (0, 1, 6, 6), (0, 0, 6, 6), (0, 0, 4, 7)]"
"(9, 4, 7, 6, 0)","[(0, 2, 6, 6)]"
"(9, 4, 7, 16, 0)","[(0, 4, 4, 6), (0, 4, 4, 6), (0, 4, 6, 6), (0, 4, '?', 6), (0, 4, '?', 6)]"
"(9, 4, 7, 17, 0)","[(0, 5, 4, 7), (0, 4, 6, 7), (0, '?', 6, 7), (0, 4, 6, 7), (0, 2, 6, 6), (0, '?', 6, 7), (0, 4, 6, 7), (0, 7, 6, 6), (0, 2, 4, 7)]"
"(9, 4, 7, 18, 0)","[(0, 7, 6, 7)]"
"(9, 4, 7, 26, 0)","[(0, 2, 6, 6), (0, 2, 4, 6)]"
"(9, 4, 9, 4, 0)","[('?', 4, '?', 7)]"
"(9, 4, 26, 2, 0)","[(3, 2, 4, 6)]"
"(9, 4, 26, 4, 0)","[(2, 2, 4, 6), ('?', 7, 4, 7)]"
"(9, 4, 27, 16, 0)","[(0, 4, 2, 7), (0, 4, 2, 6)]"
"(9, 6, 6, 2, 0)","[(3, 2, 3, 7)]"
"(9, 6, 6, 12, 0)","[('?', 2, 3, 7)]"
"(9, 6, 6, 16, 0)","[(3, 7, 3, 7), (3, 7, 3, 7), (3, 7, 3, 6), (3, 2, 3, 6), (3, 2, 3, 7), (3, 7, 3, 6), (3, 2, 3, 6), (3, 7, 0, 6), (3, 2, 3, 7), (3, 7, 3, 7), (3, 2, 3, 6)]"
"(9, 6, 6, 17, 0)","[(5, 2, 3, 7), (5, 7, 3, 7), (5, 2, 3, 6), (1, 2, 3, 6), (1, 2, 0, 6), (5, 2, 3, 6), (5, 2, 3, 6), (1, 7, 3, '?'), (5, 2, 3, 6)]"
"(9, 6, 10, 6, 0)","[(5, 2, 0, 6), (1, 7, 3, 7)]"
"(9, 6, 11, 2, 0)","[(3, 2, 0, 6)]"
"(9, 6, 13, 16, 0)","[(3, 2, 5, 6)]"
"(9, 6, 16, 6, 0)","[(4, 2, 0, 7)]"
"(9, 6, 16, 16, 0)","[(4, 2, 3, 6)]"
"(9, 6, 18, 6, 0)","[(0, 7, 3, 6)]"
"(9, 7, 3, 10, 0)","[(7, 5, 1, 7)]"
"(9, 7, 9, 4, 0)","[(7, 6, 1, 6)]"
"(9, 7, 9, 12, 0)","[(7, 1, 1, 6)]"
"(9, 7, 9, 13, 0)","[(7, 7, 5, 7), (7, 7, 5, 6)]"
"(9, 7, 9, 26, 0)","[(7, 2, 1, 6), (7, 7, 5, 7), (7, 2, 5, 6), (7, 2, 5, 6)]"
"(9, 7, 13, 6, 0)","[(7, 7, 5, 6)]"
"(9, 7, 13, 26, 0)","[(7, 7, 5, 7), (7, 2, 2, 6)]"
"(9, 7, 17, 6, 0)","[(7, 7, 1, 6), (7, 2, 1, 6)]"
"(9, 7, 17, 9, 0)","[(7, 7, 1, 6)]"
"(9, 7, 17, 26, 0)","[(7, 2, 4, 6), (7, 2, 1, 6), (7, 2, 4, 6)]"
"(9, 7, 24, 11, 0)","[(7, 6, 0, 7)]"
"(9, 7, 26, 13, 0)","[(7, 7, 5, 7)]"
"(9, 7, 26, 25, 0)","[(7, 7, 5, 6)]"
"(9, 9, 1, 1, 0)","[('?', 6, 3, 7), ('?', 6, 3, 6), ('?', 6, 0, 7), (5, 6, 0, 6), ('?', 6, 3, 6)]"
"(9, 9, 1, 2, 0)","[(3, 6, 3, 6)]"
"(9, 9, 1, 10, 0)","[(1, 6, 0, 6), (1, 6, 0, 7), (1, 6, 0, 7), (5, 6, 0, 6), (5, 6, 0, 6), (1, 6, 3, 7), (1, 6, 3, 6), (5, 6, 0, 7), (5, 6, 3, 7)]"
"(9, 9, 1, 11, 0)","[('?', 6, 0, 7)]"
"(9, 9, 1, 16, 0)","[(4, 6, 3, 6), (3, 6, 3, 6)]"
"(9, 9, 1, 17, 0)","[(5, 6, 3, 7), (5, 6, 0, 7), (1, 6, 3, 6), (5, 6, 0, 6), (1, 6, 0, 6), (5, 6, 3, 6), (1, 6, 0, 6), (5, 6, 0, 7), (1, 6, 3, 7), (5, 6, 3, 7), (1, 6, 0, 6), (5, 6, 3, 7), (1, 6, 0, 7), (1, 6, 3, 7), (5, 6, 3, 7)]"
"(9, 9, 1, 18, 0)","[(0, 6, 0, 7), ('?', 6, 0, 7)]"
"(9, 9, 1, 24, 0)","[(1, 6, 3, 6), (5, 6, 0, 6)]"
"(9, 9, 2, 3, 0)","[(4, 3, 1, 6), (4, 3, 1, 7)]"
"(9, 9, 2, 4, 0)","[(4, 0, 1, 6)]"
"(9, 9, 2, 5, 0)","[(4, 1, 1, 6)]"
"(9, 9, 2, 9, 0)","[(4, 1, 1, 7), (4, 4, 1, 7), (4, 0, 1, 7), (4, 0, 1, 6), (4, 0, 1, 6), (4, 0, 1, 6), (4, '?', 1, 7), (4, 0, 1, 7)]"
"(9, 9, 2, 10, 0)","[(4, 1, 1, 7)]"
"(9, 9, 2, 13, 0)","[(4, '?', 5, 6), (4, 4, 5, 7), (4, 0, 5, 7)]"
"(9, 9, 2, 14, 0)","[(4, 0, 5, 7), (4, 1, 5, 7), (4, 6, 5, 7), (4, 1, 5, 7), (4, 0, 5, 7), (4, 1, 5, 7)]"
"(9, 9, 2, 16, 0)","[(4, 4, 5, 7), (4, 5, 5, 7), (4, 5, 5, 7), (4, 4, 5, 7)]"
"(9, 9, 2, 21, 0)","[(4, 6, 1, 6), (4, 6, 1, 7), (4, 6, 1, 6)]"
"(9, 9, 2, 23, 0)","[(4, 3, 5, 6), (4, 3, 5, 7), (4, 3, 5, 6), (4, 3, 5, 7), (4, 3, 5, 6), (4, 3, 5, 6), (4, 3, 5, 7)]"
"(9, 9, 2, 26, 0)","[(4, 2, 5, 7), (4, 7, 5, 7), (4, 2, 5, 7), (4, 2, 5, 7), (4, 7, 1, 7), (4, 2, 5, 6), (4, 7, 5, 6), (4, 7, 5, 7), (4, 7, 5, 7), (4, 7, 1, 6), (4, 2, 5, 7), (4, 7, 5, 6), (4, 2, 5, 6)]"
"(9, 9, 3, 2, 0)","[(3, 5, 1, 6), (3, 5, 5, 7), (3, 5, 1, 7), (3, 5, 1, 7), (3, 5, 1, 6), (3, 5, 1, 6), (3, 5, 1, 6), (3, 5, 5, 6), (3, 5, 1, 7), (3, 5, 1, 6), (3, 5, 5, 6), (3, 5, 1, 6), (3, 5, '?', 6)]"
"(9, 9, 3, 4, 0)","[(3, 5, 1, 6), ('?', 5, 1, 7), ('?', 5, 1, 7), ('?', 5, 1, 7)]"
"(9, 9, 3, 7, 0)","[(0, 5, 5, 6), (0, 5, 1, 7), (0, 5, 1, 6), (0, 5, 1, 7), (0, 5, 1, 6), (0, 5, 1, 7), (0, 5, 1, 6)]"
"(9, 9, 3, 13, 0)","[('?', 5, 5, 7), ('?', 5, 5, 7), ('?', 5, 5, 7), (5, 5, 5, 7), ('?', 5, 5, 6), (2, 5, 5, 7), ('?', 5, 5, 7), ('?', 5, 5, 7), ('?', 5, 5, 6), ('?', 5, 5, 6), ('?', 5, 5, 7), (2, 5, 5, 7), (2, 5, 5, 7)]"
"(9, 9, 3, 17, 0)","[(5, 5, 5, 7), (5, 5, 5, 6), (5, 5, 5, 7), (5, 5, 5, 6), (5, 5, 5, 7)]"
"(9, 9, 3, 23, 0)","[(3, 5, 5, 6), (3, 5, 5, 7), (3, 5, 5, 7), (3, 5, 5, 6), (3, 5, 5, 7), (3, 5, 5, 6), (3, 5, 5, 6), (3, 5, 5, 7), (3, 5, 5, 6), (3, 5, 5, 6), (3, 5, 5, 7), (3, 5, 5, 7), (3, 5, 5, 6)]"
"(9, 9, 3, 27, 0)","[(0, 5, 5, 7), (0, 5, 5, 7), (0, 5, 5, 7), (0, 5, 5, 7), (0, 5, 5, 6), (0, 5, 5, 7), (0, 5, 5, 6), (0, 5, 5, 7)]"
"(9, 9, 4, 2, 0)","[(3, 4, 1, 6), (3, 0, 1, 6), (3, 4, 1, 6), (3, 4, 1, 6), (3, 0, 1, 6), (3, 1, 1, 6), (3, 1, 1, 7)]"
"(9, 9, 4, 3, 0)","[(0, 3, 1, 6), ('?', 3, 1, 7), ('?', 3, 1, 7), (3, 3, 1, 7), ('?', 3, 1, 7)]"
"(9, 9, 4, 4, 0)","[(4, 4, 1, 7), ('?', 4, 1, 7)]"
"(9, 9, 4, 9, 0)","[('?', 4, 1, 6), (0, 0, 1, 6), ('?', 5, 1, 7), ('?', 4, 1, 6), (3, 1, 1, 6), (4, 4, 1, 7), ('?', 4, 1, 7), ('?', 4, 1, 7)]"
"(9, 9, 4, 12, 0)","[('?', 0, 1, 7), ('?', 4, 1, 7), ('?', 1, 1, 7), ('?', 4, 1, 6), ('?', 4, 1, 7), ('?', 4, 1, 6), ('?', 4, 1, 6), ('?', 4, 1, 7), ('?', 0, 1, 6)]"
"(9, 9, 4, 14, 0)","[(3, 1, 1, 6)]"
"(9, 9, 4, 16, 0)","[(3, 4, 1, 7), (3, 4, 1, 6), (3, 4, 1, 6), (3, 4, 1, 6), (3, 4, 1, 7), (3, 4, 1, 6), (3, 4, 1, 6), (3, 4, 1, 7), (3, 4, 1, 7)]"
"(9, 9, 4, 17, 0)","[(5, 4, 1, 6), (5, 5, 1, 7)]"
"(9, 9, 4, 18, 0)","[(0, 4, 1, 7)]"
"(9, 9, 4, 22, 0)","[(3, 3, 1, 6)]"
"(9, 9, 4, 23, 0)","[(3, 3, 1, 6), (3, 3, 1, 7), (3, 3, 1, 7), (3, 3, 1, 7)]"
"(9, 9, 4, 25, 0)","[(4, 4, 1, 6)]"
"(9, 9, 4, 26, 0)","[('?', 7, 1, 7)]"
"(9, 9, 6, 2, 0)","[(3, 7, 3, 7), (3, 7, 3, 6), (3, 2, 3, 7), (3, 2, 0, 6), (3, 2, 3, 6), (3, 7, 3, 6), (3, 2, 3, 6), (3, 2, 0, 6), (3, 2, 0, 6), (3, 7, 0, 6), (3, 2, 3, 6), (3, 7, 3, 6), (3, 2, 0, 6)]"
"(9, 9, 6, 6, 0)","[(0, 2, 3, 6), ('?', 7, 3, 6), ('?', 7, 3, 7), ('?', 7, 3, 7), ('?', 2, 0, 7), ('?', 2, 0, 7), ('?', 2, 0, 6), ('?', 7, 0, 6), ('?', 2, 0, 6), ('?', 7, 3, 7), ('?', 7, 0, 7), ('?', 2, 0, 7), ('?', 7, 3, 6), ('?', 2, 0, 7)]"
"(9, 9, 6, 10, 0)","[(1, 7, 0, 6), (1, 2, 3, 6), (1, 7, 0, '?'), (5, 7, 3, 6), (5, 7, 0, 7), (1, 7, 0, 6), (1, 2, 3, 6), (5, 7, 3, 6), (5, 7, 0, 6), (1, 2, 0, 6), (5, 2, 3, 7), (1, 2, 0, 6), (5, 2, 0, 6), (1, 2, 0, 6), (1, 7, 0, 6), (5, 7, 3, 6), (1, 2, 0, '?'), (5, 2, 0, 7)]"
"(9, 9, 6, 11, 0)","[('?', 7, 3, 7), ('?', 7, 0, 6), ('?', 7, 3, 6), ('?', 2, 3, 7), ('?', 2, 0, 6), ('?', 2, 0, 7), ('?', 2, 0, 6), ('?', 2, 3, 7), ('?', 2, 0, 6), ('?', 2, 3, 7), ('?', 7, 0, 7), ('?', 2, 3, 7), ('?', 7, 3, 7), ('?', 7, 0, 6), ('?', 7, 0, 6), ('?', 2, 0, 6), ('?', 7, 0, 6), ('?', 2, 0, 6)]"
"(9, 9, 6, 15, 0)","[(3, 7, 0, 6), (3, 7, 0, 6), (3, 7, 0, 6), (3, 2, 0, 6), (3, 7, 3, 6), (3, 2, 0, 6)]"
"(9, 9, 6, 16, 0)","[(3, 7, 3, 7), (3, 7, 0, 6), (3, 7, 3, 6), (3, 2, 0, 6)]"
"(9, 9, 6, 17, 0)","[(1, 7, 0, 6), (1, 7, 0, 6), (1, 7, 0, 6), (5, 2, 0, 7), (5, 7, 3, 6), (5, 7, 0, 6), (1, 2, 0, 6), (5, 2, 3, 7), (1, 7, 0, '?'), (5, 2, 3, 7), (5, 2, 3, 6), (1, 7, 0, 7), (5, 7, 3, 7), (5, 7, 3, 6), (5, 7, 0, 6)]"
"(9, 9, 6, 18, 0)","[(0, 2, 3, 7)]"
"(9, 9, 6, 25, 0)","[('?', 2, 3, 7), ('?', 2, 0, 7), ('?', 2, 0, 7), ('?', 2, 0, 7), ('?', 7, 0, 6), ('?', 2, 3, 7), ('?', 2, 0, 6)]"
"(9, 9, 7, 2, 0)","[(0, 4, 1, 6), (0, 5, 1, 7)]"
"(9, 9, 7, 3, 0)","[(0, 3, 1, 6), (0, 3, 1, 7), (0, 3, 1, 7), (0, 3, 1, 6), (0, 3, 1, 7), (0, 3, 1, 6), (0, 3, 1, 7)]"
"(9, 9, 7, 4, 0)","[(0, '?', 1, 6), (0, 0, 1, 6)]"
"(9, 9, 7, 5, 0)","[(0, 1, 1, 6), (0, 1, 1, 6), (0, 1, 1, 6), (0, 1, 1, 6), (0, 0, 1, 6)]"
"(9, 9, 7, 6, 0)","[(0, 2, 1, 7), (0, 2, 1, 7)]"
"(9, 9, 7, 7, 0)","[(0, 4, 1, 7), (0, '?', 1, 7), (0, 7, 1, 7)]"
"(9, 9, 7, 10, 0)","[(0, 1, 1, 6), (0, 6, 1, 7), (0, 3, 1, 7)]"
"(9, 9, 7, 11, 0)","[(0, 4, 5, 6)]"
"(9, 9, 7, 12, 0)","[(0, '?', 1, 6), (0, 6, 1, 7), (0, '?', 1, 6), (0, 0, 1, 6), (0, '?', 1, 7), (0, '?', 1, 7), (0, '?', 1, 7), (0, 1, 1, 6), (0, '?', 1, 7), (0, 4, 1, 7), (0, '?', 1, 7), (0, '?', 1, 7), (0, '?', 1, 6), (0, 7, 1, 7), (0, '?', 1, 7), (0, 4, 1, 7), (0, 4, 1, 7), (0, '?', 1, 7)]"
"(9, 9, 7, 14, 0)","[(0, 0, 5, 7), (0, 1, 5, 6), (0, 0, 5, 7)]"
"(9, 9, 7, 16, 0)","[(0, 4, 1, 6), (0, 4, 1, 7), (0, 4, 1, 6)]"
"(9, 9, 7, 17, 0)","[(0, 7, 1, 7), (0, 0, 1, 6), (0, 0, 1, 6), (0, 4, 1, 6)]"
"(9, 9, 7, 19, 0)","[(0, 3, 1, 7)]"
"(9, 9, 7, 21, 0)","[(0, 6, 1, 7), (0, 6, 1, 7), (0, 6, 1, 7), (0, 6, 1, 6), (0, 6, 1, 7), (0, 6, 1, 7), (0, 6, 1, 7)]"
"(9, 9, 7, 24, 0)","[(0, 0, 5, 7), (0, 6, 1, 6), (0, 1, 1, 6)]"
"(9, 9, 7, 25, 0)","[(0, '?', 1, 6), (0, 3, 5, 7)]"
"(9, 9, 7, 26, 0)","[(0, 7, 5, 7), (0, 7, 1, 7), (0, 2, 1, 7), (0, 7, 1, 6), (0, 2, 1, 7), (0, 7, 1, 6), (0, 2, 1, 7), (0, 2, 1, 7), (0, 2, 1, 7), (0, 7, 1, 7), (0, 7, 1, 6), (0, 7, 1, 7), (0, 2, 1, 7), (0, 2, 1, 7)]"
"(9, 9, 7, 27, 0)","[(0, 4, 5, 6), (0, 3, 5, 7), (0, 3, 5, 7)]"
"(9, 9, 8, 2, 0)","[(3, 5, 3, 7), (3, 5, 0, 7), (3, 5, 3, 6), (3, 5, 0, 7)]"
"(9, 9, 8, 11, 0)","[('?', 5, 0, 7), ('?', 5, 3, 6), ('?', 5, 0, 6), ('?', 5, 3, 6), ('?', 5, 3, 6)]"
"(9, 9, 8, 12, 0)","[('?', 5, 0, 7)]"
"(9, 9, 8, 13, 0)","[('?', 5, 5, 7)]"
"(9, 9, 8, 16, 0)","[(3, 5, 3, 7), (3, 5, 0, 7), (3, 5, 0, 7), (3, 5, 0, 7), (3, 5, 3, 7), (3, 5, 0, 6), (3, 5, 3, 7), (3, 5, 3, 6), (3, 5, 3, 6), (3, 5, 0, 7), (3, 5, 3, 7), (3, 5, 0, 6), (3, 5, 3, 6), (3, 5, 3, 6), (3, 5, 0, 6), (3, 5, 3, 7), (3, 5, 3, 6)]"
"(9, 9, 8, 17, 0)","[(5, 5, 3, 6)]"
"(9, 9, 8, 18, 0)","[(0, 5, 3, 6), (0, 5, 3, 7), (0, 5, 0, 7), (0, 5, 0, 6), (0, 5, 3, 6), (0, 5, 3, 7), (0, 5, 0, 7), (0, 5, 3, 7), (0, 5, 3, 6), (0, 5, 3, 7), (0, 5, 0, 6), (0, 5, 3, 6), (0, 5, 3, 6), (0, 5, 0, 7), (0, 5, 0, 7)]"
"(9, 9, 8, 25, 0)","[('?', 5, 0, 7)]"
"(9, 9, 9, 13, 0)","[(2, 4, 5, 6)]"
"(9, 9, 10, 1, 0)","[(5, 0, 0, 6), (5, 1, 0, 6), (1, 1, 0, 7), (5, 1, 3, 7), (5, 0, 0, 7), (1, 1, 0, 7), (1, 1, 0, 7), (1, 0, 0, 7), (5, 1, 0, 6), (5, 0, 3, 7), (5, 1, 3, 7), (5, 0, 0, 7), (5, 0, 3, 6), (1, 0, 0, 7), (5, 0, 0, 7)]"
"(9, 9, 10, 3, 0)","[(5, 3, 1, 6), (5, 3, 1, 6), (5, 3, 1, 6), (1, 3, 1, 6), (1, 3, 1, 6), (5, 3, 1, 6)]"
"(9, 9, 10, 5, 0)","[(5, 1, 1, 6), (5, 1, 1, 6), (5, 1, 1, 6), (1, 1, 1, 6)]"
"(9, 9, 10, 6, 0)","[(5, 7, 3, 7), (1, 7, 0, 6), (5, 2, 0, 6), (5, 2, 0, 7), (5, 7, 0, 6), (5, 7, 0, 6), (5, 7, 0, 7), (5, 7, 0, 7), (5, 2, 0, 7), (5, 2, 0, 7)]"
"(9, 9, 10, 9, 0)","[(5, 4, 1, 6), (1, 6, 1, 7), (5, 0, 1, 6), (5, 5, 1, 7), (1, 1, 1, 6), (1, 4, 1, 6), (5, 5, 1, 6), (1, '?', 1, 6), (1, 5, 1, 6), (5, 5, 1, 6), (5, '?', 1, 7), (1, 4, 1, 6), (5, 5, 1, 7), (5, '?', 1, 7), (1, '?', 1, 6), (1, '?', 1, 6), (1, 5, 1, 6), (5, 5, 1, 6), (5, 7, 1, 7), (5, '?', 1, 7), (5, 4, 1, 7), (5, 7, 1, 7), (1, 1, 1, 7), (1, 5, 1, 7), (1, 5, 1, 6), (5, '?', 1, 7), (5, 7, 1, 7), (5, 5, 1, 7), (1, 5, 1, 6), (1, 5, 1, 6), (5, 0, 1, 6), (5, 5, 1, 7), (5, '?', 1, 7), (5, '?', 1, 7), (5, 7, 1, 7), (5, 4, 1, 7), (5, 4, 1, 6)]"
"(9, 9, 10, 10, 0)","[(5, 3, 1, 6), (1, 1, 1, 6), (1, 0, 1, 7), (1, 0, 1, 7), (5, 5, 1, 7), (5, '?', 1, 7), (1, '?', 1, 6), (5, 1, 1, 7), (1, 5, 1, 6), (1, 0, 1, 7), (5, '?', 1, 6), (1, '?', 1, 6), (5, 3, 1, 6), (5, 3, 1, 7), (1, '?', 1, 6), (1, '?', 1, 6), (1, '?', 1, 6), (5, 3, 1, 7), (5, 2, 1, 7)]"
"(9, 9, 10, 11, 0)","[(5, 4, 0, 6), (5, '?', 3, 7), (5, 7, 0, 7), (5, 7, 0, 7), (1, 5, 0, 7), (1, 5, 0, 7), (1, '?', 0, 6), (1, 7, 0, 7), (1, 5, 3, 7), (5, 7, 0, 7), (1, '?', 0, 6), (1, 5, 3, 7), (1, '?', 0, 7), (1, 5, 3, 6), (5, '?', 3, 6), (5, 7, 0, 7), (5, '?', 3, 6), (1, '?', 0, 6), (5, '?', 3, 7), (5, '?', 3, 7), (1, 5, 3, 7), (5, '?', 3, 6), (1, 5, 3, 6), (5, 5, 3, 6), (1, '?', 0, 6)]"
"(9, 9, 10, 12, 0)","[(1, 1, 1, 7), (1, 5, 1, 7), (5, 0, 1, 6), (1, 0, 1, 7), (1, 5, 1, 7), (1, 5, 1, 7), (5, '?', 1, 6), (1, 0, 1, 7), (1, '?', 1, 6), (5, '?', 1, 6), (1, 5, 1, 7), (5, 5, 1, 7), (5, 3, 1, 6), (5, 3, 1, 6), (5, 0, 1, 6)]"
"(9, 9, 10, 13, 0)","[(1, 5, 5, 7), (5, 5, 5, 6), (5, '?', 5, 7), (1, 4, 5, 6), (5, '?', 5, 7), (5, 0, 5, 7), (5, '?', 5, 7), (5, 0, 5, 7), (1, 5, 5, 7), (1, 0, 5, 7), (1, '?', 5, 7), (1, '?', 5, 7), (5, '?', 5, 6), (5, 0, 5, 7), (1, 7, 5, 6), (5, 5, 5, 6), (1, 7, 5, 6), (5, '?', 5, 6), (5, 5, 5, 6), (1, 7, 5, 6), (1, 4, 5, 6), (5, '?', 5, 6), (5, 6, 5, 7), (1, 5, 5, 7), (5, '?', 5, 7), (5, '?', 5, 7), (5, 5, 5, 7), (5, 2, 5, 7), (5, 0, 5, 7), (5, 5, 5, 6), (5, 6, 5, 7), (5, '?', 5, 7), (1, 2, 5, 6), (5, 5, 5, 6), (5, '?', 5, 6), (1, '?', 5, 7), (5, '?', 5, 6)]"
"(9, 9, 10, 14, 0)","[(1, 1, 5, 7), (5, 1, 5, 7), (5, 0, 5, 6), (5, 0, 5, 6), (5, 0, 5, 6), (1, 0, 5, 7), (5, 0, 5, 6), (5, 1, 5, 7), (1, 0, 5, 6), (5, 1, 5, 7), (5, 0, 5, 7), (5, 0, 5, 7)]"
"(9, 9, 10, 17, 0)","[(1, 5, 1, 6), (1, 4, 1, 7)]"
"(9, 9, 10, 21, 0)","[(1, 6, 1, 7)]"
"(9, 9, 10, 24, 0)","[(5, 0, 5, 6)]"
"(9, 9, 10, 26, 0)","[(1, 2, 1, 6), (5, 2, 1, 7), (5, 2, 1, 6), (5, 2, 1, 6), (1, 2, 1, 7), (1, 2, 1, 7), (1, 7, 1, 7), (1, 7, 1, 6), (5, 2, 1, 6), (1, 7, 1, 6), (1, 2, 1, 6), (5, 7, 1, 7), (1, 7, 1, 6), (1, 7, 1, 7), (1, 7, 5, 6), (5, 7, 1, 7), (1, 7, 1, 7), (1, 7, 1, 7), (5, 7, 1, 7), (1, 7, 1, 6), (1, 7, 1, 6), (1, 7, 1, 7)]"
"(9, 9, 11, 1, 0)","[('?', 1, 3, 7), ('?', 0, 0, 7), ('?', 1, 0, 6), ('?', 0, 3, 7), ('?', 1, 3, 6)]"
"(9, 9, 11, 2, 0)","[(3, '?', 0, 7), (3, 4, 0, 6), (3, 4, 0, 6), (3, '?', 0, 6), (3, 4, 0, 7), (3, 4, 3, 7), (3, '?', 3, 6), (3, 7, 3, 7), (3, '?', 0, 7), (3, '?', 0, 7), (3, '?', 3, 6), (3, 4, 0, 7), (3, '?', 0, 6), (3, '?', 0, 6), (3, 4, 3, 7), (3, 4, 0, 7), (3, '?', 0, 7), (3, 4, 0, 6), (3, 7, 3, 7), (3, 4, 0, 7), (3, '?', 0, 7), (3, 4, 3, 6), (3, 4, 0, 6), (3, '?', 0, 6), (3, 4, 3, 6), (3, '?', 3, 6), (3, 0, 0, 7), (3, 4, 3, 6), (3, '?', 0, 6), (3, '?', 0, 6), (3, 4, 3, 7), (3, 4, 3, 7), (3, 4, 0, 7), (3, '?', 0, 6), (3, '?', 3, 6), (3, 4, 0, 6), (3, '?', 0, 6), (3, 4, 0, 7), (3, '?', 3, 6), (3, 7, 3, 7), (3, 4, 0, 6), (3, '?', 0, 7), (3, 4, 3, 6), (3, 7, 3, 7), (3, '?', 3, 6), (3, 2, 3, 7), (3, '?', 3, 6)]"
"(9, 9, 11, 4, 0)","[('?', 4, 0, 6), ('?', 4, 3, 7), ('?', 4, 3, 7), ('?', 4, 0, 7), ('?', 4, 3, 6), ('?', 4, 0, 6), ('?', 4, 0, 7), (5, 4, 0, 6), ('?', 4, 0, 6), ('?', 4, 0, 7), ('?', 4, 0, 7), ('?', 4, 0, 7), ('?', 4, 3, 7), ('?', 4, 0, 7), ('?', 4, 3, 7), ('?', 5, 3, 6), ('?', 4, 0, 6)]"
"(9, 9, 11, 5, 0)","[('?', 1, 0, 6), ('?', 1, 3, 7), ('?', 1, 3, 7), ('?', 1, 3, 6), ('?', 0, 0, 7), ('?', 0, 0, 7), ('?', 1, 0, 7), ('?', 1, 0, 6)]"
"(9, 9, 11, 10, 0)","[(5, '?', 0, 6), (5, '?', 0, 6), (5, 7, 0, 6), (1, 5, 0, 7), (1, 5, 0, 6), (1, 5, 0, 7), (1, '?', 3, 7), (1, 5, 3, 7), (1, 4, 0, 7), (5, 4, 3, 6), (1, 5, 0, 7)]"
"(9, 9, 11, 11, 0)","[('?', 4, 0, 7), ('?', 4, 3, 6), ('?', 4, 3, 7), ('?', '?', 0, 6), ('?', 4, 3, 6), ('?', 4, 3, 6), ('?', 4, 3, 6), (4, 4, 0, 7)]"
"(9, 9, 11, 12, 0)","[('?', 4, 0, 6), ('?', '?', 3, 6), ('?', '?', 3, 6), ('?', '?', 0, 6), ('?', 4, 3, 6), ('?', '?', 0, 7), ('?', 7, 0, 7), ('?', '?', 3, 7), ('?', 5, 0, 7), ('?', 7, 0, 7), ('?', '?', 0, 6), ('?', '?', 0, 6), ('?', 4, 3, 7), ('?', 4, 3, 6), ('?', '?', 3, 7), ('?', '?', 0, 6), ('?', 5, 0, 7)]"
"(9, 9, 11, 14, 0)","[(3, 0, 3, 6), (3, 1, 0, 6), (3, 0, 0, 6), (3, 1, 0, 7), (3, 1, 3, 6), (3, 1, 3, 6), (3, 1, 0, 7), (3, 1, 0, 6), (3, 0, 0, 6), (3, 1, 3, 6), (3, 1, 3, 6), (3, 1, 3, 6), (3, 0, 0, 7), (3, 0, 0, 6), (3, 0, 0, 7), (3, 0, 0, 6), (3, 0, 0, 6), (3, 1, 0, 7), (3, 0, 0, 7), (3, 1, 3, 6), (3, 0, 3, 6), (3, 0, 0, 6), (3, 0, 0, 7), (3, 1, 0, 7), (3, 1, 0, 6), (3, 0, 3, 6), (3, 0, 0, 7), (3, 0, 3, 6), (3, 1, 0, 6), (3, 0, 3, 6), (3, 0, 0, 6), (3, 1, 0, 6), (3, 0, 0, 7), (3, 1, 0, 7), (3, 1, 0, 6), (3, 1, 3, 6), (3, 0, 0, 6), (3, 0, 3, 6), (3, 1, 3, 6), (3, 1, 0, 7), (3, 0, 3, 6)]"
"(9, 9, 11, 15, 0)","[(3, '?', 0, 7), (3, '?', 3, 6), (3, 7, 0, 6), (3, '?', 0, 6)]"
"(9, 9, 11, 16, 0)","[(3, 4, 3, 7), (3, 4, 0, 7), (3, 4, 3, 6), (3, 4, 3, 6), (3, 4, 3, 7), (3, 4, 3, 6), (3, 4, 3, 7), (3, 4, 3, 7), (3, 4, 3, 6), (3, 4, 0, 7), (3, 4, 3, 7), (3, 4, 0, 6)]"
"(9, 9, 11, 17, 0)","[(1, 5, 3, 6), (1, 4, 0, 6), (5, 4, 3, 6), (5, 5, 3, 6), (5, 5, 0, 7), (1, 4, 0, 6), (5, '?', 3, 6), (1, 4, 0, 6)]"
"(9, 9, 11, 19, 0)","[('?', 3, 3, 6), ('?', 3, 3, 7), ('?', 3, 3, 7), ('?', 3, 3, 7), ('?', 3, 0, 6)]"
"(9, 9, 11, 22, 0)","[(3, 3, 3, 6), (3, 3, 0, 7), (3, 3, 3, 7), (3, 3, 0, 6), (3, 3, 3, 6), (3, 3, 3, 6), (3, 3, 0, 7), (3, 3, 3, 6), (3, 3, 0, 7), (3, 3, 0, 6), (3, 3, 0, 6), (3, 3, 3, 7), (3, 3, 0, 6)]"
"(9, 9, 11, 23, 0)","[(3, 3, 0, 6), (3, 3, 0, 7), (3, 3, 3, 7), (3, 3, 0, 6), (3, 3, 0, 7), (3, 3, 3, 7), (3, 3, 3, 6), (3, 3, 3, 6), (3, 3, 0, 6), (3, 3, 3, 7), (3, 3, 3, 6), (3, 3, 0, 7)]"
"(9, 9, 11, 24, 0)","[('?', 1, 3, 6), (3, 0, 3, 6), ('?', 0, 0, 7), ('?', 1, 3, 7), ('?', 0, 3, 7), ('?', 1, 3, 7), ('?', 1, 0, 6), (3, 0, 0, 6), ('?', 1, 0, 7), ('?', 1, 0, 6), ('?', 1, 0, 7), ('?', 0, 3, 7), ('?', 1, 3, 6), ('?', 1, 3, 7)]"
"(9, 9, 11, 25, 0)","[('?', 4, 0, 7), ('?', 7, 0, 7), ('?', '?', 0, 7), ('?', '?', 0, 7), ('?', '?', 3, 7), ('?', 7, 3, 7), ('?', 7, 0, 7), ('?', 5, 0, 7), ('?', 5, 0, 7), ('?', 5, 0, 6), ('?', 4, 0, 6)]"
"(9, 9, 12, 2, 0)","[(3, 4, 1, 7), (3, 4, 1, 7), (3, 4, 1, 7), (3, 1, 1, 7), (3, 1, 1, 6), (3, 0, 1, 6), (3, 4, 1, 7), (3, 1, 1, 7), (3, '?', 5, 7), (3, 0, 1, 7), (3, 1, 1, 6), (3, 1, 1, 7), (3, 0, 1, 6), (3, 0, 1, 7), (3, '?', 1, 7), (3, 1, 1, 7), (3, 1, 1, 7), (3, '?', 1, 7), (3, 0, 1, 6), (3, '?', 1, 7), (3, '?', 1, 7), (3, 1, 1, 7), (3, 1, 1, 6), (3, 0, 1, 6), (3, 0, 1, 7), (3, 7, 1, 7), (3, 1, 1, 7), (3, 0, 1, 6), (3, 0, 1, 6), (3, 1, 1, 6), (3, 0, 1, 6), (3, 0, 1, 6)]"
"(9, 9, 12, 3, 0)","[('?', 3, 1, 7), (2, 3, 1, 6), ('?', 3, 1, 6), ('?', 3, 1, 7), ('?', 3, 1, 6), ('?', 3, 1, 6), ('?', 3, 1, 6), ('?', 3, 1, 7), ('?', 3, 1, 6)]"
"(9, 9, 12, 9, 0)","[(3, '?', 1, 7), (3, '?', 1, 7), (3, 4, 1, 7), ('?', 0, 1, 7), ('?', 0, 1, 6), ('?', 1, 1, 7), ('?', 1, 1, 7), ('?', 4, 1, 6), ('?', 4, 1, 6), ('?', '?', 1, 7), (3, '?', 1, 7), ('?', 4, 1, 6), (3, 0, 1, 7), ('?', 0, 1, 6), ('?', 0, 1, 7), ('?', 1, 1, 7), ('?', '?', 1, 7), ('?', '?', 1, 7), ('?', '?', 1, 6), ('?', 5, 1, 7), ('?', 4, 1, 6), ('?', '?', 1, 6), ('?', 1, 1, 7), ('?', '?', 1, 6), ('?', 5, 1, 7), (2, 4, 1, 6), (3, 7, 1, 7)]"
"(9, 9, 12, 12, 0)","[('?', 1, 1, 7), ('?', '?', 1, 7), ('?', 0, 1, 6), ('?', 0, 1, 7), ('?', 5, 1, 7), ('?', 1, 1, 7), ('?', '?', 1, 6), ('?', 0, 1, 6), ('?', '?', 1, 6), ('?', 0, 1, 6), ('?', '?', 1, 7), ('?', 0, 1, 7), ('?', 0, 1, 6), ('?', 0, 1, 7), ('?', 0, 1, 7), ('?', '?', 1, 7), ('?', '?', 1, 6), (3, 0, 1, 7), ('?', 0, 1, 6), ('?', '?', 1, 6)]"
"(9, 9, 12, 14, 0)","[(3, 1, 1, 6)]"
"(9, 9, 12, 15, 0)","[(3, 0, 1, 7)]"
"(9, 9, 12, 20, 0)","[(2, 7, 1, 7)]"
"(9, 9, 12, 22, 0)","[(3, 3, 1, 7), (3, 3, 1, 6), (3, 3, 1, 6), (3, 3, 1, 7), (3, 3, 1, 6), (3, 3, 5, 6), (3, 3, 1, 7), (3, 3, 1, 6), (3, 3, 1, 7), (3, 3, 1, 6)]"
"(9, 9, 12, 24, 0)","[(5, 0, 5, 6)]"
"(9, 9, 12, 25, 0)","[('?', '?', 1, 6), ('?', '?', 5, 7), (2, 5, 1, 7)]"
"(9, 9, 12, 26, 0)","[('?', 2, 1, 7), ('?', 2, 1, 7), ('?', 2, 1, 6)]"
"(9, 9, 13, 2, 0)","[(3, 7, 5, 7), (3, 0, 5, 7), (3, '?', 5, 6), (3, 6, 5, 7), (3, '?', 5, 6), (3, '?', 5, 7), (3, 4, 5, 6), (3, '?', 5, 7), (3, 7, 5, 7), (3, 6, 5, 7), (3, 6, 5, 7), (3, 6, 5, 7), (3, '?', 5, 6), (3, '?', 5, 6), (3, 0, 5, 7), (3, 6, 5, 7), (3, '?', 5, 7), (3, '?', 5, 6), (3, '?', 5, 6), (3, 0, 5, 7), (3, '?', 5, 7), (3, 4, 5, 7), (3, '?', 5, 7), (3, 4, 5, 6), (3, 6, 5, 7)]"
"(9, 9, 13, 3, 0)","[('?', 3, 5, 6), ('?', 3, 5, 6), ('?', 3, 5, 7), ('?', 3, 5, 6), ('?', 3, 5, 7), ('?', 3, 5, 7), ('?', 3, 5, 6), ('?', 3, 5, 7), (2, 3, 5, 6), ('?', 3, 5, 6)]"
"(9, 9, 13, 5, 0)","[('?', 1, 5, 6), ('?', 0, 5, 6), ('?', 0, 5, 7), ('?', 1, 5, 7), (2, 0, 5, 6), ('?', 0, 5, 7), ('?', 1, 5, 6), ('?', 1, 5, 7)]"
"(9, 9, 13, 9, 0)","[('?', 4, 5, 6), ('?', 4, 5, 7), (4, 4, 5, 7), ('?', 4, 5, 6)]"
"(9, 9, 13, 10, 0)","[(1, 4, 5, 6), (5, 5, 5, 6), (5, 5, 5, 6), (5, 2, 5, 7), (5, 2, 5, 6)]"
"(9, 9, 13, 11, 0)","[('?', 4, 5, 6), ('?', 4, 5, 6), ('?', 4, 5, 6), ('?', 4, 5, 7), ('?', 5, 5, 6), ('?', 4, 5, 7), ('?', 4, 5, 7), ('?', 4, 5, 6), ('?', 4, 5, 7), ('?', 4, 5, 6), ('?', 5, 5, 7), ('?', 4, 5, 7)]"
"(9, 9, 13, 13, 0)","[(2, 4, 5, 6), ('?', 2, 5, 6)]"
"(9, 9, 13, 14, 0)","[(3, 1, 5, 7), (3, 1, 5, 7), (3, 1, 5, 7), (3, 1, 5, 7), (3, 1, 5, 7), (3, 1, 5, 7), ('?', 1, 5, 6), ('?', 1, 5, 7), (3, 0, 5, 7), (3, 1, 5, 7), (3, 1, 5, 7), (3, 1, 5, 7)]"
"(9, 9, 13, 15, 0)","[(3, '?', 5, 6), (3, 0, 5, 7), (3, 0, 5, 7), (3, '?', 5, 7)]"
"(9, 9, 13, 16, 0)","[(3, 4, 5, 7), (3, 4, 5, 7), (3, 4, 5, 6), (3, 4, 5, 6), (3, 2, 5, 7), (3, 4, 5, 7), (3, 4, 5, 7), (3, 4, 5, 6), (3, 4, 5, 6), (3, 4, 5, 7), (3, 4, 5, 6)]"
"(9, 9, 13, 22, 0)","[(3, 3, 5, 7), (3, 3, 5, 6), (3, 3, 5, 7), (3, '?', 5, 7), (3, 3, 5, 7), (3, 3, 5, 7), (3, 3, 5, 7)]"
"(9, 9, 13, 23, 0)","[(3, 3, 5, 7), (3, 3, 5, 6), (3, 3, 5, 7), (3, 3, 5, 7), (3, 3, 5, 6)]"
"(9, 9, 13, 24, 0)","[('?', 1, 5, 6), ('?', 0, 5, 7), ('?', 1, 5, 7), ('?', 1, 5, 7), ('?', 1, 5, 7), ('?', 0, 5, 7), ('?', 0, 5, 6), (2, 0, 5, 6), ('?', 0, 5, 6), ('?', 1, 5, 6), (2, 0, 5, 7), ('?', 0, 5, 6), (2, 0, 5, 6), ('?', 1, 5, 6), (2, 0, 5, 6), ('?', 0, 5, 7), ('?', 1, 5, 6), ('?', 0, 5, 6), (2, 0, 5, 7), (2, 1, 5, 6), ('?', 0, 5, 6)]"
"(9, 9, 13, 25, 0)","[('?', 3, 5, 6), ('?', 6, 5, 7), ('?', '?', 5, 6), ('?', '?', 5, 6), ('?', '?', 5, 6), ('?', 5, 5, 6), ('?', '?', 5, 6), ('?', 3, 5, 7), (2, '?', 5, 6), ('?', '?', 5, 7), ('?', 6, 5, 7), ('?', '?', 5, 7), (5, '?', 5, 6), (2, 3, 5, 6), (2, 4, 5, 6), ('?', '?', 5, 6), (2, 4, 5, 6), ('?', '?', 5, 6), ('?', 3, 5, 6), ('?', '?', 5, 7), (5, '?', 5, 6), (2, 7, 5, 7), ('?', 2, 5, 7)]"
"(9, 9, 13, 26, 0)","[('?', 2, 5, 7), ('?', 2, 5, 7), (1, 7, 5, 6), ('?', 7, 5, 6), ('?', 2, 5, 6), ('?', 7, 5, 6), ('?', 2, 5, 6), ('?', 2, 5, 6), ('?', 7, 5, 6), ('?', 2, 5, 6), ('?', 7, 5, 7)]"
"(9, 9, 14, 14, 0)","[(4, 6, 5, 7), (4, 6, 5, 6)]"
"(9, 9, 15, 1, 0)","[(4, 0, 3, 6), (4, 1, 0, 6), (4, 0, 3, 6), (4, 1, 3, 6), (4, 1, 0, 6), (4, 1, 3, 7)]"
"(9, 9, 15, 3, 0)","[(4, 3, 1, 7)]"
"(9, 9, 15, 4, 0)","[(4, 0, 1, 7), (4, 1, 1, 7), (4, 4, 1, 6), (4, 3, 1, 6), (4, '?', 1, 7), (4, 7, 1, 7)]"
"(9, 9, 15, 6, 0)","[(4, 2, 3, 7), (4, 2, 0, 7), (4, 2, 0, 7), (4, 2, 0, 7)]"
"(9, 9, 15, 9, 0)","[(4, 0, 1, 7), (4, '?', 1, 7), (4, 0, 1, 7), (4, 4, 1, 7), (4, 4, 1, 6), (4, 1, 1, 6), (4, 4, 1, 6), (4, 0, 1, 7)]"
"(9, 9, 15, 10, 0)","[(4, '?', 1, 7)]"
"(9, 9, 15, 11, 0)","[(4, 4, 0, 6), (4, '?', 3, 6), (4, 5, 3, 7), (4, 4, 3, 7), (4, 4, 0, 7), (4, 4, 3, 7)]"
"(9, 9, 15, 12, 0)","[(4, '?', 1, 7), (4, 3, 1, 6), (4, 3, 1, 6), (4, 0, 1, 7), (4, 4, 1, 6), (4, 4, 1, 7), (4, 3, 1, 7), (4, 4, 1, 7)]"
"(9, 9, 15, 13, 0)","[(4, 4, 5, 7), (4, 5, 5, 7), (4, '?', 5, 7), (4, '?', 5, 7), (4, '?', 5, 7), (4, '?', 5, 6), (4, '?', 5, 6), (4, 4, 5, 7), (4, '?', 5, 6), (4, '?', 5, 7), (4, '?', 5, 7), (4, 5, 5, 7), (4, 3, 5, 7), (4, '?', 5, 6), (4, 0, 5, 7), (4, 2, 5, 7), (4, 5, 5, 7), (4, 3, 5, 6), (4, '?', 5, 7), (4, '?', 5, 7), (4, 4, 5, 7), (4, 5, 5, 7), (4, 5, 5, 7), (4, 7, 5, 6), (4, '?', 5, 6), (4, 5, '?', 7), (4, '?', 5, 7)]"
"(9, 9, 15, 14, 0)","[(4, 0, 5, 6), (4, 1, 5, 7), (4, 0, 5, 6), (4, 1, 5, 7), (4, 0, 5, 7), (4, 0, 5, 6), (4, 1, 5, 7), (4, 0, 5, 6)]"
"(9, 9, 15, 15, 0)","[(4, 1, 1, 7), (4, 3, 1, 6), (4, 0, 1, 6), (4, 3, 1, 6), (4, 3, 1, 6), (4, 0, 1, 6), (4, '?', 1, 7), (4, '?', 1, 7), (4, 0, 1, 7)]"
"(9, 9, 15, 19, 0)","[(4, 3, 0, 6)]"
"(9, 9, 15, 21, 0)","[(4, 6, 1, 6), (4, 6, 1, 7), (4, 6, 1, 7)]"
"(9, 9, 15, 23, 0)","[(4, 3, 1, 6), (4, 3, 5, 7), (4, 3, 5, 7)]"
"(9, 9, 15, 26, 0)","[(4, 7, 1, 7), (4, 7, 1, 6), (4, 7, 5, 7), (4, 7, 5, 7), (4, 7, 1, 6), (4, 7, 1, 6), (4, 7, 5, 6), (4, 7, 5, 6), (4, 7, 5, 7), (4, 7, 5, 6), (4, 7, 1, 6), (4, 2, 1, 7), (4, 7, 1, 6), (4, 7, 1, 6), (4, 2, 5, 6), (4, 7, 5, 6), (4, 2, 1, 7), (4, 7, 5, 6), (4, 7, 5, 7)]"
"(9, 9, 16, 1, 0)","[(4, 1, 0, 6), (4, 6, 3, 6), (4, 1, 3, 6), (4, 0, 3, 7), (4, 1, 0, 6), (4, 0, 3, 7), (4, 1, 0, 6), (4, 0, 0, 6), (4, 0, 0, 6), (4, 0, 3, 7), (4, 0, 0, 7), (4, 0, 0, 7), (4, 1, 0, 6)]"
"(9, 9, 16, 6, 0)","[(4, 2, 3, 6), (4, 2, 3, 6), (4, 2, 0, 6), (4, 7, 3, 7), (4, 2, 0, 7), (4, 7, 3, 6), (4, 7, 0, 7), (4, 2, 0, 6), (4, 2, 0, 6), (4, 2, 3, 7), (4, 2, 0, 6), (4, 2, 3, 6)]"
"(9, 9, 16, 11, 0)","[(4, '?', 3, 7), (4, 4, 0, 7), (4, 4, 0, 7), (4, 5, 0, 7), (4, 4, 3, 6), (4, '?', 3, 7), (4, 4, 3, 7), (4, '?', 3, 7), (4, 4, 0, 7), (4, 4, 3, 7)]"
"(9, 9, 16, 14, 0)","[(4, 0, 3, 7), (4, 1, 3, 7)]"
"(9, 9, 16, 15, 0)","[(4, '?', 3, 6), (4, '?', 3, 6)]"
"(9, 9, 16, 16, 0)","[(4, 5, 3, 6), (4, 4, 3, 7), (4, 4, 3, 6), (4, 4, 3, 7), (4, 4, 0, 7), (4, 5, 3, 6), (4, 4, 0, 6), (4, 5, 0, 7), (4, 5, 0, 7), (4, 4, 0, 7), (4, 4, 3, 6), (4, 5, 3, 6), (4, 4, 0, 6), (4, 5, 3, 6), (4, 4, 0, 6), (4, 5, 3, 6), (4, 5, 3, 6), ('?', 4, 3, 6), (4, 4, 3, 7), (4, 4, 0, 6)]"
"(9, 9, 16, 19, 0)","[(4, 3, 0, 6), (4, 3, 3, 6), (4, 3, 0, 6), (4, 3, 0, 6), (4, 3, 3, 6)]"
"(9, 9, 17, 1, 0)","[(5, 0, 0, 6), (1, 0, 0, 7), (1, 0, 3, 7), (5, 0, 3, 6), (5, 1, 3, 7), (1, 1, 3, 6), (1, 0, 0, 7), (5, 0, 0, 7), (5, 0, 3, 7), (5, 1, 3, 6), (5, 0, 0, 6), (1, 1, 3, 7), (1, 0, 0, 7), (5, 0, 0, 6), (1, 0, 3, 6), (5, 1, 0, 6), (5, 1, 0, 6), (1, 0, 3, 6), (1, 0, 3, 6), (5, 0, 3, 7), (1, 1, 3, 7), (5, 0, 0, 7), (5, 0, 0, 7), (1, 1, 0, 7), (5, 1, 3, 6), (5, 0, 0, 7), (5, 2, 0, 7), (1, 1, 0, 7), (5, 0, 3, 7), (1, 0, 3, 6), (5, 0, 0, 7), (5, 1, 0, 6), (5, 1, 3, 6), (5, 0, 0, 7), (1, 0, 0, 6), (5, 1, 3, 6), (1, 0, 0, 6), (5, 0, 3, 6), (5, 0, 0, 6), (5, 0, 3, 6), (5, 1, 3, 6), (1, 0, 0, 7)]"
"(9, 9, 17, 3, 0)","[(1, 3, 1, 6), (1, 3, 1, 6), (5, 3, 1, 7), (1, 3, 1, 6), (5, 3, 1, 7), (5, 3, 1, 6), (5, 3, 1, 7)]"
"(9, 9, 17, 4, 0)","[(1, 4, 1, 6), (1, 0, 1, 7), (5, 4, 1, 6), (1, 4, 1, 7)]"
"(9, 9, 17, 5, 0)","[(5, 1, 1, 6), (1, 1, 1, 6), (5, 1, 1, 6), (5, 1, 1, 6)]"
"(9, 9, 17, 6, 0)","[(1, 7, 5, 6), (1, 7, 0, 7)]"
"(9, 9, 17, 9, 0)","[(5, 4, 1, 6), (5, 4, 1, 7)]"
"(9, 9, 17, 10, 0)","[(5, 4, 1, 7), (5, '?', 1, 7), (1, 4, 1, 6), (1, 2, 1, 7), (5, 1, 1, 7)]"
"(9, 9, 17, 11, 0)","[(1, 4, 0, 7), (5, '?', 3, 6), (5, 4, 3, 6), (1, 5, 0, 6), (1, '?', 0, 7), (5, 5, 0, 7), (1, 5, 3, 7), (5, 4, 0, 6), (1, '?', 0, 7), (1, 5, 3, 7), (1, 5, 3, 6), (5, 5, 0, 7), (1, '?', 3, 7), (5, 4, 0, 6), (5, '?', 0, 6), (1, 7, 3, 7), (1, '?', 0, 6), (5, 4, 0, 6), (1, 7, 0, 7), (1, 7, 3, 7)]"
"(9, 9, 17, 12, 0)","[(5, 1, 1, 7), (5, 0, 1, 6), (1, 6, 1, 7), (1, 0, 1, 7), (1, 1, 1, 6), (5, 0, 1, 6)]"
"(9, 9, 17, 13, 0)","[(5, 4, 5, 7), (5, 4, 5, 7), (5, 4, 5, 7), (1, 2, 5, 6), (1, 7, 5, 7), (5, 4, 5, 7), (5, 7, 5, 6), (5, 4, 5, 7), (5, 4, 5, 7), (5, 0, 5, 7), (5, 0, 5, 7), (5, 2, 5, 6), (5, 5, 5, 7), (5, 2, 5, 6), (5, '?', 5, 7), (5, 5, 5, 7), (1, 4, 5, 6), (1, 4, 5, 6), (1, 2, 5, 6), (5, 4, 5, 7), (5, 7, 5, 6), (5, 4, 5, 7), (5, 4, 5, 7)]"
"(9, 9, 17, 14, 0)","[(1, 1, 5, 7), (5, 0, 5, 7), (5, 0, 5, 6), (5, 1, 5, 7), (1, 1, 5, 7), (1, 0, 5, 6), (1, 0, 5, 6), (1, 0, 5, 6), (5, 0, 5, 6), (1, 1, 5, 6)]"
"(9, 9, 17, 16, 0)","[(5, 4, 0, 6), (1, 5, 0, 7), (5, 4, 3, 6), (1, 4, 3, 6), (1, 4, 0, 7), (1, 4, 0, 7), (1, 5, 0, 7), (1, 5, 0, 7), (5, 5, 0, 7), (1, 4, 0, 7), (1, 4, 0, 6), (1, 4, 0, 7), (1, 5, 0, 6), (1, 5, 0, 7), (5, 4, 0, 6), (5, 5, 3, 6), (5, 4, 3, 6), (5, 5, 0, 7), (1, 5, 0, 6), (1, 4, 0, 6), (1, 4, 0, 6), (1, 4, 0, 7), (1, 4, 3, 6), (1, 4, 0, 6), (1, 4, 0, 6), (5, 5, 3, 6), (5, 5, 3, 6), (5, 5, 0, 7), (1, 4, 3, 6), (1, 4, 0, 7), (1, 5, 0, 6), (1, 4, 0, 7)]"
"(9, 9, 17, 17, 0)","[(1, 4, 1, 6), (1, 4, 1, 7), (5, 4, 1, 7), (5, 4, 1, 6), (1, 4, 1, 6), (5, 4, 1, 6), (1, 6, 1, 7), (5, 4, 1, 7), (1, 4, 1, 7), (1, 4, 1, 6), (1, 4, 1, 6), (5, 4, 1, 6), (1, 4, 1, 6), (5, 5, 1, 6), (1, 5, 1, 6), (5, 5, 1, 6), (5, 5, 1, 7), (1, 5, 1, 6), (5, 4, 1, 6)]"
"(9, 9, 17, 19, 0)","[(1, 3, 0, 7), (1, 3, 0, 7), (1, 3, 0, 7), (1, 3, 0, 7), (5, 3, 3, 7), (5, 3, 3, 7)]"
"(9, 9, 17, 21, 0)","[(5, 6, 1, 7)]"
"(9, 9, 17, 26, 0)","[(1, 7, 1, 6), (5, 7, 1, 7), (5, 2, 1, 6), (1, 2, 1, 7), (5, 2, 1, 6), (5, 7, 1, 6), (5, 2, 1, 7), (1, 7, 1, 7), (1, 7, 1, 7), (5, 2, 1, 7), (1, 7, 1, 6), (5, 2, 1, 6), (1, 2, 1, 6), (5, 2, 5, 7)]"
"(9, 9, 18, 1, 0)","[(0, 0, 3, 7), (0, 1, 0, 6), (0, 1, 0, 7), (0, 0, 3, 7), (0, 1, 3, 7), (0, 1, 0, 6), (0, 1, 0, 6), (0, 1, 3, 6), (0, 1, 3, 7), (0, 1, 3, 7), (0, 0, 0, 6), (0, 1, 3, 6), (0, 1, 3, 7), (0, 0, 3, 6), (0, 0, 3, 7), (0, 1, 3, 7), (0, 1, 0, 6), (0, 0, 3, 6), (0, 1, 0, 6), (0, 1, 3, 6), (0, 0, 3, 7), (0, 1, 3, 6), (0, 1, 3, 6), (0, 1, 0, 6), (0, '?', 0, 6), (0, 0, 3, 6), ('?', 0, 0, 7), (0, 1, 0, 6), (0, 1, 0, 7)]"
"(9, 9, 18, 6, 0)","[(0, 7, 3, 7), (0, 7, 3, 6), (0, 7, 0, 6), (0, 2, 0, 6), (0, 2, 0, 7), (0, 7, 0, 6), (0, 2, 0, 6), (0, 2, 3, 6), (0, 7, 0, 6), (0, 2, 3, 6), (0, 2, 3, 7), (0, 2, 0, 7), (0, 2, 3, 6), (0, 7, 0, 7), (0, 7, 3, 7), (0, 2, 3, 6), (0, 2, 0, 7), (0, 2, 3, 6), (0, 2, 3, 7), (0, 7, 0, 6), (0, 2, 0, 7), (0, 7, 3, 7), (0, 2, 0, 6), (0, 2, 0, 6), (0, 2, 0, 7), (0, 2, 0, 6), (0, 7, 0, 7), (0, 2, 0, 6), (0, 7, 3, 6), (0, 7, 0, 6), (0, 7, 3, 6), (0, 7, 0, 7), (0, 2, 3, 7), (0, 2, 0, 6), (0, 2, 0, 6)]"
"(9, 9, 18, 11, 0)","[(0, 5, 3, 7), (0, '?', 0, 7), (0, '?', 0, 7), (0, '?', 3, 6), (0, '?', 0, 6), (0, 7, 0, 7), (0, 7, 3, 7), (0, '?', 3, 7), (0, '?', 3, 7), (0, 7, 0, 7), (0, 4, 0, 7), (0, '?', 0, 7)]"
"(9, 9, 18, 15, 0)","[(0, '?', 0, 7), (0, 5, 0, 7), (0, 2, 3, 7), (0, 7, 0, 7), (0, 7, 0, 7), (0, 7, 0, 7), ('?', 7, 0, 7), (0, '?', 0, 7), (0, 7, 0, 7), (0, 7, 3, 7)]"
"(9, 9, 18, 16, 0)","[(0, 4, 0, 6), (0, 4, 0, 7), (0, 4, 3, 6), (0, 4, 0, 7), (0, 4, 0, 6)]"
"(9, 9, 18, 18, 0)","[(0, 2, 3, 7), (0, 2, 0, 7), (0, 4, 3, 7), (0, '?', 0, 6)]"
"(9, 9, 18, 19, 0)","[(0, 3, 0, 7), (0, 3, 0, 7), (0, 3, 0, 6)]"
"(9, 9, 18, 24, 0)","[(0, 1, 0, 7), (0, 1, 0, 7), (0, 6, 0, 7)]"
"(9, 9, 18, 26, 0)","[(0, 7, 3, 6), (0, 7, 0, 6)]"
"(9, 9, 20, 13, 0)","[(2, 3, 5, 7)]"
"(9, 9, 20, 16, 0)","[(2, 4, 5, 7)]"
"(9, 9, 20, 21, 0)","[(2, 6, 5, 7)]"
"(9, 9, 20, 25, 0)","[(2, 4, 5, 6)]"
"(9, 9, 21, 2, 0)","[(3, 6, 1, 6), (3, 6, 1, 6), (3, 6, 1, 6), (3, 6, 1, 6)]"
"(9, 9, 21, 4, 0)","[('?', 6, 1, 7), ('?', 6, 1, 6)]"
"(9, 9, 21, 7, 0)","[(0, 6, 1, 6), (0, 6, 1, 7), (0, 6, 1, 6)]"
"(9, 9, 21, 10, 0)","[(1, 6, 1, 7), (5, 6, 1, 7), (5, 6, 1, 7), (5, 6, 1, 6), (1, 6, 1, 7), (5, 6, 1, 6), (5, 6, 1, 7), (5, 6, 1, 7), (1, 6, 1, 7)]"
"(9, 9, 21, 12, 0)","[('?', 6, 1, 7), ('?', 6, 1, 6), ('?', 6, 1, 7), ('?', 6, 1, 7), ('?', 6, 1, 6), (5, 6, 1, 6), ('?', 6, 1, 7), ('?', 6, 1, 7), ('?', 6, 1, 6), ('?', 6, 1, 7), ('?', 6, 1, 6), ('?', 6, 1, 7), ('?', 6, 1, 6)]"
"(9, 9, 21, 13, 0)","[('?', 6, 5, 6), (5, 6, 5, 6), ('?', 6, 5, 6), ('?', 6, 5, 7)]"
"(9, 9, 21, 17, 0)","[(5, 6, 5, 6), (5, 6, 5, 6), (5, 6, 1, 6), (5, 6, 1, 6), (5, 6, 1, 6), (5, 6, 5, 6), (5, 6, 1, 7), (5, 6, 5, 6), (1, 6, 1, 7), (1, 6, 1, 7), (5, 6, 1, 7)]"
"(9, 9, 21, 21, 0)","[('?', 6, 1, 6)]"
"(9, 9, 21, 27, 0)","[(0, 6, 5, 6), (0, 6, 5, 6), (0, 6, 5, 6)]"
"(9, 9, 23, 23, 0)","[(4, 3, 5, 6)]"
"(9, 9, 24, 2, 0)","[(3, 6, 5, 7)]"
"(9, 9, 24, 13, 0)","[(5, 6, 5, 6), ('?', 6, 5, 6), ('?', 6, 5, 7)]"
"(9, 9, 25, 2, 0)","[(3, 0, 5, 7)]"
"(9, 9, 25, 3, 0)","[('?', 3, 5, 7), (2, 3, 5, 6), (2, 3, 5, 6)]"
"(9, 9, 25, 9, 0)","[(2, 4, 5, 7)]"
"(9, 9, 25, 13, 0)","[('?', 0, 5, 7), ('?', '?', 5, 7), ('?', '?', 5, 7)]"
"(9, 9, 25, 21, 0)","[('?', 0, 5, 7)]"
"(9, 9, 25, 23, 0)","[(3, 3, 5, 6)]"
"(9, 9, 25, 24, 0)","[('?', 1, 5, 6)]"
"(9, 9, 25, 25, 0)","[(5, '?', 5, 6), (2, 3, 5, 6)]"
"(9, 9, 26, 2, 0)","[(3, 7, 1, 6), (3, 2, 1, 6), (3, 7, 1, 7), (3, 2, 1, 6), (3, 7, 1, 6), (3, 2, 5, 6), (3, 7, 5, 6), (3, 2, 5, 7), (3, 7, 1, 6), (3, 2, 1, 6), (3, 2, 1, 6), (3, 7, 5, 6), (3, 7, 5, 6), (3, 2, 1, 6), (3, 2, 5, 7), (3, 7, 1, 7), (3, 7, 1, 6), (3, 7, 1, 7), (3, 7, 1, 7), (3, 7, 1, 7), (3, 2, 1, 6), (3, 7, 1, 6), (3, 2, 1, 6)]"
"(9, 9, 26, 4, 0)","[('?', 7, 1, 6), ('?', 2, 1, 7), (3, 7, 1, 6), ('?', 7, 1, 7), ('?', 2, 1, 7), ('?', 7, 1, 7), ('?', 7, 1, 6), ('?', 7, 1, 6), ('?', 7, 1, 7), ('?', 2, 1, 7), ('?', 2, 1, 7), (3, 7, 1, 6)]"
"(9, 9, 26, 10, 0)","[(5, 2, 1, 6), (5, 7, 1, 7)]"
"(9, 9, 26, 12, 0)","[('?', 7, 1, 6), (4, 2, 1, 7), (5, 7, 1, 6), (5, 7, 1, 6), ('?', 2, 1, 6), ('?', 7, 1, 7), ('?', 7, 1, 6), ('?', 7, 1, 6), ('?', 2, 1, 6), (6, 7, 1, 6), ('?', 2, 1, 7), (5, 7, 1, 6), ('?', 2, 1, 6), ('?', 7, 1, 7), ('?', 2, 1, 7), ('?', 2, 1, 6), ('?', 7, 1, 6), ('?', 7, 1, 7), ('?', 2, 1, 6), ('?', 7, 1, 7), ('?', 7, 1, 6)]"
"(9, 9, 26, 13, 0)","[('?', 2, 5, 7), ('?', 2, 5, 7), ('?', 7, 5, 6), ('?', 7, 5, 7), ('?', 7, 5, 6), ('?', 7, 5, 7), ('?', 7, 5, 7), (5, 7, 5, 6), ('?', 7, 5, 7), ('?', 2, 5, 7), ('?', 7, 5, 7), ('?', 7, 5, 6), ('?', 7, 5, 7), ('?', 2, 5, 6), ('?', 7, 5, 7), ('?', 7, 5, 6), (5, 7, 5, 6), ('?', 2, 5, 6), (5, 7, 5, 6), (2, 7, 5, 6)]"
"(9, 9, 26, 23, 0)","[(3, 2, 5, 6), (3, 7, 5, 7), (3, 7, 5, 6), (3, 2, 5, 7), (3, 2, 5, 6), (3, 2, 5, 6), (3, 7, 5, 7), (3, 2, 5, 6), (3, 2, 5, 6), (3, 2, 5, 7), (3, 2, 5, 7), (3, 7, 5, 6), (3, 7, 5, 6), (3, 7, 5, 6), (3, 7, 5, 7), (3, 7, 5, 6), (3, 7, 5, 7), (3, 7, 5, 6), (3, 2, 5, 6), (3, 2, 5, 6), (3, 7, 5, 7), (3, 7, 5, 7), (3, 2, 5, 7)]"
"(9, 9, 26, 25, 0)","[(5, 7, 5, 6), (5, 7, 1, 6), (5, 7, 5, 6), ('?', 7, 5, 6), (5, 7, 1, 6)]"
"(9, 9, 26, 27, 0)","[('?', 7, 5, 7)]"
"(9, 9, 27, 1, 0)","[(0, 0, 5, 7)]"
"(9, 9, 27, 6, 0)","[(0, 2, 5, 7), (0, 7, 5, 7), (0, 7, 5, 7), (0, 7, 5, 6), (0, 7, 5, 6), (0, 7, 5, 7), (0, 2, 5, 7), (0, 7, 5, 6)]"
"(9, 9, 27, 13, 0)","[(0, 7, 5, 7)]"
"(9, 9, 27, 14, 0)","[(0, 0, 5, 6), (0, 0, 5, 6), (0, 1, 5, 7), (0, 0, 5, 7)]"
"(9, 9, 27, 16, 0)","[(0, 4, 5, 6), (0, 4, 5, 6), (0, 4, 5, 6)]"
"(9, 9, 27, 22, 0)","[(0, 3, 5, 7)]"
"(9, 9, 27, 23, 0)","[(0, 3, 5, 7)]"
"(9, 9, 27, 24, 0)","[(0, 1, 5, 7), (0, 1, 5, 7), (0, 0, 5, 7), (0, 0, 5, 7), (0, 1, 5, 7), (0, 1, 5, 7), (0, '?', 5, 6), (0, 1, 5, 7), (0, 0, 5, 6), (0, 1, 5, 6), (0, 1, 5, 6), (0, 1, 5, 7), (0, 1, 5, 6), (0, 1, 5, 6)]"
"(9, 9, 27, 25, 0)","[(0, '?', 5, 6), (0, 3, 5, 7), (0, 7, 5, 7), (0, '?', 5, 6)]"
"(9, 9, 27, 26, 0)","[(0, 2, 5, 7), (0, 2, 5, 7), (0, 7, 5, 7), (0, 7, 5, 6), (0, 7, 5, 6), (0, 7, 5, 6), (0, 2, 5, 7), (0, 7, 5, 6), (0, 2, 5, 7), (0, 7, 5, 6), (0, 7, 5, 7), (0, 7, 5, 7), (0, 2, 5, 7), (0, 2, 5, 7)]"
"(9, 9, 27, 27, 0)","[(0, '?', 5, 6), (0, 3, 5, 7)]"
"(9, 10, 9, 3, 0)","[(5, 3, 1, 7)]"
"(9, 10, 9, 10, 0)","[(5, 1, 1, 6), (1, 1, 1, 7), (5, 3, 1, 7), (1, 1, 1, 7)]"
"(9, 10, 10, 3, 0)","[(1, 3, 4, 6), (5, 3, 4, 7), (1, 3, 6, 6), (1, 3, 4, 6), (1, 3, 6, 7), (1, 3, 4, 7), (5, 3, 6, 7), (5, 3, 4, 7), (5, 3, 4, 7), (5, 3, 6, 7), (1, 3, 6, 6), (1, 3, 6, 7), (5, 3, 4, 7), (5, 3, 4, 7), (1, 3, 4, 7), (1, 3, 6, 6), (5, 3, 6, 7), (5, 3, 6, 7), (1, 3, 4, 7), (1, 3, 6, 6), (1, 3, 6, 7), (1, 3, 6, 6)]"
"(9, 10, 10, 5, 0)","[(1, 1, 4, 6), (5, 1, 4, 7), (1, 0, 4, 6), (1, 1, 4, 7), (5, 1, 4, 6), (5, 1, 4, 7), (5, 1, 4, 7), (5, 1, 6, 7), (5, 1, 4, 7), (5, 1, 4, 7), (1, 1, 4, 7), (1, 1, 4, 7), (5, 1, 6, 7), (5, 1, 4, 7), (1, 1, 4, 6), (1, 0, 6, 7)]"
"(9, 10, 10, 10, 0)","[(1, '?', 4, 6), (1, '?', 4, 6), (1, 0, 4, 7), (1, 7, 6, 6), (5, 6, 6, 7), (1, 2, 6, 7), (5, '?', 6, 7), (1, 7, 6, 6), (5, '?', 6, 7), (1, '?', 4, 7), (1, '?', 4, 6), (1, 7, 6, 7), (5, 7, 6, 7), (1, 7, 6, 7), (5, 6, 6, 7), (5, 7, 4, 7), (1, 5, 4, 6), (5, 0, 4, 7), (1, 7, 6, 6), (1, '?', 4, 7), (1, 0, 4, 7), (1, 7, 6, 6), (1, '?', 4, 7), (1, 0, 6, 7), (5, '?', 6, 7), (1, 2, 6, 7), (1, 5, 4, 6)]"
"(9, 10, 10, 12, 0)","[(1, 0, 4, 6), (1, '?', 6, 6), (5, '?', 6, 7), (5, 7, 6, 7), (1, 2, 6, 6), (1, 2, 6, 6), (1, '?', 6, 6), (5, 2, 6, 7), (5, 7, 6, 7), (1, 5, 4, 6), (1, '?', 6, 6)]"
"(9, 10, 10, 17, 0)","[(5, 4, 6, 7), (5, '?', 4, 7), (5, '?', 4, 6)]"
"(9, 10, 10, 21, 0)","[(5, 6, 6, 7), (5, 6, 6, 7), (5, 6, 6, 7)]"
"(9, 10, 10, 26, 0)","[(1, 7, 6, 7), (5, 2, 6, 7), (1, 7, 4, 7), (1, 2, 6, 6), (1, 2, 6, 6)]"
"(9, 10, 12, 10, 0)","[(5, '?', 4, 7)]"
"(9, 10, 13, 3, 0)","[(5, 3, 7, 7)]"
"(9, 10, 13, 10, 0)","[(1, 7, 2, 7), (1, 2, 2, 7), (5, 0, 2, 7)]"
"(9, 10, 13, 26, 0)","[(5, 2, 2, 6)]"
"(9, 10, 17, 3, 0)","[(5, 3, 6, 7), (1, 3, 4, 7)]"
"(9, 10, 17, 5, 0)","[(1, 0, 4, 6), (1, 1, 4, 7)]"
"(9, 10, 17, 10, 0)","[(1, 4, 6, 6)]"
"(9, 10, 17, 12, 0)","[(5, '?', 4, 6), (5, 2, 6, 7), (5, '?', 4, 7)]"
"(9, 10, 21, 10, 0)","[(1, 6, 4, 7), (1, 6, 6, 7), (5, 6, 4, 7), (5, 6, 4, 7), (1, 6, 4, 7), (1, 6, 4, 7)]"
"(9, 10, 25, 3, 0)","[(1, 3, 6, 7), (5, 3, 4, 7)]"
"(9, 10, 25, 10, 0)","[(1, 6, 4, 7), (1, 6, 6, 7), (1, 6, 6, 7)]"
"(9, 10, 25, 25, 0)","[(1, 6, 6, 7)]"
"(9, 10, 26, 10, 0)","[(5, 7, 4, 7), (5, 7, 6, 7), (1, 7, 4, 7), (1, 7, 4, 6), (1, 7, 4, 6), (5, 2, 4, 7), (1, 7, 4, 6), (5, 2, 6, 6), (1, 7, 4, 6), (5, 2, 4, 6), (1, 2, 4, 7), (5, 2, 6, 6), (1, 2, 4, 7), (5, 2, 4, 7), (1, 7, 4, 6), (5, 2, 4, 7), (5, 2, 4, 7), (5, 2, 4, 7), (1, 2, 1, 7), (1, 7, 4, 7), (1, 2, 4, 7)]"
"(9, 10, 26, 17, 0)","[(1, 2, 4, 7), (1, 7, 6, 6), (5, 2, 4, 7), (5, 2, 6, 6), (1, 7, 6, 6)]"
"(9, 11, 3, 15, 0)","[(3, 5, 0, 7)]"
"(9, 11, 6, 10, 0)","[(5, 2, 0, 6)]"
"(9, 11, 6, 25, 0)","[('?', 7, 0, 6), ('?', 7, 3, 6)]"
"(9, 11, 8, 11, 0)","[('?', 5, 3, 6)]"
"(9, 11, 8, 15, 0)","[(3, 5, 0, 6), (3, 5, 3, 6), (3, 5, 0, 6)]"
"(9, 11, 8, 18, 0)","[(0, 5, 0, 6)]"
"(9, 11, 8, 25, 0)","[('?', 5, 0, 6)]"
"(9, 11, 10, 1, 0)","[(5, 1, 3, 7), (1, 1, 0, 7), (5, 0, 0, 6), (5, 0, 0, 6), (1, '?', 0, 6), (5, 1, 0, 6), (5, 1, 3, 6), (5, 0, 3, 6), (5, 1, 0, 6), (5, 1, 3, 6), (1, 0, 0, 6), (5, 0, 3, 7), (1, 0, 0, 7), (1, 0, 0, 6), (1, 1, 0, 7), (1, 0, 0, 6), (5, 1, 3, 6), (1, 1, 3, 6), (5, '?', 3, 6), (1, 0, 0, 6), (5, 0, 0, 6)]"
"(9, 11, 10, 6, 0)","[(5, 2, 0, 6), (1, 2, 0, 6), (5, 2, 3, 6), (5, 2, 3, 6), (5, 2, 3, 6), (5, 2, 0, 6), (5, 7, 3, 6), (5, 2, 0, 6), (1, 2, 3, 6), (1, 2, 3, 6), (1, 7, 0, 6)]"
"(9, 11, 10, 8, 0)","[(5, 3, 0, 6), (5, 3, 3, 7), (5, 3, 3, 7), (1, 3, 3, 6), (1, 3, 0, 7), (5, 3, 3, 7), (1, 3, 3, 6), (5, 3, 3, 7), (1, 3, 0, 7), (1, 3, 0, 7), (5, 3, 0, 6), (1, 3, 3, 6), (5, 3, 3, 7), (1, 3, 3, 6), (1, 3, 0, 7), (5, 3, 3, 7), (5, 3, 0, 6), (1, 3, 3, 6)]"
"(9, 11, 10, 11, 0)","[(1, 5, 3, 7), (5, 5, 0, 7), (5, 5, 3, 6), (1, 5, 0, 6), (1, 5, 3, 6), (5, 7, 3, 6), (5, '?', 3, 7), (5, 7, 0, 7), (1, '?', 3, 7), (5, '?', 3, 7), (5, '?', 0, 6), (1, '?', 3, 7), (5, '?', 0, 6), (5, 7, 0, 7), (5, '?', 3, 7), (1, 5, 3, 7), (1, 7, 0, 7), (1, '?', 3, 7), (1, '?', 0, 7), (1, 7, 0, '?'), (5, 2, 0, 7), (1, '?', 3, 7), (1, '?', 0, 7), (5, '?', 0, 6), (5, 2, 3, 7), (1, 5, 3, 6), (5, '?', 3, 7), (5, 7, 0, 6), (1, 7, 0, 7), (1, 5, 3, 6), (1, 5, 0, 6), (5, 5, 3, 6), (5, 4, 3, 6), (1, 5, 0, 6), (1, '?', 0, 6), (5, '?', 3, 7), (1, '?', 0, 7), (5, '?', 0, 6), (1, 5, 3, 6), (1, 7, 0, 7), (5, '?', 0, 6), (5, 2, 0, 7), (1, 5, 0, 6), (5, '?', 3, 6), (5, '?', 3, 6), (1, 7, 0, 7)]"
"(9, 11, 10, 19, 0)","[(5, 3, 0, 6), (5, 3, 0, 6)]"
"(9, 11, 11, 1, 0)","[('?', 0, 3, 7)]"
"(9, 11, 11, 2, 0)","[(3, 4, 3, 6), (3, 5, 0, 6), (3, '?', 0, 6), (3, 5, 3, 7), (3, 4, 0, 6)]"
"(9, 11, 11, 3, 0)","[('?', 3, 3, 7), ('?', 3, 0, 6), ('?', 3, 0, 7), ('?', 3, 3, 6), ('?', 3, 0, 6), ('?', 3, 0, 6), ('?', 3, 0, 7), ('?', 3, 3, 7), ('?', 3, 0, 7), ('?', 3, 3, 6), ('?', 3, 3, 6), ('?', 3, 0, 7), ('?', 3, 0, 7), ('?', 3, 0, 7), ('?', 3, 3, 6), ('?', 3, 3, 6), ('?', 3, 3, 6), ('?', 3, 3, 7), ('?', 3, 3, 7), ('?', 3, 0, 6), ('?', 3, 0, 7), ('?', 3, 3, 6), ('?', 3, 0, 6)]"
"(9, 11, 11, 12, 0)","[('?', '?', 3, 6), ('?', '?', 3, 6), ('?', '?', 3, 7), ('?', 5, 3, 6), ('?', '?', 3, 7), ('?', '?', 3, 7), ('?', 5, 0, 7), ('?', '?', 0, 6), ('?', 4, 0, 6), ('?', 4, 3, 7), ('?', 5, '?', 6), ('?', '?', 3, 6)]"
"(9, 11, 11, 14, 0)","[(3, 1, 0, 7)]"
"(9, 11, 11, 15, 0)","[(3, '?', 0, 7), (3, 5, 0, 7), (3, '?', 0, 7)]"
"(9, 11, 11, 22, 0)","[(3, 3, 3, 7), (3, 3, 3, 6), (3, 3, 0, 6)]"
"(9, 11, 11, 24, 0)","[('?', 1, 3, 6), ('?', 1, 0, 7), ('?', 1, 3, 7), ('?', 0, 0, 7), ('?', '?', 3, 6), ('?', 1, 0, 6), ('?', 1, 3, 6), (3, 1, 3, 6), ('?', 0, 0, 7), (3, 1, 0, 6), ('?', 0, 3, 7), ('?', 1, 3, 6), ('?', 0, 3, 7), ('?', 0, 3, 7), ('?', 1, 0, 7), (3, 0, 0, 7)]"
"(9, 11, 11, 25, 0)","[('?', 3, 3, 7), ('?', 5, 3, 6), ('?', 5, 0, 6), ('?', 3, 0, 7), ('?', '?', 0, 6), ('?', 5, 0, 6), ('?', 5, 0, 6), ('?', '?', 0, 7), ('?', 5, 3, 6), ('?', '?', 0, 7), ('?', '?', 0, 7), ('?', '?', 3, 7), ('?', 5, 3, 6), (5, 7, 3, 6), ('?', 5, 3, 6)]"
"(9, 11, 15, 1, 0)","[(4, 1, 0, 6), (4, 1, 3, 7), (4, 0, 0, 6), (4, 0, 3, 6), (4, 0, 0, 6), (4, 1, 3, 6), (4, 0, 0, 6), (4, 1, 0, 6), (4, 0, 0, 7), (4, 1, 3, 6)]"
"(9, 11, 15, 11, 0)","[(4, '?', 0, 7), (4, '?', 0, 7), (4, '?', 0, 6), (4, '?', 3, 6), (4, '?', 0, 7)]"
"(9, 11, 16, 11, 0)","[(4, 4, 0, 6)]"
"(9, 11, 16, 19, 0)","[(4, 3, 0, 6)]"
"(9, 11, 18, 1, 0)","[(0, 1, 3, 7), (0, 1, 0, 7), (0, 1, 0, 7), (0, 0, 3, 6), (0, 1, 3, 7)]"
"(9, 11, 18, 3, 0)","[(0, 3, 0, 6), (0, 3, 0, 7)]"
"(9, 11, 18, 11, 0)","[(0, '?', 3, 6), (0, '?', 0, 6), (0, 4, 0, 6), (0, 4, 0, 7), (0, '?', 0, 7), (0, 5, 0, 6), (0, 4, 0, 7), (0, 4, 0, 7), (0, '?', 3, 7), (0, 5, 0, 7), (0, '?', 3, 6), (0, 4, 0, 6), (0, '?', 3, 6), (0, 5, 0, 7), (0, '?', 3, 7), (0, 5, 3, 7)]"
"(9, 11, 18, 15, 0)","[(0, 3, 0, 7), (0, 5, 3, 7), (0, '?', 0, 6), (0, '?', 3, 7), (0, '?', 0, 6), (0, '?', 3, 7), (0, '?', 3, 7), (0, '?', 3, 7), (0, '?', 0, 7), (0, '?', 0, 7)]"
"(9, 11, 18, 19, 0)","[(0, 3, 0, 6)]"
"(9, 11, 18, 22, 0)","[(0, 3, 0, 7), (0, 3, 0, 6), (0, 3, 0, 7), (0, 3, 0, 7), (0, 3, 0, 6), (0, 3, 3, 6)]"
"(9, 11, 18, 24, 0)","[(0, 1, 0, 6), (0, 1, 3, 6), (0, 1, 0, 7), (0, 1, 0, 7), (0, 1, 3, 6), (0, 0, 0, 6), (0, 1, 0, 7), (0, 0, 3, 7), (0, 0, 0, 6), (0, 0, 0, 6)]"
"(9, 11, 25, 6, 0)","[('?', 7, 3, 7), (3, 2, 3, 7)]"
"(9, 12, 2, 2, 0)","[(4, 5, 6, 6), (4, 5, 6, 7), (4, 5, 4, 6), (4, 0, 6, 7), (4, 4, 6, 7)]"
"(9, 12, 2, 3, 0)","[(4, 3, 4, 7), (4, 3, 4, 7), (4, 3, 6, 7), (4, 3, 6, 7), (4, 3, 4, 7)]"
"(9, 12, 2, 4, 0)","[(4, 4, 4, 6), (4, 5, 4, 7), (4, 4, 4, 7), (4, 5, 4, 6), (4, 5, 6, 7), (4, 4, 4, 7), (4, 4, 4, 6), (4, 5, 6, 6)]"
"(9, 12, 2, 5, 0)","[(4, 0, 6, 6), (4, 1, 4, 6), (4, 1, 6, 6), (4, 0, 4, 6), (4, 1, 4, 6), (4, 1, 4, 6), (4, 1, 6, 6), (4, 1, 6, 7), (4, 0, 4, 6), (4, 1, 6, 7)]"
"(9, 12, 2, 9, 0)","[(4, 5, 4, 7)]"
"(9, 12, 2, 10, 0)","[(4, 5, 6, 6), (4, 5, 4, 6), (4, '?', 6, 6), (4, '?', 4, 7), (4, 4, 4, 7), (4, 5, 6, 7), (4, 7, 6, 7), (4, '?', 6, 6), (3, 5, 4, 6), (4, '?', 4, 6), (4, '?', 6, 6), (4, 5, 4, 7), (4, '?', 6, 6), (4, '?', 4, 6), (4, 0, 4, 6), (4, 7, 4, 7), (4, 5, 4, 7)]"
"(9, 12, 2, 13, 0)","[(4, 2, 7, 6)]"
"(9, 12, 2, 17, 0)","[(4, 4, 6, 7), (4, 4, 4, 6), (4, 0, 4, 7), (4, 5, 6, 7), (4, 4, 6, 7), (4, 4, 4, 7), (4, 4, 4, 6), (4, 5, 6, 6)]"
"(9, 12, 2, 21, 0)","[(4, 6, 4, 7)]"
"(9, 12, 2, 22, 0)","[(4, 3, 4, 7), (4, 3, 6, 7), (4, 3, 6, 7)]"
"(9, 12, 2, 23, 0)","[(4, 3, 6, 7), (4, 3, 6, 6), (4, 3, 6, 7)]"
"(9, 12, 2, 26, 0)","[(4, 2, 4, 6), (4, 2, 4, 6), (4, 7, 7, 6), (4, 2, 6, 7), (4, 2, 4, 7), (4, 2, 6, 7), (4, 2, 4, 6), (4, 7, 4, 7), (4, 7, 6, 6), (4, 2, 4, 6), (4, 7, 4, 7), (4, 7, 6, 6), (4, 2, 4, 7), (4, 2, 4, 7), (4, 2, 4, 6), (4, 2, 4, 6), (4, 2, 6, 7), (4, 7, 6, 6), (4, 2, 6, 7), (4, 7, 4, 7), (4, 2, 4, 7), (4, 2, 4, 6), (4, 2, 4, 6), (4, 2, 6, 7), (4, 7, 6, 6), (4, 2, 4, 7), (4, 2, 6, 7), (4, 2, 4, 6), (4, 2, 4, 7)]"
"(9, 12, 3, 2, 0)","[(3, 5, 6, 7), (3, 5, 2, 7)]"
"(9, 12, 3, 7, 0)","[(0, 5, 6, 7), (0, 5, 7, 7)]"
"(9, 12, 3, 12, 0)","[(3, 5, 1, 7)]"
"(9, 12, 3, 13, 0)","[(3, 5, 2, 7), ('?', 5, 2, 7)]"
"(9, 12, 3, 23, 0)","[(3, 5, 7, 6)]"
"(9, 12, 4, 2, 0)","[(3, '?', 6, 7), (3, 4, 6, 6), (3, 0, 4, 7), (3, 5, 4, 6), (3, 5, 4, 7), (3, 7, 6, 7), (3, 2, 6, 7), (3, 4, 4, 6), (3, 6, 6, 7), (3, 5, 4, 7), (3, 4, 4, 6), (3, 4, 4, 6), (3, 7, 6, 7), (3, 2, 6, 7), (3, '?', 6, 7), (3, 7, 6, 7), (3, 4, 4, 6), (3, 4, 6, 6), (3, 5, 4, 7), (3, 5, 6, 7), (3, 4, 6, 7), (3, 7, 6, 7), (3, 0, 4, 7), (3, '?', 6, 7)]"
"(9, 12, 4, 3, 0)","[('?', 3, 4, 6), ('?', 3, 6, 7), ('?', 3, 4, 7)]"
"(9, 12, 4, 4, 0)","[(5, 4, 4, 7)]"
"(9, 12, 4, 5, 0)","[('?', 0, 4, 6), ('?', 0, 6, 6), ('?', 1, 6, 7), ('?', 0, 6, 6), ('?', 0, 6, 7), ('?', 1, 4, 7), ('?', 0, 4, 6), ('?', 1, 6, 7), ('?', 0, 4, 6), (5, 1, 4, 6), ('?', 1, 4, 6), ('?', 0, 6, 6), (5, 0, 4, 6)]"
"(9, 12, 4, 9, 0)","[(5, 4, 4, 7), (5, 4, 4, 6), ('?', 4, 6, 7)]"
"(9, 12, 4, 11, 0)","[('?', 4, 6, 7)]"
"(9, 12, 4, 12, 0)","[('?', 4, 4, 6), ('?', 0, 4, 7), (5, 4, 4, 6), ('?', 0, 4, 7), (5, 4, 6, 6), ('?', 0, 4, 7), ('?', 4, 6, 7), ('?', 0, 4, 7), (5, 4, 6, 6), ('?', 4, 6, 7), ('?', 5, 6, 6)]"
"(9, 12, 4, 14, 0)","[(3, 0, 6, 6), (3, 0, 6, 6), (3, 1, 6, 6), (3, 0, 6, 6), (3, 0, 6, 7), (3, 0, 6, 6), (3, 0, 4, 7), (3, 0, 6, 6)]"
"(9, 12, 4, 22, 0)","[(3, 3, 4, 7), (3, 3, 4, 7), (3, 3, 4, 7), (4, 3, 4, 7), (3, 3, 4, 6)]"
"(9, 12, 4, 24, 0)","[('?', 0, 6, 6), ('?', 1, 4, 6)]"
"(9, 12, 4, 25, 0)","[(5, 4, 6, 6), (5, 4, 6, 6)]"
"(9, 12, 7, 3, 0)","[(0, 3, 6, 7), (0, 3, 4, 7), (0, 3, 4, 6), (0, 3, 6, 7), (0, 3, 4, 7), (0, 3, 4, 6), (0, 3, 4, 7), (0, 3, 6, 7), (0, 3, 1, 7), (0, 3, 4, 6), (0, 3, 6, 7), (0, '?', 6, 7), (0, '?', 6, 6), (0, 3, 4, 7), (0, 3, 4, 6), (0, 3, 4, 7), (0, 3, 6, 7)]"
"(9, 12, 7, 5, 0)","[(0, 1, 4, 6), (0, 1, 4, 6), (0, 1, 6, 7), (0, 1, 6, 6), (0, 1, 6, 7), (0, 1, 6, 7), (0, 0, 4, 6), (0, 0, 6, 7), (0, 1, 6, 7), (0, 0, 4, 7)]"
"(9, 12, 7, 10, 0)","[(0, 3, 6, 7), (0, 0, 4, 7), (0, 0, 4, 7), (0, 7, 6, 7), (0, '?', 4, 7), (0, 7, 6, 7), (0, 7, 6, 6), (0, 7, 6, 7), (0, '?', 4, 7), (0, 5, 6, 7), (0, 7, 4, 7), (0, 0, 6, 7), (0, '?', 6, 6), (0, 5, 6, 7), (0, '?', 4, 7), (0, 7, 4, 7), (0, '?', 6, 7), (0, 7, 6, 6), (0, '?', 6, 6), (0, '?', 4, 7), (0, 5, 4, 7), (0, 0, 4, 7), (0, '?', 6, 7), (0, 3, 6, 7), (0, '?', 6, 7), (0, 3, 4, 7), (0, 3, 4, 6), (0, '?', 4, 7), (0, 7, 6, 6), (0, 5, 4, 7), (0, '?', 4, 7), (0, 5, 4, 7), (0, '?', 4, 7), (0, 2, 6, 6), (0, 7, 6, 7)]"
"(9, 12, 7, 12, 0)","[(0, 5, 6, 7)]"
"(9, 12, 7, 17, 0)","[(0, 4, 6, 7), (0, 3, 4, 7), (0, '?', 6, 7), (0, '?', 6, 7), (0, 7, 6, 7), (0, '?', 4, 7)]"
"(9, 12, 7, 22, 0)","[(0, 3, 4, 7), (0, 3, 2, 7)]"
"(9, 12, 7, 24, 0)","[(0, 1, 6, 6), (0, 0, 4, 7)]"
"(9, 12, 7, 26, 0)","[(0, 7, 4, 7), (0, 7, 4, 7), (0, 2, 4, 6), (0, 7, 4, 7), (0, 2, 4, 7), (0, 2, 4, 6), (0, 7, 6, 6), (0, 2, 4, 6), (0, 2, 4, 7), (0, 2, 4, 7), (0, 2, 6, 6), (0, 2, 4, 7), (0, 7, 6, 7), (0, 7, 4, 7)]"
"(9, 12, 9, 3, 0)","[('?', 3, 1, 6), (2, 3, 1, 6), ('?', 3, 1, 6)]"
"(9, 12, 9, 12, 0)","[(3, '?', 1, 7)]"
"(9, 12, 9, 22, 0)","[(3, 3, 1, 6)]"
"(9, 12, 9, 26, 0)","[(4, 2, 1, 7), (4, 2, 1, 7), (4, 2, 1, 7)]"
"(9, 12, 10, 3, 0)","[(5, 3, 6, 7), (1, 3, 4, 6), (1, 3, 1, 6), (1, 3, 4, 7), (5, 3, 4, 6), (1, 3, 4, 6), (1, 3, 6, 6), (1, 3, 6, 6), (1, 3, 4, 7), (5, 3, 4, 6), (1, 3, 2, 7), (1, 3, 6, 7), (5, 3, 6, 7), (5, 3, 6, 6), (1, 3, 6, 7), (1, 3, 6, 7), (5, 3, 6, 6), (5, 3, '?', 6), (5, 3, 4, 6), (5, 3, 6, 6), (5, 3, 4, 6), (5, 3, 4, 6), (1, 3, 4, 6), (5, 3, 6, 7)]"
"(9, 12, 10, 5, 0)","[(5, 1, 4, 6), (5, 1, 6, 7), (5, 0, 4, 6), (5, 0, 4, 7), (5, 0, 6, 6), (5, 1, 6, 6), (1, 0, 4, 6), (1, 0, 6, 6), (5, 1, 6, 7), (5, 0, 6, 7), (5, 1, 6, 6), (5, 1, 6, 7), (1, 0, 6, 6), (5, 0, 6, 6), (5, 1, 6, 6), (1, 0, 4, 6), (1, 0, 6, 6), (5, 1, 4, 6), (5, 1, 6, 6), (5, 0, 6, 7), (1, 0, 6, 7), (5, 0, 6, 7)]"
"(9, 12, 10, 9, 0)","[(1, 1, 1, 7)]"
"(9, 12, 10, 10, 0)","[(5, '?', 4, 7), (5, 2, 6, 7), (1, 5, 6, 6), (1, '?', 4, 7), (1, 5, 6, 7), (1, 7, 6, 7), (5, 5, 4, 6), (1, 5, 1, 6), (1, 0, 4, 7), (5, 5, 4, 6), (1, 5, 6, 7), (1, 0, 4, 6), (5, '?', 4, 7), (1, '?', 6, 6), (1, '?', 4, 6), (5, 5, 4, 6), (5, '?', 6, 6), (5, '?', 6, 7), (1, '?', 4, 6), (5, 0, 4, 7), (5, '?', 4, 7), (5, 0, 4, 7), (1, 2, 6, 7), (5, '?', 6, 7), (1, 2, 1, 7), (1, 0, 6, 7), (1, '?', 4, 6), (5, 5, 6, 6), (1, 5, 6, 7), (5, '?', 6, 6), (1, '?', 6, 6), (5, 5, 6, 6), (1, '?', 4, 7), (5, 4, 4, 7)]"
"(9, 12, 10, 12, 0)","[(5, '?', 6, 6), (1, 2, 6, 6), (5, '?', 4, 6), (1, 5, 4, 7), (5, '?', 6, 6), (1, '?', 6, 6), (1, 0, 4, 6), (1, '?', 6, 6), (1, 0, 6, 7), (1, 2, 6, 6)]"
"(9, 12, 10, 17, 0)","[(5, 4, 6, 7), (5, 4, 6, 6), (1, '?', 4, 7), (1, 5, 1, 7), (5, 0, 4, 7), (1, 2, 6, 6), (5, '?', 4, 7)]"
"(9, 12, 10, 24, 0)","[(1, 1, 7, 6)]"
"(9, 12, 10, 26, 0)","[(1, 7, 4, 7), (5, 7, 4, 7), (1, 7, 4, 7), (1, 2, 6, 7), (1, 7, 6, 7), (1, 2, 1, 7), (5, 2, 4, 7), (1, 2, 1, 6)]"
"(9, 12, 12, 2, 0)","[(3, 7, 4, 7), (3, 5, 4, 6), (3, 0, 4, 7), (3, 0, 6, 6), (3, 0, 6, 7), (3, 5, 4, 7), (3, 0, 4, 7), (3, 7, 6, 7), (3, 7, 6, 7), (3, 7, 6, 7), (3, '?', 6, 6), (3, 0, 6, 7), (3, '?', 6, 6), (3, 6, 6, 7), (3, '?', 6, 6), (3, '?', 6, 6), (3, '?', 6, 7), (3, 7, 6, 7), (3, 0, 4, 7), (3, 5, 4, 6), (3, '?', 6, 6), (3, 6, 4, 7), (3, 5, 4, 7), (3, 0, 4, 7), (3, '?', 6, 6), (3, 0, 6, 7), (3, 0, 6, 7), (3, '?', 6, 7), (3, 0, 6, 7), (3, '?', 6, 7), (3, 7, 6, 7), (3, 2, 4, 7), (3, 6, 4, 7), (3, '?', 6, 6), (3, 7, 4, 7), (3, '?', 6, 6), (3, 2, 6, 7), (3, 0, 6, 7), (3, 0, 6, 7), (3, '?', 6, 7), (3, '?', 6, 7), (3, 6, 4, 7), (3, 2, 6, 6), (3, 2, 6, 6), (3, 7, 4, 7)]"
"(9, 12, 12, 3, 0)","[('?', 3, 6, 7), ('?', 3, 4, 6), ('?', 3, 6, 7), (2, 3, 6, 6), (2, 3, 6, 7), (2, 3, 6, 6), ('?', 3, 4, 6), ('?', 3, 4, 6), ('?', 3, 6, 7), ('?', 3, 4, 7), ('?', 3, 4, 7), (5, 3, 4, 6), (2, 3, 6, 7), ('?', 3, 4, 6), ('?', 3, 4, 7), ('?', 3, 4, 7), (2, 3, 6, 6), ('?', 3, 6, 7), (2, 3, 6, 7), ('?', 3, 6, 7), ('?', 3, 4, 6), ('?', 3, 6, 7), ('?', 3, 4, 7), ('?', 3, 4, 7), ('?', 3, 6, 7)]"
"(9, 12, 12, 4, 0)","[(5, 7, 4, 6), (5, 7, 4, 7)]"
"(9, 12, 12, 5, 0)","[('?', 0, 6, 7), ('?', 1, 4, 6), ('?', 1, 6, 7), ('?', 1, 4, 6), ('?', 1, 4, 6), ('?', 1, 4, 7), (5, 0, 4, 6), (5, 1, 4, 6), ('?', 1, 4, 7), ('?', 0, 4, 6), ('?', 0, 6, 7), ('?', 1, 4, 6), ('?', 1, 6, 7), ('?', 1, 6, 7), ('?', 0, 6, 6), ('?', 1, 6, 7), ('?', 0, 6, 6), ('?', 1, 4, 7), ('?', 0, 4, 7), (5, 1, 6, 6), ('?', 0, 4, 6)]"
"(9, 12, 12, 7, 0)","[(2, 7, 4, 6)]"
"(9, 12, 12, 12, 0)","[('?', 0, 6, 7), (5, '?', 4, 6), ('?', 5, 6, 7), ('?', 0, 6, 7), ('?', '?', 4, 6), ('?', '?', 6, 7), ('?', 5, 6, 6), ('?', '?', 6, 7), (5, '?', 4, 6), ('?', 4, 4, 6), ('?', '?', 6, 7), (5, 5, 6, 6), ('?', '?', 4, 6), ('?', '?', 4, 6), ('?', '?', 6, 7), ('?', '?', 4, 6), ('?', 0, 6, 7), ('?', 0, 4, 7), ('?', 0, 4, 7), ('?', '?', 6, 7), ('?', 7, 6, 6), ('?', 7, 6, 6), ('?', '?', 4, 6), ('?', '?', 4, 6), ('?', 1, 4, 7), ('?', 0, 4, 7), (2, 2, 4, 7), ('?', 5, 6, 6), ('?', 5, 6, 6), (2, 2, 4, 7), ('?', '?', 6, 7), (2, '?', 4, 6), (5, 5, 4, 6), ('?', 7, 6, 6), ('?', '?', 6, 7), ('?', 0, 4, 6), ('?', 4, 6, 7), ('?', 5, 6, 6), ('?', 0, 6, 7), (5, 2, 6, 6), ('?', '?', 6, 7)]"
"(9, 12, 12, 14, 0)","[(3, 1, 6, 6), (3, 1, 6, 6), (3, 1, 6, 6), (3, 0, 6, 6), (3, 1, 6, 6), (3, 1, 6, 6), (3, 1, 6, 6), (3, 1, 6, 6), (3, 0, 6, 6), (3, 1, '?', 6)]"
"(9, 12, 12, 20, 0)","[(2, 2, 6, 7)]"
"(9, 12, 12, 22, 0)","[(3, 3, 4, 7), (3, 3, 4, 7), (3, 3, 4, 6), (3, 3, 4, 6), (3, 3, 4, 7), (3, 3, 4, 6), (3, 3, 4, 6), (3, 3, 4, 7), (3, 3, 4, 7), (3, 3, 4, 7)]"
"(9, 12, 12, 24, 0)","[('?', 0, 6, 6), (5, 0, 4, 6), ('?', 1, 6, 7), ('?', 1, 4, 6), ('?', 1, 6, 7), ('?', 1, 4, 6), (5, 0, 4, 6), (5, 1, 4, 6)]"
"(9, 12, 12, 25, 0)","[(5, '?', 4, 6), ('?', '?', 4, 6), ('?', '?', 4, 6)]"
"(9, 12, 13, 2, 0)","[(3, 2, 7, 7), (3, '?', 2, 7), (3, 4, 2, 6), (3, 7, 7, 7), (3, 7, 2, 7), (3, 2, 2, 6), (3, '?', 2, 6), (3, '?', 7, 7), (3, 6, 7, 7), (3, 2, 7, 7), (3, '?', 7, 6), (3, 4, 2, 6), (3, 4, 7, 7), (3, 4, 2, 6), (3, 7, 7, 7), (3, 0, 2, 7), (3, 6, 7, 7), (3, 2, 7, 7)]"
"(9, 12, 13, 3, 0)","[('?', 3, 7, 7), ('?', 3, 2, 7)]"
"(9, 12, 13, 10, 0)","[(1, 7, 2, 7), (1, 2, 2, 7)]"
"(9, 12, 13, 13, 0)","[(3, 1, 2, 7), (3, 7, 2, 7)]"
"(9, 12, 13, 14, 0)","[(3, 1, 2, 6)]"
"(9, 12, 13, 15, 0)","[(3, 0, 2, 7), (3, 0, 7, 7)]"
"(9, 12, 13, 22, 0)","[(3, 3, 7, 6), (3, 3, 2, 6), (3, 3, 2, 6), (3, 3, 2, 6), (3, 3, 7, 6), (3, 3, 7, 7), (3, 3, 7, 6)]"
"(9, 12, 13, 23, 0)","[(3, 3, 2, 6)]"
"(9, 12, 13, 25, 0)","[('?', 7, 7, 7), (3, 0, 2, 6), ('?', '?', 2, 7), ('?', '?', 7, 7), ('?', 7, 7, 6), (2, 0, 2, 7)]"
"(9, 12, 13, 26, 0)","[('?', 2, 2, 7), ('?', 2, 2, 7), ('?', 2, 7, 7), ('?', 7, 7, 6), (3, 2, 2, 7)]"
"(9, 12, 15, 2, 0)","[(4, 5, 6, 6), (4, 6, 6, 7), (4, 0, 4, 7), (4, 7, 6, 7), (4, 5, 4, 6)]"
"(9, 12, 15, 3, 0)","[(4, 3, 4, 6)]"
"(9, 12, 15, 5, 0)","[(4, 1, 6, 6), (4, 0, 6, 6), (4, 1, 6, 7), (4, 1, 6, 6), (4, 1, 6, 7), (4, 1, 4, 6), (4, 1, 6, 7), (4, 1, 4, 6), (4, 1, 6, 7), (4, 1, 4, 6), (4, 1, 6, 6), (4, 1, 4, 6)]"
"(9, 12, 15, 9, 0)","[(4, 1, 1, 6), (4, 1, 1, 7), (4, 1, 1, 7), (4, 1, 1, 7)]"
"(9, 12, 15, 10, 0)","[(4, 3, 4, 6), (4, 5, 4, 6), (4, '?', 4, 7), (4, '?', 4, 7), (4, '?', 4, 7), (4, 0, 6, 7), (4, 5, 6, 7), (4, 3, 4, 6), (4, 6, 6, 7), (4, 0, 6, 7), (4, 0, 4, 7), (4, '?', 4, 7), (4, '?', 4, 6), (4, 0, 4, 7), (4, '?', 4, 7), (4, 0, 4, 6), (4, 5, 4, 6), (4, 3, 6, 6), (4, 3, 4, 7), (4, '?', 4, 7), (4, 0, 4, 7), (4, '?', 4, 6), (4, 0, 6, 7), (4, '?', 4, 6), (4, 3, 4, 7), (4, 3, 4, 7), (4, 0, 4, 7), (4, 3, 4, 6), (4, 7, 6, 7), (4, 0, 6, 7), (4, 5, 4, 7), (4, 0, 4, 7), (4, '?', 4, 7), (4, 3, 4, 6), (4, '?', 4, 6), (4, 3, 6, 7), (4, '?', 4, 7), (4, '?', 6, 6), (4, 3, 6, 7), (4, 5, 6, 6), (4, '?', 4, 6), (4, 5, 4, 7)]"
"(9, 12, 15, 13, 0)","[(4, 5, 7, 7)]"
"(9, 12, 15, 21, 0)","[(4, 6, 4, 6), (4, 6, 6, 7), (4, 7, 6, 7)]"
"(9, 12, 15, 22, 0)","[(4, 3, 4, 6)]"
"(9, 12, 15, 26, 0)","[(4, 7, 2, 7), (4, 2, 4, 7)]"
"(9, 12, 17, 5, 0)","[(5, 0, 4, 6), (5, 1, 6, 6), (5, 0, 6, 6), (5, 0, 6, 7), (1, 0, 6, 6)]"
"(9, 12, 17, 10, 0)","[(1, 6, 4, 7), (1, 5, 6, 6), (1, 5, 6, 7), (1, 5, 6, 7), (1, 5, 6, 7), (5, 5, 4, 6), (1, 5, 4, 7), (1, 4, 6, 7), (5, 4, 4, 7)]"
"(9, 12, 17, 12, 0)","[(5, '?', 4, 7), (5, 5, 6, 6), (1, 4, 6, 7), (5, 0, 4, 7), (1, 5, 4, 7), (1, 6, 6, 7), (1, 2, 6, 6), (1, 5, 6, 6), (5, '?', 6, 6), (1, 5, 4, 6), (1, '?', 6, 6)]"
"(9, 12, 17, 17, 0)","[(1, 4, 6, 7), (5, 5, 6, 6)]"
"(9, 12, 17, 21, 0)","[(5, 6, 4, 7)]"
"(9, 12, 17, 26, 0)","[(5, 2, 6, 6), (5, 2, 4, 6), (1, 2, 4, 7), (1, 2, 1, 6)]"
"(9, 12, 20, 12, 0)","[(2, 7, 4, 6)]"
"(9, 12, 21, 2, 0)","[(3, 6, 6, 7), (3, 6, 6, 7), (3, 6, 4, 7), (3, 6, 6, 7), (3, 6, 1, 6), (3, 6, 6, 7), (3, 6, 4, 7), (3, 6, 4, 7), (3, 6, 6, 6), (3, 6, 4, 7), (3, 6, 4, 7)]"
"(9, 12, 21, 4, 0)","[('?', 6, 4, 6), ('?', 6, 6, 6), ('?', 6, 4, 6)]"
"(9, 12, 21, 12, 0)","[(5, 6, 4, 7), (5, 6, 4, 7)]"
"(9, 12, 21, 17, 0)","[(1, 6, 6, 7), (1, 6, 6, 7)]"
"(9, 12, 21, 25, 0)","[('?', 6, 1, 6)]"
"(9, 12, 24, 2, 0)","[(3, 6, 4, 6), (3, 6, 6, 7)]"
"(9, 12, 24, 4, 0)","[('?', 6, 4, 6)]"
"(9, 12, 24, 12, 0)","[('?', 6, 6, 6)]"
"(9, 12, 25, 2, 0)","[(3, 4, 6, 7), (3, '?', 7, 7), (3, 4, 6, 6), (3, 5, 6, 7), (3, '?', '?', 7), (3, 5, 6, 7), (3, 5, 4, 7), (3, 0, 2, 7), (3, 5, 6, 7)]"
"(9, 12, 25, 4, 0)","[(5, 4, 4, 6)]"
"(9, 12, 25, 12, 0)","[('?', '?', '?', 6)]"
"(9, 12, 25, 22, 0)","[(3, 3, '?', 6), (3, 3, '?', 6)]"
"(9, 12, 26, 2, 0)","[(3, 2, 6, 6), (3, 7, 4, 6), (3, 2, 4, 7), (3, 2, 4, 7), (3, 2, 6, 6), (3, 2, 4, 7), (3, 2, 4, 7), (3, 7, 4, 6), (3, 2, 4, 7), (3, 2, 4, 6), (3, 2, 4, 6), (3, 2, 4, 7), (3, 2, 4, 6), (3, 2, 6, 6), (3, 2, 4, 7)]"
"(9, 12, 26, 4, 0)","[('?', 7, 6, 6), ('?', 7, 4, 6), ('?', 7, 4, 6), ('?', 2, 6, 6), (3, 7, 4, 6), (3, 7, 4, 7), (3, 2, 4, 6), (3, 2, 4, 6), ('?', 7, 4, 7), (3, 7, 4, 7), (3, 7, 4, 7), (3, 7, 4, 6), (3, 2, 6, '?'), ('?', 7, 4, 6), ('?', 7, 6, 6), ('?', 7, 4, 6), (5, 2, 4, 6), ('?', 7, 4, 7)]"
"(9, 12, 26, 10, 0)","[(5, 2, 4, 6)]"
"(9, 12, 26, 12, 0)","[('?', 2, 6, 6), ('?', 7, 4, 7), ('?', 7, 4, 6), ('?', 2, 4, 6), ('?', 7, 4, 6), (5, 2, 4, 6), (5, 7, 4, 6), ('?', 2, 6, 6), (5, 2, 4, 6), (5, 2, 4, 6), ('?', 7, 6, 6), ('?', 2, 4, 6), ('?', 2, 6, 6), (5, 7, 4, 6), ('?', 7, 4, 6), ('?', 7, 4, 6), ('?', 7, 6, 6), (5, 2, 4, 6), ('?', 2, 4, 6), (5, 2, 4, 6), (5, 7, 4, 6), (1, 7, 4, 6), ('?', 2, 4, 6), ('?', 7, 4, 7), ('?', 2, 4, 6), (5, 7, 4, 6), ('?', 2, 6, 6), (5, 7, 4, 6), (5, 7, 4, 6), (5, 7, 4, 6), ('?', 2, 6, 6), (1, 7, 4, 6), ('?', 7, 6, 6), ('?', 7, 4, 7), ('?', 2, 4, 6), (5, 7, 4, 7)]"
"(9, 12, 26, 17, 0)","[(5, 7, 6, 7)]"
"(9, 12, 26, 25, 0)","[(3, 2, 2, 7)]"
"(9, 12, 27, 11, 0)","[(0, 7, 2, 7)]"
"(9, 12, 27, 14, 0)","[(0, 1, 2, 6), (0, 0, 2, 6)]"
"(9, 12, 27, 23, 0)","[(0, '?', 2, 7), (0, 3, 2, 6)]"
"(9, 12, 27, 27, 0)","[(0, 4, 7, 7), (0, 7, 7, 7), (0, 7, 7, 6)]"
"(9, 13, 2, 6, 0)","[(4, 2, 2, 7), (4, 2, 7, 7), (4, 7, 7, 7), (4, 2, 7, 7), (4, 2, 2, 6), (4, 2, 7, 6)]"
"(9, 13, 2, 9, 0)","[(4, 5, 7, 7), (4, 0, 7, 6), (4, 0, 7, 6), (4, 5, 7, 7), (4, 3, 7, 6), (4, '?', 7, 7)]"
"(9, 13, 2, 13, 0)","[(4, 5, 2, 6), (4, 5, 7, 6), (4, 0, 2, 7), (4, 5, 7, 6), (4, 1, 2, 7), (4, 0, 7, 6), (4, 1, 7, 7), (4, 4, 2, 6), (4, '?', 2, 7)]"
"(9, 13, 2, 14, 0)","[(4, 1, 7, 6), (4, 0, 2, 6), (4, 1, 7, 6), (4, 1, 7, 6), (4, 1, 7, 6)]"
"(9, 13, 2, 15, 0)","[(4, 5, 7, 7), (4, 5, 7, 6), (4, 5, 2, 6)]"
"(9, 13, 2, 16, 0)","[(4, 5, 7, 7), (4, 4, 7, 6), (4, 5, 2, 6), (4, 4, 7, 6)]"
"(9, 13, 2, 21, 0)","[(4, 6, 7, 7)]"
"(9, 13, 2, 23, 0)","[(4, 3, 7, 6), (4, 3, 2, 7), (4, 3, 7, 6)]"
"(9, 13, 2, 25, 0)","[(4, '?', 7, 7), (4, 0, 2, 7), (4, '?', 2, 6), (4, 0, 2, 6)]"
"(9, 13, 2, 26, 0)","[(4, 2, 7, 7), (4, 7, 7, 7), (4, 7, 2, 7), (4, 2, 2, 7), (4, 2, 7, 7), (4, 2, 2, 7), (4, 2, 7, 6)]"
"(9, 13, 3, 2, 0)","[(3, 5, 2, 6), (3, 5, 2, 7), (3, 5, 7, 6), (3, 5, 2, 6), (3, 5, 2, 7), (3, 5, 7, 6), (3, 5, 7, 6), (3, 5, 7, 6), (3, 5, 2, 6), (3, 5, 2, 7)]"
"(9, 13, 3, 10, 0)","[(5, 5, 2, 7), (5, 5, 2, 7), (5, 5, 2, 7), (5, 5, 2, 7)]"
"(9, 13, 3, 13, 0)","[('?', 5, 7, 6), ('?', 5, 7, 6), ('?', 5, 2, 6), ('?', 5, 2, 7)]"
"(9, 13, 3, 17, 0)","[(5, 5, 7, 6), (5, 5, 7, 7), (1, 5, 2, 6), (1, 5, 2, 7), (5, 5, 2, 7), (1, 5, 2, 6), (5, 5, 7, 6), (5, 5, 7, 6), (5, 5, 2, 7), (5, 5, 7, 6), (5, 5, 7, 6), (5, 5, 2, 6)]"
"(9, 13, 3, 20, 0)","[(2, 5, 2, 6)]"
"(9, 13, 3, 23, 0)","[(3, 5, 2, 6), (3, 5, 2, 7)]"
"(9, 13, 3, 25, 0)","[('?', 5, 2, 7), ('?', 5, 7, 6), ('?', 5, 7, 6), (3, 5, 7, 6), ('?', 5, 2, 7), ('?', 5, 2, 6), ('?', 5, 7, 6), ('?', 5, 7, 6)]"
"(9, 13, 3, 27, 0)","[(0, 5, 2, 6), (0, 5, 7, 7)]"
"(9, 13, 4, 9, 0)","[('?', 4, 7, 7)]"
"(9, 13, 5, 13, 0)","[('?', 1, 2, 6)]"
"(9, 13, 5, 27, 0)","[(0, 1, 2, 6)]"
"(9, 13, 6, 13, 0)","[('?', 2, 2, 6)]"
"(9, 13, 7, 1, 0)","[(0, 1, 2, 6), (0, 1, 7, 6)]"
"(9, 13, 7, 9, 0)","[(0, 7, 2, 7)]"
"(9, 13, 7, 11, 0)","[(0, '?', 7, 7), (0, '?', 7, 7), (0, '?', 7, 6), (0, '?', 2, 6), (0, 4, 2, 6)]"
"(9, 13, 7, 14, 0)","[(0, 1, 2, 6)]"
"(9, 13, 7, 15, 0)","[(0, 0, 7, 7), (0, '?', 7, 7), (0, '?', 2, 7)]"
"(9, 13, 7, 16, 0)","[(0, 4, 2, 7)]"
"(9, 13, 7, 22, 0)","[(0, 3, 2, 7), (0, 3, 2, 7)]"
"(9, 13, 7, 23, 0)","[(0, 3, 2, 7), (0, 3, 2, 7), (0, 3, 2, 6)]"
"(9, 13, 7, 24, 0)","[(0, 1, 2, 6)]"
"(9, 13, 7, 25, 0)","[(0, 2, 7, 7), (0, '?', 2, 7), (0, 7, 2, 7), (0, 7, 2, 7)]"
"(9, 13, 7, 27, 0)","[(0, '?', 7, 7), (0, '?', 2, 7), (0, '?', 2, 7), (0, 4, 7, 7)]"
"(9, 13, 9, 16, 0)","[(3, 4, 2, 6)]"
"(9, 13, 10, 3, 0)","[(1, 3, 2, 7), (5, 3, 7, 7), (5, 3, 2, 6), (5, 3, 2, 7), (1, 3, 7, 7), (5, 3, 2, 7), (5, 3, 7, 6), (1, 3, 7, 7), (5, 3, 7, 7), (1, 3, 7, 7), (5, 3, 2, 6), (1, 3, 2, 6)]"
"(9, 13, 10, 5, 0)","[(5, 1, 2, 6), (1, 0, 2, 6)]"
"(9, 13, 10, 9, 0)","[(5, '?', 2, 6), (5, 4, 7, 7), (5, 5, 7, 7), (1, '?', 7, 7), (1, 5, 2, 7), (5, '?', 7, 7), (1, 5, 7, 6), (1, 5, 2, 7), (1, '?', 7, 6), (5, 1, 2, 6), (1, '?', 2, 6), (1, 5, 2, 6), (5, '?', 2, 7), (1, 5, 2, 7), (1, '?', 7, 7), (5, '?', 2, 6), (5, 0, 2, 7), (5, 7, 2, 7), (1, '?', 7, 6), (5, 0, 2, 6), (5, '?', 7, 7), (1, 6, 2, 7), (5, 2, 2, 7), (5, 0, 2, 7), (5, 2, 7, 7), (1, 7, 7, 7), (1, 5, 2, 7), (1, 0, 7, 7), (1, 1, 7, 6), (1, 5, 7, 7), (1, 6, 7, 7), (1, 0, 2, 6), (5, 6, 2, 7), (5, 0, 2, 6), (5, 0, 2, 7), (5, 6, 2, 7), (1, 1, 7, 6), (5, 1, 2, 6), (1, '?', 7, 7), (5, 4, 2, 6), (1, 6, 2, 7), (1, '?', 2, 6), (5, '?', 2, 6), (1, 5, 7, 7), (1, 4, 7, 7), (1, '?', 2, 7), (1, 0, 7, 6), (1, 6, 2, 7), (5, 0, 7, 7), (5, 5, 7, 6), (5, 0, 2, 6), (1, '?', 7, 6), (1, 0, 7, 7), (5, 6, 2, 7)]"
"(9, 13, 10, 10, 0)","[(1, 7, 7, 6), (1, '?', 7, 7), (1, 7, 7, 7), (5, 2, 7, 7)]"
"(9, 13, 10, 13, 0)","[(5, 7, 7, 7), (1, 6, 2, 7), (5, '?', 7, 7), (1, 6, 7, 7), (5, 2, 2, 7), (1, 1, 7, 7), (1, 7, 2, 7), (1, 0, 7, 6), (5, 6, 2, 7), (1, 6, 7, 7)]"
"(9, 13, 10, 14, 0)","[(1, 0, 2, 6), (1, 1, 7, 6), (1, 1, 7, 6)]"
"(9, 13, 10, 21, 0)","[(1, 6, 7, 6)]"
"(9, 13, 10, 22, 0)","[(1, 3, 2, 7), (1, 3, 2, 6), (5, 3, 2, 7), (5, 3, 7, 7), (5, 3, 2, 7), (5, 3, 2, 6), (1, 3, 2, 7), (1, 3, 2, 7)]"
"(9, 13, 10, 23, 0)","[(5, 3, 2, 7), (1, 3, 2, 7), (5, 3, 2, 7), (1, 3, 2, 6), (5, 3, 7, 6)]"
"(9, 13, 10, 24, 0)","[(1, 6, 7, 6), (1, 1, 7, 6), (5, 1, 2, 6), (1, 1, 7, 6), (5, 1, 2, 6)]"
"(9, 13, 10, 25, 0)","[(5, 3, 7, 6), (1, 5, 7, 7), (1, '?', 7, 7), (1, '?', 2, 7), (5, '?', 7, 7), (1, 1, 7, 7), (1, '?', 7, 7), (1, '?', 7, 7), (1, 0, 7, 7), (1, 2, 2, 7), (5, '?', 7, 7), (1, 6, 2, 7), (1, '?', 7, 6), (1, '?', 2, 6), (5, 7, 2, 7), (1, 0, 7, 6), (5, '?', 7, 7), (1, 6, 7, 7), (5, 7, 7, 7), (1, '?', 2, 7), (1, '?', 2, 7), (1, 7, 7, 7), (5, '?', 2, 6), (5, '?', 2, 6), (5, 0, 7, 6), (1, '?', 2, 6), (1, '?', 7, 6), (1, 6, 2, 7), (1, 5, 7, 7), (1, 6, 7, 7), (5, 0, 2, 6), (1, '?', 2, 7), (1, '?', 2, 6), (5, 0, 2, 6), (1, 6, 2, 7), (1, '?', 2, 7), (5, 0, 2, 7), (5, '?', 2, 7), (5, 6, 2, 7), (1, '?', 7, 6), (1, 7, 7, 7), (1, 0, 7, 7), (1, 6, 2, 7), (1, 6, 7, 7), (1, 0, 7, 6), (1, 6, 2, 6), (5, 2, 7, 7), (1, 6, 7, 7), (5, 2, 2, 7), (5, 2, 2, 7), (1, '?', 2, 7), (1, 6, 7, 7), (1, 7, 2, 7), (5, 0, 2, 6), (1, '?', 2, 7), (5, '?', 7, 7), (1, 0, 2, 6), (1, 1, 7, 7), (5, 7, 2, 7), (1, 7, 7, 7), (1, '?', 2, 6), (1, 7, 2, 6), (1, 7, 2, 7), (5, '?', 2, 6), (1, 0, 2, 6), (1, 5, 7, 6), (1, 2, 2, 7), (5, '?', 2, 7), (5, 2, 7, 7)]"
"(9, 13, 10, 26, 0)","[(5, 7, 2, 6), (5, 7, 2, 6), (5, 2, 2, 6), (1, 7, 7, 6), (1, 7, 2, 7), (1, 7, 7, 6), (5, 7, 7, 7), (5, 2, 7, 7), (5, 7, 2, 6), (5, 7, 7, 7), (5, 7, 2, 7), (1, 2, 7, 6), (1, 7, 2, 7), (1, 2, 7, 6), (5, 7, 2, 6), (1, 2, 7, 6), (5, 2, 2, 6), (5, 2, 2, 6), (5, 2, 2, 7), (1, 2, 7, 6), (5, 2, 2, 6), (5, 7, 2, 7), (1, 7, 2, 6), (1, 7, 2, 7), (1, 2, 2, 6), (1, 7, 7, 7), (5, 7, 7, 7), (1, 7, 7, 6)]"
"(9, 13, 12, 9, 0)","[('?', 0, 7, 7)]"
"(9, 13, 13, 2, 0)","[(3, 4, 7, 7), (3, 4, 7, 6), (3, 7, 2, 7), (3, 0, 2, 7), (3, 1, 2, 7), (3, 4, 2, 7), (3, 1, 2, 7), (3, 1, 2, 7), (3, '?', 7, 7), (3, 0, 7, 7)]"
"(9, 13, 13, 3, 0)","[('?', 3, 7, 7), ('?', 3, 2, 6), ('?', 3, 7, 7), ('?', 3, 2, 7), ('?', 3, 2, 6)]"
"(9, 13, 13, 5, 0)","[('?', 1, 7, 7), ('?', 1, 2, 7), ('?', 1, 7, 6), (2, 1, 7, 6), ('?', 1, 7, 6)]"
"(9, 13, 13, 9, 0)","[('?', 4, 2, 7), ('?', 1, 2, 7), ('?', 0, 2, 7), ('?', 4, 2, 6), ('?', 4, 7, 7), ('?', 4, 2, 6), ('?', 4, 2, 6), ('?', 4, 2, 7), (5, 4, 7, 7), ('?', '?', 2, 7), ('?', '?', 2, 7), (3, 7, 7, 7), (3, 4, 2, 7), ('?', 4, 2, 6), (3, 6, 2, 7)]"
"(9, 13, 13, 11, 0)","[('?', 4, 7, 7), ('?', 4, 2, 7)]"
"(9, 13, 13, 12, 0)","[('?', 0, 7, 7)]"
"(9, 13, 13, 13, 0)","[('?', 1, 7, 7), (3, 7, 7, 7)]"
"(9, 13, 13, 14, 0)","[(3, 0, 2, 6), (3, 0, 2, 6), (3, 1, 2, 6), (3, 1, 2, 6)]"
"(9, 13, 13, 16, 0)","[(3, 4, 7, 6), ('?', 4, 2, 7), (3, 4, 2, 7), (3, 4, 7, 7), (3, 4, 2, 7), (3, 4, 2, 6)]"
"(9, 13, 13, 23, 0)","[(3, 3, 7, 7)]"
"(9, 13, 13, 24, 0)","[(2, 1, 2, 6), ('?', 1, 2, 6), ('?', 1, 2, 7), ('?', 1, 7, 6)]"
"(9, 13, 13, 25, 0)","[(4, 0, 2, 7), ('?', 0, 2, 7), ('?', '?', 7, 6), ('?', '?', 7, 6), ('?', '?', 7, 7), ('?', 6, 7, 7), (2, 7, 7, 7), ('?', '?', 7, 6)]"
"(9, 13, 13, 26, 0)","[('?', 2, 7, 6), ('?', 7, 7, 7), ('?', 2, 7, 7), (0, 2, 7, 7)]"
"(9, 13, 15, 2, 0)","[(4, 5, 7, 6), (4, 1, 7, 7), (4, 1, 7, 7), (4, 1, 2, 7), (4, 7, 7, 7), (4, 3, 2, 6), (4, '?', 7, 6), (4, 5, 2, 6), (4, 5, 7, 7), (4, '?', 7, 7)]"
"(9, 13, 15, 9, 0)","[(4, '?', 2, 6)]"
"(9, 13, 15, 13, 0)","[(4, 0, 7, 6), (4, '?', 2, 6), (4, '?', 2, 7), (4, '?', 2, 7), (4, 1, 2, 7), (4, 0, 2, 6), (4, 5, 2, 6), (4, 0, 2, 6)]"
"(9, 13, 15, 14, 0)","[(4, 0, '?', 6)]"
"(9, 13, 15, 15, 0)","[(4, '?', 7, 7), (4, 7, 7, 7), (4, 0, 2, 7), (4, '?', 2, 7), (4, 1, 2, 7), (4, '?', 2, 7), (4, 1, 2, 7), (4, '?', 7, 6), (4, 0, 7, 6), (4, 1, 2, 7), (4, 5, 7, 7), (4, '?', 7, 7), (4, '?', 2, 6), (4, '?', 2, 7), (4, 1, 2, 7), (4, '?', 2, 6), (4, 3, 2, 6), (4, '?', 7, 7), (4, '?', 7, 7), (4, 1, 2, 7), (4, 1, 7, 7), (4, '?', 2, 7), (4, '?', 7, 6), (4, '?', 2, 6), (4, '?', 2, 6), (4, '?', 2, 7), (4, 3, 2, 7), (4, 0, 2, 6), (4, '?', 2, 6), (4, 3, 7, 6), (4, 7, 2, 7), (4, 7, 7, 7)]"
"(9, 13, 15, 22, 0)","[(4, 3, 2, 7)]"
"(9, 13, 15, 24, 0)","[(4, 1, 7, 7), (4, 1, 7, 6)]"
"(9, 13, 15, 25, 0)","[(4, 0, 2, 7), (4, 0, 2, 7), (4, 7, 2, 7), (4, '?', 2, 7)]"
"(9, 13, 15, 26, 0)","[(4, 2, 2, 6), (4, 2, 7, 6), (4, 2, 7, 7), (4, 2, 2, 6), (4, 7, 2, 7), (4, 2, 2, 7), (4, 7, 2, 7), (4, 7, 2, 7), (4, 7, 7, 7), (4, 7, 2, 7), (4, 2, 2, 6), (4, 2, 7, 7), (4, 2, 2, 7), (4, 2, 7, 6), (4, 2, 2, 7), (4, 2, 2, 6), (4, 7, 7, 6), (4, 2, 7, 6), (4, 2, 7, 7), (4, 2, 2, 7), (4, 7, 7, 7), (4, 2, 2, 7), (4, 2, 2, 7), (4, 7, 7, 6), (4, 2, 2, 6)]"
"(9, 13, 17, 3, 0)","[(5, 3, 7, 7), (1, 3, 2, 7), (5, 3, 7, 6), (5, 3, 7, 7), (1, 3, 2, 6), (1, 3, 7, 7), (5, 3, 2, 6)]"
"(9, 13, 17, 5, 0)","[(5, 1, 2, 6), (5, 1, 2, 6), (1, 1, 7, 6), (1, 0, 7, 6), (5, 1, 2, 6)]"
"(9, 13, 17, 9, 0)","[(5, 4, 2, 7), (5, 4, 2, 6), (1, 5, 2, 7), (1, 4, 2, 7), (1, 4, 2, 7), (1, 4, 7, 7), (1, 5, 7, 7), (1, 4, 7, 6), (1, 4, 2, 6), (1, 4, 7, 6), (1, '?', 2, 6), (5, '?', 2, 7), (1, 1, 7, 7), (1, 4, 7, 7), (5, 4, 2, 6), (1, 4, 2, 7), (1, 0, 7, 7), (1, 2, 2, 7), (1, '?', 7, 6), (1, 2, 2, 7), (1, 0, 7, 6), (5, 4, 2, 6), (1, '?', 7, 6), (5, 0, 2, 7), (1, 5, 2, 7), (1, 4, 7, 6), (1, 0, 7, 7), (1, 5, 7, 6), ('?', 4, 2, 6), (1, 5, 7, 7), (1, 7, 2, 7), (1, 4, 2, 7), (1, 4, 7, 7), (1, 0, 7, 7), (5, 4, 2, 7), (5, 5, 7, 7), (1, 5, 2, 7), (1, 5, 7, 7), (1, 5, 7, 6), (5, 0, 2, 7), (5, 4, 2, 6), (1, 4, 2, 7), (1, 5, 7, 6), (1, 4, 2, 7), (5, 0, 2, 7)]"
"(9, 13, 17, 10, 0)","[(5, '?', 7, 7), (5, 0, 7, 7)]"
"(9, 13, 17, 12, 0)","[(1, '?', 7, 7)]"
"(9, 13, 17, 13, 0)","[(1, 1, 7, 7), (5, 5, 2, 6), (5, 6, 2, 7)]"
"(9, 13, 17, 14, 0)","[(1, 0, 2, 6)]"
"(9, 13, 17, 16, 0)","[(1, 4, 7, 6), (1, 4, 7, 6), (1, 4, 7, 6)]"
"(9, 13, 17, 17, 0)","[(1, 2, 7, 6), (5, 4, 2, 7), (5, 5, 2, 6), (5, 4, 2, 7), (5, 5, 7, 7), (5, 4, 7, 7), (1, 4, 2, 7), (5, 4, 7, 7), (1, 4, 2, 7), (1, 1, 7, 7), (1, 4, 7, 7), (1, 4, 7, 7), (1, 4, 7, 7), (5, 5, 7, 7), (1, 4, 2, 6), (5, 5, 2, 7), (1, 4, 7, 7), (5, 4, 2, 6), (5, 4, 7, 7), (5, 4, 2, 7), (1, 2, 2, 6), (5, 4, 2, 6), (5, 5, 2, 7), (1, 4, 2, 6), (1, 4, 7, 7), (5, 5, 7, 6), (1, 4, 7, 7), (1, 4, 2, 6), (5, 4, 2, 6), (1, 4, 2, 6), (1, 5, 2, 7), (5, 5, 7, 7)]"
"(9, 13, 17, 21, 0)","[(1, 6, 7, 6)]"
"(9, 13, 17, 23, 0)","[(1, 3, 2, 6), (5, 3, 7, 6), (5, 3, 7, 7), (5, 3, 7, 6)]"
"(9, 13, 17, 25, 0)","[(5, '?', 2, 6)]"
"(9, 13, 17, 26, 0)","[(1, 2, 7, 6), (1, 2, 2, 7), (1, 7, 2, 6), (1, 7, 7, 7), (5, 7, 2, 7), (5, 7, 7, 7), (1, 7, 7, 6), (5, 2, 2, 6), (5, 2, 2, 7), (1, 7, 2, 6), (5, 2, 7, 7), (5, 2, 7, 6), (5, 2, 2, 7), (5, 2, 7, 6), (1, 7, 7, 7), (1, 2, 2, 6), (5, 7, 2, 7), (5, 2, 7, 6), (1, 7, 2, 6), (5, 7, 7, 7), (5, 2, 7, 6), (5, 7, 2, 7), (5, 7, 2, 7)]"
"(9, 13, 20, 5, 0)","[(2, 0, 2, 6), (2, 0, 2, 6), (2, 0, 2, 6), (2, 1, 7, 7), (2, 1, 2, 7)]"
"(9, 13, 20, 9, 0)","[(2, 4, 2, 7)]"
"(9, 13, 20, 13, 0)","[(2, 6, 2, 6)]"
"(9, 13, 20, 14, 0)","[(2, 0, 2, 6)]"
"(9, 13, 20, 16, 0)","[(2, 4, 7, 6)]"
"(9, 13, 20, 23, 0)","[(2, 3, 2, 6)]"
"(9, 13, 20, 24, 0)","[(2, 1, 2, 6), (2, 1, 2, 6), (2, 0, 2, 6)]"
"(9, 13, 20, 25, 0)","[(2, 1, 2, 7), (2, 0, 2, 6), (2, 1, 2, 7), (2, '?', 2, 7), (2, 0, 7, 6), (2, 7, 2, 6)]"
"(9, 13, 20, 26, 0)","[(2, 2, 2, 6)]"
"(9, 13, 21, 17, 0)","[(1, 6, 2, 6)]"
"(9, 13, 24, 10, 0)","[(1, 6, 2, 6), (1, 6, 2, 6)]"
"(9, 13, 24, 13, 0)","[('?', 6, 2, 6), ('?', 6, 7, 7)]"
"(9, 13, 24, 25, 0)","[('?', 6, 2, 6)]"
"(9, 13, 25, 2, 0)","[(3, 7, 7, 7), (3, 7, 7, 7), (3, 2, 7, 7), (3, '?', 7, 7), (3, 0, 2, 6), (3, 6, 2, 7), (3, 0, 2, 7), (3, 4, 2, 7), (3, 1, 2, 7), (3, '?', 7, 7), (3, 4, 7, 7), (3, 7, 7, 7), (3, 0, 2, 6), (3, '?', 2, 7), (3, 0, 7, 7), (3, 6, 2, 7), (3, 1, 2, 7), (3, 0, 2, 6), (3, '?', 7, 7), (3, 6, 7, 7), (3, '?', 2, 7), (3, '?', 2, 7), (3, 0, 7, 7), (3, '?', 2, 6), (3, 0, 7, 7), (3, 7, 2, 7), (3, 6, 7, 7), (3, '?', 2, 6), (3, 0, 7, 7), (3, '?', 2, 7), (3, 4, 7, 7), (3, '?', 2, 6), (3, '?', 7, 6), (3, '?', 7, 6), (3, 0, 7, 7), (3, 6, 2, 7), (3, 6, 2, 7), (3, 6, 7, 7), (3, '?', 7, 6), ('?', '?', 2, 6), (3, '?', 7, 6), (3, '?', 2, 6), (3, 0, 7, 7), (3, 1, 2, 7), (3, 0, 7, 7), (3, 0, 2, 6), (3, 0, 2, 7), (3, 6, 2, 7), (3, 6, 2, 7), (3, '?', 7, 6)]"
"(9, 13, 25, 3, 0)","[('?', '?', 2, 6), ('?', 3, 2, 7), ('?', 3, 2, 7), ('?', '?', 2, 6), ('?', 3, 2, 7), ('?', 3, 7, 7), ('?', 3, 2, 6), ('?', 3, 7, 7), (5, 3, 7, 6), ('?', 3, 2, 7), ('?', 3, 2, 7), ('?', 3, 2, 6), (2, 3, 2, 7), (2, 3, 2, 7), ('?', 3, 2, 7), (2, 3, 2, 7), (2, 3, 2, 6), ('?', 3, 7, 7), (5, 3, 7, 7), ('?', 3, 2, 6), ('?', 3, 7, 7)]"
"(9, 13, 25, 5, 0)","[('?', 1, 2, 6)]"
"(9, 13, 25, 9, 0)","[('?', 4, 2, 6), ('?', 4, 2, 7), (5, 4, 2, 6), ('?', 0, 2, 7), (3, 0, 2, 7)]"
"(9, 13, 25, 12, 0)","[('?', 0, 7, 7)]"
"(9, 13, 25, 13, 0)","[('?', 4, 2, 6), ('?', '?', 7, 7), ('?', '?', 2, 7), ('?', 1, 7, 7), ('?', 7, 7, 7), ('?', 6, 7, 7), ('?', '?', 2, 6), ('?', '?', 2, 6), ('?', 6, 2, 7), ('?', 7, 7, 7), ('?', '?', 7, 7)]"
"(9, 13, 25, 14, 0)","[(3, 1, 2, 6)]"
"(9, 13, 25, 16, 0)","[(3, 4, 7, 7)]"
"(9, 13, 25, 20, 0)","[(2, '?', 2, 7), (2, 7, 7, 6), (2, '?', 7, 7), (2, 7, 7, 6), (2, 1, 2, 7), (2, 7, 7, 6), (2, '?', 7, 6), (2, '?', 7, 7), (2, '?', 2, 6), (2, 7, 2, 7), (2, 6, 7, 7), (2, '?', 2, 6), (2, '?', 2, 7)]"
"(9, 13, 25, 22, 0)","[(3, 3, 7, 6), (3, 3, 7, 6), (3, 3, 7, 7), (3, 3, 2, 6), (3, 3, 2, 6), (3, 3, 2, 6)]"
"(9, 13, 25, 23, 0)","[(3, 1, 2, 7), (3, 3, 7, 6), (3, 3, 2, 6), (3, 3, 7, 6), (3, 3, 7, 7), (3, 3, 2, 6), (3, 3, 2, 6), (3, 3, 7, 6), (3, 3, 7, 7)]"
"(9, 13, 25, 24, 0)","[('?', 1, 2, 6), ('?', 1, 2, 7), ('?', 1, 2, 7), ('?', 1, 2, 6), ('?', 1, 2, 6), ('?', 1, 7, 6), (2, 1, 2, 6), ('?', 1, 7, 6), ('?', 1, 2, 6), ('?', 1, 7, 7), ('?', 1, 2, 7), (1, 1, 7, 7), (1, 1, 7, 6)]"
"(9, 13, 25, 25, 0)","[('?', '?', 7, 7), ('?', 6, 7, 7), ('?', 0, 2, 7), ('?', 0, 2, 7), (5, 7, 2, 6), ('?', 6, 2, 7), ('?', 6, 7, 7), ('?', 6, 2, 7), (2, 1, 7, 7), (5, 7, 2, 6), ('?', 0, 2, 7), ('?', '?', 7, 7), ('?', 0, 2, 7), ('?', '?', 2, 7), (5, 7, 2, 6), ('?', '?', 7, 7), ('?', 6, 7, 7), ('?', '?', 2, 6), ('?', 1, 7, 7), ('?', '?', 2, 7), ('?', 6, 2, 7), ('?', 7, 7, 7), ('?', '?', 2, 7), ('?', 6, 2, 7), ('?', 6, 7, 7), ('?', 0, 2, 7), ('?', '?', 2, 6), ('?', '?', 7, 6), (5, 0, 7, 6), ('?', 7, 7, 7), (2, 7, 2, 7), (1, 7, 7, 6), (2, '?', 2, 6), ('?', 0, 2, 7)]"
"(9, 13, 25, 26, 0)","[('?', 7, 2, 6), ('?', 2, 2, 6), ('?', 2, 7, 6), ('?', 7, 2, 6), ('?', 2, 2, 6), ('?', 7, 2, 6), ('?', 7, 7, 6), ('?', 2, 2, 7), (5, 2, 7, 6), ('?', 7, 2, 6), ('?', 2, 7, 7), ('?', 7, 2, 6), ('?', 2, 7, 6), (5, 7, 2, 6), ('?', 2, 7, 7), ('?', 7, 2, 6), ('?', 2, 7, 6), ('?', 2, 7, 6), ('?', 2, 7, 7), ('?', 2, 2, 7), ('?', 2, 7, 6), ('?', 2, 2, 6), ('?', 7, 7, 6), ('?', 7, 2, 6), (3, 2, 2, 7), ('?', 2, 2, 7)]"
"(9, 13, 26, 2, 0)","[(3, 2, 2, 7), (3, 2, 7, 7), (3, 2, 2, 7), (3, 2, 2, 6), (3, 2, 2, 7), (3, 2, 2, 7), (3, 2, 7, 7)]"
"(9, 13, 26, 13, 0)","[('?', 2, 2, 7), ('?', 7, 7, 6), ('?', 2, 2, 7), ('?', 7, 7, 6), ('?', 2, 7, 6), ('?', 7, 2, 6), ('?', 2, 2, 7), (5, 7, 2, 6)]"
"(9, 13, 26, 17, 0)","[(1, 2, 7, 6), (1, 2, 7, 6), (1, 2, 5, 6)]"
"(9, 13, 26, 23, 0)","[(3, 2, 2, 7), (3, 7, 2, 7), ('?', 2, 2, 6), ('?', 2, 2, 6), (3, 2, 2, 6)]"
"(9, 13, 26, 25, 0)","[('?', 7, 7, 6), ('?', 2, 7, 7)]"
"(9, 13, 27, 1, 0)","[(0, 1, 2, 7), (0, 0, 2, 6)]"
"(9, 13, 27, 5, 0)","[(0, 1, 7, 6)]"
"(9, 13, 27, 6, 0)","[(0, 2, 2, 6)]"
"(9, 13, 27, 9, 0)","[(0, 3, 2, 7)]"
"(9, 13, 27, 11, 0)","[(0, 4, 7, 7), (0, 7, 2, 7), (0, 7, 7, 7), (0, 7, 2, 7), (0, 4, 2, 7), (0, '?', 2, 7)]"
"(9, 13, 27, 14, 0)","[(0, 1, 2, 7), (0, 0, 2, 6), (0, 0, 2, 6), (0, 1, 2, 6)]"
"(9, 13, 27, 16, 0)","[(0, 4, 7, 6), (0, 4, 2, 7), (0, 4, 7, 7), (0, 4, 2, 6), (0, 4, 2, 7), (0, 4, 2, 7), (0, 4, 7, 7), (0, 4, 2, 6), (0, 4, 2, 7), (0, 4, 7, 6), (0, 4, 2, 6)]"
"(9, 13, 27, 18, 0)","[(0, '?', 7, 7)]"
"(9, 13, 27, 19, 0)","[(0, 3, 7, 7)]"
"(9, 13, 27, 24, 0)","[(0, 1, 2, 7)]"
"(9, 13, 27, 25, 0)","[(0, 2, 7, 7), (0, 0, 2, 7), (0, 2, 7, 7), (0, '?', 2, 7), (0, '?', 2, 6), (0, '?', 2, 6)]"
"(9, 13, 27, 26, 0)","[(0, 2, 2, 6)]"
"(9, 13, 27, 27, 0)","[(0, 6, 2, 7)]"
"(9, 15, 6, 6, 0)","[(4, 7, 3, 7), (4, 2, 3, 6), (4, 2, 0, 6), (4, 2, 0, 6), (4, 7, 3, 6), (4, 2, 3, 6), (4, 7, 3, 7), (4, 2, 3, 7), (4, 2, 3, 6), (4, 7, 3, 6), (4, 7, 3, 6), (4, 7, 3, 7), (4, 7, 0, 7), (4, 7, 3, 6), (4, 2, 3, 6), (4, 2, 0, 6), (4, 2, 0, 7)]"
"(9, 15, 6, 15, 0)","[(4, 2, 3, 6), (4, 7, 0, 7), (4, 2, 0, 7), (4, 2, 0, 6), (4, 2, 0, 7)]"
"(9, 15, 6, 16, 0)","[(4, 2, 0, 6), (4, 2, 3, 7)]"
"(9, 15, 9, 5, 0)","[(4, 1, 1, 6), (4, 1, 1, 6)]"
"(9, 15, 9, 12, 0)","[(4, 0, 1, 6), (4, 0, 1, 6)]"
"(9, 15, 9, 13, 0)","[(4, '?', 5, 6)]"
"(9, 15, 9, 15, 0)","[(4, 3, 1, 6), (4, 3, 1, 7)]"
"(9, 15, 9, 21, 0)","[(4, 6, 1, 7)]"
"(9, 15, 9, 24, 0)","[(4, 6, 1, 7), (4, 6, 1, 7), (4, 6, 1, 6)]"
"(9, 15, 9, 26, 0)","[(4, 7, 1, 6), (4, 7, 1, 7), (4, 2, 1, 7), (4, 7, 1, 7), (4, 7, 1, 7)]"
"(9, 15, 11, 1, 0)","[(4, 1, 3, 7), (4, 1, 3, 7), (4, 0, 0, 6), (4, 1, 3, 6), (4, 0, 3, 6), (4, 0, 0, 6), (4, 0, 0, 6), (4, 1, 3, 7), (4, 1, 3, 6), (4, 0, 0, 6)]"
"(9, 15, 11, 3, 0)","[(6, 3, 3, 6)]"
"(9, 15, 11, 6, 0)","[(4, 7, 3, 6), (4, 2, 3, 7), (4, 7, 0, 7), (4, 7, 3, 6)]"
"(9, 15, 11, 11, 0)","[(4, '?', 0, 7), (4, 7, 3, 7), (4, 3, 3, 6), (4, 5, 3, 7), (4, 5, 3, 7), (4, 0, 3, 7), (4, '?', 0, 7), (4, 7, 0, 7), (4, 5, 0, 6), (4, 5, 3, 7), (4, '?', 0, 6), (4, '?', 0, 7), (4, 7, 0, 7), (4, '?', 0, 6), (4, '?', 3, 7), (4, '?', 3, 6), (4, 5, 0, 6), (4, '?', 3, 7), (4, 5, 3, 6), (4, '?', 0, 6), (4, 2, 0, 7), (4, 5, 0, 6), (4, 5, 0, 7), ('?', '?', 3, 6), (4, '?', 0, 6), (4, 5, 0, 7), (4, '?', 0, 6), (4, 5, 0, 7), (4, '?', 3, 7), (4, 5, 3, 7), (4, 3, 0, 6), (4, '?', 3, 7), (4, '?', 0, 6), (4, 5, 3, 7), (4, '?', 3, 7), (4, '?', 3, 6), (4, '?', 3, 7), (4, 7, 0, 7), (4, 5, 0, 6), (4, 5, 0, 7), (4, 5, 0, 7), (4, '?', 0, 6)]"
"(9, 15, 11, 15, 0)","[(4, 7, 3, 7), (4, 0, 0, 7), (4, 0, 3, 7), (4, '?', 3, 6)]"
"(9, 15, 11, 19, 0)","[(4, 3, 0, 6)]"
"(9, 15, 11, 24, 0)","[(4, 1, 3, 6), (4, 0, 0, 7)]"
"(9, 15, 11, 26, 0)","[(4, 7, 3, 7)]"
"(9, 15, 15, 1, 0)","[(4, 0, 3, 7), (4, 0, 3, 6)]"
"(9, 15, 15, 2, 0)","[(4, 5, '?', 6), (4, 5, '?', 6)]"
"(9, 15, 15, 5, 0)","[(4, 1, 1, 6)]"
"(9, 15, 15, 9, 0)","[(4, 3, 1, 7), (4, 3, 1, 7), (4, 1, 1, 7)]"
"(9, 15, 15, 11, 0)","[(4, 7, 0, 7)]"
"(9, 15, 15, 15, 0)","[(4, 2, 5, 6), (4, '?', '?', 6), (4, 5, '?', 6)]"
"(9, 15, 16, 1, 0)","[(4, 0, 3, 7), (4, 1, 0, 6)]"
"(9, 15, 16, 11, 0)","[(4, 5, 3, 6), (4, 5, 0, 6), (4, 5, 0, 6), (4, 5, 0, 7)]"
"(9, 15, 16, 16, 0)","[(4, 5, 3, 7), (4, 5, 0, 7), (4, 5, 0, 6), (4, 5, 3, 7)]"
"(9, 15, 16, 24, 0)","[(4, 1, 3, 6)]"
"(9, 16, 1, 1, 0)","[(6, 6, 3, 7)]"
"(9, 16, 1, 11, 0)","[(6, 6, 0, 6), (6, 6, 3, 7), (6, 6, 0, 7), (6, 6, 3, 6), (6, 6, 3, 6), (6, 6, 0, 7)]"
"(9, 16, 1, 15, 0)","[(6, 6, 3, 6), (6, 6, 3, 7)]"
"(9, 16, 1, 24, 0)","[(6, 6, 3, 7)]"
"(9, 16, 1, 25, 0)","[(6, 7, 3, 7), (6, 6, 0, 7), (6, 6, 0, 7), (6, 6, 3, 7), (6, 6, 3, 7), (6, 6, 0, 6)]"
"(9, 16, 2, 3, 0)","[(6, 3, 1, 7)]"
"(9, 16, 3, 13, 0)","[(6, 5, 5, 7)]"
"(9, 16, 4, 3, 0)","[(6, 3, 1, 7), (6, 3, 1, 6), (6, 3, 1, 7), (6, 3, 1, 7)]"
"(9, 16, 4, 4, 0)","[(6, 0, 1, 6)]"
"(9, 16, 4, 5, 0)","[(6, 1, 1, 6), (6, 1, 1, 7)]"
"(9, 16, 4, 9, 0)","[(6, 0, 1, 6), (6, 4, 1, 6), (6, '?', 1, 7), (6, 0, 1, 6), (6, 4, 1, 6), (6, 4, 1, 6), (6, 4, 1, 7), (6, '?', 1, 7)]"
"(9, 16, 4, 12, 0)","[(6, 4, 1, 6)]"
"(9, 16, 4, 16, 0)","[(6, 4, 1, 7), (6, 4, 1, 7), (6, 4, 1, 7), (6, 4, 1, 6), (6, 4, 1, 6), (6, 4, 1, 6)]"
"(9, 16, 6, 6, 0)","[(6, 2, 3, 6), (6, 2, 3, 6), (6, 7, 3, 7), (6, 7, 0, 7), (6, 7, 3, 6)]"
"(9, 16, 6, 11, 0)","[(6, 2, 0, 6), (6, 7, 3, 6), (6, 2, 3, 6), (6, 7, 3, 6), (6, 7, 0, 7), (6, 7, 0, 6), (6, 2, 0, 6), (6, 2, 3, 6)]"
"(9, 16, 8, 11, 0)","[(6, 5, 0, 6), (6, 5, 0, 7), (6, 5, 3, 7), (6, 5, 3, 7)]"
"(9, 16, 8, 16, 0)","[(6, 5, 0, 7), (6, 5, 0, 6), (6, 5, 0, 6)]"
"(9, 16, 9, 3, 0)","[(6, 3, 1, 7)]"
"(9, 16, 9, 12, 0)","[(6, '?', 1, 6), (6, '?', 1, 7), (6, 7, 1, 7), (6, 4, 1, 7), (6, '?', 1, 7)]"
"(9, 16, 9, 25, 0)","[(6, 4, 1, 7)]"
"(9, 16, 9, 26, 0)","[(6, 2, 1, 7), (6, 2, 1, 7)]"
"(9, 16, 10, 9, 0)","[(6, '?', 1, 6)]"
"(9, 16, 11, 1, 0)","[(6, 0, 3, 6), (6, 1, 0, 6), (6, 0, 0, 7), (6, 1, 0, 6)]"
"(9, 16, 11, 3, 0)","[(6, 3, 3, 7), (6, 3, 3, 7), (6, 3, 0, 6), (6, 3, 0, 6), (6, 3, 3, 7), (6, 3, 0, 6)]"
"(9, 16, 11, 5, 0)","[(6, 1, 0, 6), (6, 0, 3, 6)]"
"(9, 16, 11, 6, 0)","[(6, 7, 3, 6), (6, 7, 0, 6), (6, 2, 3, 6)]"
"(9, 16, 11, 11, 0)","[(6, 5, 3, 6), (6, 4, 0, 6), (6, '?', 0, 6), (6, 7, 0, 7), (6, 4, 0, 6), (6, 4, 0, 6), (6, 3, 3, 6), (6, 4, 3, 7), (6, 4, 0, 6), (6, 4, 3, 7), (6, 4, 3, 7)]"
"(9, 16, 11, 12, 0)","[(6, 4, 3, 7), (6, 5, 3, 6), (6, 4, 3, 7), (6, '?', 0, 6), (6, 7, 0, 7), (6, 7, 0, 7), (6, 5, 0, 7), (6, '?', 0, 7), (6, 4, 3, 7), (6, 5, 0, 7), (6, 5, 0, 6)]"
"(9, 16, 11, 15, 0)","[(6, 3, 3, 6)]"
"(9, 16, 11, 16, 0)","[(6, 5, 3, 6), (6, 5, 3, 7)]"
"(9, 16, 11, 19, 0)","[(6, 3, 0, 6), (6, 3, 3, 7), (6, 3, 3, 6), (6, 3, 0, 6), (6, 3, 0, 6), (6, 3, 3, 6)]"
"(9, 16, 11, 22, 0)","[(6, 3, 3, 6), (6, 3, 3, 6), (6, 3, 0, 6), (6, 3, 3, 6)]"
"(9, 16, 11, 24, 0)","[(6, 0, 0, 7), (6, 0, 3, 6), (6, 1, 0, 6), (6, 1, 0, 6), (6, 0, 0, 7), (6, 0, 3, 6), (6, 0, 3, 6), (6, 0, 0, 7), (6, 1, 0, 6), (6, 0, 0, 7), (6, 0, 3, 6), (6, 1, 0, 6), (6, 1, 0, '?'), (6, 1, 0, 6), (6, 0, 0, 7), (6, 0, 0, 7), (6, 6, 3, 7), (6, 0, 0, 7), (6, 0, 0, 7)]"
"(9, 16, 11, 25, 0)","[(6, '?', 3, 7), (6, '?', 0, 6), (6, '?', 0, 6), (6, 7, 3, 7), (6, 7, 0, 6), (6, '?', 0, 7), (6, 5, 3, 7), (6, 4, 3, 7), (6, 3, 3, 7), (6, '?', 3, 7), (6, 4, 0, 6), (6, 5, 3, 6), (6, '?', 0, 6), (6, 7, 3, 7), (6, 5, 0, 7), (6, 5, 3, 7), (6, 5, 0, 6), (6, '?', 0, 7), (6, 3, 3, 7), (6, 7, 0, 6), (6, '?', 3, 7), (6, 7, 3, 7), (6, '?', 0, 7), (6, '?', 3, 7), (6, 5, 3, 6), (6, 7, 0, 6), (6, '?', 3, 7), (6, '?', 0, 7), (6, 7, 0, 6), (6, '?', 0, 7), (6, 4, 0, 6), (6, 2, 3, 7), (6, '?', 3, 7), (6, '?', 0, 7), (6, 7, 3, 7), (6, 5, 3, 6), (6, '?', 0, 6), (6, 5, 0, 7), (6, 5, 3, 7), (6, '?', 3, 7), (6, 5, 3, 6), (6, 5, 3, 6), (6, 2, 0, 6), (6, 5, '?', 7), (6, '?', 3, 7), (6, '?', 0, 7), (6, '?', 3, 7), (6, 5, 0, 7), (6, 5, 3, 7), (6, '?', 0, 7), (6, 2, 3, 7), (6, 7, 0, 6), (6, 5, 3, 7), (6, '?', 0, 6), (6, 7, 3, 6), (6, 7, 0, 7), (6, 5, 3, 6)]"
"(9, 16, 11, 26, 0)","[(6, 2, 3, 6), (6, 7, 0, 6), (6, 7, 0, 6), (6, 7, 3, 6), (6, 7, 0, '?'), (6, 2, 0, 6), (6, 7, 3, 6), (6, 2, 0, 6), (6, 7, 3, 6), (6, 2, 3, 6), (6, 2, 0, 6), (6, 7, 3, 7), (6, 2, 0, 6), (6, 2, 0, 6), (6, 7, 0, 7)]"
"(9, 16, 12, 3, 0)","[(6, 3, 1, 6)]"
"(9, 16, 12, 4, 0)","[(6, 4, 1, 7)]"
"(9, 16, 12, 5, 0)","[(6, 1, 1, 6), (6, 1, 1, 6), (6, 1, 1, 6)]"
"(9, 16, 12, 9, 0)","[(6, 1, 1, 7), (6, '?', 1, 6), (6, '?', 1, 6), (6, 7, 1, 7)]"
"(9, 16, 12, 12, 0)","[(6, 0, 1, 6)]"
"(9, 16, 12, 25, 0)","[(6, '?', 1, 6), (6, 0, 1, 6), (6, '?', 1, 7), (6, 1, 1, 7), (6, 1, 1, 7), (6, 1, 1, 6), (6, 1, 1, 7), (6, 4, 1, 7)]"
"(9, 16, 12, 26, 0)","[(6, 7, 1, 7), (6, 7, 1, 6), (6, 7, 1, 7), (6, 7, 1, 7), (6, 2, 1, 6), (6, 2, 1, 6), (6, 7, 1, 7), (6, 2, 1, 7), (6, 7, 1, 6)]"
"(9, 16, 13, 3, 0)","[(6, 3, 5, 7), (6, 3, 5, 7), (6, 3, 5, 7)]"
"(9, 16, 13, 5, 0)","[(6, 0, 5, 7), (6, 0, 5, 7)]"
"(9, 16, 13, 6, 0)","[(6, 7, 5, 6), (6, 7, 5, 7), (6, 7, 5, 6)]"
"(9, 16, 13, 9, 0)","[(6, 4, 5, 7), (6, 6, 5, 7), (6, 4, 5, 6), (6, 4, 5, 6), (6, 4, 5, 6), (6, '?', 5, 6), (6, 4, 5, 6), (6, 4, 5, 7)]"
"(9, 16, 13, 13, 0)","[(6, 4, 5, 6)]"
"(9, 16, 13, 14, 0)","[(6, 0, 5, 7)]"
"(9, 16, 13, 16, 0)","[(6, 4, 5, 7), (6, 4, 5, 7), (6, 4, 5, 7)]"
"(9, 16, 13, 19, 0)","[(6, 3, 5, 7)]"
"(9, 16, 13, 21, 0)","[(6, 6, 5, 7)]"
"(9, 16, 13, 22, 0)","[(6, 3, 5, 7)]"
"(9, 16, 13, 24, 0)","[(6, 0, 5, 7), (6, 0, 5, 7), (6, 0, 5, 7), (6, 6, 5, 7), (6, 0, 5, 7), (6, 0, 5, 7)]"
"(9, 16, 13, 25, 0)","[(6, '?', 5, 7), (6, '?', 5, 7), (6, 4, 5, 7), (6, '?', 5, 6), (6, 4, 5, 7), (6, 5, 5, 7), (6, '?', 5, 6), (6, '?', 5, 7), (6, 7, 5, 7), (6, 4, 5, 7), (6, '?', 5, 6), (6, 2, 5, 7), (6, '?', 5, 7), (6, 6, 5, 7), (6, '?', 5, 7), (6, 4, 5, 7), (6, '?', 5, 7), (6, 5, 5, 7), (6, 5, 5, 7), (6, 4, 5, 6), (6, '?', 5, 7), (6, '?', 5, 6), (6, '?', 5, 7), (6, 4, 5, 6), (6, 7, 5, 7), (6, 5, 5, 7)]"
"(9, 16, 13, 26, 0)","[(6, 7, 5, 7), (6, 7, 5, 6), (6, 2, 5, 7), (6, 2, 5, 6), (6, 7, 5, 6), (6, 7, 5, 6), (6, 7, 5, 7), (6, 7, 5, 6), (6, 7, 5, 6), (6, 2, 5, 6), (6, 7, 5, 7), (6, 2, 5, 6), (6, 2, 5, 6), (6, 2, 5, 7), (6, 2, 5, 6), (6, 2, 5, 6), (6, 7, 5, 6), (6, 2, 5, 7), (6, 2, 5, 6)]"
"(9, 16, 15, 11, 0)","[(6, 5, 0, 6)]"
"(9, 16, 16, 16, 0)","[(6, 4, 3, 7), (6, 5, 3, 6), (6, 4, 0, 6)]"
"(9, 16, 17, 9, 0)","[(6, 2, 1, 6)]"
"(9, 16, 17, 16, 0)","[(6, 4, 1, 7), (6, 4, 1, 6)]"
"(9, 16, 21, 9, 0)","[(6, 6, 1, 6), (6, 6, 1, 6), (6, 6, 1, 6)]"
"(9, 16, 21, 13, 0)","[(6, 6, 5, 7), (6, 6, 5, 7), (6, 6, 5, 6), (6, 6, 5, 6)]"
"(9, 16, 21, 25, 0)","[(6, 6, 1, 6)]"
"(9, 16, 22, 13, 0)","[(6, 5, 5, 7), (6, 5, 5, 7)]"
"(9, 16, 24, 9, 0)","[(6, 6, 1, 6), (6, 6, 1, 6)]"
"(9, 16, 24, 11, 0)","[(6, 6, 0, 6), (6, 6, 3, 6), (6, 6, 0, 6), (6, 6, 0, 6), (6, 6, 3, 6), (6, 6, 0, 6), (6, 7, 3, 7), (6, 6, 0, 7), (6, 6, 3, 7), (6, 6, 0, 7), (6, 6, 0, 7), (6, 6, 3, 6), (6, 6, 0, 6)]"
"(9, 16, 24, 13, 0)","[(6, 6, 5, 6), (6, 6, 5, 6), (6, 6, 5, 6), (6, 6, 5, 6), (6, 6, 5, 7), (6, 6, 5, 7), (6, 6, 5, 6), (6, 6, 5, 7), (6, 6, 5, 6), (6, 6, 5, 7)]"
"(9, 16, 24, 15, 0)","[(6, 6, 3, 6)]"
"(9, 16, 24, 25, 0)","[(6, 6, 1, 6)]"
"(9, 16, 25, 3, 0)","[(6, 3, 1, 6), (6, 3, 1, 6)]"
"(9, 16, 25, 9, 0)","[(6, '?', 1, 6), (6, 0, 1, 6), (6, '?', 1, 6), (6, 0, 1, 6), (6, 1, 1, 7), (6, 3, 1, 7), (6, '?', 1, 6)]"
"(9, 16, 25, 12, 0)","[(6, 3, 1, 6), (6, 3, 1, 6), (6, '?', 1, 7)]"
"(9, 16, 25, 13, 0)","[(6, '?', 5, 7), (6, '?', 5, 6), (6, '?', 5, 7), (6, '?', 5, 6), (6, '?', 5, 6), (6, 5, 5, 7), (6, 5, 5, 7)]"
"(9, 16, 25, 24, 0)","[(6, 1, 1, 6)]"
"(9, 16, 25, 25, 0)","[(6, 1, 1, 7)]"
"(9, 16, 25, 26, 0)","[(6, 2, 1, 6)]"
"(9, 16, 26, 4, 0)","[(6, 2, 1, 7)]"
"(9, 16, 26, 9, 0)","[(6, 7, 1, 7), (6, 2, 1, 7), (6, 2, 1, 7), (6, 7, 1, 6)]"
"(9, 16, 26, 12, 0)","[(6, 2, 1, 7), (6, 7, 1, 7)]"
"(9, 16, 26, 13, 0)","[(6, 2, 5, 7), (6, 2, 5, 7), (6, 2, 5, 7)]"
"(9, 16, 26, 25, 0)","[(6, 2, 1, 6), (6, 2, 1, 6)]"
"(9, 17, 3, 17, 0)","[(5, 5, 6, 6), (5, 5, 2, 6), (5, 5, 2, 6)]"
"(9, 17, 4, 5, 0)","[(5, 1, 4, 6)]"
"(9, 17, 10, 3, 0)","[(1, 3, 4, 6), (1, 3, 4, 7), (1, 3, 4, 6)]"
"(9, 17, 10, 5, 0)","[(5, 1, 6, 6)]"
"(9, 17, 10, 12, 0)","[(1, 4, 6, 7), (1, '?', 4, 6)]"
"(9, 17, 12, 3, 0)","[(1, 3, 6, 6), (5, 3, 6, 6), (1, 3, 4, 6), (5, 3, 4, 6)]"
"(9, 17, 12, 5, 0)","[(5, 1, 6, 7)]"
"(9, 17, 12, 12, 0)","[(1, '?', 4, 6)]"
"(9, 17, 12, 17, 0)","[(1, 2, 6, 7), (1, 7, 6, 7)]"
"(9, 17, 17, 3, 0)","[(5, 3, 4, 7), (5, 3, 4, 7), (5, 3, 6, 6), (5, 3, 6, 6), (5, 3, 6, 6), (1, 3, 6, 7), (1, 3, 4, 6)]"
"(9, 17, 17, 4, 0)","[(1, 5, 6, 6), (5, 4, 6, 7), (1, 5, 6, 6)]"
"(9, 17, 17, 5, 0)","[(5, 0, 4, 7), (5, 1, 6, 7), (1, 1, 4, 7), (5, 0, 4, 7), (1, 1, 4, 6), (1, 0, 6, 7), (5, 1, 4, 7), (1, 0, 6, 6), (1, 1, 4, 7), (5, 1, 6, 7), (1, 1, 4, 7), (1, 1, 4, 6), (5, 1, 6, 7), (5, 0, 6, 6), (5, 0, 6, 7), (5, 1, 6, 6), (5, 1, 4, 7), (5, 0, 6, 7), (5, 0, 6, 6), (1, 1, 4, 6), (1, 1, 4, 6), (1, 0, 6, 7), (5, 1, 6, 6), (5, 0, 6, 7), (5, 1, 6, 6), (1, 0, 4, 6), (5, 0, 6, 6), (1, 0, 6, 7), (1, 1, 4, 6)]"
"(9, 17, 17, 12, 0)","[(5, 4, 6, 7), (5, 4, 4, 7), (5, 4, 4, 7), (5, 4, 6, 7), (1, 0, 4, 7), (5, '?', 6, 6), (1, '?', 4, 7), (5, 4, 6, 7), (1, 5, 6, 6), (1, 0, 4, 7), (1, 2, 6, 7), (5, 2, 6, 7), (5, '?', 6, 6), (1, 4, 6, 7), (5, 4, 6, 7), (1, 4, 6, 6)]"
"(9, 17, 17, 13, 0)","[(1, 0, 7, 7)]"
"(9, 17, 17, 17, 0)","[(1, 4, 6, 7), (5, 4, 4, 6), (1, 5, 4, 7), (5, 4, 4, 6), (1, 5, 4, 6), (5, 4, 6, 6), (1, 5, 4, 6), (1, 5, 4, 6), (1, 4, 6, 6), (1, 5, 4, 7), (5, 4, 6, 7), (1, 5, 4, 6), (5, 4, 7, 7), (1, 4, 6, 7), (1, 5, 6, 7), (5, 4, 4, 7), (5, 4, 6, 6), (1, 5, 6, 6), (5, 5, 6, 6), (1, 4, 6, 6), (5, 4, 4, 7), (1, 5, 6, 6)]"
"(9, 17, 17, 26, 0)","[(1, 2, 4, 7), (1, 7, 6, 6), (5, 2, 4, 7), (5, 7, 6, 7), (1, 7, 4, 7), (5, 7, 6, 7), (5, 2, 6, 7), (5, 2, 6, 6)]"
"(9, 17, 21, 10, 0)","[(5, 6, 6, 7), (1, 6, 6, 7)]"
"(9, 17, 21, 17, 0)","[(1, 6, 6, 7), (1, 6, 6, 7), (5, 6, 4, 7), (1, 6, 4, 7), (5, 6, 6, 7)]"
"(9, 17, 26, 10, 0)","[(5, 7, 4, 7)]"
"(9, 17, 26, 17, 0)","[(5, 2, 6, 6), (5, 7, 4, 7), (1, 7, 6, 7), (1, 7, 4, 6), (1, 7, 6, 6), (1, 2, 6, 6), (1, 7, 6, 6), (1, 7, 6, 6)]"
"(9, 18, 1, 1, 0)","[(7, 6, 0, 7), (7, 6, 0, 6), (7, 6, 3, 6), (7, 6, 3, 6)]"
"(9, 18, 1, 11, 0)","[(7, 6, 0, 7)]"
"(9, 18, 1, 15, 0)","[(7, 6, 0, 7)]"
"(9, 18, 6, 6, 0)","[(7, 7, 3, 6), (7, 2, 3, 6), (7, 2, 0, 7), (7, 2, 0, 7), (7, 7, 3, 6), (7, 2, 0, 7), (7, 2, 0, 6), (7, 2, 3, 6), (7, 2, 0, 6), (7, 7, 3, 6), (7, 7, 3, 6), (7, 2, 0, 6), (7, 2, 0, 6)]"
"(9, 18, 6, 11, 0)","[(7, 7, 0, 6), (7, 7, 0, 6)]"
"(9, 18, 11, 1, 0)","[(7, 0, 0, 6), (7, 1, 0, 6), (7, 0, 0, 6)]"
"(9, 18, 11, 11, 0)","[(7, 4, 0, 6), (7, '?', 0, 6), (7, '?', 3, 6)]"
"(9, 18, 11, 15, 0)","[(7, '?', 0, 7)]"
"(9, 18, 11, 16, 0)","[(7, 4, 3, 6), (7, 4, 0, 6)]"
"(9, 18, 11, 24, 0)","[(7, 0, 0, 7)]"
"(9, 18, 11, 25, 0)","[(7, 2, 0, 7)]"
"(9, 20, 1, 11, 0)","[(2, 6, 0, 7), (2, 6, 0, 6), (2, 6, 3, 7), (2, 6, 0, 7), (2, 6, 0, 6), (2, 6, 0, 6), (2, 6, 3, 7), (2, 6, 0, 7), (2, 6, 3, 7), (2, 6, 0, 6), (2, 6, 0, 6), (2, 6, 0, 7), (2, 6, 3, 7), (2, 6, 0, 7), (2, 6, 0, 6)]"
"(9, 20, 1, 16, 0)","[(2, 6, 3, 7)]"
"(9, 20, 1, 24, 0)","[(2, 6, 3, 7), (2, 6, 0, 6), (2, 6, 0, 6), (2, 6, 0, 7)]"
"(9, 20, 3, 9, 0)","[(7, 5, 1, 6)]"
"(9, 20, 3, 13, 0)","[(2, 5, 7, 7), (2, 5, 7, 7), (2, 5, 7, 6), (2, 5, 7, 6), (2, 5, 2, 6), (2, 5, 7, 7)]"
"(9, 20, 3, 17, 0)","[(2, 5, 6, 7)]"
"(9, 20, 3, 25, 0)","[(2, 5, '?', 6), (2, 5, '?', 6), (2, 5, '?', 6)]"
"(9, 20, 4, 5, 0)","[(2, 1, '?', 6), (2, 0, '?', 6)]"
"(9, 20, 4, 12, 0)","[(2, 4, 6, 6)]"
"(9, 20, 4, 16, 0)","[(2, 4, '?', 7), (2, 4, '?', 6), (2, 4, '?', 6)]"
"(9, 20, 4, 25, 0)","[(2, '?', '?', 6)]"
"(9, 20, 6, 6, 0)","[(2, 7, 3, 6), (2, 7, 3, 6), (2, 7, 3, 6), (2, 7, 3, 7), (2, 7, 3, 6)]"
"(9, 20, 6, 11, 0)","[(2, 2, 3, 7), (2, 7, 0, 6), (2, 2, 3, 6), (2, 7, 0, 6), (2, 2, 3, 6), (2, 2, 3, 6), (2, 7, 3, 6), (2, 2, 3, 6), (2, 7, 0, 6)]"
"(9, 20, 6, 16, 0)","[(2, 2, 3, 7)]"
"(9, 20, 6, 25, 0)","[(2, 2, 3, 6)]"
"(9, 20, 8, 11, 0)","[(2, 5, 0, 6), (2, 5, 3, 6), (2, 5, 3, 6)]"
"(9, 20, 8, 16, 0)","[(2, 5, 0, 6), (2, 5, 0, 6), (2, 5, 3, 7), (2, 5, 0, 6), (2, 5, 3, 6), (2, 5, 3, 6)]"
"(9, 20, 9, 3, 0)","[(2, 3, 1, 6), (2, 3, 1, 6), (2, 3, 1, 6), (2, 3, 1, 6), (2, 3, 1, 6), (2, 3, 1, 6), (2, 3, 1, 6)]"
"(9, 20, 9, 4, 0)","[(2, 0, 1, 6), (2, 1, 1, 7), (2, '?', 1, 6), (2, 4, 1, 6), (2, 5, 1, 7), (2, 2, 1, 6), (2, 1, 1, 7), (2, '?', 1, 7), (2, 1, 1, 7), (2, 4, 1, 6), (2, 4, 1, 6), (2, 5, 1, 7), (2, 0, 1, 6), (2, 5, 1, 7), (2, 7, 1, 7), (2, 4, 1, 6), (2, 5, 1, 7), (2, 5, 1, 7), (2, 4, 1, 7), (2, 5, 1, 7)]"
"(9, 20, 9, 5, 0)","[(2, 1, 1, 6)]"
"(9, 20, 9, 6, 0)","[(2, 2, 5, 6), (2, 2, 5, 6)]"
"(9, 20, 9, 12, 0)","[(2, 5, 1, 7), (2, '?', 1, 7), (2, '?', 1, 7), (2, '?', 1, 6), (2, 1, 1, 7), (2, '?', 1, 6), (2, 4, 1, 6), (2, 5, 1, 7), (2, '?', 1, 7), (2, 7, 1, 7), (2, 1, 1, 6), (2, 7, 1, 7), (2, 1, 1, 6), (2, '?', 1, 6), (2, 0, 1, 6), (2, 4, 1, 7), (2, 1, 1, 6), (2, '?', 1, 7), (2, '?', 1, 7), (2, 0, 1, 6), (2, 1, 1, 6), (2, 4, 1, 6), (2, 4, 1, 7), (2, 7, 1, 7), (2, 7, 1, 6), (2, '?', 1, 6), (2, 1, 1, 7), (2, 4, 1, 7), (2, 0, 1, 6), (2, 7, 1, 6), (2, 1, 1, 7), (2, '?', 1, 6), (2, '?', 1, 7), (2, '?', 1, 6), (2, 4, 1, 6), (2, 4, 1, 6), (2, '?', 1, 7), (2, '?', 1, 6), (2, 7, 1, 6), (2, 0, 1, 6), (2, 1, 1, 7)]"
"(9, 20, 9, 13, 0)","[(2, 0, 5, 6), (2, '?', 5, 6), (2, 5, 5, 7), (2, 7, 5, 7), (2, 4, 5, 6), (2, 5, 5, 7), (2, '?', 5, 6), (2, 7, 5, 7), (2, '?', 5, 6), (2, 2, 5, 6), (2, '?', 5, 6), (2, 6, 5, 7), (2, 5, 5, 7), (2, 7, 5, 7), (2, 2, 5, 7), (2, 2, 5, 7), (2, '?', 5, 6), (2, 4, 5, 7), (2, 2, 5, 7), (2, 7, 5, 6), (2, 2, 5, 7)]"
"(9, 20, 9, 14, 0)","[(2, 6, 5, 7), (2, 1, 5, 6), (2, 0, 5, 7), (2, 0, 5, 7), (2, 1, 5, 6), (2, 1, 5, 6), (2, 1, 5, 6), (2, 1, 5, 6), (2, 1, 5, 7), (2, 1, 5, 7), (2, 1, 5, 7), (2, 1, 5, 7), (2, 1, 5, 7), (2, 1, 5, 6), (2, 6, 5, 7), (2, 1, 5, 6)]"
"(9, 20, 9, 16, 0)","[(2, 4, 1, 7), (2, 4, 5, 7), (2, 4, 5, 7), (2, 4, 5, 7), (2, 4, 1, 7), (2, 4, 5, 7), (2, 5, 1, 7), (2, 4, 1, 7), (2, 5, 5, 7), (2, 5, 5, 7), (2, 4, 1, 7), (2, 4, 5, 6), (2, 4, 5, 6)]"
"(9, 20, 9, 22, 0)","[(2, 3, 5, 6), (2, 3, 5, 6), (2, 3, 5, 7), (2, 3, 5, 7), (2, 3, 5, 7), (2, 3, 5, 7)]"
"(9, 20, 9, 23, 0)","[(2, 3, 5, 6), (2, 3, 5, 7), (2, 3, 5, 7)]"
"(9, 20, 9, 24, 0)","[(2, 1, 5, 7), (2, 6, 5, 6), (2, 6, 5, 6), (2, 0, 5, 7), (2, 1, 5, 7), (2, 1, 5, 7)]"
"(9, 20, 9, 25, 0)","[(2, '?', 5, 6), (2, '?', 5, 6), (2, 0, 5, 7), (2, 4, 1, 7), (2, 7, 0, 7)]"
"(9, 20, 9, 26, 0)","[(2, 7, 1, 6), (2, 7, 1, 7), (2, 7, 1, 7), (2, 7, 1, 6), (2, 7, 5, 6), (2, 2, 5, 6), (2, 2, 1, 6), (2, 2, 5, 7), (2, 7, 5, 6), (2, 2, 1, 6), (2, 2, 5, 6), (2, 7, 5, 6), (2, 2, 1, 6), (2, 7, 5, 7), (2, 2, 5, 6), (2, 2, 1, 6), (2, 2, 5, 6), (2, 2, 1, 6), (2, 7, 1, 7), (2, 7, 5, 6), (2, 7, 1, 6), (2, 7, 5, 6), (2, 7, 5, 6), (2, 2, 5, 7), (2, 7, 1, 6), (2, 2, 1, 6), (2, 7, 1, 6), (2, 2, 1, 6), (2, 2, 1, 6)]"
"(9, 20, 10, 2, 0)","[(2, 5, 6, 7), (2, 7, 4, 7), (2, 7, 4, 7), (2, 2, 4, 7), (2, 5, 6, 7), (2, 6, 6, 7), (2, 7, 4, 7), (2, 7, 6, 7), (2, '?', 4, 7), (2, 2, 4, 6)]"
"(9, 20, 10, 3, 0)","[(2, 3, 6, 7), (2, 3, 4, 6)]"
"(9, 20, 10, 5, 0)","[(2, 0, 6, 6), (2, 1, 4, 6), (2, 1, 6, 6), (2, 1, 6, 6), (2, 1, 6, 6), (2, 1, 4, 6), (2, 0, 6, 6), (2, 0, 6, 6), (2, 0, 6, 6), (2, 1, 6, 6), (2, 1, 6, 6), (2, 0, 6, 6), (2, 1, 6, 7), (2, 1, 4, 6), (2, 1, 4, 6)]"
"(9, 20, 10, 10, 0)","[(2, 7, 4, 7), (2, '?', 4, 6), (2, '?', 4, 6), (2, '?', 4, 6), (2, 7, 4, 7), (2, 6, 6, 7), (2, 2, 6, 6), (2, '?', 4, 7), (2, '?', 4, 6), (2, '?', 6, 7), (2, '?', 4, 6), (2, 2, 6, 7), (2, '?', 4, 7), (2, 5, 6, 7), (2, '?', 6, 7), (2, '?', 4, 6), (2, '?', 6, 7), (2, '?', 4, 7)]"
"(9, 20, 10, 12, 0)","[(2, '?', 6, 7), (2, 7, 4, 6), (2, 7, 4, 7), (2, 5, 6, 7)]"
"(9, 20, 10, 17, 0)","[(2, 6, 6, 7), (2, 6, 6, 7), (2, 7, 4, 7), (2, 6, 6, 7), (2, 7, 6, 7), (2, 5, 6, 7)]"
"(9, 20, 10, 21, 0)","[(2, 6, 6, 6), (2, 6, 6, 7)]"
"(9, 20, 10, 22, 0)","[(2, 3, 4, 6), (2, 3, 6, 6), (2, 3, 6, 7), (2, 3, 4, 6), (2, 3, 4, 7), (2, 3, 6, 7), (2, 3, 4, 6), (2, 3, 4, 7), (2, 3, 4, 6)]"
"(9, 20, 10, 23, 0)","[(2, 3, 4, 7), (2, 3, 6, 6), (2, 3, 4, 6)]"
"(9, 20, 10, 26, 0)","[(2, 2, 4, 7), (2, 7, 4, 7), (2, 2, 4, 7), (2, 2, 4, 7), (2, 2, 4, 7)]"
"(9, 20, 11, 1, 0)","[(2, 0, 0, 6), (2, 0, 3, 7), (2, 1, 3, 7), (2, 0, 0, 6), (2, 0, 0, 7), (2, 1, 3, 7), (2, 1, 3, 7), (2, 0, 0, 6), (2, 1, 3, 7), (2, 1, 0, 6), (2, 0, 3, 7), (2, 1, 0, 6), (2, 0, 3, 7), (2, 1, 0, 7), (2, 1, 0, 6), (2, 1, 3, 7), (2, 0, 0, 6), (2, 1, 3, 7), (2, 0, 0, 7), (2, 0, 3, 7), (2, 1, 0, 6), (2, 1, 3, 7), (2, 1, 0, 7), (2, 0, 0, 6), (2, 1, 3, 7), (2, 0, 0, 6), (2, 0, 0, 6)]"
"(9, 20, 11, 3, 0)","[(2, 3, 0, 7)]"
"(9, 20, 11, 6, 0)","[(2, 7, 3, 6), (2, 7, 0, 7), (2, 2, 3, 6)]"
"(9, 20, 11, 11, 0)","[(2, '?', 0, 6), (2, 4, 0, 6), (2, 4, 3, 7), (2, '?', 0, 6), (2, '?', 0, 6), (2, '?', 0, 7), (2, 7, 0, 6), (2, '?', 0, 6), (2, '?', 0, 7), (2, 4, 3, 7), (2, 2, 0, 7), (2, '?', 0, 6), (2, '?', 0, 6), (2, 7, 3, 7), (2, '?', 0, 7), (2, 7, 0, 7), (2, 4, 0, 6), (2, 4, 3, 7), (2, 7, 0, 6), (2, 5, 3, 7), (2, 2, 0, 7), (2, 7, 3, 6), (2, 5, 3, 7), (2, 2, 3, 7), (2, 7, 0, 7), (2, '?', 0, 7), (2, 5, 0, 6), (2, 2, 3, 7), (2, 5, 3, 6), (2, 2, 0, 7), (2, 5, 3, 7), (2, 5, 3, 7), (2, 4, 3, 7), (2, 7, 0, 6), (2, 2, 3, 7), (2, 4, 3, 7), (2, 2, 3, 7), (2, 7, 0, 6), (2, '?', 0, 7), (2, 5, 0, 6), (2, 4, 0, 7), (2, 5, 3, 6), (2, 5, 3, 6), (2, '?', 0, 7)]"
"(9, 20, 11, 15, 0)","[(2, '?', 0, 6)]"
"(9, 20, 11, 16, 0)","[(2, 4, 0, 6), (2, 4, 0, 7), (2, 4, 0, 7), (2, 4, 0, 6), (2, 4, 0, 7), (2, 4, 0, 7)]"
"(9, 20, 11, 19, 0)","[(2, 3, 3, 6), (2, 3, 3, 6), (2, 3, 3, 6), (2, 3, 3, 6), (2, 3, 0, 7), (2, 3, 0, 7), (2, 3, 0, 6), (2, 3, 0, 6), (2, 3, 0, 6), (2, 3, 3, 6), (2, 3, 0, 7), (2, 3, 3, 6), (2, 3, 0, 7), (2, 3, 0, 7)]"
"(9, 20, 11, 22, 0)","[(2, 3, 3, 6), (2, 3, 0, 6), (2, 3, 0, 7), (2, 3, 0, 6), (2, 3, 0, 6), (2, 3, 0, 6), (2, 3, 0, 6)]"
"(9, 20, 11, 24, 0)","[(2, 1, 0, 7), (2, 0, 3, 7), (2, 0, 3, 7), (2, 1, 0, 7), (2, 1, 0, 6), (2, 1, 0, 7), (2, 0, 3, 7), (2, 1, 0, 7), (2, 0, 0, 7), (2, 6, 0, 7), (2, 6, 0, 7), (2, 0, 0, 7), (2, 1, 0, 6), (2, 1, 3, 7), (2, 6, 0, 7), (2, 0, 0, 7), (2, 0, 0, 7), (2, 6, 0, 7), (2, 1, 0, 6), (2, 1, 0, 7), (2, 1, 0, 6), (2, 0, 0, 7), (2, 0, 0, 6)]"
"(9, 20, 11, 25, 0)","[(2, 7, 3, 7), (2, 7, 0, 7), (2, 2, 0, 7), (2, 7, 3, 6), (2, 5, 3, 6), (2, 7, 3, 7), (2, 2, 0, 7), (2, 2, 0, 7), (2, 7, 3, 6), (2, 7, 3, 7), (2, 4, 3, 7), (2, 7, 3, 7), (2, 3, 0, 6), (2, 5, 0, 6), (2, 5, 0, 6), (2, 5, 3, 6), (2, 2, 3, 7), (2, 7, 0, 7), (2, '?', 0, 7), (2, 7, 3, 7), (2, 2, 3, 7), (2, 7, 3, 7), (2, 7, 0, 7), (2, 7, 0, 7), (2, 7, 3, 6)]"
"(9, 20, 11, 26, 0)","[(2, 2, 3, 6), (2, 2, 3, 6)]"
"(9, 20, 12, 3, 0)","[(2, 3, 4, 7)]"
"(9, 20, 12, 4, 0)","[(2, 4, 6, 6), (2, '?', 4, 7), (2, '?', 6, 7)]"
"(9, 20, 12, 12, 0)","[(2, '?', 4, 7), (2, '?', 4, 7), (2, 7, 6, 7), (2, '?', 6, 7), (2, 7, 6, 7)]"
"(9, 20, 12, 25, 0)","[(2, 7, 1, 7)]"
"(9, 20, 13, 2, 0)","[(2, 2, 2, 7), (2, 0, 2, 7)]"
"(9, 20, 13, 3, 0)","[(2, 3, 2, 6), (2, 3, 2, 7), (2, 5, 7, 6), (2, 5, 2, 6), (2, 5, 7, 6), (2, 3, 2, 7)]"
"(9, 20, 13, 11, 0)","[(2, 4, 7, 7), (2, 4, 7, 7)]"
"(9, 20, 13, 13, 0)","[(2, 4, 2, 7), (2, 5, 7, 7), (2, 6, 2, 7), (2, '?', 7, 7), (2, 1, 7, 7), (2, 6, 2, 7), (2, 4, 2, 7), (2, 4, 2, 7), (2, '?', 7, 6), (2, 0, 2, 7), (2, 0, 2, 7), (2, 7, 7, 7), (2, '?', 2, 7), (2, 0, 7, 6), (2, 7, 2, 6), (2, 1, 7, 7), (2, 7, 2, 7), (2, 2, 2, 7), (2, 7, 2, 6), (2, 6, 7, 6), (2, 2, 2, 6), (2, 2, 2, 7), (2, 7, 2, 6), (2, 2, 2, 7)]"
"(9, 20, 13, 14, 0)","[(2, 1, 2, 6), (2, 1, 2, 7), (2, 1, 7, 7), (2, 1, 2, 7), (2, 1, 7, 6), (2, 1, 7, 6)]"
"(9, 20, 13, 16, 0)","[(2, 4, 7, 7), (2, 4, 7, 6), (2, 4, 7, 6), (2, 5, 2, 6), (2, 4, 7, 7), (2, 5, 7, 7), (2, 4, 2, 7), (2, 4, 7, 6), (2, 4, 7, 7), (2, 4, 2, 7), (2, 4, 2, 7), (2, 4, 7, 6), (2, 4, 2, 7)]"
"(9, 20, 13, 21, 0)","[(2, 1, 7, 7), (2, 6, 2, 6)]"
"(9, 20, 13, 22, 0)","[(2, 3, 7, 6), (2, 3, 2, 7), (2, 3, 2, 6), (2, 3, 2, 6), (2, 3, 2, 6)]"
"(9, 20, 13, 23, 0)","[(2, 3, 2, 7), (2, 3, 2, 6), (2, 3, 7, 6), (2, 3, 2, 7)]"
"(9, 20, 13, 24, 0)","[(2, 1, 2, 6), (2, 1, 2, 6), (2, 6, 7, 6)]"
"(9, 20, 13, 25, 0)","[(2, '?', 2, 6), (2, 5, 2, 6), (2, '?', 2, 6), (2, 5, 7, 7), (2, '?', 7, 6), (2, 5, 7, 6), (2, '?', 7, 7), (2, 5, 2, 6), (2, 4, 2, 7), (2, '?', 2, 6), (2, '?', 7, 7), (2, 0, 2, 7), (2, 7, 2, 7), (2, 7, 7, 7), (2, '?', 2, 7), (2, 7, 7, 7), (2, 5, 2, 6), (2, 1, 2, 7), (2, 6, 2, 7), (2, 7, 7, 6), (2, 7, 7, 7), (2, 0, 2, 7), (2, '?', 7, 7), (2, 7, 2, 6), (2, 0, 2, 6), (2, 6, 2, 7), (2, '?', 7, 7), (2, 5, 7, 6), (2, 5, 7, 7), (2, 7, 7, 7), (2, 7, 2, 6), (2, 2, 7, 6), (2, 6, 7, 6), (2, 6, 7, 7), (2, '?', 2, 6), (2, 6, 7, 7), (2, 6, 7, 7), (2, 4, 7, 7), (2, 6, 2, 7), (2, '?', 2, 7), (2, 7, 2, 7), (2, 7, 7, 6), (2, 6, 7, 7), (2, 7, 7, 7), (2, 1, 7, 7), (2, '?', 7, 7)]"
"(9, 20, 13, 26, 0)","[(2, 7, 2, 6), (2, 2, 2, 6), (2, 2, 2, 6), (2, 2, 7, 6), (2, 7, 2, 7), (2, 2, 2, 7), (2, 2, 2, 6), (2, 2, 2, 6), (2, 2, 2, 6), (2, 2, 2, 7), (2, 2, 2, 6), (2, 7, 2, 6), (2, 7, 7, 6), (2, 2, 7, 6), (2, 2, 2, 7), (2, 2, 7, 6), (2, 2, 7, 6), (2, 7, 7, 6), (2, 7, 7, 7), (2, 2, 7, 6)]"
"(9, 20, 17, 3, 0)","[(2, 3, 4, 6), (2, 3, 4, 7), (2, 3, 6, 7), (2, 3, 4, 7), (2, 3, 4, 6), (2, 3, 4, 7), (2, 3, 6, 6), (2, 3, 4, 7), (2, 3, 4, 7), (2, 3, 6, 7), (2, 3, 6, 6), (2, 3, 4, 6)]"
"(9, 20, 17, 5, 0)","[(2, 1, 4, 6), (2, 0, 6, 6), (2, 1, 6, 7), (2, 0, 6, 6), (2, 0, 6, 6), (2, 1, 6, 7), (2, 1, 6, 7), (2, 1, 6, 6), (2, 1, 6, 7), (2, 1, 4, 6), (2, 0, 6, 6), (2, 1, 6, 6), (2, 1, 6, 7), (2, 1, 6, 6), (2, 1, 4, 6)]"
"(9, 20, 17, 12, 0)","[(2, 2, 6, 7), (2, '?', 4, 7), (2, 2, 6, 7), (2, 4, 4, 7), (2, 2, 6, 6), (2, 7, 6, 7), (2, 2, 6, 7), (2, 4, 6, 6), (2, 4, 4, 7), (2, '?', 4, 6), (2, 4, 4, 7), (2, 4, 4, 7), (2, 4, 4, 7), (2, 2, 6, 6), (2, '?', 4, 6), (2, 2, 4, 6), (2, '?', 6, 7), (2, 6, 6, 7), (2, 7, 6, 7), (2, 4, 4, 7), (2, 4, 4, 7), (2, 2, 6, 6), (2, 2, 6, 7), (2, '?', 4, 7), (2, 2, 6, 6), (2, 4, 4, 7)]"
"(9, 20, 17, 16, 0)","[(2, 4, 6, 6), (2, 4, 6, 6), (2, 4, '?', 7), (2, 4, 6, 6), (2, 4, 6, 6)]"
"(9, 20, 17, 17, 0)","[(2, 2, 4, 6), (2, 5, 6, 7)]"
"(9, 20, 17, 26, 0)","[(2, 2, 6, 6), (2, 2, 6, 6), (2, 2, 4, 7), (2, 2, 4, 6), (2, 7, 4, 6), (2, 2, 6, 7), (2, 7, 4, 6)]"
"(9, 20, 20, 24, 0)","[(2, 0, 0, 7), (2, 0, 0, 7)]"
"(9, 20, 21, 2, 0)","[(2, 6, 5, 7), (2, 6, '?', 7)]"
"(9, 20, 21, 9, 0)","[(2, 6, 5, 6)]"
"(9, 20, 21, 10, 0)","[(2, 6, 4, 6), (2, 6, 4, 6)]"
"(9, 20, 21, 12, 0)","[(2, 6, '?', 7)]"
"(9, 20, 21, 13, 0)","[(2, 6, 7, 6), (2, 6, 5, 6), (2, 6, 7, 7), (2, 6, 2, 6), (2, 6, 7, 7), (2, 6, 2, 6), (2, 6, 7, 6), (2, 6, 7, 6), (2, 6, 5, 6)]"
"(9, 20, 21, 17, 0)","[(2, 6, 4, 6), (2, 6, 6, 6), (2, 6, 4, 6), (2, 6, 6, 6)]"
"(9, 20, 21, 21, 0)","[(2, 6, '?', 6), (2, 6, '?', 6), (2, 6, '?', 6)]"
"(9, 20, 21, 24, 0)","[(2, 6, '?', 7), (2, 6, '?', 6), (2, 6, '?', 6)]"
"(9, 20, 22, 25, 0)","[(2, 5, '?', 6), (2, 5, '?', 6)]"
"(9, 20, 23, 13, 0)","[(2, 5, 2, 6), (2, 5, 2, 6)]"
"(9, 20, 24, 9, 0)","[(2, 6, 5, 7)]"
"(9, 20, 24, 24, 0)","[(2, 6, 5, 6), (2, 6, 5, 6), (2, 6, '?', 6)]"
"(9, 20, 24, 25, 0)","[(2, 6, '?', 7), (2, 6, '?', 7), (2, 6, '?', 6)]"
"(9, 20, 25, 2, 0)","[(2, '?', '?', 7), (2, 4, '?', 6), (2, '?', '?', 6), (2, '?', '?', 7), (2, 7, '?', 7), (2, '?', '?', 6), (2, 7, '?', 7), (2, 4, '?', 7), (2, '?', '?', 7), (2, 6, '?', 7), (2, 4, '?', 7), (2, '?', '?', 6), (2, '?', '?', 7), (2, '?', '?', 6), (2, 2, '?', 6), (2, 4, '?', 6), (2, 4, '?', 6)]"
"(9, 20, 25, 3, 0)","[(2, 3, '?', 6), (2, 3, '?', 7), (2, 3, '?', 6), (2, 3, '?', 7)]"
"(9, 20, 25, 4, 0)","[(2, 4, '?', 7)]"
"(9, 20, 25, 5, 0)","[(2, 1, '?', 7), (2, 0, '?', 6), (2, 1, '?', 7), (2, 1, '?', 7), (2, 0, '?', 6), (2, 1, '?', 7), (2, 0, '?', 6), (2, 1, '?', 6), (2, 1, '?', 7), (2, 1, '?', 6), (2, 0, '?', 6), (2, 1, '?', 7), (2, 1, '?', 7), (2, 0, '?', 6)]"
"(9, 20, 25, 11, 0)","[(2, 4, '?', 7)]"
"(9, 20, 25, 14, 0)","[(2, 1, '?', 7)]"
"(9, 20, 25, 15, 0)","[(2, 7, '?', 7), (2, '?', '?', 7), (2, '?', '?', 6), (2, '?', '?', 6)]"
"(9, 20, 25, 16, 0)","[(2, 4, '?', 6), (2, 4, '?', 7), (2, 4, '?', 6), (2, 4, 5, 7), (2, 4, 0, 7), (2, 4, 5, 7)]"
"(9, 20, 25, 22, 0)","[(2, 3, '?', 7), (2, 3, '?', 6), (2, 3, '?', 6), (2, 6, 5, 7), (2, 3, '?', 6), (2, 3, '?', 7), (2, 3, '?', 7), (2, 3, '?', 7), (2, 3, '?', 7)]"
"(9, 20, 25, 23, 0)","[(2, 3, '?', 6)]"
"(9, 20, 25, 24, 0)","[(2, 1, '?', 6), (2, 1, 5, 7), (2, 1, 5, 6), (2, 1, '?', 6), (2, 1, 5, 7)]"
"(9, 20, 25, 25, 0)","[(2, 4, '?', 7), (2, '?', '?', 7), (2, 7, '?', 7), (2, 5, 5, 7), (2, 5, '?', 6), (2, 7, 5, 7), (2, 6, 5, 7), (2, 5, '?', 6), (2, 6, '?', 7), (2, 6, '?', 7), (2, 5, '?', 6), (2, 2, '?', 7), (2, 4, '?', 7), (2, '?', '?', 7), (2, 6, '?', 7), (2, 6, '?', 7), (2, '?', '?', 6)]"
"(9, 20, 25, 26, 0)","[(2, 7, '?', 6), (2, 7, 5, 7), (2, 2, '?', 7), (2, 2, '?', 7), (2, 7, '?', 7), (2, 2, '?', 7), (2, 2, 5, 7), (2, 2, 5, 7), (2, 7, '?', 6), (2, 2, 5, 7), (2, 2, '?', 6), (2, 2, '?', 7), (2, 2, 5, 7), (2, 2, '?', 7)]"
"(9, 20, 26, 4, 0)","[(2, 2, '?', 6), (2, 2, '?', 6)]"
"(9, 20, 26, 10, 0)","[(2, 2, 4, 6), (2, 7, 4, 6), (2, 2, 4, 6)]"
"(9, 20, 26, 12, 0)","[(2, 2, 4, 6)]"
"(9, 20, 26, 17, 0)","[(2, 2, 4, 7), (2, 7, 4, 6), (2, 2, 4, 6)]"
"(9, 20, 26, 25, 0)","[(2, 2, '?', 6), (2, 7, '?', 6), (2, 7, '?', 6), (2, 2, '?', 6), (2, 2, '?', 6), (2, 7, '?', 6), (2, 2, '?', 7), (2, 2, '?', 6), (2, 2, '?', 7)]"
"(9, 21, 2, 13, 0)","[(4, 6, 7, 6), (4, 6, 7, 7), (4, 6, 2, 6), (4, 6, 2, 6), (4, 6, 7, 6)]"
"(9, 21, 2, 17, 0)","[(4, 6, 6, 7), (4, 6, 6, 6), (4, 6, 4, 7), (4, 6, 6, 6), (4, 6, 6, 7), (4, 6, 6, 6), (4, 6, 4, 7), (4, 6, 4, 7), (4, 6, 6, 7), ('?', 6, 4, 6)]"
"(9, 21, 4, 2, 0)","[(3, 6, 6, 6), (3, 6, 6, 6), (3, 6, 4, 6), (3, 6, 6, 6), (3, 6, 6, 6), (3, 6, 6, 6), (3, 6, 4, 7), (3, 6, 4, 7), (3, 6, 4, 6), (3, 6, 6, 6), (3, 6, 4, 6), (3, 6, 4, 6), (3, 6, 6, 6)]"
"(9, 21, 4, 12, 0)","[('?', 6, 6, 6), (2, 6, 6, 6), ('?', 6, 4, 6), ('?', 6, 4, 6), ('?', 6, 6, 6), ('?', 6, 6, 6), ('?', 6, 6, 6), ('?', 6, 4, 6), (2, 6, 6, 6), ('?', 6, 6, 6), ('?', 6, 4, 6)]"
"(9, 21, 4, 20, 0)","[(2, 6, 4, 6)]"
"(9, 21, 7, 10, 0)","[(0, 6, 4, 7), (0, 6, 4, 7), (0, 6, 6, 6), (0, 6, 6, 6), (0, 6, 6, 6)]"
"(9, 21, 7, 17, 0)","[(0, 6, 6, 6), (0, 6, 6, 6), (0, 6, 4, 7)]"
"(9, 21, 12, 2, 0)","[(3, 6, 4, 6), (3, 6, 6, 6)]"
"(9, 21, 12, 12, 0)","[('?', 6, 6, 6), ('?', 6, 4, 6)]"
"(9, 21, 13, 2, 0)","[(3, 6, 7, 6), (3, 6, 2, 6), (3, 6, 7, 7), (3, 6, 2, 6), (3, 6, 7, 6), (4, 6, 2, 6), (3, 6, 7, 6), (3, 6, 2, 6), (3, 6, 2, 7), (3, 6, 7, 6), (3, 6, 7, 6), (3, 6, 2, 6)]"
"(9, 21, 13, 9, 0)","[('?', 6, 2, 6)]"
"(9, 21, 13, 10, 0)","[(5, 6, 2, 7), (1, 6, 7, 6)]"
"(9, 21, 13, 13, 0)","[('?', 6, 2, 6), ('?', 6, 7, 7), (3, 6, 7, 7), ('?', 6, 2, 6)]"
"(9, 21, 13, 17, 0)","[(1, 6, 7, 7), (1, 6, 7, 7)]"
"(9, 21, 13, 20, 0)","[(2, 6, 2, 6), (2, 6, 7, 6)]"
"(9, 21, 17, 12, 0)","[(5, 6, 6, 7)]"
"(9, 21, 20, 13, 0)","[(2, 6, 2, 6)]"
"(9, 21, 21, 7, 0)","[(2, 6, 7, 6)]"
"(9, 21, 25, 2, 0)","[(3, 6, '?', 6)]"
"(9, 21, 27, 2, 0)","[(0, 6, 2, 6)]"
"(9, 21, 27, 13, 0)","[(0, 6, 2, 7)]"
"(9, 21, 27, 16, 0)","[(0, 6, 7, 7), (0, 6, 7, 6), (0, 6, 7, 6), (0, 6, 2, 6)]"
"(9, 21, 27, 21, 0)","[(0, 6, 2, 6)]"
"(9, 21, 27, 25, 0)","[(0, 6, 7, 7), (0, 6, 7, 7)]"
"(9, 21, 27, 27, 0)","[(0, 6, 2, 6)]"
"(9, 24, 1, 10, 0)","[(1, 6, 3, 6)]"
"(9, 24, 1, 11, 0)","[('?', 6, 0, 7)]"
"(9, 24, 2, 9, 0)","[(4, 6, 5, 6), (4, 6, 5, 6), (4, 6, 1, 6), (4, 6, '?', 6), (4, 6, 5, 7), (4, 6, 5, 7), (4, 6, 5, 6), (4, 6, 1, 6), (4, 6, 5, 6), (4, 6, 1, 6), (4, 6, '?', 6), (4, 6, 5, 6), (4, 6, 5, 7), (4, 6, 5, 7), (4, 6, 5, 6)]"
"(9, 24, 2, 10, 0)","[(4, 6, 6, 6), (4, 6, 4, 6), (4, 6, 4, 7), (4, 6, 6, 7)]"
"(9, 24, 2, 13, 0)","[(4, 6, 2, 6), (4, 6, 7, 6), (4, 6, 7, 6), (4, 6, 7, 6), (4, 6, 2, 6), (4, 6, 7, 7), (4, 6, 7, 7), (4, 6, 7, 7), (4, 6, 7, 6), (4, 6, 7, 7), (4, 6, 2, 6)]"
"(9, 24, 2, 15, 0)","[(4, 6, '?', 6)]"
"(9, 24, 2, 17, 0)","[(4, 6, 4, 7), (4, 6, 4, 7), (4, 6, 6, 6), (4, 6, 4, 6), (4, 6, 4, 6), (4, 6, 6, 6), (4, 6, 4, 6), (4, 6, 6, 6), (4, 6, 4, 7), (4, 6, 6, 7), (4, 6, 4, 6), (4, 6, 4, 6), (4, 6, 6, 7)]"
"(9, 24, 7, 9, 0)","[(0, 6, 1, 6), (0, 6, 1, 6), (0, 6, 1, 6)]"
"(9, 24, 7, 10, 0)","[(0, 6, 4, 7)]"
"(9, 24, 7, 11, 0)","[(0, 6, '?', 7)]"
"(9, 24, 7, 21, 0)","[(0, 6, '?', 7)]"
"(9, 24, 7, 25, 0)","[(0, 6, '?', 7), ('?', 6, '?', 7), (0, 6, '?', 7), (0, 6, '?', 7)]"
"(9, 24, 9, 10, 0)","[(5, 6, 1, 6)]"
"(9, 24, 9, 13, 0)","[(2, 6, 5, 6), ('?', 6, 5, 7), (5, 6, 5, 6)]"
"(9, 24, 9, 20, 0)","[(2, 6, 5, 6)]"
"(9, 24, 11, 2, 0)","[(3, 6, 0, 6), (3, 6, 3, 6), (3, 6, 0, 6), (3, 6, 0, 6), (3, 6, 3, 6), (3, 6, 0, 6)]"
"(9, 24, 11, 10, 0)","[(1, 6, 3, 6), (1, 6, 3, 7), (5, 6, 3, 7), (5, 6, 3, 7), (1, 6, 3, 6), (1, 6, 3, 7)]"
"(9, 24, 11, 11, 0)","[('?', 6, 3, 6), ('?', 6, 0, 7), ('?', 6, 0, 7), ('?', 6, 0, 6), ('?', 6, 0, 6), ('?', 6, 0, 7), ('?', 6, 3, 7)]"
"(9, 24, 11, 12, 0)","[('?', 6, 3, 7)]"
"(9, 24, 11, 16, 0)","[(3, 6, 0, 6), (3, 6, 0, 6)]"
"(9, 24, 11, 17, 0)","[(5, 6, 0, 7), (5, 6, 3, 7)]"
"(9, 24, 11, 25, 0)","[('?', 6, 3, 7), ('?', 6, 0, 6), ('?', 6, 3, 7), ('?', 6, 3, 7), ('?', 6, 0, 6), ('?', 6, 3, 7), ('?', 6, 3, 6), ('?', 6, 0, 6), ('?', 6, 3, 7)]"
"(9, 24, 12, 2, 0)","[(3, 6, '?', 7)]"
"(9, 24, 13, 10, 0)","[(1, 6, 7, 6), (1, 6, 2, 6), (1, 6, 2, 6), (1, 6, 2, 6), (1, 6, 2, 6)]"
"(9, 24, 13, 20, 0)","[(2, 6, 7, 6), (2, 6, 7, 6)]"
"(9, 24, 13, 25, 0)","[('?', 6, 2, 6), ('?', 6, 2, 6), (1, 6, 7, 6), ('?', 6, 2, 6)]"
"(9, 24, 15, 2, 0)","[(4, 6, '?', 6)]"
"(9, 24, 15, 9, 0)","[(4, 6, 5, 6), (4, 6, 5, 6), (4, 6, 5, 7)]"
"(9, 24, 15, 11, 0)","[(4, 6, 0, 7), (4, 6, 0, 7)]"
"(9, 24, 15, 13, 0)","[(4, 6, 7, 7)]"
"(9, 24, 15, 15, 0)","[(4, 6, '?', 6), (4, 6, '?', 6), (4, 6, '?', 6)]"
"(9, 24, 15, 16, 0)","[(4, 6, 0, 7), (4, 6, 3, 7)]"
"(9, 24, 15, 25, 0)","[(4, 6, '?', 6), (4, 6, '?', 6)]"
"(9, 24, 16, 9, 0)","[(4, 6, 5, 7)]"
"(9, 24, 16, 11, 0)","[(4, 6, 0, 6), (4, 6, 3, 7), (4, 6, 3, 6), (4, 6, 3, 7), (4, 6, 3, 6), (4, 6, 0, 7), (4, 6, 3, 7), (4, 6, 0, 7), (4, 6, 0, 6), (4, 6, 0, 6), (4, 6, 0, 7), (4, 6, 0, 7), (4, 6, 3, 7), (4, 6, 0, 6), (4, 6, 0, 6), (4, 6, 3, 7)]"
"(9, 24, 16, 16, 0)","[(4, 6, 0, 6), (4, 6, 0, 7), (4, '?', 3, 6), (4, 6, 3, 7), (4, 6, 3, 6), (4, 6, 3, 7)]"
"(9, 24, 18, 11, 0)","[(0, 6, 3, 6), (0, 6, 3, 6), (0, 6, 3, 7)]"
"(9, 24, 18, 15, 0)","[(0, 6, 0, 7)]"
"(9, 24, 18, 16, 0)","[(0, 6, 0, 6), (0, 6, 0, 6), (0, 6, 0, 6), (0, 6, 3, 7), (0, 6, 3, 7), (0, 6, 0, 7), (0, 6, 3, 6), (0, 6, 0, 7), (0, 6, 0, 6), (0, 6, 3, 6), (0, 6, 3, 6), (0, 6, 3, 7), (0, 6, 3, 7), (0, 6, 0, 7)]"
"(9, 24, 18, 24, 0)","[(0, 6, 0, 7), (0, 6, 0, 6), (0, 6, 0, 7)]"
"(9, 24, 18, 25, 0)","[(0, 6, 3, 6), (0, 6, 3, 7)]"
"(9, 24, 20, 10, 0)","[(2, 6, 6, 6)]"
"(9, 24, 21, 25, 0)","[('?', 6, 1, 6)]"
"(9, 24, 25, 2, 0)","[(3, 6, '?', 7), (3, 6, '?', 6), (6, 6, '?', 6), (6, 6, '?', 7), (3, 6, '?', 6), (3, 6, '?', 6), (3, 6, '?', 6), (3, 6, '?', 7), (3, 6, '?', 6)]"
"(9, 24, 25, 4, 0)","[('?', 6, '?', 7), ('?', 6, '?', 6)]"
"(9, 24, 25, 9, 0)","[('?', 6, 5, 6), (5, 6, 5, 6), ('?', 6, '?', 6)]"
"(9, 24, 25, 13, 0)","[('?', 6, 5, 6)]"
"(9, 24, 25, 17, 0)","[(5, 6, '?', 7), (1, 6, '?', 7)]"
"(9, 24, 25, 21, 0)","[('?', 6, '?', 6)]"
"(9, 24, 25, 25, 0)","[(5, 6, 5, 6), ('?', 6, '?', 6), ('?', 6, 5, 6), ('?', 6, '?', 6), ('?', 6, '?', 6), ('?', 6, '?', 7), ('?', 6, '?', 6)]"
"(9, 24, 27, 25, 0)","[(0, 6, 7, 6)]"
"(9, 25, 1, 10, 0)","[(1, 6, 0, 7)]"
"(9, 25, 1, 24, 0)","[(1, 6, 3, 6)]"
"(9, 25, 2, 2, 0)","[(4, 0, '?', 7)]"
"(9, 25, 2, 5, 0)","[(4, 1, '?', 6)]"
"(9, 25, 2, 9, 0)","[(4, 4, '?', 6)]"
"(9, 25, 2, 13, 0)","[(4, 0, 2, 6)]"
"(9, 25, 2, 14, 0)","[(4, 0, '?', 6), (4, 0, '?', 6), (4, 1, '?', 7), (4, 0, '?', 7)]"
"(9, 25, 2, 15, 0)","[(4, 3, 7, 6), (4, '?', '?', 7), (4, 0, '?', 7)]"
"(9, 25, 2, 16, 0)","[(4, 4, '?', 6), (4, 4, '?', 6), (4, 5, '?', 7), (4, 5, '?', 7), (4, 5, '?', 7), (4, 5, '?', 7), (4, 5, '?', 6), (4, 5, '?', 7)]"
"(9, 25, 2, 21, 0)","[(4, 6, 7, 7)]"
"(9, 25, 2, 25, 0)","[(4, 0, '?', 7), (4, 0, 5, 7), (4, 0, 5, 7), (4, 0, 5, 7)]"
"(9, 25, 2, 26, 0)","[(4, 7, '?', 7), (4, 7, '?', 7), (4, 2, 5, 7), (4, 7, '?', 7), (4, 2, '?', 6), (4, 2, '?', 7), (4, 7, '?', 7), (4, 7, '?', 7)]"
"(9, 25, 3, 2, 0)","[(3, 5, '?', 6), (3, 5, '?', 6), (3, 5, '?', 6), (3, 5, '?', 6)]"
"(9, 25, 3, 7, 0)","[(0, 5, '?', 7), (0, 5, '?', 6), (0, 5, '?', 6), (0, 5, '?', 7), (0, 5, '?', 7), (0, 5, '?', 6)]"
"(9, 25, 3, 12, 0)","[('?', 5, '?', 6)]"
"(9, 25, 3, 13, 0)","[('?', 5, 2, 6)]"
"(9, 25, 3, 16, 0)","[(3, 5, '?', 6), (3, 5, '?', 6), (3, 5, '?', 6), (3, 5, '?', 6)]"
"(9, 25, 3, 17, 0)","[(1, 5, '?', 7), (1, 5, '?', 7), (5, 5, '?', 7)]"
"(9, 25, 3, 25, 0)","[('?', 5, '?', 6), ('?', 5, '?', 6), ('?', 5, '?', 7), (0, 5, '?', 7), ('?', 5, '?', 7), ('?', 5, 5, 7), ('?', 5, '?', 6), ('?', 5, '?', 7), (0, 5, '?', 7), ('?', 5, '?', 7), ('?', 5, '?', 6), ('?', 5, '?', 6), ('?', 5, '?', 6)]"
"(9, 25, 4, 5, 0)","[('?', 1, '?', 6)]"
"(9, 25, 4, 9, 0)","[('?', 4, '?', 7), ('?', 4, '?', 6), ('?', 4, '?', 6), ('?', 4, '?', 7), ('?', 4, '?', 6)]"
"(9, 25, 4, 14, 0)","[(3, 1, '?', 6)]"
"(9, 25, 4, 16, 0)","[(3, 4, '?', 7), (3, 4, '?', 6), (3, 4, '?', 7), (3, 4, '?', 6), (3, 4, '?', 7), (3, 4, '?', 6), (3, 4, '?', 6), (3, 4, '?', 6)]"
"(9, 25, 6, 10, 0)","[(1, 7, 3, 7), (5, 2, 3, 7), (5, 2, 3, 6), (5, 2, 3, 7), (1, 2, 3, 6), (1, 7, 3, 7)]"
"(9, 25, 6, 25, 0)","[('?', 2, 3, 7)]"
"(9, 25, 7, 3, 0)","[(0, 3, '?', 6), (0, 3, '?', 7), (0, 3, '?', 7)]"
"(9, 25, 7, 5, 0)","[(0, 1, '?', 6), (0, 1, '?', 6), (0, 1, '?', 7), (0, 1, '?', 7), (0, 0, '?', 7), (0, 1, '?', 6), (0, 1, '?', 6), (0, 1, '?', 7)]"
"(9, 25, 7, 6, 0)","[(0, 2, '?', 6), (0, 2, '?', 7)]"
"(9, 25, 7, 14, 0)","[(0, 1, '?', 6)]"
"(9, 25, 7, 16, 0)","[(0, 4, '?', 7), (0, 4, '?', 7), (0, 4, '?', 7)]"
"(9, 25, 7, 18, 0)","[(0, 4, '?', 7)]"
"(9, 25, 7, 21, 0)","[(0, 6, '?', 7)]"
"(9, 25, 7, 22, 0)","[(0, 3, '?', 7), (0, 3, '?', 7), (0, 3, '?', 6), (0, 3, '?', 7)]"
"(9, 25, 7, 24, 0)","[(0, 0, '?', 7), (0, 1, 5, 6), (0, 6, '?', 7), (0, 0, '?', 7)]"
"(9, 25, 7, 25, 0)","[(0, '?', '?', 7), (0, 0, '?', 7), (0, '?', '?', 7), (0, 0, '?', 7), (0, '?', '?', 7), (0, 4, '?', 7), (0, '?', '?', 7), (0, 5, '?', 7), (0, '?', '?', 7)]"
"(9, 25, 7, 26, 0)","[(0, 2, '?', 7), (0, 2, '?', 7), (0, 7, '?', 6), (0, 7, '?', 6), (0, 7, '?', 6), (0, 2, '?', 7), (0, 2, '?', 6), (0, 2, '?', 7), (0, 7, '?', 6), (0, 7, '?', 6), (0, 2, '?', 7), (0, 7, '?', 6), (0, 2, '?', 7), (0, 2, '?', 6), (0, 2, '?', 7), (0, 2, '?', 7), (0, 7, '?', 6), (0, 2, '?', 6)]"
"(9, 25, 9, 5, 0)","[(1, 1, 5, 6)]"
"(9, 25, 9, 16, 0)","[(3, 4, '?', 6)]"
"(9, 25, 9, 25, 0)","[('?', 1, 5, 7)]"
"(9, 25, 10, 1, 0)","[(5, 1, 3, 7), (1, 1, 3, 7), (1, 1, 3, 6), (5, 1, 3, 7), (1, 0, 3, 7), (1, 0, 3, 7), (1, 1, 3, 7), (1, 1, 3, 6), (1, 1, 3, 7), (1, 0, 3, 7), (1, 0, 3, 6), (1, 1, 3, 6), (5, 1, 3, 7), (5, 0, 3, 6), (1, 1, 3, 7), (1, 1, 3, 6), (1, 1, 3, 7), (1, 1, 3, 6), (1, 0, 3, 6)]"
"(9, 25, 10, 3, 0)","[(1, 3, '?', 6), (1, 3, '?', 6), (1, 3, '?', 7), (1, 3, '?', 7), (1, 3, '?', 7), (1, 3, '?', 6), (5, 3, 7, 6), (1, 3, 1, 6), (1, 3, 1, 6), (1, 3, '?', 7), (1, 3, '?', 7), (5, 3, '?', 6), (5, 3, '?', 6), (1, 3, '?', 6), (5, 3, '?', 6), (1, 3, '?', 7), (5, 3, '?', 6), (1, 3, 1, 6), (1, 3, '?', 6), (5, 3, '?', 6), (5, 3, '?', 6)]"
"(9, 25, 10, 5, 0)","[(1, 1, 5, 6), (1, 1, 5, 6), (1, 1, '?', 7), (5, 0, 5, 6), (5, 0, '?', 6), (1, 0, 5, 6), (5, 0, '?', 6), (5, 0, '?', 6), (1, 0, 5, 6), (1, 1, '?', 6), (1, 0, 5, 6), (5, 1, 5, 7), (5, 1, '?', 6), (1, 1, 5, 7), (5, 1, 5, 7), (5, 1, '?', 6), (1, 1, '?', 6), (5, 1, '?', 7), (5, 1, 5, 7), (5, 1, '?', 6), (1, 1, 5, 6), (1, 1, 5, 6), (1, 1, '?', 6), (5, 1, '?', 6), (1, 1, '?', 6), (5, 0, '?', 6), (5, 0, '?', 6), (1, 1, 5, 6), (5, 1, '?', 7), (1, 1, '?', 6), (5, 1, '?', 7), (5, 1, '?', 7), (5, 1, '?', 6), (1, 1, '?', 7), (1, 0, 5, 6)]"
"(9, 25, 10, 6, 0)","[(1, 7, 3, 7)]"
"(9, 25, 10, 8, 0)","[(1, 3, 3, 6)]"
"(9, 25, 10, 9, 0)","[(1, 0, 5, 7), (1, 5, '?', 7), (5, 5, 5, 7), (1, 0, 5, 6), (1, 5, '?', 6), (5, '?', 5, 6), (1, 5, 5, 7), (1, '?', 5, 7), (1, 4, '?', 7), (1, 5, '?', 6)]"
"(9, 25, 10, 10, 0)","[(5, 0, '?', 6), (5, 5, '?', 7), (1, 6, '?', 7), (1, 5, '?', 6), (5, 5, '?', 7), (5, 5, '?', 7), (5, 3, 1, 6), (1, 5, 1, 7), (1, 5, 4, 7), (1, '?', '?', 7), (5, 1, '?', 7), (1, '?', '?', 7), (1, 1, '?', 7), (1, 5, '?', 7), (1, 5, '?', 6), (5, 2, '?', 7), (1, '?', '?', 6)]"
"(9, 25, 10, 11, 0)","[(1, '?', 3, 7), (1, 7, 3, 7)]"
"(9, 25, 10, 12, 0)","[(1, 1, 1, 6), (1, 1, 1, 6)]"
"(9, 25, 10, 13, 0)","[(5, 6, 5, 7)]"
"(9, 25, 10, 17, 0)","[(1, 5, '?', 6), (1, 5, '?', 7), (5, 5, '?', 7)]"
"(9, 25, 10, 21, 0)","[(1, 6, '?', 7), (5, 6, '?', 7), (1, 6, '?', 7)]"
"(9, 25, 10, 22, 0)","[(1, 3, '?', 6)]"
"(9, 25, 10, 24, 0)","[(5, 0, '?', 6), (5, 1, '?', 7)]"
"(9, 25, 10, 25, 0)","[(1, 6, '?', 7), (1, '?', 5, 7), (1, '?', '?', 6), (1, 0, 5, 7), (1, '?', '?', 6), (5, 7, '?', 7), (1, '?', 5, 7), (1, '?', '?', 7), (1, 6, '?', 7), (1, 6, '?', 7), (1, 6, '?', 7), (1, 0, 7, 7), (1, '?', '?', 7), (1, 1, '?', 7), (1, 1, '?', 7), (1, 0, 5, 7), (5, 6, '?', 7), (5, 6, 5, 7), (1, 1, 1, 6), (1, 0, 5, 7), (1, '?', '?', 6), (1, '?', '?', 6), (1, 0, 5, 7), (1, '?', '?', 7), (1, 2, '?', 7), (1, 0, 5, 7), (1, '?', '?', 6), (1, '?', '?', 7), (1, '?', '?', 7)]"
"(9, 25, 10, 26, 0)","[(1, 2, 5, 6), (5, 2, 5, 7), (1, 2, 1, 6), (1, 2, 5, 6), (5, 2, 5, 7), (1, 7, '?', 6), (5, 7, '?', 7), (1, 7, '?', 6), (5, 2, '?', 7), (5, 2, '?', 7), (5, 2, '?', 7), (1, 7, 5, 7), (1, 2, '?', 7), (5, 2, '?', 7), (5, 2, '?', 7), (1, 7, '?', 6), (1, 2, '?', 7), (1, 2, '?', 6), (5, 2, '?', 6), (5, 2, '?', 7), (5, 7, '?', 6), (1, 2, '?', 6), (5, 7, '?', 7), (1, 7, 5, 7), (5, 7, '?', 7), (1, 7, 5, 7), (1, 2, 1, 6), (5, 7, '?', 7), (1, 2, '?', 7), (5, 2, 5, 7), (1, 7, 5, 7), (1, 2, '?', 6), (5, 2, 5, 7), (1, 2, '?', 6)]"
"(9, 25, 11, 1, 0)","[(1, 0, 3, 7), (1, 0, 0, 7), ('?', 0, 0, 7), (1, 0, 3, 6)]"
"(9, 25, 11, 10, 0)","[(1, 7, 3, 7), (1, 5, 0, 7), (5, 7, 3, 7), (5, 7, 3, 7), (5, 4, 3, 6), (1, 4, 3, 6), (1, 4, 3, 6), (1, 0, 3, 7), (1, 4, 3, 6), (1, 4, 3, 6)]"
"(9, 25, 11, 16, 0)","[(3, 4, '?', 6)]"
"(9, 25, 11, 17, 0)","[(1, 4, 3, 6)]"
"(9, 25, 11, 24, 0)","[('?', 1, 3, 6), ('?', 1, 3, 7), ('?', 1, 3, 6), ('?', 1, 3, 6)]"
"(9, 25, 11, 25, 0)","[('?', 7, 3, 7), ('?', 7, 3, 7), ('?', '?', 3, 6)]"
"(9, 25, 12, 5, 0)","[('?', 0, '?', 6)]"
"(9, 25, 12, 24, 0)","[('?', 0, '?', 6)]"
"(9, 25, 13, 3, 0)","[('?', 3, 5, 7)]"
"(9, 25, 13, 14, 0)","[(3, 1, 2, 6)]"
"(9, 25, 13, 26, 0)","[('?', 2, 2, 7)]"
"(9, 25, 15, 2, 0)","[(4, 0, '?', 7), (4, 3, 5, 7), (4, 5, '?', 7), (4, 1, '?', 7), (4, 0, '?', 6), (4, 5, '?', 7)]"
"(9, 25, 15, 5, 0)","[(4, 1, '?', 7), (4, 0, '?', 6), (4, 1, '?', 6), (4, 0, '?', 6), (4, 1, '?', 6), (4, 1, '?', 7), (4, 1, '?', 6), (4, 1, '?', 6)]"
"(9, 25, 15, 13, 0)","[(4, '?', 2, 7)]"
"(9, 25, 15, 14, 0)","[(4, 1, 5, 7), (4, 0, 5, 6)]"
"(9, 25, 15, 15, 0)","[(4, '?', '?', 6), (4, 0, '?', 7), (4, '?', '?', 7), (4, '?', '?', 6), (4, 0, '?', 7), (4, '?', '?', 7), (4, '?', '?', 6), (4, '?', '?', 6), (4, 3, '?', 6), (4, '?', '?', 6), (4, '?', '?', 7), (4, 3, '?', 6), (4, 3, '?', 6), (4, 0, '?', 7), (4, 3, '?', 6), (4, 3, '?', 6), (4, '?', '?', 6), (4, '?', '?', 7), (4, '?', '?', 7), (4, 3, '?', 6)]"
"(9, 25, 15, 23, 0)","[(4, 3, '?', 6)]"
"(9, 25, 15, 24, 0)","[(4, 1, '?', 6), (4, 1, '?', 7), (4, 1, '?', 6), (4, 1, '?', 7), (4, 1, '?', 7), (4, 1, '?', 6), (4, 0, '?', 6), (4, 1, '?', 7)]"
"(9, 25, 15, 26, 0)","[(4, 2, '?', 7), (4, 2, '?', 6), (4, 2, '?', 6), (4, 2, '?', 6), (4, 7, '?', 7), (4, 2, '?', 7), (4, 2, '?', 6), (4, 2, '?', 7), (4, 7, 5, 7), (4, 2, '?', 7), (4, 2, '?', 6), (4, 7, '?', 7)]"
"(9, 25, 16, 16, 0)","[(4, 4, '?', 6)]"
"(9, 25, 16, 17, 0)","[(4, 4, '?', 6)]"
"(9, 25, 16, 26, 0)","[(4, 2, '?', 7), (4, 2, '?', 7), (4, 2, '?', 7)]"
"(9, 25, 17, 1, 0)","[(1, 1, 3, 6), (5, 1, 3, 7)]"
"(9, 25, 17, 3, 0)","[(1, 3, '?', 6), (1, 3, '?', 6), (5, 3, '?', 6), (1, 3, '?', 7)]"
"(9, 25, 17, 5, 0)","[(5, 1, '?', 6), (5, 1, '?', 7), (1, 1, '?', 7), (1, 1, '?', 6), (1, 1, 5, 7), (1, 1, '?', 6), (5, 0, '?', 6), (5, 0, '?', 6), (5, 1, '?', 6), (5, 0, '?', 6), (5, 1, '?', 6), (1, 1, '?', 7)]"
"(9, 25, 17, 9, 0)","[(1, 4, '?', 6), (5, 4, '?', 6), (1, 4, '?', 7), (5, 5, '?', 7), (1, 4, '?', 7), (1, 4, '?', 6)]"
"(9, 25, 17, 10, 0)","[(1, 4, '?', 6), (5, 4, 1, 7), (1, 4, 1, 7), (1, 4, 1, 7), (5, 5, 5, 7), (5, 4, 5, 7)]"
"(9, 25, 17, 12, 0)","[(1, 4, '?', 6)]"
"(9, 25, 17, 16, 0)","[(1, 4, 0, 7)]"
"(9, 25, 17, 17, 0)","[(1, 4, '?', 7), (1, 5, '?', 7), (1, 4, '?', 6), (1, 4, 5, 6), (1, 4, '?', 6), (5, 5, '?', 7), (1, 4, '?', 6), (5, 4, '?', 6), (5, 5, '?', 7), (1, 4, '?', 7), (1, 4, '?', 7), (1, 4, 5, 6), (1, 4, '?', 7), (5, 4, '?', 6), (1, 5, '?', 6), (1, 5, '?', 7), (1, 4, '?', 7)]"
"(9, 25, 17, 26, 0)","[(5, 2, '?', 6), (5, 2, '?', 7), (1, 2, '?', 6), (5, 7, '?', 7), (1, 2, '?', 6), (1, 7, '?', 6), (1, 2, '?', 7), (5, 2, '?', 6), (1, 7, '?', 6), (5, 2, '?', 6), (5, 7, '?', 7), (5, 7, '?', 7), (1, 2, '?', 6), (1, 7, '?', 6), (1, 2, '?', 7), (1, 2, '?', 6), (5, 2, '?', 6), (5, 7, '?', 7), (5, 2, '?', 6), (5, 2, '?', 6), (1, 2, '?', 6)]"
"(9, 25, 18, 6, 0)","[(0, 7, 3, 6)]"
"(9, 25, 18, 26, 0)","[(0, 7, 3, 7)]"
"(9, 25, 20, 3, 0)","[(2, 3, '?', 6), (2, 3, '?', 6), (2, 3, '?', 7)]"
"(9, 25, 20, 5, 0)","[(2, 0, '?', 6)]"
"(9, 25, 21, 2, 0)","[(3, 6, '?', 7), (3, 6, '?', 7), (3, 6, '?', 7)]"
"(9, 25, 21, 10, 0)","[(5, 6, 5, 7), (5, 6, '?', 7), (5, 6, 5, 7), (5, 6, '?', 7)]"
"(9, 25, 21, 17, 0)","[(5, 6, '?', 7), (5, 6, '?', 7), (1, 6, '?', 7)]"
"(9, 25, 21, 25, 0)","[('?', 6, 5, 7), ('?', 6, '?', 6), ('?', 6, '?', 7), ('?', 6, '?', 7), (5, 6, 5, 7)]"
"(9, 25, 24, 21, 0)","[('?', 6, '?', 6)]"
"(9, 25, 24, 25, 0)","[('?', 6, '?', 6)]"
"(9, 25, 25, 2, 0)","[(3, 4, '?', 6), (3, 1, '?', 7), (3, '?', '?', 6), (3, 4, '?', 6), (3, '?', '?', 7), (3, '?', '?', 7), (3, 1, '?', 7), (3, '?', '?', 6), (3, 6, 5, 7), (3, '?', '?', 6), (3, '?', '?', 7), (3, 0, '?', 6), (3, '?', '?', 6), (3, '?', '?', 7), (3, '?', '?', 6), ('?', '?', '?', 7), (3, 1, '?', 7), (3, 0, 5, 7), (3, 4, '?', 7), (3, '?', '?', 7)]"
"(9, 25, 25, 3, 0)","[('?', 3, '?', 7), ('?', 3, 5, 6), ('?', 3, '?', 6), ('?', 3, '?', 7), ('?', 3, '?', 7), ('?', 3, '?', 6), ('?', 3, '?', 6), ('?', 3, '?', 7), ('?', 3, '?', 6), ('?', 3, '?', 6), ('?', 3, 5, 7), ('?', 3, '?', 7), ('?', 3, '?', 6), (2, 3, 5, 7), ('?', 3, '?', 7), ('?', 3, '?', 6), ('?', 3, '?', 7), ('?', 3, '?', 7), ('?', 3, '?', 7), ('?', 3, '?', 6)]"
"(9, 25, 25, 4, 0)","[('?', 4, '?', 6), ('?', 4, '?', 7), (5, 4, '?', 6)]"
"(9, 25, 25, 5, 0)","[('?', 1, '?', 7), ('?', 0, 5, 6), ('?', 1, '?', 6), ('?', 1, '?', 6), ('?', 1, 5, 6), ('?', 0, '?', 6), ('?', 1, '?', 7), ('?', 0, '?', 6), ('?', 1, '?', 6), ('?', 1, '?', 6), ('?', 1, '?', 6), ('?', 1, 5, 7), ('?', 1, '?', 6), ('?', 0, 5, 7), ('?', 1, 5, 7), ('?', 1, '?', 7), ('?', 0, '?', 6), ('?', 1, 5, 7), ('?', 1, '?', 7), ('?', 1, '?', 7)]"
"(9, 25, 25, 9, 0)","[('?', 4, '?', 7), ('?', 4, 5, 7), ('?', 4, '?', 6), ('?', 4, '?', 6)]"
"(9, 25, 25, 12, 0)","[('?', 4, '?', 6), ('?', '?', '?', 7), ('?', '?', '?', 6), ('?', '?', '?', 6)]"
"(9, 25, 25, 14, 0)","[(3, 0, '?', 6), (3, 1, '?', 7), (3, 0, '?', 6), (3, 1, '?', 7), (3, 0, '?', 6), (3, 0, '?', 6), (3, 1, '?', 6), (3, 1, '?', 7), (3, 0, '?', 6), (3, 1, '?', 6), (3, 1, '?', 6), (3, 1, '?', 6), (3, 1, '?', 6), (3, 1, '?', 6), (3, 1, '?', 7), (3, 0, '?', 6), (3, 0, '?', 6), (3, 1, '?', 6)]"
"(9, 25, 25, 16, 0)","[(3, 4, '?', 7), (3, 4, '?', 7), (3, 1, '?', 7)]"
"(9, 25, 25, 22, 0)","[(3, 3, '?', 6), (3, 3, '?', 6), (3, 3, '?', 6), (3, 3, '?', 6), (3, 3, '?', 6)]"
"(9, 25, 25, 24, 0)","[('?', 1, '?', 7), ('?', 0, '?', 6), ('?', 1, '?', 7), ('?', 1, '?', 6), (2, 0, '?', 6), ('?', 0, '?', 6)]"
"(9, 25, 25, 25, 0)","[('?', '?', '?', 6), ('?', '?', '?', 6), ('?', '?', '?', 7), ('?', 6, 5, 7), ('?', '?', '?', 7), ('?', 7, '?', 7), ('?', 5, '?', 7), ('?', '?', '?', 6), ('?', '?', '?', 6), ('?', '?', '?', 6), ('?', '?', '?', 6), ('?', 6, 5, 7), ('?', '?', '?', 7), ('?', 6, 5, 7), ('?', 5, '?', 6), ('?', 5, '?', 7), ('?', '?', '?', 7), (5, 7, '?', 6), ('?', '?', '?', 7)]"
"(9, 25, 25, 26, 0)","[(5, 7, '?', 6), ('?', 2, '?', 6), ('?', 7, '?', 6), (5, 7, '?', 6), ('?', 7, '?', 7), (5, 7, '?', 6), ('?', 2, '?', 6), ('?', 7, '?', 6)]"
"(9, 25, 26, 2, 0)","[(3, 7, '?', 6), (3, 7, '?', 6), (3, 7, '?', 6), (3, 2, '?', 7), (3, 7, '?', 6), (3, 2, '?', 7), (3, 2, '?', 7), (3, 2, '?', 6), (3, 2, '?', 6), (3, 2, '?', 6), (3, 2, '?', 6), (3, 7, '?', 6), (3, 2, '?', 7), (3, 7, '?', 6), (3, 7, '?', 6), (3, 7, '?', 6), (3, 2, '?', 6), (3, 2, '?', 7), (3, 2, '?', 6), (3, 2, '?', 6), (3, 2, '?', 7), (3, 2, '?', 7), (3, 7, '?', 6), (3, 2, '?', 6), (3, 2, '?', 7)]"
"(9, 25, 26, 4, 0)","[('?', 2, '?', 6)]"
"(9, 25, 26, 10, 0)","[(1, 2, 5, 6), (1, 7, 5, 6), (1, 7, 5, 7), (1, 2, 5, 6), (1, 7, 5, 6)]"
"(9, 25, 26, 13, 0)","[('?', 2, 5, 6)]"
"(9, 25, 26, 17, 0)","[(5, 2, 5, 6)]"
"(9, 25, 26, 23, 0)","[(3, 2, '?', 7), (3, 2, '?', 6)]"
"(9, 25, 26, 25, 0)","[('?', 7, '?', 7), (5, 2, 5, 6), (5, 2, 5, 6), ('?', 2, '?', 6), ('?', 7, '?', 7), (5, 7, '?', 6), (2, 2, 5, 6), ('?', 2, '?', 6), (5, 7, '?', 6), ('?', 7, '?', 7), ('?', 7, '?', 6), ('?', 7, '?', 7), ('?', 7, '?', 6), ('?', 7, '?', 6), ('?', 2, 5, 6), ('?', 2, '?', 6), ('?', 7, '?', 6), ('?', 7, '?', 6), ('?', 2, '?', 6), (5, 7, '?', 6)]"
"(9, 26, 2, 13, 0)","[(4, 7, 7, 7), (4, 2, 7, 7), (4, 7, 7, 6)]"
"(9, 26, 2, 17, 0)","[(4, 7, 6, 6), (4, 7, 4, 7), (4, 7, 6, 7)]"
"(9, 26, 4, 2, 0)","[(3, 2, 6, 7), (3, 2, 6, 7), (3, 7, 4, 6), (3, 7, 4, 7), (3, 7, 4, 6)]"
"(9, 26, 4, 7, 0)","[(0, 2, 4, 7), (0, 2, 4, 6)]"
"(9, 26, 4, 12, 0)","[('?', 2, 4, 6), ('?', 2, 6, 6), ('?', 2, 6, 6), ('?', 7, 4, 6)]"
"(9, 26, 4, 18, 0)","[(0, 2, 6, 6)]"
"(9, 26, 7, 10, 0)","[(0, 7, 6, 6), (0, 7, 4, 7)]"
"(9, 26, 7, 16, 0)","[(0, 2, '?', 6), (0, 2, '?', 6), (0, 2, '?', 6)]"
"(9, 26, 7, 17, 0)","[(0, 7, 6, 6)]"
"(9, 26, 13, 2, 0)","[(3, 2, 7, 7), (3, 2, 2, 6), (3, 7, 2, 7), (3, 2, 2, 7)]"
"(9, 26, 13, 11, 0)","[('?', 2, 7, 6)]"
"(9, 26, 13, 17, 0)","[(5, 2, 2, 6), (1, 7, 2, 6), (1, 7, 2, 6)]"
"(9, 26, 13, 26, 0)","[('?', 2, 7, 7)]"
"(9, 26, 23, 13, 0)","[(4, 2, 2, 6)]"
"(9, 26, 27, 16, 0)","[(0, 2, 2, 6), (0, 2, 7, 7), (0, 2, 7, 7), (0, 2, 2, 6), (0, 2, 2, 6)]"
"(9, 26, 27, 25, 0)","[(0, 2, 2, 6)]"
"(10, 10, 10, 3, 0)","[(1, 3, 6, 3)]"
"(10, 10, 10, 5, 0)","[(1, 1, 4, 3)]"
"(10, 10, 10, 10, 0)","[(1, '?', 6, 3), (1, 2, 6, 4), (1, '?', 4, 4), (1, '?', 4, 4)]"
"(10, 10, 10, 12, 0)","[(1, 0, 4, 4), (1, '?', 4, 4)]"
"(10, 10, 10, 23, 0)","[(5, 3, 4, 4)]"
"(10, 10, 10, 26, 0)","[(1, 7, 6, 4)]"
"(10, 12, 10, 10, 0)","[(1, '?', 4, 4)]"
"(11, 1, 4, 4, 0)","[(3, 6, 1, 5)]"
"(11, 1, 10, 9, 0)","[(5, 6, 1, 0)]"
"(11, 1, 11, 2, 0)","[(3, 6, 3, 5)]"
"(11, 1, 11, 10, 0)","[(5, 6, 0, 0), (1, 6, 3, 0), (5, 6, 3, 5)]"
"(11, 1, 11, 12, 0)","[('?', 6, 0, 5)]"
"(11, 1, 11, 16, 0)","[(3, 6, 0, 0)]"
"(11, 1, 13, 10, 0)","[(5, 6, 5, 0)]"
"(11, 1, 13, 11, 0)","[('?', 6, 5, 0)]"
"(11, 1, 25, 11, 0)","[('?', 6, 3, 5)]"
"(11, 1, 25, 16, 0)","[(3, 6, 0, 5)]"
"(11, 1, 27, 9, 0)","[(0, 6, 5, 5)]"
"(11, 2, 11, 14, 0)","[(6, 1, 7, 0)]"
"(11, 2, 13, 1, 0)","[(6, 0, 2, 0), (6, 1, 2, 5)]"
"(11, 2, 13, 5, 0)","[(6, 1, 7, 0)]"
"(11, 2, 13, 11, 0)","[(6, 0, 2, 0), (6, '?', 2, 0)]"
"(11, 2, 13, 13, 0)","[(6, '?', 7, 0), (6, '?', 2, 0), (6, '?', 2, 0), (6, 1, 2, 0)]"
"(11, 2, 13, 14, 0)","[(6, 1, 2, 5), (6, 0, 2, 0)]"
"(11, 2, 13, 19, 0)","[(6, 3, 2, 0), (6, 3, 7, 0)]"
"(11, 2, 13, 24, 0)","[(6, 1, 2, 5)]"
"(11, 2, 13, 25, 0)","[(6, '?', 7, 0), (6, 7, 2, 0), (6, 7, 2, 0), (6, 7, 2, 0), (6, 2, 7, 5), (6, '?', 2, 0), (6, '?', 7, 5), (6, '?', 2, 0)]"
"(11, 2, 13, 26, 0)","[(6, 7, 2, 0), (6, 2, 7, 0), (6, 2, 2, 0), (6, 7, 7, 5), (6, 7, 2, 0), (6, 7, 7, 5)]"
"(11, 4, 2, 5, 0)","[(4, 0, 6, 5), (4, 0, 6, 5), (4, 1, 6, 5), (4, 1, 6, 0)]"
"(11, 4, 2, 16, 0)","[(4, 4, 6, 0), (4, 4, 4, 0), (4, 5, 6, 0), (4, 4, 6, 0)]"
"(11, 4, 2, 17, 0)","[(4, 4, 6, 0)]"
"(11, 4, 2, 26, 0)","[(4, 2, 6, 0), (4, 7, 6, 5), (4, 7, 6, 0)]"
"(11, 4, 3, 4, 0)","[('?', 5, 6, 0), ('?', 5, 6, 0), ('?', 5, 1, 0), ('?', 5, 6, 5)]"
"(11, 4, 3, 11, 0)","[('?', 5, 6, 0), (3, 5, 1, 0), (7, 5, 6, 0)]"
"(11, 4, 3, 17, 0)","[('?', 5, 1, 0)]"
"(11, 4, 3, 18, 0)","[(0, 5, 6, 0), (0, 5, 6, 0), (0, 5, 4, 0), (0, 5, 6, 0), (0, 5, 4, 0), (0, 5, 4, 0), (0, 5, 4, 0), (0, 5, 6, 0), (0, 5, 4, 0)]"
"(11, 4, 3, 27, 0)","[(0, 5, 7, 0)]"
"(11, 4, 4, 3, 0)","[('?', 3, 6, 0)]"
"(11, 4, 4, 4, 0)","[(2, 5, 4, 0), (4, 4, 4, 0)]"
"(11, 4, 4, 5, 0)","[('?', 0, 4, 0), ('?', 1, 4, 5), (2, 1, 6, 0), ('?', 0, 4, 0)]"
"(11, 4, 4, 9, 0)","[(5, 4, 6, 5)]"
"(11, 4, 4, 11, 0)","[(3, 4, 6, 0), (3, 4, 6, 5), (4, 4, 6, 5), (4, 4, 6, 0), (4, 4, 4, 0), ('?', 4, 6, 0), ('?', 4, 6, 0), ('?', 4, 6, 0), ('?', 4, 4, 5), ('?', 4, 4, 5), (3, 4, 4, 0), ('?', 4, 4, 5), (5, 4, 6, 5), ('?', 4, 4, 5), ('?', 4, 4, 5), ('?', 4, 6, 0), (5, 4, 6, 5), (4, 4, 4, 5), ('?', 4, 6, 0), (4, 4, 6, 5), ('?', 4, 6, 5), ('?', 4, 6, 5)]"
"(11, 4, 4, 14, 0)","[(3, 1, 4, 5), (3, 0, 4, 5)]"
"(11, 4, 4, 16, 0)","[(3, 4, 4, 5), (3, 4, 4, 5), (3, 4, 4, 5), (3, 4, 6, 0), (3, 4, 6, 5), (3, 4, 6, 5), (3, 4, 6, 5), (3, 4, 4, 0), (3, 4, 6, 5), (3, 4, 6, 0), (3, 4, 4, 5), (3, 4, 6, 0)]"
"(11, 4, 4, 23, 0)","[(3, 3, 6, 0)]"
"(11, 4, 7, 1, 0)","[(0, 1, '?', 5)]"
"(11, 4, 7, 3, 0)","[(0, '?', 6, 0), (0, 3, 6, 0), (0, '?', 6, 0), (0, 3, 6, 5)]"
"(11, 4, 7, 5, 0)","[(0, 0, 6, 0), (0, 0, 4, 5), (0, 1, 6, 5), (0, 1, 4, 5), (0, 0, 4, 5), (0, 0, 6, 5), (0, 0, 4, 5), (0, 1, 4, 5), (0, 0, 4, 5), (0, 1, 6, 5), (0, 0, 6, 0), (0, 1, 4, 5)]"
"(11, 4, 7, 6, 0)","[(0, 7, 1, 0)]"
"(11, 4, 7, 16, 0)","[(0, 4, 4, 5), (0, 4, 4, 5), (0, 4, 4, 5), (0, 5, 4, 5), (0, 4, 6, 5), (0, 4, 6, 5), (0, 4, 6, 0), (0, 4, 6, 5)]"
"(11, 4, 7, 17, 0)","[(0, 3, 4, 5), (0, 4, 6, 5)]"
"(11, 4, 7, 18, 0)","[(0, 4, 6, 0)]"
"(11, 4, 7, 19, 0)","[(0, 3, 6, 5)]"
"(11, 4, 7, 21, 0)","[(0, 6, 6, 5)]"
"(11, 4, 7, 26, 0)","[(0, 2, 6, 5)]"
"(11, 4, 8, 18, 0)","[(0, 5, 6, 0)]"
"(11, 4, 8, 27, 0)","[(0, 5, 7, 5)]"
"(11, 4, 9, 4, 0)","[(4, 4, 1, 0), ('?', 5, 1, 5), ('?', 4, 1, 5)]"
"(11, 4, 9, 16, 0)","[(3, 4, 1, 0)]"
"(11, 4, 12, 3, 0)","[('?', 3, 6, 5)]"
"(11, 4, 16, 16, 0)","[(4, 4, 4, 0)]"
"(11, 4, 17, 16, 0)","[(1, 5, 1, 5), (5, 5, 1, 5)]"
"(11, 4, 18, 16, 0)","[(0, 4, 4, 5), (0, 4, 6, 0), (0, 4, 4, 5)]"
"(11, 4, 26, 2, 0)","[(3, 2, 6, 5)]"
"(11, 4, 26, 4, 0)","[('?', 2, 6, 5), ('?', 2, 6, 5), (0, 2, 6, 0)]"
"(11, 6, 2, 13, 0)","[(4, 2, 5, 0), (4, 7, 5, 5)]"
"(11, 6, 4, 4, 0)","[('?', 2, 1, 0), (3, 2, 1, 5), (3, 7, 1, 0), ('?', 2, 1, 0), (3, 7, 1, 0), (3, 7, 1, 0), (3, 2, 1, 5), (3, 2, 1, 5)]"
"(11, 6, 4, 7, 0)","[(0, 7, 1, 5)]"
"(11, 6, 4, 9, 0)","[(6, 7, 1, 0), (6, 7, 1, 0), ('?', 7, 1, 0), (6, 7, 1, 5), ('?', 7, 1, 0), (0, 2, 1, 0)]"
"(11, 6, 4, 12, 0)","[('?', 2, 1, 0)]"
"(11, 6, 4, 26, 0)","[(3, 2, 1, 5)]"
"(11, 6, 6, 2, 0)","[(3, 7, 3, 0), (3, 2, 3, 5)]"
"(11, 6, 6, 6, 0)","[('?', 7, 3, 0), ('?', 2, 3, 5), ('?', 7, 3, 5), ('?', 2, 3, 0), (5, 7, 0, 0), ('?', 2, 3, 0), ('?', 2, 3, 0), ('?', 7, 3, 0), (5, 7, 3, 0), ('?', 7, 3, 0), (1, 7, 3, 0)]"
"(11, 6, 6, 10, 0)","[(5, 2, 0, 0)]"
"(11, 6, 6, 11, 0)","[('?', 7, 3, 0), (3, 2, 3, 0), ('?', 2, 0, 5), (3, 7, 3, 0), (3, 7, 0, 0), (3, 7, 0, 0), (3, 2, 0, 0)]"
"(11, 6, 6, 16, 0)","[(3, 2, 3, 0), (3, 7, 0, 5), (3, 2, 0, 0), (3, 2, 3, 0), (3, 2, 3, 0), (3, 2, 3, 5), (3, 2, 0, 5), (3, 7, 0, 0), (3, 2, 0, 0), (3, 7, 3, 0), (3, 2, 3, 0), (3, 2, 3, 0), (3, 2, 3, 0), (3, 2, 0, 0)]"
"(11, 6, 6, 17, 0)","[(5, 7, 3, 0), (5, 2, 3, 5), (1, 7, 3, 5), (1, 2, 0, 0), (5, 7, 3, 0), (5, 7, 3, 5), (5, 2, 0, 5), (1, 7, 0, 0), (5, 7, 3, 0), (1, 7, 3, 5), (5, 2, 0, 0), (1, 7, 3, 0), (1, 7, 0, 5), (5, 7, 0, 0), (1, 7, 0, 0), (5, 2, 0, 0), (1, 7, 0, 0), (5, 2, 0, 5), (1, 2, 0, 0), (5, 7, 3, 5), (5, 2, 0, 0), (5, 7, 3, 5), (5, 7, 3, 0), (1, 7, 3, 0), (5, 7, 0, 0)]"
"(11, 6, 7, 7, 0)","[(0, 2, 1, 0)]"
"(11, 6, 7, 17, 0)","[(0, 7, 1, 5)]"
"(11, 6, 11, 2, 0)","[(3, 7, 3, 0), (3, 7, 3, 5)]"
"(11, 6, 11, 4, 0)","[('?', 7, 0, 0), ('?', 2, 3, 0), ('?', 2, 0, 5), (3, 7, 0, 0)]"
"(11, 6, 11, 6, 0)","[('?', 2, 0, 0), ('?', 2, 3, 0)]"
"(11, 6, 11, 11, 0)","[(3, 2, 0, 0)]"
"(11, 6, 11, 15, 0)","[(3, 7, 0, 0)]"
"(11, 6, 12, 6, 0)","[('?', 7, 1, 5), (3, 2, 1, 5), (3, 2, 1, 5)]"
"(11, 6, 12, 9, 0)","[(3, 7, 1, 0), (6, 7, 1, 0)]"
"(11, 6, 12, 26, 0)","[(3, 7, 1, 0), (3, 7, 1, 0)]"
"(11, 6, 13, 2, 0)","[(3, 7, 5, 0), (3, 7, 5, 0), (3, 7, 5, 0), (3, 2, 5, 5), (3, 2, 5, 5), (3, 2, 5, 5), (3, 7, 5, 0), (3, 7, 5, 0)]"
"(11, 6, 13, 6, 0)","[(6, 7, 5, 0), (4, 7, 5, 5), (5, 2, 5, 0), (3, 2, 5, 0), ('?', 2, 5, 5), (5, 7, 5, 0), (5, 7, 5, 0), ('?', 2, 5, 5), (5, 2, 5, 0), ('?', 7, 5, 5), (5, 2, 5, 5), (3, 7, 5, 0), (3, 2, 5, 5), (4, 2, 5, 0), (5, 2, 5, 5), ('?', 2, 5, 5), ('?', 7, 5, 0), (3, 2, 5, 5), (3, 2, 5, 0), (3, 2, 5, 0), ('?', 7, 5, 5), (4, 7, 5, 0), (4, 2, 5, 5), ('?', 7, 5, 5), (3, 2, 5, 0), (3, 2, 5, 0)]"
"(11, 6, 13, 9, 0)","[('?', 2, 5, 5), ('?', 7, 5, 0), ('?', 7, 5, 0), ('?', 7, 5, 0), ('?', 2, 5, 5), ('?', 2, 5, 5), (3, 7, 5, 0), ('?', 2, 5, 0), ('?', 7, 5, 5)]"
"(11, 6, 13, 10, 0)","[(1, 7, 5, 5), (5, 7, 5, 0), (5, 2, 5, 5), (5, 2, 5, 5), (5, 7, 5, 5), (1, 2, 5, 5), (5, 2, 5, 0), (5, 2, 5, 5)]"
"(11, 6, 13, 11, 0)","[('?', 2, 5, 0), ('?', 7, 5, 0), ('?', 7, 5, 0), (3, 2, 5, 0), ('?', 2, 5, 0), (3, 2, 5, 0), ('?', 7, 5, 0), ('?', 7, 5, 5), (3, 2, 5, 0)]"
"(11, 6, 13, 12, 0)","[('?', 2, 5, 0)]"
"(11, 6, 13, 13, 0)","[('?', 2, 5, 5), ('?', 2, 5, 0), ('?', 7, 5, 0)]"
"(11, 6, 13, 15, 0)","[(4, 2, 5, 0), (4, 2, 5, 5), (4, 7, 5, 0)]"
"(11, 6, 13, 16, 0)","[(3, 2, 5, 5), (4, 2, 5, 0), (3, 2, 5, 5), (3, 2, 5, '?'), (4, 2, 5, 5), (4, 2, 5, 0)]"
"(11, 6, 13, 17, 0)","[(1, 2, 5, 5), (5, 7, 5, 5), (5, 2, 5, 5), (5, 7, 5, 0), (5, 7, 5, 5), (5, 2, 5, 0), (1, 7, 5, 5), (5, 7, 5, 5), (1, 2, 5, 5), (1, 2, 5, 5), (1, 2, 5, 5), (1, 7, 5, 0), (5, 2, 5, 0), (5, 2, 5, 0), (1, 7, 5, 5), (5, 2, 5, 0), (1, 7, 5, 0), (5, 7, 5, 5)]"
"(11, 6, 13, 25, 0)","[('?', 7, 5, 0), ('?', 2, 5, 5), ('?', 2, 5, 0)]"
"(11, 6, 15, 13, 0)","[(4, 7, 5, 0), (4, 7, 5, 0)]"
"(11, 6, 16, 6, 0)","[(4, 2, 3, 5), (4, 2, 3, 5), (4, 2, 0, 0), (4, 2, 3, 0)]"
"(11, 6, 16, 16, 0)","[(4, 7, 3, 5), (4, 2, 3, 0), (4, 2, 3, 0), (4, 7, 3, 5), (4, 2, 0, 0), (4, 7, 3, 0), (4, 2, 0, 0)]"
"(11, 6, 17, 6, 0)","[(1, 7, 0, 5)]"
"(11, 6, 17, 9, 0)","[(5, 7, 1, 5)]"
"(11, 6, 17, 16, 0)","[(1, 2, 0, 0)]"
"(11, 6, 17, 17, 0)","[(1, 7, 1, 5), (5, 2, 0, 0), (5, 7, 1, 5), ('?', 2, 1, 0), (1, 2, 1, 0), (1, 7, 1, 0)]"
"(11, 6, 18, 6, 0)","[(0, 2, 3, 0), (0, 2, 0, 0), (0, 2, 3, 0), (0, 2, 0, 5), (0, 2, 0, 5), (0, 7, 0, 5), (0, 2, 0, 0), (0, 2, 0, 5), (0, 7, 3, 0), (0, 2, 0, 0)]"
"(11, 6, 18, 18, 0)","[(0, 7, 0, 0)]"
"(11, 6, 25, 2, 0)","[(3, 2, 5, 5)]"
"(11, 6, 25, 6, 0)","[(3, 2, 3, 5)]"
"(11, 6, 27, 6, 0)","[(0, 2, 5, 0), (0, 2, 5, 5), (0, 2, 5, 0), (0, 2, 5, 5)]"
"(11, 6, 27, 16, 0)","[(0, 7, 5, 5)]"
"(11, 6, 27, 25, 0)","[(0, 7, 5, 5)]"
"(11, 6, 27, 27, 0)","[(0, 7, 5, 0), (0, 2, 5, 0), (0, 2, 5, 0)]"
"(11, 7, 13, 26, 0)","[(7, 2, 2, 5)]"
"(11, 8, 13, 4, 0)","[(3, 5, 5, 5)]"
"(11, 8, 13, 11, 0)","[('?', 5, 5, 5)]"
"(11, 8, 17, 13, 0)","[(5, 5, 5, 0), (5, 5, 5, 0), (5, 5, 5, 5), (5, 5, 5, 0), (5, 5, 5, 5), (1, 5, 5, 0), (5, 5, 5, 0), (5, 5, 5, 0)]"
"(11, 8, 27, 16, 0)","[(0, 5, 5, 0), (0, 5, 5, 0)]"
"(11, 9, 4, 4, 0)","[(4, 4, 1, 0)]"
"(11, 9, 4, 16, 0)","[(2, 4, 1, 5)]"
"(11, 9, 12, 9, 0)","[(2, 0, 1, 0), (0, 1, 1, 5), ('?', 4, 1, 5)]"
"(11, 9, 12, 25, 0)","[(6, 3, 1, 0)]"
"(11, 9, 20, 3, 0)","[(2, 3, 1, 0)]"
"(11, 9, 20, 9, 0)","[(2, '?', 1, 5)]"
"(11, 10, 6, 17, 0)","[(5, 2, 1, 0), (5, 2, 1, 0)]"
"(11, 10, 9, 3, 0)","[(5, 3, 1, 0), (5, 3, 1, 0), (1, 3, 5, 0)]"
"(11, 10, 9, 6, 0)","[(1, 2, 1, 0), (1, 2, 1, 5), (1, 7, 1, 0), (1, 2, 1, 5)]"
"(11, 10, 9, 10, 0)","[(1, 1, 1, 0), (1, 3, 1, 5), (1, 3, 1, 0), (5, '?', 1, 0), (1, '?', 1, 5), (5, '?', 1, 0), (5, 1, 1, 0)]"
"(11, 10, 9, 12, 0)","[(5, 1, 1, 5), (1, 1, 1, 0), (1, '?', 1, 5), (5, 1, 1, 5), (5, '?', 1, 0), (1, 3, 1, 0), (5, 1, 1, 5)]"
"(11, 10, 9, 16, 0)","[(1, 5, 1, 5)]"
"(11, 10, 9, 17, 0)","[(5, 4, 1, 0), (5, 4, 1, 0), (5, 1, 1, 5), (1, 4, 1, 0), (5, '?', 1, 5)]"
"(11, 10, 9, 21, 0)","[(5, 6, 1, 0), (5, 6, 1, 0), (5, 6, 1, 0)]"
"(11, 10, 9, 23, 0)","[(1, 3, 5, 0)]"
"(11, 10, 9, 26, 0)","[(1, 2, 1, 5)]"
"(11, 10, 10, 1, 0)","[(5, 1, 6, 5), (1, 1, 4, 0), (1, 1, 4, 5), (1, 0, 6, 0), (1, 1, 6, 5), (5, 0, 4, 5), (5, 1, 4, 5), (1, 0, 6, 0), (5, 1, 6, 0)]"
"(11, 10, 10, 3, 0)","[(1, 3, 4, 0), (5, 3, 6, 0), (1, 3, 4, 5), (5, 3, 4, 5), (5, 3, 4, 5), (5, 3, 4, 5), (5, 3, 6, 0), (1, 3, 6, 5), (5, 3, 4, 5), (1, 3, 4, 5), (1, 3, 4, 0)]"
"(11, 10, 10, 5, 0)","[(5, 1, 4, 5), (5, 0, 4, 0)]"
"(11, 10, 10, 10, 0)","[(1, 0, 4, 5), (1, '?', 4, 0), (1, '?', 4, 0), (1, 3, 1, 5), (1, 3, 4, 5), (5, '?', 6, 0), (5, '?', 6, 0), (5, '?', 6, 0), (1, '?', 6, 5)]"
"(11, 10, 10, 11, 0)","[(1, '?', 4, 5), (1, 5, 6, 5)]"
"(11, 10, 10, 12, 0)","[(1, 3, 6, 5), (1, 3, 4, 5), (1, 0, 6, 0), (5, 0, 4, 0), (5, 0, 4, 0)]"
"(11, 10, 10, 17, 0)","[(5, 5, 6, 5), (5, 2, 6, 0)]"
"(11, 10, 10, 19, 0)","[(1, 3, 6, 5)]"
"(11, 10, 10, 23, 0)","[(1, 3, 5, 5)]"
"(11, 10, 12, 24, 0)","[(1, 1, 4, 0)]"
"(11, 10, 13, 3, 0)","[(1, 3, 2, 5)]"
"(11, 10, 13, 10, 0)","[(5, 3, 2, 5), (5, 0, 7, 0), (5, 1, 2, 0), (5, 3, 2, 5), (5, 3, 2, 5)]"
"(11, 10, 13, 23, 0)","[(1, 3, 5, 5), (1, 3, 5, 0)]"
"(11, 10, 17, 1, 0)","[(5, 1, 6, 5), (1, 0, '?', 0), (1, 1, 4, 5)]"
"(11, 10, 17, 3, 0)","[(1, 3, 6, 5), (1, 3, 1, 0), (1, 3, 6, 5), (1, 3, 4, 5)]"
"(11, 10, 17, 5, 0)","[(5, 1, 4, 5), (5, 0, 4, 5), (5, 1, 6, 5), (5, 1, 6, 0), (1, 0, 6, 0)]"
"(11, 10, 17, 10, 0)","[(5, '?', 4, 5)]"
"(11, 10, 17, 11, 0)","[(5, 1, 1, 5), (1, '?', 6, 0), (5, 1, 1, 0), (5, 5, 6, 0)]"
"(11, 10, 17, 12, 0)","[(1, '?', 4, 5), (1, 7, 6, 5)]"
"(11, 10, 17, 14, 0)","[(1, 1, 6, 5)]"
"(11, 10, 17, 16, 0)","[(1, 5, 1, 0), (5, 4, 1, 5)]"
"(11, 10, 17, 17, 0)","[(5, 4, 6, 5)]"
"(11, 10, 17, 19, 0)","[(5, 3, 1, 5)]"
"(11, 10, 26, 10, 0)","[(5, 2, 4, 0), (1, 7, 4, 5), (1, 7, 4, 5), (5, 7, 4, 0), (1, 7, 4, 0), (1, 2, 4, 0)]"
"(11, 10, 26, 11, 0)","[(5, 2, 6, 5)]"
"(11, 10, 26, 17, 0)","[(1, 2, 6, 5), (5, 7, 6, 0), (1, 2, 4, 0), (5, 2, 6, 0), (5, 2, 6, 5), (5, 2, 6, 5)]"
"(11, 11, 1, 10, 0)","[(1, 6, 0, 5)]"
"(11, 11, 2, 14, 0)","[(4, 0, 5, 5), (4, 0, 5, 0), (4, 0, 5, 0), (4, 0, 5, 0)]"
"(11, 11, 2, 16, 0)","[(4, 5, '?', 0)]"
"(11, 11, 2, 23, 0)","[(4, 3, 5, 0)]"
"(11, 11, 3, 4, 0)","[('?', 5, 1, 5)]"
"(11, 11, 3, 10, 0)","[(5, 5, 5, 0), (5, 5, 5, 5)]"
"(11, 11, 3, 12, 0)","[('?', 5, 1, 0)]"
"(11, 11, 3, 13, 0)","[('?', 5, 5, 0), ('?', 5, 5, 0), (7, 5, 5, 0), (3, 5, 5, 5), ('?', 5, 5, 5), ('?', 5, 5, 0), (0, 5, 5, 5), ('?', 5, 5, 5), ('?', 5, 5, 5), ('?', 5, 5, 0)]"
"(11, 11, 3, 17, 0)","[(5, 5, 5, 0), (5, 5, 5, 0), (5, 5, 5, 5)]"
"(11, 11, 3, 18, 0)","[(0, 5, 0, 5)]"
"(11, 11, 3, 25, 0)","[(7, 5, 5, 0), (3, 5, 5, 0), ('?', 5, 1, 5)]"
"(11, 11, 3, 27, 0)","[(0, 5, 5, 0), (0, 5, 5, 5), (0, 5, 5, 0), (0, 5, 5, 5)]"
"(11, 11, 4, 3, 0)","[(6, 3, 1, 0)]"
"(11, 11, 6, 2, 0)","[(3, 2, 3, 5), (3, 2, 3, 5), (3, 7, 0, 5), (3, 7, 0, 5), (3, 2, 3, 5), (3, 2, 0, 5), (3, 7, 0, 5), (3, 2, 3, 5), (3, 2, 0, 5)]"
"(11, 11, 6, 4, 0)","[('?', 7, 0, 0)]"
"(11, 11, 6, 6, 0)","[('?', 7, 3, 5), ('?', 7, 3, 5), ('?', 2, 0, 0), (4, 2, 3, 0)]"
"(11, 11, 6, 10, 0)","[(5, 7, 3, 5), (5, 2, 0, 5), (5, 2, 0, 5)]"
"(11, 11, 6, 11, 0)","[('?', 2, 0, 5), ('?', 2, 3, 0), ('?', 7, 3, 5), (3, 2, 0, 0), ('?', 2, 3, 5), ('?', 7, 0, 0), (3, 2, 0, 0), ('?', 7, 3, 0), ('?', 2, 3, 5), (3, 7, 3, 0)]"
"(11, 11, 6, 12, 0)","[('?', 7, 0, 0), ('?', 2, 0, 5)]"
"(11, 11, 6, 15, 0)","[(3, 2, 0, 5), (3, 7, 3, 5)]"
"(11, 11, 6, 17, 0)","[(1, 7, 3, 5), (5, 7, 3, 5), (1, 7, 0, 5)]"
"(11, 11, 6, 20, 0)","[(2, 7, 3, 5)]"
"(11, 11, 6, 25, 0)","[('?', 7, 0, 5), ('?', 2, 0, 5), ('?', 7, 0, 0), ('?', 7, 0, 5), ('?', 2, 0, 0), ('?', 2, 3, 5), ('?', 2, 3, 5), ('?', 2, 3, 0), ('?', 7, 0, 5), (2, 2, 3, 5), ('?', 7, 0, 0), ('?', 7, 3, 5), ('?', 7, 3, 5)]"
"(11, 11, 7, 4, 0)","[(0, 1, 1, 5), (0, 1, 1, 5), (0, 0, 1, 0)]"
"(11, 11, 7, 5, 0)","[(0, 1, 1, 5)]"
"(11, 11, 7, 7, 0)","[(0, 1, 1, 5)]"
"(11, 11, 7, 12, 0)","[(0, 0, 1, 0), (0, '?', 1, 5)]"
"(11, 11, 7, 15, 0)","[(0, 4, 5, 0)]"
"(11, 11, 8, 2, 0)","[(3, 5, 0, 5), (3, 5, 3, 0), (3, 5, 0, 0), (3, 5, 0, 5), (3, 5, 3, 5), (3, 5, 0, 0), (3, 5, 0, 5), (3, 5, 3, 0)]"
"(11, 11, 8, 11, 0)","[('?', 5, 0, 0), ('?', 5, 3, 5), ('?', 5, 0, 5), (3, 5, 0, 5), (3, 5, 0, 0), ('?', 5, 3, 5), (3, 5, 3, 0), ('?', 5, 0, 0), (3, 5, 3, 0)]"
"(11, 11, 8, 15, 0)","[(3, 5, 3, 0), (3, 5, 0, 0), (3, 5, 3, 0)]"
"(11, 11, 8, 16, 0)","[(3, 5, 3, 5), (3, 5, 0, 0), (3, 5, 0, 0), (3, 5, 3, 5)]"
"(11, 11, 8, 17, 0)","[(5, 5, 3, 5), (5, 5, 0, 0), (5, 5, 0, 0), (5, 5, 3, 5)]"
"(11, 11, 8, 18, 0)","[(0, 5, 3, 5), (0, 5, 3, 0), (0, 5, 3, 0), (0, 5, 3, 5), (0, 5, 0, 0), (0, 5, 0, 0), (0, 5, 3, 0), (0, 5, 3, 5), (0, 5, 0, 0)]"
"(11, 11, 8, 20, 0)","[('?', 5, 0, 0), (2, 5, 0, 5)]"
"(11, 11, 8, 25, 0)","[('?', 5, 0, 0), ('?', 5, 0, 0)]"
"(11, 11, 8, 27, 0)","[(0, 5, 3, 5)]"
"(11, 11, 10, 1, 0)","[(1, 0, 3, 5), (1, 0, 3, 0), (5, 1, 0, 0), (1, 0, 3, 5), (1, 0, 3, 0), (5, 0, 0, 0), (5, 1, 0, 0), (5, 0, 3, 0), (5, 0, 0, 5), (1, 0, 3, 5), (5, 1, 0, 0), (5, 0, 3, 0), (1, 1, 3, 0), (5, 1, 0, 0), (1, 0, 3, 0), (5, 0, 0, 5), (1, 1, 0, 5), (1, 0, 3, 0), (1, 1, 0, 5), (5, 0, 3, 5), (1, 0, 3, 5), (1, 1, 3, 0), (5, 0, 0, 5), (1, 1, 0, 5), (1, 0, 0, 5), (5, 0, 3, 0), (1, 1, 3, 0), (1, 1, 0, 5), (5, 1, 0, 0), (5, 0, 0, 5), (5, 0, 3, 5), (1, 0, 0, 5), (5, 0, 0, 5), (1, 0, 3, 5), (5, 0, 3, 5), (1, 0, 0, 5), (1, 0, 3, 0), (5, 0, 0, 0), (5, 0, 3, 5), (5, 1, 0, 0), (1, 1, 3, 0), (5, 0, 3, 0), (5, 0, 3, 0), (5, 0, 3, 0), (1, 0, 3, 5), (5, 0, 0, 0), (1, 1, 3, 0), (5, 0, 3, 5), (1, 1, 3, 0), (1, 0, 0, 5), (1, 1, 0, 5), (5, 0, 3, 5), (1, 0, 3, 5), (5, 0, 0, 5)]"
"(11, 11, 10, 6, 0)","[(5, 2, 0, 5), (5, 7, 0, 0), (1, 7, 0, 5), (5, 7, 3, 5), (1, 2, 0, 0), (1, 7, 0, 5), (1, 7, 0, 0), (5, 7, 0, 0), (1, 7, 0, 5), (5, 7, 3, 5), (5, 2, 0, 0), (5, 2, 0, 0), (1, 7, 3, 5), (5, 2, 0, 0), (5, 7, 0, 0), (1, 2, 0, 0), (1, 2, 0, 0), (5, 7, 3, 0), (1, 2, 0, 0), (1, 7, 0, 5), (5, 7, 0, 0), (1, 7, 3, 5), (5, 7, 0, 0), (5, 7, 0, 0), (5, 2, 3, 5), (1, 7, 0, 0), (1, 7, 3, 5), (5, 2, 3, 5), (5, 2, 3, 5), (5, 2, 0, 5)]"
"(11, 11, 10, 8, 0)","[(1, 3, 0, 0), (5, 3, 0, 5), (1, 3, 0, 0), (1, 3, 3, 0), (1, 3, 3, 5), (5, 3, 3, 0), (1, 3, 0, 5)]"
"(11, 11, 10, 9, 0)","[(1, 5, 1, 0)]"
"(11, 11, 10, 11, 0)","[(5, 5, 3, 5), (5, 5, 3, 5), (5, 5, 0, 0), ('?', 3, 3, 0), (5, 5, 0, 0), (5, '?', 3, 0), (5, 5, 3, 5), (5, '?', 3, 5), (1, 3, 3, 0), (5, 5, 0, 0), (5, 5, 3, 5), (1, 3, 0, 5), (5, 5, 0, 0), (1, '?', 0, 5), (1, '?', 0, 5), (1, '?', 3, 0), (1, '?', 0, 0), (1, 5, 0, 0), (5, '?', 3, 0), (5, 5, 0, 5), (5, 5, 0, 5), (1, '?', 0, 0), (5, '?', 0, 5), (5, '?', 3, 5), (1, '?', 3, 0), (5, 3, 3, 0), (5, 4, 3, 5), (5, '?', 0, 5), (5, '?', 0, 5), (5, 7, 0, 0), (5, 4, 3, 5), (5, '?', 0, 5), (5, 3, 3, 0), (1, '?', 0, 0), (1, '?', 0, 5), (1, 5, 3, 5), (5, 5, 3, 5), (1, 3, 3, 5), (1, 3, 0, 5), (5, 3, 3, 0), (5, '?', 3, 0), (5, '?', 3, 0), (1, '?', 3, 0), (1, '?', 0, 5), (5, '?', 0, 5), (5, 5, 0, 0), (5, '?', 0, 5), (1, 5, 0, 0), (5, 5, 0, 5), (1, '?', 3, 0), (5, 5, 0, 5), (1, '?', 0, 5), (1, '?', 0, 0), (5, 3, 3, 0), (1, '?', 0, 5), (1, 5, 3, 5), (1, 5, 3, 0), (5, 5, 0, 0), (5, '?', 0, 5), (5, '?', 3, 5), (5, '?', 0, 5), (1, '?', 0, 5), (1, 3, 0, 5), (5, '?', 3, 5), (5, '?', 3, 5), (1, '?', 0, 5), (5, '?', 0, 5), (1, 5, 0, 5), (5, '?', 3, 5), (1, '?', 0, 0), (5, 3, 3, 0), (5, '?', 3, 5), (1, '?', 3, 0), (5, 3, 0, 5), (5, 3, 3, 0), (1, '?', 3, 0), (1, 5, 0, 0), (5, 5, 0, 0), (1, '?', 3, 0), (1, 5, 0, 0), (1, 5, 0, 0)]"
"(11, 11, 10, 13, 0)","[(5, 5, 5, 5), (1, '?', 5, 5), (5, 5, 5, 5), (1, 4, 5, 0), (1, 0, 5, 0), (1, 1, 5, 5), (1, 0, 5, 0), (5, 5, 5, 5), (5, 0, 5, 5), (1, 0, 5, 0), (5, 5, 5, 0), (1, 0, 5, 5), (5, 0, 5, 0), (5, '?', 5, 0), (5, 5, 5, 5), (5, 0, 5, 5), (5, '?', 5, 0), (5, '?', 5, 0), (5, 4, 5, 0), (1, '?', 5, 5), (1, 0, 5, 0), (1, 4, 5, 0), (1, '?', 5, 5), (5, 0, 5, 5), (1, 0, 5, 0), (1, 0, 5, 5), (5, '?', 5, 0), (5, '?', 5, 0)]"
"(11, 11, 10, 14, 0)","[(1, 0, 5, 5), (5, 1, 5, 0), (5, 1, 5, 0), (5, 1, 5, 0), (5, 1, 5, 5), (5, 0, 5, 5), (5, 1, 5, 0)]"
"(11, 11, 10, 16, 0)","[(5, 5, 0, 5), (1, 4, 0, 0)]"
"(11, 11, 10, 19, 0)","[(1, 3, 3, 0), (1, 3, 3, 5), (1, 3, 3, 0), (1, 3, 0, 5)]"
"(11, 11, 10, 23, 0)","[(5, 3, 5, 0), (1, 3, 5, 5)]"
"(11, 11, 11, 1, 0)","[('?', 0, 0, 0)]"
"(11, 11, 11, 2, 0)","[(3, '?', 3, 0), (3, 0, 0, 5), (3, '?', 0, 5), (3, '?', 3, 5), (3, 5, 0, 5), (3, 4, 0, 5), (3, '?', 3, 0), (3, '?', 3, 0), (3, 5, 3, 5), (3, '?', 0, 5), (3, '?', 3, 5), (3, '?', 3, 5), (3, '?', 0, 0), (3, '?', 3, 0), (3, '?', 3, 0), (3, 5, 0, 5), (3, '?', 0, 5), (3, 5, 3, 5), (3, 5, 0, 5), (3, '?', 0, 5), (3, '?', 0, 5), (3, '?', 3, 5), (3, '?', 3, 0), (3, '?', 0, 5), (3, '?', 3, 5), (3, 4, 0, 5), (3, '?', 0, 5), (3, '?', 3, 0), (3, 5, 0, 5), (3, 0, 0, 5), (3, 5, 3, 5)]"
"(11, 11, 11, 3, 0)","[(3, 3, 0, 0), ('?', 3, 0, 0), ('?', 3, 0, 5), ('?', 3, 0, 0), ('?', 3, 0, 0), ('?', 3, 3, 0), ('?', 3, 0, 0), ('?', 3, 3, 0), ('?', 3, 0, 0), ('?', 3, 3, 0), ('?', 3, 0, 0), ('?', 3, 0, 5), ('?', 3, 3, 0), ('?', 3, 0, 5), (3, 3, 0, 0), (3, 3, 0, 0), (0, 3, 3, 5), ('?', 3, 3, 5)]"
"(11, 11, 11, 4, 0)","[('?', 4, 0, 5), ('?', 4, 3, 5), ('?', 4, 3, 5), ('?', 4, 0, 5), (3, '?', 0, 0), ('?', 4, 3, 5), (3, 4, 0, 0), ('?', 4, 0, 5), ('?', 4, 3, 0), ('?', 4, 3, 5), (3, 4, 0, 0), ('?', 4, 0, 5), ('?', 4, 0, 5), ('?', 4, 0, 0), ('?', 5, 0, 5), (3, 4, 0, 0), ('?', 4, 3, 0), (3, 4, 0, 0), (3, 4, 0, 0), ('?', 4, 0, 0), ('?', '?', 3, 5), (3, 4, 0, 5), ('?', 4, 0, 5), (3, 4, 0, 5)]"
"(11, 11, 11, 5, 0)","[('?', 0, 3, 0), ('?', 1, 0, 5), ('?', 0, 3, 5), ('?', 1, 3, 5), ('?', 1, 0, 0), ('?', 1, 0, 0), ('?', 0, 0, 0), ('?', 0, 0, 0), ('?', 1, 3, 5), ('?', 1, 0, 0), ('?', 0, 3, 5), ('?', 0, 0, 0), (3, 0, 3, 0), ('?', 0, 0, 0), ('?', 0, 0, 5), ('?', 0, 3, 5), ('?', 0, 3, 0), ('?', 1, 0, 0), (2, 0, 3, 0), ('?', 1, 0, 0), ('?', 1, 3, 5), ('?', 0, 3, 0), ('?', 0, 0, 5), (3, 0, 0, 0), ('?', 0, 0, 0), ('?', 1, 3, 5)]"
"(11, 11, 11, 10, 0)","[(1, 5, 0, 5), (5, 4, 0, 5)]"
"(11, 11, 11, 11, 0)","[('?', 4, 3, 0), ('?', '?', 0, 5), ('?', 4, 3, 0), ('?', '?', 3, 5), ('?', 4, 3, 0), ('?', 4, 0, 0), ('?', 4, 0, 0), (2, 3, 3, 5), ('?', '?', 0, 0), ('?', '?', 3, 0), ('?', 4, 3, 0), ('?', '?', 3, 0), (4, '?', 0, 0), (2, '?', 3, 0)]"
"(11, 11, 11, 12, 0)","[('?', 4, 3, 5), ('?', 4, 3, 0), (4, 4, 0, 0), (3, 4, 0, 0), (3, 5, 3, 5), (3, '?', 3, 0), ('?', 4, 3, 5), (3, '?', 3, 0), (3, 4, 0, 0), ('?', 4, 3, 0), (2, '?', 3, 0), ('?', '?', 0, 5), (2, '?', 3, 0), ('?', 5, 3, 5), (3, 5, 3, 0), ('?', '?', 0, 0), ('?', 4, 3, 5)]"
"(11, 11, 11, 14, 0)","[(3, 0, 3, 5), (3, 0, 3, 0), (3, 1, 3, 5), (3, 0, 0, 5), (3, 1, 0, 5), (3, 0, 3, 5), (3, 0, 3, 5), (3, 0, 3, 5), (3, 0, 0, 0), (3, 1, 3, 0), (3, 1, 3, 0), (3, 1, 3, 5), (3, 1, 3, 5), (3, 0, 3, 5), (3, 0, 3, 0), (3, 1, 0, 5), (3, 1, 0, 5), (3, 1, 3, 5), (3, 1, 0, 5), (3, 1, 0, 0), (3, 0, 0, 5), (3, 1, 0, 5), (3, 1, 0, 5), (3, 0, 3, 0), (3, 0, 3, 5), (3, 1, 0, 0), (3, 1, 3, 5), (3, 1, 3, 5), (3, 1, 3, 5), (3, 1, 3, 0), (3, 1, 0, 0), (3, 1, 3, 5)]"
"(11, 11, 11, 15, 0)","[(3, '?', 0, 5), (3, '?', 0, 0), (3, '?', 0, 0), (3, 5, 3, 0), (3, 3, 3, 5), (4, 4, 0, 0)]"
"(11, 11, 11, 16, 0)","[(2, 5, 0, 0), (3, 4, 0, 5), (3, 4, 0, 5), (3, 4, 0, 5)]"
"(11, 11, 11, 17, 0)","[(5, 5, 3, 5)]"
"(11, 11, 11, 18, 0)","[(0, 4, 3, 5)]"
"(11, 11, 11, 19, 0)","[('?', 3, 3, 0), ('?', 3, 0, 0), ('?', 3, 0, 5), ('?', 3, 3, 5), ('?', 3, 3, 5), ('?', 3, 3, 0), ('?', 3, 0, 5)]"
"(11, 11, 11, 20, 0)","[(2, 3, 3, 5), (2, 3, 3, 5)]"
"(11, 11, 11, 22, 0)","[(3, 3, 0, 5), (3, 3, 0, 5), (3, 3, 0, 5), (3, 3, 3, 5)]"
"(11, 11, 11, 23, 0)","[(3, 3, 0, 0), (3, 3, 0, 5), (3, 3, 0, 0), (3, 3, 0, 0), (3, 3, 0, 5), (3, 3, 3, 5), (3, 3, 0, 5), (3, 3, 3, 5), (3, 3, 3, 5), (3, 3, 3, 5), (3, 3, 3, 5)]"
"(11, 11, 11, 24, 0)","[(3, 1, 3, 0), ('?', 1, 0, 5), (3, 0, 3, 0), (3, 0, 3, 0), (3, 0, 0, 0), (3, 1, 0, 0), ('?', 0, 3, 0), (3, 1, 3, 0), ('?', 0, 0, 5), ('?', 1, 0, 5), ('?', 1, 0, 5), ('?', 0, 0, 0), ('?', 1, 0, 0), ('?', 1, 3, 5), (3, 1, 0, 5), ('?', 0, 3, 0), (3, 1, 0, 0), (3, 0, 0, 0), (3, 1, 3, 0), (3, 1, 0, 0), (3, 0, 3, 0), ('?', 0, 3, 0), ('?', 0, 3, 0), (3, 0, 3, 5), ('?', 1, 3, 5), (3, 0, 3, 0), ('?', 0, 3, 0), ('?', 0, 3, 5), ('?', 0, 0, 5), ('?', 1, 0, 0), ('?', 1, 0, 0), (2, 0, 3, 0), ('?', 1, 0, 0), (3, 0, 0, 0), (3, 1, 0, 0), ('?', 0, 3, 5), (3, 0, 3, 0), ('?', 1, 0, 5), ('?', 0, 0, 5), ('?', 1, 3, 5), ('?', 0, 3, 5), ('?', 1, 3, 5), ('?', 0, 0, 5), ('?', 1, 3, 5), (3, 0, 0, 0), ('?', 0, 3, 5), ('?', 0, 3, 5), (2, 0, 0, 5)]"
"(11, 11, 11, 25, 0)","[('?', '?', 0, 5), ('?', 4, 0, 0), ('?', 7, 3, 0), ('?', 4, 0, 5), ('?', '?', 0, 5), ('?', '?', 0, 0), ('?', 2, 0, 5), ('?', '?', 0, 0), ('?', '?', 3, 5), ('?', '?', 0, 5), ('?', '?', 3, 0), ('?', '?', 0, 0), ('?', '?', 3, 5), ('?', '?', 0, 5), (2, 3, 3, 5), ('?', '?', 0, 0), ('?', '?', 0, 5), ('?', '?', 3, 5), ('?', 2, 3, 5), ('?', 5, 0, 5), ('?', '?', 3, 5), ('?', '?', 3, 5), ('?', '?', 3, 0), (3, '?', 0, 5), ('?', '?', 3, 5), ('?', 3, 3, 5), ('?', '?', 3, 0), ('?', 4, 3, 0), ('?', 5, 3, 5), ('?', '?', 0, 0), ('?', 5, 0, 5), (2, 3, 3, 5), ('?', 3, 3, 5), ('?', 4, 0, 0), ('?', '?', 0, 0), (3, '?', 0, 0), ('?', 5, 3, 5), ('?', 0, 0, 5), ('?', '?', 3, 5), ('?', 3, 0, 0), ('?', 4, 3, 5), ('?', 4, 0, 5), ('?', '?', 0, 5), ('?', 5, 3, 5), ('?', '?', 3, 0), ('?', '?', 3, 0), ('?', '?', 3, 0), ('?', 2, 0, 0), ('?', 3, 0, 0), ('?', 5, 0, 5), ('?', 2, 0, 5), ('?', 3, 3, 5), (3, 7, 0, 0), ('?', 4, 3, 0), (3, '?', 0, 0), ('?', 5, 0, 5), ('?', 5, 3, 5)]"
"(11, 11, 11, 26, 0)","[('?', 7, 3, 0), ('?', 2, 0, 0), ('?', 2, 3, 5), ('?', 7, 0, 5), (3, 7, 3, 5), (3, 7, 3, 5), ('?', 7, 3, 5)]"
"(11, 11, 12, 7, 0)","[(0, 1, 1, 0)]"
"(11, 11, 12, 25, 0)","[(6, 3, 1, 5)]"
"(11, 11, 12, 26, 0)","[(6, 7, 1, 5)]"
"(11, 11, 13, 1, 0)","[('?', 0, 5, 0), ('?', 0, 5, 0), ('?', 1, 5, 5), ('?', 1, 5, 5), ('?', 0, 5, 0)]"
"(11, 11, 13, 2, 0)","[(3, 1, 5, 0), (3, '?', 5, 5), (3, 6, 5, 5), (3, 6, 5, 5)]"
"(11, 11, 13, 3, 0)","[('?', 3, 5, 5), ('?', 3, 5, 5), (2, 3, 5, 0), ('?', 3, 5, 5), (2, 3, 5, 5), ('?', 3, 5, 5)]"
"(11, 11, 13, 5, 0)","[('?', 1, 5, 0), ('?', 1, 5, 5), ('?', 0, 5, 5), ('?', 1, 5, 5), ('?', 1, 5, 0), (2, 0, 5, 5)]"
"(11, 11, 13, 6, 0)","[(0, 2, 5, 0), (1, 7, 5, 0)]"
"(11, 11, 13, 10, 0)","[(5, 4, 5, 0)]"
"(11, 11, 13, 11, 0)","[('?', 0, 5, 5), ('?', 0, 5, 5), (3, '?', 5, 5), ('?', 4, 5, 0), (4, 5, 5, 5), (4, 4, 5, 0), (3, 4, 5, 5), ('?', 4, 5, 0)]"
"(11, 11, 13, 13, 0)","[('?', '?', 5, 0)]"
"(11, 11, 13, 14, 0)","[(3, 1, 5, 5), (3, 1, 5, 0), (3, 1, 5, 5), (3, 1, 5, 5)]"
"(11, 11, 13, 15, 0)","[(3, '?', 5, 5)]"
"(11, 11, 13, 16, 0)","[(3, 4, 5, 5), (3, 4, 5, 5)]"
"(11, 11, 13, 19, 0)","[('?', 3, 5, 5), (3, 3, 5, 0), (2, 3, 5, 0), (4, 3, 5, 0)]"
"(11, 11, 13, 23, 0)","[(3, 3, 5, 0), (3, 3, 5, 0)]"
"(11, 11, 13, 24, 0)","[('?', 0, 5, 0), ('?', 1, 5, 0), ('?', 1, 5, 0), ('?', 1, 5, 0), ('?', 1, 5, 0), (3, 1, 5, 0), (5, 1, 5, 5), ('?', 1, 5, 0), ('?', 1, 5, 0), ('?', 0, 5, 0), ('?', 1, 5, 0), ('?', 0, 5, 0), ('?', 0, 5, 0)]"
"(11, 11, 13, 25, 0)","[('?', '?', 5, 5), ('?', '?', 5, 5), ('?', 0, 5, 0), ('?', 0, 5, 0), ('?', '?', 5, 5), ('?', '?', 5, 5), (3, 6, 5, 5), ('?', 0, 5, 5), ('?', '?', 5, 0), ('?', 5, 5, 5), ('?', 0, 5, 5), ('?', '?', 5, 0), ('?', '?', 5, 5), ('?', 5, 5, 5), ('?', '?', 5, 5), ('?', '?', 5, 5), (2, 4, 5, 5), ('?', '?', 5, 5), (3, '?', 5, 5), ('?', '?', 5, 0)]"
"(11, 11, 13, 26, 0)","[(0, 2, 5, 0), (0, 2, 5, 0), (0, 2, 5, 5)]"
"(11, 11, 15, 1, 0)","[(4, 1, 3, 0), (4, 1, 3, 0), (4, 1, 0, 5), (4, 1, 0, 0), (4, 1, 3, 0), (4, 1, 3, 0), (4, 1, 0, 5), (4, 1, 3, 0), (4, 1, 3, 5), (4, 1, 0, 0), (4, 1, 0, 0), (4, 1, 3, 5), (4, 1, 3, 5), (4, 1, 0, 5), (4, 1, 0, 0), (4, 1, 3, 5), (4, 1, 3, 5), (4, 1, 0, 5), (4, 0, 3, 0), (4, 1, 0, 5), (4, 0, 0, 0), (4, 1, 0, 0), (4, 0, 0, 0), (4, 0, 3, 0), (4, 1, 0, 5), (4, 6, 3, 5), (4, 1, 0, 5), (4, 1, 3, 0), (4, 1, 0, 0), (4, 1, 3, 5), (4, 0, 3, 0), (4, 0, 0, 0), (4, 0, 3, 0), (4, 1, 3, 5), (4, 1, 3, 0)]"
"(11, 11, 15, 6, 0)","[(4, 7, 3, 0), (4, 7, 0, 0), (4, 7, 3, 0), (4, 7, 0, 0), (4, 2, 3, 0), (4, 2, 3, 5), (4, 7, 3, 5), (4, 2, 3, 5), (4, 7, 3, 0), (4, 7, 0, 0), (4, 7, 3, 0), (4, 2, 0, 0), (4, 2, 0, 5), (4, 2, 0, 5), (4, 2, 0, 0), (4, 2, 3, 0), (4, 7, 3, 0), (4, 7, 0, 0), (4, 7, 3, 5), (4, 7, 0, 0), (4, 2, 0, 0), (4, 7, 0, 5), (4, 7, 0, 5), (4, 7, 0, 5), (4, 7, 3, 0), (4, 2, 3, 0), (4, 7, 0, 5), (4, 2, 3, 0), (4, 2, 3, 5), (4, 7, 3, 0), (4, 7, 0, 5), (4, 7, 0, 0), (4, 2, 3, 5)]"
"(11, 11, 15, 8, 0)","[(4, '?', 0, 5), (4, 3, 0, 5), (4, 3, 3, 0), (4, 3, 0, 5), (4, 3, 0, 5), (4, 3, 0, 5)]"
"(11, 11, 15, 11, 0)","[(4, '?', 3, 5), (4, '?', 0, 0), (4, 3, 3, 0), (4, 5, 3, 5), (4, 4, 0, 0), (4, '?', 3, 5), (4, '?', 0, 5), (4, '?', 3, 5), (4, 3, 3, 0), (4, 4, 0, 0), (4, '?', 0, 0), (4, 5, 0, 5), (4, 5, 3, 0), (4, 3, 3, 0), (4, '?', 0, 5), (4, 4, 0, 0), (4, 0, 0, 0), (4, 3, 3, 0), (4, '?', 0, 0), (4, '?', 0, 0), (4, 4, 0, 5), (4, 5, 3, 5), (4, 0, 0, 0), (4, '?', 0, 0), (4, 0, 3, 0), (4, '?', 0, 0), (4, 4, 0, 5), (4, '?', 3, 5), (4, '?', 3, 5), (4, 3, 0, 5), (4, 5, 0, 5), (4, 0, 0, 0), (4, 0, 3, 0), (4, 5, 0, 5), (4, 0, 0, 0), (4, 0, 0, 0), (4, 3, 3, 0), (4, 5, 3, 5), (4, 4, 0, 5), (4, 4, 0, 5), (4, 5, 0, 0), (4, 5, 3, 5), (4, 5, 3, 0), (4, 5, 0, 5), (4, 4, 0, 0), (4, '?', 3, 5), (4, 5, 0, 5), (4, 4, 0, 5), (4, 4, 0, 5), (4, '?', 0, 5), (4, '?', 0, 5)]"
"(11, 11, 15, 13, 0)","[(4, 0, 5, 5), (4, 5, 5, 0), (4, 0, 5, 0), (4, 3, 5, 5), (4, 0, 5, 0), (4, 1, 5, 0), (4, 7, 5, 5), (4, 4, 5, 0), (4, 4, 5, 0), (4, 3, 5, 0)]"
"(11, 11, 15, 14, 0)","[(4, 1, 5, 0), (4, 1, 5, 5), (4, 0, 5, 0), (4, 1, 5, 5), (4, 1, 5, 5)]"
"(11, 11, 15, 16, 0)","[(4, 5, 0, 0), (4, 5, 0, 5), (4, 4, 0, 0), (4, 5, 0, 5), (4, 5, 0, 5), (4, 5, 0, 5), (4, 5, 0, 0)]"
"(11, 11, 15, 25, 0)","[(4, 5, 5, 0), (4, 5, '?', 0)]"
"(11, 11, 15, 26, 0)","[(4, 7, 5, 5), (4, 7, 5, 0)]"
"(11, 11, 16, 1, 0)","[(4, 1, 3, 0), (4, 1, 0, 5), (4, 1, 0, 0), (4, 1, 3, 0), (4, 1, 0, 0)]"
"(11, 11, 16, 5, 0)","[(4, 1, 3, 5)]"
"(11, 11, 16, 6, 0)","[(4, 7, 0, 5), (4, 2, 3, 5), (4, 7, 3, 5), (4, 7, 0, 5), (4, 7, 0, 5), (4, 2, 3, 0), (4, 7, 3, 5), (4, 7, 0, 0), (4, 2, 0, 5)]"
"(11, 11, 16, 11, 0)","[(4, 4, 0, 5), (4, 5, 0, 0), (4, '?', 3, 5), (4, 5, 3, 5), (4, 5, 3, 0), (4, 5, 3, 0), (4, 5, 0, 0), (4, 5, 0, 0)]"
"(11, 11, 16, 16, 0)","[(4, 5, 3, 0), (4, 4, 0, 5), (4, 5, 3, 5), (4, 5, 3, 5)]"
"(11, 11, 16, 19, 0)","[(4, 3, 0, 5), (4, 3, 3, 0)]"
"(11, 11, 17, 1, 0)","[(5, 0, 0, 0), (5, 0, 3, 0), (5, 0, 0, 0), (1, 0, 0, 5), (5, 0, 3, 5), (5, 0, 0, 5), (1, 0, 0, 5), (5, 0, 3, 0), (1, 1, 3, 0), (1, 0, 0, 5), (1, 0, 0, 5), (1, 1, 3, 0), (5, 0, 0, 0), (5, 0, 3, 5), (5, 0, 3, 0), (5, 0, 0, 0), (5, 1, 0, 0), (5, 1, 0, 0), (5, 0, 0, 5), (5, 0, 3, 5), (1, 0, 3, 0)]"
"(11, 11, 17, 4, 0)","[(1, 5, 1, 0)]"
"(11, 11, 17, 6, 0)","[(1, 7, 3, 0)]"
"(11, 11, 17, 11, 0)","[(5, 7, 3, 0), (5, 4, 3, 0), (5, 5, 0, 5), (5, 4, 3, 5), (1, '?', 3, 5), (5, 4, 3, 5), (5, '?', 3, 0), (1, '?', 0, 0), (1, 4, 0, 5), (1, '?', 3, 5), (5, 4, 0, 5), (1, 5, 0, 5), (5, 4, 3, 0), (1, 4, 0, 5), (1, 4, 3, 5), (5, 4, 0, 5), (5, '?', 3, 0), (1, 4, 0, 5), (5, 4, 3, 0), (5, 4, 3, 0), (5, 4, 0, 0), (1, '?', 3, 0), (5, 4, 3, 5), (1, '?', 0, 0), (5, 4, 3, 0)]"
"(11, 11, 17, 12, 0)","[(1, 5, 1, 5)]"
"(11, 11, 17, 13, 0)","[(5, 0, 5, 5), (1, '?', 5, 0), (5, 4, 5, 0), (1, 5, 5, 0), (5, 1, 5, 0), (5, 1, 5, 0), (1, '?', 5, 5), (5, 4, 5, 0), (1, '?', 5, 5), (5, 4, 5, 0), (1, 4, 5, 0), (5, 4, 5, 0), (5, 4, 5, 0), (1, 5, 5, 0)]"
"(11, 11, 17, 14, 0)","[(1, 0, 5, 5), (5, 0, 5, 5), (5, 0, 5, 5), (5, 0, 5, 0), (1, 1, 5, 5), (5, 0, 5, 5), (5, 0, 5, 0), (1, 0, 5, 5), (5, 0, 5, 5), (1, 0, 5, 0)]"
"(11, 11, 17, 16, 0)","[(5, 4, 0, 5), (1, 4, 0, 0), (1, 4, 0, 5), (5, 4, 0, 0), (5, 4, 0, 5), (1, 4, 0, 0), (5, 4, 3, 5), (5, 4, 0, 0), (5, 4, 3, 0), (5, 4, 3, 5), (1, 4, 3, 0), (5, 5, 0, 5), (1, 4, 3, 5), (1, 4, 3, 5), (1, 5, 3, 0), (5, 4, 3, 0), (1, 5, 3, 0), (5, 4, 3, 0), (5, 4, 0, 0), (5, 5, 3, 5), (5, 4, 0, 0), (5, 4, 0, 5), (5, 4, 0, 5), (1, 4, 3, 0), (1, 4, 3, 0), (5, 4, 3, 0), (1, 5, 3, 0), (1, 4, 3, 5), (5, 4, 3, 0), (1, 5, 0, 0), (5, 4, 0, 5), (1, 5, 3, 0), (1, 5, 0, 0)]"
"(11, 11, 17, 17, 0)","[(1, 4, 0, 0)]"
"(11, 11, 17, 19, 0)","[(1, 3, 0, 5), (5, 3, 0, 5), (5, 3, 0, 5), (5, 3, 0, 5), (1, 3, 3, 5), (1, 3, 3, 0), (5, 3, 0, 5), (5, 3, 0, 5), (1, 3, 0, 0)]"
"(11, 11, 17, 23, 0)","[(5, 3, 5, 0), (1, 3, 5, 5), (1, 3, 5, 0), (5, 3, 5, 0)]"
"(11, 11, 18, 1, 0)","[(0, 0, 0, 5), (0, 1, 0, 5), (0, 0, 0, 5), (0, 0, 3, 5), (0, 0, 3, 5), (0, 1, 0, 5), (0, 1, 0, 0), (0, 0, 0, 5), (0, 1, 0, 0), (0, 0, 3, 5), (0, 1, 0, 0), (0, 0, 3, 0), (0, 0, 0, 5), (0, 1, 0, 5), (0, 0, 3, 0), (0, 0, 3, 5), (0, 0, 0, 5), (0, 0, 3, 5), (0, '?', 3, 0), (0, 0, 0, 5)]"
"(11, 11, 18, 3, 0)","[(0, 3, 3, 5), (0, 3, 0, 0)]"
"(11, 11, 18, 6, 0)","[(0, 2, 3, 5), (0, 7, 3, 5), (0, 2, 3, 0), (0, 2, 3, 5), (0, 7, 0, 0), (0, 2, 3, 5), (0, 7, 0, 0), (0, 2, 0, 5), (0, 2, 3, 0), (0, 7, 3, 5), (0, 7, 0, 5), (0, 7, 0, 0), (0, 2, 0, 0), (0, 2, 3, 0), (0, 7, 3, 0), (0, 7, 0, 5), (0, 7, 3, 0), (0, 7, 0, 0), (0, 7, 3, 5), (0, 7, 0, 0), (0, 2, 3, 0), (0, 2, 0, 5), (0, 2, 3, 5), (0, 7, 3, 0), (0, 2, 0, 5), (0, 7, 3, 5), (0, 7, 0, 0), (0, 2, 3, 0), (0, 2, 0, 0), (0, 2, 3, 5), (0, 7, 0, 5), (0, 7, 0, 0), (0, 7, 3, 0)]"
"(11, 11, 18, 11, 0)","[(0, '?', 3, 0), (0, '?', 3, 5), (0, '?', 0, 0), (0, 4, 3, 5), (0, '?', 3, 0), (0, 4, 3, 5), (0, '?', 0, 0), (0, '?', 3, 0), (0, '?', 0, 0), (0, '?', 3, 0), (0, 4, 0, 0), (0, 4, 3, 5), (0, 4, 0, 0), (0, 4, 3, 5), (0, 4, 3, 0), (0, 4, 0, 0), (0, 4, 3, 0), (0, 5, 0, 5), (0, 4, 3, 5), (0, '?', 3, 5), (0, 5, 3, 5), (0, 5, 0, 5), (0, 4, 0, 0)]"
"(11, 11, 18, 15, 0)","[(0, '?', 0, 0), (0, 7, 0, 5), (0, '?', 3, 5), (0, '?', 3, 5), (0, '?', 3, 0), (0, '?', 3, 5), (0, '?', 0, 0), (0, '?', 0, 0)]"
"(11, 11, 18, 16, 0)","[(0, 4, 0, 0), (0, 4, 3, 0), (0, 4, 3, 0), (0, 4, 3, 5), (0, 4, 3, 0), (0, 4, 3, 0), (0, 5, 3, 0)]"
"(11, 11, 18, 19, 0)","[(0, 3, 0, 0), (0, 3, 3, 5), (0, 3, 0, 0), (0, 3, 3, 5), (0, '?', 0, 0)]"
"(11, 11, 18, 20, 0)","[(0, '?', 0, 0)]"
"(11, 11, 18, 22, 0)","[(0, 3, 3, 5), (0, 3, 3, 5), (0, 3, 0, 0), (0, 3, 3, 5)]"
"(11, 11, 18, 24, 0)","[(0, 0, 0, 5), (0, 1, 0, 0), (0, 0, 3, 5), (0, 0, 3, 0), (0, 0, 3, 0), (0, 0, 3, 5), (0, 1, 0, 5), (0, 0, 3, 0), (0, 0, 3, 0), (0, 1, 0, 0), (0, 1, 0, 5), (0, 0, 3, 0), (0, 1, 0, 0), (0, 1, 0, 5), (0, 0, 3, 0), (0, 1, 0, 5), (0, 0, 3, 0), (0, 6, 0, 5), (0, 1, 0, 0), (0, 1, 0, 0)]"
"(11, 11, 18, 26, 0)","[(0, 2, 0, 5), (0, 7, 0, 0), (0, 2, 3, 5), (0, 2, 3, 5), (0, 7, 3, 5), ('?', 7, 0, 5), (0, 7, 0, 0), (0, 2, 3, 0), (0, 7, 3, 5)]"
"(11, 11, 20, 1, 0)","[(2, 0, 3, 5), (2, 1, 3, 0), (2, 0, 3, 5), (2, 0, 3, 0)]"
"(11, 11, 20, 6, 0)","[(2, 2, 3, 0), (2, 2, 3, 5)]"
"(11, 11, 20, 11, 0)","[(2, 5, 0, 5), (2, 5, 3, 0)]"
"(11, 11, 20, 16, 0)","[(2, 4, 0, 5)]"
"(11, 11, 20, 24, 0)","[(2, 1, 3, 0)]"
"(11, 11, 24, 16, 0)","[(3, 6, 3, 5)]"
"(11, 11, 25, 1, 0)","[(3, 1, 0, 0), (3, 0, 0, 5), (3, 1, 3, 0), (3, 1, 0, 0)]"
"(11, 11, 25, 2, 0)","[(3, 0, 5, 0)]"
"(11, 11, 25, 3, 0)","[(3, 3, 0, 0)]"
"(11, 11, 25, 6, 0)","[('?', 7, 0, 5), (3, 7, 3, 5), ('?', 7, 0, 0), (3, 7, 3, 0), (3, 7, 0, 0), (3, 7, 0, 0), ('?', 2, 3, 5), (3, 2, 3, 5), ('?', 2, 0, 5), ('?', 2, 0, 5), (3, 7, 0, 0), (5, 7, 3, 5), (3, 7, 3, 5), (3, 2, 3, 5), (3, 2, 0, 5), (3, 7, 3, 5)]"
"(11, 11, 25, 11, 0)","[(3, 7, 3, 0), (3, 3, 3, 5)]"
"(11, 11, 25, 13, 0)","[('?', '?', 5, 0), (3, 0, 5, 0), (3, 0, 5, 0), ('?', 0, 5, 5), ('?', 0, 5, 5)]"
"(11, 11, 25, 14, 0)","[(3, 1, 0, 5), (3, 1, 5, 5), (3, 0, 0, 5)]"
"(11, 11, 25, 15, 0)","[(3, '?', 3, 5)]"
"(11, 11, 25, 22, 0)","[(3, 3, 0, 5), (3, 3, 3, 5)]"
"(11, 11, 25, 23, 0)","[(3, 3, 0, 5), (3, 3, 3, 5)]"
"(11, 11, 25, 24, 0)","[('?', 0, 0, 0)]"
"(11, 11, 25, 25, 0)","[('?', '?', 5, 0), (3, 0, 0, 0)]"
"(11, 11, 26, 9, 0)","[(6, 7, 1, 5)]"
"(11, 11, 27, 6, 0)","[(0, 2, 5, 5), (0, 7, 5, 0), (0, 7, 5, 0), (0, 7, 5, 0)]"
"(11, 11, 27, 11, 0)","[(0, 4, 5, 0), (0, '?', 5, 5), (0, '?', 5, 5)]"
"(11, 11, 27, 13, 0)","[(0, 4, 5, 0), (0, 4, 5, 0)]"
"(11, 11, 27, 14, 0)","[(0, 0, 5, 5), (0, 0, 5, 5), (0, 1, 5, 5), (0, 1, 5, 0), (0, 0, 5, 5), (0, 1, 5, 5), (0, 0, 5, 5), (0, 1, 5, 0), (0, 1, 5, 0), (0, 1, 5, 5)]"
"(11, 11, 27, 15, 0)","[(0, 4, 5, 0), (0, 4, 5, 0)]"
"(11, 11, 27, 16, 0)","[(0, 4, 5, 5), (0, 4, 5, 0)]"
"(11, 11, 27, 22, 0)","[(0, 3, 5, 0)]"
"(11, 11, 27, 23, 0)","[(0, 3, 5, 0), (0, 3, 5, 0), (0, 3, 5, 0), (0, 3, 5, 0)]"
"(11, 11, 27, 24, 0)","[(0, 0, 5, 5), (0, 1, 5, 5), (0, 1, 5, 0), (0, 1, 5, 5), (0, 1, 5, 0), (0, 1, 5, 0), (0, 1, 5, 5), (0, 1, 5, 0), (0, 1, 5, 5)]"
"(11, 11, 27, 25, 0)","[(0, '?', 5, 5), (0, '?', 5, 5), (0, '?', 5, 5), (0, 0, 5, 5), (0, '?', 5, 5), (0, 4, 5, 5), (0, 0, 5, 5), (0, '?', 5, 5), (0, 6, 5, 5), (0, '?', 5, 5), (0, '?', 5, 0), (0, '?', 5, 0)]"
"(11, 11, 27, 26, 0)","[(0, 7, 5, 5), (0, 7, 5, 5), (0, 7, 5, 5), (0, 7, 5, 5), (0, 7, 5, 0), (0, 7, 5, 0), (0, 7, 5, 0)]"
"(11, 11, 27, 27, 0)","[(0, '?', 5, 0), (0, 4, 5, 0), (0, '?', 5, 0), (0, '?', 5, 0), (0, 6, 5, 5), (0, '?', 5, 5), (0, '?', 5, 0), (0, '?', 5, 0)]"
"(11, 12, 2, 1, 0)","[(4, 0, 4, 0), (4, 1, 6, 0)]"
"(11, 12, 2, 2, 0)","[(4, '?', 6, 0)]"
"(11, 12, 2, 4, 0)","[(4, 5, 6, 5)]"
"(11, 12, 2, 5, 0)","[(4, 1, 6, 0), (4, 1, 4, 5), (4, 1, 4, 5), (4, 1, 6, 5), (4, 1, 6, 0), (4, 0, 4, 0), (4, 1, 4, 5), (4, 1, 6, 0), (4, 1, 6, 5), (4, 1, 6, '?'), (4, 0, 6, 5), (4, 1, 4, 5)]"
"(11, 12, 2, 6, 0)","[(4, 7, 6, 5), (4, 7, 4, 0), (4, 2, 4, 5), (4, 2, 4, 5), (4, 7, 6, 0), (4, 2, 6, 0), (4, 2, 4, 5)]"
"(11, 12, 2, 9, 0)","[(4, 7, 1, 5)]"
"(11, 12, 2, 10, 0)","[(4, '?', 6, 0), (4, 0, 4, 0), (4, '?', 4, 5), (4, 3, 6, 5)]"
"(11, 12, 2, 11, 0)","[(4, 5, 4, 0), (4, 5, 4, 5), (4, 4, 6, 5), (4, 5, 4, 5), (4, 4, 6, 0), (4, 5, 4, 0), (4, 5, 4, 5), (4, 4, 6, 0)]"
"(11, 12, 2, 16, 0)","[(4, 5, 4, 5), (4, 5, 6, 0), (4, 5, 4, 0)]"
"(11, 12, 2, 17, 0)","[(4, 5, 6, 0), (4, '?', 6, 0), (4, '?', 6, 0), (4, 5, 6, 5), (4, 3, 4, 5)]"
"(11, 12, 2, 19, 0)","[(4, 3, 6, 0)]"
"(11, 12, 2, 22, 0)","[(4, 3, 6, 0), (4, 3, 6, 5)]"
"(11, 12, 2, 26, 0)","[(4, 2, 6, 0), (4, 7, 6, 0), (4, 2, 4, 5), (4, 7, 6, 0), (4, 2, 4, 5), (4, 2, 4, 5), (4, 7, 4, 0), (4, 2, 6, 0), (4, 2, 6, 0), (4, 2, 4, 5), (4, 7, 4, 0)]"
"(11, 12, 3, 4, 0)","[(3, 5, 1, 0), ('?', 5, 6, 0)]"
"(11, 12, 3, 10, 0)","[(5, 5, 7, 0)]"
"(11, 12, 3, 11, 0)","[(7, 5, 6, 0), (7, 5, 5, 0), (3, 5, 1, 0), (3, 5, 5, 0)]"
"(11, 12, 3, 12, 0)","[('?', 5, 1, 0)]"
"(11, 12, 3, 16, 0)","[(3, 5, 1, 5)]"
"(11, 12, 3, 18, 0)","[(0, 5, 6, 0)]"
"(11, 12, 3, 25, 0)","[('?', 5, 5, 5)]"
"(11, 12, 3, 27, 0)","[(0, 5, 7, 5), (0, 5, 2, 0)]"
"(11, 12, 4, 1, 0)","[('?', 0, 4, 0)]"
"(11, 12, 4, 2, 0)","[(3, 4, 4, 0), (3, 0, 4, 0), (3, '?', 4, 0), (3, 6, 6, 5), (3, 0, 6, 0), (3, 7, 6, 5), (3, '?', 6, 0), (3, 0, 4, 5), (3, 6, 4, 5), (3, 0, 4, 0), (3, '?', 4, 0), (3, '?', 6, 5), (3, 2, 6, 5), (3, '?', 4, 0), (3, '?', 6, 5), (3, '?', 4, 5), (3, 5, 4, 5)]"
"(11, 12, 4, 3, 0)","[('?', 3, 6, 5), ('?', 3, 4, 5), ('?', 3, 4, 0), ('?', 3, 4, 5), ('?', 3, 4, 0), ('?', 3, 4, 5), ('?', 3, 4, 0), ('?', 3, 6, 0), ('?', 3, 6, 5), ('?', 3, 6, 5), ('?', 3, 6, 0), ('?', 3, 4, 5)]"
"(11, 12, 4, 4, 0)","[(4, 4, 4, 5), ('?', 5, 6, 5), ('?', 5, 4, 5), (4, 4, 4, 5), (3, 4, 6, 0), ('?', 5, 4, 0)]"
"(11, 12, 4, 5, 0)","[('?', 1, 6, 5), ('?', 1, 4, 0), ('?', 1, 6, 5), ('?', 1, 4, 0), ('?', 1, 6, 5), (2, 1, 6, 5), ('?', 0, 6, 0), ('?', 0, 6, 0), ('?', 1, 4, 5), ('?', 0, 6, 5), ('?', 1, 4, 0)]"
"(11, 12, 4, 9, 0)","[(4, 4, 4, 5)]"
"(11, 12, 4, 11, 0)","[('?', 5, 4, 5), (3, 4, 4, 0), (3, 4, 6, 0), ('?', 4, 4, 0), (3, 4, 6, 0), (4, 4, 4, 0), (3, 4, 4, 5), ('?', 4, 6, 5), (3, 5, 4, '?'), (4, 4, 4, 0), (5, 4, 6, 5), ('?', '?', 6, 5), ('?', 4, 6, 5), (3, 4, 4, 0), ('?', 5, 6, 5), (3, 4, 4, 0), ('?', 5, 4, 5), (4, 4, 4, 5), (5, 4, 4, 5), (5, 4, 4, 5), ('?', 5, 4, 0), ('?', 4, 4, 0), ('?', 4, 6, 0), (4, 4, 4, 5), ('?', 4, 6, 5), ('?', 4, 4, 5), ('?', 4, 6, 0), (3, 5, 4, 0), ('?', 5, 6, 0), (5, 4, 4, 0), (5, 4, 4, 5), (4, 4, 4, 0), (3, 5, 4, 0), (3, 5, 4, 0), (3, 5, 4, 0), (3, 5, 4, 5), (3, 5, 4, 0), ('?', 4, 6, 5), ('?', 4, 6, 0), (3, 4, 6, 5), (3, 5, 4, 5)]"
"(11, 12, 4, 12, 0)","[('?', '?', 6, 5), (5, 7, 6, 5), ('?', 5, 4, 0), ('?', 1, 4, 5), ('?', 5, 4, 0), (5, 4, 4, 5), ('?', 7, 6, 5), ('?', '?', 6, 0), (5, 4, 6, 5), ('?', '?', 6, 0), ('?', 5, 4, 5)]"
"(11, 12, 4, 13, 0)","[('?', 4, 6, 0)]"
"(11, 12, 4, 14, 0)","[(3, 0, 4, 0), (3, 1, 6, 5), (3, 0, 4, 5), (3, 1, 6, 0), (3, 1, 4, 5), (3, 0, 4, 0), (3, 1, 6, 5), (3, 1, 6, 5), (3, 1, 6, 0), (3, 0, 6, 5), (3, 1, 6, 0), (3, 1, 6, 5), (3, 0, 6, 0), (3, 1, 6, 0), (3, 1, 4, 5), (3, 1, 6, 5), (3, 0, 6, 5), (3, 1, 4, 5), (3, 0, 6, 0), (3, 0, 6, 5)]"
"(11, 12, 4, 16, 0)","[(3, 5, 4, 5)]"
"(11, 12, 4, 19, 0)","[(3, 3, 6, 0)]"
"(11, 12, 4, 22, 0)","[(3, 3, 6, 0), (3, 3, 6, 0), (3, 3, 6, 5), (3, 3, 6, 5), (3, 3, 6, 0), (3, 3, '?', 0)]"
"(11, 12, 4, 24, 0)","[('?', 0, 6, 0), ('?', 0, 4, 0), ('?', 0, 4, 0)]"
"(11, 12, 4, 25, 0)","[(4, 4, 4, 0), ('?', '?', 6, 0), (3, 4, 6, 5), (3, 4, 4, 0), (3, 4, 4, 5), (3, 4, 4, 5)]"
"(11, 12, 4, 26, 0)","[('?', 2, 6, 0), ('?', 7, 1, 5)]"
"(11, 12, 5, 2, 0)","[(3, 0, 6, 0), (3, 1, 4, 5)]"
"(11, 12, 5, 4, 0)","[('?', 1, 4, 5)]"
"(11, 12, 5, 14, 0)","[(3, 1, 4, 5)]"
"(11, 12, 6, 2, 0)","[(3, 2, 1, 5)]"
"(11, 12, 6, 4, 0)","[(4, 2, 1, 5), ('?', 7, 1, 0)]"
"(11, 12, 6, 7, 0)","[(0, 2, 1, 0)]"
"(11, 12, 6, 10, 0)","[(1, 7, 5, 0), (5, 7, 5, 5), (5, 7, 5, 5), (5, 2, '?', 0), (5, 7, 1, 5), (1, 7, 1, 5)]"
"(11, 12, 6, 12, 0)","[(4, 2, 1, 5)]"
"(11, 12, 6, 13, 0)","[(0, 2, 5, 5), (5, 7, 5, 0), (0, 2, 5, 5), (2, 7, 5, 5), (1, 7, 5, 0)]"
"(11, 12, 6, 17, 0)","[(1, 7, 1, 0), (1, 7, 1, 0), (5, 2, 1, 0), (1, 2, 1, 0)]"
"(11, 12, 6, 25, 0)","[(3, 2, 2, 5)]"
"(11, 12, 6, 27, 0)","[(0, 7, 5, 5), (0, 2, 5, 5)]"
"(11, 12, 7, 1, 0)","[(0, 0, 4, 5), (0, 1, 4, 5), (0, 1, '?', 0), (0, 1, 6, 5)]"
"(11, 12, 7, 3, 0)","[(0, 3, 6, 0), (0, 3, 1, 5), (0, 3, 6, 5), (0, 3, 6, 5), (0, 3, 1, 5), (0, 3, 4, 5), (0, 3, 6, 0), (0, 3, 6, 0), (0, 3, 4, 5), (0, 3, 6, 0), (0, 3, 6, 5)]"
"(11, 12, 7, 4, 0)","[(0, '?', 6, 0)]"
"(11, 12, 7, 5, 0)","[(0, 0, 6, 5), (0, 0, 4, 0), (0, 0, 4, 5), (0, 1, 6, 5), (0, 1, 4, 5), (0, 0, 6, 0), (0, 0, 6, 0), (0, 0, 6, 5), (0, 1, 4, 5), (0, 1, 6, 5), (0, 0, 4, 0), (0, 0, 6, 5), (0, 0, 6, 0), (0, 1, 6, 5), (0, 1, 6, 5), (0, 1, 4, 5)]"
"(11, 12, 7, 6, 0)","[(0, 7, 4, 5), (0, 7, 1, 0), (0, 2, 1, 5), (0, 7, 4, 5), (0, 2, 4, 5), (0, 7, 4, 5), (0, 7, 4, 5), (0, 7, 1, 5), (0, 7, 6, 5), (0, 2, 1, 0), (0, 7, 1, 5), (0, 7, 1, 5)]"
"(11, 12, 7, 9, 0)","[(0, 1, 1, 0), (0, '?', 1, 0), (0, '?', 1, 5), (0, '?', 1, 0), (0, '?', 1, 5)]"
"(11, 12, 7, 10, 0)","[(0, 5, 4, 5), (0, '?', 4, 5), (0, 7, 6, 5), (0, 5, 4, 5), (0, '?', 4, 5), (0, '?', 6, 0), (0, 7, 6, 5), (0, 4, 4, 5), (0, 7, 6, 5), (0, 3, 4, 5), (0, '?', 4, 5), (0, '?', 6, 0), (0, 3, 6, 5), (0, 7, 6, 5), (0, 4, 6, 0), (0, '?', 6, 0), (0, 7, 6, 5), (0, 6, 6, 5), (0, 3, 4, 5), (0, 4, 6, 5), (0, 7, 6, 5), (0, '?', 4, 5), (0, 5, 4, 5), (0, 3, 4, 5), (0, '?', 6, 0)]"
"(11, 12, 7, 11, 0)","[(0, 5, 4, 0), (0, 0, 1, 5), (0, '?', 1, 5), (0, 5, 4, 5), (0, '?', 1, 0), (0, 1, 1, 5), (0, 5, 4, 0), (0, 5, 4, 0), (0, 5, 6, 0), (0, 0, 1, 5), (0, 4, 4, 5)]"
"(11, 12, 7, 12, 0)","[(0, 2, 6, 0), (0, 0, 1, 5), (0, 0, 1, 0), (0, 1, 1, 5)]"
"(11, 12, 7, 16, 0)","[(0, 0, 1, 0), (0, 5, 4, 5), (0, 1, 1, 0), (0, 4, 1, 5), (0, 5, 4, 0)]"
"(11, 12, 7, 17, 0)","[(0, 2, 6, 5), (0, 4, 6, 0), (0, '?', 4, 5), (0, 4, 6, 0)]"
"(11, 12, 7, 18, 0)","[(0, '?', 1, 0), (0, 4, 6, 0)]"
"(11, 12, 7, 19, 0)","[(0, '?', 1, 0)]"
"(11, 12, 7, 20, 0)","[(0, 1, 1, 5)]"
"(11, 12, 7, 21, 0)","[(0, 6, 4, 5)]"
"(11, 12, 7, 22, 0)","[(0, 3, 6, 0), (0, 3, 1, 5), (0, 3, 1, 5)]"
"(11, 12, 7, 24, 0)","[(0, 0, 4, 0), (0, 1, 4, 5), (0, 1, 6, 5), (0, 0, 6, 5), (0, 0, 6, 5), (0, 0, 4, 0), (0, 1, 6, 5), (0, 0, 4, 5), (0, 0, 4, 0), (0, 0, 6, 0), (0, 1, 4, 5), (0, 0, 6, 0), (0, 0, 4, 0), (0, 0, 4, 0), (0, 0, 4, 5)]"
"(11, 12, 7, 25, 0)","[(0, 0, 7, 5)]"
"(11, 12, 7, 26, 0)","[(0, 2, 4, 5), (0, 2, 6, 5), (0, 2, 6, 0), (0, 7, 4, 5), (0, 2, 6, 5), (0, 2, 6, 5), (0, 2, 6, 5), (0, 7, 4, 5), (0, 7, 1, 0), (0, 2, 6, 5), (0, 2, 6, 5), (0, 2, 6, 5), (0, 7, 4, 5), (0, 2, 4, 5), (0, 7, 1, 0), (0, 2, 6, 0), (0, 2, 6, 5), (0, 2, 4, 5), (0, 7, 6, 5), (0, 2, 6, 0), (0, 2, 6, 0), (0, 7, 1, 0), (0, 7, 4, 5), (0, 2, 4, 5)]"
"(11, 12, 8, 2, 0)","[(3, 5, 5, 0), (3, 5, 1, 5), (3, 5, 1, 5), (3, 5, 1, 5), (3, 5, '?', 0), (3, 5, '?', 0), (3, 5, 5, 5)]"
"(11, 12, 8, 12, 0)","[(3, 5, 1, 0), (3, 5, 1, 0), (3, 5, 1, 5)]"
"(11, 12, 8, 13, 0)","[('?', 5, 5, 0), ('?', 5, 5, 0)]"
"(11, 12, 8, 15, 0)","[(3, 5, 5, 0)]"
"(11, 12, 8, 17, 0)","[(5, 5, 1, 5)]"
"(11, 12, 8, 25, 0)","[(3, 5, 5, 5), (3, 5, 5, 5), (3, 5, 5, 0), (7, 5, 5, 0), (7, 5, 5, 0), (3, 5, 5, 0), (3, 5, '?', 0), (3, 5, '?', 0), (3, 5, 5, 0), (3, 5, 5, 0), (7, 5, 5, 0), (3, 5, 5, 5), (7, 5, 5, 0), (3, 5, 1, 0), (3, 5, '?', 0)]"
"(11, 12, 8, 27, 0)","[(0, 5, 7, 5), (0, 5, 7, 5), (0, 5, 5, 5)]"
"(11, 12, 9, 2, 0)","[(3, '?', 5, 5), (3, 1, 1, 0), (3, '?', 1, 5), (3, 0, 1, 5), (3, 0, 1, 0), (3, 4, 5, 0)]"
"(11, 12, 9, 3, 0)","[(5, 3, 1, 5), ('?', 3, 1, 5), ('?', 3, 1, 0), ('?', 3, 1, 5), ('?', 3, 1, 0), (0, 3, 1, 5), (1, 3, 1, 0), ('?', 3, 5, 5), ('?', 3, 1, 0), (0, 3, 1, 5), ('?', 3, 1, 5), ('?', 3, 1, 5), ('?', 3, 1, 5), ('?', 3, 1, 5), (5, 3, 1, 0), ('?', 3, 1, 0), ('?', 3, 1, 5), ('?', 3, 1, 0), (5, 3, 1, 0), (1, 3, 1, 5), (0, 3, 1, 5)]"
"(11, 12, 9, 4, 0)","[(3, '?', 1, 0), (4, 0, 1, 5), (4, 1, 1, 0), (3, 1, 1, 0), (3, 0, 1, 0), (3, '?', 1, 5), (3, 1, 1, 0), (3, 0, 1, 5), (4, 4, 1, 0), (4, 0, 1, 5), ('?', 0, 1, 5), (3, 1, 1, 5), ('?', 4, 1, 5), (3, 6, 1, 0), (3, '?', 1, 5), ('?', 1, 1, 5), (3, '?', 1, 5), ('?', 7, 1, 5), (3, 0, 1, 0), ('?', 4, 1, 5), (3, 1, 1, 5), ('?', 4, 1, 5), ('?', 4, 1, 5), ('?', 4, 1, 0), (3, 0, 1, 5), (4, 1, 1, 5), ('?', 4, 1, 0), (3, 0, 1, 0), ('?', 1, 1, 5), ('?', 0, 1, 5), (3, '?', 1, 5), (3, '?', 1, 5), (3, 5, 1, 5)]"
"(11, 12, 9, 6, 0)","[(0, 2, 1, 0)]"
"(11, 12, 9, 7, 0)","[(0, 1, 1, 0), (0, '?', 1, 0), (0, '?', 1, 5), (0, 1, 1, 0), (0, 1, 1, 0), (0, 7, 1, 0), (0, 0, 1, 0), (0, 1, 1, 0), (0, 0, 1, 0), (0, 1, 1, 0)]"
"(11, 12, 9, 10, 0)","[(5, '?', 1, 5), (5, 1, 1, 0), (1, '?', 1, 5), (5, 3, 1, 0), (5, 3, 1, 5), (5, 1, 1, 0), (5, '?', 1, 5), (5, '?', 1, 5), (5, 3, 1, 5), (1, '?', 1, 0), (5, 3, 1, 0), (5, 6, 1, 0), (1, 6, 1, 0), (1, '?', 1, 5), (1, 3, 1, 0), (1, 1, 1, 0), (1, 1, 1, 0), (1, 0, 1, 5), (1, '?', 1, 5), (1, 3, 1, 0), (5, '?', 1, 0), (5, 3, 1, 0), (1, 0, 1, 5), (1, 0, 1, 5), (1, 3, 1, 5), (1, 4, 1, 5), (1, '?', 1, 0), (5, '?', 1, 5), (5, 1, 1, 0), (5, 4, 1, 0)]"
"(11, 12, 9, 12, 0)","[('?', 1, 1, 5), (4, 1, 1, 0), (3, '?', 1, 0), (3, '?', 1, 0), ('?', 6, 1, 0), (3, 0, 1, 0), ('?', 0, 1, 5), ('?', 5, 1, 0), (3, '?', 1, 0), (3, 0, 1, 5), (3, 1, 1, 0), (3, 1, 1, 5), (4, 1, 1, 5), (4, 1, 1, 0), ('?', 5, 1, 0), ('?', '?', 1, 5), (3, '?', 1, 0), (3, 0, 1, 0), (3, 0, 1, 0), ('?', '?', 1, 5), ('?', 6, 1, 0), ('?', 5, 1, 0), ('?', '?', 1, 5), ('?', '?', 1, 5), (4, 1, 1, 5), (1, '?', 1, 0), (4, '?', 1, 5), ('?', 1, 1, 5), ('?', 5, 1, 0), (3, 1, 1, 0), ('?', 0, 1, 5), ('?', 4, 1, 0), (4, 1, 1, 5), ('?', 3, 1, 0), (5, 1, 1, 0), (3, 0, 1, 5), ('?', 0, 1, 5), ('?', 1, 1, 5), ('?', 1, 1, 5), ('?', '?', 1, 5), (3, '?', 1, 0), ('?', 3, 1, 0), (3, 1, 1, 5), (3, 0, 1, 5), (0, '?', 1, 5), (3, '?', 1, 0), (2, 0, 1, 5), (2, 0, 1, 5), ('?', 5, 1, 5), (2, 1, 1, 5), ('?', '?', 1, 5), (2, 3, 1, 5), ('?', '?', 1, 5)]"
"(11, 12, 9, 13, 0)","[('?', '?', 5, 0)]"
"(11, 12, 9, 15, 0)","[(4, '?', 1, 5), (4, 6, 1, 5)]"
"(11, 12, 9, 16, 0)","[(3, 4, 5, 0)]"
"(11, 12, 9, 17, 0)","[(5, '?', 1, 0), (1, '?', 1, 0), (5, 1, 1, 0), (5, '?', 1, 5), (5, 2, 1, 0), (5, 4, 1, 0), (1, 7, 1, 0), (5, 4, 1, 0), (1, 2, 1, 0), (1, '?', 1, 0), (1, 0, 1, 5), (1, 1, 1, 0), (1, 4, 1, 5), (5, 7, 1, 5), (1, 5, 1, 5), (1, 4, 1, 0), (1, 4, 1, 5), (5, 4, 1, 5), (1, 4, 1, 0), (5, 4, 1, 5), (1, 7, 1, 0), (1, 1, 1, 0), (5, 4, 1, 0), (5, 5, 1, 5), (1, 4, 1, 5)]"
"(11, 12, 9, 18, 0)","[(0, 4, 1, 5), (0, 4, 1, 0), (0, 4, 1, 5)]"
"(11, 12, 9, 21, 0)","[(1, 6, 1, 0), ('?', 6, 1, 5), ('?', 6, 1, 0), (3, 6, 1, 5), (3, 6, 1, 0), ('?', 6, 1, 5), (5, 6, 1, 0), ('?', 6, 1, 5), ('?', 6, 1, 0), ('?', 6, 1, 0), ('?', 6, 1, 0)]"
"(11, 12, 9, 25, 0)","[(3, 1, 1, 5), (1, '?', 5, 0), (3, 1, 1, 0), ('?', 3, 1, 5), (3, 1, 1, 5)]"
"(11, 12, 9, 26, 0)","[(3, 7, 1, 0), (6, 7, 1, 0), (4, 7, 1, 0), ('?', 2, 1, 0), (4, 7, 1, 0), ('?', 7, 1, 0), (4, 2, 1, 5), ('?', 7, 1, 5), (1, 2, 1, 5), (1, 2, 1, 0), (0, 2, 1, 0), (3, 2, 1, 5), ('?', 7, 5, 5), ('?', 2, 1, 0), (4, 7, 1, 5), (5, 7, 1, 5), (4, 2, 1, 5), ('?', 7, 1, 5), (5, 2, 1, 0), (3, 7, 1, 0), (1, 2, 1, 5), ('?', 7, 1, 0), (1, 2, 1, 5), (1, 2, 1, 0), (5, 7, 1, 5), (5, 2, 1, 0), (1, 7, 1, 0), (5, 7, 1, 5), (1, 7, 1, 5), (1, 7, 1, 5), (5, 2, 1, 0), ('?', 7, 1, 5), ('?', 7, 1, 0), (0, 2, 1, 5), (5, 7, 1, 5), (4, 7, 1, 5), ('?', 2, 1, 0), (1, 7, 1, 5), (5, 7, 1, 5), (3, 7, 1, 0), ('?', 7, 1, 0), (1, 7, 1, 5), ('?', 7, 1, 5), ('?', 7, 1, 0), (0, 2, 1, 5), ('?', 7, 1, 0), (1, 7, 1, 5), (1, 2, 1, 0), ('?', 7, 1, 5)]"
"(11, 12, 10, 1, 0)","[(1, 1, 4, 5), (1, 1, 4, 0), (1, 1, 4, 5), (1, 1, 6, 5)]"
"(11, 12, 10, 3, 0)","[(1, 3, 1, 0), (5, 3, 6, 0), (5, 3, 4, 5), (1, 3, 6, 5), (1, 3, 6, 5), (1, 3, 4, 0), (1, 3, 4, 5)]"
"(11, 12, 10, 5, 0)","[(1, 0, 6, 5), (1, 1, 4, 0), (5, 1, 6, 0), (1, 1, 4, 0), (1, 0, 6, 0), (1, 1, 4, 5), (1, 1, 6, 5), (1, 1, 4, 5)]"
"(11, 12, 10, 9, 0)","[(5, 3, 1, 5), (5, 1, 1, 5), (1, 0, 1, 5), (1, 3, 1, 5), (5, '?', 1, 0), (5, '?', 1, 5), (1, 0, 1, 5), (1, 1, 1, 0), (5, 3, 1, 5), (5, 5, 1, 0), (5, 1, 1, 5), (1, 5, 1, 0), (1, 3, 5, 0), (5, 3, 1, 5), (5, 3, 1, 5), (5, 5, 1, 0), (1, '?', 1, 5), (1, 3, 1, 5), (1, 1, 1, 0), (5, '?', 1, 5)]"
"(11, 12, 10, 10, 0)","[(1, 0, 4, 5), (1, 5, 4, 0), (1, 5, 6, 5), (5, 3, 4, 5), (1, '?', 4, 0), (1, '?', 4, 5), (5, 0, 4, 0), (5, 5, 4, 0), (5, '?', 4, 5), (1, 5, 4, 5), (5, '?', 4, 5), (1, '?', 6, 0), (1, '?', 6, 0), (1, 3, 4, 0), (5, 0, 4, 0), (5, 7, 6, 0), (5, 0, 4, 0), (5, 5, 4, 0), (5, 5, 4, 5), (5, 5, 4, 0), (5, 5, 6, 5), (1, '?', 6, 5), (5, 0, 4, 0), (1, '?', 6, 5), (5, 3, 4, 5), (1, '?', 6, 5), (5, 0, 4, 0), (5, '?', 4, 0), (1, '?', 4, 0), (1, 7, 6, 5), (5, 3, 6, 0), (1, 7, 6, 5), (5, '?', 6, 0), (1, 7, 6, 5), (1, '?', 4, 5), (1, 2, 6, 5), (1, '?', 4, 5), (1, '?', 6, 5), (5, '?', 6, 0), (5, '?', 4, 0), (1, 5, 6, 0), (5, '?', 4, 0), (5, 3, 6, 0), (1, '?', 6, 5), (1, 2, 6, 5), (5, 5, 4, 0)]"
"(11, 12, 10, 11, 0)","[(5, '?', 1, 5), (1, 1, 1, 0), (5, 5, 1, 5), (5, 5, 6, 0), (1, 5, 7, 5), (5, 5, 6, 5), (5, 5, 6, 0), (5, 1, 1, 5), (5, 5, 4, 5), (1, '?', 6, 0), (1, 5, 4, 5), (5, 5, 6, 5), (1, 5, 6, 5), (5, 5, 4, 0), (5, 5, 6, 5), (1, 5, 4, 0), (5, 5, 1, 0), (1, 5, 1, 5), (5, 5, 4, 0)]"
"(11, 12, 10, 12, 0)","[(5, '?', 4, 5)]"
"(11, 12, 10, 13, 0)","[(5, 5, 7, 5), (5, 5, 7, 5), (1, 1, 5, 0), (5, 0, 5, 0), (5, 0, 5, 0), (1, 2, 7, 0), (1, '?', 7, 0), (5, 5, 7, 5), (1, '?', 5, 5), (1, 0, 5, 5), (5, 2, '?', 5), (5, '?', 5, 0), (1, 5, 5, 0)]"
"(11, 12, 10, 14, 0)","[(5, 1, 5, 0), (5, 1, 5, 0), (5, 1, 5, 5), (5, 1, 5, 5), (1, 1, 5, 0)]"
"(11, 12, 10, 17, 0)","[(5, 2, 6, 0), (5, 6, 6, 5), (1, '?', 6, 0), (5, 6, 6, 0), (1, 5, 4, 5), (5, 5, 4, 0), (5, 7, 6, 0), (5, 7, 6, 5), (1, 5, 1, 0), (1, 5, 6, 5), (1, 5, 6, 0), (1, 5, 6, 5), (5, 5, 6, 0), (1, 5, 6, 5), (1, 5, 6, 0), (1, '?', 4, 0)]"
"(11, 12, 10, 23, 0)","[(1, 3, 5, 5), (1, 3, 5, 5), (5, 3, 5, 0)]"
"(11, 12, 10, 24, 0)","[(1, 1, 4, 0), (1, 1, 4, 5), (1, 1, 4, 5)]"
"(11, 12, 10, 25, 0)","[(5, 3, 5, 0), (1, 5, 7, 5)]"
"(11, 12, 10, 26, 0)","[(5, 7, 6, 5), (5, 2, 4, 0), (1, 2, 5, 5), (1, 7, 6, 5), (1, 7, 4, 0), (1, 7, 6, 5), (1, 2, 5, 5), (5, 7, 6, 0), (1, 7, 5, 5)]"
"(11, 12, 11, 2, 0)","[(3, 0, 1, 5), (3, 4, 1, 0), (3, 0, 5, 0), (3, '?', 5, 5), (3, '?', 5, 5), (3, 4, 1, 5), (3, 5, 1, 5), (3, 0, 5, 5), (3, 0, 5, 5), (3, '?', 5, 5), (3, 0, 5, 0), (3, 4, '?', 0), (3, 4, 5, 0)]"
"(11, 12, 11, 3, 0)","[(0, 3, 1, 5)]"
"(11, 12, 11, 4, 0)","[('?', 4, 1, 5), (3, 4, 1, 0), (3, 1, 1, 5), ('?', 5, 1, 5), (3, 0, 1, 5)]"
"(11, 12, 11, 12, 0)","[(3, 4, 1, 0), ('?', 0, 1, 5), ('?', '?', 1, 5), (3, '?', 1, 5), (0, 4, 1, 5), ('?', 5, 1, 5), ('?', 5, 1, 0), ('?', 1, 1, 5), (3, 0, 1, 0), ('?', '?', 1, 5), ('?', 5, 1, 5), (3, 5, 1, 0)]"
"(11, 12, 11, 13, 0)","[('?', 4, 5, 0), (3, 4, 5, 0), ('?', 4, 5, 0), (3, 4, 5, 0), (4, 5, 5, 5), (3, 4, 5, 0), (3, 4, 5, 0), (3, 5, 5, 5)]"
"(11, 12, 11, 14, 0)","[(3, 1, 5, 0), (3, 1, 5, 0), (3, 1, 5, 5), (3, 1, 5, 5), (3, 0, 5, 0), (3, 1, 5, 5), (3, 1, '?', 5)]"
"(11, 12, 11, 16, 0)","[(3, 4, 5, 5), (3, 4, 5, 0), (3, 4, 5, 5)]"
"(11, 12, 11, 17, 0)","[(1, '?', 5, 0)]"
"(11, 12, 11, 23, 0)","[(3, 3, 5, 0)]"
"(11, 12, 11, 24, 0)","[(3, 1, 5, 0)]"
"(11, 12, 11, 25, 0)","[(3, 1, 1, 0), (3, 3, 5, 0), (3, 5, 5, 5)]"
"(11, 12, 12, 1, 0)","[('?', 0, 6, 5), (5, 0, 4, 5), (3, 1, 6, 0), ('?', 1, 4, 0), ('?', 1, 6, 5), (3, 1, 6, 5), ('?', 1, 6, 5), ('?', 0, 6, 5), ('?', 1, 6, 5), (5, 1, 4, 5), ('?', 1, 6, 5), ('?', 1, 4, 0), ('?', 1, 6, 5), ('?', 0, 6, 5)]"
"(11, 12, 12, 2, 0)","[(3, '?', 4, 0), (3, 0, 4, 0), (3, '?', 6, 0), (3, 0, 4, 5), (3, 0, 6, 0), (3, 0, 4, 5), (3, '?', 6, 0), (3, '?', 6, 0), (3, '?', 6, 0), (3, '?', 4, 0), (3, '?', 6, 5), (3, 0, 4, 0), (3, 6, 6, 5), (3, '?', 4, 0), (3, '?', 6, 5), (3, 1, 4, 5), (3, 0, 4, 0), (3, 0, 4, 5), (3, '?', 6, 0), (3, '?', 6, 0), (3, '?', 6, 5), (3, 1, 6, 5), (3, 2, 6, 5), (3, 0, 4, 0), (3, '?', 4, 5), (3, '?', 6, 5), (3, 0, 6, 5), (3, '?', 6, 5), (3, 0, 4, 0), (3, '?', 6, 0), (3, '?', 4, 5), (3, '?', 4, 5), (3, 0, 4, 5), (3, '?', 6, 5), (3, '?', 4, 5)]"
"(11, 12, 12, 3, 0)","[('?', 3, 6, 0), (2, 3, 6, 0), ('?', 3, 4, 5), ('?', 3, 6, 5), ('?', 3, 4, 5), ('?', 3, 6, 0), ('?', 3, 6, 0), ('?', 3, 6, 0), ('?', 3, 4, 0), ('?', 3, 6, 0), (2, 3, 6, 0), ('?', 3, 4, 5), ('?', 3, 4, 5), ('?', 3, 6, 5), ('?', 3, 6, 5)]"
"(11, 12, 12, 4, 0)","[('?', '?', 4, 0), (4, 4, 4, 0), ('?', 5, 6, 5), ('?', 5, 6, 0), (2, '?', 6, 5)]"
"(11, 12, 12, 5, 0)","[('?', 0, 6, 0), ('?', 1, 4, 5), ('?', 1, 4, 5), ('?', 0, 4, 0), ('?', 1, 4, 5), (5, 0, 4, 5), ('?', 0, 6, 0), (5, 0, 4, 5), ('?', 0, 4, 0)]"
"(11, 12, 12, 10, 0)","[(5, 5, 4, 5)]"
"(11, 12, 12, 11, 0)","[(3, 5, 4, 0), (3, 5, 4, 5), (3, 5, 4, 5), ('?', '?', 6, 0), (3, 4, 4, 5), ('?', 4, 4, 0), (3, 5, 4, 5), ('?', 4, 4, 5), ('?', 5, 6, 5), (4, 4, 4, 5), (3, 5, 4, 0), (4, 4, 4, 0), ('?', 5, 4, 5), ('?', 0, 6, 5), ('?', 4, 4, 0), ('?', 5, 6, 5), ('?', 5, 4, 0), ('?', 5, 6, 5), ('?', '?', 6, 5)]"
"(11, 12, 12, 12, 0)","[('?', '?', 4, 0), (2, 3, 6, 5), ('?', '?', 4, 5), ('?', '?', 6, 5), (5, 5, 4, 5), ('?', '?', 4, 5), ('?', 4, 4, 5), ('?', 2, 6, 5), (2, 7, 6, 0), ('?', '?', 4, 5), (2, 3, 6, 5), ('?', 5, 4, 5), ('?', 5, 4, 5), ('?', '?', 4, 5), ('?', 5, 4, 0), ('?', 5, 4, 5), ('?', 5, 6, 0), ('?', '?', 6, 5), (2, '?', 4, 0), (2, '?', 4, 0), ('?', '?', 4, 5), ('?', '?', 4, 5), ('?', '?', 6, 0), ('?', '?', 6, 0)]"
"(11, 12, 12, 14, 0)","[(3, 1, 4, 5), (3, 1, 6, 5), (3, 1, 4, 5), (3, 0, 6, 0), (3, 0, 6, 0), (3, 1, 6, 5), (3, 0, 4, 0), (3, 0, 6, 5)]"
"(11, 12, 12, 15, 0)","[(4, 0, 4, 0)]"
"(11, 12, 12, 20, 0)","[(2, 7, 6, 5), (2, '?', 4, 0), (2, '?', 6, 5)]"
"(11, 12, 12, 21, 0)","[('?', 0, 4, 0)]"
"(11, 12, 12, 22, 0)","[(3, 3, 6, 5), (3, 3, 6, 5), (3, 3, 6, 5), (3, 3, 4, '?'), (3, 3, 6, 5), (3, 3, 6, 0), (3, 3, 6, 0), (3, 3, 6, 5)]"
"(11, 12, 12, 24, 0)","[('?', 0, 6, 5), ('?', 0, 4, 0), ('?', 0, 6, 0), (2, 1, 6, 0), ('?', 0, 6, 0), ('?', 1, 6, 5), ('?', 0, 6, 0), ('?', 1, 4, 5), (5, 1, 4, 5), ('?', 1, 4, 5), (2, 1, 6, 0), ('?', 0, 6, 0), (5, 0, 4, 5)]"
"(11, 12, 12, 25, 0)","[('?', '?', 4, 5), ('?', '?', 6, 5), ('?', '?', 6, 0), ('?', '?', 6, 5), ('?', 0, 4, 0), ('?', '?', 6, 5), ('?', '?', 6, 0), ('?', '?', 4, 5), ('?', '?', '?', 5), ('?', '?', 6, 0), ('?', 7, 6, 5), ('?', '?', 4, 0), ('?', '?', 4, 0), ('?', '?', 4, 0)]"
"(11, 12, 12, 26, 0)","[(0, 2, 1, 5)]"
"(11, 12, 13, 1, 0)","[('?', 1, 5, 5), (5, 1, 5, 0), (3, 1, 5, 5)]"
"(11, 12, 13, 2, 0)","[(3, 0, 5, 0), (3, 0, 5, 5), (3, 0, 5, 5)]"
"(11, 12, 13, 3, 0)","[(1, 3, 5, 5), ('?', 3, 5, 5)]"
"(11, 12, 13, 6, 0)","[(3, 2, 7, 0), ('?', 7, 5, 5)]"
"(11, 12, 13, 9, 0)","[(3, 4, 5, 5)]"
"(11, 12, 13, 10, 0)","[(1, 5, 7, 5)]"
"(11, 12, 13, 11, 0)","[(3, '?', 7, 0), ('?', '?', 5, 0), (4, 4, 2, 5), ('?', 5, 7, 5), (3, 0, 2, 5), (3, 0, 2, 0), ('?', 5, 5, 0), ('?', 4, 5, 0)]"
"(11, 12, 13, 14, 0)","[(3, 0, 5, 0), (3, 1, 5, 5), (3, 1, 5, 0), (3, 1, 5, 0)]"
"(11, 12, 13, 16, 0)","[(3, 6, 5, 5), (3, 4, '?', 5)]"
"(11, 12, 13, 17, 0)","[(5, 5, 5, 5), (5, '?', 5, 0)]"
"(11, 12, 13, 19, 0)","[(4, 3, 5, 5), (3, 3, 5, 0)]"
"(11, 12, 13, 23, 0)","[(3, 3, 5, 0)]"
"(11, 12, 13, 25, 0)","[('?', '?', 2, 5), ('?', '?', 2, 0), (3, 1, 7, 0)]"
"(11, 12, 13, 26, 0)","[('?', 2, 2, 0), ('?', 7, 5, 5), (4, 7, 7, 0), (3, 7, 7, 0), ('?', 2, 5, 5), (3, 7, 7, 0)]"
"(11, 12, 15, 1, 0)","[(4, 1, 6, 0), (4, 1, 6, 5), (4, 1, 6, 5), (4, 1, 4, 5)]"
"(11, 12, 15, 2, 0)","[(4, 3, 6, 0)]"
"(11, 12, 15, 4, 0)","[(4, 5, 4, '?'), (4, 5, 4, 5)]"
"(11, 12, 15, 5, 0)","[(4, 1, 4, 5), (4, 1, 4, 5), (4, 1, 6, 0), (4, 1, 6, 5), (4, 1, 6, 5)]"
"(11, 12, 15, 6, 0)","[(4, 2, 5, 5), (4, 7, 6, 0), (4, 7, 1, 0), (4, 7, 4, 0), (4, 7, 1, 0), (4, 7, 6, 5), (4, 7, 1, 5), (4, 2, 1, 5), (4, 7, 1, 5), (4, 7, 1, 5), (4, 7, 5, 0), (4, 2, 1, 5), (4, 2, 4, 5), (4, 2, 5, 0)]"
"(11, 12, 15, 9, 0)","[(4, 6, 1, 5), (4, 3, 1, 0), (4, '?', 1, 5), (4, 6, 1, 0), (4, 0, 5, 0), (4, 6, 1, 5), (4, 0, 5, 5), (4, 0, 5, 0), (4, '?', 1, 5), (4, 1, 1, 0), (4, 0, 1, 0), (4, 1, 1, 0), (4, 0, 1, 5), (4, 1, 1, 5), (4, 0, 1, 5), (4, 5, 1, 0), (4, 5, 1, 0), (4, 0, 1, 0), (4, '?', 1, 5), (4, 0, 1, 0), (4, 5, 1, 0)]"
"(11, 12, 15, 10, 0)","[(4, 3, 4, 5), (4, 3, 4, 5), (4, 4, 6, 5), (4, 3, 4, 5), (4, 3, 6, 0), (4, 3, 6, 5), (4, 0, 6, 5), (4, '?', 4, 0), (4, 0, 4, 0), (4, 5, 6, 0), (4, '?', 4, 5), (4, 0, 4, 0), (4, 3, 6, 5), (4, '?', 6, 0), (4, 3, 6, 5), (4, 3, 4, 5), (4, 1, 4, 5), (4, 5, 6, 5), (4, 5, 4, 0), (4, 0, 4, 0), (4, '?', 4, 0), (4, 5, 4, 0), (4, '?', 4, 5), (4, 5, 6, 0), (4, '?', 4, 5), (4, 5, 4, 5), (4, 5, 6, 5), (4, 0, 1, 5), (4, 5, 6, 5), (4, 3, 6, 0)]"
"(11, 12, 15, 11, 0)","[(4, '?', 6, 0), (4, 0, 6, 5), (4, 5, 5, 5), (4, 5, 4, 0), (4, '?', 6, 0), (4, 1, 1, 5), (4, 3, 6, 5), (4, 5, 5, 0), (4, 4, 6, 0), (4, 5, 6, 5), (4, '?', 6, 0), (4, 5, 6, 5), (4, 5, 4, 0), (4, 0, 5, 5), (4, 5, 6, 5), (4, 5, 6, 0), (4, 0, 5, 5), (4, 5, 4, 5), (4, 3, 4, 5), (4, 5, 1, 0), (4, 5, 6, 0), (4, '?', 2, 5), (4, '?', 4, 5), (4, 5, 6, 5), (4, 3, 4, 5), (4, 4, 6, 0), (4, 5, 1, 0), (4, 5, 1, 0), (4, 3, 6, 5), (4, '?', 4, 0), (4, 5, 1, 0), (4, 5, 4, 5)]"
"(11, 12, 15, 13, 0)","[(4, 7, 5, 0), (4, 1, 5, 0), (4, 0, 5, 5), (4, 2, 5, 0), (4, 3, 5, 0), (4, 3, 5, 5), (4, 5, 7, 0), (4, 3, 5, 0), (4, 3, 5, 5), (4, 0, 5, 5)]"
"(11, 12, 15, 14, 0)","[(4, 1, 5, 0), (4, 1, 5, 5)]"
"(11, 12, 15, 15, 0)","[(4, 5, 7, 5), (4, 0, 2, 0), (4, 5, 7, 0)]"
"(11, 12, 15, 16, 0)","[(4, 5, 5, 0), ('?', 5, 4, 0), (4, 5, 1, 0)]"
"(11, 12, 15, 17, 0)","[(4, '?', 4, 0), (4, 0, 6, 5), (4, '?', 4, 5), (4, 0, 4, 0), (4, 7, 6, 5), (4, 3, 6, 0), (4, '?', 4, 0), (4, 0, 6, 5), (4, 0, 4, 0), (4, '?', 4, 5), (4, 4, 6, 5), (4, '?', 6, 0), (4, '?', 4, 0)]"
"(11, 12, 15, 19, 0)","[(4, 3, 1, 0)]"
"(11, 12, 15, 21, 0)","[(4, 6, 1, 5), (4, 6, 1, 0), (4, 6, 1, 5), (4, 6, 1, 5), (4, 6, 1, 5)]"
"(11, 12, 15, 22, 0)","[(4, 3, 6, 0)]"
"(11, 12, 15, 25, 0)","[(4, 1, '?', 0)]"
"(11, 12, 15, 26, 0)","[(4, 7, 6, 0), (4, 7, 1, 0), (4, 7, 6, 5), (4, 7, 4, 0), (4, 7, 4, 0), (4, 7, 1, 5), (4, 2, 1, 5), (4, 7, 6, 5), (4, 7, 4, 0), (4, 7, '?', 0), (4, 7, 5, 5)]"
"(11, 12, 16, 4, 0)","[(4, 5, 1, 0)]"
"(11, 12, 16, 11, 0)","[(4, 5, 5, 5)]"
"(11, 12, 16, 13, 0)","[(4, 5, 7, 0), (4, 7, 5, 5)]"
"(11, 12, 16, 14, 0)","[(4, 1, 5, 0), (4, 1, 5, 5), (4, 1, 5, 0)]"
"(11, 12, 16, 23, 0)","[(4, 3, 5, 5)]"
"(11, 12, 16, 26, 0)","[(4, 7, 5, 5)]"
"(11, 12, 17, 1, 0)","[(1, 1, 5, 5), (1, 0, 6, 5)]"
"(11, 12, 17, 3, 0)","[(1, 3, 4, 5), (5, 3, 1, 5), ('?', 3, 1, 0), (1, 3, 4, 5), (5, 3, 4, 5), (5, 3, 1, 5), (1, 3, 4, 0), (5, 3, 4, 5), (5, 3, 6, 0), (1, 3, 4, 0), (1, 3, 4, 5), (1, 3, 4, 0)]"
"(11, 12, 17, 5, 0)","[(1, 0, 6, 0), (1, 0, 6, 5), (1, 1, 6, 5), (5, 1, 6, 0), (1, 0, 4, 5), (1, 1, 4, 0), (1, 1, 4, 5), (1, 0, 4, 5), (1, 0, 4, 5)]"
"(11, 12, 17, 9, 0)","[(1, 2, 1, 5), (1, 0, 1, 5), (1, 4, 1, 0), (1, 0, 1, 5), (5, '?', 1, 0), (1, 1, 1, 0), (5, 4, 1, 5), (5, 5, 1, 0), (5, 5, 1, 5), (5, 5, 1, 5)]"
"(11, 12, 17, 10, 0)","[(5, '?', 4, 5), (1, 0, 6, 5), (1, '?', 4, 0), (1, 2, 6, 5), (1, 5, 6, 5), (5, '?', 4, 0), (1, 4, 6, 0)]"
"(11, 12, 17, 11, 0)","[(5, 4, 1, 5), (5, 4, 4, 5), (5, 5, 6, 5), (5, 1, 1, 5), (5, 5, 6, 5), (5, 5, 6, 0), (1, 5, 4, 0), (1, 4, 6, 5), (1, 5, 6, 0), (5, 5, 4, 0), (1, 4, 6, 0)]"
"(11, 12, 17, 12, 0)","[(5, 4, 4, 0), (5, '?', 4, 0), (1, '?', 4, 0), (5, '?', 4, 0), (1, 0, 6, 5), (1, 2, 6, 5), (1, '?', 4, 0), (1, 6, 4, 0), (1, '?', 4, 5), (1, '?', 4, 5), (1, '?', 6, 0)]"
"(11, 12, 17, 13, 0)","[(5, 1, 5, 5), (1, 0, 5, 5), (1, 5, 5, 0), (1, 5, 5, 0), (5, '?', 5, 0)]"
"(11, 12, 17, 14, 0)","[(5, 1, 5, 5), (5, 0, 5, 0)]"
"(11, 12, 17, 17, 0)","[(1, '?', 4, 0), (1, 4, 6, 5), (5, 5, 6, 5), (5, 5, 6, 0), (1, 4, 6, 0), (1, 4, 6, 5)]"
"(11, 12, 17, 23, 0)","[(5, 3, 5, 0)]"
"(11, 12, 17, 26, 0)","[(5, 7, 6, 0), (1, 7, 4, 0), (5, 7, 6, 0), (1, 7, 4, 5), (1, 7, 4, 5), (5, 7, 4, 5), (1, 7, 4, 5), (1, 7, 4, 0), (1, 2, 4, 0), (5, 7, 6, 0), (1, 2, 6, 5)]"
"(11, 12, 18, 16, 0)","[(0, 4, 1, 5), (0, 4, '?', 5)]"
"(11, 12, 20, 17, 0)","[(2, 5, 6, 5)]"
"(11, 12, 20, 26, 0)","[(2, 7, 4, 0)]"
"(11, 12, 21, 2, 0)","[(3, 6, '?', 5), (3, 6, 1, 5)]"
"(11, 12, 21, 4, 0)","[('?', 6, 1, 5)]"
"(11, 12, 21, 17, 0)","[(1, 6, 1, 0)]"
"(11, 12, 21, 21, 0)","[(3, 6, 1, 0)]"
"(11, 12, 21, 24, 0)","[('?', 6, 1, 0)]"
"(11, 12, 21, 25, 0)","[(5, 6, 5, 0)]"
"(11, 12, 25, 2, 0)","[(3, '?', '?', 0)]"
"(11, 12, 25, 11, 0)","[('?', 5, 6, 5), ('?', 5, 5, 0), (3, '?', '?', 5)]"
"(11, 12, 25, 12, 0)","[('?', 3, 1, 5)]"
"(11, 12, 25, 13, 0)","[('?', '?', 5, 0), ('?', 0, 7, 0)]"
"(11, 12, 25, 16, 0)","[(3, 4, '?', 5)]"
"(11, 12, 25, 25, 0)","[('?', 0, '?', 5)]"
"(11, 12, 25, 26, 0)","[(5, 2, 7, 0)]"
"(11, 12, 26, 2, 0)","[(3, 2, 4, 5), (3, 7, 4, 5), (3, 2, 6, 5), (3, 2, '?', 0), (3, 7, 4, 5), (3, 2, 6, 0), (3, 7, 6, 5), (3, 7, 4, 5), (3, 7, 4, 0), (3, 2, 6, 5), (3, 7, 4, 0), (3, 2, 4, 0), (3, 2, 6, 5), (3, 7, 6, 0), (3, 2, 4, 5)]"
"(11, 12, 26, 4, 0)","[('?', 2, 6, 0), (3, 2, 4, 0), (3, 7, 4, 0), (3, 2, 4, 5), (3, 2, 4, 5), ('?', 2, 4, 0), (3, 2, 4, 0), ('?', 7, 4, 0), ('?', 2, 4, 0), (3, 7, 6, 0), (3, 2, 6, 0), (3, 2, 4, 5), (5, 7, 6, 5), (3, 7, 4, 5), ('?', 7, 6, 0), (3, 7, 4, 0), ('?', 2, 6, 0), ('?', 7, 6, 5), ('?', 7, 4, 0), (3, 7, 6, 0), (3, 2, 4, 0), ('?', 2, 4, 5), (5, 7, 4, 5), (3, 2, 4, 0), ('?', 7, 6, 5), (3, 7, 4, 0), (3, 2, 6, 0), (3, 7, 6, 0), (3, 2, 4, 5), ('?', 7, 4, 0), ('?', 7, 4, 0), (3, 2, 4, 5), ('?', 2, 4, 5), ('?', 7, 6, 5), (3, 2, 6, 5), ('?', 2, 6, 0), (3, 7, 4, 0), (3, 2, 4, 5), (3, 7, 4, 5), (5, 7, 4, 5), ('?', 2, 4, 0), ('?', 7, 4, 0), (3, 2, 4, 0), ('?', 2, 4, 5), (5, 7, 6, 5), ('?', 2, 6, 5), (5, 7, 4, 0), (3, 2, 6, 0), ('?', 2, 6, 0), (3, 7, 6, 0), ('?', 7, 6, 0), (3, 2, 4, 5), (3, 2, 4, 5), (4, 7, 1, 0), (5, 7, 4, 5), (4, 7, 1, 0), ('?', 2, 1, 0), (5, 7, 4, 5)]"
"(11, 12, 26, 7, 0)","[(2, 2, 4, 5)]"
"(11, 12, 26, 10, 0)","[(1, 2, 4, 0), (1, 2, 4, 0), (5, 7, 6, 5)]"
"(11, 12, 26, 11, 0)","[(3, 7, 4, 5), (3, 2, 4, 0), (3, 7, 6, 0)]"
"(11, 12, 26, 12, 0)","[('?', 7, 1, 0), ('?', 2, 4, 0), (2, 2, 4, 5), (2, 2, 4, 5), ('?', 2, 4, 0), (5, 7, 6, 5), ('?', 7, 6, 5), ('?', 7, 6, 0), ('?', 7, 4, 0), (5, 7, 6, 5), (5, 7, 4, 0), ('?', 7, 4, 0), ('?', 2, 6, 5), ('?', 7, 6, 0), (5, 7, 4, 5), ('?', 2, 4, 0), ('?', 2, 4, 0), ('?', 2, 6, 5), (5, 7, 4, 0), ('?', 2, 4, 0), ('?', 2, 4, 5), ('?', 7, 6, 0), ('?', 2, 6, 5), ('?', 2, 6, 0), ('?', 7, 4, 0), (5, 7, 4, 0), ('?', 7, 6, 0), (5, 7, 4, 0), (5, 7, 4, 0), ('?', 2, 6, 0), ('?', 2, 4, 5)]"
"(11, 12, 26, 13, 0)","[(3, 7, 2, 0), (3, 2, 7, 0), ('?', 7, '?', 5)]"
"(11, 12, 26, 17, 0)","[(5, 7, 4, 0), (1, 2, 6, 5), (5, 2, 4, 0), (1, 7, 4, 5), (5, 2, 6, 5), (5, 2, 6, 0), (1, 7, 4, 0), (5, 2, 1, 0), (5, 2, 4, 0), (1, 2, 6, 5), (5, 2, 6, 0), (1, 7, 1, 0), (5, 2, 6, 5)]"
"(11, 12, 26, 23, 0)","[(3, 7, 2, 0), (3, 7, '?', 0)]"
"(11, 12, 26, 26, 0)","[(2, 7, 4, 0)]"
"(11, 12, 27, 6, 0)","[(0, 7, 5, 0), (0, 7, 2, 5), (0, 7, 7, 5)]"
"(11, 12, 27, 23, 0)","[(0, 3, 5, 0)]"
"(11, 12, 27, 25, 0)","[(0, 2, 5, 0), (0, '?', 7, 5), (0, 6, 2, 5)]"
"(11, 13, 2, 1, 0)","[(4, 1, 7, 0), (4, 0, 2, 0)]"
"(11, 13, 2, 6, 0)","[(4, 2, 2, 0), (4, 2, 7, 5), (4, 2, 2, 0), (4, 2, 7, 0), (4, 2, 2, 0), (4, 7, 7, 0), (4, 2, 2, 0), (4, 2, 7, 0), (4, 2, 7, 0), (4, 7, 7, 5), (4, 7, 7, 0), (4, 7, 2, 5), (4, 7, 7, 0)]"
"(11, 13, 2, 9, 0)","[(4, 4, 2, 0), (4, 5, 2, 0), (4, 5, 2, 0)]"
"(11, 13, 2, 11, 0)","[(4, 5, 2, 0), (4, 1, 7, 0), (4, 3, 7, 5), (4, 1, 2, 0), (4, 0, 2, 5)]"
"(11, 13, 2, 14, 0)","[(4, 1, 2, 0), (4, 1, 7, 0), (4, 1, 2, 5), (4, 1, 2, 5), (4, 1, 2, 0), (4, 1, 7, 0)]"
"(11, 13, 2, 16, 0)","[(4, 4, 2, 5), (4, 5, 2, 5), (4, 5, 2, 5), (4, 5, 2, 5)]"
"(11, 13, 2, 19, 0)","[(4, 3, 2, 5), (4, 3, 2, 5), (4, 3, 7, 0)]"
"(11, 13, 2, 25, 0)","[(4, '?', 2, 5)]"
"(11, 13, 3, 2, 0)","[(3, 5, 2, 5), (3, 5, 2, 5), (3, 5, 2, 5), (3, 5, 2, 5), (3, 5, 2, 5), (3, 5, 2, 5)]"
"(11, 13, 3, 10, 0)","[(5, 5, 2, 0), (5, 5, 2, 0), (1, 5, 7, 0), (5, 5, 2, 5), (1, 5, 2, 0), (5, 5, 2, 0), (5, 5, 2, 5)]"
"(11, 13, 3, 11, 0)","[('?', 5, 7, 5), (3, 5, 7, 5), ('?', 5, 2, 0)]"
"(11, 13, 3, 13, 0)","[(2, 5, 7, 5)]"
"(11, 13, 3, 16, 0)","[(3, 5, 7, 0)]"
"(11, 13, 3, 17, 0)","[(5, 5, 2, 0), (1, 5, 2, 0), (5, 5, 2, 5), (5, 5, 7, 5), (1, 5, 2, 0), (5, 5, 2, 0), (1, 5, 2, 0), (5, 5, 2, 5), (5, 5, 7, 0), (5, 5, 2, 5), (5, 5, 2, 0), (1, 5, 2, 5), (5, 5, 2, 0), (1, 5, 2, 0), (5, 5, 2, 0), (5, 5, 2, 5), (5, 5, 7, 0), (1, 5, 2, 0), (1, 5, 7, 0), (5, 5, 2, 5)]"
"(11, 13, 3, 18, 0)","[(0, 5, 2, 0)]"
"(11, 13, 3, 25, 0)","[('?', 5, 2, 0), ('?', 5, 7, 5), ('?', 5, 7, 0), ('?', 5, 7, 5), (3, 5, 7, 0), ('?', 5, 2, 0), ('?', 5, 7, 0), (3, 5, 7, 0), ('?', 5, 2, 0), ('?', 5, 7, 0), (0, 5, 7, 0), (3, 5, 2, 5), (3, 5, 7, 0), ('?', 5, 2, 0)]"
"(11, 13, 3, 27, 0)","[(0, 5, 2, 0), (0, 5, 2, 0), (0, 5, 7, 0), (0, 5, 7, 5), (0, 5, 2, 0), (0, 5, 7, 0)]"
"(11, 13, 6, 2, 0)","[(3, 7, 2, 0), (3, 7, 7, 5), (4, 2, 7, 5), (3, 7, 2, 0), (3, 2, 7, 0)]"
"(11, 13, 6, 6, 0)","[(4, 7, 7, 0), ('?', 7, 7, 0)]"
"(11, 13, 6, 10, 0)","[(1, 2, 2, 0)]"
"(11, 13, 6, 13, 0)","[('?', 2, 7, 5), ('?', 2, 2, 0), ('?', 2, 7, 5), ('?', 2, 2, 0), ('?', 2, 7, 0)]"
"(11, 13, 6, 17, 0)","[(1, 7, 2, 5), (5, 7, 7, 0), (5, 2, 7, 0), (1, 7, 2, 5), (5, 2, 7, 5)]"
"(11, 13, 6, 25, 0)","[(4, 7, 7, 5)]"
"(11, 13, 7, 1, 0)","[(0, 1, 2, 5), (0, 1, 7, 0), (0, 0, 2, 5), (0, 1, 7, 5), (0, 0, 7, 0), (0, 0, 2, 5), (0, 0, 7, 0), (0, 0, 7, 5), (0, 1, 7, 0), (0, 1, 2, 5), (0, 1, 7, 5), (0, 1, 2, 5), (0, 1, 7, 0), (0, 0, 2, 5), (0, 0, 7, 5), (0, 1, 2, 0), (0, 1, 7, 0), (0, 1, 7, 5), (0, 0, 2, 5)]"
"(11, 13, 7, 6, 0)","[(0, 7, 2, 5), (0, 2, 7, 5), (0, 7, 2, 5), (0, 7, 7, 5), (0, 7, 2, 5), (0, 7, 7, 5), (0, 2, 7, 5), (0, 2, 7, 5), (0, 2, 2, 0), (0, 7, 2, 5), (0, 7, 7, 0), (0, 2, 7, 5), (0, 7, 7, 5), (0, 2, 7, 0), (0, 7, 7, 0), (0, 2, 2, 0), (0, 7, 7, 0), (0, 2, 2, 5)]"
"(11, 13, 7, 11, 0)","[(0, 3, 2, 5), (0, 3, 2, 5), (0, 1, 2, 0), (0, '?', 7, 0), (0, '?', 7, 5), (0, '?', 7, 0), (0, '?', 7, 5), (0, '?', 7, 0)]"
"(11, 13, 7, 13, 0)","[(0, '?', 7, 5), (0, '?', 7, 0), (0, 6, 2, 0), (0, '?', 7, 5)]"
"(11, 13, 7, 14, 0)","[(0, 1, 2, 5), (0, 1, 7, 0), (0, 0, 7, 0), (0, 1, 2, 5), (0, 1, 2, 0), (0, 1, 2, 0), (0, 0, 2, 0), (0, 0, 2, 0), (0, 1, 2, 0), (0, 1, 7, 0)]"
"(11, 13, 7, 15, 0)","[(0, 6, 2, 0)]"
"(11, 13, 7, 18, 0)","[(0, 4, 7, 0)]"
"(11, 13, 7, 22, 0)","[(0, 3, 2, 0), (0, 3, 7, 0)]"
"(11, 13, 7, 24, 0)","[(0, 1, 7, 5), (0, 1, 2, 0), (0, 1, 2, 0), (0, 1, 7, 5), (0, 0, 2, 0), (0, 1, 7, 0), (0, 1, 2, 5), (0, 0, 7, 0), (0, 1, 7, 5), (0, 0, 7, 5), (0, 1, 2, 5), (0, 0, 2, 0)]"
"(11, 13, 7, 25, 0)","[(0, 0, 2, 0), (0, '?', 7, 0), (0, 0, 7, 0), (0, 0, 2, 5), (0, 6, 2, 0), (0, 6, 2, 5), (0, '?', 7, 0), (0, '?', 7, 0), (0, '?', 7, 0), (0, 0, 2, 5), (0, '?', 2, 5), (0, '?', 2, 5), (0, 3, 7, 5), (0, 3, 2, 5), (0, '?', 7, 0)]"
"(11, 13, 7, 26, 0)","[(0, 7, 2, 0), (0, 7, 2, 0), (0, 2, 2, 5), (0, 2, 2, 5), (0, 2, 2, 0), (0, 2, 2, 5), (0, 7, 2, 5), (0, 2, 2, 0), (0, 7, 2, 5), (0, 7, 2, 0)]"
"(11, 13, 8, 2, 0)","[(3, 5, 7, 5), (3, 5, 7, 5)]"
"(11, 13, 8, 11, 0)","[('?', 5, 7, 0), ('?', 5, 7, 5)]"
"(11, 13, 8, 13, 0)","[(3, 5, 7, 5), ('?', 5, 7, 0), ('?', 5, 7, 5)]"
"(11, 13, 8, 16, 0)","[(3, 5, 2, 5)]"
"(11, 13, 8, 17, 0)","[(5, 5, 7, 0)]"
"(11, 13, 8, 18, 0)","[(0, 5, 2, 0)]"
"(11, 13, 8, 25, 0)","[('?', 5, 7, 0), ('?', 5, 2, 0)]"
"(11, 13, 10, 1, 0)","[(5, 1, 7, 5), (5, 1, 2, 0), (1, 1, 7, 5)]"
"(11, 13, 10, 3, 0)","[(5, 3, 7, 0)]"
"(11, 13, 10, 5, 0)","[(5, 0, 7, 5)]"
"(11, 13, 10, 6, 0)","[(5, 7, 7, 0), (1, 6, 7, 5), (1, 2, 2, 5), (5, 2, 2, 5), (1, 7, 2, 5), (5, 2, 2, 0), (1, 2, 2, 5), (1, 6, 7, 0), (5, 7, 2, 5), (5, 2, 7, 0), (5, 7, 7, 0), (1, 2, 7, 0), (1, 2, 2, 5), (1, 2, 7, 0), (5, 2, 2, 5), (1, 2, 7, 0)]"
"(11, 13, 10, 8, 0)","[(5, 3, 2, 0), (5, 3, 7, 5)]"
"(11, 13, 10, 9, 0)","[(1, '?', 2, 0), (1, 6, 7, 0), (1, '?', 2, 0), (1, '?', 7, 0), (1, 1, 2, 0), (5, 1, 2, 0), (1, 1, 2, 0), (5, 0, 7, 0), (5, 1, 2, 0), (1, '?', 7, 0), (5, 1, 2, 5), (1, 3, 2, 0), (5, 6, 7, 0), (1, 1, 2, 5), (5, 1, 2, 5), (1, 6, 2, 0), (5, 6, 7, 5), (1, 5, 7, 5), (1, '?', 7, 0), (5, 6, 7, 0), (1, 6, 2, 5), (5, 5, 7, 5), (5, '?', 7, 0), (5, 0, 2, 5), (5, 0, 2, 5), (1, 0, 7, 5), (1, 1, 2, 0), (5, 0, 2, 5), (1, 1, 2, 0), (1, 4, 7, 0), (1, 5, 2, 5), (5, 3, 7, 5), (5, '?', 7, 5), (5, 6, 7, 5), (5, 3, 7, 0), (1, 5, 7, 0), (1, 5, 2, 5), (1, 2, 7, 5), (1, 1, 7, 0), (5, 0, 2, 0), (5, 1, 2, 0), (5, 0, 2, 0), (5, 5, 7, 5), (1, 1, 2, 5), (5, 1, 2, 5), (1, 1, 7, 5), (1, 5, 2, 5), (5, 6, 7, 0), (5, 1, 2, 5), (1, 1, 2, 5), (1, '?', 7, 5), (5, 0, 7, 5), (1, 1, 7, 0), (1, 6, 2, 5), (5, 0, 7, 5), (5, 0, 7, 5), (5, 5, 2, 5), (1, 5, 2, 5), (5, '?', 7, 5), (5, 5, 7, 0), (1, '?', 2, 0), (5, 0, 7, 0), (1, '?', 7, 5), (1, 6, 2, 0), (1, 4, 7, 0), (5, 1, 2, 5)]"
"(11, 13, 10, 10, 0)","[(1, 0, 7, 5), (1, 0, 7, 5), (1, 5, 7, 0)]"
"(11, 13, 10, 11, 0)","[(5, '?', 7, 0), (5, '?', 7, 0), (1, 1, 7, 0), (1, '?', 7, 5), (1, 0, 7, 5), (5, 1, 2, 5), (5, '?', 7, 5), (1, 1, 2, 5), (1, 5, 7, 0), (5, 1, 2, 0), (5, 1, 2, 5), (1, 5, 7, 0), (1, 0, 2, 0), (1, '?', 2, 0), (5, 2, 7, 5)]"
"(11, 13, 10, 13, 0)","[(5, 0, 2, 5), (5, 3, 7, 5), (5, 3, 2, 5), (1, 6, 2, 5)]"
"(11, 13, 10, 14, 0)","[(5, 1, 7, 5)]"
"(11, 13, 10, 17, 0)","[(5, 2, 2, 5)]"
"(11, 13, 10, 19, 0)","[(1, 3, 2, 5), (1, 3, 2, 5), (5, 3, 7, 0), (1, 3, 2, 5), (5, 3, 7, 0)]"
"(11, 13, 10, 22, 0)","[(1, 3, 2, 5), (1, 3, 2, 0), (1, 3, 2, 0), (1, 3, 2, 0)]"
"(11, 13, 10, 23, 0)","[(5, 3, 7, 5), (5, 3, 2, 0), (1, 3, 2, 0), (1, 3, 2, 0), (5, 3, 2, 0)]"
"(11, 13, 10, 25, 0)","[(5, 3, 7, 0), (1, 6, 2, 5), (5, 6, 7, 0), (5, 0, 7, 5), (5, 0, 7, 0), (5, '?', 7, 0), (5, 0, 2, 0), (1, 6, 2, 5), (5, 3, 2, 5), (1, 0, 7, 5), (1, 6, 7, 5), (1, '?', 7, 0), (1, 7, 2, 5), (5, 1, 7, 5), (1, 2, 7, 5), (1, 1, 2, 5), (1, 0, 2, 0), (5, 0, 2, 0), (5, 0, 2, 5), (5, 0, 7, 5), (5, 0, 2, 0), (5, 6, 7, 0), (5, 1, 2, 0), (5, 0, 7, 5), (1, 5, 7, 0)]"
"(11, 13, 10, 26, 0)","[(1, 2, 7, 0), (1, 7, 2, 0), (1, 2, 2, 5), (5, 2, 2, 5), (1, 2, 2, 5), (5, 2, 2, 5), (1, 7, 7, 0), (5, 2, 2, 5), (1, 2, 2, 0), (1, 2, 2, 0), (5, 7, 2, 0), (1, 7, 7, 5), (1, 7, 7, 5), (1, 7, 2, 0), (1, 7, 7, 0), (1, 2, 7, 0), (5, 7, 2, 0), (5, 7, 2, 0), (1, 2, 7, 5), (5, 2, 7, 0), (1, 7, 2, 0)]"
"(11, 13, 11, 2, 0)","[(3, 4, 7, 0), (3, 0, 7, 5), (3, '?', 7, 5), (3, '?', 2, 5), (3, 1, 2, 5), (3, '?', 2, 0), (3, 0, 7, 0), (3, '?', 7, 5), (3, 1, 2, 5), (3, 4, 7, 5), (3, 1, 2, 5), (3, '?', 2, 0), (3, '?', 2, 0), (3, 4, 7, 5), (3, 4, 7, 0), (3, 1, 2, 5), (3, 1, 7, 5), (3, 6, 2, 0), (3, 4, 7, 0), (3, 0, 7, 5), (3, 4, 2, 0)]"
"(11, 13, 11, 3, 0)","[('?', 3, 7, 0)]"
"(11, 13, 11, 5, 0)","[('?', 1, 7, 0)]"
"(11, 13, 11, 10, 0)","[(1, 4, 2, 0)]"
"(11, 13, 11, 11, 0)","[('?', 4, 2, 0), ('?', 4, 2, 5), (1, 4, 7, 5), ('?', 4, 2, 5), (5, 4, 2, 0), (4, 4, 2, 0), ('?', 4, 7, 0), (1, 4, 7, 5)]"
"(11, 13, 11, 12, 0)","[(5, 4, 7, 5), ('?', 4, 2, 0)]"
"(11, 13, 11, 13, 0)","[('?', 4, 2, 5), (6, 4, 7, 0), (4, '?', 7, 5), (5, 4, 2, 5), ('?', 1, 2, 0), ('?', 4, 2, 0), ('?', 4, 2, 5), ('?', 4, 2, 5), ('?', 4, 7, 0), (6, 4, 2, 5)]"
"(11, 13, 11, 14, 0)","[(3, 0, 7, 5), (3, 0, 7, 5), (3, 1, 7, 5), (3, 1, 7, 5), (3, 0, 7, 5)]"
"(11, 13, 11, 16, 0)","[(3, 4, 2, 0), (3, 4, 7, 5), (3, 4, 7, 5), (3, 4, 2, 0), (3, 4, 7, 0), (3, 4, 2, 0), (3, 4, 7, 5), (3, 4, 7, 0), (3, 4, 2, 0), (3, 4, 7, 5), (3, 4, 7, 5)]"
"(11, 13, 11, 23, 0)","[(3, 3, 2, 0)]"
"(11, 13, 11, 25, 0)","[(6, 1, 2, 0)]"
"(11, 13, 13, 1, 0)","[('?', 1, 2, 5)]"
"(11, 13, 13, 2, 0)","[(3, 1, 7, 0), (3, 0, 7, 0), (3, 6, 2, 5)]"
"(11, 13, 13, 3, 0)","[('?', 3, 2, 5)]"
"(11, 13, 13, 5, 0)","[('?', 0, 7, 0), ('?', 0, 7, 5), ('?', 0, 2, 0), ('?', 0, 7, 0), ('?', 0, 7, 5), ('?', 1, 7, 0)]"
"(11, 13, 13, 9, 0)","[(5, 0, 7, 0), ('?', 4, 2, 0), ('?', 4, 7, 0), ('?', 4, 7, 0), ('?', 4, 7, 0), ('?', '?', 7, 0), (5, 4, 7, 5), ('?', 4, 2, 0), ('?', '?', 2, 0), ('?', 4, 7, 0), (3, 4, 7, 5), ('?', 4, 2, 5), ('?', 4, 2, 0), ('?', 4, 2, 0)]"
"(11, 13, 13, 10, 0)","[(1, 6, 2, 0)]"
"(11, 13, 13, 11, 0)","[(1, 4, 7, 5), ('?', 4, 2, 5), (5, 4, 2, 5), ('?', 4, 2, 0), (4, 0, 2, 5), ('?', 4, 2, 5), ('?', '?', 7, 5), (3, 1, 7, 5)]"
"(11, 13, 13, 14, 0)","[(3, 1, 2, 5), (3, 0, 2, 0)]"
"(11, 13, 13, 16, 0)","[(3, 4, 7, 5), (3, '?', 7, 5), (3, '?', 2, 5), (3, 4, 2, 0), (3, 4, 2, 0), (3, 4, 2, 0)]"
"(11, 13, 13, 19, 0)","[('?', 3, 7, 0), (6, 3, 2, 0), ('?', 3, 2, 5)]"
"(11, 13, 13, 23, 0)","[(3, 3, 2, 0), (3, 3, 7, 0), (3, 3, 2, 0)]"
"(11, 13, 13, 24, 0)","[('?', 0, 2, 5)]"
"(11, 13, 13, 25, 0)","[('?', 0, 7, 0), ('?', '?', 2, 5), ('?', '?', 7, 0)]"
"(11, 13, 13, 26, 0)","[('?', 7, 7, 0), ('?', 2, 7, 0)]"
"(11, 13, 15, 1, 0)","[(4, 1, 2, 5)]"
"(11, 13, 15, 2, 0)","[(4, 1, 2, 0), (4, 1, 2, 0), (4, 3, 7, 5), (4, '?', 7, 5)]"
"(11, 13, 15, 6, 0)","[(4, 2, 7, 5), (4, 7, 2, 5), (4, 7, 2, 5), (4, 7, 2, 5), (4, 7, 7, 5), (4, 2, 7, 5)]"
"(11, 13, 15, 9, 0)","[(4, 0, 2, 0), (4, 5, 7, 0)]"
"(11, 13, 15, 11, 0)","[(4, '?', 7, 0), (4, '?', 2, 5), (4, 5, 7, 5), (4, 3, 2, 5), (4, 0, 2, 5), (4, '?', 7, 0), (4, '?', 7, 5), (4, 4, 2, 0), (4, 3, 2, 5), (4, 0, 2, 0)]"
"(11, 13, 15, 13, 0)","[(4, 6, 2, 5), (4, '?', 7, 5)]"
"(11, 13, 15, 14, 0)","[(4, 1, 2, 5), (4, 0, 2, 0)]"
"(11, 13, 15, 15, 0)","[(4, 3, 7, 0), (4, 3, 2, 5), (4, 0, 2, 0), (4, '?', 7, 0), (4, '?', 7, 5), (4, '?', 7, 0), (4, 1, 2, 5), (4, '?', 2, 5), (4, 3, 7, 0), (4, '?', 7, 5), (4, 3, 7, 5), (4, '?', 2, 5), (4, '?', 2, 5)]"
"(11, 13, 15, 16, 0)","[(4, 4, 2, 0)]"
"(11, 13, 15, 19, 0)","[(4, 3, 7, 0), (4, 3, 2, 5), (4, 3, 7, 5), (4, 3, 7, 0)]"
"(11, 13, 15, 22, 0)","[(4, 3, 2, 5)]"
"(11, 13, 15, 23, 0)","[(4, 3, 7, 0)]"
"(11, 13, 15, 26, 0)","[(4, 7, 7, 0), (4, 7, 2, 5), (4, 7, 7, 5), (4, 2, 2, 0), (4, 7, 7, 0), (4, 7, 7, 5)]"
"(11, 13, 16, 16, 0)","[(4, 4, 2, 5), (4, 4, 2, 5), (4, 5, 2, 5), (4, 5, 7, 0), (4, 4, 2, 5), (4, 5, 2, 0), (4, 5, 7, 5), (4, 5, 7, 0), (4, 4, 2, 5), (4, 4, 2, 5)]"
"(11, 13, 16, 26, 0)","[(4, 7, 7, 5)]"
"(11, 13, 17, 1, 0)","[(5, 1, 2, 5), (5, 1, 7, 5), (5, 0, 7, 0), (5, 1, 7, 5), (1, 1, 7, 0)]"
"(11, 13, 17, 3, 0)","[(5, 3, 2, 0), (1, 3, 2, 5), (1, 3, 2, 5), (5, 3, 7, 0), (1, 3, 2, 5), (5, 3, 2, 0), (5, 3, 2, 0), (5, 3, 7, 5), (5, 3, 7, 5), (1, 3, 2, 5)]"
"(11, 13, 17, 5, 0)","[(1, 1, 2, 0), (1, 1, 7, 5), (1, 1, 7, 5), (5, 0, 7, 5), (5, 0, 2, 5), (5, 0, 2, 0), (5, 1, 2, 0), (5, 1, 7, 5), (1, 1, 2, 5), (1, 1, 2, 0), (1, 1, 2, 5)]"
"(11, 13, 17, 6, 0)","[(1, 7, '?', 5), (1, 7, 2, 5), (5, 2, 2, 5), (5, 2, 7, 5), (5, 2, 7, 5), (1, 2, 7, 5)]"
"(11, 13, 17, 9, 0)","[(1, 4, 2, 0), (5, '?', 7, 0), (5, 1, 2, 0), (1, 1, 2, 5), (5, 4, 2, 0), (5, '?', 7, 0), (1, 4, 2, 0), (1, 0, 2, 0), (1, 6, 2, 0), (5, 6, 7, 5), (1, '?', 7, 5), (1, 1, 7, 0), (5, 6, 7, 5), (5, 4, 2, 5), (1, 4, 2, 0), (5, 2, 7, 0), (1, 0, 2, 0), (5, 4, 2, 5), (5, 5, 7, 5), (1, '?', 7, 5), (5, 4, 2, 5), (5, 4, 2, 0), (5, 4, 2, 0), (5, 7, 2, 0), (5, '?', 7, 0)]"
"(11, 13, 17, 10, 0)","[(1, 1, 7, 0), (1, 1, 2, 0), (1, '?', 7, 0), (5, 0, 2, 5), (5, 0, 7, 0)]"
"(11, 13, 17, 11, 0)","[(1, 1, 7, 5), (1, 1, 2, 0), (5, 4, 2, 5), (1, 4, 7, 5), (1, 4, 2, 5), (1, 4, 2, 5), (1, '?', 2, 0), (1, 4, 7, 5), (5, 0, 7, 5), (1, 0, 2, 0), (1, 0, 7, 5), (5, 0, 2, 0), (5, 4, 7, 0)]"
"(11, 13, 17, 12, 0)","[(5, '?', 7, 0), (1, 1, 7, 0), (5, '?', 7, 5), (1, '?', 2, 0)]"
"(11, 13, 17, 13, 0)","[(5, 0, 7, 0), (1, 5, 5, 0), (1, 5, 7, 0)]"
"(11, 13, 17, 16, 0)","[(1, 4, 2, 5), (5, 4, 7, 0), (1, 4, 7, 0), (5, 4, 7, 0), (1, 5, 7, 5), (1, 4, 7, 5), (5, 4, 2, 0), (5, 5, 7, 0), (5, 4, '?', 5), (1, 5, 7, 5), (1, 4, 2, 5), (5, 4, 7, 5), (5, 4, 7, 0), (1, 4, 7, 0), (1, 4, 7, 0), (5, 4, 7, 0), (5, 4, 2, 5), (1, 4, 7, 0), (5, 4, 7, 0), (5, 4, 7, 0), (5, 4, 2, 0), (1, 5, 7, 5), (1, 4, 2, 0), (1, 4, 7, 0), (1, 5, 7, 5), (5, 4, 2, 0)]"
"(11, 13, 17, 17, 0)","[(1, '?', 2, 0), (1, 4, 2, 0), (1, '?', 2, 0), (1, 5, 2, 5), (1, 4, 2, 0), (1, 4, 2, 5), (1, 4, 7, 5), (1, 4, 2, 5), (1, 4, 2, 5), (5, 5, 7, 5), (1, 4, 7, 5), (1, 5, 2, 5), (1, 4, 2, 5)]"
"(11, 13, 17, 19, 0)","[(5, 3, 2, 5), (1, 3, 2, 0), (1, 3, 2, 0), (5, 3, 2, 0), (5, 3, 7, 0), (5, 3, 7, 5)]"
"(11, 13, 17, 21, 0)","[(1, 6, 7, 5), (5, 6, 7, 5), (1, 6, 7, 0)]"
"(11, 13, 17, 23, 0)","[(5, 3, 7, 0), (5, 3, 2, 0)]"
"(11, 13, 17, 26, 0)","[(5, 2, 2, 0), (1, 7, 7, 0), (5, 2, 2, 0), (1, 2, 2, 0), (1, 7, 2, 5), (1, 7, 7, 0), (5, 2, 2, 5), (1, 2, 7, 0), (5, 2, 7, 5), (5, 7, 7, 0), (1, 7, 2, 5), (1, 2, 2, 5), (1, 7, 7, 5), (1, 2, 7, 5), (5, 7, 7, 0), (1, 7, 7, 5), (1, 7, 2, 0), (5, 2, 2, 0), (5, 7, 2, 5), (1, 2, 2, 0), (5, 2, 7, 5), (5, 7, 2, 0), (1, 7, 2, 0), (1, 2, 2, 5), (1, 2, 7, 5), (1, 7, 7, 0), (5, 7, 2, 5), (1, 7, 2, 5), (5, 2, 7, 5), (1, 2, 2, 0), (5, 2, 2, 0), (1, 2, 7, 5), (5, 2, 2, 0), (5, 7, 2, 5), (5, 2, 2, 0), (5, 2, 7, 5)]"
"(11, 13, 18, 14, 0)","[(0, 1, 2, 0), (0, 0, 7, 5), (0, 1, 7, 5), (0, 0, 7, 0)]"
"(11, 13, 18, 16, 0)","[(0, 4, 7, 0), (0, 4, 7, 0), (0, 4, 7, 5)]"
"(11, 13, 20, 1, 0)","[(2, 0, 2, 0)]"
"(11, 13, 20, 3, 0)","[(2, 3, 2, 0), (2, 3, 2, 0)]"
"(11, 13, 20, 13, 0)","[(2, 0, 2, 0), (2, 2, 7, 5)]"
"(11, 13, 20, 25, 0)","[(2, 0, 7, 5), (2, 0, 2, 0), (2, '?', 2, 5)]"
"(11, 13, 20, 26, 0)","[(0, 2, 2, 5), (2, 7, 2, 5), (2, 7, 2, 5)]"
"(11, 13, 25, 1, 0)","[('?', 1, 2, 0)]"
"(11, 13, 25, 2, 0)","[(3, 6, 2, 5), (3, '?', 7, 5), (3, '?', 2, 5), (3, 1, 2, 5), (3, 0, 2, 5), (3, '?', 2, 0), (3, 0, 2, 5), (3, '?', 2, 5), (3, '?', 2, 0), (3, 2, 2, 0), (3, '?', 7, 5), (3, 6, 2, 0), (3, 7, 7, 5), (3, '?', 2, 5), (3, 6, 2, 5), (3, '?', 7, 5), (3, 1, 7, 5), (3, 0, 7, 0), (3, '?', 7, 5), (3, '?', 7, 0), (3, 0, 2, 0), (3, '?', 7, 0), (3, 2, 2, 5), (3, 0, 2, 0), (3, 2, 2, 0), (3, '?', 2, 5), (3, 0, 7, 0), (3, 6, 2, 0), (3, 0, 7, 0), (3, '?', 7, 5), (3, 7, 7, 0), (3, 6, 2, 5), (3, 1, 2, 5), (3, 4, 7, 0), (3, 6, 2, 0), (3, 0, 2, 0), (3, 6, 7, 0), (3, 0, 2, 0), (3, 1, 7, 0), (3, 1, 7, 0), (3, 0, 2, 5), (3, 0, 7, 5), (3, '?', 7, 0), (3, 6, 7, 0)]"
"(11, 13, 25, 3, 0)","[('?', 3, 7, 0), ('?', 3, 7, 0), ('?', 3, 2, 5), ('?', 3, 7, 0), (0, 3, 2, 5), ('?', 3, 7, 0)]"
"(11, 13, 25, 5, 0)","[('?', 0, 2, 0), ('?', 1, 2, 0), ('?', 0, 7, 5), ('?', 0, 2, 5), ('?', 1, 2, 5), ('?', 1, 2, 5)]"
"(11, 13, 25, 6, 0)","[(0, 2, 2, 5), (3, 7, 2, 5), (4, 7, 7, 5), ('?', 7, 2, 0), ('?', 7, 7, 5), ('?', 7, 7, 0), ('?', 2, 2, 0), ('?', 7, 7, 0), ('?', 7, 2, 0)]"
"(11, 13, 25, 9, 0)","[('?', 6, 7, 5), ('?', 0, 2, 0), ('?', '?', 7, 0), ('?', 0, 2, 5), ('?', 1, 7, 0), ('?', 4, 7, 0), ('?', 4, 7, 0), ('?', '?', 2, 0), (5, 4, 7, 0), ('?', 0, 7, 0), (5, 4, 2, 5), ('?', '?', 2, 0), ('?', 0, 2, 5), ('?', '?', 2, 5), ('?', 0, 2, 5), (5, 4, 7, 5)]"
"(11, 13, 25, 10, 0)","[(1, 0, 2, 0)]"
"(11, 13, 25, 11, 0)","[(4, '?', 7, 0), ('?', '?', 7, 5), ('?', 1, 2, 5), ('?', '?', 7, 5), ('?', '?', 7, 0), (5, 4, 7, 5), (5, 4, 7, 5), (3, 4, 7, 0)]"
"(11, 13, 25, 13, 0)","[('?', 6, 2, 5), ('?', '?', 2, 5), (5, 0, 7, 0), ('?', '?', 2, 5), ('?', '?', 2, 0), ('?', 0, 7, 0), ('?', '?', 2, 5), ('?', 6, 2, 0), (3, '?', 7, 0), ('?', 6, 7, 5), ('?', 5, 7, 5), ('?', 0, 7, 5), ('?', 1, 7, 0), (3, 1, 7, 0), (3, '?', 7, 0), (3, 1, 7, 0), (2, '?', 2, 5), (3, 0, 7, 0), (3, 5, 7, 5), ('?', 0, 2, 5)]"
"(11, 13, 25, 14, 0)","[(3, 1, 7, 5)]"
"(11, 13, 25, 15, 0)","[(4, 0, 2, 0)]"
"(11, 13, 25, 16, 0)","[(3, '?', 7, 0), (3, 1, 7, 5), (3, '?', 2, 0), (3, 1, 7, 0)]"
"(11, 13, 25, 19, 0)","[('?', 3, 2, 5), ('?', 3, 2, 5), ('?', 3, 7, 0)]"
"(11, 13, 25, 22, 0)","[(3, 3, 7, 0)]"
"(11, 13, 25, 23, 0)","[(3, 3, 2, 0), (3, 3, 7, 0), (3, 0, 7, 0), (3, 3, 7, 5), (3, 3, 2, 0), (3, 3, 7, 0), (3, 3, 7, 0), (3, 3, 2, 0), (3, 3, 7, 0), (3, 3, 7, 5), (3, 3, 2, 0), (3, '?', 7, 0), (3, 3, 7, 5)]"
"(11, 13, 25, 24, 0)","[('?', 1, 2, 0), (5, 1, 7, 5), ('?', 1, 2, 0), ('?', 0, 7, 5), ('?', 1, 2, 5)]"
"(11, 13, 25, 25, 0)","[('?', '?', 2, 0), ('?', 6, 2, 0), ('?', 1, 7, 0), ('?', '?', 2, 5), ('?', '?', 2, 5), ('?', 0, 2, 5), ('?', 0, 7, 0), ('?', 0, 7, 0), (5, '?', 7, 5), ('?', 0, 2, 0), ('?', 6, 7, 5), ('?', 1, 2, 0), ('?', 6, 2, 5), ('?', '?', 7, 0), ('?', 1, 7, 0), ('?', 1, 7, 0), ('?', '?', 2, 0), ('?', '?', 7, 5), ('?', 0, 2, 0), ('?', 6, 7, 5), ('?', 0, 2, 5), ('?', '?', 2, 0), ('?', '?', 7, 0), ('?', '?', 7, 5), ('?', 0, 7, 5), ('?', 1, 7, 0), (2, 0, 7, 5), (2, 7, 7, 5), ('?', '?', 2, 0)]"
"(11, 13, 25, 26, 0)","[(6, 7, 7, 5), ('?', 7, 2, 0), ('?', 7, 7, 5), ('?', 6, 7, 5), (0, 2, 7, 0), (5, 7, 2, 5), ('?', 2, 2, 0), ('?', 7, 7, 0), ('?', 7, 7, 0), (3, 7, 7, 0), (5, 7, 2, 5), ('?', 7, 7, 5), ('?', 7, 2, 5), ('?', 7, 7, 0), ('?', 7, 2, 0), ('?', 2, 7, 0), ('?', 2, 7, 5), ('?', 2, 2, 0), ('?', 2, 7, 5), (0, 2, 2, 5), ('?', 7, 2, 0), ('?', 2, 2, 0), (3, 7, 7, 5), (3, 7, 2, 0), (0, 2, 7, 0), (0, 2, 7, 5), ('?', 7, 2, 5), ('?', 7, 7, 5), ('?', 2, 2, 0), (5, 7, 2, 5), ('?', 2, 7, 0), (0, 2, 2, 5), ('?', 7, 2, 5), (3, 7, 2, 5), (3, 2, 7, 0)]"
"(11, 13, 26, 2, 0)","[(3, 7, 2, 5), (3, 7, 7, 5), (3, 7, 7, 0), (3, 7, 2, 5), (3, 2, 2, 5), (3, 2, 7, 0), (3, 7, 2, 0), (3, 7, 2, 0), (3, 7, 2, 0)]"
"(11, 13, 26, 6, 0)","[('?', 7, 2, 5), ('?', 2, 7, 0), ('?', 7, 7, 0), ('?', 2, 7, 0)]"
"(11, 13, 26, 9, 0)","[('?', 2, 7, 5), (0, 2, 7, 0), ('?', 2, 7, 5)]"
"(11, 13, 26, 11, 0)","[(5, 7, 2, 0)]"
"(11, 13, 26, 13, 0)","[('?', 7, 2, 0), ('?', 7, 2, 5), ('?', 2, 7, 0), (0, 2, 7, 5), ('?', 7, 7, 0), ('?', 7, 2, 5)]"
"(11, 13, 26, 16, 0)","[(3, 7, 2, 5)]"
"(11, 13, 26, 17, 0)","[(1, 7, 7, 0), (1, 7, 7, 0), (5, 2, 2, 0), (1, 7, 2, 0), (5, 7, 7, 0), (5, 2, 7, 0)]"
"(11, 13, 26, 23, 0)","[(3, 2, 7, 0), (3, 7, 2, 5), (3, 2, 2, 0), (3, 7, 2, 0)]"
"(11, 13, 26, 25, 0)","[(3, 7, 2, 5), (0, 2, 7, 5)]"
"(11, 13, 27, 1, 0)","[(0, 1, 2, 0), (0, 0, 7, 5), (0, 0, 7, 5)]"
"(11, 13, 27, 6, 0)","[(0, 2, 7, 5), (0, 2, 7, 0), (0, 2, 2, 5), (0, 2, 7, 0), (0, 2, 7, 5), (0, 7, 7, 5), (0, 2, 7, 0), (0, 2, 2, 0), (0, 7, 7, 5), (0, 7, 2, 0), (0, 7, 2, 5), (0, 7, 7, 5)]"
"(11, 13, 27, 11, 0)","[(0, 4, 7, 5), (0, 2, 2, 0), (0, 3, 2, 5), (0, '?', 7, 5), (0, 2, 2, 0), (0, '?', 2, 5), (0, '?', 2, 5), (0, '?', 2, 5), (0, '?', 7, 5), (0, 3, 2, 5), (0, '?', 2, 5), (0, '?', 2, 5), (0, 4, 7, 0), (0, 3, 2, 5)]"
"(11, 13, 27, 16, 0)","[(0, 4, 7, 0)]"
"(11, 13, 27, 19, 0)","[(0, 3, 7, 0), (0, 3, 2, 5), (0, 3, 7, 5)]"
"(11, 13, 27, 22, 0)","[(0, 3, 2, 5), (0, 3, 7, 5), (0, 3, 7, 5), (0, 3, 2, 0)]"
"(11, 13, 27, 24, 0)","[(0, 1, 7, 0), (0, 6, 2, 5), (0, 1, 2, 5)]"
"(11, 13, 27, 25, 0)","[(0, 3, 2, 5), (0, 0, 2, 5), (0, 3, 2, 0)]"
"(11, 13, 27, 26, 0)","[(0, 7, 7, 5), (0, 2, 2, 0)]"
"(11, 15, 6, 6, 0)","[(4, 2, 0, 5), (4, 7, 0, 5), (4, 2, 0, 5), (4, 2, 3, 5), (4, 2, 0, 5)]"
"(11, 15, 6, 12, 0)","[(4, 7, 1, 5)]"
"(11, 15, 6, 13, 0)","[(4, 7, 5, 0), (4, 2, 5, 5)]"
"(11, 15, 6, 15, 0)","[(4, 2, 0, 0)]"
"(11, 15, 6, 16, 0)","[(4, 2, 3, 5)]"
"(11, 15, 9, 13, 0)","[(4, 3, 5, 0), (4, 3, 5, 0), (4, 3, 5, 0), (4, 0, 5, 0)]"
"(11, 15, 9, 24, 0)","[(4, 1, 5, 5)]"
"(11, 15, 9, 26, 0)","[(4, 2, 1, 5), (4, 7, 1, 0), (4, 7, 5, 5), (4, 7, 1, 0)]"
"(11, 15, 11, 2, 0)","[(4, 5, '?', 0)]"
"(11, 15, 11, 8, 0)","[(4, 3, 0, 5)]"
"(11, 15, 11, 11, 0)","[(4, 5, 3, 5), (4, '?', 0, 5), (4, '?', 3, 5), (4, 3, 0, 5), (4, 5, '?', 0), (4, 5, 3, 0)]"
"(11, 15, 11, 12, 0)","[(4, 5, 5, 5)]"
"(11, 15, 11, 13, 0)","[(4, 5, 5, 5), (4, 5, 5, 5), (4, 5, 5, 5), (4, 5, 5, 0), (4, 5, 5, 0), (4, 5, 5, 0), (4, 5, 5, 0)]"
"(11, 15, 11, 15, 0)","[(4, '?', 0, 5), (4, 5, '?', 0)]"
"(11, 15, 11, 16, 0)","[(4, 5, '?', 0)]"
"(11, 15, 11, 24, 0)","[(4, 1, '?', 0), (4, 1, 5, 0)]"
"(11, 15, 11, 25, 0)","[(4, 5, '?', 5)]"
"(11, 15, 15, 11, 0)","[(4, 5, '?', 0), (4, '?', '?', 5), (4, 5, '?', 5)]"
"(11, 15, 15, 13, 0)","[(4, 0, '?', 5)]"
"(11, 15, 15, 16, 0)","[(4, 5, 5, 0)]"
"(11, 15, 25, 13, 0)","[(4, 3, 5, 5)]"
"(11, 16, 13, 11, 0)","[(6, '?', 5, 5)]"
"(11, 17, 6, 17, 0)","[(1, 2, 1, 0), (5, 2, 1, 0), (1, 7, 1, 5), (1, 2, 1, 5)]"
"(11, 17, 8, 17, 0)","[(5, 5, 1, 0)]"
"(11, 17, 9, 1, 0)","[(5, 6, 1, 0)]"
"(11, 17, 9, 3, 0)","[(1, 3, 1, 5)]"
"(11, 17, 9, 16, 0)","[(1, 4, 1, 0), (1, 4, 1, 5)]"
"(11, 17, 9, 17, 0)","[(5, 4, 1, 0), (5, 4, 1, 0), (5, 5, 1, 5), (1, 4, 1, 5), (5, 4, 1, 5), (5, 4, 1, 5), (1, 5, 1, 5), (5, 1, 1, 5), (1, 4, 1, 0), (1, 5, 1, 5)]"
"(11, 17, 9, 26, 0)","[(1, 2, 1, 5)]"
"(11, 17, 12, 3, 0)","[(5, 3, 6, 0), (5, 3, 6, 0)]"
"(11, 17, 12, 26, 0)","[(5, 2, 4, 0)]"
"(11, 17, 17, 1, 0)","[(5, 0, 4, 5)]"
"(11, 17, 17, 3, 0)","[(1, 3, 6, 5), (5, 3, 1, 0)]"
"(11, 17, 17, 5, 0)","[(1, 0, 6, 5), (1, 1, 6, 5), (1, 0, 6, 5), (1, 0, 4, 5), (1, 0, 6, 0), (5, 1, 6, 0), (1, 0, 6, 0), (1, 1, 4, 5), (5, 1, 6, 5), (1, 0, 6, 5), (1, 0, 6, 0), (1, 0, 4, 5), (5, 1, 4, 5), (5, 1, 6, 0), (5, 1, 6, 0), (5, 1, 6, 5), (5, 0, 4, 0), (1, 1, 4, 0), (5, 1, 6, 5)]"
"(11, 17, 17, 6, 0)","[(1, 7, 4, 0)]"
"(11, 17, 17, 11, 0)","[(5, 4, 6, 5), (1, 4, 6, 5), (5, 4, 4, 0), (1, 4, 6, 0), (1, 4, 6, 0), (5, '?', 4, 5), (5, 5, 6, 0), (1, 4, 6, 0), (1, 5, 4, 0)]"
"(11, 17, 17, 12, 0)","[(1, '?', 6, 0), (5, '?', 4, 5), (1, '?', 6, 5)]"
"(11, 17, 17, 16, 0)","[(5, 5, 4, 5), (1, 4, 1, 0), (5, 4, 1, 0), (1, 4, 1, 5), (5, 4, 4, 0), (1, 4, 6, 0), (5, 4, 7, 5), (1, 4, 6, 5), (5, 5, 4, 5), (1, 4, 7, 5), (5, 4, 7, 0), (5, 4, 5, 0), (5, 4, 6, 5), (5, 5, 4, 0), (5, 5, 6, 0), (1, 5, 4, 5), (1, 5, 6, 0), (5, 4, 4, 5)]"
"(11, 17, 17, 17, 0)","[(1, 2, 4, 0), (5, 7, 4, 5), (1, 5, 6, 5), (1, 4, 6, 5), (5, 4, 4, 5), (5, 4, 4, 0), (1, 5, 6, 0), (5, 4, 4, 5), (1, 5, 6, 0)]"
"(11, 17, 17, 26, 0)","[(5, 7, 4, 5), (1, 2, 4, 0), (1, 7, 4, 5), (1, 7, 6, 5)]"
"(11, 17, 26, 17, 0)","[(5, 7, 6, 0), (5, 7, 6, 0), (1, 7, 4, 0), (5, 2, 6, 5), (1, 7, 4, 5), (5, 7, 6, 0)]"
"(11, 20, 1, 11, 0)","[(2, 6, 0, 5), (2, 6, 3, 5), (2, 6, 0, 5), (2, 6, 3, 5), (2, 6, 3, 5), (2, 6, 0, 5)]"
"(11, 20, 3, 13, 0)","[(2, 5, 2, 5), (2, 5, 2, 0), (2, 5, 7, 0), (2, 5, 7, 0), (2, 5, 7, 5), (2, 5, 7, 5), (2, 5, 2, 5), (2, 5, 2, 0), (2, 5, 7, 0)]"
"(11, 20, 3, 16, 0)","[(2, 5, '?', 0)]"
"(11, 20, 3, 17, 0)","[(2, 5, 6, 5), (2, 5, 4, 0), (2, 5, 6, 0)]"
"(11, 20, 3, 25, 0)","[(2, 5, '?', 5), (2, 5, '?', 5), (2, 5, '?', 5), (2, 5, 5, 5), (2, 5, '?', 0)]"
"(11, 20, 4, 4, 0)","[(2, 4, 4, 5), (2, 4, 4, 5), (2, 4, 4, 5)]"
"(11, 20, 4, 11, 0)","[(2, 4, 6, 5)]"
"(11, 20, 4, 12, 0)","[(2, 4, 4, 0)]"
"(11, 20, 4, 25, 0)","[(2, '?', '?', 5)]"
"(11, 20, 6, 4, 0)","[(2, 2, 1, 0)]"
"(11, 20, 6, 6, 0)","[(2, 7, 0, 0), (2, 2, 3, 0), (2, 2, 0, 0), (2, 2, 0, 5), (2, 2, 3, 5), (2, 7, 3, 0), (2, 7, 0, 0), (2, 7, 0, 0), (2, 7, 3, 5), (2, 2, 0, 0), (2, 7, 3, 0)]"
"(11, 20, 6, 11, 0)","[(2, 2, 0, 0), (2, 2, 3, 0), (2, 2, 3, 0), (2, 2, 0, 0), (2, 2, 0, 0), (2, 7, 3, 0), (2, 2, 0, 5), (2, 7, 3, 5), (2, 2, 0, 5), (2, 2, 3, 5), (2, 2, 0, 0), (2, 7, 0, 5), (2, 2, 3, 0), (2, 7, 0, 5), (2, 7, 0, 0), (2, 7, 0, 5), (2, 2, 3, 0), (2, 7, 3, 0), (2, 2, 0, 0), (2, 2, 3, 5), (2, 2, 0, 5), (2, 2, 3, 0), (2, 2, 0, 5), (2, 2, 3, 5), (2, 2, 0, 5), (2, 7, 3, 0), (2, 7, 3, 0), (2, 2, 0, 5)]"
"(11, 20, 6, 13, 0)","[(2, 7, 5, 0), (2, 2, 5, 5), (2, 7, 5, 0), (2, 2, 5, 0), (2, 7, 5, 5), (2, 7, 5, 5), (2, 2, 5, 5)]"
"(11, 20, 6, 25, 0)","[(2, 2, 5, 5), (2, 2, 5, 5), (2, 2, 5, 5)]"
"(11, 20, 8, 11, 0)","[(2, 5, 0, 5), (2, 5, 3, 0), (2, 5, 0, 0), (2, 5, 0, 0), (2, 5, 0, 0), (2, 5, 3, 0), (2, 5, 0, 5)]"
"(11, 20, 8, 16, 0)","[(2, 5, 0, 5)]"
"(11, 20, 8, 25, 0)","[(2, 5, 0, 5), (2, 5, 3, 0), (2, 5, 5, 5), (2, 5, 5, 0), (2, 5, 3, 0)]"
"(11, 20, 9, 3, 0)","[(2, 3, 1, 5), (2, 3, 1, 5), (2, 3, 1, 0), (2, 3, 1, 0), (2, 3, 1, 0), (2, 3, 1, 5), (2, 3, 1, 5), (2, 3, 1, 0), (2, 3, 1, 5), (2, 5, 1, 0)]"
"(11, 20, 9, 4, 0)","[(2, 4, 1, 5), (2, 5, 1, 0), (2, 5, 1, 0), (2, 1, 1, 5), (2, 4, 1, 5), (2, 4, 1, 5), (2, 6, 1, 5), (2, 7, 1, 0), (2, '?', 1, 5), (2, 4, 1, 5), (2, 1, 1, 5), (2, 4, 1, 5), (2, 4, 1, 5), (2, 4, 1, 0)]"
"(11, 20, 9, 6, 0)","[(2, 2, 5, 5)]"
"(11, 20, 9, 9, 0)","[(2, '?', 1, 5)]"
"(11, 20, 9, 11, 0)","[(2, '?', 5, 0), (2, 6, 5, 0)]"
"(11, 20, 9, 12, 0)","[(2, 1, 1, 5), (2, 3, 1, 5), (2, '?', 1, 0), (2, '?', 1, 5), (2, 3, 1, 5), (2, '?', 1, 0), (2, '?', 1, 0), (2, 0, 1, 5), (2, 0, 1, 5), (2, 1, 1, 5), (2, 0, 1, 5), (2, 4, 1, 0), (2, 6, 1, 5), (2, '?', 1, 0), (2, 1, 1, 5), (2, 0, 1, 5), (2, 7, 1, 5), (2, 4, 1, 0), (2, 3, 1, 5), (2, 5, 1, 0), (2, 3, 1, 0), (2, 0, 1, 5), (2, '?', 1, 5), (2, 6, 1, 5), (2, 0, 1, 0), (2, '?', 1, 5), (2, 1, 1, 5), (2, 1, 1, 5), (2, 0, 1, 0), (2, 3, 1, 0), (2, 0, 1, 0), (2, '?', 1, 5), (2, 0, 1, 0)]"
"(11, 20, 9, 13, 0)","[(2, 7, 5, 5), (2, 6, 5, 5), (2, 4, 5, 5), (2, 0, 5, 0), (2, 0, 5, 5), (2, 6, 5, 5), (2, 5, 5, 5), (2, 0, 5, 5), (2, 4, 5, 0), (2, 6, 5, 0), (2, 7, 5, 5), (2, 4, 5, 0), (2, 4, 5, 0), (2, 6, 5, 5), (2, '?', 5, 0), (2, 6, 5, 0), (2, 0, 5, 0), (2, '?', 5, 0), (2, 4, 5, 5), (2, '?', 5, 0), (2, 5, 5, 0), (2, 1, 5, 5), (2, 5, 5, 0), (2, 5, 5, 5), (2, 6, 5, 5), (2, '?', 5, 0)]"
"(11, 20, 9, 14, 0)","[(2, 0, 5, 0), (2, 1, 5, 5), (2, 0, 5, 0), (2, 1, 5, 5), (2, 1, 5, 5), (2, 0, 5, 0), (2, 1, 5, 5)]"
"(11, 20, 9, 16, 0)","[(2, 5, 5, 0), (2, 4, 5, 0), (2, 4, 1, 0), (2, 5, 5, 0), (2, 5, 5, 5), (2, 4, 5, 5), (2, 4, 1, 0), (2, 5, 5, 0)]"
"(11, 20, 9, 21, 0)","[(2, 6, 5, 0), (2, 6, 1, 5), (2, 6, 1, 5)]"
"(11, 20, 9, 24, 0)","[(2, 1, 5, 5), (2, 0, 5, 0)]"
"(11, 20, 9, 25, 0)","[(2, 0, 5, 5), (2, 5, 5, 5)]"
"(11, 20, 9, 26, 0)","[(2, 2, 1, 0), (2, 2, 5, 0), (2, 7, 1, 5), (2, 7, 1, 5), (2, 7, 1, 0), (2, 2, 1, 0), (2, 7, 1, 5), (2, 2, 1, 0), (2, 7, 5, 5), (2, 7, 5, 0), (2, 7, 1, 0), (2, 7, 5, 5), (2, 7, 5, 0), (2, 2, 5, 5), (2, 7, 1, 5), (2, 7, 5, 5), (2, 7, 5, 0), (2, 7, 1, 5), (2, 2, 1, 0), (2, 7, 1, 0), (2, 7, 5, 5), (2, 7, 1, 0), (2, 2, 5, 0), (2, 7, 1, 0), (2, 2, 1, 0), (2, 7, 1, 5), (2, 2, 5, 0), (2, 7, 5, 0), (2, 2, 1, 0), (2, 7, 1, 5), (2, 7, 1, 5)]"
"(11, 20, 10, 2, 0)","[(2, '?', 4, 5), (2, '?', 4, 0)]"
"(11, 20, 10, 3, 0)","[(2, 3, 6, 0)]"
"(11, 20, 10, 5, 0)","[(2, 1, 4, 5), (2, 0, 4, 5), (2, 1, 4, 5), (2, 1, 4, 5), (2, 1, 6, 5), (2, 1, 6, 5), (2, 1, 4, 5), (2, 1, 4, 5), (2, 0, 6, 5), (2, 0, 4, 5), (2, 1, 4, 5), (2, 0, 6, 5), (2, 0, 6, 0)]"
"(11, 20, 10, 10, 0)","[(2, '?', 6, 5), (2, 7, 6, 0), (2, 3, 6, 5), (2, 3, 4, 5), (2, '?', 6, 0), (2, '?', 4, 5), (2, '?', 6, 0), (2, '?', 4, 5), (2, '?', 4, 5), (2, 4, 4, 0), (2, 5, 4, 5), (2, 6, 4, 5), (2, 3, 4, 5), (2, 5, 6, 5), (2, '?', 6, 0), (2, 0, 4, 0), (2, 5, 4, 5), (2, 0, 6, 0), (2, 7, 6, 0), (2, 5, 4, 0), (2, '?', 4, 5), (2, 5, 6, 0), (2, '?', 4, 0), (2, 3, 4, 5), (2, 7, 6, 5), (2, '?', 4, 0), (2, 5, 4, 0)]"
"(11, 20, 10, 11, 0)","[(2, 5, 6, 5), (2, 5, 4, 0), (2, 5, 6, 5)]"
"(11, 20, 10, 12, 0)","[(2, 7, 6, 5), (2, '?', 4, 0), (2, 7, 6, 5), (2, 0, 4, 5), (2, '?', 6, 5), (2, 7, 6, 0), (2, '?', 6, 5), (2, '?', 4, 0)]"
"(11, 20, 10, 17, 0)","[(2, 5, 4, 5), (2, 3, 6, 5), (2, 6, 6, 5), (2, '?', 6, 0), (2, 6, 4, 0), (2, 6, 6, 0), (2, 6, 6, 0), (2, 5, 6, 0), (2, 5, 4, 5), (2, 5, 4, 0), (2, '?', 4, 5), (2, 5, 6, 0), (2, 5, 6, 0), (2, 5, 4, 5)]"
"(11, 20, 10, 21, 0)","[(2, 6, 4, 0), (2, 6, 6, 0), (2, 6, 4, 5), (2, 6, 4, 5)]"
"(11, 20, 10, 22, 0)","[(2, 3, 6, 0)]"
"(11, 20, 10, 26, 0)","[(2, 2, 4, 0), (2, 2, 6, 0), (2, 7, 6, 5), (2, 6, 6, 0), (2, 7, 4, 0), (2, 2, 4, 0), (2, 2, 4, 5), (2, 7, 4, 0), (2, 2, 4, 0)]"
"(11, 20, 11, 1, 0)","[(2, 0, 3, 0), (2, 1, 3, 0), (2, 0, 0, 5), (2, 1, 3, 0), (2, 0, 3, 5), (2, 0, 3, 5), (2, 0, 0, 5), (2, 0, 0, 0), (2, 0, 3, 0), (2, 1, 3, 0), (2, 0, 0, 0), (2, 0, 0, 5), (2, 0, 3, 5), (2, 0, 0, 5), (2, 0, 3, 0), (2, 0, 0, 5), (2, 0, 0, 0), (2, 1, 3, 0)]"
"(11, 20, 11, 6, 0)","[(2, 7, 0, 0), (2, 7, 3, 0), (2, 7, 3, 5)]"
"(11, 20, 11, 11, 0)","[(2, '?', 0, 5), (2, 4, 0, 0), (2, '?', 3, 5), (2, 3, 0, 5), (2, '?', 3, 5), (2, '?', 3, 5), (2, '?', 3, 5), (2, '?', 3, 5), (2, '?', 0, 5), (2, 4, 0, 0), (2, '?', 3, 0), (2, '?', 3, 5), (2, 7, 0, 0), (2, '?', 3, 0), (2, 7, 0, 5), (2, '?', 3, 5), (2, 6, 3, 5), (2, 7, 3, 5), (2, 4, 0, 0), (2, '?', 3, 0), (2, '?', 3, 0), (2, '?', 0, 5), (2, 4, 0, 0), (2, '?', 3, 0), (2, '?', 0, 5)]"
"(11, 20, 11, 13, 0)","[(2, 4, 5, 0), (2, 0, 5, 5), (2, 3, 5, 5), (2, 3, 5, 5), (2, 0, 5, 0), (2, 3, 5, 0)]"
"(11, 20, 11, 14, 0)","[(2, 1, 5, 5), (2, 0, 5, 5), (2, 0, 5, 5), (2, 0, 5, 5), (2, 1, 5, 5)]"
"(11, 20, 11, 16, 0)","[(2, 4, 0, 0), (2, 4, 5, 0), (2, 4, 5, 5), (2, 4, 0, 0), (2, 4, 0, 0), (2, 4, 5, 5), (2, 4, 0, 5)]"
"(11, 20, 11, 19, 0)","[(2, 3, 0, 0), (2, 3, 3, 5), (2, 3, 0, 5), (2, 3, 0, 5), (2, 3, 3, 5), (2, 3, 0, 5), (2, 3, 0, 0), (2, 3, 0, 0), (2, 3, 3, 5), (2, 3, 0, 0)]"
"(11, 20, 11, 22, 0)","[(2, 3, 0, 0), (2, 3, 0, 0)]"
"(11, 20, 11, 23, 0)","[(2, 3, 5, 0), (2, 3, 5, 5), (2, 3, 5, 5), (2, 3, 5, 0), (2, 3, 5, 0)]"
"(11, 20, 11, 24, 0)","[(2, 0, 3, 0), (2, 0, 0, 0), (2, 0, 3, 5), (2, 0, 0, 5), (2, 0, 0, 5), (2, 0, 0, 0), (2, 6, 0, 5), (2, 6, 0, 5), (2, 0, 3, 5)]"
"(11, 20, 11, 25, 0)","[(2, 4, 5, 0), (2, 3, 5, 0), (2, 0, 5, 5), (2, 3, 0, 5), (2, 3, 0, 0), (2, '?', 0, 5), (2, 3, 3, 5), (2, 3, 0, 5), (2, 3, 5, 5), (2, 3, 5, 0), (2, 3, 0, 5)]"
"(11, 20, 11, 26, 0)","[(2, 7, 3, 5), (2, 7, 0, 5), (2, 7, 0, 0), (2, 2, 0, 0)]"
"(11, 20, 12, 4, 0)","[(2, 4, 4, 0), (2, 4, 4, 0), (2, 4, 6, 5), (2, 4, 6, 5)]"
"(11, 20, 12, 12, 0)","[(2, '?', 6, 5), (2, 5, 4, 0), (2, 0, 6, 0), (2, 4, 4, 0)]"
"(11, 20, 13, 1, 0)","[(2, 1, 7, 5)]"
"(11, 20, 13, 3, 0)","[(2, 3, 7, 5), (2, 3, 7, 0), (2, 3, 7, 5), (2, 3, 2, 0), (2, 3, 7, 5), (2, 3, 7, 0), (2, 5, 2, 0), (2, 3, 7, 5), (2, 5, 2, 5)]"
"(11, 20, 13, 6, 0)","[(2, 2, 5, 5)]"
"(11, 20, 13, 8, 0)","[(2, 3, 5, 5)]"
"(11, 20, 13, 11, 0)","[(2, 0, 7, 5), (2, 1, 7, 5), (2, '?', 2, 0), (2, 1, 7, 5), (2, 4, 2, 5), (2, 4, 2, 0)]"
"(11, 20, 13, 13, 0)","[(2, 0, 7, 0), (2, 4, 2, 0), (2, 0, 7, 5), (2, '?', 2, 0), (2, 0, 7, 0), (2, 4, 7, 5), (2, 1, 7, 5), (2, '?', 2, 0), (2, 0, 7, 5), (2, 4, 7, 0), (2, '?', 7, 5), (2, '?', 7, 0), (2, '?', 2, 0), (2, 4, 2, 5), (2, '?', 2, 0), (2, '?', 7, 5), (2, '?', 7, 5), (2, '?', 2, 5), (2, 5, 2, 0), (2, 5, 7, 0), (2, 5, 2, 0), (2, 1, 7, 0), (2, 1, 2, 0), (2, '?', 7, 5), (2, 2, 7, 5), (2, 4, 7, 0), (2, '?', 2, 5), (2, 0, 7, 0), (2, 1, 2, 0), (2, 5, 2, 5), (2, 1, 7, 0), (2, 4, 7, 5), (2, 7, 7, 5), (2, 2, 7, 0), (2, '?', 2, 0), (2, 4, 2, 0), (2, 2, 7, 5), (2, 4, 2, 5), (2, '?', 2, 0), (2, 4, 7, 5), (2, 4, 7, 5), (2, 4, 7, 0)]"
"(11, 20, 13, 14, 0)","[(2, 1, 2, 5), (2, 1, 2, 5), (2, 1, 2, 5), (2, 0, 2, 0), (2, 1, 7, 5), (2, 1, 7, 5), (2, 1, 2, 5), (2, 1, 2, 0), (2, 1, 7, 0)]"
"(11, 20, 13, 16, 0)","[(2, 4, 2, 5), (2, 4, 7, 0), (2, 4, 7, 0), (2, 4, 2, 0), (2, 4, 2, 0), (2, 4, 7, 5), (2, 4, 2, 5), (2, 4, 2, 0), (2, 4, 7, 5), (2, 4, 2, 5), (2, 4, 2, 0), (2, 4, 7, 5), (2, 4, 2, 5), (2, 4, 2, 0), (2, 4, 7, 5)]"
"(11, 20, 13, 22, 0)","[(2, 3, 2, 0), (2, 3, 7, 0), (2, 5, 2, 5), (2, 3, 7, 5)]"
"(11, 20, 13, 23, 0)","[(2, 3, 2, 0), (2, 3, 7, 0), (2, 3, 2, 0), (2, 3, 2, 0), (2, 3, 2, 0), (2, 3, 7, 5), (2, 3, 5, 5), (2, 3, 7, 0), (2, 3, 7, 0), (2, 3, 7, 0)]"
"(11, 20, 13, 24, 0)","[(2, 1, 2, 5), (2, 1, 2, 0), (2, 1, 7, 0)]"
"(11, 20, 13, 25, 0)","[(2, 1, 2, 0), (2, 5, 2, 5), (2, 7, 7, 0), (2, '?', 7, 5), (2, '?', 2, 5), (2, 5, 7, 0), (2, 5, 7, 5), (2, '?', 7, 5), (2, 1, 2, 5), (2, 6, 7, 5), (2, 5, 7, 5), (2, 5, 2, 0), (2, 7, 7, 5), (2, '?', 7, 5), (2, 0, 7, 5), (2, '?', 7, 0), (2, 5, 2, 5), (2, 5, 2, 0), (2, 5, 2, 0), (2, 0, 7, 5), (2, 1, 7, 5), (2, 1, 7, 5), (2, 0, 2, 0), (2, 7, 2, 5), (2, 0, 7, 5), (2, 6, 7, 0), (2, 1, 2, 0), (2, 0, 2, 0), (2, '?', 7, 0), (2, 6, 7, 0), (2, 5, 7, 5), (2, 1, 2, 5), (2, 7, 7, 5), (2, '?', 7, 5), (2, 1, 7, 5), (2, 1, 2, 0), (2, 7, 7, 0), (2, '?', 2, 5), (2, 6, 7, 5), (2, 7, 7, 5), (2, '?', 7, 0), (2, 1, 2, 5), (2, '?', 7, 0), (2, '?', 7, 0), (2, 0, 7, 0), (2, 1, 7, 0)]"
"(11, 20, 13, 26, 0)","[(2, 2, 7, 5), (2, 2, 7, 5), (2, 7, 2, 0), (2, 7, 2, 0), (2, 2, 2, 0), (2, 2, 7, 5), (2, 2, 2, 0), (2, 2, 2, 0), (2, 2, 2, 0), (2, 2, 7, 0), (2, 2, 2, 0), (2, 7, 7, 5), (2, 7, 2, 5), (2, 2, 2, 0), (2, 2, 7, 0), (2, 7, 2, 5), (2, 2, 2, 0), (2, 7, 2, 0), (2, 7, 7, 0), (2, 7, 7, 5), (2, 7, 7, 5), (2, 7, 7, 0), (2, 2, 7, 5), (2, 2, 7, 5), (2, 2, 2, 0), (2, 7, 7, 0), (2, 2, 7, 0), (2, 2, 7, 0), (2, 7, 7, 0), (2, 2, 7, 0), (2, 2, 7, 0), (2, 2, 7, 0), (2, 2, 7, 5), (2, 7, 2, 5), (2, 7, 7, 5), (2, 7, 7, 0), (2, 7, 2, 0), (2, 7, 2, 5), (2, 7, 2, 0)]"
"(11, 20, 17, 2, 0)","[(2, 5, 6, 5), (2, 7, 6, 5)]"
"(11, 20, 17, 3, 0)","[(2, 3, 6, 5), (2, 3, 6, 0), (2, 3, 6, 0), (2, 3, 6, 5), (2, 3, 6, 5), (2, 3, 4, 5)]"
"(11, 20, 17, 4, 0)","[(2, 2, 6, 0), (2, 4, 4, 0), (2, 4, 4, 5), (2, 4, 6, 5), (2, 5, 4, 5), (2, 5, 6, 5)]"
"(11, 20, 17, 5, 0)","[(2, 0, 6, 0), (2, 0, 4, 0), (2, 1, 6, 5), (2, 1, 6, 5), (2, 0, 4, 5), (2, 0, 6, 5), (2, 1, 6, 0), (2, 1, 6, 0), (2, 1, 6, 0), (2, 0, 6, 0), (2, 0, 4, 5), (2, 1, 4, 5), (2, 1, 6, 5), (2, 0, 6, 0), (2, 1, 4, 5), (2, 1, 6, 5), (2, 1, 6, 0), (2, 0, 6, 5), (2, 0, 4, 5), (2, 1, 6, 0), (2, 0, 4, 0), (2, 0, 6, 5), (2, 0, 4, 0), (2, 1, 6, 5)]"
"(11, 20, 17, 12, 0)","[(2, '?', 6, 5), (2, 7, 6, 5), (2, 2, 6, 5), (2, 0, 6, 5), (2, '?', 6, 0), (2, 6, 6, 5), (2, 4, 6, 5), (2, '?', 6, 5), (2, '?', 6, 5), (2, 5, 6, 5), (2, 7, 6, 5), (2, 2, 6, 5), (2, 0, 4, 0), (2, 0, 4, 0), (2, 4, 4, 5), (2, 5, 4, 0), (2, 2, 6, 5), (2, '?', 6, 5), (2, 3, 4, 5), (2, '?', 6, 0), (2, 5, 4, 0), (2, 4, 4, 5), (2, '?', 4, 5)]"
"(11, 20, 17, 16, 0)","[(2, 5, 6, 5), (2, 5, 4, 0), (2, 4, 6, 5), (2, 4, 6, 5), (2, 4, 4, 5), (2, 5, 4, 5), (2, 5, 4, 5), (2, 5, 6, 0), (2, 4, 4, 0), (2, 4, 4, 0)]"
"(11, 20, 17, 17, 0)","[(2, 4, 6, 5), (2, 5, 4, 5)]"
"(11, 20, 17, 21, 0)","[(2, 6, 4, 5), (2, 6, 6, 0)]"
"(11, 20, 17, 22, 0)","[(2, 3, 4, 5), (2, 3, 4, 5), (2, 3, 6, 5)]"
"(11, 20, 17, 26, 0)","[(2, 2, 4, 5), (2, 2, 6, 5), (2, 7, 4, 0), (2, 2, 6, 5), (2, 2, 6, 0), (2, 7, 4, 0), (2, 2, 6, 0), (2, 7, 6, 5), (2, 2, 6, 0), (2, 7, 4, 0), (2, 2, 4, 0), (2, 2, 4, 0), (2, 2, 4, 5), (2, 2, 4, 0), (2, 2, 6, 0), (2, 2, 4, 5), (2, 2, 6, 0)]"
"(11, 20, 20, 8, 0)","[(2, 5, 1, 0)]"
"(11, 20, 20, 11, 0)","[(2, 4, 7, 0)]"
"(11, 20, 20, 15, 0)","[(2, 5, '?', 0)]"
"(11, 20, 20, 16, 0)","[(2, 4, 5, 5), (2, 4, 5, 5), (2, 4, 7, 0)]"
"(11, 20, 20, 24, 0)","[(2, 1, '?', 0)]"
"(11, 20, 21, 10, 0)","[(2, 6, 4, 0), (2, 6, 4, 0)]"
"(11, 20, 21, 13, 0)","[(2, 6, 7, 5), (2, 6, 7, 5), (2, 6, 7, 0), (2, 6, 7, 0), (2, 6, 7, 0), (2, 6, 7, 0)]"
"(11, 20, 22, 25, 0)","[(2, 5, '?', 0)]"
"(11, 20, 25, 1, 0)","[(2, 1, '?', 0)]"
"(11, 20, 25, 2, 0)","[(2, 4, '?', 0), (2, 3, '?', 5), (2, 4, '?', 5)]"
"(11, 20, 25, 3, 0)","[(2, 3, '?', 0), (2, 3, '?', 0), (2, 3, '?', 0)]"
"(11, 20, 25, 5, 0)","[(2, 0, '?', 5), (2, 1, '?', 0), (2, 0, '?', 0), (2, 1, '?', 5), (2, 1, '?', 0), (2, 1, '?', 5), (2, 1, '?', 5), (2, 1, '?', 5), (2, 1, '?', 0)]"
"(11, 20, 25, 11, 0)","[(2, 4, '?', 0), (2, '?', '?', 0), (2, 4, '?', 5), (2, '?', '?', 0), (2, '?', '?', 0)]"
"(11, 20, 25, 13, 0)","[(2, '?', 5, 0), (2, '?', 5, 0)]"
"(11, 20, 25, 14, 0)","[(2, 1, '?', 0), (2, 0, '?', 0), (2, 0, '?', 0), (2, 1, '?', 5), (2, 1, '?', 5), (2, 0, '?', 5)]"
"(11, 20, 25, 15, 0)","[(2, '?', '?', 5), (2, 4, '?', 0)]"
"(11, 20, 25, 16, 0)","[(2, 4, '?', 5), (2, 4, '?', 0), (2, 4, '?', 0), (2, 4, '?', 0), (2, 4, '?', 5), (2, 4, '?', 5), (2, 4, '?', 5), (2, 4, '?', 0), (2, 4, '?', 5), (2, 4, '?', 0)]"
"(11, 20, 25, 19, 0)","[(2, 3, '?', 5), (2, 3, '?', 0)]"
"(11, 20, 25, 20, 0)","[(2, '?', '?', 5)]"
"(11, 20, 25, 21, 0)","[(2, 1, '?', 5), (2, 1, '?', 0)]"
"(11, 20, 25, 22, 0)","[(2, 3, '?', 5), (2, 3, 5, 0), (2, 3, '?', 0), (2, 3, '?', 5), (2, 3, '?', 5)]"
"(11, 20, 25, 23, 0)","[(2, 3, '?', 0), (2, 3, '?', 0), (2, 3, '?', 5), (2, 3, '?', 0)]"
"(11, 20, 25, 25, 0)","[(2, 3, '?', 0), (2, 1, '?', 0), (2, 6, '?', 0), (2, 0, '?', 5), (2, 0, '?', 0), (2, '?', '?', 5), (2, '?', '?', 0), (2, '?', '?', 5), (2, 4, '?', 0), (2, '?', '?', 0), (2, 3, '?', 5), (2, 0, '?', 0), (2, '?', '?', 0), (2, 0, '?', 5), (2, 0, '?', 0), (2, '?', '?', 5), (2, 0, '?', 5), (2, 5, '?', 5), (2, 0, 5, 0), (2, '?', '?', 5), (2, 0, '?', 0), (2, '?', '?', 5), (2, '?', '?', 5), (2, '?', '?', 0)]"
"(11, 20, 25, 26, 0)","[(2, 7, '?', 0), (2, 6, '?', 0), (2, 2, 5, 5), (2, 2, '?', 0), (2, 7, '?', 0), (2, 2, '?', 0), (2, 7, '?', 0), (2, 2, '?', 0)]"
"(11, 20, 26, 4, 0)","[(2, 2, 6, 0), (2, 2, 6, 0), (2, 7, 4, 0)]"
"(11, 20, 26, 11, 0)","[(2, 2, '?', 0), (2, 2, '?', 0)]"
"(11, 20, 26, 12, 0)","[(2, 2, 6, 5)]"
"(11, 20, 26, 13, 0)","[(2, 2, 2, 0), (2, 7, 2, 5), (2, 2, 5, 0), (2, 7, 7, 5)]"
"(11, 20, 26, 17, 0)","[(2, 2, 6, 5), (2, 2, 4, 5), (2, 2, 4, 5), (2, 2, 4, 0)]"
"(11, 20, 26, 25, 0)","[(2, 7, '?', 0), (2, 7, '?', 0), (2, 2, 5, 0), (2, 7, '?', 0), (2, 2, '?', 0), (2, 7, '?', 0), (2, 2, 5, 0), (2, 7, '?', 0), (2, 7, '?', 0), (2, 7, '?', 0), (2, 2, '?', 0)]"
"(11, 21, 7, 10, 0)","[(0, 6, 6, 0)]"
"(11, 21, 7, 17, 0)","[(0, 6, 4, 0), (0, 6, 6, 0), (0, 6, 6, 0)]"
"(11, 21, 9, 4, 0)","[(3, 6, 1, 0)]"
"(11, 21, 13, 2, 0)","[(3, 6, 2, 0), (3, 6, 2, 0)]"
"(11, 21, 13, 16, 0)","[(3, 6, 7, 0), (3, 6, 7, 0)]"
"(11, 21, 13, 17, 0)","[(5, 6, 7, 0)]"
"(11, 21, 27, 16, 0)","[(0, 6, 7, 5), (0, 6, 7, 0), (0, 6, 7, 5), (0, 6, 7, 0), (0, 6, 2, 5)]"
"(11, 21, 27, 27, 0)","[(0, 6, 7, 5)]"
"(11, 24, 6, 13, 0)","[(3, 6, 5, 5)]"
"(11, 24, 9, 13, 0)","[('?', 6, 5, 5)]"
"(11, 24, 9, 25, 0)","[(2, 6, 5, 5)]"
"(11, 24, 10, 9, 0)","[(1, 6, 5, 0)]"
"(11, 24, 11, 12, 0)","[('?', 6, 5, 0), ('?', 6, 5, 0)]"
"(11, 24, 11, 25, 0)","[('?', 6, 5, 5)]"
"(11, 24, 13, 2, 0)","[(3, 6, 2, 0)]"
"(11, 24, 13, 10, 0)","[(1, 6, 2, 0), (5, 6, 7, 0), (1, 6, 7, 0), (1, 6, 2, 0), (1, 6, 7, 0)]"
"(11, 24, 13, 11, 0)","[('?', 6, 7, 5), (3, 6, 7, 0), ('?', 6, 7, 5), (1, 6, 7, 5)]"
"(11, 24, 13, 16, 0)","[(4, 6, 7, 0)]"
"(11, 24, 13, 17, 0)","[(5, 6, 5, 0)]"
"(11, 24, 13, 25, 0)","[('?', 6, 2, 0), ('?', 6, 2, 5), ('?', 6, 2, 5), ('?', 6, 2, 5), (5, 6, 7, 5)]"
"(11, 24, 16, 13, 0)","[(4, 6, 5, 5)]"
"(11, 24, 17, 9, 0)","[(5, 6, 5, 0)]"
"(11, 24, 25, 9, 0)","[(5, 6, 5, 0)]"
"(11, 24, 25, 25, 0)","[('?', 6, 5, 5), ('?', 6, '?', 5)]"
"(11, 24, 27, 25, 0)","[(0, 6, 2, 5)]"
"(11, 25, 2, 1, 0)","[(4, 1, '?', 5), (4, 0, '?', 0)]"
"(11, 25, 2, 6, 0)","[(4, 2, '?', 0), (4, 2, 7, 5), (4, 2, '?', 0), (4, 2, 2, 0), (4, 7, 2, 5), (4, 7, '?', 0)]"
"(11, 25, 2, 11, 0)","[(4, 5, 7, 5), (4, 4, 2, 0), (4, 5, 2, 0), (4, 5, 2, 0), (4, 5, 2, 5), (4, 5, 2, 0), (4, 4, 2, 0), (4, 0, '?', 0), (4, 0, '?', 0)]"
"(11, 25, 2, 13, 0)","[(4, 4, 2, 5), (4, 5, 2, 5)]"
"(11, 25, 2, 15, 0)","[(4, 3, '?', 5)]"
"(11, 25, 2, 16, 0)","[(4, 5, 2, 0), (4, 5, 2, 5), (4, 5, 2, 5), (4, 5, 2, 5)]"
"(11, 25, 2, 19, 0)","[(4, 3, '?', 0)]"
"(11, 25, 2, 26, 0)","[(4, 7, '?', 0), (4, 2, 5, 0), (4, 2, '?', 0), (4, 7, '?', 0), (4, 2, '?', 0), (4, 2, '?', 5)]"
"(11, 25, 3, 4, 0)","[(3, 5, '?', 0)]"
"(11, 25, 3, 10, 0)","[(5, 5, '?', 0), (1, 5, '?', 0), (5, 5, '?', 0), (5, 5, '?', 0), (5, 5, 7, 0), (1, 5, '?', 0)]"
"(11, 25, 3, 11, 0)","[(5, 5, 7, 5), (3, 5, 7, 0), ('?', 5, '?', 0), ('?', 5, '?', 0), ('?', 5, '?', 0)]"
"(11, 25, 3, 13, 0)","[(1, 5, 2, 0), ('?', 5, 2, 0), ('?', 5, 2, 0), ('?', 5, 7, 5), (3, 5, 7, 5), ('?', 5, 2, 0)]"
"(11, 25, 3, 16, 0)","[(3, 5, '?', 5), (3, 5, '?', '?')]"
"(11, 25, 3, 17, 0)","[(5, 5, 2, 0), (5, 5, '?', 0)]"
"(11, 25, 3, 25, 0)","[('?', 5, '?', 0), (3, 5, '?', 0), ('?', 5, 7, 0), ('?', 5, '?', 0), ('?', 5, '?', 0), (7, 5, '?', 0), ('?', 5, '?', 0), ('?', 5, '?', 0), (2, 5, '?', 0)]"
"(11, 25, 3, 27, 0)","[(0, 5, 7, 0), (0, 5, 7, 0), (0, 5, 7, 5), (0, 5, 2, 0), (0, 5, 7, 0), (0, 5, 7, 5)]"
"(11, 25, 4, 9, 0)","[(4, 4, '?', 0)]"
"(11, 25, 4, 11, 0)","[('?', 4, '?', 0), ('?', 4, '?', 5)]"
"(11, 25, 4, 12, 0)","[('?', 4, '?', 0)]"
"(11, 25, 6, 2, 0)","[(3, 7, '?', 0), (3, 2, '?', 5), (3, 7, '?', 0), (3, 2, '?', 5), (3, 7, 3, 5), (3, 2, '?', 5), (3, 2, '?', 0), (3, 2, '?', 5), (3, 2, '?', 5), (3, 2, '?', 0), (3, 7, '?', 5), (3, 2, '?', 0), (3, 7, '?', 0), (3, 2, '?', 0), (3, 2, '?', 0), (3, 7, '?', 5), (3, 2, '?', 5)]"
"(11, 25, 6, 10, 0)","[(1, 2, 5, 5), (5, 2, 3, 5), (5, 2, 3, 5), (1, 7, 0, 0), (1, 7, 3, 0)]"
"(11, 25, 6, 17, 0)","[(5, 2, 3, 5), (5, 2, 3, 5)]"
"(11, 25, 6, 25, 0)","[('?', 7, '?', 5), ('?', 2, 0, 0), ('?', 2, '?', 5), ('?', 7, '?', 5), ('?', 2, '?', 5)]"
"(11, 25, 7, 1, 0)","[(0, 0, '?', 0), (0, 0, '?', 0), (0, 6, '?', 0)]"
"(11, 25, 7, 3, 0)","[(0, 3, '?', 5), (0, 3, '?', 5)]"
"(11, 25, 7, 5, 0)","[(0, 0, '?', 0)]"
"(11, 25, 7, 6, 0)","[(0, 2, '?', 5), (0, 2, '?', 5), (0, 7, '?', 5), (0, 7, '?', 5), (0, 2, '?', 5)]"
"(11, 25, 7, 8, 0)","[(0, 3, '?', 5)]"
"(11, 25, 7, 11, 0)","[(0, '?', '?', 0)]"
"(11, 25, 7, 13, 0)","[(0, '?', 2, 5)]"
"(11, 25, 7, 14, 0)","[(0, 1, '?', 0)]"
"(11, 25, 7, 24, 0)","[(0, 1, '?', 0), (0, 1, '?', 0), (0, 0, '?', 0), (0, 0, '?', 0)]"
"(11, 25, 7, 25, 0)","[(0, '?', '?', 0), (0, '?', '?', 0), (0, '?', '?', 0)]"
"(11, 25, 7, 26, 0)","[(0, 7, '?', 0), (0, 7, '?', 0), (0, 7, '?', 5), (0, 7, '?', 5)]"
"(11, 25, 8, 2, 0)","[(3, 5, '?', 5)]"
"(11, 25, 8, 7, 0)","[(0, 5, '?', 5)]"
"(11, 25, 8, 13, 0)","[(3, 5, 7, 5), (3, 5, 7, 0), (3, 5, 7, 0)]"
"(11, 25, 8, 17, 0)","[(1, 5, '?', 0), (5, 5, '?', 0)]"
"(11, 25, 8, 18, 0)","[(0, 5, '?', 5), (0, 5, '?', 5), (0, 5, '?', 5)]"
"(11, 25, 8, 27, 0)","[(0, 5, 7, 0)]"
"(11, 25, 10, 1, 0)","[(5, 0, '?', 0), (5, 0, '?', 0), (1, 1, '?', 5), (5, 1, '?', 0), (5, 1, '?', 0), (5, 0, '?', 5), (5, 1, '?', 0), (1, 1, '?', 0), (1, 1, '?', 0), (5, 1, '?', 0)]"
"(11, 25, 10, 3, 0)","[(5, 3, '?', 0), (5, 3, '?', 0), (5, 3, '?', 0), (1, 3, '?', 5), (5, 3, 7, 5), (5, 3, 5, 0), (5, 3, '?', 0), (1, 3, '?', 0), (1, 3, 5, 5), (1, 3, '?', 0), (1, 3, '?', 0), (5, 3, '?', 0), (1, 3, 5, 0), (1, 3, 5, 0), (1, 3, '?', 5), (1, 3, '?', 5), (1, 3, '?', 0), (1, 3, '?', 0), (1, 3, '?', 0)]"
"(11, 25, 10, 5, 0)","[(1, 1, 5, 0)]"
"(11, 25, 10, 6, 0)","[(1, 2, '?', 5), (1, 7, '?', 0), (5, 2, '?', 5), (5, 7, '?', 5), (1, 2, '?', 5), (1, 7, '?', 0), (1, 7, '?', 5), (1, 2, '?', 5), (1, 2, '?', 5), (1, 6, 5, 0), (5, 2, '?', 0), (1, 7, '?', 5), (1, 7, 0, 5), (5, 2, '?', 0), (1, 2, '?', 5), (1, 7, '?', 0), (5, 2, '?', 5), (5, 2, '?', 0), (5, 2, '?', 5)]"
"(11, 25, 10, 8, 0)","[(1, 3, '?', 0), (1, 3, '?', 5)]"
"(11, 25, 10, 10, 0)","[(1, '?', '?', 5), (1, '?', '?', 5), (5, '?', '?', 5), (1, 3, '?', 5), (1, '?', '?', 0), (1, 5, '?', 5), (5, 5, '?', 0), (1, '?', 5, 0), (1, '?', '?', 5), (1, 0, '?', 5), (5, 5, '?', 5), (5, '?', '?', 5), (1, '?', '?', 5), (1, 5, '?', 5), (1, 5, '?', 5), (5, '?', '?', 5), (5, '?', '?', 0)]"
"(11, 25, 10, 11, 0)","[(1, '?', 7, 5), (5, '?', '?', 0), (5, 5, '?', 5), (5, 0, '?', 5), (1, 4, 7, 0), (1, 5, '?', 5), (1, 4, '?', 0), (5, 0, '?', 5), (1, 5, '?', 0), (5, 5, '?', 0), (5, '?', '?', 0), (1, 0, '?', 0), (5, 3, '?', 0), (5, '?', '?', 0), (5, 5, '?', 5), (1, 0, '?', 5), (1, '?', '?', 0), (1, '?', '?', 5), (5, '?', '?', 5), (1, 0, '?', 0), (1, 5, '?', 5), (1, 1, '?', 0), (5, '?', '?', 5), (1, 0, '?', 5), (5, 1, '?', 0), (5, '?', '?', 5), (5, 0, '?', 0), (5, '?', '?', 5), (5, '?', '?', 5), (1, 4, '?', 0), (1, 0, '?', 0), (5, 0, '?', 5), (5, 0, '?', 0), (1, '?', '?', 0), (1, 5, '?', 5)]"
"(11, 25, 10, 12, 0)","[(1, 0, '?', 0), (5, 0, '?', 0), (5, 6, '?', 5)]"
"(11, 25, 10, 13, 0)","[(1, 0, 2, 0), (5, 0, 2, 0), (1, '?', 2, 0), (1, 1, 5, 5), (1, 0, 2, 0), (1, '?', 5, 0), (1, 0, 5, 0), (1, 0, 5, 0)]"
"(11, 25, 10, 14, 0)","[(1, 1, 5, 5)]"
"(11, 25, 10, 16, 0)","[(1, 5, '?', 5)]"
"(11, 25, 10, 17, 0)","[(1, 1, 7, 0), (5, 5, '?', 5), (1, 5, '?', 5), (5, '?', '?', 0), (1, 5, '?', 0), (1, 0, '?', 5), (5, 5, '?', 0), (5, 1, '?', 0), (5, 5, '?', 5), (1, 5, '?', 0)]"
"(11, 25, 10, 21, 0)","[(1, 6, '?', 5)]"
"(11, 25, 10, 24, 0)","[(1, 1, 5, 5), (1, 1, 5, 0), (1, 1, 5, 0), (5, 1, 5, 5), (1, 1, '?', 5)]"
"(11, 25, 10, 25, 0)","[(5, 3, '?', 0), (5, 3, '?', 0), (1, 0, 7, 5), (1, '?', 5, 0), (1, 0, 5, 0), (5, 0, '?', 5), (1, 6, '?', 0), (1, '?', '?', 0), (5, 0, '?', 0), (5, '?', '?', 0), (1, '?', '?', 0)]"
"(11, 25, 10, 26, 0)","[(5, 7, '?', 5), (1, 7, '?', 5), (5, 2, '?', 0), (1, 7, '?', 0), (1, 2, '?', 5), (5, 7, '?', 5), (1, 7, '?', 0), (5, 2, '?', 0), (1, 7, '?', 5), (1, 7, '?', 0), (5, 2, '?', 5)]"
"(11, 25, 11, 1, 0)","[('?', 1, '?', 5)]"
"(11, 25, 11, 2, 0)","[(3, 4, '?', 5), (3, 4, '?', 5), (3, 4, '?', 0), (3, 1, '?', 0), (3, '?', '?', 5), (3, 4, '?', 0), (3, 4, '?', 0), (3, 5, '?', 5), (3, 4, '?', 5), (3, 4, '?', 0), (3, '?', '?', 0), (3, 5, '?', 5), (3, '?', '?', 0), (3, 5, '?', 5), (3, 4, '?', 0)]"
"(11, 25, 11, 4, 0)","[('?', 4, '?', 5), ('?', 4, '?', 5)]"
"(11, 25, 11, 5, 0)","[('?', 1, '?', 5), ('?', 1, '?', 5), ('?', 1, '?', 0), ('?', 1, '?', 5), ('?', 1, '?', 0), ('?', 0, '?', 5), ('?', 1, '?', 0), ('?', 1, '?', 5)]"
"(11, 25, 11, 11, 0)","[('?', 4, '?', 5), (5, 4, '?', 5), ('?', 4, '?', 0)]"
"(11, 25, 11, 12, 0)","[('?', 4, '?', 0), ('?', 4, '?', 0), ('?', 4, '?', 0), ('?', 4, '?', 0), (5, 4, '?', 5), ('?', 4, '?', 5)]"
"(11, 25, 11, 14, 0)","[(3, 1, '?', 5), (3, 1, '?', 5), (3, 1, '?', 5), (3, 0, '?', 0), (3, 0, '?', 0), (3, 0, '?', 0), (3, 1, '?', 0), (3, 1, '?', 0), (3, 0, '?', 0), (3, 1, '?', 5)]"
"(11, 25, 11, 16, 0)","[(3, 4, '?', 0)]"
"(11, 25, 11, 22, 0)","[(3, 3, 7, 5)]"
"(11, 25, 11, 24, 0)","[('?', 1, '?', 5), ('?', 1, 3, 5), ('?', 1, '?', 0), ('?', 0, '?', 0), ('?', 1, '?', 0)]"
"(11, 25, 11, 26, 0)","[('?', 7, 0, 5)]"
"(11, 25, 13, 2, 0)","[(3, 1, 2, 5)]"
"(11, 25, 13, 6, 0)","[(1, 2, 7, 5), (4, 7, 7, 5), (0, 2, 2, 0), (4, 2, 7, 0)]"
"(11, 25, 13, 10, 0)","[(5, 0, 7, 0)]"
"(11, 25, 13, 11, 0)","[(3, 0, 2, 5), (3, 1, 2, 5), (3, '?', 2, 5), ('?', 1, 2, 0), (4, 5, 7, 5), (6, 1, 2, 0), (4, 1, 7, 0), (3, 1, 7, 5), (3, 4, 2, 0), (3, 0, 2, 5), (3, 1, 7, 5), (3, 0, 2, 5)]"
"(11, 25, 13, 13, 0)","[('?', 2, 7, 0), (3, 5, 7, 5)]"
"(11, 25, 13, 16, 0)","[(3, 0, 7, 5), (3, '?', 2, 0), (3, '?', 7, 0), (3, 5, 7, 5)]"
"(11, 25, 13, 22, 0)","[(3, 3, 7, 5), (3, 3, 7, 5), (3, 3, 7, 0)]"
"(11, 25, 13, 25, 0)","[('?', '?', 7, 0), ('?', '?', 7, 5), ('?', 1, 2, 5), (3, 1, 7, 0), ('?', '?', 7, 0)]"
"(11, 25, 13, 26, 0)","[('?', 7, 7, 5), (5, 7, 2, 5)]"
"(11, 25, 15, 1, 0)","[(4, 1, '?', 0), (4, 1, '?', 0)]"
"(11, 25, 15, 2, 0)","[(4, 3, 2, 5), (4, '?', '?', 0)]"
"(11, 25, 15, 5, 0)","[(4, 0, '?', 5)]"
"(11, 25, 15, 6, 0)","[(4, 2, '?', 0), (4, 7, 3, 5), (4, 2, '?', 5), (4, 7, 7, 5), (4, 2, 7, 0), (4, 2, '?', 5), (4, 7, 2, 5), (4, 2, 5, 5), (4, 7, '?', 0), (4, 2, '?', 5), (4, 2, 5, 5), (4, 2, '?', 5), (4, 2, 7, 0), (4, 7, 7, 0), (4, 7, 2, 5), (4, 2, '?', 5), (4, 2, 7, 5), (4, 2, '?', 5)]"
"(11, 25, 15, 8, 0)","[(4, 3, '?', 0), (4, 3, '?', 0), (4, 3, 7, 0), (4, 3, '?', 5), (4, 3, '?', 5), (4, 3, '?', 5)]"
"(11, 25, 15, 11, 0)","[(4, 0, '?', 0), (4, 0, '?', 5), (4, 5, '?', 5), (4, 5, 2, 0), (4, '?', '?', 5), (4, 0, '?', 0), (4, 5, '?', 0), (4, 5, '?', 5), (4, 5, '?', 5), (4, 0, '?', 0), (4, '?', '?', 0), (4, 1, 2, 0), (4, 1, 2, 5), (4, 4, '?', 5), (4, 4, '?', 0), (4, '?', '?', 0), (4, '?', '?', 0), (4, 0, '?', 5), (4, '?', 2, 5), (4, 3, '?', 0), (4, 0, 2, 5), (4, 1, '?', 0), (4, '?', '?', 5), (4, '?', 7, 5), (4, 1, '?', 5), (4, 3, '?', 0), (4, 3, '?', 0), (4, 3, '?', 5), (4, 3, '?', 5), (4, 1, '?', 0), (4, 5, '?', 5), (4, 3, '?', 5), (4, 3, '?', 0), (4, 3, '?', 5), (4, '?', '?', 0), (4, 1, 7, '?'), (4, 4, '?', 5)]"
"(11, 25, 15, 13, 0)","[(4, 3, 7, 5), (4, '?', 7, 0), (4, 0, 2, 5), (4, 0, 2, 5), (4, 0, 2, 0), (4, 0, 5, 5)]"
"(11, 25, 15, 14, 0)","[(4, 1, '?', 5), (4, 1, '?', 5), (4, 1, '?', 5)]"
"(11, 25, 15, 15, 0)","[(4, '?', '?', 0), (4, 1, '?', 5), (4, 0, 2, 0), (4, '?', '?', 0), (4, 3, 7, 5), (4, 3, '?', 5), (4, '?', '?', 5), (4, 5, 7, 5), (4, 1, '?', 5), (4, '?', '?', 5), (4, '?', '?', 5), (4, '?', '?', 0), (4, 0, '?', 5), (4, 3, '?', 0), (4, 0, '?', 5)]"
"(11, 25, 15, 16, 0)","[(4, 4, '?', 5), (4, 4, '?', 0)]"
"(11, 25, 15, 23, 0)","[(4, 3, '?', 5)]"
"(11, 25, 15, 25, 0)","[(4, 0, '?', 5), (4, 1, '?', 5), (4, 0, '?', 5), (4, 0, '?', 0)]"
"(11, 25, 15, 26, 0)","[(4, 7, 7, 0), (4, 2, 5, 5), (4, 7, '?', 0), (4, 2, '?', 0)]"
"(11, 25, 16, 4, 0)","[(4, 4, '?', 0), (4, 4, '?', 5), (4, 4, '?', 5)]"
"(11, 25, 16, 15, 0)","[(4, 5, 7, 0)]"
"(11, 25, 16, 16, 0)","[(4, 4, '?', 0), (4, 5, '?', 0), (4, 4, '?', 5)]"
"(11, 25, 17, 1, 0)","[(1, 1, '?', 5), (1, 1, '?', 0), (5, 1, '?', 0), (1, 1, '?', 5), (1, 0, '?', 5), (1, 0, '?', 5), (1, 1, '?', 0), (1, 1, '?', 5), (1, 0, '?', 0), (1, 1, '?', 5), (1, 1, '?', 0), (1, 1, '?', 5), (1, 0, '?', 5), (1, 0, '?', 5), (1, 0, '?', 5)]"
"(11, 25, 17, 3, 0)","[(5, 3, 5, 0), (1, 3, '?', 5)]"
"(11, 25, 17, 5, 0)","[(5, 1, 5, 5), (5, 0, '?', 5), (1, 1, '?', 5), (1, 1, 5, 5), (5, 0, '?', 5), (5, 0, '?', 5), (1, 0, '?', 0), (5, 0, '?', 0), (5, 0, '?', 0)]"
"(11, 25, 17, 6, 0)","[(1, 2, '?', 5), (5, 7, '?', 5), (1, 2, '?', 5), (5, 2, '?', 0), (1, 7, '?', 5), (5, 2, 5, 0), (1, 7, '?', 5)]"
"(11, 25, 17, 9, 0)","[(5, 5, '?', 5), (5, '?', '?', 0)]"
"(11, 25, 17, 10, 0)","[(5, 6, '?', 0), (1, '?', '?', 0), (5, 4, '?', 0), (5, 4, '?', 5), (1, 4, '?', 5)]"
"(11, 25, 17, 11, 0)","[(1, 4, '?', 5), (1, 4, '?', 0), (1, 4, '?', 0), (5, 4, '?', 5), (1, 6, '?', 0)]"
"(11, 25, 17, 16, 0)","[(1, 4, '?', 5), (5, 4, '?', 0), (1, 4, '?', 0), (1, 4, '?', 5), (5, 5, '?', 0), (1, 4, '?', 5), (5, 4, '?', 5), (1, 5, '?', 0), (1, 4, '?', 0), (5, 4, '?', 5)]"
"(11, 25, 17, 17, 0)","[(1, 4, 5, 0), (1, 4, 5, 0), (1, 4, '?', 5), (1, 4, 5, 0), (1, 4, '?', 5), (5, 4, '?', 0), (1, 7, '?', 5), (5, 4, '?', 5), (5, 4, '?', 0)]"
"(11, 25, 17, 19, 0)","[(1, 3, '?', 0)]"
"(11, 25, 17, 26, 0)","[(5, 2, '?', 0), (5, 2, 5, 5), (1, 7, '?', 0), (5, 2, '?', 0), (5, 2, '?', 5), (1, 7, '?', 0), (1, 2, '?', 5)]"
"(11, 25, 18, 1, 0)","[(0, 1, '?', 5), (0, 1, '?', 5)]"
"(11, 25, 18, 3, 0)","[(0, 3, '?', 5), (0, 3, '?', 5), (0, 3, '?', 5)]"
"(11, 25, 18, 5, 0)","[(0, 1, '?', 0), (0, 0, '?', 0), (0, 1, '?', 5), (0, 1, '?', 5), (0, 1, '?', 5), (0, 1, '?', 5)]"
"(11, 25, 18, 6, 0)","[(0, 2, '?', 5), (0, 7, '?', 0), (0, 2, '?', 5), (0, 2, '?', 5)]"
"(11, 25, 18, 12, 0)","[(0, '?', '?', 0), (0, '?', '?', 0)]"
"(11, 25, 18, 15, 0)","[(0, 5, '?', 5), (0, 5, '?', 5)]"
"(11, 25, 18, 16, 0)","[(0, 4, '?', 5), (0, 4, '?', 5), (0, 4, '?', 5)]"
"(11, 25, 18, 18, 0)","[(0, 4, '?', 5)]"
"(11, 25, 18, 22, 0)","[(0, '?', '?', 0), (0, 3, '?', 5)]"
"(11, 25, 18, 24, 0)","[(0, 1, '?', 5)]"
"(11, 25, 18, 25, 0)","[(0, 0, '?', 0), (0, 5, '?', 5)]"
"(11, 25, 18, 26, 0)","[(0, 7, '?', 5), (0, 7, '?', 0), (0, 7, '?', 0), (0, 7, '?', 0), (0, 2, '?', 5), (0, 7, '?', 0), (0, 7, '?', 5), (0, 2, '?', 5), (0, 7, '?', 0)]"
"(11, 25, 20, 6, 0)","[(0, 2, '?', 5)]"
"(11, 25, 20, 11, 0)","[(0, '?', '?', 0)]"
"(11, 25, 20, 25, 0)","[(2, 5, '?', 5), (2, 5, '?', 5)]"
"(11, 25, 21, 10, 0)","[(5, 6, '?', 5), (5, 6, '?', 5)]"
"(11, 25, 21, 17, 0)","[(1, 6, '?', 5)]"
"(11, 25, 21, 25, 0)","[('?', 6, 5, 0)]"
"(11, 25, 25, 1, 0)","[('?', 0, '?', 5), ('?', 0, '?', 0), ('?', 0, '?', 0), ('?', 0, '?', 0), (3, 1, '?', 0), ('?', 1, '?', 5), (3, 1, '?', 0)]"
"(11, 25, 25, 2, 0)","[(3, '?', '?', 0), (3, 0, '?', 5), (3, '?', '?', 0), (3, '?', '?', 0), (3, 4, '?', 5), (3, 0, '?', 5), (3, 1, '?', 0), (3, 0, '?', 5), (3, 0, '?', 5), (3, '?', '?', 5), (3, '?', '?', 5), (3, '?', '?', 5), (3, 0, '?', 5), (3, 0, '?', 0), (3, '?', '?', 0), (3, 7, '?', 5), (3, 0, '?', 5), (3, 0, '?', 5), (3, 1, '?', 5), (3, 6, '?', 5), (3, '?', '?', 0), (3, '?', '?', 5), (3, 0, '?', 0), (3, '?', '?', 5), (3, '?', '?', 5)]"
"(11, 25, 25, 3, 0)","[('?', 3, 7, 0), ('?', 3, '?', 0), ('?', 3, '?', 0), ('?', 3, '?', 0), ('?', 3, '?', 0), ('?', 3, '?', 0)]"
"(11, 25, 25, 5, 0)","[('?', 1, '?', 5), ('?', 1, 5, 5), ('?', 0, '?', 5), ('?', 0, '?', 5), (2, 1, '?', 5)]"
"(11, 25, 25, 6, 0)","[('?', 2, '?', 0), (1, 6, '?', 0), ('?', 2, '?', 5), ('?', 2, '?', 5), ('?', 7, '?', 5), (5, 7, '?', 5), ('?', 7, '?', 5), ('?', 2, '?', 0)]"
"(11, 25, 25, 8, 0)","[('?', 3, '?', 0), ('?', 3, '?', 0), (3, 3, '?', 0), (3, 3, '?', 0), ('?', 3, '?', 0)]"
"(11, 25, 25, 9, 0)","[('?', 4, '?', 0)]"
"(11, 25, 25, 11, 0)","[(3, 0, '?', 0), ('?', 1, 7, 0), ('?', 4, '?', 5), ('?', 0, '?', 5), ('?', 4, '?', 5), ('?', '?', '?', 5), ('?', 4, '?', 5), (3, 5, '?', 5)]"
"(11, 25, 25, 12, 0)","[('?', 0, '?', 5), ('?', '?', '?', 5)]"
"(11, 25, 25, 13, 0)","[(3, '?', 7, 0)]"
"(11, 25, 25, 14, 0)","[(3, 1, '?', 5), (3, 1, '?', 0), (3, 1, '?', 0), (3, 1, '?', 0), (3, 1, '?', 0), (3, 0, '?', 5)]"
"(11, 25, 25, 16, 0)","[(3, 5, '?', 5), (3, 5, '?', 5), (3, 6, '?', 5), (3, 5, '?', 5)]"
"(11, 25, 25, 23, 0)","[(3, 3, 7, 5), (3, 3, '?', 0), (3, 3, '?', 0)]"
"(11, 25, 25, 24, 0)","[('?', 1, '?', 0)]"
"(11, 25, 25, 25, 0)","[('?', 0, '?', 5), ('?', 0, '?', 0), ('?', 0, '?', 0), ('?', 0, '?', 5), ('?', '?', '?', 5), ('?', '?', '?', 5), ('?', '?', '?', 5), ('?', 0, '?', 0), ('?', '?', '?', 5), ('?', '?', '?', 5), ('?', 0, '?', 0), ('?', '?', '?', 5), ('?', '?', '?', 5), (2, 3, '?', 5)]"
"(11, 25, 25, 26, 0)","[('?', 7, 7, 0), (5, 7, 2, 5), ('?', 2, '?', 0), (5, 7, '?', 5), ('?', 2, '?', 5), ('?', 2, '?', 5), ('?', 2, '?', 0), (5, 7, '?', 5)]"
"(11, 25, 26, 2, 0)","[(3, 7, '?', 5), (3, 7, '?', 5), (3, 7, '?', 0), (3, 7, '?', 5), (3, 7, '?', 0), (3, 7, '?', 0), (3, 2, '?', 5)]"
"(11, 25, 26, 4, 0)","[('?', 2, '?', 5), ('?', 2, '?', 5), ('?', 2, '?', 0)]"
"(11, 25, 26, 6, 0)","[(3, 7, '?', 5), (3, 7, '?', 5)]"
"(11, 25, 26, 10, 0)","[(1, 7, 5, 0), (1, 2, 5, 5), (5, 2, '?', 0)]"
"(11, 25, 26, 11, 0)","[(3, 2, '?', 0), ('?', 7, '?', 5)]"
"(11, 25, 26, 13, 0)","[('?', 2, 7, 0)]"
"(11, 25, 26, 16, 0)","[(3, 7, '?', 5)]"
"(11, 25, 26, 23, 0)","[(3, 2, '?', 0)]"
"(11, 25, 26, 25, 0)","[('?', 2, '?', 0), ('?', 7, '?', 5), (5, 7, 5, 0), ('?', 7, '?', 5), ('?', 2, '?', 0), ('?', 2, '?', 5), (5, 7, '?', 5)]"
"(11, 25, 27, 11, 0)","[(0, '?', 7, 5)]"
"(11, 25, 27, 22, 0)","[(0, 3, 7, 0)]"
"(11, 25, 27, 24, 0)","[(0, 1, 7, 5), (0, 0, 2, 0)]"
"(11, 25, 27, 25, 0)","[(0, '?', 7, 5), (0, 0, 2, 5), (0, 0, 2, 0), (0, 0, 7, 5), (0, '?', 2, 5), (0, 0, 2, 0)]"
"(11, 25, 27, 26, 0)","[(0, 2, 2, 0)]"
"(11, 26, 2, 4, 0)","[(4, 7, 6, 5)]"
"(11, 26, 4, 2, 0)","[(3, 7, 6, 0), (3, 7, 6, 0), (3, 7, 6, 5)]"
"(11, 26, 4, 4, 0)","[(0, 2, 6, 0), (3, 2, 6, 0), ('?', 7, 6, 0)]"
"(11, 26, 4, 11, 0)","[(3, 2, 6, 0)]"
"(11, 26, 4, 12, 0)","[('?', 7, 6, 0)]"
"(11, 26, 4, 16, 0)","[(3, 2, 6, 0), (3, 7, 6, 5), (3, 7, 4, 0), (3, 7, 6, 5), (3, 2, 6, 0)]"
"(11, 26, 7, 11, 0)","[(0, 7, 6, 5)]"
"(11, 26, 7, 17, 0)","[(0, 2, 6, 0)]"
"(11, 26, 13, 2, 0)","[(3, 7, 2, 5), (3, 7, 7, 5), (3, 7, 2, 0), (3, 2, 2, 0)]"
"(11, 26, 13, 6, 0)","[(3, 2, 7, 0)]"
"(11, 26, 13, 11, 0)","[(3, 7, 7, 0)]"
"(11, 26, 13, 13, 0)","[('?', 7, 2, 5)]"
"(11, 26, 13, 16, 0)","[(3, 2, 2, 5), (3, 2, 7, 0), (3, 7, 7, 5), (3, 2, 2, 0), (3, 7, 7, 5), (3, 7, 7, 5), (3, 7, 2, 5), (3, 2, 7, 0)]"
"(11, 26, 13, 17, 0)","[(5, 7, 7, 0)]"
"(11, 26, 27, 11, 0)","[(0, 7, 2, 5)]"
"(11, 26, 27, 16, 0)","[(0, 7, 2, 0)]"
"(12, 1, 1, 4, 0)","[('?', 6, 0, 1)]"
"(12, 1, 1, 17, 0)","[(1, 6, 0, 2), (5, 6, 0, 2)]"
"(12, 1, 2, 9, 0)","[(4, 6, 1, 1), (4, 6, 1, 2), (4, 6, 1, 2), (4, 6, 1, 1), (4, 6, 1, 2), (4, 6, 1, 2), (4, 6, 1, 1), (4, 6, 1, 2)]"
"(12, 1, 2, 13, 0)","[(4, 6, 5, 2)]"
"(12, 1, 2, 16, 0)","[(4, 6, '?', 1), (4, 6, 5, 2)]"
"(12, 1, 4, 2, 0)","[(3, 6, 1, 2), (3, 6, 1, 1), (3, 6, 1, 2)]"
"(12, 1, 4, 12, 0)","[('?', 6, 1, 1), ('?', 6, 1, 1)]"
"(12, 1, 10, 9, 0)","[(5, 6, 1, 2), (1, 6, 1, 2), (5, 6, 1, 2), (5, 6, 1, 1), (5, 6, 1, 2), (1, 6, 1, 2)]"
"(12, 1, 10, 10, 0)","[(1, 6, 1, 2)]"
"(12, 1, 10, 11, 0)","[(1, 6, 0, 0), (1, 6, 0, 2)]"
"(12, 1, 10, 13, 0)","[(5, 6, 5, 2), (5, 6, 5, 2)]"
"(12, 1, 10, 17, 0)","[(1, 6, 1, 2), (1, 6, 1, 2)]"
"(12, 1, 10, 25, 0)","[(1, 6, 1, 2)]"
"(12, 1, 11, 1, 0)","[(5, 6, 3, 2), ('?', 6, 3, 2)]"
"(12, 1, 11, 2, 0)","[(3, 6, 3, 2), (3, 6, 3, 1)]"
"(12, 1, 11, 4, 0)","[('?', 6, 0, 1), (3, 6, 3, 2), ('?', 6, 0, 1)]"
"(12, 1, 11, 10, 0)","[(1, 6, 0, 2), (1, 6, 0, 2), (5, 6, 0, 1), (5, 6, 0, 2), (1, 6, 0, 2), (5, 6, 0, 2), (5, 6, 0, 1), (1, 6, 0, 2), (1, 6, 0, 2), (5, 6, 0, 2), (5, 6, 0, 2)]"
"(12, 1, 11, 11, 0)","[('?', 6, 3, 2), ('?', 6, 0, 2)]"
"(12, 1, 11, 12, 0)","[('?', 6, 3, 2), ('?', 6, 0, 1), ('?', 6, 0, 1), ('?', 6, 0, 1), ('?', 6, 3, 2), ('?', 6, 0, 2), ('?', 6, 0, 1), ('?', 6, 0, 1), ('?', 6, 0, 2), ('?', 6, 0, 2)]"
"(12, 1, 11, 16, 0)","[(3, 6, 3, 1), (3, 6, 3, 1), (3, 6, 3, 1), (3, 6, 3, 2), (3, 6, 3, 2), (3, 6, 3, 1), (3, 6, 3, 2)]"
"(12, 1, 11, 17, 0)","[(5, 6, 0, 1), (1, 6, 0, 2), (5, 6, 3, 2), (5, 6, 0, 1), (5, 6, 0, 2)]"
"(12, 1, 11, 25, 0)","[('?', 6, 3, 2), ('?', 6, 3, 2), ('?', 6, 3, 2), ('?', 6, 0, 2), (3, 6, 3, '?'), (3, 6, 3, 2), (3, 6, 3, 2)]"
"(12, 1, 12, 2, 0)","[(3, 6, 1, 2), (3, 6, 1, 1), (3, 6, 1, 1), (3, 6, 1, 1), (3, 6, 1, 1), (3, 6, 1, 1)]"
"(12, 1, 12, 4, 0)","[('?', 6, 1, 1)]"
"(12, 1, 12, 9, 0)","[('?', 6, 1, 1), (3, 6, 1, 2), (3, 6, 1, 2)]"
"(12, 1, 12, 12, 0)","[('?', 6, 1, 1), ('?', 6, 1, 1)]"
"(12, 1, 13, 11, 0)","[('?', 6, 5, 1), (5, 6, 5, 2), ('?', 6, 5, 2), ('?', 6, 5, 1)]"
"(12, 1, 13, 12, 0)","[('?', 6, 5, 2)]"
"(12, 1, 13, 13, 0)","[('?', 6, 5, 1)]"
"(12, 1, 13, 17, 0)","[(1, 6, 5, 1), (5, 6, 5, 2)]"
"(12, 1, 13, 21, 0)","[(0, 6, 5, 1)]"
"(12, 1, 13, 25, 0)","[('?', 6, 5, 2), (5, 6, 5, 2), ('?', 6, 5, 2), ('?', 6, 5, 1), (5, 6, 5, 2), ('?', 6, 5, 2), (5, 6, 5, 2)]"
"(12, 1, 15, 9, 0)","[(4, 6, 1, 1)]"
"(12, 1, 15, 13, 0)","[(4, 6, 5, 2)]"
"(12, 1, 15, 17, 0)","[(4, 6, 1, 1)]"
"(12, 1, 16, 11, 0)","[(4, 6, 0, 2), (4, 6, 0, 2), (4, 6, 3, 2), (4, 6, 0, 2)]"
"(12, 1, 16, 16, 0)","[(4, 6, 0, 2), (4, 6, 3, 2)]"
"(12, 1, 17, 1, 0)","[(5, 6, 3, 2), (5, 6, 3, 2)]"
"(12, 1, 17, 4, 0)","[(1, 6, 1, 1)]"
"(12, 1, 17, 9, 0)","[(5, 6, 1, 1)]"
"(12, 1, 17, 11, 0)","[(5, 6, 0, 1), (5, 6, 0, 1)]"
"(12, 1, 17, 12, 0)","[(1, 6, 1, 1), (5, 6, 1, 1)]"
"(12, 1, 17, 13, 0)","[(5, 6, 5, 2), (5, 6, 5, 2), (5, 6, 5, 2)]"
"(12, 1, 17, 16, 0)","[(5, 6, 0, 1), (5, 6, 3, 2), (5, 6, 0, 1), (5, 6, 0, 2), (5, 6, 3, 2)]"
"(12, 1, 17, 17, 0)","[(5, 6, 1, 2), (1, 6, 1, 1)]"
"(12, 1, 18, 10, 0)","[(0, 6, 0, 2)]"
"(12, 1, 18, 11, 0)","[(0, 6, 3, 2), (0, 6, 3, 1), (0, 6, 3, 2), (0, 6, 0, 2), (0, 6, 0, 2), (0, 6, 0, 1), (0, 6, 3, 1), (0, 6, 3, 2), (0, 6, 3, 2), (0, 6, 3, 2), (0, 6, 3, 2), (0, 6, 3, 1), (0, 6, 3, 1)]"
"(12, 1, 18, 12, 0)","[(0, 6, 0, 2), (0, 6, 3, 1)]"
"(12, 1, 18, 16, 0)","[(0, 6, 3, 2), (0, 6, 3, 1), (0, 6, 3, 2), (0, 6, 3, 1), (0, 6, 0, 1)]"
"(12, 1, 18, 18, 0)","[(0, 6, 3, 1)]"
"(12, 1, 18, 20, 0)","[(0, 6, 3, 1), (0, 6, 3, 2), (0, 6, 3, 2)]"
"(12, 1, 27, 11, 0)","[(0, 6, 5, 1)]"
"(12, 3, 3, 25, 0)","[(3, 5, '?', '?')]"
"(12, 3, 11, 2, 0)","[(3, 5, '?', 2)]"
"(12, 4, 2, 1, 0)","[(4, 1, 6, 2), (4, 0, 4, 2), (4, 1, 4, 1), (4, 0, 6, 1), (4, 0, 6, 1), (4, 1, 4, 1), (4, 1, 6, 1), (4, 1, 6, 1), (4, 1, 4, 1), (4, 0, 4, 2), (4, 1, 6, 2)]"
"(12, 4, 2, 4, 0)","[(4, 4, 6, '?')]"
"(12, 4, 2, 5, 0)","[(4, 1, 6, '?'), (4, 1, 6, '?'), (4, 1, 6, '?'), (4, 1, 6, '?')]"
"(12, 4, 2, 6, 0)","[(4, 2, 4, 1)]"
"(12, 4, 2, 9, 0)","[(4, 4, 4, '?')]"
"(12, 4, 2, 11, 0)","[(4, 4, 6, 1), (4, '?', 6, 1), (4, '?', 4, 1), (4, 2, 6, 1), (4, '?', 4, 1), (4, '?', 4, 1), (4, 5, 4, 1), (4, 4, 4, 1)]"
"(12, 4, 2, 16, 0)","[(4, 5, 4, 2), (4, 5, 6, 1), (4, 5, 4, '?')]"
"(12, 4, 2, 17, 0)","[(4, 1, 4, '?'), (4, 4, 4, '?')]"
"(12, 4, 2, 19, 0)","[(4, 3, 4, 1)]"
"(12, 4, 2, 26, 0)","[(4, 2, 6, '?'), (4, 7, 4, '?')]"
"(12, 4, 3, 2, 0)","[(3, 5, 6, '?'), (3, 5, 6, '?')]"
"(12, 4, 3, 4, 0)","[('?', 5, 6, '?'), ('?', 5, 6, '?')]"
"(12, 4, 3, 7, 0)","[(0, 5, 4, '?'), (0, 5, 6, '?'), (0, 5, 6, '?'), (0, 5, 6, '?'), (0, 5, 6, '?')]"
"(12, 4, 3, 12, 0)","[('?', 5, 6, '?'), (7, 5, 6, '?')]"
"(12, 4, 4, 1, 0)","[(3, 0, 6, 1), ('?', 0, 6, 2), ('?', 1, 6, 2), ('?', 1, 4, 1), ('?', 1, 6, 1), (0, 0, 4, 1), ('?', 1, 6, 2), (2, 0, 6, 1), (2, 0, 6, 1), (3, 0, 6, 1), (4, 1, 4, 1)]"
"(12, 4, 4, 2, 0)","[(3, 4, 4, '?')]"
"(12, 4, 4, 4, 0)","[(5, 4, 4, '?'), (1, 4, 4, '?'), (5, 4, 4, '?'), (4, 4, 6, 5), (5, 4, 4, '?'), ('?', 4, 4, '?')]"
"(12, 4, 4, 5, 0)","[('?', 0, 6, '?'), (2, 1, 6, '?'), ('?', 1, 4, '?'), ('?', 0, 4, 6)]"
"(12, 4, 4, 9, 0)","[(4, 4, 4, '?'), ('?', 4, 6, '?'), ('?', 4, 6, '?'), (4, 4, 4, '?'), (5, 4, 4, '?')]"
"(12, 4, 4, 11, 0)","[('?', 4, 4, 1), ('?', 5, 4, 1), (5, 4, 6, 2), ('?', 4, 6, 1), (2, 4, 6, 1), ('?', 2, 6, 1), ('?', 2, 6, 1), ('?', 4, 4, 2), ('?', 4, 4, 2), ('?', 4, 4, 1), ('?', 4, 4, 2), ('?', 4, 4, 1), ('?', 4, 6, 1), ('?', 5, 4, 2), ('?', 4, 6, 2), (5, 4, 4, 1), ('?', 4, 4, 1), ('?', 4, 6, 1), ('?', 4, 6, 1), ('?', 4, 6, 1)]"
"(12, 4, 4, 12, 0)","[('?', 4, 4, '?'), ('?', 4, 6, '?')]"
"(12, 4, 4, 14, 0)","[(3, 1, 4, '?'), (3, 0, 6, 2), (3, 1, 6, 2), (3, 1, 6, 2), (3, 1, 4, '?')]"
"(12, 4, 4, 16, 0)","[(3, 5, 4, 2), (3, 4, 6, 2), (3, 5, 4, 1), (3, 5, 4, 2), (3, 4, 4, 1), (3, 4, 4, '?')]"
"(12, 4, 4, 18, 0)","[(0, 4, 4, 2)]"
"(12, 4, 4, 19, 0)","[(3, 3, 6, 1)]"
"(12, 4, 4, 25, 0)","[('?', 4, 6, '?')]"
"(12, 4, 6, 12, 0)","[('?', 2, 4, 1)]"
"(12, 4, 7, 1, 0)","[(0, 0, 4, 1), (0, 1, 4, 2), (0, 0, 4, 1), (0, 0, 4, 2), (0, 1, 6, 2), (0, 1, 6, 1), (0, 0, 6, 2), (0, 1, 4, 1), (0, 0, 6, '?')]"
"(12, 4, 7, 3, 0)","[(0, 3, 6, '?')]"
"(12, 4, 7, 5, 0)","[(0, 1, 4, '?'), (0, 0, 6, 6), (0, 0, 6, '?'), (0, 1, 6, '?'), (0, 1, 6, 7), (0, 1, 6, '?'), (0, 1, 6, '?'), (0, 1, 4, '?'), (0, 1, 4, 2), (0, 0, 6, '?'), (0, 0, 4, '?')]"
"(12, 4, 7, 10, 0)","[(0, 5, 6, 0), (0, 4, 4, 6)]"
"(12, 4, 7, 11, 0)","[(0, 4, 6, 1)]"
"(12, 4, 7, 16, 0)","[(0, 4, 6, 2), (0, 5, 4, 1), (0, 5, 6, 1), (0, 4, 6, 2), (0, 5, 6, 1), (0, 4, 4, 2), (0, 5, 6, 1), (0, 4, 6, 1)]"
"(12, 4, 7, 17, 0)","[(0, 4, 6, 6), (0, 4, 6, 6), (0, 4, 6, 7), (0, 4, 4, 6), (0, 4, 6, 6)]"
"(12, 4, 7, 18, 0)","[(0, 4, 6, 1)]"
"(12, 4, 7, 19, 0)","[(0, 3, 4, 1), (0, 4, 6, 2)]"
"(12, 4, 8, 4, 0)","[('?', 5, 6, 1)]"
"(12, 4, 8, 16, 0)","[(3, 5, 6, 1)]"
"(12, 4, 11, 2, 0)","[(3, 4, 4, 2), (3, 4, 6, 2), (3, 4, 4, 2)]"
"(12, 4, 11, 4, 0)","[('?', 5, 4, 2)]"
"(12, 4, 11, 5, 0)","[('?', 1, 6, 1)]"
"(12, 4, 11, 11, 0)","[('?', 4, 6, 1)]"
"(12, 4, 11, 14, 0)","[(3, 0, 6, 2), (3, 1, 6, 2)]"
"(12, 4, 11, 16, 0)","[(3, 4, 4, 1), (3, 4, 6, 1), (3, 4, 6, 2), (3, 4, 6, 1), (3, 5, 6, 1)]"
"(12, 4, 11, 23, 0)","[(3, 3, 6, 1)]"
"(12, 4, 12, 11, 0)","[('?', 5, 4, 1)]"
"(12, 4, 16, 16, 0)","[(4, 5, 6, 2)]"
"(12, 4, 18, 18, 0)","[(0, 4, 6, 2), (0, 4, 6, 1), (0, 4, 6, 2)]"
"(12, 4, 20, 17, 0)","[(2, 4, 6, '?')]"
"(12, 6, 2, 6, 0)","[(4, 7, 1, 2), (4, 7, 1, 2)]"
"(12, 6, 2, 17, 0)","[(4, 7, 1, 2)]"
"(12, 6, 4, 2, 0)","[(3, 7, 1, 2), (3, 2, 1, 2)]"
"(12, 6, 4, 4, 0)","[(3, 2, 1, 1), (3, 2, 1, 2), ('?', 7, 1, 1), (3, 7, 1, 1), ('?', 2, 1, 1), (3, 2, 1, 2), (3, 7, 1, 1), (3, 2, 1, 1), (3, 2, 1, 1), (3, 2, 1, 2), ('?', 2, 1, 1), ('?', 7, 1, 2), (3, 2, 1, 1)]"
"(12, 6, 4, 6, 0)","[(4, 7, 1, 2), ('?', 7, 1, 2)]"
"(12, 6, 4, 7, 0)","[(0, 2, 1, 1)]"
"(12, 6, 4, 12, 0)","[('?', 7, 1, 1), (3, 7, 1, 2)]"
"(12, 6, 4, 26, 0)","[(3, 2, 1, 1), ('?', 2, 1, 1), (0, 2, 1, 1)]"
"(12, 6, 6, 2, 0)","[(3, 2, 3, 2), (3, 2, 3, 2), (3, 2, 3, 2), (3, 7, 3, 1), (3, 2, 3, 2), (3, 2, 0, 2)]"
"(12, 6, 6, 6, 0)","[('?', 2, 0, 2), ('?', 2, 0, 2), ('?', 2, 3, 2), (1, 7, 0, 1), ('?', 7, 3, 2), (5, 7, 3, 2), ('?', 2, 3, 2), ('?', 7, 3, 2), ('?', 7, 0, 1), ('?', 2, 0, 1), ('?', 7, 3, 2), (1, 2, 0, 1), ('?', 2, 3, 2), (1, 7, 0, 2), ('?', 7, 3, 2), ('?', 7, 0, 1), (5, 2, 3, 1), (1, 2, 3, 2), ('?', 7, 0, 1)]"
"(12, 6, 6, 10, 0)","[(1, 2, 3, 1), (1, 7, 0, 1), (1, 2, 3, 1), (5, 2, 0, 1), (5, 7, 3, 1)]"
"(12, 6, 6, 11, 0)","[(0, 2, 3, 1), (0, 2, 3, 1), ('?', 2, 0, 1), ('?', 2, 0, 1), ('?', 2, 3, 2), ('?', 2, 0, 1), ('?', 2, 0, 2)]"
"(12, 6, 6, 16, 0)","[(3, 2, 3, 1), (3, 7, 3, 1), (3, 7, 0, 2), (3, 7, 3, 2), (3, 7, 3, 1), (3, 2, 3, 1), (3, 7, 0, 1), (3, 7, 3, 2), (3, 2, 0, 2), (3, 7, 3, 1), (3, 2, 3, 1), (3, 7, 0, 1), (3, 7, 0, 2), (3, 7, 3, 1), (3, 2, 3, 2), (3, 7, 3, 1), (3, 2, 3, 2)]"
"(12, 6, 6, 17, 0)","[(1, 7, 0, 2), (5, 2, 3, 2), (1, 7, 0, 1), (1, 2, 3, 2), (1, 2, 3, 1), (5, 2, 3, 1), (5, 2, 0, 1), (1, 2, 0, 2), (1, 2, 0, 2), (5, 2, 0, 1), (5, 2, 3, 2), (1, 7, 0, 1), (1, 7, 3, 1), (1, 2, 0, 2), (1, 2, 0, 2), (1, 2, 0, 1), (5, 2, 3, 1), (5, 2, 3, 2), (1, 2, 3, 1), (5, 7, 0, 2), (5, 2, 3, 1), (5, 7, 3, 2), (5, 7, 3, 2), (5, 7, 3, 1), (5, 2, 3, 2), (5, 7, 0, 2), (5, 7, 3, 1), (1, 2, 3, 2), (1, 2, 0, 1)]"
"(12, 6, 7, 10, 0)","[(0, 7, 1, 2), (0, 2, 1, 2), (0, 2, 1, 2), (0, 7, 1, 2)]"
"(12, 6, 7, 17, 0)","[(0, 7, 1, 2), (0, 7, 1, 2), (0, 7, 1, 1), (0, 7, 1, 2), (0, 2, 1, 2), (0, 2, 1, 2), (0, 7, 1, 1), (0, 2, 1, 2), (0, 7, 1, 2), (0, 7, 1, 1), (0, 7, 1, 1), (0, 7, 1, 1)]"
"(12, 6, 10, 6, 0)","[(1, 7, 0, 2)]"
"(12, 6, 10, 9, 0)","[(1, 7, 1, 2), (1, 7, 1, 2), (5, 7, 1, 1), (5, 7, 1, 1), (5, 7, 1, 1), (1, 7, 1, 2)]"
"(12, 6, 10, 10, 0)","[(1, 7, 1, 1)]"
"(12, 6, 10, 17, 0)","[(1, 2, 1, 1), (1, 7, 1, 1), (1, 2, 1, 1), (1, 2, 5, 1)]"
"(12, 6, 10, 26, 0)","[(1, 7, 1, 1), (1, 7, 5, 1), (1, 2, 5, 1), (5, 7, 5, 1)]"
"(12, 6, 11, 2, 0)","[(3, 2, 3, 2), (3, 2, 0, 2), (3, 7, 3, 2), (3, 7, 0, 1), (3, 2, 0, 2), (3, 7, 3, 2), (3, 2, 3, 1), (3, 7, 0, 1), (3, 7, 0, 1), (3, 7, 3, 2), (3, 7, 3, 1), (3, 2, 3, 1), (3, 7, 0, 1), (3, 2, 3, 1), (3, 7, 0, 2), (3, 2, 3, 1)]"
"(12, 6, 11, 4, 0)","[('?', 2, 0, 2)]"
"(12, 6, 11, 6, 0)","[('?', 2, 0, 1), ('?', 2, 0, 1), ('?', 2, 3, 2)]"
"(12, 6, 11, 15, 0)","[(3, 2, 0, 2)]"
"(12, 6, 11, 17, 0)","[(5, 2, 3, 2), (5, 2, 0, 1)]"
"(12, 6, 12, 2, 0)","[(3, 2, 1, 2), (3, 2, 1, 1), (3, 2, 1, 1), (3, 7, 1, 1), (3, 2, 1, 2), (3, 2, 1, 1), (3, 7, 1, 1), (3, 2, 1, 2), (3, 2, 1, 2)]"
"(12, 6, 12, 6, 0)","[('?', 7, 1, 2), (3, 7, 1, 2), ('?', 7, 1, 1), ('?', 2, 1, 2), (5, 7, 1, 2), (6, 7, 1, 2), ('?', 2, 1, 1), (3, 7, 1, 2), ('?', 2, 1, 2), (1, 7, 1, 2), (3, 7, 1, 2), (3, 7, 1, 2), ('?', 7, 1, 1), ('?', 2, 1, 1), (3, 7, 1, 2), ('?', 2, 1, 2)]"
"(12, 6, 12, 9, 0)","[('?', 2, 1, 2), ('?', 7, 1, 1), ('?', 2, 1, 1), (5, 2, 1, 1)]"
"(12, 6, 12, 10, 0)","[(5, 7, 1, 1), (5, 7, 1, 1)]"
"(12, 6, 12, 17, 0)","[(1, 7, 1, 1), (5, 7, 1, 2), (5, 7, 1, 2), (5, 7, 1, 2), (5, 7, 1, 1), (1, 7, 1, 2)]"
"(12, 6, 12, 26, 0)","[('?', 2, 1, 1), ('?', 2, 1, 2), ('?', 7, 1, 2), ('?', 7, 1, 1), ('?', 7, 1, 2), ('?', 7, 1, 1), ('?', 7, 1, 2), ('?', 2, 1, 1), ('?', 2, 1, 2), ('?', 7, 1, 2), (3, 2, 1, 1), ('?', 2, 1, 1)]"
"(12, 6, 13, 2, 0)","[(3, 7, 5, 1), (3, 2, 5, 1), (3, 2, 5, 1)]"
"(12, 6, 13, 6, 0)","[('?', 2, 5, 2), ('?', 2, 5, 2), (4, 7, 5, 2), ('?', 7, 5, 2), (3, 7, 5, 1), (3, 2, 5, 2), (5, 7, 5, 1), (2, 2, 5, 2), ('?', 7, 5, 1), (3, 2, 5, 2), (3, 2, 5, 1), (3, 7, 5, 1), (4, 2, 5, 1), ('?', 2, 5, 2), (4, 7, 5, 2), (3, 7, 5, 1), (3, 7, 5, 1), ('?', 2, 5, 1), (3, 2, 5, 1), ('?', 7, 5, 1), ('?', 2, 5, 1), (4, 2, 5, 1), (5, 7, 5, 1), ('?', 2, 5, 1), ('?', 7, 5, 2)]"
"(12, 6, 13, 10, 0)","[(1, 2, 5, 1), (5, 2, 5, 1), (5, 7, 5, 1), (5, 2, 5, 1), (1, 7, 5, 2), (1, 2, 5, 1)]"
"(12, 6, 13, 11, 0)","[(4, 7, 5, 1), (3, 7, 5, 1), (0, 2, 5, 1), (0, 2, 5, 1)]"
"(12, 6, 13, 13, 0)","[(2, 2, 5, 1), ('?', 7, 5, 1), (2, 2, 5, 1), ('?', 2, 5, 2)]"
"(12, 6, 13, 15, 0)","[(3, 2, 5, 2)]"
"(12, 6, 13, 16, 0)","[(3, 2, 5, 2), (3, 2, 5, 1), (3, 2, 5, 2), (3, 2, 5, 2), (3, 2, 5, 2), (3, 2, 5, 2), (4, 7, 5, 1), (3, 2, 5, 1)]"
"(12, 6, 13, 17, 0)","[(1, 2, 5, 1), (5, 2, 5, 1), (5, 2, 5, 2), (5, 7, 5, 1), (5, 2, 5, 1), (1, 7, 5, 2), (1, 7, 5, 1), (5, 2, 5, 2), (1, 7, 5, 2), (5, 2, 5, 2), (5, 2, 5, '?'), (1, 7, 5, 1), (5, 2, 5, 1), (1, 7, 5, 2), (5, 2, 5, 2)]"
"(12, 6, 13, 25, 0)","[(2, 2, 5, 1), (5, 2, 5, 2), ('?', 7, 5, 1), (5, 2, 5, 2), ('?', 7, 5, 2), (5, 2, 5, 1), ('?', 7, 5, 1), (5, 7, 5, 1)]"
"(12, 6, 13, 26, 0)","[('?', 2, 5, 1)]"
"(12, 6, 15, 13, 0)","[(4, 2, 5, 1), (4, 2, 5, 1), (4, 2, 5, 1)]"
"(12, 6, 16, 6, 0)","[(4, 2, 0, 1), (4, 7, 3, 2), (4, 7, 3, 1)]"
"(12, 6, 16, 16, 0)","[(4, 2, 0, 2), (4, 2, 0, 2), (4, 7, 3, 1), (4, 2, 3, 2), (4, 2, 3, 2), (4, 2, 3, 2), (4, 7, 3, 2), (4, 2, 0, 2), (4, 2, 0, 1), (4, 2, 0, 1)]"
"(12, 6, 17, 4, 0)","[(5, 7, 1, 2), (1, 2, 1, 1), (1, 7, 1, 2), (5, 2, 1, 2)]"
"(12, 6, 17, 6, 0)","[(5, 7, 3, 2), (5, 2, 1, 2), (5, 2, 1, 1)]"
"(12, 6, 17, 9, 0)","[(5, 7, 1, 2), (5, 2, 1, 2), (5, 7, 1, 1), (5, 2, 1, 1)]"
"(12, 6, 17, 13, 0)","[(5, 7, 5, 1), (1, 2, 5, 1), (1, 7, 5, 2)]"
"(12, 6, 17, 17, 0)","[(1, 7, 3, 1), (5, 2, 1, 1), (1, 2, 1, 1), (5, 2, 1, 2), (1, 2, 1, 1), (1, 7, 1, 2), (5, 7, 1, 2), (1, 7, 1, 1), (5, 2, 1, 2), (5, 2, 1, 1), (1, 7, 1, 1), (1, 7, 1, 2), (5, 7, 1, 1), (5, 7, 1, 2), (5, 2, 1, 1), (5, 7, 1, 1)]"
"(12, 6, 17, 26, 0)","[(5, 2, 1, 2)]"
"(12, 6, 18, 6, 0)","[(0, 2, 0, 1), (0, 2, 3, 2), (0, 2, 0, 2), (0, 7, 0, 2), (0, 7, 0, 2), (0, 7, 0, 1), (0, 7, 0, 1), (0, 2, 3, 1), (0, 2, 0, 2), (0, 2, 3, 2), (0, 7, 3, 2), (0, 7, 3, 2), (0, 7, 3, 2), (0, 7, 0, 2)]"
"(12, 6, 18, 16, 0)","[(0, 7, 0, 1)]"
"(12, 6, 25, 10, 0)","[(1, 7, 5, 1)]"
"(12, 6, 25, 16, 0)","[(3, 7, '?', 1)]"
"(12, 6, 25, 17, 0)","[(1, 7, 5, 1)]"
"(12, 6, 25, 26, 0)","[(1, 7, 5, 1)]"
"(12, 6, 27, 6, 0)","[(0, 7, 5, 2), (0, 2, 5, 2), (0, 7, 5, 2), (0, 7, 5, 2)]"
"(12, 6, 27, 26, 0)","[(0, 7, 5, 1)]"
"(12, 7, 3, 25, 0)","[(7, 5, '?', 6)]"
"(12, 7, 10, 5, 0)","[(7, 1, 6, 6)]"
"(12, 7, 10, 10, 0)","[(7, 5, 6, 6)]"
"(12, 7, 10, 12, 0)","[(7, '?', 6, 1)]"
"(12, 7, 10, 17, 0)","[(7, 5, 6, 6)]"
"(12, 7, 17, 11, 0)","[(7, 4, 6, 1)]"
"(12, 7, 17, 12, 0)","[(7, 5, 6, 6)]"
"(12, 7, 25, 25, 0)","[(7, 5, '?', 6)]"
"(12, 8, 4, 3, 0)","[(3, 5, 1, 2)]"
"(12, 8, 4, 4, 0)","[(3, 5, 1, 1)]"
"(12, 8, 4, 9, 0)","[('?', 5, 1, 2)]"
"(12, 8, 7, 17, 0)","[(0, 5, 1, 3)]"
"(12, 8, 11, 2, 0)","[(3, 5, 3, 2), (3, 5, 3, 1), (3, 5, 0, 1), (3, 5, 0, 1), (3, 5, 0, 1), (3, 5, 3, 2)]"
"(12, 8, 11, 3, 0)","[(3, 5, 0, 2)]"
"(12, 8, 11, 16, 0)","[(3, 5, 0, 2), (3, 5, 3, 1), (3, 5, 3, 1), (3, 5, 3, 2), (3, 5, 3, 1), (3, 5, 3, 1)]"
"(12, 8, 11, 17, 0)","[(5, 5, 3, 2)]"
"(12, 8, 11, 22, 0)","[(3, 5, 3, 2), (3, 5, 0, 2)]"
"(12, 8, 13, 2, 0)","[(3, 5, 5, 2)]"
"(12, 8, 13, 9, 0)","[(7, 5, 5, 2)]"
"(12, 8, 13, 11, 0)","[('?', 5, 5, 2), ('?', 5, 5, 1), (3, 5, 5, 2), ('?', 5, 5, 2)]"
"(12, 8, 13, 16, 0)","[(3, 5, 5, 1)]"
"(12, 8, 13, 22, 0)","[(3, 5, 5, 2)]"
"(12, 8, 17, 13, 0)","[(5, 5, 5, 1), (5, 5, 5, 2), (5, 5, 5, 2), (1, 5, 5, 2)]"
"(12, 8, 17, 16, 0)","[(5, 5, 0, 1)]"
"(12, 8, 18, 16, 0)","[(0, 5, 3, 2), (0, 5, 3, 2), (0, 5, 0, 2), (0, 5, 0, 1), (0, 5, 3, 2)]"
"(12, 8, 25, 16, 0)","[(3, 5, '?', 2)]"
"(12, 8, 25, 23, 0)","[(3, 5, 5, 2), (3, 5, 5, 1)]"
"(12, 8, 27, 16, 0)","[(0, 5, 5, 2), (0, 5, 5, 1), (0, 5, 5, 2), (0, 5, 5, 2)]"
"(12, 9, 1, 2, 0)","[(3, 6, 3, '?'), (3, 6, 3, '?'), (3, 6, 3, '?')]"
"(12, 9, 1, 4, 0)","[('?', 6, 3, '?')]"
"(12, 9, 1, 5, 0)","[('?', 1, 3, '?')]"
"(12, 9, 1, 10, 0)","[(5, 6, 0, '?'), (1, 6, 3, 5), (5, 6, 0, '?'), (1, 6, 3, 5), (1, 6, 0, 0), (1, 6, 3, 0), (1, 6, 3, 0), (1, 6, 0, '?'), (1, 6, 3, 5), (1, 6, 0, '?'), (1, 6, 0, '?'), (1, 6, 3, 0), (5, 6, 0, '?'), (1, 6, 3, 0), (1, 6, 3, 0), (1, 6, 3, 5), (1, 6, 3, 0), (1, 6, 0, '?'), (1, 6, 3, '?'), (5, 6, 0, '?'), (1, 6, 3, 5)]"
"(12, 9, 1, 11, 0)","[('?', 6, 0, '?'), ('?', 6, 3, '?'), ('?', 6, 3, '?'), ('?', 6, 0, '?'), ('?', 6, 0, '?'), ('?', 6, 0, '?')]"
"(12, 9, 1, 17, 0)","[(5, 6, 0, '?'), (1, 6, 3, '?'), (1, 6, 0, 5), (5, 6, 0, '?'), (5, 6, 0, '?'), (1, 6, 0, '?'), (1, 6, 3, '?'), (1, 6, 3, 5), (1, 6, 0, '?'), (1, 6, 3, '?')]"
"(12, 9, 1, 18, 0)","[(0, 6, 0, 5), (0, 6, 0, '?'), (0, 6, 3, 5), (0, 6, 0, '?'), (0, 6, 0, '?'), (0, 6, 0, '?'), (0, 6, 0, '?'), (0, 6, 0, '?')]"
"(12, 9, 1, 24, 0)","[('?', 6, 0, '?'), ('?', 6, 0, 5), ('?', 6, 0, '?'), ('?', 6, 3, '?'), ('?', 6, 0, '?'), ('?', 6, 0, '?')]"
"(12, 9, 1, 25, 0)","[('?', 6, 3, '?'), ('?', 6, 3, '?'), ('?', 6, 3, '?')]"
"(12, 9, 2, 3, 0)","[(4, 3, 1, '?')]"
"(12, 9, 2, 4, 0)","[(4, 5, 1, '?'), (4, 4, 1, 5), (4, '?', 1, 5), (4, 4, 1, 5), (4, 4, 1, 5), (4, 4, 1, 5)]"
"(12, 9, 2, 5, 0)","[(4, 1, 1, '?')]"
"(12, 9, 2, 9, 0)","[(4, 1, 1, '?'), (4, 4, 1, 5), (4, 4, 1, 0), (4, 4, 1, 5), (4, 3, 1, 0), (4, 4, 1, 6)]"
"(12, 9, 2, 16, 0)","[(4, 4, 5, '?'), (4, 4, 5, '?'), (4, 5, 5, '?'), (4, 5, 5, '?')]"
"(12, 9, 2, 23, 0)","[(4, 5, 5, '?')]"
"(12, 9, 2, 26, 0)","[(4, 7, 1, '?'), (4, 2, 1, '?'), (4, 7, 1, '?'), (4, 2, 1, '?'), (4, 2, 5, '?'), (4, 7, 1, '?'), (4, 7, 1, '?'), (4, 2, 5, '?'), (4, 2, 1, '?')]"
"(12, 9, 3, 2, 0)","[(3, 5, '?', '?'), (3, 5, 1, 3), (3, 5, 1, 4), (3, 5, 1, 4), (3, 5, '?', '?'), (3, 5, 1, 3), (3, 5, 1, 3)]"
"(12, 9, 3, 4, 0)","[(6, 5, 1, '?')]"
"(12, 9, 3, 7, 0)","[(0, 5, 1, '?'), (0, 5, 1, '?'), (0, 5, 1, '?'), (0, 5, 1, 3)]"
"(12, 9, 3, 12, 0)","[('?', 5, 1, '?'), (0, 5, 1, 4), (7, 5, 1, 6), (0, 5, 1, 4), (3, 5, 1, 4), ('?', 5, 1, '?'), (7, 5, 1, 6), ('?', 5, 1, '?'), ('?', 5, 1, '?'), ('?', 5, 1, 4), ('?', 5, 1, '?'), (2, 5, 1, '?'), (0, 5, 1, 6)]"
"(12, 9, 3, 13, 0)","[('?', 5, 5, 4), (2, 5, 5, '?'), (7, 5, 5, 6), (7, 5, 5, 6), (7, 5, 5, '?'), (2, 5, 5, '?'), (7, 5, 5, 6), (7, 5, 5, 6), (7, 5, 5, 6), (7, 5, 5, 7), (2, 5, 5, '?'), (7, 5, 5, '?')]"
"(12, 9, 3, 17, 0)","[(1, 5, 5, '?'), (1, 5, 5, '?'), (5, 5, '?', '?')]"
"(12, 9, 3, 20, 0)","[(7, 5, 1, 6)]"
"(12, 9, 3, 25, 0)","[(7, 5, 5, '?'), (7, 5, 5, '?')]"
"(12, 9, 3, 27, 0)","[(0, 5, 5, '?'), (7, 5, 5, 6), (0, 5, 5, '?'), (0, 5, 5, 0), (0, 5, 5, '?'), (0, 5, 5, '?'), (0, 5, 5, 0), (0, 5, 5, 6), (0, 5, 5, '?'), (0, 5, 5, 0), (0, 5, 5, 6), (0, 5, 5, 6), (0, 5, 5, '?'), (0, 5, 5, 6), (0, 5, 5, 6), (0, 5, 5, 0), (0, 5, 5, 6), (0, 5, 5, 0), (0, 5, 5, '?')]"
"(12, 9, 4, 2, 0)","[(3, 4, 1, '?'), (3, 4, 1, 5), (3, 4, 1, '?'), (3, 4, 1, 0), (3, 0, 1, '?'), (3, 4, 1, '?')]"
"(12, 9, 4, 3, 0)","[('?', 3, 1, 6)]"
"(12, 9, 4, 4, 0)","[(3, 4, 1, 0), (3, 4, 1, 0), (3, 4, 1, '?'), (3, 4, 1, '?')]"
"(12, 9, 4, 7, 0)","[(0, 4, 1, '?')]"
"(12, 9, 4, 9, 0)","[(0, 0, 1, '?'), (2, 4, 1, 0), (3, 4, 1, '?'), ('?', 4, 1, 0), (2, 4, 1, '?'), (3, 0, 1, '?')]"
"(12, 9, 4, 10, 0)","[(5, 5, 1, '?'), (1, 5, 1, '?'), (1, 4, 1, '?')]"
"(12, 9, 4, 12, 0)","[(0, 4, 1, 4), (3, '?', 1, '?'), (3, 4, 1, 5), ('?', 5, 1, '?'), (7, 5, 1, 7), ('?', 4, 1, 0), (3, '?', 1, '?')]"
"(12, 9, 4, 16, 0)","[(3, 4, 1, 5)]"
"(12, 9, 4, 18, 0)","[(0, 4, 1, '?'), (0, 4, 1, '?'), (0, 4, 1, 6)]"
"(12, 9, 4, 20, 0)","[(2, 0, 1, '?')]"
"(12, 9, 4, 25, 0)","[('?', 4, 1, 0), ('?', 4, '?', 6)]"
"(12, 9, 6, 2, 0)","[(3, 7, 3, '?'), (3, 7, 3, '?'), (3, 2, 3, '?'), (3, 7, 3, '?')]"
"(12, 9, 6, 6, 0)","[('?', 7, 3, '?'), ('?', 2, 0, '?'), ('?', 2, 3, '?'), ('?', 7, 3, '?'), (5, 7, 3, '?'), ('?', 2, 3, '?'), (5, 7, 3, '?'), (5, 2, 0, '?'), (5, 2, 0, '?')]"
"(12, 9, 6, 10, 0)","[(5, 2, 3, '?'), ('?', 2, 3, '?'), (1, 7, 0, '?'), (1, 2, 0, '?'), (5, 7, 0, '?'), (5, 7, 0, '?'), (1, 7, 3, 0), (5, 2, 0, '?'), (5, 2, 0, '?'), (5, 2, 3, '?'), (1, 7, 0, '?'), (5, 2, 0, '?'), (5, 7, 3, '?'), (5, 7, 3, '?'), (5, 7, 0, '?'), (5, 2, 0, '?'), (5, 2, 3, '?'), (5, 7, 3, '?'), (1, 2, 0, '?'), (5, 7, 0, '?'), (5, 7, 3, '?')]"
"(12, 9, 6, 11, 0)","[('?', 2, 3, '?'), ('?', 2, 0, '?')]"
"(12, 9, 6, 12, 0)","[('?', 2, 0, '?')]"
"(12, 9, 6, 15, 0)","[('?', 2, 3, '?')]"
"(12, 9, 6, 16, 0)","[(3, 2, 3, '?'), (3, 7, 3, '?'), (3, 7, 3, '?'), (3, 2, 3, '?'), (3, 2, 3, '?'), (3, 2, 3, '?'), (3, 7, 3, '?'), (3, 2, 3, '?'), (3, 2, 3, '?')]"
"(12, 9, 6, 17, 0)","[(5, 2, 0, '?'), (1, 2, 0, '?'), (5, 7, 0, '?'), (5, 2, 3, '?'), (1, 7, 0, '?'), (5, 2, 3, '?'), (5, 2, 0, '?'), (5, 2, 3, '?'), (1, 7, 3, '?'), (5, 7, 0, '?'), (1, 2, 0, '?'), (5, 2, 0, '?'), (5, 7, 0, '?'), (1, 7, 3, '?')]"
"(12, 9, 6, 18, 0)","[(0, 2, 3, '?'), (0, 2, 3, 6), (0, 2, 3, '?'), (0, 2, 3, '?'), (0, 2, 3, '?')]"
"(12, 9, 6, 25, 0)","[('?', 2, 0, '?'), ('?', 7, 3, '?'), ('?', 2, 0, '?'), ('?', 7, 3, '?'), ('?', 2, 0, '?'), ('?', 7, 3, '?'), ('?', 2, 3, '?'), ('?', 2, 0, '?'), ('?', 2, 3, '?')]"
"(12, 9, 7, 2, 0)","[(0, 4, 1, 3), (0, 4, 1, '?')]"
"(12, 9, 7, 3, 0)","[(0, 3, 1, 6), (0, 3, 1, 6), (0, 3, 1, 6), (0, 3, 1, 7), (0, 3, 1, 6), (0, 3, 1, 7), (0, 3, 1, 6)]"
"(12, 9, 7, 4, 0)","[(0, 1, 1, '?')]"
"(12, 9, 7, 5, 0)","[(0, 1, 1, 6), (0, 1, 1, '?')]"
"(12, 9, 7, 6, 0)","[(0, 2, 1, '?')]"
"(12, 9, 7, 7, 0)","[(0, 4, 1, '?'), (0, 4, 1, '?'), (0, 0, 1, 5), (0, '?', 1, '?'), (0, '?', 1, '?')]"
"(12, 9, 7, 9, 0)","[(0, 4, 1, 0), (0, 1, 1, '?'), (0, 4, 1, 0), (0, 4, 1, 0)]"
"(12, 9, 7, 10, 0)","[(0, 5, 1, 6), (0, 0, 1, 6)]"
"(12, 9, 7, 12, 0)","[(0, 1, 1, '?'), (0, 4, 1, '?'), (0, 1, 1, '?'), (0, 0, 1, '?'), (0, 4, 1, 6), (0, 5, 1, 6), (0, 0, 1, 5), (0, 4, 1, '?'), (0, '?', 1, '?'), (0, 4, 1, 6), (0, '?', 1, '?'), (0, 4, 1, 5), (0, 0, 1, '?'), (0, 4, 1, 0), (0, 0, 1, 4), (0, '?', 1, 4), (0, 0, 1, 0), (0, 0, 1, 5), (0, 4, 1, 4), (0, 4, 1, '?'), (0, 1, 1, '?'), (7, 0, 1, '?'), (0, '?', 1, 0), (0, '?', 1, 4), (0, 0, 1, 0), (0, 0, 1, 5), (0, '?', 1, '?'), (0, 1, 1, '?'), (0, 0, 1, 0), (0, 0, 1, '?'), (0, 0, 1, '?'), (0, 0, 1, '?'), (0, '?', 1, '?')]"
"(12, 9, 7, 15, 0)","[(0, 5, 1, '?'), (0, 4, 1, 0)]"
"(12, 9, 7, 17, 0)","[(0, 4, 1, 5)]"
"(12, 9, 7, 20, 0)","[(0, 4, 1, 6)]"
"(12, 9, 7, 21, 0)","[(0, 6, 1, '?'), (0, 6, 1, '?'), (0, 6, 1, '?'), (0, 6, 1, '?'), (0, 6, 1, '?'), (0, 6, 1, '?'), (0, 6, 1, '?'), (0, 6, 1, '?')]"
"(12, 9, 7, 25, 0)","[(0, 0, 1, 3), (0, 0, 1, 4), (0, 5, 1, '?'), (0, 0, 1, 4), (7, 0, 1, 6), (0, 5, 1, '?')]"
"(12, 9, 7, 26, 0)","[(0, 7, 1, 6), (0, 7, 1, 5), (0, 2, 1, '?'), (0, 7, 1, '?'), (0, 7, 1, '?'), (0, 7, 1, 6), (0, 2, 1, '?'), (0, 7, 1, '?'), (0, 7, 1, '?'), (0, 7, 1, '?'), (0, 7, 1, 0), (0, 7, 1, '?'), (0, 2, 1, '?'), (0, 2, 1, '?'), (0, 2, 1, '?'), (0, 7, 1, 0), (0, 7, 1, '?'), (0, 7, 1, '?'), (0, 7, 1, 5), (0, 7, 1, 5)]"
"(12, 9, 7, 27, 0)","[(0, 4, 5, 6)]"
"(12, 9, 8, 2, 0)","[(3, 5, 3, '?'), (3, 5, 0, '?'), (3, 5, 3, '?'), (3, 5, 3, '?'), (3, 5, 3, '?'), (3, 5, 0, '?'), (3, 5, 3, '?'), (3, 5, 3, '?'), (3, 5, 0, '?'), (3, 5, 0, '?'), (3, 5, 3, '?')]"
"(12, 9, 8, 4, 0)","[('?', 5, 0, '?')]"
"(12, 9, 8, 11, 0)","[('?', 5, 0, 0), ('?', 5, 0, '?'), ('?', 5, 0, '?')]"
"(12, 9, 8, 15, 0)","[(3, 5, 0, '?'), (3, 5, 0, '?')]"
"(12, 9, 8, 16, 0)","[(3, 5, 0, '?'), (3, 5, 0, '?'), (3, 5, 0, '?'), (3, 5, 0, '?')]"
"(12, 9, 8, 17, 0)","[(5, 5, 3, '?'), (5, 5, 3, '?')]"
"(12, 9, 8, 18, 0)","[(0, 5, 0, 5), (0, 5, 3, 5), (0, 5, 0, 0), (0, 5, 0, '?'), (0, 5, 0, 0), (0, 5, 0, 0), (0, 5, 0, '?'), (0, 5, 3, 0), (0, 5, 0, '?'), (0, 5, 0, '?'), (0, 5, 0, '?'), (0, 5, 0, '?')]"
"(12, 9, 8, 20, 0)","[(0, 5, 3, 0)]"
"(12, 9, 8, 25, 0)","[('?', 5, 0, '?')]"
"(12, 9, 10, 1, 0)","[(1, 1, 0, '?'), (1, 0, 0, '?'), (1, 0, 3, '?'), (1, 0, 0, 5), (1, 0, 0, '?'), (5, 0, 0, '?'), (5, 1, 3, '?'), (5, 1, 3, '?'), (1, 0, 0, '?'), (5, 1, 0, '?'), (1, 1, 0, '?'), (1, 1, 0, '?'), (5, 0, 0, '?'), (5, 1, 0, '?'), (1, 0, 3, '?'), (1, 0, 0, '?'), (5, 1, 0, '?'), (5, 1, 3, '?'), (1, 0, 3, '?'), (1, 0, 3, '?'), (5, 1, 3, '?'), (1, 0, 3, '?'), (1, 0, 3, '?'), (5, 1, 0, '?'), (1, 1, 0, '?'), (1, 1, 0, '?'), (5, 0, 0, '?'), (5, 1, 3, '?'), (1, 0, 3, '?'), (5, 1, 0, '?')]"
"(12, 9, 10, 3, 0)","[(1, 3, 5, '?'), (1, 3, 1, '?'), (1, 3, 5, '?'), (1, 3, 1, '?'), (5, 3, 5, '?'), (1, 3, 1, '?'), (1, 3, 1, '?')]"
"(12, 9, 10, 5, 0)","[(5, 1, 1, 4)]"
"(12, 9, 10, 6, 0)","[(1, 7, 3, '?'), (1, 2, 0, '?'), (1, 2, 0, '?'), (1, 7, 0, '?'), (5, 7, 3, '?'), (1, 7, 0, '?'), (5, 2, 3, '?'), (1, 7, 3, '?'), (1, 7, 3, '?'), (5, 7, 3, '?'), (1, 7, 3, '?'), (1, 7, 0, '?'), (1, 2, 0, '?'), (5, 2, 3, '?')]"
"(12, 9, 10, 8, 0)","[(1, 3, 0, '?'), (1, 3, 0, '?'), (1, 3, 0, '?'), (1, 3, 0, 0)]"
"(12, 9, 10, 9, 0)","[(1, 4, 1, '?'), (5, '?', 1, '?'), (5, 5, 1, 3), (5, 3, 1, 3), (5, 5, 1, '?'), (1, 5, 5, '?'), (5, '?', 1, '?'), (5, '?', 1, 7), (5, 5, 1, 4), (5, 0, 1, '?'), (5, '?', 1, '?'), (5, 0, 1, '?'), (5, 5, 1, 3), (5, 4, 1, 7), (5, '?', 1, 4), (1, 1, 1, '?'), (5, '?', 1, 3), (1, 5, 1, '?'), (1, 5, 1, 5), (1, '?', 1, 0), (1, 5, 1, '?'), (5, '?', 1, 6), (5, 1, 1, '?'), (1, '?', 1, 3), (5, 5, 1, 4), (5, 4, 1, 7), (1, 1, 1, '?'), (5, 4, 1, '?'), (1, 1, 1, '?'), (5, 5, 1, 4), (1, 5, 1, '?'), (5, 3, 1, 4), (1, 5, 1, 4), (5, 1, 1, '?'), (5, '?', 1, 4), (5, '?', 1, '?'), (5, 4, 1, '?'), (5, 1, 1, '?'), (5, 3, 1, 4), (1, 1, 1, '?'), (5, '?', 1, '?'), (5, 0, 1, 6), (1, 4, 1, '?'), (5, 1, 1, '?'), (5, 5, 1, 6), (5, '?', 1, '?'), (5, 0, 1, '?'), (5, 1, 1, '?'), (5, '?', 1, '?'), (5, 5, 1, '?'), (5, 0, 1, '?'), (1, 5, 1, '?'), (5, 0, 1, '?'), (5, '?', 1, '?'), (1, 5, 1, '?'), (1, 1, 1, '?')]"
"(12, 9, 10, 10, 0)","[(5, 1, 1, '?'), (5, 0, 1, 6), (1, 3, 1, '?'), (1, 3, 1, '?'), (1, '?', 1, 4), (1, 3, 1, 4), (5, 0, 1, 6)]"
"(12, 9, 10, 11, 0)","[(5, '?', 3, '?'), (1, 5, 3, '?'), (5, 4, 3, '?'), (1, '?', 3, '?'), (1, '?', 0, '?'), (1, 5, 3, 5), (1, '?', 0, '?'), (5, '?', 0, '?'), (1, '?', 0, '?'), (1, 5, 0, '?'), (1, 5, 3, 0), (1, '?', 0, '?'), (1, '?', 3, '?'), (5, '?', 3, '?'), (5, '?', 0, '?'), (1, '?', 0, '?'), (5, '?', 0, '?'), (1, 5, 0, '?'), (1, '?', 0, '?'), (1, 5, 0, '?'), (1, '?', 3, 5), (5, '?', 0, '?'), (1, 5, 3, '?'), (1, 3, 3, 5), (1, 3, 0, 0), (5, '?', 0, '?'), (1, '?', 3, '?'), (1, 5, 3, '?'), (5, '?', 3, '?'), (1, '?', 0, '?'), (5, 4, 3, '?'), (1, '?', 3, '?'), (1, '?', 0, '?'), (5, '?', 0, '?'), (1, '?', 3, '?'), (5, 2, 3, 7), (5, '?', 0, '?'), (5, '?', 3, '?'), (5, '?', 0, '?'), (1, 5, 0, '?'), (5, '?', 3, '?'), (1, '?', 3, '?'), (1, '?', 0, '?'), (1, '?', 3, 5), (1, 5, 3, '?'), (5, '?', 0, '?'), (5, '?', 3, '?')]"
"(12, 9, 10, 12, 0)","[(1, '?', 1, 0)]"
"(12, 9, 10, 13, 0)","[(5, 7, 5, '?'), (1, 5, 5, '?'), (1, 0, 5, '?'), (5, 7, 5, '?'), (1, 0, 5, '?'), (5, 0, 5, '?'), (1, 5, 5, '?'), (1, 7, 5, '?'), (1, 4, 5, '?'), (1, 5, 5, '?')]"
"(12, 9, 10, 14, 0)","[(5, 0, 5, '?'), (1, 1, 5, '?'), (5, 0, 5, '?'), (5, 0, 5, '?'), (1, 0, 5, '?'), (1, 0, 5, '?')]"
"(12, 9, 10, 16, 0)","[(1, 4, 3, 5)]"
"(12, 9, 10, 17, 0)","[(5, 5, 1, 4)]"
"(12, 9, 10, 19, 0)","[(1, 3, 3, 0), (1, 3, 0, '?')]"
"(12, 9, 10, 22, 0)","[(5, 3, 5, '?')]"
"(12, 9, 10, 23, 0)","[(5, 3, 5, '?'), (1, 3, 1, 4), (1, 3, 5, '?'), (1, 3, 5, '?'), (1, 3, 5, '?')]"
"(12, 9, 10, 24, 0)","[(5, 1, 1, 4)]"
"(12, 9, 10, 25, 0)","[(5, 5, 1, 4), (1, 3, 1, '?'), (5, '?', 1, '?')]"
"(12, 9, 10, 26, 0)","[(1, 2, 1, '?'), (1, 7, 5, '?'), (5, 2, 1, '?'), (5, 7, 1, '?'), (1, 7, 1, '?'), (1, 2, 1, '?'), (5, 7, 1, '?'), (5, 2, 1, '?'), (5, 7, 5, '?'), (1, 7, 1, '?'), (5, 7, 5, '?'), (5, 7, 5, '?'), (5, 7, 1, '?'), (1, 7, 5, '?'), (5, 7, 1, '?'), (5, 2, 1, 6), (5, 7, 1, 7), (1, 2, 1, '?')]"
"(12, 9, 11, 1, 0)","[('?', 0, 0, '?'), ('?', 0, 0, '?'), ('?', 1, 0, '?'), ('?', 0, 0, '?')]"
"(12, 9, 11, 2, 0)","[(3, '?', 0, '?'), (3, '?', 0, '?'), (3, 4, 0, '?'), (3, '?', 3, '?'), (3, '?', 3, '?'), (3, '?', 3, '?'), (3, 4, 3, '?'), (3, 4, 3, '?'), (3, '?', 3, '?'), (3, 4, 3, '?'), (3, '?', 0, '?'), (3, '?', 3, '?'), (3, 4, 3, 6), (3, '?', 0, '?'), (3, 4, 3, '?'), (3, '?', 0, '?'), (3, '?', 0, '?'), (3, '?', 3, '?'), (3, '?', 3, '?')]"
"(12, 9, 11, 3, 0)","[('?', 3, 0, '?'), ('?', 3, 3, '?'), ('?', 3, 3, '?'), ('?', 3, 3, '?'), ('?', 3, 3, '?'), ('?', 3, 0, '?'), ('?', 3, 0, '?'), ('?', 3, 0, '?'), ('?', 3, 3, '?')]"
"(12, 9, 11, 4, 0)","[('?', 4, 0, '?'), ('?', 4, 0, '?'), ('?', 4, 3, 7), ('?', 4, 0, '?'), (3, 4, 0, '?')]"
"(12, 9, 11, 5, 0)","[('?', 1, 3, '?'), ('?', 1, 3, '?'), ('?', 0, 0, '?')]"
"(12, 9, 11, 10, 0)","[(1, 5, 0, 5), (1, 4, 3, 5), (5, 5, 3, '?'), (1, 5, 3, 0), (1, 5, 3, 0), (1, 5, 3, 5), (1, 5, 3, 5), (1, 5, 0, '?'), (1, 5, 0, 5), (1, 5, 0, '?'), (1, '?', 0, '?'), (5, 5, 3, '?'), (1, 5, 0, 0), (1, 5, 3, 0), (5, 5, 3, '?'), (1, 4, 3, '?'), (1, 5, 0, '?'), (1, 5, 0, 5), (5, 4, 3, '?')]"
"(12, 9, 11, 11, 0)","[('?', 4, 0, '?'), ('?', 4, 0, '?'), ('?', 4, 3, 6), ('?', '?', 0, '?'), ('?', 4, 0, 5), ('?', 4, 0, '?'), ('?', 4, 0, '?'), ('?', '?', 0, '?'), ('?', 4, 0, '?'), ('?', 4, 0, '?')]"
"(12, 9, 11, 12, 0)","[('?', '?', 3, '?'), ('?', '?', 3, '?'), ('?', 4, 3, 5), ('?', '?', 0, '?')]"
"(12, 9, 11, 14, 0)","[(3, 1, 3, '?'), (3, 0, 3, '?'), (3, 0, 3, '?'), (3, 1, 3, '?'), (3, 0, 3, '?'), (3, 1, 3, '?'), (3, 1, 3, '?'), (3, 1, 0, '?'), (3, 0, 3, '?'), (3, 0, 3, '?'), (3, 1, 0, '?'), (3, 1, 3, '?'), (3, 1, 0, '?'), (3, 1, 0, '?'), (3, 1, 0, '?'), (3, 0, 3, '?'), (3, 1, 0, '?'), (3, 1, 3, '?'), (3, 1, 0, '?'), (3, 1, 3, '?'), (3, 1, 0, '?')]"
"(12, 9, 11, 15, 0)","[(3, '?', 0, '?'), (3, 5, 3, '?')]"
"(12, 9, 11, 16, 0)","[(3, 4, 3, '?'), (3, 4, 0, '?'), (3, 4, 0, '?'), (3, 4, 3, '?'), (3, 4, 0, '?'), (3, 4, 0, '?'), (3, 4, 3, '?'), (3, 4, 3, '?'), (3, 4, 0, '?')]"
"(12, 9, 11, 17, 0)","[(5, 5, 3, '?'), (1, 4, 0, '?'), (1, 5, 3, '?'), (5, 4, 3, '?'), (1, 5, 0, '?'), (1, 5, 3, 5), (1, 4, 3, '?'), (1, 4, 0, '?'), (1, 4, 0, 5)]"
"(12, 9, 11, 19, 0)","[('?', 3, 0, '?'), ('?', 3, 0, '?')]"
"(12, 9, 11, 20, 0)","[(2, 3, 3, '?')]"
"(12, 9, 11, 24, 0)","[('?', 1, 0, '?'), ('?', 0, 0, '?'), (3, 0, 3, '?'), ('?', 1, 0, '?'), ('?', 1, 3, '?'), ('?', 1, 3, '?'), ('?', 0, 0, '?'), ('?', 1, 0, '?'), ('?', 1, 3, '?'), ('?', 1, 0, '?'), ('?', 1, 0, '?'), (2, 1, 3, '?'), ('?', 1, 0, '?'), ('?', 0, 0, '?'), ('?', 1, 3, '?'), ('?', 1, 3, '?'), (3, 0, 3, '?'), (2, 0, 3, '?'), ('?', 1, 0, '?')]"
"(12, 9, 11, 25, 0)","[('?', '?', 3, '?'), ('?', '?', 3, '?'), ('?', '?', 3, '?'), ('?', '?', 0, '?'), ('?', '?', 3, '?'), ('?', 3, 3, 5), ('?', '?', 0, '?'), ('?', 5, 0, '?'), ('?', '?', 0, '?'), ('?', '?', 0, '?'), ('?', '?', 3, '?'), (0, 5, 3, 0), ('?', '?', 0, '?'), ('?', '?', 3, '?')]"
"(12, 9, 11, 26, 0)","[('?', 2, 3, '?')]"
"(12, 9, 12, 2, 0)","[(3, 4, 1, '?'), (3, 1, 1, '?'), (3, 1, 1, '?'), (3, 1, 1, 3), (3, '?', 1, 4), (3, '?', 1, '?'), (3, 1, 1, 5), (3, 0, 1, '?'), (3, '?', 1, '?'), (3, '?', 1, '?'), (3, '?', 1, '?'), (3, 1, 1, '?'), (3, '?', 1, '?'), (3, 0, 1, '?'), (3, 1, 1, '?'), (3, 4, 1, '?'), (3, 4, 1, 5)]"
"(12, 9, 12, 3, 0)","[(0, 3, 1, 4), ('?', 3, 1, 7), (0, 3, 1, 5), (0, 5, 1, 7), ('?', 3, 1, 7)]"
"(12, 9, 12, 4, 0)","[('?', '?', 1, 3), ('?', 4, 1, 0), (3, 4, 1, 0)]"
"(12, 9, 12, 7, 0)","[(0, '?', 1, 4), (0, 4, 1, 0), (0, 5, 1, 6)]"
"(12, 9, 12, 9, 0)","[(3, 0, 1, '?'), (4, 4, 1, 5), (3, 1, 1, '?'), ('?', 0, 1, 5), (0, '?', 1, 3), ('?', 0, 1, '?'), (3, 0, 1, 3), (3, 0, 1, '?'), (0, 1, 1, 3), (0, '?', 1, 4), (3, 0, 1, 3), ('?', 1, 1, 5), (2, '?', 1, '?'), ('?', 0, 1, '?'), (0, '?', 1, 3), ('?', 0, 1, '?'), (0, '?', 1, 3), (3, 0, 1, 3), ('?', 0, 1, '?'), ('?', 0, 1, 5), ('?', '?', 1, 7), (2, '?', 1, '?'), (0, 5, 1, '?'), ('?', '?', 1, 3), (3, 1, 1, '?'), (3, 1, 1, '?'), (0, '?', 1, 3), ('?', 1, 1, 4), (2, 0, 1, '?'), ('?', 0, 1, '?'), (2, '?', 1, '?'), (2, 0, 1, '?'), (3, 0, 1, '?'), (6, '?', 1, '?'), (0, '?', 1, 4), (5, '?', 1, 3), (2, 5, 1, 0), ('?', 4, 1, 6), ('?', 1, 1, 3), (0, 5, 1, 7)]"
"(12, 9, 12, 10, 0)","[(5, 3, 1, 4), (5, '?', 1, 3)]"
"(12, 9, 12, 12, 0)","[('?', '?', 1, 4), ('?', 0, 1, '?'), ('?', 0, 1, '?')]"
"(12, 9, 12, 22, 0)","[(3, 3, 1, '?'), (3, 3, 1, '?'), (3, 3, 1, '?'), (3, 3, 1, '?'), (3, 3, 1, '?'), (3, 3, 1, 3), (3, 3, 1, '?'), (3, 3, 1, '?'), (3, 3, 1, '?')]"
"(12, 9, 12, 26, 0)","[(0, 2, 1, 0)]"
"(12, 9, 13, 2, 0)","[(3, '?', 5, '?'), (3, '?', 5, '?'), (3, '?', 5, '?'), (3, '?', 5, '?'), (3, 4, 5, '?'), (3, 7, 5, '?'), (3, 4, 5, '?'), (3, 0, 5, '?'), (3, 6, 5, '?'), (3, 6, 5, '?'), (3, 4, 5, '?'), (3, 4, 5, '?'), (3, 4, 5, '?')]"
"(12, 9, 13, 3, 0)","[(2, 3, 5, '?'), ('?', 3, 5, '?'), ('?', 3, 5, '?'), (2, 3, 5, '?'), ('?', 3, 5, '?'), ('?', 3, 5, '?'), (2, 3, 5, '?'), ('?', 3, 5, '?'), (0, 3, 5, '?'), ('?', 3, 5, '?'), (2, 3, 5, '?'), (2, 3, 5, '?')]"
"(12, 9, 13, 5, 0)","[('?', 1, 5, '?'), ('?', 0, 5, '?'), ('?', 0, 5, '?'), ('?', 1, 5, '?'), ('?', 0, 5, '?'), (2, 0, 5, '?'), ('?', 0, 5, '?'), (1, 1, 5, '?')]"
"(12, 9, 13, 6, 0)","[(0, 2, 5, '?')]"
"(12, 9, 13, 9, 0)","[(3, 4, 5, '?'), (2, 4, 5, '?'), (3, 4, 5, '?')]"
"(12, 9, 13, 10, 0)","[(5, 5, 5, 6)]"
"(12, 9, 13, 13, 0)","[(4, 4, 5, '?')]"
"(12, 9, 13, 14, 0)","[(3, 0, 5, '?'), (3, 0, 5, '?'), (3, 0, 5, '?'), (3, 0, 5, '?'), (3, 0, 5, '?'), (3, 0, 5, '?'), (3, 0, 5, '?')]"
"(12, 9, 13, 15, 0)","[(3, '?', 5, '?'), (3, '?', 5, '?')]"
"(12, 9, 13, 16, 0)","[(3, 4, 5, '?')]"
"(12, 9, 13, 22, 0)","[(3, 3, 5, '?'), (3, 3, 5, '?'), ('?', 3, 5, '?'), (3, 3, 5, '?'), (3, 3, 5, '?'), (3, 3, 5, '?')]"
"(12, 9, 13, 24, 0)","[('?', 1, 5, '?'), ('?', 0, 5, '?'), ('?', 0, 5, '?'), ('?', 0, 5, '?'), (2, 1, 5, '?'), ('?', 1, 5, '?'), (2, 0, 5, '?'), ('?', 0, 5, '?'), ('?', 1, 5, '?'), (2, 1, 5, '?'), (2, 6, 5, '?'), ('?', 0, 5, '?'), (2, 0, 5, '?'), (2, 0, 5, '?'), (2, 0, 5, '?'), ('?', 1, 5, '?')]"
"(12, 9, 13, 25, 0)","[('?', 2, 5, '?'), ('?', '?', 5, '?'), ('?', '?', 5, '?'), (4, 4, 5, '?'), (2, 0, 5, 5), ('?', '?', 5, '?'), ('?', '?', 5, '?'), ('?', '?', 5, '?'), ('?', 3, 5, '?'), (2, '?', 5, '?'), (2, '?', 5, '?'), ('?', '?', 5, '?'), ('?', 4, 5, 0), (2, '?', 5, '?')]"
"(12, 9, 13, 26, 0)","[(5, 2, 5, '?'), (4, 7, 5, '?'), (5, 7, 5, '?'), ('?', 2, 5, '?'), ('?', 2, 5, '?'), (3, 7, 5, '?'), ('?', 2, 5, '?'), (3, 7, 5, '?'), (5, 2, 5, '?'), ('?', 2, 5, '?'), (5, 7, 5, '?')]"
"(12, 9, 15, 1, 0)","[(4, 0, 3, 6), (4, 1, 0, '?'), (4, 1, 0, '?'), (4, 0, 3, '?'), (4, 0, 0, '?'), (4, 0, 0, '?'), (4, 0, 0, '?'), (4, 0, 0, '?'), (4, 1, 0, '?'), (4, 1, 0, '?'), (4, 1, 0, '?'), (4, 6, 0, '?'), (4, 1, 0, '?'), (4, 1, 0, '?'), (4, 0, 3, '?'), (4, 1, 0, '?'), (4, 0, 0, '?'), (4, 0, 0, '?'), (4, 0, 3, 6), (4, 0, 0, '?'), (4, 1, 0, '?'), (4, 0, 3, 6)]"
"(12, 9, 15, 4, 0)","[(4, 5, 1, 3), (4, 5, 1, '?'), (4, 4, 1, 4), (4, 5, 1, 4), (4, 5, 1, 3), (4, '?', 1, 4)]"
"(12, 9, 15, 6, 0)","[(4, 2, 3, '?'), (4, 2, 3, '?'), (4, 7, 3, '?'), (4, 2, 0, '?'), (4, 2, 0, '?'), (4, 7, 3, '?'), (4, 2, 0, '?'), (4, 2, 0, '?'), (4, 2, 3, '?'), (4, 7, 3, '?'), (4, 2, 3, '?'), (4, 2, 0, '?'), (4, 2, 3, '?'), (4, 7, 3, '?'), (4, 2, 0, '?'), (4, 7, 3, '?')]"
"(12, 9, 15, 9, 0)","[(4, 4, 1, 5), (4, 3, 1, 0), (4, 0, 1, 3), (4, 1, 1, '?'), (4, 5, 1, '?'), (4, 1, 1, '?'), (4, '?', 1, 3), (4, 0, 1, 0), (4, 0, 1, 0), (4, 0, 1, 5), (4, 4, 1, 0), (4, 0, 1, 4), (4, 4, 1, 0), (4, 5, 1, '?'), (4, 4, 1, 0), (4, '?', 1, 4), (4, 4, 1, 0), (4, '?', 1, 5), (4, 1, 1, '?'), (4, 0, 1, 5)]"
"(12, 9, 15, 10, 0)","[(4, 3, 1, 0), (4, 3, 1, 0), (4, 0, 1, 5), (4, 4, 1, 0)]"
"(12, 9, 15, 11, 0)","[(4, 4, 0, '?'), (4, 5, 0, '?'), (4, 3, 3, 6), (4, 4, 3, '?'), (4, 3, 3, 6), (4, 4, 3, '?'), (4, 4, 3, 6), (4, 4, 3, '?'), (4, '?', 0, '?'), (4, 5, 0, '?'), (4, 3, 3, '?'), (4, '?', 0, '?'), (4, '?', 3, '?'), (4, 4, 3, '?'), (4, 3, 3, 6), (4, 4, 0, 6), (4, '?', 0, '?'), (4, 5, 0, '?'), (4, 3, 3, 6), (4, '?', 3, '?'), (4, 4, 3, 6), (4, '?', 3, '?'), (4, 6, 0, '?'), (4, 3, 0, 6), (4, '?', 3, '?'), (4, 3, 3, 6), (4, 4, 3, 6), (4, 3, 3, '?'), (4, '?', 3, '?'), (4, 3, 3, 6), (4, '?', 0, '?'), (4, 4, 0, '?'), (4, 5, 0, '?'), (4, '?', 0, '?'), (4, '?', 0, '?'), (4, 0, 3, '?'), (4, '?', 3, '?'), (4, '?', 3, '?'), (4, 4, 0, '?'), (4, 4, 0, '?'), (4, '?', 0, '?'), (4, 3, 3, '?'), (4, '?', 0, '?'), (4, 4, 3, '?'), (4, '?', 0, '?')]"
"(12, 9, 15, 12, 0)","[(4, 1, 1, 5), (4, 4, 1, 3), (4, 4, 1, 7), (4, 0, 1, 3), (4, 3, 1, 0), (4, 1, 1, 4), (4, 3, 1, 0), (4, 5, 1, 4), (4, 0, 1, 0), (4, 4, 1, 4), (4, '?', 1, 4), (4, 1, 1, '?'), (4, 1, 1, 5), (4, 1, 1, '?'), (4, '?', 1, 3), (4, 0, 1, 0), (4, 3, 1, 0), (4, 5, '?', '?'), (4, 4, 1, 7), (4, 5, 1, '?'), (4, 3, 1, '?'), (4, 5, 1, 4)]"
"(12, 9, 15, 13, 0)","[(4, '?', 5, '?'), (4, '?', 5, '?'), (4, 4, 5, '?'), (4, '?', 5, '?'), (4, 5, 5, '?'), (4, 0, 5, '?'), (4, 4, 5, 7), (4, 5, 5, '?'), (4, '?', 5, '?'), (4, 0, 5, '?'), (4, '?', 5, '?'), (4, 0, 5, '?'), (4, 0, 5, '?'), (4, 4, 5, 0), (4, 4, 5, '?'), (4, 5, 5, '?'), (4, '?', 5, '?'), (4, '?', 5, '?'), (4, 0, 5, '?'), (4, 4, 5, 0), (4, '?', 5, '?'), (4, 4, 5, '?'), (4, '?', 5, '?'), (4, '?', 5, '?')]"
"(12, 9, 15, 14, 0)","[(4, 1, 5, 5), (4, 0, 5, 6), (4, 0, 5, 6), (4, 0, 5, 6), (4, 0, 5, 7)]"
"(12, 9, 15, 15, 0)","[(4, 6, 1, 5), (4, 6, 1, 5), (4, '?', 1, 5), (4, 5, 1, '?'), (4, 5, 1, '?'), (4, 0, 1, 3), (4, 3, 1, 0), (4, 1, 1, '?'), (4, 3, 1, '?'), (4, 3, 1, '?'), (4, 3, 1, '?'), (4, 3, 1, '?')]"
"(12, 9, 15, 16, 0)","[(4, 4, 0, '?'), (4, 4, 3, '?')]"
"(12, 9, 15, 19, 0)","[(4, 3, 3, '?')]"
"(12, 9, 15, 25, 0)","[(4, 3, 5, 6), (4, 3, 1, 4), (4, 5, 1, 3)]"
"(12, 9, 15, 26, 0)","[(4, 2, 1, '?'), (4, 2, 1, '?'), (4, 2, 1, '?'), (4, 7, 5, '?'), (4, 2, 5, '?'), (4, 2, 5, '?'), (4, 2, 5, '?'), (4, 7, 5, '?'), (4, 2, 5, '?'), (4, 7, 1, '?'), (4, 2, 1, '?'), (4, 7, 5, '?'), (4, 2, 1, '?'), (4, 7, 5, '?'), (4, 7, 5, '?'), (4, 7, 1, '?'), (4, 7, 5, '?'), (4, 7, 5, '?')]"
"(12, 9, 16, 1, 0)","[(4, 0, 3, '?'), (4, 0, 3, '?'), (4, 6, 0, '?'), (4, 0, 0, '?'), (4, 0, 3, '?')]"
"(12, 9, 16, 6, 0)","[(4, 7, 3, '?'), (4, 2, 3, '?'), (4, 2, 0, '?'), (4, 2, 3, '?'), (4, 7, 3, '?'), (4, 7, 3, '?')]"
"(12, 9, 16, 11, 0)","[(4, 4, 3, 6), (4, 3, 3, '?'), (4, '?', 3, '?'), (4, '?', 3, '?')]"
"(12, 9, 16, 16, 0)","[(4, 5, 0, '?'), (4, 4, 0, '?'), (4, 4, 0, '?'), (4, 5, 0, '?'), (4, 5, 0, '?'), (4, 5, 0, '?'), (4, 5, 0, '?'), (4, 5, 0, '?')]"
"(12, 9, 16, 19, 0)","[(4, 3, 3, '?')]"
"(12, 9, 17, 1, 0)","[(1, 0, 0, '?'), (1, 0, 0, '?'), (5, 1, 3, '?'), (5, 1, 0, '?'), (1, 1, 0, '?'), (1, 0, 0, '?'), (1, 1, 0, '?'), (5, 1, 0, '?'), (1, 1, 0, '?'), (5, 1, 3, '?'), (5, 0, 0, '?'), (1, 1, 0, '?'), (1, 0, 3, '?'), (5, 0, 0, '?'), (5, 1, 0, '?'), (5, 0, 0, '?'), (5, 1, 3, '?'), (5, 0, 0, '?'), (5, 1, 0, '?'), (1, 0, 0, '?'), (5, 0, 0, '?'), (1, 0, 3, '?')]"
"(12, 9, 17, 3, 0)","[(1, 3, '?', '?'), (1, 3, 1, '?'), (1, 3, 1, '?')]"
"(12, 9, 17, 4, 0)","[(1, 4, 1, '?'), (5, 5, 1, 6), (1, 4, 1, '?'), (5, 5, 1, '?')]"
"(12, 9, 17, 9, 0)","[(1, 4, 1, '?')]"
"(12, 9, 17, 10, 0)","[(1, 1, 1, '?')]"
"(12, 9, 17, 11, 0)","[(1, 4, 0, 0), (1, 4, 3, '?'), (1, 4, 3, 0), (1, 4, 0, 0), (1, 4, 3, '?'), (1, 5, 3, 5), (5, 4, 3, '?'), (1, 4, 3, 5), (5, 4, 3, '?'), (1, 4, 3, '?'), (1, 5, 3, '?'), (1, '?', 3, '?'), (5, 4, 0, '?'), (1, 4, 0, '?'), (1, 4, 3, 0), (1, 5, 0, '?')]"
"(12, 9, 17, 12, 0)","[(1, 4, 1, '?'), (5, 4, 1, '?'), (5, 1, 1, '?'), (5, 1, 1, '?'), (5, 0, 1, '?'), (5, 4, 1, '?'), (1, 1, 1, '?'), (1, 4, 1, '?'), (5, 5, 1, '?')]"
"(12, 9, 17, 13, 0)","[(1, 7, 5, '?'), (5, 4, 5, '?'), (5, 4, 5, '?'), (1, 4, 5, '?'), (5, 4, 5, '?'), (5, 4, 5, '?'), (5, 4, 5, '?'), (1, 4, 5, '?'), (1, 4, 5, 0), (1, 4, 5, '?'), (5, 4, 5, '?'), (1, 4, 5, '?'), (1, 7, 5, '?'), (1, 4, 5, '?'), (1, 4, 5, 0), (1, 5, 5, '?')]"
"(12, 9, 17, 14, 0)","[(1, 1, 5, '?'), (5, 0, 5, '?'), (5, 0, 5, '?'), (1, 1, 5, '?'), (5, 0, 5, '?'), (5, 0, 5, '?'), (1, 1, 5, '?')]"
"(12, 9, 17, 16, 0)","[(1, 4, 0, 5), (1, 4, 3, 5), (5, 4, 0, '?'), (5, 4, 0, '?'), (5, 4, 0, '?'), (5, 4, 0, '?'), (5, 4, 3, '?'), (1, 4, 3, '?'), (1, 4, 0, '?'), (5, 4, 0, '?'), (5, 4, 0, '?'), (5, 4, 0, '?'), (1, 4, 3, '?'), (5, 5, 3, '?'), (1, 4, 0, '?'), (1, 5, 3, '?'), (1, 4, 0, '?'), (1, 4, 0, '?'), (1, 5, 3, '?')]"
"(12, 9, 17, 17, 0)","[(5, 4, 1, '?'), (5, 4, 1, '?'), (1, 5, 1, '?'), (5, 5, 1, '?')]"
"(12, 9, 17, 19, 0)","[(1, 3, 0, '?'), (1, 3, 0, '?'), (1, 3, 0, '?')]"
"(12, 9, 17, 23, 0)","[(5, 3, 5, '?'), (1, 3, 5, '?'), (5, 3, 5, '?'), (1, 3, 5, '?'), (5, 3, 5, '?')]"
"(12, 9, 17, 26, 0)","[(5, 7, 5, '?'), (5, 7, 5, '?'), (5, 7, 1, '?'), (1, 2, 1, '?'), (5, 2, 1, '?'), (1, 7, 1, '?'), (5, 2, 5, '?'), (1, 2, 1, '?'), (1, 7, 1, '?'), (5, 2, 1, '?'), (1, 7, 1, '?'), (1, 7, 5, '?')]"
"(12, 9, 18, 1, 0)","[(0, 0, 0, '?'), (0, 0, 0, '?'), (0, 1, 3, '?'), (0, 0, 3, 7), (0, 0, 3, 6), (0, 1, 0, '?'), (0, 1, 0, '?'), (0, 1, 0, 6), (0, 1, 0, '?'), (0, 0, 0, '?'), (0, 1, 0, '?'), (0, 1, 3, '?'), (0, 1, 3, '?')]"
"(12, 9, 18, 3, 0)","[(0, 3, 3, 6), (0, 3, 3, '?'), (0, 3, 3, '?'), (0, 3, 3, '?'), (0, 3, 3, 6), (0, 3, 0, '?'), (0, 3, 0, 0), (0, 3, 3, '?'), (0, 3, 0, '?'), (0, 3, 0, '?'), (0, 3, 0, '?'), (0, 3, 3, 6)]"
"(12, 9, 18, 5, 0)","[(0, 0, 0, '?')]"
"(12, 9, 18, 6, 0)","[(0, 2, 0, '?'), (0, 2, 3, '?'), (0, 2, 0, '?'), (0, 2, 0, '?'), (0, 2, 0, '?'), (0, 7, 3, '?'), (0, 7, 3, '?'), (0, 7, 0, '?'), (0, 2, 0, '?'), (0, 7, 3, '?'), (0, 2, 0, '?'), (0, 7, 0, '?'), (0, 7, 3, '?'), (0, 2, 3, '?'), (0, 2, 0, '?'), (0, 7, 0, '?'), (0, 2, 0, '?'), (0, 2, 3, '?'), (0, 2, 3, '?'), (0, 7, 3, '?'), (0, 7, 3, '?')]"
"(12, 9, 18, 8, 0)","[(0, 3, 3, '?')]"
"(12, 9, 18, 11, 0)","[(0, 4, 3, 7), (0, '?', 3, '?'), (0, 4, 0, '?'), (0, 5, 0, 6), (0, 4, 0, 7), (0, 4, 3, 7), (0, 5, 0, 6), (0, 4, 3, '?'), (0, 5, 3, 0), (0, '?', 0, '?'), (0, '?', 3, '?'), (0, 4, 3, 0), (0, 5, 3, 6), (0, 4, 0, '?'), (0, 4, 3, '?'), (0, 5, 3, 7), (0, 4, 3, 7), (0, 5, 0, 0), (0, '?', 3, '?'), (0, 5, 3, 0), (0, '?', 0, '?'), (0, 7, 0, 6), (0, 4, 3, '?'), (0, 5, 0, 6), (0, '?', 3, '?'), (0, 4, 0, 6), (0, 5, 0, 5), (0, 4, 0, 7), (0, 5, 3, 6), (0, 4, 3, 0), (0, 5, 0, '?'), (0, 4, 0, '?'), (0, 4, 3, 5), (0, 4, 0, 0), (0, 5, 0, 6), (0, 5, 0, '?'), (0, 7, 0, '?'), (0, 4, 3, '?'), (0, 5, 0, 6), (0, 4, 0, '?'), (0, 4, 3, 7), (0, 4, 0, 6), (0, 4, 0, 7), (0, 4, 0, '?'), (0, 5, 3, 5), (0, '?', 0, '?'), (0, 4, 0, '?')]"
"(12, 9, 18, 15, 0)","[(0, '?', 0, '?'), (0, '?', 0, 0), (0, '?', 0, '?'), (0, '?', 3, 7), (0, 7, 3, 7), (0, '?', 0, '?'), (0, '?', 0, 6), (0, 7, 0, 6), (0, 7, 3, 6), (0, 5, 3, 5), (0, 3, 3, 6), (0, '?', 3, '?'), (0, 3, 3, 6), (0, '?', 3, '?'), (7, 5, 0, 6), (0, '?', 0, 6), (0, '?', 0, '?'), (0, '?', 3, '?')]"
"(12, 9, 18, 16, 0)","[(0, 4, 3, '?'), (0, 4, 0, '?'), (0, 4, 0, '?'), (0, 4, 3, '?'), (0, 4, 3, 6), (0, 4, 3, 6)]"
"(12, 9, 18, 18, 0)","[(0, 4, 3, 7)]"
"(12, 9, 18, 19, 0)","[(0, 3, 0, '?'), (0, 3, 0, 0), (0, 3, 0, 0), (0, 3, 3, '?'), (0, 3, 3, '?'), (0, 3, 0, '?')]"
"(12, 9, 18, 20, 0)","[(0, 4, 3, '?'), (0, 4, 3, 6), (0, 3, 0, 0)]"
"(12, 9, 18, 22, 0)","[(0, 3, 3, '?'), (0, 3, 3, '?'), (0, 3, 0, '?'), (0, 3, 0, 6), (0, 3, 0, '?'), (0, 3, 0, '?'), (0, 3, 0, '?')]"
"(12, 9, 18, 24, 0)","[(0, 0, 0, '?'), (0, 0, 3, 6), (0, 0, 0, '?'), (0, 0, 0, '?'), (0, 1, 3, 7), (0, 0, 0, 6), (0, 0, 0, 5), (0, 0, 3, 6), (0, 0, 3, 6), (0, 1, 0, '?'), (0, 0, 3, 7), (0, 0, 3, 6), (0, 0, 0, '?'), (0, 0, 3, 7), (0, 6, 3, 5), (0, 1, 0, 6), (0, 1, 3, '?'), (0, 1, 0, '?'), (0, 0, 3, 7), (0, 0, 0, 6), (0, 0, 0, '?'), (0, 0, 0, 6), (0, 1, 0, '?'), (0, 0, 0, '?')]"
"(12, 9, 18, 26, 0)","[(0, 7, 3, '?'), (0, 7, 3, 0), (0, 2, 3, '?'), (0, 7, 3, '?'), (0, 7, 0, '?'), (0, 7, 3, '?'), (0, 2, 3, '?')]"
"(12, 9, 20, 3, 0)","[(2, 3, 1, 0), (2, 3, 1, '?'), (2, 3, 1, '?')]"
"(12, 9, 20, 9, 0)","[(2, 4, 5, '?'), (2, 3, 1, 0), (2, 6, 1, '?'), (2, 5, 1, '?'), (2, 4, 1, '?'), (2, '?', 1, '?'), (2, '?', 1, '?')]"
"(12, 9, 20, 11, 0)","[(2, 4, 0, 5)]"
"(12, 9, 20, 13, 0)","[(2, '?', 5, '?')]"
"(12, 9, 20, 14, 0)","[(2, 1, 5, '?')]"
"(12, 9, 20, 19, 0)","[(2, 3, 3, '?')]"
"(12, 9, 20, 23, 0)","[(2, 3, 5, '?'), (2, 3, 5, '?')]"
"(12, 9, 20, 26, 0)","[(2, 7, 1, '?')]"
"(12, 9, 21, 2, 0)","[(3, 6, 1, 0), (3, 6, 1, 0), ('?', 6, 1, '?'), (3, 6, 1, 0), (3, 6, 1, 5)]"
"(12, 9, 21, 9, 0)","[(2, 6, 1, '?'), ('?', 6, 1, '?')]"
"(12, 9, 21, 10, 0)","[(5, 6, 1, '?'), (5, 6, 5, '?'), (5, 6, 1, '?'), (5, 6, 5, '?'), (1, 6, 1, 0), (5, 6, 1, 3), (1, 6, 5, '?'), (1, 6, 5, '?'), (5, 6, 1, '?'), (1, 6, 1, '?'), (1, 6, 1, '?'), (5, 6, 5, '?'), (5, 6, 1, 7), (5, 6, 1, 7), (5, 6, 1, '?'), (5, 6, 1, '?'), (1, 6, 1, '?'), (1, 6, 1, '?'), (5, 6, 1, '?'), (1, 6, 1, 0)]"
"(12, 9, 21, 12, 0)","[('?', 6, 1, '?'), ('?', 6, 1, 0), ('?', 6, 1, '?'), ('?', 6, 1, 0), (3, 6, 1, 5), ('?', 6, 1, '?'), ('?', 6, 1, '?'), ('?', 6, 1, '?'), ('?', 6, 1, '?'), ('?', 6, 1, 0)]"
"(12, 9, 21, 13, 0)","[('?', 6, 5, '?'), ('?', 6, 5, '?'), (1, 6, 5, '?'), ('?', 6, 5, '?'), ('?', 6, 5, '?'), ('?', 6, 5, '?'), ('?', 6, 5, '?'), ('?', 6, 5, '?'), ('?', 6, 5, '?'), (1, 6, 5, '?'), (1, 6, 5, '?')]"
"(12, 9, 21, 17, 0)","[(1, 6, 1, '?'), (5, 6, 1, '?'), (1, 6, 1, '?'), (5, 6, 5, '?'), (5, 6, 1, '?'), (1, 6, 5, '?'), (5, 6, 1, '?'), (1, 6, 1, '?')]"
"(12, 9, 21, 20, 0)","[(2, 6, 1, '?')]"
"(12, 9, 21, 23, 0)","[(3, 6, 5, '?'), (3, 6, 5, '?'), (3, 6, 5, '?'), (3, 6, 5, '?'), (3, 6, 5, '?')]"
"(12, 9, 21, 25, 0)","[('?', 6, 1, '?'), (5, 6, 5, '?')]"
"(12, 9, 21, 27, 0)","[(0, 6, 5, '?')]"
"(12, 9, 24, 6, 0)","[(1, 6, 3, '?')]"
"(12, 9, 24, 13, 0)","[(2, 6, 5, '?')]"
"(12, 9, 24, 25, 0)","[(1, 6, 5, '?')]"
"(12, 9, 24, 27, 0)","[(0, 6, 5, '?'), (0, 6, 5, '?')]"
"(12, 9, 25, 3, 0)","[('?', 3, 5, '?')]"
"(12, 9, 25, 6, 0)","[('?', 7, 3, '?'), ('?', 7, 3, '?'), ('?', 7, 3, '?')]"
"(12, 9, 25, 11, 0)","[('?', '?', 3, '?')]"
"(12, 9, 25, 13, 0)","[('?', '?', 5, '?')]"
"(12, 9, 25, 17, 0)","[(1, 4, 5, '?')]"
"(12, 9, 25, 23, 0)","[(3, 3, 5, '?')]"
"(12, 9, 25, 24, 0)","[(7, 0, 5, 6)]"
"(12, 9, 26, 2, 0)","[(3, 2, 1, '?'), (3, 7, 1, '?'), (3, 7, 1, '?'), (3, 7, 1, '?'), (3, 7, 1, '?'), (3, 2, 1, '?'), (3, 2, 1, '?'), (3, 2, 1, '?'), (3, 2, 1, '?'), (3, 2, 5, '?'), (3, 2, 1, '?'), (3, 7, 1, '?'), (3, 2, 1, '?'), (3, 2, 5, '?')]"
"(12, 9, 26, 4, 0)","[('?', 2, 1, '?'), (3, 7, 1, '?'), ('?', 7, 1, '?'), ('?', 2, 1, '?'), ('?', 2, 1, '?'), ('?', 2, 1, '?'), (3, 7, 1, '?'), ('?', 7, 1, '?'), (3, 2, 1, '?'), (3, 2, 1, '?')]"
"(12, 9, 26, 6, 0)","[('?', 7, 3, '?')]"
"(12, 9, 26, 7, 0)","[(2, 7, 1, '?'), (0, 2, 1, '?'), (0, 2, 1, 0)]"
"(12, 9, 26, 9, 0)","[(2, 7, 1, '?'), ('?', 2, 1, '?'), (2, 2, 1, '?')]"
"(12, 9, 26, 10, 0)","[(5, 7, 1, 4), (5, 7, 1, '?'), (5, 7, 1, 4), (5, 7, 1, '?'), (1, 7, 1, '?'), (5, 2, 1, '?'), (5, 7, 1, '?'), (1, 7, 1, '?'), (5, 2, 1, '?'), (1, 2, 1, '?'), (5, 7, 1, '?'), (1, 7, 5, '?')]"
"(12, 9, 26, 12, 0)","[('?', 7, 1, '?'), ('?', 7, 1, '?'), ('?', 2, 1, '?'), (6, 7, 1, '?'), ('?', 2, 1, 7), ('?', 7, 1, '?'), (6, 7, 1, '?'), ('?', 2, 1, 6), (6, 7, 1, 1), ('?', 7, 1, '?')]"
"(12, 9, 26, 13, 0)","[('?', 2, 5, '?'), ('?', 2, 5, '?')]"
"(12, 9, 26, 17, 0)","[(1, 7, 1, '?'), (1, 7, 1, '?'), (5, 7, 1, '?'), (5, 2, 1, '?'), (5, 2, 1, '?')]"
"(12, 9, 26, 23, 0)","[(3, 7, 5, '?'), (3, 7, 5, '?'), (3, 7, 5, '?'), (3, 2, 5, '?'), (3, 2, 5, '?'), (3, 7, 5, '?'), (3, 7, 5, '?'), (3, 2, 5, '?'), (3, 7, 5, '?'), (3, 2, 5, '?'), (3, 2, 5, '?'), (3, 2, 5, '?'), (3, 2, 5, '?')]"
"(12, 9, 27, 6, 0)","[(0, 7, 5, '?'), (0, 7, 5, '?'), (0, 2, 5, '?'), (0, 7, 5, '?'), (0, 7, 5, '?')]"
"(12, 9, 27, 11, 0)","[(0, 4, 5, '?')]"
"(12, 9, 27, 13, 0)","[(0, 4, 5, 5), (0, 5, 5, 5)]"
"(12, 9, 27, 14, 0)","[(0, 1, 5, '?'), (0, 1, 5, '?'), (0, 0, 5, '?'), (0, 0, 5, '?'), (0, 0, 5, '?')]"
"(12, 9, 27, 16, 0)","[(0, 4, 5, '?'), (0, 4, 5, '?'), (0, 4, 5, '?'), (0, 4, 5, '?'), (0, 4, 5, '?')]"
"(12, 9, 27, 21, 0)","[(0, 6, 5, '?')]"
"(12, 9, 27, 22, 0)","[(0, 3, 5, '?'), (0, 3, 5, '?'), (0, 3, 5, '?'), (0, 3, 5, '?')]"
"(12, 9, 27, 24, 0)","[(0, 6, 5, '?'), (0, 1, 5, '?'), (0, 1, 5, 5), (0, 1, 5, 7), (0, 1, 5, '?'), (0, 1, 5, '?'), (0, 0, 5, 7), (0, 0, 5, 6), (0, 0, 5, '?'), (0, 1, 5, '?'), (0, 0, 5, 6), (0, 6, 5, '?'), (0, 1, 5, 5), (0, 1, 5, '?'), (0, 0, 5, '?'), (0, 1, 5, 0), (0, 1, 5, '?'), (0, 0, 5, 6), (0, 6, 5, '?'), (0, 1, 5, '?'), (0, 0, 5, 7), (0, 0, 5, 6), (0, 0, 5, 6)]"
"(12, 9, 27, 25, 0)","[(0, 3, 5, '?'), (0, 6, 5, 5), (0, '?', 5, 6), (0, '?', 5, 6), (0, '?', 5, 6)]"
"(12, 9, 27, 26, 0)","[(0, 2, 5, '?'), (0, 7, 5, 6), (0, 2, 5, '?'), (0, 7, 5, '?'), (0, 7, 5, '?'), (0, 2, 5, '?'), (0, 7, 5, 6), (0, 7, 5, '?'), (0, 7, 5, '?'), (0, 2, 5, '?'), (0, 2, 5, '?')]"
"(12, 9, 27, 27, 0)","[(0, 4, 5, 0), (0, '?', 5, 6), (0, 4, 5, '?'), (0, 5, 5, 5), (0, 5, 5, 5), (0, 0, 5, '?'), (0, 3, 5, '?')]"
"(12, 10, 6, 10, 0)","[(5, 7, 1, 1)]"
"(12, 10, 6, 17, 0)","[(5, 7, 4, 1), (1, 7, 4, 1), (1, 7, 4, 2)]"
"(12, 10, 10, 1, 0)","[(1, 0, 4, 2), (5, 1, 4, 2), (1, 1, 6, 1), (5, 1, 4, 2), (5, 0, 6, 2), (5, 1, 4, 2), (5, 1, 6, 1), (5, 1, 6, 1), (1, 1, 4, 1), (5, 1, 4, 1), (1, 1, 4, 1), (1, 1, 4, 1), (5, 1, 4, 1), (5, 1, 4, 1), (1, 1, 6, 1), (1, 1, 6, 1), (5, 1, 4, 1), (1, 1, 6, 2)]"
"(12, 10, 10, 3, 0)","[(5, 3, 4, '?'), (1, 3, 6, '?'), (1, 3, 6, '?'), (1, 3, 6, '?'), (1, 3, 4, '?'), (1, 3, 6, '?'), (5, 3, 6, '?'), (1, 3, 4, '?'), (5, 3, 4, '?'), (5, 3, 4, '?'), (1, 3, 4, '?'), (5, 3, 6, '?'), (5, 3, 6, '?'), (5, 3, 4, '?'), (1, 3, 4, '?'), (5, 3, 4, '?'), (1, 3, 4, '?'), (5, 3, 4, '?'), (1, 3, 4, '?'), (1, 3, 6, '?')]"
"(12, 10, 10, 5, 0)","[(5, 0, 6, '?'), (1, 1, 4, '?'), (5, 0, 6, '?'), (1, 0, 6, '?'), (5, 1, 6, '?'), (1, 1, 4, 7), (5, 0, 6, '?'), (1, 1, 4, '?'), (1, 1, 4, '?'), (5, 1, 6, 7), (1, 0, 6, '?'), (5, 1, 6, '?'), (5, 1, 6, '?'), (5, 0, 6, '?'), (1, 1, 4, 7)]"
"(12, 10, 10, 10, 0)","[(1, 4, 4, '?'), (1, '?', 4, '?'), (1, '?', 4, '?'), (5, 5, 6, '?'), (5, '?', 4, '?'), (1, '?', 4, '?'), (1, 0, 4, 3), (1, 5, 6, 6), (5, '?', 4, '?'), (1, '?', 4, '?'), (1, 2, 6, '?'), (1, '?', 4, '?'), (1, 0, 4, 7), (1, 5, 4, '?'), (5, 7, 6, '?'), (5, '?', 4, '?'), (5, '?', 4, '?')]"
"(12, 10, 10, 11, 0)","[(5, '?', 6, 2), (1, '?', 4, 1), (1, 7, 6, 1), (5, 0, 4, 1), (1, 7, 6, 1), (5, '?', 4, 1), (1, 7, 6, 1), (1, 7, 6, 1), (5, '?', 4, 2), (5, '?', 6, 2), (1, 7, 6, 1), (1, 6, 6, 1), (1, '?', 4, 1), (5, '?', 4, 2), (1, 2, 6, 2), (1, '?', 4, 1), (1, 7, 4, 1), (1, 2, 6, 2), (1, '?', 6, 1), (5, '?', 6, 2), (1, 2, 6, 2), (5, '?', 4, 1), (1, 6, 6, 1), (1, '?', 4, 1), (5, '?', 4, 1), (1, '?', 4, 1)]"
"(12, 10, 10, 12, 0)","[(5, 5, 6, '?'), (5, '?', 4, '?'), (1, 7, 6, '?')]"
"(12, 10, 10, 14, 0)","[(1, 1, 6, 5)]"
"(12, 10, 10, 19, 0)","[(5, 3, 6, 2), (1, 3, 4, 1), (1, 3, 4, 2), (1, 3, 6, 2), (1, 3, 6, 2), (5, 3, 6, 1), (5, 3, 6, 2), (5, 3, 4, 2), (1, 3, 6, 2), (1, 3, 4, 1), (5, 3, 4, 2), (5, 3, 6, 1)]"
"(12, 10, 10, 22, 0)","[(1, 3, 6, '?')]"
"(12, 10, 10, 26, 0)","[(1, 2, 6, '?'), (5, 7, 6, '?')]"
"(12, 10, 17, 1, 0)","[(1, 1, 6, 2), (5, 0, 4, 2), (1, 1, 6, 2), (1, 1, 4, 1), (5, 1, 6, 1), (1, 1, 6, 1)]"
"(12, 10, 17, 3, 0)","[(1, 3, 6, '?'), (1, 3, 4, '?'), (5, 3, 6, '?'), (5, 3, 6, '?')]"
"(12, 10, 17, 5, 0)","[(5, 1, 6, '?'), (5, 1, 4, '?'), (5, 1, 6, '?')]"
"(12, 10, 17, 6, 0)","[(5, 2, 6, 1), (5, 2, 6, 1), (1, 7, 4, 2)]"
"(12, 10, 17, 11, 0)","[(1, 0, 4, 1), (5, 5, 6, 2), (1, '?', 6, 1), (1, 5, 4, 1), (1, 5, 4, 2), (1, 5, 4, 2), (1, 5, 4, 2), (1, 5, 4, 2), (5, 2, 6, 2), (1, 5, 4, 2), (1, 5, 4, 1), (5, 6, 6, 1), (1, 5, 4, 1), (1, 5, 4, 1), (1, 5, 4, 1), (1, '?', 4, 1), (1, 5, 4, 1), (1, '?', 6, 2)]"
"(12, 10, 17, 12, 0)","[(1, 5, 4, '?'), (1, 5, 4, '?'), (1, 5, 4, 6), (5, 5, 6, '?'), (1, 5, 4, '?')]"
"(12, 10, 17, 16, 0)","[(1, 5, 6, 1)]"
"(12, 10, 17, 19, 0)","[(5, 3, 4, 2), (1, 3, 4, 2), (1, 3, 6, 2), (5, 3, 4, 2), (5, 3, 4, 2), (5, 3, 4, 2)]"
"(12, 10, 21, 2, 0)","[(1, 6, 4, 2)]"
"(12, 10, 21, 10, 0)","[(1, 6, 4, '?'), (1, 6, 4, '?'), (5, 6, 6, '?'), (5, 6, 6, '?'), (1, 6, 4, '?'), (5, 6, 6, '?'), (5, 6, 6, '?'), (1, 6, 4, '?')]"
"(12, 10, 21, 17, 0)","[(1, 6, 4, 2), (1, 6, 4, 2), (1, 6, 6, 1), (1, 6, 4, 2), (1, 6, 4, '?')]"
"(12, 10, 26, 10, 0)","[(1, 7, 6, '?'), (1, 2, 4, '?'), (1, 2, 6, '?'), (5, 2, 4, 7), (1, 2, 4, '?'), (1, 2, 4, '?'), (1, 7, 4, '?'), (1, 7, 4, '?'), (1, 2, 4, '?')]"
"(12, 10, 26, 11, 0)","[(1, 7, 4, 1), (1, 7, 4, 2), (1, 2, 6, 2), (5, 2, 4, 2), (5, 2, 4, 2), (5, 2, 4, 2), (5, 2, 6, 1)]"
"(12, 10, 26, 17, 0)","[(1, 2, 4, '?'), (1, 2, 4, '?'), (1, 7, 6, '?'), (1, 7, 4, 1)]"
"(12, 11, 1, 1, 0)","[('?', 6, 0, 2)]"
"(12, 11, 1, 2, 0)","[(3, 6, 3, 1), (3, 6, 3, 1), (3, 6, 3, 1)]"
"(12, 11, 1, 4, 0)","[('?', 6, 0, 2)]"
"(12, 11, 1, 10, 0)","[(5, 6, 0, 1), (5, 6, 3, 2)]"
"(12, 11, 1, 11, 0)","[(4, 6, 3, 2), ('?', 6, 0, 2), (5, 6, 3, 2)]"
"(12, 11, 1, 25, 0)","[('?', 6, 3, 2)]"
"(12, 11, 2, 3, 0)","[(4, 3, 1, 1)]"
"(12, 11, 2, 4, 0)","[(4, 0, 1, 2), (4, '?', 1, 1), (4, 0, 1, 1), (4, 4, 1, 2), (4, 4, 1, 1), (4, '?', 1, 1), (4, 5, 1, 2)]"
"(12, 11, 2, 6, 0)","[(4, 7, 1, 2)]"
"(12, 11, 2, 9, 0)","[(4, 0, 1, 1)]"
"(12, 11, 2, 10, 0)","[(4, 1, 1, 2), (4, 1, 1, 2), (4, 3, 1, 2), (4, 3, 1, 2), (4, 1, 1, 2)]"
"(12, 11, 2, 11, 0)","[(4, 3, 1, 1)]"
"(12, 11, 2, 13, 0)","[(4, 4, 5, 1), (4, 4, 5, 1), (4, 4, 5, 1), (4, 5, 5, 2), (4, 4, 5, 1), (4, 4, 5, 1), (4, 7, 5, 1), (4, 3, 5, 1), (4, 6, 5, 2), (4, 5, 5, 1), (4, 4, 5, 2), (4, 4, 5, 2), (4, 4, 5, 1)]"
"(12, 11, 2, 14, 0)","[(4, 1, 5, 2), (4, 1, 5, 2), (4, 1, 5, 2)]"
"(12, 11, 2, 15, 0)","[(4, 5, 5, 1), (4, 5, 5, 2)]"
"(12, 11, 2, 16, 0)","[(4, 4, 5, 2), (4, 4, 5, 2), (4, 5, 5, 1), (4, 5, 5, 1)]"
"(12, 11, 2, 23, 0)","[(4, 3, 5, 1), (4, 3, 5, 1), (4, 3, 5, 1)]"
"(12, 11, 2, 26, 0)","[(4, 7, 5, 1), (4, 7, 5, 2)]"
"(12, 11, 3, 2, 0)","[(3, 5, 1, 1), (3, 5, '?', 2)]"
"(12, 11, 3, 4, 0)","[('?', 5, 1, 2), (3, 5, 1, 1), (7, 5, 1, 1), (3, 5, 1, 2), (3, 5, 1, 2), (3, 5, 1, 2)]"
"(12, 11, 3, 7, 0)","[(0, 5, 1, 1), (0, 5, 1, 1), (0, 5, 1, 1)]"
"(12, 11, 3, 10, 0)","[(5, 5, 5, 1), (5, 5, 5, 2)]"
"(12, 11, 3, 12, 0)","[('?', 5, 1, 2), (7, 5, 1, 1), (2, 5, 1, 1)]"
"(12, 11, 3, 13, 0)","[(5, 5, 5, 2), ('?', 5, 5, 1), ('?', 5, 5, 2), (3, 5, 5, 2), ('?', 5, 5, 1), (5, 5, 5, 2), (3, 5, 5, 2), ('?', 5, 5, 2), ('?', 5, 5, 1), ('?', 5, 5, 2), ('?', 5, 5, 1)]"
"(12, 11, 3, 25, 0)","[('?', 5, 5, 2), ('?', 5, 1, 2), (0, 5, 5, 1), ('?', 5, 5, 2), ('?', 5, 5, 2), (0, 5, 5, 1), (7, 5, 5, 2), (0, 5, 5, 2)]"
"(12, 11, 3, 27, 0)","[(0, 5, 5, 2), (0, 5, 5, 2), (0, 5, 5, 1), (0, 5, 5, 2)]"
"(12, 11, 4, 2, 0)","[(3, 0, 1, 2), (3, 0, 1, 2), (3, 1, 1, 2), (3, 1, 1, 2)]"
"(12, 11, 4, 3, 0)","[(0, 3, 1, 1), ('?', 3, 1, 1), ('?', 3, 1, 2), ('?', 3, 1, 2), (2, 3, 1, 1), (0, 4, 1, 1)]"
"(12, 11, 4, 4, 0)","[(3, 4, 1, 1), (4, 4, 1, 1), (4, 4, 1, 1), (3, 5, 1, 1), (4, '?', 1, 1), (4, 4, 1, 1)]"
"(12, 11, 4, 5, 0)","[('?', 1, 1, 2)]"
"(12, 11, 4, 7, 0)","[(0, 1, 1, 2)]"
"(12, 11, 4, 9, 0)","[(4, 4, 1, 1)]"
"(12, 11, 4, 10, 0)","[(5, 4, 1, 1)]"
"(12, 11, 4, 11, 0)","[(4, 4, 1, 2), (3, 4, 1, 1), ('?', 4, 5, 2), (0, 4, 1, 1), (4, 4, 1, 2), (3, 4, 1, 1), (4, 4, 1, 1), (0, 0, 1, 1), (6, 0, 1, 2), (2, 5, 1, 1), (6, 4, 1, 1), (5, 4, 1, 2), (4, 0, 1, 2), (4, 1, 1, 2), (4, 0, 1, 2), (0, 1, 1, 1), ('?', 4, 1, 2), ('?', 4, 1, 2), (2, 5, 1, 1)]"
"(12, 11, 4, 12, 0)","[(0, 1, 1, 1), (0, 0, 1, 1), (1, 4, 1, 2), (5, 5, 1, 2), (2, 4, 1, 1), ('?', '?', 1, 1), ('?', 0, 1, 2), (2, 0, 1, 1), ('?', 4, 1, 2), (2, 4, 1, 1), (3, 0, 1, 1), (4, 0, 1, 2), (2, '?', 1, 1), (1, 0, 1, 2), (2, 0, 1, 1), (4, 4, 1, 2), (3, 5, 1, 2), ('?', 5, 1, 2), (1, 4, 1, 2)]"
"(12, 11, 4, 15, 0)","[(4, 1, 1, 2)]"
"(12, 11, 4, 17, 0)","[(1, 5, 1, '?')]"
"(12, 11, 4, 18, 0)","[(0, 4, 1, 1), (0, 4, 1, 2), (0, 4, 1, 1), (0, 4, 1, 1)]"
"(12, 11, 4, 20, 0)","[(2, 0, 1, 1), (2, 4, 1, 1), (2, '?', 1, 1)]"
"(12, 11, 4, 23, 0)","[(3, 3, 1, 2)]"
"(12, 11, 4, 25, 0)","[('?', 0, 1, 2), (4, 4, 1, 1), (4, 4, 1, 2), (3, 4, 1, 1)]"
"(12, 11, 6, 2, 0)","[(3, 6, 3, 1), (3, 2, 3, 1), (3, 7, 0, 2), (3, 2, 0, 2), (3, 2, 3, 1), (3, 2, 3, 2), (3, 7, 0, 2), (3, 7, 0, 1)]"
"(12, 11, 6, 6, 0)","[(0, 2, 0, 1), (0, 2, 3, 1), ('?', 7, 0, 1), (4, 2, 3, 1), (5, 7, 3, 2), ('?', 7, 3, 2), ('?', 7, 3, 2), ('?', 7, 3, 2), (0, 2, 3, 1)]"
"(12, 11, 6, 10, 0)","[(5, 2, 3, 1), ('?', 2, 3, 2), (1, 2, 0, 1), (1, 2, 0, 1), (5, 7, 0, 2), (1, 7, 0, 1), (5, 7, 0, 1), (5, 7, 0, 1), (5, 7, 3, 1), (5, 7, 0, 2), (5, 2, 0, 1), (1, 2, 3, 1), (5, 7, 0, 2), (1, 7, 0, 2), (1, 2, 0, 1), (5, 7, 0, 1), (1, 2, 3, 2), (5, 2, 0, 1), (1, 2, 3, 2), (5, 2, 0, 1), (5, 2, 0, 1), (5, 7, 0, 1), (1, 2, 0, 1), (1, 2, 0, 1), (1, 2, 0, 1), (1, 2, 3, 1), (5, 2, 3, 2), (1, 2, 3, 2), (5, 2, 3, 2), (1, 2, 0, 2), (1, 2, 3, 2), (1, 2, 3, 2)]"
"(12, 11, 6, 11, 0)","[(0, 2, 0, 1), ('?', 7, 3, 2), ('?', 2, 0, 2), (5, 7, 0, 2)]"
"(12, 11, 6, 12, 0)","[('?', 7, 0, 1), ('?', 7, 0, 1), (0, 2, 3, 1), (0, 2, 3, 1), (5, 7, 0, 2), (0, 2, 0, 1)]"
"(12, 11, 6, 15, 0)","[(4, 2, 3, 1), (4, 2, 0, 1)]"
"(12, 11, 6, 17, 0)","[(5, 7, 3, 1)]"
"(12, 11, 6, 25, 0)","[('?', 7, 0, 1), (0, 2, 3, 1), ('?', 2, 0, 1), ('?', 2, 0, 2), (5, 7, 3, 2), ('?', 2, 0, 2), (5, 7, 3, 2), ('?', 2, 0, 2), (5, 7, 0, 2), ('?', 2, 3, 2), ('?', 2, 0, 2)]"
"(12, 11, 7, 3, 0)","[(0, 3, 1, 2), (0, 3, 1, 2), (0, 3, 1, 2), (0, 3, 1, 1), (0, 3, 1, 2), (0, 3, 1, 1), (0, '?', 1, 2), (0, 3, 1, 2), (0, 3, 1, 2), (0, 3, 1, 2), (0, 3, 1, 2), (0, 3, 1, 2)]"
"(12, 11, 7, 4, 0)","[(0, '?', 1, 2)]"
"(12, 11, 7, 5, 0)","[(0, 1, 1, 2)]"
"(12, 11, 7, 7, 0)","[(0, 1, 1, 1), (0, 1, 1, 2), (0, 1, 1, 2)]"
"(12, 11, 7, 10, 0)","[(0, 3, 1, 1), (0, 6, 1, 2), (0, 6, 1, 2), (0, '?', 1, 2), (0, 4, 1, 2), (0, 1, 1, 2)]"
"(12, 11, 7, 12, 0)","[(0, 6, 1, 2), (0, 0, 1, 1), (0, 1, 1, 1), (0, '?', 1, 1), (0, '?', 1, 1), (0, '?', 1, 2), (0, 1, 1, 2), (0, 4, 1, 2), (0, 4, 1, 2)]"
"(12, 11, 7, 15, 0)","[(0, 4, 1, 2)]"
"(12, 11, 7, 16, 0)","[(0, 5, 1, 1)]"
"(12, 11, 7, 17, 0)","[(0, 4, 1, 2), (0, 4, 1, 2), (0, 4, 1, 2)]"
"(12, 11, 7, 20, 0)","[(0, '?', 1, 1), (0, 1, 1, 2), (0, '?', 1, 1)]"
"(12, 11, 7, 21, 0)","[(0, 6, 1, 2), (0, 6, 1, 2)]"
"(12, 11, 7, 26, 0)","[(0, 7, 1, 2), (0, 7, 1, 2), (0, 2, 1, 2), (0, 7, 1, 1), (0, 2, 1, 2), (0, 7, 1, 1), (0, 7, 1, 2), (0, 7, 1, 2), (0, 7, 1, 1), (0, 7, 1, 1)]"
"(12, 11, 8, 2, 0)","[(3, 5, 0, 2), (3, 5, 5, 2), (3, 5, 3, 2), (3, 5, 3, 1)]"
"(12, 11, 8, 11, 0)","[('?', 5, 3, 1), ('?', 5, 3, 1), ('?', 5, 0, 2), ('?', 5, 3, 2), ('?', 5, 3, 1), ('?', 5, 3, 2), ('?', 5, 0, 2), ('?', 5, 0, 2), ('?', 5, 3, 1), ('?', 5, 0, 2), ('?', 5, 3, 2), ('?', 5, 0, 1), (2, 5, 3, 2)]"
"(12, 11, 8, 12, 0)","[(3, 5, 0, 2)]"
"(12, 11, 8, 15, 0)","[(3, 5, 3, 2), (3, 5, 0, 2)]"
"(12, 11, 8, 17, 0)","[(5, 5, 0, 2), (5, 5, 0, 2), (5, 5, 0, 1)]"
"(12, 11, 8, 18, 0)","[(0, 5, 0, 2), (0, 5, 0, 2), (0, 5, 0, 1), (0, 5, 0, 2), (0, 5, 0, 2)]"
"(12, 11, 8, 20, 0)","[(2, 5, 0, 1)]"
"(12, 11, 8, 25, 0)","[('?', 5, 0, 1), (3, 5, 0, 1), ('?', 5, 0, 1), ('?', 5, 0, 2), (3, 5, 0, 1), (3, 5, 0, 2)]"
"(12, 11, 10, 1, 0)","[(1, 0, 3, 1), (1, 0, 3, 2), (1, 0, 3, 1), (5, 0, 0, 1), (1, 0, 3, 2), (5, 1, 0, 1), (1, 1, 0, 2), (1, 1, 0, 2), (5, 1, 3, 2), (5, 0, 0, 1), (1, 1, 0, 2), (1, 0, 0, 2), (1, 1, 0, 2), (5, 1, 3, 1), (5, 1, 3, 2), (5, 1, 3, 2), (1, 1, 3, 2), (1, 1, 3, 2), (5, 1, 3, 1), (5, 1, 0, 1), (1, 0, 3, 2), (5, 1, 3, 2), (1, 1, 3, 1), (5, 0, 3, 2), (1, 0, 3, 2), (1, 1, 3, 1), (1, 1, 0, 2), (1, 1, 3, 2), (5, 1, 3, 1), (5, 0, 3, 2), (5, 1, 0, 1), (1, 0, 0, 2), (5, 0, 3, 2), (1, 0, 3, 2), (5, 0, 3, 2), (1, 1, 0, 1), (5, 0, 0, 2), (5, 0, 3, 2), (5, 0, 3, 2), (1, 1, 0, 1), (5, 1, 0, 1), (1, 1, 0, 2), (1, 0, 3, 2), (1, 1, 3, 2), (5, 0, 3, 2), (5, 1, 0, 1), (1, 1, 3, 2), (5, 1, 3, 2), (5, 0, 0, 2), (1, 0, 0, 2), (5, 0, 0, 2), (1, 0, 0, 2), (1, 0, 0, 2), (1, 0, 0, 1), (1, 0, 3, 1), (1, 0, 0, 2), (5, 0, 0, 2), (1, 1, 3, 1), (1, 0, 0, 1), (1, 1, 0, 1)]"
"(12, 11, 10, 3, 0)","[(1, 3, 1, 1), (1, 3, 1, 2), (1, 3, 1, 2), (5, 3, 1, 2), (1, 3, 1, 1)]"
"(12, 11, 10, 4, 0)","[(1, '?', 1, 2)]"
"(12, 11, 10, 5, 0)","[(1, 1, 5, 2)]"
"(12, 11, 10, 6, 0)","[(5, 7, 0, 1), (1, 7, 0, 1), (1, 7, 0, 2), (5, 7, 3, 1), (1, 7, 0, 1), (1, 2, 3, 1), (1, 7, 3, 1), (5, 7, 0, 1), (5, 7, 3, 1), (1, 2, 3, 2), (5, 7, 0, 1), (5, 7, 3, 1), (1, 7, 0, 1), (5, 7, 3, 2)]"
"(12, 11, 10, 8, 0)","[(1, 3, 3, 1), (1, 3, 0, 1), (5, 3, 0, 2), (1, 3, 0, 1), (5, 3, 3, 1), (1, 3, 0, 2), (1, 3, 0, 1), (5, 3, 0, 1), (1, 3, 0, 2), (1, 3, 3, 1), (1, 3, 0, 1), (1, 3, 3, 1), (1, 3, 3, 2), (1, 3, 3, 1), (1, 3, 0, 1), (1, 3, 0, 2), (1, 3, 3, 1), (1, 3, 3, 1), (5, 3, 0, 2), (1, 3, 3, 1)]"
"(12, 11, 10, 9, 0)","[(5, 6, 1, 1), (1, 0, 1, 1), (5, 5, 1, 1), (5, 4, 1, 1), (5, 6, 1, 2), (5, 5, 1, 1), (1, 6, 1, 1), (1, '?', 1, 2), (5, 4, 1, 1)]"
"(12, 11, 10, 10, 0)","[(5, 1, 1, 1), (1, 1, 1, 1), (5, '?', 1, 2), (1, '?', 1, 2), (1, '?', 1, 2), (5, 3, 1, 2), (1, '?', 1, 2), (5, 0, 1, 1), (5, 1, 1, 1), (5, 1, 1, 1), (1, 3, 1, 2), (1, 3, 1, 2), (1, '?', 1, 1), (1, '?', 1, 2), (1, 0, 1, 2), (1, 1, 1, 2), (1, 3, 1, 2), (5, 5, 1, 1), (5, 3, 1, 2), (5, 5, 1, 1), (1, '?', 1, 1), (1, '?', 1, 2), (1, 0, 1, 1), (1, 1, 1, 2), (5, 0, 1, 1)]"
"(12, 11, 10, 11, 0)","[(1, 3, 0, 1), (5, '?', 3, 2), (1, '?', 0, 1), (1, 7, 0, 2), (5, '?', 0, 1), (5, 3, 3, 2), (1, 3, 3, 2), (1, '?', 0, 1), (5, 4, 0, 1), (5, '?', 3, 1), (5, '?', 3, 1), (1, '?', 0, 2), (1, 3, 3, 2), (1, 3, 3, 2), (5, '?', 0, 1), (1, '?', 0, 1), (1, '?', 0, 2), (5, '?', 3, 1), (1, 5, 3, 1), (5, 3, 3, 2), (1, 7, 0, 2), (1, '?', 0, 1), (5, 0, 3, 1), (1, 7, 3, 1), (5, 3, 3, 2), (1, 5, 3, 2), (5, '?', 3, 2), (5, '?', 3, 2), (1, 0, 3, 1), (1, 0, 0, 1), (1, '?', 0, 1), (5, 5, 0, 2), (1, 7, 3, 1), (1, '?', 0, 1), (5, 3, 3, 2), (1, 2, 3, 1), (5, 5, 3, 1), (1, 4, 0, 1), (5, 5, 0, 1), (1, 2, 0, 2), (5, 5, 3, 1), (1, 4, 3, 1), (5, '?', 3, 1), (5, 5, 3, 2), (1, 4, 3, 1), (1, 7, 0, 1), (5, '?', 3, 1), (1, 7, 0, 1), (1, 4, 0, 1), (1, 4, 3, 2), (1, 5, 3, 2), (1, 7, 3, 1), (1, '?', 0, 2), (5, '?', 3, 2), (1, '?', 0, 1), (1, 4, 3, 1), (1, 7, 3, 1), (1, 3, 3, 2), (1, '?', 0, 1), (1, '?', 0, 2), (5, '?', 0, 1), (5, '?', 0, 1), (1, 5, 3, 2), (1, '?', 0, 1), (5, 3, 3, 2), (1, 7, 3, 1), (1, 5, 3, 2), (1, 3, 0, 2), (1, 5, 3, 2)]"
"(12, 11, 10, 12, 0)","[(5, 3, 1, 2), (1, 0, 1, 2), (1, '?', 1, 2), (1, '?', 1, 1), (1, 1, 1, 2), (5, '?', 1, 2), (1, 0, 1, 1), (5, '?', 1, 2), (5, 1, 1, 1)]"
"(12, 11, 10, 13, 0)","[(5, 4, 5, 1), (1, 0, 5, 2), (5, '?', 5, 1), (1, '?', 5, 2), (1, 6, 5, 1), (1, 4, 5, 2), (1, 7, 5, 2), (1, 5, 5, 2), (1, 6, 5, 1), (5, 0, 5, 1), (1, 6, 5, 1), (1, '?', 5, 2), (5, 0, 5, 2), (1, '?', 5, 2), (1, '?', 5, 2), (1, 7, 5, 1), (1, 0, 5, 2), (5, 0, 5, 1), (5, 0, 5, 1), (1, '?', 5, 2), (1, '?', 5, 2), (5, 0, 5, 2), (1, 4, 5, 1), (5, 0, 5, 1), (5, 0, 5, 1)]"
"(12, 11, 10, 14, 0)","[(5, 1, 5, 1), (5, 0, 5, 2), (1, 1, 5, 2), (5, 1, 5, 1), (5, 1, 5, 1), (5, 1, 5, 1), (1, 1, 5, 2), (1, 1, 5, 2)]"
"(12, 11, 10, 17, 0)","[(1, 0, 1, 1), (1, 1, 1, 2), (1, 1, 1, 2), (5, 1, 1, 1), (1, '?', 1, 1), (5, 1, 1, 1), (1, 0, 1, 1), (5, 6, 1, 1), (5, 1, 1, 1), (1, '?', 1, 2), (5, 4, 1, 1), (5, 6, 1, 1)]"
"(12, 11, 10, 19, 0)","[(5, 3, 3, 2), (5, 3, 0, 1), (5, 3, 0, 1), (5, 3, 3, 2), (1, 3, 0, 1), (1, 3, 0, 1), (1, 3, 3, 1), (1, 3, 0, 2), (1, 3, 0, 2), (5, 3, 0, 2), (5, 3, 0, 1)]"
"(12, 11, 10, 21, 0)","[(1, 6, 1, 2), (1, 6, 5, 1), (1, 6, 1, 1), (5, 6, 1, 1), (1, 6, 1, 1), (5, 6, 1, 1)]"
"(12, 11, 10, 23, 0)","[(5, 3, 5, 1), (5, 3, 5, 2), (5, 3, 5, 1), (1, 3, 5, 1), (5, 3, 5, 2), (5, 3, 5, 2), (5, 3, 5, 1), (1, 3, 5, 1), (5, 3, 5, 1), (1, 3, 5, 1), (5, 3, 5, 1), (5, 3, 5, 2)]"
"(12, 11, 10, 25, 0)","[(1, 2, 3, 1), (1, '?', 5, 2), (5, 5, 3, 1), (1, 3, 1, 2), (1, 3, 1, 2), (1, 3, 1, 1), (1, 1, 1, 1), (5, 3, 1, 2)]"
"(12, 11, 10, 26, 0)","[(5, 2, 1, 1), (5, 2, 1, 1)]"
"(12, 11, 11, 1, 0)","[('?', 0, 0, 1)]"
"(12, 11, 11, 2, 0)","[(3, 4, 0, 1), (3, 4, 3, 2), (3, '?', 0, 1), (3, 0, 3, 1), (3, '?', 0, 1), (3, '?', 0, 1), (3, '?', 0, 1), (3, 5, 3, 1), (3, 0, 3, 1), (3, 4, 3, 2), (3, '?', 3, 1), (3, '?', 3, 1), (3, '?', 3, 1), (3, '?', 3, 2), (3, '?', 3, 2), (3, '?', 0, 1), (3, 4, 3, 1), (3, 7, 0, 2), (3, '?', 3, 2), (3, '?', 3, 2), (3, '?', 3, 1), (3, '?', 3, 1), (3, 7, 0, 2), (3, '?', 3, 1), (3, 4, 3, 1), (3, 5, 0, 1), (3, '?', 0, 1), (3, 5, 3, 2), (3, 7, 3, 2), (3, '?', 3, 1), (3, '?', 3, 2), (3, '?', 3, 1), (3, '?', 0, 1), (3, 4, 3, 1), (3, 4, 3, 1), (3, 4, 3, 1), (3, 7, 3, 1), (3, 4, 3, 2), (3, '?', 3, 2), (3, 2, 0, 2)]"
"(12, 11, 11, 3, 0)","[('?', 3, 0, 2), ('?', 3, 3, 1), ('?', 3, 3, 1), ('?', 3, 3, 1), ('?', 3, 0, 2), ('?', 3, 0, 2), (0, 3, 0, 1), ('?', 3, 3, 2), ('?', 3, 3, 2), ('?', 3, 3, 2), ('?', 3, 0, 2), ('?', 3, 0, 2), ('?', 3, 3, 2), ('?', 3, 0, 2), ('?', 3, 3, 2), ('?', 3, 0, 2), ('?', 3, 3, 1), (2, 3, 3, 1), (3, 3, 0, 2), (0, 3, 3, 1), (2, 3, 3, 2), ('?', 3, 3, 1), (2, 3, 3, 1), (0, 3, 3, 1), (2, 3, 3, 1), ('?', 3, 3, 2), (0, 3, 3, 1)]"
"(12, 11, 11, 4, 0)","[(4, 4, 0, 2), ('?', 4, 3, 2), ('?', 4, 0, 1), ('?', 4, 0, 1), (4, 4, 0, 1), ('?', 4, 3, 2), ('?', 4, 3, 2), ('?', 4, 0, 2), ('?', 4, 3, 2), ('?', 4, 3, 1), ('?', 4, 3, 1), ('?', 4, 0, 1), (3, 4, 0, 2), ('?', 4, 0, 5), (4, 4, 3, 2), (5, 4, 3, 2), ('?', '?', 0, 1), (5, 4, 0, 2), ('?', 4, 3, 1), (4, 4, 0, 1), (3, 4, 0, 1), (5, 4, 0, 2), ('?', 4, 3, 1), (5, 4, 3, 2), ('?', 4, 0, 2), ('?', 4, 0, 2), (3, 4, 0, 2), ('?', 4, 3, 1), (3, 4, 3, 1), (3, 4, 3, 1), ('?', 4, 0, 2), (3, 4, 0, 2), ('?', 5, 0, 1), ('?', 4, 0, 1), (5, 4, 0, 2), ('?', 4, 0, 2), ('?', 4, 3, 1), (3, 4, 0, 1), ('?', 4, 0, 2), ('?', 4, 3, 2), (0, 5, 3, 1), (2, 5, 3, 1)]"
"(12, 11, 11, 5, 0)","[('?', 0, 3, 2), ('?', 0, 3, 1), ('?', 1, 3, 1), ('?', 0, 3, 1), ('?', 1, 0, 2), ('?', 1, 0, 2), ('?', 0, 3, 2), ('?', 0, 3, 1), ('?', 1, 0, 2), ('?', 0, 0, 1), ('?', 0, 3, 2), ('?', 0, 0, 1), ('?', 1, 3, 1), ('?', 0, 0, 1), ('?', 0, 0, 1), ('?', 0, 3, 2), ('?', 1, 0, 2), ('?', 0, 3, 1), (2, 0, 3, 2), (2, 1, 3, 1), ('?', 1, 3, 1)]"
"(12, 11, 11, 10, 0)","[(5, 5, 0, 1), (5, 4, 3, 2), (1, 4, 0, 2), (5, 5, 0, 1), (1, 5, 3, 1), (5, 5, 3, 2), (5, 5, 3, 1), (1, 4, 0, 2), (1, 4, 0, 2), (5, 5, 0, 2), (1, 5, 3, 2), (5, 5, 0, 1), (1, 4, 3, 2), (1, 4, 3, 2), (1, 4, 3, 2), (5, 5, 0, 1), (5, 4, 3, 2), (5, '?', 3, 1), (5, 5, 0, 2)]"
"(12, 11, 11, 11, 0)","[(2, 5, 3, 1), ('?', '?', 3, 1), ('?', 4, 3, 1), (2, 4, 3, 2), ('?', 4, 0, 2), ('?', 0, 3, 1), (4, '?', 0, 2), (2, 4, 3, 2), ('?', '?', 3, 1), (5, 4, 3, 2), ('?', 4, 3, 2), (2, 4, 3, 2), (4, 4, 0, 2), (4, 4, 3, 2)]"
"(12, 11, 11, 12, 0)","[('?', '?', 3, 1), ('?', '?', 0, 2), ('?', '?', 0, 2), ('?', '?', 3, 2), (3, 4, 0, 2), ('?', '?', 3, 2), ('?', '?', 0, 1), ('?', '?', 3, 1), ('?', 4, 3, 2), ('?', 5, 3, 2), (5, 5, 0, 2), ('?', 5, 3, 2), ('?', '?', 3, 2), ('?', 5, 3, 2), ('?', 5, 0, 1), (4, 4, 0, 1), (3, 4, 3, 2), (3, 4, 0, 2), ('?', 4, 3, 2), ('?', '?', 3, 1), ('?', '?', 3, 1), ('?', '?', 0, 1), ('?', 4, 0, 2), ('?', 5, 3, 2), ('?', '?', 0, 1), (7, 5, 3, 1), ('?', 5, 3, 1), (0, 5, 3, 1), (0, 5, 3, 2), ('?', 5, 0, 1), (0, 5, 3, 1), ('?', 4, 3, 1), (5, 5, 0, 2)]"
"(12, 11, 11, 14, 0)","[(3, 0, 3, 2), (3, 0, 3, 2), (3, 1, 0, 1), (3, 0, 0, 1), (3, 1, 3, 2), (3, 0, 3, 2), (3, 0, 3, 1), (3, 0, 0, 1), (3, 1, 0, 2), (3, 1, 0, 1), (3, 0, 0, 1), (3, 1, 0, 1), (3, 1, 0, 1), (3, 1, 0, 2), (3, 1, 0, 2), (3, 0, 3, 1), (3, 0, 3, 2), (3, 1, 3, 2), (3, 0, 3, 2), (3, 1, 3, 2), (3, 1, 0, 1), (3, 1, 3, 2), (3, 1, 0, 2), (3, 0, 0, 1), (3, 1, 0, 2), (3, 0, 3, 2), (3, 0, 0, 1), (3, 1, 0, 1), (3, 1, 0, 1), (3, 0, 3, 2), (3, 1, 3, 2), (3, 1, 3, 2), (3, 0, 3, 2), (3, 0, 3, 2), (3, 0, 3, 2), (3, 0, 3, 1), (3, 1, 0, 1), (3, 1, 0, 2), (3, 1, 3, 2), (3, 1, 3, 2), (3, 0, 3, 1), (3, 0, 3, 1)]"
"(12, 11, 11, 15, 0)","[(3, 7, 3, 2)]"
"(12, 11, 11, 16, 0)","[(3, 4, 3, 2), (3, 4, 0, 1), (3, 4, 0, 2), (3, 4, 0, 2), (3, 4, 0, 2), (3, 4, 3, 1), (3, 4, 3, 2), (3, 4, 3, 1), (3, 4, 0, 1), (3, 4, 3, 2), (3, 4, 3, 1)]"
"(12, 11, 11, 17, 0)","[(1, 4, 3, 1), (1, 4, 3, 2), (1, 4, 3, 1), (1, 4, 0, 2), (5, '?', 0, 1), (5, 5, 3, 2), (5, 5, 3, 2), (5, 5, 3, 1), (1, 5, 3, 1), (5, 5, 3, 2), (1, 5, 3, 2), (5, 4, 0, 1), (1, 4, 0, 1)]"
"(12, 11, 11, 19, 0)","[('?', 3, 3, 2), ('?', 3, 3, 1), (2, 3, 3, 2), (3, 3, 0, 2), (0, 3, 3, 1), (3, 3, 0, 2), (2, 3, 3, 1)]"
"(12, 11, 11, 22, 0)","[(3, 3, 0, 2), (3, 3, 0, 2), (3, 3, 3, 1), (3, 3, 0, 1)]"
"(12, 11, 11, 23, 0)","[(3, 3, 3, 1), (3, 3, 0, 1), (3, 3, 3, 1), (3, 3, 0, 1), (3, 3, 3, 1), (3, 3, 0, 1), (3, 3, 3, 1), (3, 3, 0, 2), (3, 3, 0, 1), (3, 3, 0, 1), (3, 3, 0, 2)]"
"(12, 11, 11, 24, 0)","[('?', 0, 3, 1), ('?', 1, 3, 1), ('?', 0, 3, 1), ('?', 1, 3, 1), ('?', 1, 0, 2), ('?', 0, 3, 2), ('?', 0, 3, 2), ('?', 0, 0, 1), ('?', 1, 3, 1), ('?', 0, 0, 5), (2, 0, 3, 1), ('?', 0, 3, 2), (3, 0, 0, 1), ('?', 1, 0, 2), ('?', 0, 0, 1), (2, 0, 3, 1), (2, 0, 0, 2), ('?', 0, 0, 1), (2, 0, 3, 1), ('?', 1, 0, 2), ('?', 0, 3, 2), (2, 0, 3, 2), ('?', 0, 3, 1), ('?', 1, 0, 2), (2, 0, 3, 1), ('?', '?', 3, 2), (2, 0, 3, 2), (2, 1, 3, 2), ('?', 1, 0, 2)]"
"(12, 11, 11, 25, 0)","[('?', '?', 0, 2), ('?', 5, 3, 2), ('?', 5, 3, 1), ('?', '?', 3, 2), ('?', 5, 0, 1), (2, 3, 3, 2), (3, 5, 3, 2), ('?', 3, 3, 2), ('?', '?', 0, 2), ('?', '?', 0, 2), ('?', '?', 0, 2), ('?', 3, 0, 2), (2, 3, 3, 1), ('?', '?', 0, 2), ('?', '?', 0, 1), ('?', '?', 0, 1), (2, 2, 3, 2), (2, 4, 3, 2), ('?', 5, 3, 1), (2, '?', 3, 1), ('?', 5, 0, 1), (5, 5, 3, 2), ('?', '?', 3, 1), (3, 5, 0, 1), ('?', '?', 3, 2), (5, 5, 3, 2), (2, 5, 3, 2), ('?', '?', 0, 1), ('?', 5, 0, 2), (2, 5, 3, 1), (2, 5, 3, 1), ('?', '?', 3, 1), (2, '?', 3, 2), (2, 5, 0, 1)]"
"(12, 11, 12, 2, 0)","[(3, 5, 1, 1), (3, '?', 1, 1), (3, 0, 1, 1), (3, 1, 1, 1), (3, 0, 5, 2), (3, '?', 5, 1), (3, 0, 1, 1), (3, 0, 1, 1), (3, 0, 1, 1), (3, 1, 1, 2), (3, 1, 1, 1), (3, 5, 1, 1), (3, 1, 1, 1), (3, '?', 1, 1), (3, 1, 1, 1), (3, 4, 1, 1), (4, 1, 1, 2), (3, 6, 1, 1), (3, '?', 1, 1), (3, 1, 1, 1), (3, 1, 1, 1), (3, 5, 1, 1), (3, 0, 1, 2), (3, 0, 1, 2)]"
"(12, 11, 12, 3, 0)","[('?', 3, 1, 1), ('?', 3, 1, 1), (0, 5, 1, 1), ('?', 3, 1, 1), ('?', 3, 1, 2), ('?', 3, 1, 2), (3, 3, 1, 2), (3, 3, 1, 2), (3, 3, 1, 2), ('?', 3, 1, 1), ('?', 3, 1, 1), ('?', 3, 1, 2), ('?', 3, 1, 1), ('?', 3, 1, 2), ('?', 3, 1, 2), (3, 3, 1, 1)]"
"(12, 11, 12, 4, 0)","[(3, '?', 1, 1), ('?', '?', 1, 1), (3, 1, 1, 2), (3, 5, 1, 2), (3, 5, 1, 1)]"
"(12, 11, 12, 5, 0)","[('?', 1, 1, 2)]"
"(12, 11, 12, 6, 0)","[('?', 7, 1, 2), (2, 2, 1, 1), (6, 7, 1, 2)]"
"(12, 11, 12, 7, 0)","[(0, 4, 1, 1)]"
"(12, 11, 12, 9, 0)","[(0, 5, 1, 1)]"
"(12, 11, 12, 10, 0)","[(5, 6, 1, 2), (5, '?', 1, 2), (1, 1, 1, 2)]"
"(12, 11, 12, 11, 0)","[(3, 0, 1, 1), (4, 1, 1, 2), (4, 4, 1, 2), (4, 0, 1, 2), (0, 4, 5, 1), (2, 0, 1, 1), (2, '?', 1, 1), ('?', 4, 1, 2), ('?', 1, 1, 2), (3, 4, 1, 1), (3, '?', 1, 1), ('?', '?', 1, 1), (5, 4, 1, 2), ('?', 4, 1, 2), (2, 0, 1, 1), ('?', 0, 1, 2), (0, 0, 1, 1), ('?', 1, 1, 2), ('?', '?', 1, 1), (2, 5, 1, 2), (3, 5, 1, 1), (3, '?', 1, 1), (0, '?', 1, 1), ('?', '?', 1, 1), ('?', '?', 1, 1), ('?', 1, 1, 2), (2, 0, 1, 2), (3, 1, 1, 2), (2, 5, 1, 1), (3, 1, 1, 2), (2, 7, 1, 2), (2, 0, 1, 2), ('?', 4, 1, 2), (2, 0, 1, 2), (2, 4, 1, 1), (3, 5, 1, 2), (3, 5, 1, 2), ('?', 5, 1, 2)]"
"(12, 11, 12, 12, 0)","[(0, 5, 1, 1), (0, 4, 1, 1), ('?', 0, 1, 2), (0, 1, 1, 2), (6, 3, 1, 2), (0, 5, 1, 1), (0, 5, 1, 1), ('?', '?', 1, 2), ('?', '?', 1, 2), (0, 1, 1, 1), (5, 5, 1, 2), (0, 5, 1, 1), ('?', 3, 1, 2), ('?', '?', 1, 1), (6, '?', 1, 1), (0, 0, 1, 1), (0, 0, 1, 1), ('?', 3, 1, 1), (0, 1, 1, 1), (0, 1, 1, 1), (0, 4, 1, 1), ('?', 1, 1, 2), ('?', '?', 1, 1), ('?', 1, 1, 2), ('?', 5, 1, 2), (6, '?', 1, 1)]"
"(12, 11, 12, 14, 0)","[(3, 1, 5, 2)]"
"(12, 11, 12, 15, 0)","[(4, 1, 1, 2), (4, 4, 1, 1), (3, 1, 1, 2), (3, 1, 1, 1), (3, 0, 1, 1)]"
"(12, 11, 12, 17, 0)","[(5, 3, 1, 2)]"
"(12, 11, 12, 19, 0)","[(3, 3, 1, 2)]"
"(12, 11, 12, 20, 0)","[(2, '?', 1, 1), (2, 1, 1, 2), (2, '?', 1, 1), (2, '?', 1, 2)]"
"(12, 11, 12, 22, 0)","[(3, 3, 1, 1), (3, 3, 1, 2), (3, 3, 1, 2), (3, 3, 1, 2), (3, 3, 1, 2), (3, 3, 1, 1), (3, 3, 1, 1), (3, 3, 1, 1)]"
"(12, 11, 12, 25, 0)","[(3, 4, 1, 1), ('?', '?', 1, 1), (4, 4, 1, 2), (6, 0, 1, 2), (4, 0, 1, 1), ('?', '?', 1, 1), ('?', 1, 1, 2), (1, 4, 1, 2), (3, 1, 1, 2), ('?', 1, 1, 2), (2, 5, 1, 1), (5, 5, 1, 2), (6, 3, 1, 1), (5, 4, 1, 2), (5, 5, 1, 2), ('?', '?', 1, 2), ('?', '?', 1, 2), ('?', 3, 1, 1), ('?', 1, 1, 2), ('?', 0, 1, 2), (3, '?', 1, 1), (3, 1, 1, 2), ('?', 0, 1, 2), (1, 4, 1, 2), (3, 0, 1, 1), (2, 5, 1, 2), ('?', 0, 1, 2), ('?', '?', 1, 2), (2, '?', 1, 1)]"
"(12, 11, 12, 26, 0)","[(0, 2, 1, 1), (0, 2, 1, 1), (0, 2, 1, 1), (0, 2, 1, 1), ('?', 7, 1, 2)]"
"(12, 11, 13, 1, 0)","[(2, 0, 5, 1), (2, 1, 5, 1), (2, 1, 5, 2)]"
"(12, 11, 13, 2, 0)","[(3, 0, 5, 2), (3, 4, 5, 1), (3, 5, 5, 1), (3, '?', 5, 2), (3, '?', 5, 2), (3, 4, 5, 1), (3, 4, 5, 2), (3, 0, 5, 2), (3, '?', 5, 2), (3, '?', 5, 1), (3, 5, 5, 1), (3, 4, 5, 2), (3, '?', 5, 2), (3, 5, 5, 1), (3, 5, 5, 1), (3, '?', 5, 1), (3, 4, 5, 2), (3, 4, 5, 2)]"
"(12, 11, 13, 3, 0)","[('?', 3, 5, 2), (3, 3, 5, 2), ('?', 3, 5, 2), ('?', 3, 5, 2), (3, 3, 5, 2), ('?', 3, 5, 2), (2, 3, 5, 2), (2, 3, 5, 2), ('?', 3, 5, 2), (2, 3, 5, 2), ('?', 3, 5, 2), (2, 3, 5, 2), ('?', 3, 5, 2)]"
"(12, 11, 13, 5, 0)","[('?', 1, 5, 2), ('?', 1, 5, 2), (5, 0, 5, 2), ('?', 1, 5, 2), ('?', 0, 5, 1), (2, 0, 5, 1), (2, 0, 5, 1), (2, 0, 5, 1), (2, 1, 5, 1), (2, 0, 5, 1)]"
"(12, 11, 13, 6, 0)","[('?', 7, 5, 2), ('?', 2, 5, 2), (2, 2, 5, 1), ('?', 7, 5, 2), ('?', 2, 5, 1), (4, 7, 5, 2), (4, 7, 5, 2), (2, 7, 5, 1), (2, 7, 5, 1), (0, 2, 5, 1), ('?', 2, 5, 2), ('?', 7, 5, 2), (0, 2, 5, 2)]"
"(12, 11, 13, 10, 0)","[(1, 4, 5, 2)]"
"(12, 11, 13, 11, 0)","[('?', '?', 5, 2), ('?', 4, 5, 1), ('?', 4, 5, 1), ('?', 4, 5, 1), ('?', 4, 5, 2), (2, 4, 5, 1), ('?', 4, 5, 1), (0, 4, 5, 1), ('?', 4, 5, 1), (2, 4, 5, 1), (2, 4, 5, 1), (3, '?', 5, 1), ('?', 4, 5, 1), ('?', 4, 5, 1), (2, 4, 5, 1), ('?', 4, 5, 2), ('?', 4, 5, 1), (3, 4, 5, 1), ('?', 4, 5, 2), ('?', 4, 5, 1), (2, 4, 5, 1), (0, 4, 5, 1), (2, '?', 5, 2), (0, 4, 5, 1), (0, '?', 5, 1), (3, 5, '?', 1), ('?', 4, 5, 2), (2, 4, 5, 1)]"
"(12, 11, 13, 12, 0)","[('?', '?', 5, 1), ('?', '?', 5, 1), ('?', '?', 5, 1), (1, 5, 5, 2), (3, 0, 5, 2), ('?', '?', 5, 2), ('?', '?', 5, 2), (0, '?', 5, 1), (1, 5, 5, 2), (5, 5, 5, 2)]"
"(12, 11, 13, 13, 0)","[(2, 7, 5, 1), (2, 4, 5, 1), (5, '?', 5, 1), (2, '?', 5, 2)]"
"(12, 11, 13, 14, 0)","[(3, 1, 5, 1), (3, 1, 5, 1), (3, 1, 5, 1), (3, 1, 5, 1), (3, 1, 5, 1), (3, 1, 5, 2), (3, 1, 5, 2), (3, 1, 5, 2), (3, 0, 5, 2), (3, 1, 5, 1), (3, 1, 5, 2), (3, 1, 5, 2), (3, 0, 5, 2), (3, 1, 5, 2), (3, 1, 5, 1), (3, 1, 5, 2)]"
"(12, 11, 13, 15, 0)","[(3, '?', 5, 1), (3, 0, 5, 2), (3, 5, 5, 1), (3, '?', 5, 2), (3, '?', 5, 1)]"
"(12, 11, 13, 16, 0)","[(3, 4, 5, 1), (3, 4, 5, 2), (3, 4, 5, 1), (3, 4, 5, 1), (3, 4, 5, 2), (3, 4, 5, 2), (3, 4, 5, 1)]"
"(12, 11, 13, 17, 0)","[(5, 4, 5, 1)]"
"(12, 11, 13, 19, 0)","[('?', 3, 5, 2), (2, 3, 5, 2), (0, 3, 5, 2)]"
"(12, 11, 13, 22, 0)","[(3, 3, 5, 2), (3, 3, 5, 1), (3, 3, 5, 1), (3, 3, 5, 2), (3, 3, 5, 1), (3, 3, 5, 1)]"
"(12, 11, 13, 23, 0)","[(3, 3, 5, 1), (3, 3, 5, 1), (3, 3, 5, 2), (3, 3, 5, 1), (3, 3, 5, '?'), (3, 3, 5, 1), (3, 3, 5, 2), (3, 3, 5, 1), (3, 3, 5, 2)]"
"(12, 11, 13, 24, 0)","[('?', 0, 5, 2), ('?', 0, 5, 2), ('?', 1, 5, 2), ('?', 0, 5, 2), ('?', 0, 5, 2), ('?', 1, 5, 2), ('?', 1, 5, 2), ('?', 0, 5, 1), ('?', 0, 5, 1), (0, 0, 5, 1), (5, 0, 5, 2), ('?', 0, 5, 2), ('?', 0, 5, 2), ('?', 0, 5, 2), ('?', 0, 5, 1)]"
"(12, 11, 13, 25, 0)","[(0, 2, 5, 2), (2, 0, 5, 1), ('?', '?', 5, 1), ('?', 4, 5, 2), (4, 4, 5, 2), (4, 4, 5, 1), (4, 4, 5, 1), ('?', '?', 5, 1), ('?', 0, 5, 1), ('?', '?', 5, 2), (2, 0, 5, 1), (3, '?', 5, 2), ('?', 0, 5, 1), ('?', '?', 5, 2), (2, '?', 5, 2), ('?', 0, 5, 2), (2, '?', 5, 2), ('?', '?', 5, 1), ('?', '?', 5, 1), (1, 5, 5, 2), (2, 0, 5, 1), ('?', 0, 5, 1), (1, 5, 5, 2), ('?', '?', 5, 1), ('?', 0, 5, 2), (0, 0, 5, 1), (2, '?', 5, 1), (2, '?', 5, 2), ('?', 4, 5, 2), ('?', 0, 5, 1), ('?', '?', 5, 2), (0, 5, 5, 1), (0, '?', 5, 1), (0, '?', 5, 1), (2, '?', 5, 1), ('?', '?', 5, 2), (4, 5, 5, 2), ('?', 5, 5, 1)]"
"(12, 11, 13, 26, 0)","[('?', 7, 5, 2), ('?', 2, 5, 1), ('?', 7, 5, 1), ('?', 2, 5, 2), (0, 2, 5, 1), (0, 2, 5, 1)]"
"(12, 11, 15, 1, 0)","[(4, 1, 0, 2), (4, 1, 3, 2), (4, 1, 0, 1), (4, 1, 0, 2), (4, 1, 0, 1), (4, 1, 0, 1), (4, 1, 0, 1), (4, 1, 0, 2), (4, 1, 0, 1), (4, 0, 3, 1), (4, 1, 0, 1), (4, 0, 0, 2), (4, 1, 0, 2), (4, 1, 3, 2), (4, 0, 0, 2)]"
"(12, 11, 15, 3, 0)","[(4, 3, 1, 1), (4, 3, 1, 1)]"
"(12, 11, 15, 4, 0)","[(4, 5, 1, 2), (4, 0, 1, 2), (4, '?', 1, 1), (4, 3, 1, 1), (4, '?', 1, 1)]"
"(12, 11, 15, 6, 0)","[(4, 2, 0, 1), (4, 2, 3, 2), (4, 7, 0, 2), (4, 2, 3, 2), (4, 7, 0, 1), (4, 2, 3, 1), (4, 7, 0, 2), (4, 2, 3, 1), (4, 2, 0, 2), (4, 7, 0, 2), (4, 7, 0, 1), (4, 7, 3, 2), (4, 2, 0, 2), (4, 7, 3, 1), (4, 7, 3, 2), (4, 2, 0, 1), (4, 7, 0, 1), (4, 2, 3, 2), (4, 7, 0, 1), (4, 7, 0, 1), (4, 7, 3, 1), (4, 2, 0, 1), (4, 2, 3, 2), (4, 7, 3, 1), (4, 2, 3, 1), (4, 2, 3, 1), (4, 7, 3, 2), (4, 7, 0, 1), (4, 7, 3, 1), (4, 2, 3, 1), (4, 7, 0, 2), (4, 2, 0, 1), (4, 2, 3, 1), (4, 7, 0, 1)]"
"(12, 11, 15, 10, 0)","[(4, 3, 1, 1), (4, 0, 1, 2), (4, '?', 1, 1), (4, 3, 1, 1), (4, 5, 1, 2), (4, 3, 1, 2), (4, 3, 1, 1), (4, 3, 1, 1), (4, 3, 1, 1), (4, 5, 1, 1), (4, 5, 1, 1), (4, 3, 1, 2), (4, 0, 1, 1), (4, 5, 1, 1), (4, '?', 1, 1), (4, 3, 1, 2)]"
"(12, 11, 15, 11, 0)","[(4, '?', 3, 1), (4, 3, 3, 1), (4, '?', 0, 2), (4, 5, 0, 1), (4, 3, 3, 2), (4, 0, 0, 2), (4, '?', 3, 2), (4, 5, 3, 2), (4, 5, 3, 2), (4, '?', 0, 2), (4, 3, 3, 1), (4, 4, 3, 1), (4, '?', 0, 1), (4, 0, 3, 1), (4, 3, 3, 2), (4, 5, 3, 1), (4, 0, 3, 2), (4, 4, 0, 2), (4, '?', 0, 2), (4, '?', 3, 2), (4, 5, 0, 1), (4, '?', 0, 1), (4, 5, 0, 1), (4, 4, 0, 2), (4, '?', 3, 2), (4, 0, 3, 2), (4, 4, 3, 2), (4, '?', 0, 1), (4, 0, 3, 1), (4, 3, 0, 2), (4, 0, 3, 1), (4, '?', 0, 1), (4, 0, 3, 1), (4, 5, 0, 2), (4, '?', 3, 1), (4, 3, 3, 2), (4, 3, 3, 1), (4, 3, 3, 1), (4, 3, 0, 2), (4, 0, 3, 2), (4, 0, 0, 2), (4, 3, 3, 2), (4, 3, 3, 2), (4, 3, 0, 1), (4, '?', 0, 2), (4, 0, 3, 2), (4, '?', 3, 1), (4, 0, 3, 1), (4, '?', 0, 2), (4, 3, 3, 1), (4, '?', 0, 2), (4, 3, 0, 1), (4, '?', 3, 2), (4, 3, 0, 1), (4, 4, 0, 2), (4, 5, 3, 2), (4, 4, 3, 1), (4, 4, 0, 2), (4, 0, 3, 2), (4, 3, 3, 1), (4, 5, 0, 1), (4, 4, 3, 2), (4, 0, 3, 2), (4, 4, 3, 1), (4, 5, 3, 1), (4, 5, 0, 2), (4, 3, 0, 2), (4, '?', 0, 1), (4, 5, 0, 1), (4, '?', 0, 1), (4, '?', 3, 1), (4, '?', 3, 2), (4, '?', 0, 2), (4, 5, 0, 2), (4, 3, 0, 1), (4, 5, 3, 2), (4, 5, 0, 1), (4, '?', 3, 2), (4, 3, 0, 2), (4, 5, 3, 2)]"
"(12, 11, 15, 12, 0)","[(4, 0, 1, 1), (4, '?', 1, 1), (4, 5, 1, 2), (4, 0, 1, 1), (4, 5, 1, 2), (4, 0, 1, 1), (4, 0, 1, 2), (4, 5, 1, 1)]"
"(12, 11, 15, 13, 0)","[(4, 7, 5, 1), (4, 4, 5, 1), (4, 3, 5, 1), (4, '?', 5, 1), (4, 5, 5, 1), (4, 1, 5, 2), (4, 3, 5, 1), (4, 1, 5, 2), (4, '?', 5, 1), (4, 2, 5, 1), (4, 5, 5, 2), (4, '?', 5, 1), (4, 4, 5, 2), (4, 3, 5, 1), (4, 5, 5, 2), (4, 7, 5, 1), (4, 5, 5, 1), (4, 7, 5, 1), (4, 3, 5, 1), (4, 5, 5, 1)]"
"(12, 11, 15, 14, 0)","[(4, 1, 5, 2), (4, 1, 5, 2)]"
"(12, 11, 15, 15, 0)","[(4, 5, 1, '?'), (4, '?', 1, 1), (4, 3, 3, 2)]"
"(12, 11, 15, 17, 0)","[(4, 0, 1, 1)]"
"(12, 11, 15, 19, 0)","[(4, 3, 0, 2), (4, 3, 0, 2)]"
"(12, 11, 15, 21, 0)","[(4, 1, 5, 2)]"
"(12, 11, 15, 26, 0)","[(4, 7, 5, 2), (4, 7, 5, 2), (4, 7, 5, 1), (4, 7, 5, 1)]"
"(12, 11, 16, 1, 0)","[(4, 1, 3, 2), (4, 1, 0, 1), (4, 0, 0, 2), (4, 1, 3, 2), (4, 0, 3, 2), (4, 0, 3, 1), (4, 1, 0, 2), (4, 1, 0, 2), (4, 1, 0, 1), (4, 1, 3, 2), (4, 1, 0, 1), (4, 0, 0, 2), (4, 0, 0, 2), (4, 1, 3, 2), (4, 1, 0, 2), (4, 0, 0, 2), (4, 0, 3, 1)]"
"(12, 11, 16, 4, 0)","[(4, 4, 3, 1)]"
"(12, 11, 16, 5, 0)","[(4, 0, 3, 2)]"
"(12, 11, 16, 6, 0)","[(4, 7, 0, 2), (4, 7, 3, 2), (4, 7, 3, 2), (4, 7, 3, 1), (4, 7, 0, 1), (4, 2, 3, 1), (4, 2, 0, 1), (4, 7, 0, 1), (4, 7, 0, 1)]"
"(12, 11, 16, 11, 0)","[(4, '?', 3, 1), (4, 5, 3, 2), (4, 5, 3, 1), (4, '?', 3, 1), (4, 4, 3, 1), (4, '?', 0, 2), (4, 0, 3, 1), (4, 4, 3, 2), (4, '?', 0, 1), (4, 5, 3, 1), (4, 5, 3, 1), (4, 4, 3, 2), (4, 5, 3, 2), (4, 5, 3, 1), (4, '?', 3, 1), (4, '?', 3, 1), (4, 7, 0, 2), (4, 4, 0, 1), (4, 4, 3, 1), (4, 5, 3, 1), (4, 4, 3, 2), (4, 4, 0, 1)]"
"(12, 11, 16, 14, 0)","[(4, 1, 3, 2), (4, 1, 0, 2), (4, 1, 3, 2), (4, 0, 0, 2)]"
"(12, 11, 16, 15, 0)","[(4, 0, 3, 2), (4, '?', 3, 2), (4, '?', 0, 2)]"
"(12, 11, 16, 16, 0)","[(4, 5, 3, 1), (6, 4, 0, 2), (4, 4, 0, 1), (4, 4, 3, 1), ('?', 4, 3, 1), (4, 5, 0, 1), (4, 5, 0, 1), (4, 5, 0, 2), (4, 5, 3, 1), (4, 5, 0, 1), (4, 4, 3, 1), (4, 7, 3, 2), (4, 4, 0, 1), (4, 5, 3, 1), (4, 4, 3, 2), (4, 4, 3, 1), (4, 4, 3, 1)]"
"(12, 11, 16, 19, 0)","[(4, 3, 0, 1), (4, 3, 3, 1), (4, 3, 3, 2)]"
"(12, 11, 17, 1, 0)","[(1, 0, 0, 1), (5, 0, 3, 1), (5, 0, 3, 1), (5, 1, 3, 2), (1, 0, 3, 2), (5, 0, 0, 2), (1, 0, 0, 2), (5, 0, 3, 2), (5, 1, 0, 1), (1, 1, 3, 2), (5, 1, 0, 1), (5, 1, 3, 1), (1, 0, 0, 2), (1, 1, 0, 1), (5, 0, 0, 1), (5, 0, 3, 1), (5, 0, 3, 2), (1, 0, 3, 2), (1, 0, 3, 1), (5, 0, 0, 2), (1, 0, 0, 1), (1, 0, 3, 1), (1, 0, 3, '?'), (5, 0, 0, 1), (1, 1, 3, 2), (5, 0, 3, 1), (1, 1, 0, 1), (1, 1, 3, 1), (1, 0, 3, 1), (5, 1, 3, 2), (5, 0, 0, 1), (1, 0, 0, 1), (5, 0, 0, 2), (5, 0, 0, 2)]"
"(12, 11, 17, 3, 0)","[(5, 3, 1, 2), (1, 3, 1, 1), (1, 3, 1, 1), (5, 3, 5, 2), (1, 3, 1, 2)]"
"(12, 11, 17, 4, 0)","[(5, 5, 1, 2), (1, 4, 1, 1), (5, 4, 1, 2), (1, 5, 1, 1), (5, 5, 1, 2), (1, 4, 1, 2), (1, 4, 1, 1)]"
"(12, 11, 17, 10, 0)","[(5, 4, 1, 2)]"
"(12, 11, 17, 11, 0)","[(1, 4, 0, 1), (5, '?', 3, 2), (1, 4, 3, 2), (5, 4, 0, 1), (5, '?', 0, 1), (5, 5, 3, 2), (5, '?', 0, 1), (1, 4, 3, 1), (5, 5, 3, 2), (1, '?', 0, 2), (5, '?', 0, 1), (5, '?', 3, 1), (5, '?', 3, 1), (5, '?', 0, 1), (1, 4, 3, 1), (1, 5, 3, 2), (5, 4, 0, 1), (5, 4, 0, 1), (1, 4, 0, 2), (5, 4, 0, 2)]"
"(12, 11, 17, 12, 0)","[(1, 0, 1, 1), (1, 0, 1, 2), (1, 0, 1, 2), (5, 0, 1, 1), (5, 4, 1, 2), (1, 1, 1, 2), (1, 1, 1, 1), (1, 1, 1, 2), (5, '?', 1, 2), (1, 0, 1, 1), (1, 0, 1, 1), (1, '?', 1, 1), (5, 4, 1, 1), (1, 1, 1, 2), (1, '?', 1, 2), (5, '?', 1, 2), (1, '?', 1, 1), (1, 1, 1, 1), (5, 0, 1, 1), (5, 0, 1, 1), (1, 0, 1, 2), (1, 0, 1, 2)]"
"(12, 11, 17, 13, 0)","[(1, 4, 5, 2), (5, 4, 5, 1), (5, '?', 5, 1), (5, 4, 5, 1), (1, '?', 5, 2), (5, 4, 5, 2), (1, 4, 5, '?'), (1, 4, 5, 1), (5, 4, 5, 2), (5, 4, 5, 2), (1, 5, 5, 2), (5, '?', 5, 1), (1, 4, 5, 1), (5, 4, 5, 2), (5, 0, 5, 1), (1, 4, 5, 2), (1, '?', 5, 2), (1, 4, 5, 1), (5, 4, 5, 1), (5, 0, 5, 2), (5, 4, 5, 1), (5, '?', 5, 1), (1, 4, 5, 2), (5, 5, 5, 2), (5, 0, 5, 1), (5, '?', 5, 1), (5, 4, 5, 2), (1, 4, 5, 2), (1, 4, 5, 2), (5, 4, 5, 2), (5, 4, 5, 1)]"
"(12, 11, 17, 14, 0)","[(5, 1, 5, 1), (1, 0, 5, 2), (1, 1, 5, 2), (5, 0, 5, 1), (5, 1, 5, 1), (5, 0, 5, 2), (5, 0, 5, 2), (1, 1, 5, 2), (5, 0, 5, 2), (1, 0, 5, 2)]"
"(12, 11, 17, 16, 0)","[(5, 4, 0, 2), (5, 5, 3, 1), (5, 4, 3, 2), (1, 4, 3, 2), (1, 5, 3, 1), (5, 4, 0, 1), (1, 5, 3, 1), (1, 4, 0, 1), (1, 4, 0, 2), (1, 5, 3, 2), (1, 4, 0, 2), (1, 4, 0, 1), (1, 5, 3, 1), (1, 4, 0, 1), (5, 4, 0, 2), (5, 4, 0, 1), (5, 5, 0, 1), (5, 5, 0, 2), (5, 5, 3, 1), (1, 4, 3, 2), (1, 4, 3, 1), (5, 5, 0, 1), (5, 5, 0, 2), (1, 4, 3, 1), (5, 4, 0, 2)]"
"(12, 11, 17, 17, 0)","[(5, 5, 1, 1), (1, 5, 1, 1), (5, 4, 1, 1), (1, 4, 1, 2), (1, 4, 1, 2), (5, 4, 1, 1), (5, 5, 1, 2), (5, 4, 1, 2), (1, 5, 1, 1), (5, 4, 1, 2), (5, 5, 1, 1), (1, 4, 1, 1), (1, 4, 1, 1), (5, 4, 1, 1), (5, 5, 1, 2), (1, 5, 1, 1), (5, 4, 1, 2), (1, 4, 1, 2)]"
"(12, 11, 17, 19, 0)","[(5, 3, 3, 1), (5, 3, 3, 1), (5, 3, 3, 2), (1, 3, 0, 2), (1, 3, 0, 2), (1, 3, 0, 1), (5, 3, 3, 2), (1, 3, 3, 1), (5, 3, 3, 1), (5, 3, 0, 1), (5, 3, 3, 1), (1, 3, 3, 2), (5, 3, 0, 2), (5, 3, 0, 2), (1, 3, 3, 1), (5, 3, 3, 1), (1, 3, 3, 2), (5, 3, 0, 1), (5, 3, 0, 1)]"
"(12, 11, 17, 23, 0)","[(1, 3, 5, 1), (5, 3, 5, 2), (5, 3, 5, 1), (1, 3, 5, 1), (5, 3, 5, 1), (1, 3, 5, 1), (5, 3, 5, 1), (1, 3, 5, 1), (5, 3, 5, 2), (5, 3, 5, 2)]"
"(12, 11, 18, 1, 0)","[(0, 1, 3, 1), (0, 0, 0, 2), (0, 1, 3, 1), (0, 0, 3, 2), (0, 0, 0, 1), (0, 0, 0, 1), (0, 1, 3, 1), (0, 0, 3, 1), (0, 0, 3, 2), (0, 0, 0, 2), (0, 1, 3, 1), (0, 1, 3, 1), (0, 0, 3, 2), (0, 1, 3, 2), (0, 0, 0, 2), (0, 0, 3, 2), (0, 1, 3, 2), (0, 1, 3, '?'), (0, 6, 0, 1), (0, 1, 3, 2), (0, 0, 3, 1), (0, 1, 3, 1), (0, 0, 3, 1), (0, 1, 3, 2), (0, 0, 3, 2), (0, 0, 3, 1), (0, 0, 0, 1), (0, 0, 3, 2), (0, 0, 0, 1), (0, 1, 3, 2), (0, 0, 0, 1), (0, 6, 0, 1), (0, 0, 3, 2), (0, 1, 3, 2), (0, 0, 3, 1), (0, 0, 0, 1)]"
"(12, 11, 18, 3, 0)","[(0, 3, 0, 1), (0, 3, 0, 2), (0, 3, 0, 1), (0, 3, 0, 1), (0, '?', 0, 2)]"
"(12, 11, 18, 5, 0)","[(0, 1, 3, 2), (0, 0, 3, 2), (0, 0, 0, 2)]"
"(12, 11, 18, 6, 0)","[(0, 2, 0, 2), (0, 2, 0, 2), (0, 2, 3, 2), (0, 7, 3, 2), (0, 7, 3, 1), (0, 2, 0, 1), (0, 2, 3, 2), (0, 7, 0, 2), (0, 2, 3, 1), (0, 7, 0, 1), (0, 7, 3, 2), (0, 2, 3, 2), (0, 7, 0, 2), (0, 2, 0, 2), (0, 2, 3, 2), (0, 7, 3, 2), (0, 2, 0, 2), (0, 2, 0, 2), (0, 2, 3, 2)]"
"(12, 11, 18, 11, 0)","[(0, 5, 0, 1), (0, '?', 3, 1), (0, 7, 3, 1), (0, 4, 3, 2), (0, 4, 3, 2), (0, 4, 3, 5), (0, 5, 3, 1), (0, '?', 3, 2), (0, 5, 3, 1), (0, 4, 0, 2), (0, '?', 3, 2), (0, '?', 3, 2), (0, 4, 3, 1), (0, 7, 0, 2), (0, 7, 3, 1), (0, '?', 0, 2), (0, 7, 3, 2), (0, 4, 0, 2), (0, '?', 0, 2), (0, '?', 3, 1), (0, 4, 0, 2), (0, 5, 3, 2), (0, 3, 3, 1), (0, 4, 0, 1), (0, 4, 0, 2), (0, '?', 0, 2), (0, 4, 3, 2), (0, '?', 0, 2), (0, 4, 3, 1), (0, 4, 0, 1), (0, 5, 0, 1), (0, 5, 0, 1), (0, 4, 3, 1), (0, 4, 0, 1), (0, 4, 0, 2), (0, 4, 3, 2), (0, 4, 3, 1), (0, '?', 3, 1), (0, 4, 3, 1), (0, '?', 3, 2), (0, 5, 3, 2), (0, '?', 3, 1), (0, 4, 3, 1), (0, 5, 3, 1), (0, 4, 3, 2), (0, 5, 0, 1), (0, 7, 3, 1), (0, 4, 3, 1), (0, '?', 3, 2), (0, '?', 3, 1), (0, 7, 0, 2), (0, 4, 3, 2), (0, 4, 3, 1)]"
"(12, 11, 18, 15, 0)","[(0, 7, 3, 2), (0, 3, 0, 2), (0, 3, 3, 2), (0, 7, 3, 1), (0, '?', 3, 2), (0, 5, 0, 1), (0, 4, 0, 2), (0, 7, 0, 1), (0, 5, 0, 1), (0, 5, 0, 2), (0, 7, 0, 2), (0, 7, 3, 2), (0, 3, 3, 2), (0, '?', 0, 2), (0, 3, 3, 2), (0, 5, 0, 1), (0, 5, 0, 2), (0, 7, 0, 2), (0, '?', 0, 2), (0, 5, 3, 2), (0, '?', 3, 1), (0, 7, 3, 1), (0, '?', 3, 1), (0, 5, 0, 2), (0, 7, 3, 2)]"
"(12, 11, 18, 16, 0)","[(0, 4, 0, 1), (0, 4, 3, 2), (0, 4, 0, 2), (0, 4, 3, 1), (0, 4, 0, 1), (0, 4, 0, 1), (0, 4, 0, 1), (0, 4, 0, 1)]"
"(12, 11, 18, 18, 0)","[(0, 4, 0, 1)]"
"(12, 11, 18, 19, 0)","[(0, 3, 0, 2), (0, 3, 0, 2), (0, 3, 3, 2), (0, 3, 3, 1), (0, 3, 0, 1), (0, 3, 0, 1)]"
"(12, 11, 18, 20, 0)","[(0, 7, 3, 1), (0, 5, 3, 2)]"
"(12, 11, 18, 22, 0)","[(0, 3, 0, 1), (0, 3, 0, 2), (0, 3, 3, 2), (0, 3, 3, 5), (0, 3, 0, 2), (0, 3, 0, 2), (0, 3, 0, 2), (0, 3, 0, 1), (0, 3, 3, 1), (0, 3, 0, 1), (0, 3, 3, 2), (0, 3, '?', 1), (0, 3, 0, 2)]"
"(12, 11, 18, 24, 0)","[(0, 1, 3, 1), (0, 1, 3, 1), (0, 0, 0, 1), (0, 1, 3, 2), (0, 0, 0, 5), (0, 1, 3, 2), (0, 0, 0, 2), (0, 0, 0, 1), (0, 6, 0, 2), (0, 0, 0, 2), (0, 6, 0, 2), (0, 0, 3, 2), (0, 6, 0, 1), (0, 6, 0, 1), (0, 6, 0, 1), (0, 0, 3, 1), (0, 0, 3, 1), (0, 0, 0, 2), (0, 0, 0, 1), (0, 0, 0, 2)]"
"(12, 11, 18, 26, 0)","[(0, 7, 0, 1), (0, 2, 3, 2), (0, 2, 3, 2), (0, 2, 0, 1), (0, 2, 0, 2), (0, 2, 0, 2)]"
"(12, 11, 19, 19, 0)","[('?', 3, 3, 1)]"
"(12, 11, 20, 1, 0)","[(2, 0, 0, 2)]"
"(12, 11, 20, 4, 0)","[(2, 4, 1, 1)]"
"(12, 11, 20, 8, 0)","[(2, 3, 3, 2), (2, 3, 0, 1)]"
"(12, 11, 20, 11, 0)","[(2, '?', 3, 1), (2, 0, 3, 1), (2, 2, 0, 1)]"
"(12, 11, 20, 12, 0)","[(2, 0, 1, 1), (2, 4, 1, 1), (2, '?', 1, 1)]"
"(12, 11, 20, 19, 0)","[(2, 3, 3, 2)]"
"(12, 11, 20, 20, 0)","[(2, 5, 1, 1)]"
"(12, 11, 21, 10, 0)","[(1, 6, 1, 1), (5, 6, 1, 1)]"
"(12, 11, 21, 13, 0)","[('?', 6, 5, 1)]"
"(12, 11, 24, 13, 0)","[('?', 6, 5, 1), (0, 6, 5, 1), (0, 6, 5, 1), (0, 6, 5, 1)]"
"(12, 11, 24, 21, 0)","[(0, 6, 5, 1)]"
"(12, 11, 25, 2, 0)","[(3, 5, 5, 1), (3, '?', 5, 1)]"
"(12, 11, 25, 3, 0)","[('?', 3, 5, 2), ('?', 3, 5, 2), (2, 3, 5, 2)]"
"(12, 11, 25, 8, 0)","[('?', 3, 3, 1)]"
"(12, 11, 25, 9, 0)","[(3, 4, 5, 2)]"
"(12, 11, 25, 11, 0)","[('?', '?', 5, 2), ('?', '?', 0, 2)]"
"(12, 11, 25, 12, 0)","[(0, 4, 1, 1)]"
"(12, 11, 25, 13, 0)","[(3, 5, 5, 1), (4, 4, 5, 1)]"
"(12, 11, 25, 14, 0)","[(3, 1, 5, 1), (3, 1, 5, 2)]"
"(12, 11, 25, 23, 0)","[(3, 3, 3, 1)]"
"(12, 11, 25, 24, 0)","[(0, 1, 5, 1)]"
"(12, 11, 25, 25, 0)","[(2, 6, 5, 1)]"
"(12, 11, 26, 4, 0)","[('?', 7, 1, 2)]"
"(12, 11, 26, 12, 0)","[(6, 7, 1, 1), ('?', 2, 1, 2), (0, 2, 1, 1)]"
"(12, 11, 26, 13, 0)","[(0, 2, 5, 2), ('?', 2, 5, 2)]"
"(12, 11, 27, 6, 0)","[(0, 7, 5, 2), (0, 2, 5, 1)]"
"(12, 11, 27, 11, 0)","[(0, 3, 5, 2), (0, 0, 5, 2)]"
"(12, 11, 27, 13, 0)","[(0, 0, 5, 1)]"
"(12, 11, 27, 14, 0)","[(0, 1, 5, 1), (0, 1, 5, 1), (0, 1, 5, 2), (0, 1, 5, 1), (0, 1, 5, 2), (0, 1, 5, 2), (0, 1, 5, 1), (0, 1, 5, 2), (0, 0, 5, 1), (0, 1, 5, 2), (0, 0, 5, 2), (0, 0, 5, 1), (0, 1, 5, 1), (0, 0, 5, 2)]"
"(12, 11, 27, 16, 0)","[(0, 4, 5, 1), (0, 5, 5, 1), (0, 5, 5, 1), (0, 5, 5, 1), (0, 4, 5, 1)]"
"(12, 11, 27, 21, 0)","[(0, 6, 5, 1), (0, 6, 5, 1)]"
"(12, 11, 27, 22, 0)","[(0, 3, 5, 2), (0, 3, 5, 2), (0, 3, 5, 2)]"
"(12, 11, 27, 23, 0)","[(0, 3, 5, 2), (0, '?', 5, 2), (0, 3, 5, 2), (0, 3, 5, 2)]"
"(12, 11, 27, 24, 0)","[(0, 1, 5, 1), (0, 6, 5, 1), (0, 1, 5, 1), (0, 1, 5, 2), (0, 1, 5, 2)]"
"(12, 11, 27, 25, 0)","[(0, 0, 5, 1), (0, '?', 5, 2), (0, '?', 5, 2), (0, 0, 5, 2), (0, '?', 5, 2), (0, '?', 5, 2)]"
"(12, 11, 27, 26, 0)","[(0, 7, 5, 1), (0, 7, 5, 1), (0, 2, 5, 1), (0, 7, 5, 2), (0, 7, 5, 1), (0, 7, 5, 1), (0, 7, 5, 2), (0, 2, 5, 2), (0, 2, 5, 1), (0, 2, 5, 2), (0, 2, 5, 2), (0, 2, 5, 2), (0, 7, 5, 1), (0, 7, 5, 2), (0, 7, 5, 1), (0, 7, 5, 2)]"
"(12, 11, 27, 27, 0)","[(0, '?', 5, 2), (0, '?', 5, 1), (0, 0, 5, 2), (0, 0, 5, 2), (0, '?', 5, 1), (0, '?', 5, 2), (0, '?', 5, 2)]"
"(12, 12, 1, 25, 0)","[(3, 6, '?', 1)]"
"(12, 12, 2, 1, 0)","[(4, 1, 4, 2), (4, 1, 6, 2), (4, 1, 6, 1), (4, 1, 4, 1), (4, 0, 4, 2), (4, 1, 4, 1), (4, 1, 4, 2), (4, 1, 4, 2), (4, 1, 6, 1), (4, 1, 4, 2), (4, 1, 4, 2), (4, 1, 4, 2), (4, 1, 4, 2), (4, 1, 6, 2), (4, 1, 6, 1), (4, 1, 4, 1), (4, 1, 6, 1), (4, 1, 6, 2), (4, 1, 4, 1), (4, 1, 6, 2), (4, 0, 4, 2), (4, 1, 4, 2), (4, 0, 6, 1), (4, 1, 4, 2)]"
"(12, 12, 2, 2, 0)","[(4, 5, 6, 7), (4, 7, 6, 7), (4, 0, 4, '?'), (4, 4, 4, 6)]"
"(12, 12, 2, 3, 0)","[(4, 3, 6, '?'), (4, 3, 6, '?'), (4, 3, 4, 6)]"
"(12, 12, 2, 4, 0)","[(4, 5, 4, '?'), (4, 4, 6, '?'), (4, 4, 4, '?'), (4, 4, 4, '?'), (4, 4, 4, '?')]"
"(12, 12, 2, 5, 0)","[(4, 0, 4, '?'), (4, 0, 6, '?'), (4, 1, 4, '?'), (4, 1, 6, '?'), (4, 1, 4, '?'), (4, 1, 4, '?'), (4, 0, 6, '?')]"
"(12, 12, 2, 6, 0)","[(4, 2, 4, 2), (4, 7, 6, 1), (4, 7, 4, 2), (4, 2, 4, 2), (4, 7, 4, 2), (4, 2, 6, 1), (4, 2, 4, 1), (4, 7, 6, 1), (4, 7, 4, 2), (4, 2, 4, 1), (4, 2, 4, 1), (4, 2, 4, 1), (4, 2, 6, 1), (4, 7, 6, 2), (4, 7, 6, 2)]"
"(12, 12, 2, 10, 0)","[(4, 4, 6, '?'), (4, '?', 4, '?'), (4, 3, 6, '?'), (4, '?', 6, '?'), (4, '?', 4, '?'), (4, 4, 4, 7), (4, 5, 4, '?'), (4, 3, 6, 6), (4, 3, 4, 7), (4, '?', 4, '?'), (4, '?', 6, '?'), (4, '?', 6, '?'), (4, 5, 4, 7), (4, 2, 6, '?'), (4, '?', 6, '?'), (4, 0, 4, '?'), (4, '?', 6, '?'), (4, '?', 4, '?'), (4, 5, 6, 6), (4, 5, 6, 4), (4, 3, 6, '?'), (4, 5, 4, 6)]"
"(12, 12, 2, 11, 0)","[(4, 4, 6, 2), (4, 5, 6, 1), (4, 3, 4, 1), (4, 5, 4, 1), (4, 3, 6, 1), (4, 4, 6, 2), (4, 3, 6, 2), (4, 0, 6, 2), (4, '?', 4, 1), (4, 0, 4, 1), (4, 3, 4, 2), (4, '?', 6, 2), (4, '?', 6, 1), (4, 4, 6, 1), (4, 4, 4, 1), (4, '?', 6, 1), (4, 5, 4, 2), (4, 4, 4, 2), (4, '?', 6, 2), (4, 5, 4, 2), (4, 5, 4, 1), (4, 3, 6, 2), (4, 3, 6, 1), (4, 0, 4, 1), (4, '?', 4, 1), (4, 0, 4, 1), (4, 3, 6, 2), (4, '?', 4, 2), (4, 3, 4, 1), (4, 0, 6, 2), (4, 0, 6, 2), (4, 5, 6, 2), (4, 5, 4, 1), (4, 0, 4, 1), (4, 5, 4, 2), (4, 3, 6, 2), (4, 5, 6, 2), (4, 0, 6, 1), (4, 2, 6, 1), (4, 0, 4, 1), (4, 0, 6, 1), (4, 3, 6, 1), (4, '?', 6, 2), (4, '?', 4, 1), (4, 3, 6, '?'), (4, 4, 6, 2), (4, '?', 4, 2), (4, 4, 4, 1), (4, '?', 6, 1), (4, 0, 4, 2), (4, 4, 4, 1), (4, 5, 6, 1), (4, 5, 4, 2), (4, 7, 6, 2), (4, 5, 4, 1), (4, 5, 6, 1), (4, '?', 6, '?'), (4, 3, 4, 2), (4, 4, 4, 1), (4, '?', 4, 1), (4, 4, 6, 1), (4, 4, 6, '?')]"
"(12, 12, 2, 14, 0)","[(4, 1, 6, '?')]"
"(12, 12, 2, 16, 0)","[(4, 5, 4, 2)]"
"(12, 12, 2, 17, 0)","[(4, 0, 6, '?'), (4, 0, 4, '?')]"
"(12, 12, 2, 19, 0)","[(4, 3, 4, 2), (4, 3, 4, 1), (4, 3, 6, '?'), (4, 3, 4, 2), (4, 3, 4, 2)]"
"(12, 12, 2, 22, 0)","[(4, 3, 6, '?')]"
"(12, 12, 2, 26, 0)","[(4, 2, 4, '?'), (4, 7, 4, '?'), (4, 7, 4, '?'), (4, 7, 6, '?'), (4, 7, 6, 6), (4, 2, 4, '?'), (4, 7, 4, 3), (4, 7, 4, '?'), (4, 7, 4, '?'), (4, 2, 4, '?'), (4, 2, 4, '?'), (4, 2, 4, '?'), (4, 7, 4, '?'), (4, 2, 4, '?'), (4, 2, 4, '?'), (4, 2, 4, '?')]"
"(12, 12, 3, 7, 0)","[(0, 5, 4, '?'), (0, 5, 6, '?')]"
"(12, 12, 3, 11, 0)","[('?', 5, 6, 1), ('?', 5, 6, 1), ('?', 5, 4, 1)]"
"(12, 12, 3, 12, 0)","[('?', 5, 6, '?'), ('?', 5, 6, '?')]"
"(12, 12, 3, 16, 0)","[(3, 5, 6, 2)]"
"(12, 12, 4, 1, 0)","[(5, 6, 6, 2), ('?', 0, 6, 2), ('?', 1, 6, 2), ('?', 0, 6, 2), ('?', 1, 6, 1), ('?', 1, 6, 2), ('?', 0, 4, 1), (5, 1, 6, 1), ('?', 0, 6, 2), ('?', 0, 4, 1), ('?', 0, 4, 1), (5, 0, 4, 2), ('?', 1, 4, 1), (5, 0, 4, 2), ('?', 1, 6, 2), ('?', 0, 6, '?'), ('?', 0, 6, 2), (3, 0, 4, 2), ('?', 1, 4, 1), ('?', 1, 4, 2), ('?', 1, 4, 2), ('?', 1, 4, 1), (3, 0, 4, 2), (3, 1, 4, 1), ('?', 1, 6, 2), ('?', 1, 6, 2), (3, 1, 6, 2), ('?', 1, 4, 1), (4, 0, 4, 1), ('?', 0, 4, 1)]"
"(12, 12, 4, 2, 0)","[(3, 5, 4, '?'), (3, 4, 4, 2), (3, 4, 4, '?'), (3, 5, 6, '?'), (3, 6, 6, 1), (3, 4, 4, '?'), (3, 7, 6, 2), (3, '?', 6, 1), (3, 5, 4, '?'), (3, 1, 6, 1), (3, '?', 4, '?'), (3, 0, 6, 2), (3, 5, 6, '?'), (3, 5, 4, '?'), (3, 5, 4, 2), (3, 5, 6, '?'), (3, 7, 6, 1), (3, 5, 4, '?'), (3, 5, 6, 2), (3, 5, 4, '?')]"
"(12, 12, 4, 3, 0)","[('?', 3, 6, '?'), ('?', 3, 4, '?')]"
"(12, 12, 4, 4, 0)","[(5, 4, 4, '?'), ('?', 4, 6, '?'), ('?', 2, 4, '?'), (5, 4, 4, '?'), (3, 5, 6, '?'), (5, 4, 4, '?')]"
"(12, 12, 4, 5, 0)","[('?', 0, 6, '?'), ('?', 1, 6, '?'), ('?', 0, 4, '?'), ('?', 1, 4, '?'), ('?', 1, 6, '?'), ('?', 0, 6, '?'), ('?', 0, 6, '?'), ('?', 1, 4, '?')]"
"(12, 12, 4, 6, 0)","[(5, 7, 4, 2)]"
"(12, 12, 4, 9, 0)","[('?', 4, 4, '?')]"
"(12, 12, 4, 11, 0)","[('?', 4, 4, 2), (1, 4, 4, 2), ('?', 4, 4, 1), ('?', 4, 4, 2), ('?', 4, 4, 2), (5, 4, 4, 1), (5, 4, 6, 2), (5, 4, 6, 1), (5, 4, 6, 2), (3, 5, 4, 2), ('?', 4, 4, 2), (1, 4, 4, 2), (3, 4, 4, 1), ('?', 5, 4, 2), (1, 4, 4, 2), ('?', 4, 6, 2), ('?', '?', 6, 2), ('?', '?', 6, 2), (1, 4, 6, 1), (3, 4, 4, 2), (5, 4, 6, 2), (3, 0, 4, 1), (5, 4, 6, 2), ('?', 4, 6, 2), (5, 7, 4, 2), ('?', 6, 6, 1), (3, 4, 4, 2), ('?', 4, 6, 2), (1, 4, 4, 2), (5, 4, 6, 2), ('?', 4, 4, 1), ('?', 7, 6, 1), ('?', 4, 4, 1), ('?', 4, 4, 2), (3, '?', 6, 1), ('?', 5, 4, 2), ('?', 0, 4, 1), ('?', 7, 4, 1), (5, 4, 4, 1), ('?', 4, 6, 2), ('?', 4, 6, 2), (3, 5, 4, 2), ('?', '?', 4, 1), ('?', 4, 6, 1), (3, '?', 6, 1), (7, 5, 6, 1), ('?', 4, 4, 1), ('?', '?', 4, 1), (3, 2, 6, 1), (5, 4, 6, 1), (3, 5, 4, 1), (3, 4, 6, 1), (5, 4, 4, 1), (5, 4, 6, 1), (3, 5, 4, 1), (5, 2, 6, 2), (5, 4, 6, 1), (3, 5, 4, 2)]"
"(12, 12, 4, 12, 0)","[('?', 4, 4, '?'), (4, 4, 4, 5), ('?', 4, 4, '?'), ('?', 5, 6, '?')]"
"(12, 12, 4, 14, 0)","[(3, 1, 4, 1), (3, 0, 4, '?'), (3, 1, 4, 1), (3, 1, 4, '?'), (3, 1, 4, '?'), (3, 1, 6, 2), (3, 0, 6, '?'), (3, 1, 6, 3), (3, 0, 6, '?'), (3, 1, 4, '?'), (3, 0, 6, '?'), (3, 1, 4, '?'), (3, 0, 6, 1), (3, 0, 6, 1), (3, 1, 6, '?'), (3, 0, 4, 1), (3, 1, 6, '?'), (3, 1, 6, '?'), (3, 0, 6, '?'), (3, 1, 6, 1)]"
"(12, 12, 4, 16, 0)","[(3, 6, 4, 1), (3, 5, 4, 2)]"
"(12, 12, 4, 18, 0)","[(0, 2, 4, 1)]"
"(12, 12, 4, 19, 0)","[('?', 3, 4, 1), (3, 3, 4, 1), ('?', 3, 4, 1), ('?', 3, 4, 2), ('?', 3, 4, 1), ('?', 3, 4, 1), ('?', 3, 4, 2), (3, 3, 6, 1), (3, 3, 4, 1), ('?', 3, 4, 1), (5, 3, 4, 2)]"
"(12, 12, 4, 22, 0)","[(3, 3, 6, '?'), (3, 3, 4, '?')]"
"(12, 12, 4, 23, 0)","[(3, 3, 6, 2)]"
"(12, 12, 4, 24, 0)","[('?', 1, 6, '?')]"
"(12, 12, 6, 2, 0)","[(3, 2, 6, 1), (3, 2, 6, 1), (3, 2, 4, 1)]"
"(12, 12, 6, 4, 0)","[(3, 7, 4, 1), (3, 7, 4, 1), (5, 7, 4, 2), (3, 2, 6, 2), (3, 7, 4, 1)]"
"(12, 12, 6, 12, 0)","[(0, 2, 6, 1), (5, 7, 4, 2), ('?', 2, 6, 1), (4, 7, 6, 1)]"
"(12, 12, 7, 1, 0)","[(0, 0, 4, 2), (0, 1, 6, 1), (0, 0, 4, 2), (0, 0, 4, 2), (0, 1, 4, 1), (0, 1, 4, 2), (0, 1, 4, 2), (0, 1, 4, 2), (0, 0, 4, 2), (0, 0, 6, 2), (0, 1, 4, 1), (0, 1, 4, 2), (0, 1, 4, 2), (0, 1, 6, 1), (0, 1, 4, 1), (0, 0, 4, 2), (0, 0, 4, 1)]"
"(12, 12, 7, 3, 0)","[(0, 3, 6, 6), (0, '?', 4, '?'), (0, 3, 4, 6), (0, 3, 6, '?'), (0, 3, 6, '?'), (0, '?', 6, 6), (0, 3, 6, '?'), (0, 3, 4, '?'), (0, 3, 6, '?'), (0, 3, 6, '?'), (0, 5, 6, 6), (0, 3, 4, '?')]"
"(12, 12, 7, 5, 0)","[(0, 0, 4, 6), (0, 1, 6, 2), (0, 1, 6, 2), (0, 1, 6, '?'), (0, 0, 6, 6), (0, 0, 6, '?'), (0, 0, 6, 6), (0, 0, 6, '?'), (0, 0, 4, 6), (0, 0, 4, '?'), (0, 1, 6, '?'), (0, 0, 6, 6), (0, 1, 4, 6), (0, 1, 6, 6), (0, 1, 6, 6), (0, 1, 4, '?'), (0, 0, 4, 2), (0, 0, 4, '?'), (0, 0, 6, 6), (0, 1, 4, '?'), (0, 1, 6, 7), (0, 0, 4, 6), (0, 1, 4, '?'), (0, 1, 6, '?')]"
"(12, 12, 7, 6, 0)","[(0, 7, 4, 1), (0, 2, 4, 1), (0, 2, 6, 2), (0, 7, 4, 2), (0, 2, 6, 2), (0, 7, 4, 2), (0, 2, 6, 2), (0, 7, 4, 1), (0, 2, 4, 2), (0, 2, 4, 2), (0, 7, 4, 2), (0, 2, 4, 2), (0, 7, 4, 2), (0, 7, 6, 1)]"
"(12, 12, 7, 10, 0)","[(0, '?', 6, '?'), (0, 4, 4, 2), (0, 7, 6, 6), (0, 4, 6, 6), (0, 5, 4, '?'), (0, '?', 4, '?'), (0, 3, 6, 2), (0, '?', 4, '?'), (0, 5, 4, 4), (0, '?', 6, '?'), (0, 0, 4, '?'), (0, 5, 6, 6), (0, 4, 4, 6), (0, 5, 4, 4), (0, 0, 4, 7), (0, '?', 6, 4), (0, '?', 6, '?'), (0, 3, 4, 6), (0, '?', 4, 3), (0, 4, 4, 6), (0, 5, 4, '?'), (0, 5, 4, '?'), (0, 5, 4, '?'), (0, '?', 6, 6), (0, 7, 6, 6), (0, 7, 6, 6), (0, 3, 4, 6), (0, 7, 6, '?'), (0, 5, 4, '?'), (0, '?', 6, 6), (0, '?', 6, 6), (0, '?', 4, '?'), (0, 3, 4, '?'), (0, 2, 6, 6), (0, 3, 6, 6), (0, 3, 4, 2), (0, 5, 6, 7), (0, 1, 6, 6), (0, 3, 6, 6), (0, 0, 4, '?'), (0, '?', 6, '?'), (0, 0, 4, '?'), (0, 7, 6, '?'), (0, '?', 4, 2), (0, 0, 4, '?'), (0, '?', 4, '?'), (0, '?', 4, '?'), (0, 3, 6, 6), (0, 3, 6, 6), (0, '?', 6, '?'), (0, 5, 6, 6), (0, 7, 6, 2), (0, 4, 6, 0), (0, 5, 6, '?'), (0, '?', 6, '?'), (0, 0, 4, 6), (0, '?', 4, '?'), (0, '?', 4, '?'), (0, '?', 6, '?'), (0, '?', 4, 2), (0, 0, 6, 6)]"
"(12, 12, 7, 11, 0)","[(0, 5, 4, 1), (0, '?', 6, 2), (0, 7, 4, 1), (0, 0, 4, 1), (0, 2, 6, 1), (0, 4, 4, 2), (0, 7, 6, 1), (0, 7, 6, 2), (0, 3, 6, 2), (0, 0, 4, 1), (0, '?', 6, 1), (0, '?', 4, 2), (0, '?', 6, 1), (0, '?', 6, 1), (7, 5, 6, 1), (0, '?', 6, 1), (0, '?', 4, 2)]"
"(12, 12, 7, 12, 0)","[(0, 2, 4, '?'), (0, 4, 4, 6)]"
"(12, 12, 7, 15, 0)","[(0, 4, '?', 6)]"
"(12, 12, 7, 16, 0)","[(0, 4, 6, 1)]"
"(12, 12, 7, 17, 0)","[(0, '?', 6, '?'), (0, 4, 6, 5), (0, 4, 6, 6), (0, 0, 6, 7), (0, 4, 6, 6), (0, 4, 6, 7), (0, 7, 6, '?'), (0, 3, 6, '?')]"
"(12, 12, 7, 19, 0)","[(0, 3, 4, 1), (0, '?', 6, 2), (0, '?', 6, 2), (0, 3, 6, 2), (0, 7, 6, 1), (0, 3, 6, 2), (0, '?', 6, 1)]"
"(12, 12, 7, 21, 0)","[(0, 6, 6, 5)]"
"(12, 12, 7, 24, 0)","[(0, 1, 4, 2), (0, 0, 4, 6), (0, 0, 6, 2), (0, 0, 4, 6), (0, 1, 4, '?'), (0, 1, 6, 4), (0, 1, 6, 6), (0, 1, 4, 6), (0, 1, 4, '?'), (0, 1, 4, 6)]"
"(12, 12, 7, 26, 0)","[(0, 2, 4, 6), (0, 2, 4, '?'), (0, 2, 4, '?'), (0, 7, 4, '?'), (0, 7, 4, '?'), (0, 2, 4, '?'), (0, 7, 4, '?'), (0, 2, 4, '?'), (0, 7, 4, '?'), (0, 7, 4, '?'), (0, 2, 4, '?'), (0, 2, 4, '?')]"
"(12, 12, 8, 2, 0)","[(3, 5, '?', 1)]"
"(12, 12, 8, 4, 0)","[(7, 5, 6, 1)]"
"(12, 12, 10, 1, 0)","[(5, 0, 6, 2), (5, 0, 4, 2), (5, 0, 4, 2), (1, 1, 6, 1), (1, 0, 4, 2), (1, 1, 6, 2), (5, 1, 4, 1)]"
"(12, 12, 10, 3, 0)","[(1, 3, 6, '?'), (1, 3, 1, '?'), (5, 3, 6, '?')]"
"(12, 12, 10, 5, 0)","[(1, 0, 6, '?'), (5, 1, 4, '?')]"
"(12, 12, 10, 8, 0)","[(5, 3, 6, 1), (1, 3, 4, 2)]"
"(12, 12, 10, 10, 0)","[(5, '?', 4, '?'), (1, 3, 4, 2), (1, 0, 4, 7), (1, 2, 6, '?'), (5, '?', 4, '?'), (1, '?', 4, '?'), (1, 0, 6, '?'), (1, '?', 4, '?'), (1, 2, 6, '?')]"
"(12, 12, 10, 11, 0)","[(5, 0, 4, 1), (1, 0, 6, 1), (1, 0, 6, 1), (1, '?', 6, 2), (1, '?', 6, 2), (1, '?', 6, 1), (1, '?', 6, 1), (1, 6, 6, 1), (1, '?', 6, 2), (5, 3, 6, 2), (1, 0, 4, 1), (1, '?', 6, 2), (1, 2, 6, 2), (5, 3, 6, 2), (1, 7, 4, 1), (1, 5, 4, 2), (5, '?', 4, 1), (1, 0, 4, 1), (7, 2, 6, 1), (1, '?', 6, 2), (5, 7, 6, 1), (1, '?', 6, 2)]"
"(12, 12, 10, 17, 0)","[(5, 5, 6, '?'), (5, 4, 6, '?')]"
"(12, 12, 10, 19, 0)","[(1, 3, 4, 1), (1, 3, 6, 2)]"
"(12, 12, 10, 25, 0)","[(1, 1, 1, '?')]"
"(12, 12, 10, 26, 0)","[(1, 7, 6, '?'), (1, 2, 6, '?'), (5, 7, 6, '?'), (1, 7, 4, '?'), (1, 7, 4, '?')]"
"(12, 12, 11, 2, 0)","[(3, 5, 4, 1), (3, 5, 6, 1), (3, 0, 6, 1), (3, 5, 6, 1), (3, 7, 6, 1), (3, 5, 6, 2), (3, 1, 4, 1), (3, 5, 4, 1), (3, 6, 6, 1), (3, 5, 6, 2), (3, 2, 6, 1), (3, 4, 6, 1), (3, '?', 6, 1), (3, 4, 4, 1), (3, 0, 6, 1), (3, 0, 6, 1), (3, 1, 4, 1), (3, '?', 6, 1), (3, '?', 6, 1), (3, 6, '?', 1), (3, 5, 6, 2), (3, 4, 6, 1), (3, '?', 6, 1), (3, 7, 6, 1), (3, 7, 6, 1), (3, 2, 6, 2), (3, 7, 4, 1), (3, 0, 6, 2), (3, 0, 4, 1), (3, 0, 4, 2), (3, 2, 6, 1), (3, 7, 6, 2), (3, '?', 6, '?'), (3, 6, 6, 1), (3, 7, 6, 2), (3, 5, 4, 1), (3, 7, 6, 2), (3, 7, 6, 1), (3, 7, 6, 2)]"
"(12, 12, 11, 3, 0)","[(3, 3, 6, 2)]"
"(12, 12, 11, 4, 0)","[('?', 3, 4, 2)]"
"(12, 12, 11, 5, 0)","[('?', 0, 6, 2), ('?', 1, 6, 1)]"
"(12, 12, 11, 11, 0)","[('?', 4, 6, 2)]"
"(12, 12, 11, 12, 0)","[(3, 4, 6, 2), (4, 4, 4, 2), ('?', 5, 4, 1), (4, 4, 4, 2), ('?', 2, 6, 1), ('?', 0, 4, 1), ('?', 5, 4, 2), ('?', 3, 4, 1), (5, '?', 4, 2), ('?', 4, 4, 1), (4, '?', 4, 2), ('?', 5, 4, 2), ('?', 3, 6, 2), ('?', 5, 4, 1), ('?', 5, 6, 1), ('?', 0, 4, 1), (5, 7, 6, 1), ('?', 7, 6, 1), (3, 7, 6, 1), ('?', '?', 6, 2), (3, '?', 6, 1), (3, 5, 6, 2), ('?', 2, 6, 2), ('?', 2, 6, 2), (5, 7, 6, 1), ('?', 2, 6, 2), ('?', 2, 6, 2)]"
"(12, 12, 11, 14, 0)","[(3, 0, 4, 2), (3, 0, 6, 2), (3, 0, 6, 2), (3, 1, 6, 2), (3, 0, 6, 2), (3, 1, 6, 2), (3, 1, 6, 1), (3, 1, 6, 2), (3, 1, 6, 1), (3, 1, 6, 2), (3, 1, 4, 1), (3, 0, 4, '?'), (3, 1, 6, 1), (3, 1, 6, 1)]"
"(12, 12, 11, 16, 0)","[(3, 4, 4, 2)]"
"(12, 12, 11, 22, 0)","[(3, 3, 6, 1), (3, 3, 6, 1), (3, 3, 4, 2), (3, 3, 6, 1), (3, 3, 4, 2), (3, 3, 4, 1), (3, 3, 4, 2), (3, 3, 6, 2), (3, 3, 4, 2), (3, 3, 6, 1), (3, 3, 4, 2), (3, 3, 4, 1), (3, 3, 4, 1), (3, 3, 6, 1), (3, 3, 6, 2)]"
"(12, 12, 11, 23, 0)","[(3, 3, 4, 2), (3, 3, 4, 1), (3, 3, 4, 1), (3, 3, 6, 2), (3, 3, 6, 2), (3, 3, 6, 2), (3, 3, 6, 2)]"
"(12, 12, 11, 26, 0)","[('?', 2, 6, 2), ('?', 2, 6, 2), (3, 7, 4, 1)]"
"(12, 12, 12, 1, 0)","[('?', 1, 4, 2), ('?', 0, 6, 2), ('?', 1, 4, 2), ('?', 0, 6, '?'), ('?', 1, 4, 2), ('?', 0, 6, 2), ('?', 1, 6, 2), (5, 1, 4, 2), ('?', 1, 6, 2), ('?', 1, 6, 1), (5, 1, 4, 2), ('?', 0, 6, 2), ('?', 1, 4, 2), (5, 1, 4, 2), ('?', 1, 6, 1), (5, 1, 4, 2), ('?', 1, 6, 1), ('?', 0, 4, 1), ('?', 1, 6, 2), ('?', 1, 4, 1), (1, 1, 6, 2)]"
"(12, 12, 12, 2, 0)","[(3, 0, 6, 1), (3, 0, 4, '?'), (3, '?', 6, 7), (3, 0, 6, 1), (3, '?', 6, '?'), (3, '?', 4, 3), (3, '?', 6, '?'), (3, 5, 4, '?'), (3, '?', 6, '?'), (3, 5, 4, 6), (4, 4, 6, 5), (3, 5, 4, '?'), (3, 5, 4, 6), (3, 1, 4, '?'), (3, '?', 4, '?'), (3, 0, 4, 1), (3, 0, 4, '?'), (3, '?', 4, '?'), (3, '?', 4, '?'), (3, 6, 6, '?'), (3, 4, 4, 6), (3, 6, 6, 1), (3, 0, 6, '?'), (3, '?', 6, 1), (3, '?', 6, '?'), (3, 5, 4, 6), (3, '?', 6, '?'), (3, 0, 4, '?'), (3, 4, 4, '?'), (3, '?', 4, '?'), (3, 0, 4, 1), (3, '?', 6, '?'), (3, '?', 4, '?'), (3, '?', 6, '?'), (3, '?', 4, '?'), (3, 0, 4, 1), (3, '?', 6, 6), (3, 5, 4, 6)]"
"(12, 12, 12, 3, 0)","[('?', 3, 6, '?'), ('?', 3, 4, '?'), ('?', 3, 6, '?'), ('?', 3, 4, '?'), ('?', 3, 4, '?'), (2, 3, 6, '?'), ('?', 3, 4, '?'), ('?', 3, 4, '?'), ('?', 3, 4, '?'), ('?', 3, 6, '?'), ('?', 3, 6, '?'), ('?', 3, 6, '?'), ('?', 3, 4, '?'), ('?', 3, 6, '?')]"
"(12, 12, 12, 4, 0)","[(2, 7, 6, '?'), (3, 6, 4, '?')]"
"(12, 12, 12, 5, 0)","[(5, 1, 4, '?'), ('?', 1, 4, '?'), ('?', 1, 6, '?'), ('?', 0, 6, '?'), ('?', 0, 4, '?'), ('?', 0, 4, '?'), ('?', 0, 4, '?'), ('?', 1, 4, '?'), ('?', 1, 6, 7), ('?', 0, 6, '?'), ('?', 0, 6, '?'), ('?', 1, 4, '?'), ('?', 0, 4, '?'), ('?', 1, 4, '?'), ('?', 1, 4, '?'), ('?', 1, 6, '?'), (5, 1, 4, '?'), ('?', 0, 4, '?'), ('?', 1, 6, '?'), ('?', 0, 6, '?'), (5, 1, 6, '?'), ('?', 1, 4, '?')]"
"(12, 12, 12, 8, 0)","[('?', 3, 4, 1), ('?', 3, 6, 2), ('?', 3, 4, 2), ('?', 3, 6, 2), ('?', 3, 4, 1), ('?', 3, 6, 2), ('?', 3, 6, 2), ('?', 3, 6, 2), ('?', 3, 4, 1), ('?', 3, 6, 2)]"
"(12, 12, 12, 11, 0)","[('?', 5, 6, 1), ('?', 3, 6, 2), (5, '?', 4, 2), ('?', 5, 6, 1), ('?', '?', 6, 2), ('?', '?', 6, 2), ('?', 0, 4, 1), (3, 5, 4, 1), ('?', 5, 4, 2), (3, 5, 6, 2), ('?', 7, 6, 1), ('?', 5, 4, 1), ('?', '?', 6, 2), ('?', '?', 6, 2), ('?', 5, 4, 1), ('?', 7, 6, 1), ('?', '?', 6, 2), (5, '?', 6, 2), (5, '?', 6, 2), (5, 5, 6, 2), ('?', '?', 4, 1), (2, 5, 6, 1), ('?', 5, 4, 1), ('?', 7, 6, 2), (5, '?', 6, 2), ('?', '?', 4, 1), (3, '?', 6, 1), (5, 5, 6, 2), (5, 5, 6, 2), (3, 2, 6, 2), ('?', 7, 6, 2), ('?', '?', 4, 1), (5, 2, 6, 2), ('?', '?', 4, 1), ('?', 5, 4, 2), (7, 5, 6, 1), (2, 5, 6, 1), ('?', '?', 4, 1), ('?', '?', 4, 1), (5, '?', 4, 2)]"
"(12, 12, 12, 12, 0)","[(3, 4, 6, 5), ('?', 0, 4, '?'), ('?', 0, 4, '?'), ('?', 4, 4, '?'), ('?', 5, 6, '?'), ('?', 5, 6, '?'), ('?', 4, 6, '?'), (4, 4, 4, 5), ('?', 5, 4, 4), (5, 5, 4, 6), ('?', 4, 4, 6), (5, 4, 4, '?'), ('?', 5, 6, '?')]"
"(12, 12, 12, 14, 0)","[(3, 0, 4, '?'), (3, 1, 6, '?'), (3, 1, 6, '?'), (3, 1, 6, 3), (3, 1, 6, '?'), (3, 0, 6, '?'), (3, 1, 4, '?'), (3, 0, 4, 2), (3, 1, 4, 1), (3, 0, 6, '?')]"
"(12, 12, 12, 19, 0)","[('?', 3, 6, 2)]"
"(12, 12, 12, 22, 0)","[(3, 3, 6, '?'), (3, 3, 6, '?'), (3, 3, 6, '?'), (3, 3, 4, 6), (3, 3, 6, 4), (3, 3, 4, 3), (3, 3, 4, '?'), (3, 3, 4, 6), (3, 3, 4, '?'), (3, 3, 6, '?'), (3, 3, 4, '?'), (3, 3, 4, 1), (3, 3, 4, '?'), (3, 3, 4, 6), (3, 3, 4, '?'), (3, 3, 6, '?'), (3, 3, 4, '?'), (3, 3, 4, '?')]"
"(12, 12, 12, 24, 0)","[(5, 1, 4, 4), ('?', 1, 6, '?'), ('?', 1, 4, 7), ('?', 0, 4, '?'), ('?', 1, 6, '?'), ('?', 1, 6, '?')]"
"(12, 12, 13, 2, 0)","[(3, '?', 2, 3), (3, '?', 2, 6)]"
"(12, 12, 13, 13, 0)","[(3, 0, 2, 4)]"
"(12, 12, 13, 23, 0)","[(3, 3, 2, 4)]"
"(12, 12, 15, 1, 0)","[(4, 1, 6, 2), (4, 1, 4, 2), (4, 1, 4, 1), (4, 0, 6, 2)]"
"(12, 12, 15, 2, 0)","[(4, 3, 4, '?'), (4, 3, 4, '?')]"
"(12, 12, 15, 5, 0)","[(4, 0, 6, '?'), (4, 1, 4, '?'), (4, 0, 6, 6), (4, 1, 6, 7), (4, 1, 4, '?'), (4, 1, 4, '?'), (4, 1, 6, '?'), (4, 0, 6, '?'), (4, 0, 6, 6), (4, 1, 6, '?'), (4, 0, 6, '?'), (4, 0, 4, '?'), (4, 1, 4, '?')]"
"(12, 12, 15, 6, 0)","[(4, 2, 4, 2), (4, 7, 6, 2), (4, 2, 4, 2), (4, 2, 4, 1), (4, 2, 4, 1), (4, 2, 4, 2), (4, 2, 4, 2), (4, 2, 4, 1), (4, 2, 4, 2)]"
"(12, 12, 15, 10, 0)","[(4, 5, 4, '?'), (4, '?', 4, '?'), (4, 0, 4, '?'), (4, 3, 6, '?'), (4, '?', 4, '?'), (4, 3, 4, '?'), (4, 3, 4, '?'), (4, 3, 4, '?'), (4, 3, 6, '?'), (4, 3, 4, '?'), (4, '?', 4, '?'), (4, 3, 6, '?'), (4, 0, 4, '?'), (4, 3, 4, '?'), (4, 3, 4, '?'), (4, 0, 4, 1), (4, 0, 4, 2), (4, 4, 6, '?')]"
"(12, 12, 15, 11, 0)","[(4, 4, 6, 1), (4, '?', 6, 1), (4, 5, 4, 1), (4, 0, 4, 2), (4, '?', 6, 2), (4, 3, 6, 1), (4, 3, 4, 2), (4, 3, 4, 2), (4, '?', 6, 1), (4, 3, 6, 2), (4, '?', 6, 2), (4, 0, 6, 1), (4, 5, 6, 1), (4, 0, 6, 2), (4, 5, 6, 2), (4, 4, 4, 1), (4, 4, 6, 2), (4, '?', 6, 1), (4, '?', 4, 2), (4, 5, 6, 1), (4, '?', 4, 2), (4, 3, 6, 2), (4, 0, 6, 2), (4, 5, 4, 1), (4, '?', 4, 2), (4, 6, 6, 1), (4, '?', 4, 2), (4, 3, 6, 1), (4, 5, 6, 1), (4, 5, 4, 2), (4, '?', 4, 2), (4, 2, 6, 1), (4, 0, 4, 1), (4, '?', 6, 1), (4, 5, 6, 1), (4, 5, 4, 2), (4, 0, 6, 1), (4, 0, 6, 2), (4, 5, 6, 2), (4, 0, 6, 1), (4, 5, 6, 2), (4, 5, 6, 1), (4, 5, 4, 2), (4, 4, 6, 2), (4, 3, 6, 2), (4, '?', 6, 1), (4, 3, 6, 1), (4, 3, 4, 1), (4, 3, 6, 1), (4, 4, 4, 2), (4, 5, 4, 2), (4, 3, 4, 1), (4, '?', 4, 1), (4, 4, 6, 2)]"
"(12, 12, 15, 14, 0)","[(4, 1, 4, '?'), (4, 1, 4, 5)]"
"(12, 12, 15, 17, 0)","[(4, 4, 6, 5), (4, 4, 4, 6)]"
"(12, 12, 15, 22, 0)","[(4, 3, 6, 7)]"
"(12, 12, 15, 24, 0)","[(4, 1, 7, '?')]"
"(12, 12, 15, 26, 0)","[(4, 7, 6, '?'), (4, 7, 4, '?'), (4, 2, 6, '?')]"
"(12, 12, 17, 1, 0)","[(5, 0, 6, 2), (5, 1, 6, 1), (1, 0, 4, 2), (1, 0, 4, 1), (5, 0, 6, 2), (1, 0, 4, 2), (5, 0, 6, 2)]"
"(12, 12, 17, 10, 0)","[(5, 4, 4, 7), (5, '?', 4, '?')]"
"(12, 12, 17, 11, 0)","[(1, 4, 6, 1), (5, '?', 6, 2), (5, '?', 4, 2), (1, 5, 6, 1), (5, '?', 4, 1), (1, 4, 6, 1), (5, 0, 4, 1), (1, '?', 6, 1), (1, 0, 6, 1), (1, 4, 4, 1)]"
"(12, 12, 17, 17, 0)","[(1, 4, 4, '?'), (1, 4, 6, '?')]"
"(12, 12, 17, 19, 0)","[(5, 3, 6, 2)]"
"(12, 12, 17, 26, 0)","[(1, 7, 4, '?')]"
"(12, 12, 18, 2, 0)","[(0, 4, 6, 2), (0, 4, 4, 2), (0, 2, 6, 2)]"
"(12, 12, 18, 3, 0)","[(0, 3, 6, 2), (0, '?', 4, 2)]"
"(12, 12, 18, 5, 0)","[(0, 0, 6, 2), (0, 1, 6, 1), (0, 0, 6, '?'), (0, 1, 6, 1), (0, 1, 6, 2), (0, 1, 4, 1), (0, 0, 6, 2), (0, 1, 6, 2), (0, 1, 4, 2), (0, 0, 4, 2), (0, 0, 6, 2), (0, 1, 4, 1), (0, 1, 6, 1), (0, 0, 4, 1), (0, 1, 6, 2), (0, 0, 6, 2), (0, 1, 6, 2)]"
"(12, 12, 18, 10, 0)","[(0, 3, 4, 1), (0, '?', 4, 2), (0, 5, 6, 2), (0, 5, 6, 1), (0, 3, 4, 2), (0, 5, 6, 2), (0, '?', 6, 2), (0, 3, 4, 2), (0, 5, 6, 2), (0, 3, 6, 2), (0, 3, 6, 2), (0, 6, 4, 1), (0, 4, 4, 2), (0, '?', 6, 1), (0, '?', 6, 1), (0, 2, 6, 2), (0, 7, 6, 1), (0, '?', 4, 2), (0, '?', 6, 2), (0, 3, 4, 2), (0, 3, 6, 2), (0, 5, 4, 1), (0, 7, 6, 2)]"
"(12, 12, 18, 11, 0)","[(0, 4, 4, 2), (0, 4, 6, 1), (0, 4, 6, 2)]"
"(12, 12, 18, 12, 0)","[(0, 3, 4, 1), (0, 7, 6, 1), (0, '?', 6, 1), (0, 0, '?', 1)]"
"(12, 12, 18, 16, 0)","[(0, 4, 6, 1), (0, 4, 4, 2), (0, 4, 6, 2)]"
"(12, 12, 18, 17, 0)","[(0, 0, 4, 1), (0, 5, 6, 1)]"
"(12, 12, 18, 18, 0)","[(0, 5, 6, 1)]"
"(12, 12, 18, 19, 0)","[(0, 3, 6, 2), (0, 3, 4, 1), (0, '?', 4, 2), (0, 3, 6, 2), (0, 3, 4, 2), (0, '?', 6, 2), (0, '?', 4, 2)]"
"(12, 12, 18, 21, 0)","[(0, 6, 6, 2), (0, 6, 6, 2)]"
"(12, 12, 18, 24, 0)","[(0, 6, 6, 2), (0, 6, 6, 2), (0, 1, 6, 1), (0, 1, 6, 2)]"
"(12, 12, 18, 26, 0)","[(0, 2, 6, 2), (0, 2, 6, 1), (0, 7, 4, 2), (0, 2, 4, 2), (0, 7, 4, 1), (0, 2, 6, 2), (0, 7, 4, 2), (0, 7, 4, 1), (0, 2, 4, 2), (0, 2, 6, 1), (0, 2, 4, 1), (0, 7, 4, 2), (0, 7, 4, 1)]"
"(12, 12, 21, 2, 0)","[(3, 6, 4, 1), (3, 6, 6, '?'), (3, 6, 4, '?'), (3, 6, 4, 1), (3, 6, 6, '?')]"
"(12, 12, 21, 4, 0)","[(5, 6, 6, '?'), ('?', 6, 4, '?')]"
"(12, 12, 21, 11, 0)","[(5, 6, 4, 2), ('?', 6, 6, 1), (1, 6, 4, 2), (5, 6, 6, 2), (5, 6, 6, 2), (5, 6, 6, 2), (5, 6, 4, 2), (5, 6, 6, 2), (5, 6, 4, 1), ('?', 6, 6, 1)]"
"(12, 12, 21, 12, 0)","[(5, 6, 4, 2), (5, 6, 4, '?'), (5, 6, 4, 1), (5, 6, 4, '?')]"
"(12, 12, 21, 16, 0)","[(3, 6, 4, 1), (3, 6, 6, 1)]"
"(12, 12, 21, 21, 0)","[(5, 6, 4, '?'), (5, 6, 4, '?'), ('?', 6, 4, '?'), (5, 6, 4, '?')]"
"(12, 12, 21, 24, 0)","[(5, 6, 4, 2)]"
"(12, 12, 24, 2, 0)","[(3, 6, 6, '?')]"
"(12, 12, 25, 11, 0)","[(5, 7, 6, 1)]"
"(12, 12, 25, 22, 0)","[(3, 3, 6, '?')]"
"(12, 12, 26, 2, 0)","[(3, 7, 4, '?'), (4, 2, 4, '?'), (3, 2, 4, '?'), (4, 2, 4, '?'), (3, 7, 4, '?'), (3, 2, 4, '?'), (3, 7, 4, '?'), (3, 7, 6, 3), (3, 2, 6, '?'), (3, 2, 4, '?'), (3, 2, 4, 1)]"
"(12, 12, 26, 4, 0)","[(3, 2, 6, 6), (3, 7, 4, 2), ('?', 2, 4, '?'), ('?', 2, 4, '?'), (5, 2, 4, 2), ('?', 7, 6, 2), (3, 2, 4, 1), (5, 2, 4, 2), ('?', 2, 4, '?'), (3, 7, 4, '?')]"
"(12, 12, 26, 11, 0)","[('?', 7, 4, 1), ('?', 2, 4, 1), ('?', 7, 6, 2), (5, 7, 4, 1), ('?', 7, 4, 1), ('?', 7, 4, 1), (2, 7, 4, 1), (0, 2, 6, 1), ('?', 2, 4, 1), (4, 2, 4, 2), (5, 7, 4, 2), (2, 2, 4, 2), (3, 2, 4, 1), ('?', 7, 4, 2), ('?', 7, 6, 1), (1, 7, 4, 2), (5, 7, 4, 1), (3, 2, 4, 1), ('?', 2, 4, 1), ('?', 2, 4, 1), ('?', 2, 4, 2), (5, 7, 4, 2), ('?', 7, 6, 2), ('?', 7, 4, 2), ('?', 2, 4, 2), ('?', 2, 4, 2), (3, 7, 4, 2), (3, 7, 4, 2), ('?', 7, 4, 2), ('?', 2, 4, 2), ('?', 2, 4, 1), ('?', 2, 4, 2), ('?', 2, 4, 2), ('?', 2, 4, 2)]"
"(12, 12, 26, 12, 0)","[('?', 7, 4, '?'), ('?', 7, 4, '?'), (5, 7, 4, '?'), ('?', 2, 4, '?'), ('?', 2, 6, '?'), (5, 7, 4, '?'), ('?', 2, 6, '?'), (5, 7, 4, '?'), ('?', 7, 4, '?'), ('?', 2, 6, '?'), ('?', 2, 4, '?'), ('?', 2, 6, '?'), ('?', 7, 4, 4), (5, 7, 4, '?'), (1, 7, 4, 2), ('?', 2, 6, '?'), ('?', 7, 4, '?'), ('?', 7, 4, '?'), (5, 7, 4, '?'), ('?', 7, 4, '?'), (5, 7, 4, '?'), (5, 2, 4, 2), ('?', 7, 4, '?')]"
"(12, 12, 26, 25, 0)","[('?', 2, 4, 2)]"
"(12, 12, 26, 26, 0)","[(3, 2, 4, '?')]"
"(12, 12, 27, 10, 0)","[(0, 5, 4, '?')]"
"(12, 13, 1, 25, 0)","[(5, 6, 2, 2)]"
"(12, 13, 2, 1, 0)","[(4, 6, 7, 1), (4, 6, 7, 2), (4, 6, 7, 2)]"
"(12, 13, 2, 6, 0)","[(4, 7, 2, 2), (4, 7, 2, 2), (4, 7, 2, 1), (4, 2, 7, 2), (4, 2, 2, 2), (4, 2, 2, 1), (4, 7, 2, 2), (4, 2, 7, 1), (4, 2, 2, 2), (4, 7, 2, 1), (4, 2, 2, 1), (4, 2, 2, 1), (4, 7, 2, 2), (4, 7, 2, 1), (4, 2, 7, 1), (4, 7, 2, 1), (4, 2, 7, 1), (4, 2, 2, 1), (4, 2, 2, 1), (4, 7, 2, 1), (4, 2, 7, 1), (4, 2, '?', 2), (4, 2, 2, 2), (4, 7, 7, 2), (4, 7, 2, 2), (4, 2, 2, 1), (4, 7, 2, 1)]"
"(12, 13, 2, 9, 0)","[(4, 5, 2, '?')]"
"(12, 13, 2, 11, 0)","[(4, 0, 2, 1), (4, 5, 7, 1), (4, 5, 7, 1), (4, 6, 7, 1), (4, 1, 7, 2), (4, '?', 2, 1), (4, 5, 2, 2), (4, 5, 2, 1), (4, 4, 7, 1), (4, '?', 2, 1), (4, 0, 2, 1), (4, 5, 7, 2), (4, 1, 2, 1), (4, 1, 7, 1), (4, 0, 2, 2), (4, 4, 2, 2), (4, 1, 7, 1), (4, 3, 7, 1), (4, 5, 2, 1), (4, '?', 2, 1), (4, 5, 2, 2), (4, 5, 7, '?'), (4, 0, 2, 1), (4, '?', 7, 1), (4, 0, 7, 2), (4, '?', 2, 2), (4, 0, 2, 1), (4, 0, 7, 2), (4, 6, 7, 1), (4, '?', 2, 2), (4, 4, 7, 1)]"
"(12, 13, 2, 13, 0)","[(4, 5, 2, '?'), (4, 0, 7, '?'), (4, 4, 2, 6), (4, 5, 7, 6), (4, 1, 2, '?'), (4, 4, 7, 6), (4, 1, 2, '?'), (4, 5, 2, 6), (4, 1, 7, '?'), (4, 5, 7, '?'), (4, 3, 7, '?')]"
"(12, 13, 2, 15, 0)","[(4, '?', 7, '?'), (4, 5, 2, '?'), (4, '?', 7, '?'), (4, 5, 2, 6), (4, 5, 7, '?')]"
"(12, 13, 2, 19, 0)","[(4, 3, 7, 2), (4, 3, 2, 2), (4, 3, 7, 1), (4, 3, 7, 2), (4, 3, 7, 2), (4, 3, 7, 1), (4, 3, 2, 1), (4, 3, 2, 2), (4, 3, 7, 1), (4, 3, 2, 1)]"
"(12, 13, 2, 22, 0)","[(4, 3, 2, '?'), (4, 3, 2, '?')]"
"(12, 13, 2, 23, 0)","[(4, 3, 7, 6), (4, 3, 2, '?'), (4, 3, 7, '?')]"
"(12, 13, 2, 24, 0)","[(4, 1, 2, '?'), (4, 1, 2, '?'), (4, 1, 2, '?'), (4, 1, 2, '?')]"
"(12, 13, 2, 25, 0)","[(4, 5, 7, '?'), (4, '?', 7, 6), (4, 5, 7, '?'), (4, '?', 2, '?'), (4, '?', 2, '?'), (4, 4, 2, 6), (4, 5, 2, '?'), (4, 5, 7, 7), (4, '?', 2, '?')]"
"(12, 13, 2, 26, 0)","[(4, 2, 2, '?'), (4, 2, 2, '?'), (4, 7, 7, 6), (4, 2, 7, '?'), (4, 2, 2, '?'), (4, 2, 7, '?'), (4, 2, 2, '?'), (4, 2, 7, '?'), (4, 2, 7, '?'), (4, 2, 7, '?')]"
"(12, 13, 3, 2, 0)","[(3, 5, 7, '?'), (3, 5, 2, '?'), (3, 5, 2, '?'), (3, 5, 2, '?'), (3, 5, 2, '?'), (3, 5, 7, '?'), (3, 5, 2, '?'), (3, 5, 2, '?'), (3, 5, 7, 3), (3, 5, 2, 6)]"
"(12, 13, 3, 7, 0)","[(0, 5, 2, 6), (0, 5, 7, 7), (0, 5, 2, 6)]"
"(12, 13, 3, 10, 0)","[(1, 5, 2, '?'), (5, 5, 2, 6), (1, 5, 2, '?'), (5, 5, 2, '?'), (1, 5, 2, '?'), (1, 5, 2, '?'), (1, 5, 2, '?'), (5, 5, 2, 6), (5, 5, 2, '?'), (5, 5, 2, 7)]"
"(12, 13, 3, 11, 0)","[('?', 5, 7, 1), (3, 5, 7, 2), (2, 5, 7, 2)]"
"(12, 13, 3, 13, 0)","[('?', 5, 7, '?'), ('?', 5, 7, '?'), ('?', 5, 2, 7), (3, 5, 7, '?'), ('?', 5, 7, '?')]"
"(12, 13, 3, 17, 0)","[(5, 5, 2, '?'), (1, 5, 2, '?'), (1, 5, 2, '?')]"
"(12, 13, 3, 20, 0)","[(2, 5, 2, '?')]"
"(12, 13, 3, 23, 0)","[(3, 5, 7, '?'), (3, 5, 2, '?')]"
"(12, 13, 3, 25, 0)","[('?', 5, 7, 1), ('?', 5, 7, '?'), ('?', 5, 7, 6), ('?', 5, 2, '?'), ('?', 5, 7, '?'), ('?', 5, 7, '?'), (5, 5, 7, '?'), ('?', 5, 2, '?'), ('?', 5, 2, '?'), (5, 5, 7, 4), (5, 5, 7, 6), (3, 5, 7, 4), ('?', 5, 2, 7), ('?', 5, 2, 7), ('?', 5, 2, '?'), (3, 5, 7, '?'), ('?', 5, 7, '?'), ('?', 5, 2, 6), ('?', 5, 7, '?'), ('?', 5, 2, 6), (3, 5, 2, '?'), ('?', 5, 7, 6)]"
"(12, 13, 3, 27, 0)","[(0, 5, 2, 7), (0, 5, 2, 7), (0, 5, 2, 0), (0, 5, 2, 7), (0, 5, 7, 5), (0, 5, 7, 7), (0, 5, 2, 7), (0, 5, 2, 7), (0, 5, 2, 6), (0, 5, 2, 7), (0, 5, 2, 6)]"
"(12, 13, 6, 2, 0)","[(3, 2, 2, 2), (3, 2, 7, 1), (3, 2, 2, 1), (3, 2, 2, 2), (4, 7, 7, 1), (3, 2, 2, 1), (3, 7, 2, 1), (3, 2, 7, 1), (3, 2, 2, 2), (3, 6, 7, 2), (3, 2, 7, 1), (4, 2, 7, 2), (3, 7, 2, 1), (3, 2, 2, 1), (3, 7, 7, 2), (3, 2, 7, 1), (3, 2, 2, 2), (3, 2, 2, 2), (3, 2, 2, 2), (3, 7, 2, 1), (3, 6, 7, 2), (3, 2, 2, 1), (3, 7, 2, 1), (3, 2, 7, 1), (4, 7, 7, 2), (3, 2, 2, 1), (3, 7, 2, 1), (3, 2, 2, 2)]"
"(12, 13, 6, 6, 0)","[('?', 7, 2, 1), ('?', 2, 2, 1), (5, 2, 7, 1), (0, 2, 2, 1), (0, 2, 7, 1), ('?', 2, 2, 2), ('?', 2, 2, 1), ('?', 7, 7, 2), ('?', 2, 2, 1), (0, 2, 7, 1), ('?', 2, 7, 1), ('?', 2, 7, 1), ('?', 2, 7, 2), ('?', 2, 2, 2), ('?', 2, 2, 1), ('?', 2, 7, 1)]"
"(12, 13, 6, 7, 0)","[(0, 2, 2, 1)]"
"(12, 13, 6, 10, 0)","[(5, 2, 7, 1), (1, 7, 2, 1), (1, 2, 7, 1), (5, 2, 7, 1), (5, 2, 2, 2), (1, 2, 2, 1), (1, 2, 2, 1), (1, 2, 7, 2), (1, 2, 7, 2), (1, 2, 7, 1)]"
"(12, 13, 6, 11, 0)","[('?', 2, 7, 1), ('?', 7, 2, 1), (4, 7, 7, 2)]"
"(12, 13, 6, 12, 0)","[('?', 7, 7, 2), ('?', 7, 7, 1), ('?', 2, 2, 2), (5, 7, 7, 1), ('?', 2, 7, 1), ('?', 2, 2, 1), ('?', 7, 7, 1), (5, 2, 2, 2), ('?', 2, 2, 1), ('?', 7, 7, 1), ('?', 2, 2, 1), ('?', 2, 2, 2), (0, 2, 2, 2), ('?', 2, 7, 2), ('?', 7, 7, 2)]"
"(12, 13, 6, 13, 0)","[('?', 7, 2, 2), ('?', 7, 2, 1), (3, 2, 2, 2), ('?', 2, 2, 2), ('?', 7, 2, 2), ('?', 7, 2, 1), ('?', 7, 2, 2), ('?', 7, 2, 1)]"
"(12, 13, 6, 17, 0)","[(1, 7, 2, 1), (1, 7, 7, 2), (5, 2, 2, 2), (1, 7, 7, 1), (1, 2, 7, 2), (5, 2, 2, 2), (1, 7, 2, 2), (5, 2, 2, 2), (1, 7, 2, 1), (1, 2, 2, 2), (5, 2, 2, 2), (1, 2, 7, 1), (1, 7, 7, 1), (1, 2, 7, 2), (1, 2, 7, 1), (5, 7, 2, 1), (1, 7, 7, 1), (5, 7, 2, 1), (5, 7, 2, 1), (1, 7, 2, 2), (5, 2, 7, 1), (1, 2, 2, 2), (5, 7, 7, 1), (1, 7, 2, 2), (5, 7, 2, 1), (1, 7, 7, 1), (1, 2, 2, 1), (5, 7, 7, 1), (1, 7, 2, 1)]"
"(12, 13, 6, 18, 0)","[(0, 2, 2, 1), (0, 2, 2, 1), (0, 7, 7, 2)]"
"(12, 13, 6, 23, 0)","[(3, 2, 2, 2)]"
"(12, 13, 6, 25, 0)","[('?', 7, 2, 2), ('?', 2, 7, 2), (5, 7, 7, 1), ('?', 2, 2, 1), ('?', 2, 2, 2), ('?', 7, 2, 1)]"
"(12, 13, 6, 27, 0)","[(0, 2, 2, 1)]"
"(12, 13, 7, 1, 0)","[(0, 1, 2, 1), (0, 1, 2, 1), (0, 1, 2, 2), (7, 0, 2, 1)]"
"(12, 13, 7, 6, 0)","[(0, 2, 2, 2), (0, 7, 2, 2), (0, 2, 2, 2)]"
"(12, 13, 7, 11, 0)","[(0, 0, 2, 1), (0, 1, 7, 1), (0, 0, 2, 2), (0, '?', 7, 2), (0, '?', 2, 1), (0, 0, 7, 1), (0, 0, 7, 1), (0, 0, 2, 2), (0, 4, 7, 2), (0, 0, 2, 1), (0, 1, 7, 2), (0, 6, 7, 1), (0, 6, 2, 2), (0, 4, 7, 2), (0, 4, 2, 2), (0, 7, 2, 2), (0, 0, 2, 1), (0, 1, 7, 1), (0, 1, 2, 2), (0, 6, 7, 2), (0, '?', 7, 2), (0, 6, 2, 2), (0, 0, 2, 2), (0, 0, 2, 1), (0, 1, 2, 2), (0, 0, 2, 2), (0, 0, 7, 2), (0, 6, 7, 1), (0, 0, 2, 2), (0, '?', 2, 1), (0, 0, 7, 1), (0, 0, 2, 1), (0, 0, 7, 1), (0, 0, 7, 2), (0, 0, 7, 1), (0, 0, 2, 1), (0, '?', 7, 1), (0, '?', 2, 1), (0, 0, 2, '?'), (0, 1, 2, 2), (0, 6, 7, 2), (0, 0, 7, 1), (0, 0, 2, 2)]"
"(12, 13, 7, 14, 0)","[(0, 0, 7, '?'), (0, 1, 7, '?'), (0, 1, 2, 7), (0, 1, 2, '?'), (0, 1, 7, 6)]"
"(12, 13, 7, 15, 0)","[(0, 4, 7, '?'), (0, 0, 2, '?'), (0, 0, 2, '?')]"
"(12, 13, 7, 16, 0)","[(0, 4, 7, 7)]"
"(12, 13, 7, 22, 0)","[(0, 3, 7, '?'), (0, 3, 7, '?'), (0, 3, 7, 0), (0, 3, 7, 7)]"
"(12, 13, 7, 24, 0)","[(0, 1, 7, 6), (0, 1, 2, '?'), (0, 1, 2, '?'), (0, 1, 7, '?'), (0, 1, 7, '?'), (0, 1, 2, 7), (0, 0, 7, 6)]"
"(12, 13, 7, 25, 0)","[(0, 4, 7, 0), (0, '?', 7, 7), (0, 7, 7, 7), (0, 4, 7, '?'), (0, 7, 7, 6), (0, 7, 7, 7), (0, 6, 2, 7), (0, 4, 7, '?'), (0, 0, 7, 7)]"
"(12, 13, 7, 26, 0)","[(0, 7, 7, '?'), (0, 2, 7, 7), (0, 7, 7, '?'), (0, 7, 2, 0), (0, 7, 7, '?'), (0, 7, 7, 0), (0, 2, 2, 6)]"
"(12, 13, 7, 27, 0)","[(0, 4, 7, 7), (0, 4, 2, 7), (0, 0, 2, '?'), (0, '?', 2, 7)]"
"(12, 13, 8, 2, 0)","[(3, 5, 7, 1), (3, 5, 7, 2), (3, 5, 7, 1), (3, 5, 7, 1), (3, 5, 7, 2), (3, 5, 2, 2), (3, 5, 7, 2), (3, 5, 2, 2), (3, 5, 7, 1)]"
"(12, 13, 8, 10, 0)","[(5, 5, 2, 1), (5, 5, 2, 1), (5, 5, 2, 1), (1, 5, 2, 2), (5, 5, 2, 1), (1, 5, 2, 2), (5, 5, 2, 1), (1, 5, 2, 2), (1, 5, 2, 2)]"
"(12, 13, 8, 11, 0)","[('?', 5, 2, 1), ('?', 5, 2, 2), ('?', 5, 2, 1), ('?', 5, 7, 2), ('?', 5, 2, 1), ('?', 5, 2, 1), ('?', 5, 7, 2), ('?', 5, 7, 1), ('?', 5, 2, 1), ('?', 5, 7, 1), (2, 5, 2, 1)]"
"(12, 13, 8, 13, 0)","[(3, 5, 2, '?'), (3, 5, 2, 2)]"
"(12, 13, 8, 16, 0)","[(3, 5, 2, 2), (3, 5, 2, 2), (3, 5, 2, 2), (3, 5, 7, 1), (3, 5, 7, 1), (3, 5, 7, 2), (3, 5, 2, 2), (3, 5, 7, 2)]"
"(12, 13, 8, 17, 0)","[(5, 5, 2, 1), (5, 5, 7, 1), (5, 5, 2, 1), (5, 5, 2, 1), (1, 5, 2, 2), (5, 5, 2, 1), (1, 5, 2, 2), (1, 5, 2, 2)]"
"(12, 13, 8, 18, 0)","[(0, 5, 2, 2), (0, 5, 2, 1), (0, 5, 2, 2), (0, 5, 2, 2), (0, 5, 7, 2), (0, 5, 2, 1), (0, 5, 7, 1), (0, 5, 2, 2), (0, 5, 7, 1), (0, 5, 7, 1), (0, 5, 7, 2), (0, 5, 2, 1)]"
"(12, 13, 8, 20, 0)","[(0, 5, 2, 1), (0, 5, 2, 1), (0, 5, 2, 2), (2, 5, 2, 2)]"
"(12, 13, 8, 25, 0)","[('?', 5, 7, 2), ('?', 5, 2, 2), ('?', 5, 2, 1), (5, 5, 7, 1), ('?', 5, 7, 1), ('?', 5, 2, 2), ('?', 5, 7, 1), ('?', 5, 7, 2), (3, 5, 7, 2), (7, 5, 2, 1), ('?', 5, 2, 2), ('?', 5, 7, 2), ('?', 5, 2, 2), ('?', 5, 7, 2), ('?', 5, 2, 2), ('?', 5, 2, 2), (0, 5, 2, 1), ('?', 5, 7, 1), (2, 5, 2, 2)]"
"(12, 13, 8, 27, 0)","[(0, 5, 2, 2), (0, 5, 7, 1), (0, 5, 7, 2), (0, 5, 7, 2), (0, 5, 7, 2), (0, 5, 7, 2), (0, 5, 7, 1), (0, 5, 2, 2), (0, 5, 7, 2)]"
"(12, 13, 9, 16, 0)","[(3, 4, 2, '?')]"
"(12, 13, 10, 1, 0)","[(1, 1, 7, 1)]"
"(12, 13, 10, 3, 0)","[(1, 3, 2, '?'), (5, 3, 2, 6), (5, 3, 2, '?'), (5, 3, 7, '?'), (1, 3, 2, '?'), (1, 3, 2, '?'), (1, 3, 7, 7), (5, 3, 2, '?'), (5, 3, 2, '?'), (5, 3, 7, '?'), (1, 3, 2, '?'), (5, 3, 2, '?'), (5, 3, 2, '?'), (1, 3, 2, '?'), (5, 3, 7, '?'), (5, 3, 7, '?'), (1, 3, 2, '?'), (1, 3, 2, '?')]"
"(12, 13, 10, 5, 0)","[(5, 1, 7, '?'), (5, 1, 2, '?')]"
"(12, 13, 10, 6, 0)","[(1, 6, 7, 1), (1, 7, 7, 2), (1, 7, 2, 2), (1, 6, 7, 1), (1, 7, 2, 2), (5, '?', 7, 2), (5, 6, 2, 1), (5, 6, 2, 2), (5, 2, 7, 1), (5, 6, 2, 1), (1, 2, 2, 2), (1, 2, 7, 2), (5, 2, 2, 2), (1, 2, 2, 2), (1, 2, 7, 1), (1, 6, 7, 1), (5, 6, 2, 1), (5, 6, 2, 1), (1, 7, 2, 1), (1, 7, 2, 2), (1, 2, 7, 2), (5, 6, 7, 1), (1, 6, 7, 1), (1, 2, 7, 2)]"
"(12, 13, 10, 8, 0)","[(5, 3, 7, 1), (5, 3, 7, 1), (5, 3, 7, 1), (1, 3, 7, 2), (5, 3, 2, 1), (5, 3, 2, 1), (5, 3, 2, 1), (5, 3, 2, 2), (5, 3, 2, 1)]"
"(12, 13, 10, 9, 0)","[(5, 4, 2, '?'), (1, 4, 2, 6), (1, '?', 7, '?'), (5, '?', 7, '?'), (5, '?', 2, '?'), (1, 5, 7, 6), (1, '?', 2, '?'), (1, '?', 2, '?'), (5, 5, 7, '?'), (1, '?', 2, '?'), (5, 5, 7, '?'), (1, 5, 2, 6), (5, '?', 2, '?')]"
"(12, 13, 10, 10, 0)","[(1, 0, 7, '?'), (1, 7, 7, '?'), (1, '?', 2, '?'), (1, '?', 7, '?'), (1, 0, 2, '?'), (1, '?', 7, '?'), (5, '?', 7, '?'), (5, 0, 7, '?')]"
"(12, 13, 10, 11, 0)","[(5, 1, 2, 1), (1, '?', 2, 1), (5, 0, 7, 1), (1, 1, 2, 2), (5, '?', 7, 1), (1, 1, 7, 1), (5, '?', 7, 1), (5, 4, 2, 1), (1, 0, 2, 1), (5, 0, 2, 1), (1, 0, 7, 1), (1, '?', 2, 1), (5, '?', 2, 1), (5, 0, 7, 2), (1, 0, 7, 1), (5, 1, 2, 2), (1, '?', 2, 1), (1, 5, 7, 1), (5, '?', 2, 2), (1, '?', 2, 2), (1, 0, 2, 2), (5, 7, 2, 1), (1, 5, 2, 2), (1, 0, 2, 2), (1, 1, 7, 2), (5, 0, 2, 2), (5, '?', 7, 1), (1, 0, 2, 1), (5, '?', 2, 1), (1, '?', 2, 2), (1, 7, 7, 1), (1, '?', 2, 2), (5, '?', 2, 2), (1, 6, 2, 1), (5, 0, 7, 1), (5, 1, 7, 1), (1, 0, 2, 2), (5, '?', 2, 1), (1, '?', 7, 2), (1, 6, 7, 1), (1, 7, 2, 1), (1, 0, 2, 2), (5, 1, 2, 1), (1, '?', 2, 1), (1, 0, 7, 1), (5, 6, 7, 1), (1, 7, 7, 1), (5, 1, 2, 1), (1, 0, 2, 1), (1, 1, 2, 2), (1, 6, 2, 1), (5, 0, 2, 2), (1, 0, 7, 1), (1, 2, 7, 1), (5, 2, 7, 1), (1, '?', 2, 1), (1, 0, 7, 1), (5, '?', 2, 1), (1, 2, 7, 2), (1, 0, 7, 1), (5, 1, 2, 2), (1, 7, 2, 1), (5, 0, 2, 1), (1, '?', 7, 2), (5, 1, 7, 1), (5, 0, 2, 2), (1, 6, 2, 1), (5, 7, 7, 1), (1, '?', 2, 1), (1, '?', 2, 2), (5, '?', 7, 1), (5, 1, 7, 1), (1, 2, 2, 2), (1, 1, 2, 2), (5, 0, 2, 2), (1, 2, 2, 2), (1, 0, 2, 2), (5, 0, 7, 2), (1, '?', 2, 2), (5, 1, 2, 2), (5, 1, 2, 2), (5, 7, 7, 1), (1, 1, 2, 2), (1, 1, 7, 1), (5, 1, 2, 1), (5, '?', 2, 1), (5, 1, 2, 2), (1, '?', 2, 2), (5, '?', 7, 2), (1, 7, 7, 2), (1, 2, 2, 1), (5, 1, 2, 2), (1, 2, 7, 1), (1, 0, '?', 1), (1, 2, 2, 1), (1, 5, 7, 1), (1, 0, 7, 1), (5, '?', 2, 2), (5, '?', 7, 2), (1, 5, 7, 1), (5, 3, 2, 2), (1, 0, 2, 1), (5, 0, 2, 1), (1, '?', 7, 2), (1, '?', 2, 2), (5, '?', 2, '?'), (1, '?', 2, 1)]"
"(12, 13, 10, 13, 0)","[(5, '?', 2, '?'), (1, '?', 7, '?'), (1, 6, 2, '?'), (1, 2, 2, 6), (1, '?', 7, '?'), (1, '?', 2, '?'), (1, 6, 2, '?'), (1, 6, 2, '?'), (5, '?', 2, '?'), (5, 2, 2, 7)]"
"(12, 13, 10, 14, 0)","[(5, 1, 2, '?'), (1, 1, 2, '?')]"
"(12, 13, 10, 19, 0)","[(5, 3, 2, 2), (1, 3, 7, 2), (5, 3, 2, 2), (5, 3, 2, 2), (1, 3, 7, 2), (5, 3, 2, 1), (5, 3, 2, 1), (5, 3, 7, 1), (5, 3, 2, 1), (5, 3, 2, 1), (5, 3, 7, 2), (5, 3, 2, 2), (5, 3, 7, 1), (5, 3, 7, 1), (5, 3, 2, 1), (5, 3, 7, 1)]"
"(12, 13, 10, 21, 0)","[(1, 6, 7, '?'), (1, 6, 2, '?')]"
"(12, 13, 10, 23, 0)","[(5, 3, 7, '?'), (5, 3, 2, '?'), (1, 3, 2, '?'), (5, 3, 2, '?')]"
"(12, 13, 10, 24, 0)","[(1, 1, 2, '?'), (5, 0, 7, 6), (5, 1, 2, '?'), (5, 1, 2, '?'), (1, 1, 7, '?')]"
"(12, 13, 10, 25, 0)","[(1, 6, 2, '?'), (5, 3, 2, 6), (5, '?', 7, '?'), (1, '?', 2, '?'), (5, '?', 7, '?'), (1, 0, 7, '?'), (5, 0, 7, 7), (5, 0, 2, 7), (5, 0, 7, 7), (1, '?', 2, '?'), (1, 0, 7, 6), (1, '?', 2, '?'), (1, 6, 2, '?'), (5, 3, 2, 6), (5, 0, 2, 6), (5, '?', 7, '?'), (1, 6, 7, '?'), (5, 2, 7, 7), (1, 0, 2, '?'), (1, 0, 7, '?'), (5, 0, 7, 7), (5, 1, 7, '?'), (1, 3, 7, 3), (5, 0, 7, '?'), (1, '?', 7, 3), (5, '?', 2, '?'), (5, 1, 7, '?'), (1, 6, 7, '?'), (1, 5, 7, 6), (5, '?', 2, 3), (5, '?', 7, '?'), (1, 5, 7, 6), (5, '?', 2, '?'), (5, '?', 2, '?'), (1, '?', 7, '?'), (1, 6, 2, '?'), (1, 0, 7, '?'), (1, '?', 2, 7), (1, 0, 2, '?'), (1, 5, 2, 6), (1, 1, 7, '?'), (1, '?', 2, 7), (5, 0, 7, '?'), (5, 0, 7, '?'), (1, '?', 2, '?'), (1, 0, 7, '?'), (1, 0, 7, 7), (5, 1, 7, '?'), (5, 0, 7, '?'), (1, 0, 2, '?'), (1, 7, 7, 7), (1, 5, 2, '?'), (5, 0, 7, 7), (5, '?', 2, '?')]"
"(12, 13, 10, 26, 0)","[(5, 7, 7, '?'), (5, 2, 2, '?'), (1, 7, 2, '?'), (1, 2, 7, '?'), (1, 7, 2, '?'), (5, 2, 7, 6), (5, 2, 7, 4), (5, 2, 7, '?'), (1, 7, 7, '?'), (5, 2, 7, 4), (1, 7, 7, '?'), (5, 2, 2, '?'), (5, 2, 7, '?'), (5, 2, 7, '?'), (5, 2, 2, '?'), (1, 2, 7, '?'), (5, 2, 2, '?'), (5, 7, 7, '?'), (5, 2, 7, '?'), (1, 2, 7, '?'), (1, 7, 7, '?'), (1, 7, 7, '?'), (5, 2, 2, '?'), (5, 7, 2, '?'), (1, 2, 7, '?'), (1, 2, 7, '?'), (5, 2, 2, '?'), (5, 2, 2, '?')]"
"(12, 13, 11, 1, 0)","[('?', 1, 2, 1), ('?', 1, 2, 1), ('?', 1, 2, 2)]"
"(12, 13, 11, 2, 0)","[(3, 4, 7, 1), (3, '?', 7, 1), (3, '?', 7, 1), (3, 6, 2, 1), (3, '?', 2, 1), (3, 1, 7, 1), (3, '?', 2, 2), (3, 4, 2, 2), (3, 1, 7, 2), (3, '?', 2, 1), (3, '?', 7, 1), (3, '?', 7, 1), (3, 6, 2, 1), (3, '?', 7, 1), (3, 1, 7, 1), (3, '?', 2, 1), (3, 1, 2, 2), (3, 1, 7, 1), (3, '?', 2, 1), (3, '?', 2, 1), (3, 1, 2, 2), (3, 6, 2, 1), (3, 6, 2, 1), (3, '?', 2, 2), (3, 0, 2, 1), (3, 6, 7, 1), (3, '?', 2, 1), (3, '?', 2, 1), (3, 1, 7, 1), (3, '?', 7, 1), (3, 6, 7, 1), (3, 6, 2, 1), (3, 0, 2, 1), (3, 2, 7, 1), (3, '?', 7, 1), (3, 1, 7, 2), (3, 6, 7, 1), (3, 1, 2, 2), (3, 0, 2, 1), (3, 6, 7, 2), (3, '?', 2, 2), (3, 1, 7, 1), (3, 1, 7, 2), (3, 4, 2, 1), (3, 1, 7, 2), (3, 0, 2, 1), (3, '?', 2, 2), (3, 0, 2, 1), (3, '?', 2, 2), (3, 1, 2, 2), (3, 1, 7, 2), (3, 4, 7, 1), (3, 1, 7, 1), (3, 1, 7, 2), (3, 6, 7, 2), (3, 4, 2, 1), (3, 4, 2, 1), (3, 4, 7, 1), (3, 1, 7, 2), (3, 1, 2, 2), (3, '?', 2, 1), (3, '?', 2, 1), (3, 4, 7, 1), (3, 1, 7, 1), (3, 6, 7, 2), (3, 4, 7, 1), (3, 4, '?', 1), (3, 1, 7, 2), (3, 6, 2, 1), (3, 6, 7, 1), (3, '?', 2, 2), (3, 6, 2, 1), (3, 4, 7, 1), (3, 4, 2, 2)]"
"(12, 13, 11, 3, 0)","[('?', 3, 7, 2), ('?', 3, 2, 1), ('?', 3, 2, 1), ('?', 3, 7, 2), ('?', 3, 2, 1), ('?', 3, 7, 1), ('?', 3, 2, 1), ('?', 3, 7, 1), ('?', 3, 2, 1), ('?', 3, 7, 1), ('?', 3, 7, 2), (2, 3, 7, 1), ('?', 3, 2, 1)]"
"(12, 13, 11, 5, 0)","[('?', 0, 2, 2), ('?', 1, 2, '?'), ('?', 1, 2, 2), (2, 0, 2, 2), ('?', 1, 7, 2), (5, 1, 7, 2)]"
"(12, 13, 11, 10, 0)","[(1, 0, 2, 1), (1, 5, 2, 2), (1, 5, 7, 1), (1, 5, 7, 2), (5, 0, 2, 2), (1, 0, 2, 2), (1, '?', 2, 1)]"
"(12, 13, 11, 11, 0)","[(5, 4, 7, 1), (1, 4, 7, 2), ('?', 4, 7, 1), (2, 4, 7, 2), ('?', 4, 2, 1), ('?', 4, 2, 1), (4, 4, 7, 2), (1, 4, 7, 2), ('?', 4, 2, 1), (1, 4, 7, 2), (5, 4, 7, 1), ('?', 4, 2, 1), ('?', 4, 2, 2), ('?', 4, 7, 2), ('?', 1, 7, 2), ('?', 4, 7, 1), ('?', 4, 2, 2), (4, 4, 7, 2), ('?', 0, 2, 2), ('?', 4, 7, 2), ('?', 4, 7, 2), (1, 4, 7, 1), ('?', 4, 7, 1), (5, 4, 7, 1), (5, 4, 2, 2), ('?', 4, 2, 2), (5, 5, 7, 1), ('?', 4, 2, 1), (5, 4, 2, 2), ('?', 4, 2, 1), ('?', 4, 2, 1), ('?', 4, 7, 2), (5, 4, 7, 1), ('?', 0, 7, 1), (1, 4, 7, 1), ('?', 4, 7, 2), ('?', 4, 7, 1), (5, 4, 2, 2), (1, 4, 7, 1), ('?', 4, 2, 2), (1, 7, 7, 2), ('?', 4, 2, 1), ('?', 4, 2, 2), ('?', 4, 7, 2), ('?', 4, 7, 1), ('?', 4, 2, 2), (2, 4, 7, 1)]"
"(12, 13, 11, 12, 0)","[('?', 4, 2, 2), (3, 7, 7, 2), ('?', '?', 2, 1), ('?', '?', 2, 1), (5, 4, 7, 1), ('?', 1, 7, 1), ('?', 4, 2, 2), ('?', 1, 7, 1), ('?', 0, 7, 1), ('?', '?', 2, 2), (5, 1, 7, 2), ('?', 1, 2, 1), ('?', '?', 7, 1), (3, 4, 7, 1), (6, 7, 7, 1), ('?', '?', 2, 2), ('?', '?', 7, 2), (5, 0, 7, 2), (5, 0, 7, 2), ('?', '?', 2, 1), ('?', '?', 2, 2), ('?', 4, 7, 1), ('?', 0, 7, 1), ('?', 0, 2, 2), ('?', '?', 2, 2), (5, 5, 7, 1), ('?', 4, 7, 2), ('?', 0, 7, 1), ('?', '?', 7, 2), ('?', '?', 2, 1), ('?', '?', 2, 2), (5, '?', 7, 2), ('?', '?', 7, 1), ('?', '?', 7, 2)]"
"(12, 13, 11, 13, 0)","[('?', 4, 7, 2), (4, 4, 7, 2), ('?', 0, 2, 2), ('?', 0, 7, 1)]"
"(12, 13, 11, 14, 0)","[(3, 1, 2, 2), (3, 1, 2, 2), (3, 1, 2, 2), (3, 1, 2, 2), (3, 1, 7, 1)]"
"(12, 13, 11, 15, 0)","[(4, 1, 2, 2)]"
"(12, 13, 11, 16, 0)","[(3, 4, 2, 1), (3, 4, 2, 1), (3, 4, 2, 2), (3, 4, 2, 2), (3, 4, 2, 1), (3, 4, 7, 1), (3, 4, 7, 1), (3, '?', 2, 2), (3, 4, 2, 1), (3, 4, 2, 2), (3, 4, 2, 1)]"
"(12, 13, 11, 17, 0)","[(1, '?', 2, 2), (1, 2, 2, 1), (1, 0, 2, 2), (1, 2, 2, 2)]"
"(12, 13, 11, 19, 0)","[('?', 3, 2, 1), ('?', 3, 7, 1), ('?', 3, 7, 2), ('?', 3, 2, 1), ('?', 3, 7, 2), ('?', 3, 7, 1), (2, 3, 2, 1), (2, 3, 2, 2), ('?', 3, 2, 1)]"
"(12, 13, 11, 20, 0)","[(2, 3, 2, 2), (2, '?', 7, 2), (2, 3, 7, 1), (2, 0, 2, 1)]"
"(12, 13, 11, 21, 0)","[(3, 6, 7, 2), ('?', 6, 2, 1)]"
"(12, 13, 11, 22, 0)","[(3, 3, 7, 1), (3, 3, 7, 1), (3, 3, 7, 2), (3, 3, 7, 1), (3, 3, 7, 1), (3, 3, 2, 2), (3, 3, 2, 2), (3, 3, 7, 1), (3, 3, 2, '?')]"
"(12, 13, 11, 23, 0)","[(3, 3, 2, 2), (3, 3, 7, 1), (3, 3, 7, 2), (3, 3, 7, 2), (3, 3, 7, 2), (3, 3, 7, 1), (3, 3, 2, 2), (3, 3, 7, 1), (3, 3, 7, 1), (3, 3, 2, 2), (3, 3, 2, 2)]"
"(12, 13, 11, 24, 0)","[('?', 1, 2, 2), ('?', 1, 2, 2), ('?', 1, 2, 2), ('?', 1, 2, 1), ('?', 1, 7, 2), ('?', 1, 2, 2), ('?', 1, 2, 2), ('?', 1, 2, 1), ('?', 1, 7, 2), ('?', 1, 7, 1), ('?', 1, 7, 2), (2, 0, 2, 2)]"
"(12, 13, 11, 25, 0)","[(3, 6, 7, 2), ('?', '?', 2, 1), ('?', 1, 7, 1), ('?', 1, 2, 1), ('?', 1, 7, 2), ('?', '?', 7, 2), (4, 4, 7, 2), (4, 4, 7, 1), ('?', 1, 7, 1), (1, 5, 7, 2), (1, 4, 7, 2), ('?', '?', 2, 1), ('?', '?', 2, 2), ('?', '?', 7, 1), ('?', '?', 7, 1), (1, 5, 7, 2), ('?', 1, 2, 1), (1, 7, 7, 2), ('?', 5, 7, 1), ('?', 7, 7, 2), ('?', 0, 7, 1), ('?', '?', 2, 2), ('?', 6, 2, 1), (5, 7, 7, 1), (5, '?', 7, 2), (1, 1, 7, 2), (5, 0, 7, 2), ('?', '?', 2, 1), ('?', '?', '?', 1), ('?', '?', 7, 2), (2, '?', 2, 2), ('?', 0, 2, 2), ('?', 7, 7, 2), (5, 5, 7, 1), (1, 1, 7, 1)]"
"(12, 13, 11, 26, 0)","[('?', 2, 7, 2), (0, 2, 7, 1), ('?', 2, 7, 2), ('?', 2, 7, 1), (5, 7, 7, 1), ('?', 7, 2, 1), ('?', 7, 7, 1), ('?', 7, 2, 2)]"
"(12, 13, 11, 27, 0)","[(2, 3, 2, 1)]"
"(12, 13, 12, 2, 0)","[(3, 4, 7, '?')]"
"(12, 13, 13, 2, 0)","[(3, 4, 7, '?'), (3, 1, 7, '?'), (3, 4, 7, 6), (3, 4, 7, '?'), (3, '?', 2, '?'), (3, 0, 2, '?'), (3, 1, 7, '?'), (3, 0, 2, '?'), (3, 1, 7, '?'), (3, 0, 7, '?'), (3, 4, 2, '?'), (3, 4, 2, '?'), (3, 4, 7, '?'), (3, 1, 7, '?'), (3, 0, 7, '?')]"
"(12, 13, 13, 3, 0)","[(2, 3, 2, '?')]"
"(12, 13, 13, 5, 0)","[('?', 1, 7, 6), ('?', 1, 2, '?'), ('?', 1, 2, '?'), ('?', 0, 2, '?')]"
"(12, 13, 13, 9, 0)","[('?', 4, 2, '?'), ('?', 4, 2, '?'), (3, 4, 2, 3), ('?', 4, 2, '?'), ('?', 4, 2, '?'), ('?', 4, 7, 7), (5, 4, 7, 7), ('?', 4, 2, '?'), ('?', 4, 2, 6), (5, 4, 7, '?'), ('?', 4, 2, '?'), ('?', 4, 2, '?'), ('?', 4, 2, '?'), ('?', 4, 2, '?'), (5, 4, 7, '?'), ('?', 4, 2, 6), ('?', 5, 7, 6)]"
"(12, 13, 13, 10, 0)","[(5, '?', 7, '?')]"
"(12, 13, 13, 11, 0)","[('?', 4, 7, 7)]"
"(12, 13, 13, 13, 0)","[('?', 2, 7, '?'), (2, 4, 7, '?')]"
"(12, 13, 13, 14, 0)","[(3, 1, 2, '?'), (3, 1, 7, '?'), (3, 1, 2, '?'), (3, 1, 2, '?'), (3, 1, 2, '?')]"
"(12, 13, 13, 16, 0)","[(3, 4, 7, '?'), (3, 4, 7, 6), (3, 4, 7, 6), (3, 4, 2, '?'), (3, 4, 7, '?'), (3, 4, 2, '?')]"
"(12, 13, 13, 17, 0)","[(5, 4, 7, '?')]"
"(12, 13, 13, 19, 0)","[(2, 3, 2, 2)]"
"(12, 13, 13, 22, 0)","[(2, 3, 7, 6)]"
"(12, 13, 13, 23, 0)","[(3, 3, 2, '?'), (3, 3, 7, '?'), (3, 3, 7, '?'), (3, 3, 7, '?')]"
"(12, 13, 13, 24, 0)","[('?', 1, 2, '?'), ('?', 0, 2, '?'), ('?', 1, 2, '?'), ('?', 1, 2, '?'), ('?', 1, 2, '?'), ('?', 0, 7, '?'), ('?', 0, 7, '?'), (5, 1, 7, '?'), ('?', 1, 2, 6), ('?', 1, 7, '?')]"
"(12, 13, 13, 25, 0)","[('?', 0, 2, '?'), (5, 4, 7, '?'), (4, 4, 7, 6), ('?', 4, 2, 6), (2, 0, 2, '?'), ('?', 4, 2, '?'), ('?', '?', 7, '?'), (3, 0, 7, '?'), ('?', 4, 2, 7), ('?', 0, 7, '?'), ('?', 4, 7, 7), ('?', '?', 7, '?')]"
"(12, 13, 15, 1, 0)","[(4, 1, 7, 1), (4, 1, 2, 2)]"
"(12, 13, 15, 2, 0)","[(4, 1, 7, 4), (4, 5, 2, 6), (4, 4, 7, 6), (4, 5, 2, '?')]"
"(12, 13, 15, 6, 0)","[(4, 7, 7, 1), (4, 7, 7, 2), (4, 7, 2, 1), (4, 7, 7, 1), (4, 2, 2, 2), (4, 7, 7, 1), (4, 7, 7, 1), (4, 2, 7, 2), (4, 2, 7, 1), (4, 2, 7, 1), (4, 7, 7, 1), (4, 2, 7, 2), (4, 2, 7, 2), (4, 2, 7, 2), (4, 2, 2, 2), (4, 2, 7, 2), (4, 2, 7, 2), (4, 7, 7, 1), (4, 7, 7, 2)]"
"(12, 13, 15, 8, 0)","[(4, 3, 2, 2)]"
"(12, 13, 15, 11, 0)","[(4, 0, 2, 2), (4, 5, 2, 1), (4, 1, 7, 2), (4, '?', 2, 2), (4, 1, 2, 1), (4, 4, 2, 2), (4, 0, 7, 2), (4, 3, 7, 2), (4, 3, 2, 2), (4, 4, 2, 1), (4, 0, 7, 2), (4, 5, 7, 1), (4, 1, 7, 2), (4, 5, 7, 1), (4, 0, 2, 1), (4, 0, 2, 2), (4, 5, 2, 2), (4, '?', 2, 1), (4, 1, 2, 2), (4, 1, 7, 1), (4, 1, 7, 2), (4, 1, 2, 1), (4, 1, 2, 1), (4, '?', 2, 1), (4, 3, 7, 2), (4, 0, 2, 1), (4, 1, 7, 2), (4, 3, 7, 1), (4, 0, 7, 2), (4, '?', 7, 1), (4, 5, 7, 2), (4, 5, 2, 1), (4, '?', 2, 1), (4, '?', 7, 1), (4, 1, 2, 2), (4, 1, 2, 2), (4, 3, 7, 1), (4, '?', 7, 1), (4, 5, 7, 2), (4, '?', 7, 1), (4, '?', 2, 1), (4, 3, 7, 1), (4, '?', 2, 2), (4, 0, 7, 2), (4, '?', 2, 2), (4, 0, 2, 2), (4, 3, 7, 2), (4, 0, 7, 2), (4, 3, 7, 2), (4, 5, 2, 2), (4, 3, 2, 2), (4, 3, 2, 1), (4, '?', 7, 1), (4, 4, 2, 2), (4, 0, 7, 2), (4, 5, 7, 2), (4, 5, 7, 1), (4, 4, 2, 1), (4, 3, 2, 1), (4, '?', 2, 2), (4, 5, 7, 2), (4, '?', 2, 2), (4, '?', 2, 1)]"
"(12, 13, 15, 13, 0)","[(4, 4, 7, 6), (4, 4, 2, 5), (4, 0, 7, '?')]"
"(12, 13, 15, 14, 0)","[(4, 1, 7, 6), (4, 1, 7, '?'), (4, 1, 2, '?'), (4, 1, 7, 6), (4, 1, 7, 6)]"
"(12, 13, 15, 15, 0)","[(4, '?', 7, 6), (4, 5, 7, 6), (4, 3, 2, 7), (4, 3, 2, '?'), (4, '?', 7, '?'), (4, 0, 7, 6), (4, 0, 7, '?'), (4, 5, 7, 6), (4, 5, 7, 6), (4, 1, 7, 7), (4, 0, 7, 6), (4, 3, 2, '?'), (4, '?', 7, 6), (4, 1, 7, 7), (4, 0, 2, 6), (4, 1, 7, '?'), (4, 1, 7, 7), (4, 1, 7, 4), (4, 3, 2, '?'), (4, 0, 2, 6), (4, '?', 7, '?'), (4, 3, 7, '?'), (4, 0, 2, 6), (4, 5, 7, '?'), (4, 0, 2, 6), (4, '?', 2, '?'), (4, 4, 2, 6), (4, '?', 2, '?'), (4, 3, 2, 6), (4, 5, 7, 6), (4, 5, 7, '?'), (4, 4, 7, 6), (4, 3, 7, 6), (4, '?', 7, 6), (4, 1, 7, 7), (4, 5, 7, '?'), (4, '?', 7, '?'), (4, '?', 2, '?'), (4, '?', 7, '?')]"
"(12, 13, 15, 16, 0)","[(4, 4, 2, 1), (4, 4, 2, 1)]"
"(12, 13, 15, 19, 0)","[(4, 3, 2, 1), (4, 3, 2, 2), (4, 3, 7, 2)]"
"(12, 13, 15, 22, 0)","[(4, 3, 2, 6), (4, 3, 2, 6)]"
"(12, 13, 15, 23, 0)","[(4, 3, 7, '?')]"
"(12, 13, 15, 24, 0)","[(4, 1, 2, '?'), (4, 1, 7, 6), (4, 1, 7, 6), (4, 1, 7, '?')]"
"(12, 13, 15, 25, 0)","[(4, 0, 7, 6), (4, '?', 7, 6), (4, 3, 2, 6), (4, '?', 2, '?'), (4, '?', 7, '?'), (4, '?', 7, 7), (4, '?', 7, '?'), (4, 3, 2, '?'), (4, 3, 7, 6), (4, 3, 2, '?'), (4, 3, 2, '?'), (4, 3, 2, 6), (4, '?', 2, '?'), (4, 1, 7, '?'), (4, 1, 7, 7), (4, 3, 7, '?'), (4, 5, 7, 7), (4, 0, 7, '?'), (4, 0, 7, '?'), (4, 0, 7, '?'), (4, 3, 7, '?'), (4, 1, 2, 7), (4, 0, 7, 6), (4, 5, 7, 6), (4, '?', 7, 7)]"
"(12, 13, 15, 26, 0)","[(4, 2, 2, '?'), (4, 2, 2, '?'), (4, 2, 2, '?'), (4, 2, 2, '?')]"
"(12, 13, 16, 1, 0)","[(4, 1, 2, 2), (4, 1, 2, 1), (4, 1, 7, 2)]"
"(12, 13, 16, 2, 0)","[(4, 2, 7, 1)]"
"(12, 13, 16, 6, 0)","[(4, 7, 2, 2), (4, 7, 2, 2), (4, 2, 7, 1), (4, 7, 2, 2), (4, 7, 7, 2), (4, 2, 2, 2), (4, 7, 2, 2), (4, 2, 2, 2), (4, 7, 7, 1)]"
"(12, 13, 16, 11, 0)","[(4, 4, 2, 2), (4, 5, 2, 2), (4, 4, 2, 2), (4, 5, 2, 1), (4, 5, 7, 1), (4, 0, 2, 2), (4, 5, 7, 2), (4, 0, 2, 1), (4, '?', 2, 2), (4, 4, 7, 2)]"
"(12, 13, 16, 14, 0)","[(4, 1, 7, 2), (4, 1, 7, 1), (4, 1, 2, 2), (4, 1, 2, 2), (4, 1, 7, 1), (4, 1, 2, 1), (4, 1, 7, 1)]"
"(12, 13, 16, 15, 0)","[(4, 5, 2, 2), (4, 5, 7, 2)]"
"(12, 13, 16, 16, 0)","[(4, 5, 7, 2), (4, 4, 2, 1), (4, 4, 2, 1), (4, 4, 2, 2), (4, 5, 2, 1), (4, 4, 2, 2), (4, 5, 2, 2), (4, 4, 7, 2), (4, 4, 7, 1), (4, 4, 7, 2), (4, 4, 7, 1), (4, 5, 7, 1), (4, 4, 7, 1), (4, 5, 2, 1), (4, 4, 7, 2)]"
"(12, 13, 16, 19, 0)","[(4, 3, 7, 1), (4, 3, 2, 2)]"
"(12, 13, 16, 24, 0)","[(4, 1, 7, 2), (4, 1, 2, 2)]"
"(12, 13, 16, 26, 0)","[(4, 2, 2, 2), (4, 7, 2, 2)]"
"(12, 13, 17, 1, 0)","[(5, 1, 2, 2), (1, 1, 2, 2), (5, 1, 7, 2), (5, 6, 2, 1), (1, 1, 7, 1), (5, 6, 2, 1), (5, 1, 2, 1), (5, 1, 7, 1), (5, 1, 7, 2), (1, 1, 7, 2), (1, 1, 2, 2), (1, 1, 2, 2), (5, 6, 2, 1), (1, 1, 7, 2), (5, 6, 7, 1), (5, 1, 7, 2), (1, 1, 7, 2), (1, 1, 2, 2), (5, 1, 7, 2), (5, 6, 2, 1), (5, 0, 2, 2), (5, 6, 7, 2), (5, 1, 2, 1), (5, 1, 2, 1), (5, 6, 2, 1), (5, 1, 2, 1), (5, 0, 7, 1), (1, 1, 2, 2), (1, 1, 2, 2)]"
"(12, 13, 17, 3, 0)","[(5, 3, 7, '?'), (5, 3, 7, '?'), (5, 3, 2, '?'), (5, 3, 7, '?')]"
"(12, 13, 17, 5, 0)","[(1, 1, 7, '?'), (5, 0, 7, 6), (5, 1, 7, '?'), (1, 0, 2, '?'), (1, 1, 2, '?'), (5, 0, 7, '?'), (5, 1, 2, '?'), (1, 1, 7, '?'), (1, 1, 2, '?'), (5, 1, 7, '?'), (1, 1, 7, '?'), (1, 0, 7, '?'), (5, 1, 2, '?'), (1, 1, 7, '?')]"
"(12, 13, 17, 6, 0)","[(1, 6, 7, 1)]"
"(12, 13, 17, 9, 0)","[(5, 4, 2, '?')]"
"(12, 13, 17, 10, 0)","[(5, 4, 2, '?'), (5, 0, 7, 7), (5, 0, 7, '?'), (5, 0, 7, 7), (1, 1, 7, '?'), (5, 5, 7, 7), (5, 0, 7, 7)]"
"(12, 13, 17, 11, 0)","[(5, '?', 7, 1), (5, '?', 7, 2), (1, '?', 7, 2), (5, 0, 2, 2), (5, 4, 2, 1), (5, '?', 2, 1), (5, '?', 2, 2), (5, 0, 7, 1), (5, '?', 7, 1), (5, 4, 2, 2), (5, 7, 2, 1), (5, 0, 2, 1), (5, 4, 2, 1), (1, 5, 7, 1), (1, '?', 7, 2), (5, '?', 2, 2), (5, 0, 7, 1), (5, 0, 2, 1), (5, 4, 2, 1), (1, 0, 7, 1), (5, 4, 2, 2), (1, '?', 7, 2), (5, 0, 7, 1), (1, 0, 2, 1), (5, 0, 2, 2), (5, '?', 2, 1), (5, '?', 2, 2), (5, '?', 7, 1), (5, 1, 7, 1), (5, 1, 2, 1), (1, 5, 7, 1), (5, '?', 7, 1), (1, 0, 2, 1), (1, 1, 7, 2), (1, 4, 2, 1), (1, 1, 7, 1), (1, 1, 7, 2), (5, 0, 7, 1), (5, 1, 7, 1), (5, 0, 2, 1), (5, 1, 2, 1), (1, 0, 2, 1), (1, 4, 7, 1), (1, 0, 7, 1), (1, 6, 2, 1), (1, 5, 7, 2), (1, 0, 2, 1), (5, '?', 2, 1), (5, 0, 2, 1), (1, 7, 2, 1), (5, 5, 7, 1), (1, 4, 2, 1), (1, 4, '?', 1), (5, '?', 7, 1), (5, '?', 7, 1), (1, 0, 7, 1), (5, 0, 7, 2)]"
"(12, 13, 17, 13, 0)","[(1, 0, 7, '?'), (1, 0, 7, '?')]"
"(12, 13, 17, 14, 0)","[(5, 1, 7, '?'), (1, 1, 2, '?'), (1, 1, 2, '?'), (5, 1, 2, '?'), (1, 1, 7, '?'), (5, 0, 7, 6)]"
"(12, 13, 17, 16, 0)","[(1, 5, 7, 1), (1, 4, 2, 1), (1, 4, 2, 1), (5, 4, 2, 1), (1, 5, 7, 2), (1, 5, 7, 1), (5, 4, 2, 2), (1, 5, 7, 2), (5, 4, 7, 1), (1, 4, 7, 2), (5, 4, 2, 2), (1, 4, 2, 1), (5, 4, 2, 1), (5, 4, 2, 1), (1, 4, 7, 1), (1, 4, 7, 2), (1, 4, 7, 1), (1, 4, 2, 1), (5, 4, 7, 1), (1, 4, 7, 2), (5, 4, 2, 2), (1, 4, 2, 1), (5, 4, 7, 1), (5, 5, 7, 1), (1, 4, 2, 1), (5, 4, 2, 1), (5, 4, 2, 2), (5, 4, 7, 1)]"
"(12, 13, 17, 17, 0)","[(5, 4, 2, '?'), (5, 4, 7, '?'), (5, 4, 7, '?'), (5, 4, 7, 7), (1, 5, 2, '?'), (5, 5, 7, '?'), (5, 5, 2, '?'), (5, 5, 2, '?'), (5, 4, 2, '?'), (5, 5, 2, '?'), (5, 5, 2, '?'), (5, 4, 2, '?'), (5, 4, 7, '?'), (5, 4, 2, '?'), (5, 5, 7, '?'), (5, 4, 2, '?'), (5, 5, 7, '?')]"
"(12, 13, 17, 19, 0)","[(5, 3, 7, 1), (1, 3, 7, 2), (5, 3, 7, 2), (5, 3, 2, 1), (5, 3, 7, 2), (1, 3, 7, 2), (5, 3, 7, 2), (5, 3, 7, 2), (5, 3, 7, 1)]"
"(12, 13, 17, 21, 0)","[(1, 1, 7, 7)]"
"(12, 13, 17, 25, 0)","[(1, 0, 2, '?')]"
"(12, 13, 17, 26, 0)","[(1, 2, 7, '?'), (5, 7, 7, '?'), (1, 2, 7, '?'), (5, 7, 7, '?'), (1, 7, 7, '?'), (5, 7, 7, '?'), (5, 2, 2, '?'), (5, 7, 2, '?'), (1, 7, 2, '?'), (1, 7, 2, '?')]"
"(12, 13, 18, 1, 0)","[(0, 1, 7, 1), (0, 1, 7, 2), (0, 1, 7, 2), (0, 1, 2, 1), (0, 1, 2, 1), (0, 1, 2, 1), (0, 1, 2, 1)]"
"(12, 13, 18, 6, 0)","[(0, 2, 2, 1), (0, 2, 2, 2), (0, 2, 2, 2)]"
"(12, 13, 18, 11, 0)","[(0, 4, 2, 1), (0, 0, 2, 1), (0, 4, 7, 1), (0, 4, 2, 2), (0, 4, 7, 2), (0, 6, 7, 2), (0, 4, 2, 1), (0, 4, 7, 1), (0, 4, 7, 2), (0, 4, 7, 2), (0, '?', 2, 1), (0, '?', 7, 2), (0, 5, 7, 1), (0, 0, 7, 2), (0, 4, 7, 1), (0, '?', 2, 1), (0, 4, 2, 1), (0, 4, 7, 2)]"
"(12, 13, 18, 13, 0)","[(0, 4, 7, 2)]"
"(12, 13, 18, 14, 0)","[(0, 1, 2, 1), (0, 1, 2, 1), (0, 1, 7, 1)]"
"(12, 13, 18, 15, 0)","[(0, 3, 7, 2), (0, 1, 2, 2), (0, 4, 2, 1), (0, 3, 2, 2), (0, 3, 7, 1), (0, 3, 2, 2), (0, 1, 7, 2), (0, 3, 7, 1), (0, 3, 7, 2), (0, 0, 7, 1), (0, 1, 7, 2), (0, 3, 2, 1), (0, 7, 7, 2), (0, 7, 7, 2), (0, 0, 7, 2), (0, '?', 7, 1)]"
"(12, 13, 18, 16, 0)","[(0, 4, 2, 2), (0, 4, 7, 1)]"
"(12, 13, 18, 18, 0)","[(0, 4, 7, 1), (0, 0, 2, 2), (0, 4, 7, 1), (0, 4, 7, 1), (0, 4, 2, 1), (0, '?', 7, 2)]"
"(12, 13, 18, 19, 0)","[(0, '?', 2, 1), (0, 3, 7, 1), (0, '?', 7, 1), (0, 3, 2, 1), (0, 3, 2, 2), (0, 3, 7, 2), (0, '?', 2, 1), (0, 4, 2, 2), (0, 3, 7, 2)]"
"(12, 13, 18, 22, 0)","[(0, 3, 7, 1), (0, 3, 7, 1), (0, 3, 2, 2), (0, '?', 7, 1), (0, 3, 2, 2), (0, '?', 7, 1), (0, 3, 2, 1), (0, 3, 2, 1), (0, 3, 2, 2), (0, 3, 2, 1), (0, 3, 7, 2)]"
"(12, 13, 18, 24, 0)","[(0, 1, 2, 2), (0, 1, 7, 1), (0, 6, 7, 2), (0, 1, 7, 2), (0, 1, 7, 1), (0, 1, 7, 2), (0, 1, 2, 2)]"
"(12, 13, 18, 26, 0)","[(0, 2, 2, 2)]"
"(12, 13, 20, 1, 0)","[(2, 0, 2, 2), (2, 1, 2, 2), (2, 0, 2, 2), (2, 1, 2, 2), (2, 1, 2, 2), (2, 1, 2, 1), (2, 1, 2, 1), (2, 0, 2, 1), (2, 1, 2, 1)]"
"(12, 13, 20, 3, 0)","[(2, 3, 7, 6)]"
"(12, 13, 20, 5, 0)","[(2, 0, 2, '?'), (2, 0, 2, '?'), (2, 1, 7, '?'), (2, 1, 7, '?')]"
"(12, 13, 20, 6, 0)","[(2, 7, 2, 1)]"
"(12, 13, 20, 8, 0)","[(2, 3, 7, 2)]"
"(12, 13, 20, 9, 0)","[(2, 4, 2, '?')]"
"(12, 13, 20, 11, 0)","[(2, 0, 7, 2), (2, '?', 7, 2), (2, 7, 7, 2), (2, 0, 2, 1), (2, '?', 7, 2), (2, 0, 7, 2), (2, 6, 2, 1), (2, 0, 2, 2), (2, 0, 2, 1), (2, 3, 7, 2), (2, '?', 7, 1), (2, 3, 2, 2), (2, 7, 2, 1), (2, 0, 2, 2), (2, 1, 2, 2), (2, 3, 7, 1), (2, 0, 7, 2), (2, 0, 2, 1), (2, 6, 7, 1), (2, '?', 7, 2), (2, 6, 2, 2), (2, '?', 2, 2), (2, 7, 2, 1), (2, 0, 2, 1), (2, 0, 7, 2), (2, 0, 7, 2), (2, 3, 2, 2), (2, '?', 2, 2), (2, 3, 2, 2), (2, 7, 7, 2), (2, '?', 2, 2), (2, '?', 7, 2), (2, 6, 7, 1)]"
"(12, 13, 20, 13, 0)","[(2, '?', 2, '?')]"
"(12, 13, 20, 14, 0)","[(2, 0, 2, '?'), (2, 0, 7, '?')]"
"(12, 13, 20, 16, 0)","[(2, 4, 7, '?'), (2, 4, 7, 1)]"
"(12, 13, 20, 19, 0)","[(2, 3, 2, 1)]"
"(12, 13, 20, 25, 0)","[(2, '?', 2, '?'), (2, 4, 2, '?'), (2, 0, 7, '?'), (2, 0, 7, '?'), (2, 0, 7, '?'), (2, '?', 2, '?'), (2, '?', 2, '?'), (2, 0, 2, '?'), (2, '?', 2, '?')]"
"(12, 13, 20, 26, 0)","[(2, 2, 2, '?')]"
"(12, 13, 21, 1, 0)","[('?', 6, 7, 2), (5, 6, 2, 2)]"
"(12, 13, 21, 2, 0)","[(3, 6, 7, '?')]"
"(12, 13, 21, 10, 0)","[(1, 6, 7, '?')]"
"(12, 13, 21, 11, 0)","[(5, 6, 7, 2), (5, 6, 7, 2)]"
"(12, 13, 21, 13, 0)","[('?', 6, 7, '?')]"
"(12, 13, 21, 16, 0)","[(3, 6, 7, 1)]"
"(12, 13, 21, 17, 0)","[(5, 6, 2, '?')]"
"(12, 13, 21, 25, 0)","[('?', 6, 7, '?')]"
"(12, 13, 22, 13, 0)","[(4, 5, 2, '?')]"
"(12, 13, 24, 1, 0)","[(5, 6, 2, 2)]"
"(12, 13, 24, 2, 0)","[(3, 6, 7, '?'), (3, 6, 7, '?'), (3, 6, 2, '?')]"
"(12, 13, 24, 10, 0)","[(5, 6, 2, '?'), (5, 6, 2, '?'), (5, 6, 2, '?')]"
"(12, 13, 24, 11, 0)","[(5, 6, 7, 2), ('?', 6, 2, 2)]"
"(12, 13, 24, 13, 0)","[('?', 6, 7, '?'), ('?', 6, 7, '?')]"
"(12, 13, 24, 16, 0)","[(3, 6, 7, 1)]"
"(12, 13, 24, 25, 0)","[('?', 6, 7, '?')]"
"(12, 13, 25, 2, 0)","[(3, '?', 2, '?'), (3, '?', 7, 4), (3, 1, 7, '?'), (3, 6, 2, 1), (3, 0, 7, '?'), (3, '?', 2, '?'), (3, 4, 2, 7), (3, '?', 2, '?'), (3, 6, 2, '?'), (3, 0, 2, 4), (3, 0, 2, '?'), (3, 0, 2, '?'), (3, '?', 7, '?'), (3, 0, 7, 4), (3, 1, 2, '?'), (3, 7, 7, 4), (3, 4, 7, 0), (3, 0, 2, 4), (3, '?', 7, '?'), (3, 1, 2, 4), (3, 1, 2, 4), (3, '?', 7, 6), (3, 4, 7, 7), (3, '?', 2, 3), (3, 6, 7, '?'), (3, 4, 7, 7), (3, 1, 2, '?'), (3, '?', 7, 7), (3, '?', 7, 3), (3, 4, 7, 4), (3, 7, 7, 4), (3, '?', 7, 4), (3, '?', 2, '?'), (3, 6, 2, '?'), (3, 1, 7, '?'), (3, 6, 7, '?'), (3, 1, 2, 4), (3, '?', 7, 4), (3, 0, 2, '?'), (3, 7, 2, '?'), (3, 4, 2, 6), (3, 6, 2, '?'), (3, 0, 2, 4), (3, 1, 7, '?'), (3, '?', 7, '?'), (3, 4, 7, 4), (3, 7, 7, 4), (3, '?', 2, 7), (3, 1, 2, '?'), (3, 5, 2, 6), (3, 1, 7, 1), (3, 5, 2, 6), (3, 1, 7, 3), (3, 4, 7, 6), (3, 6, 2, 1), (3, 4, 2, '?'), (3, 6, 7, '?'), (3, '?', 2, 6), (3, '?', 2, '?'), (3, '?', 7, '?'), (3, '?', 2, 6), (3, 6, 2, '?'), (3, 1, 7, 3), (3, '?', 2, '?'), (3, '?', 7, '?'), (3, 0, 7, '?'), (3, '?', 7, '?'), (3, '?', 7, 3), (3, 1, 7, 4), (3, '?', 7, 4), (3, 1, 2, '?'), (3, 2, 7, '?'), (3, 7, 7, 4)]"
"(12, 13, 25, 3, 0)","[('?', 3, 7, '?'), ('?', 3, 7, '?'), ('?', 3, 2, 6), ('?', 3, 2, 6), ('?', 3, 7, '?'), ('?', 3, 2, 4), ('?', 3, 7, '?'), ('?', 3, 7, '?'), ('?', 3, 7, '?'), ('?', 3, 7, '?'), ('?', 3, 7, 1), ('?', 3, 7, '?')]"
"(12, 13, 25, 5, 0)","[('?', 1, 7, '?')]"
"(12, 13, 25, 6, 0)","[('?', 7, 7, 2), ('?', 2, 2, 1), ('?', 6, 2, 1), ('?', 7, 7, 2), ('?', 2, 2, 2), ('?', 6, 2, 1), ('?', 6, 7, 1), ('?', 7, 7, 1), (0, 2, 7, 1), (4, 7, 7, 2), ('?', 6, 7, 1), ('?', 6, 7, 1), ('?', 7, 7, 1), (0, 2, 2, 1), ('?', 6, 2, 1), ('?', 2, 7, 1), ('?', 6, 2, 1), ('?', 6, 7, 2), (5, 6, 7, 1), (5, 2, 7, 1), (0, 2, 7, 1), ('?', 6, 7, 2), (5, 6, 2, 2), (0, 2, 7, 1), (0, 2, 2, 1), (0, 2, 7, 1), ('?', 6, 7, 1), ('?', 2, 7, 2), (5, 6, 7, 1), (5, 6, 2, 2), ('?', 6, 7, 1), (5, 6, 7, 1), ('?', 6, 2, 2), ('?', 2, 7, 2), ('?', 6, 7, 1), ('?', 6, 7, 1), (5, 6, 7, 1), ('?', 2, 7, 2), ('?', 6, 7, 1), ('?', 7, '?', 1), (0, 2, 7, 1), (5, 2, 2, 2)]"
"(12, 13, 25, 11, 0)","[('?', 1, 7, 1), ('?', 4, 7, 1), ('?', '?', 2, 1), ('?', 0, 2, 2), ('?', 1, 7, 1), ('?', 6, 2, 1), (4, 7, 7, 1), ('?', 0, 7, 1), ('?', 0, 2, 2), ('?', 6, 2, 1), (5, 0, 7, 2), ('?', '?', 7, 1), ('?', 7, 7, 2), (1, 7, 7, 2), ('?', 2, 2, 2), ('?', 7, 7, 2), ('?', 0, 2, 2), ('?', '?', 7, 2), (1, 7, 7, 2), ('?', 0, 7, 1), ('?', '?', 2, 2), ('?', '?', 7, 2), (1, 7, 2, 2), (5, 5, 7, 1), ('?', 1, 7, 2), ('?', 1, 7, 2), ('?', 2, 7, 2), (5, '?', 7, 2), (2, 3, 7, 2), ('?', '?', 7, 2), ('?', 5, 7, 1), (5, '?', 7, 2), (1, 7, 2, 2), ('?', 7, 7, 1), (5, 0, 7, 2)]"
"(12, 13, 25, 13, 0)","[('?', '?', 2, '?')]"
"(12, 13, 25, 16, 0)","[(3, 6, 7, 1), (3, 6, 7, 1)]"
"(12, 13, 25, 22, 0)","[(3, 3, 7, '?'), (3, 3, 7, 6), (3, 3, 7, '?')]"
"(12, 13, 25, 23, 0)","[(3, 3, 7, '?'), (3, 3, 2, '?'), (3, 4, 2, 6), (3, 3, 2, 4), (3, 3, 2, '?'), (3, 3, 2, 4), (3, 3, 2, '?'), (3, 3, 7, '?'), (3, 3, 2, '?'), (3, 3, 7, '?'), (3, 3, 2, '?'), (3, 3, 7, '?')]"
"(12, 13, 25, 24, 0)","[('?', 1, 2, '?'), ('?', 1, 7, 6), ('?', 1, 2, '?'), ('?', 1, 7, 7), ('?', 0, 7, '?'), ('?', 1, 2, '?'), ('?', 1, 7, 6), (2, 1, 7, 6), ('?', 1, 7, '?'), (2, 1, 7, 6)]"
"(12, 13, 25, 25, 0)","[(6, 0, 2, 1), (2, 4, 2, '?'), ('?', '?', 7, '?'), ('?', '?', 2, '?'), ('?', '?', 7, 6), (4, 4, 2, 5), ('?', 4, 7, 7), (5, 0, 7, 6), (3, 0, 7, '?'), ('?', 1, 7, 7), ('?', 0, 7, 4), (5, 5, 7, 3), (5, '?', 7, '?'), ('?', 1, 7, '?'), ('?', 4, 7, 7), (1, 5, 7, 2), ('?', '?', 2, '?'), ('?', 2, 7, '?'), ('?', 0, 2, '?'), ('?', '?', 2, '?'), ('?', '?', 7, '?'), ('?', 0, 7, 7), ('?', '?', 2, '?'), (5, 0, 7, '?'), ('?', '?', 7, 6), ('?', 1, 7, '?'), ('?', '?', 2, '?'), ('?', 0, 7, '?'), ('?', 1, 7, 7), (5, 7, 7, 3), ('?', 1, 2, 1), ('?', 0, 7, '?'), (5, 7, 2, '?'), ('?', 6, 7, '?'), (2, 1, 7, '?'), (1, '?', 7, 2), ('?', 1, 7, '?'), ('?', 0, 2, '?'), ('?', 0, 7, 7), ('?', '?', 7, '?'), ('?', '?', 2, '?'), (5, 5, 7, 7), (5, 0, 7, 6), ('?', 0, 2, '?'), ('?', '?', 7, '?'), ('?', 0, 7, '?'), ('?', '?', 7, '?')]"
"(12, 13, 25, 26, 0)","[(5, 2, 7, 6), (5, 2, 7, 3), (0, 2, 7, 0), (5, 2, 7, 6), (5, 7, 7, 4), ('?', 2, 7, '?'), (5, 7, 2, '?'), (5, 7, 2, '?'), (5, 2, 7, 6), (5, 7, 7, '?')]"
"(12, 13, 26, 2, 0)","[(3, 7, 2, '?'), (3, 2, 7, '?'), (3, 2, 7, '?'), (3, 2, 7, 3), (3, 7, 2, 4), (3, 7, 2, '?'), (3, 2, 2, '?'), (3, 2, 7, '?'), (3, 2, 2, 6), (3, 2, 7, 3), (3, 7, 2, '?'), (3, 2, 2, '?'), (3, 6, 2, '?'), (3, 2, 7, 3), (3, 7, 7, 3), (3, 2, 7, 3), (3, 2, 2, 7), (3, 2, 2, '?'), (3, 2, 2, '?'), (3, 7, 7, '?'), (3, 2, 2, '?'), (3, 7, 2, 3), (3, 7, 2, '?'), (3, 7, 7, 4), (3, 7, 7, '?'), (3, 2, 7, '?')]"
"(12, 13, 26, 10, 0)","[(1, 7, 7, '?')]"
"(12, 13, 26, 11, 0)","[('?', 2, 2, 2), ('?', 7, 2, 1), ('?', 7, 7, 2), ('?', 7, 2, 1), ('?', 7, 2, 1)]"
"(12, 13, 26, 13, 0)","[('?', 7, 2, 6), ('?', 7, 2, '?'), (5, 7, 7, '?'), ('?', 2, 2, 6), ('?', 2, 7, '?'), ('?', 7, 2, '?')]"
"(12, 13, 26, 17, 0)","[(5, 2, 7, '?'), (5, 2, 7, '?')]"
"(12, 13, 26, 23, 0)","[(3, 7, 2, '?'), (3, 7, 7, '?'), (3, 2, 2, '?')]"
"(12, 13, 26, 25, 0)","[('?', 7, 7, 1), (5, 7, 2, '?'), ('?', 7, 2, '?'), ('?', 7, 2, '?'), ('?', 7, 7, 6), ('?', 2, 7, 6), ('?', 7, 2, '?'), ('?', 2, 7, 4), (5, 7, 2, '?'), (5, 2, 7, '?'), (5, 7, 2, '?'), (5, 2, 7, '?'), ('?', 7, 2, '?'), ('?', 7, 2, '?'), (5, 7, 7, '?'), ('?', 2, 7, '?'), ('?', 2, 7, '?'), (5, 7, 2, '?'), ('?', 2, 7, '?'), ('?', 2, 7, '?'), ('?', 7, 2, '?')]"
"(12, 13, 26, 26, 0)","[('?', 2, 7, '?')]"
"(12, 13, 27, 1, 0)","[(0, 1, 7, '?')]"
"(12, 13, 27, 3, 0)","[(0, 3, 2, 6)]"
"(12, 13, 27, 5, 0)","[(0, 0, 7, 6)]"
"(12, 13, 27, 6, 0)","[(0, 2, 2, 2), (0, 7, 2, 2)]"
"(12, 13, 27, 11, 0)","[(0, '?', 2, 1), (0, '?', 7, 1), (0, '?', 7, 2), (0, 0, 7, 7), (0, 0, 2, 2), (0, 7, 7, 2), (0, 6, 2, 2), (0, 4, 7, 0), (0, 0, 7, 2), (0, 5, 7, 2), (0, 7, 2, 2), (0, 3, 2, 2), (0, 4, 2, 6), (0, 6, 2, 2), (0, 6, 2, 2), (0, 4, 7, 5), (0, 4, 7, '?'), (0, 6, 7, 1)]"
"(12, 13, 27, 13, 0)","[(2, 3, 7, 6)]"
"(12, 13, 27, 14, 0)","[(0, 0, 7, 6), (0, 1, 2, '?'), (0, 1, 7, 6), (0, 0, 7, 6), (0, 1, 7, 6), (0, 1, 7, 6), (0, 0, 2, 6)]"
"(12, 13, 27, 15, 0)","[(0, 4, 7, 6), (0, 0, 7, 7)]"
"(12, 13, 27, 16, 0)","[(0, 4, 7, '?'), (0, 4, 7, 6), (0, 4, 7, 6), (0, 4, 7, 6), (0, 4, 2, 6), (0, 4, 7, 7), (0, 4, 2, 2), (0, 4, 7, 6), (0, 4, 7, '?')]"
"(12, 13, 27, 19, 0)","[(7, 3, 2, 1), (0, 3, 7, 2), (0, 3, 7, 1), (0, 3, 7, 1)]"
"(12, 13, 27, 21, 0)","[(0, 6, 2, 7)]"
"(12, 13, 27, 22, 0)","[(0, 3, 2, 1), (0, 3, 7, 0), (0, 5, 2, 6), (0, '?', 2, 1), (0, 3, 7, 0), (0, 3, 7, 6), (0, 3, 7, '?'), (0, 3, 7, '?'), (0, 3, 2, 7), (0, '?', 2, 6)]"
"(12, 13, 27, 23, 0)","[(0, 3, 7, 6), (0, 3, 7, 6), (0, 3, 7, '?')]"
"(12, 13, 27, 24, 0)","[(0, 1, 2, 7), (0, 0, 2, 6), (0, 1, 2, '?'), (0, 1, 7, '?'), (0, 0, 2, 6), (0, 1, 7, '?'), (0, 1, 2, '?'), (0, 1, 7, '?'), (0, 0, 7, 6), (0, 1, 2, 6), (0, 1, 2, '?'), (0, 0, 2, 6), (0, 1, 7, 6), (0, 1, 7, '?'), (0, 1, 7, '?'), (0, 1, 2, '?'), (0, 0, 2, 6), (0, 0, 2, '?'), (0, 1, 2, 7), (0, 0, 2, 6), (0, 0, 7, '?'), (0, 1, 2, '?'), (0, 1, 2, 6), (0, 1, 7, 6), (0, 0, 7, '?')]"
"(12, 13, 27, 25, 0)","[(0, 0, 2, 7), (0, 0, 2, 7), (0, 3, 2, 6), (0, '?', 7, 6), (0, 7, 7, 6), (0, 5, 2, 6), (0, 3, 2, 0), (0, 3, 2, 6), (0, '?', 7, 6), (0, 3, 2, 7), (0, 1, 7, '?'), (0, 3, 7, '?'), (0, 0, 2, 7), (0, 0, 7, '?'), (0, 0, 2, 7), (0, '?', 2, 4), (0, '?', 2, 6), (0, '?', 7, 6), (0, 7, 7, 7), (0, 3, 7, 6), (0, 3, 2, 0), (0, 7, 7, 6), (0, 6, 2, '?'), (0, 3, 7, 6), (0, 0, 7, 7), (0, '?', 7, 7), (0, '?', 2, '?'), (0, 3, 7, 7), (0, 3, 7, '?'), (0, 0, 7, 7), (0, '?', 2, '?'), (0, 3, 2, 0), (0, 5, 7, 7), (0, 7, 7, 6), (0, '?', 7, 6), (0, 7, 7, 6), (0, '?', 2, 6), (0, 0, 2, 7), (0, '?', 2, '?'), (0, 6, 2, 7), (0, 0, 7, '?'), (0, '?', 2, '?'), (0, 5, 2, 7), (0, 0, 2, '?'), (0, '?', 2, '?'), (0, 7, 7, 7), (0, 0, 2, '?'), (0, 3, 2, 7), (0, 3, 7, 7), (0, 3, 7, 7), (0, 0, 7, 0), (0, 0, 7, '?'), (0, 6, 2, 7), (0, 0, 2, '?'), (0, 0, 7, '?'), (0, 7, 7, '?'), (0, 6, 7, 7), (0, 3, 7, 6), (0, 3, 7, 6), (0, 6, 7, 7), (0, 7, 7, 7), (0, 6, 2, 7), (0, '?', 7, 6), (0, 4, 7, 6)]"
"(12, 13, 27, 26, 0)","[(0, 7, 7, '?'), (0, 7, 7, '?'), (0, 7, 7, 0), (0, 7, 7, 0), (0, 7, 7, 6), (0, 2, 2, 6), (0, 7, 7, '?'), (0, 7, 7, '?')]"
"(12, 13, 27, 27, 0)","[(0, 5, 2, 6), (0, '?', 2, '?'), (0, 3, 2, 6), (0, 5, 7, 0), (0, 4, 7, 7), (0, 4, 2, 6), (0, 4, 2, 6), (0, 0, 7, 7), (0, '?', 2, '?'), (0, 3, 2, 0), (0, 4, 7, 6), (0, 4, 7, '?'), (0, 0, 7, 7), (0, 4, 7, '?'), (0, 4, 2, 7), (0, '?', 2, '?'), (0, 4, 2, 6)]"
"(12, 15, 1, 15, 0)","[(4, 6, '?', 1)]"
"(12, 15, 2, 4, 0)","[(4, 5, 4, '?')]"
"(12, 15, 2, 9, 0)","[(4, 5, '?', '?')]"
"(12, 15, 13, 15, 0)","[(4, 1, 7, '?')]"
"(12, 15, 15, 2, 0)","[(4, 5, '?', 6)]"
"(12, 15, 15, 6, 0)","[(4, 7, 3, '?')]"
"(12, 15, 15, 15, 0)","[(4, '?', '?', '?')]"
"(12, 15, 15, 16, 0)","[(4, 5, '?', '?')]"
"(12, 15, 15, 25, 0)","[(4, '?', '?', '?'), (4, '?', '?', '?'), (4, 5, '?', '?')]"
"(12, 15, 15, 26, 0)","[(4, 7, '?', '?'), (4, 7, '?', '?'), (4, 7, '?', '?')]"
"(12, 15, 16, 11, 0)","[(4, 5, '?', '?')]"
"(12, 15, 17, 4, 0)","[(4, 5, 4, '?')]"
"(12, 16, 4, 11, 0)","[(6, 5, 1, 2)]"
"(12, 16, 12, 3, 0)","[(6, 3, 1, 1)]"
"(12, 16, 12, 11, 0)","[(6, '?', 1, 1)]"
"(12, 17, 5, 17, 0)","[(5, 0, 4, 7)]"
"(12, 17, 10, 3, 0)","[(5, 3, 6, '?')]"
"(12, 17, 10, 11, 0)","[(1, '?', 6, 2)]"
"(12, 17, 10, 19, 0)","[(5, 3, 6, 1), (1, 3, 4, 1)]"
"(12, 17, 12, 19, 0)","[(1, 3, 6, 2)]"
"(12, 17, 17, 1, 0)","[(5, 1, 6, 1), (5, 0, 4, 1), (1, 0, 4, 1), (5, 0, 4, 2), (1, 1, 6, 2), (5, 0, 6, 2), (5, 1, 4, 1), (5, 0, 4, 2), (5, 0, 4, 2), (1, 0, 6, 1), (5, 0, 4, 1), (1, 1, 6, 1), (1, 1, 6, 2), (5, 1, 6, 1), (1, 1, 6, 1), (5, 0, 6, 2), (1, 0, 6, 1), (5, 0, 4, 1), (1, 0, 6, 1), (5, 1, 4, 2), (5, 1, 4, 1), (5, 0, 4, 2), (5, 0, 4, 2), (5, 1, 4, 2), (5, 0, 4, 1), (1, 1, 6, 1), (1, 0, 4, 1), (1, 0, 4, 1), (5, 0, 6, 2), (1, 1, 4, 1), (1, 0, 6, 1)]"
"(12, 17, 17, 3, 0)","[(5, 3, 6, '?'), (1, 3, 4, '?')]"
"(12, 17, 17, 4, 0)","[(1, 5, 4, '?'), (1, 4, 6, '?'), (1, 4, 4, '?')]"
"(12, 17, 17, 5, 0)","[(5, 1, 6, '?'), (1, 1, 4, '?'), (5, 0, 6, '?'), (1, 0, 6, '?'), (1, 1, 4, '?'), (1, 0, 6, '?'), (1, 1, 4, '?'), (1, 1, 4, '?'), (5, 0, 6, '?'), (5, 0, 6, 6), (5, 0, 6, 6), (5, 1, 6, '?')]"
"(12, 17, 17, 6, 0)","[(1, 2, 6, 2), (5, 2, 6, 2), (1, 7, 4, 2), (5, 2, 4, 2), (1, 2, 6, 2), (1, 7, 6, 1)]"
"(12, 17, 17, 11, 0)","[(1, 4, 4, 1), (1, '?', 6, 2), (1, 4, 6, 1), (1, '?', 6, 1), (1, 4, 4, 1), (5, '?', 4, 2), (1, '?', 6, 1), (1, 0, 4, 1), (1, 5, 6, 1), (1, '?', 6, 2), (5, 7, 6, 1), (1, 4, 4, 1), (1, 7, 6, 1), (1, 4, 6, 1), (1, '?', 6, 1), (1, 5, 6, 1), (1, 5, 4, 2), (1, '?', 6, 1), (5, '?', 4, 2), (1, 4, 6, 1), (5, '?', 6, 2), (5, '?', 4, 1), (1, 4, 4, 1), (5, 2, 6, 1)]"
"(12, 17, 17, 12, 0)","[(5, 4, 6, '?'), (1, 4, 4, '?')]"
"(12, 17, 17, 16, 0)","[(1, 4, 1, 1), (1, 5, 6, 1), (5, 4, 1, 2), (1, 5, 6, 1), (1, 5, 4, 2), (1, 5, 6, 1), (1, 5, 4, '?')]"
"(12, 17, 17, 17, 0)","[(1, 4, 4, '?'), (1, 5, 4, '?'), (1, 5, 4, '?'), (1, 4, 4, '?'), (1, 4, 6, '?'), (1, 4, 6, '?'), (1, 4, 6, '?'), (1, 4, 4, '?'), (5, 4, 6, '?')]"
"(12, 17, 17, 19, 0)","[(5, 3, 6, 1), (1, 3, 4, 2), (1, 3, 4, 2), (1, 3, 4, 1), (1, 3, 4, 1), (5, 3, 4, 2), (1, 3, 4, 2), (5, 3, 6, 2), (1, 3, 4, 2), (1, 3, 6, 2), (5, 3, 4, 2), (1, 3, 6, 2), (5, 3, 6, 2), (7, 3, 6, 1)]"
"(12, 17, 17, 26, 0)","[(1, 2, 6, '?')]"
"(12, 17, 26, 17, 0)","[(1, 7, 4, '?'), (5, 7, 4, '?'), (1, 7, 4, '?'), (1, 2, 6, '?'), (1, 7, 6, '?'), (1, 7, 4, '?'), (1, 2, 4, '?'), (5, 7, 6, '?'), (5, 7, 4, '?')]"
"(12, 18, 4, 12, 0)","[(7, 0, 1, 1)]"
"(12, 18, 12, 11, 0)","[(7, 0, 1, 1), (7, 0, 1, 1)]"
"(12, 20, 3, 25, 0)","[(2, 5, 5, '?')]"
"(12, 20, 4, 11, 0)","[(2, 4, 6, 1)]"
"(12, 20, 4, 21, 0)","[(2, 1, '?', '?')]"
"(12, 20, 6, 11, 0)","[(2, 2, 3, '?')]"
"(12, 20, 8, 11, 0)","[(2, 5, 3, 2)]"
"(12, 20, 8, 13, 0)","[(2, 5, 5, 1), (2, 5, 5, 1)]"
"(12, 20, 8, 16, 0)","[(2, 5, 5, 1)]"
"(12, 20, 8, 25, 0)","[(2, 5, 5, 1)]"
"(12, 20, 9, 24, 0)","[(2, 1, 5, 5), (2, 0, 5, '?')]"
"(12, 20, 9, 25, 0)","[(2, '?', 5, '?')]"
"(12, 20, 10, 1, 0)","[(2, 0, 6, 2)]"
"(12, 20, 10, 2, 0)","[(2, '?', 4, 2), (2, 2, 4, 2), (2, 5, 6, 2), (2, '?', 6, 2), (2, 7, 4, '?')]"
"(12, 20, 10, 3, 0)","[(2, 3, 6, '?')]"
"(12, 20, 10, 5, 0)","[(2, 1, 4, '?'), (2, 1, 6, '?'), (2, 1, 4, 1), (2, 1, 4, 2)]"
"(12, 20, 10, 6, 0)","[(2, 2, 4, 1), (2, 2, 4, 2)]"
"(12, 20, 10, 10, 0)","[(2, 7, 6, 2), (2, '?', 4, 4), (2, 5, 4, '?'), (2, 5, 4, '?'), (2, 7, 6, 2), (2, '?', 4, 2), (2, 7, 4, 2), (2, 7, 4, 2)]"
"(12, 20, 10, 11, 0)","[(2, '?', 4, 2), (7, 5, 6, 1), (2, 0, 6, 1), (2, 2, 4, 2), (2, 7, 4, 1), (2, 7, 4, 1), (2, 0, 6, 1), (2, 2, 6, 1), (2, 7, 6, 2), (2, 2, 4, 1), (2, 7, 6, 1), (2, 5, 4, 1), (2, '?', 4, 2), (2, 2, 6, 2)]"
"(12, 20, 10, 12, 0)","[(2, 0, 4, '?'), (2, '?', 6, '?'), (2, 7, 6, '?')]"
"(12, 20, 10, 16, 0)","[(2, 7, 6, 2), (2, 5, 4, 1), (2, 2, 6, 2)]"
"(12, 20, 10, 17, 0)","[(2, 5, 6, 4), (2, 7, 6, '?'), (2, '?', 6, '?'), (2, 6, 6, 1), (2, '?', 6, 2), (2, 5, 4, '?')]"
"(12, 20, 10, 19, 0)","[(2, 3, 4, 2)]"
"(12, 20, 10, 22, 0)","[(2, 3, 6, '?'), (2, 3, 6, '?')]"
"(12, 20, 10, 23, 0)","[(2, 3, 6, '?'), (2, 3, 6, '?')]"
"(12, 20, 10, 26, 0)","[(2, 2, 4, '?'), (2, 2, 4, '?'), (2, 2, 4, '?'), (2, 2, 4, '?'), (2, 7, 4, '?')]"
"(12, 20, 11, 1, 0)","[(2, 0, 3, 2)]"
"(12, 20, 11, 11, 0)","[(2, 4, 3, 2)]"
"(12, 20, 11, 12, 0)","[(2, 1, 1, 2), (2, '?', 1, 1), (2, 7, 1, 2)]"
"(12, 20, 11, 19, 0)","[(2, 3, 3, 2)]"
"(12, 20, 11, 24, 0)","[(2, 1, 3, 2), (2, 1, 5, 2), (2, 1, 3, '?'), (2, 1, 5, 1)]"
"(12, 20, 11, 25, 0)","[(7, 0, 5, 1), (2, 2, 3, '?'), (2, 3, '?', 1)]"
"(12, 20, 12, 11, 0)","[(2, 0, 6, 1), (2, 7, '?', 1)]"
"(12, 20, 13, 3, 0)","[(2, 3, 7, 6), (2, 3, 7, '?'), (2, 3, 2, '?'), (2, 3, 7, 6), (2, 3, 2, '?'), (2, 3, 7, '?'), (2, 3, 7, 6), (2, 3, 7, '?')]"
"(12, 20, 13, 11, 0)","[(2, 4, 7, 1), (2, 1, 7, 2), (2, '?', 2, 2), (2, 1, 2, 1), (2, '?', 7, 1)]"
"(12, 20, 13, 13, 0)","[(2, 4, 7, '?'), (2, '?', 7, 6), (2, 6, 7, '?'), (2, 4, 7, 6)]"
"(12, 20, 13, 16, 0)","[(2, 4, 2, 1)]"
"(12, 20, 13, 22, 0)","[(2, 3, 7, '?'), (2, 3, 2, '?'), (2, 3, 2, 6)]"
"(12, 20, 13, 24, 0)","[(2, 1, 2, 1), (2, 1, 7, 6), (2, 1, 7, 6)]"
"(12, 20, 13, 25, 0)","[(2, '?', 7, 6), (2, 0, 2, '?'), (2, 0, 7, 6), (2, 1, 2, 7), (2, 0, 2, '?'), (2, '?', 2, '?'), (2, 0, 7, 6), (2, 7, 2, '?'), (2, 7, 2, '?'), (2, 7, 7, 6), (2, 6, 7, '?'), (2, 5, 2, '?'), (2, '?', 2, '?')]"
"(12, 20, 13, 26, 0)","[(2, 7, 2, '?'), (2, 2, 7, '?'), (2, 2, 2, '?'), (2, 7, 2, '?')]"
"(12, 20, 17, 1, 0)","[(2, 1, 6, 2), (2, 0, 6, 1), (2, 1, 4, 1), (2, 0, 4, 1)]"
"(12, 20, 17, 2, 0)","[(2, 7, 6, '?')]"
"(12, 20, 17, 3, 0)","[(2, 3, 6, '?')]"
"(12, 20, 17, 5, 0)","[(2, 1, 6, '?'), (2, 1, 4, '?')]"
"(12, 20, 17, 11, 0)","[(2, '?', 4, 1), (2, 4, 6, 1), (2, 4, 6, 2), (2, 4, 4, 1), (2, 5, 4, 1), (2, 4, 4, 1)]"
"(12, 20, 17, 12, 0)","[(2, 7, 6, '?'), (2, 7, 6, '?'), (2, '?', 6, '?'), (2, 4, 4, '?'), (2, '?', 6, '?'), (2, 1, 4, 1), (2, 4, 4, '?'), (2, '?', 6, '?'), (2, 4, 4, '?')]"
"(12, 20, 17, 16, 0)","[(2, 4, 6, 1), (2, 4, 4, 2)]"
"(12, 20, 17, 26, 0)","[(2, 2, 4, '?')]"
"(12, 20, 20, 1, 0)","[(2, 1, '?', 2)]"
"(12, 20, 20, 11, 0)","[(2, 0, '?', 2)]"
"(12, 20, 21, 12, 0)","[(2, 6, '?', '?')]"
"(12, 20, 21, 21, 0)","[(2, 6, 4, '?')]"
"(12, 20, 24, 15, 0)","[(2, 6, 5, '?')]"
"(12, 20, 25, 1, 0)","[(2, 0, '?', 2), (2, 0, 3, '?')]"
"(12, 20, 25, 8, 0)","[(2, 3, '?', 1)]"
"(12, 20, 25, 9, 0)","[(2, 4, 5, '?'), (2, 4, 5, 0), (2, 4, '?', '?')]"
"(12, 20, 25, 11, 0)","[(2, 0, '?', 1), (2, 0, '?', 1)]"
"(12, 20, 25, 15, 0)","[(2, '?', '?', '?')]"
"(12, 20, 25, 20, 0)","[(2, 2, '?', '?')]"
"(12, 20, 25, 24, 0)","[(2, 0, 5, '?')]"
"(12, 20, 25, 25, 0)","[(2, 4, '?', '?')]"
"(12, 20, 25, 26, 0)","[(2, 7, '?', '?'), (2, 7, '?', '?')]"
"(12, 21, 2, 17, 0)","[(4, 6, 6, '?')]"
"(12, 21, 4, 1, 0)","[(3, 6, 6, 1), ('?', 6, 6, 1)]"
"(12, 21, 4, 2, 0)","[(3, 6, 4, 1), (3, 6, 6, '?')]"
"(12, 21, 4, 11, 0)","[('?', 6, 4, 2), ('?', 6, 4, 2), (5, 6, 4, 2), ('?', 6, 6, 2), (5, 6, 6, 2), ('?', 6, 6, 1)]"
"(12, 21, 4, 12, 0)","[('?', 6, 6, '?')]"
"(12, 21, 4, 16, 0)","[(3, 6, 4, 1), (3, 6, 6, 1), (3, 6, 6, 1)]"
"(12, 21, 7, 10, 0)","[(0, 6, 4, '?'), (0, 6, 6, 2), (0, 6, 6, '?'), (0, 6, 4, 1)]"
"(12, 21, 7, 11, 0)","[(0, 6, 4, 1)]"
"(12, 21, 7, 17, 0)","[(0, 6, 6, '?'), (0, 6, 4, 2)]"
"(12, 21, 7, 25, 0)","[(0, 6, '?', '?')]"
"(12, 21, 10, 11, 0)","[('?', 6, 6, 2)]"
"(12, 21, 12, 2, 0)","[(3, 6, 6, '?'), (3, 6, 4, '?'), (3, 6, 4, '?'), (3, 6, 6, '?'), (3, 6, 6, '?')]"
"(12, 21, 12, 4, 0)","[('?', 6, 4, '?')]"
"(12, 21, 12, 11, 0)","[(5, 6, 4, 2), (5, 6, 4, 2), ('?', 6, 6, 2), ('?', 6, 6, 1)]"
"(12, 21, 12, 12, 0)","[('?', 6, 6, '?'), ('?', 6, 6, '?'), ('?', 6, 6, '?')]"
"(12, 21, 12, 16, 0)","[(3, 6, 4, 2), (3, 6, 4, 2)]"
"(12, 21, 13, 2, 0)","[(3, 6, 7, '?')]"
"(12, 21, 13, 11, 0)","[(5, 6, 7, 2)]"
"(12, 21, 17, 1, 0)","[(5, 6, 6, 1)]"
"(12, 21, 27, 11, 0)","[(0, 6, 2, 2)]"
"(12, 21, 27, 16, 0)","[(0, 6, 7, 1), (0, 6, 7, 1)]"
"(12, 21, 27, 25, 0)","[(0, 6, 2, '?'), (0, 6, 7, 7), (0, 6, 7, '?'), (0, 6, 7, 7), (0, 6, 2, 7), (0, 6, 7, 6), (0, 6, 2, '?'), (0, 6, 7, '?'), (0, 6, 7, '?'), (0, 6, 7, 7)]"
"(12, 24, 2, 1, 0)","[(4, 6, 4, 1)]"
"(12, 24, 2, 4, 0)","[(4, 6, 4, '?')]"
"(12, 24, 2, 10, 0)","[(4, 6, 6, '?')]"
"(12, 24, 2, 11, 0)","[(4, 6, 6, 1), (4, 6, 7, 2), (4, 6, 7, 2), (4, 6, 6, 1), (4, 6, 7, 2), (4, 6, 7, 1), (4, 6, 7, 2), (4, 6, 6, 1), (4, 6, 7, 1), (4, 6, 6, 2), (4, 6, 4, 2), (4, 6, 6, 2)]"
"(12, 24, 2, 13, 0)","[(4, 6, 7, 1), (4, 6, 2, '?'), (4, 6, 7, 7)]"
"(12, 24, 2, 16, 0)","[(4, 6, 7, 1), (4, 6, 4, 2), (4, 6, 4, 2)]"
"(12, 24, 2, 17, 0)","[(4, 6, 4, '?'), (4, 6, 6, '?'), (4, 6, 6, '?'), (4, 6, 4, '?'), (4, 6, 6, '?'), (4, 6, 4, '?')]"
"(12, 24, 4, 11, 0)","[(1, 6, 4, 2)]"
"(12, 24, 7, 10, 0)","[(0, 6, 4, '?')]"
"(12, 24, 7, 13, 0)","[(0, 6, 7, 2)]"
"(12, 24, 7, 25, 0)","[(0, 6, 5, 6), (0, 6, '?', '?'), (0, 6, '?', '?')]"
"(12, 24, 9, 2, 0)","[(3, 6, '?', '?')]"
"(12, 24, 9, 10, 0)","[(1, 6, 5, '?')]"
"(12, 24, 9, 25, 0)","[('?', 6, '?', '?'), (5, 6, 5, '?')]"
"(12, 24, 10, 25, 0)","[(1, 6, '?', '?')]"
"(12, 24, 11, 2, 0)","[(3, 6, '?', 1), (3, 6, '?', 2)]"
"(12, 24, 11, 12, 0)","[(7, 6, 5, 1)]"
"(12, 24, 11, 13, 0)","[('?', 6, 5, 2)]"
"(12, 24, 11, 25, 0)","[('?', 6, '?', 1), ('?', 6, '?', 1), ('?', 6, '?', 2), ('?', 6, '?', 2), ('?', 6, '?', 2)]"
"(12, 24, 12, 2, 0)","[(3, 6, 6, 4), (3, 6, 4, '?')]"
"(12, 24, 12, 4, 0)","[('?', 6, 6, '?')]"
"(12, 24, 12, 11, 0)","[('?', 6, 4, 2)]"
"(12, 24, 13, 25, 0)","[('?', 6, 7, '?')]"
"(12, 24, 15, 11, 0)","[(4, 6, '?', 2), (4, 6, '?', 2)]"
"(12, 24, 16, 13, 0)","[(4, 6, '?', 2)]"
"(12, 24, 16, 15, 0)","[(4, 6, '?', 1)]"
"(12, 24, 16, 16, 0)","[(4, 6, '?', 2)]"
"(12, 24, 17, 25, 0)","[(5, 6, 5, '?')]"
"(12, 24, 25, 2, 0)","[(3, 6, '?', '?'), (3, 6, '?', '?')]"
"(12, 24, 25, 7, 0)","[(0, 6, '?', '?')]"
"(12, 24, 25, 10, 0)","[(1, 6, 3, '?'), (1, 6, '?', '?'), (5, 6, '?', '?'), (5, 6, '?', '?')]"
"(12, 24, 25, 11, 0)","[('?', 6, '?', 1), ('?', 6, '?', 2)]"
"(12, 24, 25, 13, 0)","[('?', 6, '?', '?')]"
"(12, 24, 25, 17, 0)","[(5, 6, '?', '?')]"
"(12, 24, 25, 21, 0)","[('?', 6, '?', '?')]"
"(12, 24, 25, 25, 0)","[(5, 6, '?', '?'), (0, 6, 5, 6), ('?', 6, '?', '?'), ('?', 6, '?', '?'), ('?', 6, '?', '?'), (5, 6, '?', '?'), ('?', 6, '?', '?')]"
"(12, 24, 27, 11, 0)","[(0, 6, 7, 1)]"
"(12, 24, 27, 25, 0)","[(0, 6, 7, '?'), (0, 6, 7, '?'), (0, 6, 5, 6)]"
"(12, 25, 1, 2, 0)","[('?', 6, '?', 1), (3, 6, '?', 2)]"
"(12, 25, 1, 10, 0)","[(1, 6, '?', 1)]"
"(12, 25, 1, 24, 0)","[(5, 6, '?', 2)]"
"(12, 25, 2, 1, 0)","[(4, 1, '?', 2), (4, 1, '?', 1), (4, 1, '?', 2)]"
"(12, 25, 2, 2, 0)","[(4, '?', '?', 6), (4, 4, '?', '?')]"
"(12, 25, 2, 6, 0)","[(4, 7, '?', 2), (4, 7, '?', 1), (4, 2, '?', 1), (4, 7, '?', 2), (4, 2, '?', 2), (4, 2, '?', 2), (4, 7, '?', 2), (4, 7, '?', 1), (4, 7, '?', 2), (4, 7, '?', 1)]"
"(12, 25, 2, 9, 0)","[(4, 4, '?', 5), (4, 4, '?', '?'), (4, 4, '?', 6)]"
"(12, 25, 2, 11, 0)","[(4, '?', '?', 1), (4, '?', '?', 1), (4, 4, '?', 1), (4, '?', '?', 1), (4, 4, 6, 1), (4, 3, '?', 1), (4, 4, '?', 2), (4, '?', '?', 2), (4, 0, '?', 1), (4, 0, '?', 1), (4, 3, 7, 2), (4, 3, 7, 1), (4, 4, '?', 1), (4, 4, '?', 1), (4, 5, '?', 1)]"
"(12, 25, 2, 16, 0)","[(4, 4, '?', '?'), (4, 4, '?', 1)]"
"(12, 25, 2, 19, 0)","[(4, 3, '?', 2)]"
"(12, 25, 2, 22, 0)","[(4, 3, 7, '?')]"
"(12, 25, 2, 24, 0)","[(4, 0, '?', 6)]"
"(12, 25, 2, 26, 0)","[(4, 7, '?', '?')]"
"(12, 25, 3, 2, 0)","[(3, 5, 7, 6), (3, 5, '?', '?')]"
"(12, 25, 3, 7, 0)","[(0, 5, '?', '?'), (0, 5, '?', 6), (0, 5, '?', '?'), (0, 5, '?', 6), (0, 5, '?', 7), (0, 5, '?', '?'), (0, 5, '?', '?'), (0, 5, '?', '?')]"
"(12, 25, 3, 10, 0)","[(5, 5, '?', '?'), (5, 5, '?', '?'), (5, 5, '?', 1)]"
"(12, 25, 3, 12, 0)","[('?', 5, '?', '?')]"
"(12, 25, 3, 13, 0)","[(3, 5, 2, 6)]"
"(12, 25, 3, 17, 0)","[(5, 5, '?', '?')]"
"(12, 25, 3, 25, 0)","[('?', 5, '?', '?'), (7, 5, 5, '?'), (7, 5, 5, 6), ('?', 5, '?', '?'), ('?', 5, '?', '?'), ('?', 5, '?', '?'), (7, 5, 5, '?'), (7, 5, 5, 7), ('?', 5, '?', '?'), (7, 5, 5, 7), (7, 5, '?', 6), ('?', 5, '?', '?'), (7, 5, 5, 6), ('?', 5, '?', '?')]"
"(12, 25, 3, 27, 0)","[(0, 5, '?', '?')]"
"(12, 25, 4, 2, 0)","[(3, 4, '?', '?')]"
"(12, 25, 4, 9, 0)","[(5, 4, '?', '?'), ('?', 4, '?', '?')]"
"(12, 25, 4, 11, 0)","[('?', 4, '?', 2), ('?', 4, '?', 2), (5, 4, '?', 2), ('?', 4, '?', 2)]"
"(12, 25, 4, 16, 0)","[(3, 5, 4, 2), (3, 4, '?', '?'), (3, 4, '?', '?'), (3, 4, '?', 1)]"
"(12, 25, 5, 2, 0)","[(3, 1, '?', '?'), (3, 1, '?', '?')]"
"(12, 25, 6, 2, 0)","[(3, 2, '?', 2), (3, 7, '?', 1), (3, 2, '?', 2), (3, 2, '?', 1), (4, 2, '?', 2), (3, 7, '?', 1), (3, 6, '?', 1), (3, 2, '?', 1), (3, 7, '?', 1), (3, 7, '?', 1), (3, 2, '?', 1), (3, 2, '?', 2), (3, 2, '?', 1), (3, 2, '?', 1), (3, 7, '?', 1), (3, 2, '?', 2), (4, 2, '?', 1), (3, 2, '?', 2), (3, 2, '?', 2), (3, 2, '?', 2), (3, 7, '?', 1), (3, 2, '?', 2), (3, 2, '?', 2), (3, 2, '?', 1)]"
"(12, 25, 6, 4, 0)","[('?', 7, '?', 1), (3, 2, '?', 2)]"
"(12, 25, 6, 7, 0)","[(0, 7, '?', 1)]"
"(12, 25, 6, 10, 0)","[(5, 7, 3, 1), (1, 2, 1, 1), (1, 7, '?', 2), (5, 7, 3, 1), (5, 7, '?', 1), (1, 7, '?', 2), (1, 2, '?', 2), (1, 7, 1, 1), (5, 7, '?', 1), (1, 2, '?', 1), (1, 7, 5, 1), (1, 2, '?', 1), (5, 2, '?', 1), (5, 2, '?', 1), (1, 7, '?', 2), (5, 2, '?', 1), (1, 7, '?', 2)]"
"(12, 25, 6, 12, 0)","[('?', 7, '?', 2), ('?', 7, '?', 2), ('?', 7, '?', 2), ('?', 7, '?', 2), ('?', 7, '?', 2), ('?', 7, '?', 1), ('?', 7, '?', 2), ('?', 7, '?', 2), ('?', 7, '?', 1), (5, 7, '?', 1)]"
"(12, 25, 6, 17, 0)","[(1, 7, '?', 2), (5, 2, '?', 1), (1, 2, '?', 2), (5, 2, 5, 2), (5, 7, '?', 1), (1, 2, 0, 2), (5, 7, '?', 1), (5, 7, '?', 1), (1, 2, '?', 2), (1, 2, '?', 2), (5, 2, '?', 1)]"
"(12, 25, 6, 18, 0)","[(0, 2, '?', 1), (0, 7, '?', 2), (0, 2, '?', 1)]"
"(12, 25, 6, 25, 0)","[('?', 7, '?', 1)]"
"(12, 25, 7, 1, 0)","[(0, 1, '?', 2)]"
"(12, 25, 7, 2, 0)","[(0, 4, '?', 7), (0, 4, '?', 6), (0, 4, '?', 7), (0, 4, '?', '?')]"
"(12, 25, 7, 3, 0)","[(0, 3, 7, 0), (0, 3, 7, '?'), (0, 3, '?', 6)]"
"(12, 25, 7, 5, 0)","[(0, 1, '?', 7), (0, 0, '?', '?'), (0, 0, '?', '?'), (0, 0, '?', '?'), (0, 0, '?', '?'), (0, 0, '?', '?'), (0, 0, '?', '?'), (0, 1, '?', 6)]"
"(12, 25, 7, 11, 0)","[(0, 0, 7, 1)]"
"(12, 25, 7, 15, 0)","[(0, 5, '?', '?'), (0, 4, '?', '?'), (0, 5, '?', 6)]"
"(12, 25, 7, 16, 0)","[(0, 4, '?', 6), (0, 4, '?', 5), (0, 4, '?', '?'), (0, 4, '?', 6), (0, 4, '?', 6), (0, 4, '?', '?'), (0, 4, '?', '?')]"
"(12, 25, 7, 18, 0)","[(0, 6, 7, 2)]"
"(12, 25, 7, 20, 0)","[(0, 4, '?', 5), (0, 4, '?', '?')]"
"(12, 25, 7, 22, 0)","[(0, 3, '?', 1), (0, 3, '?', 6), (0, 3, '?', 6), (0, 3, '?', 7), (0, 3, 7, 2), (0, 3, '?', 6), (0, 3, '?', 6), (0, 3, '?', 6)]"
"(12, 25, 7, 24, 0)","[(0, 0, '?', 7), (7, 0, 5, 6), (0, 1, '?', 6), (7, 0, 5, 6), (0, 1, '?', 7), (0, 0, '?', 0), (0, 0, '?', 0), (0, 1, '?', 6)]"
"(12, 25, 7, 25, 0)","[(0, 4, '?', '?'), (0, 0, 7, 6), (0, 0, '?', 7), (0, 4, '?', 7), (0, 0, '?', 7), (0, 4, '?', 7), (0, 0, '?', '?'), (0, 0, '?', '?'), (0, 4, '?', '?'), (0, 0, '?', '?'), (0, 0, 7, 6), (0, 0, '?', 0), (0, 5, '?', '?'), (0, 0, 7, 6), (0, '?', '?', 7), (0, '?', '?', 7), (0, 0, 2, 7), (0, '?', '?', 7)]"
"(12, 25, 7, 26, 0)","[(0, 7, '?', '?'), (0, 7, '?', '?'), (0, 7, '?', '?'), (0, 2, '?', '?'), (0, 2, '?', '?'), (0, 7, '?', '?'), (0, 2, '?', '?'), (0, 7, '?', '?'), (0, 2, '?', 6), (0, 7, '?', '?'), (0, 2, '?', 6), (0, 7, '?', '?'), (0, 2, '?', '?'), (0, 7, '?', '?'), (0, 2, '?', '?'), (0, 2, '?', '?'), (0, 2, '?', '?'), (0, 2, '?', '?')]"
"(12, 25, 8, 2, 0)","[(3, 5, 2, 2), (3, 5, '?', 1), (3, 5, '?', 2), (3, 5, '?', 2), (3, 5, '?', 1)]"
"(12, 25, 8, 10, 0)","[(5, 5, '?', 2)]"
"(12, 25, 8, 11, 0)","[('?', 5, '?', 1)]"
"(12, 25, 8, 12, 0)","[('?', 5, '?', 1), ('?', 5, '?', 1), (3, 5, '?', 2), (5, 5, '?', 2)]"
"(12, 25, 8, 16, 0)","[(3, 5, '?', 1), (3, 5, '?', 2), (3, 5, '?', 1), (3, 5, '?', 1)]"
"(12, 25, 8, 17, 0)","[(5, 5, '?', 1), (5, 5, '?', 1), (5, 5, 5, 1)]"
"(12, 25, 8, 25, 0)","[(3, 5, '?', 1)]"
"(12, 25, 8, 27, 0)","[(0, 5, 2, 2), (0, 5, 2, 2)]"
"(12, 25, 9, 4, 0)","[('?', 4, '?', '?')]"
"(12, 25, 10, 1, 0)","[(1, 1, '?', 1), (1, 1, 5, 2), (1, 1, 5, 2), (5, 1, '?', 1), (1, 6, '?', 1), (5, 1, '?', 2), (5, 1, '?', 1), (5, 1, '?', 2), (5, 1, '?', 1), (5, 0, '?', 2), (1, 1, '?', 1), (1, 6, '?', 1), (1, 1, '?', 1), (5, 0, '?', 2), (5, 6, '?', 1), (1, 6, '?', 1), (5, 0, '?', '?'), (5, 1, '?', 2), (5, 1, '?', 2), (1, 1, '?', 1), (1, 1, '?', 1), (5, 6, '?', 1), (5, 1, '?', 2), (1, 1, '?', 1), (1, 0, '?', 1), (5, 1, '?', 2), (5, 1, '?', 1)]"
"(12, 25, 10, 3, 0)","[(1, 3, 5, '?'), (1, 3, '?', '?'), (1, 3, 5, '?'), (5, 3, '?', '?'), (1, 3, '?', '?'), (5, 3, '?', '?'), (5, 3, 5, '?'), (1, 3, '?', '?'), (1, 3, '?', '?'), (5, 3, 5, '?'), (1, 3, '?', '?'), (1, 3, '?', '?'), (5, 3, '?', '?'), (5, 3, '?', '?'), (5, 3, '?', '?'), (5, 3, '?', '?'), (1, 3, 5, 1), (5, 3, '?', '?'), (1, 3, '?', '?')]"
"(12, 25, 10, 5, 0)","[(1, 0, '?', '?'), (1, 1, '?', '?'), (1, 0, '?', '?'), (1, 1, '?', '?'), (1, 1, '?', '?'), (5, 1, 5, 7), (5, 1, '?', '?'), (1, 1, 5, '?'), (1, 1, '?', '?'), (5, 1, '?', '?'), (1, 1, '?', '?'), (5, 1, '?', '?'), (5, 1, '?', '?'), (5, 1, '?', '?'), (1, 0, '?', '?'), (1, 0, '?', '?'), (5, 1, '?', '?')]"
"(12, 25, 10, 6, 0)","[(1, 2, '?', 2), (5, 2, '?', 1), (1, 7, '?', 2), (1, 2, '?', 2), (1, 2, '?', 1), (1, 2, '?', 2), (1, 6, '?', 1), (1, 2, '?', 1), (1, 2, '?', 2), (5, 6, '?', 1), (1, 7, 1, 1), (1, 2, '?', 1), (5, 7, '?', 1), (1, 7, '?', 2)]"
"(12, 25, 10, 8, 0)","[(1, 3, '?', 1), (5, 3, '?', 2), (1, 3, '?', 1), (1, 3, '?', 2), (1, 3, '?', 2), (1, 3, '?', 2), (1, 3, '?', 1), (5, 3, '?', 1), (5, 3, '?', 2)]"
"(12, 25, 10, 9, 0)","[(1, 4, '?', '?'), (1, 5, 5, '?'), (5, 5, 5, 1), (1, 5, 5, '?'), (1, 5, '?', '?')]"
"(12, 25, 10, 10, 0)","[(5, '?', '?', '?'), (5, 5, '?', '?'), (1, 5, '?', '?'), (5, '?', '?', '?'), (1, 6, '?', '?'), (1, 5, '?', '?'), (5, 5, '?', '?'), (5, '?', '?', '?')]"
"(12, 25, 10, 11, 0)","[(5, '?', '?', 1), (5, 5, '?', 2), (5, 3, '?', 1), (1, 3, 1, 1), (1, 5, '?', 1), (5, '?', '?', 1), (5, 5, '?', 2), (5, 0, '?', 1), (1, '?', '?', 1), (5, 0, '?', 1), (5, 0, '?', 1), (5, 5, '?', 1), (1, 5, '?', 1), (5, 0, '?', 2), (1, 4, '?', 1), (5, '?', '?', 1), (1, 5, '?', 1), (1, 5, 1, 1), (5, '?', '?', 1), (1, '?', '?', 1), (5, 0, '?', 1), (1, 5, 1, 1), (5, 5, 5, 1), (5, '?', '?', 2), (1, '?', '?', 1), (1, 5, '?', 1), (5, 0, '?', 1), (5, 6, '?', 1), (1, '?', '?', 1), (1, 0, 1, 1), (1, 6, 5, 1), (5, 0, '?', 1), (1, 0, '?', 1), (5, '?', '?', 2), (1, 0, '?', 1), (1, 0, '?', '?'), (5, '?', '?', 2), (1, 2, '?', 1), (1, 2, '?', 1), (5, 5, '?', 1), (5, '?', '?', 2), (1, '?', '?', 1)]"
"(12, 25, 10, 17, 0)","[(1, 2, '?', '?')]"
"(12, 25, 10, 19, 0)","[(1, 3, 0, 0), (5, 3, '?', 2), (1, 3, '?', 2), (5, 3, '?', 1), (5, 3, '?', 1), (5, 3, '?', 1), (1, 3, '?', 2), (1, 3, 1, 1)]"
"(12, 25, 10, 21, 0)","[(1, 6, '?', '?')]"
"(12, 25, 10, 24, 0)","[(5, 0, '?', '?')]"
"(12, 25, 10, 25, 0)","[(5, 0, '?', '?'), (5, '?', '?', '?'), (1, '?', '?', '?'), (1, '?', '?', '?'), (1, '?', '?', '?'), (5, '?', '?', '?'), (1, 5, '?', '?'), (1, '?', '?', 7), (1, '?', '?', '?'), (5, '?', '?', '?'), (5, 0, '?', '?'), (1, '?', '?', '?'), (1, 6, '?', '?'), (1, '?', '?', '?'), (1, 5, '?', '?'), (1, 6, '?', '?'), (1, 6, 5, 1), (5, '?', '?', '?'), (1, '?', '?', '?'), (1, '?', '?', '?'), (5, '?', '?', '?')]"
"(12, 25, 10, 26, 0)","[(1, 2, 1, 6), (5, 7, '?', '?'), (1, 2, '?', '?'), (5, 2, '?', 7), (5, 2, '?', '?'), (5, 2, '?', 6), (5, 2, '?', '?'), (5, 2, '?', '?'), (1, 2, '?', '?'), (5, 2, '?', '?'), (1, 7, 3, 0), (5, 2, '?', '?'), (5, 2, '?', '?'), (1, 2, '?', '?'), (1, 2, '?', '?'), (5, 7, '?', '?'), (1, 2, '?', '?'), (5, 7, '?', '?')]"
"(12, 25, 11, 1, 0)","[(1, 1, 3, 2), (1, 1, 3, 2)]"
"(12, 25, 11, 2, 0)","[(3, '?', '?', 2), (3, 4, 2, 2), (3, 0, '?', 2), (3, 0, '?', 1), (3, '?', '?', 2), (3, '?', '?', 2), (3, 4, '?', 2), (3, 6, '?', 1), (3, 1, '?', 1), (3, 4, '?', 1), (3, 4, '?', 2), (3, 0, '?', 2), (3, '?', '?', 2), (3, 0, '?', 1), (3, 0, '?', 1), (3, 0, '?', 2), (3, 4, '?', 2), (3, 0, '?', 1), (3, '?', '?', 2), (3, 5, '?', 2), (3, '?', '?', 2), (3, '?', '?', 2), (3, 4, '?', 2), (3, 4, '?', 2)]"
"(12, 25, 11, 3, 0)","[('?', 3, '?', 1), ('?', 3, '?', 1), ('?', 3, '?', 2), ('?', 3, '?', 1), ('?', 3, '?', 1), ('?', 3, '?', 1), ('?', 3, '?', 1), ('?', 3, '?', 2), ('?', 3, '?', 2), ('?', 3, '?', 1), ('?', 3, '?', 2), (2, 3, '?', 1)]"
"(12, 25, 11, 4, 0)","[('?', 4, '?', 2), ('?', 4, '?', 1), ('?', 4, '?', 2), (5, 4, '?', 2), ('?', 4, '?', 1), (1, 4, 5, 2), ('?', 4, '?', 2)]"
"(12, 25, 11, 5, 0)","[('?', 1, '?', 1), ('?', 1, '?', 1), ('?', 1, '?', 2), ('?', 1, '?', 2), ('?', 1, '?', 2), ('?', 0, '?', 1), ('?', 1, '?', 2), ('?', 1, '?', 2), ('?', 0, '?', 2), ('?', 1, '?', 1), ('?', 1, '?', 2), ('?', 0, '?', 2)]"
"(12, 25, 11, 10, 0)","[(5, 5, 5, 1), (5, 5, 5, 1)]"
"(12, 25, 11, 11, 0)","[(5, 4, '?', 2), (2, 4, 5, 1)]"
"(12, 25, 11, 12, 0)","[('?', 4, '?', 2), ('?', 0, '?', 2), ('?', 0, '?', 1), ('?', '?', '?', 2), ('?', '?', '?', 1), ('?', 4, '?', 2), ('?', 0, '?', 1), ('?', '?', '?', 2), ('?', 0, '?', 2), (5, 5, '?', 2), ('?', 0, '?', 1), ('?', 0, '?', 1), ('?', '?', '?', 2), ('?', 0, '?', 1), ('?', '?', '?', 2), ('?', 5, '?', 1), ('?', '?', '?', 1), ('?', 5, '?', 1), ('?', '?', '?', 1), ('?', 0, '?', 1), (3, '?', '?', 2), ('?', 0, '?', 2), ('?', 4, '?', 1), ('?', '?', '?', 1), (1, 4, '?', 2), ('?', 4, '?', 2), ('?', '?', '?', 2), (5, '?', '?', 2), ('?', '?', '?', 1)]"
"(12, 25, 11, 14, 0)","[(3, 1, '?', 1), (3, 1, '?', 2), (3, 1, '?', 2), (3, 1, '?', 2), (3, 0, '?', 2), (3, 1, '?', 1), (3, 1, '?', 1), (3, 0, '?', 1), (3, 0, '?', 2), (3, 1, '?', 2), (3, 1, '?', 2), (3, 1, '?', 1), (3, 1, '?', 2), (3, 1, '?', 2), (3, 1, '?', 1), (3, 1, '?', 1), (3, 0, '?', 2), (3, 1, '?', 1), (3, 1, '?', 2), (3, 1, '?', 1), (3, 1, '?', 2), (3, 0, '?', 1), (3, 0, '?', 2), (3, 0, '?', 1)]"
"(12, 25, 11, 16, 0)","[(3, 4, '?', 1), (3, 4, '?', 2), (3, 4, '?', 1), (3, 4, '?', 2), (3, 4, '?', 1), (3, 4, '?', 1)]"
"(12, 25, 11, 17, 0)","[(1, 4, '?', 1)]"
"(12, 25, 11, 19, 0)","[('?', 3, '?', 1), ('?', 3, '?', 2), ('?', 3, '?', 2)]"
"(12, 25, 11, 20, 0)","[(2, 4, '?', 1)]"
"(12, 25, 11, 21, 0)","[('?', 6, '?', 2)]"
"(12, 25, 11, 22, 0)","[(3, 3, 7, 2)]"
"(12, 25, 11, 24, 0)","[('?', 1, '?', 1), ('?', 0, '?', 2), ('?', 0, '?', 2), ('?', 0, '?', 2), ('?', 1, '?', 2), ('?', 0, '?', 2), ('?', 0, '?', 2), ('?', 1, '?', 1), (1, 1, 3, 1), ('?', 1, '?', 1), (2, 1, '?', 2), (2, 1, '?', 2)]"
"(12, 25, 11, 25, 0)","[('?', '?', '?', 2), ('?', '?', '?', 1), ('?', 0, '?', 1), ('?', 0, '?', 1), ('?', '?', '?', 1), (2, 0, '?', 2), ('?', '?', '?', 2), (5, 5, '?', 2), ('?', '?', '?', 1), ('?', 5, '?', 1)]"
"(12, 25, 13, 2, 0)","[(3, 4, 7, 0)]"
"(12, 25, 13, 16, 0)","[(3, 4, 2, 2), (3, 5, 7, '?')]"
"(12, 25, 15, 1, 0)","[(4, 1, '?', 1), (4, 1, '?', 2), (4, 1, '?', 1), (4, 1, '?', 1), (4, 1, '?', 2), (4, 1, '?', 1), (4, 1, '?', 2), (4, 1, '?', 2)]"
"(12, 25, 15, 2, 0)","[(4, 5, '?', 6), (4, 4, '?', 0), (4, 5, '?', 7), (4, 4, '?', '?')]"
"(12, 25, 15, 3, 0)","[(4, 3, '?', '?')]"
"(12, 25, 15, 5, 0)","[(4, 0, '?', '?')]"
"(12, 25, 15, 6, 0)","[(4, 7, '?', 1), (4, 7, '?', 2), (4, 7, 6, 2), (4, 2, '?', 1), (4, 7, '?', 1), (4, 2, '?', 1), (4, 7, '?', 1)]"
"(12, 25, 15, 8, 0)","[(4, 3, '?', 1), (4, 3, '?', 1), (4, 3, '?', 1), (4, 3, '?', 2), (4, 3, '?', 1)]"
"(12, 25, 15, 9, 0)","[(4, 4, '?', 5), (4, 4, '?', 0), (4, 4, '?', 0)]"
"(12, 25, 15, 11, 0)","[(4, 6, '?', 1), (4, 4, '?', 2), (4, '?', '?', 1), (4, 0, '?', 1), (4, '?', '?', 1), (4, 6, '?', 1), (4, '?', '?', 2), (4, 0, '?', 1), (4, 3, '?', 2), (4, 3, '?', 2), (4, 1, '?', 1), (4, '?', '?', 2), (4, 3, '?', 1), (4, '?', '?', 2), (4, 4, '?', 2), (4, 1, '?', 1), (4, 0, '?', 1), (4, 3, '?', 1), (4, 4, '?', 1), (4, '?', '?', 2), (4, '?', '?', 1), (4, 4, '?', 1), (4, 5, '?', 1), (4, 3, '?', 2), (4, 3, '?', 1), (4, 3, '?', 2), (4, 4, '?', 2), (4, 0, '?', 1), (4, 4, '?', 2), (4, '?', '?', 2), (4, 5, '?', 1)]"
"(12, 25, 15, 12, 0)","[(4, 4, '?', '?')]"
"(12, 25, 15, 15, 0)","[(4, 5, '?', '?'), (4, 3, '?', 6), (4, 0, '?', '?'), (4, 3, '?', '?'), (4, 0, '?', '?'), (4, 3, 7, '?'), (4, 3, '?', '?'), (4, '?', '?', '?'), (4, '?', '?', '?'), (4, '?', '?', '?'), (4, 5, '?', '?'), (4, '?', '?', '?'), (4, 3, '?', '?')]"
"(12, 25, 15, 19, 0)","[(4, 3, '?', 2)]"
"(12, 25, 15, 22, 0)","[(4, 3, '?', '?'), (4, 3, '?', '?'), (4, 3, '?', '?'), (4, 3, '?', '?'), (4, 3, '?', 6), (4, 3, 7, '?'), (4, 0, '?', '?')]"
"(12, 25, 15, 24, 0)","[(4, 0, '?', '?'), (4, 1, 5, 5)]"
"(12, 25, 15, 25, 0)","[(4, '?', '?', '?'), (4, 4, '?', 5), (4, '?', '?', '?'), (4, 3, 5, 6), (4, 3, 5, 7)]"
"(12, 25, 15, 26, 0)","[(4, 2, 7, '?'), (4, 7, '?', '?')]"
"(12, 25, 16, 2, 0)","[(4, 3, '?', 2)]"
"(12, 25, 16, 6, 0)","[(4, 2, '?', 2), (4, 7, '?', 2), (4, 7, '?', 1), (4, 7, '?', 1), (4, 7, '?', 2), (4, 7, '?', 2), (4, 2, '?', 1), (4, 2, '?', 2)]"
"(12, 25, 16, 11, 0)","[(4, 4, '?', 2), (4, 4, '?', 2), (4, 5, 7, 2), (4, '?', '?', 1)]"
"(12, 25, 16, 12, 0)","[(4, 5, '?', 1)]"
"(12, 25, 16, 14, 0)","[(4, 1, '?', 2)]"
"(12, 25, 16, 15, 0)","[(4, 0, '?', 1), (4, 5, '?', 1)]"
"(12, 25, 16, 16, 0)","[(4, 5, '?', 1), (4, 4, '?', '?'), (4, 4, '?', 2)]"
"(12, 25, 16, 24, 0)","[(4, 1, '?', 2)]"
"(12, 25, 16, 26, 0)","[(4, 2, '?', 1), (4, 2, '?', 1)]"
"(12, 25, 17, 1, 0)","[(1, 0, '?', 1), (5, 1, '?', 2), (5, 0, '?', 1), (5, 1, '?', 2), (5, 1, '?', 1), (5, 1, '?', 1), (5, 1, '?', 1), (1, 6, '?', 1), (5, 1, '?', 1), (5, 0, '?', 2), (5, 6, '?', 1), (5, 0, '?', 1), (5, 0, '?', 2), (5, 1, '?', 1)]"
"(12, 25, 17, 5, 0)","[(1, 0, '?', '?'), (1, 1, '?', '?'), (5, 0, '?', '?'), (1, 0, '?', '?'), (1, 1, 5, '?'), (5, 0, '?', '?'), (1, 1, '?', '?'), (5, 1, '?', '?'), (5, 0, '?', '?'), (5, 0, '?', '?'), (5, 1, '?', '?')]"
"(12, 25, 17, 6, 0)","[(5, 2, '?', 1)]"
"(12, 25, 17, 9, 0)","[(1, 4, '?', '?'), (1, 4, 5, '?'), (1, 5, '?', '?')]"
"(12, 25, 17, 10, 0)","[(5, 5, '?', 2), (1, 5, '?', '?'), (5, 4, '?', '?')]"
"(12, 25, 17, 11, 0)","[(1, 0, '?', 1), (5, 0, 1, 1), (1, 0, '?', 1), (5, '?', '?', 1), (1, 5, 1, 1), (1, '?', '?', 1), (5, '?', '?', 1), (1, 0, '?', 1), (5, 0, '?', 2), (1, 1, 1, 1), (5, 4, '?', 2), (1, 4, 1, 1), (1, 5, '?', 1), (1, 5, '?', 1), (5, 0, '?', 1), (1, 4, '?', 2), (5, 5, '?', 1), (1, 4, 5, 1), (1, '?', '?', 1), (5, 0, '?', 2), (5, '?', '?', 1), (5, 5, 5, 1), (5, '?', '?', 1), (1, 1, 1, 1), (1, '?', '?', 1)]"
"(12, 25, 17, 16, 0)","[(1, 4, '?', 2), (1, 4, '?', 2), (1, 4, '?', 1), (1, 5, '?', 1), (5, 4, '?', 2), (1, 4, '?', 2), (5, 4, '?', 2), (1, 4, 1, 1), (5, 4, '?', 2), (5, 4, '?', 2), (5, 5, '?', 1), (1, 4, 5, 1), (1, 4, 5, 1), (5, 5, '?', 1), (1, 4, '?', 1), (1, 4, '?', 2), (1, 4, 1, 1), (1, 5, '?', 1), (1, 4, '?', 2), (1, 4, 1, 1), (1, 4, '?', 1), (1, 4, '?', 2), (1, 4, '?', 2)]"
"(12, 25, 17, 17, 0)","[(5, 4, '?', '?'), (1, 4, '?', '?'), (1, 4, 5, '?'), (5, 4, '?', '?'), (1, 4, '?', '?'), (1, 4, '?', '?'), (1, 4, '?', '?'), (5, 5, '?', '?'), (5, 4, '?', '?'), (5, 4, '?', '?'), (5, 4, 5, '?'), (5, 4, '?', '?'), (1, 4, '?', '?'), (5, 4, '?', '?'), (5, 5, '?', '?'), (1, 4, '?', '?'), (1, 5, '?', '?')]"
"(12, 25, 17, 19, 0)","[(5, 3, '?', 2), (5, 3, '?', 1), (1, 3, '?', 1), (5, 3, '?', 1), (5, 3, '?', 2), (1, 3, '?', 1), (1, 3, '?', 2), (1, 3, '?', 1), (1, 3, '?', 2), (5, 3, '?', 1), (5, 3, '?', 2), (1, 3, '?', 1), (5, 3, '?', 2), (1, 3, '?', 1)]"
"(12, 25, 17, 26, 0)","[(5, 7, '?', '?'), (1, 2, '?', '?'), (5, 2, '?', '?'), (1, 2, '?', '?'), (5, 2, '?', '?')]"
"(12, 25, 18, 1, 0)","[(0, 0, '?', 2), (0, 1, '?', 2), (0, 0, '?', 2), (0, 1, '?', 2)]"
"(12, 25, 18, 3, 0)","[(0, '?', '?', 1), (0, 3, '?', 1), (0, 3, '?', 1), (0, 3, 7, 2)]"
"(12, 25, 18, 5, 0)","[(0, 1, '?', 2), (0, 0, '?', 2), (0, 0, '?', 2), (0, 0, '?', 2), (0, 0, '?', 2)]"
"(12, 25, 18, 6, 0)","[(0, 7, '?', 2), (0, 2, '?', 2), (0, 2, '?', 2), (0, 7, '?', 2), (0, 2, '?', 2), (0, 2, '?', 1), (0, 2, '?', 2), (0, 7, '?', 1), (0, 2, '?', 2), (0, 7, '?', 1), (0, 7, '?', 2), (0, 2, '?', 1), (0, 2, '?', 1), (0, 7, '?', 1), (0, 7, '?', 1)]"
"(12, 25, 18, 11, 0)","[(0, 4, '?', 2), (0, '?', '?', 1), (0, 0, '?', 1), (0, 0, '?', 1)]"
"(12, 25, 18, 12, 0)","[(0, 0, '?', 1), (0, 0, '?', '?'), (0, 0, '?', 1), (0, 0, 2, 2), (0, '?', '?', 1)]"
"(12, 25, 18, 15, 0)","[(0, 0, '?', 1), (0, 0, '?', 2), (0, '?', 7, 2), (0, '?', 7, 2), (0, 0, '?', 2), (0, '?', '?', 1), (0, 4, '?', 2), (0, 0, 7, 2), (0, 0, '?', 1)]"
"(12, 25, 18, 16, 0)","[(0, 4, '?', 2), (0, 4, '?', 2), (0, 4, '?', 2), (7, 4, 5, 1), (0, 4, '?', 2)]"
"(12, 25, 18, 19, 0)","[(0, 3, '?', 1), (0, 3, '?', 1), (0, '?', '?', 1), (0, 3, '?', 1)]"
"(12, 25, 18, 20, 0)","[(0, 3, 7, 2), (0, 0, 7, 2), (0, 4, '?', 2)]"
"(12, 25, 18, 22, 0)","[(0, 3, '?', 1), (0, 3, '?', 1)]"
"(12, 25, 18, 24, 0)","[(0, 6, '?', 2), (0, 6, '?', 2), (0, 1, '?', 2), (0, 0, '?', 1), (0, 1, '?', 2)]"
"(12, 25, 18, 25, 0)","[(0, '?', '?', 1), (0, '?', '?', 1)]"
"(12, 25, 18, 26, 0)","[(0, 7, '?', 2), (0, 7, '?', 2), (0, 2, '?', 2), (0, 7, '?', 2), (0, 2, '?', 2), (0, 7, '?', 2), (0, 7, '?', 1), (0, 2, '?', 1), (0, 7, '?', 2), (0, 7, '?', 1), (0, 7, '?', 1)]"
"(12, 25, 20, 1, 0)","[(2, 0, '?', 1)]"
"(12, 25, 20, 11, 0)","[(2, 0, '?', 2), (2, 0, '?', 1), (2, 0, '?', 1)]"
"(12, 25, 20, 24, 0)","[('?', 1, '?', '?')]"
"(12, 25, 21, 1, 0)","[(5, 6, '?', 1), ('?', 6, '?', 2), (5, 6, '?', 2), ('?', 6, '?', 1), (5, 6, '?', 1), (5, 6, '?', 2), (5, 6, '?', 2), (5, 6, '?', 2)]"
"(12, 25, 21, 2, 0)","[(3, 6, '?', '?'), (3, 6, '?', 1), (3, 6, '?', 2), (3, 6, '?', '?')]"
"(12, 25, 21, 7, 0)","[(0, 6, '?', '?')]"
"(12, 25, 21, 10, 0)","[(5, 6, '?', 2), (1, 6, '?', '?'), (1, 6, '?', 5), (5, 6, '?', 2), (5, 6, '?', '?'), (1, 6, '?', '?'), (1, 6, '?', '?'), (1, 6, '?', 1)]"
"(12, 25, 21, 11, 0)","[(5, 6, '?', 2), ('?', 6, '?', 2), (5, 6, '?', 2), (5, 6, '?', 1)]"
"(12, 25, 21, 16, 0)","[(3, 6, '?', 2), (3, 6, '?', 1)]"
"(12, 25, 21, 17, 0)","[(5, 6, '?', '?'), (5, 6, '?', '?')]"
"(12, 25, 25, 2, 0)","[(3, 1, '?', '?'), (3, 0, '?', '?'), (3, 0, '?', '?'), (3, 4, '?', '?'), (3, 4, '?', '?'), (3, 0, '?', '?'), (3, 1, '?', '?'), (3, 0, '?', '?')]"
"(12, 25, 25, 3, 0)","[('?', 3, '?', '?'), ('?', 3, '?', '?'), ('?', 3, 5, 6), ('?', 3, '?', '?'), ('?', 3, '?', '?'), ('?', 3, '?', '?'), ('?', 3, '?', '?')]"
"(12, 25, 25, 4, 0)","[('?', 4, '?', '?'), ('?', 4, '?', '?')]"
"(12, 25, 25, 5, 0)","[('?', 0, '?', '?'), ('?', 1, '?', '?'), (7, 0, 5, 6), ('?', 1, '?', '?'), (7, 0, 5, 6), ('?', 0, '?', '?'), ('?', 0, '?', '?'), ('?', 0, '?', 6), ('?', 1, '?', '?'), ('?', 0, '?', '?'), ('?', 0, '?', '?'), ('?', 1, '?', '?'), ('?', 0, '?', '?'), ('?', 1, '?', '?')]"
"(12, 25, 25, 9, 0)","[('?', 4, '?', '?'), ('?', 4, '?', '?'), ('?', 4, '?', 7)]"
"(12, 25, 25, 12, 0)","[('?', 4, '?', 6)]"
"(12, 25, 25, 14, 0)","[(3, 1, '?', '?'), (3, 1, '?', 6), (3, 1, '?', '?'), (3, 1, '?', '?'), (3, 0, '?', 6), (3, 0, '?', '?'), (3, 1, '?', '?'), (3, 1, '?', '?'), (3, 0, '?', '?'), (3, 1, '?', '?')]"
"(12, 25, 25, 16, 0)","[(3, 4, '?', '?')]"
"(12, 25, 25, 22, 0)","[(3, 3, '?', '?'), (3, 3, 7, '?')]"
"(12, 25, 25, 23, 0)","[(3, 3, '?', '?'), (3, 3, '?', '?'), (3, 3, '?', '?'), (3, 3, '?', '?'), (3, 3, '?', '?'), (3, 3, '?', '?'), (3, 3, '?', '?')]"
"(12, 25, 25, 24, 0)","[('?', 0, '?', 6), ('?', 1, '?', '?'), ('?', 0, '?', '?')]"
"(12, 25, 25, 25, 0)","[('?', 0, '?', '?'), (5, '?', '?', '?')]"
"(12, 25, 25, 26, 0)","[('?', 7, '?', '?')]"
"(12, 25, 26, 2, 0)","[(3, 2, '?', '?'), (3, 2, 7, 4), (3, 2, '?', '?'), (3, 7, '?', '?'), (3, 2, '?', '?'), (3, 2, '?', '?'), (3, 7, '?', '?'), (3, 7, '?', '?'), (3, 7, '?', '?'), (3, 2, '?', '?'), (3, 2, '?', '?'), (3, 2, '?', '?'), (3, 2, '?', '?'), (3, 2, '?', '?'), (3, 7, '?', '?')]"
"(12, 25, 26, 6, 0)","[('?', 7, '?', 1)]"
"(12, 25, 26, 7, 0)","[(0, 7, '?', '?')]"
"(12, 25, 26, 10, 0)","[(1, 7, 5, '?'), (5, 2, 5, '?'), (1, 2, 1, '?')]"
"(12, 25, 26, 11, 0)","[(4, 7, 7, 2)]"
"(12, 25, 26, 25, 0)","[('?', 2, '?', '?'), ('?', 2, '?', '?'), (5, 7, '?', '?'), ('?', 2, '?', '?'), (5, 7, '?', '?'), (5, 7, '?', '?'), ('?', 7, '?', '?'), ('?', 2, '?', '?'), ('?', 2, '?', '?'), ('?', 7, '?', '?'), ('?', 7, '?', '?'), ('?', 2, '?', '?'), ('?', 7, '?', '?'), (5, 7, '?', '?'), ('?', 7, '?', '?'), ('?', 2, '?', '?'), ('?', 7, '?', '?'), ('?', 7, '?', '?')]"
"(12, 25, 26, 26, 0)","[('?', 7, '?', '?')]"
"(12, 25, 27, 11, 0)","[(0, 6, 7, 2), (0, 5, 7, 1)]"
"(12, 25, 27, 25, 0)","[(0, 6, 5, 6)]"
"(12, 26, 2, 4, 0)","[(4, 7, 6, '?'), (4, 7, 4, '?'), (4, 2, 6, '?')]"
"(12, 26, 2, 6, 0)","[(4, 7, 6, 2), (4, 2, 4, 1)]"
"(12, 26, 2, 11, 0)","[(4, 2, 6, 1), (4, 2, 6, 1), (4, 7, 4, 2), (4, 7, 6, 1)]"
"(12, 26, 2, 13, 0)","[(4, 7, 7, 6)]"
"(12, 26, 2, 15, 0)","[(4, 2, 7, '?')]"
"(12, 26, 2, 16, 0)","[(4, 2, 6, 1), (4, 7, 6, 2), (4, 7, 6, 2)]"
"(12, 26, 2, 17, 0)","[(4, 2, 6, '?'), (4, 7, 6, 2), (4, 7, 6, '?'), (4, 7, 6, '?')]"
"(12, 26, 4, 2, 0)","[(3, 2, 6, 1), (3, 2, 6, '?'), (3, 7, 4, '?'), (3, 2, 4, 1), (3, 7, 4, 1), (3, 7, 6, 1), (3, 2, 6, 2), (3, 2, 6, '?'), (3, 7, 4, 1), (3, 7, 4, 2), (3, 2, 6, '?'), (3, 2, 4, '?'), (3, 2, 6, '?'), (3, 2, 4, '?')]"
"(12, 26, 4, 4, 0)","[(2, 7, 4, '?')]"
"(12, 26, 4, 7, 0)","[(0, 7, 6, '?')]"
"(12, 26, 4, 11, 0)","[('?', 2, 6, 2), (0, 2, 6, 1), (4, 7, 6, 1), ('?', 7, 4, 1), ('?', 7, 6, 1), ('?', 7, 6, 1), ('?', 2, 4, 2), ('?', 7, 6, 1), ('?', 2, 4, 1), ('?', 2, 6, 1), ('?', 7, 4, 1), (5, 7, 4, 2), ('?', 2, 6, 1), (5, 7, 4, 2), ('?', 2, 6, 1), ('?', 7, 4, 1), ('?', 7, 4, 1), ('?', 7, 4, 1)]"
"(12, 26, 4, 12, 0)","[('?', 7, 4, '?'), ('?', 2, 6, '?'), ('?', 2, 6, '?'), ('?', 7, 6, 2)]"
"(12, 26, 4, 16, 0)","[(3, 7, 4, 1), (3, 2, 6, 1), (3, 7, 4, 2), (3, 2, 6, 2), (4, 7, 6, 1), (3, 2, 6, 1), (3, 7, 6, 2), (3, 7, 4, 1), (3, 7, 4, 2), (3, 2, 6, 2), (3, 2, 4, 1), (3, 2, 6, 2), (3, 2, 6, 2)]"
"(12, 26, 4, 18, 0)","[(0, 2, 6, 1), (0, 2, 4, 1)]"
"(12, 26, 7, 6, 0)","[(0, 7, 4, 1)]"
"(12, 26, 7, 10, 0)","[(0, 7, 6, '?')]"
"(12, 26, 7, 11, 0)","[(0, 2, 4, 2), (0, 7, 4, 2), (0, 7, 4, 1), (0, 7, 4, 1), (0, 2, 4, 1), (0, 2, 4, 2), (0, 2, 6, 1), (0, 7, 6, '?'), (0, 2, 4, 2)]"
"(12, 26, 7, 17, 0)","[(0, 7, 4, '?'), (0, 7, 6, '?')]"
"(12, 26, 12, 2, 0)","[(3, 2, 4, '?'), (3, 7, 4, 2), (3, 7, 4, '?'), (3, 2, 4, '?'), (3, 2, 6, '?'), (3, 2, 6, '?'), (3, 7, 4, '?'), (3, 7, 4, '?'), (3, 7, 4, '?')]"
"(12, 26, 12, 4, 0)","[(2, 2, 4, '?')]"
"(12, 26, 12, 11, 0)","[('?', 7, 6, 2), ('?', 7, 6, 1)]"
"(12, 26, 12, 16, 0)","[(3, 7, 4, 2)]"
"(12, 26, 12, 26, 0)","[('?', 7, 4, '?')]"
"(12, 26, 13, 2, 0)","[(3, 7, 7, '?'), (3, 2, 2, '?'), (3, 7, 7, 3), (3, 7, 7, 4), (3, 7, 2, 4), (3, 7, 7, 4), (3, 7, 2, '?'), (3, 6, 2, '?'), (3, 7, 7, '?'), (4, 2, 7, 6), (3, 7, 7, '?'), (3, 7, 2, '?'), (3, 2, 7, '?')]"
"(12, 26, 13, 6, 0)","[(3, 7, 7, 2)]"
"(12, 26, 13, 11, 0)","[('?', 7, 2, 2)]"
"(12, 26, 13, 16, 0)","[(3, 2, 7, 1), (3, 2, 7, 1), (3, 7, 7, 2), (3, 2, 2, 2), (3, 2, 2, 1), (3, 7, 7, 2), (3, 7, 7, 2)]"
"(12, 26, 13, 17, 0)","[(1, 7, 2, '?'), (1, 2, 7, '?')]"
"(12, 26, 17, 11, 0)","[(1, 7, 4, 2), (1, 7, 4, 2)]"
"(12, 26, 17, 12, 0)","[(5, 7, 4, '?'), (1, 2, 4, '?')]"
"(12, 26, 17, 16, 0)","[(1, 2, 6, 2)]"
"(12, 26, 17, 17, 0)","[(1, 2, 1, '?'), (1, 2, 6, '?')]"
"(12, 26, 18, 16, 0)","[(0, 2, 2, 1)]"
"(12, 26, 27, 11, 0)","[(0, 7, 2, 2)]"
"(12, 26, 27, 13, 0)","[(0, 7, 7, 6)]"
"(12, 26, 27, 16, 0)","[(0, 2, 2, 2)]"
"(12, 26, 27, 25, 0)","[(0, 2, 2, 6), (0, 7, 7, '?')]"
"(13, 1, 2, 9, 0)","[(4, 6, 1, 4), (4, 6, 1, 3), (4, 6, 1, 4), (4, 6, 1, 3), (4, 6, 1, 4), (4, 6, 1, 4), (4, 6, 1, 4), (4, 6, 1, 3)]"
"(13, 1, 2, 13, 0)","[(4, 6, 5, 4), (4, 6, 5, 4), (4, 6, 5, 4)]"
"(13, 1, 4, 9, 0)","[('?', 6, 1, 3), (3, 6, 1, 3)]"
"(13, 1, 4, 12, 0)","[(3, 6, 1, 4)]"
"(13, 1, 10, 1, 0)","[(5, 6, 0, 3)]"
"(13, 1, 10, 9, 0)","[(5, 6, 1, 3), (1, 6, 1, 4), (5, 6, 1, 4), (1, 6, 1, 4), (1, 6, 1, 3), (5, 6, 1, 4), (1, 6, 1, 3), (1, 6, 1, 4), (1, 6, 1, 4), (1, 6, 1, 3), (5, 6, 1, 4), (5, 6, 1, 3)]"
"(13, 1, 10, 11, 0)","[(5, 6, 3, 4), (1, 6, 3, 4), (5, 6, 0, 3), (5, 6, 0, 4), (5, 6, 0, 4), (1, 6, 3, 3), (5, 6, 0, 3), (1, 6, 3, 4), (5, 6, 0, 3), (1, 6, 3, 4), (5, 6, 3, 4), (5, 6, 0, 4), (5, 6, 0, 3), (5, 6, 0, 4), (5, 6, 3, 4), (5, 6, 0, 3), (1, 6, 3, 4), (5, 6, 0, 4), (1, 6, 3, 4)]"
"(13, 1, 10, 13, 0)","[(1, 6, 5, 4)]"
"(13, 1, 10, 17, 0)","[(1, 6, '?', 4)]"
"(13, 1, 11, 2, 0)","[(3, 6, 0, 3), (3, 6, 0, 3), (3, 6, 0, 3), (3, 6, 3, 3), (3, 6, 3, 3), (3, 6, 3, 3), (3, 6, 0, 3), (3, 6, 0, 3), (3, 6, 3, 3), (3, 6, 3, 3), (3, 6, 0, 3), (3, 6, 3, 3)]"
"(13, 1, 11, 4, 0)","[('?', 6, 3, 3)]"
"(13, 1, 11, 10, 0)","[(1, 6, 3, 3)]"
"(13, 1, 11, 12, 0)","[('?', 6, 3, 4), ('?', 6, 0, 4), ('?', 6, 0, 4), ('?', 6, 0, 3), ('?', 6, 0, 4), ('?', 6, 0, 3), ('?', 6, 3, 4), ('?', 6, 0, 3)]"
"(13, 1, 11, 17, 0)","[(1, 6, 3, 3)]"
"(13, 1, 11, 25, 0)","[('?', 6, 3, 4), ('?', 6, 0, 3), ('?', 6, 3, 4), ('?', 6, 0, 4), ('?', 6, 3, 4), ('?', 6, 0, 4), ('?', 6, 0, 4), ('?', 6, 0, 3), ('?', 6, 3, 4), (0, 6, 3, 3), ('?', 6, 3, 3), ('?', 6, 3, 4), ('?', 6, 3, 4), ('?', 6, 0, 4)]"
"(13, 1, 12, 2, 0)","[(3, 6, 1, 3)]"
"(13, 1, 12, 9, 0)","[('?', 6, 1, 4), ('?', 6, 1, 4), ('?', 6, 1, 4), ('?', 6, 1, 4), (3, 6, 1, 3)]"
"(13, 1, 13, 2, 0)","[(3, 6, 5, 4), (3, 6, 5, 4), (3, 6, 5, 3)]"
"(13, 1, 13, 9, 0)","[('?', 6, 5, 3), ('?', 6, 5, 3), ('?', 6, 5, 3), ('?', 6, 5, 3), ('?', 6, 5, 3), (5, 6, 5, 3)]"
"(13, 1, 13, 13, 0)","[(5, 6, 5, 3)]"
"(13, 1, 13, 16, 0)","[(3, 6, 5, 3), (3, 6, 5, 4), (3, 6, 5, 4), (3, 6, 5, 4)]"
"(13, 1, 13, 17, 0)","[(5, 6, 5, 3), (5, 6, 5, 4)]"
"(13, 1, 13, 25, 0)","[('?', 6, 5, 3), (1, 6, 5, 4)]"
"(13, 1, 15, 9, 0)","[(4, 6, 1, 3), (4, 6, 1, 4), (4, 6, 1, 4), (4, 6, 1, 3), (4, 6, 1, 3)]"
"(13, 1, 15, 16, 0)","[(4, 6, 3, 3), (4, 6, 0, 4), (4, 6, 0, 4)]"
"(13, 1, 16, 16, 0)","[(4, 6, 0, 4), (4, 6, 3, 3), (4, 6, 0, 4), (4, 6, 3, 4), (4, 6, 3, 4), (4, 6, 0, 4), (4, 6, 3, 3), (4, 6, 3, 4), (4, 6, 3, '?'), (4, 6, 0, 4), (4, 6, 0, 4)]"
"(13, 1, 17, 1, 0)","[(5, 6, 0, 3), (5, 6, 0, 4)]"
"(13, 1, 17, 9, 0)","[(1, 6, 1, 4), (5, 6, 1, 4), (5, 6, 1, 4), (1, 6, 1, 3), (1, 6, 1, 3)]"
"(13, 1, 17, 11, 0)","[(1, 6, 3, 4), (5, 6, 3, 4), (5, 6, 0, 4), (5, 6, 3, 4), (5, 6, 3, 4), (1, 6, 0, '?'), (1, 6, 3, 3)]"
"(13, 1, 17, 12, 0)","[(1, 6, 1, 3), (1, 6, 1, 3), (5, 6, 1, 4), (5, 6, 1, 3), (5, 6, 1, 4), (1, 6, 1, 3), (1, 6, 1, 4), (1, 6, 1, 4), (5, 6, 1, 3)]"
"(13, 1, 17, 13, 0)","[(1, 6, 5, 3), (5, 6, 5, 3), (5, 6, 5, 4), (5, 6, 5, 3), (1, 6, 5, 4), (1, 6, 5, 3)]"
"(13, 1, 17, 16, 0)","[(1, 6, 3, 3), (1, 6, 3, 3)]"
"(13, 1, 18, 11, 0)","[(0, 6, 3, 3), (0, 6, 0, 3), (0, 6, 0, 3), (0, 6, 0, 4), (0, 6, 0, 3), (0, 6, 3, 3), (0, 6, 0, 3)]"
"(13, 1, 18, 15, 0)","[(0, 6, 3, 4)]"
"(13, 1, 18, 16, 0)","[(0, 6, 3, 3)]"
"(13, 1, 18, 18, 0)","[(0, 6, 0, 3), (0, 6, 0, '?')]"
"(13, 1, 18, 24, 0)","[(0, 6, 3, 4), (0, 6, 3, 3)]"
"(13, 1, 20, 9, 0)","[(2, 6, 1, 4), (2, 6, 1, 4)]"
"(13, 1, 21, 9, 0)","[('?', 6, 1, 4), ('?', 6, 1, 3)]"
"(13, 1, 25, 11, 0)","[('?', 6, 0, 4)]"
"(13, 1, 25, 13, 0)","[('?', 6, 5, 3)]"
"(13, 1, 27, 9, 0)","[(0, 6, 5, 4), (0, 6, 5, 3)]"
"(13, 1, 27, 13, 0)","[(0, 6, 5, 3)]"
"(13, 2, 3, 13, 0)","[(6, 5, 7, 3), (6, 5, 2, 4), (6, 5, 2, 3), (6, 5, 7, 4), (6, 5, 2, 4), (6, 5, 2, 4), (6, 5, 7, 3), (6, 5, 2, 3)]"
"(13, 2, 9, 3, 0)","[(6, 3, 1, 4), (6, 3, 1, 3), (6, 3, 1, 3)]"
"(13, 2, 9, 13, 0)","[(6, 0, 5, 3)]"
"(13, 2, 10, 3, 0)","[(6, 3, 4, 4)]"
"(13, 2, 10, 5, 0)","[(6, 0, 4, 3), (6, 0, 6, 3), (6, 1, 4, 4), (6, 0, 6, 4), (6, 1, 6, 3)]"
"(13, 2, 10, 10, 0)","[(6, '?', 6, 3), (6, '?', 6, 4), (6, 3, 4, 4), (6, 0, 4, 3), (6, 0, 4, 3), (6, 2, 6, 3), (6, '?', 4, 4), (6, 3, 4, 3), (6, 5, 4, 4), (6, 3, 4, 4), (6, 5, 4, 3), (6, 3, 4, 4), (6, 2, 6, 3), (6, 3, 4, 3), (6, 4, 4, 4), (6, 5, 6, 3), (6, 3, 4, 4), (6, 5, 4, 4), (6, '?', 6, 3), (6, 5, 6, 4), (6, '?', 6, 3), (6, '?', 6, 3)]"
"(13, 2, 10, 12, 0)","[(6, '?', 6, 4), (6, 3, 6, 3), (6, 5, 4, 4), (6, 7, 6, 3)]"
"(13, 2, 10, 17, 0)","[(6, 0, 4, 3), (6, 5, 4, 4)]"
"(13, 2, 10, 21, 0)","[(6, 6, 4, 3), (6, 6, 4, 3)]"
"(13, 2, 10, 23, 0)","[(6, 3, 4, 4), (6, 3, 4, 4)]"
"(13, 2, 10, 24, 0)","[(6, 1, 4, 4), (6, 0, 6, 4), (6, 1, 4, 4)]"
"(13, 2, 10, 26, 0)","[(6, 7, 4, 4), (6, 2, 4, 3), (6, 2, 4, 3), (6, 7, 4, 4), (6, 2, 4, 3), (6, 7, 4, 4)]"
"(13, 2, 13, 1, 0)","[(6, 1, 7, 3), (6, 1, 7, 3), (6, 1, 7, 3), (6, 6, 2, 3), (6, 0, 2, 4)]"
"(13, 2, 13, 3, 0)","[(6, 3, 2, 3), (6, 3, 2, 3)]"
"(13, 2, 13, 5, 0)","[(6, 0, 7, 4), (6, 0, 7, 3), (6, 1, 2, 4), (6, 0, 2, 4), (6, 0, 7, 4), (6, 1, 2, 3), (6, 0, 2, 4), (6, 1, 7, 3), (6, 1, 2, 3), (6, 0, 2, 3), (6, 1, 7, 3), (6, 1, 2, 3), (6, 1, 7, 3), (6, 1, 2, 3)]"
"(13, 2, 13, 6, 0)","[(6, 2, 2, 3), (6, 2, 7, 4), (6, 2, 7, 3), (6, 2, 2, 3), (6, 2, 2, 3)]"
"(13, 2, 13, 11, 0)","[(6, 4, 7, 4)]"
"(13, 2, 13, 13, 0)","[(6, 5, 7, 3), (6, '?', 2, 3), (6, 2, 2, 3), (6, '?', 7, 3), (6, '?', 2, 3), (6, 4, 2, 3), (6, 0, 2, 3), (6, '?', 7, 3), (6, 3, 7, 4), (6, '?', 7, 3), (6, 0, 7, 3), (6, 7, 2, 3), (6, '?', 7, 4), (6, 4, 2, 3), (6, 4, 2, 3), (6, 4, 2, 4), (6, '?', 7, 3), (6, 4, 2, 3)]"
"(13, 2, 13, 14, 0)","[(6, 1, 2, 4)]"
"(13, 2, 13, 16, 0)","[(6, 4, 2, 4), (6, 4, 2, 4), (6, 4, 2, 4), (6, 4, 2, 3)]"
"(13, 2, 13, 19, 0)","[(6, 3, 2, 3)]"
"(13, 2, 13, 21, 0)","[(6, 6, 7, 3)]"
"(13, 2, 13, 24, 0)","[(6, 6, 2, 3), (6, 6, 7, 3), (6, 6, 2, 3), (6, 1, 2, 3), (6, 6, 7, 4), (6, 1, 2, 4), (6, 1, 2, 4), (6, 0, 2, 3), (6, 0, 7, 3)]"
"(13, 2, 13, 25, 0)","[(6, 7, 2, 3), (6, 1, 2, 4), (6, 7, 2, 3), (6, 4, 2, 4), (6, 4, 7, 4), (6, 0, 2, 3), (6, 6, 2, 3), (6, 1, 2, 4), (6, 0, 7, 3), (6, 0, 7, 3), (6, 3, 7, 4), (6, 2, 2, 3), (6, 5, 7, 3), (6, '?', 2, 3), (6, '?', 2, 3)]"
"(13, 2, 13, 26, 0)","[(6, 2, 2, 3), (6, 2, 7, 3), (6, 7, 2, 4), (6, 7, 2, 3), (6, 7, 7, 4), (6, 7, 2, 4), (6, 7, 7, 4), (6, 2, 7, 4), (6, 7, 2, 4), (6, 2, 7, 3), (6, 7, 2, 4)]"
"(13, 2, 16, 2, 0)","[(6, 4, '?', 4)]"
"(13, 2, 17, 1, 0)","[(6, 1, 4, 3)]"
"(13, 2, 17, 2, 0)","[(6, 4, 4, 4), (6, 7, 6, 3)]"
"(13, 2, 17, 3, 0)","[(6, 3, 6, 3), (6, 3, 6, 4), (6, 3, 4, 3), (6, 3, 6, 3)]"
"(13, 2, 17, 4, 0)","[(6, 4, 6, 3)]"
"(13, 2, 17, 5, 0)","[(6, 0, 6, 3), (6, 1, 4, 3), (6, 0, 4, 3), (6, 1, 4, 4), (6, 1, 4, 3), (6, 0, 6, 3), (6, 0, 4, 3), (6, 0, 6, 4), (6, 1, 4, 3), (6, 1, 6, 3), (6, 1, 4, 4), (6, 0, 6, 3), (6, 1, 6, 3), (6, 1, 6, 3), (6, 1, 4, 4), (6, 1, 4, 3), (6, 0, 6, 4)]"
"(13, 2, 17, 9, 0)","[(6, 4, 4, 3)]"
"(13, 2, 17, 11, 0)","[(6, 4, 6, 3)]"
"(13, 2, 17, 12, 0)","[(6, 4, 6, 3), (6, 2, 6, 3), (6, 2, 6, 3), (6, 7, 6, 3), (6, '?', 4, 4), (6, '?', 6, 4), (6, 0, 4, 3), (6, 5, 6, 3), (6, 4, 6, 3), (6, '?', 6, 3)]"
"(13, 2, 17, 16, 0)","[(6, 4, 4, 4), (6, 4, 6, 3), (6, 5, 4, 3), (6, 4, 4, 3), (6, 4, 4, 3), (6, 4, 6, 3), (6, 4, 4, 3), (6, 4, 4, 3)]"
"(13, 2, 17, 17, 0)","[(6, 4, 4, 4), (6, 4, 4, 3), (6, 4, 4, 3), (6, 4, 6, 3)]"
"(13, 2, 17, 21, 0)","[(6, 6, 6, 4), (6, 6, 4, 3)]"
"(13, 2, 17, 26, 0)","[(6, 2, 4, 3), (6, 2, 4, 3)]"
"(13, 2, 21, 10, 0)","[(6, 6, 4, 3), (6, 6, 4, 3), (6, 6, 4, 4), (6, 6, 4, 3), (6, 6, 4, 4)]"
"(13, 2, 21, 13, 0)","[(6, 6, 7, 3), (6, 6, 7, 3), (6, 6, 7, 4)]"
"(13, 2, 21, 17, 0)","[(6, 6, 6, 4), (6, 6, 4, 3), (6, 6, 4, 4), (6, 6, 4, 3)]"
"(13, 2, 24, 10, 0)","[(6, 6, 4, 4), (6, 6, 6, 4), (6, 6, 6, 4), (6, 6, 4, 4), (6, 6, 4, 3), (6, 6, 4, 4), (6, 6, 4, 4)]"
"(13, 2, 24, 13, 0)","[(6, 6, 7, 4), (6, 6, 7, 3), (6, 6, 7, 4), (6, 6, 7, 4)]"
"(13, 2, 24, 24, 0)","[(6, 6, 7, 4)]"
"(13, 2, 25, 2, 0)","[(6, '?', '?', 4)]"
"(13, 2, 25, 3, 0)","[(6, 3, '?', 4), (6, 3, '?', 3), (6, 3, '?', 3)]"
"(13, 2, 25, 5, 0)","[(6, 1, '?', 4), (6, 1, '?', 3), (6, 1, '?', 3), (6, 1, '?', 4), (6, 0, '?', 4), (6, 0, '?', 4), (6, 1, '?', 3)]"
"(13, 2, 25, 13, 0)","[(6, '?', 7, 3)]"
"(13, 2, 25, 26, 0)","[(6, 2, '?', 3), (6, 2, '?', 4)]"
"(13, 2, 26, 10, 0)","[(6, 2, 4, 4), (6, 2, 4, 4)]"
"(13, 2, 26, 25, 0)","[(6, 2, '?', 3)]"
"(13, 4, 2, 4, 0)","[(4, 4, 4, 3), (4, 4, 4, 4), (4, 4, 6, 3), (4, 5, 6, 3), (4, 5, 4, 3), (4, 4, 4, 3), (4, 4, 6, 3), (4, 4, 4, 3)]"
"(13, 4, 2, 5, 0)","[(4, 1, 4, 3)]"
"(13, 4, 2, 16, 0)","[(4, 4, 4, 3), (4, 4, 4, 3), (4, 4, 6, 4), (4, 4, 6, 4)]"
"(13, 4, 2, 17, 0)","[(4, 4, 6, 4), (4, 4, 4, 3)]"
"(13, 4, 3, 2, 0)","[(3, 5, 6, 3), (3, 5, 6, 3)]"
"(13, 4, 3, 4, 0)","[('?', 5, 6, 3), ('?', 5, 6, 4)]"
"(13, 4, 3, 7, 0)","[(0, 5, 6, 3), (0, 5, 4, 4), (0, 5, 4, 4), (0, 5, 6, 3), (0, 5, 4, 4), (0, 5, 6, 3)]"
"(13, 4, 3, 12, 0)","[(0, 5, 6, 3)]"
"(13, 4, 4, 2, 0)","[(3, 4, 4, 3), (3, 5, 4, 3)]"
"(13, 4, 4, 4, 0)","[('?', 4, 6, 4), ('?', 4, 6, 3), (5, 4, 4, 3), (1, 4, 4, 3), ('?', 4, 6, 3), (5, 4, 4, 3), ('?', 4, 4, 3), ('?', 4, 6, 4), (5, 4, 4, 3)]"
"(13, 4, 4, 5, 0)","[('?', 0, 6, 3)]"
"(13, 4, 4, 9, 0)","[('?', 4, 6, 3), ('?', 4, 6, 3), ('?', 4, 4, 3), ('?', 4, 4, 3), ('?', 4, 4, 3), ('?', 4, 4, 3), ('?', 4, 6, 4), ('?', 4, 4, 4), (5, 4, 4, 4), ('?', 4, 4, 3), ('?', 4, 4, 3)]"
"(13, 4, 4, 14, 0)","[(3, 0, 4, 4)]"
"(13, 4, 4, 16, 0)","[(3, 4, 4, 3), (3, 4, 4, 3)]"
"(13, 4, 7, 5, 0)","[(0, 1, 6, 4), (0, 1, 6, 3), (0, 1, 6, 3), (0, 1, 4, 4), (0, 1, 4, 4), (0, 1, 6, 3)]"
"(13, 4, 7, 10, 0)","[(0, 5, 4, 3)]"
"(13, 4, 7, 16, 0)","[(0, 4, 4, 3), (0, 5, 4, 3), (0, 4, 4, 4), (0, 4, 4, 3), (0, 5, 4, 3), (0, 4, 6, 4), (0, 4, 6, 4), (0, 5, 6, 3), (0, 4, 4, 3), (0, 4, 4, 3), (0, 4, 6, 3), (0, 4, 4, 3), (0, 4, 6, 4), (0, 4, 4, 4), (0, 5, 4, 3), (0, 4, 4, 3), (0, 4, 6, 3)]"
"(13, 4, 7, 17, 0)","[(0, 4, 4, 3), (0, 4, 4, 3)]"
"(13, 4, 7, 21, 0)","[(0, 6, 6, 3)]"
"(13, 4, 21, 2, 0)","[(3, 6, 6, 3)]"
"(13, 4, 21, 7, 0)","[(0, 6, 6, 3)]"
"(13, 6, 2, 9, 0)","[(4, 7, 1, 3), (4, 2, 1, 3)]"
"(13, 6, 2, 13, 0)","[(4, 2, 5, 3), (4, 2, 5, 3), (4, 2, 5, 3)]"
"(13, 6, 2, 17, 0)","[(4, 7, 1, 3), (4, 7, 1, 3)]"
"(13, 6, 2, 26, 0)","[(4, 2, 1, 4), (4, 7, 1, 3), (4, 7, 1, 3), (4, 2, 1, 4), (4, 7, 1, 4), (4, 7, 1, 3), (4, 2, 1, 4), (4, 7, 1, 3), (4, 7, 1, 3), (4, 7, 1, 4), (4, 2, 1, 3)]"
"(13, 6, 4, 2, 0)","[(3, 7, 1, 3)]"
"(13, 6, 4, 4, 0)","[(3, 7, 1, 3), (4, 2, 1, 4)]"
"(13, 6, 4, 7, 0)","[(0, 2, 1, 3)]"
"(13, 6, 4, 9, 0)","[(6, 7, 1, 4), ('?', 2, 1, 3), (0, 2, 1, 3), (0, 2, 1, 3), (0, 2, 1, 3), ('?', 2, 1, 3), (3, 7, 1, 3), (0, 2, 1, 4), (0, 2, 1, 4)]"
"(13, 6, 4, 12, 0)","[('?', 2, 1, 3), ('?', 2, 1, 3), ('?', 7, 1, 3), (0, 2, 1, 4), (0, 2, 1, 4), (3, 7, 1, 3)]"
"(13, 6, 6, 2, 0)","[(3, 7, 3, 3), (3, 2, 3, 3), (3, 2, 0, 4), (3, 2, 0, 3), (3, 7, 3, 3), (3, 2, 3, 3), (3, 2, 0, 4), (3, 7, 0, 4), (3, 7, 0, 4), (3, 7, 0, 4), (3, 7, 3, 3)]"
"(13, 6, 6, 6, 0)","[('?', 7, 3, 3), ('?', 2, 0, 3)]"
"(13, 6, 6, 10, 0)","[(5, 2, 3, 4), (1, 2, 0, 4), (5, 2, 3, 3)]"
"(13, 6, 6, 16, 0)","[(3, 7, 3, 3), (3, 2, 0, 4), (3, 2, 3, 3), (3, 7, 3, 4), (3, 7, 3, 3), (3, 2, 3, 3), (3, 7, 3, 3), (3, 7, 3, 4), (3, 2, 3, 3)]"
"(13, 6, 6, 17, 0)","[(5, 2, 3, 4), (5, 2, 0, 3), (5, 7, 3, 4), (5, 7, 3, 3), (5, 2, 0, 3), (5, 2, 3, 3), (5, 7, 3, 4), (1, 2, 0, 3), (5, 2, 0, 3), (5, 2, 3, 4), (5, 7, 3, 3), (1, 2, 3, 3), (1, 7, 3, 3), (5, 2, 3, 3), (1, 7, 0, 4), (5, 2, 0, 3), (1, 7, 0, 4), (5, 7, 3, 4), (1, 2, 3, 3), (1, 2, 0, 3), (5, 7, 3, 4), (1, 2, 3, 3), (5, 7, 0, 3), (5, 7, 0, 4), (1, 2, 0, 3)]"
"(13, 6, 6, 25, 0)","[(5, 7, 3, 3)]"
"(13, 6, 7, 9, 0)","[(0, 7, 1, 3), (0, 7, 1, 3)]"
"(13, 6, 7, 26, 0)","[(0, 7, 1, 3), (0, 7, 1, 3)]"
"(13, 6, 10, 6, 0)","[(5, 2, 3, 4), (5, 2, 0, 3), (5, 7, 3, 4), (1, 2, 0, 3), (1, 2, 0, 4)]"
"(13, 6, 10, 9, 0)","[(5, 2, 1, 4), (1, 2, 1, 4), (5, 7, 1, 3), (5, 2, 1, 3), (1, 2, 1, 4), (5, 2, 1, 3), (5, 7, 1, 4), (5, 2, 1, 4), (5, 2, 1, 4), (1, 2, 1, 3), (1, 7, 1, 4), (1, 7, 1, 4), (5, 2, 1, 3), (1, 2, 1, 3), (1, 2, 1, 3), (5, 7, 1, 4), (1, 2, 1, 3), (5, 7, 1, 4), (1, 7, 1, 4), (1, 2, 1, 4), (1, 7, 1, 4), (5, 2, 1, 4), (1, 7, 1, 4)]"
"(13, 6, 10, 13, 0)","[(5, 2, 5, 3), (1, 2, 5, 3), (5, 7, 5, 3), (5, 2, 5, 3), (5, 2, 5, 3), (1, 2, 5, 3)]"
"(13, 6, 10, 26, 0)","[(1, 7, 1, 4)]"
"(13, 6, 11, 2, 0)","[(3, 2, 0, 4), (3, 2, 0, 4), (3, 7, 3, 4), (3, 7, 0, 4), (3, 2, 0, 4), (3, 2, 3, 4), (3, 7, 3, 4), (3, 2, 0, 4), (3, 2, 0, 3), (3, 2, 3, 3), (3, 2, 3, 4), (3, 7, 3, 3), (3, 2, 3, 3), (3, 7, 3, 4), (3, 2, 0, 3), (3, 2, 0, 3), (3, 2, 0, 3), (3, 2, 3, 4), (3, 7, 3, 3)]"
"(13, 6, 11, 6, 0)","[('?', 7, 3, 4), ('?', 7, 3, 3), (5, 7, 0, 4), ('?', 7, 3, 4), ('?', 7, 3, 3), ('?', 7, 3, 3)]"
"(13, 6, 11, 10, 0)","[(1, 2, 3, 3)]"
"(13, 6, 11, 11, 0)","[(5, 7, 0, 3)]"
"(13, 6, 11, 25, 0)","[('?', 2, 0, 3), ('?', 2, 0, 3)]"
"(13, 6, 12, 7, 0)","[(0, 7, 1, 3)]"
"(13, 6, 12, 9, 0)","[('?', 2, 1, 4), (0, 2, 1, 4), ('?', 7, 1, 4), ('?', 2, 1, 3), (0, 2, 1, 4), (3, 7, 1, 3), ('?', 2, 1, 4), (3, 7, 1, 4), ('?', 7, 1, 3), (3, 7, 1, 4), (0, 2, 1, 3), (3, 7, 1, 4), ('?', 7, 1, 4), ('?', 2, 1, 4), (3, 7, 1, 4), (3, 7, 1, 4), ('?', 2, 1, 3), (0, 7, 1, 3), (0, 2, 1, 4), ('?', 2, 1, 4), (3, 7, 1, 3), ('?', 7, 1, 3), ('?', 7, 1, 4), ('?', 2, 1, 4), (3, 7, 1, 4), (3, 7, 1, 3), ('?', 7, 1, 3), (3, 7, 1, 3), (0, 2, 1, 3), ('?', 7, 1, 4), (3, 7, 1, 4), ('?', 7, 1, 3), (0, 7, 1, 3), ('?', 7, 1, 3)]"
"(13, 6, 12, 10, 0)","[(1, 7, 1, 3), (5, 7, 1, 4), (1, 2, 1, 3)]"
"(13, 6, 12, 17, 0)","[(5, 7, 1, 3)]"
"(13, 6, 12, 26, 0)","[('?', 7, 1, 4), ('?', 7, 1, 3), ('?', 7, 1, 3), (5, 7, 1, 3), ('?', 2, 1, 4), (1, 7, 1, 3), ('?', 2, 1, 4), ('?', 2, 1, 3)]"
"(13, 6, 13, 2, 0)","[(3, 7, 5, 4), (3, 2, 5, 4), (3, 2, 5, 3), (3, 2, 5, 3), (3, 7, 5, 4), (3, 2, 5, 4), (3, 7, 5, 4), (3, 2, 5, 4), (3, 2, 5, 3), (3, 2, 5, 3), (3, 7, 5, 4), (3, 2, 5, 4), (3, 2, 5, 3), (3, 7, 5, 4), (3, 2, 5, 3), (3, 7, 5, 4), (3, 2, 5, 4)]"
"(13, 6, 13, 9, 0)","[('?', 7, 5, 4), (0, 2, 5, 4), (5, 7, 5, 3), ('?', 7, 5, 3), ('?', 7, 5, 3), ('?', 2, 5, 4), (2, 7, 5, 3), ('?', 7, 5, 4), (0, 2, 5, 3), ('?', 2, 5, 4), ('?', 7, 5, 3), (0, 2, 5, 3), ('?', 7, 5, 4), (5, 2, 5, 3), (5, 7, 5, 3), ('?', 7, 5, 4), ('?', 7, 5, 3), ('?', 2, 5, 4), ('?', 7, 5, 3), (0, 2, 5, 3), (5, 7, 5, 3), ('?', 7, 5, 4), (5, 2, 5, 3), ('?', 7, 5, 4), ('?', 7, 5, 4), (1, 2, 5, 3), ('?', 7, 5, 3), ('?', 7, 5, 3), ('?', 7, 5, 4), ('?', 7, 5, 3), ('?', 2, 5, 4), (0, 2, 5, 4), ('?', 7, 5, 3), (5, 7, 5, 4)]"
"(13, 6, 13, 10, 0)","[(5, 2, 5, 3), (5, 2, 5, 3), (5, 2, 5, 4), (1, 2, 5, 3), (5, 2, 5, 3), (5, 2, 5, 3), (1, 7, 5, 4), (1, 2, 5, 4), (1, 2, 5, 3), (1, 7, 5, 4)]"
"(13, 6, 13, 13, 0)","[(1, 2, 5, 3), ('?', 7, 5, 3)]"
"(13, 6, 13, 16, 0)","[(3, 2, 5, 4), (3, 2, 5, 3), (3, 2, 5, 3), (3, 2, 5, 3), (3, 2, 5, 3)]"
"(13, 6, 13, 17, 0)","[(5, 2, 5, 4), (1, 2, 5, 3), (5, 2, 5, 4), (5, 2, 5, 4), (5, 7, 5, 4), (1, 2, 5, 4)]"
"(13, 6, 13, 26, 0)","[(2, 7, 5, 3)]"
"(13, 6, 15, 9, 0)","[(4, 2, 1, 4)]"
"(13, 6, 15, 13, 0)","[(4, 2, 5, 3)]"
"(13, 6, 15, 26, 0)","[(4, 2, 1, 3), (4, 7, 1, 3), (4, 7, 1, 4), (4, 2, 1, 3), (4, 2, 1, 4), (4, 2, 1, 4), (4, 2, 1, 3), (4, 7, 1, 4), (4, 2, 1, 3), (4, 2, 1, 3)]"
"(13, 6, 16, 6, 0)","[(4, 7, 0, 4), (4, 2, 3, 3), (4, 2, 0, 3), (4, 7, 3, 3)]"
"(13, 6, 16, 16, 0)","[(4, 2, 3, 3), (4, 7, 3, 3), (4, 7, 0, 4), (4, 7, 3, 3), (4, 2, 3, 3), (4, 2, 3, 3)]"
"(13, 6, 17, 4, 0)","[(5, 2, 1, 3)]"
"(13, 6, 17, 6, 0)","[(1, 7, 3, 3), (1, 7, 3, 3)]"
"(13, 6, 17, 9, 0)","[(5, 7, 1, 3), (5, 7, 1, 3), (1, 2, 1, 3), (5, 7, 1, 3), (5, 7, 1, 3), (5, 2, 1, 3), (5, 2, 1, 4), (5, 2, 1, 3), (1, 7, 1, 4)]"
"(13, 6, 17, 13, 0)","[(5, 7, 5, 3), (5, 2, 5, 4), (5, 2, 5, 3), (5, 7, 5, 4), (1, 2, 5, 3), (5, 7, 5, 4), (5, 2, 5, 4), (1, 2, 5, 4), (1, 7, 5, 4)]"
"(13, 6, 17, 17, 0)","[(5, 2, 1, 4), (5, 2, 1, 3), (1, 2, 1, 3), (1, 2, 1, 3)]"
"(13, 6, 17, 26, 0)","[(1, 7, 1, 3), (5, 7, 1, 4), (5, 2, 1, 3), (1, 2, 1, 4), (5, 2, 1, 4)]"
"(13, 6, 18, 6, 0)","[(0, 2, 0, 3), (0, 2, 0, 3), (0, 2, 0, 4), (0, 7, 3, 3), (0, 7, 3, 3), (0, 2, 3, 4), (0, 2, 0, 4), (0, 7, 3, 4), (0, 7, 0, 3), (0, 2, 0, 4), (0, 2, 0, 3), (0, 7, 3, 3), (0, 2, 0, 3), (0, 2, 3, 4), (0, 7, 0, 3)]"
"(13, 6, 18, 16, 0)","[(0, 2, 0, 3), (0, 2, 3, 4), (0, 2, 3, 4)]"
"(13, 6, 25, 17, 0)","[(1, 2, '?', 3)]"
"(13, 6, 27, 9, 0)","[(0, 2, 5, 4), (0, 7, 5, 4), (0, 7, 5, 3), (0, 7, 5, 3), (0, 7, 5, 3), (0, 7, 5, 4), (0, 7, 5, 3)]"
"(13, 6, 27, 13, 0)","[(0, 7, 5, 4), (0, 7, 5, 3), (0, 2, 5, 4), (0, 7, 5, 4)]"
"(13, 6, 27, 25, 0)","[(0, 2, 5, 4)]"
"(13, 7, 3, 10, 0)","[(7, 5, 6, 3), (7, 5, 6, 4)]"
"(13, 7, 13, 13, 0)","[(7, 0, 2, 3), (7, 0, 2, 3)]"
"(13, 8, 4, 3, 0)","[(3, 5, 1, 3), (3, 5, 1, 4)]"
"(13, 8, 7, 17, 0)","[(0, 5, 1, 3), (0, 5, 1, 3)]"
"(13, 8, 8, 11, 0)","[(0, 5, 0, 3), ('?', 5, 3, 3)]"
"(13, 8, 10, 13, 0)","[(5, 5, 5, 4), (1, 5, 5, 3), (5, 5, 5, 4), (1, 5, 5, 4)]"
"(13, 8, 10, 17, 0)","[(5, 5, 1, 3)]"
"(13, 8, 11, 2, 0)","[(3, 5, 3, 3), (3, 5, 3, 3)]"
"(13, 8, 11, 3, 0)","[(3, 5, 0, 4), (3, 5, 0, 4)]"
"(13, 8, 11, 8, 0)","[(3, 5, 0, 4), ('?', 5, 3, 3)]"
"(13, 8, 11, 11, 0)","[('?', 5, 3, 4)]"
"(13, 8, 11, 12, 0)","[('?', 5, 0, 3)]"
"(13, 8, 11, 15, 0)","[(3, 5, 3, 4)]"
"(13, 8, 11, 17, 0)","[(5, 5, 3, 4), (5, 5, 3, 4)]"
"(13, 8, 11, 18, 0)","[(0, 5, 0, 3)]"
"(13, 8, 11, 22, 0)","[(3, 5, 3, 4), (3, 5, 0, 3), (3, 5, 3, 3), (3, 5, 3, 4), (3, 5, 0, 4), (3, 5, 0, 3), (3, 5, 3, 3), (3, 5, 0, 3), (3, 5, 0, 3), (3, 5, 0, 3), (3, 5, 3, 3), (3, 5, 3, 3), (3, 5, 0, 3), (3, 5, 0, 3), (3, 5, 0, 3)]"
"(13, 8, 11, 25, 0)","[('?', 5, 3, 3)]"
"(13, 8, 12, 2, 0)","[(3, 5, '?', 3)]"
"(13, 8, 12, 3, 0)","[(3, 5, 1, 4), (3, 5, 1, 4)]"
"(13, 8, 12, 4, 0)","[(3, 5, 1, 4), (3, 5, 1, 3)]"
"(13, 8, 12, 9, 0)","[('?', 5, 1, 3), (3, 5, 1, 3)]"
"(13, 8, 12, 12, 0)","[('?', 5, 1, 4)]"
"(13, 8, 12, 25, 0)","[('?', 5, 1, 4)]"
"(13, 8, 13, 9, 0)","[(7, 5, 5, 3), ('?', 5, 5, 3), (0, 5, 5, 3)]"
"(13, 8, 13, 13, 0)","[(7, 5, 5, 4), (3, 5, 5, 3)]"
"(13, 8, 13, 22, 0)","[(3, 5, 5, 3), (3, 5, 5, 3), (3, 5, 5, 3), (3, 5, 5, 3)]"
"(13, 8, 13, 25, 0)","[('?', 5, 5, 3), ('?', 5, 5, 3), ('?', 5, 5, 4), ('?', 5, 5, 3), ('?', 5, 5, 4)]"
"(13, 8, 17, 8, 0)","[(5, 5, 0, 4)]"
"(13, 8, 17, 13, 0)","[(1, 5, 5, 4), (5, 5, 5, 3), (5, 5, 5, 4), (1, 5, 5, 4), (5, 5, 5, 4), (5, 5, 5, 3), (1, 5, 5, 3), (1, 5, 5, 4), (1, 5, 5, 3)]"
"(13, 8, 17, 16, 0)","[(5, 5, 3, 4), (1, 5, 0, 3)]"
"(13, 8, 17, 17, 0)","[(5, 5, 1, 4)]"
"(13, 8, 18, 11, 0)","[(0, 5, 0, 4)]"
"(13, 8, 18, 16, 0)","[(0, 5, 3, 3), (0, 5, 0, 3), (0, 5, 3, 3), (0, 5, 0, 4)]"
"(13, 8, 18, 20, 0)","[(0, 5, 0, 3)]"
"(13, 8, 22, 13, 0)","[(4, 5, 5, 4)]"
"(13, 8, 25, 23, 0)","[(3, 5, 5, 3)]"
"(13, 8, 27, 13, 0)","[(0, 5, 5, 3), (0, 5, 5, 4), (0, 5, 5, 4), (0, 5, 5, 3)]"
"(13, 8, 27, 16, 0)","[(0, 5, 5, 3), (0, 5, 5, 3), (0, 5, 5, 4), (0, 5, 5, 4), (0, 5, 5, 4)]"
"(13, 8, 27, 25, 0)","[(0, 5, 5, 4)]"
"(13, 9, 2, 4, 0)","[(4, 4, 1, 3)]"
"(13, 9, 2, 9, 0)","[(4, 1, 1, 3), (4, 1, 1, 3)]"
"(13, 9, 2, 13, 0)","[(4, 5, 5, 3), (4, 0, 5, 3)]"
"(13, 9, 2, 14, 0)","[(4, 1, 5, 4), (4, 0, 5, 4), (4, 0, 5, 4), (4, 1, 5, 4), (4, 0, 5, 3)]"
"(13, 9, 2, 16, 0)","[(4, 5, 1, 3)]"
"(13, 9, 2, 17, 0)","[(4, 4, 1, 3)]"
"(13, 9, 2, 23, 0)","[(4, 3, 5, 3)]"
"(13, 9, 3, 2, 0)","[(3, 5, 5, 3)]"
"(13, 9, 3, 4, 0)","[('?', 5, 1, 3), ('?', 5, 1, 4), (0, 5, 1, 3)]"
"(13, 9, 3, 7, 0)","[(0, 5, 1, 4)]"
"(13, 9, 3, 12, 0)","[('?', 5, 1, 3), (0, 5, 1, 4), (2, 5, 1, 4), ('?', 5, 1, 3)]"
"(13, 9, 3, 13, 0)","[('?', 5, 5, 3), ('?', 5, 5, 4), (7, 5, 5, 4), (2, 5, 5, 3)]"
"(13, 9, 3, 27, 0)","[(0, 5, 5, 4), (0, 5, 5, 4)]"
"(13, 9, 4, 2, 0)","[(3, 0, 1, 4), (3, 0, 1, 3), (3, 0, 1, 3), (3, 4, 1, 3), (3, 0, 1, 3), (3, 1, 1, 3), (3, 0, 1, 3), (3, 4, 1, 4), (3, 4, 1, 3)]"
"(13, 9, 4, 3, 0)","[(0, 3, 1, 3), (3, 3, 1, 3)]"
"(13, 9, 4, 4, 0)","[('?', 4, 1, 3), (4, 4, 1, 3)]"
"(13, 9, 4, 5, 0)","[('?', 1, 1, 4), (0, 1, 1, 4), (0, 1, 1, 3)]"
"(13, 9, 4, 7, 0)","[(0, 4, 1, 3), (0, 4, 1, 4)]"
"(13, 9, 4, 9, 0)","[(0, 0, 1, 3), (0, 4, 1, 4), (0, 4, 1, 3)]"
"(13, 9, 4, 12, 0)","[('?', 4, 1, 3)]"
"(13, 9, 4, 16, 0)","[(3, 4, 1, 4), (3, 4, 1, 4)]"
"(13, 9, 4, 22, 0)","[(3, 3, 1, 3)]"
"(13, 9, 7, 2, 0)","[(0, 4, 1, 3)]"
"(13, 9, 7, 3, 0)","[(0, 3, 1, 4)]"
"(13, 9, 7, 7, 0)","[(0, 1, 1, 3)]"
"(13, 9, 7, 12, 0)","[(0, 0, 1, 4)]"
"(13, 9, 9, 12, 0)","[(4, 5, 1, 3)]"
"(13, 9, 10, 9, 0)","[(5, 2, 1, 3), (1, 0, 1, 4), (5, 5, 1, 3)]"
"(13, 9, 10, 13, 0)","[(1, 5, 5, 4), (1, '?', 5, 3), (5, '?', 5, 4), (5, 0, 5, 4)]"
"(13, 9, 10, 14, 0)","[(5, 0, 5, 3), (5, 1, 5, 3), (5, 0, 5, 4)]"
"(13, 9, 10, 23, 0)","[(5, 3, 5, 3)]"
"(13, 9, 11, 25, 0)","[(6, 3, 3, 3)]"
"(13, 9, 12, 2, 0)","[(3, 1, 1, 3), (3, 0, 1, 4), (3, 1, 1, 3), (3, 1, 1, 3), (3, 1, 1, 3), (3, 1, 1, 4), (3, '?', 1, 4), (3, 1, 1, 3), (3, 1, 1, 4), (3, 0, 1, 4), (3, '?', 1, 4), (3, '?', 1, 4), (3, 0, 1, 4), (3, 4, 1, 4), (3, 4, 1, 4)]"
"(13, 9, 12, 9, 0)","[(3, 0, 1, 4), (3, 4, 1, 3), (0, 1, 1, 3), ('?', 1, 1, 3), ('?', 1, 1, 4), ('?', '?', 1, 3), ('?', '?', 1, 3), ('?', 4, 1, 3), (0, 0, 1, 4), ('?', 1, 1, 3)]"
"(13, 9, 12, 12, 0)","[(0, 1, 1, 3), (0, 1, 1, 4), (0, 1, 1, 4)]"
"(13, 9, 12, 15, 0)","[(3, 3, 1, 3)]"
"(13, 9, 12, 16, 0)","[(3, 4, 5, 4)]"
"(13, 9, 12, 22, 0)","[(3, 3, 1, 4), (3, 3, 1, 4), (3, 3, 1, 3), (3, 3, 1, 3), (3, 3, 1, 4), (3, 3, 1, 3)]"
"(13, 9, 12, 23, 0)","[(3, 3, 1, 3)]"
"(13, 9, 12, 26, 0)","[(0, 2, 1, 3), (0, 2, 1, 4), ('?', 7, 1, 4), (0, 2, 1, 4)]"
"(13, 9, 13, 2, 0)","[(3, 0, 5, 4), (3, '?', 5, 4), (3, '?', 5, 3), (3, '?', 5, 4)]"
"(13, 9, 13, 3, 0)","[('?', 3, 5, 3), ('?', 3, 5, 3), (0, 3, 5, 3), ('?', 3, 5, 4), ('?', 3, 5, 3), ('?', 3, 5, 4)]"
"(13, 9, 13, 5, 0)","[('?', 1, 5, 4), ('?', 1, 5, 4), ('?', 1, 5, 3)]"
"(13, 9, 13, 9, 0)","[(0, 4, 5, 3)]"
"(13, 9, 13, 13, 0)","[('?', 4, 5, 3)]"
"(13, 9, 13, 14, 0)","[(3, 1, 5, 3), (3, 1, 5, 4), (3, 1, 5, 4), ('?', 1, 5, 3), (3, 1, 5, 3), (3, 1, 5, 3), (3, 1, 5, 4)]"
"(13, 9, 13, 15, 0)","[(3, '?', 5, 4), (3, '?', 5, 4), (3, '?', 5, 3)]"
"(13, 9, 13, 16, 0)","[(3, '?', 5, 3), (3, 4, 5, 3), (3, 4, 5, 3), (3, 4, 5, 4), (3, 4, 5, 3), (3, 4, 5, 3), (3, 4, 5, 3), (3, 4, 5, 3), (3, 4, 5, 3)]"
"(13, 9, 13, 17, 0)","[(1, 4, 5, 4)]"
"(13, 9, 13, 19, 0)","[(0, 3, 5, 3)]"
"(13, 9, 13, 23, 0)","[(3, 3, 5, 3), (3, 3, 5, 3), (3, 3, 5, 4), (3, 3, 5, 3), (3, 3, 5, 3), (3, 3, 5, 3)]"
"(13, 9, 13, 24, 0)","[('?', 0, 5, 3), (5, 1, 5, 3)]"
"(13, 9, 13, 25, 0)","[(2, '?', 5, 4), ('?', 0, 5, 3), (0, '?', 5, 3)]"
"(13, 9, 13, 26, 0)","[(0, 2, 5, 4)]"
"(13, 9, 15, 2, 0)","[(4, 1, 1, 3)]"
"(13, 9, 15, 4, 0)","[(4, 4, 1, 4), (4, 5, 1, 4), (4, 1, 1, 3)]"
"(13, 9, 15, 5, 0)","[(4, 1, 1, 4), (4, 1, 1, 4), (4, 1, 1, 4)]"
"(13, 9, 15, 9, 0)","[(4, 6, 1, 3), (4, 1, 1, 3), (4, '?', 1, 3), (4, 5, 1, 4), (4, 1, 1, 3), (4, 0, 1, 4)]"
"(13, 9, 15, 10, 0)","[(4, 1, 1, 4)]"
"(13, 9, 15, 12, 0)","[(4, 0, 1, 3), (4, 1, 1, 4), (4, 0, 1, 3), (4, '?', 1, 4), (4, 0, 1, 3), (4, 5, 1, 4)]"
"(13, 9, 15, 13, 0)","[(4, 0, 5, 3), (4, 3, 5, 4)]"
"(13, 9, 15, 14, 0)","[(4, 1, 5, 4), (4, 1, 5, 4), (4, 1, 5, 4), (4, 0, 5, 4)]"
"(13, 9, 15, 23, 0)","[(4, 3, 5, 4)]"
"(13, 9, 17, 10, 0)","[(1, 1, 1, 4)]"
"(13, 9, 17, 12, 0)","[(5, 1, 1, 3)]"
"(13, 9, 17, 13, 0)","[(5, '?', 5, 4), (1, 4, 5, 4), (5, '?', 5, 4)]"
"(13, 9, 17, 14, 0)","[(1, 1, 5, 3), (1, 1, 5, 4), (5, 0, 5, 4), (5, 1, 5, 3)]"
"(13, 9, 17, 17, 0)","[(1, 4, 1, 3)]"
"(13, 9, 17, 23, 0)","[(5, 3, 5, 3)]"
"(13, 9, 21, 2, 0)","[(3, 6, 1, 3), (3, 6, 1, 4), (3, 6, 5, 3), (3, 6, 1, 4), (3, 6, 5, 3), (3, 6, 1, 4), (3, 6, 1, 3), (3, 6, 1, 3), (3, 6, 1, 4), (3, 6, 1, 3), (3, 6, 1, 3), (3, 6, 1, 4), (3, 6, 1, 4)]"
"(13, 9, 21, 12, 0)","[('?', 6, 1, 3)]"
"(13, 9, 21, 23, 0)","[(3, 6, 5, 3), (3, 6, 5, 3), (3, 6, 5, 3)]"
"(13, 9, 26, 12, 0)","[(0, 2, 1, 3), (0, 2, 1, 3), (0, 7, 1, 3), (0, 2, 1, 3)]"
"(13, 9, 27, 1, 0)","[(0, 0, 5, 3)]"
"(13, 9, 27, 13, 0)","[(0, '?', 5, 3)]"
"(13, 9, 27, 14, 0)","[(0, 1, 5, 3), (0, 1, 5, 4), (0, 1, 5, 3), (0, 1, 5, 3)]"
"(13, 9, 27, 16, 0)","[(0, 4, 5, 4), (0, 4, 5, 3), (0, 4, 5, 4), (0, 4, 5, 3), (0, 4, 5, 3), (0, 4, 5, 4), (0, 4, 5, 3), (0, 4, 5, 4), (0, 4, 5, 3)]"
"(13, 9, 27, 24, 0)","[(0, 1, 5, 3)]"
"(13, 9, 27, 26, 0)","[(0, 2, 5, 3)]"
"(13, 9, 27, 27, 0)","[(0, 3, 5, 3), (0, '?', 5, 4), (0, 6, 5, 3)]"
"(13, 10, 3, 10, 0)","[(1, 5, 7, 4)]"
"(13, 10, 10, 3, 0)","[(1, 3, 6, 3), (1, 3, 6, 3), (1, 3, 6, 4), (1, 3, 4, 4), (5, 3, 6, 4), (5, 3, 4, 4), (1, 3, 6, 3), (1, 3, 6, 3), (5, 3, 6, 4), (1, 3, 4, 4), (1, 3, 6, 3), (1, 3, 6, 4), (1, 3, 6, 4), (1, 3, 6, 4), (1, 3, 6, 4), (1, 3, 4, 4), (5, 3, 6, 4), (1, 3, 4, 4)]"
"(13, 10, 10, 5, 0)","[(1, 1, 6, 4), (1, 1, 6, 4), (1, 1, 6, 4), (5, 1, 4, 4), (1, 1, 6, 3), (5, 0, 6, 3), (5, 1, 4, 4), (5, 0, 6, 3), (5, 1, 6, 4), (1, 1, 6, 3), (1, 0, 4, 4), (1, 0, 6, 4), (1, 1, 6, 3), (1, 1, 4, 4), (1, 1, 4, 3), (5, 1, 6, 4), (1, 1, 4, 3), (5, 0, 6, 4), (1, 1, 6, 4), (1, 1, 4, 4), (1, 1, 4, 4), (5, 1, 6, 3), (1, 1, 4, 4), (1, 0, 6, 4), (5, 0, 6, 4)]"
"(13, 10, 10, 10, 0)","[(5, '?', 6, 3), (5, '?', 6, 3), (1, 3, 4, 4), (1, '?', 4, 4), (1, 4, 6, 4), (5, 3, 6, 4), (1, 0, 4, 3), (1, 0, 6, 4), (5, 3, 6, 4), (5, '?', 6, 4), (1, 6, 4, 3), (1, 5, 6, 3), (1, 0, 4, 3), (1, 7, 6, 4), (1, '?', 4, 4), (5, '?', 6, 4), (1, '?', 4, 4), (5, '?', 6, 4), (1, '?', 6, 3), (5, 2, 6, 3), (1, '?', 6, 3), (1, '?', 6, 4), (5, 3, 4, 4), (5, 2, 6, 4), (1, '?', 6, 4), (1, '?', 6, 3)]"
"(13, 10, 10, 12, 0)","[(5, 3, 4, 4), (1, 4, 6, 4), (5, '?', 4, 4), (1, 2, 6, 4), (1, '?', 6, 4)]"
"(13, 10, 10, 17, 0)","[(1, 2, 6, 3), (1, 2, 6, 4), (1, 5, 4, 3), (5, '?', 4, 4)]"
"(13, 10, 10, 26, 0)","[(1, 7, 4, 4), (5, 7, 6, 4), (1, 7, 4, 4), (5, 2, 6, 3)]"
"(13, 10, 12, 5, 0)","[(5, 1, 4, 3)]"
"(13, 10, 12, 17, 0)","[(1, '?', 6, 3)]"
"(13, 10, 12, 26, 0)","[(1, 2, 6, 3)]"
"(13, 10, 13, 10, 0)","[(1, 4, 2, 4), (1, 0, 7, 3), (1, 6, 7, 3), (1, 0, 7, 3), (5, 0, 2, 4), (5, 0, 2, 4), (1, 5, 7, 3)]"
"(13, 10, 13, 24, 0)","[(5, 1, 2, 3)]"
"(13, 10, 17, 4, 0)","[(1, 4, 6, 4)]"
"(13, 10, 17, 5, 0)","[(5, 1, 6, 3), (5, 1, 6, 4), (5, 0, 6, 3)]"
"(13, 10, 17, 10, 0)","[(1, 4, 4, 4)]"
"(13, 10, 17, 12, 0)","[(1, 4, 4, 3), (1, 4, 4, 3), (5, '?', 4, 3), (5, 2, 6, 4), (5, 5, 6, 3)]"
"(13, 10, 17, 17, 0)","[(5, 5, 4, 3), (1, 4, 4, 4), (1, 5, 6, 4)]"
"(13, 10, 21, 10, 0)","[(5, 6, 6, 3), (5, 6, 6, 3), (1, 6, 4, 3), (1, 6, 6, 3), (1, 6, 4, 3), (1, 6, 4, 3), (1, 6, 6, 3), (1, 6, 4, 3), (1, 6, 6, 4)]"
"(13, 10, 21, 12, 0)","[(5, 6, 6, 3)]"
"(13, 10, 21, 17, 0)","[(5, 6, 6, 3), (1, 6, 4, 3)]"
"(13, 10, 26, 10, 0)","[(1, 7, 4, 4), (1, 7, 4, 4), (1, 7, 4, 4), (1, 7, 4, 3), (5, 2, 4, 3), (1, 2, 4, 3)]"
"(13, 10, 26, 17, 0)","[(5, 2, 6, 3), (5, 2, 6, 3)]"
"(13, 11, 1, 2, 0)","[(3, 6, 3, 3)]"
"(13, 11, 2, 4, 0)","[(4, 0, 1, 4), (4, '?', 1, 3), (4, 0, 1, 3)]"
"(13, 11, 2, 9, 0)","[(4, 0, 1, 4), (4, 4, 1, 4)]"
"(13, 11, 2, 12, 0)","[(4, 0, 1, 4)]"
"(13, 11, 2, 13, 0)","[(4, 5, 5, 4)]"
"(13, 11, 2, 14, 0)","[(4, 1, 5, 4)]"
"(13, 11, 2, 17, 0)","[(4, 4, 1, 3)]"
"(13, 11, 3, 11, 0)","[('?', 5, 0, 3)]"
"(13, 11, 3, 12, 0)","[('?', 5, 1, 3), ('?', 5, 1, 3)]"
"(13, 11, 3, 13, 0)","[(7, 5, 5, 3), (7, 5, 5, 3), ('?', 5, 5, 4)]"
"(13, 11, 4, 2, 0)","[(3, 4, 1, 4), (3, 4, 1, 4)]"
"(13, 11, 4, 3, 0)","[('?', 3, 1, 4)]"
"(13, 11, 4, 4, 0)","[(3, 4, 1, 3)]"
"(13, 11, 4, 9, 0)","[(0, 0, 1, 3), (0, 0, 1, 4)]"
"(13, 11, 4, 12, 0)","[(0, 4, 1, 3), (5, 4, 1, 3), ('?', 4, 1, 3), (3, 4, 1, 3), ('?', 4, 1, 3), ('?', 0, 1, 3), ('?', 5, 1, 3), ('?', 4, 1, 3), (0, 4, 1, 4), ('?', 4, 1, 3)]"
"(13, 11, 6, 2, 0)","[(3, 7, 3, 4), (3, 2, 3, 4)]"
"(13, 11, 6, 10, 0)","[(1, 2, 0, 4), (5, 2, 3, 4)]"
"(13, 11, 6, 11, 0)","[('?', 7, 3, 3), ('?', 7, 3, 3)]"
"(13, 11, 6, 12, 0)","[(5, 7, 0, 3), ('?', 2, 0, 3)]"
"(13, 11, 6, 15, 0)","[(3, 7, 3, 4), (3, 2, 0, 4)]"
"(13, 11, 6, 18, 0)","[(0, 2, 3, 4)]"
"(13, 11, 6, 25, 0)","[('?', 2, 0, 3), ('?', 2, 0, 3), (5, 7, 0, 3), (5, 7, 0, 3), ('?', 7, 3, 3), ('?', 2, 0, 3), ('?', 2, 0, 3), (5, 7, 3, 3), (5, 7, 0, 3), (5, 7, 0, 3)]"
"(13, 11, 7, 3, 0)","[(0, 3, 1, 3), (0, 3, 1, 4), (0, 3, 1, 3)]"
"(13, 11, 7, 27, 0)","[(0, '?', 5, 4)]"
"(13, 11, 8, 11, 0)","[('?', 5, 0, 3), ('?', 5, 0, 4), ('?', 5, 3, 4)]"
"(13, 11, 8, 12, 0)","[('?', 5, 0, 4)]"
"(13, 11, 8, 15, 0)","[(3, 5, 3, 4)]"
"(13, 11, 8, 20, 0)","[('?', 5, 0, 4)]"
"(13, 11, 8, 25, 0)","[('?', 5, 0, 4), ('?', 5, 0, 4), ('?', 5, 0, 3)]"
"(13, 11, 10, 1, 0)","[(1, 1, 3, 4), (5, 0, 0, 3), (1, 0, 3, 4), (5, 1, 3, 4), (5, 0, 3, 3), (1, 1, 3, 3), (1, 0, 0, 4), (1, 0, 0, 3), (5, 0, 0, 4), (5, 0, 0, 4), (5, 0, 3, 3), (5, 0, 3, 3), (5, 1, 3, 4), (5, 1, 0, 4), (5, 1, 0, 4), (5, 1, 3, 4), (1, 1, 3, 3), (1, 0, 0, 3), (1, 1, 3, 3), (1, 0, 0, 4), (1, 0, 3, 3), (5, 1, 0, 3), (5, 1, 0, 4), (1, 0, 3, 4), (1, 1, 3, 4), (5, 1, 3, 4), (1, 1, 3, 3), (1, 0, 3, 3), (5, 1, 0, 3), (5, 0, 0, 4), (1, 0, 0, 3), (5, 0, 0, 3), (5, 1, 0, 3), (1, 0, 0, 3), (5, 0, 0, 3), (5, 1, 0, 4), (5, 0, 3, 3), (5, 1, 0, 3), (5, 1, 0, 4), (1, 0, 0, 3), (1, 0, 3, 4), (5, 1, 0, 4), (5, 0, 3, 3), (1, 1, 3, 4), (1, 0, 0, 3), (5, 1, 0, 4), (1, 0, 0, 4), (1, 0, 3, 3), (1, 1, 3, 3), (1, 0, 3, 4), (1, 1, 3, 4), (5, 0, 3, 3), (1, 1, 3, 4), (5, 1, 3, 4), (1, 0, 3, 3)]"
"(13, 11, 10, 3, 0)","[(5, 3, 1, 4), (5, 3, 1, 4), (1, 3, 1, 4), (5, 3, 1, 4), (1, 3, 1, 4), (1, 3, 1, 4), (1, 3, 1, 4)]"
"(13, 11, 10, 4, 0)","[(1, 5, 1, 3)]"
"(13, 11, 10, 5, 0)","[(5, 1, 1, 4), (5, 1, 1, 4)]"
"(13, 11, 10, 6, 0)","[(1, 7, 0, 4), (5, 7, 0, 4), (1, 2, 0, 4), (1, 2, 0, 4), (1, 2, 0, 3), (5, 7, 0, 4), (5, 2, 0, 3), (5, 2, 3, 4), (5, 7, 3, 4), (5, 7, 3, 3), (5, 2, 3, 3), (1, 7, 3, 3), (1, 7, 3, 3), (1, 2, 0, 3), (5, 2, 3, 3), (1, 2, 3, 3), (1, 2, 0, 4), (5, 2, 3, 4), (1, 7, 0, 4), (1, 2, 3, 3), (1, 2, 0, 4)]"
"(13, 11, 10, 8, 0)","[(1, 3, 0, 4), (5, 3, 3, 4), (5, 3, 0, 4), (1, 3, 0, 4), (5, 3, 0, 3), (1, 3, 0, 4), (5, 3, 0, 4), (1, 3, 0, 3), (5, 3, 0, 4), (5, 3, 0, 4), (5, 3, 0, 3), (5, 3, 3, 3), (1, 3, 0, 4), (1, 3, 0, 3), (1, 3, 0, 3), (1, 3, 3, 4), (1, 3, 0, 4), (1, 3, 0, 4)]"
"(13, 11, 10, 9, 0)","[(5, '?', 1, 3), (5, 0, 1, 4), (5, '?', 1, 3), (1, '?', 1, 4), (5, 1, 1, 3), (5, 0, 1, 3), (5, '?', 1, 4), (1, 1, 1, 3), (1, '?', 1, 3), (1, 0, 1, 4), (1, '?', 1, 3), (5, '?', 1, 4), (5, '?', 1, 3), (5, '?', 1, 4), (1, 1, 1, 3), (1, 5, 1, 3), (1, '?', 1, 4), (5, '?', 1, 3), (5, 0, 1, 4), (1, '?', 1, 4), (1, '?', 1, 4), (1, 5, 1, 4), (5, 3, 1, 4), (5, 1, 1, 3), (1, 1, 1, 3), (1, '?', 1, 3), (5, 3, 1, 3), (5, '?', 1, 4), (1, '?', 1, 4), (5, 5, 1, 4), (5, 0, 1, 4), (5, 5, 1, 3), (5, 3, 1, 3), (1, '?', 1, 4), (5, 0, 1, 3), (5, 5, 1, 3), (1, 5, 1, 3)]"
"(13, 11, 10, 10, 0)","[(5, 0, 1, 4), (5, 1, 1, 3), (1, 0, 1, 4), (1, 1, 1, 4), (5, 5, 1, 4), (1, 5, 1, 4), (1, 0, 1, 4), (1, 1, 1, 4), (1, 5, 1, 4)]"
"(13, 11, 10, 11, 0)","[(1, 4, 3, 4), (1, 4, 0, 3), (1, '?', 0, 3), (5, 4, 0, 4), (5, 4, 3, 4), (5, 3, 0, 3), (1, '?', 0, 3), (1, 4, 0, 3), (5, 4, 3, 4), (1, 4, 3, 3), (1, '?', 0, 3), (5, 4, 0, 4), (1, '?', 3, 4), (5, '?', 0, 4), (1, '?', 3, 4), (5, 3, 3, 4), (5, '?', 0, 4), (5, '?', 0, 4), (5, 4, 0, 4), (5, 3, 3, 4), (1, '?', 0, 3), (1, 5, 3, 3), (1, 3, 3, 4), (1, 3, 3, 4), (1, 5, 0, 3), (5, '?', 0, 4), (1, '?', 3, 4), (5, '?', 0, 4), (1, 5, 3, 4), (5, '?', 0, 4), (5, '?', 0, 4), (5, 5, 0, 4), (1, 5, 0, 4), (1, '?', 0, 3), (1, '?', 3, 3), (1, '?', 3, 4), (5, 4, 3, 4), (1, '?', 3, 4), (1, '?', 3, 3), (5, 4, 3, 4), (1, 3, 3, 4), (1, '?', 3, 4), (1, '?', 0, 3), (1, 4, 3, 4), (5, 5, 0, 4), (5, 3, 0, 3), (5, 3, 3, 4), (5, 5, 3, 3), (5, 3, 3, 4), (5, 5, 3, 4), (1, 4, 3, 4), (5, 3, 3, 3), (5, 5, 0, 4), (5, 4, 3, 4), (5, 3, 3, 3), (5, 5, 0, 4), (5, 4, 3, 4), (1, 5, 0, 3), (5, 5, 3, 4), (1, 5, 0, 4), (1, '?', 3, 4), (5, 5, 0, 3), (1, '?', 3, 4), (1, '?', 3, 4), (1, 5, 3, 4), (5, 5, 0, 3), (5, 3, 3, 4), (5, 7, 0, 4), (1, 4, 3, 4), (1, 5, 3, 4), (5, 5, 0, 3), (1, '?', 3, 3)]"
"(13, 11, 10, 12, 0)","[(5, 0, 1, 4), (5, 0, 1, 3), (5, 0, 1, 3), (5, 0, 1, 3), (1, 1, 1, 4)]"
"(13, 11, 10, 13, 0)","[(1, '?', 5, 3), (5, '?', 5, 3), (5, 5, 5, 3), (5, 3, 5, 4), (1, '?', 5, 4), (5, 3, 5, 3), (1, 5, 5, 3), (5, '?', 5, 4), (5, 1, 5, 3), (5, '?', 5, 4), (5, 3, 5, 3), (5, '?', 5, 4), (5, '?', 5, 4), (1, 1, 5, 3), (1, 5, 5, 3), (1, '?', 5, 4), (5, '?', 5, 3), (1, '?', 5, 4), (1, 6, 5, 3), (5, 6, 5, 3), (5, '?', 5, 3), (1, '?', 5, 3), (5, '?', 5, 3), (1, '?', 5, 3), (1, '?', 5, 3), (5, '?', 5, 4), (5, 0, 5, 4), (5, 0, 5, 4), (1, 5, 5, 3), (1, '?', 5, 3), (5, 0, 5, 4), (5, 5, 5, 4), (5, 0, 5, 4), (5, 3, 5, 4), (1, '?', 5, 4), (5, 5, 5, 3), (1, 5, 5, 4), (1, '?', 5, 4), (1, 5, 5, 3), (5, '?', 5, 3), (1, 5, 5, 4), (1, '?', 5, 4)]"
"(13, 11, 10, 14, 0)","[(5, 1, 5, 4), (1, 1, 5, 3), (1, 1, 5, 3), (1, 0, 5, 4), (5, 1, 5, 3), (5, 1, 5, 3), (1, 1, 5, 3), (1, 0, 5, 4), (5, 1, 5, 4), (5, 0, 5, 4), (5, 0, 5, 3), (5, 0, 5, 3), (5, 1, 5, 4), (5, 0, 5, 4), (5, 0, 5, 3), (5, 0, 5, 3), (1, 1, 5, 3)]"
"(13, 11, 10, 16, 0)","[(1, 5, 3, 3)]"
"(13, 11, 10, 17, 0)","[(5, 0, 1, 4)]"
"(13, 11, 10, 19, 0)","[(5, 3, 0, 3), (5, 3, 0, 4), (1, 3, 0, 3), (5, 3, 3, 4), (1, 3, 3, 4), (1, 3, 0, 3), (5, 3, 0, 4), (1, 3, 0, 3), (1, 3, 0, 3), (5, 3, 3, 3), (5, 3, 3, 3)]"
"(13, 11, 10, 23, 0)","[(5, 3, 5, 3), (5, 3, 5, 3), (5, 3, 5, 4), (5, 3, 5, 3), (1, 3, 5, 3), (5, 3, 5, 4), (5, 3, 5, 4), (1, 3, 5, 3), (5, 3, 5, 4)]"
"(13, 11, 11, 1, 0)","[('?', 1, 3, 3)]"
"(13, 11, 11, 2, 0)","[(3, 4, 3, 3), (3, '?', 0, 4), (3, 4, 3, 3), (3, '?', 0, 3), (3, 4, 0, 4), (3, 4, 0, 4), (3, 4, 3, 3), (3, '?', 0, 3), (3, 4, 0, 3), (3, '?', 0, 3), (3, 4, 0, 3), (3, 3, 3, 4), (3, '?', 3, 3), (3, '?', 3, 4), (3, 0, 3, 3), (3, '?', 3, 3), (3, 4, 3, 3), (3, 3, 3, 3), (3, '?', 0, 4), (3, '?', 3, 3), (3, '?', 0, 4), (3, '?', 3, 4), (3, '?', 0, 3), (3, 4, 0, 3), (3, '?', 3, 3), (3, 7, 0, 4), (3, '?', 3, 3), (3, '?', 0, 4), (3, '?', 0, 3), (3, 4, 0, 4), (3, '?', 0, 3), (3, '?', 0, 4), (3, 0, 3, 4), (3, 4, 0, 4), (3, '?', 3, 3), (3, '?', 0, 3), (3, '?', 0, 3), (3, '?', 0, 4), (3, '?', 3, 3), (3, '?', 3, 3), (3, '?', 3, 4), (3, 4, 0, 3), (3, '?', 3, 3), (3, '?', 0, 4), (3, '?', 3, 4)]"
"(13, 11, 11, 3, 0)","[('?', 3, 3, 3), ('?', 3, 3, 3), ('?', 3, 3, 4), ('?', 3, 3, 3), ('?', 3, 0, 4), (0, 3, 3, 4), ('?', 3, 0, 4), ('?', 3, 0, 4), (0, 3, 3, 4), ('?', 3, 0, 4), ('?', 3, 3, 3), ('?', 3, 0, 4), (0, 3, 0, 3), (0, 3, 0, 3), ('?', 3, 3, 3), ('?', 3, 3, 3)]"
"(13, 11, 11, 4, 0)","[('?', 4, 3, 3), ('?', 4, 3, 3), ('?', 4, 0, 3), ('?', 4, 0, 4), ('?', 4, 3, 3), ('?', 4, 0, 3), (4, 4, 0, 3), ('?', 4, 3, 3), ('?', 4, 0, 4), ('?', 4, 0, 3)]"
"(13, 11, 11, 5, 0)","[('?', 1, 3, 3), ('?', 1, 3, 3), ('?', 0, 0, 3), ('?', 1, 3, 3), ('?', 1, 0, 3)]"
"(13, 11, 11, 10, 0)","[(5, 5, 3, 3), (5, 5, 3, 4), (1, 5, 3, 3)]"
"(13, 11, 11, 11, 0)","[('?', 4, 0, 3), ('?', 4, 3, 3), ('?', 4, 0, 4), ('?', 4, 0, 4), ('?', 4, 0, 3), (4, 4, 0, 3)]"
"(13, 11, 11, 12, 0)","[('?', '?', 3, 4), ('?', '?', 0, 3), ('?', 4, 3, 3), ('?', 4, 0, 4), ('?', 3, 3, 4), ('?', 4, 0, 3), ('?', 4, 0, 4), (0, 5, 3, 3), ('?', 4, 0, 3), ('?', 4, 0, 3), (0, 5, 3, 3), ('?', 5, 0, 4), (0, 5, 0, 3)]"
"(13, 11, 11, 14, 0)","[(3, 1, 3, 3), (3, 1, 3, 3), (3, 1, 0, 3), (3, 1, 0, 3), (3, 0, 0, 4), (3, 0, 0, 4), (3, 0, 0, 3), (3, 0, 3, 4), (3, 1, 3, 3), (3, 0, 3, 4), (3, 1, 3, 3), (3, 0, 3, 4), (3, 0, 3, 3), (3, 0, 3, 4), (3, 0, 0, 3), (3, 1, 3, 4), (3, 0, 0, 4), (3, 0, 3, 3), (3, 1, 3, 4), (3, 1, 0, 3), (3, 0, 3, 3), (3, 0, 0, 4), (3, 1, 3, 3), (3, 1, 3, 3), (3, 1, 3, 4), (3, 0, 3, 3), (3, 0, 0, 4), (3, 1, 3, 4), (3, 1, 3, 3), (3, 0, 0, 3), (3, 1, 3, 4), (3, 0, 3, 3), (3, 1, 3, 4), (3, 1, 3, 4), (3, 0, 0, 3), (3, 0, 3, 3), (3, 1, 0, 3), (3, 0, 0, 4), (3, 1, 3, 4), (3, 0, 3, 4), (3, 0, 3, 3), (3, 0, 3, 4)]"
"(13, 11, 11, 15, 0)","[(3, '?', 0, 4), (3, 3, 3, 3), (3, '?', 3, 4), (3, 5, 3, 4), (3, 3, 3, 3), (3, '?', 3, 4), (3, 3, 0, 3), (3, 5, 3, 4)]"
"(13, 11, 11, 16, 0)","[(3, 4, 0, 4), (3, 4, 3, 3), (3, 4, 3, 3), (3, 4, 0, 4), (3, 4, 0, 3), (3, 4, 0, 3), (3, 4, 0, 4), (3, 4, 0, 3), (3, 4, 0, 3), (3, 4, 0, 4)]"
"(13, 11, 11, 17, 0)","[(5, 4, 3, 4), (5, 5, 3, 3), (1, 5, 0, 3), (1, 4, 3, 3)]"
"(13, 11, 11, 22, 0)","[(3, 3, 3, 4), (3, 3, 0, 4), (3, 3, 0, 4), (3, 3, 0, 4), (3, 3, 0, 3), (3, 3, 0, 3), (3, 3, 0, 4), (3, 3, 0, 4)]"
"(13, 11, 11, 23, 0)","[(3, 3, 3, 3), (3, 3, 3, 3), (3, 3, 0, 4), (3, 3, 0, 3), (3, 3, 3, 4), (3, 3, 0, 3), (3, 3, 3, 3), (3, 3, 0, 3), (3, 3, 3, 4), (3, 3, 0, 3)]"
"(13, 11, 11, 24, 0)","[('?', 0, 3, 3), ('?', 0, 3, 3), ('?', 0, 0, 4), ('?', 1, 3, 4), ('?', 0, 3, 3), ('?', 1, 3, 3), ('?', 1, 3, 4), ('?', 1, 0, 3), ('?', 0, 0, 3), ('?', 0, 0, 3), ('?', 1, 3, 4), ('?', 0, 0, 4), (3, 0, 0, 3), ('?', 1, 3, 4), ('?', 0, 3, 3), ('?', 0, 3, 3), ('?', 0, 3, 3), (3, 1, 3, 3), ('?', 0, 3, 3), ('?', 0, 0, 4), ('?', 0, 0, 3), ('?', 1, 3, 4), ('?', 0, 0, 4), ('?', 1, 0, 3), ('?', 0, 0, 4), ('?', 1, 0, 3), ('?', 0, 0, 3), (3, 0, 0, 4), (2, 1, 3, 4), ('?', 0, 0, 3), ('?', 0, 0, 4), ('?', 1, 3, 3), ('?', 0, 0, 4), ('?', 1, 3, 4), ('?', 0, 0, 3), ('?', 1, 3, 4), ('?', 0, 3, 3), (2, 0, 3, 4), ('?', 0, 3, 3), ('?', 1, 0, 3), ('?', 1, 3, 4), ('?', 1, 0, 3), (2, 0, 3, 4), ('?', 1, 3, 4), ('?', 1, 0, 3), ('?', 1, 0, 3), (2, 0, 3, 3), ('?', 0, 0, 3), ('?', 1, 3, 3), ('?', 0, 0, 4)]"
"(13, 11, 11, 25, 0)","[('?', '?', 3, 3), (2, 3, 3, 3), ('?', 4, 3, 3), ('?', '?', 0, 3), ('?', '?', 3, 3), ('?', '?', 0, 3), (3, 3, 3, 4), ('?', 3, 3, 4), ('?', '?', 3, 4), ('?', '?', 0, 4), ('?', '?', 3, 4), ('?', '?', 0, 4), ('?', '?', 0, 4), ('?', '?', 0, 3), ('?', 3, 3, 3), (5, 7, 0, 3), ('?', 3, 3, 3), (5, 5, 3, 4), ('?', 3, 3, 4), ('?', '?', 3, 3), ('?', '?', 0, 3), ('?', '?', 0, 4), (5, 7, 0, 4), (2, 4, 3, 4), ('?', 5, 3, 3), ('?', 3, 3, 3), ('?', '?', 3, 4), (0, 5, 3, 3), (0, 4, 0, 4), ('?', '?', 3, 3), ('?', '?', 0, 4), ('?', '?', 0, 3), ('?', '?', 0, 4), ('?', '?', 3, 4), (2, '?', 3, 4), ('?', '?', 3, 4)]"
"(13, 11, 11, 26, 0)","[(2, 2, 3, 3), ('?', 7, 3, 4)]"
"(13, 11, 12, 2, 0)","[(3, 1, 1, 4), (3, 0, 1, 3), (3, 0, 1, 4), (3, 0, 1, 3), (3, 0, 5, 3), (3, 1, 1, 4), (3, 0, 1, 4), (3, 4, 1, 4), (3, 1, 1, 4), (3, 4, 1, 3)]"
"(13, 11, 12, 3, 0)","[('?', 3, 1, 4), (0, 3, 1, 3), (0, 3, 1, 4), ('?', 3, 1, 4), (0, 3, 1, 3), ('?', 3, 1, 4), ('?', 3, 1, 4), ('?', 3, 1, 4), (0, 3, 1, 4), (3, 3, 1, 4), ('?', 3, 1, 4), (0, 3, 1, 3), (3, 3, 1, 4), (0, 3, 1, 3), (0, 3, 1, 3), (0, 3, 1, 4), (2, 6, 1, 3), ('?', 3, 1, 4)]"
"(13, 11, 12, 4, 0)","[('?', 4, 1, 3), ('?', 4, 1, 3), (4, 4, 1, 3), ('?', 5, 1, 4)]"
"(13, 11, 12, 5, 0)","[('?', 1, 1, 4), ('?', 1, 1, 4)]"
"(13, 11, 12, 9, 0)","[(0, 0, 1, 3), (3, '?', 1, 4), (0, '?', 1, 3), (0, 1, 1, 4), (0, '?', 1, 4), ('?', '?', 1, 4), ('?', 1, 1, 3), ('?', '?', 1, 3), (0, 0, 1, 4), (0, 1, 1, 3), ('?', 1, 1, 3), (0, 1, 1, 4), (0, 5, 1, 3), ('?', '?', 1, 4), ('?', 0, 1, 3), ('?', '?', 1, 3), ('?', 1, 1, 4), (0, 0, 1, 3), ('?', '?', 1, 4), (0, 1, 1, 4), ('?', 5, 1, 3), ('?', '?', 1, 3), (0, '?', 1, 3), ('?', '?', 1, 4), (2, '?', 1, 3), (0, 1, 1, 3), (0, '?', 1, 4), (2, 4, 1, 3), (2, 1, 1, 3)]"
"(13, 11, 12, 12, 0)","[('?', 1, 1, 3), (0, 0, 1, 3), (0, 0, 1, 3), ('?', '?', 1, 3), ('?', '?', 1, 4), ('?', '?', 1, 3), ('?', 3, 1, 4), ('?', 1, 1, 4), ('?', 1, 1, 3), ('?', 0, 1, 3)]"
"(13, 11, 12, 15, 0)","[(3, 0, 1, 4), (3, 3, 1, 4), (3, '?', 1, 4), (3, '?', 5, 4), (3, 1, 1, 3), (3, 0, 1, 3), (3, '?', 1, 4), (3, '?', 1, 4), (3, 0, '?', 3), (3, 1, 1, 4), (3, 4, 1, 4)]"
"(13, 11, 12, 22, 0)","[(3, 3, 1, 4)]"
"(13, 11, 12, 25, 0)","[(0, 1, 1, 4), (0, 0, 1, 4), ('?', 0, 1, 3)]"
"(13, 11, 12, 26, 0)","[('?', 2, 1, 3), ('?', 7, 1, 4), ('?', 2, 1, 3), ('?', 7, 1, 4), (5, 7, 1, 3)]"
"(13, 11, 13, 2, 0)","[(3, '?', 5, 3), (3, 4, 5, 4)]"
"(13, 11, 13, 3, 0)","[('?', 3, 5, 3), ('?', 3, 5, 4), (0, 3, 5, 4), ('?', 3, 5, 3), (0, 3, 5, 3), (2, 3, 5, 4), ('?', 3, 5, 4), (0, 3, 5, 4), ('?', 3, 5, 4), (0, 3, 5, 4), ('?', 3, 5, 3), (0, 3, 5, 3), (0, 3, 5, 4), ('?', 3, 5, 4), (2, 3, 5, 4), (0, 3, 5, 4), (2, 3, 5, 4)]"
"(13, 11, 13, 5, 0)","[(0, 0, 5, 3), (5, 1, 5, 3), ('?', 1, 5, 3), (0, 0, 5, 3)]"
"(13, 11, 13, 6, 0)","[(0, 2, 5, 3)]"
"(13, 11, 13, 11, 0)","[('?', 4, 5, 3), ('?', 4, 5, 3), ('?', 4, 5, 3), ('?', 4, 5, 3), ('?', 4, 5, 3), (0, 4, 5, 4)]"
"(13, 11, 13, 13, 0)","[('?', 4, 5, 3)]"
"(13, 11, 13, 14, 0)","[(3, 1, 5, 4), (3, 1, 5, 3), (3, 1, 5, 3), (3, 1, 5, 4), (3, 1, 5, 3), (3, 0, 5, 3), (3, 1, 5, 3), (3, 0, 5, 4), (3, 0, 5, 4), (3, 1, 5, 4), (3, 1, 5, 3), (3, 0, 5, 3)]"
"(13, 11, 13, 15, 0)","[(3, 0, 5, 3), (3, '?', 5, 3), (3, 0, 5, 4), (3, 0, 5, 3), (3, '?', 5, 4), (3, 0, 5, 4), (3, '?', 5, 4), (3, '?', 5, 3)]"
"(13, 11, 13, 16, 0)","[(3, 4, 5, 4), (3, 4, 5, 4), (3, 4, 5, 4), (3, 4, 5, 4)]"
"(13, 11, 13, 22, 0)","[(3, 3, 5, 3), (3, 3, 5, 4), (3, 3, 5, 3), (3, 3, 5, 4)]"
"(13, 11, 13, 24, 0)","[('?', 1, 5, 3), ('?', 0, 5, 3), ('?', 0, 5, 4), (0, 0, 5, 3), ('?', 0, 5, 4), ('?', 1, 5, 4), (0, 0, 5, 3), ('?', 0, 5, 4), (5, 1, 5, 3), ('?', 1, 5, 3), ('?', 0, 5, 4), ('?', 0, 5, 3), (0, 0, 5, 3), ('?', 1, 5, 4), ('?', 1, 5, 3), ('?', 1, 5, 4), ('?', 0, 5, 4), (2, 0, 5, 3), ('?', 1, 5, 3), ('?', 0, 5, 4), (1, 1, 5, 3), (1, 1, 5, 3), ('?', 0, 5, 3), ('?', 0, 5, 4), ('?', 0, 5, 3)]"
"(13, 11, 13, 25, 0)","[('?', '?', 5, 3), ('?', 4, 5, 3), ('?', 0, 5, 4), ('?', 0, 5, 4), ('?', '?', 5, 3), ('?', '?', 5, 3), (2, 0, 5, 3), (0, 0, 5, 3), ('?', '?', 5, 3), ('?', '?', 5, 3), (2, 3, 5, 3), ('?', '?', 5, 3), ('?', '?', 5, 3)]"
"(13, 11, 13, 26, 0)","[(0, 2, 5, 4), (5, 7, 5, 3)]"
"(13, 11, 15, 1, 0)","[(4, 0, 0, 4), (4, 0, 0, 4), (4, 1, 0, 4), (4, 0, 3, 4), (4, '?', 0, 4), (4, 1, 3, 4), (4, 0, 0, 3), (4, 1, 0, 4), (4, 0, 0, 3), (4, 0, 3, 4), (4, 0, 0, 4), (4, 1, 3, 4), (4, 1, 0, 4), (4, 0, 0, 4), (4, 0, 0, 4), (4, 1, 0, 3), (4, 1, 0, 3), (4, 1, 3, 4), (4, 0, 0, 4), (4, 1, 0, 3), (4, 1, 0, 4), (4, 1, 0, 4), (4, 1, 0, 3), (4, 1, 0, 3), (4, 0, 3, 4), (4, 1, 0, 4), (4, 0, 0, 4), (4, 1, 0, 4), (4, 1, 0, 3), (4, 1, 0, 4), (4, 1, 0, 3), (4, 1, 3, 4), (4, 0, 0, 4), (4, 0, 0, 3)]"
"(13, 11, 15, 4, 0)","[(4, '?', 1, 4), (4, 4, 1, 4), (4, '?', 1, 3), (4, '?', 1, 3), (4, 1, 1, 4), (4, '?', 1, 4), (4, 3, 1, 4), (4, 1, 1, 3), (4, 4, 1, 3), (4, '?', 1, 4)]"
"(13, 11, 15, 5, 0)","[(4, 1, 1, 4)]"
"(13, 11, 15, 6, 0)","[(4, 7, 3, 3), (4, 7, 0, 4), (4, 7, 3, 3), (4, 2, 0, 3), (4, 7, 0, 4), (4, 2, 3, 3), (4, 7, 3, 3), (4, 7, 0, 4)]"
"(13, 11, 15, 8, 0)","[(4, 3, 3, 4), (4, 3, 0, 4)]"
"(13, 11, 15, 9, 0)","[(4, 1, 1, 3)]"
"(13, 11, 15, 11, 0)","[(4, 3, 3, 3), (4, '?', 3, 3), (4, 3, 0, 4), (4, 3, 0, 4), (4, '?', 3, 4), (4, '?', 3, 4), (4, 3, 3, 4), (4, '?', 0, 4), (4, 4, 0, 4), (4, '?', 0, 3), (4, 4, 0, 4), (4, 0, 3, 4), (4, '?', 0, 4), (4, '?', 3, 4), (4, '?', 3, 3), (4, 3, 3, 3), (4, 3, 0, 4), (4, '?', 0, 3), (4, 4, 0, 4), (4, 3, 3, 4), (4, '?', 0, 3), (4, 3, 3, 3), (4, 3, 3, 4), (4, '?', 3, 4), (4, 4, 3, 4), (4, 4, 3, 4), (4, 3, 3, 4), (4, '?', 3, 4), (4, 4, 0, 3), (4, 3, 0, 3), (4, 4, 3, 4), (4, 4, 3, 4), (4, 3, 3, 3), (4, 3, 0, 4), (4, 3, 0, 3), (4, 4, 0, 4), (4, 4, 3, 4), (4, 3, 3, 4), (4, 3, 0, 3)]"
"(13, 11, 15, 12, 0)","[(4, '?', 1, 4), (4, 3, 1, 4), (4, '?', 1, 3), (4, 3, 1, 4), (4, 3, 1, 4), (4, 0, 1, 4)]"
"(13, 11, 15, 13, 0)","[(4, '?', 5, 4), (4, 0, 5, 3), (4, '?', 5, 3), (4, '?', 5, 4), (4, '?', 5, 4), (4, '?', 5, 4), (4, '?', 5, 4)]"
"(13, 11, 15, 16, 0)","[(4, 4, 0, 4)]"
"(13, 11, 15, 19, 0)","[(4, 3, 0, 4), (4, 3, 0, 4)]"
"(13, 11, 15, 23, 0)","[(4, 3, 5, 4)]"
"(13, 11, 15, 26, 0)","[(4, 2, 5, 3)]"
"(13, 11, 16, 1, 0)","[(4, 1, 0, 3), (4, 0, 0, 3), (4, 0, 0, 3), (4, 0, 3, 4), (4, 0, 3, 4), (4, 1, 3, 4), (4, 0, 0, 3)]"
"(13, 11, 16, 5, 0)","[(4, 1, 3, 4)]"
"(13, 11, 16, 11, 0)","[(4, 4, 3, 4), (4, '?', 3, 4), (4, '?', 3, 3), (4, 4, 0, 3), (4, 4, 0, 3), (4, '?', 3, 3)]"
"(13, 11, 16, 14, 0)","[(4, 0, 3, 4)]"
"(13, 11, 16, 16, 0)","[(4, 4, 0, 4), (4, 4, 0, 3), (4, 4, 0, 4), (4, 4, 0, 3), (4, 4, 3, 4), (4, 4, 0, 3), (4, 4, 3, 4)]"
"(13, 11, 17, 1, 0)","[(1, 0, 0, 4), (1, 0, 3, 4), (5, 1, 3, 4), (5, 1, 3, 4), (1, 0, 3, 3), (1, 1, 3, 3), (5, 0, 0, 3), (5, 1, 0, 4), (1, 0, 0, 3), (1, 0, 0, 3), (5, 1, 3, 4), (5, 1, 0, 4), (5, 0, 0, 3), (5, 0, 0, 4), (1, 0, 3, 4), (1, 1, 3, 4), (5, 1, 0, 3), (5, 0, 3, 3), (5, 0, 3, 3), (1, 1, 3, 3), (5, 0, 0, 3), (1, 0, 3, 4), (1, 0, 0, 3), (1, 0, 3, 3), (5, 0, 0, 3), (1, 0, 0, 4), (5, 0, 3, 3), (1, 1, 3, 4), (1, 0, 3, 4), (1, 0, 0, 3), (5, 1, 0, 3), (1, 1, 3, 3)]"
"(13, 11, 17, 3, 0)","[(5, 3, 1, 3), (5, 3, 1, 3), (1, 3, 5, 3), (5, 3, 1, 3)]"
"(13, 11, 17, 4, 0)","[(5, 5, 1, 4)]"
"(13, 11, 17, 5, 0)","[(5, 1, 1, 4), (5, 1, 1, 3), (5, 1, 1, 4)]"
"(13, 11, 17, 9, 0)","[(1, 0, 1, 4)]"
"(13, 11, 17, 10, 0)","[(5, 4, 1, 3), (1, 1, 1, 4), (1, 4, 1, 3), (1, 0, 1, 4)]"
"(13, 11, 17, 11, 0)","[(5, 4, 3, 4), (1, 4, 0, '?'), (1, 4, 3, 3), (1, 4, 3, 3), (1, 4, 0, 4), (1, 5, 0, 3), (1, 5, 3, 4), (1, 5, 3, 3), (1, 4, 3, 3), (1, 4, 0, 4), (5, 4, 3, 3), (1, 4, 0, 4), (1, '?', 0, 3), (5, 5, 0, 3), (1, 4, 0, 3), (1, '?', 3, 4)]"
"(13, 11, 17, 12, 0)","[(1, 5, 1, 3), (1, 1, 1, 4), (1, 0, 1, 4), (1, 5, 1, 4), (1, 5, 1, 3), (1, '?', 1, 3), (1, 5, 1, 4), (1, 4, 1, 3), (5, 5, 1, 3), (5, 5, 1, 3)]"
"(13, 11, 17, 13, 0)","[(1, 4, 5, 4), (1, 4, 5, 4), (1, 4, 5, 4), (1, 0, 5, 4), (1, 5, 5, 3), (5, '?', 5, 3)]"
"(13, 11, 17, 14, 0)","[(5, 0, 5, 3), (1, 0, 5, 4), (5, 0, 5, 3), (5, 0, 5, 3), (5, 0, 5, 3), (5, 0, 5, 4), (1, 0, 5, 4)]"
"(13, 11, 17, 16, 0)","[(1, 4, 0, 4), (5, 4, 3, 4), (5, 4, 0, 4), (1, 5, 0, 3), (5, 5, 3, 3), (5, 4, 3, 4), (1, 4, 0, 4), (5, 4, 3, 3), (5, 4, 0, 4), (1, 4, 0, 3), (5, 4, 0, 4), (1, 4, 3, 4), (1, 4, 0, 3), (1, 4, 0, 4), (5, 5, 3, 3), (5, 4, 3, 3), (1, 4, 0, 3), (5, 5, 0, 3), (5, 4, 3, 3), (1, 4, 0, 4), (1, 4, 3, 3), (5, 4, 0, 4), (1, 5, 3, 3), (1, 4, 0, 3), (5, 4, 3, 3), (5, 4, 0, 4), (5, 4, 3, 3), (1, 4, 0, 3), (1, 5, 0, 3)]"
"(13, 11, 17, 17, 0)","[(1, 4, 1, 3), (1, 4, 1, 3), (1, 4, 3, 4), (5, 4, 1, 3), (1, 4, 1, 3), (5, 0, 1, 3), (1, 5, 1, 3), (1, 4, 1, 4), (1, 4, 1, 4), (5, 4, 1, 3), (5, 4, 1, 3), (1, 4, 1, 3), (1, 5, 0, 4), (1, 5, 1, 3), (1, 4, 1, 3), (1, 4, 1, 3), (5, 4, 1, 3)]"
"(13, 11, 17, 19, 0)","[(5, 3, 3, 3), (5, 3, 0, 4), (5, 3, 0, 3), (5, 3, 3, 3), (5, 3, 0, 3), (5, 3, 3, 3), (1, 3, 0, 4), (1, 3, 0, 3), (1, 3, 0, 4), (5, 3, 0, 3), (1, 3, 0, 3), (5, 3, 0, 3), (1, 3, 3, 4), (1, 3, 3, 4), (1, 3, 3, 4)]"
"(13, 11, 17, 23, 0)","[(5, 3, 5, 3), (1, 3, 5, 3), (5, 3, 5, 4), (5, 3, 5, 3), (5, 3, 5, 4)]"
"(13, 11, 18, 1, 0)","[(0, 0, 0, 4), (0, 0, 3, 3), (0, 1, 0, 4), (0, 1, 0, 3), (0, 0, 3, 4), (0, 1, 0, 4), (0, 1, 0, 4), (0, 0, 3, 3), (0, 0, 0, 4), (0, 1, 0, 3), (0, 0, 3, 3), (0, 1, 3, 3), (0, 1, 3, 4), (0, 1, 3, 3), (0, 1, 3, 3), (0, 1, 3, 4), (0, 1, 3, 4), (0, 0, 3, 3), (0, 0, 3, 3), (0, 1, 0, 3), (0, 1, 3, 4), (0, 1, 0, 3), (0, 0, 3, 3), (0, 0, 0, 4)]"
"(13, 11, 18, 3, 0)","[(0, 3, 0, 4), (0, 3, 0, 3), (0, 3, 0, 3), (0, 3, 0, 4)]"
"(13, 11, 18, 6, 0)","[(0, 2, 0, 4), (0, 7, 3, 3), (0, 7, 3, 3), (0, 7, 0, 3), (0, 7, 0, 3), (0, 2, 0, 4), (0, 2, 3, 4), (0, 7, 3, 4), (0, 7, 0, 4), (0, 7, 3, 4), (0, 7, 3, 3), (0, 2, 0, 4), (0, 7, 0, 4), (0, 7, 0, 3), (0, 7, 0, 3), (0, 7, 3, 3)]"
"(13, 11, 18, 11, 0)","[(0, '?', 0, 4), (0, 4, 0, 4), (0, 5, 3, 3), (0, '?', 0, 4), (0, '?', 3, 3), (0, '?', 3, 4), (0, 5, 0, 3), (0, '?', 3, 3), (0, '?', 3, 3), (0, 4, 0, 4), (0, '?', 3, 4), (0, 4, 0, 3), (0, 4, 0, 3)]"
"(13, 11, 18, 12, 0)","[(0, '?', 3, 4), (0, '?', 0, 4)]"
"(13, 11, 18, 15, 0)","[(0, 7, 0, 4), (0, 7, 0, 3), (0, '?', 0, 4), (0, '?', 3, 4), (0, '?', 0, 4), (0, '?', 3, 4), (0, '?', 3, 3), (0, 7, 0, 4), (0, '?', 0, 4), (0, 4, 0, 4), (0, '?', 3, 4), (0, '?', 0, 4), (0, '?', 3, 3), (0, '?', 3, 3), (0, '?', 0, 4)]"
"(13, 11, 18, 16, 0)","[(0, 4, 0, 4), (0, 4, 0, 6), (0, 4, 0, 4), (0, 4, 0, 4), (0, 4, 0, 3), (0, 4, 0, 3), (0, 4, 0, 3)]"
"(13, 11, 18, 19, 0)","[(0, 3, 0, 3), (0, 3, 3, 4), (0, 3, 0, 4), (0, 3, 0, 3), (0, 3, 3, 4), (0, 3, 0, 3)]"
"(13, 11, 18, 22, 0)","[(0, 3, 3, 4), (0, 3, 0, 4), (0, 3, 0, 4), (0, 3, 3, 4), (0, 3, 0, 4), (0, 3, 3, 4)]"
"(13, 11, 18, 24, 0)","[(0, 1, 3, 3), (0, 1, 3, 3), (0, 1, 3, 4), (0, 1, 3, 4), (0, 1, 0, 4), (0, 6, 0, 4), (0, 0, 3, 3), (0, 1, 0, 4), (0, 1, 0, 3), (0, 0, 3, 3), (0, 1, 3, 3), (0, 0, 0, 4), (0, 0, 0, 4), (0, 0, 3, 4), (0, 0, 3, 4), (0, 6, 3, 3), (0, 1, 0, 4), (0, 6, 0, 3), (0, 1, 3, 4), (0, 1, 0, 4), (0, 0, 0, 4), (0, 0, 3, 4), (0, 0, 0, 4), (0, 1, 3, 3), (0, 0, 0, 4), (0, 1, 0, 3), (0, 1, 3, 3), (0, 0, 3, 4), (0, 6, 0, 4), (0, 1, 0, 3), (0, 1, 3, 3), (0, 0, 0, 4), (0, 1, 3, 4), (0, 0, 3, 3), (0, 1, 0, 4)]"
"(13, 11, 18, 26, 0)","[(0, 2, 3, 4), (0, 7, 0, 4), (0, 2, 0, 4), (0, 7, 3, 4), (0, 7, 0, 4), (0, 7, 0, 3)]"
"(13, 11, 20, 1, 0)","[(2, 0, 3, 3), (2, 1, 3, 3)]"
"(13, 11, 20, 6, 0)","[(2, 2, 3, 3)]"
"(13, 11, 20, 8, 0)","[(2, 3, 0, 3)]"
"(13, 11, 20, 11, 0)","[(2, 3, 3, 3), (2, 2, 3, 4)]"
"(13, 11, 24, 13, 0)","[('?', 6, 5, 3), (0, 6, 5, 3)]"
"(13, 11, 24, 27, 0)","[(0, 6, 5, 4)]"
"(13, 11, 25, 2, 0)","[(3, '?', 0, 4), (3, 0, 0, 4)]"
"(13, 11, 25, 3, 0)","[('?', 3, 5, 4)]"
"(13, 11, 25, 6, 0)","[('?', 7, 3, 3)]"
"(13, 11, 25, 8, 0)","[('?', 3, 3, 3)]"
"(13, 11, 25, 15, 0)","[(3, 0, 5, 4)]"
"(13, 11, 25, 23, 0)","[(3, 3, 3, 4), (3, 3, 3, 3), (3, 3, 3, 3)]"
"(13, 11, 25, 24, 0)","[('?', 1, 3, 3)]"
"(13, 11, 25, 25, 0)","[(5, 7, 0, 4)]"
"(13, 11, 27, 16, 0)","[(0, 4, 5, 3), (0, 4, 5, 3)]"
"(13, 11, 27, 21, 0)","[(0, 6, 5, 4)]"
"(13, 11, 27, 22, 0)","[(0, 3, 5, 4)]"
"(13, 11, 27, 23, 0)","[(0, 3, 5, 3)]"
"(13, 11, 27, 24, 0)","[(0, 6, 5, 3), (0, 1, 5, 4), (0, 1, 5, 4), (0, 1, 5, 4)]"
"(13, 11, 27, 25, 0)","[(0, '?', 5, 4), (0, '?', 5, 4), (0, '?', 5, 3), (0, '?', 5, 4)]"
"(13, 11, 27, 27, 0)","[(0, 4, 5, 3), (0, 3, 5, 3), (0, '?', 5, 3)]"
"(13, 12, 2, 2, 0)","[(4, 3, 6, 4), (4, 5, 4, 4), (4, '?', 4, 4), (4, '?', 4, 3), (4, 5, 4, 4)]"
"(13, 12, 2, 4, 0)","[(4, 5, 4, 3), (4, '?', 6, 4), (4, 4, 4, 3), (4, 4, 4, 4), (4, '?', 6, 4), (4, 5, 6, 4), (4, 5, 4, 4), (4, 5, 6, 3), (4, 4, 6, 3), (4, 4, 6, 3), (4, 5, 6, 3), (4, 2, 6, 3), (4, 0, 4, 4), (4, 5, 4, 3), (4, 4, 6, 4), (4, 4, 4, 4), (4, 5, 6, 4), (4, 5, 6, 4), (4, 5, 4, 3), (4, 4, 4, 4), (4, '?', 6, 3), (4, 4, 6, 4), (4, 5, 6, 3)]"
"(13, 12, 2, 5, 0)","[(4, 0, 6, 3), (4, 1, 4, 3), (4, 0, 6, 4), (4, 0, 6, 3), (4, 0, 6, 4), (4, 0, 6, 4), (4, 0, 6, 4), (4, 1, 6, 3), (4, 0, 6, 3), (4, 1, 6, 3), (4, 1, 6, 3), (4, 1, 4, 3), (4, 1, 6, 3), (4, 0, 6, 4), (4, 1, 4, 4), (4, 1, 4, 3), (4, 0, 4, 4), (4, 1, 6, 3), (4, 0, 6, 4), (4, 1, 4, 3), (4, 0, 6, 3)]"
"(13, 12, 2, 9, 0)","[(4, 4, 4, 3)]"
"(13, 12, 2, 10, 0)","[(4, '?', 6, 3), (4, 5, 4, 3), (4, '?', 4, 3), (4, 5, 4, 4), (4, '?', 4, 4), (4, 3, 6, 4), (4, 2, 6, 4), (4, 5, 4, 4), (4, 0, 6, 3), (4, '?', 6, 4), (4, 2, 6, 4), (4, '?', 6, 3), (4, '?', 6, 3), (4, '?', 4, 3), (4, 5, 6, 3), (4, '?', 4, 3), (4, '?', 6, 3), (4, 2, 6, 4), (4, 6, 4, 4), (4, 5, 4, 3), (4, 5, 4, 4), (4, 2, 6, 4), (4, 3, 4, 4), (4, '?', 6, 3), (4, 5, 6, 3)]"
"(13, 12, 2, 12, 0)","[(4, 3, 4, 4), (4, 5, 6, 3)]"
"(13, 12, 2, 15, 0)","[(4, '?', 6, 3)]"
"(13, 12, 2, 17, 0)","[(4, 4, 6, 4), (4, 5, 6, 3)]"
"(13, 12, 2, 19, 0)","[(4, 3, 6, 3), (4, 3, 6, 3), (4, 3, 6, 3)]"
"(13, 12, 2, 26, 0)","[(4, 7, 4, 3), (4, 2, 6, 4), (4, 7, 4, 4), (4, 2, 4, 4), (4, 2, 4, 3), (4, 2, 4, 3), (4, 2, 6, 4), (4, 2, 6, 3), (4, 2, 4, 3), (4, 2, 4, 3), (4, 2, 6, 3), (4, 7, 4, 4), (4, 7, 4, 4), (4, 7, 4, 4), (4, 7, 4, 4), (4, 2, 4, 4), (4, 2, 4, 4), (4, 7, 4, 4), (4, 2, 4, 4), (4, 7, 4, 3), (4, 2, 4, 4), (4, 2, 4, 3), (4, 2, 6, 3), (4, 7, 4, 4), (4, 2, 4, 3), (4, 2, 4, 3), (4, 2, 4, 4), (4, 2, 4, 3), (4, 2, 4, 4)]"
"(13, 12, 3, 2, 0)","[(3, 5, 6, 4), (3, 5, 6, 4), (3, 5, 6, 4), (3, 5, 6, 4), (3, 5, 6, 3)]"
"(13, 12, 3, 4, 0)","[('?', 5, 6, 4)]"
"(13, 12, 3, 12, 0)","[('?', 5, 6, 3), ('?', 5, 6, 4), ('?', 5, 6, 4), ('?', 5, 6, 3)]"
"(13, 12, 3, 13, 0)","[(3, 5, 2, 3), (3, 5, 7, 3)]"
"(13, 12, 4, 2, 0)","[(3, 4, 6, 3), (3, 5, 4, 3), (3, 5, 6, 4), (3, 4, 6, 3), (3, '?', 6, 3), (3, 4, 4, 3), (3, 5, 4, 4), (3, '?', 6, 3), (3, 4, 4, 3), (3, 4, 6, 3), (3, 5, 6, 3), (3, 5, 4, 4), (3, 7, 6, 3), (3, 4, 4, 3), (3, 5, 4, 3), (3, 2, 6, 3), (3, 0, 4, 3), (3, '?', 6, 3), (3, 5, 4, 4), (3, 0, 4, 3), (3, 5, 6, 4), (3, 4, 4, 4), (3, 4, 4, 4), (3, 5, 6, 3), (3, 0, 4, 3), (3, 5, 4, 3), (3, 4, 6, 3), (3, 4, 6, 3), (3, '?', 4, 3), (3, 4, 4, 3), (3, 5, 6, 3), (3, 5, 6, 4), (3, 0, 4, 3), (3, 5, 4, 4), (3, 5, 4, 4), (3, 4, 4, 3), (3, 5, 4, 3), (3, 5, 6, 3)]"
"(13, 12, 4, 3, 0)","[(3, 3, 6, 3), ('?', 3, 6, 3), ('?', 3, 4, 3), ('?', 3, 6, 3), ('?', 3, 6, 3)]"
"(13, 12, 4, 4, 0)","[('?', 4, 6, 4), ('?', 4, 4, 3), ('?', 4, 6, 4), (5, 4, 6, 4), ('?', 4, 6, 3), ('?', 4, 6, 3), ('?', 4, 4, 4), ('?', 5, 6, 4), ('?', 2, 6, 4), ('?', 4, 6, 4), ('?', 4, 4, 3), ('?', 5, 6, 3)]"
"(13, 12, 4, 5, 0)","[(5, 1, 4, 3), ('?', 0, 6, 3), ('?', 0, 6, 3), (5, 1, 6, 4), (5, 1, 4, 4), ('?', 0, 6, 3), ('?', 1, 4, 3), ('?', 0, 6, 3), ('?', 0, 4, 4), ('?', 1, 4, 3), ('?', 1, 4, 3), ('?', 1, 4, 3), ('?', 0, 4, 4), ('?', 1, 4, 3), (5, 1, 4, 3)]"
"(13, 12, 4, 9, 0)","[(5, 4, 4, 3), ('?', 4, 6, 4), ('?', 4, 6, 4), (1, 4, 4, 3)]"
"(13, 12, 4, 12, 0)","[('?', 4, 4, 4), ('?', 4, 6, 3), ('?', 4, 4, 3), ('?', 4, 4, 4), ('?', 4, 4, 4), ('?', '?', 6, 3), ('?', 5, 6, 3), (5, '?', 4, 3), ('?', 5, 6, 4), ('?', '?', 6, 3), (7, 5, 6, 3), ('?', 5, 6, 3), (5, 5, 4, 4), (7, 5, 6, 4), ('?', 2, 6, 4), ('?', 7, 6, 4), (7, 5, 6, 3), ('?', '?', 6, 3), ('?', 5, 4, 4)]"
"(13, 12, 4, 14, 0)","[(3, 1, 4, 4), (3, 0, 6, 4), (3, 1, 6, 3), (3, 1, 4, 4), (3, 0, 6, 4), (3, 0, 6, 4), (3, 1, 6, 3), (3, 1, 4, 4), (3, 1, 6, 4), (3, 0, 4, 4), (3, 0, 4, 4), (3, 1, 6, 3), (3, 1, 6, 4), (3, 1, 6, 4), (3, 1, 6, 4), (3, 0, 4, 4)]"
"(13, 12, 4, 22, 0)","[(3, 3, 6, 3), (3, 3, 6, 3), (3, 3, 6, 3)]"
"(13, 12, 4, 24, 0)","[('?', 1, 4, 4)]"
"(13, 12, 7, 3, 0)","[(0, 3, 4, 3), (0, 3, 4, 3), (0, 3, 4, 3), (0, 3, 4, 4), (0, 3, 6, 4), (0, 3, 4, 4), (0, 3, 6, 4), (0, 3, 4, 3), (0, 3, 6, 4)]"
"(13, 12, 7, 4, 0)","[(0, '?', 6, 3)]"
"(13, 12, 7, 5, 0)","[(0, 1, 6, 4), (0, 1, 4, 4), (0, 1, 6, 4), (0, 0, 4, 4), (0, 1, 4, 4), (0, 0, 4, 3), (0, 1, 6, 3), (0, 1, 4, 4), (0, 1, 6, 3), (0, 1, 6, 3), (0, 0, 4, 4), (0, 1, 6, 3), (0, 1, 6, 3), (0, 0, 4, 3), (0, 0, 4, 3), (0, 1, 6, 3), (0, 0, 4, 3)]"
"(13, 12, 7, 10, 0)","[(0, 7, 6, 4), (0, 5, 4, 3), (0, 3, 4, 3), (0, 4, 6, 4), (0, '?', 4, 3), (0, 5, 4, 3), (0, 6, 4, 4), (0, 1, 4, 4), (0, 0, 4, 4), (0, '?', 6, 3), (0, '?', 4, 3), (0, 5, 4, 3), (0, 4, 4, 4), (0, 2, 6, 4), (0, '?', 6, 4), (0, '?', 4, 3), (0, '?', 6, 4), (0, '?', 6, 3), (0, '?', 6, 4), (0, 5, 6, 3), (0, 0, 4, 4), (0, 5, 4, 4), (0, '?', 6, 3), (0, 3, 4, 4), (0, '?', 4, 4), (0, 4, 4, 4), (0, 5, 6, 3), (0, 5, 6, 3), (0, 0, 4, 3), (0, '?', 4, 3), (0, '?', 4, 4), (0, '?', 6, 4), (0, 3, 4, 4), (0, 3, 6, 4), (0, '?', 6, 3), (0, 5, 4, 4), (0, '?', 6, 4), (0, 0, 4, 4), (0, 0, 4, 4), (0, 5, 4, 4), (0, 4, 6, 3), (0, '?', 6, 3), (0, '?', 4, 3), (0, '?', 6, 4), (0, '?', 4, 4), (0, 5, 6, 3), (0, 7, 6, 4), (0, 4, 4, 4), (0, 4, 6, 4), (0, '?', 4, 4), (0, 2, 6, 4), (0, '?', 6, 3), (0, 3, 4, 4), (0, '?', 4, 4), (0, '?', 4, 3), (0, 0, 4, 3), (0, '?', 4, 4), (0, '?', 4, 4), (0, 1, 6, 4), (0, 1, 4, 4)]"
"(13, 12, 7, 12, 0)","[(0, 5, 4, 3), (0, 2, 6, 4)]"
"(13, 12, 7, 15, 0)","[(0, 4, 6, 4)]"
"(13, 12, 7, 16, 0)","[(0, 4, 6, 3), (0, 4, 6, 4)]"
"(13, 12, 7, 17, 0)","[(0, 4, 6, 3), (0, 4, 4, 4), (0, '?', 6, 4), (0, 4, 6, 4), (0, 4, 6, 3), (0, 2, 6, 4), (0, 5, 4, 3), (0, 2, 6, 4)]"
"(13, 12, 7, 21, 0)","[(0, 6, 6, 4), (0, 6, 6, 4), (0, 6, 6, 4), (0, 6, 6, 4), (0, 6, 6, 4)]"
"(13, 12, 7, 22, 0)","[(0, 3, 4, 4), (0, 3, 4, 4), (0, 3, 4, 4)]"
"(13, 12, 7, 24, 0)","[(0, 0, 4, 4), (0, 0, 4, 4), (0, 0, 4, 4), (0, 1, 4, 4), (0, 6, 6, 3), (0, 1, 4, 4), (0, 1, 6, 4), (0, 0, 4, 4), (0, 1, 6, 4), (0, 1, 4, 4)]"
"(13, 12, 7, 25, 0)","[(0, '?', 4, 4), (0, 7, 6, 4)]"
"(13, 12, 7, 26, 0)","[(0, 7, 4, 3), (0, 7, 4, 3), (0, 2, 6, 4), (0, 7, 4, 4), (0, 7, 4, 4), (0, 7, 4, 3), (0, 2, 4, 3), (0, 7, 4, 4), (0, 7, 6, 4), (0, 7, 4, 4), (0, 7, 4, 4), (2, 2, 4, 3), (0, 7, 4, 3)]"
"(13, 12, 9, 3, 0)","[(3, 3, 1, 4)]"
"(13, 12, 9, 12, 0)","[(3, 3, 1, 4), (3, '?', 1, 4)]"
"(13, 12, 10, 3, 0)","[(1, 3, 4, 4)]"
"(13, 12, 10, 5, 0)","[(5, 0, 4, 4), (1, 1, 4, 3), (5, 0, 4, 4), (5, 0, 4, 3), (5, 0, 6, 4), (5, 1, 6, 4), (5, 0, 6, 3), (5, 0, 6, 3), (5, 0, 6, 4), (1, 1, 6, 3), (1, 1, 6, 4)]"
"(13, 12, 10, 10, 0)","[(5, '?', 6, 4), (1, 2, 6, 3), (1, 0, 4, 4), (1, 2, 6, 4), (5, 2, 6, 4), (1, 2, 6, 3), (5, '?', 6, 4), (5, 2, 6, 3), (5, '?', 4, 4), (5, 2, 6, 3), (1, 2, 6, 3), (5, '?', 6, 3)]"
"(13, 12, 10, 12, 0)","[(1, '?', 4, 4)]"
"(13, 12, 10, 13, 0)","[(5, 3, 2, 3), (1, 0, 2, 3)]"
"(13, 12, 10, 17, 0)","[(5, '?', 4, 3), (1, 4, 6, 4), (5, '?', 6, 4), (5, '?', 4, 3), (1, 5, 6, 4)]"
"(13, 12, 10, 23, 0)","[(5, 3, 2, 3)]"
"(13, 12, 10, 26, 0)","[(1, 2, 2, 4), (1, 2, 4, 3), (1, 2, 7, 3), (1, 7, 4, 4)]"
"(13, 12, 12, 2, 0)","[(3, '?', 4, 4), (3, 0, 4, 3), (3, 1, 4, 4), (3, 0, 4, 3), (3, 4, 4, 4), (3, 5, 4, 4), (3, 4, 4, 4), (3, 5, 4, 3), (3, 0, 4, 3), (3, 6, 6, 3), (3, 5, 4, 3), (3, 0, 4, 4), (3, 0, 4, 4), (3, '?', 4, 3), (3, 0, 6, 4), (3, 5, 4, 3), (3, 1, 4, 4), (3, 0, 4, 4), (3, '?', 4, 4), (3, 5, 4, 4), (3, 0, 4, 3), (3, 2, 6, 3), (3, 7, 6, 4), (3, '?', 4, 4), (3, '?', 4, 4), (3, '?', 4, 3), (3, 7, 6, 3), (3, 0, 6, 4), (3, 0, 6, 4), (3, '?', 4, 4), (3, '?', 4, 3), (3, 1, 4, 4), (3, '?', 4, 3), (3, '?', 4, 4), (3, 5, 4, 4), (3, 7, 6, 4)]"
"(13, 12, 12, 3, 0)","[('?', 3, 4, 3), ('?', 3, 6, 4), ('?', 3, 6, 4), (0, 3, 6, 4), ('?', 3, 4, 3), (0, 3, 6, 4), ('?', 3, 6, 4), ('?', 3, 6, 3), ('?', 3, 6, 4), ('?', 3, 6, 4), ('?', 3, 4, 3), ('?', 3, 6, 3), ('?', 3, 6, 4), ('?', 3, 6, 3), ('?', 3, 6, 4), ('?', 3, 6, 4), ('?', 3, 4, 3), ('?', 3, 6, 3)]"
"(13, 12, 12, 4, 0)","[('?', 4, 4, 4), (5, '?', 4, 3), ('?', '?', 6, 3), (2, 5, 6, 3)]"
"(13, 12, 12, 5, 0)","[('?', 1, 4, 4), ('?', 0, 6, 3), ('?', 0, 4, 4), ('?', 0, 6, 3), ('?', 0, 6, 3), ('?', 0, 6, 3), ('?', 1, 4, 4), ('?', 0, 4, 4), (5, 0, 4, 4), ('?', 1, 4, 3), (5, 1, 4, 3), ('?', 1, 4, 3), (5, 0, 4, 3), (1, 1, 4, 4), (5, 1, 6, 4), (5, 0, 4, 4), (5, 0, 4, 3), ('?', 0, 4, 4), ('?', 1, 4, 4), (5, 1, 6, 4), ('?', 1, 4, 4)]"
"(13, 12, 12, 9, 0)","[(3, 1, 1, 4)]"
"(13, 12, 12, 12, 0)","[(0, '?', 6, 3), ('?', 4, 4, 4), ('?', '?', 4, 3), ('?', 5, 4, 4), ('?', 4, 6, 4), ('?', '?', 6, 3), ('?', '?', 4, 3), ('?', '?', 4, 3), ('?', '?', 6, 4), ('?', '?', 6, 4), ('?', '?', 4, 3), ('?', '?', 4, 3), ('?', '?', 4, 3), ('?', '?', 4, 3), ('?', '?', 6, 4), (5, 7, 6, 4), (5, 0, 4, 3), ('?', '?', 4, 3), ('?', 0, 4, 4), ('?', 2, 6, 4), ('?', '?', 6, 3), ('?', 2, 6, 4), (5, '?', 6, 3), (2, 5, 4, 4), ('?', 5, 4, 4), ('?', 5, 4, 4), (5, '?', 4, 4), (5, 2, 6, 4), (5, '?', 4, 3), ('?', 5, 4, 4), ('?', 5, 4, 4), (5, 4, 4, 4), ('?', 5, 4, 4), (5, '?', 4, 4), ('?', 3, 4, 3), ('?', '?', 6, 3), ('?', '?', 6, 4), ('?', '?', 6, 4), ('?', 5, 6, 4), ('?', '?', 4, 3), ('?', '?', 6, 4), (5, '?', 6, 4), ('?', 5, 6, 4), (5, 5, 4, 4), (2, 5, 6, 4), ('?', 5, 4, 4)]"
"(13, 12, 12, 14, 0)","[(3, 1, 6, 4), (3, 1, 6, 4), (3, 1, 6, 4), (3, 1, 4, 4), (3, 1, 6, 4), (3, 1, 4, 4), (3, 1, 6, 3), (3, 1, 4, 4)]"
"(13, 12, 12, 15, 0)","[(4, 4, 4, 4)]"
"(13, 12, 12, 22, 0)","[(3, 3, 6, 4), (3, 3, 6, 3), (3, 3, 6, 3), (3, 3, 4, 3), (3, 3, 6, 4), (3, 3, 4, 3), (3, 3, 6, 4), (3, 3, 4, 3), (3, 3, 6, 4), (3, 3, 6, 3), (3, 3, 4, 3), (3, 3, 6, 3), (3, 3, 6, 4), (3, 3, 6, 3)]"
"(13, 12, 12, 24, 0)","[(1, 1, 4, 4)]"
"(13, 12, 12, 26, 0)","[('?', 2, 6, 4)]"
"(13, 12, 13, 2, 0)","[(3, 4, 7, 4), (3, '?', 2, 3), (3, 4, 2, 4), (3, 1, 2, 3), (3, 4, 7, 4), (3, 4, 2, 3), (3, 1, 2, 3), (3, 0, 7, 4), (3, 6, 7, 4), (3, 1, 7, 4), (3, 4, 2, 3), (3, 0, 2, 4), (3, '?', 7, 3), (3, '?', 2, 3), (3, '?', 7, 4), (3, '?', 7, 3)]"
"(13, 12, 13, 3, 0)","[('?', 3, 2, 4)]"
"(13, 12, 13, 10, 0)","[(1, '?', 7, 4)]"
"(13, 12, 13, 12, 0)","[('?', '?', 2, 4), ('?', '?', 7, 3)]"
"(13, 12, 13, 22, 0)","[(3, 3, 7, 3), (3, 3, 7, 3), (3, 3, 7, 3), (3, 3, 7, 3), (3, 3, 7, 4)]"
"(13, 12, 13, 23, 0)","[(3, 3, 2, 3)]"
"(13, 12, 13, 25, 0)","[('?', 0, 2, 3), ('?', '?', 7, 3), ('?', '?', 7, 4)]"
"(13, 12, 13, 26, 0)","[(3, 7, 2, 3), (3, 7, 2, 3)]"
"(13, 12, 15, 2, 0)","[(4, 3, 6, 3), (4, '?', 4, 4), (4, 0, 4, 4), (4, 3, 4, 4), (4, '?', 4, 4), (4, 3, 4, 4)]"
"(13, 12, 15, 5, 0)","[(4, 1, 4, 4), (4, 1, 6, 3), (4, 1, 6, 3), (4, 1, 6, 3), (4, 1, 6, 3), (4, 1, 4, 3), (4, 1, 4, 3), (4, 1, 4, 4), (4, 1, 4, 4), (4, 1, 4, 4), (4, 1, 4, 4), (4, 1, 4, 4)]"
"(13, 12, 15, 10, 0)","[(4, 5, 6, 3), (4, 4, 4, 4), (4, '?', 6, 3), (4, 5, 4, 3), (4, 4, 6, 4), (4, '?', 4, 3), (4, '?', 4, 4), (4, 0, 4, 4), (4, 0, 6, 3), (4, '?', 4, 3), (4, 0, 6, 3), (4, '?', 4, 3), (4, '?', 4, 4), (4, '?', 6, 4), (4, 0, 6, 4), (4, 5, 4, 3), (4, 0, 4, 4), (4, '?', 4, 4), (4, 2, 6, 3), (4, 0, 6, 4), (4, 4, 6, 4), (4, 4, 4, 4), (4, '?', 6, 3), (4, 3, 6, 4), (4, 3, 6, 3), (4, 0, 4, 4), (4, 3, 6, 3), (4, 3, 6, 4), (4, 5, 4, 4), (4, 0, 4, 4), (4, 3, 6, 3)]"
"(13, 12, 15, 13, 0)","[(4, 1, 7, 3), (4, 0, 2, 3), (4, 1, 7, 4), (4, 1, 2, 4), (4, 5, 7, 3), (4, '?', 7, 3)]"
"(13, 12, 15, 14, 0)","[(4, 1, 4, 4), (4, 1, 4, 3), (4, 1, 7, 4)]"
"(13, 12, 15, 15, 0)","[(4, '?', 7, 3), (4, '?', 7, 4), (4, 5, 2, 4)]"
"(13, 12, 15, 17, 0)","[(4, 4, 4, 4)]"
"(13, 12, 17, 3, 0)","[(1, 3, 4, 4)]"
"(13, 12, 17, 5, 0)","[(1, 0, 6, 4), (1, 1, 6, 4), (5, 0, 6, 4), (5, 0, 6, 3), (5, 1, 4, 4), (1, 0, 4, 4)]"
"(13, 12, 17, 10, 0)","[(1, 5, 4, 3), (1, 7, 6, 4), (1, 5, 6, 3), (1, 5, 6, 4), (1, 5, 4, 3), (1, 4, 6, 4)]"
"(13, 12, 17, 12, 0)","[(5, '?', 4, 4), (1, '?', 6, 4), (1, '?', 6, 3), (1, '?', 4, 4), (1, '?', 6, 4), (1, '?', 6, 4), (1, 5, 6, 3), (1, 0, 4, 3), (1, 2, 6, 4)]"
"(13, 12, 17, 17, 0)","[(5, 5, 4, 4), (5, 4, 6, 4), (1, 5, 6, 4), (1, 5, 6, 3), (1, 4, 6, 4), (1, 4, 6, 3), (5, 5, 4, 4), (1, 5, 4, 3)]"
"(13, 12, 17, 26, 0)","[(5, 7, 6, 4), (1, 7, 4, 4)]"
"(13, 12, 21, 2, 0)","[(3, 6, 6, 3), (3, 6, 6, 3)]"
"(13, 12, 21, 12, 0)","[(5, 6, 6, 4), (5, 6, 6, 4)]"
"(13, 12, 24, 2, 0)","[(3, 6, 4, 4)]"
"(13, 12, 25, 2, 0)","[(3, 0, 4, 4), (3, '?', 6, 3)]"
"(13, 12, 26, 2, 0)","[(3, 7, 6, 3), (3, 2, 4, 4)]"
"(13, 12, 26, 4, 0)","[(3, 2, 4, 4), (3, 2, 4, 4), ('?', 7, 4, 4), ('?', 2, 4, 3), (3, 7, 6, 3), (3, 2, 6, 3), (3, 7, 6, 4), ('?', 2, 6, 4), (5, 2, 4, 4), ('?', 2, 4, 3), (3, 7, 6, 3), (3, 2, 4, 4), (3, 7, 6, 4), (3, 2, 6, 3), (3, 2, 4, 4), ('?', 7, 4, 4), (3, 7, 6, 4)]"
"(13, 12, 26, 10, 0)","[(1, 7, 4, 3), (1, 2, 4, 3), (1, 2, 4, 3), (1, 7, 4, 3)]"
"(13, 12, 26, 12, 0)","[('?', 7, 4, 3), ('?', 2, 4, 3), (3, 2, 4, 4), ('?', 2, 4, 3), (1, 7, 4, 3), ('?', 7, 4, 3), (1, 7, 4, 3), (5, 2, 4, 4), ('?', 7, 4, 3), (5, 2, 4, 3), ('?', 7, 4, 3), (5, 2, 4, 4), ('?', 2, 4, 3), ('?', 7, 4, 3), (5, 2, 4, 3), ('?', 7, 4, 4), ('?', 7, 4, 4), ('?', 2, 4, 3), (5, 2, 4, 3), (1, 7, 4, 3), ('?', 7, 6, 4), ('?', 7, 4, 3)]"
"(13, 12, 26, 17, 0)","[(1, 2, 6, 3)]"
"(13, 12, 27, 13, 0)","[(0, 1, 7, 4)]"
"(13, 12, 27, 19, 0)","[(0, 3, 7, 4)]"
"(13, 12, 27, 22, 0)","[(0, 3, 7, 4), (0, 3, 2, 4), (0, 3, 7, 3), (0, 3, 7, 4)]"
"(13, 12, 27, 23, 0)","[(0, 3, 7, 3)]"
"(13, 12, 27, 24, 0)","[(0, 0, 2, 4)]"
"(13, 12, 27, 25, 0)","[(0, '?', 2, 4), (0, '?', 2, 3), (0, '?', 2, 3), (0, '?', 7, 3), (0, 1, 2, 4)]"
"(13, 12, 27, 26, 0)","[(0, 7, 7, 4)]"
"(13, 12, 27, 27, 0)","[(0, 3, 2, 3)]"
"(13, 13, 2, 1, 0)","[(4, 6, 2, 4), (4, 6, 2, 3)]"
"(13, 13, 2, 2, 0)","[(4, '?', 2, 3), (4, '?', 2, 3)]"
"(13, 13, 2, 9, 0)","[(4, 4, 7, 4), (4, 4, 2, 4), (4, 1, 7, 3), (4, 5, 2, 3), (4, 5, 7, 3), (4, 3, 7, 3), (4, 0, 7, 3), (4, 5, 7, 3), (4, 5, 2, 3), (4, 5, 7, 3)]"
"(13, 13, 2, 11, 0)","[(4, 5, 2, 4), (4, 5, 2, 3), (4, 4, 7, 4), (4, 5, 2, 3)]"
"(13, 13, 2, 13, 0)","[(4, '?', 2, 3), (4, 4, 2, 3), (4, 1, 2, 3), (4, 4, 2, 3), (4, 0, 2, 3), (4, 4, 2, 4), (4, 5, 2, 3), (4, 4, 2, 4), (4, 0, 7, 4), (4, '?', 2, 3), (4, 0, 7, 3), (4, '?', 2, 4)]"
"(13, 13, 2, 14, 0)","[(4, 1, 2, 4), (4, 1, 2, 4), (4, 1, 7, 3), (4, 1, 7, 3), (4, 0, 7, 4)]"
"(13, 13, 2, 15, 0)","[(4, '?', 2, 3), (4, '?', 2, 4)]"
"(13, 13, 2, 16, 0)","[(4, 4, 2, 3), (4, 4, 7, 3), (4, 4, 7, 4), (4, 4, 2, 3), (4, 4, 7, 3), (4, 4, 7, 3), (4, 4, 2, 4), (4, 4, 2, 4), (4, 4, 7, 4), (4, 4, 2, 4), (4, 4, 2, 3), (4, 4, 7, 3), (4, 5, 2, 3), (4, 4, 2, 3), (4, 4, 7, 3), (4, 4, 7, 3), (4, 4, 2, 4)]"
"(13, 13, 2, 19, 0)","[(4, 3, 2, 3)]"
"(13, 13, 2, 21, 0)","[(4, 6, 2, 4)]"
"(13, 13, 2, 23, 0)","[(4, 3, 2, 4), (4, 3, 7, 4)]"
"(13, 13, 2, 24, 0)","[(4, 6, 7, 3)]"
"(13, 13, 2, 25, 0)","[(4, 0, 2, 3), (4, 3, 7, 3), (4, 6, 2, 3)]"
"(13, 13, 2, 26, 0)","[(4, 7, 2, 4), (4, 7, 2, 3), (4, 7, 2, 3), (4, 7, 2, 4), (4, 2, 2, 3), (4, 2, 7, 3), (4, 2, 7, 3), (4, 2, 2, 4), (4, 2, 2, 4), (4, 7, 2, 3), (4, 7, 2, 4), (4, 2, 7, 3), (4, 2, 2, 3), (4, 2, 7, 3), (4, 2, 2, 3), (4, 2, 2, 4)]"
"(13, 13, 3, 2, 0)","[(3, 5, 2, 3), (3, 5, 7, 4), (3, 5, 2, 3), (3, 5, 2, 3), (3, 5, 2, 3), (3, 5, 7, 3), (3, 5, 7, 4), (3, 5, 7, 3), (3, 5, 7, 3), (3, 5, 7, 4), (3, 5, 7, 3)]"
"(13, 13, 3, 10, 0)","[(1, 5, 7, 4), (5, 5, 2, 3), (5, 5, 7, 4), (1, 5, 7, 3), (5, 5, 7, 4), (1, 5, 7, 4), (1, 5, 2, 4), (5, 5, 2, 3), (1, 5, 2, 3), (5, 5, 2, 4), (5, 5, 2, 4), (1, 5, 7, 3), (5, 5, 7, 3), (5, 5, 2, 4), (5, 5, 2, 3), (1, 5, 7, 3), (1, 5, 2, 4)]"
"(13, 13, 3, 13, 0)","[('?', 5, 7, 4), ('?', 5, 2, 3), ('?', 5, 7, 4), ('?', 5, 2, 4), ('?', 5, 2, 4), ('?', 5, 7, 3), ('?', 5, 7, 4), (3, 5, 2, 3), (3, 5, 2, 3), ('?', 5, 2, 3), ('?', 5, 2, 3), ('?', 5, 2, 3), ('?', 5, 7, 3), (3, 5, 7, 4), ('?', 5, 7, 4), ('?', 5, 2, 3), ('?', 5, 2, 4)]"
"(13, 13, 3, 17, 0)","[(1, 5, 2, 3), (1, 5, 7, 3), (1, 5, 2, 3), (1, 5, 7, 3), (5, 5, 7, 3), (1, 5, 2, 4), (1, 5, 2, 4), (5, 5, 2, 3), (1, 5, 7, 4)]"
"(13, 13, 3, 20, 0)","[(2, 5, 7, 3)]"
"(13, 13, 3, 23, 0)","[(3, 5, 7, 4), (3, 5, 7, 3)]"
"(13, 13, 3, 25, 0)","[('?', 5, 7, 4), ('?', 5, 2, 3), ('?', 5, 2, 4), ('?', 5, 7, 4), ('?', 5, 2, 4), ('?', 5, 7, 3), (5, 5, 2, 4), (5, 5, 2, 4), (5, 5, 7, 4), ('?', 5, 7, 3), ('?', 5, 7, 3), (5, 5, 7, 3), ('?', 5, 7, 4), ('?', 5, 2, 4), ('?', 5, 2, 3), ('?', 5, 2, 4), (5, 5, 7, 4)]"
"(13, 13, 3, 27, 0)","[(0, 5, 2, 3), (0, 5, 7, 3), (0, 5, 7, 3), (0, 5, 7, 3), (0, 5, 7, 3), (0, 5, 2, 3), (0, 5, 7, 3), (0, 5, 7, 3)]"
"(13, 13, 4, 9, 0)","[('?', 4, 2, 4)]"
"(13, 13, 6, 13, 0)","[('?', 2, 5, 4)]"
"(13, 13, 6, 25, 0)","[(2, 7, 5, 3)]"
"(13, 13, 7, 1, 0)","[(0, 0, 2, 3), (0, 0, 2, 3)]"
"(13, 13, 7, 3, 0)","[(0, 3, 2, 4)]"
"(13, 13, 7, 9, 0)","[(0, 4, 2, 4), (0, 4, 2, 4)]"
"(13, 13, 7, 11, 0)","[(0, 0, 7, 4), (0, '?', 7, 4), (0, 0, 7, 4), (0, '?', 7, 4), (0, '?', 7, 4), (0, '?', 7, 4)]"
"(13, 13, 7, 14, 0)","[(0, 1, 7, 4), (0, 1, 2, 3), (0, 0, 2, 4), (0, 1, 2, 4), (0, 1, 7, 4), (0, 0, 2, 4), (0, 1, 2, 4), (0, 1, 2, 3), (0, 1, 2, 3), (0, 0, 2, 4), (0, 0, 2, 3), (0, 1, 2, 4), (0, 0, 2, 3), (0, 1, 2, 3)]"
"(13, 13, 7, 15, 0)","[(0, 4, 7, 4), (0, '?', 2, 4), (0, 4, 2, 4), (0, '?', 2, 4), (0, '?', 2, 3)]"
"(13, 13, 7, 16, 0)","[(0, 0, 7, 3), (0, 4, 2, 3), (0, 4, 2, 3)]"
"(13, 13, 7, 19, 0)","[(0, 3, 2, 3), (0, 3, 7, 4), (0, 3, 7, 4)]"
"(13, 13, 7, 22, 0)","[(0, 3, 7, 4), (0, 3, 7, 3), (0, 3, 7, 3), (0, 3, 7, 3), (0, 3, 2, 4), (0, 3, 7, 3), (0, 3, 7, 4), (0, 3, 2, 4)]"
"(13, 13, 7, 24, 0)","[(0, 1, 2, 4), (0, 1, 7, 4), (0, 1, 2, 4), (0, 6, 2, 3), (0, 6, 2, 3), (0, 0, 2, 4), (0, 0, 7, 3), (0, 1, 2, 3)]"
"(13, 13, 7, 25, 0)","[(0, 3, 7, 3), (0, '?', 2, 3), (0, 3, 2, 4), (0, '?', 2, 3), (0, '?', 7, 3), (0, 7, 7, 4), (0, '?', 7, 4), (0, 0, 2, 4), (0, 1, 7, 4), (0, 0, 7, 3), (0, 7, 7, 4), (0, 1, 7, 4), (0, 7, 7, 3), (0, '?', 2, 4), (0, 1, 7, 4), (0, '?', 7, 3), (0, 6, 7, 4), (0, 7, 7, 3), (0, '?', 2, 4), (0, 0, 2, 4), (0, 4, 7, 4), (0, 0, 7, 4)]"
"(13, 13, 7, 26, 0)","[(0, 7, 2, 4), (0, 7, 2, 4), (0, 2, 2, 4), (0, 7, 2, 4), (0, 7, 7, 4), (0, 7, 2, 4), (0, 2, 2, 4), (0, 7, 2, 4), (0, 7, 7, 4)]"
"(13, 13, 7, 27, 0)","[(0, 0, 2, 3)]"
"(13, 13, 8, 23, 0)","[(3, 5, 2, 3)]"
"(13, 13, 9, 13, 0)","[(2, '?', 5, 3)]"
"(13, 13, 10, 3, 0)","[(5, 3, 2, 4), (1, 3, 7, 3), (5, 3, 2, 4), (5, 3, 2, 3), (5, 3, 7, 3)]"
"(13, 13, 10, 5, 0)","[(5, 1, 2, 3), (5, 1, 2, 3), (1, 1, 7, 4)]"
"(13, 13, 10, 9, 0)","[(1, '?', 2, 4), (1, '?', 2, 3), (5, '?', 2, 4), (1, 0, 2, 3), (1, 0, 2, 4), (1, 6, 7, 3), (5, '?', 2, 4), (1, 0, 2, 3), (1, 1, 7, 3), (1, '?', 2, 3), (1, 0, 2, 4), (5, 6, 2, 3), (1, 1, 2, 4), (1, 6, 7, 3), (5, 0, 7, 4), (1, '?', 7, 4), (5, '?', 2, 4), (1, 6, 7, 3), (1, '?', 2, 4), (1, '?', 7, 3), (1, 6, 7, 3), (1, 5, 2, 4), (1, 3, 2, 3), (1, 0, 2, 3)]"
"(13, 13, 10, 10, 0)","[(1, 7, 2, 4), (1, 1, 2, 3), (5, '?', 2, 4), (1, 2, 7, 4), (1, '?', 2, 3), (1, '?', 7, 4), (5, 1, 7, 3), (1, 2, 2, 3), (1, 2, 7, 4), (1, '?', 2, 3), (1, '?', 7, 4), (1, '?', 2, 3), (1, 7, 2, 4), (1, 2, 2, 4)]"
"(13, 13, 10, 12, 0)","[(1, 1, 7, 4)]"
"(13, 13, 10, 13, 0)","[(5, 0, 7, 4), (1, 0, 7, 3), (1, 1, 7, 3)]"
"(13, 13, 10, 14, 0)","[(5, 1, 2, 3), (5, 1, 7, 4), (1, 1, 2, 3), (1, 0, 2, 3)]"
"(13, 13, 10, 21, 0)","[(5, 6, 2, 3), (5, 6, 7, 3), (5, 6, 2, 4)]"
"(13, 13, 10, 22, 0)","[(5, 3, 2, 4), (1, 3, 2, 3), (1, 3, 7, 4), (1, 3, 2, 3)]"
"(13, 13, 10, 23, 0)","[(1, 3, 7, 3), (1, 3, 7, 3), (5, 3, 7, 3), (1, 3, 2, 3), (1, 3, 7, 4), (5, 3, 7, 3), (1, 3, 2, 3), (5, 3, 2, 3), (5, 3, 2, 3)]"
"(13, 13, 10, 24, 0)","[(1, 1, 2, 4), (5, 1, 2, 3), (1, 1, 7, 3), (1, 1, 2, 4), (5, 1, 2, 3), (1, 6, 2, 4)]"
"(13, 13, 10, 25, 0)","[(1, '?', 7, 3), (1, 6, 7, 3), (1, 2, 2, 4), (1, '?', 2, 4), (1, 0, 7, 3), (1, 0, 7, 3), (1, 1, 2, 4), (1, 1, 2, 3), (1, 0, 2, 3), (5, '?', 2, 4), (5, 0, 7, 4), (5, 6, 7, 3), (5, 6, 7, 3), (1, '?', 2, 3), (1, 7, 7, 4), (1, '?', 2, 4), (5, 2, 2, 4), (5, 1, 2, 3), (1, 1, 2, 3), (1, 0, 7, 3), (5, 0, 2, 4), (1, '?', 7, 3), (1, 7, 7, 4), (1, '?', 2, 3), (5, 0, 2, 4), (1, 2, 7, 4)]"
"(13, 13, 10, 26, 0)","[(5, 2, 2, 3), (1, 2, 2, 3), (5, 2, 7, 4), (5, 7, 7, 4), (5, 2, 2, 3), (5, 2, 2, 3), (1, 2, 7, 3), (5, 2, 2, 4), (5, 2, 2, 3), (1, 7, 7, 3), (1, 7, 7, 3), (5, 2, 7, 3), (1, 2, 2, 3), (5, 2, 2, 4), (1, 2, 2, 3), (1, 7, 7, 4), (1, 2, 7, 3)]"
"(13, 13, 11, 2, 0)","[(3, 4, 2, 4)]"
"(13, 13, 12, 13, 0)","[('?', '?', 7, 3)]"
"(13, 13, 13, 2, 0)","[(3, 1, 7, 4), (3, 1, 7, 3), (3, 1, 2, 4), (3, 0, 2, 4), (3, 4, 2, 4), (3, 1, 7, 4), (3, 1, 7, 3), (3, 1, 2, 3), (3, 6, 2, 4), (3, 6, 2, 3), (3, 4, 7, 4), (3, '?', 2, 3), (3, '?', 7, 3), (3, 4, 7, 4)]"
"(13, 13, 13, 3, 0)","[('?', 3, 7, 3), ('?', 3, 2, 4), ('?', 3, 2, 3)]"
"(13, 13, 13, 5, 0)","[('?', 1, 7, 3), ('?', 0, 7, 4), ('?', 0, 7, 4)]"
"(13, 13, 13, 9, 0)","[(5, 4, 7, 4), (5, 4, 7, 4), ('?', 4, 7, 4), ('?', 4, 7, 4), ('?', 4, 2, 4), (5, 4, 2, 3), (5, 4, 7, 4), ('?', 4, 2, 4), (5, 4, 2, 4), ('?', 4, 7, 4), ('?', 4, 7, 4), ('?', 4, 7, 4), ('?', 0, 2, 4), ('?', 4, 2, 4)]"
"(13, 13, 13, 11, 0)","[('?', 4, 7, 4), ('?', 4, 2, 4)]"
"(13, 13, 13, 13, 0)","[('?', 0, 7, 3), ('?', 0, 7, 3), (3, '?', 2, 3), ('?', '?', 2, 3)]"
"(13, 13, 13, 14, 0)","[(3, 1, 2, 4), (3, 1, 7, 3), (3, 1, 2, 4), (3, 1, 2, 3), (3, 1, 2, 3), (3, 1, 2, 3)]"
"(13, 13, 13, 16, 0)","[(3, 4, 2, 3), (3, 4, 2, 4), (3, 5, 2, 3), (3, 4, 2, 4), (3, 4, 2, 3), (3, 4, 7, 4), (3, 4, 7, 4), (3, 4, 2, 4), (3, 4, 2, 3), (3, 4, 7, 4), (3, 4, 2, 3)]"
"(13, 13, 13, 19, 0)","[('?', 3, 7, 3)]"
"(13, 13, 13, 20, 0)","[(2, 0, 2, 3), (2, '?', 7, 3), (2, '?', 7, 4)]"
"(13, 13, 13, 23, 0)","[(3, 3, 7, 3), (3, 3, 2, 4), (3, 3, 7, 3), (3, 3, 7, 3)]"
"(13, 13, 13, 24, 0)","[(5, 1, 5, 3)]"
"(13, 13, 13, 25, 0)","[(2, 3, 7, 3), ('?', 0, 2, 3), (5, 4, 7, 4)]"
"(13, 13, 13, 26, 0)","[('?', 7, 2, 3), ('?', 2, 2, 4), ('?', 2, 2, 4), (5, 7, 7, 3), (5, 7, 2, 3), (5, 2, 7, 3), (0, 2, 2, 3), (1, 7, 7, 3), (0, 2, 7, 4)]"
"(13, 13, 15, 2, 0)","[(4, '?', 2, 4), (4, 3, 7, 3), (4, '?', 2, 3), (4, 4, 7, 4), (4, 1, 2, 3), (4, 3, 2, 3), (4, 3, 7, 3), (4, '?', 7, 3), (4, 0, 7, 3), (4, '?', 7, 4), (4, 3, 2, 3), (4, 3, 2, 4), (4, '?', 7, 4), (4, 5, 2, 4)]"
"(13, 13, 15, 13, 0)","[(4, 5, 7, 3), (4, 4, 7, 4)]"
"(13, 13, 15, 14, 0)","[(4, 1, 7, 4), (4, 1, 2, 4), (4, 1, 7, 4)]"
"(13, 13, 15, 15, 0)","[(4, 0, 7, 4), (4, 1, 7, 3), (4, 0, 2, 3), (4, 5, 2, 4), (4, 4, 7, 4), (4, 1, 7, 3), (4, 0, 7, 3), (4, 0, 7, 4), (4, 4, 2, 4), (4, 1, 7, 4), (4, 1, 2, 3), (4, '?', 7, 4), (4, 3, 2, 3), (4, '?', 7, 4), (4, 0, 7, 3), (4, 0, 7, 4), (4, 1, 7, 3), (4, '?', 7, 3), (4, 3, 2, 3), (4, 3, 2, 4)]"
"(13, 13, 15, 24, 0)","[(4, 1, 7, 4), (4, 1, 7, 3), (4, 1, 2, 4), (4, 1, 7, 4)]"
"(13, 13, 15, 26, 0)","[(4, 2, 2, 3), (4, 7, 2, 4)]"
"(13, 13, 17, 3, 0)","[(5, 3, 7, 3), (1, 3, 7, 3), (1, 3, 2, 3), (1, 3, 2, 3), (1, 3, 7, 4), (1, 3, 7, 4), (5, 3, 7, 3), (5, 3, 2, 4), (1, 3, 7, 3), (5, 3, 2, 3), (5, 3, 2, 4), (5, 3, 2, 3), (5, 3, 2, 4), (1, 3, 7, 4), (5, 3, 2, 3), (5, 3, 2, 4), (5, 3, 7, 3)]"
"(13, 13, 17, 5, 0)","[(1, 0, 2, 3), (5, 1, 7, 3), (5, 1, 7, 4), (5, 1, 7, 3), (5, 0, 7, 4), (5, 1, 7, 3), (5, 0, 7, 4), (1, 1, 7, 3), (5, 1, 7, 3), (1, 0, 2, 3), (5, 1, 7, 3), (1, 1, 2, 4), (1, 1, 7, 3), (5, 0, 7, 4), (5, 1, 2, 3), (1, 1, 7, 4), (1, 0, 2, 4)]"
"(13, 13, 17, 9, 0)","[(5, '?', 2, 3), (5, 7, 2, 3), (1, '?', 7, 3), (5, 4, 2, 3), (5, '?', 2, 3), (1, '?', 7, 3), (5, 4, 2, 3), (5, 4, 2, 4), (1, 0, 7, 3), (1, '?', 2, 4), (1, 4, 2, 4), (1, 4, 2, 4), (5, 5, 7, 3), (1, 4, 2, 4), (1, 4, 2, 4)]"
"(13, 13, 17, 10, 0)","[(1, 1, 7, 3), (1, 1, 7, 3), (5, 0, 7, 3), (1, 0, 7, 3)]"
"(13, 13, 17, 12, 0)","[(5, 3, 7, 3), (1, 0, 2, 4), (5, 0, 2, 4)]"
"(13, 13, 17, 13, 0)","[(5, 6, 2, 4), (1, 6, 7, 3), (1, 2, 7, 4)]"
"(13, 13, 17, 14, 0)","[(1, 1, 2, 4), (1, 1, 2, 3), (1, 1, 7, 3)]"
"(13, 13, 17, 17, 0)","[(5, 4, 7, 4), (5, 4, 2, 4), (5, 4, 7, 4), (5, 4, 2, 4), (1, 4, 7, 3), (1, 4, 7, 3), (5, 4, 2, 3), (1, 4, 2, 4), (1, 4, 7, 3), (1, 4, 2, 3), (1, 4, 2, 3), (1, 4, 2, 3), (1, 4, 2, 4), (5, 4, 2, 4), (1, 4, 2, 3), (5, 5, 7, 3), (1, 5, 2, 3), (1, 4, 2, 3), (1, 4, 2, 4), (5, 5, 2, 3), (1, '?', 2, 3), (5, 4, 2, 3), (1, 4, 7, 3), (1, 4, 7, 3), (1, 4, 7, 3), (5, 4, 7, 4), (1, 5, 2, 3)]"
"(13, 13, 17, 21, 0)","[(1, 6, 7, 3)]"
"(13, 13, 17, 24, 0)","[(5, 6, 2, 3)]"
"(13, 13, 17, 26, 0)","[(1, 7, 7, 3), (5, 2, 2, 3), (5, 2, 7, 3), (5, 7, 2, 4), (5, 7, 7, 3), (1, 7, 7, 3), (5, 7, 7, 4), (5, 2, 7, 4), (1, 7, 7, 4), (5, 7, 7, 4), (5, 2, 2, 4), (5, 2, 2, 3), (5, 2, 7, 4), (5, 7, 7, 4), (1, 2, 7, 4), (5, 2, 2, 4), (5, 7, 2, 4), (1, 7, 2, 4), (1, 7, 2, 4), (1, 2, 7, 3), (1, 2, 2, 4), (5, 7, 2, 4), (1, 2, 2, 3), (5, 2, 2, 3), (5, 2, 7, 4)]"
"(13, 13, 20, 9, 0)","[(2, 4, 5, 4)]"
"(13, 13, 20, 13, 0)","[(2, 7, 2, 3), (2, 2, 7, 4)]"
"(13, 13, 20, 14, 0)","[(2, 0, 7, 3)]"
"(13, 13, 20, 23, 0)","[(2, 3, 7, 3)]"
"(13, 13, 20, 25, 0)","[(2, 0, 2, 3), (2, '?', 2, 3), (2, '?', 7, 3), (2, '?', 2, 3)]"
"(13, 13, 20, 26, 0)","[(2, 2, 2, 3)]"
"(13, 13, 21, 17, 0)","[(1, 6, 2, 4), (5, 6, 7, 4), (5, 6, 2, 4)]"
"(13, 13, 24, 13, 0)","[(5, 6, 7, 4), ('?', 6, 7, 3), (5, 6, 7, 4), (1, 6, 7, 4), (5, 6, 2, 4)]"
"(13, 13, 24, 24, 0)","[('?', 6, 7, 4)]"
"(13, 13, 25, 2, 0)","[(3, 1, 7, 4), (3, '?', 7, 4), (3, 1, 7, 4), (3, 6, 2, 4), (3, 1, 2, 4), (3, 1, 2, 3), (3, 1, 7, 3), (3, 6, 2, 4), (3, 6, 2, 4), (3, 1, 7, 4), (3, 1, 2, 3), (3, 7, 7, 4), (3, 6, 2, 3), (3, 0, 7, 4), (3, 1, 2, 4)]"
"(13, 13, 25, 3, 0)","[('?', 3, 2, 3), ('?', 3, 2, 3), ('?', 3, 7, 3), ('?', 3, 7, 3), ('?', 3, 7, 3), ('?', 3, 2, 3), ('?', 3, 2, 4), ('?', 3, 2, 3), ('?', 3, 2, 4), ('?', 3, 2, 3), ('?', 3, 2, 4), (0, 3, 7, 3), ('?', 3, 2, 3)]"
"(13, 13, 25, 7, 0)","[(0, 2, 7, 4)]"
"(13, 13, 25, 9, 0)","[(5, 4, 2, 4), (5, 4, 2, 4), (5, 4, 7, 4), (5, 4, 2, 4), (5, 4, 2, 4), ('?', 4, 2, 4), ('?', '?', 2, 3), ('?', '?', 2, 3)]"
"(13, 13, 25, 12, 0)","[(5, 2, 2, 4)]"
"(13, 13, 25, 13, 0)","[('?', '?', 2, 3), ('?', '?', 2, 3), ('?', 0, 7, 4), ('?', '?', 2, 3), ('?', 0, 2, 3), ('?', '?', 2, 4), (5, 7, 2, 4), ('?', '?', 2, 4), (5, 4, 7, 4), (5, 5, 7, 4), (0, 2, 2, 3)]"
"(13, 13, 25, 20, 0)","[(2, 3, 7, 3)]"
"(13, 13, 25, 21, 0)","[('?', 6, 7, 3)]"
"(13, 13, 25, 23, 0)","[(3, 3, 2, 4), (3, 3, 7, 4), (3, 3, 2, 4), (3, 3, 2, 4), (3, 3, 7, 4), (3, 3, 2, 3), (3, 3, 2, 4), (3, 3, 2, 4)]"
"(13, 13, 25, 24, 0)","[('?', 1, 7, 3), ('?', 1, 7, 3), ('?', 1, 7, 3), ('?', 1, 7, 3), ('?', 1, 7, 3), (5, 1, 7, 3), (5, 1, 7, 4)]"
"(13, 13, 25, 25, 0)","[('?', 0, 7, 3), ('?', '?', 7, 3), (1, 7, 7, 4), ('?', '?', 2, 3), ('?', 0, 7, 3), (5, 7, 7, 4), ('?', 1, 7, 3), (5, '?', 2, 3), ('?', '?', 2, 4), ('?', 6, 7, 3), (5, 1, 7, 3), (1, 5, 7, 4), ('?', 0, 7, 4), ('?', 6, 2, 3), (5, 0, 7, 3), (5, 2, 7, 3), (5, 1, 7, 4), (5, 0, 7, 3), (5, 6, 7, 3), (5, 7, 2, 3), (5, 6, 7, 3), ('?', 6, 2, 3), ('?', 0, 7, 3), ('?', 6, 7, 3), ('?', '?', 7, 4), (5, 0, 7, 3), (5, 5, 7, 3), ('?', 0, 2, 4), ('?', 0, 7, 4), ('?', '?', 7, 4), ('?', '?', 7, 3), (2, '?', 2, 4), ('?', 0, 2, 4), (5, 7, 7, 3), ('?', '?', 7, 3), ('?', 0, 7, 3), ('?', 0, 2, 4), ('?', '?', 7, 4), (1, 6, 7, 4), (1, 7, 7, 4), ('?', 0, 7, 3), (5, 6, 2, 3), (1, 6, 7, 4), ('?', '?', 2, 4), ('?', 0, 2, 4), (1, 7, 7, 4), ('?', 6, 2, 3), ('?', 0, 2, 3), ('?', 0, 2, 3), ('?', '?', 7, 4), ('?', 0, 2, 4), ('?', 3, 7, 3), ('?', 0, 7, 3), (5, 1, 7, 4), (1, 1, 7, 4), (5, 7, 7, 4), ('?', '?', 7, 4), ('?', 0, 2, 4)]"
"(13, 13, 25, 26, 0)","[('?', 2, 2, 3), ('?', 2, 2, 4), ('?', 2, 2, 3), ('?', 2, 7, 3), (5, 7, 2, 4), ('?', 7, 7, 3), (5, 7, 7, 4), (0, 2, 7, 4), (0, 2, 7, 4), (0, 2, 2, 3)]"
"(13, 13, 25, 27, 0)","[(7, 0, 2, 3)]"
"(13, 13, 26, 2, 0)","[(3, 7, 7, 3)]"
"(13, 13, 26, 6, 0)","[('?', 7, 7, 3), ('?', 2, 7, 3), ('?', 2, 7, 3)]"
"(13, 13, 26, 9, 0)","[('?', 2, 2, 3)]"
"(13, 13, 26, 12, 0)","[('?', 2, 7, 3), (5, 7, 2, 3), ('?', 2, 7, 3)]"
"(13, 13, 26, 13, 0)","[('?', 7, 2, 3), ('?', 7, 2, 3), ('?', 2, 7, 3), ('?', 2, 2, 4), ('?', 2, 2, 4), ('?', 2, 2, 3), ('?', 7, 2, 3), ('?', 2, 2, 4), ('?', 2, 7, 3), (5, 2, 2, 3), ('?', 7, 7, 3)]"
"(13, 13, 26, 17, 0)","[(5, 2, 7, 3), (5, 7, 7, 3)]"
"(13, 13, 26, 23, 0)","[(3, 7, 2, 3)]"
"(13, 13, 26, 25, 0)","[('?', 7, 2, 3), ('?', 7, 2, 3), (5, 2, 7, 4), (5, 2, 7, 3), (1, 7, 2, 4), ('?', 2, 2, 3), (5, 7, 2, 4), (5, 2, 7, 3), (0, 2, 2, 4)]"
"(13, 13, 26, 26, 0)","[('?', 2, 7, 3)]"
"(13, 13, 27, 1, 0)","[(0, 0, 7, 4), (0, 0, 2, 3), (0, 1, 7, 4)]"
"(13, 13, 27, 3, 0)","[(0, 3, 2, 3)]"
"(13, 13, 27, 6, 0)","[(0, 7, 7, 3), (0, 2, 7, 4), (0, 2, 2, 4), (0, 2, 2, 4), (0, 2, 2, 4), (0, 7, 7, 3)]"
"(13, 13, 27, 9, 0)","[(0, 0, 7, 3), (0, 7, 7, 3), (2, '?', 2, 3), (0, 2, 7, 4)]"
"(13, 13, 27, 11, 0)","[(0, 4, 2, 4), (0, 4, 2, 4), (0, 4, 7, 3), (0, 4, 2, 3), (0, 0, 7, 3), (0, '?', 7, 4), (0, 4, 2, 4), (0, 4, 2, 4)]"
"(13, 13, 27, 13, 0)","[(0, 4, 2, 3)]"
"(13, 13, 27, 15, 0)","[(0, 4, 7, 3)]"
"(13, 13, 27, 16, 0)","[(0, 4, 7, 3), (0, 4, 7, 4), (0, 4, 2, 4), (0, 4, 7, 3), (0, 4, 2, 3), (0, 4, 7, 3), (0, 4, 7, 3), (0, 4, 7, 3), (0, 4, 2, 3), (0, 4, 7, 4), (0, 4, 7, 4), (0, 4, 2, 3), (0, 4, 2, 4), (0, 4, 7, 4), (0, 4, 7, 3)]"
"(13, 13, 27, 19, 0)","[(0, 3, 2, 3)]"
"(13, 13, 27, 22, 0)","[(0, 3, 2, 3), (0, 3, 2, 4), (0, 3, 7, 4), (0, 3, 2, 4)]"
"(13, 13, 27, 23, 0)","[(0, 3, 2, 3)]"
"(13, 13, 27, 24, 0)","[(0, 0, 2, 3), (0, 1, 2, 4), (0, 0, 2, 4), (0, 0, 2, 3), (0, 0, 7, 4)]"
"(13, 13, 27, 25, 0)","[(0, '?', 7, 4), (0, 1, 7, 4), (0, '?', 2, 3), (0, 4, 7, 3), (0, '?', 7, 3), (0, '?', 2, 4), (0, '?', 2, 3), (0, 0, 7, 3), (0, '?', 7, 3), (0, '?', 7, 4), (0, '?', 7, 3)]"
"(13, 13, 27, 27, 0)","[(0, 4, 2, 3), (0, 4, 7, 3), (0, '?', 2, 4)]"
"(13, 15, 6, 6, 0)","[(4, 2, 0, 3), (4, 2, 0, 3), (4, 2, 0, 3), (4, 7, 0, 4)]"
"(13, 15, 6, 15, 0)","[(4, 2, 3, 3), (4, 7, 0, 4)]"
"(13, 15, 6, 16, 0)","[(4, 2, 3, 3), (4, 7, 3, 3), (4, 2, 3, 3)]"
"(13, 15, 9, 4, 0)","[(4, 5, 1, 3)]"
"(13, 15, 9, 12, 0)","[(6, 3, 1, 4)]"
"(13, 15, 9, 13, 0)","[(4, 5, 5, 3), (4, 5, 5, 4), (4, 3, 5, 3), (4, 3, 5, 3), (4, 0, 5, 3), (4, 5, 5, 4), (4, 5, 5, 3)]"
"(13, 15, 9, 26, 0)","[(4, 7, 1, 4), (4, 7, 1, 4), (4, 2, 5, 3), (4, 2, 5, 3)]"
"(13, 15, 11, 11, 0)","[(4, '?', 0, 3), (4, '?', 0, 4), (4, 3, 3, 3), (4, '?', 3, 4), (4, 3, 0, 3), (4, 5, 0, 3), (4, 5, 3, 3), (4, '?', 0, 3), (4, 5, 3, 3), (4, 3, 0, 4), (4, '?', 3, 4), (4, 3, 3, 4), (4, 3, 3, 3), (4, '?', 0, 3)]"
"(13, 15, 11, 15, 0)","[(4, '?', 3, 3)]"
"(13, 15, 11, 16, 0)","[(4, 5, 3, 3)]"
"(13, 15, 11, 22, 0)","[(4, 3, 0, 3)]"
"(13, 15, 11, 24, 0)","[(4, 1, 0, 3)]"
"(13, 15, 11, 25, 0)","[(4, '?', 3, 4)]"
"(13, 15, 13, 25, 0)","[(4, 0, 7, 3), (4, 0, 7, 4)]"
"(13, 15, 13, 26, 0)","[(4, 2, 2, 3)]"
"(13, 15, 15, 1, 0)","[(4, 1, 3, 4), (4, 0, 0, 4)]"
"(13, 15, 15, 6, 0)","[(4, 7, 3, 3)]"
"(13, 15, 15, 9, 0)","[(4, 3, 5, 3)]"
"(13, 15, 15, 13, 0)","[(4, 5, 5, 4), (4, '?', 2, 4)]"
"(13, 15, 15, 14, 0)","[(4, 0, 5, 4)]"
"(13, 15, 16, 6, 0)","[(4, 7, 3, 3), (4, 2, 0, 3)]"
"(13, 15, 16, 11, 0)","[(4, '?', 0, 4)]"
"(13, 15, 16, 13, 0)","[(4, 5, 5, 3), (4, 5, 5, 3)]"
"(13, 15, 16, 16, 0)","[(4, 5, 0, 3), (4, 5, 0, 3), (4, 5, 0, 3), (4, 5, 0, 3), (4, 5, 0, 3), (4, 5, 3, 3), (4, 5, 0, 3), (4, 5, 0, 3)]"
"(13, 15, 26, 15, 0)","[(4, 7, 2, 4)]"
"(13, 16, 1, 1, 0)","[(6, 6, 3, 3), (6, 6, 3, 3), (6, 6, 3, 4)]"
"(13, 16, 1, 11, 0)","[(6, 6, 0, 3), (6, 6, 0, 3), (6, 6, 3, 3), (6, 6, 0, 4)]"
"(13, 16, 1, 15, 0)","[(6, 6, 3, 4), (6, 6, 3, 3)]"
"(13, 16, 1, 24, 0)","[(6, 6, 0, 4), (6, 6, 3, 4), (6, 6, 3, 4), (6, 6, 0, 4), (6, 6, 3, 4)]"
"(13, 16, 1, 25, 0)","[(6, 6, 0, 4), (6, 6, 3, 3)]"
"(13, 16, 2, 5, 0)","[(6, 1, 1, 4)]"
"(13, 16, 3, 9, 0)","[(6, 5, 1, 4), (6, 5, 1, 4), (6, 5, 1, 4)]"
"(13, 16, 3, 10, 0)","[(6, 5, 1, 4)]"
"(13, 16, 3, 13, 0)","[(6, 5, 5, 4)]"
"(13, 16, 4, 3, 0)","[(6, 3, 1, 3)]"
"(13, 16, 4, 4, 0)","[(6, 0, 1, 3)]"
"(13, 16, 4, 5, 0)","[(6, 1, 1, 4), (6, 0, 1, 4), (6, 0, 1, 4), (6, 1, 1, 4), (6, 1, 1, 4), (6, 0, 1, 4)]"
"(13, 16, 4, 9, 0)","[(6, 4, 1, 3)]"
"(13, 16, 4, 12, 0)","[(6, '?', 1, 3)]"
"(13, 16, 4, 25, 0)","[(6, 4, 1, 4)]"
"(13, 16, 6, 6, 0)","[(6, 2, 3, 4), (6, 7, 3, 4), (6, 2, 3, 4), (6, 2, 3, 4), (6, 2, 3, 4), (6, 7, 3, 4), (6, 2, 0, 3)]"
"(13, 16, 6, 11, 0)","[(6, 2, 3, 3), (6, 2, 0, 3), (6, 2, 0, 3), (6, 2, 3, 4)]"
"(13, 16, 6, 16, 0)","[(6, 2, 0, 4)]"
"(13, 16, 6, 25, 0)","[(6, 7, 3, 3), (6, 2, 3, 3)]"
"(13, 16, 8, 8, 0)","[(6, 5, 0, 3), (6, 5, 0, 4)]"
"(13, 16, 8, 11, 0)","[(6, 5, 3, 4), (6, 5, 0, 4), (6, 5, 0, 4)]"
"(13, 16, 8, 16, 0)","[(6, 5, 3, 4), (6, 5, 3, 4)]"
"(13, 16, 9, 4, 0)","[(6, 4, 1, 3)]"
"(13, 16, 9, 12, 0)","[(6, 4, 1, 3)]"
"(13, 16, 9, 26, 0)","[(6, 7, 1, 4), (6, 2, 1, 3)]"
"(13, 16, 11, 1, 0)","[(6, 0, 0, 3), (6, 1, 0, 4), (6, 1, 0, 3), (6, 0, 3, 4), (6, 0, 0, 3), (6, 1, 3, 3), (6, 1, 0, 3), (6, 0, 0, 3), (6, 1, 3, 3), (6, 1, 0, 4)]"
"(13, 16, 11, 5, 0)","[(6, 1, 0, 4)]"
"(13, 16, 11, 6, 0)","[(6, 2, 0, 4), (6, 2, 3, 3)]"
"(13, 16, 11, 11, 0)","[(6, '?', 0, 3), (6, 4, 0, 3), (6, 4, 0, 3), (6, '?', 3, 3), (6, 4, 3, 4), (6, '?', 0, 4), (6, 4, 3, 4), (6, 4, 3, 3), (6, 4, 0, 3), (6, 3, 3, 3), (6, 2, 0, 3)]"
"(13, 16, 11, 12, 0)","[(6, '?', 3, 3), (6, '?', 3, 4), (6, '?', 0, 4), (6, 2, 3, 3), (6, '?', 3, 4)]"
"(13, 16, 11, 16, 0)","[(6, 4, 3, 3), (6, 4, 0, 3), (6, 4, 3, 4)]"
"(13, 16, 11, 19, 0)","[(6, 3, 3, 3), (6, 3, 3, 4), (6, 3, 0, 4), (6, 3, 0, 3)]"
"(13, 16, 11, 24, 0)","[(6, 1, 0, 3), (6, 1, 0, 3), (6, 1, 0, 4), (6, 0, 0, 3), (6, 0, 3, 4), (6, 0, 0, 4), (6, 0, 0, 4), (6, 0, 0, 4), (6, 0, 3, 4), (6, 0, 0, 4), (6, 0, 0, 4), (6, 0, 3, 4), (6, 0, 3, 4), (6, 1, 0, 3), (6, 1, 0, 4), (6, 1, 0, 3), (6, 1, 3, 3), (6, 0, 3, 4), (6, 0, 3, 4), (6, 1, 0, 3), (6, 1, 0, 3), (6, 0, 0, 3), (6, 0, 3, 4), (6, 1, 0, 4), (6, 1, 0, 4), (6, 1, 3, 3), (6, 0, 3, 4)]"
"(13, 16, 11, 25, 0)","[(6, '?', 0, 3), (6, 4, 3, 4), (6, '?', 3, 4), (6, '?', 0, 3), (6, '?', 3, 4), (6, '?', 3, 3), (6, '?', 3, 4), (6, '?', 0, 4), (6, 3, 3, 4), (6, 7, 3, 3)]"
"(13, 16, 11, 26, 0)","[(6, 2, 0, 4), (6, 2, 0, 4), (6, 2, 3, 3), (6, 7, 3, 3), (6, 2, 0, 4), (6, 2, 3, 4), (6, 2, 3, 3)]"
"(13, 16, 12, 5, 0)","[(6, 1, 1, 4), (6, 1, 1, 4)]"
"(13, 16, 12, 9, 0)","[(6, '?', 1, 3), (6, '?', 1, 4), (6, 4, 1, 3)]"
"(13, 16, 12, 12, 0)","[(6, 3, 1, 3)]"
"(13, 16, 12, 26, 0)","[(6, 2, 1, 3), (6, 7, 1, 3), (6, 2, 1, 4)]"
"(13, 16, 13, 3, 0)","[(6, 3, 5, 4), (6, 3, 5, 4), (6, 3, 5, 4), (6, 3, 5, 3), (6, 3, 5, 4), (6, 3, 5, 3), (6, 3, 5, 3), (6, 3, 5, 4)]"
"(13, 16, 13, 5, 0)","[(6, 0, 5, 4), (6, 1, 5, 3), (6, 1, 5, 3), (6, 0, 5, 4), (6, 1, 5, 3)]"
"(13, 16, 13, 6, 0)","[(6, 2, 5, 3), (6, 2, 5, 3), (6, 2, 5, 3)]"
"(13, 16, 13, 9, 0)","[(6, 4, 5, 3), (6, 4, 5, 4), (6, 4, 5, 4)]"
"(13, 16, 13, 16, 0)","[(6, 4, 5, 4), (6, 4, 5, 4), (6, 4, 5, 4), (6, 4, 5, 4), (6, 4, 5, 4), (6, 4, 5, 3), (6, 4, 5, 3)]"
"(13, 16, 13, 24, 0)","[(6, 0, 5, 4), (6, 0, 5, 3), (6, 0, 5, 4), (6, 0, 5, 4), (6, 1, 5, 3), (6, 0, 5, 3), (6, 0, 5, 3), (6, 0, 5, 4), (6, 0, 5, 4), (6, 0, 5, 4)]"
"(13, 16, 13, 25, 0)","[(6, '?', 5, 3), (6, '?', 5, 4), (6, '?', 5, 3), (6, 3, 5, 4), (6, '?', 5, 3), (6, 3, 5, 3), (6, '?', 5, 4), (6, '?', 5, 3), (6, 3, 5, 4)]"
"(13, 16, 13, 26, 0)","[(6, 2, 5, 3), (6, 2, 5, 4), (6, 2, 5, 4), (6, 7, 5, 4), (6, 2, 5, 4), (6, 2, 5, 4), (6, 7, 5, 4), (6, 2, 5, 4), (6, 7, 5, 4), (6, 2, 5, 3), (6, 2, 5, 4), (6, 2, 5, 3), (6, 2, 5, 3)]"
"(13, 16, 16, 16, 0)","[(6, 4, 0, 3), (6, 4, 0, 3), (6, 4, 0, 3), (6, 4, 3, 4), (6, 4, 3, 3), (6, 4, 3, 4), (6, 4, 3, 4), (6, 4, 3, 3), (6, 4, 3, 4), (6, 4, 3, 3), (6, 4, 0, 3)]"
"(13, 16, 17, 3, 0)","[(6, 3, 1, 3)]"
"(13, 16, 17, 4, 0)","[(6, 2, 1, 3)]"
"(13, 16, 21, 13, 0)","[(6, 6, 5, 4), (6, 6, 5, 4), (6, 6, 5, 3), (6, 6, 5, 3), (6, 6, 5, 4), (6, 6, 5, 4), (6, 6, 5, 3)]"
"(13, 16, 21, 25, 0)","[(6, 6, 1, 3), (6, 6, 1, 3), (6, 6, 1, 3), (6, 6, 1, 3)]"
"(13, 16, 24, 13, 0)","[(6, 6, 5, 3), (6, 6, 5, 3), (6, 6, 5, 3), (6, 6, 5, 3), (6, 6, 5, 4)]"
"(13, 16, 25, 3, 0)","[(6, 3, 1, 4)]"
"(13, 16, 25, 4, 0)","[(6, 3, 1, 4), (6, '?', 1, 3)]"
"(13, 16, 25, 12, 0)","[(6, 3, 1, 4)]"
"(13, 16, 25, 24, 0)","[(6, 1, 5, 3)]"
"(13, 16, 26, 4, 0)","[(6, 7, 1, 3)]"
"(13, 16, 26, 9, 0)","[(6, 7, 1, 3), (6, 7, 1, 4), (6, 2, 1, 3), (6, 7, 1, 3), (6, 2, 1, 4), (6, 2, 1, 4), (6, 2, 1, 3), (6, 2, 1, 4), (6, 7, 1, 3), (6, 7, 1, 3), (6, 7, 1, 4), (6, 7, 1, 3), (6, 7, 1, 3), (6, 2, 1, 3), (6, 7, 1, 4), (6, 2, 1, 4)]"
"(13, 17, 3, 17, 0)","[(5, 5, 6, 3), (5, 5, 6, 3)]"
"(13, 17, 4, 4, 0)","[(5, 4, 4, 3)]"
"(13, 17, 10, 3, 0)","[(1, 3, 6, 3)]"
"(13, 17, 10, 5, 0)","[(5, 1, 6, 4)]"
"(13, 17, 12, 12, 0)","[(5, '?', 4, 3), (5, '?', 6, 3), (5, '?', 6, 3)]"
"(13, 17, 17, 3, 0)","[(5, 3, 4, 4), (1, 3, 6, 4), (5, 3, 4, 4), (1, 3, 6, 4), (5, 3, 6, 4), (5, 3, 6, 4), (1, 3, 6, 4)]"
"(13, 17, 17, 4, 0)","[(5, 4, 4, 4), (1, 4, 6, 3), (1, 4, 6, 3), (1, 4, 6, 3), (1, 4, 4, 4), (5, 4, 6, 3), (1, 4, 6, 4), (5, 5, 4, 3), (5, 4, 4, 3), (1, 4, 4, 4), (1, 4, 4, 4), (1, 5, 4, 3), (1, 4, 6, 3), (1, 4, 4, 3)]"
"(13, 17, 17, 5, 0)","[(5, 0, 4, 4), (1, 0, 4, 3), (1, 0, 4, 4), (5, 0, 6, 4), (5, 0, 6, 3), (5, 1, 6, 3), (1, 1, 4, 3), (5, 0, 4, 4), (1, 1, 6, 3), (5, 1, 6, 4), (5, 1, 4, 3), (5, 0, 6, 4), (5, 1, 6, 3), (1, 1, 4, 3), (5, 0, 4, 3), (5, 0, 4, 3), (1, 1, 4, 4), (1, 0, 6, 4), (5, 1, 6, 3), (5, 1, 4, 3), (1, 1, 4, 3), (5, 0, 6, 3), (1, 0, 6, 4), (1, 0, 6, 4), (5, 0, 6, 3), (1, 0, 4, 3), (5, 1, 6, 3), (1, 0, 6, 4), (1, 1, 6, 3), (1, 0, 4, 3), (5, 0, 4, 3), (5, 1, 4, 4)]"
"(13, 17, 17, 12, 0)","[(5, 4, 4, 4), (5, 4, 6, 4), (5, 4, 6, 3), (5, '?', 4, 3), (1, 2, 6, 3), (5, '?', 6, 3), (5, 5, 6, 3), (5, 2, 6, 4), (1, '?', 6, 4), (5, '?', 4, 3), (5, 7, 6, 4), (1, 5, 6, 3)]"
"(13, 17, 17, 16, 0)","[(1, 4, 6, 3), (1, 4, 6, 3)]"
"(13, 17, 17, 17, 0)","[(1, 4, 6, 3), (5, 4, 6, 3), (1, 5, 4, 3), (5, 4, 4, 4), (1, 5, 6, 3), (5, 4, 6, 4), (5, 5, 6, 3), (5, 4, 6, 3), (5, 4, 6, 4), (5, 5, 4, 3), (1, 4, 4, 4), (1, 5, 4, 3), (5, 4, 6, 3), (1, 4, 4, 4), (5, 4, 4, 3), (1, 4, 6, 4), (5, 5, 4, 3), (5, 4, 6, 4), (1, 4, 4, 4), (1, 4, 4, 3), (1, 5, 6, 3), (1, 4, 6, 4), (1, 4, 4, 3), (5, 4, 4, 4), (5, 4, 4, 4), (1, 7, 4, 4), (5, 5, 4, 3), (1, 5, 4, 3), (1, 4, 4, 4)]"
"(13, 17, 17, 26, 0)","[(5, 2, 4, 3), (5, 2, 4, 4), (1, 7, 4, 3), (1, 2, 6, 4), (5, 2, 6, 3), (1, 2, 4, 3), (1, 2, 4, 3), (1, 2, 4, 3), (1, 2, 4, 3), (5, 2, 4, 3), (1, 7, 4, 3), (5, 2, 6, 4), (1, 2, 6, 3)]"
"(13, 17, 21, 10, 0)","[(1, 6, 4, 3), (5, 6, 6, 4)]"
"(13, 17, 21, 17, 0)","[(1, 6, 6, 3), (1, 6, 6, 4), (5, 6, 6, 3), (5, 6, 6, 3), (5, 6, 6, 3), (1, 6, 6, 3), (5, 6, 6, 4), (1, 6, 6, 3)]"
"(13, 17, 26, 17, 0)","[(1, 7, 4, 4), (5, 2, 4, 4), (5, 2, 4, 4)]"
"(13, 18, 13, 19, 0)","[(7, 3, 5, 4)]"
"(13, 20, 1, 11, 0)","[(2, 6, 3, 3), (2, 6, 3, 4), (2, 6, 3, 4), (2, 6, 0, 4), (2, 6, 3, 3), (2, 6, 0, 4), (2, 6, 3, 3), (2, 6, 0, 4), (2, 6, 0, 4), (2, 6, 3, 3), (2, 6, 0, 4), (2, 6, 3, 4), (2, 6, 3, 3), (2, 6, 3, 3), (2, 6, 0, 3), (2, 6, 3, 4), (2, 6, 0, 4), (2, 6, 3, 3), (2, 6, 3, 4)]"
"(13, 20, 3, 9, 0)","[(2, 5, 1, 3), (2, 5, 1, 4), (2, 5, 1, 3), (2, 5, 1, 4)]"
"(13, 20, 3, 10, 0)","[(7, 5, 6, 3), (2, 5, 6, 4), (2, 5, 6, 4), (2, 5, 6, 4)]"
"(13, 20, 3, 13, 0)","[(2, 5, 5, 3), (2, 5, 7, 3), (2, 5, 7, 4), (2, 5, 2, 3), (2, 5, 2, 3), (2, 5, 7, 4), (2, 5, 7, 4), (2, 5, 7, 4), (2, 5, 7, 4), (2, 5, 2, 3), (2, 5, 7, 3), (2, 5, 7, 4), (2, 5, 7, 3), (2, 5, 7, 4)]"
"(13, 20, 3, 16, 0)","[(2, 5, 5, 3)]"
"(13, 20, 3, 25, 0)","[(2, 5, '?', 3), (2, 5, '?', 4), (2, 5, '?', 4), (2, 5, '?', 3), (2, 5, 5, 4), (2, 5, '?', 3), (2, 5, '?', 3), (2, 5, '?', 3), (2, 5, '?', 3)]"
"(13, 20, 6, 6, 0)","[(2, 2, 3, 4)]"
"(13, 20, 6, 11, 0)","[(2, 2, 3, 4), (2, 7, 0, 3), (2, 2, 0, 3), (2, 7, 3, 3), (2, 2, 0, 3), (2, 2, 0, 3), (2, 2, 3, 4), (2, 2, 3, 3), (2, 2, 3, 3), (2, 7, 0, 3), (2, 7, 3, 3), (2, 7, 3, 3), (2, 7, 0, 3), (2, 7, 3, 3), (2, 2, 3, 4), (2, 2, 3, 3)]"
"(13, 20, 6, 13, 0)","[(2, 7, 3, 3)]"
"(13, 20, 8, 2, 0)","[(2, 5, 5, 3)]"
"(13, 20, 8, 11, 0)","[(2, 5, 0, 4), (2, 5, 0, 3), (2, 5, 0, 3), (2, 5, 0, 3), (2, 5, 0, 4), (2, 5, 0, 3), (2, 5, 0, 4), (2, 5, 0, 4), (2, 5, 0, 3), (2, 5, 0, 4)]"
"(13, 20, 8, 13, 0)","[(2, 5, 5, 3), (2, 5, 5, 3)]"
"(13, 20, 8, 16, 0)","[(2, 5, 0, 4)]"
"(13, 20, 9, 3, 0)","[(2, 3, 1, 3), (2, 3, 1, 3), (2, 3, 1, 3), (2, 3, 1, 3), (2, 3, 5, 4), (2, 3, 1, 3), (2, 3, 1, 3)]"
"(13, 20, 9, 4, 0)","[(2, 4, 1, 3), (2, 4, 1, 3), (2, 0, 1, 3), (2, 1, 1, 3), (2, 4, 1, 4), (2, 1, 1, 3), (2, '?', 1, 3), (2, 4, 1, 3), (2, 4, 1, 3), (2, 4, 1, 4), (2, 4, 1, 3), (2, 0, 1, 3), (2, 4, 1, 3)]"
"(13, 20, 9, 5, 0)","[(2, 1, 1, 4)]"
"(13, 20, 9, 6, 0)","[(2, 2, 5, 3), (2, 2, 5, 3)]"
"(13, 20, 9, 12, 0)","[(2, 1, 1, 4), (2, '?', 1, 3), (2, 0, 1, 3), (2, '?', 1, 3), (2, 0, 1, 3), (2, 1, 1, 4), (2, 1, 1, 3), (2, 3, 1, 3), (2, '?', 1, 3), (2, 0, 1, 3), (2, 1, 1, 3), (2, 6, 1, 3), (2, 1, 1, 4), (2, 3, 1, 3), (2, 6, 1, 3), (2, 1, 1, 3), (2, 6, 1, 3), (2, 1, 1, 4), (2, 2, 1, 4), (2, '?', 1, 3), (2, 2, 1, 3), (2, 6, 1, 3), (2, 1, 1, 3), (2, 2, 1, 3), (2, '?', 1, 3), (2, 6, 1, 3), (2, 6, 1, 4), (2, 1, 1, 3), (2, 1, 1, 4), (2, '?', 1, 3), (2, 2, 1, 4), (2, 6, 1, 3)]"
"(13, 20, 9, 13, 0)","[(2, 5, 5, 4), (2, 3, 5, 3), (2, '?', 5, 4), (2, 5, 5, 3), (2, '?', 5, 3), (2, '?', 5, 3), (2, 5, 5, 4), (2, 0, 5, 4), (2, 6, 5, 3), (2, 6, 5, 3), (2, 5, 5, 3), (2, 6, 5, 3), (2, '?', 5, 3), (2, '?', 5, 4), (2, '?', 5, 4), (2, 4, 5, 4), (2, 2, 5, 4), (2, 1, 5, 3)]"
"(13, 20, 9, 14, 0)","[(2, 1, 5, 3), (2, 1, 5, 3), (2, 1, 5, 3), (2, 0, 5, 3), (2, 0, 5, 4), (2, 0, 5, 4), (2, 0, 5, 4), (2, 0, 5, 4), (2, 1, 5, 3), (2, 1, 5, 3), (2, 1, 5, 3), (2, 0, 5, 3), (2, 0, 5, 4), (2, 1, 5, 4), (2, 1, 5, 4), (2, 1, 5, 4), (2, 0, 5, 3), (2, 1, 5, 3), (2, 0, 5, 3)]"
"(13, 20, 9, 16, 0)","[(2, 4, 5, 3), (2, 4, 1, 4), (2, '?', 5, 3), (2, 5, 5, 4), (2, 2, 5, 3), (2, 5, 5, 3), (2, 4, 5, 3), (2, '?', 5, 3), (2, 4, 5, 3), (2, 4, 5, 4), (2, 4, 5, 3), (2, 4, 5, 3), (2, 4, 5, 3), (2, '?', 5, 3), (2, 4, 5, 4), (2, 4, 5, 3)]"
"(13, 20, 9, 21, 0)","[(2, 6, 1, 3), (2, 6, 1, 4)]"
"(13, 20, 9, 22, 0)","[(2, 3, 5, 3)]"
"(13, 20, 9, 23, 0)","[(2, 3, 5, 3), (2, 3, 5, 4), (2, 3, 5, 4), (2, 3, 5, 3), (2, 3, 5, 4), (2, 3, 5, 3), (2, 3, 5, 3), (2, 3, 5, 3), (2, 3, 5, 4)]"
"(13, 20, 9, 24, 0)","[(2, 0, 5, 3), (2, 6, 5, 3), (2, 6, 5, 4), (2, 1, 5, 3), (2, 6, 5, 3), (2, 1, 5, 3), (2, 6, 5, 4), (2, 6, 5, 3), (2, 6, 5, '?'), (2, 1, 5, 4)]"
"(13, 20, 9, 25, 0)","[(2, 4, 1, 3), (2, 4, 1, 4), (2, 3, 5, 3), (2, 4, 1, 3)]"
"(13, 20, 9, 26, 0)","[(2, 7, 5, 4), (2, 7, 5, 3), (2, 2, 5, 3), (2, 2, 1, 4), (2, 7, 5, 3), (2, 2, 1, 3), (2, 7, 5, 3), (2, 2, 5, 3), (2, 2, 5, 3), (2, 7, 5, 3), (2, 2, 5, 3), (2, 2, 5, 3), (2, 2, 1, 3), (2, 2, 5, 4), (2, 7, 5, 3), (2, 7, 5, 4), (2, 7, 5, 3), (2, 2, 1, 3), (2, 2, 1, 4)]"
"(13, 20, 10, 2, 0)","[(2, 0, 4, 4), (2, '?', 4, 4), (2, 5, 4, 3), (2, 3, 4, 4), (2, 0, 4, 3), (2, 0, 4, 4), (2, 5, 4, 4), (2, 3, 6, 4), (2, 3, 4, 4), (2, '?', 4, 3), (2, 0, 4, 3), (2, '?', 6, 4), (2, '?', 6, 4), (2, 0, 4, 4), (2, 2, 6, 3), (2, '?', 6, 4), (2, 7, 6, 4), (2, 5, 6, 4), (2, 0, 4, 4), (2, 5, 4, 3), (2, 3, 6, 4), (2, 2, 6, 3), (2, 3, 4, 4), (2, 7, 6, 4), (2, 5, 4, 3), (2, 7, 6, 3), (2, 5, 6, 3), (2, '?', 4, 4), (2, 7, 6, 4), (2, '?', 6, 3), (2, '?', 6, 4), (2, '?', 4, 3), (2, 3, 6, 3), (2, 3, 6, 4), (2, 3, 6, 3), (2, '?', 4, 3), (2, 2, 4, 4)]"
"(13, 20, 10, 5, 0)","[(2, 1, 4, 4), (2, 1, 4, 4), (2, 1, 4, 4), (2, 1, 4, 4), (2, 0, 4, 4), (2, 1, 4, 4), (2, 1, 4, 4), (2, 0, 6, 4)]"
"(13, 20, 10, 10, 0)","[(2, 3, 6, 4), (2, 3, 6, 4), (2, '?', 6, 3), (2, '?', 4, 4), (2, '?', 6, 3), (2, 5, 4, 3), (2, '?', 4, 4), (2, 7, 6, 4), (2, 5, 6, 4), (2, 3, 4, 4), (2, 3, 4, 4), (2, 5, 4, 4), (2, 3, 6, 4), (2, '?', 4, 3), (2, '?', 6, 4), (2, 3, 4, 4), (2, '?', 4, 3), (2, 5, 4, 3)]"
"(13, 20, 10, 12, 0)","[(2, '?', 6, 4), (2, 7, 4, 3), (2, 5, 4, 4), (2, 7, 6, 4), (2, '?', 6, 4), (2, '?', 6, 4), (2, 2, 4, 4), (2, 7, 4, 3), (2, 5, 4, 4), (2, 7, 6, 3)]"
"(13, 20, 10, 14, 0)","[(2, 1, 4, 4), (2, 0, 4, 4)]"
"(13, 20, 10, 17, 0)","[(2, '?', 6, 4), (2, 5, 6, 3), (2, 5, 4, 4), (2, 5, 6, 3)]"
"(13, 20, 10, 21, 0)","[(2, 6, 6, 4), (2, 6, 6, 4), (2, 6, 6, 4), (2, 6, 6, 4), (2, 6, 4, 3), (2, 6, 6, 4), (2, 6, 6, 4)]"
"(13, 20, 10, 22, 0)","[(2, 3, 6, 3)]"
"(13, 20, 10, 23, 0)","[(2, 3, 4, 4), (2, 3, 6, 4), (2, 3, 6, 3), (2, 3, 4, 4)]"
"(13, 20, 10, 26, 0)","[(2, 2, 4, 4), (2, 2, 4, 3), (2, 2, 4, 4), (2, 2, 4, 4), (2, 2, 4, 3), (2, 7, 6, 3)]"
"(13, 20, 11, 1, 0)","[(2, 1, 3, 3), (2, 0, 0, 3), (2, 1, 3, 3), (2, 1, 0, 4), (2, 1, 0, 3), (2, 1, 3, 4), (2, 0, 3, 3), (2, 1, 3, 3), (2, 1, 0, 4), (2, 1, 0, 3), (2, 1, 0, 4), (2, 1, 0, 3), (2, 1, 0, 4), (2, 1, 0, 3), (2, 0, 0, 3), (2, 0, 0, 3), (2, 0, 3, 4), (2, 0, 0, 4), (2, 1, 0, 3), (2, 1, 0, 4), (2, 0, 0, 3), (2, 6, 0, 4), (2, 0, 3, 3), (2, 6, 0, 3), (2, 0, 3, 3), (2, 1, 3, 3), (2, 1, 3, 4), (2, 1, 0, 3), (2, 1, 3, 4), (2, 0, 3, 3), (2, 1, 0, 4), (2, 0, 0, 4), (2, 1, 3, 4), (2, 1, 3, 4), (2, 1, 3, 4), (2, 0, 0, 4), (2, 0, 0, 4), (2, 1, 3, 3), (2, 0, 0, 4), (2, 0, 0, 4), (2, 0, 0, 3), (2, 1, 3, '?'), (2, 0, 0, 3)]"
"(13, 20, 11, 3, 0)","[(2, 3, 0, 4), (2, 3, 0, 3)]"
"(13, 20, 11, 6, 0)","[(2, 2, 3, 3), (2, 2, '?', 4)]"
"(13, 20, 11, 11, 0)","[(2, '?', 0, 3), (2, '?', 0, 4), (2, 3, 3, 3), (2, 4, 3, 4), (2, '?', 3, 3), (2, 4, 3, 4), (2, '?', 3, 4), (2, '?', 3, 3), (2, '?', 3, 3), (2, 4, 3, 4), (2, '?', 0, 3), (2, 7, 0, 3), (2, '?', 3, 4), (2, 4, 3, 4), (2, '?', 3, 3), (2, '?', 0, 4), (2, '?', 3, 3), (2, '?', 0, 3), (2, 4, 3, 4), (2, 2, 0, 3), (2, 4, 3, 3), (2, 3, 0, 3), (2, 3, 3, 3), (2, '?', 0, 4), (2, 4, 3, 3), (2, 7, 0, 3), (2, 7, 3, 3), (2, '?', 3, 4), (2, 7, 0, 4), (2, '?', 0, 4), (2, '?', 0, 3), (2, '?', 0, 4), (2, 7, 0, 3), (2, 7, 0, 4), (2, '?', 3, 3), (2, '?', 3, 4), (2, '?', 0, 3), (2, '?', 3, 3), (2, '?', 3, 4), (2, '?', 0, 3), (2, '?', 3, 3), (2, '?', 0, 3), (2, '?', 0, 4), (2, '?', 0, 3), (2, '?', 0, 3)]"
"(13, 20, 11, 16, 0)","[(2, 4, 0, 3), (2, 4, 0, 3), (2, 4, 3, 3), (2, 4, 3, 3), (2, 4, 3, 3), (2, 4, 0, 3), (2, 4, 3, 3), (2, 4, 3, 4), (2, 4, 0, 3), (2, 4, 3, 3), (2, 4, 0, 3), (2, 4, 0, 3), (2, 4, 3, 3), (2, 4, 3, 4), (2, 4, 3, 4), (2, 4, 3, 3), (2, 4, 0, 3), (2, 4, 0, 3)]"
"(13, 20, 11, 19, 0)","[(2, 3, 0, 4), (2, 3, 0, 4), (2, 3, 0, 4), (2, 3, 0, 3), (2, 3, 3, 3), (2, 3, 3, 3), (2, 3, 0, 3), (2, 3, 0, 3), (2, 3, 0, 3), (2, 3, 0, 3)]"
"(13, 20, 11, 22, 0)","[(2, 3, 0, 4), (2, 3, 0, 4), (2, 3, 0, 4), (2, 3, 0, 4)]"
"(13, 20, 11, 24, 0)","[(2, 1, 0, 4), (2, 1, 3, 3), (2, 1, 3, 3), (2, 0, 0, 3), (2, 0, 3, 3), (2, 1, 0, 4), (2, 6, 0, 3), (2, 6, 0, 4), (2, 6, 3, 4), (2, 1, 0, 3), (2, 0, 0, 4), (2, 6, 0, 3), (2, 6, 0, 4), (2, 6, 3, 3), (2, 0, 0, 3), (2, 6, 0, 3), (2, 0, 0, 4)]"
"(13, 20, 11, 25, 0)","[(2, '?', 3, 4), (2, 3, 0, 3), (2, 7, 0, 4), (2, 3, 0, 4), (2, '?', 3, 3), (2, 5, 0, 4), (2, '?', 0, 4), (2, 3, 3, 3), (2, 7, 3, 3), (2, 7, 0, 4)]"
"(13, 20, 12, 12, 0)","[(2, '?', 6, 3), (2, 7, 6, 4), (2, 7, 6, 3), (2, '?', 4, 4), (2, 3, 4, 4)]"
"(13, 20, 13, 3, 0)","[(2, 3, 2, 4), (2, 3, 7, 3)]"
"(13, 20, 13, 6, 0)","[(2, 2, 2, 3), (2, 2, 5, 3), (2, 2, 2, 3), (2, 2, 2, 3)]"
"(13, 20, 13, 11, 0)","[(2, 4, 7, 3), (2, 4, 7, 3)]"
"(13, 20, 13, 13, 0)","[(2, 0, 2, 4), (2, 5, 7, 3), (2, 4, 2, 3), (2, 2, 2, 4), (2, 0, 2, 3), (2, 7, 2, 4), (2, 7, 7, 3), (2, 4, 2, 4), (2, '?', 2, 3), (2, 7, 2, 3), (2, 4, 7, 4), (2, 4, 2, 4), (2, 1, 2, 3), (2, 1, 7, 3), (2, 7, 2, 3), (2, 5, 2, 3), (2, 2, 7, 4), (2, '?', 2, 4), (2, 6, 7, 3), (2, 0, 2, 4), (2, 1, 2, 3), (2, 6, 7, 3), (2, '?', 7, 4), (2, 7, 2, 4), (2, 7, 2, 3), (2, 2, 2, 3), (2, 1, 2, 3), (2, 4, 2, 3), (2, '?', 7, 4), (2, '?', 7, 4), (2, '?', 2, 4), (2, 2, 7, 3), (2, 0, 2, 3), (2, 7, 2, 3), (2, 0, 7, 3), (2, 6, 7, 3), (2, 1, 2, 3), (2, 2, 7, 3), (2, 2, 7, 4), (2, 1, 7, 3), (2, 2, 2, 3), (2, 4, 2, 3), (2, 4, 2, 3), (2, '?', 7, 3), (2, 1, 7, 3), (2, '?', 7, 3), (2, 2, 7, 3), (2, 2, 7, 4), (2, 4, 7, 4), (2, 2, 7, 4), (2, 4, 2, 3)]"
"(13, 20, 13, 14, 0)","[(2, 0, 7, 3), (2, 1, 2, 3), (2, 1, 2, 3)]"
"(13, 20, 13, 16, 0)","[(2, 5, 7, 3), (2, 5, 7, 3), (2, 4, '?', 3), (2, 4, 7, 4), (2, 4, 7, 3), (2, 4, 7, 3), (2, 2, 2, 3), (2, '?', 2, 3), (2, 4, 2, 4), (2, 4, 7, 4), (2, 5, 7, 3), (2, 4, 2, 3), (0, 4, 2, 3), (2, 4, 7, 3), (2, 4, 2, 4), (2, 4, 2, 4), (2, 4, 7, 3), (2, 4, 7, 4), (2, 5, 2, 3), (2, 4, 2, 3), (2, 4, 7, 4), (2, 4, 7, 3), (2, 4, 7, 3), (2, 4, 2, 4)]"
"(13, 20, 13, 21, 0)","[(2, 6, 2, 3), (2, 1, 2, 3), (2, 6, 7, 4), (2, 6, 2, 4), (2, 6, 7, 4)]"
"(13, 20, 13, 22, 0)","[(2, 3, 7, 3), (2, 3, 7, 4)]"
"(13, 20, 13, 23, 0)","[(2, 3, 7, 3), (2, 3, 7, 4), (2, 3, 7, 4), (2, 3, 7, 3), (2, 3, 2, 4), (2, 3, 2, 4), (2, 3, 7, 3), (2, 3, 2, 4), (2, 3, 7, 4), (2, 3, 2, 4), (2, 3, 2, 4)]"
"(13, 20, 13, 24, 0)","[(2, 0, 2, 4), (2, 0, 7, 4), (2, 6, 2, 3), (2, 0, 2, 4), (2, 6, 7, 4), (2, 0, 2, 4), (2, 6, 7, 3), (2, 6, 2, 3), (2, 6, 2, 3), (2, 6, 2, 4)]"
"(13, 20, 13, 25, 0)","[(2, 7, 2, 4), (2, 1, 7, 3), (2, 0, 7, 4), (2, '?', 2, 4), (2, 0, 2, 3), (2, 7, 7, 3), (2, 7, 7, 3), (2, 0, 7, 3), (2, '?', 2, 4), (2, 6, 2, 4), (2, 2, 7, 3), (2, 6, 2, 4), (2, 1, 7, 3), (2, '?', 7, 3), (2, '?', 7, 4), (2, '?', 2, 4), (2, 7, 2, 4), (2, 4, 7, 4), (2, 7, 7, 3), (2, 6, 2, 3), (2, '?', 7, 4), (2, 7, 2, 3), (2, '?', 7, 3), (2, 0, 7, 3), (2, 6, 7, 3), (2, 0, 7, 3), (2, 2, 2, 4), (2, '?', 7, 3), (2, 0, 2, 4), (2, 6, 7, 4), (2, 5, 2, 3), (2, '?', 2, 3), (2, 6, 7, 3), (2, 7, 7, 3), (2, 7, 2, 3), (2, 1, 7, 3), (2, 2, 2, 4), (2, '?', 7, 4), (2, 0, 2, 4), (2, 4, 2, 4), (2, 0, 7, 4), (2, 1, 2, 3), (2, 6, 2, 3), (2, 2, 7, 3), (2, 4, 2, 4), (2, 7, 7, 3), (2, '?', 7, 4), (2, '?', 2, 4), (2, '?', 2, 4), (2, '?', 2, 4), (2, '?', 7, 3), (2, 0, 7, 3), (2, 0, 2, 4), (2, 0, 2, 4), (2, '?', 2, 3), (2, 2, 7, 4), (2, 3, 7, 4)]"
"(13, 20, 13, 26, 0)","[(2, 2, 7, 4), (2, 2, 7, 4), (2, 7, 2, 3), (2, 2, 7, 4), (2, 7, 2, 3), (2, 2, 7, 3), (2, 2, 7, 3), (2, 7, 7, 3), (2, 7, 2, 4), (2, 2, 7, 3), (2, 7, 7, 3), (2, 7, 2, 4), (2, 2, 2, 3), (2, 2, 2, 3), (2, 2, 7, 3), (2, 2, 7, 3)]"
"(13, 20, 17, 2, 0)","[(2, 4, 4, 4), (2, 5, 4, 3), (2, 4, 4, 3), (2, 7, 6, 4), (2, '?', 6, 3), (2, 7, 4, 3), (2, 2, 6, 3), (2, 7, 6, 3), (2, 4, 4, 3)]"
"(13, 20, 17, 3, 0)","[(2, 3, 6, 3), (2, 3, 6, 3), (2, 3, 4, 4), (2, 3, 6, 3), (2, 3, 6, 3)]"
"(13, 20, 17, 4, 0)","[(2, 4, 4, 4), (2, 4, 6, 4), (2, 5, 4, 4)]"
"(13, 20, 17, 5, 0)","[(2, 1, 4, 4), (2, 1, 6, 3), (2, 0, 4, 3), (2, 0, 6, 4), (2, 0, 6, 4), (2, 0, 6, 4), (2, 0, 6, 4), (2, 1, 6, 3), (2, 1, 6, 3), (2, 1, 6, 3), (2, 1, 6, 3), (2, 0, 4, 4), (2, 1, 6, 3), (2, 1, 6, 3), (2, 0, 6, 4), (2, 0, 4, 3)]"
"(13, 20, 17, 12, 0)","[(2, 7, 6, 3), (2, 0, 4, 3), (2, 0, 4, 3), (2, '?', 4, 3), (2, 7, 6, 3), (2, 0, 4, 3), (2, 4, 4, 4), (2, 7, 6, 3), (2, 2, 6, 3), (2, 0, 4, 3), (2, 0, 4, 3), (2, 4, 6, 4), (2, '?', 6, 3), (2, 2, 4, 3), (2, 5, 4, 3), (2, '?', 4, 3), (2, 2, 4, 3), (2, 4, 6, 4), (2, 4, 6, 4), (2, '?', 4, 3), (2, 0, 4, 3)]"
"(13, 20, 17, 16, 0)","[(2, 5, 4, 3), (2, 4, 4, 4), (2, 4, 4, 3), (2, 4, 4, 3), (2, 5, 6, 3), (2, 4, 4, 3), (2, 4, 4, 3), (2, 4, 4, 4), (2, 4, 4, 3)]"
"(13, 20, 17, 17, 0)","[(2, 4, 4, 4), (2, 4, 6, 4), (2, 4, 4, 4), (2, 5, 4, 3), (2, 5, 6, 3), (2, 4, 6, 4), (2, 5, 4, 4), (2, 4, 6, 4), (2, 4, 6, 4), (2, 5, 4, 3), (2, 4, 4, 3)]"
"(13, 20, 17, 26, 0)","[(2, 2, 6, 3), (2, 2, 4, 4), (2, 2, 4, 4), (2, 2, 4, 3), (2, 2, 4, 4), (2, 7, 4, 3)]"
"(13, 20, 20, 16, 0)","[(2, 4, '?', 3)]"
"(13, 20, 20, 24, 0)","[(2, 1, '?', 4)]"
"(13, 20, 21, 4, 0)","[(2, 6, 4, 3)]"
"(13, 20, 21, 9, 0)","[(2, 6, 1, 4), (2, 6, 5, 4), (2, 6, 1, 4), (2, 6, 1, 4), (2, 6, 1, 4), (2, 6, 1, 3)]"
"(13, 20, 21, 13, 0)","[(2, 6, 7, 4), (2, 6, 7, 4), (2, 6, 7, 4), (2, 6, 7, 4), (2, 6, 7, 3), (2, 6, 2, 4)]"
"(13, 20, 21, 17, 0)","[(2, 6, 4, 3)]"
"(13, 20, 21, 21, 0)","[(2, 6, '?', 3)]"
"(13, 20, 21, 24, 0)","[(2, 6, '?', 3), (2, 6, '?', 3)]"
"(13, 20, 21, 25, 0)","[(2, 6, '?', 3), (2, 6, '?', 3), (2, 6, '?', 3), (2, 6, '?', 3)]"
"(13, 20, 24, 2, 0)","[(2, 6, 5, 4), (2, 6, '?', 4)]"
"(13, 20, 24, 24, 0)","[(2, 6, '?', 3), (2, 6, '?', 3)]"
"(13, 20, 24, 25, 0)","[(2, 6, '?', 4)]"
"(13, 20, 25, 2, 0)","[(2, 5, '?', 3), (2, '?', '?', 3), (2, '?', '?', 3), (2, '?', '?', 4), (2, 0, '?', 3)]"
"(13, 20, 25, 3, 0)","[(7, 3, 5, 3), (2, 3, '?', 3), (2, 3, '?', 3), (2, 3, '?', 3)]"
"(13, 20, 25, 5, 0)","[(2, 0, '?', 4), (2, 0, '?', 3), (2, 1, '?', 3), (2, 0, '?', 4), (2, 0, '?', 4), (2, 1, '?', 3), (2, 1, '?', 3), (2, 1, '?', 3), (2, 1, '?', 3), (2, 1, 5, 4), (2, 1, '?', 4), (2, 0, '?', 4), (2, 0, '?', 4), (2, 1, '?', 4), (2, 1, '?', 4)]"
"(13, 20, 25, 6, 0)","[(2, 2, '?', 3)]"
"(13, 20, 25, 9, 0)","[(2, 4, 5, 4)]"
"(13, 20, 25, 11, 0)","[(2, 0, '?', 3), (2, '?', '?', 4), (2, 0, '?', 3), (2, 4, '?', 4)]"
"(13, 20, 25, 12, 0)","[(2, 1, '?', 3), (2, '?', '?', 3)]"
"(13, 20, 25, 14, 0)","[(2, 1, 5, 4), (2, 0, '?', 3), (2, 0, '?', 3), (2, 0, '?', 4), (2, 1, '?', 3), (2, 0, '?', 4)]"
"(13, 20, 25, 15, 0)","[(2, '?', '?', 3)]"
"(13, 20, 25, 16, 0)","[(2, 4, '?', 4), (2, 4, '?', 3), (2, 4, '?', 4), (2, 4, '?', 3), (2, 4, '?', 4), (2, 4, '?', 3), (2, 4, '?', 4), (2, 4, '?', 3), (2, 4, '?', 4), (2, 4, '?', 3), (2, 4, '?', 3), (2, 4, '?', 3), (2, 4, '?', 4), (2, 4, '?', 3)]"
"(13, 20, 25, 20, 0)","[(2, 7, '?', 4), (2, 7, '?', 4)]"
"(13, 20, 25, 22, 0)","[(7, 3, 5, 3), (2, 3, '?', 3)]"
"(13, 20, 25, 23, 0)","[(2, 3, '?', 3), (2, 3, '?', 3)]"
"(13, 20, 25, 24, 0)","[(2, 1, '?', 4), (2, 1, '?', 4), (2, 1, '?', 4), (2, 1, '?', 4)]"
"(13, 20, 25, 25, 0)","[(7, 3, 5, 3), (2, 1, '?', 3), (2, '?', '?', 3), (2, 0, '?', 3), (2, '?', '?', 4), (2, 3, '?', 3), (2, '?', '?', 3), (2, '?', '?', 3)]"
"(13, 20, 25, 26, 0)","[(2, 2, 5, 4), (2, 2, 5, 4), (2, 7, 5, 4), (2, 2, 5, 4), (2, 2, '?', 3), (2, 7, '?', 3), (2, 2, '?', 3), (2, 7, 5, 4), (2, 2, '?', 4), (2, 7, '?', 3), (2, 2, 5, 4), (2, 7, '?', 3), (2, 7, '?', 4), (2, 7, '?', 4), (2, 7, '?', 4), (2, 2, '?', 4), (2, 7, '?', 4)]"
"(13, 20, 26, 11, 0)","[(2, 7, '?', 3), (2, 2, '?', 3)]"
"(13, 20, 26, 13, 0)","[(2, 2, 5, 4)]"
"(13, 20, 26, 17, 0)","[(2, 2, 4, 3), (2, 2, 4, 3)]"
"(13, 20, 26, 25, 0)","[(2, 7, '?', 3), (2, 7, '?', 3), (2, 2, '?', 4), (2, 2, '?', 4), (2, 7, '?', 3), (2, 7, '?', 3)]"
"(13, 21, 2, 13, 0)","[(4, 6, 2, 4), (4, 6, 2, 4), (4, 6, 2, 4)]"
"(13, 21, 2, 17, 0)","[(4, 6, 4, 3), (4, 6, 4, 3), (4, 6, 6, 4), (4, 6, 4, 4), (4, 6, 4, 3)]"
"(13, 21, 4, 2, 0)","[(3, 6, 6, 4), (3, 6, 4, 4), (3, 6, 4, 4), (3, 6, 6, 4), (3, 6, 4, 4), (3, 6, 6, 3)]"
"(13, 21, 4, 4, 0)","[(5, 6, 4, 4), ('?', 6, 4, 3), (5, 6, 6, 4)]"
"(13, 21, 4, 7, 0)","[(0, 6, 6, 4)]"
"(13, 21, 4, 12, 0)","[('?', 6, 4, 4), ('?', 6, 4, 3), ('?', 6, 4, 4), (5, 6, 4, 4), ('?', 6, 4, 3)]"
"(13, 21, 7, 10, 0)","[(0, 6, 4, 4), (0, 6, 6, 3), (0, 6, 4, 3), (0, 6, 4, 4), (0, 6, 4, 4), (0, 6, 6, 3)]"
"(13, 21, 10, 12, 0)","[(5, 6, 4, 3)]"
"(13, 21, 12, 2, 0)","[(3, 6, 4, 4), (3, 6, 6, 3), (3, 6, 6, 4), (3, 6, 6, 4)]"
"(13, 21, 12, 4, 0)","[(5, 6, 4, 3), ('?', 6, 4, 4)]"
"(13, 21, 12, 12, 0)","[(5, 6, 4, 3), ('?', 6, 4, 3), ('?', 6, 4, 3), ('?', 6, 4, 3)]"
"(13, 21, 13, 2, 0)","[(3, 6, 2, 3)]"
"(13, 21, 13, 9, 0)","[('?', 6, 7, 3), ('?', 6, 2, 4)]"
"(13, 21, 13, 10, 0)","[(5, 6, 7, 3)]"
"(13, 21, 13, 17, 0)","[(5, 6, 2, 3), (5, 6, 7, 3), (5, 6, 2, 3), (5, 6, 7, 3), (1, 6, 2, 4), (5, 6, 2, 4), (5, 6, 7, 3)]"
"(13, 21, 13, 20, 0)","[(2, 6, 2, 4), (2, 6, 2, 4)]"
"(13, 21, 13, 25, 0)","[('?', 6, 7, 4)]"
"(13, 21, 17, 12, 0)","[(1, 6, 6, 4), (1, 6, 6, 3), (5, 6, 4, 4), (1, 6, 4, 3), (5, 6, 4, 3)]"
"(13, 21, 17, 13, 0)","[(1, 6, 7, 3), (5, 6, 2, 4)]"
"(13, 21, 17, 17, 0)","[(5, 6, 4, 3), (1, 6, 6, 4), (5, 6, 6, 3), (5, 6, 4, 3), (6, 6, 4, 4), (1, 6, 4, 3)]"
"(13, 21, 17, 21, 0)","[(1, 6, 4, 3)]"
"(13, 21, 20, 17, 0)","[(2, 6, 4, 3)]"
"(13, 21, 27, 13, 0)","[(0, 6, 7, 3), (0, 6, 7, 3)]"
"(13, 21, 27, 16, 0)","[(0, 6, 2, 3), (0, 6, 7, 4), (0, 6, 2, 4)]"
"(13, 21, 27, 25, 0)","[(0, 6, 2, 3), (0, 6, 7, 4), (0, 6, 7, 4)]"
"(13, 21, 27, 27, 0)","[(0, 6, 7, 4)]"
"(13, 24, 2, 9, 0)","[(4, 6, 5, 4), (4, 6, '?', 4)]"
"(13, 24, 2, 10, 0)","[(4, 6, 4, 3), (4, 6, 4, 4), (4, 6, 4, 3), (4, 6, 6, 4), (4, 6, 4, 3), (4, 6, 4, 4), (4, 6, 4, 4), (4, 6, 6, 4)]"
"(13, 24, 2, 13, 0)","[(4, 6, 7, 3), (4, 6, 2, 3), (4, 6, 7, 3), (4, 6, 7, 3), (4, 6, 2, 3), (4, 6, 2, 4)]"
"(13, 24, 2, 16, 0)","[(4, 6, '?', 3), (4, 6, '?', 3)]"
"(13, 24, 2, 17, 0)","[(4, 6, 4, 4), (4, 6, 4, 4), (4, 6, 6, 4)]"
"(13, 24, 2, 25, 0)","[(4, 6, '?', 4)]"
"(13, 24, 4, 4, 0)","[('?', 6, 4, 3)]"
"(13, 24, 4, 12, 0)","[(5, 6, 4, 4), (5, 6, 6, 4)]"
"(13, 24, 7, 10, 0)","[(0, 6, 4, 4)]"
"(13, 24, 7, 25, 0)","[(0, 6, '?', 3)]"
"(13, 24, 9, 2, 0)","[(3, 6, 5, 4), (3, 6, 5, 4)]"
"(13, 24, 9, 13, 0)","[(2, 6, 5, 3)]"
"(13, 24, 9, 25, 0)","[('?', 6, 1, 4)]"
"(13, 24, 10, 9, 0)","[(5, 6, 5, 4)]"
"(13, 24, 10, 13, 0)","[(5, 6, 7, 4)]"
"(13, 24, 11, 10, 0)","[(1, 6, 3, 4), ('?', 6, 3, 3)]"
"(13, 24, 11, 11, 0)","[('?', 6, 3, 4)]"
"(13, 24, 11, 12, 0)","[('?', 6, 0, 3)]"
"(13, 24, 11, 25, 0)","[('?', 6, 3, 3), ('?', 6, 3, 3)]"
"(13, 24, 12, 2, 0)","[(3, 6, 4, 4), (3, 6, 4, 4), (3, 6, 6, 4), (3, 6, 6, 4)]"
"(13, 24, 12, 12, 0)","[('?', 6, 4, 4), ('?', 6, 4, 4), (5, 6, 4, 3), (5, 6, 4, 4), ('?', 6, 4, 4)]"
"(13, 24, 13, 2, 0)","[(3, 6, 7, 4), (3, 6, 7, 4), (3, 6, 7, 4)]"
"(13, 24, 13, 9, 0)","[('?', 6, 2, 4), (5, 6, 7, 4)]"
"(13, 24, 13, 10, 0)","[(1, 6, 7, 4), (5, 6, 2, 3), (1, 6, 2, 4), (1, 6, 7, 4), (1, 6, 7, 4), (1, 6, 7, 4), (1, 6, 2, 4), (5, 6, 2, 4), (1, 6, 2, 4)]"
"(13, 24, 13, 13, 0)","[(5, 6, 7, 4), ('?', 6, 7, 3), ('?', 6, 7, 4)]"
"(13, 24, 13, 25, 0)","[('?', 6, 2, 3), ('?', 6, 7, 3), ('?', 6, 7, 4), ('?', 6, 2, 3), ('?', 6, 7, 4), ('?', 6, 7, 4), ('?', 6, 2, 4), ('?', 6, 2, 3), ('?', 6, 2, 4), ('?', 6, 2, 3), (3, 6, 2, 3), ('?', 6, 7, 4), ('?', 6, 2, 4), (5, 6, 7, 4), ('?', 6, 2, 4), ('?', 6, 7, 4), ('?', 6, 2, 4), ('?', 6, 2, 4), ('?', 6, 7, 4)]"
"(13, 24, 13, 27, 0)","[(0, 6, 7, 3)]"
"(13, 24, 15, 2, 0)","[(4, 6, '?', 4)]"
"(13, 24, 16, 11, 0)","[(4, 6, 3, 3), (4, 6, 3, 4), (4, 6, 0, 4)]"
"(13, 24, 16, 13, 0)","[(4, 6, 5, 4)]"
"(13, 24, 16, 16, 0)","[(4, 6, 3, 3), (4, 6, 3, 4), (4, 6, 3, 3), (4, 6, 3, 3)]"
"(13, 24, 17, 25, 0)","[(5, 6, 5, 4), (5, 6, '?', 3)]"
"(13, 24, 18, 11, 0)","[(0, 6, 3, 4)]"
"(13, 24, 18, 12, 0)","[(0, 6, 3, 4)]"
"(13, 24, 21, 4, 0)","[('?', 6, 4, 4)]"
"(13, 24, 25, 2, 0)","[(3, 6, '?', 4), (3, 6, '?', 4), (3, 6, '?', 4), (3, 6, '?', 4), (3, 6, 5, 4)]"
"(13, 24, 25, 9, 0)","[(5, 6, 5, 4), (5, 6, '?', 3)]"
"(13, 24, 25, 10, 0)","[(1, 6, '?', 3)]"
"(13, 24, 25, 17, 0)","[(5, 6, '?', 4), (1, 6, '?', 3), (1, 6, '?', 4)]"
"(13, 24, 25, 21, 0)","[('?', 6, '?', 3)]"
"(13, 24, 25, 25, 0)","[('?', 6, '?', 3), ('?', 6, '?', 3), ('?', 6, '?', 3)]"
"(13, 24, 27, 9, 0)","[(0, 6, 5, 4), (0, 6, 5, 3)]"
"(13, 24, 27, 13, 0)","[(0, 6, 2, 4), (0, 6, 2, 4), (0, 6, 2, 4), (0, 6, 2, 3)]"
"(13, 24, 27, 25, 0)","[(0, 6, 7, 3), (0, 6, 2, 4), (0, 6, 2, 4)]"
"(13, 25, 2, 2, 0)","[(4, 3, '?', 3), (4, '?', '?', 3)]"
"(13, 25, 2, 5, 0)","[('?', 1, '?', 3), (4, 1, '?', 3)]"
"(13, 25, 2, 6, 0)","[(4, 2, '?', 3), (4, 2, '?', 3), (4, 2, '?', 3)]"
"(13, 25, 2, 11, 0)","[(4, 4, '?', 4), (4, 4, '?', 4), (4, 0, '?', 4)]"
"(13, 25, 2, 13, 0)","[(4, 1, 2, 3), (4, '?', 5, 3)]"
"(13, 25, 2, 15, 0)","[(4, 3, 7, 4), (4, 0, 5, 4), (4, '?', '?', 3)]"
"(13, 25, 2, 16, 0)","[(4, 4, '?', 4), (4, 4, '?', 4), (4, 4, '?', 4)]"
"(13, 25, 2, 23, 0)","[(4, 3, '?', 3)]"
"(13, 25, 2, 26, 0)","[(4, 7, '?', 3), (4, 2, 2, 4), (4, 7, '?', 3), (4, 2, '?', 3), (4, 7, '?', 3), (4, 7, '?', 3), (4, 2, '?', 3), (4, 7, '?', 3), (4, 2, '?', 4)]"
"(13, 25, 3, 2, 0)","[(3, 5, '?', 3), (3, 5, '?', 3)]"
"(13, 25, 3, 7, 0)","[(0, 5, '?', 4)]"
"(13, 25, 3, 10, 0)","[(5, 5, 5, 4)]"
"(13, 25, 3, 13, 0)","[(3, 5, 7, 3), ('?', 5, 2, 3)]"
"(13, 25, 3, 16, 0)","[(3, 5, '?', 4)]"
"(13, 25, 3, 17, 0)","[(1, 5, '?', 4), (1, 5, 5, 4), (1, 5, '?', 4)]"
"(13, 25, 3, 20, 0)","[(7, 5, 5, 4)]"
"(13, 25, 3, 23, 0)","[(3, 5, '?', 3)]"
"(13, 25, 3, 25, 0)","[('?', 5, '?', 3), ('?', 5, '?', 3)]"
"(13, 25, 3, 27, 0)","[(0, 5, 7, 3)]"
"(13, 25, 4, 2, 0)","[(3, 4, '?', 3)]"
"(13, 25, 4, 9, 0)","[('?', 4, '?', 3), ('?', 4, '?', 3), ('?', 4, '?', 4), ('?', 4, '?', 3), ('?', 4, '?', 4), ('?', 4, '?', 4), ('?', 4, '?', 3), ('?', 4, '?', 3), ('?', 4, '?', 3), (5, 4, '?', 3), (0, 4, '?', 4), (5, 4, '?', 3)]"
"(13, 25, 4, 16, 0)","[(3, 4, '?', 4), (3, 4, '?', 3), (3, 4, '?', 4), (3, 4, '?', 3), (3, 4, '?', 3), (3, 4, '?', 3), (3, 4, '?', 3)]"
"(13, 25, 4, 18, 0)","[(0, 4, '?', 4), (0, 4, '?', 4)]"
"(13, 25, 5, 5, 0)","[('?', 1, '?', 3)]"
"(13, 25, 6, 2, 0)","[(3, 7, '?', 3)]"
"(13, 25, 6, 10, 0)","[(1, 7, 3, 3)]"
"(13, 25, 7, 3, 0)","[(0, 3, '?', 4)]"
"(13, 25, 7, 5, 0)","[(0, 0, '?', 4), (0, 1, '?', 4), (0, 0, '?', 3), (0, 0, '?', 3), (0, 0, '?', 4), (0, 1, '?', 4), (0, 0, '?', 4)]"
"(13, 25, 7, 6, 0)","[(0, 7, '?', 3), (0, 7, '?', 3), (0, 7, '?', 4), (0, 7, '?', 3), (0, 7, '?', 4)]"
"(13, 25, 7, 9, 0)","[(0, 4, '?', 4)]"
"(13, 25, 7, 11, 0)","[(0, 4, '?', 4)]"
"(13, 25, 7, 13, 0)","[(0, 6, 7, 3)]"
"(13, 25, 7, 14, 0)","[(0, 0, '?', 3)]"
"(13, 25, 7, 16, 0)","[(0, 4, '?', 4)]"
"(13, 25, 7, 18, 0)","[(0, 7, '?', 3)]"
"(13, 25, 7, 22, 0)","[(0, 3, '?', 4), (0, 3, '?', 3), (0, 3, '?', 3), (0, 3, '?', 4), (0, 3, '?', 3)]"
"(13, 25, 7, 25, 0)","[(0, 0, '?', 4)]"
"(13, 25, 7, 26, 0)","[(0, 2, '?', 4), (0, 2, '?', 3), (0, 2, '?', 4), (0, 2, '?', 3), (0, 7, '?', 3)]"
"(13, 25, 9, 2, 0)","[(3, 6, 5, 3), (3, 4, '?', 4)]"
"(13, 25, 9, 14, 0)","[(3, 1, 5, 4)]"
"(13, 25, 9, 22, 0)","[(3, 3, 5, 4)]"
"(13, 25, 9, 24, 0)","[('?', 1, 5, 4)]"
"(13, 25, 10, 3, 0)","[(1, 3, '?', 4), (5, 3, '?', 3), (5, 3, 5, 4), (5, 3, '?', 3), (1, 3, '?', 4), (1, 3, '?', 4), (5, 3, '?', 4), (1, 3, '?', 4), (5, 3, '?', 3), (1, 3, '?', 4), (5, 3, '?', 4), (1, 3, '?', 4), (1, 3, '?', 3)]"
"(13, 25, 10, 5, 0)","[(5, 1, 1, 4), (5, 1, '?', 4), (1, 0, '?', 4), (1, 1, '?', 3), (1, 1, '?', 3), (5, 0, '?', 3), (1, 1, 5, 4), (5, 1, '?', 4), (1, 1, '?', 3), (1, 1, '?', 3), (5, 1, 5, 4), (5, 1, '?', 4), (1, 1, 5, 4), (5, 0, '?', 3), (5, 0, '?', 3)]"
"(13, 25, 10, 9, 0)","[(5, 1, 1, 3), (1, 1, 1, 3), (5, 5, 5, 4), (1, 2, 5, 4)]"
"(13, 25, 10, 10, 0)","[(5, '?', '?', 4), (1, 0, '?', 3), (1, 1, '?', 3), (1, '?', '?', 4), (1, 0, 5, 4), (1, 5, '?', 4), (1, '?', '?', 4), (5, '?', '?', 3)]"
"(13, 25, 10, 12, 0)","[(1, '?', '?', 3)]"
"(13, 25, 10, 14, 0)","[(5, 0, '?', 3)]"
"(13, 25, 10, 17, 0)","[(1, 0, '?', 3)]"
"(13, 25, 10, 25, 0)","[(1, '?', '?', 3), (1, '?', '?', 4), (5, '?', '?', 4), (1, 0, '?', 4), (1, 0, '?', 4), (5, 3, '?', 3), (1, 0, 5, 4)]"
"(13, 25, 10, 26, 0)","[(5, 2, 5, 4), (1, 2, 5, 4), (5, 7, '?', 4), (1, 7, '?', 4), (1, 2, '?', 3), (5, 2, '?', 3), (5, 2, '?', 3), (1, 7, '?', 3), (5, 2, '?', 3)]"
"(13, 25, 11, 2, 0)","[(3, 4, '?', 4), (3, 4, '?', 4)]"
"(13, 25, 11, 24, 0)","[(2, 0, 3, 4)]"
"(13, 25, 12, 2, 0)","[(3, 4, 1, 3)]"
"(13, 25, 13, 2, 0)","[(3, 6, 2, 4), (3, 6, 5, 3)]"
"(13, 25, 13, 3, 0)","[('?', 3, 5, 4)]"
"(13, 25, 13, 5, 0)","[('?', 1, 5, 4), ('?', 1, '?', 3)]"
"(13, 25, 13, 9, 0)","[('?', '?', 5, 3)]"
"(13, 25, 13, 14, 0)","[(3, 1, 5, 3)]"
"(13, 25, 13, 16, 0)","[(3, 4, 5, 4)]"
"(13, 25, 13, 23, 0)","[(3, 3, 5, 4)]"
"(13, 25, 13, 24, 0)","[('?', 1, 5, 3), (5, 1, 7, 3)]"
"(13, 25, 13, 25, 0)","[('?', 0, '?', 4), (1, 1, 7, 4), (5, 7, 7, 3), (1, 1, 7, 4), (1, 5, 7, 3)]"
"(13, 25, 15, 2, 0)","[(4, 3, '?', 4), (4, 1, 2, 4), (4, 3, '?', 4), (4, 3, '?', 3)]"
"(13, 25, 15, 5, 0)","[(4, 1, 5, 4), (4, 1, '?', 4), (4, 1, '?', 3), (4, 1, '?', 4), (4, 1, '?', 3), (4, 1, '?', 3), (4, 1, '?', 4)]"
"(13, 25, 15, 13, 0)","[(4, '?', 7, 4), (4, '?', 5, 4), (4, '?', 2, 4), (4, 1, 2, 3), (4, 1, 2, 4), (4, '?', 7, 4)]"
"(13, 25, 15, 14, 0)","[(4, 0, 5, 3)]"
"(13, 25, 15, 15, 0)","[(4, 3, 7, 4), (4, 0, '?', 4)]"
"(13, 25, 15, 22, 0)","[(4, 3, '?', 4), (4, 3, '?', 3)]"
"(13, 25, 15, 24, 0)","[(4, 1, '?', 4)]"
"(13, 25, 15, 26, 0)","[(4, 2, '?', 4)]"
"(13, 25, 16, 13, 0)","[(4, 5, 5, 3)]"
"(13, 25, 16, 15, 0)","[(4, 3, 3, 3)]"
"(13, 25, 17, 3, 0)","[(1, 3, '?', 3), (5, 3, '?', 4), (5, 3, '?', 4), (5, 3, '?', 3), (1, 3, '?', 4), (5, 3, '?', 3), (1, 3, '?', 3)]"
"(13, 25, 17, 5, 0)","[(5, 0, '?', 3), (5, 1, '?', 4), (1, 0, '?', 3), (1, 0, '?', 3), (1, 0, '?', 4), (1, 0, '?', 4), (1, 1, '?', 3), (1, 1, '?', 3), (1, 1, '?', 3), (5, 1, '?', 3), (1, 0, '?', 4), (1, 0, '?', 4)]"
"(13, 25, 17, 6, 0)","[(1, 2, '?', 3)]"
"(13, 25, 17, 9, 0)","[(5, 4, '?', 3), (5, 4, '?', 3), (5, 4, '?', 3), (1, 5, '?', 3), (1, 5, '?', 3), (1, 5, '?', 4), (1, 4, '?', 3), (5, 1, 1, 3), (1, 4, '?', 3)]"
"(13, 25, 17, 10, 0)","[(1, 6, '?', 3), (1, '?', '?', 3), (1, 4, 1, 4), (1, 2, 5, 4), (5, '?', '?', 3), (5, '?', '?', 3), (1, '?', '?', 4)]"
"(13, 25, 17, 12, 0)","[(1, 1, '?', 3), (5, 0, '?', 3)]"
"(13, 25, 17, 13, 0)","[(1, '?', 5, 3), (1, 6, 5, 4)]"
"(13, 25, 17, 17, 0)","[(1, 4, 5, 4), (1, 4, '?', 3), (1, 5, '?', 3), (1, 4, '?', 3), (1, 5, '?', 3), (1, 4, '?', 3), (1, 5, '?', 3), (1, 5, '?', 3)]"
"(13, 25, 17, 26, 0)","[(5, 7, '?', 4), (1, 7, '?', 3), (1, 2, 1, 4), (1, 7, '?', 4), (5, 2, '?', 3), (1, 7, 1, 4), (1, 7, '?', 3), (1, 7, '?', 3), (1, 2, '?', 3), (1, 2, 5, 4), (1, 7, '?', 4), (1, 2, 5, 4), (1, 7, '?', 4), (1, 2, '?', 3), (1, 7, '?', 3)]"
"(13, 25, 20, 25, 0)","[(2, 0, '?', 3)]"
"(13, 25, 20, 26, 0)","[(2, 7, '?', 3)]"
"(13, 25, 21, 2, 0)","[(3, 6, '?', 4)]"
"(13, 25, 21, 10, 0)","[(1, 6, '?', 4), (5, 6, '?', 4), (1, 6, '?', 4)]"
"(13, 25, 21, 17, 0)","[(5, 6, '?', 3), (5, 6, '?', 3), (1, 6, '?', 3), (1, 6, '?', 3), (1, 6, '?', 4)]"
"(13, 25, 25, 2, 0)","[(3, 4, '?', 3), (3, 3, '?', 4), (3, 0, '?', 3), (3, '?', 5, 4), (3, 0, '?', 4), (3, 0, '?', 3), (3, '?', '?', 4), (3, '?', '?', 3), (3, '?', '?', 3), (3, 1, '?', 4), (3, '?', '?', 3), (3, 0, '?', 3), (3, '?', '?', 3), (3, '?', '?', 4), (3, '?', '?', 4), (3, 0, '?', 4), (3, '?', '?', 3), (3, 4, '?', 4), (3, 0, '?', 3), (3, '?', '?', 3)]"
"(13, 25, 25, 3, 0)","[('?', 3, '?', 4), ('?', 3, 5, 4), ('?', 3, '?', 3), ('?', 3, '?', 3), ('?', 3, '?', 3), ('?', 3, '?', 3), ('?', 3, '?', 4), ('?', 3, '?', 3)]"
"(13, 25, 25, 5, 0)","[('?', 1, '?', 3), ('?', 1, '?', 3), ('?', 1, '?', 3), ('?', 1, '?', 4), ('?', 1, '?', 4), ('?', 0, '?', 3), ('?', 0, '?', 4), ('?', 1, '?', 3), ('?', 1, 5, 4), ('?', 0, '?', 4), ('?', 0, '?', 4), ('?', 0, '?', 4), ('?', 1, '?', 4)]"
"(13, 25, 25, 9, 0)","[('?', 4, '?', 4), ('?', 4, '?', 3), ('?', 4, '?', 4), ('?', 4, '?', 4)]"
"(13, 25, 25, 12, 0)","[('?', '?', '?', 4), ('?', 0, '?', 3), ('?', '?', '?', 4)]"
"(13, 25, 25, 14, 0)","[(3, 1, '?', 4), (3, 0, '?', 4), (3, 0, '?', 4), (3, 1, '?', 4), (3, 0, '?', 4)]"
"(13, 25, 25, 16, 0)","[(3, 4, '?', 3)]"
"(13, 25, 25, 22, 0)","[(3, 3, '?', 4), (3, 3, '?', 4), (3, 3, '?', 4), (3, 3, '?', 4)]"
"(13, 25, 25, 23, 0)","[(3, 3, 5, 4), (3, 3, 7, 4), (3, 3, '?', 4), (3, 3, '?', 4), (3, 3, '?', 4)]"
"(13, 25, 25, 24, 0)","[('?', 1, '?', 4)]"
"(13, 25, 25, 25, 0)","[(1, 6, 5, 3), ('?', '?', '?', 4), ('?', 0, '?', 4), ('?', '?', '?', 4), ('?', '?', '?', 4)]"
"(13, 25, 25, 26, 0)","[(5, 7, '?', 4)]"
"(13, 25, 26, 2, 0)","[(3, 7, '?', 3), (3, 7, '?', 3), (3, 7, '?', 4), (3, 2, '?', 3), (3, 2, '?', 3), (3, 7, '?', 4), (3, 2, '?', 4), (3, 7, '?', 3), (3, 7, '?', 4), (3, 2, '?', 4), (3, 2, '?', 3), (3, 7, '?', 3), (3, 2, '?', 4), (3, 7, '?', 4)]"
"(13, 25, 26, 4, 0)","[('?', 2, '?', 4)]"
"(13, 25, 26, 7, 0)","[(0, 2, '?', 3), (0, 2, '?', 3), (0, 2, '?', 4)]"
"(13, 25, 26, 10, 0)","[(5, 2, '?', 3)]"
"(13, 25, 26, 12, 0)","[('?', 2, '?', 3), ('?', 7, '?', 4), ('?', 7, '?', 3), ('?', 2, '?', 3), (0, 2, '?', 3), ('?', 2, '?', 4)]"
"(13, 25, 26, 13, 0)","[(5, 7, 2, 3)]"
"(13, 25, 26, 16, 0)","[(3, 2, '?', 3)]"
"(13, 25, 26, 25, 0)","[('?', 7, '?', 3), ('?', 2, '?', 3), ('?', 7, '?', 3), ('?', 7, '?', 4), ('?', 2, '?', 3), ('?', 7, '?', 3), (5, 7, 5, 4), ('?', 2, '?', 4), (5, 7, 5, 4), ('?', 2, '?', 3), (5, 2, 5, 4)]"
"(13, 26, 2, 4, 0)","[(4, 2, 6, 4), (4, 2, 6, 3)]"
"(13, 26, 2, 13, 0)","[(4, 2, 7, 3), (4, 7, 2, 3), (4, 7, 2, 4), (4, 7, 2, 3), (4, 7, 2, 3), (4, 2, 7, 3), (4, 2, 7, 3), (4, 2, 7, 3), (4, 7, 2, 3), (4, 7, 2, 3), (4, 7, 2, 4), (4, 2, 2, 4)]"
"(13, 26, 2, 17, 0)","[(4, 2, 6, 3), (4, 2, 6, 3)]"
"(13, 26, 4, 2, 0)","[(3, 2, 6, 3), (3, 7, 6, 4), (3, 2, 6, 3), (3, 2, 6, 3)]"
"(13, 26, 4, 7, 0)","[(0, 2, 4, 3), (0, 2, 4, 3), (0, 2, 4, 3)]"
"(13, 26, 4, 12, 0)","[('?', 7, 4, 3), ('?', 7, 6, 4)]"
"(13, 26, 7, 10, 0)","[(0, 2, 4, 3), (0, 7, 4, 3), (0, 7, 4, 3)]"
"(13, 26, 7, 12, 0)","[(0, 2, 4, 3)]"
"(13, 26, 7, 17, 0)","[(0, 7, 6, 4), (0, 7, 4, 4), (0, 2, 4, 3), (0, 7, 6, 4), (0, 7, 6, 4)]"
"(13, 26, 7, 26, 0)","[(0, 2, '?', 4)]"
"(13, 26, 10, 17, 0)","[(5, 2, 6, 4)]"
"(13, 26, 12, 2, 0)","[(3, 2, 6, 3)]"
"(13, 26, 12, 12, 0)","[('?', 2, 4, 3), ('?', 7, 6, 4)]"
"(13, 26, 13, 2, 0)","[(3, 7, 2, 4), (3, 2, 7, 4), (3, 7, 2, 4), (3, 2, 7, 3), (3, 2, 7, 3), (3, 7, 2, 3), (3, 2, 7, 4), (3, 7, 2, 3), (3, 2, 7, 3), (3, 2, 7, 4), (3, 7, 2, 4), (3, 7, 7, 3), (3, 7, 2, 3), (3, 7, 7, 3), (3, 7, 2, 4), (3, 7, 7, 4), (3, 7, 2, 4), (3, 7, 7, 3), (3, 7, 7, 3)]"
"(13, 26, 13, 10, 0)","[(1, 7, 7, 3)]"
"(13, 26, 13, 13, 0)","[('?', 2, 2, 3), ('?', 7, 7, 3), ('?', 2, 7, 4)]"
"(13, 26, 13, 17, 0)","[(1, 2, 7, 3), (1, 2, 2, 4), (5, 7, 7, 3), (1, 7, 2, 4), (1, 7, 7, 3), (1, 2, 2, 3), (5, 7, 7, 3), (1, 7, 2, 4), (1, 7, '?', 3)]"
"(13, 26, 13, 25, 0)","[('?', 7, 7, 3), ('?', 7, 2, 3), ('?', 2, 7, 4)]"
"(13, 26, 13, 26, 0)","[('?', 2, 2, 3)]"
"(13, 26, 17, 12, 0)","[(1, 7, 6, 4), (5, 7, 6, 4), (5, 2, 4, 3)]"
"(13, 26, 17, 13, 0)","[(1, 2, 7, 3)]"
"(13, 26, 23, 13, 0)","[(4, 2, 2, 3)]"
"(13, 26, 27, 13, 0)","[(0, 2, 2, 4)]"
"(13, 26, 27, 25, 0)","[(0, 7, 7, 3), (0, 2, 2, 4), (0, 7, 7, 4)]"
"(13, 26, 27, 26, 0)","[(0, 7, 7, 3)]"
"(15, 9, 15, 11, 0)","[(6, 3, 3, 4)]"
"(15, 15, 15, 11, 0)","[(4, 5, 3, 3)]"
"(16, 1, 4, 9, 0)","[(6, 6, 1, 0), (6, 6, 1, 0)]"
"(16, 1, 11, 11, 0)","[(6, 6, 0, 0)]"
"(16, 1, 11, 25, 0)","[(6, 6, 0, 5), (6, 6, 0, 5), (6, 6, 0, 5), (6, 6, 0, 0)]"
"(16, 1, 12, 9, 0)","[(6, 6, 1, 5)]"
"(16, 1, 13, 9, 0)","[(6, 6, 5, 0)]"
"(16, 1, 13, 13, 0)","[(6, 6, 5, 0)]"
"(16, 1, 25, 11, 0)","[(6, 6, 0, 5)]"
"(16, 2, 5, 5, 0)","[(6, 0, '?', 0)]"
"(16, 2, 11, 3, 0)","[(6, 3, '?', 0)]"
"(16, 2, 13, 5, 0)","[(6, 0, 7, 0)]"
"(16, 2, 13, 13, 0)","[(6, 0, 7, 0)]"
"(16, 2, 13, 24, 0)","[(6, 1, 7, 5), (6, 1, 7, 5), (6, 0, 7, 0)]"
"(16, 2, 21, 25, 0)","[(6, 6, '?', 0)]"
"(16, 2, 24, 16, 0)","[(6, 6, '?', 5)]"
"(16, 2, 25, 21, 0)","[(6, 6, '?', 0)]"
"(16, 4, 3, 10, 0)","[(6, 5, 6, 0)]"
"(16, 4, 3, 17, 0)","[(6, 5, 6, 0)]"
"(16, 4, 13, 16, 0)","[(6, 4, 2, 5)]"
"(16, 4, 17, 16, 0)","[(6, 5, 4, 5)]"
"(16, 4, 21, 9, 0)","[(6, 6, 1, 0)]"
"(16, 6, 4, 9, 0)","[(6, 2, 1, 5), (6, 2, 1, 5), (6, 2, 1, 0)]"
"(16, 6, 4, 26, 0)","[(6, 2, 1, 0), (6, 2, 1, 0)]"
"(16, 6, 11, 6, 0)","[(6, 2, 3, 0), (6, 7, 0, 5), (6, 2, 3, 0)]"
"(16, 6, 12, 26, 0)","[(6, 2, 1, 0)]"
"(16, 6, 13, 6, 0)","[(6, 7, 5, 5)]"
"(16, 8, 13, 16, 0)","[(6, 5, 5, 5)]"
"(16, 9, 3, 13, 0)","[(6, 5, 5, 5), (6, 5, 5, 0)]"
"(16, 9, 3, 25, 0)","[(6, 5, 5, 5), (6, 5, 5, 5)]"
"(16, 9, 4, 4, 0)","[(6, 5, 1, 5)]"
"(16, 9, 4, 9, 0)","[(6, 4, 1, 5), (6, 4, 1, 5), (6, 4, 1, 5), (6, 4, 1, 0), (6, 4, 1, 5), (6, 5, 1, 5), (6, 4, 1, 0), (6, 5, 1, 5), (6, 4, 1, 5)]"
"(16, 9, 4, 10, 0)","[(6, 1, 1, 0)]"
"(16, 9, 4, 11, 0)","[(6, 4, 1, 0)]"
"(16, 9, 4, 12, 0)","[(6, 4, 1, 5)]"
"(16, 9, 4, 26, 0)","[(6, 2, 1, 5)]"
"(16, 9, 10, 9, 0)","[(6, 4, 1, 5), (6, 1, 1, 0), (6, '?', 1, 0)]"
"(16, 9, 10, 12, 0)","[(6, 1, 1, 5), (6, 1, 1, 5), (6, 1, 1, 5), (6, 1, 1, 5)]"
"(16, 9, 11, 11, 0)","[(6, 5, 3, 0), (6, 4, 0, 5)]"
"(16, 9, 11, 24, 0)","[(6, 0, 0, 0)]"
"(16, 9, 11, 25, 0)","[(6, '?', 0, 5)]"
"(16, 9, 12, 9, 0)","[(6, 1, 1, 0), (6, 3, 1, 0), (6, 1, 1, 0), (6, 5, 1, 5), (6, 3, 1, 0), (6, '?', 1, 5), (6, 3, 1, 5), (6, 5, 1, 5), (6, 0, 1, 5)]"
"(16, 9, 12, 10, 0)","[(6, 0, 1, 5), (6, 1, 1, 0), (6, 1, 1, 5), (6, 1, 1, 0), (6, 0, 1, 5)]"
"(16, 9, 12, 12, 0)","[(6, 0, 1, 5), (6, '?', 1, 5)]"
"(16, 9, 12, 25, 0)","[(6, '?', 1, 0)]"
"(16, 9, 12, 26, 0)","[(6, 7, 1, 0)]"
"(16, 9, 13, 5, 0)","[(6, 0, 5, 5)]"
"(16, 9, 13, 6, 0)","[(6, 7, 5, 0)]"
"(16, 9, 13, 11, 0)","[(6, 4, 5, 5)]"
"(16, 9, 13, 16, 0)","[(6, 4, 5, 5)]"
"(16, 9, 13, 24, 0)","[(6, 0, 5, 5), (6, 0, 5, 5), (6, 0, 5, 0), (6, 0, 5, 5), (6, 0, 5, 0), (6, 0, 5, 5), (6, 0, 5, 0), (6, 1, 5, 5)]"
"(16, 9, 13, 25, 0)","[(6, '?', 5, 5), (6, '?', 5, 5), (6, '?', 5, 0), (6, '?', 5, 5), (6, '?', 5, 5), (6, '?', 5, 5), (6, '?', 5, 0)]"
"(16, 9, 13, 26, 0)","[(6, 7, 5, 5), (6, 7, 5, 0)]"
"(16, 9, 16, 16, 0)","[(6, 4, 3, '?')]"
"(16, 9, 17, 12, 0)","[(6, 0, 1, 5), (6, 1, 1, 5)]"
"(16, 9, 21, 4, 0)","[(6, 6, 1, 5)]"
"(16, 9, 21, 24, 0)","[(6, 6, 1, 5)]"
"(16, 9, 24, 12, 0)","[(6, 6, 1, 0)]"
"(16, 9, 24, 13, 0)","[(6, 6, 5, 5), (6, 1, 5, 5), (6, 6, 5, 5)]"
"(16, 9, 24, 25, 0)","[(6, 6, 1, 5)]"
"(16, 9, 25, 13, 0)","[(6, 3, 5, 0)]"
"(16, 9, 25, 24, 0)","[(6, 0, 5, 5)]"
"(16, 9, 25, 25, 0)","[(6, '?', 5, 0)]"
"(16, 9, 26, 4, 0)","[(6, 2, 1, 5), (6, 2, 1, 0), (6, 2, 1, 5), (6, 2, 1, 0)]"
"(16, 9, 26, 10, 0)","[(6, 2, 1, 5), (6, 2, 1, 5)]"
"(16, 9, 26, 12, 0)","[(6, 2, 1, 0)]"
"(16, 9, 26, 13, 0)","[(6, 7, 5, 0), (6, 7, 5, 5)]"
"(16, 9, 26, 17, 0)","[(6, 2, 1, 5), (6, 2, 1, 5)]"
"(16, 9, 26, 26, 0)","[(6, 7, 1, 0), (6, 7, 1, 0), (6, 7, 1, 5), (6, 2, 1, 0), (6, 7, 1, 5), (6, 7, 1, 5)]"
"(16, 10, 3, 17, 0)","[(6, 5, 6, 0)]"
"(16, 10, 10, 3, 0)","[(6, 3, 4, 0), (6, 3, 6, 0)]"
"(16, 10, 10, 4, 0)","[(6, 3, 4, 0), (6, 3, 4, 5)]"
"(16, 10, 10, 5, 0)","[(6, 1, 4, 5), (6, 0, 6, 5), (6, 0, 4, 0), (6, 0, 4, 0), (6, 0, 4, 0), (6, 1, 4, 0), (6, 0, 6, 0), (6, 1, 6, 0), (6, 0, 6, 0), (6, 0, 6, 0), (6, 1, 4, 0), (6, 1, 4, 5)]"
"(16, 10, 10, 9, 0)","[(6, 3, 4, 0)]"
"(16, 10, 10, 10, 0)","[(6, 5, 4, 5), (6, '?', 4, 5), (6, 3, 4, 5), (6, '?', 4, 0), (6, '?', 6, 5), (6, 5, 6, 5), (6, 3, 6, 0), (6, '?', 6, 0), (6, 5, 6, 5), (6, 7, 6, 5), (6, '?', 4, 0), (6, 7, 6, 5), (6, 5, 6, 0), (6, '?', 4, 5), (6, '?', 6, 5)]"
"(16, 10, 10, 12, 0)","[(6, 5, 6, 0), (6, '?', 4, 0), (6, 3, 4, 0), (6, 2, 6, 5), (6, '?', 6, 0), (6, '?', 6, 5), (6, '?', 4, 5), (6, '?', 6, 0), (6, 2, 6, 5), (6, '?', 4, 0), (6, 5, 6, 5), (6, '?', 4, 0), (6, '?', 4, 0)]"
"(16, 10, 10, 17, 0)","[(6, 3, 6, 0)]"
"(16, 10, 10, 19, 0)","[(6, 3, 4, 0)]"
"(16, 10, 10, 22, 0)","[(6, 3, 6, 0)]"
"(16, 10, 10, 23, 0)","[(6, 3, 4, 5)]"
"(16, 10, 10, 26, 0)","[(6, 7, 6, 5), (6, 2, 6, 5), (6, 7, 6, 5)]"
"(16, 10, 12, 10, 0)","[(6, '?', 4, 5), (6, '?', 4, 5)]"
"(16, 10, 12, 17, 0)","[(6, '?', 6, 0)]"
"(16, 10, 17, 3, 0)","[(6, 3, 4, 0), (6, 3, 6, 0)]"
"(16, 10, 17, 4, 0)","[(6, 5, 6, 5), (6, 4, 4, 0)]"
"(16, 10, 17, 5, 0)","[(6, 0, 6, 5), (6, 0, 4, 0), (6, 0, 6, 5), (6, 1, 6, 0), (6, 1, 4, 0), (6, 1, 4, 0), (6, 0, 6, 0), (6, 0, 4, 0), (6, 1, 4, 0), (6, 0, 6, 5), (6, 1, 4, 5), (6, 1, 4, 5), (6, 0, 4, 0), (6, 0, 6, 0), (6, 1, 4, 5), (6, 0, 4, 0), (6, 1, 6, 0)]"
"(16, 10, 17, 10, 0)","[(6, '?', 6, 5), (6, '?', 6, 5)]"
"(16, 10, 17, 12, 0)","[(6, 4, 4, 0), (6, '?', 6, 0), (6, 5, 6, 0), (6, 3, 4, 5)]"
"(16, 10, 17, 17, 0)","[(6, 5, 6, 5), (6, 5, 6, 5)]"
"(16, 10, 17, 26, 0)","[(6, 2, 6, 5), (6, 2, 4, 5), (6, 2, 4, 5), (6, 2, '?', 5)]"
"(16, 10, 21, 10, 0)","[(6, 6, 6, 5), (6, 6, 4, 0), (6, 6, 4, 0), (6, 6, 4, 0), (6, 6, 4, 5), (6, 6, 6, 5)]"
"(16, 10, 21, 17, 0)","[(6, 6, 6, 5), (6, 6, 4, 5), (6, 6, 6, 5)]"
"(16, 10, 24, 10, 0)","[(6, 6, 6, 5)]"
"(16, 10, 24, 24, 0)","[(6, 6, 4, 0)]"
"(16, 10, 26, 6, 0)","[(6, 7, 4, 5)]"
"(16, 10, 26, 10, 0)","[(6, 7, 6, 0), (6, 7, 6, 0), (6, 7, 6, 5), (6, 7, 4, 5), (6, 7, 4, 0), (6, 2, 4, 5)]"
"(16, 10, 26, 12, 0)","[(6, 7, 4, 5), (6, 7, 6, 0)]"
"(16, 10, 26, 17, 0)","[(6, 2, 4, 0), (6, 7, 4, 0), (6, 7, 6, 0), (6, 7, 4, 0), (6, 2, 4, 0), (6, 2, 4, 0), (6, 2, 4, 5), (6, 2, 4, 0), (6, 7, 4, 5), (6, 7, 4, 0), (6, 7, 4, 5)]"
"(16, 11, 1, 11, 0)","[(6, 1, 3, 5)]"
"(16, 11, 3, 13, 0)","[(6, 5, 5, 0), (6, 5, 5, 5), (6, 5, 5, 0), (6, 5, 5, 0)]"
"(16, 11, 4, 3, 0)","[(6, 3, 1, 5), (6, 3, 1, 5), (6, 3, 1, 5)]"
"(16, 11, 4, 9, 0)","[(6, 4, 1, 0), (6, '?', 1, 5), (6, 1, 1, 0)]"
"(16, 11, 4, 11, 0)","[(6, 4, 1, 0)]"
"(16, 11, 4, 12, 0)","[(6, 4, 1, 0), (6, 4, 1, 0), (6, 1, 1, 5)]"
"(16, 11, 4, 16, 0)","[(6, 4, 1, 5), (6, 4, 5, 5)]"
"(16, 11, 6, 6, 0)","[(6, 2, 0, 0), (6, 2, 3, 0), (6, 7, 0, 0), (6, 7, 3, 0), (6, 2, 3, 5), (6, 2, 0, 0), (6, 2, 0, 0)]"
"(16, 11, 6, 11, 0)","[(6, 7, 0, 5), (6, 7, 0, 0), (6, 7, 3, 5), (6, 2, 3, 5), (6, 7, 3, 0), (6, 2, 3, 0), (6, 7, 0, 5), (6, 7, 3, 0), (6, 7, 3, 0), (6, 2, 0, 0), (6, 7, 0, 0), (6, 7, 0, 0), (6, 7, 3, 5), (6, 7, 0, 0), (6, 7, 0, 5), (6, 2, 0, 0), (6, 2, 3, 5), (6, 2, 3, 0), (6, 7, 3, 5), (6, 7, 0, 0), (6, 2, 3, 0), (6, 7, 3, 0)]"
"(16, 11, 6, 15, 0)","[(6, 7, 3, 5)]"
"(16, 11, 6, 25, 0)","[(6, 7, 3, 0), (6, 7, 0, 5), (6, 7, 0, 5), (6, 7, 0, 0)]"
"(16, 11, 8, 2, 0)","[(6, 5, 0, 0)]"
"(16, 11, 8, 11, 0)","[(6, 5, 0, 5), (6, 5, 3, 0), (6, 5, 3, 5), (6, 5, 0, 0), (6, 5, 0, 5)]"
"(16, 11, 8, 16, 0)","[(6, 5, 3, 5), (6, 5, 0, 5), (6, 5, 3, 0), (6, 5, 3, 5), (6, 5, 3, 5), (6, 5, 3, 0), (6, 5, 0, 0)]"
"(16, 11, 8, 25, 0)","[(6, 5, 3, 0)]"
"(16, 11, 10, 9, 0)","[(6, '?', 1, 5)]"
"(16, 11, 11, 1, 0)","[(6, 1, 0, 5), (6, 0, 0, 5), (6, 0, 0, 0), (6, 1, 0, 5), (6, 0, 0, 0), (6, 0, 3, 0), (6, 1, 0, 5), (6, 1, 0, 5), (6, 1, 3, 0), (6, 0, 0, 5)]"
"(16, 11, 11, 3, 0)","[(6, 3, 0, 5)]"
"(16, 11, 11, 5, 0)","[(6, 0, 0, 5), (6, 1, 3, 5), (6, 1, 0, 5), (6, 1, 3, 0), (6, 0, 0, 5)]"
"(16, 11, 11, 6, 0)","[(6, 7, 3, 5), (6, 7, 3, 5)]"
"(16, 11, 11, 11, 0)","[(6, 4, 3, 0), (6, 4, 0, 0)]"
"(16, 11, 11, 12, 0)","[(6, 4, 0, 5)]"
"(16, 11, 11, 15, 0)","[(6, '?', 0, 5)]"
"(16, 11, 11, 19, 0)","[(6, 3, 0, 5), (6, 3, 0, 0), (6, 3, 0, 5), (6, 3, 3, 5), (6, 3, 0, 5), (6, 3, 0, 5), (6, 3, 3, 5), (6, 3, 0, 5), (6, 3, 0, 0)]"
"(16, 11, 11, 22, 0)","[(6, 3, 3, 0), (6, 3, 0, 5), (6, 3, 0, 5)]"
"(16, 11, 11, 24, 0)","[(6, 1, 3, 0), (6, 0, 0, 5), (6, 0, 3, 0), (6, 0, 0, 0), (6, 1, 3, 5), (6, 1, 0, 5), (6, 0, 3, 0), (6, 0, 0, 0), (6, 0, 0, 5), (6, 1, 3, 5), (6, 0, 0, 0), (6, 1, 3, 5), (6, 0, 3, 0), (6, 1, 0, 5), (6, 0, 0, 0), (6, 1, 3, 5), (6, 1, 3, 0)]"
"(16, 11, 11, 25, 0)","[(6, 4, 0, 0), (6, 2, 0, 0), (6, 4, 3, 5), (6, 7, 3, 0), (6, '?', 0, 5), (6, 3, 0, 5), (6, 4, 3, 5), (6, 3, 0, 5), (6, '?', 0, 5), (6, '?', 0, 5), (6, 3, 0, 0), (6, '?', 0, 5), (6, 3, 3, 0), (6, 3, 3, 5), (6, 3, 0, 0), (6, 3, 3, 5), (6, '?', 0, 5), (6, 4, 3, 0), (6, 3, 3, 5)]"
"(16, 11, 11, 26, 0)","[(6, 2, 0, 0), (6, 2, 3, 0), (6, 2, 0, 0), (6, 2, 3, 5), (6, 7, 3, 5)]"
"(16, 11, 13, 1, 0)","[(6, 0, 5, 0), (6, 1, 5, 5), (6, 1, 5, 5), (6, 1, 5, 5), (6, 0, 5, 5), (6, 0, 5, 5)]"
"(16, 11, 13, 5, 0)","[(6, 0, 5, 0)]"
"(16, 11, 13, 6, 0)","[(6, 7, 5, 0)]"
"(16, 11, 13, 9, 0)","[(6, '?', 5, 5)]"
"(16, 11, 13, 11, 0)","[(6, 4, 5, 5), (6, 4, 5, 5), (6, 4, 5, 0), (6, 4, 5, 0), (6, 4, 5, 0), (6, 4, 5, 0), (6, 4, 5, 0), (6, '?', 5, 5), (6, 4, 5, 0)]"
"(16, 11, 13, 16, 0)","[(6, 4, 5, 5), (6, 4, 5, 0), (6, 4, 5, 5)]"
"(16, 11, 13, 19, 0)","[(6, 3, 5, 0), (6, 3, 5, 0), (6, 3, 5, 0), (6, 3, 5, 0), (6, 3, 5, 0)]"
"(16, 11, 13, 25, 0)","[(6, 4, 5, 0), (6, 6, 5, 5), (6, 4, 5, 0), (6, '?', 5, 0), (6, 3, 5, 0), (6, '?', 5, 0)]"
"(16, 11, 16, 16, 0)","[(6, 4, 5, 5), (6, 4, 3, 5), (6, 4, 0, 5), (6, 4, 3, 0), (6, 4, 0, 0), (6, 4, 3, 5), (6, 4, 0, 0), (6, 4, 3, 0), (6, 4, 3, 0), (6, 4, 0, 0), (6, 4, 0, 5), (6, 5, 3, 5), (6, 5, 3, 0), (6, 4, 0, 5), (6, 4, 3, 5), (6, 4, 3, 0), (6, 4, 3, 5)]"
"(16, 11, 17, 9, 0)","[(6, '?', 1, 5)]"
"(16, 11, 21, 13, 0)","[(6, 6, 5, 0)]"
"(16, 11, 24, 11, 0)","[(6, 1, 3, 0)]"
"(16, 11, 25, 1, 0)","[(6, 1, 3, 5), (6, 1, 3, 0)]"
"(16, 11, 25, 6, 0)","[(6, 7, 3, 5)]"
"(16, 11, 25, 8, 0)","[(6, 3, 0, 0)]"
"(16, 11, 25, 11, 0)","[(6, 3, 3, 0), (6, 3, 0, 0)]"
"(16, 11, 25, 13, 0)","[(6, '?', 5, 0)]"
"(16, 11, 25, 24, 0)","[(6, 0, 3, 0), (6, 0, 3, 0)]"
"(16, 11, 25, 25, 0)","[(6, '?', 5, 0)]"
"(16, 12, 17, 4, 0)","[(6, 4, 6, 0)]"
"(16, 13, 1, 13, 0)","[(6, 6, 2, 0)]"
"(16, 13, 3, 11, 0)","[(6, 5, 2, 5)]"
"(16, 13, 3, 13, 0)","[(6, 5, 7, 5), (6, 5, 2, 0), (6, 5, 2, 0), (6, 5, 7, 5), (6, 5, 7, 5), (6, 5, 7, 5)]"
"(16, 13, 3, 25, 0)","[(6, 5, 2, 0), (6, 5, 2, 5), (6, 5, 2, 5), (6, 5, 2, 5), (6, 5, 2, 5), (6, 5, 7, 5)]"
"(16, 13, 6, 13, 0)","[(6, 2, 2, 0), (6, 7, 7, 0), (6, 7, 7, 5), (6, 2, 7, 5), (6, 2, 7, 5), (6, 7, 7, 0)]"
"(16, 13, 8, 11, 0)","[(6, 5, 2, 5)]"
"(16, 13, 8, 13, 0)","[(6, 5, 2, 0)]"
"(16, 13, 8, 16, 0)","[(6, 5, 2, 5)]"
"(16, 13, 11, 3, 0)","[(6, 3, 2, 0), (6, 3, 2, 0), (6, 3, 7, 0), (6, 3, 2, 0)]"
"(16, 13, 11, 5, 0)","[(6, 1, 2, 5), (6, 0, 7, 0), (6, 1, 2, 5), (6, 1, 2, 0), (6, 1, 2, 5), (6, 1, 7, 5)]"
"(16, 13, 11, 12, 0)","[(6, 3, 7, 0)]"
"(16, 13, 11, 13, 0)","[(6, 4, 2, 5), (6, 4, 2, 0), (6, 4, 2, 5), (6, 4, 7, 0), (6, '?', 2, 0), (6, 4, 2, 0), (6, 3, 2, 0)]"
"(16, 13, 11, 16, 0)","[(6, 4, 2, 0), (6, 4, 2, 5), (6, 4, 7, 5)]"
"(16, 13, 11, 19, 0)","[(6, 3, 7, 0)]"
"(16, 13, 11, 24, 0)","[(6, 1, 7, 5)]"
"(16, 13, 11, 25, 0)","[(6, 5, 7, 5)]"
"(16, 13, 11, 27, 0)","[(6, 4, 7, 0)]"
"(16, 13, 13, 1, 0)","[(6, 1, 2, 0), (6, 0, 7, 0)]"
"(16, 13, 13, 5, 0)","[(6, 1, 7, 5)]"
"(16, 13, 13, 11, 0)","[(6, 4, 2, 5)]"
"(16, 13, 13, 18, 0)","[(6, 4, 2, 0)]"
"(16, 13, 16, 16, 0)","[(6, 4, 7, 5), (6, 4, 7, 5), (6, 4, 2, 5), (6, 4, 7, 5), (6, 4, 7, 5), (6, 4, 7, 5), (6, 4, 7, 5), (6, 4, 2, 0), (6, 4, 7, 5), (6, 4, 7, 0), (6, 4, 7, 0)]"
"(16, 13, 21, 13, 0)","[(6, 6, 2, 5)]"
"(16, 13, 24, 9, 0)","[(6, 6, 2, 5)]"
"(16, 13, 24, 13, 0)","[(6, 6, 2, 5), (6, 6, 2, 5), (6, 6, 2, 5)]"
"(16, 13, 24, 25, 0)","[(6, 6, 2, 5)]"
"(16, 13, 25, 3, 0)","[(6, 3, 2, 0)]"
"(16, 13, 25, 9, 0)","[(6, 3, 7, 0)]"
"(16, 13, 25, 11, 0)","[(6, 4, 7, 5), (6, 1, 2, 5), (6, '?', 7, 0), (6, 4, 2, 5)]"
"(16, 13, 25, 13, 0)","[(6, 6, 2, 5), (6, 6, 2, 5), (6, '?', 2, 0), (6, 6, 2, 0), (6, '?', 2, 0), (6, 4, 2, 0), (6, 3, 2, 0), (6, 5, 7, 5)]"
"(16, 13, 25, 24, 0)","[(6, 1, 7, 5), (6, 1, 2, 0), (6, 1, 7, 5), (6, 1, 7, 0), (6, 1, 7, 0), (6, 1, 7, 5), (6, 1, 2, 5), (6, 6, 2, 0), (6, 6, 2, 0), (6, 0, 7, 0)]"
"(16, 13, 25, 25, 0)","[(6, '?', 7, 0), (6, '?', 7, 0), (6, '?', 7, 5), (6, '?', 7, 0), (6, 4, 7, 5), (6, '?', 7, 5), (6, 2, 2, 0), (6, '?', 7, 5), (6, 0, 2, 0), (6, '?', 7, 5), (6, '?', 2, 0), (6, 6, 2, 5), (6, '?', 7, 0), (6, 0, 2, 0), (6, 7, 7, 0), (6, '?', 7, 5), (6, 0, 2, 0), (6, 3, 7, 0), (6, 6, 2, 0), (6, 6, 2, 0), (6, 1, 2, 0), (6, 2, 7, 5), (6, 3, 7, 0), (6, '?', 7, 5), (6, 6, 2, 0), (6, 0, 7, 0), (6, '?', 7, 5)]"
"(16, 13, 25, 26, 0)","[(6, 2, 7, 5), (6, 2, 7, 0), (6, 7, 7, 0), (6, 2, 7, 0), (6, 2, 2, 0), (6, 7, 7, 5), (6, 7, 2, 0), (6, 2, 7, 5)]"
"(16, 13, 26, 6, 0)","[(6, 2, 2, 0), (6, 2, 2, 0), (6, 2, 7, 0), (6, 2, 2, 0)]"
"(16, 13, 26, 9, 0)","[(6, 2, 7, 0)]"
"(16, 13, 26, 13, 0)","[(6, 7, 7, 5), (6, 7, 2, 0), (6, 7, 2, 0)]"
"(16, 13, 26, 25, 0)","[(6, 2, 7, 5), (6, 7, 2, 0), (6, 7, 7, 0), (6, 2, 7, 5)]"
"(16, 15, 11, 11, 0)","[(6, 3, 3, 0)]"
"(16, 16, 1, 1, 0)","[(6, 6, 0, 0), (6, 6, 0, 0)]"
"(16, 16, 1, 15, 0)","[(6, 6, 3, 0)]"
"(16, 16, 1, 16, 0)","[(6, 6, 3, 0), (6, 6, 0, 5), (6, 6, 3, 0), (6, 6, 3, 0)]"
"(16, 16, 3, 13, 0)","[(6, 5, 5, 5)]"
"(16, 16, 4, 16, 0)","[(6, 4, 1, 5)]"
"(16, 16, 6, 6, 0)","[(6, 2, 3, 5)]"
"(16, 16, 6, 11, 0)","[(6, 7, 3, 5), (6, 2, 3, 5)]"
"(16, 16, 6, 15, 0)","[(6, 7, 0, 0)]"
"(16, 16, 6, 16, 0)","[(6, 2, 3, 5)]"
"(16, 16, 8, 11, 0)","[(6, 5, 0, 5)]"
"(16, 16, 8, 16, 0)","[(6, 5, 0, 0)]"
"(16, 16, 11, 1, 0)","[(6, 0, 3, 0), (6, 0, 0, 5)]"
"(16, 16, 11, 6, 0)","[(6, 7, 0, 5)]"
"(16, 16, 11, 11, 0)","[(6, 4, 0, 0), (6, 4, 0, 0), (6, 4, 0, 0), (6, 4, 0, 5)]"
"(16, 16, 11, 19, 0)","[(6, 3, 3, 0), (6, 3, 3, 0), (6, 3, 0, 0), (6, 3, 3, 5), (6, 3, 3, 5), (6, 3, 3, 0)]"
"(16, 16, 11, 24, 0)","[(6, 1, 0, 5)]"
"(16, 16, 11, 25, 0)","[(6, 4, 3, 5), (6, 3, 3, 0), (6, 3, 3, 0)]"
"(16, 16, 13, 1, 0)","[(6, 0, 5, 0)]"
"(16, 16, 13, 6, 0)","[(6, 7, 5, 5)]"
"(16, 16, 13, 9, 0)","[(6, '?', 5, 5), (6, 6, 5, 0)]"
"(16, 16, 13, 11, 0)","[(6, '?', 5, 5), (6, 4, 5, 0)]"
"(16, 16, 16, 16, 0)","[(6, 4, 3, 0)]"
"(16, 16, 21, 2, 0)","[(6, 6, '?', 5)]"
"(16, 16, 21, 13, 0)","[(6, 6, 5, 0)]"
"(16, 16, 24, 1, 0)","[(6, 6, 0, 5)]"
"(16, 16, 24, 16, 0)","[(6, 6, 0, 0)]"
"(16, 17, 3, 17, 0)","[(6, 5, 6, 0)]"
"(16, 17, 5, 5, 0)","[(6, 1, 6, 0)]"
"(16, 17, 9, 5, 0)","[(6, 0, 1, 5), (6, 1, 1, 5)]"
"(16, 17, 10, 17, 0)","[(6, 6, 6, 5)]"
"(16, 17, 10, 26, 0)","[(6, 2, 4, 5)]"
"(16, 17, 12, 5, 0)","[(6, 0, 6, 5)]"
"(16, 17, 12, 12, 0)","[(6, '?', 4, 0), (6, '?', 6, 0)]"
"(16, 17, 12, 26, 0)","[(6, 2, 4, 0)]"
"(16, 17, 17, 3, 0)","[(6, 3, 4, 5), (6, 3, 4, 5), (6, 3, 4, 5), (6, 3, 6, 0), (6, 3, 4, 0), (6, 3, 4, 5), (6, 3, 4, 0), (6, 3, 6, 0), (6, 3, 1, 5), (6, 3, 6, 0), (6, 3, 4, 0), (6, 3, 6, 0)]"
"(16, 17, 17, 4, 0)","[(6, 4, 4, 0), (6, 4, 6, 0), (6, 5, 4, 5), (6, 4, 6, 0), (6, 4, 4, 0), (6, 4, 6, 0)]"
"(16, 17, 17, 5, 0)","[(6, 0, 6, 5), (6, 1, 4, 5), (6, 0, 4, 0), (6, 0, 6, 0), (6, 0, 6, 0), (6, 1, 4, 5), (6, 1, 6, 0), (6, 1, 4, 5), (6, 1, 6, 0), (6, 0, 6, 5), (6, 1, 4, 0), (6, 0, 6, 0), (6, 0, 6, 0)]"
"(16, 17, 17, 12, 0)","[(6, '?', 4, 5), (6, '?', 4, 0), (6, '?', 6, 0), (6, 4, 4, 0), (6, 4, 4, 0), (6, 2, 6, 5), (6, '?', 6, 5), (6, '?', 4, 5), (6, '?', 4, 5), (6, '?', 6, 0)]"
"(16, 17, 17, 16, 0)","[(6, 4, 6, 0)]"
"(16, 17, 17, 17, 0)","[(6, 5, 4, 5), (6, 4, 6, 0), (6, 4, 6, 0), (6, 4, 4, 0), (6, 5, 4, 5), (6, 4, 6, 0)]"
"(16, 17, 21, 17, 0)","[(6, 6, 4, 5), (6, 6, 6, 0), (6, 6, 4, 5), (6, 6, 6, 5), (6, 6, 4, 5), (6, 6, 6, 5), (6, 6, 4, 5)]"
"(16, 17, 26, 10, 0)","[(6, 2, 4, 0), (6, 7, 4, 0)]"
"(16, 17, 26, 12, 0)","[(6, 2, 6, 5)]"
"(16, 17, 26, 17, 0)","[(6, 7, 6, 5), (6, 2, 6, 5), (6, 7, 6, 0), (6, 7, 6, 5), (6, 7, 4, 5), (6, 2, 4, 5), (6, 7, 4, 0), (6, 7, 6, 5), (6, 7, 6, 5), (6, 7, 6, 0), (6, 2, 4, 5), (6, 7, 4, 5), (6, 2, 4, 5), (6, 7, 4, 0), (6, 7, 6, 0), (6, 7, 6, 0), (6, 2, 4, 0), (6, 7, 6, 0), (6, 7, 4, 5), (6, 7, 4, 5), (6, 7, 4, 0)]"
"(16, 21, 10, 17, 0)","[(6, 6, 4, 0), (6, 6, 6, 0)]"
"(16, 21, 13, 11, 0)","[(6, 6, 7, 5), (6, 6, 7, 5)]"
"(16, 21, 13, 13, 0)","[(6, 6, 7, 0)]"
"(16, 21, 13, 16, 0)","[(6, 6, 7, 0), (6, 6, 7, 5), (6, 6, 7, 0), (6, 6, 7, 0), (6, 6, 7, 5), (6, 6, 7, 0)]"
"(16, 21, 13, 25, 0)","[(6, 6, 7, 0), (6, 6, 7, 0), (6, 6, 7, 5), (6, 6, 7, 5)]"
"(16, 21, 17, 12, 0)","[(6, 6, 6, 0), (6, 6, 4, 0), (6, 6, 4, 0), (6, 6, 4, 5), (6, 6, 4, 0)]"
"(16, 21, 17, 17, 0)","[(6, 6, 6, 0), (6, 6, 4, 0), (6, 6, 4, 0), (6, 6, 6, 0)]"
"(16, 21, 25, 16, 0)","[(6, 6, '?', 0)]"
"(16, 24, 9, 12, 0)","[(6, 6, 1, 0)]"
"(16, 24, 9, 13, 0)","[(6, 6, 5, 0), (6, 6, 5, 0), (6, 6, 5, 5), (6, 6, 5, 5)]"
"(16, 24, 9, 25, 0)","[(6, 6, 5, 5), (6, 6, 5, 5)]"
"(16, 24, 11, 1, 0)","[(6, 6, 0, 5)]"
"(16, 24, 11, 25, 0)","[(6, 6, 0, 0), (6, 6, 0, 0)]"
"(16, 24, 13, 25, 0)","[(6, 6, 7, 5)]"
"(16, 24, 16, 16, 0)","[(6, 6, 0, 0)]"
"(16, 24, 24, 16, 0)","[(6, 6, 0, 5)]"
"(16, 24, 25, 2, 0)","[(6, 6, '?', 0), (6, 6, '?', 5), (6, 6, '?', 0)]"
"(16, 24, 25, 22, 0)","[(6, 6, '?', 5)]"
"(16, 24, 25, 25, 0)","[(6, 6, '?', 5), (6, 6, '?', 0), (6, 6, '?', 0), (6, 6, '?', 0)]"
"(16, 25, 2, 19, 0)","[(6, 3, '?', 0)]"
"(16, 25, 3, 9, 0)","[(6, 5, '?', 0)]"
"(16, 25, 3, 13, 0)","[(6, 5, 2, 5), (6, 5, 7, 5)]"
"(16, 25, 3, 16, 0)","[(6, 5, '?', 5)]"
"(16, 25, 3, 25, 0)","[(6, 5, 2, 5), (6, 5, '?', 5), (6, 5, '?', 5)]"
"(16, 25, 4, 11, 0)","[(6, 4, '?', 5)]"
"(16, 25, 5, 2, 0)","[(6, 0, '?', 0), (6, 1, '?', 5), (6, 0, '?', 0), (6, 0, '?', 0), (6, 1, '?', 5), (6, 1, '?', 5)]"
"(16, 25, 5, 5, 0)","[(6, 0, 5, 5), (6, 1, '?', 5)]"
"(16, 25, 5, 25, 0)","[(6, 0, '?', 0)]"
"(16, 25, 8, 16, 0)","[(6, 5, '?', 0), (6, 5, '?', 5)]"
"(16, 25, 8, 25, 0)","[(6, 5, '?', 0), (6, 5, '?', 0)]"
"(16, 25, 11, 16, 0)","[(6, 5, '?', 5)]"
"(16, 25, 13, 1, 0)","[(6, 1, 2, 0)]"
"(16, 25, 13, 8, 0)","[(6, 3, 7, 0)]"
"(16, 25, 13, 16, 0)","[(6, 4, 5, 5)]"
"(16, 25, 13, 24, 0)","[(6, 1, 7, 0)]"
"(16, 25, 13, 25, 0)","[(6, 0, 7, 0), (6, 3, 7, 0)]"
"(16, 25, 16, 16, 0)","[(6, 4, '?', 5), (6, 4, '?', 5), (6, 4, '?', 5)]"
"(16, 25, 21, 25, 0)","[(6, 6, '?', 5)]"
"(16, 25, 25, 3, 0)","[(6, 3, '?', 0), (6, 3, '?', 0)]"
"(16, 25, 25, 4, 0)","[(6, '?', '?', 0)]"
"(16, 25, 25, 5, 0)","[(6, 0, '?', 0), (6, 0, '?', 0), (6, 0, '?', 0), (6, 1, '?', 5)]"
"(16, 25, 25, 11, 0)","[(6, 5, '?', 5)]"
"(16, 25, 25, 14, 0)","[(6, 1, '?', 5)]"
"(16, 25, 25, 23, 0)","[(6, 3, '?', 0)]"
"(16, 25, 25, 24, 0)","[(6, 0, '?', 0)]"
"(16, 25, 25, 25, 0)","[(6, '?', '?', 5), (6, '?', '?', 0), (6, '?', '?', 0), (6, 5, '?', 5), (6, '?', '?', 0), (6, '?', '?', 5), (6, '?', '?', 5), (6, '?', '?', 5), (6, 3, '?', 0), (6, '?', '?', 0), (6, '?', '?', 5), (6, 3, '?', 0), (6, '?', '?', 0), (6, '?', '?', 5), (6, '?', '?', 5), (6, 5, '?', 5), (6, 3, '?', 0), (6, 3, 5, 0), (6, '?', '?', 0), (6, 5, '?', 5), (6, '?', '?', 0), (6, '?', '?', 5)]"
"(16, 25, 26, 2, 0)","[(6, 2, '?', 0), (6, 2, '?', 0)]"
"(16, 25, 26, 4, 0)","[(6, 7, '?', 0), (6, 2, '?', 5), (6, 2, '?', 0), (6, 7, '?', 5), (6, 7, '?', 0), (6, 2, '?', 0)]"
"(16, 25, 26, 11, 0)","[(6, 7, '?', 5)]"
"(16, 25, 26, 12, 0)","[(6, 2, '?', 5), (6, 7, '?', 5)]"
"(16, 25, 26, 13, 0)","[(6, 2, 7, 5)]"
"(16, 25, 26, 23, 0)","[(6, 7, '?', 0)]"
"(16, 25, 26, 25, 0)","[(6, 7, '?', 5), (6, 2, '?', 5), (6, 7, '?', 0), (6, 2, '?', 5), (6, 2, '?', 0), (6, 7, '?', 0), (6, 2, '?', 0), (6, 2, '?', 0), (6, 7, '?', 0), (6, 2, '?', 5), (6, 2, '?', 5), (6, 2, '?', 0), (6, 7, '?', 0), (6, 7, '?', 0), (6, 7, '?', 5), (6, 7, '?', 0), (6, 2, '?', 5)]"
"(16, 26, 9, 4, 0)","[(6, 7, 1, 5)]"
"(17, 9, 17, 9, 0)","[(1, 4, 1, 5)]"
"(17, 9, 17, 12, 0)","[(5, 1, 1, 3)]"
"(17, 17, 3, 17, 0)","[(5, 5, 6, '?')]"
"(17, 17, 5, 5, 0)","[(5, 1, 4, '?')]"
"(17, 17, 6, 17, 0)","[(1, 7, 4, 1)]"
"(17, 17, 17, 1, 0)","[(1, 1, 6, 2), (5, 1, 6, 1), (1, 0, 6, 1), (5, 6, 6, 1)]"
"(17, 17, 17, 4, 0)","[(5, 5, 6, '?')]"
"(17, 17, 17, 5, 0)","[(5, 1, 4, '?'), (5, 1, 6, '?'), (1, 1, 4, '?'), (5, 1, 4, '?'), (5, 0, 6, '?')]"
"(17, 17, 17, 6, 0)","[(1, 7, 4, 1), (5, 7, 4, 1), (5, 7, 4, 1)]"
"(17, 17, 17, 9, 0)","[(1, 4, 6, 5)]"
"(17, 17, 17, 11, 0)","[(1, 4, 6, 1), (5, 4, 4, 1), (5, '?', 4, 1), (5, 4, 6, 1), (1, '?', 4, 1), (5, 7, 6, 1), (5, 2, 6, 1), (5, 7, 6, 1), (5, 4, 6, 1)]"
"(17, 17, 17, 12, 0)","[(5, 4, 6, '?')]"
"(17, 17, 17, 16, 0)","[(1, 4, 4, 1), (1, 4, 4, 2), (5, 4, 4, 1), (5, 4, 6, 1), (5, 4, 4, 1), (1, 4, 4, 1), (1, 4, 4, 2), (5, 5, 6, 2), (1, 5, 6, 1), (5, 5, 6, 2), (1, 5, 6, 1), (1, 5, 4, 1), (1, 4, 4, 1), (5, 4, 4, 1), (5, 5, 6, 2)]"
"(17, 17, 17, 17, 0)","[(1, 4, 6, 6), (5, 4, 6, 5), (1, 4, 6, '?'), (1, 4, 4, '?'), (1, 4, 6, 5), (1, 4, 6, '?'), (5, 4, 6, '?'), (5, 4, 6, '?'), (1, 5, 6, 0), (5, 5, 4, 0), (1, 5, 6, 0), (1, 4, 6, 5)]"
"(17, 17, 17, 19, 0)","[(5, 3, 6, 1), (1, 3, 4, 1), (5, 3, 6, 2), (5, 3, 6, 2), (5, 3, 6, 1), (5, 3, 6, 1)]"
"(17, 17, 21, 17, 0)","[(5, 6, 6, '?')]"
"(17, 17, 26, 11, 0)","[(5, 2, 6, 2)]"
"(17, 17, 26, 17, 0)","[(5, 7, 6, '?'), (5, 7, 4, 2), (5, 7, 4, 1), (1, 7, 4, 1), (5, 7, 4, 1), (5, 7, 4, 1)]"
"(17, 21, 17, 11, 0)","[(5, 6, 4, 2), (1, 6, 6, 1)]"
"(17, 21, 17, 17, 0)","[(5, 6, 6, '?')]"
"(17, 26, 17, 11, 0)","[(1, 2, 6, 2)]"
"(18, 1, 11, 11, 0)","[(7, 6, 3, 0), (7, 6, 3, 0), (7, 6, 3, 5), (7, 6, 3, 0)]"
"(18, 1, 11, 13, 0)","[(7, 6, 3, 5)]"
"(18, 1, 11, 25, 0)","[(7, 6, 3, 0)]"
"(18, 4, 4, 4, 0)","[(7, 4, 4, 0)]"
"(18, 6, 6, 11, 0)","[(7, 7, 3, 0)]"
"(18, 6, 11, 16, 0)","[(7, 7, 3, 5), (7, 7, 3, 0), (7, 2, 0, 5)]"
"(18, 7, 13, 5, 0)","[(7, 1, 7, 5)]"
"(18, 7, 13, 26, 0)","[(7, 7, 7, 5)]"
"(18, 8, 13, 16, 0)","[(7, 5, 5, 5)]"
"(18, 9, 1, 1, 0)","[(7, 6, 3, 5), (7, 6, 0, 5), (7, 6, 3, 5)]"
"(18, 9, 1, 11, 0)","[(7, 6, 0, 5)]"
"(18, 9, 3, 4, 0)","[(7, 5, 1, 0)]"
"(18, 9, 3, 12, 0)","[(7, 5, 1, 0), (7, 5, 1, 0)]"
"(18, 9, 3, 13, 0)","[(7, 5, '?', 0), (7, 5, 5, 5)]"
"(18, 9, 3, 15, 0)","[(7, 5, 5, 5)]"
"(18, 9, 3, 17, 0)","[(7, 5, 1, 5), (7, 5, 1, 0)]"
"(18, 9, 3, 23, 0)","[(7, 5, 5, 0)]"
"(18, 9, 3, 25, 0)","[(7, 5, 5, 5), (7, 5, 5, 5)]"
"(18, 9, 4, 3, 0)","[(7, 3, 1, 0), (7, 3, 1, 0), (7, 3, 1, 0)]"
"(18, 9, 4, 4, 0)","[(7, '?', 1, 5), (7, '?', 1, 5)]"
"(18, 9, 4, 9, 0)","[(7, 0, 1, 5), (7, 5, 1, 5), (7, 1, 1, 5), (7, 4, 1, 5), (7, 1, 1, 5), (7, '?', 1, 0)]"
"(18, 9, 4, 10, 0)","[(7, '?', 1, 0)]"
"(18, 9, 4, 12, 0)","[(7, '?', 1, 0), (7, 5, 1, 0), (7, 1, 1, 5)]"
"(18, 9, 4, 16, 0)","[(7, 4, 1, 5), (7, 4, 1, 5)]"
"(18, 9, 4, 19, 0)","[(7, 3, 1, 0)]"
"(18, 9, 6, 6, 0)","[(7, 7, 3, 5), (7, 2, 0, 5)]"
"(18, 9, 6, 11, 0)","[(7, 2, 0, 5)]"
"(18, 9, 6, 15, 0)","[(7, 7, 0, 5)]"
"(18, 9, 6, 26, 0)","[(7, 7, 3, 5)]"
"(18, 9, 8, 16, 0)","[(7, 5, 3, 5)]"
"(18, 9, 9, 4, 0)","[(7, 6, 1, 5)]"
"(18, 9, 10, 4, 0)","[(7, 5, 1, 5)]"
"(18, 9, 10, 9, 0)","[(7, 6, 1, 0), (7, 5, 1, 5), (7, 6, 1, 5), (7, '?', 1, 0)]"
"(18, 9, 10, 17, 0)","[(7, 5, 1, 5)]"
"(18, 9, 10, 21, 0)","[(7, 6, 1, 0)]"
"(18, 9, 11, 1, 0)","[(7, 1, 3, 0), (7, 0, 3, 5), (7, 1, 3, 0)]"
"(18, 9, 11, 4, 0)","[(7, '?', 0, 0)]"
"(18, 9, 11, 5, 0)","[(7, 1, 0, 5), (7, 1, 0, 5), (7, 1, 0, 5), (7, 0, 0, 5), (7, 0, 3, 5), (7, 1, 0, 0), (7, 0, 3, 0), (7, 1, 3, 5), (7, 0, 3, 0), (7, 0, 0, 5), (7, 1, 3, 0), (7, 0, 3, 5), (7, 1, 3, 5), (7, 0, 3, 0)]"
"(18, 9, 11, 11, 0)","[(7, '?', 0, 0), (7, 4, 3, 5), (7, 4, 3, 0), (7, 4, 0, 0), (7, '?', 3, 5), (7, 4, 0, 0), (7, '?', 0, 5), (7, 4, 0, 5)]"
"(18, 9, 11, 12, 0)","[(7, 4, 0, 0), (7, '?', 3, 5), (7, '?', 0, 0), (7, '?', 3, 5)]"
"(18, 9, 11, 16, 0)","[(7, 4, 3, 0), (7, 4, 0, 0), (7, 4, 0, 0), (7, 4, 3, 0), (7, '?', 0, 0), (7, '?', 3, 5), (7, 4, 3, 0), (7, 4, 0, 0), (7, 4, 3, 0), (7, 4, 0, 5), (7, 4, 0, 5), (7, 4, 3, 5), (7, 4, 3, 5), (7, 4, 3, 0)]"
"(18, 9, 11, 19, 0)","[(7, 3, 0, 5), (7, 3, 0, 0)]"
"(18, 9, 11, 22, 0)","[(7, 3, 3, 5)]"
"(18, 9, 11, 24, 0)","[(7, 0, 3, 5), (7, 0, 0, 0), (7, 1, 0, 0), (7, 0, 0, 0), (7, 1, 3, 0), (7, 0, 0, 0), (7, 0, 0, 5), (7, 1, 0, 0), (7, 0, 0, 0), (7, 1, 3, 5)]"
"(18, 9, 11, 25, 0)","[(7, 4, 0, 0), (7, '?', 0, 5)]"
"(18, 9, 12, 3, 0)","[(7, 3, 1, 0)]"
"(18, 9, 12, 4, 0)","[(7, 5, 1, 5), (7, 5, 1, 0)]"
"(18, 9, 12, 9, 0)","[(7, 1, 1, 0), (7, '?', 1, 0), (7, 4, 1, 5), (7, 0, 1, 0), (7, 1, 1, 5), (7, 0, 1, 0), (7, 1, 1, 5), (7, 0, 1, 0), (7, 0, 1, 5), (7, '?', 1, 5), (7, 1, 1, 0), (7, '?', 1, 5), (7, '?', 1, 5), (7, '?', 1, 5), (7, 0, 1, 0), (7, 0, 1, 5), (7, 0, 1, 5)]"
"(18, 9, 12, 15, 0)","[(7, 1, 1, 0), (7, 1, 1, 5), (7, 0, 1, 0), (7, 0, 1, 5), (7, '?', 1, 5), (7, '?', 1, 0), (7, '?', 1, 5)]"
"(18, 9, 13, 1, 0)","[(7, 0, 5, 5), (7, 0, 5, 0), (7, 1, 5, 0)]"
"(18, 9, 13, 3, 0)","[(7, 3, 5, 0), (7, 3, 5, 0), (7, 3, 5, 5)]"
"(18, 9, 13, 5, 0)","[(7, 0, 5, 0), (7, 1, 5, 0), (7, 0, 5, 5)]"
"(18, 9, 13, 6, 0)","[(7, 7, 5, 5), (7, 2, 5, 5), (7, 2, 5, 5)]"
"(18, 9, 13, 9, 0)","[(7, 6, 5, 0), (7, 6, 5, 0), (7, 0, 5, 5)]"
"(18, 9, 13, 11, 0)","[(7, 0, 5, 5)]"
"(18, 9, 13, 13, 0)","[(7, 6, 5, 5), (7, 6, 5, 0)]"
"(18, 9, 13, 14, 0)","[(7, 0, 5, 5), (7, 1, 5, 0)]"
"(18, 9, 13, 16, 0)","[(7, 4, 5, 0), (7, 4, 5, 0), (7, 4, 5, 0), (7, 4, 5, 0), (7, 4, 5, 0), (7, 4, 5, 5)]"
"(18, 9, 13, 19, 0)","[(7, 3, 5, 0), (7, 3, 5, 0)]"
"(18, 9, 13, 22, 0)","[(7, 3, 5, 5)]"
"(18, 9, 13, 23, 0)","[(7, 3, 5, 5)]"
"(18, 9, 13, 24, 0)","[(7, 1, 5, 0), (7, 0, 5, 0), (7, 0, 5, 0)]"
"(18, 9, 13, 25, 0)","[(7, '?', 5, 5), (7, '?', 5, 5)]"
"(18, 9, 13, 26, 0)","[(7, 2, 5, 0), (7, 2, 5, 5)]"
"(18, 9, 15, 13, 0)","[(7, 4, 5, 0)]"
"(18, 9, 17, 3, 0)","[(7, 3, 1, 0)]"
"(18, 9, 17, 26, 0)","[(7, 2, 1, 5)]"
"(18, 9, 21, 4, 0)","[(7, 6, 1, 5)]"
"(18, 9, 21, 10, 0)","[(7, 6, 1, 5), (7, 6, 1, 0), (7, 6, 1, 5)]"
"(18, 9, 21, 13, 0)","[(7, 6, 5, 0)]"
"(18, 9, 21, 25, 0)","[(7, 6, 1, 5)]"
"(18, 9, 24, 2, 0)","[(7, 6, 1, 5)]"
"(18, 9, 24, 9, 0)","[(7, 6, 1, 5), (7, 6, 1, 0)]"
"(18, 9, 24, 11, 0)","[(7, 6, 0, 5)]"
"(18, 9, 24, 13, 0)","[(7, 6, 5, 5)]"
"(18, 9, 24, 15, 0)","[(7, 6, 1, 0)]"
"(18, 9, 25, 3, 0)","[(7, 3, 0, 5), (7, 3, 5, 5)]"
"(18, 9, 25, 8, 0)","[(7, 3, 0, 5), (7, 3, 3, 5), (7, 3, 0, 0)]"
"(18, 9, 25, 9, 0)","[(7, '?', 5, 5), (7, 0, 5, 5), (7, 0, 5, 5), (7, '?', 5, 5)]"
"(18, 9, 25, 11, 0)","[(7, 4, 3, 0), (7, 4, 3, 0), (7, 3, 3, 5), (7, '?', 5, 5), (7, 4, 0, 5), (7, 4, 0, 5)]"
"(18, 9, 25, 13, 0)","[(7, 4, 5, 0), (7, 0, 5, 0), (7, 0, 5, 5), (7, 4, 5, 0)]"
"(18, 9, 25, 14, 0)","[(7, 1, 5, 0)]"
"(18, 9, 25, 15, 0)","[(7, '?', 0, 0), (7, 4, 0, 5)]"
"(18, 9, 25, 23, 0)","[(7, 3, 5, 5), (7, 3, 5, 5)]"
"(18, 9, 25, 24, 0)","[(7, 1, 5, 0)]"
"(18, 9, 25, 25, 0)","[(7, '?', 3, 5)]"
"(18, 9, 25, 26, 0)","[(7, 7, 5, 0)]"
"(18, 9, 26, 2, 0)","[(7, 2, 1, 0), (7, 7, 1, 0), (7, 2, 1, 0), (7, 7, 1, 0), (7, 7, 1, 5), (7, 7, 1, 0)]"
"(18, 9, 26, 4, 0)","[(7, 7, 1, 5), (7, 2, 1, 0), (7, 2, 1, 0), (7, 2, 1, 5)]"
"(18, 9, 26, 9, 0)","[(7, 2, 1, 5), (7, 2, 1, 5)]"
"(18, 9, 26, 10, 0)","[(7, 7, 1, 0), (7, 2, 1, 5), (7, 2, 1, 0)]"
"(18, 9, 26, 13, 0)","[(7, 7, 5, 0), (7, 2, 5, 5), (7, 7, 5, 0), (7, 2, 5, 0), (7, 2, 5, 0), (7, 2, 5, 5), (7, 7, 5, 0)]"
"(18, 9, 26, 15, 0)","[(7, 2, 1, 5), (7, 2, 1, 5), (7, 2, 1, 0), (7, 7, 1, 5), (7, 7, 1, 0), (7, 7, 1, 5), (7, 2, 1, 5), (7, 7, 1, 5)]"
"(18, 9, 26, 17, 0)","[(7, 2, 1, 5), (7, 2, 1, 5), (7, 7, 1, 5), (7, 2, 1, 0), (7, 7, 1, 0), (7, 7, 1, 5)]"
"(18, 9, 26, 25, 0)","[(7, 7, 5, 5), (7, 7, 5, 5), (7, 7, 5, 5), (7, 2, 5, 0), (7, 2, 5, 0), (7, 2, 5, 5)]"
"(18, 10, 2, 17, 0)","[(7, 6, 6, 5)]"
"(18, 10, 3, 17, 0)","[(7, 5, 6, 0), (7, 5, 6, 0)]"
"(18, 10, 9, 3, 0)","[(7, 3, 1, 0)]"
"(18, 10, 9, 12, 0)","[(7, 3, 1, 0)]"
"(18, 10, 10, 2, 0)","[(7, '?', 4, 5)]"
"(18, 10, 10, 5, 0)","[(7, 1, 6, 0), (7, 1, 6, 5), (7, 1, 6, 0), (7, 1, 6, 5), (7, 1, 4, '?'), (7, 0, 6, 5), (7, 1, 4, 5)]"
"(18, 10, 10, 10, 0)","[(7, '?', 4, 0), (7, 0, 6, 0), (7, '?', 6, 0), (7, 0, 6, 5), (7, 0, 6, 0), (7, 7, 6, 5), (7, '?', 6, 0)]"
"(18, 10, 10, 12, 0)","[(7, 0, 4, 5), (7, '?', 6, 0), (7, '?', 6, 0), (7, 1, 4, 5), (7, '?', 4, 0), (7, 0, 4, 5), (7, 3, 4, 0), (7, 0, 6, 5)]"
"(18, 10, 10, 17, 0)","[(7, 1, 4, 5), (7, '?', 4, 0), (7, '?', 4, 5), (7, 1, 4, 5), (7, 6, 6, 5), (7, '?', 4, 0), (7, 0, 4, 5), (7, 4, 4, 5), (7, '?', 6, 0)]"
"(18, 10, 10, 21, 0)","[(7, 6, 6, 5)]"
"(18, 10, 10, 22, 0)","[(7, 3, 6, 5), (7, 3, 4, 5), (7, 3, 6, 0), (7, 3, 6, 5), (7, 3, 6, 5), (7, 3, 6, 5)]"
"(18, 10, 10, 23, 0)","[(7, 3, 4, 5)]"
"(18, 10, 12, 2, 0)","[(7, 6, 4, 0)]"
"(18, 10, 12, 12, 0)","[(7, '?', 6, 0)]"
"(18, 10, 12, 17, 0)","[(7, 4, 4, 5), (7, 0, 6, 0), (7, '?', 4, 0), (7, 7, 6, 5), (7, 4, 4, 0)]"
"(18, 10, 17, 2, 0)","[(7, 4, 4, 5)]"
"(18, 10, 17, 3, 0)","[(7, 3, 6, 0), (7, 3, 4, 0), (7, 3, 6, 5)]"
"(18, 10, 17, 5, 0)","[(7, 1, 6, 0), (7, 1, 4, 0), (7, 1, 6, 5), (7, 1, 6, 0), (7, 1, 4, 0), (7, 0, 6, 5), (7, 1, 6, 5), (7, 1, 6, 0), (7, 1, 6, 0), (7, 0, 6, 0), (7, 1, 4, 0), (7, 1, 4, 5)]"
"(18, 10, 17, 12, 0)","[(7, '?', 4, 5), (7, 0, 6, 5), (7, 1, 4, 0), (7, '?', 4, 0), (7, '?', 4, 0), (7, '?', 4, 0), (7, 7, 6, 0)]"
"(18, 10, 17, 17, 0)","[(7, 5, 4, 5), (7, '?', 4, 5), (7, 4, 4, 5), (7, 5, 4, 5), (7, 4, 4, 0), (7, 5, 4, 0), (7, 5, 4, 5), (7, '?', 4, 0), (7, 5, 4, 0), (7, 5, 4, 5), (7, 5, 4, 0), (7, 4, 4, 5), (7, '?', 6, 0), (7, 5, 4, 5), (7, 5, 4, 0)]"
"(18, 10, 17, 21, 0)","[(7, 6, 6, 5)]"
"(18, 10, 17, 22, 0)","[(7, 3, 4, 5), (7, 3, 4, 0), (7, 3, 6, 0)]"
"(18, 10, 17, 23, 0)","[(7, 3, 6, 0), (7, 3, 6, 0), (7, 3, 4, 0)]"
"(18, 10, 21, 2, 0)","[(7, 6, 4, 0), (7, 6, 4, 5), (7, 6, 4, 5)]"
"(18, 10, 21, 10, 0)","[(7, 6, 6, 5), (7, 6, 4, 0), (7, 6, 6, 0)]"
"(18, 10, 21, 17, 0)","[(7, 6, 4, 0), (7, 6, 4, 5), (7, 6, 4, 0), (7, 6, 4, 5)]"
"(18, 10, 26, 10, 0)","[(7, 2, 6, 5), (7, 2, 4, 5), (7, 2, 4, 5), (7, 7, 6, 0), (7, 7, 6, 0)]"
"(18, 10, 26, 17, 0)","[(7, 2, 4, 0), (7, 2, 4, 0), (7, 7, 6, 5), (7, 7, 4, 0), (7, 7, 4, 0), (7, 7, 4, 5), (7, 7, 4, 5), (7, 2, 6, 0), (7, 7, 4, 5), (7, 7, 4, 5), (7, 2, 6, 0), (7, 7, 6, 5), (7, 7, 4, 0), (7, 2, 4, 0), (7, 2, 6, 0), (7, 2, 4, 5), (7, 7, 4, 0), (7, 2, 6, 5), (7, 2, 6, 5), (7, 2, 4, 5), (7, 7, 4, 5), (7, 2, 4, 5), (7, 2, 6, 0), (7, 7, 6, 0), (7, 2, 4, 5)]"
"(18, 11, 6, 6, 0)","[(7, 7, 3, 5), (7, 7, 3, 0), (7, 2, 0, 5)]"
"(18, 11, 6, 11, 0)","[(7, 7, 3, 0), (7, 2, 0, 5)]"
"(18, 11, 6, 15, 0)","[(7, 2, 0, 5)]"
"(18, 11, 6, 25, 0)","[(7, 2, 0, 5)]"
"(18, 11, 8, 11, 0)","[(7, 5, 3, 5)]"
"(18, 11, 8, 16, 0)","[(7, 5, 3, 5)]"
"(18, 11, 11, 3, 0)","[(7, 3, 0, 0), (7, 3, 0, 0), (7, 3, 0, 5), (7, 3, 3, 5), (7, 3, 0, 5), (7, 3, 3, 5)]"
"(18, 11, 11, 4, 0)","[(7, 4, 0, 5)]"
"(18, 11, 11, 5, 0)","[(7, 0, 3, 5), (7, 0, 0, 0), (7, 1, 0, 0), (7, 1, 0, 5), (7, 1, 3, 5), (7, 0, 3, 0)]"
"(18, 11, 11, 6, 0)","[(7, 7, 3, 0)]"
"(18, 11, 11, 11, 0)","[(7, 4, 0, 0), (7, '?', 0, 0), (7, 4, 3, 5)]"
"(18, 11, 11, 12, 0)","[(7, 0, 0, 5), (7, '?', 0, 0), (7, '?', 0, 5), (7, '?', 0, 0), (7, '?', 0, 5), (7, '?', 3, 5)]"
"(18, 11, 11, 19, 0)","[(7, 3, 3, 5), (7, 3, 0, 5)]"
"(18, 11, 11, 22, 0)","[(7, 3, 0, 0)]"
"(18, 11, 11, 24, 0)","[(7, 1, 3, 5), (7, 0, 3, 0), (7, 0, 0, 0), (7, 0, 0, 5), (7, 1, 3, 0), (7, 1, 0, 0), (7, 0, 0, 0), (7, 1, 0, 0), (7, 1, 0, 0), (7, 0, 0, 5), (7, 1, 3, 0), (7, 1, 3, 5), (7, 1, 3, 0), (7, 1, 3, 5), (7, 1, 3, 0), (7, 1, 0, 5), (7, 1, 0, 5), (7, 0, 3, 5)]"
"(18, 11, 11, 25, 0)","[(7, '?', 0, 5), (7, 4, 3, 5), (7, '?', 3, 5), (7, '?', 0, 5), (7, '?', 0, 0), (7, '?', 3, 5), (7, 3, 3, 5)]"
"(18, 11, 11, 26, 0)","[(7, 7, 0, 5), (7, 7, 3, 0), (7, 7, 0, 5)]"
"(18, 11, 15, 24, 0)","[(7, 1, 0, 5)]"
"(18, 11, 25, 1, 0)","[(7, 1, 0, 5), (7, 1, 3, 0)]"
"(18, 11, 25, 3, 0)","[(7, 3, 0, 0)]"
"(18, 11, 25, 5, 0)","[(7, 0, 3, 0)]"
"(18, 11, 25, 6, 0)","[(7, 7, 3, 5), (7, 2, 0, 5)]"
"(18, 11, 25, 8, 0)","[(7, 3, 0, 0), (7, 3, 3, 0), (7, 3, 3, 0), (7, 3, 3, 0), (7, 3, 0, 0)]"
"(18, 11, 25, 11, 0)","[(7, '?', 0, 5)]"
"(18, 11, 25, 19, 0)","[(7, 3, 3, 0), (7, 3, 3, 0)]"
"(18, 11, 25, 23, 0)","[(7, 3, 3, 5)]"
"(18, 11, 25, 24, 0)","[(7, 1, 3, 5), (7, 0, 0, 0)]"
"(18, 11, 25, 25, 0)","[(7, '?', 3, 5)]"
"(18, 12, 13, 25, 0)","[(7, 7, 7, 0)]"
"(18, 12, 26, 25, 0)","[(7, 2, '?', 0)]"
"(18, 13, 3, 2, 0)","[(7, 5, 2, 0), (7, 5, 7, 0)]"
"(18, 13, 3, 13, 0)","[(7, 5, 2, 5), (7, 5, 2, 5)]"
"(18, 13, 3, 15, 0)","[(7, 5, 7, 5)]"
"(18, 13, 3, 16, 0)","[(7, 5, 7, 0), (7, 5, 2, 0), (7, 5, 2, 0), (7, 5, 2, 0), (7, 5, 7, 5), (7, 5, 2, 0)]"
"(18, 13, 3, 23, 0)","[(7, 5, 2, 5)]"
"(18, 13, 3, 25, 0)","[(7, 5, 7, 5), (7, 5, 7, 0), (7, 5, 2, 0), (7, 5, 2, 5), (7, 5, 2, 0), (7, 5, 2, 5), (7, 5, 2, 5), (7, 5, 2, 5), (7, 5, 2, 0), (7, 5, 7, 5), (7, 5, 7, 5), (7, 5, 7, 0), (7, 5, 7, 0), (7, 5, 7, 5), (7, 5, 7, 0), (7, 5, 2, 0), (7, 5, 7, 5)]"
"(18, 13, 11, 16, 0)","[(7, 4, 7, 0)]"
"(18, 13, 13, 2, 0)","[(7, '?', 7, 5)]"
"(18, 13, 13, 5, 0)","[(7, 1, 7, 0)]"
"(18, 13, 13, 14, 0)","[(7, 1, 7, 5), (7, 1, 7, 5), (7, 1, 2, 5)]"
"(18, 13, 13, 16, 0)","[(7, 4, 2, 5), (7, 4, 7, 5), (7, 4, 2, 5), (7, 4, 2, 5), (7, 4, 7, 5), (7, '?', 7, 0), (2, 4, 2, 5), (7, 4, 7, 0), (7, 4, 2, 5), (7, 4, 7, 5), (7, 4, 7, 5), (7, 4, 7, 5)]"
"(18, 13, 13, 23, 0)","[(7, 3, 7, 5), (7, 3, 7, 5)]"
"(18, 13, 13, 25, 0)","[(7, 7, 7, 5)]"
"(18, 13, 13, 26, 0)","[(7, 2, 7, 5)]"
"(18, 13, 25, 2, 0)","[(7, '?', 2, 5), (7, 0, 7, 5), (7, 4, 7, 0), (7, 4, 7, 0), (7, 4, 2, 5)]"
"(18, 13, 25, 3, 0)","[(7, 3, 7, 5), (7, 3, 2, 0), (7, 3, 2, 5), (7, 3, 2, 5), (7, 3, 7, 5), (7, 3, 2, 0), (7, 3, 2, 0)]"
"(18, 13, 25, 5, 0)","[(7, 1, 7, 0), (7, 0, 2, 0)]"
"(18, 13, 25, 13, 0)","[(7, '?', 7, 0), (7, 0, 7, 5), (7, 0, 7, 5), (7, '?', 7, 5), (7, 7, 2, 5), (7, '?', 2, 5), (7, '?', 7, 5), (7, 0, 7, 5), (7, 6, 2, 0), (7, '?', 7, 5)]"
"(18, 13, 25, 14, 0)","[(7, 1, 2, 5), (7, 1, 7, 5), (7, 1, 2, 5), (7, 0, 2, 0)]"
"(18, 13, 25, 15, 0)","[(7, 1, 7, 5), (7, 1, 7, 5), (7, 4, 7, 0), (7, '?', 7, 0), (7, 4, 2, 5)]"
"(18, 13, 25, 16, 0)","[(7, 4, 2, 5), (7, 4, 7, 0), (7, 4, 7, 5), (7, 4, 2, 5), (7, 4, 7, 0), (7, 5, 2, 5)]"
"(18, 13, 25, 22, 0)","[(7, 3, 2, 5), (7, 3, 7, 5), (7, 3, 2, 0), (7, 3, 7, 5), (7, 3, 2, 5), (7, 3, 2, 0), (7, 3, 2, 0), (7, 3, 2, 5), (7, 3, 2, 5), (7, 3, 2, 5)]"
"(18, 13, 25, 23, 0)","[(7, 3, 2, 0), (7, 3, 2, 0), (7, 3, 2, 5), (7, 3, 7, 5)]"
"(18, 13, 25, 24, 0)","[(7, 1, 2, 5), (7, 1, 7, 0), (7, 1, 7, 5), (7, 1, 7, 0), (7, 1, 2, 5), (7, 1, 2, 5)]"
"(18, 13, 25, 25, 0)","[(7, '?', 7, 0), (7, 1, 7, 0), (7, 0, 2, 0), (7, 0, 2, 0), (7, 1, 7, 5), (7, '?', 2, 0), (7, 1, 7, 5), (7, 4, 7, 5), (7, 1, 7, 0), (7, 7, 7, 0), (7, 4, 7, 5), (7, '?', 2, 5), (7, '?', 2, 0), (7, 1, 7, 0), (7, 7, 7, 5), (7, 0, 7, 5), (7, '?', 7, 5), (7, 1, 7, 0), (7, '?', 7, 0), (7, 1, 2, 5), (7, 7, 7, 5), (7, '?', 2, 5), (7, 0, 2, 5), (7, 1, 2, 5), (7, '?', 2, 5), (7, 0, 2, 5), (7, 0, 2, 0), (7, '?', 7, 5), (7, 4, 7, 0), (7, '?', 2, 0), (7, 0, 2, 0), (7, 1, 7, 5), (7, 0, 2, 0), (7, 7, 7, 5), (7, 0, 2, 5), (7, 0, 2, 5), (7, '?', 2, 5), (7, 7, 2, 5), (7, '?', 2, 0), (7, '?', 7, 0), (7, '?', 2, 5), (7, 0, 2, 5), (7, 0, 2, 0), (7, 0, 2, 0), (7, '?', 2, 5), (7, 0, 2, 5), (7, '?', 7, 5), (7, '?', 2, 0), (7, '?', 7, 0), (7, 4, 7, 5)]"
"(18, 13, 25, 26, 0)","[(7, 7, 7, 5), (7, 7, 2, 5), (7, 2, 7, 5), (7, 7, 2, 0), (7, 7, 7, 0), (7, 2, 2, 5), (7, 2, 2, 5), (7, 7, 7, 5), (7, 2, 2, 5), (7, 7, 2, 0), (7, 7, 2, 0), (7, 2, 7, 5), (7, 2, 2, 5), (7, 2, 7, 5), (7, 7, 7, 0), (7, 7, 2, 5), (7, 7, 2, 5), (7, 7, 7, 0), (7, 2, 2, 5)]"
"(18, 13, 26, 25, 0)","[(7, 7, 2, 0), (7, 7, 2, 5), (7, 2, 7, 5)]"
"(18, 17, 2, 12, 0)","[(7, 6, 6, 5)]"
"(18, 17, 3, 10, 0)","[(7, 5, 6, 0)]"
"(18, 17, 3, 17, 0)","[(7, 5, 6, 0)]"
"(18, 17, 10, 23, 0)","[(7, 3, 6, 5)]"
"(18, 17, 12, 5, 0)","[(7, 1, 4, 0), (7, 1, 6, 5), (7, 1, 4, 5), (7, 0, 6, 0), (7, 1, 4, 0), (7, 1, 6, 5), (7, 0, 4, 5)]"
"(18, 17, 12, 9, 0)","[(7, 4, 4, 5), (7, 5, 4, 0)]"
"(18, 17, 12, 10, 0)","[(7, 6, 6, 5), (7, 5, 4, 0), (7, 4, 4, 0)]"
"(18, 17, 12, 12, 0)","[(7, '?', 6, 0), (7, 0, 4, 5), (7, 7, 6, 5)]"
"(18, 17, 12, 17, 0)","[(7, 5, 4, 0)]"
"(18, 17, 17, 2, 0)","[(7, 5, 4, 0)]"
"(18, 17, 17, 3, 0)","[(7, 3, 6, 0), (7, 3, 4, 0), (7, 3, 6, 0), (7, 3, 4, 0), (7, 3, 4, 0), (7, 3, 4, 5), (7, 3, 6, 5), (7, 3, 6, 5), (7, 3, 4, 5)]"
"(18, 17, 17, 5, 0)","[(7, 1, 6, 5), (7, 1, 6, 5), (7, 0, 6, 5), (7, 1, 6, 5)]"
"(18, 17, 17, 12, 0)","[(7, 4, 4, 5), (7, 4, 4, 0), (7, 6, 6, 5), (7, 5, 4, 5)]"
"(18, 17, 17, 16, 0)","[(7, 4, 4, 0), (7, 4, 4, 0), ('?', 4, 4, 0), (7, 4, 4, 5), (7, 4, 4, 0)]"
"(18, 17, 17, 17, 0)","[(7, 5, 4, 0), (7, '?', 6, 0), (7, 5, 4, 5), (7, 4, 4, 0)]"
"(18, 17, 17, 22, 0)","[(7, 3, 4, 5), (7, 3, 6, 0)]"
"(18, 17, 21, 17, 0)","[(7, 6, 4, 0), (7, 6, 4, 0), (7, 6, 4, 5), (7, 6, 4, 0), (7, 6, 6, 0), (7, 6, 6, 0)]"
"(18, 17, 26, 4, 0)","[(7, 2, 6, 0)]"
"(18, 17, 26, 10, 0)","[(7, 7, 6, 5), (7, 2, 6, 5), (7, 2, 6, 5), (7, 7, 6, 0), (7, 7, 6, 0)]"
"(18, 17, 26, 17, 0)","[(7, 7, 4, 5), (7, 7, 6, 0), (7, 2, 6, 0), (7, 7, 6, 0), (7, 2, 6, 0), (7, 2, 4, 5), (7, 7, 6, 0), (7, 7, 4, 5), (7, 7, 4, 0), (7, 2, 6, 5), (7, 7, 4, 0), (7, 2, 4, 0)]"
"(18, 18, 6, 11, 0)","[(7, 7, 3, 5)]"
"(18, 18, 11, 11, 0)","[(7, 4, 3, 5)]"
"(18, 18, 16, 16, 0)","[(7, 4, 3, 0)]"
"(18, 21, 10, 17, 0)","[(7, 6, 6, 0)]"
"(18, 21, 13, 2, 0)","[(7, 6, 7, 0), (7, 6, 7, 0), (7, 6, 2, 0), (7, 6, 2, 0), (7, 6, 7, 0), (7, 6, 7, 5)]"
"(18, 21, 13, 13, 0)","[(7, 6, 7, 5), (7, 6, 7, 0), (7, 6, 2, 0)]"
"(18, 21, 13, 25, 0)","[(7, 6, 2, 5), (7, 6, 7, 0), (7, 6, 2, 5), (7, 6, 2, 0), (7, 6, 7, 0), (7, 6, 2, 5), (7, 6, 2, 0), (7, 6, 2, 5), (7, 6, 7, 5), (7, 6, 2, 5), (7, 6, 2, 5), (7, 6, 2, 5), (7, 6, 7, 0)]"
"(18, 21, 17, 2, 0)","[(7, 6, 4, 5), (7, 6, 4, 5)]"
"(18, 21, 17, 12, 0)","[(7, 6, 6, 0), (7, 6, 6, 0)]"
"(18, 21, 17, 17, 0)","[(7, 6, 6, 0), (7, 6, 4, 0), (7, 6, 6, 5), (7, 6, 6, 0)]"
"(18, 21, 25, 16, 0)","[(7, 6, '?', 0), (7, 6, '?', 0)]"
"(18, 24, 2, 21, 0)","[(7, 6, 0, 5)]"
"(18, 24, 9, 4, 0)","[(7, 6, 3, 0)]"
"(18, 24, 11, 2, 0)","[(7, 6, 3, 0), (7, 6, 3, 5)]"
"(18, 24, 11, 16, 0)","[(7, 6, 0, 5)]"
"(18, 24, 11, 25, 0)","[(7, 6, 3, 0)]"
"(18, 24, 13, 25, 0)","[(7, 6, 7, 5), (7, 6, 2, 0), (7, 6, 7, 5), (7, 6, 7, 0), (7, 6, 2, 0), (7, 6, 7, 5)]"
"(18, 24, 24, 2, 0)","[(7, 6, '?', 5), (7, 6, '?', 0)]"
"(18, 24, 25, 2, 0)","[(7, 6, '?', 0), (7, 6, 5, 5), (7, 6, '?', 0), (7, 6, 0, 5), (7, 6, '?', 0), (7, 6, '?', 0), (7, 6, 0, 5), (7, 6, 5, 5), (7, 6, '?', 5), (7, 6, 5, 5), (7, 6, '?', 0)]"
"(18, 24, 25, 16, 0)","[(7, 6, '?', 5), (7, 6, 5, 0)]"
"(18, 24, 25, 25, 0)","[(7, 6, 5, 0), (7, 6, 5, 5), (7, 6, '?', 0), (7, 6, '?', 0)]"
"(18, 25, 2, 14, 0)","[(7, 1, '?', 0)]"
"(18, 25, 3, 13, 0)","[(7, 5, 7, 0), (7, 5, 2, 5), (7, 5, 2, 0)]"
"(18, 25, 3, 16, 0)","[(7, 5, '?', 0), (7, 5, '?', 0), (7, 5, '?', 0), (7, 5, '?', 0)]"
"(18, 25, 3, 25, 0)","[(7, 5, 5, 5), (7, 5, '?', 0), (7, 5, '?', 0)]"
"(18, 25, 9, 2, 0)","[(7, 4, 5, 5)]"
"(18, 25, 13, 16, 0)","[(7, 4, 7, 5)]"
"(18, 25, 15, 16, 0)","[(7, 4, '?', 5), (7, 4, 5, 5), (7, 4, 5, 5), (7, 4, 5, 5), (7, 4, '?', 0), (7, 4, '?', 0)]"
"(18, 25, 16, 16, 0)","[(7, 4, '?', 5)]"
"(18, 25, 21, 2, 0)","[(7, 6, '?', 5)]"
"(18, 25, 23, 23, 0)","[(7, 3, '?', 0)]"
"(18, 25, 25, 1, 0)","[(7, 1, 3, 5)]"
"(18, 25, 25, 2, 0)","[(7, 4, '?', 0), (7, 0, '?', 5)]"
"(18, 25, 25, 3, 0)","[(7, 3, 5, 5), (7, 3, '?', 0), (7, 3, '?', 5), (7, 3, '?', 5), (7, 3, '?', 0), (7, 3, '?', 0), (7, 3, '?', 5), (7, 3, '?', 0)]"
"(18, 25, 25, 5, 0)","[(7, 1, '?', 0), (7, 0, '?', 5), (7, 1, '?', 0), (7, 1, 5, 0), (7, 0, '?', 0), (7, 0, '?', 0)]"
"(18, 25, 25, 6, 0)","[(7, 7, 0, 5), (7, 2, 0, 5)]"
"(18, 25, 25, 9, 0)","[(7, 4, 5, 5)]"
"(18, 25, 25, 11, 0)","[(7, 7, 0, 5)]"
"(18, 25, 25, 14, 0)","[(7, 0, '?', 5)]"
"(18, 25, 25, 15, 0)","[(7, '?', '?', 5), (7, 0, '?', 0), (7, '?', '?', 0)]"
"(18, 25, 25, 16, 0)","[(7, 4, '?', 0), (7, 4, '?', 5), (7, 4, '?', 5), (7, 4, '?', 0), (7, 4, '?', 0), (7, '?', '?', 5), (7, '?', '?', 5), (7, 4, '?', 5), (7, 4, '?', 5), (7, 4, '?', 5), (7, 4, '?', 0), (7, 4, '?', 0)]"
"(18, 25, 25, 19, 0)","[(7, 3, '?', 5)]"
"(18, 25, 25, 22, 0)","[(7, 3, '?', 5), (7, 3, '?', 5), (7, 3, '?', 5), (7, 3, 5, 5), (7, 3, 5, 5), (7, 3, '?', 5), (7, 3, '?', 0)]"
"(18, 25, 25, 23, 0)","[(7, 3, '?', 0), (7, 3, '?', 5)]"
"(18, 25, 25, 24, 0)","[(7, 1, '?', 0), (7, 1, 5, 0), (7, 1, '?', 0), (7, 1, '?', 0)]"
"(18, 25, 25, 25, 0)","[(7, 0, '?', 5), (7, '?', '?', 0), (7, 1, '?', 0), (7, 0, '?', 0), (7, '?', '?', 5), (7, '?', '?', 0), (7, 0, '?', 0), (7, '?', '?', 0), (7, 6, 5, 5), (7, '?', '?', 5), (7, '?', '?', 0), (7, 0, '?', 5), (7, '?', '?', 0), (7, '?', 5, 5), (7, '?', '?', 0), (7, '?', '?', 0), (7, '?', '?', 5), (7, 0, '?', 0), (7, '?', '?', 5), (7, 0, '?', 5), (7, 0, '?', 5), (7, '?', '?', 0)]"
"(18, 25, 25, 26, 0)","[(7, 2, '?', 5), (7, 2, '?', 5), (7, 2, '?', 5), (7, 7, '?', 5)]"
"(18, 25, 26, 2, 0)","[(7, 7, 5, 5)]"
"(18, 25, 26, 11, 0)","[(7, 7, 0, 5)]"
"(18, 25, 26, 15, 0)","[(7, 2, '?', 0), (7, 7, 5, 5), (7, 7, 5, 5), (7, 2, '?', 5)]"
"(18, 25, 26, 23, 0)","[(7, 7, 5, 0)]"
"(18, 25, 26, 25, 0)","[(7, 7, '?', 5), (7, 7, '?', 5), (7, 7, 3, 5), (7, 7, '?', 5), (7, 7, 5, 0), (7, 2, '?', 0), (7, 7, 5, 5), (7, 2, '?', 5), (7, 7, '?', 5), (7, 7, 5, 5), (7, 2, '?', 5), (7, 7, 5, 0), (7, 2, '?', 5), (7, 2, '?', 5), (7, 2, '?', 0), (7, 2, '?', 0), (7, 2, '?', 5), (7, 7, 5, 0), (7, 7, '?', 5)]"
"(18, 25, 26, 26, 0)","[(7, 2, '?', 0)]"
"(18, 26, 13, 2, 0)","[(7, 2, 7, 0), (7, 2, 2, 5), (7, 7, 2, 0), (7, 2, 7, 0), (7, 2, 2, 5), (7, 7, 7, 0), (7, 7, 2, 0), (7, 7, '?', 5)]"
"(18, 26, 13, 9, 0)","[(7, 2, 7, 5), (7, 2, 7, 5)]"
"(18, 26, 13, 13, 0)","[(7, 2, 2, 5), (7, 2, 7, 0)]"
"(18, 26, 13, 16, 0)","[(7, 7, 2, 5), (7, 7, 7, 5), (7, 2, 2, 5), (7, 7, 7, 0), (7, 2, 7, 5), (7, 7, 7, 5)]"
"(18, 26, 13, 25, 0)","[(7, 2, 7, 0)]"
"(18, 26, 13, 26, 0)","[(7, 2, 7, 0), (7, 7, 7, 0)]"
"(18, 26, 25, 16, 0)","[(7, 2, '?', 0)]"
"(18, 27, 25, 13, 0)","[(7, 1, 7, 0)]"
"(20, 1, 11, 1, 0)","[(2, 6, 3, 1), (2, 6, 3, 2)]"
"(20, 1, 11, 11, 0)","[(2, 6, 3, 1), (2, 6, 3, 2), (2, 6, 3, 1), (2, 6, 3, 2), (2, 6, 3, 2)]"
"(20, 1, 11, 16, 0)","[(2, 6, 3, 2), (2, 6, 3, 1), (2, 6, 3, 1)]"
"(20, 1, 11, 25, 0)","[(2, 6, 3, 1)]"
"(20, 1, 13, 11, 0)","[(2, 6, 5, 2), (2, 6, 5, 2)]"
"(20, 1, 13, 16, 0)","[(2, 6, 5, 2), (2, 6, 5, 2)]"
"(20, 4, 3, 4, 0)","[(2, 5, 6, 4)]"
"(20, 4, 4, 1, 0)","[(2, 0, 4, 1), (2, 0, 6, '?'), (2, 1, 4, 2)]"
"(20, 4, 4, 4, 0)","[(2, 4, 6, '?'), (2, 4, 6, '?')]"
"(20, 4, 4, 5, 0)","[(2, 0, 4, '?')]"
"(20, 4, 4, 11, 0)","[(2, 5, 4, 1), (2, 4, 4, 1), (2, 4, 6, 2)]"
"(20, 4, 4, 16, 0)","[(2, 4, 4, 1), (2, 4, 6, 2), (2, 4, 6, 1), (2, 4, '?', 1)]"
"(20, 4, 4, 17, 0)","[(2, 4, 4, 5)]"
"(20, 4, 4, 25, 0)","[(2, 4, 6, '?'), (2, 7, 6, '?'), (2, 4, 4, '?')]"
"(20, 4, 5, 12, 0)","[(2, 1, 4, '?')]"
"(20, 4, 11, 4, 0)","[(2, 4, 6, 1), (2, 4, 6, 2), (2, '?', 6, 1), (2, 2, 6, 1)]"
"(20, 4, 11, 5, 0)","[(2, 0, 6, 1), (2, 0, 6, 2)]"
"(20, 4, 11, 12, 0)","[(2, 4, 4, 2), (2, '?', 6, 2), (2, 0, 4, 1)]"
"(20, 4, 11, 16, 0)","[(2, 4, 6, 2)]"
"(20, 4, 12, 3, 0)","[(2, 3, 6, '?')]"
"(20, 4, 12, 5, 0)","[(2, 0, 6, '?')]"
"(20, 4, 12, 12, 0)","[(2, 7, 6, '?')]"
"(20, 6, 4, 4, 0)","[(2, 7, 1, 1), (2, 2, 1, 1), (2, 2, 1, 1)]"
"(20, 6, 4, 6, 0)","[(2, 2, 1, 1), (2, 7, 1, 1), (2, 2, 1, 1), (2, 7, 1, 2), (2, 2, 1, 2), (2, 2, 1, 2), (2, 7, 1, 1), (2, 7, 1, 2)]"
"(20, 6, 4, 16, 0)","[(2, 7, 1, 1)]"
"(20, 6, 4, 26, 0)","[(2, 2, 1, 2)]"
"(20, 6, 6, 16, 0)","[(2, 2, 3, 2), (2, 7, 3, 1), (2, 2, 3, 1)]"
"(20, 6, 11, 6, 0)","[(2, 7, 3, 1), (2, 7, 3, 1)]"
"(20, 6, 11, 16, 0)","[(2, 2, 3, 1), (2, 2, 3, 2), (2, 2, 3, 1), (2, 2, 0, 2), (2, 2, 0, 2), (2, 2, 0, 1), (2, 2, 0, 1)]"
"(20, 6, 11, 26, 0)","[(2, 2, 3, 2)]"
"(20, 6, 12, 26, 0)","[(2, 2, 1, 1)]"
"(20, 6, 13, 6, 0)","[(2, 7, 5, 1), (2, 2, 5, 2), (2, 2, 5, 2), (2, 7, 5, 1), (2, 2, 5, 2)]"
"(20, 6, 13, 16, 0)","[(2, 7, 5, 1), (2, 2, 5, 2), (2, 7, 5, 1), (2, 2, 5, 1), (2, 2, 5, 1), (2, 2, 5, 2), (2, 7, 5, 1), (2, 7, 5, 1), (2, 2, 5, 2), (2, 7, 5, 1), (2, 2, 5, 2)]"
"(20, 8, 4, 16, 0)","[(2, 5, 1, 2)]"
"(20, 9, 1, 11, 0)","[(2, 6, 3, 4), (2, 6, 0, '?'), (2, 6, 0, '?'), (2, 6, 3, 5)]"
"(20, 9, 1, 16, 0)","[(2, 6, 0, '?'), (2, 6, 0, '?')]"
"(20, 9, 3, 2, 0)","[(2, 5, '?', 0)]"
"(20, 9, 3, 4, 0)","[(2, 5, 1, 4)]"
"(20, 9, 3, 9, 0)","[(2, 5, 1, 3), (2, 5, 1, '?'), (2, 5, 1, 3), (2, 5, 1, 3), (2, 5, 1, '?')]"
"(20, 9, 3, 10, 0)","[(2, 5, 1, 4), (2, 5, 1, '?'), (2, 5, 1, '?')]"
"(20, 9, 3, 12, 0)","[(2, 5, 1, 4)]"
"(20, 9, 3, 13, 0)","[(2, 5, 5, 5), (2, 5, 5, '?'), (2, 5, 5, 0), (2, 5, 5, '?'), (2, 5, 5, '?')]"
"(20, 9, 3, 16, 0)","[(2, 5, 1, 2)]"
"(20, 9, 3, 17, 0)","[(2, 5, 1, '?'), (2, 5, 1, 0)]"
"(20, 9, 3, 23, 0)","[(2, 5, 5, 5)]"
"(20, 9, 4, 2, 0)","[(2, 4, 1, '?')]"
"(20, 9, 4, 3, 0)","[(2, 3, 1, '?'), (2, 3, 1, '?'), (2, 3, 1, '?')]"
"(20, 9, 4, 9, 0)","[(2, 4, 1, 0), (2, 0, 1, '?'), (2, 0, 1, 0), (2, 4, 1, 0), (2, 4, 1, 0), (2, 4, 1, '?'), (2, 0, 1, '?'), (2, 0, 1, '?'), (2, 4, 1, '?'), (2, 4, 1, '?'), (2, 0, 1, '?'), (2, 4, 1, 5), (2, 4, 1, '?')]"
"(20, 9, 6, 6, 0)","[(2, 7, 0, '?'), (2, 2, 3, '?'), (2, 7, 0, '?'), (2, 2, 3, '?')]"
"(20, 9, 6, 11, 0)","[(2, 2, 3, 5), (2, 7, 3, 5), (2, 2, 3, '?'), (2, 2, 3, '?'), (2, 2, 3, 0), (2, 7, 0, '?'), (2, 2, 0, '?')]"
"(20, 9, 6, 16, 0)","[(2, 2, 0, '?'), (2, 2, 0, '?'), (2, 2, 0, '?'), (2, 7, 0, '?'), (2, 2, 0, '?'), (2, 7, 0, '?'), (2, 2, 0, '?'), (2, 2, 3, '?'), (2, 2, 3, '?')]"
"(20, 9, 8, 11, 0)","[(2, 5, 0, 4), (2, 5, 3, 0), (2, 5, 3, '?'), (2, 5, 0, '?')]"
"(20, 9, 8, 16, 0)","[(2, 5, 0, 3), (2, 5, 3, '?'), (2, 5, 3, 0)]"
"(20, 9, 8, 25, 0)","[(2, 5, 3, '?'), (2, 5, 0, '?'), (2, 5, 0, 5), (2, 5, 3, 0), (2, 5, 0, '?'), (2, 5, 0, '?'), (2, 5, 0, 5), (2, 5, 3, '?'), (2, 5, 3, '?'), (2, 5, 0, '?'), (2, 5, 0, '?'), (2, 5, 3, '?'), (2, 5, 3, '?'), (2, 5, 0, '?')]"
"(20, 9, 9, 9, 0)","[(2, 0, 1, '?')]"
"(20, 9, 11, 1, 0)","[(2, 1, 3, '?')]"
"(20, 9, 11, 5, 0)","[(2, 0, 0, 5), (2, 1, 3, '?'), (2, 0, 3, '?')]"
"(20, 9, 11, 11, 0)","[(2, 4, 0, 3), (2, '?', 3, '?'), (2, '?', 0, '?'), (2, 4, 3, '?'), (2, 4, 0, '?'), (2, 7, 0, '?'), (2, 4, 3, '?'), (2, '?', 3, '?'), (2, 4, 3, '?'), (2, '?', 3, 5), (2, '?', 3, '?')]"
"(20, 9, 11, 15, 0)","[(2, '?', 3, '?')]"
"(20, 9, 11, 16, 0)","[(2, 4, 0, '?'), (2, 4, 3, '?'), (2, 4, 0, '?'), (2, 4, 0, 5), (2, 4, 0, '?'), (2, 4, 0, '?'), (2, 4, 3, '?'), (2, 4, 0, '?'), (2, 4, 0, 5), (2, 4, 0, '?'), (2, 4, 0, 5), (2, 4, 0, '?'), (2, 4, 0, '?')]"
"(20, 9, 11, 19, 0)","[(2, 3, 3, '?'), (2, 3, 3, '?'), (2, 3, 3, '?')]"
"(20, 9, 11, 22, 0)","[(2, 3, 3, '?'), (2, 3, 3, '?'), (2, 3, 3, '?')]"
"(20, 9, 11, 24, 0)","[(2, 1, 3, '?'), (2, 0, 3, '?'), (2, 0, 3, '?')]"
"(20, 9, 11, 25, 0)","[(2, '?', 0, '?'), (2, '?', 0, '?'), (2, '?', 3, '?'), (2, '?', 3, '?'), (2, '?', 0, '?'), (2, 3, 3, '?'), (2, '?', 0, '?'), (2, '?', 3, '?'), (2, '?', 0, '?'), (2, '?', 0, '?'), (2, 3, 3, '?'), (2, '?', 0, '?'), (2, '?', 3, '?'), (2, '?', 0, '?')]"
"(20, 9, 12, 3, 0)","[(2, 3, 1, '?')]"
"(20, 9, 12, 9, 0)","[(2, 0, 1, 0), (2, 1, 1, 5), (2, '?', 1, 5), (2, 0, 1, 0), (2, 0, 1, 0), (2, 0, 1, 5), (2, '?', 1, 0), (2, 4, 1, '?'), (2, 0, 1, 3), (2, 4, 1, 4), (2, 0, 1, 0), (2, 7, 1, '?'), (2, '?', 1, '?'), (2, '?', 1, 0)]"
"(20, 9, 12, 15, 0)","[(2, '?', 1, '?')]"
"(20, 9, 13, 9, 0)","[(2, '?', 5, '?'), (2, 4, 5, 6), (2, '?', 5, '?')]"
"(20, 9, 13, 13, 0)","[(2, '?', 5, '?'), (2, '?', 5, '?')]"
"(20, 9, 13, 14, 0)","[(2, 1, 5, '?'), (2, 1, 5, '?')]"
"(20, 9, 13, 16, 0)","[(2, 4, 5, '?')]"
"(20, 9, 13, 23, 0)","[(2, 3, 5, '?')]"
"(20, 9, 13, 25, 0)","[(2, '?', 5, '?')]"
"(20, 9, 16, 16, 0)","[(2, 4, 0, '?'), (2, 4, 3, '?')]"
"(20, 9, 21, 2, 0)","[(2, 6, 1, 5), (2, 6, 1, 5), (2, 6, 1, '?')]"
"(20, 9, 21, 9, 0)","[(2, 6, 1, '?'), (2, 6, 1, '?'), (2, 6, 1, '?'), (2, 6, 1, '?')]"
"(20, 9, 21, 13, 0)","[(2, 6, 5, 0)]"
"(20, 9, 21, 16, 0)","[(2, 6, 1, 1)]"
"(20, 9, 24, 2, 0)","[(2, 6, 0, '?')]"
"(20, 9, 24, 9, 0)","[(2, 6, 1, '?')]"
"(20, 9, 24, 11, 0)","[(2, 6, 0, 5), (2, 6, 0, 5), (2, 6, 3, 5)]"
"(20, 9, 24, 13, 0)","[(2, 6, 5, '?')]"
"(20, 9, 24, 16, 0)","[(2, 6, 0, '?')]"
"(20, 9, 25, 24, 0)","[(2, 0, 3, '?')]"
"(20, 9, 26, 2, 0)","[(2, 2, 1, '?'), (2, 7, 1, '?')]"
"(20, 9, 26, 4, 0)","[(2, 2, 1, '?')]"
"(20, 9, 26, 9, 0)","[(2, 2, 1, '?'), (2, 2, 1, '?'), (2, 7, 1, '?'), (2, 7, 1, '?'), (2, 2, 1, '?'), (2, 7, 1, '?'), (2, 2, 1, '?')]"
"(20, 10, 3, 10, 0)","[(2, 5, 6, '?')]"
"(20, 10, 3, 11, 0)","[(2, 5, 6, '?')]"
"(20, 10, 4, 11, 0)","[(2, '?', 6, 1)]"
"(20, 10, 4, 19, 0)","[(2, 3, 4, 2)]"
"(20, 10, 10, 11, 0)","[(2, 5, 4, 2), (2, 5, 6, 2), (2, 5, 4, 2), (2, 5, 4, 1), (2, 5, 4, 2)]"
"(20, 10, 10, 19, 0)","[(2, 3, 4, 1)]"
"(20, 10, 11, 4, 0)","[(2, '?', 4, 2)]"
"(20, 10, 11, 5, 0)","[(2, 0, 6, 2)]"
"(20, 10, 11, 12, 0)","[(2, 3, 4, 1)]"
"(20, 10, 11, 17, 0)","[(2, 5, 4, 1), (2, 5, 4, 2)]"
"(20, 10, 12, 5, 0)","[(2, 0, 6, '?')]"
"(20, 10, 12, 10, 0)","[(2, 3, 6, 4)]"
"(20, 10, 12, 11, 0)","[(2, 6, 6, 1)]"
"(20, 10, 12, 12, 0)","[(2, '?', 4, 4)]"
"(20, 10, 17, 1, 0)","[(2, 1, 6, 1), (2, 1, 6, 1), (2, 1, 4, 2), (2, 1, 6, 2), (2, 1, 6, 1), (2, 0, 6, '?'), (2, 1, 6, 1)]"
"(20, 10, 17, 5, 0)","[(2, 1, 4, '?'), (2, 1, 6, '?'), (2, 1, 6, 3), (2, 0, 6, '?'), (2, 0, 4, '?'), (2, 0, 4, '?'), (2, 1, 4, '?'), (2, 0, 6, '?')]"
"(20, 10, 17, 10, 0)","[(2, 0, 6, '?')]"
"(20, 10, 17, 11, 0)","[(2, '?', 6, 1), (2, 7, 6, 2), (2, '?', 4, 1), (2, 6, 6, 1), (2, '?', 6, 1), (2, 7, 6, 1), (2, '?', 6, 2), (2, '?', 4, 1), (2, '?', 6, 1), (2, 5, 6, 1), (2, 5, 6, 1), (2, 5, 4, 1), (2, 5, 4, 2), (2, '?', 6, 2)]"
"(20, 10, 17, 12, 0)","[(2, 5, 4, 4)]"
"(20, 10, 17, 16, 0)","[(2, 5, 4, 1)]"
"(20, 10, 17, 19, 0)","[(2, 3, 4, 2), (2, 3, 4, 2)]"
"(20, 10, 26, 10, 0)","[(2, 7, 4, 3)]"
"(20, 10, 26, 11, 0)","[(2, 2, 4, 2), (2, 7, 4, 2)]"
"(20, 10, 26, 17, 0)","[(2, 7, 4, '?')]"
"(20, 10, 26, 26, 0)","[(2, 7, 4, '?')]"
"(20, 11, 1, 11, 0)","[(2, 6, 0, 1), (2, 6, 0, 1), (2, 6, 3, 2), (2, 6, 0, 1), (2, 6, 3, 2), (2, 6, 0, 1), (2, 6, 0, 1), (2, 6, 0, 1), (2, 6, 0, 1), (2, 6, 3, 2), (2, 6, 0, 1), (2, 6, 0, 1)]"
"(20, 11, 1, 16, 0)","[(2, 6, 3, 2), (2, 6, 3, 1)]"
"(20, 11, 3, 10, 0)","[(7, 5, 1, 1)]"
"(20, 11, 3, 13, 0)","[(2, 5, 5, 1), (2, 5, 5, 1), (2, 5, 5, 1)]"
"(20, 11, 3, 25, 0)","[(2, 5, 1, 2), (2, 5, 1, 2)]"
"(20, 11, 4, 6, 0)","[(2, 7, 1, 2)]"
"(20, 11, 4, 11, 0)","[(2, '?', 1, 2), (2, 0, 1, 1), (2, 0, 1, '?'), (2, 0, 1, 2), (2, 2, 1, 2), (2, 1, 1, 2), (2, 0, 1, 2), (2, 5, 1, 1), (2, 7, 1, 2), (2, '?', 1, 2), (2, 6, 1, 1), (2, 4, 1, 2), (2, 2, 1, 2), (2, 6, 1, 1), (2, 7, 1, 2), (2, 0, 1, 2), (2, 1, 1, 2)]"
"(20, 11, 4, 16, 0)","[(2, 4, 1, 1), (2, 4, 1, 1), (2, 4, 1, 2), (2, 4, 1, 2), (2, 4, 1, 2)]"
"(20, 11, 4, 19, 0)","[(2, 3, 1, 1), (2, 3, 1, 1), (2, 3, 1, 1)]"
"(20, 11, 6, 6, 0)","[(2, 2, 0, 1), (2, 2, 3, 1), (2, 2, 3, 2), (2, 2, 3, 2)]"
"(20, 11, 6, 11, 0)","[(2, 7, 3, 1), (2, 7, 0, 2), (2, 2, 0, 1), (2, 2, 3, 2), (2, 2, 3, 1), (2, 2, 3, 1), (2, 2, 3, 2), (2, 7, 3, 1), (2, 2, 3, 2), (2, 2, 3, 1)]"
"(20, 11, 6, 15, 0)","[(2, 2, 3, 2)]"
"(20, 11, 8, 11, 0)","[(2, 5, 0, 0), (2, 5, 0, 0), (2, 5, 3, 1), (2, 5, 3, 2), (2, 5, 3, 2), (2, 5, 0, 1), (2, 5, 0, 1), (2, 5, 3, 2)]"
"(20, 11, 8, 16, 0)","[(2, 5, 0, 1), (2, 5, 0, 1), (2, 5, 3, 1), (2, 5, 3, 1), (2, 5, 0, 1), (2, 5, 3, 2)]"
"(20, 11, 8, 25, 0)","[(2, 5, 0, 1)]"
"(20, 11, 10, 15, 0)","[(2, 6, 1, 1)]"
"(20, 11, 11, 1, 0)","[(2, 1, 0, 2), (2, 1, 3, 1), (2, 0, 3, 1), (2, 1, 3, 2), (2, 1, 0, 2), (2, 1, 3, 1), (2, 1, 3, 1), (2, 1, 0, 2)]"
"(20, 11, 11, 4, 0)","[(2, '?', 0, 1), (2, '?', 0, 2), (2, '?', 0, 2)]"
"(20, 11, 11, 5, 0)","[(2, 0, 3, 2), (2, 1, 3, 1), (2, 0, 3, 1), (2, 0, 3, 2), (2, 1, 0, 2), (2, 1, 0, 2), (2, 0, 3, 1), (2, 1, 3, 1), (2, 1, 3, 2)]"
"(20, 11, 11, 6, 0)","[(2, 7, 0, 2), (2, 2, 0, 1)]"
"(20, 11, 11, 11, 0)","[(2, '?', 3, 2), (2, '?', 3, 1), (2, 4, 3, 2), (2, '?', 3, 1), (2, '?', 3, 2), (2, '?', 3, 2), (2, '?', 0, 2), (2, '?', 0, 2), (2, '?', 0, 1), (2, '?', 3, 1), (2, 2, 0, 2), (2, '?', 3, 2), (2, 7, 3, 1), (2, 7, 0, 2), (2, '?', 0, 1), (2, '?', 0, 2), (2, '?', 0, 2), (2, '?', 3, 1), (2, '?', 0, 2)]"
"(20, 11, 11, 14, 0)","[(2, 1, 0, 2), (2, 1, 3, 1), (2, 1, 3, 2)]"
"(20, 11, 11, 15, 0)","[(2, 7, 0, 2)]"
"(20, 11, 11, 16, 0)","[(2, 4, 3, 2), (2, 4, 3, 2), (2, 4, 3, 2), (2, '?', 0, 1), (2, 5, 3, 1), (2, 4, 0, 1), (2, 4, 0, 1), (2, 2, 0, 2), (2, 2, 0, 1), (2, 4, 0, 1), (2, 4, 0, 1), (2, 4, 0, 1), (2, 4, 0, 1), (2, 4, 0, 1)]"
"(20, 11, 11, 19, 0)","[(2, 3, 3, 1), (2, 3, 0, 1), (2, 3, 3, 1), (2, 3, 0, 1), (2, 3, 3, 1), (2, 3, 3, 2), (2, 3, 0, 1), (2, 3, 3, 1), (2, 3, 0, 1)]"
"(20, 11, 11, 24, 0)","[(2, 0, 0, 2), (2, 0, 0, 2), (2, 0, 3, 2), (2, 0, 0, 2), (2, 0, 0, 2), (2, 0, 0, 2), (2, 0, 0, 2), (2, 0, 3, 1), (2, 0, 0, 2), (2, 1, 0, 2), (2, 0, 3, 2), (2, 1, 3, 2), (2, '?', 3, 2)]"
"(20, 11, 11, 25, 0)","[(2, '?', 3, 1), (2, '?', 0, 1), (2, '?', 0, 1), (2, 7, 3, 1), (2, '?', 0, 2), (2, '?', 3, 2), (2, '?', 0, 1), (2, '?', 0, 1), (2, '?', 0, 1), (2, 7, 0, 2), (2, 7, 0, 2), (2, '?', 3, 2), (2, '?', 0, 2), (2, 2, 0, 2)]"
"(20, 11, 11, 26, 0)","[(2, 2, 0, 1)]"
"(20, 11, 12, 3, 0)","[(2, 3, 1, 1), (2, 3, 1, 1), (2, 3, 1, 1)]"
"(20, 11, 12, 6, 0)","[(2, 2, 1, 1), (2, 2, 1, 2), (2, 7, 1, 1), (2, 7, 1, 1)]"
"(20, 11, 12, 11, 0)","[(2, 0, 1, 1), (2, 0, 1, 2), (2, 4, 1, 2), (2, 0, 1, 2), (2, 1, 1, 2), (2, 0, 1, 1), (2, 3, 1, 1), (2, 7, 1, 2), (2, '?', 1, 2), (2, '?', 1, 2)]"
"(20, 11, 12, 15, 0)","[(2, '?', 1, 2), (2, '?', 1, 2), (2, '?', 1, 2), (2, 1, 1, 2), (2, 6, 1, 1), (2, 6, 1, 1), (2, '?', 1, 1)]"
"(20, 11, 12, 22, 0)","[(2, 3, 1, 1)]"
"(20, 11, 12, 25, 0)","[(2, 5, 1, 2)]"
"(20, 11, 12, 26, 0)","[(2, 2, 1, 2), (2, 2, 1, 2)]"
"(20, 11, 13, 1, 0)","[(2, 1, 5, 2), (2, 0, 5, 1), (2, 1, 5, 1), (2, 1, 5, 2), (2, 1, 5, 1), (2, 1, 5, 1)]"
"(20, 11, 13, 6, 0)","[(2, 2, 5, 2)]"
"(20, 11, 13, 11, 0)","[(2, '?', 5, 1), (2, 6, 5, 1), (2, '?', 5, 1), (2, 5, 5, 1), (2, 6, 5, 1), (2, '?', 5, 2), (2, '?', 5, 2), (2, 2, 5, 2), (2, 6, 5, 1), (2, 5, 5, 1), (2, '?', 5, 1), (2, '?', 5, 2), (2, '?', 5, 2)]"
"(20, 11, 13, 16, 0)","[(2, 4, 5, 1), (2, 4, 5, '?')]"
"(20, 11, 13, 19, 0)","[(2, 3, 5, 2), (2, 3, 5, 2)]"
"(20, 11, 13, 24, 0)","[(2, 1, 5, 1), (2, 1, 5, 2), (2, 1, 5, 2), (2, 1, 5, 2)]"
"(20, 11, 13, 25, 0)","[(2, 6, 5, 1)]"
"(20, 11, 16, 16, 0)","[(2, 4, 0, 1)]"
"(20, 11, 21, 2, 0)","[(2, 6, 1, 1)]"
"(20, 11, 21, 13, 0)","[(2, 6, 5, 2), (2, 6, 5, 2), (2, 6, 5, 1), (2, 6, 5, 1)]"
"(20, 11, 24, 6, 0)","[(2, 6, 5, 2)]"
"(20, 11, 24, 16, 0)","[(2, 6, 1, 1)]"
"(20, 11, 25, 25, 0)","[(2, 7, 3, 1)]"
"(20, 12, 4, 4, 0)","[(2, 5, 4, '?')]"
"(20, 12, 4, 11, 0)","[(2, 5, 6, 1)]"
"(20, 12, 11, 2, 0)","[(2, 5, 4, 2)]"
"(20, 12, 11, 4, 0)","[(2, 7, 6, 1)]"
"(20, 12, 11, 5, 0)","[(2, 0, 6, 1)]"
"(20, 12, 11, 10, 0)","[(2, 5, 6, 2)]"
"(20, 12, 11, 12, 0)","[(2, '?', 4, 2), (2, '?', 4, 1)]"
"(20, 12, 11, 17, 0)","[(2, 5, 4, 2)]"
"(20, 12, 12, 11, 0)","[(2, 0, 4, 1), (2, '?', 4, 2)]"
"(20, 12, 12, 12, 0)","[(2, '?', 6, '?'), (2, 4, 4, '?')]"
"(20, 12, 17, 11, 0)","[(2, 4, 4, 1)]"
"(20, 13, 3, 11, 0)","[(2, 5, 2, 1), (2, 5, 2, 1), (2, 5, 7, 2), (2, 5, 7, 2), (2, 5, 2, 1), (2, 5, 7, 2), (2, 5, 2, 2)]"
"(20, 13, 3, 13, 0)","[(2, 5, 7, 5), (2, 5, 7, 6), (2, 5, 2, '?'), (2, 5, 7, '?'), (2, 5, 7, '?'), (2, 5, 2, 5), (2, 5, 7, 5), (2, 5, 7, '?'), (2, 5, 2, '?')]"
"(20, 13, 3, 16, 0)","[(2, 5, 2, 0)]"
"(20, 13, 3, 20, 0)","[(2, 5, 7, 4), (2, 5, 7, 3), (2, 5, 2, '?')]"
"(20, 13, 3, 25, 0)","[(2, 5, 2, 2), (2, 5, 7, 2), (2, 5, 2, 1), (2, 5, 7, '?'), (2, 5, 7, 2), (2, 5, 7, '?'), (2, 5, 2, 1), (2, 5, 7, '?'), (2, 5, 7, '?'), (2, 5, 2, 2), (2, 5, 7, 2), (2, 5, 2, 1), (2, 5, 2, '?')]"
"(20, 13, 6, 6, 0)","[(2, 2, 2, 2)]"
"(20, 13, 6, 11, 0)","[(2, 2, 2, 1), (2, 2, 2, 1), (2, 7, 2, 1), (2, 2, 7, 1), (2, 2, 2, 1), (2, 2, 2, 1), (2, 7, '?', 1)]"
"(20, 13, 6, 13, 0)","[(2, 2, 7, 1), (2, 2, 7, 2), (2, 2, 7, 1), (2, 2, 2, 1)]"
"(20, 13, 8, 13, 0)","[(2, 5, 2, 2)]"
"(20, 13, 8, 16, 0)","[(2, 5, 7, 2), (2, 5, 2, 1), (2, 5, 2, 2), (2, 5, 2, 1), (2, 5, 7, 2)]"
"(20, 13, 11, 1, 0)","[(2, 6, 2, 1)]"
"(20, 13, 11, 2, 0)","[(2, 2, 7, 2)]"
"(20, 13, 11, 3, 0)","[(2, 3, 7, 1), (2, 3, 7, 1)]"
"(20, 13, 11, 5, 0)","[(2, 0, 2, 2), (2, 1, 7, 2), (2, 0, 2, 1), (2, 0, 2, '?'), (2, 1, 2, 2), (2, 1, 7, 2)]"
"(20, 13, 11, 11, 0)","[(2, 4, 2, 1), (2, 1, 7, 2)]"
"(20, 13, 11, 13, 0)","[(2, '?', 7, 1), (2, '?', 2, 2), (2, '?', 7, 2), (2, 4, 7, 2), (2, 4, 7, 2), (2, 4, 7, 2), (2, 4, 2, 1), (2, 4, 2, 2), (2, '?', 7, 2), (2, 4, 2, 1), (2, 2, 2, 1), (2, 2, 2, 1), (2, 0, 7, 2), (2, 2, 7, 2), (2, 4, '?', 1), (2, 1, 7, 2), (2, 2, 2, 2), (2, 1, 7, 2), (2, 7, 7, 2), (2, 2, 2, 2), (2, 7, 7, 2), (2, 7, 2, 1), (2, 4, 2, 1), (2, '?', 7, 1), (2, 2, 2, 2)]"
"(20, 13, 11, 14, 0)","[(2, 0, 7, 2)]"
"(20, 13, 11, 16, 0)","[(2, 4, 2, 1), (2, 4, 2, 2), (2, 4, 7, 2), (2, 4, 7, 2), (2, 4, 7, 1), (2, 4, 2, 2), (2, 4, 7, 2), (2, 4, 7, 1), (2, 4, 2, 2), (2, 4, 7, 1), (2, 4, 2, 1), (2, 4, 2, 2), (2, 4, 7, 2), (2, 4, 7, 2)]"
"(20, 13, 11, 19, 0)","[(2, 3, 2, 1), (2, 3, 7, 2), (2, 3, 2, 2), (2, 3, 7, 1), (2, 3, 7, 1), (2, 3, 2, 1), (2, 3, 7, 2), (2, 3, 2, 2), (2, 3, 7, 1), (2, 3, 2, 2)]"
"(20, 13, 11, 20, 0)","[(2, 6, 2, 1)]"
"(20, 13, 11, 22, 0)","[(2, 3, 2, 1)]"
"(20, 13, 11, 23, 0)","[(2, 3, 7, 2)]"
"(20, 13, 11, 24, 0)","[(2, 1, 2, 1), (2, 1, 2, 2), (2, 1, 2, 1), (2, 1, 2, 2), (2, 1, 2, 2), (2, 6, 7, 1), (2, 1, 2, 2)]"
"(20, 13, 11, 25, 0)","[(2, '?', 7, 1), (2, 4, 7, 2), (2, '?', 2, 2), (2, '?', 7, 1), (2, 1, 7, 2), (2, 4, 2, 2), (2, 2, 2, 2), (2, 2, 7, 1)]"
"(20, 13, 11, 26, 0)","[(2, 2, 7, 2), (2, 7, 2, 1)]"
"(20, 13, 13, 3, 0)","[(2, 3, 2, '?')]"
"(20, 13, 13, 5, 0)","[(2, 1, 7, '?'), (2, 1, 7, '?')]"
"(20, 13, 13, 11, 0)","[(2, 6, 2, 1), (2, 7, 7, 2), (2, '?', 2, '?'), (2, 2, 2, 2)]"
"(20, 13, 13, 13, 0)","[(2, 2, 7, 1)]"
"(20, 13, 13, 16, 0)","[(2, 4, 2, '?'), (2, 4, 2, '?'), (2, 4, 7, 6), (2, 4, 7, 6), (2, 4, 7, '?'), (2, 4, 2, 2), (2, 4, 2, 1), (2, 4, 7, '?')]"
"(20, 13, 13, 22, 0)","[(2, 3, 7, 1)]"
"(20, 13, 20, 1, 0)","[(2, 6, 2, 2)]"
"(20, 13, 20, 11, 0)","[(2, 6, 2, 1)]"
"(20, 13, 20, 25, 0)","[(2, 4, 7, '?')]"
"(20, 13, 24, 11, 0)","[(2, 6, 2, 2)]"
"(20, 13, 25, 1, 0)","[(2, 1, 7, 2)]"
"(20, 13, 25, 2, 0)","[(2, 1, 7, '?'), (2, 2, 2, '?'), (2, 2, 7, '?')]"
"(20, 13, 25, 3, 0)","[(2, 3, 2, '?'), (2, 3, 2, '?'), (2, 3, 7, '?'), (2, 3, 2, '?'), (2, 3, 7, '?'), (2, 3, 7, '?')]"
"(20, 13, 25, 5, 0)","[(2, 0, 7, '?'), (2, 1, 7, '?')]"
"(20, 13, 25, 8, 0)","[(2, 3, 7, 2)]"
"(20, 13, 25, 11, 0)","[(2, 0, 2, 2), (2, '?', 2, 2), (2, 6, 2, 1), (2, 6, 7, 1), (2, 2, 7, 2), (2, 6, 7, 2), (2, 7, 7, 2), (2, 6, 2, 1), (2, 7, 2, 1), (2, 2, 2, 2)]"
"(20, 13, 25, 13, 0)","[(2, 4, 7, 0), (2, 4, 2, '?'), (2, 4, 2, '?')]"
"(20, 13, 25, 16, 0)","[(2, 4, 7, '?')]"
"(20, 13, 25, 19, 0)","[(2, 3, 2, 2), (2, 3, 2, 1)]"
"(20, 13, 25, 21, 0)","[(2, 0, 7, '?')]"
"(20, 13, 25, 22, 0)","[(2, 3, 7, '?'), (2, 3, 7, 4)]"
"(20, 13, 25, 23, 0)","[(2, 3, 2, '?')]"
"(20, 13, 25, 24, 0)","[(2, 1, 7, 6), (2, 1, 2, 6)]"
"(20, 13, 25, 25, 0)","[(2, 6, 7, 7), (2, 4, 7, '?'), (2, 1, 7, 7), (2, 1, 7, '?'), (2, 1, 7, 6)]"
"(20, 13, 25, 26, 0)","[(2, 2, 7, '?'), (2, 2, 2, '?')]"
"(20, 13, 26, 11, 0)","[(2, 2, 2, 1), (2, 7, 7, 2), (2, 2, 7, 1)]"
"(20, 13, 26, 13, 0)","[(2, 2, 7, '?'), (2, 7, 2, '?'), (2, 2, 7, '?'), (2, 7, 2, '?')]"
"(20, 13, 26, 25, 0)","[(2, 2, 2, '?'), (2, 2, 7, '?'), (2, 7, 2, '?')]"
"(20, 17, 2, 5, 0)","[(2, 1, 4, '?')]"
"(20, 17, 2, 17, 0)","[(2, 4, 6, '?')]"
"(20, 17, 2, 19, 0)","[(2, 3, 6, 1)]"
"(20, 17, 3, 11, 0)","[(2, 5, 6, 2), (2, 5, 6, '?')]"
"(20, 17, 3, 16, 0)","[(2, 5, 6, 2)]"
"(20, 17, 3, 17, 0)","[(2, 5, 6, '?'), (2, 5, 6, '?'), (2, 5, 6, '?')]"
"(20, 17, 4, 2, 0)","[(2, 4, 6, '?')]"
"(20, 17, 4, 4, 0)","[(2, 4, 4, '?'), (2, 4, 4, '?'), (2, 4, 4, '?')]"
"(20, 17, 4, 11, 0)","[(2, 4, 6, 1), (2, 4, 6, 2)]"
"(20, 17, 5, 5, 0)","[(2, 0, 4, '?')]"
"(20, 17, 8, 10, 0)","[(2, 5, 6, 2)]"
"(20, 17, 8, 16, 0)","[(2, 5, 6, 2)]"
"(20, 17, 10, 1, 0)","[(2, 1, 6, 2), (2, 0, 6, 1)]"
"(20, 17, 10, 5, 0)","[(2, 0, 4, '?')]"
"(20, 17, 10, 11, 0)","[(2, 7, 4, 1)]"
"(20, 17, 10, 19, 0)","[(2, 3, 4, 1)]"
"(20, 17, 11, 5, 0)","[(2, 1, 6, 2), (2, 1, 4, 2), (2, 1, 4, 2), (2, 1, 4, 1)]"
"(20, 17, 11, 10, 0)","[(2, 3, 6, 1)]"
"(20, 17, 11, 12, 0)","[(2, 2, 6, 2), (2, 2, 6, 2), (2, '?', 6, 2), (2, '?', 6, 2), (2, 2, 6, 2), (2, 7, 6, 1), (2, 7, 6, 1), (2, 3, 6, 1), (2, '?', 4, 1), (2, '?', 4, 2), (2, 2, 4, 1), (2, 7, 6, 2), (2, 7, 6, 1), (2, 4, 4, 2), (2, 2, 6, 1), (2, 4, 4, 2), (2, 7, 6, 1), (2, 7, 6, 2), (2, 2, 6, 1), (2, 2, 6, 2), (2, '?', 6, 2), (2, '?', 4, 1)]"
"(20, 17, 11, 16, 0)","[(2, 4, 4, 1), (2, 4, 6, 2), (2, 4, 4, 2), (2, 4, 4, 1), (2, 4, 6, 2), (2, 4, 6, 1)]"
"(20, 17, 11, 17, 0)","[(2, 4, 4, 1)]"
"(20, 17, 11, 19, 0)","[(2, 3, 6, 1)]"
"(20, 17, 11, 24, 0)","[(2, 0, 6, 2), (2, 0, 6, 2)]"
"(20, 17, 12, 1, 0)","[(2, 1, 4, 2), (2, 1, 4, 2), (2, 0, 4, 1)]"
"(20, 17, 12, 3, 0)","[(2, 3, 6, '?')]"
"(20, 17, 12, 4, 0)","[(2, 4, 6, '?')]"
"(20, 17, 12, 5, 0)","[(2, 1, 6, '?'), (2, 1, 4, '?')]"
"(20, 17, 12, 11, 0)","[(2, '?', 4, 1), (2, 2, 6, 2), (2, 7, 6, 1), (2, 2, 6, 1), (2, 2, 6, 1), (2, 1, 4, 1), (2, 2, 6, 1), (2, 2, 4, 2), (2, 2, 4, 1)]"
"(20, 17, 12, 12, 0)","[(2, '?', 6, '?'), (2, '?', 6, '?'), (2, '?', 6, '?'), (2, 4, 6, '?')]"
"(20, 17, 12, 17, 0)","[(2, 5, 4, '?'), (2, 5, 4, '?')]"
"(20, 17, 12, 26, 0)","[(2, 2, 4, '?')]"
"(20, 17, 16, 16, 0)","[(2, 5, 4, 2), (2, 5, 6, 1)]"
"(20, 17, 17, 1, 0)","[(2, 1, 6, 1), (2, 1, 4, 1), (2, 1, 6, 2), (2, 1, 4, 2), (2, 1, 6, 1), (2, 1, 6, 2)]"
"(20, 17, 17, 2, 0)","[(2, 4, 4, 5)]"
"(20, 17, 17, 5, 0)","[(2, 1, 4, '?'), (2, 1, 6, '?'), (2, 1, 6, '?')]"
"(20, 17, 17, 6, 0)","[(2, 2, 6, 2), (2, 2, 4, 2)]"
"(20, 17, 17, 11, 0)","[(2, 5, 6, 1), (2, 7, 4, 1), (2, '?', 6, 1), (2, 7, 6, 1), (2, 4, 4, 1), (2, 2, 6, 1), (2, 2, 4, 1)]"
"(20, 17, 17, 16, 0)","[(2, 5, 6, 1), (2, 4, 4, 2)]"
"(20, 17, 17, 17, 0)","[(2, 4, 4, 0)]"
"(20, 17, 17, 19, 0)","[(2, 3, 4, 1), (2, 3, 6, 1), (2, 3, 4, 1), (2, 3, 4, 2)]"
"(20, 17, 21, 11, 0)","[(2, 6, 4, 1), (2, 6, 6, 1), (2, 6, 6, 1)]"
"(20, 17, 26, 11, 0)","[(2, 2, 4, 1), (2, 2, 4, 1), (2, 7, 4, 2), (2, 2, 4, 1)]"
"(20, 17, 26, 12, 0)","[(2, 2, 4, '?')]"
"(20, 17, 26, 17, 0)","[(2, 7, 4, '?'), (2, 7, 4, '?'), (2, 2, 4, '?')]"
"(20, 20, 6, 11, 0)","[(2, 7, '?', 1)]"
"(20, 20, 8, 25, 0)","[(2, 5, '?', 2)]"
"(20, 20, 11, 11, 0)","[(2, 4, 0, 3)]"
"(20, 20, 19, 11, 0)","[(2, 5, '?', 1)]"
"(20, 21, 4, 4, 0)","[(2, 6, 4, '?')]"
"(20, 21, 4, 11, 0)","[(2, 6, 6, 1), (2, 6, 6, 2), (2, 6, 6, 1)]"
"(20, 21, 10, 17, 0)","[(2, 6, 4, 2)]"
"(20, 21, 11, 2, 0)","[(2, 6, '?', 2)]"
"(20, 21, 12, 10, 0)","[(2, 6, 4, '?')]"
"(20, 21, 13, 11, 0)","[(2, 6, 7, 1), (2, 6, 7, 1), (2, 6, 7, 2), (2, 6, 2, 2), (2, 6, 2, 2)]"
"(20, 21, 13, 16, 0)","[(2, 6, 7, 1), (2, 6, 7, 1), (2, 6, 7, 2), (2, 6, 7, 2), (2, 6, 7, 2), (2, 6, 7, 2)]"
"(20, 21, 13, 25, 0)","[(2, 6, 7, '?'), (2, 6, 7, '?'), (2, 6, 7, '?')]"
"(20, 21, 17, 11, 0)","[(2, 6, 6, 1), (2, 6, 4, 1), (2, 6, 6, 1), (2, 6, 4, 2), (2, 6, 6, 2), (2, 6, 6, 2), (2, 6, 4, 2)]"
"(20, 21, 20, 11, 0)","[(2, 6, '?', 1)]"
"(20, 21, 21, 4, 0)","[(2, 6, 4, 1)]"
"(20, 21, 25, 2, 0)","[(2, 6, '?', 0), (2, 6, '?', '?')]"
"(20, 21, 25, 11, 0)","[(2, 6, '?', 2), (2, 6, '?', 1)]"
"(20, 21, 25, 16, 0)","[(2, 6, '?', 1)]"
"(20, 21, 25, 25, 0)","[(2, 6, '?', '?')]"
"(20, 24, 11, 2, 0)","[(2, 6, '?', 1), (2, 6, '?', 2), (2, 6, '?', 2)]"
"(20, 24, 11, 11, 0)","[(2, 6, 3, 1)]"
"(20, 24, 11, 25, 0)","[(2, 6, '?', 2), (2, 6, 5, 2), (2, 6, '?', 2)]"
"(20, 24, 16, 16, 0)","[(2, 6, 3, 1)]"
"(20, 24, 25, 2, 0)","[(2, 6, '?', 0), (2, 6, '?', '?')]"
"(20, 24, 25, 11, 0)","[(2, 6, '?', 2), (2, 6, '?', 1)]"
"(20, 24, 25, 21, 0)","[(2, 6, '?', '?')]"
"(20, 25, 1, 2, 0)","[(2, 6, '?', 1)]"
"(20, 25, 3, 2, 0)","[(2, 5, '?', '?'), (2, 5, '?', 0), (2, 5, '?', '?'), (2, 5, '?', '?')]"
"(20, 25, 3, 13, 0)","[(2, 5, '?', 5)]"
"(20, 25, 3, 16, 0)","[(2, 5, '?', 1), (2, 5, '?', 5)]"
"(20, 25, 3, 25, 0)","[(2, 5, '?', '?'), (2, 5, '?', '?'), (2, 5, '?', 5), (2, 5, '?', 0), (2, 5, '?', '?'), (2, 5, '?', '?')]"
"(20, 25, 4, 5, 0)","[(2, 0, '?', '?')]"
"(20, 25, 4, 14, 0)","[(2, 1, '?', '?')]"
"(20, 25, 4, 16, 0)","[(2, 4, '?', 5), (2, 4, '?', '?'), (2, 4, '?', '?')]"
"(20, 25, 5, 14, 0)","[(2, 1, '?', '?')]"
"(20, 25, 6, 4, 0)","[(2, 7, '?', 1), (2, 7, '?', 1)]"
"(20, 25, 8, 2, 0)","[(2, 5, '?', 2), (2, 5, '?', 1), (2, 5, '?', 1)]"
"(20, 25, 8, 11, 0)","[(2, 5, '?', 1), (2, 5, '?', 2)]"
"(20, 25, 8, 16, 0)","[(2, 5, '?', 2), (2, 5, '?', 1)]"
"(20, 25, 8, 25, 0)","[(2, 5, '?', 1), (2, 5, '?', 1), (2, 5, '?', 2), (2, 5, '?', 2), (2, 5, '?', 2)]"
"(20, 25, 9, 14, 0)","[(2, 1, '?', '?')]"
"(20, 25, 9, 25, 0)","[(2, '?', '?', '?')]"
"(20, 25, 11, 2, 0)","[(2, 4, '?', 1), (2, 4, '?', 1)]"
"(20, 25, 11, 4, 0)","[(2, 4, '?', 2)]"
"(20, 25, 11, 5, 0)","[(2, 1, '?', 2), (2, 0, '?', 2), (2, 1, '?', 1), (2, 1, '?', 2), (2, 0, '?', '?'), (2, 1, '?', 1), (2, 0, '?', 1), (2, 0, '?', 1), (2, 1, '?', 1), (2, 1, '?', 1)]"
"(20, 25, 11, 11, 0)","[(2, 5, '?', 2)]"
"(20, 25, 11, 12, 0)","[(2, 4, '?', 2), (2, 4, '?', 2)]"
"(20, 25, 11, 14, 0)","[(2, 1, '?', 1)]"
"(20, 25, 11, 16, 0)","[(2, 4, '?', 2), (2, 4, '?', 1), (2, 4, '?', 2), (2, 4, '?', 2)]"
"(20, 25, 11, 19, 0)","[(2, 3, '?', 1), (2, 3, '?', 1)]"
"(20, 25, 11, 22, 0)","[(2, 3, '?', 1)]"
"(20, 25, 11, 24, 0)","[(2, 1, 3, 2), (2, 1, '?', 2), (2, 0, '?', 2), (2, 1, '?', 1), (2, 1, '?', 2)]"
"(20, 25, 11, 25, 0)","[(2, 1, '?', 1)]"
"(20, 25, 13, 16, 0)","[(2, 4, '?', 4), (2, 4, 2, 2)]"
"(20, 25, 16, 14, 0)","[(2, 1, 3, '?')]"
"(20, 25, 16, 16, 0)","[(2, 4, '?', 1), (2, 4, '?', 1)]"
"(20, 25, 20, 16, 0)","[(2, 4, '?', '?')]"
"(20, 25, 21, 25, 0)","[(2, 6, '?', '?')]"
"(20, 25, 25, 2, 0)","[(2, '?', '?', '?'), (2, '?', '?', '?'), (2, '?', '?', '?'), (2, 4, '?', 0), (2, 4, '?', '?')]"
"(20, 25, 25, 3, 0)","[(2, 3, '?', '?'), (2, 3, '?', '?')]"
"(20, 25, 25, 4, 0)","[(2, 1, '?', '?')]"
"(20, 25, 25, 5, 0)","[(2, 0, '?', '?'), (2, 0, '?', '?'), (2, 0, '?', '?'), (2, 1, '?', '?')]"
"(20, 25, 25, 14, 0)","[(2, 1, '?', '?')]"
"(20, 25, 25, 15, 0)","[(2, '?', '?', '?'), (2, '?', '?', '?')]"
"(20, 25, 25, 16, 0)","[(2, 4, '?', '?')]"
"(20, 25, 25, 22, 0)","[(2, 3, '?', '?'), (2, 3, '?', '?'), (2, 3, '?', '?')]"
"(20, 25, 25, 23, 0)","[(2, 3, '?', '?')]"
"(20, 25, 25, 25, 0)","[(2, '?', '?', '?'), (2, 7, '?', '?'), (2, 0, '?', '?'), (2, 5, '?', '?')]"
"(20, 25, 25, 26, 0)","[(2, 6, '?', 0), (2, 2, '?', '?'), (2, 2, '?', '?')]"
"(20, 25, 26, 2, 0)","[(2, 7, '?', '?'), (2, 2, '?', '?'), (2, 7, '?', '?')]"
"(20, 25, 26, 4, 0)","[(2, 2, '?', '?')]"
"(20, 25, 26, 6, 0)","[(2, 7, '?', 1)]"
"(20, 25, 26, 11, 0)","[(2, 2, '?', '?')]"
"(20, 25, 26, 17, 0)","[(2, 2, '?', '?')]"
"(20, 25, 26, 25, 0)","[(2, 7, '?', '?'), (2, 7, '?', '?'), (2, 2, '?', '?')]"
"(20, 25, 26, 26, 0)","[(2, 7, '?', '?'), (2, 7, '?', '?'), (2, 7, '?', '?')]"
"(20, 26, 4, 11, 0)","[(2, 7, 4, 2)]"
"(20, 26, 11, 4, 0)","[(2, 7, '?', 1)]"
"(20, 26, 12, 26, 0)","[(2, 7, 4, 3)]"
"(20, 26, 13, 6, 0)","[(2, 2, 7, 2)]"
"(20, 26, 17, 11, 0)","[(2, 7, 4, 2), (2, 2, 4, 2)]"
"(20, 26, 17, 12, 0)","[(2, 7, 4, '?')]"
"(21, 2, 10, 10, 0)","[(6, 6, 4, 4)]"
"(21, 4, 2, 1, 0)","[(4, 6, 6, 2), (4, 6, 6, 1), (4, 6, 6, 2), (4, 6, 4, 2), (4, 6, 6, 2), (4, 6, 6, 2), (4, 6, 4, 2), (4, 6, 4, 2), (4, 6, 6, 2), (4, 6, 4, 1), (4, 6, 6, 2), (4, 6, 4, 1)]"
"(21, 4, 2, 16, 0)","[(4, 6, 6, 1)]"
"(21, 4, 2, 21, 0)","[(4, 6, 4, '?')]"
"(21, 4, 4, 2, 0)","[(3, 6, 4, '?'), (3, 6, 6, '?'), (3, 6, 4, 2)]"
"(21, 4, 4, 4, 0)","[('?', 6, 4, '?')]"
"(21, 4, 4, 11, 0)","[('?', 6, 6, 1), (5, 6, 4, 2), (5, 6, 4, 1), ('?', 6, 6, 2), ('?', 6, 4, 2)]"
"(21, 4, 4, 12, 0)","[('?', 6, 4, '?'), ('?', 6, 6, '?'), ('?', 6, 6, '?')]"
"(21, 4, 4, 16, 0)","[(3, 6, 4, 2), (3, 6, 4, 2), (3, 6, 4, 2)]"
"(21, 4, 7, 1, 0)","[(0, 6, 4, 1), (0, 6, 4, 2), (0, 6, 4, 1)]"
"(21, 4, 7, 10, 0)","[(0, 6, 4, 4), (0, 6, 4, '?')]"
"(21, 4, 7, 11, 0)","[(0, 6, 4, 2)]"
"(21, 4, 7, 16, 0)","[(0, 6, 4, 2), (0, 6, 4, 2)]"
"(21, 4, 7, 17, 0)","[(0, 6, 6, 6), (0, 6, 4, '?'), (0, 6, 4, 4), (0, 6, 4, '?'), (0, 6, 4, '?')]"
"(21, 4, 12, 4, 0)","[('?', 6, 4, '?')]"
"(21, 7, 17, 12, 0)","[(7, 6, 6, 3)]"
"(21, 9, 13, 9, 0)","[('?', 6, 5, '?')]"
"(21, 9, 18, 1, 0)","[(0, 6, 3, 5)]"
"(21, 9, 20, 13, 0)","[(2, 6, 5, '?'), (2, 6, 5, '?')]"
"(21, 10, 10, 12, 0)","[(5, 6, 6, '?')]"
"(21, 10, 10, 17, 0)","[(5, 6, 4, '?')]"
"(21, 10, 17, 10, 0)","[(5, 6, 4, '?')]"
"(21, 10, 17, 11, 0)","[(5, 6, 6, 1)]"
"(21, 11, 13, 11, 0)","[('?', 6, 5, 2)]"
"(21, 12, 2, 1, 0)","[(4, 6, 4, 2), (4, 6, 4, 1)]"
"(21, 12, 2, 17, 0)","[(4, 6, 6, '?'), (4, 6, 4, 3)]"
"(21, 12, 4, 1, 0)","[('?', 6, 4, 2), (5, 6, 4, 1)]"
"(21, 12, 4, 2, 0)","[(3, 6, 4, '?'), (3, 6, 4, 1)]"
"(21, 12, 4, 11, 0)","[('?', 6, 6, 2), ('?', 6, 6, 2), ('?', 6, 4, 2), (5, 6, 4, 1), ('?', 6, 4, 2), ('?', 6, 4, 2)]"
"(21, 12, 4, 12, 0)","[('?', 6, 4, '?')]"
"(21, 12, 4, 16, 0)","[(3, 6, 4, 2), (3, 6, 4, 1)]"
"(21, 12, 7, 1, 0)","[(0, 6, 6, '?')]"
"(21, 12, 7, 10, 0)","[(0, 6, 4, '?'), (0, 6, 6, '?'), (0, 6, 4, 2), (0, 6, 6, '?'), (0, 6, 4, 3), (0, 6, 6, 3), (0, 6, 4, '?'), (0, 6, 4, 2), (0, 6, 4, 3), (0, 6, 4, 4), (0, 6, 6, '?')]"
"(21, 12, 7, 11, 0)","[(0, 6, 4, 1)]"
"(21, 12, 7, 17, 0)","[(0, 6, 6, '?'), (0, 6, 4, 2), (0, 6, 6, 4)]"
"(21, 12, 12, 1, 0)","[('?', 6, 4, 2)]"
"(21, 12, 12, 11, 0)","[('?', 6, 6, 2)]"
"(21, 12, 12, 12, 0)","[('?', 6, 6, '?'), ('?', 6, 4, 3), ('?', 6, 4, '?')]"
"(21, 12, 18, 10, 0)","[(0, 6, 4, 1)]"
"(21, 12, 27, 25, 0)","[(0, 6, 7, 6), (0, 6, 7, 6)]"
"(21, 12, 27, 27, 0)","[(0, 6, 7, 4)]"
"(21, 13, 2, 1, 0)","[(4, 6, 7, 1), (4, 6, 7, 2)]"
"(21, 13, 2, 13, 0)","[(4, 6, 7, 6), (4, 6, 2, '?'), (4, 6, 2, '?'), (4, 6, 7, '?'), (4, 6, 7, '?'), (4, 6, 2, '?'), (4, 6, 7, '?')]"
"(21, 13, 2, 21, 0)","[(4, 6, 2, '?'), (4, 6, 2, '?')]"
"(21, 13, 2, 25, 0)","[(4, 6, 7, 3), (4, 6, 2, '?'), (4, 6, 7, '?')]"
"(21, 13, 7, 16, 0)","[(0, 6, 7, 1), (0, 6, 7, 1), (0, 6, 7, 2)]"
"(21, 13, 7, 25, 0)","[(0, 6, 7, 0), (0, 6, 7, 4), (0, 6, 7, 6), (0, 6, 2, 6), (0, 6, 2, 6)]"
"(21, 13, 7, 27, 0)","[(0, 6, 7, 0)]"
"(21, 13, 10, 6, 0)","[(5, 6, 7, 2)]"
"(21, 13, 10, 9, 0)","[(1, 6, 2, '?')]"
"(21, 13, 13, 9, 0)","[('?', 6, 7, '?')]"
"(21, 13, 13, 11, 0)","[('?', 6, 2, 2), ('?', 6, 2, 2), ('?', 6, 2, 1), ('?', 6, 7, 1)]"
"(21, 13, 13, 16, 0)","[(3, 6, 7, '?')]"
"(21, 13, 15, 25, 0)","[(4, 6, 7, 6)]"
"(21, 13, 17, 1, 0)","[(1, 6, 7, 1), (5, 6, 7, 1)]"
"(21, 13, 17, 11, 0)","[(5, 6, 7, 2), (5, 6, 2, 2), (5, 6, 2, 2)]"
"(21, 13, 17, 13, 0)","[(1, 6, 2, '?'), (5, 6, 2, '?')]"
"(21, 13, 20, 11, 0)","[(2, 6, 2, 2), (2, 6, 2, 2)]"
"(21, 13, 25, 2, 0)","[(3, 6, 7, '?')]"
"(21, 13, 25, 6, 0)","[('?', 6, 2, 2), ('?', 6, 7, 2)]"
"(21, 13, 27, 9, 0)","[(0, 6, 2, '?')]"
"(21, 13, 27, 11, 0)","[(0, 6, 2, 2), (0, 6, 2, '?')]"
"(21, 13, 27, 16, 0)","[(0, 6, 2, '?')]"
"(21, 13, 27, 24, 0)","[(0, 6, 7, 6), (0, 6, 7, 6)]"
"(21, 13, 27, 25, 0)","[(0, 6, 2, '?')]"
"(21, 17, 17, 1, 0)","[(1, 6, 4, 2), (5, 6, 4, 1), (1, 6, 4, 2)]"
"(21, 17, 17, 4, 0)","[(5, 6, 6, '?')]"
"(21, 17, 17, 12, 0)","[(5, 6, 4, '?')]"
"(21, 17, 17, 17, 0)","[(5, 6, 4, 4), (5, 6, 4, '?')]"
"(21, 20, 10, 10, 0)","[(2, 6, 4, 3)]"
"(21, 20, 10, 17, 0)","[(2, 6, 4, 2)]"
"(21, 20, 13, 11, 0)","[(2, 6, 7, 2)]"
"(21, 20, 13, 25, 0)","[(2, 6, 7, '?'), (2, 6, 2, 4)]"
"(21, 20, 17, 2, 0)","[(2, 6, 4, 2), (2, 6, 4, 2), (2, 6, 6, 2), (2, 6, 4, 2)]"
"(21, 20, 17, 4, 0)","[(2, 6, 4, '?')]"
"(21, 20, 17, 11, 0)","[(2, 6, 4, 1), (2, 6, 4, 2), (2, 6, 6, 2), (2, 6, 4, 2)]"
"(21, 20, 17, 12, 0)","[(2, 6, 4, '?'), (2, 6, 6, 4), (2, 6, 4, 3), (2, 6, 4, '?')]"
"(21, 20, 17, 16, 0)","[(2, 6, 6, 2), (2, 6, 6, 2), (2, 6, 6, 2), (2, 6, 4, 1)]"
"(21, 20, 17, 17, 0)","[(2, 6, 4, '?'), (2, 6, 4, '?')]"
"(21, 20, 17, 21, 0)","[(2, 6, 4, '?')]"
"(21, 21, 4, 7, 0)","[(0, 6, 4, '?'), (0, 6, 4, '?')]"
"(21, 21, 7, 10, 0)","[(0, 6, 4, 3), (0, 6, 4, 7)]"
"(21, 21, 7, 17, 0)","[(0, 6, 4, 3)]"
"(21, 21, 12, 7, 0)","[(0, 6, 4, 3)]"
"(21, 21, 13, 4, 0)","[(3, 6, 7, 6)]"
"(21, 21, 27, 25, 0)","[(0, 6, 7, 0), (0, 6, 7, '?'), (0, 6, 7, 0), (0, 6, 7, 3)]"
"(21, 25, 4, 2, 0)","[(3, 6, '?', '?')]"
"(21, 25, 4, 16, 0)","[(3, 6, '?', 2)]"
"(21, 25, 6, 2, 0)","[(3, 6, '?', 2)]"
"(21, 25, 7, 13, 0)","[(0, 6, 7, 0)]"
"(21, 25, 7, 18, 0)","[(0, 6, '?', 0)]"
"(21, 25, 7, 25, 0)","[(0, 6, '?', '?')]"
"(21, 25, 11, 2, 0)","[(3, 6, '?', 2), (3, 6, '?', 1), (3, 6, '?', 2)]"
"(21, 25, 16, 16, 0)","[(4, 6, '?', 2)]"
"(21, 25, 18, 18, 0)","[(0, 6, '?', 2)]"
"(21, 25, 18, 20, 0)","[(0, 6, '?', 2)]"
"(22, 9, 8, 25, 0)","[(6, 5, 0, 3)]"
"(23, 11, 8, 25, 0)","[(6, 5, 0, 3)]"
"(24, 9, 1, 25, 0)","[('?', 6, 0, 5)]"
"(24, 9, 2, 11, 0)","[(6, 6, 3, 3)]"
"(24, 9, 2, 21, 0)","[(4, 6, 1, 4)]"
"(24, 9, 6, 2, 0)","[(3, 6, 3, '?')]"
"(24, 9, 10, 11, 0)","[(5, 6, 3, 4)]"
"(24, 9, 11, 2, 0)","[(3, 6, 3, '?'), (3, 6, 3, '?')]"
"(24, 9, 11, 10, 0)","[(1, 6, 3, 5)]"
"(24, 9, 11, 12, 0)","[('?', 6, 3, 5)]"
"(24, 9, 11, 25, 0)","[(3, 6, 0, 5), ('?', 6, 3, 3), ('?', 6, 0, 5)]"
"(24, 9, 13, 24, 0)","[(4, 6, 5, 5)]"
"(24, 9, 15, 1, 0)","[(4, 6, 3, 5), (4, 6, 3, 5), (4, 6, 0, 0), (4, 6, 3, 5), (4, 6, 3, 0), (4, 6, 0, 0)]"
"(24, 9, 15, 6, 0)","[(4, 6, 3, 5)]"
"(24, 9, 15, 11, 0)","[(4, 6, 3, 5), (4, 6, 3, 4), ('?', 6, 3, 0), (4, 6, 0, '?'), (4, 6, 3, '?'), (4, 6, 3, '?')]"
"(24, 9, 15, 13, 0)","[(4, 6, 5, 4)]"
"(24, 9, 16, 11, 0)","[(4, 6, 3, '?'), (4, 6, 3, '?'), (4, 6, 0, '?'), (4, 6, 0, '?'), (6, 6, 3, '?')]"
"(24, 9, 16, 15, 0)","[(4, 6, 0, 4), (4, 6, 0, 0), (4, 6, 3, '?')]"
"(24, 9, 18, 18, 0)","[(0, 6, 3, 0)]"
"(24, 9, 18, 20, 0)","[(0, 6, 3, 5)]"
"(24, 9, 18, 24, 0)","[(0, 6, 0, 0), (0, 6, 3, 4), (0, 6, 3, 3), (0, 6, 0, 4), (0, 6, 3, 5), (0, 6, 3, 4), (0, 6, 3, 4), (0, 6, 3, 4), (0, 6, 0, 4)]"
"(24, 9, 20, 11, 0)","[(2, 6, 3, 4), (2, 6, 3, 4)]"
"(24, 9, 25, 11, 0)","[('?', 6, 0, 3)]"
"(24, 10, 10, 12, 0)","[(1, 6, 6, 3)]"
"(24, 11, 1, 2, 0)","[(3, 6, 3, 2)]"
"(24, 11, 1, 20, 0)","[(2, 6, 3, 2)]"
"(24, 11, 2, 13, 0)","[(4, 6, 5, 2), (4, 6, 5, 2)]"
"(24, 11, 11, 2, 0)","[(3, 6, 3, 2)]"
"(24, 11, 11, 12, 0)","[('?', 6, 0, 2)]"
"(24, 11, 11, 25, 0)","[(2, 6, 3, 1)]"
"(24, 11, 15, 11, 0)","[(4, 6, 3, 0), (4, 6, 3, 0), (4, 6, 0, 2)]"
"(24, 11, 15, 13, 0)","[(4, 6, 5, 2)]"
"(24, 11, 16, 6, 0)","[(4, 6, 0, 2)]"
"(24, 11, 16, 11, 0)","[(4, 6, 3, 2), (4, 6, 3, 2), (4, 6, 3, 2), (4, 6, 0, 2)]"
"(24, 11, 16, 15, 0)","[(4, 6, 0, 2)]"
"(24, 12, 2, 1, 0)","[(4, 6, 4, 1)]"
"(24, 12, 2, 10, 0)","[(4, 6, 4, 4), (4, 6, 6, 4), (4, 6, 4, 3), (4, 6, 4, 3), (4, 6, 4, '?')]"
"(24, 12, 7, 10, 0)","[(0, 6, 6, 4)]"
"(24, 12, 15, 11, 0)","[(4, 6, 6, 2)]"
"(24, 13, 2, 24, 0)","[(4, 6, 2, 4)]"
"(24, 13, 2, 25, 0)","[(4, 6, 7, '?'), (4, 6, 2, 3), (4, 6, 2, 6), (4, 6, 7, 3), (4, 6, 2, '?')]"
"(24, 13, 7, 25, 0)","[(0, 6, 2, 4)]"
"(24, 13, 15, 25, 0)","[(4, 6, 7, '?'), (4, 6, 7, 6), (4, 6, 7, 6), (4, 6, 7, '?')]"
"(24, 13, 25, 2, 0)","[(3, 6, 2, '?')]"
"(24, 13, 27, 25, 0)","[(0, 6, 7, 4), (0, 6, 2, 4)]"
"(24, 15, 2, 25, 0)","[(4, 6, '?', 3), (4, 6, '?', 4)]"
"(24, 15, 10, 17, 0)","[(4, 6, 4, '?')]"
"(24, 15, 11, 25, 0)","[(4, 6, 0, 4)]"
"(24, 15, 15, 26, 0)","[(4, 6, '?', 4), (4, 6, '?', 3)]"
"(24, 15, 16, 6, 0)","[(4, 6, 3, 4)]"
"(24, 15, 16, 11, 0)","[(4, 6, 3, 3)]"
"(24, 15, 17, 2, 0)","[(4, 6, 6, '?')]"
"(24, 16, 11, 12, 0)","[(6, 6, 3, 1)]"
"(24, 16, 11, 15, 0)","[(6, 6, 3, '?')]"
"(24, 16, 11, 25, 0)","[(6, 6, 0, 3), (6, 6, 3, 3), (6, 6, 3, 4)]"
"(24, 16, 13, 25, 0)","[(6, 6, 5, 4)]"
"(24, 16, 16, 16, 0)","[(4, 6, 3, 2)]"
"(24, 25, 2, 11, 0)","[(4, 6, '?', 2)]"
"(24, 25, 2, 25, 0)","[(4, 6, '?', 3), (4, 6, 2, 4)]"
"(24, 25, 7, 7, 0)","[(0, 6, '?', 3)]"
"(24, 25, 7, 25, 0)","[(0, 6, '?', 3)]"
"(24, 25, 15, 2, 0)","[(4, 6, 7, '?')]"
"(24, 25, 16, 4, 0)","[(4, 6, '?', 2), (4, 6, '?', 1)]"
"(24, 25, 16, 11, 0)","[(4, 6, '?', 2)]"
"(24, 25, 25, 2, 0)","[(3, 6, '?', '?'), (3, 6, '?', '?'), (3, 6, '?', '?')]"
"(24, 25, 25, 4, 0)","[('?', 6, '?', 3)]"
"(24, 25, 25, 21, 0)","[('?', 6, '?', 5)]"
"(24, 25, 25, 25, 0)","[(2, 6, '?', '?')]"
"(25, 1, 10, 9, 0)","[(5, 6, 1, 4), (5, 6, 1, 3)]"
"(25, 1, 11, 2, 0)","[(3, 6, 0, 3), (3, 6, 0, 3), (3, 6, 0, 3)]"
"(25, 1, 17, 11, 0)","[(5, 6, 0, 3)]"
"(25, 2, 3, 13, 0)","[(6, 5, 7, 4), (6, 5, 2, 4), (6, 5, 7, 3), (6, 5, 7, 4), (6, 5, 2, 4), (6, 5, 2, 4), (6, 5, 2, 4), (6, 5, 2, 3)]"
"(25, 2, 3, 16, 0)","[(6, 5, 5, 4)]"
"(25, 2, 6, 25, 0)","[(6, 2, '?', 3)]"
"(25, 2, 9, 24, 0)","[(6, 1, 1, 4)]"
"(25, 2, 10, 5, 0)","[(6, 1, 4, 4), (6, 1, 4, 4), (6, 0, 6, 4), (6, 0, 6, 3), (6, 0, 4, 3), (6, 0, 4, 3), (6, 0, 6, 4)]"
"(25, 2, 10, 10, 0)","[(6, 3, 6, 4), (6, 3, 4, 3), (6, 5, 6, 4), (6, 3, 4, 3), (6, 5, 4, 4), (6, '?', 4, 4), (6, 3, 4, 4), (6, 5, 4, 3), (6, 5, 6, 3), (6, 7, 6, 3), (6, 3, 6, 3), (6, 3, 6, 3), (6, 7, 6, 3), (6, 3, 4, 3), (6, 5, 4, 4), (6, 3, 4, 3), (6, '?', 4, 4), (6, '?', 6, 3), (6, '?', 6, 3), (6, '?', 6, 4), (6, '?', 6, 4), (6, 7, 6, 3), (6, 4, 6, 3), (6, '?', 6, 4), (6, '?', 6, 4), (6, '?', 4, 4), (6, 3, 6, 4), (6, 2, 6, 3), (6, '?', 6, 4), (6, 5, 4, 4), (6, 0, 6, 4), (6, 3, 6, 3)]"
"(25, 2, 10, 12, 0)","[(6, 7, 6, 3), (6, '?', 4, 4)]"
"(25, 2, 10, 21, 0)","[(6, 6, 6, 4)]"
"(25, 2, 10, 24, 0)","[(6, 0, 6, 4)]"
"(25, 2, 10, 26, 0)","[(6, 2, 4, 4), (6, 2, 6, 3)]"
"(25, 2, 13, 3, 0)","[(6, 3, 2, 3)]"
"(25, 2, 13, 13, 0)","[(6, 5, 2, 3), (6, 4, 2, 3), (6, 4, 2, 3)]"
"(25, 2, 13, 19, 0)","[(6, 3, 2, 3)]"
"(25, 2, 13, 24, 0)","[(6, 1, 7, 4), (6, 0, 7, 4), (6, 1, 2, 3), (6, 1, 7, 4), (6, 1, 7, 3)]"
"(25, 2, 13, 25, 0)","[(6, 5, 7, 4), (6, 7, 7, 4), (6, 5, 2, 3), (6, 7, 2, 3), (6, 4, 7, 4), (6, '?', 2, 3), (6, 0, 2, 4), (6, 0, 2, 4), (6, 4, 2, 4), (6, 0, 2, 4), (6, '?', 7, 4), (6, 0, 2, 3), (6, 0, 2, 3), (6, 4, 2, 4), (6, '?', 7, 4), (6, 5, 7, 3), (6, 1, 2, 4), (6, 0, 2, 3), (6, 5, 7, 3), (6, 1, 2, 4), (6, 3, 7, 4), (6, 2, 7, 4), (6, 3, 2, 3), (6, 2, 7, 4), (6, 2, 7, 4), (6, '?', 7, 4), (6, '?', 7, 4), (6, 7, 2, 3), (6, 2, 7, 3), (6, 2, 7, 4), (6, 7, 2, 3), (6, 7, 2, 3), (6, 3, 7, 4), (6, 2, 7, 4), (6, 0, 7, 4), (6, 2, 7, 4), (6, 2, 7, 3)]"
"(25, 2, 13, 26, 0)","[(6, 7, 7, 4), (6, 2, 2, 3), (6, 7, 2, 4), (6, 7, 7, 4), (6, 2, 2, 3)]"
"(25, 2, 16, 16, 0)","[(6, 4, '?', 3)]"
"(25, 2, 17, 4, 0)","[(6, 5, 6, 3)]"
"(25, 2, 17, 5, 0)","[(6, 1, 6, 3)]"
"(25, 2, 17, 26, 0)","[(6, 2, 4, 3)]"
"(25, 2, 21, 13, 0)","[(6, 6, 7, 3)]"
"(25, 2, 21, 17, 0)","[(6, 6, 6, 4)]"
"(25, 2, 24, 10, 0)","[(6, 6, 4, 4), (6, 6, 6, 4)]"
"(25, 2, 24, 24, 0)","[(6, 6, '?', 3)]"
"(25, 2, 24, 25, 0)","[(6, 6, '?', 3), (6, 6, '?', 3), (6, 6, '?', 4), (6, 6, '?', 3), (6, 6, '?', 3), (6, 6, '?', 4), (6, 6, '?', 3), (6, 6, '?', 4), (6, 6, '?', 4), (6, 6, '?', 3), (6, 6, '?', 3), (6, 6, '?', 4), (6, 6, '?', 4), (6, 6, '?', 4), (6, 6, '?', 4), (6, 6, '?', 4)]"
"(25, 2, 25, 2, 0)","[(6, 4, '?', 4)]"
"(25, 2, 25, 3, 0)","[(6, 3, '?', 4)]"
"(25, 2, 25, 5, 0)","[(6, 1, '?', 3), (6, 1, '?', 3), (6, 0, '?', 4), (6, 1, '?', 4), (6, 1, '?', 4), (6, 1, '?', 3), (6, 1, '?', 3)]"
"(25, 2, 25, 9, 0)","[(6, 4, '?', 4), (6, 4, '?', 4)]"
"(25, 2, 25, 12, 0)","[(6, '?', 1, 4)]"
"(25, 2, 25, 16, 0)","[(6, 4, '?', 3), (6, 4, '?', 3), (6, 4, '?', 3)]"
"(25, 2, 25, 19, 0)","[(6, 3, '?', 3)]"
"(25, 2, 25, 21, 0)","[(6, 6, '?', 3)]"
"(25, 2, 25, 24, 0)","[(6, 0, '?', 4), (6, 1, '?', 4), (6, 1, '?', 4), (6, 1, '?', 4), (6, 1, '?', 3)]"
"(25, 2, 25, 25, 0)","[(6, 1, '?', 4), (6, '?', '?', 3), (6, '?', '?', 3), (6, 0, '?', 4), (6, '?', '?', 3), (6, 3, '?', 3), (6, 1, '?', 4), (6, 0, '?', 4), (6, '?', '?', 3), (6, '?', '?', 4), (6, '?', '?', 3), (6, '?', '?', 4), (6, 3, '?', 4), (6, '?', '?', 4), (6, '?', '?', 4), (6, 3, '?', 3), (6, '?', '?', 3), (6, 0, '?', 4), (6, 3, '?', 4), (6, '?', '?', 4), (6, 3, '?', 4), (6, 3, '?', 4), (6, 5, 5, 4), (6, 4, '?', 4), (6, 3, '?', 3), (6, '?', '?', 3), (6, '?', '?', 4), (6, '?', '?', 4), (6, 4, '?', 4), (6, 4, '?', 4), (6, 3, '?', 4)]"
"(25, 2, 25, 26, 0)","[(6, 2, '?', 3), (6, 2, '?', 3), (6, 2, '?', 3), (6, 7, '?', 3), (6, 2, '?', 4), (6, 7, '?', 3), (6, 2, '?', 4), (6, 7, '?', 3), (6, 2, '?', 4), (6, 7, '?', 3), (6, 2, '?', 4), (6, 7, '?', 3), (6, 2, '?', 4)]"
"(25, 2, 26, 9, 0)","[(6, 7, '?', 3)]"
"(25, 2, 26, 10, 0)","[(6, 7, 4, 4), (6, 7, 4, 4)]"
"(25, 2, 26, 17, 0)","[(6, 2, 4, 3)]"
"(25, 2, 26, 25, 0)","[(6, 2, '?', 4), (6, 2, '?', 4), (6, 7, '?', 3)]"
"(25, 3, 3, 2, 0)","[(3, 5, '?', 4)]"
"(25, 3, 7, 25, 0)","[(0, 5, '?', 4)]"
"(25, 3, 10, 17, 0)","[(5, 5, '?', 4)]"
"(25, 3, 25, 22, 0)","[(3, 5, '?', 4)]"
"(25, 6, 2, 26, 0)","[(4, 2, 5, 3)]"
"(25, 6, 6, 2, 0)","[(3, 2, 3, 4), (3, 7, 0, 4), (3, 2, 3, 4)]"
"(25, 6, 12, 9, 0)","[(0, 7, 1, 3)]"
"(25, 6, 13, 2, 0)","[(3, 7, 5, 4)]"
"(25, 6, 13, 9, 0)","[(0, 2, 5, 3)]"
"(25, 6, 13, 25, 0)","[(0, 2, 5, 3)]"
"(25, 7, 3, 25, 0)","[(7, 5, 5, 4), (7, 5, 5, 4)]"
"(25, 7, 25, 16, 0)","[(7, 5, 5, 3)]"
"(25, 8, 8, 15, 0)","[(3, 5, 0, 4)]"
"(25, 8, 11, 15, 0)","[(3, 5, 0, 4)]"
"(25, 8, 11, 22, 0)","[(3, 5, 3, 3), (3, 5, 3, 4), (3, 5, 0, 4), (3, 5, 3, 3), (3, 5, 0, 4), (3, 5, 3, 4)]"
"(25, 9, 1, 10, 0)","[(1, 6, 3, 3), (1, 6, 3, 3), (1, 6, 3, 3)]"
"(25, 9, 1, 18, 0)","[(0, 6, 0, 4)]"
"(25, 9, 1, 24, 0)","[('?', 6, 0, 4)]"
"(25, 9, 2, 9, 0)","[(4, 4, 1, 3), (4, 0, 1, 3), (6, 0, 1, 4)]"
"(25, 9, 2, 12, 0)","[(4, 5, 1, 4)]"
"(25, 9, 3, 2, 0)","[(3, 5, '?', 4)]"
"(25, 9, 3, 4, 0)","[(3, 5, 1, 3), ('?', 5, 1, 3)]"
"(25, 9, 3, 7, 0)","[(0, 5, 1, 4)]"
"(25, 9, 3, 12, 0)","[(7, 5, 1, 3), (7, 5, 1, 3), (2, 5, 1, 4), ('?', 5, 1, 4), (2, 5, 1, 4), (3, 5, 1, 3), ('?', 5, 1, 4), (2, 5, 1, 3), (2, 5, 1, 3), (6, 5, 1, 4), (2, 5, 1, 4)]"
"(25, 9, 3, 13, 0)","[(6, 5, 5, 3), (6, 5, 5, 4), (6, 5, 5, 4), (6, 5, 5, 4)]"
"(25, 9, 3, 23, 0)","[(3, 5, 5, 3)]"
"(25, 9, 3, 25, 0)","[('?', 5, 5, 4)]"
"(25, 9, 3, 27, 0)","[(0, 5, 5, 3), (0, 5, 5, 3), (0, 5, 5, 3), (0, 5, 5, 3)]"
"(25, 9, 4, 12, 0)","[(0, 4, 1, 3)]"
"(25, 9, 6, 2, 0)","[(3, 7, 3, 3), (3, 2, 3, 4)]"
"(25, 9, 6, 25, 0)","[('?', 7, 3, 4), (0, 2, 3, 4), (2, 2, 3, 3), ('?', 7, 3, 4)]"
"(25, 9, 7, 20, 0)","[(0, '?', 1, 3)]"
"(25, 9, 8, 11, 0)","[('?', 5, 0, 3)]"
"(25, 9, 8, 12, 0)","[(0, 5, 0, 4)]"
"(25, 9, 8, 15, 0)","[(3, 5, 3, 4)]"
"(25, 9, 8, 18, 0)","[(0, 5, 0, 4)]"
"(25, 9, 8, 20, 0)","[(0, 5, 3, 3), (2, 5, 0, 3), (6, 5, 0, 4), (2, 5, 0, 3), (0, 5, 0, 4), (0, 5, 0, 4), (0, 5, 0, 4)]"
"(25, 9, 8, 25, 0)","[('?', 5, 3, 3), ('?', 5, 3, 3), ('?', 5, 0, 4), ('?', 5, 0, 3), ('?', 5, 3, 4), ('?', 5, 0, 4), ('?', 5, 0, 3), ('?', 5, 0, 4)]"
"(25, 9, 10, 1, 0)","[(1, 1, 3, 4), (1, 0, 3, 4), (1, 0, 0, 4), (1, 0, 0, 4), (1, 1, 3, 4)]"
"(25, 9, 10, 8, 0)","[(1, 3, 3, 4), (1, 3, 0, 4), (1, 3, 0, 4)]"
"(25, 9, 10, 9, 0)","[(1, 5, 1, 4), (5, 0, 1, 4)]"
"(25, 9, 10, 10, 0)","[(1, 5, 1, 3), (1, 5, 0, 4)]"
"(25, 9, 10, 11, 0)","[(5, 3, 0, 4), (1, 5, 3, 4), (1, 5, 3, 3), (1, 4, 0, 4), (1, 5, 0, 4), (5, 4, 0, 4), (1, 5, 0, 4), (5, 3, 0, 3), (5, 5, 0, 4), (1, 4, 0, 4), (1, 5, 3, 3), (5, 5, 0, 3), (1, 5, 0, 4), (1, 5, 0, 3), (1, 5, 0, 4), (1, '?', 3, 3)]"
"(25, 9, 10, 13, 0)","[(1, '?', 5, 3), (1, '?', 5, 3), (5, '?', 5, 4)]"
"(25, 9, 10, 22, 0)","[(1, 3, 5, 3)]"
"(25, 9, 10, 25, 0)","[(1, 6, 5, 3)]"
"(25, 9, 11, 3, 0)","[('?', 3, 0, 4)]"
"(25, 9, 11, 10, 0)","[(5, 5, 0, 4), (1, 5, 3, 4), (5, 5, 3, 3), (5, 5, 0, 3), (5, 5, 0, 4), (1, 5, 3, 4), (1, 5, 0, 4)]"
"(25, 9, 11, 12, 0)","[('?', '?', 3, 3)]"
"(25, 9, 11, 14, 0)","[(3, 1, 0, 3)]"
"(25, 9, 11, 24, 0)","[('?', 1, 0, 3), (3, 0, 0, 4)]"
"(25, 9, 11, 25, 0)","[('?', '?', 3, 4), ('?', '?', 0, 4), ('?', 5, 0, 3), ('?', '?', 3, 4), ('?', '?', 0, 3), ('?', 5, 0, 4), (0, 5, 3, 3), ('?', 5, 3, 3), ('?', '?', 0, 4)]"
"(25, 9, 12, 9, 0)","[(2, 1, 1, 4), (0, 4, 1, 3), ('?', 0, 1, 3), (0, '?', 1, 3), ('?', 5, 1, 4)]"
"(25, 9, 12, 12, 0)","[(6, 0, 1, 4), ('?', 0, 1, 3), (6, 0, 1, 4)]"
"(25, 9, 13, 2, 0)","[(3, '?', 5, 4), (3, 0, 5, 3), (3, 2, 5, 4)]"
"(25, 9, 13, 3, 0)","[(0, 3, 5, 3)]"
"(25, 9, 13, 12, 0)","[(0, '?', 5, 3)]"
"(25, 9, 13, 25, 0)","[('?', '?', 5, 3), (0, '?', 5, 3), ('?', '?', 5, 3)]"
"(25, 9, 15, 1, 0)","[(4, 0, 0, 4), (4, 1, 0, 4), (4, 1, 3, 4)]"
"(25, 9, 15, 2, 0)","[(4, 5, 5, 4)]"
"(25, 9, 15, 4, 0)","[(4, 5, 1, 4), (4, 4, 1, 3)]"
"(25, 9, 15, 6, 0)","[(4, 7, 0, 4), (4, 7, 3, 3)]"
"(25, 9, 15, 9, 0)","[(4, 4, 1, 3), (4, '?', 1, 3), (4, 0, 1, 4), (4, 5, 1, 4)]"
"(25, 9, 15, 11, 0)","[(4, 4, 3, 4), (4, '?', 0, 4), (4, 3, 0, 3), (4, '?', 0, 3), (4, '?', 0, 4), (4, 3, 0, 3), (4, 3, 3, 4)]"
"(25, 9, 15, 12, 0)","[(4, 5, 1, 4)]"
"(25, 9, 15, 13, 0)","[(4, 3, 5, 4), (4, '?', 5, 4), (4, 5, 5, 3), (4, 3, 5, 4), (4, 0, 5, 4), (4, '?', 5, 3), (4, 3, 5, 3), (4, '?', 5, 3), (4, '?', 5, 4), (4, 5, 5, 4), (4, '?', 5, 3), (4, 5, 5, 4)]"
"(25, 9, 15, 14, 0)","[(4, 1, 5, 4)]"
"(25, 9, 15, 26, 0)","[(4, 2, 5, 3)]"
"(25, 9, 16, 11, 0)","[(4, 5, 0, 3)]"
"(25, 9, 18, 11, 0)","[(0, 4, 0, 3), (0, 4, 0, 4)]"
"(25, 9, 18, 15, 0)","[(0, 7, 0, 4), (0, 7, 3, 4), (0, 4, 0, 4), (0, '?', 3, 3)]"
"(25, 9, 18, 20, 0)","[(0, 7, 0, 3)]"
"(25, 9, 18, 22, 0)","[(0, 3, 0, 3), (0, 3, 0, 4)]"
"(25, 9, 18, 24, 0)","[(0, 1, 0, 3), (0, 6, 0, 3), (0, 6, 0, 3)]"
"(25, 9, 18, 26, 0)","[(0, 7, 3, 3)]"
"(25, 9, 21, 10, 0)","[(5, 6, 1, 3)]"
"(25, 9, 21, 12, 0)","[('?', 6, 1, 3)]"
"(25, 9, 24, 10, 0)","[(1, 6, 5, 4)]"
"(25, 9, 24, 27, 0)","[(0, 6, 5, 4)]"
"(25, 9, 25, 2, 0)","[(3, '?', 5, 3)]"
"(25, 9, 25, 3, 0)","[(0, 3, 5, 4)]"
"(25, 9, 25, 12, 0)","[(6, 3, 1, 4)]"
"(25, 9, 25, 14, 0)","[(3, 1, 5, 4)]"
"(25, 9, 25, 22, 0)","[(3, 3, 5, 4)]"
"(25, 9, 26, 2, 0)","[(3, 2, 5, 4), (3, 2, 5, 4)]"
"(25, 9, 26, 4, 0)","[('?', 2, 1, 4)]"
"(25, 9, 26, 13, 0)","[(0, 2, 5, 3)]"
"(25, 9, 26, 25, 0)","[(5, 7, 5, 4)]"
"(25, 9, 27, 24, 0)","[(0, 6, 5, 3), (0, 6, 5, 3)]"
"(25, 9, 27, 25, 0)","[(0, '?', 5, 4), (0, '?', 5, 4), (0, 3, 5, 4), (0, '?', 5, 4), (0, '?', 5, 4)]"
"(25, 9, 27, 26, 0)","[(0, 7, 5, 3), (0, 7, 5, 4), (0, 7, 5, 4), (0, 7, 5, 4)]"
"(25, 10, 3, 13, 0)","[(1, 5, 7, 4)]"
"(25, 10, 10, 3, 0)","[(5, 3, 4, 4), (1, 3, 4, 4)]"
"(25, 10, 10, 5, 0)","[(5, 1, 4, 4), (1, 1, 4, 4), (1, 0, 6, 4)]"
"(25, 10, 10, 10, 0)","[(1, 0, 4, 4), (1, 0, 4, 4), (1, 5, 4, 3), (5, 5, 4, 4), (5, '?', 6, 3), (1, '?', 6, 3), (1, 0, 4, 4)]"
"(25, 10, 10, 12, 0)","[(5, '?', 4, 4)]"
"(25, 10, 10, 13, 0)","[(5, '?', 2, 3), (1, '?', 7, 3)]"
"(25, 10, 10, 17, 0)","[(1, 5, 6, 3), (5, 5, 6, 3)]"
"(25, 10, 10, 21, 0)","[(1, 6, 6, 4)]"
"(25, 10, 13, 3, 0)","[(1, 3, 7, 3), (1, 3, 7, 3), (1, 3, 7, 3), (1, 3, 7, 3)]"
"(25, 10, 13, 10, 0)","[(1, '?', 7, 3), (5, 3, 2, 3), (5, 0, 7, 4), (5, 0, 2, 4), (5, 0, 2, 4), (1, '?', 7, 4)]"
"(25, 10, 17, 10, 0)","[(5, 5, 6, 3)]"
"(25, 10, 17, 12, 0)","[(1, 5, 6, 4)]"
"(25, 10, 17, 17, 0)","[(1, 5, 6, 4), (1, 5, 6, 4)]"
"(25, 10, 21, 10, 0)","[(1, 6, 6, 4)]"
"(25, 10, 25, 3, 0)","[(5, 3, 4, 4)]"
"(25, 11, 6, 2, 0)","[(3, 2, 3, 4)]"
"(25, 11, 8, 15, 0)","[(3, 5, 0, 4)]"
"(25, 11, 10, 1, 0)","[(1, 0, 3, 3), (5, 0, 0, 4)]"
"(25, 11, 10, 9, 0)","[(1, 5, 1, 3)]"
"(25, 11, 10, 10, 0)","[(1, '?', 1, 3), (1, 1, 1, 4)]"
"(25, 11, 10, 11, 0)","[(5, '?', 0, 4), (1, '?', 0, 3)]"
"(25, 11, 11, 2, 0)","[(3, '?', 0, 4)]"
"(25, 11, 11, 15, 0)","[(3, 0, 0, 3)]"
"(25, 11, 11, 24, 0)","[(3, 0, 0, 3)]"
"(25, 11, 12, 9, 0)","[('?', '?', 1, 3)]"
"(25, 11, 15, 12, 0)","[(4, '?', 1, 4)]"
"(25, 11, 18, 6, 0)","[(0, 2, 3, 4)]"
"(25, 11, 18, 15, 0)","[(0, '?', 0, 4)]"
"(25, 11, 18, 24, 0)","[(0, 0, 0, 4)]"
"(25, 11, 18, 26, 0)","[(0, 7, 3, 4), (0, 7, 3, 4)]"
"(25, 11, 25, 6, 0)","[('?', 7, 3, 4)]"
"(25, 12, 2, 10, 0)","[(4, 5, 6, 4), (4, 5, 6, 4), (4, 5, 6, 4)]"
"(25, 12, 2, 26, 0)","[(4, 2, 4, 4), (4, 2, 6, 4), (4, 7, 4, 3), (4, 7, 4, 4), (4, 2, 6, 4)]"
"(25, 12, 3, 2, 0)","[(3, 5, 6, 3)]"
"(25, 12, 3, 12, 0)","[('?', 5, 6, 4)]"
"(25, 12, 3, 25, 0)","[('?', 5, 6, 3)]"
"(25, 12, 4, 4, 0)","[('?', 5, 6, 3)]"
"(25, 12, 4, 12, 0)","[('?', 5, 6, 3)]"
"(25, 12, 7, 10, 0)","[(0, 0, 4, 3), (0, '?', 4, 4), (0, '?', 4, 4)]"
"(25, 12, 7, 26, 0)","[(0, 2, '?', 3)]"
"(25, 12, 10, 5, 0)","[(5, 1, 4, 3), (1, 1, 6, 4), (1, 0, 4, 4), (5, 0, 6, 4), (5, 0, 6, 4)]"
"(25, 12, 10, 10, 0)","[(5, 7, 6, 4), (1, '?', 6, 4), (1, 0, 4, 3)]"
"(25, 12, 10, 12, 0)","[(5, 2, 6, 4), (5, '?', 6, 3)]"
"(25, 12, 10, 26, 0)","[(5, 2, 6, 3)]"
"(25, 12, 12, 2, 0)","[(3, 7, 6, 4), (3, 5, 6, 4), (3, 5, 4, 3), (3, 4, 6, 3), (3, '?', 4, 4), (3, 4, 4, 4), (3, '?', 4, 4)]"
"(25, 12, 12, 3, 0)","[(5, 3, 4, 4)]"
"(25, 12, 12, 5, 0)","[(5, 1, 4, 3), (5, 0, 4, 4)]"
"(25, 12, 12, 12, 0)","[(5, 5, 4, 4), (5, 4, 4, 4), ('?', '?', 6, 4), ('?', 0, 4, 4), ('?', '?', 6, 4), ('?', '?', 6, 4), (5, 7, 6, 4), (5, 5, 4, 4), ('?', '?', 6, 4), (5, 2, 6, 4), (5, '?', 6, 4), (5, 5, 4, 3)]"
"(25, 12, 12, 22, 0)","[(3, 3, 6, 4)]"
"(25, 12, 12, 24, 0)","[('?', 1, 4, 4)]"
"(25, 12, 12, 25, 0)","[(5, 3, 4, 4)]"
"(25, 12, 13, 22, 0)","[(3, 3, 2, 3)]"
"(25, 12, 13, 25, 0)","[(3, '?', 7, 3)]"
"(25, 12, 15, 2, 0)","[(4, '?', 4, 4)]"
"(25, 12, 15, 10, 0)","[(4, 3, 4, 4), (4, 3, 6, 3), (4, 5, 4, 3), (4, 0, 6, 4), (4, 3, 4, 4), (4, 5, 6, 4), (4, 0, 4, 4), (4, 5, 4, 3), (4, '?', 4, 4), (4, '?', 6, 4), (4, 5, 6, 4), (4, '?', 6, 4), (4, '?', 6, 4), (4, 5, 4, 4), (4, 3, 4, 4), (4, 3, 4, 4), (4, 5, 4, 4)]"
"(25, 12, 15, 13, 0)","[(4, 1, 2, 3), (4, 5, 2, 4)]"
"(25, 12, 15, 14, 0)","[(4, 1, 7, 3)]"
"(25, 12, 15, 15, 0)","[(4, '?', 7, 3), (4, 3, 2, 3), (4, '?', 7, 3)]"
"(25, 12, 17, 10, 0)","[(5, 5, 4, 4)]"
"(25, 12, 21, 12, 0)","[(5, 6, 6, 3)]"
"(25, 12, 25, 13, 0)","[(3, 0, 7, 4)]"
"(25, 12, 26, 4, 0)","[(3, 2, 6, 3), (3, 2, 4, 4)]"
"(25, 12, 26, 12, 0)","[('?', 2, 6, 4), (5, 2, 4, 3)]"
"(25, 12, 27, 15, 0)","[(0, 4, 7, 4)]"
"(25, 12, 27, 22, 0)","[(0, 3, 2, 4)]"
"(25, 12, 27, 25, 0)","[(0, 0, 7, 4), (0, 0, 7, 4), (0, '?', 2, 3), (0, '?', 7, 3)]"
"(25, 13, 2, 2, 0)","[(4, 5, 7, 3)]"
"(25, 13, 2, 13, 0)","[(4, 3, 2, 3), (4, 5, 2, 4)]"
"(25, 13, 2, 15, 0)","[(4, 5, 2, 4), (4, 5, 2, 3)]"
"(25, 13, 2, 25, 0)","[(4, 4, 2, 3), (4, 4, 2, 3)]"
"(25, 13, 3, 7, 0)","[(0, 5, 2, 3)]"
"(25, 13, 3, 10, 0)","[(1, 5, 2, 4), (5, 5, 2, 3), (1, 5, 7, 3)]"
"(25, 13, 3, 13, 0)","[(5, 5, 2, 3)]"
"(25, 13, 3, 25, 0)","[('?', 5, 2, 4), (5, 5, 7, 4), ('?', 5, 7, 3), ('?', 5, 2, 4), ('?', 5, 7, 4), (5, 5, 2, 4), (5, 5, 2, 3), ('?', 5, 7, 3), (5, 5, 7, 3)]"
"(25, 13, 3, 27, 0)","[(0, 5, 2, 3), (0, 5, 2, 3)]"
"(25, 13, 7, 22, 0)","[(0, 3, 2, 3), (0, 3, 2, 4)]"
"(25, 13, 7, 24, 0)","[(0, 1, 2, 3)]"
"(25, 13, 7, 26, 0)","[(0, 7, 7, 4)]"
"(25, 13, 10, 3, 0)","[(5, 3, 7, 3)]"
"(25, 13, 10, 9, 0)","[(1, 5, 2, 4)]"
"(25, 13, 10, 10, 0)","[(5, '?', 2, 4), (1, 0, 2, 3)]"
"(25, 13, 10, 13, 0)","[(5, 0, 2, 4)]"
"(25, 13, 10, 22, 0)","[(1, 3, 2, 3), (1, 3, 7, 4)]"
"(25, 13, 10, 25, 0)","[(5, 3, 7, 3), (5, 1, 2, 3), (1, '?', 7, 4), (1, 5, 7, 3), (5, '?', 2, 4), (5, 0, 2, 4), (1, 7, 2, 4)]"
"(25, 13, 10, 26, 0)","[(5, 2, 2, 4), (1, 2, 2, 4), (5, 2, 2, 3), (1, 2, 2, 3)]"
"(25, 13, 13, 3, 0)","[('?', 3, 2, 3)]"
"(25, 13, 15, 2, 0)","[(4, 3, 7, 3), (4, 5, 2, 3)]"
"(25, 13, 15, 15, 0)","[(4, 1, 7, 3), (4, 0, 7, 3), (4, 1, 7, 4), (4, 3, 7, 3), (4, '?', 2, 4), (4, 3, 2, 4), (4, 3, 2, 3), (4, '?', 2, 4), (4, '?', 7, 4), (4, '?', 7, 3), (4, 1, 2, 3), (4, 1, 2, 4), (4, 5, 7, 3)]"
"(25, 13, 15, 25, 0)","[(4, '?', 7, 4), (4, '?', 7, 3), (4, 0, 2, 3)]"
"(25, 13, 22, 13, 0)","[(4, 5, 2, 4)]"
"(25, 13, 25, 2, 0)","[(3, 6, 2, 3), (3, 1, 7, 3), (3, 4, 2, 4), (3, 0, 7, 4), (3, '?', 2, 3), (3, '?', 7, 3), (3, 1, 7, 3), (3, '?', 7, 3)]"
"(25, 13, 25, 3, 0)","[('?', 3, 2, 4), ('?', 3, 2, 3), ('?', 3, 2, 4), ('?', 3, 2, 4)]"
"(25, 13, 25, 9, 0)","[('?', 4, 7, 4)]"
"(25, 13, 25, 24, 0)","[(5, 1, 7, 4)]"
"(25, 13, 25, 25, 0)","[('?', 0, 2, 3), ('?', 0, 7, 4), (5, 0, 7, 3), ('?', 0, 2, 3), ('?', '?', 7, 3), (1, 5, 7, 4), ('?', 0, 7, 4), ('?', '?', 7, 3), (5, 7, 7, 4), (1, 5, 7, 4), ('?', 0, 7, 4), ('?', '?', 2, 4)]"
"(25, 13, 25, 26, 0)","[('?', 7, 7, 3), (0, 2, 2, 4), (5, 7, 2, 3), (0, 2, 2, 3), (5, 7, 2, 4), ('?', 2, 7, 4), ('?', 2, 7, 4)]"
"(25, 13, 26, 2, 0)","[(3, 7, 7, 3)]"
"(25, 13, 26, 25, 0)","[(0, 2, 2, 3), ('?', 7, 7, 3), ('?', 2, 7, 4)]"
"(25, 13, 27, 25, 0)","[(0, '?', 7, 3)]"
"(25, 15, 2, 9, 0)","[(4, 5, '?', 3), (4, 5, '?', 4)]"
"(25, 15, 2, 16, 0)","[(4, 5, '?', 4)]"
"(25, 15, 2, 25, 0)","[(4, 5, '?', 3)]"
"(25, 15, 9, 13, 0)","[(4, 5, 5, 4), (4, 5, 5, 3), (4, 5, 5, 3)]"
"(25, 15, 9, 26, 0)","[(6, 7, 1, 4)]"
"(25, 15, 11, 11, 0)","[(4, 5, 3, 3)]"
"(25, 15, 11, 15, 0)","[(4, 5, 3, 3), (4, 5, 3, 3)]"
"(25, 15, 11, 25, 0)","[(4, '?', 0, 3)]"
"(25, 15, 13, 25, 0)","[(4, 0, 2, 3), (4, 1, 2, 3), (4, 3, 2, 4)]"
"(25, 15, 15, 6, 0)","[(4, 7, 0, 4)]"
"(25, 15, 15, 13, 0)","[(4, 5, 2, 3), (4, 0, 2, 3)]"
"(25, 15, 15, 15, 0)","[(4, 5, '?', 4), (4, 3, 2, 4), (4, 5, '?', 3), (4, 3, 2, 4), (4, 5, '?', 3)]"
"(25, 15, 15, 25, 0)","[(4, 3, '?', 3), (4, 0, 1, 4), (4, '?', '?', 4), (4, '?', '?', 3), (4, 3, '?', 4), (4, 0, 7, 4), (4, '?', '?', 4), (4, '?', '?', 3), (4, 5, '?', 4), (4, 3, '?', 3), (4, 5, '?', 4), (4, 5, '?', 4), (4, 5, '?', 3)]"
"(25, 15, 15, 26, 0)","[(4, 7, '?', 4), (4, 7, '?', 4)]"
"(25, 15, 16, 11, 0)","[(4, 5, 0, 3)]"
"(25, 15, 26, 13, 0)","[(4, 7, 2, 4)]"
"(25, 15, 26, 23, 0)","[(4, 2, 2, 4)]"
"(25, 16, 1, 15, 0)","[(6, 6, 3, 4), (6, 6, 3, 4)]"
"(25, 16, 1, 25, 0)","[(6, 6, 0, 3), (6, 1, 3, 3), (6, 6, 0, 3), (6, 6, 0, 3), (6, 6, 3, 3)]"
"(25, 16, 3, 4, 0)","[(6, 5, 1, 4)]"
"(25, 16, 3, 9, 0)","[(6, 5, 1, 4), (6, 5, 1, 4)]"
"(25, 16, 3, 12, 0)","[(6, 5, 1, 3), (6, 5, 1, 4), (6, 5, 1, 3), (6, 5, 1, 3), (6, 5, 1, 3)]"
"(25, 16, 3, 13, 0)","[(6, 5, 5, 4), (6, 5, 5, 3), (6, 5, 5, 3)]"
"(25, 16, 4, 3, 0)","[(6, 3, 1, 3)]"
"(25, 16, 4, 16, 0)","[(6, 4, 1, 4)]"
"(25, 16, 6, 6, 0)","[(6, 2, 3, 4)]"
"(25, 16, 6, 11, 0)","[(6, 2, 0, 4), (6, 2, 3, 4)]"
"(25, 16, 6, 24, 0)","[(6, 7, 3, 4)]"
"(25, 16, 6, 25, 0)","[(6, 7, 3, 4), (6, 7, 3, 4), (6, 7, 3, 3)]"
"(25, 16, 8, 16, 0)","[(6, 5, 0, 3)]"
"(25, 16, 8, 25, 0)","[(6, 5, 0, 4), (6, 5, 0, 4), (6, 5, 3, 4), (6, 5, 0, 4), (6, 5, 0, 3), (6, 5, 3, 4)]"
"(25, 16, 9, 4, 0)","[(6, 4, 1, 3)]"
"(25, 16, 9, 5, 0)","[(6, 0, 1, 4)]"
"(25, 16, 9, 12, 0)","[(6, 4, 1, 3), (6, 4, 1, 4), (6, 4, 1, 3), (6, 4, 1, 3)]"
"(25, 16, 9, 25, 0)","[(6, 3, 1, 3)]"
"(25, 16, 9, 26, 0)","[(6, 7, 1, 4), (6, 2, 1, 3)]"
"(25, 16, 11, 3, 0)","[(6, 3, 0, 4), (6, 3, 0, 3)]"
"(25, 16, 11, 6, 0)","[(6, 2, 0, 3), (6, 2, 0, 3), (6, 2, 0, 4), (6, 2, 0, 3), (6, 2, 3, 3), (6, 2, 0, 3)]"
"(25, 16, 11, 11, 0)","[(6, 4, 3, 3), (6, 3, 0, 3)]"
"(25, 16, 11, 12, 0)","[(6, 4, 3, 3), (6, 3, 0, 4)]"
"(25, 16, 11, 16, 0)","[(6, 4, 0, 3)]"
"(25, 16, 11, 19, 0)","[(6, 3, 0, 3)]"
"(25, 16, 11, 22, 0)","[(6, 3, 0, 3), (6, 3, 0, 4)]"
"(25, 16, 11, 24, 0)","[(6, 0, 0, 3), (6, 1, 0, 4), (6, 0, 0, 4), (6, 1, 3, 3), (6, 1, 3, 3), (6, 0, 0, 3), (6, 7, 3, 4), (6, 1, 0, 4), (6, 0, 0, 3), (6, 0, 0, 4), (6, 1, 0, 3)]"
"(25, 16, 11, 25, 0)","[(6, 2, 0, 3), (6, '?', 3, 4), (6, '?', 3, 3), (6, 3, 0, 4), (6, 3, 3, 4), (6, 3, 3, 3), (6, 3, 0, 4), (6, 3, 0, 4), (6, 2, 0, 3), (6, 4, 3, 3), (6, '?', 3, 4), (6, '?', 0, 4), (6, '?', 3, 3), (6, 3, 3, 3), (6, '?', 0, 3), (6, '?', 3, 4), (6, '?', 3, 4), (6, '?', 0, 4), (6, 4, 3, 4), (6, 3, 3, 4), (6, '?', 0, 3), (6, 5, 3, 4), (6, '?', 0, 3), (6, 2, 0, 4), (6, 3, 3, 4), (6, '?', 0, 3), (6, '?', 0, 4), (6, '?', 0, 3), (6, '?', 3, 3), (6, '?', 3, 3), (6, 3, 3, 3), (6, 5, 0, 4), (6, '?', 3, 3), (6, 5, 3, 4), (6, '?', 0, 4), (6, 3, 3, 4), (6, 4, 0, 3), (6, '?', 0, 4), (6, 3, 3, 4)]"
"(25, 16, 11, 26, 0)","[(6, 7, 3, 3)]"
"(25, 16, 12, 9, 0)","[(6, 0, 1, 3), (6, 4, 1, 4), (6, 0, 1, 3), (6, 7, 1, 3), (6, 2, 1, 3), (6, '?', 1, 3), (6, '?', 1, 3)]"
"(25, 16, 12, 12, 0)","[(6, '?', 1, 3)]"
"(25, 16, 12, 25, 0)","[(6, 3, 1, 4), (6, 0, 1, 3), (6, 1, 1, 4), (6, '?', 1, 4), (6, 6, 1, 3), (6, 6, 1, 3), (6, '?', 1, 3), (6, 0, 1, 3), (6, 0, 1, 4)]"
"(25, 16, 12, 26, 0)","[(6, 2, 1, 4), (6, 2, 1, 4)]"
"(25, 16, 13, 3, 0)","[(6, 3, 5, 4), (6, 3, 5, 3)]"
"(25, 16, 13, 5, 0)","[(6, 1, 5, 3)]"
"(25, 16, 13, 9, 0)","[(6, 4, 5, 3)]"
"(25, 16, 13, 13, 0)","[(6, 4, 5, 4)]"
"(25, 16, 13, 16, 0)","[(6, 4, 5, 4), (6, '?', 5, 3), (6, 4, 5, 3), (6, 4, 5, 3), (6, 4, 5, 3), (6, 4, 5, 3)]"
"(25, 16, 13, 24, 0)","[(6, 0, 5, 4), (6, 1, 5, 3), (6, 0, 5, 4)]"
"(25, 16, 13, 25, 0)","[(6, '?', 5, 4), (6, '?', 5, 3), (6, 3, 5, 3), (6, '?', 5, 4), (6, '?', 5, 3), (6, '?', 5, 3), (6, 3, 5, 3), (6, 4, 5, 4), (6, '?', 5, 4), (6, '?', 5, 3), (6, 3, 5, 3)]"
"(25, 16, 13, 26, 0)","[(6, 7, 5, 4), (6, 2, 5, 4), (6, 7, 5, 4), (6, 2, 5, 3), (6, 2, 5, 4), (6, 7, 5, 4)]"
"(25, 16, 21, 9, 0)","[(6, 6, 1, 3)]"
"(25, 16, 21, 13, 0)","[(6, 6, 5, 3)]"
"(25, 16, 22, 13, 0)","[(6, 5, 5, 3), (6, 5, 5, 3)]"
"(25, 16, 24, 11, 0)","[(6, 6, 0, 4), (6, 6, 0, 4), (6, 6, 0, 4), (6, 6, 0, 3)]"
"(25, 16, 24, 13, 0)","[(6, 6, 5, 3), (6, 6, 5, 3), (6, 6, 5, 4)]"
"(25, 16, 25, 3, 0)","[(6, 3, 1, 3)]"
"(25, 16, 25, 6, 0)","[(6, 7, 3, 3)]"
"(25, 16, 25, 9, 0)","[(6, 4, 1, 4), (6, 6, 1, 3)]"
"(25, 16, 25, 11, 0)","[(6, 7, 3, 3)]"
"(25, 16, 25, 25, 0)","[(6, 1, 1, 4)]"
"(25, 16, 25, 26, 0)","[(6, 2, 1, 3)]"
"(25, 16, 26, 9, 0)","[(6, 7, 1, 3)]"
"(25, 17, 17, 12, 0)","[(5, 5, 6, 3)]"
"(25, 17, 17, 17, 0)","[(1, 5, 6, 4), (5, 5, 6, 3)]"
"(25, 17, 21, 10, 0)","[(1, 6, 6, 3)]"
"(25, 20, 3, 13, 0)","[(2, 5, 2, 3)]"
"(25, 20, 3, 25, 0)","[(2, 5, '?', 4), (2, 5, 5, 4), (2, 5, 5, 4), (2, 5, '?', 4), (2, 5, '?', 3)]"
"(25, 20, 6, 11, 0)","[(2, 2, 3, 4), (2, 2, 3, 4), (2, 2, 3, 3)]"
"(25, 20, 9, 12, 0)","[(2, 6, 1, 4)]"
"(25, 20, 9, 25, 0)","[(2, 4, 5, 4)]"
"(25, 20, 10, 10, 0)","[(2, '?', 6, 3)]"
"(25, 20, 10, 26, 0)","[(2, 2, 4, 3), (2, 2, 4, 4)]"
"(25, 20, 11, 6, 0)","[(2, 2, 0, 3)]"
"(25, 20, 11, 24, 0)","[(2, '?', 0, 4), (2, 0, 3, 4)]"
"(25, 20, 11, 25, 0)","[(2, 3, 0, 3), (2, 3, 3, 3), (2, 7, 3, 3), (2, 7, 0, 4), (2, '?', 3, 4), (2, 7, 0, 3), (2, '?', 0, 3), (2, '?', 3, 4), (2, 2, 3, 3), (2, 7, 3, 3), (2, 7, 0, 4)]"
"(25, 20, 13, 22, 0)","[(2, 3, 2, 4), (2, 3, 2, 4)]"
"(25, 20, 13, 25, 0)","[(2, 7, 2, 4), (2, 2, 7, 4), (2, 2, 2, 4), (2, 6, 7, 3), (2, 2, 2, 4)]"
"(25, 20, 13, 26, 0)","[(2, 2, 2, 4)]"
"(25, 20, 21, 25, 0)","[(2, 6, '?', 4), (2, 6, 5, 4), (2, 6, 5, 4)]"
"(25, 20, 24, 2, 0)","[(2, 6, '?', 4)]"
"(25, 20, 24, 24, 0)","[(2, 6, 5, 4), (2, 6, '?', 4)]"
"(25, 20, 24, 25, 0)","[(2, 6, '?', 4)]"
"(25, 20, 25, 2, 0)","[(2, 5, '?', 4), (2, '?', '?', 4), (2, '?', '?', 4), (2, 5, '?', 3), (2, 4, '?', 4), (2, 4, '?', 4)]"
"(25, 20, 25, 9, 0)","[(2, 4, 5, 4)]"
"(25, 20, 25, 11, 0)","[(2, '?', 3, 4)]"
"(25, 20, 25, 25, 0)","[(2, 5, 5, 4), (2, 7, '?', 3), (2, '?', '?', 4), (2, 0, 5, 4), (2, 2, '?', 4)]"
"(25, 20, 25, 26, 0)","[(2, 2, 5, 4), (2, 2, '?', 3), (2, 7, 5, 4), (2, 2, '?', 4), (2, 7, 5, 4), (2, 7, 5, 4), (2, 7, '?', 4), (2, 2, '?', 4)]"
"(25, 21, 7, 25, 0)","[(0, 6, '?', 3)]"
"(25, 21, 13, 2, 0)","[(3, 6, 7, 4), (3, 6, 2, 4)]"
"(25, 21, 13, 25, 0)","[(3, 6, 7, 4)]"
"(25, 24, 2, 9, 0)","[(4, 6, '?', 4), (4, 6, 5, 4)]"
"(25, 24, 2, 13, 0)","[(4, 6, '?', 4)]"
"(25, 24, 2, 15, 0)","[(4, 6, 2, 4), (4, 6, 7, 3)]"
"(25, 24, 7, 25, 0)","[(0, 6, '?', 3), (0, 6, '?', 3)]"
"(25, 24, 9, 27, 0)","[(0, 6, 5, 4)]"
"(25, 24, 10, 9, 0)","[(5, 6, 5, 4)]"
"(25, 24, 10, 25, 0)","[(1, 6, 5, 4), (5, 6, '?', 4), (1, 6, '?', 4), (5, 6, '?', 4)]"
"(25, 24, 12, 12, 0)","[(5, 6, 4, 4)]"
"(25, 24, 13, 2, 0)","[(3, 6, 7, 4)]"
"(25, 24, 15, 15, 0)","[(4, 6, '?', 3), (4, 6, '?', 4)]"
"(25, 24, 25, 2, 0)","[(3, 6, '?', 4), (3, 6, '?', 4), (3, 6, 5, 4)]"
"(25, 24, 25, 9, 0)","[(5, 6, 5, 4), (5, 6, 5, 4)]"
"(25, 24, 25, 10, 0)","[(1, 6, 5, 4), (1, 6, '?', 4), (1, 6, '?', 4)]"
"(25, 24, 25, 12, 0)","[(5, 6, '?', 3)]"
"(25, 24, 25, 17, 0)","[(5, 6, '?', 4)]"
"(25, 24, 25, 25, 0)","[('?', 6, '?', 3), (5, 6, '?', 4), (0, 6, '?', 3), ('?', 6, '?', 3)]"
"(25, 25, 2, 4, 0)","[(4, 5, '?', 3)]"
"(25, 25, 2, 26, 0)","[(4, 2, '?', 4), (4, 2, '?', 3), (4, 2, '?', 3), (4, 7, '?', 4), (4, 7, '?', 4), (4, 2, '?', 4), (4, 7, '?', 3), (4, 7, '?', 4), (4, 7, '?', 3), (4, 2, '?', 3)]"
"(25, 25, 3, 2, 0)","[(3, 5, '?', 4), (3, 5, '?', 3), (3, 5, '?', 3), (3, 5, '?', 3), (3, 5, '?', 4), (3, 5, '?', 4), (3, 5, '?', 3)]"
"(25, 25, 3, 7, 0)","[(0, 5, '?', 4), (0, 5, '?', 4), (0, 5, '?', 4)]"
"(25, 25, 3, 10, 0)","[(1, 5, '?', 3), (5, 5, '?', 4), (5, 5, '?', 4), (5, 5, 5, 4), (1, 5, '?', 4), (5, 5, '?', 4), (5, 5, '?', 4)]"
"(25, 25, 3, 12, 0)","[('?', 5, '?', 3)]"
"(25, 25, 3, 13, 0)","[('?', 5, 7, 4)]"
"(25, 25, 3, 17, 0)","[(1, 5, '?', 4), (5, 5, '?', 4), (1, 5, 5, 3)]"
"(25, 25, 3, 25, 0)","[('?', 5, '?', 3), (7, 5, 5, 4), (7, 5, 5, 3), (7, 5, 5, 3), ('?', 5, '?', 3)]"
"(25, 25, 4, 4, 0)","[(5, 4, '?', 3), (5, 4, '?', 3)]"
"(25, 25, 4, 9, 0)","[('?', 4, '?', 4)]"
"(25, 25, 5, 2, 0)","[(3, 1, '?', 4)]"
"(25, 25, 6, 10, 0)","[(1, 2, 3, 3), (5, 2, 3, 3), (1, 7, 0, 4), (5, 7, 3, 4)]"
"(25, 25, 7, 3, 0)","[(0, 3, '?', 4), (0, 3, '?', 3)]"
"(25, 25, 7, 5, 0)","[(0, 1, '?', 4), (0, 0, '?', 4), (0, 1, '?', 4), (0, 1, '?', 4), (0, 0, '?', 3)]"
"(25, 25, 7, 20, 0)","[(0, 0, '?', 3)]"
"(25, 25, 7, 22, 0)","[(0, 3, '?', 3), (0, 3, '?', 3), (0, 3, '?', 4), (0, 3, '?', 4), (0, 3, 7, 4), (0, 3, '?', 3), (0, 3, '?', 4)]"
"(25, 25, 7, 24, 0)","[(0, 0, '?', 4), (0, 0, '?', 4), (0, 0, '?', 3), (0, 1, '?', 4), (0, 0, '?', 4), (0, 1, '?', 4)]"
"(25, 25, 7, 25, 0)","[(0, 0, '?', 3), (0, 0, 2, 4), (0, 5, '?', 4), (0, 5, '?', 4)]"
"(25, 25, 7, 26, 0)","[(0, 2, '?', 4), (0, 7, '?', 4), (0, 7, '?', 4), (0, 2, '?', 4), (0, 7, '?', 3), (0, 2, '?', 4), (0, 2, '?', 4), (0, 7, '?', 3), (0, 2, '?', 3), (0, 7, '?', 3), (0, 7, '?', 4)]"
"(25, 25, 10, 3, 0)","[(5, 3, '?', 4), (5, 3, '?', 3), (1, 3, 5, 3), (5, 3, 5, 4), (5, 3, '?', 4), (5, 3, '?', 4), (1, 3, '?', 4), (1, 3, '?', 3), (1, 3, '?', 3), (5, 3, '?', 4), (1, 3, 7, 4), (1, 3, 7, 4), (1, 3, '?', 3), (1, 3, 7, 4), (1, 3, 7, 4)]"
"(25, 25, 10, 5, 0)","[(1, 1, 5, 4), (1, 1, 5, 3), (1, 1, 5, 4), (5, 1, '?', 3), (5, 1, 5, 4), (1, 1, 5, 4), (5, 1, '?', 3), (5, 1, '?', 3), (5, 1, '?', 4), (5, 1, '?', 3), (1, 1, 5, 4), (5, 0, '?', 3)]"
"(25, 25, 10, 6, 0)","[(1, 7, 0, 4)]"
"(25, 25, 10, 9, 0)","[(1, 1, 1, 3)]"
"(25, 25, 10, 10, 0)","[(5, '?', '?', 3), (1, 1, 1, 4), (1, '?', '?', 4), (1, 0, '?', 3), (1, 3, '?', 3), (1, 0, '?', 3), (5, 5, '?', 4), (1, '?', '?', 4), (5, '?', '?', 3), (1, '?', '?', 3), (5, '?', '?', 3), (5, '?', '?', 4), (1, '?', '?', 3)]"
"(25, 25, 10, 12, 0)","[(5, '?', '?', 3), (5, 3, '?', 3), (1, 5, 5, 4), (5, '?', '?', 4)]"
"(25, 25, 10, 17, 0)","[(1, 4, '?', 3), (1, 4, '?', 3), (1, 4, 1, 4), (1, '?', '?', 4)]"
"(25, 25, 10, 21, 0)","[(1, 6, '?', 4)]"
"(25, 25, 10, 24, 0)","[(5, 1, '?', 3), (5, 0, '?', 3), (1, 0, '?', 3), (5, 1, '?', 3), (5, 1, '?', 4), (5, 1, '?', 3)]"
"(25, 25, 10, 25, 0)","[(1, '?', 5, 4), (1, 5, '?', 4), (5, '?', '?', 4), (1, '?', '?', 4), (1, '?', '?', 4), (5, '?', '?', 4), (1, '?', '?', 3), (1, 5, '?', 4), (1, 0, '?', 3), (5, '?', '?', 4), (1, 2, 7, 4), (5, '?', '?', 4), (5, 5, '?', 4), (1, 0, '?', 4), (1, 5, '?', 4), (1, '?', '?', 3), (1, 6, '?', 3), (1, 7, '?', 4), (1, 6, 5, 4), (1, 0, 5, 4), (1, '?', 5, 4)]"
"(25, 25, 10, 26, 0)","[(5, 2, '?', 3), (1, 7, '?', 3), (1, 2, '?', 3), (5, 7, '?', 4), (1, 7, 5, 4), (1, 7, 5, 4), (1, 2, '?', 3), (1, 7, '?', 3), (1, 2, '?', 3), (5, 2, 5, 4), (1, 7, '?', 4), (5, 2, 5, 4), (5, 7, '?', 4), (1, 7, '?', 4), (5, 2, '?', 3), (1, 7, '?', 3), (1, 7, '?', 4)]"
"(25, 25, 11, 24, 0)","[('?', 0, 0, 3)]"
"(25, 25, 12, 22, 0)","[(3, 3, 7, 4)]"
"(25, 25, 15, 2, 0)","[(4, 0, '?', 4)]"
"(25, 25, 15, 3, 0)","[(4, 3, '?', 3)]"
"(25, 25, 15, 5, 0)","[(4, 1, '?', 3), (4, 1, '?', 4), (4, 0, '?', 4), (4, 1, '?', 4), (4, 1, '?', 4), (4, 0, '?', 4)]"
"(25, 25, 15, 12, 0)","[(4, 4, '?', 4)]"
"(25, 25, 15, 15, 0)","[(4, 0, '?', 4), (4, 3, '?', 4), (4, '?', '?', 3), (4, 0, '?', 4), (4, 0, '?', 4), (4, '?', '?', 4), (4, '?', '?', 4), (4, 3, '?', 4), (4, '?', '?', 3), (4, 3, '?', 4), (4, 3, '?', 4), (4, 3, 7, 3), (4, 3, '?', 4), (4, 0, 7, 4), (4, '?', '?', 4), (4, 3, 7, 4), (4, '?', '?', 3), (4, '?', '?', 3), (4, '?', '?', 4), (4, '?', '?', 4)]"
"(25, 25, 15, 22, 0)","[(4, 3, '?', 3), (4, 3, 7, 4), (4, 3, 7, 4)]"
"(25, 25, 15, 24, 0)","[(4, 1, '?', 4), (4, 1, '?', 3)]"
"(25, 25, 15, 25, 0)","[(4, '?', '?', 4), (4, 3, 5, 4)]"
"(25, 25, 15, 26, 0)","[(4, 7, '?', 3), (4, 7, '?', 3), (4, 2, '?', 4), (4, 7, '?', 4), (4, 7, '?', 4), (4, 7, '?', 3), (4, 7, '?', 4)]"
"(25, 25, 17, 5, 0)","[(5, 1, '?', 4)]"
"(25, 25, 17, 11, 0)","[(1, 4, 3, 3)]"
"(25, 25, 17, 17, 0)","[(1, 4, 1, 4), (1, 5, '?', 4), (1, 5, '?', 3)]"
"(25, 25, 17, 26, 0)","[(5, 7, '?', 4)]"
"(25, 25, 18, 24, 0)","[(0, 0, '?', 4)]"
"(25, 25, 21, 10, 0)","[(5, 6, '?', 4)]"
"(25, 25, 21, 17, 0)","[(1, 6, '?', 4)]"
"(25, 25, 21, 25, 0)","[(5, 6, '?', 3)]"
"(25, 25, 24, 24, 0)","[(0, 6, 5, 4)]"
"(25, 25, 24, 25, 0)","[('?', 6, '?', 3)]"
"(25, 25, 25, 2, 0)","[(3, '?', '?', 4), (3, '?', '?', 4), (3, 0, '?', 3), (3, 0, '?', 4), (3, '?', '?', 4), (3, 0, '?', 3), (3, '?', '?', 3), (3, '?', '?', 3), (3, 0, '?', 3), (3, '?', '?', 3), (3, '?', '?', 4), (3, 0, '?', 3), (3, 1, '?', 4), (3, 0, '?', 3), (3, 4, '?', 4), (3, '?', '?', 4), (3, 1, '?', 4), (3, 2, 7, 4)]"
"(25, 25, 25, 3, 0)","[('?', 3, '?', 3), ('?', 3, '?', 4), ('?', 3, '?', 3), ('?', 3, '?', 4), ('?', 3, '?', 4), ('?', 3, '?', 4), ('?', 3, '?', 4), ('?', 3, '?', 4), ('?', 3, '?', 4)]"
"(25, 25, 25, 5, 0)","[('?', 1, 5, 4), ('?', 0, '?', 4), ('?', 1, '?', 4), ('?', 1, '?', 4), ('?', 1, '?', 4), ('?', 1, '?', 4), ('?', 1, '?', 3)]"
"(25, 25, 25, 9, 0)","[('?', 4, '?', 3)]"
"(25, 25, 25, 12, 0)","[('?', 0, '?', 4)]"
"(25, 25, 25, 14, 0)","[(3, 1, '?', 4), (3, 1, '?', 4), (3, 1, '?', 4)]"
"(25, 25, 25, 22, 0)","[(3, 3, '?', 4), (3, 3, 7, 4)]"
"(25, 25, 25, 23, 0)","[(3, 3, 7, 4)]"
"(25, 25, 25, 24, 0)","[('?', 1, '?', 3), ('?', 0, '?', 4), ('?', 0, '?', 3), ('?', 1, '?', 4), ('?', 0, '?', 3)]"
"(25, 25, 25, 25, 0)","[('?', '?', '?', 4), ('?', '?', '?', 4), ('?', '?', '?', 4), (0, 0, '?', 4), ('?', '?', '?', 4), ('?', 0, '?', 3), ('?', '?', '?', 4), ('?', 0, '?', 4), (5, 7, '?', 4), ('?', 0, '?', 3)]"
"(25, 25, 25, 26, 0)","[('?', 2, '?', 4), ('?', 7, '?', 4)]"
"(25, 25, 26, 2, 0)","[(3, 7, '?', 4), (3, 2, '?', 3), (3, 2, '?', 3), (3, 2, 7, 4), (3, 7, '?', 4), (3, 7, '?', 3), (3, 7, '?', 4), (3, 2, '?', 3), (3, 2, '?', 4), (3, 7, '?', 4), (3, 2, 7, 4), (3, 2, '?', 4), (3, 2, '?', 3), (3, 2, '?', 3), (3, 2, '?', 4), (3, 2, '?', 4), (3, 7, '?', 3), (3, 7, '?', 3)]"
"(25, 25, 26, 7, 0)","[(0, 7, '?', 4), (0, 2, '?', 3), (0, 2, '?', 4)]"
"(25, 25, 26, 10, 0)","[(1, 2, 3, 3), (1, 7, 5, 4)]"
"(25, 25, 26, 12, 0)","[('?', 7, '?', 3), ('?', 2, '?', 4), ('?', 2, '?', 4)]"
"(25, 25, 26, 25, 0)","[('?', 7, '?', 3), (0, 2, 7, 4), ('?', 7, '?', 4), ('?', 2, '?', 4), ('?', 7, '?', 3), ('?', 2, '?', 4), ('?', 2, '?', 3), ('?', 2, '?', 4), ('?', 7, 5, 4), (5, 7, 3, 3), ('?', 7, '?', 3), ('?', 2, '?', 3), ('?', 7, '?', 4), (5, 7, 5, 4), (5, 7, 5, 4), (5, 7, '?', 4), ('?', 7, '?', 4), (5, 7, '?', 4)]"
"(25, 25, 27, 9, 0)","[(0, 5, '?', 4)]"
"(25, 26, 2, 13, 0)","[(4, 7, 2, 3), (4, 7, 2, 4)]"
"(25, 26, 12, 2, 0)","[(3, 7, 6, 4)]"
"(25, 26, 13, 2, 0)","[(3, 7, 2, 3)]"
"(25, 26, 25, 2, 0)","[(3, 7, '?', 4)]"
"(25, 26, 25, 16, 0)","[(3, 2, '?', 3)]"
"(25, 26, 27, 25, 0)","[(0, 7, 7, 4)]"
"(26, 4, 4, 16, 0)","[(3, 7, 6, 2)]"
"(26, 13, 13, 2, 0)","[(3, 7, 7, '?')]"
"(26, 13, 26, 23, 0)","[(3, 7, 7, '?')]"
"(26, 26, 4, 2, 0)","[(3, 7, 4, 2)]"
"(26, 26, 13, 2, 0)","[(3, 2, 7, 4), (3, 7, 7, 4)]"
"(27, 1, 13, 9, 0)","[(7, 6, 5, 3), (7, 6, 5, 3)]"
"(27, 6, 6, 16, 0)","[(7, 2, 3, 3)]"
"(27, 6, 11, 4, 0)","[(7, 2, 0, 3)]"
"(27, 6, 11, 6, 0)","[(7, 2, 3, 4)]"
"(27, 6, 11, 16, 0)","[(7, 2, 3, 3), (7, 2, 3, 3)]"
"(27, 6, 13, 9, 0)","[(7, 7, 5, 4), (7, 7, 5, 4)]"
"(27, 6, 13, 16, 0)","[(7, 2, 5, 3)]"
"(27, 8, 8, 25, 0)","[(7, 5, 0, 4)]"
"(27, 8, 10, 22, 0)","[(7, 5, 1, 4), (7, 5, 1, 4)]"
"(27, 8, 11, 3, 0)","[(7, 5, 0, 4)]"
"(27, 8, 11, 22, 0)","[(7, 5, 0, 3)]"
"(27, 8, 25, 8, 0)","[(7, 5, 3, 3)]"
"(27, 9, 1, 11, 0)","[(7, 6, 0, '?')]"
"(27, 9, 3, 4, 0)","[(7, 5, 1, 3)]"
"(27, 9, 3, 10, 0)","[(7, 5, 1, 4), (7, 5, 1, 3), (7, 5, 1, 4), (7, 5, 1, 3), (7, 5, 1, 3), (7, 5, 1, 3), (7, 5, 1, 4), (7, 5, 1, 4)]"
"(27, 9, 3, 12, 0)","[(7, 5, 1, 3)]"
"(27, 9, 3, 17, 0)","[(7, 5, 1, 4)]"
"(27, 9, 4, 6, 0)","[(7, 7, 1, 3)]"
"(27, 9, 4, 9, 0)","[(7, 0, 1, 3), (7, 0, 1, 3), (7, 4, 1, 3), (7, 4, 1, 3)]"
"(27, 9, 4, 10, 0)","[(7, 1, 1, 3)]"
"(27, 9, 4, 12, 0)","[(7, 4, 1, 3)]"
"(27, 9, 4, 15, 0)","[(7, 1, 1, 3)]"
"(27, 9, 6, 11, 0)","[(7, 7, 0, 3), (7, 2, 0, 4)]"
"(27, 9, 6, 25, 0)","[(7, 2, 0, 4), (7, 7, 3, 3), (7, 7, 3, 4), (7, 2, 0, 3), (7, 7, 3, 3)]"
"(27, 9, 8, 11, 0)","[(7, 5, 0, 4), (7, 5, 3, 3), (7, 5, 3, 3), (7, 5, 0, 3), (7, 5, 3, 4), (7, 5, 0, 3), (7, 5, 3, 4), (7, 5, 3, 3), (7, 5, 3, 4)]"
"(27, 9, 8, 16, 0)","[(7, 5, 0, 4)]"
"(27, 9, 8, 25, 0)","[(7, 5, 0, 3), (7, 5, 0, 3), (7, 5, 0, 4), (7, 5, 0, 4), (7, 5, 0, 4), (7, 5, 3, 4), (7, 5, 3, 3)]"
"(27, 9, 10, 9, 0)","[(7, '?', 1, 4)]"
"(27, 9, 10, 22, 0)","[(7, 3, 1, 4)]"
"(27, 9, 11, 1, 0)","[(7, 1, 0, 4)]"
"(27, 9, 11, 24, 0)","[(7, 0, 0, 3), (7, 1, 0, 4), (7, 0, 0, 4), (7, 0, 3, 4)]"
"(27, 9, 11, 25, 0)","[(7, '?', 0, 4), (7, 4, 0, 4), (7, '?', 0, 4), (7, 0, 0, 3), (7, 4, 0, 3), (7, '?', 0, 4)]"
"(27, 9, 12, 3, 0)","[(7, 3, 1, 4), (7, 3, 1, 4)]"
"(27, 9, 12, 9, 0)","[(7, 1, 1, 3), (7, '?', 1, 3), (7, 4, 1, 4), (7, 0, 1, 4), (7, 1, 1, 4), (7, 0, 1, 3), (7, 4, 1, 3), (7, 0, 1, 3), (7, 0, 1, 3), (7, '?', 1, 3), (7, 4, 1, 3), (7, '?', 1, 4), (7, 4, 1, 4), (7, 0, 1, 4), (7, 1, 1, 4), (7, 0, 1, 4), (7, 1, 1, 4), (7, 1, 1, 3), (7, 1, 1, 4), (7, '?', 1, 4), (7, '?', 1, 4), (7, 0, 1, 3), (7, '?', 1, 3)]"
"(27, 9, 12, 12, 0)","[(7, 1, 1, 4)]"
"(27, 9, 12, 15, 0)","[(7, 1, 1, 3), (7, 1, 1, 3), (7, 0, 1, 3)]"
"(27, 9, 12, 25, 0)","[(7, 4, 1, 4)]"
"(27, 9, 13, 1, 0)","[(7, 0, 5, 4)]"
"(27, 9, 13, 3, 0)","[(7, 3, 5, 3)]"
"(27, 9, 13, 5, 0)","[(7, 1, 5, 4)]"
"(27, 9, 13, 6, 0)","[(7, 7, 5, 3)]"
"(27, 9, 13, 9, 0)","[(7, 4, 5, 3), (7, '?', 5, 3)]"
"(27, 9, 13, 13, 0)","[(7, '?', 5, 3), (7, 3, 5, 4), (7, 2, 5, 3), (7, '?', 5, 3)]"
"(27, 9, 13, 14, 0)","[(7, 1, 5, 3), (7, 0, 5, 3), (7, 0, 5, 4), (7, 1, 5, 4), (7, 1, 5, 3)]"
"(27, 9, 13, 16, 0)","[(7, 4, 5, 3), (7, 4, 5, 3), (7, 4, 5, 4), (7, 4, 5, 3), (7, 4, 5, 4), (7, 4, 5, 4)]"
"(27, 9, 13, 22, 0)","[(7, 3, 5, 3), (7, 3, 5, 3)]"
"(27, 9, 13, 24, 0)","[(7, 0, 5, 4), (7, 1, 5, 3), (7, 0, 5, 3), (7, 1, 5, 4), (7, 1, 5, 3), (7, 0, 5, 4)]"
"(27, 9, 13, 25, 0)","[(7, '?', 5, 3), (7, '?', 5, 4), (7, '?', 5, 4), (7, 0, 5, 3), (7, 0, 5, 3), (7, '?', 5, 3), (7, '?', 5, 4), (7, '?', 5, 4), (7, '?', 5, 3), (7, '?', 5, 4)]"
"(27, 9, 13, 26, 0)","[(7, 2, 5, 3), (7, 7, 5, 4)]"
"(27, 9, 21, 2, 0)","[(7, 6, 1, 3)]"
"(27, 9, 21, 9, 0)","[(7, 6, 1, 3)]"
"(27, 9, 21, 10, 0)","[(7, 6, 1, 3), (7, 6, 1, 3)]"
"(27, 9, 21, 13, 0)","[(7, 6, 5, 3), (7, 6, 5, 3), (7, 6, 5, 3)]"
"(27, 9, 21, 25, 0)","[(7, 6, 1, 3)]"
"(27, 9, 25, 4, 0)","[(7, 4, 1, 4), (7, 4, 1, 4)]"
"(27, 9, 25, 6, 0)","[(7, 7, 0, 3)]"
"(27, 9, 25, 11, 0)","[(7, 4, 5, 3)]"
"(27, 9, 25, 14, 0)","[(7, 0, 5, 4), (7, 1, 5, 4)]"
"(27, 9, 25, 22, 0)","[(7, 3, 5, 3), (7, 3, 5, 4)]"
"(27, 9, 25, 24, 0)","[(7, 1, 5, 3), (7, 0, 5, 3)]"
"(27, 9, 25, 25, 0)","[(7, 6, 5, 3)]"
"(27, 9, 25, 26, 0)","[(7, 2, 5, 3)]"
"(27, 9, 26, 2, 0)","[(7, 2, 1, 4), (7, 7, 1, 3), (7, 2, 1, 4), (7, 7, 1, 3), (7, 7, 1, 3)]"
"(27, 9, 26, 10, 0)","[(7, 2, 1, 4), (7, 2, 1, 4), (7, 2, 1, 4)]"
"(27, 9, 26, 13, 0)","[(7, 2, 5, 4), (7, 2, 5, 4)]"
"(27, 9, 26, 15, 0)","[(7, 2, 1, 4), (7, 2, 1, 4), (7, 7, 1, 3)]"
"(27, 9, 26, 17, 0)","[(7, 7, 1, 3), (7, 7, 1, 3)]"
"(27, 9, 26, 25, 0)","[(7, 7, 1, 3), (7, 7, 0, 3)]"
"(27, 10, 3, 10, 0)","[(7, 5, 6, 4), (7, 5, 6, 3), (7, 5, 6, 4)]"
"(27, 10, 3, 17, 0)","[(7, 5, 6, 4), (7, 5, 6, 3)]"
"(27, 10, 10, 3, 0)","[(7, 3, 6, 3), (7, 3, 4, 4)]"
"(27, 10, 10, 5, 0)","[(7, 1, 6, 4), (7, 1, 6, 3), (7, 0, 6, 4), (7, 1, 4, 4), (7, 1, 4, 4), (7, 0, 6, 4), (7, 0, 6, 4), (7, 1, 6, 3), (7, 1, 6, 4), (7, 0, 6, 4)]"
"(27, 10, 10, 10, 0)","[(7, 0, 6, 3), (7, 0, 6, 3), (7, 0, 4, 3), (7, 0, 6, 3), (7, 3, 4, 3), (7, 3, 4, 3), (7, '?', 6, 4), (7, '?', 6, 4), (7, '?', 4, 4), (7, '?', 6, 3)]"
"(27, 10, 10, 12, 0)","[(7, '?', 4, 4), (7, 2, 6, 4), (7, '?', 4, 3), (7, '?', 6, 4), (7, '?', 6, 3), (7, 0, 4, 3), (7, 5, 4, 3), (7, 0, 6, 4), (7, '?', 4, 3), (7, 2, 6, 4), (7, '?', 4, 4), (7, 0, 4, 3), (7, 7, 6, 4), (7, '?', 6, 4), (7, 7, 6, 3), (7, 0, 4, 3), (7, '?', 4, 4)]"
"(27, 10, 10, 14, 0)","[(7, 1, 6, 4)]"
"(27, 10, 10, 17, 0)","[(7, 3, 6, 3)]"
"(27, 10, 10, 21, 0)","[(7, 6, 6, 4), (7, 6, 6, 4)]"
"(27, 10, 10, 22, 0)","[(7, 3, 4, 3), (7, 3, 4, 4), (7, 3, 4, 4), (7, 3, 4, 4)]"
"(27, 10, 10, 23, 0)","[(7, 3, 6, 3), (7, 3, 6, 3), (7, 3, 4, 4)]"
"(27, 10, 10, 26, 0)","[(7, 2, 6, 4), (7, 7, 6, 4)]"
"(27, 10, 12, 2, 0)","[(7, 6, 6, 3), (7, 7, 6, 3)]"
"(27, 10, 12, 4, 0)","[(7, 4, 6, 4)]"
"(27, 10, 12, 10, 0)","[(7, '?', 6, 3), (7, '?', 4, 3), (7, '?', 6, 3), (7, '?', 6, 4), (7, 0, 6, 3), (7, '?', 4, 3)]"
"(27, 10, 12, 12, 0)","[(7, 0, 4, 3), (7, 1, 6, 3), (7, '?', 6, 4), (7, '?', 6, 3), (7, '?', 4, 4), (7, 2, 6, 3)]"
"(27, 10, 12, 17, 0)","[(7, 4, 6, 4)]"
"(27, 10, 12, 22, 0)","[(7, 3, 4, 3)]"
"(27, 10, 17, 3, 0)","[(7, 3, 6, 3), (7, 3, 6, 3)]"
"(27, 10, 17, 4, 0)","[(7, 4, 6, 3), (7, 4, 4, 3), (7, 5, 6, 3)]"
"(27, 10, 17, 5, 0)","[(7, 1, 6, 4), (7, 0, 6, 3)]"
"(27, 10, 17, 9, 0)","[(7, 4, 6, 4), (7, 4, 6, 3)]"
"(27, 10, 17, 12, 0)","[(7, 5, 4, 4), (7, '?', 4, 4), (7, 5, 4, 4), (7, '?', 4, 3), (7, 5, 4, 4), (7, 0, 4, 3), (7, 4, 6, 4), (7, 2, 6, 4), (7, 5, 4, 4), (7, '?', 6, 3)]"
"(27, 10, 17, 17, 0)","[(7, 4, 6, 4), (7, 5, 4, 3), (7, 5, 4, 3), (7, 4, 6, 3), (7, 4, 6, 4), (7, 5, 4, 4), (7, 5, 4, 4), (7, 4, 4, 4), (7, 4, 6, 4)]"
"(27, 10, 17, 26, 0)","[(7, 2, 6, 3)]"
"(27, 10, 21, 2, 0)","[(7, 6, 6, 4), (7, 6, 6, 3), (7, 6, 6, 4), (7, 6, 4, 3), (7, 6, 4, 3), (7, 6, 4, 3), (7, 6, 4, 3), (7, 6, 4, 4), (7, 6, 6, 3), (7, 6, 4, 4)]"
"(27, 10, 21, 10, 0)","[(7, 6, 4, 4), (7, 6, 4, 3)]"
"(27, 10, 21, 17, 0)","[(7, 6, 6, 3)]"
"(27, 10, 21, 21, 0)","[(7, 6, 6, 4)]"
"(27, 10, 26, 2, 0)","[(7, 2, 4, 4)]"
"(27, 10, 26, 10, 0)","[(7, 7, 6, 4), (7, 2, 6, 4)]"
"(27, 10, 26, 17, 0)","[(7, 2, 4, 4), (7, 2, 4, 4), (7, 2, 6, 3), (7, 2, 6, 3), (7, 2, 6, 3), (7, 7, 4, 3), (7, 2, 6, 4), (7, 2, 6, 4), (7, 7, 4, 3), (7, 2, 6, 3), (7, 2, 4, 4), (7, 7, 4, 3)]"
"(27, 11, 1, 1, 0)","[(7, 6, 0, 4)]"
"(27, 11, 1, 11, 0)","[(7, 6, 3, 4), (7, 6, 0, 4), (7, 6, 3, 4), (7, 6, 0, 4)]"
"(27, 11, 1, 25, 0)","[(7, 6, 3, 4), (7, 6, 3, 4)]"
"(27, 11, 3, 10, 0)","[(7, 5, 1, 4), (7, 5, 1, 3), (7, 5, 1, 3)]"
"(27, 11, 4, 3, 0)","[(7, 3, 1, 4)]"
"(27, 11, 4, 9, 0)","[(7, 0, 1, 3)]"
"(27, 11, 4, 10, 0)","[(7, '?', 1, 3)]"
"(27, 11, 4, 12, 0)","[(7, 0, 1, 4), (7, 0, 1, 4)]"
"(27, 11, 6, 6, 0)","[(7, 7, 3, 4)]"
"(27, 11, 6, 11, 0)","[(7, 7, 0, 4), (7, 7, 3, 3), (7, 7, 3, 3), (7, 2, 3, 4), (7, 2, 3, 4), (7, 2, 3, 3), (7, 2, 0, 4), (7, 7, 3, 3)]"
"(27, 11, 6, 15, 0)","[(7, 2, 0, 4), (7, 2, 0, 4), (7, 2, 0, 3), (7, 2, 3, 3), (7, 2, 0, 4)]"
"(27, 11, 6, 16, 0)","[(7, 2, 3, 3)]"
"(27, 11, 6, 25, 0)","[(7, 7, 0, 3), (7, 2, 3, 4), (7, 7, 3, 4), (7, 2, 3, 4), (7, 2, 0, 4), (7, 2, 3, 4), (7, 7, 0, 4), (7, 2, 0, 4), (7, 2, 0, 3), (7, 2, 3, 3), (7, 2, 3, 4)]"
"(27, 11, 8, 11, 0)","[(7, 5, 0, 3), (7, 5, 3, 4), (7, 5, 0, 4), (7, 5, 0, 3), (7, 5, 3, 3), (7, 5, 3, 3)]"
"(27, 11, 8, 16, 0)","[(7, 5, 3, 3)]"
"(27, 11, 8, 25, 0)","[(7, 5, 3, 3), (7, 5, 3, 3), (7, 5, 0, 4), (7, 5, 0, 3)]"
"(27, 11, 10, 4, 0)","[(7, '?', 1, 3)]"
"(27, 11, 10, 9, 0)","[(7, 3, 1, 4)]"
"(27, 11, 10, 17, 0)","[(7, '?', 1, 3)]"
"(27, 11, 11, 1, 0)","[(7, 1, 3, 3)]"
"(27, 11, 11, 3, 0)","[(7, 3, 0, 4), (7, 3, 3, 3)]"
"(27, 11, 11, 4, 0)","[(7, 3, 3, 3)]"
"(27, 11, 11, 5, 0)","[(7, 1, 3, 3), (7, 1, 3, 4), (7, 1, 0, 3), (7, 0, 3, 3)]"
"(27, 11, 11, 11, 0)","[(7, 4, 0, 3), (7, 4, 3, 4), (7, '?', 3, 4), (7, 4, 0, 3), (7, 4, 0, 4)]"
"(27, 11, 11, 15, 0)","[(7, 4, 0, 3), (7, 7, 0, 4), (7, 1, 0, 4)]"
"(27, 11, 11, 16, 0)","[(7, 4, 3, 4), (7, 4, 0, 4), (7, 4, 0, 3), (7, 4, 0, 3), (7, 4, 3, 4), (7, 4, 3, 4), (7, 4, 0, 3), (7, 4, 3, 6), (7, 4, 0, 3), (7, 4, 0, 3)]"
"(27, 11, 11, 19, 0)","[(7, 3, 0, 3), (7, 3, 3, 3), (7, 3, 0, 3), (7, 3, 3, 4), (7, 3, 3, 3)]"
"(27, 11, 11, 22, 0)","[(7, 3, 3, 3), (7, 3, 0, 4), (7, 3, 0, 3), (7, 3, 3, 4), (7, 3, 0, 3), (7, 3, 0, 4), (7, 3, 0, 4), (7, 3, 3, 3), (7, 3, 0, 4)]"
"(27, 11, 11, 24, 0)","[(7, 1, 0, 4), (7, 0, 0, 4), (7, 0, 3, 4), (7, 1, 0, 3), (7, 1, 3, 4), (7, 0, 0, 4), (7, 1, 3, 3), (7, 1, 3, 4), (7, 1, 0, 4), (7, 1, 3, 4), (7, 1, 3, 3), (7, 1, 0, 3), (7, 0, 0, 4), (7, 0, 0, 3), (7, 0, 0, 4), (7, 0, 0, 4), (7, 0, 3, 4), (7, 0, 0, 3), (7, 1, 0, 3), (7, 0, 0, 3), (7, 0, 3, 4), (7, 0, 3, 4), (7, 1, 3, 4), (7, 1, 3, 3), (7, 0, 0, 3), (7, 0, 0, 4), (7, 0, 3, 4), (7, 1, 0, 4), (7, 0, 0, 3), (7, 0, 3, 3), (7, 0, 3, 3), (7, 1, 3, 4), (7, 1, 3, 4), (7, 0, 3, 3), (7, 1, 0, 3), (7, 1, 3, 3), (7, 0, 3, 3), (7, 0, 3, 4), (7, 1, 3, 3), (7, 1, 0, 4), (7, 0, 0, 3), (7, 0, 3, 4), (7, 0, 0, 3), (7, 0, 3, 3), (7, 0, 3, 3)]"
"(27, 11, 11, 25, 0)","[(7, 3, 3, 4), (7, '?', 3, 4), (7, 4, 3, 4), (7, 4, 3, 4), (7, 4, 0, 4), (7, '?', 0, 4), (7, '?', 0, 4), (7, 3, 3, 4), (7, 3, 3, 4), (7, 4, 3, 4), (7, 4, 3, 4), (7, '?', 3, 4), (7, 3, 3, 4), (7, 4, 0, 4), (7, 4, 0, 4), (7, '?', 3, 4), (7, 3, 0, 4), (7, '?', 3, 4), (7, '?', 3, 4), (7, '?', 0, 4), (7, '?', 3, 4), (7, 4, 3, 4), (7, 3, 3, 3), (7, 4, 0, 4), (7, 5, 0, 4), (7, 4, 0, 4), (7, '?', 3, 4), (7, '?', 0, 4), (7, '?', 0, 4), (7, '?', 0, 4), (7, 3, 3, 3), (7, '?', 0, 4)]"
"(27, 11, 11, 26, 0)","[(7, 7, 0, 3)]"
"(27, 11, 12, 3, 0)","[(7, 3, 1, 4), (7, 3, 1, 4)]"
"(27, 11, 12, 9, 0)","[(7, 0, 1, 4), (7, '?', 1, 4), (7, 0, 1, 4), (7, 4, 1, 4), (7, 4, 1, 3), (7, '?', 1, 3)]"
"(27, 11, 13, 11, 0)","[(7, 4, 5, 3)]"
"(27, 11, 13, 13, 0)","[(7, 4, 5, 3)]"
"(27, 11, 13, 14, 0)","[(7, 0, 5, 4)]"
"(27, 11, 13, 16, 0)","[(7, 4, 5, 3), (7, 4, 5, 3)]"
"(27, 11, 13, 24, 0)","[(7, 1, 5, 4)]"
"(27, 11, 13, 26, 0)","[(7, 2, 5, 3), (7, 2, 5, 3), (7, 2, 5, 4), (7, 2, 5, 4), (7, 7, 5, 3)]"
"(27, 11, 21, 9, 0)","[(7, 6, 1, 3)]"
"(27, 11, 24, 11, 0)","[(7, 6, 3, 4)]"
"(27, 11, 25, 1, 0)","[(7, 1, 0, 3)]"
"(27, 11, 25, 6, 0)","[(7, 7, 3, 3), (7, 2, 0, 3), (7, 7, 0, 4), (7, 7, 0, 3), (7, 7, 0, 3)]"
"(27, 11, 25, 9, 0)","[(7, 4, 1, 3)]"
"(27, 11, 25, 26, 0)","[(7, 2, 3, 4), (7, 7, 5, 3)]"
"(27, 11, 26, 25, 0)","[(7, 7, 1, 3), (7, 2, 5, 3)]"
"(27, 12, 12, 4, 0)","[(7, 4, 6, 3)]"
"(27, 12, 12, 12, 0)","[(2, 3, 6, 4)]"
"(27, 13, 3, 2, 0)","[(7, 5, 7, 4)]"
"(27, 13, 3, 13, 0)","[(7, 5, 7, 4), (7, 5, 7, 4), (7, 5, 2, 3)]"
"(27, 13, 3, 25, 0)","[(7, 5, 7, 4), (7, 5, 7, 4), (7, 5, 7, 4)]"
"(27, 13, 13, 3, 0)","[(7, 3, 7, 3), (7, 3, 7, 3), (7, 3, 7, 4), (7, 3, 7, 3)]"
"(27, 13, 13, 5, 0)","[(7, 1, 7, 3), (7, 0, 2, 3)]"
"(27, 13, 13, 11, 0)","[(7, 0, 7, 3)]"
"(27, 13, 13, 13, 0)","[(7, 4, 2, 4)]"
"(27, 13, 13, 16, 0)","[(7, 4, 7, 3), (7, 4, 7, 3)]"
"(27, 13, 13, 25, 0)","[(7, 0, 7, 4)]"
"(27, 13, 25, 2, 0)","[(7, '?', 2, 3), (7, 6, 2, 3), (7, '?', 2, 4), (7, '?', 7, 3), (7, 0, 7, 3), (7, '?', 2, 3), (7, '?', 2, 3), (7, 2, 7, 3)]"
"(27, 13, 25, 3, 0)","[(7, 3, 7, 3), (7, 3, 7, 4), (7, 3, 7, 3), (7, 3, 7, 4)]"
"(27, 13, 25, 5, 0)","[(7, 1, 2, 3)]"
"(27, 13, 25, 13, 0)","[(7, 4, 2, 4), (7, 1, 7, 3), (7, 0, 7, 4), (7, 0, 7, 3), (7, 4, 7, 3), (7, 4, 7, 3), (7, 4, 2, 4), (7, 0, 7, 4), (7, '?', 7, 3), (7, 0, 7, 4), (7, 0, 7, 4), (7, 0, 7, 3), (7, 0, 7, 4), (7, 4, 7, 3), (7, '?', 2, 3), (7, 0, 2, 3), (7, 4, 2, 4), (7, 4, 2, 4), (7, '?', 2, 3), (7, '?', 2, 3)]"
"(27, 13, 25, 14, 0)","[(7, 1, 2, 3), (7, 1, 2, 3), (7, 1, 7, 3)]"
"(27, 13, 25, 15, 0)","[(7, 4, 2, 4)]"
"(27, 13, 25, 21, 0)","[(7, 6, 2, 4), (7, 6, 7, 4)]"
"(27, 13, 25, 22, 0)","[(7, 3, 7, 3)]"
"(27, 13, 25, 24, 0)","[(7, 1, 2, 3), (7, 1, 2, 3), (7, 6, 2, 4), (7, 1, 7, 3), (7, 1, 2, 3)]"
"(27, 13, 25, 25, 0)","[(7, 0, 2, 3), (7, '?', 2, 4), (7, '?', 7, 3), (7, '?', 2, 4), (7, '?', 7, 3), (7, 0, 2, 4), (7, 1, 7, 3), (7, '?', 7, 3), (7, 0, 2, 4), (7, 0, 2, 4), (7, 6, 7, 3), (7, 0, 7, 3), (7, 6, 2, 3), (7, 0, 2, 3), (7, 4, 2, 4), (7, '?', 2, 4), (7, '?', 2, 3), (7, 0, 2, 3), (7, '?', 2, 3), (7, 0, 7, 3), (7, 0, 7, 3), (7, 1, 2, 3), (7, 0, 2, 4), (7, 0, 2, 4), (7, 0, 7, 4), (7, 3, 7, 3), (7, 0, 2, 4), (7, 0, 2, 3), (7, '?', 2, 4), (7, '?', 7, 3), (7, 0, 7, 4), (7, 0, 7, 3), (7, 4, 7, 3), (7, 0, 7, 4), (7, '?', 7, 3)]"
"(27, 13, 25, 26, 0)","[(7, 2, 2, 4), (7, 2, 7, 3), (7, 2, 2, 4), (7, 2, 2, 3), (7, 2, 2, 3), (7, 7, 2, 3), (7, 2, 2, 4), (7, 7, 2, 4), (7, 2, 2, 4)]"
"(27, 13, 25, 27, 0)","[(7, 5, 2, 3)]"
"(27, 13, 26, 2, 0)","[(7, 2, 7, 3)]"
"(27, 13, 26, 13, 0)","[(7, 2, 2, 4), (7, 7, 7, 4), (7, 7, 2, 3), (7, 7, 2, 4)]"
"(27, 13, 26, 23, 0)","[(7, 7, 2, 3), (7, 2, 2, 3), (7, 2, 2, 3)]"
"(27, 13, 26, 25, 0)","[(7, 7, 2, 4), (7, 2, 2, 3), (7, 2, 2, 3), (7, 2, 2, 4), (7, 7, 2, 3), (7, 2, 2, 4), (7, 7, 2, 3), (7, 2, 2, 3), (7, 7, 2, 4), (7, 7, 2, 4), (7, 2, 2, 4), (7, 2, 7, 3), (7, 7, 2, 3)]"
"(27, 13, 26, 26, 0)","[(7, 7, 7, 4)]"
"(27, 17, 2, 5, 0)","[(7, 1, 6, 4)]"
"(27, 17, 3, 16, 0)","[(7, 5, 6, 4)]"
"(27, 17, 3, 17, 0)","[(7, 5, 6, 3), (7, 5, 6, 4)]"
"(27, 17, 4, 5, 0)","[(7, 1, 6, 3)]"
"(27, 17, 12, 3, 0)","[(7, 3, 4, 4), (7, 3, 6, 3)]"
"(27, 17, 12, 4, 0)","[(7, 4, 4, 4), (7, '?', 6, 3), (7, '?', 4, 3)]"
"(27, 17, 12, 5, 0)","[(7, 1, 6, 4), (7, 0, 6, 4), (7, 1, 4, 4), (7, 1, 4, 4), (7, 1, 6, 4)]"
"(27, 17, 12, 10, 0)","[(7, '?', 6, 4)]"
"(27, 17, 12, 12, 0)","[(7, '?', 6, 3), (7, '?', 4, 3), (7, 6, 6, 3)]"
"(27, 17, 16, 16, 0)","[(7, 4, 6, 4)]"
"(27, 17, 17, 2, 0)","[(7, 5, 4, 3), (7, 4, 6, 3)]"
"(27, 17, 17, 3, 0)","[(7, 3, 4, 3), (7, 3, 6, 3), (7, 3, 6, 3)]"
"(27, 17, 17, 4, 0)","[(7, 5, 4, 3), (7, 5, 4, 3), (7, 4, 4, 3), (7, 4, 4, 4), (7, 4, 6, 3), (7, 4, 4, 4), (7, 4, 4, 3), (7, 5, 4, 3)]"
"(27, 17, 17, 5, 0)","[(7, 0, 4, 3), (7, 1, 6, 4)]"
"(27, 17, 17, 12, 0)","[(7, 5, 4, 3), (7, 4, 4, 4), (7, 5, 4, 4), (7, '?', 6, 3), (7, 4, 6, 3)]"
"(27, 17, 17, 16, 0)","[(7, 4, 6, 3), (7, 5, 4, 3), (7, 4, 4, 3), (7, 4, 4, 3)]"
"(27, 17, 17, 22, 0)","[(7, 3, 4, 3)]"
"(27, 17, 17, 26, 0)","[(7, 2, 6, 3)]"
"(27, 17, 26, 4, 0)","[(7, 2, 6, 3)]"
"(27, 17, 26, 17, 0)","[(7, 2, 6, 4), (7, 2, 6, 4), (7, 7, 6, 3), (7, 7, 4, 3), (7, 7, 6, 4), (7, 7, 6, 4), (7, 7, 6, 3), (7, 2, 4, 4), (7, 7, 4, 3), (7, 7, 6, 3), (7, 7, 6, 4), (7, 7, 6, 4), (7, 7, 6, 4)]"
"(27, 21, 4, 4, 0)","[(7, 6, 6, 4), (7, 6, 6, 3)]"
"(27, 21, 10, 17, 0)","[(7, 6, 6, 4)]"
"(27, 21, 12, 4, 0)","[(7, 6, 6, 3)]"
"(27, 21, 12, 17, 0)","[(7, 6, 6, 3)]"
"(27, 21, 13, 2, 0)","[(7, 6, 2, 3), (7, 6, 2, 3)]"
"(27, 21, 13, 13, 0)","[(7, 6, 2, 3), (7, 6, 2, 4), (7, 6, 2, 3), (7, 6, 7, 4), (7, 6, 7, 4), (7, 6, 2, 3)]"
"(27, 21, 13, 25, 0)","[(7, 6, 7, 4), (7, 6, 2, 4), (7, 6, 2, 4), (7, 6, 7, 3), (7, 6, 2, 4), (7, 6, 7, 3), (7, 6, 2, 3), (7, 6, 2, 3)]"
"(27, 21, 17, 4, 0)","[(7, 6, 4, 4)]"
"(27, 21, 17, 12, 0)","[(7, 6, 6, 4), (7, 6, 4, 4)]"
"(27, 21, 17, 17, 0)","[(7, 6, 4, 3)]"
"(27, 21, 25, 2, 0)","[(7, 6, 7, 4), (7, 6, 7, 4)]"
"(27, 21, 25, 13, 0)","[(7, 6, 7, 4)]"
"(27, 24, 11, 2, 0)","[(7, 6, 0, 4)]"
"(27, 24, 11, 25, 0)","[(7, 6, 3, 4), (7, 6, 0, 4), (7, 6, 3, 4), (7, 6, 0, 4), (7, 6, 0, 4), (7, 6, 0, 4)]"
"(27, 24, 13, 2, 0)","[(7, 6, 7, 3), (7, 6, 7, 3), (7, 6, 7, 4)]"
"(27, 24, 13, 25, 0)","[(7, 6, 2, 4)]"
"(27, 24, 24, 11, 0)","[(7, 6, 3, 4)]"
"(27, 24, 25, 2, 0)","[(7, 6, '?', 3), (7, 6, '?', 3)]"
"(27, 24, 25, 9, 0)","[(7, 6, '?', 3), (7, 6, '?', 3)]"
"(27, 24, 25, 16, 0)","[(7, 6, 5, 3)]"
"(27, 25, 2, 14, 0)","[(7, 1, '?', 3), (7, 0, '?', 3)]"
"(27, 25, 3, 2, 0)","[(7, 5, '?', 4), (7, 5, '?', 4), (7, 5, 2, 3), (7, 5, '?', 4)]"
"(27, 25, 3, 13, 0)","[(7, 5, 2, 3), (7, 5, 2, 3), (7, 5, 2, 3), (7, 5, 2, 3), (7, 5, 7, 4), (7, 5, 2, 3), (7, 5, 7, 4), (7, 5, 2, 3), (7, 5, 7, 4)]"
"(27, 25, 3, 25, 0)","[(7, 5, '?', 4), (7, 5, '?', 4)]"
"(27, 25, 5, 5, 0)","[(7, 0, '?', 4)]"
"(27, 25, 6, 15, 0)","[(7, 7, 3, 3), (7, 7, 3, 4)]"
"(27, 25, 6, 25, 0)","[(7, 2, 3, 3), (7, 7, 0, 4), (7, 7, 3, 4), (7, 7, 0, 4), (7, 7, 0, 4)]"
"(27, 25, 9, 3, 0)","[(7, 3, 5, 4), (7, 3, 5, 4)]"
"(27, 25, 9, 4, 0)","[(7, 4, 5, 4), (7, 4, '?', 3), (7, 4, '?', 4)]"
"(27, 25, 9, 13, 0)","[(7, 4, '?', 4)]"
"(27, 25, 9, 16, 0)","[(7, 4, 5, 4), (7, 4, '?', 3)]"
"(27, 25, 9, 23, 0)","[(7, 3, 5, 3), (7, 3, '?', 3)]"
"(27, 25, 11, 2, 0)","[(7, 4, '?', 3)]"
"(27, 25, 11, 4, 0)","[(7, 4, 5, 4)]"
"(27, 25, 11, 5, 0)","[(7, 1, '?', 3)]"
"(27, 25, 11, 24, 0)","[(7, 0, 0, 4), (7, 0, 3, 4)]"
"(27, 25, 11, 25, 0)","[(7, 7, 0, 3)]"
"(27, 25, 12, 25, 0)","[(7, 3, 4, 3)]"
"(27, 25, 13, 22, 0)","[(7, 3, 7, 4)]"
"(27, 25, 13, 23, 0)","[(7, 3, 5, 3)]"
"(27, 25, 13, 25, 0)","[(7, 1, 7, 3), (7, 4, '?', 3)]"
"(27, 25, 15, 5, 0)","[(7, 1, '?', 4)]"
"(27, 25, 15, 16, 0)","[(7, 4, '?', 3)]"
"(27, 25, 16, 16, 0)","[(7, 4, '?', 3)]"
"(27, 25, 21, 2, 0)","[(7, 6, 5, 3)]"
"(27, 25, 21, 25, 0)","[(7, 6, '?', 3)]"
"(27, 25, 25, 2, 0)","[(7, 4, '?', 3), (7, '?', '?', 3), (7, 0, '?', 3), (7, 6, '?', 3), (7, 0, '?', 3), (7, '?', 5, 4), (7, 0, '?', 3), (7, 0, '?', 3), (7, 6, 7, 3), (7, 6, 7, 3), (7, '?', '?', 3)]"
"(27, 25, 25, 3, 0)","[(7, 3, 0, 3), (7, 3, '?', 3), (7, 3, '?', 4), (7, 3, '?', 4), (7, 3, '?', 3)]"
"(27, 25, 25, 4, 0)","[(7, 4, '?', 4)]"
"(27, 25, 25, 5, 0)","[(7, 1, '?', 3), (7, 0, 5, 4), (7, 1, '?', 4), (7, 1, 5, 4), (7, 1, 5, 4), (7, 0, 5, 3), (7, 1, '?', 3), (7, 1, '?', 3), (7, 1, '?', 3), (7, 0, '?', 4)]"
"(27, 25, 25, 9, 0)","[(7, 4, 5, 4), (7, 0, 5, 3), (7, 4, 5, 4), (7, '?', '?', 3), (7, 7, 0, 4), (7, 4, '?', 4)]"
"(27, 25, 25, 12, 0)","[(7, 0, '?', 3), (7, 1, '?', 4), (7, '?', 5, 4)]"
"(27, 25, 25, 13, 0)","[(7, 0, 2, 4)]"
"(27, 25, 25, 14, 0)","[(7, 1, '?', 4), (7, 1, '?', 3), (7, 0, '?', 4), (7, 1, 5, 4), (7, 1, 5, 3), (7, 0, 5, 3), (7, 0, '?', 4)]"
"(27, 25, 25, 15, 0)","[(7, 6, '?', 3), (7, 0, '?', 3), (7, 4, '?', 3), (7, 0, 5, 4), (7, 4, '?', 4)]"
"(27, 25, 25, 21, 0)","[(7, 6, 7, 4), (7, 6, 2, 4)]"
"(27, 25, 25, 22, 0)","[(7, 3, '?', 4), (7, 3, '?', 3), (7, 3, '?', 4), (7, 3, 5, 3), (7, 3, '?', 3), (7, 3, 5, 4), (7, 3, '?', 4), (7, 3, '?', 3), (7, 3, '?', 4), (7, 3, '?', 3), (7, 3, '?', 3), (7, 3, '?', 4)]"
"(27, 25, 25, 24, 0)","[(7, 1, 3, 4), (7, 1, 3, 4)]"
"(27, 25, 25, 25, 0)","[(7, 0, '?', 4), (7, 3, '?', 3), (7, 0, '?', 4), (7, 0, 7, 3), (7, '?', 5, 4), (7, '?', '?', 3), (7, '?', '?', 3), (7, 6, 5, 3), (7, '?', '?', 3), (7, '?', 5, 4), (7, '?', '?', 3), (7, 0, '?', 3), (7, '?', '?', 3)]"
"(27, 25, 26, 2, 0)","[(7, 2, '?', 3), (7, 2, '?', 3), (7, 2, 5, 4), (7, 2, '?', 3), (7, 2, '?', 4), (7, 7, 5, 4), (7, 2, '?', 3), (7, 2, 5, 4), (7, 2, '?', 3), (7, 2, '?', 3), (7, 7, 5, 3), (7, 2, 5, 4), (7, 7, '?', 4), (7, 7, 5, 3), (7, 2, '?', 3)]"
"(27, 25, 26, 6, 0)","[(7, 7, '?', 3)]"
"(27, 25, 26, 13, 0)","[(7, 2, 2, 3), (7, 2, 2, 4)]"
"(27, 25, 26, 15, 0)","[(7, 7, '?', 4), (7, 7, '?', 3), (7, 7, 5, 4), (7, 7, '?', 4)]"
"(27, 25, 26, 23, 0)","[(7, 2, '?', 3)]"
"(27, 25, 26, 25, 0)","[(7, 7, '?', 4), (7, 7, 3, 3), (7, 7, 3, 3), (7, 7, '?', 3), (7, 7, '?', 4), (7, 2, 3, 3), (7, 2, '?', 4), (7, 7, '?', 4), (7, 7, '?', 3), (7, 7, '?', 3), (7, 2, '?', 4), (7, 7, '?', 4), (7, 2, '?', 4), (7, 7, '?', 4), (7, 7, '?', 3), (7, 2, '?', 4), (7, 7, 5, 4), (7, 7, 5, 3), (7, 7, '?', 3), (7, 2, '?', 3)]"
"(27, 25, 26, 26, 0)","[(7, 7, 5, 3), (7, 7, 5, 3), (7, 7, 5, 4), (7, 7, '?', 3)]"
"(27, 26, 13, 2, 0)","[(7, 2, 7, 3), (7, 2, 2, 3)]"
"(27, 27, 26, 13, 0)","[(7, 7, 7, 4)]"
