message,concepts
"(1, 1, 1, 3, 11, 0)","[('?', '?', 3, 2, 1)]"
"(1, 1, 1, 9, 3, 0)","[(1, '?', 3, 2, '?')]"
"(1, 1, 1, 9, 6, 0)","[(1, '?', 3, 2, 3)]"
"(1, 1, 3, 1, 6, 0)","[('?', '?', 3, 2, 3)]"
"(1, 1, 3, 13, 13, 0)","[('?', '?', 3, 2, 0)]"
"(1, 1, 6, 6, 9, 0)","[(1, 0, 3, 2, 2)]"
"(1, 1, 6, 6, 14, 0)","[(2, '?', 3, 2, 2)]"
"(1, 1, 14, 1, 14, 0)","[(2, '?', 3, 2, '?'), (2, '?', 3, 2, '?')]"
"(1, 1, 14, 14, 10, 0)","[(2, '?', 3, 2, '?')]"
"(1, 3, 1, 8, 13, 0)","[(0, 1, 3, 2, 0)]"
"(1, 6, 1, 3, 11, 0)","[('?', '?', 3, 2, 1)]"
"(1, 6, 1, 6, 3, 0)","[(1, 3, 3, 2, 2)]"
"(1, 6, 1, 8, 7, 0)","[(0, '?', 3, 3, 0)]"
"(1, 6, 1, 8, 13, 0)","[(0, '?', 3, 3, 0)]"
"(1, 9, 1, 7, 11, 0)","[(1, '?', 3, 3, 1)]"
"(1, 9, 1, 9, 3, 0)","[(1, '?', 3, 2, '?')]"
"(1, 12, 1, 3, 11, 0)","[('?', 3, 3, 2, 1), ('?', 3, 3, 2, 1), ('?', 3, 3, 2, 1)]"
"(1, 12, 1, 3, 13, 0)","[('?', 3, 3, 2, 0)]"
"(1, 12, 1, 6, 1, 0)","[('?', 3, 3, 2, 2), ('?', 3, 3, 2, 2)]"
"(1, 12, 1, 6, 3, 0)","[('?', 3, 3, 2, 2), ('?', 3, 3, 2, 2)]"
"(1, 12, 1, 6, 9, 0)","[(1, 3, 3, 2, 2)]"
"(1, 12, 1, 6, 14, 0)","[(2, 3, 3, 2, 2), (2, 3, 3, 2, 2), (2, 3, 3, 2, 2), (2, 3, 3, 2, 2), (2, 3, 3, 2, 2)]"
"(1, 12, 1, 8, 11, 0)","[(0, 3, 3, 2, 1)]"
"(1, 12, 1, 9, 3, 0)","[(1, 3, 3, 2, '?')]"
"(1, 12, 1, 10, 3, 0)","[('?', 3, 3, 2, '?')]"
"(1, 12, 1, 14, 1, 0)","[(2, 3, 3, 2, '?'), (2, 3, 3, 2, '?')]"
"(1, 12, 1, 14, 3, 0)","[(2, 3, 3, 2, '?')]"
"(1, 12, 1, 14, 11, 0)","[(2, 3, 3, 2, 1), (2, 3, 3, 2, 1), (2, 3, 3, 2, 1), (2, 3, 3, 2, 1), (2, 3, 3, 2, 1)]"
"(1, 12, 1, 14, 13, 0)","[(2, 3, 3, 2, 0)]"
"(1, 12, 6, 6, 9, 0)","[(1, 3, 3, 2, 2)]"
"(2, 1, 1, 3, 3, 0)","[('?', 2, 3, 2, '?')]"
"(2, 1, 1, 3, 11, 0)","[('?', 2, 3, 2, 1)]"
"(2, 1, 1, 4, 7, 0)","[(0, 2, 3, 3, 2)]"
"(2, 1, 1, 5, 3, 0)","[('?', 2, 3, 2, 2)]"
"(2, 1, 3, 1, 11, 0)","[('?', 2, 3, 2, 1)]"
"(2, 1, 3, 3, 3, 0)","[('?', 2, 3, 2, '?'), ('?', 2, 3, 2, '?'), ('?', 2, 3, 2, '?')]"
"(2, 1, 3, 3, 13, 0)","[('?', 2, 3, 2, 0)]"
"(2, 1, 3, 7, 7, 0)","[('?', 2, 3, 3, 1)]"
"(2, 1, 3, 9, 3, 0)","[(1, 2, 3, 2, '?')]"
"(2, 1, 3, 9, 13, 0)","[(1, 2, 3, 2, 0)]"
"(2, 1, 3, 14, 1, 0)","[(2, 2, 3, 2, '?')]"
"(2, 1, 3, 14, 13, 0)","[(2, 2, 3, 2, 0)]"
"(2, 1, 6, 6, 3, 0)","[('?', 2, 3, 2, 2), ('?', 2, 3, 2, 2)]"
"(2, 1, 6, 6, 7, 0)","[('?', 2, 3, 3, 2), (1, 2, 3, 3, 2), (1, 2, 3, 3, 2), ('?', 2, 3, 3, 2)]"
"(2, 1, 6, 6, 9, 0)","[(1, 2, 3, 2, 2), (1, 2, 3, 2, 2), (1, 2, 3, 2, 2)]"
"(2, 1, 6, 14, 1, 0)","[(2, 2, 3, 2, 2), (2, 2, 3, 2, 2), (2, 2, 3, 2, 2)]"
"(2, 1, 8, 1, 3, 0)","[(0, 2, 3, 2, '?')]"
"(2, 1, 8, 3, 11, 0)","[(0, 2, 3, 2, 1)]"
"(2, 1, 8, 4, 7, 0)","[(0, 2, 3, 3, 2)]"
"(2, 1, 8, 6, 7, 0)","[(0, 2, 3, 3, 2), (0, 2, 3, 3, 2)]"
"(2, 1, 8, 7, 6, 0)","[(0, 2, 3, 3, 3)]"
"(2, 1, 8, 7, 7, 0)","[(0, 2, 3, 3, '?'), (0, 2, 3, 3, 1)]"
"(2, 1, 8, 7, 8, 0)","[(0, 2, 3, 3, '?')]"
"(2, 1, 8, 7, 11, 0)","[(0, 2, 3, 3, 1), (0, 2, 3, 3, 1)]"
"(2, 1, 8, 7, 13, 0)","[(0, 2, 3, 3, 0), (0, 2, 3, 3, 0), (0, 2, 3, 3, 0)]"
"(2, 1, 8, 8, 3, 0)","[(0, 2, 3, 2, '?')]"
"(2, 1, 9, 3, 3, 0)","[(1, 2, 3, 2, '?')]"
"(2, 1, 14, 1, 3, 0)","[(2, 2, 3, 2, '?')]"
"(2, 1, 14, 1, 6, 0)","[(2, 2, 3, 2, 3)]"
"(2, 1, 14, 1, 11, 0)","[(2, 2, 3, 2, 1), (2, 2, 3, 2, 1), (2, 2, 3, 2, 1), (2, 2, 3, 2, 1)]"
"(2, 1, 14, 1, 13, 0)","[(2, 2, 3, 2, 0), (2, 2, 3, 2, 0), (2, 2, 3, 2, 0), (2, 2, 3, 2, 0)]"
"(2, 1, 14, 1, 14, 0)","[(2, 2, 3, 2, '?'), (2, 2, 3, 2, '?'), (2, 2, 3, 2, '?')]"
"(2, 1, 14, 14, 1, 0)","[(2, 2, 3, 2, '?')]"
"(2, 2, 1, 3, 6, 0)","[('?', 2, 3, 0, 3), ('?', 2, 3, 0, 3)]"
"(2, 2, 1, 4, 4, 0)","[(0, 2, 3, 0, 2), (0, 2, 3, 0, 2)]"
"(2, 2, 1, 6, 3, 0)","[('?', 2, 3, 0, 2), ('?', 2, 3, 0, 2)]"
"(2, 2, 1, 6, 9, 0)","[(1, 2, 3, 0, 2)]"
"(2, 2, 1, 8, 3, 0)","[(0, 2, 3, 0, '?'), (0, 2, 3, 0, 2)]"
"(2, 2, 1, 9, 11, 0)","[(1, 2, 3, 0, 1)]"
"(2, 2, 1, 9, 13, 0)","[(1, 2, 3, 0, 0)]"
"(2, 2, 1, 14, 6, 0)","[(2, 2, 3, 0, 3), (2, 2, 3, 0, 3)]"
"(2, 2, 1, 14, 11, 0)","[(2, 2, 3, 0, 1)]"
"(2, 2, 3, 3, 3, 0)","[('?', 2, '?', 0, '?'), ('?', 2, '?', 0, 2)]"
"(2, 2, 3, 3, 6, 0)","[('?', 2, '?', 0, 3)]"
"(2, 2, 3, 3, 11, 0)","[('?', 2, '?', 0, 1), ('?', 2, '?', 0, 1)]"
"(2, 2, 3, 3, 13, 0)","[('?', 2, '?', 0, 0)]"
"(2, 2, 3, 4, 4, 0)","[(0, 2, '?', 0, 2), (0, 2, '?', 0, 2), (0, 2, '?', 0, 2)]"
"(2, 2, 3, 6, 3, 0)","[('?', 2, '?', 0, 2)]"
"(2, 2, 3, 6, 7, 0)","[(0, 2, 1, 3, 2)]"
"(2, 2, 3, 8, 3, 0)","[(0, 2, '?', 0, '?')]"
"(2, 2, 3, 8, 6, 0)","[(0, 2, '?', 0, 3)]"
"(2, 2, 3, 8, 11, 0)","[(0, 2, '?', 0, 1), (0, 2, '?', 0, 1), (0, 2, '?', 0, 1), (0, 2, '?', 0, 1)]"
"(2, 2, 3, 8, 13, 0)","[(0, 2, '?', 0, 0)]"
"(2, 2, 3, 9, 13, 0)","[(1, 2, '?', 0, 0)]"
"(2, 2, 3, 14, 3, 0)","[(2, 2, '?', 0, '?')]"
"(2, 2, 3, 14, 6, 0)","[(2, 2, '?', 0, 3)]"
"(2, 2, 4, 1, 3, 0)","[(3, 2, 3, 0, '?')]"
"(2, 2, 4, 1, 6, 0)","[(3, 2, 3, 0, 3)]"
"(2, 2, 4, 1, 11, 0)","[(3, 2, 3, 0, 1), (3, 2, 3, 0, 1)]"
"(2, 2, 4, 3, 11, 0)","[(3, 2, '?', 0, 1), (3, 2, '?', 0, 1), (3, 2, '?', 0, 1), (3, 2, '?', 0, 1)]"
"(2, 2, 4, 3, 13, 0)","[(3, 2, '?', 0, 0)]"
"(2, 2, 4, 4, 4, 0)","[(0, 2, 0, 0, 2)]"
"(2, 2, 4, 6, 1, 0)","[(3, 2, 3, 0, 2), (3, 2, 3, 0, 2), (3, 2, 3, 0, 2), (3, 2, 3, 0, 2)]"
"(2, 2, 4, 6, 10, 0)","[(3, 2, 1, 0, 2), (3, 2, 1, 0, 2)]"
"(2, 2, 4, 10, 3, 0)","[(3, 2, 1, 0, '?')]"
"(2, 2, 4, 10, 6, 0)","[(3, 2, 1, 0, 3), (3, 2, 1, 0, 3), (3, 2, 1, 0, 3)]"
"(2, 2, 4, 11, 6, 0)","[(3, 2, 2, 0, 3), (3, 2, 2, 0, 3), (3, 2, 2, 0, 3)]"
"(2, 2, 7, 3, 3, 0)","[('?', 2, 0, 0, '?')]"
"(2, 2, 7, 3, 6, 0)","[('?', 2, 0, 0, 3), ('?', 2, 0, 0, 3)]"
"(2, 2, 7, 3, 11, 0)","[('?', 2, 0, 0, 1), ('?', 2, 0, 0, 1)]"
"(2, 2, 7, 3, 13, 0)","[('?', 2, 0, 0, 0), ('?', 2, 0, 0, 0)]"
"(2, 2, 7, 4, 3, 0)","[(3, 2, 0, 0, '?')]"
"(2, 2, 7, 4, 4, 0)","[(0, 2, 0, 0, 2)]"
"(2, 2, 7, 4, 11, 0)","[(3, 2, 0, 0, 1), (3, 2, 0, 0, 1), (3, 2, 0, 0, 1)]"
"(2, 2, 7, 4, 13, 0)","[(3, 2, 0, 0, 0)]"
"(2, 2, 7, 6, 3, 0)","[('?', 2, 0, 0, 2), ('?', 2, 0, 0, 2)]"
"(2, 2, 7, 6, 9, 0)","[(1, 2, 0, 0, 2), (1, 2, 0, 0, 2)]"
"(2, 2, 7, 8, 3, 0)","[(0, 2, 0, 0, 2), (0, 2, 0, 0, '?'), (0, 2, 0, 0, '?'), (0, 2, 0, 0, '?')]"
"(2, 2, 7, 8, 6, 0)","[(0, 2, 0, 0, 3), (0, 2, 0, 0, 3)]"
"(2, 2, 7, 8, 11, 0)","[(0, 2, 0, 0, 1)]"
"(2, 2, 7, 8, 13, 0)","[(0, 2, 0, 0, 0), (0, 2, 0, 0, 0), (0, 2, 0, 0, 0), (0, 2, 0, 0, 0)]"
"(2, 2, 7, 9, 13, 0)","[(1, 2, 0, 0, 0), (1, 2, 0, 0, 0)]"
"(2, 2, 7, 14, 6, 0)","[(2, 2, 0, 0, 3), (2, 2, 0, 0, 3), (2, 2, 0, 0, 3), (2, 2, 0, 0, 3)]"
"(2, 2, 7, 14, 11, 0)","[(2, 2, 0, 0, 1)]"
"(2, 2, 9, 1, 9, 0)","[(1, 2, 3, 0, 2)]"
"(2, 2, 10, 3, 13, 0)","[('?', 2, 1, 0, 0)]"
"(2, 2, 10, 4, 4, 0)","[(0, 2, 1, 0, 2), (0, 2, 1, 0, 2), (0, 2, 1, 0, 2)]"
"(2, 2, 10, 6, 3, 0)","[('?', 2, 1, 0, 2), ('?', 2, 1, 0, 2), ('?', 2, 1, 0, 2), ('?', 2, 1, 0, 2)]"
"(2, 2, 10, 6, 9, 0)","[(1, 2, 1, 0, 2), (1, 2, 1, 0, 2)]"
"(2, 2, 10, 6, 14, 0)","[(2, 2, 1, 0, 2), (2, 2, 1, 0, 2), (2, 2, 1, 0, 2), (2, 2, 1, 0, 2)]"
"(2, 2, 10, 8, 3, 0)","[(0, 2, 1, 0, '?'), (0, 2, 1, 0, '?'), (0, 2, 1, 0, '?'), (0, 2, 1, 0, '?')]"
"(2, 2, 10, 8, 6, 0)","[(0, 2, 1, 0, 3), (0, 2, 1, 0, 3), (0, 2, 1, 0, 3), (0, 2, 1, 0, 3)]"
"(2, 2, 10, 8, 11, 0)","[(0, 2, 1, 0, 1), (0, 2, 1, 0, 1)]"
"(2, 2, 10, 8, 13, 0)","[(0, 2, 1, 0, 0), (0, 2, 1, 0, 0)]"
"(2, 2, 10, 9, 13, 0)","[(1, 2, 1, 0, 0), (1, 2, 1, 0, 0)]"
"(2, 2, 10, 10, 6, 0)","[('?', 2, 1, 0, 3)]"
"(2, 2, 10, 10, 11, 0)","[('?', 2, 1, 0, 1), ('?', 2, 1, 0, 1), ('?', 2, 1, 0, 1)]"
"(2, 2, 10, 10, 13, 0)","[('?', 2, 1, 0, 0)]"
"(2, 2, 10, 14, 3, 0)","[(2, 2, 1, 0, '?'), (2, 2, 1, 0, '?'), (2, 2, 1, 0, '?')]"
"(2, 2, 10, 14, 6, 0)","[(2, 2, 1, 0, 3)]"
"(2, 2, 11, 3, 3, 0)","[('?', 2, 2, 0, '?')]"
"(2, 2, 11, 3, 13, 0)","[('?', 2, 2, 0, 0), ('?', 2, 2, 0, 0), ('?', 2, 2, 0, 0), ('?', 2, 2, 0, 0), ('?', 2, 2, 0, 0)]"
"(2, 2, 11, 6, 3, 0)","[('?', 2, 2, 0, 2), ('?', 2, 2, 0, 2), ('?', 2, 2, 0, 2)]"
"(2, 2, 11, 6, 14, 0)","[(2, 2, 2, 0, 2), (2, 2, 2, 0, 2)]"
"(2, 2, 11, 8, 3, 0)","[(0, 2, 2, 0, '?')]"
"(2, 2, 11, 8, 6, 0)","[(0, 2, 2, 0, 3)]"
"(2, 2, 11, 9, 3, 0)","[(1, 2, 2, 0, '?'), (1, 2, 2, 0, 2)]"
"(2, 2, 11, 9, 9, 0)","[(1, 2, 2, 0, 1)]"
"(2, 2, 11, 9, 11, 0)","[(1, 2, 2, 0, 1)]"
"(2, 2, 11, 9, 13, 0)","[(1, 2, 2, 0, 0), (1, 2, 2, 0, 0)]"
"(2, 2, 11, 14, 3, 0)","[(2, 2, 2, 0, '?')]"
"(2, 2, 11, 14, 6, 0)","[(2, 2, 2, 0, 3)]"
"(2, 2, 11, 14, 11, 0)","[(2, 2, 2, 0, 1)]"
"(2, 2, 11, 14, 13, 0)","[(2, 2, 2, 0, 0), (2, 2, 2, 0, 0)]"
"(2, 2, 14, 1, 14, 0)","[(2, 2, 3, 0, '?')]"
"(2, 2, 14, 3, 13, 0)","[(2, 2, '?', 0, 0)]"
"(2, 2, 14, 3, 14, 0)","[(2, 2, '?', 0, '?')]"
"(2, 2, 14, 14, 11, 0)","[(2, 2, '?', 0, 1)]"
"(2, 3, 1, 3, 3, 0)","[('?', 2, 3, 2, '?')]"
"(2, 3, 1, 3, 11, 0)","[('?', 2, 3, 2, 1)]"
"(2, 3, 1, 3, 13, 0)","[('?', 2, 3, 2, 0)]"
"(2, 3, 1, 9, 13, 0)","[(1, 2, 3, 2, 0)]"
"(2, 3, 3, 3, 3, 0)","[('?', 2, '?', 2, '?'), ('?', 2, '?', 2, '?'), ('?', 2, '?', 2, '?'), ('?', 2, '?', 2, '?'), ('?', 2, '?', 2, '?')]"
"(2, 3, 3, 3, 6, 0)","[('?', 2, '?', 2, 3)]"
"(2, 3, 3, 3, 11, 0)","[('?', 2, '?', 2, 1), ('?', 2, '?', 2, 1)]"
"(2, 3, 3, 4, 7, 0)","[(0, 2, '?', 3, 2)]"
"(2, 3, 3, 6, 3, 0)","[('?', 2, 1, 2, 2)]"
"(2, 3, 3, 6, 9, 0)","[(1, 2, '?', 2, 2), (1, 2, 1, 2, 2)]"
"(2, 3, 3, 6, 14, 0)","[(2, 2, '?', 2, 2)]"
"(2, 3, 3, 7, 6, 0)","[('?', 2, '?', 3, 3), ('?', 2, '?', 3, 3)]"
"(2, 3, 3, 7, 7, 0)","[('?', 2, '?', 3, 1), ('?', 2, '?', 3, 1), ('?', 2, '?', 3, 1), ('?', 2, '?', 3, '?')]"
"(2, 3, 3, 7, 11, 0)","[('?', 2, '?', 3, 1), ('?', 2, '?', 3, 1), ('?', 2, '?', 3, 1)]"
"(2, 3, 3, 7, 13, 0)","[('?', 2, '?', 3, 0), ('?', 2, '?', 3, 0), ('?', 2, '?', 3, 0)]"
"(2, 3, 3, 8, 6, 0)","[(0, 2, '?', 2, 3), (0, 2, '?', 2, 3)]"
"(2, 3, 3, 9, 3, 0)","[(1, 2, '?', 2, '?'), (1, 2, '?', 2, '?'), (1, 2, '?', 2, '?'), (1, 2, '?', 2, '?')]"
"(2, 3, 3, 9, 6, 0)","[(1, 2, '?', 2, 3), (1, 2, '?', 2, 3), (1, 2, '?', 2, 3), (1, 2, '?', 2, 3)]"
"(2, 3, 3, 9, 13, 0)","[(1, 2, '?', 2, 0), (1, 2, '?', 2, 0), (1, 2, '?', 2, 0), (1, 2, '?', 2, 0), (1, 2, '?', 2, 0), (1, 2, '?', 2, 0), (1, 2, '?', 2, 0)]"
"(2, 3, 3, 14, 3, 0)","[(2, 2, 1, 2, '?'), (2, 2, '?', 2, '?')]"
"(2, 3, 3, 14, 13, 0)","[(2, 2, '?', 2, 0), (2, 2, '?', 2, 0)]"
"(2, 3, 6, 6, 3, 0)","[('?', 2, '?', 2, 2), ('?', 2, '?', 2, 2)]"
"(2, 3, 6, 6, 9, 0)","[(1, 2, 1, 2, 2)]"
"(2, 3, 7, 3, 13, 0)","[('?', 2, 0, 2, 0), ('?', 2, 0, 2, 0), ('?', 2, 0, 2, 0)]"
"(2, 3, 7, 9, 11, 0)","[(1, 2, 0, 2, 1)]"
"(2, 3, 7, 9, 13, 0)","[(1, 2, 0, 2, 0)]"
"(2, 3, 8, 7, 7, 0)","[(0, 2, '?', 3, '?')]"
"(2, 3, 8, 7, 11, 0)","[(0, 2, '?', 3, 1), (0, 2, '?', 3, 1)]"
"(2, 3, 10, 3, 13, 0)","[('?', 2, 1, 2, 0)]"
"(2, 3, 10, 7, 13, 0)","[('?', 2, 1, 3, 0)]"
"(2, 3, 10, 10, 6, 0)","[('?', 2, 1, 2, 3)]"
"(2, 3, 10, 10, 11, 0)","[('?', 2, 1, 2, 1)]"
"(2, 3, 11, 3, 3, 0)","[('?', 2, 2, 2, '?'), ('?', 2, 2, 2, '?')]"
"(2, 3, 11, 3, 13, 0)","[('?', 2, 2, 2, 0)]"
"(2, 3, 14, 3, 14, 0)","[(2, 2, '?', 2, '?')]"
"(2, 3, 14, 14, 3, 0)","[(2, 2, 1, 2, '?')]"
"(2, 4, 1, 3, 3, 0)","[(3, 2, 3, 2, 0), (3, 2, 3, 2, 0), (3, 2, 3, 2, 0), (3, 2, 3, 2, '?'), (3, 2, 3, 2, 0), (3, 2, 3, 2, '?'), (3, 2, 3, 2, '?'), (3, 2, 3, 2, '?'), (3, 2, 3, 2, '?'), (3, 2, 3, 2, '?')]"
"(2, 4, 1, 3, 6, 0)","[(3, 2, 3, 2, 3)]"
"(2, 4, 1, 3, 11, 0)","[(3, 2, 3, 2, 1), (3, 2, 3, 2, 1), (3, 2, 3, 2, 1), (3, 2, 3, 2, 1)]"
"(2, 4, 1, 6, 3, 0)","[(3, 2, 3, 2, 2), (3, 2, 3, 2, 2), (3, 2, 3, 2, 2)]"
"(2, 4, 1, 6, 7, 0)","[(3, 2, 3, 3, 2)]"
"(2, 4, 1, 7, 6, 0)","[(3, 2, 3, 3, 3)]"
"(2, 4, 1, 7, 7, 0)","[(3, 2, 3, 3, '?'), (3, 2, 3, 3, '?'), (3, 2, 3, 3, '?')]"
"(2, 4, 1, 7, 11, 0)","[(3, 2, 3, 3, 1), (3, 2, 3, 3, 1)]"
"(2, 4, 1, 7, 13, 0)","[(3, 2, 3, 3, 0), (3, 2, 3, 3, 0), (3, 2, 3, 3, 0), (3, 2, 3, 3, 0)]"
"(2, 4, 1, 9, 6, 0)","[(3, 2, 3, 2, 3), (3, 2, 3, 2, 3)]"
"(2, 4, 1, 9, 13, 0)","[(3, 2, 3, 2, 0), (3, 2, 3, 2, 0), (3, 2, 3, 2, 0), (3, 2, 3, 2, 0)]"
"(2, 4, 3, 3, 3, 0)","[(3, 2, '?', 2, '?'), (3, 2, '?', 2, '?'), (3, 2, 1, 2, '?')]"
"(2, 4, 3, 3, 11, 0)","[(3, 2, '?', 2, 1), (3, 2, '?', 2, 1), (3, 2, '?', 2, 1)]"
"(2, 4, 3, 6, 7, 0)","[(3, 2, 1, 3, 2), (3, 2, '?', 3, 2), (3, 2, '?', 3, 2), (3, 2, 1, 3, 2)]"
"(2, 4, 3, 6, 9, 0)","[(3, 2, '?', 2, 2), (3, 2, '?', 2, 2), (3, 2, '?', 2, 2)]"
"(2, 4, 3, 7, 6, 0)","[(3, 2, '?', 3, 3), (3, 2, '?', 3, 3)]"
"(2, 4, 3, 7, 13, 0)","[(3, 2, '?', 3, 0), (3, 2, '?', 3, 0), (3, 2, '?', 3, 0), (3, 2, '?', 3, 0), (3, 2, '?', 3, 0)]"
"(2, 4, 3, 8, 13, 0)","[(0, 2, '?', 2, 0), (0, 2, '?', 2, 0)]"
"(2, 4, 3, 9, 3, 0)","[(3, 2, '?', 2, '?'), (3, 2, '?', 2, '?'), (3, 2, '?', 2, '?'), (3, 2, '?', 2, '?')]"
"(2, 4, 3, 9, 11, 0)","[(3, 2, '?', 2, 1), (3, 2, '?', 2, 1)]"
"(2, 4, 6, 6, 3, 0)","[(3, 2, '?', 2, 2)]"
"(2, 4, 6, 6, 9, 0)","[(3, 2, 0, 2, 2)]"
"(2, 4, 6, 6, 11, 0)","[(3, 2, 2, 2, 2), (3, 2, 2, 2, 2)]"
"(2, 4, 6, 7, 7, 0)","[(3, 2, 2, 3, 2)]"
"(2, 4, 7, 6, 3, 0)","[(3, 2, 0, 2, 2)]"
"(2, 4, 7, 6, 9, 0)","[(3, 2, 0, 2, 2), (3, 2, 0, 2, 2)]"
"(2, 4, 7, 7, 6, 0)","[(3, 2, 0, 3, 3), (3, 2, 0, 3, 3)]"
"(2, 4, 7, 7, 11, 0)","[(3, 2, 0, 3, 1), (3, 2, 0, 3, 1), (3, 2, 0, 3, 1)]"
"(2, 4, 7, 7, 13, 0)","[(3, 2, 0, 3, 0), (3, 2, 0, 3, 0)]"
"(2, 4, 7, 8, 3, 0)","[(0, 2, 0, 2, '?'), (0, 2, 0, 2, '?'), (0, 2, 0, 2, '?'), (0, 2, 0, 2, '?')]"
"(2, 4, 7, 8, 11, 0)","[(0, 2, '?', 2, 1)]"
"(2, 4, 7, 9, 3, 0)","[(3, 2, 0, 2, '?'), (3, 2, 0, 2, '?'), (3, 2, 0, 2, '?'), (3, 2, 0, 2, '?'), (3, 2, 0, 2, '?')]"
"(2, 4, 7, 9, 6, 0)","[(3, 2, 0, 2, 3), (3, 2, 0, 2, 3), (3, 2, 0, 2, 3), (3, 2, 0, 2, 3), (3, 2, 0, 2, 3)]"
"(2, 4, 7, 9, 11, 0)","[(3, 2, 0, 2, 1), (3, 2, 0, 2, 1), (3, 2, 0, 2, 1), (3, 2, 0, 2, 1)]"
"(2, 4, 10, 3, 6, 0)","[(3, 2, 1, 2, 3)]"
"(2, 4, 10, 3, 13, 0)","[(3, 2, 1, 2, 0), (3, 2, 1, 2, 0), (3, 2, 1, 2, 0)]"
"(2, 4, 10, 6, 3, 0)","[(3, 2, 1, 2, 2), (3, 2, 1, 2, 2)]"
"(2, 4, 10, 6, 7, 0)","[(3, 2, 1, 3, 2), (3, 2, 1, 3, 2)]"
"(2, 4, 10, 6, 9, 0)","[(3, 2, 1, 2, 2), (3, 2, 1, 2, 2)]"
"(2, 4, 10, 7, 6, 0)","[(3, 2, 1, 3, 3)]"
"(2, 4, 10, 7, 7, 0)","[(3, 2, 1, 3, '?'), (3, 2, 1, 3, '?'), (3, 2, 1, 3, '?'), (3, 2, 1, 3, '?'), (3, 2, 1, 3, '?')]"
"(2, 4, 10, 8, 3, 0)","[(0, 2, 1, 2, '?')]"
"(2, 4, 10, 8, 6, 0)","[(0, 2, 1, 2, 3), (0, 2, 1, 2, 3)]"
"(2, 4, 10, 9, 3, 0)","[(3, 2, 1, 2, '?'), (3, 2, 1, 2, '?'), (3, 2, 1, 2, '?')]"
"(2, 4, 10, 9, 13, 0)","[(3, 2, 1, 2, 0), (3, 2, 1, 2, 0)]"
"(2, 4, 11, 3, 3, 0)","[(3, 2, 2, 2, '?'), (3, 2, 2, 2, '?'), (3, 2, 2, 2, '?')]"
"(2, 4, 11, 3, 6, 0)","[(3, 2, 2, 2, 3), (3, 2, 2, 2, 3)]"
"(2, 4, 11, 3, 11, 0)","[(3, 2, 2, 2, 1), (3, 2, 2, 2, 1), (3, 2, 2, 2, 1)]"
"(2, 4, 11, 3, 13, 0)","[(3, 2, 2, 2, 0), (3, 2, 2, 2, 0)]"
"(2, 4, 11, 4, 4, 0)","[(0, 2, 2, 2, 2), (0, 2, 2, 2, 2)]"
"(2, 4, 11, 6, 3, 0)","[(3, 2, 2, 2, 2)]"
"(2, 4, 11, 6, 7, 0)","[(3, 2, 2, 3, 2)]"
"(2, 4, 11, 7, 11, 0)","[(3, 2, 2, 3, 1)]"
"(2, 4, 11, 7, 13, 0)","[(3, 2, 2, 3, 0)]"
"(2, 4, 11, 8, 6, 0)","[(0, 2, 2, 2, 3)]"
"(2, 4, 11, 9, 3, 0)","[(3, 2, 2, 2, '?')]"
"(2, 4, 11, 9, 6, 0)","[(3, 2, 2, 2, 3)]"
"(2, 6, 1, 3, 3, 0)","[('?', 2, 3, 2, '?')]"
"(2, 6, 1, 6, 9, 0)","[(1, 2, 3, 2, 2)]"
"(2, 6, 1, 7, 6, 0)","[(3, 2, 3, 3, 3)]"
"(2, 6, 1, 7, 7, 0)","[('?', 2, 3, 3, '?'), ('?', 2, 3, 3, '?')]"
"(2, 6, 1, 7, 11, 0)","[('?', 2, 3, 3, 1), ('?', 2, 3, 3, 1), (3, 2, 3, 3, 1)]"
"(2, 6, 1, 7, 13, 0)","[(3, 2, 3, 3, 0)]"
"(2, 6, 1, 9, 3, 0)","[(1, 2, 3, 2, '?'), (1, 2, 3, 2, '?')]"
"(2, 6, 1, 9, 6, 0)","[(1, 2, 3, 2, 3), (1, 2, 3, 2, 3)]"
"(2, 6, 1, 9, 13, 0)","[(1, 2, 3, 2, 0)]"
"(2, 6, 1, 14, 13, 0)","[(2, 2, 3, 2, 0), (2, 2, 3, 2, 0)]"
"(2, 6, 3, 4, 7, 0)","[(0, 2, '?', 3, 2), (0, 2, '?', 3, 2)]"
"(2, 6, 3, 6, 14, 0)","[(2, 2, '?', 2, 2)]"
"(2, 6, 3, 7, 6, 0)","[('?', 2, '?', 3, 3), ('?', 2, '?', 3, 3)]"
"(2, 6, 3, 7, 7, 0)","[('?', 2, '?', 3, '?')]"
"(2, 6, 3, 7, 13, 0)","[('?', 2, '?', 3, 0)]"
"(2, 6, 3, 8, 13, 0)","[(0, 2, '?', 2, 0)]"
"(2, 6, 3, 9, 3, 0)","[(1, 2, '?', 2, '?'), (1, 2, '?', 2, '?')]"
"(2, 6, 3, 14, 13, 0)","[(2, 2, '?', 2, 0), (2, 2, '?', 2, 0)]"
"(2, 6, 4, 7, 6, 0)","[(3, 2, '?', 3, 3)]"
"(2, 6, 7, 3, 3, 0)","[('?', 2, 0, 2, 0)]"
"(2, 6, 7, 3, 6, 0)","[('?', 2, 0, 2, 3), ('?', 2, 0, 2, 3)]"
"(2, 6, 7, 3, 13, 0)","[('?', 2, 0, 2, 0)]"
"(2, 6, 7, 4, 4, 0)","[(0, 2, 0, 2, 2)]"
"(2, 6, 7, 6, 3, 0)","[('?', 2, 0, 2, 2), ('?', 2, 0, 2, 2)]"
"(2, 6, 7, 6, 7, 0)","[('?', 2, 0, 3, 2)]"
"(2, 6, 7, 6, 9, 0)","[(1, 2, 0, 2, 2), (1, 2, 0, 2, 2)]"
"(2, 6, 7, 9, 3, 0)","[(1, 2, 0, 2, '?'), (1, 2, 0, 2, 0)]"
"(2, 6, 7, 9, 6, 0)","[(1, 2, 0, 2, 3), (1, 2, 0, 2, 3), (1, 2, 0, 2, 3)]"
"(2, 6, 7, 9, 11, 0)","[(1, 2, 0, 2, 1), (1, 2, 0, 2, 1)]"
"(2, 6, 7, 9, 13, 0)","[(1, 2, 0, 2, 0), (1, 2, 0, 2, 0), (1, 2, 0, 2, 0), (1, 2, 0, 2, 0), (1, 2, 0, 2, 0), (1, 2, 0, 2, 0)]"
"(2, 6, 7, 14, 6, 0)","[(2, 2, 0, 2, 3)]"
"(2, 6, 7, 14, 11, 0)","[(2, 2, 0, 2, 1), (2, 2, 0, 2, 1), (2, 2, 0, 2, 1)]"
"(2, 6, 7, 14, 13, 0)","[(2, 2, 0, 2, 0)]"
"(2, 6, 8, 7, 7, 0)","[(0, 2, '?', 3, '?')]"
"(2, 6, 8, 7, 11, 0)","[(0, 2, '?', 3, 1)]"
"(2, 6, 8, 7, 13, 0)","[(0, 2, '?', 3, 0), (0, 2, 1, 3, 0), (0, 2, '?', 3, 0)]"
"(2, 6, 10, 6, 3, 0)","[(3, 2, 1, 2, 2)]"
"(2, 6, 10, 7, 6, 0)","[('?', 2, 1, 3, 3), ('?', 2, 1, 3, 3)]"
"(2, 6, 10, 7, 11, 0)","[('?', 2, 1, 3, 1)]"
"(2, 6, 10, 7, 13, 0)","[('?', 2, 1, 3, 0)]"
"(2, 6, 10, 9, 13, 0)","[(1, 2, 1, 2, 0), (1, 2, 1, 2, 0)]"
"(2, 6, 10, 10, 6, 0)","[('?', 2, 1, 2, 3), ('?', 2, 1, 2, 3)]"
"(2, 6, 10, 10, 11, 0)","[('?', 2, 1, 2, 1)]"
"(2, 6, 10, 14, 3, 0)","[(2, 2, 1, 2, '?')]"
"(2, 6, 11, 3, 6, 0)","[('?', 2, 2, 2, 3)]"
"(2, 6, 11, 4, 4, 0)","[(0, 2, 2, 2, 2)]"
"(2, 6, 11, 6, 3, 0)","[('?', 2, 2, 2, 2)]"
"(2, 6, 11, 6, 7, 0)","[('?', 2, 2, 3, 2)]"
"(2, 6, 14, 1, 11, 0)","[(2, 2, 3, 2, 1)]"
"(2, 6, 14, 3, 14, 0)","[(2, 2, '?', 2, '?')]"
"(2, 6, 14, 14, 3, 0)","[(2, 2, '?', 2, '?')]"
"(2, 6, 14, 14, 13, 0)","[(2, 2, '?', 2, 0)]"
"(2, 7, 3, 3, 13, 0)","[('?', 2, 0, 2, 0)]"
"(2, 7, 3, 9, 11, 0)","[(1, 2, 0, 2, 1)]"
"(2, 7, 3, 9, 13, 0)","[(1, 2, 0, 2, 0)]"
"(2, 7, 6, 6, 7, 0)","[('?', 2, 0, 3, 2), ('?', 2, 0, 3, 2)]"
"(2, 7, 6, 6, 14, 0)","[(2, 2, 0, 2, 2)]"
"(2, 7, 6, 14, 3, 0)","[(2, 2, 0, 2, 2)]"
"(2, 7, 7, 3, 3, 0)","[('?', 2, 0, 2, 0)]"
"(2, 7, 7, 6, 7, 0)","[(0, 2, 0, 3, 2), (0, 2, 0, 3, 2), (0, 2, 0, 3, 2)]"
"(2, 7, 7, 7, 6, 0)","[('?', 2, 0, 3, 3), (0, 2, 0, 3, 3)]"
"(2, 7, 7, 7, 7, 0)","[('?', 2, 0, 3, '?'), ('?', 2, 0, 3, '?')]"
"(2, 7, 7, 7, 13, 0)","[(0, 2, 0, 3, 0)]"
"(2, 7, 7, 8, 6, 0)","[(0, 2, 0, 3, 3)]"
"(2, 7, 7, 8, 7, 0)","[(0, 2, 0, 3, '?')]"
"(2, 7, 7, 8, 11, 0)","[(0, 2, 0, 3, 1)]"
"(2, 7, 7, 9, 3, 0)","[(1, 2, 0, 2, '?')]"
"(2, 7, 7, 9, 11, 0)","[(1, 2, 0, 2, 1)]"
"(2, 7, 7, 14, 6, 0)","[(2, 2, 0, 2, 3)]"
"(2, 7, 9, 3, 3, 0)","[(1, 2, 0, 2, '?')]"
"(2, 7, 14, 3, 11, 0)","[(2, 2, 0, 2, 1), (2, 2, 0, 2, 1)]"
"(2, 7, 14, 3, 13, 0)","[(2, 2, 0, 2, 0), (2, 2, 0, 2, 0)]"
"(2, 7, 14, 14, 13, 0)","[(2, 2, 0, 2, 0), (2, 2, 0, 2, 0), (2, 2, 0, 2, 0), (2, 2, 0, 2, 0)]"
"(2, 9, 1, 6, 9, 0)","[(1, 2, 3, 2, 2)]"
"(2, 9, 1, 7, 6, 0)","[(1, 2, 3, 3, 3), (1, 2, 3, 3, 3), (1, 2, 3, 3, 3), (1, 2, 3, 3, 3)]"
"(2, 9, 1, 7, 7, 0)","[(1, 2, 3, 3, '?'), (1, 2, 3, 3, '?')]"
"(2, 9, 1, 7, 9, 0)","[(1, 2, 3, 3, '?')]"
"(2, 9, 1, 7, 11, 0)","[(1, 2, 3, 3, 1), (1, 2, 3, 3, 1), (1, 2, 3, 3, 1)]"
"(2, 9, 1, 7, 13, 0)","[(1, 2, 3, 3, 0), (1, 2, 3, 3, 0), (1, 2, 3, 3, 0)]"
"(2, 9, 3, 6, 7, 0)","[(1, 2, 1, 3, 2), (1, 2, 1, 3, 2), (1, 2, '?', 3, 2)]"
"(2, 9, 3, 6, 9, 0)","[(1, 2, '?', 2, 2)]"
"(2, 9, 3, 7, 6, 0)","[(1, 2, '?', 3, 3)]"
"(2, 9, 3, 7, 7, 0)","[(1, 2, '?', 3, '?'), (1, 2, '?', 3, '?')]"
"(2, 9, 3, 7, 9, 0)","[(1, 2, '?', 3, '?')]"
"(2, 9, 3, 7, 11, 0)","[(1, 2, '?', 3, 1), (1, 2, '?', 3, 1), (1, 2, '?', 3, 1), (1, 2, '?', 3, 1), (1, 2, '?', 3, 1)]"
"(2, 9, 3, 7, 13, 0)","[(1, 2, '?', 3, 0), (1, 2, '?', 3, 0), (1, 2, '?', 3, 0), (1, 2, '?', 3, 0)]"
"(2, 9, 6, 6, 7, 0)","[(1, 2, '?', 3, 2), (1, 2, 1, 3, 2), (1, 2, 0, 3, 2), (1, 2, 0, 3, 2)]"
"(2, 9, 6, 7, 6, 0)","[(1, 2, 0, 3, 2)]"
"(2, 9, 6, 7, 7, 0)","[(1, 2, 0, 3, 2)]"
"(2, 9, 7, 6, 7, 0)","[(1, 2, 0, 3, 2)]"
"(2, 9, 7, 7, 11, 0)","[(1, 2, 0, 3, 1), (1, 2, 0, 3, 1), (1, 2, 0, 3, 1)]"
"(2, 9, 7, 7, 13, 0)","[(1, 2, 0, 3, 0), (1, 2, 0, 3, 0), (1, 2, 0, 3, 0)]"
"(2, 9, 10, 6, 7, 0)","[(1, 2, 1, 3, 2)]"
"(2, 9, 10, 7, 7, 0)","[(1, 2, 1, 3, '?')]"
"(2, 9, 10, 7, 9, 0)","[(1, 2, 1, 3, '?')]"
"(2, 9, 10, 7, 13, 0)","[('?', 2, 1, 3, 0)]"
"(2, 9, 10, 9, 13, 0)","[(1, 2, 1, 2, 0)]"
"(2, 9, 11, 6, 7, 0)","[(1, 2, 2, 3, 2)]"
"(2, 9, 11, 7, 6, 0)","[(1, 2, 2, 3, 3)]"
"(2, 9, 11, 7, 7, 0)","[(1, 2, 2, 3, '?'), (1, 2, 2, 3, '?'), (1, 2, 2, 3, '?')]"
"(2, 9, 11, 7, 11, 0)","[(1, 2, 2, 3, 1), (1, 2, 2, 3, 1), (1, 2, 2, 3, 1)]"
"(2, 9, 11, 9, 3, 0)","[(1, 2, 2, 2, '?')]"
"(2, 9, 11, 9, 13, 0)","[(1, 2, 2, 2, 0)]"
"(2, 10, 3, 6, 7, 0)","[('?', 2, 1, 3, 2), ('?', 2, 1, 3, 2)]"
"(2, 10, 3, 7, 7, 0)","[('?', 2, 1, 3, '?')]"
"(2, 10, 3, 10, 3, 0)","[('?', 2, 1, 2, '?')]"
"(2, 10, 3, 10, 13, 0)","[('?', 2, 1, 2, 0)]"
"(2, 10, 6, 3, 10, 0)","[('?', 2, 1, 2, 2)]"
"(2, 10, 6, 6, 14, 0)","[(2, 2, 1, 2, 2), (2, 2, 1, 2, 2), (2, 2, 1, 2, 2)]"
"(2, 10, 6, 14, 10, 0)","[(2, 2, 1, 2, 2), (2, 2, 1, 2, 2)]"
"(2, 10, 10, 3, 3, 0)","[('?', 2, 1, 2, '?'), ('?', 2, 1, 2, '?'), ('?', 2, 1, 2, '?')]"
"(2, 10, 10, 3, 11, 0)","[('?', 2, 1, 2, 1)]"
"(2, 10, 10, 3, 13, 0)","[('?', 2, 1, 2, 0), ('?', 2, 1, 2, 0)]"
"(2, 10, 10, 4, 7, 0)","[(0, 2, 1, 3, 2), (0, 2, 1, 3, 2)]"
"(2, 10, 10, 6, 7, 0)","[('?', 2, 1, 3, 2)]"
"(2, 10, 10, 7, 6, 0)","[(0, 2, 1, 3, 3), ('?', 2, 1, 3, 3)]"
"(2, 10, 10, 7, 7, 0)","[('?', 2, 1, 3, '?'), (0, 2, 1, 3, '?'), (0, 2, 1, 3, '?'), ('?', 2, 1, 3, '?')]"
"(2, 10, 10, 7, 11, 0)","[('?', 2, 1, 3, 1)]"
"(2, 10, 10, 8, 6, 0)","[(0, 2, 1, 3, 3)]"
"(2, 10, 10, 8, 7, 0)","[(0, 2, 1, 3, '?'), (0, 2, 1, 3, '?')]"
"(2, 10, 10, 8, 11, 0)","[(0, 2, 1, 3, 1)]"
"(2, 10, 10, 9, 6, 0)","[(1, 2, 1, 2, 3)]"
"(2, 10, 10, 9, 11, 0)","[(1, 2, 1, 2, 1), (1, 2, 1, 2, 1), (1, 2, 1, 2, 1), (1, 2, 1, 2, 1)]"
"(2, 10, 10, 10, 3, 0)","[('?', 2, 1, 2, '?')]"
"(2, 10, 10, 10, 11, 0)","[('?', 2, 1, 2, 1), ('?', 2, 1, 2, 1), ('?', 2, 1, 2, 1)]"
"(2, 10, 10, 10, 13, 0)","[('?', 2, 1, 2, 0), ('?', 2, 1, 2, 0)]"
"(2, 10, 10, 14, 3, 0)","[(2, 2, 1, 2, '?')]"
"(2, 10, 10, 14, 6, 0)","[(2, 2, 1, 2, 3)]"
"(2, 10, 10, 14, 13, 0)","[(2, 2, 1, 2, 0), (2, 2, 1, 2, 0)]"
"(2, 10, 14, 3, 14, 0)","[(2, 2, 1, 2, '?')]"
"(2, 10, 14, 10, 11, 0)","[(2, 2, 1, 2, 1), (2, 2, 1, 2, 1), (2, 2, 1, 2, 1)]"
"(2, 10, 14, 10, 13, 0)","[(2, 2, 1, 2, 0), (2, 2, 1, 2, 0)]"
"(2, 10, 14, 10, 14, 0)","[(2, 2, 1, 2, '?')]"
"(2, 11, 3, 3, 3, 0)","[('?', 2, 2, 2, '?')]"
"(2, 11, 3, 3, 6, 0)","[('?', 2, 2, 2, 3), ('?', 2, 2, 2, 3)]"
"(2, 11, 3, 3, 11, 0)","[('?', 2, 2, 2, 1)]"
"(2, 11, 3, 3, 13, 0)","[('?', 2, 2, 2, 0)]"
"(2, 11, 3, 4, 4, 0)","[(0, 2, 2, 2, 2)]"
"(2, 11, 3, 4, 7, 0)","[(0, 2, 2, 3, 2)]"
"(2, 11, 3, 6, 3, 0)","[('?', 2, 2, 2, 2), ('?', 2, 2, 2, 2)]"
"(2, 11, 3, 6, 7, 0)","[('?', 2, 2, 3, 2)]"
"(2, 11, 3, 7, 6, 0)","[(0, 2, 2, 3, 3)]"
"(2, 11, 3, 7, 7, 0)","[('?', 2, 2, 3, '?'), (1, 2, 2, 3, '?')]"
"(2, 11, 3, 7, 8, 0)","[(0, 2, 2, 3, '?')]"
"(2, 11, 3, 8, 3, 0)","[(0, 2, 2, 2, '?')]"
"(2, 11, 3, 8, 6, 0)","[(0, 2, 2, 3, 3)]"
"(2, 11, 3, 8, 11, 0)","[(0, 2, 2, 2, 1)]"
"(2, 11, 3, 9, 3, 0)","[(1, 2, 2, 2, '?'), (1, 2, 2, 2, '?'), (1, 2, 2, 2, '?'), (1, 2, 2, 2, '?')]"
"(2, 11, 3, 9, 13, 0)","[(1, 2, 2, 2, 0), (1, 2, 2, 2, 0)]"
"(2, 11, 3, 14, 6, 0)","[(2, 2, 2, 2, 3)]"
"(2, 11, 4, 4, 7, 0)","[(0, 2, 2, 3, 2)]"
"(2, 11, 4, 7, 13, 0)","[(3, 2, 2, 3, 0)]"
"(2, 11, 6, 6, 7, 0)","[(2, 2, 2, 3, 2)]"
"(2, 11, 6, 6, 9, 0)","[(1, 2, 2, 2, 2)]"
"(2, 11, 6, 7, 5, 0)","[(1, 2, 2, 3, 2)]"
"(2, 11, 8, 6, 7, 0)","[(0, 2, 2, 3, 2), (0, 2, 2, 3, 2), (0, 2, 2, 3, 2)]"
"(2, 11, 8, 7, 3, 0)","[(0, 2, 2, 3, '?')]"
"(2, 11, 8, 7, 6, 0)","[(0, 2, 2, 3, 3), (0, 2, 2, 3, 3), (0, 2, 2, 3, 3)]"
"(2, 11, 8, 7, 7, 0)","[(0, 2, 2, 3, '?')]"
"(2, 11, 8, 7, 13, 0)","[(0, 2, 2, 3, 0), (0, 2, 2, 3, 0), (0, 2, 2, 3, 0), (0, 2, 2, 3, 0), (0, 2, 2, 3, 0)]"
"(2, 11, 9, 3, 3, 0)","[(1, 2, 2, 2, '?')]"
"(2, 11, 9, 7, 6, 0)","[(1, 2, 2, 3, 3)]"
"(2, 11, 9, 7, 11, 0)","[(1, 2, 2, 3, 1)]"
"(2, 11, 11, 3, 13, 0)","[('?', 2, 2, 2, 0)]"
"(2, 11, 11, 7, 11, 0)","[(3, 2, 2, 3, 1)]"
"(2, 11, 11, 9, 13, 0)","[(1, 2, 2, 2, 0)]"
"(2, 11, 14, 3, 6, 0)","[(2, 2, 2, 2, 3)]"
"(2, 11, 14, 3, 13, 0)","[(2, 2, 2, 2, 0), (2, 2, 2, 2, 0)]"
"(2, 14, 1, 6, 7, 0)","[(2, 2, 3, 3, 2)]"
"(2, 14, 1, 7, 6, 0)","[(2, 2, 3, 3, 3), (2, 2, 3, 3, 3), (2, 2, 3, 3, 3)]"
"(2, 14, 1, 7, 7, 0)","[(2, 2, 3, 3, '?'), (2, 2, 3, 3, '?'), (2, 2, 3, 3, '?')]"
"(2, 14, 1, 7, 11, 0)","[(2, 2, 3, 3, 1), (2, 2, 3, 3, 1), (2, 2, 3, 3, 1), (2, 2, 3, 3, 1)]"
"(2, 14, 1, 7, 13, 0)","[(2, 2, 3, 3, 0), (2, 2, 3, 3, 0), (2, 2, 3, 3, 0), (2, 2, 3, 3, 0)]"
"(2, 14, 1, 7, 14, 0)","[(2, 2, 3, 3, '?'), (2, 2, 3, 3, '?')]"
"(2, 14, 3, 6, 7, 0)","[(2, 2, '?', 3, 2), (2, 2, 1, 3, 2), (2, 2, '?', 3, 2)]"
"(2, 14, 3, 6, 14, 0)","[(2, 2, 1, 2, 2)]"
"(2, 14, 3, 7, 6, 0)","[(2, 2, '?', 3, 3)]"
"(2, 14, 3, 7, 7, 0)","[(2, 2, '?', 3, '?'), (2, 2, '?', 3, '?'), (2, 2, '?', 3, '?')]"
"(2, 14, 3, 7, 11, 0)","[(2, 2, '?', 3, 1)]"
"(2, 14, 3, 7, 13, 0)","[(2, 2, '?', 3, 0), (2, 2, '?', 3, 0)]"
"(2, 14, 6, 6, 7, 0)","[(2, 2, '?', 3, 2)]"
"(2, 14, 7, 7, 6, 0)","[(2, 2, 0, 3, 3), (2, 2, 0, 3, 3), (2, 2, 0, 3, 3)]"
"(2, 14, 7, 7, 11, 0)","[(2, 2, 0, 3, 1)]"
"(2, 14, 7, 7, 13, 0)","[(2, 2, 0, 3, 0)]"
"(2, 14, 7, 7, 14, 0)","[(2, 2, 0, 3, '?')]"
"(2, 14, 10, 6, 7, 0)","[(2, 2, 1, 3, 2)]"
"(2, 14, 10, 7, 7, 0)","[(2, 2, 1, 3, '?'), (2, 2, 1, 3, '?'), (2, 2, 1, 3, '?'), (2, 2, 1, 3, '?')]"
"(2, 14, 10, 7, 11, 0)","[(2, 2, 1, 3, 1), (2, 2, 1, 3, 1)]"
"(2, 14, 10, 7, 13, 0)","[(2, 2, 1, 3, 0)]"
"(2, 14, 10, 14, 13, 0)","[(2, 2, 1, 2, 0), (2, 2, 1, 2, 0)]"
"(2, 14, 11, 6, 7, 0)","[(2, 2, 2, 3, 2)]"
"(2, 14, 11, 7, 6, 0)","[(2, 2, 2, 3, 3), (2, 2, 2, 3, 3), (2, 2, 2, 3, 3)]"
"(2, 14, 11, 7, 7, 0)","[(2, 2, 2, 3, '?'), (2, 2, 2, 3, '?'), (2, 2, 2, 3, '?')]"
"(2, 14, 11, 7, 11, 0)","[(2, 2, 2, 3, 1)]"
"(2, 14, 11, 7, 13, 0)","[(2, 2, 2, 3, 0), (2, 2, 2, 3, 0), (2, 2, 2, 3, 0), (2, 2, 2, 3, 0)]"
"(2, 14, 11, 7, 14, 0)","[(2, 2, 2, 3, '?')]"
"(2, 14, 14, 7, 7, 0)","[(2, 2, '?', 3, '?')]"
"(2, 14, 14, 7, 11, 0)","[(2, 2, '?', 3, 1)]"
"(3, 1, 1, 4, 4, 0)","[(0, 1, 3, 2, 2)]"
"(3, 1, 1, 6, 3, 0)","[('?', 1, 3, '?', 2)]"
"(3, 1, 1, 6, 14, 0)","[(2, 1, 3, '?', 2)]"
"(3, 1, 1, 7, 6, 0)","[('?', 1, 3, 3, 3), ('?', 1, 3, 3, 3)]"
"(3, 1, 1, 7, 7, 0)","[(1, 1, 3, 3, '?')]"
"(3, 1, 1, 8, 6, 0)","[(0, 1, 3, 2, 3), (0, 1, 3, 2, 3), (0, 1, 3, 2, 3)]"
"(3, 1, 1, 8, 7, 0)","[(0, 1, 3, 3, 1)]"
"(3, 1, 1, 8, 11, 0)","[(0, 1, 3, 0, 1)]"
"(3, 1, 1, 8, 13, 0)","[(0, 1, 3, 0, 0)]"
"(3, 1, 1, 9, 7, 0)","[(1, 1, 3, 3, '?')]"
"(3, 1, 1, 14, 3, 0)","[(2, 1, 3, '?', '?')]"
"(3, 1, 1, 14, 11, 0)","[(2, 1, 3, '?', 1)]"
"(3, 1, 3, 1, 3, 0)","[('?', 1, 3, '?', '?')]"
"(3, 1, 3, 1, 6, 0)","[('?', 1, 3, 2, 3)]"
"(3, 1, 3, 4, 4, 0)","[(0, 1, 3, '?', '?'), (0, 1, 3, 0, 2), (0, 1, 3, 0, 2), (0, 1, 3, 0, 2)]"
"(3, 1, 3, 4, 7, 0)","[(0, 1, 3, 3, 2), (0, 1, 3, 3, 2)]"
"(3, 1, 3, 6, 3, 0)","[('?', 1, 3, 0, 2)]"
"(3, 1, 3, 6, 7, 0)","[('?', 1, 3, 3, 2)]"
"(3, 1, 3, 6, 10, 0)","[(1, 1, 3, '?', 2)]"
"(3, 1, 3, 6, 14, 0)","[(2, 1, 3, '?', 2)]"
"(3, 1, 3, 7, 3, 0)","[('?', 1, 3, 3, 1)]"
"(3, 1, 3, 7, 6, 0)","[('?', 1, 3, 3, 3), ('?', 1, 3, 3, 3)]"
"(3, 1, 3, 7, 7, 0)","[('?', 1, 3, 3, '?'), ('?', 1, 3, 3, '?'), ('?', 1, 3, 3, '?')]"
"(3, 1, 3, 7, 13, 0)","[('?', 1, 3, 3, 0), ('?', 1, 3, 3, 0), ('?', 1, 3, 3, 0), ('?', 1, 3, 3, 0), ('?', 1, 3, 3, 0)]"
"(3, 1, 3, 8, 3, 0)","[(0, 1, 3, 3, '?'), (0, 1, 3, 0, '?'), (0, 1, 3, 3, '?')]"
"(3, 1, 3, 8, 6, 0)","[(0, 1, 3, '?', 3)]"
"(3, 1, 3, 8, 11, 0)","[(0, 1, 3, 2, 1), (0, 1, 3, 2, 1), (0, 1, 3, '?', 1), (0, 1, 3, 2, 1)]"
"(3, 1, 3, 8, 13, 0)","[(0, 1, 3, 0, 0), (0, 1, 3, 2, 0), (0, 1, 3, 2, 0), (0, 1, 3, 0, 0), (0, 1, 3, 2, 0)]"
"(3, 1, 3, 9, 11, 0)","[(1, 1, 3, 2, 1), (1, 1, 3, 2, 1), (1, 1, 3, 2, 1)]"
"(3, 1, 3, 14, 13, 0)","[(2, 1, 3, '?', 0)]"
"(3, 1, 6, 6, 7, 0)","[(1, 1, 3, 3, 2)]"
"(3, 1, 6, 6, 9, 0)","[(1, 1, 3, '?', 2)]"
"(3, 1, 6, 7, 7, 0)","[('?', 1, 3, 3, 2), ('?', 1, 3, 3, 2), ('?', 1, 3, 3, 2), (1, 1, 3, 3, 2), (1, 1, 3, 3, 2)]"
"(3, 1, 6, 7, 14, 0)","[(2, 1, 3, 3, 2), (2, 1, 3, 3, 2), (2, 1, 3, 3, 2)]"
"(3, 1, 7, 7, 6, 0)","[('?', 1, 3, 3, 3)]"
"(3, 1, 7, 7, 7, 0)","[('?', 1, 3, 3, '?'), ('?', 1, 3, 3, '?')]"
"(3, 1, 7, 7, 13, 0)","[('?', 1, 3, 3, 0), ('?', 1, 3, 3, 0)]"
"(3, 1, 8, 3, 3, 0)","[(0, 1, 3, 3, 1)]"
"(3, 1, 8, 3, 11, 0)","[(0, 1, 3, 2, 1), (0, 1, 3, 2, 1), (0, 1, 3, 2, 1)]"
"(3, 1, 8, 4, 7, 0)","[(0, 1, 3, 3, 2)]"
"(3, 1, 8, 7, 3, 0)","[(0, 1, 3, 3, '?')]"
"(3, 1, 8, 7, 7, 0)","[(0, 1, 3, 3, '?'), (0, 1, 3, 3, 1)]"
"(3, 1, 8, 7, 11, 0)","[(0, 1, 3, 3, 1)]"
"(3, 1, 9, 7, 7, 0)","[(1, 1, 3, 3, '?'), (1, 1, 3, 3, 1), (1, 1, 3, 3, '?'), (1, 1, 3, 3, '?')]"
"(3, 1, 9, 9, 13, 0)","[(1, 1, 3, '?', 0)]"
"(3, 1, 14, 1, 3, 0)","[(2, 1, 3, '?', '?')]"
"(3, 1, 14, 1, 6, 0)","[(2, 1, 3, '?', 3)]"
"(3, 1, 14, 1, 11, 0)","[(2, 1, 3, '?', 1)]"
"(3, 1, 14, 6, 7, 0)","[(2, 1, 3, 3, 2), (2, 1, 3, 3, 2)]"
"(3, 1, 14, 6, 14, 0)","[(2, 1, 3, '?', 2)]"
"(3, 1, 14, 7, 6, 0)","[(2, 1, 3, 3, 3)]"
"(3, 1, 14, 7, 7, 0)","[(2, 1, 3, 3, '?')]"
"(3, 1, 14, 7, 11, 0)","[(2, 1, 3, 3, 1)]"
"(3, 1, 14, 7, 13, 0)","[(2, 1, 3, 3, 0), (2, 1, 3, 3, 0), (2, 1, 3, 3, 0)]"
"(3, 2, 1, 1, 6, 0)","[('?', 1, 3, 0, 3)]"
"(3, 2, 1, 3, 1, 0)","[('?', 1, 3, 0, '?')]"
"(3, 2, 1, 3, 3, 0)","[(3, 1, 3, 0, '?'), ('?', 1, 3, 0, '?'), (3, 1, 3, 0, '?'), ('?', 1, 3, 0, '?')]"
"(3, 2, 1, 3, 6, 0)","[('?', 1, 3, 0, 3), (3, 1, 3, 0, 3), ('?', 1, 3, 0, 3), ('?', 1, 3, 0, 3)]"
"(3, 2, 1, 3, 11, 0)","[('?', 1, 3, 0, 1), ('?', 1, 3, 0, 1), (3, 1, 3, 0, 1), (3, 1, 3, 0, 1), (3, 1, 3, 0, 1), ('?', 1, 3, 0, 1), ('?', 1, 3, 0, 1)]"
"(3, 2, 1, 3, 13, 0)","[('?', 1, 3, 0, 0), ('?', 1, 3, 0, 0)]"
"(3, 2, 1, 4, 4, 0)","[(0, 1, 3, 0, 2), (0, 1, 3, 0, 2), (0, 1, 3, 0, 2), (0, 1, 3, 0, 2)]"
"(3, 2, 1, 6, 3, 0)","[('?', 1, 3, 0, 2), ('?', 1, 3, 0, 2), ('?', 1, 3, 0, 2), ('?', 1, 3, 0, 2)]"
"(3, 2, 1, 6, 9, 0)","[(1, 1, 3, 0, 2), (1, 1, 3, 0, 2), (1, 1, 3, 0, 2)]"
"(3, 2, 1, 8, 3, 0)","[(0, 1, 3, 0, '?'), (0, 1, 3, 0, '?'), (0, 1, 3, 0, '?'), (0, 1, 3, 0, '?')]"
"(3, 2, 1, 8, 11, 0)","[(0, 1, 3, 0, 1), (0, 1, 3, 0, 1), (0, 1, 3, 0, 1), (0, 1, 3, 0, 1), (0, 1, 3, 0, 1), (0, 1, 3, 0, 1)]"
"(3, 2, 1, 9, 3, 0)","[(1, 1, 3, 0, 2), (1, 1, 3, 0, 2), (1, 1, 3, 0, 2)]"
"(3, 2, 1, 9, 6, 0)","[(1, 1, 3, 0, 3), (1, 1, 3, 0, 3), (1, 1, 3, 0, 3), (1, 1, 3, 0, 3), (1, 1, 3, 0, 3)]"
"(3, 2, 1, 9, 11, 0)","[(1, 1, 3, 0, 1), (1, 1, 3, 0, 1), (1, 1, 3, 0, 1), (1, 1, 3, 0, 1)]"
"(3, 2, 1, 14, 3, 0)","[(2, 1, 3, 0, '?'), (2, 1, 3, 0, '?'), (2, 1, 3, 0, '?')]"
"(3, 2, 1, 14, 6, 0)","[(2, 1, 3, 0, 3), (2, 1, 3, 0, 3), (2, 1, 3, 0, 3), (2, 1, 3, 0, 3), (2, 1, 3, 0, 3)]"
"(3, 2, 1, 14, 11, 0)","[(2, 1, 3, 0, 1), (2, 1, 3, 0, 1), (2, 1, 3, 0, 1), (2, 1, 3, 0, 1)]"
"(3, 2, 1, 14, 13, 0)","[(2, 1, 3, 0, 0), (2, 1, 3, 0, 0), (2, 1, 3, 0, 0), (2, 1, 3, 0, 0), (2, 1, 3, 0, 0)]"
"(3, 2, 1, 14, 14, 0)","[(2, 1, 3, 0, '?')]"
"(3, 2, 3, 3, 3, 0)","[('?', 1, '?', 0, '?'), ('?', 1, '?', 0, '?'), ('?', 1, '?', 0, '?'), ('?', 1, '?', 0, 1), ('?', 1, '?', 0, '?'), ('?', 1, '?', 0, '?'), ('?', 1, '?', 0, '?'), ('?', 1, '?', 0, '?'), ('?', 1, '?', 0, '?')]"
"(3, 2, 3, 3, 6, 0)","[('?', 1, '?', 0, 3), (3, 1, '?', 0, 3), ('?', 1, '?', 0, 3), ('?', 1, '?', 0, 3), ('?', 1, '?', 0, 3), ('?', 1, '?', 0, 3), ('?', 1, '?', 0, 3), ('?', 1, '?', 0, 3), ('?', 1, '?', 0, 3)]"
"(3, 2, 3, 3, 11, 0)","[('?', 1, '?', 0, 1), ('?', 1, '?', 0, 1), ('?', 1, '?', 0, 1), ('?', 1, '?', 0, 1), ('?', 1, '?', 0, 1)]"
"(3, 2, 3, 3, 13, 0)","[('?', 1, '?', 0, 0), ('?', 1, '?', 0, 0), ('?', 1, '?', 0, 0), ('?', 1, '?', 0, 0), ('?', 1, '?', 0, 0), ('?', 1, 3, 0, 0), ('?', 1, '?', 0, 0), ('?', 1, '?', 0, 0), ('?', 1, '?', 0, 0), ('?', 1, '?', 0, 0)]"
"(3, 2, 3, 4, 4, 0)","[(0, 1, 1, 0, 2), (0, 1, '?', 0, 2), (0, 1, 0, 0, 2), (0, 1, '?', 0, 2), (0, 1, 2, 0, 2), (0, 1, '?', 0, 2), (0, 1, '?', 0, 2), (0, 1, '?', 0, 2)]"
"(3, 2, 3, 6, 3, 0)","[('?', 1, '?', 0, 2), ('?', 1, '?', 0, 2), ('?', 1, '?', 0, 2), ('?', 1, '?', 0, 2), ('?', 1, '?', 0, 2), ('?', 1, '?', 0, 2), ('?', 1, '?', 0, 2)]"
"(3, 2, 3, 8, 6, 0)","[(0, 1, '?', 0, 3), (0, 1, '?', 0, 3), (0, 1, '?', 0, 3), (0, 1, '?', 0, 3), (0, 1, '?', 0, 3), (0, 1, '?', 0, 3)]"
"(3, 2, 3, 8, 11, 0)","[(0, 1, '?', 0, 1), (0, 1, '?', 0, 1), (0, 1, '?', 0, 1), (0, 1, '?', 0, 1), (0, 1, '?', 0, 1), (0, 1, '?', 0, 1)]"
"(3, 2, 3, 8, 13, 0)","[(0, 1, '?', 0, 0), (0, 1, '?', 0, 0), (0, 1, '?', 0, 0), (0, 1, 0, 0, 0), (0, 1, '?', 0, 0), (0, 1, '?', 0, 0), (0, 1, '?', 0, 0), (0, 1, '?', 0, 0), (0, 1, '?', 0, 0), (0, 1, '?', 0, 0)]"
"(3, 2, 3, 9, 3, 0)","[(1, 1, '?', 0, 1)]"
"(3, 2, 3, 9, 6, 0)","[(1, 1, '?', 0, 3), (1, 1, '?', 0, 3), (1, 1, '?', 0, 3), (1, 1, '?', 0, 3), (1, 1, '?', 0, 3), (1, 1, '?', 0, 3), (1, 1, '?', 0, 3)]"
"(3, 2, 3, 9, 11, 0)","[(1, 1, '?', 0, 1), (1, 1, '?', 0, 1), (1, 1, '?', 0, 1), (1, 1, '?', 0, 1), (1, 1, '?', 0, 1)]"
"(3, 2, 3, 9, 13, 0)","[(1, 1, '?', 0, 0), (1, 1, '?', 0, 0), (1, 1, '?', 0, 0), (1, 1, '?', 0, 0), (1, 1, '?', 0, 0), (1, 1, '?', 0, 0), (1, 1, '?', 0, 0), (1, 1, '?', 0, 0)]"
"(3, 2, 3, 14, 3, 0)","[(2, 1, '?', 0, '?'), (2, 1, '?', 0, '?'), (2, 1, '?', 0, '?')]"
"(3, 2, 3, 14, 6, 0)","[(2, 1, '?', 0, 3), (2, 1, '?', 0, 3), (2, 1, '?', 0, 3)]"
"(3, 2, 3, 14, 13, 0)","[(2, 1, '?', 0, 0), (2, 1, '?', 0, 0), (2, 1, '?', 0, 0), (2, 1, '?', 0, 0), (2, 1, '?', 0, 0)]"
"(3, 2, 4, 1, 3, 0)","[(3, 1, 3, 0, '?'), (3, 1, 3, 0, '?')]"
"(3, 2, 4, 1, 6, 0)","[(3, 1, 3, 0, 3)]"
"(3, 2, 4, 1, 11, 0)","[(3, 1, 3, 0, 1)]"
"(3, 2, 4, 3, 6, 0)","[(3, 1, '?', 0, 3), (3, 1, '?', 0, 3), (3, 1, '?', 0, 3), (3, 1, '?', 0, 3), (3, 1, '?', 0, 3)]"
"(3, 2, 4, 3, 11, 0)","[(3, 1, 1, 0, 1)]"
"(3, 2, 4, 6, 3, 0)","[(3, 1, '?', 0, 2), (3, 1, '?', 0, 2), (3, 1, '?', 0, 2), (3, 1, '?', 0, 2), (3, 1, 0, 0, 2), (3, 1, '?', 0, 2), (3, 1, '?', 0, 2)]"
"(3, 2, 4, 6, 7, 0)","[(3, 1, 0, 0, 2)]"
"(3, 2, 4, 6, 9, 0)","[(3, 1, 0, 0, 2)]"
"(3, 2, 4, 6, 11, 0)","[(3, 1, 2, 0, 2)]"
"(3, 2, 4, 10, 6, 0)","[(3, 1, 1, 0, 3)]"
"(3, 2, 4, 11, 3, 0)","[(3, 1, 2, 0, '?')]"
"(3, 2, 4, 11, 6, 0)","[(3, 1, 2, 0, 3)]"
"(3, 2, 7, 3, 3, 0)","[(3, 1, 0, 0, '?'), ('?', 1, 0, 0, '?'), ('?', 1, 0, 0, '?'), ('?', 1, 0, 0, 1), ('?', 1, 0, 0, '?'), ('?', 1, 0, 0, 1), (3, 1, 0, 0, 0), ('?', 1, 0, 0, 1), ('?', 1, 0, 0, '?')]"
"(3, 2, 7, 3, 6, 0)","[('?', 1, 0, 0, 3), ('?', 1, 0, 0, 3), ('?', 1, 0, 0, 3)]"
"(3, 2, 7, 3, 11, 0)","[(3, 1, 0, 0, 1), (3, 1, 0, 0, 1), ('?', 1, 0, 0, 1), ('?', 1, 0, 0, 1)]"
"(3, 2, 7, 3, 13, 0)","[('?', 1, 0, 0, 0), ('?', 1, 0, 0, 0), (3, 1, 0, 0, 0), ('?', 1, 0, 0, 0), ('?', 1, 0, 0, 0), (3, 1, 0, 0, 0), ('?', 1, 0, 0, 0)]"
"(3, 2, 7, 4, 4, 0)","[(0, 1, 0, 0, 2), (0, 1, 0, 0, 2), (0, 1, 0, 0, 2), (0, 1, 0, 0, 2), (0, 1, 0, 0, 2)]"
"(3, 2, 7, 4, 6, 0)","[(3, 1, 0, 0, 3)]"
"(3, 2, 7, 4, 11, 0)","[(3, 1, 0, 0, 1), (3, 1, 0, 0, 1)]"
"(3, 2, 7, 4, 13, 0)","[(3, 1, 0, 0, 0)]"
"(3, 2, 7, 6, 14, 0)","[(2, 1, 0, 0, 2), (2, 1, 0, 0, 2), (2, 1, 0, 0, 2), (2, 1, 0, 0, 2)]"
"(3, 2, 7, 8, 3, 0)","[(0, 1, 0, 0, '?'), (0, 1, 0, 0, '?'), (0, 1, 0, 0, '?'), (0, 1, 0, 0, '?'), (0, 1, 0, 0, '?'), (0, 1, 0, 0, '?')]"
"(3, 2, 7, 8, 13, 0)","[(0, 1, 0, 0, 0), (0, 1, 0, 0, 0), (0, 1, 0, 0, 0)]"
"(3, 2, 7, 9, 3, 0)","[(1, 1, 0, 0, 1), (1, 1, 0, 0, '?'), (1, 1, 0, 0, '?'), (1, 1, 0, 0, 1), (1, 1, 0, 0, 1), (1, 1, 0, 0, '?'), (1, 1, 0, 0, '?')]"
"(3, 2, 7, 9, 6, 0)","[(1, 1, 0, 0, 3), (1, 1, 0, 0, 3), (1, 1, 0, 0, 3), (1, 1, 0, 0, 3), (1, 1, 0, 0, 3)]"
"(3, 2, 7, 9, 10, 0)","[(1, 1, 0, 0, 0), (1, 1, 0, 0, 0)]"
"(3, 2, 7, 9, 11, 0)","[(1, 1, 0, 0, 1), (1, 1, 0, 0, 1)]"
"(3, 2, 7, 9, 13, 0)","[(1, 1, 0, 0, 0), (1, 1, 0, 0, 0), (1, 1, 0, 0, 0), (1, 1, 0, 0, 0), (1, 1, 0, 0, 0), (1, 1, 0, 0, 0)]"
"(3, 2, 7, 14, 3, 0)","[(2, 1, 0, 0, '?'), (2, 1, 0, 0, '?'), (2, 1, 0, 0, '?'), (2, 1, 0, 0, '?')]"
"(3, 2, 7, 14, 6, 0)","[(2, 1, 0, 0, 3), (2, 1, 0, 0, 3), (2, 1, 0, 0, 3), (2, 1, 0, 0, 3), (2, 1, 0, 0, 3), (2, 1, 0, 0, 3)]"
"(3, 2, 7, 14, 11, 0)","[(2, 1, 0, 0, 1), (2, 1, 0, 0, 1), (2, 1, 0, 0, 1)]"
"(3, 2, 7, 14, 13, 0)","[(2, 1, 0, 0, 0), (2, 1, 0, 0, 0), (2, 1, 0, 0, 0)]"
"(3, 2, 8, 8, 11, 0)","[(0, 1, '?', 0, 1)]"
"(3, 2, 10, 3, 6, 0)","[('?', 1, 1, 0, 3), (3, 1, 1, 0, 3), ('?', 1, 1, 0, 3), (3, 1, 1, 0, 3), ('?', 1, 1, 0, 3)]"
"(3, 2, 10, 3, 13, 0)","[(3, 1, 1, 0, 0)]"
"(3, 2, 10, 4, 4, 0)","[(0, 1, 1, 0, 2), (0, 1, 1, 0, 2)]"
"(3, 2, 10, 6, 3, 0)","[('?', 1, 1, 0, 2), (3, 1, 1, 0, 2)]"
"(3, 2, 10, 6, 9, 0)","[(1, 1, 1, 0, 2), (1, 1, 1, 0, 2)]"
"(3, 2, 10, 6, 14, 0)","[(2, 1, 1, 0, 2)]"
"(3, 2, 10, 8, 6, 0)","[(0, 1, 1, 0, 3), (0, 1, 1, 0, 3), (0, 1, 1, 0, 3), (0, 1, 1, 0, 3)]"
"(3, 2, 10, 8, 11, 0)","[(0, 1, 1, 0, 1), (0, 1, 1, 0, 1), (0, 1, 1, 0, 1)]"
"(3, 2, 10, 8, 13, 0)","[(0, 1, 1, 0, 0), (0, 1, 1, 0, 0)]"
"(3, 2, 10, 9, 6, 0)","[(1, 1, 1, 0, 3), (1, 1, 1, 0, 3), (1, 1, 1, 0, 3), (1, 1, 1, 0, 3)]"
"(3, 2, 10, 10, 13, 0)","[(3, 1, 1, 0, 0), (3, 1, 1, 0, 0), (3, 1, 1, 0, 0)]"
"(3, 2, 10, 14, 6, 0)","[(2, 1, 1, 0, 3)]"
"(3, 2, 10, 14, 11, 0)","[(2, 1, 1, 0, 1), (2, 1, 1, 0, 1)]"
"(3, 2, 10, 14, 13, 0)","[(2, 1, 1, 0, 0), (2, 1, 1, 0, 0)]"
"(3, 2, 11, 3, 3, 0)","[(3, 1, 2, 0, '?'), ('?', 1, 2, 0, '?'), ('?', 1, 2, 0, 2)]"
"(3, 2, 11, 3, 6, 0)","[('?', 1, 2, 0, 3), (3, 1, 2, 0, 3), ('?', 1, 2, 0, 3), ('?', 1, 2, 0, 3)]"
"(3, 2, 11, 3, 11, 0)","[(3, 1, 2, 0, 1), (3, 1, 2, 0, 1), ('?', 1, 2, 0, 1), ('?', 1, 2, 0, 1), ('?', 1, 2, 0, 1), ('?', 1, 2, 0, 1), (3, 1, 2, 0, 1), (3, 1, 2, 0, 1)]"
"(3, 2, 11, 3, 13, 0)","[('?', 1, 2, 0, 0)]"
"(3, 2, 11, 4, 4, 0)","[(0, 1, 2, 0, 2), (0, 1, 2, 0, 2)]"
"(3, 2, 11, 6, 3, 0)","[(3, 1, 2, 0, 2), ('?', 1, 2, 0, 2)]"
"(3, 2, 11, 6, 14, 0)","[(2, 1, 2, 0, 2)]"
"(3, 2, 11, 8, 3, 0)","[(0, 1, 2, 0, '?'), (0, 1, 2, 0, '?'), (0, 1, 2, 0, '?'), (0, 1, 2, 0, '?'), (0, 1, 2, 0, '?'), (0, 1, 2, 0, 2), (0, 1, 2, 0, '?')]"
"(3, 2, 11, 8, 13, 0)","[(0, 1, 2, 0, 0), (0, 1, 2, 0, 0), (0, 1, 2, 0, 0)]"
"(3, 2, 11, 9, 3, 0)","[(1, 1, 2, 0, 2), (1, 1, 2, 0, 2), (1, 1, 2, 0, 2), (1, 1, 2, 0, '?')]"
"(3, 2, 11, 9, 6, 0)","[(1, 1, 2, 0, 3), (1, 1, 2, 0, 3), (1, 1, 2, 0, 3), (1, 1, 2, 0, 3), (1, 1, 2, 0, 3), (1, 1, 2, 0, 3)]"
"(3, 2, 11, 9, 11, 0)","[(1, 1, 2, 0, 1), (1, 1, 2, 0, 1), (1, 1, 2, 0, 1)]"
"(3, 2, 11, 9, 13, 0)","[(1, 1, 2, 0, 0), (1, 1, 2, 0, 0), (1, 1, 2, 0, 0), (1, 1, 2, 0, 0), (1, 1, 2, 0, 0), (1, 1, 2, 0, 0)]"
"(3, 2, 11, 10, 3, 0)","[('?', 1, 2, 0, '?')]"
"(3, 2, 11, 10, 6, 0)","[(3, 1, 2, 0, 3), ('?', 1, 2, 0, 3)]"
"(3, 2, 11, 14, 3, 0)","[(2, 1, 2, 0, 2), (2, 1, 2, 0, 2), (2, 1, 2, 0, '?'), (2, 1, 2, 0, '?'), (2, 1, 2, 0, '?'), (2, 1, 2, 0, '?'), (2, 1, 2, 0, 2), (2, 1, 2, 0, 2), (2, 1, 2, 0, '?')]"
"(3, 2, 11, 14, 6, 0)","[(2, 1, 2, 0, 3), (2, 1, 2, 0, 3), (2, 1, 2, 0, 3), (2, 1, 2, 0, 3), (2, 1, 2, 0, 3), (2, 1, 2, 0, 3)]"
"(3, 2, 11, 14, 14, 0)","[(2, 1, 2, 0, '?')]"
"(3, 2, 14, 3, 13, 0)","[(2, 1, 1, 0, 0)]"
"(3, 2, 14, 3, 14, 0)","[(2, 1, '?', 0, '?')]"
"(3, 2, 14, 14, 11, 0)","[(2, 1, 1, 0, 1)]"
"(3, 2, 14, 14, 13, 0)","[(2, 1, '?', 0, 0)]"
"(3, 3, 1, 1, 6, 0)","[('?', 1, 3, '?', 3)]"
"(3, 3, 1, 3, 3, 0)","[('?', 1, 3, '?', 1), ('?', 1, 3, '?', '?'), ('?', 1, 3, 0, '?'), ('?', 1, 3, '?', '?'), ('?', 1, 3, '?', '?'), ('?', 1, 3, '?', 1), ('?', 1, 3, '?', '?')]"
"(3, 3, 1, 3, 6, 0)","[('?', 1, 3, '?', 3), ('?', 1, 3, '?', 3)]"
"(3, 3, 1, 3, 11, 0)","[('?', 1, 3, '?', 1)]"
"(3, 3, 1, 4, 4, 0)","[(0, 1, 3, '?', 2), (0, 1, 3, '?', 2), (0, 1, 3, '?', 2), (0, 1, 3, '?', 2), (0, 1, 3, '?', 2), (0, 1, 3, 2, 2), (0, 1, 3, '?', 2)]"
"(3, 3, 1, 4, 7, 0)","[(0, 1, 3, 3, 2)]"
"(3, 3, 1, 6, 3, 0)","[('?', 1, 3, '?', 2), ('?', 1, 3, '?', 2), ('?', 1, 3, '?', 2), ('?', 1, 3, '?', 2), ('?', 1, 3, '?', 2)]"
"(3, 3, 1, 6, 4, 0)","[(0, 1, 3, '?', 2)]"
"(3, 3, 1, 6, 9, 0)","[(1, 1, 3, '?', 2), (1, 1, 3, '?', 2), (1, 1, 3, '?', 2), (1, 1, 3, '?', 2)]"
"(3, 3, 1, 6, 14, 0)","[(2, 1, 3, '?', 2)]"
"(3, 3, 1, 7, 6, 0)","[('?', 1, 3, 3, 3)]"
"(3, 3, 1, 7, 7, 0)","[('?', 1, 3, 3, 1), ('?', 1, 3, 3, 1), ('?', 1, 3, 3, 1)]"
"(3, 3, 1, 7, 13, 0)","[('?', 1, 3, 3, 0)]"
"(3, 3, 1, 8, 3, 0)","[(0, 1, 3, '?', '?'), (0, 1, 3, '?', '?'), (0, 1, 3, '?', '?'), (0, 1, 3, '?', '?'), (0, 1, 3, 0, '?'), (0, 1, 3, '?', '?'), (0, 1, 3, '?', '?')]"
"(3, 3, 1, 8, 6, 0)","[(0, 1, 3, '?', 3), (0, 1, 3, '?', 3), (0, 1, 3, '?', 3), (0, 1, 3, '?', 3), (0, 1, 3, 2, 3), (0, 1, 3, '?', 3)]"
"(3, 3, 1, 8, 7, 0)","[(0, 1, 3, 3, 1)]"
"(3, 3, 1, 8, 11, 0)","[(0, 1, 3, '?', 1), (0, 1, 3, '?', 1), (0, 1, 3, '?', 1), (0, 1, 3, '?', 1), (0, 1, 3, '?', 1)]"
"(3, 3, 1, 8, 13, 0)","[(0, 1, 3, 0, 0), (0, 1, 3, 0, 0), (0, 1, 3, 0, 0)]"
"(3, 3, 1, 9, 3, 0)","[(1, 1, 3, '?', '?'), (1, 1, 3, '?', '?'), (1, 1, 3, '?', '?'), (1, 1, 3, '?', '?'), (1, 1, 3, '?', '?'), (1, 1, 3, '?', '?')]"
"(3, 3, 1, 9, 6, 0)","[(1, 1, 3, '?', 3), (1, 1, 3, '?', 3), (1, 1, 3, '?', 3), (1, 1, 3, '?', 3), (1, 1, 3, '?', 3), (1, 1, 3, '?', 3)]"
"(3, 3, 1, 9, 7, 0)","[(1, 1, 3, 3, 1)]"
"(3, 3, 1, 9, 11, 0)","[(1, 1, 3, '?', 1), (1, 1, 3, '?', 1)]"
"(3, 3, 1, 9, 13, 0)","[(1, 1, 3, '?', 0), (1, 1, 3, '?', 0), (1, 1, 3, '?', 0), (1, 1, 3, '?', 0), (1, 1, 3, '?', 0)]"
"(3, 3, 1, 13, 13, 0)","[(3, 1, 3, 3, 0)]"
"(3, 3, 1, 14, 1, 0)","[(2, 1, 3, '?', '?')]"
"(3, 3, 1, 14, 3, 0)","[(2, 1, 3, '?', '?'), (2, 1, 3, '?', '?'), (2, 1, 3, '?', 1), (2, 1, 3, '?', '?')]"
"(3, 3, 1, 14, 6, 0)","[(2, 1, 3, '?', 3), (2, 1, 3, '?', 3), (2, 1, 3, '?', 3), (2, 1, 3, '?', 3), (2, 1, 3, 1, 3), (2, 1, 3, '?', 3), (2, 1, 3, '?', 3), (2, 1, 3, '?', 3), (2, 1, 3, '?', 3)]"
"(3, 3, 1, 14, 11, 0)","[(2, 1, 3, '?', 1), (2, 1, 3, '?', 1)]"
"(3, 3, 3, 3, 3, 0)","[('?', 1, '?', '?', '?'), ('?', 1, '?', '?', '?'), ('?', 1, '?', '?', '?'), ('?', 1, '?', '?', '?'), ('?', 1, '?', '?', '?'), ('?', 1, '?', '?', '?')]"
"(3, 3, 3, 3, 7, 0)","[('?', 1, '?', 3, 1)]"
"(3, 3, 3, 3, 9, 0)","[(1, 1, '?', '?', '?')]"
"(3, 3, 3, 3, 11, 0)","[(0, 1, '?', 2, 1)]"
"(3, 3, 3, 3, 13, 0)","[('?', 1, '?', '?', 0), ('?', 1, '?', '?', 0), ('?', 1, '?', 2, 0), ('?', 1, '?', '?', 0), ('?', 1, '?', '?', 0), ('?', 1, '?', '?', 0), ('?', 1, '?', 1, 0), ('?', 1, '?', '?', 0), ('?', 1, '?', '?', 0), ('?', 1, '?', 2, 0), ('?', 1, '?', '?', 0)]"
"(3, 3, 3, 4, 4, 0)","[(0, 1, '?', 2, 2), (0, 1, '?', '?', 2), (0, 1, '?', '?', 2), (0, 1, '?', '?', 2), (0, 1, '?', '?', 2), (0, 1, '?', '?', 2), ('?', 1, '?', '?', 2), (0, 1, '?', '?', 2), (0, 1, '?', '?', 2)]"
"(3, 3, 3, 4, 7, 0)","[(0, 1, '?', 3, 2), (0, 1, '?', 3, 2), (0, 1, '?', 3, 2), (0, 1, '?', 3, 2)]"
"(3, 3, 3, 6, 3, 0)","[('?', 1, '?', '?', 2), ('?', 1, '?', '?', 2), ('?', 1, 1, '?', 2), ('?', 1, '?', '?', 2), ('?', 1, '?', '?', '?'), ('?', 1, '?', '?', 2)]"
"(3, 3, 3, 6, 4, 0)","[(0, 1, '?', '?', 2), (0, 1, '?', '?', 2)]"
"(3, 3, 3, 6, 7, 0)","[('?', 1, '?', 3, 2), ('?', 1, 2, 3, 2), ('?', 1, '?', 3, 2), ('?', 1, '?', 3, 2)]"
"(3, 3, 3, 6, 9, 0)","[(1, 1, '?', '?', 2), (1, 1, '?', '?', 2), (1, 1, '?', '?', 2), (1, 1, '?', '?', 2), (1, 1, '?', '?', 2), (1, 1, '?', '?', '?'), (1, 1, '?', '?', 2), (1, 1, '?', '?', 2)]"
"(3, 3, 3, 6, 14, 0)","[(2, 1, '?', '?', 2), (2, 1, '?', '?', 2), (2, 1, '?', '?', 2), (2, 1, '?', '?', 2), (2, 1, '?', '?', 2), (2, 1, '?', '?', 2), (2, 1, '?', '?', 2)]"
"(3, 3, 3, 7, 6, 0)","[('?', 1, '?', 3, 3), (1, 1, '?', 3, 3), ('?', 1, '?', 3, 3), ('?', 1, '?', 3, 3), ('?', 1, '?', 3, 3), ('?', 1, '?', 3, 3), ('?', 1, '?', 3, 3), ('?', 1, '?', 3, 3), ('?', 1, '?', 3, 3)]"
"(3, 3, 3, 7, 7, 0)","[('?', 1, '?', 3, '?'), ('?', 1, '?', 3, '?'), ('?', 1, '?', 3, '?'), ('?', 1, '?', 3, 1), ('?', 1, '?', 3, 1), ('?', 1, '?', 3, '?'), ('?', 1, '?', 3, '?'), ('?', 1, '?', 3, '?'), ('?', 1, '?', 3, '?'), (1, 1, '?', 3, 1)]"
"(3, 3, 3, 7, 11, 0)","[(1, 1, '?', 3, 1), ('?', 1, '?', 3, 1), ('?', 1, '?', 3, 1), ('?', 1, '?', 3, 1)]"
"(3, 3, 3, 7, 13, 0)","[('?', 1, '?', 3, 0), (1, 1, '?', 3, 0), (1, 1, '?', 3, 0), ('?', 1, '?', 3, 0), ('?', 1, '?', 3, 0), ('?', 1, '?', 3, 0), ('?', 1, '?', 3, 0), ('?', 1, '?', 3, 0)]"
"(3, 3, 3, 8, 3, 0)","[(0, 1, '?', '?', '?'), (0, 1, '?', '?', '?'), (0, 1, '?', 3, 1), (0, 1, '?', '?', '?'), (0, 1, '?', '?', '?'), (0, 1, '?', 2, '?'), (0, 1, '?', '?', 1), (0, 1, '?', '?', '?'), (0, 1, '?', '?', '?'), (0, 1, '?', '?', '?'), (0, 1, '?', '?', '?')]"
"(3, 3, 3, 8, 6, 0)","[(0, 1, '?', 3, 3)]"
"(3, 3, 3, 8, 7, 0)","[(0, 1, '?', 3, '?'), (0, 1, '?', 3, 1)]"
"(3, 3, 3, 8, 11, 0)","[(0, 1, '?', '?', 1), (0, 1, '?', 2, 1), (0, 1, '?', '?', 1), (0, 1, '?', 2, 1), (0, 1, '?', '?', 1), (0, 1, '?', '?', 1), (0, 1, '?', '?', 1), (0, 1, '?', '?', 1), (0, 1, '?', '?', 1)]"
"(3, 3, 3, 8, 13, 0)","[(0, 1, '?', '?', 0), (0, 1, '?', '?', 0), (0, 1, '?', 0, 0), (0, 1, '?', 3, 0), (0, 1, 3, 0, 0), (0, 1, '?', '?', 0), (0, 1, '?', '?', 0), (0, 1, '?', '?', 0), (0, 1, '?', '?', 0), (0, 1, 3, 0, 0)]"
"(3, 3, 3, 9, 3, 0)","[(1, 1, '?', '?', '?'), (1, 1, '?', '?', '?'), (1, 1, '?', '?', '?'), (1, 1, '?', '?', '?'), (1, 1, '?', '?', '?'), (1, 1, '?', '?', '?'), (1, 1, '?', '?', '?')]"
"(3, 3, 3, 9, 11, 0)","[(1, 1, '?', 1, 1)]"
"(3, 3, 3, 9, 13, 0)","[(1, 1, '?', '?', 0), (1, 1, '?', 3, 0), (1, 1, '?', '?', 0), (1, 1, '?', '?', 0), (1, 1, '?', '?', 0), (1, 1, '?', '?', 0), (1, 1, '?', '?', 0), (1, 1, '?', '?', 0), (1, 1, '?', '?', 0), (1, 1, '?', '?', 0)]"
"(3, 3, 3, 10, 6, 0)","[('?', 1, 1, '?', 3)]"
"(3, 3, 3, 14, 6, 0)","[(2, 1, '?', '?', 3), (2, 1, '?', '?', 3), (2, 1, '?', '?', 3)]"
"(3, 3, 3, 14, 11, 0)","[(2, 1, '?', '?', 1), (2, 1, '?', '?', 1), (2, 1, '?', '?', 1), (2, 1, '?', '?', 1), (2, 1, '?', '?', 1), (2, 1, '?', '?', 1), (2, 1, '?', '?', 1)]"
"(3, 3, 3, 14, 13, 0)","[(2, 1, '?', '?', 0), (2, 1, '?', '?', 0), (2, 1, '?', '?', 0), (2, 1, '?', '?', 0), (2, 1, '?', '?', 0), (2, 1, '?', '?', 0), (2, 1, '?', 2, 0), (2, 1, '?', 2, 0)]"
"(3, 3, 4, 3, 6, 0)","[(3, 1, '?', '?', 3)]"
"(3, 3, 4, 3, 11, 0)","[(3, 1, '?', '?', 1)]"
"(3, 3, 6, 6, 7, 0)","[('?', 1, '?', 3, 2), (1, 1, '?', 3, 2)]"
"(3, 3, 6, 6, 14, 0)","[(2, 1, 1, 1, 2)]"
"(3, 3, 6, 7, 7, 0)","[('?', 1, '?', 3, 2), ('?', 1, 2, 3, 2)]"
"(3, 3, 7, 3, 3, 0)","[('?', 1, 0, '?', '?'), ('?', 1, 0, '?', '?'), ('?', 1, 0, '?', '?'), ('?', 1, 0, '?', '?'), ('?', 1, 0, '?', '?'), ('?', 1, 0, '?', '?'), ('?', 1, 0, '?', '?')]"
"(3, 3, 7, 3, 6, 0)","[('?', 1, 0, '?', 3), ('?', 1, 0, '?', 3), ('?', 1, 0, '?', 3), ('?', 1, 0, '?', 3), ('?', 1, 0, '?', 3), ('?', 1, 0, '?', 3), ('?', 1, 0, '?', 3)]"
"(3, 3, 7, 3, 11, 0)","[(3, 1, 0, '?', 1), ('?', 1, 0, '?', 1), ('?', 1, 0, '?', 1), ('?', 1, 0, '?', 1), ('?', 1, 0, '?', 1), ('?', 1, 0, '?', 1), ('?', 1, 0, '?', 1), ('?', 1, 0, '?', 1), (0, 1, 0, '?', 1), ('?', 1, 0, '?', 1)]"
"(3, 3, 7, 3, 13, 0)","[(3, 1, 0, '?', 0), ('?', 1, 0, '?', 0), ('?', 1, 0, '?', 0), ('?', 1, 0, '?', 0), ('?', 1, 0, '?', 0), ('?', 1, 0, '?', 0), ('?', 1, 0, '?', 0)]"
"(3, 3, 7, 4, 4, 0)","[(0, 1, 0, '?', 2), (0, 1, 0, 2, 2), (0, 1, 0, 2, 2), (0, 1, 0, 2, 2), (0, 1, 0, '?', 2), (0, 1, 0, '?', 2), (0, 1, 0, '?', 2), (0, 1, 0, '?', 2), (0, 1, 0, '?', 2)]"
"(3, 3, 7, 4, 7, 0)","[(0, 1, 0, 3, 2), (0, 1, 0, 3, 2)]"
"(3, 3, 7, 6, 3, 0)","[('?', 1, 0, '?', 2), ('?', 1, 0, '?', 2), ('?', 1, 0, '?', 2), ('?', 1, 0, '?', 2), ('?', 1, 0, '?', 2), ('?', 1, 0, '?', 2), ('?', 1, 0, '?', 2), ('?', 1, 0, '?', 2), ('?', 1, 0, '?', 2)]"
"(3, 3, 7, 6, 4, 0)","[(0, 1, 0, 2, 2)]"
"(3, 3, 7, 6, 7, 0)","[(1, 1, 0, 3, 2), (1, 1, 0, 3, 2), ('?', 1, 0, 3, 2), ('?', 1, 0, 3, 2), ('?', 1, 0, 3, 2), ('?', 1, 0, 3, 2), ('?', 1, 0, 3, 2)]"
"(3, 3, 7, 6, 8, 0)","[(0, 1, 0, '?', 2)]"
"(3, 3, 7, 6, 9, 0)","[(1, 1, 0, '?', 2), (1, 1, 0, '?', 2), (1, 1, 0, '?', 2), (1, 1, 0, '?', 2), (1, 1, 0, '?', 2), (1, 1, 0, '?', 2), (1, 1, 0, '?', 2)]"
"(3, 3, 7, 7, 6, 0)","[('?', 1, 0, 3, 3), (1, 1, 0, 3, 3), (1, 1, 0, 3, 3), ('?', 1, 0, 3, 3), ('?', 1, 0, 3, 3), ('?', 1, 0, 3, 3), ('?', 1, 0, 3, 3)]"
"(3, 3, 7, 7, 7, 0)","[('?', 1, 0, 3, 2), ('?', 1, 0, 3, 1), ('?', 1, 0, 3, '?'), ('?', 1, 0, 3, '?'), (3, 1, 0, 3, 1), ('?', 1, 0, 3, 1)]"
"(3, 3, 7, 7, 11, 0)","[('?', 1, 0, 3, 1)]"
"(3, 3, 7, 7, 13, 0)","[('?', 1, 0, 3, 0), (1, 1, 0, 3, 0), ('?', 1, 0, 3, 0), ('?', 1, 0, 3, 0), ('?', 1, 0, 3, 0)]"
"(3, 3, 7, 7, 14, 0)","[(2, 1, 0, 3, 1)]"
"(3, 3, 7, 8, 3, 0)","[(0, 1, 0, 0, '?'), (0, 1, 0, '?', '?'), (0, 1, 0, '?', '?'), (0, 1, 0, 2, '?'), (0, 1, 0, '?', '?'), (0, 1, 0, '?', '?'), (0, 1, 0, 2, '?'), (0, 1, 0, '?', '?'), (0, 1, 0, '?', '?'), (0, 1, 0, '?', '?'), (0, 1, 0, '?', '?'), (0, 1, 0, '?', '?')]"
"(3, 3, 7, 8, 6, 0)","[(0, 1, 0, '?', 3), (0, 1, 0, '?', 3), (0, 1, 0, 3, 3), (0, 1, 0, '?', 3), (0, 1, 0, '?', 3), (0, 1, 0, '?', 3)]"
"(3, 3, 7, 8, 11, 0)","[(0, 1, 0, 3, 1), (0, 1, 0, 3, 1), (0, 1, 0, 2, 1), (0, 1, 0, '?', 1), (0, 1, 0, '?', 1), (0, 1, 0, '?', 1), (0, 1, 0, '?', 1), (0, 1, 0, '?', 1), (0, 1, 0, 2, 1), (0, 1, 0, '?', 1)]"
"(3, 3, 7, 8, 13, 0)","[(0, 1, 0, '?', 0), (0, 1, 0, 3, 0), (0, 1, 0, '?', 0), (0, 1, 0, '?', 0), (0, 1, 0, '?', 0), (0, 1, 0, '?', 0), (0, 1, 0, '?', 0)]"
"(3, 3, 7, 9, 6, 0)","[(1, 1, 0, '?', 3), (1, 1, 0, '?', 3), (1, 1, 0, 2, 3), (1, 1, 0, '?', 3), (1, 1, 0, '?', 3), (1, 1, 0, '?', 3)]"
"(3, 3, 7, 9, 11, 0)","[(1, 1, 0, '?', 1), (1, 1, 0, '?', 1), (1, 1, 0, '?', 1), (1, 1, 0, '?', 1), (1, 1, 0, 3, 1), (1, 1, 0, 1, 1), (1, 1, 0, '?', 1)]"
"(3, 3, 7, 14, 3, 0)","[(2, 1, 0, '?', '?'), (2, 1, 0, '?', '?'), (2, 1, 0, '?', '?'), (2, 1, 0, '?', '?'), (2, 1, 0, '?', '?')]"
"(3, 3, 7, 14, 6, 0)","[(2, 1, 0, '?', 3), (2, 1, 0, '?', 3), (2, 1, 0, '?', 3)]"
"(3, 3, 7, 14, 13, 0)","[(2, 1, 0, 1, 0)]"
"(3, 3, 8, 6, 7, 0)","[(0, 1, '?', 3, 2), (0, 1, 2, 3, 2)]"
"(3, 3, 8, 7, 3, 0)","[(0, 1, 1, 3, '?'), (0, 1, '?', 3, '?'), (0, 1, 1, 3, '?'), (0, 1, '?', 3, '?')]"
"(3, 3, 8, 7, 6, 0)","[(0, 1, '?', 3, 3), (0, 1, 2, 3, 3), (0, 1, '?', 3, 3), (0, 1, '?', 3, 3)]"
"(3, 3, 8, 7, 8, 0)","[(0, 1, '?', 3, '?'), (0, 1, '?', 3, 1), (0, 1, '?', 3, '?')]"
"(3, 3, 8, 7, 11, 0)","[(0, 1, 1, 3, 1), (0, 1, '?', 3, 1), (0, 1, '?', 3, 1), (0, 1, '?', 3, 1), (0, 1, '?', 3, 1)]"
"(3, 3, 8, 7, 13, 0)","[(0, 1, '?', 3, 0), (0, 1, '?', 3, 0), (0, 1, '?', 3, 0), (0, 1, '?', 3, 0), (0, 1, '?', 3, 0)]"
"(3, 3, 8, 8, 13, 0)","[(0, 1, '?', 3, 0)]"
"(3, 3, 9, 3, 11, 0)","[(1, 1, '?', 3, 1)]"
"(3, 3, 9, 6, 7, 0)","[(1, 1, '?', 3, 2)]"
"(3, 3, 9, 6, 9, 0)","[(1, 1, '?', '?', 2)]"
"(3, 3, 9, 7, 6, 0)","[(1, 1, '?', 3, 3)]"
"(3, 3, 9, 7, 11, 0)","[(1, 1, '?', 3, 1)]"
"(3, 3, 10, 3, 3, 0)","[('?', 1, 1, '?', '?')]"
"(3, 3, 10, 3, 6, 0)","[('?', 1, 1, '?', 3), ('?', 1, 1, '?', 3), ('?', 1, 1, '?', 3), ('?', 1, 1, '?', 3)]"
"(3, 3, 10, 3, 13, 0)","[('?', 1, 1, 3, 0), ('?', 1, 1, '?', 0), ('?', 1, 1, '?', 0), ('?', 1, 1, '?', 0), ('?', 1, 1, '?', 0)]"
"(3, 3, 10, 4, 4, 0)","[(0, 1, 1, '?', 2), (0, 1, 1, '?', 2), (0, 1, 1, '?', 2), (0, 1, 1, '?', 2), (0, 1, 1, '?', 2), (0, 1, 1, '?', 2), (0, 1, 1, '?', 2), (0, 1, 1, '?', 2), (0, 1, 1, '?', 2)]"
"(3, 3, 10, 4, 7, 0)","[(0, 1, 1, 3, 2)]"
"(3, 3, 10, 6, 3, 0)","[('?', 1, 1, 1, 2), ('?', 1, 1, '?', 2), ('?', 1, 1, '?', 2), ('?', 1, 1, '?', 2), ('?', 1, 1, '?', 2), ('?', 1, 1, '?', 2), ('?', 1, 1, '?', 2)]"
"(3, 3, 10, 6, 9, 0)","[(1, 1, 1, '?', 2), (1, 1, 1, '?', 2), (1, 1, 1, '?', 2), (1, 1, 1, '?', 2)]"
"(3, 3, 10, 6, 14, 0)","[(2, 1, 1, '?', 2), (2, 1, 1, '?', 2), (2, 1, 1, '?', 2), (2, 1, 1, '?', 2), (2, 1, 1, '?', 2), (2, 1, 1, '?', 2), (2, 1, 1, 1, 2)]"
"(3, 3, 10, 7, 6, 0)","[('?', 1, 1, 3, 3), ('?', 1, 1, 3, 3), ('?', 1, 1, 3, 3), (1, 1, 1, 3, '?'), ('?', 1, 1, 3, 3), ('?', 1, 1, 3, 3), ('?', 1, 1, 3, 3)]"
"(3, 3, 10, 7, 7, 0)","[('?', 1, 1, 3, '?'), ('?', 1, 1, 3, '?'), ('?', 1, 1, 3, '?'), ('?', 1, 1, 3, 1), ('?', 1, 1, 3, 1)]"
"(3, 3, 10, 7, 11, 0)","[('?', 1, 1, 3, 1), ('?', 1, 1, 3, 1), ('?', 1, 1, 3, 1)]"
"(3, 3, 10, 7, 13, 0)","[('?', 1, 1, 3, 0), ('?', 1, 1, 3, 0), ('?', 1, 1, 3, 0), ('?', 1, 1, 3, 0), ('?', 1, 1, 3, 0), ('?', 1, 1, 3, 0), ('?', 1, 1, 3, 0), ('?', 1, 1, 3, 0)]"
"(3, 3, 10, 8, 3, 0)","[(0, 1, 1, '?', '?'), (0, 1, 1, '?', '?'), (0, 1, 1, 3, 1), (0, 1, 1, '?', '?'), (0, 1, 1, '?', '?'), (0, 1, 1, '?', '?'), (0, 1, 1, '?', '?')]"
"(3, 3, 10, 8, 7, 0)","[(0, 1, 1, 3, '?')]"
"(3, 3, 10, 8, 11, 0)","[(0, 1, 1, '?', 1), (0, 1, 1, '?', 1), (0, 1, 1, '?', 1), (0, 1, 1, 3, 1), (0, 1, 1, '?', 1), (0, 1, 1, '?', 1), (0, 1, 1, '?', 1), (0, 1, 1, 0, 1), (0, 1, 1, 3, 1), (0, 1, 1, '?', 1)]"
"(3, 3, 10, 8, 13, 0)","[(0, 1, 1, 3, 0), (0, 1, 1, 3, 0), (0, 1, 1, 3, 0), (0, 1, 1, 0, 0), (0, 1, 1, '?', 0), (0, 1, 1, '?', 0), (0, 1, 1, '?', 0), (0, 1, 1, '?', 0), (0, 1, 1, 0, 0), (0, 1, 1, '?', 0)]"
"(3, 3, 10, 9, 3, 0)","[(1, 1, 1, '?', '?'), (1, 1, 1, '?', '?'), (1, 1, 1, '?', '?')]"
"(3, 3, 10, 9, 6, 0)","[(1, 1, 1, '?', 3), (1, 1, 1, '?', 3), (1, 1, 1, '?', 3), (1, 1, 1, '?', 3)]"
"(3, 3, 10, 10, 3, 0)","[('?', 1, 1, '?', '?'), ('?', 1, 1, '?', '?'), ('?', 1, 1, '?', '?'), ('?', 1, 1, '?', '?'), ('?', 1, 1, '?', '?'), ('?', 1, 1, '?', '?')]"
"(3, 3, 10, 10, 6, 0)","[('?', 1, 1, '?', 3), ('?', 1, 1, '?', 3)]"
"(3, 3, 10, 10, 13, 0)","[('?', 1, 1, '?', 0), ('?', 1, 1, '?', 0), (0, 1, 1, 0, 0), (3, 1, 1, 1, 0), ('?', 1, 1, '?', 0)]"
"(3, 3, 10, 14, 3, 0)","[(2, 1, 1, '?', '?'), (2, 1, 1, '?', '?'), (2, 1, 1, '?', '?'), (2, 1, 1, '?', '?'), (2, 1, 1, '?', '?')]"
"(3, 3, 10, 14, 6, 0)","[(2, 1, 1, '?', 3), (2, 1, 1, '?', 3), (2, 1, 1, '?', 3), (2, 1, 1, '?', 3), (2, 1, 1, '?', 3)]"
"(3, 3, 10, 14, 11, 0)","[(2, 1, 1, '?', 1), (2, 1, 1, '?', 1), (2, 1, 1, '?', 1)]"
"(3, 3, 10, 14, 13, 0)","[(2, 1, 1, '?', 0), (2, 1, 1, '?', 0), (2, 1, 1, '?', 0), (2, 1, 1, '?', 0)]"
"(3, 3, 11, 3, 3, 0)","[('?', 1, 2, '?', '?'), ('?', 1, 2, '?', '?'), ('?', 1, 2, '?', 1), ('?', 1, 2, '?', 1)]"
"(3, 3, 11, 3, 11, 0)","[('?', 1, 2, '?', 1), ('?', 1, 2, '?', 1), ('?', 1, 2, '?', 1)]"
"(3, 3, 11, 4, 4, 0)","[(0, 1, 2, '?', 2), (0, 1, 2, '?', 2), (0, 1, 2, '?', 2), (0, 1, 2, '?', 2), (0, 1, 2, '?', 2), (0, 1, 2, '?', 2), (0, 1, 2, 0, 2), (0, 1, 2, '?', 2)]"
"(3, 3, 11, 6, 9, 0)","[(1, 1, 2, '?', 2), (1, 1, 2, '?', 2), (1, 1, 2, '?', 2), (1, 1, 2, '?', 2), (1, 1, 2, '?', 2), (1, 1, 2, '?', 2), (1, 1, 2, '?', 2)]"
"(3, 3, 11, 6, 14, 0)","[(2, 1, 2, '?', 2), (2, 1, 2, '?', 2)]"
"(3, 3, 11, 8, 3, 0)","[(0, 1, 2, '?', '?'), (0, 1, 2, '?', '?'), (0, 1, 2, 0, '?'), (0, 1, 2, '?', '?')]"
"(3, 3, 11, 8, 6, 0)","[(0, 1, 2, 3, 3), (0, 1, 2, 2, 3), (0, 1, 2, '?', 3), (0, 1, 2, '?', 3)]"
"(3, 3, 11, 8, 11, 0)","[(0, 1, 2, '?', 1), (0, 1, 2, '?', 1), (0, 1, 2, '?', 1)]"
"(3, 3, 11, 8, 13, 0)","[(0, 1, 2, '?', 0), (0, 1, 2, '?', 0), (0, 1, 2, 0, 0), (0, 1, 2, 0, 0), (0, 1, 2, '?', 0), (0, 1, 2, '?', 0)]"
"(3, 3, 11, 9, 3, 0)","[(1, 1, 2, '?', '?'), (1, 1, 2, '?', '?'), (1, 1, 2, '?', 1), (1, 1, 2, '?', '?'), (1, 1, 2, '?', '?')]"
"(3, 3, 11, 9, 6, 0)","[(1, 1, 2, '?', 3), (1, 1, 2, '?', 3), (1, 1, 2, '?', 3), (1, 1, 2, '?', 3), (1, 1, 2, '?', 3)]"
"(3, 3, 11, 9, 11, 0)","[(1, 1, 2, '?', 1), (1, 1, 2, '?', 1), (1, 1, 2, '?', 1)]"
"(3, 3, 11, 9, 13, 0)","[(1, 1, 2, '?', 0), (1, 1, 2, '?', 0)]"
"(3, 3, 11, 14, 3, 0)","[(2, 1, 2, '?', '?'), (2, 1, 2, '?', '?'), (2, 1, 2, '?', '?'), (2, 1, 2, '?', '?'), (2, 1, 2, '?', '?')]"
"(3, 3, 11, 14, 6, 0)","[(2, 1, 2, '?', 3), (2, 1, 2, '?', 3), (2, 1, 2, '?', 3)]"
"(3, 3, 14, 3, 6, 0)","[(2, 1, '?', '?', 3), (2, 1, '?', '?', 3), (2, 1, '?', '?', 3), (2, 1, '?', '?', 3)]"
"(3, 3, 14, 3, 11, 0)","[(2, 1, '?', '?', 1)]"
"(3, 3, 14, 6, 14, 0)","[(2, 1, '?', 3, 2), (2, 1, '?', '?', 2)]"
"(3, 3, 14, 14, 11, 0)","[(2, 1, '?', '?', 1)]"
"(3, 4, 1, 3, 3, 0)","[(3, 1, 3, '?', '?'), (3, 1, 3, '?', '?'), (3, 1, 3, '?', 0), (3, 1, 3, 0, 1), (3, 1, 3, 2, 1), (3, 1, 3, 3, 0)]"
"(3, 4, 1, 3, 6, 0)","[(3, 1, 3, 3, 3), (3, 1, 3, 3, 3), (3, 1, 3, 0, 3)]"
"(3, 4, 1, 3, 7, 0)","[(3, 1, 3, 3, 1), (3, 1, 3, 3, 1), (3, 1, 3, 3, '?'), (3, 1, 3, 3, 1)]"
"(3, 4, 1, 3, 13, 0)","[(3, 1, 3, '?', 0), (3, 1, 3, '?', 0), (3, 1, 3, '?', 0), (3, 1, 3, '?', 0), (3, 1, 3, '?', 0), (3, 1, 3, '?', 0)]"
"(3, 4, 1, 6, 3, 0)","[(3, 1, 3, '?', 2), (3, 1, 3, '?', 2), (3, 1, 3, '?', 2), (3, 1, 3, '?', 2)]"
"(3, 4, 1, 7, 6, 0)","[(3, 1, 3, 3, 3), (3, 1, 3, 3, 3), (3, 1, 3, 3, 3), (3, 1, 3, 3, 3), (3, 1, 3, 3, 3), (3, 1, 3, 3, 3)]"
"(3, 4, 1, 7, 7, 0)","[(3, 1, 3, 3, '?'), (3, 1, 3, 3, 1), (3, 1, 3, 3, '?'), (3, 1, 3, 3, '?'), (3, 1, 3, 3, '?'), (3, 1, 3, 3, '?'), (3, 1, 3, 3, 1), (3, 1, 3, 3, '?')]"
"(3, 4, 1, 7, 11, 0)","[(3, 1, 3, 3, 1)]"
"(3, 4, 1, 7, 13, 0)","[(3, 1, 3, 3, 0), (3, 1, 3, 3, 0), (3, 1, 3, 3, 0), (3, 1, 3, 3, 0), (3, 1, 3, 3, 0), (3, 1, 3, 3, 0)]"
"(3, 4, 1, 8, 6, 0)","[(0, 1, 3, 2, 3)]"
"(3, 4, 3, 3, 3, 0)","[(3, 1, '?', '?', '?'), (3, 1, '?', '?', '?'), (3, 1, '?', '?', '?'), (3, 1, '?', '?', '?'), (3, 1, '?', '?', '?'), (3, 1, '?', '?', '?'), (3, 1, '?', '?', '?'), (3, 1, '?', 2, '?')]"
"(3, 4, 3, 3, 6, 0)","[(3, 1, '?', '?', 3), (3, 1, '?', '?', 3), (3, 1, '?', 2, 3), (3, 1, '?', 2, 3), (3, 1, '?', 2, 3), (3, 1, '?', '?', 3)]"
"(3, 4, 3, 3, 7, 0)","[(3, 1, '?', 3, 1)]"
"(3, 4, 3, 3, 11, 0)","[(3, 1, '?', 2, 1), (3, 1, '?', '?', 1), (3, 1, '?', '?', 1), (3, 1, '?', '?', 1), (3, 1, '?', '?', 1), (3, 1, '?', 2, 1), (3, 1, '?', 2, 1)]"
"(3, 4, 3, 3, 13, 0)","[(3, 1, '?', '?', 0)]"
"(3, 4, 3, 6, 3, 0)","[(3, 1, '?', '?', 2), (3, 1, '?', '?', 2), (3, 1, '?', '?', 2), (3, 1, '?', '?', 2), (3, 1, '?', '?', 2), (3, 1, '?', '?', 2), (3, 1, '?', '?', 2), (3, 1, '?', '?', 2), (3, 1, '?', '?', 2), (3, 1, 2, '?', 2)]"
"(3, 4, 3, 6, 7, 0)","[(3, 1, 2, 3, 2)]"
"(3, 4, 3, 6, 11, 0)","[(3, 1, 2, '?', 2)]"
"(3, 4, 3, 7, 3, 0)","[(3, 1, '?', 3, '?')]"
"(3, 4, 3, 7, 6, 0)","[(3, 1, '?', 3, 3), (3, 1, '?', 3, 3), (3, 1, '?', 3, 3), (3, 1, '?', 3, 3), (3, 1, '?', 3, 3), (3, 1, '?', 3, 3), (3, 1, '?', 3, 3), (3, 1, '?', 3, 3), (3, 1, '?', 3, 3)]"
"(3, 4, 3, 7, 7, 0)","[(3, 1, '?', 3, '?'), (3, 1, '?', 3, 1), (3, 1, '?', 3, '?'), (3, 1, '?', 3, '?'), (3, 1, '?', 3, 1), (3, 1, '?', 3, '?'), (3, 1, '?', 3, 1), (3, 1, '?', 3, '?')]"
"(3, 4, 3, 7, 11, 0)","[(3, 1, '?', 3, 1), (3, 1, '?', 3, 1), (3, 1, '?', 3, 1), (3, 1, '?', 3, 1)]"
"(3, 4, 3, 7, 13, 0)","[(3, 1, '?', 3, 0), (3, 1, '?', 3, 0), (3, 1, '?', 3, 0), (3, 1, '?', 3, 0), (3, 1, '?', 3, 0), (3, 1, '?', 3, 0), (3, 1, '?', 3, 0), (3, 1, '?', 3, 0), (3, 1, '?', 3, 0), (3, 1, '?', 3, 0)]"
"(3, 4, 3, 8, 3, 0)","[(0, 1, '?', 2, '?')]"
"(3, 4, 3, 8, 11, 0)","[(0, 1, '?', 2, 1)]"
"(3, 4, 3, 8, 13, 0)","[(0, 1, '?', 2, 0), (0, 1, '?', 2, 0)]"
"(3, 4, 3, 9, 3, 0)","[(3, 1, '?', 2, '?'), (3, 1, '?', 2, '?')]"
"(3, 4, 3, 9, 6, 0)","[(3, 1, '?', 2, 3)]"
"(3, 4, 4, 1, 3, 0)","[(3, 1, 3, '?', '?'), (3, 1, 3, '?', 0), (3, 1, 3, '?', '?'), (3, 1, 3, '?', '?'), (3, 1, 3, '?', '?'), (3, 1, 3, '?', '?'), (3, 1, 3, '?', '?')]"
"(3, 4, 4, 3, 3, 0)","[(3, 1, '?', '?', '?'), (3, 1, '?', '?', '?'), (3, 1, '?', '?', '?')]"
"(3, 4, 4, 3, 6, 0)","[(3, 1, '?', '?', 3), (3, 1, '?', '?', 3), (3, 1, '?', '?', 3)]"
"(3, 4, 4, 3, 11, 0)","[(3, 1, '?', '?', 1)]"
"(3, 4, 4, 3, 13, 0)","[(3, 1, '?', '?', 0), (3, 1, '?', '?', 0), (3, 1, '?', '?', 0), (3, 1, '?', '?', 0), (3, 1, '?', '?', 0)]"
"(3, 4, 4, 6, 1, 0)","[(3, 1, 3, '?', 2), (3, 1, 3, '?', 2)]"
"(3, 4, 4, 6, 3, 0)","[(3, 1, 1, 2, 2)]"
"(3, 4, 4, 11, 3, 0)","[(3, 1, 2, '?', '?'), (3, 1, 2, '?', '?'), (3, 1, 2, '?', '?'), (3, 1, 2, '?', '?'), (3, 1, 2, '?', '?')]"
"(3, 4, 4, 11, 6, 0)","[(3, 1, 2, '?', 3), (3, 1, 2, '?', 3)]"
"(3, 4, 4, 11, 13, 0)","[(3, 1, 2, '?', 0), (3, 1, 2, '?', 0)]"
"(3, 4, 6, 6, 1, 0)","[(3, 1, 3, 2, 2)]"
"(3, 4, 6, 6, 3, 0)","[(3, 1, '?', 2, 2), (3, 1, '?', 2, 2)]"
"(3, 4, 6, 6, 6, 0)","[(3, 1, 0, 0, 2)]"
"(3, 4, 7, 3, 3, 0)","[(3, 1, 0, '?', '?')]"
"(3, 4, 7, 3, 11, 0)","[(3, 1, 0, '?', 1)]"
"(3, 4, 7, 3, 13, 0)","[(3, 1, 0, 1, 0)]"
"(3, 4, 7, 4, 4, 0)","[(0, 1, 0, 2, 2)]"
"(3, 4, 7, 6, 3, 0)","[(3, 1, 0, '?', 2), (3, 1, 0, '?', 2), (3, 1, 0, '?', 2)]"
"(3, 4, 7, 6, 9, 0)","[(3, 1, 0, '?', 2), (3, 1, 0, '?', 2), (3, 1, 0, 2, 2), (3, 1, 0, '?', 2), (3, 1, 0, '?', 2), (3, 1, 0, '?', 2)]"
"(3, 4, 7, 7, 3, 0)","[(3, 1, 0, 3, '?')]"
"(3, 4, 7, 7, 7, 0)","[(3, 1, 0, 3, '?'), (3, 1, 0, 3, '?'), (3, 1, 0, 3, 1), (3, 1, 0, 3, 1), (3, 1, 0, 3, '?'), (3, 1, 0, 3, '?'), (3, 1, 0, 3, '?')]"
"(3, 4, 7, 7, 11, 0)","[(3, 1, 0, 3, 1), (3, 1, 0, 3, 1), (3, 1, 0, '?', 1)]"
"(3, 4, 7, 7, 13, 0)","[(3, 1, 0, 3, 0), (3, 1, 0, 3, 0), (3, 1, 0, 3, 0), (3, 1, 0, 3, 0), (3, 1, 0, 3, 0), (3, 1, 0, 3, 0)]"
"(3, 4, 7, 8, 11, 0)","[(0, 1, 0, 2, 1), (0, 1, 0, 2, 1), (0, 1, 0, 2, 1), (0, 1, 0, 2, 1), (0, 1, 0, 2, 1), (0, 1, 0, 2, 1)]"
"(3, 4, 7, 8, 13, 0)","[(0, 1, 0, 2, 0), (0, 1, 0, 2, 0)]"
"(3, 4, 7, 9, 3, 0)","[(3, 1, 0, '?', '?'), (3, 1, 0, '?', '?'), (3, 1, 0, '?', 1), (3, 1, 0, '?', '?'), (3, 1, 0, 1, '?'), (3, 1, 0, '?', '?'), (3, 1, 0, '?', '?')]"
"(3, 4, 7, 9, 6, 0)","[(3, 1, 0, '?', 3), (3, 1, 0, '?', 3), (3, 1, 0, '?', 3), (3, 1, 0, '?', 3), (3, 1, 0, '?', 3), (3, 1, 0, '?', 3), (3, 1, 0, '?', 3), (3, 1, 0, 2, 3), (3, 1, 0, '?', 3)]"
"(3, 4, 7, 9, 11, 0)","[(3, 1, 0, '?', 1), (3, 1, 0, '?', 1), (3, 1, 0, '?', 1), (3, 1, 0, '?', 1), (3, 1, 0, '?', 1)]"
"(3, 4, 7, 9, 13, 0)","[(3, 1, 0, '?', 0), (3, 1, 0, '?', 0), (3, 1, 0, '?', 0)]"
"(3, 4, 8, 8, 13, 0)","[(0, 1, '?', 2, 0)]"
"(3, 4, 10, 3, 3, 0)","[(3, 1, 1, '?', '?'), (3, 1, 1, '?', '?'), (3, 1, 1, '?', '?')]"
"(3, 4, 10, 3, 6, 0)","[(3, 1, 1, 3, 3), (3, 1, 1, '?', 3)]"
"(3, 4, 10, 3, 11, 0)","[(3, 1, 1, 2, 1)]"
"(3, 4, 10, 3, 13, 0)","[(3, 1, 1, '?', 0), (3, 1, 1, '?', 0), (3, 1, 1, '?', 0), (3, 1, 1, '?', 0), (3, 1, 1, 2, 0), (3, 1, 1, '?', 0)]"
"(3, 4, 10, 6, 3, 0)","[(3, 1, 1, '?', 2), (3, 1, 1, '?', 2), (3, 1, 1, '?', 2), (3, 1, 1, '?', 2), (3, 1, 1, 0, 2), (3, 1, 1, 2, 2)]"
"(3, 4, 10, 6, 7, 0)","[(3, 1, 1, 3, 2)]"
"(3, 4, 10, 6, 10, 0)","[(3, 1, 1, '?', 2)]"
"(3, 4, 10, 7, 6, 0)","[(3, 1, 1, 3, 3)]"
"(3, 4, 10, 7, 7, 0)","[(3, 1, 1, 3, '?'), (3, 1, 1, 3, '?'), (3, 1, 1, 3, '?'), (3, 1, 1, 3, 1)]"
"(3, 4, 10, 7, 11, 0)","[(3, 1, 1, 3, 1)]"
"(3, 4, 10, 7, 13, 0)","[(3, 1, 1, 3, 0), (3, 1, 1, 3, 0), (3, 1, 1, 3, 0), (3, 1, 1, 3, 0), (3, 1, 1, 3, 0), (3, 1, 1, 3, 0)]"
"(3, 4, 10, 10, 3, 0)","[(3, 1, 1, '?', '?'), (3, 1, 1, '?', '?'), (3, 1, 1, '?', '?')]"
"(3, 4, 10, 10, 6, 0)","[(3, 1, 1, '?', 3), (3, 1, 1, '?', 3), (3, 1, 1, '?', 3), (3, 1, 1, '?', 3), (3, 1, 1, '?', 3), (3, 1, 1, '?', 3)]"
"(3, 4, 10, 10, 11, 0)","[(3, 1, 1, 3, 1)]"
"(3, 4, 10, 10, 13, 0)","[(3, 1, 1, '?', 0), (3, 1, 1, '?', 0)]"
"(3, 4, 11, 3, 3, 0)","[(3, 1, 2, '?', '?'), (3, 1, 2, '?', '?'), (3, 1, 2, '?', '?'), (3, 1, 2, '?', '?')]"
"(3, 4, 11, 3, 6, 0)","[(3, 1, 2, '?', 3), (3, 1, 2, 2, 3), (3, 1, 2, 2, 3), (3, 1, 2, '?', 3), (3, 1, 2, '?', 3), (3, 1, 2, 2, 3), (3, 1, 2, '?', 3)]"
"(3, 4, 11, 3, 11, 0)","[(3, 1, 2, '?', 1), (3, 1, 2, '?', 1), (3, 1, 2, '?', 1), (3, 1, 2, '?', 1), (3, 1, 2, '?', 1), (3, 1, 2, '?', 1), (3, 1, 2, '?', 1)]"
"(3, 4, 11, 3, 13, 0)","[(3, 1, 2, 2, 0), (3, 1, 2, '?', 0), (3, 1, 2, '?', 0), (3, 1, 2, '?', 0), (3, 1, 2, '?', 0)]"
"(3, 4, 11, 6, 3, 0)","[(3, 1, 2, '?', 2), (3, 1, 2, '?', 2), (3, 1, 2, '?', 2), (3, 1, 2, '?', 2), (3, 1, 2, '?', 2)]"
"(3, 4, 11, 6, 7, 0)","[(3, 1, 2, 3, 2), (3, 1, 2, 3, 2), (3, 1, 2, 3, 2), (3, 1, 2, 3, 2), (3, 1, 2, 3, 2), (3, 1, 2, 3, 2), (3, 1, 2, 3, 2)]"
"(3, 4, 11, 7, 6, 0)","[(3, 1, 2, 3, 3), (3, 1, 2, 3, 3), (3, 1, 2, 3, 3), (3, 1, 2, 3, 3), (3, 1, 2, 3, 3)]"
"(3, 4, 11, 7, 7, 0)","[(3, 1, 2, 3, '?'), (3, 1, 2, 3, '?'), (3, 1, 2, 3, '?'), (3, 1, 2, 3, '?'), (3, 1, 2, 3, '?')]"
"(3, 4, 11, 7, 13, 0)","[(3, 1, 2, 3, 0), (3, 1, 2, 3, 0), (3, 1, 2, 3, 0), (3, 1, 2, 3, 0), (3, 1, 2, 3, 0)]"
"(3, 4, 11, 8, 13, 0)","[(0, 1, 2, 2, 0)]"
"(3, 6, 1, 1, 3, 0)","[('?', 1, 3, '?', 1)]"
"(3, 6, 1, 3, 3, 0)","[('?', 1, 3, '?', '?'), ('?', 1, 3, '?', 1), ('?', 1, 3, '?', '?')]"
"(3, 6, 1, 3, 6, 0)","[('?', 1, 3, '?', 3), ('?', 1, 3, '?', 3), ('?', 1, 3, 2, 3), ('?', 1, 3, 2, 3), ('?', 1, 3, '?', 3)]"
"(3, 6, 1, 3, 11, 0)","[('?', 1, 3, '?', 1)]"
"(3, 6, 1, 4, 4, 0)","[(0, 1, 3, 2, 2)]"
"(3, 6, 1, 6, 3, 0)","[('?', 1, 3, '?', 2)]"
"(3, 6, 1, 6, 14, 0)","[(2, 1, 3, '?', 2), (2, 1, 3, '?', 2), (2, 1, 3, '?', 2)]"
"(3, 6, 1, 8, 3, 0)","[(0, 1, 3, '?', '?')]"
"(3, 6, 1, 8, 6, 0)","[(0, 1, 3, '?', 3), (0, 1, 3, 2, 3)]"
"(3, 6, 1, 8, 11, 0)","[(0, 1, 3, '?', 1)]"
"(3, 6, 1, 9, 3, 0)","[(1, 1, 3, '?', '?'), (1, 1, 3, '?', '?')]"
"(3, 6, 1, 9, 6, 0)","[(1, 1, 3, '?', 3)]"
"(3, 6, 1, 9, 11, 0)","[(1, 1, 3, '?', 1), (1, 1, 3, '?', 1), (1, 1, 3, '?', 1)]"
"(3, 6, 1, 9, 13, 0)","[(1, 1, 3, '?', 0), (1, 1, 3, '?', 0), (1, 1, 3, '?', 0)]"
"(3, 6, 1, 14, 11, 0)","[(2, 1, 3, '?', 1)]"
"(3, 6, 1, 14, 13, 0)","[(2, 1, 3, '?', 0), (2, 1, 3, '?', 0), (2, 1, 3, '?', 0), (2, 1, 3, '?', 0)]"
"(3, 6, 3, 3, 3, 0)","[('?', 1, '?', 2, '?'), ('?', 1, '?', '?', '?')]"
"(3, 6, 3, 3, 11, 0)","[(3, 1, '?', 2, 1), (3, 1, '?', 2, 1)]"
"(3, 6, 3, 4, 4, 0)","[(0, 1, '?', 2, 2), (0, 1, '?', 2, 2), (0, 1, '?', 2, 2), (0, 1, '?', 2, 2), (0, 1, '?', 2, 2), (0, 1, '?', 2, 2)]"
"(3, 6, 3, 6, 3, 0)","[('?', 1, '?', 2, 2), ('?', 1, '?', 2, 2)]"
"(3, 6, 3, 6, 9, 0)","[(1, 1, '?', 2, 2)]"
"(3, 6, 3, 8, 3, 0)","[(0, 1, '?', 2, '?')]"
"(3, 6, 3, 8, 11, 0)","[(0, 1, '?', '?', 1)]"
"(3, 6, 3, 8, 13, 0)","[(0, 1, '?', 2, 0), (0, 1, '?', 2, 0)]"
"(3, 6, 3, 9, 6, 0)","[(1, 1, '?', 2, 3), (1, 1, '?', 2, 3), (1, 1, '?', 2, 3)]"
"(3, 6, 3, 9, 11, 0)","[(1, 1, '?', 2, 1), (1, 1, '?', 2, 1), (1, 1, '?', 2, 1)]"
"(3, 6, 3, 9, 13, 0)","[(1, 1, '?', 2, 0)]"
"(3, 6, 3, 14, 3, 0)","[(2, 1, '?', 2, '?')]"
"(3, 6, 3, 14, 6, 0)","[(2, 1, '?', 2, 3), (2, 1, '?', '?', 3), (2, 1, '?', 2, 3)]"
"(3, 6, 3, 14, 11, 0)","[(2, 1, '?', '?', 1), (2, 1, '?', 2, 1)]"
"(3, 6, 3, 14, 13, 0)","[(2, 1, '?', 2, 0), (2, 1, '?', 2, 0)]"
"(3, 6, 7, 3, 13, 0)","[('?', 1, 0, '?', 0)]"
"(3, 6, 7, 6, 4, 0)","[(0, 1, 0, 2, 2)]"
"(3, 6, 7, 8, 6, 0)","[(0, 1, 0, '?', 3), (0, 1, 0, '?', 3)]"
"(3, 6, 7, 9, 6, 0)","[(1, 1, 0, 2, 3), (1, 1, 0, 2, 3), (1, 1, 0, 2, 3), (1, 1, 0, 2, 3), (1, 1, 0, 2, 3)]"
"(3, 6, 7, 9, 11, 0)","[(1, 1, 0, 2, 1)]"
"(3, 6, 7, 14, 11, 0)","[(2, 1, 0, 2, 1)]"
"(3, 6, 10, 3, 3, 0)","[(3, 1, 1, 2, '?')]"
"(3, 6, 10, 3, 6, 0)","[('?', 1, 1, 2, 3)]"
"(3, 6, 10, 3, 11, 0)","[(0, 1, 1, 2, 1), (0, 1, 1, 2, 1)]"
"(3, 6, 10, 3, 13, 0)","[('?', 1, 1, 2, 0), (3, 1, 1, 2, 0), ('?', 1, 1, 2, 0)]"
"(3, 6, 10, 4, 4, 0)","[(0, 1, 1, 2, 2), (0, 1, 1, 2, 2)]"
"(3, 6, 10, 6, 3, 0)","[('?', 1, 1, 0, 2)]"
"(3, 6, 10, 6, 9, 0)","[(1, 1, 1, 2, 2), (1, 1, 1, '?', 2)]"
"(3, 6, 10, 8, 13, 0)","[(0, 1, 1, 2, 0), (0, 1, 1, '?', 0)]"
"(3, 6, 10, 9, 6, 0)","[(1, 1, 1, '?', 3), (1, 1, 1, '?', 3), (1, 1, 1, 2, 3)]"
"(3, 6, 10, 9, 13, 0)","[(1, 1, 1, 2, 0)]"
"(3, 6, 10, 10, 6, 0)","[('?', 1, 1, '?', 3)]"
"(3, 6, 10, 14, 3, 0)","[(2, 1, 1, '?', '?')]"
"(3, 6, 10, 14, 6, 0)","[(2, 1, 1, '?', 3)]"
"(3, 6, 10, 14, 13, 0)","[(2, 1, 1, '?', 0)]"
"(3, 6, 11, 3, 3, 0)","[('?', 1, 2, '?', '?')]"
"(3, 6, 11, 3, 6, 0)","[('?', 1, 2, 2, 3), ('?', 1, 2, 2, 3), ('?', 1, 2, 2, 3)]"
"(3, 6, 11, 3, 11, 0)","[('?', 1, 2, 2, 1), (3, 1, 2, 2, 1)]"
"(3, 6, 11, 4, 4, 0)","[(0, 1, 2, 2, 2)]"
"(3, 6, 11, 8, 6, 0)","[(0, 1, 2, 2, 3), (0, 1, 2, 2, 3)]"
"(3, 6, 11, 8, 11, 0)","[(0, 1, 2, 2, 1)]"
"(3, 6, 11, 8, 13, 0)","[(0, 1, 2, 2, 0), (0, 1, 2, 2, 0), (0, 1, 2, 2, 0)]"
"(3, 6, 11, 9, 3, 0)","[(1, 1, 2, '?', '?'), (1, 1, 2, 2, '?')]"
"(3, 6, 11, 9, 6, 0)","[(1, 1, 2, '?', 3)]"
"(3, 6, 11, 9, 11, 0)","[(1, 1, 2, '?', 1), (1, 1, 2, 2, 1), (1, 1, 2, 2, 1), (1, 1, 2, '?', 1), (1, 1, 2, '?', 1)]"
"(3, 6, 11, 9, 13, 0)","[(1, 1, 2, 2, 0), (1, 1, 2, 2, 0)]"
"(3, 6, 11, 14, 3, 0)","[(2, 1, 2, '?', '?'), (2, 1, 2, '?', '?')]"
"(3, 6, 11, 14, 6, 0)","[(2, 1, 2, '?', 3), (2, 1, 2, '?', 3)]"
"(3, 6, 11, 14, 13, 0)","[(2, 1, 2, 2, 0), (2, 1, 2, 2, 0)]"
"(3, 6, 14, 3, 6, 0)","[(2, 1, '?', 2, 3)]"
"(3, 6, 14, 3, 13, 0)","[(2, 1, '?', 2, 0), (2, 1, '?', '?', 0)]"
"(3, 7, 7, 3, 11, 0)","[(3, 1, 0, '?', 1)]"
"(3, 7, 7, 3, 13, 0)","[(3, 1, 0, 2, 0), ('?', 1, 0, '?', 0)]"
"(3, 7, 7, 4, 7, 0)","[(0, 1, 0, 3, 2), (0, 1, 0, 3, 2)]"
"(3, 7, 7, 7, 6, 0)","[('?', 1, 0, 3, 3)]"
"(3, 7, 7, 7, 7, 0)","[('?', 1, 0, 3, '?'), (3, 1, 0, 3, 1), ('?', 1, 0, 3, '?'), ('?', 1, 0, 3, 1), ('?', 1, 0, 3, '?')]"
"(3, 7, 7, 7, 11, 0)","[('?', 1, 0, 3, 1), ('?', 1, 0, 3, 1)]"
"(3, 7, 7, 7, 13, 0)","[('?', 1, 0, 3, 0)]"
"(3, 7, 7, 8, 6, 0)","[(0, 1, 0, 3, 3), (0, 1, 0, 3, 3), (0, 1, 0, 3, 3), (0, 1, 0, 3, 3)]"
"(3, 7, 7, 8, 7, 0)","[(0, 1, 0, 3, '?'), (0, 1, 0, 3, 1), (0, 1, 0, 3, '?'), (0, 1, 0, 3, 1), (0, 1, 0, 3, '?')]"
"(3, 7, 7, 8, 11, 0)","[(0, 1, 0, 3, 1)]"
"(3, 7, 7, 8, 13, 0)","[(0, 1, 0, 3, 0), (0, 1, 0, 3, 0), (0, 1, 0, 3, 0), (0, 1, 0, 3, 0), (0, 1, 0, 3, 0), (0, 1, 0, 3, 0)]"
"(3, 7, 7, 9, 6, 0)","[(1, 1, 0, '?', 3), (1, 1, 0, '?', 3)]"
"(3, 7, 7, 14, 7, 0)","[(2, 1, 0, 3, '?')]"
"(3, 9, 1, 7, 7, 0)","[(1, 1, 3, 3, '?'), (1, 1, 3, 3, '?'), (1, 1, 3, 3, 1), (1, 1, 3, 3, '?'), (1, 1, 3, 3, 1)]"
"(3, 9, 1, 7, 11, 0)","[(1, 1, 3, 3, 1), (1, 1, 3, 3, 1), (1, 1, 3, 3, 1)]"
"(3, 9, 1, 7, 13, 0)","[(1, 1, 3, 3, 0), (1, 1, 3, 3, 0), (1, 1, 3, 3, 0), (1, 1, 3, 3, 0), (1, 1, 3, 3, 0), (1, 1, 3, 3, 0), (1, 1, 3, 3, 0)]"
"(3, 9, 1, 9, 3, 0)","[(1, 1, 3, '?', '?')]"
"(3, 9, 1, 9, 6, 0)","[(1, 1, 3, '?', 3)]"
"(3, 9, 1, 9, 11, 0)","[(1, 1, 3, '?', 1), (1, 1, 3, '?', 1), (1, 1, 3, 3, 1), (1, 1, 3, '?', 1)]"
"(3, 9, 1, 9, 13, 0)","[(1, 1, 3, 3, 0)]"
"(3, 9, 3, 6, 7, 0)","[(1, 1, '?', 3, 2), (1, 1, '?', 3, 2)]"
"(3, 9, 3, 7, 6, 0)","[(1, 1, '?', 3, 3), (1, 1, '?', 3, 3), (1, 1, '?', 3, 3), (1, 1, '?', 3, 3), (1, 1, '?', 3, 3), (1, 1, '?', 3, 3)]"
"(3, 9, 3, 7, 7, 0)","[(1, 1, '?', 3, '?'), (1, 1, '?', 3, '?'), (1, 1, '?', 3, '?'), (1, 1, '?', 3, '?'), (1, 1, '?', 3, '?'), (1, 1, '?', 3, 1), (1, 1, '?', 3, '?'), (1, 1, '?', 3, '?')]"
"(3, 9, 3, 7, 11, 0)","[(1, 1, '?', 3, 1)]"
"(3, 9, 3, 7, 13, 0)","[(1, 1, '?', 3, 0), (1, 1, '?', 3, 0), (1, 1, '?', 3, 0), (1, 1, '?', 3, 0)]"
"(3, 9, 6, 6, 7, 0)","[(1, 1, '?', 3, 2), (1, 1, '?', 3, 2)]"
"(3, 9, 7, 6, 7, 0)","[(1, 1, 0, 3, 2)]"
"(3, 9, 7, 6, 9, 0)","[(1, 1, 0, '?', 2)]"
"(3, 9, 7, 7, 6, 0)","[(1, 1, 0, 3, 3), (1, 1, 0, 3, 3)]"
"(3, 9, 7, 7, 7, 0)","[(1, 1, 0, 3, 1)]"
"(3, 9, 7, 7, 9, 0)","[(1, 1, 0, 3, 1)]"
"(3, 9, 7, 7, 11, 0)","[(1, 1, 0, 3, 1), (1, 1, 0, 3, 1), (1, 1, 0, 3, 1), (1, 1, 0, 3, 1)]"
"(3, 9, 7, 7, 13, 0)","[(1, 1, 0, 3, 0), (1, 1, 0, 3, 0), (1, 1, 0, 3, 0), (1, 1, 0, 3, 0), (1, 1, 0, 3, 0), (1, 1, 0, 3, 0)]"
"(3, 9, 7, 9, 11, 0)","[(1, 1, 0, '?', 1)]"
"(3, 9, 10, 6, 9, 0)","[(1, 1, 1, '?', 2), (1, 1, 1, '?', 2)]"
"(3, 9, 10, 7, 6, 0)","[(1, 1, 1, 3, 3), (1, 1, 1, 3, '?'), (1, 1, 1, 3, 3), (1, 1, 1, 3, 3), (1, 1, 1, 3, 3), (1, 1, 1, 3, 3)]"
"(3, 9, 10, 7, 7, 0)","[(1, 1, 1, 3, '?'), (1, 1, 1, 3, 1)]"
"(3, 9, 10, 7, 11, 0)","[(1, 1, 1, 3, 1)]"
"(3, 9, 10, 9, 3, 0)","[(1, 1, 1, '?', '?'), (1, 1, 1, '?', '?'), (1, 1, 1, '?', '?'), (1, 1, 1, '?', '?'), (1, 1, 1, '?', '?'), (1, 1, 1, '?', '?')]"
"(3, 9, 10, 9, 6, 0)","[(1, 1, 1, '?', 3), (1, 1, 1, '?', 3), (1, 1, 1, '?', 3)]"
"(3, 9, 10, 9, 11, 0)","[(1, 1, 1, 3, 1), (1, 1, 1, 3, 1)]"
"(3, 9, 10, 10, 3, 0)","[(1, 1, 1, '?', '?')]"
"(3, 9, 11, 7, 7, 0)","[(1, 1, 2, 3, '?')]"
"(3, 9, 11, 7, 13, 0)","[(1, 1, 2, 3, 0), (1, 1, 2, 3, 0)]"
"(3, 9, 11, 9, 3, 0)","[(1, 1, 2, '?', '?')]"
"(3, 10, 8, 7, 6, 0)","[(0, 1, 1, 3, 3)]"
"(3, 10, 8, 7, 13, 0)","[(0, 1, 1, 3, 0)]"
"(3, 10, 10, 8, 13, 0)","[(0, 1, 1, 3, 0)]"
"(3, 11, 3, 3, 3, 0)","[('?', 1, 2, '?', '?'), ('?', 1, 2, '?', '?')]"
"(3, 11, 3, 3, 11, 0)","[('?', 1, 2, '?', 1), ('?', 1, 2, '?', 1)]"
"(3, 11, 3, 4, 4, 0)","[(0, 1, 2, 0, 2), (0, 1, 2, '?', 2)]"
"(3, 11, 3, 6, 7, 0)","[('?', 1, 2, 3, 2)]"
"(3, 11, 3, 6, 14, 0)","[(2, 1, 2, '?', 2), (2, 1, 2, '?', 2)]"
"(3, 11, 3, 7, 3, 0)","[('?', 1, 2, 3, 1)]"
"(3, 11, 3, 7, 6, 0)","[('?', 1, 2, 3, 3), ('?', 1, 2, 3, 3), ('?', 1, 2, 3, 3), ('?', 1, 2, 3, 3), ('?', 1, 2, 3, 3), ('?', 1, 2, 3, 3)]"
"(3, 11, 3, 7, 7, 0)","[('?', 1, 2, 3, 1), ('?', 1, 2, 3, 1), ('?', 1, 2, 3, 1)]"
"(3, 11, 3, 7, 11, 0)","[('?', 1, 2, 3, 1)]"
"(3, 11, 3, 8, 3, 0)","[(0, 1, 2, '?', '?'), (0, 1, 2, '?', '?'), (0, 1, 2, '?', '?')]"
"(3, 11, 3, 8, 6, 0)","[(0, 1, 2, '?', 3), (0, 1, 2, '?', 3)]"
"(3, 11, 3, 8, 11, 0)","[(0, 1, 2, '?', 1), (0, 1, 2, '?', 1), (0, 1, 2, '?', 1), (0, 1, 2, 2, 1), (0, 1, 2, 2, 1), (0, 1, 2, 2, 1)]"
"(3, 11, 3, 8, 13, 0)","[(0, 1, 2, '?', 0), (0, 1, 2, '?', 0), (0, 1, 2, '?', 0)]"
"(3, 11, 3, 9, 6, 0)","[(1, 1, 2, '?', 3)]"
"(3, 11, 3, 9, 13, 0)","[(1, 1, 2, '?', 0), (1, 1, 2, '?', 0), (1, 1, 2, '?', 0)]"
"(3, 11, 4, 7, 7, 0)","[(0, 1, 2, 3, 2)]"
"(3, 11, 6, 3, 7, 0)","[('?', 1, 2, 3, 2)]"
"(3, 11, 6, 6, 7, 0)","[(1, 1, 2, 3, 2)]"
"(3, 11, 6, 7, 7, 0)","[('?', 1, 2, 3, 2)]"
"(3, 11, 6, 7, 9, 0)","[(1, 1, 2, 3, 2)]"
"(3, 11, 6, 14, 14, 0)","[(2, 1, 2, '?', 2)]"
"(3, 11, 7, 7, 6, 0)","[('?', 1, 2, 3, 3)]"
"(3, 11, 7, 7, 11, 0)","[('?', 1, 2, 3, 1)]"
"(3, 11, 8, 6, 7, 0)","[(0, 1, 2, 3, 2)]"
"(3, 11, 8, 7, 3, 0)","[(0, 1, 2, 3, '?'), (0, 1, 2, 3, '?'), (0, 1, 2, 3, '?'), (0, 1, 2, 3, '?')]"
"(3, 11, 8, 7, 6, 0)","[(0, 1, 2, 3, 3), (0, 1, 2, 3, 3), (0, 1, 2, 3, 3)]"
"(3, 11, 9, 3, 7, 0)","[(1, 1, 2, 3, 2)]"
"(3, 11, 9, 3, 9, 0)","[(1, 1, 2, '?', '?'), (1, 1, 2, '?', '?')]"
"(3, 11, 9, 3, 11, 0)","[(1, 1, 2, '?', 1), (1, 1, 2, 2, 1), (1, 1, 2, '?', 1)]"
"(3, 11, 9, 6, 7, 0)","[(1, 1, 2, 3, 2), (1, 1, 2, 3, 2)]"
"(3, 11, 9, 7, 6, 0)","[(1, 1, 2, 3, '?')]"
"(3, 11, 9, 7, 7, 0)","[(1, 1, 2, 3, '?'), (1, 1, 2, 3, '?'), (1, 1, 2, 3, '?'), (1, 1, 2, 3, 2), (1, 1, 2, 3, 1), (1, 1, 2, 3, 2)]"
"(3, 11, 9, 7, 11, 0)","[(1, 1, 2, 3, 1), (1, 1, 2, 3, 1), (1, 1, 2, 3, 1), (1, 1, 2, 3, 1), (1, 1, 2, 3, 1)]"
"(3, 11, 9, 7, 13, 0)","[(1, 1, 2, 3, 0), (1, 1, 2, 3, 0), (1, 1, 2, 3, 0)]"
"(3, 11, 11, 3, 3, 0)","[('?', 1, 2, '?', '?')]"
"(3, 11, 11, 7, 7, 0)","[(1, 1, 2, 3, '?')]"
"(3, 11, 11, 8, 6, 0)","[(0, 1, 2, 2, 3)]"
"(3, 11, 11, 14, 6, 0)","[(2, 1, 2, '?', 3)]"
"(3, 11, 14, 3, 3, 0)","[(2, 1, 2, '?', '?')]"
"(3, 11, 14, 3, 6, 0)","[(2, 1, 2, '?', 3)]"
"(3, 11, 14, 6, 7, 0)","[(2, 1, 2, 3, 2), (2, 1, 2, 3, 2), (2, 1, 2, 3, 2)]"
"(3, 11, 14, 6, 14, 0)","[(2, 1, 2, '?', 2)]"
"(3, 11, 14, 7, 7, 0)","[(2, 1, 2, 3, '?'), (2, 1, 2, 3, '?'), (2, 1, 2, 3, '?')]"
"(3, 11, 14, 7, 11, 0)","[(2, 1, 2, 3, 1), (2, 1, 2, 3, 1)]"
"(3, 11, 14, 7, 14, 0)","[(2, 1, 2, 3, '?')]"
"(3, 14, 1, 6, 7, 0)","[(2, 1, 3, 3, 2)]"
"(3, 14, 1, 7, 6, 0)","[(2, 1, 3, 3, 3), (2, 1, 3, 3, 3), (2, 1, 3, 3, 3), (2, 1, 3, 3, 3), (2, 1, 3, 3, 3), (2, 1, 3, 3, 3), (2, 1, 3, 3, 3)]"
"(3, 14, 1, 7, 7, 0)","[(2, 1, 3, 3, '?'), (2, 1, 3, 3, '?'), (2, 1, 3, 3, '?'), (2, 1, 3, 3, '?'), (2, 1, 3, 3, '?'), (2, 1, 3, 3, '?'), (2, 1, 3, 3, 1)]"
"(3, 14, 1, 7, 11, 0)","[(2, 1, 3, 3, 1), (2, 1, 3, 3, 1)]"
"(3, 14, 1, 7, 13, 0)","[(2, 1, 3, 3, 0)]"
"(3, 14, 1, 7, 14, 0)","[(2, 1, '?', 3, '?')]"
"(3, 14, 1, 14, 11, 0)","[(2, 1, 3, 3, 1)]"
"(3, 14, 3, 6, 7, 0)","[(2, 1, '?', 3, 2), (2, 1, '?', 3, 2), (2, 1, '?', 3, 2), (2, 1, 2, 3, 2), (2, 1, '?', 3, 2)]"
"(3, 14, 3, 6, 14, 0)","[(2, 1, '?', 3, 2)]"
"(3, 14, 3, 7, 6, 0)","[(2, 1, '?', 3, 3), (2, 1, '?', 3, 3), (2, 1, '?', 3, 3)]"
"(3, 14, 3, 7, 7, 0)","[(2, 1, '?', 3, '?'), (2, 1, '?', 3, '?'), (2, 1, '?', 3, 1)]"
"(3, 14, 3, 7, 11, 0)","[(2, 1, '?', 3, 1), (2, 1, '?', 3, 1), (2, 1, '?', 3, 1)]"
"(3, 14, 3, 14, 13, 0)","[(2, 1, '?', '?', 0)]"
"(3, 14, 6, 6, 7, 0)","[(2, 1, 2, 3, 2)]"
"(3, 14, 7, 7, 6, 0)","[(2, 1, 0, 3, 3), (2, 1, 0, 3, 3), (2, 1, 0, 3, 3), (2, 1, 0, 3, 3), (2, 1, 0, 3, 3), (2, 1, 0, 3, 3)]"
"(3, 14, 7, 7, 7, 0)","[(2, 1, 0, 3, '?')]"
"(3, 14, 7, 7, 11, 0)","[(2, 1, 0, 3, 1), (2, 1, 0, 3, 1), (2, 1, 0, 3, 1), (2, 1, 0, 3, 1)]"
"(3, 14, 7, 7, 13, 0)","[(2, 1, 0, 3, 0), (2, 1, 0, 3, 0), (2, 1, 0, 3, 0), (2, 1, 0, 3, 0), (2, 1, 0, 3, 0)]"
"(3, 14, 7, 7, 14, 0)","[(2, 1, 0, 3, '?'), (2, 1, 0, 3, '?')]"
"(3, 14, 7, 14, 6, 0)","[(2, 1, 0, '?', 3), (2, 1, 0, '?', 3), (2, 1, 0, '?', 3), (2, 1, 0, '?', 3)]"
"(3, 14, 7, 14, 11, 0)","[(2, 1, 0, 0, 1)]"
"(3, 14, 7, 14, 13, 0)","[(2, 1, 0, 3, 0)]"
"(3, 14, 10, 7, 6, 0)","[(2, 1, 1, 3, 3), (2, 1, 1, 3, 3), (2, 1, 1, 3, 3), (2, 1, 1, 3, 3)]"
"(3, 14, 10, 7, 13, 0)","[(2, 1, 1, 3, 0), (2, 1, 1, 3, 0), (2, 1, 1, 3, 0)]"
"(3, 14, 10, 7, 14, 0)","[(2, 1, 1, 3, '?'), (2, 1, 1, 3, '?'), (2, 1, 1, 3, '?'), (2, 1, 1, 3, '?')]"
"(3, 14, 10, 14, 3, 0)","[(2, 1, 1, '?', '?'), (2, 1, 1, 0, '?'), (2, 1, 1, '?', '?'), (2, 1, 1, '?', '?')]"
"(3, 14, 10, 14, 6, 0)","[(2, 1, 1, 3, 3), (2, 1, 1, '?', 3)]"
"(3, 14, 10, 14, 11, 0)","[(2, 1, 1, '?', 1), (2, 1, 1, '?', 1), (2, 1, 1, '?', 1), (2, 1, 1, '?', 1), (2, 1, 1, '?', 1)]"
"(3, 14, 10, 14, 13, 0)","[(2, 1, 1, '?', 0), (2, 1, 1, '?', 0)]"
"(3, 14, 11, 6, 7, 0)","[(2, 1, 2, 3, 2), (2, 1, 2, 3, 2), (2, 1, 2, 3, 2)]"
"(3, 14, 11, 6, 14, 0)","[(2, 1, 2, '?', 2)]"
"(3, 14, 11, 7, 6, 0)","[(2, 1, 2, 3, 3), (2, 1, 2, 3, 3), (2, 1, 2, 3, 3), (2, 1, 2, 3, 3), (2, 1, 2, 3, 3), (2, 1, 2, 3, 3), (2, 1, 2, 3, 3)]"
"(3, 14, 11, 7, 7, 0)","[(2, 1, 2, 3, '?'), (2, 1, 2, 3, '?'), (2, 1, 2, 3, '?')]"
"(3, 14, 11, 7, 11, 0)","[(2, 1, 2, 3, 1), (2, 1, 2, 3, 1), (2, 1, 2, 3, 1), (2, 1, 2, 3, 1)]"
"(3, 14, 11, 7, 13, 0)","[(2, 1, 2, 3, 0), (2, 1, 2, 3, 0), (2, 1, 2, 3, 0), (2, 1, 2, 3, 0)]"
"(3, 14, 14, 7, 6, 0)","[(2, 1, '?', 3, 3), (2, 1, '?', 3, 3), (2, 1, '?', 3, 3), (2, 1, '?', 3, 3)]"
"(3, 14, 14, 7, 7, 0)","[(2, 1, '?', 3, '?'), (2, 1, '?', 3, '?'), (2, 1, '?', 3, '?'), (2, 1, '?', 3, '?')]"
"(3, 14, 14, 7, 11, 0)","[(2, 1, '?', 3, 1), (2, 1, '?', 3, 1), (2, 1, '?', 3, 1)]"
"(3, 15, 7, 4, 4, 0)","[(0, 1, 0, 0, 2)]"
"(3, 15, 7, 8, 13, 0)","[(0, 1, 0, 0, 0)]"
"(4, 1, 1, 3, 3, 0)","[(3, '?', 3, 2, '?'), (3, '?', 3, 2, '?')]"
"(4, 1, 1, 3, 11, 0)","[(3, '?', 3, 2, 1)]"
"(4, 1, 1, 3, 13, 0)","[(3, '?', 3, 2, 0)]"
"(4, 1, 1, 8, 6, 0)","[(0, '?', 3, 2, 3), (0, '?', 3, 2, 3), (0, '?', 3, 2, 3)]"
"(4, 1, 1, 8, 11, 0)","[(0, '?', 3, 2, 1), (0, '?', 3, 2, 1)]"
"(4, 1, 1, 9, 13, 0)","[(3, 2, 3, 2, 0)]"
"(4, 1, 3, 4, 4, 0)","[(0, '?', 3, 2, 2)]"
"(4, 1, 3, 6, 7, 0)","[(3, '?', 3, 3, 2)]"
"(4, 1, 3, 7, 7, 0)","[(3, '?', 3, 3, '?'), (3, '?', 3, 3, '?'), (3, '?', 3, 3, '?'), (3, '?', 3, 3, '?')]"
"(4, 1, 3, 8, 11, 0)","[(0, '?', 3, 2, 1)]"
"(4, 1, 3, 8, 13, 0)","[(0, '?', 3, 2, 0)]"
"(4, 1, 4, 4, 4, 0)","[(0, '?', 3, 2, 2)]"
"(4, 1, 6, 6, 7, 0)","[(3, '?', 3, 3, 2)]"
"(4, 1, 7, 7, 11, 0)","[(3, '?', 3, 3, 1)]"
"(4, 2, 1, 3, 3, 0)","[(3, '?', 3, 0, '?'), (3, '?', 3, 0, '?')]"
"(4, 2, 1, 3, 11, 0)","[(3, '?', 3, 0, 1), (3, '?', 3, 0, 1)]"
"(4, 2, 1, 3, 13, 0)","[(3, '?', 3, 0, 0), (3, '?', 3, 0, 0)]"
"(4, 2, 1, 6, 3, 0)","[(3, '?', 3, 0, 2)]"
"(4, 2, 3, 3, 3, 0)","[(3, '?', '?', 0, '?')]"
"(4, 2, 3, 3, 11, 0)","[(3, '?', '?', 0, 1)]"
"(4, 2, 3, 6, 3, 0)","[(3, '?', '?', 0, 2), (3, '?', '?', 0, 2)]"
"(4, 2, 4, 6, 1, 0)","[(3, '?', 3, 0, 2)]"
"(4, 2, 4, 6, 3, 0)","[(3, '?', '?', 0, 2), (3, '?', '?', 0, 2)]"
"(4, 2, 7, 3, 3, 0)","[(3, '?', 0, 0, '?'), (3, '?', 0, 0, '?'), (3, '?', 0, 0, '?'), (3, '?', 0, 0, '?'), (3, 1, 0, 0, '?')]"
"(4, 2, 7, 3, 6, 0)","[(3, '?', 0, 0, 3), (3, '?', 0, 0, 3), (3, '?', 0, 0, 3), (3, '?', 0, 0, 3)]"
"(4, 2, 7, 3, 11, 0)","[(3, '?', 0, 0, 1), (3, '?', 0, 0, 1)]"
"(4, 2, 7, 3, 13, 0)","[(3, '?', 0, 0, 0), (3, '?', 0, 0, 0), (3, '?', 0, 0, 0)]"
"(4, 2, 7, 4, 11, 0)","[(3, '?', 0, 0, 1), (3, '?', 0, 0, 1)]"
"(4, 2, 7, 4, 13, 0)","[(3, '?', 0, 0, 0), (3, '?', 0, 0, 0)]"
"(4, 2, 7, 6, 3, 0)","[(3, '?', 0, 0, 2), (3, '?', 0, 0, 2), (3, '?', 0, 0, 2), (3, '?', 0, 0, 2)]"
"(4, 2, 10, 6, 3, 0)","[(3, '?', 1, 0, 2), (3, '?', 1, 0, 2)]"
"(4, 2, 10, 6, 10, 0)","[(3, '?', 1, 0, 2), (3, '?', 1, 0, 2)]"
"(4, 2, 10, 10, 3, 0)","[(3, '?', 1, 0, '?'), (3, '?', 1, 0, '?'), (3, '?', 1, 0, '?')]"
"(4, 2, 10, 10, 6, 0)","[(3, '?', 1, 0, 3)]"
"(4, 2, 11, 3, 3, 0)","[(3, '?', 2, 0, '?'), (3, '?', 2, 0, '?'), (3, '?', 2, 0, '?')]"
"(4, 2, 11, 3, 11, 0)","[(3, '?', 2, 0, 1), (3, '?', 2, 0, 1), (3, '?', 2, 0, 1)]"
"(4, 2, 11, 3, 13, 0)","[(3, '?', 2, 0, 0), (3, '?', 2, 0, 0)]"
"(4, 2, 11, 6, 3, 0)","[(3, '?', 2, 0, 2)]"
"(4, 3, 3, 6, 7, 0)","[(3, '?', '?', 3, 2), (3, '?', '?', 3, 2), (3, '?', '?', 3, 2)]"
"(4, 3, 3, 7, 7, 0)","[(3, '?', '?', 3, '?'), (3, '?', '?', 3, '?')]"
"(4, 3, 3, 7, 11, 0)","[(3, '?', '?', 3, 1), (3, '?', '?', 3, 1)]"
"(4, 3, 6, 6, 7, 0)","[(3, '?', '?', 3, 2)]"
"(4, 3, 10, 7, 13, 0)","[(3, '?', 1, 3, 0)]"
"(4, 3, 10, 8, 3, 0)","[(0, '?', 1, 2, '?')]"
"(4, 4, 1, 3, 3, 0)","[(3, '?', 3, 2, '?'), (3, '?', 3, 2, '?'), (3, '?', 3, 2, '?'), (3, '?', 3, 2, '?'), (3, '?', 3, 2, '?')]"
"(4, 4, 1, 3, 13, 0)","[(3, '?', 3, 2, 0), (3, 3, 3, 2, 0), (3, '?', 3, 2, 0), (3, '?', 3, 2, 0), (3, '?', 3, 2, 0), (3, '?', 3, 2, 0)]"
"(4, 4, 1, 4, 4, 0)","[(0, '?', 3, 2, 2)]"
"(4, 4, 1, 7, 7, 0)","[(3, '?', 3, 3, '?')]"
"(4, 4, 1, 8, 6, 0)","[(0, '?', 3, 2, 3)]"
"(4, 4, 1, 13, 13, 0)","[(3, '?', 3, 2, 0)]"
"(4, 4, 3, 3, 3, 0)","[(3, '?', '?', 2, '?'), (3, '?', '?', 2, '?'), (3, '?', '?', 2, '?'), (3, '?', '?', 2, '?'), (3, '?', '?', 2, '?')]"
"(4, 4, 3, 3, 6, 0)","[(3, '?', '?', 2, 3)]"
"(4, 4, 3, 3, 13, 0)","[(3, '?', '?', 2, 0), (3, '?', '?', 2, 0), (3, '?', '?', 2, 0), (3, '?', '?', 2, 0), (3, '?', '?', 2, 0), (3, '?', '?', 2, 0), (3, '?', '?', 2, 0)]"
"(4, 4, 3, 4, 4, 0)","[(0, '?', '?', 2, 2)]"
"(4, 4, 3, 6, 3, 0)","[(3, '?', '?', 2, 2)]"
"(4, 4, 3, 6, 7, 0)","[(3, '?', '?', 3, 2), (3, '?', '?', 3, 2)]"
"(4, 4, 3, 7, 7, 0)","[(3, '?', '?', 3, 1), (3, '?', '?', 3, '?'), (3, '?', '?', 3, 1)]"
"(4, 4, 3, 8, 6, 0)","[(0, '?', '?', 2, 3), (0, '?', '?', 2, 3), (0, '?', 0, 2, 3)]"
"(4, 4, 3, 8, 11, 0)","[(0, '?', '?', 2, 1)]"
"(4, 4, 3, 8, 13, 0)","[(0, '?', '?', 2, 0)]"
"(4, 4, 3, 9, 3, 0)","[(3, '?', '?', 2, '?')]"
"(4, 4, 3, 10, 6, 0)","[(3, '?', 1, 2, 3)]"
"(4, 4, 6, 6, 3, 0)","[(3, '?', '?', 2, 2), (3, '?', '?', 2, 2), (3, '?', 0, 0, 2)]"
"(4, 4, 6, 6, 7, 0)","[(3, '?', 2, 3, 2)]"
"(4, 4, 6, 6, 11, 0)","[(3, '?', 2, 2, 2)]"
"(4, 4, 7, 4, 4, 0)","[(0, '?', 0, 2, 2), (0, '?', 0, 2, 2)]"
"(4, 4, 7, 7, 7, 0)","[(3, '?', 0, 3, '?')]"
"(4, 4, 7, 8, 3, 0)","[(0, '?', 0, 2, '?'), (0, '?', 0, 2, '?')]"
"(4, 4, 7, 8, 13, 0)","[(0, '?', 0, 2, 0), (0, '?', 0, 2, 0), (0, '?', 0, 2, 0)]"
"(4, 4, 7, 9, 3, 0)","[(3, '?', 0, 2, '?')]"
"(4, 4, 10, 3, 6, 0)","[(3, '?', 1, 2, 3)]"
"(4, 4, 10, 4, 4, 0)","[(0, '?', 1, 2, 2), (0, '?', 1, 2, 2), (0, '?', 1, 2, 2), (0, '?', 1, 2, 2), (0, '?', 1, 2, 2)]"
"(4, 4, 10, 6, 3, 0)","[(3, '?', 1, 2, 2)]"
"(4, 4, 10, 6, 7, 0)","[(3, 3, 1, 3, 2)]"
"(4, 4, 10, 7, 11, 0)","[(3, '?', 1, 3, 1)]"
"(4, 4, 10, 8, 3, 0)","[(0, '?', 1, 2, '?')]"
"(4, 4, 10, 8, 13, 0)","[(0, '?', 1, 2, 0)]"
"(4, 4, 10, 9, 13, 0)","[(3, '?', 1, 2, 0)]"
"(4, 4, 10, 10, 6, 0)","[(3, '?', 1, 2, 3), (3, '?', 1, 2, 3)]"
"(4, 4, 11, 3, 3, 0)","[(3, '?', 2, 2, '?'), (3, '?', 2, 2, '?'), (3, '?', 2, 2, '?'), (3, '?', 2, 2, '?'), (3, '?', 2, 2, '?'), (3, '?', 2, 2, '?')]"
"(4, 4, 11, 3, 11, 0)","[(3, '?', 2, 2, 1), (3, '?', 2, 2, 1), (3, '?', 2, 2, 1), (3, '?', 2, 2, 1), (3, '?', 2, 2, 1), (3, '?', 2, 2, 1)]"
"(4, 4, 11, 3, 13, 0)","[(3, '?', 2, 2, 0), (3, '?', 2, 2, 0), (3, '?', 2, 2, 0)]"
"(4, 4, 11, 4, 4, 0)","[(0, '?', 2, 2, 2), (0, '?', 2, 2, 2), (0, '?', 2, 2, 2)]"
"(4, 4, 11, 6, 3, 0)","[(3, '?', 2, 2, 2)]"
"(4, 4, 11, 6, 7, 0)","[(3, '?', 2, 3, 2)]"
"(4, 4, 11, 7, 6, 0)","[(3, '?', 2, 3, 3), (3, '?', 2, 3, 3)]"
"(4, 4, 11, 8, 3, 0)","[(0, '?', 2, 2, '?'), (0, '?', 2, 2, '?'), (0, '?', 2, 2, '?'), (0, 0, 2, 2, '?')]"
"(4, 4, 11, 8, 6, 0)","[(0, '?', 2, 2, 3), (0, '?', 2, 2, 3)]"
"(4, 4, 11, 8, 11, 0)","[(0, '?', 2, 2, 1), (0, '?', 2, 2, 1)]"
"(4, 4, 11, 9, 13, 0)","[(3, 2, 2, 2, 0)]"
"(4, 6, 1, 1, 11, 0)","[(3, '?', 3, 2, 1)]"
"(4, 6, 1, 3, 11, 0)","[(3, '?', 3, 2, 1)]"
"(4, 6, 1, 6, 7, 0)","[(3, '?', 3, 3, 2)]"
"(4, 6, 1, 7, 6, 0)","[(3, '?', 3, 3, 3), (3, '?', 3, 3, 3)]"
"(4, 6, 1, 7, 7, 0)","[(3, '?', 3, 3, '?'), (3, '?', 3, 3, '?'), (3, '?', 3, 3, '?')]"
"(4, 6, 1, 7, 11, 0)","[(3, '?', 3, 3, 1), (3, '?', 3, 3, 1)]"
"(4, 6, 1, 7, 13, 0)","[(3, '?', 3, 3, 0), (3, '?', 3, 3, 0)]"
"(4, 6, 3, 3, 3, 0)","[(3, '?', '?', 2, '?')]"
"(4, 6, 3, 3, 6, 0)","[(3, '?', '?', 2, 3), (3, '?', '?', 2, 3)]"
"(4, 6, 3, 6, 3, 0)","[(3, '?', '?', 2, 2), (3, '?', '?', 2, 2), (3, '?', 1, 2, 2)]"
"(4, 6, 3, 6, 7, 0)","[(3, '?', '?', 3, 2), (3, '?', '?', 3, 2)]"
"(4, 6, 3, 7, 7, 0)","[(3, '?', '?', 3, '?'), (3, '?', '?', 3, '?'), (3, '?', '?', 3, '?'), (3, '?', '?', 3, '?'), (3, '?', '?', 3, '?')]"
"(4, 6, 3, 7, 11, 0)","[(3, '?', '?', 3, 1)]"
"(4, 6, 4, 6, 7, 0)","[(3, '?', '?', 3, 2)]"
"(4, 6, 4, 6, 11, 0)","[(3, '?', 2, 2, 2)]"
"(4, 6, 4, 11, 13, 0)","[(3, '?', 2, '?', 0), (3, '?', 2, 2, 0)]"
"(4, 6, 7, 3, 3, 0)","[(3, '?', 0, 2, '?'), (3, '?', 0, 2, '?')]"
"(4, 6, 7, 3, 13, 0)","[(3, '?', 0, 2, 0)]"
"(4, 6, 7, 6, 3, 0)","[(3, '?', 0, 2, 2), (3, '?', 0, '?', 2), (3, '?', 0, 2, 2), (3, '?', 0, 2, 2)]"
"(4, 6, 7, 6, 7, 0)","[(3, '?', 0, 3, 2), (3, 2, 0, 3, 2)]"
"(4, 6, 7, 7, 7, 0)","[(3, '?', 0, 3, '?'), (3, '?', 0, 3, '?'), (3, '?', 0, 3, '?'), (3, '?', 0, 3, 1), (3, '?', 0, 3, 1)]"
"(4, 6, 7, 7, 13, 0)","[(3, '?', 0, 3, 0), (3, '?', 0, 3, 0), (3, '?', 0, 3, 0)]"
"(4, 6, 10, 6, 3, 0)","[(3, '?', 1, 2, 2), (3, '?', 1, 2, 2)]"
"(4, 6, 10, 6, 10, 0)","[(3, '?', 1, 2, 2), (3, '?', 1, 2, 2)]"
"(4, 6, 10, 7, 11, 0)","[(3, '?', 1, 3, 1)]"
"(4, 6, 10, 10, 6, 0)","[(3, '?', 1, 2, 3), (3, '?', 1, 2, 3)]"
"(4, 6, 10, 10, 13, 0)","[(3, '?', 1, 2, 0), (3, '?', 1, 2, 0)]"
"(4, 6, 11, 3, 6, 0)","[(3, 1, 2, 2, 3)]"
"(4, 6, 11, 3, 11, 0)","[(3, '?', 2, 2, 1)]"
"(4, 6, 11, 3, 13, 0)","[(3, '?', 2, 2, 0)]"
"(4, 6, 11, 6, 3, 0)","[(3, '?', 2, 2, 2)]"
"(4, 6, 11, 6, 7, 0)","[(3, '?', 2, 3, 2), (3, '?', 2, 3, 2)]"
"(4, 6, 11, 7, 6, 0)","[(3, '?', 2, 3, 3), (3, '?', 2, 3, 3)]"
"(4, 6, 11, 7, 7, 0)","[(3, '?', 2, 3, '?'), (3, '?', 2, 3, 1)]"
"(4, 6, 11, 7, 11, 0)","[(3, '?', 2, 3, 1), (3, '?', 2, 3, 1)]"
"(4, 6, 11, 7, 13, 0)","[(3, '?', 2, 3, 0), (3, '?', 2, 3, 0), (3, '?', 2, 3, 0), (3, '?', 2, 3, 0)]"
"(4, 7, 3, 3, 13, 0)","[(3, '?', 0, 2, 0)]"
"(4, 7, 3, 8, 6, 0)","[(0, '?', 0, 2, 3)]"
"(4, 7, 6, 7, 7, 0)","[(3, '?', 0, 3, 2)]"
"(4, 7, 7, 3, 3, 0)","[(3, '?', 0, 2, '?'), (3, 0, 0, 2, '?')]"
"(4, 7, 7, 3, 11, 0)","[(3, '?', 0, 2, 1), (3, '?', 0, 2, 1), (3, '?', 0, 2, 1)]"
"(4, 7, 7, 3, 13, 0)","[(3, '?', 0, 2, 0)]"
"(4, 7, 7, 4, 4, 0)","[(0, '?', 0, 2, 2)]"
"(4, 7, 7, 6, 3, 0)","[(3, '?', 0, 2, 2)]"
"(4, 7, 7, 7, 13, 0)","[(3, '?', 0, 3, 0)]"
"(4, 7, 7, 8, 3, 0)","[(0, '?', 0, 2, '?')]"
"(4, 7, 7, 9, 3, 0)","[(3, 3, 0, 2, '?'), (3, '?', 0, 2, '?'), (3, '?', 0, 2, '?'), (3, '?', 0, 2, '?')]"
"(4, 7, 7, 9, 11, 0)","[(3, '?', 0, 2, 1), (3, '?', 0, 2, 1), (3, '?', 0, 2, 1)]"
"(4, 7, 7, 9, 13, 0)","[(3, '?', 0, 2, 0), (3, '?', 0, 2, 0), (3, '?', 0, 2, 0)]"
"(4, 10, 10, 7, 11, 0)","[(3, '?', 1, 3, 1), (3, '?', 1, 3, 1)]"
"(4, 10, 10, 7, 13, 0)","[(3, '?', 1, 3, 0), (3, '?', 1, 3, 0), (3, '?', 1, 3, 0)]"
"(4, 10, 10, 8, 3, 0)","[(0, '?', 1, 2, '?')]"
"(4, 10, 10, 10, 6, 0)","[(3, '?', 1, 2, 3)]"
"(4, 10, 10, 10, 13, 0)","[(3, '?', 1, 2, 0)]"
"(4, 11, 3, 6, 7, 0)","[(3, '?', 2, 3, 2)]"
"(4, 11, 3, 7, 7, 0)","[(3, '?', 2, 3, '?'), (3, '?', 2, 3, '?'), (3, '?', 2, 3, '?'), (3, '?', 2, 3, '?')]"
"(4, 11, 3, 7, 11, 0)","[(3, '?', 2, 3, 1), (3, '?', 2, 3, 1)]"
"(4, 11, 7, 7, 7, 0)","[(3, '?', 2, 3, '?')]"
"(4, 12, 1, 1, 3, 0)","[(3, 3, 3, 2, '?')]"
"(4, 12, 1, 1, 6, 0)","[(3, 3, 3, 2, 3), (3, 3, 3, 2, 3), (3, 3, 3, 2, 3)]"
"(4, 12, 1, 1, 11, 0)","[(3, 3, 3, 2, 1), (3, 3, 3, 2, 1)]"
"(4, 12, 1, 3, 3, 0)","[(3, 3, 3, 2, '?'), (3, 3, 3, 2, '?')]"
"(4, 12, 1, 3, 6, 0)","[(3, 3, 3, 2, 3), (3, 3, 3, 2, 3)]"
"(4, 12, 1, 3, 11, 0)","[(3, '?', 3, 2, 1)]"
"(4, 12, 1, 3, 13, 0)","[(3, 3, 3, 2, 0)]"
"(4, 12, 1, 4, 4, 0)","[(0, 3, 3, 2, 2), (0, 3, 3, 2, 2)]"
"(4, 12, 1, 6, 1, 0)","[(3, 3, 3, 2, 2)]"
"(4, 12, 1, 6, 3, 0)","[(3, 3, 3, 2, 2), (3, 3, 3, 2, 2), (3, 3, 3, 2, 2), (3, 3, 3, 2, '?')]"
"(4, 12, 1, 8, 3, 0)","[(0, 3, 3, 2, '?'), (0, 3, 3, 2, '?')]"
"(4, 12, 1, 8, 6, 0)","[(0, 3, 3, 2, 3)]"
"(4, 12, 1, 8, 11, 0)","[(0, 3, 3, 2, 1)]"
"(4, 12, 1, 10, 3, 0)","[(3, 3, 3, 2, '?')]"
"(4, 12, 3, 3, 3, 0)","[(3, 3, '?', 2, '?'), (3, 3, '?', 2, '?'), (3, 3, '?', 2, '?'), (3, 3, '?', 2, '?')]"
"(4, 12, 3, 3, 6, 0)","[(3, 3, '?', 2, 3), (3, 3, '?', 2, 3), (3, 3, '?', 2, 3), (3, 3, '?', 2, 3), (3, 3, '?', 2, 3), (3, 3, '?', 2, 3)]"
"(4, 12, 3, 3, 11, 0)","[(3, 3, '?', 2, 1), (3, 3, '?', 2, 1)]"
"(4, 12, 3, 3, 13, 0)","[(3, 3, '?', 2, 0)]"
"(4, 12, 3, 8, 13, 0)","[(0, 3, '?', 2, 0)]"
"(4, 12, 4, 1, 13, 0)","[(3, 3, 3, 2, 0), (3, 3, 3, 2, 0), (3, 3, 3, 2, 0), (3, 3, 3, 2, 0)]"
"(4, 12, 4, 3, 3, 0)","[(3, 3, '?', 2, '?'), (3, 3, '?', 2, '?'), (3, 3, '?', 2, '?')]"
"(4, 12, 4, 3, 6, 0)","[(3, 3, '?', 2, 3)]"
"(4, 12, 4, 3, 13, 0)","[(3, 3, '?', 2, 0), (3, 3, '?', 2, 0), (3, 3, '?', 2, 0)]"
"(4, 12, 4, 11, 11, 0)","[(3, 3, 2, 2, 1)]"
"(4, 12, 6, 6, 1, 0)","[(3, 3, 3, 2, 2)]"
"(4, 12, 6, 6, 3, 0)","[(3, 3, 0, 2, 2), (3, 3, 0, 2, 2), (3, 3, 0, 2, 2), (3, 3, 0, 2, 2), (3, 3, 0, 2, 2), (3, 3, 0, 2, 2), (3, 3, 0, 2, 2)]"
"(4, 12, 6, 6, 11, 0)","[(3, 3, 2, '?', 2)]"
"(4, 12, 7, 3, 3, 0)","[(3, 3, 0, 2, '?'), (3, 3, 0, 2, '?'), (3, 3, 0, 2, '?'), (3, 3, 0, 2, '?')]"
"(4, 12, 7, 3, 6, 0)","[(3, 3, 0, 2, 3), (3, 3, 0, 2, 3), (3, 3, 0, 2, 3), (3, 3, 0, 2, 3), (3, 3, 0, 2, 3), (3, 3, 0, 2, 3), (3, 3, 0, 2, 3)]"
"(4, 12, 7, 3, 11, 0)","[(3, 3, 0, 2, 1), (3, 3, 0, 2, 1), (3, 3, 0, 2, 1), (3, 3, 0, 2, 1), (3, 3, 0, 2, 1)]"
"(4, 12, 7, 7, 7, 0)","[(3, 3, 0, 3, '?')]"
"(4, 12, 7, 8, 3, 0)","[(0, 3, 0, 2, '?'), (0, 3, 0, 2, '?')]"
"(4, 12, 7, 8, 6, 0)","[(0, 3, 0, 2, 3), (0, 3, 0, 2, 3)]"
"(4, 12, 7, 8, 11, 0)","[(0, 3, 0, 2, 1)]"
"(4, 12, 10, 6, 3, 0)","[(3, 3, 1, 2, 2)]"
"(4, 12, 10, 6, 10, 0)","[(3, 3, 1, 2, 2), (3, 3, 1, 2, 2), (3, 3, 1, 2, 2), (3, 3, 1, 2, 2)]"
"(4, 12, 10, 8, 3, 0)","[(0, 3, 1, 2, '?')]"
"(4, 12, 10, 8, 6, 0)","[(0, 3, 1, 2, 3), (0, 3, 1, 2, 3), (0, 3, 1, 2, 3)]"
"(4, 12, 10, 8, 11, 0)","[(0, 3, 1, 2, 1), (0, 3, 1, 2, 1), (0, 3, 1, 2, 1)]"
"(4, 12, 10, 8, 13, 0)","[(0, 3, 1, 2, 0)]"
"(4, 12, 10, 10, 3, 0)","[(3, 3, 1, 2, '?'), (3, 3, 1, 2, '?'), (3, 3, 1, 2, '?'), (3, 3, 1, 2, '?'), (3, 3, 1, 2, '?')]"
"(4, 12, 10, 10, 11, 0)","[(3, 3, 1, 2, 1), (3, 3, 1, 2, 1)]"
"(4, 12, 11, 3, 11, 0)","[(3, 3, 2, 2, 1), (3, 3, 2, 2, 1), (3, 3, 2, 2, 1), (3, 3, 2, 2, 1), (3, 3, 2, 2, 1)]"
"(4, 12, 11, 4, 4, 0)","[(0, 3, 2, 2, 2), (0, 3, 2, 2, 2), (0, 3, 2, 2, 2)]"
"(4, 12, 11, 8, 3, 0)","[(0, 3, 2, 2, '?'), (0, 3, 2, 2, '?'), (0, 3, 2, 2, '?'), (0, 3, 2, 2, '?'), (0, 3, 2, 2, '?')]"
"(4, 12, 11, 8, 6, 0)","[(0, 3, 2, 2, 3), (0, 3, 2, 2, 3)]"
"(4, 12, 11, 8, 11, 0)","[(0, 3, 2, 2, 1)]"
"(4, 12, 11, 8, 13, 0)","[(0, 3, 2, 2, 0), (0, 3, 2, 2, 0), (0, 3, 2, 2, 0), (0, 3, 2, 2, 0)]"
"(5, 1, 1, 3, 3, 0)","[('?', 0, 3, 2, '?'), ('?', 0, 3, 2, '?'), ('?', 0, 3, 2, '?'), ('?', 0, 3, 2, '?')]"
"(5, 1, 1, 3, 6, 0)","[('?', 0, 3, 2, 3), ('?', 0, 3, 2, 3)]"
"(5, 1, 1, 3, 11, 0)","[('?', 0, 3, 2, 1), ('?', 0, 3, 2, 1), ('?', 0, 3, 2, 1)]"
"(5, 1, 1, 3, 13, 0)","[('?', 0, 3, 2, 0)]"
"(5, 1, 1, 6, 7, 0)","[('?', 0, 3, 3, 2)]"
"(5, 1, 1, 7, 11, 0)","[('?', 0, 3, 3, 1)]"
"(5, 1, 1, 8, 6, 0)","[(0, 0, 3, 2, 3)]"
"(5, 1, 1, 9, 3, 0)","[(1, 0, 3, 2, '?'), (1, 0, 3, 2, '?'), (1, 0, 3, 2, '?'), (1, 0, 3, 2, '?'), (1, 0, 3, 2, '?'), (1, 0, 3, 2, '?')]"
"(5, 1, 1, 9, 6, 0)","[(1, 0, 3, 2, 3), (1, 0, 3, 2, 3), (1, 0, 3, 2, 3)]"
"(5, 1, 1, 9, 11, 0)","[(1, 0, 3, 2, 1), (1, 0, 3, 2, 1), (1, 0, 3, 2, 1), (1, 0, 3, 2, 1)]"
"(5, 1, 1, 9, 13, 0)","[(1, 0, 3, 2, 0), (1, 0, 3, 2, 0), (1, 0, 3, 2, 0), (1, 0, 3, 2, 0), (1, 0, 3, 2, 0)]"
"(5, 1, 1, 14, 6, 0)","[(2, 0, 3, 2, 3), (2, 0, 3, 2, 3)]"
"(5, 1, 1, 14, 11, 0)","[(2, 0, 3, 2, 1)]"
"(5, 1, 3, 1, 3, 0)","[('?', 0, 3, 2, '?'), ('?', 0, 3, 2, '?')]"
"(5, 1, 3, 1, 11, 0)","[('?', 0, 3, 2, 1)]"
"(5, 1, 3, 1, 13, 0)","[('?', 0, 3, 2, 0)]"
"(5, 1, 3, 3, 3, 0)","[('?', 0, 3, 2, '?')]"
"(5, 1, 3, 3, 11, 0)","[('?', 0, 3, 2, 1)]"
"(5, 1, 3, 3, 13, 0)","[('?', 0, 3, 2, 0), ('?', 0, 3, 2, 0), ('?', 0, 3, 2, 0)]"
"(5, 1, 3, 7, 6, 0)","[('?', 0, 3, 3, 3), ('?', 0, 3, 3, 3), ('?', 0, 3, 3, 3)]"
"(5, 1, 3, 7, 7, 0)","[('?', 0, 3, 3, '?'), ('?', 0, 3, 3, 1), (0, 0, 3, 3, 1), ('?', 0, 3, 3, '?')]"
"(5, 1, 3, 7, 11, 0)","[('?', 0, 3, 3, 1), ('?', 0, 3, 3, 1)]"
"(5, 1, 3, 7, 13, 0)","[('?', 0, 3, 3, 0)]"
"(5, 1, 3, 9, 3, 0)","[(1, 0, 3, 2, '?')]"
"(5, 1, 3, 9, 6, 0)","[(1, 0, 3, 2, 3)]"
"(5, 1, 3, 9, 11, 0)","[(1, 0, 3, 2, 1)]"
"(5, 1, 3, 9, 13, 0)","[(1, 0, 3, 2, 0), (1, 0, 3, 2, 0)]"
"(5, 1, 4, 4, 4, 0)","[(0, 0, 3, 2, 2)]"
"(5, 1, 4, 4, 7, 0)","[(0, 0, 3, 3, 2)]"
"(5, 1, 5, 4, 4, 0)","[(0, 0, 3, 2, 2)]"
"(5, 1, 5, 4, 7, 0)","[(0, 0, 3, 3, 2), (0, 0, 3, 3, 2)]"
"(5, 1, 6, 6, 3, 0)","[('?', 0, 3, 2, 2), ('?', 0, 3, 2, 2), ('?', 0, 3, 2, 2), ('?', 0, 3, 2, 2), ('?', 0, 3, 2, 2), ('?', 0, 3, 2, 2)]"
"(5, 1, 6, 6, 9, 0)","[(1, 0, 3, 2, 2), (1, 0, 3, 2, 2), (1, 0, 3, 2, 2)]"
"(5, 1, 6, 6, 14, 0)","[(2, 0, 3, 2, 2), (2, 0, 3, 2, 2)]"
"(5, 1, 6, 7, 6, 0)","[(1, 0, 3, 3, 2)]"
"(5, 1, 6, 7, 7, 0)","[('?', 0, 3, 3, 2)]"
"(5, 1, 6, 14, 3, 0)","[(2, 0, 3, 2, 2)]"
"(5, 1, 7, 7, 3, 0)","[('?', 0, 3, 3, 1)]"
"(5, 1, 7, 7, 6, 0)","[('?', 0, 3, 3, 3), ('?', 0, 3, 3, 3), ('?', 0, 3, 3, 3), ('?', 0, 3, 3, 3)]"
"(5, 1, 7, 7, 7, 0)","[('?', 0, 3, 3, '?'), ('?', 0, 3, 3, '?'), ('?', 0, 3, 3, 1), ('?', 0, 3, 3, '?'), ('?', 0, 3, 3, '?'), ('?', 0, 3, 3, 1), ('?', 0, 3, 3, '?')]"
"(5, 1, 7, 7, 11, 0)","[('?', 0, 3, 3, 1), ('?', 0, 3, 3, 1)]"
"(5, 1, 8, 3, 13, 0)","[(0, 0, 3, 2, 0), (0, 0, 3, 2, 0)]"
"(5, 1, 8, 6, 7, 0)","[(0, 0, 3, 3, 2), (0, 0, 3, 3, 2), (0, 0, 3, 3, 2)]"
"(5, 1, 8, 7, 6, 0)","[(0, 0, 3, 3, 3), (0, 0, 3, 3, 3), (0, 0, 3, 3, 3), (0, 0, 3, 3, 3), (0, 0, 3, 3, 3), (0, 0, 3, 3, 3)]"
"(5, 1, 8, 7, 7, 0)","[(0, 0, 3, 3, '?'), (0, 0, 3, 3, '?'), (0, 0, 3, 3, '?'), (0, 0, 3, 3, '?'), (0, 0, 3, 3, '?'), (0, 0, 3, 3, '?')]"
"(5, 1, 8, 7, 11, 0)","[(0, 0, 3, 3, 1), (0, 0, 3, 3, 1), (0, 0, 3, 3, 1)]"
"(5, 1, 8, 7, 13, 0)","[(0, 0, 3, 3, 0), (0, 0, 3, 3, 0), (0, 0, 3, 3, 0)]"
"(5, 1, 14, 1, 6, 0)","[(2, 0, 3, 2, 3), (2, 0, 3, 2, 3)]"
"(5, 1, 14, 1, 11, 0)","[(2, 0, 3, 2, 1)]"
"(5, 2, 1, 3, 3, 0)","[('?', 0, 3, 0, '?'), ('?', 0, 3, 0, '?'), ('?', 0, 3, 0, '?'), ('?', 0, 3, 0, '?'), ('?', 0, 3, 0, '?'), ('?', 0, 3, 0, '?'), ('?', 0, 3, 0, '?')]"
"(5, 2, 1, 3, 6, 0)","[('?', 0, 3, 0, 3), ('?', 0, 3, 0, 3), ('?', 0, 3, 0, 3), ('?', 0, 3, 0, 3), ('?', 0, 3, 0, 3), ('?', 0, 3, 0, 3), ('?', 0, 3, 0, 3)]"
"(5, 2, 1, 3, 11, 0)","[('?', 0, 3, 0, 1), ('?', 0, 3, 0, 1), ('?', 0, 3, 0, 1), (3, 0, 3, 0, 1), ('?', 0, 3, 0, 1), ('?', 0, 3, 0, 1), ('?', 0, 3, 0, 1), (3, 0, 3, 0, 1), ('?', 0, 3, 0, 1), (3, 0, 3, 0, 1), ('?', 0, 3, 0, 1)]"
"(5, 2, 1, 3, 13, 0)","[('?', 0, 3, 0, 0), ('?', 0, 3, 0, 0), ('?', 0, 3, 0, 0), (3, 0, 3, 0, 0), (3, 0, 3, 0, 0), ('?', 0, 3, 0, 0), ('?', 0, 3, 0, 0), ('?', 0, 3, 0, 0), ('?', 0, 3, 0, 0)]"
"(5, 2, 1, 4, 4, 0)","[(0, 0, 3, 0, 2), (0, 0, 3, 0, 2), (0, 0, 3, 0, 2), (0, 0, 3, 0, 2), (0, 0, 3, 0, 2), (0, 0, 3, 0, 2), (0, 0, 3, 0, 2), (0, 0, 3, 0, 2)]"
"(5, 2, 1, 6, 3, 0)","[('?', 0, 3, 0, 2), ('?', 0, 3, 0, 2), ('?', 0, 3, 0, 2), ('?', 0, 3, 0, 2), ('?', 0, 3, 0, 2), ('?', 0, 3, 0, 2), ('?', 0, 3, 0, 2), ('?', 0, 3, 0, 2)]"
"(5, 2, 1, 6, 4, 0)","[(0, 0, 3, 0, 2)]"
"(5, 2, 1, 6, 9, 0)","[(1, 0, 3, 0, 2), (1, 0, 3, 0, 2), (1, 0, 3, 0, 2), (1, 0, 3, 0, 2), (1, 0, 3, 0, 2), (1, 0, 3, 0, 2), (1, 0, 3, 0, 2)]"
"(5, 2, 1, 8, 3, 0)","[(0, 0, 3, 0, '?'), (0, 0, 3, 0, '?'), (0, 0, 3, 0, '?'), (0, 0, 3, 0, '?'), (0, 0, 3, 0, '?'), (0, 0, 3, 0, '?')]"
"(5, 2, 1, 8, 6, 0)","[(0, 0, 3, 0, 3), (0, 0, 3, 0, 3), (0, 0, 3, 0, '?'), (0, 0, 3, 0, 3), (0, 0, 3, 0, 3), (0, 0, 3, 0, 3)]"
"(5, 2, 1, 8, 11, 0)","[(0, 0, 3, 0, 1), (0, 0, 3, 0, 1), (0, 0, 3, 0, 1), (0, 0, 3, 0, 1), (0, 0, 3, 0, 1), (0, 0, 3, 0, 1), (0, 0, 3, 0, 1), (0, 0, 3, 0, 1)]"
"(5, 2, 1, 8, 13, 0)","[(0, 0, 3, 0, 0), (0, 0, 3, 0, 0)]"
"(5, 2, 1, 9, 3, 0)","[(1, 0, 3, 0, '?'), (1, 0, 3, 0, '?'), (1, 0, 3, 0, '?'), (1, 0, 3, 0, '?'), (1, 0, 3, 0, '?'), (1, 0, 3, 0, '?'), (1, 0, 3, 0, '?')]"
"(5, 2, 1, 9, 13, 0)","[(1, 0, 3, 0, 0), (1, 0, 3, 0, 0), (1, 0, 3, 0, 0), (1, 0, 3, 0, 0), (1, 0, 3, 0, 0), (1, 0, 3, 0, 0), (1, 0, 3, 0, 0)]"
"(5, 2, 1, 14, 1, 0)","[(2, 0, 3, 0, '?')]"
"(5, 2, 1, 14, 3, 0)","[(2, 0, 3, 0, '?'), (2, 0, 3, 0, '?'), (2, 0, 3, 0, '?'), (2, 0, 3, 0, '?')]"
"(5, 2, 1, 14, 6, 0)","[(2, 0, 3, 0, 3), (2, 0, 3, 0, 3), (2, 0, 3, 0, 3), (2, 0, 3, 0, 3), (2, 0, 3, 0, 3), (2, 0, 3, 0, 3), (2, 0, 3, 0, 3), (2, 0, 3, 0, 3), (2, 0, 3, 0, 3)]"
"(5, 2, 1, 14, 11, 0)","[(2, 0, 3, 0, 1), (2, 0, 3, 0, 1), (2, 0, 3, 0, 1), (2, 0, 3, 0, 1), (2, 0, 3, 0, 1), (2, 0, 3, 0, 1), (2, 0, 3, 0, 1)]"
"(5, 2, 1, 14, 13, 0)","[(2, 0, 3, 0, 0), (2, 0, 3, 0, 0), (2, 0, 3, 0, 0), (2, 0, 3, 0, 0), (2, 0, 3, 0, 0), (2, 0, 3, 0, 0), (2, 0, 3, 0, 0), (2, 0, 3, 0, 0), (2, 0, 3, 0, 0)]"
"(5, 2, 1, 14, 14, 0)","[(2, 0, 3, 0, '?'), (2, 0, 3, 0, '?')]"
"(5, 2, 3, 1, 6, 0)","[('?', 0, 3, 0, 3)]"
"(5, 2, 3, 3, 3, 0)","[('?', 0, '?', 0, '?'), ('?', 0, '?', 0, '?'), ('?', 0, '?', 0, 1), ('?', 0, '?', 0, '?'), ('?', 0, '?', 0, 1), ('?', 0, '?', 0, 1), ('?', 0, '?', 0, '?'), ('?', 0, '?', 0, '?'), ('?', 0, 1, 0, 1), ('?', 0, '?', 0, 1), ('?', 0, '?', 0, '?')]"
"(5, 2, 3, 3, 6, 0)","[('?', 0, '?', 0, 3), ('?', 0, '?', 0, 3), ('?', 0, '?', 0, 3), ('?', 0, '?', 0, 3), ('?', 0, '?', 0, 3), ('?', 0, '?', 0, 3), ('?', 0, '?', 0, 3)]"
"(5, 2, 3, 3, 11, 0)","[('?', 0, '?', 0, 1), ('?', 0, '?', 0, 1), (3, 0, '?', 0, 1), ('?', 0, '?', 0, 1), ('?', 0, '?', 0, 1), ('?', 0, '?', 0, 1), ('?', 0, 1, 0, 1)]"
"(5, 2, 3, 4, 4, 0)","[(0, 0, '?', 0, 2), (0, 0, '?', 0, 2), (0, 0, '?', 0, 2), (0, 0, '?', 0, 2), (0, 0, '?', 0, 2), (0, 0, 1, 0, 2), (0, 0, '?', 0, 2), (0, 0, '?', 0, 2)]"
"(5, 2, 3, 6, 3, 0)","[('?', 0, '?', 0, 2), ('?', 0, '?', 0, 2), ('?', 0, '?', 0, 2)]"
"(5, 2, 3, 6, 9, 0)","[(1, 0, '?', 0, 2), (1, 0, '?', 0, 2), (1, 0, '?', 0, 2), (1, 0, '?', 0, 2)]"
"(5, 2, 3, 6, 11, 0)","[('?', 0, 2, 0, 2)]"
"(5, 2, 3, 6, 14, 0)","[(2, 0, '?', 0, 2), (2, 0, '?', 0, 2), (2, 0, '?', 0, 2)]"
"(5, 2, 3, 8, 3, 0)","[(0, 0, '?', 0, '?'), (0, 0, '?', 0, '?'), (0, 0, '?', 0, '?'), (0, 0, '?', 0, '?'), (0, 0, '?', 0, '?'), (0, 0, '?', 0, '?'), (0, 0, '?', 0, '?'), (0, 0, '?', 0, '?'), (0, 0, '?', 0, '?')]"
"(5, 2, 3, 8, 11, 0)","[(0, 0, 1, 0, 1)]"
"(5, 2, 3, 8, 13, 0)","[(0, 0, 1, 0, 0)]"
"(5, 2, 3, 9, 3, 0)","[(1, 0, '?', 0, '?'), (1, 0, '?', 0, '?'), (1, 0, '?', 0, '?'), (1, 0, '?', 0, '?'), (1, 0, '?', 0, '?'), (1, 0, '?', 0, 1), (1, 0, '?', 0, 1), (1, 0, '?', 0, '?'), (1, 0, '?', 0, '?'), (1, 0, '?', 0, '?'), (1, 0, '?', 0, 2)]"
"(5, 2, 3, 9, 6, 0)","[(1, 0, '?', 0, 3), (1, 0, '?', 0, 3), (1, 0, '?', 0, 3), (1, 0, '?', 0, 3), (1, 0, '?', 0, 3), (1, 0, '?', 0, 3)]"
"(5, 2, 3, 9, 11, 0)","[(1, 0, '?', 0, 1), (1, 0, '?', 0, 1), (1, 0, '?', 0, 1), (1, 0, '?', 0, 1), (1, 0, '?', 0, 1), (1, 0, '?', 0, 1), (1, 0, '?', 0, 1)]"
"(5, 2, 3, 9, 13, 0)","[(1, 0, '?', 0, 0), (1, 0, '?', 0, 0), (1, 0, '?', 0, 0), (1, 0, '?', 0, 0), (1, 0, 1, 0, 0), (1, 0, '?', 0, 0), (1, 0, '?', 0, 0), (1, 0, '?', 0, 0), (1, 0, '?', 0, 0)]"
"(5, 2, 3, 14, 6, 0)","[(2, 0, '?', 0, 3), (2, 0, '?', 0, 3), (2, 0, '?', 0, 3), (2, 0, '?', 0, 3), (2, 0, '?', 0, 3), (2, 0, '?', 0, 3)]"
"(5, 2, 3, 14, 13, 0)","[(2, 0, '?', 0, 0), (2, 0, '?', 0, 0), (2, 0, '?', 0, 0), (2, 0, '?', 0, 0)]"
"(5, 2, 4, 1, 3, 0)","[(3, 0, 3, 0, '?'), (3, 0, 3, 0, '?'), (3, 0, 3, 0, '?'), (3, 0, 3, 0, '?'), (3, 0, 3, 0, '?')]"
"(5, 2, 4, 1, 6, 0)","[(3, 0, 3, 0, 3), (3, 0, 3, 0, 3), (3, 0, 3, 0, 3), (3, 0, 3, 0, 3), (3, 0, 3, 0, 3), (3, 0, 3, 0, 3), (3, 0, 3, 0, 3), (3, 0, 3, 0, 3), (3, 0, 3, 0, 3)]"
"(5, 2, 4, 1, 11, 0)","[(3, 0, 3, 0, 1), (3, 0, 3, 0, 1), (3, 0, 3, 0, 1)]"
"(5, 2, 4, 1, 13, 0)","[(3, 0, 3, 0, 0), (3, 0, 3, 0, 0), (3, 0, 3, 0, 0), (3, 0, 3, 0, 0), (3, 0, 3, 0, 0), (3, 0, 3, 0, 0)]"
"(5, 2, 4, 3, 3, 0)","[(3, 0, '?', 0, '?'), (3, 0, '?', 0, '?'), (3, 0, '?', 0, '?'), (3, 0, '?', 0, '?'), (3, 0, '?', 0, '?'), (3, 0, '?', 0, '?'), (3, 0, '?', 0, '?'), (3, 0, '?', 0, '?')]"
"(5, 2, 4, 3, 6, 0)","[(3, 0, '?', 0, 3), (3, 0, '?', 0, 3), (3, 0, '?', 0, 3), (3, 0, 1, 0, 3), (3, 0, '?', 0, 3), (3, 0, '?', 0, 3), (3, 0, '?', 0, 3)]"
"(5, 2, 4, 3, 11, 0)","[(3, 0, '?', 0, 1), (3, 0, '?', 0, 1), (3, 0, '?', 0, 1), (3, 0, '?', 0, 1), (3, 0, 3, 0, 1), (3, 0, '?', 0, 1)]"
"(5, 2, 4, 3, 13, 0)","[(3, 0, 1, 0, 0)]"
"(5, 2, 4, 4, 4, 0)","[(0, 0, 1, 0, 2)]"
"(5, 2, 4, 6, 1, 0)","[(3, 0, 3, 0, 2), (3, 0, 3, 0, 2), (3, 0, 3, 0, 2), (3, 0, 3, 0, 2), (3, 0, 3, 0, 2), (3, 0, 3, 0, 2), (3, 0, 3, 0, 2), (3, 0, 3, 0, 2)]"
"(5, 2, 4, 6, 3, 0)","[(3, 0, '?', 0, 2), (3, 0, '?', 0, 2), (3, 0, '?', 0, 2), (3, 0, '?', 0, 2), (3, 0, '?', 0, 2), (3, 0, 1, 0, 2), (3, 0, '?', 0, 2), (3, 0, '?', 0, 2)]"
"(5, 2, 4, 6, 7, 0)","[(3, 0, 0, 0, 2), (3, 0, 0, 0, 2), (3, 0, 0, 0, 2), (3, 0, 0, 0, 2), (3, 0, 0, 0, 2)]"
"(5, 2, 4, 6, 9, 0)","[(3, 0, 0, 0, 2), (3, 0, 0, 0, 2)]"
"(5, 2, 4, 6, 10, 0)","[(3, 0, 1, 0, 2), (3, 0, 1, 0, 2), (3, 0, 1, 0, 2), (3, 0, 1, 0, 2), (3, 0, 1, 0, 2)]"
"(5, 2, 4, 6, 11, 0)","[(3, 0, 2, 0, 2), (3, 0, 2, 0, 2), (3, 0, 2, 0, 2), (3, 0, 2, 0, 2), (3, 0, 2, 0, 2), (3, 0, 2, 0, 2)]"
"(5, 2, 4, 10, 6, 0)","[(3, 0, 1, 0, 3), (3, 0, 1, 0, 3), (3, 0, 1, 0, 3)]"
"(5, 2, 4, 10, 13, 0)","[(3, 0, 1, 0, 0), (3, 0, 1, 0, 0), (3, 0, 1, 0, 0), (3, 0, 1, 0, 0), (3, 0, 1, 0, 0)]"
"(5, 2, 4, 11, 6, 0)","[(3, 0, 2, 0, 3), (3, 0, 2, 0, 3), (3, 0, 2, 0, 3), (3, 0, 2, 0, 3), (3, 0, 2, 0, 3), (3, 0, 2, 0, 3), (3, 0, 2, 0, 3)]"
"(5, 2, 4, 11, 11, 0)","[(3, 0, 2, 0, 1), (3, 0, 2, 0, 1), (3, 0, 2, 0, 1), (3, 0, 2, 0, 1), (3, 0, 2, 0, 1), (3, 0, 2, 0, 1), (3, 0, 2, 0, 1)]"
"(5, 2, 4, 11, 13, 0)","[(3, 0, 2, 0, 0), (3, 0, 2, 0, 0), (3, 0, 2, 0, 0), (3, 0, 2, 0, 0), (3, 0, 2, 0, 0), (3, 0, 2, 0, 0)]"
"(5, 2, 6, 4, 4, 0)","[(0, 0, '?', 0, 2)]"
"(5, 2, 6, 6, 3, 0)","[('?', 0, '?', 0, 2), ('?', 0, 0, 0, 2), ('?', 0, '?', 0, 2), ('?', 0, '?', 0, 2), ('?', 0, '?', 0, 2)]"
"(5, 2, 6, 6, 6, 0)","[('?', 0, 0, 0, 2)]"
"(5, 2, 6, 6, 9, 0)","[(1, 0, '?', 0, 2), (1, 0, 3, 0, 2), (1, 0, '?', 0, 2), (1, 0, '?', 0, 2)]"
"(5, 2, 6, 6, 11, 0)","[(3, 0, 2, 0, 2)]"
"(5, 2, 6, 6, 14, 0)","[(2, 0, '?', 0, 2), (2, 0, '?', 0, 2), (2, 0, '?', 0, 2), (2, 0, 1, 0, 2), (2, 0, 1, 0, 2), (2, 0, 1, 0, 2)]"
"(5, 2, 7, 3, 3, 0)","[('?', 0, 0, 0, 1), ('?', 0, 0, 0, '?'), ('?', 0, 0, 0, 1), ('?', 0, 0, 0, '?'), ('?', 0, 0, 0, '?'), ('?', 0, 0, 0, 1), ('?', 0, 0, 0, 1), ('?', 0, 0, 0, 1), ('?', 0, 0, 0, '?'), ('?', 0, 0, 0, '?'), ('?', 0, 0, 0, '?'), ('?', 0, 0, 0, 1)]"
"(5, 2, 7, 3, 6, 0)","[('?', 0, 0, 0, 3), ('?', 0, 0, 0, 3), ('?', 0, 0, 0, 3), ('?', 0, 0, 0, 3), ('?', 0, 0, 0, 3), ('?', 0, 0, 0, 3), ('?', 0, 0, 0, 3)]"
"(5, 2, 7, 3, 11, 0)","[('?', 0, 0, 0, 1), ('?', 0, 0, 0, 1)]"
"(5, 2, 7, 3, 13, 0)","[('?', 0, 0, 0, 0), ('?', 0, 0, 0, 0), ('?', 0, 0, 0, 0), ('?', 0, 0, 0, 0), ('?', 0, 0, 0, 0), ('?', 0, 0, 0, 0)]"
"(5, 2, 7, 4, 3, 0)","[(3, 0, 0, 0, '?'), (3, 0, 0, 0, '?'), (3, 0, 0, 0, '?'), (3, 0, 0, 0, '?'), (3, 0, 0, 0, '?'), (3, 0, 0, 0, '?'), (3, 0, 0, 0, '?'), (3, 0, 0, 0, '?')]"
"(5, 2, 7, 4, 6, 0)","[(3, 0, 0, 0, 2)]"
"(5, 2, 7, 4, 13, 0)","[(3, 0, 0, 0, 0), (3, 0, 0, 0, 0), (3, 0, 0, 0, 0), (3, 0, 0, 0, 0), (3, 0, 0, 0, 0), (3, 0, 0, 0, 0), (3, 0, 0, 0, 0), (3, 0, 0, 0, 0), (3, 0, 0, 0, 0)]"
"(5, 2, 7, 6, 3, 0)","[('?', 0, 0, 0, 2), ('?', 0, 0, 0, 2), ('?', 0, 0, 0, 2), (3, 0, 0, 0, 2), ('?', 0, 0, 0, 2), ('?', 0, 0, 0, 2), ('?', 0, 0, 0, 2), ('?', 0, 0, 0, 2), ('?', 0, 0, 0, 2)]"
"(5, 2, 7, 6, 9, 0)","[(1, 0, 0, 0, 2), (1, 0, 0, 0, 2), (1, 0, 0, 0, 2), (1, 0, 0, 0, 2), (1, 0, 0, 0, 2), (1, 0, 0, 0, 2), (1, 0, 0, 0, 2), (1, 0, 0, 0, 2)]"
"(5, 2, 7, 6, 14, 0)","[(2, 0, 0, 0, 2), (2, 0, '?', 0, 2), (2, 0, 0, 0, 2), (2, 0, 0, 0, 2), (2, 0, 0, 0, 2), (2, 0, 0, 0, 2), (2, 0, 0, 0, 2), (2, 0, 0, 0, 2)]"
"(5, 2, 7, 8, 3, 0)","[(0, 0, 0, 0, '?'), (0, 0, 0, 0, '?'), (0, 0, 0, 0, '?'), (0, 0, 0, 0, '?'), (0, 0, 0, 0, '?'), (0, 0, 0, 0, 1), (0, 0, 0, 0, '?'), (0, 0, 0, 0, '?'), (0, 0, 0, 0, 1), (0, 0, 0, 0, 1)]"
"(5, 2, 7, 8, 11, 0)","[(0, 0, 0, 0, 1), (0, 0, 0, 0, 1), (0, 0, 0, 0, 1)]"
"(5, 2, 7, 8, 13, 0)","[(0, 0, 0, 0, 0), (0, 0, 0, 0, 0), (0, 0, 0, 0, 0), (0, 0, 0, 0, 0), (0, 0, 0, 0, 0), (0, 0, 0, 0, 0), (0, 0, 0, 0, 0), (0, 0, 0, 0, 0), (0, 0, 0, 0, 0)]"
"(5, 2, 7, 9, 3, 0)","[(1, 0, 0, 0, '?'), (1, 0, 0, 0, '?'), (1, 0, 0, 0, '?'), (1, 0, 0, 0, '?'), (1, 0, 0, 0, 1), (1, 0, 0, 0, '?'), (1, 0, 0, 0, 1)]"
"(5, 2, 7, 9, 6, 0)","[(1, 0, 0, 0, 3), (1, 0, 0, 0, 3), (1, 0, 0, 0, 3), (1, 0, 0, 0, 3), (1, 0, 0, 0, 3), (1, 0, 0, 0, 3)]"
"(5, 2, 7, 9, 11, 0)","[(1, 0, 0, 0, 1), (1, 0, 0, 0, 1), (1, 0, 0, 0, 1), (1, 0, 0, 0, 1), (1, 0, 0, 0, 1), (1, 0, 0, 0, 1)]"
"(5, 2, 7, 9, 13, 0)","[(1, 0, 0, 0, 0), (1, 0, 0, 0, 0), (1, 0, 0, 0, 0), (1, 0, 0, 0, 0), (1, 0, 0, 0, 0), (1, 0, 0, 0, 0), (1, 0, 0, 0, 0), (1, 0, 0, 0, 0), (1, 0, 0, 0, 0)]"
"(5, 2, 7, 14, 3, 0)","[(2, 0, 0, 0, '?'), (2, 0, 0, 0, '?'), (2, 0, 0, 0, '?'), (2, 0, 0, 0, '?'), (2, 0, 0, 0, '?'), (2, 0, 0, 0, '?'), (2, 0, 0, 0, '?'), (2, 0, 0, 0, '?')]"
"(5, 2, 7, 14, 6, 0)","[(2, 0, 0, 0, 3), (2, 0, 0, 0, 3), (2, 0, 0, 0, 3), (2, 0, 0, 0, 3), (2, 0, 0, 0, 3), (2, 0, 0, 0, 3), (2, 0, 0, 0, 3), (2, 0, 0, 0, 3)]"
"(5, 2, 7, 14, 11, 0)","[(2, 0, 0, 0, 1), (2, 0, 0, 0, 1), (2, 0, 0, 0, 1)]"
"(5, 2, 7, 14, 13, 0)","[(2, 0, 0, 0, 0), (2, 0, 0, 0, 0), (2, 0, 0, 0, 0), (2, 0, 0, 0, 0), (2, 0, 0, 0, 0), (2, 0, 0, 0, 0)]"
"(5, 2, 9, 3, 13, 0)","[(1, 0, '?', 0, 0), (1, 0, '?', 0, 0)]"
"(5, 2, 10, 3, 3, 0)","[('?', 0, 1, 0, 1), ('?', 0, 1, 0, '?'), ('?', 0, 1, 0, '?'), ('?', 0, 1, 0, '?'), ('?', 0, 1, 0, '?'), ('?', 0, 1, 0, '?'), ('?', 0, 1, 0, '?'), ('?', 0, 1, 0, '?')]"
"(5, 2, 10, 3, 6, 0)","[(3, 0, 1, 0, 3)]"
"(5, 2, 10, 3, 11, 0)","[('?', 0, 1, 0, 1), ('?', 0, 1, 0, 1), ('?', 0, 1, 0, 1), ('?', 0, 1, 0, 1)]"
"(5, 2, 10, 3, 13, 0)","[('?', 0, 1, 0, 0), ('?', 0, 1, 0, 0), ('?', 0, 1, 0, 0), ('?', 0, 1, 0, 0), ('?', 0, 1, 0, 0), ('?', 0, 1, 0, 0)]"
"(5, 2, 10, 4, 4, 0)","[(0, 0, 1, 0, 2), (0, 0, 1, 0, 2), (0, 0, 1, 0, 2), (0, 0, 1, 0, 2)]"
"(5, 2, 10, 6, 3, 0)","[('?', 0, 1, 0, 2), ('?', 0, 1, 0, 2), ('?', 0, 1, 0, 2), ('?', 0, 1, 0, 2), ('?', 0, 1, 0, 2), ('?', 0, 1, 0, 2), ('?', 0, 1, 0, 2)]"
"(5, 2, 10, 6, 9, 0)","[(1, 0, 1, 0, 2), (1, 0, 1, 0, 2), (1, 0, 1, 0, 2), (1, 0, 1, 0, 2), (1, 0, 1, 0, 2), (1, 0, 1, 0, 2)]"
"(5, 2, 10, 6, 14, 0)","[(2, 0, 1, 0, 2), (2, 0, 1, 0, 2), (2, 0, 1, 0, 2), (2, 0, 1, 0, 2)]"
"(5, 2, 10, 8, 3, 0)","[(0, 0, 1, 0, '?'), (0, 0, 1, 0, '?'), (0, 0, 1, 0, '?'), (0, 0, 1, 0, '?'), (0, 0, 1, 0, '?'), (0, 0, 1, 0, '?'), (0, 0, 1, 0, '?'), (0, 0, 1, 0, '?')]"
"(5, 2, 10, 8, 6, 0)","[(0, 0, 1, 0, 3), (0, 0, 1, 0, 3), (0, 0, 1, 0, 3), (0, 0, 1, 0, 3), (0, 0, 1, 0, 3), (0, 0, 1, 0, 3), (0, 0, 1, 0, 3), (0, 0, 1, 0, 3)]"
"(5, 2, 10, 8, 11, 0)","[(0, 0, 1, 0, 1), (0, 0, 1, 0, 1), (0, 0, 1, 0, 1), (0, 0, 1, 0, 1), (0, 0, 1, 0, 1), (0, 0, 1, 0, 1)]"
"(5, 2, 10, 8, 13, 0)","[(0, 0, 1, 0, 0), (0, 0, 1, 0, 0), (0, 0, 1, 0, 0), (0, 0, 1, 0, 0), (0, 0, 1, 0, 0), (0, 0, 1, 0, 0), (0, 0, 1, 0, 0), (0, 0, 1, 0, 0)]"
"(5, 2, 10, 9, 3, 0)","[(1, 0, 1, 0, '?'), (1, 0, 1, 0, '?'), (1, 0, 1, 0, '?'), (1, 0, 1, 0, '?'), (1, 0, 1, 0, '?')]"
"(5, 2, 10, 9, 6, 0)","[(1, 0, 1, 0, 3), (1, 0, 1, 0, 3), (1, 0, 1, 0, '?'), (1, 0, 1, 0, 3), (1, 0, 1, 0, 3), (1, 0, 1, 0, 3), (1, 0, 1, 0, 3), (1, 0, 1, 0, 3), (1, 0, 1, 0, 3)]"
"(5, 2, 10, 9, 13, 0)","[(1, 0, 1, 0, 0), (1, 0, 1, 0, 0), (1, 0, 1, 0, 0), (1, 0, 1, 0, 0), (1, 0, 1, 0, 0), (1, 0, 1, 0, 0)]"
"(5, 2, 10, 10, 3, 0)","[('?', 0, 1, 0, '?'), ('?', 0, 1, 0, '?'), ('?', 0, 1, 0, '?')]"
"(5, 2, 10, 10, 6, 0)","[(3, 0, 1, 0, 3)]"
"(5, 2, 10, 10, 11, 0)","[('?', 0, 1, 0, 1)]"
"(5, 2, 10, 14, 3, 0)","[(2, 0, 1, 0, '?'), (2, 0, 1, 0, '?'), (2, 0, 1, 0, '?'), (2, 0, 1, 0, '?'), (2, 0, 1, 0, '?'), (2, 0, 1, 0, '?'), (2, 0, 1, 0, '?')]"
"(5, 2, 10, 14, 6, 0)","[(2, 0, 1, 0, 3), (2, 0, 1, 0, 3), (2, 0, 1, 0, 3), (2, 0, 1, 0, 3), (2, 0, 1, 0, 3), (2, 0, 1, 0, 3), (2, 0, 1, 0, 3), (2, 0, 1, 0, 3)]"
"(5, 2, 10, 14, 10, 0)","[(2, 0, 1, 0, '?')]"
"(5, 2, 10, 14, 11, 0)","[(2, 0, 1, 0, 1), (2, 0, 1, 0, 1), (2, 0, 1, 0, 1), (2, 0, 1, 0, 1), (2, 0, 1, 0, 1), (2, 0, 1, 0, 1), (2, 0, 1, 0, 1), (2, 0, 1, 0, 1)]"
"(5, 2, 11, 3, 11, 0)","[(3, 0, 2, 0, 1), ('?', 0, 2, 0, 1), ('?', 0, 2, 0, 1), ('?', 0, 2, 0, 1), ('?', 0, 2, 0, 1), ('?', 0, 2, 0, 1), ('?', 0, 2, 0, 1), ('?', 0, 2, 0, 1), (3, 0, 2, 0, 1), ('?', 0, 2, 0, 1)]"
"(5, 2, 11, 3, 13, 0)","[(3, 0, 2, 0, 0), (3, 0, 2, 0, 0)]"
"(5, 2, 11, 4, 4, 0)","[(0, 0, 2, 0, 2), (0, 0, 2, 0, 2), (0, 0, 2, 0, 2), (0, 0, 2, 0, 2), (0, 0, 2, 0, 2), (0, 0, 2, 0, 2), (0, 0, 2, 0, 2)]"
"(5, 2, 11, 6, 3, 0)","[('?', 0, 2, 0, 2), ('?', 0, 2, 0, 2), ('?', 0, 2, 0, 2), ('?', 0, 2, 0, 2), ('?', 0, 2, 0, 2), ('?', 0, 2, 0, 2), ('?', 0, 2, 0, 2), ('?', 0, 2, 0, 2), ('?', 0, 2, 0, 2)]"
"(5, 2, 11, 6, 9, 0)","[(1, 0, 2, 0, 2), (1, 0, 2, 0, 2), (1, 0, 2, 0, 2), (1, 0, 2, 0, 2), (1, 0, 2, 0, 2)]"
"(5, 2, 11, 6, 14, 0)","[(2, 0, 2, 0, 2), (2, 0, 2, 0, 2), (2, 0, 2, 0, 2), (2, 0, 2, 0, 2)]"
"(5, 2, 11, 8, 6, 0)","[(0, 0, 2, 0, 3), (0, 0, 2, 0, 3), (0, 0, 2, 0, 3), (0, 0, 2, 0, 3), (0, 0, 2, 0, 3), (0, 0, 2, 0, 3), (0, 0, 2, 0, 3), (0, 0, 2, 0, 3)]"
"(5, 2, 11, 8, 13, 0)","[(0, 0, 2, 0, 0), (0, 0, 2, 0, 0), (0, 0, 2, 0, 0), (0, 0, 2, 0, 0), (0, 0, 2, 0, 0), (0, 0, 2, 0, 0), (0, 0, 2, 0, 0), (0, 0, 2, 0, 0), (0, 0, 2, 0, 0)]"
"(5, 2, 11, 9, 3, 0)","[(1, 0, 2, 0, 2), (1, 0, 2, 0, 2)]"
"(5, 2, 11, 9, 6, 0)","[(1, 0, 2, 0, 3), (1, 0, 2, 0, 3), (1, 0, 2, 0, 3), (1, 0, 2, 0, 3), (1, 0, 2, 0, 3), (1, 0, 2, 0, 3), (1, 0, 2, 0, 3), (1, 0, 2, 0, 3), (1, 0, 2, 0, 3)]"
"(5, 2, 11, 9, 11, 0)","[(1, 0, 2, 0, 1), (1, 0, 2, 0, 1), (1, 0, 2, 0, 1), (1, 0, 2, 0, 1), (1, 0, 2, 0, 1), (1, 0, 2, 0, 1), (1, 0, 2, 0, 1)]"
"(5, 2, 11, 9, 13, 0)","[(1, 0, 2, 0, 0), (1, 0, 2, 0, 0), (1, 0, 2, 0, 0), (1, 0, 2, 0, 0), (1, 0, 2, 0, 0), (1, 0, 2, 0, 0), (1, 0, 2, 0, 0)]"
"(5, 2, 11, 10, 6, 0)","[(3, 0, 2, 0, 3)]"
"(5, 2, 11, 14, 3, 0)","[(2, 0, 2, 0, '?'), (2, 0, 2, 0, '?'), (2, 0, 2, 0, '?'), (2, 0, 2, 0, '?'), (2, 0, 2, 0, '?'), (2, 0, 2, 0, '?'), (2, 0, 2, 0, '?'), (2, 0, 2, 0, '?'), (2, 0, 2, 0, '?')]"
"(5, 2, 11, 14, 6, 0)","[(2, 0, 2, 0, 3), (2, 0, 2, 0, 3), (2, 0, 2, 0, 3), (2, 0, 2, 0, 3), (2, 0, 2, 0, 3), (2, 0, 2, 0, 3), (2, 0, 2, 0, 3), (2, 0, 2, 0, 3), (2, 0, 2, 0, 3)]"
"(5, 2, 11, 14, 11, 0)","[(2, 0, 2, 0, 1), (2, 0, 2, 0, 1), (2, 0, 2, 0, 1), (2, 0, 2, 0, 1), (2, 0, 2, 0, 1), (2, 0, 2, 0, 1)]"
"(5, 2, 11, 14, 13, 0)","[(2, 0, 2, 0, 0), (2, 0, 2, 0, 0), (2, 0, 2, 0, 0), (2, 0, 2, 0, 0), (2, 0, 2, 0, 0), (2, 0, 2, 0, 0), (2, 0, 2, 0, 0), (2, 0, 2, 0, 0)]"
"(5, 2, 14, 3, 6, 0)","[(2, 0, '?', 0, 3)]"
"(5, 2, 14, 3, 13, 0)","[(2, 0, '?', 0, 0), (2, 0, '?', 0, 0)]"
"(5, 3, 3, 3, 3, 0)","[('?', 0, '?', 2, '?'), ('?', 0, '?', 2, '?')]"
"(5, 3, 3, 3, 11, 0)","[('?', 0, '?', 2, 1)]"
"(5, 3, 3, 6, 7, 0)","[('?', 0, 1, 3, 2)]"
"(5, 3, 3, 7, 6, 0)","[('?', 0, '?', 3, 3)]"
"(5, 3, 3, 7, 7, 0)","[('?', 0, '?', 3, '?'), ('?', 0, '?', 3, '?'), ('?', 0, '?', 3, 1)]"
"(5, 3, 3, 7, 11, 0)","[('?', 0, '?', 3, 1)]"
"(5, 3, 3, 8, 3, 0)","[(0, 0, '?', 2, '?')]"
"(5, 3, 3, 9, 6, 0)","[(1, 0, '?', 2, 3)]"
"(5, 3, 3, 14, 6, 0)","[(2, 0, '?', 2, 3)]"
"(5, 3, 7, 6, 7, 0)","[('?', 0, 0, 3, 2), ('?', 0, 0, 3, 2)]"
"(5, 3, 8, 7, 6, 0)","[(0, 0, '?', 3, 3), (0, 0, '?', 3, 3)]"
"(5, 3, 10, 8, 3, 0)","[(0, 0, 1, 2, '?')]"
"(5, 3, 10, 9, 6, 0)","[(1, 0, 1, 2, 3)]"
"(5, 4, 1, 3, 3, 0)","[(3, 0, 3, 2, '?'), (3, 0, 3, 2, '?'), (3, 0, 3, 2, 1), (3, 0, 3, 2, '?')]"
"(5, 4, 1, 3, 6, 0)","[(3, 0, 3, 2, 3), (3, 0, 3, 2, 3), (3, 0, 3, 2, 3), (3, 0, 3, 2, 3)]"
"(5, 4, 1, 3, 11, 0)","[(3, 0, 3, 2, 1), (3, 0, 3, 2, 1), (3, 0, 3, 2, 1)]"
"(5, 4, 1, 3, 13, 0)","[(3, 0, 3, '?', 0), (3, 0, 3, '?', 0)]"
"(5, 4, 1, 4, 4, 0)","[(0, 0, 3, 2, 2), (0, 0, 3, 2, 2), (0, 0, 3, 2, 2)]"
"(5, 4, 1, 6, 3, 0)","[(3, 0, 3, 2, 2)]"
"(5, 4, 1, 6, 7, 0)","[(3, 0, 3, 3, 2), (3, 0, 3, 3, 2), (3, 0, 3, 3, 2), (3, 0, 3, 3, 2), (3, 0, 3, 3, 2), (3, 0, 3, 3, 2)]"
"(5, 4, 1, 6, 9, 0)","[(3, 0, 3, 2, 2), (3, 0, 3, 2, 2), (3, 0, 3, 2, 2), (3, 0, 3, 2, 2), (3, 0, 3, 2, 2)]"
"(5, 4, 1, 7, 6, 0)","[(3, 0, 3, 3, 3), (3, 0, 3, 3, 3)]"
"(5, 4, 1, 7, 7, 0)","[(3, 0, 3, 3, 1)]"
"(5, 4, 1, 7, 11, 0)","[(3, 0, 3, 3, 1), (3, 0, 3, 3, 1), (3, 0, 3, 3, 1)]"
"(5, 4, 1, 7, 13, 0)","[(3, 0, 3, 3, 0), (3, 0, 3, 3, 0), (3, 0, 3, 3, 0), (3, 0, 3, 3, 0), (3, 0, 3, 3, 0), (3, 0, 3, 3, 0)]"
"(5, 4, 1, 8, 13, 0)","[(0, 0, 3, 2, 0)]"
"(5, 4, 1, 9, 3, 0)","[(3, 0, 3, 2, '?')]"
"(5, 4, 1, 9, 6, 0)","[(3, 0, 3, 2, 3), (3, 0, 3, 2, 3)]"
"(5, 4, 1, 9, 11, 0)","[(3, 0, 3, 2, 1)]"
"(5, 4, 3, 3, 11, 0)","[(3, 0, '?', 2, 1), (3, 0, '?', 2, 1)]"
"(5, 4, 3, 3, 13, 0)","[(3, 0, '?', 2, 0), (3, 0, '?', 2, 0), (3, 0, '?', 2, 0)]"
"(5, 4, 3, 6, 3, 0)","[(3, 0, 1, 2, 2), (3, 0, '?', 2, 2)]"
"(5, 4, 3, 6, 7, 0)","[(3, 0, '?', 3, 2), (3, 0, '?', 3, 2), (3, 0, '?', 3, 2)]"
"(5, 4, 3, 6, 9, 0)","[(3, 0, '?', 2, 2)]"
"(5, 4, 3, 7, 6, 0)","[(3, 0, '?', 3, 3), (3, 0, '?', 3, 3), (3, 0, '?', 3, 3), (3, 0, '?', 3, 3), (3, 0, '?', 3, 3), (3, 0, '?', 3, 3), (3, 0, '?', 3, 3), (3, 0, '?', 3, 3)]"
"(5, 4, 3, 7, 7, 0)","[(3, 0, '?', 3, '?'), (3, 0, '?', 3, 1), (3, 0, 1, 3, 1), (3, 0, '?', 3, '?'), (3, 0, '?', 3, '?'), (3, 0, 2, 3, '?'), (3, 0, '?', 3, '?'), (3, 0, '?', 3, 1), (3, 0, '?', 3, '?'), (3, 0, '?', 3, '?'), (3, 0, '?', 3, 1), (3, 0, 2, 3, '?'), (3, 0, '?', 3, 1), (3, 0, '?', 3, '?')]"
"(5, 4, 3, 7, 11, 0)","[(3, 0, '?', 3, 1), (3, 0, '?', 3, 1), (3, 0, '?', 3, 1)]"
"(5, 4, 3, 7, 13, 0)","[(3, 0, '?', 3, 0), (3, 0, '?', 3, 0), (3, 0, '?', 3, 0), (3, 0, '?', 3, 0), (3, 0, '?', 3, 0), (3, 0, '?', 3, 0)]"
"(5, 4, 3, 8, 3, 0)","[(0, 0, '?', 2, '?'), (0, 0, '?', 2, '?'), (0, 0, '?', 2, '?'), (0, 0, '?', 2, '?'), (0, 0, '?', 2, '?'), (0, 0, '?', 2, '?')]"
"(5, 4, 3, 8, 6, 0)","[(0, 0, '?', 2, 3), (0, 0, '?', 2, 3), (0, 0, '?', 2, 3)]"
"(5, 4, 3, 8, 11, 0)","[(0, 0, '?', 2, 1), (0, 0, '?', 2, 1)]"
"(5, 4, 3, 9, 6, 0)","[(3, 0, 1, 2, 3)]"
"(5, 4, 3, 9, 11, 0)","[(3, 0, '?', 2, 1), (3, 0, '?', 2, 1)]"
"(5, 4, 3, 9, 13, 0)","[(3, 0, '?', 2, 0), (3, 0, '?', 2, 0)]"
"(5, 4, 4, 3, 13, 0)","[(3, 0, '?', 3, 0), (3, 0, '?', 2, 0)]"
"(5, 4, 4, 4, 4, 0)","[(0, 0, '?', 2, 2), (0, 0, '?', 2, 2), (0, 0, '?', 2, 2), (0, 0, '?', 2, 2)]"
"(5, 4, 4, 6, 3, 0)","[(3, 0, '?', 2, 2), (3, 0, 1, 2, 2), (3, 0, 1, 2, 2), (3, 0, 1, 2, 2)]"
"(5, 4, 4, 6, 7, 0)","[(3, 0, '?', 3, 2)]"
"(5, 4, 4, 11, 6, 0)","[(3, 0, 2, '?', 3)]"
"(5, 4, 4, 11, 13, 0)","[(3, 0, 2, '?', 0)]"
"(5, 4, 6, 4, 4, 0)","[(0, 0, 2, 2, 2)]"
"(5, 4, 6, 6, 3, 0)","[(3, 0, 1, 2, 2), (3, 0, '?', 2, 2), (3, 0, '?', 2, 2), (3, 0, '?', 2, 2)]"
"(5, 4, 6, 6, 7, 0)","[(3, 0, 2, 3, 2), (3, 0, 2, 3, 2), (3, 0, '?', 3, 2)]"
"(5, 4, 6, 6, 9, 0)","[(3, 0, 3, 2, 2), (3, 0, 2, 2, 2), (3, 0, 2, 2, 2)]"
"(5, 4, 6, 6, 11, 0)","[(3, 0, 2, 2, 2), (3, 0, 2, 2, 2), (3, 0, 2, 2, 2), (3, 0, 2, 2, 2)]"
"(5, 4, 6, 7, 7, 0)","[(3, 0, 2, 3, 2)]"
"(5, 4, 7, 4, 3, 0)","[(3, 0, 0, '?', '?')]"
"(5, 4, 7, 6, 7, 0)","[(3, 0, 0, 3, 2), (3, 0, 0, 3, 2), (3, 0, 0, 3, 2), (3, 0, 0, 3, 2), (3, 0, 0, 3, 2), (3, 0, 0, 3, 2), (3, 0, 0, 3, 2), (3, 0, 0, 3, 2), (3, 0, 0, 3, 2)]"
"(5, 4, 7, 7, 6, 0)","[(3, 0, 0, 3, 3), (3, 0, 0, 3, 3), (3, 0, 0, 3, 3), (3, 0, 0, 3, 3), (3, 0, 0, 3, 3)]"
"(5, 4, 7, 7, 7, 0)","[(3, 0, 0, 3, '?'), (3, 0, 0, 3, '?'), (3, 0, 0, 3, '?'), (3, 0, 0, 3, '?'), (3, 0, 0, 3, '?'), (3, 0, 0, 3, 1), (3, 0, 0, 3, 1), (3, 0, 0, 3, '?'), (3, 0, 0, 3, 1)]"
"(5, 4, 7, 7, 11, 0)","[(3, 0, 0, 3, 1), (3, 0, 0, 3, 1), (3, 0, 0, 3, 1), (3, 0, 0, 3, 1)]"
"(5, 4, 7, 7, 13, 0)","[(3, 0, 0, 3, 0), (3, 0, 0, 3, 0), (3, 0, 0, 3, 0)]"
"(5, 4, 7, 8, 3, 0)","[(0, 0, 0, 2, '?'), (0, 0, 0, 2, '?'), (0, 0, 0, 2, '?'), (0, 0, 0, 2, '?'), (0, 0, 0, 2, '?'), (0, 0, 0, 2, '?')]"
"(5, 4, 7, 9, 3, 0)","[(3, 0, 0, 2, '?'), (3, 0, 0, 2, '?'), (3, 0, 0, 2, '?'), (3, 0, 0, 2, '?')]"
"(5, 4, 7, 9, 6, 0)","[(3, 0, 0, 2, 3), (3, 0, 0, 2, 3), (3, 0, 0, 2, 3), (3, 0, 0, 2, 3), (3, 0, 0, 2, 3)]"
"(5, 4, 7, 9, 11, 0)","[(3, 0, 0, 2, 1), (3, 0, 0, 2, 1), (3, 0, 0, 2, 1)]"
"(5, 4, 10, 3, 13, 0)","[(3, 0, 1, 2, 0)]"
"(5, 4, 10, 4, 4, 0)","[(0, 0, 1, 2, 2), (0, 0, 1, 2, 2), (0, 0, 1, 2, 2)]"
"(5, 4, 10, 6, 3, 0)","[(3, 0, 1, 2, 2)]"
"(5, 4, 10, 6, 9, 0)","[(3, 0, 1, 2, 2)]"
"(5, 4, 10, 7, 6, 0)","[(3, 0, 1, 3, 3), (3, 0, 1, 3, 3), (3, 0, 1, 3, 3), (3, 0, 1, 3, 3), (3, 0, 1, 3, 3), (3, 0, 1, 3, 3), (3, 0, 1, 3, 3)]"
"(5, 4, 10, 7, 11, 0)","[(3, 0, 1, 3, 1), (3, 0, 1, 3, 1)]"
"(5, 4, 10, 7, 13, 0)","[(3, 0, 1, 3, 0), (3, 0, 1, 3, 0), (3, 0, 1, 3, 0), (3, 0, 1, 3, 0), (3, 0, 1, 3, 0), (3, 0, 1, 3, 0), (3, 0, 1, 3, 0)]"
"(5, 4, 10, 8, 3, 0)","[(0, 0, 1, 2, '?'), (0, 0, 1, 2, '?'), (0, 0, 1, 2, '?'), (0, 0, 1, 2, '?')]"
"(5, 4, 10, 8, 6, 0)","[(0, 0, 1, 2, 3), (0, 0, 1, 2, 3)]"
"(5, 4, 10, 8, 11, 0)","[(0, 0, 1, 2, 1), (0, 0, 1, '?', 1), (0, 0, 1, 2, 1)]"
"(5, 4, 10, 8, 13, 0)","[(0, 0, 1, 2, 0)]"
"(5, 4, 10, 9, 6, 0)","[(3, 0, 1, 2, 3), (3, 0, 1, 2, 3), (3, 0, 1, 2, 3), (3, 0, 1, 2, 3)]"
"(5, 4, 10, 9, 11, 0)","[(3, 0, 1, 2, 1), (3, 0, 1, 2, 1), (3, 0, 1, 2, 1), (3, 0, 1, 2, 1)]"
"(5, 4, 10, 9, 13, 0)","[(3, 0, 1, 2, 0), (3, 0, 1, 2, 0)]"
"(5, 4, 10, 10, 6, 0)","[(3, 0, 1, 2, 3), (3, 0, 1, 2, 3)]"
"(5, 4, 10, 10, 13, 0)","[(3, 0, 1, 2, 0), (3, 0, 1, 2, 0), (3, 0, 1, 2, 0)]"
"(5, 4, 11, 3, 3, 0)","[(3, 0, 2, 2, '?'), (3, 0, 2, 2, '?'), (3, 0, 2, 2, '?'), (3, 0, 2, 2, '?')]"
"(5, 4, 11, 3, 6, 0)","[(3, 0, 2, 2, 3)]"
"(5, 4, 11, 3, 11, 0)","[(3, 0, 2, 2, 1), (3, 0, 2, 2, 1)]"
"(5, 4, 11, 3, 13, 0)","[(3, 0, 2, 2, 0), (3, 0, 2, 2, 0), (3, 0, 2, 2, 0), (3, 0, 2, 2, 0)]"
"(5, 4, 11, 4, 4, 0)","[(0, 0, 2, 2, 2), (0, 0, 2, 2, 2), (0, 0, 2, 2, 2), (0, 0, 2, 2, 2), (0, 0, 2, 2, 2), (0, 0, 2, 2, 2)]"
"(5, 4, 11, 6, 3, 0)","[(3, 0, 2, 2, 2), (3, 0, 2, '?', 2)]"
"(5, 4, 11, 6, 7, 0)","[(3, 0, 2, 3, 2), (3, 0, 2, 3, 2), (3, 0, 2, 3, 2), (3, 0, 2, 3, 2), (3, 0, 2, 3, 2), (3, 0, 2, 3, 2)]"
"(5, 4, 11, 6, 9, 0)","[(3, 0, 2, 2, 2), (3, 0, 2, 2, 2)]"
"(5, 4, 11, 7, 6, 0)","[(3, 0, 2, 3, 3), (3, 0, 2, 3, 3), (3, 0, 2, 3, 3), (3, 0, 2, 3, '?'), (3, 0, 2, 3, 3), (3, 0, 2, 3, 3), (3, 0, 2, 3, 3), (3, 0, 2, 3, 3), (3, 0, 2, 3, 3)]"
"(5, 4, 11, 7, 7, 0)","[(3, 0, 2, 3, '?'), (3, 0, 2, 3, '?'), (3, 0, 2, 3, '?'), (3, 0, 2, 3, '?'), (3, 0, 2, 3, '?'), (3, 0, 2, 3, '?'), (3, 0, 2, 3, '?')]"
"(5, 4, 11, 7, 13, 0)","[(3, 0, 2, 3, 0), (3, 0, 2, 3, 0), (3, 0, 2, 3, 0), (3, 0, 2, 3, 0), (3, 0, 2, 3, 0)]"
"(5, 4, 11, 8, 3, 0)","[(0, 0, 2, 2, '?'), (0, 0, 2, 2, '?'), (0, 0, 2, 2, '?'), (0, 0, 2, 2, '?')]"
"(5, 4, 11, 8, 11, 0)","[(0, 0, 2, 2, 1), (0, 0, 2, 2, 1)]"
"(5, 4, 11, 9, 3, 0)","[(3, 0, 2, 2, '?'), (3, 0, 2, 2, '?'), (3, 0, 2, 2, '?'), (3, 0, 2, 2, '?')]"
"(5, 4, 11, 9, 6, 0)","[(3, 0, 2, 2, 3), (3, 0, 2, 2, 3), (3, 0, 2, 2, 3), (3, 0, 2, 2, 3)]"
"(5, 4, 11, 9, 11, 0)","[(3, 0, 2, 2, 1), (3, 0, 2, 2, 1), (3, 0, 2, 2, 1)]"
"(5, 4, 11, 9, 13, 0)","[(3, 0, 2, 2, 0), (3, 0, 2, 2, 0), (3, 0, 2, 2, 0)]"
"(5, 5, 1, 3, 3, 0)","[('?', 0, 3, '?', '?'), ('?', 0, 3, '?', '?'), ('?', 0, 3, '?', '?'), ('?', 0, 3, '?', '?'), ('?', 0, 3, '?', '?'), ('?', 0, 3, '?', '?'), ('?', 0, 3, '?', '?'), (0, 0, 3, '?', '?')]"
"(5, 5, 1, 3, 11, 0)","[(3, 0, 3, 2, 1), (3, 0, 3, '?', 1), ('?', 0, 3, '?', 1), ('?', 0, 3, '?', 1), ('?', 0, 3, '?', 1), ('?', 0, 3, '?', 1), ('?', 0, 3, '?', 1), ('?', 0, 3, '?', 1), ('?', 0, 3, '?', 1), (3, 0, 3, '?', 1), ('?', 0, 3, '?', 1)]"
"(5, 5, 1, 3, 13, 0)","[('?', 0, 3, '?', 0), ('?', 0, 3, '?', 0), ('?', 0, 3, '?', 0), ('?', 0, 3, '?', 0), ('?', 0, 3, '?', 0), ('?', 0, 3, '?', 0), ('?', 0, 3, '?', 0), ('?', 0, 3, '?', 0), ('?', 0, 3, '?', 0), ('?', 0, 3, '?', 0), (3, 0, 3, '?', 0)]"
"(5, 5, 1, 4, 4, 0)","[(0, 0, 3, '?', 2), (0, 0, 3, '?', 2), (0, 0, 3, '?', 2), (0, 0, 3, '?', 2), (0, 0, 3, '?', 2), (0, 0, 3, '?', 2), (0, 0, 3, '?', 2), (0, 0, 3, '?', 2)]"
"(5, 5, 1, 4, 7, 0)","[(0, 0, 3, 3, 2), (0, 0, 3, 3, 2)]"
"(5, 5, 1, 6, 4, 0)","[(0, 0, 3, '?', 2)]"
"(5, 5, 1, 6, 9, 0)","[(1, 0, 3, '?', 2), (1, 0, 3, '?', 2), (1, 0, 3, '?', 2), (1, 0, 3, '?', 2), (1, 0, 3, '?', 2), (1, 0, 3, '?', 2), (1, 0, 3, '?', 2)]"
"(5, 5, 1, 6, 14, 0)","[(2, 0, 3, '?', 2), (2, 0, 3, '?', 2), (2, 0, 3, '?', 2), (2, 0, 3, '?', 2), (2, 0, 3, '?', 2), (2, 0, 3, '?', 2), (2, 0, 3, '?', 2)]"
"(5, 5, 1, 7, 6, 0)","[('?', 0, 3, 3, 3), ('?', 0, 3, 3, 3)]"
"(5, 5, 1, 7, 7, 0)","[('?', 0, 3, 3, '?')]"
"(5, 5, 1, 7, 13, 0)","[('?', 0, 3, 3, 0), ('?', 0, 3, 3, 0)]"
"(5, 5, 1, 8, 3, 0)","[(0, 0, 3, '?', '?'), (0, 0, 3, '?', '?'), (0, 0, 3, '?', '?'), (0, 0, 3, '?', '?'), (0, 0, 3, '?', '?'), (0, 0, 3, '?', '?')]"
"(5, 5, 1, 8, 6, 0)","[(0, 0, 3, 2, 3), (0, 0, 3, 2, 3), (0, 0, 3, '?', 3), (0, 0, 3, 2, 3), (0, 0, 3, '?', 3), (0, 0, 3, 3, 3), (0, 0, 3, 2, 3), (0, 0, 3, '?', 3), (0, 0, 3, '?', 3), (0, 0, 3, '?', 3), (0, 0, 3, 2, 3), (0, 0, 3, '?', 3), (0, 0, 3, '?', 3), (0, 0, 3, 3, 3), (0, 0, 3, 2, 3)]"
"(5, 5, 1, 8, 7, 0)","[(0, 0, 3, 3, 1), (0, 0, 3, 3, '?'), (0, 0, 3, 3, 1)]"
"(5, 5, 1, 8, 11, 0)","[(0, 0, 3, '?', 1), (0, 0, 3, '?', 1), (0, 0, 3, 3, 0), (0, 0, 3, '?', 1), (0, 0, 3, '?', 1), (0, 0, 3, '?', 1), (0, 0, 3, '?', 1)]"
"(5, 5, 1, 8, 13, 0)","[(0, 0, 3, '?', 0), (0, 0, 3, '?', 0), (0, 0, 3, 0, 0), (0, 0, 3, '?', 0), (0, 0, 3, 0, 0), (0, 0, 3, '?', 0), (0, 0, 3, '?', 0), (0, 0, 3, 0, 0), (0, 0, 3, 2, 0), (0, 0, 3, '?', 0), (0, 0, 3, '?', 0), (0, 0, 3, 2, 0), (0, 0, 3, 0, 0), (0, 0, 3, 2, 0), (0, 0, 3, 0, 0), (0, 0, 3, '?', 0), (0, 0, 3, '?', 0)]"
"(5, 5, 1, 9, 3, 0)","[(1, 0, 3, '?', '?'), (1, 0, 3, '?', '?'), (1, 0, 3, '?', '?'), (1, 0, 3, '?', '?'), (1, 0, 3, '?', '?'), (1, 0, 3, '?', '?'), (1, 0, 3, '?', '?'), (1, 0, 3, '?', '?'), (1, 0, 3, '?', '?')]"
"(5, 5, 1, 9, 6, 0)","[(1, 0, 3, '?', 3), (1, 0, 3, '?', 3), (1, 0, 3, '?', 3), (1, 0, 3, '?', 3), (1, 0, 3, '?', 3), (1, 0, 3, '?', 3), (1, 0, 3, '?', 3), (1, 0, 3, '?', 3), (1, 0, 3, '?', 3)]"
"(5, 5, 1, 9, 11, 0)","[(1, 0, 3, '?', 1), (1, 0, 3, '?', 1), (1, 0, 3, '?', 1), (1, 0, 3, 2, 1), (1, 0, 3, '?', 1), (1, 0, 3, '?', 1), (1, 0, 3, '?', 1), (1, 0, 3, '?', 1), (1, 0, 3, '?', 1)]"
"(5, 5, 1, 9, 13, 0)","[(1, 0, 3, '?', 0), (1, 0, 3, '?', 0), (1, 0, 3, '?', 0), (1, 0, 3, '?', 0), (1, 0, 3, '?', 0), (1, 0, 3, '?', 0)]"
"(5, 5, 1, 10, 11, 0)","[(0, 0, 3, '?', 1)]"
"(5, 5, 1, 14, 1, 0)","[(2, 0, 3, '?', '?')]"
"(5, 5, 1, 14, 3, 0)","[(2, 0, 3, '?', '?'), (2, 0, 3, '?', '?'), (2, 0, 3, '?', '?'), (2, 0, 3, '?', '?')]"
"(5, 5, 1, 14, 6, 0)","[(2, 0, 3, '?', 3), (2, 0, 3, '?', 3), (2, 0, 3, '?', 3), (2, 0, 3, '?', 3), (2, 0, 3, '?', 3), (2, 0, 3, '?', 3), (2, 0, 3, '?', 3), (2, 0, 3, 2, 3)]"
"(5, 5, 1, 14, 11, 0)","[(2, 0, 3, '?', 1), (2, 0, 3, '?', 1), (2, 0, 3, '?', 1), (2, 0, 3, 2, 1), (2, 0, 3, '?', 1), (2, 0, 3, '?', 1), (2, 0, 3, '?', 1), (2, 0, 3, '?', 1), (2, 0, 3, '?', 1), (2, 0, 3, 2, 1), (2, 0, 3, '?', 1), (2, 0, 3, '?', 1)]"
"(5, 5, 1, 14, 13, 0)","[(2, 0, 3, '?', 0), (2, 0, 3, '?', 0), (2, 0, 3, '?', 0), (2, 0, 3, '?', 0), (2, 0, 3, '?', 0), (2, 0, 3, '?', 0), (2, 0, 3, '?', 0), (2, 0, 3, '?', 0)]"
"(5, 5, 3, 3, 3, 0)","[('?', 0, '?', '?', '?'), ('?', 0, '?', '?', '?'), ('?', 0, '?', '?', 1), ('?', 0, '?', '?', '?'), ('?', 0, '?', '?', 1), ('?', 0, '?', '?', '?'), ('?', 0, '?', '?', '?'), (1, 0, '?', '?', '?'), ('?', 0, '?', '?', '?'), ('?', 0, '?', '?', '?'), ('?', 0, '?', '?', 1), (3, 0, '?', '?', 1), ('?', 0, '?', '?', 1), ('?', 0, '?', '?', '?'), ('?', 0, '?', '?', '?')]"
"(5, 5, 3, 3, 6, 0)","[('?', 0, '?', '?', 3), ('?', 0, '?', '?', 3), ('?', 0, '?', '?', 3), ('?', 0, '?', '?', 3), ('?', 0, '?', '?', 3), ('?', 0, '?', '?', 3), ('?', 0, '?', '?', 3), ('?', 0, '?', 2, 3), ('?', 0, '?', '?', 3)]"
"(5, 5, 3, 3, 11, 0)","[('?', 0, '?', '?', 1), ('?', 0, '?', '?', 1), ('?', 0, '?', '?', 1), ('?', 0, '?', '?', 1), (0, 0, 1, 2, 1), ('?', 0, '?', '?', 1)]"
"(5, 5, 3, 6, 3, 0)","[('?', 0, '?', '?', 2), ('?', 0, '?', '?', 2), ('?', 0, '?', '?', 2), ('?', 0, '?', '?', 2), ('?', 0, '?', '?', 2), ('?', 0, '?', '?', 2)]"
"(5, 5, 3, 6, 4, 0)","[(0, 0, 1, 2, 2)]"
"(5, 5, 3, 6, 9, 0)","[(1, 0, '?', '?', 2), (1, 0, '?', '?', 2), (1, 0, '?', '?', 2), (1, 0, '?', '?', 2)]"
"(5, 5, 3, 6, 14, 0)","[(2, 0, '?', '?', 2), (2, 0, '?', '?', 2)]"
"(5, 5, 3, 7, 6, 0)","[('?', 0, '?', 3, 3), ('?', 0, '?', 3, 3), ('?', 0, '?', 3, 3)]"
"(5, 5, 3, 7, 7, 0)","[(3, 0, 1, 3, 1), ('?', 0, 1, 3, '?'), (3, 0, '?', 3, 1)]"
"(5, 5, 3, 7, 13, 0)","[('?', 0, '?', 3, 0)]"
"(5, 5, 3, 8, 3, 0)","[(0, 0, '?', '?', '?'), (0, 0, '?', '?', '?'), (0, 0, '?', '?', '?'), (0, 0, '?', '?', '?'), (0, 0, '?', '?', '?'), (0, 0, '?', '?', '?'), (0, 0, '?', '?', 1)]"
"(5, 5, 3, 8, 6, 0)","[(0, 0, '?', 2, 3), (0, 0, '?', 2, 3), (0, 0, '?', 2, 3), (0, 0, '?', 3, 3), (0, 0, '?', 2, 3), (0, 0, '?', 2, 3), (0, 0, 1, '?', 3)]"
"(5, 5, 3, 8, 11, 0)","[(0, 0, '?', '?', 1), (0, 0, '?', 2, 1), (0, 0, '?', '?', 1), (0, 0, '?', '?', 1), (0, 0, '?', '?', 1), (0, 0, '?', '?', 1), (0, 0, '?', 2, 1), (0, 0, '?', '?', 1)]"
"(5, 5, 3, 8, 13, 0)","[(0, 0, '?', '?', 0), (0, 0, '?', '?', 0), (0, 0, '?', '?', 0), (0, 0, '?', '?', 0), (0, 0, '?', '?', 0)]"
"(5, 5, 3, 9, 3, 0)","[(1, 0, '?', '?', '?'), (1, 0, '?', '?', '?'), (1, 0, '?', '?', '?'), (1, 0, '?', '?', '?'), (1, 0, '?', '?', '?'), (1, 0, '?', '?', '?'), (1, 0, '?', '?', '?')]"
"(5, 5, 3, 9, 6, 0)","[(1, 0, '?', '?', 3), (1, 0, '?', '?', 3), (1, 0, '?', '?', 3), (1, 0, '?', '?', 3), (1, 0, '?', '?', 3), (1, 0, '?', '?', 3), (1, 0, '?', '?', 3)]"
"(5, 5, 3, 9, 11, 0)","[(1, 0, '?', '?', 1), (1, 0, '?', '?', 1), (1, 0, '?', '?', 1), (1, 0, '?', '?', 1), (1, 0, '?', '?', 1), (1, 0, '?', '?', 1)]"
"(5, 5, 3, 11, 6, 0)","[('?', 0, 2, '?', 3)]"
"(5, 5, 3, 14, 3, 0)","[(2, 0, '?', '?', '?'), (2, 0, '?', '?', '?'), (2, 0, '?', '?', '?'), (2, 0, '?', '?', '?'), (2, 0, '?', '?', '?'), (2, 0, '?', '?', '?'), (2, 0, '?', '?', '?'), (2, 0, '?', '?', '?')]"
"(5, 5, 3, 14, 6, 0)","[(2, 0, '?', '?', 3), (2, 0, '?', '?', 3), (2, 0, '?', '?', 3), (2, 0, '?', '?', 3), (2, 0, '?', '?', 3), (2, 0, '?', '?', 3), (2, 0, '?', '?', 3), (2, 0, '?', '?', 3)]"
"(5, 5, 3, 14, 11, 0)","[(2, 0, '?', '?', 1), (2, 0, '?', '?', 1), (2, 0, '?', '?', 1), (2, 0, '?', '?', 1), (2, 0, '?', '?', 1), (2, 0, '?', '?', 1), (2, 0, '?', '?', 1)]"
"(5, 5, 3, 14, 13, 0)","[(2, 0, '?', '?', 0), (2, 0, '?', '?', 0), (2, 0, '?', '?', 0), (2, 0, '?', '?', 0), (2, 0, '?', '?', 0), (2, 0, '?', '?', 0)]"
"(5, 5, 4, 1, 3, 0)","[(3, 0, 3, '?', '?'), (3, 0, 3, '?', '?'), (3, 0, 3, 3, 1), (3, 0, 3, '?', '?'), (3, 0, 3, '?', '?'), (3, 0, 3, '?', '?'), (3, 0, 3, '?', '?'), (3, 0, 3, '?', '?'), (3, 0, 3, '?', 1), (3, 0, 3, '?', '?'), (3, 0, 3, '?', '?')]"
"(5, 5, 4, 1, 6, 0)","[(3, 0, 3, '?', 3), (3, 0, 3, '?', 3), (3, 0, 3, 3, 3), (3, 0, 3, 3, 3), (3, 0, 3, '?', 3), (3, 0, 3, 3, 3), (3, 0, 3, '?', 3), (3, 0, 3, '?', 3), (3, 0, 3, '?', 3)]"
"(5, 5, 4, 1, 7, 0)","[(3, 0, 3, 3, 1)]"
"(5, 5, 4, 1, 11, 0)","[(3, 0, 3, 3, 1), (3, 0, 3, '?', 1), (3, 0, 3, '?', 1), (3, 0, 3, '?', 1), (3, 0, 3, '?', 1)]"
"(5, 5, 4, 1, 13, 0)","[(3, 0, 3, '?', 0), (3, 0, 3, 3, 0), (3, 0, 3, '?', 0), (3, 0, 3, 3, 0), (3, 0, 3, '?', 0), (3, 0, 3, '?', 0), (3, 0, 3, '?', 0), (3, 0, 3, '?', 0)]"
"(5, 5, 4, 3, 3, 0)","[(3, 0, 1, '?', '?'), (3, 0, '?', '?', '?'), (3, 0, 1, '?', '?'), (3, 0, '?', '?', '?'), (3, 0, '?', '?', 1), (3, 0, '?', '?', '?'), (3, 0, '?', '?', 1), (3, 0, '?', '?', '?')]"
"(5, 5, 4, 3, 6, 0)","[(3, 0, '?', '?', 3), (3, 0, '?', '?', 3), (3, 0, '?', '?', 3), (3, 0, '?', '?', 3), (3, 0, '?', '?', 3), (3, 0, '?', '?', 3), (3, 0, '?', '?', 3), (3, 0, '?', '?', 3)]"
"(5, 5, 4, 3, 7, 0)","[(3, 0, '?', 3, '?')]"
"(5, 5, 4, 3, 11, 0)","[(3, 0, '?', '?', 1), (3, 0, '?', '?', 1), (3, 0, '?', '?', 1), (3, 0, '?', '?', 1), (3, 0, 1, '?', 1), (3, 0, '?', '?', 1)]"
"(5, 5, 4, 3, 13, 0)","[(3, 0, '?', '?', 0), (3, 0, '?', '?', 0), (3, 0, '?', '?', 0), (3, 0, '?', '?', 0), (3, 0, '?', '?', 0), (3, 0, '?', '?', 0), (3, 0, '?', '?', 0)]"
"(5, 5, 4, 4, 4, 0)","[(0, 0, 3, '?', 2)]"
"(5, 5, 4, 6, 1, 0)","[(3, 0, 3, '?', 2), (3, 0, 3, '?', 2), (3, 0, 3, '?', 2), (3, 0, 3, '?', 2), (3, 0, 3, '?', 2), (3, 0, 3, '?', 2)]"
"(5, 5, 4, 6, 3, 0)","[(3, 0, '?', '?', 2), (3, 0, '?', '?', 2), (3, 0, '?', 3, 2), (3, 0, '?', 3, 2), (3, 0, '?', '?', 2), (3, 0, 1, '?', 2), (3, 0, '?', '?', 2), (3, 0, '?', '?', 2), (3, 0, 1, '?', 2), (3, 0, '?', '?', 2), (3, 0, 1, 2, 2), (3, 0, 0, '?', 2), (3, 0, '?', '?', 2), (3, 0, '?', '?', 2), (3, 0, '?', '?', 2), (3, 0, 1, '?', 2)]"
"(5, 5, 4, 6, 7, 0)","[(3, 0, 0, '?', 2), (3, 0, 0, '?', 2), (3, 0, 3, 3, 2), (3, 0, 0, '?', 2), (3, 0, 0, '?', 2)]"
"(5, 5, 4, 6, 10, 0)","[(3, 0, 1, '?', 2), (3, 0, 1, '?', 2), (3, 0, 1, '?', 2), (3, 0, 1, '?', 2), (3, 0, 1, '?', 2)]"
"(5, 5, 4, 6, 11, 0)","[(3, 0, 2, '?', 2), (3, 0, 2, '?', 2), (3, 0, 2, '?', 2), (3, 0, 2, '?', 2)]"
"(5, 5, 4, 7, 6, 0)","[(3, 0, 1, 3, 3), (3, 0, '?', 3, 3), (3, 0, '?', 3, 3), (3, 0, 3, 3, 3), (3, 0, 0, 3, 3)]"
"(5, 5, 4, 7, 7, 0)","[(3, 0, 1, 3, 1), (3, 0, 1, 3, 1), (3, 0, 3, 3, 1)]"
"(5, 5, 4, 7, 13, 0)","[(3, 0, 2, 3, 0), (3, 0, 3, 3, 0), (3, 0, '?', 3, 0), (3, 0, 1, 3, 0)]"
"(5, 5, 4, 10, 3, 0)","[(3, 0, 1, '?', '?'), (3, 0, 1, '?', 1), (3, 0, 1, '?', 1), (3, 0, 1, '?', 1), (3, 0, 1, '?', 1), (3, 0, 1, '?', '?'), (3, 0, 1, '?', '?'), (3, 0, 1, '?', '?')]"
"(5, 5, 4, 10, 6, 0)","[(3, 0, 1, 3, 3), (3, 0, 1, '?', 3), (3, 0, 1, '?', 3), (3, 0, 1, '?', 3), (3, 0, 1, '?', 3), (3, 0, 1, '?', 3), (3, 0, 1, '?', 3), (3, 0, 1, 2, 3), (3, 0, 1, '?', 3), (3, 0, 1, '?', 3)]"
"(5, 5, 4, 10, 9, 0)","[(3, 0, 1, '?', '?')]"
"(5, 5, 4, 10, 11, 0)","[(3, 0, 1, '?', 1), (3, 0, 1, '?', 1), (3, 0, 1, '?', 1), (3, 0, 1, '?', 1)]"
"(5, 5, 4, 10, 13, 0)","[(3, 0, 1, '?', 0), (3, 0, 1, '?', 0), (3, 0, 1, '?', 0), (3, 0, 1, '?', 0), (3, 0, 1, '?', 0), (3, 0, 1, '?', 0)]"
"(5, 5, 4, 11, 3, 0)","[(3, 0, 2, '?', '?'), (3, 0, 2, '?', '?'), (3, 0, 2, '?', '?'), (3, 0, 2, '?', '?'), (3, 0, 2, '?', '?'), (3, 0, 2, '?', '?'), (3, 0, 2, '?', '?'), (3, 0, 2, '?', '?'), (3, 0, 2, '?', '?')]"
"(5, 5, 4, 11, 6, 0)","[(3, 0, 2, '?', 3), (3, 0, 2, '?', 3), (3, 0, 2, '?', 3), (3, 0, 2, '?', 3), (3, 0, 2, '?', 3)]"
"(5, 5, 4, 11, 13, 0)","[(3, 0, 2, '?', 0), (3, 0, 2, '?', 0), (3, 0, 2, '?', 0)]"
"(5, 5, 6, 6, 3, 0)","[('?', 0, '?', '?', 2)]"
"(5, 5, 6, 6, 7, 0)","[(1, 0, 1, 3, 2), ('?', 0, 1, 3, 2), ('?', 0, 1, 3, 2), (2, 0, 1, 3, 2), ('?', 0, 1, 3, 2)]"
"(5, 5, 6, 6, 9, 0)","[(1, 0, '?', '?', 2), (1, 0, '?', '?', 2)]"
"(5, 5, 6, 6, 14, 0)","[(2, 0, '?', '?', 2), (2, 0, '?', '?', 2), (2, 0, '?', '?', 2)]"
"(5, 5, 7, 3, 3, 0)","[('?', 0, 0, '?', '?'), ('?', 0, 0, '?', '?'), ('?', 0, 0, '?', 1), ('?', 0, 0, '?', 1), (3, 0, 0, '?', 1), ('?', 0, 0, '?', '?'), ('?', 0, 0, '?', 1), ('?', 0, 0, '?', '?'), ('?', 0, 0, '?', 1), ('?', 0, 0, '?', '?'), (3, 0, 0, '?', 1), (3, 0, 0, '?', 1), ('?', 0, 0, '?', '?')]"
"(5, 5, 7, 3, 6, 0)","[('?', 0, 0, '?', 3), ('?', 0, 0, '?', 3), ('?', 0, 0, '?', 3), ('?', 0, 0, '?', 3), ('?', 0, 0, '?', 3), ('?', 0, 0, '?', 3), ('?', 0, 0, '?', 3), (3, 0, 0, 2, 3), ('?', 0, 0, '?', 3), ('?', 0, 0, '?', 3)]"
"(5, 5, 7, 3, 11, 0)","[('?', 0, 0, '?', 1), ('?', 0, 0, '?', 1), (3, 0, 0, '?', 1), ('?', 0, 0, '?', 1), ('?', 0, 0, '?', 1), (3, 0, 0, 1, 1)]"
"(5, 5, 7, 4, 3, 0)","[(3, 0, 0, '?', '?'), (3, 0, 0, '?', '?'), (3, 0, 0, '?', '?'), (3, 0, 0, '?', '?'), (3, 0, 0, '?', 1), (3, 0, 0, '?', '?'), (3, 0, 0, '?', '?'), (3, 0, 0, '?', '?'), (3, 0, 0, '?', '?'), (3, 0, 0, '?', 1)]"
"(5, 5, 7, 4, 4, 0)","[(0, 0, 0, '?', 2), (0, 0, 0, '?', 2), (0, 0, 0, '?', 2), (0, 0, 0, '?', 2)]"
"(5, 5, 7, 4, 6, 0)","[(3, 0, 0, 2, 3)]"
"(5, 5, 7, 4, 7, 0)","[(0, 0, 0, 3, 2)]"
"(5, 5, 7, 4, 11, 0)","[(3, 0, 0, '?', 1), (3, 0, 0, '?', 1)]"
"(5, 5, 7, 4, 13, 0)","[(3, 0, 0, '?', 0), (3, 0, 0, '?', 0), (3, 0, 0, '?', 0), (3, 0, 0, '?', 0), (3, 0, 0, '?', 0), (3, 0, 0, '?', 0), (3, 0, 0, '?', 0), (3, 0, 0, '?', 0), (3, 0, 0, '?', 0)]"
"(5, 5, 7, 6, 3, 0)","[(3, 0, 0, '?', 2), ('?', 0, 0, '?', '?'), (3, 0, 0, '?', 2)]"
"(5, 5, 7, 6, 4, 0)","[(0, 0, 0, '?', 2), (0, 0, 0, '?', 2), (0, 0, 0, '?', 2)]"
"(5, 5, 7, 6, 7, 0)","[(0, 0, 0, 3, 2), ('?', 0, 0, 3, 2), ('?', 0, 0, 3, 2), (3, 0, 0, '?', 2)]"
"(5, 5, 7, 6, 14, 0)","[(2, 0, 0, '?', 2), (2, 0, 0, '?', 2), (2, 0, 0, '?', 2), (2, 0, 0, '?', 2), (2, 0, 0, '?', 2)]"
"(5, 5, 7, 7, 3, 0)","[('?', 0, 0, 3, 1), ('?', 0, 0, 3, 1), ('?', 0, 0, 3, 1), ('?', 0, 0, 3, '?')]"
"(5, 5, 7, 7, 6, 0)","[('?', 0, 0, 3, 3), ('?', 0, 0, 3, 3), (3, 0, 0, 3, 3), ('?', 0, 0, 3, 3)]"
"(5, 5, 7, 7, 7, 0)","[('?', 0, 0, 3, 1), ('?', 0, 0, 3, '?'), ('?', 0, 0, 3, 1), ('?', 0, 0, 3, '?')]"
"(5, 5, 7, 7, 11, 0)","[(3, 0, 0, '?', 1)]"
"(5, 5, 7, 7, 13, 0)","[(1, 0, 0, 3, 0), ('?', 0, 0, 3, 0), ('?', 0, 0, 3, 0), (1, 0, 0, 3, 0), ('?', 0, 0, 3, 0), ('?', 0, 0, 3, 0), (3, 0, 0, 3, 0), ('?', 0, 0, 3, 0)]"
"(5, 5, 7, 8, 3, 0)","[(0, 0, 0, '?', '?'), (0, 0, 0, '?', '?'), (0, 0, 0, '?', '?'), (0, 0, 0, '?', '?'), (0, 0, 0, 2, '?'), (0, 0, 0, '?', '?'), (0, 0, 0, '?', '?'), (0, 0, 0, '?', '?'), (0, 0, 0, '?', '?')]"
"(5, 5, 7, 9, 3, 0)","[(1, 0, 0, '?', '?'), (1, 0, 0, '?', '?'), (1, 0, 0, '?', '?'), (1, 0, 0, '?', '?'), (1, 0, 0, '?', '?'), (1, 0, 0, '?', '?'), (1, 0, 0, '?', '?'), (1, 0, 0, '?', '?'), (1, 0, 0, '?', '?')]"
"(5, 5, 7, 9, 6, 0)","[(1, 0, 0, '?', 3), (1, 0, 0, '?', 3), (1, 0, 0, '?', 3), (1, 0, 0, '?', 3), (1, 0, 0, '?', 3)]"
"(5, 5, 7, 9, 13, 0)","[(1, 0, 0, '?', 0), (1, 0, 0, '?', 0), (1, 0, 0, '?', 0), (1, 0, 0, '?', 0), (1, 0, 0, '?', 0), (1, 0, 0, '?', 0), (1, 0, 0, '?', 0), (1, 0, 0, '?', 0), (1, 0, 0, '?', 0)]"
"(5, 5, 7, 14, 3, 0)","[(2, 0, 0, '?', '?'), (2, 0, 0, '?', '?'), (2, 0, 0, '?', '?')]"
"(5, 5, 7, 14, 6, 0)","[(2, 0, 0, '?', 3), (2, 0, 0, '?', 3), (2, 0, 0, '?', 3), (2, 0, 0, '?', 3), (2, 0, 0, '?', 3)]"
"(5, 5, 7, 14, 13, 0)","[(2, 0, 0, 1, 0), (2, 0, 0, 1, 0)]"
"(5, 5, 8, 7, 8, 0)","[(0, 0, 1, 3, '?')]"
"(5, 5, 9, 3, 9, 0)","[(1, 0, '?', '?', '?')]"
"(5, 5, 9, 3, 11, 0)","[(1, 0, '?', '?', 1), (1, 0, '?', '?', 1), (1, 0, '?', '?', 1)]"
"(5, 5, 9, 6, 9, 0)","[(1, 0, '?', '?', 2)]"
"(5, 5, 9, 9, 6, 0)","[(1, 0, '?', '?', 3)]"
"(5, 5, 10, 3, 3, 0)","[('?', 0, 1, '?', 1), ('?', 0, 1, '?', '?')]"
"(5, 5, 10, 3, 6, 0)","[('?', 0, 1, '?', 3), ('?', 0, 1, '?', 3)]"
"(5, 5, 10, 3, 13, 0)","[('?', 0, 1, '?', 0), ('?', 0, 1, '?', 0), ('?', 0, 1, '?', 0), ('?', 0, 1, '?', 0)]"
"(5, 5, 10, 4, 4, 0)","[(0, 0, 1, '?', 2), (0, 0, 1, '?', 2), (0, 0, 1, '?', 2), (0, 0, 1, '?', 2), (0, 0, 1, '?', 2), (0, 0, 1, '?', 2), (0, 0, 1, '?', 2), (0, 0, 1, '?', 2), (0, 0, 1, '?', 2)]"
"(5, 5, 10, 6, 7, 0)","[('?', 0, 1, 3, 2)]"
"(5, 5, 10, 6, 9, 0)","[(1, 0, 1, '?', 2), (1, 0, 1, '?', 2), (1, 0, 1, '?', 2), (1, 0, 1, '?', 2), (1, 0, 1, '?', 2), (1, 0, 1, '?', 2)]"
"(5, 5, 10, 6, 14, 0)","[(2, 0, 1, '?', 2), (2, 0, 1, '?', 2), (2, 0, 1, '?', 2), (2, 0, 1, '?', 2), (2, 0, 1, '?', 2), (2, 0, 1, '?', 2)]"
"(5, 5, 10, 7, 13, 0)","[('?', 0, 1, 3, 0), ('?', 0, 1, 3, 0), (1, 0, 1, 3, 0)]"
"(5, 5, 10, 8, 3, 0)","[(0, 0, 1, 2, '?')]"
"(5, 5, 10, 8, 6, 0)","[(0, 0, 1, 2, 3), (0, 0, 1, '?', 3), (0, 0, 1, 2, 3), (0, 0, 1, '?', 3), (0, 0, 1, '?', 3), (0, 0, 1, '?', 3)]"
"(5, 5, 10, 8, 11, 0)","[(0, 0, 1, '?', 1)]"
"(5, 5, 10, 9, 3, 0)","[(1, 0, 1, '?', '?'), (1, 0, 1, '?', '?'), (1, 0, 1, '?', '?'), (1, 0, 1, '?', '?'), (1, 0, 1, '?', '?'), (1, 0, 1, '?', '?'), (1, 0, 1, '?', '?')]"
"(5, 5, 10, 9, 6, 0)","[(1, 0, 1, '?', 3), (1, 0, 1, '?', 3), (1, 0, 1, '?', 3), (1, 0, 1, '?', 3), (1, 0, 1, '?', 3), (1, 0, 1, '?', 3), (1, 0, 1, '?', 3)]"
"(5, 5, 10, 9, 13, 0)","[(1, 0, 1, '?', 0), (1, 0, 1, '?', 0), (1, 0, 1, '?', 0), (1, 0, 1, '?', 0), (1, 0, 1, '?', 0), (1, 0, 1, '?', 0), (1, 0, 1, '?', 0), (1, 0, 1, '?', 0)]"
"(5, 5, 10, 10, 3, 0)","[('?', 0, 1, '?', '?'), ('?', 0, 1, '?', '?'), ('?', 0, 1, '?', '?'), ('?', 0, 1, '?', '?')]"
"(5, 5, 10, 10, 6, 0)","[('?', 0, 1, '?', 3), ('?', 0, 1, '?', 3), ('?', 0, 1, '?', 3), ('?', 0, 1, '?', 3), ('?', 0, 1, '?', 3), ('?', 0, 1, '?', 3), ('?', 0, 1, '?', 3)]"
"(5, 5, 10, 10, 11, 0)","[('?', 0, 1, '?', 1), ('?', 0, 1, '?', 1), ('?', 0, 1, '?', 1), (0, 0, 1, '?', 1), (0, 0, 1, '?', 1), (2, 0, 1, '?', 1), (0, 0, 1, 2, 1), (0, 0, 1, '?', 1)]"
"(5, 5, 10, 10, 13, 0)","[('?', 0, 1, '?', 0), ('?', 0, 1, '?', 0), ('?', 0, 1, '?', 0), ('?', 0, 1, '?', 0)]"
"(5, 5, 10, 14, 3, 0)","[(2, 0, 1, '?', '?'), (2, 0, 1, '?', '?'), (2, 0, 1, '?', '?'), (2, 0, 1, '?', '?'), (2, 0, 1, '?', '?'), (2, 0, 1, '?', '?'), (2, 0, 1, '?', '?')]"
"(5, 5, 10, 14, 11, 0)","[(2, 0, 1, '?', 1), (2, 0, 1, '?', 1), (2, 0, 1, '?', 1)]"
"(5, 5, 11, 3, 3, 0)","[('?', 0, 2, '?', '?'), ('?', 0, 2, '?', '?'), ('?', 0, 2, '?', '?'), ('?', 0, 2, '?', '?'), ('?', 0, 2, '?', '?'), ('?', 0, 2, '?', '?')]"
"(5, 5, 11, 3, 6, 0)","[('?', 0, 2, '?', 3), ('?', 0, 2, '?', 3), ('?', 0, 2, '?', 3), ('?', 0, 2, '?', 3), (3, 0, 2, 2, 3), ('?', 0, 2, '?', 3), ('?', 0, 2, '?', 3)]"
"(5, 5, 11, 3, 11, 0)","[('?', 0, 2, '?', 1), ('?', 0, 2, '?', 1), ('?', 0, 2, '?', 1), ('?', 0, 2, '?', 1), ('?', 0, 2, '?', 1), ('?', 0, 2, '?', 1), ('?', 0, 2, '?', 1)]"
"(5, 5, 11, 3, 13, 0)","[('?', 0, 2, '?', 0), ('?', 0, 2, '?', 0), ('?', 0, 2, '?', 0), ('?', 0, 2, '?', 0), ('?', 0, 2, '?', 0), ('?', 0, 2, '?', 0), ('?', 0, 2, '?', 0), ('?', 0, 2, '?', 0)]"
"(5, 5, 11, 4, 7, 0)","[(0, 0, 2, 3, 2)]"
"(5, 5, 11, 6, 9, 0)","[(1, 0, 2, '?', 2), (1, 0, 2, '?', 2), (1, 0, 2, '?', 2), (1, 0, 2, '?', 2)]"
"(5, 5, 11, 7, 6, 0)","[('?', 0, 2, 3, 3), ('?', 0, 2, 3, 3)]"
"(5, 5, 11, 7, 13, 0)","[('?', 0, 2, 3, 0), ('?', 0, 2, 3, 0)]"
"(5, 5, 11, 8, 3, 0)","[(0, 0, 2, '?', '?'), (0, 0, 2, '?', '?'), (0, 0, 2, '?', '?'), (0, 0, 2, '?', '?'), (0, 0, 2, '?', '?'), (0, 0, 2, '?', '?'), (0, 0, 2, '?', '?'), (0, 0, 2, '?', '?')]"
"(5, 5, 11, 8, 6, 0)","[(0, 0, 2, '?', 3), (0, 0, 2, '?', 3), (0, 0, 2, '?', 3), (0, 0, 2, '?', 3), (0, 0, 2, '?', 3), (0, 0, 2, '?', 3), (0, 0, 2, '?', 3)]"
"(5, 5, 11, 8, 11, 0)","[(0, 0, 2, '?', 1), (0, 0, 2, 2, 1), (0, 0, 2, '?', 1), (0, 0, 2, '?', 1), (0, 0, 2, '?', 1), (0, 0, 2, '?', 1), (0, 0, 2, '?', 1), (0, 0, 2, '?', 1)]"
"(5, 5, 11, 8, 13, 0)","[(0, 0, 2, '?', 0), (0, 0, 2, '?', 0), (0, 0, 2, '?', 0), (0, 0, 2, '?', 0), (0, 0, 2, '?', 0), (0, 0, 2, '?', 0), (0, 0, 2, '?', 0), (0, 0, 2, '?', 0)]"
"(5, 5, 11, 9, 3, 0)","[(1, 0, 2, '?', '?'), (1, 0, 2, '?', '?'), (1, 0, 2, '?', '?'), (1, 0, 2, '?', '?'), (1, 0, 2, '?', '?')]"
"(5, 5, 11, 9, 6, 0)","[(1, 0, 2, '?', 3), (1, 0, 2, '?', 3), (1, 0, 2, '?', 3), (1, 0, 2, '?', 3), (1, 0, 2, '?', 3), (1, 0, 2, '?', 3), (1, 0, 2, '?', 3)]"
"(5, 5, 11, 9, 11, 0)","[(1, 0, 2, '?', 1), (1, 0, 2, '?', 1), (1, 0, 2, '?', 1), (1, 0, 2, '?', 1), (1, 0, 2, '?', 1), (1, 0, 2, '?', 1), (1, 0, 2, '?', 1)]"
"(5, 5, 11, 9, 13, 0)","[(1, 0, 2, '?', 0), (1, 0, 2, '?', 0), (1, 0, 2, '?', 0), (1, 0, 2, '?', 0), (1, 0, 2, '?', 0), (1, 0, 2, '?', 0), (1, 0, 2, '?', 0), (1, 0, 2, '?', 0)]"
"(5, 5, 11, 14, 6, 0)","[(2, 0, 2, 2, 3), (2, 0, 2, '?', 3), (2, 0, 2, '?', 3), (2, 0, 2, '?', 3), (2, 0, 2, '?', 3), (2, 0, 2, '?', 3), (2, 0, 2, '?', 3)]"
"(5, 5, 11, 14, 11, 0)","[(2, 0, 2, '?', 1), (2, 0, 2, '?', 1), (2, 0, 2, '?', 1), (2, 0, 2, '?', 1), (2, 0, 2, '?', 1), (2, 0, 2, '?', 1), (2, 0, 2, '?', 1)]"
"(5, 5, 11, 14, 13, 0)","[(2, 0, 2, '?', 0), (2, 0, 2, '?', 0), (2, 0, 2, '?', 0), (2, 0, 2, '?', 0), (2, 0, 2, '?', 0), (2, 0, 2, '?', 0), (2, 0, 2, '?', 0), (2, 0, 2, '?', 0)]"
"(5, 5, 14, 3, 6, 0)","[(2, 0, '?', '?', 3)]"
"(5, 5, 14, 3, 11, 0)","[(2, 0, '?', '?', 1)]"
"(5, 5, 14, 6, 7, 0)","[(2, 0, 1, 3, 2)]"
"(5, 5, 14, 6, 14, 0)","[(2, 0, '?', 1, 2), (2, 0, 0, '?', 2), (2, 0, '?', '?', 2)]"
"(5, 5, 14, 7, 13, 0)","[(2, 0, 1, 3, 0)]"
"(5, 6, 1, 3, 3, 0)","[('?', 0, 3, 2, 1), ('?', 0, 3, 2, '?')]"
"(5, 6, 1, 3, 6, 0)","[('?', 0, 3, 2, 3), (3, 0, 3, 2, 3), ('?', 0, 3, 2, 3), ('?', 0, 3, 2, 3)]"
"(5, 6, 1, 3, 11, 0)","[('?', 0, 3, 2, 1)]"
"(5, 6, 1, 3, 13, 0)","[('?', 0, 3, 2, 0), ('?', 0, 3, 2, 0), ('?', 0, 3, 2, 0)]"
"(5, 6, 1, 4, 4, 0)","[(0, 0, 3, 2, 2), (0, 0, 3, 2, 2)]"
"(5, 6, 1, 4, 7, 0)","[(0, 0, 3, 3, 2)]"
"(5, 6, 1, 6, 3, 0)","[('?', 0, 3, 2, 2)]"
"(5, 6, 1, 6, 7, 0)","[('?', 0, 3, 3, 2), ('?', 0, 3, 3, 2), ('?', 0, 3, 3, 2), ('?', 0, 3, 3, 2)]"
"(5, 6, 1, 6, 9, 0)","[(1, 0, 3, 2, 2), (1, 0, 3, 2, 2), (1, 0, 3, 2, 2), (1, 0, 3, 2, 2), (1, 0, 3, 2, 2)]"
"(5, 6, 1, 6, 14, 0)","[(2, 0, 3, 2, 2), (2, 0, 3, 2, 2), (2, 0, 3, 2, 2), (2, 0, 3, 2, 2)]"
"(5, 6, 1, 7, 13, 0)","[('?', 0, 3, 3, 0), ('?', 0, 3, 3, 0), ('?', 0, 3, 3, 0), ('?', 0, 3, 3, 0)]"
"(5, 6, 1, 8, 6, 0)","[(0, 0, 3, 3, 3)]"
"(5, 6, 1, 8, 7, 0)","[(0, 0, 3, 3, 0)]"
"(5, 6, 1, 8, 13, 0)","[(0, 0, 3, 3, 0)]"
"(5, 6, 1, 9, 3, 0)","[(1, 0, 3, 2, '?')]"
"(5, 6, 1, 9, 6, 0)","[(1, 0, 3, 2, 3)]"
"(5, 6, 1, 9, 11, 0)","[(1, 0, 3, 2, 1), (1, 0, 3, 2, 1)]"
"(5, 6, 1, 9, 13, 0)","[(1, 0, 3, 2, 0)]"
"(5, 6, 1, 14, 6, 0)","[(2, 0, 3, 2, 3), (2, 0, 3, 2, 3)]"
"(5, 6, 1, 14, 11, 0)","[(2, 0, 3, 2, 1), (2, 0, 3, 2, 1)]"
"(5, 6, 3, 3, 3, 0)","[('?', 0, '?', 2, '?'), ('?', 0, '?', 2, '?'), (3, 0, '?', 2, 1), ('?', 0, '?', 2, '?'), ('?', 0, '?', 2, '?'), ('?', 0, '?', 2, '?'), ('?', 0, '?', 2, '?')]"
"(5, 6, 3, 3, 6, 0)","[('?', 0, '?', 2, 3), ('?', 0, '?', 2, 3), ('?', 0, '?', 2, 3), ('?', 0, '?', 2, 3), ('?', 0, '?', 2, 3), ('?', 0, '?', 2, 3), ('?', 0, '?', 2, 3)]"
"(5, 6, 3, 3, 11, 0)","[('?', 0, '?', 2, 1), ('?', 0, 1, 2, 1), ('?', 0, '?', 2, 1), (3, 0, '?', 2, 1), ('?', 0, '?', 2, 1), ('?', 0, '?', 2, 1), (3, 0, '?', 2, 1), ('?', 0, '?', 2, 1), ('?', 0, '?', 2, 1), ('?', 0, '?', 2, 1)]"
"(5, 6, 3, 3, 13, 0)","[(3, 0, '?', 2, 0)]"
"(5, 6, 3, 4, 4, 0)","[(0, 0, 1, 2, 2), (0, 0, 1, 2, 2), (0, 0, 1, 2, 2), (0, 0, '?', 2, 2), (0, 0, '?', 2, 2), (0, 0, '?', 2, 2), (0, 0, 1, 2, 2), (0, 0, '?', 2, 2)]"
"(5, 6, 3, 4, 7, 0)","[(0, 0, '?', 3, 2), (0, 0, '?', 3, 2), (0, 0, '?', 3, 2), (0, 0, '?', 3, 2), (0, 0, '?', 3, 2), (0, 0, '?', 3, 2), (0, 0, '?', 3, 2), (0, 0, '?', 3, 2)]"
"(5, 6, 3, 6, 3, 0)","[('?', 0, '?', 2, 2), ('?', 0, 1, 2, 2), ('?', 0, '?', 2, 2), ('?', 0, '?', 2, 2), ('?', 0, '?', '?', 2), ('?', 0, 1, 2, 2), ('?', 0, '?', 2, 2), ('?', 0, 1, 2, 2), ('?', 0, '?', 2, 2), ('?', 0, '?', 2, 2), (3, 0, '?', 2, 2)]"
"(5, 6, 3, 6, 7, 0)","[('?', 0, 1, 3, 2), ('?', 0, 1, 3, 2)]"
"(5, 6, 3, 6, 9, 0)","[(1, 0, 1, 2, 2), (1, 0, '?', 2, 2), (1, 0, '?', 2, 2), (1, 0, '?', 2, 2), (1, 0, '?', 2, 2), (1, 0, 1, 2, 2), (1, 0, 1, 2, 2), (1, 0, '?', 2, 2), (1, 0, '?', 2, 2), (1, 0, '?', 2, 2), (1, 0, 1, 2, 2)]"
"(5, 6, 3, 6, 14, 0)","[(2, 0, '?', 2, 2), (2, 0, '?', 2, 2), (2, 0, '?', 2, 2), (2, 0, '?', 2, 2), (2, 0, '?', 2, 2)]"
"(5, 6, 3, 7, 6, 0)","[('?', 0, '?', 3, 3), ('?', 0, '?', 3, 3), ('?', 0, '?', 3, 3), ('?', 0, '?', 3, 3)]"
"(5, 6, 3, 7, 7, 0)","[('?', 0, '?', 3, '?'), ('?', 0, '?', 3, 1), ('?', 0, '?', 3, 1), ('?', 0, 1, 3, '?'), ('?', 0, '?', 3, '?'), ('?', 0, '?', 3, '?'), ('?', 0, '?', 3, 1), ('?', 0, '?', 3, '?'), (3, 0, 1, 3, 1)]"
"(5, 6, 3, 7, 11, 0)","[('?', 0, '?', 3, 1)]"
"(5, 6, 3, 7, 13, 0)","[('?', 0, 1, 3, 0), ('?', 0, '?', 3, 0), ('?', 0, '?', 3, 0), ('?', 0, '?', 3, 0), ('?', 0, '?', 3, 0), ('?', 0, '?', 3, 0), ('?', 0, '?', 3, 0), ('?', 0, '?', 3, 0), ('?', 0, '?', 3, 0)]"
"(5, 6, 3, 8, 6, 0)","[(0, 0, '?', 2, 3), (0, 0, '?', 3, 3), (0, 0, '?', 2, 3), (0, 0, '?', 3, 3)]"
"(5, 6, 3, 8, 11, 0)","[(0, 0, '?', 2, 1), (0, 0, '?', 2, 1), (0, 0, '?', 2, 1)]"
"(5, 6, 3, 9, 3, 0)","[(1, 0, '?', 2, '?'), (1, 0, '?', 2, '?'), (1, 0, '?', 2, '?'), (1, 0, '?', 2, '?'), (1, 0, '?', 2, '?'), (1, 0, '?', 2, '?'), (1, 0, '?', 2, '?')]"
"(5, 6, 3, 9, 6, 0)","[(1, 0, '?', 2, 3), (1, 0, '?', 2, 3), (1, 0, '?', 2, 3), (1, 0, '?', 2, 3), (1, 0, '?', 2, 3), (1, 0, '?', 2, 3), (1, 0, '?', 2, 3), (1, 0, '?', 2, 3)]"
"(5, 6, 3, 9, 11, 0)","[(1, 0, '?', 2, 1), (1, 0, '?', 2, 1), (1, 0, '?', 2, 1), (1, 0, '?', 2, 1), (1, 0, '?', 2, 1), (1, 0, '?', 2, 1), (1, 0, '?', 2, 1), (1, 0, '?', 2, 1), (1, 0, '?', 2, 1), (1, 0, '?', 2, 1)]"
"(5, 6, 3, 9, 13, 0)","[(1, 0, '?', 2, 0), (1, 0, '?', 2, 0), (1, 0, '?', 2, 0), (1, 0, '?', 2, 0), (1, 0, '?', 2, 0), (1, 0, '?', 2, 0), (1, 0, '?', 2, 0), (1, 0, '?', 2, 0)]"
"(5, 6, 3, 10, 11, 0)","[('?', 0, 1, 2, 1)]"
"(5, 6, 3, 14, 3, 0)","[(2, 0, '?', 2, '?'), (2, 0, '?', 2, '?'), (2, 0, '?', 2, '?'), (2, 0, '?', 2, '?'), (2, 0, '?', 2, '?'), (2, 0, '?', 2, '?')]"
"(5, 6, 3, 14, 6, 0)","[(2, 0, '?', 2, 3), (2, 0, '?', 2, 3), (2, 0, '?', 2, 3), (2, 0, '?', 2, 3), (2, 0, '?', 2, 3), (2, 0, '?', 2, 3)]"
"(5, 6, 3, 14, 11, 0)","[(2, 0, '?', 2, 1), (2, 0, '?', 2, 1), (2, 0, '?', 2, 1), (2, 0, '?', 2, 1), (2, 0, '?', 2, 1), (2, 0, '?', 2, 1), (2, 0, '?', 2, 1)]"
"(5, 6, 3, 14, 13, 0)","[(2, 0, '?', '?', 0), (2, 0, '?', 2, 0), (2, 0, '?', 2, 0), (2, 0, '?', 2, 0), (2, 0, '?', 2, 0), (2, 0, '?', 2, 0), (2, 0, '?', 2, 0), (2, 0, '?', 2, 0), (2, 0, '?', 2, 0)]"
"(5, 6, 4, 4, 4, 0)","[(0, 0, '?', 2, 2), (0, 0, '?', 2, 2)]"
"(5, 6, 6, 6, 3, 0)","[('?', 0, '?', 2, 2)]"
"(5, 6, 7, 3, 3, 0)","[(3, 0, 0, 2, '?'), ('?', 0, 0, 2, '?'), ('?', 0, 0, 2, '?'), ('?', 0, 0, 2, '?'), (3, 0, 0, 2, '?'), ('?', 0, 0, 2, '?'), ('?', 0, 0, 2, 1), ('?', 0, 0, 2, '?'), ('?', 0, 0, 2, '?'), ('?', 0, 0, 2, '?'), (3, 0, 0, 2, '?'), ('?', 0, 0, 2, '?'), ('?', 0, 0, 2, '?')]"
"(5, 6, 7, 3, 6, 0)","[('?', 0, 0, 2, 3), ('?', 0, 0, 2, 3), ('?', 0, 0, 2, 3), ('?', 0, 0, 2, 3)]"
"(5, 6, 7, 3, 11, 0)","[(3, 0, 0, 2, 1), ('?', 0, 0, 2, 1), ('?', 0, 0, 2, 1), ('?', 0, 0, 2, 1), ('?', 0, 0, 2, 1), ('?', 0, 0, 2, 1), ('?', 0, 0, 2, 1), (3, 0, 0, 2, 1)]"
"(5, 6, 7, 3, 13, 0)","[('?', 0, 0, 2, 0), ('?', 0, 0, 2, 0), ('?', 0, 0, 2, 0), ('?', 0, 0, 2, 0), ('?', 0, 0, 2, 0), ('?', 0, 0, 2, 0), ('?', 0, 0, 2, 0), ('?', 0, 0, 2, 0)]"
"(5, 6, 7, 4, 3, 0)","[(3, 0, 0, 2, '?')]"
"(5, 6, 7, 4, 7, 0)","[(0, 0, 0, 3, 2), (0, 0, 0, 3, 2)]"
"(5, 6, 7, 6, 3, 0)","[('?', 0, 0, 2, 2), ('?', 0, 0, 2, 2), ('?', 0, 0, 2, 2), ('?', 0, 0, 2, 2), ('?', 0, 0, 2, 2), ('?', 0, 0, 2, 2), ('?', 0, 0, 2, 2), ('?', 0, 0, 2, 2), ('?', 0, 0, 2, 2), ('?', 0, 0, 2, 2)]"
"(5, 6, 7, 6, 6, 0)","[(1, 0, 0, 2, 2)]"
"(5, 6, 7, 6, 7, 0)","[('?', 0, 0, 3, 2)]"
"(5, 6, 7, 6, 9, 0)","[(1, 0, 0, 2, 2), (1, 0, 0, 2, 2), (1, 0, 0, 2, 2), (1, 0, 0, 2, 2), (1, 0, 0, 2, 2), (1, 0, 0, 2, 2), (1, 0, 0, 2, 2), (1, 0, 0, 2, 2)]"
"(5, 6, 7, 6, 14, 0)","[(2, 0, 0, 2, 2), (2, 0, 0, 2, 2), (2, 0, 0, 2, 2), (2, 0, 0, 2, 2), (2, 0, 0, 2, 2), (2, 0, 0, '?', 2), (2, 0, 0, 2, 2), (2, 0, 0, 2, 2), (2, 0, 0, 2, 2)]"
"(5, 6, 7, 7, 6, 0)","[('?', 0, 0, 3, 3)]"
"(5, 6, 7, 7, 7, 0)","[('?', 0, 0, 3, 1)]"
"(5, 6, 7, 7, 11, 0)","[('?', 0, 0, 3, 1)]"
"(5, 6, 7, 7, 13, 0)","[('?', 0, 0, 3, 0), ('?', 0, 0, 3, 0), ('?', 0, 0, 3, 0), ('?', 0, 0, 3, 0)]"
"(5, 6, 7, 8, 7, 0)","[(0, 0, 0, 3, 1)]"
"(5, 6, 7, 8, 13, 0)","[(0, 0, 0, 3, 0), (0, 0, 0, 3, 0), (0, 0, 0, 3, 0), (0, 0, 0, 3, 0), (0, 0, 0, 3, 0)]"
"(5, 6, 7, 9, 3, 0)","[(1, 0, 0, 2, '?'), (1, 0, 0, 2, '?'), (1, 0, 0, 2, '?'), (1, 0, 0, 2, '?'), (1, 0, 0, 2, '?'), (1, 0, 0, 2, '?'), (1, 0, 0, 2, '?'), (1, 0, 0, 2, 1), (1, 0, 0, 2, 1)]"
"(5, 6, 7, 9, 11, 0)","[(1, 0, 0, 2, 1), (3, 0, 0, 2, 1), (1, 0, 0, 2, 1), (1, 0, 0, 2, 1), (1, 0, 0, 2, 1), (1, 0, 0, 2, 1)]"
"(5, 6, 7, 9, 13, 0)","[(1, 0, 0, 2, 0), (1, 0, 0, 2, 0), (1, 0, 0, 2, 0), (1, 0, 0, 2, 0), (1, 0, 0, 2, 0), (1, 0, 0, 2, 0), (1, 0, 0, 2, 0), (1, 0, 0, 2, 0)]"
"(5, 6, 7, 14, 11, 0)","[(2, 0, 0, 2, 1), (2, 0, 0, 2, 1), (2, 0, 0, 2, 1)]"
"(5, 6, 7, 14, 13, 0)","[(2, 0, 0, 2, 0), (2, 0, 0, 2, 0), (2, 0, 0, 2, 0), (2, 0, 0, 2, 0), (2, 0, 0, 2, 0), (2, 0, 0, 2, 0), (2, 0, 0, 2, 0), (2, 0, 0, 2, 0)]"
"(5, 6, 8, 7, 6, 0)","[(0, 0, '?', 3, 3), (0, 0, '?', 3, 3), (0, 0, '?', 3, 3), (0, 0, '?', 3, 3), (0, 0, 3, 3, 3)]"
"(5, 6, 8, 7, 7, 0)","[(0, 0, 1, 3, '?'), (0, 0, 1, 3, '?'), (0, 0, 1, 3, '?')]"
"(5, 6, 8, 7, 11, 0)","[(0, 0, 1, 3, 1)]"
"(5, 6, 8, 7, 13, 0)","[(0, 0, 1, 3, 0)]"
"(5, 6, 9, 7, 13, 0)","[(1, 0, 1, 3, 0)]"
"(5, 6, 10, 3, 3, 0)","[('?', 0, 1, 2, '?'), (3, 0, 1, 2, 1), ('?', 0, 1, 2, '?'), ('?', 0, 1, 2, '?'), ('?', 0, 1, 2, '?'), ('?', 0, 1, 2, '?')]"
"(5, 6, 10, 3, 6, 0)","[('?', 0, 1, 2, 3), ('?', 0, 1, 2, 3), ('?', 0, 1, 2, 3)]"
"(5, 6, 10, 3, 11, 0)","[('?', 0, 1, 2, 1), ('?', 0, 1, 2, 1), ('?', 0, 1, 2, 1), ('?', 0, 1, 2, 1)]"
"(5, 6, 10, 3, 13, 0)","[(3, 0, 1, 2, 0), ('?', 0, 1, 2, 0), ('?', 0, 1, 2, 0)]"
"(5, 6, 10, 6, 3, 0)","[('?', 0, 1, 2, 2)]"
"(5, 6, 10, 6, 7, 0)","[('?', 0, 1, 3, 2)]"
"(5, 6, 10, 6, 9, 0)","[(1, 0, 1, 2, 2), (1, 0, 1, 2, 2)]"
"(5, 6, 10, 6, 10, 0)","[('?', 0, 1, 2, 2)]"
"(5, 6, 10, 6, 14, 0)","[(2, 0, 1, 2, 2), (2, 0, 1, 2, 2), (2, 0, 1, 2, 2), (2, 0, 1, 2, 2), (2, 0, 1, 2, 2), (2, 0, 1, 2, 2), (2, 0, 1, 2, 2)]"
"(5, 6, 10, 7, 11, 0)","[(0, 0, 1, 3, 1)]"
"(5, 6, 10, 7, 13, 0)","[('?', 0, 1, 3, 0), ('?', 0, 1, 3, 0), ('?', 0, 1, 3, 0), ('?', 0, 1, 3, 0), ('?', 0, 1, 3, 0)]"
"(5, 6, 10, 8, 6, 0)","[(0, 0, 1, 2, 3), (0, 0, 1, 2, 3), (0, 0, 1, 2, 3)]"
"(5, 6, 10, 8, 7, 0)","[(0, 0, 1, 3, '?')]"
"(5, 6, 10, 9, 3, 0)","[(1, 0, 1, 2, '?'), (1, 0, 1, 2, '?'), (1, 0, 1, 2, '?'), (1, 0, 1, 2, '?')]"
"(5, 6, 10, 9, 6, 0)","[(1, 0, 1, 2, 3), (1, 0, 1, 2, 3), (1, 0, 1, 2, 3), (1, 0, 1, 2, 3), (1, 0, 1, 2, 3), (1, 0, 1, 2, 3)]"
"(5, 6, 10, 9, 11, 0)","[(1, 0, 1, 2, 1), (1, 0, 1, 2, 1), (1, 0, 1, 2, 1), (1, 0, 1, 2, 1)]"
"(5, 6, 10, 9, 13, 0)","[(1, 0, 1, 2, 0), (1, 0, 1, 2, '?'), (1, 0, 1, 2, 0), (1, 0, 1, 2, 0), (1, 0, 1, 2, 0)]"
"(5, 6, 10, 10, 3, 0)","[('?', 0, 1, 2, '?')]"
"(5, 6, 10, 10, 6, 0)","[('?', 0, 1, 2, 3)]"
"(5, 6, 10, 10, 11, 0)","[(3, 0, 1, 2, 1), ('?', 0, 1, 2, 1)]"
"(5, 6, 10, 10, 13, 0)","[('?', 0, 1, 2, 0), (3, 0, 1, 2, 0)]"
"(5, 6, 10, 14, 3, 0)","[(2, 0, 1, 2, '?'), (2, 0, 1, 2, '?'), (2, 0, 1, 2, '?'), (2, 0, 1, 2, '?'), (2, 0, 1, 2, '?'), (2, 0, 1, 2, '?'), (2, 0, 1, 2, '?'), (2, 0, 1, 2, '?')]"
"(5, 6, 10, 14, 11, 0)","[(2, 0, 1, 2, 1), (2, 0, 1, 2, 1), (2, 0, 1, 2, 1), (2, 0, 1, 2, 1), (2, 0, 1, 2, 1), (2, 0, 1, '?', 1)]"
"(5, 6, 11, 3, 3, 0)","[('?', 0, 2, 2, '?'), ('?', 0, 2, 2, '?'), ('?', 0, 2, 2, '?')]"
"(5, 6, 11, 3, 6, 0)","[('?', 0, 2, 2, 3), ('?', 0, 2, 2, 3), ('?', 0, 2, 2, 3), ('?', 0, 2, 2, 3), ('?', 0, 2, 2, 3)]"
"(5, 6, 11, 3, 11, 0)","[(3, 0, 2, 2, 1), ('?', 0, 2, 2, 1), (3, 0, 2, 2, 1), ('?', 0, 2, 2, 1), ('?', 0, 2, 2, 1), ('?', 0, 2, 2, 1)]"
"(5, 6, 11, 3, 13, 0)","[(3, 0, 2, 2, 0)]"
"(5, 6, 11, 4, 4, 0)","[(0, 0, 2, 2, 2)]"
"(5, 6, 11, 4, 7, 0)","[(0, 0, 2, 3, 2), (0, 0, 2, 3, 2)]"
"(5, 6, 11, 6, 3, 0)","[('?', 0, 2, 2, 2), ('?', 0, 2, 2, 2), ('?', 0, 2, 2, 2), ('?', 0, 2, 2, 2), ('?', 0, 2, 2, 2), ('?', 0, 2, 2, 2), ('?', 0, 2, 2, 2)]"
"(5, 6, 11, 6, 9, 0)","[(1, 0, 2, '?', 2), (1, 0, 2, 2, 2), (1, 0, 2, 2, 2), (1, 0, 2, 2, 2)]"
"(5, 6, 11, 7, 6, 0)","[('?', 0, 2, 3, 3), ('?', 0, 2, 3, 3), ('?', 0, 2, 3, 3), ('?', 0, 2, 3, 3), ('?', 0, 2, 3, 3)]"
"(5, 6, 11, 7, 7, 0)","[('?', 0, 2, 3, '?'), ('?', 0, 2, 3, 1)]"
"(5, 6, 11, 7, 13, 0)","[('?', 0, 2, 3, 0), ('?', 0, 2, 3, 0), ('?', 0, 2, 3, 0), ('?', 0, 2, 3, 0)]"
"(5, 6, 11, 8, 3, 0)","[(0, 0, 2, 2, '?')]"
"(5, 6, 11, 8, 7, 0)","[(0, 0, 2, 3, 1)]"
"(5, 6, 11, 9, 3, 0)","[(1, 0, 2, 2, '?'), (1, 0, 2, 2, '?'), (1, 0, 2, 2, '?'), (1, 0, 2, 2, '?')]"
"(5, 6, 11, 9, 6, 0)","[(1, 0, 2, 2, 3), (1, 0, 2, 2, 3), (1, 0, 2, 2, 3), (1, 0, 2, 2, 3)]"
"(5, 6, 11, 9, 11, 0)","[(1, 0, 2, 2, 1), (1, 0, 2, 2, 1), (1, 0, 2, 2, 1)]"
"(5, 6, 11, 14, 3, 0)","[(2, 0, 2, 2, '?'), (2, 0, 2, 2, '?'), (2, 0, 2, 2, '?')]"
"(5, 6, 11, 14, 6, 0)","[(2, 0, 2, 2, 3), (2, 0, 2, 2, 3), (2, 0, 2, 2, 3), (2, 0, 2, 2, 3), (2, 0, 2, 2, 3)]"
"(5, 6, 11, 14, 11, 0)","[(2, 0, 2, '?', 1), (2, 0, 2, 2, 1), (2, 0, 2, 2, 1), (2, 0, 2, 2, 1)]"
"(5, 6, 11, 14, 13, 0)","[(2, 0, 2, 2, 0), (2, 0, 2, 2, 0)]"
"(5, 6, 14, 3, 6, 0)","[(2, 0, '?', 2, 3)]"
"(5, 7, 7, 6, 7, 0)","[(0, 0, 0, 3, 2)]"
"(5, 7, 7, 7, 3, 0)","[('?', 0, 0, 3, '?')]"
"(5, 7, 7, 7, 6, 0)","[('?', 0, 0, 3, 3)]"
"(5, 7, 7, 7, 7, 0)","[('?', 0, 0, 3, '?')]"
"(5, 7, 7, 7, 11, 0)","[('?', 0, 0, 3, 1)]"
"(5, 7, 7, 8, 7, 0)","[(0, 0, 0, 3, 1), (0, 0, 0, 3, 1), (0, 0, 0, 3, 1), (0, 0, 0, 3, 1), (0, 0, 0, 3, 1)]"
"(5, 7, 7, 8, 11, 0)","[(0, 0, 0, 3, 1), (0, 0, 0, 3, 1)]"
"(5, 7, 7, 8, 13, 0)","[(0, 0, 0, 3, 0), (0, 0, 0, 3, 0)]"
"(5, 7, 7, 14, 11, 0)","[(2, 0, 0, 2, 1)]"
"(5, 9, 1, 6, 7, 0)","[(1, 0, 3, 3, 2), (1, 0, 3, 3, 2), (1, 0, 3, 3, 2), (1, 0, 3, 3, 2), (1, 0, 3, 3, 2), (1, 0, 3, 3, 2), (1, 0, 3, 3, 2)]"
"(5, 9, 1, 7, 6, 0)","[(1, 0, 3, 3, 3), (1, 0, 3, 3, 3), (1, 0, 3, 3, 3), (1, 0, 3, 3, 3), (1, 0, 3, 3, 3), (1, 0, 3, 3, 3), (1, 0, 3, 3, 3), (1, 0, 3, 3, 3)]"
"(5, 9, 1, 7, 7, 0)","[(1, 0, 3, 3, '?'), (1, 0, 3, 3, '?'), (1, 0, 3, 3, '?'), (1, 0, 3, 3, '?'), (1, 0, 3, 3, '?'), (1, 0, 3, 3, '?'), (1, 0, 3, 3, '?'), (1, 0, 3, 3, 1), (1, 0, 3, 3, '?')]"
"(5, 9, 1, 7, 9, 0)","[(1, 0, 3, 3, '?')]"
"(5, 9, 1, 7, 11, 0)","[(1, 0, 3, 3, 1), (1, 0, 3, 3, 1), (1, 0, 3, 3, 1), (1, 0, 3, 3, 1), (1, 0, 3, 3, 1), (1, 0, 3, 3, 1)]"
"(5, 9, 1, 7, 13, 0)","[(1, 0, 3, 3, 0), (1, 0, 3, 3, 0), (1, 0, 3, 3, 0), (1, 0, 3, 3, 0), (1, 0, 3, 3, 0)]"
"(5, 9, 1, 9, 11, 0)","[(1, 0, 3, 2, 1)]"
"(5, 9, 1, 9, 13, 0)","[(1, 0, 3, '?', 0)]"
"(5, 9, 3, 6, 7, 0)","[(1, 0, '?', 3, 2), (1, 0, '?', 3, 2), (1, 0, '?', 3, 2), (1, 0, 1, 3, 2), (1, 0, '?', 3, 2), (1, 0, 1, 3, 2), (1, 0, '?', 3, 2), (1, 0, 1, 3, 2)]"
"(5, 9, 3, 7, 6, 0)","[(1, 0, '?', 3, 3), (1, 0, '?', 3, 3), (1, 0, 1, 3, 3), (1, 0, '?', 3, 3), (1, 0, '?', 3, 3), (1, 0, '?', 3, 3), (1, 0, '?', 3, 3)]"
"(5, 9, 3, 7, 7, 0)","[(1, 0, 1, 3, 1), (1, 0, 1, 3, 1)]"
"(5, 9, 3, 7, 13, 0)","[(1, 0, '?', 3, 0), (1, 0, '?', 3, 0), (1, 0, '?', 3, 0), (1, 0, '?', 3, 0), (1, 0, '?', 3, 0), (1, 0, '?', 3, 0), (1, 0, '?', 3, 0), (1, 0, '?', 3, 0)]"
"(5, 9, 6, 6, 7, 0)","[(1, 0, '?', 3, 2), (1, 0, 1, 3, 2), (1, 0, 1, 3, 2), (1, 0, '?', 3, 2), (1, 0, '?', 3, 2), (1, 0, 1, 3, 2), (1, 0, 2, 3, 2), (1, 0, 2, 3, 2)]"
"(5, 9, 7, 6, 7, 0)","[(1, 0, 0, 3, 2), (1, 0, 0, 3, 2), (1, 0, 0, 3, 2), (1, 0, 0, 3, 2), (1, 0, 0, 3, 2), (1, 0, 0, 3, 2), (1, 0, 0, 3, 2), (1, 0, 0, 3, 2)]"
"(5, 9, 7, 7, 6, 0)","[(1, 0, 0, 3, 3), (1, 0, 0, 3, 3), (1, 0, 0, 3, 3), (1, 0, 0, 3, 3), (1, 0, 0, 3, 3), (1, 0, 0, 3, 3)]"
"(5, 9, 7, 7, 7, 0)","[(1, 0, 0, 3, 1), (1, 0, 0, 3, '?'), (1, 0, 0, 3, '?'), (1, 0, 0, 3, '?'), (1, 0, 0, 3, 1), (1, 0, 0, 3, 1), (1, 0, 0, 3, '?'), (1, 0, 0, 3, '?'), (1, 0, 0, 3, '?')]"
"(5, 9, 7, 7, 9, 0)","[(1, 0, 0, 3, 1), (1, 0, 0, 3, '?')]"
"(5, 9, 7, 7, 11, 0)","[(1, 0, 0, 3, 1), (1, 0, 0, 3, 1), (1, 0, 0, 3, 1), (1, 0, 0, 3, 1)]"
"(5, 9, 7, 7, 13, 0)","[(1, 0, 0, 3, 0), (1, 0, 0, 3, 0), (1, 0, 0, 3, 0), (1, 0, 0, 3, 0), (1, 0, 0, 3, 0), (1, 0, 0, 3, 0), (1, 0, 0, 3, 0)]"
"(5, 9, 10, 6, 7, 0)","[(1, 0, 1, 3, 2), (1, 0, 1, 3, 2), (1, 0, 1, 3, 2)]"
"(5, 9, 10, 6, 9, 0)","[(1, 0, 1, '?', 2)]"
"(5, 9, 10, 7, 6, 0)","[(1, 0, 1, 3, 3), (1, 0, 1, 3, 3), (1, 0, 1, 3, 3), (1, 0, 1, 3, 3), (1, 0, 1, 3, 3), (1, 0, 1, 3, 3), (1, 0, 1, 3, 3)]"
"(5, 9, 10, 7, 11, 0)","[(1, 0, 1, 3, 1), (1, 0, 1, 3, 1)]"
"(5, 9, 10, 7, 13, 0)","[(1, 0, 1, 3, 0), (1, 0, 1, 3, 0), (1, 0, 1, 3, 0), (1, 0, 1, 3, 0), (1, 0, 1, 3, 0), (1, 0, 1, 3, 0)]"
"(5, 9, 11, 6, 7, 0)","[(1, 0, 2, 3, 2), (1, 0, 2, 3, 2), (1, 0, 2, 3, 2), (1, 0, 2, 3, 2), (1, 0, 2, 3, 2), (1, 0, 2, 3, 2)]"
"(5, 9, 11, 6, 9, 0)","[(1, 0, 2, 2, 2)]"
"(5, 9, 11, 7, 7, 0)","[(1, 0, 2, 3, '?'), (1, 0, 2, 3, '?'), (1, 0, 2, 3, '?'), (1, 0, 2, 3, '?'), (1, 0, 2, 3, '?'), (1, 0, 2, 3, '?'), (1, 0, 2, 3, '?')]"
"(5, 9, 11, 7, 11, 0)","[(1, 0, 2, 3, 1), (1, 0, 2, 3, 1), (1, 0, 2, 3, 1), (1, 0, 2, 3, 1)]"
"(5, 9, 11, 7, 13, 0)","[(1, 0, 2, 3, 0), (1, 0, 2, 3, 0), (1, 0, 2, 3, 0), (1, 0, 2, 3, 0), (1, 0, 2, 3, 0), (1, 0, 2, 3, 0), (1, 0, 2, 3, 0), (1, 0, 2, 3, 0), (1, 0, 2, 3, 0)]"
"(5, 10, 3, 7, 7, 0)","[('?', 0, 1, 3, '?'), ('?', 0, 1, 3, '?')]"
"(5, 10, 6, 6, 14, 0)","[(2, 0, 1, 2, 2)]"
"(5, 10, 8, 7, 6, 0)","[(0, 0, 1, 3, 3), (0, 0, 1, 3, 3), (0, 0, 1, 3, 3), (0, 0, 1, 3, 3), (0, 0, 1, 3, 3), (0, 0, 1, 3, 3), (0, 0, 1, 3, 3)]"
"(5, 10, 8, 7, 7, 0)","[(0, 0, 1, 3, 1), (0, 0, 1, 3, '?'), (0, 0, 1, 3, '?'), (0, 0, 1, 3, '?'), (0, 0, 1, 3, 1), (0, 0, 1, 3, 1), (0, 0, 1, 3, '?'), (0, 0, 1, 3, '?')]"
"(5, 10, 8, 7, 11, 0)","[(0, 0, 1, 3, 1), (0, 0, 1, 3, 1)]"
"(5, 10, 8, 7, 13, 0)","[(0, 0, 1, 3, 0), (0, 0, 1, 3, 0), (0, 0, 1, 3, 0), (0, 0, 1, 3, 0)]"
"(5, 10, 10, 3, 6, 0)","[('?', 0, 1, 2, 3)]"
"(5, 10, 10, 3, 11, 0)","[('?', 0, 1, 2, 1)]"
"(5, 10, 10, 3, 13, 0)","[('?', 0, 1, 2, 0), ('?', 0, 1, 2, 0), ('?', 0, 1, 2, 0), ('?', 0, 1, 2, 0)]"
"(5, 10, 10, 7, 7, 0)","[('?', 0, 1, 3, '?'), ('?', 0, 1, 3, '?'), ('?', 0, 1, 3, '?'), ('?', 0, 1, 3, '?'), ('?', 0, 1, 3, '?')]"
"(5, 10, 10, 7, 11, 0)","[(0, 0, 1, 3, 1)]"
"(5, 10, 10, 8, 3, 0)","[(0, 0, 1, 2, '?')]"
"(5, 10, 10, 8, 6, 0)","[(0, 0, 1, 2, 3), (0, 0, 1, 2, 3)]"
"(5, 10, 10, 8, 11, 0)","[(0, 0, 1, 2, 1)]"
"(5, 10, 10, 8, 13, 0)","[(0, 0, 1, 2, 0), (0, 0, 1, 2, 0), (0, 0, 1, 2, 0)]"
"(5, 10, 10, 9, 3, 0)","[(1, 0, 1, 2, '?')]"
"(5, 10, 10, 9, 11, 0)","[(1, 0, 1, 2, 1), (1, 0, 1, 2, 1), (1, 0, 1, 2, 1)]"
"(5, 10, 10, 9, 13, 0)","[(1, 0, 1, 2, 0)]"
"(5, 10, 10, 10, 3, 0)","[('?', 0, 1, 2, '?')]"
"(5, 10, 10, 10, 13, 0)","[('?', 0, 1, 2, 0)]"
"(5, 10, 10, 14, 11, 0)","[(2, 0, 1, 2, 1), (2, 0, 1, 2, 1), (2, 0, 1, 2, 1), (2, 0, 1, 2, 1)]"
"(5, 11, 3, 3, 3, 0)","[('?', 0, 2, 2, '?')]"
"(5, 11, 3, 3, 6, 0)","[('?', 0, 2, 2, 3)]"
"(5, 11, 3, 3, 11, 0)","[('?', 0, 2, 2, 1), (3, 0, 2, 2, 1), ('?', 0, 2, 2, 1), ('?', 0, 2, 2, 1)]"
"(5, 11, 3, 7, 7, 0)","[('?', 0, 2, 3, 1), ('?', 0, 2, 3, '?'), ('?', 0, 2, 3, '?')]"
"(5, 11, 3, 7, 11, 0)","[('?', 0, 2, 3, 1), ('?', 0, 2, 3, 1), ('?', 0, 2, 3, 1), ('?', 0, 2, 3, 1)]"
"(5, 11, 3, 7, 13, 0)","[('?', 0, 2, 3, 0)]"
"(5, 11, 3, 8, 7, 0)","[(0, 0, 2, 3, 1)]"
"(5, 11, 3, 8, 11, 0)","[(0, 0, 2, 2, 1), (0, 0, 2, 2, 1)]"
"(5, 11, 3, 9, 3, 0)","[(1, 0, 2, 2, '?'), (1, 0, 2, 2, '?')]"
"(5, 11, 3, 9, 6, 0)","[(1, 0, 2, 2, 3), (1, 0, 2, 2, 3), (1, 0, 2, 2, 3), (1, 0, 2, 2, 3)]"
"(5, 11, 3, 9, 11, 0)","[(1, 0, 2, 2, 1), (1, 0, 2, 2, 1), (1, 0, 2, 2, 1), (1, 0, 2, 2, 1)]"
"(5, 11, 3, 14, 3, 0)","[(2, 0, 2, 2, '?')]"
"(5, 11, 3, 14, 6, 0)","[(2, 0, 2, 2, 3)]"
"(5, 11, 3, 14, 11, 0)","[(2, 0, 2, 2, 1), (2, 0, 2, 2, 1)]"
"(5, 11, 4, 4, 7, 0)","[(0, 0, 2, 3, 2)]"
"(5, 11, 6, 4, 7, 0)","[(0, 0, 2, 3, 2)]"
"(5, 11, 6, 6, 3, 0)","[('?', 0, 2, 2, 2)]"
"(5, 11, 6, 7, 7, 0)","[(0, 0, 2, 3, 2)]"
"(5, 11, 7, 7, 3, 0)","[('?', 0, 2, 3, '?'), ('?', 0, 2, 3, '?')]"
"(5, 11, 7, 7, 7, 0)","[('?', 0, 2, 3, '?'), ('?', 0, 2, 3, '?')]"
"(5, 11, 8, 6, 7, 0)","[(0, 0, 2, 3, 2)]"
"(5, 11, 8, 7, 7, 0)","[(0, 0, 2, 3, 1), (0, 0, 2, 3, 1), (0, 0, 2, 3, 1), (0, 0, 2, 3, 2)]"
"(5, 11, 8, 7, 11, 0)","[(0, 0, 2, 3, 1), (0, 0, 2, 3, 1)]"
"(5, 11, 9, 3, 11, 0)","[(1, 0, 2, 2, 1)]"
"(5, 11, 9, 7, 11, 0)","[(1, 0, 2, 3, 1)]"
"(5, 11, 11, 3, 3, 0)","[('?', 0, 2, 2, '?')]"
"(5, 11, 11, 3, 6, 0)","[('?', 0, 2, 2, 3)]"
"(5, 11, 11, 8, 11, 0)","[(0, 0, 2, 2, 1), (0, 0, 2, 2, 1), (0, 0, 2, '?', 1)]"
"(5, 11, 11, 9, 3, 0)","[(1, 0, 2, 2, '?'), (1, 0, 2, 2, '?')]"
"(5, 11, 11, 9, 11, 0)","[(1, 0, 2, 2, 1)]"
"(5, 11, 11, 14, 3, 0)","[(2, 0, 2, 2, '?')]"
"(5, 11, 11, 14, 13, 0)","[(2, 0, 2, 2, 0)]"
"(5, 11, 14, 3, 6, 0)","[(2, 0, 2, 2, 3)]"
"(5, 11, 14, 3, 11, 0)","[(2, 0, 2, 2, 1)]"
"(5, 11, 14, 3, 13, 0)","[(2, 0, 2, 2, 0)]"
"(5, 11, 14, 3, 14, 0)","[(2, 0, 2, 2, '?'), (2, 0, 2, 2, '?')]"
"(5, 11, 14, 14, 6, 0)","[(2, 0, 2, 2, 3)]"
"(5, 11, 14, 14, 11, 0)","[(2, 0, 2, 2, 1)]"
"(5, 11, 14, 14, 13, 0)","[(2, 0, 2, 2, 0), (2, 0, 2, 2, 0), (2, 0, 2, 2, 0)]"
"(5, 14, 1, 7, 7, 0)","[(2, 0, 3, 3, '?'), (2, 0, 3, 3, '?'), (2, 0, 3, 3, '?'), (2, 0, 3, 3, '?')]"
"(5, 14, 1, 7, 14, 0)","[(2, 0, 3, 3, '?'), (2, 0, 3, 3, '?'), (2, 0, 3, 3, '?'), (2, 0, 3, 3, '?'), (2, 0, 3, 3, '?')]"
"(5, 14, 3, 7, 6, 0)","[(2, 0, '?', 3, 3), (2, 0, '?', 3, 3), (2, 0, '?', 3, 3), (2, 0, '?', 3, 3), (2, 0, '?', 3, 3), (2, 0, '?', 3, 3), (2, 0, '?', 3, 3)]"
"(5, 14, 3, 7, 7, 0)","[(2, 0, '?', 3, '?'), (2, 0, '?', 3, '?'), (2, 0, '?', 3, '?')]"
"(5, 14, 3, 7, 13, 0)","[(2, 0, '?', 3, 0), (2, 0, '?', 3, 0), (2, 0, '?', 3, 0), (2, 0, '?', 3, 0), (2, 0, '?', 3, 0), (2, 0, '?', 3, 0)]"
"(5, 14, 3, 7, 14, 0)","[(2, 0, '?', 3, '?'), (2, 0, '?', 3, '?'), (2, 0, '?', 3, '?')]"
"(5, 14, 3, 14, 3, 0)","[(2, 0, '?', '?', '?'), (2, 0, '?', '?', '?')]"
"(5, 14, 6, 6, 7, 0)","[(2, 0, 1, 3, 2)]"
"(5, 14, 7, 6, 7, 0)","[(2, 0, 0, 3, 2), (2, 0, 0, 3, 2), (2, 0, 0, 3, 2), (2, 0, 0, 3, 2), (2, 0, 0, 3, 2), (2, 0, 0, 3, 2)]"
"(5, 14, 7, 6, 14, 0)","[(2, 0, 0, 3, 2), (2, 0, 0, '?', 2)]"
"(5, 14, 7, 7, 6, 0)","[(2, 0, 0, 3, 3), (2, 0, 0, 3, 3), (2, 0, 0, 3, 3), (2, 0, 0, 3, 3), (2, 0, 0, 3, 3), (2, 0, 0, 3, 3), (2, 0, 0, 3, 3)]"
"(5, 14, 7, 7, 7, 0)","[(2, 0, 0, 3, '?'), (2, 0, 0, 3, '?')]"
"(5, 14, 7, 7, 11, 0)","[(2, 0, 0, 3, 1), (2, 0, 0, 3, 1)]"
"(5, 14, 7, 7, 13, 0)","[(2, 0, 0, 3, 0), (2, 0, 0, 3, 0), (2, 0, 0, 3, 0), (2, 0, '?', 3, 0), (2, 0, 0, 3, 0), (2, 0, 0, 3, 0)]"
"(5, 14, 7, 7, 14, 0)","[(2, 0, 0, 3, 1), (2, 0, 0, 3, '?'), (2, 0, 0, 3, '?'), (2, 0, 0, 3, 1), (2, 0, 0, 3, 1), (2, 0, 0, 3, 1), (2, 0, 0, 3, 1), (2, 0, 0, 3, 1), (2, 0, 0, 3, 1)]"
"(5, 14, 7, 14, 3, 0)","[(2, 0, 0, '?', '?'), (2, 0, 0, '?', '?'), (2, 0, 0, 0, 1)]"
"(5, 14, 7, 14, 6, 0)","[(2, 0, 0, '?', 3), (2, 0, 0, 3, 3), (2, 0, 0, '?', 3), (2, 0, 0, '?', 3), (2, 0, 0, '?', 3), (2, 0, 0, '?', 3)]"
"(5, 14, 7, 14, 7, 0)","[(2, 0, 0, 3, '?')]"
"(5, 14, 7, 14, 11, 0)","[(2, 0, 0, 0, 1), (2, 0, 0, 2, 1), (2, 0, 0, 2, 1)]"
"(5, 14, 10, 6, 7, 0)","[(2, 0, 1, 3, 2), (2, 0, 1, 3, 2)]"
"(5, 14, 10, 6, 14, 0)","[(2, 0, 1, 3, 2)]"
"(5, 14, 10, 7, 6, 0)","[(2, 0, 1, 3, 3), (2, 0, 1, 3, 3), (2, 0, 1, 3, 3), (2, 0, 1, 3, 3), (2, 0, 1, 3, 3), (2, 0, 1, 3, 3)]"
"(5, 14, 10, 7, 7, 0)","[(2, 0, 1, 3, '?'), (2, 0, 1, 3, '?'), (2, 0, 1, 3, 1)]"
"(5, 14, 10, 7, 11, 0)","[(2, 0, 1, 3, 1), (2, 0, 1, 3, 1), (2, 0, 1, 3, 1), (2, 0, 1, 3, 1)]"
"(5, 14, 10, 7, 13, 0)","[(2, 0, 1, 3, 0), (2, 0, 1, 3, 0), (2, 0, 1, 3, 0), (2, 0, 1, 3, 0), (2, 0, 1, 3, 0)]"
"(5, 14, 10, 7, 14, 0)","[(2, 0, 1, 3, '?'), (2, 0, 1, 3, '?'), (2, 0, 1, 3, '?'), (2, 0, 1, 3, '?'), (2, 0, 1, 3, 1), (2, 0, 1, 3, '?')]"
"(5, 14, 10, 14, 13, 0)","[(2, 0, 1, 3, 0), (2, 0, 1, 3, 0)]"
"(5, 14, 11, 6, 7, 0)","[(2, 0, 2, 3, 2), (2, 0, 2, 3, 2), (2, 0, 2, 3, 2), (2, 0, 2, 3, 2), (2, 0, 2, 3, 2)]"
"(5, 14, 11, 7, 7, 0)","[(2, 0, 2, 3, '?'), (2, 0, 2, 3, '?'), (2, 0, 2, 3, '?'), (2, 0, 2, 3, '?'), (2, 0, 2, 3, '?'), (2, 0, 2, 3, '?'), (2, 0, 2, 3, '?'), (2, 0, 2, 3, '?')]"
"(5, 14, 11, 7, 11, 0)","[(2, 0, 2, 3, 1), (2, 0, 2, 3, 1), (2, 0, 2, 3, 1), (2, 0, 2, 3, 1), (2, 0, 2, 3, 1), (2, 0, 2, 3, 1)]"
"(5, 14, 11, 7, 13, 0)","[(2, 0, 2, 3, 0), (2, 0, 2, 3, 0), (2, 0, 2, 3, 0), (2, 0, 2, 3, 0), (2, 0, 2, 3, 0), (2, 0, 2, 3, 0), (2, 0, 2, 3, 0), (2, 0, 2, 3, 0), (2, 0, 2, 3, 0)]"
"(5, 14, 11, 7, 14, 0)","[(2, 0, 2, 3, '?'), (2, 0, 2, 3, 1)]"
"(5, 14, 14, 7, 6, 0)","[(2, 0, '?', 3, 3), (2, 0, '?', 3, 3), (2, 0, '?', 3, 3)]"
"(5, 14, 14, 7, 7, 0)","[(2, 0, '?', 3, '?')]"
"(6, 1, 1, 3, 3, 0)","[('?', '?', 3, 2, '?'), ('?', '?', 3, 2, '?'), ('?', '?', 3, 2, '?')]"
"(6, 1, 1, 3, 6, 0)","[('?', '?', 3, 2, 3), ('?', '?', 3, 2, 3)]"
"(6, 1, 1, 3, 11, 0)","[('?', '?', 3, 2, 1)]"
"(6, 1, 1, 3, 13, 0)","[('?', '?', 3, 2, 0)]"
"(6, 1, 1, 6, 9, 0)","[(1, '?', 3, 2, 2), (1, '?', 3, 2, 2)]"
"(6, 1, 1, 7, 6, 0)","[('?', '?', 3, 3, 3)]"
"(6, 1, 1, 8, 6, 0)","[(0, '?', 3, 2, 3)]"
"(6, 1, 1, 9, 3, 0)","[(1, '?', 3, 2, '?'), (1, '?', 3, 2, '?'), (1, '?', 3, 2, '?')]"
"(6, 1, 1, 9, 6, 0)","[(1, '?', 3, 2, 3)]"
"(6, 1, 1, 14, 13, 0)","[(2, '?', 3, 2, 0)]"
"(6, 1, 3, 1, 3, 0)","[('?', '?', 3, 2, '?'), ('?', '?', 3, 2, '?'), ('?', '?', 3, 2, '?')]"
"(6, 1, 3, 1, 6, 0)","[('?', '?', 3, 2, 3), ('?', '?', 3, 2, 3)]"
"(6, 1, 3, 1, 11, 0)","[('?', '?', 3, 2, 1), ('?', '?', 3, 2, 1), ('?', '?', 3, 2, 1), ('?', '?', 3, 2, 1)]"
"(6, 1, 3, 1, 13, 0)","[('?', '?', 3, 2, 0)]"
"(6, 1, 3, 3, 3, 0)","[('?', '?', 3, 2, '?'), ('?', '?', 3, 2, '?'), ('?', '?', 3, 2, '?'), ('?', '?', 3, 2, '?')]"
"(6, 1, 3, 3, 11, 0)","[('?', '?', 3, 2, 1)]"
"(6, 1, 3, 3, 13, 0)","[('?', '?', 3, 2, 0), ('?', '?', 3, 2, 0), ('?', '?', 3, 2, 0), ('?', '?', 3, 2, 0), ('?', '?', 3, 2, 0)]"
"(6, 1, 3, 7, 7, 0)","[('?', '?', 3, 3, '?'), ('?', '?', 3, 3, '?')]"
"(6, 1, 3, 8, 13, 0)","[(0, '?', 3, 2, 0), (0, '?', 3, 2, 0)]"
"(6, 1, 3, 9, 3, 0)","[(1, '?', 3, 2, '?'), (1, '?', 3, 2, '?'), (1, '?', 3, 2, '?')]"
"(6, 1, 3, 9, 6, 0)","[(1, '?', 3, 2, 3)]"
"(6, 1, 3, 9, 13, 0)","[(1, '?', 3, 2, 0), (1, '?', 3, 2, 0), (1, '?', 3, 2, 0)]"
"(6, 1, 3, 14, 11, 0)","[(2, '?', 3, 2, 1)]"
"(6, 1, 3, 14, 13, 0)","[(2, '?', 3, 2, 0)]"
"(6, 1, 4, 4, 4, 0)","[(0, '?', 3, 2, 2)]"
"(6, 1, 4, 4, 7, 0)","[(0, '?', 3, 3, 2), (0, '?', 3, 3, 2)]"
"(6, 1, 6, 6, 3, 0)","[('?', '?', 3, 2, 2), ('?', '?', 3, 2, 2), ('?', '?', 3, 2, 2), ('?', '?', 3, 2, 2), ('?', '?', 3, 2, 2)]"
"(6, 1, 6, 6, 7, 0)","[('?', '?', 3, 3, 2), ('?', '?', 3, 3, 2), (1, '?', 3, 3, 2), ('?', '?', 3, 3, 2), ('?', '?', 3, 3, 2)]"
"(6, 1, 6, 6, 9, 0)","[(1, '?', 3, 2, 2), (1, '?', 3, 2, 2), (1, '?', 3, 2, 2), (1, '?', 3, 2, 2)]"
"(6, 1, 6, 6, 14, 0)","[(2, '?', 3, 2, 2), (2, '?', 3, 2, 2)]"
"(6, 1, 6, 7, 7, 0)","[('?', '?', 3, 3, 2), ('?', '?', 3, 3, 2)]"
"(6, 1, 6, 14, 1, 0)","[(2, '?', 3, 2, 2), (2, '?', 3, 2, 2), (2, '?', 3, 2, 2), (2, '?', 3, 2, 2)]"
"(6, 1, 6, 14, 3, 0)","[(2, '?', 3, 2, 2), (2, '?', 3, 2, 2)]"
"(6, 1, 7, 7, 1, 0)","[('?', '?', 3, 3, '?')]"
"(6, 1, 7, 7, 6, 0)","[('?', '?', 3, 3, 3), ('?', '?', 3, 3, 3)]"
"(6, 1, 7, 7, 7, 0)","[('?', '?', 3, 3, '?'), ('?', '?', 3, 3, '?'), ('?', '?', 3, 3, '?'), ('?', '?', 3, 3, '?'), ('?', '?', 3, 3, 1), ('?', '?', 3, 3, 1), ('?', '?', 3, 3, 1)]"
"(6, 1, 7, 7, 13, 0)","[('?', '?', 3, 3, 0), ('?', '?', 3, 3, 0), ('?', '?', 3, 3, 0), ('?', '?', 3, 3, 0), ('?', '?', 3, 3, 0)]"
"(6, 1, 7, 8, 7, 0)","[(0, '?', 3, 3, 1), (0, '?', 3, 3, 1)]"
"(6, 1, 8, 6, 7, 0)","[(0, 3, 3, 3, 2), (0, '?', 3, 3, 2), (0, '?', 3, 3, 2), (0, '?', 3, 3, 2), (0, '?', 3, 3, 2)]"
"(6, 1, 8, 7, 7, 0)","[(0, '?', 3, 3, '?'), (0, '?', 3, 3, 1), (0, '?', 3, 3, 1), (0, '?', 3, 3, '?'), (0, '?', 3, 3, 1), (0, '?', 3, 3, '?'), (0, '?', 3, 3, '?')]"
"(6, 1, 8, 7, 8, 0)","[(0, '?', 3, 3, '?'), (0, '?', 3, 3, 1), (0, '?', 3, 3, '?')]"
"(6, 1, 8, 7, 11, 0)","[(0, '?', 3, 3, 1)]"
"(6, 1, 8, 7, 13, 0)","[(0, '?', 3, 3, 0)]"
"(6, 1, 9, 3, 9, 0)","[(1, '?', 3, 2, '?')]"
"(6, 1, 9, 3, 13, 0)","[(1, '?', 3, 2, 0), (1, '?', 3, 2, 0)]"
"(6, 1, 9, 6, 9, 0)","[(1, '?', 3, 2, 2)]"
"(6, 1, 14, 1, 3, 0)","[(2, '?', 3, 2, '?')]"
"(6, 1, 14, 1, 11, 0)","[(2, '?', 3, 2, 1), (2, '?', 3, 2, 1), (2, '?', 3, 2, 1), (2, '?', 3, 2, 1), (2, '?', 3, 2, 1), (2, '?', 3, 2, 1)]"
"(6, 1, 14, 1, 13, 0)","[(2, '?', 3, 2, 0), (2, '?', 3, 2, 0)]"
"(6, 1, 14, 1, 14, 0)","[(2, '?', 3, 2, '?'), (2, '?', 3, 2, '?'), (2, '?', 3, 2, '?'), (2, '?', 3, 2, '?'), (2, '?', 3, 2, '?')]"
"(6, 1, 14, 6, 14, 0)","[(2, '?', 3, 2, 2)]"
"(6, 1, 14, 13, 13, 0)","[(2, '?', 3, 2, 0), (2, '?', 3, 2, 0), (2, '?', 3, 2, 0)]"
"(6, 1, 14, 14, 13, 0)","[(2, '?', 3, 2, 0)]"
"(6, 2, 1, 1, 3, 0)","[('?', '?', 3, 0, '?')]"
"(6, 2, 1, 3, 1, 0)","[('?', '?', 3, 0, '?')]"
"(6, 2, 1, 3, 3, 0)","[('?', '?', 3, 0, '?'), ('?', '?', 3, 0, '?'), ('?', '?', 3, 0, '?')]"
"(6, 2, 1, 3, 6, 0)","[('?', '?', 3, 0, 3), ('?', '?', 3, 0, 3), ('?', '?', 3, 0, 3), ('?', '?', 3, 0, 3), ('?', '?', 3, 0, 3), ('?', '?', 3, 0, 3), ('?', '?', 3, 0, 3), ('?', '?', 3, 0, 3), ('?', '?', 3, 0, 3), ('?', '?', 3, 0, 3)]"
"(6, 2, 1, 3, 11, 0)","[('?', '?', 3, 0, 1), ('?', '?', 3, 0, 1), ('?', '?', 3, 0, 1), ('?', '?', 3, 0, 1), ('?', '?', 3, 0, 1), ('?', '?', 3, 0, 1), ('?', '?', 3, 0, 1)]"
"(6, 2, 1, 3, 13, 0)","[(3, '?', 3, 0, 0), ('?', '?', 3, 0, 0), ('?', '?', 3, 0, 0), ('?', '?', 3, 0, 0), ('?', '?', 3, 0, 0), ('?', '?', 3, 0, 0), ('?', '?', 3, 0, 0), ('?', '?', 3, 0, 0)]"
"(6, 2, 1, 4, 4, 0)","[(0, '?', 3, 0, 2), (0, '?', 3, 0, 2), (0, '?', 3, 0, 2), (0, '?', 3, 0, 2), (0, '?', 3, 0, 2), (0, '?', 3, 0, 2), (0, '?', 3, 0, 2), (0, '?', 3, 0, 2)]"
"(6, 2, 1, 6, 3, 0)","[('?', '?', 3, 0, 2), ('?', '?', 3, 0, 2), ('?', '?', 3, 0, 2), ('?', '?', 3, 0, 2), ('?', '?', 3, 0, 2)]"
"(6, 2, 1, 6, 4, 0)","[(0, '?', 3, 0, 2)]"
"(6, 2, 1, 6, 9, 0)","[(1, '?', 3, 0, 2), (1, '?', 3, 0, 2), (1, '?', 3, 0, 2), (1, '?', 3, 0, 2), (1, '?', 3, 0, 2)]"
"(6, 2, 1, 8, 6, 0)","[(0, '?', 3, 0, 3), (0, '?', 3, 0, 3), (0, '?', 3, 0, 3), (0, '?', 3, 0, 3), (0, '?', 3, 0, 3), (0, '?', 3, 0, 3)]"
"(6, 2, 1, 8, 11, 0)","[(0, '?', 3, 0, 1), (0, '?', 3, 0, 1), (0, '?', 3, 0, 1), (0, '?', 3, 0, 1), (0, '?', 3, 0, 1), (0, '?', 3, 0, 1), (0, '?', 3, 0, 1)]"
"(6, 2, 1, 9, 3, 0)","[(1, '?', 3, 0, '?'), (1, '?', 3, 0, '?'), (1, '?', 3, 0, '?'), (1, '?', 3, 0, '?'), (1, '?', 3, 0, 2), (1, '?', 3, 0, '?'), (1, '?', 3, 0, '?')]"
"(6, 2, 1, 9, 6, 0)","[(1, '?', 3, 0, 3), (1, '?', 3, 0, 3), (1, '?', 3, 0, 3), (1, '?', 3, 0, 3), (1, '?', 3, 0, 3), (1, '?', 3, 0, 3), (1, '?', 3, 0, 3), (1, '?', 3, 0, 3)]"
"(6, 2, 1, 9, 13, 0)","[(1, '?', 3, 0, 0), (1, '?', 3, 0, 0), (1, '?', 3, 0, 0), (1, '?', 3, 0, 0), (1, '?', 3, 0, 0), (1, '?', 3, 0, 0), (1, '?', 3, 0, 0), (1, '?', 3, 0, 0), (1, '?', 3, 0, 0)]"
"(6, 2, 1, 10, 13, 0)","[('?', '?', 3, 0, 0)]"
"(6, 2, 1, 14, 1, 0)","[(2, '?', 3, 0, '?'), (2, '?', 3, 0, '?'), (2, '?', 3, 0, '?'), (2, '?', 3, 0, '?'), (2, '?', 3, 0, '?')]"
"(6, 2, 1, 14, 3, 0)","[(2, '?', 3, 0, '?'), (2, '?', 3, 0, '?'), (2, '?', 3, 0, '?'), (2, '?', 3, 0, '?')]"
"(6, 2, 1, 14, 6, 0)","[(2, '?', 3, 0, 3), (2, '?', 3, 0, 3), (2, '?', 3, 0, 3), (2, '?', 3, 0, 3), (2, '?', 3, 0, 3), (2, '?', 3, 0, 3)]"
"(6, 2, 1, 14, 13, 0)","[(2, '?', 3, 0, 0), (2, '?', 3, 0, 0), (2, '?', 3, 0, 0), (2, '?', 3, 0, 0), (2, '?', 3, 0, 0), (2, '?', 3, 0, 0), (2, '?', 3, 0, 0)]"
"(6, 2, 3, 1, 3, 0)","[('?', '?', 3, 0, '?'), ('?', '?', 3, 0, 2)]"
"(6, 2, 3, 1, 11, 0)","[('?', '?', 3, 0, 1)]"
"(6, 2, 3, 3, 3, 0)","[('?', '?', '?', 0, '?'), ('?', '?', '?', 0, '?'), ('?', '?', '?', 0, '?'), ('?', '?', '?', 0, '?'), ('?', '?', '?', 0, 2), ('?', '?', '?', 0, '?')]"
"(6, 2, 3, 3, 6, 0)","[('?', '?', '?', 0, 3), ('?', '?', '?', 0, 3), ('?', '?', '?', 0, 3), ('?', '?', '?', 0, 3), ('?', '?', '?', 0, 3)]"
"(6, 2, 3, 3, 11, 0)","[('?', '?', 1, 0, 1)]"
"(6, 2, 3, 3, 13, 0)","[('?', '?', '?', 0, 0), ('?', '?', '?', 0, 0), ('?', '?', '?', 0, 0), ('?', '?', '?', 0, 0), ('?', '?', '?', 0, 0), ('?', '?', '?', 0, 0), ('?', '?', '?', 0, 0)]"
"(6, 2, 3, 4, 4, 0)","[(0, '?', '?', 0, 2), (0, '?', '?', 0, 2), (0, '?', '?', 0, 2), (0, '?', '?', 0, 2), (0, '?', '?', 0, 2), (0, '?', '?', 0, 2), (0, '?', '?', 0, 2), (0, '?', '?', 0, 2)]"
"(6, 2, 3, 6, 3, 0)","[('?', '?', '?', 0, 2), ('?', '?', '?', 0, 2), ('?', '?', '?', 0, 2), ('?', '?', '?', 0, 2), ('?', '?', '?', 0, 2), ('?', '?', '?', 0, 2)]"
"(6, 2, 3, 6, 9, 0)","[(1, '?', '?', 0, 2), (1, '?', '?', 0, 2), (1, '?', '?', 0, 2), (1, '?', '?', 0, 2), (1, '?', '?', 0, 2), (1, '?', '?', 0, 2), (1, '?', '?', 0, 2)]"
"(6, 2, 3, 6, 14, 0)","[(2, '?', '?', 0, 2), (2, '?', 1, 0, 2), (2, '?', '?', 0, 2), (2, '?', '?', 0, 2)]"
"(6, 2, 3, 8, 3, 0)","[(0, '?', '?', 0, '?'), (0, '?', '?', 0, '?'), (0, '?', '?', 0, '?'), (0, '?', '?', 0, '?'), (0, '?', '?', 0, '?'), (0, '?', '?', 0, '?'), (0, '?', '?', 0, '?'), (0, '?', '?', 0, '?'), (0, '?', '?', 0, '?'), (0, '?', '?', 0, '?'), (0, '?', '?', 0, 1)]"
"(6, 2, 3, 8, 6, 0)","[(0, '?', '?', 0, 3), (0, '?', '?', 0, 3), (0, '?', '?', 0, 3), (0, '?', '?', 0, 3), (0, '?', '?', 0, 3), (0, '?', '?', 0, 3), (0, '?', '?', 0, 3), (0, '?', '?', 0, 3)]"
"(6, 2, 3, 8, 11, 0)","[(0, '?', '?', 0, 1), (0, '?', '?', 0, 1), (0, '?', '?', 0, 1), (0, '?', '?', 0, 1), (0, '?', '?', 0, 1), (0, '?', '?', 0, 1), (0, '?', '?', 0, 1)]"
"(6, 2, 3, 8, 13, 0)","[(0, '?', '?', 0, 0), (0, '?', '?', 0, 0), (0, '?', '?', 0, 0), (0, '?', '?', 0, 0), (0, '?', '?', 0, 0), (0, '?', '?', 0, 0), (0, '?', '?', 0, 0), (0, '?', '?', 0, 0)]"
"(6, 2, 3, 9, 3, 0)","[(1, '?', '?', 0, '?'), (1, '?', 3, 0, '?'), (1, '?', '?', 0, '?'), (1, '?', '?', 0, '?'), (1, '?', '?', 0, '?'), (1, '?', 3, 0, '?'), (1, '?', '?', 0, 2), (1, '?', '?', 0, '?'), (1, '?', '?', 0, '?'), (1, '?', '?', 0, '?'), (1, '?', '?', 0, '?'), (1, '?', '?', 0, '?')]"
"(6, 2, 3, 9, 6, 0)","[(1, '?', '?', 0, 3), (1, '?', '?', 0, 3), (1, '?', '?', 0, 3), (1, '?', '?', 0, 3), (1, '?', '?', 0, 3), (1, '?', '?', 0, 3)]"
"(6, 2, 3, 9, 11, 0)","[(1, '?', '?', 0, 1), (1, '?', '?', 0, 1), (1, '?', '?', 0, 1), (1, '?', '?', 0, 1), (1, '?', '?', 0, 1)]"
"(6, 2, 3, 9, 13, 0)","[(1, '?', '?', '?', 0), (1, '?', '?', 0, 0), (1, '?', '?', 0, 0), (1, '?', '?', 0, 0), (1, '?', '?', 0, 0), (1, '?', '?', 0, 0), (1, '?', '?', 0, 0), (1, '?', '?', 0, 0)]"
"(6, 2, 3, 14, 6, 0)","[(2, '?', '?', 0, 3), (2, '?', '?', 0, 3), (2, '?', '?', 0, 3), (2, '?', '?', 0, 3), (2, '?', '?', 0, 3), (2, '?', '?', 0, 3), (2, '?', '?', 0, 3)]"
"(6, 2, 3, 14, 11, 0)","[(2, '?', '?', 0, 1), (2, '?', '?', 0, 1), (2, '?', '?', 0, 1), (2, '?', '?', 0, 1), (2, '?', '?', 0, 1)]"
"(6, 2, 3, 14, 13, 0)","[(2, '?', '?', 0, 0), (2, '?', '?', 0, 0), (2, '?', '?', 0, 0), (2, '?', '?', 0, 0)]"
"(6, 2, 4, 1, 3, 0)","[(3, '?', 3, 0, '?'), (3, '?', 3, 0, '?'), (3, '?', 3, 0, '?'), (3, '?', 3, 0, '?'), (3, '?', 3, 0, '?'), (3, '?', 3, 0, '?')]"
"(6, 2, 4, 1, 6, 0)","[(3, '?', 3, 0, 3), (3, '?', 3, 0, 3), (3, '?', 3, 0, 3), (3, '?', 3, 0, 3), (3, '?', 3, 0, 3), (3, '?', 3, 0, 3)]"
"(6, 2, 4, 1, 11, 0)","[(3, '?', 3, 0, 1), (3, '?', 3, 0, 1), (3, '?', 3, 0, 1), (3, '?', 3, 0, 1), (3, '?', 3, 0, 1)]"
"(6, 2, 4, 1, 13, 0)","[(3, '?', 3, 0, 0), (3, '?', 3, 0, 0), (3, '?', 3, 0, 0), (3, '?', 3, 0, 0), (3, '?', 3, 0, 0)]"
"(6, 2, 4, 3, 3, 0)","[(3, '?', '?', 0, '?'), (3, '?', 0, 0, '?'), (3, '?', '?', 0, '?'), (3, '?', '?', 0, '?'), (3, '?', '?', 0, '?'), (3, '?', '?', 0, '?'), (3, '?', '?', 0, '?'), (3, '?', '?', 0, '?'), (3, '?', '?', 0, '?')]"
"(6, 2, 4, 3, 11, 0)","[(3, '?', 0, 0, 1), (3, '?', '?', 0, 1), (3, '?', '?', 0, 1), (3, '?', '?', 0, 1)]"
"(6, 2, 4, 3, 13, 0)","[(3, '?', '?', 0, 0), (3, '?', '?', 0, 0), (3, '?', '?', 0, 0), (3, '?', '?', 0, 0), (3, '?', '?', 0, 0), (3, '?', '?', 0, 0), (3, '?', '?', 0, 0)]"
"(6, 2, 4, 4, 4, 0)","[(0, '?', 0, 0, 2), (0, '?', 0, 0, 2)]"
"(6, 2, 4, 6, 1, 0)","[(3, '?', 3, 0, 2), (3, '?', 3, 0, 2), (3, '?', 3, 0, 2), (3, '?', 3, 0, 2), (3, '?', 3, 0, 2)]"
"(6, 2, 4, 6, 3, 0)","[(3, '?', '?', 0, 2), (3, '?', '?', 0, 2), (3, '?', '?', 0, 2), (3, '?', '?', 0, 2)]"
"(6, 2, 4, 6, 7, 0)","[(3, '?', 0, 0, 2), (3, '?', 0, 0, 2)]"
"(6, 2, 4, 6, 10, 0)","[(3, '?', 1, 0, 2), (3, '?', 1, 0, 2), (3, '?', 1, 0, 2), (3, '?', 1, 0, 2), (3, '?', 1, 0, 2), (3, '?', 1, 0, 2)]"
"(6, 2, 4, 6, 11, 0)","[(3, '?', 2, 0, 2), (3, '?', 2, 0, 2), (3, '?', 2, 0, 2), (3, '?', 2, 0, 2), (3, '?', 2, 0, 2), (3, '?', 2, 0, 2)]"
"(6, 2, 4, 7, 13, 0)","[(3, '?', 0, 0, 0)]"
"(6, 2, 4, 10, 3, 0)","[(3, '?', 1, 0, '?'), (3, '?', 1, 0, '?'), (3, '?', 1, 0, '?'), (3, '?', 1, 0, '?')]"
"(6, 2, 4, 10, 6, 0)","[(3, '?', 1, 0, 3), (3, '?', 1, 0, 3), (3, '?', 1, 0, 3), (3, '?', 1, 0, 3), (3, '?', 1, 0, 3), (3, '?', 1, 0, 3), (3, '?', 1, 0, 3)]"
"(6, 2, 4, 11, 3, 0)","[(3, '?', 2, 0, '?'), (3, '?', 2, 0, 2), (3, '?', 2, 0, '?'), (3, '?', 2, 0, 2)]"
"(6, 2, 4, 11, 6, 0)","[(3, '?', 2, 0, 3), (3, '?', 2, 0, 3), (3, '?', 2, 0, 3), (3, '?', 2, 0, 3), (3, '?', 2, 0, 3), (3, '?', 2, 0, 3), (3, '?', 2, 0, 3), (3, '?', 2, 0, 3)]"
"(6, 2, 4, 11, 11, 0)","[(3, '?', 2, 0, 1), (3, '?', 2, 0, 1), (3, '?', 2, 0, 1), (3, '?', 2, 0, 1), (3, '?', 2, 0, 1), (3, '?', 2, 0, 1)]"
"(6, 2, 4, 11, 13, 0)","[(3, '?', 2, 0, 0), (3, '?', 2, 0, 0), (3, '?', 2, 0, 0), (3, '?', 2, 0, 0), (3, '?', 2, 0, 0), (3, '?', 2, 0, 0)]"
"(6, 2, 7, 3, 3, 0)","[('?', '?', 0, 0, '?'), ('?', '?', 0, 0, '?'), ('?', '?', 0, 0, 1), ('?', '?', 0, 0, '?'), ('?', '?', 0, 0, '?'), ('?', '?', 0, 0, '?'), ('?', '?', 0, 0, '?'), ('?', '?', 0, 0, '?'), ('?', '?', 0, 0, 1), ('?', '?', 0, 0, 2), ('?', '?', 0, 0, '?')]"
"(6, 2, 7, 3, 6, 0)","[(3, '?', 0, 0, 3)]"
"(6, 2, 7, 3, 11, 0)","[('?', '?', 0, 0, 1), ('?', '?', 0, 0, 1), ('?', '?', 0, 0, 1), (3, '?', 0, 0, 1), ('?', '?', 0, 0, 1)]"
"(6, 2, 7, 3, 13, 0)","[('?', '?', 0, 0, 0), ('?', '?', 0, 0, 0), ('?', '?', 0, 0, 0), ('?', '?', 0, 0, 0), ('?', '?', 0, 0, 0), ('?', '?', 0, 0, 0), ('?', '?', 0, 0, 0)]"
"(6, 2, 7, 4, 4, 0)","[(0, '?', 0, 0, 2), (0, '?', 0, 0, 2), (0, '?', 0, 0, 2), (0, '?', 0, 0, 2), (0, '?', 0, 0, 2), (0, '?', 0, 0, 2), (0, '?', 0, 0, 2)]"
"(6, 2, 7, 4, 6, 0)","[(3, '?', 0, 0, 3)]"
"(6, 2, 7, 4, 11, 0)","[(3, '?', 0, 0, 1)]"
"(6, 2, 7, 4, 13, 0)","[(3, '?', 0, 0, 0), (3, '?', 0, 0, 0)]"
"(6, 2, 7, 6, 3, 0)","[('?', '?', 0, 0, 2), ('?', '?', 0, 0, 2), ('?', '?', 0, 0, 2), (3, '?', 0, 0, 2), ('?', '?', 0, 0, 2), ('?', '?', 0, 0, 2), ('?', '?', 0, 0, 2), ('?', '?', 0, 0, 2), ('?', '?', 0, 0, 2)]"
"(6, 2, 7, 6, 4, 0)","[(0, '?', 0, 0, 2)]"
"(6, 2, 7, 6, 9, 0)","[(1, '?', 0, 0, 2), (1, '?', 0, 0, 2), (1, '?', 0, 0, 2), (1, '?', 0, 0, 2), (1, '?', 0, 0, 2), (1, '?', 0, 0, 2), (1, '?', 0, 0, 2), (1, '?', 0, 0, 2)]"
"(6, 2, 7, 6, 14, 0)","[(2, '?', 0, 0, 2), (2, '?', 0, 0, 2), (2, '?', 0, 0, 2)]"
"(6, 2, 7, 8, 3, 0)","[(0, '?', 0, 0, '?'), (0, '?', 0, 0, '?'), (0, '?', 0, 0, '?'), (0, '?', 0, 0, '?'), (0, '?', 0, 0, '?'), (0, '?', 0, 0, '?'), (0, '?', 0, 0, '?')]"
"(6, 2, 7, 8, 13, 0)","[(0, '?', 0, 0, 0), (0, '?', 0, 0, 0), (0, '?', 0, 0, 0), (0, '?', 0, 0, 0), (0, 1, 0, 0, 0), (0, '?', 0, 0, 0), (0, '?', 0, 0, 0), (0, '?', 0, 0, 0), (0, '?', 0, 0, 0)]"
"(6, 2, 7, 9, 3, 0)","[(1, '?', 0, 0, '?'), (1, '?', 0, 0, '?'), (1, '?', 0, 0, '?'), (1, '?', 0, 0, '?'), (1, '?', 0, 0, 0), (1, '?', 0, 0, '?'), (1, '?', 0, 0, '?')]"
"(6, 2, 7, 9, 11, 0)","[(1, '?', 0, 0, 1), (1, '?', 0, 0, 1), (1, '?', 0, 0, 1), (1, '?', 0, 0, 1), (1, '?', 0, 0, 1), (1, '?', 0, 0, 1)]"
"(6, 2, 7, 9, 13, 0)","[(1, '?', 0, 0, 0), (1, '?', 0, 0, 0), (1, '?', 0, 0, 0), (1, '?', 0, 0, 0), (1, '?', 0, 0, 0), (1, '?', 0, 0, 0), (1, '?', 0, 0, 0), (1, '?', 0, 0, 0)]"
"(6, 2, 7, 14, 3, 0)","[(2, '?', 0, 0, 2), (2, '?', 0, 0, '?'), (2, '?', 0, 0, '?'), (2, '?', 0, 0, '?'), (2, '?', 0, 0, '?'), (2, '?', 0, 0, 2), (2, '?', 0, 0, '?'), (2, '?', 0, 0, '?'), (2, '?', 0, 0, '?')]"
"(6, 2, 7, 14, 6, 0)","[(2, '?', 0, 0, 3), (2, '?', 0, 0, 3), (2, '?', 0, 0, 3), (2, '?', 0, 0, 3), (2, '?', 0, 0, 3)]"
"(6, 2, 7, 14, 11, 0)","[(2, '?', 0, 0, 1), (2, '?', 0, 0, 1), (2, '?', 0, 0, 1), (2, '?', 0, 0, 1), (2, '?', 0, 0, 1), (2, '?', 0, 0, 1)]"
"(6, 2, 7, 14, 13, 0)","[(2, '?', 0, 0, 0), (2, '?', 0, 0, 0), (2, '?', 0, 0, 0), (2, '?', 0, 0, 0), (2, '?', 0, 0, 0), (2, '?', 0, 0, 0), (2, '?', 0, 0, 0)]"
"(6, 2, 9, 3, 9, 0)","[(1, '?', '?', 0, '?')]"
"(6, 2, 9, 3, 11, 0)","[(1, '?', '?', 0, 1), (1, '?', '?', 0, 1), (1, '?', '?', 0, 1)]"
"(6, 2, 9, 6, 3, 0)","[(1, '?', '?', 0, 2)]"
"(6, 2, 9, 9, 3, 0)","[(1, '?', 3, 0, '?')]"
"(6, 2, 9, 9, 13, 0)","[(1, '?', '?', 0, 0)]"
"(6, 2, 10, 3, 6, 0)","[('?', '?', 1, 0, 3)]"
"(6, 2, 10, 6, 3, 0)","[('?', '?', 1, 0, 2), ('?', '?', 1, 0, 2), ('?', '?', 1, 0, 2), (2, '?', 1, 0, 2), ('?', '?', 1, 0, 2), ('?', '?', 1, 0, 2), ('?', '?', 1, 0, 2), ('?', '?', 1, 0, 2), ('?', '?', 1, 0, 2)]"
"(6, 2, 10, 6, 9, 0)","[(1, '?', 1, 0, 2), (1, '?', 1, 0, 2), (1, '?', 1, 0, 2), (1, '?', 1, 0, 2), (1, '?', 1, 0, 2), (1, '?', 1, 0, 2), (1, '?', 1, 0, 2)]"
"(6, 2, 10, 6, 14, 0)","[(2, '?', 1, 0, 2), (2, '?', 1, 0, 2), (2, '?', 1, 0, 2), (2, '?', 1, 0, 2), (2, '?', 1, 0, 2), (2, '?', 1, 0, 2), (2, '?', 1, 0, 2)]"
"(6, 2, 10, 8, 3, 0)","[(0, '?', 1, 0, '?'), (0, '?', 1, 0, '?'), (0, '?', 1, 0, '?'), (0, '?', 1, 0, '?'), (0, '?', 1, 0, '?'), (0, '?', 1, 0, '?'), (0, '?', 1, 0, 1)]"
"(6, 2, 10, 8, 6, 0)","[(0, '?', 1, 0, 3), (0, '?', 1, 0, 3), (0, '?', 1, 0, 3), (0, '?', 1, 0, 3), (0, '?', 1, 0, 3), (0, '?', 1, 0, 3), (0, '?', 1, 0, 3), (0, '?', 1, 0, 3)]"
"(6, 2, 10, 8, 11, 0)","[(0, '?', 1, 0, 1), (0, '?', 1, 0, 1), (0, '?', 1, 0, 1), (0, '?', 1, 0, 1), (0, '?', 1, 0, 1), (0, '?', 1, 0, 1), (0, '?', 1, 0, 1)]"
"(6, 2, 10, 8, 13, 0)","[(0, '?', 1, 0, 0), (0, '?', 1, 0, 0), (0, '?', 1, 0, 0), (0, '?', 1, 0, 0), (0, '?', 1, 0, 0), (0, '?', 1, 0, 0)]"
"(6, 2, 10, 9, 3, 0)","[(1, '?', 1, 0, '?'), (1, '?', 1, 0, '?'), (1, '?', 1, 0, '?'), (1, '?', 1, 0, '?'), (1, '?', 1, 0, '?'), (1, '?', 1, 0, '?'), (1, '?', 1, 0, '?'), (1, '?', 1, 0, '?'), (1, '?', 1, 0, '?')]"
"(6, 2, 10, 9, 6, 0)","[(1, '?', 1, 0, 3), (1, '?', 1, 0, 3), (1, '?', 1, 0, 3), (1, '?', 1, 0, 3), (1, '?', 1, 0, 3), (1, '?', 1, 0, 3)]"
"(6, 2, 10, 9, 13, 0)","[(1, '?', 1, 0, 0), (1, '?', 1, 0, 0), (1, '?', 1, 0, 0), (1, '?', 1, 0, 0), (1, '?', 1, 0, 0), (1, '?', 1, 0, 0)]"
"(6, 2, 10, 10, 3, 0)","[('?', '?', 1, 0, 1), (3, '?', 1, 0, '?')]"
"(6, 2, 10, 10, 6, 0)","[('?', '?', 1, 0, 3), ('?', '?', 1, 0, 3), ('?', '?', 1, 0, 3), ('?', '?', 1, 0, 3), ('?', '?', 1, 0, 3), (3, '?', 1, 0, 3), ('?', '?', 1, 0, 3), ('?', '?', 1, 0, 3), ('?', '?', 1, 0, 3)]"
"(6, 2, 10, 10, 11, 0)","[('?', '?', 1, 0, 1), ('?', '?', 1, 0, 1), ('?', '?', 1, 0, 1), ('?', '?', 1, 0, 1), ('?', '?', 1, 0, 1), ('?', '?', 1, 0, 1)]"
"(6, 2, 10, 14, 3, 0)","[(2, '?', 1, 0, '?'), (2, '?', 1, 0, '?'), (2, '?', 1, 0, '?'), (2, '?', 1, 0, '?'), (2, '?', 1, 0, 1), (2, '?', 1, 0, '?'), (2, '?', 1, 0, '?'), (2, '?', 1, 0, '?'), (2, '?', 1, 0, '?')]"
"(6, 2, 10, 14, 11, 0)","[(2, '?', 1, 0, 1), (2, '?', 1, 0, 1), (2, '?', 1, 0, 1), (2, '?', 1, 0, 1), (2, '?', 1, 0, 1), (2, '?', 1, 0, 1), (2, '?', 1, 0, 1)]"
"(6, 2, 11, 3, 3, 0)","[('?', '?', 2, 0, 2), ('?', '?', 2, 0, '?'), ('?', '?', 2, 0, '?'), ('?', '?', 2, 0, '?'), ('?', '?', 2, 0, 2), ('?', '?', 2, 0, 2), ('?', '?', 2, 0, 2), ('?', '?', 2, 0, '?'), (3, '?', 2, 0, '?'), ('?', '?', 2, 0, '?'), ('?', '?', 2, 0, '?'), ('?', '?', 2, 0, '?')]"
"(6, 2, 11, 3, 6, 0)","[('?', '?', 2, 0, 3), ('?', '?', 2, 0, 3), ('?', '?', 2, 0, 3), ('?', '?', 2, 0, 3), ('?', '?', 2, 0, 3), ('?', '?', 2, 0, 3), ('?', '?', 2, 0, 3)]"
"(6, 2, 11, 3, 11, 0)","[(3, '?', 2, 0, 1), (0, '?', 2, 0, 1)]"
"(6, 2, 11, 3, 13, 0)","[('?', '?', 2, 0, 0), ('?', '?', 2, 0, 0), ('?', '?', 2, 0, 0), ('?', '?', 2, 0, 0), ('?', '?', 2, 0, 0), ('?', '?', 2, 0, 0), ('?', '?', 2, 0, 0), ('?', '?', 2, 0, 0), ('?', '?', 2, 0, '?')]"
"(6, 2, 11, 4, 4, 0)","[(0, '?', 2, 0, 2), (0, '?', 2, 0, 2), (0, '?', 2, 0, 2), (0, '?', 2, 0, 2), (0, '?', 2, 0, 2), (0, '?', 2, 0, 2), (0, '?', 2, 0, 2), (0, '?', 2, 0, 2)]"
"(6, 2, 11, 6, 3, 0)","[('?', '?', 2, 0, 2), ('?', '?', 2, 0, 2), ('?', '?', 2, 0, 2)]"
"(6, 2, 11, 6, 9, 0)","[(1, '?', 2, 0, 2), (1, '?', 2, 0, 2)]"
"(6, 2, 11, 6, 14, 0)","[(2, '?', 2, 0, 2), (2, '?', 2, 0, 2), (2, '?', 2, 0, 2), (2, '?', 2, 0, 2), (2, '?', 2, 0, 2)]"
"(6, 2, 11, 8, 3, 0)","[(0, '?', 2, 0, '?'), (0, '?', 2, 0, 2), (0, '?', 2, 0, '?'), (0, '?', 2, 0, '?'), (0, '?', 2, 0, '?'), (0, '?', 2, 0, '?'), (0, '?', 2, 0, '?'), (0, '?', 2, 0, '?')]"
"(6, 2, 11, 8, 6, 0)","[(0, '?', 2, 0, 3), (0, '?', 2, 0, 3), (0, '?', 2, 0, 3), (0, '?', 2, 0, 3), (0, '?', 2, 0, 3)]"
"(6, 2, 11, 8, 11, 0)","[(0, '?', 2, 0, 1), (0, '?', 2, 0, 1), (0, '?', 2, 0, 1), (0, '?', 2, 0, 1), (0, '?', 2, 0, 1), (0, '?', 2, 0, 1), (0, '?', 2, 0, 1), (0, '?', 2, 0, 1)]"
"(6, 2, 11, 8, 13, 0)","[(0, '?', 2, 0, 0), (0, '?', 2, 0, 0), (0, '?', 2, 0, 0), (0, '?', 2, 0, 0), (0, '?', 2, 0, 0)]"
"(6, 2, 11, 9, 3, 0)","[(1, '?', 2, 0, 2), (1, '?', 2, 0, 2), (1, '?', 2, 0, 2), (1, '?', 2, 0, '?'), (1, '?', 2, 0, 1), (1, '?', 2, 0, '?'), (1, '?', 2, 0, '?'), (1, '?', 2, 0, 2), (1, '?', 2, 0, '?'), (1, '?', 2, 0, '?'), (1, '?', 2, 0, 1), (1, '?', 2, 0, '?'), (1, '?', 2, 0, 2)]"
"(6, 2, 11, 9, 6, 0)","[(1, '?', 2, 0, 3), (1, '?', 2, 0, 3), (1, '?', 2, 0, 3), (1, '?', 2, 0, 3), (1, '?', 2, 0, 3), (1, '?', 2, 0, 3), (1, '?', 2, 0, 3), (1, '?', 2, 0, 3)]"
"(6, 2, 11, 9, 9, 0)","[(1, '?', 2, 0, '?')]"
"(6, 2, 11, 9, 11, 0)","[(1, '?', 2, 0, 1), (1, '?', 2, 0, 1), (1, '?', 2, 0, 1), (1, '?', 2, 0, 1), (1, '?', 2, 0, 1), (1, '?', 2, 0, 1), (1, '?', 2, 0, 1)]"
"(6, 2, 11, 11, 3, 0)","[(3, '?', 2, 0, '?')]"
"(6, 2, 11, 14, 3, 0)","[(2, '?', 2, 0, 3), (2, '?', 2, 0, 3), (2, '?', 2, 0, 2), (2, '?', 2, 0, '?'), (2, '?', 2, 0, '?'), (2, '?', 2, 0, 3), (2, '?', 2, 0, '?'), (2, '?', 2, 0, '?'), (2, '?', 2, 0, '?'), (2, '?', 2, 0, '?'), (2, '?', 2, 0, 3), (2, '?', 2, 0, '?'), (2, '?', 2, 0, '?'), (2, '?', 2, 0, 2), (2, '?', 2, 0, 3)]"
"(6, 2, 11, 14, 6, 0)","[(2, '?', 2, 0, 3), (2, '?', 2, 0, 3), (2, '?', 2, 0, 3), (2, '?', 2, 0, 3)]"
"(6, 2, 11, 14, 11, 0)","[(2, '?', 2, 0, 1), (2, '?', 2, 0, 1), (2, '?', 2, 0, 1), (2, '?', 2, 0, 1), (2, '?', 2, 0, 1), (2, '?', 2, 0, 1), (2, '?', 2, 0, 1)]"
"(6, 2, 11, 14, 13, 0)","[(2, '?', 2, 0, 0), (2, '?', 2, 0, 0), (2, '?', 2, 0, 0), (2, '?', 2, 0, 0), (2, '?', 2, 0, 0)]"
"(6, 2, 14, 1, 6, 0)","[(2, '?', 3, 0, 3)]"
"(6, 2, 14, 1, 14, 0)","[(2, '?', 3, 0, '?')]"
"(6, 2, 14, 3, 11, 0)","[(2, '?', '?', 0, 1)]"
"(6, 2, 14, 3, 13, 0)","[(2, '?', '?', 0, 0), (2, '?', '?', 0, 0), (2, '?', '?', 0, 0)]"
"(6, 2, 14, 3, 14, 0)","[(2, '?', '?', 0, 2)]"
"(6, 2, 14, 6, 6, 0)","[(2, '?', '?', 0, 2), (2, '?', '?', 0, 2)]"
"(6, 2, 14, 6, 14, 0)","[(2, '?', '?', 0, 2)]"
"(6, 2, 14, 14, 11, 0)","[(2, '?', '?', 0, 1)]"
"(6, 2, 14, 14, 13, 0)","[(2, '?', '?', 0, 0), (2, '?', '?', 0, 0)]"
"(6, 3, 1, 7, 7, 0)","[('?', 2, 3, 3, '?')]"
"(6, 3, 1, 8, 6, 0)","[(0, '?', 3, 2, 3)]"
"(6, 3, 1, 9, 13, 0)","[(1, '?', 3, 2, 0), (1, 2, 3, 2, 0), (1, '?', 3, 2, 0)]"
"(6, 3, 3, 3, 3, 0)","[('?', '?', '?', 2, '?'), ('?', '?', '?', 2, '?'), ('?', '?', '?', 2, '?'), ('?', '?', '?', 2, '?'), ('?', '?', '?', 2, '?'), ('?', '?', '?', 2, '?'), ('?', '?', '?', 2, '?'), ('?', '?', '?', 2, '?')]"
"(6, 3, 3, 3, 6, 0)","[('?', '?', '?', 2, 3), ('?', '?', '?', 2, 3), ('?', '?', '?', 2, 3), ('?', '?', '?', 2, 3), ('?', '?', '?', 2, 3), ('?', '?', '?', 2, 3), ('?', '?', '?', 2, 3)]"
"(6, 3, 3, 3, 11, 0)","[('?', '?', '?', 2, 1), ('?', '?', '?', 2, 1), ('?', '?', '?', 2, 1), ('?', '?', '?', 2, 1), ('?', '?', '?', 2, 1), ('?', '?', '?', 2, 1), ('?', '?', '?', 2, 1), ('?', 3, '?', 2, 1), ('?', '?', '?', 2, 1)]"
"(6, 3, 3, 3, 13, 0)","[('?', '?', '?', 2, 0), ('?', '?', '?', 2, 0), ('?', '?', '?', 2, 0), ('?', '?', '?', 2, 0), ('?', '?', '?', 2, 0), ('?', '?', '?', 2, 0), ('?', '?', '?', 2, 0), ('?', '?', '?', 2, 0), ('?', '?', 2, 2, 0), ('?', '?', '?', 2, 0)]"
"(6, 3, 3, 4, 4, 0)","[(0, '?', '?', 2, 2)]"
"(6, 3, 3, 4, 7, 0)","[(0, '?', '?', 3, 2)]"
"(6, 3, 3, 6, 3, 0)","[('?', '?', '?', 2, 2), ('?', '?', '?', 2, 2), (1, '?', '?', 2, 2), ('?', '?', '?', 2, 2)]"
"(6, 3, 3, 6, 7, 0)","[('?', '?', 1, 3, 2)]"
"(6, 3, 3, 6, 9, 0)","[(1, '?', '?', 2, 2), (1, '?', '?', 2, 2), (1, '?', '?', 2, 2), (1, '?', '?', 2, 2), (1, '?', '?', 2, 2), (1, '?', '?', 2, 2)]"
"(6, 3, 3, 6, 14, 0)","[(2, '?', '?', 2, 2), (2, '?', '?', 2, 2), (2, '?', '?', 2, 2), (2, '?', '?', 2, 2)]"
"(6, 3, 3, 7, 6, 0)","[('?', '?', '?', 3, 3), ('?', '?', '?', 3, 3), ('?', '?', '?', 3, 3), ('?', '?', '?', 3, 3)]"
"(6, 3, 3, 7, 7, 0)","[('?', '?', '?', 3, '?'), ('?', '?', '?', 3, 1), ('?', '?', '?', 3, 1), ('?', '?', '?', 3, '?'), ('?', '?', '?', 3, '?'), ('?', 2, 1, 3, 1), ('?', '?', '?', 3, '?'), ('?', '?', '?', 3, '?'), ('?', '?', '?', 3, '?')]"
"(6, 3, 3, 7, 11, 0)","[('?', '?', '?', 3, 1), ('?', '?', '?', 3, 1), ('?', '?', '?', 3, 1), ('?', '?', '?', 3, 1)]"
"(6, 3, 3, 7, 13, 0)","[('?', '?', '?', 3, 0), ('?', '?', '?', 3, 0), ('?', '?', '?', 3, 0), ('?', '?', '?', 3, 0)]"
"(6, 3, 3, 8, 6, 0)","[(0, '?', '?', 2, 3), (0, '?', '?', 2, 3), (0, '?', '?', 2, 3), (0, '?', '?', 2, 3), (0, '?', '?', 2, 3), (0, '?', '?', 2, 3)]"
"(6, 3, 3, 8, 7, 0)","[(0, '?', '?', 3, 1)]"
"(6, 3, 3, 8, 11, 0)","[(0, '?', '?', 2, 1), (0, '?', '?', 2, 1), (0, '?', '?', 2, 1)]"
"(6, 3, 3, 8, 13, 0)","[(0, '?', '?', 2, 0)]"
"(6, 3, 3, 9, 3, 0)","[(1, '?', '?', 2, '?'), (1, '?', '?', 2, '?'), (1, '?', '?', 2, '?'), (1, '?', '?', 2, '?'), (1, '?', '?', 2, '?')]"
"(6, 3, 3, 9, 6, 0)","[(1, '?', '?', 2, 3), (1, '?', '?', 2, 3), (1, '?', '?', 2, 3), (1, '?', '?', 2, 3), (1, '?', '?', 2, 3), (1, '?', '?', 2, 3), (1, '?', '?', 2, 3)]"
"(6, 3, 3, 9, 11, 0)","[(1, '?', '?', 2, 1), (1, '?', '?', 2, 1), (1, '?', '?', 2, 1), (1, '?', '?', 2, 1), (1, '?', '?', 2, 1), (1, '?', '?', 2, 1)]"
"(6, 3, 3, 9, 13, 0)","[(1, '?', '?', 2, 0), (1, '?', '?', 2, 0), (1, '?', '?', 2, 0), (1, '?', '?', 2, 0), (1, '?', '?', 2, 0), (1, '?', '?', 2, 0), (1, '?', '?', 2, 0)]"
"(6, 3, 3, 14, 6, 0)","[(2, '?', '?', 2, 3), (2, '?', '?', 2, 3), (2, '?', '?', 2, 3)]"
"(6, 3, 6, 3, 3, 0)","[('?', '?', '?', 2, 2), ('?', '?', '?', 2, 2)]"
"(6, 3, 6, 3, 14, 0)","[(2, '?', '?', 2, 2)]"
"(6, 3, 6, 6, 3, 0)","[('?', '?', '?', 2, 2), ('?', '?', '?', 2, 2), (2, '?', '?', 2, 2), ('?', '?', '?', 2, 2)]"
"(6, 3, 6, 14, 3, 0)","[(2, '?', '?', 2, 2)]"
"(6, 3, 7, 7, 3, 0)","[('?', '?', 0, 3, '?')]"
"(6, 3, 7, 7, 6, 0)","[('?', '?', 0, 3, 3)]"
"(6, 3, 7, 7, 7, 0)","[('?', '?', 0, 3, 1)]"
"(6, 3, 7, 7, 13, 0)","[('?', '?', 0, 3, 0)]"
"(6, 3, 7, 8, 13, 0)","[(0, 1, 0, '?', 0)]"
"(6, 3, 7, 14, 3, 0)","[(2, '?', 0, 2, '?')]"
"(6, 3, 8, 6, 7, 0)","[(0, 3, '?', 3, 2), (0, '?', '?', 3, 2), (0, '?', '?', 3, 2), (0, '?', '?', 3, 2), (0, '?', '?', 3, 2), (0, '?', '?', 3, 2)]"
"(6, 3, 8, 7, 6, 0)","[(0, '?', '?', 3, 3), (0, '?', '?', 3, 3), (0, '?', '?', 3, 3)]"
"(6, 3, 8, 7, 7, 0)","[(0, '?', '?', 3, '?'), (0, '?', '?', 3, 1)]"
"(6, 3, 8, 7, 8, 0)","[(0, '?', '?', 3, '?'), (0, '?', '?', 3, '?'), (0, '?', '?', 3, '?'), (0, '?', '?', 3, '?')]"
"(6, 3, 8, 7, 11, 0)","[(0, '?', '?', 3, 1), (0, '?', '?', 3, 1)]"
"(6, 3, 8, 8, 6, 0)","[(0, '?', '?', 3, 3), (0, '?', '?', 2, 3)]"
"(6, 3, 8, 8, 7, 0)","[(0, '?', '?', 3, '?')]"
"(6, 3, 10, 3, 3, 0)","[('?', '?', 1, 2, '?')]"
"(6, 3, 10, 3, 6, 0)","[('?', '?', 1, 2, 3), ('?', '?', 1, 2, 3), ('?', '?', 1, 2, 3), ('?', '?', 1, 2, 3)]"
"(6, 3, 10, 3, 13, 0)","[('?', '?', 1, 2, 0), ('?', '?', 1, 2, 0)]"
"(6, 3, 10, 6, 3, 0)","[('?', '?', 1, 2, 2)]"
"(6, 3, 10, 6, 7, 0)","[('?', 2, 1, 3, 2)]"
"(6, 3, 10, 6, 9, 0)","[(1, '?', 1, 2, 2)]"
"(6, 3, 10, 6, 14, 0)","[(2, '?', 1, 2, 2)]"
"(6, 3, 10, 7, 6, 0)","[('?', '?', 1, 3, 3), ('?', '?', 1, 3, 3), ('?', '?', 1, 3, 3), ('?', '?', 1, 3, 3)]"
"(6, 3, 10, 7, 7, 0)","[('?', '?', 1, 3, '?'), ('?', '?', 1, 3, '?')]"
"(6, 3, 10, 7, 11, 0)","[('?', '?', 1, 3, 1)]"
"(6, 3, 10, 7, 13, 0)","[('?', 2, 1, 3, 0)]"
"(6, 3, 10, 8, 3, 0)","[(0, '?', 1, 2, '?'), (0, '?', 1, 2, '?')]"
"(6, 3, 10, 8, 7, 0)","[(0, '?', 1, 3, 0)]"
"(6, 3, 10, 8, 13, 0)","[(0, '?', 1, 2, 0)]"
"(6, 3, 10, 9, 3, 0)","[(1, '?', 1, 2, '?'), (1, '?', 1, 2, '?'), (1, '?', 1, 2, '?'), (1, '?', 1, 2, '?'), (1, '?', 1, 2, '?'), (1, '?', 1, 2, '?')]"
"(6, 3, 10, 9, 6, 0)","[(1, '?', 1, 2, 3), (1, '?', 1, 2, 3), (1, '?', 1, 2, 3)]"
"(6, 3, 10, 9, 11, 0)","[(1, '?', 1, 2, 1), (1, '?', 1, 2, 1), (1, '?', 1, 2, 1), (1, '?', 1, 2, 1), (1, '?', 1, 2, 1), (1, '?', 1, 2, 1), (1, '?', 1, 2, 1)]"
"(6, 3, 10, 10, 6, 0)","[('?', '?', 1, 2, 3)]"
"(6, 3, 10, 10, 11, 0)","[('?', '?', 1, 2, 1), ('?', '?', 1, 2, 1), ('?', '?', 1, 2, 1), ('?', '?', 1, 2, 1), ('?', '?', 1, 2, 1), ('?', '?', 1, 2, 1), ('?', '?', 1, 2, 1), ('?', '?', 1, 2, 1)]"
"(6, 3, 10, 10, 13, 0)","[('?', '?', 1, 2, 0), ('?', '?', 1, 2, 0)]"
"(6, 3, 10, 14, 6, 0)","[(2, '?', 1, 2, 3), (2, '?', 1, 2, 3)]"
"(6, 3, 10, 14, 11, 0)","[(2, '?', 1, 2, 1)]"
"(6, 3, 11, 3, 6, 0)","[('?', '?', 2, 2, 3)]"
"(6, 3, 11, 3, 11, 0)","[('?', '?', 2, 2, 1), ('?', '?', 2, 2, 1)]"
"(6, 3, 11, 8, 3, 0)","[(0, '?', 2, 2, '?')]"
"(6, 3, 11, 14, 3, 0)","[(2, 1, 2, '?', '?')]"
"(6, 3, 14, 3, 6, 0)","[(2, '?', '?', 2, 3), (2, '?', '?', 2, 3), (2, '?', '?', 2, 3), (2, '?', '?', 2, 3)]"
"(6, 4, 1, 3, 11, 0)","[(3, '?', 3, 2, 1), (3, '?', 3, 2, 1), (3, '?', 3, 2, 1)]"
"(6, 4, 1, 6, 3, 0)","[(3, '?', 3, '?', 2)]"
"(6, 4, 1, 6, 7, 0)","[(3, '?', 3, 3, 2)]"
"(6, 4, 1, 7, 6, 0)","[(3, '?', 3, 3, 3), (3, '?', 3, 3, 3), (3, '?', 3, 3, 3)]"
"(6, 4, 1, 7, 7, 0)","[(3, '?', 3, 3, 1)]"
"(6, 4, 1, 7, 11, 0)","[(3, '?', 3, 3, 1)]"
"(6, 4, 1, 7, 13, 0)","[(3, '?', 3, 3, 0), (3, '?', 3, 3, 0), (3, '?', 3, 3, 0), (3, '?', 3, 3, 0)]"
"(6, 4, 1, 8, 3, 0)","[(0, '?', 3, 2, 1)]"
"(6, 4, 1, 8, 6, 0)","[(0, '?', 3, 2, 3), (0, '?', 3, 2, 3)]"
"(6, 4, 3, 3, 6, 0)","[(3, '?', '?', 2, 3)]"
"(6, 4, 3, 4, 4, 0)","[(0, '?', '?', 2, 2), (0, '?', '?', 2, 2), (0, '?', '?', 2, 2)]"
"(6, 4, 3, 7, 7, 0)","[(3, '?', 1, 3, 1), (3, '?', '?', 3, '?'), (3, '?', '?', 3, 1), (3, '?', 1, 3, 1)]"
"(6, 4, 3, 8, 6, 0)","[(0, '?', '?', 2, 3)]"
"(6, 4, 3, 8, 11, 0)","[(0, '?', '?', 2, 1), (0, '?', '?', 2, 1)]"
"(6, 4, 3, 8, 13, 0)","[(0, '?', '?', 2, 0), (0, '?', '?', 2, 0), (0, '?', '?', 2, 0)]"
"(6, 4, 4, 1, 3, 0)","[(3, '?', 3, '?', '?'), (3, '?', 3, '?', '?'), (3, '?', 3, '?', '?'), (3, '?', 3, '?', '?'), (3, '?', 3, '?', '?'), (3, '?', 3, '?', '?'), (3, '?', 3, '?', 0), (3, '?', 3, '?', '?'), (3, '?', 3, '?', '?'), (3, '?', 3, '?', '?')]"
"(6, 4, 4, 1, 6, 0)","[(3, '?', 3, 3, 3)]"
"(6, 4, 4, 1, 7, 0)","[(3, '?', 3, 3, 1), (3, '?', 3, 3, 1)]"
"(6, 4, 4, 1, 11, 0)","[(3, '?', 3, '?', 1), (3, '?', 3, '?', 1), (3, '?', 3, '?', 1), (3, '?', 3, '?', 1), (3, '?', 3, '?', 1)]"
"(6, 4, 4, 1, 13, 0)","[(3, '?', 3, '?', 0), (3, '?', 3, '?', 0), (3, '?', 3, '?', 0), (3, '?', 3, '?', 0), (3, '?', 3, '?', 0)]"
"(6, 4, 4, 3, 3, 0)","[(3, '?', '?', '?', '?'), (3, '?', '?', '?', '?'), (3, '?', '?', '?', '?'), (3, '?', '?', '?', '?'), (3, '?', '?', '?', '?'), (3, '?', '?', '?', '?'), (3, '?', '?', '?', '?'), (3, '?', '?', '?', '?')]"
"(6, 4, 4, 3, 6, 0)","[(3, '?', '?', '?', 3), (3, '?', '?', '?', 3), (3, '?', '?', '?', 3), (3, '?', '?', '?', 3), (3, '?', '?', '?', 3), (3, '?', '?', '?', 3), (3, '?', '?', '?', 3), (3, '?', 0, 0, 3)]"
"(6, 4, 4, 3, 11, 0)","[(3, '?', '?', '?', 1), (3, '?', '?', '?', 1), (3, '?', '?', '?', 1), (3, '?', '?', '?', 1), (3, '?', '?', '?', 1), (3, '?', '?', '?', 1), (3, '?', '?', '?', 1), (3, '?', '?', '?', 1), (3, '?', '?', '?', 1)]"
"(6, 4, 4, 3, 13, 0)","[(3, '?', '?', '?', 0), (3, '?', '?', '?', 0), (3, '?', '?', '?', 0), (3, '?', '?', '?', 0), (3, '?', '?', '?', 0), (3, '?', '?', '?', 0), (3, '?', '?', '?', 0), (3, '?', '?', '?', 0)]"
"(6, 4, 4, 4, 4, 0)","[(0, '?', '?', 2, 2)]"
"(6, 4, 4, 6, 1, 0)","[(3, '?', 3, '?', 2), (3, '?', 3, '?', 2), (3, '?', 3, '?', 2), (3, '?', 3, '?', 2), (3, '?', 3, '?', 2), (3, '?', 3, '?', 2), (3, '?', 3, 3, 2), (3, '?', 3, '?', 2), (3, '?', 3, '?', 2)]"
"(6, 4, 4, 6, 10, 0)","[(3, '?', 1, '?', 2), (3, '?', 1, '?', 2), (3, '?', 1, '?', 2), (3, '?', 1, '?', 2), (3, '?', 1, '?', 2), (3, '?', 1, '?', 2), (3, '?', 1, '?', 2), (3, '?', 1, '?', 2)]"
"(6, 4, 4, 6, 11, 0)","[(3, '?', 2, '?', 2), (3, '?', 2, 2, 2), (3, '?', 2, '?', 2), (3, '?', 2, '?', 2), (3, '?', 2, '?', 2), (3, '?', 2, '?', 2)]"
"(6, 4, 4, 7, 6, 0)","[(3, '?', 3, 3, 3)]"
"(6, 4, 4, 7, 11, 0)","[(3, '?', '?', 3, 1)]"
"(6, 4, 4, 10, 3, 0)","[(3, '?', 1, '?', '?'), (3, '?', 1, '?', '?'), (3, '?', 1, '?', '?'), (3, '?', 1, '?', '?'), (3, '?', 1, '?', '?'), (3, '?', 1, '?', '?'), (3, '?', 1, '?', '?'), (3, '?', 1, '?', '?')]"
"(6, 4, 4, 10, 6, 0)","[(3, '?', 1, '?', 3), (3, '?', 1, '?', 3), (3, '?', 1, '?', 3), (3, '?', 1, '?', 3), (3, '?', 1, '?', 3), (3, '?', 1, '?', 3), (3, '?', 1, '?', 3)]"
"(6, 4, 4, 10, 11, 0)","[(3, '?', 1, '?', 1), (3, '?', 1, '?', 1), (3, '?', 1, '?', 1), (3, '?', 1, '?', 1), (3, '?', 1, '?', 1), (3, '?', 1, '?', 1)]"
"(6, 4, 4, 10, 13, 0)","[(3, '?', 1, '?', 0), (3, '?', 1, '?', 0), (3, '?', 1, '?', 0), (3, '?', 1, '?', 0), (3, '?', 1, '?', 0)]"
"(6, 4, 4, 11, 3, 0)","[(3, '?', 2, '?', '?'), (3, '?', 2, '?', '?'), (3, '?', 2, '?', '?'), (3, '?', 2, '?', '?'), (3, '?', 2, '?', '?'), (3, '?', 2, '?', '?'), (3, '?', 2, '?', '?')]"
"(6, 4, 4, 11, 6, 0)","[(3, '?', 2, '?', 3), (3, '?', 2, '?', 3), (3, '?', 2, '?', 3), (3, '?', 2, '?', 3), (3, '?', 2, '?', 3), (3, '?', 2, '?', 3), (3, '?', 2, '?', 3), (3, '?', 2, '?', 3)]"
"(6, 4, 4, 11, 11, 0)","[(3, '?', 2, '?', 1), (3, '?', 2, 3, 1), (3, '?', 2, '?', 1), (3, '?', 2, '?', 1)]"
"(6, 4, 4, 11, 13, 0)","[(3, '?', 2, '?', 0), (3, '?', 2, '?', 0), (3, '?', 2, '?', 0), (3, '?', 2, '?', 0), (3, '?', 2, '?', 0), (3, '?', 2, '?', 0), (3, '?', 2, '?', 0)]"
"(6, 4, 6, 6, 3, 0)","[(3, '?', '?', 2, 2)]"
"(6, 4, 6, 6, 11, 0)","[(3, '?', 2, 2, 2)]"
"(6, 4, 7, 3, 3, 0)","[(3, '?', 0, '?', '?'), (3, '?', 0, 1, '?'), (3, '?', 0, '?', '?'), (3, '?', 0, '?', 1), (3, '?', 0, '?', '?')]"
"(6, 4, 7, 3, 6, 0)","[(3, '?', 0, '?', 3), (3, '?', 0, '?', 3), (3, '?', 0, '?', 3), (3, '?', 0, '?', 3), (3, '?', 0, '?', 3), (3, '?', 0, '?', 3)]"
"(6, 4, 7, 3, 11, 0)","[(3, '?', 0, '?', 1), (3, '?', 0, '?', 1)]"
"(6, 4, 7, 3, 13, 0)","[(3, '?', 0, '?', 0), (3, '?', 0, '?', 0), (3, '?', 0, '?', 0), (3, '?', 0, 0, 0), (3, '?', 0, '?', 0), (3, '?', 0, '?', 0), (3, '?', 0, '?', 0), (3, '?', 0, '?', 0)]"
"(6, 4, 7, 4, 3, 0)","[(3, '?', 0, 1, '?'), (3, '?', 0, '?', '?')]"
"(6, 4, 7, 4, 6, 0)","[(3, '?', 0, '?', 3), (3, '?', 0, '?', 3)]"
"(6, 4, 7, 4, 11, 0)","[(3, '?', 0, '?', 1), (3, '?', 0, '?', 1)]"
"(6, 4, 7, 4, 13, 0)","[(3, '?', 0, '?', 0)]"
"(6, 4, 7, 6, 3, 0)","[(3, '?', 0, '?', 2), (3, '?', 0, '?', 2), (3, '?', 0, 2, 2), (3, '?', 0, 1, 2), (3, '?', 0, '?', 2), (3, '?', 0, 2, 2), (3, '?', 0, '?', 2), (3, '?', 0, '?', 2)]"
"(6, 4, 7, 6, 7, 0)","[(3, '?', 0, 3, 2), (3, 2, 0, 3, 2), (3, '?', 0, 3, 2), (3, '?', 0, 3, 2), (3, '?', 0, 3, 2), (3, '?', 0, 3, 2), (3, '?', 0, 3, 2)]"
"(6, 4, 7, 7, 3, 0)","[(3, '?', 0, 3, 1), (3, '?', 0, 3, 1)]"
"(6, 4, 7, 7, 6, 0)","[(3, 2, 0, 3, 3)]"
"(6, 4, 7, 7, 7, 0)","[(3, '?', 0, 3, '?'), (3, '?', 0, 3, 1), (3, '?', 0, 3, '?'), (3, '?', 0, 3, 1), (3, '?', 0, 3, 1), (3, '?', 0, 3, '?')]"
"(6, 4, 7, 7, 11, 0)","[(3, '?', 0, '?', 1), (3, '?', 0, 3, 1), (3, '?', 0, '?', 1)]"
"(6, 4, 7, 7, 13, 0)","[(3, 2, 0, 3, 0), (3, '?', 0, 3, 0), (3, '?', 0, 3, 0), (3, '?', 0, 3, 0)]"
"(6, 4, 7, 8, 3, 0)","[(0, '?', 0, 2, '?'), (0, '?', 0, 2, '?'), (0, '?', 0, 2, '?')]"
"(6, 4, 7, 8, 6, 0)","[(0, '?', 0, 2, 3)]"
"(6, 4, 7, 8, 13, 0)","[(0, '?', 0, 2, 0), (0, '?', 0, 2, 0), (0, '?', 0, 2, 0), (0, '?', 0, 2, 0), (0, '?', 0, 2, 0)]"
"(6, 4, 7, 9, 3, 0)","[(3, '?', 0, 2, '?')]"
"(6, 4, 10, 3, 11, 0)","[(3, '?', 1, '?', 1), (3, '?', 1, '?', 1)]"
"(6, 4, 10, 3, 13, 0)","[(3, '?', 1, 2, 0)]"
"(6, 4, 10, 7, 11, 0)","[(3, '?', 1, 3, 1), (3, '?', 1, 3, 1)]"
"(6, 4, 10, 7, 13, 0)","[(3, '?', 1, 3, 0), (3, '?', 1, 3, 0), (3, '?', 1, 3, 0), (3, '?', 1, 3, 0), (3, '?', 1, 3, 0)]"
"(6, 4, 10, 8, 13, 0)","[(0, '?', 1, 2, 0), (0, '?', 1, 2, 0), (0, '?', 1, 2, 0)]"
"(6, 4, 10, 10, 6, 0)","[(3, '?', 1, '?', 3), (3, '?', 1, 2, 3)]"
"(6, 4, 10, 10, 13, 0)","[(3, '?', 1, '?', 0), (3, '?', 1, '?', 0)]"
"(6, 4, 11, 3, 3, 0)","[(3, '?', 2, 2, '?')]"
"(6, 4, 11, 3, 11, 0)","[(3, '?', 2, '?', 1)]"
"(6, 4, 11, 6, 7, 0)","[(3, '?', 2, 3, 2), (3, '?', 2, 3, 2), (3, '?', 2, 3, 2), (3, '?', 2, 3, 2)]"
"(6, 4, 11, 7, 6, 0)","[(3, '?', 2, 3, 3), (3, '?', 2, 3, 3), (3, '?', 2, 3, 3), (3, '?', 2, 3, 3), (3, '?', 2, 3, 3)]"
"(6, 4, 11, 7, 7, 0)","[(3, '?', 2, 3, '?'), (3, '?', 2, 3, '?')]"
"(6, 4, 11, 7, 11, 0)","[(3, '?', 2, 3, 1), (3, '?', 2, 3, 1), (3, '?', 2, 3, 1)]"
"(6, 4, 11, 7, 13, 0)","[(3, '?', 2, 3, 0), (3, '?', 2, 3, 0), (3, '?', 2, 3, 0), (3, '?', 2, 3, 0)]"
"(6, 4, 11, 8, 3, 0)","[(0, '?', 2, 2, '?'), (0, '?', 2, 2, '?'), (0, '?', 2, 2, '?')]"
"(6, 4, 11, 8, 6, 0)","[(0, '?', 2, 2, 3), (0, '?', 2, 2, 3), (0, '?', 2, 2, 3)]"
"(6, 5, 11, 8, 3, 0)","[(0, 0, 2, 2, '?')]"
"(6, 6, 1, 1, 3, 0)","[('?', '?', 3, '?', '?'), ('?', '?', 3, '?', '?')]"
"(6, 6, 1, 1, 6, 0)","[('?', '?', 3, 2, 3)]"
"(6, 6, 1, 3, 3, 0)","[('?', '?', 3, '?', '?'), ('?', '?', 3, '?', '?'), ('?', '?', 3, '?', '?'), ('?', '?', 3, '?', '?'), ('?', '?', 3, '?', '?')]"
"(6, 6, 1, 3, 6, 0)","[('?', '?', 3, '?', 3), ('?', '?', 3, '?', 3), ('?', '?', 3, '?', 3), ('?', '?', 3, '?', 3), ('?', '?', 3, '?', 3), ('?', '?', 3, '?', 3), ('?', '?', 3, '?', 3)]"
"(6, 6, 1, 3, 11, 0)","[('?', '?', 3, '?', 1), ('?', '?', 3, '?', 1), ('?', '?', 3, '?', 1), ('?', '?', 3, '?', 1), (3, '?', 3, 2, 1), ('?', '?', 3, '?', 1), ('?', '?', 3, '?', 1), ('?', '?', 3, '?', 1), ('?', '?', 3, '?', 1)]"
"(6, 6, 1, 3, 13, 0)","[('?', '?', 3, '?', 0), ('?', '?', 3, '?', 0), ('?', '?', 3, '?', 0), ('?', '?', 3, '?', 0), ('?', '?', 3, '?', 0), ('?', '?', 3, '?', 0), ('?', '?', 3, '?', 0)]"
"(6, 6, 1, 4, 4, 0)","[(0, '?', 3, '?', 2), (0, '?', 3, '?', 2), (0, '?', 3, 2, 2), (0, '?', 3, '?', 2), (0, '?', 3, 2, 2)]"
"(6, 6, 1, 6, 3, 0)","[('?', '?', 3, '?', 2), ('?', '?', 3, '?', 2), ('?', '?', 3, '?', 2), ('?', '?', 3, '?', 2), ('?', '?', 3, '?', 2), ('?', '?', 3, '?', 2), ('?', '?', 3, '?', 2), ('?', '?', 3, '?', 2), ('?', '?', 3, '?', 2), ('?', '?', 3, '?', 2)]"
"(6, 6, 1, 6, 4, 0)","[(0, '?', 3, '?', 2), (0, '?', 3, '?', 2), (0, '?', 3, '?', 2), (0, '?', 3, 2, 2)]"
"(6, 6, 1, 6, 7, 0)","[('?', '?', 3, 3, 2)]"
"(6, 6, 1, 6, 9, 0)","[(1, '?', 3, '?', 2), (1, '?', 3, '?', 2), (1, '?', 3, '?', 2), (1, '?', 3, '?', 2), (1, '?', 3, '?', 2), (1, '?', 3, '?', 2), (1, '?', 3, '?', 2), (1, '?', 3, '?', 2)]"
"(6, 6, 1, 6, 14, 0)","[(2, '?', 3, '?', 2), (2, '?', 3, '?', 2), (2, '?', 3, '?', 2), (2, '?', 3, '?', 2), (2, '?', 3, '?', 2), (2, '?', 3, '?', 2), (2, '?', 3, '?', 2), (2, '?', 3, '?', 2)]"
"(6, 6, 1, 7, 3, 0)","[('?', '?', 3, '?', '?')]"
"(6, 6, 1, 7, 6, 0)","[('?', '?', 3, 3, 3), ('?', '?', 3, 3, 3), ('?', '?', 3, 3, 3), ('?', '?', 3, 3, 3), ('?', '?', 3, 3, 3), (1, '?', 3, 3, 3)]"
"(6, 6, 1, 7, 7, 0)","[('?', '?', 3, 3, '?'), (1, '?', 3, 3, 1), ('?', 2, 3, 3, 1), ('?', '?', 3, 3, 1), ('?', '?', 3, 3, '?')]"
"(6, 6, 1, 7, 11, 0)","[('?', '?', 3, 3, 1), ('?', '?', 3, 3, 1), ('?', 2, 3, 3, 1)]"
"(6, 6, 1, 7, 13, 0)","[('?', '?', 3, 3, 0), (1, '?', 3, 3, 0), (1, '?', 3, 3, 0), (1, '?', 3, 3, 0), ('?', '?', 3, 3, 0), ('?', '?', 3, 3, 0), ('?', '?', 3, 3, 0), ('?', 2, 3, 3, 0), ('?', '?', 3, 3, 0)]"
"(6, 6, 1, 8, 3, 0)","[(0, '?', 3, '?', '?'), (0, '?', 3, '?', '?'), (0, '?', 3, '?', '?'), (0, '?', 3, '?', '?'), (0, '?', 3, '?', '?')]"
"(6, 6, 1, 8, 6, 0)","[(0, '?', 3, '?', 3), (0, '?', 3, '?', 3), (0, '?', 3, 2, 3), (0, '?', 3, '?', 3), (0, 2, 3, 3, 3), (0, '?', 3, 2, 3), (0, '?', 3, '?', 3), (0, 1, 3, '?', 3), (0, '?', 3, '?', 3), (0, 2, 3, 3, 3)]"
"(6, 6, 1, 8, 7, 0)","[(0, '?', 3, 3, 1), (0, '?', 3, 3, 0), (0, 2, 3, 3, 0), (0, '?', 3, 3, 0), (0, '?', 3, 3, '?')]"
"(6, 6, 1, 8, 11, 0)","[(0, '?', 3, 3, 1), (0, '?', 3, '?', 1), (0, '?', 3, '?', 1), (0, '?', 3, 2, 1), (0, '?', 3, '?', 1), (0, '?', 3, '?', 1), (0, '?', 3, 2, 1), (0, '?', 3, '?', 1), (0, '?', 3, 2, 1), (0, '?', 3, '?', 1)]"
"(6, 6, 1, 8, 13, 0)","[(0, '?', 3, '?', 0), (0, '?', 3, 3, 0), (0, '?', 3, '?', 0), (0, '?', 3, 3, 0), (0, '?', 3, 3, 0), (0, '?', 3, '?', 0), (0, '?', 3, '?', 0), (0, '?', 3, '?', 0), (0, '?', 3, 2, 0), (0, '?', 3, 2, 0), (0, '?', 3, 2, 0), (0, '?', 3, 3, 0), (0, '?', 3, '?', 0), (0, '?', 3, 2, 0), (0, '?', 3, 2, 0), (0, '?', 3, '?', 0), (0, '?', 3, '?', 0)]"
"(6, 6, 1, 9, 3, 0)","[(1, '?', 3, '?', '?'), (1, '?', 3, '?', '?'), (1, '?', 3, '?', '?'), (1, '?', 3, '?', '?'), (1, '?', 3, '?', '?'), (1, '?', 3, '?', 1), (1, '?', 3, '?', '?'), (1, '?', 3, '?', '?'), (1, '?', 3, '?', '?')]"
"(6, 6, 1, 9, 6, 0)","[(1, '?', 3, '?', 3), (1, '?', 3, 2, 3), (1, '?', 3, '?', 3), (1, '?', 3, '?', 3), (1, '?', 3, 2, 3), (1, '?', 3, '?', 3), (1, '?', 3, '?', 3), (1, '?', 3, 2, 3), (1, '?', 3, '?', 3), (1, '?', 3, '?', 3), (1, '?', 3, '?', 3), (1, '?', 3, '?', 3), (1, '?', 3, 2, 3), (1, '?', 3, '?', 3)]"
"(6, 6, 1, 9, 11, 0)","[(1, '?', 3, '?', 1), (1, '?', 3, '?', 1), (1, '?', 3, '?', 1), (1, '?', 3, '?', 1), (1, '?', 3, '?', 1), (1, '?', 3, '?', 1)]"
"(6, 6, 1, 9, 13, 0)","[(1, '?', 3, '?', 0), (1, '?', 3, '?', 0), (1, '?', 3, '?', 0), (1, '?', 3, '?', 0), (1, '?', 3, '?', 0), (1, '?', 3, '?', 0), (1, '?', 3, '?', 0), (1, '?', 3, '?', 0)]"
"(6, 6, 1, 14, 1, 0)","[(2, '?', 3, '?', '?')]"
"(6, 6, 1, 14, 3, 0)","[(2, '?', 3, '?', '?'), (2, '?', 3, '?', '?'), (2, '?', 3, '?', '?'), (2, '?', 3, '?', '?'), (2, '?', 3, '?', '?'), (2, 3, 3, 2, '?'), (2, '?', 3, '?', '?'), (2, '?', 3, '?', '?')]"
"(6, 6, 1, 14, 6, 0)","[(2, '?', 3, '?', 3), (2, '?', 3, '?', 3), (2, '?', 3, '?', 3), (2, '?', 3, '?', 3), (2, '?', 3, '?', 3), (2, '?', 3, '?', 3), (2, '?', 3, '?', 3)]"
"(6, 6, 1, 14, 11, 0)","[(2, '?', 3, '?', 1), (2, '?', 3, '?', 1), (2, '?', 3, '?', 1), (2, '?', 3, '?', 1), (2, '?', 3, 2, 1), (2, '?', 3, '?', 1), (2, '?', 3, '?', 1), (2, '?', 3, '?', 1), (2, '?', 3, '?', 1), (2, '?', 3, '?', 1)]"
"(6, 6, 1, 14, 13, 0)","[(2, '?', 3, '?', 0), (2, '?', 3, '?', 0), (2, '?', 3, '?', 0), (2, '?', 3, '?', 0), (2, '?', 3, '?', 0), (2, '?', 3, '?', 0), (2, '?', 3, '?', 0), (2, '?', 3, '?', 0), (2, '?', 3, '?', 0)]"
"(6, 6, 1, 14, 14, 0)","[(2, '?', 3, '?', '?')]"
"(6, 6, 3, 3, 3, 0)","[('?', '?', 2, '?', '?'), ('?', '?', '?', '?', 1)]"
"(6, 6, 3, 3, 6, 0)","[('?', '?', '?', '?', 3), ('?', '?', '?', '?', 3), ('?', '?', '?', '?', 3), ('?', '?', '?', '?', 3), ('?', '?', '?', '?', 3), ('?', '?', '?', '?', 3), ('?', '?', '?', '?', 3), ('?', '?', '?', '?', 3)]"
"(6, 6, 3, 3, 11, 0)","[('?', '?', '?', '?', 1), ('?', '?', '?', '?', 1), ('?', '?', '?', '?', 1), ('?', '?', '?', '?', 1)]"
"(6, 6, 3, 3, 13, 0)","[('?', '?', '?', '?', 0), ('?', '?', '?', '?', 0), ('?', '?', '?', '?', 0), ('?', '?', '?', '?', 0), ('?', '?', '?', '?', 0), ('?', '?', '?', '?', 0), ('?', '?', '?', '?', 0)]"
"(6, 6, 3, 4, 4, 0)","[(0, '?', '?', '?', 2), (0, '?', '?', '?', 2), (0, '?', '?', '?', 2), (0, '?', 1, 2, 2), (0, '?', '?', '?', 2), (0, '?', '?', 2, 2), (0, '?', '?', '?', 2), (0, '?', '?', '?', 2), (0, '?', '?', '?', 2), (0, '?', '?', 2, 2), (0, '?', 1, 2, 2), (0, '?', '?', '?', 2), (0, '?', '?', 2, 2), (0, '?', '?', '?', 2)]"
"(6, 6, 3, 4, 7, 0)","[(0, '?', '?', 3, 2), (0, '?', '?', 3, 2)]"
"(6, 6, 3, 6, 9, 0)","[(1, '?', '?', '?', 2), (1, '?', '?', '?', 2), (1, '?', '?', '?', 2), (1, '?', '?', '?', 2), (1, '?', '?', '?', 2), (1, '?', '?', '?', 2), (1, '?', '?', '?', 2), (1, '?', '?', '?', 2)]"
"(6, 6, 3, 6, 14, 0)","[(2, '?', '?', '?', 2), (2, '?', '?', '?', 2), (2, '?', '?', '?', 2), (2, '?', '?', '?', 2), (2, '?', '?', '?', 2)]"
"(6, 6, 3, 7, 6, 0)","[(1, '?', '?', 3, 3), ('?', '?', '?', 3, 3), ('?', '?', '?', 3, 3)]"
"(6, 6, 3, 7, 7, 0)","[('?', '?', '?', 3, 1), ('?', 2, 1, 3, 1)]"
"(6, 6, 3, 7, 13, 0)","[(1, '?', '?', 3, 0), ('?', '?', '?', 3, 0), (1, '?', '?', 3, 0), ('?', '?', '?', 3, 0)]"
"(6, 6, 3, 8, 3, 0)","[(0, '?', '?', '?', '?'), (0, '?', '?', '?', '?'), (0, '?', '?', '?', '?'), (0, '?', '?', '?', '?'), (0, '?', '?', '?', '?'), (0, '?', '?', '?', '?')]"
"(6, 6, 3, 8, 6, 0)","[(0, '?', '?', '?', 3), (0, '?', '?', '?', 3), (0, '?', '?', '?', 3), (0, '?', '?', '?', 3), (0, '?', '?', 3, 3), (0, '?', '?', '?', 3), (0, '?', '?', 3, 3), (0, '?', '?', '?', 3), (0, '?', '?', 3, 3), (0, '?', '?', '?', 3), (0, '?', '?', '?', 3)]"
"(6, 6, 3, 8, 7, 0)","[(0, '?', '?', 3, '?'), (0, '?', '?', 3, 1), (0, '?', '?', 3, '?')]"
"(6, 6, 3, 8, 11, 0)","[(0, '?', '?', '?', 1), (0, '?', '?', '?', 1), (0, '?', '?', '?', 1), (0, '?', '?', '?', 1), (0, '?', '?', 3, 1), (0, '?', '?', '?', 1), (0, '?', '?', '?', 1), (0, '?', '?', '?', 1), (0, '?', '?', '?', 1), (0, '?', '?', '?', 1), (0, '?', '?', 2, 1)]"
"(6, 6, 3, 8, 13, 0)","[(0, '?', '?', '?', 0), (0, '?', '?', '?', 0), (0, '?', '?', '?', 0), (0, '?', '?', '?', 0), (0, '?', '?', '?', 0), (0, '?', '?', '?', 0), (0, '?', '?', '?', 0), (0, '?', '?', '?', 0), (0, '?', '?', '?', 0), (0, '?', '?', '?', 0)]"
"(6, 6, 3, 9, 6, 0)","[(1, '?', '?', '?', 3), (1, '?', '?', '?', 3), (1, '?', '?', '?', 3), (1, 3, '?', 2, 3), (1, '?', '?', '?', 3), (1, '?', '?', '?', 3), (1, '?', '?', '?', 3), (1, '?', '?', '?', 3), (1, '?', '?', '?', 3), (1, '?', '?', '?', 3)]"
"(6, 6, 3, 9, 11, 0)","[(1, '?', '?', '?', 1), (1, '?', '?', '?', 1), (1, '?', '?', '?', 1), (1, '?', '?', '?', 1), (1, '?', '?', '?', 1), (1, '?', '?', '?', 1)]"
"(6, 6, 3, 9, 13, 0)","[(1, '?', '?', '?', 0), (1, '?', '?', '?', 0), (1, '?', '?', '?', 0), (1, '?', '?', '?', 0), (1, '?', '?', '?', 0), (1, '?', '?', '?', 0), (1, '?', '?', '?', 0)]"
"(6, 6, 3, 11, 13, 0)","[('?', '?', 2, '?', 0)]"
"(6, 6, 3, 14, 3, 0)","[(2, '?', '?', '?', '?'), (2, '?', '?', '?', '?'), (2, '?', '?', '?', '?'), (2, '?', '?', '?', '?'), (2, '?', '?', '?', '?'), (2, '?', '?', '?', '?')]"
"(6, 6, 3, 14, 6, 0)","[(2, '?', '?', '?', 3), (2, '?', '?', '?', 3), (2, '?', '?', '?', 3), (2, '?', '?', '?', 3), (2, '?', '?', 2, 3), (2, '?', '?', '?', 3), (2, '?', '?', '?', 3)]"
"(6, 6, 3, 14, 11, 0)","[(2, '?', '?', '?', 1), (2, '?', '?', '?', 1), (2, '?', '?', '?', 1), (2, '?', '?', '?', 1), (2, '?', '?', '?', 1), (2, '?', '?', '?', 1)]"
"(6, 6, 3, 14, 13, 0)","[(2, '?', '?', '?', 0), (2, '?', '?', '?', 0), (2, '?', '?', '?', 0), (2, '?', '?', '?', 0), (2, '?', '?', '?', 0), (2, '?', '?', '?', 0)]"
"(6, 6, 4, 1, 11, 0)","[(3, '?', 3, '?', 1)]"
"(6, 6, 4, 1, 13, 0)","[(3, '?', 3, '?', 0)]"
"(6, 6, 4, 3, 3, 0)","[(3, '?', '?', '?', 1)]"
"(6, 6, 4, 3, 6, 0)","[(3, '?', '?', '?', 3)]"
"(6, 6, 4, 6, 1, 0)","[(3, '?', 3, '?', 2)]"
"(6, 6, 4, 6, 11, 0)","[(3, '?', 2, '?', 2), (3, '?', 2, '?', 2)]"
"(6, 6, 4, 10, 13, 0)","[(3, '?', 1, '?', 0)]"
"(6, 6, 4, 11, 3, 0)","[(3, '?', 2, '?', '?')]"
"(6, 6, 4, 11, 6, 0)","[(3, '?', 2, '?', 3)]"
"(6, 6, 7, 3, 3, 0)","[('?', '?', 0, '?', '?'), ('?', '?', 0, '?', '?'), ('?', '?', 0, '?', '?'), ('?', '?', 0, '?', '?'), ('?', '?', 0, '?', '?'), ('?', '?', 0, '?', '?'), ('?', '?', 0, '?', '?'), ('?', '?', 0, '?', '?')]"
"(6, 6, 7, 3, 11, 0)","[('?', '?', 0, '?', 1), ('?', '?', 0, '?', 1), ('?', '?', 0, '?', 1), ('?', '?', 0, '?', 1), ('?', '?', 0, '?', 1), ('?', '?', 0, '?', 1), ('?', '?', 0, '?', 1), ('?', 1, 0, '?', 1), ('?', '?', 0, '?', 1), (3, '?', 0, 1, 1)]"
"(6, 6, 7, 3, 13, 0)","[('?', '?', 0, '?', 0), ('?', '?', 0, '?', 0), ('?', '?', 0, '?', 0), ('?', '?', 0, '?', 0), ('?', '?', 0, '?', 0), ('?', '?', 0, '?', 0)]"
"(6, 6, 7, 4, 3, 0)","[(3, '?', 0, '?', '?')]"
"(6, 6, 7, 4, 4, 0)","[(0, '?', 0, '?', 2), (0, '?', 0, '?', 2), (0, '?', 0, '?', 2), (0, '?', 0, 2, 2), (0, '?', 0, 2, 2)]"
"(6, 6, 7, 4, 7, 0)","[(0, '?', 0, 3, 2), (0, '?', 0, 3, 2), (0, '?', 0, 3, 2), (0, '?', 0, 3, 2)]"
"(6, 6, 7, 4, 11, 0)","[(3, '?', 0, '?', 1), (3, '?', 0, '?', 1)]"
"(6, 6, 7, 4, 13, 0)","[(3, '?', 0, '?', 0), (3, '?', 0, 1, 0), (3, '?', 0, '?', 0)]"
"(6, 6, 7, 6, 3, 0)","[('?', '?', 0, '?', 2), (3, '?', 0, '?', 2), ('?', '?', 0, '?', 2), ('?', '?', 0, '?', 2), (3, '?', 0, 1, 2), ('?', '?', 0, '?', 2), ('?', '?', 0, '?', 2), ('?', '?', 0, '?', 2), ('?', '?', 0, '?', 2)]"
"(6, 6, 7, 6, 4, 0)","[(0, '?', 0, 2, 2), (0, '?', 0, '?', 2), (0, '?', 0, '?', 2), (0, 0, 0, '?', 2), (0, '?', 0, 2, 2), (0, '?', 0, '?', 2)]"
"(6, 6, 7, 6, 6, 0)","[(1, '?', 0, '?', 2), (1, '?', 0, '?', 2), (3, '?', 0, 2, 2)]"
"(6, 6, 7, 6, 7, 0)","[('?', '?', 0, '?', 2), (3, 2, 0, 3, 2), ('?', '?', 0, 3, 2), ('?', '?', 0, 3, 2)]"
"(6, 6, 7, 6, 9, 0)","[(1, '?', 0, '?', 2), (1, '?', 0, '?', 2), (1, '?', 0, '?', 2), (1, '?', 0, '?', 2)]"
"(6, 6, 7, 6, 14, 0)","[(2, '?', 0, 0, 2)]"
"(6, 6, 7, 7, 3, 0)","[('?', 0, 0, 3, '?'), ('?', '?', 0, '?', '?')]"
"(6, 6, 7, 7, 6, 0)","[('?', '?', 0, 3, 3), ('?', '?', 0, 3, 3), ('?', '?', 0, 3, 3), ('?', '?', 0, 3, 3), ('?', '?', 0, 3, 3), ('?', '?', 0, 3, 3), ('?', '?', 0, 3, 3)]"
"(6, 6, 7, 7, 7, 0)","[('?', '?', 0, 3, 1), ('?', '?', 0, 3, 1), ('?', '?', 0, 3, 1), ('?', '?', 0, 3, '?'), ('?', '?', 0, 3, '?'), ('?', '?', 0, 3, 1), ('?', '?', 0, 3, '?')]"
"(6, 6, 7, 7, 8, 0)","[(0, '?', 0, 3, '?')]"
"(6, 6, 7, 7, 11, 0)","[('?', '?', 0, 3, 1), ('?', '?', 0, 3, 1), (1, '?', 0, 3, 1)]"
"(6, 6, 7, 7, 13, 0)","[(1, '?', 0, 3, 0), (1, '?', 0, 3, 0), (1, '?', 0, 3, 0), (3, '?', 0, 3, 0), ('?', '?', 0, 3, 0)]"
"(6, 6, 7, 8, 3, 0)","[(0, '?', 0, '?', '?'), (0, '?', 0, '?', '?'), (0, '?', 0, 2, '?'), (0, '?', 0, '?', '?'), (0, '?', 0, '?', 0), (0, '?', 0, 1, 0), (0, '?', 0, '?', '?'), (0, '?', 0, '?', '?'), (0, '?', 0, '?', '?'), (0, '?', 0, '?', 1), (0, '?', 0, '?', '?')]"
"(6, 6, 7, 8, 6, 0)","[(0, '?', 0, 3, 3), (0, '?', 0, '?', 3), (0, '?', 0, 3, 3), (0, '?', 0, 3, 3), (0, '?', 0, '?', 3), (0, '?', 0, 3, 3), (0, '?', 0, '?', 3), (0, '?', 0, '?', 3), (0, '?', 0, '?', 3), (0, '?', 0, 3, 3), (0, 1, 0, '?', 3), (0, '?', 0, 3, 3), (0, '?', 0, 3, 3), (0, '?', 0, '?', 3), (0, '?', 0, 3, 3)]"
"(6, 6, 7, 8, 7, 0)","[(0, '?', 0, 3, 1), (0, '?', 0, 3, '?'), (0, '?', 0, 3, '?'), (0, '?', 0, 3, 0), (0, '?', 0, 3, 1), (0, '?', 0, 3, '?')]"
"(6, 6, 7, 8, 11, 0)","[(0, '?', 0, '?', 1), (0, '?', 0, '?', 1), (0, '?', 0, '?', 1), (0, '?', 0, '?', 1), (0, '?', 0, 3, 1), (0, '?', 0, '?', 1), (0, '?', 0, '?', 1)]"
"(6, 6, 7, 8, 13, 0)","[(0, '?', 0, 3, 0), (0, '?', 0, 3, 0), (0, '?', 0, '?', 0), (0, '?', 0, '?', 0), (0, '?', 0, 3, 0), (0, '?', 0, 3, 0), (0, '?', 0, 3, 0), (0, '?', 0, '?', 0), (0, '?', 0, '?', 0), (0, '?', 0, '?', 0), (0, '?', 0, '?', 0), (0, '?', 0, '?', 0), (0, '?', 0, 3, 0), (0, '?', 0, '?', 0)]"
"(6, 6, 7, 9, 3, 0)","[(1, '?', 0, '?', '?'), (1, '?', 0, '?', '?'), (1, '?', 0, '?', '?'), (1, '?', 0, '?', '?'), (1, '?', 0, '?', '?'), (1, '?', 0, '?', '?'), (1, '?', 0, '?', '?'), (1, '?', 0, '?', '?')]"
"(6, 6, 7, 9, 6, 0)","[(1, '?', 0, '?', 3), (1, '?', 0, '?', 3), (1, '?', 0, '?', 3), (1, '?', 0, '?', 3), (1, '?', 0, '?', 3), (1, '?', 0, '?', 3), (1, '?', 0, '?', 3), (1, '?', 0, 3, 3)]"
"(6, 6, 7, 9, 11, 0)","[(1, '?', 0, '?', 1), (1, '?', 0, '?', 1), (1, '?', 0, 2, 1), (1, '?', 0, '?', 1), (1, '?', 0, '?', 1)]"
"(6, 6, 7, 9, 13, 0)","[(1, '?', 0, 3, 0)]"
"(6, 6, 7, 14, 3, 0)","[(2, '?', 0, '?', '?'), (2, '?', 0, '?', '?'), (2, '?', 0, '?', '?'), (2, '?', 0, '?', '?'), (2, '?', 0, '?', '?'), (2, '?', 0, '?', '?'), (2, '?', 0, '?', '?'), (2, '?', 0, '?', '?'), (2, '?', 0, '?', '?'), (2, '?', 0, '?', '?')]"
"(6, 6, 7, 14, 6, 0)","[(2, '?', 0, '?', 3), (2, '?', 0, '?', 3), (2, '?', 0, '?', 3), (2, '?', 0, '?', 3), (2, '?', 0, '?', 3), (2, '?', 0, '?', 3), (2, '?', 0, '?', 3), (2, '?', 0, '?', 3), (2, 1, 0, '?', 3), (2, '?', 0, '?', 3)]"
"(6, 6, 7, 14, 11, 0)","[(2, '?', 0, 2, 1)]"
"(6, 6, 7, 14, 13, 0)","[(2, '?', 0, '?', 0), (2, '?', 0, '?', 0), (2, '?', 0, '?', 0), (2, '?', 0, 1, 0), (2, '?', 0, '?', 0), (2, '?', 0, '?', 0), (2, '?', 0, '?', 0), (2, '?', 0, '?', 0), (2, '?', 0, '?', 0)]"
"(6, 6, 8, 7, 6, 0)","[(0, '?', '?', 3, 3), (0, '?', '?', 3, 3), (0, '?', 1, 3, 3)]"
"(6, 6, 8, 7, 8, 0)","[(0, '?', 3, 3, '?'), (0, '?', 3, 3, '?')]"
"(6, 6, 8, 7, 13, 0)","[(0, '?', 1, 3, 0), (0, '?', 1, 3, 0)]"
"(6, 6, 9, 3, 11, 0)","[(1, '?', '?', '?', 1)]"
"(6, 6, 9, 3, 13, 0)","[(1, '?', '?', '?', 0)]"
"(6, 6, 9, 7, 6, 0)","[(1, '?', '?', 3, 3)]"
"(6, 6, 9, 7, 7, 0)","[(1, '?', 3, 3, 1)]"
"(6, 6, 9, 7, 11, 0)","[(1, '?', '?', 3, 1)]"
"(6, 6, 9, 7, 13, 0)","[(1, '?', 1, 3, 0), (1, '?', '?', 3, 0)]"
"(6, 6, 9, 9, 11, 0)","[(1, '?', '?', '?', 1)]"
"(6, 6, 10, 3, 3, 0)","[('?', '?', 1, '?', '?'), ('?', '?', 1, '?', '?'), ('?', '?', 1, '?', '?')]"
"(6, 6, 10, 3, 6, 0)","[('?', '?', 1, '?', 3), ('?', '?', 1, '?', 3)]"
"(6, 6, 10, 3, 11, 0)","[('?', '?', 1, '?', 1)]"
"(6, 6, 10, 3, 13, 0)","[('?', '?', 1, 2, '?')]"
"(6, 6, 10, 4, 4, 0)","[(0, '?', 1, '?', 2), (0, '?', 1, 2, 2), (0, '?', 1, '?', 2), (0, '?', 1, '?', 2), (0, '?', 1, '?', 2), (0, '?', 1, '?', 2), (0, '?', 1, '?', 2), (0, '?', 1, '?', 2), (0, '?', 1, '?', 2), (0, '?', 1, '?', 2)]"
"(6, 6, 10, 4, 7, 0)","[(0, '?', 1, 3, 2), (0, '?', 1, 3, 2), (0, '?', 1, 3, 2)]"
"(6, 6, 10, 6, 3, 0)","[('?', '?', 1, '?', 2), ('?', '?', 1, '?', 2), ('?', '?', 1, '?', 2), ('?', '?', 1, '?', 2), ('?', '?', 1, '?', 2), ('?', '?', 1, '?', 2), ('?', '?', 1, '?', 2)]"
"(6, 6, 10, 6, 4, 0)","[('?', '?', 1, '?', 2)]"
"(6, 6, 10, 6, 7, 0)","[(1, '?', 1, 3, 2), (1, '?', 1, 3, 2), ('?', '?', 1, 3, 2)]"
"(6, 6, 10, 6, 9, 0)","[(1, '?', 1, '?', 2), (1, '?', 1, '?', 2), (1, '?', 1, '?', 2), (1, '?', 1, '?', 2), (1, '?', 1, '?', 2), (1, '?', 1, '?', 2), (1, '?', 1, '?', 2), (1, '?', 1, '?', 2)]"
"(6, 6, 10, 6, 14, 0)","[(2, '?', 1, '?', 2), (2, '?', 1, '?', 2), (2, '?', 1, '?', 2), (2, '?', 1, '?', 2), (2, '?', 1, '?', 2), (2, '?', 1, '?', 2), (2, '?', 1, '?', 2)]"
"(6, 6, 10, 7, 6, 0)","[('?', '?', 1, 3, 3), (2, '?', 1, 3, 3), ('?', '?', 1, 3, 3), ('?', '?', 1, 3, 3), ('?', '?', 1, 3, 3)]"
"(6, 6, 10, 7, 7, 0)","[('?', '?', 1, 3, '?'), ('?', '?', 1, 3, '?'), ('?', '?', 1, 3, 1)]"
"(6, 6, 10, 7, 11, 0)","[('?', '?', 1, 3, 1), ('?', '?', 1, 3, 1)]"
"(6, 6, 10, 7, 13, 0)","[('?', '?', 1, 3, 0), ('?', '?', 1, 3, 0), (1, '?', 1, 3, 0), ('?', '?', 1, 3, 0), (1, '?', 1, 3, 0), (2, '?', 1, 3, 0), (1, '?', 1, 3, 0)]"
"(6, 6, 10, 8, 3, 0)","[(0, '?', 1, '?', '?'), (0, '?', 1, '?', '?'), (0, '?', 1, '?', '?'), (0, '?', 1, '?', '?'), (0, '?', 1, '?', '?'), (0, '?', 1, '?', '?'), (0, '?', 1, '?', '?'), (0, '?', 1, '?', '?')]"
"(6, 6, 10, 8, 6, 0)","[(0, '?', 1, '?', 3), (0, '?', 1, '?', 3), (0, '?', 1, '?', 3), (0, '?', 1, 3, 3), (0, '?', 1, 3, 3), (0, '?', 1, 3, 3), (0, '?', 1, '?', 3), (0, '?', 1, '?', 3)]"
"(6, 6, 10, 8, 7, 0)","[(0, '?', 1, 3, '?'), (0, '?', 1, 3, '?'), (0, '?', 1, 3, '?'), (0, '?', 1, 3, 0)]"
"(6, 6, 10, 8, 11, 0)","[(0, '?', 1, 3, 1), (0, '?', 1, '?', 1), (0, '?', 1, '?', 1), (0, '?', 1, '?', 1), (0, '?', 1, '?', 1), (0, '?', 1, '?', 1), (0, '?', 1, '?', 1), (0, '?', 1, 3, 1), (0, '?', 1, '?', 1), (0, '?', 1, '?', 1)]"
"(6, 6, 10, 8, 13, 0)","[(0, '?', 1, '?', 0), (0, '?', 1, 2, 0), (0, '?', 1, 3, 0), (0, '?', 1, '?', 0), (0, '?', 1, '?', 0), (0, '?', 1, 3, 0), (0, '?', 1, '?', 0), (0, '?', 1, '?', 0), (0, '?', 1, '?', 0), (0, '?', 1, '?', 0)]"
"(6, 6, 10, 9, 3, 0)","[(1, '?', 1, '?', '?'), (1, '?', 1, '?', '?'), (1, '?', 1, '?', '?'), (1, '?', 1, '?', '?'), (1, '?', 1, '?', 1), (1, '?', 1, '?', '?'), (1, '?', 1, '?', 1), (1, '?', 1, '?', '?'), (1, '?', 1, '?', '?')]"
"(6, 6, 10, 9, 6, 0)","[(1, '?', 1, '?', 3), (1, '?', 1, '?', 3), (1, '?', 1, 2, 3), (1, '?', 1, '?', 3), (1, '?', 1, '?', 3), (1, '?', 1, '?', 3), (1, '?', 1, '?', 3), (1, '?', 1, '?', 3)]"
"(6, 6, 10, 9, 11, 0)","[(1, '?', 1, '?', 1), (1, '?', 1, '?', 1), (1, '?', 1, '?', 1), (1, '?', 1, '?', 1), (1, '?', 1, '?', 1), (1, '?', 1, '?', 1)]"
"(6, 6, 10, 9, 13, 0)","[(1, '?', 1, '?', 0), (1, '?', 1, '?', 0), (1, '?', 1, '?', 0), (1, '?', 1, '?', 0), (1, '?', 1, '?', 0), (1, '?', 1, '?', 0), (1, '?', 1, '?', 0)]"
"(6, 6, 10, 10, 3, 0)","[('?', '?', 1, '?', '?'), (0, '?', 1, '?', 1), ('?', '?', 1, '?', '?'), ('?', '?', 1, '?', '?'), ('?', '?', 1, '?', '?'), ('?', '?', 1, '?', '?')]"
"(6, 6, 10, 10, 6, 0)","[('?', '?', 1, '?', 3), ('?', '?', 1, '?', 3), (3, '?', 1, 2, 3), ('?', '?', 1, '?', 3), ('?', '?', 1, '?', 3), ('?', '?', 1, '?', 3), ('?', '?', 1, '?', 3), ('?', '?', 1, '?', 3)]"
"(6, 6, 10, 10, 11, 0)","[('?', '?', 1, '?', 1), ('?', '?', 1, '?', 1), ('?', '?', 1, '?', 1), ('?', '?', 1, 2, 1), ('?', '?', 1, '?', 1), ('?', '?', 1, '?', 1), ('?', '?', 1, '?', 1)]"
"(6, 6, 10, 14, 3, 0)","[(2, '?', 1, 2, '?')]"
"(6, 6, 10, 14, 6, 0)","[(2, '?', 1, '?', 3), (2, '?', 1, '?', 3), (2, '?', 1, '?', 3), (2, '?', 1, '?', 3), (2, '?', 1, '?', 3), (2, '?', 1, '?', 3), (2, '?', 1, '?', 3), (2, '?', 1, '?', 3), (2, '?', 1, 2, 3), (2, '?', 1, '?', 3)]"
"(6, 6, 10, 14, 11, 0)","[(2, '?', 1, '?', 1), (2, '?', 1, '?', 1), (2, '?', 1, '?', 1), (2, '?', 1, 2, 1), (2, '?', 1, 2, 1), (2, '?', 1, '?', 1), (2, '?', 1, '?', 1), (2, '?', 1, '?', 1)]"
"(6, 6, 10, 14, 13, 0)","[(2, '?', 1, '?', 0), (2, '?', 1, '?', 0), (2, '?', 1, '?', 0), (2, '?', 1, '?', 0), (2, '?', 1, '?', 0), (2, '?', 1, '?', 0), (2, '?', 1, '?', 0)]"
"(6, 6, 11, 3, 3, 0)","[('?', '?', 2, '?', '?'), ('?', '?', 2, '?', '?'), ('?', '?', 2, '?', '?'), ('?', '?', 2, '?', '?')]"
"(6, 6, 11, 3, 6, 0)","[('?', '?', 2, '?', 3), ('?', '?', 2, '?', 3), ('?', '?', 2, '?', 3), ('?', '?', 2, '?', 3), ('?', '?', 2, '?', 3), ('?', '?', 2, '?', 3), ('?', '?', 2, '?', 3), ('?', '?', 2, '?', 3)]"
"(6, 6, 11, 3, 11, 0)","[('?', '?', 2, '?', 1), ('?', '?', 2, '?', 1), ('?', '?', 2, '?', 1), ('?', '?', 2, '?', 1), ('?', '?', 2, '?', 1), ('?', '?', 2, '?', 1), ('?', '?', 2, '?', 1), ('?', '?', 2, '?', 1)]"
"(6, 6, 11, 3, 13, 0)","[('?', '?', 2, '?', 0), ('?', '?', 2, '?', 0), ('?', '?', 2, '?', 0), ('?', '?', 2, '?', 0), ('?', '?', 2, '?', 0), ('?', '?', 2, '?', 0), ('?', '?', 2, '?', 0)]"
"(6, 6, 11, 4, 4, 0)","[(0, '?', 2, 2, 2), (0, '?', 2, 2, 2), (0, '?', 2, 2, 2), (0, '?', 2, 2, 2), (0, '?', 2, 2, 2), (0, '?', 2, 0, 2), (0, 1, 2, '?', 2)]"
"(6, 6, 11, 4, 7, 0)","[(0, '?', 2, 3, 2), (0, '?', 2, 3, 2), (0, '?', 2, 3, 2)]"
"(6, 6, 11, 6, 3, 0)","[('?', '?', 2, '?', 2), ('?', '?', 2, 2, 2), ('?', '?', 2, '?', 2), ('?', '?', 2, '?', 2), (2, 1, 2, '?', 2), ('?', '?', 2, '?', 2), ('?', '?', 2, 2, 2), ('?', '?', 2, '?', 2), ('?', '?', 2, '?', 2), ('?', '?', 2, '?', 2), ('?', '?', 2, '?', 2), ('?', '?', 2, '?', 2), ('?', '?', 2, '?', 2)]"
"(6, 6, 11, 6, 7, 0)","[('?', '?', 2, 3, 2), ('?', '?', 2, 3, 2), ('?', '?', 2, 3, 2), ('?', '?', 2, 3, 2), ('?', '?', 2, 3, 2), (2, '?', 2, 3, 2)]"
"(6, 6, 11, 6, 9, 0)","[(1, 0, 2, 2, 2), (1, '?', 2, '?', 2), (1, '?', 2, '?', 2), (1, '?', 2, '?', 2), (1, '?', 2, '?', 2), (1, '?', 2, '?', 2), (1, '?', 2, '?', 2), (1, '?', 2, 2, 2), (1, '?', 2, '?', 2), (1, '?', 2, '?', 2), (1, '?', 2, 2, 2), (1, '?', 2, 2, 2), (1, '?', 2, '?', 2)]"
"(6, 6, 11, 6, 14, 0)","[(2, '?', 2, '?', 2), (2, '?', 2, 2, 2), (2, '?', 2, '?', 2), (2, '?', 2, '?', 2), (2, '?', 2, 2, 2), (2, '?', 2, '?', 2), (2, '?', 2, 2, 2), (2, '?', 2, '?', 2), (2, '?', 2, '?', 2), (2, '?', 2, '?', 2), (2, '?', 2, '?', 2)]"
"(6, 6, 11, 7, 11, 0)","[(1, '?', 2, 3, 1)]"
"(6, 6, 11, 7, 13, 0)","[('?', '?', 2, 3, 0), ('?', '?', 2, 3, 0)]"
"(6, 6, 11, 8, 3, 0)","[(0, '?', 2, '?', '?'), (0, '?', 2, '?', '?'), (0, '?', 2, 2, '?'), (0, '?', 2, '?', '?'), (0, '?', 2, '?', '?'), (0, '?', 2, '?', '?')]"
"(6, 6, 11, 8, 6, 0)","[(0, '?', 2, 3, 3), (0, '?', 2, 3, 3), (0, '?', 2, 3, 3), (0, '?', 2, 2, 3), (0, '?', 2, 3, 3), (0, '?', 2, 0, 3)]"
"(6, 6, 11, 8, 7, 0)","[(0, '?', 2, 3, 0), (0, '?', 2, 3, 0), (0, '?', 2, 3, 0), (0, '?', 2, 3, 1), (0, '?', 2, 3, 1), (0, '?', 2, 3, 0)]"
"(6, 6, 11, 8, 11, 0)","[(0, '?', 2, '?', 1), (0, '?', 2, '?', 1), (0, '?', 2, '?', 1), (0, '?', 2, 2, 1), (0, '?', 2, '?', 1), (0, '?', 2, '?', 1), (0, '?', 2, '?', 1), (0, '?', 2, '?', 1), (0, '?', 2, '?', 1), (0, '?', 2, '?', 1), (0, '?', 2, 2, 1)]"
"(6, 6, 11, 8, 13, 0)","[(0, '?', 2, 3, 0), (0, '?', 2, 0, 0), (0, '?', 2, 3, 0), (0, '?', 2, 3, 0), (0, '?', 2, 0, 0)]"
"(6, 6, 11, 9, 3, 0)","[(1, '?', 2, '?', '?'), (1, '?', 2, '?', '?'), (1, '?', 2, '?', '?'), (1, '?', 2, '?', '?'), (1, '?', 2, '?', '?'), (1, '?', 2, '?', '?')]"
"(6, 6, 11, 9, 6, 0)","[(1, 0, 2, 2, 3)]"
"(6, 6, 11, 9, 11, 0)","[(1, '?', 2, 2, 1)]"
"(6, 6, 11, 9, 13, 0)","[(1, '?', 2, '?', 0), (1, '?', 2, 2, 0), (1, '?', 2, '?', 0), (1, '?', 2, '?', 0), (1, '?', 2, '?', 0), (1, '?', 2, '?', 0), (1, '?', 2, '?', 0), (1, '?', 2, '?', 0)]"
"(6, 6, 11, 10, 6, 0)","[('?', '?', 2, 2, 3)]"
"(6, 6, 11, 14, 3, 0)","[(2, '?', 2, '?', '?'), (2, '?', 2, '?', '?'), (2, '?', 2, '?', '?'), (2, '?', 2, '?', '?'), (2, '?', 2, '?', '?'), (2, '?', 2, '?', '?'), (2, '?', 2, '?', '?')]"
"(6, 6, 11, 14, 6, 0)","[(2, '?', 2, '?', 3), (2, '?', 2, '?', 3), (2, '?', 2, '?', 3), (2, 1, 2, '?', 3), (2, '?', 2, '?', 3), (2, '?', 2, '?', 3), (2, '?', 2, '?', 3), (2, '?', 2, '?', 3), (2, '?', 2, '?', 3)]"
"(6, 6, 11, 14, 11, 0)","[(2, '?', 2, '?', 1), (2, '?', 2, '?', 1), (2, '?', 2, 2, 1), (2, '?', 2, '?', 1)]"
"(6, 6, 14, 3, 13, 0)","[(2, '?', '?', '?', 0)]"
"(6, 6, 14, 3, 14, 0)","[(2, '?', '?', '?', '?')]"
"(6, 6, 14, 6, 7, 0)","[(2, '?', '?', 3, 2)]"
"(6, 6, 14, 6, 14, 0)","[(2, '?', '?', '?', 2)]"
"(6, 6, 14, 7, 13, 0)","[(2, '?', 1, 3, 0)]"
"(6, 6, 14, 14, 11, 0)","[(2, '?', '?', '?', 1)]"
"(6, 6, 14, 14, 13, 0)","[(2, '?', '?', '?', 0), (2, '?', '?', '?', 0)]"
"(6, 7, 3, 3, 3, 0)","[('?', '?', 0, 2, '?'), ('?', '?', 0, 2, '?')]"
"(6, 7, 3, 3, 6, 0)","[('?', '?', 0, 2, 3), ('?', '?', 0, 2, 3), ('?', '?', 0, 2, 3)]"
"(6, 7, 3, 3, 11, 0)","[('?', '?', 0, 2, 1), ('?', '?', 0, 2, 1), ('?', '?', 0, 2, 1), ('?', '?', 0, 2, 1), ('?', '?', 0, 2, 1), ('?', '?', 0, 2, 1)]"
"(6, 7, 3, 3, 13, 0)","[('?', '?', 0, 2, 0), ('?', '?', 0, 2, 0)]"
"(6, 7, 3, 6, 3, 0)","[('?', 3, 0, 2, 2), ('?', 3, 0, 2, 2)]"
"(6, 7, 3, 8, 6, 0)","[(0, '?', 0, 2, 3), (0, '?', 0, 2, 3)]"
"(6, 7, 3, 9, 3, 0)","[(1, 3, 0, 2, '?')]"
"(6, 7, 4, 4, 4, 0)","[(0, '?', 0, 2, 2)]"
"(6, 7, 6, 3, 3, 0)","[('?', '?', 0, 2, 2)]"
"(6, 7, 6, 3, 14, 0)","[(2, 3, 0, 2, 2)]"
"(6, 7, 6, 4, 4, 0)","[(0, '?', 0, 2, 2)]"
"(6, 7, 6, 6, 3, 0)","[('?', '?', 0, 2, 2), ('?', '?', 0, 2, 2), ('?', '?', 0, 2, 2), ('?', '?', 0, 2, 2), ('?', '?', 0, 2, 2)]"
"(6, 7, 6, 6, 9, 0)","[(1, '?', 0, 2, 2), (1, '?', 0, 2, 2), (1, '?', 0, 2, 2), (1, '?', 0, 2, 2)]"
"(6, 7, 7, 3, 3, 0)","[('?', '?', 0, 2, '?'), ('?', '?', 0, 2, '?'), ('?', '?', 0, 2, '?'), ('?', '?', 0, 2, '?'), (3, '?', 0, 2, '?'), ('?', '?', 0, 2, '?'), ('?', '?', 0, 2, '?')]"
"(6, 7, 7, 3, 6, 0)","[('?', '?', 0, 2, 3), ('?', '?', 0, 2, 3), ('?', '?', 0, 2, 3), ('?', '?', 0, 2, 3), ('?', '?', 0, 2, 3), ('?', '?', 0, 2, 3)]"
"(6, 7, 7, 3, 11, 0)","[(3, '?', 0, 2, 1), ('?', '?', 0, 2, 1), (3, '?', 0, 2, 1)]"
"(6, 7, 7, 3, 13, 0)","[('?', '?', 0, 2, 0), ('?', '?', 0, 2, 0), ('?', '?', 0, 2, 0)]"
"(6, 7, 7, 4, 7, 0)","[(0, '?', 0, 3, 2), (0, '?', 0, 3, 2), (0, 1, 0, 3, 2)]"
"(6, 7, 7, 6, 7, 0)","[('?', 2, 0, 3, 2), ('?', '?', 0, 3, 2), ('?', '?', 0, 3, 2), ('?', '?', 0, 3, 2), ('?', '?', 0, 3, 2), (3, 2, 0, 3, 2), ('?', 2, 0, 3, 2)]"
"(6, 7, 7, 7, 6, 0)","[('?', '?', 0, 3, 3), ('?', '?', 0, 3, 3), ('?', 0, 0, 3, 3)]"
"(6, 7, 7, 7, 7, 0)","[('?', '?', 0, 3, '?'), ('?', '?', 0, 3, '?'), ('?', 0, 0, 3, 1)]"
"(6, 7, 7, 7, 13, 0)","[('?', '?', 0, 3, 0), ('?', '?', 0, 3, 0), ('?', '?', 0, 3, 0)]"
"(6, 7, 7, 8, 6, 0)","[(0, '?', 0, 2, 3), (0, '?', 0, 3, 3)]"
"(6, 7, 7, 8, 7, 0)","[(0, '?', 0, 3, 1), (0, '?', 0, 3, '?'), (0, '?', 0, 3, '?'), (0, '?', 0, 3, 1), (0, '?', 0, 3, 1)]"
"(6, 7, 7, 8, 11, 0)","[(0, '?', 0, 3, 1), (0, '?', 0, 3, 1), (0, '?', 0, 3, 1), (0, '?', 0, 3, 1)]"
"(6, 7, 7, 8, 13, 0)","[(0, '?', 0, 3, 0)]"
"(6, 7, 7, 9, 6, 0)","[(1, '?', 0, 2, 3), (1, '?', 0, 2, 3), (1, '?', 0, 2, 3), (1, '?', 0, 2, 3), (1, '?', 0, 2, 3)]"
"(6, 7, 7, 9, 11, 0)","[(1, '?', 0, 2, 1), (1, 1, 0, 2, 1)]"
"(6, 7, 7, 9, 13, 0)","[(1, '?', 0, 2, 0), (1, '?', 0, 2, 0), (1, '?', 0, 2, 0), (1, '?', 0, 2, 0), (1, '?', 0, 2, 0)]"
"(6, 7, 7, 14, 3, 0)","[(2, '?', 0, 2, '?'), (2, '?', 0, 2, '?'), (2, '?', 0, 2, '?'), (2, '?', 0, 2, '?'), (2, '?', 0, 2, '?')]"
"(6, 7, 7, 14, 6, 0)","[(2, '?', 0, 2, 3), (2, '?', 0, 2, 3), (2, '?', 0, 2, 3)]"
"(6, 7, 7, 14, 11, 0)","[(2, '?', 0, 2, 1), (2, '?', 0, 2, 1), (2, '?', 0, 2, 1), (2, '?', 0, 2, 1), (2, '?', 0, 2, 1)]"
"(6, 7, 9, 3, 11, 0)","[(1, '?', 0, 2, 1), (1, '?', 0, 2, 1), (1, '?', 0, 2, 1), (1, '?', 0, 2, 1), (1, '?', 0, 2, 1)]"
"(6, 7, 9, 3, 13, 0)","[(1, '?', 0, 2, 0)]"
"(6, 7, 14, 3, 6, 0)","[(2, '?', 0, 2, 3)]"
"(6, 7, 14, 3, 11, 0)","[(2, '?', 0, 2, 1), (2, '?', 0, 2, 1), (2, '?', 0, 2, 1)]"
"(6, 7, 14, 3, 14, 0)","[(2, '?', 0, 2, '?'), (2, '?', 0, 2, '?')]"
"(6, 9, 1, 6, 7, 0)","[(1, '?', 3, 3, 2), (1, '?', 3, 3, 2)]"
"(6, 9, 1, 7, 6, 0)","[(1, '?', 3, 3, 3), (1, '?', 3, 3, 3), (1, '?', 3, 3, 3), (1, '?', 3, 3, 3), (1, '?', 3, 3, 3)]"
"(6, 9, 1, 7, 7, 0)","[(1, '?', 3, 3, '?'), (1, '?', 3, 3, '?'), (1, '?', 3, 3, '?'), (1, '?', 3, 3, '?'), (1, '?', 3, 3, '?'), (1, '?', 3, 3, '?'), (1, '?', 3, 3, '?')]"
"(6, 9, 1, 7, 9, 0)","[(1, '?', 3, 3, '?')]"
"(6, 9, 1, 7, 11, 0)","[(1, '?', 3, 3, 1), (1, '?', 3, 3, 1), (1, '?', 3, 3, 1), (1, '?', 3, 3, 1), (1, '?', 3, 3, 1)]"
"(6, 9, 1, 7, 13, 0)","[(1, '?', 3, 3, 0), (1, '?', 3, 3, 0), (1, '?', 3, 3, 0), (1, '?', 3, 3, 0), (1, '?', 3, 3, 0), (1, '?', 3, 3, 0)]"
"(6, 9, 3, 6, 7, 0)","[(1, '?', '?', 3, 2), (1, '?', '?', 3, 2), (1, '?', '?', 3, 2), (1, '?', '?', 3, 2)]"
"(6, 9, 3, 7, 6, 0)","[(1, '?', '?', 3, 3), (1, '?', '?', 3, 3), (1, '?', '?', 3, 3), (1, '?', '?', 3, 3), (1, '?', '?', 3, 3)]"
"(6, 9, 3, 7, 7, 0)","[(1, '?', '?', 3, '?'), (1, '?', '?', 3, '?'), (1, '?', '?', 3, 1), (1, '?', '?', 3, '?')]"
"(6, 9, 3, 7, 11, 0)","[(1, '?', '?', 3, 1), (1, '?', '?', 3, 1), (1, '?', '?', 3, 1), (1, '?', '?', 3, 1), (1, '?', '?', 3, 1), (1, '?', '?', 3, 1)]"
"(6, 9, 3, 7, 13, 0)","[(1, '?', '?', 3, 0), (1, '?', '?', 3, 0), (1, '?', '?', 3, 0), (1, '?', '?', 3, 0), (1, '?', '?', 3, 0), (1, '?', '?', 3, 0)]"
"(6, 9, 6, 6, 7, 0)","[(1, '?', '?', 3, 2), (1, '?', '?', 3, 2), (1, '?', '?', 3, 2)]"
"(6, 9, 6, 6, 9, 0)","[(1, '?', 2, 2, 2)]"
"(6, 9, 6, 7, 6, 0)","[(1, '?', 1, 3, 2)]"
"(6, 9, 7, 6, 7, 0)","[(1, '?', 0, 3, 2), (1, '?', 0, 3, 2), (1, '?', 0, 3, 2), (1, '?', 0, 3, 2), (1, '?', 0, 3, 2), (1, '?', 0, 3, 2), (1, '?', 0, 3, 2)]"
"(6, 9, 7, 7, 6, 0)","[(1, '?', 0, 3, 3), (1, '?', 0, 3, 3), (1, '?', 0, 3, 3), (1, '?', 0, 3, 3), (1, '?', 0, 3, 3), (1, '?', 0, 3, 3), (1, '?', 0, 3, 3)]"
"(6, 9, 7, 7, 7, 0)","[(1, '?', 0, 3, 1), ('?', '?', 0, 3, '?')]"
"(6, 9, 7, 7, 11, 0)","[(1, '?', 0, 3, 1), (1, '?', 0, 3, 1), (1, '?', 0, 3, 1), (1, '?', 0, 3, 1)]"
"(6, 9, 7, 7, 13, 0)","[(1, '?', 0, 3, 0), (1, '?', 0, 3, 0), (1, '?', 0, 3, 0), (1, '?', 0, 3, 0)]"
"(6, 9, 9, 7, 11, 0)","[(1, '?', 2, 3, 1)]"
"(6, 9, 10, 6, 7, 0)","[(1, '?', 1, 3, 2), (1, '?', 1, 3, 2), (1, '?', 1, 3, 2), (1, '?', 1, 3, 2), (1, '?', 1, 3, 2), (1, '?', 1, 3, 2)]"
"(6, 9, 10, 7, 7, 0)","[(1, '?', 1, 3, '?'), (1, '?', 1, 3, '?'), (1, '?', 1, 3, '?')]"
"(6, 9, 10, 7, 9, 0)","[(1, '?', 1, 3, '?'), (1, '?', 1, 3, '?'), (1, '?', 1, 3, '?'), (1, '?', 1, 3, '?')]"
"(6, 9, 10, 7, 11, 0)","[(1, '?', 1, 3, 1), (1, '?', 1, 3, 1), (1, '?', 1, 3, 1), (1, '?', 1, 3, 1), (1, '?', 1, 3, 1), (1, '?', 1, 3, 1), (1, '?', 1, 3, 1), (1, '?', 1, 3, 1)]"
"(6, 9, 10, 7, 13, 0)","[(1, '?', 1, 3, 0), (1, '?', 1, 3, 0), (1, '?', 1, 3, 0), (1, '?', 1, 3, 0)]"
"(6, 9, 10, 9, 11, 0)","[(1, '?', 1, '?', 1), (1, '?', 1, 2, 1)]"
"(6, 9, 10, 9, 13, 0)","[(1, '?', 1, '?', 0)]"
"(6, 9, 11, 6, 7, 0)","[(1, '?', '?', 3, 2)]"
"(6, 9, 11, 6, 9, 0)","[(1, '?', 2, 2, 2)]"
"(6, 9, 11, 7, 7, 0)","[(1, '?', 2, 3, '?'), (1, '?', 2, 3, '?'), (1, '?', 2, 3, '?'), (1, '?', 2, 3, '?'), (1, '?', 2, 3, '?')]"
"(6, 9, 11, 7, 9, 0)","[(1, '?', 2, 3, 1)]"
"(6, 9, 11, 7, 11, 0)","[(1, '?', 2, 3, 1), (1, '?', 2, 3, 1), (1, '?', 2, 3, 1)]"
"(6, 10, 3, 3, 3, 0)","[('?', '?', 1, 2, '?')]"
"(6, 10, 3, 6, 3, 0)","[('?', '?', 1, 2, 2), ('?', '?', 1, 2, 2), ('?', '?', 1, 2, 2), ('?', '?', 1, 2, 2), ('?', '?', 1, 2, 2)]"
"(6, 10, 3, 6, 7, 0)","[('?', '?', 1, 3, 2), ('?', '?', 1, 3, 2)]"
"(6, 10, 3, 6, 9, 0)","[(1, '?', 1, 2, 2), (1, '?', 1, 2, 2)]"
"(6, 10, 3, 6, 10, 0)","[('?', '?', 1, 2, 2)]"
"(6, 10, 3, 6, 14, 0)","[(2, '?', 1, 2, 2)]"
"(6, 10, 3, 7, 7, 0)","[('?', '?', 1, 3, 1)]"
"(6, 10, 3, 7, 13, 0)","[('?', '?', 1, 3, 0)]"
"(6, 10, 3, 9, 3, 0)","[(1, '?', 1, 2, '?')]"
"(6, 10, 3, 10, 3, 0)","[('?', '?', 1, 2, '?')]"
"(6, 10, 3, 10, 5, 0)","[('?', '?', 1, 2, 2)]"
"(6, 10, 3, 14, 3, 0)","[(2, '?', 1, 2, '?')]"
"(6, 10, 6, 6, 7, 0)","[('?', '?', 1, 3, 2), ('?', '?', 1, 3, 2)]"
"(6, 10, 6, 6, 9, 0)","[(1, '?', 1, 2, 2), (1, '?', 1, 2, 2), (1, '?', 1, 2, 2)]"
"(6, 10, 6, 6, 14, 0)","[(2, '?', 1, 2, 2), (2, '?', 1, 2, 2)]"
"(6, 10, 6, 10, 3, 0)","[('?', '?', 1, 2, 2)]"
"(6, 10, 6, 14, 10, 0)","[(2, '?', 1, 2, 2)]"
"(6, 10, 8, 6, 7, 0)","[(0, '?', 1, 3, 2), (0, '?', 1, 3, 2), (0, '?', 1, 3, 2)]"
"(6, 10, 8, 7, 3, 0)","[(0, '?', 1, 3, '?')]"
"(6, 10, 8, 7, 6, 0)","[(0, '?', 1, 3, 3), (0, '?', 1, 3, 3), (0, '?', 1, 3, 3)]"
"(6, 10, 8, 7, 7, 0)","[(0, '?', 1, 3, '?')]"
"(6, 10, 8, 7, 11, 0)","[(0, '?', 1, 3, 1), (0, '?', 1, 3, 1), (0, '?', 1, 3, 1), (0, '?', 1, 3, 1)]"
"(6, 10, 8, 7, 13, 0)","[(0, '?', 1, 3, 0), (0, '?', 1, 3, 0), (0, '?', 1, 3, 0)]"
"(6, 10, 8, 8, 7, 0)","[(0, '?', 1, 3, '?')]"
"(6, 10, 10, 3, 3, 0)","[('?', '?', 1, 2, '?')]"
"(6, 10, 10, 3, 6, 0)","[('?', '?', 1, 2, 3)]"
"(6, 10, 10, 3, 13, 0)","[('?', '?', 1, 2, 0), ('?', '?', 1, 2, 0), ('?', '?', 1, 2, 0)]"
"(6, 10, 10, 4, 7, 0)","[(0, '?', 1, 3, 2), (0, '?', 1, 3, 2), (0, '?', 1, 3, 2)]"
"(6, 10, 10, 6, 7, 0)","[('?', '?', 1, 3, 2), ('?', '?', 1, 3, 2), ('?', '?', 1, 3, 2), ('?', '?', 1, 3, 2)]"
"(6, 10, 10, 6, 9, 0)","[(1, '?', 1, 2, 2)]"
"(6, 10, 10, 6, 14, 0)","[(2, '?', 1, 2, 2), (2, '?', 1, 2, 2), (2, '?', 1, 2, 2), (2, '?', 1, 2, 2)]"
"(6, 10, 10, 7, 6, 0)","[('?', '?', 1, 3, 3)]"
"(6, 10, 10, 7, 7, 0)","[('?', '?', 1, 3, '?'), ('?', '?', 1, 3, '?'), ('?', '?', 1, 3, '?'), ('?', '?', 1, 3, '?')]"
"(6, 10, 10, 7, 11, 0)","[('?', '?', 1, 3, 1), ('?', '?', 1, 3, 1)]"
"(6, 10, 10, 7, 13, 0)","[('?', '?', 1, 3, 0), ('?', '?', 1, 3, 0)]"
"(6, 10, 10, 8, 11, 0)","[(0, '?', 1, 3, 1)]"
"(6, 10, 10, 9, 3, 0)","[(1, '?', 1, 2, '?'), (1, '?', 1, 2, '?')]"
"(6, 10, 10, 10, 13, 0)","[('?', '?', 1, 2, 0), ('?', '?', 1, 2, 0), ('?', '?', 1, 2, 0)]"
"(6, 10, 10, 10, 15, 0)","[('?', '?', 1, 2, '?')]"
"(6, 10, 10, 14, 6, 0)","[(2, '?', 1, 2, 3)]"
"(6, 10, 10, 14, 11, 0)","[(2, '?', 1, 2, 1), (2, '?', 1, 2, 1), (2, '?', 1, 2, 1), (2, '?', 1, 2, 1), (2, '?', 1, 2, 1)]"
"(6, 10, 14, 10, 14, 0)","[(2, '?', 1, 2, '?'), (2, '?', 1, 2, '?')]"
"(6, 11, 3, 3, 3, 0)","[('?', '?', 2, 2, '?'), ('?', '?', 2, 2, '?'), ('?', '?', 2, 2, '?'), ('?', '?', 2, 2, '?'), ('?', '?', 2, 2, '?')]"
"(6, 11, 3, 3, 6, 0)","[('?', '?', 2, 2, 3), ('?', '?', 2, 2, 3), ('?', '?', 2, 2, 3), ('?', '?', 2, 2, 3), ('?', '?', 2, 2, 3), ('?', '?', 2, 2, 3)]"
"(6, 11, 3, 3, 11, 0)","[('?', '?', 2, 2, 1)]"
"(6, 11, 3, 3, 13, 0)","[('?', '?', 2, 2, 0), ('?', '?', 2, 2, 0), ('?', '?', 2, 2, 0), ('?', '?', 2, 2, 0), ('?', '?', 2, 2, 0)]"
"(6, 11, 3, 4, 4, 0)","[(0, 1, 2, 2, 2)]"
"(6, 11, 3, 4, 7, 0)","[(0, '?', 2, 3, 2)]"
"(6, 11, 3, 6, 3, 0)","[('?', '?', 2, 2, 2)]"
"(6, 11, 3, 7, 7, 0)","[('?', '?', 2, 3, '?'), ('?', 2, 2, 3, '?'), ('?', '?', 2, 3, '?'), ('?', '?', 2, 3, '?'), ('?', '?', 2, 3, '?'), ('?', '?', 2, 3, '?'), ('?', '?', 2, 3, '?'), ('?', '?', 2, 3, '?')]"
"(6, 11, 3, 7, 13, 0)","[('?', '?', 2, 3, 0), ('?', '?', 2, 3, 0), ('?', '?', 2, 3, 0), ('?', '?', 2, 3, 0), ('?', '?', 2, 3, 0)]"
"(6, 11, 3, 8, 3, 0)","[(0, '?', 2, 2, '?'), (0, '?', 2, 2, '?')]"
"(6, 11, 3, 8, 6, 0)","[(0, '?', 2, 2, 3)]"
"(6, 11, 3, 8, 7, 0)","[(0, '?', 2, 3, '?'), (0, '?', 2, 3, 1)]"
"(6, 11, 3, 8, 11, 0)","[(0, '?', 2, 2, 1), (0, 1, 2, 2, 1), (0, '?', 2, 2, 1), (0, 1, 2, 2, 1), (0, '?', 2, 2, 1), (0, '?', 2, 2, 1), (0, '?', 2, 2, 1)]"
"(6, 11, 3, 8, 13, 0)","[(0, '?', 2, 3, 0)]"
"(6, 11, 3, 9, 11, 0)","[(1, '?', 2, 2, 1), (1, '?', 2, 2, 1), (1, '?', 2, 2, 1), (1, '?', 2, 2, 1), (1, '?', 2, 2, 1)]"
"(6, 11, 3, 9, 13, 0)","[(1, '?', 2, 2, 0), (1, '?', 2, 2, 0), (1, '?', 2, 2, 0), (1, '?', 2, 2, 0), (1, '?', 2, 2, 0)]"
"(6, 11, 3, 10, 11, 0)","[('?', '?', 2, 2, 1)]"
"(6, 11, 6, 3, 3, 0)","[('?', '?', 2, 2, 2), ('?', '?', 2, 2, 2)]"
"(6, 11, 6, 6, 3, 0)","[('?', '?', 2, 2, 2), ('?', '?', 2, 2, 2)]"
"(6, 11, 6, 6, 7, 0)","[('?', '?', 2, 3, 2)]"
"(6, 11, 6, 6, 9, 0)","[(1, 0, 2, 2, 2)]"
"(6, 11, 6, 6, 14, 0)","[(2, '?', 2, 2, 2), (2, '?', 2, 2, 2)]"
"(6, 11, 6, 7, 7, 0)","[('?', '?', 2, 3, 2), ('?', '?', 2, 3, 2)]"
"(6, 11, 7, 7, 7, 0)","[('?', '?', 2, 3, '?')]"
"(6, 11, 8, 6, 7, 0)","[(0, '?', 2, 3, 2), (0, '?', 2, 3, 2)]"
"(6, 11, 8, 7, 3, 0)","[(0, '?', 2, 3, '?'), (0, '?', 2, 3, 1)]"
"(6, 11, 8, 7, 6, 0)","[(0, '?', 2, 3, 3), (0, '?', 2, 3, 3), (0, '?', 2, 3, 3)]"
"(6, 11, 8, 7, 7, 0)","[(0, '?', 2, 3, '?'), (0, '?', 2, 3, '?'), (0, '?', 2, 3, '?'), (0, '?', 2, 3, '?'), (0, '?', 2, 3, '?'), (0, '?', 2, 3, '?')]"
"(6, 11, 8, 7, 11, 0)","[(0, '?', 2, 3, 1), (0, '?', 2, 3, 1), (0, '?', 2, 3, 1), (0, '?', 2, 3, 1), (0, '?', 2, 3, 1)]"
"(6, 11, 8, 7, 13, 0)","[(0, '?', 2, 3, 0), (0, '?', 2, 3, 0)]"
"(6, 11, 9, 3, 11, 0)","[(1, '?', 2, 2, 1)]"
"(6, 11, 9, 3, 13, 0)","[(1, '?', 2, 2, 0)]"
"(6, 11, 9, 6, 9, 0)","[(1, '?', 2, 2, 2), (1, '?', 2, 2, 2), (1, '?', 2, 2, 2)]"
"(6, 11, 9, 7, 11, 0)","[(1, '?', 2, 3, 1)]"
"(6, 11, 9, 9, 13, 0)","[(1, '?', 2, 2, 0)]"
"(6, 11, 11, 3, 3, 0)","[('?', '?', 2, 2, '?')]"
"(6, 11, 11, 3, 11, 0)","[('?', '?', 2, 2, 1)]"
"(6, 11, 11, 3, 13, 0)","[('?', '?', 2, 2, 0)]"
"(6, 11, 11, 7, 7, 0)","[(1, '?', 2, 3, '?'), (1, '?', 2, 3, '?')]"
"(6, 11, 11, 14, 11, 0)","[(2, '?', 2, 2, 1), (2, '?', 2, 2, 1)]"
"(6, 11, 14, 3, 11, 0)","[(2, '?', 2, 2, 1), (2, '?', 2, 2, 1), (2, '?', 2, 2, 1), (2, '?', 2, 2, 1), (2, '?', 2, 2, 1)]"
"(6, 11, 14, 3, 13, 0)","[(2, '?', 2, 2, 0), (2, '?', 2, 2, 0), (2, '?', 2, 2, 0), (2, '?', 2, 2, 0), (2, '?', 2, 2, 0), (2, '?', 2, 2, 0), (2, '?', 2, 2, 0), (2, '?', 2, 2, 0), (2, '?', 2, 2, 0)]"
"(6, 11, 14, 6, 14, 0)","[(2, '?', 2, 2, 2), (2, '?', 2, 2, 2)]"
"(6, 11, 14, 7, 14, 0)","[(2, '?', 2, 3, '?')]"
"(6, 11, 14, 14, 11, 0)","[(2, '?', 2, 2, 1)]"
"(6, 12, 1, 1, 3, 0)","[('?', 3, 3, 2, '?')]"
"(6, 12, 1, 1, 6, 0)","[('?', 3, 3, 2, 3), ('?', 3, 3, 2, 3)]"
"(6, 12, 1, 3, 11, 0)","[('?', 3, 3, 2, 1), ('?', 3, 3, 2, 1)]"
"(6, 12, 1, 3, 13, 0)","[('?', 3, 3, 2, 0)]"
"(6, 12, 1, 6, 9, 0)","[(1, 3, 3, 2, 2), (1, 3, 3, 2, 2)]"
"(6, 12, 1, 6, 14, 0)","[(2, 3, 3, 2, 2)]"
"(6, 12, 1, 9, 3, 0)","[(1, 3, 3, 2, '?'), (1, 3, 3, 2, '?')]"
"(6, 12, 1, 9, 11, 0)","[(1, 3, 3, 2, 1), (1, 3, 3, 2, 1), (1, 3, 3, 2, 1), (1, 3, 3, 2, 1)]"
"(6, 12, 1, 9, 13, 0)","[(1, 3, 3, 2, 0), (1, 3, 3, 2, 0), (1, 3, 3, 2, 0), (1, 3, 3, 2, 0), (1, 3, 3, 2, 0)]"
"(6, 12, 1, 10, 3, 0)","[('?', 3, 3, 2, '?')]"
"(6, 12, 1, 14, 1, 0)","[(2, 3, 3, 2, '?')]"
"(6, 12, 1, 14, 6, 0)","[(2, 3, 3, 2, 3)]"
"(6, 12, 1, 14, 11, 0)","[(2, 3, 3, 2, 1)]"
"(6, 12, 1, 14, 13, 0)","[(2, 3, 3, 2, 0), (2, 3, 3, 2, 0), (2, 3, 3, 2, 0)]"
"(6, 12, 3, 3, 3, 0)","[('?', 3, '?', 2, '?'), ('?', 3, '?', 2, '?'), ('?', 3, '?', 2, '?')]"
"(6, 12, 3, 3, 6, 0)","[('?', 3, '?', 2, 3), ('?', 3, '?', 2, 3), ('?', 3, '?', 2, 3), ('?', 3, '?', 2, 3), ('?', 3, '?', 2, 3), ('?', 3, '?', 2, 3)]"
"(6, 12, 3, 3, 11, 0)","[('?', 3, '?', 2, 1), ('?', 3, '?', 2, 1), ('?', 3, '?', 2, 1)]"
"(6, 12, 3, 3, 13, 0)","[('?', 3, '?', 2, 0), ('?', 3, '?', 2, 0), ('?', 3, '?', 2, 0)]"
"(6, 12, 3, 6, 3, 0)","[(1, 3, '?', 2, 2)]"
"(6, 12, 3, 6, 9, 0)","[(1, 3, '?', 2, 2)]"
"(6, 12, 3, 6, 14, 0)","[(2, 3, '?', 2, 2), (2, 3, '?', 2, 2), (2, 3, '?', 2, 2), (2, 3, '?', 2, 2), (2, 3, '?', 2, 2)]"
"(6, 12, 3, 9, 3, 0)","[(1, 3, '?', 2, '?'), (1, 3, '?', 2, '?')]"
"(6, 12, 3, 9, 6, 0)","[(1, 3, '?', 2, 3), (1, 3, '?', 2, 3), (1, 3, '?', 2, 3)]"
"(6, 12, 3, 14, 3, 0)","[(2, 3, '?', 2, '?'), (2, 3, '?', 2, '?'), (2, 3, '?', 2, '?'), (2, 3, '?', 2, '?'), (2, 3, '?', 2, '?')]"
"(6, 12, 3, 14, 11, 0)","[(2, 3, '?', 2, 1), (2, 3, '?', 2, 1), (2, 3, '?', 2, 1), (2, 3, '?', 2, 1)]"
"(6, 12, 3, 14, 13, 0)","[(2, 3, '?', 2, 0), (2, 3, '?', 2, 0), (2, 3, '?', 2, 0), (2, 3, '?', 2, 0)]"
"(6, 12, 4, 3, 11, 0)","[(3, 3, '?', 2, 1)]"
"(6, 12, 6, 6, 3, 0)","[('?', 3, 0, 2, 2)]"
"(6, 12, 6, 6, 9, 0)","[(1, 3, 0, 2, 2), (1, 3, '?', 2, 2), (1, 3, '?', 2, 2), (1, 3, '?', 2, 2), (1, 3, 0, 2, 2), (1, 3, '?', 2, 2)]"
"(6, 12, 6, 6, 14, 0)","[(2, 3, '?', 2, 2), (2, 3, '?', 2, 2)]"
"(6, 12, 7, 3, 3, 0)","[('?', 3, 0, 2, '?'), ('?', 3, 0, 2, '?'), ('?', 3, 0, 2, '?'), ('?', 3, 0, 2, '?'), ('?', 3, 0, 2, '?')]"
"(6, 12, 7, 3, 6, 0)","[('?', 3, 0, 2, 3), ('?', 3, 0, 2, 3), ('?', 3, 0, 2, 3), ('?', 3, 0, 2, 3)]"
"(6, 12, 7, 3, 13, 0)","[('?', 3, 0, 2, 0), ('?', 3, 0, 2, 0), ('?', 3, 0, 2, 0), ('?', 3, 0, 2, 0)]"
"(6, 12, 7, 6, 3, 0)","[(3, 3, 0, 2, 2), (1, 3, 0, 2, 2)]"
"(6, 12, 7, 6, 7, 0)","[(0, 3, 0, 3, 2)]"
"(6, 12, 7, 6, 14, 0)","[(2, 3, 0, 2, 2)]"
"(6, 12, 7, 9, 3, 0)","[(1, 3, 0, 2, '?'), (1, 3, 0, 2, '?'), (1, 3, 0, 2, '?'), (1, 3, 0, 2, '?'), (1, 3, 0, 2, '?')]"
"(6, 12, 7, 9, 6, 0)","[(1, 3, 0, 2, 3), (1, 3, 0, 2, 3), (1, 3, 0, 2, 3)]"
"(6, 12, 7, 9, 11, 0)","[(1, 3, 0, 2, 1), (1, 3, 0, 2, 1)]"
"(6, 12, 7, 14, 3, 0)","[(2, 3, 0, 2, '?'), (2, 3, 0, 2, '?'), (2, 3, 0, 2, '?')]"
"(6, 12, 7, 14, 6, 0)","[(2, 3, 0, 2, 3), (2, 3, 0, 2, 3), (2, 3, 0, 2, 3), (2, 3, 0, 2, 3), (2, 3, 0, 2, 3), (2, 3, 0, 2, 3)]"
"(6, 12, 10, 3, 13, 0)","[('?', 3, 1, 2, 0), ('?', 3, 1, 2, 0), ('?', 3, 1, 2, 0)]"
"(6, 12, 10, 6, 3, 0)","[('?', 3, 1, 2, 2), ('?', 3, 1, 2, 2), ('?', 3, 1, 2, 2)]"
"(6, 12, 10, 6, 9, 0)","[(1, 3, 1, 2, 2), (1, 3, 1, 2, 2), (1, 3, 1, 2, 2), (1, 3, 1, 2, 2), (1, 3, 1, 2, 2), (1, 3, 1, 2, 2), (1, 3, 1, 2, 2)]"
"(6, 12, 10, 6, 14, 0)","[(2, 3, 1, 2, 2), (2, 3, 1, 2, 2), (2, 3, 1, 2, 2), (2, 3, 1, 2, 2)]"
"(6, 12, 10, 9, 3, 0)","[(1, 3, 1, 2, '?'), (1, 3, 1, 2, '?'), (1, 3, 1, 2, '?'), (1, 3, 1, 2, 1), (1, 3, 1, 2, '?')]"
"(6, 12, 10, 9, 6, 0)","[(1, 3, 1, 2, 3), (1, 3, 1, 2, 3), (1, 3, 1, 2, 3), (1, 3, 1, 2, 3)]"
"(6, 12, 10, 9, 11, 0)","[(1, 3, 1, 2, 1), (1, 3, 1, 2, 1), (1, 3, 1, 2, 1), (1, 3, 1, 2, 1)]"
"(6, 12, 10, 9, 13, 0)","[(1, 3, 1, 2, 0), (1, 3, 1, 2, 0), (1, 3, 1, 2, 0)]"
"(6, 12, 10, 10, 6, 0)","[('?', 3, 1, 2, 3), ('?', 3, 1, 2, 3)]"
"(6, 12, 10, 10, 13, 0)","[('?', 3, 1, 2, 0), ('?', 3, 1, 2, 0)]"
"(6, 12, 10, 14, 3, 0)","[(2, 3, 1, 2, '?'), (2, 3, 1, 2, '?'), (2, 3, 1, 2, '?'), (2, 3, 1, 2, '?'), (2, 3, 1, 2, '?'), (2, 3, 1, 2, '?'), (2, 3, 1, 2, '?')]"
"(6, 12, 10, 14, 6, 0)","[(2, 3, 1, 2, 3), (2, 3, 1, 2, 3), (2, 3, 1, 2, 3), (2, 3, 1, 2, 3), (2, 3, 1, 2, 3), (2, 3, 1, 2, 3)]"
"(6, 12, 10, 14, 10, 0)","[(2, 3, 1, 2, '?')]"
"(6, 12, 11, 3, 3, 0)","[('?', 3, 2, 2, '?'), ('?', 3, 2, 2, '?'), ('?', 3, 2, 2, '?'), ('?', 3, 2, 2, '?')]"
"(6, 12, 11, 3, 6, 0)","[('?', 3, 2, 2, 3), ('?', 3, 2, 2, 3)]"
"(6, 12, 11, 3, 11, 0)","[('?', 3, 2, 2, 1)]"
"(6, 12, 11, 3, 13, 0)","[('?', 3, 2, 2, 0), ('?', 3, 2, 2, 0)]"
"(6, 12, 11, 6, 3, 0)","[('?', 3, 2, 2, 2), ('?', 3, 2, 2, 2), ('?', 3, 2, 2, 2), ('?', 3, 2, 2, 2), ('?', 3, 2, 2, 2)]"
"(6, 12, 11, 6, 9, 0)","[(1, 3, 2, 2, 2), (1, 3, 2, 2, 2)]"
"(6, 12, 11, 6, 14, 0)","[(2, 3, 2, 2, 2), (2, 3, 2, 2, 2), (2, 3, 2, 2, 2)]"
"(6, 12, 11, 9, 6, 0)","[(1, 3, 2, 2, 3), (1, 3, 2, 2, 3)]"
"(6, 12, 11, 9, 11, 0)","[(1, 3, 2, 2, 1), (1, 3, 2, 2, 1), (1, 3, 2, 2, 1)]"
"(6, 12, 11, 9, 13, 0)","[(1, 3, 2, 2, 0)]"
"(6, 12, 11, 10, 3, 0)","[('?', 3, 2, 2, '?')]"
"(6, 12, 11, 14, 3, 0)","[(2, 3, 2, 2, '?'), (2, 3, 2, 2, '?'), (2, 3, 2, 2, '?')]"
"(6, 12, 11, 14, 6, 0)","[(2, 3, 2, 2, 3), (2, 3, 2, 2, 3), (2, 3, 2, 2, 3)]"
"(6, 12, 14, 3, 13, 0)","[(2, 3, '?', 2, 0)]"
"(6, 14, 1, 6, 7, 0)","[(2, '?', 3, 3, 2), (2, '?', 3, 3, 2), (2, '?', 3, 3, 2), (2, '?', 3, 3, 2), (2, '?', 3, 3, 2), (2, '?', 3, 3, 2), (2, '?', 3, 3, 2), (2, '?', 3, 3, 2), (2, '?', 3, 3, 2)]"
"(6, 14, 1, 7, 6, 0)","[(2, '?', 3, 3, 3), (2, '?', 3, 3, 3), (2, 2, 3, 3, 3), (2, '?', 3, 3, 3), (2, '?', 3, 3, 3), (2, '?', 3, 3, 3), (2, '?', 3, 3, 3), (2, '?', 3, 3, 3), (2, 2, 3, 3, 3)]"
"(6, 14, 1, 7, 7, 0)","[(2, '?', 3, 3, '?'), (2, '?', 3, 3, '?'), (2, '?', 3, 3, '?'), (2, '?', 3, 3, '?'), (2, '?', 3, 3, '?'), (2, '?', 3, 3, '?')]"
"(6, 14, 1, 7, 13, 0)","[(2, '?', 3, 3, 0), (2, '?', 3, 3, 0), (2, '?', 3, 3, 0), (2, '?', 3, 3, 0), (2, '?', 3, 3, 0), (2, 2, 3, 3, 0)]"
"(6, 14, 1, 7, 14, 0)","[(2, '?', 3, 3, '?'), (2, 2, 3, 3, '?')]"
"(6, 14, 3, 6, 7, 0)","[(2, '?', '?', 3, 2), (2, '?', '?', 3, 2), (2, '?', '?', 3, 2), (2, '?', '?', 3, 2)]"
"(6, 14, 3, 7, 6, 0)","[(2, '?', '?', 3, 3), (2, '?', '?', 3, 3), (2, '?', '?', 3, 3), (2, '?', '?', 3, 3)]"
"(6, 14, 3, 7, 7, 0)","[(2, '?', '?', 3, '?'), (2, '?', '?', 3, '?'), (2, '?', '?', 3, '?'), (2, '?', '?', 3, 1), (2, '?', '?', 3, '?')]"
"(6, 14, 3, 7, 11, 0)","[(2, '?', '?', 3, 1), (2, 2, '?', 3, 1)]"
"(6, 14, 3, 7, 13, 0)","[(2, '?', '?', 3, 0), (2, '?', '?', 3, 0), (2, '?', '?', 3, 0), (2, '?', '?', 3, 0), (2, '?', '?', 3, 0), (2, '?', '?', 3, 0), (2, '?', '?', 3, 0)]"
"(6, 14, 3, 7, 14, 0)","[(2, '?', '?', 3, 1)]"
"(6, 14, 6, 6, 7, 0)","[(2, '?', '?', 3, 2), (2, '?', '?', 3, 2)]"
"(6, 14, 7, 7, 6, 0)","[(2, '?', 0, 3, 3), (2, '?', 0, 3, 3), (2, '?', 0, 3, 3), (2, '?', 0, 3, 3), (2, '?', 0, 3, 3), (2, '?', 0, 3, 3)]"
"(6, 14, 7, 7, 13, 0)","[(2, '?', 0, 3, 0), (2, '?', 0, 3, 0), (2, '?', 0, 3, 0), (2, '?', 0, 3, 0), (2, '?', 0, 3, 0), (2, '?', 0, 3, 0), (2, '?', 0, 3, 0), (2, 0, 0, 3, 0), (2, '?', 0, 3, 0), (2, '?', 0, 3, 0), (2, 2, 0, 3, 0)]"
"(6, 14, 7, 14, 6, 0)","[(2, '?', 0, 3, 3), (2, '?', 0, 0, 3), (2, '?', 0, 3, 3)]"
"(6, 14, 10, 7, 6, 0)","[(2, '?', 1, 3, 3), (2, '?', 1, 3, 3), (2, '?', 1, 3, 3), (2, '?', 1, 3, 3), (2, '?', 1, 3, 3), (2, '?', 1, 3, 3), (2, '?', 1, 3, 3)]"
"(6, 14, 10, 7, 7, 0)","[(2, '?', 1, 3, '?'), (2, '?', 1, 3, '?'), (2, '?', 1, 3, '?')]"
"(6, 14, 10, 7, 11, 0)","[(2, '?', 1, 3, 1), (2, '?', 1, 3, 1), (2, '?', 1, 3, 1), (2, '?', 1, 3, 1), (2, '?', 1, 3, 1), (2, '?', 1, 3, 1), (2, '?', 1, 3, 1), (2, '?', 1, 3, 1)]"
"(6, 14, 10, 7, 13, 0)","[(2, '?', 1, 3, 0), (2, '?', 1, 3, 0), (2, 2, 1, 3, 0), (2, '?', 1, 3, 0), (2, '?', 1, 3, 0), (2, '?', 1, 3, 0), (2, '?', 1, 3, 0), (2, 2, 1, 3, 0)]"
"(6, 14, 10, 7, 14, 0)","[(2, '?', 1, 3, '?'), (2, '?', 1, 3, '?'), (2, '?', 1, 3, '?'), (2, 2, 1, 3, 1), (2, '?', 1, 3, '?'), (2, '?', 1, 3, '?')]"
"(6, 14, 10, 14, 6, 0)","[(2, '?', 1, 2, 3), (2, '?', 1, 2, 3), (2, '?', 1, 2, 3)]"
"(6, 14, 10, 14, 11, 0)","[(2, '?', 1, 2, 1)]"
"(6, 14, 10, 14, 13, 0)","[(2, '?', 1, '?', 0)]"
"(6, 14, 11, 6, 7, 0)","[(2, '?', 2, 3, 2), (2, '?', 2, 3, 2), (2, '?', 2, 3, 2), (2, '?', 2, 3, 2), (2, '?', 2, 3, 2), (2, '?', 2, 3, 2), (2, '?', 2, 3, 2), (2, '?', 2, 3, 2), (2, '?', 2, 3, 2)]"
"(6, 14, 11, 7, 7, 0)","[(2, '?', 2, 3, '?'), (2, '?', 2, 3, '?'), (2, '?', 2, 3, '?'), (2, '?', 2, 3, '?'), (2, '?', 2, 3, '?'), (2, '?', 2, 3, '?'), (2, '?', 2, 3, '?'), (2, '?', 2, 3, '?')]"
"(6, 14, 11, 7, 14, 0)","[(2, 0, 2, 3, 1)]"
"(6, 14, 14, 7, 6, 0)","[(2, '?', '?', 3, 3), (2, '?', '?', 3, 3), (2, '?', '?', 3, 3), (2, '?', '?', 3, 3)]"
"(6, 14, 14, 7, 7, 0)","[(2, '?', '?', 3, '?'), (2, '?', '?', 3, '?'), (2, '?', '?', 3, 1), (2, '?', '?', 3, '?'), (2, '?', '?', 3, 1)]"
"(6, 14, 14, 7, 11, 0)","[(2, '?', '?', 3, 1), (2, '?', '?', 3, 1)]"
"(6, 15, 7, 6, 14, 0)","[(2, 2, 0, 1, 2)]"
"(7, 3, 1, 3, 3, 0)","[('?', 1, 3, 1, '?'), ('?', 1, 3, 1, '?'), ('?', 1, 3, 1, '?'), ('?', 1, 3, 1, '?'), ('?', 1, 3, 1, '?'), ('?', 1, 3, 1, '?'), (3, 1, 3, 1, '?'), ('?', 1, 3, 1, 0), ('?', 1, 3, 1, 1), ('?', 1, 3, 1, '?'), ('?', 1, 3, 1, 1), ('?', 1, 3, 1, 1), ('?', 1, 3, 1, 1), ('?', 1, 3, 1, 0), ('?', 1, 3, 1, '?')]"
"(7, 3, 1, 3, 6, 0)","[('?', 1, 3, 1, 3), ('?', 1, 3, 1, 3), ('?', 1, 3, 1, 3), ('?', 1, 3, 1, 3), ('?', 1, 3, 1, 3), ('?', 1, 3, 1, 3)]"
"(7, 3, 1, 3, 11, 0)","[(3, 1, 3, 1, 1), ('?', 1, 3, 1, 1), ('?', 1, 3, 1, 1), (3, 1, 3, 1, 1), ('?', 1, 3, 1, 1)]"
"(7, 3, 1, 3, 13, 0)","[('?', 1, 3, 1, 0), ('?', 1, 3, 1, 0), ('?', 1, 3, 1, 0)]"
"(7, 3, 1, 6, 3, 0)","[('?', 1, 3, 1, 2), ('?', 1, 3, 1, 2), ('?', 1, 3, 1, 2), ('?', 1, 3, 1, 2), ('?', 1, 3, 1, 2), ('?', 1, 3, 1, 2), ('?', 1, 3, 1, 2), ('?', 1, 3, 1, 2)]"
"(7, 3, 1, 6, 9, 0)","[(1, 1, 3, 1, 2), (1, 1, 3, 1, 2), (1, 1, 3, 1, 2), (1, 1, 3, 1, 2)]"
"(7, 3, 1, 6, 15, 0)","[('?', 1, 3, 1, 2)]"
"(7, 3, 1, 8, 3, 0)","[(0, 1, 3, 1, '?'), (0, 1, 3, 1, '?'), (0, 1, 3, 1, '?'), (0, 1, 3, 1, '?'), (0, 1, 3, 1, '?')]"
"(7, 3, 1, 8, 13, 0)","[(0, 1, 3, 1, 0), (0, 1, 3, 1, 0), (0, 1, 3, 1, 0)]"
"(7, 3, 1, 9, 3, 0)","[(1, 1, 3, 1, '?'), (1, 1, 3, 1, '?'), (1, 1, 3, 1, '?'), (1, 1, 3, 1, '?'), (1, 1, 3, 1, '?'), (1, 1, 3, 1, 0), (1, 1, 3, 1, '?'), (1, 1, 3, 1, '?'), (1, 1, 3, 1, '?')]"
"(7, 3, 1, 9, 6, 0)","[(1, 1, 3, 1, 3), (1, 1, 3, 1, 3), (1, 1, 3, 1, 3), (1, 1, 3, 1, 3), (1, 1, 3, 1, 3), (1, 1, 3, 1, 3), (1, 1, 3, 1, 3), (1, 1, 3, 1, 3)]"
"(7, 3, 1, 9, 11, 0)","[(1, 1, 3, 1, 1), (1, 1, 3, 1, 1), (1, 1, 3, 1, 1), (1, 1, 3, 1, 1), (1, 1, 3, 1, 1), (1, 1, 3, 1, 1), (1, 1, 3, 1, 1), (1, 1, 3, 1, 1)]"
"(7, 3, 1, 9, 13, 0)","[(1, 1, 3, 1, 0), (1, 1, 3, 1, 0), (1, 1, 3, 1, 0), (1, 1, 3, 1, 0)]"
"(7, 3, 1, 14, 6, 0)","[(2, 1, 3, 1, 3), (2, 1, 3, 1, 3), (2, 1, 3, 1, 3), (2, 1, 3, 1, 3), (2, 1, 3, 1, 3), (2, 1, 3, 1, 3), (2, 1, 3, 1, 3)]"
"(7, 3, 1, 14, 13, 0)","[(2, 1, 3, 1, 0), (2, 1, 3, 1, 0), (2, 1, 3, 1, 0), (2, 1, 3, 1, 0), (2, 1, 3, 1, 0), (2, 1, 3, 1, 0)]"
"(7, 3, 3, 3, 3, 0)","[('?', 1, '?', 1, '?'), ('?', 1, '?', 1, '?'), ('?', 1, '?', 1, '?'), ('?', 1, '?', 1, 0), ('?', 1, '?', 1, '?'), ('?', 1, '?', 1, '?'), ('?', 1, '?', 1, 1), ('?', 1, '?', 1, '?'), ('?', 1, '?', 1, 1)]"
"(7, 3, 3, 3, 6, 0)","[('?', 1, '?', 1, 3), ('?', 1, '?', 1, 3), (3, 1, '?', 1, 3), ('?', 1, '?', 1, '?'), ('?', 1, '?', 1, 3), ('?', 1, '?', 1, 3), ('?', 1, '?', 1, 3), ('?', 1, '?', 1, 3), ('?', 1, '?', 1, 3), ('?', 1, '?', 1, 3)]"
"(7, 3, 3, 3, 11, 0)","[('?', 1, '?', 1, 1), ('?', 1, '?', 1, 1), ('?', 1, '?', 1, 1), (0, 1, '?', 1, 1), ('?', 1, '?', 1, 1), ('?', 1, '?', 1, 1)]"
"(7, 3, 3, 3, 13, 0)","[('?', 1, '?', 1, 0), ('?', 1, '?', 1, 0), ('?', 1, '?', 1, 0), ('?', 1, '?', 1, 0), ('?', 1, '?', 1, 0), ('?', 1, '?', 1, 0)]"
"(7, 3, 3, 3, 14, 0)","[(2, 1, '?', 1, '?')]"
"(7, 3, 3, 4, 4, 0)","[(0, 1, '?', 1, 2), (0, 1, '?', 1, 2), (0, 1, '?', 1, 2), (0, 1, '?', 1, 2), (0, 1, '?', 1, 2), (0, 1, '?', 1, 2), (0, 1, '?', 1, 2)]"
"(7, 3, 3, 6, 3, 0)","[(1, 1, '?', 1, 2), ('?', 1, '?', 1, 2), ('?', 1, '?', 1, 2), ('?', 1, '?', 1, 2), ('?', 1, '?', 1, 2), ('?', 1, '?', 1, 2)]"
"(7, 3, 3, 6, 9, 0)","[(1, 1, '?', 1, 2), (1, 1, '?', 1, 2), (1, 1, '?', 1, 2), (1, 1, '?', 1, 2), (1, 1, '?', 1, 2), (1, 1, '?', 1, 2), (1, 1, '?', 1, 2)]"
"(7, 3, 3, 8, 11, 0)","[(0, 1, '?', 1, 1), (0, 1, '?', 1, 1), (0, 1, '?', 1, 1), (0, 1, '?', 1, 1), (0, 1, '?', 1, 1), (0, 1, '?', 1, 1), (0, 1, '?', 1, 1)]"
"(7, 3, 3, 8, 13, 0)","[(0, 1, '?', 1, 0), (0, 1, '?', 1, 0), (0, 1, '?', 1, 0), (0, 1, '?', 1, 0), (0, 1, '?', 1, 0), (0, 1, '?', 1, 0)]"
"(7, 3, 3, 9, 3, 0)","[(1, 1, '?', 1, '?'), (1, 1, '?', 1, '?'), (1, 1, '?', 1, '?'), (1, 1, '?', 1, '?'), (1, 1, '?', 1, '?'), (1, 1, '?', 1, '?'), (1, 1, '?', 1, '?'), (1, 1, '?', 1, 1)]"
"(7, 3, 3, 9, 6, 0)","[(1, 1, '?', 1, 3), (1, 1, '?', 1, 3), (1, 1, '?', 1, 3), (1, 1, '?', 1, 3), (1, 1, '?', 1, 3), (1, 1, '?', 1, 3), (1, 1, '?', 1, 3), (1, 1, '?', 1, 3)]"
"(7, 3, 3, 9, 11, 0)","[(1, 1, '?', 1, 1), (1, 1, '?', 1, 1), (1, 1, '?', 1, 1), (1, 1, '?', 1, 1)]"
"(7, 3, 3, 9, 13, 0)","[(1, 1, '?', 1, 0), (1, 1, '?', 1, 0), (1, 1, '?', 1, 0), (1, 1, '?', 1, 0), (1, 1, '?', 1, 0), (1, 1, '?', 1, 0), (1, 1, '?', 1, 0)]"
"(7, 3, 3, 14, 3, 0)","[(2, 1, '?', 1, '?'), (2, 1, '?', 1, '?'), (2, 1, '?', 1, '?')]"
"(7, 3, 3, 14, 6, 0)","[(2, 1, '?', 1, 3), (2, 1, '?', 1, 3), (2, 1, '?', 1, 3), (2, 1, '?', 1, 3), (2, 1, '?', 1, 3)]"
"(7, 3, 3, 14, 13, 0)","[(2, 1, '?', 1, 0), (2, 1, '?', 1, 0), (2, 1, '?', 1, 0), (2, 1, '?', 1, 0), (2, 1, '?', 1, 0), (2, 1, '?', 1, 0), (2, 1, '?', 1, 0)]"
"(7, 3, 4, 1, 3, 0)","[(3, 1, 3, 1, '?'), (3, 1, 3, 1, '?'), (3, 1, 3, 1, '?'), (3, 1, 3, 1, 0), (3, 1, 3, 1, 0), (3, 1, 3, 1, '?'), (3, 1, 3, 1, 0)]"
"(7, 3, 4, 1, 6, 0)","[(3, 1, 3, 1, 3), (3, 1, 3, 1, 3), (3, 1, 3, 1, 3), (3, 1, 3, 1, 3), (3, 1, 3, 1, '?'), (3, 1, 3, 1, 3), (3, 1, 3, 1, 3), (3, 1, 3, 1, 3)]"
"(7, 3, 4, 1, 11, 0)","[(3, 1, 3, 1, 1)]"
"(7, 3, 4, 1, 13, 0)","[(3, 1, 3, 1, 0), (3, 1, 3, 1, 0), (3, 1, 3, 1, 0), (3, 1, 3, 1, 0), (3, 1, 3, 1, 0)]"
"(7, 3, 4, 3, 3, 0)","[(3, 1, '?', 1, '?'), (3, 1, '?', 1, '?'), (3, 1, '?', 1, '?'), (3, 1, '?', 1, '?'), (3, 1, '?', 1, '?'), (3, 1, '?', 1, '?')]"
"(7, 3, 4, 3, 6, 0)","[(3, 1, '?', 1, 3), (3, 1, '?', 1, 3), (3, 1, '?', 1, 3), (3, 1, '?', 1, 3), (3, 1, '?', 1, 3)]"
"(7, 3, 4, 3, 11, 0)","[(3, 1, '?', 1, 1), (3, 1, '?', 1, 1), (3, 1, '?', 1, 1), (3, 1, '?', 1, 1), (3, 1, '?', 1, 1), (3, 1, '?', 1, 1), (3, 1, '?', 1, 1)]"
"(7, 3, 4, 6, 3, 0)","[(3, 1, '?', 1, 2), (3, 1, '?', 1, 2), (3, 1, '?', 1, 2), (3, 1, '?', 1, 2), (3, 1, '?', 1, 2), (3, 1, '?', 1, 2), (3, 1, '?', 1, 2), (3, 1, '?', 1, 2), (3, 1, '?', 1, 2)]"
"(7, 3, 4, 6, 10, 0)","[(3, 1, 1, 1, 2), (3, 1, 1, 1, 2), (3, 1, 1, 1, 2), (3, 1, 1, 1, 2), (3, 1, 1, 1, 2), (3, 1, 1, 1, 2)]"
"(7, 3, 4, 6, 11, 0)","[(3, 1, 2, 1, 2), (3, 1, 2, 1, 2), (3, 1, 2, 1, 2), (3, 1, 2, 1, 2), (3, 1, 2, 1, 2), (3, 1, 2, 1, 2)]"
"(7, 3, 4, 10, 3, 0)","[(3, 1, 1, 1, '?'), (3, 1, 1, 1, '?'), (3, 1, 1, 1, '?'), (3, 1, 1, 1, '?'), (3, 1, 1, 1, '?'), (3, 1, 1, 1, '?'), (3, 1, 1, 1, '?')]"
"(7, 3, 4, 10, 11, 0)","[(3, 1, 1, 1, 1), (3, 1, 1, 1, 1), (3, 1, 1, 1, 1), (3, 1, 1, 1, 1), (3, 1, 1, 1, 1), (3, 1, 1, 1, 1)]"
"(7, 3, 4, 10, 13, 0)","[(3, 1, 1, 1, 0), (3, 1, 1, 1, 0), (3, 1, 1, 1, 0)]"
"(7, 3, 4, 11, 3, 0)","[(3, 1, 2, 1, '?'), (3, 1, 2, 1, '?'), (3, 1, 2, 1, 0), (3, 1, 2, 1, 0), (3, 1, 2, 1, 0)]"
"(7, 3, 4, 11, 6, 0)","[(3, 1, 2, 1, 3), (3, 1, 2, 1, 3), (3, 1, 2, 1, 3), (3, 1, 2, 1, 3)]"
"(7, 3, 4, 11, 13, 0)","[(3, 1, 2, 1, 0), (3, 1, 2, 1, 0), (3, 1, 2, 1, 0), (3, 1, 2, 1, 0)]"
"(7, 3, 7, 3, 3, 0)","[(3, 1, 0, 1, '?'), ('?', 1, 0, 1, '?'), ('?', 1, 0, 1, '?'), ('?', 1, 0, 1, '?'), ('?', 1, 0, 1, '?'), ('?', 1, 0, 1, '?'), ('?', 1, 0, 1, 0), (3, 1, 0, 1, 0), ('?', 1, 0, 1, '?'), (3, 1, 0, 1, 1), ('?', 1, 0, 1, '?')]"
"(7, 3, 7, 3, 6, 0)","[('?', 1, 0, 1, 3), ('?', 1, 0, 1, 3), ('?', 1, 0, 1, 3)]"
"(7, 3, 7, 3, 8, 0)","[(0, 1, 0, 1, '?'), (0, 1, 0, 1, '?')]"
"(7, 3, 7, 3, 11, 0)","[('?', 1, 0, 1, 1), ('?', 1, 0, 1, 1), ('?', 1, 0, 1, 1), ('?', 1, 0, 1, 1), ('?', 1, 0, 1, 1), ('?', 1, 0, 1, 1), (3, 1, 0, 1, 1), (3, 1, 0, 1, 1), ('?', 1, 0, 1, 1)]"
"(7, 3, 7, 3, 13, 0)","[('?', 1, 0, 1, 0), ('?', 1, 0, 1, 0), ('?', 1, 0, 1, 0), ('?', 1, 0, 1, 0), ('?', 1, 0, 1, 0), ('?', 1, 0, 1, 0), ('?', 1, 0, 1, 0)]"
"(7, 3, 7, 4, 3, 0)","[(3, 1, 0, 1, 0), (3, 1, 0, 1, 0)]"
"(7, 3, 7, 4, 4, 0)","[(0, 1, 0, 1, 2), (0, 1, 0, 1, 2), (0, 1, 0, 1, 2), (0, 1, 0, 1, 2), (0, 1, 0, 1, 2)]"
"(7, 3, 7, 4, 7, 0)","[(3, 1, 0, 1, 2)]"
"(7, 3, 7, 4, 13, 0)","[(3, 1, 0, 1, 0)]"
"(7, 3, 7, 6, 3, 0)","[(3, 1, 0, 1, 2), ('?', 1, 0, 1, 2), (3, 1, 0, 1, 2), (3, 1, 0, 1, 2), (3, 1, 0, 1, 2), ('?', 1, 0, 1, 2), ('?', 1, 0, 1, 2), ('?', 1, 0, 1, 2), (3, 1, 0, 1, 2), ('?', 1, 0, 1, 2)]"
"(7, 3, 7, 6, 4, 0)","[(0, 1, 0, 1, 2)]"
"(7, 3, 7, 6, 14, 0)","[(2, 1, 0, 1, 2), (2, 1, 0, 1, 2), (2, 1, 0, 1, 2), (2, 1, 0, 1, 2)]"
"(7, 3, 7, 7, 3, 0)","[(3, 1, 0, 1, '?'), (3, 1, 0, 1, '?')]"
"(7, 3, 7, 7, 8, 0)","[(0, 1, 0, 1, '?')]"
"(7, 3, 7, 7, 11, 0)","[(3, 1, 0, 1, 1), (3, 1, 0, 1, 1), (3, 1, 0, 1, 1), (3, 1, 0, 1, 1), (3, 1, 0, 1, 1)]"
"(7, 3, 7, 7, 13, 0)","[(3, 1, 0, 1, 0)]"
"(7, 3, 7, 8, 3, 0)","[(0, 1, 0, 1, '?'), (0, 1, 0, 1, 1)]"
"(7, 3, 7, 8, 11, 0)","[(0, 1, 0, 1, 1), (0, 1, 0, 1, 1), (0, 1, 0, 1, 1)]"
"(7, 3, 7, 9, 3, 0)","[(1, 1, 0, 1, '?'), (1, 1, 0, 1, '?'), (1, 1, 0, 1, '?'), (1, 1, 0, 1, '?'), (1, 1, 0, 1, '?'), (1, 1, 0, 1, '?'), (1, 1, 0, 1, '?'), (1, 1, 0, 1, '?'), (1, 1, 0, 1, '?'), (1, 1, 0, 1, 0), (1, 1, 0, 1, '?')]"
"(7, 3, 7, 9, 6, 0)","[(1, 1, 0, 1, 3), (1, 1, 0, 1, 3), (1, 1, 0, 1, 3), (1, 1, 0, 1, 3)]"
"(7, 3, 7, 9, 11, 0)","[(1, 1, 0, 1, 1), (1, 1, 0, 1, 1), (1, 1, 0, 1, 1), (1, 1, 0, 1, 1), (1, 1, 0, 1, 1), (1, 1, 0, 1, 1)]"
"(7, 3, 7, 9, 13, 0)","[(1, 1, 0, 1, 0), (1, 1, 0, 1, 0), (1, 1, 0, 1, 0), (1, 1, 0, 1, 0), (1, 1, 0, 1, 0), (1, 1, 0, 1, 0)]"
"(7, 3, 7, 13, 13, 0)","[(3, 1, 0, 1, 0)]"
"(7, 3, 7, 14, 3, 0)","[(2, 1, 0, 1, '?'), (2, 1, 0, 1, '?'), (2, 1, 0, 1, '?'), (2, 1, 0, 1, '?'), (2, 1, 0, 1, '?'), (2, 1, 0, 1, '?')]"
"(7, 3, 7, 14, 6, 0)","[(2, 1, 0, 1, 3), (2, 1, 0, 1, 3), (2, 1, 0, 1, 3), (2, 1, 0, 1, 3)]"
"(7, 3, 7, 14, 11, 0)","[(2, 1, 0, 1, 1), (2, 1, 0, 1, 1), (2, 1, 0, 1, 1), (2, 1, 0, 1, 1), (2, 1, 0, 1, 1), (2, 1, 0, 1, 1)]"
"(7, 3, 7, 14, 13, 0)","[(2, 1, 0, 1, 0), (2, 1, 0, 1, 0), (2, 1, 0, 1, 0), (2, 1, 0, 1, 0), (2, 1, 0, 1, 0), (2, 1, 0, 1, 0), (2, 1, 0, 1, 0), (2, 1, 0, 1, 0)]"
"(7, 3, 9, 3, 13, 0)","[(1, 1, '?', 1, 0)]"
"(7, 3, 10, 3, 3, 0)","[('?', 1, 1, 1, '?'), ('?', 1, 1, 1, '?'), ('?', 1, 1, 1, '?'), ('?', 1, 1, 1, '?'), ('?', 1, 1, 1, '?')]"
"(7, 3, 10, 3, 6, 0)","[('?', 1, 1, 1, 3), (0, 1, 1, 1, 3), (0, 1, 1, 1, 3), (0, 1, 1, 1, 3), (0, 1, 1, 1, 3), ('?', 1, 1, 1, 3), ('?', 1, 1, 1, 3), ('?', 1, 1, 1, 3)]"
"(7, 3, 10, 3, 11, 0)","[('?', 1, 1, 1, 1), ('?', 1, 1, 1, 1)]"
"(7, 3, 10, 3, 13, 0)","[(3, 1, 1, 1, 0), (3, 1, 1, 1, 0), ('?', 1, 1, 1, 0), ('?', 1, 1, 1, 0), (3, 1, 1, 1, 0), ('?', 1, 1, 1, 0)]"
"(7, 3, 10, 4, 4, 0)","[(0, 1, 1, 1, 2), (0, 1, 1, 1, 2), (0, 1, 1, 1, 2), (0, 1, 1, 1, 2), (0, 1, 1, 1, 2), (0, 1, 1, 1, 2), (0, 1, 1, 1, 2), (0, 1, 1, 1, 2), (0, 1, 1, 1, 2)]"
"(7, 3, 10, 6, 3, 0)","[('?', 1, 1, 1, 2), ('?', 1, 1, 1, 2), ('?', 1, 1, 1, 2), ('?', 1, 1, 1, 2), ('?', 1, 1, 1, 2), ('?', 1, 1, 1, 2), ('?', 1, 1, 1, 2), ('?', 1, 1, 1, 2)]"
"(7, 3, 10, 6, 9, 0)","[(1, 1, 1, 1, 2), (1, 1, 1, 1, 2), (1, 1, 1, 1, 2), (1, 1, 1, 1, 2), (1, 1, 1, 1, 2), (1, 1, 1, 1, 2)]"
"(7, 3, 10, 6, 14, 0)","[(2, 1, 1, 1, 2), (2, 1, 1, 1, 2), (2, 1, 1, 1, 2), (2, 1, 1, 1, 2), (2, 1, 1, 1, 2), (2, 1, 1, 1, 2), (2, 1, 1, 1, 2)]"
"(7, 3, 10, 8, 6, 0)","[(0, 1, 1, 1, 3), (0, 1, 1, 1, 3), (0, 1, 1, 1, 3)]"
"(7, 3, 10, 8, 11, 0)","[(0, 1, 1, 1, 1), (0, 1, 1, 1, 1), (0, 1, 1, 1, 1), (0, 1, 1, 1, 1), (0, 1, 1, 1, 1), (0, 1, 1, 1, 1), (0, 1, 1, 1, 1)]"
"(7, 3, 10, 8, 13, 0)","[(0, 1, 1, 1, 0), (0, 1, 1, 1, 0), (0, 1, 1, 1, 0), (0, 1, 1, 1, 0), (0, 1, 1, 1, 0), (0, 1, 1, 1, 0)]"
"(7, 3, 10, 9, 6, 0)","[(1, 1, 1, 1, 3), (1, 1, 1, 1, 3), (1, 1, 1, 1, 3), (1, 1, 1, 1, 3), (1, 1, 1, 1, 3), (1, 1, 1, 1, 3), (1, 1, 1, 1, 3)]"
"(7, 3, 10, 9, 11, 0)","[(1, 1, 1, 1, 1), (1, 1, 1, 1, 1), (1, 1, 1, 1, 1), (1, 1, 1, 1, 1), (1, 1, 1, 1, 1), (1, 1, 1, 1, 1), (1, 1, 1, 1, 1), (1, 1, 1, 1, 1), (1, 1, 1, 1, 1)]"
"(7, 3, 10, 10, 3, 0)","[('?', 1, 1, 1, '?'), (3, 1, 1, 1, '?')]"
"(7, 3, 10, 10, 6, 0)","[('?', 1, 1, 1, 3), (0, 1, 1, 1, 3), (3, 1, 1, 1, '?'), ('?', 1, 1, 1, 3)]"
"(7, 3, 10, 10, 11, 0)","[('?', 1, 1, 1, 1), ('?', 1, 1, 1, 1), (3, 1, 1, 1, 1), (3, 1, 1, 1, 1), ('?', 1, 1, 1, 1), ('?', 1, 1, 1, 1), (0, 1, 1, 1, 1), (0, 1, 1, 1, 1)]"
"(7, 3, 10, 10, 13, 0)","[(3, 1, 1, 1, 0), ('?', 1, 1, 1, 0), (3, 1, 1, 1, 0), ('?', 1, 1, 1, 0)]"
"(7, 3, 10, 10, 14, 0)","[(2, 1, 1, 1, '?')]"
"(7, 3, 10, 14, 3, 0)","[(2, 1, 1, 1, '?'), (2, 1, 1, 1, '?'), (2, 1, 1, 1, '?'), (2, 1, 1, 1, '?'), (2, 1, 1, 1, '?'), (2, 1, 1, 1, '?')]"
"(7, 3, 10, 14, 11, 0)","[(2, 1, 1, 1, 1), (2, 1, 1, 1, 1), (2, 1, 1, 1, 1), (2, 1, 1, 1, 1), (2, 1, 1, 1, 1), (2, 1, 1, 1, 1), (2, 1, 1, 1, 1)]"
"(7, 3, 10, 14, 13, 0)","[(2, 1, 1, 1, 0), (2, 1, 1, 1, 0), (2, 1, 1, 1, 0), (2, 1, 1, 1, 0), (2, 1, 1, 1, 0), (2, 1, 1, 1, 0), (2, 1, 1, 1, 0), (2, 1, 1, 1, 0)]"
"(7, 3, 11, 3, 3, 0)","[('?', 1, 2, 1, '?'), ('?', 1, 2, 1, '?'), (3, 1, 2, 1, '?'), ('?', 1, 2, 1, '?'), ('?', 1, 2, 1, '?'), ('?', 1, 2, 1, '?'), ('?', 1, 2, 1, '?'), ('?', 1, 2, 1, '?'), ('?', 1, 2, 1, 1), ('?', 1, 2, 1, '?')]"
"(7, 3, 11, 3, 6, 0)","[('?', 1, 2, 1, 3), (3, 1, 2, 1, 3), (3, 1, 2, 1, 3), ('?', 1, 2, 1, 3), (3, 1, 2, 1, 3), ('?', 1, 2, 1, 3), (3, 1, 2, 1, 3), ('?', 1, 2, 1, 3), ('?', 1, 2, 1, 3), ('?', 1, 2, 1, 3), ('?', 1, 2, 1, 3)]"
"(7, 3, 11, 3, 11, 0)","[('?', 1, 2, 1, 1), ('?', 1, 2, 1, 1), ('?', 1, 2, 1, 1), ('?', 1, 2, 1, 1), ('?', 1, 2, 1, 1)]"
"(7, 3, 11, 3, 13, 0)","[(3, 1, 2, 1, 0), (3, 1, 2, 1, 0)]"
"(7, 3, 11, 4, 4, 0)","[(0, 1, 2, 1, 2), (0, 1, 2, 1, 2)]"
"(7, 3, 11, 6, 3, 0)","[('?', 1, 2, 1, 2), ('?', 1, 2, 1, 2), ('?', 1, 2, 1, 2), ('?', 1, 2, 1, 2)]"
"(7, 3, 11, 6, 9, 0)","[(1, 1, 2, 1, 2), (1, 1, 2, 1, 2), (1, 1, 2, 1, 2), (1, 1, 2, 1, 2), (1, 1, 2, 1, 2), (1, 1, 2, 1, 2)]"
"(7, 3, 11, 6, 14, 0)","[(2, 1, 2, 1, 2), (2, 1, 2, 1, 2), (2, 1, 2, 1, 2), (2, 1, 2, 1, 2), (2, 1, 2, 1, 2), (2, 1, 2, 1, 2), (2, 1, 2, 1, 2)]"
"(7, 3, 11, 8, 3, 0)","[(0, 1, 2, 1, '?'), (0, 1, 2, 1, '?'), (0, 1, 2, 1, '?'), (0, 1, 2, 1, '?'), (0, 1, 2, 1, '?'), (0, 1, 2, 1, '?'), (0, 1, 2, 1, '?')]"
"(7, 3, 11, 8, 6, 0)","[(0, 1, 2, 1, 3), (0, 1, 2, 1, 3), (0, 1, 2, 1, 3), (0, 1, 2, 1, 3)]"
"(7, 3, 11, 8, 11, 0)","[(0, 1, 2, 1, 1), (0, 1, 2, 1, 1), (0, 1, 2, 1, 1), (0, 1, 2, 1, 1), (0, 1, 2, 1, 1), (0, 1, 2, 1, 1), (0, 1, 2, 1, 1), (0, 1, 2, 1, 1)]"
"(7, 3, 11, 8, 13, 0)","[(0, 1, 2, 1, 0), (0, 1, 2, 1, 0), (0, 1, 2, 1, 0)]"
"(7, 3, 11, 9, 3, 0)","[(1, 1, 2, 1, '?'), (1, 1, 2, 1, '?'), (1, 1, 2, 1, '?'), (1, 1, 2, 1, '?'), (1, 1, 2, 1, '?'), (1, 1, 2, 1, '?'), (1, 1, 2, 1, 1)]"
"(7, 3, 11, 9, 6, 0)","[(1, 1, 2, 1, 3), (1, 1, 2, 1, 3), (1, 1, 2, 1, 3), (1, 1, 2, 1, 3)]"
"(7, 3, 11, 9, 11, 0)","[(1, 1, 2, 1, 1), (1, 1, 2, 1, 1), (1, 1, 2, 1, 1)]"
"(7, 3, 11, 14, 3, 0)","[(2, 1, 2, 1, '?'), (2, 1, 2, 1, '?'), (2, 1, 2, 1, '?'), (2, 1, 2, 1, '?'), (2, 1, 2, 1, '?'), (2, 1, 2, 1, '?'), (2, 1, 2, 1, '?')]"
"(7, 3, 11, 14, 13, 0)","[(2, 1, 2, 1, 0), (2, 1, 2, 1, 0), (2, 1, 2, 1, 0), (2, 1, 2, 1, 0), (2, 1, 2, 1, 0), (2, 1, 2, 1, 0)]"
"(7, 3, 14, 3, 3, 0)","[(2, 1, '?', 1, '?'), (2, 1, '?', 1, '?')]"
"(7, 3, 14, 3, 6, 0)","[(2, 1, '?', 1, 3), (2, 1, '?', 1, 3), (2, 1, '?', 1, 3)]"
"(7, 3, 14, 3, 13, 0)","[(2, 1, '?', 1, 0), (2, 1, '?', 1, 0)]"
"(7, 3, 14, 3, 14, 0)","[(2, 1, '?', 1, '?')]"
"(7, 3, 14, 6, 14, 0)","[(2, 1, 0, 1, 2), (2, 1, 0, 1, 2)]"
"(7, 4, 1, 3, 3, 0)","[(3, 1, 3, 1, '?'), (3, 1, 3, 1, '?')]"
"(7, 4, 3, 6, 9, 0)","[(3, 1, 1, 1, 2)]"
"(7, 4, 3, 6, 11, 0)","[(3, 1, 2, 1, 2)]"
"(7, 4, 4, 10, 3, 0)","[(3, '?', 1, 1, '?'), (3, '?', 1, 1, '?'), (3, '?', 1, 1, '?'), (3, '?', 1, 1, '?')]"
"(7, 4, 4, 10, 13, 0)","[(3, '?', 1, 1, 0), (3, '?', 1, 1, 0), (3, '?', 1, 1, 0)]"
"(7, 4, 7, 3, 3, 0)","[(3, 1, 0, 1, 0)]"
"(7, 4, 7, 4, 3, 0)","[(3, 1, 0, 1, 0)]"
"(7, 4, 7, 6, 9, 0)","[(3, 1, 0, 1, 2), (3, 1, 0, 1, 2)]"
"(7, 4, 7, 9, 3, 0)","[(3, 1, 0, 1, '?')]"
"(7, 4, 10, 6, 9, 0)","[(3, 1, 1, 1, 2)]"
"(7, 4, 11, 3, 3, 0)","[(3, 1, 2, 1, '?'), (3, 1, 2, 1, '?')]"
"(7, 5, 1, 1, 3, 0)","[('?', 0, 3, 1, '?')]"
"(7, 5, 1, 3, 3, 0)","[('?', 0, 3, 1, '?'), ('?', 0, 3, 1, 1), ('?', 0, 3, 1, '?'), ('?', 0, 3, 1, '?'), ('?', 0, 3, 1, '?'), ('?', 0, 3, 1, '?'), ('?', 0, 3, 1, 0), ('?', 0, 3, 1, '?')]"
"(7, 5, 1, 3, 6, 0)","[('?', 0, 3, 1, 3), ('?', 0, 3, 1, 3), ('?', 0, 3, 1, 3), ('?', 0, 3, 1, 3), ('?', 0, 3, 1, 3), ('?', 0, 3, 1, 3), (3, 0, 3, 1, 3), ('?', 0, 3, 1, 3)]"
"(7, 5, 1, 3, 11, 0)","[('?', 0, 3, 1, 1), ('?', 0, 3, 1, 1), (3, 0, 3, 1, 1), ('?', 0, 3, 1, 1), (3, 0, 3, 1, 1), ('?', 0, 3, 1, 1), ('?', 0, 3, 1, 1), ('?', 0, 3, 1, 1)]"
"(7, 5, 1, 3, 13, 0)","[('?', 0, 3, 1, 0), ('?', 0, 3, 1, 0), ('?', 0, 3, 1, 0), (1, 0, 3, 1, 0), ('?', 0, 3, 1, 0), ('?', 0, 3, 1, 0), ('?', 0, 3, 1, 0), ('?', 0, 3, 1, 0)]"
"(7, 5, 1, 6, 4, 0)","[(0, '?', 3, 1, 2)]"
"(7, 5, 1, 6, 9, 0)","[(1, 0, 3, 1, 2), (1, 0, 3, 1, 2), (1, 0, 3, 1, 2), (1, 0, 3, 1, 2), (1, 0, 3, 1, 2), (1, 0, 3, 1, 2), (1, 0, 3, 1, 2), (1, 0, 3, 1, 2)]"
"(7, 5, 1, 6, 14, 0)","[(2, 0, 3, 1, 2), (2, 0, 3, 1, 2), (2, 0, 3, 1, 2)]"
"(7, 5, 1, 8, 3, 0)","[(0, 0, 3, 1, '?'), (0, 0, 3, 1, '?'), (0, 0, 3, 1, '?'), (0, 0, 3, 1, '?'), (0, 0, 3, 1, '?'), (0, 0, 3, 1, '?'), (0, 0, 3, 1, '?')]"
"(7, 5, 1, 8, 6, 0)","[(0, 0, 3, 1, 3), (0, 0, 3, 1, 3), (0, 0, 3, 1, 3), (0, 0, 3, 1, 3), (0, 0, 3, 1, 3), (0, 0, 3, 1, 3), (0, 0, 3, 1, 3), (0, 0, 3, 1, 3)]"
"(7, 5, 1, 8, 13, 0)","[(0, 0, 3, 1, 0), (0, 0, 3, 1, 0), (0, 0, 3, 1, 0), (0, 0, 3, 1, 0), (0, 0, 3, 1, 0), (0, 0, 3, 1, 0)]"
"(7, 5, 1, 9, 11, 0)","[(1, 0, 3, 1, 1), (1, 0, 3, 1, 1), (1, 0, 3, 1, 1), (1, 0, 3, 1, 1), (1, 0, 3, 1, 1), (1, 0, 3, 1, 1), (1, 0, 3, 1, 1), (1, 0, 3, 1, 1)]"
"(7, 5, 1, 9, 13, 0)","[(1, 0, 3, 1, 0), (1, 0, 3, 1, 0), (1, 0, 3, 1, 0), (1, 0, 3, 1, 0), (1, 0, 3, 1, 0), (1, 0, 3, 1, 0), (1, 0, 3, 1, 0)]"
"(7, 5, 1, 14, 6, 0)","[(2, 0, 3, 1, 3), (2, 0, 3, 1, 3), (2, '?', 3, 1, 3), (2, 0, 3, 1, 3), (2, 0, 3, 1, 3), (2, 0, 3, 1, 3), (2, 0, 3, 1, 3), (2, 0, 3, 1, 3), (2, 0, 3, 1, 3), (2, 0, 3, 1, 3), (2, 0, 3, 1, 3)]"
"(7, 5, 1, 14, 11, 0)","[(2, 0, 3, 1, 1), (2, 0, 3, 1, 1), (2, 0, 3, 1, 1), (2, 0, 3, 1, 1), (2, 0, 3, 1, 1), (2, 0, 3, 1, 1), (2, 0, 3, 1, 1), (2, 0, 3, 1, 1)]"
"(7, 5, 3, 3, 3, 0)","[('?', 0, '?', 1, '?'), ('?', 0, '?', 1, '?'), ('?', 0, '?', 1, '?'), ('?', 0, 1, 1, '?'), (0, 0, '?', 1, '?'), ('?', 0, '?', 1, '?'), ('?', 0, '?', 1, '?'), ('?', 0, '?', 1, '?')]"
"(7, 5, 3, 3, 6, 0)","[('?', 0, '?', 1, 3), ('?', 0, '?', 1, 3), ('?', 0, '?', 1, 3), ('?', 0, '?', 1, 3), ('?', 0, '?', 1, 3), ('?', 0, '?', 1, 3), (0, 0, '?', 1, 3)]"
"(7, 5, 3, 3, 11, 0)","[('?', 0, '?', 1, 1), ('?', 0, '?', 1, 1), ('?', 0, '?', 1, 1), (0, 0, '?', 1, 1), ('?', 0, '?', 1, 1), (0, 0, '?', 1, 1), (0, 0, '?', 1, 1), ('?', 0, '?', 1, 1), ('?', 0, '?', 1, 1), ('?', 0, '?', 1, 1), ('?', 0, '?', 1, 1), (0, 0, '?', 1, 1)]"
"(7, 5, 3, 3, 13, 0)","[('?', 0, '?', 1, 0), ('?', 0, '?', 1, 0), ('?', 0, '?', 1, 0), ('?', 0, '?', 1, 0), ('?', 0, '?', 1, 0), ('?', 0, '?', 1, 0), ('?', 0, '?', 1, 0), ('?', 0, '?', 1, 0)]"
"(7, 5, 3, 4, 4, 0)","[(0, 0, '?', 1, 2), (0, 0, '?', 1, 2), (0, 0, '?', 1, 2), (0, 0, '?', 1, 2), (0, 0, '?', 1, 2)]"
"(7, 5, 3, 6, 3, 0)","[('?', 0, '?', 1, 2), ('?', 0, '?', 1, 2), ('?', 0, '?', 1, 2), ('?', 0, '?', 1, 2), ('?', 0, '?', 1, 2)]"
"(7, 5, 3, 6, 9, 0)","[(1, 0, '?', 1, 2)]"
"(7, 5, 3, 6, 14, 0)","[(2, 0, '?', 1, 2), (2, 0, '?', 1, 2), (2, 0, '?', 1, 2), (2, 0, '?', 1, 2), (2, 0, '?', 1, 2), (2, 0, '?', 1, 2), (2, 0, '?', 1, 2)]"
"(7, 5, 3, 8, 3, 0)","[(0, 0, '?', 1, '?'), (0, 0, '?', 1, '?'), (0, 0, '?', 1, '?'), (0, 0, '?', 1, '?'), (0, 0, '?', 1, '?'), (0, 0, '?', 1, '?'), (0, 0, '?', 1, '?'), (0, 0, '?', 1, '?')]"
"(7, 5, 3, 8, 6, 0)","[(0, 0, '?', 1, 3), (0, 0, '?', 1, 3), (0, 0, '?', 1, 3), (0, 0, '?', 1, 3), (0, 0, '?', 1, 3), (0, 0, '?', 1, 3)]"
"(7, 5, 3, 8, 11, 0)","[(0, 0, '?', 1, 1), (0, 0, '?', 1, 1), (0, 0, '?', 1, 1), (0, 0, '?', 1, 1), (0, 0, '?', 1, 1)]"
"(7, 5, 3, 8, 13, 0)","[(0, 0, '?', 1, 0), (0, 0, '?', 1, 0), (0, 0, '?', 1, 0), (0, 0, '?', 1, 0), (0, 0, '?', 1, 0), (0, 0, '?', 1, 0), (0, 0, '?', 1, 0), (0, 0, '?', 1, 0)]"
"(7, 5, 3, 9, 3, 0)","[(1, 0, '?', 1, '?'), (1, 0, '?', 1, '?'), (1, 0, '?', 1, '?'), (1, 0, '?', 1, '?'), (1, 0, '?', 1, '?'), (1, 0, '?', 1, 1), (1, 0, '?', 1, '?'), (1, 0, '?', 1, '?'), (1, 0, '?', 1, '?'), (1, 0, '?', 1, '?')]"
"(7, 5, 3, 9, 11, 0)","[(1, 0, '?', 1, 1), (1, 0, '?', 1, 1), (1, 0, '?', 1, 1), (1, 0, '?', 1, 1), (1, 0, '?', 1, 1), (1, 0, '?', 1, 1), (1, 0, '?', 1, 1), (1, 0, '?', 1, 1)]"
"(7, 5, 3, 9, 13, 0)","[(1, 0, '?', 1, 0), (1, 0, '?', 1, 0), (1, 0, '?', 1, 0), (1, 0, '?', 1, 0), (1, 0, '?', 1, 0), (1, 0, '?', 1, 0), (1, 0, '?', 1, 0)]"
"(7, 5, 3, 14, 6, 0)","[(2, 0, '?', 1, 3), (2, 0, '?', 1, 3), (2, 0, '?', 1, 3), (2, 0, '?', 1, 3), (2, 0, '?', 1, 3), (2, 0, '?', 1, 3), (2, 0, '?', 1, 3), (2, 0, '?', 1, 3), (2, 0, '?', 1, 3)]"
"(7, 5, 3, 14, 11, 0)","[(2, 0, '?', 1, 1), (2, 0, '?', 1, 1), (2, 0, '?', 1, 1), (2, 0, '?', 1, 1), (2, 0, '?', 1, 1), (2, 0, '?', 1, 1), (2, 0, '?', 1, 1)]"
"(7, 5, 4, 1, 3, 0)","[(3, 0, 3, 1, 0), (3, 0, 3, 1, 0)]"
"(7, 5, 4, 1, 6, 0)","[(3, 0, 3, 1, 3), (3, 0, 3, 1, 3), (3, 0, 3, 1, 3), (3, 0, 3, 1, 3), (3, 0, 3, 1, 3)]"
"(7, 5, 4, 1, 11, 0)","[(3, 0, 3, 1, 1), (3, 0, 3, 1, 1), (3, 0, 3, 1, 1), (3, 0, 3, 1, 1), (3, 0, 3, 1, 1), (3, 0, 3, 1, 1)]"
"(7, 5, 4, 1, 13, 0)","[(3, 0, 3, 1, 0), (3, 0, 3, 1, 0), (3, 0, 3, 1, 0), (3, 0, 3, 1, 0), (3, 0, 3, 1, 0)]"
"(7, 5, 4, 3, 3, 0)","[(3, 0, '?', 1, '?'), (3, 0, '?', 1, '?'), (3, 0, '?', 1, '?'), (3, 0, '?', 1, '?'), (3, 0, '?', 1, '?'), (3, 0, '?', 1, '?'), (3, 0, '?', 1, '?'), (3, 0, '?', 1, '?'), (3, 0, '?', 1, '?')]"
"(7, 5, 4, 3, 6, 0)","[(3, 0, 3, 1, 3)]"
"(7, 5, 4, 3, 13, 0)","[(3, 0, '?', 1, 0), (3, 0, '?', 1, 0), (3, 0, '?', 1, 0), (3, 0, '?', 1, 0), (3, 0, '?', 1, 0), (3, 0, '?', 1, 0), (3, 0, '?', 1, 0)]"
"(7, 5, 4, 4, 4, 0)","[(0, 0, '?', 1, 2)]"
"(7, 5, 4, 6, 1, 0)","[(3, 0, 3, 1, 2), (3, 0, 3, 1, 2), (3, 0, 3, 1, 2), (3, 0, 3, 1, 2), (3, 0, 3, 1, 2), (3, 0, 3, 1, 2)]"
"(7, 5, 4, 6, 3, 0)","[(3, 0, '?', 1, 2), (3, 0, '?', 1, 2), (3, 0, '?', 1, 2), (3, 0, '?', 1, 2), (3, 0, '?', 1, 2), (3, 0, '?', 1, 2)]"
"(7, 5, 4, 6, 7, 0)","[(3, 0, 0, 1, 2), (3, 0, 0, 1, 2), (3, 0, 0, 1, 2)]"
"(7, 5, 4, 6, 11, 0)","[(3, 0, 2, 1, 2), (3, 0, 2, 1, 2), (3, 0, 2, 1, 2), (3, 0, 2, 1, 2), (3, 0, 2, 1, 2), (3, 0, 2, 1, 2), (3, 0, 2, 1, 2), (3, 0, 2, 1, 2), (3, 0, 2, 1, 2)]"
"(7, 5, 4, 7, 3, 0)","[(3, 0, 0, 1, '?')]"
"(7, 5, 4, 10, 3, 0)","[(3, 0, 1, 1, '?'), (3, 0, 1, 1, '?'), (3, 0, 1, 1, '?'), (3, 0, 1, 1, '?')]"
"(7, 5, 4, 10, 6, 0)","[(3, 0, 1, 1, 3), (3, 0, 1, 1, 3), (3, 0, 1, 1, 3), (3, 0, 1, 1, 3), (3, 0, 1, 1, 3)]"
"(7, 5, 4, 10, 9, 0)","[(3, 0, 1, 1, '?')]"
"(7, 5, 4, 10, 11, 0)","[(3, 0, 1, 1, 1), (3, 0, 1, 1, 1), (3, 0, 1, 1, 1), (3, 0, 1, 1, 1), (3, 0, 1, 1, 1), (3, 0, 1, 1, 1)]"
"(7, 5, 4, 10, 13, 0)","[(3, 0, 1, 1, 0), (3, 0, 1, 1, 0), (3, 0, 1, 1, 0), (3, 0, 1, 1, 0), (3, 0, 1, 1, 0), (3, 0, 1, 1, 0)]"
"(7, 5, 4, 11, 3, 0)","[(3, 0, 2, 1, 1), (3, 0, 2, 1, 1), (3, 0, 2, 1, 0)]"
"(7, 5, 4, 11, 6, 0)","[(3, 0, 2, 1, 3), (3, 0, 2, 1, 3), (3, 0, 2, 1, 3), (3, 0, 2, 1, 3)]"
"(7, 5, 4, 11, 11, 0)","[(3, 0, 2, 1, 1), (3, 0, 2, 1, 1)]"
"(7, 5, 4, 11, 13, 0)","[(3, 0, 2, 1, 0), (3, '?', 2, 1, 0), (3, 0, 2, 1, 0), (3, 0, 2, 1, 0), (3, 0, 2, 1, 0)]"
"(7, 5, 6, 4, 4, 0)","[(0, 0, '?', 1, 2)]"
"(7, 5, 6, 6, 3, 0)","[('?', 0, '?', 1, 2), ('?', 0, '?', 1, 2), (3, 0, '?', 1, 2)]"
"(7, 5, 6, 6, 9, 0)","[(1, 0, '?', 1, 2), (1, 0, '?', 1, 2), (1, 0, '?', 1, 2), (1, 0, '?', 1, 2)]"
"(7, 5, 6, 6, 14, 0)","[(2, 0, '?', 1, 2), (2, 0, '?', 1, 2)]"
"(7, 5, 7, 3, 3, 0)","[('?', 0, 0, 1, '?'), ('?', 0, 0, 1, '?'), (3, 0, 0, 1, '?'), (3, 0, 0, 1, 1), (3, 0, 0, 1, '?'), (3, 0, 0, 1, 1), ('?', 0, 0, 1, '?'), ('?', 0, 0, 1, '?'), ('?', 0, 0, 1, 0), ('?', 0, 0, 1, '?'), (3, 0, 0, 1, '?'), ('?', 0, 0, 1, '?'), (3, 0, 0, 1, 1)]"
"(7, 5, 7, 3, 6, 0)","[(3, 0, 0, 1, 3), ('?', 0, 0, 1, 3), ('?', 0, 0, 1, 3), ('?', 0, 0, 1, 3), (3, 0, 0, 1, 3), ('?', 0, 0, 1, 3), ('?', 0, 0, 1, 3), ('?', 0, 0, 1, 3), ('?', 0, 0, 1, 3)]"
"(7, 5, 7, 3, 8, 0)","[(0, 0, 0, 1, 1)]"
"(7, 5, 7, 3, 11, 0)","[(3, 0, 0, 1, 1), (3, 0, 0, 1, 1), (3, 0, 0, 1, 1), (3, 0, 0, 1, 1)]"
"(7, 5, 7, 3, 13, 0)","[('?', 0, 0, 1, 0), (3, 0, 0, 1, 0), ('?', 0, 0, 1, 0), (3, 0, 0, 1, 0), ('?', 0, 0, 1, 0), ('?', 0, 0, 1, 0), (3, 0, 0, 1, 0), ('?', 0, 0, 1, 0), ('?', 0, 0, 1, 0), ('?', 0, 0, 1, 0), ('?', 0, 0, 1, 0), (3, 0, 0, 1, 0)]"
"(7, 5, 7, 4, 3, 0)","[(3, 0, 0, 1, '?'), (3, 0, 0, 1, '?'), (3, 0, 0, 1, '?'), (3, 0, 0, 1, '?')]"
"(7, 5, 7, 4, 6, 0)","[(3, 0, 0, 1, 3), (3, 0, 0, 1, 3), (3, 0, 0, 1, 3), (3, 0, 0, 1, 3), (3, 0, 0, 1, 3), (3, 0, 0, 1, 3)]"
"(7, 5, 7, 4, 13, 0)","[(3, 0, 0, 1, 0), (3, 0, 0, 1, 0), (3, 0, 0, 1, 0), (3, 0, 0, 1, 0), (3, 0, 0, 1, 0)]"
"(7, 5, 7, 6, 3, 0)","[('?', 0, 0, 1, 2), ('?', 0, 0, 1, 2), (3, 0, 0, 1, 2), ('?', 0, 0, 1, 2), ('?', 0, 0, 1, 2), (3, 0, 0, 1, 2), (0, 0, 0, 1, '?'), (0, 0, 0, 1, 2), (3, 0, 0, 1, 2), ('?', 0, 0, 1, 2), (0, 0, 0, 1, 2), ('?', 0, 0, 1, 2), ('?', 0, 0, 1, 2), ('?', 0, 0, 1, 2), (3, 0, 0, 1, 2)]"
"(7, 5, 7, 6, 4, 0)","[(0, 0, 0, 1, 2), (0, 0, 0, 1, 2)]"
"(7, 5, 7, 6, 7, 0)","[(3, 0, 0, 1, 2), (0, 0, 0, 1, 2), (0, 0, 0, 1, 2), (0, 0, 0, 1, 2), (0, 0, 0, 1, 2), (0, 0, 0, 1, 2)]"
"(7, 5, 7, 6, 8, 0)","[(0, 0, 0, 1, 2)]"
"(7, 5, 7, 6, 14, 0)","[(2, 0, 0, 1, 2), (2, 0, 0, 1, 2), (2, 0, 0, 1, 2), (2, 0, 0, 1, 2), (2, 0, 0, 1, 2), (2, 0, 0, 1, 2), (2, 0, 0, 1, 2)]"
"(7, 5, 7, 8, 3, 0)","[(0, 0, 0, 1, '?'), (0, 0, 0, 1, '?'), (0, 0, 0, 1, '?'), (0, 0, 0, 1, '?'), (0, 0, 0, 1, '?'), (0, 0, 0, 1, '?'), (0, 0, 0, 1, '?')]"
"(7, 5, 7, 8, 6, 0)","[(0, 0, 0, 1, 3), (0, 0, 0, 1, 3), (0, 0, 0, 1, 3), (0, 0, 0, 1, 3), (0, 0, 0, 1, 3), (0, 0, 0, 1, 3), (0, 0, 0, 1, 3), (0, 0, 0, 1, 3)]"
"(7, 5, 7, 8, 11, 0)","[(0, 0, 0, 1, 1), (0, 0, 0, 1, 1), (0, 0, 0, 1, 1), (0, 0, 0, 1, 1), (0, 0, 0, 1, 1), (0, 0, 0, 1, 1)]"
"(7, 5, 7, 8, 13, 0)","[(0, 0, 0, 1, 0), (0, 0, 0, 1, 0), (0, 0, 0, 1, 0), (0, 0, 0, 1, 0), (0, 0, 0, 1, 0), (0, 0, 0, 1, 0), (0, 0, 0, 1, 0), (0, 0, 0, 1, 0)]"
"(7, 5, 7, 9, 3, 0)","[(1, 0, 0, 1, '?'), (1, 0, 0, 1, '?'), (1, 0, 0, 1, '?'), (1, 0, 0, 1, '?'), (1, 0, 0, 1, 0), (1, 0, 0, 1, 0), (1, 0, 0, 1, '?')]"
"(7, 5, 7, 9, 6, 0)","[(1, 0, 0, 1, 3), (1, 0, 0, 1, 3), (1, 0, 0, 1, 3), (1, 0, 0, 1, 3), (1, 0, 0, 1, 3), (1, 0, 0, 1, 3), (1, 0, 0, 1, 3)]"
"(7, 5, 7, 9, 11, 0)","[(1, 0, 0, 1, 1), (1, 0, 0, 1, 1), (1, 0, 0, 1, 1), (1, 0, 0, 1, 1), (1, 0, 0, 1, 1), (1, 0, 0, 1, 1), (1, 0, 0, 1, 1), (1, 0, 0, 1, 1), (1, 0, 0, 1, 1)]"
"(7, 5, 7, 9, 13, 0)","[(1, 0, 0, 1, 0), (1, 0, 0, 1, 0), (1, 0, 0, 1, 0), (1, 0, 0, 1, 0), (1, 0, 0, 1, 0), (1, 0, 0, 1, 0), (1, 0, 0, 1, 0)]"
"(7, 5, 7, 14, 3, 0)","[(2, 0, 0, 1, '?'), (2, 0, 0, 1, '?'), (2, 0, 0, 1, '?'), (2, 0, 0, 1, 1), (2, 0, 0, 1, 1), (2, 0, 0, 1, '?'), (2, 0, 0, 1, '?'), (2, 0, 0, 1, 1), (2, 0, 0, 1, '?'), (2, 0, 0, 1, '?'), (2, 0, 0, 1, '?')]"
"(7, 5, 7, 14, 6, 0)","[(2, 0, 0, 1, 3), (2, 0, 0, 1, 3), (2, 0, 0, 1, 3), (2, 0, 0, 1, 3), (2, 0, 0, 1, 3), (2, 0, 0, 1, 3), (2, 0, 0, 1, 3)]"
"(7, 5, 7, 14, 11, 0)","[(2, 0, 0, 1, 1), (2, 0, 0, 1, 1), (2, 0, 0, 1, 1), (2, 0, 0, 1, 1), (2, 0, 0, 1, 1), (2, 0, 0, 1, 1)]"
"(7, 5, 7, 14, 13, 0)","[(2, 0, 0, 1, 0), (2, 0, 0, 1, 0), (2, 0, 0, 1, 0), (2, 0, 0, 1, 0), (2, 0, 0, 1, 0), (2, 0, 0, 1, 0), (2, 0, 0, 1, 0), (2, 0, 0, 1, 0)]"
"(7, 5, 9, 3, 11, 0)","[(1, 0, '?', 1, 1)]"
"(7, 5, 10, 3, 3, 0)","[('?', 0, 1, 1, '?'), ('?', 0, 1, 1, '?'), (3, 0, 1, 1, 0), ('?', 0, 1, 1, '?'), ('?', 0, 1, 1, '?')]"
"(7, 5, 10, 3, 6, 0)","[(0, 0, 1, 1, 3), (3, 0, 1, 1, 3), (0, 0, 1, 1, 3), ('?', 0, 1, 1, 3), ('?', 0, 1, 1, 3), (0, 0, 1, 1, 3)]"
"(7, 5, 10, 3, 11, 0)","[(0, 0, 1, 1, 1), (0, 0, 1, 1, 1), ('?', 0, 1, 1, 1), ('?', 0, 1, 1, 1), ('?', 0, 1, 1, 1)]"
"(7, 5, 10, 3, 13, 0)","[('?', 0, 1, 1, 0), ('?', 0, 1, 1, 0), ('?', 0, 1, 1, 0), ('?', 0, 1, 1, 0), ('?', 0, 1, 1, 0), ('?', 0, 1, 1, 0), ('?', 0, 1, 1, 0)]"
"(7, 5, 10, 4, 4, 0)","[(0, 0, 1, 1, '?'), (0, 0, 1, 1, 2), (0, 0, 1, 1, 2), (0, 0, 1, 1, 2), (0, 0, 1, 1, 2), (0, 0, 1, 1, 2), (0, 0, 1, 1, 2), (0, 0, 1, 1, 2)]"
"(7, 5, 10, 6, 3, 0)","[('?', 0, 1, 1, 2), ('?', 0, 1, 1, 2), ('?', 0, 1, 1, 2), ('?', 0, 1, 1, 2), ('?', 0, 1, 1, 2), ('?', 0, 1, 1, '?'), ('?', 0, 1, 1, 2), ('?', 0, 1, 1, 2)]"
"(7, 5, 10, 6, 10, 0)","[('?', 0, 1, 1, 2), ('?', 0, 1, 1, 2)]"
"(7, 5, 10, 6, 14, 0)","[(2, 0, 1, 1, 2), (2, 0, 1, 1, 2), (2, 0, 1, 1, 2), (2, 0, 1, 1, 2), (2, 0, 1, 1, 2), (2, 0, 1, 1, '?'), (2, 0, 1, 1, 2), (2, 0, 1, 1, 2), (2, 0, 1, 1, 2)]"
"(7, 5, 10, 8, 3, 0)","[(0, 0, 1, 1, '?'), (0, 0, 1, 1, '?'), (0, 0, 1, 1, '?'), (0, 0, 1, 1, '?'), (0, 0, 1, 1, '?'), (0, 0, 1, 1, '?'), (0, 0, 1, 1, '?'), (0, 0, 1, 1, '?')]"
"(7, 5, 10, 8, 6, 0)","[(0, 0, 1, 1, 3), (0, 0, 1, 1, 3), (0, 0, 1, 1, 3), (0, 0, 1, 1, 3)]"
"(7, 5, 10, 8, 11, 0)","[(0, 0, 1, 1, 1), (0, 0, 1, 1, 1), (0, 0, 1, 1, 1)]"
"(7, 5, 10, 8, 13, 0)","[(0, 0, 1, 1, 0), (0, 0, 1, 1, 0), (0, 0, 1, 1, 0), (0, 0, 1, 1, 0), (0, 0, 1, 1, 0), (0, 0, 1, 1, 0), (0, 0, 1, 1, 0)]"
"(7, 5, 10, 9, 6, 0)","[(1, 0, 1, 1, 3), (1, 0, 1, 1, 3), (1, 0, 1, 1, 3), (1, 0, 1, 1, 3), (1, 0, 1, 1, 3), (1, 0, 1, 1, 3), (1, 0, 1, 1, 3)]"
"(7, 5, 10, 9, 13, 0)","[(1, 0, 1, 1, 0), (1, 0, 1, 1, 0), (1, 0, 1, 1, 0), (1, 0, 1, 1, 0), (1, 0, 1, 1, 0), (1, 0, 1, 1, 0), (1, 0, 1, 1, 0), (1, 0, 1, 1, 0)]"
"(7, 5, 10, 10, 3, 0)","[('?', 0, 1, 1, '?'), (3, 0, 1, 1, '?'), ('?', 0, 1, 1, '?'), ('?', 0, 1, 1, '?')]"
"(7, 5, 10, 10, 6, 0)","[(0, 0, 1, 1, 3), ('?', 0, 1, 1, 3), (3, 0, 1, 1, 3), ('?', 0, 1, 1, 3), ('?', 0, 1, 1, 3), ('?', 0, 1, 1, 3), ('?', 0, 1, 1, 3)]"
"(7, 5, 10, 10, 11, 0)","[('?', 0, 1, 1, 1), ('?', 0, 1, 1, 1), ('?', 0, 1, 1, 1), (3, 0, 1, 1, 1), ('?', 0, 1, 1, 1), (3, 0, 1, 1, 1), (3, 0, 1, 1, 1)]"
"(7, 5, 10, 10, 13, 0)","[('?', 0, 1, 1, 0), ('?', 0, 1, 1, 0), (3, 0, 1, 1, 0), (0, 0, 1, 1, 0), ('?', 0, 1, 1, 0)]"
"(7, 5, 10, 14, 3, 0)","[(2, 0, 1, 1, '?'), (2, 0, 1, 1, '?'), (2, 0, 1, 1, '?'), (2, 0, 1, 1, '?'), (2, 0, 1, 1, '?'), (2, 0, 1, 1, '?'), (2, 0, 1, 1, '?')]"
"(7, 5, 10, 14, 6, 0)","[(2, 0, 1, 1, 3), (2, 0, 1, 1, 3), (2, 0, 1, 1, 3), (2, 0, 1, 1, 3), (2, 0, 1, 1, 3), (2, 0, 1, 1, 3)]"
"(7, 5, 10, 14, 13, 0)","[(2, 0, 1, 1, 0), (2, 0, 1, 1, 0), (2, 0, 1, 1, 0), (2, 0, 1, 1, 0), (2, 0, 1, 1, 0), (2, 0, 1, 1, 0), (2, 0, 1, 1, 0)]"
"(7, 5, 11, 3, 3, 0)","[(3, 0, 2, 1, 1), ('?', 0, 2, 1, '?'), ('?', 0, 2, 1, '?'), ('?', 0, 2, 1, '?'), ('?', 0, 2, 1, '?'), ('?', 0, 2, 1, '?'), (3, 0, 2, 1, 1), ('?', 0, 2, 1, '?'), (3, 0, 2, 1, 1), ('?', 0, 2, 1, 1), ('?', 0, 2, 1, '?'), (3, 0, 2, 1, 0), ('?', 0, 2, 1, 1)]"
"(7, 5, 11, 3, 6, 0)","[(3, 0, 2, 1, 3), (3, 0, 2, 1, 3), (3, 0, 2, 1, 3)]"
"(7, 5, 11, 3, 11, 0)","[('?', 0, 2, 1, 1), ('?', 0, 2, 1, 1), ('?', 0, 2, 1, 1), ('?', 0, 2, 1, 1), ('?', 0, 2, 1, 1), ('?', 0, 2, 1, 1), ('?', 0, 2, 1, 1)]"
"(7, 5, 11, 3, 13, 0)","[('?', 0, 2, 1, 0), ('?', 0, 2, 1, 0), ('?', 0, 2, 1, 0), ('?', 0, 2, 1, 0), ('?', 0, 2, 1, 0), ('?', 0, 2, 1, 0), ('?', 0, 2, 1, 0), ('?', 0, 2, 1, 0)]"
"(7, 5, 11, 6, 3, 0)","[('?', 0, 2, 1, 2), ('?', 0, 2, 1, 2), ('?', 0, 2, 1, 2), ('?', 0, 2, 1, 2), ('?', 0, 2, 1, 2), ('?', 0, 2, 1, 2), ('?', 0, 2, 1, 2), ('?', 0, 2, 1, 2)]"
"(7, 5, 11, 6, 9, 0)","[(1, 0, 2, 1, 2), (1, 0, 2, 1, 2), (1, 0, 2, 1, 2), (1, 0, 2, 1, 2), (1, 0, 2, 1, 2), (1, 0, 2, 1, 2), (1, 0, 2, 1, 2), (1, 0, 2, 1, 2)]"
"(7, 5, 11, 6, 14, 0)","[(2, 0, 2, 1, 2), (2, 0, 2, 1, 2), (2, 0, 2, 1, 2), (2, 0, 2, 1, 2), (2, 0, 2, 1, 2), (2, 0, 2, 1, 2), (2, 0, 2, 1, 2), (2, 0, 2, 1, 2)]"
"(7, 5, 11, 8, 3, 0)","[(0, 0, 2, 1, '?'), (0, 0, 2, 1, '?'), (0, 0, 2, 1, '?'), (0, 0, 2, 1, '?'), (0, 0, 2, 1, '?'), (0, 0, 2, 1, 1), (0, 0, 2, 1, '?'), (0, 0, 2, 1, '?')]"
"(7, 5, 11, 8, 6, 0)","[(0, 0, 2, 1, 3), (0, 0, 2, 1, 3), (0, 0, 2, 1, 3), (0, 0, 2, 1, 3), (0, 0, 2, 1, 3), (0, 0, 2, 1, 3), (0, 0, 2, 1, 3)]"
"(7, 5, 11, 8, 11, 0)","[(0, 0, 2, 1, 1), (0, 0, 2, 1, 1), (0, 0, 2, 1, 1), (0, 0, 2, 1, 1), (0, 0, 2, 1, 1), (0, 0, 2, 1, 1), (0, 0, 2, 1, 1)]"
"(7, 5, 11, 8, 13, 0)","[(0, 0, 2, 1, 0), (0, 0, 2, 1, 0), (0, 0, 2, 1, 0), (0, 0, 2, 1, 0), (0, 0, 2, 1, 0), (0, 0, 2, 1, 0)]"
"(7, 5, 11, 9, 6, 0)","[(1, 0, 2, 1, 3), (1, 0, 2, 1, 3), (1, 0, 2, 1, 3), (1, 0, 2, 1, 3), (1, 0, 2, 1, 3), (1, 0, 2, 1, 3), (1, 0, 2, 1, 3), (1, 0, 2, 1, 3), (1, 0, 2, 1, 3)]"
"(7, 5, 11, 10, 13, 0)","[('?', 0, 2, 1, 0)]"
"(7, 5, 11, 14, 3, 0)","[(2, 0, 2, 1, '?'), (2, 0, 2, 1, '?'), (2, 0, 2, 1, '?'), (2, 0, 2, 1, '?'), (2, 0, 2, 1, '?'), (2, 0, 2, 1, '?'), (2, 0, 2, 1, '?'), (2, 0, 2, 1, '?')]"
"(7, 5, 11, 14, 6, 0)","[(2, 0, 2, 1, 3), (2, 0, 2, 1, 3), (2, 0, 2, 1, 3), (2, 0, 2, 1, 3), (2, 0, 2, 1, 3), (2, 0, 2, 1, 3), (2, 0, 2, 1, 3)]"
"(7, 5, 11, 14, 13, 0)","[(2, 0, 2, 1, 0), (2, 0, 2, 1, 0), (2, 0, 2, 1, 0), (2, 0, 2, 1, 0), (2, 0, 2, 1, 0), (2, 0, 2, 1, 0)]"
"(7, 5, 14, 3, 6, 0)","[(2, 0, 0, 1, 3)]"
"(7, 5, 14, 3, 11, 0)","[(2, 0, '?', 1, 1)]"
"(7, 6, 1, 1, 3, 0)","[('?', '?', 3, 1, '?')]"
"(7, 6, 1, 1, 11, 0)","[('?', '?', 3, 1, 1), ('?', '?', 3, 1, 1)]"
"(7, 6, 1, 3, 3, 0)","[('?', '?', 3, 1, '?'), ('?', '?', 3, 1, '?'), ('?', '?', 3, 1, '?'), ('?', '?', 3, 1, '?'), ('?', '?', 3, 1, '?'), ('?', '?', 3, 1, '?')]"
"(7, 6, 1, 3, 6, 0)","[('?', 1, 3, 1, 3), ('?', 1, 3, 1, 3)]"
"(7, 6, 1, 3, 11, 0)","[(3, 1, 3, 1, 1), ('?', '?', 3, 1, 1), (3, '?', 3, 1, 1), ('?', '?', 3, 1, 1), ('?', '?', 3, 1, 1), ('?', '?', 3, 1, 1), ('?', '?', 3, 1, 1), ('?', '?', 3, 1, 1), ('?', '?', 3, 1, 1), ('?', '?', 3, 1, 1)]"
"(7, 6, 1, 3, 13, 0)","[('?', '?', 3, 1, 0), ('?', '?', 3, 1, 0), ('?', '?', 3, 1, 0), ('?', '?', 3, 1, 0), ('?', '?', 3, 1, 0), ('?', '?', 3, 1, 0)]"
"(7, 6, 1, 4, 4, 0)","[(0, '?', 3, 1, 2), (0, '?', 3, 1, 2), (0, '?', 3, 1, 2)]"
"(7, 6, 1, 6, 1, 0)","[(3, '?', 3, 1, 2)]"
"(7, 6, 1, 6, 3, 0)","[('?', '?', 3, 1, 2), ('?', '?', 3, 1, 2), ('?', '?', 3, 1, 2), ('?', '?', 3, 1, 2), ('?', '?', 3, 1, 2), ('?', '?', 3, 1, 2), ('?', '?', 3, 1, 2), ('?', '?', 3, 1, 2)]"
"(7, 6, 1, 6, 4, 0)","[(0, '?', 3, 1, 2), (0, '?', 3, 1, 2), (0, '?', 3, 1, 2), (0, '?', 3, 1, 2)]"
"(7, 6, 1, 6, 9, 0)","[(1, '?', 3, 1, 2), (1, '?', 3, 1, 2), (1, '?', 3, 1, 2), (1, '?', 3, 1, 2), (1, '?', 3, 1, 2), (1, '?', 3, 1, 2), (1, '?', 3, 1, 2), (1, '?', 3, 1, 2)]"
"(7, 6, 1, 6, 14, 0)","[(2, '?', 3, 1, 2), (2, '?', 3, 1, 2), (2, '?', 3, 1, 2), (2, '?', 3, 1, 2), (2, '?', 3, 1, 2), (2, '?', 3, 1, 2), (2, '?', 3, 1, 2), (2, '?', 3, 1, 2)]"
"(7, 6, 1, 8, 3, 0)","[(0, '?', 3, 1, '?'), (0, '?', 3, 1, '?'), (0, '?', 3, 1, '?'), (0, '?', 3, 1, '?'), (0, '?', 3, 1, '?'), (0, '?', 3, 1, '?'), (0, '?', 3, 1, '?'), (0, 1, 3, 1, 0), (0, 1, 3, 1, 0), (0, 1, 3, 1, '?'), (0, '?', 3, 1, '?')]"
"(7, 6, 1, 8, 11, 0)","[(0, '?', 3, 1, 1), (0, '?', 3, 1, 1), (0, '?', 3, 1, 1), (0, '?', 3, 1, 1), (0, '?', 3, 1, 1), (0, '?', 3, 1, 1), (0, '?', 3, 1, 1), (0, '?', 3, 1, 1), (0, '?', 3, 1, 1)]"
"(7, 6, 1, 8, 13, 0)","[(0, 1, 3, 1, 0), (0, 1, 3, 1, 0), (0, 1, 3, 1, 0), (0, 1, 3, 1, 0)]"
"(7, 6, 1, 9, 3, 0)","[(1, '?', 3, 1, '?'), (1, '?', 3, 1, '?'), (1, '?', 3, 1, '?'), (1, '?', 3, 1, '?'), (1, '?', 3, 1, '?'), (1, '?', 3, 1, '?')]"
"(7, 6, 1, 9, 6, 0)","[(1, '?', 3, 1, 3), (1, '?', 3, 1, 3), (1, '?', 3, 1, 3), (1, '?', 3, 1, 3), (1, '?', 3, 1, 3), (1, '?', 3, 1, 3)]"
"(7, 6, 1, 9, 11, 0)","[(1, 2, 3, 1, 1)]"
"(7, 6, 1, 9, 13, 0)","[(1, 1, 3, 1, 0), (1, '?', 3, 1, 0), (1, '?', 3, 1, 0), (1, '?', 3, 1, 0), (1, '?', 3, 1, 0), (1, '?', 3, 1, 0), (1, '?', 3, 1, 0), (1, 1, 3, 1, 0), (1, '?', 3, 1, 0)]"
"(7, 6, 1, 13, 13, 0)","[(1, '?', 3, 1, 0)]"
"(7, 6, 1, 14, 1, 0)","[(2, '?', 3, 1, '?'), (2, '?', 3, 1, '?')]"
"(7, 6, 1, 14, 3, 0)","[(2, '?', 3, 1, '?'), (2, '?', 3, 1, '?'), (2, '?', 3, 1, '?'), (2, '?', 3, 1, '?'), (2, '?', 3, 1, '?')]"
"(7, 6, 1, 14, 6, 0)","[(2, '?', 3, 1, 3), (2, '?', 3, 1, 3), (2, '?', 3, 1, 3), (2, '?', 3, 1, 3), (2, '?', 3, 1, 3), (2, '?', 3, 1, 3), (2, '?', 3, 1, 3)]"
"(7, 6, 1, 14, 11, 0)","[(2, '?', 3, 1, 1), (2, '?', 3, 1, 1), (2, '?', 3, 1, 1), (2, '?', 3, 1, 1), (2, '?', 3, 1, 1)]"
"(7, 6, 1, 14, 13, 0)","[(2, '?', 3, 1, 0), (2, '?', 3, 1, 0), (2, 1, 3, 1, 0), (2, '?', 3, 1, 0), (2, '?', 3, 1, 0), (2, '?', 3, 1, 0), (2, '?', 3, 1, 0), (2, '?', 3, 1, 0), (2, 1, 3, 1, 0)]"
"(7, 6, 3, 3, 3, 0)","[('?', '?', '?', 1, '?'), ('?', '?', '?', 1, '?'), ('?', '?', '?', 1, '?'), ('?', '?', '?', 1, '?'), ('?', '?', '?', 1, '?'), ('?', '?', '?', 1, '?'), ('?', '?', '?', 1, '?')]"
"(7, 6, 3, 3, 6, 0)","[('?', '?', '?', 1, 3), ('?', '?', '?', 1, 3), ('?', '?', '?', 1, 3), ('?', '?', '?', 1, 3), ('?', '?', '?', 1, 3), ('?', '?', '?', 1, 3), ('?', '?', '?', 1, 3), ('?', '?', '?', 1, 3), ('?', '?', '?', 1, 3)]"
"(7, 6, 3, 3, 11, 0)","[('?', '?', '?', 1, 1), ('?', '?', '?', 1, 1), ('?', '?', '?', 1, 1), ('?', '?', '?', 1, 1), ('?', '?', '?', 1, 1), ('?', '?', '?', 1, 1), ('?', '?', '?', 1, 1)]"
"(7, 6, 3, 3, 13, 0)","[('?', '?', '?', 1, 0), ('?', '?', '?', 1, 0), ('?', '?', '?', 1, 0), ('?', '?', '?', 1, 0), ('?', '?', '?', 1, 0), ('?', '?', '?', 1, 0)]"
"(7, 6, 3, 4, 4, 0)","[(0, '?', '?', 1, 2), (0, '?', '?', 1, 2), (0, '?', '?', 1, 2), (0, '?', '?', 1, 2), (0, '?', '?', 1, 2), (0, '?', '?', 1, 2), (0, '?', '?', 1, 2), (0, '?', '?', 1, 2), (0, '?', '?', 1, 2)]"
"(7, 6, 3, 6, 3, 0)","[('?', '?', '?', 1, 2), ('?', '?', '?', 1, 2), ('?', '?', '?', 1, 2), ('?', '?', '?', 1, 2), ('?', '?', '?', 1, 2), ('?', '?', '?', 1, 2), ('?', '?', '?', 1, 2), ('?', '?', '?', 1, 2), ('?', '?', '?', 1, 2), ('?', '?', '?', 1, 2)]"
"(7, 6, 3, 6, 9, 0)","[(1, '?', '?', 1, 2), (1, '?', '?', 1, 2), (1, '?', '?', 1, 2), (1, '?', '?', 1, 2), (1, '?', '?', 1, 2), (1, '?', '?', 1, 2), (1, '?', '?', 1, 2), (1, '?', '?', 1, 2)]"
"(7, 6, 3, 6, 14, 0)","[(2, '?', '?', 1, 2), (2, '?', '?', 1, 2), (2, '?', '?', 1, 2), (2, '?', '?', 1, 2), (2, '?', '?', 1, 2), (2, '?', '?', 1, 2), (2, '?', '?', 1, 2), (2, '?', '?', 1, 2)]"
"(7, 6, 3, 8, 3, 0)","[(0, '?', 1, 1, '?'), (0, '?', '?', 1, '?'), (0, '?', '?', 1, '?'), (0, '?', '?', 1, '?'), (0, '?', '?', 1, '?'), (0, '?', '?', 1, '?'), (0, '?', '?', 1, '?'), (0, '?', '?', 1, '?'), (0, '?', '?', 1, '?'), (0, '?', '?', 1, '?')]"
"(7, 6, 3, 8, 6, 0)","[(0, '?', '?', 1, 3), (0, '?', '?', 1, 3), (0, '?', '?', 1, 3), (0, '?', '?', 1, 3), (0, '?', '?', 1, 3), (0, '?', '?', 1, 3), (0, '?', '?', 1, 3), (0, '?', '?', 1, 3), (0, '?', '?', 1, 3)]"
"(7, 6, 3, 8, 11, 0)","[(0, '?', '?', 1, 1), (0, '?', '?', 1, 1), (0, '?', '?', 1, 1), (0, '?', '?', 1, 1), (0, '?', '?', 1, 1), (0, '?', '?', 1, 1), (0, '?', '?', 1, 1), (0, '?', '?', 1, 1), (0, 1, '?', 1, 1), (0, '?', '?', 1, 1)]"
"(7, 6, 3, 8, 13, 0)","[(0, '?', '?', 1, 0), (0, '?', '?', 1, 0), (0, '?', '?', 1, 0), (0, '?', '?', 1, 0), (0, '?', '?', 1, 0), (0, '?', '?', 1, 0), (0, '?', '?', 1, 0), (0, '?', '?', 1, 0), (0, '?', '?', 1, 0), (0, 1, '?', 1, 0)]"
"(7, 6, 3, 9, 3, 0)","[(1, '?', '?', 1, '?'), (1, '?', '?', 1, '?'), (1, '?', '?', 1, '?'), (1, '?', '?', 1, '?'), (1, '?', '?', 1, '?'), (1, '?', '?', 1, '?')]"
"(7, 6, 3, 9, 6, 0)","[(1, '?', '?', 1, 3), (1, '?', '?', 1, 3), (1, '?', '?', 1, 3), (1, '?', '?', 1, 3), (1, '?', '?', 1, 3), (1, '?', '?', 1, 3), (1, '?', '?', 1, 3)]"
"(7, 6, 3, 9, 11, 0)","[(1, '?', '?', 1, 1), (1, '?', '?', 1, 1), (1, '?', '?', 1, 1), (1, '?', '?', 1, 1), (1, '?', '?', 1, 1), (1, 3, '?', 1, 1)]"
"(7, 6, 3, 9, 13, 0)","[(1, '?', '?', 1, 0), (1, '?', '?', 1, 0), (1, '?', '?', 1, 0), (1, '?', '?', 1, 0), (1, '?', '?', 1, 0), (1, '?', '?', 1, 0)]"
"(7, 6, 3, 14, 3, 0)","[(2, '?', '?', 1, '?'), (2, '?', '?', 1, '?'), (2, '?', '?', 1, '?'), (2, '?', '?', 1, '?')]"
"(7, 6, 3, 14, 6, 0)","[(2, '?', '?', 1, 3), (2, '?', '?', 1, 3), (2, '?', '?', 1, 3), (2, '?', '?', 1, 3), (2, '?', '?', 1, 3), (2, '?', '?', 1, 3), (2, '?', '?', 1, 3)]"
"(7, 6, 3, 14, 11, 0)","[(2, '?', '?', 1, 1), (2, '?', '?', 1, 1), (2, '?', '?', 1, 1), (2, '?', '?', 1, 1), (2, '?', '?', 1, 1), (2, '?', '?', 1, 1), (2, '?', '?', 1, 1), (2, '?', '?', 1, 1), (2, '?', '?', 1, 1)]"
"(7, 6, 3, 14, 13, 0)","[(2, '?', '?', 1, 0), (2, '?', '?', 1, 0), (2, '?', '?', 1, 0), (2, '?', '?', 1, 0), (2, '?', '?', 1, 0), (2, '?', '?', 1, 0), (2, '?', '?', 1, 0), (2, '?', '?', 1, 0), (2, '?', '?', 1, 0)]"
"(7, 6, 4, 1, 3, 0)","[(3, '?', 3, 1, '?'), (3, '?', 3, 1, '?'), (3, '?', 3, 1, '?'), (3, '?', 3, 1, '?'), (3, '?', 3, 1, '?'), (3, '?', 3, 1, '?'), (3, '?', 3, 1, '?'), (3, '?', 3, 1, '?'), (3, '?', 3, 1, '?'), (3, 1, 3, 1, '?')]"
"(7, 6, 4, 1, 6, 0)","[(3, 1, 3, 1, 3)]"
"(7, 6, 4, 1, 11, 0)","[(3, '?', 3, 1, 1), (3, '?', 3, 1, 1), (3, '?', 3, 1, 1), (3, '?', 3, 1, 1), (3, '?', 3, 1, 1), (3, 1, 3, 1, 1), (3, 1, 3, 1, 1), (3, 1, 3, 1, 1)]"
"(7, 6, 4, 1, 13, 0)","[(3, '?', 3, 1, 0), (3, '?', 3, 1, 0), (3, '?', 3, 1, 0), (3, '?', 3, 1, 0), (3, '?', 3, 1, 0), (3, '?', 3, 1, 0), (3, '?', 3, 1, 0)]"
"(7, 6, 4, 3, 3, 0)","[(3, '?', '?', 1, '?'), (3, '?', '?', 1, '?'), (3, '?', '?', 1, '?'), (3, '?', '?', 1, '?'), (3, '?', '?', 1, '?'), (3, '?', '?', 1, '?'), (3, '?', '?', 1, '?'), (3, '?', '?', 1, '?')]"
"(7, 6, 4, 3, 6, 0)","[(3, '?', '?', 1, 3), (3, '?', '?', 1, 3), (3, '?', '?', 1, 3), (3, 2, '?', 1, 3), (3, '?', '?', 1, 3), (3, '?', '?', 1, 3), (3, '?', '?', 1, 3)]"
"(7, 6, 4, 3, 11, 0)","[(3, '?', '?', 1, 1), (3, '?', '?', 1, 1), (3, '?', '?', 1, 1), (3, '?', '?', 1, 1), (3, '?', '?', 1, 1), (3, '?', '?', 1, 1), (3, '?', '?', 1, 1), (3, '?', '?', 1, 1), (3, '?', '?', 1, 1)]"
"(7, 6, 4, 3, 13, 0)","[(3, '?', '?', 1, 0), (3, '?', '?', 1, 0), (3, '?', '?', 1, 0), (3, '?', '?', 1, 0), (3, '?', '?', 1, 0)]"
"(7, 6, 4, 6, 1, 0)","[(3, '?', 3, 1, 2), (3, '?', 3, 1, 2), (3, '?', 3, 1, 2), (3, '?', 3, 1, 2), (3, '?', 3, 1, 2), (3, '?', 3, 1, 2), (3, '?', 3, 1, 2), (3, '?', 3, 1, 2), (3, '?', 3, 1, 2)]"
"(7, 6, 4, 6, 3, 0)","[(3, '?', 0, 1, 2), (3, '?', '?', 1, 2), (3, '?', '?', 1, 2), (3, '?', '?', 1, 2), (3, '?', '?', 1, 2), (3, '?', '?', 1, 2), (3, '?', '?', 1, 2), (3, '?', '?', 1, 2)]"
"(7, 6, 4, 6, 7, 0)","[(3, '?', 0, 1, 2), (3, '?', 0, 1, 2), (3, '?', 0, 1, 2), (3, '?', 0, 1, 2), (3, '?', 0, 1, 2), (3, '?', 0, 1, 2)]"
"(7, 6, 4, 6, 10, 0)","[(3, '?', 1, 1, 2), (3, '?', 1, 1, 2), (3, '?', 1, 1, 2), (3, '?', 1, 1, 2), (3, '?', 1, 1, 2), (3, '?', 1, 1, 2), (3, '?', 1, 1, 2), (3, '?', 1, 1, 2), (3, '?', 1, 1, 2), (3, '?', 1, 1, 2)]"
"(7, 6, 4, 6, 11, 0)","[(3, '?', 2, 1, 2), (3, '?', 2, 1, 2), (3, '?', 2, 1, 2), (3, '?', 2, 1, 2), (3, '?', 2, 1, 2), (3, 1, 2, 1, 2), (3, '?', 2, 1, 2), (3, 1, 2, 1, 2), (3, 1, 2, 1, 2), (3, '?', 2, 1, 2), (3, '?', 2, 1, 2)]"
"(7, 6, 4, 10, 3, 0)","[(3, '?', 1, 1, '?'), (3, '?', 1, 1, '?'), (3, '?', 1, 1, '?'), (3, '?', 1, 1, '?')]"
"(7, 6, 4, 10, 6, 0)","[(3, '?', 1, 1, 3), (3, '?', 1, 1, 3), (3, '?', 1, 1, 3), (3, '?', 1, 1, 3), (3, '?', 1, 1, 3), (3, '?', 1, 1, 3)]"
"(7, 6, 4, 10, 11, 0)","[(3, '?', 1, 1, 1), (3, '?', 1, 1, 1), (3, '?', 1, 1, 1), (3, '?', 1, 1, 1), (3, '?', 1, 1, 1), (3, '?', 1, 1, 1), (3, '?', 1, 1, 1), (3, '?', 1, 1, 1)]"
"(7, 6, 4, 10, 13, 0)","[(3, '?', 1, 1, 0), (3, '?', 1, 1, 0), (3, '?', 1, 1, 0), (3, '?', 1, 1, 0)]"
"(7, 6, 4, 11, 3, 0)","[(3, 1, 2, 1, '?'), (3, '?', 2, 1, '?'), (3, '?', 2, 1, '?'), (3, '?', 2, 1, '?'), (3, '?', 2, 1, '?'), (3, 1, 2, 1, '?'), (3, 1, 2, 1, '?'), (3, '?', 2, 1, '?'), (3, '?', 2, 1, '?')]"
"(7, 6, 4, 11, 6, 0)","[(3, '?', 2, 1, 3), (3, '?', 2, 1, 3), (3, '?', 2, 1, 3), (3, '?', 2, 1, 3), (3, '?', 2, 1, 3), (3, '?', 2, 1, 3), (3, '?', 2, 1, 3), (3, '?', 2, 1, 3), (3, '?', 2, 1, 3), (3, 1, 2, 1, 3)]"
"(7, 6, 4, 11, 13, 0)","[(3, '?', 2, 1, 0), (3, '?', 2, 1, 0), (3, '?', 2, 1, 0), (3, '?', 2, 1, 0), (3, '?', 2, 1, 0)]"
"(7, 6, 7, 3, 3, 0)","[('?', 1, 0, 1, '?'), ('?', '?', 0, 1, 1), ('?', '?', 0, 1, '?'), ('?', '?', 0, 1, '?'), (3, '?', 0, 1, 1), ('?', '?', 0, 1, '?'), ('?', '?', 0, 1, '?'), (3, 2, 0, 1, 1), ('?', '?', 0, 1, 1), ('?', 1, 0, 1, 1), ('?', 1, 0, 1, '?'), (3, '?', 0, 1, 1), ('?', '?', 0, 1, '?')]"
"(7, 6, 7, 3, 6, 0)","[('?', 1, 0, 1, 3), ('?', '?', 0, 1, 3), ('?', '?', 0, 1, 3), ('?', '?', 0, 1, 3), ('?', '?', 0, 1, 3), ('?', '?', 0, 1, 3), ('?', 1, 0, 1, 3), ('?', '?', 0, 1, 3), ('?', 1, 0, 1, 3), ('?', '?', 0, 1, 3), ('?', 1, 0, 1, 3)]"
"(7, 6, 7, 3, 11, 0)","[('?', 1, 0, 1, 1), ('?', '?', 0, 1, 1), ('?', '?', 0, 1, 1), ('?', '?', 0, 1, 1), ('?', '?', 0, 1, 1), ('?', '?', 0, 1, 1), ('?', '?', 0, 1, 1)]"
"(7, 6, 7, 3, 13, 0)","[('?', '?', 0, 1, 0), ('?', '?', 0, 1, 0), ('?', 1, 0, 1, 0), ('?', '?', 0, 1, 0), ('?', '?', 0, 1, 0), ('?', '?', 0, 1, 0), ('?', '?', 0, 1, 0)]"
"(7, 6, 7, 4, 3, 0)","[(3, '?', 0, 1, '?'), (3, '?', 0, 1, '?'), (3, '?', 0, 1, '?'), (3, '?', 0, 1, '?'), (3, '?', 0, 1, '?'), (3, '?', 0, 1, 0), (3, '?', 0, 1, '?'), (3, '?', 0, 1, 1)]"
"(7, 6, 7, 4, 4, 0)","[(0, 1, 0, 1, 2)]"
"(7, 6, 7, 4, 6, 0)","[(3, 2, 0, 1, 3), (3, 2, 0, 1, 3), (3, 2, 0, 1, 3), (3, 2, 0, 1, 3)]"
"(7, 6, 7, 4, 11, 0)","[(3, '?', 0, 1, 1), (3, '?', 0, 1, 1), (3, '?', 0, 1, 1)]"
"(7, 6, 7, 4, 13, 0)","[(3, '?', 0, 1, 0), (3, '?', 0, 1, 0), (3, '?', 0, 1, 0), (3, '?', 0, 1, 0), (3, '?', 0, 1, 0), (3, '?', 0, 1, 0)]"
"(7, 6, 7, 6, 3, 0)","[('?', '?', 0, 1, 2), ('?', '?', 0, 1, 2), (0, '?', 0, 1, 2), ('?', '?', 0, 1, 2), ('?', 1, 0, 1, 2), ('?', '?', 0, 1, 2)]"
"(7, 6, 7, 6, 4, 0)","[(0, 1, 0, 1, 2), (0, '?', 0, 1, 2), (0, '?', 0, 1, 2), (0, '?', 0, 1, 2)]"
"(7, 6, 7, 6, 7, 0)","[(0, '?', 0, 1, 2), (0, '?', 0, 1, 2), (0, '?', 0, 1, 2), (0, '?', 0, 1, 2)]"
"(7, 6, 7, 6, 9, 0)","[(1, '?', 0, 1, 2), (1, '?', 0, 1, 2), (1, '?', 0, 1, 2), (1, '?', 0, 1, 2), (1, '?', 0, 1, 2), (1, '?', 0, 1, 2), (1, '?', 0, 1, 2), (1, '?', 0, 1, 2)]"
"(7, 6, 7, 6, 14, 0)","[(2, 1, 0, 1, 2), (2, 2, 0, 1, 2)]"
"(7, 6, 7, 8, 3, 0)","[(0, '?', 0, 1, '?'), (0, '?', 0, 1, '?'), (0, '?', 0, 1, '?'), (0, '?', 0, 1, '?'), (0, '?', 0, 1, '?'), (0, '?', 0, 1, '?'), (0, '?', 0, 1, 0), (0, '?', 0, 1, 1), (0, 1, 0, 1, '?'), (0, '?', 0, 1, '?')]"
"(7, 6, 7, 8, 6, 0)","[(0, '?', 0, 1, 3), (0, '?', 0, 1, 3), (0, 1, 0, 1, 3), (0, 1, 0, 1, 3), (0, '?', 0, 1, 3), (0, 1, 0, 1, 3), (0, 1, 0, 1, 3), (0, '?', 0, 1, 3), (0, 1, 0, 1, 3), (0, '?', 0, 1, 3), (0, '?', 0, 1, 3), (0, '?', 0, 1, 3), (0, '?', 0, 1, 3), (0, 1, 0, 1, 3), (0, '?', 0, 1, 3), (0, 1, 0, 1, 3), (0, 1, 0, 1, 3), (0, 1, 0, 1, 3), (0, 1, 0, 1, 3)]"
"(7, 6, 7, 8, 11, 0)","[(0, '?', 0, 1, 1), (0, '?', 0, 1, 1), (0, '?', 0, 1, 1), (0, '?', 0, 1, 1), (0, '?', 0, 1, 1), (0, '?', 0, 1, 1), (0, '?', 0, 1, 1)]"
"(7, 6, 7, 8, 13, 0)","[(0, '?', 0, 1, 0), (0, '?', 0, 1, 0), (0, '?', 0, 1, 0), (0, '?', 0, 1, 0), (0, '?', 0, 1, 0), (0, '?', 0, 1, 0), (0, '?', 0, 1, 0), (0, '?', 0, 1, 0)]"
"(7, 6, 7, 9, 3, 0)","[(1, '?', 0, 1, '?'), (1, '?', 0, 1, '?'), (1, '?', 0, 1, '?'), (1, '?', 0, 1, '?'), (1, '?', 0, 1, '?'), (1, '?', 0, 1, '?'), (1, '?', 0, 1, '?'), (1, '?', 0, 1, 0), (1, '?', 0, 1, '?'), (1, 1, 0, 1, 1), (1, 1, 0, 1, 0), (1, '?', 0, 1, '?')]"
"(7, 6, 7, 9, 6, 0)","[(1, 1, 0, 1, 3), (1, '?', 0, 1, 3), (1, '?', 0, 1, 3), (1, '?', 0, 1, 3), (1, 2, 0, 1, 3), (1, '?', 0, 1, 3), (1, '?', 0, 1, 3), (1, '?', 0, 1, 3), (1, 1, 0, 1, 3), (1, '?', 0, 1, 3), (1, 2, 0, 1, 3), (1, '?', 0, 1, 3), (1, 1, 0, 1, 3), (1, 1, 0, 1, 3), (1, '?', 0, 1, 3), (1, '?', 0, 1, 3)]"
"(7, 6, 7, 9, 13, 0)","[(1, '?', 0, 1, 0), (1, 1, 0, 1, 0), (1, '?', 0, 1, 0), (1, '?', 0, 1, 0), (1, '?', 0, 1, 0), (1, '?', 0, 1, 0), (1, '?', 0, 1, 0)]"
"(7, 6, 7, 14, 3, 0)","[(2, '?', 0, 1, '?'), (2, '?', 0, 1, '?'), (2, 1, 0, 1, '?'), (2, '?', 0, 1, '?'), (2, '?', 0, 1, '?'), (2, '?', 0, 1, '?'), (2, '?', 0, 1, 1), (2, 1, 0, 1, '?'), (2, '?', 0, 1, '?')]"
"(7, 6, 7, 14, 6, 0)","[(2, 1, 0, 1, 3), (2, '?', 0, 1, 3), (2, '?', 0, 1, 3), (2, '?', 0, 1, 3), (2, '?', 0, 1, 3), (2, '?', 0, 1, 3), (2, '?', 0, 1, 3), (2, '?', 0, 1, 3), (2, '?', 0, 1, 3), (2, 1, 0, 1, 3), (2, 1, 0, 1, 3)]"
"(7, 6, 7, 14, 11, 0)","[(2, '?', 0, 1, 1), (2, '?', 0, 1, 1), (2, '?', 0, 1, 1), (2, '?', 0, 1, 1), (2, '?', 0, 1, 1), (2, '?', 0, 1, 1), (2, '?', 0, 1, 1)]"
"(7, 6, 7, 14, 13, 0)","[(2, '?', 0, 1, 0), (2, '?', 0, 1, 0), (2, '?', 0, 1, 0), (2, '?', 0, 1, 0), (2, '?', 0, 1, 0), (2, '?', 0, 1, 0), (2, '?', 0, 1, 0), (2, '?', 0, 1, 0), (2, '?', 0, 1, 0)]"
"(7, 6, 9, 9, 11, 0)","[(1, '?', '?', 1, 1)]"
"(7, 6, 10, 3, 3, 0)","[('?', '?', 1, 1, '?'), ('?', '?', 1, 1, '?')]"
"(7, 6, 10, 3, 6, 0)","[('?', '?', 1, 1, 3), ('?', '?', 1, 1, 3), (0, '?', 1, 1, 3), ('?', '?', 1, 1, 3)]"
"(7, 6, 10, 3, 11, 0)","[('?', '?', 1, 1, 1)]"
"(7, 6, 10, 3, 13, 0)","[('?', '?', 1, 1, 0), ('?', '?', 1, 1, 0), ('?', '?', 1, 1, 0), ('?', '?', 1, 1, 0)]"
"(7, 6, 10, 4, 4, 0)","[(0, '?', 1, 1, 2), (0, '?', 1, 1, 2), (0, '?', 1, 1, 2), (0, '?', 1, 1, 2), (0, '?', 1, 1, 2), (0, '?', 1, 1, 2), (0, 1, 1, 1, 2), (0, '?', 1, 1, 2), (0, '?', 1, 1, 2), (0, '?', 1, 1, 2)]"
"(7, 6, 10, 6, 3, 0)","[('?', '?', 1, 1, 2), ('?', '?', 1, 1, 2), ('?', '?', 1, 1, 2), ('?', '?', 1, 1, '?'), ('?', '?', 1, 1, 2), ('?', '?', 1, 1, 2), ('?', '?', 1, 1, 2)]"
"(7, 6, 10, 6, 9, 0)","[(1, '?', 1, 1, 2), (1, '?', 1, 1, 2), (1, '?', 1, 1, 2), (1, '?', 1, 1, 2), (1, '?', 1, 1, 2), (1, '?', 1, 1, 2)]"
"(7, 6, 10, 6, 14, 0)","[(2, '?', 1, 1, 2), (2, '?', 1, 1, 2), (2, '?', 1, 1, 2), (2, '?', 1, 1, 2), (2, '?', 1, 1, 2), (2, '?', 1, 1, 2), (2, '?', 1, 1, 2)]"
"(7, 6, 10, 8, 3, 0)","[(0, '?', 1, 1, '?'), (0, '?', 1, 1, '?'), (0, '?', 1, 1, '?'), (0, '?', 1, 1, '?'), (0, '?', 1, 1, '?'), (0, '?', 1, 1, '?'), (0, '?', 1, 1, '?'), (0, '?', 1, 1, '?')]"
"(7, 6, 10, 8, 6, 0)","[(0, '?', 1, 1, 3), (0, '?', 1, 1, 3), (0, '?', 1, 1, 3), (0, '?', 1, 1, 3), (0, '?', 1, 1, 3), (0, '?', 1, 1, 3)]"
"(7, 6, 10, 8, 13, 0)","[(0, '?', 1, 1, 0), (0, '?', 1, 1, 0), (0, '?', 1, 1, 0), (0, '?', 1, 1, 0), (0, '?', 1, 1, 0), (0, '?', 1, 1, 0), (0, '?', 1, 1, 0), (0, '?', 1, 1, 0)]"
"(7, 6, 10, 9, 3, 0)","[(1, '?', 1, 1, '?'), (1, '?', 1, 1, '?'), (1, '?', 1, 1, '?'), (1, '?', 1, 1, '?'), (1, '?', 1, 1, '?'), (1, '?', 1, 1, '?')]"
"(7, 6, 10, 9, 6, 0)","[(1, 3, 1, 1, 3), (1, 1, 1, 1, 3), (1, '?', 1, 1, 3), (1, '?', 1, 1, 3), (1, '?', 1, 1, 3), (1, '?', 1, 1, 3), (1, '?', 1, 1, 3), (1, '?', 1, 1, 3), (1, 1, 1, 1, 3), (1, '?', 1, 1, 3), (1, '?', 1, 1, 3), (1, '?', 1, 1, 3)]"
"(7, 6, 10, 9, 11, 0)","[(1, '?', 1, 1, 1), (1, '?', 1, 1, 1), (1, '?', 1, 1, 1), (1, '?', 1, 1, 1), (1, '?', 1, 1, 1), (1, '?', 1, 1, 1), (1, '?', 1, 1, 1), (1, '?', 1, 1, 1), (1, 2, 1, 1, 1), (1, '?', 1, 1, 1)]"
"(7, 6, 10, 9, 13, 0)","[(1, '?', 1, 1, 0), (1, '?', 1, 1, 0), (1, '?', 1, 1, 0), (1, '?', 1, 1, 0), (1, '?', 1, 1, 0), (1, '?', 1, 1, 0)]"
"(7, 6, 10, 10, 3, 0)","[('?', '?', 1, 1, '?'), ('?', '?', 1, 1, '?'), ('?', '?', 1, 1, '?'), ('?', '?', 1, 1, '?'), ('?', '?', 1, 1, '?'), ('?', '?', 1, 1, '?')]"
"(7, 6, 10, 10, 6, 0)","[('?', '?', 1, 1, 3), ('?', 1, 1, 1, 3), ('?', '?', 1, 1, 3), ('?', '?', 1, 1, 3)]"
"(7, 6, 10, 10, 11, 0)","[('?', '?', 1, 1, 1), ('?', '?', 1, 1, 1), ('?', '?', 1, 1, 1), ('?', '?', 1, 1, 1), ('?', '?', 1, 1, 1), (3, '?', 1, 1, 1), ('?', '?', 1, 1, 1)]"
"(7, 6, 10, 10, 13, 0)","[('?', '?', 1, 1, 0), ('?', '?', 1, 1, 0), ('?', '?', 1, 1, 0), ('?', '?', 1, 1, 0)]"
"(7, 6, 10, 14, 3, 0)","[(2, '?', 1, 1, '?'), (2, '?', 1, 1, '?'), (2, '?', 1, 1, '?'), (2, '?', 1, 1, '?'), (2, '?', 1, 1, '?'), (2, '?', 1, 1, '?'), (2, '?', 1, 1, '?'), (2, '?', 1, 1, '?')]"
"(7, 6, 10, 14, 11, 0)","[(2, '?', 1, 1, 1), (2, 2, 1, 1, 1), (2, '?', 1, 1, 1), (2, '?', 1, 1, 1), (2, '?', 1, 1, 1), (2, '?', 1, 1, 1), (2, '?', 1, 1, 1)]"
"(7, 6, 10, 14, 13, 0)","[(2, '?', 1, 1, 0), (2, '?', 1, 1, 0), (2, '?', 1, 1, 0), (2, '?', 1, 1, 0), (2, '?', 1, 1, 0), (2, '?', 1, 1, 0), (2, '?', 1, 1, 0), (2, '?', 1, 1, 0)]"
"(7, 6, 11, 3, 3, 0)","[('?', '?', 2, 1, '?'), ('?', '?', 2, 1, '?'), ('?', '?', 2, 1, '?'), ('?', '?', 2, 1, '?'), ('?', '?', 2, 1, '?'), ('?', '?', 2, 1, '?'), ('?', '?', 2, 1, '?'), ('?', 1, 2, 1, '?'), ('?', '?', 2, 1, '?')]"
"(7, 6, 11, 3, 6, 0)","[('?', 1, 2, 1, 3)]"
"(7, 6, 11, 3, 11, 0)","[('?', '?', 2, 1, 1), ('?', 1, 2, 1, 1), ('?', '?', 2, 1, 1), ('?', '?', 2, 1, 1), ('?', '?', 2, 1, 1), ('?', '?', 2, 1, 1), ('?', '?', 2, 1, 1), ('?', '?', 2, 1, 1), ('?', '?', 2, 1, 1)]"
"(7, 6, 11, 4, 4, 0)","[(0, 1, 2, 1, 2), (0, '?', 2, 1, 2), (0, '?', 2, 1, 2), (0, 1, 2, 1, 2), (0, '?', 2, 1, 2), (0, '?', 2, 1, 2), (0, '?', 2, 1, 2), (0, '?', 2, 1, 2), (0, '?', 2, 1, 2), (0, 1, 2, 1, 2), (0, 1, 2, 1, 2), (0, '?', 2, 1, 2)]"
"(7, 6, 11, 6, 3, 0)","[('?', '?', 2, 1, 2), ('?', '?', 2, 1, 2), ('?', 1, 2, 1, 2), ('?', '?', 2, 1, 2), ('?', '?', 2, 1, 2), ('?', '?', 2, 1, 2), ('?', 1, 2, 1, 2), ('?', '?', 2, 1, 2), ('?', 1, 2, 1, 2), ('?', '?', 2, 1, 2), ('?', '?', 2, 1, 2), ('?', 1, 2, 1, 2)]"
"(7, 6, 11, 6, 9, 0)","[(1, '?', 2, 1, 2), (1, '?', 2, 1, 2), (1, '?', 2, 1, 2), (1, '?', 2, 1, 2), (1, '?', 2, 1, 2), (1, '?', 2, 1, 2), (1, '?', 2, 1, 2), (1, '?', 2, 1, 2), (1, '?', 2, 1, 2), (1, '?', 2, 1, 2), (1, 1, 2, 1, 2)]"
"(7, 6, 11, 6, 14, 0)","[(2, '?', 2, 1, 2), (2, '?', 2, 1, 2), (2, '?', 2, 1, 2), (2, 1, 2, 1, 2), (2, '?', 2, 1, 2), (2, 1, 2, 1, 2), (2, '?', 2, 1, 2), (2, '?', 2, 1, 2), (2, '?', 2, 1, 2), (2, '?', 2, 1, 2), (2, 1, 2, 1, 2)]"
"(7, 6, 11, 8, 3, 0)","[(0, '?', 2, 1, '?'), (0, 1, 2, 1, '?'), (0, '?', 2, 1, '?'), (0, '?', 2, 1, '?'), (0, '?', 2, 1, '?'), (0, '?', 2, 1, '?'), (0, 1, 2, 1, '?'), (0, '?', 2, 1, '?'), (0, 1, 2, 1, '?'), (0, '?', 2, 1, '?'), (0, '?', 2, 1, '?')]"
"(7, 6, 11, 8, 6, 0)","[(0, '?', 2, 1, 3), (0, '?', 2, 1, 3), (0, '?', 2, 1, 3), (0, 1, 2, 1, 3), (0, 1, 2, 1, 3), (0, '?', 2, 1, 3), (0, '?', 2, 1, 3), (0, '?', 2, 1, 3)]"
"(7, 6, 11, 8, 11, 0)","[(0, 1, 2, 1, 1)]"
"(7, 6, 11, 8, 13, 0)","[(0, 1, 2, 1, 0), (0, '?', 2, 1, 0), (0, '?', 2, 1, 0), (0, '?', 2, 1, 0), (0, 1, 2, 1, 0), (0, 1, 2, 1, 0), (0, 1, 2, 1, 0), (0, '?', 2, 1, 0), (0, '?', 2, 1, 0), (0, '?', 2, 1, 0)]"
"(7, 6, 11, 9, 3, 0)","[(1, 1, 2, 1, '?')]"
"(7, 6, 11, 9, 6, 0)","[(1, '?', 2, 1, 3), (1, '?', 2, 1, 3), (1, '?', 2, 1, 3), (1, '?', 2, 1, 3), (1, '?', 2, 1, 3), (1, 1, 2, 1, 3), (1, '?', 2, 1, 3), (1, 1, 2, 1, 3), (1, '?', 2, 1, 3)]"
"(7, 6, 11, 9, 11, 0)","[(1, '?', 2, 1, 1), (1, '?', 2, 1, 1), (1, '?', 2, 1, 1), (1, '?', 2, 1, 1), (1, '?', 2, 1, 1), (1, '?', 2, 1, 1), (1, 1, 2, 1, 1), (1, '?', 2, 1, 1), (1, '?', 2, 1, 1)]"
"(7, 6, 11, 14, 3, 0)","[(2, 1, 2, 1, '?'), (2, 1, 2, 1, '?')]"
"(7, 6, 11, 14, 6, 0)","[(2, 1, 2, '?', 3), (2, '?', 2, 1, 3), (2, '?', 2, 1, 3), (2, '?', 2, 1, 3), (2, '?', 2, 1, 3), (2, '?', 2, 1, 3), (2, '?', 2, 1, 3), (2, '?', 2, 1, 3), (2, '?', 2, 1, 3), (2, '?', 2, 1, 3)]"
"(7, 6, 11, 14, 11, 0)","[(2, '?', 2, 1, 1), (2, '?', 2, 1, 1), (2, '?', 2, 1, 1), (2, '?', 2, 1, 1), (2, '?', 2, 1, 1), (2, '?', 2, 1, 1), (2, '?', 2, 1, 1), (2, '?', 2, 1, 1), (2, '?', 2, 1, 1)]"
"(7, 6, 11, 14, 13, 0)","[(2, '?', 2, 1, 0), (2, '?', 2, 1, 0), (2, '?', 2, 1, 0), (2, '?', 2, 1, 0), (2, '?', 2, 1, 0), (2, '?', 2, 1, 0), (2, '?', 2, 1, 0), (2, '?', 2, 1, 0)]"
"(7, 6, 14, 3, 6, 0)","[(2, '?', '?', 1, 3), (2, '?', '?', 1, 3), (2, '?', '?', 1, 3)]"
"(7, 6, 14, 3, 14, 0)","[(2, '?', '?', 1, '?')]"
"(7, 6, 14, 6, 14, 0)","[(2, '?', '?', 1, 2)]"
"(7, 12, 1, 1, 6, 0)","[(3, 3, 3, 1, 3), (3, 3, 3, 1, 3), (3, 3, 3, 1, 3)]"
"(7, 12, 1, 3, 6, 0)","[('?', 3, 3, 1, 3), ('?', 3, 3, 1, 3), ('?', 3, 3, 1, 3), ('?', 3, 3, 1, 3), ('?', 3, 3, 1, 3)]"
"(7, 12, 1, 3, 11, 0)","[(3, 3, 3, 1, 1), (3, 3, 3, 1, 1), (3, 3, 3, 1, 1), (3, 3, 3, 1, 1)]"
"(7, 12, 1, 3, 13, 0)","[('?', 3, 3, 1, 0), (3, 3, 3, 1, 0), ('?', 3, 3, 1, 0), ('?', 3, 3, 1, 0), ('?', 3, 3, 1, 0), ('?', 3, 3, 1, 0), ('?', 3, 3, 1, 0), ('?', 3, 3, 1, 0), ('?', 3, 3, 1, 0), ('?', 3, 3, 1, 0)]"
"(7, 12, 1, 4, 4, 0)","[(0, 3, 3, 1, 2), (0, 3, 3, 1, 2), (0, 3, 3, 1, 2), (0, 3, 3, 1, 2), (0, 3, 3, 1, 2), (0, 3, 3, 1, 2)]"
"(7, 12, 1, 6, 3, 0)","[('?', 3, 3, 1, 2), ('?', 3, 3, 1, 2), ('?', 3, 3, 1, 2), ('?', 3, 3, 1, 2), ('?', 3, 3, 1, 2), ('?', 3, 3, 1, 2), (3, 3, 3, 1, 2), ('?', 3, 3, 1, 2), ('?', 3, 3, 1, 2), ('?', 3, 3, 1, 2)]"
"(7, 12, 1, 6, 9, 0)","[(1, 3, 3, 1, 2), (1, 3, 3, 1, 2), (1, 3, 3, 1, 2), (1, 3, 3, 1, 2), (1, 3, 3, 1, 2), (1, 3, 3, 1, 2), (1, 3, 3, 1, 2), (1, 3, 3, 1, 2), (1, 3, 3, 1, 2)]"
"(7, 12, 1, 6, 14, 0)","[(2, 3, 3, 1, 2), (2, 3, 3, 1, 2), (2, 3, 3, 1, 2), (2, 3, 3, 1, 2), (2, 3, 3, 1, 2), (2, 3, 3, 1, 2), (2, 3, 3, 1, 2)]"
"(7, 12, 1, 8, 6, 0)","[(0, 3, 3, 1, 3), (0, 3, 3, 1, 3), (0, 3, 3, 1, 3), (0, 3, 3, 1, 3), (0, 3, 3, 1, 3), (0, 3, 3, 1, 3), (0, 3, 3, 1, 3)]"
"(7, 12, 1, 9, 3, 0)","[(1, 3, 3, 1, '?'), (1, 3, 3, 1, '?'), (1, 3, 3, 1, '?'), (1, 3, 3, 1, '?'), (1, 3, 3, 1, '?'), (1, 3, 3, 1, '?'), (1, 3, 3, 1, '?'), (1, 3, 3, 1, '?')]"
"(7, 12, 1, 9, 6, 0)","[(1, 3, 3, 1, 3), (1, 3, 3, 1, 3), (1, 3, 3, 1, 3), (1, 3, 3, 1, 3), (1, 3, 3, 1, 3), (1, 3, 3, 1, 3), (1, 3, 3, 1, 3)]"
"(7, 12, 1, 9, 11, 0)","[(1, 3, 3, 1, 1), (1, 3, 3, 1, 1), (1, 3, 3, 1, 1), (1, 3, 3, 1, 1), (1, 3, 3, 1, 1), (1, 3, 3, 1, 1), (1, 3, 3, 1, 1)]"
"(7, 12, 1, 9, 13, 0)","[(1, 3, 3, 1, 0), (1, 3, 3, 1, 0), (1, 3, 3, 1, 0), (1, 3, 3, 1, 0), (1, 3, 3, 1, 0), (1, 3, 3, 1, 0), (1, 3, 3, 1, 0), (1, 3, 3, 1, 0), (1, 3, 3, 1, 0)]"
"(7, 12, 1, 14, 1, 0)","[(2, 3, 3, 1, '?'), (2, 3, 3, 1, '?'), (2, 3, 3, 1, '?')]"
"(7, 12, 1, 14, 3, 0)","[(2, 3, 3, 1, '?'), (2, 3, 3, 1, '?'), (2, 3, 3, 1, '?'), (2, 3, 3, 1, '?'), (2, 3, 3, 1, '?')]"
"(7, 12, 1, 14, 6, 0)","[(2, 3, 3, 1, 3), (2, 3, 3, 1, 3), (2, 3, 3, 1, 3), (2, 3, 3, 1, 3), (2, 3, 3, 1, 3), (2, 3, 3, 1, 3), (2, 3, 3, 1, 3)]"
"(7, 12, 1, 14, 13, 0)","[(2, 3, 3, 1, 0), (2, 3, 3, 1, 0), (2, 3, 3, 1, 0), (2, 3, 3, 1, 0), (2, 3, 3, 1, 0), (2, 3, 3, 1, 0), (2, 3, 3, 1, 0)]"
"(7, 12, 1, 14, 14, 0)","[(2, 3, 3, 1, '?')]"
"(7, 12, 3, 3, 3, 0)","[('?', 3, '?', 1, 1)]"
"(7, 12, 3, 3, 6, 0)","[('?', 3, '?', 1, 3), ('?', 3, '?', 1, 3), ('?', 3, '?', 1, 3), ('?', 3, '?', 1, 3), (3, 3, '?', 1, 3), ('?', 3, '?', 1, 3), ('?', 3, '?', 1, 3)]"
"(7, 12, 3, 3, 11, 0)","[('?', 3, '?', 1, 1), ('?', 3, '?', 1, 1), ('?', 3, '?', 1, 1), ('?', 3, '?', 1, 1), ('?', 3, '?', 1, 1), ('?', 3, '?', 1, 1), ('?', 3, '?', 1, 1)]"
"(7, 12, 3, 3, 13, 0)","[('?', 3, '?', 1, 0), ('?', 3, '?', 1, 0), ('?', 3, '?', 1, 0), ('?', 3, '?', 1, 0), ('?', 3, '?', 1, 0), ('?', 3, '?', 1, 0), ('?', 3, '?', 1, 0), ('?', 3, '?', 1, 0), ('?', 3, '?', 1, 0)]"
"(7, 12, 3, 6, 3, 0)","[('?', 3, '?', 1, 2), ('?', 3, '?', 1, 2), ('?', 3, '?', 1, 2), ('?', 3, '?', 1, 2), ('?', 3, '?', 1, 2), ('?', 3, '?', 1, 2), ('?', 3, '?', 1, 2)]"
"(7, 12, 3, 6, 9, 0)","[(1, 3, '?', 1, 2), (1, 3, '?', 1, 2), (1, 3, '?', 1, 2), (1, 3, '?', 1, 2)]"
"(7, 12, 3, 6, 14, 0)","[(2, 3, '?', 1, 2), (2, 3, '?', 1, 2), (2, 3, '?', 1, 2), (2, 3, '?', 1, 2)]"
"(7, 12, 3, 8, 3, 0)","[(0, 3, '?', 1, 1)]"
"(7, 12, 3, 8, 6, 0)","[(0, 3, '?', 1, 3), (0, 3, '?', 1, 3), (0, 3, '?', 1, 3), (0, 3, '?', 1, 3), (0, 3, '?', 1, 3), (0, 3, '?', 1, 3), (0, 3, '?', 1, 3)]"
"(7, 12, 3, 8, 11, 0)","[(0, 3, '?', 1, 1), (0, 3, '?', 1, 1), (0, 3, '?', 1, 1), (0, 3, '?', 1, 1), (0, 3, '?', 1, 1), (0, 3, '?', 1, 1), (0, 3, '?', 1, 1)]"
"(7, 12, 3, 9, 3, 0)","[(1, 3, '?', 1, '?'), (1, 3, '?', 1, '?'), (1, 3, '?', 1, '?'), (1, 3, '?', 1, '?'), (1, 3, '?', 1, '?'), (1, 3, '?', 1, '?'), (1, 3, '?', 1, '?'), (1, 3, '?', 1, '?'), (1, 3, '?', 1, 1)]"
"(7, 12, 3, 9, 6, 0)","[(1, 3, '?', 1, 3), (1, 3, '?', 1, 3), (1, 3, '?', 1, 3), (1, 3, '?', 1, 3), (1, 3, '?', 1, 3), (1, 3, '?', 1, 3), (1, 3, '?', 1, 3), (1, 3, '?', 1, 3), (1, 3, '?', 1, 3)]"
"(7, 12, 3, 9, 11, 0)","[(1, 3, '?', 1, 1), (1, 3, '?', 1, 1), (1, 3, '?', 1, 1), (1, 3, '?', 1, 1), (1, 3, '?', 1, 1)]"
"(7, 12, 3, 9, 13, 0)","[(1, 3, '?', 1, 0), (1, 3, '?', 1, 0), (1, 3, '?', 1, 0), (1, 3, '?', 1, 0), (1, 3, '?', 1, 0), (1, 3, '?', 1, 0), (1, 3, '?', 1, 0)]"
"(7, 12, 3, 14, 3, 0)","[(2, 3, '?', 1, '?'), (2, 3, '?', 1, '?'), (2, 3, '?', 1, '?'), (2, 3, '?', 1, '?'), (2, 3, '?', 1, '?'), (2, 3, '?', 1, 1), (2, 3, '?', 1, '?'), (2, 3, '?', 1, '?'), (2, 3, '?', 1, '?')]"
"(7, 12, 3, 14, 11, 0)","[(2, 3, '?', 1, 1), (2, 3, '?', 1, 1), (2, 3, '?', 1, 1), (2, 3, '?', 1, 1), (2, 3, '?', 1, 1)]"
"(7, 12, 4, 1, 3, 0)","[(3, 3, 3, 1, '?'), (3, 3, 3, 1, '?'), (3, 3, 3, 1, '?'), (3, 3, 3, 1, '?'), (3, 3, 3, 1, '?'), (3, 3, 3, 1, '?'), (3, 3, 3, 1, '?'), (3, 3, 3, 1, '?'), (3, 3, 3, 1, '?')]"
"(7, 12, 4, 1, 6, 0)","[(3, 3, 3, 1, 3), (3, 3, 3, 1, 3), (3, 3, 3, 1, 3), (3, 3, 3, 1, 3), (3, 3, 3, 1, 3), (3, 3, 3, 1, 3)]"
"(7, 12, 4, 1, 11, 0)","[(3, 3, 3, 1, 1), (3, 3, 3, 1, 1), (3, 3, 3, 1, 1), (3, 3, 3, 1, 1)]"
"(7, 12, 4, 1, 13, 0)","[(3, 3, 3, 1, 0), (3, 3, 3, 1, 0), (3, 3, 3, 1, 0), (3, 3, 3, 1, 0)]"
"(7, 12, 4, 3, 3, 0)","[(3, 3, '?', 1, '?'), (3, 3, '?', 1, '?'), (3, 3, '?', 1, '?'), (3, 3, '?', 1, '?'), (3, 3, '?', 1, '?'), (3, 3, '?', 1, '?'), (3, 3, '?', 1, '?'), (3, 3, '?', 1, '?')]"
"(7, 12, 4, 3, 6, 0)","[(3, 3, '?', 1, 3), (3, 3, '?', 1, 3), (3, 3, '?', 1, 3), (3, 3, '?', 1, 3), (3, 3, '?', 1, 3), (3, 3, '?', 1, 3), (3, 3, '?', 1, 3)]"
"(7, 12, 4, 3, 13, 0)","[(3, 3, '?', 1, 0), (3, 3, '?', 1, 0), (3, 3, '?', 1, 0), (3, 3, '?', 1, 0), (3, 3, '?', 1, 0), (3, 3, '?', 1, 0), (3, 3, '?', 1, 0), (3, 3, '?', 1, 0)]"
"(7, 12, 4, 6, 1, 0)","[(3, 3, 3, 1, 2), (3, 3, 3, 1, 2), (3, 3, 3, 1, 2), (3, 3, 3, 1, 2), (3, 3, 3, 1, 2), (3, 3, 3, 1, 2), (3, 3, 3, 1, 2)]"
"(7, 12, 4, 6, 7, 0)","[(3, 3, 0, 1, 2), (3, 3, 0, 1, 2), (3, 3, 0, 1, 2)]"
"(7, 12, 4, 6, 11, 0)","[(3, 3, 2, 1, 2), (3, 3, 2, 1, 2), (3, 3, 2, 1, 2), (3, 3, 2, 1, 2), (3, 3, 2, 1, 2), (3, 3, 2, 1, 2), (3, 3, 2, 1, 2)]"
"(7, 12, 4, 7, 11, 0)","[(3, 3, 0, 1, 1), (3, 3, 0, 1, 1), (3, 3, 0, 1, 1)]"
"(7, 12, 4, 10, 6, 0)","[(3, 3, 1, 1, 3), (3, 3, 1, 1, 3), (3, 3, 1, 1, 3), (3, 3, 1, 1, 3), (3, 3, 1, 1, 3), (3, 3, 1, 1, 3)]"
"(7, 12, 4, 10, 10, 0)","[(3, 3, 1, 1, '?'), (3, 3, 1, 1, '?'), (3, 3, 1, 1, '?'), (3, 3, 1, 1, '?'), (3, 3, 1, 1, '?'), (3, 3, 1, 1, '?'), (3, 3, 1, 1, '?'), (3, 3, 1, 1, '?')]"
"(7, 12, 4, 10, 11, 0)","[(3, 3, 1, 1, 1), (3, 3, 1, 1, 1), (3, 3, 1, 1, 1), (3, 3, 1, 1, 1), (3, 3, 1, 1, 1), (3, 3, 1, 1, 1)]"
"(7, 12, 4, 11, 3, 0)","[(3, 3, 2, 1, '?'), (3, 3, 2, 1, '?'), (3, 3, 2, 1, '?'), (3, 3, 2, 1, '?'), (3, 3, 2, 1, '?')]"
"(7, 12, 4, 11, 6, 0)","[(3, 3, 2, 1, 3), (3, 3, 2, 1, 3), (3, 3, 2, 1, 3)]"
"(7, 12, 4, 11, 11, 0)","[(3, 3, 2, 1, 1), (3, 3, 2, 1, 1), (3, 3, 2, 1, 1), (3, 3, 2, 1, 1)]"
"(7, 12, 4, 11, 13, 0)","[(3, 3, 2, 1, 0), (3, 3, 2, 1, 0), (3, 3, 2, 1, 0), (3, 3, 2, 1, 0), (3, 3, 2, 1, 0), (3, 3, 2, 1, 0)]"
"(7, 12, 6, 4, 4, 0)","[(0, 3, 0, 1, 2), (0, 3, 0, 1, 2)]"
"(7, 12, 6, 6, 9, 0)","[(1, 3, 0, 1, 2), (1, 3, 0, 1, 2), (1, 3, '?', 1, 2), (1, 3, '?', 1, 2)]"
"(7, 12, 6, 6, 14, 0)","[(2, 3, '?', 1, 2), (2, 3, '?', 1, 2), (2, 3, '?', 1, 2), (2, 3, '?', 1, 2), (2, 3, 1, 1, 2)]"
"(7, 12, 7, 3, 3, 0)","[('?', 3, 0, 1, '?'), ('?', 3, 0, 1, '?'), ('?', 3, 0, 1, '?'), ('?', 3, 0, 1, 1), ('?', 3, 0, 1, 0), ('?', 3, 0, 1, '?'), ('?', 3, 0, 1, '?'), ('?', 3, 0, 1, '?'), (3, 3, 0, 1, 1)]"
"(7, 12, 7, 3, 6, 0)","[(3, 3, 0, 1, 3), (3, 3, 0, 1, 3), (3, 3, 0, 1, 3), (3, 3, 0, 1, 3)]"
"(7, 12, 7, 3, 11, 0)","[('?', 3, 0, 1, 1), ('?', 3, 0, 1, 1), ('?', 3, 0, 1, 1), (3, 3, 0, 1, 1), ('?', 3, 0, 1, 1)]"
"(7, 12, 7, 3, 13, 0)","[('?', 3, 0, 1, 0), ('?', 3, 0, 1, 0), ('?', 3, 0, 1, 0), ('?', 3, 0, 1, 0), ('?', 3, 0, 1, 0), ('?', 3, 0, 1, 0), ('?', 3, 0, 1, 0), ('?', 3, 0, 1, 0)]"
"(7, 12, 7, 4, 4, 0)","[(0, 3, 0, 1, 2)]"
"(7, 12, 7, 4, 6, 0)","[(3, 3, 0, 1, 3), (3, 3, 0, 1, 3), (3, 3, 0, 1, 3), (3, 3, 0, 1, 3)]"
"(7, 12, 7, 4, 11, 0)","[(3, 3, 0, 1, 1), (3, 3, 0, 1, 1)]"
"(7, 12, 7, 4, 13, 0)","[(3, 3, 0, 1, 0), (3, 3, 0, 1, 0), (3, 3, 0, 1, 0)]"
"(7, 12, 7, 6, 3, 0)","[(3, 3, 0, 1, 2), (3, 3, 0, 1, 2)]"
"(7, 12, 7, 6, 4, 0)","[(0, 3, 0, 1, 2), (0, 3, 0, 1, 2), (0, 3, 0, 1, 2), (0, 3, 0, 1, 2), (0, 3, 0, 1, 2), (0, 3, 0, 1, 2), (0, 3, 0, 1, 2)]"
"(7, 12, 7, 6, 9, 0)","[(1, 3, 0, 1, 2), (1, 3, 0, 1, 2), (1, 3, 0, 1, 2), (1, 3, 0, 1, 2), (1, 3, 0, 1, 2), (1, 3, 0, 1, 2), (1, 3, 0, 1, 2)]"
"(7, 12, 7, 7, 11, 0)","[('?', 3, 0, 1, 1), (3, 3, 0, 1, 1)]"
"(7, 12, 7, 7, 13, 0)","[(3, 3, 0, 1, 0)]"
"(7, 12, 7, 8, 3, 0)","[(0, 3, 0, 1, '?'), (0, 3, 0, 1, '?'), (0, 3, 0, 1, '?'), (0, 3, 0, 1, '?'), (0, 3, 0, 1, '?'), (0, 3, 0, 1, '?'), (0, 3, 0, 1, '?')]"
"(7, 12, 7, 8, 13, 0)","[(0, 3, 0, 1, 0), (0, 3, 0, 1, 0), (0, 3, 0, 1, 0), (0, 3, 0, 1, 0), (0, 3, 0, 1, 0), (0, 3, 0, 1, 0), (0, 3, 0, 1, 0), (0, 3, 0, 1, 0), (0, 3, 0, 1, 0)]"
"(7, 12, 7, 9, 3, 0)","[(1, 3, 0, 1, '?'), (1, 3, 0, 1, '?'), (1, 3, 0, 1, '?'), (1, 3, 0, 1, '?'), (1, 3, 0, 1, '?'), (1, 3, 0, 1, '?'), (1, 3, 0, 1, 0), (1, 3, 0, 1, 0), (1, 3, 0, 1, '?'), (1, 3, 0, 1, '?')]"
"(7, 12, 7, 9, 6, 0)","[(1, 3, 0, 1, 3), (1, 3, 0, 1, 3), (1, 3, 0, 1, 3), (1, 3, 0, 1, 3), (1, 3, 0, 1, 3), (1, 3, 0, 1, 3), (1, 3, 0, 1, 3)]"
"(7, 12, 7, 9, 13, 0)","[(1, 3, 0, 1, 0), (1, 3, 0, 1, 0), (1, 3, 0, 1, 0), (1, 3, 0, 1, 0)]"
"(7, 12, 7, 14, 3, 0)","[(2, 3, 0, 1, '?'), (2, 3, 0, 1, '?'), (2, 3, 0, 1, '?'), (2, 3, 0, 1, '?'), (2, 3, 0, 1, '?'), (2, 3, 0, 1, '?'), (2, 3, 0, 1, 1), (2, 3, 0, 1, 1), (2, 3, 0, 1, 1), (2, 3, 0, 1, '?'), (2, 3, 0, 1, 1), (2, 3, 0, 1, '?')]"
"(7, 12, 7, 14, 6, 0)","[(2, 3, 0, 1, 3), (2, 3, 0, 1, 3), (2, 3, 0, 1, 3), (2, 3, 0, 1, 3), (2, 3, 0, 1, 3), (2, 3, 0, 1, 3), (2, 3, 0, 1, 3), (2, 3, 0, 1, 3), (2, 3, 0, 1, 3), (2, 3, 0, 1, 3)]"
"(7, 12, 7, 14, 11, 0)","[(2, 3, 0, 1, 1), (2, 3, 0, 1, 1)]"
"(7, 12, 7, 14, 13, 0)","[(2, 3, 0, 1, 0), (2, 3, 0, 1, 0), (2, 3, 0, 1, 0), (2, 3, 0, 1, 0), (2, 3, 0, 1, 0), (2, 3, 0, 1, 0), (2, 3, 0, 1, 0), (2, 3, 0, 1, 0), (2, 3, 0, 1, 0)]"
"(7, 12, 10, 3, 3, 0)","[('?', 3, 1, 1, '?')]"
"(7, 12, 10, 3, 6, 0)","[('?', 3, 1, 1, 3), ('?', 3, 1, 1, 3), ('?', 3, 1, 1, 3)]"
"(7, 12, 10, 3, 13, 0)","[('?', 3, 1, 1, 0), ('?', 3, 1, 1, 0), ('?', 3, 1, 1, 0)]"
"(7, 12, 10, 4, 4, 0)","[(0, 3, 1, 1, 2), (0, 3, 1, 1, 2), (0, 3, 1, 1, 2), (0, 3, 1, 1, 2), (0, 3, 1, 1, 2), (0, 3, 1, 1, 2), (0, 3, 1, 1, 2), (0, 3, 1, 1, 2), (0, 3, 1, 1, 2), (0, 3, 1, 1, 2)]"
"(7, 12, 10, 6, 3, 0)","[('?', 3, 1, 1, 2), ('?', 3, 1, 1, 2), ('?', 3, 1, 1, 2), ('?', 3, 1, 1, 2), ('?', 3, 1, 1, 2), ('?', 3, 1, 1, 2)]"
"(7, 12, 10, 6, 9, 0)","[(1, 3, 1, 1, 2), (1, 3, 1, 1, 2), (1, 3, 1, 1, 2), (1, 3, 1, 1, 2), (1, 3, 1, 1, 2)]"
"(7, 12, 10, 6, 10, 0)","[('?', 3, 1, 1, 2), ('?', 3, 1, 1, 2)]"
"(7, 12, 10, 6, 14, 0)","[(2, 3, 1, 1, 2), (2, 3, 1, 1, 2), (2, 3, 1, 1, 2), (2, 3, 1, 1, 2), (2, 3, 1, 1, 2)]"
"(7, 12, 10, 8, 6, 0)","[(0, 3, 1, 1, 3), (0, 3, 1, 1, 3), (0, 3, 1, 1, 3), (0, 3, 1, 1, 3), (0, 3, 1, 1, 3), (0, 3, 1, 1, 3)]"
"(7, 12, 10, 8, 13, 0)","[(0, 3, 1, 1, 0), (0, 3, 1, 1, 0), (0, 3, 1, 1, 0), (0, 3, 1, 1, 0), (0, 3, 1, 1, 0), (0, 3, 1, 1, 0), (0, 3, 1, 1, 0), (0, 3, 1, 1, 0)]"
"(7, 12, 10, 9, 3, 0)","[(1, 3, 1, 1, '?'), (1, 3, 1, 1, '?'), (1, 3, 1, 1, '?'), (1, 3, 1, 1, '?'), (1, 3, 1, 1, '?'), (1, 3, 1, 1, '?'), (1, 3, 1, 1, '?'), (1, 3, 1, 1, '?')]"
"(7, 12, 10, 9, 6, 0)","[(1, 3, 1, 1, 3), (1, 3, 1, 1, 3), (1, 3, 1, 1, 3), (1, 3, 1, 1, 3), (1, 3, 1, 1, 3), (1, 3, 1, 1, 3)]"
"(7, 12, 10, 9, 13, 0)","[(1, 3, 1, 1, 0), (1, 3, 1, 1, 0), (1, 3, 1, 1, 0), (1, 3, 1, 1, 0), (1, 3, 1, 1, 0), (1, 3, 1, 1, 0), (1, 3, 1, 1, 0), (1, 3, 1, 1, 0)]"
"(7, 12, 10, 10, 3, 0)","[('?', 3, 1, 1, '?'), ('?', 3, 1, 1, '?'), ('?', 3, 1, 1, '?'), ('?', 3, 1, 1, '?'), ('?', 3, 1, 1, '?'), ('?', 3, 1, 1, '?')]"
"(7, 12, 10, 10, 6, 0)","[('?', 3, 1, 1, 3), ('?', 3, 1, 1, 3), ('?', 3, 1, 1, 3), ('?', 3, 1, 1, 3)]"
"(7, 12, 10, 10, 11, 0)","[('?', 3, 1, 1, 1), ('?', 3, 1, 1, 1), ('?', 3, 1, 1, 1), (3, 3, 1, 1, 1), ('?', 3, 1, 1, 1), (3, 3, 1, 1, 1), ('?', 3, 1, 1, 1), (3, 3, 1, 1, 1), ('?', 3, 1, 1, 1)]"
"(7, 12, 10, 10, 13, 0)","[('?', 3, 1, 1, 0), ('?', 3, 1, 1, 0), ('?', 3, 1, 1, 0)]"
"(7, 12, 10, 14, 3, 0)","[(2, 3, 1, 1, '?'), (2, 3, 1, 1, '?'), (2, 3, 1, 1, '?'), (2, 3, 1, 1, '?'), (2, 3, 1, 1, '?'), (2, 3, 1, 1, '?'), (2, 3, 1, 1, '?'), (2, 3, 1, 1, '?')]"
"(7, 12, 10, 14, 6, 0)","[(2, 3, 1, 1, 3), (2, 3, 1, 1, 3), (2, 3, 1, 1, 3), (2, 3, 1, 1, 3), (2, 3, 1, 1, 3), (2, 3, 1, 1, 3), (2, 3, 1, 1, 3)]"
"(7, 12, 10, 14, 10, 0)","[(2, 3, 1, 1, '?')]"
"(7, 12, 10, 14, 11, 0)","[(2, 3, 1, 1, 1), (2, 3, 1, 1, 1), (2, 3, 1, 1, 1), (2, 3, 1, 1, 1), (2, 3, 1, 1, 1), (2, 3, 1, 1, 1), (2, 3, 1, 1, 1), (2, 3, 1, 1, 1)]"
"(7, 12, 11, 3, 3, 0)","[('?', 3, 2, 1, '?'), ('?', 3, 2, 1, '?'), ('?', 3, 2, 1, '?'), ('?', 3, 2, 1, '?'), ('?', 3, 2, 1, '?')]"
"(7, 12, 11, 3, 6, 0)","[('?', 3, 2, 1, 3), ('?', 3, 2, 1, 3), ('?', 3, 2, 1, 3), (3, 3, 2, 1, 3), ('?', 3, 2, 1, 3), ('?', 3, 2, 1, 3), (3, 3, 2, 1, 3), ('?', 3, 2, 1, 3), (3, 3, 2, 1, 3)]"
"(7, 12, 11, 3, 11, 0)","[('?', 3, 2, 1, 1), (3, 3, 2, 1, 1), ('?', 3, 2, 1, 1), ('?', 3, 2, 1, 1), ('?', 3, 2, 1, 1), ('?', 3, 2, 1, 1), ('?', 3, 2, 1, 1)]"
"(7, 12, 11, 3, 13, 0)","[('?', 3, 2, 1, 0), ('?', 3, 2, 1, 0), ('?', 3, 2, 1, 0), ('?', 3, 2, 1, 0), ('?', 3, 2, 1, 0), ('?', 3, 2, 1, 0), ('?', 3, 2, 1, 0)]"
"(7, 12, 11, 4, 4, 0)","[(0, 3, 2, 1, 2), (0, 3, 2, 1, 2), (0, 3, 2, 1, 2), (0, 3, 2, 1, 2), (0, 3, 2, 1, 2), (0, 3, 2, 1, 2), (0, 3, 2, 1, 2), (0, 3, 2, 1, 2)]"
"(7, 12, 11, 6, 3, 0)","[(1, 3, '?', 1, 2)]"
"(7, 12, 11, 6, 9, 0)","[(1, 3, 2, 1, 2), (1, 3, 2, 1, 2), (1, 3, '?', 1, 2), (1, 3, 2, 1, 2), (1, 3, 2, 1, 2), (1, 3, 2, 1, 2), (1, 3, 2, 1, 2), (1, 3, 2, 1, 2), (1, 3, 2, 1, 2), (1, 3, 2, 1, 2)]"
"(7, 12, 11, 6, 14, 0)","[(2, 3, 2, 1, 2), (2, 3, 2, 1, 2), (2, 3, 2, 1, 2), (2, 3, 2, 1, 2), (2, 3, 2, 1, 2), (2, 3, 2, 1, 2), (2, 3, 2, 1, 2), (2, 3, 2, 1, 2)]"
"(7, 12, 11, 8, 6, 0)","[(0, 3, 2, 1, 3), (0, 3, 2, 1, 3), (0, 3, 2, 1, 3), (0, 3, 2, 1, 3), (0, 3, 2, 1, 3), (0, 3, 2, 1, 3), (0, 3, 2, 1, 3), (0, 3, 2, 1, 3)]"
"(7, 12, 11, 8, 11, 0)","[(0, 3, 2, 1, 1), (0, 3, 2, 1, 1), (0, 3, 2, 1, 1), (0, 3, 2, 1, 1), (0, 3, 2, 1, 1), (0, 3, 2, 1, 1)]"
"(7, 12, 11, 8, 13, 0)","[(0, 3, 2, 1, 0), (0, 3, 2, 1, 0), (0, 3, 2, 1, 0), (0, 3, 2, 1, 0), (0, 3, 2, 1, 0), (0, 3, 2, 1, 0), (0, 3, 2, 1, 0), (0, 3, 2, 1, 0), (0, 3, 2, 1, 0)]"
"(7, 12, 11, 9, 3, 0)","[(1, 3, 2, 1, '?'), (1, 3, 2, 1, '?'), (1, 3, 2, 1, '?'), (1, 3, 2, 1, '?'), (1, 3, 2, 1, '?'), (1, 3, 2, 1, '?'), (1, 3, 2, 1, '?'), (1, 3, 2, 1, '?')]"
"(7, 12, 11, 9, 6, 0)","[(1, 3, 2, 1, 3), (1, 3, 2, 1, 3), (1, 3, 2, 1, 3), (1, 3, 2, 1, 3), (1, 3, 2, 1, 3), (1, 3, 2, 1, 3), (1, 3, 2, 1, 3), (1, 3, 2, 1, 3)]"
"(7, 12, 11, 9, 11, 0)","[(1, 3, 2, 1, 1), (1, 3, 2, 1, 1), (1, 3, 2, 1, 1), (1, 3, 2, 1, 1), (1, 3, 2, 1, 1), (1, 3, 2, 1, 1), (1, 3, 2, 1, 1), (1, 3, 2, 1, 1)]"
"(7, 12, 11, 9, 13, 0)","[(1, 3, 2, 1, 0), (1, 3, 2, 1, 0), (1, 3, 2, 1, 0), (1, 3, 2, 1, 0), (1, 3, 2, 1, 0), (1, 3, 2, 1, 0), (1, 3, 2, 1, 0), (1, 3, 2, 1, 0)]"
"(7, 12, 11, 14, 3, 0)","[(2, 3, 2, 1, '?'), (2, 3, 2, 1, '?'), (2, 3, 2, 1, '?'), (2, 3, 2, 1, '?'), (2, 3, 2, 1, '?')]"
"(7, 12, 11, 14, 6, 0)","[(2, 3, 2, 1, 3), (2, 3, 2, 1, 3), (2, 3, 2, 1, 3), (2, 3, 2, 1, 3), (2, 3, 2, 1, 3), (2, 3, 2, 1, 3), (2, 3, 2, 1, 3), (2, 3, 2, 1, 3)]"
"(7, 12, 11, 14, 13, 0)","[(2, 3, 2, 1, 0), (2, 3, 2, 1, 0), (2, 3, 2, 1, 0), (2, 3, 2, 1, 0), (2, 3, 2, 1, 0), (2, 3, 2, 1, 0), (2, 3, 2, 1, 0)]"
"(7, 14, 3, 14, 3, 0)","[(2, 2, '?', 1, '?')]"
"(7, 14, 7, 14, 3, 0)","[(2, 2, 0, 1, '?'), (2, 2, 0, 1, '?')]"
"(7, 15, 1, 3, 3, 0)","[('?', 2, 3, 1, '?'), ('?', 2, 3, 1, '?'), ('?', 2, 3, 1, '?'), ('?', 2, 3, 1, 0), ('?', 2, 3, 1, '?'), ('?', 2, 3, 1, '?')]"
"(7, 15, 1, 3, 6, 0)","[('?', 2, 3, 1, 3), ('?', 2, 3, 1, 3), ('?', 2, 3, 1, 3), ('?', 2, 3, 1, 3), ('?', 2, 3, 1, 3), ('?', 2, 3, 1, 3), ('?', 2, 3, 1, 3), ('?', 2, 3, 1, 3)]"
"(7, 15, 1, 3, 11, 0)","[('?', 2, 3, 1, 1), ('?', 2, 3, 1, 1), ('?', 2, 3, 1, 1), ('?', 2, 3, 1, 1), ('?', 2, 3, 1, 1), ('?', 2, 3, 1, 1)]"
"(7, 15, 1, 3, 13, 0)","[('?', 2, 3, 1, 0), ('?', 2, 3, 1, 0), ('?', 2, 3, 1, 0), ('?', 2, 3, 1, 0), ('?', 2, 3, 1, 0)]"
"(7, 15, 1, 4, 4, 0)","[(0, 2, 3, 1, 2), (0, 2, 3, 1, 2), (0, 2, 3, 1, 2), (0, 2, 3, 1, 2), (0, 2, 3, 1, 2), (0, 2, 3, 1, 2), (0, 2, 3, 1, 2)]"
"(7, 15, 1, 6, 3, 0)","[('?', 2, 3, 1, 2), ('?', 2, 3, 1, 2), ('?', 2, 3, 1, 2), ('?', 2, 3, 1, 2), ('?', 2, 3, 1, 2), ('?', 2, 3, 1, 2), ('?', 2, 3, 1, 2)]"
"(7, 15, 1, 6, 14, 0)","[(2, 2, 3, 1, 2), (2, 2, 3, 1, 2), (2, 2, 3, 1, 2), (2, 2, 3, 1, 2), (2, 2, 3, 1, 2), (2, 2, 3, 1, 2), (2, 2, 3, 1, 2), (2, 2, 3, 1, 2)]"
"(7, 15, 1, 8, 3, 0)","[(0, 2, 3, 1, 0), (0, 2, 3, 1, '?'), (0, 2, 3, 1, 0), (0, 2, 3, 1, '?'), (0, 2, 3, 1, '?'), (0, 2, 3, 1, '?'), (0, 2, 3, 1, '?'), (0, 2, 3, 1, 0), (0, 2, 3, 1, '?')]"
"(7, 15, 1, 8, 6, 0)","[(0, 2, 3, 1, 3), (0, 2, 3, 1, 3), (0, 2, 3, 1, 3), (0, 2, 3, 1, 3), (0, 2, 3, 1, 3), (0, 2, 3, 1, 3), (0, 2, 3, 1, 3)]"
"(7, 15, 1, 8, 11, 0)","[(0, 2, 3, 1, 1), (0, 2, 3, 1, 1), (0, 2, 3, 1, 1), (0, 2, 3, 1, 1), (0, 2, 3, 1, 1), (0, 2, 3, 1, 1), (0, 2, 3, 1, 1), (0, 2, 3, 1, 1)]"
"(7, 15, 1, 8, 13, 0)","[(0, 2, 3, 1, 0), (0, 2, 3, 1, 0), (0, 2, 3, 1, 0), (0, 2, 3, 1, 0)]"
"(7, 15, 1, 9, 3, 0)","[(1, 2, 3, 1, '?'), (1, 2, 3, 1, '?'), (1, 2, 3, 1, '?'), (1, 2, 3, 1, '?'), (1, 2, 3, 1, '?'), (1, 2, 3, 1, '?')]"
"(7, 15, 1, 9, 6, 0)","[(1, 2, 3, 1, 3), (1, 2, 3, 1, 3), (1, 2, 3, 1, 3), (1, 2, 3, 1, 3), (1, 2, 3, 1, 3), (1, 2, 3, 1, 3)]"
"(7, 15, 1, 9, 11, 0)","[(1, 2, 3, 1, 1), (1, 2, 3, 1, 1), (1, 2, 3, 1, 1), (1, 2, 3, 1, 1), (1, 2, 3, 1, 1), (1, 2, 3, 1, 1)]"
"(7, 15, 1, 9, 13, 0)","[(1, 2, 3, 1, 0), (1, 2, 3, 1, 0), (1, 2, 3, 1, 0), (1, 2, 3, 1, 0), (1, 2, 3, 1, 0), (1, 2, 3, 1, 0), (1, 2, 3, 1, 0), (1, 2, 3, 1, 0), (1, 2, 3, 1, 0), (1, 2, 3, 1, 0)]"
"(7, 15, 1, 14, 6, 0)","[(2, 2, 3, 1, 3), (2, 2, 3, 1, 3), (2, 2, 3, 1, 3), (2, 2, 3, 1, 3), (2, 2, 3, 1, 3), (2, 2, 3, 1, 3), (2, 2, 3, 1, 3), (2, 2, 3, 1, 3), (2, 2, 3, 1, 3)]"
"(7, 15, 1, 14, 13, 0)","[(2, 2, 3, 1, 0), (2, 2, 3, 1, 0), (2, 2, 3, 1, 0), (2, 2, 3, 1, 0), (2, 2, 3, 1, 0), (2, 2, 3, 1, 0), (2, 2, 3, 1, 0)]"
"(7, 15, 3, 3, 3, 0)","[('?', 2, '?', 1, '?'), ('?', 2, 3, 1, '?'), ('?', 2, '?', 1, '?'), ('?', 2, '?', 1, '?'), ('?', 2, '?', 1, 0), ('?', 2, '?', 1, '?'), ('?', 2, '?', 1, '?'), ('?', 2, '?', 1, '?'), ('?', 2, '?', 1, '?')]"
"(7, 15, 3, 3, 6, 0)","[('?', 2, '?', 1, 3), ('?', 2, '?', 1, 3), ('?', 2, '?', 1, 3), ('?', 2, '?', 1, 3), ('?', 2, '?', 1, 3), ('?', 2, '?', 1, 3), ('?', 2, '?', 1, 3), ('?', 2, '?', 1, 3)]"
"(7, 15, 3, 3, 11, 0)","[('?', 2, '?', 1, 1), ('?', 2, '?', 1, 1), ('?', 2, '?', 1, 1), ('?', 2, '?', 1, 1), ('?', 2, '?', 1, 1), ('?', 2, '?', 1, 1)]"
"(7, 15, 3, 3, 13, 0)","[('?', 2, '?', 1, 0), ('?', 2, '?', 1, 0), ('?', 2, '?', 1, 0), ('?', 2, '?', 1, 0), ('?', 2, '?', 1, 0), ('?', 2, '?', 1, 0), ('?', 2, 1, 1, 0), ('?', 2, '?', 1, 0)]"
"(7, 15, 3, 6, 3, 0)","[('?', 2, '?', 1, 2), ('?', 2, '?', 1, 2), ('?', 2, '?', 1, 2), ('?', 2, '?', 1, 2), ('?', 2, '?', 1, 2), ('?', 2, '?', 1, 2), ('?', 2, '?', 1, 2)]"
"(7, 15, 3, 6, 9, 0)","[(1, 2, '?', 1, 2), (1, 2, '?', 1, 2), (1, 2, '?', 1, 2), (1, 2, '?', 1, 2), (1, 2, '?', 1, 2), (1, 2, '?', 1, 2), (1, 2, '?', 1, 2)]"
"(7, 15, 3, 6, 14, 0)","[(2, 2, '?', 1, 2), (2, 2, '?', 1, 2), (2, 2, '?', 1, 2), (2, 2, '?', 1, 2)]"
"(7, 15, 3, 8, 3, 0)","[(0, 2, '?', 1, 0), (0, 2, '?', 1, '?'), (0, 2, '?', 1, '?'), (0, 2, '?', 1, '?'), (0, 2, '?', 1, 0), (0, 2, '?', 1, 1), (0, 2, '?', 1, 0), (0, 2, '?', 1, '?'), (0, 2, '?', 1, '?'), (0, 2, '?', 1, 1), (0, 2, '?', 1, 0), (0, 2, '?', 1, '?'), (0, 2, '?', 1, 0), (0, 2, '?', 1, '?')]"
"(7, 15, 3, 8, 6, 0)","[(0, 2, '?', 1, 3), (0, 2, '?', 1, 3), (0, 2, '?', 1, 3), (0, 2, '?', 1, 3), (0, 2, '?', 1, 3), (0, 2, '?', 1, 3), (0, 2, '?', 1, 3), (0, 2, '?', 1, 3)]"
"(7, 15, 3, 8, 11, 0)","[(0, 2, '?', 1, 1), (0, 2, '?', 1, 1), (0, 2, '?', 1, 1), (0, 2, '?', 1, 1), (0, 2, '?', 1, 1), (0, 2, '?', 1, 1), (0, 2, '?', 1, 1)]"
"(7, 15, 3, 8, 13, 0)","[(0, 2, '?', 1, 0)]"
"(7, 15, 3, 9, 6, 0)","[(1, 2, '?', 1, 3), (1, 2, '?', 1, 3), (1, 2, '?', 1, 3), (1, 2, '?', 1, 3), (1, 2, '?', 1, 3), (1, 2, '?', 1, 3), (1, 2, '?', 1, 3), (1, 2, '?', 1, 3), (1, 2, '?', 1, 3), (1, 2, '?', 1, 3)]"
"(7, 15, 3, 9, 11, 0)","[(1, 2, '?', 1, 1), (1, 2, '?', 1, 1), (1, 2, '?', 1, 1), (1, 2, 1, 1, 1), (1, 2, 1, 1, 1)]"
"(7, 15, 3, 9, 13, 0)","[(1, 2, '?', 1, 0), (1, 2, '?', 1, 0), (1, 2, '?', 1, 0), (1, 2, '?', 1, 0), (1, 2, '?', 1, 0), (1, 2, 1, 1, 0), (1, 2, '?', 1, 0), (1, 2, '?', 1, 0)]"
"(7, 15, 3, 14, 3, 0)","[(2, 2, '?', 1, '?'), (2, 2, '?', 1, '?'), (2, 2, '?', 1, '?'), (2, 2, '?', 1, '?'), (2, 2, '?', 1, '?'), (2, 2, '?', 1, '?')]"
"(7, 15, 3, 14, 6, 0)","[(2, 2, '?', 1, 3), (2, 2, '?', 1, 3), (2, 2, '?', 1, 3), (2, 2, '?', 1, 3)]"
"(7, 15, 3, 14, 11, 0)","[(2, 2, '?', 1, 1), (2, 2, '?', 1, 1), (2, 2, '?', 1, 1), (2, 2, '?', 1, 1), (2, 2, '?', 1, 1), (2, 2, '?', 1, 1), (2, 2, '?', 1, 1), (2, 2, '?', 1, 1)]"
"(7, 15, 3, 14, 13, 0)","[(2, 2, '?', 1, 0), (2, 2, '?', 1, 0), (2, 2, '?', 1, 0), (2, 2, '?', 1, 0), (2, 2, '?', 1, 0)]"
"(7, 15, 4, 1, 3, 0)","[(3, 2, 3, 1, '?'), (3, 2, 3, 1, '?'), (3, 2, 3, 1, 0), (3, 2, 3, 1, '?'), (3, 2, 3, 1, '?'), (3, 2, 3, 1, '?'), (3, 2, 3, 1, '?'), (3, 2, 3, 1, '?'), (3, 2, 3, 1, '?')]"
"(7, 15, 4, 1, 11, 0)","[(3, 2, 3, 1, 1), (3, 2, 3, 1, 1), (3, 2, 3, 1, 1), (3, 2, 3, 1, 1), (3, 2, 3, 1, 1), (3, 2, 3, 1, 1)]"
"(7, 15, 4, 1, 13, 0)","[(3, 2, 3, 1, 0), (3, 2, 3, 1, 0), (3, 2, 3, 1, 0), (3, 2, 3, 1, 0), (3, 2, 3, 1, 0)]"
"(7, 15, 4, 3, 3, 0)","[(3, 2, '?', 1, 0), (3, 2, 2, 1, '?')]"
"(7, 15, 4, 3, 6, 0)","[(3, 2, '?', 1, 3), (3, 2, '?', 1, 3), (3, 2, '?', 1, 3), (3, 2, '?', 1, 3), (3, 2, '?', 1, 3), (3, 2, '?', 1, 3), (3, 2, '?', 1, 3)]"
"(7, 15, 4, 3, 11, 0)","[(3, 2, '?', 1, 1), (3, 2, '?', 1, 1), (3, 2, '?', 1, 1), (3, 2, '?', 1, 1), (3, 2, '?', 1, 1), (3, 2, '?', 1, 1), (3, 2, '?', 1, 1), (3, 2, '?', 1, 1), (3, 2, '?', 1, 1)]"
"(7, 15, 4, 3, 13, 0)","[(3, 2, '?', 1, 0), (3, 2, '?', 1, 0), (3, 2, '?', 1, 0), (3, 2, '?', 1, 0), (3, 2, '?', 1, 0), (3, 2, '?', 1, 0), (3, 2, '?', 1, 0)]"
"(7, 15, 4, 6, 1, 0)","[(3, 2, 3, 1, 2), (3, 2, 3, 1, 2), (3, 2, 3, 1, 2), (3, 2, 3, 1, 2), (3, 2, 3, 1, 2), (3, 2, 3, 1, 2), (3, 2, 3, 1, 2)]"
"(7, 15, 4, 6, 3, 0)","[(3, 2, '?', 1, 2), (3, 2, '?', 1, 2), (3, 2, '?', 1, 2), (3, 2, '?', 1, 2), (3, 2, '?', 1, 2), (3, 2, '?', 1, 2), (3, 2, '?', 1, 2), (3, 2, '?', 1, 2), (3, 2, '?', 1, 2), (3, 2, '?', 1, 2)]"
"(7, 15, 4, 6, 11, 0)","[(3, 2, 2, 1, 2), (3, 2, 2, 1, 2), (3, 2, 2, 1, 2), (3, 2, 2, 1, 2), (3, 2, 2, 1, 2), (3, 2, 2, 1, 2), (3, 2, 2, 1, 2)]"
"(7, 15, 4, 10, 3, 0)","[(3, 2, 1, 1, '?'), (3, 2, 1, 1, '?'), (3, 2, 1, 1, '?'), (3, 2, 1, 1, '?'), (3, 2, 1, 1, '?')]"
"(7, 15, 4, 10, 6, 0)","[(3, 2, 1, 1, 3), (3, 2, 1, 1, 3), (3, 2, 1, 1, 3), (3, 2, 1, 1, 3), (3, 2, 1, 1, 3), (3, 2, 1, 1, 3)]"
"(7, 15, 4, 10, 13, 0)","[(3, 2, 1, 1, 0), (3, 2, 1, 1, 0), (3, 2, 1, 1, 0), (3, 2, 1, 1, 0), (3, 2, 1, 1, 0)]"
"(7, 15, 4, 11, 3, 0)","[(3, 2, 2, 1, '?'), (3, 2, 2, 1, '?'), (3, 2, 2, 1, '?'), (3, 2, 2, 1, '?')]"
"(7, 15, 4, 11, 6, 0)","[(3, 2, 2, 1, 3), (3, 2, 2, 1, 3), (3, 2, 2, 1, 3), (3, 2, 2, 1, 3), (3, 2, 2, 1, 3), (3, 2, 2, 1, 3)]"
"(7, 15, 4, 11, 11, 0)","[(3, 2, 2, 1, 1), (3, 2, 2, 1, 1), (3, 2, 2, 1, 1), (3, 2, 2, 1, 1), (3, 2, 2, 1, 1), (3, 2, 2, 1, 1)]"
"(7, 15, 4, 11, 13, 0)","[(3, 2, 2, 1, 0), (3, 2, 2, 1, 0), (3, 2, 2, 1, 0), (3, 2, 2, 1, 0), (3, 2, 2, 1, 0), (3, 2, 2, 1, 0), (3, 2, 2, 1, 0), (3, 2, 2, 1, 0), (3, 2, 2, 1, 0)]"
"(7, 15, 7, 3, 3, 0)","[('?', 2, 0, 1, 0), ('?', 2, 0, 1, 0), ('?', 2, 0, 1, 0)]"
"(7, 15, 7, 3, 11, 0)","[('?', 2, 0, 1, 1), ('?', 2, 0, 1, 1), ('?', 2, 0, 1, 1), ('?', 2, 0, 1, 1), ('?', 2, 0, 1, 1), ('?', 2, 0, 1, 1), ('?', 2, 0, 1, 1)]"
"(7, 15, 7, 3, 13, 0)","[('?', 2, 0, 1, 0), ('?', 2, 0, 1, 0), ('?', 2, 0, 1, 0), ('?', 2, 0, 1, 0), ('?', 2, 0, 1, 0)]"
"(7, 15, 7, 4, 6, 0)","[(3, 2, 0, 1, 3), (3, 2, 0, 1, 3), (3, 2, 0, 1, 3), (3, 2, 0, 1, 3)]"
"(7, 15, 7, 4, 11, 0)","[(3, 2, 0, 1, 1), (3, 2, 0, 1, 1), (3, 2, 0, 1, 1)]"
"(7, 15, 7, 6, 3, 0)","[('?', 2, 0, 1, 2), ('?', 2, 0, 1, 2), ('?', 2, 0, 1, 2), ('?', 2, 0, 1, 2), ('?', 2, 0, 1, 2), ('?', 2, 0, 1, 2)]"
"(7, 15, 7, 6, 4, 0)","[(0, 2, 0, 1, 2), (0, 2, 0, 1, 2), (0, 2, 0, 1, 2), (0, 2, 0, 1, 2), (0, 2, 0, 1, 2), (0, 2, 0, 1, 2), (0, 2, 0, 1, 2), (0, 2, 0, 1, 2)]"
"(7, 15, 7, 6, 14, 0)","[(2, 2, 0, 1, 2), (2, 2, 0, 1, 2), (2, 2, 0, 1, 2), (2, 2, 0, 1, 2), (2, 2, 0, 1, 2), (2, 2, 0, 1, 2)]"
"(7, 15, 7, 8, 3, 0)","[(0, 2, 0, 1, '?'), (0, 2, 0, 1, 0), (0, 2, 0, 1, '?'), (0, 2, 0, 1, 0), (0, 2, 0, 1, 1), (0, 2, 0, 1, '?'), (0, 2, 0, 1, 0), (0, 2, 0, 1, '?'), (0, 2, 0, 1, 0)]"
"(7, 15, 7, 8, 11, 0)","[(0, 2, 0, 1, 1), (0, 2, 0, 1, 1), (0, 2, 0, 1, 1), (0, 2, 0, 1, 1), (0, 2, 0, 1, 1), (0, 2, 0, 1, 1)]"
"(7, 15, 7, 8, 13, 0)","[(0, 2, 0, 1, 0), (0, 2, 0, 1, 0), (0, 2, 0, 1, 0), (0, 2, 0, 1, 0), (0, 2, 0, 1, 0)]"
"(7, 15, 7, 9, 3, 0)","[(1, 2, 0, 1, '?'), (1, 2, 0, 1, 0), (1, 2, 0, 1, 0), (1, 2, 0, 1, '?'), (1, 2, 0, 1, '?'), (1, 2, 0, 1, 0), (1, 2, 0, 1, '?'), (1, 2, 0, 1, '?'), (1, 2, 0, 1, '?'), (1, 2, 0, 1, '?'), (1, 2, 0, 1, 0), (1, 2, 0, 1, '?'), (1, 2, 0, 1, 0), (1, 2, 0, 1, '?')]"
"(7, 15, 7, 9, 6, 0)","[(1, 2, 0, 1, 3), (1, 2, 0, 1, 3), (1, 2, 0, 1, 3), (1, 2, 0, 1, 3), (1, 2, 0, 1, 3), (1, 2, 0, 1, 3), (1, 2, 0, 1, 3)]"
"(7, 15, 7, 9, 13, 0)","[(1, 2, 0, 1, 0), (1, 2, 0, 1, 0), (1, 2, 0, 1, 0)]"
"(7, 15, 7, 14, 3, 0)","[(2, 2, 0, 1, '?'), (2, 2, 0, 1, '?')]"
"(7, 15, 7, 14, 11, 0)","[(2, 2, 0, 1, 1), (2, 2, 0, 1, 1), (2, 2, 0, 1, 1), (2, 2, 0, 1, 1), (2, 2, 0, 1, 1), (2, 2, 0, 1, 1), (2, 2, 0, 1, 1), (2, 2, 0, 1, 1), (2, 2, 0, 1, 1)]"
"(7, 15, 9, 9, 11, 0)","[(1, 2, '?', 1, 1)]"
"(7, 15, 10, 3, 6, 0)","[('?', 2, 1, 1, 3), ('?', 2, 1, 1, 3), ('?', 2, 1, 1, 3), ('?', 2, 1, 1, 3), ('?', 2, 1, 1, 3), ('?', 2, 1, 1, 3)]"
"(7, 15, 10, 3, 13, 0)","[('?', 2, 1, 1, 0), ('?', 2, 1, 1, 0), ('?', 2, 1, 1, 0), ('?', 2, 1, 1, 0), ('?', 2, 1, 1, 0)]"
"(7, 15, 10, 3, 14, 0)","[(2, 2, 1, 1, '?')]"
"(7, 15, 10, 4, 3, 0)","[(3, 2, 1, 1, 3)]"
"(7, 15, 10, 4, 6, 0)","[(3, 2, 1, 1, 3)]"
"(7, 15, 10, 4, 13, 0)","[(3, 2, 1, 1, 0), (3, 2, 1, 1, 0), (3, 2, 1, 1, 0)]"
"(7, 15, 10, 6, 14, 0)","[(2, 2, 1, 1, 2), (2, 2, 1, 1, 2), (2, 2, 1, 1, '?'), (2, 2, 1, 1, 2), (2, 2, 1, 1, 2), (2, 2, 1, 1, 2), (2, 2, 1, 1, 2), (2, 2, 1, 1, '?')]"
"(7, 15, 10, 8, 3, 0)","[(0, 2, 1, 1, '?'), (0, 2, 1, 1, '?'), (0, 2, 1, 1, '?'), (0, 2, 1, 1, '?'), (0, 2, 1, 1, 0), (0, 2, 1, 1, '?'), (0, 2, 1, 1, '?')]"
"(7, 15, 10, 8, 6, 0)","[(0, 2, 1, 1, 3), (0, 2, 1, 1, 3), (0, 2, 1, 1, 3), (0, 2, 1, 1, 3), (0, 2, 1, 1, 3), (0, 2, 1, 1, 3), (0, 2, 1, 1, 3)]"
"(7, 15, 10, 8, 11, 0)","[(0, 2, 1, 1, 1), (0, 2, 1, 1, 1), (0, 2, 1, 1, 1), (0, 2, 1, 1, 1), (0, 2, 1, 1, 1), (0, 2, 1, 1, 1), (0, 2, 1, 1, 1), (0, 2, 1, 1, 1), (0, 2, 1, 1, 1)]"
"(7, 15, 10, 8, 13, 0)","[(0, 2, 1, 1, 0), (0, 2, 1, 1, 0), (0, 2, 1, 1, 0), (0, 2, 1, 1, 0), (0, 2, 1, 1, 0)]"
"(7, 15, 10, 9, 3, 0)","[(1, 2, 1, 1, '?'), (1, 2, 1, 1, '?'), (1, 2, 1, 1, '?'), (1, 2, 1, 1, '?'), (1, 2, 1, 1, '?'), (1, 2, 1, 1, '?'), (1, 2, 1, 1, '?')]"
"(7, 15, 10, 9, 6, 0)","[(1, 2, 1, 1, 3), (1, 2, 1, 1, 3), (1, 2, 1, 1, 3), (1, 2, 1, 1, 3), (1, 2, 1, 1, 3), (1, 2, 1, 1, 3), (1, 2, 1, 1, 3), (1, 2, 1, 1, 3)]"
"(7, 15, 10, 9, 11, 0)","[(1, 2, 1, 1, 1), (1, 2, 1, 1, 1), (1, 2, 1, 1, 1), (1, 2, 1, 1, 1), (1, 2, 1, 1, 1), (1, 2, 1, 1, 1)]"
"(7, 15, 10, 9, 13, 0)","[(1, 2, 1, 1, 0), (1, 2, 1, 1, 0), (1, 2, 1, 1, 0), (1, 2, 1, 1, 0), (1, 2, 1, 1, 0), (1, 2, 1, 1, 0)]"
"(7, 15, 10, 10, 6, 0)","[('?', 2, 1, 1, 3), (3, 2, 1, 1, 3)]"
"(7, 15, 10, 10, 8, 0)","[(0, 2, 1, 1, '?')]"
"(7, 15, 10, 10, 11, 0)","[('?', 2, 1, 1, 1), ('?', 2, 1, 1, 1), ('?', 2, 1, 1, 1), ('?', 2, 1, 1, 1), ('?', 2, 1, 1, 1), ('?', 2, 1, 1, 1)]"
"(7, 15, 10, 10, 13, 0)","[('?', 2, 1, 1, 0)]"
"(7, 15, 10, 14, 3, 0)","[(2, 2, 1, 1, '?'), (2, 2, 1, 1, '?'), (2, 2, 1, 1, '?'), (2, 2, 1, 1, '?')]"
"(7, 15, 10, 14, 6, 0)","[(2, 2, 1, 1, 3), (2, 2, 1, 1, 3), (2, 2, 1, 1, 3), (2, 2, 1, 1, 3), (2, 2, 1, 1, 3), (2, 2, 1, 1, 3), (2, 2, 1, 1, 3)]"
"(7, 15, 10, 14, 11, 0)","[(2, 2, 1, 1, 1), (2, 2, 1, 1, 1), (2, 2, 1, 1, 1), (2, 2, 1, 1, 1), (2, 2, 1, 1, 1), (2, 2, 1, 1, 1), (2, 2, 1, 1, 1), (2, 2, 1, 1, 1), (2, 2, 1, 1, 1)]"
"(7, 15, 10, 14, 13, 0)","[(2, 2, 1, 1, 0), (2, 2, 1, 1, 0), (2, 2, 1, 1, 0), (2, 2, 1, 1, 0), (2, 2, 1, 1, 0)]"
"(7, 15, 11, 3, 3, 0)","[('?', 2, 2, 1, 0), ('?', 2, 2, 1, 0)]"
"(7, 15, 11, 3, 6, 0)","[('?', 2, 2, 1, 3), ('?', 2, 2, 1, 3), ('?', 2, 2, 1, 3), ('?', 2, 2, 1, 3), ('?', 2, 2, 1, 3), ('?', 2, 2, 1, 3), ('?', 2, 2, 1, 3), ('?', 2, 2, 1, 3)]"
"(7, 15, 11, 3, 11, 0)","[('?', 2, 2, 1, 1), ('?', 2, 2, 1, 1), ('?', 2, 2, 1, 1), ('?', 2, 2, 1, 1), ('?', 2, 2, 1, 1), ('?', 2, 2, 1, 1)]"
"(7, 15, 11, 3, 13, 0)","[('?', 2, 2, 1, 0), ('?', 2, 2, 1, 0), ('?', 2, 2, 1, 0), ('?', 2, 2, 1, 0), ('?', 2, 2, 1, 0), ('?', 2, 2, 1, 0)]"
"(7, 15, 11, 4, 4, 0)","[(0, 2, 2, 1, 2), (0, 2, 2, 1, 2), (0, 2, 2, 1, 2), (0, 2, 2, 1, 2), (0, 2, 2, 1, 2)]"
"(7, 15, 11, 6, 3, 0)","[('?', 2, 2, 1, 2), ('?', 2, 2, 1, 2), ('?', 2, 2, 1, 2), ('?', 2, 2, 1, 2), ('?', 2, 2, 1, 2), ('?', 2, 2, 1, 2)]"
"(7, 15, 11, 6, 9, 0)","[(1, 2, 2, 1, 2), (1, 2, 2, 1, 2), (1, 2, 2, 1, 2), (1, 2, 2, 1, 2), (1, 2, 2, 1, 2), (1, 2, 2, 1, 2), (1, 2, 2, 1, 2), (1, 2, 2, 1, 2)]"
"(7, 15, 11, 6, 14, 0)","[(2, 2, 2, 1, 2), (2, 2, 2, 1, 2), (2, 2, 2, 1, 2), (2, 2, 2, 1, 2), (2, 2, 2, 1, 2), (2, 2, 2, 1, 2), (2, 2, 2, 1, 2), (2, 2, 2, 1, 2)]"
"(7, 15, 11, 8, 3, 0)","[(0, 2, 2, 1, '?'), (0, 2, 2, 1, '?'), (0, 2, 2, 1, '?'), (0, 2, 2, 1, '?'), (0, 2, 2, 1, 1), (0, 2, 2, 1, '?'), (0, 2, 2, 1, '?'), (0, 2, 2, 1, '?'), (0, 2, 2, 1, 0), (0, 2, 2, 1, 0), (0, 2, 2, 1, 0)]"
"(7, 15, 11, 8, 6, 0)","[(0, 2, 2, 1, 3), (0, 2, 2, 1, 3), (0, 2, 2, '?', 3), (0, 2, 2, 1, 3), (0, 2, 2, 1, 3), (0, 2, 2, 1, 3), (0, 2, 2, 1, 3), (0, 2, 2, 1, 3), (0, 2, 2, 1, 3)]"
"(7, 15, 11, 8, 11, 0)","[(0, 2, 2, 1, 1), (0, 2, 2, 1, 1), (0, 2, 2, 1, 1), (0, 2, 2, 1, 1), (0, 2, 2, 1, 1), (0, 2, 2, 1, 1)]"
"(7, 15, 11, 8, 13, 0)","[(0, 2, 2, 1, 0), (0, 2, 2, 1, 0), (0, 2, 2, 1, 0), (0, 2, 2, 1, 0), (0, 2, 2, 1, 0), (0, 2, 2, 1, 0)]"
"(7, 15, 11, 9, 3, 0)","[(1, 2, 2, 1, '?'), (1, 2, 2, 1, '?'), (1, 2, 2, 1, '?'), (1, 2, 2, 1, '?'), (1, 2, 2, 1, '?'), (1, 2, 2, 1, 0), (1, 2, 2, 1, '?'), (1, 2, 2, 1, 0), (1, 2, 2, 1, 0), (1, 2, 2, 1, 0), (1, 2, 2, 1, '?'), (1, 2, 2, 1, '?')]"
"(7, 15, 11, 9, 6, 0)","[(1, 2, 2, 1, 3), (1, 2, 2, 1, 3), (1, 2, 2, 1, 3), (1, 2, 2, 1, 3), (1, 2, 2, 1, 3), (1, 2, 2, 1, 3), (1, 2, 2, 1, 3)]"
"(7, 15, 11, 9, 11, 0)","[(1, 2, 2, 1, 1), (1, 2, 2, 1, 1), (1, 2, 2, 1, 1), (1, 2, 2, 1, 1), (1, 2, 2, 1, 1)]"
"(7, 15, 11, 9, 13, 0)","[(1, 2, 2, 1, 0), (1, 2, 2, 1, 0), (1, 2, 2, 1, 0), (1, 2, 2, 1, 0)]"
"(7, 15, 11, 14, 3, 0)","[(2, 2, 2, 1, '?'), (2, 2, 2, 1, '?'), (2, 2, 2, 1, '?'), (2, 2, 2, 1, '?'), (2, 2, 2, 1, '?'), (2, 2, 2, 1, '?'), (2, 2, 2, 1, '?'), (2, 2, 2, 1, '?')]"
"(7, 15, 11, 14, 11, 0)","[(2, 2, 2, 1, 1), (2, 2, 2, 1, 1), (2, 2, 2, 1, 1), (2, 2, 2, 1, 1), (2, 2, 2, 1, 1), (2, 2, 2, 1, 1), (2, 2, 2, 1, 1)]"
"(7, 15, 11, 14, 13, 0)","[(2, 2, 2, 1, 0), (2, 2, 2, 1, 0), (2, 2, 2, 1, 0), (2, 2, 2, 1, 0), (2, 2, 2, 1, 0), (2, 2, 2, 1, 0), (2, 2, 2, 1, 0)]"
"(7, 15, 14, 3, 6, 0)","[(2, 2, '?', 1, 3)]"
"(7, 15, 14, 3, 13, 0)","[(2, 2, '?', 1, 0), (2, 2, '?', 1, 0)]"
"(7, 15, 14, 3, 14, 0)","[(2, 2, '?', 1, '?'), (2, 2, '?', 1, '?'), (2, 2, '?', 1, '?')]"
"(7, 15, 14, 14, 6, 0)","[(2, 2, '?', 1, 3)]"
"(9, 2, 7, 6, 9, 0)","[(1, '?', 0, 0, 2)]"
"(9, 2, 10, 6, 9, 0)","[(1, '?', 1, 0, 2)]"
"(9, 2, 11, 9, 3, 0)","[(1, '?', 2, 0, '?')]"
"(9, 9, 1, 6, 7, 0)","[(1, '?', 3, 3, 2)]"
"(10, 1, 1, 1, 6, 0)","[('?', 1, 3, 2, 3)]"
"(10, 1, 1, 3, 3, 0)","[('?', 1, 3, 2, 0)]"
"(10, 1, 1, 3, 6, 0)","[('?', 1, 3, 2, 3), ('?', 1, 3, 2, 3)]"
"(10, 1, 1, 3, 11, 0)","[('?', 1, 3, 2, 1), ('?', 1, 3, 2, 1)]"
"(10, 1, 1, 3, 13, 0)","[('?', 1, 3, 2, 0), ('?', 1, 3, 2, 0)]"
"(10, 1, 1, 8, 6, 0)","[(0, 1, 3, 2, 3)]"
"(10, 1, 1, 9, 3, 0)","[(1, 1, 3, 2, '?')]"
"(10, 1, 1, 9, 6, 0)","[(1, 1, 3, 2, '?')]"
"(10, 1, 1, 9, 13, 0)","[(1, 1, 3, 2, 0), (1, 1, 3, 2, 0)]"
"(10, 1, 3, 1, 6, 0)","[('?', 1, 3, 2, 3)]"
"(10, 1, 3, 3, 3, 0)","[('?', 1, 3, 2, 0)]"
"(10, 1, 3, 3, 11, 0)","[('?', 1, 3, 2, 1), ('?', 1, 3, 2, 1), ('?', 1, 3, 2, 1)]"
"(10, 1, 3, 3, 13, 0)","[('?', 1, 3, 2, 0), ('?', 1, 3, 2, 0)]"
"(10, 1, 3, 4, 4, 0)","[(0, 1, 3, '?', 2), (0, 1, 3, 2, 2), (0, 1, 3, 2, 2), (0, 1, 3, 2, 2)]"
"(10, 1, 3, 7, 13, 0)","[('?', 1, 3, 3, 0)]"
"(10, 1, 3, 8, 11, 0)","[(0, 1, 3, 2, 1)]"
"(10, 1, 3, 9, 3, 0)","[(1, 1, 3, 2, '?')]"
"(10, 1, 3, 9, 11, 0)","[(1, 1, 3, 2, 1), (1, 1, 3, 2, 1), (1, 1, 3, 2, 1)]"
"(10, 1, 3, 9, 13, 0)","[(1, 1, 3, 2, 0), (1, 1, 3, 2, 0)]"
"(10, 1, 3, 11, 11, 0)","[('?', 1, 3, 2, 1)]"
"(10, 1, 3, 13, 13, 0)","[('?', 1, 3, 2, 0)]"
"(10, 1, 4, 4, 4, 0)","[(0, 1, 3, 2, 2), (0, 1, 3, 2, 2), (0, 1, 3, 2, 2)]"
"(10, 1, 6, 6, 3, 0)","[('?', 1, 3, 2, 2), ('?', 1, 3, 2, 2), ('?', 1, 3, 2, 2), ('?', 1, 3, 2, 2), ('?', 1, 3, 2, 2), ('?', 1, 3, 2, 2)]"
"(10, 1, 6, 6, 9, 0)","[(1, 1, 3, 2, 2), (1, 1, 3, 2, 2), (1, 1, 3, 2, 2), (1, 1, 3, 2, 2)]"
"(10, 1, 6, 7, 7, 0)","[(1, 1, 3, 3, 2), ('?', 1, 3, 3, 2), (1, 1, 3, 3, 2), (1, 1, 3, 3, 2)]"
"(10, 1, 7, 7, 6, 0)","[('?', 1, 3, 3, 3)]"
"(10, 1, 7, 7, 7, 0)","[('?', 1, 3, 3, '?'), ('?', 1, 3, 3, '?'), ('?', 1, 3, 3, '?'), ('?', 1, 3, 3, 1)]"
"(10, 1, 7, 7, 11, 0)","[('?', 1, 3, 3, 1), ('?', 1, 3, 3, 1)]"
"(10, 1, 8, 1, 6, 0)","[(0, 1, 3, 2, 3)]"
"(10, 1, 8, 1, 13, 0)","[(0, 1, 3, 2, 0)]"
"(10, 1, 8, 3, 6, 0)","[(0, 1, 3, 2, 3)]"
"(10, 1, 8, 3, 11, 0)","[(0, 1, 3, 2, 1), (0, 1, 3, 2, 1)]"
"(10, 1, 8, 3, 13, 0)","[(0, 1, 3, 2, 0), (0, 1, 3, 2, 0)]"
"(10, 1, 8, 6, 7, 0)","[(0, 1, 3, 3, 2), (0, 1, 3, 3, 2), (0, 1, 3, 3, 2), (0, 1, 3, 3, 2)]"
"(10, 1, 8, 7, 3, 0)","[(0, 1, 3, 3, 1)]"
"(10, 1, 8, 7, 7, 0)","[(0, 1, 3, 3, '?')]"
"(10, 1, 8, 7, 11, 0)","[(0, 1, 3, 3, 1), (0, 1, 3, 3, 1)]"
"(10, 1, 9, 1, 3, 0)","[(1, 1, 3, 2, '?')]"
"(10, 1, 9, 1, 11, 0)","[(1, 1, 3, 2, 1)]"
"(10, 1, 9, 1, 13, 0)","[(1, 1, 3, 2, 0)]"
"(10, 1, 9, 3, 9, 0)","[(1, 1, 3, 2, '?'), (1, 1, 3, 2, '?')]"
"(10, 1, 9, 6, 7, 0)","[(1, 1, 3, 3, 2)]"
"(10, 1, 9, 7, 7, 0)","[(1, 1, 3, 3, '?')]"
"(10, 1, 9, 7, 11, 0)","[(1, 1, 3, 3, 1)]"
"(10, 1, 9, 9, 3, 0)","[(1, 1, 3, 2, '?')]"
"(10, 1, 9, 9, 13, 0)","[(1, 1, 3, 2, 0)]"
"(10, 1, 9, 13, 13, 0)","[(1, 1, 3, 2, 0)]"
"(10, 1, 14, 1, 6, 0)","[(2, 1, 3, 2, 3), (2, 1, 3, 2, 3), (2, 1, 3, 2, 3), (2, 1, 3, 2, 3), (2, 1, 3, 2, 3), (2, 1, 3, 2, 3), (2, 1, 3, 2, 3)]"
"(10, 1, 14, 1, 11, 0)","[(2, 1, 3, 2, 1), (2, 1, 3, 2, 1), (2, 1, 3, 2, 1), (2, 1, 3, 2, 1), (2, 1, 3, 2, 1)]"
"(10, 1, 14, 1, 13, 0)","[(2, 1, 3, '?', 0)]"
"(10, 1, 14, 1, 14, 0)","[(2, 1, 3, 2, '?'), (2, 1, 3, 2, '?'), (2, 1, 3, 2, '?'), (2, 1, 3, 2, '?'), (2, 1, 3, 2, '?'), (2, 1, 3, 2, '?'), (2, 1, 3, '?', '?')]"
"(10, 1, 14, 3, 14, 0)","[(2, 1, 3, 2, '?')]"
"(10, 1, 14, 6, 7, 0)","[(2, 1, 3, 3, 2)]"
"(10, 1, 14, 7, 13, 0)","[(2, 1, 3, 3, 0), (2, 1, 3, 3, 0)]"
"(10, 1, 14, 11, 11, 0)","[(2, 1, 3, 2, 1)]"
"(10, 1, 14, 14, 3, 0)","[(2, 1, 3, '?', 2)]"
"(10, 2, 1, 1, 6, 0)","[(3, 1, 3, 0, 3), ('?', 1, 3, 0, 3), (3, 1, 3, 0, 3)]"
"(10, 2, 1, 3, 3, 0)","[('?', 1, 3, 0, '?')]"
"(10, 2, 1, 3, 6, 0)","[('?', 1, 3, 0, 3), ('?', 1, 3, 0, 3)]"
"(10, 2, 1, 3, 11, 0)","[('?', 1, 3, 0, 1), ('?', 1, 3, 0, 1), ('?', 1, 3, 0, 1), ('?', 1, 3, 0, 1), ('?', 1, 3, 0, 1)]"
"(10, 2, 1, 3, 13, 0)","[('?', 1, 3, 0, 0), ('?', 1, 3, 0, 0)]"
"(10, 2, 1, 4, 4, 0)","[(0, 1, 3, 0, 2), (0, 1, 3, 0, 2)]"
"(10, 2, 1, 6, 3, 0)","[('?', 1, 3, 0, 2)]"
"(10, 2, 1, 8, 11, 0)","[(0, 1, 3, 0, 1)]"
"(10, 2, 1, 8, 13, 0)","[(0, 1, 3, 0, 0)]"
"(10, 2, 1, 9, 6, 0)","[(1, 1, 3, 0, 3), (1, 1, 3, 0, 3)]"
"(10, 2, 1, 9, 11, 0)","[(1, 1, 3, 0, 1), (1, 1, 3, 0, 1), (1, 1, 3, 0, 1), (1, 1, 3, 0, 1)]"
"(10, 2, 1, 14, 1, 0)","[(2, 1, 3, 0, '?'), (2, 1, 3, 0, '?')]"
"(10, 2, 1, 14, 6, 0)","[(2, 1, 3, 0, 3), (2, 1, 3, 0, 3), (2, 1, 3, 0, 3)]"
"(10, 2, 1, 14, 11, 0)","[(2, 1, 3, 0, 1), (2, 1, 3, 0, 1), (2, 1, 3, 0, 1), (2, 1, 3, 0, 1)]"
"(10, 2, 3, 3, 3, 0)","[('?', 1, 0, 0, '?'), ('?', 1, '?', 0, '?')]"
"(10, 2, 3, 3, 11, 0)","[('?', 1, '?', 0, 1), ('?', 1, '?', 0, 1)]"
"(10, 2, 3, 3, 13, 0)","[('?', 1, '?', 0, 0)]"
"(10, 2, 3, 4, 4, 0)","[(0, 1, '?', 0, 2), (0, 1, '?', 0, 2), (0, 1, '?', 0, 2)]"
"(10, 2, 3, 6, 3, 0)","[('?', 1, '?', 0, 2), ('?', 1, '?', 0, 2)]"
"(10, 2, 3, 8, 11, 0)","[(0, 1, '?', 0, 1)]"
"(10, 2, 3, 9, 6, 0)","[(1, 1, '?', 0, 3), (1, 1, '?', 0, 3)]"
"(10, 2, 3, 9, 11, 0)","[(1, 1, '?', 0, 1), (1, 1, '?', 0, 1)]"
"(10, 2, 3, 9, 13, 0)","[(1, 1, '?', 0, 0), (1, 1, '?', 0, 0)]"
"(10, 2, 3, 14, 3, 0)","[(2, 1, 1, 0, '?'), (2, 1, '?', 0, '?')]"
"(10, 2, 3, 14, 6, 0)","[(2, 1, '?', 0, 3), (2, 1, '?', 0, 3), (2, 1, '?', 0, 3), (2, 1, '?', 0, 3)]"
"(10, 2, 4, 1, 3, 0)","[(3, 1, 3, 0, '?'), (3, 1, 3, 0, '?'), (3, 1, 3, 0, '?'), (3, 1, 3, 0, '?')]"
"(10, 2, 4, 1, 6, 0)","[(3, 1, 3, 0, 3), (3, 1, 3, 0, 3), (3, 1, 3, 0, 3)]"
"(10, 2, 4, 1, 9, 0)","[(3, 1, 3, 0, '?')]"
"(10, 2, 4, 1, 11, 0)","[(3, 1, 3, 0, 1)]"
"(10, 2, 4, 3, 6, 0)","[(3, 1, '?', 0, 3), (3, 1, '?', 0, 3)]"
"(10, 2, 4, 6, 3, 0)","[(3, 1, '?', 0, 2), (3, 1, '?', 0, 2), (3, 1, '?', 0, 2), (3, 1, 0, 0, 2)]"
"(10, 2, 4, 6, 7, 0)","[(3, 1, 0, 0, 2)]"
"(10, 2, 4, 6, 9, 0)","[(3, 1, 0, 0, 2)]"
"(10, 2, 4, 6, 10, 0)","[(3, 1, 1, 0, 2), (3, 1, 1, 0, 2), (3, 1, 1, 0, 2)]"
"(10, 2, 4, 6, 11, 0)","[(3, 1, 2, 0, 2), (3, 1, 2, 0, 2), (3, 1, 2, 0, 2)]"
"(10, 2, 4, 10, 6, 0)","[(3, 1, 1, 0, 3), (3, 1, 1, 0, 3), (3, 1, 1, 0, 3)]"
"(10, 2, 4, 10, 11, 0)","[(3, 1, 1, 0, 1), (3, 1, 1, 0, 1)]"
"(10, 2, 4, 10, 13, 0)","[(3, 1, 1, 0, 0), (3, 1, 1, 0, 0), (3, 1, 1, 0, 0), (3, 1, 1, 0, 0)]"
"(10, 2, 4, 11, 3, 0)","[(3, 1, 2, 0, '?'), (3, 1, 2, 0, '?'), (3, 1, 2, 0, 1), (3, 1, 2, 0, '?')]"
"(10, 2, 4, 11, 11, 0)","[(3, 1, 2, 0, 1)]"
"(10, 2, 7, 3, 3, 0)","[('?', 1, 0, 0, '?'), (3, 1, 0, 0, '?'), (3, 1, 0, 0, '?'), ('?', 1, 0, 0, '?')]"
"(10, 2, 7, 3, 6, 0)","[('?', 1, 0, 0, 3), ('?', 1, 0, 0, 3), (3, 1, 0, 0, 3), ('?', 1, 0, 0, 3), ('?', 1, 0, 0, 3), ('?', 1, 0, 0, 3), (3, 1, 0, 0, 3), ('?', 1, 0, 0, 3)]"
"(10, 2, 7, 3, 11, 0)","[('?', 1, 0, 0, 1), ('?', 1, 0, 0, 1)]"
"(10, 2, 7, 3, 13, 0)","[('?', 1, 0, 0, 0), ('?', 1, 0, 0, 0), ('?', 1, 0, 0, 0)]"
"(10, 2, 7, 4, 3, 0)","[(3, 1, 0, 0, '?')]"
"(10, 2, 7, 4, 4, 0)","[(0, 1, 0, 0, 2), (0, 1, 0, 0, 2)]"
"(10, 2, 7, 4, 6, 0)","[(3, 1, 0, 0, 3), (3, 1, 0, 0, 3)]"
"(10, 2, 7, 4, 11, 0)","[(3, 1, 0, 0, 1), (3, 1, 0, 0, 1)]"
"(10, 2, 7, 4, 13, 0)","[(3, 1, 0, 0, 0), (3, 1, 0, 0, 0), (3, 1, 0, 0, 0)]"
"(10, 2, 7, 6, 14, 0)","[(2, 1, 0, 0, 2), (2, 1, 0, 0, 2), (2, 1, 0, 0, 2)]"
"(10, 2, 7, 8, 3, 0)","[(0, 1, 0, 0, '?'), (0, 1, 0, 0, '?')]"
"(10, 2, 7, 8, 13, 0)","[(0, 1, 0, 0, 0), (0, 1, 0, 0, 0)]"
"(10, 2, 7, 9, 3, 0)","[(1, 1, 0, 0, '?'), (1, 1, 0, 0, '?'), (1, 1, 0, 0, '?')]"
"(10, 2, 7, 9, 6, 0)","[(1, 1, 0, 0, 3)]"
"(10, 2, 7, 9, 9, 0)","[(1, 1, 0, 0, '?')]"
"(10, 2, 7, 9, 11, 0)","[(1, 1, 0, 0, 1), (1, 1, 0, 0, 1)]"
"(10, 2, 7, 9, 13, 0)","[(1, 1, 0, 0, 0)]"
"(10, 2, 7, 14, 3, 0)","[(2, 1, 0, 0, '?'), (2, 1, 0, 0, '?'), (2, 1, 0, 0, '?')]"
"(10, 2, 7, 14, 6, 0)","[(2, 1, 0, 0, 3), (2, 1, 0, 0, 3), (2, 1, 0, 0, 3)]"
"(10, 2, 7, 14, 11, 0)","[(2, 1, 0, 0, 1), (2, 1, 0, 0, 1), (2, 1, 0, 0, 1), (2, 1, 0, 0, 1)]"
"(10, 2, 7, 14, 13, 0)","[(2, 1, 0, 0, 0), (2, 1, 0, 0, 0), (2, 1, 0, 0, 0), (2, 1, 0, 0, 0), (2, 1, 0, 0, 0)]"
"(10, 2, 10, 3, 6, 0)","[('?', 1, 1, 0, 3), ('?', 1, 1, 0, 3), (3, 1, 1, 0, 3), ('?', 1, 1, 0, 3)]"
"(10, 2, 10, 3, 11, 0)","[('?', 1, 1, 0, 1), ('?', 1, 1, 0, 1), ('?', 1, 1, 0, 1), ('?', 1, 1, 0, 1), ('?', 1, 1, 0, 1), ('?', 1, 1, 0, 1), ('?', 1, 1, 0, 1)]"
"(10, 2, 10, 4, 4, 0)","[(0, 1, 1, 0, 2), (0, 1, 1, 0, 2), (0, 1, 1, 0, 2), (0, 1, 1, 0, 2), (0, 1, 1, 0, 2)]"
"(10, 2, 10, 6, 3, 0)","[('?', 1, 1, 0, 2), ('?', 1, 1, 0, 2), ('?', 1, 1, 0, 2), ('?', 1, 1, 0, 2), ('?', 1, 1, 0, 2)]"
"(10, 2, 10, 6, 9, 0)","[(1, 1, 1, 0, 2), (1, 1, 1, 0, 2), (1, 1, 1, 0, 2), (1, 1, 1, 0, 2), (1, 1, 1, 0, 2), (1, 1, 1, 0, 2)]"
"(10, 2, 10, 6, 10, 0)","[(3, 1, 1, 0, 2)]"
"(10, 2, 10, 6, 14, 0)","[(2, 1, 1, 0, 2), (2, 1, 1, 0, 2), (2, 1, 1, 0, 2), (2, 1, 1, 0, 2), (2, 1, 1, 0, 2)]"
"(10, 2, 10, 8, 6, 0)","[(0, 1, 1, 0, 3), (0, 1, 1, 0, 3), (0, 1, 1, 0, 3), (0, 1, 1, 0, 3)]"
"(10, 2, 10, 8, 11, 0)","[(0, 1, 1, 0, 1), (0, 1, 1, 0, 1), (0, 1, 1, 0, 1), (0, 1, 1, 0, 1), (0, 1, 1, 0, 1), (0, 1, 1, 0, 1)]"
"(10, 2, 10, 8, 13, 0)","[(0, 1, 1, 0, 0), (0, 1, 1, 0, 0), (0, 1, 1, 0, 0)]"
"(10, 2, 10, 9, 6, 0)","[(1, 1, 1, 0, 3), (1, 1, 1, 0, 3), (1, 1, 1, 0, 3), (1, 1, 1, 0, 3), (1, 1, 1, 0, 3)]"
"(10, 2, 10, 10, 6, 0)","[(3, 1, 1, 0, 3), (3, 1, 1, 0, 3), (3, 1, 1, 0, 3)]"
"(10, 2, 10, 10, 11, 0)","[(3, 1, 1, 0, 1), ('?', 1, 1, 0, 1), (3, 1, 1, 0, 1), (3, 1, 1, 0, 1)]"
"(10, 2, 10, 14, 3, 0)","[(2, 1, 1, 0, '?'), (2, 1, 1, 0, '?'), (2, 1, 1, 0, '?'), (2, 1, 1, 0, '?')]"
"(10, 2, 10, 14, 6, 0)","[(2, 1, 1, 0, 3), (2, 1, 1, 0, 3), (2, 1, 1, 0, 3), (2, 1, 1, 0, 3), (2, 1, 1, 0, 3), (2, 1, 1, 0, 3), (2, 1, 1, 0, 3)]"
"(10, 2, 10, 14, 11, 0)","[(2, 1, 1, 0, 1), (2, 1, 1, 0, 1), (2, 1, 1, 0, 1), (2, 1, 1, 0, 1), (2, 1, 1, 0, 1), (2, 1, 1, 0, 1)]"
"(10, 2, 10, 14, 13, 0)","[(2, 1, 1, 0, 0), (2, 1, 1, 0, 0), (2, 1, 1, 0, 0), (2, 1, 1, 0, 0)]"
"(10, 2, 11, 3, 3, 0)","[('?', 1, 2, 0, '?'), ('?', 1, 2, 0, '?'), ('?', 1, 2, 0, '?'), ('?', 1, 2, 0, '?'), ('?', 1, 2, 0, '?'), ('?', 1, 2, 0, 1), ('?', 1, 2, 0, '?')]"
"(10, 2, 11, 3, 6, 0)","[(3, 1, 2, 0, 3), (3, 1, 2, 0, 3), ('?', 1, 2, 0, 3), ('?', 1, 2, 0, 3), ('?', 1, 2, 0, 3)]"
"(10, 2, 11, 3, 11, 0)","[('?', 1, 2, 0, 1), ('?', 1, 2, 0, 1), ('?', 1, 2, 0, 1), ('?', 1, 2, 0, 1)]"
"(10, 2, 11, 3, 13, 0)","[('?', 1, 2, 0, 0), ('?', 1, 2, 0, 0), ('?', 1, 2, 0, 0), ('?', 1, 2, 0, 0), ('?', 1, 2, 0, 0)]"
"(10, 2, 11, 4, 4, 0)","[(0, 1, 2, 0, 2), (0, 1, 2, 0, 2), (0, 1, 2, 0, 2)]"
"(10, 2, 11, 6, 3, 0)","[('?', 1, 2, 0, 2), ('?', 1, 2, 0, 2), ('?', 1, 2, 0, 2), ('?', 1, 2, 0, 2)]"
"(10, 2, 11, 6, 9, 0)","[(1, 1, 2, 0, 2), (1, 1, 2, 0, 2), (1, 1, 2, 0, 2)]"
"(10, 2, 11, 6, 14, 0)","[(2, 1, 2, 0, 2), (2, 1, 2, 0, 2), (2, 1, 2, 0, 2), (2, 1, 2, 0, 2)]"
"(10, 2, 11, 8, 3, 0)","[(0, 1, 2, 0, '?')]"
"(10, 2, 11, 8, 13, 0)","[(0, 1, 2, 0, 0), (0, 1, 2, 0, 0)]"
"(10, 2, 11, 9, 3, 0)","[(1, 1, 2, 0, '?'), (1, 1, 2, 0, '?'), (1, 1, 2, 0, 2), (1, 1, 2, 0, '?'), (1, 1, 2, 0, '?'), (1, 1, 2, 0, '?')]"
"(10, 2, 11, 9, 11, 0)","[(1, 1, 2, 0, 1), (1, 1, 2, 0, 1), (1, 1, 2, 0, 1), (1, 1, 2, 0, 1)]"
"(10, 2, 11, 9, 13, 0)","[(1, 1, 2, 0, 0), (1, 1, 2, 0, 0)]"
"(10, 2, 11, 10, 6, 0)","[(3, 1, 2, 0, 3), (3, 1, 2, 0, 3), (3, 1, 2, 0, 3)]"
"(10, 2, 11, 14, 3, 0)","[(2, 1, 2, 0, '?'), (2, 1, 2, 0, '?')]"
"(10, 2, 11, 14, 6, 0)","[(2, 1, 2, 0, 3), (2, 1, 2, 0, 3), (2, 1, 2, 0, 3)]"
"(10, 2, 14, 3, 13, 0)","[(2, 1, 1, 0, 0), (2, 1, 1, 0, 0), (2, 1, '?', 0, 0)]"
"(10, 2, 14, 3, 14, 0)","[(2, 1, '?', 0, '?'), (2, 1, '?', 0, '?')]"
"(10, 2, 14, 10, 6, 0)","[(2, 1, 1, 0, 3)]"
"(10, 2, 14, 10, 11, 0)","[(2, 1, 1, 0, 1)]"
"(10, 2, 14, 14, 13, 0)","[(2, 1, '?', 0, 0)]"
"(10, 3, 3, 3, 3, 0)","[('?', 1, '?', 2, '?'), ('?', 1, '?', 2, '?')]"
"(10, 3, 3, 3, 13, 0)","[('?', 1, '?', 2, 0), ('?', 1, '?', 2, 0)]"
"(10, 3, 3, 4, 7, 0)","[(0, 1, '?', 3, 2)]"
"(10, 3, 3, 6, 7, 0)","[('?', 1, '?', 3, 2), ('?', 1, '?', 3, 2)]"
"(10, 3, 3, 7, 6, 0)","[('?', 1, '?', 3, 3)]"
"(10, 3, 3, 7, 11, 0)","[('?', 1, '?', 3, 1)]"
"(10, 3, 3, 7, 13, 0)","[('?', 1, '?', 3, 0), ('?', 1, '?', 3, 0)]"
"(10, 3, 3, 8, 3, 0)","[(0, 1, '?', 2, '?'), (0, 1, '?', 2, '?')]"
"(10, 3, 3, 9, 6, 0)","[(1, 1, '?', 2, 3)]"
"(10, 3, 3, 9, 11, 0)","[(1, 1, '?', 2, 1)]"
"(10, 3, 3, 14, 13, 0)","[(2, 1, '?', '?', 0)]"
"(10, 3, 6, 6, 7, 0)","[('?', 1, '?', 3, 2)]"
"(10, 3, 7, 3, 13, 0)","[('?', 1, 0, '?', 0)]"
"(10, 3, 7, 4, 7, 0)","[(0, 1, 0, 3, 2), (0, 1, 0, 3, 2)]"
"(10, 3, 7, 6, 7, 0)","[('?', 1, 0, 3, 2), ('?', 1, 0, 3, 2)]"
"(10, 3, 7, 9, 6, 0)","[(1, 1, 0, 2, 3)]"
"(10, 3, 7, 9, 11, 0)","[(1, 1, 0, '?', 1)]"
"(10, 3, 7, 9, 13, 0)","[(1, 1, 0, 2, 0)]"
"(10, 3, 8, 7, 3, 0)","[(0, 1, '?', 3, '?')]"
"(10, 3, 8, 7, 6, 0)","[(0, 1, '?', 3, 3)]"
"(10, 3, 8, 7, 11, 0)","[(0, 1, '?', 3, 1)]"
"(10, 3, 8, 7, 13, 0)","[(0, 1, '?', 3, 0)]"
"(10, 3, 10, 4, 4, 0)","[(0, 1, 1, 2, 2)]"
"(10, 3, 10, 4, 7, 0)","[(0, 1, 1, 3, 2)]"
"(10, 3, 10, 7, 6, 0)","[('?', 1, 1, 3, 3)]"
"(10, 3, 10, 7, 7, 0)","[('?', 1, 1, 3, '?'), ('?', 1, 1, 3, '?'), ('?', 1, 1, 3, '?')]"
"(10, 3, 10, 7, 13, 0)","[('?', 1, 1, 3, 0)]"
"(10, 3, 10, 8, 3, 0)","[(0, 1, 1, '?', '?')]"
"(10, 3, 10, 8, 11, 0)","[(0, 1, 1, '?', 1), (0, 1, 1, '?', 1)]"
"(10, 4, 1, 3, 3, 0)","[(3, 1, 3, 2, '?'), (3, 1, 3, 2, '?'), (3, 1, 3, 2, '?'), (3, 1, 3, 2, 1)]"
"(10, 4, 1, 3, 11, 0)","[(3, 1, 3, 2, 1), (3, 1, 3, 2, 1), (3, 1, 3, 2, 1)]"
"(10, 4, 1, 6, 9, 0)","[(3, 1, 3, 2, 2), (3, 1, 3, '?', 2), (3, 1, 3, 2, 2), (3, 1, 3, 2, 2), (3, 1, 3, 2, 2), (3, 1, 3, 2, 2)]"
"(10, 4, 1, 7, 6, 0)","[(3, 1, 3, 3, 3)]"
"(10, 4, 1, 7, 13, 0)","[(3, 1, 3, 3, 0)]"
"(10, 4, 1, 9, 3, 0)","[(3, 1, 3, 2, '?'), (3, 1, 3, 2, '?'), (3, 1, 3, 2, '?'), (3, 1, 3, 2, '?')]"
"(10, 4, 1, 9, 11, 0)","[(3, 1, 3, 2, 1), (3, 1, 3, 2, 1), (3, 1, 3, 2, 1)]"
"(10, 4, 3, 3, 3, 0)","[(3, 1, '?', 2, '?'), (3, 1, '?', 2, '?'), (3, 1, '?', 2, '?'), (3, 1, '?', 2, '?')]"
"(10, 4, 3, 3, 6, 0)","[(3, 1, 0, 2, 3), (3, 1, '?', 2, 3)]"
"(10, 4, 3, 3, 11, 0)","[(3, 1, '?', 2, 1), (3, 1, '?', 2, 1)]"
"(10, 4, 3, 4, 4, 0)","[(0, 1, '?', 2, 2)]"
"(10, 4, 3, 7, 6, 0)","[(3, 1, '?', 3, 3), (3, 1, '?', 3, '?')]"
"(10, 4, 3, 8, 3, 0)","[(0, 1, '?', 2, '?'), (0, 1, '?', 2, '?'), (0, 1, '?', 2, '?'), (0, 1, '?', 2, '?'), (0, 1, '?', 2, '?')]"
"(10, 4, 3, 8, 11, 0)","[(0, 1, '?', 2, 1)]"
"(10, 4, 3, 8, 13, 0)","[(0, 1, '?', 2, 0), (0, 1, '?', 2, 0), (0, 1, '?', 2, 0), (0, 1, '?', 2, 0)]"
"(10, 4, 3, 9, 3, 0)","[(3, 1, '?', 2, '?'), (3, 1, '?', 2, '?'), (3, 1, '?', 2, '?')]"
"(10, 4, 3, 9, 6, 0)","[(3, 1, '?', 2, 3), (3, 1, '?', 2, 3), (3, 1, '?', 2, 3)]"
"(10, 4, 4, 4, 4, 0)","[(0, 1, '?', 2, 2)]"
"(10, 4, 4, 6, 1, 0)","[(3, 1, 3, 2, 2)]"
"(10, 4, 6, 6, 3, 0)","[(3, 1, '?', 2, 2)]"
"(10, 4, 6, 6, 9, 0)","[(3, 1, 1, 2, 2), (3, 1, 3, 2, 2), (3, 1, '?', 2, 2), (3, 1, '?', 2, 2), (3, 1, '?', 2, 2)]"
"(10, 4, 7, 3, 6, 0)","[(3, 1, 0, 0, 3)]"
"(10, 4, 7, 4, 4, 0)","[(0, 1, 0, 2, 2), (0, 1, 0, 2, 2)]"
"(10, 4, 7, 6, 3, 0)","[(3, 1, 0, 2, 2)]"
"(10, 4, 7, 6, 6, 0)","[(3, 1, 0, 2, 2)]"
"(10, 4, 7, 6, 9, 0)","[(3, 1, 0, 2, 2), (3, 1, 0, 2, 2), (3, 1, 0, 2, 2)]"
"(10, 4, 7, 7, 7, 0)","[(3, 1, 0, 3, '?')]"
"(10, 4, 7, 7, 11, 0)","[(3, 1, 0, 3, 1)]"
"(10, 4, 7, 8, 3, 0)","[(0, 1, 0, 2, '?'), (0, 1, 0, 2, '?'), (0, 1, 0, 2, '?'), (0, 1, 0, 2, '?'), (0, 1, 0, 2, '?')]"
"(10, 4, 7, 8, 11, 0)","[(0, 1, 0, 2, 1)]"
"(10, 4, 7, 8, 13, 0)","[(0, 1, 0, 2, 0), (0, 1, 0, 2, 0), (0, 1, 0, 2, 0), (0, 1, 0, 2, 0), (0, 1, 0, 2, 0)]"
"(10, 4, 7, 9, 3, 0)","[(3, 1, 0, 2, 0), (3, 1, 0, 2, 0), (3, 1, 0, 2, 1), (3, 1, 0, 2, 1)]"
"(10, 4, 7, 9, 6, 0)","[(3, 1, 0, 0, 3), (3, 1, 0, 2, 3), (3, 1, 0, 2, 3), (3, 1, 0, 0, 3), (3, 1, 0, 2, 3), (3, 1, 0, 2, 3)]"
"(10, 4, 7, 9, 11, 0)","[(3, 1, 0, 2, 1), (3, 1, 0, 2, 1), (3, 1, 0, 2, 1), (3, 1, 0, 2, 1), (3, 1, 0, 2, 1)]"
"(10, 4, 7, 9, 13, 0)","[(3, 1, 0, 2, 0), (3, 1, 0, 2, 0), (3, 1, 0, 2, 0), (3, 1, 0, 2, 0), (3, 1, 0, 2, 0), (3, 1, 0, 2, 0)]"
"(10, 4, 8, 3, 11, 0)","[(0, 1, '?', 2, 1)]"
"(10, 4, 10, 3, 3, 0)","[(3, 1, 1, 2, '?')]"
"(10, 4, 10, 3, 6, 0)","[(3, 1, 1, '?', 3), (3, 1, 1, 2, '?')]"
"(10, 4, 10, 3, 11, 0)","[(3, 1, 1, 2, 1), (3, 1, 1, 2, 1)]"
"(10, 4, 10, 3, 13, 0)","[(3, 1, 1, 2, 0), (3, 1, 1, 2, 0), (3, 1, 1, '?', 0)]"
"(10, 4, 10, 4, 4, 0)","[(0, 1, 1, 2, 2), (0, 1, 1, 2, 2)]"
"(10, 4, 10, 4, 13, 0)","[(0, 1, 1, 2, 0)]"
"(10, 4, 10, 6, 3, 0)","[(3, 1, 1, '?', 2), (3, 1, 1, 2, 2), (3, 1, 1, '?', 2)]"
"(10, 4, 10, 6, 7, 0)","[(3, 1, 1, 3, 2), (3, 1, 1, '?', 2), (3, 1, 1, 3, 2)]"
"(10, 4, 10, 6, 9, 0)","[(3, 1, 1, 2, 2)]"
"(10, 4, 10, 6, 10, 0)","[(3, 1, 1, '?', 2)]"
"(10, 4, 10, 7, 3, 0)","[(3, 1, 1, 3, '?')]"
"(10, 4, 10, 7, 6, 0)","[(3, 1, 1, 3, 3), (3, 1, 1, 3, 3), (3, 1, 1, 3, 3), (3, 1, 1, 3, 3), (3, 1, 1, 3, 3)]"
"(10, 4, 10, 7, 7, 0)","[(3, 1, 1, 3, '?'), (3, 1, 1, 3, '?')]"
"(10, 4, 10, 7, 11, 0)","[(3, 1, 1, 3, 1), (3, 1, 1, 3, 1), (3, 1, 1, 3, 1), (3, 1, 1, 3, 1)]"
"(10, 4, 10, 7, 13, 0)","[(3, 1, 1, 3, 0), (3, 1, 1, 3, 0)]"
"(10, 4, 10, 8, 6, 0)","[(0, 1, 1, 2, 3)]"
"(10, 4, 10, 8, 11, 0)","[(0, 1, 1, 2, 1), (0, 1, 1, 2, 1), (0, 1, 1, 2, 1), (0, 1, 1, 2, 1), (0, 1, 1, 2, 1), (0, 1, 1, 2, 1)]"
"(10, 4, 10, 8, 13, 0)","[(0, 1, 1, 2, 0), (0, 1, 1, 2, 0), (0, 1, 1, 2, 0)]"
"(10, 4, 10, 9, 3, 0)","[(3, 1, 1, 2, '?')]"
"(10, 4, 10, 9, 6, 0)","[(3, 1, 1, 2, '?')]"
"(10, 4, 10, 9, 11, 0)","[(3, 1, 1, 2, 1), (3, 1, 1, 2, 1), (3, 1, 1, 2, 1)]"
"(10, 4, 10, 9, 13, 0)","[(3, 1, 1, 2, 0), (3, 1, 1, 2, 0), (3, 1, 1, 2, 0)]"
"(10, 4, 10, 10, 3, 0)","[(3, 1, 1, 2, '?')]"
"(10, 4, 11, 3, 6, 0)","[(3, 1, 2, 2, 3)]"
"(10, 4, 11, 3, 11, 0)","[(3, 1, 2, 2, 1), (3, 1, 2, 2, 1), (3, 1, 2, 2, 1)]"
"(10, 4, 11, 3, 13, 0)","[(3, 1, 2, 2, 0), (3, 1, 2, 2, 0)]"
"(10, 4, 11, 4, 4, 0)","[(0, 1, 2, 2, 2)]"
"(10, 4, 11, 6, 7, 0)","[(3, 1, 2, 3, 2)]"
"(10, 4, 11, 7, 6, 0)","[(3, 1, 2, 3, 3), (3, 1, 2, 3, '?'), (3, 1, 2, 3, 3), (3, 1, 2, 3, 3)]"
"(10, 4, 11, 7, 7, 0)","[(3, 1, 2, 3, '?')]"
"(10, 4, 11, 7, 13, 0)","[(3, 1, 2, 3, 0)]"
"(10, 4, 11, 8, 3, 0)","[(0, 1, 2, 2, '?'), (0, 1, 2, 2, '?')]"
"(10, 4, 11, 8, 6, 0)","[(0, 1, 2, 2, 3)]"
"(10, 4, 11, 9, 6, 0)","[(3, 1, 2, 2, 3), (3, 1, 2, 2, 3), (3, 1, 2, 2, 3), (3, 1, 2, 2, 3)]"
"(10, 4, 11, 9, 11, 0)","[(3, 1, 2, 2, 1), (3, 1, 2, 2, 1), (3, 1, 2, 2, 1), (3, 1, 2, 2, 1), (3, 1, 2, 2, 1)]"
"(10, 4, 11, 9, 13, 0)","[(3, 1, 2, 2, 0), (3, 1, 2, 2, 0), (3, 1, 2, 2, 0)]"
"(10, 6, 1, 3, 6, 0)","[('?', 1, 3, 2, 3)]"
"(10, 6, 1, 6, 9, 0)","[(1, 1, 3, 2, 2)]"
"(10, 6, 1, 9, 11, 0)","[(1, 1, 3, 2, 1)]"
"(10, 6, 1, 9, 13, 0)","[(1, 1, 3, '?', 0)]"
"(10, 6, 3, 3, 3, 0)","[('?', 1, '?', 2, '?'), ('?', 1, '?', 2, '?'), ('?', 1, '?', 2, '?'), ('?', 1, '?', 2, '?'), ('?', 1, '?', 2, '?'), ('?', 1, '?', 2, '?')]"
"(10, 6, 3, 3, 13, 0)","[('?', 1, '?', 2, 0), ('?', 1, '?', 2, 0), ('?', 1, '?', 2, 0), ('?', 1, '?', 2, 0)]"
"(10, 6, 3, 6, 3, 0)","[('?', 1, '?', 2, 2), ('?', 1, '?', 2, 2), ('?', 1, '?', 2, 2), ('?', 1, '?', 2, 2)]"
"(10, 6, 3, 6, 9, 0)","[(1, 1, '?', 2, 2), (1, 1, '?', 2, 2), (1, 1, '?', 2, 2), (1, 1, '?', 2, 2), (1, 1, '?', 2, 2), (1, 1, '?', 2, 2), (1, 1, '?', 2, 2)]"
"(10, 6, 3, 6, 14, 0)","[(2, 1, '?', 2, 2), (2, 1, '?', 2, 2), (2, 1, '?', 2, 2), (2, 1, '?', 2, 2), (2, 1, '?', 2, 2), (2, 1, '?', 2, 2)]"
"(10, 6, 3, 9, 3, 0)","[(1, 1, '?', 2, 2)]"
"(10, 6, 3, 9, 6, 0)","[(1, 1, '?', 2, 3), (1, 1, '?', 2, 3)]"
"(10, 6, 3, 9, 11, 0)","[(1, 1, 1, 2, 1), (1, 1, '?', 2, 1), (1, 1, '?', 2, 1), (1, 1, '?', 2, 1)]"
"(10, 6, 3, 9, 13, 0)","[(1, 1, '?', 2, 0), (1, 1, '?', 2, 0), (1, 1, '?', 2, 0)]"
"(10, 6, 3, 14, 3, 0)","[(2, 1, '?', 2, '?'), (2, 1, '?', 2, '?')]"
"(10, 6, 3, 14, 6, 0)","[(2, 1, '?', 2, 3)]"
"(10, 6, 3, 14, 11, 0)","[(2, 1, '?', 2, 1), (2, 1, '?', 2, 1), (2, 1, '?', 2, 1), (2, 1, '?', 2, 1), (2, 1, '?', 2, 1)]"
"(10, 6, 3, 14, 13, 0)","[(2, 1, '?', 2, 0)]"
"(10, 6, 6, 6, 3, 0)","[('?', 1, 1, 2, 2), (1, 1, '?', 2, 2), ('?', 1, 3, 2, 2)]"
"(10, 6, 6, 6, 14, 0)","[(2, 1, 2, 2, 2), (2, 1, '?', 2, 2), (2, 1, 2, 2, 2)]"
"(10, 6, 7, 3, 11, 0)","[(3, 1, 0, 2, 1)]"
"(10, 6, 7, 3, 13, 0)","[('?', 1, 0, 2, 0), ('?', 1, 0, 2, 0), ('?', 1, 0, 2, 0), ('?', 1, 0, 2, 0), ('?', 1, 0, 2, 0), ('?', 1, 0, 2, 0), ('?', 1, 0, 2, 0)]"
"(10, 6, 7, 6, 3, 0)","[(2, 1, 0, 2, 2), (2, 1, 0, 2, 2), (2, 1, 0, 2, 2), (2, 1, 0, 2, 2), (1, 1, 0, 2, 2)]"
"(10, 6, 7, 6, 9, 0)","[(1, 1, 0, 2, 2), (1, 1, 0, 2, 2), (1, 1, 0, 2, 2), (1, 1, 0, 2, 2), (1, 1, 0, 2, 2)]"
"(10, 6, 7, 6, 14, 0)","[(2, 1, 0, 2, 2), (2, 1, 0, 2, 2), (2, 1, 0, 2, 2), (2, 1, 0, 2, 2)]"
"(10, 6, 7, 9, 11, 0)","[(1, 1, 0, 2, 1), (1, 1, 0, 2, 1), (1, 1, 0, 2, 1), (1, 1, 0, 2, 1)]"
"(10, 6, 7, 9, 13, 0)","[(1, 1, 0, 2, 0), (1, 1, 0, 2, 0), (1, 1, 0, 2, 0), (1, 1, 0, 2, 0), (1, 1, 0, 2, 0), (1, 1, 0, 2, 0)]"
"(10, 6, 7, 14, 3, 0)","[(2, 1, 0, 2, '?')]"
"(10, 6, 7, 14, 11, 0)","[(2, 1, 0, 2, 1)]"
"(10, 6, 7, 14, 13, 0)","[(2, 1, 0, 2, 0)]"
"(10, 6, 10, 3, 3, 0)","[('?', 1, 1, 2, '?'), ('?', 1, 1, 2, '?'), ('?', 1, 1, 2, '?'), ('?', 1, 1, 2, '?'), (3, 1, 1, 2, '?')]"
"(10, 6, 10, 3, 6, 0)","[('?', 1, 1, 2, 3), ('?', 1, 1, 2, 3), ('?', 1, 1, 2, 3), ('?', 1, 1, 2, 3)]"
"(10, 6, 10, 3, 11, 0)","[('?', 1, 1, 2, 1), (0, 1, 1, 2, 1), (0, 1, 1, 2, 1), ('?', 1, 1, 2, 1), ('?', 1, 1, 2, 1), ('?', 1, 1, 2, 1), ('?', 1, 1, 2, 1)]"
"(10, 6, 10, 3, 13, 0)","[('?', 1, 1, 2, 0), ('?', 1, 1, 2, 0), ('?', 1, 1, 2, 0), ('?', 1, 1, 2, 0)]"
"(10, 6, 10, 4, 4, 0)","[(0, 1, 1, '?', 2), (0, 1, 1, 2, 2), (0, 1, 1, 2, 2), (0, 1, 1, 2, 2)]"
"(10, 6, 10, 6, 3, 0)","[('?', 1, 1, 2, 2), ('?', 1, 1, 2, 2), ('?', 1, 1, 2, 2), ('?', 1, 1, 2, 2), ('?', 1, 1, 2, 2), ('?', 1, 1, 2, 2), ('?', 1, 1, 2, 2)]"
"(10, 6, 10, 6, 9, 0)","[(1, 1, 1, 2, 2), (1, 1, 1, 2, 2), (1, 1, 1, 2, 2), (1, 1, 1, 2, 2), (1, 1, 1, 2, 2), (1, 1, 1, 2, 2)]"
"(10, 6, 10, 6, 10, 0)","[('?', 1, 1, 2, 2), ('?', 1, 1, 2, 2)]"
"(10, 6, 10, 8, 6, 0)","[(0, 1, 1, 2, 3), (0, 1, 1, 2, 3)]"
"(10, 6, 10, 8, 13, 0)","[(0, 1, 1, 2, 0), (0, 1, 1, 2, 0), (0, 1, 1, 2, 0)]"
"(10, 6, 10, 9, 3, 0)","[(1, 1, 1, 2, '?'), (1, 1, 1, 2, '?'), (1, 1, 1, 2, '?'), (1, 1, 1, 2, '?'), (1, 1, 1, 2, '?')]"
"(10, 6, 10, 9, 6, 0)","[(1, 1, 1, 2, 3), (1, 1, 1, 2, 3), (1, 1, 1, 2, 3), (1, 1, 1, 2, 3), (1, 1, 1, 2, 3), (1, 1, 1, 2, 3), (1, 1, 1, 2, 3), (1, 1, 1, 2, '?'), (1, 1, 1, 2, '?'), (1, 1, 1, 2, '?')]"
"(10, 6, 10, 9, 11, 0)","[(1, 1, 1, 2, 1), (1, 1, 1, 2, 1), (1, 1, 1, 2, 1), (1, 1, 1, 2, 1)]"
"(10, 6, 10, 9, 13, 0)","[(1, 1, 1, 2, 0), (1, 1, 1, 2, 0), (1, 1, 1, 2, 0), (1, 1, 1, 2, 0), (1, 1, 1, 2, 0), (1, 1, 1, 2, 0), (1, 1, 1, 2, 0)]"
"(10, 6, 10, 10, 3, 0)","[('?', 1, 1, 2, '?'), ('?', 1, 1, 2, '?'), ('?', 1, 1, 2, '?'), ('?', 1, 1, 2, '?')]"
"(10, 6, 10, 10, 6, 0)","[('?', 1, 1, 2, 3), (0, 1, 1, 2, 3), ('?', 1, 1, 2, 3), (0, 1, 1, 2, 3), ('?', 1, 1, 2, 3), (0, 1, 1, 2, 3), (0, 1, 1, 2, 3), ('?', 1, 1, 2, 3)]"
"(10, 6, 10, 10, 11, 0)","[('?', 1, 1, 2, 1), ('?', 1, 1, 2, 1)]"
"(10, 6, 10, 10, 13, 0)","[('?', 1, 1, 2, 0), ('?', 1, 1, 2, 0)]"
"(10, 6, 10, 14, 6, 0)","[(2, 1, 1, 2, 3), (2, 1, 1, 2, 3), (2, 1, 1, 2, 3), (2, 1, 1, 2, 3), (2, 1, 1, 2, 3), (2, 1, 1, 2, 3), (2, 1, 1, 2, 3), (2, 1, 1, 2, 3), (2, 1, 1, 2, 3), (2, 1, 1, 2, 3)]"
"(10, 6, 10, 14, 11, 0)","[(2, 1, 1, 2, 1), (2, 1, 1, 2, 1), (2, 1, 1, 2, 1), (2, 1, 1, 2, 1), (2, 1, 1, 2, 1), (2, 1, 1, 2, 1)]"
"(10, 6, 10, 14, 13, 0)","[(2, 1, 1, 2, 0), (2, 1, 1, 2, 0), (2, 1, 1, 2, 0), (2, 1, 1, 2, 0), (2, 1, 1, 2, 0), (2, 1, 1, 2, 0), (2, 1, 1, 2, 0)]"
"(10, 6, 11, 3, 11, 0)","[(3, 1, 2, 2, 1)]"
"(10, 6, 11, 6, 14, 0)","[(2, 1, 2, 2, 2), (2, 1, 2, 2, 2)]"
"(10, 6, 11, 9, 3, 0)","[(1, 1, 2, 2, '?'), (1, 1, 2, 2, '?')]"
"(10, 6, 11, 9, 6, 0)","[(1, 1, 2, 2, '?')]"
"(10, 6, 11, 9, 13, 0)","[(1, 1, 2, 2, 0), (1, 1, 2, 2, 0), (1, 1, 2, 2, 0)]"
"(10, 6, 11, 14, 6, 0)","[(2, 1, 2, 2, 3)]"
"(10, 6, 11, 14, 11, 0)","[(2, 1, 2, 2, 1), (2, 1, 2, 2, 1), (2, 1, 2, 2, 1), (2, 1, '?', 2, 1)]"
"(10, 6, 11, 14, 13, 0)","[(2, 1, 2, 2, 0), (2, 1, 2, 2, 0)]"
"(10, 6, 14, 3, 6, 0)","[(2, 1, '?', 2, 3)]"
"(10, 6, 14, 3, 13, 0)","[(2, 1, '?', 2, 0), (2, 1, '?', 2, 0)]"
"(10, 6, 14, 3, 14, 0)","[(2, 1, '?', 2, '?')]"
"(10, 6, 14, 6, 14, 0)","[(2, 1, '?', 2, 2)]"
"(10, 6, 14, 11, 11, 0)","[(2, 1, 1, 2, 1)]"
"(10, 6, 14, 14, 3, 0)","[(2, 1, '?', 2, '?')]"
"(10, 6, 14, 14, 6, 0)","[(2, 1, '?', 2, 3), (2, 1, '?', 2, 3), (2, 1, '?', 2, 3)]"
"(10, 6, 14, 14, 11, 0)","[(2, 1, '?', 2, 1)]"
"(10, 6, 14, 14, 13, 0)","[(2, 1, '?', 2, 0)]"
"(10, 7, 7, 3, 11, 0)","[(3, 1, 0, 2, 1)]"
"(10, 7, 7, 3, 14, 0)","[(2, 1, 0, 2, '?')]"
"(10, 7, 7, 6, 7, 0)","[('?', 1, 0, 3, 2), ('?', 1, 0, 3, 2)]"
"(10, 7, 7, 7, 6, 0)","[('?', 1, 0, 3, 3), ('?', 1, 0, 3, 3), ('?', 1, 0, 3, 3)]"
"(10, 7, 7, 7, 7, 0)","[('?', 1, 0, 3, 1), ('?', 1, 0, 3, '?'), ('?', 1, 0, 3, '?')]"
"(10, 7, 7, 7, 13, 0)","[('?', 1, 0, 3, 0), ('?', 1, 0, 3, 0)]"
"(10, 7, 7, 8, 6, 0)","[(0, 1, 0, 3, 3), (0, 1, 0, 3, 3), (0, 1, 0, 3, 3), (0, 1, 0, 3, 3)]"
"(10, 7, 7, 8, 7, 0)","[(0, 1, 0, 3, '?'), (0, 1, 0, 3, '?'), (0, 1, 0, 3, '?'), (0, 1, 0, 3, 1), (0, 1, 0, 3, '?')]"
"(10, 7, 7, 8, 11, 0)","[(0, 1, 0, 3, 1), (0, 1, 0, 3, 1), (0, 1, 0, 3, 1)]"
"(10, 7, 7, 8, 13, 0)","[(0, 1, 0, 3, 0)]"
"(10, 7, 7, 9, 6, 0)","[(1, 1, 0, 2, 3)]"
"(10, 7, 7, 9, 11, 0)","[(1, 1, 0, 2, 1), (1, 1, 0, 2, 1)]"
"(10, 7, 7, 9, 13, 0)","[(1, 1, 0, 2, 0)]"
"(10, 7, 7, 10, 13, 0)","[('?', 1, 0, 2, 0)]"
"(10, 7, 7, 14, 3, 0)","[(2, 1, 0, 2, '?'), (2, 1, 0, 2, '?'), (2, 1, 0, 2, '?'), (2, 1, 0, 2, '?')]"
"(10, 7, 7, 14, 11, 0)","[(2, 1, 0, 2, 1), (2, 1, 0, 2, 1), (2, 1, 0, 2, 1), (2, 1, 0, 2, 1), (2, 1, 0, 2, 1)]"
"(10, 7, 7, 14, 13, 0)","[(2, 1, 0, 2, 0), (2, 1, 0, 2, 0), (2, 1, 0, 2, 0), (2, 1, 0, 2, 0), (2, 1, 0, 2, 0), (2, 1, 0, 2, 0)]"
"(10, 7, 8, 4, 7, 0)","[(0, 1, 0, 3, 2)]"
"(10, 7, 14, 3, 11, 0)","[(2, 1, 0, 2, 1)]"
"(10, 7, 14, 11, 11, 0)","[(2, 1, 0, 2, 1)]"
"(10, 7, 14, 14, 13, 0)","[(2, 1, 0, 2, 0)]"
"(10, 9, 6, 6, 7, 0)","[(1, 1, '?', 3, 2)]"
"(10, 9, 7, 6, 7, 0)","[(1, 1, 0, 3, 2), (1, 1, 0, 3, 2), (1, 1, 0, 3, 2), (1, 1, 0, 3, 2)]"
"(10, 9, 7, 7, 6, 0)","[(1, 1, 0, 3, 3), (1, 1, 0, 3, 3), (1, 1, 0, 3, 3)]"
"(10, 9, 7, 7, 11, 0)","[(1, 1, 0, 3, 1)]"
"(10, 9, 7, 7, 13, 0)","[(1, 1, 0, 3, 0)]"
"(10, 9, 10, 6, 9, 0)","[(1, 1, 1, '?', 2)]"
"(10, 9, 10, 7, 6, 0)","[(1, 1, 1, 3, 3)]"
"(10, 9, 10, 7, 7, 0)","[(1, 1, 1, 3, '?'), (1, 1, 1, 3, '?')]"
"(10, 9, 10, 7, 11, 0)","[(1, 1, 1, 3, 1), (1, 1, 1, 3, 1), (1, 1, 1, 3, 1), (1, 1, 1, 3, 1)]"
"(10, 9, 11, 7, 7, 0)","[(1, 1, 2, 3, '?')]"
"(10, 9, 11, 7, 13, 0)","[(1, 1, 2, 3, 0), (1, 1, 2, 3, 0)]"
"(10, 10, 8, 7, 3, 0)","[(0, 1, 1, 3, '?')]"
"(10, 10, 8, 7, 6, 0)","[(0, 1, 1, 3, 3), (0, 1, 1, 3, 3), (0, 1, 1, 3, 3), (0, 1, 1, 3, 3)]"
"(10, 10, 8, 7, 7, 0)","[(0, 1, 1, 3, '?')]"
"(10, 10, 8, 7, 11, 0)","[(0, 1, 1, 3, 1), (0, 1, 1, 3, 1), (0, 1, 1, 3, 1)]"
"(10, 10, 8, 7, 13, 0)","[(0, 1, 1, 3, 0), (0, 1, 1, 3, 0)]"
"(10, 10, 8, 8, 6, 0)","[(0, 1, 1, 3, 3)]"
"(10, 10, 10, 3, 3, 0)","[('?', 1, 1, 2, '?'), (3, 1, 1, 2, '?')]"
"(10, 10, 10, 4, 7, 0)","[(0, 1, 1, 3, 2), (0, 1, 1, 3, 2), (0, 1, 1, 3, 2), (0, 1, 1, 3, 2), (0, 1, 1, 3, 2)]"
"(10, 10, 10, 7, 11, 0)","[('?', 1, 1, 3, 1), ('?', 1, 1, 3, 1)]"
"(10, 10, 10, 10, 13, 0)","[('?', 1, 1, 2, 0)]"
"(10, 11, 3, 3, 6, 0)","[('?', 1, 2, 2, 3), ('?', 1, 2, 2, 3)]"
"(10, 11, 3, 3, 11, 0)","[('?', 1, 2, 2, 1), ('?', 1, 2, 2, 1), ('?', 1, 2, 2, 1), ('?', 1, 2, 2, 1), ('?', 1, 2, 2, 1)]"
"(10, 11, 3, 4, 4, 0)","[(0, 1, 2, 2, 2), (0, 1, 2, 2, 2)]"
"(10, 11, 3, 7, 6, 0)","[('?', 1, 2, 3, 3)]"
"(10, 11, 3, 7, 11, 0)","[('?', 1, 2, 3, 1)]"
"(10, 11, 3, 8, 3, 0)","[(0, 1, 2, 2, '?'), (0, 1, 2, 2, '?'), (0, 1, 2, 2, '?'), (0, 1, 2, 2, '?'), (0, 1, 2, 2, '?')]"
"(10, 11, 3, 8, 6, 0)","[(0, 1, 2, 2, 3), (0, 1, 2, 2, 3), (0, 1, 2, 2, 3)]"
"(10, 11, 3, 8, 11, 0)","[(0, 1, 2, 2, 1), (0, 1, 2, 2, 1)]"
"(10, 11, 3, 9, 3, 0)","[(1, 1, 2, 2, '?'), (1, 1, 2, 2, '?')]"
"(10, 11, 3, 9, 11, 0)","[(1, 1, 2, 2, 1), (1, 1, 2, 2, 1)]"
"(10, 11, 3, 9, 13, 0)","[(1, 1, 2, 2, 0), (1, 1, 2, 2, 0), (1, 1, 2, 2, 0)]"
"(10, 11, 4, 4, 7, 0)","[(0, 1, 2, 3, 2)]"
"(10, 11, 4, 7, 7, 0)","[(0, 1, 2, 3, 2)]"
"(10, 11, 6, 6, 14, 0)","[(2, 1, 2, 2, 2), (2, 1, 2, 2, 2), (2, 1, 2, 2, 2)]"
"(10, 11, 6, 7, 7, 0)","[('?', 1, 2, 3, 2)]"
"(10, 11, 6, 7, 9, 0)","[(1, 1, 2, 3, 2)]"
"(10, 11, 6, 14, 7, 0)","[(2, 1, 2, 3, 2)]"
"(10, 11, 7, 7, 6, 0)","[('?', 1, 2, 3, 3)]"
"(10, 11, 8, 3, 11, 0)","[(0, 1, 2, 2, 1)]"
"(10, 11, 8, 3, 13, 0)","[(0, 1, 2, 2, 0), (0, 1, 2, 2, 0), (0, 1, 2, 2, 0), (0, 1, 2, 2, 0), (0, 1, 2, 2, 0)]"
"(10, 11, 8, 4, 7, 0)","[(0, 1, 2, 3, 2)]"
"(10, 11, 8, 6, 7, 0)","[(0, 1, 2, 3, 2)]"
"(10, 11, 8, 7, 6, 0)","[(0, 1, 2, 3, 3), (0, 1, 2, 3, 3)]"
"(10, 11, 8, 7, 7, 0)","[(0, 1, 2, 3, '?'), (0, 1, 2, 3, '?')]"
"(10, 11, 8, 8, 3, 0)","[(0, 1, 2, 2, '?')]"
"(10, 11, 9, 3, 3, 0)","[(1, 1, 2, 2, '?')]"
"(10, 11, 9, 3, 11, 0)","[(1, 1, 2, 2, 1), (1, 1, 2, 2, 1), (1, 1, 2, 2, 1)]"
"(10, 11, 9, 7, 11, 0)","[(1, 1, 2, 3, 1)]"
"(10, 11, 11, 3, 6, 0)","[('?', 1, 2, 2, 3)]"
"(10, 11, 11, 4, 4, 0)","[(0, 1, 2, 2, 2)]"
"(10, 11, 14, 3, 6, 0)","[(2, 1, 2, 2, 3), (2, 1, 2, 2, 3), (2, 1, 2, 2, 3), (2, 1, 2, 2, 3), (2, 1, 2, 2, 3), (2, 1, 2, 2, 3)]"
"(10, 11, 14, 3, 11, 0)","[(2, 1, 2, 2, 1), (2, 1, 2, 2, 1), (2, 1, 2, 2, 1), (2, 1, 2, 2, 1)]"
"(10, 11, 14, 3, 13, 0)","[(2, 1, 2, 2, 0), (2, 1, 2, 2, 0), (2, 1, 2, 2, 0), (2, 1, 2, 2, 0)]"
"(10, 11, 14, 6, 7, 0)","[(2, 1, 2, 3, 2)]"
"(10, 11, 14, 7, 6, 0)","[(2, 1, 2, 3, 3)]"
"(10, 11, 14, 7, 7, 0)","[(2, 1, 2, 3, '?')]"
"(10, 11, 14, 7, 11, 0)","[(2, 1, 2, 3, 1), (2, 1, 2, 3, 1), (2, 1, 2, 3, 1)]"
"(10, 11, 14, 14, 11, 0)","[(2, 1, 2, 2, 1)]"
"(10, 14, 1, 7, 6, 0)","[(2, 1, 3, 3, 3)]"
"(10, 14, 1, 7, 13, 0)","[(2, 1, 3, 3, 0)]"
"(10, 14, 1, 14, 7, 0)","[(2, 1, 3, 3, '?')]"
"(10, 14, 1, 14, 11, 0)","[(2, 1, 3, 3, 1)]"
"(10, 14, 3, 6, 7, 0)","[(2, 1, '?', 3, 2)]"
"(10, 14, 3, 7, 6, 0)","[(2, 1, '?', 3, 3)]"
"(10, 14, 6, 7, 7, 0)","[(2, 1, '?', 3, 2)]"
"(10, 14, 7, 7, 11, 0)","[(2, 1, 0, 3, 1)]"
"(10, 14, 7, 7, 13, 0)","[(2, 1, 0, 3, 0), (2, 1, 0, 3, 0), (2, 1, 0, 3, 0)]"
"(10, 14, 7, 7, 14, 0)","[(2, 1, 0, 3, '?'), (2, 1, 0, 3, '?'), (2, 1, 0, 3, '?')]"
"(10, 14, 10, 7, 7, 0)","[(2, 1, 1, 3, '?'), (2, 1, 1, 3, '?'), (2, 1, 1, 3, '?')]"
"(10, 14, 10, 7, 13, 0)","[(2, 1, 1, 3, 0), (2, 1, 1, 3, 0)]"
"(10, 14, 10, 14, 6, 0)","[(2, 1, 1, '?', 3)]"
"(10, 14, 10, 14, 11, 0)","[(2, 1, 1, 2, 1)]"
"(10, 14, 10, 14, 13, 0)","[(2, 1, 1, '?', 0)]"
"(10, 14, 11, 7, 6, 0)","[(2, 1, 2, 3, 3)]"
"(10, 14, 11, 7, 7, 0)","[(2, 1, 2, 3, '?')]"
"(10, 14, 11, 7, 13, 0)","[(2, 1, 2, 3, 0)]"
"(12, 1, 1, 7, 7, 0)","[('?', 3, 3, 3, '?')]"
"(12, 1, 1, 7, 11, 0)","[('?', 3, 3, 3, 1)]"
"(12, 1, 1, 7, 13, 0)","[('?', 3, 3, 3, 0)]"
"(12, 1, 1, 8, 3, 0)","[(0, 3, 3, 2, '?')]"
"(12, 1, 3, 7, 7, 0)","[('?', 3, 3, 3, '?'), ('?', 3, 3, 3, '?'), ('?', 3, 3, 3, 1), ('?', 3, 3, 3, '?')]"
"(12, 1, 3, 7, 13, 0)","[('?', 3, 3, 3, 0), ('?', 3, 3, 3, 0), ('?', 3, 3, 3, 0)]"
"(12, 1, 3, 8, 3, 0)","[(0, 3, 3, 2, '?')]"
"(12, 1, 7, 7, 6, 0)","[('?', 3, 3, 3, 3)]"
"(12, 1, 7, 7, 13, 0)","[('?', 3, 3, 3, 0), ('?', 3, 3, 3, 0)]"
"(12, 1, 8, 6, 7, 0)","[(0, 3, 3, 3, 2), (0, 3, 3, 3, 2)]"
"(12, 1, 8, 7, 6, 0)","[(0, 3, 3, 3, 3), (0, 3, 3, 3, 3), (0, 3, 3, 3, 3), (0, 3, 3, 3, 3)]"
"(12, 1, 8, 7, 7, 0)","[(0, 3, 3, 3, '?'), (0, 3, 3, 3, '?'), (0, 3, 3, 3, '?'), (0, 3, 3, 3, 1), (0, 3, 3, 3, '?'), (0, 3, 3, 3, '?'), (0, 3, 3, 3, '?'), (0, 3, 3, 3, '?'), (0, 3, 3, 3, '?')]"
"(12, 1, 8, 7, 11, 0)","[(0, 3, 3, 3, 1), (0, 3, 3, 3, 1)]"
"(12, 1, 8, 7, 13, 0)","[(0, 3, 3, 3, 0), (0, 3, 3, 3, 0), (0, 3, 3, 3, 0), (0, 3, 3, 3, 0), (0, 3, 3, 3, 0)]"
"(12, 1, 8, 8, 13, 0)","[(0, 3, 3, 3, 0)]"
"(12, 2, 1, 3, 3, 0)","[('?', 3, 3, 0, '?'), ('?', 3, 3, 0, '?'), ('?', 3, 3, 0, '?'), ('?', 3, 3, 0, '?'), ('?', 3, 3, 0, '?'), ('?', 3, 3, 0, '?'), ('?', 3, 3, 0, '?'), ('?', 3, 3, 0, '?')]"
"(12, 2, 1, 3, 11, 0)","[('?', 3, 3, 0, 1), (3, 3, 3, 0, 1), ('?', 3, 3, 0, 1), ('?', 3, 3, 0, 1), ('?', 3, 3, 0, 1)]"
"(12, 2, 1, 3, 13, 0)","[('?', 3, 3, 0, 0), ('?', 3, 3, 0, 0), ('?', 3, 3, 0, 0), ('?', 3, 3, 0, 0), ('?', 3, 3, 0, 0)]"
"(12, 2, 1, 4, 4, 0)","[(0, 3, '?', 0, 2)]"
"(12, 2, 1, 6, 3, 0)","[('?', 3, 3, 0, 2), ('?', 3, 3, 0, 2), ('?', 3, 3, 0, 2), ('?', 3, 3, 0, 2), ('?', 3, 3, 0, 2), ('?', 3, 3, 0, 2), ('?', 3, 3, 0, 2), ('?', 3, 3, 0, 2), ('?', 3, 3, 0, 2)]"
"(12, 2, 1, 6, 9, 0)","[(1, 3, 3, 0, 2), (1, 3, 3, 0, 2), (1, 3, 3, 0, 2), (1, 3, 3, 0, 2), (1, 3, 3, 0, 2), (1, 3, 3, 0, 2), (1, 3, 3, 0, 2)]"
"(12, 2, 1, 6, 14, 0)","[(2, 3, 3, 0, 2), (2, 3, 3, 0, 2), (2, 3, 3, 0, 2), (2, 3, 3, 0, 2), (2, 3, 3, 0, 2), (2, 3, 3, 0, 2), (2, 3, 3, 0, 2)]"
"(12, 2, 1, 8, 3, 0)","[(0, 3, 3, 0, '?'), (0, 3, 3, 0, '?'), (0, 3, 3, 0, '?'), (0, 3, 3, 0, '?'), (0, 3, 3, 0, '?')]"
"(12, 2, 1, 8, 11, 0)","[(0, 3, 3, 0, 1), (0, 3, 3, 0, 1), (0, 3, 3, 0, 1), (0, 3, 3, 0, 1), (0, 3, 3, 0, 1), (0, 3, 3, 0, 1)]"
"(12, 2, 1, 8, 13, 0)","[(0, 3, 3, 0, 0), (0, 3, 3, 0, 0)]"
"(12, 2, 1, 9, 6, 0)","[(1, 3, 3, 0, 3), (1, 3, 3, 0, 3), (1, 3, 3, 0, 3), (1, 3, 3, 0, 3)]"
"(12, 2, 1, 9, 11, 0)","[(1, 3, 3, 0, 1), (1, 3, 3, 0, 1), (1, 3, 3, 0, 1), (1, 3, 3, 0, 1), (1, 3, 3, 0, 1)]"
"(12, 2, 1, 9, 13, 0)","[(1, 3, 3, 0, 0), (1, 3, 3, 0, 0), (1, 3, 3, 0, 0)]"
"(12, 2, 1, 14, 3, 0)","[(2, 3, 3, 0, '?'), (2, 3, 3, 0, '?'), (2, 3, 3, 0, '?'), (2, 3, 3, 0, '?'), (2, 3, 3, 0, '?'), (2, 3, 3, 0, '?'), (2, 3, 3, 0, '?'), (2, 3, 3, 0, '?')]"
"(12, 2, 1, 14, 6, 0)","[(2, 3, 3, 0, 3), (2, 3, 3, 0, 3), (2, 3, 3, 0, 3), (2, 3, 3, 0, 3), (2, 3, 3, 0, 3), (2, 3, 3, 0, 3)]"
"(12, 2, 1, 14, 11, 0)","[(2, 3, 3, 0, 1), (2, 3, 3, 0, 1), (2, 3, 3, 0, 1), (2, 3, 3, 0, 1), (2, 3, 3, 0, 1), (2, 3, 3, 0, 1), (2, 3, 3, 0, 1), (2, 3, 3, 0, 1)]"
"(12, 2, 1, 14, 13, 0)","[(2, 3, 3, 0, 0), (2, 3, 3, 0, 0), (2, 3, 3, 0, 0), (2, 3, 3, 0, 0), (2, 3, 3, 0, 0), (2, 3, 3, 0, 0), (2, 3, 3, 0, 0), (2, 3, 3, 0, 0), (2, 3, 3, 0, 0)]"
"(12, 2, 3, 3, 3, 0)","[('?', 3, '?', 0, '?'), ('?', 3, '?', 0, '?'), (3, 3, '?', 0, 1), ('?', 3, '?', 0, '?'), ('?', 3, '?', 0, '?'), ('?', 3, '?', 0, '?'), ('?', 3, '?', 0, '?'), ('?', 3, '?', 0, '?'), ('?', 3, '?', 0, 1), ('?', 3, '?', 0, '?')]"
"(12, 2, 3, 3, 6, 0)","[('?', 3, '?', 0, 3), ('?', 3, '?', 0, 3), ('?', 3, '?', 0, 3), ('?', 3, '?', 0, 3), ('?', 3, '?', 0, 3), ('?', 3, '?', 0, 3), ('?', 3, '?', 0, 3)]"
"(12, 2, 3, 3, 11, 0)","[('?', 3, '?', 0, 1), ('?', 3, '?', 0, 1), ('?', 3, '?', 0, 1), ('?', 3, '?', 0, 1), ('?', 3, '?', 0, 1)]"
"(12, 2, 3, 3, 13, 0)","[('?', 3, '?', 0, 0), ('?', 3, '?', 0, 0), ('?', 3, '?', 0, 0), ('?', 3, '?', 0, 0), ('?', 3, '?', 0, 0), ('?', 3, '?', 0, 0), ('?', 3, '?', 0, 0), ('?', 3, '?', 0, 0), ('?', 3, '?', 0, 0)]"
"(12, 2, 3, 4, 4, 0)","[(0, 3, '?', 0, 2), (0, 3, '?', 0, 2), (0, 3, '?', 0, 2), (0, 3, '?', 0, 2), (0, 3, '?', 0, 2), (0, 3, '?', 0, 2), (0, 3, '?', 0, 2)]"
"(12, 2, 3, 6, 3, 0)","[('?', 3, '?', 0, 2), ('?', 3, '?', 0, 2), ('?', 3, '?', 0, 2), ('?', 3, '?', 0, 2), ('?', 3, '?', 0, 2), ('?', 3, '?', 0, 2)]"
"(12, 2, 3, 6, 9, 0)","[(1, 3, '?', 0, 2), (1, 3, '?', 0, 2), (1, 3, '?', 0, 2), (1, 3, '?', 0, 2), (1, 3, '?', 0, 2), (1, 3, '?', 0, 2)]"
"(12, 2, 3, 6, 14, 0)","[(2, 3, '?', 0, 2), (2, 3, '?', 0, 2), (2, 3, '?', 0, 2), (2, 3, '?', 0, 2)]"
"(12, 2, 3, 8, 3, 0)","[(0, 3, '?', 0, '?'), (0, 3, '?', 0, '?'), (0, 3, '?', 0, '?'), (0, 3, '?', 0, '?'), (0, 3, '?', 0, '?'), (0, 3, '?', 0, '?'), (0, 3, '?', 0, '?'), (0, 3, '?', 0, '?'), (0, 3, '?', 0, '?')]"
"(12, 2, 3, 8, 6, 0)","[(0, 3, '?', 0, 3), (0, 3, '?', 0, 3), (0, 3, '?', 0, 3), (0, 3, '?', 0, 3), (0, 3, '?', 0, 3)]"
"(12, 2, 3, 8, 11, 0)","[(0, 3, '?', 0, 1), (0, 3, '?', 0, 1), (0, 3, '?', 0, 1), (0, 3, '?', 0, 1), (0, 3, '?', 0, 1), (0, 3, '?', 0, 1), (0, 3, '?', 0, 1)]"
"(12, 2, 3, 8, 13, 0)","[(0, 3, '?', 0, 0), (0, 3, '?', 0, 0), (0, 3, '?', 0, 0), (0, 3, '?', 0, 0), (0, 3, '?', 0, 0), (0, 3, '?', 0, 0), (0, 3, '?', 0, 0)]"
"(12, 2, 3, 9, 3, 0)","[(1, 3, '?', 0, '?'), (1, 3, '?', 0, '?'), (1, 3, '?', 0, '?'), (1, 3, '?', 0, '?'), (1, 3, '?', 0, '?'), (1, 3, '?', 0, '?'), (1, 3, '?', 0, '?'), (1, 3, '?', 0, '?'), (1, 3, '?', 0, '?')]"
"(12, 2, 3, 9, 6, 0)","[(1, 3, '?', 0, 3), (1, 3, '?', 0, 3), (1, 3, '?', 0, 3), (1, 3, '?', 0, 3), (1, 3, 3, 0, 3), (1, 3, '?', 0, 3), (1, 3, '?', 0, 3)]"
"(12, 2, 3, 9, 13, 0)","[(1, 3, '?', 0, 0), (1, 3, '?', 0, 0), (1, 3, '?', 0, 0)]"
"(12, 2, 3, 14, 3, 0)","[(2, 3, '?', 0, '?'), (2, 3, '?', 0, '?')]"
"(12, 2, 3, 14, 13, 0)","[(2, 3, '?', 0, 0), (2, 3, '?', 0, 0), (2, 3, '?', 0, 0), (2, 3, '?', 0, 0)]"
"(12, 2, 3, 14, 14, 0)","[(2, 3, '?', 0, '?')]"
"(12, 2, 4, 1, 3, 0)","[(3, 3, 3, 0, '?'), (3, 3, 3, 0, '?'), (3, 3, 3, 0, '?'), (3, 3, 3, 0, '?'), (3, 3, 3, 0, '?')]"
"(12, 2, 4, 1, 6, 0)","[(3, 3, 3, 0, 3), (3, 3, 3, 0, 3), (3, 3, 3, 0, 3), (3, 3, 3, 0, 3), (3, 3, 3, 0, 3), (3, 3, 3, 0, 3), (3, 3, 3, 0, 3), (3, 3, 3, 0, 3)]"
"(12, 2, 4, 1, 11, 0)","[(3, 3, 3, 0, 1), (3, 3, 3, 0, 1), (3, 3, 3, 0, 1), (3, 3, 3, 0, 1)]"
"(12, 2, 4, 3, 3, 0)","[(3, 3, '?', 0, '?'), (3, 3, '?', 0, '?'), (3, 3, '?', 0, '?'), (3, 3, '?', 0, '?'), (3, 3, '?', 0, '?'), (3, 3, '?', 0, '?'), (3, 3, '?', 0, 1), (3, 3, 0, 0, '?'), (3, 3, '?', 0, '?'), (3, 3, '?', 0, '?'), (3, 3, '?', 0, 1), (3, 3, 1, 0, 1)]"
"(12, 2, 4, 3, 11, 0)","[(3, 3, '?', 0, 1), (3, 3, '?', 0, 1), (3, 3, '?', 0, 1), (3, 3, '?', 0, 1), (3, 3, '?', 0, 1)]"
"(12, 2, 4, 3, 13, 0)","[(3, 3, 1, 0, 0)]"
"(12, 2, 4, 4, 4, 0)","[(0, 3, 0, 0, 2), (0, 3, 0, 0, 2), (0, 3, '?', 0, 2)]"
"(12, 2, 4, 6, 1, 0)","[(3, 3, 3, 0, 2), (3, 3, 3, 0, 2), (3, 3, 3, 0, 2), (3, 3, 3, 0, 2), (3, 3, 3, 0, 2), (3, 3, 3, 0, 2)]"
"(12, 2, 4, 6, 10, 0)","[(3, 3, 1, 0, 2), (3, 3, 1, 0, 2), (3, 3, 1, 0, 2), (3, 3, 1, 0, 2), (3, 3, 1, 0, 2), (3, 3, 1, 0, 2), (3, 3, 1, 0, 2), (3, 3, 1, 0, 2), (3, 3, 1, 0, 2)]"
"(12, 2, 4, 7, 3, 0)","[(3, 3, 0, 0, '?'), (3, 3, 0, 0, '?')]"
"(12, 2, 4, 10, 3, 0)","[(3, 3, 1, 0, 1), (3, 3, 1, 0, 1), (3, 3, 1, 0, 1)]"
"(12, 2, 4, 10, 6, 0)","[(3, 3, 1, 0, 3), (3, 3, 1, 0, 3), (3, 3, 1, 0, 3), (3, 3, 1, 0, 3), (3, 3, 1, 0, 3), (3, 3, 1, 0, 3), (3, 3, 1, 0, 3)]"
"(12, 2, 4, 10, 11, 0)","[(3, 3, 1, 0, 1), (3, 3, 1, 0, 1)]"
"(12, 2, 4, 10, 13, 0)","[(3, 3, 1, 0, 0), (3, 3, 1, 0, 0), (3, 3, 1, 0, 0), (3, 3, 1, 0, 0), (3, 3, 1, 0, 0), (3, 3, 1, 0, 0)]"
"(12, 2, 4, 11, 3, 0)","[(3, 3, 2, 0, '?'), (3, 3, 2, 0, '?'), (3, 3, 2, 0, '?'), (3, 3, 2, 0, '?'), (3, 3, 2, 0, '?'), (3, 3, 2, 0, '?'), (3, 3, 2, 0, '?')]"
"(12, 2, 4, 11, 6, 0)","[(3, 3, 2, 0, 3), (3, 3, 2, 0, 3), (3, 3, 2, 0, 3), (3, 3, 2, 0, 3), (3, 3, 2, 0, 3), (3, 3, 2, 0, 3), (3, 3, 2, 0, 3)]"
"(12, 2, 4, 11, 11, 0)","[(3, 3, 2, 0, 1), (3, 3, 2, 0, 1)]"
"(12, 2, 4, 11, 13, 0)","[(3, 3, 2, 0, 0), (3, 3, 2, 0, 0), (3, 3, 2, 0, 0), (3, 3, 2, 0, 0), (3, 3, 2, 0, 0), (3, 3, 2, 0, 0), (3, 3, 2, 0, 0), (3, 3, 2, 0, 0)]"
"(12, 2, 6, 6, 3, 0)","[('?', 3, 0, 0, 2)]"
"(12, 2, 6, 6, 14, 0)","[(2, 3, '?', 0, 2), (2, 3, '?', 0, 2)]"
"(12, 2, 7, 3, 3, 0)","[('?', 3, 0, 0, 1), ('?', 3, 0, 0, 1), ('?', 3, 0, 0, 1), ('?', 3, 0, 0, 1), ('?', 3, 0, 0, 1), ('?', 3, 0, 0, 1), ('?', 3, 0, 0, 1), ('?', 3, 0, 0, 1)]"
"(12, 2, 7, 3, 6, 0)","[('?', 3, 0, 0, 3), ('?', 3, 0, 0, 3), ('?', 3, 0, 0, 3), ('?', 3, 0, 0, 3), ('?', 3, 0, 0, 3), ('?', 3, 0, 0, 3), ('?', 3, 0, 0, 3)]"
"(12, 2, 7, 3, 11, 0)","[('?', 3, 0, 0, 1), ('?', 3, 0, 0, 1)]"
"(12, 2, 7, 3, 13, 0)","[('?', 3, 0, 0, 0), ('?', 3, 0, 0, 0), ('?', 3, 0, 0, 0), ('?', 3, 0, 0, 0), ('?', 3, 0, 0, 0), ('?', 3, 0, 0, 0), ('?', 3, 0, 0, 0), ('?', 3, 0, 0, 0)]"
"(12, 2, 7, 4, 3, 0)","[(3, 3, 0, 0, '?'), (3, 3, 0, 0, '?'), (3, 3, 0, 0, '?'), (3, 3, 0, 0, '?')]"
"(12, 2, 7, 4, 4, 0)","[(0, 3, 0, 0, 2), (0, 3, 0, 0, 2), (0, 3, 0, 0, 2), (0, 3, 0, 0, 2), (0, 3, 0, 0, 2)]"
"(12, 2, 7, 4, 6, 0)","[(3, 3, 0, 0, 3), (3, 3, 0, 0, 3), (3, 3, 0, 0, 3), (3, 3, 0, 0, 3), (3, 3, 0, 0, 3), (3, 3, 0, 0, 3), (3, 3, 0, 0, 3), (3, 3, 0, 0, 3), (3, 3, 0, 0, 3)]"
"(12, 2, 7, 6, 3, 0)","[('?', 3, 0, 0, 2), ('?', 3, 0, 0, 2), ('?', 3, 0, 0, 2), ('?', 3, 0, 0, 2), ('?', 3, 0, 0, 2), ('?', 3, 0, 0, 2), ('?', 3, 0, 0, 2)]"
"(12, 2, 7, 6, 4, 0)","[(0, 3, 0, 0, 2), (0, 3, 0, 0, 2)]"
"(12, 2, 7, 6, 9, 0)","[(1, 3, 0, 0, 2), (1, 3, 0, 0, 2), (1, 3, 0, 0, 2), (1, 3, 0, 0, 2), (1, 3, 0, 0, 2), (1, 3, 0, 0, 2)]"
"(12, 2, 7, 8, 3, 0)","[(0, 3, 0, 0, '?'), (0, 3, 0, 0, '?'), (0, 3, 0, 0, '?'), (0, 3, 0, 0, '?'), (0, 3, 0, 0, '?'), (0, 3, 0, 0, 1), (0, 3, 0, 0, '?'), (0, 3, 0, 0, '?')]"
"(12, 2, 7, 8, 6, 0)","[(0, 3, 0, 0, 3), (0, 3, 0, 0, 3), (0, 3, 0, 0, 3), (0, 3, 0, 0, 3), (0, 3, 0, 0, 3), (0, 3, 0, 0, 3), (0, 3, 0, 0, 3), (0, 3, 0, 0, 3)]"
"(12, 2, 7, 8, 11, 0)","[(0, 3, 0, 0, 1), (0, 3, 0, 0, 1), (0, 3, 0, 0, 1), (0, 3, 0, 0, 1), (0, 3, 0, 0, 1)]"
"(12, 2, 7, 8, 13, 0)","[(0, 3, 0, 0, 0), (0, 3, 0, 0, 0), (0, 3, 0, 0, 0), (0, 3, 0, 0, 0), (0, 3, 0, 0, 0), (0, 3, 0, 0, 0)]"
"(12, 2, 7, 9, 3, 0)","[(1, 3, 0, 0, '?'), (1, 3, 0, 0, '?'), (1, 3, 0, 0, '?'), (1, 3, 0, 0, '?'), (1, 3, 0, 0, '?'), (1, 3, 0, 0, '?'), (1, 3, 0, 0, 1), (1, 3, 0, 0, 1), (1, 3, 0, 0, 0), (1, 3, 0, 0, '?'), (1, 3, 0, 0, 1), (1, 3, 0, 0, 1), (1, 3, 0, 0, 1)]"
"(12, 2, 7, 9, 6, 0)","[(1, 3, 0, 0, 3), (1, 3, 0, 0, 3), (1, 3, 0, 0, 3), (1, 3, 0, 0, 3), (1, 3, 0, 0, 3), (1, 3, 0, 0, 3), (1, 3, 0, 0, 3), (1, 3, 0, 0, 3)]"
"(12, 2, 7, 9, 11, 0)","[(1, 3, 0, 0, 1), (1, 3, 0, 0, 1), (1, 3, 0, 0, 1)]"
"(12, 2, 7, 9, 13, 0)","[(1, 3, 0, 0, 0), (1, 3, 0, 0, 0), (1, 3, 0, 0, 0), (1, 3, 0, 0, 0), (1, 3, 0, 0, 0)]"
"(12, 2, 7, 14, 6, 0)","[(2, 3, 0, 0, 3), (2, 3, 0, 0, 3), (2, 3, 0, 0, 3), (2, 3, 0, 0, 3), (2, 3, 0, 0, 3), (2, 3, 0, 0, 3), (2, 3, 0, 0, 3), (2, 3, 0, 0, 3), (2, 3, 0, 0, 3)]"
"(12, 2, 7, 14, 11, 0)","[(2, 3, 0, 0, 1), (2, 3, 0, 0, 1), (2, 3, 0, 0, 1), (2, 3, 0, 0, 1), (2, 3, 0, 0, 1), (2, 3, 0, 0, 1)]"
"(12, 2, 7, 14, 13, 0)","[(2, 3, 0, 0, 0), (2, 3, 0, 0, 0), (2, 3, 0, 0, 0), (2, 3, 0, 0, 0), (2, 3, 0, 0, 0), (2, 3, 0, 0, 0), (2, 3, 0, 0, 0)]"
"(12, 2, 8, 8, 11, 0)","[(0, 3, '?', 0, 1)]"
"(12, 2, 8, 8, 13, 0)","[(0, 3, '?', 0, 0)]"
"(12, 2, 9, 1, 6, 0)","[(1, 3, 3, 0, 3)]"
"(12, 2, 9, 1, 11, 0)","[(1, 3, 3, 0, 1)]"
"(12, 2, 9, 1, 13, 0)","[(1, 3, 3, 0, 0), (1, 3, 3, 0, 0)]"
"(12, 2, 9, 3, 13, 0)","[(1, 3, '?', 0, 0), (1, 3, '?', 0, 0), (1, 3, '?', 0, 0)]"
"(12, 2, 9, 9, 13, 0)","[(1, 3, '?', 0, 0), (1, 3, 3, 0, 0)]"
"(12, 2, 10, 3, 3, 0)","[('?', 3, 1, 0, 1)]"
"(12, 2, 10, 3, 6, 0)","[('?', 3, 1, 0, 3)]"
"(12, 2, 10, 4, 4, 0)","[(0, 3, 1, 0, 2), (0, 3, 1, 0, 2), (0, 3, 1, 0, 2), (0, 3, 1, 0, 2), (0, 3, 1, 0, 2), (0, 3, 1, 0, 2), (0, 3, 1, 0, 2)]"
"(12, 2, 10, 6, 3, 0)","[('?', 3, 1, 0, 2), ('?', 3, 1, 0, 2), ('?', 3, 1, 0, 2), ('?', 3, 1, 0, 2), (2, 3, 1, 0, 2), (2, 3, 1, 0, 2), ('?', 3, 1, 0, 2), ('?', 3, 1, 0, 2), ('?', 3, 1, 0, 2)]"
"(12, 2, 10, 6, 10, 0)","[('?', 3, 1, 0, 2)]"
"(12, 2, 10, 6, 14, 0)","[(2, 3, 1, 0, 2), (2, 3, 1, 0, 2), (2, 3, 1, 0, 2), (2, 3, 1, 0, 2), (2, 3, 1, 0, 2), (2, 3, 1, 0, 2)]"
"(12, 2, 10, 8, 3, 0)","[(0, 3, 1, 0, '?'), (0, 3, 1, 0, '?'), (0, 3, 1, 0, '?'), (0, 3, 1, 0, '?'), (0, 3, 1, 0, '?'), (0, 3, 1, 0, '?'), (0, 3, 1, 0, '?'), (0, 3, 1, 0, '?'), (0, 3, 1, 0, '?')]"
"(12, 2, 10, 8, 6, 0)","[(0, 3, 1, 0, 3), (0, 3, 1, 0, 3), (0, 3, 1, 0, 3), (0, 3, 1, 0, 3), (0, 3, 1, 0, 3), (0, 3, 1, 0, 3), (0, 3, 1, 0, 3), (0, 3, 1, 0, 3), (0, 3, 1, 0, 3), (0, 3, 1, 0, 3)]"
"(12, 2, 10, 8, 13, 0)","[(0, 3, 1, 0, 0), (0, 3, 1, 0, 0), (0, 3, 1, 0, 0), (0, 3, 1, 0, 0), (0, 3, 1, 0, 0)]"
"(12, 2, 10, 9, 3, 0)","[(1, 3, 1, 0, '?'), (1, 3, 1, 0, 1), (1, 3, 1, 0, '?'), (1, 3, 1, 0, '?'), (1, 3, 1, 0, 1), (1, 3, 1, 0, '?'), (1, 3, 1, 0, '?'), (1, 3, 1, 0, '?'), (1, 3, 1, 0, '?')]"
"(12, 2, 10, 9, 6, 0)","[(1, 3, 1, 0, 3), (1, 3, 1, 0, 3), (1, 3, 1, 0, 3), (1, 3, 1, 0, 3), (1, 3, 1, 0, 3), (1, 3, 1, 0, 3)]"
"(12, 2, 10, 9, 11, 0)","[(1, 3, 1, 0, 1), (1, 3, 1, 0, 1), (1, 3, 1, 0, 1), (1, 3, 1, 0, 1), (1, 3, 1, 0, 1)]"
"(12, 2, 10, 9, 13, 0)","[(1, 3, 1, 0, 0), (1, 3, 1, 0, 0), (1, 3, 1, 0, 0), (1, 3, 1, 0, 0), (1, 3, 1, 0, 0), (1, 3, 1, 0, 0), (1, '?', 1, 0, 0), (1, 3, 1, 0, 0)]"
"(12, 2, 10, 10, 3, 0)","[('?', 3, 1, 0, 1), ('?', 3, 1, 0, 1), ('?', 3, 1, 0, 1), (3, 3, 1, 0, 1)]"
"(12, 2, 10, 10, 6, 0)","[(1, 3, 1, 0, 3), ('?', 3, 1, 0, 3), ('?', 3, 1, 0, 3), ('?', 3, 1, 0, 3), ('?', 3, 1, 0, 3), ('?', 3, 1, 0, 3), ('?', 3, 1, 0, 3)]"
"(12, 2, 10, 10, 11, 0)","[('?', 3, 1, 0, 1)]"
"(12, 2, 10, 14, 3, 0)","[(2, 3, 1, 0, '?'), (2, 3, 1, 0, '?'), (2, 3, 1, 0, '?'), (2, 3, 1, 0, '?'), (2, 3, 1, 0, '?'), (2, 3, 1, 0, '?'), (2, 3, 1, 0, '?'), (2, 3, 1, 0, '?'), (2, 3, 1, 0, '?')]"
"(12, 2, 10, 14, 6, 0)","[(2, 3, 1, 0, 3), (2, 3, 1, 0, 3), (2, 3, 1, 0, 3), (2, 3, 1, 0, 3), (2, 3, 1, 0, 3), (2, 3, 1, 0, 3), (2, 3, 1, 0, 3), (2, 3, 1, 0, 3)]"
"(12, 2, 10, 14, 11, 0)","[(2, 3, 1, 0, 1), (2, 3, 1, 0, 1), (2, 3, 1, 0, 1), (2, 3, 1, 0, 1), (2, 3, 1, 0, 1), (2, 3, 1, 0, 1)]"
"(12, 2, 10, 14, 13, 0)","[(2, 3, 1, 0, 0), (2, 3, 1, 0, 0), (2, 3, 1, 0, 0), (2, 3, 1, 0, 0), (2, 3, 1, 0, 0), (2, 3, 1, 0, 0), (2, 3, 1, 0, 0)]"
"(12, 2, 11, 3, 3, 0)","[('?', 3, 2, 0, '?'), (3, 3, 2, 0, '?'), ('?', 3, 2, 0, '?'), ('?', 3, 2, 0, '?'), ('?', 3, 2, 0, '?'), ('?', 3, 2, 0, '?'), ('?', 3, 2, 0, '?'), ('?', 3, 2, 0, '?')]"
"(12, 2, 11, 3, 6, 0)","[('?', 3, 2, 0, 3), ('?', 3, 2, 0, 3), ('?', 3, 2, 0, 3), ('?', 3, 2, 0, 3), ('?', 3, 2, 0, 3), ('?', 3, 2, 0, 3), (3, 3, 2, 0, 3)]"
"(12, 2, 11, 3, 11, 0)","[(3, 3, 2, 0, 1), ('?', 3, 2, 0, 1), ('?', 3, 2, 0, 1), ('?', 3, 2, 0, 1), ('?', 3, 2, 0, 1), (3, 3, 2, 0, 1), ('?', 3, 2, 0, 1), (3, 3, 2, 0, 1), ('?', 3, 2, 0, 1), (3, 3, 2, 0, 1), (3, 3, 2, 0, 1), ('?', 3, 2, 0, 1), (3, 3, 2, 0, 1), ('?', 3, 2, 0, 1), ('?', 3, 2, 0, 1), (3, 3, 2, 0, 1)]"
"(12, 2, 11, 3, 13, 0)","[('?', 3, 2, 0, 0), (3, 3, 2, 0, 0), ('?', 3, 2, 0, 0), ('?', 3, 2, 0, 0), ('?', 3, 2, 0, 0), ('?', 3, 2, 0, 0), (3, 3, 2, 0, 0), ('?', 3, 2, 0, 0), ('?', 3, 2, 0, 0), ('?', 3, 2, 0, 0)]"
"(12, 2, 11, 6, 3, 0)","[('?', 3, 2, 0, 2), ('?', 3, 2, 0, 2), ('?', 3, 2, 0, 2), ('?', 3, 2, 0, 2), ('?', 3, 2, 0, 2), ('?', 3, 2, 0, 2), ('?', 3, 2, 0, 2), ('?', 3, 2, 0, 2)]"
"(12, 2, 11, 6, 9, 0)","[(1, 3, '?', 0, 2), (1, 3, '?', 0, 2)]"
"(12, 2, 11, 8, 3, 0)","[(0, 3, 2, 0, '?'), (0, 3, 2, 0, '?'), (0, 3, 2, 0, '?'), (0, 3, 2, 0, '?'), (0, 3, 2, 0, '?'), (0, 3, 2, 0, '?')]"
"(12, 2, 11, 8, 6, 0)","[(0, 3, 2, 0, 3), (0, 3, 2, 0, 3), (0, 3, 2, 0, 3), (0, 3, 2, 0, 3), (0, 3, 2, 0, 3), (0, 3, 2, 0, 3)]"
"(12, 2, 11, 8, 11, 0)","[(0, 3, 2, 0, 1), (0, 3, 2, 0, 1), (0, 3, 2, 0, 1), (0, 3, 2, 0, 1), (0, 3, 2, 0, 1), (0, 3, 2, 0, 1), (0, 3, 2, 0, 1), (0, 3, 2, 0, 1)]"
"(12, 2, 11, 8, 13, 0)","[(0, 3, 2, 0, 0), (0, 3, 2, 0, 0), (0, 3, 2, 0, 0), (0, 3, 2, 0, 0)]"
"(12, 2, 11, 9, 3, 0)","[(1, 3, 2, 0, '?'), (1, 3, 2, 0, '?'), (1, 3, 2, 0, '?'), (1, 3, 2, 0, '?'), (1, 3, 2, 0, '?')]"
"(12, 2, 11, 9, 6, 0)","[(1, 3, 2, 0, 3), (1, 3, 2, 0, 3), (1, 3, 2, 0, 3), (1, 3, 2, 0, 3), (1, 3, 2, 0, 3), (1, 3, 2, 0, 3), (1, 3, 2, 0, 3), (1, 3, 2, 0, 3)]"
"(12, 2, 11, 9, 11, 0)","[(1, 3, 2, 0, 1), (1, 3, 2, 0, 1), (1, 3, 2, 0, 1), (1, 3, 2, 0, 1), (1, 3, 2, 0, 1), (1, 3, 2, 0, 1), (1, 3, 2, 0, 1), (1, 3, 2, 0, 1)]"
"(12, 2, 11, 9, 13, 0)","[(1, 3, 2, 0, 0), (1, 3, 2, 0, 0), (1, 3, 2, 0, 0), (1, 3, 2, 0, 0), (1, 3, 2, 0, 0), (1, 3, 2, 0, 0), (1, 3, 2, 0, 0), (1, 3, 2, 0, 0)]"
"(12, 2, 11, 14, 3, 0)","[(2, 3, 2, 0, '?'), (2, 3, 2, 0, '?'), (2, 3, 2, 0, 3), (2, 3, 2, 0, '?'), (2, 3, 2, 0, '?'), (2, 3, 2, 0, '?'), (2, 3, 2, 0, 3)]"
"(12, 2, 11, 14, 6, 0)","[(2, 3, 2, 0, 3), (2, 3, 2, 0, 3), (2, 3, 2, 0, 3), (2, 3, 2, 0, 3), (2, 3, 2, 0, 3), (2, 3, 2, 0, 3)]"
"(12, 2, 11, 14, 11, 0)","[(2, 3, 2, 0, 1), (2, 3, 2, 0, 1), (2, 3, 2, 0, 1), (2, 3, 2, 0, 1), (2, 3, 2, 0, 1), (2, 3, 2, 0, 1), (2, 3, 2, 0, 1), (2, 3, 2, 0, 1)]"
"(12, 2, 11, 14, 13, 0)","[(2, 3, 2, 0, 0), (2, 3, 2, 0, 0), (2, 3, 2, 0, 0), (2, 3, 2, 0, 0), (2, 3, 2, 0, 0), (2, 3, 2, 0, 0)]"
"(12, 2, 14, 3, 13, 0)","[(2, 3, '?', 0, 0), (2, 3, '?', 0, 0), (2, 3, '?', 0, 0), (2, 3, '?', 0, 0)]"
"(12, 2, 14, 3, 14, 0)","[(2, 3, '?', 0, '?'), (2, 3, '?', 0, '?'), (2, 3, '?', 0, '?')]"
"(12, 2, 14, 6, 14, 0)","[(2, 3, '?', 0, 2)]"
"(12, 3, 3, 7, 7, 0)","[('?', 3, '?', 3, 1)]"
"(12, 3, 3, 8, 3, 0)","[(0, 3, '?', 2, '?')]"
"(12, 3, 8, 7, 6, 0)","[(0, 3, '?', 3, 3)]"
"(12, 3, 8, 7, 11, 0)","[(0, 3, '?', 3, 1)]"
"(12, 4, 1, 3, 3, 0)","[(3, 3, 3, 2, '?')]"
"(12, 4, 1, 3, 6, 0)","[(3, 3, 3, 2, 3), (3, 3, 3, 2, 3), (3, 3, 3, 2, 3)]"
"(12, 4, 1, 6, 3, 0)","[(3, 3, 3, '?', 2), (3, 3, 3, 2, 2)]"
"(12, 4, 1, 6, 4, 0)","[(3, 3, 3, 2, 2)]"
"(12, 4, 1, 7, 6, 0)","[(3, 3, 3, 3, 3), (3, 3, 3, 3, 3), (3, 3, 3, 3, 3), (3, 3, 3, 3, 3), (3, 3, 3, 3, 3)]"
"(12, 4, 1, 7, 7, 0)","[(3, 3, 3, 3, '?'), (3, 3, 3, 3, '?'), (3, 3, 3, 3, '?'), (3, 3, 3, 3, '?'), (3, 3, 3, 3, '?'), (3, 3, 3, 3, '?')]"
"(12, 4, 1, 7, 13, 0)","[(3, 3, 3, 3, 0), (3, 3, 3, 3, 0), (3, 3, 3, 3, 0), (3, 3, 3, 3, 0), (3, 3, 3, 3, 0), (3, 3, 3, 3, 0), (3, 3, 3, 3, 0)]"
"(12, 4, 1, 8, 3, 0)","[(0, 3, 3, 2, '?')]"
"(12, 4, 1, 8, 11, 0)","[(0, 3, 3, 2, 1), (0, 3, 3, 2, 1), (0, 3, 3, 2, 1), (0, 3, 3, 2, 1)]"
"(12, 4, 1, 8, 13, 0)","[(0, 3, 3, 2, 0), (0, 3, 3, 2, 0), (0, 3, 3, 2, 0)]"
"(12, 4, 3, 3, 3, 0)","[(3, 3, '?', 2, '?')]"
"(12, 4, 3, 3, 11, 0)","[(3, 3, '?', 2, 1)]"
"(12, 4, 3, 6, 3, 0)","[(3, 3, '?', '?', 2)]"
"(12, 4, 3, 6, 7, 0)","[(3, 3, '?', 3, 2), (3, 3, '?', 3, 2), (3, 3, '?', 3, 2), (3, 3, '?', 3, 2)]"
"(12, 4, 3, 7, 6, 0)","[(3, 3, '?', 3, 3), (3, 3, '?', 3, 3), (3, 3, '?', 3, 3), (3, 3, '?', 3, 3), (3, 3, '?', 3, 3), (3, 3, '?', 3, 3), (3, 3, '?', 3, 3)]"
"(12, 4, 3, 7, 7, 0)","[(3, 3, '?', 3, '?'), (3, 3, '?', 3, '?'), (3, 3, '?', 3, '?'), (3, 3, '?', 3, '?'), (3, 3, '?', 3, '?'), (3, 3, '?', 3, '?')]"
"(12, 4, 3, 7, 11, 0)","[(3, 3, '?', 3, 1), (3, 3, '?', 3, 1), (3, 3, '?', 3, 1), (3, 3, '?', 3, 1)]"
"(12, 4, 3, 7, 13, 0)","[(3, 3, '?', 3, 0), (3, 3, '?', 3, 0), (3, 3, '?', 3, 0)]"
"(12, 4, 3, 8, 11, 0)","[(0, 3, '?', 2, 1), (0, 3, '?', 2, 1), (0, 3, '?', 2, 1), (0, 3, '?', 2, 1)]"
"(12, 4, 3, 8, 13, 0)","[(0, 3, '?', 2, 0)]"
"(12, 4, 3, 10, 3, 0)","[(3, 3, 1, 2, '?')]"
"(12, 4, 3, 10, 6, 0)","[(3, 3, 1, '?', 3)]"
"(12, 4, 4, 1, 11, 0)","[(3, 3, 3, '?', 1)]"
"(12, 4, 4, 1, 13, 0)","[(3, 3, 3, '?', 0), (3, 3, 3, 2, 0), (3, 3, 3, '?', 0)]"
"(12, 4, 4, 3, 3, 0)","[(3, 3, '?', '?', '?')]"
"(12, 4, 4, 3, 6, 0)","[(3, 3, '?', '?', 3), (3, 3, '?', '?', 3)]"
"(12, 4, 4, 3, 11, 0)","[(3, 3, '?', '?', 1), (3, 3, '?', '?', 1)]"
"(12, 4, 4, 3, 13, 0)","[(3, 3, '?', '?', 0), (3, 3, '?', 2, 0), (3, 3, '?', '?', 0), (3, 3, '?', '?', 0)]"
"(12, 4, 4, 6, 1, 0)","[(3, 3, 3, '?', 2)]"
"(12, 4, 4, 6, 3, 0)","[(3, 3, 0, '?', 2), (3, 3, '?', '?', 2)]"
"(12, 4, 4, 6, 10, 0)","[(3, 3, 1, '?', 2)]"
"(12, 4, 4, 6, 11, 0)","[(3, 3, 2, '?', 2), (3, 3, 2, '?', 2)]"
"(12, 4, 4, 7, 6, 0)","[(3, 3, 1, 3, 3), (3, 3, 1, 3, 3), (3, 3, 1, 3, 3)]"
"(12, 4, 4, 7, 7, 0)","[(3, 3, 1, 3, 1), (3, 3, 2, 3, '?'), (3, 3, 1, 3, 1)]"
"(12, 4, 4, 7, 13, 0)","[(3, 3, '?', 3, 0), (3, 3, 2, 3, 0), (3, 3, 2, 3, 0)]"
"(12, 4, 4, 10, 3, 0)","[(3, 3, 1, '?', '?'), (3, 3, 1, '?', '?'), (3, 3, 1, '?', '?'), (3, 3, 1, '?', '?'), (3, 3, 1, 2, '?'), (3, 3, 1, '?', '?'), (3, 3, 1, 2, '?'), (3, 3, 1, '?', '?'), (3, 3, 1, '?', '?')]"
"(12, 4, 4, 10, 6, 0)","[(3, 3, 1, '?', 3), (3, 3, 1, '?', 3), (3, 3, 1, '?', 3), (3, 3, 1, '?', 3), (3, 3, 1, '?', 3)]"
"(12, 4, 4, 10, 11, 0)","[(3, 3, 1, '?', 1), (3, 3, 1, '?', 1), (3, 3, 1, '?', 1), (3, 3, 1, '?', 1)]"
"(12, 4, 4, 10, 13, 0)","[(3, 3, 1, '?', 0), (3, 3, 1, '?', 0), (3, 3, 1, '?', 0), (3, 3, 1, '?', 0), (3, 3, 1, '?', 0), (3, 3, 1, '?', 0)]"
"(12, 4, 4, 11, 3, 0)","[(3, 3, 2, '?', '?'), (3, 3, 2, '?', '?'), (3, 3, 2, '?', '?'), (3, 3, 2, '?', '?'), (3, 3, 2, '?', '?')]"
"(12, 4, 4, 11, 6, 0)","[(3, 3, 2, '?', 3), (3, 3, 2, '?', 3), (3, 3, 2, '?', 3)]"
"(12, 4, 4, 11, 13, 0)","[(3, 3, 2, '?', 0), (3, 3, 2, '?', 0), (3, 3, 2, '?', 0)]"
"(12, 4, 7, 3, 3, 0)","[(3, 3, 0, '?', '?'), (3, 3, 0, '?', '?'), (3, 3, 0, '?', '?'), (3, 3, 0, '?', '?')]"
"(12, 4, 7, 3, 6, 0)","[(3, 3, 0, '?', 3), (3, 3, 0, '?', 3), (3, 3, 0, 2, 3), (3, 3, 0, 2, 3)]"
"(12, 4, 7, 3, 13, 0)","[(3, 3, 0, '?', 0), (3, 3, 0, 1, 0), (3, 3, 0, '?', 0), (3, 3, 0, '?', 0), (3, 3, 0, '?', 0)]"
"(12, 4, 7, 4, 3, 0)","[(3, 3, 0, '?', '?')]"
"(12, 4, 7, 4, 13, 0)","[(3, 3, 0, '?', 0)]"
"(12, 4, 7, 6, 3, 0)","[(3, 3, 0, '?', 2), (3, 3, 0, '?', 2)]"
"(12, 4, 7, 6, 7, 0)","[(3, 3, 0, '?', 2), (3, 3, 0, '?', 2)]"
"(12, 4, 7, 7, 3, 0)","[(3, 3, 0, '?', '?'), (3, 3, 0, '?', '?')]"
"(12, 4, 7, 7, 6, 0)","[(3, 3, 0, 3, 3), (3, 3, 0, 3, 3), (3, 3, 0, 3, 3), (3, 3, 0, 3, 3), (3, 3, 0, 3, 3), (3, 3, 0, 3, 3), (3, 3, 0, 3, 3), (3, 3, 0, 3, 3), (3, 3, 0, 3, 3)]"
"(12, 4, 7, 7, 7, 0)","[(3, 3, 0, 3, '?'), (3, 3, 0, 3, '?'), (3, 3, 0, 3, '?'), (3, 3, 0, 3, '?'), (3, 3, 0, 3, '?'), (3, 3, 0, 3, 1), (3, 3, 0, 3, '?')]"
"(12, 4, 7, 7, 11, 0)","[(3, 3, 0, 3, 1), (3, 3, 0, 3, 1), (3, 3, 0, 3, 1), (3, 3, 0, '?', 1)]"
"(12, 4, 7, 7, 13, 0)","[(3, 3, 0, 3, 0), (3, 3, 0, 3, 0), (3, 3, 0, 3, 0), (3, 3, 0, '?', 0), (3, 3, 0, 3, 0)]"
"(12, 4, 7, 8, 3, 0)","[(0, 3, 0, 2, '?'), (0, 3, 0, 2, '?')]"
"(12, 4, 7, 8, 11, 0)","[(0, 3, 0, 2, 1)]"
"(12, 4, 7, 8, 13, 0)","[(0, 3, 0, 3, 0)]"
"(12, 4, 10, 3, 3, 0)","[(3, 3, 1, 2, '?')]"
"(12, 4, 10, 6, 3, 0)","[(3, 3, 1, 2, 2), (3, 3, 1, 2, 2)]"
"(12, 4, 10, 6, 7, 0)","[(3, 3, 1, 3, 2), (3, 3, 1, 3, 2)]"
"(12, 4, 10, 7, 6, 0)","[(3, 3, 1, 3, 3), (3, 3, 1, 3, 3), (3, 3, 1, 3, 3), (3, 3, 1, 3, 3)]"
"(12, 4, 10, 7, 11, 0)","[(3, 3, 1, 3, 1), (3, 3, 1, 3, 1), (3, 3, 1, 3, 1)]"
"(12, 4, 10, 8, 3, 0)","[(0, 3, 1, 2, '?'), (0, 3, 1, 2, '?')]"
"(12, 4, 10, 8, 11, 0)","[(0, 3, 1, 2, 1), (0, 3, 1, 2, 1)]"
"(12, 4, 10, 10, 3, 0)","[(3, 3, 1, '?', '?')]"
"(12, 4, 10, 10, 6, 0)","[(3, 3, 1, '?', 3)]"
"(12, 4, 11, 6, 7, 0)","[(3, 3, 2, 3, 2), (3, 3, 2, 3, 2), (3, 3, 2, 3, 2), (3, 3, 2, 3, 2), (3, 3, 2, 3, 2)]"
"(12, 4, 11, 7, 7, 0)","[(3, 3, 2, 3, '?'), (3, 3, 2, 3, '?'), (3, 3, 2, 3, '?'), (3, 3, 2, 3, '?'), (3, 3, 2, 3, '?')]"
"(12, 4, 11, 7, 11, 0)","[(3, 3, 2, 3, 1), (3, 3, 2, 3, 1), (3, 3, 2, 3, 1)]"
"(12, 4, 11, 7, 13, 0)","[(3, 3, 2, 3, 0), (3, 3, 2, 3, 0), (3, 3, 2, 3, 0), (3, 3, 2, 3, 0)]"
"(12, 4, 11, 8, 3, 0)","[(0, 3, 2, 2, '?'), (0, 3, 2, 2, '?')]"
"(12, 4, 11, 8, 11, 0)","[(0, 3, 2, 2, 1)]"
"(12, 6, 1, 3, 3, 0)","[('?', 3, 3, 2, '?'), ('?', 3, 3, 2, '?'), ('?', 3, 3, 2, '?'), ('?', 3, 3, 2, '?'), ('?', 3, 3, 2, '?'), ('?', 3, 3, 2, '?')]"
"(12, 6, 1, 3, 6, 0)","[('?', 3, 3, 2, 3), ('?', 3, 3, 2, 3), ('?', 3, 3, 2, 3), ('?', 3, 3, 2, 3), ('?', 3, 3, 2, 3), ('?', 3, 3, 2, 3), ('?', 3, 3, 2, 3)]"
"(12, 6, 1, 3, 11, 0)","[('?', 3, 3, 2, 1), (3, 3, 3, 2, 1), (3, 3, 3, 2, 1), ('?', 3, 3, 2, 1), ('?', 3, 3, 2, 1), (3, 3, 3, 2, 1), ('?', 3, 3, 2, 1)]"
"(12, 6, 1, 3, 13, 0)","[('?', 3, 3, 2, 0), ('?', 3, 3, 2, 0), ('?', 3, 3, 2, 0), ('?', 3, 3, 2, 0), ('?', 3, 3, 2, 0), ('?', 3, 3, 2, 0), (3, 3, 3, 2, 0)]"
"(12, 6, 1, 4, 4, 0)","[(0, 3, 3, 2, 2), (0, 3, 3, 2, 2), (0, 3, 3, 2, 2), (0, 3, 3, 2, 2), (0, 3, 3, 2, 2)]"
"(12, 6, 1, 4, 7, 0)","[(0, 3, 3, 3, 2), (0, 3, 3, 3, 2), (0, 3, 3, 3, 2)]"
"(12, 6, 1, 6, 3, 0)","[('?', 3, 3, 2, 2), ('?', 3, 3, 2, 2), ('?', 3, 3, 2, 2)]"
"(12, 6, 1, 6, 4, 0)","[(0, 3, 3, 2, 2)]"
"(12, 6, 1, 6, 9, 0)","[(1, 3, 3, 2, 2), (1, 3, 3, 2, 2)]"
"(12, 6, 1, 6, 14, 0)","[(2, 3, 3, 2, 2), (2, 3, 3, '?', 2), (2, 3, 3, 2, 2)]"
"(12, 6, 1, 7, 6, 0)","[('?', 3, 3, 3, 3), ('?', 3, 3, 3, 3)]"
"(12, 6, 1, 7, 7, 0)","[('?', 3, 3, 3, '?'), ('?', 3, 3, 3, '?'), ('?', 3, 3, 3, 1), ('?', 3, 3, 3, 1)]"
"(12, 6, 1, 7, 11, 0)","[('?', 3, 3, 3, 1), ('?', 3, 3, 3, 1)]"
"(12, 6, 1, 7, 13, 0)","[('?', 3, 3, 3, 0)]"
"(12, 6, 1, 8, 3, 0)","[(0, 3, 3, 2, '?'), (0, 3, 3, 2, '?'), (0, 3, 3, 2, '?')]"
"(12, 6, 1, 8, 6, 0)","[(0, 3, 3, 2, 3), (0, 3, 3, 2, 3), (0, 3, 3, 3, 3)]"
"(12, 6, 1, 8, 11, 0)","[(0, 3, 3, 2, 1), (0, 3, 3, 2, 1)]"
"(12, 6, 1, 8, 13, 0)","[(0, 3, 3, 3, 0), (0, 3, 3, 2, 0), (0, 3, 3, 2, 0)]"
"(12, 6, 1, 9, 3, 0)","[(1, 3, 3, 2, '?'), (1, 3, 3, 2, '?'), (1, 3, 3, 2, '?'), (1, 3, 3, 2, '?')]"
"(12, 6, 1, 9, 6, 0)","[(1, 3, 3, 2, 3), (1, 3, 3, 2, 3), (1, 3, 3, 2, 3), (1, 3, 3, 2, 3), (1, 3, 3, 2, 3)]"
"(12, 6, 1, 9, 11, 0)","[(1, 3, 3, 2, 1)]"
"(12, 6, 1, 9, 13, 0)","[(1, 3, 3, 2, 0), (1, 3, 3, 2, 0)]"
"(12, 6, 1, 14, 3, 0)","[(2, 3, 3, 2, '?'), (2, 3, 3, 2, '?')]"
"(12, 6, 1, 14, 6, 0)","[(2, 3, 3, 2, 3), (2, 3, 3, 2, 3), (2, 3, 3, 2, 3), (2, 3, 3, 2, 3)]"
"(12, 6, 1, 14, 11, 0)","[(2, 3, 3, 2, 1)]"
"(12, 6, 1, 14, 13, 0)","[(2, 3, 3, 2, 0), (2, 3, 3, 2, 0)]"
"(12, 6, 3, 3, 3, 0)","[('?', 3, '?', 2, '?'), ('?', 3, '?', 2, '?')]"
"(12, 6, 3, 3, 6, 0)","[(3, 3, '?', 2, 3), ('?', 3, '?', 2, 3)]"
"(12, 6, 3, 3, 11, 0)","[('?', 3, '?', 2, 1), ('?', 3, '?', 2, 1)]"
"(12, 6, 3, 3, 13, 0)","[(3, 3, '?', 2, 0), ('?', 3, '?', 2, 0), ('?', 3, '?', 2, 0), ('?', 3, '?', 2, 0), ('?', 3, '?', 2, 0), ('?', 3, '?', 2, 0)]"
"(12, 6, 3, 4, 4, 0)","[(0, 3, '?', 2, 2), (0, 3, '?', 2, 2), (0, 3, '?', 2, 2), (0, 3, '?', 2, 2), (0, 3, '?', 2, 2), (0, 3, 2, 2, 2), (0, 3, '?', 2, 2), (0, 3, '?', 2, 2)]"
"(12, 6, 3, 4, 7, 0)","[(0, 3, '?', 3, 2), (0, 3, '?', 3, 2), (0, 3, '?', 3, 2), (0, 3, '?', 3, 2), (0, 3, '?', 3, 2)]"
"(12, 6, 3, 6, 3, 0)","[('?', 3, '?', '?', 2)]"
"(12, 6, 3, 6, 7, 0)","[('?', 3, '?', 3, 2), ('?', 3, '?', 3, 2), ('?', 3, 2, 3, 2), ('?', 3, '?', 3, 2), ('?', 3, '?', 3, 2), ('?', 3, '?', 3, 2), ('?', 3, '?', 3, 2), ('?', 3, '?', 3, 2), ('?', 3, '?', 3, 2), ('?', 3, '?', 3, 2)]"
"(12, 6, 3, 6, 9, 0)","[(1, 3, '?', 2, 2), (1, 3, '?', 2, 2)]"
"(12, 6, 3, 7, 6, 0)","[('?', 3, '?', 3, 3), ('?', 3, '?', 3, 3), ('?', 3, '?', 3, 3), ('?', 3, '?', 3, 3), ('?', 3, '?', 3, 3), ('?', 3, '?', 3, 3)]"
"(12, 6, 3, 7, 7, 0)","[('?', 3, '?', 3, '?'), ('?', 3, '?', 3, '?'), ('?', 3, '?', 3, 1), ('?', 3, '?', 3, 1), ('?', 3, '?', 3, '?'), ('?', 3, '?', 3, '?'), ('?', 3, '?', 3, '?'), ('?', 3, '?', 3, '?'), ('?', 3, '?', 3, 1), ('?', 3, '?', 3, '?')]"
"(12, 6, 3, 7, 11, 0)","[('?', 3, '?', 3, 1), ('?', 3, '?', 3, 1), ('?', 3, '?', 3, 1)]"
"(12, 6, 3, 7, 13, 0)","[('?', 3, 1, 3, 0), (1, 3, '?', 3, 0)]"
"(12, 6, 3, 8, 3, 0)","[(0, 3, '?', 2, '?'), (0, 3, '?', 2, '?')]"
"(12, 6, 3, 8, 11, 0)","[(0, 3, '?', 2, 1)]"
"(12, 6, 3, 8, 13, 0)","[(0, 3, '?', 2, 0), (0, 3, '?', 2, 0), (0, 3, '?', 2, 0)]"
"(12, 6, 3, 9, 3, 0)","[(1, 3, '?', 2, '?'), (1, 3, '?', 2, '?'), (1, 3, '?', 2, '?'), (1, 3, '?', 2, '?'), (1, 3, '?', 2, '?')]"
"(12, 6, 3, 9, 6, 0)","[(1, 3, '?', 2, 3), (1, 3, '?', 2, 3), (1, 3, '?', 2, 3), (1, 3, '?', 2, 3)]"
"(12, 6, 3, 9, 13, 0)","[(1, 3, 2, 2, 0)]"
"(12, 6, 3, 14, 3, 0)","[(2, 3, '?', 2, '?'), (2, 3, '?', 2, '?'), (2, 3, '?', 2, '?')]"
"(12, 6, 3, 14, 11, 0)","[(2, 3, '?', 2, 1), (2, 3, '?', 2, 1), (2, 3, '?', 2, 1)]"
"(12, 6, 3, 14, 13, 0)","[(2, 3, '?', 2, 0), (2, 3, '?', 2, 0), (2, 3, '?', '?', 0), (2, 3, '?', 2, 0)]"
"(12, 6, 4, 3, 13, 0)","[(3, 3, '?', 2, 0)]"
"(12, 6, 4, 6, 10, 0)","[(3, 3, 1, 2, 2)]"
"(12, 6, 4, 10, 11, 0)","[(3, 3, 1, 2, 1)]"
"(12, 6, 7, 3, 3, 0)","[(3, 3, 0, 2, '?'), ('?', 3, 0, 2, '?'), ('?', 3, 0, 2, '?'), ('?', 3, 0, 2, '?')]"
"(12, 6, 7, 3, 6, 0)","[('?', 3, 0, 2, 3), ('?', 3, 0, 2, 3), ('?', 3, 0, 2, 3)]"
"(12, 6, 7, 3, 11, 0)","[(3, 3, 0, 2, 1), (3, 3, 0, 2, 1)]"
"(12, 6, 7, 3, 13, 0)","[('?', 3, 0, 2, 0), ('?', 3, 0, 2, 0), ('?', 3, 0, 2, 0), ('?', 3, 0, 2, 0)]"
"(12, 6, 7, 4, 3, 0)","[(3, 3, 0, 2, '?')]"
"(12, 6, 7, 4, 7, 0)","[(0, 3, 0, 3, 2), (0, 3, 0, 3, 2), (0, 3, 0, 3, 2), (0, 3, 0, 3, 2), (0, 3, 0, 3, 2), (0, 3, 0, 3, 2)]"
"(12, 6, 7, 6, 3, 0)","[('?', 3, 0, 2, 2), ('?', 3, 0, 2, 2)]"
"(12, 6, 7, 6, 7, 0)","[('?', 3, 0, 3, 2), ('?', 3, 0, 3, 2), ('?', 3, 0, 3, 2)]"
"(12, 6, 7, 6, 9, 0)","[(1, 3, 0, 2, 2), (1, 3, 0, 2, 2), (1, 3, 0, 2, 2), (1, 3, 0, 2, 2), (1, 3, 0, 2, 2)]"
"(12, 6, 7, 6, 14, 0)","[(2, 3, 0, 2, 2), (2, 3, 0, 2, 2), (2, 3, 0, 2, 2), (2, 3, 0, 2, 2)]"
"(12, 6, 7, 7, 7, 0)","[('?', 3, 0, 3, '?'), ('?', 3, 0, 3, '?'), ('?', 3, 0, 3, 1)]"
"(12, 6, 7, 7, 11, 0)","[('?', 3, 0, 3, 1)]"
"(12, 6, 7, 7, 13, 0)","[('?', 3, 0, 3, 0), ('?', 3, 0, 3, 0), ('?', 3, 0, 3, 0), ('?', 3, 0, 3, 0), ('?', 3, 0, 3, 0)]"
"(12, 6, 7, 8, 3, 0)","[(0, 3, 0, 2, '?')]"
"(12, 6, 7, 9, 3, 0)","[(1, 3, 0, 2, '?'), (1, 3, 0, 2, '?')]"
"(12, 6, 7, 9, 6, 0)","[(1, 3, 0, 2, 3), (1, 3, 0, 2, 3), (1, 3, 0, 2, 3), (1, 3, 0, 2, 3), (1, 3, 0, 2, 3)]"
"(12, 6, 7, 9, 11, 0)","[(1, 3, 0, 2, 1), (1, 3, 0, 2, 1), (1, 3, 0, 2, 1), (1, 3, 0, 2, 1), (1, 3, 0, 2, 1), (1, 3, 0, 2, 1)]"
"(12, 6, 7, 14, 3, 0)","[(2, 3, 0, 2, '?'), (2, 3, 0, 2, '?'), (2, 3, 0, 2, '?')]"
"(12, 6, 7, 14, 6, 0)","[(2, 3, 0, 2, 3), (2, 3, 0, 2, 3), (2, 3, 0, 2, 3)]"
"(12, 6, 8, 6, 7, 0)","[(0, 3, '?', 3, 2), (0, 3, '?', 3, 2)]"
"(12, 6, 8, 7, 3, 0)","[(0, 3, '?', 3, 1)]"
"(12, 6, 8, 7, 6, 0)","[(0, 3, '?', 3, 3), (0, 3, '?', 3, 3)]"
"(12, 6, 8, 7, 7, 0)","[(0, 3, 3, 3, 1)]"
"(12, 6, 8, 7, 8, 0)","[(0, 3, '?', 3, 1)]"
"(12, 6, 8, 7, 13, 0)","[(0, 3, '?', 3, 0), (0, 3, 1, 3, 0), (0, 3, '?', 3, 0), (0, 3, 1, 3, 0), (0, 3, '?', 3, 0)]"
"(12, 6, 10, 3, 3, 0)","[(3, 3, 1, 2, '?')]"
"(12, 6, 10, 3, 6, 0)","[('?', 3, 1, 2, 3), ('?', 3, 1, 2, 3), ('?', 3, 1, 2, 3), ('?', 3, 1, 2, 3), ('?', 3, 1, 2, 3)]"
"(12, 6, 10, 3, 13, 0)","[('?', 3, 1, 2, 0), ('?', 3, 1, 2, 0)]"
"(12, 6, 10, 4, 7, 0)","[(0, 3, 1, 3, 2), (0, 3, 1, 3, 2), (0, 3, 1, 3, 2), (0, 3, 1, 3, 2)]"
"(12, 6, 10, 6, 3, 0)","[('?', 3, 1, '?', 2), ('?', 3, 1, 2, 2), ('?', 3, 1, 2, 2)]"
"(12, 6, 10, 6, 7, 0)","[('?', 3, 1, 3, 2), ('?', 3, 1, 3, 2), ('?', 3, 1, 3, 2), ('?', 3, 1, 3, 2), ('?', 3, 1, 3, 2)]"
"(12, 6, 10, 6, 10, 0)","[('?', 3, 1, 2, 2)]"
"(12, 6, 10, 7, 7, 0)","[('?', 3, 1, 3, 1), ('?', 3, 1, 3, '?')]"
"(12, 6, 10, 7, 11, 0)","[('?', 3, 1, 3, 1), ('?', 3, 1, 3, 1)]"
"(12, 6, 10, 7, 13, 0)","[('?', 3, 1, 3, 0), (1, 3, 1, 3, 0)]"
"(12, 6, 10, 8, 13, 0)","[('?', 3, 1, 3, 0), (0, 3, 1, 2, 0), (0, 3, 1, 3, 0), (0, 3, 1, 2, 0), (0, 3, 1, 3, 0)]"
"(12, 6, 10, 9, 3, 0)","[(1, 3, 1, 2, '?'), (1, 3, 1, 2, '?'), (1, 3, 1, 2, '?'), (1, 3, 1, 2, '?'), (1, 3, 1, 2, '?'), (1, 3, 1, 2, '?')]"
"(12, 6, 10, 9, 6, 0)","[(1, 3, 1, 2, 3), (1, 3, 1, 2, 3)]"
"(12, 6, 10, 9, 11, 0)","[(1, 3, 1, 2, 1), (1, 3, 1, '?', 1)]"
"(12, 6, 10, 9, 13, 0)","[(1, 3, 1, 2, 0), (1, 3, 1, 2, 0), (1, 3, 1, '?', 0), (1, 3, 1, 2, 0)]"
"(12, 6, 10, 10, 6, 0)","[('?', 3, 1, 2, 3)]"
"(12, 6, 10, 10, 11, 0)","[(3, 3, 1, 2, 1)]"
"(12, 6, 10, 14, 3, 0)","[(2, 3, 1, 2, '?')]"
"(12, 6, 10, 14, 6, 0)","[(2, 3, 1, 2, 3)]"
"(12, 6, 10, 14, 13, 0)","[(2, 3, 1, '?', 0)]"
"(12, 6, 11, 3, 6, 0)","[('?', 3, 2, 2, 3), ('?', 3, 2, 2, 3), ('?', 3, 2, 2, 3), ('?', 3, 2, 2, 3), ('?', 3, 2, 2, 3), ('?', 3, 2, 2, 3), ('?', 3, 2, 2, 3)]"
"(12, 6, 11, 3, 11, 0)","[('?', 3, 2, 2, 1), ('?', 3, 2, 2, 1), ('?', 3, 2, 2, 1), (3, 3, 2, 2, 1), ('?', 3, 2, 2, 1), ('?', 3, 2, 2, 1), ('?', 3, 2, 2, 1), ('?', 3, 2, 2, 1), (3, 3, 2, 2, 1)]"
"(12, 6, 11, 3, 13, 0)","[('?', 3, 2, 2, 0), ('?', 3, 2, 2, 0), ('?', 3, 2, 2, 0)]"
"(12, 6, 11, 4, 4, 0)","[(0, 3, 2, '?', 2), (0, 3, 2, '?', 2)]"
"(12, 6, 11, 4, 7, 0)","[(0, 3, 2, 3, 2), (0, 3, 2, 3, 2), (0, 3, 2, 3, 2), (0, 3, 2, 3, 2), (0, 3, 2, 3, 2), (0, 3, 2, 3, 2)]"
"(12, 6, 11, 6, 3, 0)","[('?', 3, 2, 2, 2), ('?', 3, 2, 2, 2)]"
"(12, 6, 11, 6, 7, 0)","[('?', 3, 2, 3, 2), ('?', 3, 2, 3, 2), ('?', 3, 2, 3, 2), (2, 3, 2, 3, 2), ('?', 3, 2, 3, 2), ('?', 3, 2, 3, 2)]"
"(12, 6, 11, 6, 9, 0)","[(1, 3, 2, 2, 2), (1, 3, 2, 2, 2), (1, 3, 2, 2, 2), (1, 3, 2, 2, 2)]"
"(12, 6, 11, 6, 14, 0)","[(2, 3, 2, 3, 2), (2, 3, 2, 2, 2), (2, 3, 2, 2, 2)]"
"(12, 6, 11, 7, 7, 0)","[('?', 3, 2, 3, '?'), ('?', 3, 2, 3, '?'), ('?', 3, 2, 3, '?'), ('?', 3, 2, 3, '?')]"
"(12, 6, 11, 7, 13, 0)","[(1, 3, 2, 3, 0), (1, 3, 2, 3, 0), (2, 3, 2, 3, 0)]"
"(12, 6, 11, 8, 6, 0)","[(0, 3, 2, 2, 3)]"
"(12, 6, 11, 8, 11, 0)","[(0, 3, 2, 2, 1)]"
"(12, 6, 11, 8, 13, 0)","[(0, 3, 2, 2, 0)]"
"(12, 6, 11, 9, 6, 0)","[(1, 3, 2, 2, 3), (1, 3, 2, 2, 3), (1, 3, 2, 2, 3), (1, 3, 2, 2, 3), (1, 3, 2, 2, 3)]"
"(12, 6, 11, 9, 11, 0)","[(1, 3, 2, 2, 1), (1, 3, 2, 2, 1), (1, 3, 2, 2, 1), (1, 3, 2, 2, 1), (1, 3, 2, 2, 1), (1, 3, 2, 2, 1)]"
"(12, 6, 11, 9, 13, 0)","[(1, 3, 2, 2, 0), (1, 3, 2, 2, 0), (1, 3, 2, 2, 0), (1, 3, 2, 2, 0), (1, 3, 2, '?', 0), (1, 3, 2, 2, 0), (1, 3, 2, 2, 0)]"
"(12, 6, 11, 14, 3, 0)","[(2, 3, 2, 2, '?'), (2, 3, 2, 2, '?'), (2, 3, 2, 2, '?')]"
"(12, 6, 11, 14, 6, 0)","[(2, 3, 2, 2, 3), (2, 3, 2, 2, 3), (2, 3, 2, 2, 3), (2, 3, 2, 2, 3), (2, 3, 2, 2, 3), (2, 3, 2, 2, 3)]"
"(12, 6, 14, 6, 7, 0)","[(2, 3, 2, 3, 2)]"
"(12, 6, 14, 7, 13, 0)","[(2, 3, 3, 3, 0)]"
"(12, 7, 7, 7, 6, 0)","[('?', 3, 0, 3, 3), ('?', 3, 0, 3, 3), ('?', 3, 0, 3, 3)]"
"(12, 7, 7, 7, 7, 0)","[('?', 3, 0, 3, '?')]"
"(12, 7, 7, 8, 6, 0)","[(0, 3, 0, 3, 3), (0, 3, 0, 3, 3), (0, 3, 0, 3, 3)]"
"(12, 7, 7, 8, 7, 0)","[(0, 3, 0, 3, '?'), (0, 3, 0, 3, 1), (0, 3, 0, 3, '?'), (0, 3, 0, 3, '?'), (0, 3, 0, 3, '?')]"
"(12, 7, 7, 8, 11, 0)","[(0, 3, 0, 3, 1), (0, 3, 0, 3, 1), (0, 3, 0, 3, 1)]"
"(12, 7, 7, 8, 13, 0)","[(0, 3, 0, 3, 0), (0, 3, 0, 3, 0), (0, 3, 0, 3, 0), (0, 3, 0, 3, 0)]"
"(12, 9, 1, 7, 6, 0)","[(1, 3, 3, 3, 3), (1, 3, 3, 3, 3), (1, 3, 3, 3, 3), (1, 3, 3, 3, 3), (1, 3, 3, 3, 3)]"
"(12, 9, 1, 7, 7, 0)","[(1, 3, 3, 3, '?'), (1, 3, 3, 3, '?'), (1, 3, 3, 3, '?'), (1, 3, 3, 3, '?'), (1, 3, 3, 3, '?')]"
"(12, 9, 1, 7, 9, 0)","[(1, 3, 3, 3, '?'), (1, 3, 3, 3, '?'), (1, 3, 3, 3, '?')]"
"(12, 9, 1, 7, 11, 0)","[(1, 3, 3, 3, 1), (1, 3, 3, 3, 1), (1, 3, 3, 3, 1), (1, 3, 3, 3, 1), (1, 3, 3, 3, 1), (1, 3, 3, 3, 1), (1, 3, 3, 3, 1)]"
"(12, 9, 1, 9, 3, 0)","[(1, 3, 3, 2, '?')]"
"(12, 9, 1, 9, 6, 0)","[(1, 3, 3, 2, 3)]"
"(12, 9, 1, 9, 11, 0)","[(1, 3, 3, 2, 1), (1, 3, 3, '?', 1), (1, 3, 3, 0, 1)]"
"(12, 9, 3, 6, 7, 0)","[(1, 3, '?', 3, 2), (1, 3, '?', 3, 2), (1, 3, '?', 3, 2), (1, 3, '?', 3, 2), (1, 3, '?', 3, 2), (1, 3, 1, 3, 2), (1, 3, '?', 3, 2), (1, 3, 2, 3, 2)]"
"(12, 9, 3, 7, 6, 0)","[(1, 3, '?', 3, 3), (1, 3, '?', 3, 3), (1, 3, '?', 3, 3), (1, 3, '?', 3, 3), (1, 3, '?', 3, 3)]"
"(12, 9, 3, 7, 7, 0)","[(1, 3, '?', 3, '?'), (1, 3, '?', 3, '?'), (1, 3, '?', 3, '?'), (1, 3, '?', 3, '?'), (1, 3, '?', 3, '?'), (1, 3, '?', 3, '?'), (1, 3, '?', 3, 1)]"
"(12, 9, 3, 7, 9, 0)","[(1, 3, '?', 3, '?')]"
"(12, 9, 3, 7, 11, 0)","[(1, 3, '?', 3, 1), (1, 3, '?', 3, 1), (1, 3, '?', 3, 1), (1, 3, '?', 3, 1), (1, 3, '?', 3, 1), (1, 3, '?', 3, 1)]"
"(12, 9, 3, 7, 13, 0)","[(1, 3, '?', 3, 0), (1, 3, '?', 3, 0), (1, 3, '?', 3, 0)]"
"(12, 9, 7, 7, 6, 0)","[(1, 3, 0, 3, 3), (1, 3, 0, 3, 3), (1, 3, 0, 3, 3), (1, 3, 0, 3, 3), (1, 3, 0, 3, 3), (1, 3, 0, 3, 3), (1, 3, 0, 3, 3)]"
"(12, 9, 7, 7, 7, 0)","[(1, 3, 0, 3, '?'), (1, 3, 0, 3, '?'), (1, 3, 0, 3, '?'), (1, 3, 0, 3, '?'), (1, 3, 0, 3, '?'), (1, 3, 0, 3, '?')]"
"(12, 9, 7, 7, 9, 0)","[(1, 3, 0, 3, '?'), (1, 3, 0, 3, '?')]"
"(12, 9, 7, 7, 11, 0)","[(1, 3, 0, 3, 1), (1, 3, 0, 3, 1), (1, 3, 0, 3, 1), (1, 3, 0, 3, 1), (1, 3, 0, 3, 1), (1, 3, 0, 3, 1)]"
"(12, 9, 7, 9, 11, 0)","[(1, 3, 0, '?', 1)]"
"(12, 9, 10, 6, 7, 0)","[(1, 3, 1, 3, 2), (1, 3, 1, 3, 2), (1, 3, 1, 3, 2), (1, 3, 1, 3, 2), (1, 3, 1, 3, 2), (1, 3, 1, 3, 2)]"
"(12, 9, 10, 7, 7, 0)","[(1, 3, 1, 3, '?'), (1, 3, 1, 3, '?'), (1, 3, 1, 3, '?'), (1, 3, 1, 3, 1), (1, 3, 1, 3, '?')]"
"(12, 9, 10, 7, 9, 0)","[(1, 3, 1, 3, '?'), (1, 3, 1, 3, 1), (1, 3, 1, 3, '?'), (1, 3, 1, 3, '?'), (1, 3, 1, 3, '?')]"
"(12, 9, 10, 7, 11, 0)","[(1, 3, 1, 3, 1), (1, 3, 1, 3, 1), (1, 3, 1, 3, 1)]"
"(12, 9, 10, 7, 13, 0)","[(1, 3, 1, 3, 0), (1, 3, 1, 3, 0), (1, 3, 1, 3, 0)]"
"(12, 9, 11, 6, 7, 0)","[(1, 3, 2, 3, 2), (1, 3, 2, 3, 2), (1, 3, 2, 3, 2), (1, 3, 2, 3, 2), (1, 3, 2, 3, 2), (1, 3, 2, 3, 2), (1, 3, 2, 3, 2)]"
"(12, 9, 11, 7, 6, 0)","[(1, 3, 2, 3, 3), (1, 3, 2, 3, 3), (1, 3, 2, 3, 3), (1, 3, 2, 3, 3), (1, 3, 2, 3, 3), (1, 3, 2, 3, 3), (1, 3, 2, 3, 3)]"
"(12, 9, 11, 7, 7, 0)","[(1, 3, 2, 3, '?'), (1, 3, 2, 3, '?'), (1, 3, 2, 3, '?'), (1, 3, 2, 3, '?'), (1, 3, 2, 3, '?')]"
"(12, 9, 11, 7, 11, 0)","[(1, 3, 2, 3, 1), (1, 3, 2, 3, 1), (1, 3, 2, 3, 1), (1, 3, 2, 3, 1), (1, 3, 2, 3, 1), (1, 3, 2, 3, 1)]"
"(12, 9, 11, 7, 13, 0)","[(1, 3, 2, 3, 0), (1, 3, 2, 3, 0), (1, 3, 2, 3, 0)]"
"(12, 10, 3, 6, 7, 0)","[('?', 3, 1, 3, 2)]"
"(12, 10, 3, 7, 7, 0)","[('?', 3, 1, 3, '?'), ('?', 3, 1, 3, 1)]"
"(12, 10, 8, 6, 7, 0)","[(0, 3, 1, 3, 2), (0, 3, 1, 3, 2)]"
"(12, 10, 8, 7, 6, 0)","[(0, 3, 1, 3, 3), (0, 3, 1, 3, 3)]"
"(12, 10, 8, 7, 13, 0)","[(0, 3, 1, 3, 0), (0, 3, 1, 3, 0), (0, 3, 1, 3, 0), (0, 3, 1, 3, 0)]"
"(12, 10, 10, 4, 7, 0)","[(0, 3, 1, 3, 2)]"
"(12, 10, 10, 6, 7, 0)","[('?', 3, 1, 3, 2), ('?', 3, 1, 3, 2)]"
"(12, 10, 10, 7, 11, 0)","[('?', 3, 1, 3, 1)]"
"(12, 10, 10, 7, 13, 0)","[('?', 3, 1, 3, 0), ('?', 3, 1, 3, 0), ('?', 3, 1, 3, 0), ('?', 3, 1, 3, 0), ('?', 3, 1, 3, 0)]"
"(12, 10, 10, 8, 3, 0)","[(0, 3, 1, 2, '?')]"
"(12, 10, 10, 8, 6, 0)","[(0, 3, 1, 3, 3)]"
"(12, 10, 14, 7, 13, 0)","[(2, 3, 1, 3, 0)]"
"(12, 11, 3, 4, 7, 0)","[(0, 3, 2, 3, 2)]"
"(12, 11, 3, 7, 7, 0)","[('?', 3, 2, 3, '?'), ('?', 3, 2, 3, '?')]"
"(12, 11, 8, 6, 7, 0)","[(0, 3, 2, 3, 2), (0, 3, 2, 3, 2), (0, 3, 2, 3, 2)]"
"(12, 11, 8, 7, 13, 0)","[(0, 3, 2, 3, 0), (0, 3, 2, 3, 0), (0, 3, 2, 3, 0)]"
"(12, 11, 11, 4, 4, 0)","[(0, 3, 2, '?', 2)]"
"(12, 11, 14, 7, 6, 0)","[(2, 3, 2, 3, 3)]"
"(12, 12, 1, 3, 3, 0)","[('?', 3, 3, '?', '?'), ('?', 3, 3, '?', '?'), ('?', 3, 3, '?', '?'), ('?', 3, 3, '?', '?'), ('?', 3, 3, '?', '?'), ('?', 3, 3, '?', '?'), (3, 3, 3, '?', 1), ('?', 3, 3, '?', '?'), ('?', 3, 3, '?', '?'), ('?', 3, 3, '?', '?')]"
"(12, 12, 1, 3, 6, 0)","[('?', 3, 3, '?', 3), ('?', 3, 3, '?', 3), ('?', 3, 3, '?', 3), ('?', 3, 3, '?', 3), ('?', 3, 3, '?', 3), ('?', 3, 3, '?', 3), ('?', 3, 3, '?', 3), ('?', 3, 3, '?', 3), ('?', 3, 3, '?', 3), ('?', 3, 3, '?', 3)]"
"(12, 12, 1, 3, 11, 0)","[('?', 3, 3, '?', 1), ('?', 3, 3, '?', 1), ('?', 3, 3, '?', 1), ('?', 3, 3, '?', 1), ('?', 3, 3, '?', 1), (3, 3, 3, '?', 1), ('?', 3, 3, '?', 1), ('?', 3, 3, '?', 1)]"
"(12, 12, 1, 3, 13, 0)","[('?', 3, 3, '?', 0), ('?', 3, 3, '?', 0), ('?', 3, 3, '?', 0), ('?', 3, 3, 0, 0), ('?', 3, 3, '?', 0), ('?', 3, 3, '?', 0), ('?', 3, 3, '?', 0), ('?', 3, 3, 0, 0), ('?', 3, 3, '?', 0), ('?', 3, 3, '?', 0), ('?', 3, 3, '?', 0), ('?', 3, 3, '?', 0), ('?', 3, 3, 0, 0)]"
"(12, 12, 1, 4, 4, 0)","[(0, 3, 3, '?', 2), (0, 3, 3, '?', 2), (0, 3, 3, 2, 2), (0, 3, 3, '?', 2), (0, 3, 3, '?', 2), (0, 3, 3, '?', 2), (0, 3, 3, '?', 2)]"
"(12, 12, 1, 6, 3, 0)","[('?', 3, 3, '?', 2), ('?', 3, 3, '?', 2), ('?', 3, 3, '?', 2), ('?', 3, 3, '?', 2), ('?', 3, 3, '?', 2), ('?', 3, 3, '?', 2)]"
"(12, 12, 1, 6, 9, 0)","[(1, 3, 3, '?', 2), (1, 3, 3, '?', 2), (1, 3, 3, '?', 2), (1, 3, 3, '?', 2), (1, 3, 3, '?', 2), (1, 3, 3, '?', 2), (1, 3, 3, '?', 2), (1, 3, 3, '?', 2)]"
"(12, 12, 1, 6, 14, 0)","[(2, 3, 3, '?', 2), (2, 3, 3, '?', 2), (2, 3, 3, '?', 2), (2, 3, 3, '?', 2), (2, 3, 3, '?', 2), (2, 3, 3, '?', 2), (2, 3, 3, '?', 2)]"
"(12, 12, 1, 7, 6, 0)","[('?', 3, 3, 3, 3), ('?', 3, 3, 3, 3), ('?', 3, 3, 3, 3)]"
"(12, 12, 1, 7, 7, 0)","[('?', 3, 3, 3, 1), ('?', 3, 3, 3, 1), ('?', 3, 3, 3, '?')]"
"(12, 12, 1, 8, 3, 0)","[(0, 3, 3, 0, '?'), (0, 3, 3, 0, '?'), (0, 3, 3, 2, '?')]"
"(12, 12, 1, 8, 6, 0)","[(0, 3, 3, 3, 3), (0, 3, 3, 2, 3), (0, 3, 3, 2, 3), (0, 3, 3, 2, 3), (0, 3, 3, 3, 3), (0, 3, 3, 3, 3), (0, 3, 3, 3, 3), (0, 3, 3, 2, 3), (0, 3, 3, 2, 3)]"
"(12, 12, 1, 8, 7, 0)","[(0, 3, 3, 3, 1), (0, 3, 3, 3, '?')]"
"(12, 12, 1, 8, 11, 0)","[(0, 3, 3, '?', 1), (0, 3, 3, '?', 1), (0, 3, 3, '?', 1), (0, 3, 3, '?', 1), (0, 3, 3, 3, 1), (0, 3, 3, 2, 1), (0, 3, 3, '?', 1), (0, 3, 3, '?', 1), (0, 3, 3, 2, 1), (0, 3, 3, '?', 1), (0, 3, 3, '?', 1)]"
"(12, 12, 1, 8, 13, 0)","[(0, 3, 3, '?', 0), (0, 3, 3, '?', 0), (0, 3, 3, 0, 0), (0, 3, 3, 0, 0), (0, 3, 3, 0, 0), (0, 3, 3, '?', 0), (0, 3, 3, '?', 0), (0, 3, 3, 0, 0), (0, 3, 3, '?', 0), (0, 3, 3, 2, 0), (0, 3, 3, 0, 0), (0, 3, 3, 0, 0), (0, 3, 3, '?', 0), (0, 3, 3, 0, 0), (0, 3, 3, '?', 0), (0, 3, 3, 0, 0)]"
"(12, 12, 1, 9, 3, 0)","[(1, 3, 3, '?', '?'), (1, 3, 3, '?', '?'), (1, 3, 3, '?', '?'), (1, 3, 3, '?', '?'), (1, 3, 3, '?', '?'), (1, 3, 3, '?', '?')]"
"(12, 12, 1, 9, 6, 0)","[(1, 3, 3, '?', 3), (1, 3, 3, '?', 3), (1, 3, 3, '?', 3), (1, 3, 3, '?', 3), (1, 3, 3, '?', 3), (1, 3, 3, '?', 3), (1, 3, 3, '?', 3), (1, 3, 3, '?', 3)]"
"(12, 12, 1, 9, 11, 0)","[(1, 3, 3, '?', 1), (1, 3, 3, '?', 1), (1, 3, 3, '?', 1), (1, 3, 3, '?', 1), (1, 3, 3, '?', 1), (1, 3, 3, '?', 1), (1, 3, 3, '?', 1)]"
"(12, 12, 1, 9, 13, 0)","[(1, 3, 3, '?', 0), (1, 3, 3, '?', 0), (1, 3, 3, '?', 0), (1, 3, 3, '?', 0), (1, 3, 3, '?', 0)]"
"(12, 12, 1, 14, 3, 0)","[(2, 3, 3, '?', '?'), (2, 3, 3, '?', '?'), (2, 3, 3, '?', '?'), (2, 3, 3, '?', '?')]"
"(12, 12, 1, 14, 6, 0)","[(2, 3, 3, 2, 3), (2, 3, 3, '?', 3), (2, 3, 3, '?', 3), (2, 3, 3, '?', 3), (2, 3, 3, '?', 3), (2, 3, 3, '?', 3), (2, 3, 3, '?', 3), (2, 3, 3, '?', 3), (2, 3, 3, '?', 3)]"
"(12, 12, 1, 14, 11, 0)","[(2, 3, 3, '?', 1), (2, 3, 3, '?', 1), (2, 3, 3, '?', 1), (2, 3, 3, '?', 1), (2, 3, 3, '?', 1), (2, 3, 3, '?', 1), (2, 3, 3, '?', 1), (2, 3, 3, '?', 1), (2, 3, 3, '?', 1)]"
"(12, 12, 3, 3, 3, 0)","[('?', 3, '?', '?', '?'), ('?', 3, '?', '?', '?'), ('?', 3, '?', '?', '?'), ('?', 3, '?', '?', '?'), ('?', 3, '?', '?', '?'), ('?', 3, '?', '?', '?')]"
"(12, 12, 3, 3, 6, 0)","[('?', 3, '?', '?', 3), ('?', 3, '?', '?', 3), ('?', 3, '?', '?', 3), ('?', 3, '?', '?', 3), ('?', 3, '?', '?', 3), ('?', 3, '?', '?', 3), ('?', 3, '?', '?', 3), ('?', 3, '?', '?', 3), ('?', 3, '?', '?', 3), ('?', 3, '?', '?', 3)]"
"(12, 12, 3, 3, 11, 0)","[('?', 3, '?', '?', 1), ('?', 3, '?', '?', 1), ('?', 3, '?', '?', 1), ('?', 3, '?', '?', 1), ('?', 3, '?', '?', 1), ('?', 3, '?', '?', 1), (3, 3, '?', 2, 1), ('?', 3, '?', '?', 1), ('?', 3, '?', '?', 1), ('?', 3, '?', '?', 1)]"
"(12, 12, 3, 3, 13, 0)","[('?', 3, '?', 0, 0)]"
"(12, 12, 3, 4, 4, 0)","[(0, 3, '?', '?', 2), (0, 3, '?', '?', 2), (0, 3, '?', '?', 2), (0, 3, '?', '?', 2), (0, 3, '?', '?', 2), (0, 3, '?', '?', 2), (0, 3, '?', '?', 2), (0, 3, '?', '?', 2)]"
"(12, 12, 3, 6, 3, 0)","[('?', 3, '?', '?', 2), ('?', 3, '?', '?', 2), ('?', 3, '?', '?', 2), ('?', 3, '?', '?', 2), ('?', 3, '?', '?', 2)]"
"(12, 12, 3, 6, 4, 0)","[(0, 3, '?', '?', 2)]"
"(12, 12, 3, 6, 14, 0)","[(2, 3, '?', '?', 2), (2, 3, '?', '?', 2), (2, 3, '?', '?', 2), (2, 3, '?', '?', 2), (2, 3, '?', '?', 2)]"
"(12, 12, 3, 7, 6, 0)","[(1, 3, '?', 3, 3), (1, 3, '?', 3, 3), (1, 3, '?', 3, 3), ('?', 3, '?', 3, 3), ('?', 3, '?', 3, 3), ('?', 3, '?', 3, 3)]"
"(12, 12, 3, 7, 7, 0)","[(1, 3, '?', 3, '?'), (1, 3, '?', 3, '?')]"
"(12, 12, 3, 7, 13, 0)","[(1, 3, '?', 3, 0)]"
"(12, 12, 3, 8, 3, 0)","[(0, 3, '?', '?', '?'), (0, 3, '?', '?', '?'), (0, 3, '?', '?', '?'), (0, 3, '?', 2, '?'), (0, 3, '?', '?', '?'), (0, 3, '?', '?', '?'), (0, 3, '?', '?', '?')]"
"(12, 12, 3, 8, 6, 0)","[(0, 3, '?', 3, 3), (0, 3, '?', 0, 3), (0, 3, '?', 3, 3), (0, 3, '?', '?', 3), (0, 3, '?', 3, 3), (0, 3, '?', 0, 3), (0, 3, '?', '?', 3), (0, 3, '?', 3, 3), (0, 3, '?', '?', 3), (0, 3, '?', '?', 3), (0, 3, '?', '?', 3), (0, 3, '?', '?', 3)]"
"(12, 12, 3, 8, 7, 0)","[(0, 3, '?', 3, 1), (0, 3, '?', 3, 1)]"
"(12, 12, 3, 8, 8, 0)","[(0, 3, '?', '?', '?'), (0, 3, '?', '?', '?')]"
"(12, 12, 3, 8, 11, 0)","[(0, 3, '?', '?', 1), (0, 3, '?', '?', 1), (0, 3, '?', '?', 1), (0, 3, '?', 2, 1), (0, 3, '?', 2, 1), (0, 3, '?', 2, 1), (0, 3, '?', '?', 1), (0, 3, '?', '?', 1), (0, 3, '?', 2, 1)]"
"(12, 12, 3, 8, 13, 0)","[(0, 3, '?', '?', 0), (0, 3, '?', '?', 0), (0, 3, '?', '?', 0), (0, 3, '?', '?', 0), (0, 3, '?', '?', 0), (0, 3, '?', '?', 0), (0, 3, '?', '?', 0), (0, 3, '?', '?', 0), (0, 3, '?', 2, 0), (0, 3, '?', 2, 0), (0, 3, '?', '?', 0)]"
"(12, 12, 3, 9, 3, 0)","[(1, 3, '?', '?', '?'), (1, 3, '?', '?', '?'), (1, 3, '?', '?', '?'), (1, 3, '?', '?', '?'), (1, 3, '?', '?', '?'), (1, 3, '?', '?', '?'), (1, 3, '?', '?', 1), (1, 3, '?', '?', '?')]"
"(12, 12, 3, 9, 11, 0)","[(1, 3, '?', '?', 1), (1, 3, '?', '?', 1), (1, 3, '?', '?', 1), (1, 3, '?', '?', 1), (1, 3, '?', '?', 1), (1, 3, '?', '?', 1), (1, 3, '?', '?', 1), (1, 3, '?', '?', 1)]"
"(12, 12, 3, 9, 13, 0)","[(1, 3, '?', '?', 0), (1, 3, '?', '?', 0), (1, 3, '?', '?', 0), (1, 3, '?', '?', 0), (1, 3, '?', '?', 0), (1, 3, '?', '?', 0)]"
"(12, 12, 3, 14, 3, 0)","[(2, 3, '?', '?', '?'), (2, 3, '?', '?', '?'), (2, 3, '?', '?', '?'), (2, 3, '?', '?', '?'), (2, 3, '?', '?', '?'), (2, 3, '?', '?', '?'), (2, 3, '?', '?', '?'), (2, 3, '?', '?', '?')]"
"(12, 12, 3, 14, 6, 0)","[(2, 3, '?', '?', 3), (2, 3, '?', '?', 3), (2, 3, '?', '?', 3), (2, 3, '?', '?', 3), (2, 3, '?', '?', 3), (2, 3, '?', '?', 3), (2, 3, '?', '?', 3)]"
"(12, 12, 3, 14, 11, 0)","[(2, 3, '?', '?', 1), (2, 3, '?', '?', 1), (2, 3, '?', '?', 1), (2, 3, '?', '?', 1), (2, 3, '?', '?', 1), (2, 3, '?', '?', 1), (2, 3, '?', '?', 1), (2, 3, '?', '?', 1)]"
"(12, 12, 3, 14, 13, 0)","[(2, 3, '?', '?', 0), (2, 3, '?', '?', 0), (2, 3, '?', '?', 0), (2, 3, '?', '?', 0), (2, 3, '?', '?', 0), (2, 3, '?', '?', 0), (2, 3, '?', '?', 0)]"
"(12, 12, 3, 14, 14, 0)","[(2, 3, '?', '?', '?')]"
"(12, 12, 4, 1, 6, 0)","[(3, 3, 3, 3, 3)]"
"(12, 12, 4, 1, 11, 0)","[(3, 3, 3, '?', 1), (3, 3, 3, '?', 1), (3, 3, 3, '?', 1), (3, 3, 3, '?', 1)]"
"(12, 12, 4, 1, 13, 0)","[(3, 3, 3, '?', 0), (3, 3, 3, '?', 0), (3, 3, 3, '?', 0), (3, 3, 3, '?', 0), (3, 3, 3, '?', 0)]"
"(12, 12, 4, 3, 3, 0)","[(3, 3, '?', '?', '?'), (3, 3, '?', '?', '?'), (3, 3, '?', '?', '?'), (3, 3, '?', '?', '?'), (3, 3, '?', '?', 1), (3, 3, '?', '?', 1), (3, 3, '?', '?', '?'), (3, 3, '?', '?', '?'), (3, 3, '?', '?', '?'), (3, 3, '?', '?', '?')]"
"(12, 12, 4, 3, 6, 0)","[(3, 3, '?', '?', 3), (3, 3, '?', '?', 3), (3, 3, '?', '?', 3), (3, 3, 0, '?', 3), (3, 3, '?', '?', 3), (3, 3, '?', '?', 3)]"
"(12, 12, 4, 3, 11, 0)","[(3, 3, '?', '?', 1), (3, 3, '?', '?', 1), (3, 3, '?', 2, 1), (3, 3, '?', '?', 1), (3, 3, '?', '?', 1)]"
"(12, 12, 4, 3, 13, 0)","[(3, 3, '?', '?', 0), (3, 3, '?', '?', 0), (3, 3, '?', '?', 0), (3, 3, '?', '?', 0)]"
"(12, 12, 4, 6, 1, 0)","[(3, 3, 3, '?', 2), (3, 3, 3, '?', 2), (3, 3, 3, '?', 2), (3, 3, 3, '?', 2), (3, 3, 3, '?', 2), (3, 3, 3, '?', 2), (3, 3, 3, '?', 2), (3, 3, 3, '?', 2)]"
"(12, 12, 4, 6, 3, 0)","[(3, 3, '?', '?', 2), (3, 3, '?', '?', 2), (3, 3, '?', '?', 2), (3, 3, '?', '?', 2)]"
"(12, 12, 4, 6, 4, 0)","[(3, 3, 0, 1, 2)]"
"(12, 12, 4, 6, 7, 0)","[(3, 3, 0, '?', 2), (3, 3, '?', 3, 2), (3, 3, 1, 3, 2), (3, 3, 1, 3, 2), (3, 3, 1, 3, 2), (3, 3, 0, 1, 2), (3, 3, 2, 3, 2)]"
"(12, 12, 4, 6, 10, 0)","[(3, 3, 1, '?', 2), (3, 3, 1, '?', 2), (3, 3, 1, '?', 2), (3, 3, 1, '?', 2)]"
"(12, 12, 4, 6, 11, 0)","[(3, 3, 2, '?', 2), (3, 3, 2, '?', 2), (3, 3, 2, '?', 2), (3, 3, 2, '?', 2), (3, 3, 2, '?', 2)]"
"(12, 12, 4, 7, 6, 0)","[(3, 3, '?', 3, 3), (3, 3, 3, 3, 3)]"
"(12, 12, 4, 7, 7, 0)","[(3, 3, 1, 3, 1), (3, 3, '?', 3, 1), (3, 3, 2, 3, '?'), (3, 3, '?', 3, '?'), (3, 3, 2, 3, '?'), (3, 3, '?', 3, '?'), (3, 3, 2, 3, 1), (3, 3, '?', 3, 1), (3, 3, 1, 3, 1), (3, 3, '?', 3, 1)]"
"(12, 12, 4, 7, 11, 0)","[(3, 3, '?', 3, 1), (3, 3, '?', 3, 1)]"
"(12, 12, 4, 7, 13, 0)","[(3, 3, '?', 3, 0), (3, 3, 3, 3, 0), (3, 3, '?', 3, 0)]"
"(12, 12, 4, 10, 3, 0)","[(3, 3, 1, '?', '?'), (3, 3, 1, '?', 1)]"
"(12, 12, 4, 10, 6, 0)","[(3, 3, 1, '?', 3), (3, 3, 1, '?', 3)]"
"(12, 12, 4, 10, 11, 0)","[(3, 3, 1, '?', 1), (3, 3, 1, '?', 1), (3, 3, 1, '?', 1)]"
"(12, 12, 4, 10, 13, 0)","[(3, 3, 1, '?', 0)]"
"(12, 12, 4, 11, 6, 0)","[(3, 3, 2, '?', 3), (3, 3, 2, '?', 3), (3, 3, 2, '?', 3), (3, 3, 2, '?', 3), (3, 3, 2, '?', 3), (3, 3, 2, '?', 3)]"
"(12, 12, 4, 11, 7, 0)","[(3, 3, 2, 3, 1), (3, 3, 2, 3, 1), (3, 3, 2, 3, 1), (3, 3, 2, 3, '?')]"
"(12, 12, 4, 11, 13, 0)","[(3, 3, 2, '?', 0), (3, 3, 2, '?', 0), (3, 3, 2, '?', 0), (3, 3, 2, '?', 0), (3, 3, 2, '?', 0)]"
"(12, 12, 6, 6, 3, 0)","[('?', 3, '?', '?', 2), ('?', 3, 0, '?', 2), ('?', 3, 0, '?', 2), ('?', 3, '?', '?', 2), ('?', 3, '?', '?', 2), (3, 3, 0, 2, 2)]"
"(12, 12, 6, 6, 9, 0)","[(1, 3, 0, '?', 2)]"
"(12, 12, 6, 6, 14, 0)","[(2, 3, '?', '?', 2)]"
"(12, 12, 7, 3, 3, 0)","[('?', 3, 0, '?', '?'), ('?', 3, 0, '?', '?'), ('?', 3, 0, '?', '?'), ('?', 3, 0, '?', '?'), ('?', 3, 0, '?', '?'), ('?', 3, 0, '?', '?'), ('?', 3, 0, '?', '?'), ('?', 3, 0, '?', '?')]"
"(12, 12, 7, 3, 6, 0)","[('?', 3, 0, '?', 3), ('?', 3, 0, '?', 3), ('?', 3, 0, '?', 3), ('?', 3, 0, '?', 3), ('?', 3, 0, '?', 3), ('?', 3, 0, '?', 3), ('?', 3, 0, '?', 3), ('?', 3, 0, '?', 3)]"
"(12, 12, 7, 3, 11, 0)","[('?', 3, 0, '?', 1), ('?', 3, 0, '?', 1), ('?', 3, 0, '?', 1), ('?', 3, 0, '?', 1), ('?', 3, 0, '?', 1), ('?', 3, 0, '?', 1), (3, 3, 0, 2, 1), ('?', 3, 0, '?', 1)]"
"(12, 12, 7, 3, 13, 0)","[('?', 3, 0, '?', 0), ('?', 3, 0, '?', 0), ('?', 3, 0, '?', 0), ('?', 3, 0, '?', 0), ('?', 3, 0, '?', 0), ('?', 3, 0, '?', 0), ('?', 3, 0, '?', 0), ('?', 3, 0, '?', 0)]"
"(12, 12, 7, 4, 3, 0)","[(3, 3, 0, '?', 3), (3, 3, 0, 1, 1), (3, 3, 0, '?', 3)]"
"(12, 12, 7, 4, 6, 0)","[(3, 3, 0, '?', 3), (3, 3, 0, '?', 3)]"
"(12, 12, 7, 4, 11, 0)","[(3, 3, 0, '?', 1), (3, 3, 0, '?', 1), (3, 3, 0, '?', 1), (3, 3, 0, '?', 1), (3, 3, 0, '?', 1)]"
"(12, 12, 7, 4, 13, 0)","[(3, 3, 0, '?', 0), (3, 3, 0, '?', 0), (3, 3, 0, '?', 0), (3, 3, 0, 1, 0), (3, 3, 0, 3, 0)]"
"(12, 12, 7, 6, 3, 0)","[('?', 3, 0, '?', 2), ('?', 3, 0, '?', 2), (3, 3, 0, 1, 2), ('?', 3, 0, '?', 2), ('?', 3, 0, '?', 2), (3, 3, 0, '?', 2), ('?', 3, 0, '?', 2), ('?', 3, 0, '?', 2), ('?', 3, 0, '?', 2), ('?', 3, 0, '?', 2)]"
"(12, 12, 7, 6, 7, 0)","[('?', 3, 0, 3, 2), (0, 3, 0, 3, 2), ('?', 3, 0, 3, 2)]"
"(12, 12, 7, 6, 9, 0)","[(1, 3, 0, '?', 2), (1, 3, 0, '?', 2), (1, 3, 0, '?', 2)]"
"(12, 12, 7, 7, 6, 0)","[('?', 3, 0, 3, 3), ('?', 3, 0, 3, 3), ('?', 3, 0, 3, 3), ('?', 3, 0, 3, 3), ('?', 3, 0, 3, 3)]"
"(12, 12, 7, 7, 7, 0)","[('?', 3, 0, 3, 1), (3, 3, 0, 3, 1), (3, 3, 0, 3, 1), ('?', 3, 0, 3, '?'), ('?', 3, 0, 3, 1), ('?', 3, 0, 3, 1), ('?', 3, 0, 3, 1), ('?', 3, 0, 3, 1), ('?', 3, 0, 3, 1), ('?', 3, 0, 3, '?')]"
"(12, 12, 7, 7, 11, 0)","[(3, 3, 0, 3, 1)]"
"(12, 12, 7, 7, 13, 0)","[(3, 3, 0, 3, 0), (3, 3, 0, 3, 0), (3, 3, 0, 3, 0), (2, 3, 0, 3, 0), (2, 3, 0, 3, 0), ('?', 3, 0, 3, 0), ('?', 3, 0, 3, 0)]"
"(12, 12, 7, 8, 3, 0)","[(0, 3, 0, '?', '?'), (0, 3, 0, '?', '?'), (0, 3, 0, '?', '?'), (0, 3, 0, '?', '?'), (0, 3, 0, 2, '?'), (0, 3, 0, '?', '?'), (0, 3, 0, 2, '?'), (0, 3, 0, '?', '?'), (0, 3, 0, 2, '?'), (0, 3, 0, '?', '?')]"
"(12, 12, 7, 8, 6, 0)","[(0, 3, 0, '?', 3), (0, 3, 0, '?', 3), (0, 3, 0, 3, 3), (0, 3, 0, 3, 3), (0, 3, 0, 2, 3), (0, 3, 0, 2, 3), (0, 3, 0, 3, 3), (0, 3, 0, 2, 3), (0, 3, 0, 2, 3), (0, 3, 0, '?', 3), (0, 3, 0, '?', 3), (0, 3, 0, 3, 3), (0, 3, 0, '?', 3), (0, 3, 0, 2, 3), (0, 3, 0, 2, 3), (0, 3, 0, 3, 3), (0, 3, 0, '?', 3), (0, 3, 0, '?', 3), (0, 3, 0, 2, 3)]"
"(12, 12, 7, 8, 7, 0)","[(0, 3, 0, 3, '?'), (0, 3, 0, 3, 1), (0, 3, 0, 3, '?'), (0, 3, 0, 3, 1), (0, 3, 0, 3, '?'), (0, 3, 0, 3, '?'), (0, 3, 0, 3, 1)]"
"(12, 12, 7, 8, 11, 0)","[(0, 3, 0, '?', 1), (0, 3, 0, '?', 1), (0, 3, 0, 2, 1), (0, 3, 0, 2, 1), (0, 3, 0, '?', 1), (0, 3, 0, 2, 1), (0, 3, 0, 2, 1), (0, 3, 0, 2, 1), (0, 3, 0, '?', 1)]"
"(12, 12, 7, 8, 13, 0)","[(0, 3, 0, '?', 0), (0, 3, 0, '?', 0), (0, 3, 0, '?', 0), (0, 3, 0, '?', 0), (0, 3, 0, 0, 0), (0, 3, 0, 3, 0), (0, 3, 0, '?', 0), (0, 3, 0, 3, 0), (0, 3, 0, '?', 0), (0, 3, 0, 0, 0), (0, 3, 0, '?', 0), (0, 3, 0, 3, 0), (0, 3, 0, '?', 0), (0, 3, 0, '?', 0)]"
"(12, 12, 7, 9, 3, 0)","[(1, 3, 0, '?', '?'), (1, 3, 0, '?', '?'), (1, 3, 0, '?', '?'), (1, 3, 0, '?', '?'), (1, 3, 0, '?', '?'), (1, 3, 0, '?', '?'), (1, 3, 0, '?', '?')]"
"(12, 12, 7, 9, 6, 0)","[(1, 3, 0, 2, 3)]"
"(12, 12, 7, 9, 7, 0)","[(1, 3, 0, 3, '?')]"
"(12, 12, 7, 9, 11, 0)","[(1, 3, 0, '?', 1), (1, 3, 0, '?', 1), (1, 3, 0, '?', 1), (1, 3, 0, '?', 1), (1, 3, 0, '?', 1), (1, 3, 0, '?', 1), (1, 3, 0, '?', 1), (1, 3, 0, '?', 1)]"
"(12, 12, 7, 14, 3, 0)","[(2, 3, 0, '?', '?'), (2, 3, 0, '?', '?'), (2, 3, 0, '?', '?'), (2, 3, 0, 2, '?'), (2, 3, 0, '?', '?'), (2, 3, 0, '?', '?'), (2, 3, 0, '?', '?'), (2, 3, 0, '?', 1), (2, 3, 0, '?', '?')]"
"(12, 12, 7, 14, 6, 0)","[(2, 3, 0, '?', 3), (2, 3, 0, '?', 3), (2, 3, 0, '?', 3), (2, 3, 0, '?', 3), (2, 3, 0, '?', 3), (2, 3, 0, '?', 3), (2, 3, 0, '?', 3)]"
"(12, 12, 7, 14, 11, 0)","[(2, 3, 0, '?', 1), (2, 3, 0, '?', 1), (2, 3, 0, '?', 1), (2, 3, 0, '?', 1), (2, 3, 0, '?', 1), (2, 3, 0, '?', 1)]"
"(12, 12, 7, 14, 13, 0)","[(2, 3, 0, '?', 0), (2, 3, 0, '?', 0), (2, 3, 0, '?', 0), (2, 3, 0, '?', 0), (2, 3, 0, '?', 0), (2, 3, 0, '?', 0), (2, 3, 0, '?', 0)]"
"(12, 12, 8, 7, 6, 0)","[(0, 3, 1, 3, 3)]"
"(12, 12, 8, 7, 13, 0)","[(0, 3, '?', 3, 0), (0, 3, '?', 3, 0), (0, 3, '?', 3, 0), (0, 3, '?', 3, 0)]"
"(12, 12, 9, 3, 13, 0)","[(1, 3, 3, '?', 0)]"
"(12, 12, 9, 9, 3, 0)","[(1, 3, '?', '?', '?')]"
"(12, 12, 10, 3, 3, 0)","[('?', 3, 1, '?', '?'), ('?', 3, 1, '?', '?'), ('?', 3, 1, '?', 1)]"
"(12, 12, 10, 3, 6, 0)","[('?', 3, 1, '?', 3)]"
"(12, 12, 10, 3, 7, 0)","[('?', 3, 1, 3, 1)]"
"(12, 12, 10, 3, 13, 0)","[('?', 3, 1, '?', 0)]"
"(12, 12, 10, 4, 4, 0)","[(0, 3, 1, '?', 2), (0, 3, 1, '?', 2), (0, 3, 1, '?', 2), (0, 3, 1, '?', 2), (0, 3, 1, '?', 2), (0, 3, 1, '?', 2), (0, 3, 1, '?', 2)]"
"(12, 12, 10, 6, 3, 0)","[('?', 3, 1, '?', 2), ('?', 3, 1, 2, 2), ('?', 3, 1, '?', '?'), ('?', 3, 1, '?', 2), ('?', 3, 1, '?', 2), ('?', 3, 1, '?', 2)]"
"(12, 12, 10, 6, 6, 0)","[('?', 3, 1, '?', 2)]"
"(12, 12, 10, 6, 14, 0)","[(2, 3, 1, '?', 2), (2, 3, 1, '?', 2), (2, 3, 1, '?', 2), (2, 3, 1, '?', 2), (2, 3, 1, '?', 2), (2, 3, 1, '?', 2), (2, 3, 1, '?', 2)]"
"(12, 12, 10, 7, 7, 0)","[('?', 3, 1, 3, 1), (1, 3, 1, 3, 1), ('?', 3, 1, 3, '?'), ('?', 3, 1, 3, 1), ('?', 3, 1, 3, '?')]"
"(12, 12, 10, 7, 9, 0)","[(1, 3, 1, 3, 0)]"
"(12, 12, 10, 7, 13, 0)","[('?', 3, 1, 3, 0), ('?', 3, 1, 3, 0), (1, 3, 1, 3, 0)]"
"(12, 12, 10, 8, 3, 0)","[(0, 3, 1, '?', '?'), (0, 3, 1, 2, '?'), (0, 3, 1, '?', '?'), (0, 3, 1, 2, '?'), (0, 3, 1, '?', '?'), (0, 3, 1, '?', '?'), (0, 3, 1, 2, '?'), (0, 3, 1, '?', '?'), (0, 3, 1, '?', '?'), (0, 3, 1, 2, '?')]"
"(12, 12, 10, 8, 6, 0)","[(0, 3, 1, 2, 3), (0, 3, 1, '?', 3), (0, 3, 1, 3, 3), (0, 3, 1, 2, 3), (0, 3, 1, '?', 3), (0, 3, 1, 2, 3), (0, 3, 1, '?', 3), (0, 3, 1, 3, 3), (0, 3, 1, 1, 3), (0, 3, 1, '?', 3), (0, 3, 1, 3, 3), (0, 3, 1, '?', 3), (0, 3, 1, '?', 3), (0, 3, 1, 3, 3), (0, 3, 1, '?', 3), (0, 3, 1, '?', 3), (0, 3, 1, 2, 3)]"
"(12, 12, 10, 8, 7, 0)","[(0, 3, 1, 3, 0)]"
"(12, 12, 10, 8, 11, 0)","[(0, 3, 1, 2, 1), (0, 3, 1, '?', 1), (0, 3, 1, 2, 1), (0, 3, 1, '?', 1), (0, 3, 1, '?', 1), (0, 3, 1, 2, 1), (0, 3, 1, '?', 1), (0, 3, 1, '?', 1), (0, 3, 1, '?', 1), (0, 3, 1, '?', 1)]"
"(12, 12, 10, 8, 13, 0)","[(0, 3, 1, '?', 0), (0, 3, 1, '?', 0), (0, 3, 1, '?', 0), (0, 3, 1, '?', 0), (0, 3, 1, 2, 0), (0, 3, 1, '?', 0), (0, 3, 1, '?', 0), (0, 3, 1, 2, 0), (0, 3, 1, '?', 0), (0, 3, 1, '?', 0), (0, 3, 1, 2, 0), (0, 3, 1, '?', 0)]"
"(12, 12, 10, 9, 3, 0)","[(1, 3, 1, '?', '?'), (1, 3, 1, '?', '?')]"
"(12, 12, 10, 9, 6, 0)","[(1, 3, 1, '?', 3), (1, 3, 1, '?', 3), (1, 3, 1, '?', 3), (1, 3, 1, '?', 3), (1, 3, 1, '?', 3), (1, 3, 1, '?', 3), (1, 3, 1, '?', 3)]"
"(12, 12, 10, 9, 9, 0)","[(1, 3, 1, '?', '?')]"
"(12, 12, 10, 9, 11, 0)","[(1, 3, 1, '?', 1), (1, 3, 1, '?', 1), (1, 3, 1, '?', 1), (1, 3, 1, '?', 1), (1, 3, 1, '?', 1), (1, 3, 1, '?', 1)]"
"(12, 12, 10, 9, 13, 0)","[(1, 3, 1, '?', 0), (1, 3, 1, '?', 0), (1, 3, 1, '?', 0), (1, 3, 1, '?', 0), (1, 3, 1, '?', 0), (1, 3, 1, '?', 0)]"
"(12, 12, 10, 10, 3, 0)","[('?', 3, 1, '?', 1), ('?', 3, 1, '?', 1), ('?', 3, 1, '?', '?'), ('?', 3, 1, '?', 1), (0, 3, 1, '?', '?'), ('?', 3, 1, '?', '?'), ('?', 3, 1, '?', 1), ('?', 3, 1, '?', '?')]"
"(12, 12, 10, 10, 6, 0)","[('?', 3, 1, '?', 3), ('?', 3, 1, '?', 3), ('?', 3, 1, '?', 3), ('?', 3, 1, '?', 3), ('?', 3, 1, '?', 3), ('?', 3, 1, '?', 3), ('?', 3, 1, '?', 3), ('?', 3, 1, '?', 3), ('?', 3, 1, '?', 3)]"
"(12, 12, 10, 10, 9, 0)","[(1, 3, 1, '?', '?'), (1, 3, 1, '?', '?')]"
"(12, 12, 10, 10, 11, 0)","[('?', 3, 1, '?', 1), ('?', 3, 1, '?', 1), ('?', 3, 1, '?', 1), ('?', 3, 1, '?', 1)]"
"(12, 12, 10, 10, 13, 0)","[('?', 3, 1, '?', 0), ('?', 3, 1, '?', 0), ('?', 3, 1, '?', 0), ('?', 3, 1, '?', 0), ('?', 3, 1, '?', 0), ('?', 3, 1, '?', 0), ('?', 3, 1, '?', 0)]"
"(12, 12, 10, 14, 3, 0)","[(2, 3, '?', '?', '?'), (2, 3, 1, '?', '?'), (2, 3, 1, '?', '?'), (2, 3, 1, '?', '?'), (2, 3, 1, '?', '?'), (2, 3, 1, '?', '?'), (2, 3, 1, '?', '?')]"
"(12, 12, 10, 14, 6, 0)","[(2, 3, 1, '?', 3), (2, 3, 1, '?', 3), (2, 3, 1, '?', 3), (2, 3, 1, '?', 3), (2, 3, 1, '?', 3), (2, 3, 1, '?', 3), (2, 3, 1, '?', 3), (2, 3, 1, '?', 3)]"
"(12, 12, 10, 14, 10, 0)","[(2, 3, 1, '?', '?')]"
"(12, 12, 10, 14, 11, 0)","[(2, 3, 1, '?', 1), (2, 3, 1, '?', 1), (2, 3, 1, '?', 1), (2, 3, 1, '?', 1), (2, 3, 1, '?', 1)]"
"(12, 12, 10, 14, 13, 0)","[(2, 3, 1, '?', 0), (2, 3, 1, '?', 0), (2, 3, 1, '?', 0), (2, 3, 1, '?', 0), (2, 3, 1, '?', 0), (2, 3, 1, '?', 0)]"
"(12, 12, 11, 3, 3, 0)","[('?', 3, 2, '?', '?'), ('?', 3, 2, '?', '?'), ('?', 3, 2, '?', '?'), ('?', 3, 2, '?', '?'), ('?', 3, 2, '?', '?'), ('?', 3, 2, '?', '?'), ('?', 3, 2, '?', '?'), ('?', 3, 2, '?', '?')]"
"(12, 12, 11, 3, 6, 0)","[('?', 3, 2, '?', 3), ('?', 3, 2, '?', 3), ('?', 3, 2, '?', 3), ('?', 3, 2, '?', 3), ('?', 3, 2, '?', 3), ('?', 3, 2, '?', 3), ('?', 3, 2, '?', 3), ('?', 3, 2, '?', 3)]"
"(12, 12, 11, 3, 11, 0)","[('?', 3, 2, '?', 1), ('?', 3, 2, '?', 1), ('?', 3, 2, '?', 1), ('?', 3, 2, '?', 1), ('?', 3, 2, '?', 1), ('?', 3, 2, '?', 1)]"
"(12, 12, 11, 3, 13, 0)","[('?', 3, 2, '?', 0), ('?', 3, 2, '?', 0), ('?', 3, 2, '?', 0), ('?', 3, 2, '?', 0), ('?', 3, 2, '?', 0), ('?', 3, 2, '?', 0), ('?', 3, 2, '?', 0), ('?', 3, 2, '?', 0)]"
"(12, 12, 11, 4, 4, 0)","[(0, 3, 2, '?', 2), (0, 3, 2, '?', 2), (0, 3, 2, '?', 2), (0, 3, 2, '?', 2), (0, 3, 2, 2, 2), (0, 3, 2, '?', 2)]"
"(12, 12, 11, 6, 3, 0)","[('?', 3, 2, '?', 2), ('?', 3, 2, '?', 2), ('?', 3, 2, '?', 2), ('?', 3, 2, '?', 2), ('?', 3, 2, '?', 2), ('?', 3, 2, '?', 2), ('?', 3, 2, '?', 2), ('?', 3, 2, '?', 2)]"
"(12, 12, 11, 6, 7, 0)","[('?', 3, 2, 3, 2)]"
"(12, 12, 11, 6, 9, 0)","[(1, 3, 2, '?', 2), (1, 3, 2, '?', 2), (1, 3, 2, '?', 2), (1, 3, 2, '?', 2), (1, 3, 2, '?', 2), (1, 3, 2, '?', 2), (1, 3, 2, '?', 2), (1, 3, 2, '?', 2)]"
"(12, 12, 11, 7, 6, 0)","[(1, 3, 2, 3, 3)]"
"(12, 12, 11, 7, 11, 0)","[(1, 3, 2, 3, 1), (1, 3, 2, 3, 1), (1, 3, 2, 3, 1)]"
"(12, 12, 11, 7, 13, 0)","[(1, 3, 2, 3, 0), (1, 3, 2, 3, 0), (1, 3, 2, 3, 0), (1, 3, 2, 3, 0)]"
"(12, 12, 11, 8, 3, 0)","[(0, 3, 2, '?', '?'), (0, 3, 2, '?', '?'), (0, 3, 2, '?', '?'), (0, 3, 2, '?', '?'), (0, 3, 2, '?', '?'), (0, 3, 2, '?', '?'), (0, 3, 2, '?', '?'), (0, 3, 2, '?', '?')]"
"(12, 12, 11, 8, 6, 0)","[(0, 3, 2, 1, 3), (0, 3, 2, 2, 3), (0, 3, 2, 2, 3), (0, 3, 2, 2, 3), (0, 3, 2, 2, 3), (0, 3, 2, 2, 3), (0, 3, 2, 2, 3)]"
"(12, 12, 11, 8, 7, 0)","[(0, 3, 2, 3, 0), (0, 3, 2, 3, 0), (0, 3, 2, 3, 0), (0, 3, 2, 3, 0), (0, 3, 2, 3, 0), (0, 3, 2, 3, 0), (0, 3, 2, 3, 0)]"
"(12, 12, 11, 8, 11, 0)","[(0, 3, 2, '?', 1), (0, 3, 2, 2, 1), (0, 3, 2, '?', 1), (0, 3, 2, '?', 1), (0, 3, 2, 2, 1), (0, 3, 2, '?', 1), (0, 3, 2, '?', 1), (0, 3, 2, '?', 1), (0, 3, 2, '?', 1), (0, 3, 2, '?', 1)]"
"(12, 12, 11, 8, 13, 0)","[(0, 3, 2, 0, 0), (0, 3, 2, '?', 0), (0, 3, 2, '?', 0), (0, 3, 2, 2, 0), (0, 3, 2, 0, 0), (0, 3, 2, '?', 0), (0, 3, 2, '?', 0), (0, 3, 2, '?', 0), (0, 3, 2, 0, 0), (0, 3, 2, '?', 0), (0, 3, 2, '?', 0), (0, 3, 2, '?', 0), (0, 3, 2, '?', 0)]"
"(12, 12, 11, 9, 3, 0)","[(1, 3, 2, '?', '?'), (1, 3, 2, '?', '?'), (1, 3, 2, '?', '?'), (1, 3, 2, '?', '?'), (1, 3, 2, '?', '?'), (1, 3, 2, '?', '?'), (1, 3, 2, '?', '?')]"
"(12, 12, 11, 9, 6, 0)","[(1, 3, 2, '?', 3), (1, 3, 2, '?', 3), (1, 3, 2, '?', 3), (1, 3, 2, '?', 3), (1, 3, 2, '?', 3), (1, 3, 2, '?', 3), (1, 3, 2, '?', 3), (1, 3, 2, '?', 3)]"
"(12, 12, 11, 9, 13, 0)","[(1, 3, 2, '?', 0), (1, 3, 2, '?', 0), (1, 3, 2, '?', 0), (1, 3, 2, '?', 0), (1, 3, 2, '?', 0), (1, 3, 2, '?', 0)]"
"(12, 12, 11, 14, 3, 0)","[(2, 3, 2, '?', '?'), (2, 3, 2, '?', '?'), (2, 3, 2, '?', '?'), (2, 3, 2, '?', '?'), (2, 3, 2, '?', '?'), (2, 3, 2, '?', '?')]"
"(12, 12, 11, 14, 6, 0)","[(2, 3, 2, '?', 3), (2, 3, 2, '?', 3), (2, 3, 2, '?', 3), (2, 3, 2, '?', 3), (2, 3, 2, '?', 3), (2, 3, 2, '?', 3), (2, 3, 2, '?', 3)]"
"(12, 12, 11, 14, 11, 0)","[(2, 3, 2, '?', 1), (2, 3, 2, '?', 1), (2, 3, 2, '?', 1), (2, 3, 2, '?', 1), (2, 3, 2, '?', 1), (2, 3, 2, '?', 1), (2, 3, 2, '?', 1), (2, 3, 2, '?', 1), (2, 3, 2, '?', 1), (2, 3, 2, '?', 1)]"
"(12, 12, 14, 3, 6, 0)","[(2, 3, '?', '?', 3)]"
"(12, 12, 14, 3, 11, 0)","[(2, 3, '?', '?', 1), (2, 3, '?', '?', 1)]"
"(12, 12, 14, 3, 13, 0)","[(2, 3, '?', '?', 0)]"
"(12, 12, 14, 6, 14, 0)","[(2, 3, '?', '?', 2)]"
"(12, 12, 14, 7, 6, 0)","[(2, 3, 3, 3, 3), (2, 3, 3, 3, 3)]"
"(12, 12, 14, 7, 13, 0)","[(2, 3, 1, 3, 0), (2, 3, 1, 3, 0)]"
"(12, 12, 14, 7, 14, 0)","[(2, 3, '?', 3, 1)]"
"(12, 14, 1, 7, 6, 0)","[(2, 3, 3, 3, 3), (2, 3, 3, 3, 3), (2, 3, 3, 3, 3), (2, 3, 3, 3, 3), (2, 3, 3, 3, 3), (2, 3, 3, 3, 3), (2, 3, 3, 3, 3)]"
"(12, 14, 1, 7, 7, 0)","[(2, 3, 3, 3, '?'), (2, 3, 3, 3, '?'), (2, 3, 3, 3, '?'), (2, 3, 3, 3, '?'), (2, 3, 3, 3, '?'), (2, 3, 3, 3, '?'), (2, 3, 3, 3, '?'), (2, 3, 3, 3, 1)]"
"(12, 14, 1, 7, 11, 0)","[(2, 3, 3, 3, 1), (2, 3, 3, 3, 1), (2, 3, 3, 3, 1), (2, 3, 3, 3, 1), (2, 3, 3, 3, 1), (2, 3, 3, 3, 1), (2, 3, 3, 3, 1)]"
"(12, 14, 1, 7, 13, 0)","[(2, 3, 3, 3, 0), (2, 3, 3, 3, 0), (2, 3, 3, 3, 0), (2, 3, 3, 3, 0), (2, 3, 3, 3, 0), (2, 3, 3, 3, 0), (2, 3, 3, 3, 0)]"
"(12, 14, 3, 7, 7, 0)","[(2, 3, '?', 3, '?'), (2, 3, '?', 3, '?')]"
"(12, 14, 3, 7, 11, 0)","[(2, 3, '?', 3, 1), (2, 3, '?', 3, 1)]"
"(12, 14, 3, 7, 13, 0)","[(2, 3, '?', 3, 0)]"
"(12, 14, 3, 7, 14, 0)","[(2, 3, '?', 3, 1), (2, 3, '?', 3, '?')]"
"(12, 14, 3, 14, 7, 0)","[(2, 3, '?', 3, '?'), (2, 3, '?', 3, '?')]"
"(12, 14, 3, 14, 11, 0)","[(2, 3, '?', 3, 1)]"
"(12, 14, 7, 6, 7, 0)","[(2, 3, 0, 3, 2), (2, 3, 0, 3, 2), (2, 3, 0, 3, 2), (2, 3, 0, 3, 2), (2, 3, 0, 3, 2)]"
"(12, 14, 7, 6, 14, 0)","[(2, 3, 0, 3, 2), (2, 3, 0, 3, 2)]"
"(12, 14, 7, 7, 7, 0)","[(2, 3, 0, 3, '?')]"
"(12, 14, 7, 7, 11, 0)","[(2, 3, 0, 3, 1), (2, 3, 0, 3, 1), (2, 3, 0, 3, 1)]"
"(12, 14, 7, 7, 13, 0)","[(2, 3, 0, 3, 0), (2, 3, 0, 3, 0), (2, 3, 0, 3, 0), (2, 3, 0, 3, 0), (2, 3, 0, 3, 0), (2, 3, 0, 3, 0), (2, 3, 0, 3, 0)]"
"(12, 14, 7, 7, 14, 0)","[(2, 3, 0, 3, '?'), (2, 3, 0, 3, '?'), (2, 3, 0, 3, '?'), (2, 3, 0, 3, '?'), (2, 3, 0, 3, '?'), (2, 3, 0, 3, '?'), (2, 3, 0, 3, 1), (2, 3, 0, 3, 1), (2, 3, 0, 3, '?'), (2, 3, 0, 3, 1), (2, 3, 0, 3, 1), (2, 3, 0, 3, 1)]"
"(12, 14, 7, 14, 3, 0)","[(2, 3, 0, '?', '?')]"
"(12, 14, 7, 14, 6, 0)","[(2, 3, 0, '?', 3)]"
"(12, 14, 10, 6, 7, 0)","[(2, 3, 1, 3, 2), (2, 3, 1, 3, 2), (2, 3, 1, 3, 2), (2, 3, 1, 3, 2), (2, 3, 1, 3, 2)]"
"(12, 14, 10, 7, 6, 0)","[(2, 3, '?', 3, 3)]"
"(12, 14, 10, 7, 7, 0)","[(2, 3, 1, 3, '?')]"
"(12, 14, 10, 7, 13, 0)","[(2, 3, 1, 3, 0), (2, 3, 1, 3, 0), (2, 3, 1, 3, 0), (2, 3, 1, 3, 0), (2, 3, 1, 3, 0)]"
"(12, 14, 10, 7, 14, 0)","[(2, 3, 1, 3, '?'), (2, 3, 1, 3, '?'), (2, 3, 1, 3, '?')]"
"(12, 14, 10, 14, 7, 0)","[(2, 3, 1, 3, '?'), (2, 3, 1, 3, '?')]"
"(12, 14, 11, 6, 7, 0)","[(2, 3, 2, 3, 2), (2, 3, 2, 3, 2), (2, 3, 2, 3, 2), (2, 3, 2, 3, 2), (2, 3, 2, 3, 2), (2, 3, 2, 3, 2)]"
"(12, 14, 11, 7, 6, 0)","[(2, 3, 2, 3, 3), (2, 3, 2, 3, 3), (2, 3, 2, 3, 3), (2, 3, 2, 3, 3), (2, 3, 2, 3, 3)]"
"(12, 14, 11, 7, 7, 0)","[(2, 3, 2, 3, '?'), (2, 3, 2, 3, '?'), (2, 3, 2, 3, '?'), (2, 3, 2, 3, '?'), (2, 3, 2, 3, '?'), (2, 3, 2, 3, '?'), (2, 3, 2, 3, '?')]"
"(12, 14, 11, 7, 13, 0)","[(2, 3, 2, 3, 0), (2, 3, 2, 3, 0), (2, 3, 2, 3, 0), (2, 3, 2, 3, 0), (2, 3, 2, 3, 0), (2, 3, 2, 3, 0), (2, 3, 2, 3, 0)]"
"(12, 14, 11, 7, 14, 0)","[(2, 3, 2, 3, '?')]"
"(12, 14, 14, 7, 6, 0)","[(2, 3, '?', 3, 3), (2, 3, '?', 3, 3), (2, 3, '?', 3, 3), (2, 3, '?', 3, 3), (2, 3, '?', 3, 3), (2, 3, '?', 3, 3)]"
"(12, 14, 14, 7, 7, 0)","[(2, 3, 1, 3, '?'), (2, 3, '?', 3, '?'), (2, 3, '?', 3, '?'), (2, 3, '?', 3, '?'), (2, 3, '?', 3, '?'), (2, 3, '?', 3, '?'), (2, 3, '?', 3, 1)]"
"(12, 14, 14, 7, 11, 0)","[(2, 3, '?', 3, 1), (2, 3, '?', 3, 1), (2, 3, '?', 3, 1)]"
"(12, 14, 14, 7, 13, 0)","[(2, 3, '?', 3, 0), (2, 3, '?', 3, 0), (2, 3, '?', 3, 0), (2, 3, '?', 3, 0), (2, 3, '?', 3, 0), (2, 3, '?', 3, 0), (2, 3, '?', 3, 0)]"
"(14, 14, 1, 7, 11, 0)","[(2, 2, 3, 3, 1)]"
"(14, 14, 7, 6, 7, 0)","[(2, 2, 0, 3, 2)]"
"(14, 14, 7, 7, 7, 0)","[(2, 2, 0, 3, '?')]"
"(14, 14, 7, 7, 11, 0)","[(2, 2, 0, 3, 1), (2, 2, 0, 3, 1), (2, 2, 0, 3, 1)]"
"(14, 14, 7, 7, 14, 0)","[(2, 2, 0, 3, '?'), (2, 2, 0, 3, '?')]"
"(14, 14, 10, 7, 11, 0)","[(2, 2, 1, 3, 1)]"
"(15, 1, 1, 8, 11, 0)","[(0, 2, 3, 2, 1)]"
"(15, 1, 1, 14, 6, 0)","[(2, 2, 3, 2, 3)]"
"(15, 1, 3, 1, 3, 0)","[('?', 2, 3, 2, 0)]"
"(15, 1, 3, 3, 13, 0)","[('?', 2, 3, 2, 0), ('?', 2, 3, 2, 0)]"
"(15, 1, 3, 4, 7, 0)","[(0, 2, 3, 3, 2)]"
"(15, 1, 3, 6, 1, 0)","[('?', 2, 3, 2, 2)]"
"(15, 1, 3, 7, 7, 0)","[('?', 2, 3, 3, '?'), ('?', 2, 3, 3, '?')]"
"(15, 1, 3, 7, 13, 0)","[('?', 2, 3, 3, 0), ('?', 2, 3, 3, 0)]"
"(15, 1, 3, 8, 3, 0)","[(0, 2, 3, 3, 1)]"
"(15, 1, 3, 9, 3, 0)","[(1, 2, 3, 2, '?'), (1, 2, 3, 2, '?')]"
"(15, 1, 3, 14, 11, 0)","[(2, 2, 3, 2, 1)]"
"(15, 1, 4, 4, 4, 0)","[(0, 2, 3, 2, 2)]"
"(15, 1, 6, 1, 9, 0)","[(1, 2, 3, 2, 2)]"
"(15, 1, 6, 6, 3, 0)","[('?', 2, 3, 2, 2)]"
"(15, 1, 6, 6, 14, 0)","[(2, 2, 3, 2, 2)]"
"(15, 1, 6, 14, 1, 0)","[(2, 2, 3, 2, 2)]"
"(15, 1, 8, 3, 15, 0)","[(0, 2, 3, 2, '?')]"
"(15, 1, 8, 7, 6, 0)","[(0, 2, 3, 3, 3), (0, 2, 3, 3, 3)]"
"(15, 1, 8, 7, 7, 0)","[(0, 2, 3, 3, '?')]"
"(15, 1, 8, 7, 8, 0)","[(0, 2, 3, 3, 1)]"
"(15, 1, 8, 7, 13, 0)","[(0, 2, 3, 3, 0)]"
"(15, 1, 8, 8, 3, 0)","[(0, 2, 3, 2, '?'), (0, 2, 3, 2, '?')]"
"(15, 1, 9, 9, 1, 0)","[(1, 2, 3, 2, '?')]"
"(15, 1, 14, 1, 11, 0)","[(2, 2, 3, 2, 1)]"
"(15, 1, 14, 3, 14, 0)","[(2, 2, 3, 2, '?'), (2, 2, 3, 2, '?')]"
"(15, 2, 1, 3, 3, 0)","[('?', 2, 3, 0, '?'), ('?', 2, 3, 0, '?'), ('?', 2, 3, 0, 2), ('?', 2, 3, 0, 2), ('?', 2, 3, 0, '?'), ('?', 2, 3, 0, '?'), ('?', 2, 3, 0, '?'), ('?', 2, 3, 0, '?'), ('?', 2, 3, 0, '?'), ('?', 2, 3, 0, 2), ('?', 2, 3, 0, '?')]"
"(15, 2, 1, 3, 6, 0)","[('?', 2, 3, 0, 3), ('?', 2, 3, 0, 3), ('?', 2, 3, 0, 3), ('?', 2, 3, 0, 3), ('?', 2, 3, 0, 3)]"
"(15, 2, 1, 3, 11, 0)","[(3, 2, 3, 0, 1)]"
"(15, 2, 1, 8, 3, 0)","[(0, 2, 3, 0, '?'), (0, 2, 3, 0, '?'), (0, 2, 3, 0, 2), (0, 2, 3, 0, '?'), (0, 2, 3, 0, '?'), (0, 2, 3, 0, 0)]"
"(15, 2, 1, 8, 11, 0)","[(0, 2, 3, 0, 1), (0, 2, 3, 0, 1), (0, 2, 3, 0, 1), (0, 2, 3, 0, 1)]"
"(15, 2, 1, 8, 13, 0)","[(0, 2, 3, 0, 0), (0, 2, 3, 0, 0), (0, 2, 3, 0, 0), (0, 2, 3, 0, 0)]"
"(15, 2, 1, 9, 1, 0)","[(1, 2, 3, 0, 1)]"
"(15, 2, 1, 9, 3, 0)","[(1, 2, 3, 0, 2), (1, 2, 3, 0, 2), (1, 2, 3, 0, 2), (1, 2, 3, 0, 2), (1, 2, 3, 0, 2)]"
"(15, 2, 1, 9, 6, 0)","[(1, 2, 3, 0, 3), (1, 2, 3, 0, 3), (1, 2, 3, 0, 3), (1, 2, 3, 0, 3), (1, 2, 3, 0, 3), (1, 2, 3, 0, 3), (1, 2, 3, 0, 3), (1, 2, 3, 0, 3), (1, 2, 3, 0, 3)]"
"(15, 2, 1, 9, 11, 0)","[(1, 2, 3, 0, 1), (1, 2, 3, 0, 1), (1, 2, 3, 0, 1), (1, 2, 3, 0, 1), (1, 2, 3, 0, 1)]"
"(15, 2, 1, 9, 13, 0)","[(1, 2, 3, 0, 0), (1, 2, 3, 0, 0), (1, 2, 3, 0, 0), (1, 2, 3, 0, 0), (1, 2, 3, 0, 0), (1, 2, 3, 0, 0), (1, 2, 3, 0, 0)]"
"(15, 2, 1, 14, 3, 0)","[(2, 2, 3, 0, '?')]"
"(15, 2, 1, 14, 6, 0)","[(2, 2, 3, 0, 3)]"
"(15, 2, 1, 14, 11, 0)","[(2, 2, 3, 0, 1), (2, 2, 3, 0, 1), (2, 2, 3, 0, 1), (2, 2, 3, 0, 1)]"
"(15, 2, 3, 3, 3, 0)","[('?', 2, '?', 0, 2), ('?', 2, '?', 0, '?'), ('?', 2, '?', 0, 2), ('?', 2, '?', 0, '?'), ('?', 2, '?', 0, '?'), ('?', 2, '?', 0, '?'), ('?', 2, '?', 0, '?'), ('?', 2, '?', 0, '?'), ('?', 2, '?', 0, 0), ('?', 2, '?', 0, 2), ('?', 2, 3, 0, '?')]"
"(15, 2, 3, 3, 6, 0)","[('?', 2, '?', 0, 3), ('?', 2, '?', 0, 3), ('?', 2, '?', 0, 3), ('?', 2, '?', 0, 3)]"
"(15, 2, 3, 3, 11, 0)","[('?', 2, '?', 0, 1), ('?', 2, '?', 0, 1), (3, 2, '?', 0, 1), ('?', 2, 1, 0, 1), ('?', 2, '?', 0, 1), ('?', 2, 1, 0, 1), ('?', 2, '?', 0, 1), ('?', 2, '?', 0, 1), ('?', 2, '?', 0, 1)]"
"(15, 2, 3, 3, 13, 0)","[('?', 2, '?', 0, 0), ('?', 2, '?', 0, 0)]"
"(15, 2, 3, 4, 4, 0)","[(0, 2, '?', 0, 2), (0, 2, '?', 0, 2)]"
"(15, 2, 3, 6, 3, 0)","[('?', 2, '?', 0, 2)]"
"(15, 2, 3, 6, 9, 0)","[(1, 2, '?', 0, 2), (1, 2, '?', 0, 2)]"
"(15, 2, 3, 6, 14, 0)","[(2, 2, '?', 0, 2), (2, 2, 1, 0, 2), (2, 2, '?', 0, 2)]"
"(15, 2, 3, 8, 3, 0)","[(0, 2, '?', 0, '?')]"
"(15, 2, 3, 8, 6, 0)","[(0, 2, '?', 0, 3), (0, 2, '?', 0, 3), (0, 2, '?', 0, 3), (0, 2, '?', 0, 3), (0, 2, '?', 0, 3)]"
"(15, 2, 3, 8, 11, 0)","[(0, 2, 1, 0, 1), (0, 2, '?', 0, 1)]"
"(15, 2, 3, 8, 13, 0)","[(0, 2, '?', 0, 0), (0, 2, '?', 0, 0)]"
"(15, 2, 3, 9, 3, 0)","[(1, 2, '?', 0, '?'), (1, 2, '?', 0, '?'), (1, 2, '?', 0, '?'), (1, 2, 1, 0, 2), (1, 2, '?', 0, '?'), (1, 2, '?', 0, 2), (1, 2, '?', 0, 2), (1, 2, '?', 0, 2), (1, 2, '?', 0, 2), (1, 2, '?', 0, '?'), (1, 2, '?', 0, 2), (1, 2, 1, 0, 2), (1, 2, '?', 0, '?'), (1, 2, '?', 0, '?')]"
"(15, 2, 3, 9, 6, 0)","[(1, 2, '?', 0, 3), (1, 2, '?', 0, 3), (1, 2, '?', 0, 3), (1, 2, '?', 0, 3), (1, 2, '?', 0, 3), (1, 2, '?', 0, 3)]"
"(15, 2, 3, 9, 9, 0)","[(1, 2, 3, 0, 2)]"
"(15, 2, 3, 9, 13, 0)","[(1, 2, '?', 0, 0), (1, 2, 1, 0, 0), (1, 2, '?', 0, 0), (1, 2, '?', 0, 0), (1, 2, '?', 0, 0), (1, 2, '?', 0, 0), (1, 2, '?', 0, 0)]"
"(15, 2, 3, 14, 3, 0)","[(2, 2, '?', 0, '?'), (2, 2, '?', 0, '?'), (2, 2, '?', 0, 2), (2, 2, '?', 0, '?'), (2, 2, '?', 0, 2), (2, 2, '?', 0, '?'), (2, 2, '?', 0, 3), (2, 2, '?', '?', '?')]"
"(15, 2, 3, 14, 6, 0)","[(2, 2, '?', 0, 3), (2, 2, '?', 0, 3), (2, 2, '?', 0, 3), (2, 2, '?', '?', 3)]"
"(15, 2, 3, 14, 11, 0)","[(2, 2, '?', 0, 1), (2, 2, '?', 0, 1), (2, 2, '?', 0, 1), (2, 2, '?', 0, 1)]"
"(15, 2, 3, 14, 13, 0)","[(2, 2, '?', 0, 0)]"
"(15, 2, 4, 1, 3, 0)","[(3, 2, 3, 0, '?'), (3, 2, 3, 0, '?'), (3, 2, 3, 0, '?'), (3, 2, 3, 0, '?'), (3, 2, 3, 0, '?')]"
"(15, 2, 4, 1, 6, 0)","[(3, 2, 3, 0, 3), (3, 2, 3, 0, 3)]"
"(15, 2, 4, 1, 11, 0)","[(3, 2, 3, 0, 1), (3, 2, 3, 0, 1), (3, 2, 3, 0, 1), (3, 2, 3, 0, 1)]"
"(15, 2, 4, 3, 3, 0)","[(3, 2, '?', 0, '?'), (3, 2, 1, 0, '?'), (3, 2, '?', 0, 2), (3, 2, '?', 0, '?'), (3, 2, 0, 0, '?'), (3, 2, '?', 0, '?'), (3, 2, '?', 0, '?'), (3, 2, 0, 0, '?'), (3, 2, '?', 0, '?'), (3, 2, 0, 0, '?'), (3, 2, '?', 0, '?'), (3, 2, 0, 0, '?'), (3, 2, '?', 0, 2), (3, 2, '?', 0, '?'), (3, 2, '?', 0, 2), (3, 2, '?', 0, '?')]"
"(15, 2, 4, 3, 11, 0)","[(3, 2, '?', 0, 1), (3, 2, 1, 0, 1), (3, 2, '?', 0, 1), (3, 2, '?', 0, 1), (3, 2, '?', 0, 1), (3, 2, '?', 0, 1), (3, 2, 1, 0, 1), (3, 2, 1, 0, 1)]"
"(15, 2, 4, 3, 13, 0)","[(3, 2, '?', 0, 0), (3, 2, '?', 0, 0), (3, 2, '?', 0, 0), (3, 2, '?', 0, 0), (3, 2, '?', 0, 0), (3, 2, '?', 0, 0), (3, 2, '?', 0, 0)]"
"(15, 2, 4, 6, 1, 0)","[(3, 2, 3, 0, 2), (3, 2, 3, 0, 2), (3, 2, 3, 0, 2), (3, 2, 3, 0, 2)]"
"(15, 2, 4, 6, 3, 0)","[(3, 2, '?', 0, 2), (3, 2, '?', 0, 2), (3, 2, '?', 0, 2), (3, 2, '?', 0, 2)]"
"(15, 2, 4, 6, 10, 0)","[(3, 2, 1, 0, 2), (3, 2, 1, 0, 2), (3, 2, 1, 0, 2), (3, 2, 1, 0, 2)]"
"(15, 2, 4, 7, 3, 0)","[(3, 2, 0, 0, '?')]"
"(15, 2, 4, 10, 3, 0)","[(3, 2, 1, 0, '?'), (3, 2, 1, 0, '?'), (3, 2, 1, 0, '?'), (3, 2, 1, 0, '?')]"
"(15, 2, 4, 10, 6, 0)","[(3, 2, 1, 0, 3), (3, 2, 1, 0, 3), (3, 2, 1, 0, 3), (3, 2, 1, 0, 3)]"
"(15, 2, 4, 10, 11, 0)","[(3, 2, 1, 0, 1), (3, 2, 1, 0, 1), (3, 2, 1, 0, 1), (3, 2, 1, 0, 1)]"
"(15, 2, 4, 11, 6, 0)","[(3, 2, 2, 0, 3), (3, 2, 2, 0, 3), (3, 2, 2, 0, 3), (3, 2, 2, 0, 3), (3, 2, 2, 0, 3), (3, 2, 2, 0, 3)]"
"(15, 2, 4, 11, 11, 0)","[(3, 2, 2, 0, 1), (3, 2, 2, 0, 1), (3, 2, 2, 0, 1), (3, 2, 2, 0, 1), (3, 2, 2, 0, 1), (3, 2, 2, 0, 1), (3, 2, 2, 0, 1)]"
"(15, 2, 6, 4, 4, 0)","[(0, 2, 0, 0, 2)]"
"(15, 2, 7, 3, 3, 0)","[('?', 2, 0, 0, 2), ('?', 2, 0, 0, 2), ('?', 2, 0, 0, '?'), ('?', 2, 0, 0, '?'), ('?', 2, 0, 0, '?'), ('?', 2, 0, 0, 0), ('?', 2, 0, 0, '?'), ('?', 2, 0, 0, '?'), ('?', 2, 0, 0, '?'), ('?', 2, 0, 0, 2), ('?', 2, 0, 0, 0), ('?', 2, 0, 0, 2), ('?', 2, 0, 0, 2)]"
"(15, 2, 7, 3, 6, 0)","[('?', 2, 0, 0, 3), ('?', 2, 0, 0, 3), ('?', 2, 0, 0, 3), ('?', 2, 0, 0, 3), ('?', 2, 0, 0, 3), ('?', 2, 0, 0, 3)]"
"(15, 2, 7, 3, 11, 0)","[(3, 2, 0, 0, 1), ('?', 2, 0, 0, 1), ('?', 2, 0, 0, 1), ('?', 2, 0, 0, 1), ('?', 2, 0, 0, 1), ('?', 2, 0, 0, 1)]"
"(15, 2, 7, 3, 13, 0)","[('?', 2, 0, 0, 0), ('?', 2, 0, 0, 0)]"
"(15, 2, 7, 4, 3, 0)","[(3, 2, 0, 0, 0), (3, 2, 0, 0, '?')]"
"(15, 2, 7, 4, 7, 0)","[(3, 2, 0, 0, 0)]"
"(15, 2, 7, 4, 11, 0)","[(3, 2, 0, 0, 1), (3, 2, 0, 0, 1), (3, 2, 0, 0, 1)]"
"(15, 2, 7, 4, 13, 0)","[(3, 2, 0, 0, 0), (3, 2, 0, 0, 0), (3, 2, 0, 0, 0), (3, 2, 0, 0, 0)]"
"(15, 2, 7, 6, 3, 0)","[('?', 2, 0, 0, 2)]"
"(15, 2, 7, 6, 9, 0)","[(1, 2, 0, 0, 2)]"
"(15, 2, 7, 8, 3, 0)","[(0, 2, 0, 0, 2), (0, 2, 0, 0, '?'), (0, 2, 0, 0, 2), (0, 2, 0, 0, 2), (0, 2, 0, 0, '?')]"
"(15, 2, 7, 8, 6, 0)","[(0, 2, 0, 0, 3), (0, 2, 0, 0, 3), (0, 2, 0, 0, 3), (0, 2, 0, 0, 3)]"
"(15, 2, 7, 8, 13, 0)","[(0, 2, 0, 0, 0), (0, 2, 0, 0, 0)]"
"(15, 2, 7, 9, 3, 0)","[(1, 2, 0, 0, 0), (1, 2, 0, 0, 2), (1, 2, 0, 0, 2), (1, 2, 0, 0, 0), (1, 2, 0, 0, 2), (1, 2, 0, 0, 0), (1, 2, 0, 0, 0)]"
"(15, 2, 7, 9, 6, 0)","[(1, 2, 0, 0, 3), (1, 2, 0, 0, 3), (1, 2, 0, 0, 3), (1, 2, 0, 0, 3), (1, 2, 0, 0, 3), (1, 2, 0, 0, 3)]"
"(15, 2, 7, 9, 13, 0)","[(1, 2, 0, 0, 0), (1, 2, 0, 0, 0), (1, 2, 0, 0, 0)]"
"(15, 2, 7, 14, 6, 0)","[(2, 2, 0, 0, 3), (2, 2, 0, 0, 3), (2, 2, 0, 0, 3), (2, 2, 0, 0, 3), (2, 2, 0, 0, 3), (2, 2, 0, 0, 3)]"
"(15, 2, 7, 14, 11, 0)","[(2, 2, 0, 0, 1), (2, 2, 0, 0, 1), (2, 2, 0, 0, 1)]"
"(15, 2, 9, 9, 3, 0)","[(1, 2, 3, 0, 2)]"
"(15, 2, 10, 3, 3, 0)","[('?', 2, 1, 0, 2)]"
"(15, 2, 10, 3, 6, 0)","[('?', 2, 1, 0, 3), ('?', 2, 1, 0, 3), ('?', 2, 1, 0, 3), ('?', 2, 1, 0, 3), ('?', 2, 1, 0, 3)]"
"(15, 2, 10, 3, 13, 0)","[('?', 2, 1, 0, 0)]"
"(15, 2, 10, 4, 4, 0)","[(0, 2, 1, 0, 2), (0, 2, 1, 0, 2)]"
"(15, 2, 10, 4, 8, 0)","[(0, 2, 1, 0, 2)]"
"(15, 2, 10, 6, 3, 0)","[('?', 2, 1, 0, 2), ('?', 2, 1, 0, 2), ('?', 2, 1, 0, 2)]"
"(15, 2, 10, 6, 14, 0)","[(2, 2, 1, 0, 2)]"
"(15, 2, 10, 8, 3, 0)","[(0, 2, 1, 0, '?'), (0, 2, 1, 0, '?'), (0, 2, 1, 0, '?')]"
"(15, 2, 10, 8, 6, 0)","[(0, 2, 1, 0, 3), (0, 2, 1, 0, 3), (0, 2, 1, 0, 3), (0, 2, 1, 0, 3)]"
"(15, 2, 10, 8, 11, 0)","[(0, 2, 1, 0, 1)]"
"(15, 2, 10, 8, 13, 0)","[(0, 2, 1, 0, 0), (0, 2, 1, 0, 0)]"
"(15, 2, 10, 9, 3, 0)","[(1, 2, 1, 0, 2), (1, 2, 1, 0, 2), (1, 2, 1, 0, 2)]"
"(15, 2, 10, 9, 6, 0)","[(1, 2, 1, 0, 3), (1, 2, 1, 0, 3), (1, 2, 1, 0, 3), (1, 2, 1, 0, 3), (1, 2, 1, 0, 3), (1, 2, 1, 0, 3)]"
"(15, 2, 10, 9, 13, 0)","[(1, 2, 1, 0, 0), (1, 2, 1, 0, 0), (1, 2, 1, 0, 0), (1, 2, 1, 0, 0), (1, 2, 1, 0, 0), (1, 2, 1, 0, 0)]"
"(15, 2, 10, 10, 6, 0)","[('?', 2, 1, 0, 3), ('?', 2, 1, 0, 3), ('?', 2, 1, 0, 3)]"
"(15, 2, 10, 10, 11, 0)","[('?', 2, 1, 0, 1), ('?', 2, 1, 0, 1), ('?', 2, 1, 0, 1)]"
"(15, 2, 10, 10, 13, 0)","[('?', 2, 1, 0, 0), ('?', 2, 1, 0, 0), ('?', 2, 1, 0, 0), ('?', 2, 1, 0, 0)]"
"(15, 2, 10, 14, 3, 0)","[(2, 2, 1, 0, '?'), (2, 2, 1, 0, '?'), (2, 2, 1, 0, '?')]"
"(15, 2, 10, 14, 6, 0)","[(2, 2, 1, 0, 3), (2, 2, 1, 0, 3), (2, 2, 1, 0, 3), (2, 2, 1, 0, 3)]"
"(15, 2, 11, 3, 3, 0)","[('?', 2, 2, 0, '?'), ('?', 2, 2, 0, '?'), ('?', 2, 2, 0, '?'), ('?', 2, 2, 0, 2), ('?', 2, 2, 0, 2), ('?', 2, 2, 0, '?'), ('?', 2, 2, 0, '?'), ('?', 2, 2, 0, 2), ('?', 2, 2, 0, '?'), ('?', 2, 2, 0, '?'), ('?', 2, 2, 0, 2), ('?', 2, 2, 0, 2)]"
"(15, 2, 11, 3, 13, 0)","[('?', 2, 2, 0, 0), ('?', 2, 2, 0, 0), ('?', 2, 2, 0, 0)]"
"(15, 2, 11, 8, 3, 0)","[(0, 2, 2, 0, '?'), (0, 2, 2, 0, '?'), (0, 2, 2, 0, '?'), (0, 2, 2, 0, '?')]"
"(15, 2, 11, 8, 6, 0)","[(0, 2, 2, 0, 3), (0, 2, 2, 0, 3), (0, 2, 2, 0, 3)]"
"(15, 2, 11, 9, 3, 0)","[(1, 2, 2, 0, '?'), (1, 2, 2, 0, 2), (1, 2, 2, 0, '?'), (1, 2, 2, 0, 2), (1, 2, 2, 0, 2), (1, 2, 2, 0, '?'), (1, 2, 2, 0, '?'), (1, 2, 2, 0, 2), (1, 2, 2, 0, 2), (1, 2, 2, 0, '?'), (1, 2, 2, 0, '?')]"
"(15, 2, 11, 9, 11, 0)","[(1, 2, 2, 0, 1), (1, 2, 2, 0, 1), (1, 2, 2, 0, 1), (1, 2, 2, 0, 1), (1, 2, 2, 0, 1), (1, 2, 2, 0, 1)]"
"(15, 2, 11, 9, 13, 0)","[(1, 2, 2, 0, 0), (1, 2, 2, 0, 0), (1, 2, 2, 0, 0), (1, 2, 2, 0, 0), (1, 2, 2, 0, 0)]"
"(15, 2, 11, 14, 3, 0)","[(2, 2, 2, 0, '?'), (2, 2, 2, 0, 2), (2, 2, 2, 0, '?'), (2, 2, 2, 0, 3), (2, 2, 2, 0, '?'), (2, 2, 2, 0, 2), (2, 2, 2, 0, 3), (2, 2, 2, 0, '?'), (2, 2, 2, 0, '?')]"
"(15, 2, 11, 14, 6, 0)","[(2, 2, 2, 0, 3), (2, 2, 2, 0, 3), (2, 2, 2, 0, '?')]"
"(15, 2, 11, 14, 11, 0)","[(2, 2, 2, 0, 1), (2, 2, 2, 0, 1), (2, 2, 2, 0, 1), (2, 2, 2, 0, 1), (2, 2, 2, 0, 1), (2, 2, 2, 0, 1)]"
"(15, 2, 11, 14, 13, 0)","[(2, 2, 2, 0, 0), (2, 2, 2, 0, 0), (2, 2, 2, 0, 0), (2, 2, 2, 0, 0)]"
"(15, 2, 14, 1, 11, 0)","[(2, 2, 3, 0, 1)]"
"(15, 2, 14, 3, 11, 0)","[(2, 2, '?', 0, 1)]"
"(15, 2, 14, 3, 13, 0)","[(2, 2, '?', 0, 0), (2, 2, '?', 0, 0), (2, 2, '?', 0, 0)]"
"(15, 2, 14, 3, 14, 0)","[(2, 2, '?', 0, '?'), (2, 2, '?', 0, 2), (2, 2, '?', 0, '?')]"
"(15, 2, 14, 14, 11, 0)","[(2, 2, '?', 0, 1)]"
"(15, 2, 14, 14, 13, 0)","[(2, 2, '?', 0, 0)]"
"(15, 3, 1, 3, 3, 0)","[('?', 2, 3, 2, '?'), ('?', 2, 3, 2, '?')]"
"(15, 3, 1, 3, 11, 0)","[('?', 2, 3, 2, 1), ('?', 2, 3, 2, 1)]"
"(15, 3, 1, 3, 13, 0)","[('?', 2, 3, 2, 0)]"
"(15, 3, 1, 8, 11, 0)","[(0, 2, 3, 2, 1)]"
"(15, 3, 1, 9, 6, 0)","[(1, 2, 3, 2, 3)]"
"(15, 3, 1, 14, 3, 0)","[(2, 2, 3, 2, '?')]"
"(15, 3, 1, 14, 6, 0)","[(2, 2, 3, 2, 3)]"
"(15, 3, 3, 3, 3, 0)","[('?', 2, '?', 2, '?'), ('?', 2, '?', 0, 2), ('?', 2, '?', 2, '?'), ('?', 2, 1, 2, '?'), ('?', 2, 1, 2, '?'), ('?', 2, '?', 2, '?'), ('?', 2, '?', 2, '?')]"
"(15, 3, 3, 3, 6, 0)","[('?', 2, '?', 2, 3), ('?', 2, '?', 2, 3), ('?', 2, '?', 2, 3), ('?', 2, '?', 2, 3), ('?', 2, '?', 2, 3), ('?', 2, '?', 2, 3)]"
"(15, 3, 3, 3, 11, 0)","[('?', 2, '?', 2, 1), ('?', 2, '?', 2, 1), ('?', 2, 1, 2, 1), ('?', 2, '?', 2, 1), ('?', 2, 1, 2, 1)]"
"(15, 3, 3, 4, 7, 0)","[(0, 2, '?', 3, 2)]"
"(15, 3, 3, 6, 3, 0)","[('?', 2, '?', 2, 2)]"
"(15, 3, 3, 6, 9, 0)","[(1, 2, '?', 2, 2), (1, 2, '?', 2, 2), (1, 2, '?', 2, 2), (1, 2, 1, 2, 2), (1, 2, 1, 2, 2), (1, 2, '?', 2, 2), (1, 2, 1, 2, 2)]"
"(15, 3, 3, 6, 14, 0)","[(2, 2, '?', 2, 2)]"
"(15, 3, 3, 7, 6, 0)","[('?', 2, '?', 3, 3), ('?', 2, '?', 3, 3), ('?', 2, '?', 3, 3), ('?', 2, '?', 3, 3)]"
"(15, 3, 3, 7, 7, 0)","[('?', 2, '?', 3, '?'), ('?', 2, '?', 3, '?'), ('?', 2, '?', 3, 1), ('?', 2, 1, 3, '?'), ('?', 2, '?', 3, '?'), ('?', 2, 3, 3, '?'), ('?', 2, 1, 3, 1), ('?', 2, '?', 3, 1)]"
"(15, 3, 3, 7, 8, 0)","[(0, 2, '?', 3, '?'), (0, 2, 1, 3, 1)]"
"(15, 3, 3, 7, 11, 0)","[(0, 2, '?', 3, 1)]"
"(15, 3, 3, 7, 13, 0)","[('?', 2, '?', 3, 0), ('?', 2, '?', 3, 0), ('?', 2, '?', 3, 0)]"
"(15, 3, 3, 8, 3, 0)","[(0, 2, '?', 0, '?'), (0, 2, 1, 2, '?')]"
"(15, 3, 3, 8, 6, 0)","[(0, 2, '?', 2, 3), (0, 2, '?', 2, 3)]"
"(15, 3, 3, 8, 11, 0)","[(0, 2, 1, 2, 1), (0, 2, '?', 2, 1), (0, 2, 1, 0, 1), (0, 2, '?', 2, 1)]"
"(15, 3, 3, 8, 13, 0)","[(0, 2, '?', 3, 0), (0, 2, '?', 2, 0), (0, 2, 1, 2, 0), (0, 2, '?', 2, 0)]"
"(15, 3, 3, 9, 3, 0)","[(1, 2, '?', 2, '?'), (1, 2, '?', 2, '?')]"
"(15, 3, 3, 9, 6, 0)","[(1, 2, '?', 2, 3)]"
"(15, 3, 3, 9, 11, 0)","[(1, 2, 1, 2, 1)]"
"(15, 3, 3, 9, 13, 0)","[(1, 2, '?', 2, 0)]"
"(15, 3, 3, 14, 3, 0)","[(2, 2, '?', 2, '?'), (2, 2, '?', 2, '?'), (2, 2, '?', 2, '?'), (2, 2, '?', 2, '?')]"
"(15, 3, 3, 14, 13, 0)","[(2, 2, '?', 2, 0)]"
"(15, 3, 6, 14, 3, 0)","[(2, 2, '?', 2, 2), (2, 2, '?', 2, 2)]"
"(15, 3, 7, 3, 3, 0)","[('?', 2, 0, 2, '?'), ('?', 2, 0, 2, '?'), ('?', 2, 0, 2, '?'), ('?', 2, 0, 2, '?')]"
"(15, 3, 7, 3, 6, 0)","[('?', 2, 0, 2, 3), ('?', 2, 0, 2, 3), ('?', 2, 0, 2, 3)]"
"(15, 3, 7, 4, 4, 0)","[(0, 2, 0, 2, 2)]"
"(15, 3, 7, 7, 6, 0)","[(0, 2, 0, 3, 3)]"
"(15, 3, 7, 7, 7, 0)","[('?', 2, 0, 3, '?'), (0, 2, 0, 3, '?')]"
"(15, 3, 7, 8, 3, 0)","[(0, 2, 0, 2, '?'), (0, 2, 0, 2, '?')]"
"(15, 3, 7, 8, 6, 0)","[(0, 2, 0, 2, 3), (0, 2, 0, 2, 3)]"
"(15, 3, 7, 8, 7, 0)","[(0, 2, 0, 3, '?')]"
"(15, 3, 7, 9, 6, 0)","[(1, 2, 0, 2, 3)]"
"(15, 3, 8, 7, 7, 0)","[(0, 2, 1, 3, '?')]"
"(15, 3, 8, 7, 8, 0)","[(0, 2, '?', 3, '?'), (0, 2, 1, 3, '?'), (0, 2, '?', 3, '?')]"
"(15, 3, 8, 7, 11, 0)","[(0, 2, '?', 3, 1)]"
"(15, 3, 8, 7, 13, 0)","[(0, 2, '?', 3, 0), (0, 2, '?', 3, 0), (0, 2, '?', 3, 0), (0, 2, 1, 3, 0), (0, 2, '?', 3, 0), (0, 2, 1, 3, 0)]"
"(15, 3, 8, 8, 7, 0)","[(0, 2, '?', 3, 1), (0, 2, '?', 3, '?')]"
"(15, 3, 8, 8, 11, 0)","[(0, 2, '?', 3, 1)]"
"(15, 3, 10, 6, 3, 0)","[('?', 2, 1, 2, 2), ('?', 2, 1, 2, 2)]"
"(15, 3, 10, 7, 6, 0)","[('?', 2, 1, 3, 3), ('?', 2, 1, 3, 3), ('?', 2, 1, 3, 3), ('?', 2, 1, 3, 3)]"
"(15, 3, 10, 7, 7, 0)","[(0, 2, 1, 3, '?'), ('?', 2, 1, 3, '?'), (0, 2, 1, 3, 1), ('?', 2, 1, 3, '?')]"
"(15, 3, 10, 7, 8, 0)","[(0, 2, 1, 3, '?')]"
"(15, 3, 10, 7, 11, 0)","[('?', 2, 1, 3, 1)]"
"(15, 3, 10, 7, 13, 0)","[('?', 2, 1, 3, 0), ('?', 2, 1, 3, 0), ('?', 2, 1, 3, 0)]"
"(15, 3, 10, 8, 3, 0)","[(0, 2, 1, 2, '?')]"
"(15, 3, 10, 8, 6, 0)","[(0, 2, 1, 3, 3), (0, 2, 1, 2, 3), (0, 2, 1, 3, 3), (0, 2, 1, 2, 3)]"
"(15, 3, 10, 8, 11, 0)","[(0, 2, 1, 2, 1), (0, 2, 1, 3, 1), (0, 2, 1, 2, 1)]"
"(15, 3, 10, 8, 13, 0)","[(0, 2, 1, 2, 0)]"
"(15, 3, 10, 9, 6, 0)","[(1, 2, 1, 2, 3), (1, 2, 1, 2, 3)]"
"(15, 3, 10, 9, 13, 0)","[(1, 2, 1, 2, 0)]"
"(15, 3, 10, 10, 3, 0)","[('?', 2, 1, 2, '?'), ('?', 2, 1, 2, '?')]"
"(15, 3, 10, 10, 6, 0)","[('?', 2, 1, 2, 3), ('?', 2, 1, 2, 3), ('?', 2, 1, 2, 3), ('?', 2, 1, 2, 3), ('?', 2, 1, 2, 3)]"
"(15, 3, 10, 10, 11, 0)","[(2, 2, 1, 2, 1)]"
"(15, 3, 10, 10, 13, 0)","[('?', 2, 1, 2, 0)]"
"(15, 3, 10, 14, 6, 0)","[(2, 2, 1, 2, 3), (2, 2, 1, 2, 3)]"
"(15, 3, 10, 14, 13, 0)","[(2, 2, 1, 2, 0)]"
"(15, 3, 11, 3, 3, 0)","[('?', 2, 2, 2, '?'), ('?', 2, 2, 2, '?')]"
"(15, 3, 11, 3, 6, 0)","[('?', 2, 2, 2, 3)]"
"(15, 3, 11, 8, 3, 0)","[(0, 2, 2, 2, '?')]"
"(15, 4, 1, 3, 3, 0)","[(3, 2, 3, 2, '?'), (3, 2, 3, 3, '?'), (3, 2, 3, 0, '?')]"
"(15, 4, 1, 3, 6, 0)","[(3, 2, 3, 3, 3), (3, 2, 3, 2, 3), (3, 2, 3, 2, 3), (3, 2, 3, 3, 3), (3, 2, 3, 2, 3)]"
"(15, 4, 1, 3, 11, 0)","[(3, 2, 3, 0, 1), (3, 2, 3, 2, 1)]"
"(15, 4, 1, 3, 13, 0)","[(3, 2, 3, 2, 0)]"
"(15, 4, 1, 6, 3, 0)","[(3, 2, 3, 2, 2), (3, 2, 3, 2, 2), (3, 2, 3, 2, 2)]"
"(15, 4, 1, 6, 7, 0)","[(3, 2, 3, 3, 2), (3, 2, 3, 3, 2), (3, 2, 3, 3, 2)]"
"(15, 4, 1, 7, 6, 0)","[(3, 2, 3, 3, 3), (3, 2, 3, 3, 3), (3, 2, 3, 3, 3), (3, 2, 3, 3, 3), (3, 2, 3, 3, 3)]"
"(15, 4, 1, 7, 7, 0)","[(3, 2, 3, 3, '?')]"
"(15, 4, 1, 7, 11, 0)","[(3, 2, 3, 3, 1), (3, 2, 3, 3, 1)]"
"(15, 4, 3, 3, 3, 0)","[(3, 2, 1, '?', '?'), (3, 2, '?', 2, '?'), (3, 2, 1, 2, '?'), (3, 2, '?', 2, '?'), (3, 2, 1, 2, '?')]"
"(15, 4, 3, 3, 11, 0)","[(3, 2, '?', '?', 1), (3, 2, '?', 2, 1), (3, 2, '?', 2, 1)]"
"(15, 4, 3, 6, 3, 0)","[(3, 2, 1, 2, 2)]"
"(15, 4, 3, 6, 7, 0)","[(3, 2, 1, 3, 2), (3, 2, '?', 3, 2), (3, 2, '?', 3, 2), (3, 2, '?', 3, 2)]"
"(15, 4, 3, 7, 6, 0)","[(3, 2, '?', 3, 3), (3, 2, 1, 3, 3), (3, 2, '?', 3, 3), (3, 2, '?', 3, 3)]"
"(15, 4, 3, 7, 7, 0)","[(3, 2, '?', 3, '?'), (3, 2, '?', 3, '?'), (3, 2, '?', 3, 1), (3, 2, '?', 3, '?'), (3, 2, '?', 3, '?'), (3, 2, '?', 3, 1), (3, 2, '?', 3, '?'), (3, 2, 1, 3, '?'), (3, 2, '?', 3, '?'), (3, 2, 1, 3, '?'), (3, 2, '?', 3, '?')]"
"(15, 4, 3, 7, 11, 0)","[(3, 2, '?', 3, 1), (3, 2, '?', 3, 1), (3, 2, '?', 3, 1), (3, 2, '?', 3, 1)]"
"(15, 4, 3, 7, 13, 0)","[(3, 2, '?', 3, 0), (3, 2, '?', 3, 0), (3, 2, '?', 3, 0)]"
"(15, 4, 3, 8, 13, 0)","[(0, 2, '?', 2, 0)]"
"(15, 4, 3, 10, 3, 0)","[(3, 2, 1, 2, '?')]"
"(15, 4, 3, 10, 6, 0)","[(3, 2, 1, '?', 3)]"
"(15, 4, 4, 1, 6, 0)","[(3, 2, 3, 0, 3), (3, 2, 3, 0, 3), (3, 2, 3, '?', 3), (3, 2, 3, 0, 3)]"
"(15, 4, 4, 1, 11, 0)","[(3, 2, 3, 0, 1), (3, 2, 3, 0, 1), (3, 2, 3, 3, 1)]"
"(15, 4, 4, 1, 13, 0)","[(3, 2, 3, 3, 0)]"
"(15, 4, 4, 3, 3, 0)","[(3, 2, '?', 0, '?'), (3, 2, 2, '?', '?'), (3, 2, '?', 0, 2), (3, 2, '?', '?', '?'), (3, 2, '?', '?', '?')]"
"(15, 4, 4, 3, 11, 0)","[(3, 2, 1, 0, 1), (3, 2, 1, '?', 1), (3, 2, '?', '?', 1), (3, 2, 1, '?', 1), (3, 2, 1, '?', 1)]"
"(15, 4, 4, 3, 13, 0)","[(3, 2, '?', '?', 0), (3, 2, '?', '?', 0), (3, 2, 2, '?', 0)]"
"(15, 4, 4, 6, 1, 0)","[(3, 2, 3, '?', 2), (3, 2, 3, 2, 2)]"
"(15, 4, 4, 6, 3, 0)","[(3, 2, '?', '?', 2), (3, 2, '?', '?', 2), (3, 2, '?', 2, 2), (3, 2, '?', 2, 2), (3, 2, '?', '?', 2), (3, 2, 1, '?', 2), (3, 2, 1, 2, 2), (3, 2, 1, 2, 2), (3, 2, '?', '?', 2), (3, 2, '?', '?', 2), (3, 2, 1, 2, 2), (3, 2, 1, '?', 2)]"
"(15, 4, 4, 6, 7, 0)","[(3, 2, 2, 3, 2), (3, 2, '?', 3, 2), (3, 2, '?', 3, 2)]"
"(15, 4, 4, 6, 10, 0)","[(3, 2, 1, '?', 2), (3, 2, 1, '?', 2), (3, 2, 1, '?', 2)]"
"(15, 4, 4, 6, 11, 0)","[(3, 2, 2, 2, 2), (3, 2, 2, '?', 2), (3, 2, 2, 2, 2), (3, 2, 2, 2, 2)]"
"(15, 4, 4, 10, 3, 0)","[(3, 2, 1, '?', '?'), (3, 2, 1, '?', '?'), (3, 2, 1, 0, 2)]"
"(15, 4, 4, 11, 3, 0)","[(3, 2, 2, '?', '?'), (3, 2, 2, '?', '?')]"
"(15, 4, 4, 11, 11, 0)","[(3, 2, 2, 0, 1), (3, 2, 2, '?', 1)]"
"(15, 4, 4, 11, 13, 0)","[(3, 2, 2, '?', 0)]"
"(15, 4, 6, 6, 3, 0)","[(3, 2, 0, 2, 2), (3, 2, 0, 2, 2), (3, 2, '?', 2, 2), (3, 2, '?', 2, 2)]"
"(15, 4, 6, 6, 7, 0)","[(3, 2, 3, 3, 2), (3, 2, 3, 3, 2), (3, 2, 1, 3, 2)]"
"(15, 4, 6, 6, 11, 0)","[(3, 2, 2, 2, 2), (3, 2, 2, 2, 2)]"
"(15, 4, 7, 3, 3, 0)","[(3, 2, 0, 0, '?'), (3, 2, 0, '?', 0), (3, 2, 0, 2, '?')]"
"(15, 4, 7, 3, 6, 0)","[(3, 2, 0, '?', 3), (3, 2, 0, '?', 3), (3, 2, 0, 2, 3), (3, 2, 0, 2, 3), (3, 2, 0, '?', 3), (3, 2, 0, 2, 3), (3, 2, 0, '?', 3)]"
"(15, 4, 7, 3, 11, 0)","[(3, 2, 0, 2, 1)]"
"(15, 4, 7, 3, 13, 0)","[(3, 2, 0, '?', 0), (3, 2, 0, '?', 0), (3, 2, 0, '?', 0)]"
"(15, 4, 7, 6, 3, 0)","[(3, 2, 0, '?', 2), (3, 2, 0, 2, 2), (3, 2, 0, '?', 2)]"
"(15, 4, 7, 6, 6, 0)","[(3, 2, 0, '?', 2)]"
"(15, 4, 7, 6, 7, 0)","[(3, 2, 0, 3, 2), (3, 2, 0, '?', 2), (3, 2, 0, 3, 2)]"
"(15, 4, 7, 7, 3, 0)","[(3, 2, 0, 3, 1)]"
"(15, 4, 7, 7, 6, 0)","[(3, 2, 0, 3, 3), (3, 2, 0, 3, 3), (3, 2, 0, 3, 3), (3, 2, 0, 3, 3), (3, 2, 0, 3, 3)]"
"(15, 4, 7, 7, 7, 0)","[(3, 2, 0, 3, 1), (3, 2, 0, 3, 1), (3, 2, 0, 3, 1), (3, 2, 0, 3, 1)]"
"(15, 4, 7, 7, 11, 0)","[(3, 2, 0, 3, 1), (3, 2, 0, 3, 1)]"
"(15, 4, 7, 7, 13, 0)","[(3, 2, 0, 3, 0), (3, 2, 0, 3, 0), (3, 2, 0, 3, 0), (3, 2, 0, 3, 0)]"
"(15, 4, 7, 8, 3, 0)","[(0, 2, 0, 2, '?')]"
"(15, 4, 7, 9, 3, 0)","[(3, 2, 0, 2, '?'), (3, 2, 0, 2, '?')]"
"(15, 4, 7, 9, 6, 0)","[(3, 2, 0, '?', 3)]"
"(15, 4, 7, 9, 11, 0)","[(3, 2, 0, 2, 1), (3, 2, 0, 2, 1)]"
"(15, 4, 10, 3, 3, 0)","[(3, 2, 1, '?', '?')]"
"(15, 4, 10, 3, 6, 0)","[(3, 2, 1, '?', 3)]"
"(15, 4, 10, 3, 11, 0)","[(3, 2, 1, '?', 1)]"
"(15, 4, 10, 3, 13, 0)","[(3, 2, 1, 2, 0), (3, 2, 1, 2, 0), (3, 2, 1, 2, 0), (3, 2, 1, 2, 0)]"
"(15, 4, 10, 6, 3, 0)","[(3, 2, 1, '?', 2)]"
"(15, 4, 10, 6, 10, 0)","[(3, 2, 1, '?', 2)]"
"(15, 4, 10, 7, 6, 0)","[(3, 2, 1, 3, 3), (3, 2, 1, 3, 3), (3, 2, 1, 3, 3)]"
"(15, 4, 10, 7, 7, 0)","[(3, 2, 1, 3, '?')]"
"(15, 4, 10, 8, 3, 0)","[(0, 2, 1, 2, '?')]"
"(15, 4, 10, 8, 6, 0)","[(0, 2, 1, 2, 3)]"
"(15, 4, 10, 8, 11, 0)","[(0, 2, 1, 2, 1), (0, 2, 1, 2, 1)]"
"(15, 4, 10, 8, 13, 0)","[(0, 2, 1, 2, 0), (0, 2, 1, 2, 0)]"
"(15, 4, 10, 10, 6, 0)","[(3, 2, 1, '?', 3), (3, 2, 1, 2, 3), (3, 2, 1, 2, 3), (3, 2, 1, 2, 3), (3, 2, 1, '?', 3), (3, 2, 1, 0, 3), (3, 2, 1, '?', 3), (3, 2, 1, '?', 3), (3, 2, 1, 2, 3), (3, 2, 1, '?', 3), (3, 2, 1, 2, 3)]"
"(15, 4, 11, 3, 3, 0)","[(3, 2, 2, 2, '?'), (3, 2, 2, 2, '?'), (3, 2, 2, 2, '?'), (3, 2, 2, 2, '?'), (3, 2, 2, 2, '?'), (3, 2, 2, 2, '?')]"
"(15, 4, 11, 3, 6, 0)","[(3, 2, 2, 2, 3), (3, 2, 2, '?', 3), (3, 2, 2, 2, 3), (3, 2, 2, 2, 3), (3, 2, 2, 2, 3), (3, 2, 2, 2, 3), (3, 2, 2, 2, 3)]"
"(15, 4, 11, 3, 11, 0)","[(3, 2, 2, '?', 1), (3, 2, 2, 2, 1), (3, 2, 2, 2, 1), (3, 2, 2, 2, 1), (3, 2, 2, 2, 1)]"
"(15, 4, 11, 3, 13, 0)","[(3, 2, 2, 2, 0), (3, 2, 2, 2, 0), (3, 2, 2, 2, 0)]"
"(15, 4, 11, 6, 7, 0)","[(3, 2, 2, 3, 2), (3, 2, 2, 3, 2), (3, 2, 2, 3, 2), (3, 2, 2, 3, 2)]"
"(15, 4, 11, 7, 7, 0)","[(3, 2, 2, 3, 1), (3, 2, 2, 3, 1)]"
"(15, 4, 11, 7, 11, 0)","[(3, 2, 2, 3, 1), (3, 2, 2, 3, 1), (3, 2, 2, 3, 1)]"
"(15, 4, 11, 7, 13, 0)","[(3, 2, 2, 3, 0), (3, 2, 2, 3, 0), (3, 2, 2, 3, 0), (3, 2, 2, 3, 0), (3, 2, 2, 3, 0), (3, 2, 2, 3, 0), (3, 2, 2, 3, 0)]"
"(15, 6, 1, 1, 6, 0)","[('?', 2, 3, '?', 3)]"
"(15, 6, 1, 1, 11, 0)","[('?', 2, 3, '?', 1)]"
"(15, 6, 1, 3, 3, 0)","[('?', 2, 3, '?', '?'), ('?', 2, 3, 2, '?'), ('?', 2, 3, '?', '?'), ('?', 2, 3, 2, 0)]"
"(15, 6, 1, 3, 6, 0)","[('?', 2, 3, '?', 3), ('?', 2, 3, '?', 3)]"
"(15, 6, 1, 3, 11, 0)","[('?', 2, 3, '?', 1), ('?', 2, 3, '?', 1), ('?', 2, 3, '?', 1), ('?', 2, 3, 2, 1), ('?', 2, 3, 2, 1), (3, 2, 3, 2, 1)]"
"(15, 6, 1, 3, 13, 0)","[('?', 2, 3, 2, 0), ('?', 2, 3, 2, 0)]"
"(15, 6, 1, 4, 4, 0)","[(0, 2, 3, 2, 2), (0, 2, 3, '?', 2), (0, 2, 3, 2, 2), (0, 2, 3, 2, 2), (0, 2, 3, '?', 2), (0, 2, 3, '?', 2), (0, 2, 3, 2, 2), (0, 2, 3, 2, 2), (0, 2, 3, '?', 2), (0, 2, 3, 2, 2), (0, 2, 3, 2, 2), (0, 2, 3, 2, 2), (0, 2, 3, 2, 2)]"
"(15, 6, 1, 6, 3, 0)","[('?', 2, 3, 2, 2)]"
"(15, 6, 1, 6, 6, 0)","[('?', 2, 3, '?', 2)]"
"(15, 6, 1, 6, 7, 0)","[('?', 2, 3, 3, 2), ('?', 2, 3, 3, 2), ('?', 2, 3, 3, 2), ('?', 2, 3, 3, 2), (1, 2, 3, 3, 2), ('?', 2, 3, 3, 2), ('?', 2, 3, 3, 2)]"
"(15, 6, 1, 6, 9, 0)","[(1, 2, 3, '?', 2)]"
"(15, 6, 1, 6, 14, 0)","[(2, 2, 3, 2, 2), (2, 2, 3, 2, 2), (2, 2, 3, 2, 2)]"
"(15, 6, 1, 7, 6, 0)","[('?', 2, 3, 3, 3), ('?', 2, 3, 3, 3), ('?', 2, 3, 3, 3), ('?', 2, 3, 3, 3), ('?', 2, 3, 3, 3)]"
"(15, 6, 1, 7, 7, 0)","[('?', 2, 3, 3, 1), ('?', 2, 3, 3, 1), ('?', 2, 3, 3, 1), ('?', 2, 3, 3, '?')]"
"(15, 6, 1, 7, 13, 0)","[('?', 2, 3, 3, 0), ('?', 2, 3, 3, 0), ('?', 2, 3, 3, 0), ('?', 2, 3, 3, 0)]"
"(15, 6, 1, 7, 14, 0)","[(2, 2, 3, 3, 1)]"
"(15, 6, 1, 8, 6, 0)","[(0, 2, 3, 3, 3), (0, 2, 3, 3, 3), (0, 2, 3, 3, 3), (0, 2, 3, '?', 3), (0, 2, 3, '?', 3), (0, 2, 3, '?', 3), (0, 2, 3, '?', 3)]"
"(15, 6, 1, 8, 7, 0)","[(0, 2, 3, 3, 1), (0, 2, 3, 3, 0)]"
"(15, 6, 1, 8, 11, 0)","[(0, 2, 3, 2, 1)]"
"(15, 6, 1, 8, 13, 0)","[(0, 2, 3, 3, 0), (0, 2, 3, 3, 0)]"
"(15, 6, 1, 9, 3, 0)","[(1, 2, 3, '?', '?'), (1, 2, 3, '?', '?'), (1, 2, 3, '?', '?')]"
"(15, 6, 1, 9, 6, 0)","[(1, 2, 3, '?', 3), (1, 2, 3, '?', 3), (1, 2, 3, 0, 3), (1, 2, 3, '?', 3), (1, 2, 3, '?', 3), (1, 2, 3, 2, 3), (1, 2, 3, '?', 3), (1, 2, 3, 2, 3)]"
"(15, 6, 1, 9, 11, 0)","[(1, 2, 3, 3, 1), (1, 2, 3, '?', 1), (1, 2, 3, '?', 1), (1, 2, 3, 3, 1)]"
"(15, 6, 1, 9, 13, 0)","[(1, 2, 3, 3, 0), (1, 2, 3, 2, 0), (1, 2, 3, 2, 0)]"
"(15, 6, 1, 14, 1, 0)","[(2, 2, 3, '?', '?')]"
"(15, 6, 1, 14, 3, 0)","[(2, 2, 3, '?', '?'), (2, 2, 3, '?', '?'), (2, 2, 3, '?', '?'), (2, 2, 3, '?', '?')]"
"(15, 6, 1, 14, 6, 0)","[(2, 2, 3, '?', 3), (2, 2, 3, 2, 3), (2, 2, 3, '?', 3), (2, 2, 3, 2, 3), (2, 2, 3, '?', 3), (2, 2, 3, '?', 3)]"
"(15, 6, 1, 14, 11, 0)","[(2, 2, 3, 2, 1), (2, 2, 3, '?', 1), (2, 2, 3, '?', 1), (2, 2, 3, '?', 1), (2, 2, 3, '?', 1), (2, 2, 3, '?', 1)]"
"(15, 6, 1, 14, 13, 0)","[(2, 2, 3, 2, 0), (2, 2, 3, '?', 0), (2, 2, 3, 2, 0), (2, 2, 3, '?', 0)]"
"(15, 6, 3, 3, 11, 0)","[('?', 2, '?', '?', 1), ('?', 2, '?', '?', 1)]"
"(15, 6, 3, 3, 13, 0)","[('?', 2, '?', 0, 0)]"
"(15, 6, 3, 4, 4, 0)","[(0, 2, 0, 2, 2), (0, 2, 1, '?', 2)]"
"(15, 6, 3, 4, 7, 0)","[(0, 2, '?', 3, 2), (0, 2, 1, 3, 2)]"
"(15, 6, 3, 6, 3, 0)","[('?', 2, 1, 2, 2), ('?', 2, '?', '?', 2), ('?', 2, 0, 2, 2), (1, 2, '?', 2, 2), ('?', 2, 1, 2, 2)]"
"(15, 6, 3, 6, 7, 0)","[('?', 2, 1, 3, 2), ('?', 2, 1, 3, 2), ('?', 2, 1, 3, 2), ('?', 2, 2, 3, 2), (1, 2, 1, 3, 2), (1, 2, '?', 3, 2)]"
"(15, 6, 3, 6, 9, 0)","[(1, 2, '?', '?', 2), (1, 2, 1, 2, 2)]"
"(15, 6, 3, 6, 14, 0)","[(2, 2, '?', 2, 2), (2, 2, 1, 2, 2)]"
"(15, 6, 3, 7, 7, 0)","[('?', 2, 1, 3, 1)]"
"(15, 6, 3, 7, 8, 0)","[(0, 2, 1, 3, 1)]"
"(15, 6, 3, 7, 13, 0)","[('?', 2, 1, 3, 0)]"
"(15, 6, 3, 8, 3, 0)","[(0, 2, '?', 0, 2)]"
"(15, 6, 3, 8, 11, 0)","[(0, 2, '?', 2, 1), (0, 2, 1, 0, 1)]"
"(15, 6, 3, 8, 13, 0)","[(0, 2, '?', 0, 0)]"
"(15, 6, 3, 9, 3, 0)","[(1, 2, '?', 2, '?')]"
"(15, 6, 3, 14, 3, 0)","[(2, 2, '?', '?', '?'), (2, 2, '?', 2, '?')]"
"(15, 6, 3, 14, 6, 0)","[(2, 2, '?', '?', 3)]"
"(15, 6, 3, 14, 11, 0)","[(2, 2, '?', '?', 1)]"
"(15, 6, 3, 14, 13, 0)","[(2, 2, '?', 2, 0)]"
"(15, 6, 4, 6, 7, 0)","[(3, 2, '?', 3, 2)]"
"(15, 6, 4, 7, 6, 0)","[(3, 2, 1, 3, 3)]"
"(15, 6, 7, 3, 3, 0)","[('?', 2, 0, '?', '?'), ('?', 2, 0, '?', '?')]"
"(15, 6, 7, 4, 4, 0)","[(0, 2, 0, '?', 2)]"
"(15, 6, 7, 4, 11, 0)","[(3, 2, 0, 1, 1)]"
"(15, 6, 7, 6, 3, 0)","[('?', 2, 0, 2, 2), ('?', 2, 0, 2, 2), ('?', 2, 0, '?', 2), ('?', 2, 0, '?', 2), ('?', 2, 0, '?', 2), ('?', 2, 0, '?', 2), ('?', 2, 0, '?', 2)]"
"(15, 6, 7, 6, 4, 0)","[(0, 2, 0, 2, 2), (0, 2, 0, '?', 2), (0, 2, 0, 2, 2), (0, 2, 0, '?', 2), (0, 2, 0, '?', 2)]"
"(15, 6, 7, 6, 7, 0)","[(0, 2, 0, 3, 2), ('?', 2, 0, 3, 2), (0, 2, 0, 3, 2), (0, 2, 0, 3, 2), (0, 2, 0, 3, 2)]"
"(15, 6, 7, 6, 9, 0)","[(1, 2, 0, '?', 2), (1, 2, 0, 2, 2), (1, 2, 0, '?', 2), (1, 2, 0, '?', 2), (1, 2, 0, '?', 2)]"
"(15, 6, 7, 6, 14, 0)","[(2, 2, 0, '?', 2), (2, 2, 0, 2, 2), (2, 2, 0, '?', 2)]"
"(15, 6, 7, 7, 6, 0)","[('?', 2, 0, 3, 3), ('?', 2, 0, 3, 3)]"
"(15, 6, 7, 8, 3, 0)","[(0, 2, 0, '?', 1)]"
"(15, 6, 7, 8, 11, 0)","[(0, 2, 0, 2, 1)]"
"(15, 6, 7, 9, 3, 0)","[(1, 2, 0, 2, '?'), (1, 2, 0, '?', 0)]"
"(15, 6, 7, 9, 6, 0)","[(1, 2, 0, '?', 3)]"
"(15, 6, 7, 9, 11, 0)","[(1, 2, 0, '?', 1)]"
"(15, 6, 7, 9, 13, 0)","[(1, 2, 0, 2, 0), (1, 2, 0, '?', 0)]"
"(15, 6, 7, 14, 3, 0)","[(2, 2, 0, 1, '?')]"
"(15, 6, 7, 14, 11, 0)","[(2, 2, 0, 2, 1)]"
"(15, 6, 7, 14, 13, 0)","[(2, 2, 0, '?', 0), (2, 2, 0, 2, 0)]"
"(15, 6, 8, 7, 6, 0)","[(0, 2, 1, 3, 3)]"
"(15, 6, 8, 7, 13, 0)","[(0, 2, 1, 3, 0)]"
"(15, 6, 9, 1, 11, 0)","[(1, 2, 3, '?', 1)]"
"(15, 6, 9, 9, 11, 0)","[(1, 2, '?', '?', 1)]"
"(15, 6, 10, 3, 3, 0)","[('?', 2, 1, '?', '?')]"
"(15, 6, 10, 3, 14, 0)","[(2, 2, 1, 2, '?')]"
"(15, 6, 10, 4, 4, 0)","[(0, 2, 1, '?', 2), (0, 2, 1, '?', 2)]"
"(15, 6, 10, 6, 3, 0)","[('?', 2, 1, '?', 2), ('?', 2, 1, '?', 2), ('?', 2, 1, '?', 2)]"
"(15, 6, 10, 6, 7, 0)","[('?', 2, 1, 3, 2), (0, 2, 1, 3, 2), (0, 2, 1, 3, 2)]"
"(15, 6, 10, 6, 9, 0)","[(1, 2, 1, '?', 2)]"
"(15, 6, 10, 7, 6, 0)","[('?', 2, 1, 3, 3)]"
"(15, 6, 10, 7, 8, 0)","[(0, 2, 1, 3, '?')]"
"(15, 6, 10, 7, 11, 0)","[('?', 2, 1, 3, 1)]"
"(15, 6, 10, 7, 13, 0)","[('?', 2, 1, 3, 0)]"
"(15, 6, 10, 8, 3, 0)","[(0, 2, 1, 2, '?')]"
"(15, 6, 10, 8, 6, 0)","[(0, 2, 1, 2, 3), (0, 2, 1, 3, 3), (0, 2, 1, 2, 3)]"
"(15, 6, 10, 8, 7, 0)","[(0, 2, 1, 3, 1)]"
"(15, 6, 10, 8, 11, 0)","[(0, 2, 1, 3, 1), (0, 2, 1, '?', 1)]"
"(15, 6, 10, 8, 13, 0)","[(0, 2, 1, 3, 0), (0, 2, 1, 2, 0)]"
"(15, 6, 10, 9, 6, 0)","[(1, 2, 1, 0, 3)]"
"(15, 6, 10, 9, 13, 0)","[(1, 2, 1, 2, 0), (1, 2, 1, '?', 0), (1, 2, 1, '?', 0), (1, 2, 1, 2, 0)]"
"(15, 6, 10, 10, 3, 0)","[('?', 2, 1, '?', '?'), ('?', 2, 1, '?', '?'), ('?', 2, 1, '?', '?'), ('?', 2, 1, '?', '?')]"
"(15, 6, 10, 10, 11, 0)","[('?', 2, 1, '?', 1), ('?', 2, 1, 2, 1), ('?', 2, 1, '?', 1)]"
"(15, 6, 10, 10, 13, 0)","[('?', 2, 1, '?', 0), ('?', 2, 1, '?', 0), ('?', 2, 1, 2, 0)]"
"(15, 6, 10, 14, 3, 0)","[(2, 2, 1, 2, '?'), (2, 2, 1, '?', '?'), (2, 2, 1, '?', '?')]"
"(15, 6, 10, 14, 6, 0)","[(2, 2, 1, '?', 3), (2, 2, 1, 1, 3), (2, 2, 1, 2, 3)]"
"(15, 6, 10, 14, 13, 0)","[(2, 2, 1, 2, 0), (2, 2, 1, '?', 0)]"
"(15, 6, 11, 3, 13, 0)","[('?', 2, 2, '?', 0), ('?', 2, 2, 2, 0), ('?', 2, 2, 2, 0)]"
"(15, 6, 11, 4, 4, 0)","[(0, 2, 2, '?', 2), (0, 2, 2, 2, 2), (0, 2, 2, '?', 2), (0, 2, 2, 2, 2)]"
"(15, 6, 11, 6, 3, 0)","[('?', 2, 2, 2, 2), ('?', 2, 2, '?', 2), ('?', 2, 2, 2, 2)]"
"(15, 6, 11, 6, 7, 0)","[('?', 2, 2, 3, 2), ('?', 2, 2, 3, 2)]"
"(15, 6, 11, 6, 9, 0)","[(1, 2, 2, 2, 2)]"
"(15, 6, 11, 8, 6, 0)","[(0, 2, 2, 2, 3)]"
"(15, 6, 11, 9, 6, 0)","[(1, 2, 2, 2, 3), (1, 2, 2, 2, 3)]"
"(15, 6, 11, 14, 13, 0)","[(2, 2, 2, 0, 0)]"
"(15, 6, 14, 3, 13, 0)","[(2, 2, 1, '?', 0)]"
"(15, 6, 14, 6, 14, 0)","[(2, 2, 1, '?', 2), (2, 2, 1, '?', 2)]"
"(15, 6, 15, 4, 4, 0)","[(0, 2, 0, 2, 2)]"
"(15, 7, 3, 6, 9, 0)","[(1, 2, 0, 2, 2)]"
"(15, 7, 6, 6, 4, 0)","[('?', 2, 0, 2, 2)]"
"(15, 7, 6, 6, 7, 0)","[(2, 2, 0, 3, 2)]"
"(15, 7, 6, 6, 9, 0)","[(1, 2, 0, 2, 2), (1, 2, 0, 2, 2)]"
"(15, 7, 6, 6, 14, 0)","[(2, 2, 0, 2, 2)]"
"(15, 7, 6, 14, 7, 0)","[(2, 2, 0, 3, 2)]"
"(15, 7, 7, 3, 3, 0)","[('?', 2, 0, 2, '?'), ('?', 2, 0, 2, '?')]"
"(15, 7, 7, 3, 6, 0)","[(1, 2, 0, 2, 3)]"
"(15, 7, 7, 6, 7, 0)","[('?', 2, 0, 3, 2), (0, 2, 0, 3, 2), (1, 2, 0, 3, 2)]"
"(15, 7, 7, 7, 3, 0)","[(0, 2, 0, 3, '?')]"
"(15, 7, 7, 7, 6, 0)","[('?', 2, 0, 3, 3), ('?', 2, 0, 3, 3)]"
"(15, 7, 7, 7, 7, 0)","[('?', 2, 0, 3, '?'), ('?', 2, 0, 3, '?'), ('?', 2, 0, 3, '?'), ('?', 2, 0, 3, '?'), (0, 2, 0, 3, 1), ('?', 2, 0, 3, '?')]"
"(15, 7, 7, 8, 3, 0)","[(0, 2, 0, '?', '?'), (0, 2, 0, 1, '?')]"
"(15, 7, 7, 8, 6, 0)","[(0, 2, 0, 2, 3), (0, 2, 0, 3, 3), (0, 2, 0, 2, 3), (0, 2, 0, 3, 3), (0, 2, 0, '?', 3), (0, 2, 0, 2, 3), (0, 2, 0, 2, 3)]"
"(15, 7, 7, 8, 7, 0)","[(0, 2, 0, 3, '?'), (0, 2, 0, 3, '?'), (0, 2, 0, 3, 0), (0, 2, 0, 3, 0), (0, 2, 0, 3, 0)]"
"(15, 7, 7, 8, 11, 0)","[(0, 2, 0, 2, 1), (0, 2, 0, 3, 1)]"
"(15, 7, 7, 8, 13, 0)","[(0, 2, 0, 3, 0), (0, 2, 0, 3, 0)]"
"(15, 7, 7, 9, 3, 0)","[(1, 2, 0, 2, '?'), (1, 2, 0, 2, '?'), (1, 2, 0, 2, '?')]"
"(15, 7, 7, 9, 6, 0)","[(1, 2, 0, 2, 3)]"
"(15, 7, 7, 14, 6, 0)","[(2, 2, 0, 2, 3), (2, 2, 0, 2, 3), (2, 2, 0, 2, 3), (2, 2, 0, 2, 3), (2, 2, 0, 2, 3)]"
"(15, 7, 7, 14, 11, 0)","[(2, 2, 0, 2, 1), (2, 2, 0, 2, 1), (2, 2, 0, 2, 1)]"
"(15, 7, 14, 3, 11, 0)","[(2, 2, 0, 2, 1)]"
"(15, 7, 14, 3, 13, 0)","[(2, 2, 0, 2, 0)]"
"(15, 9, 1, 6, 7, 0)","[(1, 2, 3, 3, 2), (1, 2, 3, 3, 2), (1, 2, 3, 3, 2), (1, 2, 3, 3, 2)]"
"(15, 9, 1, 7, 6, 0)","[(1, 2, 3, 3, 3), (1, 2, 3, 3, 3), (1, 2, 3, 3, 3), (1, 2, 3, 3, 3)]"
"(15, 9, 1, 7, 7, 0)","[(1, 2, 3, 3, '?'), (1, 2, 3, 3, '?'), (1, 2, 3, 3, '?')]"
"(15, 9, 1, 7, 11, 0)","[(1, 2, 3, 3, 1)]"
"(15, 9, 1, 7, 13, 0)","[(1, 2, 3, 3, 0), (1, 2, 3, 3, 0), (1, 2, 3, 3, 0), (1, 2, 3, 3, 0), (1, 2, 3, 3, 0), (1, 2, 3, 3, 0)]"
"(15, 9, 3, 6, 7, 0)","[(1, 2, 1, 3, 2), (1, 2, '?', 3, 2), (1, 2, 1, 3, 2), (1, 2, '?', 3, 2), (1, 2, 1, 3, 2)]"
"(15, 9, 3, 7, 6, 0)","[(1, 2, '?', 3, 3), (1, 2, '?', 3, 3), (1, 2, '?', 3, 3), (1, 2, '?', 3, 3), (1, 2, '?', 3, 3), (1, 2, '?', 3, 3), (1, 2, '?', 3, 3), (1, 2, '?', 3, 3)]"
"(15, 9, 3, 7, 7, 0)","[(1, 2, '?', 3, '?'), (1, 2, '?', 3, '?'), (1, 2, '?', 3, 1), (1, 2, '?', 3, '?'), (1, 2, '?', 3, '?'), (1, 2, 1, 3, '?'), (1, 2, '?', 3, '?'), (1, 2, '?', 3, '?')]"
"(15, 9, 3, 7, 11, 0)","[(1, 2, '?', 3, 1)]"
"(15, 9, 3, 7, 13, 0)","[(1, 2, '?', 3, 0), (1, 2, '?', 3, 0), (1, 2, '?', 3, 0)]"
"(15, 9, 6, 6, 7, 0)","[(1, 2, 1, 3, 2), (1, 2, 2, 3, 2)]"
"(15, 9, 7, 6, 7, 0)","[(1, 2, 0, 3, 2), (1, 2, 0, 3, 2), (1, 2, 0, 3, 2)]"
"(15, 9, 7, 6, 9, 0)","[(1, 2, 0, 2, 2)]"
"(15, 9, 7, 7, 11, 0)","[(1, 2, 0, 3, 1), (1, 2, 0, 3, 1), (1, 2, 0, 3, 1), (1, 2, 0, 3, 1)]"
"(15, 9, 7, 7, 13, 0)","[(1, 2, 0, 3, 0), (1, 2, 0, 3, 0), (1, 2, 0, 3, 0), (1, 2, 0, 3, 0)]"
"(15, 9, 7, 9, 3, 0)","[(1, 2, 0, 2, '?')]"
"(15, 9, 7, 9, 6, 0)","[(1, 2, 0, 2, 3)]"
"(15, 9, 10, 6, 9, 0)","[(1, 2, 1, '?', 2), (1, 2, 1, '?', 2)]"
"(15, 9, 10, 7, 9, 0)","[(1, 2, 1, 3, '?')]"
"(15, 9, 10, 9, 6, 0)","[(1, 2, 1, '?', 3)]"
"(15, 9, 11, 6, 7, 0)","[(1, 2, 2, 3, 2), (1, 2, 2, 3, 2), (1, 2, 2, 3, 2)]"
"(15, 9, 11, 7, 6, 0)","[(1, 2, 2, 3, 3), (1, 2, 2, 3, 3), (1, 2, 2, 3, 3), (1, 2, 2, 3, 3)]"
"(15, 9, 11, 7, 7, 0)","[(1, 2, 2, 3, '?'), (1, 2, 2, 3, '?')]"
"(15, 9, 11, 7, 11, 0)","[(1, 2, 2, 3, 1), (1, 2, 2, 3, 1), (1, 2, 2, 3, 1), (1, 2, 2, 3, 1), (1, 2, 2, 3, 1)]"
"(15, 9, 11, 9, 13, 0)","[(1, 2, 2, '?', 0)]"
"(15, 10, 8, 7, 13, 0)","[(0, 2, 1, 3, 0)]"
"(15, 10, 10, 6, 9, 0)","[(1, 2, 1, 2, 2)]"
"(15, 10, 10, 6, 14, 0)","[(2, 2, 1, 2, 2)]"
"(15, 10, 10, 14, 6, 0)","[(2, 2, 1, 2, 3)]"
"(15, 10, 14, 14, 6, 0)","[(2, 2, 1, 2, 3)]"
"(15, 11, 3, 3, 3, 0)","[('?', 2, 2, 2, '?')]"
"(15, 11, 3, 3, 11, 0)","[('?', 2, 2, 2, 1)]"
"(15, 11, 3, 3, 13, 0)","[('?', 2, 2, 2, 0), ('?', 2, 2, 2, 0)]"
"(15, 11, 3, 4, 7, 0)","[(0, 2, 2, 3, 2)]"
"(15, 11, 3, 7, 7, 0)","[('?', 2, 2, 3, '?'), (1, 2, 2, 3, '?'), ('?', 2, 2, 3, '?'), ('?', 2, 2, 3, '?'), ('?', 2, 2, 3, '?'), ('?', 2, 2, 3, '?'), ('?', 2, 2, 3, '?')]"
"(15, 11, 3, 7, 8, 0)","[(0, 2, 2, 3, '?')]"
"(15, 11, 3, 8, 3, 0)","[(0, 2, 2, 2, '?'), (0, 2, 2, 2, '?')]"
"(15, 11, 3, 8, 7, 0)","[(0, 2, 2, 3, '?')]"
"(15, 11, 3, 9, 3, 0)","[(1, 2, 2, 2, '?')]"
"(15, 11, 3, 9, 6, 0)","[(1, 2, 2, 2, 3)]"
"(15, 11, 3, 9, 13, 0)","[(1, 2, 2, 2, 0), (1, 2, 2, 2, 0)]"
"(15, 11, 8, 7, 6, 0)","[(0, 2, 2, 3, 3), (0, 2, 2, 3, 3)]"
"(15, 11, 8, 7, 8, 0)","[(0, 2, 2, 3, '?'), (0, 2, 2, 3, '?')]"
"(15, 11, 8, 7, 13, 0)","[(0, 2, 2, 3, 0), (0, 2, 2, 3, 0), (0, 2, 2, 3, 0), (0, 2, 2, 3, 0)]"
"(15, 11, 8, 8, 6, 0)","[(0, 2, 2, '?', 3)]"
"(15, 11, 8, 8, 7, 0)","[(0, 2, 2, 3, '?')]"
"(15, 11, 8, 8, 11, 0)","[(0, 2, 2, 2, 1)]"
"(15, 11, 9, 9, 6, 0)","[(1, 2, 2, 2, 3)]"
"(15, 11, 11, 9, 6, 0)","[(1, 2, 2, 2, 3)]"
"(15, 11, 14, 3, 13, 0)","[(2, 2, 2, 2, 0)]"
"(15, 14, 1, 6, 7, 0)","[(2, 2, 3, 3, 2)]"
"(15, 14, 1, 6, 14, 0)","[(2, 2, 3, 3, 2), (2, 2, 3, 3, 2), (2, 2, 3, 3, 2), (2, 2, 3, 3, 2), (2, 2, 3, 3, 2)]"
"(15, 14, 1, 7, 6, 0)","[(2, 2, 3, 3, 3), (2, 2, 3, 3, 3)]"
"(15, 14, 1, 7, 11, 0)","[(2, 2, 3, 3, 1)]"
"(15, 14, 1, 7, 13, 0)","[(2, 2, 3, 3, 0), (2, 2, 3, 3, 0), (2, 2, 3, 3, 0)]"
"(15, 14, 1, 7, 14, 0)","[(2, 2, 3, 3, '?'), (2, 2, 3, 3, '?'), (2, 2, 3, 3, '?'), (2, 2, 3, 3, '?')]"
"(15, 14, 1, 14, 3, 0)","[(2, 2, 3, 0, '?'), (2, 2, 3, 0, '?'), (2, 2, 3, 0, 3), (2, 2, 3, 0, '?'), (2, 2, 3, 0, '?'), (2, 2, 3, 0, '?')]"
"(15, 14, 1, 14, 6, 0)","[(2, 2, 3, 0, 3), (2, 2, 3, 0, 3), (2, 2, 3, 0, 3), (2, 2, 3, 0, 3)]"
"(15, 14, 1, 14, 11, 0)","[(2, 2, 3, 0, 1), (2, 2, 3, '?', 1)]"
"(15, 14, 1, 14, 14, 0)","[(2, 2, 3, 0, '?')]"
"(15, 14, 3, 6, 7, 0)","[(2, 2, '?', 3, 2), (2, 2, 1, 3, 2)]"
"(15, 14, 3, 6, 14, 0)","[(2, 2, '?', 3, 2), (2, 2, 1, 3, 2), (2, 2, '?', 3, 2), (2, 2, 1, 3, 2), (2, 2, '?', 3, 2), (2, 2, '?', 3, 2)]"
"(15, 14, 3, 7, 6, 0)","[(2, 2, '?', 3, 3), (2, 2, '?', 3, 3), (2, 2, '?', 3, 3), (2, 2, '?', 3, 3), (2, 2, '?', 3, 3), (2, 2, 3, 3, 3), (2, 2, '?', 3, 3)]"
"(15, 14, 3, 7, 7, 0)","[(2, 2, '?', 3, '?')]"
"(15, 14, 3, 7, 11, 0)","[(2, 2, '?', 3, 1), (2, 2, '?', 3, 1), (2, 2, 1, 3, 1)]"
"(15, 14, 3, 7, 13, 0)","[(2, 2, '?', 3, 0), (2, 2, '?', 3, 0), (2, 2, '?', 3, 0), (2, 2, '?', 3, 0), (2, 2, '?', 3, 0), (2, 2, '?', 3, 0), (2, 2, '?', 3, 0)]"
"(15, 14, 3, 7, 14, 0)","[(2, 2, '?', 3, '?'), (2, 2, '?', 3, '?')]"
"(15, 14, 3, 14, 3, 0)","[(2, 2, '?', 0, 2), (2, 2, '?', '?', '?')]"
"(15, 14, 3, 14, 6, 0)","[(2, 2, '?', 0, 3), (2, 2, '?', 0, 3), (2, 2, '?', '?', 3)]"
"(15, 14, 3, 14, 11, 0)","[(2, 2, '?', 0, 1)]"
"(15, 14, 3, 14, 13, 0)","[(2, 2, '?', '?', 0), (2, 2, '?', 0, 0)]"
"(15, 14, 6, 6, 7, 0)","[(2, 2, '?', 3, 2)]"
"(15, 14, 7, 6, 7, 0)","[(2, 2, 0, 3, 2), (2, 2, 0, 3, 2)]"
"(15, 14, 7, 7, 6, 0)","[(2, 2, 0, 3, 3), (2, 2, 0, 3, 3), (2, 2, 0, 3, 3), (2, 2, 0, 3, 3), (2, 2, 0, 3, 3)]"
"(15, 14, 7, 7, 11, 0)","[(2, 2, 0, 3, 1)]"
"(15, 14, 7, 7, 13, 0)","[(2, 2, 0, 3, 0), (2, 2, 0, 3, 0), (2, 2, 0, 3, 0), (2, 2, 0, 3, 0), (2, 2, 0, 3, 0), (2, 2, 0, 3, 0), (2, 2, 0, 3, 0)]"
"(15, 14, 7, 7, 14, 0)","[(2, 2, 0, 3, '?'), (2, 2, 0, 3, '?'), (2, 2, 0, 3, 1), (2, 2, 0, 3, '?'), (2, 2, 0, 3, '?'), (2, 2, 0, 3, 1), (2, 2, 0, 3, 1)]"
"(15, 14, 7, 14, 6, 0)","[(2, 2, 0, 2, 3)]"
"(15, 14, 7, 14, 13, 0)","[(2, 2, 0, '?', 0), (2, 2, 0, '?', 0)]"
"(15, 14, 10, 6, 7, 0)","[(2, 2, 1, 3, 2), (2, 2, 1, 3, 2), (2, 2, 1, '?', 2)]"
"(15, 14, 10, 7, 7, 0)","[(2, 2, 1, 3, '?')]"
"(15, 14, 10, 7, 13, 0)","[(2, 2, 1, 3, 0), (2, 2, 1, 3, 0), (2, 2, 1, 3, 0), (2, 2, 1, 3, 0)]"
"(15, 14, 10, 7, 14, 0)","[(2, 2, 1, 3, '?')]"
"(15, 14, 10, 14, 3, 0)","[(2, 2, 1, 0, '?'), (2, 2, 1, '?', '?')]"
"(15, 14, 10, 14, 6, 0)","[(2, 2, 1, 0, 3), (2, 2, 1, '?', 3)]"
"(15, 14, 10, 14, 10, 0)","[(2, 2, 1, '?', '?')]"
"(15, 14, 10, 14, 11, 0)","[(2, 2, 1, 2, 1)]"
"(15, 14, 11, 6, 7, 0)","[(2, 2, 2, 3, 2), (2, 2, 2, 3, 2), (2, 2, 2, 3, 2), (2, 2, 2, 3, 2), (2, 2, 2, 3, 2)]"
"(15, 14, 11, 6, 14, 0)","[(2, 2, 2, 3, 2)]"
"(15, 14, 11, 7, 6, 0)","[(2, 2, 2, 3, 3), (2, 2, 2, 3, 3), (2, 2, 2, 3, 3), (2, 2, 2, 3, 3), (2, 2, 2, 3, 3)]"
"(15, 14, 11, 7, 7, 0)","[(2, 2, 2, 3, '?')]"
"(15, 14, 11, 7, 11, 0)","[(2, 2, 2, 3, 1), (2, 2, 2, 3, 1), (2, 2, 2, 3, 1), (2, 2, 2, 3, 1), (2, 2, 2, 3, 1), (2, 2, 2, 3, 1)]"
"(15, 14, 11, 7, 13, 0)","[(2, 2, 2, 3, 0), (2, 2, 2, 3, 0), (2, 2, 2, 3, 0), (2, 2, 2, 3, 0), (2, 2, 2, 3, 0)]"
"(15, 14, 11, 7, 14, 0)","[(2, 2, 2, 3, '?'), (2, 2, 2, 3, 1), (2, 2, 2, 3, '?')]"
"(15, 14, 11, 14, 3, 0)","[(2, 2, 2, 0, 2), (2, 2, 2, 0, 2)]"
"(15, 14, 11, 14, 6, 0)","[(2, 2, 2, '?', 3), (2, 2, 2, 2, 3)]"
"(15, 14, 11, 14, 11, 0)","[(2, 2, 2, 0, 1)]"
"(15, 14, 11, 14, 13, 0)","[(2, 2, 2, '?', 0)]"
"(15, 14, 14, 7, 6, 0)","[(2, 2, '?', 3, 3)]"
"(15, 14, 14, 7, 7, 0)","[(2, 2, '?', 3, '?')]"
"(15, 15, 1, 1, 11, 0)","[('?', 2, 3, '?', 1)]"
"(15, 15, 1, 3, 3, 0)","[('?', 2, 3, '?', '?'), ('?', 2, 3, 0, 2), ('?', 2, 3, '?', '?'), ('?', 2, 3, '?', '?'), ('?', 2, 3, 0, 2), ('?', 2, 3, '?', '?'), ('?', 2, 3, '?', 0), ('?', 2, 3, '?', '?'), ('?', 2, 3, '?', '?'), ('?', 2, 3, '?', '?'), ('?', 2, 3, '?', 0), ('?', 2, 3, 0, 2)]"
"(15, 15, 1, 3, 6, 0)","[('?', 2, 3, '?', 3), ('?', 2, 3, 0, 3), ('?', 2, 3, 0, 3), ('?', 2, 3, '?', 3), ('?', 2, 3, '?', 3), ('?', 2, 3, '?', 3), ('?', 2, 3, '?', 3)]"
"(15, 15, 1, 3, 11, 0)","[('?', 2, 3, '?', 1)]"
"(15, 15, 1, 3, 13, 0)","[('?', 2, 3, '?', 0), ('?', 2, 3, '?', 0), ('?', 2, 3, '?', 0), ('?', 2, 3, '?', 0)]"
"(15, 15, 1, 4, 4, 0)","[(0, 2, 3, '?', 2), (0, 2, 3, 0, 2)]"
"(15, 15, 1, 4, 7, 0)","[(0, 2, 3, 3, 2)]"
"(15, 15, 1, 6, 3, 0)","[('?', 2, 3, '?', 2), ('?', 2, 3, '?', 2), ('?', 2, 3, 2, 2), ('?', 2, 3, '?', 2), ('?', 2, 3, '?', 2), ('?', 2, 3, '?', 2)]"
"(15, 15, 1, 6, 4, 0)","[(0, 2, 3, '?', 2), (0, 2, 3, '?', 2)]"
"(15, 15, 1, 6, 9, 0)","[(1, 2, 3, '?', 2), (1, 2, 3, 2, 2), (1, 2, 3, '?', 2), (1, 2, 3, '?', 2), (1, 2, 3, '?', 2), (1, 2, 3, '?', 2), (1, 2, 3, 2, 2), (1, 2, 3, '?', 2), (1, 2, 3, '?', 2), (1, 2, 3, '?', 2), (1, 2, 3, '?', 2), (1, 2, 3, 2, 2)]"
"(15, 15, 1, 6, 14, 0)","[(2, 2, 3, '?', 2), (2, 2, 3, '?', 2), (2, 2, 3, '?', 2), (2, 2, 3, '?', 2), (2, 2, 3, '?', 2), (2, 2, 3, '?', 2), (2, 2, 3, 2, 2), (2, 2, 3, '?', 2), (2, 2, 3, 2, 2), (2, 2, 3, '?', 2)]"
"(15, 15, 1, 7, 8, 0)","[(0, 2, 3, 3, 1)]"
"(15, 15, 1, 7, 11, 0)","[(1, 2, 3, 3, 1)]"
"(15, 15, 1, 8, 3, 0)","[(0, 2, 3, 0, 2), (0, 2, 3, '?', '?'), (0, 2, 3, '?', '?'), (0, 2, 3, '?', '?'), (0, 2, 3, '?', '?'), (0, 2, 3, '?', '?'), (0, 2, 3, 0, 2), (0, 2, 3, '?', '?'), (0, 2, 3, 0, '?'), (0, 2, 3, 2, '?'), (0, 2, 3, 0, 0), (0, 2, 3, 0, 0), (0, 2, 3, '?', '?'), (0, 2, 3, 0, 2), (0, 2, 3, 0, '?'), (0, 2, 3, '?', '?'), (0, 2, 3, 0, 2), (0, 2, 3, 0, '?'), (0, 2, 3, 2, '?'), (0, 2, 3, '?', '?')]"
"(15, 15, 1, 8, 6, 0)","[(0, 2, 3, '?', 3), (0, 2, 3, '?', 3), (0, 2, 3, '?', 3)]"
"(15, 15, 1, 8, 7, 0)","[(0, 2, 3, 3, '?'), (0, 2, 3, 3, '?')]"
"(15, 15, 1, 8, 11, 0)","[(0, 2, 3, 0, 1), (0, 2, 3, 0, 1), (0, 2, 3, '?', 1), (0, 2, 3, '?', 1), (0, 2, 3, '?', 1), (0, 2, 3, '?', 1), (0, 2, 3, '?', 1), (0, 2, 3, '?', 1), (0, 2, 3, 0, 1), (0, 2, 3, 0, 1), (0, 2, 3, '?', 1), (0, 2, 3, 0, 1), (0, 2, 3, 2, 1), (0, 2, 3, 2, 1), (0, 2, 3, 0, 1)]"
"(15, 15, 1, 8, 13, 0)","[(0, 2, 3, 0, 0)]"
"(15, 15, 1, 9, 3, 0)","[(1, 2, 3, '?', '?'), (1, 2, 3, 2, '?'), (1, 2, 3, '?', '?'), (1, 2, 3, '?', '?'), (1, 2, 3, '?', '?')]"
"(15, 15, 1, 9, 6, 0)","[(1, 2, 3, '?', 3), (1, 2, 3, 2, 3), (1, 2, 3, '?', 3)]"
"(15, 15, 1, 9, 11, 0)","[(1, 2, 3, '?', 1), (1, 2, 3, '?', 1), (1, 2, 3, '?', 1), (1, 2, 3, '?', 1)]"
"(15, 15, 1, 10, 13, 0)","[('?', 2, 3, '?', 0)]"
"(15, 15, 1, 14, 3, 0)","[(2, 2, 3, '?', '?'), (2, 2, 3, '?', '?'), (2, 2, 3, '?', '?'), (2, 2, 3, '?', '?'), (2, 2, 3, '?', '?')]"
"(15, 15, 1, 14, 6, 0)","[(2, 2, 3, '?', 3), (2, 2, 3, '?', 3), (2, 2, 3, '?', 3)]"
"(15, 15, 1, 14, 11, 0)","[(2, 2, 3, '?', 1), (2, 2, 3, '?', 1), (2, 2, 3, '?', 1)]"
"(15, 15, 1, 14, 13, 0)","[(2, 2, 3, '?', 0), (2, 2, 3, '?', 0), (2, 2, 3, '?', 0), (2, 2, 3, '?', 0), (2, 2, 3, '?', 0), (2, 2, 3, '?', 0), (2, 2, 3, '?', 0)]"
"(15, 15, 3, 1, 6, 0)","[('?', 2, 3, '?', 3)]"
"(15, 15, 3, 1, 11, 0)","[('?', 2, 3, '?', 1)]"
"(15, 15, 3, 3, 3, 0)","[('?', 2, '?', '?', '?'), ('?', 2, '?', '?', '?'), ('?', 2, '?', '?', '?'), ('?', 2, '?', '?', '?'), ('?', 2, '?', '?', '?'), ('?', 2, '?', '?', '?'), ('?', 2, '?', '?', '?'), ('?', 2, '?', '?', '?'), ('?', 2, '?', '?', '?')]"
"(15, 15, 3, 3, 6, 0)","[('?', 2, '?', 2, 3)]"
"(15, 15, 3, 3, 11, 0)","[('?', 2, '?', '?', 1), ('?', 2, '?', '?', 1), ('?', 2, '?', '?', 1), ('?', 2, '?', '?', 1), ('?', 2, '?', '?', 1), ('?', 2, '?', '?', 1), ('?', 2, '?', '?', 1), ('?', 2, '?', '?', 1), ('?', 2, 1, '?', 1)]"
"(15, 15, 3, 3, 13, 0)","[('?', 2, '?', '?', 0), ('?', 2, '?', '?', 0), ('?', 2, '?', '?', 0), ('?', 2, '?', '?', 0), ('?', 2, '?', '?', 0), ('?', 2, '?', '?', 0), ('?', 2, '?', '?', 0), ('?', 2, '?', '?', 0), ('?', 2, '?', '?', 0)]"
"(15, 15, 3, 4, 4, 0)","[(0, 2, '?', '?', 2), (0, 2, '?', '?', 2), (0, 2, '?', '?', 2), (0, 2, 1, '?', 2), (0, 2, '?', '?', 2), (0, 2, '?', '?', 2), (0, 2, '?', '?', 2), (0, 2, '?', '?', 2), (0, 2, '?', '?', 2)]"
"(15, 15, 3, 4, 7, 0)","[(0, 2, '?', 3, 2), (0, 2, '?', 3, 2)]"
"(15, 15, 3, 6, 3, 0)","[('?', 2, 0, 0, 2), ('?', 2, '?', '?', 2), ('?', 2, '?', 2, 2), ('?', 2, '?', '?', 2), ('?', 2, '?', '?', 2), ('?', 2, '?', 2, 2), ('?', 2, '?', 2, 2), ('?', 2, '?', 2, 2), ('?', 2, '?', '?', 2), ('?', 2, '?', 2, 2), ('?', 2, 1, 2, 2), ('?', 2, '?', '?', 2), ('?', 2, '?', '?', 2), ('?', 2, '?', '?', 2)]"
"(15, 15, 3, 6, 6, 0)","[('?', 2, 3, '?', 2)]"
"(15, 15, 3, 6, 7, 0)","[(1, 2, 1, 3, 2)]"
"(15, 15, 3, 6, 9, 0)","[(1, 2, '?', '?', 2), (1, 2, 1, '?', 2), (1, 2, '?', '?', 2), (1, 2, '?', 2, 2), (1, 2, '?', '?', 2), (1, 2, '?', '?', 2), (1, 2, '?', 2, 2), (1, 2, 1, '?', 2), (1, 2, 1, 2, 2), (1, 2, '?', '?', 2), (1, 2, '?', 2, 2), (1, 2, '?', '?', 2)]"
"(15, 15, 3, 6, 11, 0)","[('?', 2, 2, '?', 2)]"
"(15, 15, 3, 6, 14, 0)","[(2, 2, '?', '?', 2), (2, 2, '?', '?', 2), (2, 2, 1, 2, 2), (2, 2, '?', '?', 2), (2, 2, '?', '?', 2), (2, 2, '?', '?', 2)]"
"(15, 15, 3, 8, 3, 0)","[(0, 2, 1, 2, '?'), (0, 2, '?', '?', '?'), (0, 2, '?', 0, '?'), (0, 2, '?', 0, 2), (0, 2, '?', '?', '?'), (0, 2, '?', 0, 2), (0, 2, '?', '?', '?'), (0, 2, '?', '?', '?'), (0, 2, '?', 0, '?'), (0, 2, '?', '?', '?'), (0, 2, '?', '?', '?'), (0, 2, '?', 0, '?'), (0, 2, '?', '?', '?'), (0, 2, '?', '?', '?'), (0, 2, '?', 0, 2), (0, 2, '?', 0, '?'), (0, 2, '?', '?', 1)]"
"(15, 15, 3, 8, 6, 0)","[(0, 2, '?', 2, 3), (0, 2, '?', 2, 3), (0, 2, '?', 0, 3), (0, 2, '?', 2, 3), (0, 2, '?', 2, 3), (0, 2, '?', '?', 3), (0, 2, '?', '?', 3), (0, 2, '?', '?', 3), (0, 2, '?', '?', 3), (0, 2, '?', '?', 3), (0, 2, '?', '?', 3), (0, 2, '?', '?', 3)]"
"(15, 15, 3, 8, 7, 0)","[(0, 2, '?', 3, 1)]"
"(15, 15, 3, 8, 11, 0)","[(0, 2, '?', '?', 1), (0, 2, '?', '?', 1), (0, 2, '?', 0, 1), (0, 2, '?', '?', 1), (0, 2, '?', '?', 1), (0, 2, '?', 2, 1), (0, 2, 1, '?', 1), (0, 2, 1, 2, 1), (0, 2, '?', '?', 1), (0, 2, 1, '?', 1), (0, 2, '?', '?', 1), (0, 2, '?', 2, 1), (0, 2, '?', 0, 1), (0, 2, 1, '?', 1)]"
"(15, 15, 3, 8, 13, 0)","[(0, 2, '?', 2, 0), (0, 2, '?', 0, 0), (0, 2, '?', 2, 0), (0, 2, 1, 2, 0), (0, 2, 1, '?', 0), (0, 2, '?', 2, 0), (0, 2, '?', 0, 0)]"
"(15, 15, 3, 9, 3, 0)","[(1, 2, '?', '?', '?'), (1, 2, '?', '?', '?'), (1, 2, '?', '?', '?'), (1, 2, '?', '?', '?'), (1, 2, '?', '?', '?'), (1, 2, '?', 0, 2), (1, 2, '?', '?', '?'), (1, 2, '?', '?', '?')]"
"(15, 15, 3, 9, 6, 0)","[(1, 2, '?', 2, 3), (1, 2, '?', '?', 3), (1, 2, '?', '?', 3), (1, 2, '?', '?', 3), (1, 2, '?', '?', 3), (1, 2, '?', 2, 3), (1, 2, '?', '?', 3), (1, 2, '?', '?', 3), (1, 2, '?', '?', 3), (1, 2, '?', '?', 3)]"
"(15, 15, 3, 9, 11, 0)","[(1, 2, '?', '?', 1), (1, 2, '?', '?', 1), (1, 2, '?', '?', 1), (1, 2, '?', '?', 1), (1, 2, '?', '?', 1), (1, 2, '?', '?', 1)]"
"(15, 15, 3, 9, 13, 0)","[(1, 2, 1, '?', 0)]"
"(15, 15, 3, 10, 13, 0)","[('?', 2, 1, '?', 0)]"
"(15, 15, 3, 14, 3, 0)","[(2, 2, '?', '?', '?')]"
"(15, 15, 3, 14, 6, 0)","[(2, 2, '?', '?', 3), (2, 2, '?', '?', 3)]"
"(15, 15, 3, 14, 11, 0)","[(2, 2, '?', '?', 1), (2, 2, '?', '?', 1), (2, 2, 1, 2, 1), (2, 2, '?', '?', 1)]"
"(15, 15, 3, 14, 13, 0)","[(2, 2, '?', '?', 0), (2, 2, '?', '?', 0), (2, 2, '?', '?', 0), (2, 2, '?', '?', 0), (2, 2, '?', '?', 0), (2, 2, '?', '?', 0)]"
"(15, 15, 4, 1, 6, 0)","[(3, 2, 3, '?', 3), (3, 2, 3, '?', 3), (3, 2, 3, '?', 3), (3, 2, 3, '?', 3), (3, 2, 3, '?', 3)]"
"(15, 15, 4, 1, 7, 0)","[(3, 2, 3, 3, 1), (3, 2, 3, 3, '?'), (3, 2, 3, 3, 1)]"
"(15, 15, 4, 1, 11, 0)","[(3, 2, 3, 2, 1)]"
"(15, 15, 4, 3, 3, 0)","[(3, 2, '?', '?', '?'), (3, 2, '?', '?', '?'), (3, 2, '?', '?', '?'), (3, 2, '?', '?', '?'), (3, 2, '?', '?', '?'), (3, 2, 1, '?', 1), (3, 2, '?', '?', '?')]"
"(15, 15, 4, 3, 11, 0)","[(3, 2, '?', '?', 1), (3, 2, '?', '?', 1), (3, 2, '?', '?', 1), (3, 2, '?', '?', 1), (3, 2, '?', '?', 1), (3, 2, '?', '?', 1), (3, 2, '?', '?', 1), (3, 2, '?', 2, 1), (3, 2, '?', '?', 1)]"
"(15, 15, 4, 3, 13, 0)","[(3, 2, '?', '?', 0), (3, 2, '?', '?', 0), (3, 2, '?', '?', 0), (3, 2, '?', '?', 0), (3, 2, '?', '?', 0), (3, 2, '?', '?', 0), (3, 2, '?', '?', 0)]"
"(15, 15, 4, 6, 1, 0)","[(3, 2, 3, '?', 2), (3, 2, 3, '?', 2), (3, 2, 3, '?', 2), (3, 2, 3, '?', 2), (3, 2, 3, '?', 2), (3, 2, 3, '?', 2), (3, 2, 3, '?', 2), (3, 2, 3, '?', 2), (3, 2, 3, 0, 2)]"
"(15, 15, 4, 6, 3, 0)","[(3, 2, 1, 2, 2), (3, 2, 1, '?', 2), (3, 2, '?', '?', 2)]"
"(15, 15, 4, 6, 11, 0)","[(3, 2, 2, '?', 2), (3, 2, 2, '?', 2), (3, 2, 2, '?', 2), (3, 2, 2, '?', 2)]"
"(15, 15, 4, 7, 6, 0)","[(3, 2, '?', 3, 3)]"
"(15, 15, 4, 7, 13, 0)","[(3, 2, 3, 3, 0), (3, 2, '?', 3, 0)]"
"(15, 15, 4, 10, 3, 0)","[(3, 2, 1, '?', '?'), (3, 2, 1, '?', '?')]"
"(15, 15, 4, 10, 6, 0)","[(3, 2, 1, '?', 3), (3, 2, 1, '?', 3)]"
"(15, 15, 4, 11, 3, 0)","[(3, 2, 2, '?', '?'), (3, 2, 2, '?', '?'), (3, 2, 2, '?', '?'), (3, 2, 2, '?', '?')]"
"(15, 15, 4, 11, 6, 0)","[(3, 2, 2, '?', 3), (3, 2, 2, '?', 3), (3, 2, 2, '?', 3), (3, 2, 2, '?', 3), (3, 2, 2, '?', 3), (3, 2, 2, '?', 3)]"
"(15, 15, 4, 11, 11, 0)","[(3, 2, 2, '?', 1), (3, 2, 2, '?', 1), (3, 2, 2, '?', 1), (3, 2, 2, '?', 1)]"
"(15, 15, 4, 11, 13, 0)","[(3, 2, 2, '?', 0), (3, 2, 2, '?', 0), (3, 2, 2, '?', 0), (3, 2, 2, '?', 0), (3, 2, 2, '?', 0)]"
"(15, 15, 7, 3, 3, 0)","[('?', 2, 0, '?', '?'), ('?', 2, 0, '?', '?'), ('?', 2, 0, '?', '?'), ('?', 2, 0, '?', '?'), ('?', 2, 0, '?', '?')]"
"(15, 15, 7, 3, 6, 0)","[('?', 2, 0, '?', 3), ('?', 2, 0, '?', 3), ('?', 2, 0, 2, 3), ('?', 2, 0, 2, 3), (3, 2, 0, '?', 3), ('?', 2, 0, '?', 3), ('?', 2, 0, '?', 3), ('?', 2, 0, '?', 3), ('?', 2, 0, '?', 3), ('?', 2, 0, '?', 3)]"
"(15, 15, 7, 3, 11, 0)","[('?', 2, 0, '?', 1), ('?', 2, 0, '?', 1), ('?', 2, 0, '?', 1), ('?', 2, 0, '?', 1), ('?', 2, 0, '?', 1), ('?', 2, 0, '?', 1), ('?', 2, 0, '?', 1)]"
"(15, 15, 7, 4, 3, 0)","[(3, 2, 0, '?', 0), (3, 2, 0, '?', 0)]"
"(15, 15, 7, 4, 4, 0)","[(0, 2, 0, '?', 2), (0, 2, 0, '?', 2), (0, 2, 0, '?', 2)]"
"(15, 15, 7, 4, 6, 0)","[(3, 2, 0, '?', 3), (3, 2, 0, '?', 3)]"
"(15, 15, 7, 4, 13, 0)","[(3, 2, 0, '?', 0)]"
"(15, 15, 7, 6, 3, 0)","[(3, 2, 0, '?', 2), ('?', 2, 0, '?', 2)]"
"(15, 15, 7, 6, 7, 0)","[(0, 2, 0, 3, 2)]"
"(15, 15, 7, 6, 9, 0)","[(1, 2, 0, '?', 2), (1, 2, 0, '?', 2)]"
"(15, 15, 7, 6, 14, 0)","[(2, 2, 0, 1, 2), (2, 2, 0, '?', 2), (2, 2, 0, '?', 2), (2, 2, 0, 2, 2), (2, 2, 0, '?', 2), (2, 2, 0, '?', 2), (2, 2, 0, '?', 2), (2, 2, 0, 2, 2), (2, 2, 0, '?', 2), (2, 2, 0, '?', 2), (2, 2, 0, '?', 2)]"
"(15, 15, 7, 7, 6, 0)","[('?', 2, 0, 3, 3), ('?', 2, 0, 3, 3)]"
"(15, 15, 7, 8, 3, 0)","[(0, 2, 0, 0, '?'), (0, 2, 0, 2, '?'), (0, 2, 0, '?', '?'), (0, 2, 0, 0, 2), (0, 2, 0, '?', '?'), (0, 2, 0, '?', '?'), (0, 2, 0, '?', '?'), (0, 2, 0, '?', 0), (0, 2, 0, 0, 1), (0, 2, 0, '?', 1), (0, 2, 0, 2, '?'), (0, 2, 0, '?', '?'), (0, 2, 0, 0, '?')]"
"(15, 15, 7, 8, 6, 0)","[(0, 2, 0, 3, 3), (0, 2, 0, 0, 3), (0, 2, 0, '?', 3), (0, 2, 0, '?', 3), (0, 2, 0, '?', 3), (0, 2, 0, 0, 3), (0, 2, 0, '?', 3), (0, 2, 0, 2, 3), (0, 2, 0, '?', 3), (0, 2, 0, '?', 3), (0, 2, 0, 2, 3), (0, 2, 0, '?', 3), (0, 2, 0, '?', 3)]"
"(15, 15, 7, 8, 7, 0)","[(0, 2, 0, 3, '?'), (0, 2, 0, 3, 1), (0, 2, 0, 3, 1), (0, 2, 0, 3, '?'), (0, 2, 0, 3, 1), (0, 2, 0, 3, '?'), (0, 2, 0, 3, '?'), (0, 2, 0, 3, 1), (0, 2, 0, 3, 0)]"
"(15, 15, 7, 8, 11, 0)","[(0, 2, 0, '?', 1), (0, 2, 0, 2, 1), (0, 2, 0, '?', 1), (0, 2, 0, '?', 1), (0, 2, 0, 2, 1), (0, 2, 0, 2, 1), (0, 2, 0, '?', 1), (0, 2, 0, 2, 1), (0, 2, 0, '?', 1), (0, 2, 0, 2, 1), (0, 2, 0, '?', 1), (0, 2, 0, 0, 1), (0, 2, 0, 2, 1), (0, 2, 0, 0, 1), (0, 2, 0, '?', 1), (0, 2, 0, 0, 1)]"
"(15, 15, 7, 8, 13, 0)","[(0, 2, 0, '?', 0), (0, 2, 0, '?', 0), (0, 2, 0, 0, 0), (0, 2, 0, '?', 0), (0, 2, 0, 0, 0), (0, 2, 0, '?', 0)]"
"(15, 15, 7, 9, 3, 0)","[(1, 2, 0, '?', '?'), (1, 2, 0, '?', '?'), (1, 2, 0, 0, 2), (1, 2, 0, '?', '?'), (1, 2, 0, '?', '?'), (1, 2, 0, '?', '?'), (1, 2, 0, '?', '?'), (1, 2, 0, '?', '?')]"
"(15, 15, 7, 9, 6, 0)","[(1, 2, 0, '?', 3), (1, 2, 0, '?', 3), (1, 2, 0, '?', 3), (1, 2, 0, 2, 3), (1, 2, 0, '?', 3), (1, 2, 0, '?', 3), (1, 2, 0, '?', 3), (1, 2, 0, 2, 3), (1, 2, 0, '?', 3), (1, 2, 0, '?', 3)]"
"(15, 15, 7, 9, 11, 0)","[(1, 2, 0, '?', 1), (1, 2, 0, 2, 1), (1, 2, 0, '?', 1), (1, 2, 0, '?', 1), (1, 2, 0, '?', 1), (1, 2, 0, '?', 1), (1, 2, 0, 2, 1), (1, 2, 0, '?', 1)]"
"(15, 15, 7, 9, 13, 0)","[(1, 2, 0, '?', 0), (1, 2, 0, '?', 0), (1, 2, 0, '?', 0), (1, 2, 0, '?', 0), (1, 2, 0, '?', 0), (1, 2, 0, '?', 0), (1, 2, 0, '?', 0)]"
"(15, 15, 7, 14, 6, 0)","[(2, 2, 0, '?', 3), (2, 2, 0, '?', 3), (2, 2, 0, '?', 3), (2, 2, 0, '?', 3)]"
"(15, 15, 7, 14, 11, 0)","[(2, 2, 0, 0, 1)]"
"(15, 15, 7, 14, 13, 0)","[(2, 2, 0, '?', 0), (2, 2, 0, '?', 0), (2, 2, 0, '?', 0), (2, 2, 0, '?', 0), (2, 2, 0, '?', 0)]"
"(15, 15, 8, 7, 13, 0)","[(0, 2, 1, 3, 0)]"
"(15, 15, 8, 8, 13, 0)","[(0, 2, '?', 3, 0)]"
"(15, 15, 9, 3, 11, 0)","[(1, 2, '?', '?', 1)]"
"(15, 15, 9, 9, 13, 0)","[(1, 2, 1, '?', 0)]"
"(15, 15, 10, 3, 3, 0)","[('?', 2, 1, '?', '?')]"
"(15, 15, 10, 3, 6, 0)","[('?', 2, 1, '?', 3), ('?', 2, 1, '?', 3), ('?', 2, 1, '?', 3), ('?', 2, 1, '?', 3)]"
"(15, 15, 10, 3, 13, 0)","[('?', 2, 1, '?', 0), ('?', 2, 1, 2, 0), ('?', 2, 1, '?', 0), ('?', 2, 1, '?', 0), ('?', 2, 1, '?', 0)]"
"(15, 15, 10, 4, 4, 0)","[(0, 2, 1, '?', 2), (0, 2, 1, '?', 2), (0, 2, 1, '?', 2), (0, 2, 1, '?', 2)]"
"(15, 15, 10, 4, 7, 0)","[(0, 2, 1, 3, 2)]"
"(15, 15, 10, 6, 3, 0)","[('?', 2, 1, 2, 2), ('?', 2, 1, '?', 2), ('?', 2, 1, '?', 2)]"
"(15, 15, 10, 6, 4, 0)","[(0, 2, 1, '?', 2)]"
"(15, 15, 10, 6, 9, 0)","[(1, 2, 1, '?', 2), (1, 2, 1, '?', 2), (1, 2, 1, '?', 2), (1, 2, 1, '?', 2)]"
"(15, 15, 10, 6, 14, 0)","[(2, 2, 1, '?', 2), (2, 2, 1, '?', 2), (2, 2, 1, '?', 2), (2, 2, 1, '?', 2)]"
"(15, 15, 10, 7, 6, 0)","[('?', 2, 1, 3, 3)]"
"(15, 15, 10, 8, 3, 0)","[(0, 2, 1, 0, 2), (0, 2, 1, '?', '?'), (0, 2, 1, '?', '?'), (0, 2, 1, 0, '?'), (0, 2, 1, '?', '?'), (0, 2, 1, '?', '?'), (0, 2, 1, '?', '?'), (0, 2, 1, 0, 0), (0, 2, 1, '?', '?')]"
"(15, 15, 10, 8, 6, 0)","[(0, 2, 1, '?', 3), (0, 2, 1, 3, 3), (0, 2, 1, '?', 3), (0, 2, 1, '?', 3), (0, 2, 1, '?', 3), (0, 2, 1, '?', 3), (0, 2, 1, 0, 3), (0, 2, 1, '?', 3), (0, 2, 1, '?', 3)]"
"(15, 15, 10, 8, 11, 0)","[(0, 2, 1, '?', 1), (0, 2, 1, '?', 1), (0, 2, 1, 0, 1), (0, 2, 1, '?', 1), (0, 2, 1, '?', 1), (0, 2, 1, '?', 1)]"
"(15, 15, 10, 8, 13, 0)","[(0, 2, 1, '?', 0), (0, 2, 1, '?', 0), (0, 2, 1, '?', 0), (0, 2, 1, '?', 0), (0, 2, 1, 0, 0), (0, 2, 1, 2, 0), (0, 2, 1, 0, 0), (0, 2, 1, '?', 0), (0, 2, 1, '?', 0), (0, 2, 1, 3, 0)]"
"(15, 15, 10, 9, 6, 0)","[(1, 2, 1, '?', 3), (1, 2, 1, '?', 3), (1, 2, 1, 2, 3), (1, 2, 1, 2, 3), (1, 2, 1, '?', 3), (1, 2, 1, 2, 3), (1, 2, 1, '?', 3), (1, 2, 1, '?', 3), (1, 2, 1, '?', 3), (1, 2, 1, 2, 3), (1, 2, 1, 2, 3), (1, 2, 1, '?', 3), (1, 2, 1, '?', 3), (1, 2, 1, '?', 3)]"
"(15, 15, 10, 9, 13, 0)","[(1, 2, 1, '?', 0), (1, 2, 1, '?', 0), (1, 2, 1, '?', 0), (1, 2, 1, '?', 0), (1, 2, 1, '?', 0), (1, 2, 1, '?', 0)]"
"(15, 15, 10, 10, 3, 0)","[('?', 2, 1, '?', '?'), ('?', 2, 1, '?', '?')]"
"(15, 15, 10, 10, 6, 0)","[('?', 2, 1, '?', 3), ('?', 2, 1, '?', 3), ('?', 2, 1, '?', 3), ('?', 2, 1, '?', 3)]"
"(15, 15, 10, 10, 8, 0)","[(0, 2, 1, '?', '?')]"
"(15, 15, 10, 10, 11, 0)","[('?', 2, 1, '?', 1), ('?', 2, 1, '?', 1), ('?', 2, 1, '?', 1), ('?', 2, 1, '?', 1)]"
"(15, 15, 10, 10, 13, 0)","[('?', 2, 1, '?', 0), ('?', 2, 1, '?', 0), ('?', 2, 1, '?', 0)]"
"(15, 15, 10, 14, 3, 0)","[(2, 2, 1, '?', '?'), (2, 2, 1, '?', '?'), (2, 2, 1, '?', '?'), (2, 2, 1, '?', '?'), (2, 2, 1, 1, '?')]"
"(15, 15, 10, 14, 6, 0)","[(2, 2, 1, '?', 3), (2, 2, 1, '?', 3), (2, 2, 1, '?', 3), (2, 2, 1, 2, 3), (2, 2, 1, '?', 3), (2, 2, 1, 2, 3), (2, 2, 1, '?', 3), (2, 2, 1, '?', 3)]"
"(15, 15, 10, 14, 11, 0)","[(2, 2, 1, 2, 1)]"
"(15, 15, 10, 14, 13, 0)","[(2, 2, 1, '?', 0), (2, 2, 1, '?', 0), (2, 2, 1, '?', 0), (2, 2, 1, '?', 0), (2, 2, 1, '?', 0), (2, 2, 1, '?', 0), (2, 2, 1, '?', 0)]"
"(15, 15, 11, 3, 3, 0)","[('?', 2, 2, '?', '?'), ('?', 2, 2, '?', '?'), ('?', 2, 2, '?', '?'), ('?', 2, 2, '?', '?'), ('?', 2, 2, '?', '?'), ('?', 2, 2, 2, '?'), ('?', 2, 2, '?', '?'), ('?', 2, 2, '?', '?'), ('?', 2, 2, '?', '?')]"
"(15, 15, 11, 3, 6, 0)","[('?', 2, 2, 2, 3), ('?', 2, 2, 2, 3), ('?', 2, 2, 2, 3), ('?', 2, 2, 2, 3), ('?', 2, 2, 2, 3)]"
"(15, 15, 11, 3, 11, 0)","[('?', 2, 2, 2, 1), ('?', 2, 2, 2, 1)]"
"(15, 15, 11, 3, 13, 0)","[('?', 2, 2, '?', 0), ('?', 2, 2, 2, 0), ('?', 2, 2, '?', 0), ('?', 2, 2, 0, 0), ('?', 2, 2, '?', 0), ('?', 2, 2, '?', 0), ('?', 2, 2, '?', 0), ('?', 2, 2, 0, 0), ('?', 2, 2, '?', 0)]"
"(15, 15, 11, 4, 4, 0)","[(0, 2, 2, 2, 2), (0, 2, 2, 2, 2), (0, 2, 2, '?', 2), (0, 2, 2, '?', 2), (0, 2, 2, '?', 2), (0, 2, 2, '?', 2), (0, 2, 2, '?', 2)]"
"(15, 15, 11, 4, 7, 0)","[(0, 2, 2, 3, 2), (0, 2, 2, 3, 2)]"
"(15, 15, 11, 6, 3, 0)","[('?', 2, 2, '?', 2), ('?', 2, 2, '?', 2), ('?', 2, 2, '?', 2), ('?', 2, 2, 2, 2), ('?', 2, 2, '?', 2), ('?', 2, 2, '?', 2)]"
"(15, 15, 11, 6, 7, 0)","[('?', 2, 2, 3, 2), (1, 2, 2, 3, 2), (1, 2, 2, 3, 2), ('?', 2, 2, 3, 2)]"
"(15, 15, 11, 6, 9, 0)","[(1, 2, 2, 2, 2), (1, 2, 2, 2, 2), (1, 2, 2, 2, 2), (1, 2, 2, '?', 2), (1, 2, 2, '?', 2), (1, 2, 2, 2, 2), (1, 2, 2, '?', 2), (1, 2, 2, '?', 2), (1, 2, 2, '?', 2), (1, 2, 2, '?', 2)]"
"(15, 15, 11, 7, 6, 0)","[(0, 2, 2, 3, 3)]"
"(15, 15, 11, 8, 3, 0)","[(0, 2, 2, '?', '?'), (0, 2, 2, 2, '?'), (0, 2, 2, 0, '?'), (0, 2, 2, '?', '?'), (0, 2, 2, 2, '?'), (0, 2, 2, 2, '?'), (0, 2, 2, '?', '?'), (0, 2, 2, '?', '?'), (0, 2, 2, '?', '?'), (0, 2, 2, '?', 1), (0, 2, 2, '?', '?'), (0, 2, 2, '?', '?'), (0, 2, 2, '?', 1), (0, 2, 2, 2, '?')]"
"(15, 15, 11, 8, 6, 0)","[(0, 2, 2, 0, 3), (0, 2, 2, 2, 3), (0, 2, 2, 2, 3), (0, 2, 2, '?', 3), (0, 2, 2, 0, 3), (0, 2, 2, 2, 3), (0, 2, 2, '?', 3), (0, 2, 2, 2, 3), (0, 2, 2, 2, 3), (0, 2, 2, 3, 3), (0, 2, 2, 0, 3), (0, 2, 2, '?', 3), (0, 2, 2, '?', 3), (0, 2, 2, '?', 3), (0, 2, 2, '?', 3)]"
"(15, 15, 11, 8, 11, 0)","[(0, 2, 2, 2, 1), (0, 2, 2, '?', 1), (0, 2, 2, '?', 1), (0, 2, 2, '?', 1), (0, 2, 2, '?', 1), (0, 2, 2, '?', 1), (0, 2, 2, 2, 1), (0, 2, 2, 2, 1), (0, 2, 2, 2, 1), (0, 2, 2, 2, 1)]"
"(15, 15, 11, 8, 13, 0)","[(0, 2, 2, '?', 0), (0, 2, 2, '?', 0), (0, 2, 2, '?', 0), (0, 2, 2, '?', 0), (0, 2, 2, '?', 0), (0, 2, 2, '?', 0), (0, 2, 2, '?', 0), (0, 2, 2, '?', 0)]"
"(15, 15, 11, 9, 3, 0)","[(1, 2, 2, '?', '?'), (1, 2, 2, '?', '?'), (1, 2, 2, '?', '?'), (1, 2, 2, 0, '?'), (1, 2, 2, '?', '?'), (1, 2, 2, '?', '?'), (1, 2, 2, '?', '?'), (1, 2, 2, 2, '?'), (1, 2, 2, '?', '?'), (1, 2, 2, '?', '?')]"
"(15, 15, 11, 9, 6, 0)","[(1, 2, 2, '?', 3), (1, 2, 2, '?', 3), (1, 2, 2, '?', 3), (1, 2, 2, 2, 3), (1, 2, 2, '?', 3), (1, 2, 2, 2, 3), (1, 2, 2, 2, 3), (1, 2, 2, '?', 3), (1, 2, 2, '?', 3), (1, 2, 2, '?', 3), (1, 2, 2, '?', 3), (1, 2, 2, '?', 3)]"
"(15, 15, 11, 9, 11, 0)","[(1, 2, 2, '?', 1), (1, 2, 2, '?', 1), (1, 2, 2, '?', 1), (1, 2, 2, '?', 1), (1, 2, 2, '?', 1), (1, 2, 2, '?', 1), (1, 2, 2, '?', 1)]"
"(15, 15, 11, 9, 13, 0)","[(1, 2, 2, '?', 0), (1, 2, 2, '?', 0), (1, 2, 2, '?', 0), (1, 2, 2, '?', 0), (1, 2, 2, '?', 0), (1, 2, 2, '?', 0), (1, 2, 2, 0, 0), (1, 2, 2, 2, 0), (1, 2, 2, '?', 0), (1, 2, 2, '?', 0), (1, 2, 2, '?', 0)]"
"(15, 15, 11, 14, 6, 0)","[(2, 2, 2, 2, 3), (2, 2, 2, '?', 3), (2, 2, 2, '?', 3), (2, 2, 2, '?', 3), (2, 2, 2, 2, 3), (2, 2, 2, '?', 3), (2, 2, 2, '?', 3), (2, 2, 2, 2, 3), (2, 2, 2, '?', 3), (2, 2, 2, 2, 3), (2, 2, 2, '?', 3)]"
"(15, 15, 11, 14, 11, 0)","[(2, 2, 2, '?', 1), (2, 2, 2, '?', 1), (2, 2, 2, '?', 1), (2, 2, 2, '?', 1), (2, 2, 2, '?', 1), (2, 2, 2, '?', 1), (2, 2, 2, 0, 1)]"
"(15, 15, 11, 14, 13, 0)","[(2, 2, 2, '?', 0), (2, 2, 2, '?', 0), (2, 2, 2, '?', 0), (2, 2, 2, '?', 0), (2, 2, 2, '?', 0)]"
"(15, 15, 14, 1, 6, 0)","[(2, 2, 3, '?', 3)]"
"(15, 15, 14, 3, 11, 0)","[(2, 2, 0, 0, 1)]"
"(15, 15, 14, 3, 13, 0)","[(2, 2, '?', '?', 0)]"
"(15, 15, 14, 3, 14, 0)","[(2, 2, 1, 0, 2)]"
"(15, 15, 14, 6, 14, 0)","[(2, 2, '?', '?', 2), (2, 2, '?', '?', 2), (2, 2, 1, '?', 2)]"
"(15, 15, 14, 14, 11, 0)","[(2, 2, 0, 0, 1), (2, 2, '?', '?', 1)]"
"(15, 15, 14, 14, 13, 0)","[(2, 2, '?', 0, 0)]"
"(15, 15, 15, 6, 9, 0)","[(1, 2, 0, '?', 2)]"
