message,count,symbols,fixed_attribute_values
"(1, 1, 2, 0)",1,"{(1, 2)}","{(15, 0, 1)}"
"(1, 1, 21, 0)",2,"{(1, 21)}","{('?', 0, 1)}"
"(1, 1, 23, 0)",1,"{(1, 23)}","{(11, 0, 6)}"
"(1, 1, 30, 0)",2,"{(1, 30)}","{('?', 0, 1)}"
"(1, 1, 5, 0)",2,"{(1, 5)}","{(9, '?', 1)}"
"(1, 10, 16, 0)",2,"{(16, 1, 10)}","{('?', 0, 9)}"
"(1, 10, 41, 0)",1,"{(1, 10, 41)}","{(14, 0, 9)}"
"(1, 10, 44, 0)",1,"{(1, 10, 44)}","{(3, 0, 9)}"
"(1, 10, 8, 0)",3,"{(8, 1, 10)}","{('?', 0, 9)}"
"(1, 14, 1, 0)",1,"{(1, 14)}","{(9, 11, 1)}"
"(1, 14, 2, 0)",4,"{(1, 2, 14)}","{('?', '?', 1)}"
"(1, 14, 20, 0)",1,"{(1, 20, 14)}","{(4, 11, 1)}"
"(1, 14, 21, 0)",2,"{(1, 21, 14)}","{(4, '?', 1)}"
"(1, 14, 23, 0)",2,"{(1, 14, 23)}","{('?', 0, '?')}"
"(1, 14, 24, 0)",2,"{(24, 1, 14)}","{('?', 0, 1)}"
"(1, 14, 30, 0)",1,"{(1, 14, 30)}","{(8, 0, 1)}"
"(1, 14, 5, 0)",1,"{(1, 5, 14)}","{(9, 11, 1)}"
"(1, 16, 5, 0)",1,"{(16, 1, 5)}","{(9, 11, 9)}"
"(1, 18, 18, 0)",1,"{(1, 18)}","{(8, 11, 1)}"
"(1, 2, 2, 0)",1,"{(1, 2)}","{(11, 11, 1)}"
"(1, 20, 16, 0)",2,"{(16, 1, 20)}","{('?', 0, 6)}"
"(1, 20, 20, 0)",3,"{(1, 20)}","{('?', 0, 1)}"
"(1, 20, 21, 0)",2,"{(1, 20, 21)}","{('?', 0, '?')}"
"(1, 20, 25, 0)",3,"{(1, 20, 25)}","{('?', 0, 1)}"
"(1, 20, 30, 0)",1,"{(1, 20, 30)}","{(6, 0, 1)}"
"(1, 20, 8, 0)",1,"{(8, 1, 20)}","{(0, 0, 6)}"
"(1, 25, 16, 0)",3,"{(16, 1, 25)}","{('?', 0, 6)}"
"(1, 25, 8, 0)",3,"{(8, 1, 25)}","{('?', 0, 6)}"
"(1, 26, 16, 0)",3,"{(16, 1, 26)}","{('?', 0, 6)}"
"(1, 26, 21, 0)",2,"{(1, 26, 21)}","{('?', 0, 6)}"
"(1, 26, 26, 0)",1,"{(1, 26)}","{(14, 0, 6)}"
"(1, 26, 41, 0)",1,"{(1, 26, 41)}","{(14, 0, 6)}"
"(1, 26, 8, 0)",2,"{(8, 1, 26)}","{('?', 0, 6)}"
"(1, 28, 23, 0)",5,"{(1, 28, 23)}","{('?', '?', 6)}"
"(1, 28, 43, 0)",1,"{(1, 43, 28)}","{(15, 11, 6)}"
"(1, 28, 5, 0)",2,"{(1, 28, 5)}","{(9, '?', 6)}"
"(1, 29, 12, 0)",1,"{(1, 12, 29)}","{(8, 0, 12)}"
"(1, 29, 16, 0)",2,"{(16, 1, 29)}","{('?', 0, 12)}"
"(1, 29, 21, 0)",4,"{(1, 21, 29)}","{('?', 0, 12)}"
"(1, 29, 41, 0)",4,"{(1, 29, 41)}","{('?', 0, 12)}"
"(1, 29, 44, 0)",3,"{(1, 44, 29)}","{('?', 0, 12)}"
"(1, 29, 8, 0)",1,"{(8, 1, 29)}","{(13, 0, 12)}"
"(1, 31, 41, 0)",1,"{(1, 41, 31)}","{(4, 0, 6)}"
"(1, 34, 12, 0)",3,"{(1, 34, 12)}","{('?', '?', 12)}"
"(1, 34, 21, 0)",2,"{(1, 34, 21)}","{(4, '?', 12)}"
"(1, 34, 23, 0)",7,"{(1, 34, 23)}","{('?', '?', 12)}"
"(1, 34, 41, 0)",2,"{(1, 34, 41)}","{('?', 0, 12)}"
"(1, 34, 43, 0)",3,"{(1, 34, 43)}","{('?', 11, 12)}"
"(1, 34, 5, 0)",1,"{(1, 34, 5)}","{(9, 0, 12)}"
"(1, 35, 30, 0)",1,"{(1, 35, 30)}","{(8, 0, 1)}"
"(1, 36, 10, 0)",1,"{(1, 10, 36)}","{(4, 13, 6)}"
"(1, 36, 23, 0)",2,"{(1, 36, 23)}","{('?', 0, 6)}"
"(1, 36, 5, 0)",1,"{(1, 36, 5)}","{(9, 0, 6)}"
"(1, 4, 21, 0)",1,"{(1, 4, 21)}","{(4, 11, 12)}"
"(1, 4, 23, 0)",4,"{(1, 4, 23)}","{('?', 0, 12)}"
"(1, 4, 41, 0)",1,"{(1, 4, 41)}","{(4, 0, 12)}"
"(1, 4, 43, 0)",1,"{(1, 43, 4)}","{(10, 13, 12)}"
"(1, 4, 5, 0)",1,"{(1, 4, 5)}","{(9, 0, 12)}"
"(1, 41, 16, 0)",2,"{(16, 1, 41)}","{('?', 0, 9)}"
"(1, 41, 21, 0)",1,"{(1, 21, 41)}","{(0, 0, 9)}"
"(1, 41, 26, 0)",1,"{(1, 26, 41)}","{(0, 0, 9)}"
"(1, 41, 41, 0)",2,"{(1, 41)}","{('?', 0, 9)}"
"(1, 45, 12, 0)",1,"{(1, 12, 45)}","{(8, 0, 9)}"
"(1, 45, 19, 0)",1,"{(1, 19, 45)}","{(8, 0, 9)}"
"(1, 45, 21, 0)",3,"{(1, 21, 45)}","{(4, '?', '?')}"
"(1, 45, 23, 0)",4,"{(1, 45, 23)}","{('?', '?', 9)}"
"(1, 45, 43, 0)",2,"{(1, 43, 45)}","{('?', 11, 9)}"
"(1, 45, 5, 0)",2,"{(1, 5, 45)}","{(9, '?', 9)}"
"(1, 49, 23, 0)",3,"{(1, 23, 49)}","{('?', '?', 6)}"
"(1, 49, 43, 0)",3,"{(1, 43, 49)}","{('?', 11, 6)}"
"(1, 49, 5, 0)",1,"{(1, 5, 49)}","{(9, 11, 6)}"
"(1, 5, 12, 0)",1,"{(1, 12, 5)}","{(8, 0, 9)}"
"(1, 5, 21, 0)",2,"{(1, 21, 5)}","{(4, '?', 9)}"
"(1, 5, 22, 0)",1,"{(1, 5, 22)}","{(9, 11, 9)}"
"(1, 5, 23, 0)",2,"{(1, 5, 23)}","{('?', 0, 9)}"
"(1, 5, 41, 0)",2,"{(1, 5, 41)}","{(4, '?', 9)}"
"(1, 5, 5, 0)",3,"{(1, 5)}","{(9, '?', '?')}"
"(1, 8, 7, 0)",1,"{(8, 1, 7)}","{(8, 11, 9)}"
"(11, 11, 11, 0)",24,"{(11,)}","{('?', '?', 1)}"
"(11, 11, 17, 0)",21,"{(17, 11)}","{('?', '?', 1)}"
"(11, 14, 18, 0)",1,"{(18, 11, 14)}","{(2, 14, 1)}"
"(11, 14, 2, 0)",6,"{(2, 11, 14)}","{('?', '?', 1)}"
"(11, 17, 17, 0)",17,"{(17, 11)}","{('?', '?', 1)}"
"(11, 18, 11, 0)",1,"{(18, 11)}","{(15, 8, 1)}"
"(11, 2, 2, 0)",7,"{(2, 11)}","{('?', '?', 1)}"
"(11, 51, 17, 0)",1,"{(51, 11, 17)}","{(15, 14, 1)}"
"(13, 13, 13, 0)",10,"{(13,)}","{(9, '?', 5)}"
"(13, 13, 21, 0)",3,"{(21, 13)}","{(4, '?', 5)}"
"(13, 13, 22, 0)",1,"{(13, 22)}","{(9, 12, 5)}"
"(13, 13, 39, 0)",2,"{(13, 39)}","{('?', '?', 5)}"
"(13, 13, 41, 0)",11,"{(41, 13)}","{(4, '?', 5)}"
"(13, 13, 7, 0)",3,"{(13, 7)}","{('?', '?', 5)}"
"(13, 15, 13, 0)",3,"{(13, 15)}","{(9, '?', 5)}"
"(13, 15, 29, 0)",3,"{(29, 13, 15)}","{(4, '?', 5)}"
"(13, 15, 4, 0)",1,"{(4, 13, 15)}","{(9, 7, 5)}"
"(13, 15, 41, 0)",3,"{(41, 13, 15)}","{(4, '?', 5)}"
"(13, 15, 7, 0)",2,"{(7, 13, 15)}","{('?', '?', 5)}"
"(13, 22, 22, 0)",1,"{(13, 22)}","{(9, 5, 5)}"
"(13, 23, 23, 0)",19,"{(13, 23)}","{('?', '?', 5)}"
"(13, 23, 43, 0)",11,"{(43, 13, 23)}","{('?', '?', 5)}"
"(13, 34, 21, 0)",2,"{(34, 21, 13)}","{(4, '?', 5)}"
"(13, 39, 23, 0)",3,"{(23, 13, 39)}","{('?', '?', 5)}"
"(13, 39, 39, 0)",2,"{(13, 39)}","{('?', '?', 5)}"
"(13, 39, 43, 0)",3,"{(43, 13, 39)}","{('?', '?', 5)}"
"(13, 39, 7, 0)",3,"{(7, 13, 39)}","{('?', '?', 5)}"
"(13, 4, 13, 0)",1,"{(4, 13)}","{(9, 2, 5)}"
"(13, 4, 22, 0)",2,"{(4, 13, 22)}","{(9, '?', 5)}"
"(13, 4, 29, 0)",1,"{(29, 4, 13)}","{(4, 4, 5)}"
"(13, 4, 41, 0)",1,"{(41, 4, 13)}","{(4, 4, 5)}"
"(13, 41, 41, 0)",1,"{(41, 13)}","{(0, 9, 5)}"
"(13, 43, 43, 0)",28,"{(43, 13)}","{('?', '?', 5)}"
"(13, 45, 41, 0)",1,"{(41, 45, 13)}","{(4, 1, 5)}"
"(13, 48, 13, 0)",5,"{(48, 13)}","{(9, '?', 5)}"
"(13, 48, 29, 0)",2,"{(48, 29, 13)}","{(4, '?', 5)}"
"(13, 48, 41, 0)",4,"{(48, 41, 13)}","{(4, '?', 5)}"
"(13, 7, 7, 0)",4,"{(13, 7)}","{('?', '?', 5)}"
"(14, 1, 12, 0)",1,"{(1, 12, 14)}","{('?', 0, 10)}"
"(14, 1, 2, 0)",1,"{(1, 2, 14)}","{(15, 0, 10)}"
"(14, 1, 20, 0)",1,"{(1, 20, 14)}","{(4, 11, 10)}"
"(14, 1, 21, 0)",1,"{(1, 21, 14)}","{(4, 11, 10)}"
"(14, 1, 23, 0)",4,"{(1, 14, 23)}","{('?', 0, 10)}"
"(14, 1, 24, 0)",3,"{(24, 1, 14)}","{('?', 0, 10)}"
"(14, 1, 30, 0)",1,"{(1, 14, 30)}","{('?', 0, 10)}"
"(14, 11, 11, 0)",23,"{(11, 14)}","{('?', '?', 10)}"
"(14, 11, 17, 0)",14,"{(17, 11, 14)}","{('?', '?', 10)}"
"(14, 14, 1, 0)",2,"{(1, 14)}","{(9, '?', 10)}"
"(14, 14, 10, 0)",2,"{(10, 14)}","{(4, '?', 10)}"
"(14, 14, 11, 0)",24,"{(11, 14)}","{('?', '?', 10)}"
"(14, 14, 13, 0)",2,"{(13, 14)}","{(9, '?', 10)}"
"(14, 14, 14, 0)",1,"{(14,)}","{('?', 14, 10)}"
"(14, 14, 17, 0)",1,"{(17, 14)}","{(11, 3, 10)}"
"(14, 14, 18, 0)",4,"{(18, 14)}","{('?', '?', 10)}"
"(14, 14, 2, 0)",11,"{(2, 14)}","{('?', '?', 10)}"
"(14, 14, 20, 0)",9,"{(20, 14)}","{(4, '?', 10)}"
"(14, 14, 22, 0)",2,"{(14, 22)}","{(9, '?', 10)}"
"(14, 14, 23, 0)",4,"{(14, 23)}","{('?', '?', 10)}"
"(14, 14, 24, 0)",8,"{(24, 14)}","{('?', '?', 10)}"
"(14, 14, 29, 0)",6,"{(29, 14)}","{(4, '?', 10)}"
"(14, 14, 30, 0)",1,"{(14, 30)}","{('?', 0, 10)}"
"(14, 14, 4, 0)",5,"{(4, 14)}","{(9, '?', 10)}"
"(14, 14, 41, 0)",1,"{(41, 14)}","{(4, 2, 10)}"
"(14, 14, 44, 0)",6,"{(44, 14)}","{(4, '?', 10)}"
"(14, 14, 48, 0)",6,"{(48, 14)}","{(9, '?', 10)}"
"(14, 14, 51, 0)",6,"{(51, 14)}","{('?', '?', 10)}"
"(14, 14, 8, 0)",1,"{(8, 14)}","{(4, 13, 10)}"
"(14, 15, 23, 0)",1,"{(23, 14, 15)}","{(12, 4, 9)}"
"(14, 15, 43, 0)",12,"{(43, 14, 15)}","{('?', '?', 9)}"
"(14, 15, 7, 0)",1,"{(7, 14, 15)}","{(8, 8, 9)}"
"(14, 17, 17, 0)",19,"{(17, 14)}","{('?', '?', 10)}"
"(14, 18, 11, 0)",12,"{(18, 11, 14)}","{('?', '?', 10)}"
"(14, 18, 18, 0)",3,"{(18, 14)}","{('?', '?', 10)}"
"(14, 2, 17, 0)",3,"{(17, 2, 14)}","{(12, '?', 10)}"
"(14, 2, 23, 0)",1,"{(2, 14, 23)}","{(12, 4, 6)}"
"(14, 20, 20, 0)",3,"{(20, 14)}","{('?', 0, 10)}"
"(14, 20, 25, 0)",2,"{(25, 20, 14)}","{('?', 0, 10)}"
"(14, 20, 30, 0)",3,"{(20, 14, 30)}","{('?', 0, 10)}"
"(14, 25, 12, 0)",6,"{(25, 12, 14)}","{('?', '?', 6)}"
"(14, 25, 16, 0)",2,"{(16, 25, 14)}","{(5, '?', 6)}"
"(14, 25, 19, 0)",1,"{(25, 19, 14)}","{(5, '?', 6)}"
"(14, 25, 40, 0)",9,"{(40, 25, 14)}","{('?', '?', 6)}"
"(14, 25, 44, 0)",18,"{(25, 44, 14)}","{('?', '?', 6)}"
"(14, 25, 47, 0)",1,"{(25, 14, 47)}","{(5, 2, 6)}"
"(14, 25, 48, 0)",6,"{(48, 25, 14)}","{('?', '?', 6)}"
"(14, 25, 7, 0)",6,"{(25, 14, 7)}","{('?', '?', 6)}"
"(14, 26, 12, 0)",2,"{(26, 12, 14)}","{('?', '?', 6)}"
"(14, 29, 29, 0)",8,"{(29, 14)}","{('?', '?', 12)}"
"(14, 29, 4, 0)",7,"{(4, 29, 14)}","{('?', '?', 12)}"
"(14, 29, 40, 0)",12,"{(40, 29, 14)}","{('?', '?', 12)}"
"(14, 29, 47, 0)",2,"{(29, 14, 47)}","{(5, '?', 12)}"
"(14, 29, 7, 0)",5,"{(29, 14, 7)}","{(8, '?', 12)}"
"(14, 29, 8, 0)",1,"{(8, 29, 14)}","{(13, 13, 12)}"
"(14, 31, 23, 0)",1,"{(23, 14, 31)}","{(12, 7, 6)}"
"(14, 31, 24, 0)",1,"{(24, 14, 31)}","{(12, '?', 10)}"
"(14, 31, 43, 0)",5,"{(43, 14, 31)}","{('?', '?', 6)}"
"(14, 33, 7, 0)",12,"{(33, 14, 7)}","{(8, '?', '?')}"
"(14, 36, 10, 0)",4,"{(10, 36, 14)}","{(4, '?', 6)}"
"(14, 36, 21, 0)",1,"{(36, 21, 14)}","{(4, 14, 6)}"
"(14, 36, 22, 0)",5,"{(36, 14, 22)}","{(9, '?', 6)}"
"(14, 36, 4, 0)",1,"{(36, 4, 14)}","{(9, 2, 6)}"
"(14, 36, 41, 0)",1,"{(41, 36, 14)}","{(4, 4, 6)}"
"(14, 36, 43, 0)",3,"{(43, 36, 14)}","{('?', '?', 6)}"
"(14, 36, 44, 0)",4,"{(36, 14, 44)}","{(4, '?', 6)}"
"(14, 36, 48, 0)",4,"{(48, 36, 14)}","{(9, '?', 6)}"
"(14, 36, 5, 0)",1,"{(36, 5, 14)}","{(9, 14, 6)}"
"(14, 36, 7, 0)",1,"{(36, 14, 7)}","{('?', 14, 6)}"
"(14, 36, 8, 0)",1,"{(8, 36, 14)}","{(4, 15, 6)}"
"(14, 4, 22, 0)",1,"{(4, 14, 22)}","{(9, 4, 12)}"
"(14, 4, 23, 0)",14,"{(4, 14, 23)}","{('?', '?', 12)}"
"(14, 4, 29, 0)",6,"{(4, 29, 14)}","{(4, '?', 12)}"
"(14, 4, 4, 0)",4,"{(4, 14)}","{(9, '?', 12)}"
"(14, 4, 43, 0)",24,"{(43, 4, 14)}","{('?', '?', 12)}"
"(14, 4, 44, 0)",1,"{(4, 14, 44)}","{(4, 4, 12)}"
"(14, 4, 7, 0)",7,"{(4, 14, 7)}","{('?', '?', 12)}"
"(14, 41, 12, 0)",6,"{(41, 12, 14)}","{('?', '?', 9)}"
"(14, 41, 29, 0)",6,"{(41, 29, 14)}","{('?', '?', '?')}"
"(14, 41, 41, 0)",10,"{(41, 14)}","{('?', '?', 9)}"
"(14, 41, 44, 0)",15,"{(41, 44, 14)}","{('?', '?', 9)}"
"(14, 41, 47, 0)",2,"{(41, 14, 47)}","{(5, '?', 9)}"
"(14, 44, 12, 0)",4,"{(44, 12, 14)}","{('?', '?', 9)}"
"(14, 44, 16, 0)",1,"{(16, 44, 14)}","{(5, '?', 9)}"
"(14, 44, 29, 0)",16,"{(44, 29, 14)}","{('?', '?', '?')}"
"(14, 44, 40, 0)",9,"{(40, 44, 14)}","{('?', '?', '?')}"
"(14, 44, 41, 0)",1,"{(41, 44, 14)}","{(0, 14, 9)}"
"(14, 44, 44, 0)",23,"{(44, 14)}","{('?', '?', 9)}"
"(14, 44, 47, 0)",6,"{(44, 14, 47)}","{(5, '?', 9)}"
"(14, 44, 48, 0)",3,"{(48, 44, 14)}","{(5, '?', 9)}"
"(14, 44, 7, 0)",5,"{(44, 14, 7)}","{('?', '?', 9)}"
"(14, 45, 23, 0)",2,"{(45, 14, 23)}","{('?', 0, 9)}"
"(14, 48, 22, 0)",6,"{(48, 14, 22)}","{(9, '?', '?')}"
"(14, 48, 23, 0)",12,"{(48, 14, 23)}","{('?', '?', 9)}"
"(14, 48, 4, 0)",1,"{(48, 4, 14)}","{(9, 14, 12)}"
"(14, 48, 41, 0)",1,"{(48, 41, 14)}","{(4, 3, 9)}"
"(14, 48, 43, 0)",20,"{(48, 43, 14)}","{('?', '?', 9)}"
"(14, 48, 44, 0)",5,"{(48, 44, 14)}","{(4, '?', '?')}"
"(14, 48, 48, 0)",1,"{(48, 14)}","{(9, 4, 9)}"
"(14, 48, 7, 0)",15,"{(48, 14, 7)}","{('?', '?', '?')}"
"(14, 50, 22, 0)",1,"{(50, 14, 22)}","{(9, 14, 6)}"
"(14, 50, 23, 0)",10,"{(50, 14, 23)}","{('?', '?', 6)}"
"(14, 50, 43, 0)",17,"{(50, 43, 14)}","{('?', '?', 6)}"
"(14, 50, 44, 0)",1,"{(50, 44, 14)}","{(4, '?', 6)}"
"(14, 50, 7, 0)",4,"{(50, 14, 7)}","{('?', '?', 6)}"
"(14, 51, 11, 0)",7,"{(11, 51, 14)}","{('?', '?', 10)}"
"(14, 51, 14, 0)",2,"{(51, 14)}","{('?', '?', 10)}"
"(14, 51, 17, 0)",2,"{(17, 51, 14)}","{(7, '?', 10)}"
"(14, 51, 23, 0)",4,"{(51, 14, 23)}","{('?', '?', 6)}"
"(14, 51, 43, 0)",6,"{(43, 51, 14)}","{('?', '?', 6)}"
"(14, 51, 7, 0)",2,"{(51, 14, 7)}","{('?', '?', 6)}"
"(14, 7, 7, 0)",1,"{(14, 7)}","{(8, 14, 12)}"
"(15, 23, 23, 0)",7,"{(23, 15)}","{('?', '?', 5)}"
"(15, 23, 37, 0)",12,"{(23, 37, 15)}","{('?', '?', 5)}"
"(15, 23, 43, 0)",7,"{(43, 23, 15)}","{('?', '?', 5)}"
"(15, 4, 12, 0)",1,"{(4, 12, 15)}","{('?', 2, 5)}"
"(15, 4, 29, 0)",7,"{(4, 29, 15)}","{(4, '?', 5)}"
"(15, 4, 4, 0)",6,"{(4, 15)}","{(9, '?', 5)}"
"(15, 4, 7, 0)",4,"{(4, 7, 15)}","{('?', '?', 5)}"
"(15, 43, 37, 0)",19,"{(43, 37, 15)}","{('?', '?', 5)}"
"(15, 43, 43, 0)",19,"{(43, 15)}","{('?', '?', 5)}"
"(15, 43, 7, 0)",1,"{(43, 7, 15)}","{('?', 7, 5)}"
"(15, 48, 29, 0)",1,"{(48, 29, 15)}","{(4, 8, 5)}"
"(15, 48, 44, 0)",1,"{(48, 44, 15)}","{(4, 3, 5)}"
"(15, 48, 7, 0)",1,"{(48, 7, 15)}","{('?', 8, 5)}"
"(15, 7, 43, 0)",4,"{(43, 7, 15)}","{('?', '?', 5)}"
"(15, 7, 7, 0)",4,"{(7, 15)}","{('?', '?', 5)}"
"(16, 16, 7, 0)",1,"{(16, 7)}","{('?', 11, 5)}"
"(16, 23, 23, 0)",7,"{(16, 23)}","{('?', '?', 5)}"
"(16, 23, 37, 0)",8,"{(16, 37, 23)}","{('?', '?', 5)}"
"(16, 23, 43, 0)",2,"{(16, 43, 23)}","{(12, '?', 5)}"
"(16, 29, 41, 0)",1,"{(16, 41, 29)}","{(0, 1, 5)}"
"(16, 29, 44, 0)",1,"{(16, 44, 29)}","{(13, 1, 5)}"
"(16, 34, 12, 0)",2,"{(16, 34, 12)}","{('?', '?', 5)}"
"(16, 34, 21, 0)",3,"{(16, 34, 21)}","{(4, '?', 5)}"
"(16, 34, 22, 0)",2,"{(16, 34, 22)}","{(9, '?', 5)}"
"(16, 34, 7, 0)",2,"{(16, 34, 7)}","{('?', '?', 5)}"
"(16, 39, 39, 0)",2,"{(16, 39)}","{('?', '?', 5)}"
"(16, 39, 43, 0)",2,"{(16, 43, 39)}","{('?', '?', '?')}"
"(16, 39, 7, 0)",4,"{(16, 7, 39)}","{('?', '?', 5)}"
"(16, 4, 21, 0)",1,"{(16, 4, 21)}","{(4, 9, 5)}"
"(16, 4, 22, 0)",1,"{(16, 4, 22)}","{(9, 9, 5)}"
"(16, 4, 4, 0)",1,"{(16, 4)}","{(9, 9, 5)}"
"(16, 4, 7, 0)",1,"{(16, 4, 7)}","{('?', 9, 5)}"
"(16, 40, 7, 0)",1,"{(16, 40, 7)}","{('?', 12, 5)}"
"(16, 43, 37, 0)",10,"{(16, 43, 37)}","{('?', '?', 5)}"
"(16, 43, 43, 0)",15,"{(16, 43)}","{('?', '?', 5)}"
"(16, 45, 12, 0)",2,"{(16, 12, 45)}","{('?', '?', 5)}"
"(16, 45, 21, 0)",1,"{(16, 21, 45)}","{(4, 1, 5)}"
"(16, 45, 23, 0)",1,"{(16, 45, 23)}","{('?', 1, 5)}"
"(16, 45, 7, 0)",1,"{(16, 45, 7)}","{('?', 11, 5)}"
"(16, 7, 7, 0)",2,"{(16, 7)}","{('?', '?', 5)}"
"(17, 11, 17, 0)",4,"{(17, 11)}","{('?', '?', 1)}"
"(17, 17, 11, 0)",1,"{(17, 11)}","{(15, 8, 1)}"
"(17, 17, 17, 0)",8,"{(17,)}","{('?', '?', 1)}"
"(17, 17, 37, 0)",14,"{(17, 37)}","{('?', '?', 11)}"
"(17, 2, 17, 0)",3,"{(17, 2)}","{('?', '?', '?')}"
"(17, 2, 2, 0)",2,"{(17, 2)}","{('?', '?', 1)}"
"(17, 2, 37, 0)",8,"{(17, 2, 37)}","{('?', '?', 11)}"
"(17, 23, 23, 0)",5,"{(17, 23)}","{(12, '?', 7)}"
"(17, 23, 37, 0)",9,"{(17, 37, 23)}","{('?', '?', 7)}"
"(17, 23, 43, 0)",7,"{(17, 43, 23)}","{('?', '?', 7)}"
"(17, 37, 37, 0)",10,"{(17, 37)}","{('?', '?', 7)}"
"(17, 38, 37, 0)",19,"{(17, 37, 38)}","{('?', '?', 11)}"
"(17, 43, 37, 0)",18,"{(17, 43, 37)}","{('?', '?', 7)}"
"(17, 43, 43, 0)",11,"{(17, 43)}","{('?', '?', 7)}"
"(17, 46, 23, 0)",1,"{(17, 46, 23)}","{(12, 2, 11)}"
"(17, 46, 37, 0)",3,"{(17, 37, 46)}","{('?', '?', 11)}"
"(17, 7, 43, 0)",2,"{(17, 43, 7)}","{(15, '?', 7)}"
"(18, 1, 21, 0)",1,"{(1, 18, 21)}","{(4, 11, 10)}"
"(18, 1, 30, 0)",1,"{(1, 18, 30)}","{('?', 0, 10)}"
"(18, 11, 11, 0)",6,"{(18, 11)}","{('?', '?', 10)}"
"(18, 11, 17, 0)",7,"{(17, 18, 11)}","{('?', '?', 10)}"
"(18, 14, 1, 0)",6,"{(1, 18, 14)}","{('?', '?', 10)}"
"(18, 14, 11, 0)",5,"{(18, 11, 14)}","{('?', '?', 10)}"
"(18, 14, 18, 0)",1,"{(18, 14)}","{('?', 1, 10)}"
"(18, 14, 2, 0)",5,"{(18, 2, 14)}","{('?', '?', 10)}"
"(18, 14, 20, 0)",5,"{(18, 20, 14)}","{(4, '?', 10)}"
"(18, 14, 21, 0)",4,"{(18, 21, 14)}","{(4, '?', 10)}"
"(18, 14, 22, 0)",5,"{(18, 14, 22)}","{(9, '?', 10)}"
"(18, 14, 23, 0)",2,"{(18, 14, 23)}","{('?', 0, 10)}"
"(18, 14, 24, 0)",9,"{(24, 18, 14)}","{('?', '?', 10)}"
"(18, 16, 21, 0)",3,"{(16, 18, 21)}","{(4, '?', 9)}"
"(18, 16, 22, 0)",3,"{(16, 18, 22)}","{(9, '?', 9)}"
"(18, 16, 23, 0)",7,"{(16, 18, 23)}","{('?', '?', 9)}"
"(18, 16, 39, 0)",1,"{(16, 18, 39)}","{('?', 10, 9)}"
"(18, 16, 43, 0)",16,"{(16, 18, 43)}","{('?', '?', 9)}"
"(18, 16, 5, 0)",1,"{(16, 18, 5)}","{(9, 10, 9)}"
"(18, 16, 7, 0)",7,"{(16, 18, 7)}","{('?', '?', 9)}"
"(18, 16, 8, 0)",1,"{(16, 8, 18)}","{(4, 6, 9)}"
"(18, 17, 37, 0)",1,"{(17, 18, 37)}","{(15, 1, 1)}"
"(18, 18, 1, 0)",1,"{(1, 18)}","{(9, 10, 10)}"
"(18, 18, 11, 0)",18,"{(18, 11)}","{('?', '?', 10)}"
"(18, 18, 17, 0)",8,"{(17, 18)}","{('?', '?', 10)}"
"(18, 18, 18, 0)",5,"{(18,)}","{('?', '?', 10)}"
"(18, 18, 2, 0)",8,"{(18, 2)}","{('?', '?', 10)}"
"(18, 18, 22, 0)",2,"{(18, 22)}","{(9, '?', 10)}"
"(18, 18, 24, 0)",4,"{(24, 18)}","{('?', '?', 10)}"
"(18, 2, 2, 0)",1,"{(18, 2)}","{(12, 1, 10)}"
"(18, 22, 10, 0)",1,"{(18, 10, 22)}","{(4, 9, 9)}"
"(18, 22, 21, 0)",1,"{(18, 21, 22)}","{(4, 10, 9)}"
"(18, 22, 22, 0)",1,"{(18, 22)}","{(9, 1, 9)}"
"(18, 22, 23, 0)",1,"{(18, 22, 23)}","{(12, 9, 9)}"
"(18, 22, 44, 0)",1,"{(18, 44, 22)}","{(4, 9, 9)}"
"(18, 23, 23, 0)",1,"{(18, 23)}","{(12, 6, 9)}"
"(18, 25, 12, 0)",4,"{(25, 18, 12)}","{('?', '?', 6)}"
"(18, 25, 16, 0)",3,"{(16, 25, 18)}","{(5, '?', 6)}"
"(18, 25, 19, 0)",7,"{(25, 18, 19)}","{('?', '?', 6)}"
"(18, 25, 41, 0)",3,"{(25, 18, 41)}","{('?', 9, 6)}"
"(18, 25, 44, 0)",2,"{(25, 18, 44)}","{('?', 9, 6)}"
"(18, 25, 8, 0)",14,"{(8, 25, 18)}","{('?', '?', 6)}"
"(18, 28, 23, 0)",2,"{(18, 28, 23)}","{('?', 1, 6)}"
"(18, 29, 12, 0)",5,"{(18, 12, 29)}","{('?', '?', 12)}"
"(18, 29, 16, 0)",1,"{(16, 18, 29)}","{(5, 6, 12)}"
"(18, 29, 19, 0)",5,"{(18, 19, 29)}","{('?', '?', 12)}"
"(18, 29, 39, 0)",3,"{(18, 29, 39)}","{(8, '?', 12)}"
"(18, 29, 4, 0)",1,"{(18, 4, 29)}","{(5, 9, 12)}"
"(18, 29, 41, 0)",2,"{(41, 18, 29)}","{('?', '?', 12)}"
"(18, 29, 44, 0)",4,"{(18, 44, 29)}","{('?', 9, 12)}"
"(18, 29, 7, 0)",7,"{(18, 29, 7)}","{(8, '?', 12)}"
"(18, 29, 8, 0)",10,"{(8, 18, 29)}","{('?', '?', 12)}"
"(18, 33, 39, 0)",5,"{(33, 18, 39)}","{(8, '?', 6)}"
"(18, 33, 7, 0)",6,"{(33, 18, 7)}","{(8, '?', '?')}"
"(18, 34, 10, 0)",1,"{(18, 10, 34)}","{(4, 1, 12)}"
"(18, 34, 21, 0)",5,"{(18, 34, 21)}","{(4, '?', 12)}"
"(18, 34, 22, 0)",5,"{(18, 34, 22)}","{(9, '?', 12)}"
"(18, 34, 23, 0)",8,"{(18, 34, 23)}","{('?', '?', 12)}"
"(18, 34, 39, 0)",3,"{(18, 34, 39)}","{('?', '?', 12)}"
"(18, 34, 43, 0)",18,"{(18, 43, 34)}","{('?', '?', 12)}"
"(18, 34, 7, 0)",4,"{(18, 34, 7)}","{('?', '?', 12)}"
"(18, 34, 8, 0)",1,"{(8, 18, 34)}","{(4, 1, 12)}"
"(18, 36, 10, 0)",2,"{(18, 10, 36)}","{(4, '?', 6)}"
"(18, 36, 19, 0)",1,"{(18, 19, 36)}","{('?', 1, 6)}"
"(18, 36, 21, 0)",3,"{(18, 36, 21)}","{(4, '?', 6)}"
"(18, 36, 22, 0)",4,"{(18, 36, 22)}","{(9, '?', 6)}"
"(18, 36, 23, 0)",4,"{(18, 36, 23)}","{('?', '?', 6)}"
"(18, 36, 39, 0)",1,"{(18, 36, 39)}","{('?', 1, 6)}"
"(18, 36, 43, 0)",8,"{(18, 43, 36)}","{('?', '?', 6)}"
"(18, 36, 7, 0)",1,"{(18, 36, 7)}","{('?', 13, 6)}"
"(18, 36, 8, 0)",1,"{(8, 18, 36)}","{(4, 1, 6)}"
"(18, 4, 10, 0)",1,"{(18, 10, 4)}","{(4, 9, 12)}"
"(18, 4, 21, 0)",2,"{(18, 4, 21)}","{(4, '?', 12)}"
"(18, 4, 22, 0)",2,"{(18, 4, 22)}","{(9, '?', 12)}"
"(18, 4, 23, 0)",4,"{(18, 4, 23)}","{('?', '?', 12)}"
"(18, 4, 39, 0)",2,"{(18, 4, 39)}","{('?', '?', 12)}"
"(18, 4, 43, 0)",7,"{(18, 43, 4)}","{('?', '?', 12)}"
"(18, 4, 7, 0)",1,"{(18, 4, 7)}","{('?', 9, 12)}"
"(18, 41, 8, 0)",3,"{(8, 41, 18)}","{('?', '?', 9)}"
"(18, 43, 43, 0)",2,"{(18, 43)}","{('?', '?', 9)}"
"(18, 44, 12, 0)",2,"{(18, 44, 12)}","{('?', 9, 9)}"
"(18, 44, 19, 0)",6,"{(18, 19, 44)}","{('?', '?', 9)}"
"(18, 44, 41, 0)",7,"{(41, 18, 44)}","{('?', '?', 9)}"
"(18, 44, 44, 0)",4,"{(18, 44)}","{('?', '?', 9)}"
"(18, 44, 7, 0)",1,"{(18, 44, 7)}","{(1, 9, 9)}"
"(18, 44, 8, 0)",12,"{(8, 18, 44)}","{('?', '?', '?')}"
"(18, 45, 23, 0)",2,"{(18, 45, 23)}","{('?', 1, 9)}"
"(18, 45, 43, 0)",9,"{(18, 43, 45)}","{('?', '?', '?')}"
"(18, 45, 7, 0)",2,"{(18, 45, 7)}","{('?', '?', 9)}"
"(18, 45, 8, 0)",2,"{(8, 18, 45)}","{(4, '?', 9)}"
"(18, 48, 23, 0)",2,"{(48, 18, 23)}","{('?', '?', 9)}"
"(18, 48, 7, 0)",1,"{(48, 18, 7)}","{('?', 9, 9)}"
"(18, 49, 21, 0)",2,"{(49, 18, 21)}","{(4, '?', 6)}"
"(18, 49, 22, 0)",1,"{(49, 18, 22)}","{(9, 10, 6)}"
"(18, 49, 23, 0)",5,"{(49, 18, 23)}","{('?', '?', 6)}"
"(18, 49, 39, 0)",3,"{(49, 18, 39)}","{('?', '?', 6)}"
"(18, 49, 43, 0)",13,"{(49, 18, 43)}","{('?', '?', 6)}"
"(18, 49, 5, 0)",1,"{(49, 18, 5)}","{(9, 10, 6)}"
"(18, 49, 7, 0)",3,"{(49, 18, 7)}","{('?', '?', 6)}"
"(18, 49, 8, 0)",1,"{(8, 49, 18)}","{(4, 12, 6)}"
"(18, 50, 23, 0)",1,"{(18, 50, 23)}","{(12, 9, 6)}"
"(18, 8, 7, 0)",8,"{(8, 18, 7)}","{(8, '?', 9)}"
"(18, 8, 8, 0)",3,"{(8, 18)}","{('?', '?', 9)}"
"(19, 12, 23, 0)",2,"{(19, 12, 23)}","{('?', '?', 2)}"
"(19, 13, 13, 0)",3,"{(19, 13)}","{(9, '?', 2)}"
"(19, 13, 21, 0)",1,"{(21, 19, 13)}","{(4, 5, 2)}"
"(19, 13, 41, 0)",3,"{(41, 19, 13)}","{(4, '?', 2)}"
"(19, 16, 12, 0)",1,"{(16, 19, 12)}","{('?', 11, 2)}"
"(19, 19, 23, 0)",1,"{(19, 23)}","{(12, 13, 2)}"
"(19, 19, 41, 0)",1,"{(41, 19)}","{(4, 1, 2)}"
"(19, 19, 7, 0)",2,"{(19, 7)}","{('?', '?', 2)}"
"(19, 22, 21, 0)",2,"{(19, 21, 22)}","{(4, '?', 2)}"
"(19, 22, 22, 0)",3,"{(19, 22)}","{(9, '?', 2)}"
"(19, 22, 8, 0)",2,"{(8, 19, 22)}","{(4, '?', 2)}"
"(19, 23, 23, 0)",6,"{(19, 23)}","{('?', '?', 2)}"
"(19, 23, 43, 0)",5,"{(43, 19, 23)}","{('?', '?', 2)}"
"(19, 29, 16, 0)",1,"{(16, 19, 29)}","{(6, 0, 2)}"
"(19, 34, 23, 0)",1,"{(34, 19, 23)}","{(12, 0, 2)}"
"(19, 39, 23, 0)",9,"{(19, 23, 39)}","{('?', '?', 2)}"
"(19, 39, 39, 0)",2,"{(19, 39)}","{('?', '?', 2)}"
"(19, 39, 43, 0)",17,"{(43, 19, 39)}","{('?', '?', 2)}"
"(19, 39, 7, 0)",6,"{(19, 7, 39)}","{('?', '?', 2)}"
"(19, 4, 23, 0)",1,"{(19, 4, 23)}","{(2, 0, 2)}"
"(19, 40, 23, 0)",3,"{(40, 19, 23)}","{('?', '?', 2)}"
"(19, 40, 43, 0)",12,"{(40, 43, 19)}","{('?', '?', 2)}"
"(19, 41, 16, 0)",1,"{(16, 41, 19)}","{(6, 0, 2)}"
"(19, 43, 43, 0)",8,"{(43, 19)}","{('?', '?', 2)}"
"(19, 44, 16, 0)",1,"{(16, 19, 44)}","{(6, 0, 2)}"
"(19, 45, 12, 0)",2,"{(19, 12, 45)}","{('?', '?', 2)}"
"(19, 45, 23, 0)",3,"{(19, 45, 23)}","{('?', '?', 2)}"
"(19, 5, 21, 0)",3,"{(21, 19, 5)}","{(4, '?', 2)}"
"(19, 5, 8, 0)",1,"{(8, 19, 5)}","{(4, 0, 2)}"
"(19, 7, 43, 0)",1,"{(43, 19, 7)}","{(7, 1, 2)}"
"(19, 8, 16, 0)",1,"{(8, 16, 19)}","{(8, 0, 2)}"
"(19, 8, 8, 0)",1,"{(8, 19)}","{(4, 13, 2)}"
"(2, 14, 2, 0)",1,"{(2, 14)}","{(11, 15, 1)}"
"(2, 2, 2, 0)",6,"{(2,)}","{('?', '?', 1)}"
"(2, 23, 43, 0)",1,"{(2, 43, 23)}","{(11, 3, '?')}"
"(2, 46, 23, 0)",1,"{(2, 46, 23)}","{(12, 2, 11)}"
"(20, 11, 11, 0)",7,"{(11, 20)}","{(8, '?', 10)}"
"(20, 11, 17, 0)",6,"{(17, 11, 20)}","{(8, '?', 10)}"
"(20, 14, 11, 0)",9,"{(11, 20, 14)}","{('?', '?', 10)}"
"(20, 14, 14, 0)",38,"{(20, 14)}","{('?', '?', 10)}"
"(20, 14, 17, 0)",13,"{(17, 20, 14)}","{('?', '?', 10)}"
"(20, 14, 18, 0)",13,"{(18, 20, 14)}","{('?', '?', 10)}"
"(20, 14, 20, 0)",2,"{(20, 14)}","{('?', '?', 10)}"
"(20, 14, 25, 0)",2,"{(25, 20, 14)}","{('?', 15, 10)}"
"(20, 14, 35, 0)",3,"{(35, 20, 14)}","{('?', 5, 10)}"
"(20, 14, 50, 0)",2,"{(50, 20, 14)}","{(5, '?', 10)}"
"(20, 14, 51, 0)",24,"{(51, 20, 14)}","{('?', '?', 10)}"
"(20, 18, 11, 0)",6,"{(18, 11, 20)}","{('?', '?', 10)}"
"(20, 18, 18, 0)",1,"{(18, 20)}","{(5, 11, 10)}"
"(20, 20, 20, 0)",20,"{(20,)}","{('?', '?', 1)}"
"(20, 20, 25, 0)",20,"{(25, 20)}","{('?', '?', 1)}"
"(20, 20, 35, 0)",8,"{(35, 20)}","{('?', '?', 1)}"
"(20, 20, 38, 0)",9,"{(20, 38)}","{('?', '?', 1)}"
"(20, 20, 49, 0)",5,"{(49, 20)}","{(5, '?', 1)}"
"(20, 20, 50, 0)",12,"{(50, 20)}","{(5, '?', 1)}"
"(20, 20, 51, 0)",9,"{(51, 20)}","{('?', '?', 1)}"
"(20, 26, 11, 0)",1,"{(26, 11, 20)}","{(1, 2, 10)}"
"(20, 35, 11, 0)",6,"{(11, 35, 20)}","{('?', '?', 10)}"
"(20, 35, 14, 0)",13,"{(35, 20, 14)}","{('?', '?', 10)}"
"(20, 35, 18, 0)",8,"{(18, 35, 20)}","{('?', '?', '?')}"
"(20, 35, 20, 0)",21,"{(35, 20)}","{('?', '?', 1)}"
"(20, 35, 35, 0)",18,"{(35, 20)}","{('?', '?', 1)}"
"(20, 35, 38, 0)",12,"{(35, 20, 38)}","{('?', '?', '?')}"
"(20, 35, 49, 0)",5,"{(49, 35, 20)}","{(5, '?', 1)}"
"(20, 35, 50, 0)",4,"{(50, 35, 20)}","{(5, '?', 1)}"
"(20, 49, 38, 0)",1,"{(49, 20, 38)}","{(1, 1, 1)}"
"(20, 50, 38, 0)",1,"{(50, 20, 38)}","{(1, 1, 1)}"
"(20, 50, 50, 0)",1,"{(50, 20)}","{(5, 9, 1)}"
"(20, 51, 51, 0)",1,"{(51, 20)}","{(1, 15, 1)}"
"(21, 16, 12, 0)",2,"{(16, 12, 21)}","{('?', 12, '?')}"
"(21, 16, 16, 0)",3,"{(16, 21)}","{(5, '?', '?')}"
"(21, 19, 12, 0)",1,"{(19, 12, 21)}","{(1, 1, 5)}"
"(21, 19, 39, 0)",1,"{(19, 21, 39)}","{(8, 6, 5)}"
"(21, 19, 7, 0)",6,"{(19, 21, 7)}","{(8, '?', 5)}"
"(21, 21, 12, 0)",1,"{(12, 21)}","{(6, 11, 5)}"
"(21, 21, 16, 0)",3,"{(16, 21)}","{('?', '?', 5)}"
"(21, 21, 21, 0)",20,"{(21,)}","{('?', '?', '?')}"
"(21, 21, 26, 0)",4,"{(26, 21)}","{('?', '?', '?')}"
"(21, 21, 41, 0)",1,"{(41, 21)}","{(14, 10, 9)}"
"(21, 26, 12, 0)",2,"{(26, 12, 21)}","{('?', '?', 9)}"
"(21, 29, 12, 0)",12,"{(29, 12, 21)}","{('?', '?', '?')}"
"(21, 29, 16, 0)",5,"{(16, 29, 21)}","{('?', '?', '?')}"
"(21, 29, 19, 0)",5,"{(29, 19, 21)}","{('?', '?', 5)}"
"(21, 29, 21, 0)",11,"{(29, 21)}","{('?', '?', '?')}"
"(21, 29, 29, 0)",12,"{(29, 21)}","{('?', '?', 5)}"
"(21, 29, 4, 0)",6,"{(29, 4, 21)}","{('?', '?', 5)}"
"(21, 29, 40, 0)",10,"{(40, 29, 21)}","{('?', '?', 5)}"
"(21, 29, 41, 0)",1,"{(41, 29, 21)}","{(0, 12, 12)}"
"(21, 29, 44, 0)",4,"{(29, 44, 21)}","{('?', '?', 5)}"
"(21, 29, 47, 0)",1,"{(29, 21, 47)}","{(5, 14, 5)}"
"(21, 29, 7, 0)",1,"{(29, 21, 7)}","{(6, 14, 5)}"
"(21, 29, 8, 0)",5,"{(8, 29, 21)}","{('?', '?', 5)}"
"(21, 34, 12, 0)",1,"{(34, 12, 21)}","{(1, 12, 5)}"
"(21, 34, 7, 0)",4,"{(34, 21, 7)}","{(8, '?', '?')}"
"(21, 39, 7, 0)",9,"{(7, 21, 39)}","{(8, '?', '?')}"
"(21, 4, 7, 0)",1,"{(4, 21, 7)}","{(8, 8, 5)}"
"(21, 40, 7, 0)",7,"{(40, 21, 7)}","{(8, '?', 5)}"
"(21, 41, 12, 0)",8,"{(41, 12, 21)}","{('?', '?', 5)}"
"(21, 41, 16, 0)",9,"{(16, 41, 21)}","{('?', '?', '?')}"
"(21, 41, 19, 0)",4,"{(41, 19, 21)}","{('?', '?', 5)}"
"(21, 41, 21, 0)",18,"{(41, 21)}","{('?', '?', '?')}"
"(21, 41, 26, 0)",3,"{(41, 26, 21)}","{('?', '?', '?')}"
"(21, 41, 29, 0)",19,"{(41, 29, 21)}","{('?', '?', 5)}"
"(21, 41, 39, 0)",2,"{(41, 21, 39)}","{(6, '?', 5)}"
"(21, 41, 4, 0)",2,"{(41, 4, 21)}","{('?', '?', 5)}"
"(21, 41, 40, 0)",11,"{(40, 41, 21)}","{('?', '?', 5)}"
"(21, 41, 41, 0)",17,"{(41, 21)}","{('?', '?', 5)}"
"(21, 41, 44, 0)",3,"{(41, 44, 21)}","{('?', '?', 5)}"
"(21, 41, 47, 0)",7,"{(41, 21, 47)}","{(5, '?', 5)}"
"(21, 41, 7, 0)",1,"{(41, 21, 7)}","{(1, 2, 5)}"
"(21, 41, 8, 0)",7,"{(8, 41, 21)}","{('?', '?', 5)}"
"(21, 44, 12, 0)",2,"{(12, 44, 21)}","{(1, '?', 5)}"
"(21, 44, 16, 0)",3,"{(16, 44, 21)}","{(5, '?', '?')}"
"(21, 44, 21, 0)",4,"{(44, 21)}","{('?', '?', '?')}"
"(21, 44, 29, 0)",12,"{(29, 44, 21)}","{('?', '?', 5)}"
"(21, 44, 4, 0)",5,"{(4, 44, 21)}","{('?', '?', 5)}"
"(21, 44, 40, 0)",4,"{(40, 44, 21)}","{('?', '?', 5)}"
"(21, 44, 47, 0)",1,"{(44, 21, 47)}","{(5, 2, 5)}"
"(21, 44, 8, 0)",2,"{(8, 44, 21)}","{('?', '?', 5)}"
"(21, 48, 40, 0)",4,"{(48, 40, 21)}","{('?', '?', 5)}"
"(21, 48, 7, 0)",1,"{(48, 21, 7)}","{(1, 14, 5)}"
"(21, 7, 7, 0)",9,"{(21, 7)}","{('?', '?', 5)}"
"(21, 8, 12, 0)",1,"{(8, 12, 21)}","{(1, 13, 5)}"
"(21, 8, 8, 0)",5,"{(8, 21)}","{('?', '?', 5)}"
"(22, 4, 5, 0)",1,"{(4, 5, 22)}","{(9, 9, 5)}"
"(23, 23, 37, 0)",11,"{(37, 23)}","{('?', '?', 3)}"
"(23, 23, 38, 0)",1,"{(38, 23)}","{(11, 9, 4)}"
"(23, 34, 37, 0)",3,"{(34, 37, 23)}","{(11, '?', 3)}"
"(23, 37, 37, 0)",10,"{(37, 23)}","{('?', '?', 3)}"
"(23, 39, 23, 0)",2,"{(39, 23)}","{('?', '?', '?')}"
"(23, 45, 37, 0)",1,"{(37, 45, 23)}","{(11, 9, 3)}"
"(23, 46, 37, 0)",15,"{(37, 46, 23)}","{('?', '?', 3)}"
"(23, 7, 37, 0)",1,"{(7, 37, 23)}","{('?', 2, 3)}"
"(23, 7, 7, 0)",1,"{(7, 23)}","{('?', 2, 3)}"
"(24, 11, 11, 0)",20,"{(24, 11)}","{('?', '?', 1)}"
"(24, 11, 17, 0)",3,"{(24, 17, 11)}","{('?', '?', 1)}"
"(24, 11, 2, 0)",1,"{(24, 2, 11)}","{(12, 3, 1)}"
"(24, 11, 24, 0)",3,"{(24, 11)}","{('?', '?', 1)}"
"(24, 11, 37, 0)",2,"{(24, 11, 37)}","{('?', '?', 1)}"
"(24, 11, 38, 0)",1,"{(24, 11, 38)}","{(2, 11, 1)}"
"(24, 11, 43, 0)",2,"{(24, 43, 11)}","{('?', '?', 1)}"
"(24, 14, 2, 0)",14,"{(24, 2, 14)}","{('?', '?', 1)}"
"(24, 14, 23, 0)",2,"{(24, 14, 23)}","{(11, '?', 1)}"
"(24, 14, 24, 0)",1,"{(24, 14)}","{(11, 1, 1)}"
"(24, 14, 38, 0)",1,"{(24, 38, 14)}","{(2, 11, 1)}"
"(24, 17, 37, 0)",12,"{(24, 17, 37)}","{('?', '?', 1)}"
"(24, 17, 43, 0)",7,"{(24, 17, 43)}","{('?', '?', 1)}"
"(24, 18, 11, 0)",4,"{(24, 18, 11)}","{('?', '?', 1)}"
"(24, 2, 2, 0)",19,"{(24, 2)}","{('?', '?', 1)}"
"(24, 2, 23, 0)",10,"{(24, 2, 23)}","{('?', '?', 1)}"
"(24, 2, 37, 0)",1,"{(24, 2, 37)}","{(11, 12, 1)}"
"(24, 24, 11, 0)",24,"{(24, 11)}","{('?', '?', 1)}"
"(24, 24, 17, 0)",4,"{(24, 17)}","{('?', '?', 1)}"
"(24, 24, 2, 0)",2,"{(24, 2)}","{(11, '?', 1)}"
"(24, 24, 37, 0)",4,"{(24, 37)}","{('?', '?', 1)}"
"(24, 24, 43, 0)",1,"{(24, 43)}","{(7, 13, 1)}"
"(24, 38, 11, 0)",5,"{(24, 11, 38)}","{('?', '?', 1)}"
"(24, 38, 37, 0)",3,"{(24, 37, 38)}","{('?', '?', 1)}"
"(25, 11, 11, 0)",1,"{(25, 11)}","{(8, 13, 10)}"
"(25, 11, 17, 0)",5,"{(25, 11, 17)}","{(8, '?', 10)}"
"(25, 14, 11, 0)",4,"{(25, 11, 14)}","{('?', '?', 10)}"
"(25, 14, 14, 0)",18,"{(25, 14)}","{('?', '?', 10)}"
"(25, 14, 17, 0)",12,"{(25, 14, 17)}","{('?', '?', 10)}"
"(25, 14, 18, 0)",5,"{(25, 18, 14)}","{('?', '?', 10)}"
"(25, 14, 25, 0)",1,"{(25, 14)}","{(0, 15, 10)}"
"(25, 14, 36, 0)",1,"{(25, 36, 14)}","{(3, 3, 10)}"
"(25, 14, 51, 0)",27,"{(25, 51, 14)}","{('?', '?', 10)}"
"(25, 16, 12, 0)",4,"{(16, 25, 12)}","{('?', '?', '?')}"
"(25, 16, 16, 0)",4,"{(16, 25)}","{(5, '?', '?')}"
"(25, 16, 39, 0)",3,"{(16, 25, 39)}","{('?', '?', '?')}"
"(25, 16, 7, 0)",3,"{(16, 25, 7)}","{('?', '?', '?')}"
"(25, 18, 11, 0)",4,"{(25, 18, 11)}","{('?', '?', 10)}"
"(25, 18, 12, 0)",1,"{(25, 18, 12)}","{(1, 5, 0)}"
"(25, 18, 18, 0)",4,"{(25, 18)}","{('?', '?', 10)}"
"(25, 18, 49, 0)",2,"{(25, 18, 49)}","{(5, '?', 1)}"
"(25, 18, 7, 0)",1,"{(25, 18, 7)}","{(6, 9, 0)}"
"(25, 20, 20, 0)",2,"{(25, 20)}","{('?', 9, 1)}"
"(25, 20, 25, 0)",20,"{(25, 20)}","{('?', '?', 1)}"
"(25, 20, 38, 0)",1,"{(25, 20, 38)}","{(6, 4, 1)}"
"(25, 20, 50, 0)",5,"{(25, 50, 20)}","{(5, '?', 1)}"
"(25, 20, 51, 0)",9,"{(25, 51, 20)}","{('?', '?', 1)}"
"(25, 21, 21, 0)",6,"{(25, 21)}","{('?', '?', '?')}"
"(25, 21, 26, 0)",7,"{(25, 26, 21)}","{('?', '?', '?')}"
"(25, 25, 12, 0)",1,"{(25, 12)}","{(6, '?', 6)}"
"(25, 25, 16, 0)",1,"{(16, 25)}","{(5, 6, 6)}"
"(25, 25, 44, 0)",4,"{(25, 44)}","{('?', '?', '?')}"
"(25, 25, 48, 0)",4,"{(48, 25)}","{('?', '?', 6)}"
"(25, 25, 8, 0)",2,"{(8, 25)}","{(13, '?', 6)}"
"(25, 26, 8, 0)",1,"{(8, 25, 26)}","{(13, 1, '?')}"
"(25, 28, 16, 0)",1,"{(16, 25, 28)}","{(1, 6, 0)}"
"(25, 28, 19, 0)",1,"{(25, 19, 28)}","{(1, 6, 0)}"
"(25, 28, 26, 0)",2,"{(25, 26, 28)}","{('?', '?', 0)}"
"(25, 28, 38, 0)",4,"{(25, 28, 38)}","{('?', '?', 0)}"
"(25, 28, 39, 0)",1,"{(25, 28, 39)}","{(6, 1, 0)}"
"(25, 28, 43, 0)",1,"{(25, 43, 28)}","{(1, 13, 0)}"
"(25, 28, 49, 0)",1,"{(25, 28, 49)}","{(14, 9, 0)}"
"(25, 28, 7, 0)",2,"{(25, 28, 7)}","{(6, '?', 0)}"
"(25, 28, 8, 0)",9,"{(8, 25, 28)}","{('?', '?', '?')}"
"(25, 29, 16, 0)",1,"{(16, 25, 29)}","{(5, 9, 12)}"
"(25, 29, 29, 0)",1,"{(25, 29)}","{(3, 3, '?')}"
"(25, 29, 4, 0)",1,"{(25, 4, 29)}","{(14, 4, 12)}"
"(25, 29, 40, 0)",2,"{(40, 25, 29)}","{('?', 3, '?')}"
"(25, 3, 12, 0)",1,"{(25, 3, 12)}","{(6, 5, 0)}"
"(25, 3, 21, 0)",2,"{(25, 3, 21)}","{('?', 5, 0)}"
"(25, 3, 26, 0)",13,"{(25, 26, 3)}","{('?', '?', 0)}"
"(25, 3, 38, 0)",3,"{(25, 3, 38)}","{('?', '?', 0)}"
"(25, 3, 49, 0)",4,"{(25, 3, 49)}","{('?', '?', 0)}"
"(25, 3, 50, 0)",2,"{(25, 50, 3)}","{(5, '?', 0)}"
"(25, 3, 8, 0)",3,"{(8, 25, 3)}","{('?', '?', 0)}"
"(25, 31, 26, 0)",1,"{(25, 26, 31)}","{(13, 2, 0)}"
"(25, 35, 11, 0)",6,"{(11, 25, 35)}","{('?', '?', 10)}"
"(25, 35, 12, 0)",1,"{(25, 35, 12)}","{(6, 5, 0)}"
"(25, 35, 14, 0)",15,"{(25, 35, 14)}","{('?', '?', 10)}"
"(25, 35, 18, 0)",9,"{(25, 18, 35)}","{('?', '?', '?')}"
"(25, 35, 20, 0)",12,"{(25, 35, 20)}","{('?', '?', 1)}"
"(25, 35, 21, 0)",1,"{(25, 35, 21)}","{(14, 12, 0)}"
"(25, 35, 25, 0)",3,"{(25, 35)}","{('?', '?', 1)}"
"(25, 35, 26, 0)",10,"{(25, 26, 35)}","{('?', '?', 0)}"
"(25, 35, 35, 0)",20,"{(25, 35)}","{('?', '?', 1)}"
"(25, 35, 38, 0)",10,"{(25, 35, 38)}","{('?', '?', 1)}"
"(25, 35, 49, 0)",11,"{(25, 35, 49)}","{('?', '?', '?')}"
"(25, 36, 48, 0)",1,"{(48, 25, 36)}","{(14, 4, 6)}"
"(25, 41, 26, 0)",3,"{(25, 26, 41)}","{('?', 9, '?')}"
"(25, 41, 29, 0)",3,"{(25, 29, 41)}","{('?', 3, '?')}"
"(25, 41, 40, 0)",1,"{(40, 25, 41)}","{(1, 14, '?')}"
"(25, 41, 44, 0)",6,"{(25, 44, 41)}","{('?', '?', '?')}"
"(25, 41, 47, 0)",2,"{(25, 47, 41)}","{(5, '?', '?')}"
"(25, 41, 7, 0)",3,"{(25, 7, 41)}","{('?', '?', '?')}"
"(25, 41, 8, 0)",2,"{(8, 25, 41)}","{('?', 1, '?')}"
"(25, 44, 16, 0)",1,"{(16, 25, 44)}","{(5, 9, '?')}"
"(25, 44, 21, 0)",1,"{(25, 44, 21)}","{(0, 5, '?')}"
"(25, 44, 26, 0)",2,"{(25, 26, 44)}","{('?', 9, '?')}"
"(25, 44, 29, 0)",6,"{(25, 44, 29)}","{('?', '?', '?')}"
"(25, 44, 4, 0)",2,"{(25, 44, 4)}","{(5, '?', '?')}"
"(25, 44, 44, 0)",19,"{(25, 44)}","{('?', '?', '?')}"
"(25, 44, 47, 0)",5,"{(25, 44, 47)}","{(5, '?', '?')}"
"(25, 44, 48, 0)",1,"{(48, 25, 44)}","{(5, 15, '?')}"
"(25, 44, 8, 0)",1,"{(8, 25, 44)}","{(3, 1, '?')}"
"(25, 48, 40, 0)",5,"{(48, 25, 40)}","{('?', '?', '?')}"
"(25, 48, 48, 0)",1,"{(48, 25)}","{(5, 7, '?')}"
"(25, 48, 7, 0)",7,"{(48, 25, 7)}","{('?', '?', '?')}"
"(25, 49, 12, 0)",1,"{(25, 12, 49)}","{(1, 12, 0)}"
"(25, 49, 16, 0)",1,"{(16, 25, 49)}","{(5, 9, 0)}"
"(25, 49, 26, 0)",1,"{(25, 26, 49)}","{(14, 9, 0)}"
"(25, 49, 38, 0)",3,"{(25, 38, 49)}","{('?', '?', '?')}"
"(25, 49, 49, 0)",8,"{(25, 49)}","{('?', '?', 0)}"
"(25, 50, 16, 0)",1,"{(16, 25, 50)}","{(5, 1, 0)}"
"(25, 50, 49, 0)",1,"{(25, 50, 49)}","{(5, 6, 0)}"
"(25, 50, 50, 0)",2,"{(25, 50)}","{(5, '?', 0)}"
"(25, 51, 25, 0)",8,"{(25, 51)}","{('?', '?', 0)}"
"(25, 51, 26, 0)",10,"{(25, 26, 51)}","{('?', '?', 0)}"
"(25, 51, 38, 0)",4,"{(25, 51, 38)}","{(6, '?', 0)}"
"(25, 51, 44, 0)",15,"{(25, 51, 44)}","{('?', '?', 0)}"
"(25, 51, 48, 0)",14,"{(48, 25, 51)}","{('?', '?', 0)}"
"(25, 51, 50, 0)",4,"{(25, 50, 51)}","{(5, '?', 0)}"
"(25, 51, 51, 0)",6,"{(25, 51)}","{('?', '?', '?')}"
"(25, 51, 7, 0)",9,"{(25, 51, 7)}","{('?', '?', 0)}"
"(25, 8, 12, 0)",4,"{(8, 25, 12)}","{('?', '?', '?')}"
"(25, 8, 16, 0)",2,"{(8, 25, 16)}","{(5, '?', '?')}"
"(25, 8, 19, 0)",2,"{(8, 25, 19)}","{(5, '?', '?')}"
"(25, 8, 26, 0)",1,"{(8, 25, 26)}","{(0, 1, '?')}"
"(25, 8, 39, 0)",1,"{(8, 25, 39)}","{(6, 6, '?')}"
"(25, 8, 7, 0)",1,"{(8, 25, 7)}","{(1, 13, '?')}"
"(25, 8, 8, 0)",11,"{(8, 25)}","{('?', '?', '?')}"
"(26, 14, 25, 0)",1,"{(25, 26, 14)}","{(0, 15, 10)}"
"(26, 14, 26, 0)",1,"{(26, 14)}","{(3, 14, 0)}"
"(26, 14, 44, 0)",1,"{(26, 44, 14)}","{(14, 4, 6)}"
"(26, 16, 12, 0)",3,"{(16, 26, 12)}","{('?', '?', '?')}"
"(26, 16, 16, 0)",5,"{(16, 26)}","{('?', '?', '?')}"
"(26, 16, 39, 0)",3,"{(16, 26, 39)}","{('?', '?', '?')}"
"(26, 16, 43, 0)",1,"{(16, 26, 43)}","{(1, 5, '?')}"
"(26, 16, 7, 0)",2,"{(16, 26, 7)}","{(1, '?', '?')}"
"(26, 20, 17, 0)",1,"{(17, 26, 20)}","{(1, 2, 10)}"
"(26, 21, 12, 0)",1,"{(26, 12, 21)}","{(6, 12, '?')}"
"(26, 21, 21, 0)",2,"{(26, 21)}","{('?', 12, '?')}"
"(26, 21, 26, 0)",9,"{(26, 21)}","{('?', '?', '?')}"
"(26, 26, 12, 0)",1,"{(26, 12)}","{(1, 13, 6)}"
"(26, 26, 40, 0)",1,"{(40, 26)}","{(1, 3, '?')}"
"(26, 28, 26, 0)",3,"{(26, 28)}","{('?', '?', 0)}"
"(26, 28, 28, 0)",1,"{(26, 28)}","{(13, 6, 0)}"
"(26, 28, 38, 0)",2,"{(26, 28, 38)}","{('?', 1, 0)}"
"(26, 28, 41, 0)",2,"{(41, 26, 28)}","{(0, '?', 0)}"
"(26, 28, 50, 0)",1,"{(26, 28, 50)}","{(5, 1, 0)}"
"(26, 28, 8, 0)",4,"{(8, 26, 28)}","{('?', '?', 0)}"
"(26, 29, 16, 0)",1,"{(16, 26, 29)}","{(5, 9, 5)}"
"(26, 3, 12, 0)",1,"{(26, 3, 12)}","{(6, 13, 0)}"
"(26, 3, 21, 0)",1,"{(26, 3, 21)}","{(13, 12, 0)}"
"(26, 3, 26, 0)",31,"{(26, 3)}","{('?', '?', 0)}"
"(26, 3, 38, 0)",13,"{(26, 3, 38)}","{('?', '?', 0)}"
"(26, 3, 39, 0)",2,"{(26, 3, 39)}","{('?', '?', 0)}"
"(26, 3, 41, 0)",5,"{(41, 26, 3)}","{('?', '?', 0)}"
"(26, 3, 49, 0)",5,"{(49, 26, 3)}","{('?', '?', 0)}"
"(26, 3, 50, 0)",7,"{(26, 3, 50)}","{('?', '?', 0)}"
"(26, 3, 8, 0)",5,"{(8, 26, 3)}","{('?', '?', 0)}"
"(26, 31, 25, 0)",1,"{(25, 26, 31)}","{(0, 4, 0)}"
"(26, 31, 26, 0)",26,"{(26, 31)}","{('?', '?', 0)}"
"(26, 31, 38, 0)",7,"{(26, 38, 31)}","{('?', '?', 0)}"
"(26, 31, 50, 0)",6,"{(26, 50, 31)}","{(5, '?', 0)}"
"(26, 35, 20, 0)",1,"{(26, 35, 20)}","{(13, 5, 1)}"
"(26, 35, 26, 0)",3,"{(26, 35)}","{('?', '?', 0)}"
"(26, 35, 38, 0)",1,"{(26, 35, 38)}","{(1, 5, 1)}"
"(26, 39, 12, 0)",1,"{(26, 12, 39)}","{(1, 13, 0)}"
"(26, 39, 43, 0)",1,"{(26, 43, 39)}","{(8, 11, '?')}"
"(26, 39, 7, 0)",2,"{(26, 7, 39)}","{('?', '?', '?')}"
"(26, 41, 12, 0)",5,"{(41, 26, 12)}","{(1, '?', '?')}"
"(26, 41, 16, 0)",9,"{(16, 41, 26)}","{(5, '?', '?')}"
"(26, 41, 21, 0)",2,"{(41, 26, 21)}","{('?', 10, 9)}"
"(26, 41, 26, 0)",7,"{(41, 26)}","{('?', '?', '?')}"
"(26, 41, 29, 0)",6,"{(41, 26, 29)}","{('?', '?', '?')}"
"(26, 41, 4, 0)",1,"{(41, 26, 4)}","{(14, 4, '?')}"
"(26, 41, 40, 0)",5,"{(40, 41, 26)}","{('?', '?', '?')}"
"(26, 41, 41, 0)",4,"{(41, 26)}","{('?', '?', '?')}"
"(26, 41, 44, 0)",19,"{(41, 26, 44)}","{('?', '?', '?')}"
"(26, 41, 47, 0)",6,"{(41, 26, 47)}","{('?', '?', '?')}"
"(26, 41, 48, 0)",1,"{(48, 41, 26)}","{(14, 4, '?')}"
"(26, 41, 50, 0)",1,"{(41, 26, 50)}","{(5, '?', '?')}"
"(26, 41, 7, 0)",2,"{(41, 26, 7)}","{(1, '?', '?')}"
"(26, 41, 8, 0)",5,"{(8, 41, 26)}","{('?', '?', '?')}"
"(26, 44, 26, 0)",1,"{(26, 44)}","{(3, 9, '?')}"
"(26, 44, 29, 0)",9,"{(26, 44, 29)}","{('?', '?', '?')}"
"(26, 44, 4, 0)",1,"{(26, 44, 4)}","{(14, 4, '?')}"
"(26, 44, 44, 0)",17,"{(26, 44)}","{('?', '?', '?')}"
"(26, 44, 47, 0)",1,"{(26, 44, 47)}","{(5, 8, 5)}"
"(26, 48, 12, 0)",1,"{(48, 26, 12)}","{(1, 4, '?')}"
"(26, 48, 15, 0)",1,"{(48, 26, 15)}","{(5, 3, '?')}"
"(26, 48, 40, 0)",2,"{(48, 26, 40)}","{('?', '?', '?')}"
"(26, 48, 43, 0)",1,"{(48, 26, 43)}","{(1, 8, '?')}"
"(26, 48, 47, 0)",4,"{(48, 26, 47)}","{(5, '?', '?')}"
"(26, 48, 48, 0)",4,"{(48, 26)}","{(5, '?', '?')}"
"(26, 48, 7, 0)",10,"{(48, 26, 7)}","{('?', '?', '?')}"
"(26, 50, 50, 0)",8,"{(26, 50)}","{(5, '?', 0)}"
"(26, 51, 17, 0)",1,"{(17, 26, 51)}","{(1, 4, 0)}"
"(26, 51, 2, 0)",1,"{(2, 26, 51)}","{(14, 4, 0)}"
"(26, 51, 25, 0)",2,"{(25, 26, 51)}","{('?', '?', 0)}"
"(26, 51, 26, 0)",18,"{(26, 51)}","{('?', '?', 0)}"
"(26, 51, 38, 0)",10,"{(26, 51, 38)}","{('?', '?', 0)}"
"(26, 51, 44, 0)",1,"{(26, 51, 44)}","{(3, 8, 0)}"
"(26, 51, 50, 0)",4,"{(26, 51, 50)}","{(5, '?', 0)}"
"(26, 51, 51, 0)",3,"{(26, 51)}","{(14, '?', 0)}"
"(26, 51, 7, 0)",4,"{(26, 51, 7)}","{('?', '?', 0)}"
"(26, 8, 12, 0)",2,"{(8, 26, 12)}","{(1, '?', '?')}"
"(26, 8, 16, 0)",2,"{(8, 16, 26)}","{('?', '?', '?')}"
"(26, 8, 19, 0)",2,"{(8, 26, 19)}","{('?', '?', '?')}"
"(26, 8, 39, 0)",1,"{(8, 26, 39)}","{(6, 6, '?')}"
"(26, 8, 7, 0)",2,"{(8, 26, 7)}","{(1, '?', '?')}"
"(26, 8, 8, 0)",10,"{(8, 26)}","{('?', '?', '?')}"
"(27, 18, 49, 0)",1,"{(49, 18, 27)}","{(8, 1, 1)}"
"(27, 19, 7, 0)",2,"{(19, 27, 7)}","{(8, '?', '?')}"
"(27, 28, 49, 0)",2,"{(49, 27, 28)}","{(8, '?', 0)}"
"(27, 33, 49, 0)",2,"{(33, 27, 49)}","{(8, '?', 0)}"
"(27, 39, 39, 0)",1,"{(27, 39)}","{(8, 13, '?')}"
"(27, 39, 7, 0)",1,"{(27, 7, 39)}","{(8, 13, '?')}"
"(27, 49, 39, 0)",1,"{(49, 27, 39)}","{(8, 13, 0)}"
"(27, 8, 39, 0)",1,"{(8, 27, 39)}","{(8, 1, '?')}"
"(27, 8, 7, 0)",2,"{(8, 27, 7)}","{(8, '?', '?')}"
"(28, 1, 1, 0)",1,"{(1, 28)}","{(9, 13, 0)}"
"(28, 1, 10, 0)",3,"{(1, 10, 28)}","{(4, '?', 0)}"
"(28, 1, 2, 0)",3,"{(1, 2, 28)}","{('?', '?', 0)}"
"(28, 1, 20, 0)",2,"{(1, 28, 20)}","{('?', '?', '?')}"
"(28, 1, 21, 0)",2,"{(1, 28, 21)}","{(4, '?', 0)}"
"(28, 1, 22, 0)",2,"{(1, 28, 22)}","{(9, '?', 0)}"
"(28, 1, 23, 0)",4,"{(1, 28, 23)}","{('?', 0, '?')}"
"(28, 1, 24, 0)",2,"{(24, 1, 28)}","{('?', 0, '?')}"
"(28, 1, 26, 0)",1,"{(1, 26, 28)}","{(4, 0, 0)}"
"(28, 1, 30, 0)",6,"{(1, 28, 30)}","{('?', 0, '?')}"
"(28, 1, 5, 0)",4,"{(1, 28, 5)}","{('?', '?', '?')}"
"(28, 10, 12, 0)",1,"{(10, 28, 12)}","{(8, 0, '?')}"
"(28, 10, 23, 0)",1,"{(10, 28, 23)}","{(8, 0, '?')}"
"(28, 13, 13, 0)",2,"{(28, 13)}","{(9, '?', '?')}"
"(28, 13, 41, 0)",2,"{(41, 28, 13)}","{(4, '?', '?')}"
"(28, 14, 1, 0)",1,"{(1, 28, 14)}","{(9, 11, 1)}"
"(28, 14, 20, 0)",1,"{(28, 20, 14)}","{(4, 11, 1)}"
"(28, 14, 23, 0)",1,"{(28, 14, 23)}","{(12, 0, 10)}"
"(28, 14, 5, 0)",1,"{(28, 5, 14)}","{(9, 0, 1)}"
"(28, 16, 12, 0)",1,"{(16, 28, 12)}","{('?', 1, '?')}"
"(28, 16, 23, 0)",3,"{(16, 28, 23)}","{('?', 0, 7)}"
"(28, 16, 39, 0)",1,"{(16, 28, 39)}","{('?', 1, '?')}"
"(28, 16, 43, 0)",1,"{(16, 43, 28)}","{(2, 1, '?')}"
"(28, 16, 7, 0)",1,"{(16, 28, 7)}","{('?', 1, '?')}"
"(28, 18, 18, 0)",1,"{(18, 28)}","{('?', 11, 1)}"
"(28, 2, 2, 0)",3,"{(2, 28)}","{('?', '?', 0)}"
"(28, 20, 20, 0)",8,"{(28, 20)}","{('?', 0, '?')}"
"(28, 20, 21, 0)",1,"{(21, 28, 20)}","{(0, 0, 0)}"
"(28, 20, 25, 0)",1,"{(25, 28, 20)}","{(13, 0, 0)}"
"(28, 20, 26, 0)",5,"{(26, 28, 20)}","{('?', 0, 0)}"
"(28, 20, 28, 0)",2,"{(28, 20)}","{('?', 0, 0)}"
"(28, 20, 30, 0)",3,"{(28, 20, 30)}","{('?', 0, 0)}"
"(28, 20, 49, 0)",1,"{(49, 28, 20)}","{(6, 0, 0)}"
"(28, 20, 50, 0)",1,"{(50, 28, 20)}","{(5, 0, 0)}"
"(28, 22, 21, 0)",1,"{(28, 21, 22)}","{(4, 13, '?')}"
"(28, 22, 22, 0)",2,"{(28, 22)}","{(9, '?', '?')}"
"(28, 22, 8, 0)",2,"{(8, 28, 22)}","{(4, '?', '?')}"
"(28, 23, 23, 0)",7,"{(28, 23)}","{('?', '?', '?')}"
"(28, 23, 37, 0)",3,"{(28, 37, 23)}","{('?', '?', '?')}"
"(28, 23, 43, 0)",3,"{(43, 28, 23)}","{('?', '?', '?')}"
"(28, 24, 2, 0)",1,"{(24, 2, 28)}","{(12, 1, 0)}"
"(28, 26, 16, 0)",1,"{(16, 26, 28)}","{(1, 0, 6)}"
"(28, 26, 26, 0)",2,"{(26, 28)}","{('?', 0, '?')}"
"(28, 28, 1, 0)",3,"{(1, 28)}","{(9, '?', 0)}"
"(28, 28, 17, 0)",1,"{(17, 28)}","{(7, 13, 0)}"
"(28, 28, 2, 0)",6,"{(2, 28)}","{('?', '?', 0)}"
"(28, 28, 20, 0)",1,"{(28, 20)}","{(4, 13, 0)}"
"(28, 28, 23, 0)",2,"{(28, 23)}","{(12, '?', 6)}"
"(28, 28, 24, 0)",1,"{(24, 28)}","{(12, 11, 0)}"
"(28, 28, 26, 0)",2,"{(26, 28)}","{(0, '?', 0)}"
"(28, 28, 28, 0)",1,"{(28,)}","{(13, 1, 0)}"
"(28, 28, 30, 0)",5,"{(28, 30)}","{('?', 0, '?')}"
"(28, 28, 38, 0)",7,"{(28, 38)}","{('?', '?', 0)}"
"(28, 28, 43, 0)",1,"{(43, 28)}","{(15, 1, 6)}"
"(28, 28, 49, 0)",4,"{(49, 28)}","{('?', '?', 0)}"
"(28, 28, 5, 0)",1,"{(28, 5)}","{(9, 0, 6)}"
"(28, 28, 50, 0)",1,"{(50, 28)}","{('?', 1, 0)}"
"(28, 3, 26, 0)",6,"{(26, 3, 28)}","{('?', '?', 0)}"
"(28, 31, 23, 0)",2,"{(28, 23, 31)}","{('?', 0, 6)}"
"(28, 31, 30, 0)",1,"{(28, 30, 31)}","{(11, 0, 8)}"
"(28, 34, 23, 0)",1,"{(34, 28, 23)}","{(12, 0, 12)}"
"(28, 38, 11, 0)",4,"{(11, 28, 38)}","{('?', '?', 0)}"
"(28, 38, 17, 0)",6,"{(17, 28, 38)}","{('?', '?', 0)}"
"(28, 38, 38, 0)",5,"{(28, 38)}","{('?', '?', 0)}"
"(28, 39, 23, 0)",3,"{(28, 23, 39)}","{('?', '?', '?')}"
"(28, 39, 43, 0)",7,"{(43, 28, 39)}","{('?', '?', '?')}"
"(28, 41, 16, 0)",3,"{(16, 41, 28)}","{('?', 0, '?')}"
"(28, 41, 21, 0)",3,"{(41, 28, 21)}","{('?', '?', '?')}"
"(28, 41, 26, 0)",3,"{(41, 26, 28)}","{('?', 0, '?')}"
"(28, 41, 41, 0)",4,"{(41, 28)}","{('?', '?', '?')}"
"(28, 41, 8, 0)",2,"{(8, 41, 28)}","{('?', 0, '?')}"
"(28, 43, 37, 0)",1,"{(43, 28, 37)}","{(15, 13, '?')}"
"(28, 43, 43, 0)",10,"{(43, 28)}","{('?', '?', '?')}"
"(28, 44, 16, 0)",1,"{(16, 28, 44)}","{(6, 0, '?')}"
"(28, 45, 12, 0)",1,"{(12, 28, 45)}","{(8, 0, 9)}"
"(28, 45, 23, 0)",8,"{(28, 45, 23)}","{('?', '?', '?')}"
"(28, 45, 43, 0)",1,"{(43, 28, 45)}","{(2, 1, '?')}"
"(28, 49, 1, 0)",1,"{(49, 28, 1)}","{(9, 13, 0)}"
"(28, 49, 2, 0)",2,"{(49, 2, 28)}","{('?', 11, 0)}"
"(28, 49, 23, 0)",2,"{(49, 28, 23)}","{('?', '?', '?')}"
"(28, 49, 38, 0)",6,"{(49, 28, 38)}","{('?', '?', 0)}"
"(28, 49, 43, 0)",4,"{(49, 43, 28)}","{('?', '?', 6)}"
"(28, 49, 49, 0)",1,"{(49, 28)}","{('?', 11, 0)}"
"(28, 49, 5, 0)",1,"{(49, 28, 5)}","{(9, 1, 6)}"
"(28, 5, 12, 0)",3,"{(12, 28, 5)}","{('?', 0, '?')}"
"(28, 5, 21, 0)",3,"{(21, 28, 5)}","{(4, '?', '?')}"
"(28, 5, 23, 0)",8,"{(28, 5, 23)}","{('?', 0, '?')}"
"(28, 5, 26, 0)",2,"{(26, 28, 5)}","{(4, '?', '?')}"
"(28, 5, 41, 0)",5,"{(41, 28, 5)}","{(4, '?', '?')}"
"(28, 5, 5, 0)",4,"{(28, 5)}","{(9, '?', '?')}"
"(28, 5, 8, 0)",1,"{(8, 28, 5)}","{(8, 0, 9)}"
"(28, 50, 2, 0)",1,"{(50, 2, 28)}","{(12, 11, 0)}"
"(29, 12, 7, 0)",2,"{(12, 29, 7)}","{(8, '?', 13)}"
"(29, 16, 12, 0)",6,"{(16, 12, 29)}","{('?', '?', '?')}"
"(29, 16, 16, 0)",8,"{(16, 29)}","{('?', '?', '?')}"
"(29, 16, 39, 0)",1,"{(16, 29, 39)}","{(1, 10, 13)}"
"(29, 16, 7, 0)",2,"{(16, 29, 7)}","{(8, '?', 14)}"
"(29, 19, 12, 0)",2,"{(19, 12, 29)}","{('?', '?', '?')}"
"(29, 19, 19, 0)",1,"{(19, 29)}","{(6, 1, 14)}"
"(29, 19, 39, 0)",3,"{(19, 29, 39)}","{(8, '?', '?')}"
"(29, 19, 7, 0)",11,"{(19, 29, 7)}","{(8, '?', '?')}"
"(29, 21, 12, 0)",9,"{(21, 12, 29)}","{('?', '?', '?')}"
"(29, 21, 16, 0)",11,"{(16, 21, 29)}","{('?', '?', '?')}"
"(29, 21, 19, 0)",1,"{(21, 19, 29)}","{(1, 10, 14)}"
"(29, 21, 21, 0)",19,"{(21, 29)}","{('?', '?', '?')}"
"(29, 21, 26, 0)",6,"{(21, 26, 29)}","{('?', '?', '?')}"
"(29, 21, 39, 0)",3,"{(21, 29, 39)}","{('?', '?', '?')}"
"(29, 26, 12, 0)",1,"{(26, 12, 29)}","{(1, 5, 14)}"
"(29, 26, 16, 0)",3,"{(16, 26, 29)}","{('?', '?', '?')}"
"(29, 26, 21, 0)",9,"{(26, 21, 29)}","{('?', '?', '?')}"
"(29, 26, 41, 0)",1,"{(41, 26, 29)}","{(14, 10, 14)}"
"(29, 26, 8, 0)",1,"{(8, 26, 29)}","{(14, 5, 13)}"
"(29, 29, 12, 0)",5,"{(12, 29)}","{('?', '?', '?')}"
"(29, 29, 19, 0)",4,"{(19, 29)}","{('?', '?', '?')}"
"(29, 29, 21, 0)",1,"{(21, 29)}","{(14, 11, 14)}"
"(29, 29, 29, 0)",27,"{(29,)}","{('?', '?', '?')}"
"(29, 29, 4, 0)",8,"{(4, 29)}","{('?', '?', '?')}"
"(29, 29, 40, 0)",2,"{(40, 29)}","{('?', '?', 13)}"
"(29, 29, 44, 0)",5,"{(44, 29)}","{('?', '?', '?')}"
"(29, 29, 8, 0)",8,"{(8, 29)}","{('?', '?', '?')}"
"(29, 34, 12, 0)",1,"{(34, 12, 29)}","{(1, 11, 13)}"
"(29, 39, 12, 0)",2,"{(12, 29, 39)}","{(1, '?', 13)}"
"(29, 39, 39, 0)",9,"{(29, 39)}","{('?', '?', '?')}"
"(29, 39, 7, 0)",17,"{(7, 29, 39)}","{(8, '?', '?')}"
"(29, 4, 4, 0)",1,"{(4, 29)}","{(5, 7, 14)}"
"(29, 40, 12, 0)",2,"{(40, 12, 29)}","{(1, 9, '?')}"
"(29, 40, 40, 0)",21,"{(40, 29)}","{('?', '?', '?')}"
"(29, 40, 7, 0)",9,"{(40, 29, 7)}","{('?', '?', '?')}"
"(29, 41, 12, 0)",25,"{(41, 12, 29)}","{('?', '?', '?')}"
"(29, 41, 16, 0)",18,"{(16, 41, 29)}","{('?', '?', '?')}"
"(29, 41, 19, 0)",6,"{(41, 19, 29)}","{('?', '?', '?')}"
"(29, 41, 21, 0)",15,"{(41, 21, 29)}","{('?', '?', '?')}"
"(29, 41, 26, 0)",2,"{(41, 26, 29)}","{('?', '?', 14)}"
"(29, 41, 29, 0)",45,"{(41, 29)}","{('?', '?', '?')}"
"(29, 41, 39, 0)",3,"{(41, 29, 39)}","{('?', '?', '?')}"
"(29, 41, 4, 0)",4,"{(41, 4, 29)}","{('?', 4, '?')}"
"(29, 41, 40, 0)",21,"{(40, 41, 29)}","{('?', '?', '?')}"
"(29, 41, 41, 0)",14,"{(41, 29)}","{('?', '?', '?')}"
"(29, 41, 44, 0)",19,"{(41, 44, 29)}","{('?', '?', '?')}"
"(29, 41, 47, 0)",9,"{(41, 29, 47)}","{(5, '?', '?')}"
"(29, 41, 48, 0)",1,"{(48, 41, 29)}","{(5, 8, 13)}"
"(29, 41, 8, 0)",13,"{(8, 41, 29)}","{('?', '?', '?')}"
"(29, 44, 12, 0)",1,"{(12, 44, 29)}","{(1, 9, 13)}"
"(29, 44, 16, 0)",2,"{(16, 44, 29)}","{(6, 0, '?')}"
"(29, 44, 19, 0)",1,"{(19, 44, 29)}","{(5, 13, 13)}"
"(29, 44, 29, 0)",25,"{(44, 29)}","{('?', '?', '?')}"
"(29, 44, 4, 0)",5,"{(4, 44, 29)}","{('?', '?', '?')}"
"(29, 44, 40, 0)",1,"{(40, 44, 29)}","{(5, 8, 13)}"
"(29, 44, 44, 0)",4,"{(44, 29)}","{('?', '?', 13)}"
"(29, 44, 5, 0)",1,"{(5, 44, 29)}","{(0, 0, 14)}"
"(29, 45, 16, 0)",1,"{(16, 45, 29)}","{(1, 0, 13)}"
"(29, 5, 16, 0)",1,"{(16, 5, 29)}","{(1, 0, 13)}"
"(29, 7, 7, 0)",10,"{(29, 7)}","{(8, '?', '?')}"
"(29, 8, 12, 0)",5,"{(8, 12, 29)}","{('?', '?', '?')}"
"(29, 8, 16, 0)",1,"{(8, 16, 29)}","{(6, 0, 14)}"
"(29, 8, 19, 0)",11,"{(8, 19, 29)}","{('?', '?', '?')}"
"(29, 8, 21, 0)",1,"{(8, 21, 29)}","{(14, 11, 13)}"
"(29, 8, 39, 0)",1,"{(8, 29, 39)}","{(6, 6, 13)}"
"(29, 8, 8, 0)",17,"{(8, 29)}","{('?', '?', '?')}"
"(3, 25, 12, 0)",3,"{(25, 3, 12)}","{('?', '?', 6)}"
"(3, 25, 16, 0)",4,"{(16, 25, 3)}","{('?', '?', 6)}"
"(3, 25, 21, 0)",3,"{(25, 3, 21)}","{('?', '?', 6)}"
"(3, 25, 26, 0)",1,"{(25, 26, 3)}","{(0, 11, 6)}"
"(3, 25, 8, 0)",8,"{(8, 25, 3)}","{('?', '?', 6)}"
"(3, 26, 12, 0)",8,"{(26, 3, 12)}","{('?', '?', 6)}"
"(3, 26, 16, 0)",11,"{(16, 26, 3)}","{('?', '?', 6)}"
"(3, 26, 19, 0)",2,"{(19, 26, 3)}","{('?', 6, 6)}"
"(3, 26, 21, 0)",13,"{(26, 3, 21)}","{('?', '?', 6)}"
"(3, 26, 26, 0)",10,"{(26, 3)}","{('?', '?', 6)}"
"(3, 26, 41, 0)",1,"{(41, 26, 3)}","{(0, 9, 6)}"
"(3, 26, 8, 0)",12,"{(8, 26, 3)}","{('?', '?', 6)}"
"(3, 29, 12, 0)",9,"{(3, 12, 29)}","{('?', '?', 12)}"
"(3, 29, 16, 0)",11,"{(16, 3, 29)}","{('?', '?', 12)}"
"(3, 29, 19, 0)",5,"{(19, 3, 29)}","{('?', '?', 12)}"
"(3, 29, 21, 0)",13,"{(21, 3, 29)}","{('?', '?', 12)}"
"(3, 29, 26, 0)",1,"{(26, 3, 29)}","{(13, 11, 12)}"
"(3, 29, 39, 0)",5,"{(3, 29, 39)}","{(8, '?', 12)}"
"(3, 29, 41, 0)",8,"{(41, 3, 29)}","{('?', '?', 12)}"
"(3, 29, 7, 0)",2,"{(3, 29, 7)}","{(8, '?', 12)}"
"(3, 29, 8, 0)",9,"{(8, 3, 29)}","{('?', '?', 12)}"
"(3, 33, 39, 0)",7,"{(33, 3, 39)}","{(8, '?', 6)}"
"(3, 33, 7, 0)",3,"{(33, 3, 7)}","{(8, '?', '?')}"
"(3, 34, 7, 0)",2,"{(34, 3, 7)}","{('?', '?', 12)}"
"(3, 41, 12, 0)",9,"{(41, 3, 12)}","{('?', '?', 9)}"
"(3, 41, 16, 0)",8,"{(16, 41, 3)}","{('?', '?', 9)}"
"(3, 41, 19, 0)",2,"{(19, 41, 3)}","{('?', 6, 9)}"
"(3, 41, 21, 0)",4,"{(41, 3, 21)}","{('?', '?', 9)}"
"(3, 41, 26, 0)",12,"{(41, 26, 3)}","{('?', '?', 9)}"
"(3, 41, 41, 0)",7,"{(41, 3)}","{('?', '?', 9)}"
"(3, 41, 8, 0)",9,"{(8, 41, 3)}","{('?', '?', 9)}"
"(3, 44, 12, 0)",1,"{(3, 44, 12)}","{(1, 11, 9)}"
"(3, 44, 19, 0)",1,"{(19, 3, 44)}","{(5, 13, 9)}"
"(3, 44, 26, 0)",1,"{(26, 3, 44)}","{(3, 10, 9)}"
"(3, 44, 8, 0)",3,"{(8, 3, 44)}","{('?', '?', 9)}"
"(3, 49, 39, 0)",2,"{(49, 3, 39)}","{('?', '?', 6)}"
"(3, 8, 39, 0)",2,"{(8, 3, 39)}","{(8, '?', 9)}"
"(3, 8, 7, 0)",5,"{(8, 3, 7)}","{(8, '?', 9)}"
"(3, 8, 8, 0)",1,"{(8, 3)}","{(14, 6, 9)}"
"(31, 1, 23, 0)",2,"{(1, 23, 31)}","{('?', '?', 6)}"
"(31, 10, 7, 0)",4,"{(10, 7, 31)}","{(8, '?', 9)}"
"(31, 13, 13, 0)",4,"{(13, 31)}","{(9, '?', 9)}"
"(31, 13, 21, 0)",1,"{(21, 13, 31)}","{(4, 1, 9)}"
"(31, 13, 22, 0)",4,"{(13, 22, 31)}","{(9, '?', 9)}"
"(31, 13, 23, 0)",4,"{(23, 13, 31)}","{('?', '?', 9)}"
"(31, 13, 41, 0)",5,"{(41, 13, 31)}","{(4, '?', 9)}"
"(31, 13, 5, 0)",5,"{(5, 13, 31)}","{(9, '?', 9)}"
"(31, 13, 8, 0)",1,"{(8, 13, 31)}","{(4, 13, 9)}"
"(31, 14, 2, 0)",1,"{(2, 14, 31)}","{(11, 15, 10)}"
"(31, 15, 13, 0)",1,"{(15, 13, 31)}","{(9, 4, 9)}"
"(31, 15, 15, 0)",1,"{(15, 31)}","{(9, 7, 9)}"
"(31, 15, 23, 0)",2,"{(15, 23, 31)}","{('?', '?', 9)}"
"(31, 15, 43, 0)",5,"{(43, 15, 31)}","{('?', '?', 9)}"
"(31, 15, 48, 0)",1,"{(48, 15, 31)}","{(9, 7, 9)}"
"(31, 15, 7, 0)",1,"{(15, 7, 31)}","{('?', 7, 9)}"
"(31, 16, 21, 0)",4,"{(16, 21, 31)}","{(4, '?', 9)}"
"(31, 16, 22, 0)",2,"{(16, 22, 31)}","{(9, '?', 9)}"
"(31, 16, 23, 0)",16,"{(16, 23, 31)}","{('?', '?', 9)}"
"(31, 16, 39, 0)",4,"{(16, 39, 31)}","{('?', '?', 9)}"
"(31, 16, 41, 0)",4,"{(16, 41, 31)}","{(4, '?', 9)}"
"(31, 16, 43, 0)",27,"{(16, 43, 31)}","{('?', '?', 9)}"
"(31, 16, 5, 0)",1,"{(16, 5, 31)}","{(9, 10, 9)}"
"(31, 16, 7, 0)",11,"{(16, 7, 31)}","{('?', '?', 9)}"
"(31, 16, 8, 0)",2,"{(16, 8, 31)}","{(4, '?', 9)}"
"(31, 2, 23, 0)",1,"{(2, 23, 31)}","{(12, 3, 6)}"
"(31, 20, 48, 0)",1,"{(48, 20, 31)}","{(14, 4, 6)}"
"(31, 21, 39, 0)",1,"{(39, 21, 31)}","{(8, 10, 9)}"
"(31, 22, 23, 0)",1,"{(23, 22, 31)}","{(11, 13, 9)}"
"(31, 22, 5, 0)",1,"{(5, 22, 31)}","{(9, 15, 9)}"
"(31, 23, 23, 0)",1,"{(23, 31)}","{(11, 3, '?')}"
"(31, 25, 12, 0)",6,"{(25, 12, 31)}","{('?', '?', 6)}"
"(31, 25, 16, 0)",4,"{(16, 25, 31)}","{(5, '?', 6)}"
"(31, 25, 21, 0)",1,"{(25, 21, 31)}","{(13, '?', 6)}"
"(31, 25, 26, 0)",3,"{(25, 26, 31)}","{('?', '?', 6)}"
"(31, 25, 41, 0)",18,"{(25, 41, 31)}","{('?', '?', 6)}"
"(31, 25, 44, 0)",10,"{(25, 44, 31)}","{('?', '?', 6)}"
"(31, 25, 47, 0)",2,"{(25, 47, 31)}","{(5, '?', 6)}"
"(31, 25, 48, 0)",6,"{(48, 25, 31)}","{('?', '?', 6)}"
"(31, 25, 7, 0)",1,"{(25, 7, 31)}","{(1, 7, 6)}"
"(31, 25, 8, 0)",1,"{(8, 25, 31)}","{(13, '?', 6)}"
"(31, 26, 12, 0)",17,"{(26, 12, 31)}","{('?', '?', 6)}"
"(31, 26, 16, 0)",6,"{(16, 26, 31)}","{(5, '?', 6)}"
"(31, 26, 21, 0)",4,"{(26, 21, 31)}","{('?', '?', 6)}"
"(31, 26, 26, 0)",7,"{(26, 31)}","{('?', '?', 6)}"
"(31, 26, 44, 0)",11,"{(26, 44, 31)}","{('?', '?', 6)}"
"(31, 26, 48, 0)",4,"{(48, 26, 31)}","{(5, '?', 6)}"
"(31, 26, 7, 0)",2,"{(26, 7, 31)}","{('?', '?', 6)}"
"(31, 26, 8, 0)",1,"{(8, 26, 31)}","{(13, '?', 6)}"
"(31, 28, 21, 0)",1,"{(28, 21, 31)}","{(4, 1, 6)}"
"(31, 28, 23, 0)",3,"{(28, 23, 31)}","{('?', '?', 6)}"
"(31, 28, 41, 0)",1,"{(41, 28, 31)}","{(4, 0, 6)}"
"(31, 28, 43, 0)",6,"{(43, 28, 31)}","{('?', '?', 6)}"
"(31, 28, 5, 0)",2,"{(28, 5, 31)}","{(9, '?', 6)}"
"(31, 29, 12, 0)",4,"{(12, 29, 31)}","{('?', '?', 12)}"
"(31, 29, 16, 0)",4,"{(16, 29, 31)}","{(5, '?', 12)}"
"(31, 29, 29, 0)",16,"{(29, 31)}","{('?', '?', 12)}"
"(31, 29, 39, 0)",3,"{(39, 29, 31)}","{(8, '?', 12)}"
"(31, 29, 4, 0)",6,"{(4, 29, 31)}","{('?', '?', 12)}"
"(31, 29, 40, 0)",14,"{(40, 29, 31)}","{('?', '?', 12)}"
"(31, 29, 41, 0)",5,"{(41, 29, 31)}","{('?', '?', 12)}"
"(31, 29, 47, 0)",1,"{(47, 29, 31)}","{(5, 14, 12)}"
"(31, 29, 7, 0)",8,"{(7, 29, 31)}","{(8, '?', 12)}"
"(31, 31, 13, 0)",4,"{(13, 31)}","{(9, '?', 6)}"
"(31, 31, 21, 0)",13,"{(21, 31)}","{(4, '?', 6)}"
"(31, 31, 22, 0)",3,"{(22, 31)}","{(9, '?', 6)}"
"(31, 31, 23, 0)",23,"{(23, 31)}","{('?', '?', 6)}"
"(31, 31, 26, 0)",8,"{(26, 31)}","{(4, '?', 6)}"
"(31, 31, 41, 0)",7,"{(41, 31)}","{(4, '?', 6)}"
"(31, 31, 43, 0)",31,"{(43, 31)}","{('?', '?', 6)}"
"(31, 31, 44, 0)",1,"{(44, 31)}","{(4, 3, 6)}"
"(31, 31, 48, 0)",1,"{(48, 31)}","{(9, 2, 6)}"
"(31, 31, 5, 0)",8,"{(5, 31)}","{(9, '?', 6)}"
"(31, 31, 7, 0)",5,"{(7, 31)}","{('?', '?', 6)}"
"(31, 33, 39, 0)",2,"{(33, 39, 31)}","{(8, '?', 6)}"
"(31, 33, 7, 0)",12,"{(33, 7, 31)}","{(8, '?', '?')}"
"(31, 34, 12, 0)",3,"{(34, 12, 31)}","{('?', '?', 12)}"
"(31, 34, 13, 0)",4,"{(34, 13, 31)}","{(9, '?', 12)}"
"(31, 34, 21, 0)",6,"{(34, 21, 31)}","{(4, '?', 12)}"
"(31, 34, 22, 0)",3,"{(34, 22, 31)}","{(9, '?', 12)}"
"(31, 34, 23, 0)",17,"{(34, 23, 31)}","{('?', '?', 12)}"
"(31, 34, 39, 0)",2,"{(34, 39, 31)}","{('?', '?', 12)}"
"(31, 34, 41, 0)",1,"{(41, 34, 31)}","{(4, 9, 12)}"
"(31, 34, 43, 0)",31,"{(34, 43, 31)}","{('?', '?', 12)}"
"(31, 34, 5, 0)",4,"{(34, 5, 31)}","{(9, '?', 12)}"
"(31, 34, 7, 0)",4,"{(34, 7, 31)}","{('?', '?', 12)}"
"(31, 36, 13, 0)",1,"{(36, 13, 31)}","{(9, 8, 6)}"
"(31, 36, 15, 0)",1,"{(36, 15, 31)}","{(9, 7, 6)}"
"(31, 36, 22, 0)",2,"{(36, 22, 31)}","{(9, '?', 6)}"
"(31, 36, 41, 0)",1,"{(41, 36, 31)}","{(4, 9, 6)}"
"(31, 36, 43, 0)",4,"{(43, 36, 31)}","{('?', '?', 6)}"
"(31, 36, 5, 0)",5,"{(36, 5, 31)}","{(9, '?', 6)}"
"(31, 39, 23, 0)",4,"{(23, 39, 31)}","{('?', '?', 9)}"
"(31, 39, 43, 0)",4,"{(43, 39, 31)}","{('?', '?', 9)}"
"(31, 39, 7, 0)",1,"{(7, 39, 31)}","{('?', 7, 9)}"
"(31, 4, 12, 0)",1,"{(4, 12, 31)}","{('?', 9, 12)}"
"(31, 4, 13, 0)",5,"{(4, 13, 31)}","{(9, '?', 12)}"
"(31, 4, 21, 0)",6,"{(4, 21, 31)}","{(4, '?', 12)}"
"(31, 4, 23, 0)",14,"{(4, 23, 31)}","{('?', '?', 12)}"
"(31, 4, 29, 0)",7,"{(4, 29, 31)}","{(4, '?', 12)}"
"(31, 4, 4, 0)",3,"{(4, 31)}","{(9, '?', 12)}"
"(31, 4, 41, 0)",7,"{(41, 4, 31)}","{(4, '?', 12)}"
"(31, 4, 43, 0)",23,"{(43, 4, 31)}","{('?', '?', 12)}"
"(31, 4, 44, 0)",1,"{(4, 44, 31)}","{(4, 2, 12)}"
"(31, 4, 5, 0)",3,"{(4, 5, 31)}","{(9, '?', 12)}"
"(31, 4, 7, 0)",6,"{(4, 7, 31)}","{('?', '?', 12)}"
"(31, 41, 12, 0)",13,"{(41, 12, 31)}","{('?', '?', 9)}"
"(31, 41, 16, 0)",2,"{(16, 41, 31)}","{(5, '?', 9)}"
"(31, 41, 19, 0)",1,"{(41, 19, 31)}","{(5, 1, 9)}"
"(31, 41, 26, 0)",3,"{(41, 26, 31)}","{('?', '?', 9)}"
"(31, 41, 29, 0)",4,"{(41, 29, 31)}","{('?', '?', '?')}"
"(31, 41, 40, 0)",3,"{(40, 41, 31)}","{('?', '?', 9)}"
"(31, 41, 41, 0)",9,"{(41, 31)}","{('?', '?', 9)}"
"(31, 41, 44, 0)",19,"{(41, 44, 31)}","{('?', '?', 9)}"
"(31, 41, 47, 0)",6,"{(41, 47, 31)}","{(5, '?', 9)}"
"(31, 41, 48, 0)",1,"{(48, 41, 31)}","{(14, 4, 9)}"
"(31, 41, 7, 0)",1,"{(41, 7, 31)}","{(6, 15, 9)}"
"(31, 41, 8, 0)",1,"{(8, 41, 31)}","{(13, 1, 9)}"
"(31, 43, 43, 0)",3,"{(43, 31)}","{('?', '?', '?')}"
"(31, 44, 16, 0)",1,"{(16, 44, 31)}","{(5, '?', 9)}"
"(31, 44, 29, 0)",1,"{(44, 29, 31)}","{(13, 2, 12)}"
"(31, 44, 41, 0)",1,"{(41, 44, 31)}","{(3, 15, 9)}"
"(31, 44, 44, 0)",2,"{(44, 31)}","{('?', '?', 9)}"
"(31, 44, 47, 0)",2,"{(44, 47, 31)}","{(5, '?', 9)}"
"(31, 45, 21, 0)",2,"{(21, 45, 31)}","{(4, '?', 9)}"
"(31, 45, 23, 0)",2,"{(23, 45, 31)}","{(11, '?', 9)}"
"(31, 45, 43, 0)",10,"{(43, 45, 31)}","{('?', '?', 9)}"
"(31, 45, 7, 0)",1,"{(7, 45, 31)}","{(8, 11, 9)}"
"(31, 48, 13, 0)",2,"{(48, 13, 31)}","{(9, '?', 9)}"
"(31, 48, 22, 0)",4,"{(48, 22, 31)}","{(9, '?', 9)}"
"(31, 48, 23, 0)",15,"{(48, 23, 31)}","{('?', '?', 9)}"
"(31, 48, 39, 0)",1,"{(48, 39, 31)}","{('?', 9, 9)}"
"(31, 48, 41, 0)",4,"{(48, 41, 31)}","{(4, '?', 9)}"
"(31, 48, 43, 0)",27,"{(48, 43, 31)}","{('?', '?', 9)}"
"(31, 48, 44, 0)",1,"{(48, 44, 31)}","{(4, 3, 9)}"
"(31, 48, 5, 0)",3,"{(48, 5, 31)}","{(9, '?', 9)}"
"(31, 48, 7, 0)",6,"{(48, 7, 31)}","{('?', '?', 9)}"
"(31, 49, 21, 0)",3,"{(49, 21, 31)}","{(4, '?', 6)}"
"(31, 49, 23, 0)",7,"{(49, 23, 31)}","{('?', '?', 6)}"
"(31, 49, 39, 0)",5,"{(49, 39, 31)}","{('?', '?', 6)}"
"(31, 49, 43, 0)",23,"{(49, 43, 31)}","{('?', '?', 6)}"
"(31, 49, 5, 0)",3,"{(49, 5, 31)}","{(9, '?', 6)}"
"(31, 49, 7, 0)",1,"{(49, 7, 31)}","{('?', 5, 6)}"
"(31, 49, 8, 0)",1,"{(8, 49, 31)}","{(4, 12, 6)}"
"(31, 5, 23, 0)",2,"{(23, 5, 31)}","{('?', '?', 9)}"
"(31, 5, 41, 0)",1,"{(41, 5, 31)}","{(4, 1, 9)}"
"(31, 5, 5, 0)",2,"{(5, 31)}","{(9, '?', 9)}"
"(31, 5, 8, 0)",1,"{(8, 5, 31)}","{(4, 13, 9)}"
"(31, 50, 23, 0)",2,"{(50, 23, 31)}","{(12, '?', 6)}"
"(31, 50, 43, 0)",3,"{(50, 43, 31)}","{('?', '?', 6)}"
"(31, 50, 7, 0)",2,"{(50, 7, 31)}","{('?', '?', 6)}"
"(31, 51, 23, 0)",3,"{(51, 23, 31)}","{(12, '?', 6)}"
"(31, 51, 43, 0)",3,"{(43, 51, 31)}","{('?', '?', 6)}"
"(31, 6, 7, 0)",4,"{(7, 6, 31)}","{(8, '?', 9)}"
"(31, 8, 7, 0)",14,"{(8, 7, 31)}","{(8, '?', 9)}"
"(32, 11, 11, 0)",7,"{(32, 11)}","{(8, '?', 15)}"
"(32, 11, 17, 0)",6,"{(32, 17, 11)}","{('?', '?', 15)}"
"(32, 11, 38, 0)",1,"{(32, 11, 38)}","{(8, 3, 15)}"
"(32, 14, 11, 0)",28,"{(32, 11, 14)}","{('?', '?', 15)}"
"(32, 14, 14, 0)",31,"{(32, 14)}","{('?', '?', 15)}"
"(32, 14, 17, 0)",13,"{(32, 17, 14)}","{('?', '?', 15)}"
"(32, 14, 18, 0)",13,"{(32, 18, 14)}","{('?', '?', 15)}"
"(32, 14, 20, 0)",18,"{(32, 20, 14)}","{('?', '?', 15)}"
"(32, 14, 25, 0)",21,"{(32, 25, 14)}","{('?', '?', 15)}"
"(32, 14, 32, 0)",5,"{(32, 14)}","{('?', '?', 15)}"
"(32, 14, 38, 0)",1,"{(32, 38, 14)}","{(1, 3, 15)}"
"(32, 14, 50, 0)",2,"{(32, 50, 14)}","{('?', '?', 15)}"
"(32, 14, 51, 0)",10,"{(32, 51, 14)}","{('?', '?', 15)}"
"(32, 16, 12, 0)",6,"{(32, 16, 12)}","{('?', '?', '?')}"
"(32, 16, 16, 0)",5,"{(32, 16)}","{('?', '?', '?')}"
"(32, 16, 41, 0)",1,"{(32, 16, 41)}","{(13, 6, 4)}"
"(32, 16, 7, 0)",1,"{(32, 16, 7)}","{(1, 9, '?')}"
"(32, 18, 11, 0)",17,"{(32, 18, 11)}","{('?', '?', 15)}"
"(32, 18, 14, 0)",4,"{(32, 18, 14)}","{('?', '?', 15)}"
"(32, 18, 18, 0)",7,"{(32, 18)}","{('?', '?', 15)}"
"(32, 18, 49, 0)",1,"{(32, 49, 18)}","{(5, 1, 8)}"
"(32, 19, 12, 0)",3,"{(32, 19, 12)}","{('?', '?', 4)}"
"(32, 19, 19, 0)",2,"{(32, 19)}","{('?', '?', 4)}"
"(32, 20, 14, 0)",2,"{(32, 20, 14)}","{(13, '?', 15)}"
"(32, 20, 30, 0)",1,"{(32, 20, 30)}","{(6, 0, 8)}"
"(32, 21, 12, 0)",2,"{(32, 12, 21)}","{(6, 12, '?')}"
"(32, 21, 16, 0)",3,"{(32, 16, 21)}","{('?', '?', 4)}"
"(32, 21, 21, 0)",10,"{(32, 21)}","{('?', '?', '?')}"
"(32, 21, 39, 0)",1,"{(32, 21, 39)}","{(1, 10, 7)}"
"(32, 24, 38, 0)",3,"{(32, 24, 38)}","{('?', '?', 8)}"
"(32, 25, 14, 0)",4,"{(32, 25, 14)}","{('?', '?', 15)}"
"(32, 25, 17, 0)",2,"{(32, 25, 17)}","{('?', 8, 11)}"
"(32, 25, 25, 0)",8,"{(32, 25)}","{('?', '?', 11)}"
"(32, 25, 26, 0)",11,"{(32, 25, 26)}","{('?', '?', 11)}"
"(32, 25, 32, 0)",1,"{(32, 25)}","{(14, 9, 11)}"
"(32, 25, 35, 0)",15,"{(32, 25, 35)}","{('?', '?', 11)}"
"(32, 25, 38, 0)",10,"{(32, 25, 38)}","{('?', '?', 11)}"
"(32, 25, 49, 0)",10,"{(32, 25, 49)}","{('?', '?', 11)}"
"(32, 25, 50, 0)",1,"{(32, 25, 50)}","{(5, 4, 11)}"
"(32, 25, 8, 0)",1,"{(32, 25, 8)}","{(0, 13, 7)}"
"(32, 25, 9, 0)",3,"{(32, 25, 9)}","{('?', '?', '?')}"
"(32, 26, 12, 0)",17,"{(32, 26, 12)}","{('?', '?', 7)}"
"(32, 26, 16, 0)",8,"{(32, 16, 26)}","{('?', '?', 7)}"
"(32, 26, 17, 0)",2,"{(32, 17, 26)}","{('?', '?', 11)}"
"(32, 26, 19, 0)",1,"{(32, 26, 19)}","{(5, 1, 7)}"
"(32, 26, 21, 0)",11,"{(32, 26, 21)}","{('?', '?', 7)}"
"(32, 26, 26, 0)",39,"{(32, 26)}","{('?', '?', 11)}"
"(32, 26, 29, 0)",4,"{(32, 26, 29)}","{('?', '?', 7)}"
"(32, 26, 3, 0)",3,"{(32, 26, 3)}","{('?', '?', '?')}"
"(32, 26, 35, 0)",12,"{(32, 26, 35)}","{('?', '?', 11)}"
"(32, 26, 37, 0)",1,"{(32, 26, 37)}","{(6, 4, 11)}"
"(32, 26, 38, 0)",23,"{(32, 26, 38)}","{('?', '?', 11)}"
"(32, 26, 39, 0)",10,"{(32, 26, 39)}","{('?', '?', 7)}"
"(32, 26, 41, 0)",29,"{(32, 41, 26)}","{('?', '?', 7)}"
"(32, 26, 44, 0)",8,"{(32, 26, 44)}","{('?', '?', 7)}"
"(32, 26, 48, 0)",8,"{(32, 26, 48)}","{('?', '?', 7)}"
"(32, 26, 49, 0)",9,"{(32, 49, 26)}","{('?', '?', 11)}"
"(32, 26, 50, 0)",14,"{(32, 26, 50)}","{('?', '?', 11)}"
"(32, 26, 51, 0)",1,"{(32, 26, 51)}","{(1, 3, 11)}"
"(32, 26, 7, 0)",11,"{(32, 26, 7)}","{('?', '?', 7)}"
"(32, 26, 8, 0)",15,"{(32, 8, 26)}","{('?', '?', 7)}"
"(32, 29, 12, 0)",7,"{(32, 12, 29)}","{('?', '?', 3)}"
"(32, 29, 15, 0)",1,"{(32, 29, 15)}","{(14, 4, 3)}"
"(32, 29, 16, 0)",6,"{(32, 16, 29)}","{('?', '?', 3)}"
"(32, 29, 19, 0)",5,"{(32, 19, 29)}","{('?', '?', 3)}"
"(32, 29, 21, 0)",9,"{(32, 21, 29)}","{('?', '?', 3)}"
"(32, 29, 26, 0)",31,"{(32, 26, 29)}","{('?', '?', 3)}"
"(32, 29, 29, 0)",20,"{(32, 29)}","{('?', '?', 3)}"
"(32, 29, 39, 0)",18,"{(32, 29, 39)}","{('?', '?', 3)}"
"(32, 29, 4, 0)",9,"{(32, 4, 29)}","{('?', '?', 3)}"
"(32, 29, 40, 0)",7,"{(32, 40, 29)}","{('?', '?', 3)}"
"(32, 29, 41, 0)",30,"{(32, 41, 29)}","{('?', '?', 3)}"
"(32, 29, 44, 0)",4,"{(32, 44, 29)}","{('?', 9, 3)}"
"(32, 29, 49, 0)",2,"{(32, 49, 29)}","{('?', 10, 3)}"
"(32, 29, 50, 0)",10,"{(32, 50, 29)}","{(5, '?', 3)}"
"(32, 29, 7, 0)",8,"{(32, 29, 7)}","{('?', '?', 3)}"
"(32, 29, 8, 0)",12,"{(32, 8, 29)}","{('?', '?', 3)}"
"(32, 3, 26, 0)",2,"{(32, 26, 3)}","{('?', '?', 8)}"
"(32, 3, 3, 0)",13,"{(32, 3)}","{('?', '?', 8)}"
"(32, 3, 30, 0)",2,"{(32, 3, 30)}","{('?', 0, 8)}"
"(32, 3, 35, 0)",8,"{(32, 35, 3)}","{('?', '?', 8)}"
"(32, 3, 38, 0)",23,"{(32, 3, 38)}","{('?', '?', 8)}"
"(32, 3, 49, 0)",7,"{(32, 49, 3)}","{('?', '?', 8)}"
"(32, 3, 50, 0)",10,"{(32, 50, 3)}","{('?', '?', 8)}"
"(32, 31, 38, 0)",2,"{(32, 38, 31)}","{(6, '?', 8)}"
"(32, 31, 50, 0)",1,"{(32, 50, 31)}","{(5, 15, 8)}"
"(32, 32, 12, 0)",6,"{(32, 12)}","{('?', '?', 7)}"
"(32, 32, 14, 0)",6,"{(32, 14)}","{('?', '?', '?')}"
"(32, 32, 16, 0)",6,"{(32, 16)}","{('?', '?', 7)}"
"(32, 32, 17, 0)",16,"{(32, 17)}","{('?', '?', '?')}"
"(32, 32, 19, 0)",6,"{(32, 19)}","{('?', '?', 7)}"
"(32, 32, 21, 0)",10,"{(32, 21)}","{('?', '?', 7)}"
"(32, 32, 25, 0)",20,"{(32, 25)}","{('?', '?', '?')}"
"(32, 32, 26, 0)",23,"{(32, 26)}","{('?', '?', 11)}"
"(32, 32, 29, 0)",13,"{(32, 29)}","{('?', '?', 7)}"
"(32, 32, 32, 0)",23,"{(32,)}","{('?', '?', '?')}"
"(32, 32, 35, 0)",1,"{(32, 35)}","{(13, 5, 8)}"
"(32, 32, 36, 0)",1,"{(32, 36)}","{(3, 3, 8)}"
"(32, 32, 37, 0)",4,"{(32, 37)}","{('?', '?', 11)}"
"(32, 32, 38, 0)",10,"{(32, 38)}","{('?', '?', 11)}"
"(32, 32, 39, 0)",5,"{(32, 39)}","{('?', '?', 7)}"
"(32, 32, 4, 0)",7,"{(32, 4)}","{('?', '?', '?')}"
"(32, 32, 40, 0)",7,"{(32, 40)}","{('?', '?', 7)}"
"(32, 32, 41, 0)",10,"{(32, 41)}","{('?', '?', 7)}"
"(32, 32, 44, 0)",14,"{(32, 44)}","{('?', '?', 7)}"
"(32, 32, 47, 0)",1,"{(32, 47)}","{(5, 14, 7)}"
"(32, 32, 48, 0)",5,"{(32, 48)}","{('?', '?', 7)}"
"(32, 32, 49, 0)",8,"{(32, 49)}","{('?', '?', '?')}"
"(32, 32, 50, 0)",7,"{(32, 50)}","{(5, '?', '?')}"
"(32, 32, 51, 0)",2,"{(32, 51)}","{('?', 3, '?')}"
"(32, 32, 7, 0)",10,"{(32, 7)}","{('?', '?', 7)}"
"(32, 32, 8, 0)",8,"{(32, 8)}","{('?', '?', 7)}"
"(32, 32, 9, 0)",10,"{(32, 9)}","{('?', '?', 8)}"
"(32, 34, 12, 0)",4,"{(32, 34, 12)}","{('?', '?', 3)}"
"(32, 34, 16, 0)",1,"{(32, 16, 34)}","{(6, 10, 3)}"
"(32, 34, 39, 0)",1,"{(32, 34, 39)}","{(6, 12, 3)}"
"(32, 34, 7, 0)",1,"{(32, 34, 7)}","{(6, 9, 3)}"
"(32, 35, 11, 0)",7,"{(32, 11, 35)}","{('?', '?', 15)}"
"(32, 35, 12, 0)",1,"{(32, 35, 12)}","{(6, 5, 7)}"
"(32, 35, 14, 0)",17,"{(32, 35, 14)}","{('?', '?', 15)}"
"(32, 35, 16, 0)",3,"{(32, 16, 35)}","{('?', 10, 7)}"
"(32, 35, 18, 0)",4,"{(32, 18, 35)}","{('?', '?', 15)}"
"(32, 35, 21, 0)",4,"{(32, 35, 21)}","{('?', '?', 7)}"
"(32, 35, 3, 0)",6,"{(32, 3, 35)}","{('?', '?', 8)}"
"(32, 35, 35, 0)",26,"{(32, 35)}","{('?', '?', '?')}"
"(32, 35, 38, 0)",10,"{(32, 35, 38)}","{('?', '?', '?')}"
"(32, 35, 49, 0)",5,"{(32, 49, 35)}","{('?', '?', 8)}"
"(32, 35, 8, 0)",1,"{(32, 8, 35)}","{(3, 10, 7)}"
"(32, 35, 9, 0)",1,"{(32, 9, 35)}","{(0, 5, 8)}"
"(32, 38, 11, 0)",1,"{(32, 11, 38)}","{(8, 15, 8)}"
"(32, 38, 17, 0)",3,"{(32, 17, 38)}","{('?', '?', 8)}"
"(32, 38, 38, 0)",8,"{(32, 38)}","{('?', '?', 8)}"
"(32, 4, 29, 0)",2,"{(32, 4, 29)}","{('?', '?', 3)}"
"(32, 4, 4, 0)",3,"{(32, 4)}","{('?', '?', 3)}"
"(32, 4, 40, 0)",10,"{(32, 40, 4)}","{('?', '?', 3)}"
"(32, 4, 7, 0)",2,"{(32, 4, 7)}","{(6, '?', 3)}"
"(32, 40, 40, 0)",6,"{(32, 40)}","{('?', '?', 3)}"
"(32, 41, 12, 0)",11,"{(32, 41, 12)}","{('?', '?', 4)}"
"(32, 41, 16, 0)",12,"{(32, 41, 16)}","{('?', '?', 4)}"
"(32, 41, 19, 0)",4,"{(32, 41, 19)}","{('?', '?', 4)}"
"(32, 41, 21, 0)",11,"{(32, 41, 21)}","{('?', '?', 4)}"
"(32, 41, 23, 0)",3,"{(32, 41, 23)}","{(14, '?', 4)}"
"(32, 41, 26, 0)",2,"{(32, 41, 26)}","{('?', 10, 4)}"
"(32, 41, 29, 0)",24,"{(32, 41, 29)}","{('?', '?', 4)}"
"(32, 41, 39, 0)",1,"{(32, 41, 39)}","{(1, '?', 4)}"
"(32, 41, 4, 0)",2,"{(32, 41, 4)}","{(14, '?', 4)}"
"(32, 41, 40, 0)",15,"{(32, 41, 40)}","{('?', '?', 4)}"
"(32, 41, 41, 0)",17,"{(32, 41)}","{('?', '?', 4)}"
"(32, 41, 44, 0)",6,"{(32, 41, 44)}","{('?', '?', '?')}"
"(32, 41, 47, 0)",7,"{(32, 41, 47)}","{('?', '?', 4)}"
"(32, 41, 48, 0)",10,"{(32, 41, 48)}","{('?', '?', 4)}"
"(32, 41, 7, 0)",4,"{(32, 41, 7)}","{('?', '?', 4)}"
"(32, 41, 8, 0)",5,"{(32, 41, 8)}","{('?', '?', 4)}"
"(32, 44, 12, 0)",4,"{(32, 44, 12)}","{('?', '?', 4)}"
"(32, 44, 16, 0)",3,"{(32, 16, 44)}","{('?', '?', 4)}"
"(32, 44, 19, 0)",2,"{(32, 19, 44)}","{(5, '?', 4)}"
"(32, 44, 21, 0)",10,"{(32, 44, 21)}","{('?', '?', 4)}"
"(32, 44, 29, 0)",23,"{(32, 44, 29)}","{('?', '?', 4)}"
"(32, 44, 4, 0)",9,"{(32, 44, 4)}","{('?', '?', 4)}"
"(32, 44, 40, 0)",10,"{(32, 40, 44)}","{('?', '?', 4)}"
"(32, 44, 44, 0)",4,"{(32, 44)}","{('?', '?', 4)}"
"(32, 44, 47, 0)",3,"{(32, 44, 47)}","{(5, '?', 4)}"
"(32, 44, 48, 0)",2,"{(32, 48, 44)}","{('?', '?', 4)}"
"(32, 44, 8, 0)",2,"{(32, 8, 44)}","{('?', 13, 4)}"
"(32, 45, 12, 0)",1,"{(32, 12, 45)}","{(1, 9, 4)}"
"(32, 48, 40, 0)",3,"{(32, 48, 40)}","{('?', '?', '?')}"
"(32, 49, 20, 0)",1,"{(32, 49, 20)}","{(13, 10, 11)}"
"(32, 49, 26, 0)",1,"{(32, 49, 26)}","{(13, 1, 11)}"
"(32, 49, 35, 0)",1,"{(32, 49, 35)}","{(13, 10, 11)}"
"(32, 49, 38, 0)",1,"{(32, 49, 38)}","{(1, 5, 8)}"
"(32, 49, 49, 0)",6,"{(32, 49)}","{('?', '?', 8)}"
"(32, 50, 50, 0)",8,"{(32, 50)}","{(5, '?', 8)}"
"(32, 51, 17, 0)",7,"{(32, 17, 51)}","{('?', '?', '?')}"
"(32, 51, 38, 0)",9,"{(32, 51, 38)}","{('?', '?', 8)}"
"(32, 51, 43, 0)",1,"{(32, 43, 51)}","{(8, 3, '?')}"
"(32, 51, 50, 0)",5,"{(32, 50, 51)}","{('?', '?', 8)}"
"(32, 6, 38, 0)",3,"{(32, 38, 6)}","{('?', '?', '?')}"
"(32, 6, 39, 0)",1,"{(32, 6, 39)}","{(1, 12, 7)}"
"(32, 6, 43, 0)",1,"{(32, 43, 6)}","{(6, 15, 7)}"
"(32, 6, 49, 0)",1,"{(32, 49, 6)}","{('?', 12, 11)}"
"(32, 8, 12, 0)",5,"{(32, 8, 12)}","{('?', '?', 4)}"
"(32, 8, 16, 0)",2,"{(32, 8, 16)}","{(5, '?', 4)}"
"(32, 8, 19, 0)",3,"{(32, 8, 19)}","{('?', '?', 4)}"
"(32, 8, 21, 0)",3,"{(32, 8, 21)}","{('?', '?', 4)}"
"(32, 8, 41, 0)",2,"{(32, 8, 41)}","{('?', 6, 4)}"
"(32, 8, 8, 0)",5,"{(32, 8)}","{('?', '?', 4)}"
"(32, 9, 11, 0)",2,"{(32, 9, 11)}","{('?', 5, 15)}"
"(32, 9, 14, 0)",13,"{(32, 9, 14)}","{('?', '?', 15)}"
"(32, 9, 18, 0)",3,"{(32, 9, 18)}","{('?', 6, 15)}"
"(32, 9, 20, 0)",6,"{(32, 9, 20)}","{('?', '?', 8)}"
"(32, 9, 24, 0)",1,"{(32, 9, 24)}","{(6, 1, 8)}"
"(32, 9, 25, 0)",19,"{(32, 9, 25)}","{('?', '?', 8)}"
"(32, 9, 26, 0)",26,"{(32, 9, 26)}","{('?', '?', 8)}"
"(32, 9, 28, 0)",1,"{(32, 9, 28)}","{(13, 1, 8)}"
"(32, 9, 3, 0)",15,"{(32, 9, 3)}","{('?', '?', 8)}"
"(32, 9, 31, 0)",2,"{(32, 9, 31)}","{(0, '?', 8)}"
"(32, 9, 32, 0)",3,"{(32, 9)}","{('?', '?', 8)}"
"(32, 9, 35, 0)",16,"{(32, 9, 35)}","{('?', '?', 8)}"
"(32, 9, 38, 0)",5,"{(32, 9, 38)}","{('?', '?', 8)}"
"(32, 9, 46, 0)",6,"{(32, 9, 46)}","{('?', '?', 8)}"
"(32, 9, 49, 0)",6,"{(32, 9, 49)}","{('?', '?', 8)}"
"(32, 9, 50, 0)",4,"{(32, 9, 50)}","{('?', '?', 8)}"
"(32, 9, 51, 0)",1,"{(32, 9, 51)}","{(14, 4, 8)}"
"(32, 9, 9, 0)",6,"{(32, 9)}","{('?', '?', 8)}"
"(33, 18, 11, 0)",3,"{(33, 18, 11)}","{(8, '?', 10)}"
"(33, 18, 18, 0)",1,"{(33, 18)}","{(8, 6, 10)}"
"(33, 18, 38, 0)",2,"{(33, 18, 38)}","{('?', 9, 0)}"
"(33, 19, 12, 0)",2,"{(33, 19, 12)}","{(8, '?', 4)}"
"(33, 19, 39, 0)",2,"{(33, 19, 39)}","{(8, '?', '?')}"
"(33, 19, 7, 0)",5,"{(33, 19, 7)}","{(8, '?', '?')}"
"(33, 28, 38, 0)",2,"{(33, 28, 38)}","{('?', '?', 0)}"
"(33, 28, 39, 0)",2,"{(33, 28, 39)}","{(8, '?', 0)}"
"(33, 28, 49, 0)",1,"{(33, 28, 49)}","{(8, 6, 0)}"
"(33, 29, 7, 0)",1,"{(33, 29, 7)}","{(8, 3, 3)}"
"(33, 31, 38, 0)",1,"{(33, 38, 31)}","{(8, 7, 0)}"
"(33, 34, 7, 0)",1,"{(33, 34, 7)}","{(8, 11, 12)}"
"(33, 35, 38, 0)",3,"{(33, 35, 38)}","{('?', '?', 0)}"
"(33, 39, 39, 0)",3,"{(33, 39)}","{(8, '?', '?')}"
"(33, 39, 7, 0)",5,"{(33, 7, 39)}","{(8, '?', '?')}"
"(33, 40, 40, 0)",1,"{(40, 33)}","{(8, 3, 4)}"
"(33, 40, 7, 0)",9,"{(40, 33, 7)}","{(8, '?', '?')}"
"(33, 48, 7, 0)",3,"{(48, 33, 7)}","{(8, '?', '?')}"
"(33, 49, 12, 0)",1,"{(33, 12, 49)}","{(8, 9, 0)}"
"(33, 49, 38, 0)",5,"{(33, 38, 49)}","{(8, '?', 0)}"
"(33, 49, 39, 0)",2,"{(33, 39, 49)}","{(8, '?', 0)}"
"(33, 49, 49, 0)",2,"{(33, 49)}","{(8, '?', 0)}"
"(33, 51, 17, 0)",1,"{(33, 51, 17)}","{(8, 3, '?')}"
"(33, 51, 38, 0)",8,"{(33, 51, 38)}","{('?', '?', 0)}"
"(33, 51, 7, 0)",1,"{(33, 51, 7)}","{(8, 3, '?')}"
"(33, 7, 7, 0)",11,"{(33, 7)}","{(8, '?', '?')}"
"(34, 12, 43, 0)",1,"{(34, 43, 12)}","{(7, 13, 13)}"
"(34, 12, 7, 0)",2,"{(34, 12, 7)}","{('?', '?', 13)}"
"(34, 13, 13, 0)",11,"{(34, 13)}","{(9, '?', '?')}"
"(34, 13, 21, 0)",2,"{(34, 21, 13)}","{(4, '?', 13)}"
"(34, 13, 22, 0)",5,"{(34, 13, 22)}","{(9, '?', '?')}"
"(34, 13, 23, 0)",4,"{(34, 13, 23)}","{('?', '?', '?')}"
"(34, 13, 26, 0)",3,"{(34, 26, 13)}","{(4, '?', '?')}"
"(34, 13, 37, 0)",18,"{(34, 37, 13)}","{('?', '?', 14)}"
"(34, 13, 39, 0)",1,"{(34, 13, 39)}","{(9, 10, 14)}"
"(34, 13, 41, 0)",9,"{(41, 34, 13)}","{(4, '?', '?')}"
"(34, 13, 5, 0)",2,"{(34, 5, 13)}","{(9, '?', '?')}"
"(34, 16, 12, 0)",1,"{(16, 34, 12)}","{('?', 11, 13)}"
"(34, 16, 21, 0)",1,"{(16, 34, 21)}","{(4, 6, 13)}"
"(34, 16, 39, 0)",1,"{(16, 34, 39)}","{('?', 11, 13)}"
"(34, 19, 23, 0)",7,"{(34, 19, 23)}","{('?', '?', '?')}"
"(34, 19, 37, 0)",4,"{(34, 19, 37)}","{('?', '?', 14)}"
"(34, 19, 39, 0)",1,"{(34, 19, 39)}","{('?', 1, 14)}"
"(34, 19, 7, 0)",3,"{(34, 19, 7)}","{('?', '?', '?')}"
"(34, 2, 17, 0)",1,"{(17, 34, 2)}","{(11, 10, 13)}"
"(34, 22, 21, 0)",5,"{(34, 21, 22)}","{(4, '?', '?')}"
"(34, 22, 22, 0)",6,"{(34, 22)}","{(9, '?', '?')}"
"(34, 23, 17, 0)",6,"{(17, 34, 23)}","{('?', '?', 13)}"
"(34, 23, 23, 0)",4,"{(34, 23)}","{('?', '?', 13)}"
"(34, 23, 37, 0)",1,"{(34, 37, 23)}","{(11, 10, 14)}"
"(34, 23, 38, 0)",1,"{(34, 38, 23)}","{(12, 5, 13)}"
"(34, 23, 43, 0)",4,"{(34, 43, 23)}","{('?', '?', '?')}"
"(34, 34, 39, 0)",1,"{(34, 39)}","{('?', 11, 13)}"
"(34, 38, 11, 0)",2,"{(34, 11, 38)}","{('?', '?', 13)}"
"(34, 38, 17, 0)",12,"{(17, 34, 38)}","{('?', '?', 13)}"
"(34, 38, 37, 0)",15,"{(34, 37, 38)}","{('?', '?', 14)}"
"(34, 38, 38, 0)",8,"{(34, 38)}","{('?', '?', 13)}"
"(34, 38, 43, 0)",10,"{(34, 43, 38)}","{('?', '?', 13)}"
"(34, 39, 23, 0)",16,"{(34, 23, 39)}","{('?', '?', '?')}"
"(34, 39, 37, 0)",9,"{(34, 37, 39)}","{('?', '?', 14)}"
"(34, 39, 39, 0)",6,"{(34, 39)}","{('?', '?', '?')}"
"(34, 39, 43, 0)",30,"{(34, 43, 39)}","{('?', '?', 13)}"
"(34, 39, 7, 0)",4,"{(34, 7, 39)}","{('?', '?', '?')}"
"(34, 40, 37, 0)",13,"{(40, 34, 37)}","{('?', '?', 14)}"
"(34, 40, 43, 0)",12,"{(40, 34, 43)}","{('?', '?', 13)}"
"(34, 40, 7, 0)",1,"{(40, 34, 7)}","{('?', 9, 14)}"
"(34, 41, 16, 0)",4,"{(16, 41, 34)}","{('?', 0, '?')}"
"(34, 41, 41, 0)",1,"{(41, 34)}","{(4, 1, 14)}"
"(34, 43, 37, 0)",4,"{(34, 43, 37)}","{('?', 12, 5)}"
"(34, 43, 43, 0)",3,"{(34, 43)}","{('?', '?', '?')}"
"(34, 45, 12, 0)",1,"{(34, 12, 45)}","{('?', 0, 13)}"
"(34, 45, 16, 0)",1,"{(16, 34, 45)}","{(8, 0, 14)}"
"(34, 45, 23, 0)",14,"{(34, 45, 23)}","{('?', '?', '?')}"
"(34, 45, 37, 0)",2,"{(34, 37, 45)}","{('?', '?', 14)}"
"(34, 46, 17, 0)",5,"{(17, 34, 46)}","{('?', '?', 13)}"
"(34, 46, 23, 0)",1,"{(34, 46, 23)}","{(12, 10, 14)}"
"(34, 46, 37, 0)",8,"{(34, 37, 46)}","{('?', '?', 14)}"
"(34, 5, 12, 0)",4,"{(34, 12, 5)}","{('?', '?', '?')}"
"(34, 5, 16, 0)",1,"{(16, 34, 5)}","{(1, 0, 13)}"
"(34, 5, 21, 0)",5,"{(34, 21, 5)}","{('?', '?', '?')}"
"(34, 5, 23, 0)",4,"{(34, 5, 23)}","{('?', 0, '?')}"
"(34, 5, 37, 0)",5,"{(34, 37, 5)}","{('?', '?', 14)}"
"(34, 5, 39, 0)",1,"{(34, 5, 39)}","{(8, 0, 13)}"
"(34, 5, 41, 0)",4,"{(41, 34, 5)}","{(4, '?', '?')}"
"(34, 5, 5, 0)",3,"{(34, 5)}","{(9, '?', '?')}"
"(34, 7, 37, 0)",30,"{(34, 37, 7)}","{('?', '?', 14)}"
"(34, 7, 39, 0)",1,"{(34, 39, 7)}","{('?', 12, 14)}"
"(34, 7, 43, 0)",1,"{(34, 43, 7)}","{(15, 11, 13)}"
"(34, 7, 7, 0)",2,"{(34, 7)}","{('?', 12, '?')}"
"(35, 11, 11, 0)",2,"{(11, 35)}","{(8, '?', 10)}"
"(35, 11, 17, 0)",1,"{(11, 17, 35)}","{(8, 5, 10)}"
"(35, 14, 51, 0)",5,"{(51, 35, 14)}","{(8, '?', 1)}"
"(35, 16, 12, 0)",2,"{(16, 35, 12)}","{('?', 12, '?')}"
"(35, 16, 16, 0)",1,"{(16, 35)}","{(5, 12, 9)}"
"(35, 16, 7, 0)",1,"{(16, 35, 7)}","{(8, 12, 9)}"
"(35, 18, 11, 0)",3,"{(11, 18, 35)}","{(8, '?', 10)}"
"(35, 18, 18, 0)",5,"{(18, 35)}","{('?', '?', '?')}"
"(35, 18, 24, 0)",1,"{(24, 18, 35)}","{(8, 11, 1)}"
"(35, 18, 30, 0)",1,"{(18, 35, 30)}","{(8, 11, 1)}"
"(35, 18, 38, 0)",2,"{(18, 35, 38)}","{(8, '?', '?')}"
"(35, 18, 49, 0)",10,"{(49, 18, 35)}","{(8, '?', '?')}"
"(35, 18, 51, 0)",7,"{(51, 18, 35)}","{(8, '?', 1)}"
"(35, 21, 21, 0)",7,"{(35, 21)}","{('?', '?', '?')}"
"(35, 21, 26, 0)",1,"{(26, 35, 21)}","{(13, 12, 9)}"
"(35, 25, 12, 0)",4,"{(25, 35, 12)}","{('?', '?', 6)}"
"(35, 25, 16, 0)",4,"{(16, 25, 35)}","{('?', '?', 6)}"
"(35, 25, 19, 0)",2,"{(19, 25, 35)}","{('?', '?', 6)}"
"(35, 25, 21, 0)",9,"{(25, 35, 21)}","{('?', '?', 6)}"
"(35, 25, 26, 0)",2,"{(25, 26, 35)}","{('?', 11, 6)}"
"(35, 25, 44, 0)",1,"{(25, 35, 44)}","{(0, 5, 6)}"
"(35, 25, 8, 0)",7,"{(8, 25, 35)}","{('?', '?', 6)}"
"(35, 29, 12, 0)",3,"{(35, 12, 29)}","{(6, '?', 12)}"
"(35, 29, 16, 0)",6,"{(16, 35, 29)}","{('?', '?', 12)}"
"(35, 29, 21, 0)",11,"{(21, 35, 29)}","{('?', '?', 12)}"
"(35, 29, 8, 0)",3,"{(8, 35, 29)}","{('?', 13, 12)}"
"(35, 33, 39, 0)",1,"{(33, 35, 39)}","{(8, 10, 6)}"
"(35, 33, 7, 0)",2,"{(33, 35, 7)}","{(8, '?', 6)}"
"(35, 35, 11, 0)",1,"{(11, 35)}","{(8, 12, 10)}"
"(35, 35, 20, 0)",1,"{(35, 20)}","{(13, 10, 1)}"
"(35, 35, 35, 0)",2,"{(35,)}","{(13, '?', 1)}"
"(35, 35, 38, 0)",2,"{(35, 38)}","{(6, '?', 1)}"
"(35, 35, 49, 0)",1,"{(49, 35)}","{(8, 6, 1)}"
"(35, 41, 12, 0)",2,"{(41, 35, 12)}","{('?', '?', 9)}"
"(35, 41, 16, 0)",2,"{(16, 41, 35)}","{('?', 10, 9)}"
"(35, 41, 19, 0)",1,"{(19, 41, 35)}","{(5, 13, 9)}"
"(35, 41, 21, 0)",3,"{(41, 35, 21)}","{('?', '?', 9)}"
"(35, 41, 26, 0)",3,"{(41, 26, 35)}","{('?', '?', 9)}"
"(35, 41, 8, 0)",1,"{(8, 41, 35)}","{(0, 13, 9)}"
"(35, 44, 12, 0)",3,"{(35, 44, 12)}","{('?', '?', 9)}"
"(35, 44, 16, 0)",7,"{(16, 35, 44)}","{('?', '?', 9)}"
"(35, 44, 19, 0)",1,"{(19, 35, 44)}","{(5, 13, 9)}"
"(35, 44, 21, 0)",12,"{(35, 44, 21)}","{('?', '?', 9)}"
"(35, 44, 41, 0)",3,"{(41, 35, 44)}","{('?', '?', 9)}"
"(35, 44, 8, 0)",4,"{(8, 35, 44)}","{('?', '?', 9)}"
"(35, 49, 39, 0)",1,"{(49, 35, 39)}","{(8, 10, 6)}"
"(35, 8, 7, 0)",1,"{(8, 35, 7)}","{(8, 12, 9)}"
"(35, 8, 8, 0)",1,"{(8, 35)}","{(14, 6, 9)}"
"(37, 37, 37, 0)",22,"{(37,)}","{('?', '?', 3)}"
"(38, 23, 23, 0)",9,"{(38, 23)}","{('?', '?', 4)}"
"(38, 23, 37, 0)",11,"{(37, 38, 23)}","{('?', '?', 4)}"
"(38, 23, 43, 0)",9,"{(43, 38, 23)}","{('?', '?', 4)}"
"(38, 37, 37, 0)",10,"{(37, 38)}","{('?', '?', 4)}"
"(38, 38, 17, 0)",1,"{(17, 38)}","{(15, 8, 8)}"
"(38, 38, 37, 0)",23,"{(37, 38)}","{('?', '?', 11)}"
"(38, 39, 23, 0)",9,"{(23, 38, 39)}","{('?', '?', 4)}"
"(38, 39, 43, 0)",9,"{(43, 38, 39)}","{('?', '?', 4)}"
"(38, 43, 37, 0)",18,"{(43, 37, 38)}","{('?', '?', 4)}"
"(38, 43, 43, 0)",15,"{(43, 38)}","{('?', '?', 4)}"
"(38, 48, 40, 0)",1,"{(48, 40, 38)}","{('?', 4, 4)}"
"(38, 48, 7, 0)",1,"{(48, 38, 7)}","{('?', 4, 4)}"
"(38, 50, 37, 0)",14,"{(50, 37, 38)}","{('?', '?', 11)}"
"(38, 7, 43, 0)",25,"{(43, 38, 7)}","{('?', '?', 4)}"
"(39, 39, 43, 0)",1,"{(43, 39)}","{(10, 6, 2)}"
"(4, 13, 13, 0)",15,"{(4, 13)}","{(9, '?', '?')}"
"(4, 13, 15, 0)",2,"{(4, 13, 15)}","{(9, '?', '?')}"
"(4, 13, 2, 0)",1,"{(2, 4, 13)}","{(11, 14, 14)}"
"(4, 13, 22, 0)",2,"{(4, 13, 22)}","{(9, '?', '?')}"
"(4, 13, 23, 0)",3,"{(4, 13, 23)}","{('?', '?', 14)}"
"(4, 13, 37, 0)",13,"{(37, 4, 13)}","{('?', '?', 14)}"
"(4, 13, 39, 0)",1,"{(4, 13, 39)}","{(9, 2, 13)}"
"(4, 13, 4, 0)",1,"{(4, 13)}","{(9, 3, 14)}"
"(4, 13, 41, 0)",15,"{(41, 4, 13)}","{(4, '?', '?')}"
"(4, 13, 8, 0)",1,"{(8, 4, 13)}","{(4, 1, 13)}"
"(4, 15, 13, 0)",1,"{(4, 13, 15)}","{(9, 4, 13)}"
"(4, 15, 15, 0)",2,"{(4, 15)}","{(9, '?', '?')}"
"(4, 15, 29, 0)",2,"{(4, 29, 15)}","{(4, '?', '?')}"
"(4, 15, 4, 0)",3,"{(4, 15)}","{('?', '?', '?')}"
"(4, 15, 41, 0)",2,"{(41, 4, 15)}","{(4, '?', '?')}"
"(4, 15, 44, 0)",2,"{(4, 44, 15)}","{(4, '?', 13)}"
"(4, 19, 12, 0)",1,"{(19, 4, 12)}","{('?', 0, 14)}"
"(4, 19, 19, 0)",1,"{(19, 4)}","{('?', 1, 14)}"
"(4, 19, 21, 0)",4,"{(19, 4, 21)}","{(4, '?', '?')}"
"(4, 19, 22, 0)",3,"{(19, 4, 22)}","{(9, '?', '?')}"
"(4, 19, 23, 0)",2,"{(19, 4, 23)}","{(11, '?', 13)}"
"(4, 19, 39, 0)",4,"{(19, 4, 39)}","{('?', '?', '?')}"
"(4, 19, 7, 0)",4,"{(19, 4, 7)}","{('?', '?', '?')}"
"(4, 19, 8, 0)",4,"{(8, 19, 4)}","{('?', '?', '?')}"
"(4, 22, 21, 0)",1,"{(4, 21, 22)}","{(4, 9, 14)}"
"(4, 22, 22, 0)",1,"{(4, 22)}","{(9, 9, 14)}"
"(4, 22, 44, 0)",1,"{(4, 22, 44)}","{(4, 9, 14)}"
"(4, 23, 17, 0)",4,"{(17, 4, 23)}","{('?', '?', 13)}"
"(4, 23, 23, 0)",3,"{(4, 23)}","{('?', '?', '?')}"
"(4, 23, 37, 0)",8,"{(4, 37, 23)}","{('?', '?', 14)}"
"(4, 23, 43, 0)",6,"{(43, 4, 23)}","{('?', '?', 13)}"
"(4, 37, 17, 0)",1,"{(17, 4, 37)}","{(10, 3, 13)}"
"(4, 37, 37, 0)",20,"{(4, 37)}","{('?', '?', 14)}"
"(4, 37, 43, 0)",1,"{(43, 4, 37)}","{(15, 14, 13)}"
"(4, 39, 23, 0)",11,"{(4, 23, 39)}","{('?', '?', '?')}"
"(4, 39, 37, 0)",1,"{(4, 37, 39)}","{(11, 8, 14)}"
"(4, 39, 39, 0)",5,"{(4, 39)}","{('?', '?', 13)}"
"(4, 39, 43, 0)",22,"{(43, 4, 39)}","{('?', '?', 13)}"
"(4, 39, 7, 0)",8,"{(4, 7, 39)}","{('?', '?', 13)}"
"(4, 4, 29, 0)",10,"{(4, 29)}","{(4, '?', '?')}"
"(4, 4, 4, 0)",10,"{(4,)}","{(9, '?', '?')}"
"(4, 4, 41, 0)",1,"{(41, 4)}","{(4, 15, 14)}"
"(4, 4, 44, 0)",3,"{(4, 44)}","{(4, '?', '?')}"
"(4, 40, 37, 0)",4,"{(40, 4, 37)}","{('?', '?', 14)}"
"(4, 40, 43, 0)",6,"{(40, 43, 4)}","{('?', '?', 13)}"
"(4, 40, 7, 0)",1,"{(40, 4, 7)}","{(8, 7, 13)}"
"(4, 41, 16, 0)",5,"{(16, 41, 4)}","{('?', 0, '?')}"
"(4, 41, 21, 0)",1,"{(41, 4, 21)}","{(13, 0, 14)}"
"(4, 41, 4, 0)",1,"{(41, 4)}","{(5, 7, 13)}"
"(4, 41, 40, 0)",1,"{(40, 41, 4)}","{(5, 14, 13)}"
"(4, 41, 41, 0)",8,"{(41, 4)}","{('?', '?', '?')}"
"(4, 41, 44, 0)",4,"{(41, 4, 44)}","{('?', 0, '?')}"
"(4, 41, 47, 0)",1,"{(41, 4, 47)}","{(5, 7, 13)}"
"(4, 41, 7, 0)",1,"{(41, 4, 7)}","{(5, 14, 13)}"
"(4, 43, 17, 0)",9,"{(17, 43, 4)}","{('?', '?', 13)}"
"(4, 43, 37, 0)",2,"{(43, 4, 37)}","{('?', 2, 5)}"
"(4, 43, 43, 0)",8,"{(43, 4)}","{('?', '?', 13)}"
"(4, 44, 16, 0)",4,"{(16, 4, 44)}","{('?', 0, '?')}"
"(4, 44, 29, 0)",1,"{(4, 29, 44)}","{(0, 7, 13)}"
"(4, 44, 4, 0)",1,"{(4, 44)}","{(5, 15, 14)}"
"(4, 44, 44, 0)",7,"{(4, 44)}","{('?', 0, '?')}"
"(4, 44, 8, 0)",1,"{(8, 4, 44)}","{(14, 0, 14)}"
"(4, 45, 16, 0)",1,"{(16, 4, 45)}","{(1, 0, 13)}"
"(4, 45, 21, 0)",2,"{(21, 4, 45)}","{(4, 0, '?')}"
"(4, 45, 23, 0)",4,"{(4, 45, 23)}","{('?', 0, 13)}"
"(4, 46, 17, 0)",5,"{(17, 4, 46)}","{('?', '?', 13)}"
"(4, 46, 23, 0)",2,"{(4, 46, 23)}","{(11, '?', '?')}"
"(4, 46, 37, 0)",10,"{(4, 37, 46)}","{('?', '?', 14)}"
"(4, 48, 13, 0)",1,"{(48, 4, 13)}","{(9, 2, 13)}"
"(4, 48, 15, 0)",2,"{(48, 4, 15)}","{(9, '?', 13)}"
"(4, 48, 22, 0)",1,"{(48, 4, 22)}","{(9, 7, 13)}"
"(4, 48, 29, 0)",1,"{(48, 4, 29)}","{(4, 2, 13)}"
"(4, 48, 4, 0)",1,"{(48, 4)}","{(9, 15, 13)}"
"(4, 48, 41, 0)",4,"{(48, 41, 4)}","{(4, '?', 13)}"
"(4, 48, 44, 0)",2,"{(48, 4, 44)}","{(4, '?', 13)}"
"(4, 5, 12, 0)",4,"{(12, 4, 5)}","{('?', 0, '?')}"
"(4, 5, 21, 0)",4,"{(21, 4, 5)}","{('?', '?', '?')}"
"(4, 5, 41, 0)",3,"{(41, 4, 5)}","{(4, '?', '?')}"
"(4, 5, 5, 0)",2,"{(4, 5)}","{(9, 0, '?')}"
"(4, 7, 11, 0)",1,"{(11, 4, 7)}","{(7, 7, 13)}"
"(4, 7, 43, 0)",14,"{(43, 4, 7)}","{('?', '?', 13)}"
"(4, 7, 7, 0)",15,"{(4, 7)}","{('?', '?', '?')}"
"(4, 8, 8, 0)",2,"{(8, 4)}","{('?', '?', 14)}"
"(41, 12, 12, 0)",2,"{(41, 12)}","{(1, '?', 2)}"
"(41, 16, 16, 0)",5,"{(16, 41)}","{('?', '?', 2)}"
"(41, 16, 39, 0)",1,"{(16, 41, 39)}","{(1, 10, 2)}"
"(41, 21, 12, 0)",2,"{(41, 12, 21)}","{(6, '?', 2)}"
"(41, 21, 16, 0)",2,"{(16, 41, 21)}","{('?', '?', 2)}"
"(41, 21, 21, 0)",8,"{(41, 21)}","{('?', '?', 2)}"
"(41, 21, 26, 0)",6,"{(41, 26, 21)}","{('?', '?', 2)}"
"(41, 21, 41, 0)",5,"{(41, 21)}","{('?', '?', 2)}"
"(41, 21, 8, 0)",1,"{(8, 41, 21)}","{(13, 12, 2)}"
"(41, 29, 29, 0)",9,"{(41, 29)}","{('?', '?', 2)}"
"(41, 29, 41, 0)",1,"{(41, 29)}","{(3, 8, 2)}"
"(41, 39, 7, 0)",3,"{(41, 7, 39)}","{(8, '?', 2)}"
"(41, 40, 40, 0)",3,"{(40, 41)}","{('?', '?', 2)}"
"(41, 41, 12, 0)",10,"{(41, 12)}","{('?', '?', 2)}"
"(41, 41, 16, 0)",6,"{(16, 41)}","{('?', '?', 2)}"
"(41, 41, 19, 0)",4,"{(41, 19)}","{('?', '?', 2)}"
"(41, 41, 21, 0)",4,"{(41, 21)}","{('?', '?', 2)}"
"(41, 41, 26, 0)",3,"{(41, 26)}","{('?', '?', 2)}"
"(41, 41, 29, 0)",23,"{(41, 29)}","{('?', '?', 2)}"
"(41, 41, 4, 0)",7,"{(41, 4)}","{('?', '?', 2)}"
"(41, 41, 40, 0)",13,"{(40, 41)}","{('?', '?', 2)}"
"(41, 41, 41, 0)",15,"{(41,)}","{('?', '?', 2)}"
"(41, 41, 47, 0)",3,"{(41, 47)}","{(5, '?', 2)}"
"(41, 41, 48, 0)",2,"{(48, 41)}","{('?', 3, 2)}"
"(41, 41, 8, 0)",8,"{(8, 41)}","{('?', '?', 2)}"
"(41, 44, 29, 0)",6,"{(41, 44, 29)}","{('?', '?', 2)}"
"(41, 44, 4, 0)",1,"{(41, 44, 4)}","{(14, 3, 2)}"
"(41, 48, 4, 0)",1,"{(48, 41, 4)}","{(5, 14, 2)}"
"(41, 48, 40, 0)",1,"{(48, 41, 40)}","{(6, 14, 2)}"
"(41, 48, 48, 0)",3,"{(48, 41)}","{(5, '?', 2)}"
"(41, 48, 7, 0)",1,"{(48, 41, 7)}","{(6, 3, 2)}"
"(41, 7, 7, 0)",4,"{(41, 7)}","{(8, '?', 2)}"
"(41, 8, 12, 0)",2,"{(8, 41, 12)}","{('?', '?', 2)}"
"(41, 8, 8, 0)",1,"{(8, 41)}","{(3, 6, 2)}"
"(42, 13, 13, 0)",7,"{(42, 13)}","{(9, '?', '?')}"
"(42, 13, 22, 0)",1,"{(42, 13, 22)}","{(9, 5, 4)}"
"(42, 13, 41, 0)",3,"{(41, 42, 13)}","{(4, '?', 4)}"
"(42, 16, 12, 0)",1,"{(16, 42, 12)}","{('?', 0, 4)}"
"(42, 16, 13, 0)",1,"{(16, 42, 13)}","{(9, 10, 4)}"
"(42, 16, 21, 0)",1,"{(16, 42, 21)}","{(4, 6, 4)}"
"(42, 16, 22, 0)",2,"{(16, 42, 22)}","{(9, '?', 4)}"
"(42, 16, 39, 0)",1,"{(16, 42, 39)}","{('?', 11, 4)}"
"(42, 16, 41, 0)",1,"{(16, 41, 42)}","{(4, 6, 4)}"
"(42, 19, 12, 0)",1,"{(42, 19, 12)}","{(8, 12, 4)}"
"(42, 19, 13, 0)",2,"{(42, 19, 13)}","{(9, '?', 4)}"
"(42, 19, 21, 0)",4,"{(42, 19, 21)}","{(4, '?', 4)}"
"(42, 19, 22, 0)",3,"{(42, 19, 22)}","{(9, '?', 4)}"
"(42, 19, 39, 0)",4,"{(42, 19, 39)}","{('?', '?', 4)}"
"(42, 19, 41, 0)",4,"{(41, 42, 19)}","{('?', '?', 4)}"
"(42, 19, 44, 0)",1,"{(42, 19, 44)}","{(4, 1, 4)}"
"(42, 19, 5, 0)",1,"{(42, 19, 5)}","{(13, 6, 4)}"
"(42, 19, 7, 0)",4,"{(42, 19, 7)}","{('?', '?', 4)}"
"(42, 22, 22, 0)",1,"{(42, 22)}","{(9, 5, 4)}"
"(42, 23, 23, 0)",9,"{(42, 23)}","{('?', '?', 4)}"
"(42, 23, 37, 0)",5,"{(42, 37, 23)}","{('?', '?', 4)}"
"(42, 23, 43, 0)",2,"{(42, 43, 23)}","{(12, '?', 4)}"
"(42, 29, 12, 0)",2,"{(42, 12, 29)}","{(8, '?', 3)}"
"(42, 29, 29, 0)",2,"{(42, 29)}","{('?', '?', 3)}"
"(42, 29, 39, 0)",13,"{(42, 29, 39)}","{(8, '?', 3)}"
"(42, 29, 40, 0)",3,"{(40, 42, 29)}","{(8, '?', 3)}"
"(42, 29, 7, 0)",7,"{(42, 29, 7)}","{(8, '?', 3)}"
"(42, 31, 23, 0)",1,"{(42, 23, 31)}","{(11, 11, 11)}"
"(42, 34, 12, 0)",3,"{(42, 34, 12)}","{('?', '?', 3)}"
"(42, 34, 13, 0)",8,"{(42, 34, 13)}","{(9, '?', 3)}"
"(42, 34, 19, 0)",2,"{(42, 19, 34)}","{('?', '?', 3)}"
"(42, 34, 21, 0)",6,"{(42, 34, 21)}","{(4, '?', 3)}"
"(42, 34, 22, 0)",4,"{(42, 34, 22)}","{(9, '?', 3)}"
"(42, 34, 26, 0)",1,"{(42, 26, 34)}","{(4, 10, 3)}"
"(42, 34, 39, 0)",4,"{(42, 34, 39)}","{('?', '?', 3)}"
"(42, 34, 41, 0)",8,"{(41, 42, 34)}","{(4, '?', 3)}"
"(42, 34, 44, 0)",2,"{(42, 34, 44)}","{(4, '?', 3)}"
"(42, 34, 5, 0)",1,"{(42, 34, 5)}","{(9, 11, 3)}"
"(42, 34, 7, 0)",3,"{(42, 34, 7)}","{('?', '?', 3)}"
"(42, 34, 8, 0)",1,"{(8, 42, 34)}","{(4, 6, 3)}"
"(42, 37, 37, 0)",15,"{(42, 37)}","{('?', '?', 3)}"
"(42, 39, 23, 0)",14,"{(42, 23, 39)}","{('?', '?', 4)}"
"(42, 39, 39, 0)",4,"{(42, 39)}","{('?', '?', 4)}"
"(42, 39, 43, 0)",26,"{(42, 43, 39)}","{('?', '?', 4)}"
"(42, 39, 7, 0)",1,"{(42, 7, 39)}","{('?', 1, 4)}"
"(42, 4, 13, 0)",6,"{(42, 4, 13)}","{(9, '?', 3)}"
"(42, 4, 22, 0)",1,"{(42, 4, 22)}","{(9, 15, 3)}"
"(42, 4, 29, 0)",5,"{(42, 4, 29)}","{(4, '?', 3)}"
"(42, 4, 4, 0)",5,"{(42, 4)}","{('?', '?', 3)}"
"(42, 4, 40, 0)",1,"{(40, 42, 4)}","{('?', 14, 3)}"
"(42, 4, 41, 0)",7,"{(41, 42, 4)}","{(4, '?', 3)}"
"(42, 4, 44, 0)",2,"{(42, 4, 44)}","{(4, '?', 3)}"
"(42, 4, 7, 0)",5,"{(42, 4, 7)}","{('?', '?', 3)}"
"(42, 40, 37, 0)",14,"{(40, 42, 37)}","{('?', '?', 3)}"
"(42, 41, 16, 0)",2,"{(16, 41, 42)}","{('?', 0, 4)}"
"(42, 41, 21, 0)",3,"{(41, 42, 21)}","{('?', 0, 4)}"
"(42, 41, 26, 0)",1,"{(41, 42, 26)}","{(0, 0, 4)}"
"(42, 41, 41, 0)",3,"{(41, 42)}","{('?', 0, 4)}"
"(42, 41, 7, 0)",2,"{(41, 42, 7)}","{(8, '?', 4)}"
"(42, 43, 37, 0)",14,"{(42, 43, 37)}","{('?', '?', 4)}"
"(42, 43, 43, 0)",19,"{(42, 43)}","{('?', '?', 4)}"
"(42, 45, 23, 0)",7,"{(42, 45, 23)}","{('?', '?', 4)}"
"(42, 45, 37, 0)",1,"{(42, 37, 45)}","{(2, 1, 4)}"
"(42, 45, 43, 0)",4,"{(42, 43, 45)}","{('?', '?', 4)}"
"(42, 45, 5, 0)",1,"{(42, 5, 45)}","{(9, 11, 4)}"
"(42, 48, 13, 0)",8,"{(48, 42, 13)}","{(9, '?', 4)}"
"(42, 48, 15, 0)",3,"{(48, 42, 15)}","{(9, '?', 4)}"
"(42, 48, 39, 0)",1,"{(48, 42, 39)}","{('?', 7, 4)}"
"(42, 48, 41, 0)",7,"{(48, 41, 42)}","{(4, '?', 4)}"
"(42, 48, 44, 0)",1,"{(48, 42, 44)}","{(4, 15, 4)}"
"(42, 48, 48, 0)",1,"{(48, 42)}","{(9, 15, 4)}"
"(42, 48, 7, 0)",3,"{(48, 42, 7)}","{('?', '?', 4)}"
"(42, 49, 43, 0)",1,"{(49, 42, 43)}","{(7, 11, 11)}"
"(42, 5, 12, 0)",3,"{(42, 12, 5)}","{('?', '?', 4)}"
"(42, 5, 13, 0)",2,"{(42, 13, 5)}","{(9, '?', 4)}"
"(42, 5, 23, 0)",4,"{(42, 5, 23)}","{('?', 0, 4)}"
"(42, 5, 41, 0)",2,"{(41, 42, 5)}","{(4, '?', 4)}"
"(42, 5, 5, 0)",1,"{(42, 5)}","{(9, 11, 4)}"
"(42, 50, 23, 0)",1,"{(42, 50, 23)}","{(11, 6, 11)}"
"(42, 7, 37, 0)",26,"{(42, 37, 7)}","{('?', '?', 3)}"
"(42, 7, 7, 0)",11,"{(42, 7)}","{('?', '?', '?')}"
"(42, 8, 12, 0)",3,"{(8, 42, 12)}","{(8, '?', 4)}"
"(42, 8, 19, 0)",1,"{(8, 42, 19)}","{(8, 6, 4)}"
"(42, 8, 39, 0)",6,"{(8, 42, 39)}","{(8, '?', 4)}"
"(42, 8, 41, 0)",1,"{(8, 41, 42)}","{(4, 6, 4)}"
"(43, 37, 37, 0)",26,"{(43, 37)}","{('?', '?', 3)}"
"(43, 40, 37, 0)",1,"{(40, 43, 37)}","{(15, 9, 3)}"
"(43, 43, 37, 0)",5,"{(43, 37)}","{('?', '?', 3)}"
"(43, 43, 43, 0)",1,"{(43,)}","{(15, 9, '?')}"
"(43, 7, 37, 0)",27,"{(43, 37, 7)}","{('?', '?', 3)}"
"(44, 12, 12, 0)",3,"{(44, 12)}","{('?', '?', 2)}"
"(44, 16, 12, 0)",3,"{(16, 44, 12)}","{('?', '?', 2)}"
"(44, 16, 16, 0)",4,"{(16, 44)}","{('?', '?', 2)}"
"(44, 16, 39, 0)",1,"{(16, 44, 39)}","{(1, 10, 2)}"
"(44, 19, 12, 0)",1,"{(19, 44, 12)}","{(6, 13, 2)}"
"(44, 19, 19, 0)",2,"{(19, 44)}","{('?', 1, 2)}"
"(44, 21, 12, 0)",5,"{(12, 44, 21)}","{('?', '?', 2)}"
"(44, 21, 16, 0)",4,"{(16, 44, 21)}","{('?', '?', 2)}"
"(44, 21, 21, 0)",12,"{(44, 21)}","{('?', '?', 2)}"
"(44, 21, 39, 0)",1,"{(44, 21, 39)}","{(6, 10, 2)}"
"(44, 21, 44, 0)",1,"{(44, 21)}","{(3, 12, 2)}"
"(44, 29, 12, 0)",3,"{(12, 44, 29)}","{('?', '?', 2)}"
"(44, 29, 16, 0)",1,"{(16, 44, 29)}","{(5, 11, 2)}"
"(44, 29, 19, 0)",4,"{(19, 44, 29)}","{('?', '?', 2)}"
"(44, 29, 21, 0)",1,"{(21, 44, 29)}","{(0, 12, 2)}"
"(44, 29, 29, 0)",17,"{(44, 29)}","{('?', '?', 2)}"
"(44, 29, 4, 0)",6,"{(4, 44, 29)}","{('?', '?', 2)}"
"(44, 29, 44, 0)",8,"{(44, 29)}","{('?', '?', 2)}"
"(44, 29, 8, 0)",3,"{(8, 44, 29)}","{('?', '?', 2)}"
"(44, 39, 7, 0)",1,"{(44, 7, 39)}","{(8, '?', 2)}"
"(44, 4, 4, 0)",2,"{(44, 4)}","{(5, '?', 2)}"
"(44, 40, 12, 0)",1,"{(40, 44, 12)}","{(1, 9, 2)}"
"(44, 40, 40, 0)",13,"{(40, 44)}","{('?', '?', 2)}"
"(44, 40, 7, 0)",4,"{(40, 44, 7)}","{(8, '?', 2)}"
"(44, 41, 12, 0)",9,"{(41, 44, 12)}","{('?', '?', 2)}"
"(44, 41, 16, 0)",4,"{(16, 41, 44)}","{('?', '?', 2)}"
"(44, 41, 19, 0)",5,"{(41, 19, 44)}","{('?', '?', 2)}"
"(44, 41, 21, 0)",2,"{(41, 44, 21)}","{(13, '?', 2)}"
"(44, 41, 29, 0)",2,"{(41, 44, 29)}","{('?', '?', 2)}"
"(44, 41, 40, 0)",1,"{(40, 41, 44)}","{(6, 4, 2)}"
"(44, 41, 41, 0)",1,"{(41, 44)}","{(0, 1, 2)}"
"(44, 41, 44, 0)",4,"{(41, 44)}","{('?', '?', 2)}"
"(44, 41, 47, 0)",1,"{(41, 44, 47)}","{(5, 7, 2)}"
"(44, 41, 8, 0)",2,"{(8, 41, 44)}","{('?', 13, 2)}"
"(44, 44, 19, 0)",1,"{(19, 44)}","{(5, 9, 2)}"
"(44, 44, 29, 0)",12,"{(44, 29)}","{('?', '?', 2)}"
"(44, 44, 4, 0)",7,"{(44, 4)}","{('?', '?', 2)}"
"(44, 44, 40, 0)",1,"{(40, 44)}","{(6, 14, 2)}"
"(44, 44, 44, 0)",2,"{(44,)}","{('?', '?', 2)}"
"(44, 48, 47, 0)",1,"{(48, 44, 47)}","{(5, 8, 2)}"
"(44, 7, 7, 0)",4,"{(44, 7)}","{(8, '?', 2)}"
"(44, 8, 12, 0)",6,"{(8, 44, 12)}","{('?', '?', 2)}"
"(44, 8, 16, 0)",3,"{(8, 16, 44)}","{(5, '?', 2)}"
"(44, 8, 19, 0)",6,"{(8, 19, 44)}","{('?', '?', 2)}"
"(44, 8, 8, 0)",5,"{(8, 44)}","{('?', '?', 2)}"
"(45, 19, 12, 0)",1,"{(19, 12, 45)}","{('?', 1, 5)}"
"(45, 22, 21, 0)",1,"{(21, 45, 22)}","{(4, 1, 5)}"
"(45, 23, 23, 0)",3,"{(45, 23)}","{('?', '?', 5)}"
"(45, 23, 37, 0)",7,"{(37, 45, 23)}","{('?', '?', '?')}"
"(45, 23, 43, 0)",3,"{(43, 45, 23)}","{('?', '?', 5)}"
"(45, 29, 16, 0)",1,"{(16, 29, 45)}","{(6, 0, 5)}"
"(45, 29, 44, 0)",1,"{(29, 44, 45)}","{(14, 0, 5)}"
"(45, 34, 12, 0)",2,"{(34, 12, 45)}","{('?', '?', 5)}"
"(45, 4, 23, 0)",1,"{(4, 45, 23)}","{(2, 0, 5)}"
"(45, 43, 37, 0)",13,"{(37, 43, 45)}","{('?', '?', 5)}"
"(45, 43, 43, 0)",14,"{(43, 45)}","{('?', '?', 5)}"
"(45, 44, 16, 0)",1,"{(16, 44, 45)}","{(6, 0, 5)}"
"(45, 45, 12, 0)",2,"{(12, 45)}","{('?', '?', 5)}"
"(45, 45, 23, 0)",5,"{(45, 23)}","{('?', 0, 5)}"
"(46, 1, 23, 0)",2,"{(1, 46, 23)}","{('?', 0, 8)}"
"(46, 1, 30, 0)",4,"{(1, 46, 30)}","{('?', 0, 8)}"
"(46, 20, 30, 0)",1,"{(20, 46, 30)}","{(1, 0, 8)}"
"(46, 23, 37, 0)",3,"{(37, 46, 23)}","{('?', '?', 4)}"
"(46, 28, 24, 0)",1,"{(24, 28, 46)}","{(11, 0, 8)}"
"(46, 28, 30, 0)",2,"{(28, 46, 30)}","{('?', 0, 8)}"
"(46, 34, 16, 0)",1,"{(16, 34, 46)}","{(8, 0, 3)}"
"(46, 34, 21, 0)",2,"{(34, 21, 46)}","{('?', 0, 3)}"
"(46, 34, 37, 0)",7,"{(34, 37, 46)}","{('?', '?', 3)}"
"(46, 34, 41, 0)",1,"{(41, 34, 46)}","{(4, 11, 3)}"
"(46, 34, 44, 0)",1,"{(34, 44, 46)}","{(4, 13, 3)}"
"(46, 34, 5, 0)",1,"{(34, 5, 46)}","{(9, 0, 3)}"
"(46, 34, 8, 0)",1,"{(8, 34, 46)}","{(4, 13, 3)}"
"(46, 37, 37, 0)",12,"{(37, 46)}","{('?', '?', 3)}"
"(46, 41, 16, 0)",3,"{(16, 41, 46)}","{('?', 0, 3)}"
"(46, 41, 26, 0)",4,"{(41, 26, 46)}","{('?', 0, 3)}"
"(46, 41, 41, 0)",3,"{(41, 46)}","{('?', 0, 3)}"
"(46, 41, 44, 0)",3,"{(41, 44, 46)}","{('?', 0, 3)}"
"(46, 44, 16, 0)",1,"{(16, 44, 46)}","{(6, 0, 3)}"
"(46, 44, 44, 0)",2,"{(44, 46)}","{('?', 0, 3)}"
"(46, 45, 23, 0)",6,"{(45, 46, 23)}","{('?', '?', '?')}"
"(46, 45, 37, 0)",7,"{(37, 45, 46)}","{('?', '?', 3)}"
"(46, 46, 37, 0)",10,"{(37, 46)}","{('?', '?', 3)}"
"(46, 49, 30, 0)",1,"{(49, 46, 30)}","{(1, 0, 8)}"
"(46, 5, 12, 0)",3,"{(12, 5, 46)}","{('?', 0, 3)}"
"(46, 5, 16, 0)",1,"{(16, 5, 46)}","{(8, 0, 3)}"
"(46, 5, 21, 0)",1,"{(21, 5, 46)}","{(4, 0, 3)}"
"(46, 5, 23, 0)",1,"{(5, 46, 23)}","{(12, 0, 4)}"
"(46, 5, 26, 0)",1,"{(26, 5, 46)}","{(4, 0, 3)}"
"(46, 5, 37, 0)",1,"{(37, 5, 46)}","{(11, 0, 3)}"
"(46, 5, 41, 0)",2,"{(41, 5, 46)}","{('?', 0, 3)}"
"(46, 5, 5, 0)",1,"{(5, 46)}","{(9, 0, 3)}"
"(46, 50, 2, 0)",1,"{(50, 2, 46)}","{(12, 0, 8)}"
"(46, 50, 30, 0)",3,"{(50, 46, 30)}","{('?', 0, 8)}"
"(48, 13, 13, 0)",9,"{(48, 13)}","{(9, '?', 2)}"
"(48, 13, 41, 0)",7,"{(48, 41, 13)}","{(4, '?', 2)}"
"(48, 13, 5, 0)",1,"{(48, 5, 13)}","{(9, '?', 2)}"
"(48, 19, 13, 0)",1,"{(48, 19, 13)}","{(9, 13, 2)}"
"(48, 19, 22, 0)",1,"{(48, 19, 22)}","{(9, 13, 2)}"
"(48, 19, 7, 0)",1,"{(48, 19, 7)}","{('?', 9, 2)}"
"(48, 22, 22, 0)",1,"{(48, 22)}","{(9, 1, 2)}"
"(48, 23, 23, 0)",6,"{(48, 23)}","{('?', '?', 2)}"
"(48, 23, 43, 0)",12,"{(48, 43, 23)}","{('?', '?', 2)}"
"(48, 39, 23, 0)",13,"{(48, 23, 39)}","{('?', '?', 2)}"
"(48, 39, 39, 0)",3,"{(48, 39)}","{('?', '?', 2)}"
"(48, 39, 43, 0)",25,"{(48, 43, 39)}","{('?', '?', 2)}"
"(48, 39, 7, 0)",6,"{(48, 7, 39)}","{('?', '?', 2)}"
"(48, 4, 29, 0)",3,"{(48, 4, 29)}","{(4, '?', 2)}"
"(48, 4, 4, 0)",5,"{(48, 4)}","{(9, '?', 2)}"
"(48, 4, 44, 0)",1,"{(48, 4, 44)}","{(4, 9, 2)}"
"(48, 4, 7, 0)",3,"{(48, 4, 7)}","{('?', '?', 2)}"
"(48, 40, 23, 0)",2,"{(48, 40, 23)}","{('?', '?', 2)}"
"(48, 40, 43, 0)",5,"{(48, 40, 43)}","{('?', '?', 2)}"
"(48, 40, 7, 0)",1,"{(48, 40, 7)}","{('?', 4, 2)}"
"(48, 41, 12, 0)",1,"{(48, 41, 12)}","{(8, 0, 2)}"
"(48, 41, 16, 0)",3,"{(48, 41, 16)}","{('?', 0, '?')}"
"(48, 41, 41, 0)",4,"{(48, 41)}","{('?', '?', 2)}"
"(48, 41, 44, 0)",3,"{(48, 41, 44)}","{('?', 0, 2)}"
"(48, 41, 47, 0)",3,"{(48, 41, 47)}","{(5, '?', 2)}"
"(48, 41, 48, 0)",2,"{(48, 41)}","{(5, '?', 2)}"
"(48, 43, 43, 0)",19,"{(48, 43)}","{('?', '?', 2)}"
"(48, 44, 16, 0)",1,"{(48, 16, 44)}","{(5, 0, 2)}"
"(48, 44, 29, 0)",2,"{(48, 44, 29)}","{('?', 15, 2)}"
"(48, 44, 44, 0)",3,"{(48, 44)}","{('?', 0, 2)}"
"(48, 45, 12, 0)",1,"{(48, 12, 45)}","{(8, 0, 2)}"
"(48, 45, 23, 0)",5,"{(48, 45, 23)}","{('?', 0, 2)}"
"(48, 45, 41, 0)",2,"{(48, 41, 45)}","{(4, '?', 2)}"
"(48, 48, 13, 0)",4,"{(48, 13)}","{(9, '?', 2)}"
"(48, 48, 23, 0)",1,"{(48, 23)}","{(12, 0, 2)}"
"(48, 48, 39, 0)",1,"{(48, 39)}","{('?', '?', 2)}"
"(48, 48, 4, 0)",1,"{(48, 4)}","{(9, 14, 2)}"
"(48, 48, 41, 0)",4,"{(48, 41)}","{(4, '?', 2)}"
"(48, 48, 48, 0)",6,"{(48,)}","{(9, '?', 2)}"
"(48, 48, 7, 0)",5,"{(48, 7)}","{('?', '?', '?')}"
"(48, 5, 12, 0)",2,"{(48, 12, 5)}","{('?', 0, 2)}"
"(48, 5, 21, 0)",1,"{(48, 21, 5)}","{(4, 11, 2)}"
"(48, 5, 23, 0)",4,"{(48, 5, 23)}","{('?', 0, 2)}"
"(48, 5, 39, 0)",1,"{(48, 5, 39)}","{('?', 0, 2)}"
"(48, 5, 41, 0)",2,"{(48, 41, 5)}","{(4, '?', 2)}"
"(48, 5, 5, 0)",2,"{(48, 5)}","{(9, '?', 2)}"
"(48, 7, 43, 0)",16,"{(48, 43, 7)}","{('?', '?', 2)}"
"(48, 7, 7, 0)",2,"{(48, 7)}","{('?', '?', 2)}"
"(48, 8, 12, 0)",1,"{(48, 8, 12)}","{(8, 0, 2)}"
"(48, 8, 16, 0)",1,"{(48, 8, 16)}","{(8, 0, 2)}"
"(48, 8, 8, 0)",1,"{(48, 8)}","{(4, 10, 2)}"
"(49, 1, 1, 0)",1,"{(49, 1)}","{(9, 10, 0)}"
"(49, 1, 10, 0)",1,"{(49, 10, 1)}","{(4, 9, 0)}"
"(49, 1, 21, 0)",7,"{(49, 21, 1)}","{(4, '?', '?')}"
"(49, 1, 22, 0)",7,"{(49, 1, 22)}","{(9, '?', '?')}"
"(49, 13, 13, 0)",2,"{(49, 13)}","{(9, '?', '?')}"
"(49, 13, 26, 0)",3,"{(49, 26, 13)}","{(4, '?', '?')}"
"(49, 13, 41, 0)",1,"{(49, 13, 41)}","{(4, 10, 5)}"
"(49, 14, 1, 0)",5,"{(49, 14, 1)}","{(9, '?', 1)}"
"(49, 14, 18, 0)",1,"{(49, 18, 14)}","{('?', 6, 1)}"
"(49, 14, 20, 0)",6,"{(49, 20, 14)}","{(4, '?', 1)}"
"(49, 14, 21, 0)",5,"{(49, 21, 14)}","{(4, '?', '?')}"
"(49, 14, 22, 0)",4,"{(49, 14, 22)}","{(9, '?', 1)}"
"(49, 14, 35, 0)",2,"{(49, 35, 14)}","{(4, '?', 1)}"
"(49, 16, 13, 0)",1,"{(16, 49, 13)}","{(9, 5, '?')}"
"(49, 16, 21, 0)",4,"{(16, 49, 21)}","{(4, '?', '?')}"
"(49, 16, 22, 0)",2,"{(16, 49, 22)}","{(9, '?', '?')}"
"(49, 16, 26, 0)",2,"{(16, 49, 26)}","{(4, '?', '?')}"
"(49, 16, 39, 0)",3,"{(16, 49, 39)}","{('?', '?', '?')}"
"(49, 16, 41, 0)",2,"{(16, 49, 41)}","{(4, '?', '?')}"
"(49, 16, 7, 0)",3,"{(16, 49, 7)}","{('?', '?', '?')}"
"(49, 18, 11, 0)",2,"{(49, 18, 11)}","{('?', '?', 1)}"
"(49, 18, 18, 0)",8,"{(49, 18)}","{('?', '?', 1)}"
"(49, 2, 2, 0)",6,"{(49, 2)}","{('?', '?', 0)}"
"(49, 22, 21, 0)",1,"{(49, 21, 22)}","{(4, 5, '?')}"
"(49, 22, 22, 0)",3,"{(49, 22)}","{(9, '?', '?')}"
"(49, 22, 8, 0)",1,"{(8, 49, 22)}","{(4, 6, '?')}"
"(49, 23, 23, 0)",10,"{(49, 23)}","{('?', '?', '?')}"
"(49, 23, 37, 0)",8,"{(49, 37, 23)}","{('?', '?', '?')}"
"(49, 23, 43, 0)",3,"{(49, 43, 23)}","{('?', '?', '?')}"
"(49, 3, 20, 0)",1,"{(49, 3, 20)}","{(4, 12, 0)}"
"(49, 3, 21, 0)",1,"{(49, 3, 21)}","{(4, 12, 0)}"
"(49, 3, 26, 0)",1,"{(49, 26, 3)}","{(4, 12, 0)}"
"(49, 34, 23, 0)",2,"{(49, 34, 23)}","{(12, '?', 12)}"
"(49, 34, 43, 0)",1,"{(49, 34, 43)}","{(10, 5, 12)}"
"(49, 36, 22, 0)",1,"{(49, 36, 22)}","{(9, 13, 6)}"
"(49, 38, 11, 0)",2,"{(49, 11, 38)}","{('?', 9, 0)}"
"(49, 38, 17, 0)",11,"{(49, 38, 17)}","{('?', '?', 0)}"
"(49, 38, 38, 0)",2,"{(49, 38)}","{(7, '?', 0)}"
"(49, 39, 23, 0)",2,"{(49, 23, 39)}","{(12, '?', '?')}"
"(49, 39, 39, 0)",3,"{(49, 39)}","{('?', '?', '?')}"
"(49, 39, 43, 0)",14,"{(49, 43, 39)}","{('?', '?', '?')}"
"(49, 39, 7, 0)",4,"{(49, 7, 39)}","{('?', '?', '?')}"
"(49, 43, 17, 0)",1,"{(49, 43, 17)}","{(15, 12, '?')}"
"(49, 43, 37, 0)",9,"{(49, 43, 37)}","{('?', '?', '?')}"
"(49, 43, 43, 0)",18,"{(49, 43)}","{('?', '?', '?')}"
"(49, 49, 1, 0)",4,"{(49, 1)}","{(9, '?', 0)}"
"(49, 49, 11, 0)",2,"{(49, 11)}","{('?', 10, 0)}"
"(49, 49, 17, 0)",4,"{(49, 17)}","{('?', '?', 0)}"
"(49, 49, 18, 0)",1,"{(49, 18)}","{('?', 5, 1)}"
"(49, 49, 2, 0)",6,"{(49, 2)}","{('?', '?', 0)}"
"(49, 49, 20, 0)",1,"{(49, 20)}","{(4, 10, 0)}"
"(49, 49, 21, 0)",2,"{(49, 21)}","{(4, '?', 0)}"
"(49, 49, 23, 0)",2,"{(49, 23)}","{(11, '?', 6)}"
"(49, 49, 26, 0)",1,"{(49, 26)}","{(4, 10, 0)}"
"(49, 49, 38, 0)",12,"{(49, 38)}","{('?', '?', 0)}"
"(49, 49, 39, 0)",1,"{(49, 39)}","{('?', 12, 6)}"
"(49, 49, 43, 0)",7,"{(49, 43)}","{('?', '?', 6)}"
"(49, 49, 49, 0)",4,"{(49,)}","{('?', '?', 0)}"
"(49, 49, 5, 0)",1,"{(49, 5)}","{(9, 10, 6)}"
"(49, 49, 7, 0)",1,"{(49, 7)}","{('?', 5, 6)}"
"(49, 5, 5, 0)",1,"{(49, 5)}","{(9, 5, '?')}"
"(49, 7, 7, 0)",1,"{(49, 7)}","{('?', 12, '?')}"
"(49, 8, 39, 0)",1,"{(8, 49, 39)}","{(8, 6, '?')}"
"(5, 29, 16, 0)",1,"{(16, 29, 5)}","{(6, 0, 5)}"
"(5, 29, 44, 0)",2,"{(29, 44, 5)}","{('?', 0, 5)}"
"(5, 34, 12, 0)",1,"{(34, 12, 5)}","{('?', 0, 5)}"
"(5, 34, 21, 0)",1,"{(34, 21, 5)}","{(4, 0, 5)}"
"(5, 34, 23, 0)",1,"{(34, 5, 23)}","{(12, 0, 5)}"
"(5, 41, 16, 0)",3,"{(16, 41, 5)}","{('?', 0, 5)}"
"(5, 41, 21, 0)",2,"{(41, 21, 5)}","{('?', 0, '?')}"
"(5, 41, 41, 0)",3,"{(41, 5)}","{('?', 0, 5)}"
"(5, 41, 44, 0)",3,"{(41, 44, 5)}","{('?', 0, 5)}"
"(5, 41, 8, 0)",1,"{(8, 41, 5)}","{(13, 0, 5)}"
"(5, 44, 16, 0)",3,"{(16, 44, 5)}","{('?', 0, 5)}"
"(5, 44, 44, 0)",3,"{(44, 5)}","{('?', 0, 5)}"
"(5, 45, 12, 0)",2,"{(45, 12, 5)}","{('?', 0, 5)}"
"(5, 45, 21, 0)",1,"{(21, 45, 5)}","{(4, 0, 5)}"
"(5, 45, 23, 0)",3,"{(45, 5, 23)}","{('?', 0, 5)}"
"(5, 5, 12, 0)",1,"{(12, 5)}","{('?', 0, 5)}"
"(5, 5, 21, 0)",1,"{(21, 5)}","{(4, 0, 5)}"
"(5, 5, 23, 0)",1,"{(5, 23)}","{(11, 0, 5)}"
"(5, 5, 41, 0)",2,"{(41, 5)}","{(4, 0, '?')}"
"(5, 5, 5, 0)",1,"{(5,)}","{(9, 0, 5)}"
"(5, 8, 12, 0)",1,"{(8, 12, 5)}","{(8, 0, 5)}"
"(50, 11, 11, 0)",6,"{(50, 11)}","{('?', '?', 1)}"
"(50, 13, 13, 0)",4,"{(50, 13)}","{(9, '?', '?')}"
"(50, 13, 15, 0)",1,"{(50, 13, 15)}","{(9, 14, '?')}"
"(50, 13, 26, 0)",3,"{(50, 26, 13)}","{(4, '?', '?')}"
"(50, 13, 41, 0)",3,"{(41, 50, 13)}","{(4, '?', '?')}"
"(50, 14, 1, 0)",8,"{(1, 50, 14)}","{(9, '?', 1)}"
"(50, 14, 11, 0)",2,"{(50, 11, 14)}","{('?', 14, 1)}"
"(50, 14, 13, 0)",6,"{(50, 13, 14)}","{(9, '?', 1)}"
"(50, 14, 18, 0)",5,"{(50, 18, 14)}","{('?', '?', 1)}"
"(50, 14, 2, 0)",4,"{(50, 2, 14)}","{('?', '?', '?')}"
"(50, 14, 20, 0)",9,"{(50, 20, 14)}","{(4, '?', 1)}"
"(50, 14, 22, 0)",1,"{(50, 14, 22)}","{(9, '?', 1)}"
"(50, 14, 25, 0)",6,"{(25, 50, 14)}","{(4, '?', 1)}"
"(50, 14, 4, 0)",7,"{(50, 4, 14)}","{(9, '?', '?')}"
"(50, 14, 44, 0)",3,"{(50, 44, 14)}","{(4, '?', 0)}"
"(50, 14, 48, 0)",5,"{(48, 50, 14)}","{(9, '?', 0)}"
"(50, 14, 50, 0)",1,"{(50, 14)}","{('?', 2, 1)}"
"(50, 14, 51, 0)",9,"{(50, 51, 14)}","{('?', '?', 1)}"
"(50, 15, 13, 0)",2,"{(50, 13, 15)}","{(9, '?', '?')}"
"(50, 15, 23, 0)",1,"{(50, 23, 15)}","{(12, 15, '?')}"
"(50, 15, 41, 0)",2,"{(41, 50, 15)}","{(4, '?', '?')}"
"(50, 15, 7, 0)",1,"{(50, 7, 15)}","{('?', 4, '?')}"
"(50, 17, 17, 0)",5,"{(17, 50)}","{('?', '?', 0)}"
"(50, 18, 11, 0)",2,"{(11, 50, 18)}","{('?', '?', 1)}"
"(50, 18, 18, 0)",3,"{(50, 18)}","{('?', '?', 1)}"
"(50, 2, 17, 0)",1,"{(17, 50, 2)}","{(12, 4, 0)}"
"(50, 2, 2, 0)",7,"{(50, 2)}","{('?', '?', 0)}"
"(50, 20, 50, 0)",2,"{(50, 20)}","{(5, '?', 1)}"
"(50, 23, 23, 0)",12,"{(50, 23)}","{('?', '?', '?')}"
"(50, 23, 43, 0)",2,"{(50, 43, 23)}","{('?', '?', '?')}"
"(50, 28, 2, 0)",2,"{(50, 2, 28)}","{('?', '?', 0)}"
"(50, 28, 38, 0)",1,"{(50, 28, 38)}","{(10, 9, 0)}"
"(50, 3, 26, 0)",1,"{(26, 50, 3)}","{(4, '?', 0)}"
"(50, 3, 38, 0)",2,"{(50, 3, 38)}","{('?', '?', 0)}"
"(50, 31, 1, 0)",5,"{(1, 50, 31)}","{(9, '?', 0)}"
"(50, 31, 13, 0)",8,"{(50, 13, 31)}","{(9, '?', 0)}"
"(50, 31, 15, 0)",1,"{(50, 15, 31)}","{(9, 14, 0)}"
"(50, 31, 17, 0)",2,"{(17, 50, 31)}","{('?', '?', 0)}"
"(50, 31, 2, 0)",19,"{(50, 2, 31)}","{('?', '?', 0)}"
"(50, 31, 22, 0)",2,"{(50, 22, 31)}","{(9, '?', 0)}"
"(50, 31, 23, 0)",1,"{(50, 23, 31)}","{(11, 15, 6)}"
"(50, 31, 26, 0)",8,"{(50, 26, 31)}","{(4, '?', 0)}"
"(50, 31, 31, 0)",2,"{(50, 31)}","{(9, '?', 0)}"
"(50, 31, 38, 0)",26,"{(50, 38, 31)}","{('?', '?', 0)}"
"(50, 31, 41, 0)",2,"{(41, 50, 31)}","{(4, '?', 0)}"
"(50, 31, 48, 0)",2,"{(48, 50, 31)}","{(9, '?', 0)}"
"(50, 31, 50, 0)",1,"{(50, 31)}","{('?', 7, 0)}"
"(50, 31, 51, 0)",6,"{(50, 51, 31)}","{('?', '?', 0)}"
"(50, 38, 11, 0)",2,"{(50, 11, 38)}","{('?', '?', 0)}"
"(50, 38, 17, 0)",5,"{(17, 50, 38)}","{('?', '?', 0)}"
"(50, 38, 38, 0)",1,"{(50, 38)}","{(10, '?', 0)}"
"(50, 39, 23, 0)",5,"{(50, 23, 39)}","{('?', '?', '?')}"
"(50, 39, 39, 0)",1,"{(50, 39)}","{('?', 9, '?')}"
"(50, 39, 43, 0)",5,"{(50, 43, 39)}","{('?', '?', '?')}"
"(50, 39, 7, 0)",1,"{(50, 7, 39)}","{('?', 9, '?')}"
"(50, 4, 4, 0)",1,"{(50, 4)}","{(9, 7, '?')}"
"(50, 43, 17, 0)",1,"{(17, 50, 43)}","{(15, '?', '?')}"
"(50, 43, 43, 0)",10,"{(50, 43)}","{('?', '?', '?')}"
"(50, 48, 13, 0)",6,"{(48, 50, 13)}","{(9, '?', '?')}"
"(50, 48, 15, 0)",2,"{(48, 50, 15)}","{(9, '?', '?')}"
"(50, 48, 22, 0)",1,"{(48, 50, 22)}","{(9, 15, '?')}"
"(50, 48, 29, 0)",4,"{(48, 50, 29)}","{(4, '?', '?')}"
"(50, 48, 4, 0)",5,"{(48, 50, 4)}","{(9, '?', '?')}"
"(50, 48, 41, 0)",5,"{(48, 41, 50)}","{(4, '?', '?')}"
"(50, 48, 44, 0)",5,"{(48, 50, 44)}","{(4, '?', '?')}"
"(50, 48, 7, 0)",4,"{(48, 50, 7)}","{('?', '?', '?')}"
"(50, 49, 1, 0)",5,"{(49, 50, 1)}","{(9, '?', 0)}"
"(50, 49, 2, 0)",2,"{(49, 50, 2)}","{('?', '?', 0)}"
"(50, 49, 38, 0)",8,"{(49, 50, 38)}","{('?', '?', 0)}"
"(50, 49, 49, 0)",2,"{(49, 50)}","{('?', '?', 0)}"
"(50, 50, 1, 0)",2,"{(1, 50)}","{(9, '?', 0)}"
"(50, 50, 11, 0)",1,"{(50, 11)}","{(2, 2, 0)}"
"(50, 50, 15, 0)",1,"{(50, 15)}","{(9, 7, 0)}"
"(50, 50, 17, 0)",9,"{(17, 50)}","{('?', '?', 0)}"
"(50, 50, 38, 0)",6,"{(50, 38)}","{('?', '?', 0)}"
"(50, 50, 51, 0)",3,"{(50, 51)}","{('?', '?', 0)}"
"(50, 51, 11, 0)",2,"{(11, 50, 51)}","{('?', '?', 0)}"
"(50, 51, 17, 0)",16,"{(17, 50, 51)}","{('?', '?', 0)}"
"(50, 51, 2, 0)",4,"{(2, 50, 51)}","{('?', '?', 0)}"
"(50, 51, 20, 0)",1,"{(50, 51, 20)}","{(4, 4, 0)}"
"(50, 51, 26, 0)",2,"{(26, 50, 51)}","{(4, '?', 0)}"
"(50, 51, 38, 0)",8,"{(50, 51, 38)}","{('?', '?', 0)}"
"(50, 51, 51, 0)",6,"{(50, 51)}","{('?', '?', 0)}"
"(50, 7, 43, 0)",16,"{(50, 43, 7)}","{('?', '?', '?')}"
"(50, 7, 7, 0)",5,"{(50, 7)}","{('?', '?', '?')}"
"(51, 14, 51, 0)",3,"{(51, 14)}","{('?', '?', 1)}"
"(51, 15, 7, 0)",1,"{(51, 7, 15)}","{('?', 8, '?')}"
"(51, 17, 17, 0)",1,"{(17, 51)}","{(10, 7, 0)}"
"(51, 23, 23, 0)",6,"{(51, 23)}","{('?', '?', '?')}"
"(51, 23, 43, 0)",11,"{(43, 51, 23)}","{('?', '?', '?')}"
"(51, 43, 17, 0)",2,"{(43, 51, 17)}","{('?', 3, '?')}"
"(51, 43, 43, 0)",20,"{(43, 51)}","{('?', '?', '?')}"
"(51, 48, 7, 0)",2,"{(48, 51, 7)}","{('?', '?', '?')}"
"(51, 51, 7, 0)",2,"{(51, 7)}","{('?', '?', '?')}"
"(51, 7, 43, 0)",16,"{(43, 51, 7)}","{('?', '?', '?')}"
"(51, 7, 7, 0)",3,"{(51, 7)}","{('?', '?', '?')}"
"(6, 16, 39, 0)",1,"{(16, 6, 39)}","{(8, 5, '?')}"
"(6, 28, 49, 0)",1,"{(49, 28, 6)}","{(8, 13, 0)}"
"(6, 3, 38, 0)",1,"{(38, 3, 6)}","{(8, 5, 0)}"
"(6, 3, 51, 0)",1,"{(51, 3, 6)}","{(8, 14, 0)}"
"(6, 31, 51, 0)",3,"{(51, 6, 31)}","{(8, '?', 0)}"
"(6, 39, 39, 0)",3,"{(6, 39)}","{(8, '?', '?')}"
"(6, 39, 7, 0)",1,"{(7, 6, 39)}","{(8, '?', '?')}"
"(6, 49, 49, 0)",1,"{(49, 6)}","{(8, 9, 0)}"
"(6, 51, 31, 0)",1,"{(51, 6, 31)}","{(8, 14, 0)}"
"(6, 51, 38, 0)",1,"{(38, 51, 6)}","{(8, 3, 0)}"
"(6, 51, 51, 0)",4,"{(51, 6)}","{(8, '?', 0)}"
"(6, 6, 39, 0)",1,"{(6, 39)}","{(8, '?', '?')}"
"(6, 6, 51, 0)",1,"{(51, 6)}","{(8, 2, 0)}"
"(6, 7, 7, 0)",4,"{(6, 7)}","{(8, '?', '?')}"
"(7, 37, 37, 0)",22,"{(37, 7)}","{('?', '?', 14)}"
"(7, 39, 37, 0)",3,"{(37, 39, 7)}","{('?', '?', 14)}"
"(7, 40, 37, 0)",2,"{(40, 37, 7)}","{('?', '?', 14)}"
"(7, 7, 37, 0)",17,"{(37, 7)}","{('?', '?', 14)}"
"(7, 7, 39, 0)",3,"{(39, 7)}","{('?', '?', 14)}"
"(7, 7, 7, 0)",10,"{(7,)}","{('?', '?', 14)}"
"(8, 16, 12, 0)",1,"{(8, 16, 12)}","{(6, 12, 2)}"
"(8, 19, 39, 0)",1,"{(8, 19, 39)}","{(8, 10, 2)}"
"(8, 19, 7, 0)",7,"{(8, 19, 7)}","{(8, '?', 2)}"
"(8, 39, 39, 0)",1,"{(8, 39)}","{(8, 10, 2)}"
"(8, 39, 7, 0)",8,"{(8, 7, 39)}","{(8, '?', 2)}"
"(8, 41, 12, 0)",1,"{(8, 41, 12)}","{(1, 1, 2)}"
"(8, 8, 12, 0)",1,"{(8, 12)}","{(6, 9, 2)}"
"(8, 8, 19, 0)",1,"{(8, 19)}","{(6, 6, 2)}"
"(8, 8, 8, 0)",4,"{(8,)}","{('?', 6, 2)}"
"(9, 1, 1, 0)",1,"{(9, 1)}","{(9, 11, 8)}"
"(9, 1, 10, 0)",3,"{(9, 10, 1)}","{(4, '?', 8)}"
"(9, 1, 2, 0)",2,"{(9, 2, 1)}","{('?', 0, 8)}"
"(9, 1, 20, 0)",3,"{(9, 20, 1)}","{(4, '?', 8)}"
"(9, 1, 21, 0)",4,"{(9, 21, 1)}","{(4, '?', 8)}"
"(9, 1, 22, 0)",3,"{(9, 1, 22)}","{(9, '?', 8)}"
"(9, 1, 23, 0)",6,"{(9, 1, 23)}","{('?', 0, '?')}"
"(9, 1, 24, 0)",5,"{(24, 9, 1)}","{('?', '?', '?')}"
"(9, 1, 26, 0)",2,"{(9, 26, 1)}","{(4, '?', 8)}"
"(9, 1, 30, 0)",3,"{(9, 1, 30)}","{('?', 0, 8)}"
"(9, 1, 5, 0)",3,"{(9, 5, 1)}","{(9, '?', 8)}"
"(9, 10, 16, 0)",1,"{(16, 9, 10)}","{(1, 0, 7)}"
"(9, 10, 39, 0)",4,"{(9, 10, 39)}","{('?', '?', 7)}"
"(9, 10, 41, 0)",2,"{(9, 10, 41)}","{('?', 0, 7)}"
"(9, 10, 7, 0)",2,"{(9, 10, 7)}","{(8, '?', 7)}"
"(9, 10, 8, 0)",7,"{(8, 9, 10)}","{('?', '?', 7)}"
"(9, 11, 11, 0)",10,"{(9, 11)}","{('?', '?', 15)}"
"(9, 11, 17, 0)",19,"{(9, 11, 17)}","{('?', '?', 15)}"
"(9, 13, 10, 0)",2,"{(9, 10, 13)}","{(4, '?', 7)}"
"(9, 13, 13, 0)",13,"{(9, 13)}","{(9, '?', 7)}"
"(9, 13, 21, 0)",1,"{(9, 21, 13)}","{(4, 6, 7)}"
"(9, 13, 22, 0)",2,"{(9, 13, 22)}","{(9, '?', 7)}"
"(9, 13, 39, 0)",2,"{(9, 13, 39)}","{('?', '?', 7)}"
"(9, 13, 41, 0)",13,"{(9, 13, 41)}","{(4, '?', 7)}"
"(9, 13, 44, 0)",2,"{(9, 44, 13)}","{(4, '?', 7)}"
"(9, 13, 8, 0)",1,"{(8, 9, 13)}","{(4, 13, 7)}"
"(9, 14, 1, 0)",4,"{(9, 14, 1)}","{(9, '?', 15)}"
"(9, 14, 10, 0)",3,"{(9, 10, 14)}","{(4, '?', 15)}"
"(9, 14, 11, 0)",33,"{(9, 11, 14)}","{('?', '?', 15)}"
"(9, 14, 13, 0)",12,"{(9, 13, 14)}","{(9, '?', 15)}"
"(9, 14, 17, 0)",13,"{(9, 14, 17)}","{('?', '?', 15)}"
"(9, 14, 18, 0)",7,"{(9, 18, 14)}","{('?', '?', 15)}"
"(9, 14, 2, 0)",16,"{(9, 2, 14)}","{('?', '?', '?')}"
"(9, 14, 20, 0)",13,"{(9, 20, 14)}","{(4, '?', 15)}"
"(9, 14, 21, 0)",4,"{(9, 21, 14)}","{(4, '?', 15)}"
"(9, 14, 22, 0)",4,"{(9, 14, 22)}","{(9, '?', 15)}"
"(9, 14, 23, 0)",2,"{(9, 14, 23)}","{('?', 0, 15)}"
"(9, 14, 24, 0)",18,"{(24, 9, 14)}","{('?', '?', 15)}"
"(9, 14, 25, 0)",6,"{(9, 14, 25)}","{(4, '?', '?')}"
"(9, 14, 29, 0)",6,"{(9, 29, 14)}","{(4, '?', 15)}"
"(9, 14, 30, 0)",1,"{(9, 14, 30)}","{(1, 0, 15)}"
"(9, 14, 32, 0)",2,"{(32, 9, 14)}","{(4, '?', 15)}"
"(9, 14, 39, 0)",1,"{(9, 14, 39)}","{('?', '?', 15)}"
"(9, 14, 4, 0)",14,"{(9, 4, 14)}","{(9, '?', '?')}"
"(9, 14, 44, 0)",7,"{(9, 44, 14)}","{(4, '?', '?')}"
"(9, 14, 5, 0)",2,"{(9, 5, 14)}","{(9, '?', 15)}"
"(9, 14, 51, 0)",7,"{(9, 51, 14)}","{('?', '?', 15)}"
"(9, 14, 7, 0)",1,"{(9, 14, 7)}","{('?', 3, 15)}"
"(9, 15, 13, 0)",1,"{(9, 13, 15)}","{(9, 3, 7)}"
"(9, 15, 29, 0)",4,"{(9, 29, 15)}","{(4, '?', 7)}"
"(9, 15, 4, 0)",5,"{(9, 4, 15)}","{(9, '?', 7)}"
"(9, 15, 41, 0)",2,"{(9, 41, 15)}","{(4, '?', 7)}"
"(9, 15, 44, 0)",2,"{(9, 44, 15)}","{(4, '?', 7)}"
"(9, 15, 7, 0)",11,"{(9, 7, 15)}","{('?', '?', 7)}"
"(9, 16, 10, 0)",3,"{(16, 9, 10)}","{(4, '?', 7)}"
"(9, 16, 13, 0)",1,"{(16, 9, 13)}","{(9, 10, 7)}"
"(9, 16, 16, 0)",2,"{(16, 9)}","{('?', 6, 7)}"
"(9, 16, 21, 0)",3,"{(16, 9, 21)}","{('?', '?', 7)}"
"(9, 16, 22, 0)",2,"{(16, 9, 22)}","{(9, '?', 7)}"
"(9, 16, 23, 0)",2,"{(16, 9, 23)}","{('?', '?', 7)}"
"(9, 16, 37, 0)",1,"{(16, 9, 37)}","{(11, 10, 7)}"
"(9, 16, 39, 0)",11,"{(16, 9, 39)}","{('?', '?', 7)}"
"(9, 16, 41, 0)",2,"{(16, 9, 41)}","{('?', '?', 7)}"
"(9, 16, 5, 0)",1,"{(16, 9, 5)}","{(9, 11, 7)}"
"(9, 16, 7, 0)",8,"{(16, 9, 7)}","{('?', '?', 7)}"
"(9, 16, 8, 0)",1,"{(16, 9, 8)}","{(13, 1, 7)}"
"(9, 17, 17, 0)",11,"{(9, 17)}","{('?', '?', '?')}"
"(9, 17, 37, 0)",14,"{(9, 37, 17)}","{('?', '?', 11)}"
"(9, 18, 1, 0)",1,"{(9, 18, 1)}","{('?', 10, 15)}"
"(9, 18, 11, 0)",30,"{(9, 18, 11)}","{('?', '?', 15)}"
"(9, 18, 13, 0)",1,"{(9, 18, 13)}","{(9, 6, 15)}"
"(9, 18, 17, 0)",26,"{(9, 18, 17)}","{('?', '?', 15)}"
"(9, 18, 18, 0)",5,"{(9, 18)}","{('?', '?', 15)}"
"(9, 18, 2, 0)",14,"{(9, 18, 2)}","{('?', '?', 15)}"
"(9, 18, 20, 0)",1,"{(9, 18, 20)}","{(4, 10, 15)}"
"(9, 18, 21, 0)",1,"{(9, 18, 21)}","{(4, 10, 15)}"
"(9, 18, 22, 0)",1,"{(9, 18, 22)}","{(9, 5, 15)}"
"(9, 18, 24, 0)",7,"{(24, 9, 18)}","{('?', '?', '?')}"
"(9, 18, 38, 0)",1,"{(9, 18, 38)}","{(7, 6, 15)}"
"(9, 18, 39, 0)",1,"{(9, 18, 39)}","{(11, 9, 15)}"
"(9, 18, 49, 0)",1,"{(9, 18, 49)}","{('?', 10, 15)}"
"(9, 19, 12, 0)",1,"{(9, 19, 12)}","{('?', 1, 4)}"
"(9, 19, 19, 0)",1,"{(9, 19)}","{('?', 1, 4)}"
"(9, 19, 21, 0)",1,"{(9, 19, 21)}","{(4, 5, 4)}"
"(9, 19, 22, 0)",3,"{(9, 19, 22)}","{(9, '?', 4)}"
"(9, 19, 39, 0)",1,"{(9, 19, 39)}","{('?', 1, 4)}"
"(9, 19, 44, 0)",2,"{(9, 19, 44)}","{(4, '?', 4)}"
"(9, 19, 7, 0)",1,"{(9, 19, 7)}","{('?', 13, 4)}"
"(9, 19, 8, 0)",1,"{(8, 9, 19)}","{(4, 13, 4)}"
"(9, 2, 17, 0)",2,"{(9, 2, 17)}","{('?', '?', '?')}"
"(9, 2, 2, 0)",2,"{(9, 2)}","{('?', '?', 8)}"
"(9, 2, 23, 0)",9,"{(9, 2, 23)}","{('?', '?', 11)}"
"(9, 2, 37, 0)",8,"{(9, 2, 37)}","{('?', '?', 11)}"
"(9, 20, 16, 0)",2,"{(16, 9, 20)}","{('?', 0, '?')}"
"(9, 20, 20, 0)",1,"{(9, 20)}","{(3, 0, 15)}"
"(9, 20, 25, 0)",9,"{(9, 20, 25)}","{('?', 0, '?')}"
"(9, 20, 26, 0)",6,"{(9, 26, 20)}","{('?', 0, '?')}"
"(9, 20, 30, 0)",9,"{(9, 20, 30)}","{('?', 0, '?')}"
"(9, 20, 51, 0)",2,"{(9, 51, 20)}","{(8, '?', 8)}"
"(9, 21, 16, 0)",1,"{(16, 9, 21)}","{(13, 10, 7)}"
"(9, 21, 21, 0)",3,"{(9, 21)}","{('?', '?', 7)}"
"(9, 21, 26, 0)",3,"{(9, 26, 21)}","{('?', 0, 7)}"
"(9, 21, 39, 0)",3,"{(9, 21, 39)}","{('?', '?', 7)}"
"(9, 21, 41, 0)",6,"{(9, 21, 41)}","{('?', '?', 7)}"
"(9, 21, 8, 0)",5,"{(8, 9, 21)}","{('?', '?', 7)}"
"(9, 22, 22, 0)",4,"{(9, 22)}","{(9, '?', 7)}"
"(9, 22, 4, 0)",1,"{(9, 4, 22)}","{(9, 9, 7)}"
"(9, 23, 23, 0)",23,"{(9, 23)}","{('?', '?', 7)}"
"(9, 23, 37, 0)",9,"{(9, 37, 23)}","{('?', '?', 7)}"
"(9, 23, 43, 0)",1,"{(9, 43, 23)}","{(11, 7, 7)}"
"(9, 24, 17, 0)",12,"{(24, 9, 17)}","{('?', '?', 8)}"
"(9, 24, 2, 0)",11,"{(24, 9, 2)}","{('?', '?', 8)}"
"(9, 24, 23, 0)",2,"{(24, 9, 23)}","{('?', '?', 11)}"
"(9, 24, 24, 0)",1,"{(24, 9)}","{(11, 11, 8)}"
"(9, 24, 37, 0)",19,"{(24, 9, 37)}","{('?', '?', 11)}"
"(9, 24, 38, 0)",21,"{(24, 9, 38)}","{('?', '?', 8)}"
"(9, 25, 10, 0)",1,"{(9, 10, 25)}","{(13, 0, 11)}"
"(9, 25, 16, 0)",1,"{(16, 9, 25)}","{(5, 0, 11)}"
"(9, 25, 26, 0)",3,"{(9, 26, 25)}","{('?', 0, 11)}"
"(9, 25, 30, 0)",2,"{(9, 25, 30)}","{('?', 0, 11)}"
"(9, 25, 41, 0)",3,"{(9, 25, 41)}","{('?', 0, 11)}"
"(9, 25, 44, 0)",2,"{(9, 44, 25)}","{('?', 0, 11)}"
"(9, 25, 49, 0)",1,"{(9, 25, 49)}","{(13, 1, 11)}"
"(9, 26, 16, 0)",4,"{(16, 9, 26)}","{('?', '?', '?')}"
"(9, 26, 21, 0)",1,"{(9, 26, 21)}","{(13, 0, 11)}"
"(9, 26, 26, 0)",6,"{(9, 26)}","{('?', 0, '?')}"
"(9, 26, 39, 0)",2,"{(9, 26, 39)}","{('?', '?', 7)}"
"(9, 26, 41, 0)",1,"{(9, 26, 41)}","{(14, 0, 11)}"
"(9, 26, 8, 0)",4,"{(8, 9, 26)}","{('?', '?', 7)}"
"(9, 28, 1, 0)",1,"{(9, 28, 1)}","{(9, 11, 8)}"
"(9, 28, 12, 0)",1,"{(9, 28, 12)}","{('?', 0, 11)}"
"(9, 28, 16, 0)",1,"{(16, 9, 28)}","{(8, 0, 11)}"
"(9, 28, 23, 0)",5,"{(9, 28, 23)}","{('?', 0, 11)}"
"(9, 28, 24, 0)",1,"{(24, 9, 28)}","{(12, 11, 8)}"
"(9, 28, 30, 0)",3,"{(9, 28, 30)}","{('?', '?', 8)}"
"(9, 28, 38, 0)",1,"{(9, 28, 38)}","{(7, 11, 8)}"
"(9, 28, 39, 0)",1,"{(9, 28, 39)}","{('?', 0, 11)}"
"(9, 28, 41, 0)",1,"{(9, 28, 41)}","{(8, 0, 11)}"
"(9, 28, 5, 0)",1,"{(9, 28, 5)}","{(9, 0, 11)}"
"(9, 29, 12, 0)",3,"{(9, 12, 29)}","{(8, '?', 3)}"
"(9, 29, 19, 0)",2,"{(9, 19, 29)}","{(8, '?', 3)}"
"(9, 29, 29, 0)",1,"{(9, 29)}","{(13, 8, 3)}"
"(9, 29, 39, 0)",3,"{(9, 29, 39)}","{(8, '?', 3)}"
"(9, 29, 40, 0)",6,"{(40, 9, 29)}","{(8, '?', 3)}"
"(9, 29, 7, 0)",1,"{(9, 29, 7)}","{(8, 14, 3)}"
"(9, 3, 26, 0)",1,"{(9, 26, 3)}","{(4, 5, 8)}"
"(9, 30, 30, 0)",1,"{(9, 30)}","{(10, 0, 8)}"
"(9, 31, 2, 0)",7,"{(9, 2, 31)}","{('?', '?', 8)}"
"(9, 31, 20, 0)",1,"{(9, 20, 31)}","{(4, 1, 8)}"
"(9, 31, 23, 0)",4,"{(9, 23, 31)}","{('?', '?', '?')}"
"(9, 31, 25, 0)",2,"{(9, 25, 31)}","{(4, '?', 8)}"
"(9, 31, 26, 0)",3,"{(9, 26, 31)}","{(4, '?', 8)}"
"(9, 31, 38, 0)",1,"{(9, 38, 31)}","{(10, 13, 8)}"
"(9, 32, 25, 0)",1,"{(32, 9, 25)}","{(13, 8, 11)}"
"(9, 32, 29, 0)",1,"{(32, 9, 29)}","{(13, 8, 7)}"
"(9, 32, 7, 0)",1,"{(32, 9, 7)}","{(8, 3, 7)}"
"(9, 32, 8, 0)",1,"{(32, 9, 8)}","{(14, 1, 7)}"
"(9, 33, 16, 0)",1,"{(16, 9, 33)}","{(8, 0, 11)}"
"(9, 33, 18, 0)",10,"{(9, 18, 33)}","{(8, '?', '?')}"
"(9, 33, 39, 0)",5,"{(9, 39, 33)}","{(8, '?', 11)}"
"(9, 33, 49, 0)",4,"{(9, 49, 33)}","{(8, '?', 8)}"
"(9, 33, 50, 0)",1,"{(9, 50, 33)}","{(8, 7, 8)}"
"(9, 33, 51, 0)",14,"{(9, 51, 33)}","{(8, '?', '?')}"
"(9, 33, 7, 0)",10,"{(9, 7, 33)}","{(8, '?', '?')}"
"(9, 34, 22, 0)",3,"{(9, 34, 22)}","{(9, '?', '?')}"
"(9, 34, 39, 0)",1,"{(9, 34, 39)}","{(8, 12, 3)}"
"(9, 34, 44, 0)",1,"{(9, 34, 44)}","{(4, 13, 3)}"
"(9, 35, 18, 0)",1,"{(9, 18, 35)}","{(8, 12, 8)}"
"(9, 35, 38, 0)",1,"{(9, 35, 38)}","{(8, 12, 8)}"
"(9, 35, 49, 0)",2,"{(9, 35, 49)}","{(8, '?', 8)}"
"(9, 36, 10, 0)",2,"{(9, 10, 36)}","{(4, '?', '?')}"
"(9, 36, 22, 0)",4,"{(9, 36, 22)}","{(9, '?', 11)}"
"(9, 36, 23, 0)",5,"{(9, 36, 23)}","{('?', '?', 11)}"
"(9, 36, 29, 0)",3,"{(9, 36, 29)}","{(4, '?', 11)}"
"(9, 36, 37, 0)",2,"{(9, 36, 37)}","{('?', '?', 11)}"
"(9, 36, 39, 0)",5,"{(9, 36, 39)}","{('?', '?', 11)}"
"(9, 36, 4, 0)",7,"{(9, 36, 4)}","{(9, '?', 11)}"
"(9, 36, 41, 0)",3,"{(9, 36, 41)}","{(4, '?', 11)}"
"(9, 36, 43, 0)",2,"{(9, 43, 36)}","{('?', 1, 11)}"
"(9, 36, 44, 0)",1,"{(9, 36, 44)}","{(4, 15, 11)}"
"(9, 36, 48, 0)",2,"{(48, 9, 36)}","{(9, '?', 11)}"
"(9, 36, 49, 0)",1,"{(9, 36, 49)}","{(13, 1, 11)}"
"(9, 36, 7, 0)",7,"{(9, 36, 7)}","{('?', '?', 11)}"
"(9, 36, 8, 0)",4,"{(8, 9, 36)}","{('?', '?', 11)}"
"(9, 37, 37, 0)",12,"{(9, 37)}","{('?', '?', 7)}"
"(9, 38, 11, 0)",2,"{(9, 11, 38)}","{('?', '?', 8)}"
"(9, 38, 17, 0)",21,"{(9, 38, 17)}","{('?', '?', 8)}"
"(9, 38, 37, 0)",16,"{(9, 37, 38)}","{('?', '?', 11)}"
"(9, 38, 38, 0)",21,"{(9, 38)}","{('?', '?', 8)}"
"(9, 39, 21, 0)",1,"{(9, 21, 39)}","{(13, 12, 7)}"
"(9, 39, 23, 0)",6,"{(9, 23, 39)}","{('?', '?', 7)}"
"(9, 39, 39, 0)",16,"{(9, 39)}","{('?', '?', 7)}"
"(9, 39, 41, 0)",1,"{(9, 41, 39)}","{(13, 1, 7)}"
"(9, 39, 43, 0)",26,"{(9, 43, 39)}","{('?', '?', 7)}"
"(9, 39, 7, 0)",7,"{(9, 7, 39)}","{('?', '?', 7)}"
"(9, 39, 8, 0)",1,"{(8, 9, 39)}","{(0, 1, 7)}"
"(9, 4, 29, 0)",6,"{(9, 4, 29)}","{(4, '?', '?')}"
"(9, 4, 4, 0)",6,"{(9, 4)}","{(9, '?', '?')}"
"(9, 4, 40, 0)",2,"{(40, 9, 4)}","{('?', 4, '?')}"
"(9, 4, 7, 0)",1,"{(9, 4, 7)}","{('?', 4, 3)}"
"(9, 40, 40, 0)",1,"{(40, 9)}","{(8, 8, 4)}"
"(9, 41, 16, 0)",2,"{(16, 9, 41)}","{('?', 0, 4)}"
"(9, 41, 21, 0)",1,"{(9, 21, 41)}","{(3, 0, 4)}"
"(9, 41, 7, 0)",1,"{(9, 7, 41)}","{(8, 7, 4)}"
"(9, 41, 8, 0)",1,"{(8, 9, 41)}","{(0, 0, 4)}"
"(9, 43, 37, 0)",19,"{(9, 43, 37)}","{('?', '?', 7)}"
"(9, 43, 43, 0)",44,"{(9, 43)}","{('?', '?', 7)}"
"(9, 44, 16, 0)",2,"{(16, 9, 44)}","{('?', 0, 4)}"
"(9, 44, 40, 0)",1,"{(40, 9, 44)}","{(8, 8, 4)}"
"(9, 44, 44, 0)",3,"{(9, 44)}","{('?', 0, 4)}"
"(9, 44, 8, 0)",2,"{(8, 9, 44)}","{('?', '?', 4)}"
"(9, 45, 10, 0)",1,"{(9, 10, 45)}","{(8, 0, 7)}"
"(9, 45, 21, 0)",1,"{(9, 21, 45)}","{(4, 11, 7)}"
"(9, 45, 23, 0)",5,"{(9, 45, 23)}","{('?', '?', '?')}"
"(9, 45, 37, 0)",1,"{(9, 37, 45)}","{(11, 1, 7)}"
"(9, 45, 43, 0)",1,"{(9, 43, 45)}","{(2, 11, 7)}"
"(9, 45, 8, 0)",2,"{(8, 9, 45)}","{('?', '?', 7)}"
"(9, 46, 17, 0)",7,"{(9, 46, 17)}","{('?', '?', 8)}"
"(9, 46, 2, 0)",5,"{(9, 2, 46)}","{('?', '?', 8)}"
"(9, 46, 23, 0)",9,"{(9, 46, 23)}","{(12, '?', 11)}"
"(9, 46, 37, 0)",2,"{(9, 37, 46)}","{(12, '?', 11)}"
"(9, 46, 46, 0)",1,"{(9, 46)}","{(12, 8, 11)}"
"(9, 47, 7, 0)",2,"{(9, 7, 47)}","{(8, '?', 7)}"
"(9, 48, 15, 0)",1,"{(48, 9, 15)}","{(9, 3, 7)}"
"(9, 48, 29, 0)",5,"{(48, 9, 29)}","{(4, '?', 4)}"
"(9, 48, 39, 0)",1,"{(48, 9, 39)}","{('?', 4, 4)}"
"(9, 48, 4, 0)",5,"{(48, 9, 4)}","{(9, '?', 4)}"
"(9, 48, 41, 0)",3,"{(48, 9, 41)}","{(4, '?', 4)}"
"(9, 48, 44, 0)",3,"{(48, 9, 44)}","{(4, '?', 4)}"
"(9, 48, 7, 0)",4,"{(48, 9, 7)}","{('?', '?', 4)}"
"(9, 49, 1, 0)",2,"{(9, 1, 49)}","{(9, '?', 8)}"
"(9, 49, 12, 0)",1,"{(9, 12, 49)}","{('?', 0, 11)}"
"(9, 49, 13, 0)",7,"{(9, 13, 49)}","{(9, '?', 11)}"
"(9, 49, 16, 0)",1,"{(16, 9, 49)}","{(9, 1, 11)}"
"(9, 49, 18, 0)",1,"{(9, 18, 49)}","{(8, 11, 8)}"
"(9, 49, 2, 0)",10,"{(9, 2, 49)}","{('?', '?', 8)}"
"(9, 49, 20, 0)",1,"{(9, 20, 49)}","{(4, 10, 8)}"
"(9, 49, 21, 0)",4,"{(9, 21, 49)}","{(4, '?', '?')}"
"(9, 49, 22, 0)",5,"{(9, 22, 49)}","{(9, '?', '?')}"
"(9, 49, 23, 0)",12,"{(9, 23, 49)}","{('?', '?', 11)}"
"(9, 49, 24, 0)",1,"{(24, 9, 49)}","{(11, 11, 8)}"
"(9, 49, 26, 0)",1,"{(9, 26, 49)}","{(4, 10, 11)}"
"(9, 49, 3, 0)",1,"{(9, 3, 49)}","{(4, 6, 8)}"
"(9, 49, 37, 0)",23,"{(9, 37, 49)}","{('?', '?', 11)}"
"(9, 49, 38, 0)",20,"{(9, 38, 49)}","{('?', '?', 8)}"
"(9, 49, 39, 0)",7,"{(9, 39, 49)}","{('?', '?', 11)}"
"(9, 49, 41, 0)",4,"{(9, 41, 49)}","{(4, '?', 11)}"
"(9, 49, 43, 0)",5,"{(9, 43, 49)}","{('?', '?', 11)}"
"(9, 49, 44, 0)",2,"{(9, 44, 49)}","{(4, '?', 11)}"
"(9, 49, 49, 0)",8,"{(9, 49)}","{('?', '?', 8)}"
"(9, 49, 5, 0)",4,"{(9, 5, 49)}","{('?', '?', 11)}"
"(9, 49, 8, 0)",1,"{(8, 9, 49)}","{(4, 6, 11)}"
"(9, 49, 9, 0)",1,"{(9, 49)}","{('?', 13, 8)}"
"(9, 5, 10, 0)",1,"{(9, 10, 5)}","{(4, 11, 7)}"
"(9, 5, 12, 0)",2,"{(9, 12, 5)}","{('?', 0, 7)}"
"(9, 5, 16, 0)",1,"{(16, 9, 5)}","{(1, 0, 7)}"
"(9, 5, 21, 0)",1,"{(9, 21, 5)}","{(4, 0, 7)}"
"(9, 5, 23, 0)",2,"{(9, 5, 23)}","{('?', 0, 7)}"
"(9, 5, 39, 0)",2,"{(9, 5, 39)}","{('?', 0, 7)}"
"(9, 5, 5, 0)",1,"{(9, 5)}","{(9, 11, 7)}"
"(9, 50, 1, 0)",14,"{(9, 50, 1)}","{(9, '?', 8)}"
"(9, 50, 11, 0)",5,"{(9, 50, 11)}","{('?', '?', 8)}"
"(9, 50, 13, 0)",17,"{(9, 50, 13)}","{(9, '?', 11)}"
"(9, 50, 14, 0)",1,"{(9, 50, 14)}","{(9, 7, 8)}"
"(9, 50, 15, 0)",6,"{(9, 50, 15)}","{(9, '?', 11)}"
"(9, 50, 18, 0)",1,"{(9, 50, 18)}","{(8, 15, 8)}"
"(9, 50, 2, 0)",17,"{(9, 50, 2)}","{('?', '?', 8)}"
"(9, 50, 20, 0)",12,"{(9, 50, 20)}","{(4, '?', 8)}"
"(9, 50, 23, 0)",21,"{(9, 50, 23)}","{('?', '?', 11)}"
"(9, 50, 24, 0)",1,"{(24, 9, 50)}","{(11, 9, 8)}"
"(9, 50, 26, 0)",4,"{(9, 50, 26)}","{(4, '?', 8)}"
"(9, 50, 3, 0)",2,"{(9, 50, 3)}","{('?', '?', 8)}"
"(9, 50, 30, 0)",4,"{(9, 50, 30)}","{('?', '?', '?')}"
"(9, 50, 31, 0)",5,"{(9, 50, 31)}","{(9, '?', 8)}"
"(9, 50, 37, 0)",19,"{(9, 50, 37)}","{('?', '?', 11)}"
"(9, 50, 38, 0)",44,"{(9, 50, 38)}","{('?', '?', 8)}"
"(9, 50, 39, 0)",16,"{(9, 50, 39)}","{('?', '?', 11)}"
"(9, 50, 4, 0)",1,"{(9, 50, 4)}","{(9, 7, 8)}"
"(9, 50, 41, 0)",5,"{(9, 50, 41)}","{(4, '?', 11)}"
"(9, 50, 43, 0)",15,"{(9, 50, 43)}","{('?', '?', 11)}"
"(9, 50, 49, 0)",8,"{(9, 50, 49)}","{('?', '?', 8)}"
"(9, 50, 5, 0)",1,"{(9, 50, 5)}","{(9, 11, 11)}"
"(9, 50, 50, 0)",7,"{(9, 50)}","{('?', '?', 8)}"
"(9, 50, 51, 0)",5,"{(9, 50, 51)}","{('?', '?', 8)}"
"(9, 50, 7, 0)",3,"{(9, 50, 7)}","{('?', '?', 11)}"
"(9, 51, 2, 0)",1,"{(9, 2, 51)}","{(11, 4, 8)}"
"(9, 51, 38, 0)",1,"{(9, 51, 38)}","{(10, 8, 8)}"
"(9, 51, 51, 0)",5,"{(9, 51)}","{('?', '?', 8)}"
"(9, 51, 7, 0)",1,"{(9, 51, 7)}","{('?', 3, '?')}"
"(9, 6, 16, 0)",1,"{(16, 9, 6)}","{(8, 0, 11)}"
"(9, 6, 18, 0)",1,"{(9, 18, 6)}","{(8, 10, 8)}"
"(9, 6, 31, 0)",1,"{(9, 6, 31)}","{(8, 8, 8)}"
"(9, 6, 38, 0)",2,"{(38, 9, 6)}","{(8, '?', '?')}"
"(9, 6, 39, 0)",8,"{(9, 6, 39)}","{(8, '?', '?')}"
"(9, 6, 49, 0)",7,"{(9, 6, 49)}","{('?', '?', 8)}"
"(9, 6, 50, 0)",1,"{(9, 50, 6)}","{(8, 7, 8)}"
"(9, 6, 51, 0)",12,"{(9, 51, 6)}","{(8, '?', '?')}"
"(9, 6, 7, 0)",8,"{(9, 6, 7)}","{(8, '?', '?')}"
"(9, 7, 7, 0)",6,"{(9, 7)}","{('?', '?', 7)}"
"(9, 8, 12, 0)",1,"{(8, 9, 12)}","{(8, 5, 4)}"
"(9, 8, 39, 0)",4,"{(8, 9, 39)}","{(8, '?', 4)}"
"(9, 8, 8, 0)",2,"{(8, 9)}","{(4, '?', 4)}"
"(9, 9, 28, 0)",1,"{(9, 28)}","{(13, 1, 8)}"
"(9, 9, 50, 0)",1,"{(9, 50)}","{('?', 8, 8)}"
"(9, 9, 51, 0)",5,"{(9, 51)}","{('?', '?', 8)}"
"(9, 9, 7, 0)",1,"{(9, 7)}","{('?', 8, 11)}"
"(9, 9, 8, 0)",1,"{(8, 9)}","{(13, 6, 7)}"
