message,count,symbols,fixed_attribute_values
"(1, 1, 15, 23, 0)",1,"{(1, 23, 15)}","{(7, '?', 5, 1)}"
"(1, 1, 23, 15, 0)",2,"{(1, 15, 23)}","{(7, '?', 6, 1)}"
"(1, 1, 6, 15, 0)",1,"{(1, 6, 15)}","{(5, 4, 5, '?')}"
"(1, 1, 6, 23, 0)",1,"{(1, 6, 23)}","{(7, 1, 6, 1)}"
"(1, 1, 6, 7, 0)",1,"{(1, 6, 7)}","{(5, 4, 6, 7)}"
"(1, 10, 1, 15, 0)",1,"{(1, 10, 15)}","{(7, '?', 4, 3)}"
"(1, 10, 10, 15, 0)",1,"{(1, 10, 15)}","{(5, '?', 4, 3)}"
"(1, 10, 10, 19, 0)",1,"{(1, 10, 19)}","{('?', '?', 4, 3)}"
"(1, 10, 11, 10, 0)",1,"{(1, 10, 11)}","{('?', 6, 4, 3)}"
"(1, 10, 11, 15, 0)",2,"{(1, 10, 11, 15)}","{(5, 6, '?', 3)}"
"(1, 10, 13, 15, 0)",1,"{(1, 10, 13, 15)}","{(5, 5, 4, 3)}"
"(1, 10, 13, 25, 0)",1,"{(1, 10, 13, 25)}","{('?', 5, 6, 3)}"
"(1, 10, 13, 6, 0)",1,"{(1, 10, 13, 6)}","{(3, 5, 5, 3)}"
"(1, 10, 14, 6, 0)",1,"{(1, 10, 14, 6)}","{(0, 4, 4, 3)}"
"(1, 10, 15, 11, 0)",1,"{(1, 10, 11, 15)}","{(7, 6, 4, 3)}"
"(1, 10, 15, 15, 0)",5,"{(1, 10, 15)}","{('?', '?', '?', 3)}"
"(1, 10, 15, 5, 0)",1,"{(1, 10, 5, 15)}","{(5, '?', 4, 3)}"
"(1, 10, 18, 22, 0)",1,"{(1, 10, 18, 22)}","{(0, 5, 6, 3)}"
"(1, 10, 19, 15, 0)",1,"{(1, 10, 19, 15)}","{(5, '?', 4, 3)}"
"(1, 10, 21, 14, 0)",1,"{(1, 10, 21, 14)}","{(0, 3, 5, 3)}"
"(1, 10, 21, 19, 0)",2,"{(1, 10, 19, 21)}","{('?', 3, '?', 3)}"
"(1, 10, 21, 24, 0)",1,"{(24, 1, 10, 21)}","{(2, 3, 5, 3)}"
"(1, 10, 21, 5, 0)",1,"{(1, 10, 5, 21)}","{(6, 3, 5, 3)}"
"(1, 10, 21, 6, 0)",3,"{(1, 10, 21, 6)}","{(3, 3, '?', 3)}"
"(1, 10, 22, 14, 0)",1,"{(1, 10, 22, 14)}","{(0, 1, 6, 3)}"
"(1, 10, 22, 22, 0)",1,"{(1, 10, 22)}","{(0, 2, 4, 3)}"
"(1, 10, 24, 11, 0)",2,"{(24, 1, 10, 11)}","{(1, '?', 4, 3)}"
"(1, 10, 24, 25, 0)",1,"{(24, 1, 10, 25)}","{(2, '?', 4, 3)}"
"(1, 10, 24, 6, 0)",1,"{(24, 1, 10, 6)}","{(1, 4, 6, 3)}"
"(1, 10, 24, 8, 0)",3,"{(24, 1, 10, 8)}","{('?', '?', '?', 3)}"
"(1, 10, 25, 15, 0)",1,"{(1, 10, 25, 15)}","{(5, '?', 6, 3)}"
"(1, 10, 27, 10, 0)",1,"{(1, 10, 27)}","{('?', 0, 6, 3)}"
"(1, 10, 27, 14, 0)",2,"{(1, 10, 27, 14)}","{(0, 0, '?', 3)}"
"(1, 10, 27, 15, 0)",4,"{(1, 10, 27, 15)}","{('?', 0, '?', 3)}"
"(1, 10, 27, 22, 0)",2,"{(1, 10, 27, 22)}","{(0, 0, '?', 3)}"
"(1, 10, 27, 24, 0)",1,"{(24, 1, 10, 27)}","{(1, 0, 4, 3)}"
"(1, 10, 27, 6, 0)",2,"{(1, 10, 27, 6)}","{(3, 0, '?', 3)}"
"(1, 10, 3, 14, 0)",2,"{(1, 10, 3, 14)}","{(0, 3, '?', 3)}"
"(1, 10, 3, 15, 0)",1,"{(1, 10, 3, 15)}","{(7, 3, 4, 3)}"
"(1, 10, 5, 18, 0)",1,"{(1, 10, 18, 5)}","{(6, 5, 6, 3)}"
"(1, 10, 5, 25, 0)",1,"{(1, 10, 5, 25)}","{(4, '?', 5, 3)}"
"(1, 10, 5, 27, 0)",2,"{(1, 10, 27, 5)}","{(4, 0, '?', 3)}"
"(1, 10, 5, 9, 0)",1,"{(1, 10, 5, 9)}","{(4, 0, 6, 3)}"
"(1, 10, 6, 1, 0)",2,"{(1, 10, 6)}","{(5, '?', '?', 3)}"
"(1, 10, 6, 14, 0)",2,"{(1, 10, 6, 14)}","{(0, 4, '?', 3)}"
"(1, 10, 6, 15, 0)",2,"{(1, 10, 6, 15)}","{(5, 4, '?', 3)}"
"(1, 10, 9, 10, 0)",1,"{(1, 10, 9)}","{('?', 0, 5, 3)}"
"(1, 10, 9, 5, 0)",1,"{(1, 10, 5, 9)}","{('?', 0, 6, 3)}"
"(1, 11, 1, 1, 0)",2,"{(1, 11)}","{(5, 7, '?', 7)}"
"(1, 11, 1, 15, 0)",10,"{(1, 11, 15)}","{('?', '?', '?', '?')}"
"(1, 11, 1, 17, 0)",1,"{(1, 11, 17)}","{(5, 7, 6, 7)}"
"(1, 11, 1, 7, 0)",1,"{(1, 11, 7)}","{(7, 7, 5, 7)}"
"(1, 11, 10, 15, 0)",1,"{(1, 10, 11, 15)}","{(7, 6, 5, 3)}"
"(1, 11, 14, 14, 0)",4,"{(1, 11, 14)}","{(0, '?', '?', '?')}"
"(1, 11, 14, 15, 0)",1,"{(1, 11, 14, 15)}","{(5, 6, 4, 4)}"
"(1, 11, 14, 22, 0)",3,"{(1, 11, 14, 22)}","{(0, '?', '?', '?')}"
"(1, 11, 15, 15, 0)",8,"{(1, 11, 15)}","{('?', '?', '?', '?')}"
"(1, 11, 15, 17, 0)",9,"{(1, 11, 17, 15)}","{('?', '?', '?', '?')}"
"(1, 11, 15, 19, 0)",10,"{(19, 1, 11, 15)}","{('?', '?', '?', '?')}"
"(1, 11, 15, 22, 0)",5,"{(1, 11, 22, 15)}","{('?', '?', '?', 4)}"
"(1, 11, 15, 23, 0)",1,"{(1, 11, 23, 15)}","{(7, 7, 5, 1)}"
"(1, 11, 15, 7, 0)",15,"{(1, 11, 7, 15)}","{('?', '?', '?', '?')}"
"(1, 11, 17, 1, 0)",1,"{(1, 11, 17)}","{(7, 7, 4, 0)}"
"(1, 11, 17, 14, 0)",6,"{(1, 11, 17, 14)}","{(0, '?', '?', '?')}"
"(1, 11, 17, 15, 0)",11,"{(1, 11, 17, 15)}","{('?', '?', '?', '?')}"
"(1, 11, 17, 19, 0)",1,"{(19, 1, 11, 17)}","{('?', 7, 4, 0)}"
"(1, 11, 17, 23, 0)",2,"{(1, 11, 17, 23)}","{(0, 6, '?', 0)}"
"(1, 11, 17, 24, 0)",15,"{(24, 1, 11, 17)}","{('?', '?', '?', '?')}"
"(1, 11, 17, 6, 0)",8,"{(1, 11, 17, 6)}","{(3, '?', '?', '?')}"
"(1, 11, 19, 14, 0)",7,"{(19, 1, 11, 14)}","{(0, '?', '?', '?')}"
"(1, 11, 19, 15, 0)",1,"{(19, 1, 11, 15)}","{(5, 6, 6, 5)}"
"(1, 11, 19, 19, 0)",5,"{(19, 1, 11)}","{('?', '?', '?', '?')}"
"(1, 11, 19, 22, 0)",1,"{(19, 1, 11, 22)}","{(0, 6, 5, '?')}"
"(1, 11, 19, 24, 0)",11,"{(19, 1, 11, 24)}","{('?', '?', '?', '?')}"
"(1, 11, 19, 5, 0)",1,"{(19, 1, 11, 5)}","{(6, 6, 6, '?')}"
"(1, 11, 19, 6, 0)",3,"{(19, 1, 11, 6)}","{(3, '?', '?', '?')}"
"(1, 11, 22, 14, 0)",1,"{(1, 11, 22, 14)}","{(0, 6, 4, 4)}"
"(1, 11, 22, 19, 0)",2,"{(19, 1, 11, 22)}","{('?', 7, '?', 4)}"
"(1, 11, 23, 14, 0)",2,"{(1, 11, 14, 23)}","{(0, 6, 6, '?')}"
"(1, 11, 23, 15, 0)",1,"{(1, 11, 15, 23)}","{(5, 7, 5, 1)}"
"(1, 11, 23, 22, 0)",1,"{(1, 11, 22, 23)}","{(0, 6, 6, 0)}"
"(1, 11, 23, 6, 0)",2,"{(1, 11, 6, 23)}","{(3, '?', 6, 1)}"
"(1, 11, 24, 11, 0)",1,"{(24, 1, 11)}","{(1, 7, 4, '?')}"
"(1, 11, 24, 17, 0)",4,"{(24, 1, 11, 17)}","{(2, '?', '?', '?')}"
"(1, 11, 24, 19, 0)",7,"{(24, 1, 11, 19)}","{('?', '?', '?', '?')}"
"(1, 11, 24, 22, 0)",3,"{(24, 1, 11, 22)}","{('?', 6, '?', 4)}"
"(1, 11, 24, 23, 0)",5,"{(24, 1, 11, 23)}","{('?', '?', '?', '?')}"
"(1, 11, 24, 24, 0)",6,"{(24, 1, 11)}","{('?', '?', '?', '?')}"
"(1, 11, 24, 7, 0)",5,"{(24, 1, 11, 7)}","{('?', '?', '?', '?')}"
"(1, 11, 24, 8, 0)",4,"{(24, 1, 11, 8)}","{('?', '?', '?', '?')}"
"(1, 11, 25, 22, 0)",1,"{(1, 11, 25, 22)}","{(0, 6, 6, 4)}"
"(1, 11, 5, 14, 0)",1,"{(1, 11, 5, 14)}","{(0, 6, 4, '?')}"
"(1, 11, 6, 19, 0)",1,"{(19, 1, 11, 6)}","{(3, 6, 4, '?')}"
"(1, 11, 6, 22, 0)",2,"{(1, 11, 6, 22)}","{(3, 7, '?', 4)}"
"(1, 11, 6, 23, 0)",4,"{(1, 11, 6, 23)}","{(3, '?', '?', 1)}"
"(1, 11, 6, 6, 0)",8,"{(1, 11, 6)}","{(3, '?', '?', '?')}"
"(1, 11, 6, 7, 0)",1,"{(1, 11, 6, 7)}","{(3, 6, 6, 7)}"
"(1, 11, 7, 14, 0)",2,"{(1, 11, 14, 7)}","{(0, '?', '?', 7)}"
"(1, 11, 7, 15, 0)",6,"{(1, 11, 15, 7)}","{('?', '?', '?', '?')}"
"(1, 11, 7, 19, 0)",5,"{(19, 1, 11, 7)}","{('?', '?', '?', '?')}"
"(1, 11, 7, 22, 0)",2,"{(1, 11, 22, 7)}","{(0, 6, '?', 0)}"
"(1, 11, 7, 24, 0)",9,"{(24, 1, 11, 7)}","{('?', '?', '?', '?')}"
"(1, 11, 7, 6, 0)",7,"{(1, 11, 6, 7)}","{(3, '?', '?', '?')}"
"(1, 11, 8, 14, 0)",1,"{(8, 1, 11, 14)}","{(0, 6, 4, '?')}"
"(1, 12, 10, 24, 0)",2,"{(24, 1, 10, 12)}","{(2, 0, '?', 3)}"
"(1, 12, 24, 10, 0)",2,"{(24, 1, 10, 12)}","{('?', 0, 4, 3)}"
"(1, 12, 24, 25, 0)",2,"{(24, 1, 12, 25)}","{('?', 0, 4, 3)}"
"(1, 12, 6, 6, 0)",1,"{(1, 12, 6)}","{(3, 0, 4, 3)}"
"(1, 13, 1, 15, 0)",2,"{(1, 13, 15)}","{(7, '?', 5, '?')}"
"(1, 13, 1, 17, 0)",1,"{(1, 13, 17)}","{(5, 5, 4, 0)}"
"(1, 13, 10, 10, 0)",1,"{(1, 10, 13)}","{('?', 5, 6, 3)}"
"(1, 13, 10, 15, 0)",13,"{(1, 10, 13, 15)}","{('?', '?', '?', 3)}"
"(1, 13, 10, 19, 0)",1,"{(1, 10, 19, 13)}","{('?', 5, 5, 3)}"
"(1, 13, 10, 22, 0)",2,"{(1, 10, 13, 22)}","{(0, '?', '?', 3)}"
"(1, 13, 10, 24, 0)",9,"{(24, 1, 10, 13)}","{('?', '?', '?', 3)}"
"(1, 13, 10, 25, 0)",3,"{(1, 10, 13, 25)}","{('?', '?', '?', 3)}"
"(1, 13, 10, 5, 0)",7,"{(1, 10, 5, 13)}","{('?', '?', '?', 3)}"
"(1, 13, 10, 6, 0)",5,"{(1, 10, 13, 6)}","{(3, '?', '?', 3)}"
"(1, 13, 13, 19, 0)",1,"{(1, 19, 13)}","{(3, 5, 6, '?')}"
"(1, 13, 13, 24, 0)",2,"{(24, 1, 13)}","{(1, '?', '?', '?')}"
"(1, 13, 13, 6, 0)",2,"{(1, 13, 6)}","{(3, 2, '?', '?')}"
"(1, 13, 14, 14, 0)",2,"{(1, 13, 14)}","{(0, 5, '?', '?')}"
"(1, 13, 14, 15, 0)",13,"{(1, 13, 14, 15)}","{('?', '?', '?', 4)}"
"(1, 13, 14, 19, 0)",2,"{(1, 19, 13, 14)}","{('?', 5, '?', 4)}"
"(1, 13, 14, 22, 0)",2,"{(1, 13, 14, 22)}","{(0, 2, '?', 4)}"
"(1, 13, 14, 5, 0)",4,"{(1, 5, 13, 14)}","{('?', '?', '?', 4)}"
"(1, 13, 14, 6, 0)",4,"{(1, 13, 14, 6)}","{(3, '?', '?', 4)}"
"(1, 13, 14, 8, 0)",1,"{(8, 1, 13, 14)}","{(0, 5, 4, 4)}"
"(1, 13, 15, 10, 0)",1,"{(1, 10, 13, 15)}","{(7, 2, 6, 1)}"
"(1, 13, 15, 15, 0)",11,"{(1, 13, 15)}","{('?', '?', '?', '?')}"
"(1, 13, 15, 17, 0)",6,"{(1, 13, 17, 15)}","{('?', 5, '?', '?')}"
"(1, 13, 15, 19, 0)",6,"{(1, 19, 13, 15)}","{('?', '?', '?', '?')}"
"(1, 13, 15, 5, 0)",1,"{(1, 5, 13, 15)}","{(5, 5, 6, '?')}"
"(1, 13, 15, 7, 0)",7,"{(1, 7, 13, 15)}","{('?', '?', '?', '?')}"
"(1, 13, 17, 1, 0)",2,"{(1, 13, 17)}","{(5, 2, '?', 7)}"
"(1, 13, 17, 13, 0)",2,"{(1, 13, 17)}","{('?', 5, '?', 0)}"
"(1, 13, 17, 14, 0)",9,"{(1, 13, 17, 14)}","{(0, '?', '?', '?')}"
"(1, 13, 17, 15, 0)",17,"{(1, 13, 17, 15)}","{('?', '?', '?', '?')}"
"(1, 13, 17, 19, 0)",4,"{(1, 19, 13, 17)}","{('?', '?', '?', 0)}"
"(1, 13, 17, 22, 0)",4,"{(1, 13, 17, 22)}","{(0, '?', '?', '?')}"
"(1, 13, 17, 24, 0)",13,"{(24, 1, 13, 17)}","{('?', '?', '?', '?')}"
"(1, 13, 17, 5, 0)",3,"{(1, 5, 13, 17)}","{('?', 5, '?', 0)}"
"(1, 13, 17, 6, 0)",9,"{(1, 13, 17, 6)}","{(3, '?', '?', '?')}"
"(1, 13, 19, 15, 0)",2,"{(1, 19, 13, 15)}","{(5, '?', '?', '?')}"
"(1, 13, 19, 19, 0)",6,"{(1, 19, 13)}","{('?', '?', '?', '?')}"
"(1, 13, 19, 22, 0)",2,"{(1, 19, 13, 22)}","{(0, '?', 5, '?')}"
"(1, 13, 19, 24, 0)",6,"{(24, 1, 19, 13)}","{('?', '?', '?', '?')}"
"(1, 13, 19, 5, 0)",2,"{(1, 5, 19, 13)}","{('?', 2, '?', '?')}"
"(1, 13, 19, 6, 0)",2,"{(1, 19, 13, 6)}","{(3, '?', '?', '?')}"
"(1, 13, 19, 8, 0)",1,"{(8, 1, 19, 13)}","{(1, 2, 6, '?')}"
"(1, 13, 22, 15, 0)",8,"{(1, 13, 22, 15)}","{('?', '?', '?', 4)}"
"(1, 13, 22, 19, 0)",5,"{(1, 19, 13, 22)}","{('?', '?', '?', 4)}"
"(1, 13, 22, 24, 0)",7,"{(24, 1, 13, 22)}","{('?', '?', '?', 4)}"
"(1, 13, 22, 5, 0)",8,"{(1, 5, 13, 22)}","{('?', '?', '?', 4)}"
"(1, 13, 22, 6, 0)",3,"{(1, 13, 22, 6)}","{(3, '?', '?', 4)}"
"(1, 13, 22, 8, 0)",2,"{(8, 1, 13, 22)}","{(1, 5, '?', 4)}"
"(1, 13, 23, 14, 0)",1,"{(1, 13, 14, 23)}","{(0, 5, 6, 1)}"
"(1, 13, 23, 15, 0)",7,"{(1, 15, 13, 23)}","{('?', '?', '?', '?')}"
"(1, 13, 23, 19, 0)",5,"{(1, 19, 13, 23)}","{('?', '?', '?', 1)}"
"(1, 13, 23, 22, 0)",1,"{(1, 13, 22, 23)}","{(0, 5, 5, 1)}"
"(1, 13, 23, 24, 0)",3,"{(24, 1, 13, 23)}","{('?', 5, '?', 1)}"
"(1, 13, 23, 6, 0)",3,"{(1, 13, 6, 23)}","{(3, '?', '?', 1)}"
"(1, 13, 24, 10, 0)",1,"{(24, 1, 10, 13)}","{(1, 5, 4, '?')}"
"(1, 13, 24, 17, 0)",2,"{(24, 1, 13, 17)}","{('?', 5, '?', '?')}"
"(1, 13, 24, 19, 0)",8,"{(24, 1, 19, 13)}","{('?', '?', '?', '?')}"
"(1, 13, 24, 22, 0)",6,"{(24, 1, 13, 22)}","{('?', '?', '?', 4)}"
"(1, 13, 24, 23, 0)",2,"{(24, 1, 13, 23)}","{('?', '?', 4, 1)}"
"(1, 13, 24, 24, 0)",3,"{(24, 1, 13)}","{('?', '?', '?', '?')}"
"(1, 13, 25, 1, 0)",1,"{(1, 13, 25)}","{(7, 2, 5, 5)}"
"(1, 13, 25, 14, 0)",1,"{(1, 13, 25, 14)}","{(0, 2, 5, 3)}"
"(1, 13, 25, 15, 0)",1,"{(1, 13, 25, 15)}","{(7, 2, 5, 5)}"
"(1, 13, 25, 19, 0)",3,"{(1, 19, 13, 25)}","{('?', '?', '?', 3)}"
"(1, 13, 25, 22, 0)",1,"{(1, 13, 25, 22)}","{(0, 2, 5, 3)}"
"(1, 13, 25, 25, 0)",1,"{(1, 13, 25)}","{(5, 2, 6, 3)}"
"(1, 13, 25, 5, 0)",6,"{(1, 5, 13, 25)}","{('?', '?', '?', 3)}"
"(1, 13, 25, 6, 0)",4,"{(1, 13, 25, 6)}","{(3, '?', '?', 3)}"
"(1, 13, 5, 10, 0)",8,"{(1, 5, 10, 13)}","{('?', '?', '?', 3)}"
"(1, 13, 5, 13, 0)",2,"{(1, 5, 13)}","{('?', 2, '?', '?')}"
"(1, 13, 5, 14, 0)",1,"{(1, 5, 13, 14)}","{(6, 5, 5, 4)}"
"(1, 13, 5, 17, 0)",3,"{(1, 5, 13, 17)}","{('?', 5, '?', 0)}"
"(1, 13, 5, 18, 0)",1,"{(1, 5, 18, 13)}","{(4, 2, 4, 4)}"
"(1, 13, 5, 19, 0)",3,"{(1, 5, 19, 13)}","{(6, '?', '?', '?')}"
"(1, 13, 5, 22, 0)",4,"{(1, 5, 13, 22)}","{('?', '?', '?', 4)}"
"(1, 13, 5, 23, 0)",1,"{(1, 5, 13, 23)}","{(0, 5, 5, 1)}"
"(1, 13, 5, 25, 0)",6,"{(1, 5, 13, 25)}","{('?', '?', '?', 3)}"
"(1, 13, 5, 5, 0)",1,"{(1, 5, 13)}","{(4, 5, 5, 4)}"
"(1, 13, 5, 7, 0)",1,"{(1, 5, 13, 7)}","{(6, 2, 6, 7)}"
"(1, 13, 6, 14, 0)",2,"{(1, 13, 6, 14)}","{(3, 2, '?', 4)}"
"(1, 13, 6, 17, 0)",2,"{(1, 13, 6, 17)}","{(3, 2, 5, '?')}"
"(1, 13, 6, 23, 0)",3,"{(1, 13, 6, 23)}","{(3, '?', '?', 1)}"
"(1, 13, 6, 6, 0)",9,"{(1, 13, 6)}","{(3, '?', '?', '?')}"
"(1, 13, 7, 13, 0)",1,"{(1, 13, 7)}","{('?', 2, 5, 0)}"
"(1, 13, 7, 14, 0)",3,"{(1, 13, 14, 7)}","{(0, '?', '?', '?')}"
"(1, 13, 7, 15, 0)",5,"{(1, 15, 13, 7)}","{('?', '?', '?', '?')}"
"(1, 13, 7, 19, 0)",7,"{(1, 19, 13, 7)}","{('?', '?', '?', '?')}"
"(1, 13, 7, 22, 0)",5,"{(1, 13, 22, 7)}","{(0, '?', '?', '?')}"
"(1, 13, 7, 24, 0)",6,"{(24, 1, 13, 7)}","{('?', '?', '?', '?')}"
"(1, 13, 7, 5, 0)",5,"{(1, 5, 13, 7)}","{('?', '?', '?', '?')}"
"(1, 13, 7, 6, 0)",6,"{(1, 13, 6, 7)}","{(3, '?', '?', '?')}"
"(1, 14, 11, 14, 0)",4,"{(1, 11, 14)}","{(0, '?', '?', 4)}"
"(1, 14, 11, 22, 0)",1,"{(1, 11, 14, 22)}","{(0, 7, 4, 4)}"
"(1, 14, 11, 6, 0)",2,"{(1, 11, 14, 6)}","{(3, '?', '?', 4)}"
"(1, 14, 21, 6, 0)",1,"{(1, 21, 14, 6)}","{(3, 3, 6, 4)}"
"(1, 14, 22, 14, 0)",1,"{(1, 14, 22)}","{(0, '?', 6, 4)}"
"(1, 14, 22, 22, 0)",3,"{(1, 14, 22)}","{(0, '?', '?', 4)}"
"(1, 14, 27, 6, 0)",2,"{(1, 27, 14, 6)}","{(3, 0, '?', 4)}"
"(1, 14, 3, 14, 0)",1,"{(1, 3, 14)}","{(0, 3, 5, 4)}"
"(1, 14, 5, 27, 0)",2,"{(1, 27, 5, 14)}","{('?', 0, 6, 4)}"
"(1, 14, 5, 5, 0)",1,"{(1, 5, 14)}","{(4, '?', 6, 4)}"
"(1, 14, 5, 6, 0)",1,"{(1, 5, 14, 6)}","{(6, 4, 4, 4)}"
"(1, 14, 5, 9, 0)",1,"{(1, 5, 14, 9)}","{(4, 0, 4, 4)}"
"(1, 14, 6, 14, 0)",2,"{(1, 14, 6)}","{(0, '?', '?', 4)}"
"(1, 14, 6, 22, 0)",5,"{(1, 22, 14, 6)}","{(0, '?', '?', 4)}"
"(1, 14, 6, 6, 0)",1,"{(1, 14, 6)}","{(3, 6, 4, 4)}"
"(1, 15, 6, 17, 0)",2,"{(1, 17, 6, 15)}","{('?', '?', '?', '?')}"
"(1, 15, 7, 15, 0)",1,"{(1, 7, 15)}","{(5, '?', 5, 7)}"
"(1, 17, 1, 1, 0)",1,"{(1, 17)}","{(5, 1, 6, 7)}"
"(1, 17, 1, 15, 0)",1,"{(1, 17, 15)}","{(5, 4, 5, 7)}"
"(1, 17, 11, 14, 0)",1,"{(1, 11, 17, 14)}","{(0, 6, 4, 0)}"
"(1, 17, 11, 15, 0)",1,"{(1, 11, 17, 15)}","{(7, 7, 6, 0)}"
"(1, 17, 11, 23, 0)",1,"{(1, 11, 17, 23)}","{(0, 6, 4, 0)}"
"(1, 17, 11, 6, 0)",3,"{(1, 11, 17, 6)}","{(3, '?', '?', '?')}"
"(1, 17, 11, 8, 0)",1,"{(8, 1, 11, 17)}","{(3, 7, 6, 0)}"
"(1, 17, 13, 15, 0)",1,"{(1, 13, 17, 15)}","{(7, 2, 6, 0)}"
"(1, 17, 14, 11, 0)",1,"{(1, 11, 17, 14)}","{(0, 6, 4, 0)}"
"(1, 17, 15, 11, 0)",1,"{(1, 11, 17, 15)}","{(5, 6, 6, 0)}"
"(1, 17, 15, 15, 0)",7,"{(1, 17, 15)}","{('?', '?', '?', '?')}"
"(1, 17, 15, 19, 0)",2,"{(1, 19, 17, 15)}","{(5, '?', 4, '?')}"
"(1, 17, 15, 6, 0)",1,"{(1, 6, 17, 15)}","{(7, 4, 4, 0)}"
"(1, 17, 19, 14, 0)",3,"{(1, 19, 17, 14)}","{(0, '?', '?', '?')}"
"(1, 17, 19, 6, 0)",1,"{(1, 19, 17, 6)}","{(3, '?', 4, 0)}"
"(1, 17, 21, 14, 0)",3,"{(1, 21, 17, 14)}","{(0, 3, '?', '?')}"
"(1, 17, 21, 15, 0)",2,"{(1, 21, 17, 15)}","{(5, 3, '?', '?')}"
"(1, 17, 21, 19, 0)",1,"{(1, 19, 21, 17)}","{(0, 3, 6, 7)}"
"(1, 17, 21, 22, 0)",2,"{(1, 21, 17, 22)}","{(0, 3, '?', 7)}"
"(1, 17, 21, 23, 0)",1,"{(1, 21, 17, 23)}","{(0, 3, 6, 7)}"
"(1, 17, 21, 24, 0)",1,"{(24, 1, 21, 17)}","{(1, 3, 5, 0)}"
"(1, 17, 21, 5, 0)",1,"{(1, 5, 21, 17)}","{(0, 3, 5, 0)}"
"(1, 17, 21, 6, 0)",2,"{(1, 21, 17, 6)}","{(3, 3, '?', 0)}"
"(1, 17, 22, 14, 0)",4,"{(1, 14, 17, 22)}","{(0, '?', '?', '?')}"
"(1, 17, 22, 22, 0)",2,"{(1, 17, 22)}","{(0, '?', '?', '?')}"
"(1, 17, 22, 27, 0)",1,"{(1, 27, 17, 22)}","{(0, 0, 5, 7)}"
"(1, 17, 24, 11, 0)",2,"{(24, 1, 11, 17)}","{('?', 6, 4, 0)}"
"(1, 17, 24, 19, 0)",1,"{(24, 1, 19, 17)}","{(2, '?', 5, 0)}"
"(1, 17, 24, 21, 0)",1,"{(24, 1, 21, 17)}","{(2, 3, 5, 0)}"
"(1, 17, 24, 24, 0)",2,"{(24, 1, 17)}","{('?', '?', 4, 7)}"
"(1, 17, 24, 6, 0)",6,"{(24, 1, 17, 6)}","{('?', '?', '?', '?')}"
"(1, 17, 27, 14, 0)",3,"{(1, 27, 17, 14)}","{(0, 0, '?', '?')}"
"(1, 17, 27, 19, 0)",3,"{(19, 1, 27, 17)}","{('?', 0, '?', '?')}"
"(1, 17, 27, 22, 0)",1,"{(1, 27, 17, 22)}","{(0, 0, 4, 7)}"
"(1, 17, 27, 6, 0)",2,"{(1, 27, 17, 6)}","{(3, 0, '?', 7)}"
"(1, 17, 3, 15, 0)",2,"{(1, 3, 17, 15)}","{('?', 3, '?', 0)}"
"(1, 17, 6, 1, 0)",2,"{(1, 17, 6)}","{(5, 4, '?', 0)}"
"(1, 17, 6, 14, 0)",4,"{(1, 14, 17, 6)}","{(0, '?', '?', '?')}"
"(1, 17, 6, 15, 0)",10,"{(1, 15, 17, 6)}","{('?', '?', '?', '?')}"
"(1, 17, 6, 19, 0)",3,"{(1, 19, 17, 6)}","{('?', '?', '?', 0)}"
"(1, 17, 6, 22, 0)",1,"{(1, 22, 17, 6)}","{(0, 1, 5, 7)}"
"(1, 17, 6, 24, 0)",1,"{(24, 1, 17, 6)}","{(2, 1, 6, 0)}"
"(1, 17, 6, 6, 0)",2,"{(1, 17, 6)}","{(3, '?', '?', 0)}"
"(1, 18, 1, 15, 0)",4,"{(1, 18, 15)}","{('?', '?', '?', '?')}"
"(1, 18, 15, 15, 0)",5,"{(1, 18, 15)}","{('?', '?', '?', '?')}"
"(1, 18, 15, 19, 0)",1,"{(1, 18, 19, 15)}","{(7, 2, 6, '?')}"
"(1, 18, 19, 19, 0)",3,"{(1, 18, 19)}","{('?', '?', '?', '?')}"
"(1, 18, 19, 5, 0)",1,"{(1, 18, 19, 5)}","{(6, 2, 6, '?')}"
"(1, 18, 22, 5, 0)",1,"{(1, 18, 5, 22)}","{(6, 5, 4, 4)}"
"(1, 18, 23, 14, 0)",5,"{(1, 18, 14, 23)}","{(0, '?', '?', 1)}"
"(1, 18, 23, 15, 0)",2,"{(1, 18, 15, 23)}","{(7, 2, '?', 1)}"
"(1, 18, 23, 19, 0)",2,"{(1, 18, 19, 23)}","{('?', 2, '?', 1)}"
"(1, 18, 23, 22, 0)",1,"{(1, 18, 22, 23)}","{(0, 2, 4, 1)}"
"(1, 18, 23, 6, 0)",1,"{(1, 18, 6, 23)}","{(3, 5, 6, 1)}"
"(1, 18, 5, 19, 0)",5,"{(1, 18, 19, 5)}","{('?', '?', '?', '?')}"
"(1, 18, 5, 7, 0)",3,"{(1, 18, 5, 7)}","{(6, '?', '?', '?')}"
"(1, 18, 6, 23, 0)",1,"{(1, 18, 6, 23)}","{(3, 2, 4, 1)}"
"(1, 18, 7, 19, 0)",1,"{(1, 18, 19, 7)}","{('?', 5, 5, 7)}"
"(1, 18, 7, 5, 0)",4,"{(1, 18, 5, 7)}","{('?', '?', '?', '?')}"
"(1, 19, 1, 15, 0)",3,"{(1, 19, 15)}","{(7, '?', '?', '?')}"
"(1, 19, 1, 21, 0)",3,"{(1, 19, 21)}","{(7, 3, '?', 5)}"
"(1, 19, 1, 27, 0)",1,"{(27, 1, 19)}","{(7, 0, 5, 7)}"
"(1, 19, 1, 3, 0)",2,"{(3, 1, 19)}","{(7, 3, '?', 5)}"
"(1, 19, 11, 19, 0)",2,"{(11, 1, 19)}","{('?', 6, '?', '?')}"
"(1, 19, 11, 22, 0)",1,"{(11, 1, 19, 22)}","{(0, 6, 6, 4)}"
"(1, 19, 11, 23, 0)",1,"{(11, 1, 19, 23)}","{('?', 7, 5, 1)}"
"(1, 19, 11, 24, 0)",2,"{(11, 1, 19, 24)}","{(1, '?', '?', '?')}"
"(1, 19, 13, 19, 0)",1,"{(1, 19, 13)}","{('?', 2, 6, '?')}"
"(1, 19, 14, 14, 0)",1,"{(1, 19, 14)}","{(0, '?', 4, '?')}"
"(1, 19, 14, 22, 0)",1,"{(1, 19, 14, 22)}","{(0, '?', 4, 7)}"
"(1, 19, 14, 27, 0)",1,"{(27, 1, 19, 14)}","{(0, 0, 6, '?')}"
"(1, 19, 15, 11, 0)",6,"{(11, 1, 19, 15)}","{('?', '?', '?', '?')}"
"(1, 19, 15, 15, 0)",5,"{(1, 19, 15)}","{('?', '?', '?', '?')}"
"(1, 19, 15, 19, 0)",6,"{(1, 19, 15)}","{('?', '?', '?', '?')}"
"(1, 19, 15, 21, 0)",3,"{(1, 19, 21, 15)}","{('?', 3, '?', '?')}"
"(1, 19, 15, 6, 0)",2,"{(1, 19, 6, 15)}","{('?', '?', 5, '?')}"
"(1, 19, 19, 11, 0)",1,"{(11, 1, 19)}","{('?', 6, 6, '?')}"
"(1, 19, 19, 14, 0)",1,"{(1, 19, 14)}","{(0, '?', 6, '?')}"
"(1, 19, 19, 19, 0)",1,"{(1, 19)}","{('?', '?', 5, '?')}"
"(1, 19, 19, 22, 0)",1,"{(1, 19, 22)}","{(0, '?', 4, '?')}"
"(1, 19, 19, 24, 0)",4,"{(24, 1, 19)}","{('?', '?', '?', '?')}"
"(1, 19, 19, 6, 0)",1,"{(1, 19, 6)}","{(3, '?', 4, '?')}"
"(1, 19, 21, 14, 0)",2,"{(1, 19, 21, 14)}","{(0, 3, 6, '?')}"
"(1, 19, 21, 15, 0)",3,"{(1, 19, 21, 15)}","{('?', 3, 6, '?')}"
"(1, 19, 21, 19, 0)",9,"{(1, 19, 21)}","{('?', 3, '?', '?')}"
"(1, 19, 21, 22, 0)",4,"{(1, 19, 21, 22)}","{(0, 3, '?', '?')}"
"(1, 19, 21, 24, 0)",8,"{(24, 1, 19, 21)}","{('?', 3, '?', '?')}"
"(1, 19, 21, 6, 0)",4,"{(1, 19, 21, 6)}","{(3, 3, '?', '?')}"
"(1, 19, 22, 14, 0)",1,"{(1, 19, 22, 14)}","{(0, '?', 6, '?')}"
"(1, 19, 22, 22, 0)",2,"{(1, 19, 22)}","{(0, '?', 6, '?')}"
"(1, 19, 23, 15, 0)",1,"{(1, 19, 15, 23)}","{(7, '?', 6, 1)}"
"(1, 19, 24, 19, 0)",5,"{(24, 1, 19)}","{('?', '?', '?', '?')}"
"(1, 19, 24, 21, 0)",2,"{(24, 1, 19, 21)}","{(2, 3, '?', 5)}"
"(1, 19, 24, 24, 0)",1,"{(24, 1, 19)}","{(2, '?', 5, '?')}"
"(1, 19, 24, 25, 0)",1,"{(24, 1, 19, 25)}","{(1, 6, 6, 4)}"
"(1, 19, 24, 27, 0)",1,"{(24, 1, 19, 27)}","{(2, 3, 6, 5)}"
"(1, 19, 24, 6, 0)",2,"{(24, 1, 19, 6)}","{('?', 4, '?', 1)}"
"(1, 19, 24, 9, 0)",1,"{(24, 1, 19, 9)}","{(2, 0, 5, '?')}"
"(1, 19, 25, 24, 0)",1,"{(24, 1, 19, 25)}","{(1, 6, 6, 4)}"
"(1, 19, 25, 6, 0)",1,"{(1, 19, 25, 6)}","{(3, '?', 6, 5)}"
"(1, 19, 27, 14, 0)",1,"{(27, 1, 19, 14)}","{(0, 0, 4, '?')}"
"(1, 19, 27, 15, 0)",3,"{(27, 1, 19, 15)}","{(7, 0, '?', '?')}"
"(1, 19, 27, 19, 0)",1,"{(27, 1, 19)}","{('?', 0, 4, '?')}"
"(1, 19, 27, 22, 0)",1,"{(27, 1, 19, 22)}","{(0, 0, 5, '?')}"
"(1, 19, 3, 15, 0)",6,"{(3, 1, 19, 15)}","{('?', 3, '?', '?')}"
"(1, 19, 5, 18, 0)",1,"{(1, 18, 19, 5)}","{(6, 2, 5, '?')}"
"(1, 19, 5, 19, 0)",1,"{(1, 19, 5)}","{(4, 2, 5, '?')}"
"(1, 19, 6, 11, 0)",1,"{(11, 1, 19, 6)}","{(3, 6, 6, '?')}"
"(1, 19, 6, 19, 0)",2,"{(1, 19, 6)}","{('?', '?', 5, '?')}"
"(1, 19, 6, 24, 0)",1,"{(24, 1, 19, 6)}","{(2, 1, 6, '?')}"
"(1, 19, 6, 6, 0)",4,"{(1, 19, 6)}","{(3, '?', '?', '?')}"
"(1, 19, 6, 9, 0)",1,"{(1, 19, 6, 9)}","{(3, 3, 6, 5)}"
"(1, 19, 9, 14, 0)",2,"{(1, 19, 9, 14)}","{(0, 0, 5, '?')}"
"(1, 19, 9, 15, 0)",4,"{(1, 19, 9, 15)}","{('?', 0, '?', '?')}"
"(1, 19, 9, 19, 0)",3,"{(1, 19, 9)}","{('?', 0, '?', '?')}"
"(1, 19, 9, 24, 0)",4,"{(24, 1, 19, 9)}","{('?', 0, '?', '?')}"
"(1, 19, 9, 6, 0)",4,"{(1, 19, 9, 6)}","{(3, 0, '?', '?')}"
"(1, 21, 15, 17, 0)",2,"{(1, 21, 17, 15)}","{(5, 3, '?', 0)}"
"(1, 21, 15, 19, 0)",3,"{(1, 19, 21, 15)}","{('?', 3, '?', '?')}"
"(1, 21, 17, 24, 0)",2,"{(24, 1, 21, 17)}","{(2, 3, 6, '?')}"
"(1, 21, 17, 6, 0)",1,"{(1, 21, 17, 6)}","{(3, 3, 5, 0)}"
"(1, 21, 19, 14, 0)",3,"{(1, 19, 21, 14)}","{(0, 3, '?', '?')}"
"(1, 21, 19, 19, 0)",1,"{(1, 19, 21)}","{('?', 3, 5, '?')}"
"(1, 21, 19, 24, 0)",3,"{(24, 1, 19, 21)}","{('?', 3, '?', '?')}"
"(1, 21, 21, 24, 0)",1,"{(24, 1, 21)}","{(2, 3, 5, '?')}"
"(1, 21, 22, 5, 0)",1,"{(1, 5, 21, 22)}","{(4, 3, 6, 4)}"
"(1, 21, 23, 24, 0)",1,"{(24, 1, 21, 23)}","{(2, 3, 4, 1)}"
"(1, 21, 24, 17, 0)",3,"{(24, 1, 21, 17)}","{('?', 3, '?', '?')}"
"(1, 21, 24, 19, 0)",7,"{(24, 1, 19, 21)}","{('?', 3, '?', '?')}"
"(1, 21, 24, 23, 0)",1,"{(24, 1, 21, 23)}","{(2, 3, 6, '?')}"
"(1, 21, 24, 24, 0)",1,"{(24, 1, 21)}","{(1, 3, 6, 5)}"
"(1, 21, 24, 7, 0)",1,"{(24, 1, 21, 7)}","{(2, 3, 4, 7)}"
"(1, 21, 24, 8, 0)",2,"{(24, 1, 21, 8)}","{(1, 3, '?', '?')}"
"(1, 21, 6, 6, 0)",3,"{(1, 21, 6)}","{(3, 3, '?', '?')}"
"(1, 21, 7, 15, 0)",1,"{(1, 15, 21, 7)}","{(5, 3, 4, 7)}"
"(1, 21, 7, 19, 0)",2,"{(1, 19, 21, 7)}","{('?', 3, 4, '?')}"
"(1, 21, 7, 22, 0)",1,"{(1, 21, 22, 7)}","{(0, 3, 6, 0)}"
"(1, 21, 7, 24, 0)",1,"{(24, 1, 21, 7)}","{(1, 3, 5, 0)}"
"(1, 21, 7, 5, 0)",1,"{(1, 5, 21, 7)}","{(0, 3, 5, 0)}"
"(1, 21, 7, 6, 0)",1,"{(1, 21, 6, 7)}","{(3, 3, 6, 0)}"
"(1, 22, 1, 15, 0)",4,"{(1, 22, 15)}","{('?', '?', '?', 4)}"
"(1, 22, 1, 6, 0)",2,"{(1, 22, 6)}","{(7, 1, '?', 4)}"
"(1, 22, 11, 1, 0)",1,"{(1, 11, 22)}","{('?', 6, 4, 4)}"
"(1, 22, 11, 14, 0)",2,"{(1, 11, 22, 14)}","{(0, '?', '?', 4)}"
"(1, 22, 11, 15, 0)",11,"{(1, 11, 22, 15)}","{('?', '?', '?', 4)}"
"(1, 22, 11, 19, 0)",4,"{(19, 1, 11, 22)}","{('?', '?', '?', 4)}"
"(1, 22, 11, 22, 0)",2,"{(1, 11, 22)}","{(0, '?', 5, 4)}"
"(1, 22, 11, 24, 0)",6,"{(24, 1, 11, 22)}","{('?', '?', '?', 4)}"
"(1, 22, 11, 6, 0)",5,"{(1, 11, 22, 6)}","{(3, '?', '?', 4)}"
"(1, 22, 13, 13, 0)",1,"{(1, 13, 22)}","{(1, 2, 6, 4)}"
"(1, 22, 13, 14, 0)",2,"{(1, 13, 22, 14)}","{(0, '?', 5, 4)}"
"(1, 22, 13, 15, 0)",2,"{(1, 13, 22, 15)}","{(7, 2, '?', 4)}"
"(1, 22, 13, 19, 0)",5,"{(1, 19, 13, 22)}","{('?', '?', '?', 4)}"
"(1, 22, 13, 22, 0)",1,"{(1, 13, 22)}","{(1, 5, 5, 4)}"
"(1, 22, 13, 24, 0)",3,"{(24, 1, 13, 22)}","{('?', '?', '?', 4)}"
"(1, 22, 13, 6, 0)",3,"{(1, 13, 22, 6)}","{(3, '?', '?', 4)}"
"(1, 22, 14, 14, 0)",1,"{(1, 22, 14)}","{(0, 5, 5, 4)}"
"(1, 22, 15, 11, 0)",6,"{(1, 11, 22, 15)}","{('?', '?', '?', 4)}"
"(1, 22, 15, 15, 0)",11,"{(1, 22, 15)}","{('?', '?', '?', 4)}"
"(1, 22, 15, 19, 0)",5,"{(1, 19, 22, 15)}","{('?', '?', '?', 4)}"
"(1, 22, 15, 21, 0)",1,"{(1, 21, 22, 15)}","{(7, 3, 5, 4)}"
"(1, 22, 15, 22, 0)",1,"{(1, 22, 15)}","{(7, 7, 6, 4)}"
"(1, 22, 15, 5, 0)",3,"{(1, 5, 22, 15)}","{('?', '?', '?', 4)}"
"(1, 22, 15, 6, 0)",1,"{(1, 6, 22, 15)}","{(7, 1, 6, 4)}"
"(1, 22, 18, 5, 0)",3,"{(1, 18, 5, 22)}","{('?', 2, '?', 4)}"
"(1, 22, 19, 13, 0)",2,"{(1, 19, 13, 22)}","{('?', 2, '?', 4)}"
"(1, 22, 19, 15, 0)",2,"{(1, 19, 22, 15)}","{(5, '?', 6, 4)}"
"(1, 22, 19, 19, 0)",2,"{(1, 19, 22)}","{('?', '?', '?', 4)}"
"(1, 22, 19, 24, 0)",11,"{(24, 1, 19, 22)}","{('?', '?', '?', 4)}"
"(1, 22, 19, 6, 0)",6,"{(1, 19, 22, 6)}","{('?', '?', '?', 4)}"
"(1, 22, 19, 9, 0)",1,"{(1, 19, 22, 9)}","{('?', 0, 4, 4)}"
"(1, 22, 21, 15, 0)",5,"{(1, 21, 22, 15)}","{('?', 3, '?', 4)}"
"(1, 22, 21, 19, 0)",2,"{(1, 19, 21, 22)}","{('?', 3, '?', 4)}"
"(1, 22, 21, 22, 0)",3,"{(1, 21, 22)}","{(0, 3, '?', 4)}"
"(1, 22, 21, 24, 0)",5,"{(24, 1, 21, 22)}","{('?', 3, '?', 4)}"
"(1, 22, 21, 6, 0)",2,"{(1, 21, 22, 6)}","{(3, 3, '?', 4)}"
"(1, 22, 22, 11, 0)",1,"{(1, 11, 22)}","{(0, 6, 4, 4)}"
"(1, 22, 22, 14, 0)",2,"{(1, 22, 14)}","{(0, '?', 5, 4)}"
"(1, 22, 22, 15, 0)",1,"{(1, 22, 15)}","{(7, 4, 6, 4)}"
"(1, 22, 22, 22, 0)",5,"{(1, 22)}","{(0, '?', '?', 4)}"
"(1, 22, 24, 11, 0)",7,"{(24, 1, 11, 22)}","{('?', '?', '?', 4)}"
"(1, 22, 24, 13, 0)",6,"{(24, 1, 13, 22)}","{('?', '?', '?', 4)}"
"(1, 22, 24, 19, 0)",11,"{(24, 1, 19, 22)}","{('?', '?', '?', 4)}"
"(1, 22, 24, 21, 0)",1,"{(24, 1, 21, 22)}","{(2, 3, 5, 4)}"
"(1, 22, 24, 22, 0)",13,"{(24, 1, 22)}","{('?', '?', '?', 4)}"
"(1, 22, 24, 24, 0)",1,"{(24, 1, 22)}","{(2, 4, 6, 4)}"
"(1, 22, 24, 27, 0)",2,"{(24, 1, 27, 22)}","{(1, '?', '?', 4)}"
"(1, 22, 24, 6, 0)",11,"{(24, 1, 22, 6)}","{('?', '?', '?', 4)}"
"(1, 22, 24, 8, 0)",2,"{(24, 1, 22, 8)}","{('?', '?', 6, 4)}"
"(1, 22, 27, 10, 0)",1,"{(1, 10, 27, 22)}","{('?', 0, 4, 4)}"
"(1, 22, 27, 15, 0)",6,"{(1, 27, 22, 15)}","{('?', 0, '?', 4)}"
"(1, 22, 27, 19, 0)",2,"{(19, 1, 27, 22)}","{('?', 0, '?', 4)}"
"(1, 22, 27, 22, 0)",1,"{(1, 27, 22)}","{(0, 0, 4, 4)}"
"(1, 22, 27, 24, 0)",8,"{(24, 1, 27, 22)}","{('?', '?', '?', 4)}"
"(1, 22, 27, 6, 0)",4,"{(1, 27, 22, 6)}","{('?', 0, '?', 4)}"
"(1, 22, 3, 15, 0)",3,"{(1, 3, 22, 15)}","{('?', 3, '?', 4)}"
"(1, 22, 5, 11, 0)",4,"{(1, 11, 5, 22)}","{(6, '?', '?', 4)}"
"(1, 22, 5, 13, 0)",9,"{(1, 13, 5, 22)}","{('?', '?', '?', 4)}"
"(1, 22, 5, 18, 0)",3,"{(1, 18, 5, 22)}","{('?', '?', '?', 4)}"
"(1, 22, 5, 19, 0)",5,"{(1, 19, 5, 22)}","{('?', '?', '?', 4)}"
"(1, 22, 5, 21, 0)",2,"{(1, 21, 5, 22)}","{(4, 3, '?', 4)}"
"(1, 22, 5, 22, 0)",2,"{(1, 5, 22)}","{(4, '?', '?', 4)}"
"(1, 22, 5, 27, 0)",3,"{(1, 27, 5, 22)}","{('?', 0, '?', 4)}"
"(1, 22, 5, 5, 0)",1,"{(1, 5, 22)}","{(4, 2, 6, 4)}"
"(1, 22, 5, 6, 0)",1,"{(1, 5, 22, 6)}","{(4, 4, 6, 4)}"
"(1, 22, 5, 9, 0)",4,"{(1, 5, 22, 9)}","{('?', 0, '?', 4)}"
"(1, 22, 6, 1, 0)",2,"{(1, 22, 6)}","{('?', 1, '?', 4)}"
"(1, 22, 6, 14, 0)",2,"{(1, 14, 22, 6)}","{(0, 4, '?', 4)}"
"(1, 22, 6, 15, 0)",11,"{(1, 15, 22, 6)}","{('?', '?', '?', 4)}"
"(1, 22, 6, 19, 0)",5,"{(1, 19, 22, 6)}","{('?', '?', '?', 4)}"
"(1, 22, 6, 22, 0)",2,"{(1, 22, 6)}","{('?', 1, '?', 4)}"
"(1, 22, 6, 24, 0)",11,"{(24, 1, 22, 6)}","{('?', '?', '?', 4)}"
"(1, 22, 6, 6, 0)",5,"{(1, 22, 6)}","{(3, '?', '?', 4)}"
"(1, 22, 9, 15, 0)",5,"{(1, 15, 22, 9)}","{('?', 0, '?', 4)}"
"(1, 22, 9, 19, 0)",2,"{(1, 19, 22, 9)}","{('?', 0, '?', 4)}"
"(1, 22, 9, 24, 0)",6,"{(24, 1, 22, 9)}","{('?', '?', '?', 4)}"
"(1, 22, 9, 6, 0)",3,"{(1, 6, 22, 9)}","{(3, 0, '?', 4)}"
"(1, 22, 9, 9, 0)",2,"{(1, 22, 9)}","{('?', 0, '?', 4)}"
"(1, 23, 1, 15, 0)",3,"{(1, 15, 23)}","{(7, '?', '?', 1)}"
"(1, 23, 1, 19, 0)",1,"{(1, 19, 23)}","{('?', 4, 4, 1)}"
"(1, 23, 11, 14, 0)",2,"{(1, 11, 14, 23)}","{(0, '?', '?', 1)}"
"(1, 23, 11, 15, 0)",9,"{(1, 11, 15, 23)}","{('?', '?', '?', 1)}"
"(1, 23, 11, 19, 0)",6,"{(19, 1, 11, 23)}","{('?', '?', '?', 1)}"
"(1, 23, 11, 22, 0)",2,"{(1, 11, 22, 23)}","{(0, '?', 5, 1)}"
"(1, 23, 11, 24, 0)",12,"{(24, 1, 11, 23)}","{('?', '?', '?', 1)}"
"(1, 23, 11, 6, 0)",5,"{(1, 11, 6, 23)}","{(3, '?', '?', 1)}"
"(1, 23, 13, 15, 0)",5,"{(1, 15, 13, 23)}","{('?', '?', '?', 1)}"
"(1, 23, 13, 19, 0)",3,"{(1, 19, 13, 23)}","{('?', '?', '?', 1)}"
"(1, 23, 13, 23, 0)",1,"{(1, 13, 23)}","{(5, 2, 5, 1)}"
"(1, 23, 13, 5, 0)",1,"{(1, 5, 13, 23)}","{('?', 2, 6, 1)}"
"(1, 23, 13, 6, 0)",2,"{(1, 13, 6, 23)}","{(3, '?', '?', 1)}"
"(1, 23, 15, 11, 0)",4,"{(1, 11, 15, 23)}","{('?', '?', 4, 1)}"
"(1, 23, 15, 15, 0)",4,"{(1, 15, 23)}","{('?', '?', '?', 1)}"
"(1, 23, 15, 19, 0)",2,"{(1, 19, 15, 23)}","{('?', '?', '?', 1)}"
"(1, 23, 18, 6, 0)",1,"{(1, 18, 6, 23)}","{(3, 5, 5, 1)}"
"(1, 23, 19, 13, 0)",3,"{(1, 19, 13, 23)}","{('?', 2, '?', 1)}"
"(1, 23, 19, 14, 0)",2,"{(1, 19, 14, 23)}","{(0, '?', '?', 1)}"
"(1, 23, 19, 15, 0)",6,"{(1, 19, 15, 23)}","{(7, '?', '?', 1)}"
"(1, 23, 19, 19, 0)",6,"{(1, 19, 23)}","{('?', '?', '?', 1)}"
"(1, 23, 19, 21, 0)",1,"{(1, 19, 21, 23)}","{(1, 3, 5, 1)}"
"(1, 23, 19, 22, 0)",3,"{(1, 19, 22, 23)}","{(0, '?', '?', 1)}"
"(1, 23, 19, 23, 0)",3,"{(1, 19, 23)}","{('?', '?', '?', 1)}"
"(1, 23, 19, 24, 0)",18,"{(24, 1, 19, 23)}","{('?', '?', '?', 1)}"
"(1, 23, 19, 5, 0)",1,"{(1, 19, 5, 23)}","{('?', '?', 5, 1)}"
"(1, 23, 19, 6, 0)",3,"{(1, 19, 6, 23)}","{(3, '?', '?', 1)}"
"(1, 23, 19, 8, 0)",1,"{(8, 1, 19, 23)}","{(2, 2, 6, 1)}"
"(1, 23, 19, 9, 0)",1,"{(1, 19, 9, 23)}","{('?', 0, 5, 1)}"
"(1, 23, 21, 14, 0)",1,"{(1, 21, 14, 23)}","{(0, 3, 4, 1)}"
"(1, 23, 21, 15, 0)",4,"{(1, 15, 21, 23)}","{('?', 3, '?', 1)}"
"(1, 23, 21, 19, 0)",2,"{(1, 19, 21, 23)}","{('?', 3, 6, 1)}"
"(1, 23, 21, 22, 0)",1,"{(1, 21, 22, 23)}","{(0, 3, 4, 1)}"
"(1, 23, 21, 23, 0)",1,"{(1, 21, 23)}","{('?', 3, 4, 1)}"
"(1, 23, 21, 24, 0)",4,"{(24, 1, 21, 23)}","{('?', 3, '?', 1)}"
"(1, 23, 21, 6, 0)",3,"{(1, 21, 6, 23)}","{(3, 3, '?', 1)}"
"(1, 23, 22, 22, 0)",3,"{(1, 22, 23)}","{(0, '?', '?', 1)}"
"(1, 23, 24, 11, 0)",2,"{(24, 1, 11, 23)}","{(2, 6, '?', 1)}"
"(1, 23, 24, 13, 0)",1,"{(24, 1, 13, 23)}","{(2, 2, 6, 1)}"
"(1, 23, 24, 19, 0)",3,"{(24, 1, 19, 23)}","{(2, '?', '?', 1)}"
"(1, 23, 24, 21, 0)",1,"{(24, 1, 21, 23)}","{(2, 3, 6, 1)}"
"(1, 23, 24, 24, 0)",3,"{(24, 1, 23)}","{('?', '?', '?', 1)}"
"(1, 23, 24, 27, 0)",1,"{(24, 1, 27, 23)}","{(1, 0, 4, 1)}"
"(1, 23, 24, 6, 0)",10,"{(24, 1, 6, 23)}","{('?', '?', '?', 1)}"
"(1, 23, 24, 8, 0)",1,"{(24, 1, 8, 23)}","{(2, 0, 6, 1)}"
"(1, 23, 27, 15, 0)",4,"{(1, 27, 15, 23)}","{('?', 0, '?', 1)}"
"(1, 23, 27, 24, 0)",1,"{(24, 1, 27, 23)}","{(2, 0, 6, 1)}"
"(1, 23, 27, 6, 0)",2,"{(1, 27, 6, 23)}","{(3, 0, '?', 1)}"
"(1, 23, 5, 11, 0)",9,"{(1, 11, 5, 23)}","{('?', '?', '?', 1)}"
"(1, 23, 5, 13, 0)",5,"{(1, 13, 5, 23)}","{('?', '?', '?', 1)}"
"(1, 23, 5, 18, 0)",5,"{(1, 18, 5, 23)}","{('?', '?', '?', 1)}"
"(1, 23, 5, 19, 0)",3,"{(1, 19, 5, 23)}","{('?', '?', '?', 1)}"
"(1, 23, 5, 21, 0)",3,"{(1, 21, 5, 23)}","{('?', '?', '?', 1)}"
"(1, 23, 5, 22, 0)",1,"{(1, 5, 22, 23)}","{(0, 4, 5, 1)}"
"(1, 23, 5, 23, 0)",3,"{(1, 5, 23)}","{(4, '?', '?', 1)}"
"(1, 23, 5, 25, 0)",5,"{(1, 5, 25, 23)}","{('?', '?', '?', 1)}"
"(1, 23, 5, 5, 0)",2,"{(1, 5, 23)}","{(4, '?', 6, 1)}"
"(1, 23, 5, 6, 0)",1,"{(1, 5, 6, 23)}","{(4, 4, 6, 1)}"
"(1, 23, 5, 9, 0)",3,"{(1, 5, 9, 23)}","{('?', 0, '?', 1)}"
"(1, 23, 6, 14, 0)",3,"{(1, 14, 6, 23)}","{(0, '?', '?', 1)}"
"(1, 23, 6, 15, 0)",9,"{(1, 15, 6, 23)}","{('?', '?', '?', 1)}"
"(1, 23, 6, 19, 0)",8,"{(1, 19, 6, 23)}","{('?', '?', '?', 1)}"
"(1, 23, 6, 22, 0)",4,"{(1, 22, 6, 23)}","{(0, '?', '?', 1)}"
"(1, 23, 6, 24, 0)",8,"{(24, 1, 6, 23)}","{('?', '?', '?', 1)}"
"(1, 23, 6, 5, 0)",1,"{(1, 5, 6, 23)}","{(5, 4, 6, 1)}"
"(1, 23, 6, 6, 0)",4,"{(1, 6, 23)}","{(3, '?', '?', 1)}"
"(1, 23, 9, 15, 0)",4,"{(1, 15, 9, 23)}","{('?', 0, '?', 1)}"
"(1, 23, 9, 19, 0)",2,"{(1, 19, 9, 23)}","{('?', 0, '?', 1)}"
"(1, 23, 9, 22, 0)",1,"{(1, 22, 9, 23)}","{(0, 0, 5, 1)}"
"(1, 23, 9, 24, 0)",3,"{(24, 1, 9, 23)}","{('?', 0, '?', 1)}"
"(1, 23, 9, 5, 0)",3,"{(1, 5, 9, 23)}","{('?', 0, '?', 1)}"
"(1, 23, 9, 6, 0)",3,"{(1, 6, 9, 23)}","{(3, '?', '?', 1)}"
"(1, 24, 1, 24, 0)",1,"{(24, 1)}","{(2, '?', 6, '?')}"
"(1, 24, 11, 24, 0)",1,"{(24, 1, 11)}","{(2, 7, 4, '?')}"
"(1, 24, 17, 24, 0)",2,"{(24, 1, 17)}","{(2, '?', '?', '?')}"
"(1, 24, 17, 6, 0)",3,"{(24, 1, 17, 6)}","{('?', 4, '?', '?')}"
"(1, 24, 19, 24, 0)",1,"{(24, 1, 19)}","{(1, '?', 4, '?')}"
"(1, 24, 23, 6, 0)",1,"{(24, 1, 6, 23)}","{(2, 4, 4, 1)}"
"(1, 24, 25, 11, 0)",1,"{(24, 1, 11, 25)}","{(1, 6, 5, 3)}"
"(1, 24, 27, 24, 0)",1,"{(24, 1, 27)}","{(1, 3, 4, 5)}"
"(1, 24, 27, 7, 0)",1,"{(24, 1, 27, 7)}","{(1, 0, 4, 7)}"
"(1, 24, 6, 17, 0)",4,"{(24, 1, 6, 17)}","{('?', '?', '?', '?')}"
"(1, 24, 6, 19, 0)",2,"{(24, 1, 19, 6)}","{(1, '?', 4, '?')}"
"(1, 24, 6, 23, 0)",1,"{(24, 1, 6, 23)}","{(1, 4, 4, 1)}"
"(1, 24, 6, 24, 0)",1,"{(24, 1, 6)}","{(1, 1, 5, '?')}"
"(1, 25, 1, 11, 0)",2,"{(1, 11, 25)}","{(7, 6, '?', 3)}"
"(1, 25, 1, 15, 0)",8,"{(1, 25, 15)}","{('?', '?', '?', 3)}"
"(1, 25, 1, 6, 0)",2,"{(1, 25, 6)}","{('?', '?', 6, 3)}"
"(1, 25, 10, 15, 0)",2,"{(1, 10, 25, 15)}","{(5, '?', '?', 3)}"
"(1, 25, 11, 14, 0)",3,"{(1, 11, 25, 14)}","{(0, '?', '?', 3)}"
"(1, 25, 11, 15, 0)",11,"{(1, 11, 25, 15)}","{('?', '?', '?', 3)}"
"(1, 25, 11, 19, 0)",4,"{(19, 1, 11, 25)}","{('?', '?', '?', 3)}"
"(1, 25, 11, 24, 0)",8,"{(24, 1, 11, 25)}","{('?', '?', '?', 3)}"
"(1, 25, 11, 6, 0)",4,"{(1, 11, 25, 6)}","{('?', '?', '?', 3)}"
"(1, 25, 13, 19, 0)",1,"{(1, 19, 13, 25)}","{('?', '?', 6, 3)}"
"(1, 25, 13, 22, 0)",1,"{(1, 13, 25, 22)}","{(0, 2, 5, 3)}"
"(1, 25, 13, 24, 0)",1,"{(24, 1, 13, 25)}","{(2, 2, 5, 3)}"
"(1, 25, 13, 6, 0)",1,"{(1, 13, 25, 6)}","{(3, 2, 5, 3)}"
"(1, 25, 14, 11, 0)",3,"{(1, 11, 25, 14)}","{(0, '?', '?', 3)}"
"(1, 25, 14, 14, 0)",1,"{(1, 25, 14)}","{(0, '?', 6, 3)}"
"(1, 25, 14, 22, 0)",3,"{(1, 22, 25, 14)}","{(0, '?', '?', 3)}"
"(1, 25, 14, 6, 0)",3,"{(1, 6, 25, 14)}","{(0, '?', '?', 3)}"
"(1, 25, 15, 10, 0)",2,"{(1, 10, 25, 15)}","{(7, '?', '?', 3)}"
"(1, 25, 15, 11, 0)",8,"{(1, 11, 25, 15)}","{('?', '?', '?', '?')}"
"(1, 25, 15, 13, 0)",1,"{(1, 13, 25, 15)}","{(7, '?', 5, 3)}"
"(1, 25, 15, 15, 0)",9,"{(1, 25, 15)}","{('?', '?', '?', '?')}"
"(1, 25, 15, 21, 0)",1,"{(1, 21, 25, 15)}","{(7, 3, 5, 3)}"
"(1, 25, 15, 25, 0)",3,"{(1, 25, 15)}","{(7, '?', '?', 3)}"
"(1, 25, 19, 10, 0)",2,"{(1, 10, 19, 25)}","{('?', '?', '?', 3)}"
"(1, 25, 19, 11, 0)",1,"{(11, 1, 19, 25)}","{('?', 6, 5, 3)}"
"(1, 25, 19, 19, 0)",3,"{(1, 19, 25)}","{('?', '?', '?', 3)}"
"(1, 25, 19, 24, 0)",3,"{(24, 1, 19, 25)}","{('?', '?', '?', '?')}"
"(1, 25, 19, 25, 0)",3,"{(1, 19, 25)}","{('?', '?', '?', 3)}"
"(1, 25, 19, 5, 0)",1,"{(1, 19, 5, 25)}","{('?', '?', 4, 3)}"
"(1, 25, 19, 6, 0)",4,"{(1, 19, 25, 6)}","{(3, '?', '?', 3)}"
"(1, 25, 21, 10, 0)",2,"{(1, 10, 21, 25)}","{('?', 3, '?', 3)}"
"(1, 25, 21, 15, 0)",4,"{(1, 21, 25, 15)}","{('?', 3, '?', 3)}"
"(1, 25, 21, 19, 0)",3,"{(1, 19, 21, 25)}","{('?', 3, '?', 3)}"
"(1, 25, 21, 24, 0)",4,"{(24, 1, 21, 25)}","{('?', 3, '?', 3)}"
"(1, 25, 21, 5, 0)",1,"{(1, 5, 21, 25)}","{(0, 3, 5, 3)}"
"(1, 25, 21, 6, 0)",2,"{(1, 21, 25, 6)}","{(3, 3, '?', 3)}"
"(1, 25, 22, 11, 0)",3,"{(1, 11, 25, 22)}","{(0, '?', '?', 3)}"
"(1, 25, 22, 14, 0)",2,"{(1, 14, 25, 22)}","{(0, '?', '?', 3)}"
"(1, 25, 22, 22, 0)",3,"{(1, 25, 22)}","{(0, '?', '?', 3)}"
"(1, 25, 24, 10, 0)",2,"{(24, 1, 10, 25)}","{(1, '?', 6, 3)}"
"(1, 25, 24, 11, 0)",5,"{(24, 1, 11, 25)}","{('?', 6, '?', 3)}"
"(1, 25, 24, 13, 0)",1,"{(24, 1, 13, 25)}","{(1, 2, 5, 3)}"
"(1, 25, 24, 19, 0)",3,"{(24, 1, 19, 25)}","{('?', '?', '?', '?')}"
"(1, 25, 24, 21, 0)",1,"{(24, 1, 21, 25)}","{(2, 3, 6, 3)}"
"(1, 25, 24, 24, 0)",2,"{(24, 1, 25)}","{(1, 1, '?', 3)}"
"(1, 25, 24, 25, 0)",6,"{(24, 1, 25)}","{('?', '?', '?', 3)}"
"(1, 25, 24, 27, 0)",1,"{(24, 1, 27, 25)}","{(2, 0, 4, 3)}"
"(1, 25, 24, 6, 0)",9,"{(24, 1, 25, 6)}","{('?', '?', '?', 3)}"
"(1, 25, 24, 8, 0)",5,"{(24, 1, 25, 8)}","{('?', '?', '?', 3)}"
"(1, 25, 25, 11, 0)",3,"{(1, 11, 25)}","{('?', '?', '?', 3)}"
"(1, 25, 25, 15, 0)",7,"{(1, 25, 15)}","{('?', '?', '?', 3)}"
"(1, 25, 25, 19, 0)",3,"{(1, 19, 25)}","{('?', '?', '?', 3)}"
"(1, 25, 25, 21, 0)",1,"{(1, 21, 25)}","{('?', 3, 5, 3)}"
"(1, 25, 25, 24, 0)",3,"{(24, 1, 25)}","{('?', '?', '?', 3)}"
"(1, 25, 25, 25, 0)",1,"{(1, 25)}","{(5, '?', 6, 3)}"
"(1, 25, 25, 6, 0)",2,"{(1, 25, 6)}","{(3, '?', '?', 3)}"
"(1, 25, 27, 10, 0)",1,"{(1, 10, 27, 25)}","{('?', 0, 6, 3)}"
"(1, 25, 27, 15, 0)",6,"{(1, 27, 25, 15)}","{('?', 0, '?', 3)}"
"(1, 25, 27, 19, 0)",1,"{(19, 1, 27, 25)}","{('?', 0, 5, 3)}"
"(1, 25, 27, 22, 0)",1,"{(1, 27, 25, 22)}","{(0, 0, 5, 3)}"
"(1, 25, 27, 24, 0)",2,"{(24, 1, 27, 25)}","{('?', 0, '?', 3)}"
"(1, 25, 27, 6, 0)",4,"{(1, 27, 25, 6)}","{(3, '?', '?', 3)}"
"(1, 25, 3, 14, 0)",1,"{(1, 3, 25, 14)}","{(0, 3, 4, 3)}"
"(1, 25, 3, 15, 0)",4,"{(1, 3, 25, 15)}","{('?', 3, '?', 3)}"
"(1, 25, 5, 11, 0)",2,"{(1, 11, 5, 25)}","{(6, 6, '?', 3)}"
"(1, 25, 5, 13, 0)",2,"{(1, 13, 5, 25)}","{(4, 2, '?', 3)}"
"(1, 25, 5, 19, 0)",1,"{(1, 19, 5, 25)}","{(4, '?', 6, 3)}"
"(1, 25, 5, 21, 0)",2,"{(1, 21, 5, 25)}","{('?', 3, 6, 3)}"
"(1, 25, 5, 25, 0)",4,"{(1, 5, 25)}","{('?', '?', '?', 3)}"
"(1, 25, 5, 5, 0)",6,"{(1, 5, 25)}","{('?', '?', '?', 3)}"
"(1, 25, 5, 6, 0)",2,"{(1, 5, 25, 6)}","{(4, 1, '?', 3)}"
"(1, 25, 5, 9, 0)",1,"{(1, 5, 25, 9)}","{(6, 0, 4, 3)}"
"(1, 25, 6, 1, 0)",1,"{(1, 25, 6)}","{(5, 4, 4, 3)}"
"(1, 25, 6, 10, 0)",1,"{(1, 10, 25, 6)}","{('?', 1, 4, 3)}"
"(1, 25, 6, 11, 0)",2,"{(1, 11, 25, 6)}","{(3, '?', '?', 3)}"
"(1, 25, 6, 14, 0)",4,"{(1, 14, 25, 6)}","{(0, '?', '?', 3)}"
"(1, 25, 6, 15, 0)",8,"{(1, 15, 25, 6)}","{('?', '?', '?', 3)}"
"(1, 25, 6, 19, 0)",5,"{(1, 19, 25, 6)}","{('?', '?', '?', 3)}"
"(1, 25, 6, 24, 0)",10,"{(24, 1, 25, 6)}","{('?', '?', '?', 3)}"
"(1, 25, 6, 6, 0)",9,"{(1, 25, 6)}","{(3, '?', '?', 3)}"
"(1, 25, 9, 14, 0)",1,"{(1, 14, 25, 9)}","{(0, 0, 5, 3)}"
"(1, 25, 9, 15, 0)",3,"{(1, 15, 25, 9)}","{(7, 0, '?', 3)}"
"(1, 25, 9, 19, 0)",2,"{(1, 19, 25, 9)}","{('?', 0, '?', 3)}"
"(1, 25, 9, 24, 0)",3,"{(24, 1, 25, 9)}","{('?', 0, '?', 3)}"
"(1, 25, 9, 25, 0)",1,"{(1, 25, 9)}","{('?', 0, 5, 3)}"
"(1, 25, 9, 6, 0)",1,"{(1, 6, 25, 9)}","{(3, 0, 5, 3)}"
"(1, 25, 9, 9, 0)",1,"{(1, 25, 9)}","{('?', 0, 6, 3)}"
"(1, 27, 1, 15, 0)",1,"{(1, 27, 15)}","{(5, 0, 4, 7)}"
"(1, 27, 1, 17, 0)",2,"{(1, 27, 17)}","{(5, 0, '?', 7)}"
"(1, 27, 15, 15, 0)",5,"{(1, 27, 15)}","{('?', 0, '?', '?')}"
"(1, 27, 15, 17, 0)",3,"{(1, 27, 17, 15)}","{('?', 0, '?', '?')}"
"(1, 27, 15, 19, 0)",5,"{(19, 1, 27, 15)}","{('?', '?', '?', '?')}"
"(1, 27, 15, 25, 0)",1,"{(1, 27, 25, 15)}","{(5, 0, 4, 5)}"
"(1, 27, 15, 7, 0)",1,"{(1, 27, 7, 15)}","{(7, 0, 6, 7)}"
"(1, 27, 17, 14, 0)",4,"{(1, 27, 17, 14)}","{(0, 0, '?', '?')}"
"(1, 27, 17, 15, 0)",3,"{(1, 27, 17, 15)}","{(5, 0, '?', '?')}"
"(1, 27, 17, 24, 0)",6,"{(24, 1, 27, 17)}","{('?', 0, '?', '?')}"
"(1, 27, 17, 6, 0)",5,"{(1, 27, 17, 6)}","{('?', 0, '?', '?')}"
"(1, 27, 19, 14, 0)",2,"{(19, 1, 27, 14)}","{(0, 0, '?', '?')}"
"(1, 27, 19, 19, 0)",2,"{(19, 1, 27)}","{('?', 0, '?', '?')}"
"(1, 27, 23, 15, 0)",3,"{(1, 27, 15, 23)}","{(7, 0, '?', 1)}"
"(1, 27, 23, 19, 0)",1,"{(19, 1, 27, 23)}","{('?', 0, 4, 1)}"
"(1, 27, 23, 24, 0)",2,"{(24, 1, 27, 23)}","{(2, 0, '?', 1)}"
"(1, 27, 24, 17, 0)",2,"{(24, 1, 27, 17)}","{('?', 0, '?', '?')}"
"(1, 27, 24, 19, 0)",5,"{(24, 1, 27, 19)}","{('?', 0, '?', '?')}"
"(1, 27, 24, 23, 0)",1,"{(24, 1, 27, 23)}","{(2, 0, 4, '?')}"
"(1, 27, 24, 24, 0)",1,"{(24, 1, 27)}","{(1, 0, 4, 7)}"
"(1, 27, 6, 6, 0)",2,"{(1, 27, 6)}","{(3, 0, '?', '?')}"
"(1, 27, 6, 7, 0)",1,"{(1, 27, 6, 7)}","{(3, 0, '?', 0)}"
"(1, 27, 7, 14, 0)",3,"{(1, 27, 14, 7)}","{(0, 0, '?', '?')}"
"(1, 27, 7, 15, 0)",4,"{(1, 27, 15, 7)}","{('?', 0, '?', '?')}"
"(1, 27, 7, 19, 0)",2,"{(19, 1, 27, 7)}","{('?', 0, 4, '?')}"
"(1, 27, 7, 24, 0)",2,"{(24, 1, 27, 7)}","{('?', 0, '?', 0)}"
"(1, 27, 7, 6, 0)",4,"{(1, 27, 6, 7)}","{(3, 0, '?', '?')}"
"(1, 3, 10, 15, 0)",1,"{(1, 10, 3, 15)}","{(7, 3, 5, 3)}"
"(1, 3, 15, 15, 0)",2,"{(1, 3, 15)}","{('?', 3, 4, 5)}"
"(1, 3, 15, 17, 0)",2,"{(1, 3, 17, 15)}","{(7, 3, '?', 7)}"
"(1, 3, 15, 19, 0)",1,"{(19, 1, 3, 15)}","{(7, 3, 5, 5)}"
"(1, 3, 15, 7, 0)",2,"{(1, 3, 7, 15)}","{(7, 3, '?', 7)}"
"(1, 3, 17, 15, 0)",5,"{(1, 3, 17, 15)}","{('?', 3, '?', '?')}"
"(1, 3, 17, 6, 0)",1,"{(1, 3, 17, 6)}","{(3, 3, 4, 7)}"
"(1, 3, 22, 15, 0)",2,"{(1, 3, 22, 15)}","{('?', 3, '?', 4)}"
"(1, 5, 10, 1, 0)",2,"{(1, 10, 5)}","{('?', '?', '?', 3)}"
"(1, 5, 10, 11, 0)",4,"{(1, 10, 11, 5)}","{('?', 6, '?', 3)}"
"(1, 5, 10, 13, 0)",1,"{(1, 10, 13, 5)}","{(4, 2, 6, 3)}"
"(1, 5, 10, 18, 0)",2,"{(1, 10, 18, 5)}","{('?', 2, '?', 3)}"
"(1, 5, 10, 19, 0)",4,"{(1, 10, 19, 5)}","{('?', '?', '?', 3)}"
"(1, 5, 10, 5, 0)",6,"{(1, 10, 5)}","{('?', '?', '?', 3)}"
"(1, 5, 10, 6, 0)",4,"{(1, 10, 5, 6)}","{('?', '?', '?', 3)}"
"(1, 5, 11, 11, 0)",1,"{(1, 11, 5)}","{(4, 6, 4, 0)}"
"(1, 5, 11, 14, 0)",1,"{(1, 11, 5, 14)}","{(4, 6, 4, 4)}"
"(1, 5, 11, 17, 0)",8,"{(1, 11, 5, 17)}","{('?', '?', '?', '?')}"
"(1, 5, 11, 19, 0)",12,"{(19, 1, 11, 5)}","{('?', '?', '?', '?')}"
"(1, 5, 11, 22, 0)",8,"{(1, 11, 5, 22)}","{('?', '?', '?', '?')}"
"(1, 5, 11, 23, 0)",4,"{(1, 11, 5, 23)}","{('?', 6, '?', '?')}"
"(1, 5, 11, 7, 0)",3,"{(1, 11, 5, 7)}","{('?', 7, '?', '?')}"
"(1, 5, 11, 8, 0)",2,"{(8, 1, 11, 5)}","{('?', '?', '?', '?')}"
"(1, 5, 12, 10, 0)",5,"{(1, 10, 12, 5)}","{('?', 0, '?', 3)}"
"(1, 5, 12, 25, 0)",3,"{(1, 12, 5, 25)}","{('?', 0, '?', 3)}"
"(1, 5, 12, 9, 0)",1,"{(1, 12, 5, 9)}","{(6, 0, 6, 3)}"
"(1, 5, 13, 10, 0)",9,"{(1, 13, 10, 5)}","{('?', '?', '?', 3)}"
"(1, 5, 13, 14, 0)",5,"{(1, 13, 5, 14)}","{('?', '?', '?', 4)}"
"(1, 5, 13, 17, 0)",4,"{(1, 13, 5, 17)}","{('?', '?', '?', '?')}"
"(1, 5, 13, 19, 0)",2,"{(1, 13, 19, 5)}","{('?', '?', '?', '?')}"
"(1, 5, 13, 22, 0)",1,"{(1, 13, 5, 22)}","{(6, 5, 4, 4)}"
"(1, 5, 13, 23, 0)",2,"{(1, 13, 5, 23)}","{('?', 5, 6, 1)}"
"(1, 5, 13, 5, 0)",4,"{(1, 13, 5)}","{('?', '?', '?', '?')}"
"(1, 5, 13, 7, 0)",1,"{(1, 13, 5, 7)}","{(6, 5, 5, 7)}"
"(1, 5, 14, 1, 0)",2,"{(1, 5, 14)}","{(4, '?', 4, 4)}"
"(1, 5, 14, 11, 0)",6,"{(1, 11, 5, 14)}","{('?', '?', '?', 4)}"
"(1, 5, 14, 19, 0)",1,"{(1, 19, 5, 14)}","{(4, '?', 6, 4)}"
"(1, 5, 14, 5, 0)",1,"{(1, 5, 14)}","{(4, 2, 6, 4)}"
"(1, 5, 14, 6, 0)",1,"{(1, 5, 14, 6)}","{(6, 4, 5, 4)}"
"(1, 5, 14, 8, 0)",1,"{(8, 1, 5, 14)}","{(6, '?', 5, 4)}"
"(1, 5, 17, 11, 0)",19,"{(1, 11, 5, 17)}","{('?', '?', '?', '?')}"
"(1, 5, 17, 13, 0)",3,"{(1, 13, 5, 17)}","{('?', '?', 5, '?')}"
"(1, 5, 17, 19, 0)",8,"{(1, 19, 5, 17)}","{('?', '?', '?', '?')}"
"(1, 5, 17, 21, 0)",1,"{(1, 21, 5, 17)}","{(6, 3, 4, 7)}"
"(1, 5, 17, 23, 0)",2,"{(1, 5, 17, 23)}","{('?', '?', 6, 0)}"
"(1, 5, 17, 27, 0)",1,"{(1, 27, 5, 17)}","{(4, '?', 6, 0)}"
"(1, 5, 17, 5, 0)",8,"{(1, 5, 17)}","{('?', '?', '?', '?')}"
"(1, 5, 17, 6, 0)",16,"{(1, 5, 17, 6)}","{('?', '?', '?', '?')}"
"(1, 5, 17, 7, 0)",1,"{(1, 5, 17, 7)}","{(4, 7, 4, 7)}"
"(1, 5, 18, 10, 0)",3,"{(1, 18, 10, 5)}","{('?', '?', '?', '?')}"
"(1, 5, 18, 14, 0)",2,"{(1, 18, 5, 14)}","{(4, 5, '?', 4)}"
"(1, 5, 18, 17, 0)",14,"{(1, 18, 5, 17)}","{('?', '?', '?', '?')}"
"(1, 5, 18, 19, 0)",11,"{(1, 18, 19, 5)}","{('?', '?', '?', '?')}"
"(1, 5, 18, 22, 0)",1,"{(1, 18, 5, 22)}","{(6, 5, 5, 4)}"
"(1, 5, 18, 23, 0)",3,"{(1, 18, 5, 23)}","{('?', 5, '?', 1)}"
"(1, 5, 18, 5, 0)",5,"{(1, 18, 5)}","{('?', '?', '?', '?')}"
"(1, 5, 18, 7, 0)",11,"{(1, 18, 5, 7)}","{('?', '?', '?', 7)}"
"(1, 5, 18, 8, 0)",6,"{(8, 1, 18, 5)}","{('?', '?', '?', '?')}"
"(1, 5, 19, 11, 0)",5,"{(11, 1, 19, 5)}","{('?', '?', '?', '?')}"
"(1, 5, 19, 18, 0)",1,"{(1, 18, 19, 5)}","{(4, 2, 4, '?')}"
"(1, 5, 19, 19, 0)",8,"{(1, 19, 5)}","{('?', '?', '?', '?')}"
"(1, 5, 19, 9, 0)",1,"{(1, 19, 5, 9)}","{(6, 0, 5, '?')}"
"(1, 5, 21, 10, 0)",5,"{(1, 21, 10, 5)}","{('?', 3, '?', 3)}"
"(1, 5, 21, 17, 0)",11,"{(1, 21, 5, 17)}","{('?', 3, '?', '?')}"
"(1, 5, 21, 19, 0)",6,"{(1, 21, 19, 5)}","{('?', 3, '?', '?')}"
"(1, 5, 21, 22, 0)",6,"{(1, 21, 5, 22)}","{('?', 3, '?', 4)}"
"(1, 5, 21, 23, 0)",4,"{(1, 21, 5, 23)}","{('?', 3, '?', 1)}"
"(1, 5, 21, 7, 0)",11,"{(1, 21, 5, 7)}","{('?', 3, '?', '?')}"
"(1, 5, 22, 11, 0)",7,"{(1, 11, 5, 22)}","{('?', '?', '?', 4)}"
"(1, 5, 22, 13, 0)",1,"{(1, 13, 5, 22)}","{(4, 2, 4, 4)}"
"(1, 5, 22, 19, 0)",11,"{(1, 19, 5, 22)}","{('?', '?', '?', 4)}"
"(1, 5, 22, 21, 0)",5,"{(1, 21, 5, 22)}","{('?', 3, '?', 4)}"
"(1, 5, 22, 27, 0)",1,"{(1, 27, 5, 22)}","{(4, 0, 5, 4)}"
"(1, 5, 22, 6, 0)",1,"{(1, 5, 22, 6)}","{(6, 1, 4, 4)}"
"(1, 5, 22, 8, 0)",1,"{(8, 1, 5, 22)}","{(4, '?', 4, 4)}"
"(1, 5, 22, 9, 0)",2,"{(1, 5, 22, 9)}","{('?', 0, '?', 4)}"
"(1, 5, 23, 11, 0)",10,"{(1, 11, 5, 23)}","{('?', '?', '?', 1)}"
"(1, 5, 23, 13, 0)",5,"{(1, 13, 5, 23)}","{('?', '?', '?', 1)}"
"(1, 5, 23, 18, 0)",8,"{(1, 18, 5, 23)}","{('?', '?', '?', 1)}"
"(1, 5, 23, 19, 0)",17,"{(1, 19, 5, 23)}","{('?', '?', '?', 1)}"
"(1, 5, 23, 21, 0)",2,"{(1, 21, 5, 23)}","{('?', 3, '?', 1)}"
"(1, 5, 23, 22, 0)",2,"{(1, 5, 22, 23)}","{(0, '?', '?', 1)}"
"(1, 5, 23, 23, 0)",4,"{(1, 5, 23)}","{('?', '?', '?', 1)}"
"(1, 5, 23, 27, 0)",1,"{(1, 27, 5, 23)}","{(4, 0, 6, 1)}"
"(1, 5, 23, 5, 0)",9,"{(1, 5, 23)}","{('?', '?', '?', 1)}"
"(1, 5, 23, 6, 0)",8,"{(1, 5, 6, 23)}","{('?', '?', '?', 1)}"
"(1, 5, 23, 9, 0)",4,"{(1, 5, 9, 23)}","{('?', 0, '?', 1)}"
"(1, 5, 25, 1, 0)",1,"{(1, 5, 25)}","{(6, 4, 5, 3)}"
"(1, 5, 25, 11, 0)",5,"{(1, 11, 5, 25)}","{('?', '?', '?', 3)}"
"(1, 5, 25, 13, 0)",1,"{(1, 13, 5, 25)}","{(4, 5, 5, 3)}"
"(1, 5, 25, 19, 0)",11,"{(1, 19, 5, 25)}","{('?', '?', '?', 3)}"
"(1, 5, 25, 21, 0)",4,"{(1, 21, 5, 25)}","{('?', 3, '?', 3)}"
"(1, 5, 25, 5, 0)",4,"{(1, 5, 25)}","{('?', '?', '?', 3)}"
"(1, 5, 25, 6, 0)",3,"{(1, 5, 25, 6)}","{('?', '?', '?', 3)}"
"(1, 5, 25, 9, 0)",4,"{(1, 5, 25, 9)}","{('?', 0, '?', 3)}"
"(1, 5, 27, 10, 0)",3,"{(1, 10, 27, 5)}","{('?', 0, '?', 3)}"
"(1, 5, 27, 14, 0)",1,"{(1, 27, 5, 14)}","{(4, 0, 4, 4)}"
"(1, 5, 27, 17, 0)",11,"{(1, 27, 5, 17)}","{('?', 0, '?', '?')}"
"(1, 5, 27, 19, 0)",8,"{(19, 1, 27, 5)}","{('?', 0, '?', '?')}"
"(1, 5, 27, 22, 0)",5,"{(1, 27, 5, 22)}","{('?', 0, '?', 4)}"
"(1, 5, 27, 23, 0)",5,"{(1, 27, 5, 23)}","{('?', 0, '?', 1)}"
"(1, 5, 27, 27, 0)",2,"{(1, 27, 5)}","{('?', 0, 6, '?')}"
"(1, 5, 27, 5, 0)",2,"{(1, 27, 5)}","{('?', 0, '?', '?')}"
"(1, 5, 27, 7, 0)",11,"{(1, 27, 5, 7)}","{('?', 0, '?', '?')}"
"(1, 5, 5, 11, 0)",1,"{(1, 11, 5)}","{(6, 7, 6, 0)}"
"(1, 5, 5, 13, 0)",2,"{(1, 13, 5)}","{(4, '?', '?', '?')}"
"(1, 5, 5, 17, 0)",2,"{(1, 5, 17)}","{(6, '?', '?', '?')}"
"(1, 5, 5, 18, 0)",6,"{(1, 18, 5)}","{('?', '?', '?', '?')}"
"(1, 5, 5, 19, 0)",10,"{(1, 19, 5)}","{('?', '?', '?', '?')}"
"(1, 5, 5, 22, 0)",7,"{(1, 5, 22)}","{('?', '?', '?', 4)}"
"(1, 5, 5, 23, 0)",1,"{(1, 5, 23)}","{(6, 5, 6, 1)}"
"(1, 5, 5, 25, 0)",2,"{(1, 5, 25)}","{(4, '?', 6, 3)}"
"(1, 5, 5, 27, 0)",1,"{(1, 27, 5)}","{(4, 0, 5, 4)}"
"(1, 5, 5, 5, 0)",1,"{(1, 5)}","{(4, '?', 4, 3)}"
"(1, 5, 5, 6, 0)",14,"{(1, 5, 6)}","{('?', '?', '?', '?')}"
"(1, 5, 5, 7, 0)",18,"{(1, 5, 7)}","{('?', '?', '?', '?')}"
"(1, 5, 5, 9, 0)",5,"{(1, 5, 9)}","{('?', 0, '?', '?')}"
"(1, 5, 6, 10, 0)",8,"{(1, 10, 5, 6)}","{('?', '?', '?', 3)}"
"(1, 5, 6, 14, 0)",1,"{(1, 5, 6, 14)}","{(4, 1, 4, 4)}"
"(1, 5, 6, 17, 0)",12,"{(1, 5, 6, 17)}","{('?', '?', '?', '?')}"
"(1, 5, 6, 19, 0)",11,"{(1, 19, 5, 6)}","{('?', '?', '?', '?')}"
"(1, 5, 6, 22, 0)",7,"{(1, 5, 6, 22)}","{('?', '?', '?', 4)}"
"(1, 5, 6, 23, 0)",9,"{(1, 5, 6, 23)}","{('?', '?', '?', '?')}"
"(1, 5, 6, 25, 0)",1,"{(1, 5, 6, 25)}","{(4, 4, 6, 3)}"
"(1, 5, 6, 7, 0)",7,"{(1, 5, 6, 7)}","{('?', '?', '?', '?')}"
"(1, 5, 6, 8, 0)",2,"{(8, 1, 5, 6)}","{(6, '?', '?', '?')}"
"(1, 5, 7, 11, 0)",20,"{(1, 11, 5, 7)}","{('?', '?', '?', '?')}"
"(1, 5, 7, 13, 0)",11,"{(1, 13, 5, 7)}","{('?', '?', '?', '?')}"
"(1, 5, 7, 18, 0)",4,"{(1, 18, 5, 7)}","{('?', '?', '?', '?')}"
"(1, 5, 7, 19, 0)",19,"{(1, 19, 5, 7)}","{('?', '?', '?', '?')}"
"(1, 5, 7, 27, 0)",2,"{(1, 27, 5, 7)}","{(4, 0, '?', 7)}"
"(1, 5, 7, 5, 0)",10,"{(1, 5, 7)}","{('?', '?', '?', '?')}"
"(1, 5, 7, 6, 0)",16,"{(1, 5, 6, 7)}","{('?', '?', '?', '?')}"
"(1, 5, 7, 7, 0)",2,"{(1, 5, 7)}","{('?', '?', '?', 7)}"
"(1, 5, 7, 9, 0)",3,"{(1, 5, 9, 7)}","{('?', 0, '?', 0)}"
"(1, 5, 9, 19, 0)",6,"{(1, 19, 5, 9)}","{('?', 0, '?', '?')}"
"(1, 5, 9, 22, 0)",1,"{(1, 5, 9, 22)}","{(6, 0, 5, 4)}"
"(1, 5, 9, 23, 0)",1,"{(1, 5, 9, 23)}","{(0, 0, 5, 1)}"
"(1, 5, 9, 5, 0)",1,"{(1, 5, 9)}","{(4, 0, 5, '?')}"
"(1, 5, 9, 7, 0)",2,"{(1, 5, 9, 7)}","{('?', 0, 5, 0)}"
"(1, 5, 9, 9, 0)",1,"{(1, 5, 9)}","{(4, 0, 4, '?')}"
"(1, 6, 1, 15, 0)",10,"{(1, 6, 15)}","{('?', '?', '?', '?')}"
"(1, 6, 1, 17, 0)",3,"{(1, 6, 17)}","{('?', '?', '?', '?')}"
"(1, 6, 1, 22, 0)",4,"{(1, 6, 22)}","{('?', '?', '?', 4)}"
"(1, 6, 1, 25, 0)",1,"{(1, 6, 25)}","{(7, 4, 4, 3)}"
"(1, 6, 1, 7, 0)",3,"{(1, 6, 7)}","{('?', '?', '?', 7)}"
"(1, 6, 10, 1, 0)",1,"{(1, 10, 6)}","{(5, 1, 4, 3)}"
"(1, 6, 10, 10, 0)",1,"{(1, 10, 6)}","{(5, 4, 4, 3)}"
"(1, 6, 10, 14, 0)",1,"{(1, 10, 6, 14)}","{(0, 4, 5, 3)}"
"(1, 6, 10, 15, 0)",8,"{(1, 10, 6, 15)}","{('?', '?', '?', 3)}"
"(1, 6, 10, 19, 0)",4,"{(1, 10, 19, 6)}","{('?', '?', '?', 3)}"
"(1, 6, 10, 22, 0)",1,"{(1, 10, 6, 22)}","{(0, 4, 5, 3)}"
"(1, 6, 10, 24, 0)",8,"{(24, 1, 10, 6)}","{('?', '?', '?', 3)}"
"(1, 6, 10, 25, 0)",4,"{(1, 10, 6, 25)}","{('?', '?', '?', 3)}"
"(1, 6, 10, 5, 0)",1,"{(1, 10, 5, 6)}","{(6, 4, 4, 3)}"
"(1, 6, 10, 6, 0)",3,"{(1, 10, 6)}","{(3, '?', '?', 3)}"
"(1, 6, 10, 8, 0)",1,"{(8, 1, 10, 6)}","{('?', 4, 4, 3)}"
"(1, 6, 14, 14, 0)",2,"{(1, 6, 14)}","{(0, '?', '?', 3)}"
"(1, 6, 14, 15, 0)",1,"{(1, 15, 6, 14)}","{(7, 4, 4, 4)}"
"(1, 6, 14, 22, 0)",6,"{(1, 22, 6, 14)}","{('?', '?', '?', '?')}"
"(1, 6, 14, 6, 0)",3,"{(1, 6, 14)}","{(3, '?', '?', 4)}"
"(1, 6, 14, 8, 0)",1,"{(8, 1, 6, 14)}","{(0, 1, 4, '?')}"
"(1, 6, 15, 15, 0)",10,"{(1, 6, 15)}","{('?', '?', '?', '?')}"
"(1, 6, 15, 17, 0)",4,"{(1, 17, 6, 15)}","{('?', '?', '?', '?')}"
"(1, 6, 15, 19, 0)",10,"{(1, 19, 6, 15)}","{('?', '?', '?', '?')}"
"(1, 6, 15, 22, 0)",1,"{(1, 22, 6, 15)}","{(7, 1, 6, 4)}"
"(1, 6, 15, 23, 0)",2,"{(1, 23, 6, 15)}","{('?', '?', '?', '?')}"
"(1, 6, 15, 6, 0)",1,"{(1, 6, 15)}","{(7, 4, 6, '?')}"
"(1, 6, 15, 7, 0)",6,"{(1, 7, 6, 15)}","{('?', '?', '?', '?')}"
"(1, 6, 17, 14, 0)",4,"{(1, 14, 6, 17)}","{(0, '?', '?', '?')}"
"(1, 6, 17, 15, 0)",11,"{(1, 15, 6, 17)}","{('?', '?', '?', '?')}"
"(1, 6, 17, 19, 0)",4,"{(1, 19, 6, 17)}","{('?', '?', '?', '?')}"
"(1, 6, 17, 22, 0)",1,"{(1, 22, 6, 17)}","{(0, 1, 5, 7)}"
"(1, 6, 17, 24, 0)",7,"{(24, 1, 6, 17)}","{('?', '?', '?', '?')}"
"(1, 6, 17, 6, 0)",7,"{(1, 6, 17)}","{(3, '?', '?', '?')}"
"(1, 6, 19, 14, 0)",6,"{(1, 19, 6, 14)}","{(0, '?', '?', '?')}"
"(1, 6, 19, 15, 0)",5,"{(1, 19, 6, 15)}","{('?', '?', '?', '?')}"
"(1, 6, 19, 19, 0)",6,"{(1, 19, 6)}","{('?', '?', '?', '?')}"
"(1, 6, 19, 22, 0)",1,"{(1, 19, 6, 22)}","{(0, 1, 5, '?')}"
"(1, 6, 19, 23, 0)",5,"{(1, 19, 6, 23)}","{('?', '?', '?', '?')}"
"(1, 6, 19, 24, 0)",17,"{(24, 1, 19, 6)}","{('?', '?', '?', '?')}"
"(1, 6, 22, 14, 0)",2,"{(1, 14, 6, 22)}","{(0, '?', 6, 4)}"
"(1, 6, 22, 15, 0)",11,"{(1, 15, 6, 22)}","{('?', '?', '?', 4)}"
"(1, 6, 22, 19, 0)",1,"{(1, 19, 6, 22)}","{('?', 4, 6, 4)}"
"(1, 6, 22, 24, 0)",1,"{(24, 1, 6, 22)}","{(2, 4, 5, 4)}"
"(1, 6, 22, 5, 0)",1,"{(1, 5, 6, 22)}","{('?', 4, 4, 4)}"
"(1, 6, 22, 6, 0)",2,"{(1, 6, 22)}","{(3, '?', '?', 4)}"
"(1, 6, 22, 8, 0)",1,"{(8, 1, 6, 22)}","{('?', 1, 4, 4)}"
"(1, 6, 23, 14, 0)",1,"{(1, 14, 6, 23)}","{(0, 1, 5, 1)}"
"(1, 6, 23, 15, 0)",9,"{(1, 15, 6, 23)}","{('?', '?', '?', 1)}"
"(1, 6, 23, 19, 0)",4,"{(1, 19, 6, 23)}","{('?', '?', '?', 1)}"
"(1, 6, 23, 22, 0)",4,"{(1, 22, 6, 23)}","{(0, '?', '?', 1)}"
"(1, 6, 23, 24, 0)",4,"{(24, 1, 6, 23)}","{('?', '?', 6, 1)}"
"(1, 6, 23, 6, 0)",6,"{(1, 6, 23)}","{(3, '?', '?', 1)}"
"(1, 6, 24, 10, 0)",2,"{(24, 1, 10, 6)}","{(2, 1, 4, '?')}"
"(1, 6, 24, 19, 0)",11,"{(24, 1, 19, 6)}","{('?', '?', '?', '?')}"
"(1, 6, 24, 22, 0)",6,"{(24, 1, 6, 22)}","{('?', '?', '?', 4)}"
"(1, 6, 24, 23, 0)",3,"{(24, 1, 6, 23)}","{(2, '?', '?', '?')}"
"(1, 6, 24, 24, 0)",9,"{(24, 1, 6)}","{('?', '?', '?', '?')}"
"(1, 6, 24, 25, 0)",2,"{(24, 1, 6, 25)}","{(2, 4, '?', '?')}"
"(1, 6, 24, 6, 0)",1,"{(24, 1, 6)}","{(2, 4, 4, 4)}"
"(1, 6, 24, 7, 0)",2,"{(24, 1, 6, 7)}","{(2, '?', 5, 7)}"
"(1, 6, 24, 8, 0)",3,"{(24, 1, 6, 8)}","{(2, 4, '?', '?')}"
"(1, 6, 25, 1, 0)",1,"{(1, 6, 25)}","{(5, 4, 6, 5)}"
"(1, 6, 25, 19, 0)",1,"{(1, 19, 6, 25)}","{('?', 4, 4, 3)}"
"(1, 6, 25, 24, 0)",1,"{(24, 1, 6, 25)}","{(1, 4, 4, 3)}"
"(1, 6, 25, 6, 0)",1,"{(1, 6, 25)}","{(3, 4, 6, 3)}"
"(1, 6, 5, 19, 0)",1,"{(1, 19, 5, 6)}","{(6, 1, 6, '?')}"
"(1, 6, 5, 22, 0)",2,"{(1, 5, 6, 22)}","{('?', 4, '?', 4)}"
"(1, 6, 6, 14, 0)",1,"{(1, 6, 14)}","{(3, 4, 5, 4)}"
"(1, 6, 6, 15, 0)",2,"{(1, 6, 15)}","{('?', 4, '?', '?')}"
"(1, 6, 6, 19, 0)",1,"{(1, 19, 6)}","{(3, 4, 6, 6)}"
"(1, 6, 6, 22, 0)",1,"{(1, 6, 22)}","{(3, 4, 5, 4)}"
"(1, 6, 6, 23, 0)",4,"{(1, 6, 23)}","{(3, '?', '?', 1)}"
"(1, 6, 6, 6, 0)",8,"{(1, 6)}","{(3, '?', '?', '?')}"
"(1, 6, 6, 7, 0)",5,"{(1, 6, 7)}","{('?', '?', '?', '?')}"
"(1, 6, 7, 14, 0)",5,"{(1, 14, 6, 7)}","{(0, '?', '?', '?')}"
"(1, 6, 7, 15, 0)",11,"{(1, 15, 6, 7)}","{('?', '?', '?', '?')}"
"(1, 6, 7, 19, 0)",7,"{(1, 19, 6, 7)}","{('?', '?', '?', '?')}"
"(1, 6, 7, 22, 0)",3,"{(1, 22, 6, 7)}","{(0, 4, '?', '?')}"
"(1, 6, 7, 24, 0)",1,"{(24, 1, 6, 7)}","{(2, 4, '?', 0)}"
"(1, 6, 7, 6, 0)",8,"{(1, 6, 7)}","{('?', '?', '?', '?')}"
"(1, 7, 1, 15, 0)",6,"{(1, 15, 7)}","{('?', '?', '?', '?')}"
"(1, 7, 11, 1, 0)",1,"{(1, 11, 7)}","{(5, 6, 6, 7)}"
"(1, 7, 11, 14, 0)",2,"{(1, 11, 14, 7)}","{(0, '?', '?', '?')}"
"(1, 7, 11, 15, 0)",12,"{(1, 11, 15, 7)}","{('?', '?', '?', '?')}"
"(1, 7, 11, 19, 0)",7,"{(19, 1, 11, 7)}","{('?', '?', '?', '?')}"
"(1, 7, 11, 24, 0)",17,"{(24, 1, 11, 7)}","{('?', '?', '?', '?')}"
"(1, 7, 11, 5, 0)",1,"{(1, 11, 5, 7)}","{(4, 7, 6, 0)}"
"(1, 7, 11, 6, 0)",9,"{(1, 11, 6, 7)}","{(3, '?', '?', '?')}"
"(1, 7, 11, 7, 0)",2,"{(1, 11, 7)}","{('?', '?', '?', '?')}"
"(1, 7, 11, 8, 0)",2,"{(8, 1, 11, 7)}","{('?', 7, '?', 7)}"
"(1, 7, 13, 15, 0)",5,"{(1, 15, 13, 7)}","{('?', 5, '?', '?')}"
"(1, 7, 13, 19, 0)",6,"{(1, 19, 13, 7)}","{('?', '?', '?', '?')}"
"(1, 7, 13, 22, 0)",2,"{(1, 13, 22, 7)}","{(0, 2, '?', 0)}"
"(1, 7, 13, 24, 0)",9,"{(24, 1, 13, 7)}","{('?', '?', '?', '?')}"
"(1, 7, 13, 6, 0)",4,"{(1, 13, 6, 7)}","{(3, '?', '?', '?')}"
"(1, 7, 13, 7, 0)",1,"{(1, 13, 7)}","{(1, 5, 4, 7)}"
"(1, 7, 13, 8, 0)",1,"{(8, 1, 13, 7)}","{(2, 2, 6, 0)}"
"(1, 7, 14, 9, 0)",1,"{(1, 9, 14, 7)}","{(0, 0, 6, 0)}"
"(1, 7, 15, 11, 0)",13,"{(1, 11, 15, 7)}","{('?', '?', '?', '?')}"
"(1, 7, 15, 13, 0)",1,"{(1, 15, 13, 7)}","{(7, 2, 6, 0)}"
"(1, 7, 15, 15, 0)",17,"{(1, 15, 7)}","{('?', '?', '?', '?')}"
"(1, 7, 15, 19, 0)",11,"{(1, 19, 15, 7)}","{('?', '?', '?', '?')}"
"(1, 7, 15, 21, 0)",1,"{(1, 15, 21, 7)}","{(7, 3, 5, 7)}"
"(1, 7, 15, 6, 0)",2,"{(1, 15, 6, 7)}","{(7, 1, '?', 0)}"
"(1, 7, 15, 7, 0)",1,"{(1, 15, 7)}","{(7, 7, 5, 7)}"
"(1, 7, 17, 19, 0)",1,"{(1, 19, 17, 7)}","{('?', 7, 6, 0)}"
"(1, 7, 18, 19, 0)",1,"{(1, 18, 19, 7)}","{('?', 5, 5, 7)}"
"(1, 7, 19, 14, 0)",1,"{(1, 19, 14, 7)}","{(0, '?', 4, 7)}"
"(1, 7, 19, 19, 0)",10,"{(1, 19, 7)}","{('?', '?', '?', '?')}"
"(1, 7, 19, 21, 0)",1,"{(1, 19, 21, 7)}","{('?', 3, 5, 7)}"
"(1, 7, 19, 22, 0)",1,"{(1, 19, 22, 7)}","{(0, '?', 5, 0)}"
"(1, 7, 19, 24, 0)",9,"{(24, 1, 19, 7)}","{('?', '?', '?', '?')}"
"(1, 7, 19, 6, 0)",7,"{(1, 19, 6, 7)}","{(3, '?', '?', '?')}"
"(1, 7, 19, 9, 0)",1,"{(1, 19, 9, 7)}","{('?', '?', 5, 0)}"
"(1, 7, 21, 15, 0)",8,"{(1, 15, 21, 7)}","{('?', 3, '?', '?')}"
"(1, 7, 21, 19, 0)",6,"{(1, 19, 21, 7)}","{('?', 3, '?', '?')}"
"(1, 7, 21, 22, 0)",6,"{(1, 21, 22, 7)}","{(0, 3, '?', '?')}"
"(1, 7, 21, 24, 0)",9,"{(24, 1, 21, 7)}","{('?', 3, '?', '?')}"
"(1, 7, 21, 5, 0)",1,"{(1, 5, 21, 7)}","{(4, 3, 6, 0)}"
"(1, 7, 21, 6, 0)",4,"{(1, 21, 6, 7)}","{(3, 3, '?', '?')}"
"(1, 7, 21, 7, 0)",1,"{(1, 21, 7)}","{('?', 3, 5, 7)}"
"(1, 7, 22, 18, 0)",1,"{(1, 18, 22, 7)}","{(0, 2, 5, 0)}"
"(1, 7, 22, 21, 0)",1,"{(1, 21, 22, 7)}","{(0, 3, 5, 7)}"
"(1, 7, 22, 22, 0)",7,"{(1, 22, 7)}","{(0, '?', '?', '?')}"
"(1, 7, 24, 11, 0)",10,"{(24, 1, 11, 7)}","{('?', '?', '?', '?')}"
"(1, 7, 24, 13, 0)",5,"{(24, 1, 13, 7)}","{(2, '?', '?', '?')}"
"(1, 7, 24, 18, 0)",1,"{(24, 1, 18, 7)}","{(2, 2, 5, 7)}"
"(1, 7, 24, 19, 0)",11,"{(24, 1, 19, 7)}","{('?', '?', '?', '?')}"
"(1, 7, 24, 21, 0)",5,"{(24, 1, 21, 7)}","{('?', 3, '?', '?')}"
"(1, 7, 24, 24, 0)",6,"{(24, 1, 7)}","{('?', '?', '?', '?')}"
"(1, 7, 24, 27, 0)",1,"{(24, 1, 27, 7)}","{(1, 0, 5, 7)}"
"(1, 7, 24, 6, 0)",12,"{(24, 1, 6, 7)}","{('?', '?', '?', '?')}"
"(1, 7, 24, 8, 0)",1,"{(24, 1, 8, 7)}","{(1, '?', 4, 0)}"
"(1, 7, 24, 9, 0)",1,"{(24, 1, 9, 7)}","{(2, 0, 5, 0)}"
"(1, 7, 25, 14, 0)",1,"{(1, 14, 25, 7)}","{(0, '?', 6, 0)}"
"(1, 7, 25, 22, 0)",1,"{(1, 22, 25, 7)}","{(0, '?', 6, 0)}"
"(1, 7, 27, 14, 0)",2,"{(1, 27, 14, 7)}","{(0, 0, '?', 7)}"
"(1, 7, 27, 15, 0)",6,"{(1, 27, 15, 7)}","{('?', 0, '?', '?')}"
"(1, 7, 27, 17, 0)",1,"{(1, 27, 17, 7)}","{('?', 0, 6, 0)}"
"(1, 7, 27, 19, 0)",6,"{(19, 1, 27, 7)}","{('?', 0, '?', '?')}"
"(1, 7, 27, 22, 0)",3,"{(1, 27, 22, 7)}","{(0, 0, '?', '?')}"
"(1, 7, 27, 24, 0)",7,"{(24, 1, 27, 7)}","{('?', 0, '?', '?')}"
"(1, 7, 27, 6, 0)",8,"{(1, 27, 6, 7)}","{('?', '?', '?', '?')}"
"(1, 7, 27, 8, 0)",1,"{(8, 1, 27, 7)}","{('?', 0, 6, 7)}"
"(1, 7, 3, 15, 0)",2,"{(1, 3, 15, 7)}","{(7, 3, '?', 0)}"
"(1, 7, 5, 11, 0)",1,"{(1, 11, 5, 7)}","{(4, 7, 5, 0)}"
"(1, 7, 5, 13, 0)",2,"{(1, 13, 5, 7)}","{(4, '?', 6, 0)}"
"(1, 7, 5, 18, 0)",1,"{(1, 18, 5, 7)}","{(4, 2, 5, 0)}"
"(1, 7, 5, 19, 0)",3,"{(1, 19, 5, 7)}","{('?', '?', '?', '?')}"
"(1, 7, 5, 6, 0)",3,"{(1, 5, 6, 7)}","{(4, '?', '?', 0)}"
"(1, 7, 5, 9, 0)",1,"{(1, 5, 9, 7)}","{(6, 0, 6, 0)}"
"(1, 7, 6, 11, 0)",1,"{(1, 11, 6, 7)}","{(3, 7, 5, 7)}"
"(1, 7, 6, 14, 0)",2,"{(1, 14, 6, 7)}","{(0, 4, '?', '?')}"
"(1, 7, 6, 15, 0)",18,"{(1, 15, 6, 7)}","{('?', '?', '?', '?')}"
"(1, 7, 6, 19, 0)",10,"{(1, 19, 6, 7)}","{('?', '?', '?', '?')}"
"(1, 7, 6, 22, 0)",1,"{(1, 22, 6, 7)}","{(0, 1, 5, 0)}"
"(1, 7, 6, 24, 0)",10,"{(24, 1, 6, 7)}","{('?', '?', '?', '?')}"
"(1, 7, 6, 6, 0)",8,"{(1, 6, 7)}","{(3, '?', '?', '?')}"
"(1, 7, 7, 11, 0)",1,"{(1, 11, 7)}","{('?', 6, 5, 0)}"
"(1, 7, 7, 21, 0)",1,"{(1, 21, 7)}","{(2, 3, 5, 7)}"
"(1, 7, 7, 22, 0)",1,"{(1, 22, 7)}","{(0, 2, 6, 0)}"
"(1, 7, 7, 24, 0)",2,"{(24, 1, 7)}","{(2, 7, 4, '?')}"
"(1, 7, 7, 6, 0)",1,"{(1, 6, 7)}","{(3, '?', 6, 7)}"
"(1, 7, 9, 15, 0)",4,"{(1, 15, 9, 7)}","{('?', 0, '?', '?')}"
"(1, 7, 9, 19, 0)",3,"{(1, 19, 9, 7)}","{('?', 0, '?', '?')}"
"(1, 7, 9, 22, 0)",1,"{(1, 22, 9, 7)}","{(0, 0, 6, 0)}"
"(1, 7, 9, 24, 0)",2,"{(24, 1, 9, 7)}","{('?', 0, '?', 0)}"
"(1, 9, 15, 19, 0)",2,"{(1, 19, 9, 15)}","{('?', 0, 6, '?')}"
"(1, 9, 19, 24, 0)",1,"{(24, 1, 19, 9)}","{(2, 0, 6, '?')}"
"(1, 9, 24, 19, 0)",4,"{(24, 1, 19, 9)}","{('?', 0, '?', '?')}"
"(1, 9, 24, 23, 0)",1,"{(24, 1, 9, 23)}","{(2, 0, 6, 1)}"
"(1, 9, 9, 24, 0)",1,"{(24, 1, 9)}","{(2, 0, 6, '?')}"
"(10, 10, 15, 11, 0)",1,"{(10, 11, 15)}","{('?', 6, 1, 3)}"
"(10, 10, 15, 21, 0)",1,"{(10, 21, 15)}","{(0, 3, 1, 3)}"
"(10, 10, 18, 4, 0)",1,"{(10, 18, 4)}","{(4, 2, 7, 3)}"
"(10, 10, 27, 14, 0)",1,"{(10, 27, 14)}","{(0, 0, 4, 3)}"
"(10, 10, 4, 13, 0)",1,"{(10, 4, 13)}","{('?', 2, 7, 3)}"
"(10, 10, 5, 15, 0)",2,"{(10, 5, 15)}","{(4, '?', 1, 3)}"
"(10, 10, 5, 4, 0)",1,"{(10, 4, 5)}","{(4, 1, 7, 3)}"
"(10, 10, 8, 6, 0)",1,"{(8, 10, 6)}","{(3, '?', 2, 3)}"
"(10, 11, 14, 8, 0)",1,"{(8, 10, 11, 14)}","{(0, 6, 2, 3)}"
"(10, 11, 15, 19, 0)",1,"{(19, 10, 11, 15)}","{('?', 7, 1, 3)}"
"(10, 11, 15, 6, 0)",1,"{(10, 11, 6, 15)}","{(3, 6, 1, 3)}"
"(10, 11, 22, 19, 0)",1,"{(19, 10, 11, 22)}","{(0, 7, 1, 3)}"
"(10, 11, 22, 4, 0)",1,"{(10, 11, 4, 22)}","{(0, 7, 7, 3)}"
"(10, 11, 24, 8, 0)",1,"{(24, 8, 10, 11)}","{(2, 7, 2, 3)}"
"(10, 11, 8, 1, 0)",2,"{(8, 1, 10, 11)}","{('?', 6, 2, 3)}"
"(10, 13, 15, 14, 0)",1,"{(10, 13, 14, 15)}","{(0, 5, 1, 3)}"
"(10, 13, 4, 10, 0)",1,"{(10, 4, 13)}","{(4, 5, 7, 3)}"
"(10, 13, 4, 19, 0)",1,"{(10, 19, 4, 13)}","{(2, 2, 7, 3)}"
"(10, 13, 4, 5, 0)",2,"{(10, 5, 4, 13)}","{('?', 2, 3, 3)}"
"(10, 14, 11, 14, 0)",1,"{(10, 11, 14)}","{(0, 6, 0, 3)}"
"(10, 14, 14, 15, 0)",1,"{(10, 14, 15)}","{(0, 4, 1, 3)}"
"(10, 14, 15, 14, 0)",1,"{(10, 14, 15)}","{(0, 4, 1, 3)}"
"(10, 14, 3, 8, 0)",1,"{(8, 10, 3, 14)}","{(0, 3, 2, 3)}"
"(10, 14, 6, 14, 0)",2,"{(10, 14, 6)}","{(0, '?', '?', 3)}"
"(10, 14, 8, 14, 0)",1,"{(8, 10, 14)}","{(0, '?', 2, 3)}"
"(10, 14, 8, 6, 0)",1,"{(8, 10, 14, 6)}","{(0, 4, 2, 3)}"
"(10, 15, 10, 15, 0)",3,"{(10, 15)}","{('?', '?', 1, 3)}"
"(10, 15, 11, 15, 0)",1,"{(10, 11, 15)}","{(7, 6, 1, 3)}"
"(10, 15, 11, 19, 0)",1,"{(19, 10, 11, 15)}","{('?', 6, 1, 3)}"
"(10, 15, 11, 4, 0)",4,"{(10, 11, 4, 15)}","{('?', '?', 7, 3)}"
"(10, 15, 11, 6, 0)",1,"{(10, 11, 6, 15)}","{(3, 6, 1, 3)}"
"(10, 15, 14, 22, 0)",1,"{(10, 22, 14, 15)}","{(0, '?', 1, 3)}"
"(10, 15, 14, 27, 0)",1,"{(10, 27, 14, 15)}","{(0, 0, 1, 3)}"
"(10, 15, 14, 6, 0)",1,"{(10, 6, 14, 15)}","{(0, 4, 1, 3)}"
"(10, 15, 15, 15, 0)",2,"{(10, 15)}","{('?', '?', 1, 3)}"
"(10, 15, 15, 19, 0)",1,"{(10, 19, 15)}","{(7, '?', 1, 3)}"
"(10, 15, 15, 27, 0)",1,"{(10, 27, 15)}","{(7, 0, 1, 3)}"
"(10, 15, 19, 10, 0)",3,"{(10, 19, 15)}","{('?', '?', '?', 3)}"
"(10, 15, 19, 27, 0)",2,"{(27, 10, 19, 15)}","{('?', 0, 1, 3)}"
"(10, 15, 19, 4, 0)",1,"{(10, 19, 4, 15)}","{(2, '?', 7, 3)}"
"(10, 15, 21, 15, 0)",1,"{(10, 21, 15)}","{(2, 3, 1, 3)}"
"(10, 15, 21, 19, 0)",1,"{(10, 19, 21, 15)}","{(3, 3, 1, 3)}"
"(10, 15, 21, 5, 0)",1,"{(10, 5, 21, 15)}","{(0, 3, 1, 3)}"
"(10, 15, 21, 6, 0)",1,"{(10, 21, 6, 15)}","{(3, 3, 1, 3)}"
"(10, 15, 22, 14, 0)",1,"{(10, 14, 22, 15)}","{(0, '?', 1, 3)}"
"(10, 15, 22, 22, 0)",1,"{(10, 22, 15)}","{(0, '?', 1, 3)}"
"(10, 15, 24, 11, 0)",1,"{(24, 10, 11, 15)}","{(2, 6, 1, 3)}"
"(10, 15, 24, 27, 0)",2,"{(24, 10, 27, 15)}","{(2, '?', 1, 3)}"
"(10, 15, 24, 6, 0)",3,"{(24, 10, 6, 15)}","{('?', '?', 1, 3)}"
"(10, 15, 27, 15, 0)",2,"{(10, 27, 15)}","{('?', 0, 1, 3)}"
"(10, 15, 27, 19, 0)",1,"{(19, 10, 27, 15)}","{(3, 0, 1, 3)}"
"(10, 15, 27, 6, 0)",1,"{(10, 27, 6, 15)}","{(3, 0, 1, 3)}"
"(10, 15, 4, 11, 0)",2,"{(10, 11, 4, 15)}","{(1, '?', '?', 3)}"
"(10, 15, 4, 19, 0)",2,"{(10, 19, 4, 15)}","{('?', '?', 7, 3)}"
"(10, 15, 4, 21, 0)",2,"{(10, 4, 21, 15)}","{(2, 3, '?', 3)}"
"(10, 15, 4, 27, 0)",3,"{(10, 27, 4, 15)}","{('?', '?', '?', 3)}"
"(10, 15, 5, 11, 0)",3,"{(10, 11, 5, 15)}","{('?', '?', 1, 3)}"
"(10, 15, 5, 27, 0)",1,"{(10, 27, 5, 15)}","{(0, 0, 1, 3)}"
"(10, 15, 5, 6, 0)",2,"{(10, 5, 6, 15)}","{('?', '?', 1, 3)}"
"(10, 15, 6, 10, 0)",1,"{(10, 6, 15)}","{('?', 4, 1, 3)}"
"(10, 15, 6, 15, 0)",4,"{(10, 6, 15)}","{('?', '?', 1, 3)}"
"(10, 15, 6, 19, 0)",2,"{(10, 19, 6, 15)}","{('?', 1, '?', 3)}"
"(10, 15, 6, 4, 0)",8,"{(10, 4, 6, 15)}","{('?', '?', '?', 3)}"
"(10, 16, 14, 6, 0)",1,"{(16, 10, 14, 6)}","{(0, 4, 0, 3)}"
"(10, 16, 19, 8, 0)",1,"{(16, 8, 10, 19)}","{(3, '?', 0, 3)}"
"(10, 16, 21, 8, 0)",1,"{(16, 8, 10, 21)}","{(3, 3, 0, 3)}"
"(10, 16, 5, 21, 0)",1,"{(16, 10, 21, 5)}","{(4, 3, 0, 3)}"
"(10, 16, 6, 1, 0)",1,"{(16, 1, 10, 6)}","{(7, 4, 0, 3)}"
"(10, 18, 4, 10, 0)",1,"{(10, 18, 4)}","{(6, 5, 7, 3)}"
"(10, 18, 4, 13, 0)",1,"{(10, 18, 4, 13)}","{(3, 2, 3, 3)}"
"(10, 18, 5, 4, 0)",1,"{(10, 18, 4, 5)}","{(6, 5, 7, 3)}"
"(10, 19, 16, 14, 0)",1,"{(16, 10, 19, 14)}","{(0, 3, 0, 3)}"
"(10, 19, 27, 10, 0)",1,"{(27, 10, 19)}","{('?', 0, '?', 3)}"
"(10, 19, 4, 21, 0)",1,"{(10, 19, 4, 21)}","{('?', 3, 3, 3)}"
"(10, 19, 8, 1, 0)",1,"{(8, 1, 10, 19)}","{(7, '?', 2, 3)}"
"(10, 19, 8, 6, 0)",1,"{(8, 10, 19, 6)}","{(3, '?', 2, 3)}"
"(10, 20, 24, 6, 0)",1,"{(24, 10, 20, 6)}","{(1, 1, 1, 3)}"
"(10, 21, 15, 5, 0)",1,"{(10, 5, 21, 15)}","{(6, 3, 1, 3)}"
"(10, 21, 20, 24, 0)",1,"{(24, 10, 20, 21)}","{(2, 3, 0, 3)}"
"(10, 21, 5, 16, 0)",1,"{(16, 10, 5, 21)}","{(4, 3, 0, 3)}"
"(10, 21, 8, 1, 0)",1,"{(8, 1, 10, 21)}","{(5, 3, 2, 3)}"
"(10, 22, 14, 11, 0)",1,"{(10, 11, 22, 14)}","{(0, 6, '?', 3)}"
"(10, 22, 14, 15, 0)",1,"{(10, 15, 22, 14)}","{(0, 4, 1, 3)}"
"(10, 22, 14, 27, 0)",1,"{(10, 27, 22, 14)}","{(0, 0, 2, 3)}"
"(10, 22, 14, 8, 0)",1,"{(8, 10, 22, 14)}","{(0, '?', 2, 3)}"
"(10, 22, 27, 14, 0)",1,"{(10, 27, 22, 14)}","{(0, 0, '?', 3)}"
"(10, 22, 6, 14, 0)",2,"{(10, 14, 22, 6)}","{(0, '?', 0, 3)}"
"(10, 24, 15, 19, 0)",2,"{(24, 10, 19, 15)}","{(1, '?', 1, 3)}"
"(10, 24, 15, 24, 0)",2,"{(24, 10, 15)}","{('?', '?', 1, 3)}"
"(10, 24, 15, 6, 0)",2,"{(24, 10, 6, 15)}","{('?', '?', 1, 3)}"
"(10, 24, 20, 20, 0)",1,"{(24, 10, 20)}","{(2, '?', 1, 3)}"
"(10, 24, 21, 8, 0)",1,"{(24, 8, 10, 21)}","{(5, 3, 2, 3)}"
"(10, 24, 6, 15, 0)",1,"{(24, 10, 6, 15)}","{(1, 4, 1, 3)}"
"(10, 24, 6, 19, 0)",2,"{(24, 10, 19, 6)}","{('?', '?', '?', 3)}"
"(10, 24, 6, 20, 0)",1,"{(24, 10, 20, 6)}","{(2, 1, 1, 3)}"
"(10, 24, 6, 24, 0)",2,"{(24, 10, 6)}","{(2, '?', '?', 3)}"
"(10, 25, 14, 27, 0)",1,"{(25, 10, 27, 14)}","{(0, 0, 2, 3)}"
"(10, 25, 15, 5, 0)",1,"{(25, 10, 5, 15)}","{(4, '?', 1, 3)}"
"(10, 25, 15, 6, 0)",1,"{(25, 10, 6, 15)}","{(3, 7, 1, 3)}"
"(10, 25, 16, 27, 0)",1,"{(16, 25, 10, 27)}","{('?', 0, 0, 3)}"
"(10, 25, 20, 11, 0)",1,"{(25, 10, 11, 20)}","{(1, 6, 1, 3)}"
"(10, 25, 27, 14, 0)",1,"{(25, 10, 27, 14)}","{(0, 0, 2, 3)}"
"(10, 25, 4, 5, 0)",1,"{(25, 10, 4, 5)}","{(4, 1, 7, 3)}"
"(10, 25, 6, 8, 0)",1,"{(8, 25, 10, 6)}","{(3, 6, 2, 3)}"
"(10, 25, 8, 1, 0)",2,"{(8, 25, 10, 1)}","{(7, '?', 2, 3)}"
"(10, 25, 8, 6, 0)",1,"{(8, 25, 10, 6)}","{(3, '?', 2, 3)}"
"(10, 27, 1, 1, 0)",1,"{(1, 10, 27)}","{(7, 0, 2, 3)}"
"(10, 27, 14, 22, 0)",2,"{(10, 27, 14, 22)}","{(0, 0, '?', 3)}"
"(10, 27, 8, 1, 0)",1,"{(8, 1, 10, 27)}","{(7, 0, 2, 3)}"
"(10, 27, 8, 14, 0)",1,"{(8, 10, 27, 14)}","{(0, 0, 2, 3)}"
"(10, 27, 8, 8, 0)",1,"{(8, 10, 27)}","{('?', 0, 2, 3)}"
"(10, 4, 10, 13, 0)",1,"{(10, 4, 13)}","{(3, 5, 7, 3)}"
"(10, 4, 10, 15, 0)",3,"{(10, 4, 15)}","{('?', '?', '?', 3)}"
"(10, 4, 10, 21, 0)",2,"{(10, 4, 21)}","{('?', 3, 7, 3)}"
"(10, 4, 11, 10, 0)",4,"{(10, 11, 4)}","{('?', '?', '?', 3)}"
"(10, 4, 11, 14, 0)",1,"{(10, 11, 4, 14)}","{(0, 6, 7, 3)}"
"(10, 4, 11, 19, 0)",2,"{(19, 10, 11, 4)}","{('?', '?', 7, 3)}"
"(10, 4, 11, 6, 0)",1,"{(10, 11, 4, 6)}","{(3, 7, 3, 3)}"
"(10, 4, 13, 10, 0)",5,"{(10, 4, 13)}","{('?', '?', '?', 3)}"
"(10, 4, 13, 13, 0)",3,"{(10, 4, 13)}","{('?', '?', '?', 3)}"
"(10, 4, 13, 14, 0)",1,"{(10, 4, 13, 14)}","{(0, 5, 3, 3)}"
"(10, 4, 13, 15, 0)",2,"{(10, 4, 13, 15)}","{('?', 5, 3, 3)}"
"(10, 4, 13, 22, 0)",1,"{(10, 4, 13, 22)}","{('?', 2, 7, 3)}"
"(10, 4, 14, 11, 0)",3,"{(10, 11, 4, 14)}","{(0, '?', '?', 3)}"
"(10, 4, 14, 13, 0)",1,"{(10, 4, 13, 14)}","{(0, 5, 7, 3)}"
"(10, 4, 14, 14, 0)",2,"{(10, 4, 14)}","{(0, '?', '?', 3)}"
"(10, 4, 14, 21, 0)",1,"{(10, 4, 21, 14)}","{(0, 3, 7, 3)}"
"(10, 4, 14, 22, 0)",1,"{(10, 4, 14, 22)}","{(0, '?', 7, 3)}"
"(10, 4, 14, 27, 0)",2,"{(10, 27, 4, 14)}","{(0, 0, '?', 3)}"
"(10, 4, 14, 5, 0)",1,"{(10, 4, 5, 14)}","{(0, 0, 3, 3)}"
"(10, 4, 14, 6, 0)",1,"{(10, 4, 14, 6)}","{(0, 4, 7, 3)}"
"(10, 4, 15, 11, 0)",1,"{(10, 11, 4, 15)}","{(7, 6, 7, 3)}"
"(10, 4, 19, 10, 0)",1,"{(10, 19, 4)}","{('?', '?', 7, 3)}"
"(10, 4, 19, 21, 0)",1,"{(10, 19, 4, 21)}","{('?', 3, 3, 3)}"
"(10, 4, 19, 6, 0)",2,"{(10, 19, 4, 6)}","{(3, '?', 3, 3)}"
"(10, 4, 21, 4, 0)",1,"{(10, 4, 21)}","{('?', 3, 7, 3)}"
"(10, 4, 21, 6, 0)",2,"{(10, 4, 21, 6)}","{(3, 3, '?', 3)}"
"(10, 4, 27, 10, 0)",4,"{(10, 27, 4)}","{('?', 0, '?', 3)}"
"(10, 4, 27, 6, 0)",1,"{(10, 27, 4, 6)}","{(3, '?', 3, 3)}"
"(10, 4, 4, 27, 0)",1,"{(10, 27, 4)}","{(2, 0, 7, 3)}"
"(10, 4, 5, 11, 0)",2,"{(10, 11, 4, 5)}","{('?', '?', '?', 3)}"
"(10, 4, 5, 15, 0)",1,"{(10, 4, 5, 15)}","{(5, 6, 7, 3)}"
"(10, 4, 5, 18, 0)",2,"{(10, 18, 4, 5)}","{(4, '?', '?', 3)}"
"(10, 4, 5, 21, 0)",1,"{(10, 21, 4, 5)}","{(4, 3, 7, 3)}"
"(10, 4, 5, 27, 0)",1,"{(10, 27, 4, 5)}","{(6, 0, 7, 3)}"
"(10, 4, 5, 3, 0)",2,"{(10, 3, 4, 5)}","{('?', 3, '?', 3)}"
"(10, 4, 5, 6, 0)",2,"{(10, 4, 5, 6)}","{(6, 1, '?', 3)}"
"(10, 4, 6, 1, 0)",2,"{(1, 10, 4, 6)}","{(5, '?', '?', 3)}"
"(10, 4, 6, 10, 0)",1,"{(10, 4, 6)}","{(7, 1, 7, 3)}"
"(10, 4, 6, 14, 0)",2,"{(10, 4, 6, 14)}","{(0, '?', '?', 3)}"
"(10, 4, 6, 15, 0)",2,"{(10, 4, 6, 15)}","{(7, '?', '?', 3)}"
"(10, 4, 6, 19, 0)",1,"{(10, 19, 4, 6)}","{('?', 1, 3, 3)}"
"(10, 4, 6, 25, 0)",1,"{(25, 10, 4, 6)}","{('?', 4, 3, 3)}"
"(10, 4, 6, 6, 0)",4,"{(10, 4, 6)}","{('?', '?', '?', 3)}"
"(10, 5, 11, 10, 0)",2,"{(10, 11, 5)}","{('?', 7, '?', 3)}"
"(10, 5, 11, 15, 0)",2,"{(10, 11, 5, 15)}","{('?', 7, 1, 3)}"
"(10, 5, 11, 19, 0)",1,"{(19, 10, 11, 5)}","{(4, 7, '?', 3)}"
"(10, 5, 11, 8, 0)",2,"{(8, 10, 11, 5)}","{('?', '?', 2, 3)}"
"(10, 5, 12, 16, 0)",1,"{(16, 10, 12, 5)}","{(4, 0, 0, 3)}"
"(10, 5, 13, 10, 0)",1,"{(10, 13, 5)}","{(4, 5, 4, 3)}"
"(10, 5, 15, 11, 0)",1,"{(10, 11, 5, 15)}","{(6, 7, 1, 3)}"
"(10, 5, 15, 19, 0)",2,"{(10, 19, 5, 15)}","{('?', '?', 1, 3)}"
"(10, 5, 15, 21, 0)",1,"{(10, 21, 5, 15)}","{(6, 3, 1, 3)}"
"(10, 5, 15, 27, 0)",1,"{(10, 27, 5, 15)}","{(4, 0, 1, 3)}"
"(10, 5, 15, 5, 0)",3,"{(10, 5, 15)}","{('?', '?', 1, 3)}"
"(10, 5, 15, 6, 0)",3,"{(10, 5, 6, 15)}","{('?', '?', 1, 3)}"
"(10, 5, 15, 9, 0)",2,"{(9, 10, 5, 15)}","{('?', 0, 1, 3)}"
"(10, 5, 16, 11, 0)",1,"{(16, 10, 11, 5)}","{(6, 6, 0, 3)}"
"(10, 5, 16, 16, 0)",3,"{(16, 10, 5)}","{('?', '?', 0, 3)}"
"(10, 5, 16, 18, 0)",1,"{(16, 10, 18, 5)}","{(4, 5, 0, 3)}"
"(10, 5, 16, 19, 0)",1,"{(16, 10, 19, 5)}","{(4, '?', 0, 3)}"
"(10, 5, 16, 21, 0)",2,"{(16, 10, 21, 5)}","{('?', 3, 0, 3)}"
"(10, 5, 16, 22, 0)",1,"{(16, 10, 5, 22)}","{(6, '?', 0, 3)}"
"(10, 5, 16, 27, 0)",1,"{(16, 10, 27, 5)}","{(6, 0, 0, 3)}"
"(10, 5, 16, 6, 0)",4,"{(16, 10, 5, 6)}","{('?', '?', 0, 3)}"
"(10, 5, 18, 4, 0)",1,"{(10, 18, 4, 5)}","{(6, 2, 7, 3)}"
"(10, 5, 21, 10, 0)",3,"{(10, 21, 5)}","{('?', 3, '?', 3)}"
"(10, 5, 21, 15, 0)",1,"{(10, 21, 5, 15)}","{(6, 3, 1, 3)}"
"(10, 5, 21, 19, 0)",1,"{(19, 10, 21, 5)}","{(4, 3, 6, 3)}"
"(10, 5, 21, 21, 0)",1,"{(10, 21, 5)}","{(6, 3, '?', 3)}"
"(10, 5, 21, 8, 0)",2,"{(8, 10, 21, 5)}","{('?', 3, 2, 3)}"
"(10, 5, 25, 16, 0)",1,"{(16, 25, 10, 5)}","{(4, '?', 0, 3)}"
"(10, 5, 25, 27, 0)",1,"{(25, 10, 27, 5)}","{(4, 0, 2, 3)}"
"(10, 5, 27, 10, 0)",1,"{(10, 27, 5)}","{(6, 0, 7, 3)}"
"(10, 5, 27, 15, 0)",1,"{(10, 27, 5, 15)}","{(6, 0, 1, 3)}"
"(10, 5, 27, 16, 0)",2,"{(16, 10, 27, 5)}","{('?', 0, 0, 3)}"
"(10, 5, 27, 8, 0)",2,"{(8, 10, 27, 5)}","{('?', 0, 2, 3)}"
"(10, 5, 3, 15, 0)",1,"{(10, 3, 5, 15)}","{(6, 3, 1, 3)}"
"(10, 5, 3, 8, 0)",2,"{(8, 10, 3, 5)}","{('?', 3, 2, 3)}"
"(10, 5, 4, 10, 0)",9,"{(10, 4, 5)}","{('?', '?', '?', 3)}"
"(10, 5, 4, 11, 0)",4,"{(10, 11, 4, 5)}","{('?', '?', '?', 3)}"
"(10, 5, 4, 13, 0)",1,"{(10, 13, 4, 5)}","{(4, 2, 7, 3)}"
"(10, 5, 4, 14, 0)",1,"{(10, 4, 5, 14)}","{(6, '?', 7, 3)}"
"(10, 5, 4, 21, 0)",2,"{(10, 21, 4, 5)}","{(4, 3, '?', 3)}"
"(10, 5, 4, 25, 0)",1,"{(25, 10, 4, 5)}","{(6, '?', 7, 3)}"
"(10, 5, 4, 27, 0)",2,"{(10, 27, 4, 5)}","{('?', 0, 7, 3)}"
"(10, 5, 4, 5, 0)",3,"{(10, 4, 5)}","{('?', '?', 7, 3)}"
"(10, 5, 4, 6, 0)",5,"{(10, 4, 5, 6)}","{('?', '?', '?', 3)}"
"(10, 5, 5, 11, 0)",2,"{(10, 11, 5)}","{('?', '?', '?', 3)}"
"(10, 5, 5, 19, 0)",1,"{(10, 19, 5)}","{(4, '?', '?', 3)}"
"(10, 5, 5, 25, 0)",2,"{(25, 10, 5)}","{(6, '?', '?', 3)}"
"(10, 5, 5, 6, 0)",1,"{(10, 5, 6)}","{(4, 1, '?', 3)}"
"(10, 5, 6, 10, 0)",3,"{(10, 5, 6)}","{('?', 1, '?', 3)}"
"(10, 5, 6, 16, 0)",2,"{(16, 10, 5, 6)}","{('?', '?', 0, 3)}"
"(10, 5, 6, 19, 0)",2,"{(10, 19, 5, 6)}","{('?', 1, '?', 3)}"
"(10, 5, 6, 8, 0)",1,"{(8, 10, 5, 6)}","{(6, 1, 2, 3)}"
"(10, 5, 8, 11, 0)",3,"{(8, 10, 11, 5)}","{('?', '?', 2, 3)}"
"(10, 5, 8, 19, 0)",3,"{(8, 10, 19, 5)}","{('?', '?', 2, 3)}"
"(10, 5, 8, 27, 0)",1,"{(8, 10, 27, 5)}","{(4, 0, 2, 3)}"
"(10, 5, 8, 6, 0)",4,"{(8, 10, 5, 6)}","{('?', '?', 2, 3)}"
"(10, 6, 1, 1, 0)",3,"{(1, 10, 6)}","{('?', '?', '?', 3)}"
"(10, 6, 1, 15, 0)",2,"{(1, 10, 6, 15)}","{(5, '?', '?', 3)}"
"(10, 6, 1, 8, 0)",3,"{(8, 1, 10, 6)}","{('?', '?', 2, 3)}"
"(10, 6, 14, 15, 0)",2,"{(10, 15, 6, 14)}","{(0, '?', 1, 3)}"
"(10, 6, 14, 19, 0)",1,"{(10, 19, 6, 14)}","{(0, 4, 4, 3)}"
"(10, 6, 14, 8, 0)",2,"{(8, 10, 6, 14)}","{(0, '?', 2, 3)}"
"(10, 6, 15, 15, 0)",1,"{(10, 6, 15)}","{(7, 4, '?', 3)}"
"(10, 6, 15, 19, 0)",1,"{(10, 19, 6, 15)}","{(3, 1, 1, 3)}"
"(10, 6, 15, 4, 0)",1,"{(10, 4, 6, 15)}","{(2, 4, 3, 3)}"
"(10, 6, 15, 5, 0)",1,"{(10, 5, 6, 15)}","{(6, 4, 1, 3)}"
"(10, 6, 15, 6, 0)",2,"{(10, 6, 15)}","{(3, '?', 1, 3)}"
"(10, 6, 16, 6, 0)",1,"{(16, 10, 6)}","{(3, 1, 0, 3)}"
"(10, 6, 19, 1, 0)",1,"{(1, 10, 19, 6)}","{(7, 4, '?', 3)}"
"(10, 6, 22, 22, 0)",1,"{(10, 6, 22)}","{(0, 4, 4, 3)}"
"(10, 6, 24, 19, 0)",1,"{(24, 10, 19, 6)}","{(2, 4, '?', 3)}"
"(10, 6, 24, 25, 0)",1,"{(24, 25, 10, 6)}","{(2, 4, '?', 3)}"
"(10, 6, 24, 8, 0)",1,"{(24, 8, 10, 6)}","{(2, 1, 2, 3)}"
"(10, 6, 4, 1, 0)",1,"{(1, 10, 4, 6)}","{(5, 1, 7, 3)}"
"(10, 6, 4, 14, 0)",2,"{(10, 4, 6, 14)}","{(0, '?', '?', 3)}"
"(10, 6, 4, 25, 0)",1,"{(25, 10, 4, 6)}","{('?', 1, 7, 3)}"
"(10, 6, 4, 6, 0)",1,"{(10, 4, 6)}","{(3, 1, 7, 3)}"
"(10, 6, 5, 15, 0)",2,"{(10, 5, 6, 15)}","{('?', 4, 1, 3)}"
"(10, 6, 5, 16, 0)",2,"{(16, 10, 5, 6)}","{('?', 1, 0, 3)}"
"(10, 6, 5, 25, 0)",1,"{(25, 10, 5, 6)}","{(6, 1, '?', 3)}"
"(10, 6, 5, 4, 0)",1,"{(10, 4, 5, 6)}","{(6, 1, 7, 3)}"
"(10, 6, 5, 8, 0)",3,"{(8, 10, 5, 6)}","{('?', '?', 2, 3)}"
"(10, 6, 6, 15, 0)",1,"{(10, 6, 15)}","{(3, 1, 1, 3)}"
"(10, 6, 6, 16, 0)",1,"{(16, 10, 6)}","{(3, 1, 0, 3)}"
"(10, 6, 6, 4, 0)",1,"{(10, 4, 6)}","{(3, 1, 7, 3)}"
"(10, 6, 6, 6, 0)",1,"{(10, 6)}","{(3, 1, 1, 3)}"
"(10, 6, 8, 6, 0)",2,"{(8, 10, 6)}","{(3, '?', 2, 3)}"
"(11, 1, 1, 1, 0)",2,"{(1, 11)}","{(7, 7, 2, '?')}"
"(11, 1, 1, 15, 0)",1,"{(1, 11, 15)}","{(5, 7, '?', 7)}"
"(11, 1, 1, 17, 0)",1,"{(1, 11, 17)}","{(5, 6, '?', 7)}"
"(11, 1, 15, 15, 0)",1,"{(1, 11, 15)}","{(5, 7, 4, '?')}"
"(11, 1, 15, 17, 0)",1,"{(1, 11, 17, 15)}","{(7, 6, '?', 0)}"
"(11, 1, 15, 19, 0)",2,"{(19, 1, 11, 15)}","{('?', '?', '?', '?')}"
"(11, 1, 15, 7, 0)",5,"{(1, 11, 7, 15)}","{('?', '?', '?', '?')}"
"(11, 1, 19, 15, 0)",2,"{(19, 1, 11, 15)}","{(5, 7, '?', '?')}"
"(11, 1, 19, 24, 0)",1,"{(19, 1, 11, 24)}","{(2, 6, 6, 6)}"
"(11, 1, 23, 19, 0)",1,"{(19, 1, 11, 23)}","{('?', 7, 4, 1)}"
"(11, 1, 23, 24, 0)",1,"{(24, 1, 11, 23)}","{(2, 7, 4, 1)}"
"(11, 1, 6, 19, 0)",1,"{(19, 1, 11, 6)}","{(3, 7, 5, '?')}"
"(11, 1, 6, 6, 0)",3,"{(1, 11, 6)}","{(3, 7, '?', '?')}"
"(11, 10, 15, 19, 0)",1,"{(19, 10, 11, 15)}","{('?', 7, 1, 3)}"
"(11, 10, 15, 22, 0)",1,"{(10, 11, 22, 15)}","{(0, 7, 1, 3)}"
"(11, 10, 15, 24, 0)",1,"{(24, 10, 11, 15)}","{(1, 7, 1, 3)}"
"(11, 10, 16, 14, 0)",1,"{(16, 10, 11, 14)}","{(0, 7, 0, 3)}"
"(11, 10, 5, 15, 0)",1,"{(10, 11, 5, 15)}","{(6, 7, 1, 3)}"
"(11, 10, 8, 8, 0)",1,"{(8, 10, 11)}","{('?', 7, 2, 3)}"
"(11, 11, 6, 6, 0)",1,"{(11, 6)}","{(3, 7, 5, '?')}"
"(11, 14, 15, 14, 0)",1,"{(11, 14, 15)}","{('?', 6, 1, 4)}"
"(11, 14, 22, 22, 0)",1,"{(11, 14, 22)}","{(0, 6, 5, 4)}"
"(11, 14, 5, 15, 0)",2,"{(11, 5, 14, 15)}","{('?', '?', 1, 4)}"
"(11, 14, 5, 16, 0)",2,"{(16, 11, 5, 14)}","{('?', 6, 0, 4)}"
"(11, 14, 5, 8, 0)",1,"{(8, 11, 5, 14)}","{(4, 6, 2, 4)}"
"(11, 14, 8, 1, 0)",1,"{(8, 1, 11, 14)}","{(7, 6, 2, 4)}"
"(11, 14, 8, 19, 0)",1,"{(8, 19, 11, 14)}","{(0, 7, 2, 4)}"
"(11, 14, 8, 6, 0)",1,"{(8, 11, 14, 6)}","{(3, 7, 2, 4)}"
"(11, 15, 10, 19, 0)",1,"{(19, 10, 11, 15)}","{(5, 7, 1, 5)}"
"(11, 15, 15, 15, 0)",4,"{(11, 15)}","{('?', '?', 1, '?')}"
"(11, 15, 15, 17, 0)",1,"{(17, 11, 15)}","{(5, 6, 1, 0)}"
"(11, 15, 15, 19, 0)",2,"{(19, 11, 15)}","{('?', '?', 1, '?')}"
"(11, 15, 15, 7, 0)",3,"{(11, 7, 15)}","{('?', '?', 1, '?')}"
"(11, 15, 17, 14, 0)",2,"{(17, 11, 14, 15)}","{(0, '?', 1, '?')}"
"(11, 15, 17, 15, 0)",1,"{(17, 11, 15)}","{(5, 7, 1, 7)}"
"(11, 15, 17, 19, 0)",1,"{(19, 17, 11, 15)}","{(2, 7, 3, 0)}"
"(11, 15, 17, 22, 0)",3,"{(17, 11, 22, 15)}","{(0, '?', 1, '?')}"
"(11, 15, 17, 4, 0)",1,"{(17, 11, 4, 15)}","{(2, 7, 7, 7)}"
"(11, 15, 19, 14, 0)",4,"{(19, 11, 14, 15)}","{(0, '?', 1, '?')}"
"(11, 15, 19, 15, 0)",1,"{(19, 11, 15)}","{(5, 7, 1, '?')}"
"(11, 15, 19, 17, 0)",2,"{(19, 17, 11, 15)}","{(0, '?', 1, 7)}"
"(11, 15, 19, 22, 0)",1,"{(19, 11, 22, 15)}","{(0, 6, 1, '?')}"
"(11, 15, 19, 23, 0)",1,"{(19, 11, 23, 15)}","{(5, 7, 1, 5)}"
"(11, 15, 19, 24, 0)",3,"{(19, 24, 11, 15)}","{('?', '?', 1, '?')}"
"(11, 15, 19, 4, 0)",4,"{(19, 11, 4, 15)}","{('?', 7, 7, '?')}"
"(11, 15, 19, 6, 0)",4,"{(19, 11, 6, 15)}","{(3, '?', 1, '?')}"
"(11, 15, 20, 17, 0)",1,"{(17, 11, 20, 15)}","{(1, 6, 1, 0)}"
"(11, 15, 20, 19, 0)",1,"{(19, 11, 20, 15)}","{(2, 6, 1, '?')}"
"(11, 15, 20, 7, 0)",1,"{(11, 20, 7, 15)}","{(1, 6, 1, 7)}"
"(11, 15, 23, 15, 0)",1,"{(11, 23, 15)}","{(7, 7, 1, 1)}"
"(11, 15, 23, 19, 0)",1,"{(19, 11, 23, 15)}","{(2, 7, 3, 1)}"
"(11, 15, 23, 20, 0)",1,"{(11, 23, 20, 15)}","{(1, 6, 1, 1)}"
"(11, 15, 23, 22, 0)",2,"{(11, 23, 22, 15)}","{(0, '?', 1, '?')}"
"(11, 15, 23, 24, 0)",1,"{(24, 11, 23, 15)}","{(2, 7, 1, 1)}"
"(11, 15, 23, 26, 0)",1,"{(26, 11, 23, 15)}","{(0, 6, 1, '?')}"
"(11, 15, 23, 4, 0)",1,"{(11, 23, 4, 15)}","{(2, 6, 7, 1)}"
"(11, 15, 23, 6, 0)",1,"{(11, 23, 6, 15)}","{(3, 7, 1, 1)}"
"(11, 15, 24, 16, 0)",3,"{(24, 16, 11, 15)}","{('?', '?', 1, '?')}"
"(11, 15, 24, 17, 0)",5,"{(24, 17, 11, 15)}","{('?', '?', 1, '?')}"
"(11, 15, 24, 19, 0)",5,"{(24, 19, 11, 15)}","{('?', '?', 1, '?')}"
"(11, 15, 24, 23, 0)",2,"{(24, 11, 23, 15)}","{(2, 6, 1, '?')}"
"(11, 15, 24, 4, 0)",1,"{(24, 11, 4, 15)}","{(2, 6, 1, '?')}"
"(11, 15, 24, 7, 0)",3,"{(24, 11, 7, 15)}","{('?', '?', 1, 7)}"
"(11, 15, 25, 14, 0)",1,"{(25, 11, 14, 15)}","{(0, 7, 1, 3)}"
"(11, 15, 4, 17, 0)",1,"{(17, 11, 4, 15)}","{(2, 6, 7, 0)}"
"(11, 15, 4, 19, 0)",3,"{(19, 11, 4, 15)}","{('?', '?', '?', '?')}"
"(11, 15, 4, 4, 0)",1,"{(11, 4, 15)}","{(2, 7, 7, 0)}"
"(11, 15, 4, 7, 0)",6,"{(11, 4, 7, 15)}","{('?', '?', '?', '?')}"
"(11, 15, 5, 19, 0)",3,"{(19, 11, 5, 15)}","{('?', '?', 1, '?')}"
"(11, 15, 5, 23, 0)",1,"{(11, 23, 5, 15)}","{(6, 7, 1, 1)}"
"(11, 15, 5, 25, 0)",1,"{(25, 11, 5, 15)}","{(6, 7, 1, 3)}"
"(11, 15, 5, 7, 0)",4,"{(11, 7, 5, 15)}","{('?', '?', 1, '?')}"
"(11, 15, 6, 6, 0)",4,"{(11, 6, 15)}","{(3, '?', '?', '?')}"
"(11, 15, 7, 15, 0)",2,"{(11, 7, 15)}","{('?', 7, 1, '?')}"
"(11, 15, 7, 19, 0)",4,"{(19, 11, 7, 15)}","{('?', '?', 1, 0)}"
"(11, 15, 7, 22, 0)",2,"{(11, 7, 22, 15)}","{(0, '?', 1, 7)}"
"(11, 15, 7, 24, 0)",5,"{(24, 11, 7, 15)}","{('?', '?', '?', '?')}"
"(11, 15, 7, 4, 0)",3,"{(11, 7, 4, 15)}","{('?', '?', '?', '?')}"
"(11, 15, 7, 6, 0)",1,"{(11, 7, 6, 15)}","{(3, 7, 1, 7)}"
"(11, 16, 14, 14, 0)",1,"{(16, 11, 14)}","{(0, 6, 0, '?')}"
"(11, 16, 14, 22, 0)",1,"{(16, 11, 14, 22)}","{(0, 7, 0, 6)}"
"(11, 16, 15, 19, 0)",1,"{(16, 19, 11, 15)}","{(7, 7, 0, '?')}"
"(11, 16, 15, 7, 0)",2,"{(16, 11, 7, 15)}","{(5, '?', 0, 0)}"
"(11, 16, 16, 19, 0)",1,"{(16, 19, 11)}","{(5, 7, 0, '?')}"
"(11, 16, 16, 22, 0)",1,"{(16, 11, 22)}","{(0, 7, 0, '?')}"
"(11, 16, 17, 15, 0)",1,"{(16, 17, 11, 15)}","{(7, 6, 0, 7)}"
"(11, 16, 7, 15, 0)",1,"{(16, 11, 15, 7)}","{(5, 6, 0, 0)}"
"(11, 17, 1, 1, 0)",5,"{(17, 11, 1)}","{('?', '?', 2, '?')}"
"(11, 17, 14, 16, 0)",2,"{(16, 17, 11, 14)}","{(0, '?', 0, '?')}"
"(11, 17, 14, 22, 0)",2,"{(17, 11, 14, 22)}","{(0, 7, '?', 7)}"
"(11, 17, 14, 8, 0)",4,"{(8, 17, 11, 14)}","{(0, '?', 2, '?')}"
"(11, 17, 15, 6, 0)",1,"{(17, 11, 6, 15)}","{(3, 7, 1, 0)}"
"(11, 17, 16, 14, 0)",3,"{(16, 17, 11, 14)}","{(0, '?', 0, '?')}"
"(11, 17, 16, 19, 0)",3,"{(16, 17, 11, 19)}","{('?', '?', 0, 0)}"
"(11, 17, 16, 6, 0)",1,"{(16, 17, 11, 6)}","{(3, 7, 0, 0)}"
"(11, 17, 19, 22, 0)",1,"{(19, 17, 11, 22)}","{(0, 6, '?', 0)}"
"(11, 17, 22, 14, 0)",3,"{(17, 11, 22, 14)}","{(0, '?', '?', 7)}"
"(11, 17, 24, 19, 0)",1,"{(24, 17, 11, 19)}","{(1, 6, '?', 0)}"
"(11, 17, 24, 8, 0)",1,"{(24, 17, 11, 8)}","{(1, 6, 2, 0)}"
"(11, 17, 5, 15, 0)",1,"{(17, 11, 5, 15)}","{(6, 6, 1, 0)}"
"(11, 17, 5, 16, 0)",2,"{(16, 17, 11, 5)}","{('?', '?', 0, 0)}"
"(11, 17, 5, 19, 0)",1,"{(19, 17, 11, 5)}","{(4, 7, '?', 0)}"
"(11, 17, 5, 5, 0)",1,"{(17, 11, 5)}","{(4, 7, '?', 0)}"
"(11, 17, 5, 8, 0)",3,"{(8, 17, 11, 5)}","{(6, '?', 2, '?')}"
"(11, 17, 6, 6, 0)",2,"{(17, 11, 6)}","{(3, 7, '?', 0)}"
"(11, 17, 8, 14, 0)",3,"{(8, 17, 11, 14)}","{(0, '?', 2, '?')}"
"(11, 17, 8, 19, 0)",1,"{(8, 17, 11, 19)}","{(0, 7, 5, 0)}"
"(11, 17, 8, 24, 0)",1,"{(8, 17, 11, 24)}","{(1, 7, 2, 0)}"
"(11, 17, 8, 6, 0)",3,"{(8, 17, 11, 6)}","{(3, '?', 2, '?')}"
"(11, 19, 1, 8, 0)",1,"{(19, 1, 11, 8)}","{(7, 6, 2, '?')}"
"(11, 19, 14, 14, 0)",1,"{(19, 11, 14)}","{(0, 7, 6, '?')}"
"(11, 19, 14, 16, 0)",3,"{(19, 16, 11, 14)}","{(0, '?', 0, '?')}"
"(11, 19, 14, 22, 0)",11,"{(19, 11, 14, 22)}","{(0, '?', '?', '?')}"
"(11, 19, 14, 8, 0)",3,"{(19, 8, 11, 14)}","{(0, '?', 2, '?')}"
"(11, 19, 15, 15, 0)",2,"{(19, 11, 15)}","{('?', 7, 1, '?')}"
"(11, 19, 15, 19, 0)",11,"{(19, 11, 15)}","{('?', '?', 1, '?')}"
"(11, 19, 15, 20, 0)",1,"{(19, 11, 20, 15)}","{(1, 7, 1, '?')}"
"(11, 19, 15, 22, 0)",1,"{(19, 11, 22, 15)}","{(0, 6, 1, '?')}"
"(11, 19, 15, 23, 0)",1,"{(19, 11, 23, 15)}","{(0, 7, 1, 1)}"
"(11, 19, 15, 24, 0)",3,"{(19, 24, 11, 15)}","{('?', '?', 1, '?')}"
"(11, 19, 15, 4, 0)",1,"{(19, 11, 4, 15)}","{(2, 6, 7, '?')}"
"(11, 19, 15, 5, 0)",1,"{(19, 11, 5, 15)}","{(0, 7, 1, '?')}"
"(11, 19, 15, 7, 0)",1,"{(19, 11, 7, 15)}","{('?', 6, 1, 0)}"
"(11, 19, 16, 14, 0)",2,"{(19, 16, 11, 14)}","{(0, '?', 0, '?')}"
"(11, 19, 16, 19, 0)",10,"{(19, 16, 11)}","{('?', '?', 0, '?')}"
"(11, 19, 16, 6, 0)",1,"{(19, 16, 11, 6)}","{(3, 7, 0, 4)}"
"(11, 19, 17, 22, 0)",1,"{(19, 17, 11, 22)}","{(0, 6, '?', 7)}"
"(11, 19, 19, 14, 0)",2,"{(19, 11, 14)}","{(0, 7, 6, '?')}"
"(11, 19, 19, 19, 0)",11,"{(19, 11)}","{('?', '?', '?', '?')}"
"(11, 19, 19, 22, 0)",6,"{(19, 11, 22)}","{(0, '?', '?', '?')}"
"(11, 19, 19, 4, 0)",1,"{(19, 11, 4)}","{(0, 7, 3, 2)}"
"(11, 19, 19, 5, 0)",1,"{(19, 11, 5)}","{(0, 6, 5, '?')}"
"(11, 19, 19, 6, 0)",1,"{(19, 11, 6)}","{('?', 7, 1, 4)}"
"(11, 19, 20, 19, 0)",1,"{(19, 11, 20)}","{(2, 6, 1, '?')}"
"(11, 19, 20, 20, 0)",1,"{(19, 11, 20)}","{(1, 6, 0, '?')}"
"(11, 19, 20, 24, 0)",1,"{(19, 24, 11, 20)}","{(1, 7, 0, '?')}"
"(11, 19, 22, 14, 0)",4,"{(19, 11, 22, 14)}","{(0, '?', '?', '?')}"
"(11, 19, 22, 22, 0)",12,"{(19, 11, 22)}","{(0, '?', '?', '?')}"
"(11, 19, 22, 8, 0)",1,"{(19, 8, 11, 22)}","{(6, 6, 2, 6)}"
"(11, 19, 23, 15, 0)",1,"{(19, 11, 15, 23)}","{(5, 7, 1, 1)}"
"(11, 19, 23, 19, 0)",2,"{(19, 11, 23)}","{('?', 7, '?', 1)}"
"(11, 19, 23, 23, 0)",1,"{(19, 11, 23)}","{(5, 7, 1, 1)}"
"(11, 19, 24, 19, 0)",23,"{(19, 24, 11)}","{('?', '?', '?', '?')}"
"(11, 19, 24, 21, 0)",1,"{(19, 24, 11, 21)}","{(1, 6, 2, 6)}"
"(11, 19, 24, 23, 0)",5,"{(19, 24, 11, 23)}","{('?', '?', '?', '?')}"
"(11, 19, 24, 24, 0)",1,"{(19, 24, 11)}","{(1, 6, 2, '?')}"
"(11, 19, 24, 25, 0)",2,"{(19, 24, 11, 25)}","{('?', '?', '?', '?')}"
"(11, 19, 24, 8, 0)",2,"{(19, 24, 11, 8)}","{(1, '?', 2, '?')}"
"(11, 19, 4, 19, 0)",2,"{(19, 11, 4)}","{('?', 7, '?', '?')}"
"(11, 19, 4, 22, 0)",1,"{(19, 11, 4, 22)}","{(0, 6, 7, '?')}"
"(11, 19, 5, 15, 0)",3,"{(19, 11, 5, 15)}","{('?', '?', 1, '?')}"
"(11, 19, 5, 16, 0)",1,"{(19, 16, 11, 5)}","{(4, 6, 0, 2)}"
"(11, 19, 5, 19, 0)",1,"{(19, 11, 5)}","{(6, 7, '?', '?')}"
"(11, 19, 5, 4, 0)",1,"{(19, 11, 4, 5)}","{(4, 7, 3, '?')}"
"(11, 19, 6, 23, 0)",1,"{(19, 11, 6, 23)}","{(3, 7, 1, 1)}"
"(11, 19, 6, 6, 0)",9,"{(19, 11, 6)}","{(3, '?', '?', '?')}"
"(11, 19, 8, 1, 0)",1,"{(19, 8, 11, 1)}","{('?', 7, 2, '?')}"
"(11, 19, 8, 14, 0)",2,"{(19, 8, 11, 14)}","{(0, '?', 2, 4)}"
"(11, 19, 8, 19, 0)",3,"{(19, 8, 11)}","{('?', '?', '?', '?')}"
"(11, 19, 8, 23, 0)",1,"{(19, 8, 11, 23)}","{(3, 6, 2, '?')}"
"(11, 19, 8, 24, 0)",2,"{(19, 8, 11, 24)}","{('?', '?', 2, '?')}"
"(11, 19, 8, 6, 0)",3,"{(19, 8, 11, 6)}","{(3, '?', 2, '?')}"
"(11, 19, 8, 8, 0)",4,"{(19, 8, 11)}","{('?', '?', 2, '?')}"
"(11, 20, 17, 16, 0)",1,"{(16, 17, 11, 20)}","{(0, 7, 0, 0)}"
"(11, 20, 17, 24, 0)",3,"{(24, 17, 11, 20)}","{('?', 6, '?', '?')}"
"(11, 20, 19, 20, 0)",3,"{(19, 11, 20)}","{('?', '?', 0, '?')}"
"(11, 20, 20, 17, 0)",1,"{(17, 11, 20)}","{(1, 7, 0, 0)}"
"(11, 20, 20, 19, 0)",5,"{(19, 11, 20)}","{('?', '?', 0, '?')}"
"(11, 20, 20, 20, 0)",3,"{(11, 20)}","{('?', '?', 0, '?')}"
"(11, 20, 20, 24, 0)",1,"{(24, 11, 20)}","{(2, 6, 0, '?')}"
"(11, 20, 20, 7, 0)",1,"{(11, 20, 7)}","{(1, 6, 0, 7)}"
"(11, 20, 22, 20, 0)",1,"{(11, 20, 22)}","{(2, 6, 0, 4)}"
"(11, 20, 23, 24, 0)",1,"{(24, 11, 20, 23)}","{(2, 6, 0, '?')}"
"(11, 20, 24, 19, 0)",2,"{(24, 19, 11, 20)}","{(2, '?', 0, '?')}"
"(11, 20, 24, 7, 0)",1,"{(24, 11, 20, 7)}","{(2, 6, 0, 7)}"
"(11, 22, 14, 19, 0)",1,"{(19, 11, 22, 14)}","{(0, 7, 4, 4)}"
"(11, 22, 14, 22, 0)",1,"{(11, 22, 14)}","{(0, 7, 4, 4)}"
"(11, 22, 15, 19, 0)",1,"{(19, 11, 22, 15)}","{('?', 7, 1, 4)}"
"(11, 22, 15, 4, 0)",1,"{(11, 4, 22, 15)}","{(1, 7, 7, 4)}"
"(11, 22, 15, 6, 0)",1,"{(11, 6, 22, 15)}","{(3, 6, 1, 4)}"
"(11, 22, 16, 14, 0)",2,"{(16, 11, 22, 14)}","{(0, '?', 0, 4)}"
"(11, 22, 19, 19, 0)",2,"{(19, 11, 22)}","{('?', 7, '?', 4)}"
"(11, 22, 19, 22, 0)",2,"{(19, 11, 22)}","{('?', 7, '?', 4)}"
"(11, 22, 24, 19, 0)",1,"{(24, 19, 11, 22)}","{(2, 6, '?', 4)}"
"(11, 22, 5, 15, 0)",1,"{(11, 5, 22, 15)}","{(4, 6, 1, 4)}"
"(11, 23, 14, 22, 0)",2,"{(11, 22, 14, 23)}","{(0, 7, '?', 1)}"
"(11, 23, 15, 14, 0)",1,"{(11, 15, 14, 23)}","{(0, 7, 1, 1)}"
"(11, 23, 15, 19, 0)",3,"{(19, 11, 15, 23)}","{('?', '?', 1, 1)}"
"(11, 23, 15, 22, 0)",1,"{(11, 15, 22, 23)}","{(0, 7, 1, 1)}"
"(11, 23, 15, 24, 0)",2,"{(24, 11, 15, 23)}","{('?', 7, 1, 1)}"
"(11, 23, 15, 5, 0)",1,"{(11, 15, 5, 23)}","{(4, 6, 1, 1)}"
"(11, 23, 19, 19, 0)",4,"{(19, 11, 23)}","{('?', '?', '?', 1)}"
"(11, 23, 22, 14, 0)",1,"{(11, 14, 22, 23)}","{(0, 7, 5, 1)}"
"(11, 23, 22, 19, 0)",1,"{(19, 11, 22, 23)}","{(0, 7, 4, 1)}"
"(11, 23, 22, 22, 0)",1,"{(11, 22, 23)}","{(0, 7, 5, 1)}"
"(11, 23, 24, 19, 0)",3,"{(24, 19, 11, 23)}","{('?', '?', '?', '?')}"
"(11, 23, 24, 8, 0)",1,"{(24, 8, 11, 23)}","{(1, 7, 2, '?')}"
"(11, 23, 5, 8, 0)",1,"{(8, 11, 5, 23)}","{(6, 6, 2, 0)}"
"(11, 23, 6, 6, 0)",3,"{(11, 6, 23)}","{(3, '?', '?', 1)}"
"(11, 23, 8, 24, 0)",1,"{(8, 24, 11, 23)}","{(1, 6, 2, '?')}"
"(11, 24, 17, 19, 0)",1,"{(24, 17, 11, 19)}","{(2, 7, '?', 0)}"
"(11, 24, 17, 24, 0)",4,"{(24, 17, 11)}","{(2, '?', '?', '?')}"
"(11, 24, 17, 8, 0)",3,"{(24, 17, 11, 8)}","{('?', '?', 2, 7)}"
"(11, 24, 19, 24, 0)",4,"{(24, 19, 11)}","{('?', '?', '?', '?')}"
"(11, 24, 22, 24, 0)",1,"{(24, 11, 22)}","{(1, 6, '?', 4)}"
"(11, 24, 24, 19, 0)",1,"{(24, 19, 11)}","{(2, 7, '?', '?')}"
"(11, 24, 24, 8, 0)",2,"{(24, 8, 11)}","{(2, 7, 2, '?')}"
"(11, 24, 25, 24, 0)",1,"{(24, 25, 11)}","{(2, 6, '?', 3)}"
"(11, 24, 7, 24, 0)",1,"{(24, 11, 7)}","{(2, 6, '?', 7)}"
"(11, 24, 8, 17, 0)",1,"{(24, 8, 11, 17)}","{(1, 7, 2, 0)}"
"(11, 24, 8, 19, 0)",3,"{(24, 8, 11, 19)}","{(1, '?', 2, '?')}"
"(11, 24, 8, 24, 0)",5,"{(24, 8, 11)}","{('?', '?', 2, '?')}"
"(11, 24, 8, 7, 0)",1,"{(24, 8, 11, 7)}","{(1, 7, 2, 7)}"
"(11, 24, 8, 8, 0)",5,"{(24, 8, 11)}","{('?', '?', 2, '?')}"
"(11, 25, 15, 19, 0)",3,"{(19, 25, 11, 15)}","{('?', '?', 1, '?')}"
"(11, 25, 16, 1, 0)",1,"{(16, 25, 11, 1)}","{(7, 7, 0, 5)}"
"(11, 25, 16, 8, 0)",1,"{(16, 25, 11, 8)}","{(7, 7, 0, 5)}"
"(11, 25, 19, 14, 0)",1,"{(19, 25, 11, 14)}","{(0, 6, 6, 4)}"
"(11, 25, 19, 15, 0)",1,"{(19, 25, 11, 15)}","{('?', 7, 1, 3)}"
"(11, 25, 19, 19, 0)",2,"{(19, 25, 11)}","{('?', 6, 6, '?')}"
"(11, 25, 19, 22, 0)",1,"{(19, 25, 11, 22)}","{(0, 6, 4, 4)}"
"(11, 25, 20, 24, 0)",1,"{(24, 25, 11, 20)}","{(1, 7, 0, 5)}"
"(11, 25, 22, 16, 0)",1,"{(16, 25, 11, 22)}","{(0, 6, 0, 4)}"
"(11, 25, 22, 8, 0)",1,"{(8, 25, 11, 22)}","{(0, 6, 2, 4)}"
"(11, 25, 4, 25, 0)",1,"{(25, 11, 4)}","{('?', 6, 7, 4)}"
"(11, 25, 5, 15, 0)",1,"{(25, 11, 5, 15)}","{(6, 7, 1, 3)}"
"(11, 25, 6, 6, 0)",1,"{(25, 11, 6)}","{(3, 6, 5, 5)}"
"(11, 25, 8, 8, 0)",1,"{(8, 25, 11)}","{(5, 7, 2, 5)}"
"(11, 4, 17, 14, 0)",1,"{(17, 11, 4, 14)}","{(0, 6, 3, 0)}"
"(11, 4, 19, 14, 0)",8,"{(19, 11, 4, 14)}","{(0, '?', '?', '?')}"
"(11, 4, 19, 19, 0)",10,"{(19, 11, 4)}","{('?', '?', '?', '?')}"
"(11, 4, 19, 22, 0)",6,"{(19, 11, 4, 22)}","{(0, '?', '?', '?')}"
"(11, 4, 19, 24, 0)",1,"{(19, 24, 11, 4)}","{(1, 7, 7, '?')}"
"(11, 4, 19, 4, 0)",1,"{(19, 11, 4)}","{(1, 6, 7, '?')}"
"(11, 4, 19, 5, 0)",1,"{(19, 11, 4, 5)}","{(6, 6, 7, 4)}"
"(11, 4, 19, 6, 0)",4,"{(19, 11, 4, 6)}","{(3, '?', '?', '?')}"
"(11, 4, 22, 19, 0)",1,"{(19, 11, 4, 22)}","{(6, 6, 7, 4)}"
"(11, 4, 22, 5, 0)",1,"{(11, 4, 5, 22)}","{(6, 6, 3, 4)}"
"(11, 4, 23, 19, 0)",2,"{(19, 11, 4, 23)}","{('?', '?', 3, 1)}"
"(11, 4, 23, 22, 0)",2,"{(11, 4, 22, 23)}","{(0, 6, '?', 1)}"
"(11, 4, 25, 14, 0)",1,"{(25, 11, 4, 14)}","{(0, 7, 7, 4)}"
"(11, 4, 25, 22, 0)",1,"{(25, 11, 4, 22)}","{(0, 6, 7, 4)}"
"(11, 4, 4, 7, 0)",1,"{(11, 4, 7)}","{(2, 7, 7, 0)}"
"(11, 4, 5, 14, 0)",1,"{(11, 4, 5, 14)}","{(6, 7, 3, 4)}"
"(11, 4, 5, 17, 0)",1,"{(17, 11, 4, 5)}","{(6, 6, 7, 7)}"
"(11, 4, 5, 19, 0)",4,"{(19, 11, 4, 5)}","{('?', '?', '?', '?')}"
"(11, 4, 6, 6, 0)",1,"{(11, 4, 6)}","{(3, 6, 3, 2)}"
"(11, 4, 7, 14, 0)",5,"{(11, 4, 14, 7)}","{(0, '?', '?', '?')}"
"(11, 4, 7, 19, 0)",2,"{(19, 11, 4, 7)}","{('?', '?', '?', 0)}"
"(11, 4, 7, 22, 0)",2,"{(11, 4, 22, 7)}","{(0, '?', '?', 7)}"
"(11, 4, 7, 4, 0)",1,"{(11, 4, 7)}","{(1, 7, 3, 0)}"
"(11, 5, 15, 17, 0)",3,"{(17, 11, 5, 15)}","{('?', '?', 1, '?')}"
"(11, 5, 15, 19, 0)",3,"{(19, 11, 5, 15)}","{('?', 7, 1, '?')}"
"(11, 5, 15, 23, 0)",1,"{(11, 23, 5, 15)}","{(6, 7, 1, 1)}"
"(11, 5, 15, 7, 0)",3,"{(11, 7, 5, 15)}","{('?', 7, 1, '?')}"
"(11, 5, 16, 17, 0)",4,"{(16, 17, 11, 5)}","{('?', '?', 0, '?')}"
"(11, 5, 16, 19, 0)",3,"{(16, 19, 11, 5)}","{('?', '?', 0, '?')}"
"(11, 5, 16, 22, 0)",1,"{(16, 11, 5, 22)}","{(4, 6, 0, 4)}"
"(11, 5, 16, 7, 0)",3,"{(16, 11, 5, 7)}","{('?', '?', 0, '?')}"
"(11, 5, 16, 8, 0)",1,"{(16, 8, 11, 5)}","{(6, 6, 0, 4)}"
"(11, 5, 17, 16, 0)",1,"{(16, 17, 11, 5)}","{(6, 7, 0, 0)}"
"(11, 5, 17, 19, 0)",1,"{(19, 17, 11, 5)}","{(4, 7, '?', 0)}"
"(11, 5, 17, 8, 0)",3,"{(8, 17, 11, 5)}","{('?', '?', '?', '?')}"
"(11, 5, 19, 19, 0)",3,"{(19, 11, 5)}","{('?', '?', '?', '?')}"
"(11, 5, 19, 8, 0)",2,"{(19, 8, 11, 5)}","{('?', 7, 2, '?')}"
"(11, 5, 22, 15, 0)",2,"{(11, 5, 22, 15)}","{('?', 7, 1, 4)}"
"(11, 5, 22, 16, 0)",1,"{(16, 11, 5, 22)}","{(4, 6, 0, 4)}"
"(11, 5, 22, 19, 0)",1,"{(19, 11, 5, 22)}","{(4, 6, '?', 4)}"
"(11, 5, 22, 5, 0)",1,"{(11, 5, 22)}","{(4, 7, '?', 4)}"
"(11, 5, 4, 17, 0)",1,"{(17, 11, 4, 5)}","{(6, 7, 3, 0)}"
"(11, 5, 4, 23, 0)",2,"{(11, 4, 5, 23)}","{(4, 7, '?', 1)}"
"(11, 5, 4, 4, 0)",1,"{(11, 4, 5)}","{(6, 7, 7, 4)}"
"(11, 5, 4, 5, 0)",1,"{(11, 4, 5)}","{(4, 7, 7, 0)}"
"(11, 5, 4, 7, 0)",1,"{(11, 4, 5, 7)}","{(6, 7, 7, 0)}"
"(11, 5, 5, 4, 0)",1,"{(11, 4, 5)}","{(6, 7, 7, 4)}"
"(11, 5, 5, 7, 0)",1,"{(11, 5, 7)}","{(6, 7, '?', 7)}"
"(11, 5, 7, 16, 0)",1,"{(16, 11, 5, 7)}","{(6, 7, 0, 7)}"
"(11, 5, 7, 19, 0)",5,"{(19, 11, 5, 7)}","{('?', '?', '?', '?')}"
"(11, 5, 8, 19, 0)",2,"{(8, 19, 11, 5)}","{('?', '?', 2, '?')}"
"(11, 5, 8, 7, 0)",3,"{(8, 11, 5, 7)}","{('?', 7, 2, '?')}"
"(11, 5, 8, 8, 0)",2,"{(8, 11, 5)}","{('?', '?', 2, '?')}"
"(11, 6, 19, 6, 0)",1,"{(19, 11, 6)}","{(3, 7, '?', 4)}"
"(11, 6, 6, 19, 0)",1,"{(19, 11, 6)}","{(3, 7, 4, '?')}"
"(11, 6, 6, 6, 0)",2,"{(11, 6)}","{(3, '?', '?', '?')}"
"(11, 6, 8, 6, 0)",1,"{(8, 11, 6)}","{(3, 7, 2, 4)}"
"(11, 7, 14, 14, 0)",1,"{(11, 14, 7)}","{(0, 7, 6, 7)}"
"(11, 7, 14, 19, 0)",1,"{(19, 11, 14, 7)}","{(0, 7, 6, 7)}"
"(11, 7, 14, 22, 0)",5,"{(11, 22, 14, 7)}","{(0, '?', '?', '?')}"
"(11, 7, 14, 8, 0)",1,"{(8, 11, 14, 7)}","{(0, 7, 2, 0)}"
"(11, 7, 15, 14, 0)",1,"{(11, 15, 14, 7)}","{(0, 7, 1, 0)}"
"(11, 7, 15, 19, 0)",6,"{(19, 11, 15, 7)}","{('?', '?', 1, '?')}"
"(11, 7, 15, 22, 0)",1,"{(11, 15, 22, 7)}","{(0, 7, 1, 0)}"
"(11, 7, 15, 24, 0)",2,"{(24, 11, 15, 7)}","{('?', 7, 1, 0)}"
"(11, 7, 15, 4, 0)",2,"{(11, 15, 4, 7)}","{(1, '?', '?', 7)}"
"(11, 7, 16, 14, 0)",3,"{(16, 11, 14, 7)}","{(0, '?', 0, '?')}"
"(11, 7, 16, 19, 0)",2,"{(16, 19, 11, 7)}","{('?', '?', 0, 7)}"
"(11, 7, 16, 22, 0)",2,"{(16, 11, 22, 7)}","{(0, '?', 0, '?')}"
"(11, 7, 16, 26, 0)",1,"{(16, 26, 11, 7)}","{(0, 7, 0, 7)}"
"(11, 7, 16, 5, 0)",1,"{(16, 11, 5, 7)}","{(0, 7, 0, 0)}"
"(11, 7, 19, 14, 0)",3,"{(19, 11, 14, 7)}","{(0, '?', '?', '?')}"
"(11, 7, 19, 19, 0)",2,"{(19, 11, 7)}","{('?', '?', '?', 0)}"
"(11, 7, 19, 22, 0)",2,"{(19, 11, 22, 7)}","{(0, '?', '?', 0)}"
"(11, 7, 22, 14, 0)",2,"{(11, 14, 22, 7)}","{(0, 6, 2, '?')}"
"(11, 7, 22, 22, 0)",5,"{(11, 22, 7)}","{(0, '?', '?', '?')}"
"(11, 7, 22, 8, 0)",1,"{(8, 11, 22, 7)}","{(0, 6, 2, 7)}"
"(11, 7, 24, 15, 0)",1,"{(24, 11, 15, 7)}","{(2, 7, 1, 7)}"
"(11, 7, 24, 19, 0)",3,"{(24, 19, 11, 7)}","{('?', '?', '?', 0)}"
"(11, 7, 24, 8, 0)",3,"{(24, 8, 11, 7)}","{('?', '?', 2, 7)}"
"(11, 7, 26, 22, 0)",1,"{(26, 11, 22, 7)}","{(0, 7, 1, 0)}"
"(11, 7, 4, 14, 0)",1,"{(11, 4, 14, 7)}","{(0, 7, 3, 0)}"
"(11, 7, 4, 19, 0)",1,"{(19, 11, 4, 7)}","{('?', 7, 7, 0)}"
"(11, 7, 4, 20, 0)",1,"{(11, 4, 20, 7)}","{(1, 7, 7, 7)}"
"(11, 7, 4, 7, 0)",1,"{(11, 4, 7)}","{(2, 7, 7, 0)}"
"(11, 7, 5, 15, 0)",4,"{(11, 15, 5, 7)}","{('?', '?', 1, '?')}"
"(11, 7, 5, 16, 0)",1,"{(16, 11, 5, 7)}","{(0, 7, 0, 7)}"
"(11, 7, 5, 19, 0)",5,"{(19, 11, 5, 7)}","{('?', '?', '?', '?')}"
"(11, 7, 5, 4, 0)",1,"{(11, 4, 5, 7)}","{(0, 7, 7, 0)}"
"(11, 7, 6, 6, 0)",1,"{(11, 6, 7)}","{(3, 6, '?', 7)}"
"(11, 7, 8, 14, 0)",4,"{(8, 11, 14, 7)}","{(0, '?', '?', '?')}"
"(11, 7, 8, 19, 0)",4,"{(8, 19, 11, 7)}","{('?', '?', 2, '?')}"
"(11, 7, 8, 8, 0)",2,"{(8, 11, 7)}","{('?', 6, 2, 7)}"
"(11, 8, 14, 8, 0)",2,"{(8, 11, 14)}","{('?', 6, 2, '?')}"
"(11, 8, 24, 8, 0)",1,"{(8, 24, 11)}","{(2, 6, 2, 4)}"
"(11, 8, 6, 8, 0)",1,"{(8, 11, 6)}","{(3, 7, 2, '?')}"
"(11, 8, 8, 14, 0)",1,"{(8, 11, 14)}","{(6, 6, 2, '?')}"
"(11, 8, 8, 19, 0)",1,"{(8, 19, 11)}","{(5, 7, 2, 6)}"
"(11, 8, 8, 26, 0)",2,"{(8, 26, 11)}","{('?', 6, 2, '?')}"
"(11, 8, 8, 5, 0)",1,"{(8, 11, 5)}","{(6, 6, 2, '?')}"
"(13, 1, 1, 1, 0)",1,"{(1, 13)}","{(5, 5, 2, '?')}"
"(13, 1, 13, 6, 0)",1,"{(1, 13, 6)}","{(3, 2, 4, 1)}"
"(13, 10, 1, 1, 0)",3,"{(1, 10, 13)}","{('?', '?', 2, '?')}"
"(13, 10, 1, 15, 0)",2,"{(1, 10, 13, 15)}","{('?', 2, '?', 3)}"
"(13, 10, 1, 8, 0)",2,"{(8, 1, 10, 13)}","{('?', 5, 2, 3)}"
"(13, 10, 10, 1, 0)",3,"{(1, 10, 13)}","{('?', 2, '?', 3)}"
"(13, 10, 10, 15, 0)",1,"{(10, 13, 15)}","{(5, 2, 5, 3)}"
"(13, 10, 10, 19, 0)",3,"{(10, 19, 13)}","{('?', 2, '?', 3)}"
"(13, 10, 10, 25, 0)",1,"{(25, 10, 13)}","{(5, 2, 4, 3)}"
"(13, 10, 10, 5, 0)",1,"{(10, 5, 13)}","{(4, 2, 1, 3)}"
"(13, 10, 14, 14, 0)",1,"{(10, 13, 14)}","{(0, 5, 4, 3)}"
"(13, 10, 15, 10, 0)",7,"{(10, 13, 15)}","{('?', '?', '?', 3)}"
"(13, 10, 15, 13, 0)",1,"{(10, 13, 15)}","{(1, 2, 7, 3)}"
"(13, 10, 15, 14, 0)",2,"{(10, 13, 14, 15)}","{(0, '?', 1, 3)}"
"(13, 10, 15, 15, 0)",4,"{(10, 13, 15)}","{('?', '?', '?', 3)}"
"(13, 10, 15, 19, 0)",3,"{(10, 19, 13, 15)}","{('?', '?', 1, 3)}"
"(13, 10, 15, 20, 0)",1,"{(10, 20, 13, 15)}","{(1, 2, 1, 3)}"
"(13, 10, 15, 22, 0)",1,"{(10, 13, 22, 15)}","{(0, 5, 1, 3)}"
"(13, 10, 15, 24, 0)",8,"{(24, 10, 13, 15)}","{('?', '?', 1, 3)}"
"(13, 10, 15, 4, 0)",7,"{(10, 4, 13, 15)}","{('?', '?', '?', 3)}"
"(13, 10, 15, 5, 0)",5,"{(10, 5, 13, 15)}","{('?', '?', 1, 3)}"
"(13, 10, 16, 10, 0)",2,"{(16, 10, 13)}","{('?', 2, 0, 3)}"
"(13, 10, 16, 13, 0)",1,"{(16, 10, 13)}","{(7, 2, 0, 3)}"
"(13, 10, 16, 14, 0)",2,"{(16, 10, 13, 14)}","{(0, '?', 0, 3)}"
"(13, 10, 16, 15, 0)",4,"{(16, 10, 13, 15)}","{('?', '?', 0, 3)}"
"(13, 10, 16, 16, 0)",2,"{(16, 10, 13)}","{('?', 5, 0, 3)}"
"(13, 10, 16, 19, 0)",1,"{(16, 10, 19, 13)}","{('?', 2, 0, 3)}"
"(13, 10, 16, 5, 0)",4,"{(16, 10, 5, 13)}","{('?', '?', 0, 3)}"
"(13, 10, 16, 6, 0)",3,"{(16, 10, 13, 6)}","{('?', '?', 0, 3)}"
"(13, 10, 16, 8, 0)",1,"{(16, 8, 10, 13)}","{('?', 5, 0, 3)}"
"(13, 10, 19, 10, 0)",1,"{(10, 19, 13)}","{('?', 2, 4, 3)}"
"(13, 10, 19, 19, 0)",3,"{(10, 19, 13)}","{('?', '?', '?', 3)}"
"(13, 10, 19, 6, 0)",5,"{(10, 19, 13, 6)}","{(3, '?', '?', 3)}"
"(13, 10, 20, 10, 0)",3,"{(10, 20, 13)}","{('?', '?', 0, 3)}"
"(13, 10, 20, 20, 0)",4,"{(10, 20, 13)}","{('?', '?', 0, 3)}"
"(13, 10, 20, 24, 0)",2,"{(24, 10, 20, 13)}","{('?', 6, 1, 3)}"
"(13, 10, 22, 14, 0)",2,"{(10, 13, 22, 14)}","{(0, '?', 4, 3)}"
"(13, 10, 22, 16, 0)",2,"{(16, 10, 13, 22)}","{(0, '?', 0, 3)}"
"(13, 10, 22, 19, 0)",1,"{(10, 19, 13, 22)}","{(0, 5, 5, 3)}"
"(13, 10, 22, 22, 0)",4,"{(10, 13, 22)}","{(0, '?', '?', 3)}"
"(13, 10, 24, 10, 0)",18,"{(24, 10, 13)}","{('?', '?', '?', 3)}"
"(13, 10, 24, 15, 0)",1,"{(24, 10, 13, 15)}","{(2, 5, 1, 3)}"
"(13, 10, 24, 19, 0)",5,"{(24, 10, 19, 13)}","{('?', '?', '?', 3)}"
"(13, 10, 24, 25, 0)",4,"{(24, 25, 10, 13)}","{(2, 2, '?', 3)}"
"(13, 10, 24, 8, 0)",6,"{(24, 8, 10, 13)}","{('?', '?', '?', 3)}"
"(13, 10, 25, 1, 0)",1,"{(25, 10, 13, 1)}","{(7, 2, 5, 3)}"
"(13, 10, 25, 15, 0)",2,"{(25, 10, 13, 15)}","{('?', '?', 4, 3)}"
"(13, 10, 25, 19, 0)",1,"{(25, 10, 19, 13)}","{(7, 2, '?', 3)}"
"(13, 10, 25, 6, 0)",2,"{(25, 10, 13, 6)}","{(3, '?', '?', 3)}"
"(13, 10, 4, 10, 0)",11,"{(10, 4, 13)}","{('?', '?', '?', 3)}"
"(13, 10, 4, 13, 0)",3,"{(10, 4, 13)}","{('?', '?', '?', 3)}"
"(13, 10, 4, 14, 0)",2,"{(10, 4, 13, 14)}","{(0, 5, '?', 3)}"
"(13, 10, 4, 15, 0)",7,"{(10, 4, 13, 15)}","{('?', '?', '?', 3)}"
"(13, 10, 4, 19, 0)",3,"{(10, 19, 4, 13)}","{('?', '?', '?', 3)}"
"(13, 10, 4, 22, 0)",2,"{(10, 4, 13, 22)}","{(0, 5, '?', 3)}"
"(13, 10, 4, 23, 0)",1,"{(10, 4, 13, 23)}","{(3, 2, 7, 3)}"
"(13, 10, 4, 4, 0)",1,"{(10, 4, 13)}","{(1, 5, 7, 3)}"
"(13, 10, 4, 5, 0)",9,"{(10, 5, 4, 13)}","{('?', '?', '?', 3)}"
"(13, 10, 4, 6, 0)",4,"{(10, 4, 13, 6)}","{(3, '?', '?', 3)}"
"(13, 10, 5, 10, 0)",2,"{(10, 5, 13)}","{('?', '?', '?', 3)}"
"(13, 10, 5, 13, 0)",1,"{(10, 5, 13)}","{(4, 2, '?', 3)}"
"(13, 10, 5, 15, 0)",3,"{(10, 5, 13, 15)}","{('?', '?', 1, 3)}"
"(13, 10, 5, 16, 0)",4,"{(16, 10, 5, 13)}","{('?', '?', 0, 3)}"
"(13, 10, 5, 19, 0)",3,"{(19, 10, 5, 13)}","{('?', '?', '?', 3)}"
"(13, 10, 5, 25, 0)",4,"{(25, 10, 5, 13)}","{('?', '?', '?', 3)}"
"(13, 10, 5, 4, 0)",2,"{(10, 5, 4, 13)}","{('?', 2, 7, 3)}"
"(13, 10, 5, 5, 0)",2,"{(10, 5, 13)}","{('?', '?', '?', 3)}"
"(13, 10, 5, 8, 0)",5,"{(8, 10, 5, 13)}","{('?', '?', '?', 3)}"
"(13, 10, 6, 6, 0)",8,"{(10, 13, 6)}","{(3, '?', '?', 3)}"
"(13, 10, 6, 8, 0)",1,"{(8, 10, 13, 6)}","{(3, 5, 2, 7)}"
"(13, 10, 8, 1, 0)",6,"{(8, 1, 10, 13)}","{('?', '?', 2, 3)}"
"(13, 10, 8, 14, 0)",2,"{(8, 10, 13, 14)}","{(0, '?', 2, 3)}"
"(13, 10, 8, 15, 0)",2,"{(8, 10, 13, 15)}","{(7, '?', 2, 3)}"
"(13, 10, 8, 19, 0)",2,"{(8, 10, 19, 13)}","{('?', '?', 2, 3)}"
"(13, 10, 8, 24, 0)",1,"{(8, 24, 10, 13)}","{(2, 2, 2, 3)}"
"(13, 10, 8, 5, 0)",3,"{(8, 10, 5, 13)}","{('?', '?', 2, 3)}"
"(13, 10, 8, 6, 0)",2,"{(8, 10, 13, 6)}","{(3, 5, 2, '?')}"
"(13, 10, 8, 8, 0)",2,"{(8, 10, 13)}","{('?', '?', 2, 3)}"
"(13, 13, 17, 6, 0)",1,"{(17, 13, 6)}","{(3, 2, 2, 0)}"
"(13, 13, 8, 8, 0)",1,"{(8, 13)}","{(5, 2, 2, '?')}"
"(13, 14, 1, 15, 0)",1,"{(1, 13, 14, 15)}","{(5, 5, '?', 4)}"
"(13, 14, 15, 15, 0)",1,"{(13, 14, 15)}","{(7, 2, '?', 4)}"
"(13, 14, 16, 6, 0)",2,"{(16, 13, 14, 6)}","{(3, '?', 0, 4)}"
"(13, 14, 22, 14, 0)",1,"{(13, 14, 22)}","{(0, 5, 4, 4)}"
"(13, 14, 22, 22, 0)",1,"{(13, 14, 22)}","{(0, 5, 5, 4)}"
"(13, 14, 22, 8, 0)",2,"{(8, 13, 14, 22)}","{(0, 5, '?', 4)}"
"(13, 14, 5, 4, 0)",3,"{(5, 4, 13, 14)}","{('?', 5, '?', 4)}"
"(13, 14, 5, 8, 0)",3,"{(8, 5, 13, 14)}","{('?', '?', 2, 4)}"
"(13, 14, 8, 1, 0)",3,"{(8, 1, 13, 14)}","{('?', '?', 2, 4)}"
"(13, 14, 8, 19, 0)",1,"{(8, 19, 13, 14)}","{('?', 5, 2, 4)}"
"(13, 14, 8, 8, 0)",1,"{(8, 13, 14)}","{(0, 2, 2, 4)}"
"(13, 15, 10, 20, 0)",1,"{(10, 20, 13, 15)}","{(2, 5, 1, '?')}"
"(13, 15, 13, 15, 0)",1,"{(13, 15)}","{(7, 2, 1, '?')}"
"(13, 15, 13, 19, 0)",1,"{(19, 13, 15)}","{(3, 2, 1, '?')}"
"(13, 15, 13, 6, 0)",1,"{(13, 6, 15)}","{(3, 2, 1, '?')}"
"(13, 15, 13, 7, 0)",2,"{(7, 13, 15)}","{('?', 2, 1, '?')}"
"(13, 15, 14, 10, 0)",1,"{(10, 13, 14, 15)}","{(5, 2, 1, 4)}"
"(13, 15, 14, 15, 0)",4,"{(13, 14, 15)}","{('?', '?', 1, 4)}"
"(13, 15, 14, 19, 0)",1,"{(19, 13, 14, 15)}","{(0, 5, 1, 4)}"
"(13, 15, 14, 22, 0)",1,"{(22, 13, 14, 15)}","{(0, 2, 1, 4)}"
"(13, 15, 14, 24, 0)",1,"{(24, 13, 14, 15)}","{(1, 2, 1, 4)}"
"(13, 15, 14, 4, 0)",2,"{(4, 13, 14, 15)}","{(2, 2, '?', 4)}"
"(13, 15, 15, 13, 0)",1,"{(13, 15)}","{(7, 5, 1, '?')}"
"(13, 15, 15, 15, 0)",6,"{(13, 15)}","{('?', '?', 1, '?')}"
"(13, 15, 15, 19, 0)",5,"{(19, 13, 15)}","{('?', '?', 1, '?')}"
"(13, 15, 15, 23, 0)",4,"{(23, 13, 15)}","{('?', '?', 1, '?')}"
"(13, 15, 15, 7, 0)",4,"{(7, 13, 15)}","{('?', '?', 1, '?')}"
"(13, 15, 17, 13, 0)",1,"{(17, 13, 15)}","{('?', 2, 1, 0)}"
"(13, 15, 17, 14, 0)",3,"{(17, 13, 14, 15)}","{(0, '?', 1, '?')}"
"(13, 15, 17, 15, 0)",2,"{(17, 13, 15)}","{('?', 2, 1, 7)}"
"(13, 15, 17, 17, 0)",1,"{(17, 13, 15)}","{(2, 2, 3, 0)}"
"(13, 15, 17, 22, 0)",1,"{(17, 13, 22, 15)}","{(0, 2, 1, 7)}"
"(13, 15, 17, 24, 0)",1,"{(24, 17, 13, 15)}","{(1, 2, 1, 0)}"
"(13, 15, 17, 26, 0)",1,"{(17, 26, 13, 15)}","{(0, 5, 1, 7)}"
"(13, 15, 17, 4, 0)",1,"{(17, 4, 13, 15)}","{(1, 5, 3, 0)}"
"(13, 15, 17, 6, 0)",1,"{(17, 13, 6, 15)}","{(3, 5, 1, 0)}"
"(13, 15, 19, 14, 0)",1,"{(19, 13, 14, 15)}","{(0, 5, 1, '?')}"
"(13, 15, 19, 15, 0)",3,"{(19, 13, 15)}","{('?', '?', 1, '?')}"
"(13, 15, 19, 19, 0)",4,"{(19, 13, 15)}","{('?', '?', '?', '?')}"
"(13, 15, 19, 20, 0)",1,"{(19, 20, 13, 15)}","{(1, 5, 1, '?')}"
"(13, 15, 19, 22, 0)",2,"{(19, 13, 22, 15)}","{(0, '?', 1, '?')}"
"(13, 15, 19, 24, 0)",1,"{(24, 19, 13, 15)}","{(2, 5, 1, '?')}"
"(13, 15, 19, 4, 0)",7,"{(19, 4, 13, 15)}","{('?', '?', '?', '?')}"
"(13, 15, 19, 6, 0)",1,"{(19, 13, 6, 15)}","{(3, 2, 1, '?')}"
"(13, 15, 20, 17, 0)",1,"{(17, 20, 13, 15)}","{(2, 5, 1, 7)}"
"(13, 15, 20, 22, 0)",1,"{(20, 13, 22, 15)}","{(2, 2, 1, 4)}"
"(13, 15, 20, 23, 0)",1,"{(23, 20, 13, 15)}","{(2, 5, 1, '?')}"
"(13, 15, 22, 15, 0)",6,"{(13, 22, 15)}","{('?', '?', 1, 4)}"
"(13, 15, 22, 24, 0)",1,"{(24, 13, 22, 15)}","{(1, 5, 1, 4)}"
"(13, 15, 22, 4, 0)",1,"{(4, 13, 22, 15)}","{(1, 5, 7, 4)}"
"(13, 15, 23, 15, 0)",4,"{(23, 13, 15)}","{('?', '?', 1, 1)}"
"(13, 15, 23, 19, 0)",3,"{(19, 23, 13, 15)}","{('?', '?', 1, 1)}"
"(13, 15, 23, 22, 0)",3,"{(23, 13, 22, 15)}","{(0, '?', 1, '?')}"
"(13, 15, 23, 24, 0)",4,"{(24, 23, 13, 15)}","{('?', '?', 1, 1)}"
"(13, 15, 23, 26, 0)",1,"{(26, 23, 13, 15)}","{(0, 2, 1, 0)}"
"(13, 15, 23, 4, 0)",4,"{(4, 23, 13, 15)}","{('?', '?', '?', 1)}"
"(13, 15, 23, 5, 0)",1,"{(5, 23, 13, 15)}","{(4, 5, 1, 1)}"
"(13, 15, 23, 6, 0)",3,"{(23, 13, 6, 15)}","{('?', '?', 1, 1)}"
"(13, 15, 24, 15, 0)",1,"{(24, 13, 15)}","{(2, 2, 1, '?')}"
"(13, 15, 24, 16, 0)",2,"{(24, 16, 13, 15)}","{(1, '?', 1, '?')}"
"(13, 15, 24, 17, 0)",2,"{(24, 17, 13, 15)}","{(1, '?', 1, 0)}"
"(13, 15, 24, 19, 0)",1,"{(24, 19, 13, 15)}","{(1, 2, 1, '?')}"
"(13, 15, 24, 20, 0)",2,"{(24, 20, 13, 15)}","{('?', '?', 1, '?')}"
"(13, 15, 24, 22, 0)",1,"{(24, 13, 22, 15)}","{(1, 5, 1, 4)}"
"(13, 15, 24, 23, 0)",4,"{(24, 23, 13, 15)}","{('?', '?', 1, '?')}"
"(13, 15, 24, 24, 0)",2,"{(24, 13, 15)}","{('?', '?', 1, '?')}"
"(13, 15, 24, 7, 0)",4,"{(24, 7, 13, 15)}","{('?', '?', 1, '?')}"
"(13, 15, 25, 19, 0)",1,"{(25, 19, 13, 15)}","{(2, 5, 3, '?')}"
"(13, 15, 26, 13, 0)",1,"{(26, 13, 15)}","{(0, 2, 1, '?')}"
"(13, 15, 4, 10, 0)",1,"{(10, 4, 13, 15)}","{(1, 5, 7, 4)}"
"(13, 15, 4, 13, 0)",4,"{(4, 13, 15)}","{('?', '?', '?', '?')}"
"(13, 15, 4, 14, 0)",1,"{(4, 13, 14, 15)}","{(2, 5, 7, 4)}"
"(13, 15, 4, 17, 0)",1,"{(17, 4, 13, 15)}","{(2, 2, 3, 7)}"
"(13, 15, 4, 19, 0)",4,"{(19, 4, 13, 15)}","{('?', '?', '?', '?')}"
"(13, 15, 4, 22, 0)",2,"{(4, 13, 22, 15)}","{(2, '?', 7, 4)}"
"(13, 15, 4, 23, 0)",1,"{(23, 4, 13, 15)}","{(2, 5, 3, 1)}"
"(13, 15, 4, 4, 0)",1,"{(4, 13, 15)}","{(2, 5, 7, '?')}"
"(13, 15, 4, 7, 0)",3,"{(7, 4, 13, 15)}","{('?', '?', '?', 7)}"
"(13, 15, 5, 13, 0)",3,"{(5, 13, 15)}","{('?', '?', 1, '?')}"
"(13, 15, 5, 14, 0)",1,"{(5, 13, 14, 15)}","{(6, 5, 1, 4)}"
"(13, 15, 5, 16, 0)",2,"{(16, 5, 13, 15)}","{(6, '?', 1, '?')}"
"(13, 15, 5, 17, 0)",3,"{(17, 5, 13, 15)}","{('?', '?', 1, '?')}"
"(13, 15, 5, 18, 0)",1,"{(5, 18, 13, 15)}","{(6, 2, 1, '?')}"
"(13, 15, 5, 19, 0)",2,"{(5, 19, 13, 15)}","{('?', '?', 1, '?')}"
"(13, 15, 5, 22, 0)",1,"{(5, 13, 22, 15)}","{(6, 5, 1, 4)}"
"(13, 15, 5, 23, 0)",1,"{(5, 23, 13, 15)}","{(4, 5, 1, '?')}"
"(13, 15, 7, 13, 0)",2,"{(7, 13, 15)}","{('?', 2, 1, '?')}"
"(13, 15, 7, 15, 0)",2,"{(7, 13, 15)}","{(7, '?', 1, '?')}"
"(13, 15, 7, 19, 0)",1,"{(19, 7, 13, 15)}","{(2, 2, 3, 7)}"
"(13, 15, 7, 22, 0)",2,"{(7, 13, 22, 15)}","{(0, 2, 1, '?')}"
"(13, 15, 7, 24, 0)",1,"{(24, 7, 13, 15)}","{(1, 2, 1, 7)}"
"(13, 15, 7, 4, 0)",6,"{(4, 7, 13, 15)}","{('?', '?', '?', '?')}"
"(13, 16, 13, 8, 0)",1,"{(16, 8, 13)}","{(3, 5, 0, '?')}"
"(13, 16, 14, 15, 0)",2,"{(16, 13, 14, 15)}","{(7, '?', 0, 4)}"
"(13, 16, 14, 16, 0)",1,"{(16, 13, 14)}","{(0, 5, 0, '?')}"
"(13, 16, 14, 22, 0)",1,"{(16, 13, 14, 22)}","{(0, 2, 0, '?')}"
"(13, 16, 15, 23, 0)",1,"{(16, 23, 13, 15)}","{(7, 5, 0, '?')}"
"(13, 16, 15, 7, 0)",1,"{(16, 7, 13, 15)}","{(5, 5, 0, 0)}"
"(13, 16, 16, 5, 0)",1,"{(16, 5, 13)}","{(6, 2, 0, 4)}"
"(13, 16, 17, 6, 0)",2,"{(16, 17, 13, 6)}","{(3, '?', 0, 0)}"
"(13, 16, 19, 15, 0)",1,"{(16, 19, 13, 15)}","{(7, 2, 0, 7)}"
"(13, 16, 22, 15, 0)",2,"{(16, 13, 22, 15)}","{(7, '?', 0, 4)}"
"(13, 16, 23, 14, 0)",1,"{(16, 13, 14, 23)}","{(0, 5, 0, '?')}"
"(13, 16, 5, 16, 0)",1,"{(16, 5, 13)}","{(4, 5, 0, '?')}"
"(13, 16, 6, 6, 0)",1,"{(16, 13, 6)}","{(3, 5, 0, '?')}"
"(13, 17, 1, 1, 0)",3,"{(17, 13, 1)}","{('?', '?', 2, 0)}"
"(13, 17, 1, 15, 0)",2,"{(17, 13, 1, 15)}","{('?', 5, '?', 0)}"
"(13, 17, 13, 14, 0)",1,"{(17, 13, 14)}","{(0, 5, 4, 7)}"
"(13, 17, 14, 19, 0)",1,"{(17, 19, 13, 14)}","{(0, 5, 4, 0)}"
"(13, 17, 14, 22, 0)",1,"{(17, 13, 14, 22)}","{(0, 5, 6, 0)}"
"(13, 17, 15, 14, 0)",1,"{(17, 13, 14, 15)}","{(0, 2, 1, 0)}"
"(13, 17, 15, 4, 0)",3,"{(17, 4, 13, 15)}","{('?', 5, '?', 0)}"
"(13, 17, 16, 13, 0)",1,"{(16, 17, 13)}","{(3, 5, 0, 0)}"
"(13, 17, 16, 14, 0)",3,"{(16, 17, 13, 14)}","{(0, '?', 0, '?')}"
"(13, 17, 16, 6, 0)",1,"{(16, 17, 13, 6)}","{(3, 2, 0, 0)}"
"(13, 17, 17, 14, 0)",4,"{(17, 13, 14)}","{(0, '?', '?', '?')}"
"(13, 17, 17, 22, 0)",2,"{(17, 13, 22)}","{(0, '?', '?', '?')}"
"(13, 17, 17, 24, 0)",1,"{(24, 17, 13)}","{(1, 5, 2, 0)}"
"(13, 17, 19, 14, 0)",2,"{(17, 19, 13, 14)}","{(0, 5, '?', 0)}"
"(13, 17, 19, 22, 0)",1,"{(17, 19, 13, 22)}","{(0, 5, 4, 0)}"
"(13, 17, 19, 6, 0)",1,"{(17, 19, 13, 6)}","{(3, 5, '?', 0)}"
"(13, 17, 22, 22, 0)",2,"{(17, 13, 22)}","{(0, '?', '?', 0)}"
"(13, 17, 22, 8, 0)",1,"{(8, 17, 13, 22)}","{(0, 5, 4, 0)}"
"(13, 17, 24, 17, 0)",1,"{(24, 17, 13)}","{(1, 5, 4, 0)}"
"(13, 17, 24, 23, 0)",1,"{(24, 17, 13, 23)}","{(2, 5, 2, 0)}"
"(13, 17, 24, 8, 0)",6,"{(24, 17, 13, 8)}","{('?', '?', '?', '?')}"
"(13, 17, 4, 10, 0)",1,"{(17, 10, 4, 13)}","{(3, 2, 3, 0)}"
"(13, 17, 4, 13, 0)",2,"{(17, 4, 13)}","{('?', 2, '?', 0)}"
"(13, 17, 4, 14, 0)",1,"{(17, 4, 13, 14)}","{(0, 5, 3, 0)}"
"(13, 17, 5, 13, 0)",1,"{(17, 5, 13)}","{(4, 5, '?', 0)}"
"(13, 17, 5, 16, 0)",2,"{(16, 17, 5, 13)}","{(6, '?', 0, 0)}"
"(13, 17, 5, 8, 0)",4,"{(8, 17, 5, 13)}","{('?', '?', 2, '?')}"
"(13, 17, 6, 6, 0)",2,"{(17, 13, 6)}","{(3, 5, '?', 0)}"
"(13, 17, 8, 1, 0)",1,"{(8, 17, 13, 1)}","{(7, 5, 2, 0)}"
"(13, 17, 8, 14, 0)",2,"{(8, 17, 13, 14)}","{(0, '?', 2, 0)}"
"(13, 17, 8, 23, 0)",1,"{(8, 17, 13, 23)}","{(0, 2, 2, 0)}"
"(13, 17, 8, 5, 0)",1,"{(8, 17, 5, 13)}","{(6, 2, 2, 0)}"
"(13, 17, 8, 8, 0)",7,"{(8, 17, 13)}","{('?', '?', 2, '?')}"
"(13, 18, 14, 16, 0)",1,"{(16, 18, 13, 14)}","{(0, 5, 0, '?')}"
"(13, 18, 15, 22, 0)",1,"{(18, 13, 22, 15)}","{(0, 2, 1, 1)}"
"(13, 18, 25, 22, 0)",1,"{(25, 18, 13, 22)}","{(0, 2, 6, 5)}"
"(13, 19, 1, 1, 0)",1,"{(1, 19, 13)}","{(5, 5, 2, '?')}"
"(13, 19, 13, 6, 0)",1,"{(19, 13, 6)}","{(3, 2, 4, 1)}"
"(13, 19, 14, 22, 0)",1,"{(19, 13, 14, 22)}","{(0, 5, 5, 5)}"
"(13, 19, 15, 19, 0)",2,"{(19, 13, 15)}","{('?', 2, 1, '?')}"
"(13, 19, 16, 14, 0)",1,"{(16, 19, 13, 14)}","{(0, 2, 0, '?')}"
"(13, 19, 16, 19, 0)",2,"{(16, 19, 13)}","{('?', '?', 0, '?')}"
"(13, 19, 16, 22, 0)",2,"{(16, 19, 13, 22)}","{(0, '?', 0, '?')}"
"(13, 19, 16, 23, 0)",1,"{(16, 19, 13, 23)}","{('?', 2, 0, '?')}"
"(13, 19, 16, 6, 0)",1,"{(16, 19, 13, 6)}","{(3, 5, 0, '?')}"
"(13, 19, 19, 14, 0)",4,"{(19, 13, 14)}","{(0, '?', '?', '?')}"
"(13, 19, 19, 19, 0)",1,"{(19, 13)}","{('?', 2, 4, '?')}"
"(13, 19, 19, 22, 0)",2,"{(19, 13, 22)}","{(0, 2, '?', '?')}"
"(13, 19, 19, 6, 0)",1,"{(19, 13, 6)}","{(3, 5, 6, '?')}"
"(13, 19, 22, 14, 0)",2,"{(19, 13, 22, 14)}","{(0, '?', '?', '?')}"
"(13, 19, 22, 19, 0)",1,"{(19, 13, 22)}","{(0, 5, '?', '?')}"
"(13, 19, 22, 22, 0)",9,"{(19, 13, 22)}","{(0, '?', '?', '?')}"
"(13, 19, 22, 5, 0)",1,"{(5, 19, 13, 22)}","{(0, 2, 4, '?')}"
"(13, 19, 23, 19, 0)",2,"{(19, 13, 23)}","{('?', 5, '?', 1)}"
"(13, 19, 24, 10, 0)",1,"{(24, 10, 19, 13)}","{(1, 2, 4, '?')}"
"(13, 19, 24, 19, 0)",11,"{(24, 19, 13)}","{('?', '?', '?', '?')}"
"(13, 19, 24, 23, 0)",1,"{(24, 19, 13, 23)}","{(2, 2, 4, '?')}"
"(13, 19, 24, 8, 0)",1,"{(24, 8, 19, 13)}","{(1, 5, 2, '?')}"
"(13, 19, 5, 16, 0)",1,"{(16, 5, 19, 13)}","{(6, 5, 0, '?')}"
"(13, 19, 5, 18, 0)",1,"{(18, 5, 19, 13)}","{(6, 2, '?', '?')}"
"(13, 19, 6, 19, 0)",1,"{(19, 13, 6)}","{(3, 2, 4, '?')}"
"(13, 19, 6, 6, 0)",3,"{(19, 13, 6)}","{(3, '?', '?', '?')}"
"(13, 19, 8, 1, 0)",2,"{(8, 1, 19, 13)}","{('?', 5, 2, '?')}"
"(13, 19, 8, 14, 0)",1,"{(8, 19, 13, 14)}","{(0, 5, 2, 2)}"
"(13, 19, 8, 19, 0)",1,"{(8, 19, 13)}","{(5, 2, 2, '?')}"
"(13, 19, 8, 24, 0)",2,"{(8, 24, 19, 13)}","{('?', 5, 2, '?')}"
"(13, 19, 8, 5, 0)",2,"{(8, 5, 19, 13)}","{('?', 2, 2, '?')}"
"(13, 19, 8, 6, 0)",2,"{(8, 19, 13, 6)}","{(3, '?', 2, '?')}"
"(13, 19, 8, 8, 0)",5,"{(8, 19, 13)}","{('?', '?', 2, '?')}"
"(13, 20, 13, 20, 0)",1,"{(20, 13)}","{(1, 5, 0, '?')}"
"(13, 20, 14, 20, 0)",1,"{(20, 13, 14)}","{(2, 5, 0, 4)}"
"(13, 20, 14, 22, 0)",1,"{(20, 13, 14, 22)}","{(0, 5, 0, '?')}"
"(13, 20, 17, 20, 0)",1,"{(17, 20, 13)}","{(1, 5, 1, 0)}"
"(13, 20, 17, 6, 0)",1,"{(17, 20, 13, 6)}","{(3, 5, 0, 7)}"
"(13, 20, 19, 20, 0)",1,"{(19, 20, 13)}","{(1, 5, 0, '?')}"
"(13, 20, 19, 24, 0)",1,"{(24, 19, 20, 13)}","{(2, 5, 0, '?')}"
"(13, 20, 20, 16, 0)",1,"{(16, 20, 13)}","{(1, 5, 0, '?')}"
"(13, 20, 20, 17, 0)",1,"{(17, 20, 13)}","{(2, 5, 1, 7)}"
"(13, 20, 24, 17, 0)",1,"{(24, 17, 20, 13)}","{(2, 5, 1, 7)}"
"(13, 20, 24, 23, 0)",1,"{(24, 20, 13, 23)}","{(2, 5, 0, '?')}"
"(13, 20, 6, 6, 0)",1,"{(20, 13, 6)}","{(3, 5, 0, '?')}"
"(13, 22, 1, 15, 0)",3,"{(1, 13, 22, 15)}","{('?', '?', '?', 4)}"
"(13, 22, 14, 15, 0)",1,"{(15, 13, 22, 14)}","{(0, 2, 1, 4)}"
"(13, 22, 14, 19, 0)",2,"{(19, 13, 22, 14)}","{(0, 5, '?', 4)}"
"(13, 22, 14, 22, 0)",1,"{(13, 22, 14)}","{(0, 2, 6, 4)}"
"(13, 22, 14, 8, 0)",1,"{(8, 13, 22, 14)}","{(0, 2, 2, 4)}"
"(13, 22, 15, 13, 0)",1,"{(13, 22, 15)}","{(6, 2, 1, 4)}"
"(13, 22, 15, 14, 0)",2,"{(14, 13, 22, 15)}","{(0, '?', '?', 4)}"
"(13, 22, 15, 15, 0)",5,"{(13, 22, 15)}","{('?', '?', '?', 4)}"
"(13, 22, 15, 19, 0)",6,"{(19, 13, 22, 15)}","{('?', '?', '?', 4)}"
"(13, 22, 15, 22, 0)",5,"{(13, 22, 15)}","{('?', '?', '?', 4)}"
"(13, 22, 15, 24, 0)",3,"{(24, 13, 22, 15)}","{('?', '?', 1, 4)}"
"(13, 22, 15, 4, 0)",3,"{(4, 13, 22, 15)}","{('?', '?', '?', 4)}"
"(13, 22, 15, 5, 0)",3,"{(5, 13, 22, 15)}","{('?', '?', 1, 4)}"
"(13, 22, 15, 6, 0)",1,"{(6, 13, 22, 15)}","{(3, 5, 1, 4)}"
"(13, 22, 16, 14, 0)",2,"{(16, 13, 22, 14)}","{(0, '?', 0, 4)}"
"(13, 22, 16, 15, 0)",2,"{(16, 13, 22, 15)}","{(7, '?', 0, 4)}"
"(13, 22, 16, 16, 0)",2,"{(16, 13, 22)}","{('?', '?', 0, 4)}"
"(13, 22, 16, 19, 0)",2,"{(16, 19, 13, 22)}","{(3, '?', 0, 4)}"
"(13, 22, 16, 6, 0)",2,"{(16, 13, 22, 6)}","{(3, '?', 0, 4)}"
"(13, 22, 19, 19, 0)",1,"{(19, 13, 22)}","{(6, 2, '?', 4)}"
"(13, 22, 19, 6, 0)",1,"{(19, 13, 22, 6)}","{(3, 2, '?', 4)}"
"(13, 22, 22, 14, 0)",1,"{(13, 22, 14)}","{(0, 5, '?', 4)}"
"(13, 22, 22, 16, 0)",1,"{(16, 13, 22)}","{(0, 2, 0, 4)}"
"(13, 22, 22, 22, 0)",3,"{(13, 22)}","{(0, 5, '?', 4)}"
"(13, 22, 24, 15, 0)",1,"{(24, 13, 22, 15)}","{(1, 5, 1, 4)}"
"(13, 22, 24, 19, 0)",3,"{(24, 19, 13, 22)}","{('?', 5, '?', 4)}"
"(13, 22, 24, 22, 0)",7,"{(24, 13, 22)}","{('?', '?', '?', 4)}"
"(13, 22, 24, 24, 0)",1,"{(24, 13, 22)}","{(2, 5, '?', 4)}"
"(13, 22, 24, 8, 0)",3,"{(24, 8, 13, 22)}","{('?', '?', 2, 4)}"
"(13, 22, 4, 19, 0)",3,"{(19, 4, 13, 22)}","{('?', 2, '?', 4)}"
"(13, 22, 5, 15, 0)",3,"{(5, 13, 22, 15)}","{('?', '?', 1, 4)}"
"(13, 22, 5, 16, 0)",1,"{(16, 5, 13, 22)}","{(6, 5, 0, 4)}"
"(13, 22, 5, 18, 0)",1,"{(5, 18, 13, 22)}","{(4, 2, 1, 4)}"
"(13, 22, 5, 19, 0)",2,"{(5, 19, 13, 22)}","{(6, '?', '?', 4)}"
"(13, 22, 5, 4, 0)",1,"{(5, 4, 13, 22)}","{(6, 5, 7, 4)}"
"(13, 22, 5, 5, 0)",3,"{(5, 13, 22)}","{('?', '?', '?', 4)}"
"(13, 22, 5, 8, 0)",3,"{(8, 5, 13, 22)}","{('?', '?', 2, 4)}"
"(13, 22, 6, 6, 0)",2,"{(13, 22, 6)}","{(3, 5, '?', 4)}"
"(13, 22, 8, 1, 0)",2,"{(8, 1, 13, 22)}","{('?', 2, 2, 4)}"
"(13, 22, 8, 14, 0)",1,"{(8, 13, 22, 14)}","{(0, 2, 2, 4)}"
"(13, 22, 8, 22, 0)",1,"{(8, 13, 22)}","{(0, 2, 2, 4)}"
"(13, 22, 8, 24, 0)",2,"{(8, 24, 13, 22)}","{(1, '?', 2, 4)}"
"(13, 22, 8, 5, 0)",2,"{(8, 5, 13, 22)}","{('?', '?', 2, 4)}"
"(13, 22, 8, 6, 0)",1,"{(8, 13, 22, 6)}","{('?', 5, 2, 4)}"
"(13, 22, 8, 8, 0)",5,"{(8, 13, 22)}","{('?', '?', 2, 4)}"
"(13, 23, 1, 1, 0)",3,"{(1, 13, 23)}","{('?', '?', 2, '?')}"
"(13, 23, 13, 6, 0)",1,"{(13, 6, 23)}","{(3, 5, 4, 1)}"
"(13, 23, 13, 8, 0)",1,"{(8, 13, 23)}","{(7, 5, 2, 1)}"
"(13, 23, 14, 13, 0)",1,"{(13, 14, 23)}","{(0, 2, 4, 1)}"
"(13, 23, 14, 22, 0)",1,"{(22, 13, 14, 23)}","{(0, 5, 4, 1)}"
"(13, 23, 15, 14, 0)",1,"{(15, 13, 14, 23)}","{(0, 5, 1, 1)}"
"(13, 23, 15, 19, 0)",3,"{(19, 15, 13, 23)}","{('?', '?', 1, 1)}"
"(13, 23, 15, 20, 0)",1,"{(20, 15, 13, 23)}","{(2, 2, 1, 1)}"
"(13, 23, 15, 22, 0)",2,"{(15, 13, 22, 23)}","{(0, '?', 1, 1)}"
"(13, 23, 15, 23, 0)",1,"{(15, 13, 23)}","{(3, 2, 1, 1)}"
"(13, 23, 15, 24, 0)",1,"{(24, 15, 13, 23)}","{(2, 5, 1, 1)}"
"(13, 23, 15, 4, 0)",3,"{(4, 15, 13, 23)}","{('?', '?', '?', 1)}"
"(13, 23, 15, 5, 0)",2,"{(5, 15, 13, 23)}","{('?', 5, 1, 1)}"
"(13, 23, 16, 13, 0)",1,"{(16, 13, 23)}","{('?', 5, 0, 1)}"
"(13, 23, 16, 15, 0)",2,"{(16, 15, 13, 23)}","{(7, '?', 0, 1)}"
"(13, 23, 16, 6, 0)",1,"{(16, 13, 6, 23)}","{(3, 5, 0, '?')}"
"(13, 23, 18, 19, 0)",1,"{(18, 19, 13, 23)}","{('?', 5, 5, 1)}"
"(13, 23, 19, 1, 0)",1,"{(1, 19, 13, 23)}","{(5, 2, '?', 1)}"
"(13, 23, 19, 13, 0)",1,"{(19, 13, 23)}","{(7, 2, '?', 1)}"
"(13, 23, 19, 14, 0)",1,"{(19, 13, 14, 23)}","{(0, 5, 6, 1)}"
"(13, 23, 19, 16, 0)",1,"{(16, 19, 13, 23)}","{('?', 2, 0, 1)}"
"(13, 23, 19, 19, 0)",3,"{(19, 13, 23)}","{('?', '?', '?', 1)}"
"(13, 23, 19, 24, 0)",2,"{(24, 19, 13, 23)}","{('?', 5, '?', 1)}"
"(13, 23, 19, 6, 0)",6,"{(19, 13, 6, 23)}","{(3, '?', '?', 1)}"
"(13, 23, 19, 8, 0)",1,"{(8, 19, 13, 23)}","{(7, 2, 2, 1)}"
"(13, 23, 20, 24, 0)",1,"{(24, 20, 13, 23)}","{(2, 5, 0, 1)}"
"(13, 23, 20, 4, 0)",1,"{(4, 20, 13, 23)}","{(1, 2, 0, 1)}"
"(13, 23, 22, 14, 0)",2,"{(14, 13, 22, 23)}","{(0, '?', '?', 1)}"
"(13, 23, 22, 16, 0)",1,"{(16, 13, 22, 23)}","{(0, 5, 0, 1)}"
"(13, 23, 22, 18, 0)",1,"{(18, 13, 22, 23)}","{(0, 2, '?', 1)}"
"(13, 23, 22, 22, 0)",3,"{(13, 22, 23)}","{(0, '?', '?', 1)}"
"(13, 23, 22, 8, 0)",1,"{(8, 13, 22, 23)}","{(0, 5, 2, 1)}"
"(13, 23, 23, 13, 0)",1,"{(13, 23)}","{(7, 5, 2, 1)}"
"(13, 23, 23, 19, 0)",1,"{(19, 13, 23)}","{('?', 2, 1, 1)}"
"(13, 23, 24, 19, 0)",11,"{(24, 19, 13, 23)}","{('?', '?', '?', 1)}"
"(13, 23, 24, 8, 0)",2,"{(24, 8, 13, 23)}","{(2, '?', 2, 1)}"
"(13, 23, 4, 13, 0)",2,"{(4, 13, 23)}","{(1, 5, '?', 1)}"
"(13, 23, 4, 22, 0)",3,"{(4, 13, 22, 23)}","{(0, '?', '?', 1)}"
"(13, 23, 4, 23, 0)",2,"{(4, 13, 23)}","{('?', 5, '?', 1)}"
"(13, 23, 4, 4, 0)",1,"{(4, 13, 23)}","{(1, 5, 7, 1)}"
"(13, 23, 4, 5, 0)",2,"{(5, 4, 13, 23)}","{('?', 5, 3, 1)}"
"(13, 23, 5, 13, 0)",1,"{(5, 13, 23)}","{(0, 2, 5, 1)}"
"(13, 23, 5, 18, 0)",1,"{(5, 18, 13, 23)}","{(4, 5, '?', 1)}"
"(13, 23, 5, 22, 0)",1,"{(5, 13, 22, 23)}","{(0, 2, 4, 1)}"
"(13, 23, 5, 4, 0)",1,"{(5, 4, 13, 23)}","{(4, 2, 3, 1)}"
"(13, 23, 5, 8, 0)",1,"{(8, 5, 13, 23)}","{(4, 5, 2, 1)}"
"(13, 23, 6, 6, 0)",3,"{(13, 6, 23)}","{(3, '?', '?', 1)}"
"(13, 23, 8, 1, 0)",1,"{(8, 1, 13, 23)}","{(7, 5, 2, 1)}"
"(13, 23, 8, 14, 0)",2,"{(8, 13, 14, 23)}","{(0, '?', 2, 1)}"
"(13, 23, 8, 19, 0)",1,"{(8, 19, 13, 23)}","{('?', 2, 2, 1)}"
"(13, 23, 8, 23, 0)",1,"{(8, 13, 23)}","{('?', 5, 2, 1)}"
"(13, 23, 8, 6, 0)",1,"{(8, 13, 6, 23)}","{(3, 2, 2, 1)}"
"(13, 23, 8, 8, 0)",4,"{(8, 13, 23)}","{('?', '?', 2, '?')}"
"(13, 24, 10, 24, 0)",1,"{(24, 10, 13)}","{(2, 2, 2, 4)}"
"(13, 24, 13, 24, 0)",1,"{(24, 13)}","{(2, 5, 6, '?')}"
"(13, 24, 17, 24, 0)",2,"{(24, 17, 13)}","{(1, '?', 2, 7)}"
"(13, 24, 17, 8, 0)",2,"{(24, 17, 13, 8)}","{(1, 5, 2, '?')}"
"(13, 24, 19, 24, 0)",2,"{(24, 19, 13)}","{('?', '?', '?', '?')}"
"(13, 24, 22, 8, 0)",1,"{(24, 8, 13, 22)}","{(1, 2, 2, 4)}"
"(13, 24, 23, 8, 0)",1,"{(24, 8, 13, 23)}","{(2, 5, 2, '?')}"
"(13, 24, 8, 19, 0)",2,"{(24, 8, 19, 13)}","{('?', 5, 2, '?')}"
"(13, 24, 8, 24, 0)",2,"{(24, 8, 13)}","{(2, '?', 2, '?')}"
"(13, 24, 8, 8, 0)",3,"{(24, 8, 13)}","{('?', '?', 2, '?')}"
"(13, 25, 1, 15, 0)",3,"{(25, 13, 1, 15)}","{('?', 2, '?', 3)}"
"(13, 25, 10, 24, 0)",1,"{(24, 25, 10, 13)}","{(1, 5, 5, 3)}"
"(13, 25, 14, 10, 0)",1,"{(25, 10, 13, 14)}","{(0, 5, 6, 3)}"
"(13, 25, 14, 22, 0)",1,"{(25, 13, 14, 22)}","{(0, 5, 6, 3)}"
"(13, 25, 15, 10, 0)",2,"{(25, 10, 13, 15)}","{('?', 5, 1, 3)}"
"(13, 25, 15, 19, 0)",3,"{(25, 19, 13, 15)}","{('?', '?', '?', 3)}"
"(13, 25, 15, 22, 0)",1,"{(25, 13, 22, 15)}","{(0, 2, 1, 3)}"
"(13, 25, 15, 24, 0)",5,"{(24, 25, 13, 15)}","{('?', '?', 1, 3)}"
"(13, 25, 15, 25, 0)",2,"{(25, 13, 15)}","{('?', '?', 1, 3)}"
"(13, 25, 15, 4, 0)",3,"{(25, 4, 13, 15)}","{('?', 5, '?', 3)}"
"(13, 25, 15, 5, 0)",5,"{(25, 5, 13, 15)}","{('?', '?', 1, 3)}"
"(13, 25, 16, 10, 0)",2,"{(16, 25, 10, 13)}","{('?', '?', 0, 3)}"
"(13, 25, 16, 19, 0)",1,"{(16, 25, 19, 13)}","{(3, 2, 0, 3)}"
"(13, 25, 16, 22, 0)",1,"{(16, 25, 13, 22)}","{(0, 2, 0, 3)}"
"(13, 25, 16, 25, 0)",2,"{(16, 25, 13)}","{('?', '?', 0, 3)}"
"(13, 25, 16, 5, 0)",1,"{(16, 25, 5, 13)}","{(6, 5, 0, 3)}"
"(13, 25, 16, 6, 0)",1,"{(16, 25, 13, 6)}","{(3, 5, 0, 3)}"
"(13, 25, 19, 1, 0)",1,"{(25, 19, 13, 1)}","{(7, 2, 5, 3)}"
"(13, 25, 19, 10, 0)",5,"{(25, 10, 19, 13)}","{('?', '?', '?', 3)}"
"(13, 25, 19, 15, 0)",3,"{(25, 19, 13, 15)}","{('?', '?', '?', 3)}"
"(13, 25, 19, 16, 0)",1,"{(16, 25, 19, 13)}","{(3, 2, 0, 3)}"
"(13, 25, 19, 19, 0)",4,"{(25, 19, 13)}","{('?', '?', '?', 3)}"
"(13, 25, 19, 24, 0)",1,"{(24, 25, 19, 13)}","{(2, 5, '?', 3)}"
"(13, 25, 19, 8, 0)",1,"{(8, 25, 19, 13)}","{(5, 2, 2, 3)}"
"(13, 25, 20, 10, 0)",2,"{(25, 10, 20, 13)}","{('?', 5, 0, 3)}"
"(13, 25, 20, 20, 0)",2,"{(25, 20, 13)}","{(2, '?', 0, 3)}"
"(13, 25, 20, 22, 0)",1,"{(25, 20, 13, 22)}","{(0, 5, 0, 3)}"
"(13, 25, 20, 24, 0)",1,"{(24, 25, 20, 13)}","{(2, 5, 1, 3)}"
"(13, 25, 20, 25, 0)",1,"{(25, 20, 13)}","{(1, 2, 0, 3)}"
"(13, 25, 22, 14, 0)",4,"{(25, 13, 22, 14)}","{(0, '?', '?', 3)}"
"(13, 25, 22, 15, 0)",1,"{(25, 13, 22, 15)}","{(0, 2, 1, 3)}"
"(13, 25, 22, 16, 0)",1,"{(16, 25, 13, 22)}","{(0, 5, 0, 3)}"
"(13, 25, 22, 19, 0)",3,"{(25, 19, 13, 22)}","{(0, '?', '?', 3)}"
"(13, 25, 22, 22, 0)",5,"{(25, 13, 22)}","{(0, '?', '?', 3)}"
"(13, 25, 22, 8, 0)",1,"{(8, 25, 13, 22)}","{(0, 2, 2, 3)}"
"(13, 25, 24, 10, 0)",12,"{(24, 25, 10, 13)}","{('?', '?', '?', 3)}"
"(13, 25, 24, 25, 0)",5,"{(24, 25, 13)}","{('?', '?', '?', 3)}"
"(13, 25, 24, 8, 0)",4,"{(24, 25, 13, 8)}","{('?', '?', 2, 3)}"
"(13, 25, 25, 15, 0)",1,"{(25, 13, 15)}","{(7, 2, '?', 3)}"
"(13, 25, 25, 16, 0)",2,"{(16, 25, 13)}","{('?', '?', 0, 3)}"
"(13, 25, 25, 19, 0)",7,"{(25, 19, 13)}","{('?', '?', '?', 3)}"
"(13, 25, 25, 6, 0)",2,"{(25, 13, 6)}","{(3, '?', '?', 3)}"
"(13, 25, 4, 15, 0)",2,"{(25, 4, 13, 15)}","{(5, 2, '?', 3)}"
"(13, 25, 4, 19, 0)",6,"{(25, 19, 4, 13)}","{('?', '?', '?', 3)}"
"(13, 25, 4, 4, 0)",1,"{(25, 4, 13)}","{(1, 5, 3, 3)}"
"(13, 25, 4, 5, 0)",2,"{(25, 5, 4, 13)}","{('?', 5, '?', 3)}"
"(13, 25, 5, 10, 0)",1,"{(25, 5, 10, 13)}","{(4, 5, '?', 3)}"
"(13, 25, 5, 15, 0)",1,"{(25, 5, 13, 15)}","{(4, 5, '?', 3)}"
"(13, 25, 5, 19, 0)",1,"{(25, 5, 19, 13)}","{(4, 5, '?', 3)}"
"(13, 25, 5, 5, 0)",3,"{(25, 5, 13)}","{('?', '?', '?', 3)}"
"(13, 25, 6, 6, 0)",1,"{(25, 13, 6)}","{(3, 5, 5, 3)}"
"(13, 25, 8, 1, 0)",2,"{(8, 25, 13, 1)}","{(7, '?', 2, 3)}"
"(13, 25, 8, 14, 0)",2,"{(8, 25, 13, 14)}","{(0, '?', 2, 3)}"
"(13, 25, 8, 8, 0)",4,"{(8, 25, 13)}","{('?', '?', 2, 3)}"
"(13, 4, 10, 15, 0)",2,"{(10, 4, 13, 15)}","{('?', 5, 3, 3)}"
"(13, 4, 10, 19, 0)",1,"{(10, 19, 4, 13)}","{('?', 5, 7, 3)}"
"(13, 4, 13, 13, 0)",1,"{(4, 13)}","{('?', 5, 7, '?')}"
"(13, 4, 13, 15, 0)",1,"{(4, 13, 15)}","{(7, 5, 7, '?')}"
"(13, 4, 13, 19, 0)",1,"{(19, 4, 13)}","{('?', 2, 7, '?')}"
"(13, 4, 13, 23, 0)",2,"{(4, 13, 23)}","{('?', 5, '?', 1)}"
"(13, 4, 13, 4, 0)",1,"{(4, 13)}","{(1, 5, 3, 4)}"
"(13, 4, 13, 6, 0)",3,"{(4, 13, 6)}","{(3, '?', '?', '?')}"
"(13, 4, 14, 13, 0)",1,"{(4, 13, 14)}","{('?', 5, 7, 4)}"
"(13, 4, 14, 14, 0)",2,"{(4, 13, 14)}","{(0, 2, '?', 4)}"
"(13, 4, 14, 15, 0)",2,"{(4, 13, 14, 15)}","{(5, 2, '?', 4)}"
"(13, 4, 14, 16, 0)",1,"{(16, 4, 13, 14)}","{(3, 5, 7, 4)}"
"(13, 4, 14, 19, 0)",6,"{(19, 4, 13, 14)}","{('?', '?', '?', 4)}"
"(13, 4, 14, 22, 0)",1,"{(4, 13, 14, 22)}","{(0, 2, 3, 4)}"
"(13, 4, 14, 4, 0)",4,"{(4, 13, 14)}","{('?', '?', '?', 4)}"
"(13, 4, 14, 5, 0)",2,"{(5, 4, 13, 14)}","{(6, 2, '?', 4)}"
"(13, 4, 14, 6, 0)",4,"{(4, 13, 14, 6)}","{(3, '?', '?', '?')}"
"(13, 4, 15, 15, 0)",1,"{(4, 13, 15)}","{(5, 2, 7, '?')}"
"(13, 4, 15, 19, 0)",3,"{(19, 4, 13, 15)}","{(5, '?', '?', '?')}"
"(13, 4, 15, 22, 0)",1,"{(4, 13, 22, 15)}","{(5, 2, 7, 4)}"
"(13, 4, 17, 10, 0)",1,"{(17, 10, 4, 13)}","{(0, 2, 7, 0)}"
"(13, 4, 17, 14, 0)",6,"{(17, 4, 13, 14)}","{(0, '?', '?', '?')}"
"(13, 4, 17, 18, 0)",1,"{(17, 18, 4, 13)}","{(0, 2, 7, 0)}"
"(13, 4, 17, 4, 0)",2,"{(17, 4, 13)}","{(0, 2, '?', 0)}"
"(13, 4, 17, 5, 0)",1,"{(17, 5, 4, 13)}","{('?', 5, 7, 0)}"
"(13, 4, 17, 6, 0)",3,"{(17, 4, 13, 6)}","{(3, '?', '?', 0)}"
"(13, 4, 18, 23, 0)",1,"{(18, 4, 13, 23)}","{(6, 2, 3, 1)}"
"(13, 4, 19, 14, 0)",2,"{(19, 4, 13, 14)}","{(0, '?', 3, '?')}"
"(13, 4, 19, 19, 0)",5,"{(19, 4, 13)}","{('?', 2, '?', '?')}"
"(13, 4, 19, 22, 0)",1,"{(19, 4, 13, 22)}","{(0, 2, 3, '?')}"
"(13, 4, 19, 25, 0)",1,"{(25, 19, 4, 13)}","{('?', 5, 3, 5)}"
"(13, 4, 19, 4, 0)",1,"{(19, 4, 13)}","{('?', 5, 7, '?')}"
"(13, 4, 19, 5, 0)",1,"{(5, 19, 4, 13)}","{(6, 5, 7, 4)}"
"(13, 4, 19, 6, 0)",4,"{(19, 4, 13, 6)}","{(3, '?', '?', '?')}"
"(13, 4, 22, 15, 0)",1,"{(4, 13, 22, 15)}","{(7, 5, '?', 4)}"
"(13, 4, 22, 19, 0)",10,"{(19, 4, 13, 22)}","{('?', '?', '?', 4)}"
"(13, 4, 22, 4, 0)",4,"{(4, 13, 22)}","{('?', '?', '?', 4)}"
"(13, 4, 22, 6, 0)",1,"{(4, 13, 22, 6)}","{(3, 2, 3, 4)}"
"(13, 4, 23, 13, 0)",2,"{(4, 13, 23)}","{('?', '?', 7, 1)}"
"(13, 4, 23, 14, 0)",1,"{(4, 13, 14, 23)}","{(0, 2, 3, 1)}"
"(13, 4, 23, 15, 0)",4,"{(15, 4, 13, 23)}","{('?', '?', '?', 1)}"
"(13, 4, 23, 19, 0)",2,"{(19, 4, 13, 23)}","{('?', '?', '?', 1)}"
"(13, 4, 23, 22, 0)",4,"{(4, 13, 22, 23)}","{(0, '?', '?', 1)}"
"(13, 4, 23, 5, 0)",1,"{(5, 4, 13, 23)}","{(6, 5, 3, 1)}"
"(13, 4, 23, 6, 0)",2,"{(4, 13, 6, 23)}","{(3, '?', '?', 1)}"
"(13, 4, 25, 15, 0)",1,"{(25, 4, 13, 15)}","{(7, 5, 3, 3)}"
"(13, 4, 25, 19, 0)",2,"{(25, 19, 4, 13)}","{('?', 5, '?', 3)}"
"(13, 4, 4, 7, 0)",1,"{(4, 13, 7)}","{(0, 2, 7, 7)}"
"(13, 4, 5, 14, 0)",1,"{(5, 4, 13, 14)}","{(0, 2, 3, '?')}"
"(13, 4, 5, 17, 0)",1,"{(17, 5, 4, 13)}","{(4, 5, 3, 0)}"
"(13, 4, 5, 18, 0)",1,"{(5, 18, 4, 13)}","{(4, 5, 7, '?')}"
"(13, 4, 5, 19, 0)",1,"{(5, 19, 4, 13)}","{(4, 5, 7, '?')}"
"(13, 4, 5, 4, 0)",1,"{(5, 4, 13)}","{(6, 2, 3, 4)}"
"(13, 4, 7, 14, 0)",1,"{(4, 13, 14, 7)}","{(0, 2, 7, 7)}"
"(13, 4, 7, 22, 0)",1,"{(4, 13, 22, 7)}","{(0, 2, 3, 7)}"
"(13, 5, 10, 22, 0)",1,"{(5, 10, 13, 22)}","{(0, 5, 6, 1)}"
"(13, 5, 13, 14, 0)",2,"{(5, 13, 14)}","{(0, '?', 4, '?')}"
"(13, 5, 13, 19, 0)",1,"{(5, 19, 13)}","{(4, 5, '?', '?')}"
"(13, 5, 13, 5, 0)",1,"{(5, 13)}","{(4, 5, '?', '?')}"
"(13, 5, 15, 14, 0)",1,"{(5, 13, 14, 15)}","{(6, 5, 1, 4)}"
"(13, 5, 16, 13, 0)",1,"{(16, 5, 13)}","{(6, 5, 0, '?')}"
"(13, 5, 16, 16, 0)",1,"{(16, 5, 13)}","{(4, 5, 0, '?')}"
"(13, 5, 16, 17, 0)",1,"{(16, 17, 5, 13)}","{(4, 5, 0, 7)}"
"(13, 5, 17, 16, 0)",1,"{(16, 17, 5, 13)}","{(6, 5, 0, 7)}"
"(13, 5, 17, 5, 0)",2,"{(17, 5, 13)}","{(6, '?', '?', 0)}"
"(13, 5, 18, 4, 0)",1,"{(5, 18, 4, 13)}","{(4, 5, 7, 1)}"
"(13, 5, 23, 19, 0)",1,"{(5, 19, 13, 23)}","{(6, 5, '?', 1)}"
"(13, 5, 23, 4, 0)",1,"{(5, 4, 13, 23)}","{(6, 5, 7, 1)}"
"(13, 5, 23, 5, 0)",1,"{(5, 13, 23)}","{(4, 5, 4, 1)}"
"(13, 5, 8, 17, 0)",1,"{(8, 17, 5, 13)}","{(4, 5, 2, 0)}"
"(13, 5, 8, 8, 0)",2,"{(8, 5, 13)}","{(4, '?', 2, '?')}"
"(13, 6, 13, 6, 0)",1,"{(13, 6)}","{(3, 2, '?', '?')}"
"(13, 6, 17, 6, 0)",1,"{(17, 13, 6)}","{(3, 2, 6, 0)}"
"(13, 6, 6, 6, 0)",5,"{(13, 6)}","{(3, '?', '?', '?')}"
"(13, 7, 1, 1, 0)",1,"{(1, 13, 7)}","{(5, 5, 2, 7)}"
"(13, 7, 1, 15, 0)",1,"{(1, 15, 13, 7)}","{(7, 2, 4, 0)}"
"(13, 7, 14, 16, 0)",1,"{(16, 13, 14, 7)}","{(0, 2, 0, 7)}"
"(13, 7, 14, 22, 0)",3,"{(22, 13, 14, 7)}","{(0, 5, '?', '?')}"
"(13, 7, 15, 22, 0)",1,"{(15, 13, 22, 7)}","{(0, 2, 1, 7)}"
"(13, 7, 16, 14, 0)",2,"{(16, 13, 14, 7)}","{(0, '?', 0, 7)}"
"(13, 7, 19, 6, 0)",2,"{(19, 13, 6, 7)}","{(3, 5, '?', 0)}"
"(13, 7, 20, 20, 0)",1,"{(20, 13, 7)}","{(1, 5, 1, 7)}"
"(13, 7, 22, 22, 0)",2,"{(13, 22, 7)}","{(0, '?', '?', 7)}"
"(13, 7, 24, 15, 0)",1,"{(24, 15, 13, 7)}","{(2, 5, 1, 7)}"
"(13, 7, 24, 8, 0)",1,"{(24, 8, 13, 7)}","{(1, 5, 2, 7)}"
"(13, 7, 5, 5, 0)",1,"{(5, 13, 7)}","{(4, 5, '?', 0)}"
"(13, 7, 5, 8, 0)",1,"{(8, 5, 13, 7)}","{(6, 5, 2, 7)}"
"(13, 7, 6, 6, 0)",1,"{(13, 6, 7)}","{(3, 2, '?', 0)}"
"(13, 7, 8, 1, 0)",3,"{(8, 1, 13, 7)}","{('?', '?', 2, 7)}"
"(13, 7, 8, 14, 0)",1,"{(8, 13, 14, 7)}","{(0, 5, 2, 7)}"
"(13, 7, 8, 15, 0)",1,"{(8, 15, 13, 7)}","{(7, 5, 2, 7)}"
"(13, 7, 8, 22, 0)",1,"{(8, 13, 22, 7)}","{(0, 5, 2, 7)}"
"(13, 7, 8, 23, 0)",1,"{(8, 23, 13, 7)}","{(0, 2, 2, 0)}"
"(13, 7, 8, 6, 0)",2,"{(8, 13, 6, 7)}","{(3, '?', 2, 7)}"
"(13, 7, 8, 8, 0)",3,"{(8, 13, 7)}","{('?', '?', 2, '?')}"
"(13, 8, 1, 1, 0)",2,"{(8, 1, 13)}","{('?', '?', 2, '?')}"
"(13, 8, 1, 15, 0)",1,"{(8, 1, 13, 15)}","{(7, 5, 2, '?')}"
"(13, 8, 1, 8, 0)",1,"{(8, 1, 13)}","{(5, 2, 2, 4)}"
"(13, 8, 15, 8, 0)",1,"{(8, 13, 15)}","{(5, 5, 2, 4)}"
"(13, 8, 17, 14, 0)",1,"{(8, 17, 13, 14)}","{(0, 5, 2, 0)}"
"(13, 8, 17, 8, 0)",1,"{(8, 17, 13)}","{(0, 2, 2, 0)}"
"(13, 8, 24, 8, 0)",3,"{(8, 24, 13)}","{('?', 5, 2, '?')}"
"(13, 8, 5, 8, 0)",3,"{(8, 5, 13)}","{('?', '?', 2, '?')}"
"(13, 8, 6, 7, 0)",1,"{(8, 13, 6, 7)}","{(3, 2, 2, 7)}"
"(13, 8, 6, 8, 0)",2,"{(8, 13, 6)}","{(3, '?', 2, '?')}"
"(13, 8, 8, 1, 0)",1,"{(8, 1, 13)}","{(5, 5, 2, '?')}"
"(13, 8, 8, 15, 0)",1,"{(8, 13, 15)}","{(7, 5, 2, '?')}"
"(13, 8, 8, 19, 0)",2,"{(8, 19, 13)}","{(5, '?', 2, '?')}"
"(13, 8, 8, 6, 0)",2,"{(8, 13, 6)}","{(3, '?', 2, '?')}"
"(13, 8, 8, 8, 0)",1,"{(8, 13)}","{('?', 5, 2, 4)}"
"(14, 27, 14, 22, 0)",1,"{(27, 14, 22)}","{(0, 0, 4, 4)}"
"(14, 27, 22, 14, 0)",1,"{(27, 14, 22)}","{(0, 0, 4, 4)}"
"(14, 27, 6, 14, 0)",1,"{(27, 14, 6)}","{(3, 0, 4, 4)}"
"(14, 27, 6, 6, 0)",1,"{(27, 14, 6)}","{(3, 0, 4, 4)}"
"(14, 5, 5, 6, 0)",1,"{(5, 14, 6)}","{(6, 1, 1, 4)}"
"(14, 5, 6, 14, 0)",1,"{(5, 14, 6)}","{(0, 1, 4, 4)}"
"(14, 5, 6, 22, 0)",1,"{(22, 5, 14, 6)}","{(4, 4, '?', 4)}"
"(14, 5, 8, 6, 0)",1,"{(8, 5, 14, 6)}","{(6, 4, 2, 4)}"
"(14, 6, 14, 8, 0)",1,"{(8, 14, 6)}","{(0, 4, 2, 4)}"
"(14, 6, 22, 19, 0)",1,"{(19, 22, 14, 6)}","{(0, 4, '?', 4)}"
"(15, 10, 10, 15, 0)",3,"{(10, 15)}","{('?', '?', 1, 3)}"
"(15, 10, 10, 21, 0)",1,"{(10, 21, 15)}","{(2, 3, 1, 3)}"
"(15, 10, 11, 15, 0)",1,"{(10, 11, 15)}","{(5, 7, 1, 3)}"
"(15, 10, 11, 4, 0)",1,"{(10, 11, 4, 15)}","{(2, 6, 7, 3)}"
"(15, 10, 15, 11, 0)",2,"{(10, 11, 15)}","{('?', 6, 1, 3)}"
"(15, 10, 15, 15, 0)",5,"{(10, 15)}","{('?', '?', 1, 3)}"
"(15, 10, 15, 27, 0)",1,"{(10, 27, 15)}","{(5, 0, 1, 3)}"
"(15, 10, 15, 6, 0)",1,"{(10, 6, 15)}","{(5, 4, 1, 3)}"
"(15, 10, 15, 9, 0)",1,"{(9, 10, 15)}","{(7, 0, 1, 3)}"
"(15, 10, 19, 21, 0)",1,"{(10, 19, 21, 15)}","{(2, 3, 1, 3)}"
"(15, 10, 20, 27, 0)",1,"{(10, 27, 20, 15)}","{(2, 0, 1, 3)}"
"(15, 10, 20, 6, 0)",1,"{(10, 20, 6, 15)}","{(2, 1, 1, 3)}"
"(15, 10, 21, 10, 0)",1,"{(10, 21, 15)}","{(2, 3, 1, 3)}"
"(15, 10, 21, 15, 0)",1,"{(10, 21, 15)}","{(5, 3, 1, 3)}"
"(15, 10, 24, 27, 0)",1,"{(24, 10, 27, 15)}","{(2, 0, 1, 3)}"
"(15, 10, 24, 6, 0)",1,"{(24, 10, 6, 15)}","{(1, 4, 1, 3)}"
"(15, 10, 4, 10, 0)",1,"{(10, 4, 15)}","{(1, 6, 7, 3)}"
"(15, 10, 4, 11, 0)",2,"{(10, 11, 4, 15)}","{('?', 6, 7, 3)}"
"(15, 10, 4, 19, 0)",1,"{(10, 19, 4, 15)}","{(2, '?', 3, 3)}"
"(15, 10, 4, 21, 0)",1,"{(10, 4, 21, 15)}","{(2, 3, 7, 3)}"
"(15, 10, 4, 27, 0)",3,"{(10, 27, 4, 15)}","{('?', 0, '?', 3)}"
"(15, 10, 4, 4, 0)",1,"{(10, 4, 15)}","{(1, 4, 7, 3)}"
"(15, 10, 4, 6, 0)",1,"{(10, 4, 6, 15)}","{(1, 1, 7, 3)}"
"(15, 10, 6, 15, 0)",2,"{(10, 6, 15)}","{(5, '?', 1, 3)}"
"(15, 10, 6, 4, 0)",4,"{(10, 4, 6, 15)}","{('?', '?', '?', 3)}"
"(15, 11, 15, 15, 0)",5,"{(11, 15)}","{('?', '?', 1, '?')}"
"(15, 11, 17, 24, 0)",1,"{(24, 17, 11, 15)}","{(2, 7, 3, 0)}"
"(15, 11, 23, 4, 0)",1,"{(11, 23, 4, 15)}","{(2, 7, 3, 1)}"
"(15, 11, 4, 10, 0)",1,"{(10, 11, 4, 15)}","{(2, 6, 7, 4)}"
"(15, 11, 4, 11, 0)",1,"{(11, 4, 15)}","{(2, 6, 3, 1)}"
"(15, 11, 4, 15, 0)",1,"{(11, 4, 15)}","{(2, 6, 7, '?')}"
"(15, 11, 4, 17, 0)",2,"{(17, 11, 4, 15)}","{(1, 7, '?', '?')}"
"(15, 11, 4, 19, 0)",4,"{(19, 11, 4, 15)}","{('?', '?', '?', '?')}"
"(15, 11, 4, 4, 0)",2,"{(11, 4, 15)}","{('?', '?', '?', '?')}"
"(15, 11, 4, 7, 0)",1,"{(11, 4, 7, 15)}","{(1, 7, 7, 7)}"
"(15, 11, 7, 15, 0)",1,"{(11, 7, 15)}","{(2, 7, 7, 0)}"
"(15, 11, 7, 19, 0)",1,"{(19, 11, 7, 15)}","{(2, 7, 7, 7)}"
"(15, 13, 15, 14, 0)",2,"{(13, 14, 15)}","{('?', 5, 1, 4)}"
"(15, 13, 15, 15, 0)",9,"{(13, 15)}","{('?', '?', 1, '?')}"
"(15, 13, 15, 17, 0)",1,"{(17, 13, 15)}","{(7, 5, 1, 7)}"
"(15, 13, 15, 19, 0)",1,"{(19, 13, 15)}","{(5, 2, 1, '?')}"
"(15, 13, 15, 23, 0)",1,"{(23, 13, 15)}","{(7, 5, 1, 1)}"
"(15, 13, 15, 7, 0)",1,"{(7, 13, 15)}","{(5, 2, 1, 0)}"
"(15, 13, 23, 15, 0)",1,"{(23, 13, 15)}","{(7, 2, 1, 1)}"
"(15, 13, 4, 19, 0)",1,"{(19, 4, 13, 15)}","{(1, 5, 7, 4)}"
"(15, 13, 4, 22, 0)",1,"{(4, 13, 22, 15)}","{(2, 5, 7, 4)}"
"(15, 13, 7, 22, 0)",1,"{(7, 13, 22, 15)}","{(0, '?', 1, 0)}"
"(15, 15, 11, 15, 0)",3,"{(11, 15)}","{('?', 6, 1, '?')}"
"(15, 15, 13, 15, 0)",2,"{(13, 15)}","{('?', '?', 1, '?')}"
"(15, 15, 15, 15, 0)",4,"{(15,)}","{('?', '?', 1, '?')}"
"(15, 15, 15, 19, 0)",3,"{(19, 15)}","{('?', '?', 1, '?')}"
"(15, 15, 15, 7, 0)",1,"{(7, 15)}","{(5, 2, 1, 0)}"
"(15, 15, 17, 15, 0)",1,"{(17, 15)}","{(5, 4, 1, 0)}"
"(15, 15, 17, 7, 0)",1,"{(17, 7, 15)}","{(7, 7, 1, 0)}"
"(15, 15, 19, 15, 0)",4,"{(19, 15)}","{('?', '?', 1, '?')}"
"(15, 15, 19, 27, 0)",1,"{(27, 19, 15)}","{(7, 0, 1, '?')}"
"(15, 15, 21, 15, 0)",1,"{(21, 15)}","{(5, 3, 1, 5)}"
"(15, 15, 21, 7, 0)",1,"{(7, 21, 15)}","{(7, 3, 1, 0)}"
"(15, 15, 27, 15, 0)",2,"{(27, 15)}","{(7, 0, 1, '?')}"
"(15, 15, 3, 15, 0)",1,"{(3, 15)}","{(5, 3, 1, 5)}"
"(15, 15, 6, 15, 0)",1,"{(6, 15)}","{(5, 4, 1, 7)}"
"(15, 15, 7, 15, 0)",1,"{(7, 15)}","{(5, '?', 1, 0)}"
"(15, 15, 9, 15, 0)",1,"{(9, 15)}","{(7, 0, 1, '?')}"
"(15, 17, 13, 15, 0)",1,"{(17, 13, 15)}","{(2, 2, 3, 0)}"
"(15, 17, 15, 6, 0)",1,"{(17, 6, 15)}","{(5, 1, 1, 0)}"
"(15, 17, 19, 14, 0)",1,"{(17, 19, 14, 15)}","{(0, '?', 1, 0)}"
"(15, 17, 22, 22, 0)",1,"{(17, 22, 15)}","{(0, '?', 1, 0)}"
"(15, 17, 22, 27, 0)",1,"{(17, 27, 22, 15)}","{(0, 0, 1, 0)}"
"(15, 17, 24, 6, 0)",1,"{(24, 17, 6, 15)}","{(1, 4, 1, 0)}"
"(15, 17, 27, 14, 0)",1,"{(17, 27, 14, 15)}","{(0, 0, 1, 0)}"
"(15, 17, 27, 22, 0)",1,"{(17, 27, 22, 15)}","{(0, 0, 1, 0)}"
"(15, 17, 6, 14, 0)",1,"{(17, 14, 6, 15)}","{(0, 1, 1, 0)}"
"(15, 17, 6, 17, 0)",1,"{(17, 6, 15)}","{(0, 4, 1, 7)}"
"(15, 17, 6, 22, 0)",2,"{(17, 22, 6, 15)}","{(0, '?', 1, 0)}"
"(15, 17, 6, 6, 0)",1,"{(17, 6, 15)}","{(3, 3, 1, 7)}"
"(15, 18, 15, 15, 0)",1,"{(18, 15)}","{(7, 2, 1, '?')}"
"(15, 18, 19, 5, 0)",1,"{(18, 19, 5, 15)}","{(6, 5, 1, '?')}"
"(15, 18, 23, 14, 0)",1,"{(18, 23, 14, 15)}","{(0, 2, 1, 1)}"
"(15, 19, 15, 11, 0)",1,"{(11, 19, 15)}","{(7, 6, 1, '?')}"
"(15, 19, 15, 15, 0)",2,"{(19, 15)}","{('?', '?', 1, '?')}"
"(15, 19, 19, 14, 0)",1,"{(19, 14, 15)}","{(0, '?', 1, '?')}"
"(15, 19, 19, 20, 0)",1,"{(19, 20, 15)}","{(1, 5, 1, '?')}"
"(15, 19, 20, 24, 0)",1,"{(24, 19, 20, 15)}","{(2, '?', 1, '?')}"
"(15, 19, 21, 20, 0)",3,"{(19, 20, 21, 15)}","{('?', 3, 1, '?')}"
"(15, 19, 21, 24, 0)",1,"{(24, 19, 21, 15)}","{(2, 3, 1, '?')}"
"(15, 19, 21, 6, 0)",3,"{(19, 21, 6, 15)}","{('?', 3, '?', '?')}"
"(15, 19, 24, 20, 0)",1,"{(24, 19, 20, 15)}","{(2, '?', 1, '?')}"
"(15, 19, 24, 27, 0)",1,"{(24, 27, 19, 15)}","{(2, 0, 1, 0)}"
"(15, 19, 25, 22, 0)",1,"{(25, 19, 22, 15)}","{(0, '?', 1, 5)}"
"(15, 19, 27, 14, 0)",2,"{(27, 19, 14, 15)}","{(0, 0, 1, '?')}"
"(15, 19, 27, 15, 0)",1,"{(27, 19, 15)}","{(5, 0, 1, '?')}"
"(15, 19, 27, 20, 0)",1,"{(27, 19, 20, 15)}","{(2, '?', 1, '?')}"
"(15, 19, 27, 4, 0)",1,"{(27, 19, 4, 15)}","{(2, 0, 3, '?')}"
"(15, 19, 27, 5, 0)",1,"{(27, 19, 5, 15)}","{(0, 0, 1, 1)}"
"(15, 19, 3, 6, 0)",1,"{(3, 19, 6, 15)}","{(2, 3, 3, 5)}"
"(15, 19, 4, 13, 0)",1,"{(19, 4, 13, 15)}","{(1, 2, 7, '?')}"
"(15, 19, 4, 19, 0)",6,"{(19, 4, 15)}","{('?', '?', '?', '?')}"
"(15, 19, 4, 21, 0)",6,"{(19, 4, 21, 15)}","{('?', 3, '?', '?')}"
"(15, 19, 4, 23, 0)",1,"{(19, 4, 23, 15)}","{(1, 5, 7, 1)}"
"(15, 19, 4, 3, 0)",2,"{(3, 19, 4, 15)}","{('?', 3, '?', 5)}"
"(15, 19, 4, 9, 0)",1,"{(9, 19, 4, 15)}","{(1, 0, 7, '?')}"
"(15, 19, 6, 6, 0)",1,"{(19, 6, 15)}","{(3, '?', 1, '?')}"
"(15, 19, 7, 22, 0)",1,"{(19, 7, 22, 15)}","{(0, '?', 1, 7)}"
"(15, 19, 9, 19, 0)",1,"{(9, 19, 15)}","{('?', 0, 1, '?')}"
"(15, 19, 9, 20, 0)",1,"{(9, 19, 20, 15)}","{(1, 0, 1, 1)}"
"(15, 19, 9, 22, 0)",2,"{(9, 19, 22, 15)}","{(0, 0, 1, '?')}"
"(15, 19, 9, 6, 0)",1,"{(9, 19, 6, 15)}","{(3, 0, 1, 1)}"
"(15, 19, 9, 9, 0)",1,"{(9, 19, 15)}","{(1, 0, 3, 5)}"
"(15, 20, 27, 17, 0)",1,"{(17, 27, 20, 15)}","{(1, 0, 1, 7)}"
"(15, 21, 15, 17, 0)",2,"{(17, 21, 15)}","{('?', 3, 1, 0)}"
"(15, 21, 17, 5, 0)",1,"{(17, 5, 21, 15)}","{(0, 3, 1, 7)}"
"(15, 21, 20, 19, 0)",1,"{(19, 20, 21, 15)}","{(1, 3, 1, '?')}"
"(15, 21, 21, 17, 0)",1,"{(17, 21, 15)}","{(0, 3, 1, 7)}"
"(15, 21, 24, 17, 0)",1,"{(24, 17, 21, 15)}","{(1, 3, 1, 0)}"
"(15, 21, 24, 24, 0)",1,"{(24, 21, 15)}","{(2, 3, 1, '?')}"
"(15, 21, 5, 17, 0)",1,"{(17, 5, 21, 15)}","{(6, 3, 1, 0)}"
"(15, 21, 6, 6, 0)",1,"{(21, 6, 15)}","{(3, 3, 1, '?')}"
"(15, 22, 11, 4, 0)",1,"{(11, 4, 22, 15)}","{(2, 6, 7, 4)}"
"(15, 22, 14, 22, 0)",1,"{(14, 22, 15)}","{(0, '?', 1, 4)}"
"(15, 22, 14, 6, 0)",1,"{(14, 6, 22, 15)}","{(0, 1, 1, 4)}"
"(15, 22, 15, 11, 0)",2,"{(11, 22, 15)}","{(5, '?', 1, 4)}"
"(15, 22, 15, 13, 0)",1,"{(13, 22, 15)}","{(5, 5, 1, 4)}"
"(15, 22, 15, 15, 0)",7,"{(22, 15)}","{('?', '?', 1, 4)}"
"(15, 22, 15, 27, 0)",1,"{(27, 22, 15)}","{(5, '?', 1, 4)}"
"(15, 22, 15, 6, 0)",2,"{(6, 22, 15)}","{(7, '?', 1, 4)}"
"(15, 22, 21, 15, 0)",1,"{(21, 22, 15)}","{(7, 3, 1, 4)}"
"(15, 22, 24, 11, 0)",2,"{(24, 11, 22, 15)}","{('?', 6, 1, 4)}"
"(15, 22, 24, 19, 0)",2,"{(24, 19, 22, 15)}","{('?', '?', 1, 4)}"
"(15, 22, 24, 22, 0)",1,"{(24, 22, 15)}","{(1, '?', 1, 4)}"
"(15, 22, 24, 24, 0)",2,"{(24, 22, 15)}","{('?', 1, 1, 4)}"
"(15, 22, 24, 6, 0)",4,"{(24, 6, 22, 15)}","{('?', '?', 1, 4)}"
"(15, 22, 27, 15, 0)",2,"{(27, 22, 15)}","{('?', 0, 1, 4)}"
"(15, 22, 27, 4, 0)",2,"{(27, 4, 22, 15)}","{('?', 0, 3, 4)}"
"(15, 22, 3, 15, 0)",1,"{(3, 22, 15)}","{(7, 3, 1, 4)}"
"(15, 22, 4, 11, 0)",4,"{(11, 4, 22, 15)}","{('?', '?', '?', 4)}"
"(15, 22, 4, 15, 0)",1,"{(4, 22, 15)}","{(7, 3, 1, 4)}"
"(15, 22, 4, 19, 0)",4,"{(19, 4, 22, 15)}","{('?', '?', '?', 4)}"
"(15, 22, 4, 21, 0)",3,"{(4, 21, 22, 15)}","{('?', 3, '?', 4)}"
"(15, 22, 4, 22, 0)",1,"{(4, 22, 15)}","{(1, 1, 7, 4)}"
"(15, 22, 6, 15, 0)",1,"{(6, 22, 15)}","{(5, 1, 1, 4)}"
"(15, 22, 6, 19, 0)",1,"{(19, 6, 22, 15)}","{('?', 1, 1, 4)}"
"(15, 22, 6, 22, 0)",1,"{(6, 22, 15)}","{(0, 4, 1, 4)}"
"(15, 22, 6, 4, 0)",5,"{(6, 4, 22, 15)}","{('?', '?', '?', 4)}"
"(15, 22, 9, 20, 0)",1,"{(9, 20, 22, 15)}","{(1, 0, 1, 4)}"
"(15, 22, 9, 4, 0)",1,"{(9, 4, 22, 15)}","{(1, 0, 3, 4)}"
"(15, 23, 11, 4, 0)",2,"{(11, 23, 4, 15)}","{(1, '?', 7, 1)}"
"(15, 23, 15, 15, 0)",1,"{(23, 15)}","{(7, 5, 1, 1)}"
"(15, 23, 19, 19, 0)",1,"{(19, 23, 15)}","{('?', '?', 1, 1)}"
"(15, 23, 19, 24, 0)",1,"{(24, 19, 23, 15)}","{(2, 2, 1, 1)}"
"(15, 23, 19, 4, 0)",1,"{(19, 23, 4, 15)}","{(2, '?', 7, 1)}"
"(15, 23, 21, 24, 0)",1,"{(24, 23, 21, 15)}","{(2, 3, 1, 1)}"
"(15, 23, 22, 22, 0)",1,"{(23, 22, 15)}","{(0, '?', 1, 1)}"
"(15, 23, 24, 13, 0)",1,"{(24, 23, 13, 15)}","{(2, 2, 1, 1)}"
"(15, 23, 24, 16, 0)",1,"{(24, 16, 23, 15)}","{(1, '?', 1, 1)}"
"(15, 23, 24, 18, 0)",1,"{(24, 18, 23, 15)}","{(2, 5, 1, 1)}"
"(15, 23, 24, 19, 0)",2,"{(24, 19, 23, 15)}","{(2, '?', 1, 1)}"
"(15, 23, 24, 20, 0)",1,"{(24, 23, 20, 15)}","{(1, '?', 1, 1)}"
"(15, 23, 24, 24, 0)",3,"{(24, 23, 15)}","{('?', '?', 1, 1)}"
"(15, 23, 24, 27, 0)",2,"{(24, 27, 23, 15)}","{('?', '?', 1, 1)}"
"(15, 23, 24, 6, 0)",3,"{(24, 23, 6, 15)}","{('?', '?', 1, 1)}"
"(15, 23, 27, 15, 0)",1,"{(27, 23, 15)}","{(5, 0, 1, 1)}"
"(15, 23, 27, 20, 0)",1,"{(27, 23, 20, 15)}","{(2, 0, 1, 1)}"
"(15, 23, 27, 4, 0)",1,"{(27, 23, 4, 15)}","{(1, 0, 7, 1)}"
"(15, 23, 4, 11, 0)",4,"{(11, 23, 4, 15)}","{('?', '?', '?', 1)}"
"(15, 23, 4, 19, 0)",1,"{(19, 23, 4, 15)}","{(2, '?', 3, 1)}"
"(15, 23, 4, 21, 0)",1,"{(21, 23, 4, 15)}","{(2, 3, 3, 1)}"
"(15, 23, 4, 27, 0)",1,"{(27, 23, 4, 15)}","{(2, 0, 3, 1)}"
"(15, 23, 4, 4, 0)",1,"{(23, 4, 15)}","{(1, 1, 3, 1)}"
"(15, 23, 4, 9, 0)",2,"{(9, 23, 4, 15)}","{('?', 0, '?', 1)}"
"(15, 23, 6, 4, 0)",4,"{(23, 4, 6, 15)}","{('?', '?', '?', 1)}"
"(15, 23, 6, 6, 0)",2,"{(23, 6, 15)}","{('?', '?', '?', 1)}"
"(15, 23, 9, 20, 0)",1,"{(9, 23, 20, 15)}","{(2, 0, 1, 1)}"
"(15, 24, 11, 16, 0)",1,"{(24, 16, 11, 15)}","{(1, 6, 1, 4)}"
"(15, 24, 11, 17, 0)",1,"{(24, 17, 11, 15)}","{(1, 6, 1, 7)}"
"(15, 24, 11, 20, 0)",1,"{(24, 11, 20, 15)}","{(1, 6, 1, '?')}"
"(15, 24, 11, 22, 0)",1,"{(24, 11, 22, 15)}","{(1, 6, 1, 4)}"
"(15, 24, 11, 24, 0)",1,"{(24, 11, 15)}","{(1, 6, 1, '?')}"
"(15, 24, 19, 24, 0)",1,"{(24, 19, 15)}","{(2, '?', 1, '?')}"
"(15, 24, 20, 19, 0)",1,"{(24, 19, 20, 15)}","{(2, '?', 1, '?')}"
"(15, 24, 21, 20, 0)",2,"{(24, 20, 21, 15)}","{('?', 3, 1, '?')}"
"(15, 24, 21, 24, 0)",1,"{(24, 21, 15)}","{(2, 3, 1, '?')}"
"(15, 24, 22, 24, 0)",1,"{(24, 22, 15)}","{(1, 6, 1, 4)}"
"(15, 24, 25, 19, 0)",1,"{(24, 25, 19, 15)}","{(1, '?', 1, 5)}"
"(15, 24, 27, 16, 0)",1,"{(24, 16, 27, 15)}","{(1, 0, 1, 4)}"
"(15, 24, 27, 17, 0)",4,"{(24, 17, 27, 15)}","{('?', '?', 1, '?')}"
"(15, 24, 27, 19, 0)",1,"{(24, 19, 27, 15)}","{(2, 0, 1, 0)}"
"(15, 24, 27, 20, 0)",3,"{(24, 27, 20, 15)}","{('?', 0, 1, '?')}"
"(15, 24, 27, 4, 0)",1,"{(24, 27, 4, 15)}","{(2, 0, 1, '?')}"
"(15, 24, 6, 16, 0)",2,"{(24, 16, 6, 15)}","{(1, 1, 1, '?')}"
"(15, 24, 6, 17, 0)",5,"{(24, 17, 6, 15)}","{('?', '?', 1, '?')}"
"(15, 24, 6, 19, 0)",2,"{(24, 19, 6, 15)}","{(1, '?', 1, '?')}"
"(15, 24, 6, 20, 0)",4,"{(24, 20, 6, 15)}","{('?', '?', 1, '?')}"
"(15, 24, 6, 24, 0)",5,"{(24, 6, 15)}","{('?', '?', 1, '?')}"
"(15, 24, 6, 7, 0)",1,"{(24, 7, 6, 15)}","{(1, 4, 1, 7)}"
"(15, 24, 6, 8, 0)",2,"{(24, 8, 6, 15)}","{(1, 1, 1, '?')}"
"(15, 24, 7, 6, 0)",1,"{(24, 7, 6, 15)}","{(2, 1, 1, 7)}"
"(15, 25, 15, 11, 0)",1,"{(25, 11, 15)}","{(7, 7, 1, 3)}"
"(15, 25, 24, 9, 0)",1,"{(24, 25, 9, 15)}","{(2, 0, 1, 3)}"
"(15, 25, 27, 15, 0)",1,"{(25, 27, 15)}","{(7, 0, 1, 3)}"
"(15, 25, 27, 6, 0)",1,"{(25, 27, 6, 15)}","{(3, 0, 1, 3)}"
"(15, 25, 3, 20, 0)",1,"{(25, 3, 20, 15)}","{(2, 3, 1, 3)}"
"(15, 25, 4, 11, 0)",1,"{(25, 11, 4, 15)}","{(1, 6, 7, 4)}"
"(15, 25, 4, 19, 0)",2,"{(25, 19, 4, 15)}","{(1, '?', 3, 4)}"
"(15, 25, 6, 11, 0)",1,"{(25, 11, 6, 15)}","{(3, 6, 1, 5)}"
"(15, 25, 6, 6, 0)",1,"{(25, 6, 15)}","{(3, '?', 1, 5)}"
"(15, 27, 15, 15, 0)",4,"{(27, 15)}","{('?', 0, 1, '?')}"
"(15, 27, 15, 7, 0)",1,"{(27, 7, 15)}","{(7, 0, 1, 0)}"
"(15, 27, 17, 6, 0)",1,"{(17, 27, 6, 15)}","{(3, 0, 1, 0)}"
"(15, 27, 19, 14, 0)",1,"{(19, 27, 14, 15)}","{(0, 0, 1, '?')}"
"(15, 27, 19, 6, 0)",1,"{(19, 27, 6, 15)}","{(3, 0, 1, 0)}"
"(15, 27, 20, 19, 0)",1,"{(19, 27, 20, 15)}","{(2, 0, 1, '?')}"
"(15, 27, 20, 23, 0)",1,"{(27, 20, 23, 15)}","{(2, 0, 1, '?')}"
"(15, 27, 20, 24, 0)",1,"{(24, 27, 20, 15)}","{(2, 0, 1, 1)}"
"(15, 27, 23, 15, 0)",1,"{(27, 23, 15)}","{(7, 0, 1, 1)}"
"(15, 27, 24, 23, 0)",2,"{(24, 27, 23, 15)}","{('?', 0, 1, '?')}"
"(15, 27, 27, 6, 0)",1,"{(27, 6, 15)}","{(2, 0, 3, 1)}"
"(15, 27, 4, 6, 0)",1,"{(27, 4, 6, 15)}","{(2, 0, 7, '?')}"
"(15, 27, 6, 6, 0)",2,"{(27, 6, 15)}","{(3, 0, 1, '?')}"
"(15, 3, 15, 7, 0)",1,"{(3, 7, 15)}","{(5, 3, 1, 0)}"
"(15, 4, 11, 14, 0)",1,"{(11, 4, 14, 15)}","{(2, 6, 3, 4)}"
"(15, 4, 11, 15, 0)",1,"{(11, 4, 15)}","{(1, 6, 7, 5)}"
"(15, 4, 11, 19, 0)",2,"{(19, 11, 4, 15)}","{(1, '?', '?', '?')}"
"(15, 4, 11, 4, 0)",1,"{(11, 4, 15)}","{(2, 6, 3, 4)}"
"(15, 4, 11, 7, 0)",3,"{(11, 4, 7, 15)}","{('?', '?', 7, '?')}"
"(15, 4, 14, 11, 0)",1,"{(11, 4, 14, 15)}","{(2, 6, 3, 4)}"
"(15, 4, 19, 10, 0)",1,"{(10, 19, 4, 15)}","{(1, 6, 3, 4)}"
"(15, 4, 19, 19, 0)",1,"{(19, 4, 15)}","{(2, '?', 3, '?')}"
"(15, 4, 19, 4, 0)",3,"{(19, 4, 15)}","{(1, '?', '?', '?')}"
"(15, 4, 21, 19, 0)",3,"{(19, 4, 21, 15)}","{('?', 3, 3, '?')}"
"(15, 4, 21, 21, 0)",1,"{(4, 21, 15)}","{(1, 3, 3, 6)}"
"(15, 4, 21, 4, 0)",1,"{(4, 21, 15)}","{(2, 3, 3, '?')}"
"(15, 4, 25, 19, 0)",1,"{(25, 19, 4, 15)}","{(1, 6, 3, 4)}"
"(15, 4, 27, 10, 0)",2,"{(10, 27, 4, 15)}","{('?', 0, '?', 3)}"
"(15, 4, 27, 17, 0)",2,"{(17, 27, 4, 15)}","{('?', 0, '?', '?')}"
"(15, 4, 27, 19, 0)",3,"{(19, 27, 4, 15)}","{('?', 0, '?', '?')}"
"(15, 4, 27, 22, 0)",2,"{(27, 4, 22, 15)}","{('?', 0, 3, 4)}"
"(15, 4, 27, 23, 0)",1,"{(27, 4, 23, 15)}","{(2, 0, 3, 1)}"
"(15, 4, 27, 6, 0)",8,"{(27, 4, 6, 15)}","{('?', 0, '?', '?')}"
"(15, 4, 27, 7, 0)",5,"{(27, 4, 7, 15)}","{('?', 0, '?', '?')}"
"(15, 4, 3, 15, 0)",1,"{(3, 4, 15)}","{(5, 3, 1, 5)}"
"(15, 4, 4, 19, 0)",1,"{(19, 4, 15)}","{(1, 1, 3, 4)}"
"(15, 4, 4, 21, 0)",1,"{(4, 21, 15)}","{(2, 3, 7, '?')}"
"(15, 4, 6, 19, 0)",1,"{(19, 4, 6, 15)}","{(1, 4, 3, 5)}"
"(15, 4, 6, 7, 0)",1,"{(4, 7, 6, 15)}","{(2, 4, 7, 0)}"
"(15, 4, 7, 11, 0)",2,"{(11, 4, 7, 15)}","{('?', 6, 3, 7)}"
"(15, 4, 7, 21, 0)",1,"{(21, 4, 7, 15)}","{(2, 3, 7, 0)}"
"(15, 4, 7, 4, 0)",1,"{(4, 7, 15)}","{(1, 6, 7, 7)}"
"(15, 4, 7, 6, 0)",1,"{(4, 7, 6, 15)}","{(1, 1, 7, 0)}"
"(15, 4, 9, 19, 0)",2,"{(9, 19, 4, 15)}","{(1, 0, '?', '?')}"
"(15, 4, 9, 23, 0)",2,"{(9, 4, 23, 15)}","{(1, 0, '?', 1)}"
"(15, 4, 9, 6, 0)",1,"{(9, 4, 6, 15)}","{(2, 0, 7, '?')}"
"(15, 5, 21, 17, 0)",1,"{(17, 21, 5, 15)}","{(6, 3, 1, 7)}"
"(15, 5, 21, 22, 0)",1,"{(21, 5, 22, 15)}","{(6, 3, 1, 4)}"
"(15, 5, 21, 23, 0)",1,"{(21, 23, 5, 15)}","{(0, 3, 1, 1)}"
"(15, 5, 21, 7, 0)",1,"{(21, 7, 5, 15)}","{(6, 3, 1, 7)}"
"(15, 5, 23, 5, 0)",1,"{(23, 5, 15)}","{(4, '?', 1, 1)}"
"(15, 5, 27, 14, 0)",1,"{(27, 5, 14, 15)}","{(0, 0, 1, 1)}"
"(15, 5, 27, 17, 0)",2,"{(17, 27, 5, 15)}","{(4, 0, 1, '?')}"
"(15, 5, 27, 22, 0)",1,"{(27, 5, 22, 15)}","{(6, 0, 1, 4)}"
"(15, 5, 27, 23, 0)",1,"{(27, 23, 5, 15)}","{(4, 0, 1, 1)}"
"(15, 5, 6, 17, 0)",2,"{(17, 5, 6, 15)}","{(6, 4, 1, '?')}"
"(15, 5, 6, 19, 0)",3,"{(19, 5, 6, 15)}","{('?', '?', 1, '?')}"
"(15, 5, 6, 22, 0)",1,"{(22, 5, 6, 15)}","{(6, 4, 1, 4)}"
"(15, 5, 6, 26, 0)",1,"{(26, 5, 6, 15)}","{(6, 1, 1, '?')}"
"(15, 5, 6, 5, 0)",1,"{(5, 6, 15)}","{(6, 1, 1, '?')}"
"(15, 5, 6, 7, 0)",1,"{(7, 5, 6, 15)}","{(6, 4, 1, 7)}"
"(15, 6, 14, 14, 0)",1,"{(14, 6, 15)}","{(0, 4, 1, '?')}"
"(15, 6, 14, 19, 0)",1,"{(19, 14, 6, 15)}","{('?', 1, 1, 4)}"
"(15, 6, 15, 15, 0)",8,"{(6, 15)}","{('?', '?', 1, '?')}"
"(15, 6, 15, 17, 0)",4,"{(17, 6, 15)}","{('?', '?', 1, '?')}"
"(15, 6, 15, 19, 0)",1,"{(19, 6, 15)}","{(5, 4, 1, '?')}"
"(15, 6, 15, 22, 0)",1,"{(22, 6, 15)}","{(7, 1, 1, 4)}"
"(15, 6, 15, 7, 0)",2,"{(7, 6, 15)}","{(5, '?', 1, 0)}"
"(15, 6, 17, 14, 0)",2,"{(17, 14, 6, 15)}","{(0, '?', 1, '?')}"
"(15, 6, 17, 15, 0)",1,"{(17, 6, 15)}","{(7, 4, 1, 7)}"
"(15, 6, 17, 19, 0)",1,"{(17, 19, 6, 15)}","{('?', 4, 1, 7)}"
"(15, 6, 17, 22, 0)",1,"{(17, 22, 6, 15)}","{(0, 4, 1, 7)}"
"(15, 6, 17, 4, 0)",5,"{(17, 4, 6, 15)}","{('?', '?', '?', '?')}"
"(15, 6, 17, 6, 0)",2,"{(17, 6, 15)}","{(3, '?', 1, 0)}"
"(15, 6, 19, 14, 0)",3,"{(19, 14, 6, 15)}","{(0, '?', 1, '?')}"
"(15, 6, 19, 22, 0)",2,"{(19, 22, 6, 15)}","{(0, '?', 1, '?')}"
"(15, 6, 19, 24, 0)",1,"{(24, 19, 6, 15)}","{(2, 4, 1, '?')}"
"(15, 6, 19, 4, 0)",4,"{(19, 4, 6, 15)}","{('?', '?', '?', '?')}"
"(15, 6, 20, 24, 0)",1,"{(24, 20, 6, 15)}","{(2, 4, 1, '?')}"
"(15, 6, 22, 14, 0)",1,"{(22, 14, 6, 15)}","{(0, 4, 1, 6)}"
"(15, 6, 22, 24, 0)",1,"{(24, 22, 6, 15)}","{(1, 4, 1, 4)}"
"(15, 6, 22, 4, 0)",2,"{(22, 4, 6, 15)}","{('?', 4, '?', 4)}"
"(15, 6, 22, 6, 0)",1,"{(22, 6, 15)}","{(3, 1, 1, 4)}"
"(15, 6, 23, 15, 0)",1,"{(23, 6, 15)}","{(5, 1, 1, 1)}"
"(15, 6, 24, 15, 0)",2,"{(24, 6, 15)}","{('?', 4, 1, '?')}"
"(15, 6, 24, 16, 0)",1,"{(24, 16, 6, 15)}","{(1, 1, 1, '?')}"
"(15, 6, 24, 19, 0)",1,"{(24, 19, 6, 15)}","{(1, 4, 1, '?')}"
"(15, 6, 24, 20, 0)",1,"{(24, 20, 6, 15)}","{(2, 4, 1, '?')}"
"(15, 6, 24, 22, 0)",3,"{(24, 22, 6, 15)}","{('?', '?', 1, 4)}"
"(15, 6, 24, 23, 0)",2,"{(24, 23, 6, 15)}","{('?', 4, 1, '?')}"
"(15, 6, 24, 4, 0)",2,"{(24, 4, 6, 15)}","{(2, 1, '?', 7)}"
"(15, 6, 24, 8, 0)",1,"{(24, 8, 6, 15)}","{(1, 1, 1, '?')}"
"(15, 6, 25, 19, 0)",1,"{(25, 19, 6, 15)}","{(1, 4, 3, 4)}"
"(15, 6, 25, 4, 0)",1,"{(25, 4, 6, 15)}","{(1, 4, 3, 4)}"
"(15, 6, 4, 10, 0)",2,"{(10, 4, 6, 15)}","{('?', '?', 7, 5)}"
"(15, 6, 4, 14, 0)",1,"{(4, 14, 6, 15)}","{(2, 4, 7, 4)}"
"(15, 6, 4, 17, 0)",4,"{(17, 4, 6, 15)}","{('?', '?', '?', '?')}"
"(15, 6, 4, 19, 0)",14,"{(19, 4, 6, 15)}","{('?', '?', '?', '?')}"
"(15, 6, 4, 22, 0)",2,"{(4, 22, 6, 15)}","{('?', 1, '?', 4)}"
"(15, 6, 4, 25, 0)",3,"{(25, 4, 6, 15)}","{(1, '?', '?', 4)}"
"(15, 6, 4, 4, 0)",4,"{(4, 6, 15)}","{('?', '?', '?', '?')}"
"(15, 6, 4, 6, 0)",1,"{(4, 6, 15)}","{(2, 1, 7, '?')}"
"(15, 6, 4, 7, 0)",8,"{(4, 7, 6, 15)}","{('?', '?', '?', '?')}"
"(15, 6, 6, 6, 0)",4,"{(6, 15)}","{(3, '?', 1, '?')}"
"(15, 6, 6, 7, 0)",1,"{(7, 6, 15)}","{(3, 4, 1, 7)}"
"(15, 6, 7, 4, 0)",3,"{(7, 4, 6, 15)}","{('?', '?', '?', '?')}"
"(15, 6, 7, 6, 0)",1,"{(7, 6, 15)}","{(3, 4, 1, 0)}"
"(15, 7, 11, 4, 0)",1,"{(11, 7, 4, 15)}","{(1, 7, 7, 0)}"
"(15, 7, 13, 19, 0)",1,"{(19, 7, 13, 15)}","{(5, 2, 1, 7)}"
"(15, 7, 13, 4, 0)",1,"{(4, 7, 13, 15)}","{(2, 2, 3, 0)}"
"(15, 7, 15, 11, 0)",4,"{(11, 7, 15)}","{('?', '?', 1, '?')}"
"(15, 7, 15, 15, 0)",2,"{(7, 15)}","{('?', '?', 1, '?')}"
"(15, 7, 15, 21, 0)",2,"{(7, 21, 15)}","{('?', 3, 1, '?')}"
"(15, 7, 15, 6, 0)",2,"{(7, 6, 15)}","{('?', '?', 1, '?')}"
"(15, 7, 19, 14, 0)",1,"{(19, 7, 14, 15)}","{(0, '?', 1, 7)}"
"(15, 7, 19, 22, 0)",1,"{(19, 7, 22, 15)}","{(0, '?', 1, 7)}"
"(15, 7, 19, 4, 0)",1,"{(19, 7, 4, 15)}","{(1, '?', 7, 7)}"
"(15, 7, 21, 6, 0)",1,"{(7, 21, 6, 15)}","{(2, 3, 7, 0)}"
"(15, 7, 22, 22, 0)",1,"{(7, 22, 15)}","{(0, '?', 1, 7)}"
"(15, 7, 24, 15, 0)",1,"{(24, 7, 15)}","{(1, 6, 1, 0)}"
"(15, 7, 24, 16, 0)",2,"{(24, 16, 7, 15)}","{('?', '?', 1, '?')}"
"(15, 7, 24, 19, 0)",1,"{(24, 19, 7, 15)}","{(2, '?', 1, 0)}"
"(15, 7, 24, 6, 0)",1,"{(24, 7, 6, 15)}","{(1, 1, 1, 0)}"
"(15, 7, 27, 20, 0)",1,"{(27, 7, 20, 15)}","{(1, 0, 1, 7)}"
"(15, 7, 27, 22, 0)",1,"{(27, 7, 22, 15)}","{(0, 0, 1, 0)}"
"(15, 7, 27, 6, 0)",1,"{(27, 7, 6, 15)}","{(2, 0, 3, 0)}"
"(15, 7, 3, 15, 0)",1,"{(3, 7, 15)}","{(7, 3, 1, 0)}"
"(15, 7, 4, 11, 0)",4,"{(11, 7, 4, 15)}","{('?', 6, '?', '?')}"
"(15, 7, 4, 19, 0)",4,"{(19, 7, 4, 15)}","{('?', '?', '?', '?')}"
"(15, 7, 4, 21, 0)",1,"{(21, 7, 4, 15)}","{(2, 3, 7, 0)}"
"(15, 7, 4, 27, 0)",1,"{(27, 7, 4, 15)}","{(2, 0, 3, 7)}"
"(15, 7, 4, 4, 0)",1,"{(7, 4, 15)}","{(1, 4, 7, 7)}"
"(15, 7, 5, 18, 0)",1,"{(18, 7, 5, 15)}","{(4, 5, 1, 0)}"
"(15, 7, 5, 21, 0)",1,"{(21, 7, 5, 15)}","{(4, 3, 1, 0)}"
"(15, 7, 6, 4, 0)",2,"{(7, 4, 6, 15)}","{('?', 4, 7, '?')}"
"(15, 7, 9, 22, 0)",1,"{(9, 7, 22, 15)}","{(0, 0, 1, 0)}"
"(15, 9, 16, 24, 0)",1,"{(16, 9, 24, 15)}","{(2, 0, 1, 1)}"
"(15, 9, 24, 23, 0)",1,"{(24, 9, 23, 15)}","{(2, 0, 1, 1)}"
"(16, 1, 1, 1, 0)",1,"{(16, 1)}","{(5, '?', 2, '?')}"
"(16, 1, 1, 13, 0)",1,"{(16, 1, 13)}","{(7, 5, 2, 2)}"
"(16, 1, 1, 17, 0)",1,"{(16, 1, 17)}","{(5, 2, 2, 0)}"
"(16, 1, 15, 1, 0)",1,"{(16, 1, 15)}","{(7, 0, 0, 7)}"
"(16, 1, 17, 1, 0)",1,"{(16, 1, 17)}","{(5, 2, 2, 0)}"
"(16, 1, 22, 1, 0)",1,"{(16, 1, 22)}","{(5, '?', 2, 4)}"
"(16, 10, 10, 15, 0)",1,"{(16, 10, 15)}","{(7, 5, 0, 3)}"
"(16, 10, 10, 16, 0)",1,"{(16, 10)}","{(5, 2, 0, 3)}"
"(16, 10, 13, 15, 0)",2,"{(16, 10, 13, 15)}","{('?', '?', 0, 3)}"
"(16, 10, 15, 10, 0)",1,"{(16, 10, 15)}","{(7, 0, 0, 3)}"
"(16, 10, 15, 27, 0)",1,"{(16, 10, 27, 15)}","{(5, 0, 0, 3)}"
"(16, 10, 15, 6, 0)",1,"{(16, 10, 6, 15)}","{(5, 1, 0, 3)}"
"(16, 10, 15, 8, 0)",1,"{(16, 8, 10, 15)}","{(5, 1, 0, 3)}"
"(16, 10, 16, 11, 0)",1,"{(16, 10, 11)}","{(5, 6, 0, 3)}"
"(16, 10, 27, 15, 0)",1,"{(16, 10, 27, 15)}","{(7, 0, 0, 3)}"
"(16, 10, 27, 20, 0)",1,"{(16, 10, 27, 20)}","{(1, 0, 0, 3)}"
"(16, 10, 3, 15, 0)",1,"{(16, 10, 3, 15)}","{(7, 3, 0, 3)}"
"(16, 10, 6, 16, 0)",3,"{(16, 10, 6)}","{('?', '?', 0, 3)}"
"(16, 11, 15, 15, 0)",6,"{(16, 11, 15)}","{('?', '?', 0, '?')}"
"(16, 11, 15, 16, 0)",1,"{(16, 11, 15)}","{(5, 7, 0, 6)}"
"(16, 11, 15, 17, 0)",1,"{(16, 17, 11, 15)}","{(5, 7, 0, 0)}"
"(16, 11, 15, 23, 0)",1,"{(16, 11, 23, 15)}","{(5, 7, 0, '?')}"
"(16, 11, 15, 8, 0)",2,"{(16, 8, 11, 15)}","{('?', '?', 0, '?')}"
"(16, 11, 16, 15, 0)",1,"{(16, 11, 15)}","{(7, 6, 0, '?')}"
"(16, 11, 16, 16, 0)",1,"{(16, 11)}","{(5, 7, 0, 2)}"
"(16, 11, 19, 16, 0)",1,"{(16, 19, 11)}","{(5, 6, 0, 6)}"
"(16, 12, 10, 15, 0)",2,"{(16, 10, 12, 15)}","{('?', 0, 0, 3)}"
"(16, 12, 15, 10, 0)",1,"{(16, 10, 12, 15)}","{(5, 0, 0, 3)}"
"(16, 13, 1, 1, 0)",1,"{(16, 1, 13)}","{(5, 5, 2, '?')}"
"(16, 13, 10, 16, 0)",2,"{(16, 10, 13)}","{('?', '?', 0, 3)}"
"(16, 13, 14, 15, 0)",3,"{(16, 13, 14, 15)}","{('?', '?', 0, 4)}"
"(16, 13, 14, 16, 0)",2,"{(16, 13, 14)}","{('?', 5, 0, 4)}"
"(16, 13, 15, 1, 0)",2,"{(16, 1, 13, 15)}","{(7, '?', 0, '?')}"
"(16, 13, 15, 10, 0)",1,"{(16, 10, 13, 15)}","{(5, 5, 0, 5)}"
"(16, 13, 15, 14, 0)",1,"{(16, 13, 14, 15)}","{(7, 5, 0, 4)}"
"(16, 13, 15, 15, 0)",4,"{(16, 13, 15)}","{('?', '?', 0, '?')}"
"(16, 13, 15, 16, 0)",2,"{(16, 13, 15)}","{(5, '?', 0, '?')}"
"(16, 13, 15, 17, 0)",4,"{(16, 17, 13, 15)}","{('?', '?', 0, '?')}"
"(16, 13, 15, 8, 0)",3,"{(16, 8, 13, 15)}","{('?', '?', 0, '?')}"
"(16, 13, 16, 1, 0)",1,"{(16, 1, 13)}","{(5, 2, 0, 5)}"
"(16, 13, 16, 16, 0)",1,"{(16, 13)}","{(7, 2, 0, 4)}"
"(16, 13, 17, 15, 0)",4,"{(16, 17, 13, 15)}","{('?', '?', 0, '?')}"
"(16, 13, 17, 5, 0)",1,"{(16, 17, 5, 13)}","{(6, 2, 0, 0)}"
"(16, 13, 22, 15, 0)",1,"{(16, 13, 22, 15)}","{(5, 5, 0, 4)}"
"(16, 15, 11, 15, 0)",1,"{(16, 11, 15)}","{(7, 7, 0, '?')}"
"(16, 15, 19, 15, 0)",1,"{(16, 19, 15)}","{(5, '?', 0, '?')}"
"(16, 16, 1, 15, 0)",1,"{(16, 1, 15)}","{(5, 5, 0, 2)}"
"(16, 16, 13, 10, 0)",1,"{(16, 10, 13)}","{(5, 5, 0, 5)}"
"(16, 16, 15, 1, 0)",1,"{(16, 1, 15)}","{(7, '?', 0, '?')}"
"(16, 16, 16, 13, 0)",1,"{(16, 13)}","{(5, 5, 0, 2)}"
"(16, 18, 1, 15, 0)",1,"{(16, 1, 18, 15)}","{(5, 5, 0, 2)}"
"(16, 18, 15, 15, 0)",3,"{(16, 18, 15)}","{(7, '?', 0, '?')}"
"(16, 18, 15, 8, 0)",1,"{(16, 8, 18, 15)}","{(7, 5, 0, 2)}"
"(16, 18, 16, 15, 0)",1,"{(16, 18, 15)}","{(5, 5, 0, 2)}"
"(16, 19, 1, 15, 0)",1,"{(16, 1, 19, 15)}","{(7, '?', 0, '?')}"
"(16, 19, 11, 15, 0)",1,"{(16, 11, 19, 15)}","{(7, 6, 0, '?')}"
"(16, 19, 15, 10, 0)",1,"{(16, 10, 19, 15)}","{(7, '?', 0, 5)}"
"(16, 19, 15, 15, 0)",2,"{(16, 19, 15)}","{('?', '?', 0, '?')}"
"(16, 19, 15, 21, 0)",1,"{(16, 19, 21, 15)}","{(7, 3, 0, 2)}"
"(16, 19, 15, 24, 0)",1,"{(16, 24, 19, 15)}","{(7, '?', 0, 2)}"
"(16, 19, 15, 8, 0)",1,"{(16, 8, 19, 15)}","{(5, 0, 0, '?')}"
"(16, 19, 16, 16, 0)",1,"{(16, 19)}","{(5, 2, 0, '?')}"
"(16, 19, 16, 8, 0)",1,"{(16, 8, 19)}","{(5, '?', 0, 6)}"
"(16, 19, 27, 8, 0)",1,"{(16, 27, 19, 8)}","{(5, 0, 0, 2)}"
"(16, 21, 1, 15, 0)",1,"{(16, 1, 21, 15)}","{(5, 3, 0, 2)}"
"(16, 21, 10, 15, 0)",1,"{(16, 10, 21, 15)}","{(5, 3, 0, 3)}"
"(16, 21, 10, 24, 0)",1,"{(16, 24, 10, 21)}","{(2, 3, 0, 3)}"
"(16, 21, 15, 15, 0)",2,"{(16, 21, 15)}","{(5, 3, 0, '?')}"
"(16, 21, 15, 19, 0)",1,"{(16, 19, 21, 15)}","{(7, 3, 0, 2)}"
"(16, 21, 19, 8, 0)",1,"{(16, 8, 19, 21)}","{(5, 3, 0, 6)}"
"(16, 21, 22, 5, 0)",1,"{(16, 5, 21, 22)}","{(4, 3, 0, 4)}"
"(16, 21, 6, 8, 0)",2,"{(16, 8, 21, 6)}","{(3, 3, 0, '?')}"
"(16, 22, 11, 1, 0)",1,"{(16, 1, 11, 22)}","{(7, 6, 0, 4)}"
"(16, 22, 11, 15, 0)",3,"{(16, 11, 22, 15)}","{('?', '?', 0, 4)}"
"(16, 22, 11, 16, 0)",3,"{(16, 11, 22)}","{('?', '?', 0, 4)}"
"(16, 22, 15, 11, 0)",1,"{(16, 11, 22, 15)}","{(5, 6, 0, 4)}"
"(16, 22, 15, 15, 0)",4,"{(16, 22, 15)}","{('?', '?', 0, 4)}"
"(16, 22, 15, 16, 0)",2,"{(16, 22, 15)}","{('?', '?', 0, 4)}"
"(16, 22, 15, 6, 0)",1,"{(16, 6, 22, 15)}","{(5, 4, 0, 4)}"
"(16, 22, 15, 8, 0)",4,"{(16, 8, 22, 15)}","{('?', '?', 0, 4)}"
"(16, 22, 16, 11, 0)",1,"{(16, 11, 22)}","{(7, 6, 0, 4)}"
"(16, 22, 16, 19, 0)",1,"{(16, 19, 22)}","{(7, 5, 0, 4)}"
"(16, 22, 27, 15, 0)",1,"{(16, 27, 22, 15)}","{(7, 0, 0, 4)}"
"(16, 22, 3, 15, 0)",2,"{(16, 3, 22, 15)}","{('?', 3, 0, 4)}"
"(16, 22, 3, 16, 0)",1,"{(16, 3, 22)}","{(5, 3, 0, 4)}"
"(16, 22, 5, 13, 0)",1,"{(16, 13, 5, 22)}","{(6, 5, 0, 4)}"
"(16, 22, 5, 16, 0)",1,"{(16, 5, 22)}","{(4, '?', 0, 4)}"
"(16, 22, 6, 1, 0)",1,"{(16, 1, 22, 6)}","{(5, 4, 0, 4)}"
"(16, 22, 6, 14, 0)",1,"{(16, 14, 22, 6)}","{(3, 4, 0, 4)}"
"(16, 22, 6, 15, 0)",4,"{(16, 15, 22, 6)}","{('?', '?', 0, 4)}"
"(16, 22, 6, 8, 0)",2,"{(16, 8, 22, 6)}","{('?', 1, 0, 4)}"
"(16, 23, 15, 11, 0)",1,"{(16, 11, 15, 23)}","{(7, 6, 0, '?')}"
"(16, 23, 5, 27, 0)",1,"{(16, 27, 5, 23)}","{(6, 0, 0, 3)}"
"(16, 23, 9, 15, 0)",1,"{(16, 9, 15, 23)}","{('?', 0, 0, 3)}"
"(16, 23, 9, 16, 0)",1,"{(16, 9, 23)}","{('?', 0, 0, 3)}"
"(16, 25, 11, 15, 0)",2,"{(16, 25, 11, 15)}","{('?', 7, 0, 3)}"
"(16, 25, 15, 11, 0)",1,"{(16, 25, 11, 15)}","{(5, 6, 0, 3)}"
"(16, 25, 15, 15, 0)",1,"{(16, 25, 15)}","{(7, '?', 0, 5)}"
"(16, 25, 15, 16, 0)",1,"{(16, 25, 15)}","{(7, '?', 0, 5)}"
"(16, 25, 15, 9, 0)",1,"{(16, 25, 9, 15)}","{(5, 0, 0, 3)}"
"(16, 25, 6, 8, 0)",1,"{(16, 25, 6, 8)}","{('?', 4, 0, 3)}"
"(16, 25, 9, 15, 0)",2,"{(16, 25, 9, 15)}","{('?', 0, 0, '?')}"
"(16, 27, 10, 15, 0)",2,"{(16, 10, 27, 15)}","{('?', 0, 0, 5)}"
"(16, 27, 15, 15, 0)",7,"{(16, 27, 15)}","{('?', 0, 0, '?')}"
"(16, 27, 15, 16, 0)",2,"{(16, 27, 15)}","{(5, 0, 0, '?')}"
"(16, 27, 15, 17, 0)",1,"{(16, 17, 27, 15)}","{(5, 0, 0, 7)}"
"(16, 27, 15, 19, 0)",2,"{(16, 19, 27, 15)}","{('?', 0, 0, '?')}"
"(16, 27, 15, 22, 0)",1,"{(16, 27, 22, 15)}","{(7, 0, 0, 4)}"
"(16, 27, 15, 8, 0)",1,"{(16, 8, 27, 15)}","{(5, 0, 0, 5)}"
"(16, 27, 16, 10, 0)",1,"{(16, 10, 27)}","{(5, 0, 0, 4)}"
"(16, 27, 17, 15, 0)",1,"{(16, 17, 27, 15)}","{(5, 0, 0, 0)}"
"(16, 27, 22, 15, 0)",1,"{(16, 27, 22, 15)}","{(5, 0, 0, 4)}"
"(16, 27, 22, 6, 0)",1,"{(16, 27, 22, 6)}","{(3, 0, 0, 4)}"
"(16, 27, 6, 17, 0)",1,"{(16, 17, 27, 6)}","{(3, 0, 0, 7)}"
"(16, 27, 6, 6, 0)",1,"{(16, 27, 6)}","{(3, 0, 0, 7)}"
"(16, 27, 8, 15, 0)",1,"{(16, 8, 27, 15)}","{(5, 0, 0, 7)}"
"(16, 3, 10, 15, 0)",1,"{(16, 10, 3, 15)}","{(7, 3, 0, 3)}"
"(16, 3, 15, 1, 0)",1,"{(16, 1, 3, 15)}","{(5, 3, 0, 5)}"
"(16, 3, 16, 10, 0)",1,"{(16, 10, 3)}","{(7, 3, 0, 4)}"
"(16, 5, 13, 1, 0)",1,"{(16, 1, 13, 5)}","{(5, 5, 0, 2)}"
"(16, 5, 13, 5, 0)",1,"{(16, 13, 5)}","{(4, 5, 0, '?')}"
"(16, 5, 15, 15, 0)",2,"{(16, 5, 15)}","{('?', '?', 0, '?')}"
"(16, 5, 16, 13, 0)",1,"{(16, 13, 5)}","{(4, 5, 0, 0)}"
"(16, 5, 16, 22, 0)",1,"{(16, 5, 22)}","{(4, 1, 0, 4)}"
"(16, 5, 17, 6, 0)",1,"{(16, 17, 5, 6)}","{(4, 1, 0, 0)}"
"(16, 5, 18, 8, 0)",1,"{(16, 8, 18, 5)}","{(6, 5, 0, '?')}"
"(16, 5, 27, 16, 0)",1,"{(16, 27, 5)}","{(4, 0, 0, '?')}"
"(16, 5, 27, 17, 0)",2,"{(16, 17, 27, 5)}","{(4, 0, 0, '?')}"
"(16, 5, 6, 16, 0)",1,"{(16, 5, 6)}","{(4, 4, 0, '?')}"
"(16, 6, 1, 15, 0)",2,"{(16, 1, 6, 15)}","{('?', 4, 0, '?')}"
"(16, 6, 10, 16, 0)",1,"{(16, 10, 6)}","{(7, 4, 0, 3)}"
"(16, 6, 14, 6, 0)",1,"{(16, 6, 14)}","{(3, 4, 0, 4)}"
"(16, 6, 15, 15, 0)",5,"{(16, 6, 15)}","{('?', '?', 0, '?')}"
"(16, 6, 16, 15, 0)",2,"{(16, 6, 15)}","{('?', '?', 0, '?')}"
"(16, 6, 16, 19, 0)",1,"{(16, 19, 6)}","{(5, 1, 0, '?')}"
"(16, 6, 16, 22, 0)",2,"{(16, 6, 22)}","{('?', '?', 0, 4)}"
"(16, 6, 17, 15, 0)",3,"{(16, 17, 6, 15)}","{('?', '?', 0, 0)}"
"(16, 6, 19, 15, 0)",2,"{(16, 19, 6, 15)}","{(5, 4, 0, '?')}"
"(16, 6, 19, 16, 0)",2,"{(16, 19, 6)}","{(5, '?', 0, '?')}"
"(16, 6, 22, 15, 0)",1,"{(16, 15, 6, 22)}","{(7, 4, 0, 4)}"
"(16, 6, 25, 1, 0)",2,"{(16, 25, 6, 1)}","{('?', 4, 0, 5)}"
"(16, 6, 8, 6, 0)",2,"{(16, 8, 6)}","{(3, '?', 0, '?')}"
"(16, 7, 11, 15, 0)",1,"{(16, 11, 15, 7)}","{(5, 6, 0, 7)}"
"(16, 7, 13, 15, 0)",1,"{(16, 15, 13, 7)}","{(5, 2, 0, 0)}"
"(16, 7, 15, 11, 0)",2,"{(16, 11, 15, 7)}","{('?', 6, 0, 7)}"
"(16, 7, 15, 15, 0)",2,"{(16, 15, 7)}","{('?', '?', 0, '?')}"
"(16, 9, 15, 15, 0)",1,"{(16, 9, 15)}","{(7, 0, 0, '?')}"
"(16, 9, 15, 19, 0)",1,"{(16, 9, 19, 15)}","{(5, 0, 0, '?')}"
"(16, 9, 25, 16, 0)",1,"{(16, 9, 25)}","{(5, 0, 0, 5)}"
"(17, 13, 8, 6, 0)",1,"{(8, 17, 13, 6)}","{(3, 2, 2, 0)}"
"(17, 17, 8, 1, 0)",1,"{(8, 17, 1)}","{(7, 3, 2, 0)}"
"(17, 21, 17, 16, 0)",1,"{(16, 17, 21)}","{(0, 3, 0, 0)}"
"(17, 5, 27, 8, 0)",1,"{(8, 17, 27, 5)}","{(4, 0, 2, 0)}"
"(17, 5, 8, 8, 0)",1,"{(8, 17, 5)}","{(4, '?', 2, 7)}"
"(17, 6, 14, 16, 0)",1,"{(16, 17, 6, 14)}","{(0, 4, 0, 0)}"
"(17, 8, 14, 14, 0)",1,"{(8, 17, 14)}","{(0, '?', 2, 7)}"
"(17, 8, 6, 8, 0)",1,"{(8, 17, 6)}","{(3, 7, 2, 0)}"
"(18, 1, 1, 1, 0)",1,"{(1, 18)}","{(7, 2, 2, 6)}"
"(18, 1, 1, 15, 0)",1,"{(1, 18, 15)}","{(7, 5, 2, 2)}"
"(18, 1, 10, 15, 0)",1,"{(1, 18, 10, 15)}","{(7, 2, 4, 5)}"
"(18, 1, 13, 6, 0)",1,"{(1, 18, 13, 6)}","{(3, 2, 5, 6)}"
"(18, 1, 15, 10, 0)",2,"{(1, 18, 10, 15)}","{(5, 2, '?', 5)}"
"(18, 1, 15, 15, 0)",18,"{(1, 18, 15)}","{('?', '?', '?', '?')}"
"(18, 1, 15, 19, 0)",2,"{(1, 18, 19, 15)}","{(5, 5, '?', '?')}"
"(18, 1, 19, 19, 0)",2,"{(1, 18, 19)}","{('?', '?', 5, 2)}"
"(18, 10, 1, 1, 0)",2,"{(1, 18, 10)}","{(5, '?', 2, 5)}"
"(18, 10, 1, 13, 0)",2,"{(1, 18, 10, 13)}","{('?', 5, '?', 5)}"
"(18, 10, 1, 15, 0)",6,"{(1, 18, 10, 15)}","{('?', '?', '?', 5)}"
"(18, 10, 1, 6, 0)",1,"{(1, 18, 10, 6)}","{('?', 2, 4, 5)}"
"(18, 10, 10, 16, 0)",1,"{(16, 18, 10)}","{(6, 2, 1, 5)}"
"(18, 10, 14, 18, 0)",1,"{(18, 10, 14)}","{(0, 5, 4, 5)}"
"(18, 10, 15, 13, 0)",3,"{(18, 10, 13, 15)}","{('?', '?', '?', 5)}"
"(18, 10, 15, 15, 0)",1,"{(18, 10, 15)}","{(7, 2, 4, 5)}"
"(18, 10, 15, 24, 0)",1,"{(24, 18, 10, 15)}","{(1, 5, 1, 5)}"
"(18, 10, 15, 4, 0)",2,"{(18, 10, 4, 15)}","{('?', 5, 7, 5)}"
"(18, 10, 15, 6, 0)",3,"{(18, 10, 6, 15)}","{(3, '?', '?', 5)}"
"(18, 10, 16, 13, 0)",1,"{(16, 18, 10, 13)}","{(6, 2, '?', 5)}"
"(18, 10, 16, 14, 0)",1,"{(16, 18, 10, 14)}","{(0, 2, 0, 5)}"
"(18, 10, 16, 22, 0)",1,"{(16, 18, 10, 22)}","{(0, 2, 0, 5)}"
"(18, 10, 16, 6, 0)",2,"{(16, 18, 10, 6)}","{(3, '?', 0, 5)}"
"(18, 10, 4, 13, 0)",3,"{(18, 10, 4, 13)}","{('?', 2, 7, 5)}"
"(18, 10, 4, 15, 0)",4,"{(18, 10, 4, 15)}","{('?', '?', '?', 5)}"
"(18, 10, 4, 6, 0)",2,"{(18, 10, 4, 6)}","{(3, 5, '?', 5)}"
"(18, 10, 5, 8, 0)",1,"{(8, 18, 10, 5)}","{(4, 5, 2, 5)}"
"(18, 10, 6, 6, 0)",6,"{(18, 10, 6)}","{(3, '?', '?', 5)}"
"(18, 10, 8, 1, 0)",2,"{(8, 1, 18, 10)}","{(7, '?', 2, 5)}"
"(18, 10, 8, 14, 0)",1,"{(8, 18, 10, 14)}","{(0, 2, 2, 5)}"
"(18, 10, 8, 15, 0)",1,"{(8, 18, 10, 15)}","{(5, 5, 2, 5)}"
"(18, 10, 8, 6, 0)",3,"{(8, 18, 10, 6)}","{(3, '?', 2, '?')}"
"(18, 10, 8, 8, 0)",1,"{(8, 18, 10)}","{(2, 5, 2, 5)}"
"(18, 13, 6, 6, 0)",1,"{(18, 13, 6)}","{(3, 2, 4, 6)}"
"(18, 14, 14, 13, 0)",1,"{(18, 13, 14)}","{(0, 5, 4, 5)}"
"(18, 14, 14, 14, 0)",1,"{(18, 14)}","{(0, 5, 4, 5)}"
"(18, 15, 10, 10, 0)",1,"{(18, 10, 15)}","{(2, 2, 3, 5)}"
"(18, 15, 10, 13, 0)",2,"{(18, 10, 13, 15)}","{(2, 2, '?', 5)}"
"(18, 15, 10, 15, 0)",3,"{(18, 10, 15)}","{('?', '?', 1, 5)}"
"(18, 15, 10, 19, 0)",2,"{(19, 18, 10, 15)}","{('?', '?', '?', 5)}"
"(18, 15, 10, 22, 0)",1,"{(18, 10, 22, 15)}","{(0, 2, 1, 5)}"
"(18, 15, 10, 24, 0)",1,"{(24, 18, 10, 15)}","{(2, '?', 1, 5)}"
"(18, 15, 10, 4, 0)",1,"{(18, 10, 4, 15)}","{(1, 2, 7, 5)}"
"(18, 15, 10, 5, 0)",1,"{(18, 10, 5, 15)}","{(6, 2, 1, 5)}"
"(18, 15, 10, 6, 0)",5,"{(18, 10, 6, 15)}","{('?', '?', '?', 5)}"
"(18, 15, 13, 6, 0)",3,"{(18, 13, 6, 15)}","{(3, '?', 1, '?')}"
"(18, 15, 14, 22, 0)",1,"{(18, 22, 14, 15)}","{(0, 2, 1, 2)}"
"(18, 15, 15, 15, 0)",9,"{(18, 15)}","{('?', '?', 1, '?')}"
"(18, 15, 15, 19, 0)",9,"{(18, 19, 15)}","{('?', '?', 1, '?')}"
"(18, 15, 15, 4, 0)",1,"{(18, 4, 15)}","{(7, 2, 1, 6)}"
"(18, 15, 19, 14, 0)",2,"{(18, 19, 14, 15)}","{(0, '?', 1, '?')}"
"(18, 15, 19, 15, 0)",5,"{(18, 19, 15)}","{('?', '?', 1, '?')}"
"(18, 15, 19, 19, 0)",5,"{(18, 19, 15)}","{('?', '?', 1, '?')}"
"(18, 15, 19, 22, 0)",2,"{(18, 19, 22, 15)}","{(0, '?', 1, '?')}"
"(18, 15, 19, 24, 0)",2,"{(24, 18, 19, 15)}","{(2, '?', 1, 2)}"
"(18, 15, 19, 4, 0)",6,"{(18, 19, 4, 15)}","{('?', '?', '?', '?')}"
"(18, 15, 19, 5, 0)",2,"{(18, 19, 5, 15)}","{('?', '?', 1, 2)}"
"(18, 15, 19, 6, 0)",4,"{(18, 19, 6, 15)}","{(3, '?', 1, '?')}"
"(18, 15, 19, 8, 0)",2,"{(8, 18, 19, 15)}","{('?', '?', 1, '?')}"
"(18, 15, 20, 19, 0)",1,"{(18, 19, 20, 15)}","{(1, 5, 1, 6)}"
"(18, 15, 20, 20, 0)",1,"{(18, 20, 15)}","{(2, 2, 1, 6)}"
"(18, 15, 20, 23, 0)",1,"{(18, 20, 23, 15)}","{(2, 2, 1, 6)}"
"(18, 15, 22, 22, 0)",1,"{(18, 22, 15)}","{(0, 5, 1, 6)}"
"(18, 15, 23, 14, 0)",1,"{(18, 23, 14, 15)}","{(0, 2, 1, 2)}"
"(18, 15, 23, 15, 0)",1,"{(18, 23, 15)}","{(5, 2, 1, 1)}"
"(18, 15, 23, 19, 0)",1,"{(18, 19, 23, 15)}","{(5, 2, 1, 1)}"
"(18, 15, 23, 22, 0)",1,"{(18, 23, 22, 15)}","{(0, 2, 1, 1)}"
"(18, 15, 23, 24, 0)",1,"{(24, 18, 23, 15)}","{(2, 5, 1, 1)}"
"(18, 15, 23, 4, 0)",1,"{(18, 23, 4, 15)}","{(2, 5, 3, 1)}"
"(18, 15, 24, 10, 0)",3,"{(24, 18, 10, 15)}","{('?', '?', 1, '?')}"
"(18, 15, 24, 13, 0)",1,"{(24, 18, 13, 15)}","{(2, 2, 1, 6)}"
"(18, 15, 24, 15, 0)",1,"{(24, 18, 15)}","{(2, 2, 1, 2)}"
"(18, 15, 24, 16, 0)",5,"{(24, 16, 18, 15)}","{('?', '?', 1, '?')}"
"(18, 15, 24, 19, 0)",5,"{(24, 18, 19, 15)}","{('?', '?', 1, '?')}"
"(18, 15, 24, 20, 0)",2,"{(24, 18, 20, 15)}","{('?', '?', 1, '?')}"
"(18, 15, 24, 27, 0)",1,"{(24, 18, 27, 15)}","{(1, 2, 1, 6)}"
"(18, 15, 25, 15, 0)",1,"{(25, 18, 15)}","{(7, 5, 1, 5)}"
"(18, 15, 25, 19, 0)",3,"{(25, 18, 19, 15)}","{('?', '?', '?', 5)}"
"(18, 15, 25, 4, 0)",1,"{(25, 18, 4, 15)}","{(1, 5, 7, 5)}"
"(18, 15, 25, 6, 0)",1,"{(25, 18, 6, 15)}","{(2, 2, 7, 5)}"
"(18, 15, 26, 26, 0)",1,"{(18, 26, 15)}","{(0, 2, 1, 2)}"
"(18, 15, 4, 10, 0)",1,"{(18, 10, 4, 15)}","{(1, 5, 7, 5)}"
"(18, 15, 4, 13, 0)",1,"{(18, 4, 13, 15)}","{(2, 5, 3, 6)}"
"(18, 15, 4, 18, 0)",1,"{(18, 4, 15)}","{(2, 2, 7, 2)}"
"(18, 15, 4, 19, 0)",17,"{(18, 19, 4, 15)}","{('?', '?', '?', '?')}"
"(18, 15, 4, 23, 0)",1,"{(18, 4, 23, 15)}","{(2, 2, 7, 6)}"
"(18, 15, 5, 18, 0)",3,"{(18, 5, 15)}","{(6, '?', 1, '?')}"
"(18, 15, 5, 19, 0)",3,"{(18, 19, 5, 15)}","{(6, '?', 1, '?')}"
"(18, 15, 6, 6, 0)",4,"{(18, 6, 15)}","{(3, '?', 1, '?')}"
"(18, 16, 10, 15, 0)",2,"{(16, 18, 10, 15)}","{('?', 2, 0, 5)}"
"(18, 16, 10, 16, 0)",3,"{(16, 18, 10)}","{('?', '?', 0, 5)}"
"(18, 16, 10, 3, 0)",1,"{(16, 3, 18, 10)}","{(4, 2, 0, 5)}"
"(18, 16, 10, 6, 0)",2,"{(16, 18, 10, 6)}","{(3, '?', 0, 5)}"
"(18, 16, 13, 13, 0)",1,"{(16, 18, 13)}","{('?', 2, 0, 6)}"
"(18, 16, 13, 6, 0)",3,"{(16, 18, 13, 6)}","{(3, '?', 0, '?')}"
"(18, 16, 13, 8, 0)",2,"{(16, 8, 18, 13)}","{('?', 2, 0, '?')}"
"(18, 16, 14, 14, 0)",1,"{(16, 18, 14)}","{(0, 2, 0, 2)}"
"(18, 16, 14, 22, 0)",4,"{(16, 18, 14, 22)}","{(0, '?', 0, '?')}"
"(18, 16, 15, 13, 0)",1,"{(16, 18, 13, 15)}","{(7, 2, 0, 6)}"
"(18, 16, 15, 15, 0)",5,"{(16, 18, 15)}","{('?', '?', 0, '?')}"
"(18, 16, 15, 19, 0)",4,"{(16, 18, 19, 15)}","{('?', '?', 0, '?')}"
"(18, 16, 15, 27, 0)",1,"{(16, 18, 27, 15)}","{(7, 5, 0, 2)}"
"(18, 16, 15, 3, 0)",1,"{(16, 18, 3, 15)}","{(7, 2, 0, 5)}"
"(18, 16, 15, 8, 0)",1,"{(16, 8, 18, 15)}","{(7, 5, 0, 6)}"
"(18, 16, 16, 14, 0)",1,"{(16, 18, 14)}","{(0, 5, 0, 2)}"
"(18, 16, 16, 19, 0)",1,"{(16, 18, 19)}","{('?', 2, 0, 5)}"
"(18, 16, 16, 25, 0)",1,"{(16, 25, 18)}","{(4, 2, 0, 5)}"
"(18, 16, 19, 14, 0)",1,"{(16, 18, 19, 14)}","{(0, 2, 0, 6)}"
"(18, 16, 19, 15, 0)",1,"{(16, 18, 19, 15)}","{(7, 2, 0, 6)}"
"(18, 16, 19, 16, 0)",4,"{(16, 18, 19)}","{('?', '?', 0, '?')}"
"(18, 16, 19, 6, 0)",3,"{(16, 18, 19, 6)}","{(3, '?', 0, '?')}"
"(18, 16, 19, 8, 0)",8,"{(16, 8, 18, 19)}","{('?', '?', 0, '?')}"
"(18, 16, 20, 19, 0)",1,"{(16, 18, 19, 20)}","{(2, 5, 0, 6)}"
"(18, 16, 22, 14, 0)",1,"{(16, 18, 22, 14)}","{(0, 2, 0, 6)}"
"(18, 16, 22, 22, 0)",2,"{(16, 18, 22)}","{(0, 5, 0, '?')}"
"(18, 16, 5, 10, 0)",1,"{(16, 18, 10, 5)}","{(6, 5, 0, 5)}"
"(18, 16, 5, 13, 0)",1,"{(16, 18, 13, 5)}","{(6, 5, 0, 6)}"
"(18, 16, 5, 16, 0)",3,"{(16, 18, 5)}","{('?', '?', 0, '?')}"
"(18, 16, 5, 19, 0)",5,"{(16, 18, 19, 5)}","{('?', '?', 0, '?')}"
"(18, 16, 6, 6, 0)",3,"{(16, 18, 6)}","{(3, '?', 0, '?')}"
"(18, 18, 19, 19, 0)",1,"{(18, 19)}","{(6, 5, '?', 6)}"
"(18, 18, 24, 23, 0)",1,"{(24, 18, 23)}","{(2, 2, '?', 6)}"
"(18, 18, 24, 24, 0)",1,"{(24, 18)}","{(1, 5, '?', 6)}"
"(18, 18, 25, 5, 0)",1,"{(25, 18, 5)}","{(6, 5, 1, 5)}"
"(18, 18, 5, 15, 0)",1,"{(18, 5, 15)}","{(6, 5, 1, 2)}"
"(18, 18, 5, 18, 0)",1,"{(18, 5)}","{(6, 2, 1, 6)}"
"(18, 18, 6, 6, 0)",1,"{(18, 6)}","{(3, 5, '?', 6)}"
"(18, 19, 1, 1, 0)",1,"{(1, 18, 19)}","{(7, 2, 2, 6)}"
"(18, 19, 1, 15, 0)",14,"{(1, 18, 19, 15)}","{('?', '?', '?', '?')}"
"(18, 19, 1, 19, 0)",5,"{(1, 18, 19)}","{('?', '?', '?', '?')}"
"(18, 19, 1, 8, 0)",1,"{(8, 1, 18, 19)}","{(7, 5, 2, 2)}"
"(18, 19, 13, 19, 0)",1,"{(18, 19, 13)}","{('?', 2, 5, 2)}"
"(18, 19, 14, 13, 0)",1,"{(18, 19, 13, 14)}","{(0, 5, 5, 2)}"
"(18, 19, 14, 14, 0)",3,"{(18, 19, 14)}","{(0, '?', '?', 2)}"
"(18, 19, 14, 18, 0)",2,"{(18, 19, 14)}","{(0, 2, '?', '?')}"
"(18, 19, 14, 19, 0)",1,"{(18, 19, 14)}","{(0, 5, '?', 6)}"
"(18, 19, 14, 22, 0)",5,"{(18, 19, 14, 22)}","{(0, '?', '?', '?')}"
"(18, 19, 14, 5, 0)",1,"{(18, 19, 5, 14)}","{(0, 5, 6, 6)}"
"(18, 19, 14, 8, 0)",4,"{(8, 18, 19, 14)}","{(0, '?', 2, '?')}"
"(18, 19, 15, 15, 0)",3,"{(18, 19, 15)}","{(7, '?', '?', '?')}"
"(18, 19, 15, 16, 0)",1,"{(16, 18, 19, 15)}","{(2, 2, 1, 6)}"
"(18, 19, 15, 18, 0)",1,"{(18, 19, 15)}","{(6, 5, 1, 2)}"
"(18, 19, 15, 19, 0)",5,"{(18, 19, 15)}","{('?', '?', '?', '?')}"
"(18, 19, 15, 24, 0)",2,"{(24, 18, 19, 15)}","{(2, 5, 1, '?')}"
"(18, 19, 15, 6, 0)",1,"{(18, 19, 6, 15)}","{(3, 5, 1, 2)}"
"(18, 19, 16, 13, 0)",1,"{(16, 18, 19, 13)}","{('?', 2, 0, 6)}"
"(18, 19, 16, 14, 0)",2,"{(16, 18, 19, 14)}","{(0, 5, 0, '?')}"
"(18, 19, 16, 19, 0)",10,"{(16, 18, 19)}","{('?', '?', 0, '?')}"
"(18, 19, 16, 24, 0)",1,"{(16, 24, 18, 19)}","{(7, 2, 0, 2)}"
"(18, 19, 16, 6, 0)",3,"{(16, 18, 19, 6)}","{(3, '?', 0, '?')}"
"(18, 19, 18, 14, 0)",1,"{(18, 19, 14)}","{(0, 2, 4, 6)}"
"(18, 19, 18, 19, 0)",1,"{(18, 19)}","{(6, 5, '?', 6)}"
"(18, 19, 18, 22, 0)",1,"{(18, 19, 22)}","{(0, 2, '?', 2)}"
"(18, 19, 18, 5, 0)",1,"{(18, 19, 5)}","{(0, 2, 5, 2)}"
"(18, 19, 19, 14, 0)",1,"{(18, 19, 14)}","{(0, 2, 4, 2)}"
"(18, 19, 19, 19, 0)",22,"{(18, 19)}","{('?', '?', '?', '?')}"
"(18, 19, 19, 24, 0)",3,"{(24, 18, 19)}","{('?', '?', '?', '?')}"
"(18, 19, 19, 5, 0)",1,"{(18, 19, 5)}","{(4, 2, '?', 6)}"
"(18, 19, 19, 6, 0)",3,"{(18, 19, 6)}","{(3, 5, '?', '?')}"
"(18, 19, 19, 8, 0)",1,"{(8, 18, 19)}","{('?', 2, 2, 2)}"
"(18, 19, 20, 16, 0)",1,"{(16, 18, 19, 20)}","{(1, 2, 0, 6)}"
"(18, 19, 20, 20, 0)",2,"{(18, 19, 20)}","{(1, '?', 0, 6)}"
"(18, 19, 20, 24, 0)",3,"{(24, 18, 19, 20)}","{('?', '?', 0, 6)}"
"(18, 19, 22, 14, 0)",4,"{(18, 19, 22, 14)}","{(0, '?', '?', '?')}"
"(18, 19, 22, 18, 0)",2,"{(18, 19, 22)}","{(0, 2, '?', 2)}"
"(18, 19, 22, 19, 0)",3,"{(18, 19, 22)}","{(0, '?', '?', 6)}"
"(18, 19, 22, 22, 0)",8,"{(18, 19, 22)}","{(0, '?', '?', '?')}"
"(18, 19, 22, 8, 0)",2,"{(8, 18, 19, 22)}","{(0, '?', 2, 6)}"
"(18, 19, 24, 13, 0)",5,"{(24, 18, 19, 13)}","{('?', '?', '?', '?')}"
"(18, 19, 24, 19, 0)",21,"{(24, 18, 19)}","{('?', '?', '?', '?')}"
"(18, 19, 24, 24, 0)",2,"{(24, 18, 19)}","{('?', '?', '?', 2)}"
"(18, 19, 24, 25, 0)",1,"{(24, 25, 18, 19)}","{(2, 2, 4, 2)}"
"(18, 19, 24, 8, 0)",1,"{(24, 8, 18, 19)}","{(2, 5, 2, 2)}"
"(18, 19, 5, 13, 0)",3,"{(13, 18, 19, 5)}","{('?', '?', '?', '?')}"
"(18, 19, 5, 15, 0)",4,"{(18, 19, 5, 15)}","{('?', '?', 1, '?')}"
"(18, 19, 5, 16, 0)",5,"{(16, 18, 19, 5)}","{('?', '?', 0, '?')}"
"(18, 19, 5, 19, 0)",10,"{(18, 19, 5)}","{('?', '?', '?', '?')}"
"(18, 19, 5, 22, 0)",2,"{(18, 19, 5, 22)}","{(0, '?', '?', '?')}"
"(18, 19, 5, 25, 0)",1,"{(25, 18, 19, 5)}","{(4, 5, '?', '?')}"
"(18, 19, 5, 8, 0)",6,"{(8, 18, 19, 5)}","{('?', '?', 2, '?')}"
"(18, 19, 6, 19, 0)",1,"{(18, 19, 6)}","{(3, 2, 6, 2)}"
"(18, 19, 6, 6, 0)",14,"{(18, 19, 6)}","{(3, '?', '?', '?')}"
"(18, 19, 6, 8, 0)",4,"{(8, 18, 19, 6)}","{(3, '?', '?', '?')}"
"(18, 19, 8, 1, 0)",2,"{(8, 1, 18, 19)}","{('?', 2, 2, '?')}"
"(18, 19, 8, 14, 0)",2,"{(8, 18, 19, 14)}","{(0, '?', 2, '?')}"
"(18, 19, 8, 19, 0)",1,"{(8, 18, 19)}","{(4, 2, 2, 2)}"
"(18, 19, 8, 24, 0)",6,"{(8, 24, 18, 19)}","{('?', '?', 2, '?')}"
"(18, 19, 8, 26, 0)",4,"{(8, 26, 18, 19)}","{('?', '?', 2, '?')}"
"(18, 19, 8, 5, 0)",5,"{(8, 18, 19, 5)}","{('?', '?', 2, '?')}"
"(18, 19, 8, 6, 0)",4,"{(8, 18, 19, 6)}","{(3, '?', 2, '?')}"
"(18, 19, 8, 8, 0)",6,"{(8, 18, 19)}","{('?', '?', 2, '?')}"
"(18, 20, 10, 24, 0)",1,"{(24, 18, 10, 20)}","{(2, 5, 0, 5)}"
"(18, 20, 19, 20, 0)",3,"{(18, 19, 20)}","{('?', '?', 0, '?')}"
"(18, 20, 19, 24, 0)",2,"{(24, 18, 19, 20)}","{('?', 5, 0, 6)}"
"(18, 20, 20, 19, 0)",4,"{(18, 19, 20)}","{('?', '?', 0, '?')}"
"(18, 20, 20, 20, 0)",3,"{(18, 20)}","{('?', '?', 0, '?')}"
"(18, 20, 20, 24, 0)",1,"{(24, 18, 20)}","{(1, 2, 0, 2)}"
"(18, 20, 20, 25, 0)",1,"{(25, 18, 20)}","{(1, 5, 0, 5)}"
"(18, 20, 20, 4, 0)",2,"{(18, 20, 4)}","{('?', '?', 0, '?')}"
"(18, 20, 24, 19, 0)",3,"{(24, 18, 19, 20)}","{('?', 2, 0, '?')}"
"(18, 20, 25, 20, 0)",1,"{(25, 18, 20)}","{(2, 2, 0, 5)}"
"(18, 20, 25, 24, 0)",1,"{(24, 25, 18, 20)}","{(2, 5, 0, 5)}"
"(18, 23, 24, 10, 0)",1,"{(24, 18, 10, 23)}","{(2, 5, 2, 2)}"
"(18, 23, 4, 23, 0)",1,"{(18, 4, 23)}","{(2, 5, 3, 1)}"
"(18, 23, 4, 5, 0)",1,"{(18, 4, 5, 23)}","{(6, 5, 7, 1)}"
"(18, 23, 5, 19, 0)",1,"{(18, 19, 5, 23)}","{(6, 2, '?', 1)}"
"(18, 23, 5, 23, 0)",1,"{(18, 5, 23)}","{(6, 2, '?', 1)}"
"(18, 23, 5, 4, 0)",2,"{(18, 4, 5, 23)}","{(6, 2, '?', 1)}"
"(18, 23, 8, 14, 0)",1,"{(8, 18, 14, 23)}","{(0, 5, 2, 1)}"
"(18, 23, 8, 8, 0)",1,"{(8, 18, 23)}","{(2, 5, 2, 1)}"
"(18, 24, 10, 13, 0)",3,"{(24, 18, 10, 13)}","{('?', '?', '?', 5)}"
"(18, 24, 10, 24, 0)",7,"{(24, 18, 10)}","{('?', '?', '?', 5)}"
"(18, 24, 13, 17, 0)",1,"{(24, 17, 18, 13)}","{(2, 2, 5, 2)}"
"(18, 24, 13, 24, 0)",4,"{(24, 18, 13)}","{(2, '?', '?', '?')}"
"(18, 24, 19, 24, 0)",10,"{(24, 18, 19)}","{('?', '?', '?', '?')}"
"(18, 24, 25, 1, 0)",1,"{(24, 25, 18, 1)}","{(2, 5, '?', 5)}"
"(18, 24, 25, 24, 0)",4,"{(24, 25, 18)}","{('?', 2, '?', 5)}"
"(18, 24, 25, 25, 0)",1,"{(24, 25, 18)}","{(1, 2, '?', 5)}"
"(18, 24, 8, 19, 0)",1,"{(24, 8, 18, 19)}","{(2, 2, 2, 2)}"
"(18, 24, 8, 8, 0)",1,"{(24, 8, 18)}","{(2, 5, 2, 6)}"
"(18, 25, 1, 1, 0)",2,"{(25, 18, 1)}","{(7, '?', 2, 5)}"
"(18, 25, 1, 13, 0)",3,"{(25, 18, 13, 1)}","{('?', '?', '?', 5)}"
"(18, 25, 1, 14, 0)",1,"{(25, 18, 1, 14)}","{('?', 5, 4, 5)}"
"(18, 25, 1, 15, 0)",14,"{(25, 18, 1, 15)}","{('?', '?', '?', 5)}"
"(18, 25, 1, 19, 0)",9,"{(25, 18, 19, 1)}","{('?', '?', '?', 5)}"
"(18, 25, 1, 4, 0)",2,"{(25, 18, 4, 1)}","{(7, 2, '?', 5)}"
"(18, 25, 1, 6, 0)",1,"{(25, 18, 1, 6)}","{(3, 5, 5, 5)}"
"(18, 25, 1, 8, 0)",2,"{(8, 25, 18, 1)}","{(7, '?', 2, 5)}"
"(18, 25, 14, 19, 0)",5,"{(25, 18, 19, 14)}","{(0, '?', '?', 5)}"
"(18, 25, 14, 4, 0)",1,"{(25, 18, 4, 14)}","{(0, 2, '?', 5)}"
"(18, 25, 14, 8, 0)",2,"{(8, 25, 18, 14)}","{(0, '?', 2, 5)}"
"(18, 25, 15, 13, 0)",4,"{(25, 18, 13, 15)}","{('?', '?', '?', 5)}"
"(18, 25, 15, 15, 0)",5,"{(25, 18, 15)}","{('?', '?', '?', 5)}"
"(18, 25, 15, 19, 0)",13,"{(25, 18, 19, 15)}","{('?', '?', '?', 5)}"
"(18, 25, 15, 22, 0)",1,"{(25, 18, 22, 15)}","{(0, 2, 1, 5)}"
"(18, 25, 15, 24, 0)",3,"{(24, 25, 18, 15)}","{(1, '?', 1, 5)}"
"(18, 25, 15, 4, 0)",7,"{(25, 18, 4, 15)}","{('?', '?', '?', 5)}"
"(18, 25, 15, 5, 0)",1,"{(25, 18, 5, 15)}","{(6, 5, 1, 5)}"
"(18, 25, 15, 6, 0)",2,"{(25, 18, 6, 15)}","{(3, '?', 1, 5)}"
"(18, 25, 16, 13, 0)",4,"{(16, 25, 18, 13)}","{('?', '?', 0, 5)}"
"(18, 25, 16, 14, 0)",1,"{(16, 25, 18, 14)}","{(0, 5, 0, 5)}"
"(18, 25, 16, 15, 0)",2,"{(16, 25, 18, 15)}","{('?', '?', 0, 5)}"
"(18, 25, 16, 16, 0)",6,"{(16, 25, 18)}","{('?', '?', 0, 5)}"
"(18, 25, 16, 19, 0)",7,"{(16, 25, 18, 19)}","{('?', '?', 0, 5)}"
"(18, 25, 16, 22, 0)",1,"{(16, 25, 18, 22)}","{(0, 2, 0, 5)}"
"(18, 25, 16, 5, 0)",1,"{(16, 25, 18, 5)}","{(4, 5, 0, 5)}"
"(18, 25, 16, 6, 0)",2,"{(16, 25, 18, 6)}","{(3, '?', 0, 5)}"
"(18, 25, 16, 8, 0)",4,"{(16, 25, 18, 8)}","{('?', 5, 0, 5)}"
"(18, 25, 18, 5, 0)",1,"{(25, 18, 5)}","{(6, 5, 1, 5)}"
"(18, 25, 19, 10, 0)",2,"{(10, 25, 18, 19)}","{('?', '?', 5, 5)}"
"(18, 25, 19, 13, 0)",7,"{(25, 18, 19, 13)}","{('?', '?', '?', 5)}"
"(18, 25, 19, 15, 0)",1,"{(25, 18, 19, 15)}","{(6, 2, '?', 5)}"
"(18, 25, 19, 16, 0)",1,"{(16, 25, 18, 19)}","{('?', 2, 0, 5)}"
"(18, 25, 19, 19, 0)",12,"{(25, 18, 19)}","{('?', '?', '?', 5)}"
"(18, 25, 19, 24, 0)",1,"{(24, 25, 18, 19)}","{(1, 5, 6, 5)}"
"(18, 25, 19, 25, 0)",6,"{(25, 18, 19)}","{('?', '?', '?', 5)}"
"(18, 25, 19, 5, 0)",3,"{(25, 18, 19, 5)}","{('?', '?', '?', 5)}"
"(18, 25, 19, 6, 0)",8,"{(25, 18, 19, 6)}","{('?', '?', '?', 5)}"
"(18, 25, 19, 8, 0)",1,"{(8, 25, 18, 19)}","{(7, 2, 2, 5)}"
"(18, 25, 20, 14, 0)",1,"{(25, 18, 20, 14)}","{(0, 2, 0, 5)}"
"(18, 25, 20, 19, 0)",3,"{(25, 18, 19, 20)}","{('?', '?', 0, 5)}"
"(18, 25, 20, 20, 0)",4,"{(25, 18, 20)}","{('?', '?', '?', 5)}"
"(18, 25, 20, 24, 0)",3,"{(24, 25, 18, 20)}","{('?', '?', '?', 5)}"
"(18, 25, 22, 14, 0)",4,"{(25, 18, 22, 14)}","{(0, '?', '?', 5)}"
"(18, 25, 22, 18, 0)",1,"{(25, 18, 22)}","{(0, 2, '?', 5)}"
"(18, 25, 22, 19, 0)",3,"{(25, 18, 19, 22)}","{(0, '?', '?', 5)}"
"(18, 25, 22, 22, 0)",7,"{(25, 18, 22)}","{(0, '?', '?', 5)}"
"(18, 25, 22, 4, 0)",1,"{(25, 18, 4, 22)}","{(0, 5, 4, 5)}"
"(18, 25, 22, 8, 0)",2,"{(8, 25, 18, 22)}","{('?', '?', 2, 5)}"
"(18, 25, 24, 10, 0)",1,"{(24, 25, 18, 10)}","{(1, 5, 2, 5)}"
"(18, 25, 24, 13, 0)",7,"{(24, 25, 18, 13)}","{('?', '?', '?', 5)}"
"(18, 25, 24, 19, 0)",15,"{(24, 25, 18, 19)}","{('?', '?', '?', 5)}"
"(18, 25, 24, 24, 0)",6,"{(24, 25, 18)}","{('?', '?', '?', 5)}"
"(18, 25, 24, 25, 0)",4,"{(24, 25, 18)}","{('?', '?', '?', 5)}"
"(18, 25, 24, 8, 0)",3,"{(24, 25, 18, 8)}","{('?', '?', 2, 5)}"
"(18, 25, 25, 8, 0)",1,"{(8, 25, 18)}","{(4, 5, 2, 5)}"
"(18, 25, 4, 13, 0)",4,"{(25, 18, 4, 13)}","{('?', '?', '?', 5)}"
"(18, 25, 4, 19, 0)",9,"{(25, 18, 19, 4)}","{('?', '?', '?', 5)}"
"(18, 25, 4, 22, 0)",1,"{(25, 18, 4, 22)}","{(0, 5, 7, 5)}"
"(18, 25, 4, 4, 0)",1,"{(25, 18, 4)}","{('?', 5, 3, 5)}"
"(18, 25, 4, 6, 0)",3,"{(25, 18, 4, 6)}","{(3, '?', '?', 5)}"
"(18, 25, 5, 13, 0)",4,"{(25, 18, 13, 5)}","{('?', '?', '?', 5)}"
"(18, 25, 5, 16, 0)",2,"{(16, 25, 18, 5)}","{('?', 5, 0, 5)}"
"(18, 25, 5, 18, 0)",3,"{(25, 18, 5)}","{('?', '?', '?', 5)}"
"(18, 25, 5, 19, 0)",12,"{(25, 18, 19, 5)}","{('?', '?', '?', 5)}"
"(18, 25, 5, 25, 0)",1,"{(25, 18, 5)}","{(4, 5, 4, 5)}"
"(18, 25, 5, 5, 0)",5,"{(25, 18, 5)}","{('?', '?', '?', 5)}"
"(18, 25, 5, 8, 0)",3,"{(8, 25, 18, 5)}","{('?', '?', '?', 5)}"
"(18, 25, 6, 6, 0)",10,"{(25, 18, 6)}","{(3, '?', '?', 5)}"
"(18, 25, 6, 8, 0)",2,"{(8, 25, 18, 6)}","{(3, '?', 2, 5)}"
"(18, 25, 8, 1, 0)",4,"{(8, 25, 18, 1)}","{('?', '?', 2, 5)}"
"(18, 25, 8, 14, 0)",1,"{(8, 25, 18, 14)}","{(0, 2, 2, 5)}"
"(18, 25, 8, 19, 0)",2,"{(8, 25, 18, 19)}","{(5, '?', 2, 5)}"
"(18, 25, 8, 24, 0)",2,"{(8, 25, 18, 24)}","{(1, '?', 2, 5)}"
"(18, 25, 8, 5, 0)",2,"{(8, 25, 18, 5)}","{('?', 5, 2, 5)}"
"(18, 25, 8, 6, 0)",2,"{(8, 25, 18, 6)}","{(3, '?', 2, 5)}"
"(18, 25, 8, 8, 0)",5,"{(8, 25, 18)}","{('?', '?', 2, 5)}"
"(18, 26, 16, 16, 0)",1,"{(16, 18, 26)}","{(4, 2, 0, 2)}"
"(18, 26, 16, 5, 0)",1,"{(16, 18, 26, 5)}","{(6, 2, 0, 6)}"
"(18, 26, 19, 18, 0)",1,"{(19, 18, 26)}","{(0, 2, 4, 6)}"
"(18, 26, 25, 15, 0)",1,"{(25, 18, 26, 15)}","{(6, 5, 1, 5)}"
"(18, 26, 27, 22, 0)",1,"{(27, 18, 26, 22)}","{(0, 2, '?', 6)}"
"(18, 26, 5, 15, 0)",1,"{(18, 26, 5, 15)}","{(6, 2, 1, 2)}"
"(18, 26, 5, 16, 0)",1,"{(16, 18, 26, 5)}","{(6, 5, 0, 2)}"
"(18, 26, 5, 5, 0)",1,"{(18, 26, 5)}","{(4, 5, 0, 2)}"
"(18, 26, 8, 1, 0)",1,"{(8, 1, 18, 26)}","{(6, 2, 2, 6)}"
"(18, 26, 8, 5, 0)",1,"{(8, 18, 26, 5)}","{(4, 2, 2, 2)}"
"(18, 4, 10, 10, 0)",2,"{(18, 10, 4)}","{('?', 2, 7, 5)}"
"(18, 4, 10, 13, 0)",2,"{(18, 10, 4, 13)}","{('?', 2, 7, 5)}"
"(18, 4, 10, 15, 0)",7,"{(18, 10, 4, 15)}","{('?', '?', '?', 5)}"
"(18, 4, 10, 18, 0)",3,"{(18, 10, 4)}","{(6, '?', '?', 5)}"
"(18, 4, 10, 19, 0)",18,"{(19, 18, 10, 4)}","{('?', '?', '?', 5)}"
"(18, 4, 10, 22, 0)",1,"{(18, 10, 4, 22)}","{(0, 5, 3, 5)}"
"(18, 4, 10, 5, 0)",3,"{(18, 10, 4, 5)}","{('?', '?', 3, 5)}"
"(18, 4, 10, 6, 0)",2,"{(18, 10, 4, 6)}","{('?', '?', 7, 5)}"
"(18, 4, 13, 15, 0)",1,"{(18, 4, 13, 15)}","{(7, 2, 7, '?')}"
"(18, 4, 13, 19, 0)",2,"{(18, 19, 4, 13)}","{('?', 2, 3, 2)}"
"(18, 4, 13, 5, 0)",3,"{(18, 5, 4, 13)}","{('?', '?', '?', '?')}"
"(18, 4, 13, 6, 0)",1,"{(18, 4, 13, 6)}","{(3, 2, 3, 6)}"
"(18, 4, 14, 18, 0)",3,"{(18, 4, 14)}","{(0, 5, '?', '?')}"
"(18, 4, 14, 19, 0)",1,"{(18, 19, 4, 14)}","{(0, 5, 3, 6)}"
"(18, 4, 14, 22, 0)",2,"{(18, 4, 14, 22)}","{(0, '?', 3, 5)}"
"(18, 4, 15, 10, 0)",4,"{(18, 10, 4, 15)}","{(7, '?', '?', '?')}"
"(18, 4, 15, 13, 0)",4,"{(18, 4, 13, 15)}","{('?', '?', '?', '?')}"
"(18, 4, 15, 15, 0)",18,"{(18, 4, 15)}","{('?', '?', '?', '?')}"
"(18, 4, 15, 19, 0)",5,"{(18, 19, 4, 15)}","{('?', '?', '?', 6)}"
"(18, 4, 15, 23, 0)",4,"{(18, 4, 23, 15)}","{('?', '?', 7, '?')}"
"(18, 4, 15, 4, 0)",3,"{(18, 4, 15)}","{('?', '?', '?', '?')}"
"(18, 4, 17, 14, 0)",1,"{(17, 18, 4, 14)}","{(0, 2, 3, 6)}"
"(18, 4, 18, 19, 0)",1,"{(18, 19, 4)}","{(4, 2, 7, 6)}"
"(18, 4, 19, 13, 0)",1,"{(18, 19, 4, 13)}","{(4, 2, 3, 6)}"
"(18, 4, 19, 14, 0)",4,"{(18, 19, 4, 14)}","{(0, '?', '?', '?')}"
"(18, 4, 19, 15, 0)",5,"{(18, 19, 4, 15)}","{('?', '?', '?', 6)}"
"(18, 4, 19, 18, 0)",1,"{(18, 19, 4)}","{(0, 2, 3, 2)}"
"(18, 4, 19, 19, 0)",26,"{(18, 19, 4)}","{('?', '?', '?', '?')}"
"(18, 4, 19, 22, 0)",1,"{(18, 19, 4, 22)}","{(0, 5, 7, 2)}"
"(18, 4, 19, 4, 0)",9,"{(18, 19, 4)}","{('?', '?', '?', '?')}"
"(18, 4, 19, 6, 0)",8,"{(18, 19, 4, 6)}","{('?', '?', '?', '?')}"
"(18, 4, 25, 10, 0)",2,"{(25, 18, 10, 4)}","{(4, 5, '?', 5)}"
"(18, 4, 25, 14, 0)",1,"{(25, 18, 4, 14)}","{(0, 2, 3, 5)}"
"(18, 4, 25, 15, 0)",1,"{(25, 18, 4, 15)}","{(5, 2, 3, 5)}"
"(18, 4, 25, 19, 0)",9,"{(25, 18, 19, 4)}","{('?', '?', '?', 5)}"
"(18, 4, 25, 22, 0)",4,"{(25, 18, 4, 22)}","{(0, '?', '?', 5)}"
"(18, 4, 25, 6, 0)",1,"{(25, 18, 4, 6)}","{(3, 5, 3, 5)}"
"(18, 4, 4, 10, 0)",1,"{(18, 10, 4)}","{(4, 6, 3, 5)}"
"(18, 4, 4, 15, 0)",4,"{(18, 4, 15)}","{('?', '?', '?', '?')}"
"(18, 4, 4, 19, 0)",2,"{(18, 19, 4)}","{('?', 2, '?', '?')}"
"(18, 4, 4, 25, 0)",1,"{(25, 18, 4)}","{(4, 5, 3, 5)}"
"(18, 4, 4, 4, 0)",1,"{(18, 4)}","{('?', 2, 3, 5)}"
"(18, 4, 4, 6, 0)",2,"{(18, 4, 6)}","{(3, 5, 3, '?')}"
"(18, 4, 5, 10, 0)",3,"{(18, 10, 4, 5)}","{('?', '?', 3, 5)}"
"(18, 4, 5, 13, 0)",1,"{(18, 13, 4, 5)}","{(0, 5, 3, 2)}"
"(18, 4, 5, 14, 0)",1,"{(18, 4, 5, 14)}","{(6, 2, 7, 2)}"
"(18, 4, 5, 18, 0)",20,"{(18, 4, 5)}","{('?', '?', '?', '?')}"
"(18, 4, 5, 19, 0)",4,"{(18, 19, 4, 5)}","{(4, '?', '?', '?')}"
"(18, 4, 5, 23, 0)",2,"{(18, 4, 5, 23)}","{(6, 5, '?', 1)}"
"(18, 4, 6, 19, 0)",1,"{(18, 19, 4, 6)}","{(6, 2, 3, 6)}"
"(18, 4, 6, 6, 0)",4,"{(18, 4, 6)}","{(3, 5, '?', '?')}"
"(18, 5, 13, 14, 0)",1,"{(18, 13, 5, 14)}","{(0, 5, 5, 6)}"
"(18, 5, 16, 17, 0)",2,"{(16, 17, 18, 5)}","{(6, '?', 0, '?')}"
"(18, 5, 16, 19, 0)",1,"{(16, 18, 19, 5)}","{(4, 5, 0, 6)}"
"(18, 5, 18, 18, 0)",8,"{(18, 5)}","{('?', '?', '?', '?')}"
"(18, 5, 18, 19, 0)",1,"{(18, 19, 5)}","{(4, 5, 4, 6)}"
"(18, 5, 18, 5, 0)",2,"{(18, 5)}","{('?', '?', '?', 2)}"
"(18, 5, 19, 15, 0)",1,"{(18, 19, 5, 15)}","{(4, 5, '?', 6)}"
"(18, 5, 19, 18, 0)",6,"{(18, 19, 5)}","{('?', '?', '?', '?')}"
"(18, 5, 19, 19, 0)",4,"{(18, 19, 5)}","{('?', '?', '?', '?')}"
"(18, 5, 19, 5, 0)",7,"{(18, 19, 5)}","{('?', '?', '?', '?')}"
"(18, 5, 25, 18, 0)",2,"{(25, 18, 5)}","{(6, 5, '?', 5)}"
"(18, 5, 25, 19, 0)",3,"{(25, 18, 19, 5)}","{('?', '?', '?', 5)}"
"(18, 5, 25, 5, 0)",1,"{(25, 18, 5)}","{(6, 2, '?', 5)}"
"(18, 5, 4, 5, 0)",1,"{(18, 4, 5)}","{(6, 5, 7, 6)}"
"(18, 5, 5, 19, 0)",1,"{(18, 19, 5)}","{(6, 2, 4, 2)}"
"(18, 5, 8, 18, 0)",1,"{(8, 18, 5)}","{(4, 5, 2, 2)}"
"(18, 5, 8, 19, 0)",1,"{(8, 18, 19, 5)}","{(6, 5, 2, 6)}"
"(18, 5, 8, 5, 0)",1,"{(8, 18, 5)}","{(4, 5, 2, 6)}"
"(18, 6, 10, 6, 0)",2,"{(18, 10, 6)}","{(3, 2, '?', 5)}"
"(18, 6, 19, 6, 0)",3,"{(18, 19, 6)}","{(3, '?', '?', 6)}"
"(18, 6, 6, 24, 0)",1,"{(24, 18, 6)}","{(3, 2, '?', 2)}"
"(18, 6, 6, 6, 0)",13,"{(18, 6)}","{(3, '?', '?', '?')}"
"(18, 8, 1, 1, 0)",4,"{(8, 1, 18)}","{('?', '?', 2, '?')}"
"(18, 8, 1, 15, 0)",3,"{(8, 1, 18, 15)}","{('?', '?', 2, '?')}"
"(18, 8, 1, 27, 0)",1,"{(8, 1, 18, 27)}","{(5, 5, 2, 6)}"
"(18, 8, 1, 8, 0)",1,"{(8, 1, 18)}","{(5, 5, 2, 6)}"
"(18, 8, 14, 22, 0)",1,"{(8, 18, 14, 22)}","{(0, 2, 2, 2)}"
"(18, 8, 14, 8, 0)",6,"{(8, 18, 14)}","{('?', '?', 2, '?')}"
"(18, 8, 19, 8, 0)",1,"{(8, 18, 19)}","{('?', 5, 2, 6)}"
"(18, 8, 23, 8, 0)",1,"{(8, 18, 23)}","{('?', 2, 2, 6)}"
"(18, 8, 24, 10, 0)",1,"{(8, 24, 18, 10)}","{(1, 5, 2, 5)}"
"(18, 8, 24, 8, 0)",7,"{(8, 24, 18)}","{('?', '?', 2, '?')}"
"(18, 8, 26, 8, 0)",1,"{(8, 18, 26)}","{(6, 2, 2, 6)}"
"(18, 8, 5, 19, 0)",2,"{(8, 18, 19, 5)}","{('?', 5, 2, '?')}"
"(18, 8, 5, 27, 0)",1,"{(8, 18, 27, 5)}","{(6, 5, 2, 5)}"
"(18, 8, 5, 3, 0)",1,"{(8, 18, 3, 5)}","{(6, 5, 2, 5)}"
"(18, 8, 5, 8, 0)",7,"{(8, 18, 5)}","{('?', '?', 2, '?')}"
"(18, 8, 6, 27, 0)",1,"{(8, 18, 27, 6)}","{(3, 2, 2, 2)}"
"(18, 8, 6, 6, 0)",1,"{(8, 18, 6)}","{(3, 5, 2, 6)}"
"(18, 8, 6, 8, 0)",5,"{(8, 18, 6)}","{(3, '?', 2, '?')}"
"(18, 8, 8, 14, 0)",1,"{(8, 18, 14)}","{(0, 2, 2, 6)}"
"(18, 8, 8, 19, 0)",2,"{(8, 18, 19)}","{('?', '?', 2, 6)}"
"(18, 8, 8, 24, 0)",4,"{(8, 24, 18)}","{('?', '?', 2, '?')}"
"(18, 8, 8, 6, 0)",4,"{(8, 18, 6)}","{(3, '?', 2, '?')}"
"(18, 8, 8, 8, 0)",7,"{(8, 18)}","{('?', '?', 2, '?')}"
"(19, 1, 1, 1, 0)",7,"{(1, 19)}","{('?', '?', '?', '?')}"
"(19, 1, 1, 11, 0)",3,"{(11, 1, 19)}","{('?', '?', 2, '?')}"
"(19, 1, 1, 15, 0)",1,"{(1, 19, 15)}","{(7, 1, 2, '?')}"
"(19, 1, 1, 21, 0)",2,"{(1, 19, 21)}","{('?', 3, 2, '?')}"
"(19, 1, 1, 3, 0)",2,"{(3, 1, 19)}","{(7, 3, 2, '?')}"
"(19, 1, 1, 6, 0)",1,"{(1, 19, 6)}","{(5, 4, 2, '?')}"
"(19, 1, 1, 8, 0)",1,"{(8, 1, 19)}","{(5, '?', 2, '?')}"
"(19, 1, 11, 1, 0)",2,"{(11, 1, 19)}","{('?', 6, 2, '?')}"
"(19, 1, 11, 15, 0)",12,"{(11, 1, 19, 15)}","{('?', '?', '?', '?')}"
"(19, 1, 11, 8, 0)",3,"{(11, 1, 19, 8)}","{('?', '?', 2, '?')}"
"(19, 1, 13, 15, 0)",6,"{(1, 19, 13, 15)}","{('?', '?', '?', '?')}"
"(19, 1, 13, 25, 0)",1,"{(1, 19, 13, 25)}","{(5, 2, 6, 5)}"
"(19, 1, 15, 1, 0)",1,"{(1, 19, 15)}","{(7, '?', 2, '?')}"
"(19, 1, 15, 13, 0)",1,"{(1, 19, 13, 15)}","{(5, 2, '?', '?')}"
"(19, 1, 15, 15, 0)",3,"{(1, 19, 15)}","{('?', '?', '?', '?')}"
"(19, 1, 15, 19, 0)",5,"{(1, 19, 15)}","{('?', '?', '?', '?')}"
"(19, 1, 15, 6, 0)",2,"{(1, 19, 6, 15)}","{('?', '?', '?', '?')}"
"(19, 1, 19, 15, 0)",2,"{(1, 19, 15)}","{(5, '?', '?', '?')}"
"(19, 1, 21, 1, 0)",2,"{(1, 19, 21)}","{(7, 3, 2, '?')}"
"(19, 1, 21, 15, 0)",8,"{(1, 19, 21, 15)}","{('?', 3, '?', '?')}"
"(19, 1, 21, 19, 0)",4,"{(1, 19, 21)}","{('?', 3, '?', '?')}"
"(19, 1, 21, 22, 0)",1,"{(1, 19, 21, 22)}","{(5, 3, 4, 4)}"
"(19, 1, 21, 25, 0)",1,"{(1, 19, 21, 25)}","{('?', 3, 6, 5)}"
"(19, 1, 21, 6, 0)",8,"{(1, 19, 21, 6)}","{(3, 3, '?', '?')}"
"(19, 1, 21, 8, 0)",3,"{(8, 1, 19, 21)}","{('?', 3, '?', '?')}"
"(19, 1, 22, 15, 0)",1,"{(1, 19, 22, 15)}","{(5, 1, '?', 4)}"
"(19, 1, 23, 11, 0)",3,"{(11, 1, 19, 23)}","{('?', '?', 4, 1)}"
"(19, 1, 23, 15, 0)",2,"{(1, 19, 15, 23)}","{(5, '?', '?', 1)}"
"(19, 1, 23, 19, 0)",1,"{(1, 19, 23)}","{(3, '?', 6, 1)}"
"(19, 1, 23, 21, 0)",3,"{(1, 19, 21, 23)}","{('?', 3, '?', 1)}"
"(19, 1, 25, 15, 0)",3,"{(1, 19, 25, 15)}","{('?', '?', '?', 5)}"
"(19, 1, 25, 19, 0)",1,"{(1, 19, 25)}","{(5, '?', '?', 5)}"
"(19, 1, 27, 1, 0)",1,"{(27, 1, 19)}","{(7, 0, 2, '?')}"
"(19, 1, 27, 15, 0)",4,"{(27, 1, 19, 15)}","{('?', 0, '?', '?')}"
"(19, 1, 27, 6, 0)",1,"{(27, 1, 19, 6)}","{(3, 0, 6, '?')}"
"(19, 1, 27, 8, 0)",1,"{(27, 1, 19, 8)}","{(7, 0, 2, '?')}"
"(19, 1, 3, 1, 0)",4,"{(3, 1, 19)}","{('?', 3, 2, '?')}"
"(19, 1, 3, 15, 0)",1,"{(3, 1, 19, 15)}","{(7, 3, '?', 5)}"
"(19, 1, 6, 1, 0)",1,"{(1, 19, 6)}","{(7, 4, 2, '?')}"
"(19, 1, 6, 15, 0)",6,"{(1, 19, 6, 15)}","{('?', '?', '?', '?')}"
"(19, 1, 6, 19, 0)",1,"{(1, 19, 6)}","{(5, 4, 4, '?')}"
"(19, 1, 6, 22, 0)",1,"{(1, 19, 6, 22)}","{(7, 1, '?', 4)}"
"(19, 1, 6, 23, 0)",1,"{(1, 19, 6, 23)}","{(5, 1, 4, 1)}"
"(19, 1, 6, 8, 0)",1,"{(8, 1, 19, 6)}","{(7, 1, 2, '?')}"
"(19, 1, 8, 1, 0)",3,"{(8, 1, 19)}","{('?', '?', 2, '?')}"
"(19, 1, 8, 19, 0)",1,"{(8, 1, 19)}","{(5, '?', 2, '?')}"
"(19, 1, 9, 1, 0)",1,"{(1, 19, 9)}","{(7, 0, 2, '?')}"
"(19, 1, 9, 10, 0)",1,"{(1, 10, 19, 9)}","{(5, 0, 5, 5)}"
"(19, 1, 9, 15, 0)",5,"{(1, 19, 9, 15)}","{('?', 0, '?', '?')}"
"(19, 1, 9, 24, 0)",1,"{(24, 1, 19, 9)}","{(2, 3, 6, 5)}"
"(19, 1, 9, 25, 0)",1,"{(1, 19, 9, 25)}","{(5, 0, 4, 5)}"
"(19, 1, 9, 6, 0)",2,"{(1, 19, 9, 6)}","{(3, 0, '?', '?')}"
"(19, 10, 4, 13, 0)",1,"{(10, 19, 4, 13)}","{(5, 2, 7, 5)}"
"(19, 10, 5, 4, 0)",1,"{(10, 19, 4, 5)}","{(6, 4, 3, 3)}"
"(19, 11, 1, 1, 0)",5,"{(11, 1, 19)}","{('?', '?', 2, '?')}"
"(19, 11, 1, 19, 0)",2,"{(11, 1, 19)}","{(5, 7, '?', 6)}"
"(19, 11, 1, 8, 0)",2,"{(11, 1, 19, 8)}","{('?', 6, 2, '?')}"
"(19, 11, 14, 14, 0)",1,"{(11, 19, 14)}","{(0, 6, '?', '?')}"
"(19, 11, 14, 22, 0)",1,"{(11, 19, 14, 22)}","{(0, 7, 4, '?')}"
"(19, 11, 14, 8, 0)",5,"{(11, 8, 19, 14)}","{(0, '?', 2, '?')}"
"(19, 11, 15, 15, 0)",1,"{(11, 19, 15)}","{(5, 6, 1, '?')}"
"(19, 11, 15, 19, 0)",1,"{(11, 19, 15)}","{('?', 6, 1, '?')}"
"(19, 11, 15, 4, 0)",1,"{(11, 19, 4, 15)}","{(2, 6, 7, '?')}"
"(19, 11, 16, 14, 0)",1,"{(11, 16, 19, 14)}","{(0, 7, 0, 6)}"
"(19, 11, 16, 16, 0)",1,"{(11, 16, 19)}","{('?', 6, 0, '?')}"
"(19, 11, 16, 19, 0)",3,"{(11, 16, 19)}","{('?', '?', 0, '?')}"
"(19, 11, 16, 6, 0)",2,"{(11, 16, 19, 6)}","{(3, 7, 0, '?')}"
"(19, 11, 19, 14, 0)",4,"{(11, 19, 14)}","{('?', '?', '?', '?')}"
"(19, 11, 19, 15, 0)",1,"{(11, 19, 15)}","{(1, 7, 3, '?')}"
"(19, 11, 19, 19, 0)",4,"{(11, 19)}","{('?', '?', '?', '?')}"
"(19, 11, 19, 6, 0)",5,"{(11, 19, 6)}","{(3, '?', '?', '?')}"
"(19, 11, 19, 8, 0)",2,"{(11, 8, 19)}","{('?', 6, 2, '?')}"
"(19, 11, 22, 14, 0)",1,"{(11, 19, 22, 14)}","{(0, 7, '?', 2)}"
"(19, 11, 22, 5, 0)",1,"{(11, 19, 5, 22)}","{(6, 6, '?', 4)}"
"(19, 11, 22, 8, 0)",1,"{(11, 8, 19, 22)}","{(0, 6, 2, 4)}"
"(19, 11, 24, 19, 0)",5,"{(11, 24, 19)}","{('?', '?', '?', '?')}"
"(19, 11, 24, 22, 0)",1,"{(11, 24, 19, 22)}","{(2, 6, '?', 4)}"
"(19, 11, 24, 23, 0)",1,"{(11, 24, 19, 23)}","{(1, 6, 2, 6)}"
"(19, 11, 24, 8, 0)",4,"{(11, 24, 19, 8)}","{('?', '?', 2, '?')}"
"(19, 11, 4, 19, 0)",1,"{(11, 19, 4)}","{(1, 7, 3, '?')}"
"(19, 11, 4, 6, 0)",1,"{(11, 19, 4, 6)}","{(3, 7, 3, 6)}"
"(19, 11, 5, 15, 0)",1,"{(11, 19, 5, 15)}","{(6, 7, 1, 4)}"
"(19, 11, 5, 19, 0)",3,"{(11, 19, 5)}","{('?', '?', '?', '?')}"
"(19, 11, 5, 8, 0)",1,"{(11, 8, 19, 5)}","{(6, 6, 2, '?')}"
"(19, 11, 6, 19, 0)",2,"{(11, 19, 6)}","{(3, 7, '?', '?')}"
"(19, 11, 6, 6, 0)",3,"{(11, 19, 6)}","{(3, '?', '?', '?')}"
"(19, 11, 8, 1, 0)",4,"{(11, 8, 19, 1)}","{(5, '?', 2, '?')}"
"(19, 11, 8, 19, 0)",2,"{(11, 8, 19)}","{('?', 7, 2, '?')}"
"(19, 11, 8, 5, 0)",1,"{(11, 8, 19, 5)}","{(6, 7, 2, 4)}"
"(19, 11, 8, 6, 0)",3,"{(11, 8, 19, 6)}","{(3, '?', 2, '?')}"
"(19, 11, 8, 8, 0)",3,"{(11, 8, 19)}","{('?', '?', 2, 6)}"
"(19, 13, 1, 1, 0)",1,"{(1, 19, 13)}","{(7, 5, 2, '?')}"
"(19, 13, 1, 15, 0)",3,"{(1, 19, 13, 15)}","{('?', '?', '?', '?')}"
"(19, 13, 13, 15, 0)",1,"{(19, 13, 15)}","{(7, 5, '?', '?')}"
"(19, 13, 15, 13, 0)",1,"{(19, 13, 15)}","{(5, 2, '?', '?')}"
"(19, 13, 15, 19, 0)",1,"{(19, 13, 15)}","{('?', 5, 1, '?')}"
"(19, 13, 15, 22, 0)",1,"{(19, 13, 22, 15)}","{(6, 5, 1, 4)}"
"(19, 13, 15, 5, 0)",1,"{(5, 19, 13, 15)}","{(4, 5, 1, '?')}"
"(19, 13, 16, 14, 0)",1,"{(16, 19, 13, 14)}","{(0, 2, 0, '?')}"
"(19, 13, 16, 19, 0)",1,"{(16, 19, 13)}","{('?', 5, 0, '?')}"
"(19, 13, 19, 14, 0)",2,"{(19, 13, 14)}","{(0, '?', '?', '?')}"
"(19, 13, 19, 19, 0)",6,"{(19, 13)}","{('?', '?', '?', '?')}"
"(19, 13, 19, 24, 0)",2,"{(24, 19, 13)}","{('?', 5, '?', '?')}"
"(19, 13, 19, 6, 0)",1,"{(19, 13, 6)}","{(3, 2, 5, '?')}"
"(19, 13, 23, 19, 0)",2,"{(19, 13, 23)}","{('?', '?', '?', 1)}"
"(19, 13, 23, 22, 0)",1,"{(19, 13, 22, 23)}","{(0, 5, 5, 1)}"
"(19, 13, 23, 6, 0)",1,"{(19, 13, 6, 23)}","{(3, 2, 5, 1)}"
"(19, 13, 24, 19, 0)",6,"{(24, 19, 13)}","{('?', '?', '?', '?')}"
"(19, 13, 6, 19, 0)",3,"{(19, 13, 6)}","{(3, '?', '?', '?')}"
"(19, 13, 6, 6, 0)",2,"{(19, 13, 6)}","{(3, '?', '?', '?')}"
"(19, 13, 8, 19, 0)",1,"{(8, 19, 13)}","{(3, 2, 2, '?')}"
"(19, 13, 8, 5, 0)",1,"{(8, 5, 19, 13)}","{(6, 2, 2, '?')}"
"(19, 13, 8, 8, 0)",1,"{(8, 19, 13)}","{('?', 5, 2, '?')}"
"(19, 14, 11, 22, 0)",1,"{(11, 19, 14, 22)}","{(0, 7, 4, 4)}"
"(19, 14, 22, 19, 0)",1,"{(19, 14, 22)}","{(0, 1, 6, 4)}"
"(19, 14, 6, 22, 0)",2,"{(19, 22, 14, 6)}","{(0, 1, '?', 4)}"
"(19, 15, 10, 15, 0)",1,"{(10, 19, 15)}","{(5, '?', 1, 5)}"
"(19, 15, 11, 15, 0)",5,"{(11, 19, 15)}","{('?', '?', 1, '?')}"
"(19, 15, 13, 15, 0)",3,"{(19, 13, 15)}","{('?', '?', 1, '?')}"
"(19, 15, 13, 19, 0)",2,"{(19, 13, 15)}","{('?', '?', 1, '?')}"
"(19, 15, 13, 24, 0)",2,"{(24, 19, 13, 15)}","{('?', 5, 1, '?')}"
"(19, 15, 13, 4, 0)",3,"{(19, 4, 13, 15)}","{(2, '?', '?', '?')}"
"(19, 15, 15, 15, 0)",5,"{(19, 15)}","{('?', '?', '?', '?')}"
"(19, 15, 15, 19, 0)",4,"{(19, 15)}","{('?', '?', 1, '?')}"
"(19, 15, 15, 6, 0)",1,"{(19, 6, 15)}","{(7, 1, 1, '?')}"
"(19, 15, 18, 19, 0)",4,"{(18, 19, 15)}","{('?', '?', 1, '?')}"
"(19, 15, 18, 5, 0)",2,"{(18, 19, 5, 15)}","{('?', 2, 1, '?')}"
"(19, 15, 19, 14, 0)",1,"{(19, 14, 15)}","{(0, '?', 1, '?')}"
"(19, 15, 19, 15, 0)",3,"{(19, 15)}","{(5, '?', 1, '?')}"
"(19, 15, 19, 19, 0)",2,"{(19, 15)}","{('?', 2, '?', '?')}"
"(19, 15, 19, 20, 0)",1,"{(19, 20, 15)}","{(1, 5, 1, '?')}"
"(19, 15, 19, 21, 0)",2,"{(19, 21, 15)}","{(2, 3, '?', 5)}"
"(19, 15, 19, 22, 0)",2,"{(19, 22, 15)}","{(0, '?', 1, '?')}"
"(19, 15, 19, 4, 0)",8,"{(19, 4, 15)}","{('?', '?', '?', '?')}"
"(19, 15, 19, 5, 0)",1,"{(19, 5, 15)}","{(6, 0, 1, 4)}"
"(19, 15, 19, 6, 0)",1,"{(19, 6, 15)}","{(3, '?', 1, '?')}"
"(19, 15, 20, 19, 0)",1,"{(19, 20, 15)}","{(2, 2, 1, '?')}"
"(19, 15, 20, 20, 0)",1,"{(19, 20, 15)}","{(2, '?', 1, '?')}"
"(19, 15, 20, 6, 0)",1,"{(19, 20, 6, 15)}","{(1, 1, 1, '?')}"
"(19, 15, 21, 14, 0)",1,"{(19, 21, 14, 15)}","{(0, 3, 1, 5)}"
"(19, 15, 21, 15, 0)",5,"{(19, 21, 15)}","{('?', 3, 1, '?')}"
"(19, 15, 21, 19, 0)",7,"{(19, 21, 15)}","{('?', 3, 1, '?')}"
"(19, 15, 21, 20, 0)",2,"{(19, 20, 21, 15)}","{('?', 3, 1, '?')}"
"(19, 15, 21, 22, 0)",3,"{(19, 21, 22, 15)}","{(0, 3, 1, '?')}"
"(19, 15, 21, 23, 0)",1,"{(19, 23, 21, 15)}","{(0, 3, 1, 1)}"
"(19, 15, 21, 24, 0)",3,"{(24, 19, 21, 15)}","{('?', 3, 1, '?')}"
"(19, 15, 21, 5, 0)",1,"{(5, 19, 21, 15)}","{(0, 3, 1, 5)}"
"(19, 15, 21, 6, 0)",2,"{(19, 21, 6, 15)}","{(3, 3, 1, '?')}"
"(19, 15, 22, 11, 0)",1,"{(11, 19, 22, 15)}","{(5, 7, 1, 4)}"
"(19, 15, 22, 15, 0)",1,"{(19, 22, 15)}","{(5, '?', 1, 4)}"
"(19, 15, 22, 22, 0)",1,"{(19, 22, 15)}","{(0, '?', 1, '?')}"
"(19, 15, 23, 13, 0)",1,"{(19, 23, 13, 15)}","{('?', 2, 1, 1)}"
"(19, 15, 23, 14, 0)",1,"{(19, 23, 14, 15)}","{(0, '?', 1, '?')}"
"(19, 15, 23, 15, 0)",1,"{(19, 23, 15)}","{(7, 6, 1, 1)}"
"(19, 15, 23, 19, 0)",2,"{(19, 23, 15)}","{('?', '?', 1, 1)}"
"(19, 15, 23, 20, 0)",1,"{(19, 23, 20, 15)}","{(2, '?', 1, 1)}"
"(19, 15, 23, 21, 0)",1,"{(19, 23, 21, 15)}","{(2, 3, 3, 1)}"
"(19, 15, 23, 22, 0)",1,"{(19, 23, 22, 15)}","{(0, '?', 1, 1)}"
"(19, 15, 23, 27, 0)",1,"{(27, 19, 23, 15)}","{(7, 0, 1, 1)}"
"(19, 15, 24, 13, 0)",1,"{(24, 19, 13, 15)}","{(1, 2, 1, '?')}"
"(19, 15, 24, 16, 0)",1,"{(24, 16, 19, 15)}","{(1, 2, 1, '?')}"
"(19, 15, 24, 19, 0)",3,"{(24, 19, 15)}","{('?', '?', 1, '?')}"
"(19, 15, 24, 20, 0)",1,"{(24, 19, 20, 15)}","{(2, 5, 1, 2)}"
"(19, 15, 24, 21, 0)",1,"{(24, 19, 21, 15)}","{(1, 3, 1, '?')}"
"(19, 15, 24, 23, 0)",1,"{(24, 19, 23, 15)}","{(1, '?', 1, 1)}"
"(19, 15, 24, 27, 0)",1,"{(24, 27, 19, 15)}","{(2, 0, 1, 0)}"
"(19, 15, 25, 15, 0)",2,"{(25, 19, 15)}","{('?', '?', '?', 5)}"
"(19, 15, 25, 19, 0)",1,"{(25, 19, 15)}","{('?', '?', 1, 5)}"
"(19, 15, 27, 14, 0)",1,"{(27, 19, 14, 15)}","{(0, 0, 1, '?')}"
"(19, 15, 27, 15, 0)",3,"{(27, 19, 15)}","{('?', 0, 1, '?')}"
"(19, 15, 27, 19, 0)",2,"{(27, 19, 15)}","{('?', 0, 1, '?')}"
"(19, 15, 27, 20, 0)",1,"{(27, 19, 20, 15)}","{(2, 0, 1, 0)}"
"(19, 15, 27, 23, 0)",1,"{(27, 19, 23, 15)}","{(4, 0, 1, 1)}"
"(19, 15, 27, 4, 0)",1,"{(27, 19, 4, 15)}","{(1, 0, 7, '?')}"
"(19, 15, 27, 5, 0)",1,"{(27, 19, 5, 15)}","{(6, 0, 1, 4)}"
"(19, 15, 27, 6, 0)",4,"{(27, 19, 6, 15)}","{(3, 0, 1, '?')}"
"(19, 15, 3, 15, 0)",1,"{(3, 19, 15)}","{(7, 3, '?', 5)}"
"(19, 15, 4, 19, 0)",4,"{(19, 4, 15)}","{(1, '?', '?', '?')}"
"(19, 15, 4, 21, 0)",1,"{(19, 4, 21, 15)}","{(2, 3, 3, 5)}"
"(19, 15, 4, 25, 0)",1,"{(25, 19, 4, 15)}","{(1, 1, 3, 4)}"
"(19, 15, 5, 1, 0)",1,"{(1, 19, 5, 15)}","{(7, 1, 0, '?')}"
"(19, 15, 5, 13, 0)",1,"{(13, 19, 5, 15)}","{(4, 5, 1, '?')}"
"(19, 15, 5, 18, 0)",1,"{(18, 19, 5, 15)}","{(4, 2, 1, '?')}"
"(19, 15, 5, 19, 0)",4,"{(19, 5, 15)}","{('?', '?', 1, '?')}"
"(19, 15, 5, 21, 0)",1,"{(21, 19, 5, 15)}","{(4, 3, 1, '?')}"
"(19, 15, 5, 27, 0)",3,"{(27, 19, 5, 15)}","{(4, 0, 1, '?')}"
"(19, 15, 6, 15, 0)",3,"{(19, 6, 15)}","{('?', '?', 1, '?')}"
"(19, 15, 6, 19, 0)",2,"{(19, 6, 15)}","{(1, '?', 3, '?')}"
"(19, 15, 9, 15, 0)",3,"{(9, 19, 15)}","{('?', 0, 1, '?')}"
"(19, 15, 9, 19, 0)",2,"{(9, 19, 15)}","{('?', 0, '?', '?')}"
"(19, 15, 9, 20, 0)",1,"{(9, 19, 20, 15)}","{(2, 0, 1, 1)}"
"(19, 15, 9, 22, 0)",1,"{(9, 19, 22, 15)}","{(0, 0, 1, '?')}"
"(19, 15, 9, 23, 0)",2,"{(9, 19, 23, 15)}","{('?', 0, 1, 1)}"
"(19, 15, 9, 24, 0)",1,"{(24, 9, 19, 15)}","{(2, 0, 1, '?')}"
"(19, 15, 9, 27, 0)",1,"{(27, 9, 19, 15)}","{('?', 0, 1, '?')}"
"(19, 15, 9, 4, 0)",1,"{(9, 19, 4, 15)}","{(1, 0, 3, '?')}"
"(19, 15, 9, 5, 0)",3,"{(9, 19, 5, 15)}","{('?', 0, 1, '?')}"
"(19, 15, 9, 6, 0)",3,"{(9, 19, 6, 15)}","{(3, '?', 1, '?')}"
"(19, 15, 9, 9, 0)",1,"{(9, 19, 15)}","{('?', 0, 1, '?')}"
"(19, 16, 1, 1, 0)",1,"{(16, 1, 19)}","{(5, 6, 0, '?')}"
"(19, 16, 10, 15, 0)",1,"{(16, 10, 19, 15)}","{(5, '?', 0, 5)}"
"(19, 16, 10, 16, 0)",1,"{(16, 10, 19)}","{(5, '?', 0, 5)}"
"(19, 16, 11, 1, 0)",1,"{(16, 11, 19, 1)}","{(7, 7, 0, '?')}"
"(19, 16, 11, 10, 0)",1,"{(16, 11, 10, 19)}","{(7, 7, 0, 5)}"
"(19, 16, 11, 15, 0)",4,"{(16, 11, 19, 15)}","{('?', '?', 0, '?')}"
"(19, 16, 11, 16, 0)",3,"{(16, 11, 19)}","{('?', '?', 0, '?')}"
"(19, 16, 11, 19, 0)",1,"{(16, 11, 19)}","{(5, 7, 0, 6)}"
"(19, 16, 11, 8, 0)",1,"{(16, 11, 19, 8)}","{(5, 6, 0, '?')}"
"(19, 16, 13, 15, 0)",3,"{(16, 19, 13, 15)}","{('?', '?', 0, '?')}"
"(19, 16, 13, 19, 0)",3,"{(16, 19, 13)}","{('?', '?', 0, '?')}"
"(19, 16, 13, 22, 0)",1,"{(16, 19, 13, 22)}","{(0, 2, 0, '?')}"
"(19, 16, 13, 5, 0)",1,"{(16, 5, 19, 13)}","{(6, 5, 0, '?')}"
"(19, 16, 13, 6, 0)",1,"{(16, 19, 13, 6)}","{(3, 5, 0, '?')}"
"(19, 16, 14, 14, 0)",1,"{(16, 19, 14)}","{(0, '?', 0, '?')}"
"(19, 16, 14, 9, 0)",1,"{(16, 9, 19, 14)}","{(0, 0, 0, 5)}"
"(19, 16, 15, 1, 0)",1,"{(16, 1, 19, 15)}","{(7, 7, 0, '?')}"
"(19, 16, 15, 11, 0)",1,"{(16, 11, 19, 15)}","{(5, 7, 0, '?')}"
"(19, 16, 15, 15, 0)",4,"{(16, 19, 15)}","{('?', '?', 0, '?')}"
"(19, 16, 15, 19, 0)",4,"{(16, 19, 15)}","{('?', '?', 0, '?')}"
"(19, 16, 15, 27, 0)",1,"{(16, 27, 19, 15)}","{(7, 0, 0, 7)}"
"(19, 16, 15, 5, 0)",1,"{(16, 19, 5, 15)}","{(5, 7, 0, '?')}"
"(19, 16, 15, 8, 0)",1,"{(16, 8, 19, 15)}","{(7, '?', 0, '?')}"
"(19, 16, 15, 9, 0)",1,"{(16, 9, 19, 15)}","{(5, 0, 0, 7)}"
"(19, 16, 16, 19, 0)",1,"{(16, 19)}","{('?', '?', 0, '?')}"
"(19, 16, 16, 22, 0)",1,"{(16, 19, 22)}","{(0, '?', 0, '?')}"
"(19, 16, 17, 14, 0)",1,"{(16, 17, 19, 14)}","{(0, '?', 0, 0)}"
"(19, 16, 18, 14, 0)",1,"{(16, 18, 19, 14)}","{(0, 5, 0, 2)}"
"(19, 16, 18, 22, 0)",1,"{(16, 18, 19, 22)}","{(0, 2, 0, '?')}"
"(19, 16, 19, 1, 0)",1,"{(16, 1, 19)}","{(5, '?', 0, '?')}"
"(19, 16, 19, 13, 0)",1,"{(16, 19, 13)}","{(0, 2, 0, 2)}"
"(19, 16, 19, 15, 0)",2,"{(16, 19, 15)}","{('?', '?', 0, '?')}"
"(19, 16, 19, 16, 0)",2,"{(16, 19)}","{(5, '?', 0, '?')}"
"(19, 16, 19, 19, 0)",1,"{(16, 19)}","{(0, 2, 0, '?')}"
"(19, 16, 19, 22, 0)",1,"{(16, 19, 22)}","{(0, 2, 0, 2)}"
"(19, 16, 19, 26, 0)",1,"{(16, 26, 19)}","{(4, 2, 0, 6)}"
"(19, 16, 19, 5, 0)",1,"{(16, 19, 5)}","{(6, '?', 0, 4)}"
"(19, 16, 19, 6, 0)",4,"{(16, 19, 6)}","{(3, '?', 0, '?')}"
"(19, 16, 19, 8, 0)",2,"{(16, 8, 19)}","{('?', '?', 0, '?')}"
"(19, 16, 20, 16, 0)",1,"{(16, 19, 20)}","{(1, '?', 0, '?')}"
"(19, 16, 21, 1, 0)",2,"{(16, 1, 19, 21)}","{('?', 3, 0, '?')}"
"(19, 16, 21, 15, 0)",3,"{(16, 19, 21, 15)}","{('?', 3, 0, '?')}"
"(19, 16, 21, 16, 0)",1,"{(16, 19, 21)}","{(7, 3, 0, 5)}"
"(19, 16, 21, 19, 0)",3,"{(16, 19, 21)}","{('?', 3, 0, '?')}"
"(19, 16, 21, 23, 0)",1,"{(16, 19, 21, 23)}","{(7, 3, 0, 5)}"
"(19, 16, 21, 6, 0)",3,"{(16, 19, 21, 6)}","{(3, 3, 0, '?')}"
"(19, 16, 21, 8, 0)",4,"{(16, 8, 19, 21)}","{('?', 3, 0, '?')}"
"(19, 16, 22, 22, 0)",1,"{(16, 19, 22)}","{(0, 2, 0, 2)}"
"(19, 16, 25, 16, 0)",1,"{(16, 25, 19)}","{(5, '?', 0, 5)}"
"(19, 16, 25, 19, 0)",1,"{(16, 25, 19)}","{(5, '?', 0, 5)}"
"(19, 16, 25, 6, 0)",1,"{(16, 25, 19, 6)}","{(3, '?', 0, 5)}"
"(19, 16, 25, 8, 0)",1,"{(16, 25, 19, 8)}","{(5, '?', 0, 5)}"
"(19, 16, 27, 10, 0)",2,"{(16, 27, 10, 19)}","{('?', 0, 0, 5)}"
"(19, 16, 27, 14, 0)",1,"{(16, 27, 19, 14)}","{(0, 0, 0, '?')}"
"(19, 16, 27, 15, 0)",3,"{(16, 27, 19, 15)}","{(7, 0, 0, '?')}"
"(19, 16, 27, 16, 0)",1,"{(16, 27, 19)}","{('?', 0, 0, '?')}"
"(19, 16, 27, 22, 0)",1,"{(16, 27, 19, 22)}","{(0, 0, 0, '?')}"
"(19, 16, 27, 6, 0)",3,"{(16, 27, 19, 6)}","{(3, 0, 0, '?')}"
"(19, 16, 3, 1, 0)",1,"{(16, 3, 19, 1)}","{(5, 3, 0, 5)}"
"(19, 16, 3, 10, 0)",1,"{(16, 3, 10, 19)}","{(7, 3, 0, 5)}"
"(19, 16, 3, 15, 0)",3,"{(16, 3, 19, 15)}","{('?', 3, 0, '?')}"
"(19, 16, 3, 5, 0)",1,"{(16, 3, 19, 5)}","{(0, 3, 0, 6)}"
"(19, 16, 5, 13, 0)",1,"{(16, 13, 19, 5)}","{(4, 2, 0, '?')}"
"(19, 16, 5, 16, 0)",3,"{(16, 19, 5)}","{('?', '?', 0, '?')}"
"(19, 16, 5, 27, 0)",2,"{(16, 27, 19, 5)}","{('?', 0, 0, '?')}"
"(19, 16, 6, 1, 0)",3,"{(16, 1, 19, 6)}","{('?', '?', 0, '?')}"
"(19, 16, 6, 15, 0)",2,"{(16, 19, 6, 15)}","{('?', '?', 0, '?')}"
"(19, 16, 6, 16, 0)",1,"{(16, 19, 6)}","{(3, 4, 0, '?')}"
"(19, 16, 6, 19, 0)",1,"{(16, 19, 6)}","{(7, 1, 0, '?')}"
"(19, 16, 6, 6, 0)",2,"{(16, 19, 6)}","{(3, '?', 0, '?')}"
"(19, 16, 9, 1, 0)",1,"{(16, 9, 19, 1)}","{(5, 0, 0, '?')}"
"(19, 16, 9, 10, 0)",2,"{(16, 9, 10, 19)}","{('?', 0, 0, 5)}"
"(19, 16, 9, 14, 0)",1,"{(16, 9, 19, 14)}","{(0, 0, 0, 1)}"
"(19, 16, 9, 15, 0)",2,"{(16, 9, 19, 15)}","{('?', 0, 0, '?')}"
"(19, 16, 9, 16, 0)",1,"{(16, 9, 19)}","{(3, 0, 0, 7)}"
"(19, 16, 9, 19, 0)",1,"{(16, 9, 19)}","{('?', 0, 0, 7)}"
"(19, 16, 9, 5, 0)",1,"{(16, 9, 19, 5)}","{(6, 0, 0, 4)}"
"(19, 16, 9, 6, 0)",3,"{(16, 9, 19, 6)}","{(3, 0, 0, '?')}"
"(19, 16, 9, 8, 0)",1,"{(16, 9, 19, 8)}","{('?', 0, 0, '?')}"
"(19, 17, 14, 8, 0)",1,"{(8, 17, 19, 14)}","{(0, 0, 2, 7)}"
"(19, 17, 27, 14, 0)",1,"{(27, 17, 19, 14)}","{(0, 0, 4, 0)}"
"(19, 17, 27, 22, 0)",1,"{(27, 17, 19, 22)}","{(0, 0, '?', 0)}"
"(19, 17, 5, 27, 0)",1,"{(27, 17, 19, 5)}","{(4, 0, 2, 0)}"
"(19, 18, 13, 4, 0)",1,"{(18, 19, 4, 13)}","{(3, 5, 3, '?')}"
"(19, 18, 15, 24, 0)",1,"{(24, 18, 19, 15)}","{(1, 2, 1, '?')}"
"(19, 18, 15, 5, 0)",3,"{(18, 19, 5, 15)}","{('?', '?', 1, '?')}"
"(19, 18, 16, 14, 0)",1,"{(16, 18, 19, 14)}","{(0, 5, 0, '?')}"
"(19, 18, 16, 22, 0)",1,"{(16, 18, 19, 22)}","{(0, 5, 0, '?')}"
"(19, 18, 16, 5, 0)",2,"{(16, 18, 19, 5)}","{('?', 5, 0, '?')}"
"(19, 18, 19, 14, 0)",4,"{(18, 19, 14)}","{(0, 5, '?', '?')}"
"(19, 18, 19, 19, 0)",2,"{(18, 19)}","{('?', '?', '?', '?')}"
"(19, 18, 19, 22, 0)",5,"{(18, 19, 22)}","{(0, '?', '?', '?')}"
"(19, 18, 19, 5, 0)",3,"{(18, 19, 5)}","{('?', '?', '?', '?')}"
"(19, 18, 22, 22, 0)",2,"{(18, 19, 22)}","{(0, '?', '?', '?')}"
"(19, 18, 25, 22, 0)",1,"{(25, 18, 19, 22)}","{(0, 2, 5, 5)}"
"(19, 18, 25, 5, 0)",2,"{(25, 18, 19, 5)}","{(6, 5, '?', 5)}"
"(19, 18, 25, 6, 0)",1,"{(25, 18, 19, 6)}","{(3, 2, 5, 5)}"
"(19, 18, 26, 16, 0)",1,"{(26, 16, 18, 19)}","{(4, 5, 0, 6)}"
"(19, 18, 26, 8, 0)",1,"{(26, 8, 18, 19)}","{(4, 5, 2, 6)}"
"(19, 18, 4, 19, 0)",4,"{(18, 19, 4)}","{('?', '?', '?', '?')}"
"(19, 18, 4, 5, 0)",3,"{(18, 19, 4, 5)}","{(4, '?', '?', '?')}"
"(19, 18, 5, 18, 0)",2,"{(18, 19, 5)}","{('?', '?', '?', '?')}"
"(19, 18, 5, 19, 0)",6,"{(18, 19, 5)}","{('?', '?', '?', '?')}"
"(19, 18, 5, 22, 0)",1,"{(18, 19, 5, 22)}","{(0, 2, 6, 2)}"
"(19, 18, 5, 25, 0)",1,"{(25, 18, 19, 5)}","{(4, 5, 5, 5)}"
"(19, 18, 5, 8, 0)",1,"{(8, 18, 19, 5)}","{(4, 5, 2, 6)}"
"(19, 18, 8, 14, 0)",1,"{(8, 18, 19, 14)}","{(0, 5, 2, 2)}"
"(19, 18, 8, 19, 0)",1,"{(8, 18, 19)}","{(5, 5, 2, 6)}"
"(19, 18, 8, 5, 0)",4,"{(8, 18, 19, 5)}","{('?', '?', 2, '?')}"
"(19, 18, 8, 6, 0)",1,"{(8, 18, 19, 6)}","{(3, 5, 2, 2)}"
"(19, 19, 1, 1, 0)",1,"{(1, 19)}","{(5, 2, 2, '?')}"
"(19, 19, 1, 8, 0)",2,"{(8, 1, 19)}","{(7, '?', 2, 6)}"
"(19, 19, 11, 15, 0)",1,"{(11, 19, 15)}","{(5, 7, 1, 2)}"
"(19, 19, 11, 19, 0)",2,"{(11, 19)}","{('?', '?', '?', '?')}"
"(19, 19, 11, 6, 0)",1,"{(11, 19, 6)}","{(3, 6, 3, 6)}"
"(19, 19, 13, 15, 0)",1,"{(19, 13, 15)}","{(5, 5, '?', '?')}"
"(19, 19, 13, 16, 0)",1,"{(16, 19, 13)}","{(5, 5, 0, 1)}"
"(19, 19, 13, 19, 0)",6,"{(19, 13)}","{('?', '?', '?', '?')}"
"(19, 19, 13, 22, 0)",3,"{(19, 13, 22)}","{(0, '?', '?', '?')}"
"(19, 19, 13, 6, 0)",1,"{(19, 13, 6)}","{(3, 2, '?', '?')}"
"(19, 19, 14, 14, 0)",2,"{(19, 14)}","{(0, '?', '?', '?')}"
"(19, 19, 14, 16, 0)",1,"{(16, 19, 14)}","{(0, '?', 0, '?')}"
"(19, 19, 14, 22, 0)",1,"{(19, 14, 22)}","{(0, '?', 2, 6)}"
"(19, 19, 14, 27, 0)",1,"{(27, 19, 14)}","{(0, 0, 2, '?')}"
"(19, 19, 14, 8, 0)",1,"{(8, 19, 14)}","{(0, 3, 2, 2)}"
"(19, 19, 15, 13, 0)",1,"{(19, 13, 15)}","{(1, 5, 3, '?')}"
"(19, 19, 15, 16, 0)",1,"{(16, 19, 15)}","{(5, '?', 0, 6)}"
"(19, 19, 15, 18, 0)",1,"{(18, 19, 15)}","{('?', 2, 1, '?')}"
"(19, 19, 15, 19, 0)",2,"{(19, 15)}","{('?', '?', 1, '?')}"
"(19, 19, 15, 21, 0)",2,"{(19, 21, 15)}","{('?', 3, '?', 5)}"
"(19, 19, 15, 4, 0)",3,"{(19, 4, 15)}","{('?', '?', '?', '?')}"
"(19, 19, 16, 13, 0)",2,"{(16, 19, 13)}","{('?', '?', 0, '?')}"
"(19, 19, 16, 14, 0)",2,"{(16, 19, 14)}","{(0, '?', 0, '?')}"
"(19, 19, 16, 18, 0)",2,"{(16, 18, 19)}","{('?', '?', 0, '?')}"
"(19, 19, 16, 19, 0)",7,"{(16, 19)}","{('?', '?', 0, '?')}"
"(19, 19, 16, 21, 0)",1,"{(16, 19, 21)}","{(5, 3, 0, 2)}"
"(19, 19, 16, 22, 0)",2,"{(16, 19, 22)}","{(0, '?', 0, '?')}"
"(19, 19, 16, 6, 0)",1,"{(16, 19, 6)}","{(3, '?', 0, '?')}"
"(19, 19, 18, 19, 0)",1,"{(18, 19)}","{(6, 2, '?', '?')}"
"(19, 19, 18, 22, 0)",1,"{(18, 19, 22)}","{(0, 5, 5, 2)}"
"(19, 19, 18, 5, 0)",1,"{(18, 19, 5)}","{(0, 2, 6, 6)}"
"(19, 19, 19, 13, 0)",3,"{(19, 13)}","{('?', '?', '?', '?')}"
"(19, 19, 19, 16, 0)",1,"{(16, 19)}","{('?', 1, 0, '?')}"
"(19, 19, 19, 18, 0)",1,"{(18, 19)}","{(6, 5, '?', '?')}"
"(19, 19, 19, 19, 0)",9,"{(19,)}","{('?', '?', '?', '?')}"
"(19, 19, 19, 22, 0)",2,"{(19, 22)}","{(0, '?', '?', '?')}"
"(19, 19, 19, 23, 0)",1,"{(19, 23)}","{('?', '?', '?', 1)}"
"(19, 19, 19, 4, 0)",2,"{(19, 4)}","{(1, '?', '?', '?')}"
"(19, 19, 19, 6, 0)",2,"{(19, 6)}","{(3, '?', '?', '?')}"
"(19, 19, 20, 21, 0)",1,"{(19, 20, 21)}","{(2, 3, 0, 5)}"
"(19, 19, 21, 1, 0)",1,"{(1, 19, 21)}","{(7, 3, 2, 2)}"
"(19, 19, 21, 14, 0)",4,"{(19, 21, 14)}","{(0, 3, '?', '?')}"
"(19, 19, 21, 15, 0)",7,"{(19, 21, 15)}","{('?', 3, '?', '?')}"
"(19, 19, 21, 16, 0)",3,"{(16, 19, 21)}","{('?', 3, 0, '?')}"
"(19, 19, 21, 19, 0)",17,"{(19, 21)}","{('?', 3, '?', '?')}"
"(19, 19, 21, 20, 0)",1,"{(19, 20, 21)}","{(2, 3, 0, 6)}"
"(19, 19, 21, 22, 0)",10,"{(19, 21, 22)}","{(0, 3, '?', '?')}"
"(19, 19, 21, 23, 0)",2,"{(19, 21, 23)}","{(5, 3, '?', 1)}"
"(19, 19, 21, 24, 0)",15,"{(24, 19, 21)}","{('?', 3, '?', '?')}"
"(19, 19, 21, 25, 0)",2,"{(25, 19, 21)}","{('?', 3, '?', 5)}"
"(19, 19, 21, 5, 0)",14,"{(5, 19, 21)}","{('?', 3, '?', '?')}"
"(19, 19, 21, 6, 0)",14,"{(19, 21, 6)}","{(3, 3, '?', '?')}"
"(19, 19, 21, 8, 0)",5,"{(8, 19, 21)}","{('?', 3, 2, '?')}"
"(19, 19, 22, 11, 0)",1,"{(11, 19, 22)}","{(0, 6, 6, 2)}"
"(19, 19, 22, 13, 0)",2,"{(19, 13, 22)}","{(0, '?', '?', '?')}"
"(19, 19, 22, 14, 0)",5,"{(19, 22, 14)}","{(0, '?', '?', '?')}"
"(19, 19, 22, 18, 0)",2,"{(18, 19, 22)}","{(0, '?', '?', '?')}"
"(19, 19, 22, 19, 0)",2,"{(19, 22)}","{(0, '?', '?', '?')}"
"(19, 19, 22, 22, 0)",10,"{(19, 22)}","{(0, '?', '?', '?')}"
"(19, 19, 22, 27, 0)",1,"{(27, 19, 22)}","{(0, 0, '?', 1)}"
"(19, 19, 23, 19, 0)",3,"{(19, 23)}","{('?', '?', '?', 1)}"
"(19, 19, 24, 13, 0)",5,"{(24, 19, 13)}","{('?', '?', '?', '?')}"
"(19, 19, 24, 18, 0)",2,"{(24, 18, 19)}","{('?', 5, '?', '?')}"
"(19, 19, 24, 19, 0)",12,"{(24, 19)}","{('?', '?', '?', '?')}"
"(19, 19, 24, 21, 0)",13,"{(24, 19, 21)}","{('?', 3, '?', '?')}"
"(19, 19, 24, 24, 0)",4,"{(24, 19)}","{('?', '?', '?', '?')}"
"(19, 19, 24, 6, 0)",3,"{(24, 19, 6)}","{('?', '?', '?', '?')}"
"(19, 19, 24, 8, 0)",2,"{(24, 8, 19)}","{('?', '?', 2, '?')}"
"(19, 19, 24, 9, 0)",1,"{(24, 9, 19)}","{(1, 0, '?', '?')}"
"(19, 19, 27, 14, 0)",2,"{(27, 19, 14)}","{(0, 0, '?', '?')}"
"(19, 19, 27, 15, 0)",1,"{(27, 19, 15)}","{(3, 0, 1, '?')}"
"(19, 19, 27, 22, 0)",1,"{(27, 19, 22)}","{(0, 0, 2, 7)}"
"(19, 19, 27, 6, 0)",2,"{(27, 19, 6)}","{(3, 0, '?', '?')}"
"(19, 19, 4, 13, 0)",1,"{(19, 4, 13)}","{(4, 2, 3, '?')}"
"(19, 19, 4, 19, 0)",4,"{(19, 4)}","{('?', '?', 3, '?')}"
"(19, 19, 4, 21, 0)",1,"{(19, 4, 21)}","{(1, 3, 3, 1)}"
"(19, 19, 5, 13, 0)",1,"{(13, 19, 5)}","{(4, 5, '?', '?')}"
"(19, 19, 5, 15, 0)",1,"{(19, 5, 15)}","{(6, '?', 1, '?')}"
"(19, 19, 5, 16, 0)",1,"{(16, 19, 5)}","{(4, 6, 0, 2)}"
"(19, 19, 5, 18, 0)",2,"{(18, 19, 5)}","{(6, '?', '?', '?')}"
"(19, 19, 5, 19, 0)",2,"{(19, 5)}","{(4, '?', '?', '?')}"
"(19, 19, 5, 8, 0)",3,"{(8, 19, 5)}","{('?', '?', 2, '?')}"
"(19, 19, 5, 9, 0)",1,"{(9, 19, 5)}","{(6, 0, '?', 4)}"
"(19, 19, 6, 13, 0)",1,"{(19, 13, 6)}","{(3, 2, 6, '?')}"
"(19, 19, 6, 23, 0)",1,"{(19, 6, 23)}","{(3, '?', 6, 1)}"
"(19, 19, 6, 6, 0)",9,"{(19, 6)}","{(3, '?', '?', '?')}"
"(19, 19, 6, 8, 0)",1,"{(8, 19, 6)}","{('?', 4, 2, 2)}"
"(19, 19, 8, 1, 0)",2,"{(8, 1, 19)}","{(5, 3, 2, '?')}"
"(19, 19, 8, 13, 0)",1,"{(8, 19, 13)}","{(5, 5, 2, 6)}"
"(19, 19, 8, 14, 0)",1,"{(8, 19, 14)}","{(0, '?', 2, '?')}"
"(19, 19, 8, 19, 0)",4,"{(8, 19)}","{('?', '?', 2, '?')}"
"(19, 19, 8, 21, 0)",4,"{(8, 19, 21)}","{('?', 3, 2, '?')}"
"(19, 19, 8, 24, 0)",3,"{(8, 24, 19)}","{(1, '?', 2, '?')}"
"(19, 19, 8, 5, 0)",3,"{(8, 19, 5)}","{('?', '?', 2, '?')}"
"(19, 19, 8, 6, 0)",8,"{(8, 19, 6)}","{('?', '?', 2, '?')}"
"(19, 19, 8, 8, 0)",3,"{(8, 19)}","{('?', '?', 2, '?')}"
"(19, 19, 9, 14, 0)",4,"{(9, 19, 14)}","{(0, 0, '?', '?')}"
"(19, 19, 9, 15, 0)",1,"{(9, 19, 15)}","{('?', 0, 1, '?')}"
"(19, 19, 9, 16, 0)",1,"{(16, 9, 19)}","{(0, 0, 0, '?')}"
"(19, 19, 9, 19, 0)",4,"{(9, 19)}","{('?', 0, '?', '?')}"
"(19, 19, 9, 22, 0)",7,"{(9, 19, 22)}","{(0, 0, '?', '?')}"
"(19, 19, 9, 23, 0)",2,"{(9, 19, 23)}","{('?', 0, '?', 1)}"
"(19, 19, 9, 24, 0)",2,"{(24, 9, 19)}","{(2, 0, '?', '?')}"
"(19, 19, 9, 5, 0)",1,"{(9, 19, 5)}","{(6, 0, '?', 4)}"
"(19, 19, 9, 6, 0)",5,"{(9, 19, 6)}","{(3, 0, '?', '?')}"
"(19, 19, 9, 8, 0)",1,"{(8, 9, 19)}","{('?', 0, 2, 2)}"
"(19, 19, 9, 9, 0)",1,"{(9, 19)}","{('?', 0, 7, '?')}"
"(19, 20, 13, 19, 0)",1,"{(19, 20, 13)}","{(1, 5, 0, '?')}"
"(19, 20, 13, 20, 0)",2,"{(19, 20, 13)}","{('?', '?', 0, '?')}"
"(19, 20, 13, 24, 0)",1,"{(24, 19, 20, 13)}","{(2, 5, 0, '?')}"
"(19, 20, 19, 19, 0)",1,"{(19, 20)}","{(1, '?', 0, '?')}"
"(19, 20, 19, 20, 0)",1,"{(19, 20)}","{(1, '?', 0, '?')}"
"(19, 20, 20, 19, 0)",3,"{(19, 20)}","{('?', '?', 0, '?')}"
"(19, 20, 20, 20, 0)",4,"{(19, 20)}","{('?', '?', 0, '?')}"
"(19, 20, 21, 20, 0)",2,"{(19, 20, 21)}","{(1, 3, 0, '?')}"
"(19, 20, 21, 24, 0)",3,"{(24, 19, 20, 21)}","{('?', 3, '?', '?')}"
"(19, 20, 25, 20, 0)",1,"{(25, 19, 20)}","{(1, 7, 0, 5)}"
"(19, 20, 6, 24, 0)",1,"{(24, 19, 20, 6)}","{(1, 1, 0, '?')}"
"(19, 20, 9, 20, 0)",3,"{(9, 19, 20)}","{('?', 0, 0, '?')}"
"(19, 21, 1, 1, 0)",2,"{(1, 19, 21)}","{('?', 3, 2, '?')}"
"(19, 21, 1, 8, 0)",1,"{(8, 1, 19, 21)}","{(7, 3, 2, 2)}"
"(19, 21, 15, 19, 0)",3,"{(19, 21, 15)}","{('?', 3, 1, '?')}"
"(19, 21, 15, 24, 0)",1,"{(24, 19, 21, 15)}","{(7, 3, 0, 2)}"
"(19, 21, 15, 5, 0)",1,"{(5, 19, 21, 15)}","{(4, 3, 1, 6)}"
"(19, 21, 15, 6, 0)",1,"{(19, 21, 6, 15)}","{(3, 3, 1, 6)}"
"(19, 21, 16, 14, 0)",3,"{(16, 19, 21, 14)}","{(0, 3, 0, '?')}"
"(19, 21, 16, 19, 0)",5,"{(16, 19, 21)}","{('?', 3, 0, '?')}"
"(19, 21, 16, 22, 0)",1,"{(16, 19, 21, 22)}","{(0, 3, 0, 2)}"
"(19, 21, 16, 25, 0)",1,"{(16, 25, 19, 21)}","{('?', 3, 0, 5)}"
"(19, 21, 16, 5, 0)",2,"{(16, 5, 19, 21)}","{('?', 3, 0, '?')}"
"(19, 21, 16, 6, 0)",2,"{(16, 19, 21, 6)}","{(3, 3, 0, '?')}"
"(19, 21, 16, 8, 0)",1,"{(16, 8, 19, 21)}","{(0, 3, 0, '?')}"
"(19, 21, 19, 16, 0)",3,"{(16, 19, 21)}","{('?', 3, 0, '?')}"
"(19, 21, 19, 19, 0)",4,"{(19, 21)}","{('?', 3, '?', '?')}"
"(19, 21, 19, 21, 0)",1,"{(19, 21)}","{(5, 3, 1, 2)}"
"(19, 21, 19, 24, 0)",2,"{(24, 19, 21)}","{('?', 3, '?', '?')}"
"(19, 21, 19, 6, 0)",1,"{(19, 21, 6)}","{(3, 3, '?', '?')}"
"(19, 21, 19, 8, 0)",1,"{(8, 19, 21)}","{('?', 3, '?', '?')}"
"(19, 21, 20, 19, 0)",1,"{(19, 20, 21)}","{(1, 3, 0, '?')}"
"(19, 21, 20, 24, 0)",2,"{(24, 19, 20, 21)}","{(1, 3, 0, '?')}"
"(19, 21, 20, 4, 0)",1,"{(4, 19, 20, 21)}","{(2, 3, 0, 5)}"
"(19, 21, 21, 16, 0)",2,"{(16, 19, 21)}","{('?', 3, 0, '?')}"
"(19, 21, 21, 5, 0)",1,"{(5, 19, 21)}","{(6, 3, 0, 5)}"
"(19, 21, 22, 22, 0)",3,"{(19, 21, 22)}","{(0, 3, '?', '?')}"
"(19, 21, 23, 15, 0)",2,"{(19, 15, 21, 23)}","{('?', 3, '?', 1)}"
"(19, 21, 23, 19, 0)",1,"{(19, 21, 23)}","{(5, 3, '?', 1)}"
"(19, 21, 23, 5, 0)",1,"{(5, 19, 21, 23)}","{(4, 3, 1, 1)}"
"(19, 21, 24, 19, 0)",7,"{(24, 19, 21)}","{('?', 3, '?', '?')}"
"(19, 21, 24, 24, 0)",3,"{(24, 19, 21)}","{('?', 3, '?', '?')}"
"(19, 21, 24, 8, 0)",4,"{(24, 8, 19, 21)}","{('?', 3, '?', '?')}"
"(19, 21, 25, 16, 0)",1,"{(16, 25, 19, 21)}","{(4, 3, 0, 5)}"
"(19, 21, 25, 19, 0)",1,"{(25, 19, 21)}","{(4, 3, 0, 5)}"
"(19, 21, 25, 5, 0)",1,"{(25, 5, 19, 21)}","{(4, 3, 0, 5)}"
"(19, 21, 5, 15, 0)",1,"{(5, 19, 21, 15)}","{(4, 3, 1, '?')}"
"(19, 21, 5, 16, 0)",4,"{(16, 5, 19, 21)}","{('?', 3, 0, '?')}"
"(19, 21, 5, 19, 0)",6,"{(5, 19, 21)}","{('?', 3, '?', '?')}"
"(19, 21, 5, 21, 0)",1,"{(5, 19, 21)}","{(6, 3, 2, 2)}"
"(19, 21, 5, 25, 0)",1,"{(25, 5, 19, 21)}","{(4, 3, '?', 5)}"
"(19, 21, 5, 8, 0)",5,"{(8, 5, 19, 21)}","{('?', 3, 2, '?')}"
"(19, 21, 6, 6, 0)",4,"{(19, 21, 6)}","{(3, 3, '?', '?')}"
"(19, 21, 8, 1, 0)",5,"{(8, 1, 19, 21)}","{('?', 3, 2, '?')}"
"(19, 21, 8, 14, 0)",2,"{(8, 19, 21, 14)}","{(0, 3, 2, '?')}"
"(19, 21, 8, 19, 0)",3,"{(8, 19, 21)}","{('?', 3, 2, '?')}"
"(19, 21, 8, 24, 0)",7,"{(8, 24, 19, 21)}","{('?', 3, 2, '?')}"
"(19, 21, 8, 5, 0)",1,"{(8, 5, 19, 21)}","{(4, 3, 2, 5)}"
"(19, 21, 8, 6, 0)",3,"{(8, 19, 21, 6)}","{(3, 3, 2, '?')}"
"(19, 21, 8, 8, 0)",5,"{(8, 19, 21)}","{('?', 3, 2, '?')}"
"(19, 22, 13, 6, 0)",1,"{(19, 13, 22, 6)}","{(3, 5, 1, 4)}"
"(19, 22, 15, 5, 0)",1,"{(19, 5, 22, 15)}","{(4, 1, 1, 4)}"
"(19, 22, 18, 5, 0)",1,"{(18, 19, 5, 22)}","{(6, 2, '?', 4)}"
"(19, 22, 19, 6, 0)",1,"{(19, 22, 6)}","{(3, 2, '?', 4)}"
"(19, 22, 19, 9, 0)",1,"{(9, 19, 22)}","{(4, 0, '?', 4)}"
"(19, 22, 20, 20, 0)",1,"{(19, 20, 22)}","{(1, 5, 0, 4)}"
"(19, 22, 22, 22, 0)",1,"{(19, 22)}","{(0, 1, 6, 4)}"
"(19, 22, 5, 18, 0)",1,"{(18, 19, 5, 22)}","{(4, 5, 4, 4)}"
"(19, 22, 8, 8, 0)",1,"{(8, 19, 22)}","{(0, '?', 2, 4)}"
"(19, 23, 11, 1, 0)",2,"{(11, 1, 19, 23)}","{(5, '?', '?', 1)}"
"(19, 23, 13, 14, 0)",1,"{(19, 13, 14, 23)}","{(0, 2, 4, 1)}"
"(19, 23, 13, 19, 0)",2,"{(19, 13, 23)}","{('?', '?', '?', 1)}"
"(19, 23, 13, 22, 0)",1,"{(19, 13, 22, 23)}","{(0, 2, '?', 1)}"
"(19, 23, 14, 9, 0)",1,"{(9, 19, 14, 23)}","{(0, 0, 2, 1)}"
"(19, 23, 15, 13, 0)",1,"{(19, 15, 13, 23)}","{('?', 2, 1, 1)}"
"(19, 23, 15, 19, 0)",1,"{(19, 15, 23)}","{('?', '?', 1, 1)}"
"(19, 23, 16, 18, 0)",1,"{(16, 18, 19, 23)}","{(0, 2, 0, 1)}"
"(19, 23, 18, 16, 0)",1,"{(16, 18, 19, 23)}","{(0, 2, 0, 1)}"
"(19, 23, 19, 13, 0)",1,"{(19, 13, 23)}","{('?', 5, 4, 1)}"
"(19, 23, 19, 19, 0)",2,"{(19, 23)}","{('?', '?', '?', 1)}"
"(19, 23, 19, 9, 0)",1,"{(9, 19, 23)}","{(0, 0, '?', 1)}"
"(19, 23, 21, 1, 0)",1,"{(1, 19, 21, 23)}","{(5, 3, 2, '?')}"
"(19, 23, 21, 19, 0)",1,"{(19, 21, 23)}","{(5, 3, 6, 1)}"
"(19, 23, 21, 22, 0)",2,"{(19, 21, 22, 23)}","{(0, 3, '?', 1)}"
"(19, 23, 22, 22, 0)",2,"{(19, 22, 23)}","{(0, '?', '?', 1)}"
"(19, 23, 24, 11, 0)",1,"{(24, 11, 19, 23)}","{(2, 7, 5, 1)}"
"(19, 23, 24, 13, 0)",1,"{(24, 19, 13, 23)}","{(1, 2, '?', 1)}"
"(19, 23, 24, 19, 0)",5,"{(24, 19, 23)}","{(1, '?', '?', 1)}"
"(19, 23, 24, 23, 0)",1,"{(24, 19, 23)}","{(1, 5, 4, 1)}"
"(19, 23, 24, 24, 0)",1,"{(24, 19, 23)}","{(1, '?', 6, 1)}"
"(19, 23, 24, 8, 0)",1,"{(24, 8, 19, 23)}","{(2, 2, 2, 1)}"
"(19, 23, 5, 11, 0)",1,"{(11, 19, 5, 23)}","{(6, 7, 5, 1)}"
"(19, 23, 5, 15, 0)",3,"{(19, 15, 5, 23)}","{('?', '?', 1, 1)}"
"(19, 23, 5, 16, 0)",1,"{(16, 19, 5, 23)}","{(4, '?', 0, 1)}"
"(19, 23, 5, 4, 0)",1,"{(19, 4, 5, 23)}","{(4, '?', 7, 1)}"
"(19, 23, 5, 8, 0)",1,"{(8, 19, 5, 23)}","{(4, 6, 2, '?')}"
"(19, 23, 5, 9, 0)",1,"{(9, 19, 5, 23)}","{(6, 0, '?', 1)}"
"(19, 23, 8, 19, 0)",1,"{(8, 19, 23)}","{(5, 3, 2, '?')}"
"(19, 23, 8, 24, 0)",1,"{(8, 24, 19, 23)}","{(1, '?', 2, 6)}"
"(19, 23, 9, 1, 0)",1,"{(9, 19, 1, 23)}","{(5, 0, 5, 1)}"
"(19, 23, 9, 19, 0)",1,"{(9, 19, 23)}","{('?', 0, '?', 1)}"
"(19, 23, 9, 22, 0)",2,"{(9, 19, 22, 23)}","{(0, 0, '?', 1)}"
"(19, 24, 13, 8, 0)",1,"{(24, 8, 19, 13)}","{(2, 2, 2, '?')}"
"(19, 24, 18, 19, 0)",1,"{(24, 18, 19)}","{(2, 5, 6, '?')}"
"(19, 24, 18, 25, 0)",1,"{(24, 25, 18, 19)}","{(1, 2, 5, 5)}"
"(19, 24, 19, 13, 0)",1,"{(24, 19, 13)}","{(1, 5, '?', '?')}"
"(19, 24, 19, 19, 0)",1,"{(24, 19)}","{(2, '?', '?', '?')}"
"(19, 24, 19, 24, 0)",2,"{(24, 19)}","{(2, '?', '?', '?')}"
"(19, 24, 21, 19, 0)",1,"{(24, 19, 21)}","{(2, 3, '?', 5)}"
"(19, 24, 21, 24, 0)",4,"{(24, 19, 21)}","{(2, 3, '?', '?')}"
"(19, 24, 21, 25, 0)",1,"{(24, 25, 19, 21)}","{(2, 3, '?', 5)}"
"(19, 24, 24, 22, 0)",1,"{(24, 19, 22)}","{(1, 6, '?', 4)}"
"(19, 24, 24, 23, 0)",1,"{(24, 19, 23)}","{(2, 5, 4, 1)}"
"(19, 24, 25, 27, 0)",1,"{(24, 25, 19, 27)}","{(2, 0, '?', 3)}"
"(19, 24, 27, 24, 0)",2,"{(24, 27, 19)}","{('?', 0, '?', '?')}"
"(19, 24, 6, 24, 0)",1,"{(24, 19, 6)}","{(2, 1, '?', '?')}"
"(19, 24, 8, 19, 0)",1,"{(24, 8, 19)}","{(1, '?', 2, 6)}"
"(19, 24, 8, 21, 0)",1,"{(24, 8, 19, 21)}","{(2, 3, 2, 2)}"
"(19, 24, 8, 24, 0)",3,"{(24, 8, 19)}","{(2, '?', 2, '?')}"
"(19, 24, 8, 8, 0)",2,"{(24, 8, 19)}","{('?', '?', 2, '?')}"
"(19, 24, 9, 24, 0)",2,"{(24, 9, 19)}","{('?', 0, '?', '?')}"
"(19, 24, 9, 8, 0)",1,"{(24, 9, 19, 8)}","{(1, 0, 2, '?')}"
"(19, 25, 1, 1, 0)",2,"{(25, 19, 1)}","{('?', '?', '?', 5)}"
"(19, 25, 1, 11, 0)",5,"{(11, 25, 19, 1)}","{('?', '?', '?', 5)}"
"(19, 25, 1, 13, 0)",2,"{(25, 19, 13, 1)}","{(5, '?', '?', 5)}"
"(19, 25, 1, 15, 0)",2,"{(25, 19, 1, 15)}","{(5, '?', '?', 5)}"
"(19, 25, 1, 19, 0)",1,"{(25, 19, 1)}","{(5, '?', '?', 5)}"
"(19, 25, 1, 25, 0)",1,"{(25, 19, 1)}","{(5, '?', '?', 5)}"
"(19, 25, 11, 1, 0)",1,"{(11, 25, 19, 1)}","{(5, 6, '?', 5)}"
"(19, 25, 11, 15, 0)",4,"{(11, 25, 19, 15)}","{('?', '?', '?', 5)}"
"(19, 25, 11, 16, 0)",3,"{(11, 25, 19, 16)}","{('?', '?', 0, 5)}"
"(19, 25, 11, 19, 0)",3,"{(11, 25, 19)}","{('?', '?', '?', 5)}"
"(19, 25, 11, 20, 0)",1,"{(11, 25, 19, 20)}","{('?', 6, 0, 5)}"
"(19, 25, 11, 22, 0)",2,"{(11, 25, 19, 22)}","{(0, '?', '?', 4)}"
"(19, 25, 11, 5, 0)",1,"{(11, 25, 19, 5)}","{(4, 7, 1, 5)}"
"(19, 25, 11, 8, 0)",1,"{(11, 25, 19, 8)}","{('?', 6, 2, 5)}"
"(19, 25, 13, 19, 0)",1,"{(25, 19, 13)}","{(5, 2, '?', 5)}"
"(19, 25, 14, 21, 0)",2,"{(25, 19, 21, 14)}","{(0, 3, '?', 5)}"
"(19, 25, 14, 8, 0)",1,"{(8, 25, 19, 14)}","{(4, 6, 2, 5)}"
"(19, 25, 15, 10, 0)",1,"{(25, 10, 19, 15)}","{(7, 0, 1, 5)}"
"(19, 25, 15, 11, 0)",2,"{(11, 25, 19, 15)}","{('?', '?', 1, 5)}"
"(19, 25, 15, 15, 0)",1,"{(25, 19, 15)}","{(7, '?', '?', 5)}"
"(19, 25, 15, 19, 0)",3,"{(25, 19, 15)}","{('?', '?', 1, 5)}"
"(19, 25, 15, 21, 0)",1,"{(25, 19, 21, 15)}","{(1, 3, 3, 4)}"
"(19, 25, 15, 22, 0)",2,"{(25, 19, 22, 15)}","{(0, '?', 1, 5)}"
"(19, 25, 15, 24, 0)",2,"{(24, 25, 19, 15)}","{('?', '?', 1, 5)}"
"(19, 25, 15, 4, 0)",4,"{(25, 19, 4, 15)}","{('?', '?', '?', '?')}"
"(19, 25, 15, 5, 0)",1,"{(25, 19, 5, 15)}","{(4, 6, 1, 5)}"
"(19, 25, 15, 6, 0)",1,"{(25, 19, 6, 15)}","{(3, 6, 1, 5)}"
"(19, 25, 16, 1, 0)",1,"{(16, 25, 19, 1)}","{(5, '?', 0, 5)}"
"(19, 25, 16, 11, 0)",2,"{(16, 25, 19, 11)}","{('?', '?', 0, 5)}"
"(19, 25, 16, 16, 0)",2,"{(16, 25, 19)}","{('?', '?', 0, 5)}"
"(19, 25, 16, 19, 0)",7,"{(16, 25, 19)}","{('?', '?', 0, 5)}"
"(19, 25, 16, 5, 0)",4,"{(16, 25, 19, 5)}","{('?', '?', 0, 5)}"
"(19, 25, 16, 6, 0)",3,"{(16, 25, 19, 6)}","{('?', '?', 0, 5)}"
"(19, 25, 16, 8, 0)",1,"{(16, 25, 19, 8)}","{('?', '?', 0, 5)}"
"(19, 25, 18, 19, 0)",1,"{(25, 18, 19)}","{('?', 2, 6, 5)}"
"(19, 25, 19, 13, 0)",1,"{(25, 19, 13)}","{(5, 5, 6, 5)}"
"(19, 25, 19, 19, 0)",3,"{(25, 19)}","{('?', '?', '?', 5)}"
"(19, 25, 19, 24, 0)",1,"{(24, 25, 19)}","{(1, 6, '?', 4)}"
"(19, 25, 19, 25, 0)",3,"{(25, 19)}","{('?', '?', '?', 5)}"
"(19, 25, 19, 4, 0)",1,"{(25, 19, 4)}","{(1, 5, 3, 4)}"
"(19, 25, 19, 6, 0)",1,"{(25, 19, 6)}","{('?', 5, 6, 5)}"
"(19, 25, 20, 19, 0)",4,"{(25, 19, 20)}","{('?', '?', 0, 5)}"
"(19, 25, 20, 20, 0)",1,"{(25, 19, 20)}","{(1, '?', 0, 5)}"
"(19, 25, 20, 24, 0)",2,"{(24, 25, 19, 20)}","{(2, '?', 0, 5)}"
"(19, 25, 21, 16, 0)",1,"{(16, 25, 19, 21)}","{(4, 3, 0, 5)}"
"(19, 25, 21, 19, 0)",1,"{(25, 19, 21)}","{('?', 3, 4, 5)}"
"(19, 25, 21, 22, 0)",1,"{(25, 19, 21, 22)}","{(0, 3, 6, 5)}"
"(19, 25, 21, 5, 0)",2,"{(25, 5, 19, 21)}","{(4, 3, '?', 5)}"
"(19, 25, 22, 22, 0)",1,"{(25, 19, 22)}","{(0, 1, '?', 4)}"
"(19, 25, 24, 11, 0)",1,"{(24, 25, 19, 11)}","{(2, 6, 6, 5)}"
"(19, 25, 24, 13, 0)",2,"{(24, 25, 19, 13)}","{('?', 2, 5, 5)}"
"(19, 25, 24, 18, 0)",1,"{(24, 25, 18, 19)}","{(2, 5, 6, 5)}"
"(19, 25, 24, 19, 0)",5,"{(24, 25, 19)}","{('?', '?', '?', 5)}"
"(19, 25, 25, 15, 0)",1,"{(25, 19, 15)}","{(5, '?', 1, 5)}"
"(19, 25, 25, 19, 0)",1,"{(25, 19)}","{('?', '?', '?', 5)}"
"(19, 25, 27, 15, 0)",2,"{(27, 25, 19, 15)}","{('?', 0, 1, 5)}"
"(19, 25, 27, 16, 0)",2,"{(27, 25, 19, 16)}","{('?', 0, 0, 5)}"
"(19, 25, 27, 20, 0)",1,"{(27, 25, 19, 20)}","{(1, 0, 0, 5)}"
"(19, 25, 27, 22, 0)",1,"{(27, 25, 19, 22)}","{(0, 0, 0, 5)}"
"(19, 25, 27, 4, 0)",2,"{(27, 25, 19, 4)}","{(3, 0, '?', 5)}"
"(19, 25, 27, 6, 0)",5,"{(27, 25, 19, 6)}","{('?', 0, '?', 5)}"
"(19, 25, 27, 8, 0)",2,"{(27, 25, 19, 8)}","{('?', 0, 2, 5)}"
"(19, 25, 4, 11, 0)",4,"{(11, 25, 19, 4)}","{('?', '?', '?', 5)}"
"(19, 25, 4, 19, 0)",4,"{(25, 19, 4)}","{('?', '?', '?', '?')}"
"(19, 25, 4, 25, 0)",1,"{(25, 19, 4)}","{('?', '?', 7, 5)}"
"(19, 25, 4, 5, 0)",2,"{(25, 19, 4, 5)}","{(4, '?', 3, 5)}"
"(19, 25, 4, 6, 0)",1,"{(25, 19, 4, 6)}","{(3, '?', 7, 5)}"
"(19, 25, 4, 9, 0)",1,"{(25, 19, 4, 9)}","{(1, 0, 7, 5)}"
"(19, 25, 5, 11, 0)",1,"{(11, 25, 19, 5)}","{(4, 7, 2, 5)}"
"(19, 25, 5, 15, 0)",3,"{(25, 19, 5, 15)}","{('?', '?', 1, 5)}"
"(19, 25, 5, 16, 0)",6,"{(16, 25, 19, 5)}","{('?', '?', 0, 5)}"
"(19, 25, 5, 19, 0)",3,"{(25, 19, 5)}","{('?', '?', '?', 5)}"
"(19, 25, 5, 21, 0)",6,"{(25, 21, 19, 5)}","{('?', 3, '?', 5)}"
"(19, 25, 5, 27, 0)",1,"{(27, 25, 19, 5)}","{(4, 0, 2, 5)}"
"(19, 25, 5, 4, 0)",3,"{(25, 19, 4, 5)}","{('?', '?', '?', 5)}"
"(19, 25, 5, 8, 0)",2,"{(8, 25, 19, 5)}","{(4, '?', 2, 5)}"
"(19, 25, 6, 15, 0)",1,"{(25, 19, 6, 15)}","{(3, '?', 1, 5)}"
"(19, 25, 6, 16, 0)",1,"{(16, 25, 19, 6)}","{(3, '?', 0, 5)}"
"(19, 25, 6, 19, 0)",1,"{(25, 19, 6)}","{(3, '?', '?', 5)}"
"(19, 25, 6, 4, 0)",1,"{(25, 19, 4, 6)}","{(3, 1, 3, 5)}"
"(19, 25, 6, 6, 0)",6,"{(25, 19, 6)}","{(3, '?', '?', 5)}"
"(19, 25, 8, 1, 0)",3,"{(8, 25, 19, 1)}","{('?', '?', 2, 5)}"
"(19, 25, 8, 11, 0)",1,"{(8, 25, 19, 11)}","{(5, 7, 2, 5)}"
"(19, 25, 8, 14, 0)",1,"{(8, 25, 19, 14)}","{(4, 6, 2, 5)}"
"(19, 25, 8, 19, 0)",2,"{(8, 25, 19)}","{(4, '?', 2, 5)}"
"(19, 25, 8, 27, 0)",1,"{(8, 25, 19, 27)}","{(5, 0, 2, 5)}"
"(19, 25, 8, 6, 0)",1,"{(8, 25, 19, 6)}","{(4, 1, 2, 5)}"
"(19, 25, 8, 8, 0)",2,"{(8, 25, 19)}","{('?', '?', 2, 5)}"
"(19, 25, 8, 9, 0)",1,"{(8, 25, 19, 9)}","{(5, 0, 2, 5)}"
"(19, 25, 9, 15, 0)",3,"{(25, 19, 9, 15)}","{('?', 0, '?', 5)}"
"(19, 25, 9, 16, 0)",1,"{(16, 25, 19, 9)}","{('?', 0, 0, 5)}"
"(19, 25, 9, 19, 0)",3,"{(25, 19, 9)}","{('?', 0, '?', 5)}"
"(19, 25, 9, 24, 0)",1,"{(24, 25, 19, 9)}","{(2, 0, '?', 5)}"
"(19, 25, 9, 25, 0)",1,"{(25, 19, 9)}","{(5, 0, '?', 5)}"
"(19, 25, 9, 4, 0)",1,"{(25, 19, 4, 9)}","{('?', 0, 7, 5)}"
"(19, 25, 9, 6, 0)",2,"{(25, 19, 9, 6)}","{(3, 0, '?', 5)}"
"(19, 25, 9, 9, 0)",1,"{(25, 19, 9)}","{(5, 0, 4, 5)}"
"(19, 26, 16, 19, 0)",1,"{(16, 26, 19)}","{(4, 5, 0, 2)}"
"(19, 26, 16, 5, 0)",2,"{(16, 26, 19, 5)}","{(4, '?', 0, 2)}"
"(19, 27, 10, 1, 0)",1,"{(27, 1, 10, 19)}","{(7, 0, 2, 5)}"
"(19, 27, 14, 22, 0)",1,"{(27, 19, 14, 22)}","{(0, 0, 2, '?')}"
"(19, 27, 14, 8, 0)",1,"{(27, 8, 19, 14)}","{(0, 0, 2, '?')}"
"(19, 27, 15, 10, 0)",1,"{(27, 10, 19, 15)}","{(7, 0, '?', '?')}"
"(19, 27, 15, 15, 0)",2,"{(27, 19, 15)}","{(7, 0, '?', '?')}"
"(19, 27, 15, 19, 0)",1,"{(27, 19, 15)}","{(3, 0, 1, '?')}"
"(19, 27, 16, 10, 0)",1,"{(27, 16, 10, 19)}","{(5, 0, 0, 5)}"
"(19, 27, 16, 14, 0)",2,"{(27, 16, 19, 14)}","{(0, 0, 0, '?')}"
"(19, 27, 16, 16, 0)",1,"{(27, 16, 19)}","{('?', 0, 0, '?')}"
"(19, 27, 16, 6, 0)",2,"{(27, 16, 19, 6)}","{(3, 3, 0, '?')}"
"(19, 27, 19, 14, 0)",1,"{(27, 19, 14)}","{(0, 0, 4, '?')}"
"(19, 27, 19, 22, 0)",1,"{(27, 19, 22)}","{(0, 0, '?', '?')}"
"(19, 27, 22, 14, 0)",1,"{(27, 19, 22, 14)}","{(0, 0, 4, '?')}"
"(19, 27, 22, 22, 0)",1,"{(27, 19, 22)}","{(0, 0, 2, 2)}"
"(19, 27, 22, 8, 0)",1,"{(27, 8, 19, 22)}","{(0, 0, 2, '?')}"
"(19, 27, 24, 19, 0)",3,"{(27, 24, 19)}","{(2, 0, '?', '?')}"
"(19, 27, 24, 24, 0)",1,"{(27, 24, 19)}","{(2, 0, 2, '?')}"
"(19, 27, 24, 25, 0)",1,"{(27, 24, 19, 25)}","{(1, 0, '?', 5)}"
"(19, 27, 25, 15, 0)",1,"{(27, 25, 19, 15)}","{(5, 0, '?', 5)}"
"(19, 27, 6, 6, 0)",3,"{(27, 19, 6)}","{(3, 0, '?', '?')}"
"(19, 27, 6, 8, 0)",1,"{(27, 8, 19, 6)}","{(3, 0, 2, 7)}"
"(19, 27, 8, 1, 0)",1,"{(27, 8, 19, 1)}","{(7, 0, 2, '?')}"
"(19, 27, 8, 14, 0)",1,"{(27, 8, 19, 14)}","{(0, 0, 2, '?')}"
"(19, 27, 8, 19, 0)",3,"{(27, 8, 19)}","{('?', 0, 2, '?')}"
"(19, 27, 8, 5, 0)",1,"{(27, 8, 19, 5)}","{(0, 0, 2, '?')}"
"(19, 27, 8, 6, 0)",1,"{(27, 8, 19, 6)}","{(3, 0, 2, '?')}"
"(19, 27, 8, 8, 0)",2,"{(27, 8, 19)}","{('?', 0, 2, '?')}"
"(19, 3, 1, 1, 0)",1,"{(3, 1, 19)}","{(5, 3, 2, 6)}"
"(19, 3, 25, 1, 0)",1,"{(3, 25, 19, 1)}","{(0, 3, 6, 5)}"
"(19, 3, 6, 8, 0)",1,"{(3, 8, 19, 6)}","{(3, 3, 2, 6)}"
"(19, 3, 8, 8, 0)",1,"{(3, 8, 19)}","{(7, 3, 2, 2)}"
"(19, 4, 10, 18, 0)",1,"{(18, 10, 19, 4)}","{(4, 5, 7, 5)}"
"(19, 4, 10, 6, 0)",1,"{(10, 19, 4, 6)}","{(3, '?', 7, 5)}"
"(19, 4, 11, 14, 0)",3,"{(11, 19, 4, 14)}","{(0, '?', '?', '?')}"
"(19, 4, 11, 15, 0)",3,"{(11, 19, 4, 15)}","{(5, '?', '?', '?')}"
"(19, 4, 11, 19, 0)",11,"{(11, 19, 4)}","{('?', '?', '?', '?')}"
"(19, 4, 11, 22, 0)",1,"{(11, 19, 4, 22)}","{(0, 7, 7, 4)}"
"(19, 4, 11, 25, 0)",1,"{(11, 25, 19, 4)}","{('?', 6, 7, 4)}"
"(19, 4, 11, 5, 0)",2,"{(11, 19, 4, 5)}","{(6, '?', 3, '?')}"
"(19, 4, 11, 6, 0)",4,"{(11, 19, 4, 6)}","{(3, '?', '?', '?')}"
"(19, 4, 13, 10, 0)",1,"{(10, 19, 4, 13)}","{(5, 2, 7, 5)}"
"(19, 4, 13, 14, 0)",1,"{(19, 4, 13, 14)}","{(6, 5, 7, 4)}"
"(19, 4, 13, 15, 0)",2,"{(19, 4, 13, 15)}","{(5, 2, '?', '?')}"
"(19, 4, 13, 19, 0)",10,"{(19, 4, 13)}","{('?', '?', '?', '?')}"
"(19, 4, 13, 22, 0)",2,"{(19, 4, 13, 22)}","{(6, '?', 7, 4)}"
"(19, 4, 13, 23, 0)",2,"{(19, 4, 13, 23)}","{('?', 5, '?', 1)}"
"(19, 4, 13, 5, 0)",2,"{(5, 19, 4, 13)}","{('?', '?', 7, '?')}"
"(19, 4, 13, 6, 0)",4,"{(19, 4, 13, 6)}","{(3, '?', '?', '?')}"
"(19, 4, 14, 19, 0)",1,"{(19, 4, 14)}","{(0, '?', 3, 6)}"
"(19, 4, 14, 22, 0)",1,"{(19, 4, 14, 22)}","{(0, 7, 3, 2)}"
"(19, 4, 15, 13, 0)",1,"{(19, 4, 13, 15)}","{(5, 2, 7, '?')}"
"(19, 4, 15, 15, 0)",1,"{(19, 4, 15)}","{(7, '?', 3, 2)}"
"(19, 4, 15, 19, 0)",2,"{(19, 4, 15)}","{(5, '?', '?', '?')}"
"(19, 4, 18, 14, 0)",1,"{(18, 19, 4, 14)}","{(0, 2, 3, 2)}"
"(19, 4, 18, 19, 0)",2,"{(18, 19, 4)}","{('?', 2, '?', '?')}"
"(19, 4, 18, 22, 0)",1,"{(18, 19, 4, 22)}","{(0, 2, 3, '?')}"
"(19, 4, 18, 5, 0)",4,"{(18, 19, 4, 5)}","{('?', '?', '?', '?')}"
"(19, 4, 19, 10, 0)",2,"{(10, 19, 4)}","{('?', 6, '?', 4)}"
"(19, 4, 19, 11, 0)",3,"{(11, 19, 4)}","{('?', 6, 3, '?')}"
"(19, 4, 19, 13, 0)",1,"{(19, 4, 13)}","{(3, 5, 3, '?')}"
"(19, 4, 19, 14, 0)",3,"{(19, 4, 14)}","{(0, '?', '?', '?')}"
"(19, 4, 19, 19, 0)",17,"{(19, 4)}","{('?', '?', '?', '?')}"
"(19, 4, 19, 21, 0)",10,"{(19, 4, 21)}","{('?', 3, '?', '?')}"
"(19, 4, 19, 22, 0)",1,"{(19, 4, 22)}","{(0, '?', 3, 2)}"
"(19, 4, 19, 4, 0)",3,"{(19, 4)}","{('?', '?', '?', '?')}"
"(19, 4, 19, 5, 0)",2,"{(19, 4, 5)}","{('?', '?', '?', '?')}"
"(19, 4, 19, 6, 0)",6,"{(19, 4, 6)}","{(3, '?', '?', '?')}"
"(19, 4, 19, 9, 0)",1,"{(9, 19, 4)}","{(6, 0, 3, 4)}"
"(19, 4, 21, 15, 0)",1,"{(19, 4, 21, 15)}","{(5, 3, 7, 5)}"
"(19, 4, 21, 19, 0)",19,"{(19, 4, 21)}","{('?', 3, '?', '?')}"
"(19, 4, 21, 21, 0)",2,"{(19, 4, 21)}","{('?', 3, '?', 4)}"
"(19, 4, 21, 22, 0)",1,"{(19, 4, 21, 22)}","{(0, 3, 3, 2)}"
"(19, 4, 21, 23, 0)",2,"{(19, 4, 21, 23)}","{('?', 3, '?', 1)}"
"(19, 4, 21, 25, 0)",1,"{(25, 19, 4, 21)}","{(1, 3, 3, 4)}"
"(19, 4, 21, 4, 0)",1,"{(19, 4, 21)}","{(1, 3, 3, 6)}"
"(19, 4, 21, 5, 0)",8,"{(5, 19, 4, 21)}","{('?', 3, '?', '?')}"
"(19, 4, 21, 6, 0)",5,"{(19, 4, 21, 6)}","{(3, 3, '?', '?')}"
"(19, 4, 22, 11, 0)",1,"{(11, 19, 4, 22)}","{(2, 6, 3, 4)}"
"(19, 4, 22, 18, 0)",1,"{(18, 19, 4, 22)}","{(6, 5, 7, 4)}"
"(19, 4, 22, 19, 0)",2,"{(19, 4, 22)}","{('?', '?', 3, 4)}"
"(19, 4, 22, 21, 0)",3,"{(19, 4, 21, 22)}","{('?', 3, '?', 4)}"
"(19, 4, 22, 4, 0)",1,"{(19, 4, 22)}","{(3, '?', 7, 4)}"
"(19, 4, 22, 5, 0)",5,"{(19, 4, 5, 22)}","{('?', '?', '?', 4)}"
"(19, 4, 23, 15, 0)",1,"{(19, 4, 15, 23)}","{(5, '?', 3, 1)}"
"(19, 4, 23, 19, 0)",1,"{(19, 4, 23)}","{('?', '?', 3, 1)}"
"(19, 4, 23, 21, 0)",1,"{(19, 4, 21, 23)}","{(1, 3, 3, 1)}"
"(19, 4, 23, 5, 0)",2,"{(19, 4, 5, 23)}","{(4, 3, '?', 1)}"
"(19, 4, 25, 15, 0)",1,"{(25, 19, 4, 15)}","{(5, '?', 3, 5)}"
"(19, 4, 25, 19, 0)",6,"{(25, 19, 4)}","{('?', '?', '?', '?')}"
"(19, 4, 25, 21, 0)",1,"{(25, 19, 4, 21)}","{(0, 3, 7, 4)}"
"(19, 4, 25, 22, 0)",2,"{(25, 19, 4, 22)}","{(0, '?', 7, '?')}"
"(19, 4, 25, 5, 0)",1,"{(25, 19, 4, 5)}","{(4, '?', 7, 5)}"
"(19, 4, 27, 10, 0)",4,"{(27, 10, 19, 4)}","{('?', 0, '?', '?')}"
"(19, 4, 27, 15, 0)",2,"{(27, 19, 4, 15)}","{('?', 0, '?', '?')}"
"(19, 4, 27, 19, 0)",3,"{(27, 19, 4)}","{('?', 0, '?', '?')}"
"(19, 4, 27, 22, 0)",3,"{(27, 19, 4, 22)}","{('?', 0, '?', '?')}"
"(19, 4, 27, 23, 0)",1,"{(27, 19, 4, 23)}","{(0, 0, 7, 1)}"
"(19, 4, 27, 5, 0)",3,"{(27, 19, 4, 5)}","{('?', 0, '?', '?')}"
"(19, 4, 27, 6, 0)",6,"{(27, 19, 4, 6)}","{(3, 0, '?', '?')}"
"(19, 4, 27, 7, 0)",1,"{(27, 19, 4, 7)}","{('?', 0, 7, '?')}"
"(19, 4, 27, 9, 0)",1,"{(27, 9, 19, 4)}","{(5, 0, 3, 6)}"
"(19, 4, 5, 10, 0)",1,"{(10, 19, 4, 5)}","{(4, '?', 3, 5)}"
"(19, 4, 5, 11, 0)",9,"{(11, 19, 4, 5)}","{('?', '?', '?', '?')}"
"(19, 4, 5, 13, 0)",2,"{(13, 19, 4, 5)}","{(4, '?', '?', '?')}"
"(19, 4, 5, 18, 0)",6,"{(18, 19, 4, 5)}","{('?', '?', '?', '?')}"
"(19, 4, 5, 19, 0)",15,"{(19, 4, 5)}","{('?', '?', '?', '?')}"
"(19, 4, 5, 21, 0)",8,"{(21, 19, 4, 5)}","{('?', 3, '?', '?')}"
"(19, 4, 5, 22, 0)",4,"{(19, 4, 5, 22)}","{('?', '?', '?', 4)}"
"(19, 4, 5, 25, 0)",4,"{(25, 19, 4, 5)}","{('?', '?', '?', 5)}"
"(19, 4, 5, 27, 0)",10,"{(27, 19, 4, 5)}","{('?', 0, '?', '?')}"
"(19, 4, 5, 3, 0)",1,"{(3, 19, 4, 5)}","{(4, 3, 7, 5)}"
"(19, 4, 5, 4, 0)",4,"{(19, 4, 5)}","{('?', '?', '?', '?')}"
"(19, 4, 5, 5, 0)",1,"{(19, 4, 5)}","{(6, '?', 7, 1)}"
"(19, 4, 5, 6, 0)",5,"{(19, 4, 5, 6)}","{('?', '?', '?', '?')}"
"(19, 4, 5, 9, 0)",3,"{(9, 19, 4, 5)}","{('?', 0, 3, '?')}"
"(19, 4, 6, 15, 0)",1,"{(19, 4, 6, 15)}","{(7, 1, 7, '?')}"
"(19, 4, 6, 19, 0)",2,"{(19, 4, 6)}","{('?', 1, '?', '?')}"
"(19, 4, 9, 10, 0)",6,"{(9, 10, 19, 4)}","{('?', 0, '?', 5)}"
"(19, 4, 9, 14, 0)",1,"{(9, 19, 4, 14)}","{(0, 0, 3, 3)}"
"(19, 4, 9, 19, 0)",7,"{(9, 19, 4)}","{('?', '?', '?', '?')}"
"(19, 4, 9, 22, 0)",1,"{(9, 19, 4, 22)}","{('?', 0, 7, 4)}"
"(19, 4, 9, 23, 0)",1,"{(9, 19, 4, 23)}","{('?', 0, 7, 1)}"
"(19, 4, 9, 25, 0)",1,"{(9, 19, 4, 25)}","{('?', 0, 3, 5)}"
"(19, 4, 9, 4, 0)",1,"{(9, 19, 4)}","{(1, 0, 7, 5)}"
"(19, 4, 9, 6, 0)",2,"{(9, 19, 4, 6)}","{(3, 0, '?', 4)}"
"(19, 5, 11, 15, 0)",1,"{(11, 19, 5, 15)}","{(6, 7, 1, '?')}"
"(19, 5, 11, 16, 0)",2,"{(11, 16, 19, 5)}","{('?', '?', 0, '?')}"
"(19, 5, 11, 19, 0)",7,"{(11, 19, 5)}","{('?', '?', '?', '?')}"
"(19, 5, 11, 22, 0)",2,"{(11, 19, 5, 22)}","{('?', 6, '?', 4)}"
"(19, 5, 11, 5, 0)",5,"{(11, 19, 5)}","{('?', '?', '?', '?')}"
"(19, 5, 11, 8, 0)",1,"{(11, 8, 19, 5)}","{(4, 6, 2, '?')}"
"(19, 5, 13, 18, 0)",1,"{(18, 13, 19, 5)}","{(6, 5, 4, '?')}"
"(19, 5, 15, 19, 0)",4,"{(19, 5, 15)}","{('?', '?', 1, '?')}"
"(19, 5, 15, 23, 0)",1,"{(19, 23, 5, 15)}","{(4, '?', 1, 1)}"
"(19, 5, 15, 5, 0)",4,"{(19, 5, 15)}","{('?', '?', 1, '?')}"
"(19, 5, 15, 6, 0)",1,"{(19, 5, 6, 15)}","{(4, 1, 1, '?')}"
"(19, 5, 16, 11, 0)",2,"{(16, 11, 19, 5)}","{('?', 7, 0, '?')}"
"(19, 5, 16, 13, 0)",1,"{(16, 13, 19, 5)}","{(4, 2, 0, '?')}"
"(19, 5, 16, 16, 0)",3,"{(16, 19, 5)}","{('?', '?', 0, '?')}"
"(19, 5, 16, 18, 0)",1,"{(16, 18, 19, 5)}","{(4, 2, 0, '?')}"
"(19, 5, 16, 19, 0)",7,"{(16, 19, 5)}","{('?', '?', 0, '?')}"
"(19, 5, 16, 23, 0)",2,"{(16, 19, 5, 23)}","{(4, '?', 0, 1)}"
"(19, 5, 16, 25, 0)",2,"{(16, 25, 19, 5)}","{(4, '?', 0, '?')}"
"(19, 5, 16, 27, 0)",1,"{(16, 27, 19, 5)}","{(4, 0, 0, '?')}"
"(19, 5, 16, 5, 0)",2,"{(16, 19, 5)}","{(4, '?', 0, '?')}"
"(19, 5, 16, 6, 0)",3,"{(16, 19, 5, 6)}","{('?', '?', 0, '?')}"
"(19, 5, 16, 9, 0)",1,"{(16, 9, 19, 5)}","{(6, 0, 0, 7)}"
"(19, 5, 18, 16, 0)",1,"{(16, 18, 19, 5)}","{(4, 5, 0, '?')}"
"(19, 5, 18, 19, 0)",6,"{(18, 19, 5)}","{('?', '?', '?', '?')}"
"(19, 5, 18, 4, 0)",6,"{(18, 19, 4, 5)}","{(4, '?', '?', '?')}"
"(19, 5, 18, 5, 0)",4,"{(18, 19, 5)}","{('?', '?', '?', '?')}"
"(19, 5, 19, 18, 0)",1,"{(18, 19, 5)}","{(6, 2, '?', '?')}"
"(19, 5, 19, 19, 0)",6,"{(19, 5)}","{('?', '?', '?', '?')}"
"(19, 5, 19, 5, 0)",1,"{(19, 5)}","{(6, '?', 1, 4)}"
"(19, 5, 19, 8, 0)",4,"{(8, 19, 5)}","{('?', '?', '?', '?')}"
"(19, 5, 21, 1, 0)",1,"{(1, 21, 19, 5)}","{(4, 3, 2, 6)}"
"(19, 5, 21, 16, 0)",4,"{(16, 21, 19, 5)}","{('?', 3, 0, '?')}"
"(19, 5, 21, 19, 0)",11,"{(21, 19, 5)}","{('?', 3, '?', '?')}"
"(19, 5, 21, 21, 0)",1,"{(21, 19, 5)}","{(4, 3, 2, 6)}"
"(19, 5, 21, 22, 0)",1,"{(21, 19, 5, 22)}","{(4, 3, '?', 4)}"
"(19, 5, 21, 25, 0)",5,"{(25, 21, 19, 5)}","{(4, 3, '?', 5)}"
"(19, 5, 21, 4, 0)",1,"{(21, 19, 4, 5)}","{(4, 3, 7, 1)}"
"(19, 5, 21, 5, 0)",2,"{(21, 19, 5)}","{(6, 3, '?', '?')}"
"(19, 5, 21, 8, 0)",3,"{(8, 21, 19, 5)}","{(4, 3, 2, '?')}"
"(19, 5, 22, 19, 0)",2,"{(19, 5, 22)}","{('?', '?', '?', 4)}"
"(19, 5, 22, 5, 0)",1,"{(19, 5, 22)}","{(6, '?', '?', 4)}"
"(19, 5, 23, 11, 0)",2,"{(11, 19, 5, 23)}","{('?', 6, '?', 1)}"
"(19, 5, 23, 15, 0)",1,"{(19, 15, 5, 23)}","{(6, '?', 1, 1)}"
"(19, 5, 23, 16, 0)",1,"{(16, 19, 5, 23)}","{(4, 4, 0, 1)}"
"(19, 5, 23, 18, 0)",1,"{(18, 19, 5, 23)}","{(4, 2, 3, 1)}"
"(19, 5, 23, 19, 0)",2,"{(19, 5, 23)}","{('?', '?', '?', 1)}"
"(19, 5, 23, 4, 0)",2,"{(19, 4, 5, 23)}","{('?', '?', '?', 1)}"
"(19, 5, 23, 5, 0)",2,"{(19, 5, 23)}","{(4, '?', '?', 1)}"
"(19, 5, 23, 6, 0)",1,"{(19, 5, 6, 23)}","{(4, 1, '?', 1)}"
"(19, 5, 25, 16, 0)",1,"{(16, 25, 19, 5)}","{(4, '?', 0, 5)}"
"(19, 5, 25, 19, 0)",1,"{(25, 19, 5)}","{(4, '?', '?', 5)}"
"(19, 5, 25, 21, 0)",2,"{(25, 21, 19, 5)}","{(4, 3, '?', 5)}"
"(19, 5, 25, 4, 0)",2,"{(25, 19, 4, 5)}","{(4, '?', '?', 5)}"
"(19, 5, 25, 5, 0)",1,"{(25, 19, 5)}","{(4, 2, 5, 5)}"
"(19, 5, 25, 9, 0)",1,"{(25, 19, 5, 9)}","{(4, 0, '?', 5)}"
"(19, 5, 27, 10, 0)",1,"{(27, 10, 19, 5)}","{(6, 0, 7, 3)}"
"(19, 5, 27, 15, 0)",1,"{(27, 19, 5, 15)}","{(4, 0, 1, 1)}"
"(19, 5, 27, 16, 0)",2,"{(27, 16, 19, 5)}","{('?', 0, 0, '?')}"
"(19, 5, 27, 17, 0)",4,"{(27, 17, 19, 5)}","{('?', 0, '?', '?')}"
"(19, 5, 27, 19, 0)",3,"{(27, 19, 5)}","{('?', 0, '?', '?')}"
"(19, 5, 27, 23, 0)",1,"{(27, 19, 5, 23)}","{(6, 0, '?', 1)}"
"(19, 5, 27, 27, 0)",1,"{(27, 19, 5)}","{(4, 0, '?', 1)}"
"(19, 5, 27, 4, 0)",7,"{(27, 19, 4, 5)}","{('?', 0, '?', '?')}"
"(19, 5, 27, 8, 0)",1,"{(27, 8, 19, 5)}","{(4, 0, 2, 0)}"
"(19, 5, 4, 11, 0)",4,"{(11, 19, 4, 5)}","{('?', '?', '?', '?')}"
"(19, 5, 4, 14, 0)",2,"{(19, 4, 5, 14)}","{(4, '?', '?', 4)}"
"(19, 5, 4, 18, 0)",1,"{(18, 19, 4, 5)}","{(4, 5, 7, '?')}"
"(19, 5, 4, 19, 0)",5,"{(19, 4, 5)}","{(4, '?', '?', '?')}"
"(19, 5, 4, 21, 0)",1,"{(21, 19, 4, 5)}","{(4, 3, 7, 1)}"
"(19, 5, 4, 22, 0)",3,"{(19, 4, 5, 22)}","{(4, '?', '?', 4)}"
"(19, 5, 4, 23, 0)",4,"{(19, 4, 5, 23)}","{('?', '?', '?', '?')}"
"(19, 5, 4, 27, 0)",3,"{(27, 19, 4, 5)}","{('?', 0, '?', '?')}"
"(19, 5, 4, 4, 0)",1,"{(19, 4, 5)}","{(4, 6, 3, 4)}"
"(19, 5, 4, 5, 0)",6,"{(19, 4, 5)}","{(4, '?', '?', '?')}"
"(19, 5, 4, 6, 0)",3,"{(19, 4, 5, 6)}","{('?', '?', '?', '?')}"
"(19, 5, 4, 9, 0)",1,"{(9, 19, 4, 5)}","{(4, 0, 3, 1)}"
"(19, 5, 5, 11, 0)",1,"{(11, 19, 5)}","{(4, 7, 3, 6)}"
"(19, 5, 5, 19, 0)",3,"{(19, 5)}","{(4, '?', '?', '?')}"
"(19, 5, 5, 22, 0)",1,"{(19, 5, 22)}","{(4, '?', '?', 4)}"
"(19, 5, 5, 27, 0)",2,"{(27, 19, 5)}","{(4, 0, '?', '?')}"
"(19, 5, 5, 4, 0)",1,"{(19, 4, 5)}","{(4, '?', 3, '?')}"
"(19, 5, 6, 14, 0)",1,"{(19, 5, 6, 14)}","{(6, 1, '?', 4)}"
"(19, 5, 6, 15, 0)",2,"{(19, 5, 6, 15)}","{('?', 1, 1, '?')}"
"(19, 5, 6, 19, 0)",7,"{(19, 5, 6)}","{('?', '?', '?', '?')}"
"(19, 5, 6, 22, 0)",3,"{(19, 5, 6, 22)}","{(4, 1, '?', 4)}"
"(19, 5, 6, 23, 0)",1,"{(19, 5, 6, 23)}","{(4, 1, 4, 1)}"
"(19, 5, 6, 8, 0)",2,"{(8, 19, 5, 6)}","{('?', '?', 2, '?')}"
"(19, 5, 7, 15, 0)",1,"{(19, 15, 5, 7)}","{(6, '?', 1, 7)}"
"(19, 5, 8, 1, 0)",1,"{(8, 1, 19, 5)}","{(4, 6, 2, 4)}"
"(19, 5, 8, 17, 0)",1,"{(8, 17, 19, 5)}","{(4, '?', 2, 7)}"
"(19, 5, 8, 18, 0)",1,"{(8, 18, 19, 5)}","{(4, 2, 2, '?')}"
"(19, 5, 8, 19, 0)",5,"{(8, 19, 5)}","{('?', '?', 2, '?')}"
"(19, 5, 8, 3, 0)",1,"{(8, 3, 19, 5)}","{(4, 3, 2, '?')}"
"(19, 5, 8, 5, 0)",1,"{(8, 19, 5)}","{(4, 5, 2, 6)}"
"(19, 5, 8, 6, 0)",4,"{(8, 19, 5, 6)}","{('?', '?', 2, '?')}"
"(19, 5, 8, 8, 0)",3,"{(8, 19, 5)}","{('?', '?', 2, '?')}"
"(19, 5, 9, 16, 0)",3,"{(16, 9, 19, 5)}","{('?', 0, 0, '?')}"
"(19, 5, 9, 19, 0)",3,"{(9, 19, 5)}","{('?', 0, '?', '?')}"
"(19, 5, 9, 23, 0)",3,"{(9, 19, 5, 23)}","{('?', 0, '?', 1)}"
"(19, 5, 9, 5, 0)",2,"{(9, 19, 5)}","{('?', 0, '?', '?')}"
"(19, 5, 9, 9, 0)",1,"{(9, 19, 5)}","{(4, 0, 4, '?')}"
"(19, 6, 1, 1, 0)",13,"{(1, 19, 6)}","{('?', '?', 2, '?')}"
"(19, 6, 1, 15, 0)",3,"{(1, 19, 6, 15)}","{('?', '?', '?', '?')}"
"(19, 6, 1, 8, 0)",2,"{(8, 1, 19, 6)}","{('?', 4, 2, '?')}"
"(19, 6, 14, 19, 0)",1,"{(19, 6, 14)}","{(0, 4, '?', '?')}"
"(19, 6, 14, 8, 0)",3,"{(8, 19, 6, 14)}","{(0, '?', 2, '?')}"
"(19, 6, 15, 14, 0)",1,"{(19, 14, 6, 15)}","{(0, 4, 1, '?')}"
"(19, 6, 15, 23, 0)",1,"{(19, 23, 6, 15)}","{(4, 4, 1, 1)}"
"(19, 6, 16, 14, 0)",3,"{(16, 19, 6, 14)}","{(0, '?', 0, '?')}"
"(19, 6, 16, 16, 0)",3,"{(16, 19, 6)}","{('?', '?', 0, '?')}"
"(19, 6, 16, 19, 0)",5,"{(16, 19, 6)}","{('?', '?', 0, '?')}"
"(19, 6, 16, 22, 0)",5,"{(16, 19, 6, 22)}","{(0, '?', 0, '?')}"
"(19, 6, 16, 5, 0)",2,"{(16, 19, 5, 6)}","{('?', '?', 0, '?')}"
"(19, 6, 16, 6, 0)",3,"{(16, 19, 6)}","{(3, 4, 0, '?')}"
"(19, 6, 19, 16, 0)",2,"{(16, 19, 6)}","{('?', '?', 0, '?')}"
"(19, 6, 19, 19, 0)",4,"{(19, 6)}","{('?', '?', '?', '?')}"
"(19, 6, 19, 22, 0)",2,"{(19, 6, 22)}","{(0, 4, '?', '?')}"
"(19, 6, 19, 23, 0)",1,"{(19, 6, 23)}","{('?', 1, '?', 1)}"
"(19, 6, 19, 24, 0)",4,"{(24, 19, 6)}","{('?', '?', '?', '?')}"
"(19, 6, 19, 4, 0)",1,"{(19, 4, 6)}","{(1, 4, 3, '?')}"
"(19, 6, 19, 5, 0)",2,"{(19, 5, 6)}","{(6, 4, '?', '?')}"
"(19, 6, 19, 6, 0)",2,"{(19, 6)}","{(3, 4, '?', '?')}"
"(19, 6, 19, 8, 0)",1,"{(8, 19, 6)}","{('?', 1, 2, 6)}"
"(19, 6, 20, 19, 0)",1,"{(19, 20, 6)}","{(2, 4, 0, '?')}"
"(19, 6, 22, 14, 0)",1,"{(19, 14, 6, 22)}","{(0, 4, 2, 2)}"
"(19, 6, 22, 22, 0)",2,"{(19, 6, 22)}","{(0, '?', '?', 4)}"
"(19, 6, 22, 5, 0)",1,"{(19, 5, 6, 22)}","{(6, 4, '?', 4)}"
"(19, 6, 22, 8, 0)",3,"{(8, 19, 6, 22)}","{(0, '?', 2, '?')}"
"(19, 6, 23, 19, 0)",1,"{(19, 6, 23)}","{(4, 1, 4, 1)}"
"(19, 6, 23, 5, 0)",1,"{(19, 5, 6, 23)}","{(4, 4, 1, 1)}"
"(19, 6, 23, 8, 0)",1,"{(8, 19, 6, 23)}","{(4, 1, 2, 1)}"
"(19, 6, 24, 15, 0)",1,"{(24, 19, 6, 15)}","{(1, 1, 1, 1)}"
"(19, 6, 24, 19, 0)",4,"{(24, 19, 6)}","{('?', '?', '?', '?')}"
"(19, 6, 24, 23, 0)",1,"{(24, 19, 6, 23)}","{(2, 1, '?', '?')}"
"(19, 6, 24, 24, 0)",2,"{(24, 19, 6)}","{('?', '?', '?', '?')}"
"(19, 6, 24, 8, 0)",2,"{(24, 8, 19, 6)}","{(1, '?', 2, '?')}"
"(19, 6, 25, 6, 0)",1,"{(25, 19, 6)}","{(3, 4, '?', 5)}"
"(19, 6, 4, 15, 0)",1,"{(19, 4, 6, 15)}","{(7, 4, '?', '?')}"
"(19, 6, 4, 19, 0)",3,"{(19, 4, 6)}","{('?', '?', '?', '?')}"
"(19, 6, 4, 6, 0)",1,"{(19, 4, 6)}","{(3, 4, 3, '?')}"
"(19, 6, 5, 15, 0)",2,"{(19, 5, 6, 15)}","{('?', 1, 1, '?')}"
"(19, 6, 5, 16, 0)",1,"{(16, 19, 5, 6)}","{(6, 1, 0, 4)}"
"(19, 6, 5, 19, 0)",3,"{(19, 5, 6)}","{(6, '?', '?', '?')}"
"(19, 6, 5, 4, 0)",4,"{(19, 4, 5, 6)}","{(6, '?', '?', '?')}"
"(19, 6, 5, 8, 0)",3,"{(8, 19, 5, 6)}","{('?', '?', 2, '?')}"
"(19, 6, 6, 16, 0)",2,"{(16, 19, 6)}","{(3, '?', 0, '?')}"
"(19, 6, 6, 19, 0)",2,"{(19, 6)}","{(3, '?', '?', '?')}"
"(19, 6, 6, 6, 0)",2,"{(19, 6)}","{(3, '?', '?', '?')}"
"(19, 6, 8, 1, 0)",5,"{(8, 1, 19, 6)}","{(5, '?', 2, '?')}"
"(19, 6, 8, 14, 0)",3,"{(8, 19, 6, 14)}","{(0, '?', 2, '?')}"
"(19, 6, 8, 19, 0)",5,"{(8, 19, 6)}","{('?', '?', 2, '?')}"
"(19, 6, 8, 24, 0)",3,"{(8, 24, 19, 6)}","{('?', '?', 2, '?')}"
"(19, 6, 8, 5, 0)",4,"{(8, 19, 5, 6)}","{('?', '?', 2, '?')}"
"(19, 6, 8, 6, 0)",1,"{(8, 19, 6)}","{(3, 0, 2, '?')}"
"(19, 6, 8, 8, 0)",10,"{(8, 19, 6)}","{('?', '?', 2, '?')}"
"(19, 8, 1, 1, 0)",3,"{(8, 1, 19)}","{('?', '?', 2, '?')}"
"(19, 8, 1, 11, 0)",1,"{(8, 1, 19, 11)}","{(7, 7, 2, '?')}"
"(19, 8, 1, 19, 0)",1,"{(8, 1, 19)}","{(7, '?', 2, 5)}"
"(19, 8, 1, 3, 0)",1,"{(8, 1, 19, 3)}","{(7, 3, 2, 5)}"
"(19, 8, 1, 8, 0)",2,"{(8, 1, 19)}","{('?', '?', 2, '?')}"
"(19, 8, 11, 1, 0)",5,"{(8, 11, 19, 1)}","{('?', '?', 2, '?')}"
"(19, 8, 11, 24, 0)",1,"{(8, 11, 19, 24)}","{(1, 7, 2, 2)}"
"(19, 8, 11, 8, 0)",1,"{(8, 11, 19)}","{(5, 7, 2, 6)}"
"(19, 8, 13, 8, 0)",1,"{(8, 19, 13)}","{('?', 5, 2, 2)}"
"(19, 8, 14, 14, 0)",1,"{(8, 19, 14)}","{(0, 0, 2, 7)}"
"(19, 8, 14, 19, 0)",1,"{(8, 19, 14)}","{(0, '?', 2, '?')}"
"(19, 8, 14, 27, 0)",1,"{(8, 27, 19, 14)}","{(0, '?', 2, '?')}"
"(19, 8, 14, 8, 0)",3,"{(8, 19, 14)}","{(0, '?', 2, '?')}"
"(19, 8, 15, 24, 0)",1,"{(8, 24, 19, 15)}","{(1, 5, 2, 2)}"
"(19, 8, 19, 8, 0)",4,"{(8, 19)}","{('?', '?', 2, '?')}"
"(19, 8, 21, 1, 0)",2,"{(8, 1, 19, 21)}","{('?', 3, 2, '?')}"
"(19, 8, 21, 24, 0)",2,"{(8, 24, 19, 21)}","{('?', 3, 2, '?')}"
"(19, 8, 21, 8, 0)",2,"{(8, 19, 21)}","{(5, 3, 2, '?')}"
"(19, 8, 24, 19, 0)",1,"{(8, 24, 19)}","{(2, '?', 2, 2)}"
"(19, 8, 24, 21, 0)",2,"{(8, 24, 19, 21)}","{('?', '?', 2, '?')}"
"(19, 8, 24, 8, 0)",3,"{(8, 24, 19)}","{('?', '?', 2, '?')}"
"(19, 8, 27, 8, 0)",1,"{(8, 27, 19)}","{(5, 0, 2, 5)}"
"(19, 8, 3, 14, 0)",1,"{(8, 3, 19, 14)}","{(0, 3, 2, 6)}"
"(19, 8, 3, 8, 0)",2,"{(8, 3, 19)}","{('?', 3, 2, 5)}"
"(19, 8, 5, 11, 0)",1,"{(8, 11, 19, 5)}","{(6, 7, 2, 3)}"
"(19, 8, 5, 19, 0)",1,"{(8, 19, 5)}","{(6, '?', 2, 2)}"
"(19, 8, 5, 8, 0)",3,"{(8, 19, 5)}","{('?', '?', 2, '?')}"
"(19, 8, 6, 8, 0)",4,"{(8, 19, 6)}","{(3, '?', 2, '?')}"
"(19, 8, 8, 1, 0)",2,"{(8, 1, 19)}","{('?', '?', 2, 5)}"
"(19, 8, 8, 19, 0)",4,"{(8, 19)}","{('?', '?', 2, '?')}"
"(19, 8, 8, 24, 0)",2,"{(8, 24, 19)}","{(1, '?', 2, '?')}"
"(19, 8, 8, 3, 0)",1,"{(8, 3, 19)}","{(1, 3, 2, 5)}"
"(19, 8, 8, 6, 0)",1,"{(8, 19, 6)}","{('?', '?', 2, '?')}"
"(19, 8, 8, 8, 0)",4,"{(8, 19)}","{('?', '?', 2, '?')}"
"(19, 8, 9, 8, 0)",3,"{(8, 9, 19)}","{(5, 0, 2, '?')}"
"(19, 9, 1, 8, 0)",1,"{(8, 9, 19, 1)}","{(5, 0, 2, 2)}"
"(19, 9, 10, 6, 0)",1,"{(9, 10, 19, 6)}","{(3, 0, 2, 5)}"
"(19, 9, 16, 14, 0)",1,"{(16, 9, 19, 14)}","{(0, 0, 0, 1)}"
"(19, 9, 19, 8, 0)",2,"{(8, 9, 19)}","{('?', 0, 2, '?')}"
"(19, 9, 20, 20, 0)",1,"{(9, 19, 20)}","{(2, 0, 1, 0)}"
"(19, 9, 20, 24, 0)",1,"{(24, 9, 19, 20)}","{(2, 0, 0, 7)}"
"(19, 9, 23, 16, 0)",1,"{(16, 9, 19, 23)}","{(0, 0, 0, 1)}"
"(19, 9, 23, 5, 0)",1,"{(9, 19, 5, 23)}","{(6, 0, '?', 1)}"
"(19, 9, 24, 19, 0)",4,"{(24, 9, 19)}","{('?', 0, '?', '?')}"
"(19, 9, 24, 23, 0)",1,"{(24, 9, 19, 23)}","{(2, 0, 2, '?')}"
"(19, 9, 25, 1, 0)",1,"{(9, 19, 25, 1)}","{(5, 0, '?', 5)}"
"(19, 9, 25, 19, 0)",1,"{(9, 19, 25)}","{('?', 0, 2, 5)}"
"(19, 9, 25, 6, 0)",2,"{(9, 19, 25, 6)}","{(3, 0, '?', 5)}"
"(19, 9, 5, 8, 0)",1,"{(8, 9, 19, 5)}","{(6, 0, 2, 4)}"
"(19, 9, 8, 19, 0)",1,"{(8, 9, 19)}","{('?', 0, 2, '?')}"
"(20, 10, 20, 11, 0)",1,"{(10, 11, 20)}","{(2, 6, 0, 3)}"
"(20, 10, 20, 19, 0)",1,"{(10, 19, 20)}","{(1, '?', 0, 3)}"
"(20, 10, 20, 22, 0)",1,"{(10, 20, 22)}","{(1, '?', 0, 3)}"
"(20, 10, 21, 20, 0)",1,"{(10, 20, 21)}","{(1, 3, 0, 3)}"
"(20, 10, 24, 10, 0)",1,"{(24, 10, 20)}","{(2, '?', 0, 3)}"
"(20, 10, 6, 20, 0)",1,"{(10, 20, 6)}","{(2, 4, 0, 3)}"
"(20, 11, 17, 20, 0)",2,"{(17, 11, 20)}","{('?', '?', 0, '?')}"
"(20, 11, 17, 24, 0)",1,"{(24, 17, 11, 20)}","{(2, 6, 0, 7)}"
"(20, 11, 20, 16, 0)",1,"{(16, 11, 20)}","{(1, 7, 0, '?')}"
"(20, 11, 20, 17, 0)",3,"{(17, 11, 20)}","{('?', '?', 0, '?')}"
"(20, 11, 20, 20, 0)",1,"{(11, 20)}","{(1, 7, 0, 0)}"
"(20, 11, 20, 24, 0)",2,"{(24, 11, 20)}","{(2, '?', 0, '?')}"
"(20, 11, 20, 4, 0)",1,"{(11, 20, 4)}","{(1, 6, 0, '?')}"
"(20, 11, 7, 16, 0)",1,"{(16, 11, 20, 7)}","{(1, 6, 0, 0)}"
"(20, 11, 7, 20, 0)",1,"{(11, 20, 7)}","{(1, 7, 0, 7)}"
"(20, 11, 7, 24, 0)",1,"{(24, 11, 20, 7)}","{(1, 6, 0, 7)}"
"(20, 12, 10, 20, 0)",1,"{(10, 20, 12)}","{(2, 0, 0, 3)}"
"(20, 12, 20, 10, 0)",1,"{(10, 20, 12)}","{(1, 0, 0, 3)}"
"(20, 12, 20, 25, 0)",1,"{(25, 20, 12)}","{(2, 0, 0, 3)}"
"(20, 13, 10, 16, 0)",1,"{(16, 10, 20, 13)}","{(1, 5, 0, 3)}"
"(20, 13, 17, 15, 0)",1,"{(17, 20, 13, 15)}","{(5, 5, 0, 7)}"
"(20, 13, 17, 16, 0)",1,"{(16, 17, 20, 13)}","{(1, 5, 0, 0)}"
"(20, 13, 17, 20, 0)",2,"{(17, 20, 13)}","{('?', 5, 0, '?')}"
"(20, 13, 17, 24, 0)",1,"{(24, 17, 20, 13)}","{('?', 2, 0, 0)}"
"(20, 13, 17, 8, 0)",2,"{(8, 17, 20, 13)}","{(1, 5, 0, '?')}"
"(20, 13, 19, 16, 0)",1,"{(16, 19, 20, 13)}","{(2, 5, 0, '?')}"
"(20, 13, 19, 20, 0)",2,"{(19, 20, 13)}","{(1, '?', 0, '?')}"
"(20, 13, 19, 23, 0)",1,"{(19, 20, 13, 23)}","{(2, 5, 0, '?')}"
"(20, 13, 20, 19, 0)",3,"{(19, 20, 13)}","{('?', '?', 0, '?')}"
"(20, 13, 20, 20, 0)",2,"{(20, 13)}","{('?', 2, 0, '?')}"
"(20, 13, 20, 22, 0)",3,"{(20, 13, 22)}","{('?', '?', 0, 4)}"
"(20, 13, 20, 23, 0)",1,"{(20, 13, 23)}","{(2, 2, 0, '?')}"
"(20, 13, 20, 5, 0)",1,"{(5, 20, 13)}","{(1, 2, 0, '?')}"
"(20, 13, 20, 8, 0)",1,"{(8, 20, 13)}","{(1, 5, 0, '?')}"
"(20, 13, 22, 16, 0)",1,"{(16, 20, 13, 22)}","{(1, 5, 0, 4)}"
"(20, 13, 22, 24, 0)",1,"{(24, 20, 13, 22)}","{(1, 2, 0, 4)}"
"(20, 13, 7, 16, 0)",3,"{(16, 20, 13, 7)}","{(1, 5, 0, '?')}"
"(20, 17, 13, 16, 0)",1,"{(16, 17, 20, 13)}","{(0, 2, 0, 0)}"
"(20, 17, 13, 4, 0)",1,"{(17, 4, 20, 13)}","{(2, 2, 0, 0)}"
"(20, 17, 20, 20, 0)",1,"{(17, 20)}","{(2, '?', 0, 7)}"
"(20, 17, 20, 6, 0)",1,"{(17, 20, 6)}","{(1, 4, 0, 7)}"
"(20, 17, 5, 6, 0)",1,"{(17, 20, 5, 6)}","{(0, 4, 0, 7)}"
"(20, 17, 6, 20, 0)",1,"{(17, 20, 6)}","{(1, 4, 0, 0)}"
"(20, 17, 6, 24, 0)",1,"{(24, 17, 20, 6)}","{(1, 4, 1, 0)}"
"(20, 18, 20, 23, 0)",1,"{(18, 20, 23)}","{(2, 2, 0, '?')}"
"(20, 19, 16, 20, 0)",1,"{(16, 19, 20)}","{(1, '?', 0, '?')}"
"(20, 19, 19, 20, 0)",1,"{(19, 20)}","{(1, 1, 0, '?')}"
"(20, 19, 20, 20, 0)",1,"{(19, 20)}","{(2, '?', 0, '?')}"
"(20, 20, 11, 20, 0)",1,"{(11, 20)}","{(1, 7, 0, '?')}"
"(20, 20, 20, 20, 0)",2,"{(20,)}","{('?', '?', 0, '?')}"
"(20, 20, 20, 25, 0)",1,"{(25, 20)}","{(1, '?', 0, 5)}"
"(20, 21, 17, 24, 0)",1,"{(24, 17, 20, 21)}","{(2, 3, 0, 0)}"
"(20, 21, 20, 17, 0)",1,"{(17, 20, 21)}","{(2, 3, 0, 7)}"
"(20, 21, 20, 20, 0)",2,"{(20, 21)}","{(1, 3, 0, '?')}"
"(20, 21, 20, 22, 0)",1,"{(20, 21, 22)}","{(2, 3, 0, 4)}"
"(20, 21, 20, 24, 0)",3,"{(24, 20, 21)}","{('?', 3, 0, '?')}"
"(20, 21, 22, 24, 0)",1,"{(24, 20, 21, 22)}","{(1, 3, 0, 4)}"
"(20, 21, 24, 17, 0)",1,"{(24, 17, 20, 21)}","{(1, 3, 0, 7)}"
"(20, 21, 24, 19, 0)",1,"{(24, 19, 20, 21)}","{(1, 3, 0, '?')}"
"(20, 22, 13, 20, 0)",1,"{(20, 13, 22)}","{(1, 5, 0, 4)}"
"(20, 22, 19, 20, 0)",1,"{(19, 20, 22)}","{(2, '?', 0, 4)}"
"(20, 22, 20, 11, 0)",1,"{(11, 20, 22)}","{(2, 6, 0, 4)}"
"(20, 22, 20, 13, 0)",1,"{(20, 13, 22)}","{(1, 2, 0, 4)}"
"(20, 22, 20, 19, 0)",1,"{(19, 20, 22)}","{(2, '?', 0, 4)}"
"(20, 22, 20, 20, 0)",6,"{(20, 22)}","{('?', '?', 0, 4)}"
"(20, 22, 21, 20, 0)",1,"{(20, 21, 22)}","{(1, 3, 0, 4)}"
"(20, 22, 24, 6, 0)",1,"{(24, 20, 22, 6)}","{(2, 4, 2, 4)}"
"(20, 23, 13, 20, 0)",1,"{(20, 13, 23)}","{(2, 5, 0, '?')}"
"(20, 23, 27, 20, 0)",1,"{(27, 20, 23)}","{(1, 0, 0, 1)}"
"(20, 25, 10, 16, 0)",1,"{(16, 25, 10, 20)}","{(1, '?', 0, 3)}"
"(20, 25, 10, 20, 0)",1,"{(25, 10, 20)}","{(2, '?', 0, 3)}"
"(20, 25, 20, 10, 0)",1,"{(25, 10, 20)}","{(1, 5, 0, 3)}"
"(20, 25, 20, 6, 0)",3,"{(25, 20, 6)}","{('?', '?', 0, 3)}"
"(20, 25, 24, 16, 0)",1,"{(24, 25, 20, 16)}","{(1, '?', 0, 3)}"
"(20, 25, 27, 20, 0)",1,"{(25, 27, 20)}","{(1, 0, 0, 3)}"
"(20, 25, 6, 20, 0)",2,"{(25, 20, 6)}","{('?', 4, 0, 3)}"
"(20, 27, 17, 24, 0)",3,"{(24, 17, 27, 20)}","{('?', 0, 0, '?')}"
"(20, 27, 20, 17, 0)",1,"{(17, 27, 20)}","{(2, 0, 0, 0)}"
"(20, 27, 20, 20, 0)",3,"{(27, 20)}","{('?', 0, 0, '?')}"
"(20, 27, 20, 22, 0)",1,"{(27, 20, 22)}","{(2, 0, 0, 4)}"
"(20, 27, 20, 23, 0)",1,"{(27, 20, 23)}","{(1, 0, 0, 1)}"
"(20, 27, 20, 24, 0)",1,"{(24, 27, 20)}","{(1, 0, 0, '?')}"
"(20, 27, 7, 24, 0)",2,"{(24, 27, 20, 7)}","{('?', 0, 0, 7)}"
"(20, 5, 6, 17, 0)",1,"{(17, 20, 5, 6)}","{(6, 4, 0, 0)}"
"(20, 6, 10, 24, 0)",2,"{(24, 10, 20, 6)}","{(2, '?', 0, '?')}"
"(20, 6, 17, 14, 0)",1,"{(17, 20, 6, 14)}","{(0, 1, 0, 7)}"
"(20, 6, 17, 16, 0)",1,"{(16, 17, 20, 6)}","{(1, 4, 0, 7)}"
"(20, 6, 17, 20, 0)",1,"{(17, 20, 6)}","{(1, 4, 0, 7)}"
"(20, 6, 17, 24, 0)",1,"{(24, 17, 20, 6)}","{(2, 4, 0, 0)}"
"(20, 6, 19, 20, 0)",3,"{(19, 20, 6)}","{('?', '?', 0, '?')}"
"(20, 6, 20, 16, 0)",2,"{(16, 20, 6)}","{('?', '?', 0, '?')}"
"(20, 6, 20, 17, 0)",1,"{(17, 20, 6)}","{(2, 1, 0, 7)}"
"(20, 6, 20, 19, 0)",1,"{(19, 20, 6)}","{(1, 4, 0, '?')}"
"(20, 6, 20, 20, 0)",7,"{(20, 6)}","{('?', '?', 0, '?')}"
"(20, 6, 20, 23, 0)",1,"{(20, 6, 23)}","{(1, 4, 0, '?')}"
"(20, 6, 20, 24, 0)",1,"{(24, 20, 6)}","{(1, 4, 0, 4)}"
"(20, 6, 20, 25, 0)",1,"{(25, 20, 6)}","{(1, 4, 0, '?')}"
"(20, 6, 20, 7, 0)",1,"{(20, 6, 7)}","{(2, 4, 0, 7)}"
"(20, 6, 22, 20, 0)",2,"{(20, 6, 22)}","{('?', '?', 0, 4)}"
"(20, 6, 22, 24, 0)",2,"{(24, 20, 6, 22)}","{('?', '?', 0, 4)}"
"(20, 6, 23, 20, 0)",1,"{(20, 6, 23)}","{(1, 4, 0, 1)}"
"(20, 6, 24, 16, 0)",1,"{(24, 16, 20, 6)}","{(1, 4, 0, '?')}"
"(20, 6, 7, 17, 0)",1,"{(17, 20, 6, 7)}","{(2, 4, 0, 7)}"
"(20, 6, 7, 20, 0)",2,"{(20, 6, 7)}","{(1, '?', 0, '?')}"
"(20, 6, 7, 24, 0)",2,"{(24, 20, 6, 7)}","{('?', 4, 0, '?')}"
"(20, 6, 7, 8, 0)",1,"{(8, 20, 6, 7)}","{('?', 4, 0, 0)}"
"(20, 7, 11, 20, 0)",1,"{(11, 20, 7)}","{(1, 7, 0, 7)}"
"(20, 7, 13, 16, 0)",2,"{(16, 20, 13, 7)}","{('?', 2, 0, 0)}"
"(20, 7, 13, 20, 0)",3,"{(20, 13, 7)}","{('?', '?', 0, '?')}"
"(20, 7, 19, 16, 0)",1,"{(16, 19, 20, 7)}","{(1, '?', 0, 0)}"
"(20, 7, 19, 20, 0)",1,"{(19, 20, 7)}","{(1, '?', 0, 7)}"
"(20, 7, 20, 20, 0)",1,"{(20, 7)}","{(2, 7, 0, 0)}"
"(20, 7, 20, 6, 0)",1,"{(20, 6, 7)}","{(1, 1, 0, 7)}"
"(20, 7, 24, 11, 0)",1,"{(24, 11, 20, 7)}","{(2, 7, 0, 0)}"
"(20, 7, 24, 16, 0)",2,"{(24, 16, 20, 7)}","{(2, '?', 0, 7)}"
"(20, 7, 24, 24, 0)",1,"{(24, 20, 7)}","{(2, '?', 0, 7)}"
"(20, 7, 6, 20, 0)",4,"{(20, 6, 7)}","{('?', '?', 0, '?')}"
"(20, 7, 6, 24, 0)",3,"{(24, 20, 6, 7)}","{('?', '?', '?', 7)}"
"(20, 9, 10, 20, 0)",2,"{(9, 10, 20)}","{('?', 0, 0, 3)}"
"(20, 9, 20, 24, 0)",1,"{(24, 9, 20)}","{(2, 0, 0, 0)}"
"(21, 16, 6, 16, 0)",1,"{(16, 21, 6)}","{(3, 3, 0, 2)}"
"(21, 17, 16, 14, 0)",1,"{(16, 17, 21, 14)}","{(0, 3, 0, 0)}"
"(21, 17, 8, 6, 0)",1,"{(8, 17, 21, 6)}","{(3, 3, 2, 0)}"
"(21, 8, 1, 1, 0)",1,"{(8, 1, 21)}","{(5, 3, 2, '?')}"
"(21, 8, 6, 8, 0)",1,"{(8, 21, 6)}","{(3, 3, 2, '?')}"
"(22, 1, 1, 1, 0)",3,"{(1, 22)}","{('?', '?', 2, 4)}"
"(22, 1, 1, 11, 0)",4,"{(1, 11, 22)}","{('?', '?', 2, 4)}"
"(22, 1, 1, 15, 0)",1,"{(1, 22, 15)}","{(5, 1, '?', 4)}"
"(22, 1, 1, 6, 0)",2,"{(1, 22, 6)}","{('?', 4, 2, 4)}"
"(22, 1, 1, 8, 0)",2,"{(8, 1, 22)}","{(5, '?', 2, 4)}"
"(22, 1, 11, 1, 0)",2,"{(1, 11, 22)}","{(7, '?', 2, 4)}"
"(22, 1, 11, 15, 0)",4,"{(1, 11, 22, 15)}","{('?', '?', '?', 4)}"
"(22, 1, 11, 19, 0)",1,"{(19, 1, 11, 22)}","{(5, 7, '?', 4)}"
"(22, 1, 11, 8, 0)",4,"{(8, 1, 11, 22)}","{('?', '?', 2, 4)}"
"(22, 1, 13, 1, 0)",1,"{(1, 13, 22)}","{(5, 2, 2, 4)}"
"(22, 1, 13, 15, 0)",7,"{(1, 13, 22, 15)}","{('?', '?', '?', 4)}"
"(22, 1, 13, 8, 0)",1,"{(8, 1, 13, 22)}","{(7, 2, 2, 4)}"
"(22, 1, 15, 1, 0)",1,"{(1, 22, 15)}","{(7, '?', 2, 4)}"
"(22, 1, 15, 19, 0)",2,"{(1, 19, 22, 15)}","{(5, '?', '?', 4)}"
"(22, 1, 15, 22, 0)",1,"{(1, 22, 15)}","{(5, '?', '?', 4)}"
"(22, 1, 19, 15, 0)",2,"{(1, 19, 22, 15)}","{(5, '?', '?', 4)}"
"(22, 1, 19, 27, 0)",1,"{(27, 1, 19, 22)}","{('?', 0, '?', 4)}"
"(22, 1, 19, 5, 0)",1,"{(1, 19, 5, 22)}","{(6, 0, '?', 4)}"
"(22, 1, 21, 1, 0)",1,"{(1, 21, 22)}","{(5, 3, 2, 4)}"
"(22, 1, 21, 15, 0)",5,"{(1, 21, 22, 15)}","{('?', 3, '?', 4)}"
"(22, 1, 21, 19, 0)",1,"{(1, 19, 21, 22)}","{(5, 3, 6, 4)}"
"(22, 1, 21, 22, 0)",1,"{(1, 21, 22)}","{(5, 3, '?', 4)}"
"(22, 1, 22, 15, 0)",2,"{(1, 22, 15)}","{(5, '?', '?', 4)}"
"(22, 1, 27, 1, 0)",1,"{(1, 27, 22)}","{(7, 0, 2, 4)}"
"(22, 1, 27, 15, 0)",3,"{(1, 27, 22, 15)}","{('?', 0, '?', 4)}"
"(22, 1, 27, 8, 0)",2,"{(8, 1, 27, 22)}","{('?', 0, 2, 4)}"
"(22, 1, 3, 15, 0)",1,"{(1, 3, 22, 15)}","{(7, 3, '?', 4)}"
"(22, 1, 5, 9, 0)",1,"{(1, 5, 22, 9)}","{(4, 0, '?', 4)}"
"(22, 1, 6, 1, 0)",3,"{(1, 22, 6)}","{('?', '?', '?', 4)}"
"(22, 1, 6, 15, 0)",2,"{(1, 15, 22, 6)}","{('?', 1, '?', 4)}"
"(22, 1, 6, 22, 0)",2,"{(1, 22, 6)}","{('?', 1, '?', 4)}"
"(22, 1, 6, 6, 0)",1,"{(1, 22, 6)}","{(3, 1, 6, 4)}"
"(22, 1, 6, 8, 0)",1,"{(8, 1, 22, 6)}","{(5, 4, 2, 4)}"
"(22, 1, 8, 1, 0)",2,"{(8, 1, 22)}","{('?', '?', 2, 4)}"
"(22, 1, 9, 15, 0)",2,"{(1, 15, 22, 9)}","{('?', 0, '?', 4)}"
"(22, 1, 9, 8, 0)",3,"{(8, 1, 22, 9)}","{('?', 0, 2, 4)}"
"(22, 10, 16, 14, 0)",1,"{(16, 10, 22, 14)}","{(0, 4, 0, 4)}"
"(22, 11, 1, 8, 0)",1,"{(8, 1, 11, 22)}","{(5, 7, 2, 4)}"
"(22, 11, 14, 16, 0)",1,"{(16, 11, 22, 14)}","{(0, 6, 0, 4)}"
"(22, 11, 14, 8, 0)",1,"{(8, 11, 22, 14)}","{(0, 7, 2, 4)}"
"(22, 11, 15, 19, 0)",4,"{(19, 11, 22, 15)}","{('?', '?', 1, 4)}"
"(22, 11, 15, 24, 0)",3,"{(24, 11, 22, 15)}","{('?', '?', 1, 4)}"
"(22, 11, 15, 6, 0)",1,"{(11, 6, 22, 15)}","{(3, 6, 1, 4)}"
"(22, 11, 16, 19, 0)",1,"{(16, 19, 11, 22)}","{('?', 6, 0, 4)}"
"(22, 11, 16, 8, 0)",1,"{(16, 8, 11, 22)}","{('?', 6, 0, 4)}"
"(22, 11, 19, 15, 0)",1,"{(19, 11, 22, 15)}","{('?', 6, 1, 4)}"
"(22, 11, 19, 16, 0)",2,"{(19, 16, 11, 22)}","{('?', 6, 0, 4)}"
"(22, 11, 19, 19, 0)",2,"{(19, 11, 22)}","{('?', '?', '?', 4)}"
"(22, 11, 19, 24, 0)",3,"{(19, 24, 11, 22)}","{('?', '?', '?', 4)}"
"(22, 11, 19, 6, 0)",2,"{(19, 11, 22, 6)}","{(3, '?', '?', 4)}"
"(22, 11, 22, 14, 0)",1,"{(11, 22, 14)}","{(0, 7, '?', 4)}"
"(22, 11, 22, 16, 0)",3,"{(16, 11, 22)}","{('?', '?', 0, 4)}"
"(22, 11, 24, 19, 0)",3,"{(24, 19, 11, 22)}","{('?', '?', '?', 4)}"
"(22, 11, 24, 22, 0)",3,"{(24, 11, 22)}","{('?', '?', '?', 4)}"
"(22, 11, 24, 8, 0)",3,"{(24, 8, 11, 22)}","{('?', '?', 2, 4)}"
"(22, 11, 5, 16, 0)",1,"{(16, 11, 5, 22)}","{(6, 6, 0, 4)}"
"(22, 11, 6, 15, 0)",2,"{(11, 15, 22, 6)}","{(3, '?', 1, 4)}"
"(22, 11, 6, 6, 0)",3,"{(11, 22, 6)}","{(3, '?', '?', 4)}"
"(22, 11, 6, 8, 0)",1,"{(8, 11, 22, 6)}","{(3, 6, 2, 4)}"
"(22, 11, 8, 1, 0)",1,"{(8, 1, 11, 22)}","{(5, 7, 2, 4)}"
"(22, 11, 8, 5, 0)",1,"{(8, 11, 5, 22)}","{(6, 7, 2, 4)}"
"(22, 11, 8, 6, 0)",2,"{(8, 11, 22, 6)}","{(3, '?', 2, 4)}"
"(22, 11, 8, 8, 0)",1,"{(8, 11, 22)}","{('?', 6, 2, 4)}"
"(22, 13, 13, 10, 0)",1,"{(10, 13, 22)}","{(3, 5, 1, 4)}"
"(22, 13, 15, 19, 0)",1,"{(19, 13, 22, 15)}","{('?', 5, 1, 4)}"
"(22, 13, 15, 22, 0)",1,"{(13, 22, 15)}","{('?', 2, 1, 4)}"
"(22, 13, 15, 5, 0)",1,"{(5, 13, 22, 15)}","{(4, 2, 1, 4)}"
"(22, 13, 16, 19, 0)",3,"{(16, 19, 13, 22)}","{('?', '?', 0, 4)}"
"(22, 13, 16, 22, 0)",1,"{(16, 13, 22)}","{('?', 5, 0, 4)}"
"(22, 13, 19, 15, 0)",1,"{(19, 13, 22, 15)}","{('?', 2, 1, 4)}"
"(22, 13, 19, 16, 0)",2,"{(16, 19, 13, 22)}","{('?', 5, 0, 4)}"
"(22, 13, 19, 19, 0)",4,"{(19, 13, 22)}","{('?', 5, '?', 4)}"
"(22, 13, 19, 22, 0)",1,"{(19, 13, 22)}","{('?', 5, 6, 4)}"
"(22, 13, 19, 6, 0)",1,"{(19, 13, 22, 6)}","{(3, 5, 4, 4)}"
"(22, 13, 19, 8, 0)",1,"{(8, 19, 13, 22)}","{('?', 2, 2, 4)}"
"(22, 13, 22, 1, 0)",1,"{(1, 13, 22)}","{(5, 5, 5, 4)}"
"(22, 13, 22, 14, 0)",1,"{(13, 22, 14)}","{(0, 2, '?', 4)}"
"(22, 13, 22, 15, 0)",1,"{(13, 22, 15)}","{(0, 2, 1, 4)}"
"(22, 13, 22, 16, 0)",2,"{(16, 13, 22)}","{(0, '?', 0, 4)}"
"(22, 13, 22, 19, 0)",3,"{(19, 13, 22)}","{('?', '?', '?', 4)}"
"(22, 13, 22, 22, 0)",5,"{(13, 22)}","{(0, '?', '?', 4)}"
"(22, 13, 22, 24, 0)",4,"{(24, 13, 22)}","{('?', '?', '?', 4)}"
"(22, 13, 22, 5, 0)",1,"{(5, 13, 22)}","{(6, 2, '?', 4)}"
"(22, 13, 22, 8, 0)",2,"{(8, 13, 22)}","{('?', 5, 2, 4)}"
"(22, 13, 6, 19, 0)",2,"{(19, 13, 22, 6)}","{(3, 2, '?', 4)}"
"(22, 13, 6, 22, 0)",3,"{(13, 22, 6)}","{(3, '?', '?', 4)}"
"(22, 13, 6, 6, 0)",4,"{(13, 22, 6)}","{(3, '?', '?', 4)}"
"(22, 13, 8, 8, 0)",2,"{(8, 13, 22)}","{('?', '?', 2, 4)}"
"(22, 14, 11, 14, 0)",2,"{(11, 22, 14)}","{(0, 7, '?', 4)}"
"(22, 14, 16, 14, 0)",3,"{(16, 22, 14)}","{(0, '?', 0, 4)}"
"(22, 14, 22, 16, 0)",1,"{(16, 22, 14)}","{(0, 1, 0, 4)}"
"(22, 14, 22, 22, 0)",1,"{(22, 14)}","{(0, '?', 4, 4)}"
"(22, 14, 22, 8, 0)",1,"{(8, 22, 14)}","{(0, '?', 2, 4)}"
"(22, 14, 27, 22, 0)",1,"{(27, 22, 14)}","{(0, 0, '?', 4)}"
"(22, 14, 5, 13, 0)",1,"{(13, 5, 22, 14)}","{(6, 2, '?', 4)}"
"(22, 14, 6, 14, 0)",1,"{(6, 22, 14)}","{(0, 4, '?', 4)}"
"(22, 14, 6, 22, 0)",1,"{(6, 22, 14)}","{(0, 1, 4, 4)}"
"(22, 14, 6, 6, 0)",1,"{(6, 22, 14)}","{(3, 5, '?', 4)}"
"(22, 14, 8, 14, 0)",2,"{(8, 22, 14)}","{(0, '?', 2, 4)}"
"(22, 15, 11, 15, 0)",2,"{(11, 22, 15)}","{(5, '?', 1, 4)}"
"(22, 15, 11, 24, 0)",2,"{(24, 11, 22, 15)}","{('?', '?', 1, 4)}"
"(22, 15, 11, 4, 0)",2,"{(11, 4, 22, 15)}","{('?', '?', 7, 4)}"
"(22, 15, 11, 5, 0)",1,"{(11, 5, 22, 15)}","{(4, 6, 1, 4)}"
"(22, 15, 11, 6, 0)",1,"{(11, 6, 22, 15)}","{(3, 6, 1, 4)}"
"(22, 15, 13, 19, 0)",7,"{(19, 13, 22, 15)}","{('?', '?', 1, 4)}"
"(22, 15, 13, 22, 0)",1,"{(13, 22, 15)}","{(0, 5, 1, 4)}"
"(22, 15, 13, 24, 0)",2,"{(24, 13, 22, 15)}","{(1, '?', 1, 4)}"
"(22, 15, 13, 4, 0)",6,"{(4, 13, 22, 15)}","{('?', '?', '?', 4)}"
"(22, 15, 13, 5, 0)",2,"{(5, 13, 22, 15)}","{(4, '?', 1, 4)}"
"(22, 15, 14, 27, 0)",1,"{(27, 14, 22, 15)}","{(0, 0, 1, 4)}"
"(22, 15, 14, 6, 0)",1,"{(14, 6, 22, 15)}","{(0, 4, 1, 4)}"
"(22, 15, 15, 11, 0)",1,"{(11, 22, 15)}","{(5, 6, 1, 4)}"
"(22, 15, 15, 15, 0)",1,"{(22, 15)}","{(5, 6, 1, 4)}"
"(22, 15, 15, 19, 0)",4,"{(19, 22, 15)}","{(5, '?', 1, 4)}"
"(22, 15, 18, 4, 0)",1,"{(18, 4, 22, 15)}","{(2, 5, 7, 4)}"
"(22, 15, 19, 11, 0)",1,"{(11, 19, 22, 15)}","{('?', 6, 1, 4)}"
"(22, 15, 19, 13, 0)",2,"{(19, 13, 22, 15)}","{('?', 5, '?', 4)}"
"(22, 15, 19, 18, 0)",1,"{(18, 19, 22, 15)}","{(4, 5, 1, 4)}"
"(22, 15, 19, 19, 0)",4,"{(19, 22, 15)}","{('?', '?', '?', 4)}"
"(22, 15, 19, 20, 0)",2,"{(19, 20, 22, 15)}","{('?', '?', 1, 4)}"
"(22, 15, 19, 22, 0)",3,"{(19, 22, 15)}","{('?', '?', 1, 4)}"
"(22, 15, 19, 24, 0)",3,"{(24, 19, 22, 15)}","{(1, '?', 1, 4)}"
"(22, 15, 19, 27, 0)",1,"{(27, 19, 22, 15)}","{(2, 0, 7, 4)}"
"(22, 15, 19, 4, 0)",11,"{(19, 4, 22, 15)}","{('?', '?', '?', 4)}"
"(22, 15, 19, 5, 0)",4,"{(19, 5, 22, 15)}","{('?', '?', 1, 4)}"
"(22, 15, 19, 6, 0)",3,"{(19, 6, 22, 15)}","{(3, '?', 1, 4)}"
"(22, 15, 19, 9, 0)",1,"{(9, 19, 22, 15)}","{(4, 0, 1, 4)}"
"(22, 15, 20, 22, 0)",1,"{(20, 22, 15)}","{(1, 6, 1, 4)}"
"(22, 15, 20, 9, 0)",1,"{(9, 20, 22, 15)}","{(1, 0, 1, 4)}"
"(22, 15, 21, 14, 0)",1,"{(14, 21, 22, 15)}","{(0, 3, 1, 4)}"
"(22, 15, 21, 15, 0)",2,"{(21, 22, 15)}","{('?', 3, 1, 4)}"
"(22, 15, 21, 19, 0)",2,"{(19, 21, 22, 15)}","{('?', 3, 1, 4)}"
"(22, 15, 21, 20, 0)",1,"{(20, 21, 22, 15)}","{(1, 3, 1, 4)}"
"(22, 15, 21, 21, 0)",2,"{(21, 22, 15)}","{('?', 3, 1, 4)}"
"(22, 15, 21, 22, 0)",1,"{(21, 22, 15)}","{(0, 3, 1, 4)}"
"(22, 15, 21, 24, 0)",1,"{(24, 21, 22, 15)}","{(1, 3, 1, 4)}"
"(22, 15, 21, 5, 0)",1,"{(5, 21, 22, 15)}","{(4, 3, 1, 4)}"
"(22, 15, 21, 6, 0)",2,"{(6, 21, 22, 15)}","{('?', 3, 1, 4)}"
"(22, 15, 22, 15, 0)",3,"{(22, 15)}","{('?', '?', 1, 4)}"
"(22, 15, 22, 19, 0)",1,"{(19, 22, 15)}","{(0, '?', 1, 4)}"
"(22, 15, 22, 22, 0)",1,"{(22, 15)}","{(0, '?', 1, 4)}"
"(22, 15, 22, 24, 0)",2,"{(24, 22, 15)}","{('?', '?', 1, 4)}"
"(22, 15, 22, 5, 0)",1,"{(5, 22, 15)}","{(4, '?', 1, 4)}"
"(22, 15, 22, 6, 0)",1,"{(6, 22, 15)}","{(0, 4, 1, 4)}"
"(22, 15, 24, 11, 0)",1,"{(24, 11, 22, 15)}","{(2, 6, 1, 4)}"
"(22, 15, 24, 13, 0)",1,"{(24, 13, 22, 15)}","{(2, 2, 1, 4)}"
"(22, 15, 24, 20, 0)",2,"{(24, 20, 22, 15)}","{('?', '?', 1, 4)}"
"(22, 15, 24, 22, 0)",4,"{(24, 22, 15)}","{('?', '?', 1, 4)}"
"(22, 15, 27, 15, 0)",2,"{(27, 22, 15)}","{('?', 0, 1, 4)}"
"(22, 15, 27, 20, 0)",1,"{(27, 20, 22, 15)}","{(1, 0, 1, 4)}"
"(22, 15, 27, 6, 0)",1,"{(27, 6, 22, 15)}","{(3, 0, 1, 4)}"
"(22, 15, 4, 11, 0)",1,"{(11, 4, 22, 15)}","{(1, 7, 7, 4)}"
"(22, 15, 4, 13, 0)",1,"{(4, 13, 22, 15)}","{(1, 2, 7, 4)}"
"(22, 15, 4, 19, 0)",2,"{(19, 4, 22, 15)}","{('?', '?', '?', 4)}"
"(22, 15, 4, 21, 0)",1,"{(4, 21, 22, 15)}","{(2, 3, 7, 4)}"
"(22, 15, 4, 22, 0)",2,"{(4, 22, 15)}","{(1, '?', '?', 4)}"
"(22, 15, 4, 27, 0)",1,"{(27, 4, 22, 15)}","{(1, 0, 3, 4)}"
"(22, 15, 4, 4, 0)",1,"{(4, 22, 15)}","{(2, '?', 3, 4)}"
"(22, 15, 4, 9, 0)",1,"{(9, 4, 22, 15)}","{(1, '?', 7, 4)}"
"(22, 15, 5, 11, 0)",1,"{(11, 5, 22, 15)}","{(4, 6, 1, 4)}"
"(22, 15, 5, 18, 0)",1,"{(18, 5, 22, 15)}","{(6, 2, 1, 4)}"
"(22, 15, 5, 19, 0)",2,"{(19, 5, 22, 15)}","{('?', '?', 1, 4)}"
"(22, 15, 5, 21, 0)",2,"{(21, 5, 22, 15)}","{('?', 3, 1, 4)}"
"(22, 15, 5, 27, 0)",1,"{(27, 5, 22, 15)}","{(4, 0, 1, 4)}"
"(22, 15, 5, 6, 0)",2,"{(6, 5, 22, 15)}","{(6, '?', 1, 4)}"
"(22, 15, 6, 14, 0)",1,"{(6, 14, 22, 15)}","{(0, 1, 1, 4)}"
"(22, 15, 6, 15, 0)",1,"{(6, 22, 15)}","{(7, 4, 1, 4)}"
"(22, 15, 6, 4, 0)",2,"{(6, 4, 22, 15)}","{(2, 4, '?', 4)}"
"(22, 15, 9, 15, 0)",1,"{(9, 22, 15)}","{(5, 0, 1, 4)}"
"(22, 15, 9, 19, 0)",4,"{(9, 19, 22, 15)}","{('?', 0, '?', 4)}"
"(22, 15, 9, 20, 0)",1,"{(9, 20, 22, 15)}","{(1, 0, 1, 4)}"
"(22, 15, 9, 22, 0)",1,"{(9, 22, 15)}","{(0, 0, 1, 4)}"
"(22, 15, 9, 4, 0)",2,"{(9, 4, 22, 15)}","{('?', 0, 3, 4)}"
"(22, 15, 9, 5, 0)",1,"{(9, 5, 22, 15)}","{(4, 0, 1, 4)}"
"(22, 15, 9, 6, 0)",3,"{(9, 6, 22, 15)}","{('?', '?', '?', 4)}"
"(22, 15, 9, 9, 0)",3,"{(9, 22, 15)}","{('?', 0, '?', 4)}"
"(22, 16, 11, 1, 0)",2,"{(16, 1, 11, 22)}","{('?', '?', 0, 4)}"
"(22, 16, 11, 15, 0)",4,"{(16, 11, 22, 15)}","{('?', '?', 0, 4)}"
"(22, 16, 11, 16, 0)",3,"{(16, 11, 22)}","{('?', '?', 0, 4)}"
"(22, 16, 11, 8, 0)",1,"{(16, 8, 11, 22)}","{('?', 6, 0, 4)}"
"(22, 16, 13, 13, 0)",1,"{(16, 13, 22)}","{(3, 2, 0, 4)}"
"(22, 16, 13, 15, 0)",2,"{(16, 13, 22, 15)}","{('?', '?', 0, 4)}"
"(22, 16, 13, 16, 0)",1,"{(16, 13, 22)}","{('?', 5, 0, 4)}"
"(22, 16, 13, 19, 0)",2,"{(16, 19, 13, 22)}","{('?', 2, 0, 4)}"
"(22, 16, 13, 22, 0)",2,"{(16, 13, 22)}","{(6, '?', 0, 4)}"
"(22, 16, 13, 5, 0)",1,"{(16, 5, 13, 22)}","{(6, 2, 0, 4)}"
"(22, 16, 13, 8, 0)",1,"{(16, 8, 13, 22)}","{('?', 5, 0, 4)}"
"(22, 16, 14, 22, 0)",1,"{(16, 22, 14)}","{(0, '?', 0, 4)}"
"(22, 16, 14, 27, 0)",1,"{(16, 27, 22, 14)}","{(0, 0, 0, 4)}"
"(22, 16, 14, 9, 0)",1,"{(16, 9, 22, 14)}","{(0, 0, 0, 4)}"
"(22, 16, 15, 11, 0)",1,"{(16, 11, 22, 15)}","{(7, 7, 0, 4)}"
"(22, 16, 15, 15, 0)",1,"{(16, 22, 15)}","{(7, '?', 0, 4)}"
"(22, 16, 15, 19, 0)",2,"{(16, 19, 22, 15)}","{('?', '?', 0, 4)}"
"(22, 16, 15, 22, 0)",2,"{(16, 22, 15)}","{('?', '?', 0, 4)}"
"(22, 16, 15, 6, 0)",1,"{(16, 6, 22, 15)}","{(5, 1, 0, 4)}"
"(22, 16, 15, 8, 0)",2,"{(16, 8, 22, 15)}","{('?', '?', 0, 4)}"
"(22, 16, 16, 19, 0)",1,"{(16, 19, 22)}","{(3, '?', 0, 4)}"
"(22, 16, 16, 6, 0)",1,"{(16, 22, 6)}","{(3, '?', 0, 4)}"
"(22, 16, 18, 16, 0)",1,"{(16, 18, 22)}","{(6, 5, 0, 4)}"
"(22, 16, 19, 16, 0)",1,"{(16, 19, 22)}","{('?', '?', 0, 4)}"
"(22, 16, 19, 22, 0)",1,"{(16, 19, 22)}","{(6, 2, 0, 4)}"
"(22, 16, 19, 6, 0)",1,"{(16, 19, 22, 6)}","{(3, '?', 0, 4)}"
"(22, 16, 19, 8, 0)",1,"{(16, 8, 19, 22)}","{(5, 1, 0, 4)}"
"(22, 16, 21, 1, 0)",2,"{(16, 1, 21, 22)}","{('?', 3, 0, 4)}"
"(22, 16, 21, 15, 0)",1,"{(16, 21, 22, 15)}","{(5, 3, 0, 4)}"
"(22, 16, 21, 16, 0)",1,"{(16, 21, 22)}","{(5, 3, 0, 4)}"
"(22, 16, 21, 8, 0)",1,"{(16, 8, 21, 22)}","{('?', 3, 0, 4)}"
"(22, 16, 22, 22, 0)",1,"{(16, 22)}","{(0, 2, 0, 4)}"
"(22, 16, 22, 27, 0)",1,"{(16, 27, 22)}","{(0, 0, 0, 4)}"
"(22, 16, 27, 15, 0)",1,"{(16, 27, 22, 15)}","{(7, 0, 0, 4)}"
"(22, 16, 27, 19, 0)",1,"{(16, 19, 27, 22)}","{('?', 0, 0, 4)}"
"(22, 16, 27, 8, 0)",1,"{(16, 8, 27, 22)}","{(5, 0, 0, 4)}"
"(22, 16, 3, 14, 0)",1,"{(16, 3, 22, 14)}","{(0, 3, 0, 4)}"
"(22, 16, 6, 15, 0)",1,"{(16, 15, 22, 6)}","{(7, 4, 0, 4)}"
"(22, 16, 6, 16, 0)",2,"{(16, 22, 6)}","{('?', '?', 0, 4)}"
"(22, 16, 6, 19, 0)",1,"{(16, 19, 22, 6)}","{(5, 4, 0, 4)}"
"(22, 16, 6, 8, 0)",1,"{(16, 8, 22, 6)}","{(5, 1, 0, 4)}"
"(22, 16, 9, 15, 0)",1,"{(16, 9, 22, 15)}","{(7, 0, 0, 4)}"
"(22, 16, 9, 6, 0)",1,"{(16, 9, 22, 6)}","{(3, 0, 0, 4)}"
"(22, 16, 9, 8, 0)",1,"{(16, 9, 22, 8)}","{(5, 0, 0, 4)}"
"(22, 19, 11, 20, 0)",1,"{(11, 19, 20, 22)}","{('?', 6, 0, 4)}"
"(22, 19, 13, 19, 0)",2,"{(19, 13, 22)}","{('?', '?', '?', 4)}"
"(22, 19, 13, 22, 0)",4,"{(19, 13, 22)}","{('?', '?', '?', 4)}"
"(22, 19, 13, 24, 0)",1,"{(24, 19, 13, 22)}","{(2, 2, 5, 4)}"
"(22, 19, 13, 5, 0)",1,"{(5, 19, 13, 22)}","{(4, 5, '?', 4)}"
"(22, 19, 13, 6, 0)",4,"{(19, 13, 22, 6)}","{(3, '?', '?', 4)}"
"(22, 19, 14, 16, 0)",1,"{(16, 19, 22, 14)}","{(0, '?', 0, 4)}"
"(22, 19, 14, 27, 0)",3,"{(27, 19, 22, 14)}","{(0, 0, '?', 4)}"
"(22, 19, 15, 22, 0)",1,"{(19, 22, 15)}","{('?', 6, 1, 4)}"
"(22, 19, 16, 19, 0)",1,"{(16, 19, 22)}","{('?', 0, 0, 4)}"
"(22, 19, 16, 22, 0)",2,"{(16, 19, 22)}","{('?', '?', 0, 4)}"
"(22, 19, 16, 6, 0)",1,"{(16, 19, 22, 6)}","{(3, '?', 0, 4)}"
"(22, 19, 19, 16, 0)",1,"{(16, 19, 22)}","{('?', '?', 0, 4)}"
"(22, 19, 19, 19, 0)",2,"{(19, 22)}","{('?', '?', '?', 4)}"
"(22, 19, 19, 22, 0)",2,"{(19, 22)}","{('?', '?', '?', 4)}"
"(22, 19, 19, 6, 0)",1,"{(19, 22, 6)}","{(3, '?', 5, 4)}"
"(22, 19, 21, 15, 0)",1,"{(19, 21, 22, 15)}","{(5, 3, 1, 4)}"
"(22, 19, 21, 19, 0)",3,"{(19, 21, 22)}","{('?', 3, '?', 4)}"
"(22, 19, 21, 22, 0)",3,"{(19, 21, 22)}","{('?', 3, '?', 4)}"
"(22, 19, 21, 5, 0)",1,"{(5, 19, 21, 22)}","{(4, 3, '?', 4)}"
"(22, 19, 21, 6, 0)",3,"{(19, 21, 22, 6)}","{(3, 3, '?', 4)}"
"(22, 19, 22, 16, 0)",3,"{(16, 19, 22)}","{('?', '?', 0, 4)}"
"(22, 19, 22, 22, 0)",2,"{(19, 22)}","{(0, '?', '?', 4)}"
"(22, 19, 22, 24, 0)",3,"{(24, 19, 22)}","{('?', '?', '?', 4)}"
"(22, 19, 22, 27, 0)",2,"{(27, 19, 22)}","{(0, 0, '?', 4)}"
"(22, 19, 22, 6, 0)",1,"{(19, 22, 6)}","{(3, '?', '?', 4)}"
"(22, 19, 22, 9, 0)",1,"{(9, 19, 22)}","{(0, 0, 4, 4)}"
"(22, 19, 24, 13, 0)",1,"{(24, 19, 13, 22)}","{(2, 2, '?', 4)}"
"(22, 19, 24, 22, 0)",6,"{(24, 19, 22)}","{('?', '?', '?', 4)}"
"(22, 19, 27, 19, 0)",1,"{(27, 19, 22)}","{('?', 0, '?', 4)}"
"(22, 19, 27, 6, 0)",1,"{(27, 19, 22, 6)}","{(3, 0, 4, 4)}"
"(22, 19, 4, 22, 0)",1,"{(19, 4, 22)}","{(2, 2, '?', 4)}"
"(22, 19, 5, 18, 0)",1,"{(18, 19, 5, 22)}","{(4, 2, '?', 4)}"
"(22, 19, 6, 22, 0)",2,"{(19, 22, 6)}","{(3, '?', '?', 4)}"
"(22, 19, 6, 6, 0)",6,"{(19, 22, 6)}","{(3, '?', '?', 4)}"
"(22, 19, 8, 19, 0)",2,"{(8, 19, 22)}","{('?', '?', 2, 4)}"
"(22, 19, 8, 8, 0)",3,"{(8, 19, 22)}","{('?', '?', 2, 4)}"
"(22, 19, 9, 16, 0)",1,"{(16, 9, 19, 22)}","{('?', 0, 0, 4)}"
"(22, 19, 9, 19, 0)",2,"{(9, 19, 22)}","{('?', 0, '?', 4)}"
"(22, 19, 9, 22, 0)",2,"{(9, 19, 22)}","{('?', 0, '?', 4)}"
"(22, 19, 9, 24, 0)",2,"{(24, 9, 19, 22)}","{('?', '?', 6, 4)}"
"(22, 19, 9, 6, 0)",7,"{(9, 19, 22, 6)}","{('?', '?', '?', 4)}"
"(22, 19, 9, 8, 0)",1,"{(8, 9, 19, 22)}","{('?', 0, 2, 4)}"
"(22, 20, 11, 19, 0)",2,"{(19, 11, 20, 22)}","{('?', 7, 0, 4)}"
"(22, 20, 11, 20, 0)",3,"{(11, 20, 22)}","{('?', '?', 0, 4)}"
"(22, 20, 11, 22, 0)",3,"{(11, 20, 22)}","{('?', '?', 0, 4)}"
"(22, 20, 13, 19, 0)",1,"{(19, 20, 13, 22)}","{(1, 2, 0, 4)}"
"(22, 20, 13, 20, 0)",1,"{(20, 13, 22)}","{(1, 5, 0, 4)}"
"(22, 20, 13, 22, 0)",1,"{(20, 13, 22)}","{(1, 2, 0, 4)}"
"(22, 20, 19, 22, 0)",1,"{(19, 20, 22)}","{(2, '?', 0, 4)}"
"(22, 20, 20, 11, 0)",1,"{(11, 20, 22)}","{(1, 7, 0, 4)}"
"(22, 20, 21, 19, 0)",1,"{(19, 20, 21, 22)}","{(2, 3, 0, 4)}"
"(22, 20, 21, 20, 0)",2,"{(20, 21, 22)}","{('?', 3, 0, 4)}"
"(22, 20, 21, 22, 0)",3,"{(20, 21, 22)}","{('?', 3, '?', 4)}"
"(22, 20, 21, 24, 0)",1,"{(24, 20, 21, 22)}","{(2, 3, 0, 4)}"
"(22, 20, 22, 20, 0)",5,"{(20, 22)}","{('?', '?', 0, 4)}"
"(22, 20, 27, 20, 0)",1,"{(27, 20, 22)}","{(1, 0, 0, 4)}"
"(22, 20, 6, 16, 0)",1,"{(16, 20, 22, 6)}","{('?', 4, 0, 4)}"
"(22, 20, 9, 20, 0)",2,"{(9, 20, 22)}","{('?', 0, 0, 4)}"
"(22, 20, 9, 22, 0)",2,"{(9, 20, 22)}","{('?', 0, 0, 4)}"
"(22, 21, 14, 8, 0)",1,"{(8, 21, 22, 14)}","{(0, 3, 2, 4)}"
"(22, 21, 15, 19, 0)",1,"{(19, 21, 22, 15)}","{('?', 3, 1, 4)}"
"(22, 21, 16, 14, 0)",1,"{(16, 21, 22, 14)}","{(0, 3, 0, 4)}"
"(22, 21, 16, 19, 0)",2,"{(16, 19, 21, 22)}","{('?', 3, 0, 4)}"
"(22, 21, 16, 5, 0)",1,"{(16, 5, 21, 22)}","{(4, 3, 0, 4)}"
"(22, 21, 16, 6, 0)",1,"{(16, 21, 22, 6)}","{(3, 3, 0, 4)}"
"(22, 21, 19, 16, 0)",2,"{(16, 19, 21, 22)}","{('?', 3, 0, 4)}"
"(22, 21, 19, 19, 0)",1,"{(19, 21, 22)}","{('?', 3, '?', 4)}"
"(22, 21, 19, 22, 0)",2,"{(19, 21, 22)}","{(0, 3, '?', 4)}"
"(22, 21, 19, 24, 0)",2,"{(24, 19, 21, 22)}","{(1, 3, '?', 4)}"
"(22, 21, 20, 20, 0)",1,"{(20, 21, 22)}","{(2, 3, 0, 4)}"
"(22, 21, 20, 22, 0)",1,"{(20, 21, 22)}","{(2, 3, 0, 4)}"
"(22, 21, 21, 6, 0)",2,"{(21, 22, 6)}","{(3, 3, '?', 4)}"
"(22, 21, 22, 16, 0)",1,"{(16, 21, 22)}","{(0, 3, 0, 4)}"
"(22, 21, 22, 19, 0)",1,"{(19, 21, 22)}","{(0, 3, '?', 4)}"
"(22, 21, 22, 22, 0)",2,"{(21, 22)}","{(0, 3, '?', 4)}"
"(22, 21, 22, 5, 0)",2,"{(5, 21, 22)}","{(0, 3, '?', 4)}"
"(22, 21, 22, 8, 0)",1,"{(8, 21, 22)}","{(0, 3, 2, 4)}"
"(22, 21, 24, 19, 0)",1,"{(24, 19, 21, 22)}","{(1, 3, '?', 4)}"
"(22, 21, 24, 22, 0)",2,"{(24, 21, 22)}","{('?', 3, '?', 4)}"
"(22, 21, 24, 8, 0)",1,"{(24, 8, 21, 22)}","{(2, 3, 2, 4)}"
"(22, 21, 5, 16, 0)",2,"{(16, 5, 21, 22)}","{('?', 3, 0, 4)}"
"(22, 21, 5, 19, 0)",1,"{(5, 19, 21, 22)}","{(4, 3, '?', 4)}"
"(22, 21, 5, 8, 0)",1,"{(8, 5, 21, 22)}","{(4, 3, 2, 4)}"
"(22, 21, 6, 6, 0)",2,"{(21, 22, 6)}","{(3, 3, '?', 4)}"
"(22, 21, 8, 14, 0)",1,"{(8, 21, 22, 14)}","{(0, 3, 2, 4)}"
"(22, 21, 8, 19, 0)",1,"{(8, 19, 21, 22)}","{('?', 3, 2, 4)}"
"(22, 21, 8, 24, 0)",1,"{(8, 24, 21, 22)}","{(2, 3, 2, 4)}"
"(22, 21, 8, 5, 0)",1,"{(8, 5, 21, 22)}","{(4, 3, 2, 4)}"
"(22, 21, 8, 6, 0)",1,"{(8, 21, 22, 6)}","{(3, 3, 2, 4)}"
"(22, 21, 8, 8, 0)",2,"{(8, 21, 22)}","{('?', 3, 2, 4)}"
"(22, 22, 11, 6, 0)",2,"{(11, 22, 6)}","{(3, '?', 6, 4)}"
"(22, 22, 13, 22, 0)",2,"{(13, 22)}","{(0, 5, '?', 4)}"
"(22, 22, 14, 20, 0)",1,"{(20, 22, 14)}","{(0, 1, 0, 4)}"
"(22, 22, 14, 22, 0)",1,"{(22, 14)}","{(0, '?', 4, 4)}"
"(22, 22, 14, 8, 0)",1,"{(8, 22, 14)}","{(0, 0, 2, 4)}"
"(22, 22, 15, 13, 0)",1,"{(13, 22, 15)}","{('?', 5, 1, 4)}"
"(22, 22, 15, 14, 0)",1,"{(14, 22, 15)}","{(0, 1, 1, 4)}"
"(22, 22, 15, 15, 0)",1,"{(22, 15)}","{(7, 1, 1, 4)}"
"(22, 22, 15, 16, 0)",1,"{(16, 22, 15)}","{(7, '?', 0, 4)}"
"(22, 22, 15, 19, 0)",1,"{(19, 22, 15)}","{('?', 5, 1, 4)}"
"(22, 22, 15, 8, 0)",2,"{(8, 22, 15)}","{('?', '?', 0, 4)}"
"(22, 22, 16, 14, 0)",2,"{(16, 22, 14)}","{(0, '?', 0, 4)}"
"(22, 22, 16, 22, 0)",1,"{(16, 22)}","{(0, '?', 0, 4)}"
"(22, 22, 19, 6, 0)",1,"{(19, 22, 6)}","{(3, 5, '?', 4)}"
"(22, 22, 21, 20, 0)",1,"{(20, 21, 22)}","{(1, 3, 0, 4)}"
"(22, 22, 21, 22, 0)",1,"{(21, 22)}","{(0, 3, 4, 4)}"
"(22, 22, 21, 24, 0)",1,"{(24, 21, 22)}","{(1, 3, 6, 4)}"
"(22, 22, 22, 13, 0)",1,"{(13, 22)}","{(0, 2, 6, 4)}"
"(22, 22, 22, 16, 0)",1,"{(16, 22)}","{(0, '?', 0, 4)}"
"(22, 22, 22, 19, 0)",3,"{(19, 22)}","{(0, '?', '?', 4)}"
"(22, 22, 22, 22, 0)",6,"{(22,)}","{(0, '?', '?', 4)}"
"(22, 22, 24, 13, 0)",1,"{(24, 13, 22)}","{(2, 5, '?', 4)}"
"(22, 22, 27, 14, 0)",1,"{(27, 22, 14)}","{(0, 0, '?', 4)}"
"(22, 22, 27, 22, 0)",2,"{(27, 22)}","{(0, 0, '?', 4)}"
"(22, 22, 4, 13, 0)",1,"{(4, 13, 22)}","{(6, 2, 3, 4)}"
"(22, 22, 8, 14, 0)",1,"{(8, 22, 14)}","{(0, '?', 2, 4)}"
"(22, 22, 8, 8, 0)",1,"{(8, 22)}","{(0, '?', 2, 4)}"
"(22, 22, 9, 20, 0)",1,"{(9, 20, 22)}","{(1, 0, 0, 4)}"
"(22, 24, 11, 19, 0)",1,"{(24, 19, 11, 22)}","{(1, 6, '?', 4)}"
"(22, 24, 11, 24, 0)",5,"{(24, 11, 22)}","{('?', '?', '?', 4)}"
"(22, 24, 11, 8, 0)",4,"{(24, 8, 11, 22)}","{('?', '?', 2, 4)}"
"(22, 24, 13, 19, 0)",2,"{(24, 19, 13, 22)}","{(2, '?', '?', 4)}"
"(22, 24, 13, 22, 0)",1,"{(24, 13, 22)}","{(1, 5, '?', 4)}"
"(22, 24, 13, 8, 0)",2,"{(24, 8, 13, 22)}","{('?', '?', 2, 4)}"
"(22, 24, 22, 19, 0)",2,"{(24, 19, 22)}","{('?', '?', '?', 4)}"
"(22, 24, 22, 24, 0)",4,"{(24, 22)}","{('?', '?', '?', 4)}"
"(22, 24, 22, 8, 0)",5,"{(24, 8, 22)}","{('?', '?', 2, 4)}"
"(22, 24, 27, 22, 0)",1,"{(24, 27, 22)}","{(1, 0, '?', 4)}"
"(22, 24, 27, 24, 0)",1,"{(24, 27, 22)}","{(2, 0, '?', 4)}"
"(22, 24, 27, 8, 0)",2,"{(24, 8, 27, 22)}","{('?', 0, 2, 4)}"
"(22, 24, 6, 19, 0)",2,"{(24, 19, 22, 6)}","{(2, '?', '?', 4)}"
"(22, 24, 6, 24, 0)",2,"{(24, 22, 6)}","{(2, '?', '?', 4)}"
"(22, 24, 6, 8, 0)",2,"{(24, 8, 22, 6)}","{('?', 4, 2, 4)}"
"(22, 24, 8, 19, 0)",1,"{(24, 8, 19, 22)}","{(2, '?', 2, 4)}"
"(22, 24, 8, 24, 0)",5,"{(24, 8, 22)}","{('?', '?', 2, 4)}"
"(22, 24, 8, 8, 0)",3,"{(24, 8, 22)}","{('?', '?', 2, 4)}"
"(22, 24, 9, 19, 0)",1,"{(24, 9, 19, 22)}","{(2, 0, '?', 4)}"
"(22, 24, 9, 24, 0)",3,"{(24, 9, 22)}","{('?', 0, '?', 4)}"
"(22, 24, 9, 8, 0)",1,"{(24, 9, 22, 8)}","{(1, '?', 2, 4)}"
"(22, 25, 16, 14, 0)",1,"{(16, 25, 22, 14)}","{(0, 6, 0, 4)}"
"(22, 27, 14, 16, 0)",1,"{(16, 27, 22, 14)}","{(0, 0, 0, 4)}"
"(22, 27, 14, 22, 0)",1,"{(27, 22, 14)}","{(0, 0, '?', 4)}"
"(22, 27, 14, 8, 0)",1,"{(8, 27, 22, 14)}","{(0, 0, 2, 4)}"
"(22, 27, 15, 15, 0)",1,"{(27, 22, 15)}","{(7, 0, '?', 4)}"
"(22, 27, 22, 14, 0)",1,"{(27, 22, 14)}","{(0, 0, 2, 4)}"
"(22, 27, 22, 22, 0)",2,"{(27, 22)}","{(0, 0, '?', 4)}"
"(22, 27, 22, 8, 0)",1,"{(8, 27, 22)}","{(0, 0, 2, 4)}"
"(22, 27, 24, 19, 0)",1,"{(24, 19, 27, 22)}","{(1, 0, '?', 4)}"
"(22, 27, 24, 22, 0)",2,"{(24, 27, 22)}","{(2, 0, '?', 4)}"
"(22, 27, 24, 8, 0)",2,"{(24, 8, 27, 22)}","{('?', 0, '?', 4)}"
"(22, 27, 6, 6, 0)",1,"{(27, 22, 6)}","{(3, 0, '?', 4)}"
"(22, 27, 8, 1, 0)",1,"{(8, 1, 27, 22)}","{(5, 0, 2, 4)}"
"(22, 27, 8, 14, 0)",1,"{(8, 27, 22, 14)}","{(0, 0, 2, 4)}"
"(22, 27, 8, 19, 0)",1,"{(8, 19, 27, 22)}","{('?', 0, 2, 4)}"
"(22, 27, 8, 6, 0)",2,"{(8, 27, 22, 6)}","{(3, '?', 2, 4)}"
"(22, 3, 1, 1, 0)",1,"{(1, 3, 22)}","{(5, 3, 2, 4)}"
"(22, 3, 1, 8, 0)",1,"{(8, 1, 3, 22)}","{(5, 3, 2, 4)}"
"(22, 3, 14, 8, 0)",1,"{(8, 3, 22, 14)}","{(0, 3, 2, 4)}"
"(22, 3, 15, 15, 0)",1,"{(3, 22, 15)}","{(7, 3, '?', 4)}"
"(22, 4, 11, 19, 0)",3,"{(19, 11, 4, 22)}","{('?', '?', '?', 4)}"
"(22, 4, 13, 19, 0)",3,"{(19, 4, 13, 22)}","{('?', '?', '?', 4)}"
"(22, 4, 13, 22, 0)",4,"{(4, 13, 22)}","{('?', '?', '?', 4)}"
"(22, 4, 13, 4, 0)",1,"{(4, 13, 22)}","{(1, 2, 7, 4)}"
"(22, 4, 13, 5, 0)",1,"{(5, 4, 13, 22)}","{(6, 2, 3, 4)}"
"(22, 4, 13, 6, 0)",1,"{(4, 13, 22, 6)}","{(3, 2, 7, 4)}"
"(22, 4, 14, 27, 0)",2,"{(27, 4, 22, 14)}","{('?', 0, '?', 4)}"
"(22, 4, 19, 19, 0)",2,"{(19, 4, 22)}","{('?', '?', '?', 4)}"
"(22, 4, 19, 21, 0)",2,"{(19, 4, 21, 22)}","{('?', 3, '?', 4)}"
"(22, 4, 19, 22, 0)",2,"{(19, 4, 22)}","{('?', '?', 3, 4)}"
"(22, 4, 19, 27, 0)",1,"{(27, 19, 4, 22)}","{('?', 0, 7, 4)}"
"(22, 4, 19, 4, 0)",2,"{(19, 4, 22)}","{('?', '?', 3, 4)}"
"(22, 4, 19, 5, 0)",1,"{(19, 4, 5, 22)}","{(4, 3, 3, 4)}"
"(22, 4, 21, 19, 0)",4,"{(19, 4, 21, 22)}","{('?', 3, '?', 4)}"
"(22, 4, 21, 21, 0)",3,"{(4, 21, 22)}","{('?', 3, '?', 4)}"
"(22, 4, 21, 5, 0)",2,"{(5, 4, 21, 22)}","{(4, 3, '?', 4)}"
"(22, 4, 21, 6, 0)",2,"{(4, 21, 22, 6)}","{(3, 3, '?', 4)}"
"(22, 4, 22, 13, 0)",1,"{(4, 13, 22)}","{('?', 2, 7, 4)}"
"(22, 4, 22, 22, 0)",1,"{(4, 22)}","{(6, 2, 7, 4)}"
"(22, 4, 5, 27, 0)",1,"{(27, 4, 5, 22)}","{(6, 0, 3, 4)}"
"(22, 4, 6, 19, 0)",1,"{(19, 4, 22, 6)}","{(2, 4, 3, 4)}"
"(22, 4, 6, 5, 0)",1,"{(4, 5, 22, 6)}","{(4, 4, 3, 4)}"
"(22, 4, 9, 19, 0)",3,"{(9, 19, 4, 22)}","{('?', 0, '?', 4)}"
"(22, 4, 9, 22, 0)",1,"{(9, 4, 22)}","{(0, 0, '?', 4)}"
"(22, 4, 9, 6, 0)",1,"{(9, 4, 22, 6)}","{(3, 0, 7, 4)}"
"(22, 5, 1, 11, 0)",1,"{(1, 11, 5, 22)}","{(5, 6, 2, 4)}"
"(22, 5, 11, 15, 0)",1,"{(11, 5, 22, 15)}","{(4, 7, 1, 4)}"
"(22, 5, 11, 19, 0)",4,"{(19, 11, 5, 22)}","{('?', '?', '?', 4)}"
"(22, 5, 11, 5, 0)",1,"{(11, 5, 22)}","{(4, 6, '?', 4)}"
"(22, 5, 11, 8, 0)",1,"{(8, 11, 5, 22)}","{(6, 7, 2, 4)}"
"(22, 5, 13, 16, 0)",1,"{(16, 13, 5, 22)}","{(6, 5, 0, 4)}"
"(22, 5, 13, 19, 0)",1,"{(13, 19, 5, 22)}","{(4, 5, '?', 4)}"
"(22, 5, 15, 22, 0)",2,"{(5, 22, 15)}","{('?', '?', 1, 4)}"
"(22, 5, 15, 5, 0)",1,"{(5, 22, 15)}","{(4, '?', 1, 4)}"
"(22, 5, 15, 6, 0)",2,"{(6, 5, 22, 15)}","{(4, '?', 1, 4)}"
"(22, 5, 15, 9, 0)",1,"{(9, 5, 22, 15)}","{(4, 0, 1, 4)}"
"(22, 5, 16, 11, 0)",3,"{(16, 11, 5, 22)}","{('?', '?', 0, 4)}"
"(22, 5, 16, 13, 0)",1,"{(16, 13, 5, 22)}","{(6, 5, 0, 4)}"
"(22, 5, 16, 16, 0)",3,"{(16, 5, 22)}","{('?', '?', 0, 4)}"
"(22, 5, 16, 22, 0)",4,"{(16, 5, 22)}","{('?', '?', 0, 4)}"
"(22, 5, 16, 27, 0)",2,"{(16, 27, 5, 22)}","{('?', 0, 0, 4)}"
"(22, 5, 16, 5, 0)",1,"{(16, 5, 22)}","{(4, 4, 0, 4)}"
"(22, 5, 16, 6, 0)",3,"{(16, 5, 22, 6)}","{('?', '?', 0, 4)}"
"(22, 5, 16, 8, 0)",1,"{(16, 8, 5, 22)}","{(4, 2, 2, 4)}"
"(22, 5, 16, 9, 0)",2,"{(16, 9, 5, 22)}","{('?', 0, 0, 4)}"
"(22, 5, 18, 19, 0)",1,"{(18, 19, 5, 22)}","{(6, 2, 4, 4)}"
"(22, 5, 18, 22, 0)",1,"{(18, 5, 22)}","{(4, 5, '?', 4)}"
"(22, 5, 18, 5, 0)",1,"{(18, 5, 22)}","{(4, 2, '?', 4)}"
"(22, 5, 19, 19, 0)",2,"{(19, 5, 22)}","{(4, '?', '?', 4)}"
"(22, 5, 19, 22, 0)",1,"{(19, 5, 22)}","{(6, '?', '?', 4)}"
"(22, 5, 19, 8, 0)",1,"{(8, 19, 5, 22)}","{(4, 6, 2, 4)}"
"(22, 5, 21, 15, 0)",2,"{(21, 5, 22, 15)}","{('?', 3, 1, 4)}"
"(22, 5, 21, 16, 0)",1,"{(16, 21, 5, 22)}","{(6, 3, 0, 4)}"
"(22, 5, 21, 19, 0)",3,"{(21, 19, 5, 22)}","{('?', 3, '?', 4)}"
"(22, 5, 21, 21, 0)",2,"{(21, 5, 22)}","{('?', 3, '?', 4)}"
"(22, 5, 21, 22, 0)",2,"{(21, 5, 22)}","{('?', 3, '?', 4)}"
"(22, 5, 21, 5, 0)",3,"{(21, 5, 22)}","{('?', 3, '?', 4)}"
"(22, 5, 21, 8, 0)",1,"{(8, 21, 5, 22)}","{(4, 3, 2, 4)}"
"(22, 5, 22, 1, 0)",1,"{(1, 5, 22)}","{(4, '?', '?', 4)}"
"(22, 5, 22, 18, 0)",1,"{(18, 5, 22)}","{(4, 2, '?', 4)}"
"(22, 5, 22, 19, 0)",3,"{(19, 5, 22)}","{('?', '?', '?', 4)}"
"(22, 5, 22, 21, 0)",1,"{(21, 5, 22)}","{(4, 3, 4, 4)}"
"(22, 5, 22, 8, 0)",1,"{(8, 5, 22)}","{(4, 6, 2, 4)}"
"(22, 5, 27, 15, 0)",2,"{(27, 5, 22, 15)}","{('?', 0, 1, 4)}"
"(22, 5, 27, 16, 0)",2,"{(16, 27, 5, 22)}","{('?', 0, 0, 4)}"
"(22, 5, 27, 19, 0)",2,"{(19, 27, 5, 22)}","{('?', 0, '?', 4)}"
"(22, 5, 27, 22, 0)",2,"{(27, 5, 22)}","{('?', 0, '?', 4)}"
"(22, 5, 27, 4, 0)",1,"{(27, 4, 5, 22)}","{(4, 0, 7, 4)}"
"(22, 5, 27, 5, 0)",1,"{(27, 5, 22)}","{(4, 0, '?', 4)}"
"(22, 5, 27, 8, 0)",1,"{(8, 27, 5, 22)}","{(6, 0, 2, 4)}"
"(22, 5, 3, 5, 0)",1,"{(3, 5, 22)}","{(4, 3, '?', 4)}"
"(22, 5, 4, 27, 0)",2,"{(27, 4, 5, 22)}","{('?', 0, '?', 4)}"
"(22, 5, 4, 5, 0)",2,"{(4, 5, 22)}","{(4, '?', '?', 4)}"
"(22, 5, 4, 9, 0)",2,"{(9, 4, 5, 22)}","{(4, 0, '?', 4)}"
"(22, 5, 5, 19, 0)",2,"{(19, 5, 22)}","{('?', '?', '?', 4)}"
"(22, 5, 5, 22, 0)",2,"{(5, 22)}","{('?', '?', '?', 4)}"
"(22, 5, 5, 27, 0)",1,"{(27, 5, 22)}","{(4, 0, 3, 4)}"
"(22, 5, 5, 4, 0)",1,"{(4, 5, 22)}","{(4, '?', 3, 4)}"
"(22, 5, 6, 14, 0)",1,"{(14, 5, 22, 6)}","{(6, 4, '?', 4)}"
"(22, 5, 6, 15, 0)",2,"{(15, 5, 22, 6)}","{('?', 1, 1, 4)}"
"(22, 5, 6, 16, 0)",3,"{(16, 5, 22, 6)}","{('?', '?', 0, 4)}"
"(22, 5, 6, 19, 0)",5,"{(19, 5, 22, 6)}","{('?', '?', '?', 4)}"
"(22, 5, 6, 21, 0)",2,"{(21, 5, 22, 6)}","{('?', 4, '?', 4)}"
"(22, 5, 6, 22, 0)",3,"{(5, 22, 6)}","{(6, '?', '?', 4)}"
"(22, 5, 6, 5, 0)",3,"{(5, 22, 6)}","{('?', '?', '?', 4)}"
"(22, 5, 6, 8, 0)",3,"{(8, 5, 22, 6)}","{('?', '?', 2, 4)}"
"(22, 5, 8, 11, 0)",2,"{(8, 11, 5, 22)}","{(4, '?', 2, 4)}"
"(22, 5, 8, 13, 0)",1,"{(8, 13, 5, 22)}","{(4, 5, 2, 4)}"
"(22, 5, 8, 19, 0)",2,"{(8, 19, 5, 22)}","{(4, '?', 2, 4)}"
"(22, 5, 8, 27, 0)",1,"{(8, 27, 5, 22)}","{(4, '?', 2, 4)}"
"(22, 5, 8, 6, 0)",2,"{(8, 5, 22, 6)}","{(4, '?', 2, 4)}"
"(22, 5, 8, 8, 0)",3,"{(8, 5, 22)}","{(4, '?', 2, 4)}"
"(22, 5, 9, 16, 0)",1,"{(16, 9, 5, 22)}","{(4, 0, 0, 4)}"
"(22, 5, 9, 19, 0)",1,"{(9, 19, 5, 22)}","{(4, 0, '?', 4)}"
"(22, 5, 9, 5, 0)",1,"{(9, 5, 22)}","{(4, 0, '?', 4)}"
"(22, 5, 9, 8, 0)",1,"{(8, 9, 5, 22)}","{(6, 0, 2, 4)}"
"(22, 6, 1, 1, 0)",2,"{(1, 22, 6)}","{('?', 4, 2, 4)}"
"(22, 6, 1, 15, 0)",2,"{(1, 15, 22, 6)}","{('?', '?', '?', 4)}"
"(22, 6, 1, 22, 0)",3,"{(1, 22, 6)}","{('?', '?', '?', 4)}"
"(22, 6, 1, 24, 0)",1,"{(24, 1, 22, 6)}","{(2, 4, '?', 4)}"
"(22, 6, 1, 8, 0)",2,"{(8, 1, 22, 6)}","{('?', 4, 2, 4)}"
"(22, 6, 14, 16, 0)",2,"{(16, 14, 22, 6)}","{(0, '?', 0, 4)}"
"(22, 6, 14, 19, 0)",4,"{(19, 14, 22, 6)}","{(0, '?', '?', 4)}"
"(22, 6, 14, 22, 0)",1,"{(14, 22, 6)}","{(0, 4, '?', 4)}"
"(22, 6, 15, 19, 0)",2,"{(19, 15, 22, 6)}","{('?', '?', 1, 4)}"
"(22, 6, 15, 24, 0)",1,"{(24, 15, 22, 6)}","{(1, 4, 1, 4)}"
"(22, 6, 15, 4, 0)",1,"{(15, 4, 22, 6)}","{(2, 1, 3, 4)}"
"(22, 6, 15, 5, 0)",3,"{(15, 5, 22, 6)}","{('?', '?', 1, 4)}"
"(22, 6, 15, 6, 0)",1,"{(15, 22, 6)}","{(3, 4, 1, 4)}"
"(22, 6, 16, 14, 0)",1,"{(16, 14, 22, 6)}","{(0, 4, 0, 4)}"
"(22, 6, 16, 16, 0)",2,"{(16, 22, 6)}","{('?', '?', 0, 4)}"
"(22, 6, 16, 22, 0)",3,"{(16, 22, 6)}","{('?', 4, 0, 4)}"
"(22, 6, 16, 6, 0)",1,"{(16, 22, 6)}","{(3, 4, 0, 4)}"
"(22, 6, 19, 19, 0)",3,"{(19, 22, 6)}","{('?', '?', '?', 4)}"
"(22, 6, 19, 21, 0)",1,"{(19, 21, 22, 6)}","{('?', 4, '?', 4)}"
"(22, 6, 19, 22, 0)",5,"{(19, 22, 6)}","{('?', '?', '?', 4)}"
"(22, 6, 22, 15, 0)",4,"{(15, 22, 6)}","{('?', '?', '?', 4)}"
"(22, 6, 22, 16, 0)",2,"{(16, 22, 6)}","{(0, '?', 0, 4)}"
"(22, 6, 22, 19, 0)",2,"{(19, 22, 6)}","{('?', '?', '?', 4)}"
"(22, 6, 22, 22, 0)",2,"{(22, 6)}","{(0, 1, '?', 4)}"
"(22, 6, 22, 24, 0)",1,"{(24, 22, 6)}","{(2, 1, '?', 4)}"
"(22, 6, 22, 5, 0)",1,"{(5, 22, 6)}","{(6, 1, 1, 4)}"
"(22, 6, 22, 6, 0)",1,"{(22, 6)}","{(3, 7, '?', 4)}"
"(22, 6, 22, 8, 0)",1,"{(8, 22, 6)}","{(1, 4, 2, 4)}"
"(22, 6, 24, 19, 0)",1,"{(24, 19, 22, 6)}","{(2, 4, '?', 4)}"
"(22, 6, 24, 22, 0)",2,"{(24, 22, 6)}","{(2, '?', '?', 4)}"
"(22, 6, 24, 8, 0)",1,"{(24, 8, 22, 6)}","{(1, 4, 2, 4)}"
"(22, 6, 4, 19, 0)",2,"{(19, 4, 22, 6)}","{('?', 4, '?', 4)}"
"(22, 6, 5, 15, 0)",4,"{(15, 5, 22, 6)}","{('?', '?', 1, 4)}"
"(22, 6, 5, 16, 0)",1,"{(16, 5, 22, 6)}","{(6, 1, 0, 4)}"
"(22, 6, 5, 19, 0)",1,"{(19, 5, 22, 6)}","{(6, 4, 1, 4)}"
"(22, 6, 5, 8, 0)",1,"{(8, 5, 22, 6)}","{(6, 4, 2, 4)}"
"(22, 6, 6, 22, 0)",2,"{(22, 6)}","{(3, 1, '?', 4)}"
"(22, 6, 6, 6, 0)",7,"{(22, 6)}","{(3, '?', '?', 4)}"
"(22, 6, 8, 24, 0)",2,"{(8, 24, 22, 6)}","{(1, '?', 2, 4)}"
"(22, 6, 8, 6, 0)",1,"{(8, 22, 6)}","{(3, 1, 2, 4)}"
"(22, 6, 8, 8, 0)",1,"{(8, 22, 6)}","{('?', 4, 2, 4)}"
"(22, 8, 1, 11, 0)",3,"{(8, 1, 11, 22)}","{('?', '?', 2, 4)}"
"(22, 8, 11, 1, 0)",1,"{(8, 1, 11, 22)}","{(7, 6, 2, 4)}"
"(22, 8, 27, 8, 0)",1,"{(8, 27, 22)}","{(5, 0, 2, 4)}"
"(22, 8, 6, 8, 0)",1,"{(8, 22, 6)}","{(3, 6, 2, 4)}"
"(22, 8, 8, 1, 0)",1,"{(8, 1, 22)}","{(5, 6, 2, 4)}"
"(22, 8, 8, 11, 0)",1,"{(8, 11, 22)}","{('?', 6, 2, 4)}"
"(22, 9, 1, 8, 0)",2,"{(8, 9, 22, 1)}","{('?', 0, 2, 4)}"
"(22, 9, 15, 24, 0)",1,"{(24, 9, 22, 15)}","{(1, 0, 1, 4)}"
"(22, 9, 16, 19, 0)",1,"{(16, 9, 19, 22)}","{('?', 0, 0, 4)}"
"(22, 9, 16, 6, 0)",1,"{(16, 9, 22, 6)}","{(3, 0, 0, 4)}"
"(22, 9, 20, 22, 0)",1,"{(9, 20, 22)}","{(2, 0, 0, 4)}"
"(22, 9, 22, 19, 0)",1,"{(9, 19, 22)}","{(0, 0, 1, 4)}"
"(22, 9, 24, 19, 0)",2,"{(24, 9, 19, 22)}","{('?', 0, '?', 4)}"
"(22, 9, 6, 6, 0)",1,"{(9, 22, 6)}","{(3, 0, 2, 4)}"
"(22, 9, 6, 8, 0)",1,"{(8, 9, 22, 6)}","{(3, 0, '?', 4)}"
"(22, 9, 8, 19, 0)",2,"{(8, 9, 19, 22)}","{('?', 0, 2, 4)}"
"(22, 9, 8, 6, 0)",1,"{(8, 9, 22, 6)}","{(3, 0, 2, 4)}"
"(22, 9, 9, 24, 0)",1,"{(24, 9, 22)}","{(1, 0, '?', 4)}"
"(22, 9, 9, 6, 0)",1,"{(9, 22, 6)}","{(3, 0, '?', 4)}"
"(23, 1, 11, 15, 0)",5,"{(1, 11, 15, 23)}","{('?', '?', '?', 1)}"
"(23, 1, 11, 19, 0)",4,"{(19, 1, 11, 23)}","{('?', '?', '?', 1)}"
"(23, 1, 11, 22, 0)",2,"{(1, 11, 22, 23)}","{(0, '?', 5, 1)}"
"(23, 1, 11, 24, 0)",5,"{(24, 1, 11, 23)}","{('?', '?', '?', 1)}"
"(23, 1, 11, 6, 0)",1,"{(1, 11, 6, 23)}","{(3, 7, 4, 1)}"
"(23, 1, 13, 13, 0)",2,"{(1, 13, 23)}","{('?', 5, 6, 1)}"
"(23, 1, 13, 15, 0)",4,"{(1, 15, 13, 23)}","{('?', '?', '?', 1)}"
"(23, 1, 13, 19, 0)",8,"{(1, 19, 13, 23)}","{('?', '?', '?', 1)}"
"(23, 1, 13, 22, 0)",3,"{(1, 13, 22, 23)}","{(0, '?', '?', 1)}"
"(23, 1, 13, 24, 0)",4,"{(24, 1, 13, 23)}","{('?', '?', '?', 1)}"
"(23, 1, 13, 5, 0)",1,"{(1, 5, 13, 23)}","{(5, 2, 6, 1)}"
"(23, 1, 13, 6, 0)",5,"{(1, 13, 6, 23)}","{(3, '?', '?', 1)}"
"(23, 1, 15, 19, 0)",3,"{(1, 19, 15, 23)}","{('?', '?', '?', 1)}"
"(23, 1, 18, 22, 0)",1,"{(1, 18, 22, 23)}","{(0, 2, 6, 1)}"
"(23, 1, 19, 15, 0)",3,"{(1, 19, 15, 23)}","{('?', '?', '?', 1)}"
"(23, 1, 19, 19, 0)",1,"{(1, 19, 23)}","{('?', '?', 4, 1)}"
"(23, 1, 19, 24, 0)",3,"{(24, 1, 19, 23)}","{('?', '?', '?', 1)}"
"(23, 1, 19, 6, 0)",2,"{(1, 19, 6, 23)}","{(3, '?', '?', 1)}"
"(23, 1, 21, 15, 0)",2,"{(1, 15, 21, 23)}","{('?', 3, '?', 1)}"
"(23, 1, 21, 19, 0)",1,"{(1, 19, 21, 23)}","{('?', 3, 4, 1)}"
"(23, 1, 21, 24, 0)",1,"{(24, 1, 21, 23)}","{(1, 3, 5, 1)}"
"(23, 1, 21, 5, 0)",2,"{(1, 5, 21, 23)}","{('?', 3, '?', 1)}"
"(23, 1, 24, 13, 0)",1,"{(24, 1, 13, 23)}","{(1, 2, 5, 1)}"
"(23, 1, 24, 19, 0)",3,"{(24, 1, 19, 23)}","{('?', '?', '?', 1)}"
"(23, 1, 24, 6, 0)",3,"{(24, 1, 6, 23)}","{(2, '?', '?', 1)}"
"(23, 1, 27, 17, 0)",1,"{(1, 27, 17, 23)}","{(5, 0, 2, 0)}"
"(23, 1, 27, 24, 0)",1,"{(24, 1, 27, 23)}","{(2, 0, 5, 1)}"
"(23, 1, 27, 6, 0)",2,"{(1, 27, 6, 23)}","{(3, '?', '?', 1)}"
"(23, 1, 5, 21, 0)",1,"{(1, 21, 5, 23)}","{(4, 3, 4, 1)}"
"(23, 1, 6, 19, 0)",3,"{(1, 19, 6, 23)}","{('?', 4, '?', 1)}"
"(23, 1, 6, 24, 0)",4,"{(24, 1, 6, 23)}","{('?', '?', '?', 1)}"
"(23, 1, 6, 6, 0)",1,"{(1, 6, 23)}","{(3, 4, 4, 1)}"
"(23, 1, 9, 15, 0)",1,"{(1, 15, 9, 23)}","{(7, 0, 6, 1)}"
"(23, 1, 9, 24, 0)",2,"{(24, 1, 9, 23)}","{('?', 0, 6, 1)}"
"(23, 1, 9, 6, 0)",3,"{(1, 6, 9, 23)}","{('?', '?', '?', 1)}"
"(23, 11, 1, 1, 0)",5,"{(1, 11, 23)}","{('?', '?', '?', '?')}"
"(23, 11, 1, 15, 0)",6,"{(1, 11, 15, 23)}","{(5, '?', '?', 1)}"
"(23, 11, 1, 19, 0)",2,"{(19, 1, 11, 23)}","{('?', '?', 6, 1)}"
"(23, 11, 14, 14, 0)",1,"{(11, 14, 23)}","{(0, 6, 0, 1)}"
"(23, 11, 14, 22, 0)",1,"{(11, 22, 14, 23)}","{(0, 7, '?', 1)}"
"(23, 11, 15, 1, 0)",1,"{(1, 11, 15, 23)}","{(7, 6, 2, 1)}"
"(23, 11, 15, 15, 0)",4,"{(11, 15, 23)}","{('?', '?', 1, 1)}"
"(23, 11, 15, 16, 0)",1,"{(16, 11, 15, 23)}","{(1, 7, 1, 1)}"
"(23, 11, 15, 19, 0)",6,"{(19, 11, 15, 23)}","{('?', '?', '?', 1)}"
"(23, 11, 15, 24, 0)",4,"{(24, 11, 15, 23)}","{('?', '?', 1, 1)}"
"(23, 11, 15, 4, 0)",3,"{(11, 15, 4, 23)}","{('?', 6, '?', 1)}"
"(23, 11, 15, 5, 0)",1,"{(11, 15, 5, 23)}","{(6, 7, 1, 1)}"
"(23, 11, 15, 6, 0)",2,"{(11, 15, 6, 23)}","{(3, '?', 1, 1)}"
"(23, 11, 16, 14, 0)",2,"{(16, 11, 14, 23)}","{(0, '?', 0, 1)}"
"(23, 11, 16, 15, 0)",1,"{(16, 11, 15, 23)}","{(7, 7, 0, 1)}"
"(23, 11, 16, 16, 0)",4,"{(16, 11, 23)}","{('?', '?', 0, 1)}"
"(23, 11, 16, 19, 0)",6,"{(16, 19, 11, 23)}","{('?', '?', 0, 1)}"
"(23, 11, 16, 22, 0)",2,"{(16, 11, 22, 23)}","{(0, '?', 0, 1)}"
"(23, 11, 16, 23, 0)",1,"{(16, 11, 23)}","{('?', 7, 0, 1)}"
"(23, 11, 16, 6, 0)",1,"{(16, 11, 6, 23)}","{(3, 7, 0, 1)}"
"(23, 11, 17, 1, 0)",1,"{(17, 11, 1, 23)}","{(5, 6, 2, 7)}"
"(23, 11, 19, 1, 0)",2,"{(19, 1, 11, 23)}","{('?', 6, '?', 1)}"
"(23, 11, 19, 14, 0)",5,"{(19, 11, 14, 23)}","{(0, '?', '?', 1)}"
"(23, 11, 19, 16, 0)",1,"{(19, 16, 11, 23)}","{('?', 6, 0, 1)}"
"(23, 11, 19, 19, 0)",8,"{(19, 11, 23)}","{('?', '?', '?', 1)}"
"(23, 11, 19, 22, 0)",2,"{(19, 11, 22, 23)}","{(0, 7, '?', 1)}"
"(23, 11, 19, 23, 0)",2,"{(19, 11, 23)}","{('?', '?', '?', 1)}"
"(23, 11, 19, 8, 0)",1,"{(19, 8, 11, 23)}","{('?', 6, 2, 1)}"
"(23, 11, 20, 20, 0)",2,"{(11, 20, 23)}","{('?', 7, 0, '?')}"
"(23, 11, 20, 23, 0)",2,"{(11, 20, 23)}","{('?', '?', 0, 1)}"
"(23, 11, 20, 24, 0)",2,"{(24, 11, 20, 23)}","{('?', '?', 0, 1)}"
"(23, 11, 20, 4, 0)",3,"{(11, 20, 4, 23)}","{('?', '?', '?', 1)}"
"(23, 11, 22, 14, 0)",6,"{(11, 14, 22, 23)}","{(0, '?', '?', 1)}"
"(23, 11, 22, 19, 0)",1,"{(19, 11, 22, 23)}","{(0, 6, 4, 1)}"
"(23, 11, 22, 22, 0)",1,"{(11, 22, 23)}","{(0, 7, '?', 1)}"
"(23, 11, 24, 15, 0)",1,"{(24, 11, 15, 23)}","{(1, 6, 1, 1)}"
"(23, 11, 24, 19, 0)",14,"{(24, 19, 11, 23)}","{('?', '?', '?', 1)}"
"(23, 11, 24, 22, 0)",1,"{(24, 11, 22, 23)}","{(1, 6, 2, 1)}"
"(23, 11, 24, 23, 0)",2,"{(24, 11, 23)}","{(2, '?', '?', '?')}"
"(23, 11, 24, 25, 0)",1,"{(24, 25, 11, 23)}","{(2, 7, 4, 1)}"
"(23, 11, 24, 4, 0)",2,"{(24, 11, 4, 23)}","{(2, 6, '?', 1)}"
"(23, 11, 24, 6, 0)",2,"{(24, 11, 6, 23)}","{('?', '?', 5, 1)}"
"(23, 11, 24, 8, 0)",1,"{(24, 8, 11, 23)}","{(2, 7, 2, 1)}"
"(23, 11, 4, 19, 0)",2,"{(19, 11, 4, 23)}","{('?', 7, '?', 1)}"
"(23, 11, 5, 15, 0)",1,"{(11, 15, 5, 23)}","{(6, 7, 1, 1)}"
"(23, 11, 5, 19, 0)",5,"{(19, 11, 5, 23)}","{('?', '?', '?', '?')}"
"(23, 11, 5, 8, 0)",2,"{(8, 11, 5, 23)}","{('?', 7, 2, 1)}"
"(23, 11, 6, 6, 0)",6,"{(11, 6, 23)}","{(3, '?', '?', 1)}"
"(23, 11, 8, 1, 0)",5,"{(8, 1, 11, 23)}","{('?', '?', 2, '?')}"
"(23, 11, 8, 19, 0)",2,"{(8, 19, 11, 23)}","{('?', '?', 2, 1)}"
"(23, 11, 8, 24, 0)",4,"{(8, 24, 11, 23)}","{('?', '?', 2, 1)}"
"(23, 11, 8, 6, 0)",4,"{(8, 11, 6, 23)}","{(3, '?', 2, '?')}"
"(23, 11, 8, 8, 0)",3,"{(8, 11, 23)}","{('?', '?', 2, '?')}"
"(23, 13, 1, 1, 0)",1,"{(1, 13, 23)}","{(5, 5, 2, 1)}"
"(23, 13, 1, 15, 0)",6,"{(1, 15, 13, 23)}","{('?', '?', '?', 1)}"
"(23, 13, 1, 8, 0)",1,"{(8, 1, 13, 23)}","{(7, 5, 2, 1)}"
"(23, 13, 14, 8, 0)",2,"{(8, 13, 14, 23)}","{(0, '?', 2, 1)}"
"(23, 13, 15, 15, 0)",2,"{(15, 13, 23)}","{('?', 5, '?', 1)}"
"(23, 13, 15, 5, 0)",1,"{(5, 15, 13, 23)}","{(4, 5, 1, 1)}"
"(23, 13, 16, 13, 0)",1,"{(16, 13, 23)}","{('?', 5, 0, 1)}"
"(23, 13, 16, 15, 0)",2,"{(16, 15, 13, 23)}","{(7, '?', 0, 1)}"
"(23, 13, 16, 19, 0)",2,"{(16, 19, 13, 23)}","{('?', '?', 0, 1)}"
"(23, 13, 16, 22, 0)",1,"{(16, 13, 22, 23)}","{(0, 5, 0, 1)}"
"(23, 13, 16, 6, 0)",1,"{(16, 13, 6, 23)}","{(3, 5, 0, 1)}"
"(23, 13, 19, 1, 0)",3,"{(1, 19, 13, 23)}","{('?', '?', '?', 1)}"
"(23, 13, 19, 15, 0)",1,"{(19, 15, 13, 23)}","{(7, 2, '?', 1)}"
"(23, 13, 19, 16, 0)",3,"{(16, 19, 13, 23)}","{('?', '?', 0, 1)}"
"(23, 13, 19, 19, 0)",2,"{(19, 13, 23)}","{('?', '?', '?', 1)}"
"(23, 13, 19, 5, 0)",1,"{(5, 19, 13, 23)}","{(6, 5, 2, 1)}"
"(23, 13, 19, 8, 0)",2,"{(8, 19, 13, 23)}","{('?', '?', 2, 1)}"
"(23, 13, 22, 14, 0)",2,"{(14, 13, 22, 23)}","{(0, 5, '?', 1)}"
"(23, 13, 22, 15, 0)",1,"{(15, 13, 22, 23)}","{(0, 5, 1, 1)}"
"(23, 13, 22, 22, 0)",1,"{(13, 22, 23)}","{(0, 5, 4, 1)}"
"(23, 13, 22, 8, 0)",1,"{(8, 13, 22, 23)}","{(0, 2, 2, 1)}"
"(23, 13, 24, 13, 0)",1,"{(24, 13, 23)}","{(2, 5, '?', 1)}"
"(23, 13, 24, 19, 0)",2,"{(24, 19, 13, 23)}","{('?', 5, '?', 1)}"
"(23, 13, 24, 22, 0)",1,"{(24, 13, 22, 23)}","{(2, 5, '?', 1)}"
"(23, 13, 5, 8, 0)",2,"{(8, 5, 13, 23)}","{('?', '?', 2, 1)}"
"(23, 13, 6, 6, 0)",2,"{(13, 6, 23)}","{(3, '?', '?', 1)}"
"(23, 13, 8, 1, 0)",4,"{(8, 1, 13, 23)}","{('?', '?', 2, '?')}"
"(23, 13, 8, 14, 0)",1,"{(8, 13, 14, 23)}","{(0, 2, 2, 1)}"
"(23, 13, 8, 19, 0)",2,"{(8, 19, 13, 23)}","{('?', '?', 2, 1)}"
"(23, 13, 8, 23, 0)",1,"{(8, 13, 23)}","{('?', 5, 2, 1)}"
"(23, 13, 8, 24, 0)",3,"{(8, 24, 13, 23)}","{('?', '?', 2, 1)}"
"(23, 13, 8, 8, 0)",3,"{(8, 13, 23)}","{('?', '?', 2, '?')}"
"(23, 14, 11, 8, 0)",1,"{(8, 11, 14, 23)}","{(0, 6, 2, 3)}"
"(23, 14, 8, 6, 0)",1,"{(8, 6, 14, 23)}","{(0, 1, 2, 1)}"
"(23, 15, 11, 15, 0)",4,"{(11, 15, 23)}","{('?', '?', 1, 1)}"
"(23, 15, 11, 4, 0)",2,"{(11, 15, 4, 23)}","{(1, '?', '?', 1)}"
"(23, 15, 11, 6, 0)",1,"{(11, 15, 6, 23)}","{(3, 6, 1, 1)}"
"(23, 15, 13, 15, 0)",1,"{(15, 13, 23)}","{(5, 5, 1, 1)}"
"(23, 15, 13, 4, 0)",2,"{(4, 15, 13, 23)}","{(1, 2, '?', 1)}"
"(23, 15, 14, 6, 0)",1,"{(15, 6, 14, 23)}","{(0, 4, 1, 1)}"
"(23, 15, 15, 11, 0)",1,"{(11, 15, 23)}","{(7, 6, 1, 1)}"
"(23, 15, 15, 19, 0)",1,"{(19, 15, 23)}","{(5, 4, 1, 1)}"
"(23, 15, 18, 15, 0)",1,"{(18, 15, 23)}","{(5, 2, 1, 1)}"
"(23, 15, 19, 19, 0)",1,"{(19, 15, 23)}","{('?', '?', 1, 1)}"
"(23, 15, 19, 23, 0)",1,"{(19, 15, 23)}","{('?', 6, 1, 1)}"
"(23, 15, 19, 4, 0)",2,"{(19, 15, 4, 23)}","{('?', '?', 7, 1)}"
"(23, 15, 19, 6, 0)",1,"{(19, 15, 6, 23)}","{(3, '?', 1, 1)}"
"(23, 15, 21, 19, 0)",1,"{(19, 15, 21, 23)}","{('?', 3, 1, 1)}"
"(23, 15, 21, 24, 0)",2,"{(24, 15, 21, 23)}","{('?', 3, 1, 1)}"
"(23, 15, 21, 5, 0)",1,"{(5, 15, 21, 23)}","{(4, 3, 1, 1)}"
"(23, 15, 21, 6, 0)",2,"{(15, 21, 6, 23)}","{('?', 3, '?', 1)}"
"(23, 15, 22, 14, 0)",1,"{(15, 14, 22, 23)}","{(0, '?', 1, 1)}"
"(23, 15, 23, 6, 0)",1,"{(15, 6, 23)}","{(3, '?', 1, 1)}"
"(23, 15, 24, 19, 0)",2,"{(24, 19, 15, 23)}","{('?', '?', 1, 1)}"
"(23, 15, 24, 21, 0)",1,"{(24, 15, 21, 23)}","{(2, 3, 1, 1)}"
"(23, 15, 24, 6, 0)",3,"{(24, 15, 6, 23)}","{('?', '?', 1, 1)}"
"(23, 15, 24, 9, 0)",1,"{(24, 9, 15, 23)}","{(2, 3, 1, 1)}"
"(23, 15, 27, 15, 0)",1,"{(27, 15, 23)}","{(7, 0, 1, 1)}"
"(23, 15, 27, 4, 0)",1,"{(27, 15, 4, 23)}","{(2, 0, 3, 1)}"
"(23, 15, 4, 21, 0)",1,"{(21, 15, 4, 23)}","{(2, 3, 7, 1)}"
"(23, 15, 4, 23, 0)",2,"{(15, 4, 23)}","{(2, '?', '?', 1)}"
"(23, 15, 5, 19, 0)",1,"{(19, 15, 5, 23)}","{(6, '?', 1, 1)}"
"(23, 15, 5, 21, 0)",2,"{(21, 15, 5, 23)}","{('?', 3, 1, 1)}"
"(23, 15, 5, 22, 0)",1,"{(15, 5, 22, 23)}","{(0, 4, 1, 1)}"
"(23, 15, 5, 27, 0)",1,"{(27, 15, 5, 23)}","{(6, 0, 1, 3)}"
"(23, 15, 5, 6, 0)",1,"{(15, 5, 6, 23)}","{(6, 4, 1, 1)}"
"(23, 15, 6, 14, 0)",1,"{(15, 14, 6, 23)}","{(0, 4, 1, 1)}"
"(23, 15, 6, 15, 0)",3,"{(15, 6, 23)}","{('?', '?', 1, 1)}"
"(23, 15, 6, 19, 0)",2,"{(19, 15, 6, 23)}","{('?', '?', 1, 1)}"
"(23, 15, 6, 4, 0)",1,"{(15, 4, 6, 23)}","{(1, 1, 7, 1)}"
"(23, 15, 9, 15, 0)",2,"{(9, 15, 23)}","{('?', 0, 1, 1)}"
"(23, 15, 9, 19, 0)",1,"{(9, 19, 15, 23)}","{('?', '?', 1, 1)}"
"(23, 15, 9, 20, 0)",1,"{(9, 15, 20, 23)}","{(2, 0, 1, 1)}"
"(23, 15, 9, 24, 0)",1,"{(24, 9, 15, 23)}","{(2, 0, 1, 1)}"
"(23, 15, 9, 4, 0)",1,"{(9, 15, 4, 23)}","{(2, 0, 3, 1)}"
"(23, 15, 9, 6, 0)",1,"{(9, 15, 6, 23)}","{(3, 3, 1, 1)}"
"(23, 16, 11, 15, 0)",2,"{(16, 11, 15, 23)}","{('?', '?', 0, 1)}"
"(23, 16, 13, 15, 0)",3,"{(16, 15, 13, 23)}","{('?', '?', 0, 1)}"
"(23, 16, 13, 23, 0)",2,"{(16, 13, 23)}","{(5, '?', 0, 1)}"
"(23, 16, 13, 6, 0)",1,"{(16, 13, 6, 23)}","{(3, 5, 0, 1)}"
"(23, 16, 15, 19, 0)",3,"{(16, 19, 15, 23)}","{('?', '?', 0, 1)}"
"(23, 16, 16, 23, 0)",1,"{(16, 23)}","{(5, 2, 0, 1)}"
"(23, 16, 19, 15, 0)",3,"{(16, 19, 15, 23)}","{('?', '?', 0, 1)}"
"(23, 16, 19, 16, 0)",1,"{(16, 19, 23)}","{(5, '?', 0, 1)}"
"(23, 16, 19, 23, 0)",1,"{(16, 19, 23)}","{(5, 5, 0, 1)}"
"(23, 16, 19, 6, 0)",3,"{(16, 19, 6, 23)}","{(3, '?', 0, '?')}"
"(23, 16, 21, 1, 0)",2,"{(16, 1, 21, 23)}","{('?', 3, 0, 1)}"
"(23, 16, 21, 15, 0)",1,"{(16, 15, 21, 23)}","{(7, 3, 0, 1)}"
"(23, 16, 23, 13, 0)",1,"{(16, 13, 23)}","{(5, 5, 0, 1)}"
"(23, 16, 23, 15, 0)",1,"{(16, 15, 23)}","{(5, '?', 0, 1)}"
"(23, 16, 27, 14, 0)",1,"{(16, 27, 14, 23)}","{(0, 0, 0, 1)}"
"(23, 16, 27, 15, 0)",3,"{(16, 27, 15, 23)}","{('?', '?', 0, 1)}"
"(23, 16, 27, 6, 0)",1,"{(16, 27, 6, 23)}","{(3, 3, 0, 1)}"
"(23, 16, 3, 15, 0)",1,"{(16, 3, 15, 23)}","{(7, 3, 0, 1)}"
"(23, 16, 3, 16, 0)",1,"{(16, 3, 23)}","{(5, 3, 0, 1)}"
"(23, 16, 6, 1, 0)",1,"{(16, 1, 6, 23)}","{(7, 4, 0, 1)}"
"(23, 16, 6, 15, 0)",2,"{(16, 15, 6, 23)}","{('?', '?', 0, 1)}"
"(23, 16, 6, 16, 0)",1,"{(16, 6, 23)}","{(5, 4, 0, 1)}"
"(23, 16, 6, 6, 0)",1,"{(16, 6, 23)}","{(3, '?', 0, 1)}"
"(23, 16, 9, 15, 0)",2,"{(16, 9, 15, 23)}","{('?', 0, 0, 1)}"
"(23, 16, 9, 8, 0)",1,"{(16, 9, 8, 23)}","{('?', 0, 0, 1)}"
"(23, 17, 1, 1, 0)",2,"{(17, 1, 23)}","{(5, '?', 2, '?')}"
"(23, 17, 14, 8, 0)",1,"{(8, 17, 14, 23)}","{(0, '?', 2, 7)}"
"(23, 18, 15, 14, 0)",1,"{(18, 15, 14, 23)}","{(0, 5, 1, 1)}"
"(23, 18, 15, 23, 0)",2,"{(18, 15, 23)}","{('?', 2, '?', 1)}"
"(23, 18, 15, 4, 0)",1,"{(18, 15, 4, 23)}","{(1, 2, 7, 1)}"
"(23, 18, 16, 14, 0)",1,"{(16, 18, 14, 23)}","{(0, 5, 0, 1)}"
"(23, 18, 16, 19, 0)",1,"{(16, 18, 19, 23)}","{(6, 5, 0, 1)}"
"(23, 18, 16, 22, 0)",1,"{(16, 18, 22, 23)}","{(0, 5, 0, 1)}"
"(23, 18, 16, 6, 0)",1,"{(16, 18, 6, 23)}","{(3, 5, 0, 1)}"
"(23, 18, 23, 5, 0)",1,"{(18, 5, 23)}","{(6, 2, 7, 1)}"
"(23, 18, 4, 10, 0)",1,"{(18, 10, 4, 23)}","{(3, 2, 3, 1)}"
"(23, 18, 4, 14, 0)",1,"{(18, 4, 14, 23)}","{(0, 2, 7, 1)}"
"(23, 18, 4, 23, 0)",1,"{(18, 4, 23)}","{(4, 2, 7, 1)}"
"(23, 18, 4, 6, 0)",3,"{(18, 4, 6, 23)}","{(3, '?', '?', 1)}"
"(23, 18, 6, 6, 0)",2,"{(18, 6, 23)}","{(3, '?', '?', 1)}"
"(23, 19, 1, 11, 0)",2,"{(11, 1, 19, 23)}","{('?', 6, '?', 1)}"
"(23, 19, 1, 13, 0)",4,"{(1, 19, 13, 23)}","{('?', '?', '?', 1)}"
"(23, 19, 1, 15, 0)",8,"{(1, 19, 15, 23)}","{('?', '?', '?', 1)}"
"(23, 19, 1, 19, 0)",2,"{(1, 19, 23)}","{(7, '?', '?', 1)}"
"(23, 19, 1, 21, 0)",1,"{(1, 19, 21, 23)}","{(5, 3, '?', 1)}"
"(23, 19, 1, 9, 0)",1,"{(1, 19, 9, 23)}","{(7, 0, 2, 1)}"
"(23, 19, 11, 1, 0)",3,"{(11, 1, 19, 23)}","{(5, '?', '?', 1)}"
"(23, 19, 11, 15, 0)",1,"{(11, 19, 15, 23)}","{(5, 6, 1, 1)}"
"(23, 19, 11, 16, 0)",1,"{(11, 16, 19, 23)}","{(5, 7, 0, 1)}"
"(23, 19, 11, 19, 0)",2,"{(11, 19, 23)}","{('?', 6, '?', 1)}"
"(23, 19, 11, 23, 0)",1,"{(11, 19, 23)}","{(5, 6, 6, 1)}"
"(23, 19, 13, 10, 0)",1,"{(10, 19, 13, 23)}","{(7, 5, '?', 1)}"
"(23, 19, 13, 19, 0)",6,"{(19, 13, 23)}","{('?', '?', '?', 1)}"
"(23, 19, 13, 24, 0)",1,"{(24, 19, 13, 23)}","{(2, 5, '?', 1)}"
"(23, 19, 13, 6, 0)",2,"{(19, 13, 6, 23)}","{('?', '?', '?', 1)}"
"(23, 19, 13, 8, 0)",3,"{(8, 19, 13, 23)}","{('?', '?', 2, 1)}"
"(23, 19, 14, 14, 0)",1,"{(19, 14, 23)}","{(0, '?', 2, 1)}"
"(23, 19, 14, 8, 0)",1,"{(8, 19, 14, 23)}","{(0, '?', 2, 1)}"
"(23, 19, 15, 11, 0)",1,"{(11, 19, 15, 23)}","{(5, 6, 1, 1)}"
"(23, 19, 15, 19, 0)",2,"{(19, 15, 23)}","{('?', '?', 1, 1)}"
"(23, 19, 15, 20, 0)",1,"{(19, 15, 20, 23)}","{(2, '?', 1, 1)}"
"(23, 19, 15, 23, 0)",1,"{(19, 15, 23)}","{(5, 1, 1, 1)}"
"(23, 19, 15, 24, 0)",2,"{(24, 19, 15, 23)}","{('?', '?', 1, 1)}"
"(23, 19, 15, 6, 0)",1,"{(19, 15, 6, 23)}","{(3, '?', 1, 1)}"
"(23, 19, 16, 13, 0)",5,"{(16, 19, 13, 23)}","{('?', '?', 0, 1)}"
"(23, 19, 16, 15, 0)",3,"{(16, 19, 15, 23)}","{('?', '?', 0, 1)}"
"(23, 19, 16, 16, 0)",1,"{(16, 19, 23)}","{(5, '?', 0, 1)}"
"(23, 19, 16, 18, 0)",1,"{(16, 18, 19, 23)}","{(0, 2, 0, 1)}"
"(23, 19, 16, 19, 0)",1,"{(16, 19, 23)}","{('?', '?', 0, 1)}"
"(23, 19, 16, 21, 0)",3,"{(16, 19, 21, 23)}","{('?', '?', 0, 1)}"
"(23, 19, 16, 22, 0)",1,"{(16, 19, 22, 23)}","{(0, 2, 0, 1)}"
"(23, 19, 16, 23, 0)",1,"{(16, 19, 23)}","{(7, 5, 0, 1)}"
"(23, 19, 16, 9, 0)",2,"{(16, 9, 19, 23)}","{('?', 0, 0, 1)}"
"(23, 19, 18, 16, 0)",2,"{(16, 18, 19, 23)}","{('?', 5, 0, 1)}"
"(23, 19, 18, 22, 0)",2,"{(18, 19, 22, 23)}","{(0, '?', 1, 1)}"
"(23, 19, 19, 11, 0)",1,"{(11, 19, 23)}","{('?', 6, '?', 1)}"
"(23, 19, 19, 13, 0)",1,"{(19, 13, 23)}","{('?', 2, 4, 1)}"
"(23, 19, 19, 16, 0)",1,"{(16, 19, 23)}","{('?', '?', 0, 1)}"
"(23, 19, 19, 19, 0)",5,"{(19, 23)}","{('?', '?', '?', 1)}"
"(23, 19, 19, 22, 0)",1,"{(19, 22, 23)}","{(0, '?', '?', 1)}"
"(23, 19, 20, 13, 0)",3,"{(19, 20, 13, 23)}","{('?', '?', 0, 1)}"
"(23, 19, 20, 19, 0)",4,"{(19, 20, 23)}","{('?', '?', '?', 1)}"
"(23, 19, 20, 20, 0)",4,"{(19, 20, 23)}","{('?', '?', 0, 1)}"
"(23, 19, 20, 21, 0)",1,"{(19, 20, 21, 23)}","{(2, 3, 0, 1)}"
"(23, 19, 20, 23, 0)",3,"{(19, 20, 23)}","{('?', '?', 0, 1)}"
"(23, 19, 20, 24, 0)",2,"{(24, 19, 20, 23)}","{('?', 4, '?', 1)}"
"(23, 19, 20, 6, 0)",3,"{(19, 20, 6, 23)}","{('?', '?', 0, 1)}"
"(23, 19, 20, 9, 0)",1,"{(9, 19, 20, 23)}","{(2, 3, 0, 1)}"
"(23, 19, 21, 1, 0)",2,"{(1, 19, 21, 23)}","{('?', 3, '?', 1)}"
"(23, 19, 21, 15, 0)",2,"{(19, 15, 21, 23)}","{('?', 3, '?', 1)}"
"(23, 19, 21, 19, 0)",6,"{(19, 21, 23)}","{('?', 3, '?', 1)}"
"(23, 19, 21, 22, 0)",1,"{(19, 21, 22, 23)}","{(0, 3, '?', 1)}"
"(23, 19, 21, 23, 0)",2,"{(19, 21, 23)}","{('?', 3, '?', 1)}"
"(23, 19, 21, 24, 0)",4,"{(24, 19, 21, 23)}","{('?', 3, '?', 1)}"
"(23, 19, 21, 5, 0)",2,"{(5, 19, 21, 23)}","{('?', 3, '?', 1)}"
"(23, 19, 21, 6, 0)",4,"{(19, 21, 6, 23)}","{(3, 3, '?', 1)}"
"(23, 19, 21, 8, 0)",2,"{(8, 19, 21, 23)}","{('?', 3, 2, 1)}"
"(23, 19, 22, 22, 0)",5,"{(19, 22, 23)}","{(0, '?', '?', 1)}"
"(23, 19, 22, 4, 0)",1,"{(19, 4, 22, 23)}","{(0, '?', '?', 1)}"
"(23, 19, 22, 8, 0)",2,"{(8, 19, 22, 23)}","{(0, '?', 2, 1)}"
"(23, 19, 23, 24, 0)",1,"{(24, 19, 23)}","{(1, '?', 4, 1)}"
"(23, 19, 24, 13, 0)",2,"{(24, 19, 13, 23)}","{('?', '?', '?', 1)}"
"(23, 19, 24, 18, 0)",3,"{(24, 18, 19, 23)}","{('?', '?', '?', 1)}"
"(23, 19, 24, 19, 0)",7,"{(24, 19, 23)}","{('?', '?', '?', 1)}"
"(23, 19, 24, 21, 0)",2,"{(24, 19, 21, 23)}","{('?', 3, '?', 1)}"
"(23, 19, 24, 23, 0)",1,"{(24, 19, 23)}","{(2, 5, '?', 1)}"
"(23, 19, 24, 24, 0)",1,"{(24, 19, 23)}","{(1, 1, '?', 1)}"
"(23, 19, 24, 25, 0)",2,"{(24, 25, 19, 23)}","{('?', '?', '?', 1)}"
"(23, 19, 24, 6, 0)",8,"{(24, 19, 6, 23)}","{('?', '?', '?', 1)}"
"(23, 19, 27, 15, 0)",1,"{(27, 19, 15, 23)}","{(5, 0, 4, 1)}"
"(23, 19, 27, 6, 0)",2,"{(27, 19, 6, 23)}","{('?', 0, '?', 1)}"
"(23, 19, 27, 8, 0)",1,"{(27, 8, 19, 23)}","{(7, 0, 2, 1)}"
"(23, 19, 4, 23, 0)",1,"{(19, 4, 23)}","{(1, 2, 3, 1)}"
"(23, 19, 5, 13, 0)",4,"{(13, 19, 5, 23)}","{('?', '?', '?', 1)}"
"(23, 19, 5, 16, 0)",1,"{(16, 19, 5, 23)}","{(4, '?', 0, 1)}"
"(23, 19, 5, 18, 0)",1,"{(18, 19, 5, 23)}","{(6, 2, '?', 1)}"
"(23, 19, 5, 21, 0)",1,"{(21, 19, 5, 23)}","{(6, 3, 4, 1)}"
"(23, 19, 5, 27, 0)",1,"{(27, 19, 5, 23)}","{(4, 0, 2, 1)}"
"(23, 19, 5, 5, 0)",1,"{(19, 5, 23)}","{(4, '?', 1, 1)}"
"(23, 19, 6, 13, 0)",4,"{(19, 13, 6, 23)}","{(3, '?', '?', 1)}"
"(23, 19, 6, 15, 0)",1,"{(19, 15, 6, 23)}","{(3, '?', 1, 1)}"
"(23, 19, 6, 16, 0)",2,"{(16, 19, 6, 23)}","{('?', '?', 0, 1)}"
"(23, 19, 6, 19, 0)",2,"{(19, 6, 23)}","{('?', 1, '?', 1)}"
"(23, 19, 6, 21, 0)",1,"{(19, 21, 6, 23)}","{(3, 3, 5, 1)}"
"(23, 19, 6, 6, 0)",1,"{(19, 6, 23)}","{(3, 0, '?', 1)}"
"(23, 19, 6, 8, 0)",2,"{(8, 19, 6, 23)}","{(3, '?', 2, 1)}"
"(23, 19, 6, 9, 0)",2,"{(9, 19, 6, 23)}","{(3, 3, '?', 1)}"
"(23, 19, 8, 1, 0)",7,"{(8, 1, 19, 23)}","{('?', '?', 2, '?')}"
"(23, 19, 8, 13, 0)",4,"{(8, 19, 13, 23)}","{('?', '?', 2, 1)}"
"(23, 19, 8, 14, 0)",2,"{(8, 19, 14, 23)}","{(0, '?', 2, 1)}"
"(23, 19, 8, 19, 0)",4,"{(8, 19, 23)}","{('?', '?', 2, 1)}"
"(23, 19, 8, 23, 0)",4,"{(8, 19, 23)}","{('?', '?', 2, 1)}"
"(23, 19, 8, 24, 0)",5,"{(8, 24, 19, 23)}","{('?', '?', 2, 1)}"
"(23, 19, 8, 27, 0)",1,"{(8, 27, 19, 23)}","{(5, 0, 2, 1)}"
"(23, 19, 8, 6, 0)",3,"{(8, 19, 6, 23)}","{(3, '?', 2, 1)}"
"(23, 19, 8, 8, 0)",5,"{(8, 19, 23)}","{('?', '?', 2, 1)}"
"(23, 19, 9, 1, 0)",4,"{(9, 19, 1, 23)}","{('?', 0, '?', 1)}"
"(23, 19, 9, 14, 0)",2,"{(9, 19, 14, 23)}","{(0, 0, '?', 1)}"
"(23, 19, 9, 16, 0)",4,"{(16, 9, 19, 23)}","{('?', 0, 0, 1)}"
"(23, 19, 9, 19, 0)",2,"{(9, 19, 23)}","{('?', 0, '?', 1)}"
"(23, 19, 9, 24, 0)",4,"{(24, 9, 19, 23)}","{('?', '?', '?', 1)}"
"(23, 19, 9, 25, 0)",1,"{(9, 19, 25, 23)}","{('?', 0, '?', 1)}"
"(23, 19, 9, 5, 0)",1,"{(9, 19, 5, 23)}","{(6, 0, 2, 1)}"
"(23, 19, 9, 6, 0)",4,"{(9, 19, 6, 23)}","{('?', 0, '?', 1)}"
"(23, 19, 9, 8, 0)",5,"{(8, 9, 19, 23)}","{('?', 0, '?', 1)}"
"(23, 20, 13, 19, 0)",2,"{(19, 20, 13, 23)}","{('?', '?', 0, 1)}"
"(23, 20, 13, 20, 0)",1,"{(20, 13, 23)}","{(1, 2, 0, 1)}"
"(23, 20, 13, 24, 0)",1,"{(24, 20, 13, 23)}","{(2, 5, 0, 1)}"
"(23, 20, 18, 19, 0)",1,"{(18, 19, 20, 23)}","{(2, 2, 0, 1)}"
"(23, 20, 18, 23, 0)",1,"{(18, 20, 23)}","{(1, 2, 0, 1)}"
"(23, 20, 18, 24, 0)",2,"{(24, 18, 20, 23)}","{(2, '?', 0, 1)}"
"(23, 20, 20, 18, 0)",1,"{(18, 20, 23)}","{(1, 2, 0, 1)}"
"(23, 20, 24, 18, 0)",1,"{(24, 18, 20, 23)}","{(2, 2, 0, 1)}"
"(23, 20, 6, 20, 0)",2,"{(20, 6, 23)}","{(1, '?', 0, 1)}"
"(23, 20, 6, 24, 0)",1,"{(24, 20, 6, 23)}","{(2, 4, 0, 1)}"
"(23, 20, 9, 20, 0)",2,"{(9, 20, 23)}","{(1, 0, '?', 1)}"
"(23, 20, 9, 24, 0)",1,"{(24, 9, 20, 23)}","{(1, 0, 0, 1)}"
"(23, 21, 1, 15, 0)",2,"{(1, 15, 21, 23)}","{('?', 3, '?', 1)}"
"(23, 21, 15, 19, 0)",3,"{(19, 15, 21, 23)}","{('?', 3, '?', 1)}"
"(23, 21, 15, 22, 0)",1,"{(15, 21, 22, 23)}","{(0, 3, 1, 1)}"
"(23, 21, 15, 24, 0)",2,"{(24, 15, 21, 23)}","{('?', 3, 1, 1)}"
"(23, 21, 15, 5, 0)",2,"{(5, 15, 21, 23)}","{('?', 3, 1, 1)}"
"(23, 21, 16, 15, 0)",1,"{(16, 15, 21, 23)}","{(5, 3, 0, 1)}"
"(23, 21, 16, 19, 0)",3,"{(16, 19, 21, 23)}","{('?', 3, 0, 1)}"
"(23, 21, 16, 5, 0)",1,"{(16, 5, 21, 23)}","{(6, 3, 0, 1)}"
"(23, 21, 17, 8, 0)",1,"{(8, 17, 21, 23)}","{(5, 3, 2, 0)}"
"(23, 21, 19, 14, 0)",1,"{(19, 21, 14, 23)}","{(0, 3, '?', 1)}"
"(23, 21, 19, 16, 0)",1,"{(16, 19, 21, 23)}","{(0, 3, 0, 1)}"
"(23, 21, 19, 19, 0)",4,"{(19, 21, 23)}","{('?', 3, '?', 1)}"
"(23, 21, 19, 22, 0)",1,"{(19, 21, 22, 23)}","{(0, 3, '?', 1)}"
"(23, 21, 19, 23, 0)",1,"{(19, 21, 23)}","{('?', 3, '?', 1)}"
"(23, 21, 19, 8, 0)",3,"{(8, 19, 21, 23)}","{('?', 3, 2, 1)}"
"(23, 21, 20, 19, 0)",3,"{(19, 20, 21, 23)}","{('?', 3, 0, '?')}"
"(23, 21, 20, 21, 0)",1,"{(20, 21, 23)}","{(2, 3, 0, 1)}"
"(23, 21, 20, 24, 0)",2,"{(24, 20, 21, 23)}","{('?', 3, 0, 1)}"
"(23, 21, 21, 16, 0)",1,"{(16, 21, 23)}","{(0, 3, 0, 1)}"
"(23, 21, 21, 19, 0)",3,"{(19, 21, 23)}","{('?', 3, '?', 1)}"
"(23, 21, 21, 5, 0)",2,"{(5, 21, 23)}","{(4, 3, '?', 1)}"
"(23, 21, 22, 14, 0)",1,"{(14, 21, 22, 23)}","{(0, 3, 2, 1)}"
"(23, 21, 23, 16, 0)",1,"{(16, 21, 23)}","{(6, 3, 0, 1)}"
"(23, 21, 24, 15, 0)",1,"{(24, 15, 21, 23)}","{(1, 3, 1, 1)}"
"(23, 21, 24, 19, 0)",5,"{(24, 19, 21, 23)}","{('?', 3, '?', 1)}"
"(23, 21, 24, 8, 0)",2,"{(24, 8, 21, 23)}","{('?', 3, 2, '?')}"
"(23, 21, 5, 15, 0)",1,"{(5, 15, 21, 23)}","{(6, 3, 1, 1)}"
"(23, 21, 5, 16, 0)",2,"{(16, 5, 21, 23)}","{('?', 3, 0, 1)}"
"(23, 21, 5, 19, 0)",2,"{(5, 19, 21, 23)}","{('?', 3, '?', 1)}"
"(23, 21, 5, 8, 0)",1,"{(8, 5, 21, 23)}","{(6, 3, 2, 1)}"
"(23, 21, 6, 6, 0)",1,"{(21, 6, 23)}","{(3, 3, 6, 1)}"
"(23, 21, 8, 1, 0)",1,"{(8, 1, 21, 23)}","{(7, 3, 2, 1)}"
"(23, 21, 8, 14, 0)",1,"{(8, 21, 14, 23)}","{(0, 3, 2, 1)}"
"(23, 21, 8, 19, 0)",1,"{(8, 19, 21, 23)}","{('?', 3, 2, 1)}"
"(23, 21, 8, 5, 0)",2,"{(8, 5, 21, 23)}","{('?', 3, 2, 1)}"
"(23, 21, 8, 6, 0)",1,"{(8, 21, 6, 23)}","{(3, 3, 2, '?')}"
"(23, 21, 8, 8, 0)",2,"{(8, 21, 23)}","{('?', 3, 2, 1)}"
"(23, 22, 27, 14, 0)",1,"{(27, 14, 22, 23)}","{(0, 0, 2, 1)}"
"(23, 22, 8, 14, 0)",1,"{(8, 14, 22, 23)}","{(0, '?', 2, 1)}"
"(23, 22, 8, 22, 0)",1,"{(8, 22, 23)}","{(0, '?', 2, 1)}"
"(23, 23, 20, 6, 0)",1,"{(20, 6, 23)}","{(2, 4, 0, 1)}"
"(23, 23, 21, 16, 0)",1,"{(16, 21, 23)}","{(3, 3, 0, 1)}"
"(23, 23, 21, 6, 0)",1,"{(21, 6, 23)}","{(3, 3, 0, 1)}"
"(23, 23, 21, 8, 0)",1,"{(8, 21, 23)}","{(5, 3, 2, 1)}"
"(23, 23, 24, 1, 0)",1,"{(24, 1, 23)}","{(5, 4, 2, 1)}"
"(23, 23, 24, 15, 0)",1,"{(24, 15, 23)}","{(2, '?', 1, 1)}"
"(23, 23, 5, 13, 0)",1,"{(13, 5, 23)}","{(6, 2, 2, 1)}"
"(23, 23, 8, 27, 0)",1,"{(8, 27, 23)}","{(5, 3, 2, 1)}"
"(23, 24, 11, 24, 0)",1,"{(24, 11, 23)}","{(2, 7, 5, 1)}"
"(23, 24, 18, 19, 0)",1,"{(24, 18, 19, 23)}","{(2, 2, 5, 1)}"
"(23, 24, 18, 8, 0)",2,"{(24, 8, 18, 23)}","{('?', 2, 2, 1)}"
"(23, 24, 21, 24, 0)",1,"{(24, 21, 23)}","{(2, 3, '?', 1)}"
"(23, 24, 27, 8, 0)",1,"{(24, 8, 27, 23)}","{(2, 3, 2, 1)}"
"(23, 24, 6, 24, 0)",4,"{(24, 6, 23)}","{('?', '?', '?', 1)}"
"(23, 24, 6, 8, 0)",2,"{(24, 8, 6, 23)}","{('?', 4, 2, 1)}"
"(23, 24, 8, 1, 0)",1,"{(24, 8, 1, 23)}","{(1, 4, 2, 1)}"
"(23, 24, 8, 23, 0)",1,"{(24, 8, 23)}","{(2, 5, 2, 1)}"
"(23, 24, 8, 8, 0)",1,"{(24, 8, 23)}","{(2, 3, 2, 1)}"
"(23, 24, 9, 19, 0)",2,"{(24, 9, 19, 23)}","{('?', 0, '?', 1)}"
"(23, 24, 9, 24, 0)",4,"{(24, 9, 23)}","{('?', 0, '?', 1)}"
"(23, 24, 9, 6, 0)",1,"{(24, 9, 6, 23)}","{(1, 0, '?', 1)}"
"(23, 24, 9, 8, 0)",2,"{(24, 9, 8, 23)}","{(2, '?', 2, 1)}"
"(23, 27, 1, 15, 0)",1,"{(1, 27, 15, 23)}","{(5, 0, '?', 1)}"
"(23, 27, 14, 22, 0)",2,"{(27, 22, 14, 23)}","{(0, 0, '?', 1)}"
"(23, 27, 14, 8, 0)",1,"{(8, 27, 14, 23)}","{(0, 0, 2, 1)}"
"(23, 27, 15, 19, 0)",1,"{(19, 27, 15, 23)}","{(7, 0, 1, 1)}"
"(23, 27, 15, 23, 0)",1,"{(27, 15, 23)}","{(5, 0, 0, 1)}"
"(23, 27, 16, 22, 0)",1,"{(16, 27, 22, 23)}","{(0, 0, 0, 1)}"
"(23, 27, 16, 6, 0)",1,"{(16, 27, 6, 23)}","{(3, 0, 0, 1)}"
"(23, 27, 19, 1, 0)",1,"{(19, 1, 27, 23)}","{(5, 0, '?', 1)}"
"(23, 27, 22, 14, 0)",1,"{(27, 14, 22, 23)}","{(0, 0, 4, 1)}"
"(23, 27, 24, 19, 0)",4,"{(24, 19, 27, 23)}","{('?', 0, '?', 1)}"
"(23, 27, 24, 6, 0)",1,"{(24, 27, 6, 23)}","{(2, 0, '?', 1)}"
"(23, 27, 24, 8, 0)",2,"{(24, 8, 27, 23)}","{('?', 0, 2, 1)}"
"(23, 27, 6, 6, 0)",3,"{(27, 6, 23)}","{(3, 0, '?', 1)}"
"(23, 27, 8, 1, 0)",2,"{(8, 1, 27, 23)}","{('?', 0, 2, '?')}"
"(23, 27, 8, 15, 0)",2,"{(8, 27, 15, 23)}","{('?', 0, 2, 1)}"
"(23, 27, 8, 24, 0)",1,"{(8, 24, 27, 23)}","{(1, 0, 2, 1)}"
"(23, 27, 8, 6, 0)",1,"{(8, 27, 6, 23)}","{(3, 0, 2, 1)}"
"(23, 27, 8, 7, 0)",1,"{(8, 27, 7, 23)}","{('?', 0, 2, 7)}"
"(23, 4, 11, 1, 0)",1,"{(1, 11, 4, 23)}","{(7, 6, 2, 1)}"
"(23, 4, 11, 14, 0)",2,"{(11, 4, 14, 23)}","{(0, 6, '?', 1)}"
"(23, 4, 11, 15, 0)",5,"{(11, 4, 15, 23)}","{('?', '?', '?', 1)}"
"(23, 4, 11, 19, 0)",12,"{(19, 11, 4, 23)}","{('?', '?', '?', 1)}"
"(23, 4, 11, 22, 0)",2,"{(11, 4, 22, 23)}","{(0, '?', 3, 1)}"
"(23, 4, 11, 23, 0)",4,"{(11, 4, 23)}","{('?', '?', '?', 1)}"
"(23, 4, 11, 5, 0)",3,"{(11, 4, 5, 23)}","{('?', 6, '?', 1)}"
"(23, 4, 11, 6, 0)",3,"{(11, 4, 6, 23)}","{(3, '?', '?', 1)}"
"(23, 4, 13, 10, 0)",2,"{(10, 4, 13, 23)}","{('?', 5, '?', 1)}"
"(23, 4, 13, 14, 0)",3,"{(4, 13, 14, 23)}","{(0, '?', '?', 1)}"
"(23, 4, 13, 15, 0)",7,"{(15, 4, 13, 23)}","{('?', '?', '?', 1)}"
"(23, 4, 13, 19, 0)",9,"{(19, 4, 13, 23)}","{('?', '?', '?', 1)}"
"(23, 4, 13, 22, 0)",3,"{(4, 13, 22, 23)}","{(0, '?', '?', 1)}"
"(23, 4, 13, 23, 0)",4,"{(4, 13, 23)}","{('?', '?', '?', 1)}"
"(23, 4, 13, 4, 0)",3,"{(4, 13, 23)}","{(1, '?', '?', 1)}"
"(23, 4, 13, 5, 0)",7,"{(5, 4, 13, 23)}","{('?', '?', '?', 1)}"
"(23, 4, 13, 6, 0)",3,"{(4, 13, 6, 23)}","{(3, '?', '?', 1)}"
"(23, 4, 14, 11, 0)",3,"{(11, 4, 14, 23)}","{(0, '?', '?', 1)}"
"(23, 4, 14, 13, 0)",1,"{(4, 13, 14, 23)}","{(0, 5, 7, 1)}"
"(23, 4, 14, 22, 0)",1,"{(4, 22, 14, 23)}","{(0, '?', 7, 1)}"
"(23, 4, 18, 10, 0)",3,"{(18, 10, 4, 23)}","{('?', '?', '?', 1)}"
"(23, 4, 18, 14, 0)",3,"{(18, 4, 14, 23)}","{(0, '?', '?', 1)}"
"(23, 4, 18, 15, 0)",2,"{(18, 4, 15, 23)}","{(5, '?', 3, 1)}"
"(23, 4, 18, 19, 0)",1,"{(18, 19, 4, 23)}","{(2, 2, 7, 1)}"
"(23, 4, 18, 23, 0)",1,"{(18, 4, 23)}","{(2, 2, 3, 1)}"
"(23, 4, 18, 5, 0)",1,"{(18, 4, 5, 23)}","{(6, 2, 3, 1)}"
"(23, 4, 18, 6, 0)",4,"{(18, 4, 6, 23)}","{(3, '?', '?', 1)}"
"(23, 4, 19, 10, 0)",1,"{(10, 19, 4, 23)}","{(5, 2, 7, 1)}"
"(23, 4, 19, 13, 0)",2,"{(19, 4, 13, 23)}","{('?', 2, 7, 1)}"
"(23, 4, 19, 14, 0)",2,"{(19, 4, 14, 23)}","{(0, '?', '?', 1)}"
"(23, 4, 19, 15, 0)",2,"{(19, 4, 15, 23)}","{(5, '?', 7, 1)}"
"(23, 4, 19, 19, 0)",3,"{(19, 4, 23)}","{('?', '?', '?', 1)}"
"(23, 4, 19, 21, 0)",3,"{(19, 4, 21, 23)}","{('?', 3, '?', 1)}"
"(23, 4, 19, 23, 0)",4,"{(19, 4, 23)}","{('?', '?', '?', 1)}"
"(23, 4, 19, 4, 0)",5,"{(19, 4, 23)}","{('?', '?', '?', 1)}"
"(23, 4, 19, 6, 0)",5,"{(19, 4, 6, 23)}","{('?', '?', '?', 1)}"
"(23, 4, 21, 10, 0)",1,"{(10, 4, 21, 23)}","{(1, 3, 3, 1)}"
"(23, 4, 21, 15, 0)",3,"{(15, 4, 21, 23)}","{('?', 3, '?', 1)}"
"(23, 4, 21, 19, 0)",5,"{(19, 4, 21, 23)}","{('?', 3, '?', 1)}"
"(23, 4, 21, 21, 0)",2,"{(4, 21, 23)}","{('?', 3, '?', 1)}"
"(23, 4, 21, 23, 0)",5,"{(4, 21, 23)}","{('?', 3, '?', 1)}"
"(23, 4, 21, 24, 0)",1,"{(24, 4, 21, 23)}","{(2, 3, 7, 1)}"
"(23, 4, 21, 5, 0)",1,"{(5, 4, 21, 23)}","{(6, 3, 7, 1)}"
"(23, 4, 21, 6, 0)",4,"{(4, 21, 6, 23)}","{('?', 3, '?', 1)}"
"(23, 4, 22, 14, 0)",2,"{(4, 14, 22, 23)}","{(0, '?', '?', 1)}"
"(23, 4, 22, 19, 0)",1,"{(19, 4, 22, 23)}","{(0, '?', 3, 1)}"
"(23, 4, 22, 22, 0)",2,"{(4, 22, 23)}","{(0, '?', '?', 1)}"
"(23, 4, 23, 15, 0)",1,"{(4, 15, 23)}","{(5, 3, 7, 1)}"
"(23, 4, 23, 19, 0)",1,"{(19, 4, 23)}","{('?', '?', 7, 1)}"
"(23, 4, 23, 21, 0)",2,"{(4, 21, 23)}","{('?', 3, '?', 1)}"
"(23, 4, 27, 10, 0)",1,"{(10, 27, 4, 23)}","{('?', 0, 3, 1)}"
"(23, 4, 27, 19, 0)",1,"{(19, 27, 4, 23)}","{(2, 0, 3, 1)}"
"(23, 4, 4, 19, 0)",1,"{(19, 4, 23)}","{(1, 1, 7, 1)}"
"(23, 4, 5, 11, 0)",4,"{(11, 4, 5, 23)}","{('?', '?', '?', 1)}"
"(23, 4, 5, 13, 0)",2,"{(13, 4, 5, 23)}","{('?', 2, 3, 1)}"
"(23, 4, 5, 18, 0)",1,"{(18, 4, 5, 23)}","{(4, 2, 7, 1)}"
"(23, 4, 5, 19, 0)",1,"{(19, 4, 5, 23)}","{(6, '?', 3, 1)}"
"(23, 4, 5, 21, 0)",3,"{(21, 4, 5, 23)}","{('?', 3, '?', 1)}"
"(23, 4, 5, 23, 0)",2,"{(4, 5, 23)}","{(6, '?', '?', 1)}"
"(23, 4, 5, 4, 0)",1,"{(4, 5, 23)}","{(6, '?', 3, 1)}"
"(23, 4, 6, 14, 0)",1,"{(4, 14, 6, 23)}","{(0, 1, 3, 1)}"
"(23, 4, 6, 19, 0)",5,"{(19, 4, 6, 23)}","{('?', '?', '?', 1)}"
"(23, 4, 6, 5, 0)",1,"{(4, 5, 6, 23)}","{(6, 1, 7, 1)}"
"(23, 4, 6, 6, 0)",2,"{(4, 6, 23)}","{(3, 4, '?', 1)}"
"(23, 4, 9, 19, 0)",1,"{(9, 19, 4, 23)}","{(1, 0, 3, 1)}"
"(23, 4, 9, 23, 0)",1,"{(9, 4, 23)}","{(2, 0, 3, 1)}"
"(23, 4, 9, 4, 0)",1,"{(9, 4, 23)}","{(2, 0, 3, 1)}"
"(23, 5, 11, 16, 0)",1,"{(16, 11, 5, 23)}","{(4, 7, 0, 1)}"
"(23, 5, 11, 19, 0)",9,"{(19, 11, 5, 23)}","{('?', '?', '?', 1)}"
"(23, 5, 11, 25, 0)",1,"{(25, 11, 5, 23)}","{(6, 6, '?', 1)}"
"(23, 5, 11, 8, 0)",3,"{(8, 11, 5, 23)}","{('?', '?', 2, 1)}"
"(23, 5, 13, 13, 0)",1,"{(13, 5, 23)}","{(4, 5, '?', 1)}"
"(23, 5, 13, 14, 0)",1,"{(13, 5, 14, 23)}","{(0, 5, 4, 1)}"
"(23, 5, 13, 16, 0)",2,"{(16, 13, 5, 23)}","{('?', 5, 0, 1)}"
"(23, 5, 13, 19, 0)",2,"{(13, 19, 5, 23)}","{(4, 2, '?', 1)}"
"(23, 5, 13, 25, 0)",1,"{(25, 13, 5, 23)}","{(4, 5, '?', 1)}"
"(23, 5, 13, 5, 0)",1,"{(13, 5, 23)}","{(6, 2, '?', 1)}"
"(23, 5, 13, 8, 0)",4,"{(8, 13, 5, 23)}","{('?', '?', 2, 1)}"
"(23, 5, 15, 19, 0)",2,"{(19, 15, 5, 23)}","{(6, '?', 1, 1)}"
"(23, 5, 15, 5, 0)",1,"{(15, 5, 23)}","{(4, '?', 1, 1)}"
"(23, 5, 15, 6, 0)",3,"{(15, 5, 6, 23)}","{('?', '?', 1, 1)}"
"(23, 5, 16, 11, 0)",1,"{(16, 11, 5, 23)}","{(4, 7, 0, 1)}"
"(23, 5, 16, 13, 0)",3,"{(16, 13, 5, 23)}","{('?', '?', 0, 1)}"
"(23, 5, 16, 16, 0)",2,"{(16, 5, 23)}","{('?', '?', 0, 1)}"
"(23, 5, 16, 18, 0)",2,"{(16, 18, 5, 23)}","{('?', 2, 0, 1)}"
"(23, 5, 16, 19, 0)",2,"{(16, 19, 5, 23)}","{(4, '?', 0, 1)}"
"(23, 5, 16, 5, 0)",1,"{(16, 5, 23)}","{(4, '?', 0, 1)}"
"(23, 5, 16, 6, 0)",4,"{(16, 5, 6, 23)}","{('?', '?', 0, 1)}"
"(23, 5, 17, 14, 0)",1,"{(17, 5, 14, 23)}","{(4, 2, 2, 0)}"
"(23, 5, 17, 8, 0)",1,"{(8, 17, 5, 23)}","{(6, 4, 2, 0)}"
"(23, 5, 18, 10, 0)",1,"{(18, 10, 5, 23)}","{(4, 5, '?', 1)}"
"(23, 5, 18, 16, 0)",3,"{(16, 18, 5, 23)}","{('?', '?', 0, 1)}"
"(23, 5, 18, 19, 0)",5,"{(18, 19, 5, 23)}","{('?', '?', '?', 1)}"
"(23, 5, 18, 23, 0)",2,"{(18, 5, 23)}","{('?', 5, '?', 1)}"
"(23, 5, 18, 25, 0)",1,"{(25, 18, 5, 23)}","{(4, 5, 6, 1)}"
"(23, 5, 18, 4, 0)",7,"{(18, 4, 5, 23)}","{('?', '?', '?', 1)}"
"(23, 5, 18, 5, 0)",1,"{(18, 5, 23)}","{(6, 5, '?', 1)}"
"(23, 5, 18, 8, 0)",4,"{(8, 18, 5, 23)}","{('?', '?', 2, 1)}"
"(23, 5, 19, 19, 0)",3,"{(19, 5, 23)}","{('?', '?', '?', 1)}"
"(23, 5, 19, 23, 0)",2,"{(19, 5, 23)}","{('?', '?', '?', 1)}"
"(23, 5, 19, 6, 0)",1,"{(19, 5, 6, 23)}","{(6, 4, 2, 1)}"
"(23, 5, 19, 8, 0)",5,"{(8, 19, 5, 23)}","{('?', '?', 2, 1)}"
"(23, 5, 21, 16, 0)",2,"{(16, 21, 5, 23)}","{('?', 3, 0, 1)}"
"(23, 5, 21, 19, 0)",6,"{(21, 19, 5, 23)}","{('?', 3, '?', 1)}"
"(23, 5, 21, 21, 0)",2,"{(21, 5, 23)}","{(6, 3, '?', 1)}"
"(23, 5, 21, 4, 0)",1,"{(21, 4, 5, 23)}","{(6, 3, 7, 1)}"
"(23, 5, 21, 5, 0)",1,"{(21, 5, 23)}","{(6, 3, 4, 1)}"
"(23, 5, 21, 8, 0)",1,"{(8, 21, 5, 23)}","{(4, 3, 2, 1)}"
"(23, 5, 23, 16, 0)",1,"{(16, 5, 23)}","{(4, 5, 0, 1)}"
"(23, 5, 23, 4, 0)",1,"{(4, 5, 23)}","{(4, '?', 3, 1)}"
"(23, 5, 23, 5, 0)",1,"{(5, 23)}","{(4, '?', 1, 1)}"
"(23, 5, 25, 11, 0)",1,"{(25, 11, 5, 23)}","{(6, 6, '?', 1)}"
"(23, 5, 25, 5, 0)",1,"{(25, 5, 23)}","{(4, '?', '?', 1)}"
"(23, 5, 27, 19, 0)",4,"{(19, 27, 5, 23)}","{('?', 0, '?', 1)}"
"(23, 5, 27, 5, 0)",1,"{(27, 5, 23)}","{(6, 0, '?', 1)}"
"(23, 5, 27, 8, 0)",2,"{(8, 27, 5, 23)}","{('?', 0, 2, 1)}"
"(23, 5, 4, 10, 0)",1,"{(10, 4, 5, 23)}","{(4, 6, 7, 1)}"
"(23, 5, 4, 11, 0)",6,"{(11, 4, 5, 23)}","{('?', '?', '?', 1)}"
"(23, 5, 4, 21, 0)",2,"{(21, 4, 5, 23)}","{(6, 3, '?', 1)}"
"(23, 5, 4, 23, 0)",5,"{(4, 5, 23)}","{('?', '?', '?', 1)}"
"(23, 5, 4, 4, 0)",2,"{(4, 5, 23)}","{('?', '?', '?', 1)}"
"(23, 5, 4, 5, 0)",4,"{(4, 5, 23)}","{('?', '?', '?', 1)}"
"(23, 5, 4, 6, 0)",4,"{(4, 5, 6, 23)}","{('?', '?', '?', 1)}"
"(23, 5, 5, 11, 0)",1,"{(11, 5, 23)}","{(4, 7, '?', 1)}"
"(23, 5, 5, 19, 0)",2,"{(19, 5, 23)}","{('?', '?', '?', 1)}"
"(23, 5, 5, 23, 0)",1,"{(5, 23)}","{(4, 2, 4, 1)}"
"(23, 5, 5, 6, 0)",2,"{(5, 6, 23)}","{('?', 4, '?', 1)}"
"(23, 5, 5, 8, 0)",1,"{(8, 5, 23)}","{(6, 7, 2, 1)}"
"(23, 5, 6, 16, 0)",2,"{(16, 5, 6, 23)}","{('?', 4, 0, 1)}"
"(23, 5, 6, 19, 0)",5,"{(19, 5, 6, 23)}","{('?', '?', '?', 1)}"
"(23, 5, 6, 22, 0)",1,"{(22, 5, 6, 23)}","{(0, 4, 6, 1)}"
"(23, 5, 6, 23, 0)",1,"{(5, 6, 23)}","{(6, 4, '?', 1)}"
"(23, 5, 6, 25, 0)",1,"{(25, 5, 6, 23)}","{(4, 1, '?', 1)}"
"(23, 5, 6, 4, 0)",1,"{(4, 5, 6, 23)}","{(4, 4, 7, 1)}"
"(23, 5, 6, 5, 0)",1,"{(5, 6, 23)}","{(4, 1, '?', 1)}"
"(23, 5, 6, 6, 0)",1,"{(5, 6, 23)}","{(3, 4, 4, 1)}"
"(23, 5, 6, 8, 0)",5,"{(8, 5, 6, 23)}","{('?', '?', 2, '?')}"
"(23, 5, 8, 11, 0)",2,"{(8, 11, 5, 23)}","{('?', '?', 2, '?')}"
"(23, 5, 8, 13, 0)",3,"{(8, 13, 5, 23)}","{('?', '?', 2, 1)}"
"(23, 5, 8, 17, 0)",1,"{(8, 17, 5, 23)}","{(4, 1, 2, 0)}"
"(23, 5, 8, 19, 0)",3,"{(8, 19, 5, 23)}","{('?', '?', 2, 1)}"
"(23, 5, 8, 21, 0)",1,"{(8, 21, 5, 23)}","{(4, 3, 2, 1)}"
"(23, 5, 8, 5, 0)",1,"{(8, 5, 23)}","{(4, '?', 2, 1)}"
"(23, 5, 8, 6, 0)",5,"{(8, 5, 6, 23)}","{('?', '?', 2, '?')}"
"(23, 5, 9, 5, 0)",1,"{(9, 5, 23)}","{(4, 0, '?', 1)}"
"(23, 5, 9, 8, 0)",1,"{(8, 9, 5, 23)}","{(6, 0, 2, 1)}"
"(23, 6, 1, 1, 0)",4,"{(1, 6, 23)}","{('?', '?', 2, '?')}"
"(23, 6, 1, 15, 0)",5,"{(1, 15, 6, 23)}","{('?', '?', '?', 1)}"
"(23, 6, 1, 19, 0)",3,"{(1, 19, 6, 23)}","{('?', '?', '?', 1)}"
"(23, 6, 14, 8, 0)",3,"{(8, 14, 6, 23)}","{(0, '?', 2, '?')}"
"(23, 6, 15, 1, 0)",1,"{(1, 15, 6, 23)}","{(5, 4, 0, 1)}"
"(23, 6, 15, 14, 0)",1,"{(15, 14, 6, 23)}","{(0, 1, 1, 1)}"
"(23, 6, 15, 19, 0)",2,"{(19, 15, 6, 23)}","{('?', 4, 1, 1)}"
"(23, 6, 15, 22, 0)",1,"{(15, 22, 6, 23)}","{(0, 4, 1, 1)}"
"(23, 6, 15, 4, 0)",5,"{(15, 4, 6, 23)}","{('?', '?', '?', 1)}"
"(23, 6, 15, 6, 0)",2,"{(15, 6, 23)}","{(3, '?', 1, 1)}"
"(23, 6, 16, 14, 0)",1,"{(16, 14, 6, 23)}","{(0, 4, 0, 1)}"
"(23, 6, 16, 15, 0)",2,"{(16, 15, 6, 23)}","{('?', 4, 0, 1)}"
"(23, 6, 16, 19, 0)",3,"{(16, 19, 6, 23)}","{('?', '?', 0, 1)}"
"(23, 6, 16, 22, 0)",1,"{(16, 22, 6, 23)}","{(0, 4, 0, 1)}"
"(23, 6, 16, 6, 0)",2,"{(16, 6, 23)}","{(3, '?', 0, 1)}"
"(23, 6, 17, 14, 0)",1,"{(17, 14, 6, 23)}","{(0, 1, 2, 0)}"
"(23, 6, 19, 1, 0)",1,"{(1, 19, 6, 23)}","{(7, 4, '?', 1)}"
"(23, 6, 19, 16, 0)",2,"{(16, 19, 6, 23)}","{('?', 4, 0, 1)}"
"(23, 6, 19, 19, 0)",4,"{(19, 6, 23)}","{('?', '?', '?', 1)}"
"(23, 6, 19, 23, 0)",2,"{(19, 6, 23)}","{('?', 1, '?', 1)}"
"(23, 6, 19, 24, 0)",1,"{(24, 19, 6, 23)}","{(1, 1, '?', 1)}"
"(23, 6, 20, 20, 0)",2,"{(20, 6, 23)}","{(1, '?', 0, 1)}"
"(23, 6, 20, 24, 0)",3,"{(24, 20, 6, 23)}","{('?', '?', '?', 1)}"
"(23, 6, 20, 4, 0)",1,"{(20, 4, 6, 23)}","{(2, 4, 0, 1)}"
"(23, 6, 22, 14, 0)",1,"{(22, 14, 6, 23)}","{(0, 4, 0, 1)}"
"(23, 6, 22, 15, 0)",2,"{(22, 15, 6, 23)}","{(0, '?', 1, 1)}"
"(23, 6, 22, 16, 0)",1,"{(16, 22, 6, 23)}","{(0, 4, 0, 1)}"
"(23, 6, 22, 22, 0)",1,"{(22, 6, 23)}","{(0, 1, 4, 1)}"
"(23, 6, 23, 19, 0)",1,"{(19, 6, 23)}","{('?', 4, 4, 1)}"
"(23, 6, 23, 4, 0)",2,"{(4, 6, 23)}","{('?', '?', 7, 1)}"
"(23, 6, 24, 19, 0)",6,"{(24, 19, 6, 23)}","{('?', '?', '?', 1)}"
"(23, 6, 24, 24, 0)",1,"{(24, 6, 23)}","{(2, 4, '?', 1)}"
"(23, 6, 24, 25, 0)",1,"{(24, 25, 6, 23)}","{(2, 1, '?', 1)}"
"(23, 6, 24, 8, 0)",2,"{(24, 8, 6, 23)}","{(2, '?', 2, '?')}"
"(23, 6, 4, 14, 0)",3,"{(4, 14, 6, 23)}","{(0, '?', '?', 1)}"
"(23, 6, 4, 15, 0)",1,"{(4, 15, 6, 23)}","{(7, 4, '?', 1)}"
"(23, 6, 4, 19, 0)",6,"{(19, 4, 6, 23)}","{('?', '?', '?', 1)}"
"(23, 6, 4, 23, 0)",3,"{(4, 6, 23)}","{('?', 4, '?', 1)}"
"(23, 6, 5, 15, 0)",3,"{(15, 5, 6, 23)}","{('?', '?', 1, 1)}"
"(23, 6, 5, 19, 0)",1,"{(19, 5, 6, 23)}","{(4, 1, '?', 1)}"
"(23, 6, 5, 23, 0)",1,"{(5, 6, 23)}","{(6, 1, 3, 1)}"
"(23, 6, 5, 4, 0)",4,"{(4, 5, 6, 23)}","{('?', '?', '?', 1)}"
"(23, 6, 5, 8, 0)",3,"{(8, 5, 6, 23)}","{('?', 1, 2, '?')}"
"(23, 6, 6, 16, 0)",2,"{(16, 6, 23)}","{(3, '?', 0, 1)}"
"(23, 6, 6, 6, 0)",5,"{(6, 23)}","{(3, '?', '?', 1)}"
"(23, 6, 6, 8, 0)",1,"{(8, 6, 23)}","{(3, 4, 2, 1)}"
"(23, 6, 8, 1, 0)",3,"{(8, 1, 6, 23)}","{('?', '?', 2, 1)}"
"(23, 6, 8, 14, 0)",2,"{(8, 14, 6, 23)}","{(0, '?', 2, 1)}"
"(23, 6, 8, 17, 0)",1,"{(8, 17, 6, 23)}","{(1, 1, 2, 0)}"
"(23, 6, 8, 19, 0)",3,"{(8, 19, 6, 23)}","{('?', '?', 2, 1)}"
"(23, 6, 8, 24, 0)",5,"{(8, 24, 6, 23)}","{('?', '?', 2, '?')}"
"(23, 6, 8, 6, 0)",1,"{(8, 6, 23)}","{(3, 4, 2, 1)}"
"(23, 6, 8, 8, 0)",3,"{(8, 6, 23)}","{('?', '?', 2, '?')}"
"(23, 8, 1, 1, 0)",1,"{(8, 1, 23)}","{(7, 3, 2, 1)}"
"(23, 8, 8, 6, 0)",1,"{(8, 6, 23)}","{(3, '?', 2, 1)}"
"(23, 9, 1, 15, 0)",1,"{(9, 15, 1, 23)}","{(7, 0, 4, 1)}"
"(23, 9, 15, 24, 0)",1,"{(24, 9, 15, 23)}","{(1, 0, 1, 1)}"
"(23, 9, 16, 19, 0)",1,"{(16, 9, 19, 23)}","{('?', 0, 0, 1)}"
"(23, 9, 16, 6, 0)",1,"{(16, 9, 6, 23)}","{(3, 0, 0, 1)}"
"(23, 9, 24, 19, 0)",7,"{(24, 9, 19, 23)}","{('?', 0, '?', 1)}"
"(23, 9, 24, 22, 0)",1,"{(24, 9, 22, 23)}","{(1, 0, 2, 1)}"
"(23, 9, 24, 23, 0)",1,"{(24, 9, 23)}","{(2, 0, 6, 1)}"
"(23, 9, 24, 24, 0)",2,"{(24, 9, 23)}","{('?', 0, 2, 1)}"
"(23, 9, 6, 1, 0)",1,"{(9, 1, 6, 23)}","{(3, 0, 2, 1)}"
"(24, 10, 11, 8, 0)",2,"{(24, 8, 10, 11)}","{(2, '?', 2, 3)}"
"(24, 10, 21, 8, 0)",1,"{(24, 8, 10, 21)}","{(1, 3, 2, 3)}"
"(24, 10, 24, 8, 0)",1,"{(24, 8, 10)}","{(2, '?', 2, 3)}"
"(24, 10, 27, 8, 0)",1,"{(24, 8, 10, 27)}","{(2, 0, 2, 3)}"
"(24, 10, 6, 8, 0)",1,"{(24, 8, 10, 6)}","{(1, 1, 2, 3)}"
"(24, 10, 8, 1, 0)",1,"{(24, 8, 10, 1)}","{(1, '?', 2, 3)}"
"(24, 10, 8, 11, 0)",1,"{(24, 8, 10, 11)}","{(2, 6, 2, 3)}"
"(24, 10, 8, 24, 0)",1,"{(24, 8, 10)}","{(1, 0, 2, 3)}"
"(24, 10, 8, 6, 0)",2,"{(24, 8, 10, 6)}","{(2, '?', 2, 3)}"
"(24, 11, 17, 8, 0)",1,"{(24, 17, 11, 8)}","{(2, 6, 2, 7)}"
"(24, 11, 23, 24, 0)",1,"{(24, 11, 23)}","{(1, 7, 4, 1)}"
"(24, 11, 24, 24, 0)",1,"{(24, 11)}","{(2, 6, 2, 7)}"
"(24, 11, 8, 24, 0)",1,"{(24, 8, 11)}","{(2, 7, 2, 4)}"
"(24, 12, 8, 24, 0)",1,"{(24, 8, 12)}","{(1, 0, 2, 3)}"
"(24, 13, 17, 8, 0)",2,"{(24, 17, 13, 8)}","{('?', '?', 2, '?')}"
"(24, 13, 23, 24, 0)",1,"{(24, 13, 23)}","{(2, 5, 5, 1)}"
"(24, 13, 8, 24, 0)",1,"{(24, 8, 13)}","{(2, 2, 2, '?')}"
"(24, 17, 1, 1, 0)",1,"{(24, 17, 1)}","{(2, '?', 2, 0)}"
"(24, 17, 1, 13, 0)",1,"{(24, 17, 13, 1)}","{(1, '?', 2, 0)}"
"(24, 17, 1, 8, 0)",1,"{(24, 17, 1, 8)}","{(1, '?', 2, 0)}"
"(24, 17, 11, 8, 0)",1,"{(24, 17, 11, 8)}","{(1, 6, 2, 7)}"
"(24, 17, 13, 8, 0)",1,"{(24, 17, 13, 8)}","{(2, 2, 2, 0)}"
"(24, 17, 17, 8, 0)",2,"{(24, 17, 8)}","{(1, '?', 2, 0)}"
"(24, 17, 21, 8, 0)",1,"{(24, 17, 21, 8)}","{(2, 3, 2, 0)}"
"(24, 17, 24, 6, 0)",1,"{(24, 17, 6)}","{(2, 1, '?', 0)}"
"(24, 17, 24, 8, 0)",1,"{(24, 17, 8)}","{(2, 7, 2, 0)}"
"(24, 17, 6, 8, 0)",1,"{(24, 17, 6, 8)}","{(2, 4, 2, 7)}"
"(24, 17, 8, 1, 0)",1,"{(24, 17, 8, 1)}","{(2, 3, 2, 0)}"
"(24, 19, 19, 24, 0)",1,"{(24, 19)}","{(1, '?', 4, '?')}"
"(24, 19, 8, 24, 0)",1,"{(24, 8, 19)}","{(1, '?', 2, '?')}"
"(24, 21, 10, 8, 0)",1,"{(24, 8, 10, 21)}","{(2, 3, 2, 4)}"
"(24, 21, 17, 24, 0)",1,"{(24, 17, 21)}","{(1, 3, 0, 0)}"
"(24, 21, 17, 8, 0)",2,"{(24, 17, 21, 8)}","{(2, 3, '?', 7)}"
"(24, 21, 24, 19, 0)",1,"{(24, 19, 21)}","{(1, 3, '?', '?')}"
"(24, 21, 8, 24, 0)",3,"{(24, 8, 21)}","{(2, 3, 2, '?')}"
"(24, 21, 8, 8, 0)",2,"{(24, 8, 21)}","{('?', 3, 2, '?')}"
"(24, 22, 24, 8, 0)",1,"{(24, 8, 22)}","{(2, 7, 2, 4)}"
"(24, 22, 27, 8, 0)",2,"{(24, 8, 27, 22)}","{('?', '?', 2, 4)}"
"(24, 23, 1, 17, 0)",1,"{(24, 1, 17, 23)}","{(2, '?', 2, 0)}"
"(24, 23, 19, 13, 0)",1,"{(24, 19, 13, 23)}","{(2, 2, 4, 1)}"
"(24, 23, 19, 19, 0)",1,"{(24, 19, 23)}","{(1, 5, 4, 1)}"
"(24, 23, 19, 24, 0)",1,"{(24, 19, 23)}","{(2, '?', 4, 1)}"
"(24, 23, 21, 24, 0)",1,"{(24, 21, 23)}","{(1, 3, 4, 1)}"
"(24, 23, 27, 24, 0)",1,"{(24, 27, 23)}","{(1, 0, 4, 1)}"
"(24, 23, 9, 24, 0)",2,"{(24, 9, 23)}","{('?', 0, 4, 1)}"
"(24, 25, 21, 24, 0)",1,"{(24, 25, 21)}","{(2, 3, 5, 3)}"
"(24, 25, 27, 10, 0)",1,"{(24, 25, 10, 27)}","{(2, 0, 4, 3)}"
"(24, 25, 27, 8, 0)",1,"{(24, 25, 27, 8)}","{(2, 0, 2, 3)}"
"(24, 25, 8, 21, 0)",1,"{(24, 25, 21, 8)}","{(1, 3, 2, 3)}"
"(24, 27, 10, 24, 0)",1,"{(24, 10, 27)}","{(2, '?', 2, 4)}"
"(24, 27, 10, 8, 0)",1,"{(24, 8, 10, 27)}","{(2, 0, 2, 4)}"
"(24, 27, 17, 24, 0)",1,"{(24, 17, 27)}","{(2, 0, 4, 0)}"
"(24, 27, 17, 8, 0)",5,"{(24, 17, 27, 8)}","{('?', '?', 2, '?')}"
"(24, 27, 19, 24, 0)",1,"{(24, 19, 27)}","{(2, 0, 4, '?')}"
"(24, 27, 23, 24, 0)",1,"{(24, 27, 23)}","{(1, 0, 4, 1)}"
"(24, 27, 24, 19, 0)",2,"{(24, 19, 27)}","{('?', 0, '?', '?')}"
"(24, 27, 24, 24, 0)",2,"{(24, 27)}","{(2, '?', '?', '?')}"
"(24, 27, 8, 24, 0)",4,"{(24, 8, 27)}","{('?', '?', 2, '?')}"
"(24, 27, 8, 7, 0)",1,"{(24, 8, 27, 7)}","{('?', 0, 2, 7)}"
"(24, 6, 17, 19, 0)",1,"{(24, 17, 19, 6)}","{(2, 4, '?', 0)}"
"(24, 6, 17, 24, 0)",4,"{(24, 17, 6)}","{('?', '?', '?', 0)}"
"(24, 6, 17, 8, 0)",5,"{(24, 17, 6, 8)}","{('?', '?', 2, '?')}"
"(24, 6, 19, 24, 0)",2,"{(24, 19, 6)}","{('?', 4, '?', '?')}"
"(24, 6, 24, 17, 0)",1,"{(24, 17, 6)}","{(1, 4, '?', 7)}"
"(24, 6, 24, 8, 0)",2,"{(24, 8, 6)}","{('?', '?', 2, 6)}"
"(24, 6, 8, 17, 0)",1,"{(24, 8, 6, 17)}","{(2, 1, 2, 7)}"
"(24, 6, 8, 24, 0)",1,"{(24, 8, 6)}","{(1, 1, 2, 2)}"
"(24, 6, 8, 8, 0)",3,"{(24, 8, 6)}","{('?', '?', 2, '?')}"
"(24, 7, 24, 8, 0)",1,"{(24, 8, 7)}","{(2, '?', 2, 7)}"
"(24, 7, 27, 19, 0)",1,"{(24, 19, 27, 7)}","{(1, 0, '?', 0)}"
"(24, 7, 27, 24, 0)",2,"{(24, 27, 7)}","{(1, 0, '?', '?')}"
"(24, 7, 7, 24, 0)",1,"{(24, 7)}","{(2, 4, '?', 7)}"
"(24, 9, 8, 24, 0)",1,"{(24, 9, 8)}","{(1, 0, 2, '?')}"
"(25, 1, 1, 1, 0)",3,"{(25, 1)}","{('?', '?', 2, 3)}"
"(25, 1, 1, 11, 0)",5,"{(25, 11, 1)}","{('?', '?', '?', 3)}"
"(25, 1, 1, 15, 0)",2,"{(25, 1, 15)}","{(5, '?', '?', 3)}"
"(25, 1, 1, 27, 0)",1,"{(25, 27, 1)}","{(7, 0, 2, 3)}"
"(25, 1, 11, 1, 0)",2,"{(25, 11, 1)}","{(7, '?', 2, 3)}"
"(25, 1, 11, 14, 0)",1,"{(25, 11, 1, 14)}","{(0, 6, 4, 3)}"
"(25, 1, 11, 15, 0)",7,"{(25, 11, 1, 15)}","{('?', '?', '?', 3)}"
"(25, 1, 11, 19, 0)",4,"{(19, 25, 11, 1)}","{('?', '?', '?', 3)}"
"(25, 1, 11, 24, 0)",8,"{(24, 25, 11, 1)}","{('?', '?', '?', 3)}"
"(25, 1, 11, 25, 0)",2,"{(25, 11, 1)}","{('?', '?', '?', 3)}"
"(25, 1, 11, 6, 0)",2,"{(25, 11, 1, 6)}","{(3, '?', 6, 3)}"
"(25, 1, 11, 8, 0)",2,"{(8, 25, 11, 1)}","{('?', 6, 2, 3)}"
"(25, 1, 13, 13, 0)",1,"{(25, 13, 1)}","{(2, 5, 6, 3)}"
"(25, 1, 13, 15, 0)",6,"{(25, 13, 1, 15)}","{('?', '?', '?', 3)}"
"(25, 1, 13, 19, 0)",1,"{(25, 19, 13, 1)}","{(5, 2, 6, 3)}"
"(25, 1, 13, 24, 0)",5,"{(24, 25, 13, 1)}","{('?', '?', '?', 3)}"
"(25, 1, 15, 10, 0)",7,"{(25, 10, 1, 15)}","{('?', '?', '?', 3)}"
"(25, 1, 15, 11, 0)",3,"{(25, 11, 1, 15)}","{('?', '?', '?', 3)}"
"(25, 1, 15, 19, 0)",2,"{(25, 19, 1, 15)}","{(5, '?', '?', 3)}"
"(25, 1, 15, 25, 0)",5,"{(25, 1, 15)}","{(5, '?', '?', 3)}"
"(25, 1, 15, 5, 0)",1,"{(25, 5, 1, 15)}","{(5, '?', 5, 3)}"
"(25, 1, 19, 15, 0)",2,"{(25, 19, 1, 15)}","{(7, '?', '?', 3)}"
"(25, 1, 19, 19, 0)",1,"{(25, 19, 1)}","{('?', '?', 4, 3)}"
"(25, 1, 19, 24, 0)",6,"{(24, 25, 19, 1)}","{('?', '?', '?', 3)}"
"(25, 1, 19, 6, 0)",3,"{(25, 19, 1, 6)}","{(3, '?', '?', 3)}"
"(25, 1, 21, 15, 0)",4,"{(25, 21, 1, 15)}","{('?', 3, '?', 3)}"
"(25, 1, 21, 19, 0)",4,"{(25, 19, 21, 1)}","{('?', 3, '?', 3)}"
"(25, 1, 21, 22, 0)",1,"{(25, 21, 1, 22)}","{(0, 3, 4, 3)}"
"(25, 1, 21, 24, 0)",4,"{(24, 25, 21, 1)}","{('?', 3, '?', 3)}"
"(25, 1, 21, 5, 0)",1,"{(25, 5, 21, 1)}","{(0, 3, 5, 3)}"
"(25, 1, 21, 6, 0)",3,"{(25, 21, 1, 6)}","{(3, 3, '?', 3)}"
"(25, 1, 22, 22, 0)",1,"{(25, 1, 22)}","{(0, 6, 6, 3)}"
"(25, 1, 24, 25, 0)",3,"{(24, 25, 1)}","{('?', '?', '?', 3)}"
"(25, 1, 25, 15, 0)",1,"{(25, 1, 15)}","{(5, '?', 4, 3)}"
"(25, 1, 25, 6, 0)",1,"{(25, 1, 6)}","{(3, '?', 5, 3)}"
"(25, 1, 27, 14, 0)",1,"{(25, 27, 1, 14)}","{(0, 0, '?', 3)}"
"(25, 1, 27, 15, 0)",2,"{(25, 27, 1, 15)}","{('?', 0, '?', 3)}"
"(25, 1, 27, 6, 0)",1,"{(25, 27, 1, 6)}","{(3, 0, 4, 3)}"
"(25, 1, 27, 8, 0)",1,"{(8, 25, 27, 1)}","{(7, 0, 2, 3)}"
"(25, 1, 3, 1, 0)",1,"{(25, 3, 1)}","{(5, 3, 2, 3)}"
"(25, 1, 3, 15, 0)",2,"{(25, 3, 1, 15)}","{(7, 3, '?', 3)}"
"(25, 1, 6, 1, 0)",1,"{(25, 1, 6)}","{(7, 1, 2, 3)}"
"(25, 1, 6, 11, 0)",1,"{(25, 11, 1, 6)}","{(3, 6, 6, 3)}"
"(25, 1, 6, 15, 0)",6,"{(25, 15, 1, 6)}","{('?', '?', '?', 3)}"
"(25, 1, 6, 6, 0)",1,"{(25, 1, 6)}","{(3, 6, 5, 3)}"
"(25, 1, 8, 1, 0)",1,"{(8, 25, 1)}","{(5, '?', 2, 3)}"
"(25, 1, 9, 1, 0)",1,"{(25, 1, 9)}","{(7, 0, 2, 3)}"
"(25, 1, 9, 15, 0)",4,"{(25, 15, 1, 9)}","{('?', 0, '?', 3)}"
"(25, 1, 9, 19, 0)",1,"{(25, 19, 1, 9)}","{(5, 0, '?', 3)}"
"(25, 1, 9, 6, 0)",1,"{(25, 6, 1, 9)}","{(3, 0, 4, 3)}"
"(25, 10, 1, 1, 0)",1,"{(25, 10, 1)}","{(5, 2, 2, 3)}"
"(25, 10, 1, 11, 0)",1,"{(25, 10, 11, 1)}","{(7, 7, 2, 3)}"
"(25, 10, 15, 6, 0)",1,"{(25, 10, 6, 15)}","{(7, 4, 1, 3)}"
"(25, 10, 20, 20, 0)",2,"{(25, 10, 20)}","{('?', '?', '?', 3)}"
"(25, 10, 24, 11, 0)",1,"{(24, 25, 10, 11)}","{(2, 6, '?', 3)}"
"(25, 10, 24, 25, 0)",1,"{(24, 25, 10)}","{(2, 5, 5, 3)}"
"(25, 10, 4, 11, 0)",1,"{(25, 10, 11, 4)}","{(7, 6, '?', 3)}"
"(25, 10, 5, 27, 0)",1,"{(25, 10, 27, 5)}","{(0, 0, '?', 3)}"
"(25, 10, 5, 8, 0)",1,"{(8, 25, 10, 5)}","{(6, '?', 2, 3)}"
"(25, 10, 8, 1, 0)",1,"{(8, 25, 10, 1)}","{(7, 0, 2, 3)}"
"(25, 10, 8, 27, 0)",1,"{(8, 25, 10, 27)}","{('?', 0, 2, 3)}"
"(25, 10, 8, 8, 0)",1,"{(8, 25, 10)}","{('?', '?', 2, 3)}"
"(25, 11, 1, 1, 0)",2,"{(25, 11, 1)}","{(7, '?', 2, 3)}"
"(25, 11, 1, 15, 0)",2,"{(25, 11, 1, 15)}","{(7, 6, '?', 3)}"
"(25, 11, 1, 8, 0)",1,"{(8, 25, 11, 1)}","{(5, 7, 2, 3)}"
"(25, 11, 14, 14, 0)",1,"{(25, 11, 14)}","{(0, 6, 4, 3)}"
"(25, 11, 14, 16, 0)",2,"{(16, 25, 11, 14)}","{(0, '?', 0, 3)}"
"(25, 11, 14, 19, 0)",1,"{(19, 25, 11, 14)}","{(0, 7, '?', 3)}"
"(25, 11, 14, 22, 0)",3,"{(25, 11, 14, 22)}","{(0, '?', '?', 3)}"
"(25, 11, 15, 19, 0)",4,"{(19, 25, 11, 15)}","{('?', '?', '?', 3)}"
"(25, 11, 15, 24, 0)",1,"{(24, 25, 11, 15)}","{(2, 6, 1, 3)}"
"(25, 11, 15, 25, 0)",1,"{(25, 11, 15)}","{('?', 7, 1, 3)}"
"(25, 11, 15, 4, 0)",1,"{(25, 11, 4, 15)}","{(2, 7, 7, 3)}"
"(25, 11, 15, 5, 0)",1,"{(25, 11, 5, 15)}","{(6, 7, 1, 3)}"
"(25, 11, 15, 6, 0)",2,"{(25, 11, 6, 15)}","{(3, '?', 1, 3)}"
"(25, 11, 16, 10, 0)",2,"{(16, 25, 10, 11)}","{('?', '?', 0, 3)}"
"(25, 11, 16, 14, 0)",2,"{(16, 25, 11, 14)}","{(0, '?', 0, 3)}"
"(25, 11, 16, 19, 0)",1,"{(16, 25, 11, 19)}","{(3, 6, 0, 3)}"
"(25, 11, 16, 22, 0)",1,"{(16, 25, 11, 22)}","{(0, 7, 0, 3)}"
"(25, 11, 16, 25, 0)",1,"{(16, 25, 11)}","{('?', 6, 0, 3)}"
"(25, 11, 16, 5, 0)",1,"{(16, 25, 11, 5)}","{(6, 6, 0, 3)}"
"(25, 11, 16, 6, 0)",1,"{(16, 25, 11, 6)}","{(3, 6, 0, 3)}"
"(25, 11, 19, 10, 0)",1,"{(19, 25, 10, 11)}","{('?', 7, 4, 3)}"
"(25, 11, 19, 14, 0)",1,"{(19, 25, 11, 14)}","{(0, 7, '?', 3)}"
"(25, 11, 19, 19, 0)",6,"{(19, 25, 11)}","{('?', '?', '?', 3)}"
"(25, 11, 19, 22, 0)",1,"{(19, 25, 11, 22)}","{(0, 6, '?', 3)}"
"(25, 11, 19, 25, 0)",2,"{(19, 25, 11)}","{('?', '?', '?', 3)}"
"(25, 11, 19, 6, 0)",1,"{(19, 25, 11, 6)}","{(3, 7, 1, 3)}"
"(25, 11, 20, 14, 0)",1,"{(25, 11, 20, 14)}","{(0, 6, 0, 3)}"
"(25, 11, 22, 14, 0)",2,"{(25, 11, 22, 14)}","{(0, '?', 4, 3)}"
"(25, 11, 22, 19, 0)",2,"{(19, 25, 11, 22)}","{(0, 7, '?', 3)}"
"(25, 11, 22, 22, 0)",3,"{(25, 11, 22)}","{(0, '?', '?', 3)}"
"(25, 11, 24, 10, 0)",1,"{(24, 25, 10, 11)}","{(2, 7, '?', 3)}"
"(25, 11, 24, 19, 0)",2,"{(24, 25, 11, 19)}","{(2, 7, '?', 3)}"
"(25, 11, 24, 25, 0)",11,"{(24, 25, 11)}","{('?', '?', '?', 3)}"
"(25, 11, 24, 8, 0)",1,"{(24, 25, 11, 8)}","{(2, 7, 2, 3)}"
"(25, 11, 25, 19, 0)",1,"{(19, 25, 11)}","{('?', 7, 5, 3)}"
"(25, 11, 4, 19, 0)",2,"{(19, 25, 11, 4)}","{('?', 7, '?', 3)}"
"(25, 11, 5, 16, 0)",1,"{(16, 25, 11, 5)}","{(6, 6, 0, 3)}"
"(25, 11, 5, 19, 0)",1,"{(19, 25, 11, 5)}","{(6, 6, '?', 3)}"
"(25, 11, 5, 25, 0)",1,"{(25, 11, 5)}","{(4, 7, '?', 3)}"
"(25, 11, 6, 15, 0)",1,"{(25, 11, 6, 15)}","{(3, 7, 1, 3)}"
"(25, 11, 6, 19, 0)",1,"{(19, 25, 11, 6)}","{(3, 7, '?', 3)}"
"(25, 11, 6, 6, 0)",2,"{(25, 11, 6)}","{(3, 7, '?', 3)}"
"(25, 11, 6, 8, 0)",1,"{(8, 25, 11, 6)}","{(3, 7, '?', 3)}"
"(25, 11, 8, 1, 0)",2,"{(8, 25, 11, 1)}","{(5, '?', 2, 3)}"
"(25, 11, 8, 19, 0)",1,"{(8, 25, 11, 19)}","{('?', 6, 2, 3)}"
"(25, 11, 8, 24, 0)",1,"{(8, 25, 11, 24)}","{(2, 7, 5, 3)}"
"(25, 11, 8, 6, 0)",1,"{(8, 25, 11, 6)}","{(3, 7, 2, 3)}"
"(25, 11, 8, 8, 0)",3,"{(8, 25, 11)}","{('?', '?', 2, 3)}"
"(25, 13, 1, 15, 0)",1,"{(25, 13, 1, 15)}","{(5, 2, '?', 3)}"
"(25, 13, 10, 4, 0)",1,"{(25, 10, 4, 13)}","{(4, 2, 7, 3)}"
"(25, 13, 15, 10, 0)",1,"{(25, 10, 13, 15)}","{(5, 5, 1, 3)}"
"(25, 13, 19, 22, 0)",1,"{(25, 19, 13, 22)}","{(4, 2, '?', 3)}"
"(25, 13, 8, 1, 0)",1,"{(8, 25, 13, 1)}","{(5, 5, 2, 3)}"
"(25, 14, 11, 14, 0)",2,"{(25, 11, 14)}","{(0, '?', '?', 3)}"
"(25, 14, 11, 22, 0)",1,"{(25, 11, 14, 22)}","{(0, 7, '?', 3)}"
"(25, 14, 14, 8, 0)",1,"{(8, 25, 14)}","{(0, 3, 2, 3)}"
"(25, 14, 21, 8, 0)",1,"{(8, 25, 21, 14)}","{(0, 3, 2, 3)}"
"(25, 14, 27, 22, 0)",1,"{(25, 27, 14, 22)}","{(0, 0, 4, 3)}"
"(25, 14, 8, 14, 0)",1,"{(8, 25, 14)}","{(0, 4, 2, 3)}"
"(25, 14, 8, 27, 0)",1,"{(8, 25, 27, 14)}","{(0, '?', 2, 3)}"
"(25, 15, 10, 15, 0)",2,"{(25, 10, 15)}","{(7, '?', 1, 3)}"
"(25, 15, 10, 19, 0)",1,"{(25, 10, 19, 15)}","{('?', 4, 1, 3)}"
"(25, 15, 10, 21, 0)",1,"{(25, 10, 21, 15)}","{(0, 3, 1, 3)}"
"(25, 15, 11, 10, 0)",2,"{(25, 10, 11, 15)}","{('?', '?', 1, 3)}"
"(25, 15, 11, 15, 0)",3,"{(25, 11, 15)}","{('?', '?', 1, 3)}"
"(25, 15, 11, 19, 0)",3,"{(19, 25, 11, 15)}","{('?', '?', '?', 3)}"
"(25, 15, 11, 22, 0)",1,"{(25, 11, 22, 15)}","{(0, 7, 1, 3)}"
"(25, 15, 11, 24, 0)",3,"{(24, 25, 11, 15)}","{('?', '?', '?', '?')}"
"(25, 15, 11, 4, 0)",8,"{(25, 11, 4, 15)}","{('?', '?', '?', 3)}"
"(25, 15, 11, 6, 0)",2,"{(25, 11, 6, 15)}","{(3, '?', 1, 3)}"
"(25, 15, 12, 6, 0)",1,"{(25, 12, 6, 15)}","{(1, 0, 3, 3)}"
"(25, 15, 13, 10, 0)",1,"{(25, 10, 13, 15)}","{(1, 2, 7, 3)}"
"(25, 15, 13, 15, 0)",1,"{(25, 13, 15)}","{(5, 2, 1, 3)}"
"(25, 15, 13, 25, 0)",1,"{(25, 13, 15)}","{('?', '?', 1, 3)}"
"(25, 15, 13, 4, 0)",3,"{(25, 4, 13, 15)}","{('?', 2, '?', 3)}"
"(25, 15, 14, 19, 0)",1,"{(25, 19, 14, 15)}","{(0, 4, 1, 3)}"
"(25, 15, 15, 10, 0)",2,"{(25, 10, 15)}","{('?', 1, 1, 3)}"
"(25, 15, 15, 11, 0)",3,"{(25, 11, 15)}","{('?', '?', 1, 3)}"
"(25, 15, 15, 19, 0)",2,"{(25, 19, 15)}","{(7, '?', 1, 3)}"
"(25, 15, 15, 25, 0)",1,"{(25, 15)}","{(5, '?', 1, 3)}"
"(25, 15, 15, 27, 0)",1,"{(25, 27, 15)}","{(7, 0, 1, 3)}"
"(25, 15, 19, 10, 0)",3,"{(25, 10, 19, 15)}","{('?', '?', 1, 3)}"
"(25, 15, 19, 19, 0)",2,"{(25, 19, 15)}","{('?', '?', '?', 3)}"
"(25, 15, 19, 25, 0)",2,"{(25, 19, 15)}","{('?', '?', 1, 3)}"
"(25, 15, 19, 4, 0)",8,"{(25, 19, 4, 15)}","{('?', '?', '?', 3)}"
"(25, 15, 20, 9, 0)",1,"{(25, 20, 9, 15)}","{(2, 0, 1, 3)}"
"(25, 15, 21, 10, 0)",1,"{(25, 10, 21, 15)}","{(2, 3, 7, 3)}"
"(25, 15, 21, 15, 0)",1,"{(25, 21, 15)}","{(5, 3, 1, 3)}"
"(25, 15, 21, 19, 0)",5,"{(25, 19, 21, 15)}","{('?', 3, '?', 3)}"
"(25, 15, 21, 21, 0)",3,"{(25, 21, 15)}","{('?', 3, '?', 3)}"
"(25, 15, 21, 22, 0)",1,"{(25, 21, 22, 15)}","{(0, 3, 1, 3)}"
"(25, 15, 21, 5, 0)",1,"{(25, 5, 21, 15)}","{(0, 3, 1, 3)}"
"(25, 15, 21, 6, 0)",1,"{(25, 21, 6, 15)}","{(3, 3, 1, 3)}"
"(25, 15, 22, 14, 0)",1,"{(25, 14, 22, 15)}","{(0, 7, 1, 3)}"
"(25, 15, 22, 19, 0)",1,"{(25, 19, 22, 15)}","{(0, '?', 1, 3)}"
"(25, 15, 22, 22, 0)",2,"{(25, 22, 15)}","{(0, '?', 1, 3)}"
"(25, 15, 22, 27, 0)",1,"{(25, 27, 22, 15)}","{(0, 0, 1, 3)}"
"(25, 15, 24, 16, 0)",2,"{(24, 25, 16, 15)}","{('?', '?', 1, 3)}"
"(25, 15, 24, 20, 0)",1,"{(24, 25, 20, 15)}","{(2, 4, 1, 3)}"
"(25, 15, 24, 21, 0)",1,"{(24, 25, 21, 15)}","{(2, 3, 1, 3)}"
"(25, 15, 24, 25, 0)",6,"{(24, 25, 15)}","{('?', '?', 1, 3)}"
"(25, 15, 24, 27, 0)",1,"{(24, 25, 27, 15)}","{(2, 0, 1, 3)}"
"(25, 15, 24, 6, 0)",3,"{(24, 25, 6, 15)}","{('?', '?', 1, 3)}"
"(25, 15, 25, 19, 0)",1,"{(25, 19, 15)}","{('?', '?', 1, 3)}"
"(25, 15, 25, 5, 0)",1,"{(25, 5, 15)}","{(6, 6, 1, 3)}"
"(25, 15, 27, 15, 0)",1,"{(25, 27, 15)}","{(7, 0, '?', 3)}"
"(25, 15, 27, 4, 0)",1,"{(25, 27, 4, 15)}","{(1, 0, 3, 3)}"
"(25, 15, 4, 10, 0)",4,"{(25, 10, 4, 15)}","{('?', '?', '?', 3)}"
"(25, 15, 4, 11, 0)",6,"{(25, 11, 4, 15)}","{('?', '?', '?', 3)}"
"(25, 15, 4, 13, 0)",2,"{(25, 4, 13, 15)}","{('?', 2, '?', 3)}"
"(25, 15, 4, 19, 0)",9,"{(25, 19, 4, 15)}","{('?', '?', '?', 3)}"
"(25, 15, 4, 21, 0)",3,"{(25, 4, 21, 15)}","{('?', 3, '?', 3)}"
"(25, 15, 4, 25, 0)",2,"{(25, 4, 15)}","{('?', '?', 7, 3)}"
"(25, 15, 4, 6, 0)",1,"{(25, 4, 6, 15)}","{(1, 4, 7, 3)}"
"(25, 15, 4, 9, 0)",4,"{(25, 4, 9, 15)}","{('?', 0, '?', 3)}"
"(25, 15, 5, 21, 0)",1,"{(25, 21, 5, 15)}","{(6, 3, 1, 3)}"
"(25, 15, 5, 25, 0)",4,"{(25, 5, 15)}","{('?', '?', 1, 3)}"
"(25, 15, 5, 27, 0)",1,"{(25, 27, 5, 15)}","{(6, 0, 1, 3)}"
"(25, 15, 5, 6, 0)",2,"{(25, 5, 6, 15)}","{(4, '?', 1, 3)}"
"(25, 15, 5, 9, 0)",2,"{(25, 5, 9, 15)}","{('?', 0, 1, 3)}"
"(25, 15, 6, 10, 0)",1,"{(25, 10, 6, 15)}","{(7, 4, 1, 3)}"
"(25, 15, 6, 15, 0)",3,"{(25, 6, 15)}","{('?', '?', 1, 3)}"
"(25, 15, 6, 19, 0)",4,"{(25, 19, 6, 15)}","{('?', '?', '?', 3)}"
"(25, 15, 6, 4, 0)",8,"{(25, 4, 6, 15)}","{('?', '?', '?', 3)}"
"(25, 15, 9, 10, 0)",2,"{(25, 10, 9, 15)}","{('?', 0, '?', 3)}"
"(25, 15, 9, 15, 0)",2,"{(25, 9, 15)}","{('?', 0, 1, 3)}"
"(25, 15, 9, 19, 0)",1,"{(25, 19, 9, 15)}","{('?', 0, 1, 3)}"
"(25, 15, 9, 22, 0)",1,"{(25, 22, 9, 15)}","{(0, 0, 1, 3)}"
"(25, 15, 9, 4, 0)",3,"{(25, 4, 9, 15)}","{('?', 0, '?', 3)}"
"(25, 15, 9, 6, 0)",1,"{(25, 6, 9, 15)}","{(3, 0, 1, 3)}"
"(25, 15, 9, 9, 0)",1,"{(25, 9, 15)}","{(2, 0, 7, 3)}"
"(25, 16, 1, 15, 0)",1,"{(16, 25, 1, 15)}","{(5, 1, 0, 3)}"
"(25, 16, 11, 1, 0)",3,"{(16, 25, 11, 1)}","{('?', '?', 0, 3)}"
"(25, 16, 11, 15, 0)",2,"{(16, 25, 11, 15)}","{('?', '?', 0, 3)}"
"(25, 16, 11, 16, 0)",2,"{(16, 25, 11)}","{('?', '?', 0, 3)}"
"(25, 16, 11, 8, 0)",2,"{(16, 25, 11, 8)}","{('?', '?', 0, 3)}"
"(25, 16, 13, 15, 0)",2,"{(16, 25, 13, 15)}","{('?', '?', 0, 3)}"
"(25, 16, 13, 5, 0)",1,"{(16, 25, 5, 13)}","{(4, 2, 0, 3)}"
"(25, 16, 14, 3, 0)",1,"{(16, 25, 3, 14)}","{(0, 3, 0, 3)}"
"(25, 16, 15, 1, 0)",1,"{(16, 25, 1, 15)}","{(5, 6, 0, 3)}"
"(25, 16, 16, 16, 0)",1,"{(16, 25)}","{('?', '?', 0, 3)}"
"(25, 16, 16, 19, 0)",1,"{(16, 25, 19)}","{('?', '?', 0, 3)}"
"(25, 16, 21, 1, 0)",2,"{(16, 25, 21, 1)}","{('?', 3, 0, 3)}"
"(25, 16, 21, 20, 0)",1,"{(16, 25, 20, 21)}","{(1, 3, 0, 3)}"
"(25, 16, 21, 6, 0)",1,"{(16, 25, 21, 6)}","{(3, 3, 0, 3)}"
"(25, 16, 21, 8, 0)",2,"{(16, 25, 21, 8)}","{('?', 3, 0, 3)}"
"(25, 16, 27, 15, 0)",1,"{(16, 25, 27, 15)}","{(7, 0, 0, 3)}"
"(25, 16, 5, 13, 0)",1,"{(16, 25, 13, 5)}","{(4, 2, 0, 3)}"
"(25, 16, 5, 16, 0)",1,"{(16, 25, 5)}","{(4, 2, 0, 3)}"
"(25, 16, 5, 21, 0)",1,"{(16, 25, 21, 5)}","{(0, 3, 0, 3)}"
"(25, 16, 6, 1, 0)",3,"{(16, 25, 6, 1)}","{('?', '?', 0, 3)}"
"(25, 16, 6, 10, 0)",1,"{(16, 25, 10, 6)}","{(7, 4, 0, 3)}"
"(25, 16, 6, 15, 0)",2,"{(16, 25, 6, 15)}","{(7, '?', 0, 3)}"
"(25, 16, 6, 16, 0)",2,"{(16, 25, 6)}","{('?', '?', 0, 3)}"
"(25, 16, 6, 8, 0)",2,"{(16, 25, 6, 8)}","{('?', 1, 0, 3)}"
"(25, 16, 8, 6, 0)",1,"{(16, 25, 8, 6)}","{(3, '?', 0, 3)}"
"(25, 16, 9, 15, 0)",2,"{(16, 25, 9, 15)}","{('?', 0, 0, 3)}"
"(25, 16, 9, 16, 0)",1,"{(16, 25, 9)}","{(3, 0, 0, 3)}"
"(25, 16, 9, 8, 0)",2,"{(16, 25, 9, 8)}","{('?', 0, 0, 3)}"
"(25, 19, 1, 15, 0)",1,"{(25, 19, 1, 15)}","{(7, '?', '?', 3)}"
"(25, 19, 1, 21, 0)",1,"{(25, 19, 21, 1)}","{(3, 3, 6, 3)}"
"(25, 19, 11, 14, 0)",1,"{(11, 25, 19, 14)}","{(0, 6, '?', 3)}"
"(25, 19, 14, 27, 0)",1,"{(27, 25, 19, 14)}","{(0, 0, 2, 3)}"
"(25, 19, 14, 8, 0)",1,"{(8, 25, 19, 14)}","{(0, '?', 2, 3)}"
"(25, 19, 15, 10, 0)",1,"{(25, 10, 19, 15)}","{(5, '?', '?', 3)}"
"(25, 19, 15, 13, 0)",1,"{(25, 19, 13, 15)}","{(5, 2, 1, 3)}"
"(25, 19, 15, 19, 0)",1,"{(25, 19, 15)}","{('?', '?', 1, 3)}"
"(25, 19, 15, 25, 0)",1,"{(25, 19, 15)}","{('?', '?', 1, 3)}"
"(25, 19, 16, 19, 0)",1,"{(16, 25, 19)}","{('?', '?', 0, 3)}"
"(25, 19, 16, 25, 0)",1,"{(16, 25, 19)}","{('?', '?', 0, 3)}"
"(25, 19, 16, 6, 0)",1,"{(16, 25, 19, 6)}","{(3, '?', 0, 3)}"
"(25, 19, 19, 11, 0)",1,"{(11, 25, 19)}","{('?', 6, '?', 3)}"
"(25, 19, 19, 24, 0)",1,"{(24, 25, 19)}","{(2, 6, '?', 4)}"
"(25, 19, 21, 19, 0)",1,"{(25, 19, 21)}","{(2, 3, 3, 3)}"
"(25, 19, 21, 24, 0)",1,"{(24, 25, 19, 21)}","{(1, 3, '?', 3)}"
"(25, 19, 21, 25, 0)",1,"{(25, 19, 21)}","{('?', 3, '?', 3)}"
"(25, 19, 21, 5, 0)",2,"{(25, 5, 19, 21)}","{('?', 3, '?', 3)}"
"(25, 19, 21, 6, 0)",1,"{(25, 19, 21, 6)}","{(3, 3, 4, 3)}"
"(25, 19, 22, 22, 0)",1,"{(25, 19, 22)}","{(0, 3, 4, 3)}"
"(25, 19, 24, 10, 0)",1,"{(24, 25, 10, 19)}","{(1, 2, 6, 3)}"
"(25, 19, 24, 21, 0)",1,"{(24, 25, 19, 21)}","{(2, 3, '?', 3)}"
"(25, 19, 24, 25, 0)",6,"{(24, 25, 19)}","{('?', '?', '?', 3)}"
"(25, 19, 25, 19, 0)",1,"{(25, 19)}","{('?', 6, '?', 3)}"
"(25, 19, 27, 6, 0)",2,"{(27, 25, 19, 6)}","{(3, 0, '?', 3)}"
"(25, 19, 4, 14, 0)",1,"{(25, 19, 4, 14)}","{(0, '?', 7, 3)}"
"(25, 19, 4, 19, 0)",1,"{(25, 19, 4)}","{(2, 6, 3, 3)}"
"(25, 19, 4, 21, 0)",2,"{(25, 19, 4, 21)}","{('?', 3, 7, 3)}"
"(25, 19, 4, 25, 0)",1,"{(25, 19, 4)}","{(1, '?', 7, 3)}"
"(25, 19, 5, 4, 0)",1,"{(25, 19, 4, 5)}","{(6, 6, 3, 3)}"
"(25, 19, 6, 10, 0)",1,"{(25, 10, 19, 6)}","{(3, 1, 1, 3)}"
"(25, 19, 6, 13, 0)",1,"{(25, 19, 13, 6)}","{(3, 5, 4, 3)}"
"(25, 19, 6, 6, 0)",1,"{(25, 19, 6)}","{(3, 1, 1, 3)}"
"(25, 19, 6, 9, 0)",2,"{(25, 19, 6, 9)}","{(3, '?', '?', 3)}"
"(25, 19, 9, 10, 0)",1,"{(25, 10, 19, 9)}","{('?', 0, '?', 3)}"
"(25, 19, 9, 24, 0)",1,"{(24, 25, 19, 9)}","{(2, 0, '?', 3)}"
"(25, 19, 9, 6, 0)",1,"{(25, 19, 9, 6)}","{(3, 0, '?', 3)}"
"(25, 20, 10, 20, 0)",1,"{(25, 10, 20)}","{(2, 7, 0, 3)}"
"(25, 20, 11, 20, 0)",2,"{(25, 11, 20)}","{(2, '?', 0, 3)}"
"(25, 20, 11, 24, 0)",1,"{(24, 25, 11, 20)}","{(1, 7, 1, 3)}"
"(25, 20, 13, 20, 0)",2,"{(25, 20, 13)}","{('?', 2, 0, 3)}"
"(25, 20, 19, 10, 0)",1,"{(25, 10, 19, 20)}","{(1, '?', 0, 3)}"
"(25, 20, 19, 20, 0)",1,"{(25, 19, 20)}","{(2, '?', 0, 3)}"
"(25, 20, 20, 11, 0)",1,"{(25, 11, 20)}","{(2, 7, 0, 3)}"
"(25, 20, 20, 20, 0)",1,"{(25, 20)}","{(2, '?', 0, 3)}"
"(25, 20, 20, 25, 0)",1,"{(25, 20)}","{(1, '?', 0, 3)}"
"(25, 20, 21, 20, 0)",2,"{(25, 20, 21)}","{('?', 3, 0, 3)}"
"(25, 20, 21, 24, 0)",1,"{(24, 25, 20, 21)}","{(2, 3, 0, 3)}"
"(25, 20, 25, 19, 0)",1,"{(25, 19, 20)}","{(1, '?', 0, 3)}"
"(25, 20, 25, 20, 0)",1,"{(25, 20)}","{(2, '?', 0, 3)}"
"(25, 20, 27, 24, 0)",1,"{(24, 25, 27, 20)}","{(2, 0, 0, 3)}"
"(25, 20, 6, 20, 0)",3,"{(25, 20, 6)}","{('?', '?', 0, 3)}"
"(25, 20, 9, 20, 0)",2,"{(25, 20, 9)}","{('?', 0, 0, 3)}"
"(25, 20, 9, 24, 0)",1,"{(24, 25, 20, 9)}","{(1, 0, 0, 3)}"
"(25, 21, 1, 1, 0)",1,"{(25, 21, 1)}","{(5, 3, 2, 3)}"
"(25, 21, 1, 8, 0)",1,"{(8, 25, 21, 1)}","{(5, 3, 2, 3)}"
"(25, 21, 14, 16, 0)",1,"{(16, 25, 21, 14)}","{(0, 3, 0, 3)}"
"(25, 21, 16, 10, 0)",1,"{(16, 25, 10, 21)}","{(5, 3, 0, 3)}"
"(25, 21, 16, 14, 0)",1,"{(16, 25, 21, 14)}","{(0, 3, 0, 3)}"
"(25, 21, 16, 19, 0)",1,"{(16, 25, 19, 21)}","{(3, 3, 0, 3)}"
"(25, 21, 16, 5, 0)",2,"{(16, 25, 5, 21)}","{('?', 3, 0, 3)}"
"(25, 21, 16, 6, 0)",1,"{(16, 25, 21, 6)}","{(3, 3, 0, 3)}"
"(25, 21, 19, 19, 0)",2,"{(25, 19, 21)}","{('?', 3, '?', 3)}"
"(25, 21, 20, 19, 0)",1,"{(25, 19, 20, 21)}","{(2, 3, 0, 3)}"
"(25, 21, 21, 16, 0)",1,"{(16, 25, 21)}","{(3, 3, 0, 3)}"
"(25, 21, 21, 24, 0)",1,"{(24, 25, 21)}","{(2, 3, '?', 3)}"
"(25, 21, 22, 16, 0)",1,"{(16, 25, 21, 22)}","{(0, 3, 0, 3)}"
"(25, 21, 22, 19, 0)",1,"{(25, 19, 21, 22)}","{(0, 3, 4, 3)}"
"(25, 21, 22, 22, 0)",1,"{(25, 21, 22)}","{(0, 3, 2, 3)}"
"(25, 21, 22, 8, 0)",1,"{(8, 25, 21, 22)}","{(0, 3, 2, 3)}"
"(25, 21, 24, 19, 0)",1,"{(24, 25, 19, 21)}","{(1, 3, '?', 3)}"
"(25, 21, 24, 25, 0)",2,"{(24, 25, 21)}","{('?', 3, '?', 3)}"
"(25, 21, 24, 8, 0)",1,"{(24, 25, 21, 8)}","{(1, 3, 2, 3)}"
"(25, 21, 5, 16, 0)",2,"{(16, 25, 5, 21)}","{('?', 3, 0, 3)}"
"(25, 21, 5, 8, 0)",1,"{(8, 25, 5, 21)}","{(6, 3, 2, 3)}"
"(25, 21, 8, 1, 0)",1,"{(8, 25, 21, 1)}","{(5, 3, 2, 3)}"
"(25, 21, 8, 19, 0)",1,"{(8, 25, 19, 21)}","{('?', 3, 2, 3)}"
"(25, 21, 8, 24, 0)",2,"{(8, 25, 21, 24)}","{('?', 3, 2, 3)}"
"(25, 21, 8, 5, 0)",2,"{(8, 25, 5, 21)}","{('?', 3, 2, 3)}"
"(25, 21, 8, 8, 0)",5,"{(8, 25, 21)}","{('?', 3, 2, 3)}"
"(25, 22, 11, 14, 0)",2,"{(25, 11, 22, 14)}","{(0, 7, '?', 3)}"
"(25, 22, 14, 14, 0)",2,"{(25, 22, 14)}","{(0, '?', '?', 3)}"
"(25, 22, 14, 19, 0)",1,"{(25, 19, 22, 14)}","{(0, '?', 4, 3)}"
"(25, 22, 14, 22, 0)",1,"{(25, 22, 14)}","{(0, '?', 4, 3)}"
"(25, 22, 14, 27, 0)",2,"{(25, 27, 22, 14)}","{(0, 0, '?', 3)}"
"(25, 22, 15, 14, 0)",1,"{(25, 14, 22, 15)}","{(0, 4, 1, 3)}"
"(25, 22, 15, 22, 0)",1,"{(25, 22, 15)}","{(0, '?', 1, 3)}"
"(25, 22, 21, 22, 0)",2,"{(25, 21, 22)}","{(0, 3, '?', 3)}"
"(25, 22, 22, 22, 0)",2,"{(25, 22)}","{(0, '?', '?', 3)}"
"(25, 22, 22, 27, 0)",1,"{(25, 27, 22)}","{(0, 0, 4, 3)}"
"(25, 22, 8, 14, 0)",1,"{(8, 25, 22, 14)}","{(0, '?', 2, 3)}"
"(25, 22, 8, 19, 0)",1,"{(8, 25, 19, 22)}","{(0, '?', 2, 3)}"
"(25, 22, 9, 22, 0)",2,"{(25, 22, 9)}","{(0, 0, '?', 3)}"
"(25, 24, 11, 24, 0)",5,"{(24, 25, 11)}","{('?', '?', '?', 3)}"
"(25, 24, 11, 8, 0)",1,"{(24, 25, 11, 8)}","{(2, 7, 2, 3)}"
"(25, 24, 13, 10, 0)",2,"{(24, 25, 10, 13)}","{(1, '?', '?', 3)}"
"(25, 24, 13, 19, 0)",1,"{(24, 25, 19, 13)}","{(1, 2, 5, 3)}"
"(25, 24, 13, 25, 0)",1,"{(24, 25, 13)}","{(1, 2, 6, 3)}"
"(25, 24, 15, 6, 0)",1,"{(24, 25, 6, 15)}","{(2, 4, 1, 3)}"
"(25, 24, 19, 10, 0)",1,"{(24, 25, 10, 19)}","{(2, 2, 4, 3)}"
"(25, 24, 19, 24, 0)",1,"{(24, 25, 19)}","{(1, '?', '?', 3)}"
"(25, 24, 19, 25, 0)",1,"{(24, 25, 19)}","{(1, '?', 5, 3)}"
"(25, 24, 21, 10, 0)",1,"{(24, 25, 10, 21)}","{(1, 3, '?', 3)}"
"(25, 24, 21, 24, 0)",2,"{(24, 25, 21)}","{('?', 3, '?', 3)}"
"(25, 24, 25, 19, 0)",3,"{(24, 25, 19)}","{('?', '?', '?', 3)}"
"(25, 24, 25, 24, 0)",4,"{(24, 25)}","{('?', '?', '?', 3)}"
"(25, 24, 27, 19, 0)",1,"{(24, 25, 27, 19)}","{(2, '?', '?', 3)}"
"(25, 24, 27, 24, 0)",3,"{(24, 25, 27)}","{('?', 0, '?', 3)}"
"(25, 24, 6, 19, 0)",2,"{(24, 25, 19, 6)}","{(1, '?', '?', 3)}"
"(25, 24, 6, 24, 0)",3,"{(24, 25, 6)}","{('?', '?', '?', 3)}"
"(25, 24, 6, 25, 0)",1,"{(24, 25, 6)}","{(1, 1, '?', 3)}"
"(25, 24, 6, 8, 0)",4,"{(24, 25, 6, 8)}","{('?', '?', 2, 3)}"
"(25, 24, 8, 21, 0)",1,"{(24, 25, 21, 8)}","{(1, 3, 2, 3)}"
"(25, 24, 8, 24, 0)",3,"{(24, 25, 8)}","{('?', '?', 2, 3)}"
"(25, 24, 8, 6, 0)",1,"{(24, 25, 8, 6)}","{(2, 4, 2, 3)}"
"(25, 24, 8, 8, 0)",2,"{(24, 25, 8)}","{('?', '?', 2, 3)}"
"(25, 24, 9, 24, 0)",4,"{(24, 25, 9)}","{('?', 0, '?', 3)}"
"(25, 24, 9, 25, 0)",1,"{(24, 25, 9)}","{(2, 0, '?', 3)}"
"(25, 24, 9, 8, 0)",4,"{(24, 25, 9, 8)}","{('?', '?', '?', 3)}"
"(25, 25, 1, 1, 0)",1,"{(25, 1)}","{(5, 7, 2, 3)}"
"(25, 25, 1, 15, 0)",5,"{(25, 1, 15)}","{('?', '?', '?', 3)}"
"(25, 25, 1, 21, 0)",1,"{(25, 21, 1)}","{('?', 3, 4, 3)}"
"(25, 25, 1, 24, 0)",1,"{(24, 25, 1)}","{(1, 6, '?', 3)}"
"(25, 25, 1, 27, 0)",1,"{(25, 27, 1)}","{(7, 0, '?', 3)}"
"(25, 25, 11, 16, 0)",2,"{(16, 25, 11)}","{('?', 6, 0, 3)}"
"(25, 25, 11, 19, 0)",4,"{(19, 25, 11)}","{('?', '?', '?', 3)}"
"(25, 25, 11, 24, 0)",1,"{(24, 25, 11)}","{('?', 6, '?', 3)}"
"(25, 25, 11, 5, 0)",1,"{(25, 11, 5)}","{(6, 6, 1, 3)}"
"(25, 25, 11, 6, 0)",2,"{(25, 11, 6)}","{(3, '?', '?', 3)}"
"(25, 25, 15, 11, 0)",3,"{(25, 11, 15)}","{('?', '?', '?', 3)}"
"(25, 25, 15, 13, 0)",1,"{(25, 13, 15)}","{(5, 2, 1, 3)}"
"(25, 25, 15, 15, 0)",1,"{(25, 15)}","{(5, '?', 1, 3)}"
"(25, 25, 15, 19, 0)",2,"{(25, 19, 15)}","{('?', 1, 1, 3)}"
"(25, 25, 15, 24, 0)",1,"{(24, 25, 15)}","{(1, 2, 1, 3)}"
"(25, 25, 15, 25, 0)",2,"{(25, 15)}","{('?', '?', 1, 3)}"
"(25, 25, 15, 27, 0)",1,"{(25, 27, 15)}","{(2, 0, 3, 3)}"
"(25, 25, 15, 4, 0)",1,"{(25, 4, 15)}","{(2, 2, 3, 3)}"
"(25, 25, 15, 5, 0)",4,"{(25, 5, 15)}","{('?', '?', 1, 3)}"
"(25, 25, 16, 13, 0)",1,"{(16, 25, 13)}","{('?', 2, 0, 3)}"
"(25, 25, 16, 16, 0)",1,"{(16, 25)}","{('?', 6, 0, 3)}"
"(25, 25, 16, 19, 0)",2,"{(16, 25, 19)}","{('?', '?', 0, 3)}"
"(25, 25, 16, 21, 0)",1,"{(16, 25, 21)}","{(3, 3, 0, 3)}"
"(25, 25, 16, 27, 0)",1,"{(16, 25, 27)}","{(3, 0, 0, 3)}"
"(25, 25, 16, 6, 0)",2,"{(16, 25, 6)}","{('?', '?', 0, 3)}"
"(25, 25, 16, 9, 0)",2,"{(16, 25, 9)}","{('?', 0, 0, 3)}"
"(25, 25, 19, 11, 0)",1,"{(11, 25, 19)}","{('?', 6, '?', 3)}"
"(25, 25, 19, 19, 0)",2,"{(25, 19)}","{('?', '?', '?', 3)}"
"(25, 25, 19, 25, 0)",1,"{(25, 19)}","{('?', 7, '?', 3)}"
"(25, 25, 19, 6, 0)",1,"{(25, 19, 6)}","{(3, '?', '?', 3)}"
"(25, 25, 20, 20, 0)",1,"{(25, 20)}","{(1, 2, 0, 3)}"
"(25, 25, 21, 19, 0)",1,"{(25, 19, 21)}","{('?', 3, '?', 3)}"
"(25, 25, 21, 22, 0)",1,"{(25, 21, 22)}","{(0, 3, '?', 3)}"
"(25, 25, 21, 5, 0)",3,"{(25, 5, 21)}","{('?', 3, '?', 3)}"
"(25, 25, 24, 11, 0)",1,"{(24, 25, 11)}","{(1, 6, 4, 3)}"
"(25, 25, 24, 19, 0)",7,"{(24, 25, 19)}","{('?', '?', '?', 3)}"
"(25, 25, 24, 25, 0)",2,"{(24, 25)}","{(1, 6, '?', 3)}"
"(25, 25, 24, 8, 0)",2,"{(24, 25, 8)}","{('?', '?', 2, 3)}"
"(25, 25, 25, 16, 0)",1,"{(16, 25)}","{('?', '?', 0, 3)}"
"(25, 25, 25, 19, 0)",2,"{(25, 19)}","{('?', '?', '?', 3)}"
"(25, 25, 25, 5, 0)",1,"{(25, 5)}","{(4, 6, 1, 3)}"
"(25, 25, 27, 15, 0)",1,"{(25, 27, 15)}","{(7, 0, '?', 3)}"
"(25, 25, 27, 6, 0)",1,"{(25, 27, 6)}","{(3, 0, '?', 3)}"
"(25, 25, 4, 5, 0)",3,"{(25, 4, 5)}","{(6, '?', 3, 3)}"
"(25, 25, 5, 11, 0)",2,"{(25, 11, 5)}","{(6, 7, '?', 3)}"
"(25, 25, 5, 15, 0)",3,"{(25, 5, 15)}","{('?', '?', 1, 3)}"
"(25, 25, 5, 16, 0)",4,"{(16, 25, 5)}","{('?', '?', 0, 3)}"
"(25, 25, 5, 18, 0)",1,"{(25, 18, 5)}","{(6, 2, 3, 3)}"
"(25, 25, 5, 19, 0)",1,"{(25, 19, 5)}","{(6, 6, 2, 3)}"
"(25, 25, 5, 21, 0)",1,"{(25, 21, 5)}","{(6, 3, '?', 3)}"
"(25, 25, 5, 4, 0)",1,"{(25, 4, 5)}","{(4, '?', 7, 3)}"
"(25, 25, 5, 8, 0)",2,"{(8, 25, 5)}","{(6, '?', 2, 3)}"
"(25, 25, 6, 11, 0)",1,"{(25, 11, 6)}","{(3, 7, '?', 3)}"
"(25, 25, 6, 15, 0)",1,"{(25, 6, 15)}","{('?', 4, 1, 3)}"
"(25, 25, 6, 16, 0)",1,"{(16, 25, 6)}","{(3, 1, 0, 3)}"
"(25, 25, 6, 19, 0)",2,"{(25, 19, 6)}","{('?', 1, '?', 3)}"
"(25, 25, 6, 27, 0)",2,"{(25, 27, 6)}","{('?', '?', '?', 3)}"
"(25, 25, 6, 6, 0)",2,"{(25, 6)}","{(3, '?', '?', 3)}"
"(25, 25, 6, 9, 0)",3,"{(25, 6, 9)}","{('?', 0, '?', 3)}"
"(25, 25, 8, 1, 0)",2,"{(8, 25, 1)}","{('?', '?', 2, 3)}"
"(25, 25, 8, 11, 0)",2,"{(8, 25, 11)}","{('?', 6, 2, 3)}"
"(25, 25, 8, 21, 0)",2,"{(8, 25, 21)}","{('?', 3, 2, 3)}"
"(25, 25, 8, 27, 0)",2,"{(8, 25, 27)}","{('?', '?', 2, 3)}"
"(25, 25, 8, 6, 0)",5,"{(8, 25, 6)}","{(3, '?', 2, 3)}"
"(25, 25, 8, 8, 0)",4,"{(8, 25)}","{('?', '?', 2, 3)}"
"(25, 25, 9, 19, 0)",1,"{(25, 19, 9)}","{('?', 0, '?', 3)}"
"(25, 25, 9, 24, 0)",1,"{(24, 25, 9)}","{(1, 0, 2, 3)}"
"(25, 25, 9, 6, 0)",1,"{(25, 9, 6)}","{(3, 0, 0, 3)}"
"(25, 27, 15, 10, 0)",1,"{(25, 10, 27, 15)}","{(7, 0, 0, 3)}"
"(25, 4, 10, 13, 0)",1,"{(25, 10, 4, 13)}","{(3, 5, 7, 3)}"
"(25, 4, 10, 19, 0)",3,"{(25, 10, 19, 4)}","{('?', '?', '?', 3)}"
"(25, 4, 10, 6, 0)",1,"{(25, 10, 4, 6)}","{(3, '?', 7, 3)}"
"(25, 4, 11, 10, 0)",1,"{(25, 10, 11, 4)}","{('?', 6, 7, 3)}"
"(25, 4, 11, 14, 0)",1,"{(25, 11, 4, 14)}","{(0, 6, 7, 3)}"
"(25, 4, 11, 15, 0)",1,"{(25, 11, 4, 15)}","{(7, 6, 7, 3)}"
"(25, 4, 11, 19, 0)",13,"{(19, 25, 11, 4)}","{('?', '?', '?', '?')}"
"(25, 4, 11, 22, 0)",3,"{(25, 11, 4, 22)}","{(0, '?', '?', 3)}"
"(25, 4, 11, 4, 0)",2,"{(25, 11, 4)}","{('?', 7, 3, 3)}"
"(25, 4, 11, 5, 0)",2,"{(25, 11, 4, 5)}","{('?', 6, '?', 3)}"
"(25, 4, 11, 6, 0)",3,"{(25, 11, 4, 6)}","{(3, '?', '?', 3)}"
"(25, 4, 13, 10, 0)",2,"{(25, 10, 4, 13)}","{('?', 2, 7, 3)}"
"(25, 4, 13, 13, 0)",1,"{(25, 4, 13)}","{(3, 5, 3, 3)}"
"(25, 4, 13, 15, 0)",2,"{(25, 4, 13, 15)}","{('?', 2, 3, 3)}"
"(25, 4, 13, 19, 0)",2,"{(25, 19, 4, 13)}","{('?', '?', 3, 3)}"
"(25, 4, 13, 22, 0)",1,"{(25, 4, 13, 22)}","{(0, 5, 7, 3)}"
"(25, 4, 13, 5, 0)",5,"{(25, 5, 4, 13)}","{('?', '?', '?', 3)}"
"(25, 4, 14, 11, 0)",2,"{(25, 11, 4, 14)}","{(0, 7, '?', 3)}"
"(25, 4, 14, 14, 0)",1,"{(25, 4, 14)}","{(0, '?', 3, 3)}"
"(25, 4, 14, 19, 0)",1,"{(25, 19, 4, 14)}","{(0, '?', 3, 3)}"
"(25, 4, 14, 27, 0)",1,"{(25, 27, 4, 14)}","{(0, 0, 3, 3)}"
"(25, 4, 15, 19, 0)",1,"{(25, 19, 4, 15)}","{(7, 6, 7, 3)}"
"(25, 4, 15, 21, 0)",1,"{(25, 4, 21, 15)}","{(7, 3, 7, 3)}"
"(25, 4, 19, 10, 0)",2,"{(25, 10, 19, 4)}","{('?', '?', '?', 3)}"
"(25, 4, 19, 11, 0)",1,"{(11, 25, 19, 4)}","{('?', 6, 3, 3)}"
"(25, 4, 19, 19, 0)",5,"{(25, 19, 4)}","{('?', '?', '?', 3)}"
"(25, 4, 19, 21, 0)",8,"{(25, 19, 4, 21)}","{('?', 3, '?', 3)}"
"(25, 4, 19, 25, 0)",2,"{(25, 19, 4)}","{('?', '?', '?', 3)}"
"(25, 4, 19, 27, 0)",1,"{(27, 25, 19, 4)}","{(3, '?', 7, 3)}"
"(25, 4, 19, 4, 0)",1,"{(25, 19, 4)}","{(3, '?', 3, 3)}"
"(25, 4, 19, 5, 0)",1,"{(25, 19, 4, 5)}","{(4, 3, 3, 3)}"
"(25, 4, 19, 6, 0)",3,"{(25, 19, 4, 6)}","{(3, '?', '?', 3)}"
"(25, 4, 19, 9, 0)",2,"{(25, 19, 4, 9)}","{('?', 0, '?', 3)}"
"(25, 4, 21, 15, 0)",2,"{(25, 4, 21, 15)}","{(5, 3, '?', 3)}"
"(25, 4, 21, 19, 0)",4,"{(25, 19, 4, 21)}","{('?', 3, '?', 3)}"
"(25, 4, 21, 21, 0)",2,"{(25, 4, 21)}","{('?', 3, 7, 3)}"
"(25, 4, 21, 22, 0)",1,"{(25, 4, 21, 22)}","{(0, 3, 7, 3)}"
"(25, 4, 21, 25, 0)",1,"{(25, 4, 21)}","{(5, 3, 7, 3)}"
"(25, 4, 21, 4, 0)",1,"{(25, 4, 21)}","{(3, 3, 7, 3)}"
"(25, 4, 21, 5, 0)",3,"{(25, 5, 4, 21)}","{('?', 3, '?', 3)}"
"(25, 4, 21, 6, 0)",2,"{(25, 4, 21, 6)}","{(3, 3, '?', 3)}"
"(25, 4, 22, 11, 0)",1,"{(25, 11, 4, 22)}","{('?', 6, 7, 3)}"
"(25, 4, 22, 14, 0)",1,"{(25, 4, 22, 14)}","{(0, 4, 7, 3)}"
"(25, 4, 22, 19, 0)",3,"{(25, 19, 4, 22)}","{(0, '?', '?', 3)}"
"(25, 4, 22, 21, 0)",1,"{(25, 4, 21, 22)}","{(0, 3, 7, 3)}"
"(25, 4, 22, 22, 0)",1,"{(25, 4, 22)}","{(0, '?', 7, 3)}"
"(25, 4, 25, 11, 0)",1,"{(25, 11, 4)}","{('?', 7, 7, 3)}"
"(25, 4, 25, 19, 0)",1,"{(25, 19, 4)}","{('?', '?', 7, 3)}"
"(25, 4, 25, 5, 0)",3,"{(25, 4, 5)}","{('?', '?', '?', 3)}"
"(25, 4, 27, 19, 0)",2,"{(19, 25, 27, 4)}","{('?', 0, '?', 3)}"
"(25, 4, 5, 10, 0)",1,"{(25, 10, 4, 5)}","{(4, 6, 7, 3)}"
"(25, 4, 5, 11, 0)",4,"{(25, 11, 4, 5)}","{('?', '?', '?', 3)}"
"(25, 4, 5, 18, 0)",2,"{(25, 18, 4, 5)}","{(6, 2, '?', 3)}"
"(25, 4, 5, 19, 0)",2,"{(25, 19, 4, 5)}","{('?', '?', 3, 3)}"
"(25, 4, 5, 21, 0)",3,"{(25, 21, 4, 5)}","{('?', 3, '?', 3)}"
"(25, 4, 5, 25, 0)",7,"{(25, 4, 5)}","{('?', '?', '?', 3)}"
"(25, 4, 5, 27, 0)",2,"{(25, 27, 4, 5)}","{('?', 0, 7, 3)}"
"(25, 4, 5, 5, 0)",1,"{(25, 4, 5)}","{(4, 2, 3, 3)}"
"(25, 4, 5, 6, 0)",1,"{(25, 4, 5, 6)}","{(6, 1, 3, 3)}"
"(25, 4, 6, 10, 0)",2,"{(25, 10, 4, 6)}","{('?', '?', '?', 3)}"
"(25, 4, 6, 15, 0)",1,"{(25, 4, 6, 15)}","{(5, 1, 7, 3)}"
"(25, 4, 6, 19, 0)",3,"{(25, 19, 4, 6)}","{('?', '?', '?', 3)}"
"(25, 4, 6, 22, 0)",1,"{(25, 4, 6, 22)}","{(0, 1, 3, 3)}"
"(25, 4, 6, 25, 0)",1,"{(25, 4, 6)}","{('?', 1, 7, 3)}"
"(25, 4, 6, 6, 0)",3,"{(25, 4, 6)}","{(3, '?', '?', 3)}"
"(25, 4, 9, 19, 0)",2,"{(25, 19, 4, 9)}","{('?', 0, '?', 3)}"
"(25, 4, 9, 5, 0)",1,"{(25, 4, 5, 9)}","{('?', 0, 7, 3)}"
"(25, 4, 9, 9, 0)",1,"{(25, 4, 9)}","{('?', 0, 3, 3)}"
"(25, 5, 11, 10, 0)",1,"{(25, 10, 11, 5)}","{(6, 6, '?', 3)}"
"(25, 5, 11, 19, 0)",6,"{(19, 25, 11, 5)}","{('?', '?', '?', 3)}"
"(25, 5, 11, 25, 0)",1,"{(25, 11, 5)}","{(6, 6, '?', 3)}"
"(25, 5, 11, 5, 0)",1,"{(25, 11, 5)}","{(6, 6, '?', 3)}"
"(25, 5, 11, 8, 0)",3,"{(8, 25, 11, 5)}","{('?', '?', 2, 3)}"
"(25, 5, 13, 19, 0)",1,"{(25, 13, 19, 5)}","{(4, 2, '?', 3)}"
"(25, 5, 15, 11, 0)",1,"{(25, 11, 5, 15)}","{(4, 7, 1, 3)}"
"(25, 5, 16, 11, 0)",1,"{(16, 25, 11, 5)}","{(6, 6, 0, 3)}"
"(25, 5, 16, 16, 0)",1,"{(16, 25, 5)}","{(6, '?', 0, 3)}"
"(25, 5, 16, 19, 0)",1,"{(16, 25, 19, 5)}","{(6, '?', 0, 3)}"
"(25, 5, 16, 25, 0)",2,"{(16, 25, 5)}","{('?', '?', 0, 3)}"
"(25, 5, 16, 5, 0)",1,"{(16, 25, 5)}","{(6, '?', 0, 3)}"
"(25, 5, 16, 9, 0)",2,"{(16, 25, 5, 9)}","{('?', 0, 0, 3)}"
"(25, 5, 19, 19, 0)",3,"{(25, 19, 5)}","{('?', '?', '?', 3)}"
"(25, 5, 21, 10, 0)",2,"{(25, 21, 10, 5)}","{('?', 3, '?', 3)}"
"(25, 5, 21, 19, 0)",2,"{(25, 21, 19, 5)}","{('?', 3, '?', 3)}"
"(25, 5, 21, 21, 0)",2,"{(25, 21, 5)}","{('?', 3, '?', 3)}"
"(25, 5, 21, 22, 0)",1,"{(25, 21, 5, 22)}","{(0, 3, '?', 3)}"
"(25, 5, 21, 8, 0)",1,"{(8, 25, 21, 5)}","{(4, 3, 2, 3)}"
"(25, 5, 25, 11, 0)",1,"{(25, 11, 5)}","{(4, 6, '?', 3)}"
"(25, 5, 25, 19, 0)",2,"{(25, 19, 5)}","{(6, '?', '?', 3)}"
"(25, 5, 25, 5, 0)",1,"{(25, 5)}","{(4, 2, '?', 3)}"
"(25, 5, 27, 19, 0)",1,"{(19, 25, 27, 5)}","{(4, 0, 2, 3)}"
"(25, 5, 27, 8, 0)",2,"{(8, 25, 27, 5)}","{('?', 0, 2, 3)}"
"(25, 5, 4, 10, 0)",5,"{(25, 10, 4, 5)}","{('?', '?', '?', 3)}"
"(25, 5, 4, 11, 0)",3,"{(25, 11, 4, 5)}","{('?', '?', 3, 3)}"
"(25, 5, 4, 19, 0)",1,"{(25, 19, 4, 5)}","{(4, 7, 3, 3)}"
"(25, 5, 4, 25, 0)",4,"{(25, 4, 5)}","{('?', '?', '?', 3)}"
"(25, 5, 4, 5, 0)",3,"{(25, 4, 5)}","{('?', '?', '?', 3)}"
"(25, 5, 5, 11, 0)",1,"{(25, 11, 5)}","{(4, 7, '?', 3)}"
"(25, 5, 5, 19, 0)",2,"{(25, 19, 5)}","{(4, '?', '?', 3)}"
"(25, 5, 5, 25, 0)",4,"{(25, 5)}","{('?', '?', '?', 3)}"
"(25, 5, 5, 5, 0)",1,"{(25, 5)}","{(6, '?', '?', 3)}"
"(25, 5, 6, 10, 0)",1,"{(25, 10, 5, 6)}","{(6, 1, '?', 3)}"
"(25, 5, 6, 16, 0)",1,"{(16, 25, 5, 6)}","{(4, 4, 0, 3)}"
"(25, 5, 8, 1, 0)",1,"{(8, 25, 5, 1)}","{(6, '?', 2, 3)}"
"(25, 5, 8, 11, 0)",2,"{(8, 25, 11, 5)}","{('?', '?', 2, 3)}"
"(25, 5, 8, 19, 0)",4,"{(8, 25, 19, 5)}","{('?', '?', 2, 3)}"
"(25, 5, 8, 21, 0)",1,"{(8, 25, 21, 5)}","{(4, 3, 2, 3)}"
"(25, 5, 8, 6, 0)",1,"{(8, 25, 5, 6)}","{(4, 4, 2, 3)}"
"(25, 5, 8, 8, 0)",1,"{(8, 25, 5)}","{(6, '?', 2, 3)}"
"(25, 5, 9, 10, 0)",1,"{(25, 10, 5, 9)}","{(6, 0, 2, 3)}"
"(25, 5, 9, 8, 0)",1,"{(8, 25, 5, 9)}","{(6, 0, 2, 3)}"
"(25, 6, 1, 1, 0)",1,"{(25, 6, 1)}","{(5, 1, '?', 3)}"
"(25, 6, 1, 15, 0)",2,"{(25, 15, 6, 1)}","{('?', '?', '?', 3)}"
"(25, 6, 1, 8, 0)",2,"{(8, 25, 6, 1)}","{(5, '?', 2, 3)}"
"(25, 6, 14, 15, 0)",1,"{(25, 15, 6, 14)}","{(0, 1, 1, 3)}"
"(25, 6, 14, 16, 0)",1,"{(16, 25, 6, 14)}","{(0, 4, 0, 3)}"
"(25, 6, 14, 22, 0)",1,"{(25, 22, 6, 14)}","{(0, 4, 6, 3)}"
"(25, 6, 14, 8, 0)",2,"{(8, 25, 6, 14)}","{(0, '?', 2, 3)}"
"(25, 6, 15, 19, 0)",2,"{(25, 19, 6, 15)}","{('?', 4, 1, 3)}"
"(25, 6, 15, 25, 0)",3,"{(25, 6, 15)}","{('?', '?', '?', 3)}"
"(25, 6, 15, 4, 0)",1,"{(25, 4, 6, 15)}","{(2, 4, 3, 3)}"
"(25, 6, 15, 5, 0)",2,"{(25, 5, 6, 15)}","{('?', 4, 1, 3)}"
"(25, 6, 16, 10, 0)",1,"{(16, 25, 10, 6)}","{('?', 1, 0, 3)}"
"(25, 6, 16, 19, 0)",2,"{(16, 25, 19, 6)}","{('?', '?', 0, 3)}"
"(25, 6, 16, 25, 0)",2,"{(16, 25, 6)}","{('?', '?', 0, 3)}"
"(25, 6, 16, 5, 0)",1,"{(16, 25, 5, 6)}","{(6, 4, 0, 3)}"
"(25, 6, 16, 6, 0)",2,"{(16, 25, 6)}","{(3, '?', 0, 3)}"
"(25, 6, 19, 10, 0)",2,"{(25, 10, 19, 6)}","{('?', '?', '?', 3)}"
"(25, 6, 19, 15, 0)",1,"{(25, 19, 6, 15)}","{('?', 4, 1, 3)}"
"(25, 6, 19, 19, 0)",1,"{(25, 19, 6)}","{('?', 1, '?', 3)}"
"(25, 6, 19, 25, 0)",3,"{(25, 19, 6)}","{('?', '?', '?', 3)}"
"(25, 6, 22, 15, 0)",1,"{(25, 15, 6, 22)}","{(0, 1, 1, 3)}"
"(25, 6, 22, 16, 0)",2,"{(16, 25, 6, 22)}","{(0, '?', 0, 3)}"
"(25, 6, 22, 22, 0)",1,"{(25, 6, 22)}","{(0, 4, 6, 3)}"
"(25, 6, 24, 19, 0)",1,"{(24, 25, 19, 6)}","{(2, 4, '?', 3)}"
"(25, 6, 24, 25, 0)",4,"{(24, 25, 6)}","{('?', '?', '?', 3)}"
"(25, 6, 24, 8, 0)",3,"{(24, 25, 6, 8)}","{('?', '?', 2, 3)}"
"(25, 6, 4, 10, 0)",1,"{(25, 10, 4, 6)}","{('?', 4, 3, 3)}"
"(25, 6, 4, 14, 0)",1,"{(25, 4, 6, 14)}","{(0, 1, 3, 3)}"
"(25, 6, 4, 19, 0)",1,"{(25, 19, 4, 6)}","{('?', 1, 3, 3)}"
"(25, 6, 4, 22, 0)",2,"{(25, 4, 6, 22)}","{(0, '?', '?', 3)}"
"(25, 6, 4, 25, 0)",3,"{(25, 4, 6)}","{('?', '?', '?', 3)}"
"(25, 6, 4, 5, 0)",1,"{(25, 4, 5, 6)}","{(6, 1, 3, 3)}"
"(25, 6, 5, 15, 0)",1,"{(25, 5, 6, 15)}","{(6, 4, 1, 3)}"
"(25, 6, 5, 16, 0)",3,"{(16, 25, 5, 6)}","{('?', '?', 0, 3)}"
"(25, 6, 5, 25, 0)",1,"{(25, 5, 6)}","{(6, 1, '?', 3)}"
"(25, 6, 5, 4, 0)",3,"{(25, 4, 5, 6)}","{(6, '?', '?', 3)}"
"(25, 6, 5, 5, 0)",2,"{(25, 5, 6)}","{(6, '?', '?', 3)}"
"(25, 6, 5, 8, 0)",4,"{(8, 25, 5, 6)}","{('?', '?', 2, 3)}"
"(25, 6, 6, 10, 0)",1,"{(25, 10, 6)}","{(3, 4, '?', 3)}"
"(25, 6, 6, 16, 0)",2,"{(16, 25, 6)}","{(3, '?', 0, 3)}"
"(25, 6, 6, 6, 0)",1,"{(25, 6)}","{(3, 4, '?', 3)}"
"(25, 6, 8, 19, 0)",1,"{(8, 25, 19, 6)}","{(5, 1, 2, 3)}"
"(25, 6, 8, 24, 0)",3,"{(8, 25, 6, 24)}","{('?', '?', 2, 3)}"
"(25, 6, 8, 6, 0)",2,"{(8, 25, 6)}","{(3, '?', 2, 3)}"
"(25, 6, 8, 8, 0)",2,"{(8, 25, 6)}","{('?', '?', 2, 3)}"
"(25, 8, 1, 1, 0)",1,"{(8, 25, 1)}","{(5, 6, 2, 3)}"
"(25, 8, 21, 8, 0)",1,"{(8, 25, 21)}","{(0, 3, 2, 3)}"
"(25, 8, 6, 8, 0)",1,"{(8, 25, 6)}","{(3, 6, 2, 3)}"
"(25, 8, 8, 1, 0)",2,"{(8, 25, 1)}","{('?', '?', 2, 3)}"
"(25, 9, 20, 10, 0)",1,"{(25, 10, 20, 9)}","{(1, 0, 0, 3)}"
"(26, 1, 1, 1, 0)",5,"{(1, 26)}","{('?', '?', 2, '?')}"
"(26, 1, 1, 6, 0)",1,"{(1, 26, 6)}","{(7, 4, 2, 2)}"
"(26, 1, 11, 1, 0)",1,"{(1, 26, 11)}","{(5, 6, 2, 2)}"
"(26, 1, 11, 15, 0)",9,"{(1, 26, 11, 15)}","{('?', '?', '?', '?')}"
"(26, 1, 15, 19, 0)",1,"{(1, 26, 19, 15)}","{(7, '?', '?', 2)}"
"(26, 1, 19, 15, 0)",5,"{(1, 26, 19, 15)}","{('?', '?', '?', '?')}"
"(26, 1, 21, 15, 0)",3,"{(1, 26, 21, 15)}","{('?', 3, '?', '?')}"
"(26, 1, 27, 15, 0)",2,"{(1, 26, 27, 15)}","{(5, 0, '?', 2)}"
"(26, 1, 3, 15, 0)",2,"{(1, 26, 3, 15)}","{(5, 3, '?', '?')}"
"(26, 1, 6, 10, 0)",1,"{(1, 26, 10, 6)}","{(7, 1, 4, 5)}"
"(26, 1, 6, 15, 0)",6,"{(1, 26, 6, 15)}","{('?', '?', '?', '?')}"
"(26, 1, 6, 19, 0)",1,"{(1, 26, 19, 6)}","{('?', 1, 4, 6)}"
"(26, 1, 9, 15, 0)",1,"{(1, 26, 9, 15)}","{(5, 0, 4, 2)}"
"(26, 10, 1, 1, 0)",1,"{(1, 26, 10)}","{(7, 4, 2, 5)}"
"(26, 10, 11, 8, 0)",1,"{(11, 8, 26, 10)}","{(3, 6, 2, 5)}"
"(26, 10, 15, 15, 0)",1,"{(26, 10, 15)}","{(5, 7, 3, 5)}"
"(26, 10, 4, 15, 0)",1,"{(26, 10, 4, 15)}","{(7, 7, 7, 5)}"
"(26, 10, 4, 27, 0)",1,"{(27, 26, 10, 4)}","{(7, 0, 3, 5)}"
"(26, 10, 4, 5, 0)",1,"{(26, 10, 4, 5)}","{(4, '?', 7, 5)}"
"(26, 10, 4, 6, 0)",1,"{(26, 10, 4, 6)}","{(3, 4, 7, 5)}"
"(26, 10, 6, 22, 0)",1,"{(26, 10, 6, 22)}","{(0, 1, 7, 5)}"
"(26, 10, 6, 6, 0)",1,"{(26, 10, 6)}","{(3, 1, 7, 5)}"
"(26, 10, 8, 6, 0)",2,"{(8, 26, 10, 6)}","{('?', 1, 2, 5)}"
"(26, 11, 1, 1, 0)",3,"{(1, 26, 11)}","{('?', '?', '?', '?')}"
"(26, 11, 1, 15, 0)",5,"{(1, 26, 11, 15)}","{('?', '?', '?', '?')}"
"(26, 11, 14, 14, 0)",2,"{(26, 11, 14)}","{(0, 6, '?', 2)}"
"(26, 11, 14, 8, 0)",2,"{(8, 26, 11, 14)}","{(0, '?', 2, '?')}"
"(26, 11, 15, 14, 0)",1,"{(26, 11, 14, 15)}","{(0, 7, 1, 2)}"
"(26, 11, 15, 15, 0)",3,"{(26, 11, 15)}","{('?', '?', 1, '?')}"
"(26, 11, 15, 19, 0)",10,"{(19, 26, 11, 15)}","{('?', '?', 1, '?')}"
"(26, 11, 15, 22, 0)",1,"{(26, 11, 22, 15)}","{(0, 7, 1, 2)}"
"(26, 11, 15, 24, 0)",4,"{(24, 26, 11, 15)}","{('?', '?', 1, '?')}"
"(26, 11, 15, 5, 0)",1,"{(26, 11, 5, 15)}","{(6, 7, 1, 2)}"
"(26, 11, 15, 6, 0)",2,"{(26, 11, 6, 15)}","{(3, '?', 1, '?')}"
"(26, 11, 16, 14, 0)",4,"{(16, 26, 11, 14)}","{(0, '?', 0, '?')}"
"(26, 11, 16, 15, 0)",2,"{(16, 26, 11, 15)}","{('?', 6, 0, 2)}"
"(26, 11, 16, 16, 0)",1,"{(16, 26, 11)}","{('?', 6, 0, 2)}"
"(26, 11, 16, 19, 0)",2,"{(16, 19, 26, 11)}","{('?', '?', 0, '?')}"
"(26, 11, 16, 5, 0)",4,"{(16, 26, 11, 5)}","{('?', '?', 0, '?')}"
"(26, 11, 16, 6, 0)",3,"{(16, 26, 11, 6)}","{(3, '?', 0, '?')}"
"(26, 11, 16, 8, 0)",1,"{(16, 8, 26, 11)}","{(3, 6, 0, 6)}"
"(26, 11, 19, 1, 0)",1,"{(19, 1, 26, 11)}","{(7, 6, '?', 2)}"
"(26, 11, 19, 14, 0)",9,"{(19, 26, 11, 14)}","{('?', '?', '?', '?')}"
"(26, 11, 19, 15, 0)",6,"{(19, 26, 11, 15)}","{('?', '?', '?', '?')}"
"(26, 11, 19, 16, 0)",4,"{(19, 16, 26, 11)}","{('?', '?', '?', '?')}"
"(26, 11, 19, 19, 0)",13,"{(19, 26, 11)}","{('?', '?', '?', '?')}"
"(26, 11, 19, 20, 0)",1,"{(19, 26, 11, 20)}","{(1, 6, 0, 6)}"
"(26, 11, 19, 22, 0)",1,"{(19, 26, 11, 22)}","{(0, 7, '?', 6)}"
"(26, 11, 19, 24, 0)",4,"{(19, 24, 26, 11)}","{('?', '?', '?', '?')}"
"(26, 11, 19, 5, 0)",3,"{(19, 26, 11, 5)}","{('?', '?', '?', 2)}"
"(26, 11, 19, 6, 0)",6,"{(19, 26, 11, 6)}","{(3, '?', '?', '?')}"
"(26, 11, 19, 8, 0)",6,"{(19, 8, 26, 11)}","{('?', '?', '?', '?')}"
"(26, 11, 20, 19, 0)",3,"{(19, 26, 11, 20)}","{('?', '?', 0, '?')}"
"(26, 11, 20, 20, 0)",1,"{(26, 11, 20)}","{(2, 7, 0, 2)}"
"(26, 11, 20, 24, 0)",7,"{(24, 26, 11, 20)}","{('?', '?', 0, '?')}"
"(26, 11, 20, 4, 0)",3,"{(26, 11, 20, 4)}","{('?', '?', 0, '?')}"
"(26, 11, 22, 14, 0)",2,"{(26, 11, 22, 14)}","{(0, 7, '?', 2)}"
"(26, 11, 24, 16, 0)",1,"{(24, 16, 26, 11)}","{(2, 6, 0, 6)}"
"(26, 11, 24, 17, 0)",1,"{(24, 17, 26, 11)}","{(2, 6, '?', 2)}"
"(26, 11, 24, 19, 0)",9,"{(24, 19, 26, 11)}","{('?', '?', '?', '?')}"
"(26, 11, 24, 23, 0)",2,"{(24, 26, 11, 23)}","{('?', 6, 2, 6)}"
"(26, 11, 24, 24, 0)",3,"{(24, 26, 11)}","{('?', '?', '?', '?')}"
"(26, 11, 24, 8, 0)",1,"{(24, 8, 26, 11)}","{(2, 7, 2, 6)}"
"(26, 11, 4, 11, 0)",1,"{(26, 11, 4)}","{(2, 6, 3, 2)}"
"(26, 11, 4, 14, 0)",1,"{(26, 11, 4, 14)}","{(0, 6, '?', 2)}"
"(26, 11, 4, 19, 0)",1,"{(19, 26, 11, 4)}","{('?', 7, 7, 2)}"
"(26, 11, 5, 14, 0)",1,"{(26, 11, 5, 14)}","{(0, 7, 4, 2)}"
"(26, 11, 5, 15, 0)",7,"{(26, 11, 5, 15)}","{('?', '?', 1, '?')}"
"(26, 11, 5, 16, 0)",8,"{(16, 26, 11, 5)}","{('?', '?', '?', '?')}"
"(26, 11, 5, 17, 0)",1,"{(17, 26, 11, 5)}","{(6, 6, '?', 6)}"
"(26, 11, 5, 19, 0)",11,"{(19, 26, 11, 5)}","{('?', '?', '?', '?')}"
"(26, 11, 5, 8, 0)",4,"{(8, 26, 11, 5)}","{('?', '?', 2, '?')}"
"(26, 11, 6, 6, 0)",5,"{(26, 11, 6)}","{(3, '?', '?', '?')}"
"(26, 11, 8, 1, 0)",1,"{(8, 1, 26, 11)}","{(5, 7, 2, 6)}"
"(26, 11, 8, 14, 0)",2,"{(8, 26, 11, 14)}","{(0, 6, 2, '?')}"
"(26, 11, 8, 24, 0)",1,"{(8, 24, 26, 11)}","{(2, 6, 2, 6)}"
"(26, 11, 8, 26, 0)",3,"{(8, 26, 11)}","{('?', '?', 2, '?')}"
"(26, 11, 8, 5, 0)",5,"{(8, 26, 11, 5)}","{('?', '?', 2, '?')}"
"(26, 11, 8, 6, 0)",1,"{(8, 26, 11, 6)}","{(3, 6, 2, 6)}"
"(26, 11, 8, 8, 0)",5,"{(8, 26, 11)}","{('?', '?', 2, '?')}"
"(26, 12, 20, 10, 0)",1,"{(26, 10, 12, 20)}","{(1, 0, 0, 5)}"
"(26, 12, 24, 25, 0)",1,"{(24, 25, 26, 12)}","{(2, 0, 4, 5)}"
"(26, 15, 10, 11, 0)",4,"{(11, 26, 10, 15)}","{('?', '?', '?', 5)}"
"(26, 15, 10, 15, 0)",6,"{(26, 10, 15)}","{('?', '?', 1, 5)}"
"(26, 15, 10, 16, 0)",1,"{(16, 26, 10, 15)}","{(1, 4, 1, 5)}"
"(26, 15, 10, 24, 0)",4,"{(24, 26, 10, 15)}","{('?', '?', 1, 5)}"
"(26, 15, 10, 27, 0)",2,"{(27, 26, 10, 15)}","{('?', 0, '?', 5)}"
"(26, 15, 10, 4, 0)",1,"{(26, 10, 4, 15)}","{(1, '?', 7, 5)}"
"(26, 15, 10, 6, 0)",6,"{(26, 10, 6, 15)}","{('?', '?', '?', 5)}"
"(26, 15, 11, 10, 0)",3,"{(10, 26, 11, 15)}","{('?', 7, '?', 5)}"
"(26, 15, 11, 14, 0)",4,"{(26, 11, 14, 15)}","{(0, '?', 1, '?')}"
"(26, 15, 11, 15, 0)",9,"{(26, 11, 15)}","{('?', '?', 1, '?')}"
"(26, 15, 11, 19, 0)",10,"{(19, 26, 11, 15)}","{('?', '?', 1, '?')}"
"(26, 15, 11, 22, 0)",1,"{(26, 11, 22, 15)}","{(0, 6, 1, 2)}"
"(26, 15, 11, 24, 0)",5,"{(24, 26, 11, 15)}","{('?', '?', 1, '?')}"
"(26, 15, 11, 4, 0)",10,"{(26, 11, 4, 15)}","{('?', '?', '?', '?')}"
"(26, 15, 11, 6, 0)",4,"{(26, 11, 6, 15)}","{(3, '?', 1, '?')}"
"(26, 15, 12, 10, 0)",1,"{(26, 10, 12, 15)}","{(4, 0, 1, 5)}"
"(26, 15, 12, 15, 0)",1,"{(26, 12, 15)}","{(7, 0, 1, 5)}"
"(26, 15, 12, 24, 0)",1,"{(24, 26, 12, 15)}","{(2, 0, 1, 5)}"
"(26, 15, 12, 25, 0)",1,"{(25, 26, 12, 15)}","{(2, 0, 1, 5)}"
"(26, 15, 12, 6, 0)",1,"{(26, 12, 6, 15)}","{(2, 0, 3, 5)}"
"(26, 15, 14, 14, 0)",1,"{(26, 14, 15)}","{(0, '?', 1, 6)}"
"(26, 15, 14, 22, 0)",2,"{(26, 22, 14, 15)}","{(0, '?', 1, '?')}"
"(26, 15, 14, 6, 0)",1,"{(26, 6, 14, 15)}","{(0, 1, 1, 5)}"
"(26, 15, 15, 11, 0)",2,"{(26, 11, 15)}","{(7, '?', 1, 6)}"
"(26, 15, 15, 15, 0)",4,"{(26, 15)}","{('?', '?', 1, '?')}"
"(26, 15, 15, 19, 0)",3,"{(26, 19, 15)}","{('?', '?', 1, '?')}"
"(26, 15, 15, 6, 0)",1,"{(26, 6, 15)}","{(5, 4, 1, 2)}"
"(26, 15, 19, 14, 0)",3,"{(26, 19, 14, 15)}","{(0, '?', 1, '?')}"
"(26, 15, 19, 15, 0)",3,"{(26, 19, 15)}","{('?', '?', 1, '?')}"
"(26, 15, 19, 16, 0)",1,"{(16, 26, 19, 15)}","{(2, '?', 1, 2)}"
"(26, 15, 19, 19, 0)",2,"{(26, 19, 15)}","{('?', '?', 1, '?')}"
"(26, 15, 19, 21, 0)",1,"{(26, 19, 21, 15)}","{(4, 3, 1, 6)}"
"(26, 15, 19, 22, 0)",1,"{(26, 19, 22, 15)}","{(0, '?', 1, 6)}"
"(26, 15, 19, 24, 0)",4,"{(24, 26, 19, 15)}","{('?', '?', 1, '?')}"
"(26, 15, 19, 4, 0)",6,"{(26, 19, 4, 15)}","{('?', '?', '?', '?')}"
"(26, 15, 19, 6, 0)",1,"{(26, 19, 6, 15)}","{(3, 6, 1, 2)}"
"(26, 15, 20, 6, 0)",1,"{(26, 20, 6, 15)}","{(1, 4, 1, 2)}"
"(26, 15, 21, 14, 0)",1,"{(26, 21, 14, 15)}","{(0, 3, 1, 5)}"
"(26, 15, 21, 15, 0)",2,"{(26, 21, 15)}","{('?', 3, 1, '?')}"
"(26, 15, 21, 19, 0)",9,"{(26, 19, 21, 15)}","{('?', 3, '?', '?')}"
"(26, 15, 21, 20, 0)",4,"{(26, 20, 21, 15)}","{('?', 3, 1, '?')}"
"(26, 15, 21, 21, 0)",3,"{(26, 21, 15)}","{('?', 3, 1, '?')}"
"(26, 15, 21, 22, 0)",2,"{(26, 21, 22, 15)}","{(0, 3, 1, '?')}"
"(26, 15, 21, 24, 0)",4,"{(24, 26, 21, 15)}","{('?', 3, 1, '?')}"
"(26, 15, 21, 4, 0)",5,"{(26, 4, 21, 15)}","{('?', 3, '?', '?')}"
"(26, 15, 21, 5, 0)",3,"{(26, 5, 21, 15)}","{('?', 3, 1, '?')}"
"(26, 15, 21, 6, 0)",1,"{(26, 21, 6, 15)}","{(3, 3, 1, 6)}"
"(26, 15, 22, 22, 0)",1,"{(26, 22, 15)}","{(0, '?', 1, 6)}"
"(26, 15, 24, 11, 0)",5,"{(24, 26, 11, 15)}","{('?', 7, 1, '?')}"
"(26, 15, 24, 15, 0)",1,"{(24, 26, 15)}","{(1, 7, 1, 6)}"
"(26, 15, 24, 16, 0)",2,"{(24, 16, 26, 15)}","{('?', '?', 1, '?')}"
"(26, 15, 24, 19, 0)",8,"{(24, 26, 19, 15)}","{('?', '?', '?', '?')}"
"(26, 15, 24, 20, 0)",1,"{(24, 26, 20, 15)}","{(1, 3, 1, 5)}"
"(26, 15, 24, 21, 0)",2,"{(24, 26, 21, 15)}","{('?', 3, 1, '?')}"
"(26, 15, 24, 24, 0)",1,"{(24, 26, 15)}","{(1, 1, 1, 6)}"
"(26, 15, 24, 25, 0)",5,"{(24, 25, 26, 15)}","{('?', '?', 1, 5)}"
"(26, 15, 24, 6, 0)",9,"{(24, 26, 6, 15)}","{('?', '?', 1, '?')}"
"(26, 15, 24, 9, 0)",2,"{(24, 9, 26, 15)}","{('?', '?', '?', 2)}"
"(26, 15, 25, 10, 0)",3,"{(25, 26, 10, 15)}","{('?', '?', 3, 5)}"
"(26, 15, 25, 11, 0)",7,"{(25, 26, 11, 15)}","{('?', '?', '?', 5)}"
"(26, 15, 25, 15, 0)",1,"{(25, 26, 15)}","{(2, '?', 7, 5)}"
"(26, 15, 25, 19, 0)",1,"{(25, 26, 19, 15)}","{('?', 1, 1, 5)}"
"(26, 15, 25, 20, 0)",1,"{(25, 26, 20, 15)}","{(1, '?', 1, 5)}"
"(26, 15, 25, 24, 0)",4,"{(24, 25, 26, 15)}","{('?', '?', '?', 5)}"
"(26, 15, 25, 25, 0)",1,"{(25, 26, 15)}","{(1, 1, 7, 5)}"
"(26, 15, 25, 4, 0)",5,"{(25, 26, 4, 15)}","{('?', '?', '?', 5)}"
"(26, 15, 27, 10, 0)",1,"{(10, 26, 27, 15)}","{(4, 0, 1, 5)}"
"(26, 15, 27, 14, 0)",2,"{(26, 27, 14, 15)}","{(0, 0, 1, '?')}"
"(26, 15, 27, 15, 0)",2,"{(26, 27, 15)}","{('?', 0, 1, 6)}"
"(26, 15, 27, 16, 0)",1,"{(16, 26, 27, 15)}","{(2, 0, 1, 2)}"
"(26, 15, 27, 19, 0)",2,"{(19, 26, 27, 15)}","{('?', 0, 1, '?')}"
"(26, 15, 27, 20, 0)",1,"{(26, 27, 20, 15)}","{(1, 0, 1, 2)}"
"(26, 15, 27, 22, 0)",1,"{(26, 27, 22, 15)}","{(0, 0, 1, 6)}"
"(26, 15, 27, 24, 0)",2,"{(24, 26, 27, 15)}","{('?', 0, 1, 2)}"
"(26, 15, 27, 27, 0)",2,"{(26, 27, 15)}","{('?', 0, 3, 2)}"
"(26, 15, 27, 4, 0)",4,"{(26, 27, 4, 15)}","{('?', '?', '?', '?')}"
"(26, 15, 27, 6, 0)",7,"{(26, 27, 6, 15)}","{('?', 0, '?', '?')}"
"(26, 15, 3, 15, 0)",1,"{(26, 3, 15)}","{(5, 3, 1, 6)}"
"(26, 15, 4, 10, 0)",3,"{(26, 10, 4, 15)}","{('?', '?', '?', 5)}"
"(26, 15, 4, 11, 0)",10,"{(26, 11, 4, 15)}","{('?', '?', '?', '?')}"
"(26, 15, 4, 19, 0)",9,"{(26, 19, 4, 15)}","{('?', '?', '?', '?')}"
"(26, 15, 4, 21, 0)",6,"{(26, 4, 21, 15)}","{('?', 3, '?', '?')}"
"(26, 15, 4, 25, 0)",2,"{(25, 26, 4, 15)}","{('?', '?', 7, 5)}"
"(26, 15, 4, 27, 0)",3,"{(26, 27, 4, 15)}","{('?', 0, '?', '?')}"
"(26, 15, 4, 4, 0)",4,"{(26, 4, 15)}","{('?', '?', '?', '?')}"
"(26, 15, 4, 6, 0)",1,"{(26, 4, 6, 15)}","{(1, 1, 3, 2)}"
"(26, 15, 4, 9, 0)",1,"{(9, 26, 4, 15)}","{(2, 0, 7, 2)}"
"(26, 15, 5, 11, 0)",6,"{(26, 11, 5, 15)}","{('?', '?', 1, '?')}"
"(26, 15, 5, 14, 0)",1,"{(26, 5, 14, 15)}","{(0, 3, 1, 5)}"
"(26, 15, 5, 19, 0)",2,"{(26, 19, 5, 15)}","{(6, '?', 1, '?')}"
"(26, 15, 5, 21, 0)",2,"{(26, 21, 5, 15)}","{(6, 3, 1, '?')}"
"(26, 15, 5, 25, 0)",2,"{(25, 26, 5, 15)}","{('?', '?', 1, 5)}"
"(26, 15, 5, 3, 0)",1,"{(26, 3, 5, 15)}","{(6, 3, 1, 5)}"
"(26, 15, 5, 6, 0)",10,"{(26, 5, 6, 15)}","{('?', '?', 1, '?')}"
"(26, 15, 5, 9, 0)",1,"{(9, 26, 5, 15)}","{(4, 0, 1, 6)}"
"(26, 15, 6, 10, 0)",5,"{(26, 10, 6, 15)}","{('?', '?', '?', 5)}"
"(26, 15, 6, 14, 0)",4,"{(26, 14, 6, 15)}","{(0, '?', 1, '?')}"
"(26, 15, 6, 15, 0)",8,"{(26, 6, 15)}","{('?', '?', 1, '?')}"
"(26, 15, 6, 19, 0)",12,"{(26, 19, 6, 15)}","{('?', '?', '?', '?')}"
"(26, 15, 6, 22, 0)",4,"{(26, 22, 6, 15)}","{(0, '?', 1, '?')}"
"(26, 15, 6, 24, 0)",9,"{(24, 26, 6, 15)}","{('?', '?', 1, '?')}"
"(26, 15, 6, 25, 0)",1,"{(25, 26, 6, 15)}","{('?', 4, 1, 5)}"
"(26, 15, 6, 4, 0)",16,"{(26, 4, 6, 15)}","{('?', '?', '?', '?')}"
"(26, 15, 6, 5, 0)",1,"{(26, 5, 6, 15)}","{('?', 4, 1, 6)}"
"(26, 15, 6, 6, 0)",4,"{(26, 6, 15)}","{('?', '?', '?', '?')}"
"(26, 15, 9, 10, 0)",2,"{(9, 26, 10, 15)}","{('?', 0, '?', 5)}"
"(26, 15, 9, 14, 0)",1,"{(9, 26, 14, 15)}","{(0, 0, 1, 6)}"
"(26, 15, 9, 15, 0)",2,"{(9, 26, 15)}","{('?', 0, 1, 6)}"
"(26, 15, 9, 16, 0)",2,"{(16, 9, 26, 15)}","{('?', 0, 1, 2)}"
"(26, 15, 9, 19, 0)",4,"{(9, 26, 19, 15)}","{('?', 0, 1, '?')}"
"(26, 15, 9, 20, 0)",2,"{(9, 26, 20, 15)}","{(2, 0, 1, '?')}"
"(26, 15, 9, 23, 0)",1,"{(9, 26, 23, 15)}","{(3, 0, 1, 5)}"
"(26, 15, 9, 24, 0)",1,"{(24, 9, 26, 15)}","{(2, 0, 1, 6)}"
"(26, 15, 9, 4, 0)",6,"{(9, 26, 4, 15)}","{('?', 0, '?', '?')}"
"(26, 15, 9, 5, 0)",4,"{(9, 26, 5, 15)}","{('?', 0, 1, '?')}"
"(26, 15, 9, 6, 0)",4,"{(9, 26, 6, 15)}","{('?', '?', 1, '?')}"
"(26, 15, 9, 9, 0)",6,"{(9, 26, 15)}","{('?', 0, '?', '?')}"
"(26, 16, 1, 1, 0)",2,"{(16, 1, 26)}","{('?', '?', 2, '?')}"
"(26, 16, 10, 15, 0)",2,"{(16, 26, 10, 15)}","{('?', '?', 0, 5)}"
"(26, 16, 11, 1, 0)",1,"{(16, 1, 26, 11)}","{(5, 6, 0, 6)}"
"(26, 16, 11, 14, 0)",1,"{(16, 26, 11, 14)}","{(0, 7, 0, 2)}"
"(26, 16, 11, 15, 0)",6,"{(16, 26, 11, 15)}","{('?', '?', 0, '?')}"
"(26, 16, 11, 16, 0)",3,"{(16, 26, 11)}","{(5, '?', 0, '?')}"
"(26, 16, 11, 19, 0)",3,"{(16, 19, 26, 11)}","{(5, '?', 0, '?')}"
"(26, 16, 11, 20, 0)",1,"{(16, 26, 11, 20)}","{(2, 6, 0, 6)}"
"(26, 16, 11, 5, 0)",1,"{(16, 26, 11, 5)}","{(6, 7, 0, 6)}"
"(26, 16, 13, 15, 0)",1,"{(16, 26, 13, 15)}","{(7, 2, 0, 2)}"
"(26, 16, 13, 8, 0)",1,"{(16, 8, 26, 13)}","{('?', 2, 0, 2)}"
"(26, 16, 14, 11, 0)",2,"{(16, 26, 11, 14)}","{(0, '?', 0, 6)}"
"(26, 16, 14, 14, 0)",1,"{(16, 26, 14)}","{(0, 6, 0, 5)}"
"(26, 16, 14, 22, 0)",3,"{(16, 26, 14, 22)}","{(0, '?', 0, '?')}"
"(26, 16, 14, 6, 0)",3,"{(16, 26, 14, 6)}","{(0, '?', 0, '?')}"
"(26, 16, 15, 10, 0)",1,"{(16, 26, 10, 15)}","{(7, '?', 0, 5)}"
"(26, 16, 15, 11, 0)",2,"{(16, 26, 11, 15)}","{(7, 6, 0, '?')}"
"(26, 16, 15, 15, 0)",3,"{(16, 26, 15)}","{(7, '?', 0, '?')}"
"(26, 16, 15, 19, 0)",4,"{(16, 26, 19, 15)}","{('?', '?', 0, '?')}"
"(26, 16, 15, 25, 0)",1,"{(16, 25, 26, 15)}","{(7, '?', 0, 5)}"
"(26, 16, 15, 6, 0)",2,"{(16, 26, 6, 15)}","{(5, 4, 0, '?')}"
"(26, 16, 16, 15, 0)",1,"{(16, 26, 15)}","{(7, 4, 0, 5)}"
"(26, 16, 16, 19, 0)",1,"{(16, 26, 19)}","{('?', '?', 0, 6)}"
"(26, 16, 19, 15, 0)",2,"{(16, 26, 19, 15)}","{('?', '?', 0, 6)}"
"(26, 16, 19, 16, 0)",1,"{(16, 26, 19)}","{('?', '?', 0, 2)}"
"(26, 16, 19, 22, 0)",1,"{(16, 26, 19, 22)}","{(0, 2, 0, 6)}"
"(26, 16, 19, 24, 0)",2,"{(16, 24, 26, 19)}","{(2, '?', 0, '?')}"
"(26, 16, 19, 6, 0)",1,"{(16, 26, 19, 6)}","{(3, '?', 0, 6)}"
"(26, 16, 19, 8, 0)",4,"{(16, 8, 26, 19)}","{('?', '?', 0, '?')}"
"(26, 16, 21, 15, 0)",2,"{(16, 26, 21, 15)}","{(7, '?', 0, '?')}"
"(26, 16, 21, 24, 0)",2,"{(16, 24, 26, 21)}","{('?', 3, 0, '?')}"
"(26, 16, 21, 5, 0)",1,"{(16, 26, 5, 21)}","{(4, 3, 0, 5)}"
"(26, 16, 22, 22, 0)",3,"{(16, 26, 22)}","{(0, '?', 0, '?')}"
"(26, 16, 22, 8, 0)",1,"{(16, 8, 26, 22)}","{(0, '?', 0, 2)}"
"(26, 16, 24, 6, 0)",1,"{(16, 24, 26, 6)}","{(2, 1, 0, 2)}"
"(26, 16, 25, 24, 0)",1,"{(16, 25, 26, 24)}","{(1, 7, 0, 5)}"
"(26, 16, 27, 15, 0)",4,"{(16, 26, 27, 15)}","{('?', 0, 0, '?')}"
"(26, 16, 27, 16, 0)",1,"{(16, 26, 27)}","{(5, 0, 0, 2)}"
"(26, 16, 27, 19, 0)",1,"{(16, 19, 26, 27)}","{(7, 0, 0, 6)}"
"(26, 16, 27, 22, 0)",1,"{(16, 26, 27, 22)}","{(0, 0, 0, 6)}"
"(26, 16, 27, 24, 0)",1,"{(16, 24, 26, 27)}","{(2, 0, 0, 2)}"
"(26, 16, 27, 8, 0)",1,"{(16, 8, 26, 27)}","{(5, 0, 0, 6)}"
"(26, 16, 5, 11, 0)",3,"{(16, 26, 11, 5)}","{('?', '?', 0, '?')}"
"(26, 16, 5, 16, 0)",5,"{(16, 26, 5)}","{(4, '?', 0, '?')}"
"(26, 16, 5, 19, 0)",3,"{(16, 26, 19, 5)}","{(4, '?', 0, '?')}"
"(26, 16, 5, 27, 0)",3,"{(16, 26, 27, 5)}","{('?', 0, 0, '?')}"
"(26, 16, 5, 3, 0)",1,"{(16, 26, 3, 5)}","{(6, 3, 0, 5)}"
"(26, 16, 5, 6, 0)",11,"{(16, 26, 5, 6)}","{('?', '?', 0, '?')}"
"(26, 16, 5, 9, 0)",3,"{(16, 9, 26, 5)}","{('?', 0, 0, '?')}"
"(26, 16, 6, 1, 0)",5,"{(16, 1, 26, 6)}","{('?', '?', 0, '?')}"
"(26, 16, 6, 10, 0)",4,"{(16, 26, 10, 6)}","{('?', '?', 0, 5)}"
"(26, 16, 6, 15, 0)",6,"{(16, 26, 6, 15)}","{('?', '?', 0, '?')}"
"(26, 16, 6, 16, 0)",2,"{(16, 26, 6)}","{('?', '?', 0, '?')}"
"(26, 16, 6, 19, 0)",5,"{(16, 26, 19, 6)}","{('?', '?', 0, '?')}"
"(26, 16, 6, 20, 0)",2,"{(16, 26, 20, 6)}","{('?', 1, 0, '?')}"
"(26, 16, 6, 8, 0)",2,"{(16, 8, 26, 6)}","{('?', '?', 0, 6)}"
"(26, 16, 8, 19, 0)",1,"{(16, 8, 26, 19)}","{(5, '?', 2, 2)}"
"(26, 16, 9, 15, 0)",1,"{(16, 9, 26, 15)}","{(4, 0, 0, 2)}"
"(26, 16, 9, 5, 0)",1,"{(16, 9, 26, 5)}","{(4, 0, 0, 6)}"
"(26, 16, 9, 8, 0)",1,"{(16, 9, 26, 8)}","{(5, 0, 0, 6)}"
"(26, 16, 9, 9, 0)",1,"{(16, 9, 26)}","{(5, 0, 0, 6)}"
"(26, 19, 1, 1, 0)",3,"{(1, 26, 19)}","{('?', '?', 2, 6)}"
"(26, 19, 1, 11, 0)",4,"{(11, 1, 26, 19)}","{('?', 6, '?', 2)}"
"(26, 19, 1, 15, 0)",6,"{(1, 26, 19, 15)}","{('?', '?', '?', '?')}"
"(26, 19, 1, 27, 0)",1,"{(27, 1, 26, 19)}","{(7, 0, 2, 2)}"
"(26, 19, 1, 8, 0)",2,"{(8, 1, 26, 19)}","{('?', '?', 2, '?')}"
"(26, 19, 1, 9, 0)",1,"{(1, 26, 19, 9)}","{(7, 0, 2, 2)}"
"(26, 19, 11, 1, 0)",1,"{(11, 1, 26, 19)}","{(5, 7, '?', 6)}"
"(26, 19, 11, 14, 0)",1,"{(11, 26, 19, 14)}","{(0, 6, 6, 6)}"
"(26, 19, 11, 15, 0)",2,"{(11, 26, 19, 15)}","{('?', '?', '?', '?')}"
"(26, 19, 11, 16, 0)",3,"{(11, 16, 26, 19)}","{('?', '?', 0, 6)}"
"(26, 19, 11, 19, 0)",15,"{(11, 26, 19)}","{('?', '?', '?', '?')}"
"(26, 19, 11, 20, 0)",1,"{(11, 26, 19, 20)}","{(2, 6, 0, 6)}"
"(26, 19, 11, 22, 0)",2,"{(11, 26, 19, 22)}","{(0, 7, '?', '?')}"
"(26, 19, 11, 24, 0)",4,"{(11, 24, 26, 19)}","{('?', '?', '?', '?')}"
"(26, 19, 11, 5, 0)",3,"{(11, 26, 19, 5)}","{('?', '?', '?', '?')}"
"(26, 19, 11, 6, 0)",8,"{(11, 26, 19, 6)}","{(3, '?', '?', '?')}"
"(26, 19, 11, 8, 0)",3,"{(11, 8, 26, 19)}","{('?', 6, 2, '?')}"
"(26, 19, 14, 14, 0)",1,"{(26, 19, 14)}","{(0, '?', 4, 2)}"
"(26, 19, 14, 8, 0)",1,"{(8, 26, 19, 14)}","{(0, 6, 2, 2)}"
"(26, 19, 15, 15, 0)",1,"{(26, 19, 15)}","{(5, '?', 1, 6)}"
"(26, 19, 15, 19, 0)",6,"{(26, 19, 15)}","{('?', '?', 1, '?')}"
"(26, 19, 15, 21, 0)",1,"{(26, 19, 21, 15)}","{(6, 3, 1, 6)}"
"(26, 19, 15, 24, 0)",2,"{(24, 26, 19, 15)}","{('?', '?', 1, 6)}"
"(26, 19, 15, 5, 0)",1,"{(26, 19, 5, 15)}","{(6, '?', 1, 2)}"
"(26, 19, 16, 14, 0)",3,"{(16, 26, 19, 14)}","{(0, '?', 0, '?')}"
"(26, 19, 16, 15, 0)",1,"{(16, 26, 19, 15)}","{(2, '?', 0, 6)}"
"(26, 19, 16, 16, 0)",1,"{(16, 26, 19)}","{('?', '?', 0, 2)}"
"(26, 19, 16, 19, 0)",10,"{(16, 26, 19)}","{('?', '?', 0, '?')}"
"(26, 19, 16, 22, 0)",1,"{(16, 26, 19, 22)}","{(0, '?', 0, 6)}"
"(26, 19, 16, 5, 0)",4,"{(16, 26, 19, 5)}","{('?', '?', 0, '?')}"
"(26, 19, 16, 6, 0)",7,"{(16, 26, 19, 6)}","{('?', '?', 0, '?')}"
"(26, 19, 16, 8, 0)",1,"{(16, 8, 26, 19)}","{('?', '?', 0, 6)}"
"(26, 19, 16, 9, 0)",1,"{(16, 9, 26, 19)}","{(6, 0, 0, 2)}"
"(26, 19, 19, 16, 0)",2,"{(16, 26, 19)}","{('?', '?', 0, 6)}"
"(26, 19, 19, 19, 0)",11,"{(26, 19)}","{('?', '?', '?', '?')}"
"(26, 19, 19, 24, 0)",2,"{(24, 26, 19)}","{(1, '?', '?', '?')}"
"(26, 19, 19, 6, 0)",5,"{(26, 19, 6)}","{(3, '?', '?', '?')}"
"(26, 19, 19, 8, 0)",1,"{(8, 26, 19)}","{(4, 6, 2, 6)}"
"(26, 19, 20, 16, 0)",1,"{(16, 26, 19, 20)}","{(1, 6, 0, 6)}"
"(26, 19, 20, 18, 0)",1,"{(18, 26, 19, 20)}","{(1, 2, 0, 2)}"
"(26, 19, 20, 19, 0)",3,"{(26, 19, 20)}","{('?', '?', 0, '?')}"
"(26, 19, 20, 20, 0)",4,"{(26, 19, 20)}","{('?', '?', 0, 2)}"
"(26, 19, 20, 21, 0)",1,"{(26, 19, 20, 21)}","{(1, 3, 0, 2)}"
"(26, 19, 20, 24, 0)",6,"{(24, 26, 19, 20)}","{('?', '?', 0, '?')}"
"(26, 19, 20, 4, 0)",1,"{(26, 19, 20, 4)}","{(2, '?', 0, 2)}"
"(26, 19, 20, 9, 0)",3,"{(9, 26, 19, 20)}","{('?', 0, 0, '?')}"
"(26, 19, 21, 1, 0)",3,"{(1, 26, 19, 21)}","{('?', 3, '?', '?')}"
"(26, 19, 21, 14, 0)",2,"{(26, 19, 21, 14)}","{(0, 3, '?', 2)}"
"(26, 19, 21, 15, 0)",6,"{(26, 19, 21, 15)}","{('?', 3, '?', '?')}"
"(26, 19, 21, 16, 0)",2,"{(16, 26, 19, 21)}","{('?', 3, 0, '?')}"
"(26, 19, 21, 19, 0)",9,"{(26, 19, 21)}","{('?', 3, '?', '?')}"
"(26, 19, 21, 20, 0)",2,"{(26, 19, 20, 21)}","{('?', 3, 0, '?')}"
"(26, 19, 21, 21, 0)",1,"{(26, 19, 21)}","{('?', 3, '?', 6)}"
"(26, 19, 21, 22, 0)",1,"{(26, 19, 21, 22)}","{(0, 3, '?', 6)}"
"(26, 19, 21, 24, 0)",4,"{(24, 26, 19, 21)}","{('?', 3, '?', '?')}"
"(26, 19, 21, 5, 0)",7,"{(5, 26, 19, 21)}","{('?', 3, '?', '?')}"
"(26, 19, 21, 6, 0)",4,"{(26, 19, 21, 6)}","{(3, 3, '?', '?')}"
"(26, 19, 21, 8, 0)",1,"{(8, 26, 19, 21)}","{(0, 3, 2, 2)}"
"(26, 19, 22, 14, 0)",5,"{(26, 19, 22, 14)}","{(0, '?', '?', '?')}"
"(26, 19, 22, 22, 0)",3,"{(26, 19, 22)}","{(0, '?', '?', '?')}"
"(26, 19, 22, 8, 0)",1,"{(8, 26, 19, 22)}","{(0, '?', 2, 6)}"
"(26, 19, 24, 11, 0)",3,"{(24, 11, 26, 19)}","{('?', '?', '?', '?')}"
"(26, 19, 24, 19, 0)",14,"{(24, 26, 19)}","{('?', '?', '?', '?')}"
"(26, 19, 24, 21, 0)",4,"{(24, 26, 19, 21)}","{('?', 3, '?', '?')}"
"(26, 19, 24, 23, 0)",2,"{(24, 26, 19, 23)}","{('?', '?', 2, 6)}"
"(26, 19, 24, 25, 0)",2,"{(24, 25, 26, 19)}","{(2, '?', 4, '?')}"
"(26, 19, 24, 6, 0)",5,"{(24, 26, 19, 6)}","{('?', '?', '?', '?')}"
"(26, 19, 24, 8, 0)",1,"{(24, 8, 26, 19)}","{(1, '?', 2, 2)}"
"(26, 19, 24, 9, 0)",1,"{(24, 9, 26, 19)}","{(2, 0, 2, 2)}"
"(26, 19, 27, 14, 0)",5,"{(27, 26, 19, 14)}","{(0, 0, '?', '?')}"
"(26, 19, 27, 16, 0)",1,"{(27, 16, 26, 19)}","{(0, 0, 0, 6)}"
"(26, 19, 27, 19, 0)",1,"{(27, 26, 19)}","{('?', 0, '?', 6)}"
"(26, 19, 27, 24, 0)",3,"{(27, 24, 26, 19)}","{('?', 0, '?', '?')}"
"(26, 19, 27, 6, 0)",2,"{(27, 26, 19, 6)}","{(3, 0, '?', 2)}"
"(26, 19, 5, 11, 0)",6,"{(11, 26, 19, 5)}","{('?', '?', '?', '?')}"
"(26, 19, 5, 15, 0)",2,"{(26, 19, 5, 15)}","{(6, '?', 1, '?')}"
"(26, 19, 5, 16, 0)",4,"{(16, 26, 19, 5)}","{('?', '?', 0, '?')}"
"(26, 19, 5, 19, 0)",3,"{(26, 19, 5)}","{('?', '?', '?', '?')}"
"(26, 19, 5, 21, 0)",5,"{(21, 26, 19, 5)}","{('?', 3, '?', '?')}"
"(26, 19, 5, 27, 0)",1,"{(27, 26, 19, 5)}","{(6, 0, '?', 2)}"
"(26, 19, 5, 6, 0)",1,"{(26, 19, 5, 6)}","{(4, 4, '?', 6)}"
"(26, 19, 5, 8, 0)",4,"{(8, 26, 19, 5)}","{('?', '?', 2, '?')}"
"(26, 19, 5, 9, 0)",1,"{(9, 26, 19, 5)}","{(6, 0, '?', 2)}"
"(26, 19, 6, 16, 0)",2,"{(16, 26, 19, 6)}","{('?', 1, 0, '?')}"
"(26, 19, 6, 19, 0)",3,"{(26, 19, 6)}","{('?', '?', '?', '?')}"
"(26, 19, 6, 24, 0)",1,"{(24, 26, 19, 6)}","{(2, 4, '?', 6)}"
"(26, 19, 6, 6, 0)",5,"{(26, 19, 6)}","{(3, '?', '?', '?')}"
"(26, 19, 8, 11, 0)",1,"{(8, 11, 26, 19)}","{(7, 6, 2, 6)}"
"(26, 19, 8, 14, 0)",1,"{(8, 26, 19, 14)}","{(0, '?', 2, 6)}"
"(26, 19, 8, 19, 0)",1,"{(8, 26, 19)}","{('?', '?', 2, 6)}"
"(26, 19, 8, 24, 0)",5,"{(8, 24, 26, 19)}","{('?', '?', 2, '?')}"
"(26, 19, 8, 27, 0)",1,"{(8, 27, 26, 19)}","{(5, 0, 2, 6)}"
"(26, 19, 8, 5, 0)",6,"{(8, 26, 19, 5)}","{('?', '?', 2, '?')}"
"(26, 19, 8, 6, 0)",1,"{(8, 26, 19, 6)}","{(3, '?', 2, 2)}"
"(26, 19, 8, 8, 0)",6,"{(8, 26, 19)}","{('?', '?', 2, '?')}"
"(26, 19, 8, 9, 0)",2,"{(8, 9, 26, 19)}","{('?', 0, 2, 2)}"
"(26, 19, 9, 1, 0)",4,"{(9, 26, 19, 1)}","{('?', 0, '?', '?')}"
"(26, 19, 9, 14, 0)",3,"{(9, 26, 19, 14)}","{(0, 0, '?', '?')}"
"(26, 19, 9, 15, 0)",4,"{(9, 26, 19, 15)}","{('?', 0, 1, '?')}"
"(26, 19, 9, 16, 0)",2,"{(16, 9, 26, 19)}","{('?', 0, 0, '?')}"
"(26, 19, 9, 19, 0)",5,"{(9, 26, 19)}","{('?', 0, '?', '?')}"
"(26, 19, 9, 20, 0)",1,"{(9, 26, 19, 20)}","{(1, 0, 0, 6)}"
"(26, 19, 9, 22, 0)",1,"{(9, 26, 19, 22)}","{(0, 0, '?', 2)}"
"(26, 19, 9, 24, 0)",4,"{(24, 9, 26, 19)}","{('?', 0, '?', '?')}"
"(26, 19, 9, 5, 0)",9,"{(9, 26, 19, 5)}","{('?', 0, '?', '?')}"
"(26, 19, 9, 6, 0)",4,"{(9, 26, 19, 6)}","{(3, 0, '?', '?')}"
"(26, 19, 9, 8, 0)",4,"{(8, 9, 26, 19)}","{('?', 0, 2, '?')}"
"(26, 19, 9, 9, 0)",3,"{(9, 26, 19)}","{('?', 0, '?', '?')}"
"(26, 20, 11, 20, 0)",1,"{(26, 11, 20)}","{(1, 7, 0, 6)}"
"(26, 20, 11, 24, 0)",1,"{(24, 26, 11, 20)}","{(1, 7, 0, 6)}"
"(26, 20, 12, 20, 0)",1,"{(26, 20, 12)}","{(1, 0, 0, 5)}"
"(26, 20, 19, 24, 0)",1,"{(24, 26, 19, 20)}","{(2, '?', 0, 2)}"
"(26, 20, 20, 6, 0)",2,"{(26, 20, 6)}","{('?', 1, 0, '?')}"
"(26, 20, 27, 10, 0)",1,"{(10, 26, 27, 20)}","{(1, 0, 0, 5)}"
"(26, 20, 6, 19, 0)",2,"{(26, 19, 20, 6)}","{(2, '?', 0, 6)}"
"(26, 20, 6, 20, 0)",5,"{(26, 20, 6)}","{('?', '?', 0, '?')}"
"(26, 20, 6, 24, 0)",3,"{(24, 26, 20, 6)}","{('?', '?', 0, '?')}"
"(26, 20, 9, 20, 0)",2,"{(9, 26, 20)}","{('?', 0, 0, '?')}"
"(26, 21, 1, 15, 0)",2,"{(1, 26, 21, 15)}","{(7, 3, '?', '?')}"
"(26, 21, 15, 19, 0)",4,"{(26, 19, 21, 15)}","{('?', 3, 1, '?')}"
"(26, 21, 15, 5, 0)",1,"{(26, 5, 21, 15)}","{(6, 3, 1, 6)}"
"(26, 21, 15, 6, 0)",2,"{(26, 21, 6, 15)}","{(3, 3, 1, '?')}"
"(26, 21, 16, 14, 0)",2,"{(16, 26, 21, 14)}","{(0, 3, 0, '?')}"
"(26, 21, 16, 19, 0)",2,"{(16, 26, 19, 21)}","{('?', 3, 0, '?')}"
"(26, 21, 16, 5, 0)",3,"{(16, 26, 5, 21)}","{('?', 3, 0, '?')}"
"(26, 21, 16, 6, 0)",2,"{(16, 26, 21, 6)}","{(3, 3, 0, '?')}"
"(26, 21, 19, 19, 0)",1,"{(26, 19, 21)}","{('?', 3, '?', 2)}"
"(26, 21, 19, 21, 0)",1,"{(26, 19, 21)}","{('?', 3, '?', 6)}"
"(26, 21, 19, 24, 0)",1,"{(24, 26, 19, 21)}","{(1, 3, '?', 2)}"
"(26, 21, 20, 19, 0)",2,"{(26, 19, 20, 21)}","{('?', 3, 0, '?')}"
"(26, 21, 20, 20, 0)",3,"{(26, 20, 21)}","{('?', 3, 0, '?')}"
"(26, 21, 20, 24, 0)",3,"{(24, 26, 20, 21)}","{('?', 3, 0, '?')}"
"(26, 21, 20, 4, 0)",1,"{(26, 4, 20, 21)}","{(1, 3, 0, 2)}"
"(26, 21, 21, 16, 0)",1,"{(16, 26, 21)}","{(6, 3, 0, 6)}"
"(26, 21, 21, 19, 0)",1,"{(26, 19, 21)}","{('?', 3, '?', 6)}"
"(26, 21, 21, 6, 0)",1,"{(26, 21, 6)}","{(3, 3, 1, 2)}"
"(26, 21, 24, 19, 0)",2,"{(24, 26, 19, 21)}","{('?', 3, '?', '?')}"
"(26, 21, 24, 23, 0)",1,"{(24, 26, 21, 23)}","{(2, 3, 2, 2)}"
"(26, 21, 24, 25, 0)",1,"{(24, 25, 26, 21)}","{(2, 3, 4, 5)}"
"(26, 21, 24, 8, 0)",1,"{(24, 8, 26, 21)}","{(2, 3, 2, 2)}"
"(26, 21, 5, 15, 0)",5,"{(26, 5, 21, 15)}","{('?', 3, 1, '?')}"
"(26, 21, 5, 16, 0)",4,"{(16, 26, 5, 21)}","{('?', 3, 0, '?')}"
"(26, 21, 5, 21, 0)",2,"{(26, 5, 21)}","{(6, 3, '?', '?')}"
"(26, 21, 5, 25, 0)",1,"{(25, 26, 5, 21)}","{(4, 3, '?', 5)}"
"(26, 21, 5, 8, 0)",3,"{(8, 26, 5, 21)}","{('?', 3, 2, '?')}"
"(26, 21, 6, 19, 0)",1,"{(26, 19, 21, 6)}","{(3, 3, 4, 2)}"
"(26, 21, 6, 6, 0)",2,"{(26, 21, 6)}","{(3, 3, '?', '?')}"
"(26, 21, 8, 1, 0)",1,"{(8, 1, 26, 21)}","{(7, 3, 2, 2)}"
"(26, 21, 8, 14, 0)",1,"{(8, 26, 21, 14)}","{(0, 3, 2, 2)}"
"(26, 21, 8, 24, 0)",1,"{(8, 24, 26, 21)}","{(1, 3, 2, 5)}"
"(26, 21, 8, 5, 0)",3,"{(8, 26, 5, 21)}","{('?', 3, 2, '?')}"
"(26, 21, 8, 6, 0)",1,"{(8, 26, 21, 6)}","{(3, 3, 2, 6)}"
"(26, 23, 24, 6, 0)",1,"{(24, 26, 6, 23)}","{(2, 4, 2, 2)}"
"(26, 23, 8, 6, 0)",1,"{(8, 26, 6, 23)}","{(3, '?', 2, 2)}"
"(26, 24, 11, 8, 0)",1,"{(24, 8, 26, 11)}","{(2, 7, 2, 6)}"
"(26, 24, 6, 10, 0)",1,"{(24, 26, 10, 6)}","{(1, 1, '?', 5)}"
"(26, 24, 6, 24, 0)",1,"{(24, 26, 6)}","{(1, 4, '?', 2)}"
"(26, 24, 8, 1, 0)",1,"{(24, 8, 26, 1)}","{(2, 2, 2, 2)}"
"(26, 24, 8, 11, 0)",1,"{(24, 8, 26, 11)}","{(2, 6, 2, 6)}"
"(26, 24, 8, 19, 0)",1,"{(24, 8, 26, 19)}","{(2, '?', 2, 6)}"
"(26, 24, 8, 8, 0)",1,"{(24, 8, 26)}","{(2, '?', 2, 2)}"
"(26, 25, 1, 1, 0)",8,"{(25, 26, 1)}","{('?', '?', '?', 5)}"
"(26, 25, 1, 11, 0)",16,"{(25, 26, 11, 1)}","{('?', '?', '?', 5)}"
"(26, 25, 1, 14, 0)",1,"{(25, 26, 1, 14)}","{(0, 6, 6, 5)}"
"(26, 25, 1, 15, 0)",17,"{(25, 26, 1, 15)}","{('?', '?', '?', 5)}"
"(26, 25, 1, 19, 0)",5,"{(25, 26, 19, 1)}","{('?', '?', '?', 5)}"
"(26, 25, 1, 21, 0)",1,"{(25, 26, 21, 1)}","{('?', 3, 4, 5)}"
"(26, 25, 1, 27, 0)",5,"{(25, 26, 27, 1)}","{('?', 0, '?', 5)}"
"(26, 25, 1, 6, 0)",15,"{(25, 26, 1, 6)}","{('?', '?', '?', 5)}"
"(26, 25, 1, 8, 0)",4,"{(8, 25, 26, 1)}","{('?', '?', 2, 5)}"
"(26, 25, 1, 9, 0)",2,"{(25, 26, 1, 9)}","{('?', 0, '?', 5)}"
"(26, 25, 10, 6, 0)",1,"{(25, 26, 10, 6)}","{(3, '?', 1, 5)}"
"(26, 25, 11, 14, 0)",8,"{(25, 26, 11, 14)}","{(0, '?', '?', 5)}"
"(26, 25, 11, 15, 0)",3,"{(25, 26, 11, 15)}","{('?', 7, 1, 5)}"
"(26, 25, 11, 16, 0)",4,"{(16, 25, 26, 11)}","{('?', '?', 0, 5)}"
"(26, 25, 11, 19, 0)",11,"{(19, 25, 26, 11)}","{('?', '?', '?', 5)}"
"(26, 25, 11, 20, 0)",1,"{(25, 26, 11, 20)}","{(1, 7, 0, 5)}"
"(26, 25, 11, 22, 0)",7,"{(25, 26, 11, 22)}","{('?', '?', '?', 5)}"
"(26, 25, 11, 24, 0)",5,"{(24, 25, 26, 11)}","{('?', '?', '?', 5)}"
"(26, 25, 11, 4, 0)",2,"{(25, 26, 11, 4)}","{('?', '?', '?', 5)}"
"(26, 25, 11, 5, 0)",2,"{(25, 26, 11, 5)}","{(6, '?', '?', 5)}"
"(26, 25, 11, 6, 0)",8,"{(25, 26, 11, 6)}","{(3, '?', '?', 5)}"
"(26, 25, 11, 8, 0)",3,"{(8, 25, 26, 11)}","{('?', '?', 2, 5)}"
"(26, 25, 14, 11, 0)",3,"{(25, 26, 11, 14)}","{(0, '?', '?', 5)}"
"(26, 25, 14, 16, 0)",2,"{(16, 25, 26, 14)}","{(0, '?', 0, 5)}"
"(26, 25, 14, 22, 0)",4,"{(25, 26, 14, 22)}","{(0, '?', '?', 5)}"
"(26, 25, 14, 4, 0)",2,"{(25, 26, 4, 14)}","{(0, '?', 7, 5)}"
"(26, 25, 14, 6, 0)",6,"{(25, 26, 14, 6)}","{(0, '?', '?', 5)}"
"(26, 25, 14, 8, 0)",4,"{(8, 25, 26, 14)}","{('?', '?', 2, 5)}"
"(26, 25, 15, 11, 0)",15,"{(25, 26, 11, 15)}","{('?', '?', '?', 5)}"
"(26, 25, 15, 14, 0)",3,"{(25, 26, 14, 15)}","{(0, '?', 1, 5)}"
"(26, 25, 15, 15, 0)",3,"{(25, 26, 15)}","{(7, '?', 1, 5)}"
"(26, 25, 15, 19, 0)",9,"{(25, 26, 19, 15)}","{('?', '?', '?', 5)}"
"(26, 25, 15, 22, 0)",2,"{(25, 26, 22, 15)}","{(0, '?', 1, 5)}"
"(26, 25, 15, 24, 0)",7,"{(24, 25, 26, 15)}","{('?', '?', '?', 5)}"
"(26, 25, 15, 25, 0)",2,"{(25, 26, 15)}","{('?', '?', 1, 5)}"
"(26, 25, 15, 27, 0)",4,"{(25, 26, 27, 15)}","{('?', 0, '?', 5)}"
"(26, 25, 15, 4, 0)",10,"{(25, 26, 4, 15)}","{('?', '?', '?', 5)}"
"(26, 25, 15, 5, 0)",8,"{(25, 26, 5, 15)}","{('?', '?', 1, 5)}"
"(26, 25, 15, 6, 0)",15,"{(25, 26, 6, 15)}","{('?', '?', '?', 5)}"
"(26, 25, 15, 9, 0)",6,"{(25, 26, 9, 15)}","{('?', 0, '?', 5)}"
"(26, 25, 16, 10, 0)",1,"{(16, 25, 26, 10)}","{(3, 0, 0, 5)}"
"(26, 25, 16, 11, 0)",6,"{(16, 25, 26, 11)}","{('?', '?', 0, 5)}"
"(26, 25, 16, 14, 0)",5,"{(16, 25, 26, 14)}","{('?', '?', 0, 5)}"
"(26, 25, 16, 15, 0)",2,"{(16, 25, 26, 15)}","{(7, '?', 0, 5)}"
"(26, 25, 16, 19, 0)",3,"{(16, 25, 26, 19)}","{(3, '?', 0, 5)}"
"(26, 25, 16, 24, 0)",1,"{(16, 25, 26, 24)}","{(2, '?', 0, 5)}"
"(26, 25, 16, 5, 0)",7,"{(16, 25, 26, 5)}","{('?', '?', 0, 5)}"
"(26, 25, 16, 6, 0)",7,"{(16, 25, 26, 6)}","{('?', '?', 0, 5)}"
"(26, 25, 16, 8, 0)",3,"{(16, 25, 26, 8)}","{('?', '?', 0, 5)}"
"(26, 25, 19, 19, 0)",1,"{(25, 26, 19)}","{('?', '?', '?', 5)}"
"(26, 25, 19, 25, 0)",5,"{(25, 26, 19)}","{('?', '?', '?', 5)}"
"(26, 25, 19, 5, 0)",1,"{(25, 26, 19, 5)}","{(6, 1, '?', 5)}"
"(26, 25, 19, 6, 0)",8,"{(25, 26, 19, 6)}","{(3, '?', '?', 5)}"
"(26, 25, 20, 11, 0)",4,"{(25, 26, 11, 20)}","{('?', '?', 0, 5)}"
"(26, 25, 20, 15, 0)",1,"{(25, 26, 20, 15)}","{(2, '?', 0, 5)}"
"(26, 25, 20, 19, 0)",2,"{(25, 26, 19, 20)}","{(2, '?', 0, 5)}"
"(26, 25, 20, 20, 0)",4,"{(25, 26, 20)}","{('?', '?', 0, 5)}"
"(26, 25, 20, 24, 0)",5,"{(24, 25, 26, 20)}","{('?', '?', 0, 5)}"
"(26, 25, 20, 25, 0)",2,"{(25, 26, 20)}","{(2, '?', '?', 5)}"
"(26, 25, 20, 4, 0)",3,"{(25, 26, 20, 4)}","{('?', '?', '?', 5)}"
"(26, 25, 20, 6, 0)",5,"{(25, 26, 20, 6)}","{('?', '?', '?', 5)}"
"(26, 25, 20, 9, 0)",1,"{(25, 26, 20, 9)}","{(1, 0, 0, 5)}"
"(26, 25, 21, 10, 0)",2,"{(25, 26, 10, 21)}","{('?', 3, '?', 5)}"
"(26, 25, 21, 14, 0)",1,"{(25, 26, 21, 14)}","{(0, 3, 2, 5)}"
"(26, 25, 21, 16, 0)",2,"{(16, 25, 26, 21)}","{('?', 3, 0, 5)}"
"(26, 25, 21, 19, 0)",1,"{(25, 26, 19, 21)}","{(4, 3, '?', 5)}"
"(26, 25, 21, 20, 0)",1,"{(25, 26, 20, 21)}","{(2, 3, 0, 5)}"
"(26, 25, 21, 22, 0)",1,"{(25, 26, 21, 22)}","{(0, 3, '?', 5)}"
"(26, 25, 22, 11, 0)",3,"{(25, 26, 11, 22)}","{(0, '?', '?', 5)}"
"(26, 25, 22, 16, 0)",1,"{(16, 25, 26, 22)}","{(0, 1, 0, 5)}"
"(26, 25, 22, 22, 0)",2,"{(25, 26, 22)}","{(0, '?', '?', 5)}"
"(26, 25, 22, 8, 0)",1,"{(8, 25, 26, 22)}","{(0, '?', 2, 5)}"
"(26, 25, 22, 9, 0)",1,"{(25, 26, 22, 9)}","{(0, 0, 5, 5)}"
"(26, 25, 24, 1, 0)",1,"{(24, 25, 26, 1)}","{(2, 7, 2, 5)}"
"(26, 25, 24, 11, 0)",14,"{(24, 25, 26, 11)}","{('?', '?', '?', 5)}"
"(26, 25, 24, 15, 0)",1,"{(24, 25, 26, 15)}","{(2, 1, 1, 5)}"
"(26, 25, 24, 19, 0)",7,"{(24, 25, 26, 19)}","{('?', '?', '?', 5)}"
"(26, 25, 24, 24, 0)",3,"{(24, 25, 26)}","{('?', '?', '?', 5)}"
"(26, 25, 24, 25, 0)",6,"{(24, 25, 26)}","{('?', '?', '?', 5)}"
"(26, 25, 24, 27, 0)",1,"{(24, 25, 26, 27)}","{(1, 0, 5, 5)}"
"(26, 25, 24, 6, 0)",13,"{(24, 25, 26, 6)}","{('?', '?', '?', 5)}"
"(26, 25, 24, 8, 0)",5,"{(24, 25, 26, 8)}","{('?', '?', 2, 5)}"
"(26, 25, 24, 9, 0)",1,"{(24, 25, 26, 9)}","{(1, 0, 4, 5)}"
"(26, 25, 25, 11, 0)",6,"{(25, 26, 11)}","{('?', '?', '?', 5)}"
"(26, 25, 25, 19, 0)",2,"{(25, 26, 19)}","{('?', '?', '?', 5)}"
"(26, 25, 25, 24, 0)",1,"{(24, 25, 26)}","{(1, '?', 6, 5)}"
"(26, 25, 25, 25, 0)",1,"{(25, 26)}","{('?', 6, 4, 5)}"
"(26, 25, 25, 5, 0)",1,"{(25, 26, 5)}","{(4, 4, 4, 5)}"
"(26, 25, 25, 6, 0)",2,"{(25, 26, 6)}","{(3, '?', 6, 5)}"
"(26, 25, 27, 10, 0)",2,"{(10, 25, 26, 27)}","{('?', 0, '?', 5)}"
"(26, 25, 27, 14, 0)",6,"{(25, 26, 27, 14)}","{(0, 0, '?', 5)}"
"(26, 25, 27, 15, 0)",5,"{(25, 26, 27, 15)}","{('?', 0, '?', 5)}"
"(26, 25, 27, 16, 0)",1,"{(16, 25, 26, 27)}","{('?', 0, 0, 5)}"
"(26, 25, 27, 19, 0)",4,"{(19, 25, 26, 27)}","{('?', 0, '?', 5)}"
"(26, 25, 27, 20, 0)",1,"{(25, 26, 27, 20)}","{(1, 0, 1, 5)}"
"(26, 25, 27, 22, 0)",2,"{(25, 26, 27, 22)}","{(0, 0, '?', 5)}"
"(26, 25, 27, 24, 0)",6,"{(24, 25, 26, 27)}","{('?', 0, '?', 5)}"
"(26, 25, 27, 4, 0)",2,"{(25, 26, 27, 4)}","{('?', 0, 7, 5)}"
"(26, 25, 27, 5, 0)",1,"{(25, 26, 27, 5)}","{(6, 0, 0, 5)}"
"(26, 25, 27, 6, 0)",8,"{(25, 26, 27, 6)}","{('?', 0, '?', 5)}"
"(26, 25, 27, 8, 0)",3,"{(8, 25, 26, 27)}","{('?', 0, 2, 5)}"
"(26, 25, 3, 5, 0)",1,"{(25, 26, 3, 5)}","{(6, 3, 0, 5)}"
"(26, 25, 4, 11, 0)",8,"{(25, 26, 11, 4)}","{('?', '?', '?', 5)}"
"(26, 25, 4, 14, 0)",4,"{(25, 26, 4, 14)}","{(0, '?', '?', 5)}"
"(26, 25, 4, 15, 0)",2,"{(25, 26, 4, 15)}","{('?', 7, '?', 5)}"
"(26, 25, 4, 19, 0)",8,"{(25, 26, 19, 4)}","{('?', '?', '?', 5)}"
"(26, 25, 4, 22, 0)",1,"{(25, 26, 4, 22)}","{(0, '?', 3, 5)}"
"(26, 25, 4, 24, 0)",1,"{(24, 25, 26, 4)}","{(2, 6, 3, 5)}"
"(26, 25, 4, 25, 0)",1,"{(25, 26, 4)}","{(1, 6, 3, 5)}"
"(26, 25, 4, 27, 0)",8,"{(25, 26, 27, 4)}","{('?', '?', '?', 5)}"
"(26, 25, 4, 5, 0)",7,"{(25, 26, 4, 5)}","{('?', '?', '?', 5)}"
"(26, 25, 4, 6, 0)",6,"{(25, 26, 4, 6)}","{('?', '?', '?', 5)}"
"(26, 25, 4, 9, 0)",7,"{(25, 26, 4, 9)}","{('?', 0, '?', 5)}"
"(26, 25, 5, 11, 0)",15,"{(25, 26, 11, 5)}","{('?', '?', '?', 5)}"
"(26, 25, 5, 15, 0)",11,"{(25, 26, 5, 15)}","{('?', '?', 1, 5)}"
"(26, 25, 5, 16, 0)",8,"{(16, 25, 26, 5)}","{('?', '?', 0, 5)}"
"(26, 25, 5, 19, 0)",5,"{(25, 26, 19, 5)}","{('?', '?', '?', 5)}"
"(26, 25, 5, 22, 0)",2,"{(25, 26, 5, 22)}","{(6, '?', '?', 5)}"
"(26, 25, 5, 25, 0)",4,"{(25, 26, 5)}","{('?', '?', '?', 5)}"
"(26, 25, 5, 27, 0)",2,"{(25, 26, 27, 5)}","{('?', 0, '?', 5)}"
"(26, 25, 5, 4, 0)",6,"{(25, 26, 4, 5)}","{('?', '?', '?', 5)}"
"(26, 25, 5, 5, 0)",2,"{(25, 26, 5)}","{(6, '?', '?', 5)}"
"(26, 25, 5, 6, 0)",16,"{(25, 26, 5, 6)}","{('?', '?', '?', 5)}"
"(26, 25, 5, 8, 0)",1,"{(8, 25, 26, 5)}","{(4, '?', 2, 5)}"
"(26, 25, 5, 9, 0)",3,"{(25, 26, 5, 9)}","{(4, 0, '?', 5)}"
"(26, 25, 6, 14, 0)",7,"{(25, 26, 6, 14)}","{(0, '?', '?', 5)}"
"(26, 25, 6, 15, 0)",2,"{(25, 26, 6, 15)}","{(3, '?', 1, 5)}"
"(26, 25, 6, 16, 0)",2,"{(16, 25, 26, 6)}","{(3, '?', 0, 5)}"
"(26, 25, 6, 19, 0)",12,"{(25, 26, 19, 6)}","{('?', '?', '?', 5)}"
"(26, 25, 6, 22, 0)",1,"{(25, 26, 6, 22)}","{(0, 4, 4, 5)}"
"(26, 25, 6, 25, 0)",2,"{(25, 26, 6)}","{('?', '?', '?', 5)}"
"(26, 25, 6, 4, 0)",2,"{(25, 26, 4, 6)}","{('?', '?', '?', 5)}"
"(26, 25, 6, 5, 0)",3,"{(25, 26, 5, 6)}","{('?', '?', '?', 5)}"
"(26, 25, 6, 6, 0)",13,"{(25, 26, 6)}","{(3, '?', '?', 5)}"
"(26, 25, 6, 8, 0)",1,"{(8, 25, 26, 6)}","{(3, 1, 2, 5)}"
"(26, 25, 8, 1, 0)",3,"{(8, 25, 26, 1)}","{('?', '?', 2, 5)}"
"(26, 25, 8, 11, 0)",10,"{(8, 25, 26, 11)}","{('?', '?', 2, 5)}"
"(26, 25, 8, 14, 0)",4,"{(8, 25, 26, 14)}","{('?', '?', 2, 5)}"
"(26, 25, 8, 21, 0)",1,"{(8, 25, 26, 21)}","{(0, 3, 2, 5)}"
"(26, 25, 8, 22, 0)",1,"{(8, 25, 26, 22)}","{(0, '?', 2, 5)}"
"(26, 25, 8, 24, 0)",6,"{(8, 25, 26, 24)}","{('?', '?', 2, 5)}"
"(26, 25, 8, 27, 0)",1,"{(8, 25, 26, 27)}","{(0, 0, 2, 5)}"
"(26, 25, 8, 3, 0)",1,"{(8, 25, 26, 3)}","{(0, 3, 2, 5)}"
"(26, 25, 8, 5, 0)",6,"{(8, 25, 26, 5)}","{('?', '?', 2, 5)}"
"(26, 25, 8, 6, 0)",15,"{(8, 25, 26, 6)}","{('?', '?', 2, 5)}"
"(26, 25, 8, 8, 0)",15,"{(8, 25, 26)}","{('?', '?', 2, 5)}"
"(26, 25, 9, 1, 0)",2,"{(25, 26, 9, 1)}","{('?', 0, 4, 5)}"
"(26, 25, 9, 10, 0)",2,"{(25, 26, 10, 9)}","{('?', 0, '?', 5)}"
"(26, 25, 9, 14, 0)",2,"{(25, 26, 9, 14)}","{(0, 0, '?', 5)}"
"(26, 25, 9, 15, 0)",5,"{(25, 26, 9, 15)}","{('?', 0, 1, 5)}"
"(26, 25, 9, 16, 0)",2,"{(16, 25, 26, 9)}","{('?', 0, 0, 5)}"
"(26, 25, 9, 19, 0)",3,"{(25, 26, 19, 9)}","{('?', 0, '?', 5)}"
"(26, 25, 9, 20, 0)",3,"{(25, 26, 20, 9)}","{('?', 0, '?', 5)}"
"(26, 25, 9, 22, 0)",1,"{(25, 26, 9, 22)}","{(0, 0, 2, 5)}"
"(26, 25, 9, 24, 0)",8,"{(24, 25, 26, 9)}","{('?', 0, '?', 5)}"
"(26, 25, 9, 25, 0)",2,"{(25, 26, 9)}","{('?', 0, '?', 5)}"
"(26, 25, 9, 4, 0)",1,"{(25, 26, 4, 9)}","{(1, 0, 3, 5)}"
"(26, 25, 9, 5, 0)",4,"{(25, 26, 5, 9)}","{('?', 0, '?', 5)}"
"(26, 25, 9, 6, 0)",5,"{(25, 26, 9, 6)}","{('?', 0, '?', 5)}"
"(26, 25, 9, 8, 0)",2,"{(8, 25, 26, 9)}","{('?', 0, 2, 5)}"
"(26, 25, 9, 9, 0)",1,"{(25, 26, 9)}","{('?', 0, 6, 5)}"
"(26, 26, 15, 5, 0)",1,"{(26, 5, 15)}","{(4, 4, 1, 2)}"
"(26, 26, 16, 5, 0)",1,"{(16, 26, 5)}","{(6, 4, 0, 2)}"
"(26, 26, 27, 15, 0)",1,"{(26, 27, 15)}","{(6, 0, 1, 2)}"
"(26, 26, 27, 16, 0)",1,"{(16, 26, 27)}","{(6, 0, 0, 2)}"
"(26, 26, 27, 5, 0)",1,"{(26, 27, 5)}","{(4, 0, 2, 6)}"
"(26, 26, 27, 8, 0)",1,"{(8, 26, 27)}","{(4, 0, 2, 2)}"
"(26, 26, 5, 4, 0)",1,"{(26, 4, 5)}","{(4, 1, 7, 6)}"
"(26, 26, 5, 6, 0)",1,"{(26, 5, 6)}","{(4, 1, 1, 6)}"
"(26, 26, 9, 8, 0)",3,"{(8, 9, 26)}","{('?', 0, 2, '?')}"
"(26, 27, 1, 1, 0)",3,"{(1, 26, 27)}","{('?', '?', 2, '?')}"
"(26, 27, 1, 15, 0)",4,"{(1, 26, 27, 15)}","{('?', 0, '?', '?')}"
"(26, 27, 10, 1, 0)",2,"{(10, 1, 26, 27)}","{('?', 0, '?', 5)}"
"(26, 27, 10, 15, 0)",1,"{(10, 26, 27, 15)}","{(3, 0, 1, 5)}"
"(26, 27, 10, 16, 0)",1,"{(10, 16, 26, 27)}","{(3, 0, 0, 5)}"
"(26, 27, 10, 5, 0)",1,"{(10, 26, 27, 5)}","{(6, 0, 1, 5)}"
"(26, 27, 10, 6, 0)",1,"{(10, 26, 27, 6)}","{(3, 0, 2, 5)}"
"(26, 27, 14, 22, 0)",1,"{(26, 27, 14, 22)}","{(0, 0, '?', 2)}"
"(26, 27, 14, 8, 0)",2,"{(8, 26, 27, 14)}","{(0, 0, 2, '?')}"
"(26, 27, 15, 15, 0)",3,"{(26, 27, 15)}","{('?', 0, '?', '?')}"
"(26, 27, 15, 19, 0)",2,"{(19, 26, 27, 15)}","{('?', 0, 1, '?')}"
"(26, 27, 15, 22, 0)",1,"{(26, 27, 22, 15)}","{(0, 0, 1, 5)}"
"(26, 27, 15, 24, 0)",3,"{(24, 26, 27, 15)}","{('?', 0, 1, '?')}"
"(26, 27, 15, 5, 0)",4,"{(26, 27, 5, 15)}","{('?', 0, 1, '?')}"
"(26, 27, 15, 6, 0)",2,"{(26, 27, 6, 15)}","{(3, 0, 1, '?')}"
"(26, 27, 16, 14, 0)",2,"{(16, 26, 27, 14)}","{(0, 0, 0, '?')}"
"(26, 27, 16, 15, 0)",2,"{(16, 26, 27, 15)}","{(5, 0, 0, '?')}"
"(26, 27, 16, 22, 0)",2,"{(16, 26, 27, 22)}","{(0, 0, 0, '?')}"
"(26, 27, 16, 25, 0)",1,"{(16, 25, 26, 27)}","{('?', 0, 0, 5)}"
"(26, 27, 16, 5, 0)",3,"{(16, 26, 27, 5)}","{('?', 0, 0, '?')}"
"(26, 27, 16, 6, 0)",1,"{(16, 26, 27, 6)}","{(3, 0, 0, 6)}"
"(26, 27, 16, 8, 0)",1,"{(16, 8, 26, 27)}","{('?', 0, 0, 5)}"
"(26, 27, 19, 1, 0)",1,"{(19, 1, 26, 27)}","{(7, 0, 2, 2)}"
"(26, 27, 19, 14, 0)",6,"{(19, 26, 27, 14)}","{(0, 0, '?', '?')}"
"(26, 27, 19, 15, 0)",4,"{(19, 26, 27, 15)}","{('?', 0, '?', '?')}"
"(26, 27, 19, 19, 0)",1,"{(19, 26, 27)}","{(2, 0, '?', 6)}"
"(26, 27, 19, 24, 0)",3,"{(19, 24, 26, 27)}","{('?', 0, '?', '?')}"
"(26, 27, 19, 6, 0)",4,"{(19, 26, 27, 6)}","{(3, 0, '?', '?')}"
"(26, 27, 19, 8, 0)",1,"{(19, 8, 26, 27)}","{('?', 0, 2, 2)}"
"(26, 27, 20, 10, 0)",1,"{(10, 26, 27, 20)}","{(2, 0, 0, 5)}"
"(26, 27, 20, 19, 0)",2,"{(19, 26, 27, 20)}","{('?', 0, 0, 2)}"
"(26, 27, 20, 20, 0)",2,"{(26, 27, 20)}","{(1, 0, 0, '?')}"
"(26, 27, 20, 24, 0)",4,"{(24, 26, 27, 20)}","{('?', 0, 0, '?')}"
"(26, 27, 20, 25, 0)",2,"{(25, 26, 27, 20)}","{('?', 0, 0, 5)}"
"(26, 27, 22, 14, 0)",1,"{(26, 27, 22, 14)}","{(0, 0, '?', 2)}"
"(26, 27, 22, 22, 0)",1,"{(26, 27, 22)}","{(0, 0, 2, 6)}"
"(26, 27, 22, 8, 0)",2,"{(8, 26, 27, 22)}","{(0, 0, 2, '?')}"
"(26, 27, 24, 10, 0)",2,"{(24, 10, 26, 27)}","{('?', 0, 4, 5)}"
"(26, 27, 24, 19, 0)",7,"{(24, 19, 26, 27)}","{('?', 0, '?', '?')}"
"(26, 27, 24, 23, 0)",3,"{(24, 26, 27, 23)}","{('?', 0, 2, '?')}"
"(26, 27, 24, 24, 0)",3,"{(24, 26, 27)}","{(2, 0, '?', '?')}"
"(26, 27, 24, 25, 0)",2,"{(24, 25, 26, 27)}","{('?', 0, '?', 5)}"
"(26, 27, 25, 19, 0)",1,"{(19, 25, 26, 27)}","{(5, 0, '?', 5)}"
"(26, 27, 25, 24, 0)",1,"{(24, 25, 26, 27)}","{(1, 0, 4, 5)}"
"(26, 27, 25, 8, 0)",2,"{(8, 25, 26, 27)}","{('?', 0, 2, 5)}"
"(26, 27, 27, 19, 0)",1,"{(19, 26, 27)}","{('?', 0, 1, 6)}"
"(26, 27, 4, 6, 0)",1,"{(26, 27, 4, 6)}","{(3, 0, 3, 6)}"
"(26, 27, 5, 15, 0)",5,"{(26, 27, 5, 15)}","{('?', 0, '?', '?')}"
"(26, 27, 5, 16, 0)",3,"{(16, 26, 27, 5)}","{('?', 0, 0, '?')}"
"(26, 27, 5, 19, 0)",1,"{(19, 26, 27, 5)}","{(6, 0, '?', 2)}"
"(26, 27, 5, 25, 0)",1,"{(25, 26, 27, 5)}","{(4, 0, 2, 5)}"
"(26, 27, 5, 4, 0)",2,"{(26, 27, 4, 5)}","{('?', 0, 7, '?')}"
"(26, 27, 5, 8, 0)",3,"{(8, 26, 27, 5)}","{(4, 0, 2, '?')}"
"(26, 27, 6, 19, 0)",2,"{(19, 26, 27, 6)}","{(3, 0, '?', '?')}"
"(26, 27, 6, 6, 0)",6,"{(26, 27, 6)}","{(3, 0, '?', '?')}"
"(26, 27, 8, 1, 0)",3,"{(8, 1, 26, 27)}","{('?', 0, 2, '?')}"
"(26, 27, 8, 19, 0)",1,"{(8, 19, 26, 27)}","{(5, 0, 2, 6)}"
"(26, 27, 8, 24, 0)",2,"{(8, 24, 26, 27)}","{(1, 0, 2, '?')}"
"(26, 27, 8, 5, 0)",2,"{(8, 26, 27, 5)}","{('?', 0, 2, '?')}"
"(26, 27, 8, 6, 0)",1,"{(8, 26, 27, 6)}","{(3, 0, 2, 6)}"
"(26, 3, 1, 1, 0)",1,"{(1, 26, 3)}","{(7, 3, 2, 2)}"
"(26, 3, 8, 5, 0)",2,"{(8, 26, 3, 5)}","{('?', 3, 2, '?')}"
"(26, 4, 1, 11, 0)",2,"{(1, 26, 11, 4)}","{(7, '?', '?', 2)}"
"(26, 4, 1, 15, 0)",1,"{(1, 26, 4, 15)}","{(7, '?', 3, 6)}"
"(26, 4, 10, 11, 0)",6,"{(11, 26, 10, 4)}","{('?', '?', '?', 5)}"
"(26, 4, 10, 15, 0)",12,"{(26, 10, 4, 15)}","{('?', '?', '?', 5)}"
"(26, 4, 10, 19, 0)",4,"{(19, 26, 10, 4)}","{('?', '?', '?', 5)}"
"(26, 4, 10, 22, 0)",2,"{(26, 10, 4, 22)}","{(0, '?', 7, 5)}"
"(26, 4, 10, 27, 0)",4,"{(27, 26, 10, 4)}","{('?', 0, '?', 5)}"
"(26, 4, 10, 5, 0)",1,"{(26, 10, 4, 5)}","{(6, 6, 7, 5)}"
"(26, 4, 10, 6, 0)",4,"{(26, 10, 4, 6)}","{('?', '?', '?', 5)}"
"(26, 4, 10, 9, 0)",2,"{(9, 26, 10, 4)}","{('?', 0, 3, 5)}"
"(26, 4, 11, 10, 0)",1,"{(10, 26, 11, 4)}","{(2, 7, 7, 5)}"
"(26, 4, 11, 14, 0)",6,"{(26, 11, 4, 14)}","{(0, '?', '?', '?')}"
"(26, 4, 11, 15, 0)",11,"{(26, 11, 4, 15)}","{('?', '?', '?', '?')}"
"(26, 4, 11, 17, 0)",1,"{(17, 26, 11, 4)}","{(1, 6, 7, 5)}"
"(26, 4, 11, 19, 0)",20,"{(19, 26, 11, 4)}","{('?', '?', '?', '?')}"
"(26, 4, 11, 22, 0)",4,"{(26, 11, 4, 22)}","{(0, '?', '?', '?')}"
"(26, 4, 11, 25, 0)",1,"{(25, 26, 11, 4)}","{('?', 6, 3, 5)}"
"(26, 4, 11, 26, 0)",1,"{(26, 11, 4)}","{(0, 7, 7, 2)}"
"(26, 4, 11, 4, 0)",3,"{(26, 11, 4)}","{('?', '?', '?', '?')}"
"(26, 4, 11, 5, 0)",9,"{(26, 11, 4, 5)}","{('?', '?', '?', '?')}"
"(26, 4, 11, 6, 0)",8,"{(26, 11, 4, 6)}","{(3, '?', '?', '?')}"
"(26, 4, 12, 10, 0)",3,"{(26, 10, 4, 12)}","{('?', 0, '?', 5)}"
"(26, 4, 12, 15, 0)",1,"{(26, 4, 12, 15)}","{(5, 0, 3, 5)}"
"(26, 4, 12, 25, 0)",1,"{(25, 26, 4, 12)}","{(1, 0, 3, 5)}"
"(26, 4, 12, 6, 0)",1,"{(26, 4, 12, 6)}","{('?', 0, 3, 5)}"
"(26, 4, 14, 11, 0)",4,"{(26, 11, 4, 14)}","{(0, '?', '?', '?')}"
"(26, 4, 14, 14, 0)",6,"{(26, 4, 14)}","{(0, '?', '?', '?')}"
"(26, 4, 14, 19, 0)",1,"{(26, 19, 4, 14)}","{(0, '?', 7, 6)}"
"(26, 4, 14, 22, 0)",1,"{(26, 4, 14, 22)}","{(0, 7, 3, 5)}"
"(26, 4, 14, 27, 0)",2,"{(26, 27, 4, 14)}","{(0, 0, '?', 5)}"
"(26, 4, 14, 6, 0)",2,"{(26, 4, 14, 6)}","{(0, 1, '?', '?')}"
"(26, 4, 15, 11, 0)",9,"{(26, 11, 4, 15)}","{('?', '?', '?', '?')}"
"(26, 4, 15, 15, 0)",6,"{(26, 4, 15)}","{('?', '?', '?', '?')}"
"(26, 4, 15, 19, 0)",2,"{(26, 19, 4, 15)}","{(7, '?', 3, '?')}"
"(26, 4, 15, 4, 0)",1,"{(26, 4, 15)}","{(7, '?', 3, 6)}"
"(26, 4, 15, 6, 0)",2,"{(26, 4, 6, 15)}","{('?', 1, 7, 2)}"
"(26, 4, 19, 11, 0)",1,"{(11, 26, 19, 4)}","{(1, 6, 7, 5)}"
"(26, 4, 19, 14, 0)",5,"{(26, 19, 4, 14)}","{(0, '?', '?', '?')}"
"(26, 4, 19, 15, 0)",2,"{(26, 19, 4, 15)}","{('?', '?', 7, '?')}"
"(26, 4, 19, 19, 0)",4,"{(26, 19, 4)}","{('?', '?', '?', '?')}"
"(26, 4, 19, 21, 0)",1,"{(26, 19, 4, 21)}","{(0, 3, 7, 6)}"
"(26, 4, 19, 22, 0)",2,"{(26, 19, 4, 22)}","{(0, '?', 7, '?')}"
"(26, 4, 19, 4, 0)",1,"{(26, 19, 4)}","{('?', '?', 7, 6)}"
"(26, 4, 19, 6, 0)",3,"{(26, 19, 4, 6)}","{(3, '?', '?', '?')}"
"(26, 4, 21, 14, 0)",2,"{(26, 4, 21, 14)}","{(0, 3, 7, '?')}"
"(26, 4, 21, 15, 0)",1,"{(26, 4, 21, 15)}","{(7, 3, 7, 6)}"
"(26, 4, 21, 19, 0)",14,"{(26, 19, 4, 21)}","{('?', 3, '?', '?')}"
"(26, 4, 21, 21, 0)",4,"{(26, 4, 21)}","{('?', 3, '?', '?')}"
"(26, 4, 21, 22, 0)",2,"{(26, 4, 21, 22)}","{(0, 3, 7, '?')}"
"(26, 4, 21, 4, 0)",2,"{(26, 4, 21)}","{('?', 3, '?', '?')}"
"(26, 4, 21, 5, 0)",6,"{(26, 5, 4, 21)}","{('?', 3, '?', '?')}"
"(26, 4, 21, 6, 0)",3,"{(26, 4, 21, 6)}","{(3, 3, '?', '?')}"
"(26, 4, 25, 10, 0)",3,"{(25, 26, 10, 4)}","{('?', '?', 3, 5)}"
"(26, 4, 25, 11, 0)",5,"{(25, 26, 11, 4)}","{('?', '?', '?', 5)}"
"(26, 4, 25, 14, 0)",2,"{(25, 26, 4, 14)}","{(0, '?', 7, 5)}"
"(26, 4, 25, 15, 0)",2,"{(25, 26, 4, 15)}","{('?', '?', '?', 5)}"
"(26, 4, 25, 19, 0)",6,"{(25, 26, 19, 4)}","{('?', '?', '?', 5)}"
"(26, 4, 25, 22, 0)",4,"{(25, 26, 4, 22)}","{(0, '?', '?', 5)}"
"(26, 4, 25, 4, 0)",1,"{(25, 26, 4)}","{(1, 1, 7, 5)}"
"(26, 4, 25, 5, 0)",4,"{(25, 26, 4, 5)}","{('?', '?', 3, 5)}"
"(26, 4, 25, 6, 0)",4,"{(25, 26, 4, 6)}","{('?', '?', '?', 5)}"
"(26, 4, 27, 10, 0)",2,"{(10, 26, 27, 4)}","{(0, 0, '?', 5)}"
"(26, 4, 27, 14, 0)",5,"{(26, 27, 4, 14)}","{(0, 0, '?', '?')}"
"(26, 4, 27, 15, 0)",6,"{(26, 27, 4, 15)}","{('?', 0, '?', '?')}"
"(26, 4, 27, 19, 0)",2,"{(19, 26, 27, 4)}","{('?', 0, 3, '?')}"
"(26, 4, 27, 22, 0)",4,"{(26, 27, 4, 22)}","{(0, 0, '?', '?')}"
"(26, 4, 27, 4, 0)",1,"{(26, 27, 4)}","{(1, 0, 3, 6)}"
"(26, 4, 27, 5, 0)",1,"{(26, 27, 4, 5)}","{(6, 0, 3, 2)}"
"(26, 4, 27, 6, 0)",6,"{(26, 27, 4, 6)}","{('?', 0, '?', '?')}"
"(26, 4, 3, 10, 0)",1,"{(10, 26, 3, 4)}","{(7, 3, '?', 5)}"
"(26, 4, 3, 15, 0)",1,"{(26, 3, 4, 15)}","{(7, 3, 7, 6)}"
"(26, 4, 3, 19, 0)",1,"{(19, 26, 3, 4)}","{(6, 3, 3, 5)}"
"(26, 4, 4, 11, 0)",1,"{(26, 11, 4)}","{(2, 7, 7, 5)}"
"(26, 4, 4, 19, 0)",1,"{(26, 19, 4)}","{(7, '?', 7, 6)}"
"(26, 4, 4, 6, 0)",1,"{(26, 4, 6)}","{(3, 1, 7, 5)}"
"(26, 4, 5, 10, 0)",3,"{(26, 10, 4, 5)}","{('?', '?', '?', 5)}"
"(26, 4, 5, 11, 0)",19,"{(26, 11, 4, 5)}","{('?', '?', '?', '?')}"
"(26, 4, 5, 19, 0)",10,"{(26, 19, 4, 5)}","{('?', '?', '?', '?')}"
"(26, 4, 5, 21, 0)",5,"{(26, 21, 4, 5)}","{('?', 3, '?', '?')}"
"(26, 4, 5, 25, 0)",7,"{(25, 26, 4, 5)}","{('?', '?', '?', 5)}"
"(26, 4, 5, 27, 0)",5,"{(26, 27, 4, 5)}","{('?', 0, '?', '?')}"
"(26, 4, 5, 3, 0)",3,"{(26, 3, 4, 5)}","{('?', 3, '?', '?')}"
"(26, 4, 5, 4, 0)",2,"{(26, 4, 5)}","{(4, '?', '?', '?')}"
"(26, 4, 5, 6, 0)",17,"{(26, 4, 5, 6)}","{('?', '?', '?', '?')}"
"(26, 4, 5, 9, 0)",2,"{(9, 26, 4, 5)}","{(4, 0, 7, '?')}"
"(26, 4, 6, 1, 0)",3,"{(1, 26, 4, 6)}","{('?', '?', '?', 2)}"
"(26, 4, 6, 10, 0)",5,"{(26, 10, 4, 6)}","{('?', '?', '?', 5)}"
"(26, 4, 6, 14, 0)",4,"{(26, 4, 6, 14)}","{(0, '?', '?', '?')}"
"(26, 4, 6, 15, 0)",12,"{(26, 4, 6, 15)}","{('?', '?', '?', '?')}"
"(26, 4, 6, 19, 0)",14,"{(26, 19, 4, 6)}","{('?', '?', '?', '?')}"
"(26, 4, 6, 22, 0)",2,"{(26, 4, 6, 22)}","{(0, '?', 7, '?')}"
"(26, 4, 6, 25, 0)",2,"{(25, 26, 4, 6)}","{('?', 1, '?', 5)}"
"(26, 4, 6, 4, 0)",5,"{(26, 4, 6)}","{('?', '?', '?', '?')}"
"(26, 4, 6, 5, 0)",2,"{(26, 4, 5, 6)}","{(6, '?', 7, 5)}"
"(26, 4, 6, 6, 0)",6,"{(26, 4, 6)}","{(3, '?', '?', '?')}"
"(26, 4, 9, 10, 0)",1,"{(9, 26, 10, 4)}","{('?', 0, 7, 5)}"
"(26, 4, 9, 14, 0)",1,"{(9, 26, 4, 14)}","{(0, 0, 7, 2)}"
"(26, 4, 9, 15, 0)",4,"{(9, 26, 4, 15)}","{('?', 0, '?', 2)}"
"(26, 4, 9, 19, 0)",3,"{(9, 26, 19, 4)}","{('?', 0, '?', '?')}"
"(26, 4, 9, 22, 0)",2,"{(9, 26, 4, 22)}","{(0, 0, 7, '?')}"
"(26, 4, 9, 23, 0)",1,"{(9, 26, 4, 23)}","{(3, 0, 7, 5)}"
"(26, 4, 9, 5, 0)",3,"{(9, 26, 4, 5)}","{('?', 0, '?', '?')}"
"(26, 4, 9, 6, 0)",3,"{(9, 26, 4, 6)}","{(3, '?', '?', '?')}"
"(26, 5, 10, 6, 0)",1,"{(26, 10, 5, 6)}","{(4, 1, '?', 5)}"
"(26, 5, 11, 16, 0)",2,"{(16, 26, 11, 5)}","{('?', 7, 0, '?')}"
"(26, 5, 11, 19, 0)",7,"{(19, 26, 11, 5)}","{('?', '?', '?', '?')}"
"(26, 5, 11, 5, 0)",1,"{(26, 11, 5)}","{(6, 7, 0, 2)}"
"(26, 5, 11, 8, 0)",1,"{(8, 26, 11, 5)}","{(4, 7, 2, 2)}"
"(26, 5, 15, 19, 0)",1,"{(26, 19, 5, 15)}","{(6, '?', 1, 6)}"
"(26, 5, 15, 5, 0)",1,"{(26, 5, 15)}","{(6, '?', 1, 6)}"
"(26, 5, 15, 6, 0)",1,"{(26, 5, 6, 15)}","{(6, 4, 1, 6)}"
"(26, 5, 16, 17, 0)",1,"{(16, 17, 26, 5)}","{(6, '?', 0, 6)}"
"(26, 5, 16, 19, 0)",3,"{(16, 26, 19, 5)}","{('?', '?', 0, '?')}"
"(26, 5, 16, 5, 0)",1,"{(16, 26, 5)}","{(4, '?', 0, 2)}"
"(26, 5, 16, 6, 0)",3,"{(16, 26, 5, 6)}","{(6, '?', 0, '?')}"
"(26, 5, 19, 19, 0)",7,"{(26, 19, 5)}","{('?', '?', '?', '?')}"
"(26, 5, 19, 6, 0)",1,"{(26, 19, 5, 6)}","{(6, 4, '?', 2)}"
"(26, 5, 19, 8, 0)",2,"{(8, 26, 19, 5)}","{('?', '?', 2, 2)}"
"(26, 5, 19, 9, 0)",1,"{(9, 26, 19, 5)}","{(4, 0, 4, 2)}"
"(26, 5, 21, 15, 0)",2,"{(26, 21, 5, 15)}","{(6, 3, 1, '?')}"
"(26, 5, 21, 16, 0)",1,"{(16, 26, 21, 5)}","{(6, 3, 0, 5)}"
"(26, 5, 21, 19, 0)",5,"{(19, 26, 21, 5)}","{('?', 3, '?', '?')}"
"(26, 5, 21, 4, 0)",3,"{(26, 21, 4, 5)}","{('?', 3, '?', '?')}"
"(26, 5, 25, 5, 0)",1,"{(25, 26, 5)}","{(6, '?', 4, 5)}"
"(26, 5, 25, 6, 0)",5,"{(25, 26, 5, 6)}","{('?', '?', '?', 5)}"
"(26, 5, 27, 10, 0)",1,"{(10, 26, 27, 5)}","{(4, 0, '?', 5)}"
"(26, 5, 27, 15, 0)",1,"{(26, 27, 5, 15)}","{(6, 0, 1, 6)}"
"(26, 5, 27, 16, 0)",3,"{(16, 26, 27, 5)}","{('?', 0, 0, '?')}"
"(26, 5, 27, 19, 0)",2,"{(19, 26, 27, 5)}","{('?', 0, '?', '?')}"
"(26, 5, 27, 4, 0)",7,"{(26, 27, 4, 5)}","{('?', 0, '?', '?')}"
"(26, 5, 27, 8, 0)",3,"{(8, 26, 27, 5)}","{('?', 0, '?', '?')}"
"(26, 5, 4, 10, 0)",1,"{(26, 10, 4, 5)}","{(6, '?', 7, 6)}"
"(26, 5, 4, 11, 0)",5,"{(26, 11, 4, 5)}","{('?', 7, '?', '?')}"
"(26, 5, 4, 19, 0)",1,"{(26, 19, 4, 5)}","{(6, '?', 7, 2)}"
"(26, 5, 4, 21, 0)",3,"{(26, 21, 4, 5)}","{('?', 3, '?', '?')}"
"(26, 5, 4, 27, 0)",1,"{(26, 27, 4, 5)}","{(6, 0, 3, 2)}"
"(26, 5, 4, 3, 0)",2,"{(26, 3, 4, 5)}","{(6, 3, 7, '?')}"
"(26, 5, 4, 5, 0)",2,"{(26, 4, 5)}","{('?', '?', '?', '?')}"
"(26, 5, 4, 6, 0)",10,"{(26, 4, 5, 6)}","{('?', '?', '?', '?')}"
"(26, 5, 4, 9, 0)",2,"{(9, 26, 4, 5)}","{('?', 0, 7, 6)}"
"(26, 5, 5, 4, 0)",1,"{(26, 4, 5)}","{(4, '?', 3, 2)}"
"(26, 5, 6, 15, 0)",1,"{(26, 5, 6, 15)}","{(4, 1, 7, 2)}"
"(26, 5, 6, 16, 0)",1,"{(16, 26, 5, 6)}","{(6, 1, 0, 6)}"
"(26, 5, 6, 19, 0)",16,"{(26, 19, 5, 6)}","{('?', '?', '?', '?')}"
"(26, 5, 6, 25, 0)",1,"{(25, 26, 5, 6)}","{(4, 4, 4, 5)}"
"(26, 5, 6, 4, 0)",2,"{(26, 4, 5, 6)}","{('?', 1, '?', 2)}"
"(26, 5, 6, 5, 0)",2,"{(26, 5, 6)}","{(4, 1, '?', '?')}"
"(26, 5, 6, 8, 0)",3,"{(8, 26, 5, 6)}","{(4, '?', '?', '?')}"
"(26, 5, 8, 19, 0)",3,"{(8, 26, 19, 5)}","{('?', '?', 2, '?')}"
"(26, 5, 8, 8, 0)",1,"{(8, 26, 5)}","{(4, '?', 2, 6)}"
"(26, 5, 9, 19, 0)",2,"{(9, 26, 19, 5)}","{(6, 0, '?', 2)}"
"(26, 6, 1, 1, 0)",8,"{(1, 26, 6)}","{('?', '?', 2, '?')}"
"(26, 6, 1, 15, 0)",10,"{(1, 26, 6, 15)}","{('?', '?', '?', '?')}"
"(26, 6, 1, 19, 0)",2,"{(1, 26, 19, 6)}","{('?', '?', '?', 2)}"
"(26, 6, 1, 25, 0)",1,"{(1, 26, 6, 25)}","{(5, 4, '?', 5)}"
"(26, 6, 1, 6, 0)",1,"{(1, 26, 6)}","{(7, 4, 2, 2)}"
"(26, 6, 1, 8, 0)",1,"{(8, 1, 26, 6)}","{(7, 4, 2, 6)}"
"(26, 6, 10, 15, 0)",1,"{(26, 10, 6, 15)}","{(3, 4, 1, 5)}"
"(26, 6, 10, 16, 0)",2,"{(16, 26, 10, 6)}","{(3, '?', 0, 5)}"
"(26, 6, 10, 24, 0)",1,"{(24, 26, 10, 6)}","{(2, 1, 2, 5)}"
"(26, 6, 10, 6, 0)",2,"{(26, 10, 6)}","{(3, '?', '?', 5)}"
"(26, 6, 10, 8, 0)",1,"{(8, 26, 10, 6)}","{(1, 1, 2, 5)}"
"(26, 6, 14, 14, 0)",3,"{(26, 6, 14)}","{(0, '?', '?', '?')}"
"(26, 6, 14, 16, 0)",2,"{(16, 26, 6, 14)}","{(0, 1, 0, '?')}"
"(26, 6, 14, 22, 0)",3,"{(26, 22, 6, 14)}","{(0, '?', '?', '?')}"
"(26, 6, 14, 8, 0)",1,"{(8, 26, 6, 14)}","{(0, 4, 2, 2)}"
"(26, 6, 15, 14, 0)",1,"{(26, 14, 6, 15)}","{(0, 4, 1, 2)}"
"(26, 6, 15, 15, 0)",1,"{(26, 6, 15)}","{(7, 1, 0, 6)}"
"(26, 6, 15, 19, 0)",3,"{(26, 19, 6, 15)}","{('?', '?', 1, '?')}"
"(26, 6, 15, 22, 0)",1,"{(26, 22, 6, 15)}","{(0, 1, 1, 2)}"
"(26, 6, 15, 24, 0)",2,"{(24, 26, 6, 15)}","{(2, '?', 1, 6)}"
"(26, 6, 15, 25, 0)",1,"{(25, 26, 6, 15)}","{('?', 1, 1, 5)}"
"(26, 6, 15, 4, 0)",5,"{(26, 4, 6, 15)}","{('?', '?', '?', '?')}"
"(26, 6, 15, 6, 0)",2,"{(26, 6, 15)}","{('?', '?', '?', 2)}"
"(26, 6, 16, 14, 0)",3,"{(16, 26, 6, 14)}","{(0, '?', 0, '?')}"
"(26, 6, 16, 15, 0)",1,"{(16, 26, 6, 15)}","{(7, 1, 0, 6)}"
"(26, 6, 16, 19, 0)",9,"{(16, 26, 19, 6)}","{('?', '?', 0, '?')}"
"(26, 6, 16, 22, 0)",2,"{(16, 26, 6, 22)}","{(0, '?', 0, 6)}"
"(26, 6, 16, 24, 0)",1,"{(16, 24, 26, 6)}","{(2, 1, 0, 6)}"
"(26, 6, 16, 6, 0)",5,"{(16, 26, 6)}","{(3, '?', 0, '?')}"
"(26, 6, 17, 14, 0)",4,"{(17, 26, 6, 14)}","{(0, '?', '?', '?')}"
"(26, 6, 17, 22, 0)",1,"{(17, 26, 6, 22)}","{(0, 1, 2, 2)}"
"(26, 6, 19, 1, 0)",3,"{(1, 26, 19, 6)}","{('?', '?', '?', '?')}"
"(26, 6, 19, 14, 0)",7,"{(26, 19, 6, 14)}","{(0, '?', '?', '?')}"
"(26, 6, 19, 15, 0)",3,"{(26, 19, 6, 15)}","{('?', 1, '?', '?')}"
"(26, 6, 19, 16, 0)",5,"{(16, 26, 19, 6)}","{('?', '?', 0, '?')}"
"(26, 6, 19, 19, 0)",16,"{(26, 19, 6)}","{('?', '?', '?', '?')}"
"(26, 6, 19, 22, 0)",5,"{(26, 19, 6, 22)}","{(0, '?', '?', '?')}"
"(26, 6, 19, 24, 0)",14,"{(24, 26, 19, 6)}","{('?', '?', '?', '?')}"
"(26, 6, 19, 5, 0)",2,"{(26, 19, 5, 6)}","{('?', '?', '?', '?')}"
"(26, 6, 19, 6, 0)",9,"{(26, 19, 6)}","{(3, '?', '?', '?')}"
"(26, 6, 20, 19, 0)",3,"{(26, 19, 20, 6)}","{('?', '?', 0, '?')}"
"(26, 6, 20, 24, 0)",2,"{(24, 26, 20, 6)}","{(1, '?', 0, 2)}"
"(26, 6, 20, 4, 0)",4,"{(26, 20, 4, 6)}","{('?', '?', '?', '?')}"
"(26, 6, 20, 6, 0)",3,"{(26, 20, 6)}","{('?', '?', 0, '?')}"
"(26, 6, 22, 14, 0)",1,"{(26, 14, 6, 22)}","{(0, 4, '?', 6)}"
"(26, 6, 22, 15, 0)",1,"{(26, 15, 6, 22)}","{(0, 1, 1, 2)}"
"(26, 6, 22, 22, 0)",2,"{(26, 6, 22)}","{(0, '?', '?', 6)}"
"(26, 6, 24, 11, 0)",1,"{(24, 26, 11, 6)}","{(1, 1, '?', 6)}"
"(26, 6, 24, 19, 0)",15,"{(24, 26, 19, 6)}","{('?', '?', '?', '?')}"
"(26, 6, 24, 23, 0)",1,"{(24, 26, 6, 23)}","{(2, 4, 2, 2)}"
"(26, 6, 24, 24, 0)",5,"{(24, 26, 6)}","{('?', '?', '?', '?')}"
"(26, 6, 24, 8, 0)",7,"{(24, 8, 26, 6)}","{('?', '?', '?', '?')}"
"(26, 6, 25, 26, 0)",1,"{(25, 26, 6)}","{(4, 4, '?', 5)}"
"(26, 6, 4, 14, 0)",3,"{(26, 4, 6, 14)}","{(0, 1, '?', '?')}"
"(26, 6, 4, 19, 0)",8,"{(26, 19, 4, 6)}","{('?', '?', '?', '?')}"
"(26, 6, 4, 22, 0)",1,"{(26, 4, 6, 22)}","{(0, 1, 7, 6)}"
"(26, 6, 4, 24, 0)",1,"{(24, 26, 4, 6)}","{(2, 4, 7, 6)}"
"(26, 6, 4, 4, 0)",2,"{(26, 4, 6)}","{('?', 4, 7, 6)}"
"(26, 6, 4, 5, 0)",1,"{(26, 4, 5, 6)}","{(6, 1, 3, 5)}"
"(26, 6, 4, 6, 0)",1,"{(26, 4, 6)}","{(2, 4, 7, 2)}"
"(26, 6, 5, 15, 0)",2,"{(26, 5, 6, 15)}","{('?', 1, 1, 6)}"
"(26, 6, 5, 16, 0)",7,"{(16, 26, 5, 6)}","{('?', '?', 0, '?')}"
"(26, 6, 5, 19, 0)",6,"{(26, 19, 5, 6)}","{('?', '?', '?', '?')}"
"(26, 6, 5, 25, 0)",1,"{(25, 26, 5, 6)}","{(4, 4, '?', 5)}"
"(26, 6, 5, 4, 0)",1,"{(26, 4, 5, 6)}","{(4, 1, 7, 2)}"
"(26, 6, 5, 6, 0)",4,"{(26, 5, 6)}","{('?', '?', '?', '?')}"
"(26, 6, 5, 8, 0)",3,"{(8, 26, 5, 6)}","{('?', '?', 2, '?')}"
"(26, 6, 6, 14, 0)",1,"{(26, 6, 14)}","{(0, 4, 1, 6)}"
"(26, 6, 6, 15, 0)",2,"{(26, 6, 15)}","{('?', '?', '?', '?')}"
"(26, 6, 6, 16, 0)",2,"{(16, 26, 6)}","{(3, 4, 0, '?')}"
"(26, 6, 6, 6, 0)",12,"{(26, 6)}","{(3, '?', '?', '?')}"
"(26, 6, 8, 1, 0)",5,"{(8, 1, 26, 6)}","{('?', '?', 2, '?')}"
"(26, 6, 8, 14, 0)",2,"{(8, 26, 6, 14)}","{(0, '?', 2, '?')}"
"(26, 6, 8, 24, 0)",1,"{(8, 24, 26, 6)}","{(1, 4, 2, 5)}"
"(26, 6, 8, 5, 0)",1,"{(8, 26, 5, 6)}","{(4, '?', 2, 6)}"
"(26, 6, 8, 6, 0)",1,"{(8, 26, 6)}","{(4, 4, 2, 2)}"
"(26, 6, 8, 8, 0)",11,"{(8, 26, 6)}","{('?', '?', 2, '?')}"
"(26, 8, 1, 8, 0)",2,"{(8, 1, 26)}","{('?', '?', 2, 6)}"
"(26, 8, 11, 8, 0)",1,"{(8, 26, 11)}","{(7, 7, 2, 6)}"
"(26, 8, 14, 8, 0)",1,"{(8, 26, 14)}","{(0, '?', 2, 6)}"
"(26, 8, 5, 8, 0)",2,"{(8, 26, 5)}","{('?', '?', 2, 6)}"
"(26, 8, 8, 19, 0)",1,"{(8, 26, 19)}","{(5, '?', 2, 2)}"
"(26, 8, 8, 26, 0)",1,"{(8, 26)}","{(6, 7, 2, 6)}"
"(26, 8, 8, 8, 0)",1,"{(8, 26)}","{('?', '?', 2, 6)}"
"(26, 9, 6, 9, 0)",1,"{(9, 26, 6)}","{(3, 0, '?', 2)}"
"(26, 9, 9, 6, 0)",1,"{(9, 26, 6)}","{(3, 0, '?', 6)}"
"(27, 10, 1, 15, 0)",1,"{(1, 10, 27, 15)}","{(7, 0, 4, 5)}"
"(27, 10, 15, 15, 0)",2,"{(10, 27, 15)}","{(7, 0, '?', 5)}"
"(27, 17, 1, 1, 0)",2,"{(17, 27, 1)}","{('?', 0, 2, 0)}"
"(27, 17, 14, 22, 0)",1,"{(17, 27, 14, 22)}","{(0, 0, '?', 0)}"
"(27, 17, 5, 5, 0)",1,"{(17, 27, 5)}","{(4, 0, 2, 7)}"
"(27, 17, 6, 8, 0)",1,"{(8, 17, 27, 6)}","{(3, 0, 2, 0)}"
"(27, 17, 8, 6, 0)",2,"{(8, 17, 27, 6)}","{(3, 0, 2, '?')}"
"(27, 19, 17, 14, 0)",1,"{(19, 17, 27, 14)}","{(0, 5, 4, '?')}"
"(27, 19, 19, 14, 0)",1,"{(19, 27, 14)}","{(0, 0, 4, '?')}"
"(27, 19, 27, 6, 0)",1,"{(19, 27, 6)}","{(3, 0, 4, 2)}"
"(27, 22, 8, 6, 0)",1,"{(8, 27, 22, 6)}","{(3, 0, 2, 4)}"
"(27, 23, 24, 19, 0)",1,"{(24, 19, 27, 23)}","{(2, 0, 4, 1)}"
"(27, 23, 24, 8, 0)",1,"{(24, 8, 27, 23)}","{(1, 0, 6, 1)}"
"(27, 24, 23, 24, 0)",1,"{(24, 27, 23)}","{(2, 0, 4, 1)}"
"(27, 24, 24, 19, 0)",1,"{(24, 19, 27)}","{(1, 0, 4, 1)}"
"(27, 25, 1, 15, 0)",4,"{(25, 27, 1, 15)}","{('?', 0, '?', 5)}"
"(27, 25, 1, 4, 0)",1,"{(25, 27, 4, 1)}","{(7, 0, 5, 5)}"
"(27, 25, 15, 15, 0)",1,"{(25, 27, 15)}","{(7, 0, 5, 5)}"
"(27, 25, 6, 6, 0)",1,"{(25, 27, 6)}","{(3, 0, 4, 5)}"
"(27, 27, 6, 6, 0)",1,"{(27, 6)}","{(3, 0, 6, 2)}"
"(27, 4, 10, 15, 0)",1,"{(10, 27, 4, 15)}","{(5, 0, 7, 5)}"
"(27, 5, 8, 17, 0)",1,"{(8, 17, 27, 5)}","{(6, 0, 2, 0)}"
"(27, 6, 6, 6, 0)",2,"{(27, 6)}","{(3, 0, '?', '?')}"
"(27, 8, 14, 8, 0)",1,"{(8, 27, 14)}","{(0, 0, 2, 4)}"
"(27, 8, 6, 6, 0)",2,"{(8, 27, 6)}","{(3, 0, 2, '?')}"
"(27, 8, 6, 8, 0)",2,"{(8, 27, 6)}","{(3, 0, 2, '?')}"
"(4, 1, 11, 15, 0)",6,"{(1, 11, 4, 15)}","{('?', '?', '?', '?')}"
"(4, 1, 11, 17, 0)",2,"{(1, 11, 4, 17)}","{('?', 7, 7, 7)}"
"(4, 1, 15, 19, 0)",3,"{(1, 19, 4, 15)}","{('?', '?', '?', '?')}"
"(4, 1, 21, 15, 0)",1,"{(1, 4, 21, 15)}","{(7, 3, 3, 1)}"
"(4, 1, 3, 15, 0)",3,"{(1, 3, 4, 15)}","{('?', 3, 7, '?')}"
"(4, 1, 4, 11, 0)",1,"{(1, 11, 4)}","{(7, 7, 3, 1)}"
"(4, 10, 10, 11, 0)",1,"{(10, 11, 4)}","{(5, 6, 7, 3)}"
"(4, 10, 10, 15, 0)",1,"{(10, 4, 15)}","{(7, 0, 7, 3)}"
"(4, 10, 10, 19, 0)",1,"{(10, 19, 4)}","{(0, 0, 7, 3)}"
"(4, 10, 10, 5, 0)",1,"{(10, 4, 5)}","{(0, 0, 3, 3)}"
"(4, 10, 11, 15, 0)",1,"{(10, 11, 4, 15)}","{(5, 6, 7, 3)}"
"(4, 10, 11, 19, 0)",2,"{(19, 10, 11, 4)}","{('?', 7, '?', 3)}"
"(4, 10, 11, 6, 0)",2,"{(10, 11, 4, 6)}","{(3, 7, '?', 3)}"
"(4, 10, 13, 10, 0)",2,"{(10, 4, 13)}","{(5, '?', 7, 3)}"
"(4, 10, 13, 15, 0)",4,"{(10, 4, 13, 15)}","{('?', '?', '?', 3)}"
"(4, 10, 15, 10, 0)",1,"{(10, 4, 15)}","{(7, '?', 7, 3)}"
"(4, 10, 15, 11, 0)",9,"{(10, 11, 4, 15)}","{('?', '?', '?', '?')}"
"(4, 10, 15, 15, 0)",5,"{(10, 4, 15)}","{('?', '?', '?', '?')}"
"(4, 10, 15, 21, 0)",4,"{(10, 4, 21, 15)}","{('?', 3, '?', 3)}"
"(4, 10, 15, 27, 0)",4,"{(10, 27, 4, 15)}","{('?', 0, '?', 3)}"
"(4, 10, 15, 3, 0)",1,"{(10, 3, 4, 15)}","{(5, 3, 3, 3)}"
"(4, 10, 15, 4, 0)",5,"{(10, 4, 15)}","{('?', '?', 7, '?')}"
"(4, 10, 22, 14, 0)",1,"{(10, 4, 22, 14)}","{(0, 7, 3, 3)}"
"(4, 10, 22, 27, 0)",1,"{(10, 27, 4, 22)}","{(0, 0, 7, 3)}"
"(4, 10, 27, 10, 0)",1,"{(10, 27, 4)}","{(0, 0, 3, 5)}"
"(4, 10, 27, 15, 0)",4,"{(10, 27, 4, 15)}","{('?', 0, '?', 3)}"
"(4, 10, 27, 6, 0)",1,"{(10, 27, 4, 6)}","{(3, 0, 3, 3)}"
"(4, 10, 3, 10, 0)",1,"{(10, 3, 4)}","{('?', 3, 7, 3)}"
"(4, 10, 3, 15, 0)",2,"{(10, 3, 4, 15)}","{('?', 3, '?', 3)}"
"(4, 10, 4, 27, 0)",1,"{(10, 27, 4)}","{('?', 0, 7, 3)}"
"(4, 10, 5, 11, 0)",1,"{(10, 11, 4, 5)}","{(4, 6, 3, 3)}"
"(4, 10, 6, 15, 0)",4,"{(10, 4, 6, 15)}","{('?', '?', '?', 3)}"
"(4, 10, 6, 4, 0)",2,"{(10, 4, 6)}","{('?', 1, '?', 3)}"
"(4, 10, 6, 6, 0)",2,"{(10, 4, 6)}","{(3, '?', '?', 3)}"
"(4, 10, 9, 15, 0)",1,"{(9, 10, 4, 15)}","{(5, 0, 7, 3)}"
"(4, 10, 9, 6, 0)",2,"{(9, 10, 4, 6)}","{('?', 0, '?', 3)}"
"(4, 11, 10, 19, 0)",1,"{(19, 10, 11, 4)}","{(0, 6, 7, 4)}"
"(4, 11, 14, 19, 0)",1,"{(19, 11, 4, 14)}","{(3, 7, 3, 4)}"
"(4, 11, 14, 6, 0)",1,"{(11, 4, 14, 6)}","{(3, 6, 7, 4)}"
"(4, 11, 15, 10, 0)",1,"{(10, 11, 4, 15)}","{(7, 7, 7, 5)}"
"(4, 11, 15, 15, 0)",7,"{(11, 4, 15)}","{('?', '?', '?', '?')}"
"(4, 11, 15, 17, 0)",4,"{(17, 11, 4, 15)}","{('?', '?', '?', '?')}"
"(4, 11, 15, 19, 0)",9,"{(19, 11, 4, 15)}","{('?', '?', '?', '?')}"
"(4, 11, 15, 25, 0)",1,"{(25, 11, 4, 15)}","{(5, 7, 3, 5)}"
"(4, 11, 15, 4, 0)",2,"{(11, 4, 15)}","{(7, 6, 7, '?')}"
"(4, 11, 15, 7, 0)",7,"{(11, 4, 7, 15)}","{('?', '?', '?', '?')}"
"(4, 11, 17, 15, 0)",1,"{(17, 11, 4, 15)}","{(7, 7, 7, 0)}"
"(4, 11, 19, 14, 0)",5,"{(19, 11, 4, 14)}","{(0, '?', '?', '?')}"
"(4, 11, 19, 19, 0)",18,"{(19, 11, 4)}","{('?', '?', '?', '?')}"
"(4, 11, 19, 22, 0)",1,"{(19, 11, 4, 22)}","{(0, 6, 3, 5)}"
"(4, 11, 19, 4, 0)",3,"{(19, 11, 4)}","{('?', '?', 3, '?')}"
"(4, 11, 19, 5, 0)",2,"{(19, 11, 4, 5)}","{(6, '?', 3, 4)}"
"(4, 11, 19, 6, 0)",4,"{(19, 11, 4, 6)}","{(3, '?', '?', '?')}"
"(4, 11, 22, 19, 0)",1,"{(19, 11, 4, 22)}","{(0, 7, 7, '?')}"
"(4, 11, 22, 22, 0)",1,"{(11, 4, 22)}","{(0, 7, 3, 5)}"
"(4, 11, 22, 6, 0)",1,"{(11, 4, 22, 6)}","{(3, 7, 3, 4)}"
"(4, 11, 23, 19, 0)",1,"{(19, 11, 4, 23)}","{('?', 7, 7, 1)}"
"(4, 11, 23, 22, 0)",2,"{(11, 4, 22, 23)}","{(0, '?', 3, 1)}"
"(4, 11, 25, 19, 0)",6,"{(19, 25, 11, 4)}","{('?', '?', '?', 4)}"
"(4, 11, 25, 22, 0)",3,"{(25, 11, 4, 22)}","{(0, '?', '?', 4)}"
"(4, 11, 4, 14, 0)",1,"{(11, 4, 14)}","{(0, 7, 3, '?')}"
"(4, 11, 4, 15, 0)",2,"{(11, 4, 15)}","{('?', '?', 3, 6)}"
"(4, 11, 5, 7, 0)",1,"{(11, 4, 5, 7)}","{(4, 6, 7, 7)}"
"(4, 11, 6, 10, 0)",1,"{(10, 11, 4, 6)}","{(3, 6, 3, 5)}"
"(4, 11, 6, 14, 0)",1,"{(11, 4, 6, 14)}","{(3, 6, 7, 4)}"
"(4, 11, 6, 6, 0)",11,"{(11, 4, 6)}","{(3, '?', '?', '?')}"
"(4, 11, 7, 14, 0)",3,"{(11, 4, 14, 7)}","{(0, '?', 3, '?')}"
"(4, 11, 7, 16, 0)",1,"{(16, 11, 4, 7)}","{('?', 7, 3, 0)}"
"(4, 11, 7, 22, 0)",1,"{(11, 4, 22, 7)}","{(0, 7, 3, 0)}"
"(4, 11, 7, 4, 0)",1,"{(11, 4, 7)}","{(0, 6, 3, 0)}"
"(4, 11, 7, 6, 0)",2,"{(11, 4, 6, 7)}","{(3, 7, 3, '?')}"
"(4, 13, 10, 15, 0)",7,"{(10, 4, 13, 15)}","{('?', '?', '?', '?')}"
"(4, 13, 13, 19, 0)",2,"{(19, 4, 13)}","{('?', 2, '?', '?')}"
"(4, 13, 13, 6, 0)",1,"{(4, 13, 6)}","{(3, 2, 3, '?')}"
"(4, 13, 14, 15, 0)",7,"{(4, 13, 14, 15)}","{('?', '?', '?', 4)}"
"(4, 13, 14, 5, 0)",1,"{(5, 4, 13, 14)}","{(6, 2, 3, 4)}"
"(4, 13, 14, 6, 0)",3,"{(4, 13, 14, 6)}","{(3, '?', '?', 4)}"
"(4, 13, 15, 14, 0)",4,"{(4, 13, 14, 15)}","{('?', 5, '?', 4)}"
"(4, 13, 15, 15, 0)",11,"{(4, 13, 15)}","{('?', '?', '?', '?')}"
"(4, 13, 15, 17, 0)",5,"{(17, 4, 13, 15)}","{('?', '?', 7, '?')}"
"(4, 13, 15, 19, 0)",4,"{(19, 4, 13, 15)}","{('?', '?', '?', '?')}"
"(4, 13, 15, 22, 0)",2,"{(4, 13, 22, 15)}","{(7, '?', 3, 4)}"
"(4, 13, 15, 23, 0)",4,"{(23, 4, 13, 15)}","{('?', '?', '?', 1)}"
"(4, 13, 15, 4, 0)",2,"{(4, 13, 15)}","{('?', '?', '?', '?')}"
"(4, 13, 15, 7, 0)",5,"{(7, 4, 13, 15)}","{('?', '?', '?', '?')}"
"(4, 13, 17, 15, 0)",7,"{(17, 4, 13, 15)}","{('?', '?', '?', '?')}"
"(4, 13, 17, 18, 0)",1,"{(17, 18, 4, 13)}","{(6, 2, 3, 0)}"
"(4, 13, 17, 6, 0)",1,"{(17, 4, 13, 6)}","{(3, 2, 7, 0)}"
"(4, 13, 19, 19, 0)",1,"{(19, 4, 13)}","{('?', 5, 7, '?')}"
"(4, 13, 22, 15, 0)",5,"{(4, 13, 22, 15)}","{('?', '?', '?', 4)}"
"(4, 13, 22, 19, 0)",1,"{(19, 4, 13, 22)}","{('?', 5, 3, 4)}"
"(4, 13, 22, 4, 0)",1,"{(4, 13, 22)}","{('?', 2, 7, 4)}"
"(4, 13, 23, 15, 0)",5,"{(15, 4, 13, 23)}","{('?', '?', '?', 1)}"
"(4, 13, 23, 19, 0)",1,"{(19, 4, 13, 23)}","{('?', 5, 3, 1)}"
"(4, 13, 23, 4, 0)",1,"{(4, 13, 23)}","{(7, 5, 7, 1)}"
"(4, 13, 4, 13, 0)",1,"{(4, 13)}","{(5, 2, 7, 4)}"
"(4, 13, 4, 14, 0)",1,"{(4, 13, 14)}","{(0, 2, 3, '?')}"
"(4, 13, 4, 15, 0)",3,"{(4, 13, 15)}","{('?', '?', '?', '?')}"
"(4, 13, 4, 19, 0)",2,"{(19, 4, 13)}","{(3, 5, 3, '?')}"
"(4, 13, 4, 22, 0)",1,"{(4, 13, 22)}","{(5, 2, 3, 4)}"
"(4, 13, 4, 4, 0)",1,"{(4, 13)}","{(0, 2, 3, '?')}"
"(4, 13, 5, 13, 0)",2,"{(5, 4, 13)}","{('?', 5, '?', '?')}"
"(4, 13, 6, 6, 0)",1,"{(4, 13, 6)}","{(3, 5, 7, '?')}"
"(4, 13, 7, 15, 0)",1,"{(15, 4, 13, 7)}","{(7, 5, 7, 7)}"
"(4, 14, 11, 22, 0)",1,"{(11, 4, 14, 22)}","{(0, 7, 7, 4)}"
"(4, 14, 11, 6, 0)",3,"{(11, 4, 14, 6)}","{(3, '?', '?', 4)}"
"(4, 14, 13, 6, 0)",2,"{(4, 13, 14, 6)}","{(3, '?', 7, 4)}"
"(4, 14, 15, 11, 0)",5,"{(11, 4, 14, 15)}","{('?', '?', '?', 4)}"
"(4, 14, 15, 15, 0)",2,"{(4, 14, 15)}","{('?', '?', 3, 4)}"
"(4, 14, 18, 5, 0)",1,"{(18, 4, 5, 14)}","{(6, 5, 3, 4)}"
"(4, 14, 19, 14, 0)",2,"{(19, 4, 14)}","{(0, '?', '?', 4)}"
"(4, 14, 19, 19, 0)",1,"{(19, 4, 14)}","{('?', '?', 3, 4)}"
"(4, 14, 19, 22, 0)",2,"{(19, 4, 14, 22)}","{(0, '?', '?', 4)}"
"(4, 14, 19, 6, 0)",1,"{(19, 4, 14, 6)}","{(3, '?', 7, 4)}"
"(4, 14, 21, 10, 0)",1,"{(10, 4, 21, 14)}","{(0, 3, 7, 4)}"
"(4, 14, 21, 22, 0)",1,"{(4, 21, 14, 22)}","{(0, 3, 7, 4)}"
"(4, 14, 21, 6, 0)",1,"{(4, 21, 14, 6)}","{(3, 3, 7, 4)}"
"(4, 14, 22, 14, 0)",1,"{(4, 14, 22)}","{(0, 7, 7, 5)}"
"(4, 14, 27, 14, 0)",1,"{(27, 4, 14)}","{(0, 0, 7, 4)}"
"(4, 14, 27, 15, 0)",2,"{(27, 4, 14, 15)}","{('?', 0, '?', 4)}"
"(4, 14, 27, 22, 0)",1,"{(27, 4, 14, 22)}","{(0, 0, 3, 4)}"
"(4, 14, 3, 15, 0)",1,"{(3, 4, 14, 15)}","{(7, 3, 3, 4)}"
"(4, 14, 4, 13, 0)",1,"{(4, 13, 14)}","{('?', 5, 7, 4)}"
"(4, 14, 4, 15, 0)",1,"{(4, 14, 15)}","{(5, 7, 7, 4)}"
"(4, 14, 5, 11, 0)",3,"{(11, 4, 5, 14)}","{('?', '?', '?', 4)}"
"(4, 14, 5, 13, 0)",2,"{(13, 4, 5, 14)}","{(6, '?', 3, 4)}"
"(4, 14, 5, 19, 0)",2,"{(19, 4, 5, 14)}","{('?', '?', '?', 4)}"
"(4, 14, 5, 21, 0)",2,"{(21, 4, 5, 14)}","{('?', 3, '?', 4)}"
"(4, 14, 5, 27, 0)",1,"{(27, 4, 5, 14)}","{(4, 0, 3, 4)}"
"(4, 14, 5, 3, 0)",2,"{(3, 4, 5, 14)}","{(4, 3, '?', 4)}"
"(4, 14, 5, 4, 0)",2,"{(4, 5, 14)}","{(6, '?', '?', 4)}"
"(4, 14, 5, 5, 0)",1,"{(4, 5, 14)}","{(4, '?', 3, 4)}"
"(4, 14, 5, 6, 0)",1,"{(4, 5, 14, 6)}","{(4, 1, 3, 4)}"
"(4, 14, 6, 14, 0)",1,"{(4, 14, 6)}","{(0, 4, 7, 4)}"
"(4, 14, 6, 15, 0)",3,"{(4, 15, 14, 6)}","{('?', 4, '?', 4)}"
"(4, 14, 6, 22, 0)",1,"{(4, 22, 14, 6)}","{(0, 4, 7, 4)}"
"(4, 14, 6, 6, 0)",1,"{(4, 14, 6)}","{(3, 4, 7, 4)}"
"(4, 15, 10, 10, 0)",2,"{(10, 4, 15)}","{('?', '?', 7, 5)}"
"(4, 15, 10, 11, 0)",1,"{(10, 11, 4, 15)}","{(7, 6, 3, 5)}"
"(4, 15, 10, 15, 0)",4,"{(10, 4, 15)}","{('?', '?', '?', 5)}"
"(4, 15, 11, 10, 0)",5,"{(10, 11, 4, 15)}","{('?', '?', '?', '?')}"
"(4, 15, 11, 15, 0)",21,"{(11, 4, 15)}","{('?', '?', '?', '?')}"
"(4, 15, 11, 17, 0)",6,"{(17, 11, 4, 15)}","{('?', '?', '?', '?')}"
"(4, 15, 11, 4, 0)",1,"{(11, 4, 15)}","{(7, 6, 3, 5)}"
"(4, 15, 11, 7, 0)",1,"{(11, 4, 7, 15)}","{(7, 6, 7, 0)}"
"(4, 15, 15, 19, 0)",2,"{(19, 4, 15)}","{(7, '?', '?', '?')}"
"(4, 15, 15, 7, 0)",1,"{(4, 7, 15)}","{(5, 7, 7, 0)}"
"(4, 15, 17, 1, 0)",1,"{(17, 4, 1, 15)}","{(5, '?', 7, 7)}"
"(4, 15, 19, 1, 0)",1,"{(1, 19, 4, 15)}","{(7, '?', 7, '?')}"
"(4, 15, 19, 10, 0)",1,"{(10, 19, 4, 15)}","{(7, '?', 7, 5)}"
"(4, 15, 19, 15, 0)",12,"{(19, 4, 15)}","{('?', '?', '?', '?')}"
"(4, 15, 19, 4, 0)",3,"{(19, 4, 15)}","{(5, '?', '?', '?')}"
"(4, 15, 21, 15, 0)",2,"{(4, 21, 15)}","{(7, 3, 3, '?')}"
"(4, 15, 21, 19, 0)",2,"{(19, 4, 21, 15)}","{('?', 3, '?', 2)}"
"(4, 15, 21, 23, 0)",1,"{(23, 4, 21, 15)}","{(7, 3, 3, 1)}"
"(4, 15, 23, 11, 0)",1,"{(11, 4, 23, 15)}","{(5, 6, 7, 1)}"
"(4, 15, 25, 11, 0)",3,"{(25, 11, 4, 15)}","{('?', '?', '?', '?')}"
"(4, 15, 25, 15, 0)",5,"{(25, 4, 15)}","{('?', '?', '?', 5)}"
"(4, 15, 25, 25, 0)",2,"{(25, 4, 15)}","{(7, '?', 3, '?')}"
"(4, 15, 25, 4, 0)",1,"{(25, 4, 15)}","{(7, 6, 7, 5)}"
"(4, 15, 27, 15, 0)",1,"{(27, 4, 15)}","{(7, 0, 3, 2)}"
"(4, 15, 3, 15, 0)",4,"{(3, 4, 15)}","{('?', 3, '?', '?')}"
"(4, 15, 3, 17, 0)",1,"{(17, 3, 4, 15)}","{(5, 3, 7, 7)}"
"(4, 15, 3, 7, 0)",2,"{(3, 4, 7, 15)}","{(5, 3, '?', '?')}"
"(4, 15, 5, 15, 0)",1,"{(4, 5, 15)}","{(7, '?', 7, 6)}"
"(4, 15, 7, 1, 0)",1,"{(1, 4, 7, 15)}","{(5, '?', 7, 0)}"
"(4, 15, 7, 11, 0)",1,"{(11, 4, 7, 15)}","{(7, 6, 3, 0)}"
"(4, 15, 7, 15, 0)",5,"{(4, 7, 15)}","{('?', '?', '?', '?')}"
"(4, 15, 9, 15, 0)",1,"{(9, 4, 15)}","{(5, 0, 3, 6)}"
"(4, 17, 14, 14, 0)",1,"{(17, 4, 14)}","{(0, 4, 7, 0)}"
"(4, 17, 14, 22, 0)",1,"{(17, 4, 14, 22)}","{(0, 4, 3, 0)}"
"(4, 17, 27, 17, 0)",1,"{(17, 27, 4)}","{(0, 0, 7, 0)}"
"(4, 17, 27, 22, 0)",1,"{(17, 27, 4, 22)}","{(0, 0, 3, 0)}"
"(4, 17, 5, 7, 0)",1,"{(17, 4, 5, 7)}","{(4, 3, 7, 0)}"
"(4, 17, 6, 14, 0)",1,"{(17, 4, 6, 14)}","{(0, 4, 3, 0)}"
"(4, 18, 10, 15, 0)",1,"{(18, 10, 4, 15)}","{(7, 5, 7, 5)}"
"(4, 18, 13, 6, 0)",1,"{(18, 4, 13, 6)}","{(3, 2, 7, '?')}"
"(4, 18, 15, 15, 0)",4,"{(18, 4, 15)}","{('?', '?', 3, '?')}"
"(4, 18, 15, 19, 0)",1,"{(18, 19, 4, 15)}","{(7, 5, 3, 2)}"
"(4, 18, 15, 4, 0)",1,"{(18, 4, 15)}","{(5, 2, 3, 2)}"
"(4, 18, 19, 19, 0)",1,"{(18, 19, 4)}","{(6, 5, 7, '?')}"
"(4, 18, 23, 5, 0)",1,"{(18, 4, 5, 23)}","{(6, 5, 3, 1)}"
"(4, 18, 4, 19, 0)",1,"{(18, 19, 4)}","{('?', 2, 3, '?')}"
"(4, 18, 5, 13, 0)",2,"{(18, 13, 4, 5)}","{(4, '?', '?', '?')}"
"(4, 18, 5, 18, 0)",1,"{(18, 4, 5)}","{(6, 5, 7, '?')}"
"(4, 18, 6, 6, 0)",1,"{(18, 4, 6)}","{(3, 2, 3, '?')}"
"(4, 19, 10, 19, 0)",1,"{(10, 19, 4)}","{('?', '?', 7, 5)}"
"(4, 19, 11, 10, 0)",1,"{(11, 10, 19, 4)}","{(0, 6, 3, 4)}"
"(4, 19, 11, 19, 0)",2,"{(11, 19, 4)}","{('?', 6, 3, '?')}"
"(4, 19, 11, 6, 0)",1,"{(11, 19, 4, 6)}","{(3, 6, 3, '?')}"
"(4, 19, 14, 11, 0)",1,"{(11, 19, 4, 14)}","{(0, 7, 7, 5)}"
"(4, 19, 14, 4, 0)",1,"{(19, 4, 14)}","{(0, '?', 3, '?')}"
"(4, 19, 15, 11, 0)",2,"{(11, 19, 4, 15)}","{(5, '?', '?', '?')}"
"(4, 19, 15, 15, 0)",5,"{(19, 4, 15)}","{('?', '?', '?', '?')}"
"(4, 19, 15, 19, 0)",7,"{(19, 4, 15)}","{('?', '?', '?', '?')}"
"(4, 19, 15, 21, 0)",2,"{(19, 4, 21, 15)}","{('?', 3, '?', 5)}"
"(4, 19, 15, 25, 0)",1,"{(25, 19, 4, 15)}","{(5, '?', 3, 5)}"
"(4, 19, 15, 4, 0)",3,"{(19, 4, 15)}","{('?', '?', '?', '?')}"
"(4, 19, 18, 22, 0)",1,"{(18, 19, 4, 22)}","{(0, 5, 3, 2)}"
"(4, 19, 19, 19, 0)",6,"{(19, 4)}","{('?', '?', '?', '?')}"
"(4, 19, 19, 21, 0)",4,"{(19, 4, 21)}","{('?', 3, '?', '?')}"
"(4, 19, 19, 22, 0)",2,"{(19, 4, 22)}","{(0, '?', '?', '?')}"
"(4, 19, 19, 4, 0)",1,"{(19, 4)}","{(0, '?', 3, '?')}"
"(4, 19, 19, 6, 0)",1,"{(19, 4, 6)}","{('?', '?', 7, '?')}"
"(4, 19, 21, 15, 0)",2,"{(19, 4, 21, 15)}","{('?', 3, '?', 2)}"
"(4, 19, 21, 19, 0)",20,"{(19, 4, 21)}","{('?', 3, '?', '?')}"
"(4, 19, 21, 21, 0)",3,"{(19, 4, 21)}","{('?', 3, '?', '?')}"
"(4, 19, 21, 22, 0)",4,"{(19, 4, 21, 22)}","{(0, 3, '?', '?')}"
"(4, 19, 21, 23, 0)",1,"{(19, 4, 21, 23)}","{('?', 3, 3, 1)}"
"(4, 19, 21, 4, 0)",3,"{(19, 4, 21)}","{(0, 3, '?', '?')}"
"(4, 19, 21, 5, 0)",1,"{(5, 19, 4, 21)}","{(4, 3, 7, '?')}"
"(4, 19, 21, 6, 0)",6,"{(19, 4, 21, 6)}","{(3, 3, '?', '?')}"
"(4, 19, 21, 7, 0)",1,"{(19, 4, 21, 7)}","{('?', 3, 7, '?')}"
"(4, 19, 22, 19, 0)",1,"{(19, 4, 22)}","{(0, '?', 3, 2)}"
"(4, 19, 23, 19, 0)",1,"{(19, 4, 23)}","{('?', '?', 3, 1)}"
"(4, 19, 25, 14, 0)",1,"{(25, 19, 4, 14)}","{(0, '?', 3, 4)}"
"(4, 19, 25, 19, 0)",3,"{(25, 19, 4)}","{('?', '?', '?', '?')}"
"(4, 19, 25, 22, 0)",2,"{(25, 19, 4, 22)}","{(0, '?', 3, 5)}"
"(4, 19, 27, 19, 0)",1,"{(27, 19, 4)}","{('?', 0, 7, '?')}"
"(4, 19, 27, 22, 0)",1,"{(27, 19, 4, 22)}","{(0, 0, 3, 1)}"
"(4, 19, 27, 6, 0)",2,"{(27, 19, 4, 6)}","{('?', 0, '?', '?')}"
"(4, 19, 3, 15, 0)",4,"{(3, 19, 4, 15)}","{('?', 3, '?', '?')}"
"(4, 19, 4, 11, 0)",1,"{(11, 19, 4)}","{(0, 6, 3, 5)}"
"(4, 19, 4, 14, 0)",1,"{(19, 4, 14)}","{(0, '?', 3, '?')}"
"(4, 19, 4, 15, 0)",1,"{(19, 4, 15)}","{(5, '?', 7, 5)}"
"(4, 19, 4, 19, 0)",2,"{(19, 4)}","{('?', '?', 3, '?')}"
"(4, 19, 4, 21, 0)",3,"{(19, 4, 21)}","{('?', 3, 3, '?')}"
"(4, 19, 4, 25, 0)",1,"{(25, 19, 4)}","{(0, '?', 3, 5)}"
"(4, 19, 4, 5, 0)",1,"{(19, 4, 5)}","{(4, 6, 3, 4)}"
"(4, 19, 5, 21, 0)",2,"{(21, 19, 4, 5)}","{('?', 3, '?', '?')}"
"(4, 19, 5, 25, 0)",1,"{(25, 19, 4, 5)}","{(6, 6, 3, 4)}"
"(4, 19, 6, 11, 0)",1,"{(11, 19, 4, 6)}","{(3, 6, 3, '?')}"
"(4, 19, 6, 21, 0)",5,"{(19, 4, 21, 6)}","{('?', 3, '?', '?')}"
"(4, 19, 6, 27, 0)",1,"{(27, 19, 4, 6)}","{(3, 3, 7, '?')}"
"(4, 19, 6, 6, 0)",9,"{(19, 4, 6)}","{(3, '?', '?', '?')}"
"(4, 19, 9, 19, 0)",5,"{(9, 19, 4)}","{('?', 0, '?', '?')}"
"(4, 19, 9, 23, 0)",2,"{(9, 19, 4, 23)}","{(0, 0, '?', 1)}"
"(4, 21, 15, 19, 0)",3,"{(19, 4, 21, 15)}","{(5, 3, 7, '?')}"
"(4, 21, 17, 5, 0)",1,"{(17, 5, 4, 21)}","{(6, 3, 7, 0)}"
"(4, 21, 5, 17, 0)",2,"{(17, 5, 4, 21)}","{(4, 3, '?', 0)}"
"(4, 21, 5, 7, 0)",1,"{(5, 4, 21, 7)}","{(6, 3, 3, 0)}"
"(4, 21, 6, 6, 0)",3,"{(4, 21, 6)}","{(3, 3, '?', '?')}"
"(4, 22, 11, 15, 0)",1,"{(11, 4, 22, 15)}","{(5, 7, 7, 4)}"
"(4, 22, 11, 19, 0)",2,"{(19, 11, 4, 22)}","{('?', '?', '?', 4)}"
"(4, 22, 11, 22, 0)",1,"{(11, 4, 22)}","{('?', 7, 3, 4)}"
"(4, 22, 11, 6, 0)",3,"{(11, 4, 22, 6)}","{(3, '?', '?', 4)}"
"(4, 22, 15, 11, 0)",6,"{(11, 4, 22, 15)}","{('?', '?', '?', 4)}"
"(4, 22, 15, 15, 0)",2,"{(4, 22, 15)}","{(7, '?', '?', 4)}"
"(4, 22, 15, 19, 0)",1,"{(19, 4, 22, 15)}","{(5, 2, 3, 4)}"
"(4, 22, 15, 21, 0)",3,"{(4, 21, 22, 15)}","{('?', 3, '?', 4)}"
"(4, 22, 15, 22, 0)",3,"{(4, 22, 15)}","{('?', '?', 3, 4)}"
"(4, 22, 15, 4, 0)",1,"{(4, 22, 15)}","{(7, '?', 3, 4)}"
"(4, 22, 18, 13, 0)",1,"{(18, 4, 13, 22)}","{(6, 5, 3, 4)}"
"(4, 22, 19, 19, 0)",2,"{(19, 4, 22)}","{('?', '?', '?', 4)}"
"(4, 22, 19, 22, 0)",2,"{(19, 4, 22)}","{(0, '?', '?', 4)}"
"(4, 22, 19, 4, 0)",1,"{(19, 4, 22)}","{('?', '?', 3, 4)}"
"(4, 22, 19, 6, 0)",1,"{(19, 4, 22, 6)}","{(3, '?', 3, 4)}"
"(4, 22, 21, 15, 0)",3,"{(4, 21, 22, 15)}","{('?', 3, '?', 4)}"
"(4, 22, 21, 19, 0)",1,"{(19, 4, 21, 22)}","{('?', 3, 3, 4)}"
"(4, 22, 21, 22, 0)",1,"{(4, 21, 22)}","{(0, 3, 3, 4)}"
"(4, 22, 21, 24, 0)",1,"{(24, 4, 21, 22)}","{(1, 3, 3, 4)}"
"(4, 22, 21, 5, 0)",1,"{(5, 4, 21, 22)}","{(6, 3, 3, 4)}"
"(4, 22, 21, 6, 0)",2,"{(4, 21, 22, 6)}","{(3, 3, '?', 4)}"
"(4, 22, 22, 22, 0)",1,"{(4, 22)}","{(0, '?', 7, 4)}"
"(4, 22, 27, 14, 0)",2,"{(27, 4, 22, 14)}","{(0, 0, '?', 4)}"
"(4, 22, 27, 15, 0)",3,"{(27, 4, 22, 15)}","{('?', 0, '?', 4)}"
"(4, 22, 27, 19, 0)",1,"{(19, 27, 4, 22)}","{('?', 0, 7, 4)}"
"(4, 22, 27, 22, 0)",2,"{(27, 4, 22)}","{(0, 0, '?', 4)}"
"(4, 22, 27, 5, 0)",1,"{(27, 4, 5, 22)}","{(6, 0, 3, 4)}"
"(4, 22, 27, 6, 0)",3,"{(27, 4, 22, 6)}","{('?', 0, '?', 4)}"
"(4, 22, 3, 15, 0)",2,"{(3, 4, 22, 15)}","{(7, 3, '?', 4)}"
"(4, 22, 4, 11, 0)",2,"{(11, 4, 22)}","{(5, 7, '?', 4)}"
"(4, 22, 4, 18, 0)",1,"{(18, 4, 22)}","{(3, 5, 3, 4)}"
"(4, 22, 4, 19, 0)",1,"{(19, 4, 22)}","{('?', '?', 3, 4)}"
"(4, 22, 4, 21, 0)",1,"{(4, 21, 22)}","{(7, 3, 3, 4)}"
"(4, 22, 4, 22, 0)",1,"{(4, 22)}","{(7, 1, 3, 4)}"
"(4, 22, 4, 6, 0)",1,"{(4, 22, 6)}","{(3, '?', 3, 4)}"
"(4, 22, 5, 19, 0)",2,"{(19, 4, 5, 22)}","{('?', '?', '?', 4)}"
"(4, 22, 5, 22, 0)",1,"{(4, 5, 22)}","{(6, 4, 3, 4)}"
"(4, 22, 5, 4, 0)",1,"{(4, 5, 22)}","{(6, '?', 3, 4)}"
"(4, 22, 5, 5, 0)",1,"{(4, 5, 22)}","{(6, '?', 3, 4)}"
"(4, 22, 5, 6, 0)",2,"{(4, 5, 22, 6)}","{('?', 4, '?', 4)}"
"(4, 22, 6, 11, 0)",1,"{(11, 4, 22, 6)}","{(3, 7, 7, 4)}"
"(4, 22, 6, 15, 0)",3,"{(4, 15, 22, 6)}","{(5, '?', '?', 4)}"
"(4, 22, 6, 19, 0)",1,"{(19, 4, 22, 6)}","{('?', 4, 7, 4)}"
"(4, 22, 6, 6, 0)",5,"{(4, 22, 6)}","{(3, '?', '?', 4)}"
"(4, 22, 9, 19, 0)",1,"{(9, 19, 4, 22)}","{(4, 0, 7, 4)}"
"(4, 22, 9, 22, 0)",1,"{(9, 4, 22)}","{(0, 0, 3, 4)}"
"(4, 23, 11, 14, 0)",1,"{(11, 4, 14, 23)}","{(0, 6, 7, 1)}"
"(4, 23, 11, 15, 0)",5,"{(11, 4, 15, 23)}","{('?', '?', '?', 1)}"
"(4, 23, 11, 19, 0)",1,"{(19, 11, 4, 23)}","{('?', 6, 7, 1)}"
"(4, 23, 11, 22, 0)",1,"{(11, 4, 22, 23)}","{(0, 7, 3, 1)}"
"(4, 23, 11, 6, 0)",3,"{(11, 4, 6, 23)}","{(3, '?', '?', 1)}"
"(4, 23, 13, 15, 0)",2,"{(15, 4, 13, 23)}","{(5, 5, '?', 1)}"
"(4, 23, 13, 4, 0)",1,"{(4, 13, 23)}","{('?', 5, 3, 1)}"
"(4, 23, 14, 11, 0)",1,"{(11, 4, 14, 23)}","{(0, 6, 7, 1)}"
"(4, 23, 15, 11, 0)",5,"{(11, 4, 15, 23)}","{('?', '?', '?', 1)}"
"(4, 23, 15, 15, 0)",3,"{(4, 15, 23)}","{('?', '?', '?', 1)}"
"(4, 23, 15, 19, 0)",4,"{(19, 4, 15, 23)}","{('?', '?', '?', 1)}"
"(4, 23, 15, 21, 0)",3,"{(21, 4, 15, 23)}","{('?', 3, '?', 1)}"
"(4, 23, 15, 23, 0)",2,"{(4, 15, 23)}","{(7, '?', '?', 1)}"
"(4, 23, 15, 4, 0)",2,"{(4, 15, 23)}","{(5, '?', 3, 1)}"
"(4, 23, 18, 5, 0)",1,"{(18, 4, 5, 23)}","{(6, 2, 7, 1)}"
"(4, 23, 19, 19, 0)",1,"{(19, 4, 23)}","{('?', '?', 7, 1)}"
"(4, 23, 19, 21, 0)",1,"{(19, 4, 21, 23)}","{('?', 3, 3, 1)}"
"(4, 23, 19, 23, 0)",2,"{(19, 4, 23)}","{('?', '?', '?', 1)}"
"(4, 23, 19, 6, 0)",3,"{(19, 4, 6, 23)}","{(3, '?', '?', 1)}"
"(4, 23, 21, 15, 0)",1,"{(15, 4, 21, 23)}","{(5, 3, 3, 1)}"
"(4, 23, 21, 19, 0)",1,"{(19, 4, 21, 23)}","{('?', 3, 3, 1)}"
"(4, 23, 21, 22, 0)",2,"{(4, 21, 22, 23)}","{(0, 3, '?', 1)}"
"(4, 23, 21, 23, 0)",4,"{(4, 21, 23)}","{('?', 3, '?', 1)}"
"(4, 23, 21, 5, 0)",2,"{(5, 4, 21, 23)}","{(0, 3, '?', 1)}"
"(4, 23, 21, 6, 0)",2,"{(4, 21, 6, 23)}","{(3, 3, '?', 1)}"
"(4, 23, 22, 14, 0)",1,"{(4, 14, 22, 23)}","{(0, '?', 3, 1)}"
"(4, 23, 22, 9, 0)",1,"{(9, 4, 22, 23)}","{(0, 0, 3, 1)}"
"(4, 23, 27, 10, 0)",1,"{(10, 27, 4, 23)}","{('?', 0, 7, 1)}"
"(4, 23, 3, 14, 0)",1,"{(3, 4, 14, 23)}","{(0, 3, 7, 1)}"
"(4, 23, 3, 15, 0)",3,"{(3, 4, 15, 23)}","{('?', 3, '?', 1)}"
"(4, 23, 3, 6, 0)",1,"{(3, 4, 6, 23)}","{(3, 3, 7, 1)}"
"(4, 23, 4, 19, 0)",2,"{(19, 4, 23)}","{('?', '?', '?', 1)}"
"(4, 23, 4, 21, 0)",1,"{(4, 21, 23)}","{('?', 3, 3, 1)}"
"(4, 23, 4, 23, 0)",1,"{(4, 23)}","{('?', 4, 7, 1)}"
"(4, 23, 4, 6, 0)",1,"{(4, 6, 23)}","{(3, '?', 7, 1)}"
"(4, 23, 5, 21, 0)",3,"{(21, 4, 5, 23)}","{('?', 3, 3, 1)}"
"(4, 23, 6, 15, 0)",5,"{(4, 15, 6, 23)}","{('?', '?', '?', 1)}"
"(4, 23, 6, 19, 0)",5,"{(19, 4, 6, 23)}","{('?', '?', '?', 1)}"
"(4, 23, 6, 4, 0)",3,"{(4, 6, 23)}","{('?', '?', '?', 1)}"
"(4, 23, 6, 5, 0)",2,"{(4, 5, 6, 23)}","{('?', 4, 3, 1)}"
"(4, 23, 6, 6, 0)",5,"{(4, 6, 23)}","{(3, '?', '?', 1)}"
"(4, 23, 9, 19, 0)",1,"{(9, 19, 4, 23)}","{('?', 0, 7, 1)}"
"(4, 23, 9, 6, 0)",1,"{(9, 4, 6, 23)}","{('?', 0, 3, 1)}"
"(4, 25, 1, 11, 0)",2,"{(25, 11, 4, 1)}","{('?', '?', '?', '?')}"
"(4, 25, 1, 15, 0)",3,"{(25, 4, 1, 15)}","{('?', '?', '?', 3)}"
"(4, 25, 1, 21, 0)",1,"{(25, 4, 21, 1)}","{(7, 3, 3, 3)}"
"(4, 25, 11, 14, 0)",1,"{(25, 11, 4, 14)}","{(0, 6, 7, 4)}"
"(4, 25, 11, 15, 0)",1,"{(25, 11, 4, 15)}","{(5, 7, 3, 5)}"
"(4, 25, 11, 19, 0)",1,"{(19, 25, 11, 4)}","{('?', 6, 3, 4)}"
"(4, 25, 11, 22, 0)",1,"{(25, 11, 4, 22)}","{(0, 7, 3, 4)}"
"(4, 25, 14, 11, 0)",1,"{(25, 11, 4, 14)}","{(0, 6, 7, 4)}"
"(4, 25, 14, 19, 0)",1,"{(25, 19, 4, 14)}","{(0, 7, 7, 4)}"
"(4, 25, 14, 21, 0)",1,"{(25, 4, 21, 14)}","{(0, 3, 3, 4)}"
"(4, 25, 15, 11, 0)",11,"{(25, 11, 4, 15)}","{('?', '?', '?', '?')}"
"(4, 25, 15, 15, 0)",9,"{(25, 4, 15)}","{('?', '?', '?', '?')}"
"(4, 25, 15, 19, 0)",1,"{(25, 19, 4, 15)}","{(7, 1, 3, 3)}"
"(4, 25, 15, 21, 0)",4,"{(25, 4, 21, 15)}","{('?', 3, '?', 3)}"
"(4, 25, 15, 4, 0)",1,"{(25, 4, 15)}","{(7, 4, 7, 3)}"
"(4, 25, 19, 10, 0)",1,"{(25, 10, 19, 4)}","{('?', '?', 3, 5)}"
"(4, 25, 19, 14, 0)",2,"{(25, 19, 4, 14)}","{(0, 7, '?', '?')}"
"(4, 25, 19, 19, 0)",1,"{(25, 19, 4)}","{('?', 4, 3, 3)}"
"(4, 25, 19, 25, 0)",1,"{(25, 19, 4)}","{('?', 1, 3, 3)}"
"(4, 25, 19, 5, 0)",1,"{(25, 19, 4, 5)}","{(6, 6, 3, 4)}"
"(4, 25, 21, 14, 0)",1,"{(25, 4, 21, 14)}","{(0, 3, 3, 4)}"
"(4, 25, 21, 15, 0)",1,"{(25, 4, 21, 15)}","{(5, 3, 3, 3)}"
"(4, 25, 21, 22, 0)",2,"{(25, 4, 21, 22)}","{(0, 3, '?', 4)}"
"(4, 25, 21, 6, 0)",1,"{(25, 4, 21, 6)}","{(3, 3, 3, 3)}"
"(4, 25, 22, 11, 0)",1,"{(25, 11, 4, 22)}","{(0, 6, 3, 4)}"
"(4, 25, 22, 21, 0)",1,"{(25, 4, 21, 22)}","{(0, 3, 7, 4)}"
"(4, 25, 22, 22, 0)",1,"{(25, 4, 22)}","{(0, 6, 3, 4)}"
"(4, 25, 25, 11, 0)",1,"{(25, 11, 4)}","{('?', 6, 7, 4)}"
"(4, 25, 25, 19, 0)",1,"{(25, 19, 4)}","{('?', 7, 3, 4)}"
"(4, 25, 27, 10, 0)",2,"{(25, 10, 27, 4)}","{('?', 0, 3, 3)}"
"(4, 25, 27, 15, 0)",2,"{(25, 27, 4, 15)}","{('?', 0, 3, 3)}"
"(4, 25, 3, 14, 0)",1,"{(25, 3, 4, 14)}","{(0, 3, 3, 4)}"
"(4, 25, 3, 15, 0)",2,"{(25, 3, 4, 15)}","{('?', 3, '?', 3)}"
"(4, 25, 4, 11, 0)",2,"{(25, 11, 4)}","{('?', '?', '?', '?')}"
"(4, 25, 4, 19, 0)",2,"{(25, 19, 4)}","{('?', '?', '?', '?')}"
"(4, 25, 4, 27, 0)",1,"{(25, 27, 4)}","{('?', 0, 3, 3)}"
"(4, 25, 4, 6, 0)",1,"{(25, 4, 6)}","{('?', 1, 3, 3)}"
"(4, 25, 6, 11, 0)",1,"{(25, 11, 4, 6)}","{(3, 7, 3, 3)}"
"(4, 25, 6, 15, 0)",2,"{(25, 4, 6, 15)}","{('?', '?', 3, 3)}"
"(4, 25, 6, 21, 0)",1,"{(25, 4, 21, 6)}","{(3, 3, 3, 3)}"
"(4, 25, 6, 4, 0)",1,"{(25, 4, 6)}","{(7, 1, 7, 3)}"
"(4, 25, 6, 6, 0)",4,"{(25, 4, 6)}","{(3, '?', '?', '?')}"
"(4, 25, 9, 15, 0)",3,"{(25, 4, 9, 15)}","{('?', 0, '?', 3)}"
"(4, 25, 9, 19, 0)",1,"{(25, 19, 4, 9)}","{(0, 0, 7, 4)}"
"(4, 27, 10, 15, 0)",2,"{(10, 27, 4, 15)}","{('?', 0, '?', 5)}"
"(4, 27, 15, 10, 0)",4,"{(10, 27, 4, 15)}","{('?', 0, '?', 5)}"
"(4, 27, 15, 14, 0)",3,"{(27, 4, 14, 15)}","{('?', 0, '?', 4)}"
"(4, 27, 15, 15, 0)",11,"{(27, 4, 15)}","{('?', 0, '?', '?')}"
"(4, 27, 15, 17, 0)",6,"{(17, 27, 4, 15)}","{('?', 0, '?', '?')}"
"(4, 27, 15, 19, 0)",10,"{(19, 27, 4, 15)}","{('?', 0, '?', '?')}"
"(4, 27, 15, 22, 0)",3,"{(27, 4, 22, 15)}","{('?', 0, '?', 4)}"
"(4, 27, 15, 23, 0)",3,"{(27, 4, 23, 15)}","{('?', 0, '?', '?')}"
"(4, 27, 15, 25, 0)",2,"{(25, 27, 4, 15)}","{('?', 0, '?', '?')}"
"(4, 27, 15, 4, 0)",2,"{(27, 4, 15)}","{('?', 0, '?', '?')}"
"(4, 27, 15, 7, 0)",3,"{(27, 4, 7, 15)}","{('?', 0, '?', 0)}"
"(4, 27, 17, 14, 0)",1,"{(17, 27, 4, 14)}","{(0, 0, 3, 0)}"
"(4, 27, 17, 19, 0)",1,"{(19, 17, 27, 4)}","{(3, 6, 7, 0)}"
"(4, 27, 17, 6, 0)",2,"{(17, 27, 4, 6)}","{(3, 0, '?', '?')}"
"(4, 27, 19, 14, 0)",3,"{(19, 27, 4, 14)}","{(0, 0, '?', '?')}"
"(4, 27, 19, 19, 0)",3,"{(19, 27, 4)}","{('?', 0, 7, '?')}"
"(4, 27, 19, 22, 0)",1,"{(19, 27, 4, 22)}","{(0, 0, 7, 1)}"
"(4, 27, 19, 23, 0)",3,"{(19, 27, 4, 23)}","{('?', 0, '?', 1)}"
"(4, 27, 19, 5, 0)",2,"{(19, 27, 4, 5)}","{('?', 0, 3, '?')}"
"(4, 27, 19, 6, 0)",5,"{(19, 27, 4, 6)}","{('?', 0, '?', '?')}"
"(4, 27, 22, 15, 0)",1,"{(27, 4, 22, 15)}","{(7, 0, 7, 4)}"
"(4, 27, 22, 6, 0)",1,"{(27, 4, 22, 6)}","{(3, 0, 7, 4)}"
"(4, 27, 23, 15, 0)",1,"{(27, 4, 15, 23)}","{(5, 0, 7, 1)}"
"(4, 27, 23, 19, 0)",1,"{(19, 27, 4, 23)}","{('?', 0, 7, 1)}"
"(4, 27, 23, 5, 0)",1,"{(27, 4, 5, 23)}","{(0, 0, 3, 1)}"
"(4, 27, 25, 22, 0)",1,"{(25, 27, 4, 22)}","{(0, 0, 7, 5)}"
"(4, 27, 4, 14, 0)",1,"{(27, 4, 14)}","{(0, 0, 3, 6)}"
"(4, 27, 4, 23, 0)",3,"{(27, 4, 23)}","{('?', 0, '?', '?')}"
"(4, 27, 6, 14, 0)",1,"{(27, 4, 6, 14)}","{(3, 0, 3, 4)}"
"(4, 27, 6, 6, 0)",4,"{(27, 4, 6)}","{(3, 0, '?', '?')}"
"(4, 27, 7, 15, 0)",1,"{(27, 4, 15, 7)}","{('?', 0, 3, 0)}"
"(4, 27, 7, 19, 0)",1,"{(19, 27, 4, 7)}","{('?', 0, 7, 0)}"
"(4, 3, 15, 15, 0)",7,"{(3, 4, 15)}","{('?', 3, '?', '?')}"
"(4, 3, 15, 17, 0)",2,"{(17, 3, 4, 15)}","{(5, 3, 7, '?')}"
"(4, 3, 15, 7, 0)",1,"{(3, 4, 7, 15)}","{(5, 3, 7, 7)}"
"(4, 3, 17, 15, 0)",1,"{(17, 3, 4, 15)}","{(5, 3, 7, 0)}"
"(4, 3, 7, 15, 0)",1,"{(3, 4, 15, 7)}","{(7, 3, 3, 7)}"
"(4, 4, 10, 15, 0)",1,"{(10, 4, 15)}","{(5, 5, 3, 5)}"
"(4, 4, 10, 6, 0)",1,"{(10, 4, 6)}","{(3, '?', 7, 3)}"
"(4, 4, 11, 14, 0)",1,"{(11, 4, 14)}","{(0, 6, 7, 1)}"
"(4, 4, 11, 15, 0)",11,"{(11, 4, 15)}","{('?', '?', '?', '?')}"
"(4, 4, 11, 19, 0)",1,"{(19, 11, 4)}","{('?', 7, 7, 6)}"
"(4, 4, 11, 25, 0)",1,"{(25, 11, 4)}","{('?', 6, 3, 4)}"
"(4, 4, 11, 4, 0)",1,"{(11, 4)}","{(0, 6, 7, '?')}"
"(4, 4, 11, 6, 0)",1,"{(11, 4, 6)}","{(3, 6, 7, 7)}"
"(4, 4, 11, 7, 0)",1,"{(11, 4, 7)}","{(0, 6, 7, 7)}"
"(4, 4, 13, 19, 0)",2,"{(19, 4, 13)}","{('?', '?', 3, '?')}"
"(4, 4, 13, 6, 0)",1,"{(4, 13, 6)}","{(3, 2, 7, '?')}"
"(4, 4, 15, 11, 0)",4,"{(11, 4, 15)}","{('?', '?', '?', '?')}"
"(4, 4, 15, 15, 0)",3,"{(4, 15)}","{('?', '?', '?', '?')}"
"(4, 4, 15, 19, 0)",3,"{(19, 4, 15)}","{('?', '?', '?', '?')}"
"(4, 4, 15, 21, 0)",1,"{(4, 21, 15)}","{(7, 3, 3, 5)}"
"(4, 4, 17, 14, 0)",1,"{(17, 4, 14)}","{(0, 4, 7, 7)}"
"(4, 4, 19, 21, 0)",1,"{(19, 4, 21)}","{(5, 3, 3, 2)}"
"(4, 4, 19, 4, 0)",1,"{(19, 4)}","{(0, '?', 3, '?')}"
"(4, 4, 21, 15, 0)",4,"{(4, 21, 15)}","{('?', 3, '?', '?')}"
"(4, 4, 21, 19, 0)",2,"{(19, 4, 21)}","{(0, 3, '?', '?')}"
"(4, 4, 23, 4, 0)",1,"{(4, 23)}","{(0, 7, 3, 1)}"
"(4, 4, 25, 11, 0)",1,"{(25, 11, 4)}","{('?', 7, 3, 5)}"
"(4, 4, 25, 19, 0)",1,"{(25, 19, 4)}","{('?', '?', 7, 5)}"
"(4, 4, 3, 15, 0)",4,"{(3, 4, 15)}","{('?', 3, '?', '?')}"
"(4, 4, 4, 15, 0)",1,"{(4, 15)}","{(5, '?', 3, '?')}"
"(4, 4, 9, 15, 0)",2,"{(9, 4, 15)}","{('?', 0, 3, 2)}"
"(4, 4, 9, 19, 0)",1,"{(9, 19, 4)}","{(0, 0, 3, 6)}"
"(4, 4, 9, 5, 0)",1,"{(9, 4, 5)}","{(0, 0, 3, 6)}"
"(4, 5, 11, 14, 0)",1,"{(11, 4, 5, 14)}","{(6, 6, 7, 4)}"
"(4, 5, 11, 19, 0)",4,"{(19, 11, 4, 5)}","{('?', '?', '?', '?')}"
"(4, 5, 11, 25, 0)",1,"{(25, 11, 4, 5)}","{(6, 6, 3, 4)}"
"(4, 5, 11, 4, 0)",4,"{(11, 4, 5)}","{(4, '?', '?', '?')}"
"(4, 5, 13, 14, 0)",1,"{(13, 4, 5, 14)}","{(6, 5, 3, 4)}"
"(4, 5, 13, 18, 0)",1,"{(13, 18, 4, 5)}","{(4, 5, 3, 1)}"
"(4, 5, 13, 4, 0)",1,"{(13, 4, 5)}","{(6, 2, 7, 4)}"
"(4, 5, 14, 11, 0)",1,"{(11, 4, 5, 14)}","{(4, 6, 3, 4)}"
"(4, 5, 14, 4, 0)",2,"{(4, 5, 14)}","{(6, '?', 7, 4)}"
"(4, 5, 15, 11, 0)",1,"{(11, 4, 5, 15)}","{(7, 7, 3, 6)}"
"(4, 5, 15, 15, 0)",1,"{(4, 5, 15)}","{(7, '?', 3, 2)}"
"(4, 5, 15, 19, 0)",1,"{(19, 4, 5, 15)}","{(7, '?', 7, 6)}"
"(4, 5, 17, 4, 0)",1,"{(17, 4, 5)}","{(6, 6, 3, 0)}"
"(4, 5, 17, 6, 0)",1,"{(17, 4, 5, 6)}","{(4, 1, 7, 0)}"
"(4, 5, 18, 13, 0)",1,"{(18, 13, 4, 5)}","{(4, 5, 3, 1)}"
"(4, 5, 18, 17, 0)",2,"{(17, 18, 4, 5)}","{('?', 2, 3, 0)}"
"(4, 5, 18, 18, 0)",1,"{(18, 4, 5)}","{(4, 2, 7, '?')}"
"(4, 5, 18, 19, 0)",1,"{(18, 19, 4, 5)}","{(4, 5, 7, 6)}"
"(4, 5, 18, 23, 0)",2,"{(18, 4, 5, 23)}","{(4, '?', 7, 1)}"
"(4, 5, 18, 4, 0)",3,"{(18, 4, 5)}","{('?', 5, '?', '?')}"
"(4, 5, 19, 19, 0)",2,"{(19, 4, 5)}","{(4, '?', '?', '?')}"
"(4, 5, 19, 4, 0)",1,"{(19, 4, 5)}","{(0, '?', 3, 1)}"
"(4, 5, 21, 14, 0)",1,"{(21, 4, 5, 14)}","{(6, 3, 7, 4)}"
"(4, 5, 21, 17, 0)",1,"{(17, 21, 4, 5)}","{(6, 3, 7, 7)}"
"(4, 5, 21, 19, 0)",7,"{(21, 19, 4, 5)}","{('?', 3, '?', '?')}"
"(4, 5, 21, 21, 0)",2,"{(21, 4, 5)}","{(6, 3, '?', '?')}"
"(4, 5, 21, 23, 0)",2,"{(21, 4, 5, 23)}","{(4, 3, '?', 1)}"
"(4, 5, 21, 4, 0)",2,"{(21, 4, 5)}","{(6, 3, '?', '?')}"
"(4, 5, 21, 5, 0)",1,"{(21, 4, 5)}","{(4, 3, 3, '?')}"
"(4, 5, 22, 6, 0)",1,"{(4, 5, 22, 6)}","{(4, 1, 7, 4)}"
"(4, 5, 23, 11, 0)",1,"{(11, 4, 5, 23)}","{(4, 7, 3, 1)}"
"(4, 5, 23, 21, 0)",1,"{(21, 4, 5, 23)}","{(6, 3, 7, 1)}"
"(4, 5, 23, 6, 0)",1,"{(4, 5, 6, 23)}","{(6, 1, 3, 1)}"
"(4, 5, 25, 25, 0)",1,"{(25, 4, 5)}","{(4, '?', 7, 5)}"
"(4, 5, 27, 10, 0)",1,"{(10, 27, 4, 5)}","{(6, 0, 7, 3)}"
"(4, 5, 27, 19, 0)",7,"{(19, 27, 4, 5)}","{('?', 0, '?', '?')}"
"(4, 5, 27, 22, 0)",1,"{(27, 4, 5, 22)}","{(6, 0, 7, 4)}"
"(4, 5, 27, 23, 0)",2,"{(27, 4, 5, 23)}","{('?', 0, '?', 1)}"
"(4, 5, 27, 4, 0)",1,"{(27, 4, 5)}","{(6, 0, 7, 6)}"
"(4, 5, 27, 5, 0)",3,"{(27, 4, 5)}","{('?', 0, '?', '?')}"
"(4, 5, 27, 7, 0)",1,"{(27, 4, 5, 7)}","{(6, 0, 7, 4)}"
"(4, 5, 3, 17, 0)",1,"{(17, 3, 4, 5)}","{(6, 3, 7, 7)}"
"(4, 5, 4, 14, 0)",1,"{(4, 5, 14)}","{(6, '?', 7, 4)}"
"(4, 5, 4, 22, 0)",1,"{(4, 5, 22)}","{(6, 7, 7, 4)}"
"(4, 5, 4, 23, 0)",1,"{(4, 5, 23)}","{(4, 6, 7, '?')}"
"(4, 5, 4, 6, 0)",1,"{(4, 5, 6)}","{(6, 1, 3, 0)}"
"(4, 5, 5, 11, 0)",1,"{(11, 4, 5)}","{(6, 6, 7, 4)}"
"(4, 5, 5, 6, 0)",2,"{(4, 5, 6)}","{('?', 4, '?', '?')}"
"(4, 5, 6, 19, 0)",12,"{(19, 4, 5, 6)}","{('?', '?', '?', '?')}"
"(4, 5, 6, 22, 0)",3,"{(4, 5, 6, 22)}","{('?', '?', '?', 4)}"
"(4, 5, 6, 23, 0)",2,"{(4, 5, 6, 23)}","{('?', 1, '?', 1)}"
"(4, 5, 6, 4, 0)",1,"{(4, 5, 6)}","{(4, 1, 7, 7)}"
"(4, 5, 6, 5, 0)",4,"{(4, 5, 6)}","{('?', '?', '?', '?')}"
"(4, 5, 7, 11, 0)",5,"{(11, 4, 5, 7)}","{('?', 6, '?', '?')}"
"(4, 5, 7, 4, 0)",1,"{(4, 5, 7)}","{(4, 5, 7, 0)}"
"(4, 6, 10, 15, 0)",5,"{(10, 4, 6, 15)}","{('?', '?', '?', 5)}"
"(4, 6, 10, 19, 0)",1,"{(10, 19, 4, 6)}","{('?', 4, 3, 5)}"
"(4, 6, 14, 15, 0)",6,"{(4, 15, 6, 14)}","{('?', '?', '?', 4)}"
"(4, 6, 14, 19, 0)",7,"{(19, 4, 6, 14)}","{('?', '?', '?', '?')}"
"(4, 6, 14, 4, 0)",2,"{(4, 6, 14)}","{('?', 1, 7, 4)}"
"(4, 6, 14, 6, 0)",2,"{(4, 6, 14)}","{(3, 1, '?', 4)}"
"(4, 6, 15, 10, 0)",7,"{(10, 4, 6, 15)}","{('?', '?', '?', '?')}"
"(4, 6, 15, 15, 0)",18,"{(4, 6, 15)}","{('?', '?', '?', '?')}"
"(4, 6, 15, 17, 0)",7,"{(17, 4, 6, 15)}","{('?', '?', '?', '?')}"
"(4, 6, 15, 19, 0)",13,"{(19, 4, 6, 15)}","{('?', '?', '?', '?')}"
"(4, 6, 15, 22, 0)",4,"{(4, 22, 6, 15)}","{('?', '?', '?', 4)}"
"(4, 6, 15, 23, 0)",5,"{(4, 23, 6, 15)}","{('?', '?', '?', 1)}"
"(4, 6, 15, 4, 0)",2,"{(4, 6, 15)}","{('?', '?', 3, '?')}"
"(4, 6, 15, 7, 0)",8,"{(4, 7, 6, 15)}","{('?', '?', '?', '?')}"
"(4, 6, 17, 14, 0)",3,"{(17, 4, 6, 14)}","{(0, '?', '?', 0)}"
"(4, 6, 17, 15, 0)",3,"{(17, 4, 6, 15)}","{('?', '?', '?', '?')}"
"(4, 6, 17, 19, 0)",1,"{(17, 19, 4, 6)}","{(0, 1, 3, 7)}"
"(4, 6, 17, 4, 0)",1,"{(17, 4, 6)}","{(0, 4, 7, 0)}"
"(4, 6, 17, 6, 0)",1,"{(17, 4, 6)}","{(3, 4, 7, 0)}"
"(4, 6, 19, 14, 0)",3,"{(19, 4, 6, 14)}","{(0, '?', 3, '?')}"
"(4, 6, 19, 15, 0)",3,"{(19, 4, 6, 15)}","{('?', 1, 7, '?')}"
"(4, 6, 19, 19, 0)",9,"{(19, 4, 6)}","{('?', '?', '?', '?')}"
"(4, 6, 19, 22, 0)",8,"{(19, 4, 6, 22)}","{(0, '?', '?', '?')}"
"(4, 6, 19, 23, 0)",2,"{(19, 4, 6, 23)}","{('?', 4, '?', '?')}"
"(4, 6, 19, 25, 0)",1,"{(25, 19, 4, 6)}","{('?', 1, 3, 4)}"
"(4, 6, 19, 4, 0)",10,"{(19, 4, 6)}","{('?', '?', '?', '?')}"
"(4, 6, 19, 6, 0)",4,"{(19, 4, 6)}","{('?', 1, '?', '?')}"
"(4, 6, 22, 15, 0)",5,"{(4, 15, 6, 22)}","{('?', '?', '?', 4)}"
"(4, 6, 22, 19, 0)",3,"{(19, 4, 6, 22)}","{('?', '?', '?', 4)}"
"(4, 6, 22, 22, 0)",1,"{(4, 6, 22)}","{(0, 4, 3, 5)}"
"(4, 6, 22, 4, 0)",1,"{(4, 6, 22)}","{(5, 4, 3, 4)}"
"(4, 6, 22, 5, 0)",3,"{(4, 5, 6, 22)}","{(4, '?', '?', 4)}"
"(4, 6, 22, 6, 0)",2,"{(4, 6, 22)}","{(3, '?', '?', 4)}"
"(4, 6, 23, 15, 0)",5,"{(4, 15, 6, 23)}","{('?', '?', '?', 1)}"
"(4, 6, 23, 19, 0)",4,"{(19, 4, 6, 23)}","{('?', '?', '?', 1)}"
"(4, 6, 23, 4, 0)",5,"{(4, 6, 23)}","{('?', '?', '?', 1)}"
"(4, 6, 23, 5, 0)",1,"{(4, 5, 6, 23)}","{(0, 4, 7, 1)}"
"(4, 6, 23, 6, 0)",2,"{(4, 6, 23)}","{(3, '?', 7, 1)}"
"(4, 6, 25, 14, 0)",2,"{(25, 4, 6, 14)}","{(0, '?', '?', 4)}"
"(4, 6, 25, 15, 0)",3,"{(25, 4, 6, 15)}","{('?', '?', '?', '?')}"
"(4, 6, 25, 19, 0)",4,"{(25, 19, 4, 6)}","{('?', 1, '?', '?')}"
"(4, 6, 25, 22, 0)",3,"{(25, 4, 6, 22)}","{(0, '?', '?', '?')}"
"(4, 6, 4, 14, 0)",2,"{(4, 6, 14)}","{(0, 4, '?', '?')}"
"(4, 6, 4, 15, 0)",11,"{(4, 6, 15)}","{('?', '?', '?', '?')}"
"(4, 6, 4, 19, 0)",2,"{(19, 4, 6)}","{('?', 1, 3, '?')}"
"(4, 6, 4, 22, 0)",4,"{(4, 6, 22)}","{('?', '?', '?', '?')}"
"(4, 6, 4, 23, 0)",4,"{(4, 6, 23)}","{('?', '?', 7, '?')}"
"(4, 6, 4, 25, 0)",1,"{(25, 4, 6)}","{('?', 4, 3, 5)}"
"(4, 6, 4, 6, 0)",1,"{(4, 6)}","{(3, 4, 7, 5)}"
"(4, 6, 4, 7, 0)",1,"{(4, 6, 7)}","{(7, 4, 3, 7)}"
"(4, 6, 5, 19, 0)",8,"{(19, 4, 5, 6)}","{('?', '?', '?', '?')}"
"(4, 6, 5, 22, 0)",3,"{(4, 5, 6, 22)}","{('?', '?', '?', 4)}"
"(4, 6, 5, 23, 0)",1,"{(4, 5, 6, 23)}","{(4, 1, 7, 1)}"
"(4, 6, 5, 4, 0)",2,"{(4, 5, 6)}","{(6, '?', '?', '?')}"
"(4, 6, 6, 14, 0)",1,"{(4, 6, 14)}","{(3, 1, 3, 4)}"
"(4, 6, 6, 19, 0)",1,"{(19, 4, 6)}","{(3, 4, 3, '?')}"
"(4, 6, 6, 22, 0)",2,"{(4, 6, 22)}","{(3, 1, '?', 4)}"
"(4, 6, 6, 23, 0)",1,"{(4, 6, 23)}","{(3, 4, 3, 1)}"
"(4, 6, 6, 6, 0)",17,"{(4, 6)}","{(3, '?', '?', '?')}"
"(4, 6, 7, 14, 0)",2,"{(4, 14, 6, 7)}","{(0, '?', '?', 7)}"
"(4, 6, 7, 15, 0)",10,"{(4, 15, 6, 7)}","{('?', '?', '?', '?')}"
"(4, 6, 7, 19, 0)",3,"{(19, 4, 6, 7)}","{('?', '?', '?', '?')}"
"(4, 6, 7, 22, 0)",1,"{(4, 22, 6, 7)}","{(0, 1, 3, 7)}"
"(4, 6, 7, 4, 0)",5,"{(4, 6, 7)}","{('?', '?', '?', '?')}"
"(4, 6, 7, 6, 0)",7,"{(4, 6, 7)}","{('?', '?', '?', '?')}"
"(4, 7, 11, 14, 0)",1,"{(11, 4, 14, 7)}","{(0, 7, 3, 7)}"
"(4, 7, 11, 15, 0)",5,"{(11, 4, 15, 7)}","{('?', '?', '?', '?')}"
"(4, 7, 11, 19, 0)",4,"{(19, 11, 4, 7)}","{('?', '?', '?', '?')}"
"(4, 7, 11, 22, 0)",2,"{(11, 4, 22, 7)}","{(0, '?', 3, 7)}"
"(4, 7, 11, 6, 0)",2,"{(11, 4, 6, 7)}","{(3, 6, 7, '?')}"
"(4, 7, 14, 22, 0)",1,"{(4, 22, 14, 7)}","{(0, '?', 3, 7)}"
"(4, 7, 15, 11, 0)",14,"{(11, 4, 15, 7)}","{('?', '?', '?', '?')}"
"(4, 7, 15, 15, 0)",10,"{(4, 15, 7)}","{('?', '?', '?', '?')}"
"(4, 7, 15, 19, 0)",7,"{(19, 4, 15, 7)}","{('?', '?', '?', '?')}"
"(4, 7, 15, 21, 0)",3,"{(21, 4, 15, 7)}","{('?', 3, 3, '?')}"
"(4, 7, 15, 6, 0)",1,"{(4, 15, 6, 7)}","{(5, '?', 3, 7)}"
"(4, 7, 15, 7, 0)",2,"{(4, 15, 7)}","{('?', '?', '?', '?')}"
"(4, 7, 19, 19, 0)",1,"{(19, 4, 7)}","{('?', '?', 3, 0)}"
"(4, 7, 21, 15, 0)",5,"{(15, 4, 21, 7)}","{('?', 3, '?', '?')}"
"(4, 7, 21, 19, 0)",1,"{(19, 4, 21, 7)}","{('?', 3, 3, 7)}"
"(4, 7, 21, 6, 0)",1,"{(4, 21, 6, 7)}","{(3, 3, 3, 7)}"
"(4, 7, 27, 14, 0)",2,"{(27, 4, 14, 7)}","{(0, 0, 7, '?')}"
"(4, 7, 27, 15, 0)",1,"{(27, 4, 15, 7)}","{(7, 0, 3, 0)}"
"(4, 7, 3, 15, 0)",5,"{(3, 4, 15, 7)}","{('?', 3, '?', '?')}"
"(4, 7, 4, 11, 0)",3,"{(11, 4, 7)}","{('?', '?', '?', 0)}"
"(4, 7, 4, 14, 0)",2,"{(4, 14, 7)}","{(0, '?', '?', '?')}"
"(4, 7, 4, 15, 0)",4,"{(4, 15, 7)}","{('?', '?', '?', 7)}"
"(4, 7, 5, 11, 0)",1,"{(11, 4, 5, 7)}","{(6, 6, 3, 7)}"
"(4, 7, 5, 21, 0)",2,"{(21, 4, 5, 7)}","{('?', 3, '?', 0)}"
"(4, 7, 5, 22, 0)",1,"{(4, 5, 22, 7)}","{(0, '?', 7, 0)}"
"(4, 7, 6, 11, 0)",1,"{(11, 4, 6, 7)}","{(3, 6, 7, 0)}"
"(4, 7, 6, 14, 0)",2,"{(4, 14, 6, 7)}","{(0, '?', 7, '?')}"
"(4, 7, 6, 15, 0)",5,"{(4, 15, 6, 7)}","{('?', '?', '?', '?')}"
"(4, 7, 6, 19, 0)",1,"{(19, 4, 6, 7)}","{('?', 4, 3, 7)}"
"(4, 7, 6, 6, 0)",8,"{(4, 6, 7)}","{(3, '?', '?', '?')}"
"(4, 9, 10, 6, 0)",1,"{(9, 10, 4, 6)}","{(3, 0, 3, 3)}"
"(4, 9, 15, 10, 0)",1,"{(9, 10, 4, 15)}","{(5, 0, 3, 5)}"
"(4, 9, 15, 19, 0)",1,"{(9, 19, 4, 15)}","{(5, 0, 7, '?')}"
"(4, 9, 15, 25, 0)",1,"{(9, 4, 25, 15)}","{(5, 0, 3, 5)}"
"(4, 9, 19, 19, 0)",1,"{(9, 19, 4)}","{('?', 0, 3, 1)}"
"(4, 9, 19, 23, 0)",1,"{(9, 19, 4, 23)}","{('?', 0, 3, 1)}"
"(4, 9, 6, 6, 0)",2,"{(9, 4, 6)}","{(3, 0, 7, '?')}"
"(5, 1, 15, 11, 0)",1,"{(1, 11, 5, 15)}","{(7, '?', 4, 6)}"
"(5, 1, 15, 19, 0)",7,"{(1, 19, 5, 15)}","{('?', '?', '?', '?')}"
"(5, 1, 15, 6, 0)",5,"{(1, 5, 6, 15)}","{('?', '?', '?', '?')}"
"(5, 1, 19, 15, 0)",1,"{(1, 19, 5, 15)}","{(7, '?', 4, 2)}"
"(5, 1, 24, 6, 0)",1,"{(24, 1, 5, 6)}","{(2, 4, 4, 2)}"
"(5, 1, 6, 15, 0)",11,"{(1, 5, 6, 15)}","{('?', '?', '?', '?')}"
"(5, 10, 1, 6, 0)",1,"{(1, 10, 5, 6)}","{(7, 4, 4, 5)}"
"(5, 10, 15, 1, 0)",1,"{(1, 10, 5, 15)}","{(5, '?', 4, 5)}"
"(5, 10, 6, 15, 0)",1,"{(10, 5, 6, 15)}","{(5, 4, 4, 5)}"
"(5, 11, 1, 15, 0)",7,"{(1, 11, 5, 15)}","{('?', '?', '?', '?')}"
"(5, 11, 1, 19, 0)",1,"{(19, 1, 11, 5)}","{('?', 6, 4, 2)}"
"(5, 11, 10, 15, 0)",1,"{(10, 11, 5, 15)}","{(7, 7, 4, 5)}"
"(5, 11, 10, 19, 0)",1,"{(19, 10, 11, 5)}","{('?', 7, 6, 5)}"
"(5, 11, 10, 5, 0)",1,"{(10, 11, 5)}","{(6, 7, 6, 5)}"
"(5, 11, 14, 14, 0)",3,"{(11, 5, 14)}","{(0, 6, '?', '?')}"
"(5, 11, 14, 22, 0)",1,"{(11, 5, 14, 22)}","{(0, 6, 4, 2)}"
"(5, 11, 14, 8, 0)",1,"{(8, 11, 5, 14)}","{(0, 7, 4, 5)}"
"(5, 11, 15, 10, 0)",2,"{(10, 11, 5, 15)}","{(7, 7, '?', 5)}"
"(5, 11, 15, 15, 0)",12,"{(11, 5, 15)}","{('?', '?', '?', '?')}"
"(5, 11, 15, 19, 0)",1,"{(19, 11, 5, 15)}","{(7, 6, 6, 6)}"
"(5, 11, 17, 14, 0)",3,"{(17, 11, 5, 14)}","{(0, '?', '?', '?')}"
"(5, 11, 17, 19, 0)",1,"{(19, 17, 11, 5)}","{(0, 7, 5, 6)}"
"(5, 11, 17, 22, 0)",1,"{(17, 11, 5, 22)}","{(0, 7, 5, 2)}"
"(5, 11, 17, 6, 0)",2,"{(17, 11, 5, 6)}","{(3, '?', '?', 2)}"
"(5, 11, 17, 8, 0)",1,"{(8, 17, 11, 5)}","{('?', 6, 4, 6)}"
"(5, 11, 19, 1, 0)",1,"{(19, 1, 11, 5)}","{('?', 7, 4, 2)}"
"(5, 11, 19, 14, 0)",7,"{(19, 11, 5, 14)}","{(0, '?', '?', '?')}"
"(5, 11, 19, 15, 0)",10,"{(19, 11, 5, 15)}","{('?', '?', '?', '?')}"
"(5, 11, 19, 19, 0)",28,"{(19, 11, 5)}","{('?', '?', '?', '?')}"
"(5, 11, 19, 22, 0)",2,"{(19, 11, 5, 22)}","{(0, '?', 5, '?')}"
"(5, 11, 19, 24, 0)",12,"{(19, 24, 11, 5)}","{('?', '?', '?', '?')}"
"(5, 11, 19, 25, 0)",1,"{(19, 25, 11, 5)}","{(0, 7, 5, 6)}"
"(5, 11, 19, 5, 0)",13,"{(19, 11, 5)}","{('?', '?', '?', '?')}"
"(5, 11, 19, 6, 0)",4,"{(19, 11, 5, 6)}","{(3, '?', '?', '?')}"
"(5, 11, 19, 8, 0)",2,"{(19, 8, 11, 5)}","{('?', '?', 4, '?')}"
"(5, 11, 23, 22, 0)",1,"{(11, 5, 22, 23)}","{(0, 7, 4, 1)}"
"(5, 11, 24, 19, 0)",14,"{(24, 19, 11, 5)}","{('?', '?', '?', '?')}"
"(5, 11, 24, 24, 0)",4,"{(24, 11, 5)}","{('?', '?', '?', '?')}"
"(5, 11, 24, 8, 0)",10,"{(24, 8, 11, 5)}","{('?', '?', '?', '?')}"
"(5, 11, 25, 22, 0)",1,"{(25, 11, 5, 22)}","{(0, 7, 5, 5)}"
"(5, 11, 4, 5, 0)",1,"{(11, 4, 5)}","{(4, 6, 3, 2)}"
"(5, 11, 5, 17, 0)",1,"{(17, 11, 5)}","{(0, 7, 5, 6)}"
"(5, 11, 5, 19, 0)",23,"{(19, 11, 5)}","{('?', '?', '?', '?')}"
"(5, 11, 5, 25, 0)",1,"{(25, 11, 5)}","{(6, 7, 4, 5)}"
"(5, 11, 5, 5, 0)",2,"{(11, 5)}","{(4, 6, '?', 6)}"
"(5, 11, 5, 8, 0)",7,"{(8, 11, 5)}","{('?', '?', '?', '?')}"
"(5, 11, 6, 6, 0)",7,"{(11, 5, 6)}","{(3, '?', '?', '?')}"
"(5, 11, 8, 14, 0)",1,"{(8, 11, 5, 14)}","{(0, 6, 6, 6)}"
"(5, 11, 8, 26, 0)",1,"{(8, 26, 11, 5)}","{(4, 6, 2, 6)}"
"(5, 11, 8, 5, 0)",1,"{(8, 11, 5)}","{(6, 7, 2, 6)}"
"(5, 11, 8, 8, 0)",1,"{(8, 11, 5)}","{(6, 7, 2, 6)}"
"(5, 13, 1, 15, 0)",4,"{(1, 13, 5, 15)}","{('?', '?', '?', '?')}"
"(5, 13, 10, 15, 0)",2,"{(13, 10, 5, 15)}","{('?', 5, '?', 5)}"
"(5, 13, 10, 5, 0)",1,"{(13, 10, 5)}","{(4, 2, 4, 5)}"
"(5, 13, 13, 1, 0)",1,"{(1, 13, 5)}","{(7, 5, 5, 2)}"
"(5, 13, 13, 15, 0)",7,"{(13, 5, 15)}","{('?', '?', '?', '?')}"
"(5, 13, 15, 15, 0)",18,"{(13, 5, 15)}","{('?', '?', '?', '?')}"
"(5, 13, 15, 19, 0)",3,"{(13, 19, 5, 15)}","{('?', 5, 6, '?')}"
"(5, 13, 17, 14, 0)",2,"{(17, 13, 5, 14)}","{(0, '?', '?', 2)}"
"(5, 13, 17, 24, 0)",4,"{(24, 17, 13, 5)}","{(2, '?', '?', '?')}"
"(5, 13, 17, 8, 0)",2,"{(8, 17, 13, 5)}","{(2, 2, '?', 6)}"
"(5, 13, 18, 14, 0)",1,"{(13, 18, 5, 14)}","{(0, 5, 5, 6)}"
"(5, 13, 19, 14, 0)",3,"{(13, 19, 5, 14)}","{(0, '?', '?', 2)}"
"(5, 13, 19, 15, 0)",17,"{(13, 19, 5, 15)}","{('?', '?', '?', '?')}"
"(5, 13, 19, 19, 0)",9,"{(13, 19, 5)}","{('?', '?', '?', '?')}"
"(5, 13, 19, 22, 0)",1,"{(13, 19, 5, 22)}","{(0, 2, 4, 6)}"
"(5, 13, 19, 24, 0)",3,"{(24, 13, 19, 5)}","{('?', '?', '?', 6)}"
"(5, 13, 23, 14, 0)",1,"{(13, 5, 14, 23)}","{(0, 5, 4, 1)}"
"(5, 13, 24, 10, 0)",1,"{(24, 13, 10, 5)}","{(1, 5, 4, 6)}"
"(5, 13, 24, 13, 0)",1,"{(24, 13, 5)}","{(1, 5, 4, 6)}"
"(5, 13, 24, 17, 0)",5,"{(24, 17, 13, 5)}","{('?', '?', '?', '?')}"
"(5, 13, 24, 19, 0)",14,"{(24, 13, 19, 5)}","{('?', '?', '?', '?')}"
"(5, 13, 24, 24, 0)",1,"{(24, 13, 5)}","{(1, 5, 4, 2)}"
"(5, 13, 24, 8, 0)",3,"{(24, 8, 13, 5)}","{(2, 2, '?', '?')}"
"(5, 13, 25, 5, 0)",1,"{(25, 13, 5)}","{('?', 5, 4, 5)}"
"(5, 13, 5, 13, 0)",2,"{(13, 5)}","{('?', 2, '?', '?')}"
"(5, 13, 6, 6, 0)",7,"{(13, 5, 6)}","{(3, '?', '?', '?')}"
"(5, 13, 8, 8, 0)",1,"{(8, 13, 5)}","{(2, 2, 6, 6)}"
"(5, 15, 15, 19, 0)",1,"{(19, 5, 15)}","{(7, '?', 6, 6)}"
"(5, 15, 19, 15, 0)",3,"{(19, 5, 15)}","{('?', '?', '?', '?')}"
"(5, 15, 21, 15, 0)",3,"{(21, 5, 15)}","{('?', 3, '?', '?')}"
"(5, 15, 6, 15, 0)",2,"{(5, 6, 15)}","{('?', 4, '?', '?')}"
"(5, 16, 5, 6, 0)",1,"{(16, 5, 6)}","{(4, 1, 0, 6)}"
"(5, 16, 6, 1, 0)",1,"{(16, 1, 5, 6)}","{(5, 4, 0, 6)}"
"(5, 18, 17, 19, 0)",1,"{(17, 18, 19, 5)}","{('?', 5, 4, 2)}"
"(5, 18, 18, 5, 0)",4,"{(18, 5)}","{('?', '?', '?', '?')}"
"(5, 18, 19, 14, 0)",1,"{(18, 19, 5, 14)}","{(0, 2, 6, 2)}"
"(5, 18, 19, 19, 0)",3,"{(18, 19, 5)}","{('?', '?', '?', '?')}"
"(5, 18, 19, 5, 0)",14,"{(18, 19, 5)}","{('?', '?', '?', '?')}"
"(5, 18, 25, 8, 0)",1,"{(8, 25, 18, 5)}","{(4, 2, 5, 5)}"
"(5, 18, 5, 10, 0)",2,"{(18, 10, 5)}","{('?', '?', 4, 5)}"
"(5, 18, 5, 13, 0)",9,"{(18, 13, 5)}","{('?', '?', '?', '?')}"
"(5, 18, 5, 17, 0)",1,"{(17, 18, 5)}","{(0, 5, 6, 6)}"
"(5, 18, 5, 18, 0)",16,"{(18, 5)}","{('?', '?', '?', '?')}"
"(5, 18, 5, 19, 0)",12,"{(18, 19, 5)}","{('?', '?', '?', '?')}"
"(5, 18, 5, 25, 0)",8,"{(25, 18, 5)}","{('?', '?', '?', 5)}"
"(5, 18, 5, 26, 0)",1,"{(18, 26, 5)}","{(6, 2, 6, '?')}"
"(5, 18, 5, 5, 0)",4,"{(18, 5)}","{(6, '?', '?', '?')}"
"(5, 18, 5, 8, 0)",1,"{(8, 18, 5)}","{(0, 5, 5, 6)}"
"(5, 19, 1, 13, 0)",1,"{(1, 13, 19, 5)}","{(7, 5, 5, 6)}"
"(5, 19, 1, 15, 0)",9,"{(1, 19, 5, 15)}","{('?', '?', '?', '?')}"
"(5, 19, 1, 19, 0)",2,"{(1, 19, 5)}","{(5, '?', '?', 6)}"
"(5, 19, 1, 21, 0)",2,"{(1, 21, 19, 5)}","{('?', 3, '?', 6)}"
"(5, 19, 1, 6, 0)",1,"{(1, 19, 5, 6)}","{(5, 4, 4, 6)}"
"(5, 19, 1, 9, 0)",1,"{(1, 19, 5, 9)}","{(5, 0, 5, 6)}"
"(5, 19, 11, 19, 0)",5,"{(11, 19, 5)}","{('?', '?', '?', '?')}"
"(5, 19, 11, 5, 0)",2,"{(11, 19, 5)}","{('?', '?', '?', '?')}"
"(5, 19, 13, 15, 0)",2,"{(13, 19, 5, 15)}","{('?', '?', '?', 2)}"
"(5, 19, 13, 19, 0)",13,"{(13, 19, 5)}","{('?', '?', '?', '?')}"
"(5, 19, 13, 24, 0)",1,"{(24, 13, 19, 5)}","{(1, 5, 5, 2)}"
"(5, 19, 14, 14, 0)",1,"{(19, 5, 14)}","{(0, '?', 5, 6)}"
"(5, 19, 14, 19, 0)",1,"{(19, 5, 14)}","{(0, '?', 5, 2)}"
"(5, 19, 14, 21, 0)",1,"{(21, 19, 5, 14)}","{(0, 3, 4, 2)}"
"(5, 19, 14, 22, 0)",2,"{(19, 5, 14, 22)}","{(0, '?', '?', '?')}"
"(5, 19, 14, 8, 0)",1,"{(8, 19, 5, 14)}","{(0, '?', 5, 6)}"
"(5, 19, 15, 15, 0)",11,"{(19, 5, 15)}","{('?', '?', '?', '?')}"
"(5, 19, 15, 21, 0)",2,"{(21, 19, 5, 15)}","{(7, 3, '?', 6)}"
"(5, 19, 15, 9, 0)",1,"{(9, 19, 5, 15)}","{(7, 0, 5, 6)}"
"(5, 19, 17, 14, 0)",1,"{(17, 19, 5, 14)}","{(0, 2, 5, 2)}"
"(5, 19, 18, 19, 0)",1,"{(18, 19, 5)}","{('?', 2, 5, 6)}"
"(5, 19, 18, 5, 0)",1,"{(18, 19, 5)}","{(4, 2, 5, 6)}"
"(5, 19, 19, 1, 0)",1,"{(1, 19, 5)}","{(5, '?', 6, 2)}"
"(5, 19, 19, 13, 0)",8,"{(13, 19, 5)}","{('?', '?', '?', '?')}"
"(5, 19, 19, 14, 0)",2,"{(19, 5, 14)}","{(0, '?', 6, '?')}"
"(5, 19, 19, 15, 0)",6,"{(19, 5, 15)}","{('?', '?', '?', '?')}"
"(5, 19, 19, 19, 0)",14,"{(19, 5)}","{('?', '?', '?', '?')}"
"(5, 19, 19, 22, 0)",3,"{(19, 5, 22)}","{(0, '?', '?', '?')}"
"(5, 19, 19, 24, 0)",5,"{(24, 19, 5)}","{('?', '?', '?', '?')}"
"(5, 19, 19, 5, 0)",2,"{(19, 5)}","{('?', '?', '?', 6)}"
"(5, 19, 19, 6, 0)",3,"{(19, 5, 6)}","{(3, '?', '?', '?')}"
"(5, 19, 19, 9, 0)",2,"{(9, 19, 5)}","{(4, 0, '?', 6)}"
"(5, 19, 21, 1, 0)",1,"{(1, 21, 19, 5)}","{(5, 3, 6, 6)}"
"(5, 19, 21, 14, 0)",1,"{(21, 19, 5, 14)}","{(0, 3, 5, 2)}"
"(5, 19, 21, 15, 0)",11,"{(21, 19, 5, 15)}","{('?', 3, '?', '?')}"
"(5, 19, 21, 19, 0)",13,"{(21, 19, 5)}","{('?', 3, '?', '?')}"
"(5, 19, 21, 22, 0)",2,"{(21, 19, 5, 22)}","{(0, 3, '?', 6)}"
"(5, 19, 21, 24, 0)",8,"{(24, 21, 19, 5)}","{('?', 3, '?', '?')}"
"(5, 19, 21, 5, 0)",11,"{(21, 19, 5)}","{('?', 3, '?', '?')}"
"(5, 19, 21, 6, 0)",3,"{(21, 19, 5, 6)}","{(3, 3, '?', '?')}"
"(5, 19, 21, 8, 0)",1,"{(8, 21, 19, 5)}","{('?', 3, 4, 6)}"
"(5, 19, 22, 14, 0)",3,"{(19, 5, 22, 14)}","{(0, '?', '?', 2)}"
"(5, 19, 22, 22, 0)",6,"{(19, 5, 22)}","{(0, '?', '?', '?')}"
"(5, 19, 24, 13, 0)",9,"{(24, 13, 19, 5)}","{('?', '?', '?', '?')}"
"(5, 19, 24, 19, 0)",21,"{(24, 19, 5)}","{('?', '?', '?', '?')}"
"(5, 19, 24, 21, 0)",4,"{(24, 21, 19, 5)}","{('?', 3, '?', '?')}"
"(5, 19, 24, 6, 0)",1,"{(24, 19, 5, 6)}","{(2, 4, 6, 2)}"
"(5, 19, 24, 8, 0)",3,"{(24, 8, 19, 5)}","{('?', '?', '?', '?')}"
"(5, 19, 27, 14, 0)",1,"{(27, 19, 5, 14)}","{(0, 0, 5, 2)}"
"(5, 19, 27, 15, 0)",1,"{(27, 19, 5, 15)}","{(7, 0, 5, 2)}"
"(5, 19, 27, 19, 0)",4,"{(27, 19, 5)}","{('?', 0, '?', 2)}"
"(5, 19, 27, 24, 0)",4,"{(27, 24, 19, 5)}","{('?', 0, '?', '?')}"
"(5, 19, 27, 5, 0)",1,"{(27, 19, 5)}","{(6, 0, 5, 2)}"
"(5, 19, 3, 15, 0)",1,"{(3, 19, 5, 15)}","{(7, 3, 5, 6)}"
"(5, 19, 5, 11, 0)",2,"{(11, 19, 5)}","{('?', '?', '?', '?')}"
"(5, 19, 5, 19, 0)",16,"{(19, 5)}","{('?', '?', '?', '?')}"
"(5, 19, 5, 21, 0)",2,"{(21, 19, 5)}","{('?', 3, '?', '?')}"
"(5, 19, 5, 27, 0)",4,"{(27, 19, 5)}","{('?', 0, '?', '?')}"
"(5, 19, 5, 6, 0)",2,"{(19, 5, 6)}","{(6, '?', '?', 6)}"
"(5, 19, 5, 9, 0)",6,"{(9, 19, 5)}","{('?', 0, '?', '?')}"
"(5, 19, 6, 1, 0)",1,"{(1, 19, 5, 6)}","{(7, 4, 4, 2)}"
"(5, 19, 6, 14, 0)",1,"{(19, 5, 6, 14)}","{(0, 4, 6, 2)}"
"(5, 19, 6, 15, 0)",2,"{(19, 5, 6, 15)}","{('?', 4, 6, 2)}"
"(5, 19, 6, 19, 0)",4,"{(19, 5, 6)}","{('?', '?', '?', '?')}"
"(5, 19, 6, 5, 0)",2,"{(19, 5, 6)}","{('?', 1, 6, '?')}"
"(5, 19, 6, 6, 0)",3,"{(19, 5, 6)}","{(3, '?', '?', 6)}"
"(5, 19, 8, 5, 0)",2,"{(8, 19, 5)}","{(4, '?', 2, 2)}"
"(5, 19, 9, 1, 0)",2,"{(9, 19, 5, 1)}","{(5, 0, '?', '?')}"
"(5, 19, 9, 14, 0)",2,"{(9, 19, 5, 14)}","{(0, 0, '?', 2)}"
"(5, 19, 9, 15, 0)",8,"{(9, 19, 5, 15)}","{('?', 0, '?', '?')}"
"(5, 19, 9, 19, 0)",11,"{(9, 19, 5)}","{('?', 0, '?', '?')}"
"(5, 19, 9, 24, 0)",7,"{(24, 9, 19, 5)}","{('?', 0, '?', '?')}"
"(5, 19, 9, 5, 0)",7,"{(9, 19, 5)}","{('?', 0, '?', '?')}"
"(5, 19, 9, 6, 0)",1,"{(9, 19, 5, 6)}","{(3, 0, 6, 6)}"
"(5, 21, 1, 15, 0)",1,"{(1, 21, 5, 15)}","{(5, 3, 4, 2)}"
"(5, 21, 15, 15, 0)",2,"{(21, 5, 15)}","{(7, 3, '?', '?')}"
"(5, 21, 15, 19, 0)",4,"{(21, 19, 5, 15)}","{('?', 3, '?', '?')}"
"(5, 21, 19, 14, 0)",2,"{(21, 19, 5, 14)}","{(0, 3, 6, '?')}"
"(5, 21, 19, 15, 0)",4,"{(21, 19, 5, 15)}","{('?', 3, '?', '?')}"
"(5, 21, 19, 19, 0)",4,"{(21, 19, 5)}","{('?', 3, '?', '?')}"
"(5, 21, 19, 5, 0)",11,"{(21, 19, 5)}","{('?', 3, '?', '?')}"
"(5, 21, 19, 6, 0)",1,"{(21, 19, 5, 6)}","{(3, 3, 4, 2)}"
"(5, 21, 19, 8, 0)",1,"{(8, 21, 19, 5)}","{('?', 3, 4, 6)}"
"(5, 21, 21, 5, 0)",3,"{(21, 5)}","{('?', 3, '?', '?')}"
"(5, 21, 24, 19, 0)",6,"{(24, 21, 19, 5)}","{('?', 3, '?', '?')}"
"(5, 21, 24, 24, 0)",2,"{(24, 21, 5)}","{('?', 3, '?', 6)}"
"(5, 21, 24, 25, 0)",1,"{(24, 25, 21, 5)}","{(2, 3, 5, 5)}"
"(5, 21, 24, 8, 0)",8,"{(24, 8, 21, 5)}","{('?', 3, '?', '?')}"
"(5, 21, 5, 19, 0)",5,"{(21, 19, 5)}","{('?', 3, '?', '?')}"
"(5, 21, 5, 21, 0)",1,"{(21, 5)}","{(0, 3, 4, 6)}"
"(5, 21, 5, 25, 0)",1,"{(25, 21, 5)}","{(4, 3, 5, 5)}"
"(5, 21, 5, 5, 0)",3,"{(21, 5)}","{('?', 3, 4, '?')}"
"(5, 21, 5, 8, 0)",1,"{(8, 21, 5)}","{(6, 3, 4, 5)}"
"(5, 21, 6, 6, 0)",5,"{(21, 5, 6)}","{(3, 3, '?', '?')}"
"(5, 21, 8, 24, 0)",1,"{(8, 24, 21, 5)}","{(2, 3, 4, 6)}"
"(5, 23, 14, 11, 0)",1,"{(11, 5, 14, 23)}","{(0, 6, 4, 1)}"
"(5, 23, 14, 22, 0)",1,"{(22, 5, 14, 23)}","{(0, '?', 5, 1)}"
"(5, 23, 19, 24, 0)",1,"{(24, 19, 5, 23)}","{(2, 4, 4, 1)}"
"(5, 23, 22, 11, 0)",2,"{(11, 5, 22, 23)}","{(0, 6, '?', 1)}"
"(5, 23, 5, 11, 0)",2,"{(11, 5, 23)}","{(6, 7, '?', 1)}"
"(5, 23, 6, 14, 0)",1,"{(14, 5, 6, 23)}","{(0, 1, 6, 1)}"
"(5, 24, 24, 23, 0)",1,"{(24, 5, 23)}","{(2, '?', 4, 6)}"
"(5, 24, 24, 8, 0)",1,"{(24, 8, 5)}","{(2, 3, 4, 5)}"
"(5, 24, 6, 24, 0)",2,"{(24, 5, 6)}","{(2, '?', '?', 2)}"
"(5, 25, 1, 11, 0)",2,"{(25, 11, 5, 1)}","{(5, '?', 6, 5)}"
"(5, 25, 1, 15, 0)",19,"{(25, 5, 1, 15)}","{('?', '?', '?', 5)}"
"(5, 25, 1, 19, 0)",2,"{(25, 19, 5, 1)}","{('?', '?', '?', 5)}"
"(5, 25, 1, 5, 0)",1,"{(25, 5, 1)}","{(6, 6, 4, 5)}"
"(5, 25, 1, 6, 0)",8,"{(25, 5, 1, 6)}","{('?', '?', '?', 5)}"
"(5, 25, 1, 9, 0)",1,"{(25, 5, 1, 9)}","{(7, 0, 6, 5)}"
"(5, 25, 11, 14, 0)",4,"{(25, 11, 5, 14)}","{(0, '?', '?', 5)}"
"(5, 25, 11, 15, 0)",10,"{(25, 11, 5, 15)}","{('?', '?', '?', 5)}"
"(5, 25, 11, 19, 0)",7,"{(19, 25, 11, 5)}","{('?', '?', '?', 5)}"
"(5, 25, 11, 22, 0)",5,"{(25, 11, 5, 22)}","{('?', '?', '?', 5)}"
"(5, 25, 11, 24, 0)",3,"{(24, 25, 11, 5)}","{('?', '?', 6, 5)}"
"(5, 25, 11, 25, 0)",1,"{(25, 11, 5)}","{(6, 6, 6, 5)}"
"(5, 25, 11, 5, 0)",6,"{(25, 11, 5)}","{('?', '?', '?', 5)}"
"(5, 25, 11, 6, 0)",5,"{(25, 11, 5, 6)}","{(3, '?', '?', 5)}"
"(5, 25, 13, 13, 0)",1,"{(25, 13, 5)}","{('?', 5, 4, 5)}"
"(5, 25, 14, 11, 0)",2,"{(25, 11, 5, 14)}","{(0, '?', 6, 5)}"
"(5, 25, 14, 22, 0)",1,"{(25, 5, 14, 22)}","{(0, '?', 4, 5)}"
"(5, 25, 14, 27, 0)",1,"{(25, 27, 5, 14)}","{(0, 0, 4, 5)}"
"(5, 25, 14, 6, 0)",6,"{(25, 5, 14, 6)}","{(0, '?', '?', 5)}"
"(5, 25, 15, 11, 0)",4,"{(25, 11, 5, 15)}","{('?', '?', '?', 5)}"
"(5, 25, 15, 15, 0)",4,"{(25, 5, 15)}","{(7, '?', '?', 5)}"
"(5, 25, 15, 19, 0)",1,"{(25, 19, 5, 15)}","{(5, '?', 4, 5)}"
"(5, 25, 15, 27, 0)",1,"{(25, 27, 5, 15)}","{(7, 0, 6, 5)}"
"(5, 25, 15, 4, 0)",1,"{(25, 4, 5, 15)}","{(7, '?', 5, 5)}"
"(5, 25, 15, 6, 0)",1,"{(25, 5, 6, 15)}","{(7, 4, 5, 5)}"
"(5, 25, 16, 5, 0)",1,"{(16, 25, 5)}","{(6, 1, 0, 5)}"
"(5, 25, 18, 5, 0)",1,"{(25, 18, 5)}","{(6, 5, 5, 5)}"
"(5, 25, 19, 19, 0)",3,"{(25, 19, 5)}","{('?', '?', '?', 5)}"
"(5, 25, 19, 25, 0)",3,"{(25, 19, 5)}","{('?', '?', '?', 5)}"
"(5, 25, 19, 5, 0)",3,"{(25, 19, 5)}","{(4, '?', 5, 5)}"
"(5, 25, 19, 6, 0)",2,"{(25, 19, 5, 6)}","{(3, '?', '?', 5)}"
"(5, 25, 20, 6, 0)",3,"{(25, 20, 5, 6)}","{(2, '?', '?', 5)}"
"(5, 25, 21, 10, 0)",1,"{(25, 21, 10, 5)}","{('?', 3, 4, 5)}"
"(5, 25, 21, 19, 0)",1,"{(25, 21, 19, 5)}","{('?', 3, 5, 5)}"
"(5, 25, 21, 22, 0)",1,"{(25, 21, 5, 22)}","{(0, 3, 4, 5)}"
"(5, 25, 21, 24, 0)",1,"{(24, 25, 21, 5)}","{(2, 3, 6, 5)}"
"(5, 25, 21, 5, 0)",3,"{(25, 21, 5)}","{(4, 3, '?', 5)}"
"(5, 25, 21, 8, 0)",1,"{(8, 25, 21, 5)}","{('?', 3, 4, 5)}"
"(5, 25, 22, 11, 0)",1,"{(25, 11, 5, 22)}","{(0, 6, 5, 5)}"
"(5, 25, 22, 22, 0)",2,"{(25, 5, 22)}","{(0, '?', '?', 5)}"
"(5, 25, 22, 6, 0)",1,"{(25, 5, 22, 6)}","{(0, 1, 5, 5)}"
"(5, 25, 22, 8, 0)",1,"{(8, 25, 5, 22)}","{(0, '?', 5, 5)}"
"(5, 25, 24, 11, 0)",9,"{(24, 25, 11, 5)}","{('?', '?', '?', 5)}"
"(5, 25, 24, 19, 0)",3,"{(24, 25, 19, 5)}","{('?', '?', '?', 5)}"
"(5, 25, 24, 24, 0)",3,"{(24, 25, 5)}","{('?', '?', '?', 5)}"
"(5, 25, 24, 25, 0)",5,"{(24, 25, 5)}","{('?', '?', '?', 5)}"
"(5, 25, 24, 27, 0)",2,"{(24, 25, 27, 5)}","{('?', 0, 5, 5)}"
"(5, 25, 24, 6, 0)",10,"{(24, 25, 5, 6)}","{('?', '?', '?', 5)}"
"(5, 25, 25, 1, 0)",1,"{(25, 5, 1)}","{(4, 1, 6, 5)}"
"(5, 25, 25, 11, 0)",1,"{(25, 11, 5)}","{(6, 6, 6, 5)}"
"(5, 25, 25, 19, 0)",3,"{(25, 19, 5)}","{('?', '?', '?', 5)}"
"(5, 25, 25, 5, 0)",2,"{(25, 5)}","{(4, '?', 5, 5)}"
"(5, 25, 25, 6, 0)",1,"{(25, 5, 6)}","{(3, '?', 5, 5)}"
"(5, 25, 27, 10, 0)",2,"{(25, 10, 27, 5)}","{('?', 0, '?', 5)}"
"(5, 25, 27, 14, 0)",1,"{(25, 27, 5, 14)}","{(0, 0, 6, 5)}"
"(5, 25, 27, 15, 0)",1,"{(25, 27, 5, 15)}","{(7, 0, 5, 5)}"
"(5, 25, 27, 24, 0)",3,"{(24, 25, 27, 5)}","{('?', 0, '?', 5)}"
"(5, 25, 27, 5, 0)",2,"{(25, 27, 5)}","{('?', 0, 6, 5)}"
"(5, 25, 5, 11, 0)",11,"{(25, 11, 5)}","{('?', '?', '?', 5)}"
"(5, 25, 5, 19, 0)",9,"{(25, 19, 5)}","{('?', '?', '?', 5)}"
"(5, 25, 5, 21, 0)",2,"{(25, 21, 5)}","{(4, 3, '?', 5)}"
"(5, 25, 5, 25, 0)",5,"{(25, 5)}","{('?', '?', '?', 5)}"
"(5, 25, 5, 27, 0)",4,"{(25, 27, 5)}","{('?', 0, '?', 5)}"
"(5, 25, 5, 4, 0)",1,"{(25, 4, 5)}","{(4, '?', 3, 5)}"
"(5, 25, 5, 5, 0)",1,"{(25, 5)}","{(4, 2, 5, 5)}"
"(5, 25, 5, 6, 0)",7,"{(25, 5, 6)}","{('?', '?', '?', 5)}"
"(5, 25, 5, 8, 0)",1,"{(8, 25, 5)}","{(4, 6, 6, 5)}"
"(5, 25, 5, 9, 0)",2,"{(25, 5, 9)}","{('?', 0, '?', 5)}"
"(5, 25, 6, 1, 0)",1,"{(25, 5, 6, 1)}","{(7, 1, 6, 5)}"
"(5, 25, 6, 14, 0)",2,"{(25, 5, 6, 14)}","{(0, 4, '?', 5)}"
"(5, 25, 6, 15, 0)",2,"{(25, 5, 6, 15)}","{(5, '?', '?', 5)}"
"(5, 25, 6, 19, 0)",8,"{(25, 19, 5, 6)}","{('?', '?', '?', 5)}"
"(5, 25, 6, 25, 0)",2,"{(25, 5, 6)}","{('?', '?', 6, 5)}"
"(5, 25, 6, 5, 0)",5,"{(25, 5, 6)}","{('?', '?', '?', 5)}"
"(5, 25, 6, 6, 0)",5,"{(25, 5, 6)}","{(3, '?', '?', 5)}"
"(5, 25, 6, 8, 0)",1,"{(8, 25, 5, 6)}","{('?', 1, 4, 5)}"
"(5, 25, 9, 10, 0)",1,"{(25, 10, 5, 9)}","{('?', 0, 5, 5)}"
"(5, 25, 9, 24, 0)",2,"{(24, 25, 5, 9)}","{(2, 0, '?', 5)}"
"(5, 25, 9, 25, 0)",1,"{(25, 5, 9)}","{('?', 0, 5, 5)}"
"(5, 25, 9, 5, 0)",2,"{(25, 5, 9)}","{('?', 0, '?', 5)}"
"(5, 27, 1, 15, 0)",4,"{(1, 27, 5, 15)}","{('?', '?', '?', '?')}"
"(5, 27, 15, 15, 0)",13,"{(27, 5, 15)}","{('?', 0, '?', '?')}"
"(5, 27, 15, 19, 0)",3,"{(19, 27, 5, 15)}","{('?', 0, '?', '?')}"
"(5, 27, 19, 14, 0)",6,"{(19, 27, 5, 14)}","{(0, 0, '?', '?')}"
"(5, 27, 19, 15, 0)",8,"{(19, 27, 5, 15)}","{('?', 0, '?', '?')}"
"(5, 27, 19, 19, 0)",5,"{(19, 27, 5)}","{('?', 0, '?', '?')}"
"(5, 27, 19, 22, 0)",1,"{(19, 27, 5, 22)}","{(0, 0, 6, 6)}"
"(5, 27, 19, 24, 0)",2,"{(19, 24, 27, 5)}","{('?', 0, '?', 2)}"
"(5, 27, 19, 5, 0)",2,"{(19, 27, 5)}","{(0, 0, '?', 6)}"
"(5, 27, 23, 14, 0)",1,"{(27, 5, 14, 23)}","{(0, 0, 5, 1)}"
"(5, 27, 23, 22, 0)",1,"{(27, 5, 22, 23)}","{(0, 0, 4, 1)}"
"(5, 27, 24, 19, 0)",7,"{(24, 19, 27, 5)}","{('?', 0, '?', '?')}"
"(5, 27, 24, 24, 0)",3,"{(24, 27, 5)}","{(2, 0, '?', '?')}"
"(5, 27, 25, 5, 0)",1,"{(25, 27, 5)}","{(6, 0, 6, 5)}"
"(5, 27, 5, 14, 0)",2,"{(27, 5, 14)}","{(0, 0, '?', 6)}"
"(5, 27, 5, 19, 0)",3,"{(19, 27, 5)}","{(6, 0, '?', '?')}"
"(5, 27, 5, 26, 0)",1,"{(26, 27, 5)}","{(0, 0, 6, 6)}"
"(5, 27, 5, 5, 0)",4,"{(27, 5)}","{('?', 0, '?', '?')}"
"(5, 27, 5, 8, 0)",4,"{(8, 27, 5)}","{('?', 0, '?', '?')}"
"(5, 27, 6, 6, 0)",3,"{(27, 5, 6)}","{(3, 0, '?', '?')}"
"(5, 27, 8, 14, 0)",1,"{(8, 27, 5, 14)}","{(0, 0, 4, 6)}"
"(5, 3, 15, 15, 0)",4,"{(3, 5, 15)}","{(7, 3, '?', '?')}"
"(5, 3, 15, 19, 0)",1,"{(19, 3, 5, 15)}","{(5, 3, 6, 6)}"
"(5, 3, 5, 8, 0)",1,"{(8, 3, 5)}","{(6, 3, 4, 5)}"
"(5, 4, 27, 5, 0)",1,"{(27, 4, 5)}","{(6, 0, 7, 6)}"
"(5, 4, 5, 11, 0)",1,"{(11, 4, 5)}","{(4, 6, 3, 6)}"
"(5, 4, 5, 19, 0)",2,"{(19, 4, 5)}","{(4, '?', '?', 6)}"
"(5, 4, 5, 27, 0)",3,"{(27, 4, 5)}","{(4, 0, '?', '?')}"
"(5, 4, 5, 4, 0)",2,"{(4, 5)}","{('?', '?', '?', '?')}"
"(5, 4, 5, 5, 0)",1,"{(4, 5)}","{(4, 7, 7, 6)}"
"(5, 4, 5, 6, 0)",3,"{(4, 5, 6)}","{(4, '?', '?', '?')}"
"(5, 4, 5, 9, 0)",1,"{(9, 4, 5)}","{(4, 0, 7, 2)}"
"(5, 4, 6, 5, 0)",1,"{(4, 5, 6)}","{(4, 4, 3, 6)}"
"(5, 5, 11, 19, 0)",3,"{(19, 11, 5)}","{(4, '?', '?', 2)}"
"(5, 5, 11, 5, 0)",1,"{(11, 5)}","{(6, 6, 4, 2)}"
"(5, 5, 11, 8, 0)",1,"{(8, 11, 5)}","{(4, 7, 6, 6)}"
"(5, 5, 14, 6, 0)",1,"{(5, 14, 6)}","{(6, 1, 4, 4)}"
"(5, 5, 18, 5, 0)",1,"{(18, 5)}","{(6, 5, 4, '?')}"
"(5, 5, 19, 10, 0)",1,"{(10, 19, 5)}","{(4, '?', 6, 6)}"
"(5, 5, 19, 19, 0)",14,"{(19, 5)}","{('?', '?', '?', '?')}"
"(5, 5, 19, 5, 0)",3,"{(19, 5)}","{('?', '?', '?', '?')}"
"(5, 5, 19, 6, 0)",1,"{(19, 5, 6)}","{(6, 4, 5, 2)}"
"(5, 5, 19, 8, 0)",1,"{(8, 19, 5)}","{(4, '?', 6, 6)}"
"(5, 5, 19, 9, 0)",6,"{(9, 19, 5)}","{('?', 0, '?', '?')}"
"(5, 5, 21, 19, 0)",7,"{(21, 19, 5)}","{('?', 3, '?', '?')}"
"(5, 5, 21, 5, 0)",2,"{(21, 5)}","{(6, 3, 6, '?')}"
"(5, 5, 23, 6, 0)",1,"{(5, 6, 23)}","{(6, 4, 4, 1)}"
"(5, 5, 25, 11, 0)",1,"{(25, 11, 5)}","{(4, 6, 4, 5)}"
"(5, 5, 25, 16, 0)",1,"{(16, 25, 5)}","{(4, '?', 0, 5)}"
"(5, 5, 27, 19, 0)",12,"{(19, 27, 5)}","{('?', 0, '?', '?')}"
"(5, 5, 27, 23, 0)",2,"{(27, 5, 23)}","{('?', 0, '?', 1)}"
"(5, 5, 27, 5, 0)",4,"{(27, 5)}","{('?', 0, '?', '?')}"
"(5, 5, 27, 8, 0)",1,"{(8, 27, 5)}","{(4, 0, 4, 6)}"
"(5, 5, 5, 19, 0)",1,"{(19, 5)}","{(4, '?', 4, 2)}"
"(5, 5, 6, 19, 0)",13,"{(19, 5, 6)}","{('?', '?', '?', '?')}"
"(5, 5, 6, 22, 0)",1,"{(5, 6, 22)}","{(6, 1, 4, 4)}"
"(5, 5, 6, 5, 0)",16,"{(5, 6)}","{('?', '?', '?', '?')}"
"(5, 5, 8, 8, 0)",1,"{(8, 5)}","{(4, '?', 2, 6)}"
"(5, 5, 9, 19, 0)",1,"{(9, 19, 5)}","{(6, 0, 6, 6)}"
"(5, 6, 1, 15, 0)",12,"{(1, 5, 6, 15)}","{('?', '?', '?', '?')}"
"(5, 6, 10, 15, 0)",5,"{(10, 5, 6, 15)}","{('?', '?', '?', 5)}"
"(5, 6, 10, 19, 0)",1,"{(10, 19, 5, 6)}","{('?', 1, 5, 5)}"
"(5, 6, 10, 5, 0)",2,"{(10, 5, 6)}","{('?', '?', '?', 5)}"
"(5, 6, 10, 6, 0)",4,"{(10, 5, 6)}","{(3, '?', '?', 5)}"
"(5, 6, 14, 14, 0)",3,"{(5, 6, 14)}","{(0, '?', '?', '?')}"
"(5, 6, 14, 22, 0)",2,"{(22, 5, 6, 14)}","{(0, 4, '?', '?')}"
"(5, 6, 14, 6, 0)",1,"{(5, 6, 14)}","{(0, 1, 4, 1)}"
"(5, 6, 14, 8, 0)",2,"{(8, 5, 6, 14)}","{(0, '?', 4, '?')}"
"(5, 6, 15, 10, 0)",3,"{(10, 5, 6, 15)}","{('?', '?', '?', 5)}"
"(5, 6, 15, 15, 0)",16,"{(5, 6, 15)}","{('?', '?', '?', '?')}"
"(5, 6, 15, 19, 0)",1,"{(19, 5, 6, 15)}","{(5, 4, 6, 2)}"
"(5, 6, 15, 6, 0)",3,"{(5, 6, 15)}","{('?', '?', '?', '?')}"
"(5, 6, 17, 14, 0)",8,"{(17, 5, 6, 14)}","{(0, '?', '?', '?')}"
"(5, 6, 17, 22, 0)",2,"{(17, 5, 6, 22)}","{(0, 1, 5, '?')}"
"(5, 6, 17, 24, 0)",1,"{(24, 17, 5, 6)}","{(1, 1, 6, 2)}"
"(5, 6, 19, 14, 0)",11,"{(19, 5, 6, 14)}","{(0, '?', '?', '?')}"
"(5, 6, 19, 15, 0)",8,"{(19, 5, 6, 15)}","{('?', '?', '?', '?')}"
"(5, 6, 19, 19, 0)",16,"{(19, 5, 6)}","{('?', '?', '?', '?')}"
"(5, 6, 19, 22, 0)",7,"{(19, 5, 6, 22)}","{(0, '?', '?', '?')}"
"(5, 6, 19, 24, 0)",19,"{(24, 19, 5, 6)}","{('?', '?', '?', '?')}"
"(5, 6, 19, 5, 0)",1,"{(19, 5, 6)}","{(6, 1, 6, 6)}"
"(5, 6, 19, 6, 0)",5,"{(19, 5, 6)}","{(3, '?', '?', '?')}"
"(5, 6, 19, 8, 0)",4,"{(8, 19, 5, 6)}","{('?', '?', '?', '?')}"
"(5, 6, 22, 14, 0)",3,"{(14, 5, 6, 22)}","{(0, '?', '?', 5)}"
"(5, 6, 22, 22, 0)",1,"{(5, 6, 22)}","{(0, 1, 5, 5)}"
"(5, 6, 23, 14, 0)",1,"{(14, 5, 6, 23)}","{(0, 1, 4, 1)}"
"(5, 6, 23, 19, 0)",1,"{(19, 5, 6, 23)}","{('?', 4, 4, 1)}"
"(5, 6, 23, 22, 0)",1,"{(22, 5, 6, 23)}","{(0, 1, 5, 1)}"
"(5, 6, 24, 10, 0)",1,"{(24, 10, 5, 6)}","{(2, 4, 6, 5)}"
"(5, 6, 24, 19, 0)",12,"{(24, 19, 5, 6)}","{('?', '?', '?', '?')}"
"(5, 6, 24, 23, 0)",2,"{(24, 5, 6, 23)}","{('?', 4, 6, 6)}"
"(5, 6, 24, 24, 0)",4,"{(24, 5, 6)}","{('?', 4, '?', '?')}"
"(5, 6, 24, 6, 0)",1,"{(24, 5, 6)}","{(2, 4, 5, 6)}"
"(5, 6, 24, 8, 0)",17,"{(24, 8, 5, 6)}","{('?', '?', '?', '?')}"
"(5, 6, 25, 5, 0)",1,"{(25, 5, 6)}","{(4, 1, 5, 5)}"
"(5, 6, 25, 6, 0)",3,"{(25, 5, 6)}","{('?', '?', '?', 5)}"
"(5, 6, 5, 10, 0)",3,"{(10, 5, 6)}","{(6, '?', '?', 5)}"
"(5, 6, 5, 19, 0)",15,"{(19, 5, 6)}","{('?', '?', '?', '?')}"
"(5, 6, 5, 23, 0)",1,"{(5, 6, 23)}","{(6, 4, 4, 1)}"
"(5, 6, 5, 25, 0)",1,"{(25, 5, 6)}","{(4, 1, 4, 5)}"
"(5, 6, 5, 5, 0)",1,"{(5, 6)}","{(6, 1, 4, 6)}"
"(5, 6, 5, 6, 0)",3,"{(5, 6)}","{(4, 4, '?', '?')}"
"(5, 6, 6, 15, 0)",1,"{(5, 6, 15)}","{(7, 1, 6, 2)}"
"(5, 6, 6, 6, 0)",10,"{(5, 6)}","{(3, '?', '?', '?')}"
"(5, 6, 8, 24, 0)",2,"{(8, 24, 5, 6)}","{('?', 1, 4, '?')}"
"(5, 6, 8, 26, 0)",2,"{(8, 26, 5, 6)}","{(4, '?', 2, '?')}"
"(5, 6, 8, 5, 0)",1,"{(8, 5, 6)}","{(6, 4, 2, 6)}"
"(5, 8, 5, 8, 0)",1,"{(8, 5)}","{(4, '?', 2, 6)}"
"(5, 9, 19, 15, 0)",1,"{(9, 19, 5, 15)}","{(5, 0, 5, 6)}"
"(6, 1, 1, 1, 0)",5,"{(1, 6)}","{('?', '?', 2, '?')}"
"(6, 1, 1, 15, 0)",1,"{(1, 6, 15)}","{(7, 4, 2, '?')}"
"(6, 1, 19, 15, 0)",1,"{(1, 19, 6, 15)}","{(7, 4, '?', '?')}"
"(6, 1, 22, 15, 0)",1,"{(1, 15, 6, 22)}","{(7, 4, '?', 4)}"
"(6, 10, 24, 6, 0)",1,"{(24, 10, 6)}","{(1, 1, '?', 3)}"
"(6, 10, 6, 6, 0)",1,"{(10, 6)}","{(3, 4, '?', 3)}"
"(6, 10, 8, 24, 0)",1,"{(8, 24, 10, 6)}","{(2, 4, 2, 3)}"
"(6, 10, 8, 6, 0)",1,"{(8, 10, 6)}","{(3, 1, 2, 3)}"
"(6, 14, 5, 16, 0)",1,"{(16, 5, 6, 14)}","{(4, 4, 0, 4)}"
"(6, 14, 5, 4, 0)",1,"{(4, 5, 6, 14)}","{(6, 4, 3, 4)}"
"(6, 14, 5, 8, 0)",1,"{(8, 5, 6, 14)}","{(6, 1, 2, 4)}"
"(6, 14, 6, 6, 0)",1,"{(6, 14)}","{(3, 4, '?', 4)}"
"(6, 14, 8, 6, 0)",2,"{(8, 6, 14)}","{(3, '?', 2, 4)}"
"(6, 14, 8, 8, 0)",2,"{(8, 6, 14)}","{(0, '?', 2, 4)}"
"(6, 15, 14, 14, 0)",1,"{(14, 6, 15)}","{(0, 1, 1, '?')}"
"(6, 15, 14, 22, 0)",1,"{(14, 22, 6, 15)}","{(0, 4, 1, 2)}"
"(6, 15, 19, 14, 0)",2,"{(19, 14, 6, 15)}","{(0, 4, 1, '?')}"
"(6, 15, 19, 19, 0)",1,"{(19, 6, 15)}","{(2, 4, 7, '?')}"
"(6, 15, 19, 4, 0)",1,"{(19, 4, 6, 15)}","{(1, 4, 3, 6)}"
"(6, 15, 19, 6, 0)",1,"{(19, 6, 15)}","{(3, 4, 1, '?')}"
"(6, 15, 22, 22, 0)",1,"{(22, 6, 15)}","{(0, 4, 1, 6)}"
"(6, 15, 23, 4, 0)",2,"{(23, 4, 6, 15)}","{('?', '?', 7, 1)}"
"(6, 15, 4, 19, 0)",1,"{(19, 4, 6, 15)}","{(1, 4, 3, 2)}"
"(6, 15, 6, 6, 0)",3,"{(6, 15)}","{(3, '?', '?', '?')}"
"(6, 15, 7, 6, 0)",1,"{(7, 6, 15)}","{(3, 1, 1, 0)}"
"(6, 16, 14, 22, 0)",1,"{(16, 22, 6, 14)}","{(0, 4, 0, '?')}"
"(6, 16, 19, 14, 0)",1,"{(16, 19, 6, 14)}","{(0, 4, 0, '?')}"
"(6, 16, 22, 16, 0)",1,"{(16, 6, 22)}","{(0, 1, 0, '?')}"
"(6, 16, 22, 22, 0)",2,"{(16, 6, 22)}","{(0, '?', 0, '?')}"
"(6, 16, 6, 6, 0)",2,"{(16, 6)}","{(3, '?', 0, '?')}"
"(6, 17, 14, 14, 0)",1,"{(17, 6, 14)}","{(0, 4, '?', 7)}"
"(6, 17, 14, 16, 0)",1,"{(16, 17, 6, 14)}","{(0, 1, 0, 0)}"
"(6, 17, 14, 22, 0)",2,"{(17, 22, 6, 14)}","{(0, '?', '?', '?')}"
"(6, 17, 14, 8, 0)",3,"{(8, 17, 6, 14)}","{(0, '?', 2, '?')}"
"(6, 17, 16, 14, 0)",1,"{(16, 17, 6, 14)}","{(0, 1, 0, 0)}"
"(6, 17, 22, 22, 0)",1,"{(17, 6, 22)}","{(0, 1, '?', 0)}"
"(6, 17, 5, 8, 0)",1,"{(8, 17, 5, 6)}","{(6, 1, 2, 0)}"
"(6, 17, 8, 14, 0)",2,"{(8, 17, 6, 14)}","{(0, '?', 2, 7)}"
"(6, 17, 8, 22, 0)",3,"{(8, 17, 6, 22)}","{(0, '?', 2, '?')}"
"(6, 17, 8, 24, 0)",1,"{(8, 17, 6, 24)}","{(2, 1, 2, 0)}"
"(6, 17, 8, 5, 0)",1,"{(8, 17, 5, 6)}","{(6, 1, 2, 0)}"
"(6, 17, 8, 6, 0)",1,"{(8, 17, 6)}","{(3, 4, 2, 0)}"
"(6, 17, 8, 8, 0)",2,"{(8, 17, 6)}","{('?', '?', 2, '?')}"
"(6, 19, 14, 14, 0)",1,"{(19, 6, 14)}","{(0, 1, 1, '?')}"
"(6, 19, 14, 19, 0)",1,"{(19, 6, 14)}","{(0, 1, 4, '?')}"
"(6, 19, 14, 22, 0)",4,"{(19, 22, 6, 14)}","{(0, '?', '?', '?')}"
"(6, 19, 14, 4, 0)",1,"{(19, 4, 6, 14)}","{(0, 4, '?', '?')}"
"(6, 19, 14, 8, 0)",3,"{(8, 19, 6, 14)}","{(0, '?', 2, '?')}"
"(6, 19, 15, 14, 0)",1,"{(19, 14, 6, 15)}","{(0, 1, 1, '?')}"
"(6, 19, 15, 22, 0)",1,"{(19, 22, 6, 15)}","{(0, 1, 1, '?')}"
"(6, 19, 15, 23, 0)",1,"{(19, 23, 6, 15)}","{(0, 1, 1, 1)}"
"(6, 19, 15, 4, 0)",1,"{(19, 4, 6, 15)}","{(2, 1, 7, '?')}"
"(6, 19, 16, 14, 0)",1,"{(16, 19, 6, 14)}","{(0, 1, 0, '?')}"
"(6, 19, 16, 19, 0)",3,"{(16, 19, 6)}","{(3, '?', 0, '?')}"
"(6, 19, 16, 22, 0)",2,"{(16, 19, 6, 22)}","{(0, '?', 0, '?')}"
"(6, 19, 16, 6, 0)",1,"{(16, 19, 6)}","{(3, 1, 0, '?')}"
"(6, 19, 19, 14, 0)",2,"{(19, 6, 14)}","{(0, '?', '?', '?')}"
"(6, 19, 19, 19, 0)",1,"{(19, 6)}","{(3, 4, 4, '?')}"
"(6, 19, 22, 14, 0)",6,"{(19, 14, 6, 22)}","{(0, '?', '?', '?')}"
"(6, 19, 22, 15, 0)",1,"{(19, 15, 6, 22)}","{(0, 1, 1, 2)}"
"(6, 19, 22, 19, 0)",1,"{(19, 6, 22)}","{(0, 1, 5, 1)}"
"(6, 19, 22, 22, 0)",8,"{(19, 6, 22)}","{(0, '?', '?', '?')}"
"(6, 19, 22, 23, 0)",1,"{(19, 23, 6, 22)}","{(0, 1, 4, 1)}"
"(6, 19, 22, 8, 0)",1,"{(8, 19, 6, 22)}","{(0, 1, 2, 6)}"
"(6, 19, 24, 19, 0)",4,"{(24, 19, 6)}","{('?', '?', '?', '?')}"
"(6, 19, 24, 24, 0)",2,"{(24, 19, 6)}","{('?', '?', '?', '?')}"
"(6, 19, 24, 8, 0)",1,"{(24, 8, 19, 6)}","{(1, 4, 2, 5)}"
"(6, 19, 4, 19, 0)",1,"{(19, 4, 6)}","{(2, 4, 7, '?')}"
"(6, 19, 5, 8, 0)",1,"{(8, 19, 5, 6)}","{(6, 4, 2, 6)}"
"(6, 19, 6, 14, 0)",1,"{(19, 6, 14)}","{(0, 1, 6, 2)}"
"(6, 19, 6, 19, 0)",1,"{(19, 6)}","{(3, 1, 4, '?')}"
"(6, 19, 6, 6, 0)",4,"{(19, 6)}","{(3, '?', '?', '?')}"
"(6, 19, 6, 8, 0)",1,"{(8, 19, 6)}","{(3, 4, 2, 2)}"
"(6, 19, 8, 14, 0)",2,"{(8, 19, 6, 14)}","{(0, 1, 2, '?')}"
"(6, 19, 8, 19, 0)",1,"{(8, 19, 6)}","{('?', 1, 2, 6)}"
"(6, 19, 8, 22, 0)",1,"{(8, 19, 6, 22)}","{(0, 1, 2, 6)}"
"(6, 19, 8, 23, 0)",1,"{(8, 19, 6, 23)}","{('?', 1, 2, 6)}"
"(6, 19, 8, 24, 0)",5,"{(8, 24, 19, 6)}","{('?', '?', 2, '?')}"
"(6, 19, 8, 5, 0)",2,"{(8, 19, 5, 6)}","{(6, '?', 2, '?')}"
"(6, 19, 8, 6, 0)",5,"{(8, 19, 6)}","{(3, '?', 2, '?')}"
"(6, 19, 8, 8, 0)",16,"{(8, 19, 6)}","{('?', '?', 2, '?')}"
"(6, 22, 1, 15, 0)",2,"{(1, 15, 6, 22)}","{(7, '?', '?', 4)}"
"(6, 22, 14, 22, 0)",1,"{(14, 6, 22)}","{(0, 1, '?', 4)}"
"(6, 22, 14, 8, 0)",1,"{(8, 14, 6, 22)}","{(0, 1, 2, 4)}"
"(6, 22, 15, 19, 0)",1,"{(19, 15, 6, 22)}","{('?', 1, 1, 4)}"
"(6, 22, 15, 22, 0)",1,"{(15, 6, 22)}","{(0, 1, 1, 4)}"
"(6, 22, 15, 4, 0)",1,"{(15, 4, 6, 22)}","{(2, 1, 3, 4)}"
"(6, 22, 15, 6, 0)",1,"{(15, 6, 22)}","{(2, 4, 3, 4)}"
"(6, 22, 16, 14, 0)",1,"{(16, 14, 6, 22)}","{(0, 4, 0, 2)}"
"(6, 22, 16, 6, 0)",1,"{(16, 6, 22)}","{(3, 4, 0, 4)}"
"(6, 22, 19, 6, 0)",1,"{(19, 6, 22)}","{(3, 4, '?', 4)}"
"(6, 22, 22, 22, 0)",1,"{(6, 22)}","{(0, 1, '?', 4)}"
"(6, 22, 24, 1, 0)",1,"{(24, 1, 6, 22)}","{(2, 4, 2, 4)}"
"(6, 22, 24, 8, 0)",1,"{(24, 8, 6, 22)}","{(1, 4, 2, 4)}"
"(6, 22, 4, 22, 0)",1,"{(4, 6, 22)}","{(2, 4, 7, 4)}"
"(6, 22, 5, 15, 0)",1,"{(15, 5, 6, 22)}","{(4, 1, 1, 4)}"
"(6, 22, 5, 8, 0)",2,"{(8, 5, 6, 22)}","{(6, '?', 2, 4)}"
"(6, 22, 6, 6, 0)",1,"{(6, 22)}","{(3, 1, '?', 4)}"
"(6, 22, 8, 14, 0)",3,"{(8, 14, 6, 22)}","{(0, '?', 2, '?')}"
"(6, 22, 8, 24, 0)",1,"{(8, 24, 6, 22)}","{(2, 4, 2, 4)}"
"(6, 22, 8, 6, 0)",2,"{(8, 6, 22)}","{(3, '?', 2, 4)}"
"(6, 22, 8, 8, 0)",5,"{(8, 6, 22)}","{('?', '?', 2, 4)}"
"(6, 23, 1, 15, 0)",1,"{(1, 15, 6, 23)}","{(7, 1, '?', 1)}"
"(6, 23, 15, 19, 0)",1,"{(19, 15, 6, 23)}","{(1, 4, 3, 1)}"
"(6, 23, 15, 23, 0)",1,"{(15, 6, 23)}","{(1, 1, 3, 1)}"
"(6, 23, 19, 14, 0)",1,"{(19, 14, 6, 23)}","{(0, 1, 4, 1)}"
"(6, 23, 4, 14, 0)",1,"{(4, 14, 6, 23)}","{(0, 4, 7, 1)}"
"(6, 23, 4, 19, 0)",2,"{(19, 4, 6, 23)}","{('?', '?', 3, 1)}"
"(6, 23, 6, 15, 0)",1,"{(15, 6, 23)}","{(3, 4, 1, 1)}"
"(6, 23, 6, 6, 0)",1,"{(6, 23)}","{(3, 1, '?', 1)}"
"(6, 24, 19, 24, 0)",1,"{(24, 19, 6)}","{(2, 4, '?', '?')}"
"(6, 24, 8, 24, 0)",1,"{(24, 8, 6)}","{(1, 1, 2, 2)}"
"(6, 24, 8, 8, 0)",3,"{(24, 8, 6)}","{('?', '?', 2, '?')}"
"(6, 25, 14, 8, 0)",1,"{(8, 25, 6, 14)}","{(0, 1, 2, 3)}"
"(6, 25, 16, 19, 0)",1,"{(16, 25, 19, 6)}","{(3, 4, 0, 5)}"
"(6, 25, 22, 22, 0)",4,"{(25, 6, 22)}","{(0, '?', '?', '?')}"
"(6, 25, 22, 5, 0)",1,"{(25, 5, 6, 22)}","{(0, 4, 1, 5)}"
"(6, 25, 4, 14, 0)",1,"{(25, 4, 6, 14)}","{(0, 1, 7, 5)}"
"(6, 25, 6, 6, 0)",2,"{(25, 6)}","{(3, '?', '?', '?')}"
"(6, 25, 8, 1, 0)",1,"{(8, 25, 6, 1)}","{(5, 1, 2, 5)}"
"(6, 25, 8, 14, 0)",1,"{(8, 25, 6, 14)}","{(6, 1, 2, 5)}"
"(6, 25, 8, 6, 0)",1,"{(8, 25, 6)}","{(3, 1, 2, 5)}"
"(6, 25, 8, 8, 0)",2,"{(8, 25, 6)}","{('?', '?', 2, '?')}"
"(6, 4, 14, 14, 0)",2,"{(4, 6, 14)}","{(0, '?', '?', '?')}"
"(6, 4, 14, 22, 0)",5,"{(4, 22, 6, 14)}","{(0, '?', '?', '?')}"
"(6, 4, 14, 5, 0)",1,"{(4, 5, 6, 14)}","{(4, 1, 7, 4)}"
"(6, 4, 19, 14, 0)",6,"{(19, 4, 6, 14)}","{(0, '?', '?', '?')}"
"(6, 4, 19, 19, 0)",7,"{(19, 4, 6)}","{('?', '?', '?', '?')}"
"(6, 4, 19, 22, 0)",8,"{(19, 4, 6, 22)}","{(0, '?', '?', '?')}"
"(6, 4, 19, 23, 0)",1,"{(19, 4, 6, 23)}","{(0, 1, 7, '?')}"
"(6, 4, 19, 6, 0)",1,"{(19, 4, 6)}","{(3, 4, 3, 6)}"
"(6, 4, 22, 5, 0)",4,"{(4, 5, 6, 22)}","{('?', '?', '?', 4)}"
"(6, 4, 23, 14, 0)",2,"{(4, 14, 6, 23)}","{(0, 1, '?', 1)}"
"(6, 4, 23, 19, 0)",2,"{(19, 4, 6, 23)}","{('?', 4, 3, 1)}"
"(6, 4, 23, 22, 0)",1,"{(4, 22, 6, 23)}","{(0, 4, 3, 1)}"
"(6, 4, 23, 5, 0)",2,"{(4, 5, 6, 23)}","{('?', 1, '?', 1)}"
"(6, 4, 25, 19, 0)",2,"{(25, 19, 4, 6)}","{(0, '?', '?', 4)}"
"(6, 4, 5, 14, 0)",1,"{(4, 5, 6, 14)}","{(6, 4, 3, 4)}"
"(6, 4, 5, 19, 0)",6,"{(19, 4, 5, 6)}","{('?', '?', '?', '?')}"
"(6, 4, 5, 22, 0)",3,"{(4, 5, 6, 22)}","{(4, '?', '?', 4)}"
"(6, 4, 5, 23, 0)",2,"{(4, 5, 6, 23)}","{(6, 1, '?', 1)}"
"(6, 4, 5, 4, 0)",1,"{(4, 5, 6)}","{(0, 1, 7, 6)}"
"(6, 4, 5, 5, 0)",2,"{(4, 5, 6)}","{('?', '?', '?', '?')}"
"(6, 4, 6, 19, 0)",2,"{(19, 4, 6)}","{(0, '?', 7, '?')}"
"(6, 4, 6, 6, 0)",2,"{(4, 6)}","{(3, '?', 3, '?')}"
"(6, 5, 16, 19, 0)",1,"{(16, 19, 5, 6)}","{(4, 4, 0, '?')}"
"(6, 5, 17, 8, 0)",2,"{(8, 17, 5, 6)}","{('?', '?', 2, '?')}"
"(6, 5, 22, 19, 0)",1,"{(19, 5, 6, 22)}","{(4, 4, '?', 4)}"
"(6, 5, 22, 5, 0)",1,"{(5, 6, 22)}","{(4, 4, '?', 4)}"
"(6, 5, 4, 14, 0)",2,"{(4, 5, 6, 14)}","{('?', 4, '?', 4)}"
"(6, 5, 4, 17, 0)",1,"{(17, 4, 5, 6)}","{(6, 4, 7, 0)}"
"(6, 5, 4, 22, 0)",1,"{(4, 5, 6, 22)}","{(4, 4, 7, 4)}"
"(6, 5, 4, 23, 0)",1,"{(4, 5, 6, 23)}","{(4, 1, 7, 1)}"
"(6, 5, 5, 15, 0)",1,"{(5, 6, 15)}","{(4, 1, 1, '?')}"
"(6, 5, 6, 22, 0)",1,"{(5, 6, 22)}","{(6, 1, '?', 4)}"
"(6, 5, 6, 8, 0)",2,"{(8, 5, 6)}","{(6, 1, 2, '?')}"
"(6, 5, 8, 7, 0)",1,"{(8, 5, 6, 7)}","{(4, 1, 2, 0)}"
"(6, 5, 8, 8, 0)",4,"{(8, 5, 6)}","{('?', '?', 2, '?')}"
"(6, 6, 14, 22, 0)",1,"{(22, 6, 14)}","{(0, 1, 4, 2)}"
"(6, 6, 15, 6, 0)",1,"{(6, 15)}","{(3, 4, 1, '?')}"
"(6, 6, 19, 14, 0)",1,"{(19, 6, 14)}","{(0, 1, 6, 6)}"
"(6, 6, 19, 6, 0)",1,"{(19, 6)}","{(3, 1, '?', '?')}"
"(6, 6, 22, 15, 0)",1,"{(15, 6, 22)}","{(0, 1, 1, 4)}"
"(6, 6, 22, 6, 0)",1,"{(6, 22)}","{(3, 4, 1, 4)}"
"(6, 6, 24, 19, 0)",1,"{(24, 19, 6)}","{(2, 4, '?', '?')}"
"(6, 6, 24, 8, 0)",3,"{(24, 8, 6)}","{(2, '?', 2, '?')}"
"(6, 6, 4, 23, 0)",1,"{(4, 6, 23)}","{(1, 4, 3, 1)}"
"(6, 6, 4, 6, 0)",1,"{(4, 6)}","{(3, 1, 7, 5)}"
"(6, 6, 6, 15, 0)",1,"{(6, 15)}","{(3, 1, 1, '?')}"
"(6, 6, 6, 19, 0)",1,"{(19, 6)}","{(3, 1, '?', '?')}"
"(6, 6, 6, 6, 0)",7,"{(6,)}","{(3, '?', '?', '?')}"
"(6, 6, 8, 6, 0)",1,"{(8, 6)}","{(3, 4, 2, '?')}"
"(6, 7, 14, 22, 0)",1,"{(14, 22, 6, 7)}","{(0, 1, '?', 7)}"
"(6, 7, 14, 8, 0)",1,"{(8, 14, 6, 7)}","{(0, 1, 2, 7)}"
"(6, 7, 8, 14, 0)",1,"{(8, 14, 6, 7)}","{(0, 1, 2, 7)}"
"(6, 8, 1, 1, 0)",3,"{(8, 1, 6)}","{('?', '?', 2, '?')}"
"(6, 8, 1, 8, 0)",2,"{(8, 1, 6)}","{('?', 1, 2, '?')}"
"(6, 8, 14, 8, 0)",1,"{(8, 6, 14)}","{(0, 1, 2, 6)}"
"(6, 8, 15, 19, 0)",1,"{(8, 19, 6, 15)}","{(7, 1, 2, 6)}"
"(6, 8, 19, 6, 0)",1,"{(8, 19, 6)}","{(3, 4, 2, 6)}"
"(6, 8, 24, 8, 0)",1,"{(8, 24, 6)}","{(2, 1, 2, 2)}"
"(6, 8, 5, 8, 0)",1,"{(8, 5, 6)}","{(6, 4, 2, '?')}"
"(6, 8, 6, 8, 0)",3,"{(8, 6)}","{(3, '?', 2, '?')}"
"(6, 8, 8, 1, 0)",1,"{(8, 1, 6)}","{(5, 4, 2, '?')}"
"(6, 8, 8, 14, 0)",1,"{(8, 6, 14)}","{(0, 4, 2, 6)}"
"(6, 8, 8, 19, 0)",1,"{(8, 19, 6)}","{(3, 1, 2, 2)}"
"(6, 8, 8, 24, 0)",1,"{(8, 24, 6)}","{(1, 1, 2, 2)}"
"(6, 8, 8, 6, 0)",4,"{(8, 6)}","{('?', '?', 2, '?')}"
"(6, 8, 8, 8, 0)",2,"{(8, 6)}","{('?', '?', 2, 2)}"
"(7, 1, 1, 1, 0)",16,"{(1, 7)}","{('?', '?', 2, '?')}"
"(7, 1, 1, 11, 0)",4,"{(1, 11, 7)}","{('?', '?', 2, '?')}"
"(7, 1, 1, 15, 0)",2,"{(1, 15, 7)}","{(5, '?', '?', 7)}"
"(7, 1, 1, 17, 0)",1,"{(1, 17, 7)}","{(5, 7, 2, 7)}"
"(7, 1, 1, 19, 0)",2,"{(1, 19, 7)}","{('?', '?', 2, '?')}"
"(7, 1, 1, 27, 0)",3,"{(1, 27, 7)}","{('?', 0, 2, '?')}"
"(7, 1, 1, 3, 0)",2,"{(1, 3, 7)}","{(7, 3, 2, '?')}"
"(7, 1, 1, 6, 0)",5,"{(1, 6, 7)}","{('?', '?', '?', '?')}"
"(7, 1, 1, 8, 0)",2,"{(8, 1, 7)}","{(5, '?', 2, '?')}"
"(7, 1, 11, 1, 0)",4,"{(1, 11, 7)}","{('?', '?', 2, '?')}"
"(7, 1, 11, 15, 0)",15,"{(1, 11, 15, 7)}","{('?', '?', '?', '?')}"
"(7, 1, 11, 6, 0)",1,"{(1, 11, 6, 7)}","{(3, 7, 4, 0)}"
"(7, 1, 11, 8, 0)",2,"{(8, 1, 11, 7)}","{(5, 7, 2, '?')}"
"(7, 1, 13, 1, 0)",2,"{(1, 13, 7)}","{('?', '?', 2, 0)}"
"(7, 1, 13, 15, 0)",21,"{(1, 15, 13, 7)}","{('?', '?', '?', '?')}"
"(7, 1, 13, 19, 0)",2,"{(1, 19, 13, 7)}","{(2, '?', '?', '?')}"
"(7, 1, 13, 24, 0)",7,"{(24, 1, 13, 7)}","{('?', '?', '?', '?')}"
"(7, 1, 13, 8, 0)",1,"{(8, 1, 13, 7)}","{(7, 5, 2, 0)}"
"(7, 1, 15, 11, 0)",2,"{(1, 11, 15, 7)}","{('?', 6, '?', 7)}"
"(7, 1, 15, 13, 0)",1,"{(1, 15, 13, 7)}","{(5, 5, 4, 0)}"
"(7, 1, 15, 15, 0)",6,"{(1, 15, 7)}","{('?', '?', '?', '?')}"
"(7, 1, 15, 19, 0)",8,"{(1, 19, 15, 7)}","{('?', '?', '?', '?')}"
"(7, 1, 15, 5, 0)",1,"{(1, 15, 5, 7)}","{(5, 0, '?', 0)}"
"(7, 1, 15, 7, 0)",2,"{(1, 15, 7)}","{(7, '?', '?', '?')}"
"(7, 1, 15, 9, 0)",1,"{(1, 15, 9, 7)}","{(7, 0, '?', 7)}"
"(7, 1, 19, 15, 0)",1,"{(1, 19, 15, 7)}","{(5, '?', 5, 0)}"
"(7, 1, 19, 24, 0)",5,"{(24, 1, 19, 7)}","{('?', '?', '?', '?')}"
"(7, 1, 19, 6, 0)",1,"{(1, 19, 6, 7)}","{(3, '?', 6, 0)}"
"(7, 1, 21, 1, 0)",2,"{(1, 21, 7)}","{('?', 3, 2, 0)}"
"(7, 1, 21, 15, 0)",10,"{(1, 15, 21, 7)}","{('?', 3, '?', '?')}"
"(7, 1, 21, 19, 0)",2,"{(1, 19, 21, 7)}","{('?', 3, '?', 7)}"
"(7, 1, 21, 24, 0)",8,"{(24, 1, 21, 7)}","{('?', 3, '?', '?')}"
"(7, 1, 21, 6, 0)",4,"{(1, 21, 6, 7)}","{(3, 3, '?', '?')}"
"(7, 1, 24, 13, 0)",2,"{(24, 1, 13, 7)}","{(2, 2, '?', 7)}"
"(7, 1, 24, 19, 0)",1,"{(24, 1, 19, 7)}","{(1, '?', 6, 0)}"
"(7, 1, 27, 1, 0)",2,"{(1, 27, 7)}","{('?', 0, 2, 7)}"
"(7, 1, 27, 15, 0)",6,"{(1, 27, 15, 7)}","{('?', 0, '?', '?')}"
"(7, 1, 27, 24, 0)",1,"{(24, 1, 27, 7)}","{(1, 0, 5, 7)}"
"(7, 1, 27, 6, 0)",1,"{(1, 27, 6, 7)}","{(3, 0, 4, 0)}"
"(7, 1, 27, 8, 0)",1,"{(8, 1, 27, 7)}","{(7, 0, 2, 0)}"
"(7, 1, 3, 1, 0)",2,"{(1, 3, 7)}","{('?', 3, 2, '?')}"
"(7, 1, 3, 15, 0)",2,"{(1, 3, 15, 7)}","{(7, 3, '?', '?')}"
"(7, 1, 6, 1, 0)",5,"{(1, 6, 7)}","{('?', '?', '?', '?')}"
"(7, 1, 6, 15, 0)",11,"{(1, 15, 6, 7)}","{('?', '?', '?', '?')}"
"(7, 1, 6, 24, 0)",2,"{(24, 1, 6, 7)}","{(1, 1, '?', 7)}"
"(7, 1, 9, 1, 0)",2,"{(1, 9, 7)}","{(5, 0, 2, '?')}"
"(7, 1, 9, 15, 0)",8,"{(1, 15, 9, 7)}","{('?', 0, '?', '?')}"
"(7, 1, 9, 19, 0)",1,"{(1, 19, 9, 7)}","{('?', 0, 6, 0)}"
"(7, 1, 9, 24, 0)",6,"{(24, 1, 9, 7)}","{('?', 0, '?', '?')}"
"(7, 1, 9, 6, 0)",4,"{(1, 6, 9, 7)}","{(3, '?', '?', '?')}"
"(7, 11, 1, 1, 0)",5,"{(1, 11, 7)}","{('?', '?', '?', '?')}"
"(7, 11, 1, 15, 0)",3,"{(1, 11, 15, 7)}","{(5, '?', '?', '?')}"
"(7, 11, 14, 8, 0)",1,"{(8, 11, 14, 7)}","{(0, 7, 2, 0)}"
"(7, 11, 15, 15, 0)",3,"{(11, 15, 7)}","{('?', '?', '?', 7)}"
"(7, 11, 15, 17, 0)",1,"{(17, 11, 15, 7)}","{(0, 7, 1, 7)}"
"(7, 11, 15, 19, 0)",15,"{(19, 11, 15, 7)}","{('?', '?', '?', '?')}"
"(7, 11, 15, 24, 0)",4,"{(24, 11, 15, 7)}","{('?', 7, 1, '?')}"
"(7, 11, 15, 4, 0)",6,"{(11, 15, 4, 7)}","{('?', 7, '?', '?')}"
"(7, 11, 15, 6, 0)",2,"{(11, 15, 6, 7)}","{(3, 7, 1, '?')}"
"(7, 11, 16, 1, 0)",1,"{(16, 1, 11, 7)}","{(5, 6, 0, 0)}"
"(7, 11, 16, 14, 0)",1,"{(16, 11, 14, 7)}","{(0, 7, 0, 7)}"
"(7, 11, 16, 15, 0)",3,"{(16, 11, 15, 7)}","{('?', '?', 0, '?')}"
"(7, 11, 16, 16, 0)",6,"{(16, 11, 7)}","{('?', '?', 0, '?')}"
"(7, 11, 16, 19, 0)",8,"{(16, 19, 11, 7)}","{('?', '?', 0, '?')}"
"(7, 11, 16, 6, 0)",2,"{(16, 11, 6, 7)}","{(3, '?', 0, 0)}"
"(7, 11, 19, 1, 0)",1,"{(19, 1, 11, 7)}","{(5, 7, 6, 0)}"
"(7, 11, 19, 14, 0)",4,"{(19, 11, 14, 7)}","{(0, '?', '?', '?')}"
"(7, 11, 19, 15, 0)",2,"{(19, 11, 15, 7)}","{('?', 6, 1, '?')}"
"(7, 11, 19, 16, 0)",7,"{(19, 16, 11, 7)}","{('?', '?', 0, '?')}"
"(7, 11, 19, 19, 0)",12,"{(19, 11, 7)}","{('?', '?', '?', '?')}"
"(7, 11, 19, 20, 0)",5,"{(19, 11, 20, 7)}","{('?', '?', 0, '?')}"
"(7, 11, 19, 22, 0)",3,"{(19, 11, 22, 7)}","{(0, '?', '?', '?')}"
"(7, 11, 19, 24, 0)",8,"{(19, 24, 11, 7)}","{('?', '?', '?', '?')}"
"(7, 11, 19, 4, 0)",4,"{(19, 11, 4, 7)}","{('?', '?', '?', '?')}"
"(7, 11, 19, 5, 0)",1,"{(19, 11, 5, 7)}","{(6, 6, '?', 0)}"
"(7, 11, 19, 6, 0)",3,"{(19, 11, 6, 7)}","{(3, 6, '?', '?')}"
"(7, 11, 19, 8, 0)",1,"{(19, 8, 11, 7)}","{('?', 6, 2, 0)}"
"(7, 11, 20, 19, 0)",7,"{(19, 11, 20, 7)}","{('?', '?', 0, '?')}"
"(7, 11, 20, 20, 0)",4,"{(11, 20, 7)}","{('?', '?', 0, '?')}"
"(7, 11, 20, 4, 0)",1,"{(11, 20, 4, 7)}","{(2, 7, 0, 7)}"
"(7, 11, 22, 14, 0)",1,"{(11, 14, 22, 7)}","{(0, 6, '?', 0)}"
"(7, 11, 22, 16, 0)",2,"{(16, 11, 22, 7)}","{(0, 6, 0, '?')}"
"(7, 11, 22, 4, 0)",1,"{(11, 4, 22, 7)}","{(0, 7, 7, 0)}"
"(7, 11, 22, 8, 0)",1,"{(8, 11, 22, 7)}","{(0, 6, 2, 7)}"
"(7, 11, 24, 19, 0)",22,"{(24, 19, 11, 7)}","{('?', '?', '?', '?')}"
"(7, 11, 24, 24, 0)",3,"{(24, 11, 7)}","{('?', '?', '?', '?')}"
"(7, 11, 24, 7, 0)",1,"{(24, 11, 7)}","{(1, 7, '?', 0)}"
"(7, 11, 24, 8, 0)",7,"{(24, 8, 11, 7)}","{('?', '?', 2, '?')}"
"(7, 11, 4, 19, 0)",9,"{(19, 11, 4, 7)}","{('?', '?', '?', '?')}"
"(7, 11, 4, 6, 0)",1,"{(11, 4, 6, 7)}","{(3, 7, 7, 7)}"
"(7, 11, 5, 15, 0)",1,"{(11, 15, 5, 7)}","{(4, 7, 1, 0)}"
"(7, 11, 5, 16, 0)",1,"{(16, 11, 5, 7)}","{(6, 6, 0, 0)}"
"(7, 11, 5, 19, 0)",2,"{(19, 11, 5, 7)}","{('?', '?', '?', 0)}"
"(7, 11, 5, 8, 0)",3,"{(8, 11, 5, 7)}","{(6, '?', 2, '?')}"
"(7, 11, 6, 19, 0)",3,"{(19, 11, 6, 7)}","{(3, '?', '?', '?')}"
"(7, 11, 6, 6, 0)",13,"{(11, 6, 7)}","{(3, '?', '?', '?')}"
"(7, 11, 6, 8, 0)",5,"{(8, 11, 6, 7)}","{(3, '?', '?', '?')}"
"(7, 11, 7, 24, 0)",1,"{(24, 11, 7)}","{(2, 7, 4, 7)}"
"(7, 11, 8, 1, 0)",2,"{(8, 1, 11, 7)}","{('?', 7, 2, 0)}"
"(7, 11, 8, 19, 0)",3,"{(8, 19, 11, 7)}","{('?', '?', 2, '?')}"
"(7, 11, 8, 24, 0)",1,"{(8, 24, 11, 7)}","{(1, 6, 2, 0)}"
"(7, 11, 8, 6, 0)",4,"{(8, 11, 6, 7)}","{(3, '?', 2, '?')}"
"(7, 11, 8, 8, 0)",2,"{(8, 11, 7)}","{('?', '?', 2, 0)}"
"(7, 13, 1, 1, 0)",10,"{(1, 13, 7)}","{('?', '?', '?', '?')}"
"(7, 13, 1, 15, 0)",13,"{(1, 15, 13, 7)}","{('?', '?', '?', '?')}"
"(7, 13, 1, 19, 0)",1,"{(1, 19, 13, 7)}","{(5, 2, '?', 7)}"
"(7, 13, 1, 8, 0)",3,"{(8, 1, 13, 7)}","{(5, '?', 2, '?')}"
"(7, 13, 13, 16, 0)",1,"{(16, 13, 7)}","{(3, 5, 0, 7)}"
"(7, 13, 13, 19, 0)",6,"{(19, 13, 7)}","{('?', '?', '?', '?')}"
"(7, 13, 13, 24, 0)",2,"{(24, 13, 7)}","{('?', 5, '?', 0)}"
"(7, 13, 13, 5, 0)",1,"{(5, 13, 7)}","{(4, 5, 3, 7)}"
"(7, 13, 13, 6, 0)",5,"{(13, 6, 7)}","{(3, '?', '?', '?')}"
"(7, 13, 13, 8, 0)",2,"{(8, 13, 7)}","{(3, '?', 2, 7)}"
"(7, 13, 14, 8, 0)",1,"{(8, 13, 14, 7)}","{(0, 5, 2, 0)}"
"(7, 13, 15, 13, 0)",1,"{(15, 13, 7)}","{('?', 2, 1, 7)}"
"(7, 13, 15, 15, 0)",9,"{(15, 13, 7)}","{('?', '?', '?', '?')}"
"(7, 13, 15, 19, 0)",10,"{(19, 15, 13, 7)}","{('?', '?', 1, '?')}"
"(7, 13, 15, 22, 0)",2,"{(15, 13, 22, 7)}","{(0, 2, 1, '?')}"
"(7, 13, 15, 24, 0)",3,"{(24, 15, 13, 7)}","{('?', 2, 1, '?')}"
"(7, 13, 15, 4, 0)",10,"{(4, 15, 13, 7)}","{('?', '?', '?', '?')}"
"(7, 13, 15, 5, 0)",4,"{(5, 15, 13, 7)}","{('?', '?', 1, '?')}"
"(7, 13, 16, 13, 0)",2,"{(16, 13, 7)}","{('?', '?', 0, 7)}"
"(7, 13, 16, 14, 0)",3,"{(16, 13, 14, 7)}","{(0, '?', 0, '?')}"
"(7, 13, 16, 15, 0)",3,"{(16, 15, 13, 7)}","{('?', '?', 0, 7)}"
"(7, 13, 16, 16, 0)",5,"{(16, 13, 7)}","{('?', '?', 0, '?')}"
"(7, 13, 16, 19, 0)",10,"{(16, 19, 13, 7)}","{('?', '?', 0, '?')}"
"(7, 13, 16, 22, 0)",2,"{(16, 13, 22, 7)}","{(0, '?', 0, 7)}"
"(7, 13, 16, 5, 0)",2,"{(16, 5, 13, 7)}","{('?', 5, 0, '?')}"
"(7, 13, 16, 6, 0)",1,"{(16, 13, 6, 7)}","{(3, 5, 0, 0)}"
"(7, 13, 17, 8, 0)",1,"{(8, 17, 13, 7)}","{(6, 5, 2, 0)}"
"(7, 13, 19, 1, 0)",2,"{(1, 19, 13, 7)}","{('?', 5, '?', 7)}"
"(7, 13, 19, 14, 0)",2,"{(19, 13, 14, 7)}","{(0, '?', '?', 7)}"
"(7, 13, 19, 15, 0)",6,"{(19, 15, 13, 7)}","{('?', '?', '?', '?')}"
"(7, 13, 19, 16, 0)",7,"{(16, 19, 13, 7)}","{('?', '?', 0, '?')}"
"(7, 13, 19, 19, 0)",24,"{(19, 13, 7)}","{('?', '?', '?', '?')}"
"(7, 13, 19, 20, 0)",1,"{(19, 20, 13, 7)}","{(2, 2, 0, 0)}"
"(7, 13, 19, 22, 0)",3,"{(19, 13, 22, 7)}","{(0, '?', '?', '?')}"
"(7, 13, 19, 24, 0)",13,"{(24, 19, 13, 7)}","{('?', '?', '?', '?')}"
"(7, 13, 19, 4, 0)",1,"{(19, 4, 13, 7)}","{(2, 5, 3, 0)}"
"(7, 13, 19, 5, 0)",5,"{(5, 19, 13, 7)}","{('?', '?', '?', '?')}"
"(7, 13, 19, 6, 0)",5,"{(19, 13, 6, 7)}","{(3, '?', '?', '?')}"
"(7, 13, 19, 8, 0)",6,"{(8, 19, 13, 7)}","{('?', '?', '?', '?')}"
"(7, 13, 20, 19, 0)",4,"{(19, 20, 13, 7)}","{('?', '?', 0, '?')}"
"(7, 13, 20, 20, 0)",1,"{(20, 13, 7)}","{(2, 2, 0, 7)}"
"(7, 13, 20, 24, 0)",1,"{(24, 20, 13, 7)}","{(2, 5, 1, 7)}"
"(7, 13, 22, 14, 0)",3,"{(14, 13, 22, 7)}","{(0, '?', '?', '?')}"
"(7, 13, 22, 15, 0)",2,"{(15, 13, 22, 7)}","{(0, '?', '?', 7)}"
"(7, 13, 22, 19, 0)",1,"{(19, 13, 22, 7)}","{(0, 5, 6, 0)}"
"(7, 13, 22, 22, 0)",5,"{(13, 22, 7)}","{(0, '?', '?', '?')}"
"(7, 13, 22, 4, 0)",1,"{(4, 13, 22, 7)}","{(0, 2, 3, 0)}"
"(7, 13, 22, 8, 0)",1,"{(8, 13, 22, 7)}","{(0, 5, 2, 0)}"
"(7, 13, 24, 17, 0)",1,"{(24, 17, 13, 7)}","{(2, 5, '?', 0)}"
"(7, 13, 24, 19, 0)",22,"{(24, 19, 13, 7)}","{('?', '?', '?', '?')}"
"(7, 13, 24, 24, 0)",2,"{(24, 13, 7)}","{('?', 5, '?', '?')}"
"(7, 13, 24, 8, 0)",6,"{(24, 8, 13, 7)}","{('?', '?', '?', '?')}"
"(7, 13, 4, 13, 0)",2,"{(4, 13, 7)}","{('?', '?', '?', '?')}"
"(7, 13, 4, 14, 0)",4,"{(4, 13, 14, 7)}","{(0, '?', '?', '?')}"
"(7, 13, 4, 19, 0)",6,"{(19, 4, 13, 7)}","{('?', '?', '?', '?')}"
"(7, 13, 4, 22, 0)",5,"{(4, 13, 22, 7)}","{(0, '?', '?', '?')}"
"(7, 13, 4, 4, 0)",1,"{(4, 13, 7)}","{(1, 5, 3, 0)}"
"(7, 13, 4, 5, 0)",3,"{(5, 4, 13, 7)}","{('?', '?', '?', '?')}"
"(7, 13, 5, 16, 0)",1,"{(16, 5, 13, 7)}","{(6, 5, 0, 7)}"
"(7, 13, 5, 19, 0)",6,"{(5, 19, 13, 7)}","{('?', '?', '?', '?')}"
"(7, 13, 5, 8, 0)",1,"{(8, 5, 13, 7)}","{(6, 2, 2, 7)}"
"(7, 13, 6, 13, 0)",1,"{(13, 6, 7)}","{(3, 5, 3, 0)}"
"(7, 13, 6, 19, 0)",4,"{(19, 13, 6, 7)}","{(3, '?', '?', '?')}"
"(7, 13, 6, 4, 0)",1,"{(4, 13, 6, 7)}","{(3, 2, 7, 7)}"
"(7, 13, 6, 6, 0)",12,"{(13, 6, 7)}","{(3, '?', '?', '?')}"
"(7, 13, 6, 8, 0)",2,"{(8, 13, 6, 7)}","{(3, 2, 2, '?')}"
"(7, 13, 7, 16, 0)",1,"{(16, 13, 7)}","{(3, 5, 0, 7)}"
"(7, 13, 7, 19, 0)",1,"{(19, 13, 7)}","{('?', 5, '?', 7)}"
"(7, 13, 7, 24, 0)",1,"{(24, 13, 7)}","{(1, 5, 6, 0)}"
"(7, 13, 8, 1, 0)",1,"{(8, 1, 13, 7)}","{(5, 2, 2, 7)}"
"(7, 13, 8, 14, 0)",3,"{(8, 13, 14, 7)}","{(0, '?', 2, '?')}"
"(7, 13, 8, 15, 0)",2,"{(8, 15, 13, 7)}","{('?', 5, 2, '?')}"
"(7, 13, 8, 19, 0)",2,"{(8, 19, 13, 7)}","{('?', 2, 2, '?')}"
"(7, 13, 8, 24, 0)",4,"{(8, 24, 13, 7)}","{('?', '?', 2, 0)}"
"(7, 13, 8, 5, 0)",6,"{(8, 5, 13, 7)}","{('?', '?', 2, '?')}"
"(7, 13, 8, 6, 0)",2,"{(8, 13, 6, 7)}","{(3, '?', 2, '?')}"
"(7, 13, 8, 8, 0)",11,"{(8, 13, 7)}","{('?', '?', 2, '?')}"
"(7, 15, 11, 15, 0)",5,"{(11, 15, 7)}","{('?', '?', 1, '?')}"
"(7, 15, 11, 19, 0)",4,"{(19, 11, 15, 7)}","{(2, '?', '?', '?')}"
"(7, 15, 11, 4, 0)",4,"{(11, 15, 4, 7)}","{('?', '?', '?', '?')}"
"(7, 15, 13, 13, 0)",1,"{(15, 13, 7)}","{('?', 2, 1, 7)}"
"(7, 15, 13, 15, 0)",10,"{(15, 13, 7)}","{('?', '?', 1, '?')}"
"(7, 15, 13, 19, 0)",14,"{(19, 15, 13, 7)}","{('?', '?', '?', '?')}"
"(7, 15, 13, 20, 0)",3,"{(20, 15, 13, 7)}","{('?', '?', 1, '?')}"
"(7, 15, 13, 22, 0)",1,"{(15, 13, 22, 7)}","{(0, 5, 1, 7)}"
"(7, 15, 13, 24, 0)",5,"{(24, 15, 13, 7)}","{('?', '?', 1, '?')}"
"(7, 15, 13, 4, 0)",10,"{(4, 15, 13, 7)}","{('?', '?', '?', '?')}"
"(7, 15, 13, 5, 0)",1,"{(5, 15, 13, 7)}","{(4, 5, 1, 0)}"
"(7, 15, 13, 6, 0)",1,"{(15, 13, 6, 7)}","{(3, '?', 1, 7)}"
"(7, 15, 13, 7, 0)",1,"{(15, 13, 7)}","{('?', 2, 1, 7)}"
"(7, 15, 15, 15, 0)",8,"{(15, 7)}","{('?', '?', 1, '?')}"
"(7, 15, 15, 19, 0)",4,"{(19, 15, 7)}","{('?', '?', 1, '?')}"
"(7, 15, 15, 6, 0)",1,"{(15, 6, 7)}","{(7, 4, 1, 7)}"
"(7, 15, 15, 7, 0)",1,"{(15, 7)}","{(5, 7, 1, 7)}"
"(7, 15, 15, 9, 0)",1,"{(9, 15, 7)}","{(7, 0, 1, 0)}"
"(7, 15, 18, 4, 0)",1,"{(18, 15, 4, 7)}","{(1, 5, 7, 7)}"
"(7, 15, 18, 5, 0)",1,"{(18, 15, 5, 7)}","{(6, 2, 1, 7)}"
"(7, 15, 19, 14, 0)",2,"{(19, 15, 14, 7)}","{(0, '?', 1, '?')}"
"(7, 15, 19, 15, 0)",2,"{(19, 15, 7)}","{('?', '?', 1, '?')}"
"(7, 15, 19, 19, 0)",8,"{(19, 15, 7)}","{('?', '?', 1, '?')}"
"(7, 15, 19, 20, 0)",1,"{(19, 15, 20, 7)}","{(2, '?', 1, 0)}"
"(7, 15, 19, 22, 0)",1,"{(19, 15, 22, 7)}","{(0, '?', 1, 7)}"
"(7, 15, 19, 24, 0)",6,"{(24, 19, 15, 7)}","{('?', '?', 1, '?')}"
"(7, 15, 19, 27, 0)",1,"{(27, 19, 15, 7)}","{(1, 0, 1, 7)}"
"(7, 15, 19, 4, 0)",14,"{(19, 15, 4, 7)}","{('?', '?', '?', '?')}"
"(7, 15, 19, 6, 0)",3,"{(19, 15, 6, 7)}","{(3, '?', 1, '?')}"
"(7, 15, 19, 9, 0)",2,"{(9, 19, 15, 7)}","{('?', 0, 1, '?')}"
"(7, 15, 20, 20, 0)",1,"{(15, 20, 7)}","{(2, 4, 1, 0)}"
"(7, 15, 21, 15, 0)",5,"{(15, 21, 7)}","{('?', 3, '?', '?')}"
"(7, 15, 21, 19, 0)",8,"{(19, 15, 21, 7)}","{('?', 3, 1, '?')}"
"(7, 15, 21, 20, 0)",1,"{(20, 15, 21, 7)}","{(1, 3, 1, 0)}"
"(7, 15, 21, 21, 0)",1,"{(15, 21, 7)}","{('?', 3, 1, 0)}"
"(7, 15, 21, 22, 0)",1,"{(15, 21, 22, 7)}","{(0, 3, 1, 7)}"
"(7, 15, 21, 4, 0)",2,"{(4, 15, 21, 7)}","{('?', 3, '?', 0)}"
"(7, 15, 21, 6, 0)",2,"{(15, 21, 6, 7)}","{('?', 3, 1, 7)}"
"(7, 15, 22, 22, 0)",1,"{(15, 22, 7)}","{(0, '?', 1, 0)}"
"(7, 15, 24, 13, 0)",2,"{(24, 15, 13, 7)}","{('?', '?', 1, '?')}"
"(7, 15, 24, 16, 0)",1,"{(24, 16, 15, 7)}","{(2, 4, 1, 0)}"
"(7, 15, 24, 17, 0)",1,"{(24, 17, 15, 7)}","{(2, 2, 1, 0)}"
"(7, 15, 24, 19, 0)",5,"{(24, 19, 15, 7)}","{('?', '?', 1, '?')}"
"(7, 15, 24, 20, 0)",3,"{(24, 15, 20, 7)}","{('?', '?', 1, '?')}"
"(7, 15, 24, 21, 0)",1,"{(24, 15, 21, 7)}","{(1, 3, 1, 0)}"
"(7, 15, 24, 6, 0)",7,"{(24, 15, 6, 7)}","{('?', '?', 1, '?')}"
"(7, 15, 27, 15, 0)",1,"{(27, 15, 7)}","{(7, 0, 1, 0)}"
"(7, 15, 27, 19, 0)",3,"{(19, 27, 15, 7)}","{('?', 0, '?', '?')}"
"(7, 15, 27, 20, 0)",1,"{(27, 15, 20, 7)}","{(1, 0, 1, 7)}"
"(7, 15, 27, 4, 0)",5,"{(27, 15, 4, 7)}","{('?', 0, '?', '?')}"
"(7, 15, 27, 6, 0)",2,"{(27, 15, 6, 7)}","{(3, 0, 1, '?')}"
"(7, 15, 4, 11, 0)",4,"{(11, 15, 4, 7)}","{('?', '?', '?', '?')}"
"(7, 15, 4, 19, 0)",9,"{(19, 15, 4, 7)}","{('?', '?', '?', '?')}"
"(7, 15, 4, 21, 0)",2,"{(21, 15, 4, 7)}","{(1, 3, '?', '?')}"
"(7, 15, 4, 27, 0)",5,"{(27, 15, 4, 7)}","{('?', 0, '?', '?')}"
"(7, 15, 4, 4, 0)",2,"{(15, 4, 7)}","{('?', '?', 3, 0)}"
"(7, 15, 4, 9, 0)",1,"{(9, 15, 4, 7)}","{(1, 0, 3, 0)}"
"(7, 15, 5, 18, 0)",1,"{(18, 15, 5, 7)}","{(4, 2, 1, 7)}"
"(7, 15, 5, 19, 0)",3,"{(19, 15, 5, 7)}","{('?', '?', 1, '?')}"
"(7, 15, 5, 27, 0)",1,"{(27, 15, 5, 7)}","{(4, 0, 1, 0)}"
"(7, 15, 6, 15, 0)",5,"{(15, 6, 7)}","{('?', '?', 1, '?')}"
"(7, 15, 6, 19, 0)",2,"{(19, 15, 6, 7)}","{('?', 1, '?', 7)}"
"(7, 15, 6, 24, 0)",4,"{(24, 15, 6, 7)}","{('?', '?', 1, '?')}"
"(7, 15, 6, 4, 0)",4,"{(15, 4, 6, 7)}","{('?', 1, '?', '?')}"
"(7, 15, 7, 15, 0)",2,"{(15, 7)}","{('?', '?', 1, '?')}"
"(7, 15, 7, 19, 0)",3,"{(19, 15, 7)}","{('?', '?', 1, '?')}"
"(7, 15, 9, 15, 0)",1,"{(9, 15, 7)}","{(7, 0, 1, 0)}"
"(7, 15, 9, 4, 0)",3,"{(9, 15, 4, 7)}","{('?', 0, 3, '?')}"
"(7, 15, 9, 5, 0)",1,"{(9, 15, 5, 7)}","{(4, 0, 1, 0)}"
"(7, 15, 9, 6, 0)",1,"{(9, 15, 6, 7)}","{(3, 0, 1, 7)}"
"(7, 16, 1, 15, 0)",2,"{(16, 1, 15, 7)}","{('?', '?', 0, '?')}"
"(7, 16, 11, 1, 0)",1,"{(16, 1, 11, 7)}","{(7, 6, 0, 7)}"
"(7, 16, 11, 15, 0)",6,"{(16, 11, 15, 7)}","{('?', '?', 0, '?')}"
"(7, 16, 13, 15, 0)",6,"{(16, 15, 13, 7)}","{('?', '?', 0, '?')}"
"(7, 16, 13, 19, 0)",6,"{(16, 19, 13, 7)}","{('?', '?', 0, '?')}"
"(7, 16, 13, 22, 0)",1,"{(16, 13, 22, 7)}","{(0, 5, 0, 0)}"
"(7, 16, 13, 5, 0)",3,"{(16, 5, 13, 7)}","{('?', '?', 0, 0)}"
"(7, 16, 13, 6, 0)",1,"{(16, 13, 6, 7)}","{(3, 5, 0, 7)}"
"(7, 16, 13, 8, 0)",1,"{(16, 8, 13, 7)}","{(6, 5, 0, 0)}"
"(7, 16, 14, 14, 0)",1,"{(16, 14, 7)}","{(0, '?', 0, 7)}"
"(7, 16, 14, 22, 0)",2,"{(16, 22, 14, 7)}","{(0, '?', 0, '?')}"
"(7, 16, 14, 5, 0)",1,"{(16, 5, 14, 7)}","{(0, '?', 0, 7)}"
"(7, 16, 15, 1, 0)",2,"{(16, 1, 15, 7)}","{('?', '?', 0, '?')}"
"(7, 16, 15, 11, 0)",1,"{(16, 11, 15, 7)}","{(7, 6, 0, 7)}"
"(7, 16, 15, 15, 0)",3,"{(16, 15, 7)}","{('?', '?', 0, 0)}"
"(7, 16, 15, 16, 0)",1,"{(16, 15, 7)}","{(7, '?', 0, 7)}"
"(7, 16, 15, 19, 0)",5,"{(16, 19, 15, 7)}","{('?', '?', 0, '?')}"
"(7, 16, 15, 5, 0)",1,"{(16, 15, 5, 7)}","{(7, 0, 0, 0)}"
"(7, 16, 15, 6, 0)",2,"{(16, 15, 6, 7)}","{(7, '?', 0, 0)}"
"(7, 16, 16, 19, 0)",1,"{(16, 19, 7)}","{('?', '?', 0, 0)}"
"(7, 16, 16, 8, 0)",1,"{(16, 8, 7)}","{('?', 4, 0, 0)}"
"(7, 16, 18, 16, 0)",1,"{(16, 18, 7)}","{(4, 5, 0, 0)}"
"(7, 16, 19, 14, 0)",1,"{(16, 19, 14, 7)}","{(0, '?', 0, 0)}"
"(7, 16, 19, 16, 0)",1,"{(16, 19, 7)}","{(0, '?', 0, 7)}"
"(7, 16, 19, 19, 0)",2,"{(16, 19, 7)}","{('?', '?', 0, '?')}"
"(7, 16, 19, 22, 0)",1,"{(16, 19, 22, 7)}","{(0, '?', 0, 7)}"
"(7, 16, 19, 5, 0)",1,"{(16, 19, 5, 7)}","{(4, 2, 0, 0)}"
"(7, 16, 19, 6, 0)",2,"{(16, 19, 6, 7)}","{(3, '?', 0, '?')}"
"(7, 16, 19, 8, 0)",1,"{(16, 8, 19, 7)}","{('?', '?', 0, 7)}"
"(7, 16, 21, 1, 0)",1,"{(16, 1, 21, 7)}","{(7, 3, 0, 0)}"
"(7, 16, 21, 15, 0)",2,"{(16, 15, 21, 7)}","{(7, 3, 0, '?')}"
"(7, 16, 21, 16, 0)",1,"{(16, 21, 7)}","{(3, 3, 0, 0)}"
"(7, 16, 21, 6, 0)",1,"{(16, 21, 6, 7)}","{(3, 3, 0, 0)}"
"(7, 16, 21, 8, 0)",1,"{(16, 8, 21, 7)}","{(7, 3, 0, 7)}"
"(7, 16, 22, 22, 0)",1,"{(16, 22, 7)}","{(0, '?', 0, 0)}"
"(7, 16, 27, 15, 0)",2,"{(16, 27, 15, 7)}","{('?', 0, 0, '?')}"
"(7, 16, 27, 16, 0)",1,"{(16, 27, 7)}","{('?', 0, 0, 7)}"
"(7, 16, 27, 19, 0)",1,"{(16, 19, 27, 7)}","{('?', 0, 0, 0)}"
"(7, 16, 27, 6, 0)",2,"{(16, 27, 6, 7)}","{(3, '?', 0, '?')}"
"(7, 16, 3, 6, 0)",1,"{(16, 3, 6, 7)}","{(3, 3, 0, 0)}"
"(7, 16, 5, 13, 0)",1,"{(16, 13, 5, 7)}","{(4, 5, 0, 0)}"
"(7, 16, 5, 16, 0)",2,"{(16, 5, 7)}","{('?', '?', 0, 0)}"
"(7, 16, 6, 1, 0)",2,"{(16, 1, 6, 7)}","{('?', '?', 0, 0)}"
"(7, 16, 6, 15, 0)",3,"{(16, 15, 6, 7)}","{('?', '?', 0, 0)}"
"(7, 16, 9, 15, 0)",2,"{(16, 9, 15, 7)}","{('?', 0, 0, 0)}"
"(7, 16, 9, 6, 0)",1,"{(16, 9, 6, 7)}","{(3, 0, 0, 0)}"
"(7, 17, 8, 15, 0)",1,"{(8, 17, 15, 7)}","{(7, 6, 2, 7)}"
"(7, 18, 15, 19, 0)",1,"{(18, 19, 15, 7)}","{(6, 2, 1, 7)}"
"(7, 18, 15, 4, 0)",2,"{(18, 15, 4, 7)}","{('?', 5, 3, 7)}"
"(7, 18, 15, 5, 0)",2,"{(18, 15, 5, 7)}","{('?', 2, 1, '?')}"
"(7, 18, 19, 15, 0)",1,"{(18, 19, 15, 7)}","{(6, 2, 1, 7)}"
"(7, 18, 19, 4, 0)",1,"{(18, 19, 4, 7)}","{(6, 5, 3, 7)}"
"(7, 18, 19, 5, 0)",2,"{(18, 19, 5, 7)}","{(6, 5, '?', 7)}"
"(7, 18, 4, 19, 0)",5,"{(18, 19, 4, 7)}","{('?', '?', '?', '?')}"
"(7, 18, 4, 5, 0)",5,"{(18, 4, 5, 7)}","{('?', '?', '?', 7)}"
"(7, 18, 5, 15, 0)",1,"{(18, 15, 5, 7)}","{(4, 2, 1, 7)}"
"(7, 18, 5, 19, 0)",1,"{(18, 19, 5, 7)}","{(4, 5, '?', 7)}"
"(7, 18, 5, 4, 0)",2,"{(18, 4, 5, 7)}","{(4, 5, '?', 7)}"
"(7, 19, 1, 13, 0)",1,"{(1, 19, 13, 7)}","{(5, 2, '?', 0)}"
"(7, 19, 1, 15, 0)",1,"{(1, 19, 15, 7)}","{(5, '?', 5, 0)}"
"(7, 19, 11, 15, 0)",2,"{(11, 19, 15, 7)}","{('?', 6, '?', 0)}"
"(7, 19, 11, 19, 0)",1,"{(11, 19, 7)}","{('?', 6, 6, 0)}"
"(7, 19, 13, 15, 0)",1,"{(19, 15, 13, 7)}","{(5, 2, '?', 0)}"
"(7, 19, 13, 19, 0)",6,"{(19, 13, 7)}","{('?', '?', '?', '?')}"
"(7, 19, 14, 19, 0)",2,"{(19, 14, 7)}","{(0, '?', '?', '?')}"
"(7, 19, 14, 22, 0)",4,"{(19, 22, 14, 7)}","{(0, '?', '?', '?')}"
"(7, 19, 14, 27, 0)",1,"{(27, 19, 14, 7)}","{(0, 0, '?', 7)}"
"(7, 19, 14, 8, 0)",2,"{(8, 19, 14, 7)}","{(0, '?', 2, 7)}"
"(7, 19, 15, 13, 0)",1,"{(19, 15, 13, 7)}","{(6, 2, 1, 0)}"
"(7, 19, 15, 19, 0)",3,"{(19, 15, 7)}","{('?', '?', '?', '?')}"
"(7, 19, 15, 24, 0)",2,"{(24, 19, 15, 7)}","{('?', '?', 1, 0)}"
"(7, 19, 15, 4, 0)",1,"{(19, 15, 4, 7)}","{(2, '?', 3, 0)}"
"(7, 19, 15, 7, 0)",1,"{(19, 15, 7)}","{(7, 2, 5, 0)}"
"(7, 19, 16, 13, 0)",3,"{(16, 19, 13, 7)}","{('?', 2, 0, '?')}"
"(7, 19, 16, 18, 0)",1,"{(16, 18, 19, 7)}","{(6, 2, 0, 0)}"
"(7, 19, 16, 19, 0)",8,"{(16, 19, 7)}","{('?', '?', 0, '?')}"
"(7, 19, 16, 6, 0)",4,"{(16, 19, 6, 7)}","{(3, '?', 0, '?')}"
"(7, 19, 19, 15, 0)",1,"{(19, 15, 7)}","{(6, '?', 1, 0)}"
"(7, 19, 19, 19, 0)",13,"{(19, 7)}","{('?', '?', '?', '?')}"
"(7, 19, 19, 22, 0)",2,"{(19, 22, 7)}","{(0, '?', '?', '?')}"
"(7, 19, 19, 4, 0)",1,"{(19, 4, 7)}","{(2, 2, 3, 0)}"
"(7, 19, 19, 5, 0)",1,"{(19, 5, 7)}","{(0, 3, 6, 7)}"
"(7, 19, 19, 6, 0)",2,"{(19, 6, 7)}","{('?', '?', '?', '?')}"
"(7, 19, 19, 8, 0)",1,"{(8, 19, 7)}","{('?', '?', '?', 7)}"
"(7, 19, 19, 9, 0)",1,"{(9, 19, 7)}","{(6, 0, '?', 0)}"
"(7, 19, 20, 20, 0)",1,"{(19, 20, 7)}","{(1, '?', 0, 0)}"
"(7, 19, 21, 14, 0)",1,"{(19, 21, 14, 7)}","{(0, 0, 2, 0)}"
"(7, 19, 21, 15, 0)",5,"{(19, 15, 21, 7)}","{('?', 3, '?', '?')}"
"(7, 19, 21, 16, 0)",4,"{(16, 19, 21, 7)}","{('?', 3, 0, '?')}"
"(7, 19, 21, 19, 0)",14,"{(19, 21, 7)}","{('?', 3, '?', '?')}"
"(7, 19, 21, 20, 0)",3,"{(19, 20, 21, 7)}","{('?', 3, 0, 0)}"
"(7, 19, 21, 22, 0)",3,"{(19, 21, 22, 7)}","{(0, 3, '?', '?')}"
"(7, 19, 21, 24, 0)",7,"{(24, 19, 21, 7)}","{('?', 3, '?', '?')}"
"(7, 19, 21, 5, 0)",6,"{(5, 19, 21, 7)}","{('?', 3, '?', '?')}"
"(7, 19, 21, 6, 0)",1,"{(19, 21, 6, 7)}","{(3, 3, '?', 0)}"
"(7, 19, 21, 8, 0)",2,"{(8, 19, 21, 7)}","{('?', 3, 2, '?')}"
"(7, 19, 22, 14, 0)",1,"{(19, 14, 22, 7)}","{(0, '?', 6, 0)}"
"(7, 19, 22, 19, 0)",2,"{(19, 22, 7)}","{(0, '?', '?', '?')}"
"(7, 19, 22, 22, 0)",6,"{(19, 22, 7)}","{(0, '?', '?', '?')}"
"(7, 19, 22, 27, 0)",3,"{(27, 19, 22, 7)}","{(0, 0, '?', '?')}"
"(7, 19, 22, 8, 0)",2,"{(8, 19, 22, 7)}","{(0, '?', 2, 7)}"
"(7, 19, 24, 11, 0)",1,"{(24, 11, 19, 7)}","{(1, 6, 6, 7)}"
"(7, 19, 24, 13, 0)",6,"{(24, 19, 13, 7)}","{('?', '?', '?', 0)}"
"(7, 19, 24, 19, 0)",14,"{(24, 19, 7)}","{('?', '?', '?', '?')}"
"(7, 19, 24, 21, 0)",1,"{(24, 19, 21, 7)}","{(2, 3, 5, 0)}"
"(7, 19, 24, 24, 0)",2,"{(24, 19, 7)}","{(1, '?', '?', 0)}"
"(7, 19, 24, 6, 0)",2,"{(24, 19, 6, 7)}","{(1, 1, '?', '?')}"
"(7, 19, 24, 8, 0)",1,"{(24, 8, 19, 7)}","{(1, '?', 2, 7)}"
"(7, 19, 27, 16, 0)",1,"{(27, 16, 19, 7)}","{('?', 0, 0, 7)}"
"(7, 19, 27, 19, 0)",1,"{(27, 19, 7)}","{('?', 0, '?', 0)}"
"(7, 19, 27, 22, 0)",1,"{(27, 19, 22, 7)}","{(0, 0, '?', 0)}"
"(7, 19, 27, 6, 0)",4,"{(27, 19, 6, 7)}","{(3, 0, '?', '?')}"
"(7, 19, 4, 11, 0)",1,"{(11, 19, 4, 7)}","{(1, 6, 7, 0)}"
"(7, 19, 4, 19, 0)",4,"{(19, 4, 7)}","{('?', '?', 3, '?')}"
"(7, 19, 5, 18, 0)",1,"{(18, 19, 5, 7)}","{(6, 2, '?', 0)}"
"(7, 19, 5, 19, 0)",3,"{(19, 5, 7)}","{('?', '?', '?', '?')}"
"(7, 19, 5, 21, 0)",1,"{(21, 19, 5, 7)}","{(6, 3, '?', 7)}"
"(7, 19, 5, 27, 0)",1,"{(27, 19, 5, 7)}","{(6, 0, '?', 0)}"
"(7, 19, 5, 9, 0)",3,"{(9, 19, 5, 7)}","{('?', 0, '?', 0)}"
"(7, 19, 6, 16, 0)",1,"{(16, 19, 6, 7)}","{(3, '?', 0, 0)}"
"(7, 19, 6, 27, 0)",1,"{(27, 19, 6, 7)}","{(3, 0, 6, 7)}"
"(7, 19, 6, 6, 0)",8,"{(19, 6, 7)}","{(3, '?', '?', '?')}"
"(7, 19, 6, 7, 0)",1,"{(19, 6, 7)}","{(3, '?', '?', 0)}"
"(7, 19, 6, 8, 0)",2,"{(8, 19, 6, 7)}","{(3, '?', 2, 7)}"
"(7, 19, 8, 19, 0)",4,"{(8, 19, 7)}","{('?', '?', 2, '?')}"
"(7, 19, 8, 24, 0)",1,"{(8, 24, 19, 7)}","{(1, '?', 2, 7)}"
"(7, 19, 8, 5, 0)",1,"{(8, 19, 5, 7)}","{(6, '?', 2, 7)}"
"(7, 19, 8, 6, 0)",3,"{(8, 19, 6, 7)}","{(3, '?', 2, '?')}"
"(7, 19, 8, 8, 0)",5,"{(8, 19, 7)}","{('?', '?', 2, '?')}"
"(7, 19, 9, 14, 0)",3,"{(9, 19, 14, 7)}","{(0, 0, '?', 0)}"
"(7, 19, 9, 15, 0)",1,"{(9, 19, 15, 7)}","{('?', 0, 1, 7)}"
"(7, 19, 9, 16, 0)",2,"{(16, 9, 19, 7)}","{('?', 0, 0, 0)}"
"(7, 19, 9, 19, 0)",7,"{(9, 19, 7)}","{('?', 0, '?', '?')}"
"(7, 19, 9, 20, 0)",3,"{(9, 19, 20, 7)}","{('?', 0, 0, '?')}"
"(7, 19, 9, 22, 0)",3,"{(9, 19, 22, 7)}","{(0, 0, '?', '?')}"
"(7, 19, 9, 24, 0)",4,"{(24, 9, 19, 7)}","{('?', 0, '?', '?')}"
"(7, 19, 9, 5, 0)",1,"{(9, 19, 5, 7)}","{(6, 0, 0, 0)}"
"(7, 19, 9, 6, 0)",1,"{(9, 19, 6, 7)}","{(3, 0, '?', 0)}"
"(7, 19, 9, 8, 0)",3,"{(8, 9, 19, 7)}","{('?', 0, '?', '?')}"
"(7, 19, 9, 9, 0)",1,"{(9, 19, 7)}","{('?', 0, 3, 7)}"
"(7, 20, 11, 19, 0)",2,"{(19, 11, 20, 7)}","{('?', '?', 0, 7)}"
"(7, 20, 11, 20, 0)",1,"{(11, 20, 7)}","{(1, 7, 0, 0)}"
"(7, 20, 13, 19, 0)",6,"{(19, 20, 13, 7)}","{('?', '?', 0, '?')}"
"(7, 20, 13, 20, 0)",3,"{(20, 13, 7)}","{(1, '?', 0, '?')}"
"(7, 20, 13, 24, 0)",1,"{(24, 20, 13, 7)}","{(2, 2, 0, 7)}"
"(7, 20, 18, 19, 0)",2,"{(18, 19, 20, 7)}","{('?', '?', 0, '?')}"
"(7, 20, 19, 19, 0)",1,"{(19, 20, 7)}","{(1, 4, 0, 0)}"
"(7, 20, 19, 20, 0)",3,"{(19, 20, 7)}","{('?', '?', 0, '?')}"
"(7, 20, 19, 7, 0)",1,"{(19, 20, 7)}","{(1, '?', 0, 0)}"
"(7, 20, 20, 13, 0)",1,"{(20, 13, 7)}","{(2, 2, 0, 7)}"
"(7, 20, 20, 19, 0)",2,"{(19, 20, 7)}","{(2, '?', 0, 7)}"
"(7, 20, 20, 20, 0)",3,"{(20, 7)}","{(1, '?', 0, '?')}"
"(7, 20, 21, 19, 0)",1,"{(19, 20, 21, 7)}","{(2, 3, 0, 7)}"
"(7, 20, 21, 20, 0)",1,"{(20, 21, 7)}","{(2, 3, 0, 0)}"
"(7, 20, 21, 24, 0)",1,"{(24, 20, 21, 7)}","{(2, 3, 0, 0)}"
"(7, 20, 6, 19, 0)",5,"{(19, 20, 6, 7)}","{('?', '?', 0, '?')}"
"(7, 20, 6, 20, 0)",5,"{(20, 6, 7)}","{('?', '?', 0, '?')}"
"(7, 20, 9, 20, 0)",1,"{(9, 20, 7)}","{(1, 0, 0, 7)}"
"(7, 21, 1, 1, 0)",3,"{(1, 21, 7)}","{('?', 3, 2, '?')}"
"(7, 21, 1, 15, 0)",2,"{(1, 15, 21, 7)}","{(5, 3, '?', '?')}"
"(7, 21, 1, 19, 0)",2,"{(1, 19, 21, 7)}","{('?', 3, '?', '?')}"
"(7, 21, 1, 8, 0)",3,"{(8, 1, 21, 7)}","{('?', 3, 2, '?')}"
"(7, 21, 14, 16, 0)",2,"{(16, 21, 14, 7)}","{(0, 3, 0, '?')}"
"(7, 21, 15, 15, 0)",1,"{(15, 21, 7)}","{(7, 3, 0, 0)}"
"(7, 21, 15, 19, 0)",1,"{(19, 15, 21, 7)}","{(6, 3, 1, 0)}"
"(7, 21, 15, 5, 0)",2,"{(5, 15, 21, 7)}","{('?', 3, 1, 7)}"
"(7, 21, 16, 14, 0)",2,"{(16, 21, 14, 7)}","{(0, 3, 0, '?')}"
"(7, 21, 16, 15, 0)",2,"{(16, 15, 21, 7)}","{(7, 3, 0, '?')}"
"(7, 21, 16, 16, 0)",1,"{(16, 21, 7)}","{(3, 3, 0, 0)}"
"(7, 21, 16, 19, 0)",5,"{(16, 19, 21, 7)}","{('?', 3, 0, '?')}"
"(7, 21, 16, 6, 0)",1,"{(16, 21, 6, 7)}","{(3, 3, 0, 7)}"
"(7, 21, 19, 14, 0)",2,"{(19, 21, 14, 7)}","{(0, 3, '?', '?')}"
"(7, 21, 19, 15, 0)",3,"{(19, 15, 21, 7)}","{('?', 3, '?', '?')}"
"(7, 21, 19, 16, 0)",6,"{(16, 19, 21, 7)}","{('?', 3, 0, '?')}"
"(7, 21, 19, 19, 0)",8,"{(19, 21, 7)}","{('?', 3, '?', '?')}"
"(7, 21, 19, 21, 0)",1,"{(19, 21, 7)}","{('?', 3, '?', 0)}"
"(7, 21, 19, 22, 0)",1,"{(19, 21, 22, 7)}","{(0, 3, '?', 7)}"
"(7, 21, 19, 24, 0)",4,"{(24, 19, 21, 7)}","{('?', 3, '?', '?')}"
"(7, 21, 19, 5, 0)",5,"{(5, 19, 21, 7)}","{('?', 3, '?', '?')}"
"(7, 21, 19, 8, 0)",3,"{(8, 19, 21, 7)}","{('?', 3, 2, '?')}"
"(7, 21, 20, 17, 0)",1,"{(17, 20, 21, 7)}","{(1, 3, 0, 7)}"
"(7, 21, 20, 19, 0)",3,"{(19, 20, 21, 7)}","{('?', 3, 0, '?')}"
"(7, 21, 20, 20, 0)",2,"{(20, 21, 7)}","{('?', 3, 0, '?')}"
"(7, 21, 21, 16, 0)",1,"{(16, 21, 7)}","{(6, 3, 0, 0)}"
"(7, 21, 21, 19, 0)",5,"{(19, 21, 7)}","{('?', 3, '?', '?')}"
"(7, 21, 21, 24, 0)",1,"{(24, 21, 7)}","{(1, 3, 4, 7)}"
"(7, 21, 21, 5, 0)",2,"{(5, 21, 7)}","{('?', 3, '?', '?')}"
"(7, 21, 22, 22, 0)",1,"{(21, 22, 7)}","{(0, 3, '?', 7)}"
"(7, 21, 22, 8, 0)",1,"{(8, 21, 22, 7)}","{(0, 3, 2, 0)}"
"(7, 21, 24, 19, 0)",13,"{(24, 19, 21, 7)}","{('?', 3, '?', '?')}"
"(7, 21, 24, 21, 0)",1,"{(24, 21, 7)}","{(2, 3, '?', 0)}"
"(7, 21, 24, 8, 0)",6,"{(24, 8, 21, 7)}","{('?', 3, '?', '?')}"
"(7, 21, 5, 15, 0)",4,"{(5, 15, 21, 7)}","{('?', 3, 1, '?')}"
"(7, 21, 5, 16, 0)",1,"{(16, 5, 21, 7)}","{(6, 3, 0, 0)}"
"(7, 21, 5, 19, 0)",2,"{(5, 19, 21, 7)}","{('?', 3, '?', '?')}"
"(7, 21, 5, 21, 0)",3,"{(5, 21, 7)}","{('?', 3, '?', 0)}"
"(7, 21, 5, 4, 0)",2,"{(5, 4, 21, 7)}","{('?', 3, '?', 0)}"
"(7, 21, 5, 8, 0)",3,"{(8, 5, 21, 7)}","{('?', 3, 2, '?')}"
"(7, 21, 6, 21, 0)",1,"{(21, 6, 7)}","{(3, 3, 4, 7)}"
"(7, 21, 6, 6, 0)",3,"{(21, 6, 7)}","{(3, 3, '?', '?')}"
"(7, 21, 8, 1, 0)",2,"{(8, 1, 21, 7)}","{('?', 3, 2, '?')}"
"(7, 21, 8, 14, 0)",2,"{(8, 21, 14, 7)}","{(0, 3, 2, '?')}"
"(7, 21, 8, 19, 0)",5,"{(8, 19, 21, 7)}","{('?', 3, 2, '?')}"
"(7, 21, 8, 5, 0)",2,"{(8, 5, 21, 7)}","{('?', 3, 2, 0)}"
"(7, 21, 8, 6, 0)",1,"{(8, 21, 6, 7)}","{(3, 3, 2, 0)}"
"(7, 21, 8, 8, 0)",3,"{(8, 21, 7)}","{('?', 3, 2, '?')}"
"(7, 22, 14, 22, 0)",2,"{(14, 22, 7)}","{(0, '?', '?', 7)}"
"(7, 22, 15, 13, 0)",1,"{(15, 13, 22, 7)}","{(0, 2, 1, 7)}"
"(7, 22, 22, 22, 0)",2,"{(22, 7)}","{(0, '?', '?', '?')}"
"(7, 22, 27, 14, 0)",1,"{(27, 14, 22, 7)}","{(0, 0, 2, 0)}"
"(7, 22, 8, 14, 0)",1,"{(8, 14, 22, 7)}","{(0, '?', 2, 7)}"
"(7, 24, 1, 19, 0)",1,"{(24, 1, 19, 7)}","{(2, '?', 6, 0)}"
"(7, 24, 11, 19, 0)",1,"{(24, 19, 11, 7)}","{(2, 6, '?', 7)}"
"(7, 24, 11, 8, 0)",1,"{(24, 8, 11, 7)}","{(1, 6, 2, 0)}"
"(7, 24, 13, 1, 0)",1,"{(24, 1, 13, 7)}","{(1, 2, 6, 7)}"
"(7, 24, 13, 17, 0)",1,"{(24, 17, 13, 7)}","{(2, 2, 6, 0)}"
"(7, 24, 13, 19, 0)",8,"{(24, 19, 13, 7)}","{('?', '?', '?', '?')}"
"(7, 24, 13, 8, 0)",6,"{(24, 8, 13, 7)}","{('?', '?', 2, '?')}"
"(7, 24, 19, 13, 0)",1,"{(24, 19, 13, 7)}","{(2, 2, 4, 7)}"
"(7, 24, 19, 19, 0)",3,"{(24, 19, 7)}","{('?', '?', '?', '?')}"
"(7, 24, 19, 24, 0)",7,"{(24, 19, 7)}","{('?', '?', '?', '?')}"
"(7, 24, 19, 8, 0)",3,"{(24, 8, 19, 7)}","{('?', '?', 2, '?')}"
"(7, 24, 21, 24, 0)",4,"{(24, 21, 7)}","{('?', 3, '?', '?')}"
"(7, 24, 21, 8, 0)",1,"{(24, 8, 21, 7)}","{(2, 3, 2, 7)}"
"(7, 24, 23, 8, 0)",1,"{(24, 8, 23, 7)}","{(1, '?', 2, 0)}"
"(7, 24, 24, 17, 0)",1,"{(24, 17, 7)}","{(2, 2, '?', 0)}"
"(7, 24, 24, 19, 0)",1,"{(24, 19, 7)}","{(2, 5, 2, 0)}"
"(7, 24, 27, 19, 0)",3,"{(24, 19, 27, 7)}","{('?', 0, '?', 0)}"
"(7, 24, 27, 24, 0)",4,"{(24, 27, 7)}","{('?', 0, '?', '?')}"
"(7, 24, 27, 7, 0)",1,"{(24, 27, 7)}","{(2, 0, 5, 7)}"
"(7, 24, 27, 8, 0)",1,"{(24, 8, 27, 7)}","{(2, 0, 2, 7)}"
"(7, 24, 6, 19, 0)",3,"{(24, 19, 6, 7)}","{(1, '?', '?', 0)}"
"(7, 24, 6, 24, 0)",3,"{(24, 6, 7)}","{('?', '?', '?', '?')}"
"(7, 24, 6, 8, 0)",1,"{(24, 8, 6, 7)}","{(1, 1, 2, 0)}"
"(7, 24, 7, 8, 0)",1,"{(24, 8, 7)}","{(1, 5, 2, 7)}"
"(7, 24, 8, 1, 0)",1,"{(24, 8, 1, 7)}","{(1, '?', 2, 7)}"
"(7, 24, 8, 24, 0)",2,"{(24, 8, 7)}","{(2, '?', 2, '?')}"
"(7, 24, 8, 8, 0)",2,"{(24, 8, 7)}","{(1, '?', 2, '?')}"
"(7, 24, 9, 19, 0)",3,"{(24, 9, 19, 7)}","{(1, 0, '?', '?')}"
"(7, 24, 9, 24, 0)",2,"{(24, 9, 7)}","{('?', 0, '?', 0)}"
"(7, 27, 1, 1, 0)",3,"{(1, 27, 7)}","{('?', 0, 2, '?')}"
"(7, 27, 1, 15, 0)",1,"{(1, 27, 15, 7)}","{(5, 0, 4, 7)}"
"(7, 27, 15, 15, 0)",5,"{(27, 15, 7)}","{('?', 0, '?', '?')}"
"(7, 27, 16, 15, 0)",2,"{(16, 27, 15, 7)}","{('?', 0, 0, 0)}"
"(7, 27, 16, 16, 0)",3,"{(16, 27, 7)}","{('?', 0, 0, '?')}"
"(7, 27, 16, 19, 0)",3,"{(16, 19, 27, 7)}","{('?', 0, 0, '?')}"
"(7, 27, 16, 6, 0)",3,"{(16, 27, 6, 7)}","{(3, '?', 0, '?')}"
"(7, 27, 19, 14, 0)",1,"{(19, 27, 14, 7)}","{(0, 0, '?', 0)}"
"(7, 27, 19, 19, 0)",1,"{(19, 27, 7)}","{('?', 0, '?', 0)}"
"(7, 27, 19, 22, 0)",1,"{(19, 27, 22, 7)}","{(0, 0, 4, 7)}"
"(7, 27, 20, 19, 0)",1,"{(19, 27, 20, 7)}","{(2, 0, 0, 7)}"
"(7, 27, 22, 14, 0)",1,"{(27, 14, 22, 7)}","{(0, 0, '?', 7)}"
"(7, 27, 22, 19, 0)",1,"{(19, 27, 22, 7)}","{(0, 0, '?', 7)}"
"(7, 27, 22, 22, 0)",2,"{(27, 22, 7)}","{(0, 0, '?', 0)}"
"(7, 27, 22, 8, 0)",1,"{(8, 27, 22, 7)}","{(0, 0, 2, 0)}"
"(7, 27, 24, 19, 0)",2,"{(24, 19, 27, 7)}","{('?', 0, '?', 7)}"
"(7, 27, 24, 8, 0)",3,"{(24, 8, 27, 7)}","{('?', '?', 2, '?')}"
"(7, 27, 4, 5, 0)",1,"{(27, 4, 5, 7)}","{(5, 0, 7, 7)}"
"(7, 27, 5, 16, 0)",1,"{(16, 27, 5, 7)}","{(6, 0, 0, 0)}"
"(7, 27, 6, 6, 0)",4,"{(27, 6, 7)}","{(3, 0, '?', '?')}"
"(7, 27, 6, 8, 0)",3,"{(8, 27, 6, 7)}","{(3, '?', 2, '?')}"
"(7, 27, 7, 6, 0)",1,"{(27, 6, 7)}","{(3, 0, 0, 7)}"
"(7, 27, 8, 1, 0)",3,"{(8, 1, 27, 7)}","{('?', 0, 2, '?')}"
"(7, 27, 8, 19, 0)",1,"{(8, 19, 27, 7)}","{('?', 0, 2, 0)}"
"(7, 27, 8, 8, 0)",1,"{(8, 27, 7)}","{('?', 0, 2, 7)}"
"(7, 4, 11, 14, 0)",3,"{(11, 4, 14, 7)}","{(0, 6, '?', '?')}"
"(7, 4, 11, 15, 0)",4,"{(11, 4, 15, 7)}","{(5, '?', '?', '?')}"
"(7, 4, 11, 19, 0)",26,"{(19, 11, 4, 7)}","{('?', '?', '?', '?')}"
"(7, 4, 11, 22, 0)",7,"{(11, 4, 22, 7)}","{(0, '?', '?', '?')}"
"(7, 4, 11, 4, 0)",1,"{(11, 4, 7)}","{(1, 7, 7, 0)}"
"(7, 4, 11, 5, 0)",4,"{(11, 4, 5, 7)}","{('?', '?', '?', '?')}"
"(7, 4, 11, 6, 0)",6,"{(11, 4, 6, 7)}","{(3, '?', '?', '?')}"
"(7, 4, 11, 7, 0)",1,"{(11, 4, 7)}","{(1, 6, 7, 7)}"
"(7, 4, 13, 13, 0)",14,"{(4, 13, 7)}","{('?', '?', '?', '?')}"
"(7, 4, 13, 14, 0)",4,"{(4, 13, 14, 7)}","{(0, '?', '?', '?')}"
"(7, 4, 13, 15, 0)",6,"{(15, 4, 13, 7)}","{('?', '?', '?', '?')}"
"(7, 4, 13, 19, 0)",16,"{(19, 4, 13, 7)}","{('?', '?', '?', '?')}"
"(7, 4, 13, 22, 0)",4,"{(4, 13, 22, 7)}","{(0, '?', '?', '?')}"
"(7, 4, 13, 4, 0)",2,"{(4, 13, 7)}","{('?', 5, 7, '?')}"
"(7, 4, 13, 5, 0)",15,"{(5, 4, 13, 7)}","{('?', '?', '?', '?')}"
"(7, 4, 13, 6, 0)",8,"{(4, 13, 6, 7)}","{(3, '?', '?', '?')}"
"(7, 4, 13, 7, 0)",1,"{(4, 13, 7)}","{(2, 5, 3, 7)}"
"(7, 4, 14, 11, 0)",3,"{(11, 4, 14, 7)}","{(0, '?', '?', 0)}"
"(7, 4, 14, 13, 0)",1,"{(4, 13, 14, 7)}","{(0, 5, 3, 7)}"
"(7, 4, 14, 18, 0)",1,"{(18, 4, 14, 7)}","{(0, '?', 7, 7)}"
"(7, 4, 14, 19, 0)",4,"{(19, 4, 14, 7)}","{(0, '?', '?', '?')}"
"(7, 4, 14, 22, 0)",4,"{(4, 22, 14, 7)}","{(0, '?', '?', '?')}"
"(7, 4, 14, 27, 0)",1,"{(27, 4, 14, 7)}","{(0, 0, 3, 0)}"
"(7, 4, 14, 4, 0)",3,"{(4, 14, 7)}","{(0, '?', 3, '?')}"
"(7, 4, 15, 11, 0)",2,"{(11, 4, 15, 7)}","{('?', 6, 7, 0)}"
"(7, 4, 15, 13, 0)",4,"{(13, 4, 15, 7)}","{('?', '?', 7, 0)}"
"(7, 4, 15, 15, 0)",8,"{(4, 15, 7)}","{('?', '?', '?', '?')}"
"(7, 4, 15, 19, 0)",4,"{(19, 4, 15, 7)}","{('?', '?', 7, '?')}"
"(7, 4, 15, 21, 0)",5,"{(21, 4, 15, 7)}","{('?', 3, '?', '?')}"
"(7, 4, 15, 27, 0)",1,"{(27, 4, 15, 7)}","{(7, 0, 3, 0)}"
"(7, 4, 15, 6, 0)",2,"{(4, 15, 6, 7)}","{(7, 4, '?', 0)}"
"(7, 4, 15, 9, 0)",1,"{(9, 4, 15, 7)}","{(5, 0, 7, 0)}"
"(7, 4, 19, 1, 0)",1,"{(1, 19, 4, 7)}","{(5, 3, 3, 0)}"
"(7, 4, 19, 11, 0)",3,"{(11, 19, 4, 7)}","{('?', '?', 3, 0)}"
"(7, 4, 19, 14, 0)",1,"{(19, 4, 14, 7)}","{(0, 7, 7, 7)}"
"(7, 4, 19, 19, 0)",16,"{(19, 4, 7)}","{('?', '?', '?', '?')}"
"(7, 4, 19, 21, 0)",8,"{(19, 4, 21, 7)}","{('?', 3, '?', '?')}"
"(7, 4, 19, 22, 0)",3,"{(19, 4, 22, 7)}","{(0, '?', '?', '?')}"
"(7, 4, 19, 4, 0)",7,"{(19, 4, 7)}","{('?', '?', '?', '?')}"
"(7, 4, 19, 5, 0)",7,"{(19, 4, 5, 7)}","{('?', '?', '?', '?')}"
"(7, 4, 19, 6, 0)",3,"{(19, 4, 6, 7)}","{(3, '?', '?', '?')}"
"(7, 4, 19, 9, 0)",1,"{(9, 19, 4, 7)}","{('?', 0, 7, 0)}"
"(7, 4, 21, 15, 0)",5,"{(15, 4, 21, 7)}","{('?', 3, '?', '?')}"
"(7, 4, 21, 19, 0)",20,"{(19, 4, 21, 7)}","{('?', 3, '?', '?')}"
"(7, 4, 21, 21, 0)",2,"{(4, 21, 7)}","{('?', 3, '?', '?')}"
"(7, 4, 21, 4, 0)",3,"{(4, 21, 7)}","{('?', 3, 7, '?')}"
"(7, 4, 21, 5, 0)",7,"{(5, 4, 21, 7)}","{('?', 3, '?', '?')}"
"(7, 4, 21, 6, 0)",3,"{(4, 21, 6, 7)}","{(3, 3, '?', '?')}"
"(7, 4, 21, 7, 0)",2,"{(4, 21, 7)}","{('?', 3, 7, '?')}"
"(7, 4, 22, 13, 0)",1,"{(4, 13, 22, 7)}","{(0, 2, 3, 0)}"
"(7, 4, 22, 14, 0)",2,"{(4, 14, 22, 7)}","{(0, '?', 3, '?')}"
"(7, 4, 22, 19, 0)",3,"{(19, 4, 22, 7)}","{(0, '?', '?', '?')}"
"(7, 4, 22, 21, 0)",2,"{(4, 21, 22, 7)}","{(0, 3, 7, '?')}"
"(7, 4, 22, 22, 0)",4,"{(4, 22, 7)}","{(0, '?', '?', '?')}"
"(7, 4, 22, 4, 0)",1,"{(4, 22, 7)}","{(0, 4, 3, 7)}"
"(7, 4, 22, 5, 0)",1,"{(4, 5, 22, 7)}","{(0, 0, 7, 7)}"
"(7, 4, 27, 14, 0)",3,"{(27, 4, 14, 7)}","{(0, 0, '?', '?')}"
"(7, 4, 27, 15, 0)",4,"{(27, 4, 15, 7)}","{('?', 0, '?', '?')}"
"(7, 4, 27, 19, 0)",7,"{(19, 27, 4, 7)}","{('?', 0, '?', '?')}"
"(7, 4, 27, 22, 0)",3,"{(27, 4, 22, 7)}","{(0, 0, '?', '?')}"
"(7, 4, 27, 4, 0)",1,"{(27, 4, 7)}","{('?', 0, 3, 0)}"
"(7, 4, 27, 6, 0)",2,"{(27, 4, 6, 7)}","{(3, 0, '?', 0)}"
"(7, 4, 27, 7, 0)",1,"{(27, 4, 7)}","{(2, 0, 7, 0)}"
"(7, 4, 3, 15, 0)",1,"{(3, 4, 15, 7)}","{(5, 3, 3, 0)}"
"(7, 4, 4, 11, 0)",1,"{(11, 4, 7)}","{(2, 7, 3, 7)}"
"(7, 4, 4, 19, 0)",3,"{(19, 4, 7)}","{('?', '?', 3, '?')}"
"(7, 4, 5, 11, 0)",10,"{(11, 4, 5, 7)}","{('?', '?', '?', '?')}"
"(7, 4, 5, 13, 0)",4,"{(13, 4, 5, 7)}","{(4, '?', '?', '?')}"
"(7, 4, 5, 18, 0)",7,"{(18, 4, 5, 7)}","{('?', '?', '?', '?')}"
"(7, 4, 5, 19, 0)",7,"{(19, 4, 5, 7)}","{('?', '?', '?', '?')}"
"(7, 4, 5, 21, 0)",5,"{(21, 4, 5, 7)}","{('?', 3, '?', '?')}"
"(7, 4, 5, 27, 0)",3,"{(27, 4, 5, 7)}","{('?', 0, '?', '?')}"
"(7, 4, 5, 4, 0)",2,"{(4, 5, 7)}","{('?', '?', 7, '?')}"
"(7, 4, 5, 5, 0)",1,"{(4, 5, 7)}","{(6, '?', 3, 7)}"
"(7, 4, 5, 6, 0)",1,"{(4, 5, 6, 7)}","{(6, 1, 3, 0)}"
"(7, 4, 5, 7, 0)",1,"{(4, 5, 7)}","{(4, 6, 7, 7)}"
"(7, 4, 6, 14, 0)",1,"{(4, 14, 6, 7)}","{(0, 4, 7, 0)}"
"(7, 4, 6, 15, 0)",9,"{(4, 15, 6, 7)}","{('?', '?', '?', '?')}"
"(7, 4, 6, 19, 0)",4,"{(19, 4, 6, 7)}","{('?', '?', '?', '?')}"
"(7, 4, 6, 22, 0)",2,"{(4, 22, 6, 7)}","{(0, '?', '?', '?')}"
"(7, 4, 6, 4, 0)",2,"{(4, 6, 7)}","{('?', 4, '?', 0)}"
"(7, 4, 6, 6, 0)",6,"{(4, 6, 7)}","{(3, '?', '?', '?')}"
"(7, 4, 7, 6, 0)",1,"{(4, 6, 7)}","{(3, '?', 7, 7)}"
"(7, 4, 9, 15, 0)",1,"{(9, 4, 15, 7)}","{(5, 0, 7, 0)}"
"(7, 4, 9, 19, 0)",5,"{(9, 19, 4, 7)}","{('?', 0, '?', '?')}"
"(7, 4, 9, 5, 0)",1,"{(9, 4, 5, 7)}","{(6, 0, 7, 0)}"
"(7, 4, 9, 6, 0)",1,"{(9, 4, 6, 7)}","{(3, 0, 3, 0)}"
"(7, 5, 11, 15, 0)",6,"{(11, 15, 5, 7)}","{('?', '?', 1, '?')}"
"(7, 5, 11, 16, 0)",6,"{(16, 11, 5, 7)}","{('?', '?', 0, '?')}"
"(7, 5, 11, 19, 0)",15,"{(19, 11, 5, 7)}","{('?', '?', '?', '?')}"
"(7, 5, 11, 4, 0)",2,"{(11, 4, 5, 7)}","{(4, 7, '?', 7)}"
"(7, 5, 11, 5, 0)",1,"{(11, 5, 7)}","{(4, 7, '?', 7)}"
"(7, 5, 11, 8, 0)",5,"{(8, 11, 5, 7)}","{('?', '?', 2, '?')}"
"(7, 5, 13, 16, 0)",1,"{(16, 13, 5, 7)}","{(4, 2, 0, 7)}"
"(7, 5, 13, 19, 0)",2,"{(13, 19, 5, 7)}","{(4, '?', '?', 0)}"
"(7, 5, 13, 5, 0)",4,"{(13, 5, 7)}","{('?', '?', '?', '?')}"
"(7, 5, 13, 8, 0)",3,"{(8, 13, 5, 7)}","{(4, '?', 2, '?')}"
"(7, 5, 15, 11, 0)",2,"{(11, 15, 5, 7)}","{(4, '?', 1, '?')}"
"(7, 5, 15, 19, 0)",4,"{(19, 15, 5, 7)}","{('?', '?', 1, '?')}"
"(7, 5, 15, 4, 0)",1,"{(4, 15, 5, 7)}","{(6, 0, '?', 7)}"
"(7, 5, 15, 5, 0)",8,"{(15, 5, 7)}","{('?', '?', 1, '?')}"
"(7, 5, 15, 6, 0)",7,"{(15, 5, 6, 7)}","{('?', '?', 1, '?')}"
"(7, 5, 16, 11, 0)",8,"{(16, 11, 5, 7)}","{('?', '?', 0, '?')}"
"(7, 5, 16, 13, 0)",3,"{(16, 13, 5, 7)}","{(4, '?', 0, '?')}"
"(7, 5, 16, 17, 0)",2,"{(16, 17, 5, 7)}","{(4, 6, 0, '?')}"
"(7, 5, 16, 18, 0)",1,"{(16, 18, 5, 7)}","{(4, 2, 0, 7)}"
"(7, 5, 16, 19, 0)",6,"{(16, 19, 5, 7)}","{('?', '?', 0, '?')}"
"(7, 5, 16, 5, 0)",2,"{(16, 5, 7)}","{(4, '?', 0, '?')}"
"(7, 5, 16, 6, 0)",4,"{(16, 5, 6, 7)}","{('?', '?', 0, '?')}"
"(7, 5, 17, 8, 0)",1,"{(8, 17, 5, 7)}","{(6, 7, 2, 7)}"
"(7, 5, 18, 15, 0)",1,"{(18, 15, 5, 7)}","{(4, 2, 1, 7)}"
"(7, 5, 18, 16, 0)",3,"{(16, 18, 5, 7)}","{('?', '?', 0, 7)}"
"(7, 5, 18, 17, 0)",1,"{(17, 18, 5, 7)}","{(6, 5, 4, 7)}"
"(7, 5, 18, 18, 0)",1,"{(18, 5, 7)}","{(6, 5, '?', 7)}"
"(7, 5, 18, 19, 0)",10,"{(18, 19, 5, 7)}","{('?', '?', '?', '?')}"
"(7, 5, 18, 4, 0)",7,"{(18, 4, 5, 7)}","{('?', '?', '?', '?')}"
"(7, 5, 18, 5, 0)",6,"{(18, 5, 7)}","{('?', '?', '?', '?')}"
"(7, 5, 18, 8, 0)",6,"{(8, 18, 5, 7)}","{('?', '?', '?', '?')}"
"(7, 5, 19, 11, 0)",1,"{(11, 19, 5, 7)}","{(6, 6, 4, 0)}"
"(7, 5, 19, 13, 0)",1,"{(13, 19, 5, 7)}","{(4, 5, '?', 0)}"
"(7, 5, 19, 15, 0)",1,"{(19, 15, 5, 7)}","{(4, '?', 1, 7)}"
"(7, 5, 19, 19, 0)",16,"{(19, 5, 7)}","{('?', '?', '?', '?')}"
"(7, 5, 19, 9, 0)",1,"{(9, 19, 5, 7)}","{(6, 0, 2, 7)}"
"(7, 5, 21, 15, 0)",2,"{(21, 15, 5, 7)}","{(4, 3, 1, '?')}"
"(7, 5, 21, 16, 0)",1,"{(16, 21, 5, 7)}","{(6, 3, 0, 0)}"
"(7, 5, 21, 19, 0)",12,"{(21, 19, 5, 7)}","{('?', 3, '?', '?')}"
"(7, 5, 21, 5, 0)",2,"{(21, 5, 7)}","{('?', 3, '?', 7)}"
"(7, 5, 21, 7, 0)",1,"{(21, 5, 7)}","{(4, 3, 5, 7)}"
"(7, 5, 21, 8, 0)",2,"{(8, 21, 5, 7)}","{(6, 3, 2, '?')}"
"(7, 5, 27, 15, 0)",2,"{(27, 15, 5, 7)}","{(4, 0, 1, '?')}"
"(7, 5, 27, 16, 0)",4,"{(16, 27, 5, 7)}","{('?', 0, 0, '?')}"
"(7, 5, 27, 17, 0)",3,"{(17, 27, 5, 7)}","{(4, 0, '?', '?')}"
"(7, 5, 27, 19, 0)",9,"{(19, 27, 5, 7)}","{('?', 0, '?', '?')}"
"(7, 5, 27, 27, 0)",1,"{(27, 5, 7)}","{(6, 0, 7, 7)}"
"(7, 5, 27, 4, 0)",3,"{(27, 4, 5, 7)}","{('?', 0, '?', '?')}"
"(7, 5, 27, 7, 0)",1,"{(27, 5, 7)}","{(6, 0, 4, 0)}"
"(7, 5, 27, 8, 0)",3,"{(8, 27, 5, 7)}","{('?', 0, 2, '?')}"
"(7, 5, 3, 8, 0)",1,"{(8, 3, 5, 7)}","{(6, 3, 2, 7)}"
"(7, 5, 4, 11, 0)",15,"{(11, 4, 5, 7)}","{('?', '?', '?', '?')}"
"(7, 5, 4, 13, 0)",1,"{(13, 4, 5, 7)}","{(4, 5, 7, 0)}"
"(7, 5, 4, 18, 0)",4,"{(18, 4, 5, 7)}","{(4, '?', '?', '?')}"
"(7, 5, 4, 19, 0)",10,"{(19, 4, 5, 7)}","{('?', '?', '?', '?')}"
"(7, 5, 4, 27, 0)",1,"{(27, 4, 5, 7)}","{(4, 0, 3, 7)}"
"(7, 5, 4, 4, 0)",3,"{(4, 5, 7)}","{('?', '?', '?', 0)}"
"(7, 5, 4, 5, 0)",14,"{(4, 5, 7)}","{('?', '?', '?', '?')}"
"(7, 5, 4, 6, 0)",12,"{(4, 5, 6, 7)}","{('?', '?', '?', '?')}"
"(7, 5, 5, 11, 0)",4,"{(11, 5, 7)}","{(6, '?', '?', '?')}"
"(7, 5, 5, 15, 0)",1,"{(15, 5, 7)}","{(6, '?', 1, 7)}"
"(7, 5, 5, 19, 0)",16,"{(19, 5, 7)}","{('?', '?', '?', '?')}"
"(7, 5, 5, 21, 0)",1,"{(21, 5, 7)}","{(4, 3, '?', 0)}"
"(7, 5, 5, 27, 0)",1,"{(27, 5, 7)}","{(6, 0, 5, 7)}"
"(7, 5, 5, 4, 0)",5,"{(4, 5, 7)}","{('?', '?', '?', 7)}"
"(7, 5, 5, 6, 0)",8,"{(5, 6, 7)}","{('?', '?', '?', '?')}"
"(7, 5, 5, 8, 0)",2,"{(8, 5, 7)}","{(4, '?', 2, 7)}"
"(7, 5, 6, 15, 0)",5,"{(15, 5, 6, 7)}","{('?', '?', 1, '?')}"
"(7, 5, 6, 16, 0)",4,"{(16, 5, 6, 7)}","{('?', '?', 0, '?')}"
"(7, 5, 6, 19, 0)",10,"{(19, 5, 6, 7)}","{('?', '?', '?', '?')}"
"(7, 5, 6, 4, 0)",5,"{(4, 5, 6, 7)}","{(4, '?', '?', '?')}"
"(7, 5, 6, 5, 0)",12,"{(5, 6, 7)}","{('?', '?', '?', '?')}"
"(7, 5, 6, 8, 0)",4,"{(8, 5, 6, 7)}","{('?', '?', 2, '?')}"
"(7, 5, 8, 13, 0)",2,"{(8, 13, 5, 7)}","{(4, 2, 2, '?')}"
"(7, 5, 8, 17, 0)",2,"{(8, 17, 5, 7)}","{('?', '?', 2, 0)}"
"(7, 5, 8, 18, 0)",2,"{(8, 18, 5, 7)}","{(6, '?', 2, 7)}"
"(7, 5, 8, 19, 0)",3,"{(8, 19, 5, 7)}","{('?', '?', 2, '?')}"
"(7, 5, 8, 21, 0)",1,"{(8, 21, 5, 7)}","{(6, 3, 2, 0)}"
"(7, 5, 8, 27, 0)",1,"{(8, 27, 5, 7)}","{(4, 0, 2, 0)}"
"(7, 5, 8, 5, 0)",2,"{(8, 5, 7)}","{(4, '?', 2, '?')}"
"(7, 5, 8, 6, 0)",5,"{(8, 5, 6, 7)}","{('?', '?', 2, '?')}"
"(7, 5, 8, 8, 0)",6,"{(8, 5, 7)}","{('?', '?', 2, '?')}"
"(7, 5, 9, 19, 0)",4,"{(9, 19, 5, 7)}","{('?', 0, '?', '?')}"
"(7, 5, 9, 5, 0)",2,"{(9, 5, 7)}","{('?', 0, '?', '?')}"
"(7, 5, 9, 8, 0)",2,"{(8, 9, 5, 7)}","{('?', 0, 2, 0)}"
"(7, 5, 9, 9, 0)",1,"{(9, 5, 7)}","{(4, 0, 2, 0)}"
"(7, 6, 1, 1, 0)",7,"{(1, 6, 7)}","{('?', '?', '?', '?')}"
"(7, 6, 1, 15, 0)",7,"{(1, 15, 6, 7)}","{('?', '?', '?', '?')}"
"(7, 6, 1, 8, 0)",2,"{(8, 1, 6, 7)}","{(5, '?', 2, '?')}"
"(7, 6, 14, 16, 0)",3,"{(16, 14, 6, 7)}","{(0, '?', 0, '?')}"
"(7, 6, 14, 22, 0)",1,"{(14, 22, 6, 7)}","{(0, 4, '?', 7)}"
"(7, 6, 14, 8, 0)",2,"{(8, 14, 6, 7)}","{(0, 1, 2, '?')}"
"(7, 6, 15, 14, 0)",2,"{(15, 14, 6, 7)}","{(0, '?', 1, 0)}"
"(7, 6, 15, 19, 0)",6,"{(19, 15, 6, 7)}","{('?', '?', 1, '?')}"
"(7, 6, 15, 22, 0)",1,"{(15, 22, 6, 7)}","{(0, 4, 1, 0)}"
"(7, 6, 15, 24, 0)",4,"{(24, 15, 6, 7)}","{('?', '?', 1, '?')}"
"(7, 6, 15, 4, 0)",13,"{(15, 4, 6, 7)}","{('?', '?', '?', '?')}"
"(7, 6, 15, 6, 0)",3,"{(15, 6, 7)}","{(3, '?', 1, '?')}"
"(7, 6, 16, 14, 0)",2,"{(16, 14, 6, 7)}","{(0, '?', 0, 7)}"
"(7, 6, 16, 15, 0)",4,"{(16, 15, 6, 7)}","{('?', '?', 0, 0)}"
"(7, 6, 16, 16, 0)",2,"{(16, 6, 7)}","{('?', '?', 0, 0)}"
"(7, 6, 16, 19, 0)",7,"{(16, 19, 6, 7)}","{('?', '?', 0, '?')}"
"(7, 6, 16, 21, 0)",1,"{(16, 21, 6, 7)}","{(0, 4, 0, 0)}"
"(7, 6, 16, 22, 0)",2,"{(16, 22, 6, 7)}","{(0, '?', 0, 0)}"
"(7, 6, 16, 27, 0)",1,"{(16, 27, 6, 7)}","{(0, 1, 0, 7)}"
"(7, 6, 16, 6, 0)",5,"{(16, 6, 7)}","{(3, '?', 0, '?')}"
"(7, 6, 16, 9, 0)",2,"{(16, 9, 6, 7)}","{('?', '?', 0, '?')}"
"(7, 6, 17, 14, 0)",2,"{(17, 14, 6, 7)}","{(0, '?', 1, '?')}"
"(7, 6, 19, 1, 0)",1,"{(1, 19, 6, 7)}","{(5, 1, '?', 0)}"
"(7, 6, 19, 14, 0)",3,"{(19, 14, 6, 7)}","{(0, 1, '?', '?')}"
"(7, 6, 19, 15, 0)",5,"{(19, 15, 6, 7)}","{('?', '?', '?', '?')}"
"(7, 6, 19, 16, 0)",5,"{(16, 19, 6, 7)}","{('?', '?', 0, '?')}"
"(7, 6, 19, 19, 0)",10,"{(19, 6, 7)}","{('?', '?', '?', '?')}"
"(7, 6, 19, 21, 0)",1,"{(19, 21, 6, 7)}","{(5, 1, '?', 0)}"
"(7, 6, 19, 22, 0)",1,"{(19, 22, 6, 7)}","{(0, 4, '?', 7)}"
"(7, 6, 19, 24, 0)",5,"{(24, 19, 6, 7)}","{('?', '?', '?', '?')}"
"(7, 6, 19, 4, 0)",5,"{(19, 4, 6, 7)}","{('?', '?', '?', '?')}"
"(7, 6, 19, 8, 0)",3,"{(8, 19, 6, 7)}","{('?', '?', 2, '?')}"
"(7, 6, 22, 14, 0)",2,"{(22, 14, 6, 7)}","{(0, '?', '?', '?')}"
"(7, 6, 22, 15, 0)",1,"{(22, 15, 6, 7)}","{(0, 4, 1, 0)}"
"(7, 6, 22, 16, 0)",3,"{(16, 22, 6, 7)}","{(0, '?', 0, '?')}"
"(7, 6, 22, 19, 0)",1,"{(19, 22, 6, 7)}","{(0, 4, '?', 7)}"
"(7, 6, 22, 22, 0)",1,"{(22, 6, 7)}","{(0, 1, '?', 7)}"
"(7, 6, 24, 1, 0)",1,"{(24, 1, 6, 7)}","{(2, 1, '?', 7)}"
"(7, 6, 24, 15, 0)",1,"{(24, 15, 6, 7)}","{(2, 1, 1, 7)}"
"(7, 6, 24, 19, 0)",10,"{(24, 19, 6, 7)}","{('?', '?', '?', '?')}"
"(7, 6, 24, 23, 0)",2,"{(24, 23, 6, 7)}","{('?', '?', 2, 0)}"
"(7, 6, 24, 24, 0)",4,"{(24, 6, 7)}","{('?', '?', '?', '?')}"
"(7, 6, 24, 8, 0)",8,"{(24, 8, 6, 7)}","{('?', '?', 2, '?')}"
"(7, 6, 4, 14, 0)",6,"{(4, 14, 6, 7)}","{(0, '?', '?', '?')}"
"(7, 6, 4, 19, 0)",25,"{(19, 4, 6, 7)}","{('?', '?', '?', '?')}"
"(7, 6, 4, 22, 0)",1,"{(4, 22, 6, 7)}","{(0, 4, 7, 7)}"
"(7, 6, 4, 4, 0)",1,"{(4, 6, 7)}","{(2, 4, 3, 7)}"
"(7, 6, 4, 5, 0)",3,"{(4, 5, 6, 7)}","{('?', 4, '?', '?')}"
"(7, 6, 4, 6, 0)",4,"{(4, 6, 7)}","{(3, '?', '?', '?')}"
"(7, 6, 5, 15, 0)",2,"{(15, 5, 6, 7)}","{(4, '?', 1, 0)}"
"(7, 6, 5, 16, 0)",3,"{(16, 5, 6, 7)}","{('?', '?', 0, '?')}"
"(7, 6, 5, 19, 0)",3,"{(19, 5, 6, 7)}","{('?', 4, '?', '?')}"
"(7, 6, 5, 4, 0)",10,"{(4, 5, 6, 7)}","{('?', '?', '?', '?')}"
"(7, 6, 5, 8, 0)",4,"{(8, 5, 6, 7)}","{('?', '?', 2, '?')}"
"(7, 6, 6, 15, 0)",3,"{(15, 6, 7)}","{(3, '?', 1, '?')}"
"(7, 6, 6, 16, 0)",4,"{(16, 6, 7)}","{(3, '?', 0, '?')}"
"(7, 6, 6, 19, 0)",3,"{(19, 6, 7)}","{(3, '?', '?', 7)}"
"(7, 6, 6, 4, 0)",3,"{(4, 6, 7)}","{(3, '?', '?', '?')}"
"(7, 6, 6, 6, 0)",13,"{(6, 7)}","{(3, '?', '?', '?')}"
"(7, 6, 6, 7, 0)",1,"{(6, 7)}","{(3, 4, '?', 0)}"
"(7, 6, 6, 8, 0)",3,"{(8, 6, 7)}","{(3, '?', 2, '?')}"
"(7, 6, 7, 22, 0)",1,"{(22, 6, 7)}","{(0, 4, '?', 7)}"
"(7, 6, 8, 1, 0)",1,"{(8, 1, 6, 7)}","{(7, 1, 2, 7)}"
"(7, 6, 8, 19, 0)",1,"{(8, 19, 6, 7)}","{(3, 4, 2, 7)}"
"(7, 6, 8, 24, 0)",1,"{(8, 24, 6, 7)}","{(1, 1, 2, 0)}"
"(7, 6, 8, 5, 0)",1,"{(8, 5, 6, 7)}","{(6, 4, 2, 0)}"
"(7, 6, 8, 6, 0)",4,"{(8, 6, 7)}","{(3, '?', 2, '?')}"
"(7, 6, 8, 8, 0)",5,"{(8, 6, 7)}","{('?', '?', 2, '?')}"
"(7, 7, 11, 19, 0)",1,"{(19, 11, 7)}","{('?', 6, 5, 7)}"
"(7, 7, 11, 24, 0)",1,"{(24, 11, 7)}","{(2, 7, 4, 0)}"
"(7, 7, 13, 19, 0)",1,"{(19, 13, 7)}","{('?', 2, 5, 0)}"
"(7, 7, 13, 24, 0)",2,"{(24, 13, 7)}","{(1, 5, '?', '?')}"
"(7, 7, 13, 6, 0)",1,"{(13, 6, 7)}","{(3, 5, '?', 0)}"
"(7, 7, 15, 11, 0)",1,"{(11, 15, 7)}","{(5, 6, 0, 7)}"
"(7, 7, 15, 24, 0)",2,"{(24, 15, 7)}","{('?', 7, 1, '?')}"
"(7, 7, 16, 14, 0)",1,"{(16, 14, 7)}","{(0, 5, 0, 0)}"
"(7, 7, 19, 6, 0)",1,"{(19, 6, 7)}","{(3, 6, '?', 0)}"
"(7, 7, 20, 20, 0)",1,"{(20, 7)}","{(1, 7, 0, 7)}"
"(7, 7, 20, 6, 0)",1,"{(20, 6, 7)}","{(2, 1, 0, 7)}"
"(7, 7, 21, 24, 0)",1,"{(24, 21, 7)}","{(1, 3, 6, 7)}"
"(7, 7, 22, 19, 0)",1,"{(19, 22, 7)}","{(0, 6, '?', 7)}"
"(7, 7, 22, 8, 0)",1,"{(8, 22, 7)}","{(0, 7, 2, 0)}"
"(7, 7, 22, 9, 0)",1,"{(9, 22, 7)}","{(0, 0, 2, 0)}"
"(7, 7, 24, 11, 0)",2,"{(24, 11, 7)}","{('?', 7, '?', 7)}"
"(7, 7, 24, 15, 0)",1,"{(24, 15, 7)}","{(1, '?', 1, 0)}"
"(7, 7, 24, 19, 0)",2,"{(24, 19, 7)}","{(1, '?', '?', 0)}"
"(7, 7, 24, 6, 0)",1,"{(24, 6, 7)}","{(1, 4, '?', 0)}"
"(7, 7, 24, 8, 0)",3,"{(24, 8, 7)}","{('?', '?', 2, '?')}"
"(7, 7, 27, 19, 0)",1,"{(19, 27, 7)}","{('?', 0, 4, 7)}"
"(7, 7, 27, 6, 0)",2,"{(27, 6, 7)}","{(3, 0, '?', 7)}"
"(7, 7, 4, 15, 0)",1,"{(4, 15, 7)}","{(2, '?', 3, 0)}"
"(7, 7, 4, 6, 0)",1,"{(4, 6, 7)}","{(1, 1, 3, 0)}"
"(7, 7, 5, 16, 0)",1,"{(16, 5, 7)}","{(0, 7, 0, 7)}"
"(7, 7, 9, 6, 0)",1,"{(9, 6, 7)}","{(3, 0, 5, 7)}"
"(7, 8, 14, 19, 0)",1,"{(8, 19, 14, 7)}","{(0, '?', 2, 7)}"
"(7, 8, 19, 8, 0)",1,"{(8, 19, 7)}","{(3, '?', 2, 0)}"
"(7, 8, 27, 8, 0)",1,"{(8, 27, 7)}","{(5, 0, 2, 0)}"
"(7, 8, 6, 8, 0)",3,"{(8, 6, 7)}","{(3, '?', 2, '?')}"
"(7, 8, 8, 18, 0)",1,"{(8, 18, 7)}","{(6, 5, 2, 0)}"
"(7, 8, 8, 19, 0)",1,"{(8, 19, 7)}","{(6, '?', 2, 0)}"
"(7, 9, 19, 19, 0)",1,"{(9, 19, 7)}","{('?', 0, '?', 0)}"
"(7, 9, 19, 8, 0)",1,"{(8, 9, 19, 7)}","{('?', 0, 2, 7)}"
"(7, 9, 20, 19, 0)",1,"{(9, 19, 20, 7)}","{(2, 0, 0, 7)}"
"(7, 9, 20, 24, 0)",1,"{(24, 9, 20, 7)}","{(2, 0, 0, 0)}"
"(7, 9, 22, 8, 0)",1,"{(8, 9, 22, 7)}","{(0, 0, 2, 0)}"
"(7, 9, 24, 19, 0)",2,"{(24, 9, 19, 7)}","{(2, 0, 2, '?')}"
"(7, 9, 24, 8, 0)",2,"{(24, 9, 8, 7)}","{('?', 0, 2, '?')}"
"(7, 9, 8, 19, 0)",2,"{(8, 9, 19, 7)}","{('?', 0, 2, '?')}"
"(7, 9, 8, 24, 0)",1,"{(8, 9, 24, 7)}","{(1, 0, 2, 0)}"
"(7, 9, 8, 5, 0)",1,"{(8, 9, 5, 7)}","{(6, 0, 2, 0)}"
"(8, 17, 27, 14, 0)",1,"{(8, 17, 27, 14)}","{(0, 0, 2, 0)}"
