message,count,symbols,fixed_attribute_values
"(1, 1, 20, 27, 0)",1,"{(1, 27, 20)}","{(4, 6, '?', 1)}"
"(1, 1, 22, 27, 0)",1,"{(1, 27, 22)}","{(2, 6, 5, 3)}"
"(1, 1, 23, 17, 0)",2,"{(1, 17, 23)}","{(4, 6, '?', 5)}"
"(1, 1, 23, 20, 0)",1,"{(1, 20, 23)}","{(4, 6, '?', 1)}"
"(1, 1, 25, 27, 0)",2,"{(1, 27, 25)}","{(4, 6, '?', 5)}"
"(1, 1, 25, 9, 0)",3,"{(1, 25, 9)}","{(4, 6, '?', '?')}"
"(1, 1, 27, 27, 0)",1,"{(1, 27)}","{(4, 6, 7, '?')}"
"(1, 1, 7, 27, 0)",1,"{(1, 27, 7)}","{('?', 6, '?', 7)}"
"(1, 1, 7, 9, 0)",1,"{(1, 9, 7)}","{(4, 6, 3, 7)}"
"(1, 1, 8, 15, 0)",1,"{(8, 1, 15)}","{(4, 6, 6, 7)}"
"(1, 1, 8, 9, 0)",1,"{(8, 1, 9)}","{(4, 6, 6, 7)}"
"(1, 1, 9, 15, 0)",1,"{(1, 9, 15)}","{(4, 6, 1, '?')}"
"(1, 1, 9, 17, 0)",3,"{(1, 9, 17)}","{(4, 6, '?', '?')}"
"(1, 1, 9, 20, 0)",4,"{(1, 20, 9)}","{(4, 6, '?', '?')}"
"(1, 1, 9, 21, 0)",2,"{(1, 21, 9)}","{(4, 6, '?', '?')}"
"(1, 1, 9, 25, 0)",1,"{(1, 9, 25)}","{(4, 6, 2, 5)}"
"(1, 1, 9, 27, 0)",3,"{(1, 27, 9)}","{(4, 6, '?', '?')}"
"(1, 10, 1, 25, 0)",1,"{(1, 10, 25)}","{(5, 6, 6, 2)}"
"(1, 10, 1, 27, 0)",1,"{(1, 10, 27)}","{(7, 6, '?', 2)}"
"(1, 10, 10, 16, 0)",1,"{(16, 1, 10)}","{(3, 6, '?', 0)}"
"(1, 10, 10, 21, 0)",2,"{(1, 10, 21)}","{(3, 6, '?', 2)}"
"(1, 10, 10, 27, 0)",1,"{(1, 10, 27)}","{(3, 6, '?', 0)}"
"(1, 10, 12, 27, 0)",4,"{(1, 10, 27, 12)}","{('?', 0, '?', '?')}"
"(1, 10, 13, 15, 0)",2,"{(1, 10, 13, 15)}","{(3, 6, 4, '?')}"
"(1, 10, 13, 21, 0)",1,"{(1, 10, 21, 13)}","{(3, 6, 6, 2)}"
"(1, 10, 13, 27, 0)",1,"{(1, 10, 27, 13)}","{(3, 6, '?', 0)}"
"(1, 10, 15, 15, 0)",7,"{(1, 10, 15)}","{('?', 6, '?', '?')}"
"(1, 10, 15, 21, 0)",6,"{(1, 10, 21, 15)}","{('?', 6, '?', '?')}"
"(1, 10, 15, 25, 0)",3,"{(1, 10, 25, 15)}","{('?', 6, '?', '?')}"
"(1, 10, 15, 27, 0)",2,"{(1, 10, 27, 15)}","{('?', 6, '?', 2)}"
"(1, 10, 16, 10, 0)",2,"{(16, 1, 10)}","{(3, 6, '?', 0)}"
"(1, 10, 16, 13, 0)",1,"{(16, 1, 10, 13)}","{(3, 6, 7, 2)}"
"(1, 10, 16, 14, 0)",2,"{(16, 1, 10, 14)}","{(3, 0, '?', '?')}"
"(1, 10, 16, 16, 0)",5,"{(16, 1, 10)}","{(3, 6, '?', '?')}"
"(1, 10, 21, 13, 0)",1,"{(1, 10, 13, 21)}","{(3, 6, 6, '?')}"
"(1, 10, 21, 15, 0)",2,"{(1, 10, 21, 15)}","{('?', 6, '?', 2)}"
"(1, 10, 24, 25, 0)",1,"{(24, 1, 10, 25)}","{(5, 6, 2, 2)}"
"(1, 10, 25, 1, 0)",1,"{(1, 10, 25)}","{(7, 6, 6, 0)}"
"(1, 10, 25, 15, 0)",6,"{(1, 10, 25, 15)}","{('?', 6, '?', '?')}"
"(1, 10, 25, 21, 0)",1,"{(1, 10, 21, 25)}","{(5, 6, 6, 2)}"
"(1, 10, 25, 25, 0)",1,"{(1, 10, 25)}","{(7, 6, 2, 0)}"
"(1, 10, 25, 27, 0)",5,"{(1, 10, 27, 25)}","{('?', 6, '?', '?')}"
"(1, 10, 27, 1, 0)",1,"{(1, 10, 27)}","{(7, 6, 5, 2)}"
"(1, 10, 27, 12, 0)",2,"{(1, 10, 27, 12)}","{(5, 0, 3, '?')}"
"(1, 10, 27, 15, 0)",2,"{(1, 10, 27, 15)}","{('?', 6, '?', 2)}"
"(1, 10, 27, 27, 0)",11,"{(1, 10, 27)}","{('?', 6, '?', '?')}"
"(1, 10, 3, 13, 0)",2,"{(1, 10, 3, 13)}","{(3, 6, 0, '?')}"
"(1, 10, 3, 15, 0)",3,"{(1, 10, 3, 15)}","{('?', 6, 0, '?')}"
"(1, 10, 6, 21, 0)",2,"{(1, 10, 21, 6)}","{(3, 6, '?', 2)}"
"(1, 10, 6, 25, 0)",1,"{(1, 10, 6, 25)}","{(3, 6, 2, 2)}"
"(1, 13, 1, 20, 0)",1,"{(1, 20, 13)}","{(7, 6, '?', 1)}"
"(1, 13, 12, 15, 0)",1,"{(1, 12, 13, 15)}","{(5, 0, 4, '?')}"
"(1, 13, 12, 17, 0)",6,"{(1, 12, 13, 17)}","{('?', 0, '?', '?')}"
"(1, 13, 12, 18, 0)",2,"{(1, 18, 12, 13)}","{(5, 0, '?', 7)}"
"(1, 13, 12, 20, 0)",4,"{(1, 20, 12, 13)}","{('?', 0, '?', '?')}"
"(1, 13, 12, 21, 0)",2,"{(1, 21, 12, 13)}","{('?', 0, '?', '?')}"
"(1, 13, 12, 25, 0)",7,"{(1, 12, 13, 25)}","{('?', 0, '?', '?')}"
"(1, 13, 12, 27, 0)",2,"{(1, 27, 12, 13)}","{('?', 0, '?', '?')}"
"(1, 13, 12, 3, 0)",1,"{(1, 3, 12, 13)}","{(7, 0, 0, '?')}"
"(1, 13, 12, 7, 0)",2,"{(1, 12, 13, 7)}","{('?', 0, '?', 7)}"
"(1, 13, 12, 8, 0)",3,"{(8, 1, 12, 13)}","{('?', 0, '?', 7)}"
"(1, 13, 13, 10, 0)",2,"{(1, 10, 13)}","{(3, 6, 4, '?')}"
"(1, 13, 13, 13, 0)",1,"{(1, 13)}","{(3, 6, 1, '?')}"
"(1, 13, 13, 15, 0)",2,"{(1, 13, 15)}","{(3, 6, '?', '?')}"
"(1, 13, 13, 17, 0)",1,"{(1, 13, 17)}","{(3, 6, 1, 1)}"
"(1, 13, 14, 10, 0)",3,"{(1, 10, 13, 14)}","{(3, 0, '?', '?')}"
"(1, 13, 14, 15, 0)",1,"{(1, 13, 14, 15)}","{(3, 0, 4, '?')}"
"(1, 13, 14, 16, 0)",1,"{(16, 1, 13, 14)}","{(3, 0, '?', '?')}"
"(1, 13, 14, 17, 0)",3,"{(1, 13, 14, 17)}","{(3, 0, '?', '?')}"
"(1, 13, 14, 21, 0)",2,"{(1, 21, 13, 14)}","{(3, 0, '?', '?')}"
"(1, 13, 14, 25, 0)",3,"{(1, 13, 14, 25)}","{(3, 0, '?', '?')}"
"(1, 13, 14, 7, 0)",1,"{(1, 13, 14, 7)}","{(3, 0, '?', 7)}"
"(1, 13, 15, 15, 0)",4,"{(1, 13, 15)}","{('?', 6, '?', '?')}"
"(1, 13, 15, 17, 0)",6,"{(1, 13, 17, 15)}","{('?', 6, '?', '?')}"
"(1, 13, 15, 18, 0)",2,"{(1, 18, 13, 15)}","{('?', 6, 1, 7)}"
"(1, 13, 15, 21, 0)",1,"{(1, 21, 13, 15)}","{(7, 6, 6, '?')}"
"(1, 13, 15, 25, 0)",1,"{(1, 13, 25, 15)}","{(5, 6, 6, 1)}"
"(1, 13, 16, 10, 0)",1,"{(16, 1, 10, 13)}","{(3, 6, 2, 5)}"
"(1, 13, 16, 13, 0)",1,"{(16, 1, 13)}","{(3, 6, '?', '?')}"
"(1, 13, 17, 14, 0)",3,"{(1, 13, 17, 14)}","{(3, 0, '?', '?')}"
"(1, 13, 18, 14, 0)",2,"{(1, 18, 13, 14)}","{(3, 0, '?', 7)}"
"(1, 13, 18, 15, 0)",3,"{(1, 18, 13, 15)}","{('?', 6, '?', 7)}"
"(1, 13, 21, 10, 0)",4,"{(1, 21, 10, 13)}","{(3, 6, '?', '?')}"
"(1, 13, 21, 13, 0)",2,"{(1, 21, 13)}","{(3, 6, '?', '?')}"
"(1, 13, 21, 15, 0)",2,"{(1, 21, 13, 15)}","{('?', 6, '?', '?')}"
"(1, 13, 21, 18, 0)",1,"{(1, 21, 18, 13)}","{(5, 6, 6, 7)}"
"(1, 13, 24, 15, 0)",2,"{(24, 1, 13, 15)}","{('?', 6, 4, '?')}"
"(1, 13, 24, 17, 0)",1,"{(24, 1, 13, 17)}","{(5, 6, 4, 5)}"
"(1, 13, 24, 18, 0)",1,"{(24, 1, 18, 13)}","{(7, 6, 1, 7)}"
"(1, 13, 24, 20, 0)",2,"{(24, 1, 20, 13)}","{(5, 6, '?', '?')}"
"(1, 13, 24, 21, 0)",2,"{(24, 1, 21, 13)}","{('?', 6, '?', '?')}"
"(1, 13, 24, 25, 0)",7,"{(24, 1, 13, 25)}","{('?', 6, '?', '?')}"
"(1, 13, 24, 8, 0)",4,"{(24, 1, 13, 8)}","{('?', 6, '?', 7)}"
"(1, 13, 25, 10, 0)",1,"{(1, 10, 13, 25)}","{(3, 6, 6, 1)}"
"(1, 13, 27, 20, 0)",3,"{(1, 27, 20, 13)}","{('?', 6, '?', '?')}"
"(1, 13, 27, 21, 0)",1,"{(1, 21, 27, 13)}","{(7, 6, 6, '?')}"
"(1, 13, 27, 23, 0)",1,"{(1, 27, 13, 23)}","{(5, 6, '?', 5)}"
"(1, 13, 27, 25, 0)",5,"{(1, 27, 13, 25)}","{('?', 6, '?', '?')}"
"(1, 13, 27, 8, 0)",3,"{(8, 1, 27, 13)}","{('?', 6, '?', 7)}"
"(1, 13, 3, 10, 0)",4,"{(1, 10, 3, 13)}","{(3, '?', 0, '?')}"
"(1, 13, 3, 12, 0)",2,"{(1, 3, 12, 13)}","{('?', 0, 0, '?')}"
"(1, 13, 3, 13, 0)",1,"{(1, 3, 13)}","{(3, 6, 0, '?')}"
"(1, 13, 3, 14, 0)",2,"{(1, 3, 13, 14)}","{(3, 0, 0, '?')}"
"(1, 13, 3, 15, 0)",2,"{(1, 3, 13, 15)}","{('?', 6, 0, '?')}"
"(1, 13, 3, 17, 0)",6,"{(1, 3, 13, 17)}","{('?', '?', 0, '?')}"
"(1, 13, 3, 18, 0)",2,"{(1, 18, 3, 13)}","{('?', 0, 0, 7)}"
"(1, 13, 3, 20, 0)",1,"{(1, 3, 20, 13)}","{(5, 6, 0, 1)}"
"(1, 13, 3, 3, 0)",1,"{(1, 3, 13)}","{(7, 0, 0, '?')}"
"(1, 13, 3, 6, 0)",1,"{(1, 3, 13, 6)}","{(3, 0, 0, 7)}"
"(1, 13, 3, 7, 0)",1,"{(1, 3, 13, 7)}","{(7, 0, 0, 7)}"
"(1, 13, 6, 10, 0)",2,"{(1, 10, 13, 6)}","{(3, 6, '?', 5)}"
"(1, 13, 6, 15, 0)",1,"{(1, 13, 6, 15)}","{(3, 6, 4, '?')}"
"(1, 13, 6, 16, 0)",1,"{(16, 1, 13, 6)}","{(3, 6, 2, 7)}"
"(1, 13, 6, 17, 0)",4,"{(1, 13, 6, 17)}","{(3, 6, '?', '?')}"
"(1, 13, 6, 25, 0)",2,"{(1, 13, 6, 25)}","{(3, 6, 2, '?')}"
"(1, 13, 7, 14, 0)",1,"{(1, 13, 14, 7)}","{(3, 0, '?', 7)}"
"(1, 13, 7, 15, 0)",1,"{(1, 15, 13, 7)}","{(5, 6, '?', 7)}"
"(1, 13, 7, 27, 0)",1,"{(1, 27, 13, 7)}","{(5, 6, '?', 7)}"
"(1, 13, 8, 14, 0)",2,"{(8, 1, 13, 14)}","{(3, 0, '?', 7)}"
"(1, 15, 12, 10, 0)",3,"{(1, 10, 12, 15)}","{(6, 0, '?', '?')}"
"(1, 15, 12, 13, 0)",2,"{(1, 12, 13, 15)}","{(6, 0, '?', '?')}"
"(1, 15, 12, 14, 0)",1,"{(1, 12, 14, 15)}","{(6, 0, 1, 5)}"
"(1, 15, 12, 15, 0)",2,"{(1, 12, 15)}","{('?', 0, '?', '?')}"
"(1, 15, 12, 16, 0)",1,"{(16, 1, 12, 15)}","{(6, 0, '?', '?')}"
"(1, 15, 12, 17, 0)",2,"{(1, 12, 17, 15)}","{('?', 0, 4, '?')}"
"(1, 15, 12, 20, 0)",3,"{(1, 12, 20, 15)}","{('?', 0, '?', '?')}"
"(1, 15, 12, 21, 0)",2,"{(1, 12, 21, 15)}","{('?', 0, '?', '?')}"
"(1, 15, 12, 3, 0)",1,"{(1, 3, 12, 15)}","{('?', 0, 0, 5)}"
"(1, 15, 14, 10, 0)",1,"{(1, 10, 14, 15)}","{(6, 0, '?', 1)}"
"(1, 15, 14, 16, 0)",1,"{(16, 1, 14, 15)}","{(6, 0, '?', '?')}"
"(1, 15, 15, 10, 0)",4,"{(1, 10, 15)}","{(6, 6, '?', '?')}"
"(1, 15, 15, 13, 0)",3,"{(1, 13, 15)}","{(6, 6, '?', '?')}"
"(1, 15, 15, 15, 0)",2,"{(1, 15)}","{('?', '?', 4, '?')}"
"(1, 15, 15, 17, 0)",5,"{(1, 17, 15)}","{('?', 6, '?', '?')}"
"(1, 15, 17, 12, 0)",4,"{(1, 12, 17, 15)}","{('?', 0, '?', '?')}"
"(1, 15, 17, 14, 0)",4,"{(1, 14, 17, 15)}","{(6, 0, '?', '?')}"
"(1, 15, 17, 15, 0)",5,"{(1, 17, 15)}","{('?', 6, '?', '?')}"
"(1, 15, 18, 15, 0)",1,"{(1, 18, 15)}","{('?', '?', 4, 7)}"
"(1, 15, 20, 1, 0)",1,"{(1, 20, 15)}","{('?', 6, '?', 5)}"
"(1, 15, 20, 10, 0)",1,"{(1, 10, 20, 15)}","{(6, 0, '?', 1)}"
"(1, 15, 20, 12, 0)",1,"{(1, 20, 12, 15)}","{('?', 0, '?', 1)}"
"(1, 15, 20, 14, 0)",1,"{(1, 20, 14, 15)}","{(6, 0, '?', 1)}"
"(1, 15, 21, 10, 0)",3,"{(1, 10, 21, 15)}","{(6, 6, '?', '?')}"
"(1, 15, 21, 13, 0)",1,"{(1, 13, 21, 15)}","{(6, 6, 2, '?')}"
"(1, 15, 21, 14, 0)",1,"{(1, 21, 14, 15)}","{(6, 0, 6, '?')}"
"(1, 15, 21, 15, 0)",1,"{(1, 21, 15)}","{('?', 6, 2, '?')}"
"(1, 15, 25, 1, 0)",3,"{(1, 25, 15)}","{('?', 6, '?', '?')}"
"(1, 15, 25, 10, 0)",3,"{(1, 10, 25, 15)}","{(6, 6, '?', '?')}"
"(1, 15, 25, 12, 0)",4,"{(1, 12, 25, 15)}","{('?', 0, '?', '?')}"
"(1, 15, 25, 14, 0)",3,"{(1, 14, 25, 15)}","{(6, 0, '?', '?')}"
"(1, 15, 25, 15, 0)",2,"{(1, 25, 15)}","{('?', 6, '?', '?')}"
"(1, 15, 25, 16, 0)",4,"{(16, 1, 25, 15)}","{(6, 6, '?', '?')}"
"(1, 15, 25, 27, 0)",4,"{(1, 27, 25, 15)}","{('?', 6, '?', '?')}"
"(1, 15, 25, 4, 0)",4,"{(1, 4, 25, 15)}","{(4, 0, '?', '?')}"
"(1, 15, 25, 6, 0)",4,"{(1, 6, 25, 15)}","{(6, 6, '?', '?')}"
"(1, 15, 27, 10, 0)",2,"{(1, 10, 27, 15)}","{(6, 6, '?', '?')}"
"(1, 15, 27, 15, 0)",1,"{(1, 27, 15)}","{('?', 6, '?', '?')}"
"(1, 15, 27, 16, 0)",1,"{(16, 1, 27, 15)}","{(6, 6, '?', '?')}"
"(1, 15, 27, 20, 0)",1,"{(1, 27, 20, 15)}","{('?', 6, '?', 5)}"
"(1, 15, 27, 27, 0)",1,"{(1, 27, 15)}","{('?', 6, '?', '?')}"
"(1, 15, 3, 12, 0)",1,"{(1, 3, 12, 15)}","{('?', 0, 0, '?')}"
"(1, 15, 3, 15, 0)",1,"{(1, 3, 15)}","{('?', 6, 0, '?')}"
"(1, 15, 3, 17, 0)",1,"{(1, 3, 17, 15)}","{('?', 0, 0, 5)}"
"(1, 15, 4, 15, 0)",2,"{(1, 4, 15)}","{(4, 0, '?', '?')}"
"(1, 15, 4, 17, 0)",6,"{(1, 4, 17, 15)}","{(4, 0, '?', '?')}"
"(1, 15, 4, 20, 0)",3,"{(1, 4, 20, 15)}","{('?', 0, '?', '?')}"
"(1, 15, 4, 21, 0)",1,"{(1, 4, 21, 15)}","{(4, 0, 2, '?')}"
"(1, 15, 4, 27, 0)",1,"{(1, 27, 4, 15)}","{(4, 0, '?', '?')}"
"(1, 15, 4, 7, 0)",1,"{(1, 4, 7, 15)}","{(4, 0, '?', '?')}"
"(1, 15, 7, 12, 0)",1,"{(1, 7, 12, 15)}","{('?', 0, '?', 7)}"
"(1, 15, 7, 13, 0)",1,"{(1, 7, 13, 15)}","{(6, 6, '?', '?')}"
"(1, 15, 7, 16, 0)",1,"{(16, 1, 7, 15)}","{(6, 6, '?', 7)}"
"(1, 15, 7, 27, 0)",1,"{(1, 27, 7, 15)}","{('?', 6, '?', 7)}"
"(1, 15, 7, 6, 0)",1,"{(1, 7, 6, 15)}","{(6, 6, '?', 7)}"
"(1, 15, 8, 12, 0)",1,"{(8, 1, 12, 15)}","{('?', 0, 2, 7)}"
"(1, 15, 8, 13, 0)",1,"{(8, 1, 13, 15)}","{(6, 6, 2, 7)}"
"(1, 15, 8, 14, 0)",2,"{(8, 1, 14, 15)}","{(6, 0, '?', 7)}"
"(1, 15, 8, 15, 0)",2,"{(8, 1, 15)}","{('?', 6, '?', 7)}"
"(1, 15, 8, 18, 0)",1,"{(8, 1, 18, 15)}","{('?', 6, 6, 7)}"
"(1, 15, 8, 24, 0)",1,"{(8, 1, 24, 15)}","{('?', 6, 6, 7)}"
"(1, 15, 8, 27, 0)",2,"{(8, 1, 27, 15)}","{('?', 6, '?', 7)}"
"(1, 15, 8, 6, 0)",1,"{(8, 1, 6, 15)}","{(6, 6, 2, 7)}"
"(1, 15, 9, 15, 0)",1,"{(1, 9, 15)}","{(4, 6, 1, '?')}"
"(1, 15, 9, 17, 0)",3,"{(1, 17, 9, 15)}","{(4, 6, '?', '?')}"
"(1, 15, 9, 25, 0)",3,"{(1, 25, 9, 15)}","{(4, 6, '?', '?')}"
"(1, 16, 1, 7, 0)",1,"{(16, 1, 7)}","{(7, 6, 3, 7)}"
"(1, 16, 10, 14, 0)",1,"{(16, 1, 10, 14)}","{(3, 0, 5, 1)}"
"(1, 16, 12, 20, 0)",11,"{(16, 1, 12, 20)}","{('?', 0, '?', '?')}"
"(1, 16, 12, 27, 0)",5,"{(16, 1, 27, 12)}","{('?', 0, '?', '?')}"
"(1, 16, 12, 7, 0)",4,"{(16, 1, 12, 7)}","{('?', 0, '?', 7)}"
"(1, 16, 13, 16, 0)",2,"{(16, 1, 13)}","{(3, 6, '?', '?')}"
"(1, 16, 13, 27, 0)",1,"{(16, 1, 27, 13)}","{(3, 6, 5, '?')}"
"(1, 16, 13, 7, 0)",1,"{(16, 1, 13, 7)}","{(3, 6, 5, 7)}"
"(1, 16, 14, 10, 0)",6,"{(16, 1, 10, 14)}","{(3, 0, '?', '?')}"
"(1, 16, 14, 16, 0)",1,"{(16, 1, 14)}","{(3, 0, 7, '?')}"
"(1, 16, 14, 7, 0)",2,"{(16, 1, 14, 7)}","{(3, 0, '?', 7)}"
"(1, 16, 15, 20, 0)",5,"{(16, 1, 20, 15)}","{('?', 6, '?', '?')}"
"(1, 16, 15, 27, 0)",2,"{(16, 1, 27, 15)}","{(5, 6, '?', '?')}"
"(1, 16, 16, 10, 0)",4,"{(16, 1, 10)}","{(3, 6, '?', '?')}"
"(1, 16, 16, 13, 0)",2,"{(16, 1, 13)}","{(3, 6, '?', '?')}"
"(1, 16, 16, 20, 0)",1,"{(16, 1, 20)}","{(3, 6, 7, 1)}"
"(1, 16, 16, 27, 0)",1,"{(16, 1, 27)}","{(3, 6, 5, '?')}"
"(1, 16, 27, 15, 0)",3,"{(16, 1, 27, 15)}","{('?', 6, '?', '?')}"
"(1, 16, 27, 20, 0)",11,"{(16, 1, 27, 20)}","{('?', 6, '?', '?')}"
"(1, 16, 27, 27, 0)",5,"{(16, 1, 27)}","{('?', 6, '?', '?')}"
"(1, 16, 27, 7, 0)",2,"{(16, 1, 27, 7)}","{(7, 6, '?', 7)}"
"(1, 16, 6, 7, 0)",3,"{(16, 1, 6, 7)}","{(3, 6, '?', 7)}"
"(1, 16, 7, 1, 0)",3,"{(16, 1, 7)}","{('?', 6, '?', 7)}"
"(1, 16, 7, 13, 0)",1,"{(16, 1, 13, 7)}","{(3, 6, 5, 7)}"
"(1, 16, 7, 14, 0)",3,"{(16, 1, 14, 7)}","{(3, 0, '?', 7)}"
"(1, 16, 7, 15, 0)",6,"{(16, 1, 15, 7)}","{('?', 6, '?', 7)}"
"(1, 16, 7, 27, 0)",2,"{(16, 1, 27, 7)}","{('?', 6, '?', 7)}"
"(1, 17, 12, 3, 0)",1,"{(1, 3, 12, 17)}","{('?', 0, 0, 0)}"
"(1, 17, 15, 15, 0)",1,"{(1, 17, 15)}","{('?', 6, 1, 0)}"
"(1, 17, 17, 15, 0)",1,"{(1, 17, 15)}","{('?', 6, 4, 0)}"
"(1, 17, 19, 3, 0)",1,"{(3, 1, 19, 17)}","{(0, 6, 0, 2)}"
"(1, 17, 3, 13, 0)",1,"{(1, 3, 13, 17)}","{(6, 6, 0, 0)}"
"(1, 17, 3, 14, 0)",1,"{(1, 3, 17, 14)}","{(6, 0, 0, 0)}"
"(1, 17, 3, 15, 0)",2,"{(1, 3, 17, 15)}","{('?', 6, 0, '?')}"
"(1, 17, 4, 15, 0)",1,"{(1, 4, 17, 15)}","{(4, 0, 1, '?')}"
"(1, 18, 12, 13, 0)",2,"{(1, 18, 12, 13)}","{(6, 0, '?', 7)}"
"(1, 18, 12, 15, 0)",2,"{(1, 18, 12, 15)}","{('?', 0, '?', 7)}"
"(1, 18, 12, 18, 0)",1,"{(1, 18, 12)}","{(2, 0, 4, 7)}"
"(1, 18, 12, 19, 0)",2,"{(1, 18, 19, 12)}","{(2, 0, '?', 7)}"
"(1, 18, 12, 27, 0)",1,"{(1, 18, 27, 12)}","{('?', 0, '?', 7)}"
"(1, 18, 12, 3, 0)",1,"{(1, 18, 3, 12)}","{('?', 0, 0, 7)}"
"(1, 18, 12, 6, 0)",1,"{(1, 18, 12, 6)}","{(6, 0, 1, 7)}"
"(1, 18, 12, 8, 0)",2,"{(8, 1, 18, 12)}","{('?', 0, 2, 7)}"
"(1, 18, 15, 13, 0)",2,"{(1, 18, 13, 15)}","{(6, 6, '?', 7)}"
"(1, 18, 15, 15, 0)",2,"{(1, 18, 15)}","{('?', 6, 4, 7)}"
"(1, 18, 15, 6, 0)",2,"{(1, 18, 6, 15)}","{(6, 6, '?', 7)}"
"(1, 18, 19, 12, 0)",2,"{(1, 18, 19, 12)}","{(2, 0, '?', 7)}"
"(1, 18, 19, 15, 0)",2,"{(1, 18, 19, 15)}","{(2, 6, '?', 7)}"
"(1, 18, 19, 19, 0)",2,"{(1, 18, 19)}","{(0, 6, '?', 7)}"
"(1, 18, 19, 3, 0)",3,"{(3, 1, 18, 19)}","{('?', 6, 0, '?')}"
"(1, 18, 19, 4, 0)",1,"{(1, 18, 19, 4)}","{(0, 0, 4, 7)}"
"(1, 18, 19, 9, 0)",1,"{(1, 18, 19, 9)}","{(0, 6, 1, 7)}"
"(1, 18, 27, 16, 0)",1,"{(16, 1, 18, 27)}","{(6, 6, '?', 7)}"
"(1, 18, 27, 27, 0)",1,"{(1, 18, 27)}","{('?', 6, '?', 7)}"
"(1, 18, 3, 12, 0)",1,"{(1, 18, 3, 12)}","{('?', 0, 0, 7)}"
"(1, 18, 3, 14, 0)",1,"{(1, 18, 3, 14)}","{(6, 0, 0, 7)}"
"(1, 18, 3, 15, 0)",1,"{(1, 18, 3, 15)}","{('?', 6, 0, 7)}"
"(1, 18, 3, 18, 0)",1,"{(1, 18, 3)}","{('?', 6, 0, 7)}"
"(1, 18, 3, 19, 0)",6,"{(19, 1, 18, 3)}","{('?', 6, 0, '?')}"
"(1, 18, 3, 9, 0)",2,"{(1, 18, 3, 9)}","{('?', 6, 0, '?')}"
"(1, 18, 4, 15, 0)",1,"{(1, 18, 4, 15)}","{(4, 0, 4, 7)}"
"(1, 18, 4, 19, 0)",4,"{(1, 18, 19, 4)}","{('?', 0, '?', '?')}"
"(1, 18, 4, 21, 0)",1,"{(1, 18, 4, 21)}","{(4, 0, 6, 7)}"
"(1, 18, 4, 22, 0)",2,"{(1, 18, 4, 22)}","{('?', 0, '?', 7)}"
"(1, 18, 4, 27, 0)",1,"{(1, 18, 27, 4)}","{(4, 0, '?', 7)}"
"(1, 18, 4, 3, 0)",1,"{(1, 18, 3, 4)}","{(4, 0, 0, '?')}"
"(1, 18, 4, 8, 0)",3,"{(8, 1, 18, 4)}","{(4, 0, '?', '?')}"
"(1, 18, 7, 27, 0)",1,"{(1, 18, 27, 7)}","{('?', 6, '?', 7)}"
"(1, 18, 8, 14, 0)",1,"{(8, 1, 18, 14)}","{(6, 0, 2, 7)}"
"(1, 18, 9, 15, 0)",2,"{(1, 18, 9, 15)}","{(4, 6, '?', 7)}"
"(1, 18, 9, 18, 0)",3,"{(1, 18, 9)}","{(4, 6, '?', '?')}"
"(1, 18, 9, 19, 0)",4,"{(1, 18, 19, 9)}","{('?', 6, '?', 7)}"
"(1, 18, 9, 22, 0)",1,"{(1, 18, 9, 22)}","{(0, 6, '?', 7)}"
"(1, 18, 9, 3, 0)",3,"{(1, 18, 3, 9)}","{('?', 6, 0, '?')}"
"(1, 18, 9, 8, 0)",2,"{(8, 1, 18, 9)}","{(4, 6, '?', 7)}"
"(1, 19, 12, 12, 0)",1,"{(1, 19, 12)}","{(2, 0, '?', 7)}"
"(1, 19, 12, 15, 0)",2,"{(1, 19, 12, 15)}","{(2, 0, '?', '?')}"
"(1, 19, 12, 17, 0)",1,"{(1, 19, 12, 17)}","{(2, 0, 4, 1)}"
"(1, 19, 12, 18, 0)",1,"{(1, 18, 19, 12)}","{(2, 0, 4, 7)}"
"(1, 19, 12, 20, 0)",2,"{(1, 19, 12, 20)}","{(2, 0, '?', '?')}"
"(1, 19, 12, 21, 0)",3,"{(1, 19, 12, 21)}","{('?', 0, '?', '?')}"
"(1, 19, 12, 25, 0)",4,"{(1, 19, 12, 25)}","{(2, 0, '?', '?')}"
"(1, 19, 12, 7, 0)",1,"{(1, 19, 12, 7)}","{(2, 0, '?', 7)}"
"(1, 19, 14, 21, 0)",1,"{(1, 19, 21, 14)}","{(2, 0, 2, '?')}"
"(1, 19, 14, 25, 0)",2,"{(1, 19, 14, 25)}","{(2, 0, '?', 1)}"
"(1, 19, 15, 15, 0)",1,"{(1, 19, 15)}","{(2, 6, 1, '?')}"
"(1, 19, 15, 17, 0)",4,"{(1, 19, 17, 15)}","{(2, 6, '?', '?')}"
"(1, 19, 18, 12, 0)",2,"{(1, 18, 19, 12)}","{(2, 0, '?', 7)}"
"(1, 19, 19, 15, 0)",1,"{(1, 19, 15)}","{(2, 6, 1, '?')}"
"(1, 19, 19, 17, 0)",3,"{(1, 19, 17)}","{('?', 6, '?', '?')}"
"(1, 19, 19, 23, 0)",1,"{(1, 19, 23)}","{(0, 6, 4, 1)}"
"(1, 19, 20, 12, 0)",1,"{(1, 19, 20, 12)}","{(2, 0, '?', 1)}"
"(1, 19, 21, 15, 0)",1,"{(1, 19, 21, 15)}","{(2, 6, 2, '?')}"
"(1, 19, 21, 20, 0)",3,"{(1, 19, 20, 21)}","{(2, 6, '?', '?')}"
"(1, 19, 23, 15, 0)",1,"{(1, 19, 15, 23)}","{(0, 6, 1, 2)}"
"(1, 19, 23, 21, 0)",1,"{(1, 19, 21, 23)}","{(0, 6, 2, 2)}"
"(1, 19, 23, 3, 0)",1,"{(3, 1, 19, 23)}","{(1, 6, 0, 2)}"
"(1, 19, 25, 1, 0)",2,"{(1, 19, 25)}","{(2, 6, '?', 1)}"
"(1, 19, 25, 12, 0)",2,"{(1, 19, 12, 25)}","{('?', 0, 2, 1)}"
"(1, 19, 25, 20, 0)",1,"{(1, 19, 20, 25)}","{(2, 6, 6, 5)}"
"(1, 19, 25, 27, 0)",2,"{(27, 1, 19, 25)}","{(2, 6, '?', '?')}"
"(1, 19, 27, 15, 0)",1,"{(27, 1, 19, 15)}","{(2, 6, '?', '?')}"
"(1, 19, 27, 20, 0)",2,"{(27, 1, 19, 20)}","{(2, 6, '?', '?')}"
"(1, 19, 27, 21, 0)",1,"{(27, 1, 19, 21)}","{(2, 6, 2, '?')}"
"(1, 19, 27, 25, 0)",2,"{(27, 1, 19, 25)}","{(2, 6, '?', '?')}"
"(1, 19, 27, 27, 0)",1,"{(27, 1, 19)}","{(2, 6, '?', '?')}"
"(1, 19, 3, 15, 0)",1,"{(3, 1, 19, 15)}","{(2, 6, 0, '?')}"
"(1, 19, 3, 17, 0)",1,"{(3, 1, 19, 17)}","{(0, 0, 0, 1)}"
"(1, 19, 3, 19, 0)",1,"{(3, 1, 19)}","{(0, 6, 0, 2)}"
"(1, 19, 3, 20, 0)",1,"{(3, 1, 19, 20)}","{(0, 6, 0, 5)}"
"(1, 19, 3, 23, 0)",4,"{(3, 1, 19, 23)}","{('?', '?', 0, '?')}"
"(1, 19, 3, 9, 0)",2,"{(3, 1, 19, 9)}","{('?', 6, 0, '?')}"
"(1, 19, 4, 15, 0)",2,"{(1, 19, 4, 15)}","{('?', 0, 1, '?')}"
"(1, 19, 4, 17, 0)",2,"{(1, 19, 4, 17)}","{(1, 0, 1, '?')}"
"(1, 19, 4, 18, 0)",1,"{(1, 18, 19, 4)}","{(0, 0, 4, 7)}"
"(1, 19, 4, 20, 0)",4,"{(1, 19, 4, 20)}","{('?', 0, '?', '?')}"
"(1, 19, 4, 21, 0)",3,"{(1, 19, 4, 21)}","{('?', 0, '?', '?')}"
"(1, 19, 4, 23, 0)",1,"{(1, 19, 4, 23)}","{(1, 0, '?', 1)}"
"(1, 19, 4, 25, 0)",3,"{(1, 19, 4, 25)}","{('?', 0, '?', '?')}"
"(1, 19, 4, 27, 0)",2,"{(27, 1, 19, 4)}","{('?', 0, '?', '?')}"
"(1, 19, 4, 7, 0)",3,"{(1, 19, 4, 7)}","{('?', 0, '?', '?')}"
"(1, 19, 4, 8, 0)",5,"{(8, 1, 19, 4)}","{('?', 0, '?', '?')}"
"(1, 19, 7, 12, 0)",1,"{(1, 19, 12, 7)}","{(2, 0, '?', 7)}"
"(1, 19, 7, 15, 0)",1,"{(1, 19, 15, 7)}","{(2, 6, '?', 7)}"
"(1, 19, 8, 12, 0)",3,"{(8, 1, 19, 12)}","{('?', 0, '?', 7)}"
"(1, 19, 8, 15, 0)",2,"{(8, 1, 19, 15)}","{(2, 6, '?', 7)}"
"(1, 19, 8, 27, 0)",2,"{(8, 1, 19, 27)}","{(2, 6, '?', 7)}"
"(1, 19, 8, 4, 0)",5,"{(8, 1, 19, 4)}","{('?', 0, '?', '?')}"
"(1, 19, 8, 7, 0)",1,"{(8, 1, 19, 7)}","{(2, 6, 6, 7)}"
"(1, 19, 8, 9, 0)",3,"{(8, 1, 19, 9)}","{('?', 6, '?', 7)}"
"(1, 19, 9, 15, 0)",3,"{(1, 19, 9, 15)}","{('?', 6, '?', '?')}"
"(1, 19, 9, 17, 0)",7,"{(1, 19, 9, 17)}","{('?', 6, '?', '?')}"
"(1, 19, 9, 18, 0)",1,"{(1, 18, 19, 9)}","{(0, 6, 1, 7)}"
"(1, 19, 9, 19, 0)",1,"{(1, 19, 9)}","{(1, 6, 1, '?')}"
"(1, 19, 9, 20, 0)",4,"{(1, 19, 20, 9)}","{('?', 6, '?', '?')}"
"(1, 19, 9, 21, 0)",4,"{(1, 19, 21, 9)}","{('?', 6, '?', '?')}"
"(1, 19, 9, 25, 0)",6,"{(1, 19, 9, 25)}","{('?', 6, '?', '?')}"
"(1, 19, 9, 27, 0)",1,"{(27, 1, 19, 9)}","{(0, 6, '?', '?')}"
"(1, 19, 9, 7, 0)",2,"{(1, 19, 9, 7)}","{('?', 6, '?', 7)}"
"(1, 19, 9, 8, 0)",4,"{(8, 1, 19, 9)}","{('?', 6, '?', '?')}"
"(1, 20, 1, 15, 0)",1,"{(1, 20, 15)}","{('?', 6, 1, 0)}"
"(1, 20, 1, 16, 0)",2,"{(16, 1, 20)}","{(6, 6, '?', '?')}"
"(1, 20, 1, 27, 0)",1,"{(1, 27, 20)}","{('?', 6, '?', 2)}"
"(1, 20, 12, 10, 0)",3,"{(1, 10, 20, 12)}","{(6, 0, '?', '?')}"
"(1, 20, 12, 16, 0)",4,"{(16, 1, 20, 12)}","{(6, 0, '?', '?')}"
"(1, 20, 12, 27, 0)",2,"{(1, 27, 20, 12)}","{('?', 0, '?', 0)}"
"(1, 20, 15, 13, 0)",3,"{(1, 20, 13, 15)}","{(6, 6, '?', '?')}"
"(1, 20, 15, 15, 0)",5,"{(1, 20, 15)}","{('?', 6, '?', '?')}"
"(1, 20, 15, 16, 0)",2,"{(16, 1, 20, 15)}","{(6, 6, '?', '?')}"
"(1, 20, 17, 15, 0)",4,"{(1, 20, 17, 15)}","{('?', 6, '?', '?')}"
"(1, 20, 19, 15, 0)",4,"{(1, 19, 20, 15)}","{(2, 6, '?', '?')}"
"(1, 20, 19, 19, 0)",1,"{(1, 19, 20)}","{(0, 6, 4, 2)}"
"(1, 20, 19, 21, 0)",3,"{(1, 19, 20, 21)}","{('?', 6, 2, '?')}"
"(1, 20, 19, 25, 0)",1,"{(1, 19, 20, 25)}","{(2, 6, 2, 0)}"
"(1, 20, 19, 27, 0)",2,"{(27, 1, 19, 20)}","{('?', 6, '?', '?')}"
"(1, 20, 19, 9, 0)",2,"{(1, 19, 20, 9)}","{(0, 6, '?', 2)}"
"(1, 20, 21, 10, 0)",1,"{(1, 10, 20, 21)}","{(6, 6, 2, 0)}"
"(1, 20, 21, 13, 0)",4,"{(1, 13, 20, 21)}","{(6, 6, '?', '?')}"
"(1, 20, 21, 15, 0)",1,"{(1, 20, 21, 15)}","{('?', 6, 2, 0)}"
"(1, 20, 21, 16, 0)",1,"{(16, 1, 20, 21)}","{(6, 6, 2, 2)}"
"(1, 20, 22, 15, 0)",1,"{(1, 20, 22, 15)}","{(2, 6, 7, 2)}"
"(1, 20, 22, 27, 0)",6,"{(1, 27, 20, 22)}","{('?', 6, '?', '?')}"
"(1, 20, 22, 4, 0)",1,"{(1, 20, 4, 22)}","{('?', 0, 7, 0)}"
"(1, 20, 22, 9, 0)",3,"{(1, 20, 22, 9)}","{(0, 6, '?', '?')}"
"(1, 20, 25, 1, 0)",1,"{(1, 20, 25)}","{('?', 6, 6, 0)}"
"(1, 20, 25, 10, 0)",2,"{(1, 10, 20, 25)}","{(6, 6, 2, '?')}"
"(1, 20, 25, 12, 0)",1,"{(1, 20, 12, 25)}","{('?', 0, 2, 0)}"
"(1, 20, 25, 14, 0)",2,"{(1, 20, 25, 14)}","{(6, 0, 2, '?')}"
"(1, 20, 25, 15, 0)",4,"{(1, 20, 25, 15)}","{('?', 6, '?', '?')}"
"(1, 20, 25, 27, 0)",1,"{(1, 27, 20, 25)}","{('?', 6, 2, 2)}"
"(1, 20, 25, 6, 0)",1,"{(1, 20, 25, 6)}","{(6, 6, 2, 2)}"
"(1, 20, 27, 10, 0)",3,"{(1, 10, 27, 20)}","{(6, 6, '?', '?')}"
"(1, 20, 27, 12, 0)",2,"{(1, 27, 20, 12)}","{('?', 0, '?', 2)}"
"(1, 20, 27, 14, 0)",2,"{(1, 27, 20, 14)}","{(6, 0, '?', '?')}"
"(1, 20, 27, 15, 0)",1,"{(1, 27, 20, 15)}","{('?', 6, 3, 0)}"
"(1, 20, 27, 16, 0)",4,"{(16, 1, 27, 20)}","{(6, 6, '?', '?')}"
"(1, 20, 27, 27, 0)",6,"{(1, 27, 20)}","{('?', 6, '?', '?')}"
"(1, 20, 27, 9, 0)",1,"{(1, 27, 20, 9)}","{(4, 6, 3, 2)}"
"(1, 20, 3, 15, 0)",2,"{(1, 3, 20, 15)}","{('?', 6, 0, '?')}"
"(1, 20, 3, 19, 0)",2,"{(19, 1, 3, 20)}","{(2, 6, 0, '?')}"
"(1, 22, 12, 12, 0)",1,"{(1, 12, 22)}","{(2, 0, 3, 7)}"
"(1, 22, 12, 20, 0)",8,"{(1, 12, 20, 22)}","{('?', 0, '?', '?')}"
"(1, 22, 12, 27, 0)",3,"{(1, 27, 12, 22)}","{('?', 0, '?', '?')}"
"(1, 22, 12, 7, 0)",4,"{(1, 12, 22, 7)}","{('?', 0, '?', 7)}"
"(1, 22, 18, 1, 0)",1,"{(1, 18, 22)}","{(2, 6, 3, 7)}"
"(1, 22, 18, 12, 0)",1,"{(1, 18, 12, 22)}","{(2, 0, 3, 7)}"
"(1, 22, 18, 27, 0)",4,"{(1, 18, 27, 22)}","{('?', 6, '?', 7)}"
"(1, 22, 18, 9, 0)",2,"{(1, 18, 22, 9)}","{(0, 6, '?', 7)}"
"(1, 22, 27, 15, 0)",2,"{(1, 27, 22, 15)}","{(2, 6, '?', '?')}"
"(1, 22, 27, 20, 0)",6,"{(1, 27, 20, 22)}","{('?', 6, '?', '?')}"
"(1, 22, 27, 23, 0)",1,"{(1, 27, 22, 23)}","{(0, 6, 3, 5)}"
"(1, 22, 27, 27, 0)",2,"{(1, 27, 22)}","{(2, 6, '?', '?')}"
"(1, 22, 4, 20, 0)",9,"{(1, 4, 20, 22)}","{('?', 0, '?', '?')}"
"(1, 22, 4, 27, 0)",2,"{(1, 27, 4, 22)}","{(0, 0, '?', '?')}"
"(1, 22, 4, 7, 0)",10,"{(1, 4, 22, 7)}","{('?', 0, '?', '?')}"
"(1, 22, 7, 27, 0)",1,"{(1, 27, 22, 7)}","{(2, 6, 5, 7)}"
"(1, 22, 9, 20, 0)",11,"{(1, 20, 22, 9)}","{('?', 6, '?', '?')}"
"(1, 22, 9, 23, 0)",2,"{(1, 23, 22, 9)}","{(1, 6, '?', '?')}"
"(1, 22, 9, 27, 0)",3,"{(1, 27, 22, 9)}","{('?', 6, '?', '?')}"
"(1, 22, 9, 7, 0)",5,"{(1, 7, 22, 9)}","{('?', 6, '?', 7)}"
"(1, 23, 1, 27, 0)",2,"{(1, 27, 23)}","{(4, 6, '?', '?')}"
"(1, 23, 12, 27, 0)",3,"{(1, 27, 12, 23)}","{(4, 0, '?', '?')}"
"(1, 23, 15, 1, 0)",2,"{(1, 15, 23)}","{(4, 6, '?', '?')}"
"(1, 23, 15, 15, 0)",4,"{(1, 15, 23)}","{(4, 6, '?', '?')}"
"(1, 23, 15, 21, 0)",1,"{(1, 15, 21, 23)}","{(4, 6, 6, 0)}"
"(1, 23, 15, 25, 0)",1,"{(1, 15, 25, 23)}","{(4, 6, 6, 0)}"
"(1, 23, 15, 27, 0)",2,"{(1, 27, 15, 23)}","{(4, 6, '?', '?')}"
"(1, 23, 19, 15, 0)",5,"{(1, 19, 15, 23)}","{('?', 6, '?', '?')}"
"(1, 23, 19, 21, 0)",9,"{(1, 19, 21, 23)}","{('?', 6, '?', '?')}"
"(1, 23, 19, 25, 0)",1,"{(1, 19, 25, 23)}","{(1, 6, 2, 2)}"
"(1, 23, 19, 27, 0)",2,"{(27, 1, 19, 23)}","{('?', 6, '?', '?')}"
"(1, 23, 19, 3, 0)",3,"{(3, 1, 19, 23)}","{('?', 6, 0, '?')}"
"(1, 23, 19, 9, 0)",1,"{(1, 19, 9, 23)}","{(0, 6, 4, 2)}"
"(1, 23, 21, 15, 0)",3,"{(1, 15, 21, 23)}","{(4, 6, '?', '?')}"
"(1, 23, 22, 27, 0)",9,"{(1, 27, 22, 23)}","{('?', 6, '?', '?')}"
"(1, 23, 25, 1, 0)",2,"{(1, 25, 23)}","{(4, 6, 6, '?')}"
"(1, 23, 25, 12, 0)",2,"{(1, 12, 25, 23)}","{(4, 0, 6, '?')}"
"(1, 23, 25, 15, 0)",3,"{(1, 15, 25, 23)}","{(4, 6, '?', '?')}"
"(1, 23, 25, 27, 0)",3,"{(1, 27, 25, 23)}","{(4, 6, '?', '?')}"
"(1, 23, 27, 12, 0)",6,"{(1, 27, 12, 23)}","{(4, 0, '?', '?')}"
"(1, 23, 27, 27, 0)",6,"{(1, 27, 23)}","{(4, 6, '?', '?')}"
"(1, 23, 3, 12, 0)",1,"{(1, 3, 12, 23)}","{(4, 0, 0, 2)}"
"(1, 23, 3, 15, 0)",1,"{(1, 3, 15, 23)}","{(4, 6, 0, 0)}"
"(1, 23, 3, 19, 0)",3,"{(19, 1, 3, 23)}","{('?', 6, 0, '?')}"
"(1, 27, 1, 10, 0)",4,"{(1, 10, 27)}","{(6, 6, '?', '?')}"
"(1, 27, 1, 20, 0)",4,"{(1, 27, 20)}","{('?', 6, '?', '?')}"
"(1, 27, 1, 27, 0)",1,"{(1, 27)}","{('?', 6, 7, '?')}"
"(1, 27, 12, 10, 0)",6,"{(1, 10, 27, 12)}","{(6, 0, '?', '?')}"
"(1, 27, 12, 13, 0)",1,"{(1, 27, 12, 13)}","{(6, 0, 5, '?')}"
"(1, 27, 12, 16, 0)",2,"{(16, 1, 27, 12)}","{(6, 0, '?', '?')}"
"(1, 27, 12, 20, 0)",7,"{(1, 27, 12, 20)}","{('?', 0, '?', '?')}"
"(1, 27, 12, 23, 0)",1,"{(1, 27, 12, 23)}","{(0, 0, 5, 1)}"
"(1, 27, 12, 27, 0)",2,"{(1, 27, 12)}","{('?', 0, '?', '?')}"
"(1, 27, 12, 7, 0)",2,"{(1, 27, 12, 7)}","{('?', 0, '?', 7)}"
"(1, 27, 14, 10, 0)",2,"{(1, 10, 27, 14)}","{(6, 0, '?', '?')}"
"(1, 27, 15, 10, 0)",4,"{(1, 10, 27, 15)}","{(6, 6, '?', '?')}"
"(1, 27, 15, 27, 0)",1,"{(1, 27, 15)}","{('?', 6, 5, '?')}"
"(1, 27, 22, 20, 0)",2,"{(1, 27, 20, 22)}","{(2, 6, '?', '?')}"
"(1, 27, 22, 23, 0)",1,"{(1, 27, 22, 23)}","{(0, 6, 3, 1)}"
"(1, 27, 27, 10, 0)",3,"{(1, 10, 27)}","{(6, 6, '?', '?')}"
"(1, 27, 27, 13, 0)",1,"{(1, 27, 13)}","{(6, 6, 7, '?')}"
"(1, 27, 27, 15, 0)",3,"{(1, 27, 15)}","{('?', 6, '?', '?')}"
"(1, 27, 27, 16, 0)",1,"{(16, 1, 27)}","{(6, 6, 7, '?')}"
"(1, 27, 27, 20, 0)",1,"{(1, 27, 20)}","{(0, 6, 3, 1)}"
"(1, 27, 27, 27, 0)",3,"{(1, 27)}","{('?', 6, '?', '?')}"
"(1, 27, 4, 20, 0)",8,"{(1, 27, 4, 20)}","{('?', 0, '?', '?')}"
"(1, 27, 4, 23, 0)",2,"{(1, 27, 4, 23)}","{('?', 0, 5, '?')}"
"(1, 27, 4, 27, 0)",3,"{(1, 27, 4)}","{(4, 0, '?', '?')}"
"(1, 27, 4, 7, 0)",3,"{(1, 27, 4, 7)}","{(4, 0, '?', '?')}"
"(1, 27, 7, 1, 0)",3,"{(1, 27, 7)}","{('?', 6, '?', 7)}"
"(1, 27, 7, 12, 0)",2,"{(1, 27, 12, 7)}","{('?', 0, '?', 7)}"
"(1, 27, 7, 13, 0)",3,"{(1, 27, 13, 7)}","{(6, 6, '?', '?')}"
"(1, 27, 7, 14, 0)",2,"{(1, 27, 14, 7)}","{(6, 0, '?', 7)}"
"(1, 27, 7, 22, 0)",1,"{(1, 27, 22, 7)}","{(2, 6, 5, 7)}"
"(1, 27, 7, 6, 0)",2,"{(1, 27, 6, 7)}","{(6, 6, '?', 7)}"
"(1, 27, 7, 9, 0)",1,"{(1, 27, 9, 7)}","{(4, 6, 5, 7)}"
"(1, 27, 9, 1, 0)",2,"{(1, 27, 9)}","{(4, 6, '?', '?')}"
"(1, 27, 9, 20, 0)",3,"{(1, 27, 20, 9)}","{(4, 6, '?', '?')}"
"(1, 27, 9, 27, 0)",3,"{(1, 27, 9)}","{(4, 6, '?', '?')}"
"(1, 27, 9, 7, 0)",2,"{(1, 27, 9, 7)}","{(4, 6, '?', 7)}"
"(1, 3, 12, 10, 0)",2,"{(1, 10, 3, 12)}","{(6, 0, 0, '?')}"
"(1, 3, 12, 13, 0)",1,"{(1, 3, 12, 13)}","{(6, 0, 0, '?')}"
"(1, 3, 12, 15, 0)",1,"{(1, 3, 12, 15)}","{('?', 0, 0, '?')}"
"(1, 3, 12, 17, 0)",2,"{(1, 3, 12, 17)}","{('?', 0, 0, '?')}"
"(1, 3, 15, 10, 0)",2,"{(1, 10, 3, 15)}","{(6, 6, 0, '?')}"
"(1, 3, 15, 13, 0)",1,"{(1, 3, 13, 15)}","{(6, 6, 0, '?')}"
"(1, 3, 15, 15, 0)",1,"{(1, 3, 15)}","{('?', 6, 0, '?')}"
"(1, 3, 15, 17, 0)",1,"{(1, 3, 17, 15)}","{('?', 6, 0, 1)}"
"(1, 3, 15, 19, 0)",1,"{(19, 1, 3, 15)}","{(2, 6, 0, '?')}"
"(1, 3, 15, 3, 0)",1,"{(1, 3, 15)}","{('?', 6, 0, '?')}"
"(1, 3, 17, 1, 0)",1,"{(1, 3, 17)}","{('?', 6, 0, 1)}"
"(1, 3, 17, 13, 0)",1,"{(1, 3, 13, 17)}","{(6, 6, 0, 0)}"
"(1, 3, 17, 14, 0)",2,"{(1, 3, 17, 14)}","{(6, 0, 0, '?')}"
"(1, 3, 17, 15, 0)",1,"{(1, 3, 17, 15)}","{('?', 6, 0, 1)}"
"(1, 3, 18, 14, 0)",2,"{(1, 18, 3, 14)}","{(6, 0, 0, '?')}"
"(1, 3, 18, 15, 0)",1,"{(1, 18, 3, 15)}","{('?', 6, 0, 7)}"
"(1, 3, 4, 15, 0)",1,"{(1, 3, 4, 15)}","{(4, 0, 0, '?')}"
"(1, 3, 4, 17, 0)",2,"{(1, 3, 4, 17)}","{(4, 0, 0, '?')}"
"(1, 3, 4, 3, 0)",1,"{(1, 3, 4)}","{(4, 0, 0, '?')}"
"(1, 3, 9, 15, 0)",1,"{(1, 3, 9, 15)}","{(4, 6, 0, '?')}"
"(1, 4, 20, 12, 0)",1,"{(1, 12, 4, 20)}","{(4, 0, '?', 5)}"
"(1, 4, 25, 12, 0)",1,"{(1, 4, 12, 25)}","{(4, 0, 6, 5)}"
"(1, 4, 25, 15, 0)",1,"{(1, 4, 25, 15)}","{(4, 0, 6, 1)}"
"(1, 6, 13, 15, 0)",1,"{(1, 13, 6, 15)}","{(3, 6, 1, '?')}"
"(1, 6, 13, 18, 0)",1,"{(1, 18, 13, 6)}","{(3, 6, 4, 7)}"
"(1, 6, 15, 10, 0)",1,"{(1, 10, 6, 15)}","{(3, 6, 1, 1)}"
"(1, 6, 15, 13, 0)",1,"{(1, 13, 6, 15)}","{(3, 6, 1, 7)}"
"(1, 6, 15, 18, 0)",2,"{(1, 18, 6, 15)}","{(3, 6, '?', 7)}"
"(1, 6, 16, 6, 0)",1,"{(16, 1, 6)}","{(3, 6, 2, 7)}"
"(1, 6, 16, 7, 0)",1,"{(16, 1, 6, 7)}","{(3, 6, '?', 7)}"
"(1, 6, 16, 8, 0)",1,"{(16, 1, 6, 8)}","{(3, 6, 2, 7)}"
"(1, 6, 18, 13, 0)",2,"{(1, 18, 13, 6)}","{(3, 6, '?', 7)}"
"(1, 6, 18, 15, 0)",1,"{(1, 18, 6, 15)}","{(5, 6, 4, 7)}"
"(1, 6, 21, 13, 0)",1,"{(1, 13, 21, 6)}","{(3, 6, 2, '?')}"
"(1, 6, 27, 16, 0)",1,"{(16, 1, 27, 6)}","{(3, 6, '?', 7)}"
"(1, 6, 27, 7, 0)",2,"{(1, 27, 6, 7)}","{('?', 6, '?', 7)}"
"(1, 6, 3, 10, 0)",2,"{(1, 10, 3, 6)}","{(3, 6, 0, '?')}"
"(1, 6, 3, 13, 0)",1,"{(1, 3, 13, 6)}","{(3, 6, 0, '?')}"
"(1, 6, 3, 15, 0)",2,"{(1, 3, 6, 15)}","{('?', 6, 0, '?')}"
"(1, 6, 3, 17, 0)",1,"{(1, 3, 6, 17)}","{(7, 6, 0, 1)}"
"(1, 6, 3, 18, 0)",1,"{(1, 18, 3, 6)}","{(7, 6, 0, 7)}"
"(1, 6, 3, 6, 0)",1,"{(1, 3, 6)}","{(3, 6, 0, 7)}"
"(1, 6, 3, 7, 0)",1,"{(1, 3, 6, 7)}","{(7, 6, 0, 7)}"
"(1, 6, 7, 13, 0)",1,"{(1, 13, 6, 7)}","{(3, 6, '?', 7)}"
"(1, 6, 7, 15, 0)",1,"{(1, 15, 6, 7)}","{(5, 6, '?', 7)}"
"(1, 6, 7, 24, 0)",1,"{(24, 1, 6, 7)}","{(5, 6, '?', 7)}"
"(1, 6, 7, 6, 0)",1,"{(1, 6, 7)}","{(3, 6, '?', 7)}"
"(1, 7, 12, 6, 0)",1,"{(1, 12, 6, 7)}","{(6, 0, 7, 7)}"
"(1, 7, 27, 13, 0)",1,"{(1, 27, 13, 7)}","{(6, 6, 5, 7)}"
"(1, 7, 27, 7, 0)",1,"{(1, 27, 7)}","{(4, 6, 5, 7)}"
"(1, 7, 27, 9, 0)",2,"{(1, 27, 9, 7)}","{(4, 6, '?', 7)}"
"(1, 7, 4, 7, 0)",1,"{(1, 4, 7)}","{(4, 0, 5, 7)}"
"(1, 7, 7, 1, 0)",1,"{(1, 7)}","{(4, 6, 3, 7)}"
"(1, 7, 7, 15, 0)",1,"{(1, 15, 7)}","{('?', 6, 5, 7)}"
"(1, 7, 7, 9, 0)",1,"{(1, 9, 7)}","{(4, 6, 3, 7)}"
"(1, 7, 9, 7, 0)",1,"{(1, 9, 7)}","{(4, 6, 5, 7)}"
"(1, 8, 12, 16, 0)",1,"{(8, 1, 12, 16)}","{(6, 0, 2, 7)}"
"(1, 8, 12, 8, 0)",1,"{(8, 1, 12)}","{(6, 0, 2, 7)}"
"(1, 9, 1, 21, 0)",1,"{(1, 21, 9)}","{(4, 6, 6, '?')}"
"(1, 9, 19, 3, 0)",1,"{(3, 1, 19, 9)}","{(0, 6, 0, '?')}"
"(1, 9, 21, 15, 0)",2,"{(1, 21, 9, 15)}","{(4, 6, '?', '?')}"
"(1, 9, 21, 21, 0)",1,"{(1, 21, 9)}","{(4, 6, 2, '?')}"
"(1, 9, 22, 18, 0)",1,"{(1, 18, 9, 22)}","{(0, 6, '?', 7)}"
"(1, 9, 22, 7, 0)",2,"{(1, 7, 9, 22)}","{('?', 6, '?', 7)}"
"(1, 9, 22, 8, 0)",1,"{(8, 1, 9, 22)}","{(1, 6, 6, '?')}"
"(1, 9, 25, 27, 0)",3,"{(1, 27, 9, 25)}","{(4, 6, '?', '?')}"
"(1, 9, 27, 20, 0)",1,"{(1, 27, 20, 9)}","{(4, 6, '?', 1)}"
"(1, 9, 27, 21, 0)",2,"{(1, 27, 21, 9)}","{(4, 6, '?', '?')}"
"(1, 9, 7, 22, 0)",1,"{(1, 22, 9, 7)}","{(0, 6, '?', 7)}"
"(1, 9, 7, 27, 0)",1,"{(1, 27, 9, 7)}","{(4, 6, 2, 7)}"
"(1, 9, 8, 15, 0)",2,"{(8, 1, 9, 15)}","{(4, 6, '?', 7)}"
"(1, 9, 8, 22, 0)",2,"{(8, 1, 9, 22)}","{(1, 6, '?', 7)}"
"(1, 9, 8, 27, 0)",1,"{(8, 1, 27, 9)}","{(4, 6, 6, 7)}"
"(1, 9, 9, 21, 0)",1,"{(1, 21, 9)}","{(4, 6, 2, '?')}"
"(10, 10, 10, 14, 0)",1,"{(10, 14)}","{(3, 0, '?', 2)}"
"(10, 10, 12, 6, 0)",1,"{(10, 12, 6)}","{(3, 0, 2, 2)}"
"(10, 10, 14, 21, 0)",1,"{(10, 21, 14)}","{(3, 0, 2, 2)}"
"(10, 10, 14, 25, 0)",2,"{(25, 10, 14)}","{(3, 0, '?', '?')}"
"(10, 10, 16, 10, 0)",1,"{(16, 10)}","{(3, 0, '?', 2)}"
"(10, 10, 16, 14, 0)",1,"{(16, 10, 14)}","{(3, 0, '?', 2)}"
"(10, 10, 25, 14, 0)",2,"{(25, 10, 14)}","{(3, 0, '?', '?')}"
"(10, 16, 10, 14, 0)",1,"{(16, 10, 14)}","{(3, 0, 7, 0)}"
"(10, 16, 16, 14, 0)",2,"{(16, 10, 14)}","{(3, 0, '?', '?')}"
"(10, 27, 12, 27, 0)",1,"{(10, 27, 12)}","{(5, 0, 7, 2)}"
"(11, 1, 12, 10, 0)",2,"{(1, 10, 11, 12)}","{(6, 4, '?', '?')}"
"(11, 1, 12, 20, 0)",1,"{(1, 11, 12, 20)}","{('?', 4, 7, 5)}"
"(11, 1, 4, 20, 0)",4,"{(1, 11, 4, 20)}","{(4, 4, '?', '?')}"
"(11, 1, 9, 20, 0)",2,"{(1, 11, 20, 9)}","{(4, 2, '?', 1)}"
"(11, 10, 12, 27, 0)",7,"{(27, 10, 11, 12)}","{('?', 4, '?', '?')}"
"(11, 10, 16, 10, 0)",1,"{(16, 10, 11)}","{(3, 4, 7, 0)}"
"(11, 10, 16, 12, 0)",1,"{(16, 10, 11, 12)}","{(3, 4, 3, 0)}"
"(11, 10, 16, 13, 0)",1,"{(16, 10, 11, 13)}","{(3, 2, 7, 2)}"
"(11, 10, 16, 14, 0)",5,"{(16, 10, 11, 14)}","{(3, 4, '?', '?')}"
"(11, 10, 16, 16, 0)",3,"{(16, 10, 11)}","{(3, '?', '?', '?')}"
"(11, 10, 16, 6, 0)",4,"{(16, 10, 11, 6)}","{(3, 2, '?', '?')}"
"(11, 10, 24, 27, 0)",8,"{(24, 27, 10, 11)}","{('?', 2, '?', '?')}"
"(11, 10, 27, 12, 0)",9,"{(27, 10, 11, 12)}","{('?', 4, '?', '?')}"
"(11, 10, 27, 27, 0)",12,"{(27, 10, 11)}","{('?', 4, '?', '?')}"
"(11, 10, 6, 16, 0)",5,"{(16, 10, 11, 6)}","{(3, 2, '?', '?')}"
"(11, 10, 6, 27, 0)",3,"{(27, 10, 11, 6)}","{(3, 2, '?', '?')}"
"(11, 12, 12, 20, 0)",2,"{(11, 12, 20)}","{('?', 4, '?', '?')}"
"(11, 12, 20, 14, 0)",1,"{(11, 12, 20, 14)}","{(6, 4, 5, 5)}"
"(11, 12, 20, 16, 0)",1,"{(16, 11, 12, 20)}","{(6, 4, 5, 1)}"
"(11, 12, 27, 10, 0)",1,"{(27, 10, 11, 12)}","{(6, 4, 7, 1)}"
"(11, 12, 7, 12, 0)",1,"{(11, 12, 7)}","{('?', 4, 5, 7)}"
"(11, 13, 12, 10, 0)",1,"{(10, 11, 12, 13)}","{(3, 4, 5, 5)}"
"(11, 13, 12, 20, 0)",12,"{(20, 11, 12, 13)}","{('?', 4, '?', '?')}"
"(11, 13, 12, 27, 0)",5,"{(27, 11, 12, 13)}","{('?', 4, '?', '?')}"
"(11, 13, 12, 7, 0)",5,"{(11, 12, 13, 7)}","{('?', 4, '?', 7)}"
"(11, 13, 14, 10, 0)",6,"{(10, 11, 13, 14)}","{(3, 4, '?', '?')}"
"(11, 13, 14, 16, 0)",3,"{(16, 11, 13, 14)}","{(3, 4, '?', '?')}"
"(11, 13, 14, 20, 0)",3,"{(11, 20, 13, 14)}","{(3, 4, '?', '?')}"
"(11, 13, 16, 14, 0)",1,"{(16, 11, 13, 14)}","{(3, 4, 3, '?')}"
"(11, 13, 24, 10, 0)",2,"{(24, 10, 11, 13)}","{(3, 2, '?', 1)}"
"(11, 13, 24, 16, 0)",1,"{(24, 16, 11, 13)}","{(3, 2, 7, '?')}"
"(11, 13, 24, 20, 0)",10,"{(24, 11, 20, 13)}","{('?', 2, '?', '?')}"
"(11, 13, 24, 27, 0)",5,"{(24, 27, 11, 13)}","{('?', 2, '?', '?')}"
"(11, 13, 27, 15, 0)",2,"{(27, 11, 13, 15)}","{(5, 4, '?', '?')}"
"(11, 13, 27, 27, 0)",5,"{(27, 11, 13)}","{('?', 4, '?', '?')}"
"(11, 13, 6, 10, 0)",5,"{(10, 11, 13, 6)}","{(3, 2, '?', '?')}"
"(11, 13, 6, 16, 0)",3,"{(16, 11, 13, 6)}","{(3, 2, '?', '?')}"
"(11, 13, 6, 20, 0)",1,"{(11, 20, 13, 6)}","{(3, 2, 5, 5)}"
"(11, 13, 7, 12, 0)",5,"{(11, 12, 13, 7)}","{('?', 4, '?', 7)}"
"(11, 13, 7, 14, 0)",2,"{(11, 13, 14, 7)}","{(3, 4, '?', 7)}"
"(11, 13, 7, 7, 0)",1,"{(11, 13, 7)}","{(7, 4, 5, 7)}"
"(11, 15, 12, 10, 0)",5,"{(10, 11, 12, 15)}","{(6, 4, '?', '?')}"
"(11, 15, 12, 16, 0)",2,"{(16, 11, 12, 15)}","{(6, 4, '?', '?')}"
"(11, 15, 12, 20, 0)",5,"{(11, 12, 20, 15)}","{('?', 4, '?', '?')}"
"(11, 15, 12, 27, 0)",2,"{(27, 11, 12, 15)}","{('?', 4, '?', '?')}"
"(11, 15, 20, 10, 0)",1,"{(10, 11, 20, 15)}","{(6, 4, 3, 1)}"
"(11, 15, 20, 14, 0)",2,"{(11, 20, 14, 15)}","{(6, 4, '?', 1)}"
"(11, 15, 27, 12, 0)",1,"{(27, 11, 12, 15)}","{('?', 4, 7, '?')}"
"(11, 15, 27, 14, 0)",1,"{(27, 11, 14, 15)}","{(6, 4, 3, '?')}"
"(11, 15, 4, 20, 0)",6,"{(11, 4, 20, 15)}","{(4, 4, '?', '?')}"
"(11, 15, 4, 27, 0)",2,"{(27, 11, 4, 15)}","{(4, 4, '?', '?')}"
"(11, 16, 12, 27, 0)",1,"{(16, 27, 11, 12)}","{(5, 4, 7, '?')}"
"(11, 16, 12, 7, 0)",2,"{(16, 11, 12, 7)}","{('?', 4, 7, 7)}"
"(11, 16, 14, 10, 0)",5,"{(16, 10, 11, 14)}","{(3, 4, '?', '?')}"
"(11, 16, 14, 16, 0)",2,"{(16, 11, 14)}","{(3, 4, '?', '?')}"
"(11, 16, 14, 20, 0)",1,"{(16, 11, 20, 14)}","{(3, 4, 3, 1)}"
"(11, 16, 14, 7, 0)",3,"{(16, 11, 14, 7)}","{(3, 4, '?', 7)}"
"(11, 16, 16, 10, 0)",1,"{(16, 10, 11)}","{(3, 2, 3, 1)}"
"(11, 16, 24, 20, 0)",9,"{(16, 24, 11, 20)}","{('?', 2, '?', '?')}"
"(11, 16, 24, 27, 0)",1,"{(16, 24, 11, 27)}","{(5, 2, 7, '?')}"
"(11, 16, 6, 10, 0)",5,"{(16, 10, 11, 6)}","{(3, 2, '?', '?')}"
"(11, 16, 7, 14, 0)",3,"{(16, 11, 14, 7)}","{(3, 4, '?', 7)}"
"(11, 16, 7, 7, 0)",1,"{(16, 11, 7)}","{(3, 4, 5, 7)}"
"(11, 18, 12, 16, 0)",1,"{(16, 18, 11, 12)}","{(6, 4, 3, 7)}"
"(11, 18, 12, 22, 0)",1,"{(18, 11, 12, 22)}","{(2, 4, 3, 7)}"
"(11, 18, 12, 27, 0)",3,"{(27, 18, 11, 12)}","{('?', 4, '?', 7)}"
"(11, 18, 12, 7, 0)",4,"{(18, 11, 12, 7)}","{('?', 4, '?', 7)}"
"(11, 18, 22, 24, 0)",1,"{(24, 18, 11, 22)}","{(2, 2, 3, 7)}"
"(11, 18, 4, 22, 0)",5,"{(18, 11, 4, 22)}","{('?', 4, '?', 7)}"
"(11, 18, 4, 27, 0)",1,"{(27, 18, 11, 4)}","{(4, 4, 3, 7)}"
"(11, 18, 4, 7, 0)",1,"{(18, 11, 4, 7)}","{(4, 4, 3, 7)}"
"(11, 19, 12, 10, 0)",2,"{(19, 10, 11, 12)}","{(2, 4, '?', '?')}"
"(11, 19, 12, 20, 0)",4,"{(19, 11, 12, 20)}","{(2, 4, '?', '?')}"
"(11, 19, 12, 27, 0)",2,"{(19, 27, 11, 12)}","{(2, 4, '?', '?')}"
"(11, 19, 12, 7, 0)",2,"{(19, 11, 12, 7)}","{(2, 4, '?', 7)}"
"(11, 19, 18, 24, 0)",2,"{(19, 24, 18, 11)}","{(2, 2, '?', 7)}"
"(11, 19, 22, 9, 0)",1,"{(19, 9, 11, 22)}","{(0, 2, 5, '?')}"
"(11, 19, 24, 18, 0)",1,"{(19, 24, 18, 11)}","{(2, 2, 5, 7)}"
"(11, 19, 24, 20, 0)",5,"{(19, 24, 11, 20)}","{(2, 2, '?', '?')}"
"(11, 19, 24, 27, 0)",3,"{(19, 24, 11, 27)}","{(2, 2, '?', '?')}"
"(11, 19, 4, 16, 0)",3,"{(19, 16, 11, 4)}","{(1, 4, '?', '?')}"
"(11, 19, 4, 20, 0)",7,"{(19, 11, 4, 20)}","{('?', 4, '?', '?')}"
"(11, 19, 4, 27, 0)",5,"{(19, 27, 11, 4)}","{('?', 4, '?', '?')}"
"(11, 19, 4, 7, 0)",2,"{(19, 11, 4, 7)}","{('?', 4, 7, 7)}"
"(11, 19, 7, 24, 0)",2,"{(19, 24, 11, 7)}","{(2, 2, '?', 7)}"
"(11, 19, 9, 1, 0)",1,"{(19, 9, 11, 1)}","{(0, 2, 5, '?')}"
"(11, 19, 9, 20, 0)",6,"{(19, 9, 11, 20)}","{('?', 2, '?', '?')}"
"(11, 19, 9, 23, 0)",2,"{(19, 9, 11, 23)}","{('?', 2, 3, '?')}"
"(11, 19, 9, 27, 0)",3,"{(19, 9, 11, 27)}","{(0, 2, '?', '?')}"
"(11, 20, 12, 16, 0)",2,"{(16, 11, 20, 12)}","{(6, 4, '?', 0)}"
"(11, 20, 12, 20, 0)",1,"{(11, 20, 12)}","{('?', 4, 5, 0)}"
"(11, 20, 12, 27, 0)",2,"{(27, 11, 20, 12)}","{('?', 4, '?', 0)}"
"(11, 20, 22, 12, 0)",7,"{(11, 20, 12, 22)}","{('?', 4, '?', '?')}"
"(11, 20, 22, 24, 0)",4,"{(24, 11, 20, 22)}","{(2, 2, '?', '?')}"
"(11, 20, 22, 27, 0)",2,"{(27, 11, 20, 22)}","{(2, 4, '?', 2)}"
"(11, 20, 22, 4, 0)",2,"{(11, 20, 4, 22)}","{(0, 4, '?', 2)}"
"(11, 20, 22, 9, 0)",2,"{(9, 11, 20, 22)}","{(0, 2, 3, '?')}"
"(11, 20, 24, 16, 0)",6,"{(24, 16, 11, 20)}","{(6, 2, '?', '?')}"
"(11, 20, 24, 27, 0)",5,"{(24, 27, 11, 20)}","{('?', 2, '?', '?')}"
"(11, 20, 24, 6, 0)",1,"{(24, 11, 20, 6)}","{(6, 2, 5, 0)}"
"(11, 20, 27, 12, 0)",6,"{(27, 11, 20, 12)}","{('?', 4, '?', '?')}"
"(11, 20, 27, 14, 0)",6,"{(27, 11, 20, 14)}","{(6, 4, '?', '?')}"
"(11, 20, 27, 16, 0)",3,"{(27, 16, 11, 20)}","{(6, '?', '?', '?')}"
"(11, 20, 27, 20, 0)",1,"{(27, 11, 20)}","{('?', 4, 7, 0)}"
"(11, 20, 27, 27, 0)",5,"{(27, 11, 20)}","{('?', 4, '?', '?')}"
"(11, 20, 27, 4, 0)",4,"{(27, 11, 20, 4)}","{(4, 4, '?', '?')}"
"(11, 22, 12, 20, 0)",3,"{(11, 12, 20, 22)}","{(2, 4, '?', '?')}"
"(11, 22, 12, 27, 0)",2,"{(27, 11, 12, 22)}","{(2, 4, '?', '?')}"
"(11, 22, 12, 7, 0)",2,"{(11, 12, 22, 7)}","{(2, 4, '?', 7)}"
"(11, 22, 18, 24, 0)",3,"{(24, 18, 11, 22)}","{('?', 2, '?', 7)}"
"(11, 22, 18, 9, 0)",1,"{(9, 18, 11, 22)}","{(0, 2, 3, 7)}"
"(11, 22, 24, 20, 0)",1,"{(24, 11, 20, 22)}","{(2, 2, 3, 1)}"
"(11, 22, 4, 20, 0)",7,"{(11, 4, 20, 22)}","{('?', 4, '?', '?')}"
"(11, 22, 4, 23, 0)",3,"{(11, 4, 22, 23)}","{(0, 4, '?', '?')}"
"(11, 22, 4, 27, 0)",5,"{(27, 11, 4, 22)}","{('?', 4, '?', '?')}"
"(11, 22, 4, 7, 0)",6,"{(11, 4, 22, 7)}","{('?', 4, '?', 7)}"
"(11, 22, 9, 1, 0)",1,"{(9, 11, 22, 1)}","{(0, 2, 5, '?')}"
"(11, 22, 9, 18, 0)",6,"{(9, 18, 11, 22)}","{('?', 2, '?', 7)}"
"(11, 22, 9, 20, 0)",9,"{(9, 11, 20, 22)}","{('?', 2, '?', '?')}"
"(11, 22, 9, 23, 0)",1,"{(9, 11, 22, 23)}","{(1, 2, 5, 5)}"
"(11, 22, 9, 24, 0)",1,"{(24, 9, 11, 22)}","{(1, 2, 7, '?')}"
"(11, 22, 9, 27, 0)",4,"{(27, 9, 11, 22)}","{('?', 2, '?', '?')}"
"(11, 22, 9, 7, 0)",7,"{(9, 11, 22, 7)}","{('?', 2, '?', '?')}"
"(11, 22, 9, 9, 0)",2,"{(9, 11, 22)}","{(0, 2, '?', '?')}"
"(11, 23, 22, 12, 0)",5,"{(11, 12, 22, 23)}","{('?', 4, '?', '?')}"
"(11, 23, 22, 24, 0)",10,"{(24, 11, 22, 23)}","{('?', 2, '?', '?')}"
"(11, 23, 22, 4, 0)",9,"{(11, 4, 22, 23)}","{('?', 4, '?', '?')}"
"(11, 23, 22, 9, 0)",5,"{(9, 11, 22, 23)}","{('?', 2, '?', '?')}"
"(11, 23, 24, 27, 0)",3,"{(24, 27, 11, 23)}","{(4, 2, '?', 0)}"
"(11, 23, 27, 12, 0)",4,"{(27, 11, 12, 23)}","{(4, 4, '?', '?')}"
"(11, 23, 27, 15, 0)",1,"{(27, 11, 15, 23)}","{(4, 4, 3, 0)}"
"(11, 23, 27, 24, 0)",3,"{(27, 24, 11, 23)}","{(4, 2, '?', 0)}"
"(11, 23, 27, 27, 0)",5,"{(27, 11, 23)}","{(4, '?', '?', '?')}"
"(11, 23, 27, 4, 0)",1,"{(27, 11, 4, 23)}","{(4, 4, 3, 0)}"
"(11, 24, 1, 10, 0)",1,"{(24, 1, 10, 11)}","{(6, 2, 3, 5)}"
"(11, 24, 1, 20, 0)",3,"{(24, 1, 11, 20)}","{('?', 2, '?', '?')}"
"(11, 24, 20, 10, 0)",3,"{(24, 10, 11, 20)}","{(6, 2, '?', 1)}"
"(11, 24, 20, 16, 0)",1,"{(24, 16, 11, 20)}","{(6, 2, 3, 1)}"
"(11, 24, 20, 20, 0)",1,"{(24, 11, 20)}","{('?', 2, 5, 1)}"
"(11, 24, 20, 24, 0)",3,"{(24, 11, 20)}","{('?', 2, '?', '?')}"
"(11, 24, 22, 20, 0)",1,"{(24, 11, 20, 22)}","{(2, 2, 3, 5)}"
"(11, 24, 24, 20, 0)",3,"{(24, 11, 20)}","{('?', 2, '?', '?')}"
"(11, 24, 27, 10, 0)",5,"{(24, 27, 10, 11)}","{(6, 2, '?', '?')}"
"(11, 24, 27, 13, 0)",2,"{(24, 27, 11, 13)}","{(6, 2, '?', '?')}"
"(11, 24, 27, 16, 0)",2,"{(24, 27, 11, 16)}","{(6, 2, '?', '?')}"
"(11, 24, 27, 20, 0)",3,"{(24, 27, 11, 20)}","{('?', 2, '?', '?')}"
"(11, 24, 27, 24, 0)",2,"{(24, 27, 11)}","{('?', 2, '?', '?')}"
"(11, 24, 27, 6, 0)",2,"{(24, 27, 11, 6)}","{(6, 2, '?', '?')}"
"(11, 24, 7, 24, 0)",4,"{(24, 11, 7)}","{('?', 2, '?', 7)}"
"(11, 24, 7, 6, 0)",3,"{(24, 11, 6, 7)}","{(6, 2, '?', 7)}"
"(11, 24, 9, 20, 0)",3,"{(24, 9, 11, 20)}","{(4, 2, '?', '?')}"
"(11, 27, 12, 10, 0)",1,"{(27, 10, 11, 12)}","{(6, 4, 5, 5)}"
"(11, 27, 12, 16, 0)",2,"{(27, 16, 11, 12)}","{(6, 4, '?', '?')}"
"(11, 27, 12, 20, 0)",4,"{(27, 11, 12, 20)}","{('?', 4, '?', '?')}"
"(11, 27, 12, 27, 0)",2,"{(27, 11, 12)}","{('?', 4, '?', '?')}"
"(11, 27, 27, 12, 0)",1,"{(27, 11, 12)}","{('?', 4, 3, '?')}"
"(11, 27, 27, 14, 0)",1,"{(27, 11, 14)}","{(6, 4, 5, '?')}"
"(11, 27, 27, 16, 0)",1,"{(27, 16, 11)}","{(6, 4, 5, '?')}"
"(11, 27, 4, 20, 0)",6,"{(27, 11, 4, 20)}","{(4, 4, '?', '?')}"
"(11, 27, 4, 27, 0)",2,"{(27, 11, 4)}","{(4, 4, '?', '?')}"
"(11, 27, 9, 1, 0)",1,"{(27, 9, 11, 1)}","{(4, 2, 5, '?')}"
"(11, 27, 9, 20, 0)",4,"{(27, 9, 11, 20)}","{(4, 2, '?', '?')}"
"(11, 27, 9, 23, 0)",1,"{(27, 9, 11, 23)}","{(4, 2, 5, 5)}"
"(11, 27, 9, 27, 0)",1,"{(27, 9, 11)}","{(4, 2, 7, '?')}"
"(11, 4, 27, 18, 0)",1,"{(27, 18, 11, 4)}","{(4, 4, 3, 7)}"
"(11, 4, 27, 20, 0)",1,"{(27, 11, 4, 20)}","{(4, 4, 3, 1)}"
"(11, 6, 16, 10, 0)",1,"{(16, 10, 11, 6)}","{(3, 2, 5, 1)}"
"(11, 6, 16, 24, 0)",1,"{(16, 24, 11, 6)}","{(3, 2, 5, '?')}"
"(11, 6, 16, 6, 0)",3,"{(16, 11, 6)}","{(3, 2, '?', '?')}"
"(11, 6, 24, 16, 0)",1,"{(24, 16, 11, 6)}","{(3, 2, 3, '?')}"
"(11, 6, 24, 20, 0)",9,"{(24, 11, 20, 6)}","{('?', 2, '?', '?')}"
"(11, 6, 24, 27, 0)",1,"{(24, 27, 11, 6)}","{(5, 2, 5, '?')}"
"(11, 6, 24, 7, 0)",5,"{(24, 11, 6, 7)}","{('?', 2, '?', 7)}"
"(11, 6, 6, 10, 0)",1,"{(10, 11, 6)}","{(3, 2, 3, 1)}"
"(11, 6, 6, 7, 0)",3,"{(11, 6, 7)}","{(3, 2, '?', 7)}"
"(11, 6, 7, 16, 0)",2,"{(16, 11, 6, 7)}","{(3, 2, '?', 7)}"
"(11, 9, 22, 9, 0)",1,"{(9, 11, 22)}","{(0, 2, 5, '?')}"
"(11, 9, 24, 20, 0)",1,"{(24, 9, 11, 20)}","{(4, 2, 3, 5)}"
"(11, 9, 24, 27, 0)",3,"{(24, 9, 11, 27)}","{(4, 2, '?', '?')}"
"(11, 9, 27, 15, 0)",1,"{(27, 9, 11, 15)}","{(4, 2, 5, '?')}"
"(11, 9, 27, 20, 0)",2,"{(27, 9, 11, 20)}","{(4, 2, '?', 5)}"
"(11, 9, 27, 24, 0)",5,"{(27, 9, 11, 24)}","{(4, 2, '?', '?')}"
"(11, 9, 27, 27, 0)",3,"{(27, 9, 11)}","{(4, 2, '?', '?')}"
"(11, 9, 7, 1, 0)",1,"{(9, 11, 1, 7)}","{(4, 2, 5, 7)}"
"(11, 9, 7, 12, 0)",1,"{(9, 11, 12, 7)}","{(4, 2, 3, 7)}"
"(11, 9, 7, 24, 0)",4,"{(24, 9, 11, 7)}","{(4, 2, '?', '?')}"
"(11, 9, 7, 27, 0)",1,"{(27, 9, 11, 7)}","{(4, 2, 5, 7)}"
"(11, 9, 9, 20, 0)",1,"{(9, 11, 20)}","{(4, 2, 3, 1)}"
"(11, 9, 9, 23, 0)",1,"{(9, 11, 23)}","{(4, 2, 7, 1)}"
"(11, 9, 9, 27, 0)",2,"{(27, 9, 11)}","{(4, 2, '?', '?')}"
"(12, 10, 10, 12, 0)",1,"{(10, 12)}","{(3, 3, '?', 0)}"
"(12, 10, 10, 13, 0)",2,"{(10, 12, 13)}","{(3, '?', '?', 2)}"
"(12, 10, 10, 15, 0)",2,"{(10, 12, 15)}","{(3, '?', '?', 2)}"
"(12, 10, 10, 16, 0)",4,"{(16, 10, 12)}","{(3, '?', '?', '?')}"
"(12, 10, 10, 21, 0)",5,"{(10, 12, 21)}","{(3, '?', '?', '?')}"
"(12, 10, 10, 25, 0)",1,"{(25, 10, 12)}","{(3, 3, 2, 2)}"
"(12, 10, 10, 27, 0)",4,"{(10, 27, 12)}","{(3, '?', '?', '?')}"
"(12, 10, 12, 21, 0)",5,"{(10, 12, 21)}","{('?', '?', '?', '?')}"
"(12, 10, 12, 25, 0)",12,"{(25, 10, 12)}","{('?', '?', '?', '?')}"
"(12, 10, 12, 27, 0)",8,"{(10, 27, 12)}","{('?', '?', '?', '?')}"
"(12, 10, 13, 13, 0)",3,"{(10, 12, 13)}","{(3, '?', '?', '?')}"
"(12, 10, 13, 15, 0)",3,"{(10, 12, 13, 15)}","{(3, '?', '?', '?')}"
"(12, 10, 13, 17, 0)",1,"{(17, 10, 12, 13)}","{(3, 3, 4, 0)}"
"(12, 10, 15, 12, 0)",1,"{(10, 12, 15)}","{(5, 3, 4, 0)}"
"(12, 10, 15, 15, 0)",10,"{(10, 12, 15)}","{('?', '?', '?', '?')}"
"(12, 10, 15, 17, 0)",1,"{(17, 10, 12, 15)}","{(7, 7, 1, 2)}"
"(12, 10, 15, 25, 0)",3,"{(25, 10, 12, 15)}","{('?', '?', '?', '?')}"
"(12, 10, 16, 10, 0)",3,"{(16, 10, 12)}","{(3, '?', '?', '?')}"
"(12, 10, 16, 12, 0)",1,"{(16, 10, 12)}","{(3, 7, 7, 2)}"
"(12, 10, 16, 13, 0)",5,"{(16, 10, 12, 13)}","{(3, '?', '?', '?')}"
"(12, 10, 16, 14, 0)",6,"{(16, 10, 12, 14)}","{(3, '?', '?', '?')}"
"(12, 10, 16, 16, 0)",10,"{(16, 10, 12)}","{(3, '?', '?', '?')}"
"(12, 10, 16, 20, 0)",1,"{(16, 10, 12, 20)}","{(3, 3, 3, 2)}"
"(12, 10, 17, 12, 0)",4,"{(17, 10, 12)}","{('?', 3, '?', '?')}"
"(12, 10, 17, 13, 0)",1,"{(17, 10, 12, 13)}","{(3, 3, 4, 0)}"
"(12, 10, 17, 15, 0)",14,"{(17, 10, 12, 15)}","{('?', '?', '?', '?')}"
"(12, 10, 20, 25, 0)",1,"{(25, 10, 12, 20)}","{(7, 7, 2, 0)}"
"(12, 10, 25, 13, 0)",1,"{(25, 10, 12, 13)}","{(3, 3, 6, 0)}"
"(12, 10, 25, 16, 0)",1,"{(16, 25, 10, 12)}","{(3, 7, 2, 0)}"
"(12, 10, 25, 6, 0)",1,"{(25, 10, 12, 6)}","{(3, 7, 6, 0)}"
"(12, 10, 27, 1, 0)",1,"{(1, 10, 27, 12)}","{(7, 3, 7, 2)}"
"(12, 10, 27, 12, 0)",16,"{(10, 27, 12)}","{('?', '?', '?', '?')}"
"(12, 10, 27, 20, 0)",12,"{(10, 27, 12, 20)}","{('?', '?', '?', '?')}"
"(12, 10, 27, 27, 0)",18,"{(10, 27, 12)}","{('?', '?', '?', '?')}"
"(12, 10, 3, 13, 0)",2,"{(10, 3, 12, 13)}","{(3, 3, 0, '?')}"
"(12, 10, 3, 15, 0)",8,"{(10, 3, 12, 15)}","{('?', '?', 0, '?')}"
"(12, 10, 3, 17, 0)",4,"{(17, 10, 3, 12)}","{('?', '?', 0, '?')}"
"(12, 10, 3, 27, 0)",1,"{(27, 10, 3, 12)}","{(5, 7, 0, 0)}"
"(12, 10, 3, 3, 0)",1,"{(10, 3, 12)}","{(5, 7, 0, 0)}"
"(12, 10, 6, 16, 0)",1,"{(16, 10, 12, 6)}","{(3, 3, 5, 2)}"
"(12, 10, 6, 21, 0)",5,"{(10, 12, 21, 6)}","{(3, '?', '?', '?')}"
"(12, 10, 6, 25, 0)",5,"{(25, 10, 12, 6)}","{(3, '?', '?', '?')}"
"(12, 12, 22, 15, 0)",1,"{(12, 22, 15)}","{(2, 3, '?', '?')}"
"(12, 13, 12, 15, 0)",2,"{(12, 13, 15)}","{(7, 7, '?', '?')}"
"(12, 13, 12, 17, 0)",13,"{(17, 12, 13)}","{('?', '?', '?', '?')}"
"(12, 13, 12, 18, 0)",1,"{(18, 12, 13)}","{(7, 7, 1, 7)}"
"(12, 13, 12, 20, 0)",6,"{(20, 12, 13)}","{('?', '?', '?', '?')}"
"(12, 13, 12, 21, 0)",6,"{(21, 12, 13)}","{('?', '?', '?', '?')}"
"(12, 13, 12, 25, 0)",13,"{(25, 12, 13)}","{('?', '?', '?', '?')}"
"(12, 13, 12, 27, 0)",5,"{(27, 12, 13)}","{('?', '?', '?', '?')}"
"(12, 13, 12, 7, 0)",3,"{(12, 13, 7)}","{('?', '?', '?', 7)}"
"(12, 13, 12, 8, 0)",8,"{(8, 12, 13)}","{('?', '?', '?', 7)}"
"(12, 13, 13, 10, 0)",1,"{(10, 12, 13)}","{(3, 7, 4, 1)}"
"(12, 13, 13, 12, 0)",2,"{(12, 13)}","{(3, '?', 4, '?')}"
"(12, 13, 13, 13, 0)",2,"{(12, 13)}","{(3, '?', 4, '?')}"
"(12, 13, 13, 14, 0)",3,"{(12, 13, 14)}","{(3, '?', '?', '?')}"
"(12, 13, 13, 17, 0)",7,"{(17, 12, 13)}","{(3, '?', '?', '?')}"
"(12, 13, 14, 13, 0)",2,"{(12, 13, 14)}","{(3, '?', 4, '?')}"
"(12, 13, 14, 15, 0)",3,"{(12, 13, 14, 15)}","{(3, '?', '?', '?')}"
"(12, 13, 14, 16, 0)",1,"{(16, 12, 13, 14)}","{(3, 3, '?', '?')}"
"(12, 13, 14, 21, 0)",4,"{(21, 12, 13, 14)}","{(3, '?', '?', '?')}"
"(12, 13, 14, 25, 0)",6,"{(25, 12, 13, 14)}","{(3, '?', '?', '?')}"
"(12, 13, 15, 10, 0)",1,"{(10, 12, 13, 15)}","{(3, 3, 4, 1)}"
"(12, 13, 15, 12, 0)",1,"{(12, 13, 15)}","{(7, 7, 1, '?')}"
"(12, 13, 15, 13, 0)",2,"{(12, 13, 15)}","{(3, 7, '?', '?')}"
"(12, 13, 15, 15, 0)",3,"{(12, 13, 15)}","{('?', 7, '?', '?')}"
"(12, 13, 15, 17, 0)",13,"{(17, 12, 13, 15)}","{('?', '?', '?', '?')}"
"(12, 13, 16, 10, 0)",5,"{(16, 10, 12, 13)}","{(3, '?', '?', '?')}"
"(12, 13, 16, 14, 0)",1,"{(16, 12, 13, 14)}","{(3, 3, '?', '?')}"
"(12, 13, 17, 12, 0)",3,"{(17, 12, 13)}","{('?', '?', '?', '?')}"
"(12, 13, 17, 17, 0)",3,"{(17, 12, 13)}","{('?', '?', '?', '?')}"
"(12, 13, 18, 12, 0)",3,"{(18, 12, 13)}","{('?', '?', '?', 7)}"
"(12, 13, 18, 13, 0)",3,"{(18, 12, 13)}","{(3, '?', '?', 7)}"
"(12, 13, 18, 14, 0)",3,"{(18, 12, 13, 14)}","{(3, '?', '?', 7)}"
"(12, 13, 18, 15, 0)",8,"{(18, 12, 13, 15)}","{('?', '?', '?', 7)}"
"(12, 13, 18, 18, 0)",6,"{(18, 12, 13)}","{('?', '?', '?', 7)}"
"(12, 13, 21, 10, 0)",3,"{(21, 10, 12, 13)}","{(3, '?', 2, '?')}"
"(12, 13, 21, 14, 0)",3,"{(21, 12, 13, 14)}","{(3, '?', '?', '?')}"
"(12, 13, 25, 14, 0)",3,"{(25, 12, 13, 14)}","{(3, '?', '?', '?')}"
"(12, 13, 25, 25, 0)",1,"{(25, 12, 13)}","{(3, 7, 6, 5)}"
"(12, 13, 3, 10, 0)",4,"{(10, 3, 12, 13)}","{(3, '?', 0, '?')}"
"(12, 13, 3, 13, 0)",2,"{(3, 12, 13)}","{(3, '?', 0, '?')}"
"(12, 13, 3, 14, 0)",1,"{(3, 12, 13, 14)}","{(3, 3, 0, '?')}"
"(12, 13, 3, 15, 0)",3,"{(3, 12, 13, 15)}","{('?', '?', 0, '?')}"
"(12, 13, 3, 17, 0)",7,"{(17, 3, 12, 13)}","{('?', '?', 0, '?')}"
"(12, 13, 3, 20, 0)",1,"{(20, 3, 12, 13)}","{(5, 3, 0, 1)}"
"(12, 13, 3, 27, 0)",2,"{(27, 3, 12, 13)}","{('?', 3, 0, '?')}"
"(12, 13, 3, 6, 0)",2,"{(3, 12, 13, 6)}","{(3, '?', 0, 7)}"
"(12, 13, 3, 7, 0)",3,"{(3, 12, 13, 7)}","{('?', '?', 0, 7)}"
"(12, 13, 7, 12, 0)",3,"{(12, 13, 7)}","{('?', '?', '?', 7)}"
"(12, 13, 7, 14, 0)",2,"{(12, 13, 14, 7)}","{(3, '?', '?', 7)}"
"(12, 13, 7, 16, 0)",1,"{(16, 12, 13, 7)}","{(3, 7, '?', 7)}"
"(12, 13, 8, 14, 0)",4,"{(8, 12, 13, 14)}","{(3, '?', '?', 7)}"
"(12, 15, 12, 10, 0)",1,"{(10, 12, 15)}","{('?', 3, '?', 1)}"
"(12, 15, 12, 12, 0)",2,"{(12, 15)}","{('?', '?', '?', '?')}"
"(12, 15, 12, 16, 0)",2,"{(16, 12, 15)}","{(6, '?', '?', '?')}"
"(12, 15, 12, 20, 0)",4,"{(12, 20, 15)}","{('?', '?', '?', '?')}"
"(12, 15, 12, 21, 0)",3,"{(12, 21, 15)}","{('?', '?', '?', '?')}"
"(12, 15, 12, 25, 0)",1,"{(25, 12, 15)}","{(0, 3, 2, 1)}"
"(12, 15, 12, 27, 0)",2,"{(27, 12, 15)}","{('?', '?', '?', '?')}"
"(12, 15, 15, 10, 0)",5,"{(10, 12, 15)}","{(6, '?', '?', '?')}"
"(12, 15, 15, 12, 0)",4,"{(12, 15)}","{('?', '?', '?', '?')}"
"(12, 15, 15, 13, 0)",3,"{(12, 13, 15)}","{(6, '?', '?', '?')}"
"(12, 15, 15, 14, 0)",2,"{(12, 14, 15)}","{(6, 3, '?', '?')}"
"(12, 15, 15, 15, 0)",4,"{(12, 15)}","{('?', '?', '?', '?')}"
"(12, 15, 15, 17, 0)",7,"{(17, 12, 15)}","{('?', '?', '?', '?')}"
"(12, 15, 17, 12, 0)",7,"{(17, 12, 15)}","{('?', '?', '?', '?')}"
"(12, 15, 17, 13, 0)",2,"{(17, 12, 13, 15)}","{(6, 3, '?', 1)}"
"(12, 15, 17, 14, 0)",8,"{(17, 12, 14, 15)}","{(6, '?', '?', '?')}"
"(12, 15, 17, 17, 0)",3,"{(17, 12, 15)}","{('?', 7, '?', '?')}"
"(12, 15, 18, 12, 0)",2,"{(18, 12, 15)}","{('?', '?', 4, 7)}"
"(12, 15, 18, 13, 0)",4,"{(18, 12, 13, 15)}","{(6, '?', '?', 7)}"
"(12, 15, 18, 14, 0)",2,"{(18, 12, 14, 15)}","{(6, 7, '?', 7)}"
"(12, 15, 18, 15, 0)",2,"{(18, 12, 15)}","{('?', '?', 4, 7)}"
"(12, 15, 18, 18, 0)",1,"{(18, 12, 15)}","{(5, 3, 1, 7)}"
"(12, 15, 19, 12, 0)",2,"{(19, 12, 15)}","{('?', '?', 4, '?')}"
"(12, 15, 19, 15, 0)",4,"{(19, 12, 15)}","{(2, '?', '?', '?')}"
"(12, 15, 19, 17, 0)",10,"{(17, 19, 12, 15)}","{('?', '?', '?', '?')}"
"(12, 15, 19, 20, 0)",3,"{(19, 12, 20, 15)}","{(2, '?', 4, '?')}"
"(12, 15, 19, 23, 0)",5,"{(19, 12, 23, 15)}","{(0, '?', '?', '?')}"
"(12, 15, 19, 4, 0)",2,"{(19, 12, 4, 15)}","{(0, '?', 4, '?')}"
"(12, 15, 20, 10, 0)",2,"{(10, 12, 20, 15)}","{(6, '?', '?', '?')}"
"(12, 15, 20, 12, 0)",5,"{(12, 20, 15)}","{('?', '?', '?', '?')}"
"(12, 15, 20, 14, 0)",1,"{(12, 20, 14, 15)}","{(6, 3, 4, 1)}"
"(12, 15, 20, 16, 0)",2,"{(16, 12, 20, 15)}","{(6, 3, '?', '?')}"
"(12, 15, 20, 20, 0)",1,"{(12, 20, 15)}","{('?', 3, '?', 1)}"
"(12, 15, 21, 10, 0)",1,"{(10, 12, 21, 15)}","{(6, 3, 2, 5)}"
"(12, 15, 21, 12, 0)",3,"{(12, 21, 15)}","{('?', '?', '?', '?')}"
"(12, 15, 21, 13, 0)",4,"{(13, 12, 21, 15)}","{(6, '?', '?', '?')}"
"(12, 15, 21, 14, 0)",3,"{(12, 21, 14, 15)}","{(6, '?', '?', '?')}"
"(12, 15, 21, 16, 0)",3,"{(16, 12, 21, 15)}","{(6, '?', '?', '?')}"
"(12, 15, 22, 12, 0)",3,"{(12, 22, 15)}","{(2, '?', '?', '?')}"
"(12, 15, 22, 20, 0)",1,"{(12, 20, 22, 15)}","{(2, 3, '?', 5)}"
"(12, 15, 22, 21, 0)",4,"{(12, 21, 22, 15)}","{('?', '?', '?', '?')}"
"(12, 15, 22, 25, 0)",7,"{(25, 12, 22, 15)}","{(2, '?', '?', '?')}"
"(12, 15, 22, 4, 0)",2,"{(12, 4, 22, 15)}","{(0, '?', '?', '?')}"
"(12, 15, 22, 8, 0)",4,"{(8, 12, 22, 15)}","{(2, '?', '?', 7)}"
"(12, 15, 23, 12, 0)",1,"{(12, 23, 15)}","{(4, 3, '?', 1)}"
"(12, 15, 23, 17, 0)",1,"{(17, 12, 23, 15)}","{(4, 3, 4, 5)}"
"(12, 15, 25, 1, 0)",5,"{(25, 12, 1, 15)}","{('?', '?', '?', '?')}"
"(12, 15, 25, 12, 0)",6,"{(25, 12, 15)}","{('?', '?', '?', '?')}"
"(12, 15, 25, 14, 0)",5,"{(25, 12, 14, 15)}","{(6, '?', '?', '?')}"
"(12, 15, 25, 16, 0)",2,"{(16, 25, 12, 15)}","{(6, '?', 6, '?')}"
"(12, 15, 25, 20, 0)",2,"{(25, 12, 20, 15)}","{('?', '?', 6, 5)}"
"(12, 15, 25, 22, 0)",2,"{(25, 12, 22, 15)}","{(2, '?', 6, 1)}"
"(12, 15, 27, 10, 0)",2,"{(10, 27, 12, 15)}","{(6, 3, '?', '?')}"
"(12, 15, 27, 12, 0)",2,"{(27, 12, 15)}","{('?', '?', '?', '?')}"
"(12, 15, 27, 14, 0)",2,"{(27, 12, 14, 15)}","{(6, '?', '?', '?')}"
"(12, 15, 27, 16, 0)",2,"{(16, 27, 12, 15)}","{(6, '?', '?', '?')}"
"(12, 15, 27, 20, 0)",4,"{(27, 12, 20, 15)}","{('?', '?', '?', '?')}"
"(12, 15, 27, 21, 0)",1,"{(27, 12, 21, 15)}","{('?', 7, 2, '?')}"
"(12, 15, 3, 10, 0)",3,"{(10, 3, 12, 15)}","{(6, '?', 0, '?')}"
"(12, 15, 3, 12, 0)",1,"{(3, 12, 15)}","{('?', 3, 0, '?')}"
"(12, 15, 3, 13, 0)",2,"{(3, 12, 13, 15)}","{(6, '?', 0, '?')}"
"(12, 15, 3, 14, 0)",2,"{(3, 12, 14, 15)}","{(6, '?', 0, '?')}"
"(12, 15, 3, 15, 0)",1,"{(3, 12, 15)}","{('?', 3, 0, '?')}"
"(12, 15, 3, 17, 0)",4,"{(17, 3, 12, 15)}","{('?', '?', 0, '?')}"
"(12, 15, 3, 18, 0)",1,"{(18, 3, 12, 15)}","{('?', 3, 0, 7)}"
"(12, 15, 3, 19, 0)",6,"{(19, 3, 12, 15)}","{('?', '?', 0, '?')}"
"(12, 15, 3, 20, 0)",3,"{(3, 12, 20, 15)}","{(2, '?', 0, '?')}"
"(12, 15, 3, 23, 0)",4,"{(3, 12, 23, 15)}","{(0, '?', 0, '?')}"
"(12, 15, 3, 27, 0)",1,"{(27, 3, 12, 15)}","{('?', 3, 0, '?')}"
"(12, 15, 3, 6, 0)",1,"{(3, 12, 6, 15)}","{(6, 7, 0, 7)}"
"(12, 15, 7, 13, 0)",1,"{(13, 12, 7, 15)}","{(6, 3, '?', 7)}"
"(12, 15, 7, 16, 0)",2,"{(16, 12, 7, 15)}","{(6, '?', '?', 7)}"
"(12, 15, 7, 22, 0)",1,"{(12, 7, 22, 15)}","{(2, 3, '?', 7)}"
"(12, 15, 7, 8, 0)",5,"{(8, 12, 7, 15)}","{('?', '?', '?', 7)}"
"(12, 15, 8, 12, 0)",4,"{(8, 12, 15)}","{('?', '?', '?', 7)}"
"(12, 15, 8, 13, 0)",4,"{(8, 12, 13, 15)}","{(6, '?', '?', 7)}"
"(12, 15, 8, 14, 0)",1,"{(8, 12, 14, 15)}","{(6, 3, 6, 7)}"
"(12, 15, 8, 16, 0)",3,"{(8, 16, 12, 15)}","{(6, '?', '?', 7)}"
"(12, 15, 8, 18, 0)",1,"{(8, 18, 12, 15)}","{('?', 3, 6, 7)}"
"(12, 15, 8, 6, 0)",4,"{(8, 12, 6, 15)}","{(6, '?', '?', 7)}"
"(12, 15, 8, 8, 0)",1,"{(8, 12, 15)}","{(6, 3, 6, 7)}"
"(12, 16, 12, 20, 0)",20,"{(16, 12, 20)}","{('?', '?', '?', '?')}"
"(12, 16, 12, 27, 0)",11,"{(16, 27, 12)}","{('?', '?', '?', '?')}"
"(12, 16, 12, 7, 0)",10,"{(16, 12, 7)}","{('?', '?', '?', 7)}"
"(12, 16, 13, 10, 0)",2,"{(16, 10, 12, 13)}","{(3, '?', 5, 1)}"
"(12, 16, 14, 10, 0)",12,"{(16, 10, 12, 14)}","{(3, '?', '?', '?')}"
"(12, 16, 14, 16, 0)",5,"{(16, 12, 14)}","{(3, '?', '?', '?')}"
"(12, 16, 14, 20, 0)",4,"{(16, 12, 20, 14)}","{(3, '?', '?', 5)}"
"(12, 16, 14, 7, 0)",5,"{(16, 12, 14, 7)}","{(3, '?', '?', 7)}"
"(12, 16, 16, 10, 0)",6,"{(16, 10, 12)}","{(3, '?', '?', '?')}"
"(12, 16, 7, 14, 0)",1,"{(16, 12, 14, 7)}","{(3, 7, 3, 7)}"
"(12, 17, 12, 15, 0)",1,"{(17, 12, 15)}","{('?', 3, 1, 0)}"
"(12, 17, 15, 15, 0)",1,"{(17, 12, 15)}","{('?', 3, 4, 2)}"
"(12, 17, 17, 15, 0)",1,"{(17, 12, 15)}","{('?', 3, 1, 0)}"
"(12, 17, 3, 12, 0)",1,"{(17, 3, 12)}","{('?', 3, 0, 0)}"
"(12, 17, 3, 15, 0)",1,"{(17, 3, 12, 15)}","{('?', 7, 0, 2)}"
"(12, 18, 19, 15, 0)",4,"{(18, 19, 12, 15)}","{(2, '?', '?', 7)}"
"(12, 18, 19, 18, 0)",2,"{(18, 19, 12)}","{(2, '?', '?', 7)}"
"(12, 18, 19, 19, 0)",2,"{(18, 19, 12)}","{(2, '?', 4, 7)}"
"(12, 18, 19, 24, 0)",1,"{(24, 18, 19, 12)}","{(2, 3, 1, 7)}"
"(12, 18, 19, 4, 0)",1,"{(18, 19, 12, 4)}","{(0, 3, 4, 7)}"
"(12, 18, 22, 12, 0)",2,"{(18, 12, 22)}","{(2, '?', '?', 7)}"
"(12, 18, 22, 15, 0)",1,"{(18, 12, 22, 15)}","{(2, 3, '?', 7)}"
"(12, 18, 22, 18, 0)",1,"{(18, 12, 22)}","{(2, 3, '?', 7)}"
"(12, 18, 22, 21, 0)",5,"{(18, 12, 21, 22)}","{('?', '?', '?', 7)}"
"(12, 18, 22, 22, 0)",1,"{(18, 12, 22)}","{(2, 7, '?', 7)}"
"(12, 18, 22, 4, 0)",1,"{(18, 12, 4, 22)}","{(0, 3, '?', 7)}"
"(12, 18, 22, 7, 0)",2,"{(18, 12, 22, 7)}","{(2, '?', '?', 7)}"
"(12, 18, 22, 8, 0)",3,"{(8, 18, 12, 22)}","{('?', '?', '?', 7)}"
"(12, 18, 3, 13, 0)",1,"{(18, 3, 12, 13)}","{(6, 7, 0, 7)}"
"(12, 18, 3, 18, 0)",2,"{(18, 3, 12)}","{('?', '?', 0, 7)}"
"(12, 18, 3, 19, 0)",3,"{(19, 18, 3, 12)}","{('?', '?', 0, '?')}"
"(12, 18, 3, 6, 0)",1,"{(18, 3, 12, 6)}","{(6, 7, 0, 7)}"
"(12, 18, 3, 7, 0)",2,"{(18, 3, 12, 7)}","{('?', '?', 0, 7)}"
"(12, 18, 4, 8, 0)",1,"{(8, 18, 12, 4)}","{(4, 7, 2, 7)}"
"(12, 19, 12, 17, 0)",1,"{(17, 19, 12)}","{(0, 7, 4, 1)}"
"(12, 19, 12, 20, 0)",2,"{(19, 12, 20)}","{(0, 3, '?', '?')}"
"(12, 19, 12, 21, 0)",2,"{(19, 12, 21)}","{(2, '?', 6, '?')}"
"(12, 19, 12, 25, 0)",2,"{(25, 19, 12)}","{('?', '?', 2, 5)}"
"(12, 19, 12, 27, 0)",1,"{(27, 19, 12)}","{(2, 3, '?', '?')}"
"(12, 19, 15, 15, 0)",2,"{(19, 12, 15)}","{(2, '?', 1, '?')}"
"(12, 19, 19, 12, 0)",1,"{(19, 12)}","{(2, 7, 4, '?')}"
"(12, 19, 21, 20, 0)",3,"{(20, 19, 12, 21)}","{(2, 3, '?', '?')}"
"(12, 19, 21, 25, 0)",1,"{(25, 19, 12, 21)}","{(2, 3, 6, 1)}"
"(12, 19, 22, 20, 0)",1,"{(19, 12, 20, 22)}","{(2, 3, '?', 5)}"
"(12, 19, 22, 23, 0)",1,"{(19, 12, 22, 23)}","{(0, 3, '?', 1)}"
"(12, 19, 22, 25, 0)",6,"{(25, 19, 12, 22)}","{('?', '?', '?', '?')}"
"(12, 19, 22, 8, 0)",2,"{(8, 19, 12, 22)}","{('?', '?', '?', 7)}"
"(12, 19, 25, 1, 0)",1,"{(25, 19, 12, 1)}","{(2, 3, 6, 5)}"
"(12, 19, 25, 22, 0)",1,"{(25, 19, 12, 22)}","{(2, 3, 6, 5)}"
"(12, 19, 3, 17, 0)",3,"{(3, 17, 19, 12)}","{(0, '?', 0, '?')}"
"(12, 19, 3, 19, 0)",1,"{(3, 19, 12)}","{(0, 3, 0, '?')}"
"(12, 19, 3, 20, 0)",1,"{(3, 19, 12, 20)}","{(2, 7, 0, 1)}"
"(12, 19, 3, 23, 0)",2,"{(3, 19, 12, 23)}","{(0, '?', 0, '?')}"
"(12, 19, 3, 4, 0)",1,"{(3, 19, 12, 4)}","{(0, 7, 0, '?')}"
"(12, 19, 4, 20, 0)",2,"{(20, 19, 12, 4)}","{(0, 3, '?', '?')}"
"(12, 19, 4, 21, 0)",1,"{(21, 19, 12, 4)}","{(0, 3, 2, '?')}"
"(12, 19, 4, 25, 0)",3,"{(25, 19, 12, 4)}","{(0, '?', 2, '?')}"
"(12, 19, 7, 8, 0)",1,"{(8, 19, 12, 7)}","{(2, 3, 2, 7)}"
"(12, 20, 1, 13, 0)",1,"{(1, 13, 12, 20)}","{(6, 7, 4, 0)}"
"(12, 20, 12, 13, 0)",7,"{(13, 12, 20)}","{(6, '?', '?', '?')}"
"(12, 20, 12, 15, 0)",3,"{(12, 20, 15)}","{('?', 7, '?', '?')}"
"(12, 20, 12, 16, 0)",3,"{(16, 12, 20)}","{(6, '?', '?', '?')}"
"(12, 20, 12, 25, 0)",7,"{(25, 12, 20)}","{('?', '?', '?', '?')}"
"(12, 20, 12, 27, 0)",4,"{(27, 12, 20)}","{('?', '?', '?', '?')}"
"(12, 20, 15, 13, 0)",7,"{(13, 12, 20, 15)}","{(6, '?', '?', '?')}"
"(12, 20, 15, 17, 0)",1,"{(17, 12, 20, 15)}","{('?', 7, 4, 0)}"
"(12, 20, 17, 12, 0)",1,"{(17, 12, 20)}","{('?', 7, 1, 0)}"
"(12, 20, 17, 13, 0)",6,"{(17, 13, 12, 20)}","{(6, '?', '?', '?')}"
"(12, 20, 17, 15, 0)",8,"{(17, 12, 20, 15)}","{('?', '?', '?', '?')}"
"(12, 20, 19, 15, 0)",9,"{(19, 12, 20, 15)}","{('?', '?', '?', '?')}"
"(12, 20, 19, 16, 0)",2,"{(16, 19, 12, 20)}","{(2, 3, '?', '?')}"
"(12, 20, 19, 17, 0)",2,"{(17, 19, 12, 20)}","{(2, '?', 4, '?')}"
"(12, 20, 19, 19, 0)",13,"{(19, 12, 20)}","{('?', '?', '?', '?')}"
"(12, 20, 19, 20, 0)",1,"{(19, 12, 20)}","{(2, 3, '?', 2)}"
"(12, 20, 19, 21, 0)",11,"{(21, 19, 12, 20)}","{('?', '?', '?', '?')}"
"(12, 20, 19, 22, 0)",1,"{(19, 12, 20, 22)}","{(0, 7, '?', 2)}"
"(12, 20, 19, 25, 0)",6,"{(25, 19, 12, 20)}","{('?', '?', '?', '?')}"
"(12, 20, 19, 27, 0)",3,"{(27, 19, 12, 20)}","{('?', '?', '?', '?')}"
"(12, 20, 19, 3, 0)",7,"{(3, 19, 12, 20)}","{('?', '?', 0, '?')}"
"(12, 20, 19, 9, 0)",3,"{(9, 19, 12, 20)}","{(0, 3, '?', '?')}"
"(12, 20, 20, 27, 0)",3,"{(27, 12, 20)}","{('?', '?', '?', '?')}"
"(12, 20, 21, 14, 0)",1,"{(21, 12, 20, 14)}","{(6, 3, 6, 2)}"
"(12, 20, 21, 16, 0)",1,"{(16, 21, 12, 20)}","{(6, 3, 2, 0)}"
"(12, 20, 22, 11, 0)",1,"{(11, 12, 20, 22)}","{(0, 7, 3, 0)}"
"(12, 20, 22, 12, 0)",1,"{(12, 20, 22)}","{(2, 7, 5, 2)}"
"(12, 20, 22, 16, 0)",1,"{(16, 12, 20, 22)}","{(2, 3, 5, 2)}"
"(12, 20, 22, 20, 0)",9,"{(12, 20, 22)}","{(2, '?', '?', '?')}"
"(12, 20, 22, 23, 0)",5,"{(12, 20, 22, 23)}","{(0, '?', '?', '?')}"
"(12, 20, 22, 27, 0)",15,"{(27, 12, 20, 22)}","{('?', '?', '?', '?')}"
"(12, 20, 22, 4, 0)",3,"{(4, 12, 20, 22)}","{(0, '?', '?', '?')}"
"(12, 20, 22, 9, 0)",6,"{(9, 12, 20, 22)}","{(0, '?', '?', '?')}"
"(12, 20, 25, 10, 0)",3,"{(25, 10, 12, 20)}","{(6, '?', '?', 2)}"
"(12, 20, 25, 12, 0)",8,"{(25, 12, 20)}","{('?', '?', '?', '?')}"
"(12, 20, 25, 13, 0)",4,"{(25, 13, 12, 20)}","{(6, '?', '?', '?')}"
"(12, 20, 25, 14, 0)",5,"{(25, 12, 20, 14)}","{(6, '?', '?', '?')}"
"(12, 20, 25, 15, 0)",7,"{(25, 12, 20, 15)}","{('?', '?', '?', '?')}"
"(12, 20, 25, 16, 0)",2,"{(16, 25, 12, 20)}","{(6, 3, '?', '?')}"
"(12, 20, 25, 27, 0)",1,"{(25, 27, 12, 20)}","{('?', 3, 2, 2)}"
"(12, 20, 25, 6, 0)",5,"{(25, 12, 20, 6)}","{(6, '?', '?', '?')}"
"(12, 20, 27, 12, 0)",8,"{(27, 12, 20)}","{('?', '?', '?', '?')}"
"(12, 20, 27, 13, 0)",1,"{(13, 27, 12, 20)}","{(6, 3, 3, 0)}"
"(12, 20, 27, 14, 0)",11,"{(27, 12, 20, 14)}","{(6, '?', '?', '?')}"
"(12, 20, 27, 16, 0)",9,"{(16, 27, 12, 20)}","{(6, '?', '?', '?')}"
"(12, 20, 27, 20, 0)",1,"{(27, 12, 20)}","{(0, 3, 3, 2)}"
"(12, 20, 27, 27, 0)",1,"{(27, 12, 20)}","{('?', 7, 7, 0)}"
"(12, 20, 3, 13, 0)",4,"{(13, 3, 12, 20)}","{(6, '?', 0, '?')}"
"(12, 20, 3, 15, 0)",4,"{(3, 12, 20, 15)}","{('?', '?', 0, '?')}"
"(12, 20, 3, 19, 0)",7,"{(19, 3, 12, 20)}","{('?', '?', 0, '?')}"
"(12, 20, 3, 27, 0)",1,"{(27, 3, 12, 20)}","{('?', 7, 0, 2)}"
"(12, 22, 12, 12, 0)",1,"{(12, 22)}","{(2, 7, 5, 7)}"
"(12, 22, 12, 20, 0)",11,"{(12, 20, 22)}","{(2, '?', '?', '?')}"
"(12, 22, 12, 27, 0)",5,"{(27, 12, 22)}","{(2, '?', '?', '?')}"
"(12, 22, 12, 7, 0)",4,"{(12, 22, 7)}","{(2, '?', '?', 7)}"
"(12, 22, 18, 12, 0)",3,"{(18, 12, 22)}","{(2, '?', '?', 7)}"
"(12, 22, 18, 16, 0)",1,"{(16, 18, 12, 22)}","{(0, 7, 3, 7)}"
"(12, 22, 18, 27, 0)",7,"{(18, 27, 12, 22)}","{('?', '?', '?', 7)}"
"(12, 22, 4, 20, 0)",5,"{(20, 12, 4, 22)}","{(0, '?', '?', '?')}"
"(12, 22, 4, 27, 0)",3,"{(27, 12, 4, 22)}","{('?', '?', '?', '?')}"
"(12, 22, 4, 7, 0)",2,"{(12, 4, 22, 7)}","{(0, '?', 3, 7)}"
"(12, 22, 7, 12, 0)",2,"{(12, 22, 7)}","{(2, 7, '?', 7)}"
"(12, 23, 19, 15, 0)",2,"{(19, 12, 15, 23)}","{(0, '?', 4, '?')}"
"(12, 23, 19, 21, 0)",1,"{(19, 12, 21, 23)}","{(0, 7, 2, 2)}"
"(12, 23, 19, 25, 0)",1,"{(25, 19, 12, 23)}","{(0, 3, 6, 2)}"
"(12, 23, 19, 3, 0)",1,"{(3, 19, 12, 23)}","{(0, 7, 0, 0)}"
"(12, 23, 22, 27, 0)",1,"{(27, 12, 22, 23)}","{(0, 3, 7, 2)}"
"(12, 23, 25, 12, 0)",1,"{(25, 12, 23)}","{(4, 3, 6, 0)}"
"(12, 27, 12, 10, 0)",10,"{(10, 27, 12)}","{(6, '?', '?', '?')}"
"(12, 27, 12, 16, 0)",4,"{(16, 27, 12)}","{(6, '?', '?', '?')}"
"(12, 27, 12, 20, 0)",13,"{(27, 12, 20)}","{('?', '?', '?', '?')}"
"(12, 27, 12, 27, 0)",5,"{(27, 12)}","{('?', '?', '?', '?')}"
"(12, 27, 18, 14, 0)",1,"{(18, 27, 12, 14)}","{(6, 7, 5, 7)}"
"(12, 27, 18, 16, 0)",2,"{(16, 18, 27, 12)}","{(6, 7, '?', 7)}"
"(12, 27, 22, 23, 0)",1,"{(27, 12, 22, 23)}","{(0, 3, 3, 1)}"
"(12, 27, 22, 4, 0)",1,"{(27, 12, 4, 22)}","{(0, 7, 3, '?')}"
"(12, 27, 27, 10, 0)",2,"{(10, 27, 12)}","{(6, '?', '?', '?')}"
"(12, 27, 27, 16, 0)",1,"{(16, 27, 12)}","{(6, 3, 3, '?')}"
"(12, 27, 4, 20, 0)",1,"{(20, 27, 12, 4)}","{(4, 7, 3, 5)}"
"(12, 27, 7, 12, 0)",4,"{(27, 12, 7)}","{('?', '?', '?', 7)}"
"(12, 27, 7, 13, 0)",6,"{(27, 12, 13, 7)}","{(6, '?', '?', 7)}"
"(12, 27, 7, 14, 0)",3,"{(27, 12, 14, 7)}","{(6, '?', '?', 7)}"
"(12, 27, 7, 16, 0)",6,"{(16, 27, 12, 7)}","{(6, '?', '?', 7)}"
"(12, 27, 7, 27, 0)",2,"{(27, 12, 7)}","{('?', '?', 5, 7)}"
"(12, 27, 7, 6, 0)",3,"{(27, 12, 6, 7)}","{(6, '?', '?', 7)}"
"(12, 6, 3, 6, 0)",1,"{(3, 12, 6)}","{(3, 7, 0, 7)}"
"(12, 7, 1, 16, 0)",1,"{(16, 1, 12, 7)}","{(6, 3, 5, 7)}"
"(15, 1, 25, 4, 0)",3,"{(1, 4, 25, 15)}","{(4, '?', '?', '?')}"
"(15, 1, 27, 4, 0)",1,"{(1, 27, 4, 15)}","{(4, '?', '?', '?')}"
"(15, 1, 4, 15, 0)",1,"{(1, 4, 15)}","{(4, '?', 1, '?')}"
"(15, 1, 4, 20, 0)",1,"{(1, 4, 20, 15)}","{(4, '?', '?', 1)}"
"(15, 10, 10, 15, 0)",2,"{(10, 15)}","{(3, '?', '?', '?')}"
"(15, 10, 10, 21, 0)",2,"{(10, 21, 15)}","{(3, '?', '?', '?')}"
"(15, 10, 10, 27, 0)",1,"{(10, 27, 15)}","{(3, '?', '?', 0)}"
"(15, 10, 12, 21, 0)",1,"{(10, 12, 21, 15)}","{(7, '?', 2, 0)}"
"(15, 10, 12, 25, 0)",1,"{(25, 10, 12, 15)}","{(7, '?', 6, 0)}"
"(15, 10, 12, 27, 0)",1,"{(10, 27, 12, 15)}","{(5, '?', '?', 0)}"
"(15, 10, 13, 13, 0)",1,"{(10, 13, 15)}","{(3, 5, 1, 2)}"
"(15, 10, 13, 15, 0)",3,"{(10, 13, 15)}","{(3, '?', '?', '?')}"
"(15, 10, 15, 15, 0)",5,"{(10, 15)}","{('?', '?', '?', '?')}"
"(15, 10, 15, 25, 0)",3,"{(25, 10, 15)}","{('?', '?', '?', '?')}"
"(15, 10, 16, 10, 0)",1,"{(16, 10, 15)}","{(3, '?', '?', 0)}"
"(15, 10, 16, 13, 0)",2,"{(16, 10, 13, 15)}","{(3, '?', 2, '?')}"
"(15, 10, 16, 15, 0)",1,"{(16, 10, 15)}","{(3, '?', '?', 0)}"
"(15, 10, 16, 16, 0)",1,"{(16, 10, 15)}","{(3, '?', '?', 0)}"
"(15, 10, 16, 25, 0)",2,"{(16, 25, 10, 15)}","{(3, '?', '?', 0)}"
"(15, 10, 16, 27, 0)",1,"{(16, 10, 27, 15)}","{(3, '?', '?', 0)}"
"(15, 10, 21, 10, 0)",3,"{(10, 21, 15)}","{(3, '?', '?', '?')}"
"(15, 10, 21, 13, 0)",1,"{(10, 13, 21, 15)}","{(3, '?', 2, 2)}"
"(15, 10, 24, 15, 0)",4,"{(24, 10, 15)}","{('?', 5, '?', '?')}"
"(15, 10, 24, 21, 0)",1,"{(24, 10, 21, 15)}","{(7, 5, 6, 2)}"
"(15, 10, 24, 27, 0)",2,"{(24, 10, 27, 15)}","{('?', 5, '?', 2)}"
"(15, 10, 25, 16, 0)",1,"{(16, 25, 10, 15)}","{(3, '?', 2, 2)}"
"(15, 10, 27, 15, 0)",1,"{(10, 27, 15)}","{(7, '?', '?', 2)}"
"(15, 10, 27, 21, 0)",1,"{(10, 27, 21, 15)}","{(7, '?', 6, '?')}"
"(15, 10, 27, 25, 0)",6,"{(25, 10, 27, 15)}","{('?', '?', '?', '?')}"
"(15, 10, 27, 27, 0)",4,"{(10, 27, 15)}","{('?', '?', '?', '?')}"
"(15, 10, 3, 15, 0)",3,"{(10, 3, 15)}","{('?', '?', 0, '?')}"
"(15, 10, 6, 10, 0)",1,"{(10, 6, 15)}","{(3, '?', 6, 0)}"
"(15, 10, 6, 13, 0)",1,"{(10, 13, 6, 15)}","{(3, 5, 1, 2)}"
"(15, 10, 6, 15, 0)",2,"{(10, 6, 15)}","{(3, 5, '?', 2)}"
"(15, 10, 6, 16, 0)",1,"{(16, 10, 6, 15)}","{(3, 5, '?', 2)}"
"(15, 10, 6, 21, 0)",1,"{(10, 21, 6, 15)}","{(3, 5, 6, 2)}"
"(15, 10, 6, 27, 0)",1,"{(10, 27, 6, 15)}","{(3, 5, '?', 2)}"
"(15, 12, 12, 20, 0)",2,"{(12, 20, 15)}","{('?', 1, '?', '?')}"
"(15, 12, 12, 21, 0)",1,"{(12, 21, 15)}","{('?', 1, 2, '?')}"
"(15, 12, 12, 25, 0)",1,"{(25, 12, 15)}","{('?', 1, 6, 1)}"
"(15, 12, 12, 7, 0)",1,"{(12, 7, 15)}","{('?', 1, '?', 7)}"
"(15, 12, 12, 8, 0)",2,"{(8, 12, 15)}","{('?', 1, '?', 7)}"
"(15, 12, 15, 10, 0)",3,"{(10, 12, 15)}","{(6, 1, '?', '?')}"
"(15, 12, 15, 13, 0)",1,"{(12, 13, 15)}","{(6, 1, 1, '?')}"
"(15, 12, 15, 15, 0)",1,"{(12, 15)}","{('?', 1, 1, '?')}"
"(15, 12, 15, 17, 0)",5,"{(17, 12, 15)}","{('?', 1, '?', '?')}"
"(15, 12, 15, 20, 0)",2,"{(12, 20, 15)}","{('?', 1, '?', '?')}"
"(15, 12, 18, 13, 0)",2,"{(18, 12, 13, 15)}","{(6, 1, '?', 7)}"
"(15, 12, 18, 15, 0)",2,"{(18, 12, 15)}","{('?', 1, '?', 7)}"
"(15, 12, 18, 18, 0)",1,"{(18, 12, 15)}","{('?', 1, 0, 7)}"
"(15, 12, 18, 19, 0)",2,"{(18, 19, 12, 15)}","{(2, 1, '?', 7)}"
"(15, 12, 18, 3, 0)",2,"{(18, 3, 12, 15)}","{('?', 1, 0, 7)}"
"(15, 12, 19, 12, 0)",2,"{(19, 12, 15)}","{(2, 1, '?', '?')}"
"(15, 12, 19, 15, 0)",2,"{(19, 12, 15)}","{(2, 1, '?', '?')}"
"(15, 12, 19, 17, 0)",2,"{(17, 19, 12, 15)}","{(2, 1, '?', '?')}"
"(15, 12, 19, 23, 0)",1,"{(19, 12, 23, 15)}","{(0, 1, 4, 5)}"
"(15, 12, 21, 10, 0)",3,"{(10, 12, 21, 15)}","{(6, 1, '?', '?')}"
"(15, 12, 21, 12, 0)",1,"{(12, 21, 15)}","{('?', 1, 2, '?')}"
"(15, 12, 21, 13, 0)",2,"{(13, 12, 21, 15)}","{(6, 1, '?', '?')}"
"(15, 12, 21, 14, 0)",2,"{(12, 21, 14, 15)}","{(6, 1, '?', '?')}"
"(15, 12, 21, 17, 0)",1,"{(17, 12, 21, 15)}","{(6, 1, 6, 1)}"
"(15, 12, 21, 20, 0)",1,"{(20, 12, 21, 15)}","{(2, 1, 6, 1)}"
"(15, 12, 21, 21, 0)",1,"{(12, 21, 15)}","{(2, 1, 6, '?')}"
"(15, 12, 22, 12, 0)",1,"{(12, 22, 15)}","{(2, 1, '?', '?')}"
"(15, 12, 22, 20, 0)",2,"{(12, 20, 22, 15)}","{(2, 1, '?', '?')}"
"(15, 12, 22, 21, 0)",2,"{(12, 21, 22, 15)}","{(2, 1, '?', '?')}"
"(15, 12, 22, 25, 0)",6,"{(25, 12, 22, 15)}","{('?', 1, '?', '?')}"
"(15, 12, 22, 8, 0)",2,"{(8, 12, 22, 15)}","{(2, 1, '?', 7)}"
"(15, 12, 25, 10, 0)",1,"{(25, 10, 12, 15)}","{(6, 1, 6, 5)}"
"(15, 12, 25, 12, 0)",3,"{(25, 12, 15)}","{('?', 1, '?', '?')}"
"(15, 12, 25, 14, 0)",4,"{(25, 12, 14, 15)}","{(6, 1, '?', '?')}"
"(15, 12, 25, 16, 0)",1,"{(16, 25, 12, 15)}","{(6, 1, 6, 1)}"
"(15, 12, 25, 24, 0)",1,"{(24, 25, 12, 15)}","{('?', 1, 6, 1)}"
"(15, 12, 27, 14, 0)",1,"{(27, 12, 14, 15)}","{(6, 1, '?', '?')}"
"(15, 12, 27, 16, 0)",2,"{(16, 27, 12, 15)}","{(6, 1, '?', '?')}"
"(15, 12, 27, 20, 0)",2,"{(27, 12, 20, 15)}","{('?', 1, '?', '?')}"
"(15, 12, 27, 6, 0)",1,"{(27, 12, 6, 15)}","{(6, 1, '?', 7)}"
"(15, 12, 27, 7, 0)",1,"{(27, 12, 7, 15)}","{('?', 1, '?', 7)}"
"(15, 12, 3, 10, 0)",1,"{(10, 3, 12, 15)}","{(6, 1, 0, 5)}"
"(15, 12, 3, 12, 0)",1,"{(3, 12, 15)}","{('?', 1, 0, '?')}"
"(15, 12, 3, 13, 0)",1,"{(3, 12, 13, 15)}","{(6, 1, 0, '?')}"
"(15, 12, 3, 15, 0)",1,"{(3, 12, 15)}","{('?', 1, 0, '?')}"
"(15, 12, 3, 18, 0)",2,"{(18, 3, 12, 15)}","{('?', 1, 0, 7)}"
"(15, 12, 3, 19, 0)",1,"{(19, 3, 12, 15)}","{(2, 1, 0, 5)}"
"(15, 12, 3, 20, 0)",2,"{(3, 12, 20, 15)}","{(2, 1, 0, '?')}"
"(15, 12, 3, 6, 0)",1,"{(3, 12, 6, 15)}","{(6, 1, 0, 7)}"
"(15, 12, 3, 7, 0)",1,"{(3, 12, 7, 15)}","{('?', 1, 0, 7)}"
"(15, 12, 7, 12, 0)",1,"{(12, 7, 15)}","{('?', 1, '?', 7)}"
"(15, 12, 7, 13, 0)",1,"{(13, 12, 7, 15)}","{(6, 1, '?', 7)}"
"(15, 12, 7, 16, 0)",1,"{(16, 12, 7, 15)}","{(6, 1, '?', 7)}"
"(15, 12, 7, 27, 0)",1,"{(27, 12, 7, 15)}","{('?', 1, '?', 7)}"
"(15, 12, 8, 12, 0)",1,"{(8, 12, 15)}","{('?', 1, 6, 7)}"
"(15, 12, 8, 13, 0)",1,"{(8, 12, 13, 15)}","{(6, 1, 6, 7)}"
"(15, 12, 8, 15, 0)",2,"{(8, 12, 15)}","{('?', 1, '?', 7)}"
"(15, 12, 8, 16, 0)",1,"{(8, 16, 12, 15)}","{(6, 1, 6, 7)}"
"(15, 12, 8, 18, 0)",1,"{(8, 18, 12, 15)}","{('?', 1, 6, 7)}"
"(15, 12, 8, 27, 0)",2,"{(8, 27, 12, 15)}","{('?', 1, '?', 7)}"
"(15, 12, 8, 6, 0)",1,"{(8, 12, 6, 15)}","{(6, 1, 6, 7)}"
"(15, 12, 8, 7, 0)",1,"{(8, 12, 7, 15)}","{('?', 1, 2, 7)}"
"(15, 13, 1, 20, 0)",1,"{(1, 20, 13, 15)}","{(7, '?', '?', 1)}"
"(15, 13, 1, 25, 0)",4,"{(1, 13, 25, 15)}","{('?', '?', '?', '?')}"
"(15, 13, 12, 15, 0)",2,"{(12, 13, 15)}","{('?', '?', '?', '?')}"
"(15, 13, 12, 18, 0)",1,"{(18, 12, 13, 15)}","{(7, '?', 1, 7)}"
"(15, 13, 12, 20, 0)",3,"{(20, 12, 13, 15)}","{('?', '?', '?', '?')}"
"(15, 13, 12, 21, 0)",4,"{(21, 12, 13, 15)}","{('?', '?', '?', '?')}"
"(15, 13, 12, 25, 0)",5,"{(25, 12, 13, 15)}","{('?', '?', '?', '?')}"
"(15, 13, 12, 7, 0)",2,"{(7, 12, 13, 15)}","{('?', '?', '?', 7)}"
"(15, 13, 12, 8, 0)",4,"{(8, 12, 13, 15)}","{('?', '?', '?', 7)}"
"(15, 13, 13, 10, 0)",1,"{(10, 13, 15)}","{(3, '?', 4, 1)}"
"(15, 13, 13, 13, 0)",2,"{(13, 15)}","{(3, '?', '?', '?')}"
"(15, 13, 13, 15, 0)",2,"{(13, 15)}","{(3, '?', '?', '?')}"
"(15, 13, 13, 17, 0)",4,"{(17, 13, 15)}","{(3, '?', '?', '?')}"
"(15, 13, 14, 10, 0)",1,"{(10, 13, 14, 15)}","{(3, '?', 6, 1)}"
"(15, 13, 14, 13, 0)",1,"{(13, 14, 15)}","{(3, '?', 6, '?')}"
"(15, 13, 14, 25, 0)",2,"{(25, 13, 14, 15)}","{(3, '?', '?', 5)}"
"(15, 13, 15, 12, 0)",3,"{(12, 13, 15)}","{('?', '?', '?', '?')}"
"(15, 13, 15, 13, 0)",2,"{(13, 15)}","{(3, '?', '?', '?')}"
"(15, 13, 15, 15, 0)",4,"{(13, 15)}","{('?', '?', '?', '?')}"
"(15, 13, 15, 17, 0)",7,"{(17, 13, 15)}","{('?', '?', '?', '?')}"
"(15, 13, 15, 18, 0)",3,"{(18, 13, 15)}","{('?', '?', '?', 7)}"
"(15, 13, 16, 10, 0)",2,"{(16, 10, 13, 15)}","{(3, '?', '?', '?')}"
"(15, 13, 16, 13, 0)",1,"{(16, 13, 15)}","{(3, '?', '?', '?')}"
"(15, 13, 16, 14, 0)",1,"{(16, 13, 14, 15)}","{(3, '?', '?', '?')}"
"(15, 13, 16, 16, 0)",1,"{(16, 13, 15)}","{(3, '?', '?', '?')}"
"(15, 13, 18, 12, 0)",1,"{(18, 12, 13, 15)}","{(7, '?', 1, 7)}"
"(15, 13, 18, 13, 0)",1,"{(18, 13, 15)}","{(3, '?', 4, 7)}"
"(15, 13, 18, 15, 0)",3,"{(18, 13, 15)}","{('?', '?', '?', 7)}"
"(15, 13, 21, 10, 0)",2,"{(21, 10, 13, 15)}","{(3, '?', '?', 5)}"
"(15, 13, 21, 14, 0)",2,"{(21, 13, 14, 15)}","{(3, '?', '?', '?')}"
"(15, 13, 24, 15, 0)",1,"{(24, 13, 15)}","{(5, 5, 1, '?')}"
"(15, 13, 25, 10, 0)",2,"{(25, 10, 13, 15)}","{(3, '?', 6, '?')}"
"(15, 13, 25, 14, 0)",3,"{(25, 13, 14, 15)}","{(3, '?', '?', '?')}"
"(15, 13, 25, 25, 0)",1,"{(25, 13, 15)}","{(5, '?', 2, 1)}"
"(15, 13, 27, 15, 0)",1,"{(27, 13, 15)}","{(7, '?', '?', '?')}"
"(15, 13, 27, 20, 0)",4,"{(27, 20, 13, 15)}","{('?', '?', '?', '?')}"
"(15, 13, 27, 21, 0)",4,"{(21, 27, 13, 15)}","{('?', '?', '?', '?')}"
"(15, 13, 27, 25, 0)",3,"{(25, 27, 13, 15)}","{('?', '?', '?', '?')}"
"(15, 13, 27, 27, 0)",1,"{(27, 13, 15)}","{(7, '?', '?', '?')}"
"(15, 13, 3, 13, 0)",1,"{(3, 13, 15)}","{(3, '?', 0, '?')}"
"(15, 13, 3, 15, 0)",2,"{(3, 13, 15)}","{('?', '?', 0, '?')}"
"(15, 13, 3, 17, 0)",2,"{(17, 3, 13, 15)}","{('?', '?', 0, '?')}"
"(15, 13, 3, 18, 0)",2,"{(18, 3, 13, 15)}","{('?', '?', 0, 7)}"
"(15, 13, 3, 6, 0)",1,"{(3, 13, 6, 15)}","{(3, '?', 0, 7)}"
"(15, 13, 3, 7, 0)",2,"{(3, 7, 13, 15)}","{('?', '?', 0, 7)}"
"(15, 13, 7, 12, 0)",1,"{(12, 7, 13, 15)}","{(5, '?', '?', 7)}"
"(15, 13, 7, 14, 0)",1,"{(7, 13, 14, 15)}","{(3, '?', '?', 7)}"
"(15, 13, 7, 16, 0)",1,"{(16, 7, 13, 15)}","{(3, '?', '?', 7)}"
"(15, 13, 8, 13, 0)",1,"{(8, 13, 15)}","{(3, '?', 6, 7)}"
"(15, 13, 8, 14, 0)",2,"{(8, 13, 14, 15)}","{(3, '?', '?', 7)}"
"(15, 14, 10, 10, 0)",2,"{(10, 14, 15)}","{(3, 1, '?', '?')}"
"(15, 14, 10, 12, 0)",1,"{(10, 12, 14, 15)}","{(3, 1, '?', 2)}"
"(15, 14, 10, 16, 0)",2,"{(16, 10, 14, 15)}","{(3, 1, '?', '?')}"
"(15, 14, 10, 17, 0)",1,"{(17, 10, 14, 15)}","{(3, 1, 1, 2)}"
"(15, 14, 10, 21, 0)",2,"{(10, 21, 14, 15)}","{(3, 1, '?', '?')}"
"(15, 14, 10, 25, 0)",2,"{(25, 10, 14, 15)}","{(3, 1, '?', '?')}"
"(15, 14, 10, 3, 0)",2,"{(10, 3, 14, 15)}","{(3, 1, 0, '?')}"
"(15, 14, 12, 20, 0)",2,"{(12, 20, 14, 15)}","{('?', 1, '?', 5)}"
"(15, 14, 12, 21, 0)",1,"{(12, 21, 14, 15)}","{(7, 1, 6, '?')}"
"(15, 14, 12, 25, 0)",5,"{(25, 12, 14, 15)}","{('?', 1, '?', '?')}"
"(15, 14, 12, 27, 0)",1,"{(27, 12, 14, 15)}","{(5, 1, '?', '?')}"
"(15, 14, 12, 7, 0)",1,"{(12, 7, 14, 15)}","{(7, 1, '?', 7)}"
"(15, 14, 12, 8, 0)",1,"{(8, 12, 14, 15)}","{(5, 1, 6, 7)}"
"(15, 14, 13, 12, 0)",1,"{(12, 13, 14, 15)}","{(3, 1, 1, '?')}"
"(15, 14, 13, 14, 0)",1,"{(13, 14, 15)}","{(3, 1, 1, '?')}"
"(15, 14, 13, 15, 0)",1,"{(13, 14, 15)}","{(3, 1, 1, '?')}"
"(15, 14, 13, 17, 0)",3,"{(17, 13, 14, 15)}","{(3, 1, '?', '?')}"
"(15, 14, 15, 10, 0)",3,"{(10, 14, 15)}","{(3, 1, '?', '?')}"
"(15, 14, 15, 12, 0)",1,"{(12, 14, 15)}","{(7, 1, 4, '?')}"
"(15, 14, 15, 13, 0)",1,"{(13, 14, 15)}","{(3, 1, 1, '?')}"
"(15, 14, 15, 15, 0)",4,"{(14, 15)}","{('?', 1, '?', '?')}"
"(15, 14, 15, 17, 0)",8,"{(17, 14, 15)}","{('?', 1, '?', '?')}"
"(15, 14, 15, 18, 0)",2,"{(18, 14, 15)}","{(7, 1, '?', 7)}"
"(15, 14, 15, 20, 0)",1,"{(20, 14, 15)}","{(5, 1, '?', 5)}"
"(15, 14, 15, 21, 0)",1,"{(21, 14, 15)}","{(5, 1, 2, '?')}"
"(15, 14, 15, 27, 0)",1,"{(27, 14, 15)}","{(7, 1, '?', '?')}"
"(15, 14, 16, 10, 0)",2,"{(16, 10, 14, 15)}","{(3, 1, '?', '?')}"
"(15, 14, 16, 12, 0)",1,"{(16, 12, 14, 15)}","{(3, 1, '?', '?')}"
"(15, 14, 16, 14, 0)",1,"{(16, 14, 15)}","{(3, 1, '?', '?')}"
"(15, 14, 16, 25, 0)",2,"{(16, 25, 14, 15)}","{(3, 1, 2, '?')}"
"(15, 14, 17, 15, 0)",2,"{(17, 14, 15)}","{('?', 1, 4, '?')}"
"(15, 14, 18, 13, 0)",1,"{(18, 13, 14, 15)}","{(3, 1, 4, 7)}"
"(15, 14, 18, 15, 0)",2,"{(18, 14, 15)}","{(7, 1, '?', 7)}"
"(15, 14, 20, 15, 0)",3,"{(20, 14, 15)}","{(5, 1, '?', '?')}"
"(15, 14, 20, 17, 0)",9,"{(17, 20, 14, 15)}","{('?', 1, '?', '?')}"
"(15, 14, 20, 21, 0)",6,"{(20, 21, 14, 15)}","{('?', 1, '?', '?')}"
"(15, 14, 20, 25, 0)",5,"{(25, 20, 14, 15)}","{('?', 1, '?', '?')}"
"(15, 14, 20, 27, 0)",3,"{(27, 20, 14, 15)}","{('?', 1, '?', '?')}"
"(15, 14, 20, 3, 0)",2,"{(3, 20, 14, 15)}","{(5, 1, 0, '?')}"
"(15, 14, 21, 12, 0)",2,"{(12, 21, 14, 15)}","{(5, 1, 2, '?')}"
"(15, 14, 21, 13, 0)",2,"{(13, 21, 14, 15)}","{(3, 1, '?', '?')}"
"(15, 14, 21, 14, 0)",1,"{(21, 14, 15)}","{(3, 1, 6, '?')}"
"(15, 14, 21, 15, 0)",3,"{(21, 14, 15)}","{('?', 1, '?', '?')}"
"(15, 14, 21, 18, 0)",1,"{(18, 21, 14, 15)}","{(5, 1, 6, 7)}"
"(15, 14, 21, 20, 0)",4,"{(20, 21, 14, 15)}","{('?', 1, '?', '?')}"
"(15, 14, 21, 21, 0)",1,"{(21, 14, 15)}","{(7, 1, 2, '?')}"
"(15, 14, 21, 25, 0)",2,"{(25, 21, 14, 15)}","{('?', 1, 2, '?')}"
"(15, 14, 25, 1, 0)",2,"{(25, 1, 14, 15)}","{('?', 1, 6, '?')}"
"(15, 14, 25, 10, 0)",2,"{(25, 10, 14, 15)}","{(3, 1, '?', '?')}"
"(15, 14, 25, 12, 0)",3,"{(25, 12, 14, 15)}","{('?', 1, '?', '?')}"
"(15, 14, 25, 16, 0)",1,"{(16, 25, 14, 15)}","{(3, 1, 6, 5)}"
"(15, 14, 25, 6, 0)",4,"{(25, 6, 14, 15)}","{(3, 1, '?', '?')}"
"(15, 14, 27, 12, 0)",2,"{(27, 12, 14, 15)}","{('?', 1, '?', '?')}"
"(15, 14, 27, 20, 0)",4,"{(27, 20, 14, 15)}","{('?', 1, '?', '?')}"
"(15, 14, 27, 27, 0)",2,"{(27, 14, 15)}","{('?', 1, '?', '?')}"
"(15, 14, 27, 7, 0)",2,"{(27, 7, 14, 15)}","{('?', 1, '?', 7)}"
"(15, 14, 3, 10, 0)",3,"{(10, 3, 14, 15)}","{(3, 1, 0, '?')}"
"(15, 14, 3, 13, 0)",1,"{(3, 13, 14, 15)}","{(3, 1, 0, '?')}"
"(15, 14, 3, 15, 0)",2,"{(3, 14, 15)}","{('?', 1, 0, '?')}"
"(15, 14, 3, 17, 0)",3,"{(17, 3, 14, 15)}","{('?', 1, 0, '?')}"
"(15, 14, 3, 18, 0)",2,"{(18, 3, 14, 15)}","{('?', 1, 0, 7)}"
"(15, 14, 3, 20, 0)",1,"{(3, 20, 14, 15)}","{(5, 1, 0, 0)}"
"(15, 14, 3, 6, 0)",1,"{(3, 6, 14, 15)}","{(3, 1, 0, 7)}"
"(15, 14, 7, 12, 0)",1,"{(7, 12, 14, 15)}","{(5, 1, '?', 7)}"
"(15, 14, 7, 24, 0)",1,"{(24, 7, 14, 15)}","{(5, 1, '?', 7)}"
"(15, 14, 8, 18, 0)",1,"{(8, 18, 14, 15)}","{(5, 1, 6, 7)}"
"(15, 14, 8, 6, 0)",1,"{(8, 6, 14, 15)}","{(3, 1, 6, 7)}"
"(15, 15, 12, 10, 0)",1,"{(10, 12, 15)}","{(6, '?', '?', 1)}"
"(15, 15, 12, 20, 0)",1,"{(12, 20, 15)}","{('?', '?', '?', 1)}"
"(15, 15, 15, 10, 0)",2,"{(10, 15)}","{(6, '?', '?', '?')}"
"(15, 15, 15, 12, 0)",2,"{(12, 15)}","{('?', '?', '?', '?')}"
"(15, 15, 15, 13, 0)",2,"{(13, 15)}","{(6, '?', '?', '?')}"
"(15, 15, 15, 14, 0)",1,"{(14, 15)}","{(6, '?', 4, '?')}"
"(15, 15, 15, 15, 0)",2,"{(15,)}","{('?', '?', '?', '?')}"
"(15, 15, 15, 17, 0)",3,"{(17, 15)}","{('?', '?', '?', '?')}"
"(15, 15, 15, 18, 0)",1,"{(18, 15)}","{('?', '?', 4, 7)}"
"(15, 15, 15, 23, 0)",2,"{(23, 15)}","{(4, '?', '?', 5)}"
"(15, 15, 16, 10, 0)",1,"{(16, 10, 15)}","{(6, '?', '?', 1)}"
"(15, 15, 17, 12, 0)",1,"{(17, 12, 15)}","{('?', '?', 1, 1)}"
"(15, 15, 17, 14, 0)",1,"{(17, 14, 15)}","{(6, '?', 4, 1)}"
"(15, 15, 18, 12, 0)",1,"{(18, 12, 15)}","{('?', '?', 1, 7)}"
"(15, 15, 18, 13, 0)",2,"{(18, 13, 15)}","{(6, '?', '?', 7)}"
"(15, 15, 18, 15, 0)",2,"{(18, 15)}","{('?', '?', '?', 7)}"
"(15, 15, 20, 10, 0)",2,"{(10, 20, 15)}","{(6, '?', '?', '?')}"
"(15, 15, 20, 12, 0)",1,"{(20, 12, 15)}","{('?', '?', '?', 5)}"
"(15, 15, 20, 16, 0)",1,"{(16, 20, 15)}","{(6, '?', '?', 1)}"
"(15, 15, 20, 20, 0)",2,"{(20, 15)}","{('?', '?', '?', '?')}"
"(15, 15, 21, 12, 0)",2,"{(12, 21, 15)}","{('?', '?', '?', '?')}"
"(15, 15, 21, 13, 0)",1,"{(13, 21, 15)}","{(6, '?', 6, '?')}"
"(15, 15, 21, 14, 0)",1,"{(21, 14, 15)}","{(6, '?', 6, '?')}"
"(15, 15, 21, 15, 0)",2,"{(21, 15)}","{('?', '?', '?', '?')}"
"(15, 15, 23, 27, 0)",2,"{(27, 23, 15)}","{(4, '?', '?', '?')}"
"(15, 15, 25, 12, 0)",5,"{(25, 12, 15)}","{('?', '?', '?', '?')}"
"(15, 15, 25, 14, 0)",3,"{(25, 14, 15)}","{(6, '?', '?', '?')}"
"(15, 15, 25, 15, 0)",2,"{(25, 15)}","{('?', '?', 6, '?')}"
"(15, 15, 25, 16, 0)",1,"{(16, 25, 15)}","{(6, '?', 2, 1)}"
"(15, 15, 25, 20, 0)",1,"{(25, 20, 15)}","{('?', '?', 2, 5)}"
"(15, 15, 25, 4, 0)",4,"{(25, 4, 15)}","{(4, '?', '?', '?')}"
"(15, 15, 27, 10, 0)",2,"{(10, 27, 15)}","{(6, '?', '?', '?')}"
"(15, 15, 27, 13, 0)",1,"{(27, 13, 15)}","{(6, '?', '?', '?')}"
"(15, 15, 27, 14, 0)",1,"{(27, 14, 15)}","{(6, '?', '?', '?')}"
"(15, 15, 27, 16, 0)",1,"{(16, 27, 15)}","{(6, '?', '?', '?')}"
"(15, 15, 27, 20, 0)",2,"{(27, 20, 15)}","{('?', '?', '?', '?')}"
"(15, 15, 27, 23, 0)",2,"{(27, 23, 15)}","{(4, '?', '?', '?')}"
"(15, 15, 3, 10, 0)",2,"{(10, 3, 15)}","{(6, '?', 0, '?')}"
"(15, 15, 3, 17, 0)",1,"{(17, 3, 15)}","{('?', '?', 0, 1)}"
"(15, 15, 3, 23, 0)",2,"{(3, 23, 15)}","{(4, '?', 0, '?')}"
"(15, 15, 4, 15, 0)",2,"{(4, 15)}","{(4, '?', '?', '?')}"
"(15, 15, 4, 17, 0)",5,"{(17, 4, 15)}","{(4, '?', '?', '?')}"
"(15, 15, 4, 18, 0)",1,"{(18, 4, 15)}","{(4, '?', 4, 7)}"
"(15, 15, 4, 20, 0)",3,"{(4, 20, 15)}","{(4, '?', '?', '?')}"
"(15, 15, 4, 21, 0)",1,"{(4, 21, 15)}","{(4, '?', 2, '?')}"
"(15, 15, 4, 27, 0)",1,"{(27, 4, 15)}","{(4, '?', '?', '?')}"
"(15, 15, 4, 7, 0)",1,"{(4, 7, 15)}","{(4, '?', '?', 7)}"
"(15, 15, 7, 16, 0)",1,"{(16, 7, 15)}","{(6, '?', '?', 7)}"
"(15, 15, 7, 8, 0)",2,"{(8, 7, 15)}","{('?', '?', '?', 7)}"
"(15, 15, 8, 12, 0)",2,"{(8, 12, 15)}","{('?', '?', '?', 7)}"
"(15, 15, 8, 15, 0)",2,"{(8, 15)}","{('?', '?', '?', 7)}"
"(15, 15, 8, 27, 0)",2,"{(8, 27, 15)}","{('?', '?', '?', 7)}"
"(15, 15, 8, 4, 0)",1,"{(8, 4, 15)}","{(4, '?', 2, 7)}"
"(15, 15, 9, 17, 0)",1,"{(9, 17, 15)}","{(4, 5, 1, 5)}"
"(15, 16, 12, 20, 0)",1,"{(16, 12, 20, 15)}","{(7, '?', '?', 5)}"
"(15, 16, 12, 7, 0)",2,"{(16, 12, 7, 15)}","{('?', '?', '?', 7)}"
"(15, 16, 14, 21, 0)",2,"{(16, 21, 14, 15)}","{(3, '?', '?', '?')}"
"(15, 16, 15, 20, 0)",2,"{(16, 20, 15)}","{(5, '?', '?', '?')}"
"(15, 16, 16, 10, 0)",1,"{(16, 10, 15)}","{(3, '?', '?', 5)}"
"(15, 16, 16, 14, 0)",1,"{(16, 14, 15)}","{(3, '?', '?', '?')}"
"(15, 16, 7, 14, 0)",1,"{(16, 7, 14, 15)}","{(3, '?', '?', 7)}"
"(15, 16, 8, 13, 0)",2,"{(16, 8, 13, 15)}","{(3, '?', '?', 7)}"
"(15, 18, 15, 13, 0)",2,"{(18, 13, 15)}","{(6, '?', '?', 7)}"
"(15, 18, 15, 14, 0)",1,"{(18, 14, 15)}","{(6, '?', 4, 7)}"
"(15, 18, 15, 15, 0)",1,"{(18, 15)}","{('?', '?', 1, 7)}"
"(15, 18, 19, 15, 0)",2,"{(18, 19, 15)}","{(2, '?', '?', 7)}"
"(15, 18, 19, 24, 0)",1,"{(24, 18, 19, 15)}","{(2, 5, 1, 7)}"
"(15, 18, 19, 9, 0)",1,"{(9, 18, 19, 15)}","{(0, 5, 1, 7)}"
"(15, 18, 22, 15, 0)",1,"{(18, 22, 15)}","{(2, '?', '?', 7)}"
"(15, 18, 27, 16, 0)",1,"{(16, 18, 27, 15)}","{(6, '?', '?', 7)}"
"(15, 18, 3, 13, 0)",1,"{(18, 3, 13, 15)}","{(6, '?', 0, 7)}"
"(15, 18, 3, 14, 0)",1,"{(18, 3, 14, 15)}","{(6, '?', 0, 7)}"
"(15, 18, 3, 15, 0)",1,"{(18, 3, 15)}","{('?', '?', 0, 7)}"
"(15, 18, 3, 19, 0)",5,"{(19, 18, 3, 15)}","{('?', '?', 0, '?')}"
"(15, 18, 3, 4, 0)",2,"{(18, 3, 4, 15)}","{('?', '?', 0, 7)}"
"(15, 18, 4, 15, 0)",2,"{(18, 4, 15)}","{(4, '?', '?', 7)}"
"(15, 18, 4, 19, 0)",2,"{(18, 19, 4, 15)}","{(1, '?', '?', 7)}"
"(15, 18, 4, 21, 0)",1,"{(18, 4, 21, 15)}","{(4, '?', 2, 7)}"
"(15, 18, 4, 27, 0)",1,"{(18, 27, 4, 15)}","{(4, '?', '?', 7)}"
"(15, 18, 4, 3, 0)",5,"{(18, 3, 4, 15)}","{('?', '?', 0, '?')}"
"(15, 18, 4, 8, 0)",1,"{(8, 18, 4, 15)}","{(4, '?', 2, 7)}"
"(15, 18, 9, 18, 0)",1,"{(9, 18, 15)}","{(4, 5, 4, 7)}"
"(15, 18, 9, 19, 0)",1,"{(9, 18, 19, 15)}","{(1, 5, 4, 7)}"
"(15, 18, 9, 24, 0)",1,"{(24, 9, 18, 15)}","{(4, 5, 4, 7)}"
"(15, 19, 12, 15, 0)",1,"{(19, 12, 15)}","{(2, '?', 4, '?')}"
"(15, 19, 12, 17, 0)",3,"{(17, 19, 12, 15)}","{(2, '?', '?', '?')}"
"(15, 19, 12, 20, 0)",2,"{(19, 12, 20, 15)}","{(2, '?', '?', '?')}"
"(15, 19, 12, 21, 0)",2,"{(19, 12, 21, 15)}","{(2, '?', '?', '?')}"
"(15, 19, 12, 25, 0)",4,"{(25, 19, 12, 15)}","{('?', '?', '?', '?')}"
"(15, 19, 12, 27, 0)",1,"{(27, 19, 12, 15)}","{(2, '?', '?', '?')}"
"(15, 19, 12, 7, 0)",1,"{(19, 12, 7, 15)}","{(2, '?', '?', 7)}"
"(15, 19, 12, 8, 0)",2,"{(8, 19, 12, 15)}","{(2, '?', '?', 7)}"
"(15, 19, 14, 21, 0)",2,"{(19, 21, 14, 15)}","{(2, '?', '?', '?')}"
"(15, 19, 14, 25, 0)",1,"{(25, 19, 14, 15)}","{(2, '?', 6, 5)}"
"(15, 19, 14, 8, 0)",1,"{(8, 19, 14, 15)}","{(2, '?', 2, 7)}"
"(15, 19, 15, 12, 0)",1,"{(19, 12, 15)}","{(2, '?', 4, '?')}"
"(15, 19, 15, 15, 0)",1,"{(19, 15)}","{(2, '?', 4, '?')}"
"(15, 19, 15, 17, 0)",2,"{(17, 19, 15)}","{(2, '?', '?', '?')}"
"(15, 19, 15, 27, 0)",1,"{(27, 19, 15)}","{(2, '?', '?', '?')}"
"(15, 19, 18, 12, 0)",1,"{(18, 19, 12, 15)}","{(2, '?', 1, 7)}"
"(15, 19, 18, 15, 0)",1,"{(18, 19, 15)}","{(2, '?', 4, 7)}"
"(15, 19, 18, 4, 0)",1,"{(18, 19, 4, 15)}","{(1, '?', 0, 7)}"
"(15, 19, 19, 12, 0)",1,"{(19, 12, 15)}","{(2, '?', 1, 7)}"
"(15, 19, 19, 15, 0)",1,"{(19, 15)}","{(2, '?', 4, 7)}"
"(15, 19, 21, 12, 0)",1,"{(19, 12, 21, 15)}","{(2, '?', 6, '?')}"
"(15, 19, 21, 14, 0)",2,"{(19, 21, 14, 15)}","{(2, '?', '?', '?')}"
"(15, 19, 21, 21, 0)",1,"{(19, 21, 15)}","{(2, '?', 2, '?')}"
"(15, 19, 24, 17, 0)",1,"{(24, 17, 19, 15)}","{(0, 5, 4, 5)}"
"(15, 19, 25, 12, 0)",3,"{(25, 19, 12, 15)}","{(2, '?', '?', '?')}"
"(15, 19, 27, 12, 0)",1,"{(27, 19, 12, 15)}","{(2, '?', '?', '?')}"
"(15, 19, 27, 15, 0)",1,"{(27, 19, 15)}","{(2, '?', '?', '?')}"
"(15, 19, 27, 18, 0)",1,"{(27, 18, 19, 15)}","{(2, '?', '?', 7)}"
"(15, 19, 27, 20, 0)",1,"{(27, 19, 20, 15)}","{(2, '?', '?', 5)}"
"(15, 19, 27, 27, 0)",1,"{(27, 19, 15)}","{(2, '?', '?', '?')}"
"(15, 19, 3, 12, 0)",1,"{(3, 19, 12, 15)}","{(2, '?', 0, '?')}"
"(15, 19, 3, 15, 0)",1,"{(3, 19, 15)}","{(2, '?', 0, '?')}"
"(15, 19, 3, 17, 0)",2,"{(3, 17, 19, 15)}","{(2, '?', 0, '?')}"
"(15, 19, 3, 20, 0)",1,"{(3, 19, 20, 15)}","{(2, '?', 0, 5)}"
"(15, 19, 3, 23, 0)",3,"{(3, 19, 23, 15)}","{('?', '?', 0, '?')}"
"(15, 19, 3, 4, 0)",2,"{(3, 19, 4, 15)}","{(0, '?', 0, '?')}"
"(15, 19, 4, 15, 0)",3,"{(19, 4, 15)}","{('?', '?', '?', '?')}"
"(15, 19, 4, 16, 0)",2,"{(16, 19, 4, 15)}","{('?', '?', '?', '?')}"
"(15, 19, 4, 17, 0)",9,"{(17, 19, 4, 15)}","{('?', '?', '?', '?')}"
"(15, 19, 4, 18, 0)",2,"{(18, 19, 4, 15)}","{(1, '?', '?', 7)}"
"(15, 19, 4, 20, 0)",3,"{(19, 4, 20, 15)}","{('?', '?', '?', '?')}"
"(15, 19, 4, 21, 0)",3,"{(19, 4, 21, 15)}","{('?', '?', '?', '?')}"
"(15, 19, 4, 23, 0)",1,"{(19, 4, 23, 15)}","{(1, '?', 0, 1)}"
"(15, 19, 4, 25, 0)",8,"{(25, 19, 4, 15)}","{('?', '?', '?', '?')}"
"(15, 19, 4, 27, 0)",2,"{(27, 19, 4, 15)}","{('?', '?', '?', '?')}"
"(15, 19, 4, 3, 0)",1,"{(3, 19, 4, 15)}","{(1, '?', 0, '?')}"
"(15, 19, 4, 4, 0)",1,"{(19, 4, 15)}","{(1, '?', 0, '?')}"
"(15, 19, 4, 7, 0)",1,"{(19, 4, 7, 15)}","{(1, '?', '?', '?')}"
"(15, 19, 4, 8, 0)",5,"{(8, 19, 4, 15)}","{('?', '?', '?', '?')}"
"(15, 19, 7, 12, 0)",1,"{(19, 7, 12, 15)}","{(2, '?', '?', 7)}"
"(15, 19, 7, 27, 0)",1,"{(27, 19, 7, 15)}","{(2, '?', '?', 7)}"
"(15, 19, 8, 14, 0)",1,"{(8, 19, 14, 15)}","{(2, '?', 2, 7)}"
"(15, 19, 8, 24, 0)",2,"{(8, 24, 19, 15)}","{('?', 5, '?', 7)}"
"(15, 19, 8, 9, 0)",1,"{(8, 9, 19, 15)}","{(0, 5, 6, 7)}"
"(15, 19, 9, 15, 0)",2,"{(9, 19, 15)}","{('?', 5, 1, '?')}"
"(15, 19, 9, 17, 0)",3,"{(9, 19, 17, 15)}","{('?', 5, '?', '?')}"
"(15, 19, 9, 19, 0)",2,"{(9, 19, 15)}","{('?', 5, 1, '?')}"
"(15, 19, 9, 21, 0)",1,"{(9, 19, 21, 15)}","{(1, 5, 2, '?')}"
"(15, 19, 9, 22, 0)",1,"{(9, 19, 22, 15)}","{(1, 5, '?', '?')}"
"(15, 19, 9, 25, 0)",1,"{(9, 19, 25, 15)}","{(1, 5, 2, 5)}"
"(15, 20, 12, 10, 0)",1,"{(10, 20, 12, 15)}","{(6, 1, '?', 2)}"
"(15, 20, 12, 13, 0)",3,"{(13, 20, 12, 15)}","{(6, 1, '?', '?')}"
"(15, 20, 12, 14, 0)",1,"{(20, 12, 14, 15)}","{(6, 1, 2, 0)}"
"(15, 20, 12, 15, 0)",5,"{(20, 12, 15)}","{('?', 1, '?', '?')}"
"(15, 20, 12, 16, 0)",2,"{(16, 20, 12, 15)}","{(6, 1, '?', '?')}"
"(15, 20, 12, 19, 0)",2,"{(19, 20, 12, 15)}","{(2, 1, 4, '?')}"
"(15, 20, 12, 21, 0)",5,"{(21, 20, 12, 15)}","{('?', 1, '?', '?')}"
"(15, 20, 12, 22, 0)",3,"{(20, 12, 22, 15)}","{('?', 1, '?', '?')}"
"(15, 20, 12, 25, 0)",3,"{(25, 20, 12, 15)}","{('?', 1, '?', '?')}"
"(15, 20, 12, 27, 0)",3,"{(27, 20, 12, 15)}","{('?', 1, '?', '?')}"
"(15, 20, 12, 3, 0)",4,"{(3, 20, 12, 15)}","{('?', 1, 0, '?')}"
"(15, 20, 12, 8, 0)",4,"{(8, 20, 12, 15)}","{(6, 1, '?', '?')}"
"(15, 20, 15, 13, 0)",5,"{(20, 13, 15)}","{(6, '?', '?', '?')}"
"(15, 20, 15, 15, 0)",5,"{(20, 15)}","{('?', '?', '?', '?')}"
"(15, 20, 17, 13, 0)",1,"{(17, 20, 13, 15)}","{(6, '?', 1, 0)}"
"(15, 20, 17, 14, 0)",1,"{(17, 20, 14, 15)}","{(6, '?', 4, 2)}"
"(15, 20, 17, 15, 0)",1,"{(17, 20, 15)}","{('?', '?', 4, 2)}"
"(15, 20, 19, 12, 0)",4,"{(19, 20, 12, 15)}","{(2, '?', '?', '?')}"
"(15, 20, 19, 15, 0)",5,"{(19, 20, 15)}","{('?', '?', '?', '?')}"
"(15, 20, 19, 24, 0)",3,"{(24, 19, 20, 15)}","{('?', 5, '?', '?')}"
"(15, 20, 19, 4, 0)",2,"{(19, 20, 4, 15)}","{(0, '?', '?', 2)}"
"(15, 20, 21, 10, 0)",3,"{(10, 20, 21, 15)}","{(6, '?', '?', '?')}"
"(15, 20, 21, 13, 0)",4,"{(13, 20, 21, 15)}","{(6, '?', '?', '?')}"
"(15, 20, 22, 12, 0)",1,"{(20, 12, 22, 15)}","{(2, '?', '?', 0)}"
"(15, 20, 22, 15, 0)",1,"{(20, 22, 15)}","{(2, '?', '?', 0)}"
"(15, 20, 22, 25, 0)",3,"{(25, 20, 22, 15)}","{('?', '?', 2, '?')}"
"(15, 20, 22, 27, 0)",1,"{(27, 20, 22, 15)}","{(2, '?', '?', 0)}"
"(15, 20, 22, 4, 0)",2,"{(20, 4, 22, 15)}","{(0, '?', '?', '?')}"
"(15, 20, 24, 15, 0)",1,"{(24, 20, 15)}","{(4, 5, 1, 2)}"
"(15, 20, 24, 16, 0)",1,"{(24, 16, 20, 15)}","{(6, 5, '?', 2)}"
"(15, 20, 25, 12, 0)",1,"{(25, 20, 12, 15)}","{('?', '?', 2, 0)}"
"(15, 20, 25, 13, 0)",1,"{(25, 20, 13, 15)}","{(6, '?', 2, 0)}"
"(15, 20, 25, 14, 0)",2,"{(25, 20, 14, 15)}","{(6, '?', '?', 2)}"
"(15, 20, 25, 15, 0)",3,"{(25, 20, 15)}","{('?', '?', '?', '?')}"
"(15, 20, 25, 16, 0)",1,"{(16, 25, 20, 15)}","{(6, '?', 2, 0)}"
"(15, 20, 25, 27, 0)",1,"{(25, 27, 20, 15)}","{(4, '?', 6, 2)}"
"(15, 20, 27, 15, 0)",3,"{(27, 20, 15)}","{('?', '?', '?', '?')}"
"(15, 20, 27, 16, 0)",1,"{(16, 27, 20, 15)}","{(6, '?', '?', 2)}"
"(15, 20, 27, 25, 0)",3,"{(25, 27, 20, 15)}","{('?', '?', 2, '?')}"
"(15, 20, 27, 27, 0)",3,"{(27, 20, 15)}","{('?', '?', '?', '?')}"
"(15, 20, 27, 4, 0)",2,"{(27, 20, 4, 15)}","{(4, '?', '?', '?')}"
"(15, 20, 3, 12, 0)",2,"{(3, 20, 12, 15)}","{('?', 1, 0, '?')}"
"(15, 20, 3, 13, 0)",2,"{(3, 20, 13, 15)}","{(6, '?', 0, '?')}"
"(15, 20, 3, 14, 0)",3,"{(3, 20, 14, 15)}","{(6, '?', 0, '?')}"
"(15, 20, 3, 15, 0)",1,"{(3, 20, 15)}","{('?', '?', 0, 2)}"
"(15, 20, 3, 19, 0)",5,"{(19, 3, 20, 15)}","{('?', '?', 0, '?')}"
"(15, 22, 12, 20, 0)",2,"{(12, 20, 22, 15)}","{(2, '?', '?', '?')}"
"(15, 22, 25, 12, 0)",1,"{(25, 12, 22, 15)}","{(2, '?', 6, 1)}"
"(15, 22, 4, 20, 0)",3,"{(4, 20, 22, 15)}","{('?', '?', '?', '?')}"
"(15, 22, 4, 21, 0)",1,"{(4, 21, 22, 15)}","{(1, '?', 2, '?')}"
"(15, 22, 4, 25, 0)",8,"{(25, 4, 22, 15)}","{('?', '?', '?', '?')}"
"(15, 22, 4, 27, 0)",2,"{(27, 4, 22, 15)}","{('?', '?', '?', '?')}"
"(15, 22, 4, 7, 0)",1,"{(4, 7, 22, 15)}","{(1, '?', '?', '?')}"
"(15, 22, 4, 8, 0)",4,"{(8, 4, 22, 15)}","{('?', '?', '?', 7)}"
"(15, 22, 8, 9, 0)",1,"{(8, 9, 22, 15)}","{(1, 5, 2, 7)}"
"(15, 22, 9, 20, 0)",1,"{(9, 20, 22, 15)}","{(1, 5, '?', 1)}"
"(15, 22, 9, 27, 0)",1,"{(9, 27, 22, 15)}","{(1, 5, '?', '?')}"
"(15, 22, 9, 7, 0)",1,"{(9, 7, 22, 15)}","{(1, 5, '?', 7)}"
"(15, 23, 12, 15, 0)",3,"{(23, 12, 15)}","{('?', 1, '?', '?')}"
"(15, 23, 12, 19, 0)",5,"{(19, 23, 12, 15)}","{('?', 1, '?', '?')}"
"(15, 23, 12, 21, 0)",8,"{(21, 23, 12, 15)}","{('?', 1, '?', '?')}"
"(15, 23, 12, 22, 0)",3,"{(23, 12, 22, 15)}","{('?', 1, '?', '?')}"
"(15, 23, 12, 25, 0)",2,"{(25, 23, 12, 15)}","{(4, 1, '?', 2)}"
"(15, 23, 12, 27, 0)",2,"{(27, 23, 12, 15)}","{(4, 1, '?', '?')}"
"(15, 23, 12, 3, 0)",2,"{(3, 23, 12, 15)}","{('?', 1, 0, '?')}"
"(15, 23, 15, 15, 0)",3,"{(23, 15)}","{(4, '?', '?', '?')}"
"(15, 23, 15, 17, 0)",1,"{(17, 23, 15)}","{(4, '?', 4, 0)}"
"(15, 23, 15, 25, 0)",1,"{(25, 23, 15)}","{(4, '?', 2, 2)}"
"(15, 23, 19, 12, 0)",8,"{(19, 23, 12, 15)}","{('?', '?', '?', '?')}"
"(15, 23, 19, 15, 0)",2,"{(19, 23, 15)}","{('?', '?', '?', '?')}"
"(15, 23, 19, 3, 0)",4,"{(3, 19, 23, 15)}","{('?', '?', 0, '?')}"
"(15, 23, 19, 4, 0)",7,"{(19, 23, 4, 15)}","{('?', '?', '?', '?')}"
"(15, 23, 21, 24, 0)",1,"{(24, 23, 21, 15)}","{(4, 5, 2, 2)}"
"(15, 23, 21, 25, 0)",1,"{(25, 23, 21, 15)}","{(4, '?', 6, 2)}"
"(15, 23, 22, 12, 0)",3,"{(23, 12, 22, 15)}","{('?', '?', '?', '?')}"
"(15, 23, 22, 25, 0)",7,"{(25, 23, 22, 15)}","{('?', '?', '?', '?')}"
"(15, 23, 22, 4, 0)",4,"{(23, 4, 22, 15)}","{('?', '?', '?', '?')}"
"(15, 23, 24, 15, 0)",4,"{(24, 23, 15)}","{(4, 5, '?', '?')}"
"(15, 23, 24, 25, 0)",1,"{(24, 25, 23, 15)}","{(4, 5, 6, 0)}"
"(15, 23, 24, 3, 0)",1,"{(24, 3, 23, 15)}","{(4, 5, 0, 2)}"
"(15, 23, 25, 1, 0)",1,"{(25, 23, 1, 15)}","{(4, '?', 6, 0)}"
"(15, 23, 25, 15, 0)",5,"{(25, 23, 15)}","{('?', '?', '?', '?')}"
"(15, 23, 25, 24, 0)",1,"{(24, 25, 23, 15)}","{(4, 5, 2, 2)}"
"(15, 23, 25, 27, 0)",3,"{(25, 27, 23, 15)}","{(4, '?', '?', '?')}"
"(15, 23, 27, 12, 0)",2,"{(27, 23, 12, 15)}","{(4, '?', '?', 0)}"
"(15, 23, 27, 25, 0)",1,"{(25, 27, 23, 15)}","{(4, '?', 2, 0)}"
"(15, 23, 27, 27, 0)",2,"{(27, 23, 15)}","{(4, '?', '?', '?')}"
"(15, 23, 3, 12, 0)",1,"{(3, 23, 12, 15)}","{(4, '?', 0, 0)}"
"(15, 23, 3, 15, 0)",2,"{(3, 23, 15)}","{(4, '?', 0, '?')}"
"(15, 23, 3, 19, 0)",3,"{(19, 3, 23, 15)}","{(1, '?', 0, '?')}"
"(15, 24, 24, 17, 0)",1,"{(24, 17, 15)}","{('?', 5, 4, 5)}"
"(15, 27, 12, 20, 0)",2,"{(27, 12, 20, 15)}","{('?', '?', '?', '?')}"
"(15, 27, 25, 4, 0)",1,"{(25, 27, 4, 15)}","{(4, '?', 6, 1)}"
"(15, 27, 27, 10, 0)",1,"{(10, 27, 15)}","{(6, '?', '?', 1)}"
"(15, 27, 4, 20, 0)",1,"{(27, 4, 20, 15)}","{(4, '?', '?', 1)}"
"(15, 27, 4, 21, 0)",1,"{(27, 4, 21, 15)}","{(4, '?', 2, '?')}"
"(15, 27, 4, 25, 0)",1,"{(25, 27, 4, 15)}","{(4, '?', 2, 1)}"
"(15, 27, 4, 27, 0)",1,"{(27, 4, 15)}","{(4, '?', '?', '?')}"
"(15, 27, 4, 7, 0)",1,"{(27, 4, 7, 15)}","{(4, '?', '?', 7)}"
"(15, 27, 7, 16, 0)",1,"{(16, 27, 7, 15)}","{(6, '?', '?', 7)}"
"(15, 3, 12, 17, 0)",1,"{(17, 3, 12, 15)}","{('?', '?', 0, 1)}"
"(15, 3, 12, 6, 0)",1,"{(3, 12, 6, 15)}","{(6, 1, 0, 7)}"
"(15, 3, 15, 10, 0)",2,"{(10, 3, 15)}","{(6, '?', 0, '?')}"
"(15, 3, 15, 17, 0)",2,"{(17, 3, 15)}","{('?', '?', 0, '?')}"
"(15, 3, 18, 12, 0)",1,"{(18, 3, 12, 15)}","{('?', '?', 0, 7)}"
"(15, 3, 18, 13, 0)",1,"{(18, 3, 13, 15)}","{(6, '?', 0, 7)}"
"(15, 3, 19, 15, 0)",1,"{(19, 3, 15)}","{(2, '?', 0, '?')}"
"(15, 3, 19, 17, 0)",1,"{(19, 17, 3, 15)}","{(2, '?', 0, 1)}"
"(15, 3, 3, 10, 0)",1,"{(10, 3, 15)}","{(6, '?', 0, 5)}"
"(15, 3, 4, 17, 0)",2,"{(17, 3, 4, 15)}","{(4, '?', 0, '?')}"
"(15, 4, 12, 19, 0)",1,"{(19, 4, 12, 15)}","{(0, 1, 4, 0)}"
"(15, 4, 12, 20, 0)",4,"{(20, 4, 12, 15)}","{(4, 1, '?', '?')}"
"(15, 4, 15, 12, 0)",2,"{(4, 12, 15)}","{(4, 1, '?', '?')}"
"(15, 4, 15, 15, 0)",1,"{(4, 15)}","{(4, 1, 1, '?')}"
"(15, 4, 15, 17, 0)",4,"{(17, 4, 15)}","{('?', 1, '?', '?')}"
"(15, 4, 17, 12, 0)",3,"{(17, 4, 12, 15)}","{(4, 1, '?', 1)}"
"(15, 4, 17, 15, 0)",4,"{(17, 4, 15)}","{(4, 1, '?', '?')}"
"(15, 4, 17, 17, 0)",3,"{(17, 4, 15)}","{(4, 1, '?', '?')}"
"(15, 4, 18, 15, 0)",2,"{(18, 4, 15)}","{(4, 1, '?', 7)}"
"(15, 4, 18, 18, 0)",1,"{(18, 4, 15)}","{(1, 1, 1, 7)}"
"(15, 4, 18, 19, 0)",2,"{(18, 19, 4, 15)}","{(1, 1, '?', 7)}"
"(15, 4, 18, 3, 0)",2,"{(18, 3, 4, 15)}","{('?', 1, 0, 7)}"
"(15, 4, 19, 15, 0)",1,"{(19, 4, 15)}","{(0, 1, 1, '?')}"
"(15, 4, 19, 17, 0)",3,"{(17, 19, 4, 15)}","{('?', 1, '?', 5)}"
"(15, 4, 19, 18, 0)",1,"{(18, 19, 4, 15)}","{(1, 1, 1, 7)}"
"(15, 4, 19, 19, 0)",1,"{(19, 4, 15)}","{(1, 1, 1, '?')}"
"(15, 4, 19, 23, 0)",6,"{(19, 4, 23, 15)}","{('?', 1, '?', '?')}"
"(15, 4, 19, 4, 0)",4,"{(19, 4, 15)}","{('?', 1, '?', '?')}"
"(15, 4, 20, 12, 0)",2,"{(12, 4, 20, 15)}","{(4, 1, '?', '?')}"
"(15, 4, 20, 15, 0)",2,"{(4, 20, 15)}","{(4, 1, '?', 2)}"
"(15, 4, 20, 25, 0)",1,"{(25, 4, 20, 15)}","{(4, 1, 2, 2)}"
"(15, 4, 20, 27, 0)",2,"{(27, 4, 20, 15)}","{(4, 1, '?', '?')}"
"(15, 4, 20, 3, 0)",1,"{(3, 4, 20, 15)}","{(4, 1, 0, 2)}"
"(15, 4, 22, 18, 0)",2,"{(18, 4, 22, 15)}","{('?', 1, '?', 7)}"
"(15, 4, 22, 20, 0)",3,"{(4, 20, 22, 15)}","{('?', 1, '?', '?')}"
"(15, 4, 22, 21, 0)",4,"{(4, 21, 22, 15)}","{('?', 1, '?', '?')}"
"(15, 4, 22, 23, 0)",4,"{(4, 23, 22, 15)}","{('?', 1, '?', '?')}"
"(15, 4, 22, 25, 0)",7,"{(25, 4, 22, 15)}","{('?', 1, '?', '?')}"
"(15, 4, 22, 4, 0)",2,"{(4, 22, 15)}","{('?', 1, '?', '?')}"
"(15, 4, 22, 7, 0)",2,"{(4, 7, 22, 15)}","{('?', 1, '?', 7)}"
"(15, 4, 22, 8, 0)",4,"{(8, 4, 22, 15)}","{('?', 1, '?', 7)}"
"(15, 4, 25, 12, 0)",2,"{(25, 4, 12, 15)}","{(4, 1, '?', 5)}"
"(15, 4, 27, 12, 0)",3,"{(27, 4, 12, 15)}","{(4, 1, '?', '?')}"
"(15, 4, 27, 20, 0)",2,"{(27, 4, 20, 15)}","{(4, 1, '?', '?')}"
"(15, 4, 27, 7, 0)",1,"{(27, 4, 7, 15)}","{(4, 1, '?', 7)}"
"(15, 4, 27, 8, 0)",1,"{(8, 27, 4, 15)}","{(4, 1, 2, 7)}"
"(15, 4, 3, 12, 0)",1,"{(3, 4, 12, 15)}","{(4, 1, 0, '?')}"
"(15, 4, 3, 15, 0)",1,"{(3, 4, 15)}","{(4, 1, 0, '?')}"
"(15, 4, 3, 17, 0)",1,"{(17, 3, 4, 15)}","{(4, 1, 0, 1)}"
"(15, 4, 3, 18, 0)",3,"{(18, 3, 4, 15)}","{('?', 1, 0, 7)}"
"(15, 4, 3, 19, 0)",3,"{(19, 3, 4, 15)}","{('?', 1, 0, '?')}"
"(15, 4, 3, 23, 0)",3,"{(3, 4, 23, 15)}","{('?', 1, 0, '?')}"
"(15, 4, 3, 7, 0)",1,"{(3, 4, 7, 15)}","{(4, 1, 0, 7)}"
"(15, 4, 7, 12, 0)",2,"{(12, 4, 7, 15)}","{(4, 1, '?', 7)}"
"(15, 4, 7, 8, 0)",1,"{(8, 4, 7, 15)}","{(4, 1, 6, 7)}"
"(15, 4, 8, 15, 0)",2,"{(8, 4, 15)}","{(4, 1, '?', 7)}"
"(15, 4, 8, 18, 0)",1,"{(8, 18, 4, 15)}","{(4, 1, 6, 7)}"
"(15, 4, 8, 22, 0)",1,"{(8, 4, 22, 15)}","{(1, 1, 6, 7)}"
"(15, 4, 8, 24, 0)",1,"{(8, 24, 4, 15)}","{(4, 1, 2, 7)}"
"(15, 4, 8, 27, 0)",2,"{(8, 27, 4, 15)}","{(4, 1, '?', 7)}"
"(15, 4, 8, 8, 0)",2,"{(8, 4, 15)}","{(0, 1, '?', 7)}"
"(15, 6, 13, 17, 0)",1,"{(17, 13, 6, 15)}","{(3, 5, 1, 1)}"
"(15, 6, 18, 24, 0)",1,"{(24, 18, 6, 15)}","{(5, 5, 1, 7)}"
"(15, 6, 6, 15, 0)",1,"{(6, 15)}","{(3, 5, 4, '?')}"
"(15, 9, 15, 15, 0)",1,"{(9, 15)}","{(4, 5, 4, '?')}"
"(15, 9, 15, 17, 0)",2,"{(9, 17, 15)}","{(4, 5, '?', '?')}"
"(15, 9, 15, 24, 0)",1,"{(24, 9, 15)}","{(4, 5, 4, '?')}"
"(15, 9, 22, 21, 0)",1,"{(9, 21, 22, 15)}","{(1, 5, 2, '?')}"
"(15, 9, 24, 17, 0)",1,"{(24, 9, 17, 15)}","{(4, 5, 1, 1)}"
"(15, 9, 24, 27, 0)",1,"{(24, 9, 27, 15)}","{(4, 5, '?', '?')}"
"(15, 9, 25, 24, 0)",1,"{(24, 9, 25, 15)}","{(4, 5, 2, 5)}"
"(15, 9, 27, 15, 0)",1,"{(9, 27, 15)}","{(4, 5, '?', '?')}"
"(15, 9, 27, 20, 0)",1,"{(9, 27, 20, 15)}","{(4, 5, '?', 1)}"
"(15, 9, 27, 24, 0)",1,"{(24, 9, 27, 15)}","{(4, 5, '?', '?')}"
"(15, 9, 3, 24, 0)",1,"{(24, 9, 3, 15)}","{(4, 5, 0, 3)}"
"(15, 9, 7, 24, 0)",1,"{(24, 9, 7, 15)}","{(4, 5, '?', 7)}"
"(16, 10, 16, 14, 0)",1,"{(16, 10, 14)}","{(3, 0, 3, 2)}"
"(16, 10, 24, 27, 0)",1,"{(16, 24, 10, 27)}","{(5, 5, 7, 0)}"
"(16, 10, 27, 12, 0)",1,"{(16, 10, 27, 12)}","{(5, 0, 3, 0)}"
"(16, 10, 6, 16, 0)",1,"{(16, 10, 6)}","{(3, 5, 3, 0)}"
"(16, 13, 24, 20, 0)",1,"{(16, 24, 20, 13)}","{(5, 5, 7, 5)}"
"(16, 16, 24, 20, 0)",1,"{(16, 24, 20)}","{(5, 5, 7, 1)}"
"(16, 24, 20, 1, 0)",1,"{(16, 24, 20, 1)}","{(7, 5, 3, 5)}"
"(16, 24, 20, 20, 0)",1,"{(16, 24, 20)}","{(5, 5, 5, 5)}"
"(16, 24, 20, 24, 0)",2,"{(16, 24, 20)}","{('?', 5, '?', 5)}"
"(16, 6, 24, 20, 0)",1,"{(16, 24, 20, 6)}","{(5, 5, 3, 1)}"
"(16, 6, 24, 7, 0)",1,"{(16, 24, 6, 7)}","{(5, 5, 5, 7)}"
"(17, 10, 13, 13, 0)",1,"{(17, 10, 13)}","{(3, 6, 4, 0)}"
"(17, 10, 13, 15, 0)",2,"{(17, 10, 13, 15)}","{(3, 6, 4, '?')}"
"(17, 10, 14, 15, 0)",1,"{(17, 10, 14, 15)}","{(3, 0, 4, 2)}"
"(17, 10, 14, 21, 0)",3,"{(17, 10, 21, 14)}","{(3, 0, '?', '?')}"
"(17, 10, 15, 15, 0)",3,"{(17, 10, 15)}","{('?', 6, '?', 0)}"
"(17, 10, 16, 16, 0)",1,"{(16, 17, 10)}","{(3, 0, '?', 2)}"
"(17, 10, 3, 14, 0)",2,"{(17, 10, 3, 14)}","{(3, 0, 0, '?')}"
"(17, 12, 21, 15, 0)",1,"{(17, 12, 21, 15)}","{('?', 0, 2, 0)}"
"(17, 12, 27, 12, 0)",1,"{(17, 27, 12)}","{('?', 0, '?', 2)}"
"(17, 13, 12, 13, 0)",2,"{(17, 12, 13)}","{(3, 0, '?', '?')}"
"(17, 13, 12, 15, 0)",8,"{(17, 12, 13, 15)}","{('?', 0, '?', '?')}"
"(17, 13, 12, 21, 0)",5,"{(17, 21, 12, 13)}","{('?', 0, '?', '?')}"
"(17, 13, 12, 25, 0)",3,"{(17, 12, 13, 25)}","{('?', 0, '?', '?')}"
"(17, 13, 12, 27, 0)",3,"{(17, 27, 12, 13)}","{('?', 0, '?', '?')}"
"(17, 13, 13, 24, 0)",1,"{(24, 17, 13)}","{(3, 5, 1, 0)}"
"(17, 13, 14, 10, 0)",1,"{(17, 10, 13, 14)}","{(3, 0, '?', 0)}"
"(17, 13, 14, 15, 0)",3,"{(17, 13, 14, 15)}","{(3, 0, '?', '?')}"
"(17, 13, 14, 16, 0)",2,"{(16, 17, 13, 14)}","{(3, 0, '?', '?')}"
"(17, 13, 14, 21, 0)",3,"{(17, 21, 13, 14)}","{(3, 0, '?', '?')}"
"(17, 13, 15, 15, 0)",4,"{(17, 13, 15)}","{('?', 6, '?', '?')}"
"(17, 13, 16, 14, 0)",2,"{(16, 17, 13, 14)}","{(3, 0, '?', '?')}"
"(17, 13, 3, 12, 0)",3,"{(17, 3, 12, 13)}","{('?', 0, 0, '?')}"
"(17, 13, 3, 13, 0)",1,"{(17, 3, 13)}","{(3, 0, 0, 2)}"
"(17, 13, 3, 14, 0)",2,"{(17, 3, 13, 14)}","{(3, 0, 0, '?')}"
"(17, 15, 12, 13, 0)",4,"{(17, 12, 13, 15)}","{(6, 0, '?', '?')}"
"(17, 15, 12, 14, 0)",1,"{(17, 12, 14, 15)}","{(6, 0, 4, 0)}"
"(17, 15, 12, 15, 0)",4,"{(17, 12, 15)}","{('?', 0, '?', '?')}"
"(17, 15, 12, 16, 0)",1,"{(16, 17, 12, 15)}","{(6, 0, '?', 0)}"
"(17, 15, 12, 21, 0)",4,"{(17, 12, 21, 15)}","{('?', 0, '?', '?')}"
"(17, 15, 12, 27, 0)",1,"{(17, 27, 12, 15)}","{('?', 0, '?', 2)}"
"(17, 15, 12, 3, 0)",2,"{(17, 3, 12, 15)}","{('?', 0, 0, '?')}"
"(17, 15, 14, 14, 0)",3,"{(17, 14, 15)}","{(6, 0, '?', '?')}"
"(17, 15, 14, 21, 0)",3,"{(17, 21, 14, 15)}","{('?', 0, '?', 0)}"
"(17, 15, 14, 3, 0)",1,"{(17, 3, 14, 15)}","{(6, 0, 0, 0)}"
"(17, 15, 15, 14, 0)",3,"{(17, 14, 15)}","{(6, 0, '?', '?')}"
"(17, 15, 20, 12, 0)",1,"{(17, 20, 12, 15)}","{('?', 0, '?', 2)}"
"(17, 15, 21, 14, 0)",4,"{(17, 21, 14, 15)}","{(6, 0, '?', '?')}"
"(17, 15, 25, 12, 0)",3,"{(17, 12, 25, 15)}","{('?', 0, '?', '?')}"
"(17, 15, 25, 14, 0)",4,"{(17, 14, 25, 15)}","{(6, 0, '?', '?')}"
"(17, 15, 27, 12, 0)",1,"{(17, 27, 12, 15)}","{('?', 0, '?', 2)}"
"(17, 15, 3, 12, 0)",2,"{(17, 3, 12, 15)}","{('?', 0, 0, '?')}"
"(17, 15, 3, 14, 0)",1,"{(17, 3, 14, 15)}","{(6, 0, 0, 0)}"
"(17, 15, 4, 15, 0)",3,"{(17, 4, 15)}","{(4, 0, '?', '?')}"
"(17, 15, 4, 21, 0)",1,"{(17, 4, 21, 15)}","{(4, 0, 6, 2)}"
"(17, 17, 12, 15, 0)",5,"{(17, 12, 15)}","{('?', 0, '?', '?')}"
"(17, 17, 12, 3, 0)",2,"{(17, 3, 12)}","{('?', 0, 0, '?')}"
"(17, 17, 4, 15, 0)",1,"{(17, 4, 15)}","{(4, 0, 1, 0)}"
"(17, 19, 12, 15, 0)",4,"{(17, 19, 12, 15)}","{(2, 0, '?', '?')}"
"(17, 19, 12, 19, 0)",1,"{(17, 19, 12)}","{(2, 0, 4, 2)}"
"(17, 19, 15, 12, 0)",2,"{(17, 19, 12, 15)}","{(2, 0, 1, '?')}"
"(17, 25, 12, 20, 0)",2,"{(17, 12, 20, 25)}","{('?', 0, '?', 0)}"
"(17, 25, 12, 27, 0)",1,"{(17, 27, 12, 25)}","{('?', 0, 2, 2)}"
"(17, 25, 4, 27, 0)",1,"{(17, 27, 4, 25)}","{(4, 0, 6, 0)}"
"(17, 3, 12, 13, 0)",1,"{(17, 3, 12, 13)}","{(6, 0, 0, 0)}"
"(17, 3, 12, 15, 0)",1,"{(17, 3, 12, 15)}","{('?', 0, 0, 2)}"
"(17, 3, 15, 15, 0)",1,"{(17, 3, 15)}","{('?', 6, 0, 2)}"
"(18, 19, 3, 12, 0)",1,"{(3, 18, 19, 12)}","{(2, 0, 0, 7)}"
"(18, 19, 3, 4, 0)",1,"{(3, 18, 19, 4)}","{(1, 0, 0, 7)}"
"(18, 19, 4, 18, 0)",1,"{(18, 19, 4)}","{(1, 0, 1, 7)}"
"(18, 19, 4, 3, 0)",1,"{(3, 18, 19, 4)}","{(1, 0, 0, 7)}"
"(19, 15, 3, 17, 0)",1,"{(3, 17, 19, 15)}","{(2, 0, 0, 5)}"
"(19, 17, 12, 15, 0)",1,"{(17, 19, 12, 15)}","{(2, 0, 4, 0)}"
"(19, 17, 17, 12, 0)",1,"{(17, 19, 12)}","{(2, 0, 1, 2)}"
"(19, 17, 3, 12, 0)",1,"{(3, 17, 19, 12)}","{(2, 0, 0, 0)}"
"(19, 17, 3, 15, 0)",1,"{(3, 17, 19, 15)}","{(2, 6, 0, 0)}"
"(19, 17, 4, 19, 0)",1,"{(17, 19, 4)}","{(0, 0, 4, 2)}"
"(19, 18, 12, 19, 0)",1,"{(18, 19, 12)}","{(2, 0, 1, 7)}"
"(19, 18, 12, 21, 0)",1,"{(18, 19, 12, 21)}","{(2, 0, 2, 7)}"
"(19, 18, 12, 3, 0)",2,"{(3, 18, 19, 12)}","{(2, 0, 0, '?')}"
"(19, 18, 12, 8, 0)",1,"{(8, 18, 19, 12)}","{(2, 0, 6, 7)}"
"(19, 18, 19, 12, 0)",2,"{(18, 19, 12)}","{(2, 0, '?', 7)}"
"(19, 18, 3, 19, 0)",2,"{(3, 18, 19)}","{('?', 0, 0, '?')}"
"(19, 18, 4, 19, 0)",3,"{(18, 19, 4)}","{('?', 0, 4, '?')}"
"(19, 18, 4, 21, 0)",2,"{(18, 19, 4, 21)}","{('?', 0, '?', 7)}"
"(19, 18, 4, 22, 0)",1,"{(18, 19, 4, 22)}","{(1, 0, '?', '?')}"
"(19, 18, 4, 3, 0)",5,"{(3, 18, 19, 4)}","{('?', 0, 0, '?')}"
"(19, 18, 4, 8, 0)",3,"{(8, 18, 19, 4)}","{('?', 0, '?', 7)}"
"(19, 19, 12, 15, 0)",2,"{(19, 12, 15)}","{(2, 0, '?', '?')}"
"(19, 19, 12, 17, 0)",1,"{(17, 19, 12)}","{(2, 0, 4, 1)}"
"(19, 19, 12, 18, 0)",1,"{(18, 19, 12)}","{(2, 0, 1, 7)}"
"(19, 19, 12, 20, 0)",3,"{(19, 12, 20)}","{('?', 0, '?', '?')}"
"(19, 19, 12, 21, 0)",3,"{(19, 12, 21)}","{('?', 0, '?', '?')}"
"(19, 19, 12, 25, 0)",3,"{(25, 19, 12)}","{(2, 0, '?', '?')}"
"(19, 19, 12, 3, 0)",1,"{(3, 19, 12)}","{(2, 0, 0, 1)}"
"(19, 19, 22, 23, 0)",1,"{(19, 22, 23)}","{(0, 0, '?', 1)}"
"(19, 19, 3, 12, 0)",1,"{(3, 19, 12)}","{(2, 0, 0, '?')}"
"(19, 19, 3, 17, 0)",3,"{(3, 17, 19)}","{('?', 0, 0, '?')}"
"(19, 19, 3, 23, 0)",2,"{(3, 19, 23)}","{(0, 0, 0, '?')}"
"(19, 19, 4, 15, 0)",3,"{(19, 4, 15)}","{('?', 0, '?', '?')}"
"(19, 19, 4, 17, 0)",6,"{(17, 19, 4)}","{('?', 0, '?', '?')}"
"(19, 19, 4, 19, 0)",1,"{(19, 4)}","{(0, 0, 1, '?')}"
"(19, 19, 4, 20, 0)",2,"{(19, 4, 20)}","{(0, 0, '?', '?')}"
"(19, 19, 4, 21, 0)",2,"{(19, 4, 21)}","{('?', 0, '?', '?')}"
"(19, 19, 4, 22, 0)",1,"{(19, 4, 22)}","{(0, 0, '?', '?')}"
"(19, 19, 4, 25, 0)",2,"{(25, 19, 4)}","{('?', 0, 6, '?')}"
"(19, 19, 4, 27, 0)",1,"{(27, 19, 4)}","{(0, 0, '?', '?')}"
"(19, 19, 4, 3, 0)",4,"{(3, 19, 4)}","{('?', 0, 0, '?')}"
"(19, 19, 4, 8, 0)",1,"{(8, 19, 4)}","{(1, 0, 2, '?')}"
"(19, 19, 8, 4, 0)",3,"{(8, 19, 4)}","{('?', 0, '?', '?')}"
"(19, 19, 9, 20, 0)",1,"{(9, 19, 20)}","{(1, 5, '?', 1)}"
"(19, 20, 12, 12, 0)",1,"{(19, 20, 12)}","{(2, 0, 6, 0)}"
"(19, 20, 12, 25, 0)",3,"{(25, 19, 20, 12)}","{(2, 0, '?', '?')}"
"(19, 20, 12, 27, 0)",3,"{(27, 19, 20, 12)}","{('?', 0, '?', '?')}"
"(19, 20, 17, 12, 0)",1,"{(17, 19, 20, 12)}","{(2, 0, 4, 0)}"
"(19, 20, 19, 12, 0)",1,"{(19, 20, 12)}","{(2, 0, 4, 2)}"
"(19, 20, 24, 15, 0)",1,"{(24, 19, 20, 15)}","{(2, 5, 1, 0)}"
"(19, 20, 25, 12, 0)",3,"{(25, 19, 20, 12)}","{(2, 0, '?', '?')}"
"(19, 20, 3, 12, 0)",3,"{(3, 19, 20, 12)}","{('?', 0, 0, '?')}"
"(19, 23, 1, 21, 0)",1,"{(1, 19, 21, 23)}","{(0, 6, 6, 2)}"
"(19, 23, 12, 20, 0)",2,"{(19, 12, 20, 23)}","{('?', 0, '?', '?')}"
"(19, 23, 12, 21, 0)",1,"{(19, 12, 21, 23)}","{(0, 0, 6, 0)}"
"(19, 23, 12, 23, 0)",1,"{(19, 12, 23)}","{(1, 0, '?', 0)}"
"(19, 23, 12, 25, 0)",4,"{(25, 19, 12, 23)}","{('?', 0, '?', '?')}"
"(19, 23, 12, 27, 0)",4,"{(27, 19, 12, 23)}","{('?', 0, '?', '?')}"
"(19, 23, 12, 7, 0)",1,"{(19, 12, 7, 23)}","{(1, 0, '?', 0)}"
"(19, 23, 15, 12, 0)",1,"{(19, 15, 12, 23)}","{(1, 0, 1, 0)}"
"(19, 23, 17, 12, 0)",5,"{(17, 19, 12, 23)}","{('?', 0, '?', '?')}"
"(19, 23, 19, 12, 0)",2,"{(19, 12, 23)}","{('?', 0, '?', 0)}"
"(19, 23, 19, 15, 0)",1,"{(19, 15, 23)}","{(1, 5, 4, 2)}"
"(19, 23, 19, 24, 0)",2,"{(24, 19, 23)}","{(1, 5, '?', 2)}"
"(19, 23, 19, 4, 0)",1,"{(19, 4, 23)}","{(0, 0, 4, 2)}"
"(19, 23, 21, 12, 0)",2,"{(19, 12, 21, 23)}","{(1, 0, '?', '?')}"
"(19, 23, 21, 15, 0)",3,"{(19, 15, 21, 23)}","{('?', 6, '?', 2)}"
"(19, 23, 21, 24, 0)",5,"{(24, 19, 21, 23)}","{('?', 5, '?', '?')}"
"(19, 23, 21, 25, 0)",1,"{(25, 19, 21, 23)}","{(0, 6, 6, 2)}"
"(19, 23, 22, 24, 0)",1,"{(24, 19, 22, 23)}","{(1, 5, '?', 2)}"
"(19, 23, 22, 9, 0)",1,"{(9, 19, 22, 23)}","{(1, 5, '?', 2)}"
"(19, 23, 24, 15, 0)",4,"{(24, 19, 15, 23)}","{(1, 5, '?', '?')}"
"(19, 23, 24, 27, 0)",2,"{(24, 27, 19, 23)}","{(1, 5, '?', '?')}"
"(19, 23, 25, 12, 0)",3,"{(25, 19, 12, 23)}","{('?', 0, '?', 0)}"
"(19, 23, 27, 24, 0)",2,"{(27, 24, 19, 23)}","{(1, 5, '?', '?')}"
"(19, 23, 27, 27, 0)",1,"{(27, 19, 23)}","{(1, 5, '?', 0)}"
"(19, 23, 3, 12, 0)",4,"{(3, 19, 12, 23)}","{('?', 0, 0, '?')}"
"(19, 23, 3, 15, 0)",1,"{(3, 19, 15, 23)}","{(1, 0, 0, 2)}"
"(19, 23, 3, 24, 0)",3,"{(3, 24, 19, 23)}","{('?', 5, 0, '?')}"
"(19, 3, 12, 17, 0)",3,"{(3, 17, 19, 12)}","{('?', 0, 0, '?')}"
"(19, 4, 19, 23, 0)",2,"{(19, 4, 23)}","{('?', 0, 1, 5)}"
"(19, 4, 19, 4, 0)",2,"{(19, 4)}","{(1, 0, '?', '?')}"
"(19, 4, 22, 21, 0)",1,"{(19, 4, 21, 22)}","{(0, 0, 2, '?')}"
"(19, 4, 22, 23, 0)",3,"{(19, 4, 22, 23)}","{('?', 0, '?', '?')}"
"(19, 4, 22, 25, 0)",1,"{(25, 19, 4, 22)}","{(1, 0, 6, 1)}"
"(19, 4, 22, 4, 0)",2,"{(19, 4, 22)}","{('?', 0, '?', '?')}"
"(19, 4, 22, 8, 0)",1,"{(8, 19, 4, 22)}","{(0, 0, 6, 7)}"
"(19, 9, 19, 23, 0)",1,"{(9, 19, 23)}","{(1, 5, 1, 5)}"
"(19, 9, 22, 23, 0)",1,"{(9, 19, 22, 23)}","{(1, 5, '?', 5)}"
"(2, 1, 25, 4, 0)",1,"{(1, 2, 4, 25)}","{(4, 4, 2, 1)}"
"(2, 1, 4, 20, 0)",1,"{(1, 2, 4, 20)}","{(4, 4, '?', 1)}"
"(2, 10, 11, 25, 0)",1,"{(11, 25, 2, 10)}","{(5, 4, 2, 2)}"
"(2, 10, 12, 15, 0)",5,"{(2, 10, 12, 15)}","{('?', 4, '?', '?')}"
"(2, 10, 12, 21, 0)",3,"{(2, 10, 12, 21)}","{(5, 4, '?', '?')}"
"(2, 10, 12, 25, 0)",6,"{(25, 2, 10, 12)}","{('?', 4, '?', '?')}"
"(2, 10, 12, 27, 0)",2,"{(27, 2, 10, 12)}","{('?', 4, '?', 2)}"
"(2, 10, 13, 14, 0)",3,"{(2, 10, 13, 14)}","{(3, 4, '?', '?')}"
"(2, 10, 13, 15, 0)",2,"{(2, 10, 13, 15)}","{(3, 4, '?', '?')}"
"(2, 10, 13, 17, 0)",3,"{(17, 2, 10, 13)}","{(3, 4, '?', '?')}"
"(2, 10, 13, 4, 0)",1,"{(2, 10, 4, 13)}","{(3, 4, 4, 2)}"
"(2, 10, 14, 21, 0)",4,"{(2, 10, 21, 14)}","{(3, 4, '?', '?')}"
"(2, 10, 14, 25, 0)",1,"{(25, 2, 10, 14)}","{(3, 4, 2, 0)}"
"(2, 10, 15, 12, 0)",6,"{(2, 10, 12, 15)}","{('?', 4, '?', '?')}"
"(2, 10, 15, 15, 0)",7,"{(2, 10, 15)}","{('?', 4, '?', '?')}"
"(2, 10, 15, 17, 0)",1,"{(17, 2, 10, 15)}","{(5, 4, 1, 2)}"
"(2, 10, 16, 10, 0)",2,"{(16, 2, 10)}","{(3, 4, '?', '?')}"
"(2, 10, 16, 14, 0)",2,"{(16, 2, 10, 14)}","{(3, 4, '?', '?')}"
"(2, 10, 16, 16, 0)",1,"{(16, 2, 10)}","{(3, 4, '?', 2)}"
"(2, 10, 17, 12, 0)",2,"{(17, 2, 10, 12)}","{('?', 4, 1, 0)}"
"(2, 10, 21, 6, 0)",3,"{(2, 10, 21, 6)}","{(3, 2, '?', '?')}"
"(2, 10, 24, 15, 0)",5,"{(24, 2, 10, 15)}","{('?', 2, '?', '?')}"
"(2, 10, 24, 21, 0)",6,"{(24, 2, 10, 21)}","{('?', 2, '?', '?')}"
"(2, 10, 24, 27, 0)",3,"{(24, 27, 2, 10)}","{('?', 2, '?', '?')}"
"(2, 10, 27, 12, 0)",2,"{(27, 2, 10, 12)}","{('?', 4, '?', 2)}"
"(2, 10, 27, 25, 0)",4,"{(27, 25, 2, 10)}","{('?', 4, '?', '?')}"
"(2, 10, 27, 27, 0)",1,"{(27, 2, 10)}","{(5, 4, '?', 2)}"
"(2, 10, 3, 12, 0)",4,"{(3, 2, 10, 12)}","{('?', 4, 0, '?')}"
"(2, 10, 3, 13, 0)",1,"{(3, 2, 10, 13)}","{(3, 2, 0, 0)}"
"(2, 10, 3, 14, 0)",1,"{(3, 2, 10, 14)}","{(3, 4, 0, 0)}"
"(2, 10, 3, 24, 0)",4,"{(3, 24, 2, 10)}","{('?', 2, 0, '?')}"
"(2, 10, 3, 6, 0)",1,"{(3, 2, 10, 6)}","{(3, 2, 0, 0)}"
"(2, 10, 6, 15, 0)",4,"{(2, 10, 6, 15)}","{(3, 2, '?', '?')}"
"(2, 10, 6, 16, 0)",1,"{(16, 2, 10, 6)}","{(3, 2, '?', 0)}"
"(2, 10, 6, 21, 0)",3,"{(2, 10, 21, 6)}","{(3, 2, '?', '?')}"
"(2, 10, 6, 27, 0)",1,"{(27, 2, 10, 6)}","{(3, 2, '?', 0)}"
"(2, 10, 6, 6, 0)",1,"{(2, 10, 6)}","{(3, 2, 1, 2)}"
"(2, 13, 12, 10, 0)",1,"{(2, 10, 12, 13)}","{(3, 4, 4, 1)}"
"(2, 13, 12, 13, 0)",2,"{(2, 12, 13)}","{(3, 4, '?', '?')}"
"(2, 13, 12, 15, 0)",2,"{(2, 12, 13, 15)}","{(5, 4, '?', '?')}"
"(2, 13, 12, 17, 0)",8,"{(17, 2, 12, 13)}","{('?', 4, '?', '?')}"
"(2, 13, 12, 18, 0)",4,"{(2, 18, 12, 13)}","{('?', 4, '?', 7)}"
"(2, 13, 12, 20, 0)",4,"{(2, 20, 12, 13)}","{('?', 4, '?', '?')}"
"(2, 13, 12, 21, 0)",3,"{(2, 21, 12, 13)}","{('?', 4, '?', '?')}"
"(2, 13, 12, 25, 0)",6,"{(25, 2, 12, 13)}","{('?', 4, '?', '?')}"
"(2, 13, 12, 27, 0)",2,"{(2, 27, 12, 13)}","{('?', 4, '?', '?')}"
"(2, 13, 12, 7, 0)",1,"{(2, 12, 13, 7)}","{(5, 4, '?', 7)}"
"(2, 13, 12, 8, 0)",4,"{(8, 2, 12, 13)}","{('?', 4, '?', 7)}"
"(2, 13, 13, 14, 0)",1,"{(2, 13, 14)}","{(3, 4, 1, '?')}"
"(2, 13, 13, 17, 0)",1,"{(17, 2, 13)}","{(3, 4, 1, 5)}"
"(2, 13, 14, 10, 0)",2,"{(2, 10, 13, 14)}","{(3, 4, '?', '?')}"
"(2, 13, 14, 13, 0)",2,"{(2, 13, 14)}","{(3, 4, '?', '?')}"
"(2, 13, 14, 15, 0)",2,"{(2, 13, 14, 15)}","{(3, 4, '?', '?')}"
"(2, 13, 14, 16, 0)",1,"{(16, 2, 13, 14)}","{(3, 4, '?', '?')}"
"(2, 13, 14, 17, 0)",3,"{(17, 2, 13, 14)}","{(3, 4, '?', '?')}"
"(2, 13, 14, 21, 0)",1,"{(2, 21, 13, 14)}","{(3, 4, 2, '?')}"
"(2, 13, 14, 25, 0)",4,"{(25, 2, 13, 14)}","{(3, 4, '?', '?')}"
"(2, 13, 15, 13, 0)",1,"{(2, 13, 15)}","{(3, 4, 4, '?')}"
"(2, 13, 15, 15, 0)",1,"{(2, 13, 15)}","{(5, 4, 4, '?')}"
"(2, 13, 15, 17, 0)",1,"{(17, 2, 13, 15)}","{(5, 4, 1, 5)}"
"(2, 13, 16, 10, 0)",1,"{(16, 2, 10, 13)}","{(3, 4, '?', 5)}"
"(2, 13, 16, 13, 0)",1,"{(16, 2, 13)}","{(3, 2, '?', '?')}"
"(2, 13, 16, 14, 0)",1,"{(16, 2, 13, 14)}","{(3, 4, '?', '?')}"
"(2, 13, 16, 16, 0)",1,"{(16, 2, 13)}","{(3, 4, '?', '?')}"
"(2, 13, 18, 13, 0)",1,"{(2, 18, 13)}","{(3, 4, 1, 7)}"
"(2, 13, 18, 14, 0)",1,"{(2, 18, 13, 14)}","{(3, 4, 1, 7)}"
"(2, 13, 18, 15, 0)",4,"{(2, 18, 13, 15)}","{('?', 4, '?', 7)}"
"(2, 13, 21, 10, 0)",1,"{(10, 2, 21, 13)}","{(3, 2, 6, 5)}"
"(2, 13, 21, 13, 0)",1,"{(2, 21, 13)}","{(3, 2, 6, '?')}"
"(2, 13, 21, 14, 0)",1,"{(2, 21, 13, 14)}","{(3, 4, 2, '?')}"
"(2, 13, 21, 6, 0)",2,"{(2, 21, 13, 6)}","{(3, 2, '?', '?')}"
"(2, 13, 24, 10, 0)",4,"{(24, 2, 10, 13)}","{(3, 2, '?', '?')}"
"(2, 13, 24, 13, 0)",2,"{(24, 2, 13)}","{(3, 2, '?', '?')}"
"(2, 13, 24, 15, 0)",4,"{(24, 2, 13, 15)}","{('?', 2, '?', '?')}"
"(2, 13, 24, 17, 0)",8,"{(24, 17, 2, 13)}","{('?', 2, '?', '?')}"
"(2, 13, 24, 18, 0)",1,"{(24, 2, 18, 13)}","{(7, 2, 4, 7)}"
"(2, 13, 24, 20, 0)",3,"{(24, 2, 20, 13)}","{('?', 2, '?', '?')}"
"(2, 13, 24, 21, 0)",5,"{(24, 2, 21, 13)}","{('?', 2, '?', '?')}"
"(2, 13, 24, 25, 0)",4,"{(24, 25, 2, 13)}","{('?', 2, '?', '?')}"
"(2, 13, 24, 27, 0)",2,"{(24, 2, 27, 13)}","{('?', 2, '?', '?')}"
"(2, 13, 24, 3, 0)",1,"{(24, 2, 3, 13)}","{(7, 2, 0, '?')}"
"(2, 13, 24, 7, 0)",2,"{(24, 2, 13, 7)}","{('?', 2, '?', 7)}"
"(2, 13, 24, 8, 0)",3,"{(24, 8, 2, 13)}","{('?', 2, '?', 7)}"
"(2, 13, 25, 14, 0)",1,"{(25, 2, 13, 14)}","{(3, 4, 2, 5)}"
"(2, 13, 27, 15, 0)",2,"{(2, 27, 13, 15)}","{('?', 4, '?', '?')}"
"(2, 13, 27, 27, 0)",1,"{(2, 27, 13)}","{(5, 4, '?', '?')}"
"(2, 13, 3, 10, 0)",4,"{(10, 2, 3, 13)}","{(3, '?', 0, '?')}"
"(2, 13, 3, 14, 0)",2,"{(2, 3, 13, 14)}","{(3, 4, 0, '?')}"
"(2, 13, 3, 15, 0)",1,"{(2, 3, 13, 15)}","{(7, 2, 0, '?')}"
"(2, 13, 3, 17, 0)",6,"{(17, 2, 3, 13)}","{('?', '?', 0, '?')}"
"(2, 13, 3, 20, 0)",1,"{(2, 3, 20, 13)}","{(5, 2, 0, 5)}"
"(2, 13, 3, 24, 0)",1,"{(24, 2, 3, 13)}","{(7, 2, 0, '?')}"
"(2, 13, 3, 6, 0)",1,"{(2, 3, 13, 6)}","{(3, 4, 0, 7)}"
"(2, 13, 3, 7, 0)",1,"{(2, 3, 13, 7)}","{(7, 4, 0, 7)}"
"(2, 13, 6, 10, 0)",1,"{(2, 10, 13, 6)}","{(3, 2, 6, 1)}"
"(2, 13, 6, 16, 0)",1,"{(16, 2, 13, 6)}","{(3, 2, '?', '?')}"
"(2, 13, 6, 17, 0)",4,"{(17, 2, 13, 6)}","{(3, 2, '?', '?')}"
"(2, 13, 6, 18, 0)",2,"{(2, 18, 13, 6)}","{(3, 2, '?', 7)}"
"(2, 13, 6, 25, 0)",4,"{(25, 2, 13, 6)}","{(3, 2, '?', '?')}"
"(2, 13, 6, 7, 0)",1,"{(2, 13, 6, 7)}","{(3, 2, '?', 7)}"
"(2, 13, 7, 14, 0)",1,"{(2, 13, 14, 7)}","{(3, 4, '?', 7)}"
"(2, 13, 7, 16, 0)",1,"{(16, 2, 13, 7)}","{(3, 4, '?', 7)}"
"(2, 13, 7, 6, 0)",1,"{(2, 13, 6, 7)}","{(3, 2, '?', 7)}"
"(2, 13, 8, 14, 0)",2,"{(8, 2, 13, 14)}","{(3, 4, '?', 7)}"
"(2, 13, 8, 6, 0)",1,"{(8, 2, 13, 6)}","{(3, 2, 2, 7)}"
"(2, 15, 12, 10, 0)",3,"{(2, 10, 12, 15)}","{(6, 4, '?', '?')}"
"(2, 15, 12, 13, 0)",2,"{(2, 12, 13, 15)}","{(6, 4, '?', '?')}"
"(2, 15, 12, 15, 0)",1,"{(2, 12, 15)}","{('?', 4, 1, '?')}"
"(2, 15, 12, 16, 0)",2,"{(16, 2, 12, 15)}","{(6, 4, '?', '?')}"
"(2, 15, 12, 17, 0)",4,"{(17, 2, 12, 15)}","{('?', 4, '?', '?')}"
"(2, 15, 12, 20, 0)",1,"{(2, 12, 20, 15)}","{('?', 4, '?', 1)}"
"(2, 15, 12, 21, 0)",3,"{(2, 12, 21, 15)}","{('?', 4, '?', '?')}"
"(2, 15, 12, 27, 0)",1,"{(2, 27, 12, 15)}","{('?', 4, '?', '?')}"
"(2, 15, 12, 8, 0)",1,"{(8, 2, 12, 15)}","{('?', 4, 6, 7)}"
"(2, 15, 15, 12, 0)",1,"{(2, 12, 15)}","{('?', 4, 1, '?')}"
"(2, 15, 15, 13, 0)",2,"{(2, 13, 15)}","{(6, 4, '?', '?')}"
"(2, 15, 15, 14, 0)",2,"{(2, 14, 15)}","{(6, 4, '?', '?')}"
"(2, 15, 15, 15, 0)",1,"{(2, 15)}","{('?', 4, 1, '?')}"
"(2, 15, 15, 17, 0)",1,"{(17, 2, 15)}","{('?', 4, 4, 5)}"
"(2, 15, 17, 12, 0)",1,"{(17, 2, 12, 15)}","{('?', 4, 1, 5)}"
"(2, 15, 17, 14, 0)",2,"{(17, 2, 14, 15)}","{(6, 4, '?', '?')}"
"(2, 15, 18, 12, 0)",1,"{(2, 18, 12, 15)}","{('?', 4, 4, 7)}"
"(2, 15, 18, 13, 0)",3,"{(2, 18, 13, 15)}","{(6, '?', '?', 7)}"
"(2, 15, 18, 14, 0)",1,"{(2, 18, 14, 15)}","{(6, 4, 1, 7)}"
"(2, 15, 18, 24, 0)",1,"{(24, 2, 18, 15)}","{('?', 2, 4, 7)}"
"(2, 15, 18, 6, 0)",1,"{(2, 18, 6, 15)}","{(6, 2, 1, 7)}"
"(2, 15, 19, 20, 0)",1,"{(2, 19, 20, 15)}","{(2, 4, 4, 1)}"
"(2, 15, 21, 12, 0)",2,"{(2, 12, 21, 15)}","{('?', 4, '?', '?')}"
"(2, 15, 21, 14, 0)",1,"{(2, 21, 14, 15)}","{(6, 4, 2, '?')}"
"(2, 15, 22, 14, 0)",1,"{(2, 14, 22, 15)}","{(2, 4, 6, '?')}"
"(2, 15, 22, 20, 0)",2,"{(2, 20, 22, 15)}","{(2, 4, '?', '?')}"
"(2, 15, 22, 25, 0)",1,"{(25, 2, 22, 15)}","{(2, 4, 2, 5)}"
"(2, 15, 24, 10, 0)",1,"{(24, 2, 10, 15)}","{(6, 2, 4, 5)}"
"(2, 15, 24, 13, 0)",2,"{(24, 2, 13, 15)}","{(6, 2, '?', '?')}"
"(2, 15, 24, 16, 0)",1,"{(24, 16, 2, 15)}","{(6, 2, '?', '?')}"
"(2, 15, 24, 17, 0)",1,"{(24, 17, 2, 15)}","{(6, 2, 1, 5)}"
"(2, 15, 25, 12, 0)",4,"{(25, 2, 12, 15)}","{('?', 4, '?', '?')}"
"(2, 15, 25, 14, 0)",4,"{(25, 2, 14, 15)}","{(6, 4, '?', '?')}"
"(2, 15, 27, 12, 0)",1,"{(2, 27, 12, 15)}","{('?', 4, '?', '?')}"
"(2, 15, 27, 14, 0)",1,"{(2, 27, 14, 15)}","{(6, 4, '?', '?')}"
"(2, 15, 27, 16, 0)",1,"{(16, 2, 27, 15)}","{(6, 4, '?', '?')}"
"(2, 15, 27, 27, 0)",1,"{(2, 27, 15)}","{('?', 4, '?', '?')}"
"(2, 15, 3, 10, 0)",1,"{(10, 2, 3, 15)}","{(6, 4, 0, 5)}"
"(2, 15, 3, 12, 0)",1,"{(2, 3, 12, 15)}","{('?', 4, 0, '?')}"
"(2, 15, 3, 14, 0)",1,"{(2, 3, 14, 15)}","{(6, 4, 0, '?')}"
"(2, 15, 3, 17, 0)",2,"{(17, 2, 3, 15)}","{('?', 4, 0, '?')}"
"(2, 15, 3, 4, 0)",1,"{(2, 3, 4, 15)}","{(4, 4, 0, 3)}"
"(2, 15, 4, 15, 0)",1,"{(2, 4, 15)}","{(4, 4, 4, '?')}"
"(2, 15, 4, 17, 0)",5,"{(17, 2, 4, 15)}","{('?', 4, '?', '?')}"
"(2, 15, 4, 20, 0)",1,"{(2, 4, 20, 15)}","{(4, 4, '?', 1)}"
"(2, 15, 4, 21, 0)",2,"{(2, 4, 21, 15)}","{(4, 4, '?', '?')}"
"(2, 15, 4, 27, 0)",1,"{(2, 27, 4, 15)}","{(4, 4, '?', '?')}"
"(2, 15, 7, 12, 0)",1,"{(2, 7, 12, 15)}","{('?', 4, '?', 7)}"
"(2, 15, 7, 14, 0)",1,"{(2, 7, 14, 15)}","{(6, 4, '?', 7)}"
"(2, 15, 8, 12, 0)",1,"{(8, 2, 12, 15)}","{('?', 4, 6, 7)}"
"(2, 15, 8, 14, 0)",2,"{(8, 2, 14, 15)}","{(6, 4, '?', 7)}"
"(2, 18, 12, 13, 0)",1,"{(2, 18, 12, 13)}","{(2, 4, 4, 7)}"
"(2, 18, 12, 15, 0)",2,"{(2, 18, 12, 15)}","{('?', 4, '?', 7)}"
"(2, 18, 12, 16, 0)",1,"{(16, 2, 18, 12)}","{(6, 4, '?', 7)}"
"(2, 18, 12, 19, 0)",2,"{(19, 2, 18, 12)}","{(2, 4, '?', 7)}"
"(2, 18, 12, 3, 0)",1,"{(3, 2, 18, 12)}","{('?', 4, 0, 7)}"
"(2, 18, 19, 19, 0)",1,"{(19, 2, 18)}","{(2, 2, 4, 7)}"
"(2, 18, 19, 24, 0)",2,"{(19, 24, 2, 18)}","{(2, 2, '?', 7)}"
"(2, 18, 22, 24, 0)",1,"{(24, 2, 18, 22)}","{(2, 2, '?', 7)}"
"(2, 18, 24, 13, 0)",1,"{(24, 2, 18, 13)}","{(6, 2, 4, 7)}"
"(2, 18, 24, 15, 0)",1,"{(24, 2, 18, 15)}","{(2, 2, 1, 7)}"
"(2, 18, 24, 18, 0)",3,"{(24, 2, 18)}","{('?', 2, '?', 7)}"
"(2, 18, 24, 19, 0)",2,"{(24, 19, 2, 18)}","{(2, 2, '?', 7)}"
"(2, 18, 3, 12, 0)",1,"{(3, 2, 18, 12)}","{('?', 4, 0, 7)}"
"(2, 18, 3, 14, 0)",1,"{(3, 2, 18, 14)}","{(6, 4, 0, 7)}"
"(2, 18, 3, 19, 0)",5,"{(3, 19, 2, 18)}","{('?', '?', 0, '?')}"
"(2, 18, 3, 24, 0)",1,"{(3, 24, 2, 18)}","{('?', 2, 0, 7)}"
"(2, 18, 3, 6, 0)",1,"{(3, 2, 18, 6)}","{(6, 2, 0, 7)}"
"(2, 18, 3, 9, 0)",3,"{(3, 9, 2, 18)}","{('?', 2, 0, '?')}"
"(2, 18, 4, 15, 0)",2,"{(2, 18, 4, 15)}","{(4, 4, '?', 7)}"
"(2, 18, 4, 19, 0)",3,"{(19, 2, 18, 4)}","{('?', 4, '?', 7)}"
"(2, 18, 4, 21, 0)",1,"{(2, 18, 4, 21)}","{(4, 4, 2, 7)}"
"(2, 18, 4, 22, 0)",2,"{(2, 18, 4, 22)}","{('?', 4, '?', 7)}"
"(2, 18, 4, 3, 0)",2,"{(3, 2, 18, 4)}","{('?', 4, 0, 7)}"
"(2, 18, 4, 8, 0)",3,"{(8, 2, 18, 4)}","{('?', 4, '?', 7)}"
"(2, 18, 9, 15, 0)",1,"{(9, 2, 18, 15)}","{(4, 2, 1, 7)}"
"(2, 18, 9, 19, 0)",4,"{(19, 9, 2, 18)}","{('?', 2, '?', '?')}"
"(2, 18, 9, 3, 0)",4,"{(3, 9, 2, 18)}","{('?', 2, 0, '?')}"
"(2, 19, 12, 15, 0)",2,"{(2, 19, 12, 15)}","{(2, 4, '?', '?')}"
"(2, 19, 12, 16, 0)",1,"{(16, 2, 19, 12)}","{(2, 4, '?', '?')}"
"(2, 19, 12, 17, 0)",3,"{(17, 2, 19, 12)}","{(2, 4, '?', '?')}"
"(2, 19, 12, 18, 0)",1,"{(18, 2, 19, 12)}","{(2, 4, 4, 7)}"
"(2, 19, 12, 19, 0)",1,"{(2, 19, 12)}","{(2, 4, 4, '?')}"
"(2, 19, 12, 20, 0)",2,"{(2, 19, 12, 20)}","{(2, 4, '?', '?')}"
"(2, 19, 12, 21, 0)",2,"{(2, 19, 12, 21)}","{(2, 4, '?', '?')}"
"(2, 19, 12, 25, 0)",4,"{(25, 2, 19, 12)}","{(2, 4, '?', '?')}"
"(2, 19, 12, 27, 0)",1,"{(27, 2, 19, 12)}","{(2, 4, '?', '?')}"
"(2, 19, 15, 12, 0)",1,"{(2, 19, 12, 15)}","{(2, 4, 1, '?')}"
"(2, 19, 18, 24, 0)",1,"{(18, 24, 2, 19)}","{(2, 2, 1, 7)}"
"(2, 19, 21, 24, 0)",2,"{(24, 2, 19, 21)}","{(2, 2, '?', '?')}"
"(2, 19, 22, 20, 0)",1,"{(2, 19, 20, 22)}","{(2, 2, '?', 1)}"
"(2, 19, 22, 8, 0)",1,"{(8, 2, 19, 22)}","{(2, 2, 6, 7)}"
"(2, 19, 24, 15, 0)",2,"{(24, 2, 19, 15)}","{(2, 2, '?', '?')}"
"(2, 19, 24, 16, 0)",1,"{(24, 16, 2, 19)}","{(2, 2, '?', '?')}"
"(2, 19, 24, 17, 0)",3,"{(24, 17, 2, 19)}","{(2, 2, '?', '?')}"
"(2, 19, 24, 20, 0)",1,"{(24, 2, 19, 20)}","{(2, 2, '?', 1)}"
"(2, 19, 24, 21, 0)",2,"{(24, 2, 19, 21)}","{(2, 2, '?', '?')}"
"(2, 19, 24, 25, 0)",5,"{(24, 25, 2, 19)}","{('?', 2, '?', '?')}"
"(2, 19, 24, 27, 0)",1,"{(24, 27, 2, 19)}","{(2, 2, '?', '?')}"
"(2, 19, 24, 7, 0)",1,"{(24, 2, 19, 7)}","{(2, 2, '?', 7)}"
"(2, 19, 24, 8, 0)",1,"{(24, 8, 2, 19)}","{(2, 2, 6, 7)}"
"(2, 19, 25, 12, 0)",1,"{(25, 2, 19, 12)}","{(2, 4, 2, 1)}"
"(2, 19, 3, 12, 0)",1,"{(3, 2, 19, 12)}","{(2, 4, 0, '?')}"
"(2, 19, 3, 17, 0)",4,"{(3, 17, 2, 19)}","{(2, '?', 0, '?')}"
"(2, 19, 3, 20, 0)",2,"{(3, 2, 19, 20)}","{(2, 2, 0, '?')}"
"(2, 19, 3, 23, 0)",7,"{(3, 2, 19, 23)}","{('?', '?', 0, '?')}"
"(2, 19, 3, 24, 0)",1,"{(3, 24, 2, 19)}","{(2, 2, 0, '?')}"
"(2, 19, 3, 4, 0)",1,"{(3, 2, 19, 4)}","{(0, 4, 0, 3)}"
"(2, 19, 3, 9, 0)",2,"{(3, 9, 2, 19)}","{('?', 2, 0, '?')}"
"(2, 19, 4, 15, 0)",4,"{(2, 19, 4, 15)}","{('?', 4, '?', '?')}"
"(2, 19, 4, 17, 0)",5,"{(17, 2, 19, 4)}","{('?', 4, '?', '?')}"
"(2, 19, 4, 19, 0)",1,"{(2, 19, 4)}","{(0, 4, 1, '?')}"
"(2, 19, 4, 20, 0)",4,"{(2, 19, 4, 20)}","{('?', 4, '?', '?')}"
"(2, 19, 4, 21, 0)",1,"{(2, 19, 4, 21)}","{(1, 4, 2, '?')}"
"(2, 19, 4, 25, 0)",8,"{(25, 2, 19, 4)}","{('?', 4, '?', '?')}"
"(2, 19, 4, 27, 0)",2,"{(27, 2, 19, 4)}","{('?', 4, '?', '?')}"
"(2, 19, 4, 3, 0)",1,"{(3, 2, 19, 4)}","{(0, 4, 0, '?')}"
"(2, 19, 4, 7, 0)",2,"{(2, 19, 4, 7)}","{('?', 4, '?', 7)}"
"(2, 19, 4, 8, 0)",3,"{(8, 2, 19, 4)}","{('?', 4, '?', 7)}"
"(2, 19, 7, 24, 0)",1,"{(24, 2, 19, 7)}","{(2, 2, '?', 7)}"
"(2, 19, 8, 24, 0)",2,"{(8, 24, 2, 19)}","{(2, 2, '?', 7)}"
"(2, 19, 9, 15, 0)",4,"{(9, 2, 19, 15)}","{('?', 2, '?', '?')}"
"(2, 19, 9, 17, 0)",8,"{(9, 2, 19, 17)}","{('?', 2, '?', '?')}"
"(2, 19, 9, 18, 0)",1,"{(18, 9, 2, 19)}","{(1, 2, 1, 7)}"
"(2, 19, 9, 19, 0)",3,"{(9, 2, 19)}","{('?', 2, '?', '?')}"
"(2, 19, 9, 20, 0)",2,"{(9, 2, 19, 20)}","{('?', 2, '?', '?')}"
"(2, 19, 9, 21, 0)",3,"{(9, 2, 19, 21)}","{('?', 2, '?', '?')}"
"(2, 19, 9, 23, 0)",1,"{(9, 2, 19, 23)}","{(0, 2, 0, 5)}"
"(2, 19, 9, 24, 0)",1,"{(24, 9, 2, 19)}","{(0, 2, 1, '?')}"
"(2, 19, 9, 25, 0)",8,"{(9, 2, 19, 25)}","{('?', 2, '?', '?')}"
"(2, 19, 9, 27, 0)",1,"{(27, 9, 2, 19)}","{(0, 2, '?', '?')}"
"(2, 19, 9, 3, 0)",1,"{(3, 9, 2, 19)}","{(1, 2, 0, '?')}"
"(2, 19, 9, 7, 0)",2,"{(9, 2, 19, 7)}","{('?', 2, '?', '?')}"
"(2, 19, 9, 8, 0)",4,"{(8, 9, 2, 19)}","{('?', 2, '?', '?')}"
"(2, 20, 12, 12, 0)",1,"{(2, 20, 12)}","{('?', 4, 6, 2)}"
"(2, 20, 12, 13, 0)",2,"{(2, 13, 20, 12)}","{(6, 4, 4, '?')}"
"(2, 20, 12, 14, 0)",3,"{(2, 20, 12, 14)}","{(6, 4, '?', '?')}"
"(2, 20, 12, 15, 0)",4,"{(2, 20, 12, 15)}","{('?', 4, '?', '?')}"
"(2, 20, 12, 16, 0)",2,"{(16, 2, 20, 12)}","{(6, 4, '?', '?')}"
"(2, 20, 12, 25, 0)",5,"{(25, 2, 20, 12)}","{('?', 4, '?', '?')}"
"(2, 20, 12, 27, 0)",2,"{(2, 27, 20, 12)}","{('?', 4, '?', '?')}"
"(2, 20, 12, 6, 0)",1,"{(2, 20, 12, 6)}","{(6, 4, 2, 0)}"
"(2, 20, 15, 13, 0)",1,"{(2, 20, 13, 15)}","{(6, 4, 1, 0)}"
"(2, 20, 15, 14, 0)",1,"{(2, 20, 14, 15)}","{(6, 4, 4, 2)}"
"(2, 20, 17, 12, 0)",4,"{(17, 2, 20, 12)}","{('?', 4, '?', '?')}"
"(2, 20, 17, 14, 0)",3,"{(17, 2, 20, 14)}","{(6, 4, '?', '?')}"
"(2, 20, 19, 12, 0)",3,"{(2, 19, 20, 12)}","{(2, 4, '?', '?')}"
"(2, 20, 19, 15, 0)",2,"{(2, 19, 20, 15)}","{(2, 4, 1, '?')}"
"(2, 20, 19, 24, 0)",5,"{(24, 2, 19, 20)}","{('?', 2, '?', '?')}"
"(2, 20, 19, 3, 0)",1,"{(3, 2, 19, 20)}","{(0, 4, 0, 2)}"
"(2, 20, 19, 4, 0)",1,"{(2, 19, 20, 4)}","{(0, 4, 4, 0)}"
"(2, 20, 19, 9, 0)",2,"{(9, 2, 19, 20)}","{(0, 2, '?', 2)}"
"(2, 20, 21, 14, 0)",2,"{(2, 20, 21, 14)}","{(6, 4, 2, '?')}"
"(2, 20, 21, 24, 0)",1,"{(24, 2, 20, 21)}","{('?', 2, 6, 0)}"
"(2, 20, 21, 6, 0)",2,"{(2, 20, 21, 6)}","{(6, 2, 6, '?')}"
"(2, 20, 22, 12, 0)",2,"{(2, 20, 12, 22)}","{(2, 4, '?', '?')}"
"(2, 20, 22, 21, 0)",4,"{(2, 20, 21, 22)}","{('?', 2, '?', '?')}"
"(2, 20, 22, 24, 0)",1,"{(24, 2, 20, 22)}","{(2, 2, '?', 2)}"
"(2, 20, 22, 25, 0)",4,"{(25, 2, 20, 22)}","{('?', 4, '?', '?')}"
"(2, 20, 22, 4, 0)",1,"{(2, 20, 4, 22)}","{(0, 4, '?', 2)}"
"(2, 20, 22, 9, 0)",1,"{(9, 2, 20, 22)}","{(0, 2, '?', 2)}"
"(2, 20, 24, 13, 0)",4,"{(24, 2, 20, 13)}","{(6, 2, '?', '?')}"
"(2, 20, 24, 15, 0)",3,"{(24, 2, 20, 15)}","{('?', 2, '?', '?')}"
"(2, 20, 24, 16, 0)",2,"{(24, 16, 2, 20)}","{(6, 2, '?', '?')}"
"(2, 20, 24, 21, 0)",3,"{(24, 2, 20, 21)}","{('?', 2, '?', '?')}"
"(2, 20, 24, 24, 0)",1,"{(24, 2, 20)}","{('?', 2, 6, 2)}"
"(2, 20, 24, 25, 0)",1,"{(24, 25, 2, 20)}","{('?', 2, 6, 0)}"
"(2, 20, 24, 27, 0)",2,"{(24, 2, 27, 20)}","{('?', 2, '?', '?')}"
"(2, 20, 25, 12, 0)",3,"{(25, 2, 20, 12)}","{('?', 4, '?', '?')}"
"(2, 20, 25, 14, 0)",3,"{(25, 2, 20, 14)}","{(6, 4, '?', '?')}"
"(2, 20, 25, 24, 0)",1,"{(24, 25, 2, 20)}","{('?', 2, 6, 2)}"
"(2, 20, 27, 12, 0)",2,"{(2, 27, 20, 12)}","{('?', 4, '?', '?')}"
"(2, 20, 27, 14, 0)",2,"{(2, 27, 20, 14)}","{(6, 4, '?', '?')}"
"(2, 20, 27, 27, 0)",1,"{(2, 27, 20)}","{(4, 4, '?', 2)}"
"(2, 20, 3, 12, 0)",2,"{(2, 3, 20, 12)}","{('?', 4, 0, '?')}"
"(2, 20, 3, 13, 0)",2,"{(2, 3, 20, 13)}","{(6, 2, 0, '?')}"
"(2, 20, 3, 14, 0)",1,"{(2, 3, 20, 14)}","{(6, 4, 0, 2)}"
"(2, 20, 3, 19, 0)",8,"{(19, 2, 3, 20)}","{('?', '?', 0, '?')}"
"(2, 20, 3, 24, 0)",3,"{(24, 2, 3, 20)}","{('?', 2, 0, '?')}"
"(2, 20, 3, 6, 0)",2,"{(2, 3, 20, 6)}","{(6, 2, 0, '?')}"
"(2, 22, 12, 20, 0)",1,"{(2, 12, 20, 22)}","{(2, 4, '?', 1)}"
"(2, 22, 4, 20, 0)",1,"{(2, 4, 20, 22)}","{(1, 4, '?', 5)}"
"(2, 22, 9, 20, 0)",3,"{(9, 2, 20, 22)}","{('?', 2, '?', '?')}"
"(2, 22, 9, 25, 0)",5,"{(9, 2, 22, 25)}","{('?', 2, '?', '?')}"
"(2, 22, 9, 27, 0)",1,"{(9, 2, 27, 22)}","{(0, 2, '?', '?')}"
"(2, 22, 9, 7, 0)",1,"{(9, 2, 22, 7)}","{(1, 2, '?', 7)}"
"(2, 23, 15, 12, 0)",2,"{(2, 15, 12, 23)}","{(4, 4, '?', 2)}"
"(2, 23, 15, 15, 0)",3,"{(2, 15, 23)}","{(4, 4, '?', '?')}"
"(2, 23, 17, 12, 0)",2,"{(17, 2, 12, 23)}","{(4, 4, 1, '?')}"
"(2, 23, 17, 15, 0)",1,"{(17, 2, 15, 23)}","{(4, 4, 1, 0)}"
"(2, 23, 19, 12, 0)",4,"{(2, 19, 12, 23)}","{('?', 4, '?', '?')}"
"(2, 23, 19, 15, 0)",2,"{(2, 19, 15, 23)}","{('?', 4, 1, 0)}"
"(2, 23, 19, 17, 0)",1,"{(17, 2, 19, 23)}","{(1, 4, 4, 0)}"
"(2, 23, 19, 21, 0)",1,"{(2, 19, 21, 23)}","{(0, 2, 6, 0)}"
"(2, 23, 19, 24, 0)",6,"{(24, 2, 19, 23)}","{('?', 2, '?', '?')}"
"(2, 23, 19, 3, 0)",3,"{(3, 2, 19, 23)}","{('?', 4, 0, '?')}"
"(2, 23, 19, 4, 0)",5,"{(2, 19, 4, 23)}","{('?', 4, '?', '?')}"
"(2, 23, 19, 9, 0)",3,"{(9, 2, 19, 23)}","{('?', 2, '?', '?')}"
"(2, 23, 21, 24, 0)",3,"{(24, 2, 21, 23)}","{(4, 2, '?', '?')}"
"(2, 23, 22, 12, 0)",1,"{(2, 12, 22, 23)}","{(0, 4, '?', 0)}"
"(2, 23, 22, 21, 0)",8,"{(2, 21, 22, 23)}","{('?', 2, '?', '?')}"
"(2, 23, 22, 24, 0)",5,"{(24, 2, 22, 23)}","{('?', 2, '?', '?')}"
"(2, 23, 22, 25, 0)",9,"{(25, 2, 22, 23)}","{('?', 4, '?', '?')}"
"(2, 23, 22, 4, 0)",4,"{(2, 4, 22, 23)}","{('?', 4, '?', '?')}"
"(2, 23, 22, 8, 0)",3,"{(8, 2, 22, 23)}","{(1, 2, '?', '?')}"
"(2, 23, 24, 15, 0)",4,"{(24, 2, 15, 23)}","{('?', 2, '?', '?')}"
"(2, 23, 24, 21, 0)",1,"{(24, 2, 21, 23)}","{(4, 2, 6, 2)}"
"(2, 23, 24, 27, 0)",1,"{(24, 2, 27, 23)}","{(4, 2, '?', 0)}"
"(2, 23, 25, 12, 0)",4,"{(25, 2, 12, 23)}","{('?', 4, '?', '?')}"
"(2, 23, 25, 24, 0)",2,"{(24, 25, 2, 23)}","{('?', 2, 6, '?')}"
"(2, 23, 27, 24, 0)",1,"{(24, 2, 27, 23)}","{(4, 2, '?', 0)}"
"(2, 23, 27, 27, 0)",1,"{(2, 27, 23)}","{(4, 4, '?', 2)}"
"(2, 23, 3, 12, 0)",2,"{(2, 3, 12, 23)}","{(4, 4, 0, '?')}"
"(2, 23, 3, 15, 0)",1,"{(2, 3, 15, 23)}","{(4, 4, 0, 0)}"
"(2, 23, 3, 19, 0)",6,"{(19, 2, 3, 23)}","{('?', '?', 0, '?')}"
"(2, 23, 3, 24, 0)",2,"{(24, 2, 3, 23)}","{(4, 2, 0, '?')}"
"(2, 23, 3, 3, 0)",1,"{(2, 3, 23)}","{(4, 2, 0, 2)}"
"(2, 24, 1, 10, 0)",1,"{(24, 1, 2, 10)}","{(6, 2, '?', 5)}"
"(2, 24, 1, 20, 0)",1,"{(24, 1, 2, 20)}","{('?', 2, '?', 5)}"
"(2, 24, 15, 10, 0)",2,"{(24, 2, 10, 15)}","{(6, 2, '?', 5)}"
"(2, 24, 15, 13, 0)",2,"{(24, 2, 13, 15)}","{(6, 2, '?', '?')}"
"(2, 24, 15, 15, 0)",1,"{(24, 2, 15)}","{('?', 2, 4, '?')}"
"(2, 24, 15, 17, 0)",4,"{(24, 17, 2, 15)}","{('?', 2, '?', '?')}"
"(2, 24, 17, 10, 0)",1,"{(24, 17, 2, 10)}","{(6, 2, 1, 5)}"
"(2, 24, 17, 12, 0)",3,"{(24, 17, 2, 12)}","{('?', 2, '?', '?')}"
"(2, 24, 17, 13, 0)",1,"{(24, 17, 2, 13)}","{(6, 2, 1, 5)}"
"(2, 24, 17, 24, 0)",3,"{(24, 17, 2)}","{('?', 2, '?', '?')}"
"(2, 24, 17, 6, 0)",1,"{(24, 17, 2, 6)}","{(6, 2, 1, 5)}"
"(2, 24, 18, 12, 0)",1,"{(24, 2, 18, 12)}","{('?', 2, 4, 7)}"
"(2, 24, 18, 13, 0)",2,"{(24, 2, 18, 13)}","{(6, 2, '?', 7)}"
"(2, 24, 18, 15, 0)",1,"{(24, 2, 18, 15)}","{('?', 2, 4, 7)}"
"(2, 24, 18, 24, 0)",1,"{(24, 2, 18)}","{('?', 2, 4, 7)}"
"(2, 24, 18, 6, 0)",1,"{(24, 2, 18, 6)}","{(6, 2, 1, 7)}"
"(2, 24, 19, 24, 0)",1,"{(24, 2, 19)}","{(2, 2, 1, '?')}"
"(2, 24, 20, 10, 0)",2,"{(24, 2, 10, 20)}","{(6, 2, '?', '?')}"
"(2, 24, 20, 12, 0)",1,"{(24, 2, 20, 12)}","{('?', 2, '?', 5)}"
"(2, 24, 20, 16, 0)",2,"{(24, 16, 2, 20)}","{(6, 2, '?', '?')}"
"(2, 24, 20, 24, 0)",1,"{(24, 2, 20)}","{('?', 2, '?', 5)}"
"(2, 24, 21, 13, 0)",1,"{(24, 2, 13, 21)}","{(6, 2, 2, '?')}"
"(2, 24, 21, 24, 0)",1,"{(24, 2, 21)}","{('?', 2, 2, '?')}"
"(2, 24, 21, 6, 0)",1,"{(24, 2, 21, 6)}","{(6, 2, 2, '?')}"
"(2, 24, 22, 20, 0)",1,"{(24, 2, 20, 22)}","{(2, 2, '?', 1)}"
"(2, 24, 22, 21, 0)",3,"{(24, 2, 21, 22)}","{('?', 2, '?', '?')}"
"(2, 24, 22, 25, 0)",3,"{(24, 25, 2, 22)}","{(2, 2, '?', '?')}"
"(2, 24, 22, 8, 0)",1,"{(24, 8, 2, 22)}","{(2, 2, 6, 7)}"
"(2, 24, 24, 10, 0)",2,"{(24, 2, 10)}","{(6, 2, '?', '?')}"
"(2, 24, 24, 13, 0)",1,"{(24, 2, 13)}","{(6, 2, 1, '?')}"
"(2, 24, 24, 15, 0)",1,"{(24, 2, 15)}","{('?', 2, 4, '?')}"
"(2, 24, 24, 17, 0)",1,"{(24, 17, 2)}","{('?', 2, 4, 5)}"
"(2, 24, 24, 25, 0)",1,"{(24, 25, 2)}","{(2, 2, 6, 5)}"
"(2, 24, 25, 24, 0)",4,"{(24, 25, 2)}","{('?', 2, '?', '?')}"
"(2, 24, 25, 6, 0)",4,"{(24, 25, 2, 6)}","{(6, 2, '?', '?')}"
"(2, 24, 27, 10, 0)",2,"{(24, 10, 2, 27)}","{(6, 2, '?', '?')}"
"(2, 24, 27, 15, 0)",1,"{(24, 2, 27, 15)}","{('?', 2, '?', '?')}"
"(2, 24, 27, 16, 0)",1,"{(24, 16, 2, 27)}","{(6, 2, '?', '?')}"
"(2, 24, 27, 20, 0)",1,"{(24, 2, 27, 20)}","{('?', 2, '?', 5)}"
"(2, 24, 27, 24, 0)",1,"{(24, 2, 27)}","{('?', 2, '?', '?')}"
"(2, 24, 3, 10, 0)",1,"{(24, 10, 2, 3)}","{(6, 2, 0, 1)}"
"(2, 24, 3, 13, 0)",1,"{(24, 2, 3, 13)}","{(6, 2, 0, '?')}"
"(2, 24, 3, 15, 0)",1,"{(24, 2, 3, 15)}","{('?', 2, 0, '?')}"
"(2, 24, 3, 17, 0)",1,"{(24, 17, 2, 3)}","{('?', 2, 0, 1)}"
"(2, 24, 7, 24, 0)",1,"{(24, 2, 7)}","{('?', 2, '?', 7)}"
"(2, 24, 7, 6, 0)",1,"{(24, 2, 6, 7)}","{(6, 2, '?', 7)}"
"(2, 24, 8, 24, 0)",1,"{(24, 8, 2)}","{('?', 2, 6, 7)}"
"(2, 24, 8, 6, 0)",2,"{(24, 8, 2, 6)}","{(6, 2, '?', 7)}"
"(2, 3, 12, 10, 0)",1,"{(10, 2, 3, 12)}","{(6, 4, 0, 5)}"
"(2, 3, 12, 17, 0)",1,"{(17, 2, 3, 12)}","{('?', 4, 0, 5)}"
"(2, 3, 19, 17, 0)",1,"{(19, 17, 2, 3)}","{(2, 2, 0, 1)}"
"(2, 3, 19, 19, 0)",1,"{(19, 2, 3)}","{(2, 2, 0, '?')}"
"(2, 3, 19, 20, 0)",2,"{(19, 2, 3, 20)}","{(2, 2, 0, '?')}"
"(2, 3, 19, 24, 0)",1,"{(19, 24, 2, 3)}","{(2, 2, 0, '?')}"
"(2, 3, 24, 10, 0)",2,"{(24, 10, 2, 3)}","{(6, 2, 0, '?')}"
"(2, 3, 24, 13, 0)",1,"{(24, 2, 3, 13)}","{(6, 2, 0, '?')}"
"(2, 3, 24, 15, 0)",1,"{(24, 2, 3, 15)}","{('?', 2, 0, '?')}"
"(2, 3, 24, 17, 0)",2,"{(24, 17, 2, 3)}","{('?', 2, 0, '?')}"
"(2, 3, 24, 19, 0)",1,"{(24, 19, 2, 3)}","{(2, 2, 0, '?')}"
"(2, 3, 4, 15, 0)",1,"{(2, 3, 4, 15)}","{(4, 4, 0, '?')}"
"(2, 3, 9, 23, 0)",1,"{(9, 2, 3, 23)}","{(1, 2, 0, 1)}"
"(2, 3, 9, 24, 0)",1,"{(24, 9, 2, 3)}","{(4, 2, 0, 0)}"
"(2, 4, 12, 17, 0)",1,"{(17, 2, 4, 12)}","{(4, 4, 4, 5)}"
"(2, 4, 12, 20, 0)",1,"{(2, 20, 4, 12)}","{(4, 4, '?', 1)}"
"(2, 4, 12, 21, 0)",2,"{(2, 21, 4, 12)}","{(4, 4, '?', '?')}"
"(2, 4, 12, 25, 0)",2,"{(25, 2, 4, 12)}","{(4, 4, 2, '?')}"
"(2, 4, 15, 17, 0)",1,"{(17, 2, 4, 15)}","{(4, 4, 1, 5)}"
"(2, 4, 25, 1, 0)",2,"{(25, 2, 4, 1)}","{(4, 4, '?', 5)}"
"(2, 4, 25, 12, 0)",3,"{(25, 2, 4, 12)}","{(4, 4, '?', '?')}"
"(2, 4, 25, 24, 0)",1,"{(24, 25, 2, 4)}","{(4, 4, 2, 5)}"
"(2, 4, 25, 27, 0)",1,"{(25, 2, 27, 4)}","{(4, 4, 2, 1)}"
"(2, 4, 27, 12, 0)",1,"{(2, 27, 4, 12)}","{(4, 4, '?', '?')}"
"(2, 4, 27, 21, 0)",2,"{(2, 27, 4, 21)}","{(4, 4, '?', '?')}"
"(2, 4, 4, 21, 0)",1,"{(2, 4, 21)}","{(4, 4, 2, '?')}"
"(2, 4, 8, 12, 0)",1,"{(8, 2, 4, 12)}","{(4, 4, 6, 7)}"
"(2, 5, 24, 19, 0)",1,"{(24, 2, 19, 5)}","{(2, 2, 4, '?')}"
"(2, 5, 4, 3, 0)",1,"{(2, 3, 4, 5)}","{(4, 4, 0, 3)}"
"(2, 6, 16, 6, 0)",1,"{(16, 2, 6)}","{(3, 2, '?', '?')}"
"(2, 6, 21, 6, 0)",1,"{(2, 21, 6)}","{(3, 2, 2, '?')}"
"(2, 6, 24, 18, 0)",1,"{(24, 2, 18, 6)}","{(7, 2, 4, 7)}"
"(2, 6, 24, 20, 0)",3,"{(24, 2, 20, 6)}","{('?', 2, '?', '?')}"
"(2, 6, 24, 25, 0)",5,"{(24, 25, 2, 6)}","{('?', 2, '?', '?')}"
"(2, 6, 24, 7, 0)",1,"{(24, 2, 6, 7)}","{(7, 2, '?', 7)}"
"(2, 6, 24, 8, 0)",3,"{(24, 8, 2, 6)}","{('?', 2, '?', 7)}"
"(2, 6, 3, 10, 0)",2,"{(10, 2, 3, 6)}","{(3, 2, 0, '?')}"
"(2, 6, 3, 17, 0)",4,"{(17, 2, 3, 6)}","{('?', 2, 0, '?')}"
"(2, 6, 3, 18, 0)",1,"{(18, 2, 3, 6)}","{(5, 2, 0, 7)}"
"(2, 6, 3, 20, 0)",4,"{(2, 3, 20, 6)}","{('?', 2, 0, '?')}"
"(2, 6, 3, 24, 0)",1,"{(24, 2, 3, 6)}","{(7, 2, 0, '?')}"
"(2, 6, 3, 6, 0)",1,"{(2, 3, 6)}","{(3, 2, 0, 7)}"
"(2, 6, 3, 7, 0)",1,"{(2, 3, 6, 7)}","{(5, 2, 0, 7)}"
"(2, 6, 6, 18, 0)",1,"{(2, 18, 6)}","{(3, 2, 1, 7)}"
"(2, 6, 6, 25, 0)",4,"{(25, 2, 6)}","{(3, 2, '?', '?')}"
"(2, 6, 6, 7, 0)",1,"{(2, 6, 7)}","{(3, 2, '?', 7)}"
"(2, 6, 6, 8, 0)",2,"{(8, 2, 6)}","{(3, 2, '?', 7)}"
"(2, 6, 7, 16, 0)",1,"{(16, 2, 6, 7)}","{(3, 2, '?', 7)}"
"(2, 6, 7, 24, 0)",2,"{(24, 2, 6, 7)}","{('?', 2, '?', 7)}"
"(2, 6, 7, 6, 0)",1,"{(2, 6, 7)}","{(3, 2, '?', 7)}"
"(2, 6, 8, 6, 0)",2,"{(8, 2, 6)}","{(3, 2, '?', 7)}"
"(2, 9, 15, 15, 0)",2,"{(9, 2, 15)}","{(4, 2, '?', '?')}"
"(2, 9, 15, 17, 0)",4,"{(9, 2, 17, 15)}","{(4, 2, '?', '?')}"
"(2, 9, 15, 24, 0)",1,"{(24, 9, 2, 15)}","{(4, 2, 4, '?')}"
"(2, 9, 18, 15, 0)",2,"{(9, 2, 18, 15)}","{(4, 2, '?', 7)}"
"(2, 9, 18, 22, 0)",1,"{(9, 2, 18, 22)}","{(1, 2, '?', 7)}"
"(2, 9, 18, 24, 0)",2,"{(24, 9, 2, 18)}","{(4, 2, '?', 7)}"
"(2, 9, 19, 15, 0)",1,"{(9, 2, 19, 15)}","{(0, 2, 1, '?')}"
"(2, 9, 22, 8, 0)",1,"{(8, 9, 2, 22)}","{(1, 2, 2, 7)}"
"(2, 9, 22, 9, 0)",1,"{(9, 2, 22)}","{(1, 2, '?', 7)}"
"(2, 9, 24, 15, 0)",1,"{(24, 9, 2, 15)}","{(4, 2, 4, '?')}"
"(2, 9, 24, 20, 0)",1,"{(24, 9, 2, 20)}","{(4, 2, 0, 5)}"
"(2, 9, 24, 25, 0)",1,"{(24, 9, 2, 25)}","{(4, 2, 6, 5)}"
"(2, 9, 25, 24, 0)",4,"{(24, 9, 2, 25)}","{(4, 2, '?', '?')}"
"(2, 9, 25, 25, 0)",1,"{(9, 2, 25)}","{(4, 2, 2, 1)}"
"(2, 9, 27, 15, 0)",1,"{(9, 2, 27, 15)}","{(4, 2, '?', '?')}"
"(2, 9, 27, 20, 0)",1,"{(9, 2, 27, 20)}","{(4, 2, 0, 5)}"
"(2, 9, 27, 24, 0)",1,"{(24, 9, 2, 27)}","{(4, 2, '?', '?')}"
"(2, 9, 27, 27, 0)",1,"{(9, 2, 27)}","{(4, 2, '?', '?')}"
"(2, 9, 3, 15, 0)",1,"{(9, 2, 3, 15)}","{(4, 2, 0, '?')}"
"(2, 9, 3, 17, 0)",2,"{(9, 2, 3, 17)}","{(4, 2, 0, '?')}"
"(2, 9, 3, 24, 0)",1,"{(24, 9, 2, 3)}","{(4, 2, 0, '?')}"
"(2, 9, 7, 24, 0)",1,"{(24, 9, 2, 7)}","{(4, 2, '?', 7)}"
"(2, 9, 7, 9, 0)",1,"{(9, 2, 7)}","{(4, 2, '?', 7)}"
"(2, 9, 8, 15, 0)",2,"{(8, 9, 2, 15)}","{('?', 2, '?', 7)}"
"(2, 9, 8, 24, 0)",2,"{(8, 9, 2, 24)}","{(4, 2, '?', 7)}"
"(2, 9, 9, 19, 0)",1,"{(9, 2, 19)}","{(0, 2, 4, '?')}"
"(2, 9, 9, 20, 0)",1,"{(9, 2, 20)}","{(4, 2, 0, 5)}"
"(2, 9, 9, 25, 0)",1,"{(9, 2, 25)}","{(4, 2, 6, 5)}"
"(2, 9, 9, 8, 0)",2,"{(8, 9, 2)}","{('?', 2, '?', 7)}"
"(20, 12, 25, 15, 0)",1,"{(25, 20, 12, 15)}","{(2, 0, 6, 2)}"
"(20, 15, 12, 10, 0)",1,"{(10, 20, 12, 15)}","{(6, 0, '?', 0)}"
"(20, 15, 12, 13, 0)",1,"{(13, 20, 12, 15)}","{(6, 0, 1, 2)}"
"(20, 15, 12, 16, 0)",1,"{(16, 20, 12, 15)}","{(6, 0, '?', 0)}"
"(20, 15, 12, 20, 0)",1,"{(20, 12, 15)}","{('?', 0, '?', 2)}"
"(20, 15, 12, 27, 0)",1,"{(27, 20, 12, 15)}","{('?', 0, '?', 2)}"
"(20, 15, 25, 14, 0)",2,"{(25, 20, 14, 15)}","{(6, 0, '?', 2)}"
"(20, 16, 12, 20, 0)",10,"{(16, 20, 12)}","{('?', 0, '?', '?')}"
"(20, 16, 12, 27, 0)",11,"{(16, 27, 20, 12)}","{('?', 0, '?', '?')}"
"(20, 16, 16, 14, 0)",3,"{(16, 20, 14)}","{(3, 0, '?', '?')}"
"(20, 16, 27, 12, 0)",1,"{(16, 27, 20, 12)}","{(7, 0, 5, 2)}"
"(20, 16, 27, 20, 0)",1,"{(16, 27, 20)}","{(5, 6, 5, 0)}"
"(20, 19, 15, 15, 0)",1,"{(19, 20, 15)}","{(2, 6, 4, 2)}"
"(20, 19, 17, 3, 0)",1,"{(3, 17, 19, 20)}","{(2, 6, 0, 0)}"
"(20, 20, 12, 16, 0)",1,"{(16, 20, 12)}","{(6, 0, 5, 2)}"
"(20, 20, 22, 12, 0)",1,"{(20, 12, 22)}","{(2, 0, 5, 2)}"
"(20, 22, 12, 12, 0)",6,"{(20, 12, 22)}","{('?', 0, '?', '?')}"
"(20, 22, 12, 20, 0)",3,"{(20, 12, 22)}","{(0, 0, '?', '?')}"
"(20, 22, 12, 27, 0)",4,"{(27, 20, 12, 22)}","{('?', 0, '?', '?')}"
"(20, 22, 4, 20, 0)",1,"{(20, 4, 22)}","{(0, 0, 3, 0)}"
"(20, 25, 12, 10, 0)",1,"{(25, 10, 20, 12)}","{(6, 0, 2, 0)}"
"(20, 25, 12, 27, 0)",1,"{(25, 27, 20, 12)}","{('?', 0, 2, 2)}"
"(20, 25, 12, 8, 0)",1,"{(8, 25, 20, 12)}","{(6, 0, 2, 2)}"
"(20, 27, 12, 10, 0)",5,"{(10, 27, 20, 12)}","{(6, 0, '?', '?')}"
"(20, 27, 12, 12, 0)",3,"{(27, 20, 12)}","{('?', 0, '?', '?')}"
"(20, 27, 12, 16, 0)",3,"{(16, 27, 20, 12)}","{(6, 0, '?', '?')}"
"(20, 27, 12, 20, 0)",6,"{(27, 20, 12)}","{('?', 0, '?', '?')}"
"(20, 27, 12, 27, 0)",7,"{(27, 20, 12)}","{('?', 0, '?', '?')}"
"(20, 27, 14, 10, 0)",1,"{(10, 27, 20, 14)}","{(6, 0, 7, 2)}"
"(22, 20, 27, 12, 0)",2,"{(27, 20, 12, 22)}","{(0, 0, '?', '?')}"
"(22, 22, 4, 20, 0)",2,"{(4, 20, 22)}","{('?', 0, 7, '?')}"
"(22, 23, 12, 12, 0)",1,"{(12, 22, 23)}","{(1, 0, 7, 0)}"
"(22, 23, 12, 27, 0)",1,"{(27, 12, 22, 23)}","{(1, 0, 7, 0)}"
"(22, 23, 22, 12, 0)",1,"{(12, 22, 23)}","{(0, 0, 7, 2)}"
"(22, 23, 27, 12, 0)",9,"{(27, 12, 22, 23)}","{('?', 0, '?', '?')}"
"(22, 4, 22, 12, 0)",1,"{(4, 12, 22)}","{(0, 0, 7, 0)}"
"(22, 4, 22, 23, 0)",4,"{(4, 22, 23)}","{('?', 0, '?', '?')}"
"(22, 4, 23, 22, 0)",1,"{(4, 22, 23)}","{(1, 0, 3, 1)}"
"(23, 15, 12, 20, 0)",1,"{(20, 15, 12, 23)}","{(4, 0, 0, 2)}"
"(23, 15, 12, 27, 0)",1,"{(27, 15, 12, 23)}","{(4, 0, '?', 2)}"
"(23, 15, 25, 12, 0)",3,"{(25, 15, 12, 23)}","{('?', 0, 6, '?')}"
"(23, 19, 19, 3, 0)",1,"{(3, 19, 23)}","{(1, 6, 0, 2)}"
"(23, 19, 3, 19, 0)",1,"{(3, 19, 23)}","{(1, 6, 0, 2)}"
"(23, 22, 12, 20, 0)",1,"{(12, 20, 22, 23)}","{(1, 0, 3, 2)}"
"(23, 22, 12, 7, 0)",1,"{(12, 7, 22, 23)}","{(1, 0, 7, 0)}"
"(23, 22, 4, 20, 0)",1,"{(4, 20, 22, 23)}","{(1, 0, 3, 2)}"
"(23, 23, 12, 27, 0)",1,"{(27, 12, 23)}","{(4, 0, 5, 0)}"
"(23, 25, 4, 27, 0)",1,"{(25, 27, 4, 23)}","{(4, 0, 6, 0)}"
"(23, 27, 12, 20, 0)",2,"{(27, 12, 20, 23)}","{(4, 0, '?', 0)}"
"(23, 27, 12, 27, 0)",3,"{(27, 12, 23)}","{('?', 0, '?', '?')}"
"(23, 27, 23, 12, 0)",2,"{(27, 12, 23)}","{(4, 0, '?', 2)}"
"(24, 1, 25, 25, 0)",1,"{(24, 1, 25)}","{(4, 5, 2, 5)}"
"(24, 1, 25, 9, 0)",2,"{(24, 1, 25, 9)}","{(4, 5, '?', '?')}"
"(24, 1, 27, 23, 0)",1,"{(24, 1, 27, 23)}","{(4, 5, 6, 1)}"
"(24, 1, 9, 15, 0)",1,"{(24, 1, 9, 15)}","{(4, 5, 4, '?')}"
"(24, 1, 9, 17, 0)",2,"{(24, 1, 9, 17)}","{(4, 5, '?', 1)}"
"(24, 1, 9, 20, 0)",4,"{(24, 1, 20, 9)}","{(4, 5, '?', '?')}"
"(24, 1, 9, 21, 0)",1,"{(24, 1, 21, 9)}","{(4, 5, 6, '?')}"
"(24, 1, 9, 23, 0)",2,"{(24, 1, 9, 23)}","{(4, 5, '?', '?')}"
"(24, 1, 9, 25, 0)",2,"{(24, 1, 9, 25)}","{(4, 5, '?', '?')}"
"(24, 1, 9, 27, 0)",2,"{(24, 1, 27, 9)}","{(4, 5, '?', '?')}"
"(24, 1, 9, 3, 0)",1,"{(24, 1, 3, 9)}","{(4, 5, 0, 4)}"
"(24, 1, 9, 9, 0)",1,"{(24, 1, 9)}","{(4, 5, 4, '?')}"
"(24, 10, 16, 6, 0)",1,"{(24, 16, 10, 6)}","{(3, 5, '?', 2)}"
"(24, 10, 24, 15, 0)",7,"{(24, 10, 15)}","{('?', 5, '?', '?')}"
"(24, 10, 24, 21, 0)",4,"{(24, 10, 21)}","{('?', 5, '?', '?')}"
"(24, 10, 24, 25, 0)",6,"{(24, 25, 10)}","{('?', 5, '?', '?')}"
"(24, 10, 24, 27, 0)",4,"{(24, 10, 27)}","{('?', 5, '?', '?')}"
"(24, 10, 3, 13, 0)",1,"{(24, 10, 3, 13)}","{(3, 5, 0, 0)}"
"(24, 10, 3, 24, 0)",1,"{(24, 10, 3)}","{(5, 5, 0, 2)}"
"(24, 10, 3, 6, 0)",1,"{(24, 10, 3, 6)}","{(3, 5, 0, 0)}"
"(24, 10, 6, 15, 0)",3,"{(24, 10, 6, 15)}","{(3, 5, '?', '?')}"
"(24, 10, 6, 16, 0)",3,"{(24, 16, 10, 6)}","{(3, 5, '?', '?')}"
"(24, 10, 6, 21, 0)",4,"{(24, 10, 21, 6)}","{(3, 5, '?', '?')}"
"(24, 10, 6, 24, 0)",1,"{(24, 10, 6)}","{(3, 5, 4, 2)}"
"(24, 10, 6, 25, 0)",1,"{(24, 25, 10, 6)}","{(3, 5, 2, 0)}"
"(24, 10, 6, 27, 0)",1,"{(24, 10, 27, 6)}","{(3, 5, '?', 2)}"
"(24, 10, 6, 3, 0)",2,"{(24, 10, 3, 6)}","{(3, 5, 0, '?')}"
"(24, 13, 24, 15, 0)",2,"{(24, 13, 15)}","{(5, 5, '?', '?')}"
"(24, 13, 24, 17, 0)",1,"{(24, 17, 13)}","{(5, 5, 1, 5)}"
"(24, 13, 24, 21, 0)",4,"{(24, 21, 13)}","{('?', 5, '?', '?')}"
"(24, 13, 24, 27, 0)",1,"{(24, 27, 13)}","{(7, 5, '?', '?')}"
"(24, 15, 15, 10, 0)",4,"{(24, 10, 15)}","{(6, 5, '?', '?')}"
"(24, 15, 15, 13, 0)",2,"{(24, 13, 15)}","{(6, 5, '?', '?')}"
"(24, 15, 15, 17, 0)",2,"{(24, 17, 15)}","{('?', 5, 4, '?')}"
"(24, 15, 18, 13, 0)",1,"{(24, 18, 13, 15)}","{(6, 5, 1, 7)}"
"(24, 15, 18, 15, 0)",1,"{(24, 18, 15)}","{('?', 5, 1, 7)}"
"(24, 15, 20, 10, 0)",1,"{(24, 10, 20, 15)}","{(6, 5, '?', 1)}"
"(24, 15, 20, 16, 0)",1,"{(24, 16, 20, 15)}","{(6, 5, '?', 5)}"
"(24, 15, 21, 10, 0)",4,"{(24, 10, 21, 15)}","{(6, 5, '?', '?')}"
"(24, 15, 21, 13, 0)",1,"{(24, 13, 21, 15)}","{(6, 5, 2, '?')}"
"(24, 15, 21, 20, 0)",2,"{(24, 20, 21, 15)}","{(6, 5, '?', 5)}"
"(24, 15, 21, 24, 0)",1,"{(24, 21, 15)}","{('?', 5, 2, '?')}"
"(24, 15, 21, 6, 0)",1,"{(24, 21, 6, 15)}","{(6, 5, 2, '?')}"
"(24, 15, 24, 10, 0)",6,"{(24, 10, 15)}","{(6, 5, '?', '?')}"
"(24, 15, 24, 13, 0)",2,"{(24, 13, 15)}","{(6, 5, '?', '?')}"
"(24, 15, 24, 15, 0)",1,"{(24, 15)}","{('?', 5, 4, '?')}"
"(24, 15, 24, 17, 0)",3,"{(24, 17, 15)}","{('?', 5, '?', '?')}"
"(24, 15, 24, 21, 0)",2,"{(24, 21, 15)}","{('?', 5, '?', '?')}"
"(24, 15, 24, 25, 0)",3,"{(24, 25, 15)}","{('?', 5, '?', '?')}"
"(24, 15, 25, 24, 0)",6,"{(24, 25, 15)}","{('?', 5, '?', '?')}"
"(24, 15, 25, 6, 0)",4,"{(24, 25, 6, 15)}","{(6, 5, '?', '?')}"
"(24, 15, 25, 9, 0)",1,"{(24, 25, 9, 15)}","{(4, 5, 6, 1)}"
"(24, 15, 27, 10, 0)",2,"{(24, 10, 27, 15)}","{(6, 5, '?', '?')}"
"(24, 15, 27, 16, 0)",1,"{(24, 16, 27, 15)}","{(6, 5, '?', '?')}"
"(24, 15, 27, 24, 0)",1,"{(24, 27, 15)}","{('?', 5, '?', '?')}"
"(24, 15, 3, 10, 0)",1,"{(24, 10, 3, 15)}","{(6, 5, 0, 1)}"
"(24, 15, 7, 24, 0)",2,"{(24, 7, 15)}","{('?', 5, '?', 7)}"
"(24, 15, 7, 8, 0)",1,"{(24, 8, 7, 15)}","{('?', 5, 6, 7)}"
"(24, 15, 8, 24, 0)",2,"{(24, 8, 15)}","{('?', 5, '?', 7)}"
"(24, 15, 8, 6, 0)",2,"{(24, 8, 6, 15)}","{(6, 5, '?', 7)}"
"(24, 15, 9, 15, 0)",1,"{(24, 9, 15)}","{(4, 5, 4, '?')}"
"(24, 15, 9, 17, 0)",4,"{(24, 9, 17, 15)}","{(4, 5, '?', '?')}"
"(24, 15, 9, 20, 0)",2,"{(24, 9, 20, 15)}","{(4, 5, '?', 5)}"
"(24, 15, 9, 21, 0)",2,"{(24, 9, 21, 15)}","{(4, 5, '?', '?')}"
"(24, 15, 9, 23, 0)",1,"{(24, 9, 23, 15)}","{(4, 5, 0, 1)}"
"(24, 15, 9, 27, 0)",1,"{(24, 9, 27, 15)}","{(4, 5, '?', '?')}"
"(24, 16, 24, 17, 0)",2,"{(24, 16, 17)}","{('?', 5, 3, 5)}"
"(24, 16, 24, 20, 0)",8,"{(24, 16, 20)}","{('?', 5, '?', '?')}"
"(24, 16, 24, 24, 0)",1,"{(24, 16)}","{(7, 5, 3, '?')}"
"(24, 16, 24, 27, 0)",2,"{(24, 16, 27)}","{('?', 5, 5, '?')}"
"(24, 16, 24, 7, 0)",1,"{(24, 16, 7)}","{(5, 5, 3, 7)}"
"(24, 16, 6, 20, 0)",1,"{(24, 16, 20, 6)}","{(3, 5, '?', 5)}"
"(24, 17, 15, 24, 0)",1,"{(24, 17, 15)}","{('?', 5, 1, 0)}"
"(24, 18, 12, 8, 0)",2,"{(24, 8, 18, 12)}","{('?', 5, '?', 7)}"
"(24, 18, 15, 16, 0)",1,"{(24, 16, 18, 15)}","{(6, 5, '?', 7)}"
"(24, 18, 15, 18, 0)",1,"{(24, 18, 15)}","{('?', 5, 4, 7)}"
"(24, 18, 15, 24, 0)",2,"{(24, 18, 15)}","{('?', 5, '?', 7)}"
"(24, 18, 15, 6, 0)",1,"{(24, 18, 6, 15)}","{(6, 5, 1, 7)}"
"(24, 18, 19, 15, 0)",1,"{(24, 18, 19, 15)}","{(2, 5, 1, 7)}"
"(24, 18, 19, 18, 0)",1,"{(24, 18, 19)}","{(2, 5, 1, 7)}"
"(24, 18, 19, 19, 0)",1,"{(24, 18, 19)}","{(0, 5, 4, 7)}"
"(24, 18, 19, 22, 0)",1,"{(24, 18, 19, 22)}","{(0, 5, '?', 7)}"
"(24, 18, 19, 24, 0)",2,"{(24, 18, 19)}","{('?', 5, '?', 7)}"
"(24, 18, 19, 3, 0)",1,"{(24, 3, 18, 19)}","{(1, 5, 0, 1)}"
"(24, 18, 19, 4, 0)",1,"{(24, 18, 19, 4)}","{(0, 5, 1, 7)}"
"(24, 18, 19, 9, 0)",2,"{(24, 9, 18, 19)}","{(0, 5, '?', 7)}"
"(24, 18, 21, 24, 0)",1,"{(24, 18, 21)}","{('?', 5, 2, 7)}"
"(24, 18, 22, 16, 0)",1,"{(24, 16, 18, 22)}","{(0, 5, '?', 7)}"
"(24, 18, 22, 21, 0)",1,"{(24, 18, 21, 22)}","{(0, 5, 2, 7)}"
"(24, 18, 22, 22, 0)",1,"{(24, 18, 22)}","{(0, 5, '?', 7)}"
"(24, 18, 22, 24, 0)",1,"{(24, 18, 22)}","{(0, 5, '?', 7)}"
"(24, 18, 22, 4, 0)",1,"{(24, 18, 4, 22)}","{(0, 5, '?', 7)}"
"(24, 18, 22, 7, 0)",1,"{(24, 18, 22, 7)}","{(0, 5, '?', 7)}"
"(24, 18, 22, 8, 0)",1,"{(24, 8, 18, 22)}","{(0, 5, 2, 7)}"
"(24, 18, 22, 9, 0)",1,"{(24, 9, 18, 22)}","{(0, 5, '?', 7)}"
"(24, 18, 24, 15, 0)",1,"{(24, 18, 15)}","{('?', 5, 4, 7)}"
"(24, 18, 24, 16, 0)",1,"{(24, 16, 18)}","{(6, 5, '?', 7)}"
"(24, 18, 24, 3, 0)",1,"{(24, 18, 3)}","{('?', 5, 0, 7)}"
"(24, 18, 24, 6, 0)",1,"{(24, 18, 6)}","{(6, 5, 1, 7)}"
"(24, 18, 27, 16, 0)",1,"{(24, 16, 18, 27)}","{(6, 5, '?', 7)}"
"(24, 18, 27, 24, 0)",1,"{(24, 18, 27)}","{('?', 5, '?', 7)}"
"(24, 18, 27, 6, 0)",1,"{(24, 18, 27, 6)}","{(6, 5, '?', 7)}"
"(24, 18, 27, 7, 0)",1,"{(24, 18, 27, 7)}","{('?', 5, '?', 7)}"
"(24, 18, 3, 19, 0)",4,"{(24, 19, 18, 3)}","{('?', 5, 0, '?')}"
"(24, 18, 3, 24, 0)",1,"{(24, 18, 3)}","{('?', 5, 0, 7)}"
"(24, 18, 3, 9, 0)",3,"{(24, 9, 18, 3)}","{(1, 5, 0, '?')}"
"(24, 18, 4, 19, 0)",1,"{(24, 18, 19, 4)}","{(1, 5, 4, 7)}"
"(24, 18, 4, 8, 0)",1,"{(24, 8, 18, 4)}","{(1, 5, 6, 7)}"
"(24, 18, 8, 13, 0)",1,"{(24, 8, 18, 13)}","{(6, 5, 2, 7)}"
"(24, 18, 9, 27, 0)",1,"{(24, 9, 18, 27)}","{(4, 5, '?', 7)}"
"(24, 18, 9, 3, 0)",3,"{(24, 9, 18, 3)}","{('?', 5, 0, '?')}"
"(24, 18, 9, 7, 0)",1,"{(24, 9, 18, 7)}","{(4, 5, '?', 7)}"
"(24, 18, 9, 8, 0)",2,"{(24, 9, 18, 8)}","{(4, 5, '?', 7)}"
"(24, 19, 15, 15, 0)",1,"{(24, 19, 15)}","{(2, 5, 1, '?')}"
"(24, 19, 15, 17, 0)",6,"{(24, 17, 19, 15)}","{('?', 5, '?', '?')}"
"(24, 19, 15, 24, 0)",2,"{(24, 19, 15)}","{(2, 5, '?', '?')}"
"(24, 19, 21, 21, 0)",2,"{(24, 19, 21)}","{('?', 5, 6, '?')}"
"(24, 19, 21, 24, 0)",3,"{(24, 19, 21)}","{('?', 5, '?', '?')}"
"(24, 19, 22, 20, 0)",1,"{(24, 19, 20, 22)}","{(0, 5, '?', 1)}"
"(24, 19, 22, 23, 0)",1,"{(24, 19, 22, 23)}","{(0, 5, '?', 5)}"
"(24, 19, 22, 25, 0)",1,"{(24, 25, 19, 22)}","{(0, 5, 6, 5)}"
"(24, 19, 23, 24, 0)",1,"{(24, 19, 23)}","{(0, 5, 4, 0)}"
"(24, 19, 23, 27, 0)",1,"{(24, 27, 19, 23)}","{(0, 5, '?', 0)}"
"(24, 19, 24, 15, 0)",3,"{(24, 19, 15)}","{('?', 5, '?', '?')}"
"(24, 19, 24, 17, 0)",5,"{(24, 17, 19)}","{('?', 5, '?', '?')}"
"(24, 19, 24, 20, 0)",1,"{(24, 19, 20)}","{(0, 5, '?', 1)}"
"(24, 19, 24, 21, 0)",4,"{(24, 19, 21)}","{('?', 5, '?', '?')}"
"(24, 19, 24, 25, 0)",7,"{(24, 25, 19)}","{('?', 5, '?', '?')}"
"(24, 19, 27, 20, 0)",2,"{(24, 27, 19, 20)}","{(0, 5, '?', '?')}"
"(24, 19, 3, 17, 0)",5,"{(24, 3, 19, 17)}","{('?', 5, 0, '?')}"
"(24, 19, 3, 20, 0)",3,"{(24, 3, 19, 20)}","{('?', 5, 0, '?')}"
"(24, 19, 3, 23, 0)",2,"{(24, 3, 19, 23)}","{('?', 5, 0, '?')}"
"(24, 19, 3, 24, 0)",2,"{(24, 3, 19)}","{('?', 5, 0, '?')}"
"(24, 19, 3, 9, 0)",2,"{(24, 3, 19, 9)}","{('?', 5, 0, '?')}"
"(24, 19, 4, 15, 0)",1,"{(24, 19, 4, 15)}","{(0, 5, 4, '?')}"
"(24, 19, 4, 8, 0)",1,"{(24, 8, 19, 4)}","{(1, 5, 6, 7)}"
"(24, 19, 7, 8, 0)",3,"{(24, 8, 19, 7)}","{('?', 5, '?', 7)}"
"(24, 19, 8, 18, 0)",2,"{(24, 8, 18, 19)}","{(0, 5, '?', 7)}"
"(24, 19, 8, 24, 0)",3,"{(24, 8, 19)}","{('?', 5, '?', 7)}"
"(24, 19, 8, 4, 0)",2,"{(24, 8, 19, 4)}","{(1, 5, '?', 7)}"
"(24, 19, 8, 9, 0)",1,"{(24, 8, 19, 9)}","{(0, 5, 6, 7)}"
"(24, 19, 9, 15, 0)",3,"{(24, 9, 19, 15)}","{('?', 5, '?', '?')}"
"(24, 19, 9, 17, 0)",4,"{(24, 9, 19, 17)}","{('?', 5, '?', '?')}"
"(24, 19, 9, 20, 0)",4,"{(24, 9, 19, 20)}","{('?', 5, '?', '?')}"
"(24, 19, 9, 21, 0)",4,"{(24, 9, 19, 21)}","{('?', 5, '?', '?')}"
"(24, 19, 9, 24, 0)",1,"{(24, 9, 19)}","{(0, 5, 1, '?')}"
"(24, 19, 9, 25, 0)",6,"{(24, 9, 19, 25)}","{('?', 5, '?', '?')}"
"(24, 19, 9, 27, 0)",1,"{(24, 9, 19, 27)}","{(1, 5, '?', '?')}"
"(24, 19, 9, 8, 0)",3,"{(24, 9, 19, 8)}","{(1, 5, '?', '?')}"
"(24, 19, 9, 9, 0)",1,"{(24, 9, 19)}","{(1, 5, 1, '?')}"
"(24, 20, 15, 15, 0)",1,"{(24, 20, 15)}","{('?', 5, 4, 2)}"
"(24, 20, 15, 24, 0)",4,"{(24, 20, 15)}","{('?', 5, '?', '?')}"
"(24, 20, 17, 15, 0)",2,"{(24, 17, 20, 15)}","{('?', 5, '?', '?')}"
"(24, 20, 17, 24, 0)",1,"{(24, 17, 20)}","{('?', 5, 1, 2)}"
"(24, 20, 19, 15, 0)",4,"{(24, 19, 20, 15)}","{('?', 5, '?', '?')}"
"(24, 20, 19, 24, 0)",7,"{(24, 19, 20)}","{('?', 5, '?', '?')}"
"(24, 20, 19, 9, 0)",1,"{(24, 9, 19, 20)}","{(0, 5, 4, 0)}"
"(24, 20, 21, 10, 0)",1,"{(24, 10, 20, 21)}","{(6, 5, 2, 0)}"
"(24, 20, 21, 13, 0)",2,"{(24, 13, 20, 21)}","{(6, 5, '?', '?')}"
"(24, 20, 21, 15, 0)",1,"{(24, 20, 21, 15)}","{('?', 5, 6, 0)}"
"(24, 20, 21, 19, 0)",1,"{(24, 19, 20, 21)}","{(2, 5, 2, 0)}"
"(24, 20, 21, 24, 0)",1,"{(24, 20, 21)}","{(2, 5, 2, 0)}"
"(24, 20, 21, 6, 0)",3,"{(24, 20, 21, 6)}","{(6, 5, '?', '?')}"
"(24, 20, 22, 21, 0)",6,"{(24, 20, 21, 22)}","{('?', 5, '?', '?')}"
"(24, 20, 22, 24, 0)",4,"{(24, 20, 22)}","{('?', 5, '?', '?')}"
"(24, 20, 22, 9, 0)",1,"{(24, 9, 20, 22)}","{(0, 5, '?', 0)}"
"(24, 20, 24, 13, 0)",4,"{(24, 20, 13)}","{(6, 5, '?', '?')}"
"(24, 20, 24, 15, 0)",4,"{(24, 20, 15)}","{('?', 5, '?', '?')}"
"(24, 20, 24, 16, 0)",2,"{(24, 16, 20)}","{(6, 5, '?', 2)}"
"(24, 20, 24, 21, 0)",2,"{(24, 20, 21)}","{('?', 5, 6, '?')}"
"(24, 20, 24, 24, 0)",1,"{(24, 20)}","{('?', 5, 0, 2)}"
"(24, 20, 24, 25, 0)",1,"{(24, 25, 20)}","{('?', 5, 6, 2)}"
"(24, 20, 24, 27, 0)",1,"{(24, 27, 20)}","{('?', 5, '?', 0)}"
"(24, 20, 24, 3, 0)",1,"{(24, 3, 20)}","{('?', 5, 0, 0)}"
"(24, 20, 24, 6, 0)",1,"{(24, 20, 6)}","{(6, 5, 0, 2)}"
"(24, 20, 25, 24, 0)",3,"{(24, 25, 20)}","{('?', 5, '?', '?')}"
"(24, 20, 25, 6, 0)",1,"{(24, 25, 20, 6)}","{(6, 5, 6, 2)}"
"(24, 20, 27, 24, 0)",1,"{(24, 27, 20)}","{('?', 5, '?', 0)}"
"(24, 20, 27, 25, 0)",1,"{(24, 25, 27, 20)}","{('?', 5, 6, 2)}"
"(24, 20, 27, 6, 0)",2,"{(24, 27, 20, 6)}","{(6, 5, '?', 0)}"
"(24, 20, 3, 19, 0)",3,"{(24, 19, 3, 20)}","{('?', 5, 0, '?')}"
"(24, 20, 3, 24, 0)",2,"{(24, 3, 20)}","{('?', 5, 0, '?')}"
"(24, 20, 3, 6, 0)",2,"{(24, 3, 20, 6)}","{(6, 5, 0, '?')}"
"(24, 22, 18, 24, 0)",2,"{(24, 18, 22)}","{(2, 5, '?', 7)}"
"(24, 22, 22, 24, 0)",1,"{(24, 22)}","{(2, 5, 5, '?')}"
"(24, 22, 24, 20, 0)",3,"{(24, 20, 22)}","{(2, 5, '?', '?')}"
"(24, 22, 24, 27, 0)",2,"{(24, 27, 22)}","{(2, 5, '?', '?')}"
"(24, 22, 4, 20, 0)",1,"{(24, 4, 20, 22)}","{(1, 5, '?', 1)}"
"(24, 22, 4, 7, 0)",1,"{(24, 4, 22, 7)}","{(1, 5, '?', 7)}"
"(24, 22, 9, 20, 0)",1,"{(24, 9, 20, 22)}","{(1, 5, '?', 1)}"
"(24, 22, 9, 25, 0)",1,"{(24, 9, 22, 25)}","{(1, 5, 2, 1)}"
"(24, 22, 9, 7, 0)",1,"{(24, 9, 22, 7)}","{(1, 5, '?', 7)}"
"(24, 23, 15, 24, 0)",2,"{(24, 15, 23)}","{(4, 5, '?', 0)}"
"(24, 23, 15, 3, 0)",1,"{(24, 3, 15, 23)}","{(4, 5, 0, 2)}"
"(24, 23, 19, 24, 0)",4,"{(24, 19, 23)}","{('?', 5, '?', '?')}"
"(24, 23, 19, 3, 0)",2,"{(24, 3, 19, 23)}","{('?', 5, 0, '?')}"
"(24, 23, 19, 9, 0)",1,"{(24, 9, 19, 23)}","{(1, 5, 1, 2)}"
"(24, 23, 21, 24, 0)",2,"{(24, 21, 23)}","{(4, 5, '?', '?')}"
"(24, 23, 22, 21, 0)",3,"{(24, 21, 22, 23)}","{(0, 5, '?', '?')}"
"(24, 23, 22, 24, 0)",2,"{(24, 22, 23)}","{('?', 5, '?', 0)}"
"(24, 23, 24, 15, 0)",1,"{(24, 15, 23)}","{(4, 5, 4, 0)}"
"(24, 23, 24, 21, 0)",2,"{(24, 21, 23)}","{(4, 5, 2, '?')}"
"(24, 23, 24, 25, 0)",1,"{(24, 25, 23)}","{(4, 5, 6, 0)}"
"(24, 23, 24, 3, 0)",2,"{(24, 3, 23)}","{(4, 5, 0, '?')}"
"(24, 23, 25, 24, 0)",4,"{(24, 25, 23)}","{(4, 5, '?', '?')}"
"(24, 23, 27, 24, 0)",1,"{(24, 27, 23)}","{(4, 5, '?', 0)}"
"(24, 23, 27, 5, 0)",1,"{(24, 27, 5, 23)}","{(4, 5, '?', 0)}"
"(24, 23, 3, 19, 0)",2,"{(24, 19, 3, 23)}","{('?', 5, 0, 0)}"
"(24, 23, 3, 24, 0)",1,"{(24, 3, 23)}","{(4, 5, 0, 0)}"
"(24, 24, 15, 10, 0)",3,"{(24, 10, 15)}","{(6, 5, '?', '?')}"
"(24, 24, 15, 13, 0)",2,"{(24, 13, 15)}","{(6, 5, '?', '?')}"
"(24, 24, 15, 15, 0)",1,"{(24, 15)}","{('?', 5, 4, '?')}"
"(24, 24, 15, 17, 0)",4,"{(24, 17, 15)}","{('?', 5, '?', '?')}"
"(24, 24, 15, 20, 0)",1,"{(24, 20, 15)}","{('?', 5, 4, 5)}"
"(24, 24, 15, 24, 0)",1,"{(24, 15)}","{('?', 5, 4, '?')}"
"(24, 24, 17, 10, 0)",1,"{(24, 17, 10)}","{(6, 5, 1, 1)}"
"(24, 24, 17, 24, 0)",1,"{(24, 17)}","{('?', 5, 4, 5)}"
"(24, 24, 18, 24, 0)",1,"{(24, 18)}","{('?', 5, 4, 7)}"
"(24, 24, 21, 24, 0)",2,"{(24, 21)}","{('?', 5, '?', '?')}"
"(24, 24, 21, 6, 0)",1,"{(24, 21, 6)}","{(6, 5, 2, '?')}"
"(24, 24, 24, 10, 0)",1,"{(24, 10)}","{(6, 5, 6, 1)}"
"(24, 24, 24, 17, 0)",3,"{(24, 17)}","{('?', 5, '?', '?')}"
"(24, 24, 24, 21, 0)",2,"{(24, 21)}","{('?', 5, '?', '?')}"
"(24, 24, 24, 25, 0)",2,"{(24, 25)}","{('?', 5, '?', 5)}"
"(24, 24, 25, 24, 0)",5,"{(24, 25)}","{('?', 5, '?', '?')}"
"(24, 24, 25, 6, 0)",2,"{(24, 25, 6)}","{(6, 5, 6, '?')}"
"(24, 24, 27, 10, 0)",3,"{(24, 10, 27)}","{(6, 5, '?', '?')}"
"(24, 24, 27, 16, 0)",1,"{(24, 16, 27)}","{(6, 5, '?', '?')}"
"(24, 24, 27, 20, 0)",3,"{(24, 27, 20)}","{('?', 5, '?', '?')}"
"(24, 24, 27, 21, 0)",1,"{(24, 27, 21)}","{('?', 5, 6, '?')}"
"(24, 24, 27, 24, 0)",1,"{(24, 27)}","{('?', 5, '?', '?')}"
"(24, 24, 27, 25, 0)",1,"{(24, 25, 27)}","{('?', 5, 2, 1)}"
"(24, 24, 27, 27, 0)",1,"{(24, 27)}","{('?', 5, '?', '?')}"
"(24, 24, 3, 10, 0)",2,"{(24, 10, 3)}","{(6, 5, 0, '?')}"
"(24, 24, 3, 13, 0)",1,"{(24, 3, 13)}","{(6, 5, 0, '?')}"
"(24, 24, 3, 15, 0)",1,"{(24, 3, 15)}","{('?', 5, 0, '?')}"
"(24, 24, 3, 17, 0)",2,"{(24, 17, 3)}","{('?', 5, 0, '?')}"
"(24, 24, 3, 19, 0)",1,"{(24, 19, 3)}","{(0, 5, 0, 3)}"
"(24, 24, 3, 24, 0)",2,"{(24, 3)}","{('?', 5, 0, '?')}"
"(24, 24, 7, 24, 0)",1,"{(24, 7)}","{('?', 5, '?', 7)}"
"(24, 24, 7, 8, 0)",1,"{(24, 8, 7)}","{('?', 5, 6, 7)}"
"(24, 24, 8, 6, 0)",1,"{(24, 8, 6)}","{(6, 5, 6, 7)}"
"(24, 27, 24, 20, 0)",2,"{(24, 27, 20)}","{('?', 5, '?', 5)}"
"(24, 27, 9, 20, 0)",1,"{(24, 9, 27, 20)}","{(4, 5, '?', 5)}"
"(24, 27, 9, 25, 0)",1,"{(24, 9, 27, 25)}","{(4, 5, 2, 5)}"
"(24, 27, 9, 27, 0)",1,"{(24, 9, 27)}","{(4, 5, '?', '?')}"
"(24, 3, 15, 10, 0)",2,"{(24, 10, 3, 15)}","{(6, 5, 0, '?')}"
"(24, 3, 19, 24, 0)",2,"{(24, 19, 3)}","{('?', 5, 0, '?')}"
"(24, 3, 19, 3, 0)",1,"{(24, 19, 3)}","{(2, 5, 0, '?')}"
"(24, 3, 24, 10, 0)",2,"{(24, 10, 3)}","{(6, 5, 0, '?')}"
"(24, 3, 24, 13, 0)",1,"{(24, 3, 13)}","{(6, 5, 0, '?')}"
"(24, 3, 24, 15, 0)",1,"{(24, 3, 15)}","{('?', 5, 0, '?')}"
"(24, 3, 24, 17, 0)",2,"{(24, 17, 3)}","{('?', 5, 0, '?')}"
"(24, 3, 24, 6, 0)",1,"{(24, 3, 6)}","{(6, 5, 0, '?')}"
"(24, 3, 3, 24, 0)",1,"{(24, 3)}","{(0, 5, 0, '?')}"
"(24, 6, 13, 10, 0)",3,"{(24, 10, 13, 6)}","{(3, 5, '?', '?')}"
"(24, 6, 13, 17, 0)",1,"{(24, 17, 13, 6)}","{(3, 5, 1, 1)}"
"(24, 6, 15, 10, 0)",1,"{(24, 10, 6, 15)}","{(3, 5, 1, 1)}"
"(24, 6, 15, 13, 0)",1,"{(24, 13, 6, 15)}","{(3, 5, 4, '?')}"
"(24, 6, 15, 6, 0)",1,"{(24, 6, 15)}","{(3, 5, 4, '?')}"
"(24, 6, 16, 10, 0)",3,"{(24, 16, 10, 6)}","{(3, 5, '?', '?')}"
"(24, 6, 16, 13, 0)",2,"{(24, 16, 13, 6)}","{(3, 5, '?', '?')}"
"(24, 6, 16, 21, 0)",1,"{(24, 16, 21, 6)}","{(3, 5, 2, '?')}"
"(24, 6, 16, 24, 0)",1,"{(24, 16, 6)}","{(3, 5, '?', '?')}"
"(24, 6, 16, 6, 0)",1,"{(24, 16, 6)}","{(3, 5, '?', '?')}"
"(24, 6, 18, 13, 0)",1,"{(24, 18, 13, 6)}","{(3, 5, 1, 7)}"
"(24, 6, 18, 24, 0)",3,"{(24, 18, 6)}","{('?', 5, '?', 7)}"
"(24, 6, 24, 10, 0)",1,"{(24, 10, 6)}","{(3, 5, 1, 1)}"
"(24, 6, 24, 13, 0)",1,"{(24, 13, 6)}","{(3, 5, 4, '?')}"
"(24, 6, 24, 15, 0)",1,"{(24, 6, 15)}","{(5, 5, 4, '?')}"
"(24, 6, 24, 17, 0)",6,"{(24, 17, 6)}","{('?', 5, '?', '?')}"
"(24, 6, 24, 18, 0)",3,"{(24, 18, 6)}","{('?', 5, '?', 7)}"
"(24, 6, 24, 20, 0)",9,"{(24, 20, 6)}","{('?', 5, '?', '?')}"
"(24, 6, 24, 21, 0)",2,"{(24, 21, 6)}","{('?', 5, 2, '?')}"
"(24, 6, 24, 25, 0)",4,"{(24, 25, 6)}","{('?', 5, '?', '?')}"
"(24, 6, 24, 27, 0)",1,"{(24, 27, 6)}","{(7, 5, '?', '?')}"
"(24, 6, 24, 7, 0)",1,"{(24, 6, 7)}","{(7, 5, '?', 7)}"
"(24, 6, 24, 8, 0)",4,"{(24, 8, 6)}","{('?', 5, '?', 7)}"
"(24, 6, 3, 10, 0)",3,"{(24, 10, 3, 6)}","{(3, 5, 0, '?')}"
"(24, 6, 3, 13, 0)",1,"{(24, 3, 13, 6)}","{(3, 5, 0, '?')}"
"(24, 6, 3, 17, 0)",4,"{(24, 17, 3, 6)}","{('?', 5, 0, '?')}"
"(24, 6, 3, 18, 0)",2,"{(24, 18, 3, 6)}","{('?', 5, 0, 7)}"
"(24, 6, 3, 20, 0)",2,"{(24, 3, 20, 6)}","{('?', 5, 0, '?')}"
"(24, 6, 3, 24, 0)",1,"{(24, 3, 6)}","{(5, 5, 0, '?')}"
"(24, 6, 3, 6, 0)",1,"{(24, 3, 6)}","{(3, 5, 0, 7)}"
"(24, 6, 3, 7, 0)",2,"{(24, 3, 6, 7)}","{('?', 5, 0, 7)}"
"(24, 6, 6, 10, 0)",4,"{(24, 10, 6)}","{(3, 5, '?', '?')}"
"(24, 6, 6, 15, 0)",1,"{(24, 6, 15)}","{(3, 5, 4, '?')}"
"(24, 6, 6, 16, 0)",1,"{(24, 16, 6)}","{(3, 5, '?', 7)}"
"(24, 6, 6, 18, 0)",2,"{(24, 18, 6)}","{(3, 5, '?', 7)}"
"(24, 6, 6, 20, 0)",1,"{(24, 20, 6)}","{(3, 5, '?', 1)}"
"(24, 6, 6, 21, 0)",2,"{(24, 21, 6)}","{(3, 5, '?', '?')}"
"(24, 6, 6, 25, 0)",3,"{(24, 25, 6)}","{(3, 5, '?', '?')}"
"(24, 6, 6, 3, 0)",2,"{(24, 3, 6)}","{(3, 5, 0, '?')}"
"(24, 6, 6, 6, 0)",2,"{(24, 6)}","{(3, 5, '?', 7)}"
"(24, 6, 6, 7, 0)",1,"{(24, 6, 7)}","{(3, 5, '?', 7)}"
"(24, 6, 6, 8, 0)",1,"{(24, 8, 6)}","{(3, 5, 6, 7)}"
"(24, 6, 7, 13, 0)",1,"{(24, 13, 6, 7)}","{(3, 5, 3, 7)}"
"(24, 6, 7, 16, 0)",1,"{(24, 16, 6, 7)}","{(3, 5, '?', 7)}"
"(24, 6, 7, 24, 0)",1,"{(24, 6, 7)}","{(7, 5, '?', 7)}"
"(24, 6, 7, 6, 0)",2,"{(24, 6, 7)}","{(3, 5, '?', 7)}"
"(24, 6, 7, 8, 0)",3,"{(24, 8, 6, 7)}","{('?', 5, '?', 7)}"
"(24, 9, 15, 15, 0)",1,"{(24, 9, 15)}","{(4, 5, 4, '?')}"
"(24, 9, 15, 17, 0)",1,"{(24, 9, 17, 15)}","{(4, 5, 4, 5)}"
"(24, 9, 17, 24, 0)",1,"{(24, 9, 17)}","{(4, 5, 0, '?')}"
"(24, 9, 21, 24, 0)",1,"{(24, 9, 21)}","{(4, 5, 2, '?')}"
"(24, 9, 24, 15, 0)",3,"{(24, 9, 15)}","{(4, 5, '?', '?')}"
"(24, 9, 24, 21, 0)",1,"{(24, 9, 21)}","{(4, 5, 2, '?')}"
"(24, 9, 24, 3, 0)",1,"{(24, 9, 3)}","{(4, 5, 0, '?')}"
"(24, 9, 25, 24, 0)",1,"{(24, 9, 25)}","{(4, 5, 2, 5)}"
"(24, 9, 27, 20, 0)",3,"{(24, 9, 27, 20)}","{(4, 5, '?', '?')}"
"(24, 9, 27, 21, 0)",1,"{(24, 9, 27, 21)}","{(4, 5, 6, '?')}"
"(24, 9, 27, 24, 0)",2,"{(24, 9, 27)}","{(4, 5, '?', '?')}"
"(24, 9, 27, 27, 0)",1,"{(24, 9, 27)}","{(4, 5, '?', '?')}"
"(24, 9, 3, 17, 0)",1,"{(24, 9, 3, 17)}","{(4, 5, 0, 1)}"
"(24, 9, 3, 20, 0)",1,"{(24, 9, 3, 20)}","{(4, 5, 0, 5)}"
"(24, 9, 8, 24, 0)",2,"{(24, 9, 8)}","{(4, 5, '?', 7)}"
"(24, 9, 8, 9, 0)",1,"{(24, 9, 8)}","{(4, 5, 6, 7)}"
"(24, 9, 9, 20, 0)",1,"{(24, 9, 20)}","{(4, 5, 0, 1)}"
"(24, 9, 9, 21, 0)",2,"{(24, 9, 21)}","{(4, 5, '?', '?')}"
"(24, 9, 9, 23, 0)",1,"{(24, 9, 23)}","{(4, 5, 0, 5)}"
"(27, 1, 23, 12, 0)",1,"{(1, 27, 12, 23)}","{(4, '?', 3, 1)}"
"(27, 1, 23, 27, 0)",1,"{(1, 27, 23)}","{(4, '?', 5, 1)}"
"(27, 1, 27, 20, 0)",1,"{(1, 27, 20)}","{(4, '?', 3, 1)}"
"(27, 1, 4, 20, 0)",3,"{(1, 27, 4, 20)}","{(4, '?', '?', 1)}"
"(27, 1, 4, 27, 0)",2,"{(1, 27, 4)}","{(4, '?', '?', '?')}"
"(27, 10, 12, 16, 0)",1,"{(16, 10, 27, 12)}","{(3, 1, 5, 0)}"
"(27, 10, 16, 10, 0)",2,"{(16, 10, 27)}","{(3, '?', '?', '?')}"
"(27, 10, 16, 15, 0)",1,"{(16, 10, 27, 15)}","{(3, '?', 7, 0)}"
"(27, 10, 16, 16, 0)",4,"{(16, 10, 27)}","{(3, '?', '?', '?')}"
"(27, 10, 16, 27, 0)",1,"{(16, 10, 27)}","{(3, '?', 5, 0)}"
"(27, 10, 16, 6, 0)",1,"{(16, 10, 27, 6)}","{(3, 5, 5, 0)}"
"(27, 10, 16, 7, 0)",1,"{(16, 10, 27, 7)}","{(3, '?', 3, 0)}"
"(27, 10, 24, 16, 0)",1,"{(24, 16, 10, 27)}","{(3, 5, 7, 2)}"
"(27, 10, 24, 27, 0)",9,"{(24, 10, 27)}","{('?', 5, '?', '?')}"
"(27, 10, 27, 13, 0)",1,"{(10, 27, 13)}","{(3, '?', 5, 2)}"
"(27, 10, 27, 15, 0)",1,"{(10, 27, 15)}","{(5, 6, 7, 2)}"
"(27, 10, 27, 16, 0)",3,"{(16, 10, 27)}","{(3, '?', '?', '?')}"
"(27, 10, 27, 20, 0)",2,"{(10, 27, 20)}","{(7, '?', '?', 0)}"
"(27, 10, 27, 27, 0)",9,"{(10, 27)}","{('?', '?', '?', '?')}"
"(27, 10, 6, 16, 0)",6,"{(16, 10, 27, 6)}","{(3, 5, '?', '?')}"
"(27, 10, 6, 27, 0)",1,"{(10, 27, 6)}","{(3, 5, 5, 2)}"
"(27, 12, 12, 20, 0)",4,"{(27, 12, 20)}","{('?', 1, '?', '?')}"
"(27, 12, 12, 27, 0)",3,"{(27, 12)}","{('?', 1, '?', '?')}"
"(27, 12, 18, 13, 0)",1,"{(18, 27, 12, 13)}","{(6, 1, 3, 7)}"
"(27, 12, 18, 22, 0)",2,"{(18, 27, 12, 22)}","{(2, 1, '?', 7)}"
"(27, 12, 20, 20, 0)",1,"{(27, 12, 20)}","{('?', 1, 3, 5)}"
"(27, 12, 22, 12, 0)",4,"{(27, 12, 22)}","{(2, 1, '?', '?')}"
"(27, 12, 22, 15, 0)",1,"{(27, 12, 22, 15)}","{(2, 1, 7, '?')}"
"(27, 12, 22, 17, 0)",2,"{(17, 27, 12, 22)}","{(2, 1, '?', 5)}"
"(27, 12, 22, 18, 0)",2,"{(18, 27, 12, 22)}","{(2, 1, '?', 7)}"
"(27, 12, 22, 20, 0)",4,"{(27, 12, 20, 22)}","{(2, 1, '?', '?')}"
"(27, 12, 22, 23, 0)",1,"{(27, 12, 22, 23)}","{(0, 1, 3, 5)}"
"(27, 12, 22, 7, 0)",2,"{(27, 12, 22, 7)}","{(2, 1, '?', 7)}"
"(27, 12, 27, 10, 0)",5,"{(10, 27, 12)}","{(6, 1, '?', '?')}"
"(27, 12, 27, 12, 0)",2,"{(27, 12)}","{('?', 1, '?', '?')}"
"(27, 12, 27, 13, 0)",1,"{(27, 12, 13)}","{(6, 1, 7, '?')}"
"(27, 12, 27, 14, 0)",1,"{(27, 12, 14)}","{(6, 1, 7, '?')}"
"(27, 12, 27, 16, 0)",2,"{(16, 27, 12)}","{(6, 1, '?', '?')}"
"(27, 12, 27, 18, 0)",1,"{(18, 27, 12)}","{('?', 1, 7, 7)}"
"(27, 12, 27, 20, 0)",6,"{(27, 12, 20)}","{('?', 1, '?', '?')}"
"(27, 12, 27, 27, 0)",2,"{(27, 12)}","{('?', 1, '?', '?')}"
"(27, 12, 27, 7, 0)",1,"{(27, 12, 7)}","{('?', 1, 7, 7)}"
"(27, 12, 7, 12, 0)",3,"{(27, 12, 7)}","{('?', 1, '?', 7)}"
"(27, 12, 7, 13, 0)",1,"{(27, 12, 13, 7)}","{(6, 1, 3, 7)}"
"(27, 12, 7, 15, 0)",2,"{(27, 12, 15, 7)}","{('?', 1, '?', 7)}"
"(27, 12, 7, 16, 0)",1,"{(16, 27, 12, 7)}","{(6, 1, 3, 7)}"
"(27, 12, 7, 27, 0)",3,"{(27, 12, 7)}","{('?', 1, '?', 7)}"
"(27, 13, 12, 13, 0)",1,"{(27, 12, 13)}","{(3, '?', 3, '?')}"
"(27, 13, 12, 16, 0)",2,"{(16, 27, 12, 13)}","{(3, '?', '?', '?')}"
"(27, 13, 12, 20, 0)",10,"{(20, 27, 12, 13)}","{('?', '?', '?', '?')}"
"(27, 13, 12, 27, 0)",1,"{(27, 12, 13)}","{(7, '?', 7, '?')}"
"(27, 13, 12, 7, 0)",2,"{(27, 12, 13, 7)}","{('?', '?', '?', 7)}"
"(27, 13, 13, 16, 0)",1,"{(16, 27, 13)}","{(3, '?', 3, '?')}"
"(27, 13, 14, 10, 0)",2,"{(10, 27, 13, 14)}","{(3, '?', '?', '?')}"
"(27, 13, 14, 16, 0)",2,"{(16, 27, 13, 14)}","{(3, '?', '?', '?')}"
"(27, 13, 16, 10, 0)",5,"{(16, 10, 27, 13)}","{(3, '?', '?', '?')}"
"(27, 13, 16, 13, 0)",4,"{(16, 27, 13)}","{(3, '?', '?', '?')}"
"(27, 13, 16, 14, 0)",1,"{(16, 27, 13, 14)}","{(3, '?', 5, '?')}"
"(27, 13, 16, 15, 0)",1,"{(16, 27, 13, 15)}","{(3, '?', 3, '?')}"
"(27, 13, 16, 16, 0)",1,"{(16, 27, 13)}","{(3, '?', 5, '?')}"
"(27, 13, 24, 20, 0)",1,"{(24, 27, 20, 13)}","{(7, 5, 5, 5)}"
"(27, 13, 24, 27, 0)",5,"{(24, 27, 13)}","{('?', 5, '?', '?')}"
"(27, 13, 27, 12, 0)",1,"{(27, 12, 13)}","{(7, '?', 3, '?')}"
"(27, 13, 27, 13, 0)",1,"{(27, 13)}","{(3, '?', 5, '?')}"
"(27, 13, 27, 15, 0)",2,"{(27, 13, 15)}","{(5, '?', '?', '?')}"
"(27, 13, 27, 16, 0)",1,"{(16, 27, 13)}","{(3, '?', 5, '?')}"
"(27, 13, 27, 20, 0)",9,"{(27, 20, 13)}","{('?', '?', '?', '?')}"
"(27, 13, 27, 27, 0)",5,"{(27, 13)}","{('?', '?', '?', '?')}"
"(27, 13, 7, 12, 0)",3,"{(27, 12, 13, 7)}","{('?', '?', '?', 7)}"
"(27, 13, 7, 13, 0)",1,"{(27, 13, 7)}","{(3, '?', 7, 7)}"
"(27, 13, 7, 14, 0)",2,"{(27, 13, 14, 7)}","{(3, '?', '?', 7)}"
"(27, 13, 7, 16, 0)",1,"{(16, 27, 13, 7)}","{(3, '?', 7, 7)}"
"(27, 13, 7, 18, 0)",2,"{(18, 27, 13, 7)}","{('?', '?', 3, 7)}"
"(27, 13, 7, 27, 0)",4,"{(27, 13, 7)}","{('?', '?', '?', 7)}"
"(27, 14, 10, 16, 0)",4,"{(16, 10, 27, 14)}","{(3, 1, '?', '?')}"
"(27, 14, 10, 27, 0)",2,"{(10, 27, 14)}","{(3, 1, '?', 0)}"
"(27, 14, 12, 20, 0)",6,"{(27, 12, 20, 14)}","{('?', 1, '?', '?')}"
"(27, 14, 12, 27, 0)",3,"{(27, 12, 14)}","{('?', 1, '?', '?')}"
"(27, 14, 12, 7, 0)",3,"{(27, 12, 14, 7)}","{('?', 1, '?', 7)}"
"(27, 14, 15, 12, 0)",2,"{(27, 12, 14, 15)}","{('?', 1, '?', '?')}"
"(27, 14, 15, 27, 0)",1,"{(27, 14, 15)}","{(7, 1, 3, '?')}"
"(27, 14, 16, 10, 0)",6,"{(16, 10, 27, 14)}","{(3, 1, '?', '?')}"
"(27, 14, 16, 13, 0)",1,"{(16, 27, 13, 14)}","{(3, 1, 5, '?')}"
"(27, 14, 16, 14, 0)",5,"{(16, 27, 14)}","{(3, 1, '?', '?')}"
"(27, 14, 16, 16, 0)",1,"{(16, 27, 14)}","{(3, 1, 3, '?')}"
"(27, 14, 16, 20, 0)",1,"{(16, 27, 20, 14)}","{(3, 1, 3, 1)}"
"(27, 14, 16, 7, 0)",3,"{(16, 27, 14, 7)}","{(3, 1, '?', 7)}"
"(27, 14, 18, 27, 0)",1,"{(18, 27, 14)}","{(7, 1, 3, 7)}"
"(27, 14, 20, 16, 0)",4,"{(16, 27, 20, 14)}","{(3, 1, '?', '?')}"
"(27, 14, 20, 24, 0)",1,"{(24, 27, 20, 14)}","{(5, 1, 5, 0)}"
"(27, 14, 20, 27, 0)",10,"{(27, 20, 14)}","{('?', 1, '?', '?')}"
"(27, 14, 27, 12, 0)",5,"{(27, 12, 14)}","{('?', 1, '?', '?')}"
"(27, 14, 27, 18, 0)",3,"{(18, 27, 14)}","{('?', 1, '?', 7)}"
"(27, 14, 27, 20, 0)",6,"{(27, 20, 14)}","{('?', 1, '?', '?')}"
"(27, 14, 27, 27, 0)",6,"{(27, 14)}","{('?', 1, '?', '?')}"
"(27, 14, 27, 7, 0)",5,"{(27, 14, 7)}","{('?', 1, '?', 7)}"
"(27, 14, 7, 13, 0)",2,"{(27, 13, 14, 7)}","{(3, 1, '?', 7)}"
"(27, 14, 7, 27, 0)",1,"{(27, 14, 7)}","{(5, 1, 7, 7)}"
"(27, 14, 7, 6, 0)",3,"{(27, 6, 14, 7)}","{(3, 1, '?', 7)}"
"(27, 14, 7, 7, 0)",1,"{(27, 14, 7)}","{(7, 1, 7, 7)}"
"(27, 15, 12, 10, 0)",2,"{(10, 27, 12, 15)}","{(6, '?', '?', 5)}"
"(27, 15, 12, 16, 0)",2,"{(16, 27, 12, 15)}","{(6, '?', '?', '?')}"
"(27, 15, 12, 20, 0)",4,"{(27, 12, 20, 15)}","{('?', '?', '?', '?')}"
"(27, 15, 12, 27, 0)",1,"{(27, 12, 15)}","{('?', '?', 7, '?')}"
"(27, 15, 20, 10, 0)",1,"{(10, 27, 20, 15)}","{(6, '?', 3, 1)}"
"(27, 15, 20, 12, 0)",1,"{(27, 20, 12, 15)}","{('?', '?', 7, 1)}"
"(27, 15, 20, 14, 0)",2,"{(27, 20, 14, 15)}","{(6, '?', '?', 5)}"
"(27, 15, 22, 4, 0)",1,"{(27, 4, 22, 15)}","{(0, '?', 7, '?')}"
"(27, 15, 23, 12, 0)",1,"{(27, 23, 12, 15)}","{(4, '?', 3, 1)}"
"(27, 15, 27, 12, 0)",3,"{(27, 12, 15)}","{('?', '?', '?', '?')}"
"(27, 15, 27, 14, 0)",2,"{(27, 14, 15)}","{(6, '?', '?', '?')}"
"(27, 15, 27, 16, 0)",1,"{(16, 27, 15)}","{(6, '?', 7, '?')}"
"(27, 15, 27, 20, 0)",3,"{(27, 20, 15)}","{('?', '?', '?', '?')}"
"(27, 15, 27, 27, 0)",1,"{(27, 15)}","{('?', '?', 5, '?')}"
"(27, 15, 4, 20, 0)",3,"{(27, 4, 20, 15)}","{(4, '?', '?', 5)}"
"(27, 15, 4, 27, 0)",4,"{(27, 4, 15)}","{(4, '?', '?', '?')}"
"(27, 15, 7, 12, 0)",1,"{(27, 7, 12, 15)}","{('?', '?', 5, 7)}"
"(27, 15, 7, 14, 0)",1,"{(27, 7, 14, 15)}","{(6, '?', 5, 7)}"
"(27, 15, 7, 16, 0)",1,"{(16, 27, 7, 15)}","{(6, '?', 5, 7)}"
"(27, 16, 12, 20, 0)",2,"{(16, 27, 12, 20)}","{(7, '?', '?', 5)}"
"(27, 16, 12, 7, 0)",3,"{(16, 27, 12, 7)}","{('?', '?', '?', 7)}"
"(27, 16, 13, 10, 0)",1,"{(16, 10, 27, 13)}","{(3, '?', 3, 5)}"
"(27, 16, 13, 27, 0)",1,"{(16, 27, 13)}","{(3, '?', 5, '?')}"
"(27, 16, 14, 10, 0)",1,"{(16, 10, 27, 14)}","{(3, '?', 5, 5)}"
"(27, 16, 15, 16, 0)",1,"{(16, 27, 15)}","{(3, '?', 3, '?')}"
"(27, 16, 16, 10, 0)",3,"{(16, 10, 27)}","{(3, '?', '?', '?')}"
"(27, 16, 24, 20, 0)",8,"{(16, 24, 27, 20)}","{('?', 5, '?', '?')}"
"(27, 16, 24, 27, 0)",4,"{(16, 24, 27)}","{('?', 5, '?', '?')}"
"(27, 16, 24, 7, 0)",2,"{(16, 24, 27, 7)}","{(5, 5, '?', 7)}"
"(27, 16, 27, 27, 0)",1,"{(16, 27)}","{(5, '?', 3, '?')}"
"(27, 16, 7, 13, 0)",2,"{(16, 27, 13, 7)}","{(3, '?', '?', 7)}"
"(27, 16, 7, 14, 0)",1,"{(16, 27, 14, 7)}","{(3, '?', 7, 7)}"
"(27, 16, 7, 15, 0)",1,"{(16, 27, 15, 7)}","{(5, '?', 3, 7)}"
"(27, 16, 7, 18, 0)",1,"{(16, 18, 27, 7)}","{(5, '?', 3, 7)}"
"(27, 18, 12, 16, 0)",3,"{(16, 18, 27, 12)}","{(6, '?', '?', 7)}"
"(27, 18, 22, 18, 0)",2,"{(18, 27, 22)}","{(0, '?', 3, 7)}"
"(27, 18, 22, 24, 0)",4,"{(24, 18, 27, 22)}","{('?', 5, '?', 7)}"
"(27, 18, 22, 27, 0)",1,"{(18, 27, 22)}","{(2, '?', 7, 7)}"
"(27, 18, 22, 4, 0)",1,"{(18, 27, 4, 22)}","{(0, '?', 3, 7)}"
"(27, 18, 22, 9, 0)",2,"{(9, 18, 27, 22)}","{('?', 5, '?', 7)}"
"(27, 18, 24, 18, 0)",4,"{(24, 18, 27)}","{('?', 5, '?', 7)}"
"(27, 18, 24, 19, 0)",1,"{(24, 19, 18, 27)}","{(2, 5, 3, 7)}"
"(27, 18, 24, 22, 0)",3,"{(24, 18, 27, 22)}","{('?', 5, '?', 7)}"
"(27, 18, 24, 6, 0)",1,"{(24, 18, 27, 6)}","{(6, 5, 3, 7)}"
"(27, 18, 27, 14, 0)",2,"{(18, 27, 14)}","{(6, '?', '?', 7)}"
"(27, 18, 27, 16, 0)",2,"{(16, 18, 27)}","{(6, '?', '?', 7)}"
"(27, 18, 27, 7, 0)",1,"{(18, 27, 7)}","{('?', '?', 5, 7)}"
"(27, 18, 4, 19, 0)",1,"{(19, 18, 27, 4)}","{(1, '?', 7, 7)}"
"(27, 18, 4, 22, 0)",7,"{(18, 27, 4, 22)}","{('?', '?', '?', '?')}"
"(27, 18, 4, 27, 0)",2,"{(18, 27, 4)}","{(4, '?', '?', 7)}"
"(27, 18, 4, 7, 0)",1,"{(18, 27, 4, 7)}","{(4, '?', 3, 7)}"
"(27, 18, 7, 14, 0)",2,"{(18, 27, 14, 7)}","{(6, '?', '?', 7)}"
"(27, 18, 7, 16, 0)",1,"{(16, 18, 27, 7)}","{(6, '?', 7, 7)}"
"(27, 18, 9, 19, 0)",6,"{(19, 9, 18, 27)}","{('?', 5, '?', '?')}"
"(27, 18, 9, 22, 0)",4,"{(9, 18, 27, 22)}","{(1, 5, '?', '?')}"
"(27, 18, 9, 27, 0)",1,"{(9, 18, 27)}","{(4, 5, 3, 7)}"
"(27, 18, 9, 3, 0)",1,"{(3, 9, 18, 27)}","{(4, 5, 3, 7)}"
"(27, 18, 9, 7, 0)",1,"{(9, 18, 27, 7)}","{(4, 5, 7, 7)}"
"(27, 19, 12, 20, 0)",2,"{(19, 27, 12, 20)}","{(2, '?', '?', '?')}"
"(27, 19, 12, 27, 0)",1,"{(19, 27, 12)}","{(2, '?', 3, '?')}"
"(27, 19, 22, 24, 0)",1,"{(19, 24, 27, 22)}","{(0, 5, 3, '?')}"
"(27, 19, 24, 20, 0)",4,"{(19, 24, 27, 20)}","{('?', 5, '?', '?')}"
"(27, 19, 24, 27, 0)",2,"{(19, 24, 27)}","{('?', 5, '?', '?')}"
"(27, 19, 27, 12, 0)",1,"{(19, 27, 12)}","{(2, '?', 7, '?')}"
"(27, 19, 27, 27, 0)",1,"{(19, 27)}","{(0, '?', 3, '?')}"
"(27, 19, 4, 16, 0)",2,"{(19, 16, 27, 4)}","{('?', '?', '?', '?')}"
"(27, 19, 4, 20, 0)",8,"{(19, 27, 4, 20)}","{('?', '?', '?', '?')}"
"(27, 19, 4, 22, 0)",1,"{(19, 27, 4, 22)}","{(0, '?', 5, '?')}"
"(27, 19, 4, 27, 0)",5,"{(19, 27, 4)}","{('?', '?', '?', '?')}"
"(27, 19, 9, 15, 0)",1,"{(19, 9, 27, 15)}","{(0, 5, 5, '?')}"
"(27, 19, 9, 17, 0)",1,"{(19, 9, 27, 17)}","{(0, 5, 5, 5)}"
"(27, 19, 9, 19, 0)",1,"{(19, 9, 27)}","{(0, 5, 7, '?')}"
"(27, 19, 9, 20, 0)",8,"{(19, 9, 27, 20)}","{('?', 5, '?', '?')}"
"(27, 19, 9, 22, 0)",1,"{(19, 9, 27, 22)}","{(0, 5, 7, '?')}"
"(27, 19, 9, 23, 0)",5,"{(19, 9, 27, 23)}","{('?', 5, '?', '?')}"
"(27, 19, 9, 24, 0)",1,"{(19, 9, 27, 24)}","{(0, 5, 7, '?')}"
"(27, 19, 9, 27, 0)",2,"{(19, 9, 27)}","{(0, 5, '?', '?')}"
"(27, 20, 12, 16, 0)",6,"{(16, 27, 20, 12)}","{(6, '?', '?', '?')}"
"(27, 20, 12, 20, 0)",1,"{(27, 20, 12)}","{('?', 1, 3, 0)}"
"(27, 20, 12, 22, 0)",5,"{(27, 20, 12, 22)}","{(2, 1, '?', '?')}"
"(27, 20, 12, 27, 0)",5,"{(27, 20, 12)}","{('?', 1, '?', '?')}"
"(27, 20, 22, 12, 0)",4,"{(27, 20, 12, 22)}","{(2, '?', '?', '?')}"
"(27, 20, 22, 15, 0)",5,"{(27, 20, 22, 15)}","{('?', '?', '?', '?')}"
"(27, 20, 22, 20, 0)",2,"{(27, 20, 22)}","{(2, '?', 3, '?')}"
"(27, 20, 22, 24, 0)",8,"{(24, 27, 20, 22)}","{('?', 5, '?', '?')}"
"(27, 20, 22, 27, 0)",7,"{(27, 20, 22)}","{('?', '?', '?', '?')}"
"(27, 20, 22, 4, 0)",2,"{(27, 20, 4, 22)}","{(0, '?', 3, '?')}"
"(27, 20, 22, 9, 0)",1,"{(9, 27, 20, 22)}","{(0, 5, 7, 2)}"
"(27, 20, 24, 16, 0)",5,"{(24, 16, 27, 20)}","{(6, 5, '?', '?')}"
"(27, 20, 24, 22, 0)",1,"{(24, 27, 20, 22)}","{(0, 5, 5, 2)}"
"(27, 20, 24, 24, 0)",4,"{(24, 27, 20)}","{('?', 5, '?', '?')}"
"(27, 20, 24, 27, 0)",6,"{(24, 27, 20)}","{('?', 5, '?', '?')}"
"(27, 20, 24, 3, 0)",1,"{(24, 3, 27, 20)}","{('?', 5, 5, 0)}"
"(27, 20, 24, 6, 0)",5,"{(24, 27, 20, 6)}","{(6, 5, '?', '?')}"
"(27, 20, 27, 10, 0)",1,"{(10, 27, 20)}","{(6, '?', 3, 2)}"
"(27, 20, 27, 13, 0)",3,"{(27, 20, 13)}","{(6, '?', '?', 2)}"
"(27, 20, 27, 14, 0)",2,"{(27, 20, 14)}","{(6, '?', '?', '?')}"
"(27, 20, 27, 16, 0)",6,"{(16, 27, 20)}","{(6, '?', '?', '?')}"
"(27, 20, 27, 20, 0)",2,"{(27, 20)}","{('?', '?', '?', '?')}"
"(27, 20, 27, 27, 0)",4,"{(27, 20)}","{('?', '?', '?', '?')}"
"(27, 22, 12, 20, 0)",5,"{(27, 12, 20, 22)}","{(2, '?', '?', '?')}"
"(27, 22, 12, 27, 0)",1,"{(27, 12, 22)}","{(2, '?', 7, '?')}"
"(27, 22, 15, 12, 0)",2,"{(27, 12, 22, 15)}","{(2, '?', '?', '?')}"
"(27, 22, 15, 20, 0)",4,"{(27, 20, 22, 15)}","{(2, '?', '?', '?')}"
"(27, 22, 15, 27, 0)",2,"{(27, 22, 15)}","{(2, '?', '?', '?')}"
"(27, 22, 18, 24, 0)",3,"{(24, 18, 27, 22)}","{('?', 5, '?', 7)}"
"(27, 22, 18, 27, 0)",1,"{(18, 27, 22)}","{(2, '?', 7, 7)}"
"(27, 22, 24, 18, 0)",1,"{(24, 18, 27, 22)}","{(2, 5, 5, 7)}"
"(27, 22, 24, 20, 0)",8,"{(24, 27, 20, 22)}","{('?', '?', '?', '?')}"
"(27, 22, 24, 24, 0)",1,"{(24, 27, 22)}","{(2, 5, 5, '?')}"
"(27, 22, 24, 27, 0)",2,"{(24, 27, 22)}","{(2, 5, '?', '?')}"
"(27, 22, 27, 27, 0)",1,"{(27, 22)}","{(2, '?', 3, '?')}"
"(27, 22, 3, 20, 0)",1,"{(3, 27, 20, 22)}","{(0, 5, 3, 5)}"
"(27, 22, 4, 20, 0)",7,"{(27, 4, 20, 22)}","{('?', '?', '?', '?')}"
"(27, 22, 4, 27, 0)",4,"{(27, 4, 22)}","{('?', '?', '?', '?')}"
"(27, 22, 4, 7, 0)",3,"{(27, 4, 22, 7)}","{('?', '?', '?', '?')}"
"(27, 22, 7, 12, 0)",1,"{(27, 12, 22, 7)}","{(2, '?', 7, 7)}"
"(27, 22, 9, 20, 0)",6,"{(9, 27, 20, 22)}","{('?', 5, '?', '?')}"
"(27, 22, 9, 23, 0)",2,"{(9, 27, 22, 23)}","{(1, 5, '?', '?')}"
"(27, 23, 12, 22, 0)",9,"{(27, 12, 22, 23)}","{('?', 1, '?', '?')}"
"(27, 23, 12, 27, 0)",7,"{(27, 12, 23)}","{('?', 1, '?', '?')}"
"(27, 23, 22, 15, 0)",3,"{(27, 15, 22, 23)}","{('?', '?', '?', 0)}"
"(27, 23, 22, 24, 0)",7,"{(24, 27, 22, 23)}","{('?', '?', '?', '?')}"
"(27, 23, 22, 27, 0)",10,"{(27, 22, 23)}","{('?', '?', '?', '?')}"
"(27, 23, 22, 4, 0)",9,"{(27, 4, 22, 23)}","{('?', '?', '?', '?')}"
"(27, 23, 24, 27, 0)",5,"{(24, 27, 23)}","{(4, 5, '?', '?')}"
"(27, 23, 27, 15, 0)",3,"{(27, 15, 23)}","{(4, '?', '?', '?')}"
"(27, 23, 27, 24, 0)",5,"{(24, 27, 23)}","{(4, 5, '?', '?')}"
"(27, 23, 27, 27, 0)",6,"{(27, 23)}","{(4, '?', '?', '?')}"
"(27, 24, 15, 12, 0)",1,"{(24, 27, 12, 15)}","{('?', 5, 3, '?')}"
"(27, 24, 18, 12, 0)",1,"{(24, 18, 27, 12)}","{('?', 5, 3, 7)}"
"(27, 24, 18, 22, 0)",1,"{(24, 18, 27, 22)}","{(2, 5, 5, 7)}"
"(27, 24, 18, 24, 0)",2,"{(24, 18, 27)}","{('?', 5, '?', 7)}"
"(27, 24, 19, 17, 0)",1,"{(24, 19, 27, 17)}","{(0, 5, 3, 5)}"
"(27, 24, 19, 20, 0)",5,"{(24, 19, 27, 20)}","{('?', 5, '?', '?')}"
"(27, 24, 19, 24, 0)",2,"{(24, 19, 27)}","{(0, 5, '?', '?')}"
"(27, 24, 19, 9, 0)",1,"{(24, 19, 27, 9)}","{(1, 5, 3, '?')}"
"(27, 24, 20, 10, 0)",3,"{(24, 10, 27, 20)}","{(6, 5, '?', '?')}"
"(27, 24, 20, 12, 0)",2,"{(24, 27, 20, 12)}","{('?', 5, '?', '?')}"
"(27, 24, 20, 16, 0)",1,"{(24, 16, 27, 20)}","{(6, 5, 7, 1)}"
"(27, 24, 20, 20, 0)",2,"{(24, 27, 20)}","{('?', 5, '?', '?')}"
"(27, 24, 20, 22, 0)",1,"{(24, 27, 20, 22)}","{(0, 5, 5, 1)}"
"(27, 24, 20, 24, 0)",5,"{(24, 27, 20)}","{('?', 5, '?', '?')}"
"(27, 24, 20, 3, 0)",3,"{(24, 3, 27, 20)}","{('?', 5, '?', 1)}"
"(27, 24, 22, 15, 0)",1,"{(24, 27, 22, 15)}","{(0, 5, 3, '?')}"
"(27, 24, 22, 17, 0)",1,"{(24, 17, 27, 22)}","{(2, 5, 3, 1)}"
"(27, 24, 22, 20, 0)",3,"{(24, 27, 20, 22)}","{('?', 5, '?', '?')}"
"(27, 24, 22, 24, 0)",3,"{(24, 27, 22)}","{('?', 5, '?', '?')}"
"(27, 24, 22, 3, 0)",1,"{(24, 3, 27, 22)}","{(0, 5, 3, '?')}"
"(27, 24, 22, 9, 0)",2,"{(24, 9, 27, 22)}","{(0, 5, '?', '?')}"
"(27, 24, 24, 15, 0)",1,"{(24, 27, 15)}","{('?', 5, 3, 4)}"
"(27, 24, 24, 20, 0)",3,"{(24, 27, 20)}","{('?', 5, '?', '?')}"
"(27, 24, 24, 27, 0)",1,"{(24, 27)}","{('?', 5, 3, '?')}"
"(27, 24, 27, 10, 0)",3,"{(24, 10, 27)}","{(6, 5, '?', '?')}"
"(27, 24, 27, 12, 0)",1,"{(24, 27, 12)}","{('?', 5, 3, '?')}"
"(27, 24, 27, 20, 0)",1,"{(24, 27, 20)}","{('?', 5, 5, 5)}"
"(27, 24, 27, 24, 0)",1,"{(24, 27)}","{('?', 5, 3, '?')}"
"(27, 24, 3, 10, 0)",2,"{(24, 3, 10, 27)}","{(6, 5, 7, '?')}"
"(27, 24, 3, 20, 0)",2,"{(24, 3, 27, 20)}","{('?', 5, 5, '?')}"
"(27, 24, 7, 12, 0)",1,"{(24, 27, 12, 7)}","{('?', 5, 7, 7)}"
"(27, 24, 7, 24, 0)",2,"{(24, 27, 7)}","{('?', 5, '?', 7)}"
"(27, 24, 7, 6, 0)",3,"{(24, 27, 6, 7)}","{(6, 5, '?', 7)}"
"(27, 27, 12, 10, 0)",3,"{(10, 27, 12)}","{(6, '?', '?', '?')}"
"(27, 27, 12, 20, 0)",6,"{(27, 12, 20)}","{('?', '?', '?', '?')}"
"(27, 27, 12, 27, 0)",1,"{(27, 12)}","{('?', '?', 7, '?')}"
"(27, 27, 15, 10, 0)",2,"{(10, 27, 15)}","{(6, '?', '?', '?')}"
"(27, 27, 15, 16, 0)",1,"{(16, 27, 15)}","{(6, '?', 5, '?')}"
"(27, 27, 15, 20, 0)",1,"{(27, 20, 15)}","{('?', '?', 3, 5)}"
"(27, 27, 20, 10, 0)",2,"{(10, 27, 20)}","{(6, '?', '?', 1)}"
"(27, 27, 23, 12, 0)",1,"{(27, 12, 23)}","{(4, '?', 3, 5)}"
"(27, 27, 23, 27, 0)",1,"{(27, 23)}","{(4, '?', 3, 5)}"
"(27, 27, 27, 10, 0)",3,"{(10, 27)}","{('?', '?', '?', '?')}"
"(27, 27, 27, 12, 0)",1,"{(27, 12)}","{('?', '?', 3, '?')}"
"(27, 27, 27, 14, 0)",2,"{(27, 14)}","{(6, '?', '?', '?')}"
"(27, 27, 27, 20, 0)",4,"{(27, 20)}","{('?', '?', '?', '?')}"
"(27, 27, 27, 23, 0)",1,"{(27, 23)}","{(4, '?', 5, 5)}"
"(27, 27, 27, 27, 0)",3,"{(27,)}","{('?', '?', '?', '?')}"
"(27, 27, 4, 20, 0)",8,"{(27, 4, 20)}","{(4, '?', '?', '?')}"
"(27, 27, 4, 23, 0)",1,"{(27, 4, 23)}","{(4, '?', 5, 5)}"
"(27, 27, 4, 27, 0)",3,"{(27, 4)}","{(4, '?', '?', '?')}"
"(27, 27, 4, 7, 0)",2,"{(27, 4, 7)}","{(4, '?', '?', 7)}"
"(27, 27, 7, 12, 0)",1,"{(27, 12, 7)}","{('?', '?', 3, 7)}"
"(27, 27, 7, 13, 0)",1,"{(27, 13, 7)}","{(6, '?', 5, 7)}"
"(27, 27, 7, 14, 0)",3,"{(27, 14, 7)}","{(6, '?', '?', 7)}"
"(27, 27, 7, 15, 0)",2,"{(27, 15, 7)}","{('?', '?', '?', 7)}"
"(27, 27, 7, 16, 0)",1,"{(16, 27, 7)}","{(6, '?', 5, 7)}"
"(27, 27, 7, 27, 0)",2,"{(27, 7)}","{('?', '?', '?', 7)}"
"(27, 4, 12, 20, 0)",1,"{(20, 27, 4, 12)}","{(4, 1, 5, 5)}"
"(27, 4, 12, 27, 0)",1,"{(27, 4, 12)}","{(4, 1, 3, '?')}"
"(27, 4, 15, 12, 0)",1,"{(27, 4, 12, 15)}","{(4, 1, 3, '?')}"
"(27, 4, 18, 12, 0)",2,"{(18, 27, 4, 12)}","{(4, 1, '?', 7)}"
"(27, 4, 18, 19, 0)",3,"{(19, 18, 27, 4)}","{('?', 1, '?', 7)}"
"(27, 4, 18, 22, 0)",5,"{(18, 27, 4, 22)}","{('?', 1, '?', '?')}"
"(27, 4, 18, 4, 0)",1,"{(18, 27, 4)}","{(4, 1, 5, 7)}"
"(27, 4, 19, 15, 0)",1,"{(19, 27, 4, 15)}","{(1, 1, 5, '?')}"
"(27, 4, 19, 19, 0)",4,"{(19, 27, 4)}","{('?', 1, '?', '?')}"
"(27, 4, 19, 20, 0)",5,"{(19, 27, 4, 20)}","{('?', 1, '?', '?')}"
"(27, 4, 19, 23, 0)",8,"{(19, 27, 4, 23)}","{('?', 1, '?', '?')}"
"(27, 4, 19, 4, 0)",4,"{(19, 27, 4)}","{('?', 1, '?', '?')}"
"(27, 4, 20, 1, 0)",4,"{(1, 27, 4, 20)}","{(4, 1, '?', '?')}"
"(27, 4, 20, 12, 0)",3,"{(12, 27, 4, 20)}","{(4, '?', '?', '?')}"
"(27, 4, 20, 20, 0)",2,"{(27, 4, 20)}","{(4, 1, '?', 5)}"
"(27, 4, 20, 27, 0)",3,"{(27, 4, 20)}","{(4, 1, '?', '?')}"
"(27, 4, 22, 18, 0)",4,"{(18, 27, 4, 22)}","{('?', 1, '?', 7)}"
"(27, 4, 22, 20, 0)",1,"{(27, 4, 20, 22)}","{(1, 1, 5, 1)}"
"(27, 4, 22, 23, 0)",8,"{(27, 4, 22, 23)}","{('?', 1, '?', '?')}"
"(27, 4, 22, 4, 0)",6,"{(27, 4, 22)}","{('?', 1, '?', '?')}"
"(27, 4, 22, 9, 0)",2,"{(9, 27, 4, 22)}","{('?', 1, '?', '?')}"
"(27, 4, 27, 12, 0)",4,"{(27, 4, 12)}","{(4, 1, '?', '?')}"
"(27, 4, 27, 17, 0)",1,"{(17, 27, 4)}","{(4, 1, 5, 5)}"
"(27, 4, 27, 20, 0)",4,"{(27, 4, 20)}","{(4, 1, '?', '?')}"
"(27, 4, 7, 12, 0)",2,"{(27, 4, 12, 7)}","{(4, 1, '?', 7)}"
"(27, 4, 7, 18, 0)",2,"{(18, 27, 4, 7)}","{(4, 1, '?', 7)}"
"(27, 6, 16, 10, 0)",4,"{(16, 10, 27, 6)}","{(3, 5, '?', '?')}"
"(27, 6, 16, 13, 0)",2,"{(16, 27, 13, 6)}","{(3, 5, '?', '?')}"
"(27, 6, 16, 16, 0)",1,"{(16, 27, 6)}","{(3, 5, 3, '?')}"
"(27, 6, 16, 6, 0)",3,"{(16, 27, 6)}","{(3, 5, '?', '?')}"
"(27, 6, 16, 7, 0)",1,"{(16, 27, 6, 7)}","{(3, 5, 5, 7)}"
"(27, 6, 24, 20, 0)",11,"{(24, 27, 20, 6)}","{('?', 5, '?', '?')}"
"(27, 6, 24, 27, 0)",5,"{(24, 27, 6)}","{('?', 5, '?', '?')}"
"(27, 6, 24, 7, 0)",6,"{(24, 27, 6, 7)}","{('?', 5, '?', 7)}"
"(27, 6, 6, 16, 0)",3,"{(16, 27, 6)}","{(3, 5, '?', '?')}"
"(27, 6, 6, 7, 0)",3,"{(27, 6, 7)}","{(3, 5, '?', 7)}"
"(27, 6, 7, 16, 0)",2,"{(16, 27, 6, 7)}","{(3, 5, '?', 7)}"
"(27, 6, 7, 24, 0)",3,"{(24, 27, 6, 7)}","{('?', 5, '?', 7)}"
"(27, 6, 7, 6, 0)",2,"{(27, 6, 7)}","{(3, 5, '?', 7)}"
"(27, 6, 7, 7, 0)",1,"{(27, 6, 7)}","{(5, 5, 5, 7)}"
"(27, 7, 27, 14, 0)",1,"{(27, 14, 7)}","{(6, '?', 7, 7)}"
"(27, 7, 27, 16, 0)",1,"{(16, 27, 7)}","{(6, '?', 7, 7)}"
"(27, 7, 7, 6, 0)",1,"{(27, 6, 7)}","{(6, 5, 7, 7)}"
"(27, 9, 1, 20, 0)",2,"{(9, 27, 20, 1)}","{(4, 5, 7, '?')}"
"(27, 9, 18, 12, 0)",1,"{(9, 18, 27, 12)}","{(4, 5, 3, 7)}"
"(27, 9, 18, 19, 0)",1,"{(19, 9, 18, 27)}","{(0, 5, 7, 7)}"
"(27, 9, 18, 22, 0)",6,"{(9, 18, 27, 22)}","{(1, 5, '?', '?')}"
"(27, 9, 19, 20, 0)",1,"{(19, 9, 27, 20)}","{(1, 5, 7, 5)}"
"(27, 9, 19, 23, 0)",6,"{(19, 9, 27, 23)}","{(1, 5, '?', '?')}"
"(27, 9, 19, 3, 0)",1,"{(19, 9, 27, 3)}","{(1, 5, 5, '?')}"
"(27, 9, 19, 9, 0)",2,"{(19, 9, 27)}","{('?', 5, '?', '?')}"
"(27, 9, 22, 23, 0)",5,"{(9, 27, 22, 23)}","{(1, 5, '?', '?')}"
"(27, 9, 22, 4, 0)",1,"{(9, 27, 4, 22)}","{(0, 5, 7, '?')}"
"(27, 9, 22, 9, 0)",3,"{(9, 27, 22)}","{('?', 5, '?', '?')}"
"(27, 9, 24, 20, 0)",4,"{(24, 9, 27, 20)}","{(4, 5, '?', '?')}"
"(27, 9, 24, 27, 0)",1,"{(24, 9, 27)}","{(4, 5, 7, '?')}"
"(27, 9, 27, 20, 0)",4,"{(9, 27, 20)}","{(4, 5, '?', '?')}"
"(27, 9, 27, 24, 0)",1,"{(24, 9, 27)}","{(4, 5, 7, '?')}"
"(27, 9, 27, 27, 0)",1,"{(9, 27)}","{(4, 5, 7, '?')}"
"(27, 9, 7, 12, 0)",2,"{(9, 27, 12, 7)}","{(4, 5, '?', 7)}"
"(27, 9, 7, 24, 0)",1,"{(24, 9, 27, 7)}","{(4, 5, 7, 7)}"
"(27, 9, 9, 20, 0)",5,"{(9, 27, 20)}","{(4, 5, '?', '?')}"
"(3, 10, 12, 15, 0)",2,"{(10, 3, 12, 15)}","{('?', 0, 0, '?')}"
"(3, 10, 12, 17, 0)",1,"{(17, 10, 3, 12)}","{(5, 0, 0, 2)}"
"(3, 13, 3, 17, 0)",1,"{(17, 3, 13)}","{(7, 0, 0, 1)}"
"(3, 14, 12, 17, 0)",1,"{(17, 3, 12, 14)}","{(5, 0, 0, 1)}"
"(3, 20, 12, 13, 0)",1,"{(13, 3, 20, 12)}","{(6, 0, 0, 0)}"
"(4, 15, 1, 25, 0)",1,"{(1, 4, 25, 15)}","{(4, 3, 6, 5)}"
"(4, 15, 12, 20, 0)",3,"{(20, 4, 12, 15)}","{(4, '?', '?', '?')}"
"(4, 15, 12, 21, 0)",4,"{(21, 4, 12, 15)}","{(4, '?', '?', '?')}"
"(4, 15, 12, 25, 0)",3,"{(25, 4, 12, 15)}","{(4, '?', 2, '?')}"
"(4, 15, 12, 27, 0)",2,"{(27, 4, 12, 15)}","{(4, '?', '?', '?')}"
"(4, 15, 15, 12, 0)",4,"{(4, 12, 15)}","{(4, '?', '?', '?')}"
"(4, 15, 15, 15, 0)",3,"{(4, 15)}","{(4, '?', '?', '?')}"
"(4, 15, 15, 17, 0)",8,"{(17, 4, 15)}","{(4, '?', '?', '?')}"
"(4, 15, 17, 12, 0)",7,"{(17, 4, 12, 15)}","{(4, '?', '?', '?')}"
"(4, 15, 17, 17, 0)",1,"{(17, 4, 15)}","{(4, 7, 1, 1)}"
"(4, 15, 18, 12, 0)",2,"{(18, 4, 12, 15)}","{(4, '?', '?', 7)}"
"(4, 15, 18, 15, 0)",1,"{(18, 4, 15)}","{(4, 7, 4, 7)}"
"(4, 15, 19, 12, 0)",3,"{(19, 4, 12, 15)}","{('?', '?', '?', '?')}"
"(4, 15, 19, 17, 0)",1,"{(17, 19, 4, 15)}","{(1, 3, 4, 1)}"
"(4, 15, 19, 19, 0)",1,"{(19, 4, 15)}","{(1, 7, 1, '?')}"
"(4, 15, 19, 20, 0)",1,"{(19, 4, 20, 15)}","{(1, 3, 1, 1)}"
"(4, 15, 19, 23, 0)",9,"{(19, 4, 23, 15)}","{('?', '?', '?', '?')}"
"(4, 15, 19, 3, 0)",1,"{(3, 19, 4, 15)}","{(1, 7, 0, '?')}"
"(4, 15, 19, 4, 0)",5,"{(19, 4, 15)}","{('?', '?', '?', '?')}"
"(4, 15, 20, 12, 0)",2,"{(12, 4, 20, 15)}","{(4, '?', '?', 1)}"
"(4, 15, 21, 12, 0)",3,"{(12, 4, 21, 15)}","{(4, '?', '?', '?')}"
"(4, 15, 21, 15, 0)",2,"{(4, 21, 15)}","{(4, '?', 6, '?')}"
"(4, 15, 21, 4, 0)",1,"{(4, 21, 15)}","{(4, 3, 6, '?')}"
"(4, 15, 22, 4, 0)",3,"{(4, 22, 15)}","{('?', '?', '?', '?')}"
"(4, 15, 25, 1, 0)",6,"{(25, 4, 1, 15)}","{(4, '?', '?', '?')}"
"(4, 15, 25, 12, 0)",7,"{(25, 4, 12, 15)}","{(4, '?', '?', '?')}"
"(4, 15, 27, 12, 0)",3,"{(27, 4, 12, 15)}","{(4, '?', '?', '?')}"
"(4, 15, 27, 20, 0)",3,"{(27, 4, 20, 15)}","{(4, '?', '?', '?')}"
"(4, 15, 27, 21, 0)",4,"{(27, 4, 21, 15)}","{(4, '?', '?', '?')}"
"(4, 15, 27, 25, 0)",2,"{(25, 27, 4, 15)}","{(4, '?', 2, 5)}"
"(4, 15, 3, 12, 0)",1,"{(3, 4, 12, 15)}","{(4, 7, 0, '?')}"
"(4, 15, 3, 15, 0)",2,"{(3, 4, 15)}","{(4, 7, 0, '?')}"
"(4, 15, 3, 17, 0)",5,"{(17, 3, 4, 15)}","{(4, '?', 0, '?')}"
"(4, 15, 3, 19, 0)",2,"{(19, 3, 4, 15)}","{('?', 7, 0, '?')}"
"(4, 15, 3, 23, 0)",2,"{(3, 4, 23, 15)}","{('?', '?', 0, '?')}"
"(4, 15, 3, 27, 0)",1,"{(27, 3, 4, 15)}","{(4, 7, 0, '?')}"
"(4, 15, 3, 7, 0)",1,"{(3, 4, 7, 15)}","{(4, 3, 0, 7)}"
"(4, 15, 7, 1, 0)",1,"{(1, 4, 7, 15)}","{(4, 3, '?', 7)}"
"(4, 15, 7, 12, 0)",2,"{(12, 4, 7, 15)}","{(4, '?', '?', 7)}"
"(4, 15, 7, 8, 0)",3,"{(8, 4, 7, 15)}","{(4, '?', '?', 7)}"
"(4, 15, 8, 12, 0)",3,"{(8, 4, 12, 15)}","{(4, '?', '?', 7)}"
"(4, 15, 8, 18, 0)",2,"{(8, 18, 4, 15)}","{(4, '?', '?', 7)}"
"(4, 15, 8, 8, 0)",1,"{(8, 4, 15)}","{(4, 3, 6, 7)}"
"(4, 17, 15, 12, 0)",1,"{(17, 4, 12, 15)}","{(4, 7, 4, 0)}"
"(4, 17, 15, 15, 0)",5,"{(17, 4, 15)}","{(4, '?', '?', '?')}"
"(4, 17, 17, 15, 0)",1,"{(17, 4, 15)}","{(4, 3, 4, 0)}"
"(4, 17, 4, 15, 0)",3,"{(17, 4, 15)}","{(4, 3, '?', '?')}"
"(4, 18, 12, 7, 0)",1,"{(18, 4, 12, 7)}","{(4, 7, '?', 7)}"
"(4, 18, 15, 15, 0)",2,"{(18, 4, 15)}","{(4, '?', 1, 7)}"
"(4, 18, 15, 18, 0)",3,"{(18, 4, 15)}","{(4, '?', '?', 7)}"
"(4, 18, 19, 13, 0)",2,"{(18, 19, 4, 13)}","{(0, 7, '?', 7)}"
"(4, 18, 19, 15, 0)",4,"{(18, 19, 4, 15)}","{('?', '?', '?', 7)}"
"(4, 18, 19, 18, 0)",4,"{(18, 19, 4)}","{('?', '?', '?', 7)}"
"(4, 18, 19, 19, 0)",4,"{(18, 19, 4)}","{('?', '?', '?', 7)}"
"(4, 18, 19, 4, 0)",5,"{(18, 19, 4)}","{('?', '?', '?', 7)}"
"(4, 18, 19, 9, 0)",1,"{(9, 18, 19, 4)}","{(1, 7, 1, 7)}"
"(4, 18, 22, 21, 0)",3,"{(18, 4, 21, 22)}","{('?', 7, '?', 7)}"
"(4, 18, 22, 4, 0)",3,"{(18, 4, 22)}","{('?', '?', '?', 7)}"
"(4, 18, 22, 8, 0)",9,"{(8, 18, 4, 22)}","{('?', '?', '?', '?')}"
"(4, 18, 22, 9, 0)",1,"{(9, 18, 4, 22)}","{(1, 3, '?', 7)}"
"(4, 18, 3, 18, 0)",1,"{(18, 3, 4)}","{(4, 3, 0, 7)}"
"(4, 18, 3, 19, 0)",4,"{(19, 18, 3, 4)}","{('?', '?', 0, '?')}"
"(4, 18, 3, 7, 0)",1,"{(18, 3, 4, 7)}","{(4, 3, 0, 7)}"
"(4, 19, 12, 16, 0)",1,"{(16, 19, 4, 12)}","{(1, 7, '?', '?')}"
"(4, 19, 12, 17, 0)",1,"{(17, 19, 4, 12)}","{(0, 7, 4, 5)}"
"(4, 19, 12, 8, 0)",1,"{(8, 19, 4, 12)}","{(1, 7, 6, 7)}"
"(4, 19, 15, 17, 0)",1,"{(17, 19, 4, 15)}","{(1, 7, 4, 1)}"
"(4, 19, 19, 17, 0)",5,"{(17, 19, 4)}","{('?', 7, '?', '?')}"
"(4, 19, 19, 20, 0)",1,"{(19, 4, 20)}","{(1, 3, '?', 5)}"
"(4, 19, 19, 23, 0)",6,"{(19, 4, 23)}","{('?', '?', '?', '?')}"
"(4, 19, 19, 4, 0)",4,"{(19, 4)}","{('?', '?', '?', '?')}"
"(4, 19, 22, 4, 0)",2,"{(19, 4, 22)}","{('?', '?', '?', '?')}"
"(4, 19, 22, 8, 0)",1,"{(8, 19, 4, 22)}","{(0, 3, 6, 7)}"
"(4, 19, 3, 12, 0)",1,"{(3, 19, 4, 12)}","{(0, 7, 0, '?')}"
"(4, 19, 3, 17, 0)",3,"{(3, 17, 19, 4)}","{(1, '?', 0, '?')}"
"(4, 19, 3, 19, 0)",1,"{(3, 19, 4)}","{(1, 7, 0, '?')}"
"(4, 19, 3, 23, 0)",3,"{(3, 19, 4, 23)}","{(1, '?', 0, '?')}"
"(4, 19, 3, 3, 0)",2,"{(3, 19, 4)}","{('?', 7, 0, '?')}"
"(4, 19, 3, 4, 0)",1,"{(3, 19, 4)}","{(1, 7, 0, '?')}"
"(4, 19, 4, 15, 0)",1,"{(19, 4, 15)}","{(1, 7, 1, '?')}"
"(4, 19, 4, 17, 0)",7,"{(17, 19, 4)}","{('?', '?', '?', '?')}"
"(4, 19, 4, 20, 0)",6,"{(19, 4, 20)}","{('?', '?', '?', '?')}"
"(4, 19, 4, 21, 0)",5,"{(19, 4, 21)}","{('?', '?', '?', '?')}"
"(4, 19, 4, 25, 0)",10,"{(25, 19, 4)}","{('?', '?', '?', '?')}"
"(4, 19, 4, 27, 0)",2,"{(27, 19, 4)}","{('?', '?', '?', '?')}"
"(4, 19, 4, 8, 0)",8,"{(8, 19, 4)}","{('?', '?', '?', '?')}"
"(4, 19, 7, 8, 0)",2,"{(8, 19, 4, 7)}","{('?', '?', '?', 7)}"
"(4, 19, 8, 18, 0)",2,"{(8, 18, 19, 4)}","{('?', 3, 2, '?')}"
"(4, 19, 8, 9, 0)",1,"{(8, 9, 19, 4)}","{(1, 3, 6, 7)}"
"(4, 20, 12, 21, 0)",5,"{(12, 21, 4, 20)}","{(4, '?', '?', '?')}"
"(4, 20, 12, 25, 0)",7,"{(25, 12, 4, 20)}","{(4, '?', '?', '?')}"
"(4, 20, 12, 27, 0)",4,"{(12, 27, 4, 20)}","{(4, '?', '?', '?')}"
"(4, 20, 15, 12, 0)",1,"{(12, 4, 20, 15)}","{(4, 3, 4, 2)}"
"(4, 20, 15, 15, 0)",6,"{(4, 20, 15)}","{(4, '?', '?', '?')}"
"(4, 20, 15, 25, 0)",2,"{(25, 4, 20, 15)}","{(4, '?', 6, 0)}"
"(4, 20, 15, 27, 0)",2,"{(27, 4, 20, 15)}","{(4, 7, '?', '?')}"
"(4, 20, 15, 4, 0)",1,"{(4, 20, 15)}","{(4, 3, 4, 0)}"
"(4, 20, 17, 15, 0)",3,"{(17, 4, 20, 15)}","{(4, '?', 4, '?')}"
"(4, 20, 19, 1, 0)",1,"{(1, 19, 4, 20)}","{(1, 7, 1, 2)}"
"(4, 20, 19, 19, 0)",2,"{(19, 4, 20)}","{(0, 7, '?', 2)}"
"(4, 20, 19, 21, 0)",3,"{(21, 19, 4, 20)}","{(1, '?', '?', 2)}"
"(4, 20, 19, 27, 0)",2,"{(27, 19, 4, 20)}","{('?', '?', '?', '?')}"
"(4, 20, 19, 9, 0)",1,"{(9, 19, 4, 20)}","{(0, 7, 1, 2)}"
"(4, 20, 22, 27, 0)",9,"{(27, 4, 20, 22)}","{('?', '?', '?', '?')}"
"(4, 20, 22, 4, 0)",1,"{(4, 20, 22)}","{(0, 3, 5, 0)}"
"(4, 20, 22, 9, 0)",9,"{(9, 4, 20, 22)}","{('?', '?', '?', '?')}"
"(4, 20, 25, 27, 0)",1,"{(25, 27, 4, 20)}","{(4, 7, 6, 0)}"
"(4, 20, 27, 12, 0)",11,"{(12, 27, 4, 20)}","{(4, '?', '?', '?')}"
"(4, 20, 3, 15, 0)",3,"{(3, 4, 20, 15)}","{(4, '?', 0, '?')}"
"(4, 20, 3, 27, 0)",1,"{(27, 3, 4, 20)}","{(4, 3, 0, 2)}"
"(4, 20, 3, 4, 0)",1,"{(3, 4, 20)}","{(4, 3, 0, 2)}"
"(4, 20, 3, 9, 0)",2,"{(9, 3, 4, 20)}","{(4, 7, 0, '?')}"
"(4, 22, 18, 27, 0)",2,"{(18, 27, 4, 22)}","{(0, '?', 7, 7)}"
"(4, 22, 18, 4, 0)",6,"{(18, 4, 22)}","{('?', '?', '?', 7)}"
"(4, 22, 18, 7, 0)",1,"{(18, 4, 22, 7)}","{(0, 3, 7, 7)}"
"(4, 22, 18, 9, 0)",3,"{(9, 18, 4, 22)}","{('?', '?', '?', 7)}"
"(4, 22, 22, 4, 0)",1,"{(4, 22)}","{(1, 7, 5, '?')}"
"(4, 22, 27, 27, 0)",1,"{(27, 4, 22)}","{(1, 7, 5, '?')}"
"(4, 22, 4, 20, 0)",17,"{(4, 20, 22)}","{('?', '?', '?', '?')}"
"(4, 22, 4, 23, 0)",2,"{(4, 22, 23)}","{('?', '?', 7, 1)}"
"(4, 22, 4, 27, 0)",9,"{(27, 4, 22)}","{('?', '?', '?', '?')}"
"(4, 22, 4, 7, 0)",9,"{(4, 22, 7)}","{('?', '?', '?', '?')}"
"(4, 22, 7, 12, 0)",1,"{(4, 12, 22, 7)}","{(0, 0, 7, 7)}"
"(4, 22, 7, 4, 0)",1,"{(4, 22, 7)}","{(0, 3, 5, 7)}"
"(4, 23, 12, 25, 0)",1,"{(25, 4, 12, 23)}","{(4, 7, 2, 0)}"
"(4, 23, 15, 15, 0)",1,"{(4, 15, 23)}","{(4, 3, 4, 0)}"
"(4, 23, 19, 15, 0)",8,"{(19, 4, 15, 23)}","{('?', '?', '?', '?')}"
"(4, 23, 19, 21, 0)",11,"{(19, 4, 21, 23)}","{('?', '?', '?', '?')}"
"(4, 23, 19, 25, 0)",1,"{(25, 19, 4, 23)}","{(0, 3, 6, 2)}"
"(4, 23, 19, 27, 0)",4,"{(27, 19, 4, 23)}","{('?', '?', '?', '?')}"
"(4, 23, 19, 3, 0)",3,"{(3, 19, 4, 23)}","{('?', '?', 0, '?')}"
"(4, 23, 19, 9, 0)",1,"{(9, 19, 4, 23)}","{(0, 7, 1, 2)}"
"(4, 23, 22, 12, 0)",1,"{(4, 12, 22, 23)}","{(0, 3, 7, 0)}"
"(4, 23, 22, 15, 0)",1,"{(4, 15, 22, 23)}","{(0, 7, 7, 0)}"
"(4, 23, 22, 27, 0)",13,"{(27, 4, 22, 23)}","{('?', '?', '?', '?')}"
"(4, 23, 22, 9, 0)",2,"{(9, 4, 22, 23)}","{('?', '?', '?', '?')}"
"(4, 23, 3, 15, 0)",1,"{(3, 4, 15, 23)}","{(1, 3, 0, 2)}"
"(4, 23, 3, 19, 0)",1,"{(19, 3, 4, 23)}","{(1, 3, 0, 0)}"
"(4, 27, 12, 12, 0)",1,"{(27, 4, 12)}","{(4, 7, 7, 7)}"
"(4, 27, 12, 20, 0)",9,"{(20, 27, 4, 12)}","{(4, '?', '?', '?')}"
"(4, 27, 12, 27, 0)",6,"{(27, 4, 12)}","{(4, '?', '?', '?')}"
"(4, 27, 12, 7, 0)",4,"{(27, 4, 12, 7)}","{(4, '?', '?', 7)}"
"(4, 27, 18, 12, 0)",1,"{(18, 27, 4, 12)}","{(4, 7, 5, 7)}"
"(4, 27, 27, 20, 0)",1,"{(27, 4, 20)}","{(4, 7, 3, '?')}"
"(4, 27, 27, 27, 0)",1,"{(27, 4)}","{(4, 3, 3, '?')}"
"(4, 27, 7, 12, 0)",5,"{(27, 4, 12, 7)}","{(4, '?', '?', 7)}"
"(4, 27, 7, 27, 0)",1,"{(27, 4, 7)}","{(4, 3, 3, 7)}"
"(5, 1, 12, 13, 0)",2,"{(1, 13, 12, 5)}","{(6, 0, '?', 6)}"
"(5, 1, 12, 14, 0)",2,"{(1, 12, 5, 14)}","{(6, 0, '?', 6)}"
"(5, 1, 14, 21, 0)",1,"{(1, 21, 5, 14)}","{(6, 0, 6, 6)}"
"(5, 1, 15, 12, 0)",2,"{(1, 12, 5, 15)}","{('?', 0, '?', '?')}"
"(5, 1, 15, 13, 0)",4,"{(1, 13, 5, 15)}","{(6, '?', '?', '?')}"
"(5, 1, 15, 14, 0)",2,"{(1, 5, 14, 15)}","{(6, 0, '?', '?')}"
"(5, 1, 15, 15, 0)",7,"{(1, 5, 15)}","{('?', '?', '?', '?')}"
"(5, 1, 15, 16, 0)",1,"{(16, 1, 5, 15)}","{(6, 6, '?', 6)}"
"(5, 1, 15, 19, 0)",1,"{(1, 19, 5, 15)}","{(2, 6, 4, 6)}"
"(5, 1, 15, 4, 0)",1,"{(1, 4, 5, 15)}","{(4, 0, 1, 3)}"
"(5, 1, 15, 9, 0)",3,"{(1, 5, 9, 15)}","{(4, 6, '?', '?')}"
"(5, 1, 16, 16, 0)",1,"{(16, 1, 5)}","{(3, 6, 7, 3)}"
"(5, 1, 17, 12, 0)",2,"{(1, 12, 5, 17)}","{('?', 0, '?', '?')}"
"(5, 1, 17, 13, 0)",1,"{(1, 13, 5, 17)}","{(6, 6, 1, 4)}"
"(5, 1, 17, 14, 0)",1,"{(1, 5, 17, 14)}","{(6, 0, 4, 4)}"
"(5, 1, 17, 15, 0)",2,"{(1, 5, 17, 15)}","{('?', 6, '?', 4)}"
"(5, 1, 17, 4, 0)",3,"{(1, 4, 5, 17)}","{(4, 0, '?', 4)}"
"(5, 1, 19, 12, 0)",2,"{(1, 19, 12, 5)}","{(2, 0, '?', 6)}"
"(5, 1, 19, 15, 0)",6,"{(1, 19, 5, 15)}","{('?', '?', '?', '?')}"
"(5, 1, 19, 17, 0)",1,"{(1, 19, 5, 17)}","{(2, 6, 4, 4)}"
"(5, 1, 19, 19, 0)",1,"{(1, 19, 5)}","{(0, 0, 4, 3)}"
"(5, 1, 19, 3, 0)",4,"{(3, 1, 19, 5)}","{('?', 6, 0, '?')}"
"(5, 1, 19, 4, 0)",1,"{(1, 19, 4, 5)}","{(0, 0, 1, 6)}"
"(5, 1, 19, 9, 0)",10,"{(1, 19, 5, 9)}","{('?', '?', '?', '?')}"
"(5, 1, 20, 10, 0)",1,"{(1, 10, 20, 5)}","{(6, 6, '?', 4)}"
"(5, 1, 20, 12, 0)",1,"{(1, 12, 20, 5)}","{('?', 0, '?', 4)}"
"(5, 1, 20, 15, 0)",1,"{(1, 20, 5, 15)}","{('?', 6, 1, 4)}"
"(5, 1, 20, 16, 0)",1,"{(16, 1, 20, 5)}","{(6, 6, '?', 4)}"
"(5, 1, 20, 22, 0)",2,"{(1, 20, 5, 22)}","{(2, '?', '?', 4)}"
"(5, 1, 21, 12, 0)",1,"{(1, 21, 12, 5)}","{('?', 0, 2, 3)}"
"(5, 1, 21, 13, 0)",3,"{(1, 21, 13, 5)}","{(6, 6, '?', '?')}"
"(5, 1, 21, 14, 0)",1,"{(1, 21, 5, 14)}","{(6, 0, 6, 3)}"
"(5, 1, 21, 15, 0)",5,"{(1, 21, 5, 15)}","{('?', '?', '?', '?')}"
"(5, 1, 21, 19, 0)",3,"{(1, 21, 19, 5)}","{('?', 6, '?', '?')}"
"(5, 1, 21, 22, 0)",3,"{(1, 21, 5, 22)}","{('?', 6, '?', '?')}"
"(5, 1, 21, 9, 0)",3,"{(1, 21, 5, 9)}","{(4, 6, '?', '?')}"
"(5, 1, 22, 12, 0)",1,"{(1, 12, 5, 22)}","{(2, 0, '?', 6)}"
"(5, 1, 22, 14, 0)",1,"{(1, 5, 22, 14)}","{(2, 0, 6, 6)}"
"(5, 1, 22, 15, 0)",4,"{(1, 5, 22, 15)}","{('?', '?', '?', '?')}"
"(5, 1, 22, 20, 0)",1,"{(1, 20, 5, 22)}","{(2, 6, '?', 4)}"
"(5, 1, 22, 21, 0)",2,"{(1, 21, 5, 22)}","{(0, 6, '?', 6)}"
"(5, 1, 22, 22, 0)",1,"{(1, 5, 22)}","{(2, 0, '?', 3)}"
"(5, 1, 22, 23, 0)",2,"{(1, 5, 22, 23)}","{('?', 6, '?', 4)}"
"(5, 1, 22, 24, 0)",1,"{(24, 1, 5, 22)}","{(2, 6, '?', 3)}"
"(5, 1, 22, 25, 0)",5,"{(1, 5, 22, 25)}","{('?', 6, '?', 4)}"
"(5, 1, 22, 27, 0)",3,"{(1, 27, 5, 22)}","{(2, '?', '?', '?')}"
"(5, 1, 22, 4, 0)",5,"{(1, 4, 5, 22)}","{('?', 0, '?', '?')}"
"(5, 1, 22, 8, 0)",10,"{(8, 1, 5, 22)}","{('?', '?', '?', '?')}"
"(5, 1, 22, 9, 0)",7,"{(1, 5, 22, 9)}","{('?', '?', '?', '?')}"
"(5, 1, 23, 12, 0)",2,"{(1, 12, 5, 23)}","{(4, 0, 4, '?')}"
"(5, 1, 23, 15, 0)",4,"{(1, 15, 5, 23)}","{(4, '?', '?', '?')}"
"(5, 1, 23, 17, 0)",2,"{(1, 5, 17, 23)}","{(4, 0, '?', 4)}"
"(5, 1, 23, 19, 0)",6,"{(1, 19, 5, 23)}","{('?', '?', '?', '?')}"
"(5, 1, 23, 21, 0)",4,"{(1, 21, 5, 23)}","{('?', '?', '?', '?')}"
"(5, 1, 23, 22, 0)",7,"{(1, 5, 22, 23)}","{('?', '?', '?', '?')}"
"(5, 1, 23, 27, 0)",2,"{(1, 27, 5, 23)}","{(4, '?', '?', '?')}"
"(5, 1, 23, 3, 0)",4,"{(1, 3, 5, 23)}","{('?', '?', 0, '?')}"
"(5, 1, 25, 10, 0)",2,"{(1, 10, 5, 25)}","{(6, 6, '?', 4)}"
"(5, 1, 25, 13, 0)",2,"{(1, 13, 5, 25)}","{(6, 6, '?', 4)}"
"(5, 1, 25, 14, 0)",2,"{(1, 5, 25, 14)}","{(6, 0, '?', 6)}"
"(5, 1, 25, 15, 0)",2,"{(1, 5, 25, 15)}","{('?', 6, '?', 4)}"
"(5, 1, 25, 16, 0)",2,"{(16, 1, 5, 25)}","{(6, 6, '?', 4)}"
"(5, 1, 25, 19, 0)",2,"{(1, 19, 5, 25)}","{(2, 6, '?', 4)}"
"(5, 1, 25, 22, 0)",2,"{(1, 5, 25, 22)}","{(2, 6, '?', 4)}"
"(5, 1, 25, 23, 0)",1,"{(1, 5, 25, 23)}","{(4, 6, 6, 4)}"
"(5, 1, 25, 27, 0)",2,"{(1, 27, 5, 25)}","{('?', 6, '?', 4)}"
"(5, 1, 25, 6, 0)",1,"{(1, 5, 25, 6)}","{(6, 6, 6, 4)}"
"(5, 1, 25, 9, 0)",1,"{(1, 5, 25, 9)}","{(4, 6, 6, 4)}"
"(5, 1, 27, 10, 0)",1,"{(1, 10, 27, 5)}","{(6, 6, '?', 4)}"
"(5, 1, 27, 12, 0)",1,"{(1, 27, 12, 5)}","{('?', 0, '?', 3)}"
"(5, 1, 27, 13, 0)",2,"{(1, 13, 27, 5)}","{(6, 6, '?', '?')}"
"(5, 1, 27, 14, 0)",1,"{(1, 27, 5, 14)}","{(6, 0, '?', 3)}"
"(5, 1, 27, 15, 0)",2,"{(1, 27, 5, 15)}","{('?', 6, '?', '?')}"
"(5, 1, 27, 16, 0)",2,"{(16, 1, 27, 5)}","{(6, 6, '?', '?')}"
"(5, 1, 27, 22, 0)",1,"{(1, 27, 5, 22)}","{(2, 6, '?', 3)}"
"(5, 1, 27, 27, 0)",3,"{(1, 27, 5)}","{('?', '?', '?', '?')}"
"(5, 1, 27, 4, 0)",2,"{(1, 27, 4, 5)}","{(4, 0, '?', 3)}"
"(5, 1, 27, 9, 0)",2,"{(1, 27, 5, 9)}","{(4, 6, '?', '?')}"
"(5, 1, 3, 13, 0)",2,"{(1, 13, 3, 5)}","{(6, 6, 0, '?')}"
"(5, 1, 3, 15, 0)",1,"{(1, 3, 5, 15)}","{('?', 6, 0, 3)}"
"(5, 1, 3, 17, 0)",2,"{(1, 3, 5, 17)}","{('?', 6, 0, 4)}"
"(5, 1, 3, 19, 0)",4,"{(19, 1, 3, 5)}","{('?', 6, 0, '?')}"
"(5, 1, 3, 20, 0)",1,"{(1, 3, 20, 5)}","{(2, 6, 0, 4)}"
"(5, 1, 3, 23, 0)",1,"{(1, 3, 5, 23)}","{(4, 6, 0, 4)}"
"(5, 1, 3, 4, 0)",1,"{(1, 3, 4, 5)}","{(4, 0, 0, 6)}"
"(5, 1, 3, 9, 0)",2,"{(1, 3, 5, 9)}","{(4, 6, 0, '?')}"
"(5, 1, 4, 12, 0)",1,"{(1, 12, 4, 5)}","{(4, 0, 4, 6)}"
"(5, 1, 4, 15, 0)",2,"{(1, 4, 5, 15)}","{(4, 0, '?', '?')}"
"(5, 1, 4, 21, 0)",2,"{(1, 21, 4, 5)}","{(4, 0, '?', 6)}"
"(5, 1, 4, 27, 0)",3,"{(1, 27, 4, 5)}","{(4, 0, '?', '?')}"
"(5, 1, 4, 3, 0)",1,"{(1, 3, 4, 5)}","{(4, 0, 0, 6)}"
"(5, 1, 9, 15, 0)",4,"{(1, 5, 9, 15)}","{(4, 6, '?', '?')}"
"(5, 1, 9, 21, 0)",1,"{(1, 21, 5, 9)}","{(4, 6, 2, 6)}"
"(5, 1, 9, 3, 0)",1,"{(1, 3, 5, 9)}","{(4, 6, 0, 6)}"
"(5, 10, 1, 15, 0)",3,"{(1, 10, 5, 15)}","{('?', 6, '?', 4)}"
"(5, 10, 1, 21, 0)",1,"{(1, 10, 21, 5)}","{(5, 6, 2, 4)}"
"(5, 10, 1, 25, 0)",2,"{(1, 10, 5, 25)}","{('?', 6, 2, 4)}"
"(5, 10, 1, 27, 0)",2,"{(1, 10, 27, 5)}","{('?', 6, '?', 4)}"
"(5, 10, 10, 16, 0)",1,"{(16, 10, 5)}","{(3, 6, 6, 4)}"
"(5, 10, 10, 21, 0)",1,"{(10, 21, 5)}","{(3, 6, 6, 4)}"
"(5, 10, 12, 13, 0)",1,"{(10, 13, 12, 5)}","{(3, 0, 1, 4)}"
"(5, 10, 12, 15, 0)",8,"{(10, 12, 5, 15)}","{('?', 0, '?', '?')}"
"(5, 10, 12, 16, 0)",1,"{(16, 10, 12, 5)}","{(3, 0, '?', 6)}"
"(5, 10, 12, 21, 0)",4,"{(10, 21, 12, 5)}","{('?', 0, '?', '?')}"
"(5, 10, 12, 25, 0)",7,"{(25, 10, 12, 5)}","{('?', 0, '?', '?')}"
"(5, 10, 12, 27, 0)",4,"{(10, 27, 12, 5)}","{('?', 0, '?', '?')}"
"(5, 10, 13, 13, 0)",4,"{(10, 13, 5)}","{(3, '?', '?', '?')}"
"(5, 10, 13, 15, 0)",5,"{(10, 13, 5, 15)}","{(3, '?', '?', '?')}"
"(5, 10, 14, 15, 0)",3,"{(10, 5, 14, 15)}","{(3, 0, '?', '?')}"
"(5, 10, 14, 16, 0)",1,"{(16, 10, 5, 14)}","{(3, 0, '?', 6)}"
"(5, 10, 14, 21, 0)",3,"{(10, 21, 5, 14)}","{(3, 0, '?', '?')}"
"(5, 10, 14, 25, 0)",3,"{(25, 10, 5, 14)}","{(3, 0, '?', '?')}"
"(5, 10, 14, 27, 0)",1,"{(10, 27, 5, 14)}","{(3, 0, '?', 6)}"
"(5, 10, 14, 8, 0)",1,"{(8, 10, 5, 14)}","{(3, 0, 6, 4)}"
"(5, 10, 15, 13, 0)",1,"{(10, 13, 5, 15)}","{(3, 0, 4, 3)}"
"(5, 10, 15, 15, 0)",6,"{(10, 5, 15)}","{('?', '?', '?', '?')}"
"(5, 10, 15, 21, 0)",1,"{(10, 21, 5, 15)}","{(5, 0, 2, 3)}"
"(5, 10, 15, 25, 0)",1,"{(25, 10, 5, 15)}","{(5, 0, 2, 3)}"
"(5, 10, 15, 27, 0)",2,"{(10, 27, 5, 15)}","{('?', 0, '?', 3)}"
"(5, 10, 16, 10, 0)",1,"{(16, 10, 5)}","{(3, 6, '?', 4)}"
"(5, 10, 16, 13, 0)",3,"{(16, 10, 13, 5)}","{(3, 0, '?', 3)}"
"(5, 10, 16, 15, 0)",1,"{(16, 10, 5, 15)}","{(3, 0, '?', 3)}"
"(5, 10, 16, 16, 0)",2,"{(16, 10, 5)}","{(3, '?', '?', '?')}"
"(5, 10, 16, 21, 0)",1,"{(16, 10, 21, 5)}","{(3, 0, 2, 3)}"
"(5, 10, 16, 25, 0)",2,"{(16, 25, 10, 5)}","{(3, 0, '?', 3)}"
"(5, 10, 17, 15, 0)",1,"{(17, 10, 5, 15)}","{(5, 6, 4, 4)}"
"(5, 10, 21, 10, 0)",1,"{(10, 21, 5)}","{(3, 6, 6, 4)}"
"(5, 10, 21, 13, 0)",2,"{(13, 10, 21, 5)}","{(3, 0, '?', 3)}"
"(5, 10, 21, 15, 0)",2,"{(10, 21, 5, 15)}","{('?', 0, 6, 3)}"
"(5, 10, 24, 10, 0)",2,"{(24, 10, 5)}","{(3, 5, '?', 4)}"
"(5, 10, 24, 15, 0)",1,"{(24, 10, 5, 15)}","{(7, 5, 4, 4)}"
"(5, 10, 24, 17, 0)",2,"{(24, 17, 10, 5)}","{(5, 5, '?', 4)}"
"(5, 10, 24, 21, 0)",4,"{(24, 10, 21, 5)}","{('?', 5, '?', 4)}"
"(5, 10, 24, 24, 0)",1,"{(24, 10, 5)}","{(5, 5, 1, 4)}"
"(5, 10, 24, 25, 0)",1,"{(24, 25, 10, 5)}","{(7, 5, 2, 4)}"
"(5, 10, 24, 27, 0)",2,"{(24, 10, 27, 5)}","{('?', 5, '?', 4)}"
"(5, 10, 24, 3, 0)",1,"{(24, 10, 3, 5)}","{(7, 5, 0, 4)}"
"(5, 10, 24, 6, 0)",1,"{(24, 10, 5, 6)}","{(3, 5, 4, 4)}"
"(5, 10, 24, 7, 0)",1,"{(24, 10, 5, 7)}","{(7, 5, '?', 4)}"
"(5, 10, 25, 1, 0)",1,"{(25, 10, 5, 1)}","{(7, 6, 2, 4)}"
"(5, 10, 25, 10, 0)",2,"{(25, 10, 5)}","{(3, '?', 6, '?')}"
"(5, 10, 25, 27, 0)",1,"{(25, 10, 27, 5)}","{(7, 6, 2, 4)}"
"(5, 10, 27, 15, 0)",3,"{(10, 27, 5, 15)}","{('?', '?', '?', '?')}"
"(5, 10, 27, 20, 0)",1,"{(10, 27, 20, 5)}","{(5, 6, '?', 4)}"
"(5, 10, 27, 21, 0)",3,"{(21, 10, 27, 5)}","{('?', 0, '?', 3)}"
"(5, 10, 27, 25, 0)",1,"{(25, 10, 27, 5)}","{(5, 6, 2, 4)}"
"(5, 10, 27, 27, 0)",4,"{(10, 27, 5)}","{('?', '?', '?', '?')}"
"(5, 10, 3, 12, 0)",4,"{(10, 3, 12, 5)}","{('?', 0, 0, '?')}"
"(5, 10, 3, 14, 0)",2,"{(10, 3, 5, 14)}","{(3, 0, 0, '?')}"
"(5, 10, 3, 15, 0)",2,"{(10, 3, 5, 15)}","{('?', '?', 0, '?')}"
"(5, 10, 6, 15, 0)",2,"{(10, 5, 6, 15)}","{(3, 6, '?', 4)}"
"(5, 10, 6, 21, 0)",1,"{(10, 21, 5, 6)}","{(3, 5, 2, 4)}"
"(5, 10, 6, 27, 0)",1,"{(10, 27, 5, 6)}","{(3, 5, '?', 4)}"
"(5, 10, 6, 3, 0)",1,"{(10, 3, 5, 6)}","{(3, 5, 0, 4)}"
"(5, 11, 12, 16, 0)",2,"{(16, 11, 12, 5)}","{(6, 4, '?', '?')}"
"(5, 11, 15, 4, 0)",1,"{(11, 4, 5, 15)}","{(4, 4, '?', 3)}"
"(5, 11, 20, 12, 0)",1,"{(12, 11, 20, 5)}","{('?', 4, '?', 4)}"
"(5, 11, 20, 14, 0)",1,"{(11, 20, 5, 14)}","{(6, 4, '?', 4)}"
"(5, 11, 20, 22, 0)",2,"{(11, 20, 5, 22)}","{(2, '?', '?', 4)}"
"(5, 11, 20, 24, 0)",1,"{(24, 11, 20, 5)}","{('?', 2, '?', 4)}"
"(5, 11, 20, 6, 0)",1,"{(11, 20, 5, 6)}","{(6, 2, '?', 4)}"
"(5, 11, 21, 4, 0)",3,"{(21, 11, 4, 5)}","{(4, 4, '?', '?')}"
"(5, 11, 21, 9, 0)",2,"{(9, 21, 11, 5)}","{(4, 2, '?', '?')}"
"(5, 11, 22, 25, 0)",2,"{(25, 11, 5, 22)}","{(1, '?', 2, 4)}"
"(5, 11, 22, 4, 0)",5,"{(11, 4, 5, 22)}","{('?', 4, '?', '?')}"
"(5, 11, 22, 8, 0)",3,"{(8, 11, 5, 22)}","{('?', '?', '?', 6)}"
"(5, 11, 23, 12, 0)",1,"{(11, 12, 5, 23)}","{(4, 4, '?', 4)}"
"(5, 11, 23, 21, 0)",8,"{(21, 11, 5, 23)}","{('?', '?', '?', 4)}"
"(5, 11, 23, 22, 0)",3,"{(11, 5, 22, 23)}","{('?', '?', '?', 4)}"
"(5, 11, 23, 24, 0)",2,"{(24, 11, 5, 23)}","{('?', 2, '?', 4)}"
"(5, 11, 23, 25, 0)",4,"{(25, 11, 5, 23)}","{('?', 4, '?', 4)}"
"(5, 11, 24, 16, 0)",1,"{(24, 16, 11, 5)}","{(6, 2, '?', 6)}"
"(5, 11, 25, 12, 0)",3,"{(25, 11, 12, 5)}","{('?', 4, '?', 4)}"
"(5, 11, 25, 14, 0)",1,"{(25, 11, 5, 14)}","{(6, 4, 6, 4)}"
"(5, 11, 25, 22, 0)",2,"{(25, 11, 5, 22)}","{(2, '?', '?', 4)}"
"(5, 11, 25, 4, 0)",2,"{(25, 11, 4, 5)}","{(4, 4, '?', 4)}"
"(5, 11, 25, 9, 0)",2,"{(25, 11, 5, 9)}","{(4, 2, '?', 4)}"
"(5, 11, 27, 12, 0)",1,"{(27, 11, 12, 5)}","{('?', 4, '?', 3)}"
"(5, 11, 27, 14, 0)",1,"{(27, 11, 5, 14)}","{(6, 4, '?', 6)}"
"(5, 11, 27, 4, 0)",1,"{(27, 11, 4, 5)}","{(4, 4, '?', 3)}"
"(5, 11, 9, 21, 0)",3,"{(9, 21, 11, 5)}","{(4, 2, '?', '?')}"
"(5, 11, 9, 27, 0)",1,"{(27, 9, 11, 5)}","{(4, 2, '?', 3)}"
"(5, 12, 12, 12, 0)",2,"{(12, 5)}","{('?', '?', '?', 6)}"
"(5, 12, 12, 13, 0)",3,"{(13, 12, 5)}","{(6, '?', '?', 6)}"
"(5, 12, 12, 14, 0)",1,"{(12, 5, 14)}","{(6, 7, 1, 6)}"
"(5, 12, 12, 15, 0)",3,"{(12, 5, 15)}","{('?', '?', '?', 6)}"
"(5, 12, 12, 19, 0)",1,"{(19, 12, 5)}","{(2, 7, 4, 6)}"
"(5, 12, 12, 21, 0)",1,"{(21, 12, 5)}","{('?', 3, 6, 6)}"
"(5, 12, 12, 22, 0)",1,"{(12, 5, 22)}","{(2, 7, 4, 6)}"
"(5, 12, 12, 27, 0)",2,"{(27, 12, 5)}","{('?', '?', '?', 6)}"
"(5, 12, 15, 10, 0)",1,"{(10, 12, 5, 15)}","{(6, 7, 4, 4)}"
"(5, 12, 15, 12, 0)",5,"{(12, 5, 15)}","{('?', '?', '?', '?')}"
"(5, 12, 15, 13, 0)",4,"{(13, 12, 5, 15)}","{(6, '?', '?', '?')}"
"(5, 12, 15, 14, 0)",3,"{(12, 5, 14, 15)}","{(6, '?', '?', 6)}"
"(5, 12, 15, 15, 0)",3,"{(12, 5, 15)}","{('?', '?', '?', 3)}"
"(5, 12, 15, 17, 0)",1,"{(17, 12, 5, 15)}","{('?', 7, 1, 4)}"
"(5, 12, 15, 19, 0)",5,"{(19, 12, 5, 15)}","{('?', '?', '?', 3)}"
"(5, 12, 17, 12, 0)",3,"{(17, 12, 5)}","{('?', '?', '?', 4)}"
"(5, 12, 17, 14, 0)",4,"{(17, 12, 5, 14)}","{(6, '?', '?', 4)}"
"(5, 12, 19, 12, 0)",4,"{(19, 12, 5)}","{(2, '?', '?', 6)}"
"(5, 12, 19, 15, 0)",5,"{(19, 12, 5, 15)}","{('?', '?', '?', 3)}"
"(5, 12, 19, 17, 0)",2,"{(17, 19, 12, 5)}","{(2, '?', '?', 4)}"
"(5, 12, 19, 19, 0)",2,"{(19, 12, 5)}","{(0, '?', 4, 3)}"
"(5, 12, 19, 20, 0)",3,"{(20, 19, 12, 5)}","{(2, '?', '?', 4)}"
"(5, 12, 19, 23, 0)",1,"{(19, 12, 5, 23)}","{(0, 3, 4, 4)}"
"(5, 12, 19, 3, 0)",3,"{(3, 19, 12, 5)}","{('?', '?', 0, '?')}"
"(5, 12, 19, 4, 0)",2,"{(4, 19, 12, 5)}","{(0, 3, '?', 6)}"
"(5, 12, 19, 9, 0)",2,"{(9, 19, 12, 5)}","{(0, 3, '?', 3)}"
"(5, 12, 20, 10, 0)",1,"{(20, 10, 12, 5)}","{(6, 7, 4, 4)}"
"(5, 12, 20, 12, 0)",3,"{(20, 12, 5)}","{('?', '?', '?', 4)}"
"(5, 12, 20, 14, 0)",2,"{(20, 12, 5, 14)}","{(6, '?', '?', 4)}"
"(5, 12, 20, 16, 0)",2,"{(16, 20, 12, 5)}","{(6, '?', '?', 4)}"
"(5, 12, 20, 19, 0)",2,"{(20, 19, 12, 5)}","{(2, '?', '?', 4)}"
"(5, 12, 20, 22, 0)",2,"{(20, 12, 5, 22)}","{(2, '?', '?', 4)}"
"(5, 12, 21, 12, 0)",4,"{(21, 12, 5)}","{('?', '?', '?', 6)}"
"(5, 12, 21, 13, 0)",4,"{(21, 13, 12, 5)}","{(6, '?', '?', 3)}"
"(5, 12, 21, 14, 0)",2,"{(21, 12, 5, 14)}","{(6, '?', 6, 6)}"
"(5, 12, 21, 15, 0)",6,"{(21, 12, 5, 15)}","{('?', '?', '?', 3)}"
"(5, 12, 21, 19, 0)",1,"{(21, 19, 12, 5)}","{(2, 7, 6, 3)}"
"(5, 12, 21, 21, 0)",2,"{(21, 12, 5)}","{('?', 3, '?', 3)}"
"(5, 12, 21, 22, 0)",5,"{(21, 12, 5, 22)}","{('?', '?', '?', '?')}"
"(5, 12, 22, 12, 0)",3,"{(12, 5, 22)}","{(2, '?', '?', '?')}"
"(5, 12, 22, 14, 0)",4,"{(12, 5, 22, 14)}","{(2, '?', '?', '?')}"
"(5, 12, 22, 15, 0)",2,"{(12, 5, 22, 15)}","{(2, '?', '?', 3)}"
"(5, 12, 22, 20, 0)",2,"{(20, 12, 5, 22)}","{(2, '?', '?', 4)}"
"(5, 12, 22, 21, 0)",4,"{(21, 12, 5, 22)}","{('?', '?', '?', 3)}"
"(5, 12, 22, 25, 0)",4,"{(25, 12, 5, 22)}","{(2, '?', '?', 4)}"
"(5, 12, 22, 27, 0)",2,"{(27, 12, 5, 22)}","{(2, '?', '?', 3)}"
"(5, 12, 22, 3, 0)",7,"{(3, 12, 5, 22)}","{('?', '?', 0, '?')}"
"(5, 12, 22, 4, 0)",2,"{(4, 12, 5, 22)}","{(0, '?', '?', 6)}"
"(5, 12, 22, 8, 0)",3,"{(8, 12, 5, 22)}","{('?', '?', 2, '?')}"
"(5, 12, 22, 9, 0)",2,"{(9, 12, 5, 22)}","{(0, '?', '?', 3)}"
"(5, 12, 23, 19, 0)",1,"{(19, 12, 5, 23)}","{(0, 3, 4, 4)}"
"(5, 12, 23, 3, 0)",1,"{(3, 12, 5, 23)}","{(0, 7, 0, 4)}"
"(5, 12, 25, 12, 0)",3,"{(25, 12, 5)}","{('?', '?', '?', 4)}"
"(5, 12, 25, 14, 0)",4,"{(25, 12, 5, 14)}","{(6, '?', '?', 4)}"
"(5, 12, 25, 22, 0)",4,"{(25, 12, 5, 22)}","{(2, '?', '?', 4)}"
"(5, 12, 27, 12, 0)",2,"{(27, 12, 5)}","{('?', '?', '?', 6)}"
"(5, 12, 27, 13, 0)",1,"{(13, 27, 12, 5)}","{(6, 3, '?', 3)}"
"(5, 12, 27, 15, 0)",3,"{(27, 12, 5, 15)}","{('?', '?', '?', 3)}"
"(5, 12, 27, 16, 0)",2,"{(16, 27, 12, 5)}","{(6, '?', '?', 3)}"
"(5, 12, 27, 27, 0)",2,"{(27, 12, 5)}","{('?', '?', '?', 3)}"
"(5, 12, 3, 10, 0)",2,"{(10, 3, 12, 5)}","{(6, '?', 0, 4)}"
"(5, 12, 3, 12, 0)",4,"{(3, 12, 5)}","{('?', '?', 0, 6)}"
"(5, 12, 3, 13, 0)",2,"{(13, 3, 12, 5)}","{(6, '?', 0, 3)}"
"(5, 12, 3, 14, 0)",1,"{(3, 12, 5, 14)}","{(6, 7, 0, 6)}"
"(5, 12, 3, 15, 0)",2,"{(3, 12, 5, 15)}","{('?', '?', 0, 3)}"
"(5, 12, 3, 17, 0)",2,"{(17, 3, 12, 5)}","{('?', '?', 0, 4)}"
"(5, 12, 3, 19, 0)",4,"{(19, 3, 12, 5)}","{('?', '?', 0, 3)}"
"(5, 12, 3, 20, 0)",2,"{(20, 3, 12, 5)}","{(2, '?', 0, 4)}"
"(5, 12, 3, 22, 0)",1,"{(3, 12, 5, 22)}","{(2, 7, 0, 6)}"
"(5, 12, 3, 27, 0)",2,"{(27, 3, 12, 5)}","{('?', 7, 0, 3)}"
"(5, 12, 4, 21, 0)",1,"{(4, 21, 12, 5)}","{(4, 3, 2, 6)}"
"(5, 13, 10, 24, 0)",1,"{(24, 13, 10, 5)}","{(3, 5, '?', 4)}"
"(5, 13, 10, 25, 0)",3,"{(25, 13, 10, 5)}","{(3, '?', '?', 4)}"
"(5, 13, 10, 27, 0)",1,"{(27, 13, 10, 5)}","{(3, '?', '?', 4)}"
"(5, 13, 12, 15, 0)",7,"{(13, 12, 5, 15)}","{('?', 1, '?', '?')}"
"(5, 13, 12, 17, 0)",5,"{(17, 13, 12, 5)}","{('?', 1, '?', '?')}"
"(5, 13, 12, 20, 0)",3,"{(13, 20, 12, 5)}","{('?', 1, '?', 4)}"
"(5, 13, 12, 21, 0)",6,"{(13, 21, 12, 5)}","{('?', 1, '?', '?')}"
"(5, 13, 12, 25, 0)",3,"{(25, 13, 12, 5)}","{('?', 1, '?', 4)}"
"(5, 13, 12, 27, 0)",3,"{(13, 27, 12, 5)}","{('?', 1, '?', '?')}"
"(5, 13, 12, 3, 0)",3,"{(13, 3, 12, 5)}","{(5, 1, 0, '?')}"
"(5, 13, 13, 15, 0)",2,"{(13, 5, 15)}","{(3, '?', 1, '?')}"
"(5, 13, 14, 10, 0)",1,"{(13, 10, 5, 14)}","{(3, 1, '?', 4)}"
"(5, 13, 14, 13, 0)",3,"{(13, 5, 14)}","{(3, 1, '?', '?')}"
"(5, 13, 14, 15, 0)",3,"{(13, 5, 14, 15)}","{(3, 1, '?', '?')}"
"(5, 13, 14, 16, 0)",2,"{(16, 13, 5, 14)}","{(3, 1, '?', '?')}"
"(5, 13, 14, 17, 0)",2,"{(17, 13, 5, 14)}","{(3, 1, '?', 4)}"
"(5, 13, 14, 20, 0)",1,"{(13, 20, 5, 14)}","{(3, 1, '?', 4)}"
"(5, 13, 14, 21, 0)",3,"{(13, 21, 5, 14)}","{(3, 1, '?', '?')}"
"(5, 13, 14, 25, 0)",2,"{(25, 13, 5, 14)}","{(3, 1, '?', '?')}"
"(5, 13, 14, 3, 0)",1,"{(13, 3, 5, 14)}","{(3, 1, 0, 3)}"
"(5, 13, 15, 13, 0)",2,"{(13, 5, 15)}","{(3, '?', 1, '?')}"
"(5, 13, 15, 15, 0)",6,"{(13, 5, 15)}","{('?', '?', '?', '?')}"
"(5, 13, 15, 17, 0)",1,"{(17, 13, 5, 15)}","{(7, '?', 1, 4)}"
"(5, 13, 15, 21, 0)",1,"{(13, 21, 5, 15)}","{(5, '?', 2, 3)}"
"(5, 13, 16, 13, 0)",1,"{(16, 13, 5)}","{(3, '?', '?', 6)}"
"(5, 13, 16, 15, 0)",1,"{(16, 13, 5, 15)}","{(3, '?', '?', 6)}"
"(5, 13, 16, 16, 0)",1,"{(16, 13, 5)}","{(3, '?', '?', 6)}"
"(5, 13, 17, 13, 0)",1,"{(17, 13, 5)}","{(3, '?', 4, 4)}"
"(5, 13, 17, 14, 0)",2,"{(17, 13, 5, 14)}","{(3, 1, '?', 4)}"
"(5, 13, 17, 15, 0)",3,"{(17, 13, 5, 15)}","{('?', '?', '?', 4)}"
"(5, 13, 20, 27, 0)",1,"{(13, 27, 20, 5)}","{(7, '?', '?', 4)}"
"(5, 13, 21, 13, 0)",4,"{(13, 21, 5)}","{(3, '?', '?', '?')}"
"(5, 13, 21, 15, 0)",4,"{(13, 21, 5, 15)}","{('?', '?', '?', '?')}"
"(5, 13, 21, 21, 0)",2,"{(13, 21, 5)}","{('?', '?', '?', 6)}"
"(5, 13, 21, 24, 0)",4,"{(24, 13, 21, 5)}","{('?', 5, '?', '?')}"
"(5, 13, 21, 6, 0)",3,"{(13, 21, 5, 6)}","{(3, 5, '?', '?')}"
"(5, 13, 24, 13, 0)",3,"{(24, 13, 5)}","{(3, 5, '?', '?')}"
"(5, 13, 24, 15, 0)",9,"{(24, 13, 5, 15)}","{('?', 5, '?', '?')}"
"(5, 13, 24, 16, 0)",1,"{(24, 16, 13, 5)}","{(3, 5, '?', 3)}"
"(5, 13, 24, 17, 0)",4,"{(24, 17, 13, 5)}","{('?', 5, '?', 4)}"
"(5, 13, 24, 20, 0)",2,"{(24, 13, 20, 5)}","{('?', 5, '?', 4)}"
"(5, 13, 24, 21, 0)",6,"{(24, 13, 21, 5)}","{('?', 5, '?', '?')}"
"(5, 13, 24, 24, 0)",3,"{(24, 13, 5)}","{('?', 5, '?', '?')}"
"(5, 13, 24, 25, 0)",3,"{(24, 25, 13, 5)}","{('?', 5, '?', 4)}"
"(5, 13, 24, 27, 0)",2,"{(24, 13, 27, 5)}","{('?', 5, '?', 6)}"
"(5, 13, 24, 3, 0)",3,"{(24, 13, 3, 5)}","{('?', 5, 0, '?')}"
"(5, 13, 24, 6, 0)",4,"{(24, 13, 5, 6)}","{(3, 5, '?', '?')}"
"(5, 13, 25, 10, 0)",2,"{(25, 13, 10, 5)}","{(3, '?', '?', 4)}"
"(5, 13, 25, 14, 0)",1,"{(25, 13, 5, 14)}","{(3, 1, 2, 4)}"
"(5, 13, 25, 15, 0)",3,"{(25, 13, 5, 15)}","{('?', '?', '?', 4)}"
"(5, 13, 25, 27, 0)",3,"{(25, 13, 27, 5)}","{('?', '?', '?', 4)}"
"(5, 13, 25, 6, 0)",1,"{(25, 13, 5, 6)}","{(3, 5, 6, 4)}"
"(5, 13, 27, 15, 0)",3,"{(13, 27, 5, 15)}","{('?', '?', '?', '?')}"
"(5, 13, 27, 16, 0)",1,"{(16, 13, 27, 5)}","{(3, '?', '?', 6)}"
"(5, 13, 27, 21, 0)",3,"{(21, 13, 27, 5)}","{('?', '?', '?', '?')}"
"(5, 13, 27, 27, 0)",3,"{(13, 27, 5)}","{('?', '?', '?', '?')}"
"(5, 13, 3, 10, 0)",2,"{(10, 13, 3, 5)}","{(3, '?', 0, 4)}"
"(5, 13, 3, 13, 0)",2,"{(13, 3, 5)}","{(3, '?', 0, '?')}"
"(5, 13, 3, 14, 0)",1,"{(13, 3, 5, 14)}","{(3, 1, 0, 3)}"
"(5, 13, 3, 15, 0)",3,"{(13, 3, 5, 15)}","{('?', '?', 0, '?')}"
"(5, 13, 3, 17, 0)",4,"{(17, 13, 3, 5)}","{('?', '?', 0, 4)}"
"(5, 13, 3, 20, 0)",2,"{(13, 3, 20, 5)}","{('?', 5, 0, 4)}"
"(5, 13, 3, 24, 0)",3,"{(24, 13, 3, 5)}","{('?', 5, 0, '?')}"
"(5, 13, 6, 10, 0)",3,"{(13, 10, 5, 6)}","{(3, 5, '?', 4)}"
"(5, 13, 6, 15, 0)",1,"{(13, 5, 6, 15)}","{(3, 5, 1, 3)}"
"(5, 13, 6, 16, 0)",2,"{(16, 13, 5, 6)}","{(3, 5, '?', '?')}"
"(5, 13, 6, 17, 0)",2,"{(17, 13, 5, 6)}","{(3, 5, '?', 4)}"
"(5, 13, 6, 20, 0)",1,"{(13, 20, 5, 6)}","{(3, 5, '?', 4)}"
"(5, 13, 6, 21, 0)",3,"{(13, 21, 5, 6)}","{(3, 5, '?', '?')}"
"(5, 13, 6, 24, 0)",4,"{(24, 13, 5, 6)}","{(3, 5, '?', '?')}"
"(5, 13, 6, 25, 0)",2,"{(25, 13, 5, 6)}","{(3, 5, '?', 4)}"
"(5, 13, 6, 3, 0)",3,"{(13, 3, 5, 6)}","{(3, 5, 0, '?')}"
"(5, 13, 6, 6, 0)",4,"{(13, 5, 6)}","{(3, 5, '?', '?')}"
"(5, 14, 10, 12, 0)",1,"{(10, 12, 5, 14)}","{(3, 7, '?', 4)}"
"(5, 14, 10, 14, 0)",1,"{(10, 5, 14)}","{(3, 7, '?', 4)}"
"(5, 14, 10, 17, 0)",3,"{(17, 10, 5, 14)}","{(3, '?', '?', 4)}"
"(5, 14, 10, 21, 0)",1,"{(10, 21, 5, 14)}","{(3, 7, 6, 4)}"
"(5, 14, 12, 15, 0)",8,"{(12, 5, 14, 15)}","{('?', '?', '?', 6)}"
"(5, 14, 12, 20, 0)",1,"{(20, 12, 5, 14)}","{(7, 7, '?', 4)}"
"(5, 14, 12, 21, 0)",6,"{(21, 12, 5, 14)}","{('?', '?', '?', 6)}"
"(5, 14, 12, 27, 0)",3,"{(27, 12, 5, 14)}","{('?', '?', '?', 6)}"
"(5, 14, 13, 12, 0)",1,"{(13, 12, 5, 14)}","{(3, 3, 1, 6)}"
"(5, 14, 13, 14, 0)",1,"{(13, 5, 14)}","{(3, 3, 1, 6)}"
"(5, 14, 13, 15, 0)",3,"{(13, 5, 14, 15)}","{(3, '?', '?', 3)}"
"(5, 14, 13, 3, 0)",1,"{(13, 3, 5, 14)}","{(3, 7, 0, 3)}"
"(5, 14, 14, 12, 0)",1,"{(12, 5, 14)}","{(3, 7, 4, 6)}"
"(5, 14, 14, 13, 0)",2,"{(13, 5, 14)}","{(3, '?', '?', 6)}"
"(5, 14, 14, 16, 0)",3,"{(16, 5, 14)}","{(3, '?', '?', 6)}"
"(5, 14, 15, 12, 0)",8,"{(12, 5, 14, 15)}","{('?', '?', '?', 6)}"
"(5, 14, 15, 13, 0)",1,"{(13, 5, 14, 15)}","{(3, 7, 1, 3)}"
"(5, 14, 15, 15, 0)",7,"{(5, 14, 15)}","{('?', '?', '?', 3)}"
"(5, 14, 16, 12, 0)",1,"{(16, 12, 5, 14)}","{(3, 3, '?', 6)}"
"(5, 14, 16, 13, 0)",2,"{(16, 13, 5, 14)}","{(3, 7, '?', 3)}"
"(5, 14, 16, 14, 0)",3,"{(16, 5, 14)}","{(3, '?', '?', 6)}"
"(5, 14, 16, 15, 0)",1,"{(16, 5, 14, 15)}","{(3, 7, 4, 3)}"
"(5, 14, 16, 16, 0)",1,"{(16, 5, 14)}","{(3, 7, '?', 3)}"
"(5, 14, 16, 3, 0)",1,"{(16, 3, 5, 14)}","{(3, 3, 0, 3)}"
"(5, 14, 17, 12, 0)",7,"{(17, 12, 5, 14)}","{('?', '?', '?', 4)}"
"(5, 14, 17, 14, 0)",3,"{(17, 5, 14)}","{(3, '?', '?', 4)}"
"(5, 14, 17, 17, 0)",1,"{(17, 5, 14)}","{(3, 7, 1, 4)}"
"(5, 14, 20, 12, 0)",3,"{(12, 20, 5, 14)}","{('?', '?', '?', 4)}"
"(5, 14, 21, 12, 0)",6,"{(21, 12, 5, 14)}","{('?', '?', '?', 6)}"
"(5, 14, 21, 13, 0)",4,"{(21, 13, 5, 14)}","{(3, '?', '?', 3)}"
"(5, 14, 21, 14, 0)",2,"{(21, 5, 14)}","{(3, '?', '?', 6)}"
"(5, 14, 21, 15, 0)",5,"{(21, 5, 14, 15)}","{('?', '?', '?', 3)}"
"(5, 14, 25, 10, 0)",1,"{(25, 10, 5, 14)}","{(3, 7, 2, 4)}"
"(5, 14, 25, 12, 0)",4,"{(25, 12, 5, 14)}","{('?', '?', '?', 4)}"
"(5, 14, 25, 14, 0)",4,"{(25, 5, 14)}","{(3, '?', '?', 4)}"
"(5, 14, 25, 20, 0)",1,"{(25, 20, 5, 14)}","{(5, 3, 2, 4)}"
"(5, 14, 27, 13, 0)",1,"{(13, 27, 5, 14)}","{(3, 7, 4, 3)}"
"(5, 14, 27, 15, 0)",4,"{(27, 5, 14, 15)}","{('?', '?', '?', 3)}"
"(5, 14, 27, 21, 0)",2,"{(21, 27, 5, 14)}","{(7, '?', 2, 3)}"
"(5, 14, 27, 27, 0)",4,"{(27, 5, 14)}","{('?', '?', '?', 3)}"
"(5, 14, 3, 10, 0)",1,"{(10, 3, 5, 14)}","{(3, 3, 0, 4)}"
"(5, 14, 3, 12, 0)",4,"{(3, 12, 5, 14)}","{('?', '?', 0, 6)}"
"(5, 14, 3, 13, 0)",3,"{(13, 3, 5, 14)}","{(3, '?', 0, '?')}"
"(5, 14, 3, 14, 0)",1,"{(3, 5, 14)}","{(3, 7, 0, 6)}"
"(5, 14, 3, 15, 0)",3,"{(3, 5, 14, 15)}","{('?', '?', 0, 3)}"
"(5, 14, 3, 17, 0)",3,"{(17, 3, 5, 14)}","{('?', '?', 0, 4)}"
"(5, 14, 3, 20, 0)",2,"{(3, 20, 5, 14)}","{('?', 3, 0, 4)}"
"(5, 14, 3, 27, 0)",1,"{(27, 3, 5, 14)}","{(7, 7, 0, 3)}"
"(5, 14, 6, 27, 0)",1,"{(27, 5, 14, 6)}","{(3, 3, 0, 3)}"
"(5, 14, 6, 3, 0)",2,"{(3, 5, 14, 6)}","{(3, '?', 0, 3)}"
"(5, 15, 12, 10, 0)",2,"{(10, 12, 5, 15)}","{(6, 1, '?', 4)}"
"(5, 15, 12, 12, 0)",1,"{(12, 5, 15)}","{('?', 1, 0, 6)}"
"(5, 15, 12, 13, 0)",4,"{(13, 12, 5, 15)}","{(6, 1, '?', '?')}"
"(5, 15, 12, 15, 0)",5,"{(12, 5, 15)}","{('?', 1, '?', '?')}"
"(5, 15, 12, 16, 0)",2,"{(16, 12, 5, 15)}","{(6, 1, '?', '?')}"
"(5, 15, 12, 17, 0)",3,"{(17, 12, 5, 15)}","{('?', 1, '?', 4)}"
"(5, 15, 12, 19, 0)",4,"{(19, 12, 5, 15)}","{(2, 1, '?', '?')}"
"(5, 15, 12, 20, 0)",1,"{(20, 12, 5, 15)}","{(2, 1, '?', 4)}"
"(5, 15, 12, 21, 0)",10,"{(21, 12, 5, 15)}","{('?', 1, '?', '?')}"
"(5, 15, 12, 22, 0)",2,"{(12, 5, 22, 15)}","{(2, 1, '?', '?')}"
"(5, 15, 12, 25, 0)",1,"{(25, 12, 5, 15)}","{(2, 1, 2, 4)}"
"(5, 15, 12, 27, 0)",2,"{(27, 12, 5, 15)}","{('?', 1, '?', '?')}"
"(5, 15, 12, 3, 0)",7,"{(3, 12, 5, 15)}","{('?', 1, 0, '?')}"
"(5, 15, 12, 8, 0)",4,"{(8, 12, 5, 15)}","{(6, 1, '?', '?')}"
"(5, 15, 15, 13, 0)",4,"{(13, 5, 15)}","{(6, '?', '?', '?')}"
"(5, 15, 15, 14, 0)",1,"{(5, 14, 15)}","{(6, 7, 1, 3)}"
"(5, 15, 15, 15, 0)",3,"{(5, 15)}","{('?', '?', '?', '?')}"
"(5, 15, 15, 16, 0)",1,"{(16, 5, 15)}","{(6, '?', 4, 6)}"
"(5, 15, 15, 4, 0)",6,"{(4, 5, 15)}","{(4, '?', '?', '?')}"
"(5, 15, 17, 10, 0)",1,"{(17, 10, 5, 15)}","{(6, '?', 4, 4)}"
"(5, 15, 17, 12, 0)",1,"{(17, 12, 5, 15)}","{('?', 1, 1, 4)}"
"(5, 15, 17, 13, 0)",1,"{(17, 13, 5, 15)}","{(6, '?', 4, 4)}"
"(5, 15, 17, 14, 0)",2,"{(17, 5, 14, 15)}","{(6, 1, '?', 4)}"
"(5, 15, 17, 15, 0)",1,"{(17, 5, 15)}","{('?', '?', 4, 4)}"
"(5, 15, 19, 15, 0)",4,"{(19, 5, 15)}","{(2, '?', '?', '?')}"
"(5, 15, 19, 3, 0)",3,"{(3, 19, 5, 15)}","{('?', '?', 0, '?')}"
"(5, 15, 19, 4, 0)",8,"{(19, 4, 5, 15)}","{('?', '?', '?', '?')}"
"(5, 15, 20, 10, 0)",3,"{(10, 20, 5, 15)}","{(6, '?', '?', 4)}"
"(5, 15, 20, 12, 0)",1,"{(12, 20, 5, 15)}","{('?', 1, '?', 4)}"
"(5, 15, 20, 15, 0)",1,"{(20, 5, 15)}","{('?', '?', 4, 4)}"
"(5, 15, 20, 16, 0)",1,"{(16, 20, 5, 15)}","{(6, '?', '?', 4)}"
"(5, 15, 20, 17, 0)",2,"{(17, 20, 5, 15)}","{('?', '?', '?', 4)}"
"(5, 15, 20, 27, 0)",1,"{(27, 20, 5, 15)}","{('?', '?', '?', 4)}"
"(5, 15, 20, 3, 0)",2,"{(3, 20, 5, 15)}","{('?', '?', 0, 4)}"
"(5, 15, 21, 12, 0)",1,"{(21, 12, 5, 15)}","{('?', '?', 6, 6)}"
"(5, 15, 21, 13, 0)",2,"{(21, 13, 5, 15)}","{(6, '?', '?', '?')}"
"(5, 15, 21, 15, 0)",3,"{(21, 5, 15)}","{('?', '?', '?', '?')}"
"(5, 15, 21, 22, 0)",3,"{(21, 5, 22, 15)}","{(2, '?', '?', '?')}"
"(5, 15, 21, 4, 0)",4,"{(21, 4, 5, 15)}","{(4, '?', '?', '?')}"
"(5, 15, 22, 12, 0)",1,"{(12, 5, 22, 15)}","{(2, '?', '?', 3)}"
"(5, 15, 22, 14, 0)",1,"{(14, 5, 22, 15)}","{(0, 1, 2, 3)}"
"(5, 15, 22, 15, 0)",2,"{(5, 22, 15)}","{(2, '?', '?', '?')}"
"(5, 15, 22, 21, 0)",4,"{(21, 5, 22, 15)}","{('?', '?', '?', '?')}"
"(5, 15, 22, 25, 0)",1,"{(25, 5, 22, 15)}","{(2, '?', 6, 4)}"
"(5, 15, 22, 27, 0)",2,"{(27, 5, 22, 15)}","{(2, '?', '?', '?')}"
"(5, 15, 22, 3, 0)",2,"{(3, 5, 22, 15)}","{('?', '?', 0, '?')}"
"(5, 15, 22, 4, 0)",4,"{(4, 5, 22, 15)}","{('?', '?', '?', '?')}"
"(5, 15, 22, 8, 0)",8,"{(8, 5, 22, 15)}","{('?', '?', '?', '?')}"
"(5, 15, 23, 15, 0)",1,"{(23, 5, 15)}","{(4, '?', 4, 4)}"
"(5, 15, 23, 17, 0)",2,"{(17, 23, 5, 15)}","{(4, '?', '?', 4)}"
"(5, 15, 23, 19, 0)",4,"{(19, 23, 5, 15)}","{('?', '?', '?', 4)}"
"(5, 15, 23, 21, 0)",4,"{(21, 23, 5, 15)}","{('?', '?', '?', 4)}"
"(5, 15, 23, 22, 0)",2,"{(23, 5, 22, 15)}","{('?', '?', '?', 4)}"
"(5, 15, 23, 25, 0)",1,"{(25, 23, 5, 15)}","{(1, '?', 6, 4)}"
"(5, 15, 23, 3, 0)",3,"{(3, 23, 5, 15)}","{('?', '?', 0, 4)}"
"(5, 15, 23, 4, 0)",1,"{(4, 23, 5, 15)}","{(0, 1, '?', 4)}"
"(5, 15, 24, 15, 0)",1,"{(24, 5, 15)}","{('?', 5, 1, 3)}"
"(5, 15, 25, 10, 0)",1,"{(25, 10, 5, 15)}","{(6, '?', 2, 4)}"
"(5, 15, 25, 12, 0)",2,"{(25, 12, 5, 15)}","{('?', 1, '?', 4)}"
"(5, 15, 25, 14, 0)",4,"{(25, 5, 14, 15)}","{('?', '?', '?', 4)}"
"(5, 15, 25, 15, 0)",2,"{(25, 5, 15)}","{('?', '?', '?', 4)}"
"(5, 15, 25, 20, 0)",1,"{(25, 20, 5, 15)}","{('?', '?', 6, 4)}"
"(5, 15, 25, 22, 0)",2,"{(25, 5, 22, 15)}","{('?', '?', '?', 4)}"
"(5, 15, 25, 23, 0)",1,"{(25, 23, 5, 15)}","{(4, '?', 6, 4)}"
"(5, 15, 25, 27, 0)",2,"{(25, 27, 5, 15)}","{('?', '?', '?', 4)}"
"(5, 15, 25, 4, 0)",4,"{(25, 4, 5, 15)}","{('?', '?', '?', 4)}"
"(5, 15, 27, 13, 0)",2,"{(13, 27, 5, 15)}","{(6, '?', '?', 6)}"
"(5, 15, 27, 15, 0)",3,"{(27, 5, 15)}","{('?', '?', '?', '?')}"
"(5, 15, 27, 16, 0)",2,"{(16, 27, 5, 15)}","{(6, '?', '?', '?')}"
"(5, 15, 27, 21, 0)",2,"{(21, 27, 5, 15)}","{('?', '?', 2, 3)}"
"(5, 15, 27, 27, 0)",3,"{(27, 5, 15)}","{('?', '?', '?', '?')}"
"(5, 15, 27, 4, 0)",2,"{(27, 4, 5, 15)}","{(4, '?', '?', '?')}"
"(5, 15, 3, 10, 0)",2,"{(10, 3, 5, 15)}","{(6, '?', 0, 4)}"
"(5, 15, 3, 12, 0)",2,"{(3, 12, 5, 15)}","{('?', 1, 0, '?')}"
"(5, 15, 3, 13, 0)",1,"{(13, 3, 5, 15)}","{(6, '?', 0, 6)}"
"(5, 15, 3, 14, 0)",1,"{(3, 5, 14, 15)}","{(6, 1, 0, 3)}"
"(5, 15, 3, 15, 0)",2,"{(3, 5, 15)}","{('?', '?', 0, '?')}"
"(5, 15, 3, 17, 0)",3,"{(17, 3, 5, 15)}","{('?', '?', 0, 4)}"
"(5, 15, 3, 19, 0)",5,"{(19, 3, 5, 15)}","{('?', '?', 0, '?')}"
"(5, 15, 3, 23, 0)",1,"{(3, 23, 5, 15)}","{(0, '?', 0, 4)}"
"(5, 15, 3, 4, 0)",1,"{(3, 4, 5, 15)}","{(4, '?', 0, 3)}"
"(5, 15, 4, 15, 0)",5,"{(4, 5, 15)}","{('?', 1, '?', '?')}"
"(5, 15, 4, 17, 0)",2,"{(17, 4, 5, 15)}","{(4, 1, '?', 4)}"
"(5, 15, 4, 19, 0)",7,"{(19, 4, 5, 15)}","{('?', 1, '?', '?')}"
"(5, 15, 4, 20, 0)",1,"{(20, 4, 5, 15)}","{(4, 1, 0, 4)}"
"(5, 15, 4, 21, 0)",10,"{(21, 4, 5, 15)}","{('?', 1, '?', '?')}"
"(5, 15, 4, 22, 0)",2,"{(4, 5, 22, 15)}","{('?', 1, '?', 3)}"
"(5, 15, 4, 23, 0)",7,"{(23, 4, 5, 15)}","{('?', 1, '?', 4)}"
"(5, 15, 4, 25, 0)",4,"{(25, 4, 5, 15)}","{('?', 1, '?', 4)}"
"(5, 15, 4, 27, 0)",2,"{(27, 4, 5, 15)}","{(4, 1, '?', '?')}"
"(5, 15, 4, 3, 0)",7,"{(3, 4, 5, 15)}","{('?', 1, 0, '?')}"
"(5, 15, 9, 15, 0)",1,"{(9, 5, 15)}","{(4, 5, 1, 6)}"
"(5, 17, 12, 13, 0)",2,"{(17, 13, 12, 5)}","{(6, 0, '?', 4)}"
"(5, 17, 12, 15, 0)",2,"{(17, 12, 5, 15)}","{('?', 0, '?', 4)}"
"(5, 17, 3, 12, 0)",1,"{(17, 3, 12, 5)}","{('?', 0, 0, 4)}"
"(5, 17, 4, 17, 0)",1,"{(17, 4, 5)}","{(4, 0, 4, 4)}"
"(5, 19, 12, 12, 0)",1,"{(19, 12, 5)}","{(2, 0, 4, 6)}"
"(5, 19, 12, 15, 0)",1,"{(19, 12, 5, 15)}","{(2, 0, 4, 6)}"
"(5, 19, 12, 19, 0)",2,"{(19, 12, 5)}","{(2, 0, '?', 6)}"
"(5, 19, 12, 20, 0)",1,"{(20, 19, 12, 5)}","{(2, 0, '?', 6)}"
"(5, 19, 12, 21, 0)",1,"{(21, 19, 12, 5)}","{(2, 0, 6, 6)}"
"(5, 19, 12, 25, 0)",1,"{(25, 19, 12, 5)}","{(2, 0, 6, 6)}"
"(5, 19, 14, 21, 0)",1,"{(21, 19, 5, 14)}","{(2, 0, 2, '?')}"
"(5, 19, 15, 19, 0)",2,"{(19, 5, 15)}","{(2, 0, '?', 3)}"
"(5, 19, 17, 12, 0)",2,"{(17, 19, 12, 5)}","{(2, 0, '?', '?')}"
"(5, 19, 17, 3, 0)",1,"{(3, 17, 19, 5)}","{(2, 0, 0, 4)}"
"(5, 19, 19, 12, 0)",1,"{(19, 12, 5)}","{(2, 0, 1, 6)}"
"(5, 19, 19, 15, 0)",4,"{(19, 5, 15)}","{('?', 0, '?', '?')}"
"(5, 19, 19, 19, 0)",3,"{(19, 5)}","{('?', 0, '?', 3)}"
"(5, 19, 19, 4, 0)",4,"{(19, 4, 5)}","{('?', 0, 4, '?')}"
"(5, 19, 19, 9, 0)",3,"{(9, 19, 5)}","{('?', 0, '?', 3)}"
"(5, 19, 20, 12, 0)",3,"{(12, 19, 20, 5)}","{(2, 0, '?', 4)}"
"(5, 19, 20, 15, 0)",1,"{(19, 20, 5, 15)}","{(2, 0, 1, '?')}"
"(5, 19, 20, 25, 0)",1,"{(25, 19, 20, 5)}","{(2, 0, 2, 4)}"
"(5, 19, 20, 3, 0)",1,"{(3, 19, 20, 5)}","{(2, 0, 0, 4)}"
"(5, 19, 21, 15, 0)",1,"{(21, 19, 5, 15)}","{(2, 0, 2, 3)}"
"(5, 19, 21, 22, 0)",2,"{(21, 19, 5, 22)}","{('?', 0, 2, 3)}"
"(5, 19, 22, 14, 0)",1,"{(19, 5, 22, 14)}","{(2, 0, 6, 6)}"
"(5, 19, 22, 21, 0)",1,"{(21, 19, 5, 22)}","{(2, 0, 2, 3)}"
"(5, 19, 22, 25, 0)",2,"{(25, 19, 5, 22)}","{('?', 0, 2, '?')}"
"(5, 19, 22, 27, 0)",1,"{(27, 19, 5, 22)}","{(2, 0, '?', 3)}"
"(5, 19, 22, 4, 0)",2,"{(19, 4, 5, 22)}","{(0, 0, '?', '?')}"
"(5, 19, 22, 8, 0)",5,"{(8, 19, 5, 22)}","{('?', 0, '?', 3)}"
"(5, 19, 23, 12, 0)",1,"{(19, 12, 5, 23)}","{(0, 0, 4, 4)}"
"(5, 19, 23, 15, 0)",2,"{(19, 15, 5, 23)}","{(0, 0, '?', '?')}"
"(5, 19, 23, 19, 0)",6,"{(19, 5, 23)}","{('?', 0, '?', '?')}"
"(5, 19, 23, 21, 0)",3,"{(21, 19, 5, 23)}","{('?', '?', '?', '?')}"
"(5, 19, 23, 22, 0)",1,"{(19, 5, 22, 23)}","{(0, 0, '?', 6)}"
"(5, 19, 23, 25, 0)",5,"{(25, 19, 5, 23)}","{('?', 0, '?', '?')}"
"(5, 19, 23, 3, 0)",3,"{(3, 19, 5, 23)}","{(1, 0, 0, '?')}"
"(5, 19, 25, 12, 0)",1,"{(25, 19, 12, 5)}","{(2, 0, 2, 4)}"
"(5, 19, 25, 22, 0)",1,"{(25, 19, 5, 22)}","{(0, 0, 2, 3)}"
"(5, 19, 25, 4, 0)",2,"{(25, 19, 4, 5)}","{('?', 0, 2, 6)}"
"(5, 19, 3, 12, 0)",2,"{(3, 19, 12, 5)}","{(2, 0, 0, '?')}"
"(5, 19, 3, 15, 0)",1,"{(3, 19, 5, 15)}","{(2, 0, 0, 3)}"
"(5, 19, 3, 17, 0)",1,"{(3, 17, 19, 5)}","{(2, 0, 0, 4)}"
"(5, 19, 3, 19, 0)",4,"{(3, 19, 5)}","{('?', 0, 0, '?')}"
"(5, 19, 3, 20, 0)",1,"{(3, 19, 20, 5)}","{(2, 0, 0, 4)}"
"(5, 19, 3, 27, 0)",1,"{(3, 27, 19, 5)}","{(2, 0, 0, 3)}"
"(5, 19, 3, 4, 0)",2,"{(3, 19, 4, 5)}","{('?', 0, 0, '?')}"
"(5, 19, 4, 15, 0)",1,"{(19, 4, 5, 15)}","{(0, 0, 4, '?')}"
"(5, 19, 4, 19, 0)",3,"{(19, 4, 5)}","{('?', 0, '?', '?')}"
"(5, 19, 4, 21, 0)",2,"{(21, 19, 4, 5)}","{('?', 0, 2, '?')}"
"(5, 19, 4, 22, 0)",1,"{(19, 4, 5, 22)}","{(0, 0, 4, 6)}"
"(5, 19, 4, 27, 0)",1,"{(27, 19, 4, 5)}","{(0, 0, '?', '?')}"
"(5, 19, 4, 3, 0)",1,"{(3, 19, 4, 5)}","{(0, 0, 0, 6)}"
"(5, 19, 4, 4, 0)",1,"{(19, 4, 5)}","{(0, 0, 0, '?')}"
"(5, 19, 9, 21, 0)",1,"{(9, 21, 19, 5)}","{(0, 0, 6, 3)}"
"(5, 2, 15, 12, 0)",2,"{(2, 12, 5, 15)}","{('?', 4, '?', '?')}"
"(5, 2, 15, 14, 0)",3,"{(2, 5, 14, 15)}","{(6, 4, '?', '?')}"
"(5, 2, 15, 15, 0)",3,"{(2, 5, 15)}","{('?', 4, '?', '?')}"
"(5, 2, 15, 4, 0)",4,"{(2, 4, 5, 15)}","{(4, 4, '?', '?')}"
"(5, 2, 15, 6, 0)",1,"{(2, 5, 6, 15)}","{(6, 2, 4, 3)}"
"(5, 2, 17, 10, 0)",1,"{(17, 2, 10, 5)}","{(6, 2, 4, 4)}"
"(5, 2, 17, 12, 0)",2,"{(17, 2, 12, 5)}","{('?', 4, 4, 4)}"
"(5, 2, 17, 14, 0)",2,"{(17, 2, 5, 14)}","{(6, 4, '?', 4)}"
"(5, 2, 17, 19, 0)",2,"{(17, 2, 19, 5)}","{(2, 4, '?', 4)}"
"(5, 2, 17, 24, 0)",1,"{(24, 17, 2, 5)}","{('?', 2, 4, 4)}"
"(5, 2, 17, 3, 0)",1,"{(17, 2, 3, 5)}","{('?', 4, 0, 4)}"
"(5, 2, 17, 4, 0)",1,"{(17, 2, 4, 5)}","{(4, 4, 1, 4)}"
"(5, 2, 17, 6, 0)",2,"{(17, 2, 5, 6)}","{(6, 2, '?', 4)}"
"(5, 2, 19, 12, 0)",5,"{(2, 19, 12, 5)}","{(2, 4, '?', '?')}"
"(5, 2, 19, 15, 0)",2,"{(2, 19, 5, 15)}","{(2, 4, 1, '?')}"
"(5, 2, 19, 17, 0)",4,"{(17, 2, 19, 5)}","{(2, '?', '?', 4)}"
"(5, 2, 19, 19, 0)",2,"{(2, 19, 5)}","{('?', 2, 4, '?')}"
"(5, 2, 19, 20, 0)",1,"{(2, 19, 20, 5)}","{(2, 2, 4, 4)}"
"(5, 2, 19, 24, 0)",4,"{(24, 2, 19, 5)}","{('?', 2, '?', '?')}"
"(5, 2, 19, 25, 0)",1,"{(25, 2, 19, 5)}","{(2, 4, 2, 4)}"
"(5, 2, 19, 4, 0)",6,"{(2, 19, 4, 5)}","{('?', 4, '?', '?')}"
"(5, 2, 19, 9, 0)",6,"{(9, 2, 19, 5)}","{('?', 2, '?', '?')}"
"(5, 2, 20, 10, 0)",1,"{(2, 10, 20, 5)}","{(6, 4, '?', 4)}"
"(5, 2, 20, 12, 0)",1,"{(2, 12, 20, 5)}","{('?', 4, '?', 4)}"
"(5, 2, 20, 16, 0)",2,"{(16, 2, 20, 5)}","{(6, '?', '?', 4)}"
"(5, 2, 20, 19, 0)",2,"{(2, 19, 20, 5)}","{(2, '?', 1, 4)}"
"(5, 2, 20, 22, 0)",2,"{(2, 20, 5, 22)}","{(2, '?', '?', 4)}"
"(5, 2, 20, 24, 0)",1,"{(24, 2, 20, 5)}","{('?', 2, '?', 4)}"
"(5, 2, 20, 6, 0)",1,"{(2, 20, 5, 6)}","{(6, 2, '?', 4)}"
"(5, 2, 21, 12, 0)",5,"{(2, 21, 12, 5)}","{('?', 4, '?', '?')}"
"(5, 2, 21, 14, 0)",3,"{(2, 21, 5, 14)}","{(6, 4, '?', '?')}"
"(5, 2, 21, 21, 0)",1,"{(2, 21, 5)}","{(2, 2, 2, 6)}"
"(5, 2, 21, 24, 0)",1,"{(24, 2, 21, 5)}","{('?', 2, 6, 3)}"
"(5, 2, 21, 4, 0)",3,"{(2, 21, 4, 5)}","{(4, 4, '?', '?')}"
"(5, 2, 21, 6, 0)",3,"{(2, 21, 5, 6)}","{(6, 2, '?', '?')}"
"(5, 2, 21, 9, 0)",3,"{(9, 2, 21, 5)}","{(4, 2, '?', '?')}"
"(5, 2, 22, 12, 0)",3,"{(2, 12, 5, 22)}","{(2, 4, '?', '?')}"
"(5, 2, 22, 14, 0)",4,"{(2, 5, 22, 14)}","{(2, 4, '?', '?')}"
"(5, 2, 22, 21, 0)",5,"{(2, 21, 5, 22)}","{('?', 2, '?', '?')}"
"(5, 2, 22, 24, 0)",2,"{(24, 2, 5, 22)}","{(2, 2, '?', '?')}"
"(5, 2, 22, 25, 0)",2,"{(25, 2, 5, 22)}","{('?', 2, 2, 4)}"
"(5, 2, 22, 4, 0)",4,"{(2, 4, 5, 22)}","{('?', 4, '?', '?')}"
"(5, 2, 22, 8, 0)",14,"{(8, 2, 5, 22)}","{('?', '?', '?', '?')}"
"(5, 2, 22, 9, 0)",4,"{(9, 2, 5, 22)}","{('?', 2, '?', '?')}"
"(5, 2, 23, 12, 0)",1,"{(2, 12, 5, 23)}","{(4, 4, '?', 4)}"
"(5, 2, 23, 17, 0)",2,"{(17, 2, 5, 23)}","{(4, 4, '?', 4)}"
"(5, 2, 23, 19, 0)",6,"{(2, 19, 5, 23)}","{('?', '?', '?', 4)}"
"(5, 2, 23, 21, 0)",5,"{(2, 21, 5, 23)}","{('?', '?', '?', 4)}"
"(5, 2, 23, 22, 0)",3,"{(2, 5, 22, 23)}","{('?', '?', '?', 4)}"
"(5, 2, 23, 24, 0)",1,"{(24, 2, 5, 23)}","{(4, 2, 1, 4)}"
"(5, 2, 23, 25, 0)",1,"{(25, 2, 5, 23)}","{(0, 4, 6, 4)}"
"(5, 2, 23, 3, 0)",6,"{(2, 3, 5, 23)}","{('?', '?', 0, 4)}"
"(5, 2, 24, 10, 0)",1,"{(24, 2, 10, 5)}","{(6, 2, 4, 4)}"
"(5, 2, 24, 13, 0)",3,"{(24, 2, 13, 5)}","{(6, 2, '?', '?')}"
"(5, 2, 24, 15, 0)",3,"{(24, 2, 5, 15)}","{('?', 2, '?', '?')}"
"(5, 2, 24, 16, 0)",1,"{(24, 16, 2, 5)}","{(6, 2, '?', '?')}"
"(5, 2, 24, 17, 0)",1,"{(24, 17, 2, 5)}","{('?', 2, 4, 4)}"
"(5, 2, 24, 20, 0)",1,"{(24, 2, 20, 5)}","{('?', 2, '?', 4)}"
"(5, 2, 24, 27, 0)",1,"{(24, 2, 27, 5)}","{('?', 2, '?', 3)}"
"(5, 2, 25, 12, 0)",2,"{(25, 2, 12, 5)}","{('?', 4, '?', 4)}"
"(5, 2, 25, 14, 0)",1,"{(25, 2, 5, 14)}","{(6, 4, 6, 4)}"
"(5, 2, 25, 22, 0)",3,"{(25, 2, 5, 22)}","{(2, '?', '?', 4)}"
"(5, 2, 25, 24, 0)",2,"{(24, 25, 2, 5)}","{('?', 2, '?', 4)}"
"(5, 2, 25, 4, 0)",2,"{(25, 2, 4, 5)}","{(4, 4, '?', 4)}"
"(5, 2, 25, 6, 0)",1,"{(25, 2, 5, 6)}","{(6, 2, 2, 4)}"
"(5, 2, 25, 9, 0)",2,"{(25, 2, 5, 9)}","{(4, 2, '?', 4)}"
"(5, 2, 27, 12, 0)",1,"{(2, 27, 12, 5)}","{('?', 4, '?', 3)}"
"(5, 2, 27, 14, 0)",2,"{(2, 27, 5, 14)}","{(6, 4, '?', '?')}"
"(5, 2, 27, 24, 0)",1,"{(24, 2, 27, 5)}","{('?', 2, '?', 3)}"
"(5, 2, 27, 4, 0)",1,"{(2, 27, 4, 5)}","{(4, 4, '?', 3)}"
"(5, 2, 27, 6, 0)",2,"{(2, 27, 5, 6)}","{(6, 2, '?', '?')}"
"(5, 2, 3, 10, 0)",2,"{(10, 2, 3, 5)}","{(6, '?', 0, 4)}"
"(5, 2, 3, 12, 0)",1,"{(2, 3, 12, 5)}","{('?', 4, 0, 6)}"
"(5, 2, 3, 13, 0)",1,"{(13, 2, 3, 5)}","{(6, 2, 0, 3)}"
"(5, 2, 3, 14, 0)",1,"{(2, 3, 5, 14)}","{(6, 4, 0, 6)}"
"(5, 2, 3, 17, 0)",3,"{(17, 2, 3, 5)}","{('?', '?', 0, 4)}"
"(5, 2, 3, 19, 0)",8,"{(19, 2, 3, 5)}","{('?', '?', 0, '?')}"
"(5, 2, 3, 20, 0)",2,"{(2, 3, 20, 5)}","{(2, '?', 0, 4)}"
"(5, 2, 3, 23, 0)",2,"{(2, 3, 5, 23)}","{('?', '?', 0, 4)}"
"(5, 2, 3, 24, 0)",2,"{(24, 2, 3, 5)}","{('?', 2, 0, '?')}"
"(5, 2, 3, 4, 0)",6,"{(2, 3, 4, 5)}","{('?', 4, 0, '?')}"
"(5, 2, 3, 6, 0)",1,"{(2, 3, 5, 6)}","{(6, 2, 0, 3)}"
"(5, 2, 3, 9, 0)",5,"{(9, 2, 3, 5)}","{('?', 2, 0, '?')}"
"(5, 2, 4, 27, 0)",1,"{(2, 27, 4, 5)}","{(4, 4, '?', 3)}"
"(5, 2, 9, 15, 0)",5,"{(9, 2, 5, 15)}","{('?', 2, '?', '?')}"
"(5, 2, 9, 19, 0)",6,"{(9, 2, 19, 5)}","{('?', 2, '?', '?')}"
"(5, 2, 9, 21, 0)",3,"{(9, 2, 21, 5)}","{('?', 2, '?', '?')}"
"(5, 2, 9, 22, 0)",1,"{(9, 2, 5, 22)}","{(1, 2, '?', 6)}"
"(5, 2, 9, 27, 0)",1,"{(9, 2, 27, 5)}","{(4, 2, '?', 3)}"
"(5, 2, 9, 3, 0)",1,"{(9, 2, 3, 5)}","{(4, 2, 0, 6)}"
"(5, 2, 9, 9, 0)",1,"{(9, 2, 5)}","{(4, 2, 2, 3)}"
"(5, 20, 12, 13, 0)",3,"{(12, 13, 20, 5)}","{(6, 0, '?', '?')}"
"(5, 20, 12, 15, 0)",1,"{(12, 20, 5, 15)}","{('?', 0, 1, 4)}"
"(5, 20, 12, 16, 0)",1,"{(16, 12, 20, 5)}","{(6, 0, '?', 4)}"
"(5, 20, 12, 19, 0)",1,"{(12, 19, 20, 5)}","{(2, 0, 4, 4)}"
"(5, 20, 12, 27, 0)",1,"{(12, 27, 20, 5)}","{('?', 0, '?', 4)}"
"(5, 20, 12, 3, 0)",1,"{(12, 3, 20, 5)}","{('?', 0, 0, 6)}"
"(5, 20, 15, 12, 0)",1,"{(12, 20, 5, 15)}","{('?', 0, 1, 6)}"
"(5, 20, 22, 12, 0)",1,"{(12, 20, 5, 22)}","{(2, 0, '?', 4)}"
"(5, 20, 3, 14, 0)",1,"{(3, 20, 5, 14)}","{(6, 0, 0, 4)}"
"(5, 22, 12, 12, 0)",1,"{(12, 5, 22)}","{(2, 0, '?', 6)}"
"(5, 23, 12, 15, 0)",1,"{(15, 12, 5, 23)}","{(4, 0, 1, 4)}"
"(5, 23, 12, 21, 0)",1,"{(21, 12, 5, 23)}","{(0, 0, 2, 4)}"
"(5, 23, 19, 12, 0)",4,"{(19, 12, 5, 23)}","{('?', 0, '?', '?')}"
"(5, 23, 19, 25, 0)",1,"{(25, 19, 5, 23)}","{(0, 0, 2, 4)}"
"(5, 23, 19, 4, 0)",5,"{(19, 4, 5, 23)}","{('?', 0, '?', '?')}"
"(5, 23, 22, 12, 0)",3,"{(12, 5, 22, 23)}","{('?', 0, '?', '?')}"
"(5, 23, 22, 14, 0)",1,"{(14, 5, 22, 23)}","{(0, 0, 2, 4)}"
"(5, 23, 22, 21, 0)",2,"{(21, 5, 22, 23)}","{(0, 0, 2, '?')}"
"(5, 23, 22, 25, 0)",5,"{(25, 5, 22, 23)}","{('?', 0, '?', '?')}"
"(5, 23, 22, 4, 0)",1,"{(4, 5, 22, 23)}","{(1, 0, '?', 6)}"
"(5, 23, 22, 8, 0)",1,"{(8, 5, 22, 23)}","{(0, 0, 2, 6)}"
"(5, 23, 3, 12, 0)",1,"{(3, 12, 5, 23)}","{(4, 0, 0, 4)}"
"(5, 23, 3, 19, 0)",3,"{(19, 3, 5, 23)}","{('?', 0, 0, '?')}"
"(5, 24, 15, 13, 0)",4,"{(24, 13, 5, 15)}","{(6, 5, '?', '?')}"
"(5, 24, 15, 15, 0)",4,"{(24, 5, 15)}","{('?', 5, '?', '?')}"
"(5, 24, 15, 24, 0)",1,"{(24, 5, 15)}","{('?', 5, 4, 6)}"
"(5, 24, 15, 9, 0)",2,"{(24, 9, 5, 15)}","{(4, 5, '?', '?')}"
"(5, 24, 17, 19, 0)",1,"{(24, 17, 19, 5)}","{(2, 5, 1, 4)}"
"(5, 24, 17, 24, 0)",2,"{(24, 17, 5)}","{('?', 5, '?', 4)}"
"(5, 24, 17, 6, 0)",1,"{(24, 17, 5, 6)}","{(6, 5, 0, 4)}"
"(5, 24, 19, 15, 0)",4,"{(24, 19, 5, 15)}","{('?', 5, '?', '?')}"
"(5, 24, 19, 17, 0)",2,"{(24, 17, 19, 5)}","{(2, 5, '?', 4)}"
"(5, 24, 19, 20, 0)",2,"{(24, 19, 20, 5)}","{(2, 5, '?', 4)}"
"(5, 24, 19, 24, 0)",2,"{(24, 19, 5)}","{(2, 5, '?', 3)}"
"(5, 24, 19, 3, 0)",2,"{(24, 3, 19, 5)}","{('?', 5, 0, 6)}"
"(5, 24, 19, 8, 0)",1,"{(24, 8, 19, 5)}","{(1, 5, 2, 3)}"
"(5, 24, 19, 9, 0)",8,"{(24, 9, 19, 5)}","{('?', 5, '?', '?')}"
"(5, 24, 20, 15, 0)",1,"{(24, 20, 5, 15)}","{('?', 5, 4, 4)}"
"(5, 24, 20, 16, 0)",1,"{(24, 16, 20, 5)}","{(6, 5, '?', 4)}"
"(5, 24, 20, 22, 0)",1,"{(24, 20, 5, 22)}","{(2, 5, '?', 4)}"
"(5, 24, 20, 24, 0)",1,"{(24, 20, 5)}","{('?', 5, '?', 4)}"
"(5, 24, 20, 27, 0)",1,"{(24, 27, 20, 5)}","{('?', 5, '?', 4)}"
"(5, 24, 20, 6, 0)",1,"{(24, 20, 5, 6)}","{(6, 5, 0, 4)}"
"(5, 24, 21, 13, 0)",4,"{(24, 21, 13, 5)}","{(6, 5, '?', '?')}"
"(5, 24, 21, 21, 0)",4,"{(24, 21, 5)}","{('?', 5, '?', '?')}"
"(5, 24, 21, 24, 0)",5,"{(24, 21, 5)}","{('?', 5, '?', '?')}"
"(5, 24, 21, 6, 0)",4,"{(24, 21, 5, 6)}","{(6, 5, '?', '?')}"
"(5, 24, 21, 9, 0)",4,"{(24, 9, 21, 5)}","{(4, 5, '?', '?')}"
"(5, 24, 22, 15, 0)",3,"{(24, 5, 22, 15)}","{('?', 5, '?', '?')}"
"(5, 24, 22, 21, 0)",5,"{(24, 21, 5, 22)}","{('?', 5, '?', '?')}"
"(5, 24, 22, 24, 0)",2,"{(24, 5, 22)}","{(2, 5, '?', '?')}"
"(5, 24, 22, 25, 0)",1,"{(24, 25, 5, 22)}","{(2, 5, 2, 4)}"
"(5, 24, 22, 27, 0)",1,"{(24, 27, 5, 22)}","{(0, 5, '?', 3)}"
"(5, 24, 22, 3, 0)",2,"{(24, 3, 5, 22)}","{('?', 5, 0, 6)}"
"(5, 24, 22, 4, 0)",3,"{(24, 4, 5, 22)}","{('?', 5, '?', '?')}"
"(5, 24, 22, 8, 0)",5,"{(24, 8, 5, 22)}","{('?', 5, '?', '?')}"
"(5, 24, 22, 9, 0)",5,"{(24, 9, 5, 22)}","{('?', 5, '?', '?')}"
"(5, 24, 23, 12, 0)",1,"{(24, 12, 5, 23)}","{(4, 5, '?', 4)}"
"(5, 24, 23, 15, 0)",2,"{(24, 15, 5, 23)}","{(4, 5, '?', 4)}"
"(5, 24, 23, 19, 0)",3,"{(24, 19, 5, 23)}","{('?', 5, '?', 4)}"
"(5, 24, 23, 2, 0)",1,"{(24, 2, 5, 23)}","{(4, 5, '?', 4)}"
"(5, 24, 23, 21, 0)",4,"{(24, 21, 5, 23)}","{('?', 5, '?', 4)}"
"(5, 24, 23, 22, 0)",1,"{(24, 5, 22, 23)}","{(0, 5, '?', 4)}"
"(5, 24, 23, 24, 0)",3,"{(24, 5, 23)}","{(4, 5, '?', 4)}"
"(5, 24, 23, 27, 0)",1,"{(24, 27, 5, 23)}","{(4, 5, '?', 4)}"
"(5, 24, 23, 3, 0)",2,"{(24, 3, 5, 23)}","{('?', 5, 0, 4)}"
"(5, 24, 24, 24, 0)",1,"{(24, 5)}","{('?', 5, 0, 6)}"
"(5, 24, 24, 3, 0)",1,"{(24, 3, 5)}","{('?', 5, 0, 6)}"
"(5, 24, 25, 15, 0)",1,"{(24, 25, 5, 15)}","{(6, 5, 2, 4)}"
"(5, 24, 25, 16, 0)",1,"{(24, 25, 5, 16)}","{(6, 5, 2, 4)}"
"(5, 24, 25, 19, 0)",1,"{(24, 25, 19, 5)}","{(2, 5, 6, 4)}"
"(5, 24, 25, 22, 0)",3,"{(24, 25, 5, 22)}","{('?', 5, '?', 4)}"
"(5, 24, 25, 24, 0)",1,"{(24, 25, 5)}","{('?', 5, 6, 4)}"
"(5, 24, 25, 25, 0)",1,"{(24, 25, 5)}","{(2, 5, 2, 4)}"
"(5, 24, 25, 6, 0)",1,"{(24, 25, 5, 6)}","{(6, 5, 2, 4)}"
"(5, 24, 25, 9, 0)",2,"{(24, 25, 5, 9)}","{(4, 5, '?', 4)}"
"(5, 24, 27, 13, 0)",2,"{(24, 13, 27, 5)}","{(6, 5, '?', '?')}"
"(5, 24, 27, 16, 0)",2,"{(24, 16, 27, 5)}","{(6, 5, '?', '?')}"
"(5, 24, 27, 21, 0)",1,"{(24, 21, 27, 5)}","{('?', 5, 2, 3)}"
"(5, 24, 27, 24, 0)",1,"{(24, 27, 5)}","{('?', 5, '?', 6)}"
"(5, 24, 27, 27, 0)",1,"{(24, 27, 5)}","{('?', 5, '?', 6)}"
"(5, 24, 27, 6, 0)",3,"{(24, 27, 5, 6)}","{(6, 5, '?', '?')}"
"(5, 24, 27, 9, 0)",2,"{(24, 9, 27, 5)}","{(4, 5, '?', '?')}"
"(5, 24, 3, 10, 0)",1,"{(24, 10, 3, 5)}","{(6, 5, 0, 4)}"
"(5, 24, 3, 15, 0)",2,"{(24, 3, 5, 15)}","{('?', 5, 0, '?')}"
"(5, 24, 3, 19, 0)",3,"{(24, 19, 3, 5)}","{('?', 5, 0, '?')}"
"(5, 24, 3, 20, 0)",2,"{(24, 3, 20, 5)}","{('?', 5, 0, 4)}"
"(5, 24, 3, 23, 0)",1,"{(24, 3, 5, 23)}","{(0, 5, 0, 4)}"
"(5, 24, 3, 24, 0)",2,"{(24, 3, 5)}","{('?', 5, 0, '?')}"
"(5, 24, 3, 9, 0)",3,"{(24, 9, 3, 5)}","{('?', 5, 0, '?')}"
"(5, 24, 9, 15, 0)",3,"{(24, 9, 5, 15)}","{(4, 5, '?', '?')}"
"(5, 24, 9, 21, 0)",2,"{(24, 9, 21, 5)}","{(4, 5, 2, '?')}"
"(5, 24, 9, 27, 0)",4,"{(24, 9, 27, 5)}","{(4, 5, '?', '?')}"
"(5, 24, 9, 3, 0)",2,"{(24, 9, 3, 5)}","{(4, 5, 0, '?')}"
"(5, 24, 9, 9, 0)",1,"{(24, 9, 5)}","{(4, 5, 0, 3)}"
"(5, 25, 12, 10, 0)",4,"{(25, 10, 12, 5)}","{(6, 0, '?', '?')}"
"(5, 25, 12, 12, 0)",1,"{(25, 12, 5)}","{('?', 0, 6, 4)}"
"(5, 25, 12, 16, 0)",2,"{(16, 25, 12, 5)}","{(6, 0, '?', 6)}"
"(5, 25, 12, 17, 0)",1,"{(25, 12, 5, 17)}","{('?', 0, 0, 4)}"
"(5, 25, 12, 22, 0)",1,"{(25, 12, 5, 22)}","{(2, 0, 2, 4)}"
"(5, 25, 12, 23, 0)",3,"{(25, 12, 5, 23)}","{('?', 0, '?', 4)}"
"(5, 25, 12, 27, 0)",4,"{(25, 27, 12, 5)}","{('?', 0, '?', '?')}"
"(5, 25, 24, 27, 0)",1,"{(24, 25, 27, 5)}","{('?', 5, 6, 4)}"
"(5, 25, 27, 13, 0)",2,"{(25, 13, 27, 5)}","{('?', 0, 6, 3)}"
"(5, 25, 27, 15, 0)",2,"{(25, 27, 5, 15)}","{('?', 0, '?', 3)}"
"(5, 25, 27, 20, 0)",1,"{(25, 27, 20, 5)}","{('?', 6, 6, 4)}"
"(5, 25, 27, 27, 0)",2,"{(25, 27, 5)}","{('?', 0, '?', 3)}"
"(5, 25, 27, 4, 0)",1,"{(25, 27, 4, 5)}","{(4, 0, 6, 3)}"
"(5, 25, 3, 12, 0)",1,"{(25, 3, 12, 5)}","{('?', 0, 0, 4)}"
"(5, 25, 3, 14, 0)",1,"{(25, 3, 5, 14)}","{(6, 0, 0, 4)}"
"(5, 25, 3, 17, 0)",1,"{(25, 3, 5, 17)}","{('?', 0, 0, 6)}"
"(5, 25, 3, 4, 0)",1,"{(25, 3, 4, 5)}","{(4, 0, 0, 4)}"
"(5, 25, 4, 20, 0)",2,"{(25, 20, 4, 5)}","{(4, 0, '?', 4)}"
"(5, 25, 4, 23, 0)",1,"{(25, 4, 5, 23)}","{(4, 0, 6, 4)}"
"(5, 25, 4, 27, 0)",3,"{(25, 27, 4, 5)}","{(4, 0, '?', '?')}"
"(5, 25, 9, 27, 0)",1,"{(25, 27, 5, 9)}","{(4, 5, 6, 4)}"
"(5, 26, 10, 24, 0)",1,"{(24, 26, 10, 5)}","{(3, 2, '?', 4)}"
"(5, 26, 10, 6, 0)",1,"{(26, 10, 5, 6)}","{(3, 2, '?', 4)}"
"(5, 26, 12, 12, 0)",1,"{(26, 12, 5)}","{(7, 4, '?', 6)}"
"(5, 26, 12, 15, 0)",1,"{(26, 12, 5, 15)}","{(7, 4, 1, 3)}"
"(5, 26, 12, 20, 0)",1,"{(26, 20, 12, 5)}","{(7, 4, '?', 4)}"
"(5, 26, 12, 21, 0)",5,"{(26, 21, 12, 5)}","{('?', 4, '?', '?')}"
"(5, 26, 12, 27, 0)",3,"{(26, 27, 12, 5)}","{('?', 4, '?', '?')}"
"(5, 26, 13, 12, 0)",3,"{(26, 13, 12, 5)}","{(3, 4, '?', '?')}"
"(5, 26, 13, 14, 0)",3,"{(26, 13, 5, 14)}","{(3, 4, '?', '?')}"
"(5, 26, 13, 15, 0)",1,"{(26, 13, 5, 15)}","{(3, 4, 1, 6)}"
"(5, 26, 15, 12, 0)",5,"{(26, 12, 5, 15)}","{('?', 4, '?', '?')}"
"(5, 26, 15, 13, 0)",1,"{(26, 13, 5, 15)}","{(3, 4, 1, 6)}"
"(5, 26, 15, 14, 0)",4,"{(26, 5, 14, 15)}","{(3, 4, '?', '?')}"
"(5, 26, 16, 12, 0)",2,"{(16, 26, 12, 5)}","{(3, 4, '?', '?')}"
"(5, 26, 16, 14, 0)",3,"{(16, 26, 5, 14)}","{(3, 4, '?', '?')}"
"(5, 26, 16, 16, 0)",1,"{(16, 26, 5)}","{(3, 2, '?', 3)}"
"(5, 26, 16, 6, 0)",3,"{(16, 26, 5, 6)}","{(3, 2, '?', '?')}"
"(5, 26, 17, 12, 0)",2,"{(17, 26, 12, 5)}","{('?', 4, '?', 4)}"
"(5, 26, 17, 14, 0)",1,"{(17, 26, 5, 14)}","{(3, 4, 1, 4)}"
"(5, 26, 17, 17, 0)",1,"{(17, 26, 5)}","{(7, 2, 1, 4)}"
"(5, 26, 17, 6, 0)",1,"{(17, 26, 5, 6)}","{(3, 2, 4, 4)}"
"(5, 26, 20, 12, 0)",2,"{(26, 12, 20, 5)}","{('?', 4, '?', 4)}"
"(5, 26, 21, 14, 0)",4,"{(26, 21, 5, 14)}","{(3, 4, '?', '?')}"
"(5, 26, 21, 21, 0)",1,"{(26, 21, 5)}","{(7, 2, 6, 6)}"
"(5, 26, 21, 24, 0)",1,"{(24, 26, 21, 5)}","{(5, 2, 6, 6)}"
"(5, 26, 21, 6, 0)",3,"{(26, 21, 5, 6)}","{(3, 2, '?', '?')}"
"(5, 26, 24, 13, 0)",3,"{(24, 26, 13, 5)}","{(3, 2, '?', '?')}"
"(5, 26, 24, 15, 0)",7,"{(24, 26, 5, 15)}","{('?', 2, '?', '?')}"
"(5, 26, 24, 17, 0)",3,"{(24, 17, 26, 5)}","{('?', 2, '?', 4)}"
"(5, 26, 24, 20, 0)",2,"{(24, 26, 20, 5)}","{('?', 2, '?', 4)}"
"(5, 26, 24, 21, 0)",7,"{(24, 26, 21, 5)}","{('?', 2, '?', '?')}"
"(5, 26, 24, 25, 0)",3,"{(24, 25, 26, 5)}","{('?', 2, '?', 4)}"
"(5, 26, 24, 27, 0)",4,"{(24, 26, 27, 5)}","{('?', 2, '?', '?')}"
"(5, 26, 25, 12, 0)",2,"{(25, 26, 12, 5)}","{('?', 4, 6, 4)}"
"(5, 26, 25, 14, 0)",2,"{(25, 26, 5, 14)}","{(3, 4, '?', 4)}"
"(5, 26, 25, 24, 0)",4,"{(24, 25, 26, 5)}","{('?', 2, '?', 4)}"
"(5, 26, 25, 25, 0)",1,"{(25, 26, 5)}","{(7, 2, 2, 4)}"
"(5, 26, 25, 6, 0)",1,"{(25, 26, 5, 6)}","{(3, 2, 2, 4)}"
"(5, 26, 27, 12, 0)",3,"{(26, 27, 12, 5)}","{('?', 4, '?', '?')}"
"(5, 26, 27, 21, 0)",1,"{(21, 26, 27, 5)}","{(5, 4, 2, 6)}"
"(5, 26, 3, 10, 0)",2,"{(10, 26, 3, 5)}","{(3, '?', 0, 4)}"
"(5, 26, 3, 12, 0)",3,"{(26, 3, 12, 5)}","{('?', 4, 0, '?')}"
"(5, 26, 3, 13, 0)",1,"{(13, 26, 3, 5)}","{(3, 2, 0, 3)}"
"(5, 26, 3, 14, 0)",1,"{(26, 3, 5, 14)}","{(3, 4, 0, 6)}"
"(5, 26, 3, 17, 0)",1,"{(17, 26, 3, 5)}","{(5, 4, 0, 4)}"
"(5, 26, 3, 20, 0)",2,"{(26, 3, 20, 5)}","{('?', 2, 0, 4)}"
"(5, 26, 3, 24, 0)",3,"{(24, 26, 3, 5)}","{('?', 2, 0, '?')}"
"(5, 26, 3, 6, 0)",1,"{(26, 3, 5, 6)}","{(3, 2, 0, 3)}"
"(5, 26, 6, 10, 0)",1,"{(26, 10, 5, 6)}","{(3, 2, '?', 4)}"
"(5, 26, 6, 15, 0)",1,"{(26, 5, 6, 15)}","{(3, 2, 1, 3)}"
"(5, 26, 6, 16, 0)",1,"{(16, 26, 5, 6)}","{(3, 2, '?', 3)}"
"(5, 26, 6, 17, 0)",2,"{(17, 26, 5, 6)}","{(3, 2, '?', 4)}"
"(5, 26, 6, 20, 0)",1,"{(26, 20, 5, 6)}","{(3, 2, '?', 4)}"
"(5, 26, 6, 21, 0)",3,"{(26, 21, 5, 6)}","{(3, 2, '?', '?')}"
"(5, 26, 6, 25, 0)",1,"{(25, 26, 5, 6)}","{(3, 2, 2, 4)}"
"(5, 27, 12, 16, 0)",3,"{(16, 27, 12, 5)}","{(6, 1, '?', '?')}"
"(5, 27, 12, 22, 0)",1,"{(27, 12, 5, 22)}","{(2, 1, '?', 6)}"
"(5, 27, 12, 27, 0)",2,"{(27, 12, 5)}","{('?', 1, '?', 3)}"
"(5, 27, 20, 12, 0)",1,"{(12, 27, 20, 5)}","{('?', 1, '?', 4)}"
"(5, 27, 20, 27, 0)",1,"{(27, 20, 5)}","{('?', '?', '?', 4)}"
"(5, 27, 21, 4, 0)",2,"{(21, 27, 4, 5)}","{(4, '?', '?', '?')}"
"(5, 27, 22, 27, 0)",1,"{(27, 5, 22)}","{(2, '?', '?', 6)}"
"(5, 27, 22, 4, 0)",3,"{(27, 4, 5, 22)}","{('?', '?', '?', '?')}"
"(5, 27, 22, 8, 0)",5,"{(8, 27, 5, 22)}","{('?', '?', '?', '?')}"
"(5, 27, 22, 9, 0)",1,"{(9, 27, 5, 22)}","{(1, 0, '?', 3)}"
"(5, 27, 27, 27, 0)",1,"{(27, 5)}","{('?', '?', '?', 6)}"
"(5, 27, 27, 4, 0)",1,"{(27, 4, 5)}","{(4, '?', '?', 6)}"
"(5, 27, 4, 21, 0)",4,"{(21, 27, 4, 5)}","{('?', 1, '?', '?')}"
"(5, 27, 4, 22, 0)",2,"{(27, 4, 5, 22)}","{('?', 1, '?', 3)}"
"(5, 27, 4, 23, 0)",1,"{(27, 4, 5, 23)}","{(1, 1, '?', 4)}"
"(5, 27, 4, 27, 0)",1,"{(27, 4, 5)}","{(4, 1, '?', 6)}"
"(5, 27, 9, 24, 0)",1,"{(24, 9, 27, 5)}","{(4, 5, '?', 6)}"
"(5, 3, 12, 12, 0)",1,"{(3, 12, 5)}","{('?', 0, 0, 6)}"
"(5, 3, 12, 15, 0)",1,"{(3, 12, 5, 15)}","{('?', 0, 0, 3)}"
"(5, 3, 12, 17, 0)",1,"{(17, 3, 12, 5)}","{('?', 0, 0, 6)}"
"(5, 3, 15, 12, 0)",1,"{(3, 12, 5, 15)}","{('?', 0, 0, 3)}"
"(5, 3, 15, 15, 0)",1,"{(3, 5, 15)}","{('?', 0, 0, 3)}"
"(5, 3, 15, 3, 0)",1,"{(3, 5, 15)}","{(6, 6, 0, 6)}"
"(5, 3, 15, 6, 0)",1,"{(3, 5, 6, 15)}","{(6, 6, 0, 3)}"
"(5, 3, 19, 15, 0)",1,"{(19, 3, 5, 15)}","{(2, 6, 0, 6)}"
"(5, 3, 19, 4, 0)",1,"{(19, 3, 4, 5)}","{(1, 0, 0, 3)}"
"(5, 3, 19, 9, 0)",1,"{(19, 9, 3, 5)}","{(0, 6, 0, 6)}"
"(5, 3, 23, 15, 0)",1,"{(3, 15, 5, 23)}","{(4, 0, 0, 3)}"
"(5, 3, 23, 27, 0)",1,"{(27, 3, 5, 23)}","{(4, 0, 0, 3)}"
"(5, 3, 24, 13, 0)",1,"{(24, 13, 3, 5)}","{(6, 6, 0, 6)}"
"(5, 3, 27, 12, 0)",1,"{(27, 3, 12, 5)}","{('?', 0, 0, 3)}"
"(5, 3, 27, 15, 0)",1,"{(27, 3, 5, 15)}","{('?', 0, 0, 3)}"
"(5, 3, 3, 13, 0)",1,"{(13, 3, 5)}","{(6, 6, 0, 3)}"
"(5, 3, 4, 4, 0)",1,"{(3, 4, 5)}","{(4, 0, 0, 6)}"
"(5, 4, 12, 12, 0)",1,"{(12, 4, 5)}","{(4, 7, '?', 6)}"
"(5, 4, 12, 15, 0)",4,"{(12, 4, 5, 15)}","{(4, '?', '?', 6)}"
"(5, 4, 12, 21, 0)",3,"{(12, 21, 4, 5)}","{(4, '?', '?', 6)}"
"(5, 4, 12, 27, 0)",2,"{(12, 27, 4, 5)}","{(4, '?', '?', 6)}"
"(5, 4, 15, 12, 0)",4,"{(12, 4, 5, 15)}","{(4, '?', '?', 6)}"
"(5, 4, 15, 15, 0)",1,"{(4, 5, 15)}","{(4, 7, 1, 3)}"
"(5, 4, 15, 19, 0)",1,"{(19, 4, 5, 15)}","{(1, 3, 4, 3)}"
"(5, 4, 17, 12, 0)",3,"{(17, 12, 4, 5)}","{(4, '?', '?', 4)}"
"(5, 4, 17, 17, 0)",1,"{(17, 4, 5)}","{(4, 3, 4, 4)}"
"(5, 4, 17, 3, 0)",1,"{(17, 3, 4, 5)}","{(4, 7, 0, 4)}"
"(5, 4, 19, 15, 0)",7,"{(19, 4, 5, 15)}","{('?', '?', '?', 3)}"
"(5, 4, 19, 19, 0)",5,"{(19, 4, 5)}","{('?', '?', '?', 3)}"
"(5, 4, 19, 4, 0)",7,"{(19, 4, 5)}","{('?', '?', '?', 6)}"
"(5, 4, 19, 9, 0)",7,"{(9, 19, 4, 5)}","{('?', '?', '?', 3)}"
"(5, 4, 20, 12, 0)",2,"{(20, 12, 4, 5)}","{(4, '?', '?', 4)}"
"(5, 4, 20, 22, 0)",2,"{(20, 4, 5, 22)}","{(1, '?', '?', 4)}"
"(5, 4, 20, 25, 0)",1,"{(25, 20, 4, 5)}","{(4, 3, 2, 4)}"
"(5, 4, 20, 3, 0)",1,"{(20, 3, 4, 5)}","{(4, 7, 0, 4)}"
"(5, 4, 21, 15, 0)",4,"{(21, 4, 5, 15)}","{(4, '?', '?', 3)}"
"(5, 4, 22, 14, 0)",2,"{(4, 5, 22, 14)}","{(1, 3, '?', 6)}"
"(5, 4, 22, 15, 0)",3,"{(4, 5, 22, 15)}","{('?', '?', '?', 3)}"
"(5, 4, 22, 21, 0)",7,"{(21, 4, 5, 22)}","{('?', '?', '?', '?')}"
"(5, 4, 22, 22, 0)",1,"{(4, 5, 22)}","{(1, 3, '?', 3)}"
"(5, 4, 22, 27, 0)",2,"{(27, 4, 5, 22)}","{('?', '?', '?', 3)}"
"(5, 4, 22, 3, 0)",1,"{(3, 4, 5, 22)}","{(0, 7, 0, 6)}"
"(5, 4, 22, 4, 0)",4,"{(4, 5, 22)}","{('?', '?', '?', 6)}"
"(5, 4, 22, 8, 0)",8,"{(8, 4, 5, 22)}","{('?', '?', '?', '?')}"
"(5, 4, 22, 9, 0)",3,"{(9, 4, 5, 22)}","{('?', '?', '?', 3)}"
"(5, 4, 23, 12, 0)",1,"{(12, 4, 5, 23)}","{(4, 7, 1, 4)}"
"(5, 4, 23, 19, 0)",6,"{(19, 4, 5, 23)}","{('?', '?', '?', 4)}"
"(5, 4, 23, 21, 0)",6,"{(21, 4, 5, 23)}","{('?', '?', '?', 4)}"
"(5, 4, 23, 22, 0)",4,"{(4, 5, 22, 23)}","{('?', '?', '?', 4)}"
"(5, 4, 23, 3, 0)",3,"{(3, 4, 5, 23)}","{('?', '?', 0, 4)}"
"(5, 4, 25, 12, 0)",1,"{(25, 12, 4, 5)}","{(4, 3, 2, 4)}"
"(5, 4, 27, 15, 0)",1,"{(27, 4, 5, 15)}","{(4, 3, '?', 3)}"
"(5, 4, 27, 21, 0)",4,"{(21, 27, 4, 5)}","{(4, '?', '?', 3)}"
"(5, 4, 27, 27, 0)",1,"{(27, 4, 5)}","{(4, 3, '?', 3)}"
"(5, 4, 3, 12, 0)",1,"{(12, 3, 4, 5)}","{(4, 7, 0, 6)}"
"(5, 4, 3, 15, 0)",1,"{(3, 4, 5, 15)}","{(4, 7, 0, 3)}"
"(5, 4, 3, 17, 0)",1,"{(17, 3, 4, 5)}","{(4, 7, 0, 4)}"
"(5, 4, 3, 19, 0)",5,"{(19, 3, 4, 5)}","{('?', '?', 0, '?')}"
"(5, 4, 3, 22, 0)",1,"{(3, 4, 5, 22)}","{(1, 3, 0, 3)}"
"(5, 4, 3, 27, 0)",1,"{(27, 3, 4, 5)}","{(4, 7, 0, 3)}"
"(5, 4, 3, 3, 0)",1,"{(3, 4, 5)}","{(1, 3, 0, 3)}"
"(5, 4, 4, 15, 0)",1,"{(4, 5, 15)}","{(4, 3, 4, 6)}"
"(5, 6, 10, 16, 0)",1,"{(16, 10, 5, 6)}","{(3, 6, '?', 4)}"
"(5, 6, 10, 21, 0)",1,"{(10, 21, 5, 6)}","{(3, 6, 6, 4)}"
"(5, 6, 10, 25, 0)",1,"{(25, 10, 5, 6)}","{(3, 6, 6, 4)}"
"(5, 6, 10, 3, 0)",1,"{(10, 3, 5, 6)}","{(3, 6, 0, 4)}"
"(5, 6, 13, 13, 0)",1,"{(13, 5, 6)}","{(3, 6, 1, 6)}"
"(5, 6, 13, 15, 0)",3,"{(13, 5, 6, 15)}","{(3, 6, '?', '?')}"
"(5, 6, 15, 13, 0)",4,"{(13, 5, 6, 15)}","{(3, 6, '?', '?')}"
"(5, 6, 15, 15, 0)",8,"{(5, 6, 15)}","{('?', 6, '?', '?')}"
"(5, 6, 15, 21, 0)",3,"{(21, 5, 6, 15)}","{('?', 6, 6, '?')}"
"(5, 6, 16, 13, 0)",1,"{(16, 13, 5, 6)}","{(3, 6, 2, 3)}"
"(5, 6, 16, 21, 0)",3,"{(16, 21, 5, 6)}","{(3, 6, '?', '?')}"
"(5, 6, 16, 6, 0)",1,"{(16, 5, 6)}","{(3, 6, 0, 6)}"
"(5, 6, 17, 1, 0)",1,"{(17, 5, 6, 1)}","{(7, 6, 1, 4)}"
"(5, 6, 17, 15, 0)",1,"{(17, 5, 6, 15)}","{(7, 6, 1, 4)}"
"(5, 6, 20, 1, 0)",1,"{(1, 20, 5, 6)}","{(5, 6, '?', 4)}"
"(5, 6, 20, 21, 0)",2,"{(21, 20, 5, 6)}","{('?', 6, 2, 4)}"
"(5, 6, 20, 25, 0)",1,"{(25, 20, 5, 6)}","{(7, 6, 2, 4)}"
"(5, 6, 20, 27, 0)",1,"{(27, 20, 5, 6)}","{(7, 6, '?', 4)}"
"(5, 6, 21, 13, 0)",2,"{(21, 13, 5, 6)}","{(3, 6, 2, '?')}"
"(5, 6, 27, 15, 0)",3,"{(27, 5, 6, 15)}","{('?', 6, '?', '?')}"
"(5, 6, 27, 21, 0)",7,"{(21, 27, 5, 6)}","{('?', 6, '?', '?')}"
"(5, 6, 27, 27, 0)",3,"{(27, 5, 6)}","{('?', 6, '?', '?')}"
"(5, 6, 3, 10, 0)",1,"{(10, 3, 5, 6)}","{(3, 6, 0, 4)}"
"(5, 6, 3, 13, 0)",2,"{(13, 3, 5, 6)}","{(3, 6, 0, '?')}"
"(5, 6, 3, 15, 0)",4,"{(3, 5, 6, 15)}","{('?', 6, 0, '?')}"
"(5, 6, 3, 16, 0)",1,"{(16, 3, 5, 6)}","{(3, 6, 0, 6)}"
"(5, 6, 3, 17, 0)",2,"{(17, 3, 5, 6)}","{('?', 6, 0, 4)}"
"(5, 6, 3, 20, 0)",1,"{(3, 20, 5, 6)}","{(7, 6, 0, 4)}"
"(5, 9, 15, 24, 0)",1,"{(24, 9, 5, 15)}","{(4, 5, 4, 3)}"
"(7, 1, 10, 16, 0)",3,"{(16, 1, 10, 7)}","{(3, 6, '?', 4)}"
"(7, 1, 10, 27, 0)",5,"{(1, 10, 27, 7)}","{('?', 6, '?', 4)}"
"(7, 1, 12, 12, 0)",2,"{(1, 12, 7)}","{('?', 0, '?', 6)}"
"(7, 1, 12, 14, 0)",2,"{(1, 12, 14, 7)}","{(6, 0, '?', 6)}"
"(7, 1, 12, 16, 0)",2,"{(16, 1, 12, 7)}","{(6, 0, '?', 6)}"
"(7, 1, 12, 20, 0)",1,"{(1, 12, 20, 7)}","{(4, 0, 5, 4)}"
"(7, 1, 12, 27, 0)",2,"{(1, 27, 12, 7)}","{('?', 0, '?', 6)}"
"(7, 1, 14, 12, 0)",1,"{(1, 12, 14, 7)}","{(6, 0, 7, 6)}"
"(7, 1, 14, 27, 0)",1,"{(1, 27, 14, 7)}","{(6, 0, 5, 6)}"
"(7, 1, 16, 13, 0)",3,"{(16, 1, 13, 7)}","{(3, 6, '?', '?')}"
"(7, 1, 16, 15, 0)",1,"{(16, 1, 15, 7)}","{(5, 6, 3, 3)}"
"(7, 1, 16, 16, 0)",1,"{(16, 1, 7)}","{(3, 6, 7, 3)}"
"(7, 1, 20, 10, 0)",2,"{(1, 10, 20, 7)}","{(6, 6, '?', 4)}"
"(7, 1, 20, 12, 0)",4,"{(1, 20, 12, 7)}","{('?', 0, '?', '?')}"
"(7, 1, 20, 14, 0)",1,"{(1, 20, 14, 7)}","{(6, 0, 5, 4)}"
"(7, 1, 20, 16, 0)",3,"{(16, 1, 20, 7)}","{(6, 6, '?', 4)}"
"(7, 1, 20, 22, 0)",5,"{(1, 20, 22, 7)}","{(2, '?', '?', 4)}"
"(7, 1, 20, 27, 0)",5,"{(1, 27, 20, 7)}","{('?', '?', '?', '?')}"
"(7, 1, 22, 12, 0)",3,"{(1, 12, 22, 7)}","{('?', 0, '?', 6)}"
"(7, 1, 22, 15, 0)",3,"{(1, 15, 22, 7)}","{('?', '?', '?', 3)}"
"(7, 1, 22, 20, 0)",3,"{(1, 20, 22, 7)}","{(2, 6, '?', 4)}"
"(7, 1, 22, 22, 0)",2,"{(1, 22, 7)}","{(2, 0, '?', 3)}"
"(7, 1, 22, 23, 0)",5,"{(1, 23, 22, 7)}","{('?', '?', '?', '?')}"
"(7, 1, 22, 27, 0)",7,"{(1, 27, 22, 7)}","{('?', '?', '?', '?')}"
"(7, 1, 22, 4, 0)",5,"{(1, 4, 22, 7)}","{('?', 0, '?', 6)}"
"(7, 1, 22, 8, 0)",2,"{(8, 1, 22, 7)}","{('?', 0, '?', 3)}"
"(7, 1, 22, 9, 0)",8,"{(1, 9, 22, 7)}","{('?', '?', '?', '?')}"
"(7, 1, 23, 1, 0)",1,"{(1, 23, 7)}","{(4, 6, 3, 4)}"
"(7, 1, 23, 12, 0)",6,"{(1, 23, 12, 7)}","{(4, 0, '?', '?')}"
"(7, 1, 23, 22, 0)",11,"{(1, 23, 22, 7)}","{('?', '?', '?', '?')}"
"(7, 1, 23, 27, 0)",8,"{(1, 27, 23, 7)}","{(4, '?', '?', '?')}"
"(7, 1, 27, 10, 0)",1,"{(1, 10, 27, 7)}","{(6, 6, 3, 4)}"
"(7, 1, 27, 12, 0)",4,"{(1, 27, 12, 7)}","{('?', 0, '?', '?')}"
"(7, 1, 27, 13, 0)",5,"{(1, 27, 13, 7)}","{(6, 6, '?', '?')}"
"(7, 1, 27, 14, 0)",3,"{(1, 27, 14, 7)}","{(6, 0, '?', 3)}"
"(7, 1, 27, 15, 0)",9,"{(1, 27, 15, 7)}","{('?', '?', '?', '?')}"
"(7, 1, 27, 16, 0)",6,"{(16, 1, 27, 7)}","{(6, '?', '?', '?')}"
"(7, 1, 27, 27, 0)",9,"{(1, 27, 7)}","{('?', '?', '?', '?')}"
"(7, 1, 27, 6, 0)",1,"{(1, 27, 6, 7)}","{(6, 6, 5, 6)}"
"(7, 1, 27, 9, 0)",5,"{(1, 27, 9, 7)}","{(4, 6, '?', '?')}"
"(7, 1, 4, 12, 0)",1,"{(1, 4, 12, 7)}","{(4, 0, 7, 6)}"
"(7, 1, 4, 27, 0)",4,"{(1, 27, 4, 7)}","{(4, 0, '?', '?')}"
"(7, 1, 4, 4, 0)",1,"{(1, 4, 7)}","{(4, 0, 7, 6)}"
"(7, 10, 1, 27, 0)",8,"{(1, 10, 27, 7)}","{('?', '?', '?', '?')}"
"(7, 10, 10, 12, 0)",1,"{(10, 12, 7)}","{(3, 0, 3, 4)}"
"(7, 10, 10, 14, 0)",1,"{(10, 14, 7)}","{(3, 0, 3, 4)}"
"(7, 10, 12, 20, 0)",1,"{(10, 12, 20, 7)}","{(7, 0, 7, 4)}"
"(7, 10, 12, 27, 0)",11,"{(10, 27, 12, 7)}","{('?', 0, '?', '?')}"
"(7, 10, 14, 14, 0)",1,"{(10, 14, 7)}","{(3, 0, 3, 4)}"
"(7, 10, 14, 16, 0)",4,"{(16, 10, 14, 7)}","{(3, 0, '?', '?')}"
"(7, 10, 14, 27, 0)",1,"{(10, 27, 14, 7)}","{(3, 0, 3, 6)}"
"(7, 10, 16, 10, 0)",1,"{(16, 10, 7)}","{(3, 0, 3, 3)}"
"(7, 10, 16, 13, 0)",3,"{(16, 10, 13, 7)}","{(3, 0, '?', 3)}"
"(7, 10, 16, 14, 0)",3,"{(16, 10, 14, 7)}","{(3, 0, '?', '?')}"
"(7, 10, 16, 15, 0)",1,"{(16, 10, 15, 7)}","{(3, 0, 7, 3)}"
"(7, 10, 16, 16, 0)",3,"{(16, 10, 7)}","{(3, '?', '?', '?')}"
"(7, 10, 27, 15, 0)",1,"{(10, 27, 15, 7)}","{(7, 0, 7, 3)}"
"(7, 10, 27, 27, 0)",4,"{(10, 27, 7)}","{('?', 0, '?', 3)}"
"(7, 11, 12, 16, 0)",1,"{(16, 11, 12, 7)}","{(6, 4, 7, 3)}"
"(7, 11, 15, 14, 0)",1,"{(11, 15, 14, 7)}","{(6, 4, 5, 6)}"
"(7, 11, 20, 10, 0)",4,"{(10, 11, 20, 7)}","{(6, '?', '?', 4)}"
"(7, 11, 20, 12, 0)",2,"{(11, 20, 12, 7)}","{('?', 4, '?', 4)}"
"(7, 11, 20, 14, 0)",3,"{(11, 20, 14, 7)}","{(6, 4, '?', 4)}"
"(7, 11, 20, 16, 0)",1,"{(16, 11, 20, 7)}","{(6, 2, 7, 4)}"
"(7, 11, 20, 22, 0)",2,"{(11, 20, 22, 7)}","{(2, 4, '?', 4)}"
"(7, 11, 20, 24, 0)",1,"{(24, 11, 20, 7)}","{('?', 2, 5, 4)}"
"(7, 11, 20, 6, 0)",3,"{(11, 20, 6, 7)}","{(6, 2, '?', 4)}"
"(7, 11, 22, 22, 0)",1,"{(11, 22, 7)}","{(2, 4, 5, 4)}"
"(7, 11, 22, 4, 0)",6,"{(11, 4, 22, 7)}","{('?', 4, '?', '?')}"
"(7, 11, 23, 12, 0)",4,"{(11, 23, 12, 7)}","{('?', 4, '?', 4)}"
"(7, 11, 23, 22, 0)",7,"{(11, 23, 22, 7)}","{('?', '?', '?', 4)}"
"(7, 11, 23, 24, 0)",2,"{(24, 11, 23, 7)}","{(4, 2, '?', 4)}"
"(7, 11, 27, 12, 0)",4,"{(27, 11, 12, 7)}","{('?', 4, '?', '?')}"
"(7, 11, 27, 14, 0)",5,"{(27, 11, 14, 7)}","{(6, 4, '?', '?')}"
"(7, 11, 27, 4, 0)",2,"{(27, 11, 4, 7)}","{(4, 4, '?', 6)}"
"(7, 11, 4, 27, 0)",5,"{(27, 11, 4, 7)}","{(4, 4, '?', '?')}"
"(7, 12, 12, 12, 0)",3,"{(12, 7)}","{('?', '?', '?', 6)}"
"(7, 12, 12, 16, 0)",3,"{(16, 12, 7)}","{(6, '?', '?', 6)}"
"(7, 12, 12, 27, 0)",4,"{(27, 12, 7)}","{('?', '?', '?', 6)}"
"(7, 12, 20, 10, 0)",2,"{(10, 12, 20, 7)}","{(6, '?', 7, 4)}"
"(7, 12, 20, 12, 0)",6,"{(12, 20, 7)}","{('?', '?', '?', 4)}"
"(7, 12, 20, 14, 0)",5,"{(12, 20, 14, 7)}","{(6, '?', '?', 4)}"
"(7, 12, 20, 16, 0)",4,"{(16, 12, 20, 7)}","{(6, '?', '?', 4)}"
"(7, 12, 20, 22, 0)",4,"{(12, 20, 22, 7)}","{(2, '?', '?', 4)}"
"(7, 12, 22, 12, 0)",10,"{(12, 22, 7)}","{(2, '?', '?', '?')}"
"(7, 12, 22, 15, 0)",2,"{(12, 15, 22, 7)}","{('?', '?', 3, 3)}"
"(7, 12, 22, 16, 0)",1,"{(16, 12, 22, 7)}","{(2, 3, 3, 3)}"
"(7, 12, 22, 20, 0)",3,"{(12, 20, 22, 7)}","{(2, '?', '?', 4)}"
"(7, 12, 22, 22, 0)",1,"{(12, 22, 7)}","{(0, 7, 3, 3)}"
"(7, 12, 22, 23, 0)",2,"{(12, 23, 22, 7)}","{(0, '?', 3, 4)}"
"(7, 12, 22, 27, 0)",9,"{(27, 12, 22, 7)}","{('?', '?', '?', 3)}"
"(7, 12, 22, 4, 0)",2,"{(12, 4, 22, 7)}","{(0, '?', 3, 6)}"
"(7, 12, 23, 22, 0)",2,"{(12, 23, 22, 7)}","{(0, '?', 3, 4)}"
"(7, 12, 27, 12, 0)",7,"{(27, 12, 7)}","{('?', '?', '?', '?')}"
"(7, 12, 27, 13, 0)",5,"{(27, 12, 13, 7)}","{(6, '?', '?', 3)}"
"(7, 12, 27, 14, 0)",5,"{(27, 12, 14, 7)}","{(6, '?', '?', 6)}"
"(7, 12, 27, 15, 0)",5,"{(27, 12, 15, 7)}","{('?', '?', '?', 3)}"
"(7, 12, 27, 16, 0)",3,"{(16, 27, 12, 7)}","{(6, '?', '?', 3)}"
"(7, 12, 27, 22, 0)",1,"{(27, 12, 22, 7)}","{(2, 3, 5, 3)}"
"(7, 12, 27, 27, 0)",6,"{(27, 12, 7)}","{('?', '?', '?', 3)}"
"(7, 13, 1, 20, 0)",2,"{(1, 20, 13, 7)}","{(7, '?', '?', 4)}"
"(7, 13, 1, 27, 0)",4,"{(1, 27, 13, 7)}","{('?', 0, '?', 3)}"
"(7, 13, 10, 10, 0)",1,"{(10, 13, 7)}","{(3, '?', 3, 4)}"
"(7, 13, 10, 16, 0)",1,"{(16, 10, 13, 7)}","{(3, '?', 3, 4)}"
"(7, 13, 10, 24, 0)",3,"{(24, 10, 13, 7)}","{(3, 5, '?', 4)}"
"(7, 13, 10, 27, 0)",5,"{(10, 27, 13, 7)}","{(3, '?', '?', '?')}"
"(7, 13, 10, 6, 0)",1,"{(10, 13, 6, 7)}","{(3, 5, 7, 4)}"
"(7, 13, 12, 20, 0)",5,"{(20, 12, 13, 7)}","{('?', 1, '?', 4)}"
"(7, 13, 12, 27, 0)",13,"{(27, 12, 13, 7)}","{('?', '?', '?', '?')}"
"(7, 13, 14, 10, 0)",3,"{(10, 13, 14, 7)}","{(3, 1, '?', 4)}"
"(7, 13, 14, 16, 0)",6,"{(16, 13, 14, 7)}","{(3, 1, '?', '?')}"
"(7, 13, 14, 20, 0)",2,"{(20, 13, 14, 7)}","{(3, 1, '?', 4)}"
"(7, 13, 16, 10, 0)",1,"{(16, 10, 13, 7)}","{(3, '?', 7, 4)}"
"(7, 13, 16, 13, 0)",3,"{(16, 13, 7)}","{(3, '?', '?', '?')}"
"(7, 13, 16, 14, 0)",2,"{(16, 13, 14, 7)}","{(3, '?', 7, 6)}"
"(7, 13, 16, 15, 0)",5,"{(16, 15, 13, 7)}","{(3, '?', '?', '?')}"
"(7, 13, 16, 16, 0)",4,"{(16, 13, 7)}","{(3, '?', '?', '?')}"
"(7, 13, 16, 27, 0)",1,"{(16, 27, 13, 7)}","{(3, 0, 3, 3)}"
"(7, 13, 16, 3, 0)",1,"{(16, 3, 13, 7)}","{(3, '?', 5, 3)}"
"(7, 13, 20, 1, 0)",1,"{(1, 20, 13, 7)}","{(7, '?', 5, 4)}"
"(7, 13, 20, 20, 0)",1,"{(20, 13, 7)}","{(7, '?', 3, 4)}"
"(7, 13, 20, 27, 0)",7,"{(27, 20, 13, 7)}","{('?', '?', '?', 4)}"
"(7, 13, 24, 16, 0)",2,"{(24, 16, 13, 7)}","{(3, 5, '?', 6)}"
"(7, 13, 24, 20, 0)",7,"{(24, 20, 13, 7)}","{('?', '?', '?', 4)}"
"(7, 13, 24, 24, 0)",2,"{(24, 13, 7)}","{('?', 5, 3, 6)}"
"(7, 13, 24, 27, 0)",11,"{(24, 27, 13, 7)}","{('?', 5, '?', '?')}"
"(7, 13, 24, 6, 0)",1,"{(24, 13, 6, 7)}","{(3, 5, 3, 6)}"
"(7, 13, 24, 9, 0)",1,"{(24, 9, 13, 7)}","{(5, 5, 5, 6)}"
"(7, 13, 27, 13, 0)",5,"{(27, 13, 7)}","{(3, '?', '?', '?')}"
"(7, 13, 27, 15, 0)",12,"{(27, 15, 13, 7)}","{('?', '?', '?', '?')}"
"(7, 13, 27, 16, 0)",3,"{(16, 27, 13, 7)}","{(3, '?', '?', '?')}"
"(7, 13, 27, 20, 0)",4,"{(27, 20, 13, 7)}","{('?', '?', '?', 4)}"
"(7, 13, 27, 27, 0)",14,"{(27, 13, 7)}","{('?', '?', '?', '?')}"
"(7, 13, 6, 10, 0)",3,"{(10, 13, 6, 7)}","{(3, 5, '?', 4)}"
"(7, 13, 6, 16, 0)",5,"{(16, 13, 6, 7)}","{(3, 5, '?', '?')}"
"(7, 13, 6, 24, 0)",1,"{(24, 13, 6, 7)}","{(3, 5, 3, 6)}"
"(7, 13, 6, 27, 0)",3,"{(27, 13, 6, 7)}","{(3, 5, '?', '?')}"
"(7, 13, 6, 6, 0)",2,"{(13, 6, 7)}","{(3, 5, 5, '?')}"
"(7, 14, 10, 1, 0)",1,"{(1, 10, 14, 7)}","{(3, 7, 3, 4)}"
"(7, 14, 10, 10, 0)",4,"{(10, 14, 7)}","{(3, '?', '?', 4)}"
"(7, 14, 10, 12, 0)",4,"{(10, 12, 14, 7)}","{(3, '?', '?', 4)}"
"(7, 14, 10, 14, 0)",2,"{(10, 14, 7)}","{(3, '?', 7, 4)}"
"(7, 14, 10, 16, 0)",3,"{(16, 10, 14, 7)}","{(3, '?', '?', 4)}"
"(7, 14, 12, 12, 0)",2,"{(12, 14, 7)}","{(5, '?', '?', 6)}"
"(7, 14, 12, 20, 0)",8,"{(12, 20, 14, 7)}","{('?', '?', '?', 4)}"
"(7, 14, 12, 27, 0)",10,"{(27, 12, 14, 7)}","{('?', '?', '?', 6)}"
"(7, 14, 13, 16, 0)",1,"{(16, 13, 14, 7)}","{(3, 7, 7, 3)}"
"(7, 14, 14, 16, 0)",3,"{(16, 14, 7)}","{(3, '?', '?', 6)}"
"(7, 14, 16, 12, 0)",1,"{(16, 12, 14, 7)}","{(3, 3, 3, 6)}"
"(7, 14, 16, 13, 0)",4,"{(16, 13, 14, 7)}","{(3, '?', '?', 3)}"
"(7, 14, 16, 14, 0)",4,"{(16, 14, 7)}","{(3, '?', '?', 6)}"
"(7, 14, 16, 15, 0)",2,"{(16, 15, 14, 7)}","{(3, '?', '?', 3)}"
"(7, 14, 16, 16, 0)",1,"{(16, 14, 7)}","{(3, 7, 7, 3)}"
"(7, 14, 20, 12, 0)",12,"{(20, 12, 14, 7)}","{('?', '?', '?', 4)}"
"(7, 14, 23, 27, 0)",1,"{(27, 23, 14, 7)}","{(5, 3, 7, 4)}"
"(7, 14, 27, 15, 0)",3,"{(27, 15, 14, 7)}","{('?', '?', 5, 3)}"
"(7, 14, 27, 27, 0)",11,"{(27, 14, 7)}","{('?', '?', '?', 3)}"
"(7, 15, 12, 10, 0)",3,"{(10, 15, 12, 7)}","{(6, 1, '?', 4)}"
"(7, 15, 12, 16, 0)",6,"{(16, 15, 12, 7)}","{(6, 1, '?', '?')}"
"(7, 15, 12, 20, 0)",4,"{(20, 15, 12, 7)}","{('?', 1, '?', 4)}"
"(7, 15, 12, 22, 0)",3,"{(15, 12, 22, 7)}","{(2, 1, '?', '?')}"
"(7, 15, 12, 27, 0)",5,"{(27, 15, 12, 7)}","{('?', 1, '?', '?')}"
"(7, 15, 20, 10, 0)",2,"{(10, 15, 20, 7)}","{(6, '?', '?', 4)}"
"(7, 15, 20, 16, 0)",1,"{(16, 15, 20, 7)}","{(6, '?', 5, 4)}"
"(7, 15, 20, 22, 0)",2,"{(15, 20, 22, 7)}","{(2, '?', '?', 4)}"
"(7, 15, 20, 27, 0)",3,"{(27, 15, 20, 7)}","{('?', '?', '?', 4)}"
"(7, 15, 22, 12, 0)",1,"{(15, 12, 22, 7)}","{(0, '?', 3, 3)}"
"(7, 15, 22, 15, 0)",1,"{(15, 22, 7)}","{(2, '?', 3, 3)}"
"(7, 15, 22, 27, 0)",2,"{(27, 15, 22, 7)}","{(2, '?', '?', 3)}"
"(7, 15, 22, 4, 0)",6,"{(15, 4, 22, 7)}","{('?', '?', '?', '?')}"
"(7, 15, 23, 12, 0)",1,"{(12, 15, 23, 7)}","{(4, '?', 7, 4)}"
"(7, 15, 23, 22, 0)",4,"{(15, 23, 22, 7)}","{('?', '?', '?', 4)}"
"(7, 15, 27, 10, 0)",2,"{(10, 27, 15, 7)}","{(6, '?', '?', 4)}"
"(7, 15, 27, 12, 0)",2,"{(27, 15, 12, 7)}","{('?', '?', '?', 3)}"
"(7, 15, 27, 13, 0)",3,"{(27, 15, 13, 7)}","{(6, '?', '?', '?')}"
"(7, 15, 27, 14, 0)",1,"{(27, 15, 14, 7)}","{(6, '?', 7, 3)}"
"(7, 15, 27, 15, 0)",2,"{(27, 15, 7)}","{('?', '?', '?', '?')}"
"(7, 15, 27, 16, 0)",3,"{(16, 27, 15, 7)}","{(6, '?', '?', '?')}"
"(7, 15, 27, 27, 0)",6,"{(27, 15, 7)}","{('?', '?', '?', '?')}"
"(7, 15, 27, 4, 0)",4,"{(27, 15, 4, 7)}","{(4, '?', '?', '?')}"
"(7, 15, 4, 20, 0)",2,"{(20, 15, 4, 7)}","{(4, 1, '?', 4)}"
"(7, 15, 4, 22, 0)",3,"{(15, 4, 22, 7)}","{('?', 1, '?', 3)}"
"(7, 15, 4, 23, 0)",5,"{(23, 15, 4, 7)}","{('?', 1, '?', 4)}"
"(7, 15, 4, 27, 0)",3,"{(27, 15, 4, 7)}","{(4, 1, '?', '?')}"
"(7, 16, 27, 27, 0)",1,"{(16, 27, 7)}","{(5, 0, 5, 3)}"
"(7, 19, 27, 22, 0)",1,"{(27, 19, 22, 7)}","{(2, 0, 5, 3)}"
"(7, 2, 20, 12, 0)",1,"{(2, 20, 12, 7)}","{('?', 4, 7, 4)}"
"(7, 2, 20, 16, 0)",1,"{(16, 2, 20, 7)}","{(6, 2, 3, 4)}"
"(7, 2, 20, 22, 0)",5,"{(2, 20, 22, 7)}","{(2, '?', '?', 4)}"
"(7, 2, 20, 24, 0)",1,"{(24, 2, 20, 7)}","{('?', 2, 5, 4)}"
"(7, 2, 20, 6, 0)",3,"{(2, 20, 6, 7)}","{(6, 2, '?', 4)}"
"(7, 2, 22, 12, 0)",8,"{(2, 12, 22, 7)}","{('?', 4, '?', '?')}"
"(7, 2, 22, 20, 0)",3,"{(2, 20, 22, 7)}","{(2, 4, '?', 4)}"
"(7, 2, 22, 24, 0)",7,"{(24, 2, 22, 7)}","{(2, 2, '?', '?')}"
"(7, 2, 22, 4, 0)",12,"{(2, 4, 22, 7)}","{('?', 4, '?', '?')}"
"(7, 2, 22, 9, 0)",10,"{(9, 2, 22, 7)}","{('?', 2, '?', '?')}"
"(7, 2, 23, 22, 0)",5,"{(2, 23, 22, 7)}","{('?', '?', '?', 4)}"
"(7, 2, 23, 24, 0)",2,"{(24, 2, 23, 7)}","{(4, 2, '?', 4)}"
"(7, 2, 24, 16, 0)",4,"{(24, 16, 2, 7)}","{(6, 2, '?', '?')}"
"(7, 2, 24, 24, 0)",2,"{(24, 2, 7)}","{('?', 2, '?', 6)}"
"(7, 2, 24, 27, 0)",5,"{(24, 2, 27, 7)}","{('?', 2, '?', '?')}"
"(7, 2, 27, 12, 0)",4,"{(2, 27, 12, 7)}","{('?', 4, '?', '?')}"
"(7, 2, 27, 14, 0)",5,"{(2, 27, 14, 7)}","{(6, 4, '?', '?')}"
"(7, 2, 27, 16, 0)",3,"{(16, 2, 27, 7)}","{(6, 2, '?', '?')}"
"(7, 2, 27, 24, 0)",2,"{(24, 2, 27, 7)}","{('?', 2, '?', 3)}"
"(7, 2, 27, 4, 0)",5,"{(2, 27, 4, 7)}","{(4, 4, '?', '?')}"
"(7, 2, 27, 6, 0)",3,"{(2, 27, 6, 7)}","{(6, 2, '?', '?')}"
"(7, 2, 4, 27, 0)",5,"{(2, 27, 4, 7)}","{(4, 4, '?', '?')}"
"(7, 2, 9, 27, 0)",3,"{(9, 2, 27, 7)}","{(4, 2, '?', '?')}"
"(7, 20, 12, 16, 0)",3,"{(16, 20, 12, 7)}","{(6, 0, '?', '?')}"
"(7, 20, 12, 20, 0)",1,"{(20, 12, 7)}","{('?', 0, 7, 4)}"
"(7, 20, 12, 27, 0)",2,"{(27, 20, 12, 7)}","{('?', 0, '?', 4)}"
"(7, 20, 22, 12, 0)",3,"{(20, 12, 22, 7)}","{(2, 0, '?', 4)}"
"(7, 22, 22, 12, 0)",2,"{(12, 22, 7)}","{(2, 0, '?', 6)}"
"(7, 22, 22, 4, 0)",1,"{(4, 22, 7)}","{(0, 0, 7, 6)}"
"(7, 23, 12, 27, 0)",3,"{(27, 23, 12, 7)}","{(4, 0, '?', 4)}"
"(7, 23, 20, 12, 0)",1,"{(12, 23, 20, 7)}","{(4, 0, 7, 4)}"
"(7, 23, 22, 12, 0)",8,"{(23, 12, 22, 7)}","{('?', 0, '?', '?')}"
"(7, 23, 22, 4, 0)",5,"{(23, 4, 22, 7)}","{('?', 0, '?', '?')}"
"(7, 23, 27, 12, 0)",1,"{(27, 23, 12, 7)}","{(4, 0, 3, 4)}"
"(7, 23, 27, 27, 0)",1,"{(27, 23, 7)}","{(4, 0, 3, 4)}"
"(7, 24, 19, 23, 0)",1,"{(24, 19, 23, 7)}","{(0, 5, 5, 4)}"
"(7, 24, 20, 10, 0)",3,"{(24, 10, 20, 7)}","{(6, 5, '?', 4)}"
"(7, 24, 20, 13, 0)",1,"{(24, 20, 13, 7)}","{(6, 5, 7, 4)}"
"(7, 24, 20, 16, 0)",3,"{(24, 16, 20, 7)}","{(6, 5, '?', 4)}"
"(7, 24, 20, 22, 0)",4,"{(24, 20, 22, 7)}","{('?', 5, '?', 4)}"
"(7, 24, 20, 24, 0)",4,"{(24, 20, 7)}","{('?', 5, '?', 4)}"
"(7, 24, 20, 6, 0)",2,"{(24, 20, 6, 7)}","{(6, 5, '?', 4)}"
"(7, 24, 22, 15, 0)",3,"{(24, 15, 22, 7)}","{(2, 5, '?', 3)}"
"(7, 24, 22, 20, 0)",2,"{(24, 20, 22, 7)}","{(2, 5, '?', 4)}"
"(7, 24, 22, 24, 0)",11,"{(24, 22, 7)}","{('?', 5, '?', '?')}"
"(7, 24, 22, 3, 0)",2,"{(24, 3, 22, 7)}","{(2, 5, 7, '?')}"
"(7, 24, 22, 4, 0)",1,"{(24, 4, 22, 7)}","{(0, 5, 5, 3)}"
"(7, 24, 22, 8, 0)",1,"{(24, 8, 22, 7)}","{(1, 5, 7, 6)}"
"(7, 24, 22, 9, 0)",9,"{(24, 9, 22, 7)}","{('?', 5, '?', '?')}"
"(7, 24, 23, 12, 0)",2,"{(24, 23, 12, 7)}","{(4, 5, '?', 4)}"
"(7, 24, 23, 19, 0)",3,"{(24, 19, 23, 7)}","{('?', 5, '?', 4)}"
"(7, 24, 23, 22, 0)",4,"{(24, 23, 22, 7)}","{('?', 5, '?', 4)}"
"(7, 24, 23, 24, 0)",2,"{(24, 23, 7)}","{(4, 5, '?', 4)}"
"(7, 24, 24, 20, 0)",1,"{(24, 20, 7)}","{(2, 5, 5, 4)}"
"(7, 24, 27, 13, 0)",6,"{(24, 27, 13, 7)}","{(6, 5, '?', '?')}"
"(7, 24, 27, 15, 0)",2,"{(24, 27, 15, 7)}","{('?', 5, '?', 3)}"
"(7, 24, 27, 16, 0)",6,"{(24, 16, 27, 7)}","{(6, 5, '?', '?')}"
"(7, 24, 27, 20, 0)",1,"{(24, 27, 20, 7)}","{('?', 5, 5, 4)}"
"(7, 24, 27, 24, 0)",6,"{(24, 27, 7)}","{('?', 5, '?', '?')}"
"(7, 24, 27, 27, 0)",3,"{(24, 27, 7)}","{('?', 5, '?', '?')}"
"(7, 24, 27, 6, 0)",1,"{(24, 27, 6, 7)}","{(6, 5, 7, 6)}"
"(7, 24, 27, 9, 0)",4,"{(24, 9, 27, 7)}","{(4, 5, '?', '?')}"
"(7, 24, 9, 27, 0)",3,"{(24, 9, 27, 7)}","{(4, 5, '?', '?')}"
"(7, 26, 10, 12, 0)",2,"{(26, 10, 12, 7)}","{(3, 4, '?', 4)}"
"(7, 26, 10, 6, 0)",2,"{(26, 10, 6, 7)}","{(3, 2, '?', 4)}"
"(7, 26, 12, 12, 0)",4,"{(26, 12, 7)}","{('?', 4, '?', '?')}"
"(7, 26, 12, 27, 0)",10,"{(26, 27, 12, 7)}","{('?', 4, '?', '?')}"
"(7, 26, 16, 10, 0)",1,"{(16, 26, 10, 7)}","{(3, 4, 3, 4)}"
"(7, 26, 16, 12, 0)",2,"{(16, 26, 12, 7)}","{(3, 4, '?', 3)}"
"(7, 26, 16, 14, 0)",5,"{(16, 26, 14, 7)}","{(3, 4, '?', '?')}"
"(7, 26, 16, 6, 0)",5,"{(16, 26, 6, 7)}","{(3, 2, '?', '?')}"
"(7, 26, 20, 12, 0)",5,"{(26, 20, 12, 7)}","{('?', 4, '?', 4)}"
"(7, 26, 20, 16, 0)",2,"{(16, 26, 20, 7)}","{(3, 4, '?', 4)}"
"(7, 26, 20, 27, 0)",1,"{(26, 27, 20, 7)}","{(5, 4, 3, 4)}"
"(7, 26, 23, 16, 0)",1,"{(16, 26, 23, 7)}","{(3, 4, 3, 4)}"
"(7, 26, 23, 27, 0)",1,"{(26, 27, 23, 7)}","{(5, 4, 3, 4)}"
"(7, 26, 24, 16, 0)",4,"{(24, 16, 26, 7)}","{(3, 2, '?', '?')}"
"(7, 26, 24, 20, 0)",5,"{(24, 26, 20, 7)}","{('?', 2, '?', 4)}"
"(7, 26, 24, 27, 0)",8,"{(24, 26, 27, 7)}","{('?', 2, '?', '?')}"
"(7, 26, 27, 12, 0)",10,"{(26, 27, 12, 7)}","{('?', 4, '?', '?')}"
"(7, 26, 6, 10, 0)",2,"{(26, 10, 6, 7)}","{(3, 2, '?', 4)}"
"(7, 26, 6, 16, 0)",3,"{(16, 26, 6, 7)}","{(3, 2, '?', '?')}"
"(7, 26, 6, 20, 0)",2,"{(26, 20, 6, 7)}","{(3, 2, '?', 4)}"
"(7, 27, 12, 10, 0)",2,"{(10, 27, 12, 7)}","{(6, 1, '?', 4)}"
"(7, 27, 12, 16, 0)",5,"{(16, 27, 12, 7)}","{(6, 1, '?', '?')}"
"(7, 27, 12, 20, 0)",4,"{(27, 12, 20, 7)}","{('?', 1, '?', 4)}"
"(7, 27, 12, 22, 0)",5,"{(27, 12, 22, 7)}","{(2, 1, '?', '?')}"
"(7, 27, 12, 27, 0)",5,"{(27, 12, 7)}","{('?', 1, '?', '?')}"
"(7, 27, 20, 10, 0)",2,"{(10, 27, 20, 7)}","{(6, '?', '?', 4)}"
"(7, 27, 20, 22, 0)",2,"{(27, 20, 22, 7)}","{(2, '?', '?', 4)}"
"(7, 27, 20, 24, 0)",1,"{(24, 27, 20, 7)}","{('?', 5, 5, 4)}"
"(7, 27, 20, 27, 0)",3,"{(27, 20, 7)}","{('?', '?', '?', 4)}"
"(7, 27, 22, 15, 0)",7,"{(27, 15, 22, 7)}","{('?', '?', '?', '?')}"
"(7, 27, 22, 22, 0)",1,"{(27, 22, 7)}","{(2, '?', 7, 4)}"
"(7, 27, 22, 27, 0)",5,"{(27, 22, 7)}","{('?', '?', '?', '?')}"
"(7, 27, 22, 4, 0)",12,"{(27, 4, 22, 7)}","{('?', '?', '?', '?')}"
"(7, 27, 22, 9, 0)",2,"{(9, 27, 22, 7)}","{(1, 5, '?', 6)}"
"(7, 27, 23, 12, 0)",1,"{(27, 23, 12, 7)}","{(4, '?', 7, 4)}"
"(7, 27, 23, 22, 0)",5,"{(27, 23, 22, 7)}","{('?', '?', '?', 4)}"
"(7, 27, 23, 27, 0)",2,"{(27, 23, 7)}","{(4, '?', '?', 4)}"
"(7, 27, 24, 16, 0)",1,"{(24, 16, 27, 7)}","{(6, 5, 3, 3)}"
"(7, 27, 24, 27, 0)",1,"{(24, 27, 7)}","{('?', 5, 5, 6)}"
"(7, 27, 27, 10, 0)",1,"{(10, 27, 7)}","{(6, '?', 7, 4)}"
"(7, 27, 27, 12, 0)",5,"{(27, 12, 7)}","{('?', '?', '?', '?')}"
"(7, 27, 27, 13, 0)",3,"{(27, 13, 7)}","{(6, '?', '?', '?')}"
"(7, 27, 27, 15, 0)",2,"{(27, 15, 7)}","{('?', '?', '?', 3)}"
"(7, 27, 27, 16, 0)",4,"{(16, 27, 7)}","{(6, '?', '?', '?')}"
"(7, 27, 27, 27, 0)",7,"{(27, 7)}","{('?', '?', '?', '?')}"
"(7, 27, 27, 4, 0)",6,"{(27, 4, 7)}","{(4, '?', '?', '?')}"
"(7, 27, 4, 20, 0)",3,"{(27, 4, 20, 7)}","{('?', 1, '?', 4)}"
"(7, 27, 4, 22, 0)",11,"{(27, 4, 22, 7)}","{('?', 1, '?', '?')}"
"(7, 27, 4, 23, 0)",5,"{(27, 4, 23, 7)}","{('?', 1, '?', 4)}"
"(7, 27, 4, 27, 0)",5,"{(27, 4, 7)}","{(4, 1, '?', '?')}"
"(7, 27, 9, 24, 0)",1,"{(24, 9, 27, 7)}","{(4, 5, 3, 6)}"
"(7, 27, 9, 27, 0)",3,"{(9, 27, 7)}","{(4, 5, '?', '?')}"
"(7, 27, 9, 9, 0)",1,"{(9, 27, 7)}","{(4, 5, 3, 6)}"
"(7, 4, 12, 12, 0)",2,"{(4, 12, 7)}","{(4, '?', '?', '?')}"
"(7, 4, 12, 27, 0)",4,"{(27, 4, 12, 7)}","{(4, '?', '?', 6)}"
"(7, 4, 20, 12, 0)",5,"{(12, 4, 20, 7)}","{(4, '?', '?', 4)}"
"(7, 4, 20, 22, 0)",2,"{(4, 20, 22, 7)}","{('?', 3, '?', 4)}"
"(7, 4, 22, 12, 0)",3,"{(4, 12, 22, 7)}","{('?', '?', '?', 6)}"
"(7, 4, 22, 27, 0)",7,"{(27, 4, 22, 7)}","{('?', '?', '?', 3)}"
"(7, 4, 22, 4, 0)",9,"{(4, 22, 7)}","{('?', '?', '?', '?')}"
"(7, 4, 22, 9, 0)",6,"{(9, 4, 22, 7)}","{('?', '?', '?', 3)}"
"(7, 4, 23, 22, 0)",11,"{(4, 23, 22, 7)}","{('?', '?', '?', 4)}"
"(7, 4, 27, 12, 0)",6,"{(27, 4, 12, 7)}","{(4, '?', '?', '?')}"
"(7, 4, 27, 15, 0)",3,"{(27, 4, 15, 7)}","{(4, '?', '?', 3)}"
"(7, 4, 27, 27, 0)",6,"{(27, 4, 7)}","{(4, '?', '?', 3)}"
"(7, 6, 1, 20, 0)",2,"{(1, 20, 6, 7)}","{('?', 6, '?', 4)}"
"(7, 6, 10, 16, 0)",1,"{(16, 10, 6, 7)}","{(3, 6, 3, 4)}"
"(7, 6, 10, 27, 0)",1,"{(10, 27, 6, 7)}","{(3, 6, '?', 4)}"
"(7, 6, 16, 13, 0)",3,"{(16, 13, 6, 7)}","{(3, 6, '?', '?')}"
"(7, 6, 16, 15, 0)",1,"{(16, 15, 6, 7)}","{(3, 6, 7, 6)}"
"(7, 6, 16, 16, 0)",3,"{(16, 6, 7)}","{(3, 6, '?', '?')}"
"(7, 6, 20, 27, 0)",2,"{(27, 20, 6, 7)}","{(5, 6, '?', 4)}"
"(7, 6, 27, 15, 0)",8,"{(27, 15, 6, 7)}","{('?', 6, '?', '?')}"
"(7, 6, 27, 27, 0)",9,"{(27, 6, 7)}","{('?', 6, '?', '?')}"
"(9, 19, 8, 4, 0)",1,"{(8, 9, 19, 4)}","{(1, 5, 6, 7)}"
